ISO-10303-21;
HEADER;
FILE_DESCRIPTION(('OpenSCAD Viewer retained AP242 B-rep'),'2;1');
FILE_NAME('model.step','',(''),(''),'OpenSCAD Viewer','OpenSCAD Viewer','');
FILE_SCHEMA(('AP242_MANAGED_MODEL_BASED_3D_ENGINEERING_MIM_LF'));
ENDSEC;
DATA;
#1=CARTESIAN_POINT('',(1.30000000000000000E1,1.70000000000000000E1,1.10000000000000000E1));
#2=VERTEX_POINT('OSCAD_TOPO/3|vertex|v:d3067954d870549101dae47bb73f791e|7c7547e78fcfbb2d32d97f19d882b1049c77ef990db62729dbf714418906fb12',#1);
#3=CARTESIAN_POINT('',(1.30000000000000000E1,1.43227412345866263E1,3.82468564315456661E0));
#4=VERTEX_POINT('OSCAD_TOPO/3|vertex|v:d6c51f1c64d29151363c74cd6918fb0b|8a0a012410accb21fc2be6030c0a16819d742e95ead0377445a083720616f1f0',#3);
#5=CARTESIAN_POINT('',(1.17500000000000000E1,1.54775906502257357E1,3.34633135269820414E0));
#6=VERTEX_POINT('OSCAD_TOPO/3|vertex|v:1fc280439530a81ebce7cc6297b92b93|6ccdebce17dc10342853dee93d9a790f16afaecbdd00fd2e8a2d95d96ad3d941',#5);
#7=CARTESIAN_POINT('',(1.30000000000000000E1,2.00000000000000000E0,1.10000000000000000E1));
#8=VERTEX_POINT('OSCAD_TOPO/3|vertex|v:09b078da8d7b0f4865e5f28ec4a88023|715d7e8d1ef07ba179128bce630f37d995f3e074b9b41e9ba2cd03a9a5c22087',#7);
#9=CARTESIAN_POINT('',(1.30000000000000000E1,1.61939766255643391E0,9.08658283817455015E0));
#10=VERTEX_POINT('OSCAD_TOPO/3|vertex|v:e4186de8770c82c83280e1c64480900e|edf80ed7dda125170cdf570c528b76e3c45e017c256eaf2fc65a10636ed8272b',#9);
#11=CARTESIAN_POINT('',(7.00000000000000000E0,1.70000000000000000E1,1.10000000000000000E1));
#12=VERTEX_POINT('OSCAD_TOPO/3|vertex|v:eeafa1f193a00e53c2ad070631add22a|4e919560bf16c8f46dc6af3d25b401f90e215da1387df67943929f3cd33c99db',#11);
#13=CARTESIAN_POINT('',(7.00000000000000000E0,1.54775906502257357E1,3.34633135269820414E0));
#14=VERTEX_POINT('OSCAD_TOPO/3|vertex|v:3a0bbc543f928c7f34065b3912ceeba9|8a79eeffda5ade8d971663b7597ae286d88028ec237e1d24ca49f5407bfa9676',#13);
#15=CARTESIAN_POINT('',(7.00000000000000000E0,2.00000000000000000E0,1.10000000000000000E1));
#16=VERTEX_POINT('OSCAD_TOPO/3|vertex|v:ca0e371c0e65f05b5b78b9b603713aeb|577220932c195a810987c5078abecdc9dcc76a9ddd4949925c6da82da57a07aa',#15);
#17=CARTESIAN_POINT('',(7.00000000000000000E0,1.61939766255643391E0,9.08658283817455015E0));
#18=VERTEX_POINT('OSCAD_TOPO/3|vertex|v:d9738890326efe9eb70ff04eae195663|193c71045271d3803aa3cce78350d26bf990b7c2db241f964bbb55123db9909b',#17);
#19=CARTESIAN_POINT('',(1.30000000000000000E1,4.17531435684543428E0,-6.32274123458662629E0));
#20=VERTEX_POINT('OSCAD_TOPO/3|vertex|v:f4b3f768adf6abe78b121066b41c2897|fbdcd62f266fc61399432f088adf9895e2ab3d33f4f457abf1e66b785898fe4f',#19);
#21=CARTESIAN_POINT('',(1.17500000000000000E1,4.65366864730179675E0,-7.47759065022573566E0));
#22=VERTEX_POINT('OSCAD_TOPO/3|vertex|v:df2b66b63f725343991b069a97654e43|19d7e1e09140cf74ec174601c1e8db9107d98ddbb44c5b2cf8506b029dcae3f1',#21);
#23=CARTESIAN_POINT('',(1.30000000000000000E1,-1.08658283817455081E0,6.38060233744356609E0));
#24=VERTEX_POINT('OSCAD_TOPO/3|vertex|v:4879d57bacfb025d8356330a491fa625|2c6ade9e3dcdbb8e0b3f1f055acedbb22489f6ece96b9861945b10738f0ab6bd',#23);
#25=CARTESIAN_POINT('',(7.00000000000000000E0,4.65366864730179675E0,-7.47759065022573566E0));
#26=VERTEX_POINT('OSCAD_TOPO/3|vertex|v:7e5cac2d128d77360d385629d4736893|2b942bb05be7759d06c1cc64d10f67e321499b4f22f95a613496d596966b6dcb',#25);
#27=CARTESIAN_POINT('',(7.00000000000000000E0,-1.08658283817455081E0,6.38060233744356609E0));
#28=VERTEX_POINT('OSCAD_TOPO/3|vertex|v:b1af1e6b29ae1e8286315680c7b93ee1|c10a4b7092db08303848fde52218e4510220b709c2ace9261d564d1236206c53',#27);
#29=CARTESIAN_POINT('',(1.30000000000000000E1,-3.00000000000000000E0,-9.00000000000000000E0));
#30=VERTEX_POINT('OSCAD_TOPO/3|vertex|v:84b3caecd36f28456fa30784e9ee28ff|f0f2d554eb8bd08c8fc1ae14929586f75034cba338aaff94e8b9958878268c1f',#29);
#31=CARTESIAN_POINT('',(1.30000000000000000E1,-3.00000000000000000E0,6.00000000000000000E0));
#32=VERTEX_POINT('OSCAD_TOPO/3|vertex|v:eeeeacfb5e7c735b5b1a49455232d113|3365c7ac5c32018ee62d7e463365bcf34ef4addcdad9f9752570a9714ea69dbb',#31);
#33=CARTESIAN_POINT('',(7.00000000000000000E0,-3.00000000000000000E0,-9.00000000000000000E0));
#34=VERTEX_POINT('OSCAD_TOPO/3|vertex|v:2e93c68df56bb8872ea1c7f49a6295d0|03da30758d82c90fde3c9341534afe9f045a46ebfe7ec98d78529e955f532a8d',#33);
#35=CARTESIAN_POINT('',(7.00000000000000000E0,-3.00000000000000000E0,6.00000000000000000E0));
#36=VERTEX_POINT('OSCAD_TOPO/3|vertex|v:66354ba7ccd501c81a60daf738ea5514|a25ebed53575c0c7cf34f8b1b5005425d23eff079caa5bf86bea36ada977f9d1',#35);
#37=CARTESIAN_POINT('',(1.30000000000000000E1,-8.00000000000000000E0,1.10000000000000000E1));
#38=VERTEX_POINT('OSCAD_TOPO/3|vertex|v:50fb88e6afc1b68e641cd895da922074|056caf4ba92d62a4336cf9f3abd3e4656a341368ccbbe2e27cbfa3e4aeb8704c',#37);
#39=CARTESIAN_POINT('',(1.30000000000000000E1,-2.30000000000000000E1,1.10000000000000000E1));
#40=VERTEX_POINT('OSCAD_TOPO/3|vertex|v:9a110acbdcd910a1b51d07a3d13c4eee|0933678049cb37d7177bd4371236e80195cac947642788ab3df00d471642ee9b',#39);
#41=CARTESIAN_POINT('',(7.00000000000000000E0,-2.30000000000000000E1,1.10000000000000000E1));
#42=VERTEX_POINT('OSCAD_TOPO/3|vertex|v:8a63d87e0063351fc3a877852e3c4190|834ac0ccf3a7440e36e43cf627801dc1a4f38c4490b5c855563234db06594610',#41);
#43=CARTESIAN_POINT('',(7.00000000000000000E0,-8.00000000000000000E0,1.10000000000000000E1));
#44=VERTEX_POINT('OSCAD_TOPO/3|vertex|v:1fc9e0968879ec46488bdee4304e51d6|4fcf1e777c7ae6b1abb90e28cf1b43fe85abe67edd8a98218055dc26a0bef58f',#43);
#45=CARTESIAN_POINT('',(1.30000000000000000E1,-3.00000000000000000E0,1.60000000000000000E1));
#46=VERTEX_POINT('OSCAD_TOPO/3|vertex|v:20d12629482d8ebda5e6ac95715b32a2|66bdca668c5631c88d01a1536bdb0346ccd8e76d21acfe3df4626f3347ac5dcc',#45);
#47=CARTESIAN_POINT('',(1.30000000000000000E1,-3.00000000000000000E0,3.10000000000000000E1));
#48=VERTEX_POINT('OSCAD_TOPO/3|vertex|v:3bc1fc3243b4aac31d133d98b0b4fbae|88a6b35e6205223950785b485956b03f40e4663de9121ebc709a4d5fcd6e17fd',#47);
#49=CARTESIAN_POINT('',(7.00000000000000000E0,-3.00000000000000000E0,3.10000000000000000E1));
#50=VERTEX_POINT('OSCAD_TOPO/3|vertex|v:3d9774850fd962e522513344b828956e|e473e5238fbb8be72f8cf57aa492862d2a48632018c2b97f949205feb45e1fd1',#49);
#51=CARTESIAN_POINT('',(7.00000000000000000E0,-3.00000000000000000E0,1.60000000000000000E1));
#52=VERTEX_POINT('OSCAD_TOPO/3|vertex|v:52a7adc63afa2c0e5f005639cb9e2d10|d65b9c3d87cfd88dae296d2c5cf68342d31af9e05e082ded1c1fae70bcf48621',#51);
#53=CARTESIAN_POINT('',(1.30000000000000000E1,1.70000000000000000E1,1.10000000000000000E1));
#54=CARTESIAN_POINT('',(1.30000000000000000E1,1.70000000000000000E1,1.10000000000000000E1));
#55=CARTESIAN_POINT('',(1.30000000000000000E1,1.70000000000000000E1,1.10000000000000000E1));
#56=CARTESIAN_POINT('',(1.30000000000000000E1,1.70000000000000000E1,9.42718897473933737E0));
#57=CARTESIAN_POINT('',(1.30000000000000000E1,1.69999999999999964E1,9.42718897473933737E0));
#58=CARTESIAN_POINT('',(1.30000000000000000E1,1.70000000000000000E1,9.42718897473933737E0));
#59=CARTESIAN_POINT('',(1.30000000000000000E1,1.64666096979690764E1,7.85731781691847608E0));
#60=CARTESIAN_POINT('',(1.30000000000000000E1,1.68459834339445713E1,7.85731781691847608E0));
#61=CARTESIAN_POINT('',(1.26206262640245122E1,1.68459834339445678E1,7.85731781691847608E0));
#62=CARTESIAN_POINT('',(1.30000000000000000E1,1.56673240378091876E1,6.45675497560613110E0));
#63=CARTESIAN_POINT('',(1.30000000000000000E1,1.65379503018336997E1,6.30873068697429140E0));
#64=CARTESIAN_POINT('',(1.21293737359754896E1,1.65379503018336962E1,6.30873068697429140E0));
#65=CARTESIAN_POINT('',(1.30000000000000000E1,1.48870119110945076E1,5.18695556322933449E0));
#66=CARTESIAN_POINT('',(1.30000000000000000E1,1.60794793718341396E1,4.79941926744462410E0));
#67=CARTESIAN_POINT('',(1.17500000000000000E1,1.60794793718341396E1,4.79941926744462410E0));
#68=CARTESIAN_POINT('',(1.30000000000000000E1,1.43227412345866263E1,3.82468564315456661E0));
#69=CARTESIAN_POINT('',(1.30000000000000000E1,1.54775906502257357E1,3.34633135269820414E0));
#70=CARTESIAN_POINT('',(1.17500000000000000E1,1.54775906502257357E1,3.34633135269820414E0));
#71=(BOUNDED_SURFACE()B_SPLINE_SURFACE(5,2,((#53,#54,#55),(#56,#57,#58),(#59,#60,#61),(#62,#63,#64),(#65,#66,#67),(#68,#69,#70)),.UNSPECIFIED.,.F.,.F.,.F.)B_SPLINE_SURFACE_WITH_KNOTS((6,6),(3,3),(0.00000000000000000E0,1.00000000000000000E0),(0.00000000000000000E0,1.00000000000000000E0),.UNSPECIFIED.)GEOMETRIC_REPRESENTATION_ITEM()RATIONAL_B_SPLINE_SURFACE(((1.00000000000000000E0,7.07106781186547573E-1,1.00000000000000000E0),(9.92314112161292172E-1,7.01672037776358115E-1,9.92314112161292172E-1),(9.88471168241938147E-1,6.98954666071263220E-1,9.88471168241938147E-1),(9.88471168241938258E-1,6.98954666071263331E-1,9.88471168241938258E-1),(9.92314112161292172E-1,7.01672037776358115E-1,9.92314112161292172E-1),(1.00000000000000000E0,7.07106781186547573E-1,1.00000000000000000E0)))REPRESENTATION_ITEM('')SURFACE());
#72=CARTESIAN_POINT('',(1.30000000000000000E1,-2.30000000000000000E1,-9.00000000000000000E0));
#73=CARTESIAN_POINT('',(1.30000000000000000E1,-2.30000000000000000E1,3.10000000000000000E1));
#74=CARTESIAN_POINT('',(1.30000000000000000E1,1.70000000000000000E1,-9.00000000000000000E0));
#75=CARTESIAN_POINT('',(1.30000000000000000E1,1.70000000000000000E1,3.10000000000000000E1));
#76=B_SPLINE_SURFACE_WITH_KNOTS('',1,1,((#72,#73),(#74,#75)),.UNSPECIFIED.,.F.,.F.,.F.,(2,2),(2,2),(0.00000000000000000E0,1.00000000000000000E0),(0.00000000000000000E0,1.00000000000000000E0),.UNSPECIFIED.);
#77=CARTESIAN_POINT('',(7.00000000000000000E0,1.54775906502257357E1,3.34633135269820414E0));
#78=CARTESIAN_POINT('',(1.30000000000000000E1,1.54775906502257357E1,3.34633135269820414E0));
#79=CARTESIAN_POINT('',(7.00000000000000000E0,1.60794793718341396E1,4.79941926744462410E0));
#80=CARTESIAN_POINT('',(1.30000000000000000E1,1.60794793718341396E1,4.79941926744462410E0));
#81=CARTESIAN_POINT('',(7.00000000000000000E0,1.65379503018336962E1,6.30873068697429140E0));
#82=CARTESIAN_POINT('',(1.30000000000000000E1,1.65379503018336962E1,6.30873068697429140E0));
#83=CARTESIAN_POINT('',(7.00000000000000000E0,1.68459834339445678E1,7.85731781691847608E0));
#84=CARTESIAN_POINT('',(1.30000000000000000E1,1.68459834339445678E1,7.85731781691847608E0));
#85=CARTESIAN_POINT('',(7.00000000000000000E0,1.70000000000000000E1,9.42718897473933737E0));
#86=CARTESIAN_POINT('',(1.30000000000000000E1,1.70000000000000000E1,9.42718897473933737E0));
#87=CARTESIAN_POINT('',(7.00000000000000000E0,1.70000000000000000E1,1.10000000000000000E1));
#88=CARTESIAN_POINT('',(1.30000000000000000E1,1.70000000000000000E1,1.10000000000000000E1));
#89=(BOUNDED_SURFACE()B_SPLINE_SURFACE(5,1,((#77,#78),(#79,#80),(#81,#82),(#83,#84),(#85,#86),(#87,#88)),.UNSPECIFIED.,.F.,.F.,.F.)B_SPLINE_SURFACE_WITH_KNOTS((6,6),(2,2),(0.00000000000000000E0,1.00000000000000000E0),(0.00000000000000000E0,1.00000000000000000E0),.UNSPECIFIED.)GEOMETRIC_REPRESENTATION_ITEM()RATIONAL_B_SPLINE_SURFACE(((1.00000000000000000E0,1.00000000000000000E0),(9.92314112161292172E-1,9.92314112161292172E-1),(9.88471168241938258E-1,9.88471168241938258E-1),(9.88471168241938147E-1,9.88471168241938147E-1),(9.92314112161292172E-1,9.92314112161292172E-1),(1.00000000000000000E0,1.00000000000000000E0)))REPRESENTATION_ITEM('')SURFACE());
#90=CARTESIAN_POINT('',(7.00000000000000000E0,2.00000000000000000E0,1.10000000000000000E1));
#91=CARTESIAN_POINT('',(1.30000000000000000E1,2.00000000000000000E0,1.10000000000000000E1));
#92=CARTESIAN_POINT('',(7.00000000000000000E0,2.00000000000000000E0,1.06067972436848343E1));
#93=CARTESIAN_POINT('',(1.30000000000000000E1,2.00000000000000000E0,1.06067972436848343E1));
#94=CARTESIAN_POINT('',(7.00000000000000000E0,1.96149585848614194E0,1.02143294542296186E1));
#95=CARTESIAN_POINT('',(1.30000000000000000E1,1.96149585848614194E0,1.02143294542296186E1));
#96=CARTESIAN_POINT('',(7.00000000000000000E0,1.88448757545842405E0,9.82718267174357329E0));
#97=CARTESIAN_POINT('',(1.30000000000000000E1,1.88448757545842405E0,9.82718267174357329E0));
#98=CARTESIAN_POINT('',(7.00000000000000000E0,1.76986984295853489E0,9.44985481686115669E0));
#99=CARTESIAN_POINT('',(1.30000000000000000E1,1.76986984295853489E0,9.44985481686115669E0));
#100=CARTESIAN_POINT('',(7.00000000000000000E0,1.61939766255643391E0,9.08658283817455015E0));
#101=CARTESIAN_POINT('',(1.30000000000000000E1,1.61939766255643391E0,9.08658283817455015E0));
#102=(BOUNDED_SURFACE()B_SPLINE_SURFACE(5,1,((#90,#91),(#92,#93),(#94,#95),(#96,#97),(#98,#99),(#100,#101)),.UNSPECIFIED.,.F.,.F.,.F.)B_SPLINE_SURFACE_WITH_KNOTS((6,6),(2,2),(0.00000000000000000E0,1.00000000000000000E0),(0.00000000000000000E0,1.00000000000000000E0),.UNSPECIFIED.)GEOMETRIC_REPRESENTATION_ITEM()RATIONAL_B_SPLINE_SURFACE(((1.00000000000000000E0,1.00000000000000000E0),(9.92314112161292172E-1,9.92314112161292172E-1),(9.88471168241938147E-1,9.88471168241938147E-1),(9.88471168241938258E-1,9.88471168241938258E-1),(9.92314112161292172E-1,9.92314112161292172E-1),(1.00000000000000000E0,1.00000000000000000E0)))REPRESENTATION_ITEM('')SURFACE());
#103=CARTESIAN_POINT('',(7.00000000000000000E0,1.70000000000000000E1,-9.00000000000000000E0));
#104=CARTESIAN_POINT('',(7.00000000000000000E0,1.70000000000000000E1,3.10000000000000000E1));
#105=CARTESIAN_POINT('',(7.00000000000000000E0,-2.30000000000000000E1,-9.00000000000000000E0));
#106=CARTESIAN_POINT('',(7.00000000000000000E0,-2.30000000000000000E1,3.10000000000000000E1));
#107=B_SPLINE_SURFACE_WITH_KNOTS('',1,1,((#103,#104),(#105,#106)),.UNSPECIFIED.,.F.,.F.,.F.,(2,2),(2,2),(0.00000000000000000E0,1.00000000000000000E0),(0.00000000000000000E0,1.00000000000000000E0),.UNSPECIFIED.);
#108=CARTESIAN_POINT('',(1.30000000000000000E1,1.43227412345866263E1,3.82468564315456661E0));
#109=CARTESIAN_POINT('',(1.30000000000000000E1,1.54775906502257357E1,3.34633135269820414E0));
#110=CARTESIAN_POINT('',(1.17500000000000000E1,1.54775906502257357E1,3.34633135269820414E0));
#111=CARTESIAN_POINT('',(1.30000000000000000E1,1.13506287136908668E1,-3.35062871369086501E0));
#112=CARTESIAN_POINT('',(1.30000000000000000E1,1.23073372946035917E1,-4.30733729460358816E0));
#113=CARTESIAN_POINT('',(1.17500000000000000E1,1.23073372946035917E1,-4.30733729460358816E0));
#114=CARTESIAN_POINT('',(1.30000000000000000E1,4.17531435684543428E0,-6.32274123458662629E0));
#115=CARTESIAN_POINT('',(1.30000000000000000E1,4.65366864730179675E0,-7.47759065022573566E0));
#116=CARTESIAN_POINT('',(1.17500000000000000E1,4.65366864730179675E0,-7.47759065022573566E0));
#117=(BOUNDED_SURFACE()B_SPLINE_SURFACE(2,2,((#108,#109,#110),(#111,#112,#113),(#114,#115,#116)),.UNSPECIFIED.,.F.,.F.,.F.)B_SPLINE_SURFACE_WITH_KNOTS((3,3),(3,3),(0.00000000000000000E0,1.00000000000000000E0),(0.00000000000000000E0,1.00000000000000000E0),.UNSPECIFIED.)GEOMETRIC_REPRESENTATION_ITEM()RATIONAL_B_SPLINE_SURFACE(((1.00000000000000000E0,7.07106781186547573E-1,1.00000000000000000E0),(9.23879532511286738E-1,6.53281482438188288E-1,9.23879532511286738E-1),(1.00000000000000000E0,7.07106781186547573E-1,1.00000000000000000E0)))REPRESENTATION_ITEM('')SURFACE());
#118=CARTESIAN_POINT('',(7.00000000000000000E0,4.65366864730179675E0,-7.47759065022573566E0));
#119=CARTESIAN_POINT('',(1.30000000000000000E1,4.65366864730179675E0,-7.47759065022573566E0));
#120=CARTESIAN_POINT('',(7.00000000000000000E0,1.23073372946035917E1,-4.30733729460358994E0));
#121=CARTESIAN_POINT('',(1.30000000000000000E1,1.23073372946035917E1,-4.30733729460358994E0));
#122=CARTESIAN_POINT('',(7.00000000000000000E0,1.54775906502257357E1,3.34633135269820414E0));
#123=CARTESIAN_POINT('',(1.30000000000000000E1,1.54775906502257357E1,3.34633135269820414E0));
#124=(BOUNDED_SURFACE()B_SPLINE_SURFACE(2,1,((#118,#119),(#120,#121),(#122,#123)),.UNSPECIFIED.,.F.,.F.,.F.)B_SPLINE_SURFACE_WITH_KNOTS((3,3),(2,2),(0.00000000000000000E0,1.00000000000000000E0),(0.00000000000000000E0,1.00000000000000000E0),.UNSPECIFIED.)GEOMETRIC_REPRESENTATION_ITEM()RATIONAL_B_SPLINE_SURFACE(((1.00000000000000000E0,1.00000000000000000E0),(9.23879532511286738E-1,9.23879532511286738E-1),(1.00000000000000000E0,1.00000000000000000E0)))REPRESENTATION_ITEM('')SURFACE());
#125=CARTESIAN_POINT('',(7.00000000000000000E0,1.61939766255643391E0,9.08658283817455015E0));
#126=CARTESIAN_POINT('',(1.30000000000000000E1,1.61939766255643391E0,9.08658283817455015E0));
#127=CARTESIAN_POINT('',(7.00000000000000000E0,8.26834323650898373E-1,7.17316567634910207E0));
#128=CARTESIAN_POINT('',(1.30000000000000000E1,8.26834323650898373E-1,7.17316567634910207E0));
#129=CARTESIAN_POINT('',(7.00000000000000000E0,-1.08658283817455081E0,6.38060233744356609E0));
#130=CARTESIAN_POINT('',(1.30000000000000000E1,-1.08658283817455081E0,6.38060233744356609E0));
#131=(BOUNDED_SURFACE()B_SPLINE_SURFACE(2,1,((#125,#126),(#127,#128),(#129,#130)),.UNSPECIFIED.,.F.,.F.,.F.)B_SPLINE_SURFACE_WITH_KNOTS((3,3),(2,2),(0.00000000000000000E0,1.00000000000000000E0),(0.00000000000000000E0,1.00000000000000000E0),.UNSPECIFIED.)GEOMETRIC_REPRESENTATION_ITEM()RATIONAL_B_SPLINE_SURFACE(((1.00000000000000000E0,1.00000000000000000E0),(9.23879532511286738E-1,9.23879532511286738E-1),(1.00000000000000000E0,1.00000000000000000E0)))REPRESENTATION_ITEM('')SURFACE());
#132=CARTESIAN_POINT('',(1.30000000000000000E1,4.17531435684543428E0,-6.32274123458662629E0));
#133=CARTESIAN_POINT('',(1.30000000000000000E1,4.65366864730179675E0,-7.47759065022573566E0));
#134=CARTESIAN_POINT('',(1.17500000000000000E1,4.65366864730179675E0,-7.47759065022573566E0));
#135=CARTESIAN_POINT('',(1.30000000000000000E1,2.81304443677066640E0,-6.88701191109450761E0));
#136=CARTESIAN_POINT('',(1.30000000000000000E1,3.20058073255537767E0,-8.07947937183413956E0));
#137=CARTESIAN_POINT('',(1.17500000000000000E1,3.20058073255537678E0,-8.07947937183413956E0));
#138=CARTESIAN_POINT('',(1.30000000000000000E1,1.54324502439387157E0,-7.66732403780918759E0));
#139=CARTESIAN_POINT('',(1.30000000000000000E1,1.69126931302571037E0,-8.53795030183370329E0));
#140=CARTESIAN_POINT('',(1.21293737359754878E1,1.69126931302571037E0,-8.53795030183369974E0));
#141=CARTESIAN_POINT('',(1.30000000000000000E1,1.42682183081524361E-1,-8.46660969796907636E0));
#142=CARTESIAN_POINT('',(1.30000000000000000E1,1.42682183081524805E-1,-8.84598343394456776E0));
#143=CARTESIAN_POINT('',(1.26206262640245104E1,1.42682183081524361E-1,-8.84598343394456421E0));
#144=CARTESIAN_POINT('',(1.30000000000000000E1,-1.42718897473933692E0,-9.00000000000000000E0));
#145=CARTESIAN_POINT('',(1.30000000000000000E1,-1.42718897473933670E0,-8.99999999999999645E0));
#146=CARTESIAN_POINT('',(1.30000000000000000E1,-1.42718897473933692E0,-9.00000000000000000E0));
#147=CARTESIAN_POINT('',(1.30000000000000000E1,-3.00000000000000000E0,-9.00000000000000000E0));
#148=CARTESIAN_POINT('',(1.30000000000000000E1,-3.00000000000000000E0,-9.00000000000000000E0));
#149=CARTESIAN_POINT('',(1.30000000000000000E1,-3.00000000000000000E0,-9.00000000000000000E0));
#150=(BOUNDED_SURFACE()B_SPLINE_SURFACE(5,2,((#132,#133,#134),(#135,#136,#137),(#138,#139,#140),(#141,#142,#143),(#144,#145,#146),(#147,#148,#149)),.UNSPECIFIED.,.F.,.F.,.F.)B_SPLINE_SURFACE_WITH_KNOTS((6,6),(3,3),(0.00000000000000000E0,1.00000000000000000E0),(0.00000000000000000E0,1.00000000000000000E0),.UNSPECIFIED.)GEOMETRIC_REPRESENTATION_ITEM()RATIONAL_B_SPLINE_SURFACE(((1.00000000000000000E0,7.07106781186547573E-1,1.00000000000000000E0),(9.92314112161292172E-1,7.01672037776358115E-1,9.92314112161292172E-1),(9.88471168241938147E-1,6.98954666071263220E-1,9.88471168241938147E-1),(9.88471168241938258E-1,6.98954666071263331E-1,9.88471168241938258E-1),(9.92314112161292172E-1,7.01672037776358115E-1,9.92314112161292172E-1),(1.00000000000000000E0,7.07106781186547573E-1,1.00000000000000000E0)))REPRESENTATION_ITEM('')SURFACE());
#151=CARTESIAN_POINT('',(7.00000000000000000E0,-3.00000000000000000E0,-9.00000000000000000E0));
#152=CARTESIAN_POINT('',(1.30000000000000000E1,-3.00000000000000000E0,-9.00000000000000000E0));
#153=CARTESIAN_POINT('',(7.00000000000000000E0,-1.42718897473933692E0,-9.00000000000000000E0));
#154=CARTESIAN_POINT('',(1.30000000000000000E1,-1.42718897473933692E0,-9.00000000000000000E0));
#155=CARTESIAN_POINT('',(7.00000000000000000E0,1.42682183081524361E-1,-8.84598343394456421E0));
#156=CARTESIAN_POINT('',(1.30000000000000000E1,1.42682183081524361E-1,-8.84598343394456421E0));
#157=CARTESIAN_POINT('',(7.00000000000000000E0,1.69126931302571037E0,-8.53795030183369974E0));
#158=CARTESIAN_POINT('',(1.30000000000000000E1,1.69126931302571037E0,-8.53795030183369974E0));
#159=CARTESIAN_POINT('',(7.00000000000000000E0,3.20058073255537678E0,-8.07947937183413956E0));
#160=CARTESIAN_POINT('',(1.30000000000000000E1,3.20058073255537678E0,-8.07947937183413956E0));
#161=CARTESIAN_POINT('',(7.00000000000000000E0,4.65366864730179675E0,-7.47759065022573566E0));
#162=CARTESIAN_POINT('',(1.30000000000000000E1,4.65366864730179675E0,-7.47759065022573566E0));
#163=(BOUNDED_SURFACE()B_SPLINE_SURFACE(5,1,((#151,#152),(#153,#154),(#155,#156),(#157,#158),(#159,#160),(#161,#162)),.UNSPECIFIED.,.F.,.F.,.F.)B_SPLINE_SURFACE_WITH_KNOTS((6,6),(2,2),(0.00000000000000000E0,1.00000000000000000E0),(0.00000000000000000E0,1.00000000000000000E0),.UNSPECIFIED.)GEOMETRIC_REPRESENTATION_ITEM()RATIONAL_B_SPLINE_SURFACE(((1.00000000000000000E0,1.00000000000000000E0),(9.92314112161292172E-1,9.92314112161292172E-1),(9.88471168241938258E-1,9.88471168241938258E-1),(9.88471168241938147E-1,9.88471168241938147E-1),(9.92314112161292172E-1,9.92314112161292172E-1),(1.00000000000000000E0,1.00000000000000000E0)))REPRESENTATION_ITEM('')SURFACE());
#164=CARTESIAN_POINT('',(7.00000000000000000E0,-1.08658283817455081E0,6.38060233744356609E0));
#165=CARTESIAN_POINT('',(1.30000000000000000E1,-1.08658283817455081E0,6.38060233744356609E0));
#166=CARTESIAN_POINT('',(7.00000000000000000E0,-1.44985481686115580E0,6.23013015704146511E0));
#167=CARTESIAN_POINT('',(1.30000000000000000E1,-1.44985481686115580E0,6.23013015704146511E0));
#168=CARTESIAN_POINT('',(7.00000000000000000E0,-1.82718267174357241E0,6.11551242454157507E0));
#169=CARTESIAN_POINT('',(1.30000000000000000E1,-1.82718267174357241E0,6.11551242454157507E0));
#170=CARTESIAN_POINT('',(7.00000000000000000E0,-2.21432945422961902E0,6.03850414151385895E0));
#171=CARTESIAN_POINT('',(1.30000000000000000E1,-2.21432945422961902E0,6.03850414151385895E0));
#172=CARTESIAN_POINT('',(7.00000000000000000E0,-2.60679724368483434E0,6.00000000000000000E0));
#173=CARTESIAN_POINT('',(1.30000000000000000E1,-2.60679724368483434E0,6.00000000000000000E0));
#174=CARTESIAN_POINT('',(7.00000000000000000E0,-3.00000000000000000E0,6.00000000000000000E0));
#175=CARTESIAN_POINT('',(1.30000000000000000E1,-3.00000000000000000E0,6.00000000000000000E0));
#176=(BOUNDED_SURFACE()B_SPLINE_SURFACE(5,1,((#164,#165),(#166,#167),(#168,#169),(#170,#171),(#172,#173),(#174,#175)),.UNSPECIFIED.,.F.,.F.,.F.)B_SPLINE_SURFACE_WITH_KNOTS((6,6),(2,2),(0.00000000000000000E0,1.00000000000000000E0),(0.00000000000000000E0,1.00000000000000000E0),.UNSPECIFIED.)GEOMETRIC_REPRESENTATION_ITEM()RATIONAL_B_SPLINE_SURFACE(((1.00000000000000000E0,1.00000000000000000E0),(9.92314112161292172E-1,9.92314112161292172E-1),(9.88471168241938147E-1,9.88471168241938147E-1),(9.88471168241938258E-1,9.88471168241938258E-1),(9.92314112161292172E-1,9.92314112161292172E-1),(1.00000000000000000E0,1.00000000000000000E0)))REPRESENTATION_ITEM('')SURFACE());
#177=CARTESIAN_POINT('',(7.00000000000000000E0,-2.30000000000000000E1,1.10000000000000000E1));
#178=CARTESIAN_POINT('',(1.30000000000000000E1,-2.30000000000000000E1,1.10000000000000000E1));
#179=CARTESIAN_POINT('',(7.00000000000000000E0,-2.29999999999999964E1,-9.00000000000000000E0));
#180=CARTESIAN_POINT('',(1.30000000000000000E1,-2.29999999999999964E1,-9.00000000000000000E0));
#181=CARTESIAN_POINT('',(7.00000000000000000E0,-3.00000000000000000E0,-9.00000000000000000E0));
#182=CARTESIAN_POINT('',(1.30000000000000000E1,-3.00000000000000000E0,-9.00000000000000000E0));
#183=(BOUNDED_SURFACE()B_SPLINE_SURFACE(2,1,((#177,#178),(#179,#180),(#181,#182)),.UNSPECIFIED.,.F.,.F.,.F.)B_SPLINE_SURFACE_WITH_KNOTS((3,3),(2,2),(0.00000000000000000E0,1.00000000000000000E0),(0.00000000000000000E0,1.00000000000000000E0),.UNSPECIFIED.)GEOMETRIC_REPRESENTATION_ITEM()RATIONAL_B_SPLINE_SURFACE(((1.00000000000000000E0,1.00000000000000000E0),(7.07106781186547573E-1,7.07106781186547573E-1),(1.00000000000000000E0,1.00000000000000000E0)))REPRESENTATION_ITEM('')SURFACE());
#184=CARTESIAN_POINT('',(7.00000000000000000E0,-3.00000000000000000E0,6.00000000000000000E0));
#185=CARTESIAN_POINT('',(1.30000000000000000E1,-3.00000000000000000E0,6.00000000000000000E0));
#186=CARTESIAN_POINT('',(7.00000000000000000E0,-7.99999999999999911E0,6.00000000000000000E0));
#187=CARTESIAN_POINT('',(1.30000000000000000E1,-7.99999999999999911E0,6.00000000000000000E0));
#188=CARTESIAN_POINT('',(7.00000000000000000E0,-8.00000000000000000E0,1.10000000000000000E1));
#189=CARTESIAN_POINT('',(1.30000000000000000E1,-8.00000000000000000E0,1.10000000000000000E1));
#190=(BOUNDED_SURFACE()B_SPLINE_SURFACE(2,1,((#184,#185),(#186,#187),(#188,#189)),.UNSPECIFIED.,.F.,.F.,.F.)B_SPLINE_SURFACE_WITH_KNOTS((3,3),(2,2),(0.00000000000000000E0,1.00000000000000000E0),(0.00000000000000000E0,1.00000000000000000E0),.UNSPECIFIED.)GEOMETRIC_REPRESENTATION_ITEM()RATIONAL_B_SPLINE_SURFACE(((1.00000000000000000E0,1.00000000000000000E0),(7.07106781186547573E-1,7.07106781186547573E-1),(1.00000000000000000E0,1.00000000000000000E0)))REPRESENTATION_ITEM('')SURFACE());
#191=CARTESIAN_POINT('',(7.00000000000000000E0,-3.00000000000000000E0,3.10000000000000000E1));
#192=CARTESIAN_POINT('',(1.30000000000000000E1,-3.00000000000000000E0,3.10000000000000000E1));
#193=CARTESIAN_POINT('',(7.00000000000000000E0,-2.30000000000000036E1,3.09999999999999964E1));
#194=CARTESIAN_POINT('',(1.30000000000000000E1,-2.30000000000000036E1,3.09999999999999964E1));
#195=CARTESIAN_POINT('',(7.00000000000000000E0,-2.30000000000000000E1,1.10000000000000000E1));
#196=CARTESIAN_POINT('',(1.30000000000000000E1,-2.30000000000000000E1,1.10000000000000000E1));
#197=(BOUNDED_SURFACE()B_SPLINE_SURFACE(2,1,((#191,#192),(#193,#194),(#195,#196)),.UNSPECIFIED.,.F.,.F.,.F.)B_SPLINE_SURFACE_WITH_KNOTS((3,3),(2,2),(0.00000000000000000E0,1.00000000000000000E0),(0.00000000000000000E0,1.00000000000000000E0),.UNSPECIFIED.)GEOMETRIC_REPRESENTATION_ITEM()RATIONAL_B_SPLINE_SURFACE(((1.00000000000000000E0,1.00000000000000000E0),(7.07106781186547573E-1,7.07106781186547573E-1),(1.00000000000000000E0,1.00000000000000000E0)))REPRESENTATION_ITEM('')SURFACE());
#198=CARTESIAN_POINT('',(7.00000000000000000E0,-8.00000000000000000E0,1.10000000000000000E1));
#199=CARTESIAN_POINT('',(1.30000000000000000E1,-8.00000000000000000E0,1.10000000000000000E1));
#200=CARTESIAN_POINT('',(7.00000000000000000E0,-8.00000000000000000E0,1.60000000000000000E1));
#201=CARTESIAN_POINT('',(1.30000000000000000E1,-8.00000000000000000E0,1.60000000000000000E1));
#202=CARTESIAN_POINT('',(7.00000000000000000E0,-3.00000000000000000E0,1.60000000000000000E1));
#203=CARTESIAN_POINT('',(1.30000000000000000E1,-3.00000000000000000E0,1.60000000000000000E1));
#204=(BOUNDED_SURFACE()B_SPLINE_SURFACE(2,1,((#198,#199),(#200,#201),(#202,#203)),.UNSPECIFIED.,.F.,.F.,.F.)B_SPLINE_SURFACE_WITH_KNOTS((3,3),(2,2),(0.00000000000000000E0,1.00000000000000000E0),(0.00000000000000000E0,1.00000000000000000E0),.UNSPECIFIED.)GEOMETRIC_REPRESENTATION_ITEM()RATIONAL_B_SPLINE_SURFACE(((1.00000000000000000E0,1.00000000000000000E0),(7.07106781186547573E-1,7.07106781186547573E-1),(1.00000000000000000E0,1.00000000000000000E0)))REPRESENTATION_ITEM('')SURFACE());
#205=CARTESIAN_POINT('',(7.00000000000000000E0,1.70000000000000000E1,1.10000000000000000E1));
#206=CARTESIAN_POINT('',(1.30000000000000000E1,1.70000000000000000E1,1.10000000000000000E1));
#207=CARTESIAN_POINT('',(7.00000000000000000E0,1.69999999999999929E1,3.10000000000000036E1));
#208=CARTESIAN_POINT('',(1.30000000000000000E1,1.69999999999999929E1,3.10000000000000036E1));
#209=CARTESIAN_POINT('',(7.00000000000000000E0,-3.00000000000000000E0,3.10000000000000000E1));
#210=CARTESIAN_POINT('',(1.30000000000000000E1,-3.00000000000000000E0,3.10000000000000000E1));
#211=(BOUNDED_SURFACE()B_SPLINE_SURFACE(2,1,((#205,#206),(#207,#208),(#209,#210)),.UNSPECIFIED.,.F.,.F.,.F.)B_SPLINE_SURFACE_WITH_KNOTS((3,3),(2,2),(0.00000000000000000E0,1.00000000000000000E0),(0.00000000000000000E0,1.00000000000000000E0),.UNSPECIFIED.)GEOMETRIC_REPRESENTATION_ITEM()RATIONAL_B_SPLINE_SURFACE(((1.00000000000000000E0,1.00000000000000000E0),(7.07106781186547573E-1,7.07106781186547573E-1),(1.00000000000000000E0,1.00000000000000000E0)))REPRESENTATION_ITEM('')SURFACE());
#212=CARTESIAN_POINT('',(7.00000000000000000E0,-3.00000000000000000E0,1.60000000000000000E1));
#213=CARTESIAN_POINT('',(1.30000000000000000E1,-3.00000000000000000E0,1.60000000000000000E1));
#214=CARTESIAN_POINT('',(7.00000000000000000E0,1.99999999999999822E0,1.60000000000000000E1));
#215=CARTESIAN_POINT('',(1.30000000000000000E1,1.99999999999999822E0,1.60000000000000000E1));
#216=CARTESIAN_POINT('',(7.00000000000000000E0,2.00000000000000000E0,1.10000000000000000E1));
#217=CARTESIAN_POINT('',(1.30000000000000000E1,2.00000000000000000E0,1.10000000000000000E1));
#218=(BOUNDED_SURFACE()B_SPLINE_SURFACE(2,1,((#212,#213),(#214,#215),(#216,#217)),.UNSPECIFIED.,.F.,.F.,.F.)B_SPLINE_SURFACE_WITH_KNOTS((3,3),(2,2),(0.00000000000000000E0,1.00000000000000000E0),(0.00000000000000000E0,1.00000000000000000E0),.UNSPECIFIED.)GEOMETRIC_REPRESENTATION_ITEM()RATIONAL_B_SPLINE_SURFACE(((1.00000000000000000E0,1.00000000000000000E0),(7.07106781186547573E-1,7.07106781186547573E-1),(1.00000000000000000E0,1.00000000000000000E0)))REPRESENTATION_ITEM('')SURFACE());
#219=CARTESIAN_POINT('',(1.30000000000000000E1,1.70000000000000000E1,1.10000000000000000E1));
#220=CARTESIAN_POINT('',(1.30000000000000000E1,1.70000000000000000E1,9.42718897473933737E0));
#221=CARTESIAN_POINT('',(1.30000000000000000E1,1.64666096979690764E1,7.85731781691847608E0));
#222=CARTESIAN_POINT('',(1.30000000000000000E1,1.56673240378091876E1,6.45675497560613110E0));
#223=CARTESIAN_POINT('',(1.30000000000000000E1,1.48870119110945076E1,5.18695556322933449E0));
#224=CARTESIAN_POINT('',(1.30000000000000000E1,1.43227412345866263E1,3.82468564315456661E0));
#225=(BOUNDED_CURVE()B_SPLINE_CURVE(5,(#219,#220,#221,#222,#223,#224),.UNSPECIFIED.,.F.,.F.)B_SPLINE_CURVE_WITH_KNOTS((6,6),(0.00000000000000000E0,1.00000000000000000E0),.UNSPECIFIED.)CURVE()GEOMETRIC_REPRESENTATION_ITEM()RATIONAL_B_SPLINE_CURVE((1.00000000000000000E0,9.92314112161292172E-1,9.88471168241938147E-1,9.88471168241938258E-1,9.92314112161292172E-1,1.00000000000000000E0))REPRESENTATION_ITEM(''));
#226=CARTESIAN_POINT('',(1.30000000000000000E1,1.43227412345866263E1,3.82468564315456661E0));
#227=CARTESIAN_POINT('',(1.30000000000000000E1,1.54775906502257357E1,3.34633135269820414E0));
#228=CARTESIAN_POINT('',(1.17500000000000000E1,1.54775906502257357E1,3.34633135269820414E0));
#229=(BOUNDED_CURVE()B_SPLINE_CURVE(2,(#226,#227,#228),.UNSPECIFIED.,.F.,.F.)B_SPLINE_CURVE_WITH_KNOTS((3,3),(0.00000000000000000E0,1.00000000000000000E0),.UNSPECIFIED.)CURVE()GEOMETRIC_REPRESENTATION_ITEM()RATIONAL_B_SPLINE_CURVE((1.00000000000000000E0,7.07106781186547573E-1,1.00000000000000000E0))REPRESENTATION_ITEM(''));
#230=CARTESIAN_POINT('',(1.17500000000000000E1,1.54775906502257357E1,3.34633135269820414E0));
#231=CARTESIAN_POINT('',(1.17500000000000000E1,1.60794793718341396E1,4.79941926744462410E0));
#232=CARTESIAN_POINT('',(1.21293737359754896E1,1.65379503018336962E1,6.30873068697429140E0));
#233=CARTESIAN_POINT('',(1.26206262640245122E1,1.68459834339445678E1,7.85731781691847608E0));
#234=CARTESIAN_POINT('',(1.30000000000000000E1,1.70000000000000000E1,9.42718897473933737E0));
#235=CARTESIAN_POINT('',(1.30000000000000000E1,1.70000000000000000E1,1.10000000000000000E1));
#236=(BOUNDED_CURVE()B_SPLINE_CURVE(5,(#230,#231,#232,#233,#234,#235),.UNSPECIFIED.,.F.,.F.)B_SPLINE_CURVE_WITH_KNOTS((6,6),(0.00000000000000000E0,1.00000000000000000E0),.UNSPECIFIED.)CURVE()GEOMETRIC_REPRESENTATION_ITEM()RATIONAL_B_SPLINE_CURVE((1.00000000000000000E0,9.92314112161292172E-1,9.88471168241938258E-1,9.88471168241938147E-1,9.92314112161292172E-1,1.00000000000000000E0))REPRESENTATION_ITEM(''));
#237=CARTESIAN_POINT('',(1.30000000000000000E1,1.70000000000000000E1,1.10000000000000000E1));
#238=CARTESIAN_POINT('',(1.30000000000000000E1,1.70000000000000000E1,1.10000000000000000E1));
#239=CARTESIAN_POINT('',(1.30000000000000000E1,1.70000000000000000E1,1.10000000000000000E1));
#240=(BOUNDED_CURVE()B_SPLINE_CURVE(2,(#237,#238,#239),.UNSPECIFIED.,.F.,.F.)B_SPLINE_CURVE_WITH_KNOTS((3,3),(0.00000000000000000E0,1.00000000000000000E0),.UNSPECIFIED.)CURVE()GEOMETRIC_REPRESENTATION_ITEM()RATIONAL_B_SPLINE_CURVE((1.00000000000000000E0,7.07106781186547573E-1,1.00000000000000000E0))REPRESENTATION_ITEM(''));
#241=CARTESIAN_POINT('',(1.30000000000000000E1,1.70000000000000000E1,1.10000000000000000E1));
#242=CARTESIAN_POINT('',(1.30000000000000000E1,2.00000000000000000E0,1.10000000000000000E1));
#243=B_SPLINE_CURVE_WITH_KNOTS('',1,(#241,#242),.UNSPECIFIED.,.F.,.F.,(2,2),(0.00000000000000000E0,1.00000000000000000E0),.UNSPECIFIED.);
#244=CARTESIAN_POINT('',(1.30000000000000000E1,2.00000000000000000E0,1.10000000000000000E1));
#245=CARTESIAN_POINT('',(1.30000000000000000E1,2.00000000000000000E0,1.06067972436848343E1));
#246=CARTESIAN_POINT('',(1.30000000000000000E1,1.96149585848614194E0,1.02143294542296186E1));
#247=CARTESIAN_POINT('',(1.30000000000000000E1,1.88448757545842405E0,9.82718267174357329E0));
#248=CARTESIAN_POINT('',(1.30000000000000000E1,1.76986984295853489E0,9.44985481686115669E0));
#249=CARTESIAN_POINT('',(1.30000000000000000E1,1.61939766255643391E0,9.08658283817455015E0));
#250=(BOUNDED_CURVE()B_SPLINE_CURVE(5,(#244,#245,#246,#247,#248,#249),.UNSPECIFIED.,.F.,.F.)B_SPLINE_CURVE_WITH_KNOTS((6,6),(0.00000000000000000E0,1.00000000000000000E0),.UNSPECIFIED.)CURVE()GEOMETRIC_REPRESENTATION_ITEM()RATIONAL_B_SPLINE_CURVE((1.00000000000000000E0,9.92314112161292172E-1,9.88471168241938147E-1,9.88471168241938258E-1,9.92314112161292172E-1,1.00000000000000000E0))REPRESENTATION_ITEM(''));
#251=CARTESIAN_POINT('',(1.30000000000000000E1,1.61939766255643391E0,9.08658283817455015E0));
#252=CARTESIAN_POINT('',(1.30000000000000000E1,1.43227412345866263E1,3.82468564315456661E0));
#253=B_SPLINE_CURVE_WITH_KNOTS('',1,(#251,#252),.UNSPECIFIED.,.F.,.F.,(2,2),(0.00000000000000000E0,1.00000000000000000E0),.UNSPECIFIED.);
#254=CARTESIAN_POINT('',(7.00000000000000000E0,1.70000000000000000E1,1.10000000000000000E1));
#255=CARTESIAN_POINT('',(7.00000000000000000E0,1.70000000000000000E1,9.42718897473933737E0));
#256=CARTESIAN_POINT('',(7.00000000000000000E0,1.68459834339445678E1,7.85731781691847608E0));
#257=CARTESIAN_POINT('',(7.00000000000000000E0,1.65379503018336962E1,6.30873068697429140E0));
#258=CARTESIAN_POINT('',(7.00000000000000000E0,1.60794793718341396E1,4.79941926744462410E0));
#259=CARTESIAN_POINT('',(7.00000000000000000E0,1.54775906502257357E1,3.34633135269820414E0));
#260=(BOUNDED_CURVE()B_SPLINE_CURVE(5,(#254,#255,#256,#257,#258,#259),.UNSPECIFIED.,.F.,.F.)B_SPLINE_CURVE_WITH_KNOTS((6,6),(0.00000000000000000E0,1.00000000000000000E0),.UNSPECIFIED.)CURVE()GEOMETRIC_REPRESENTATION_ITEM()RATIONAL_B_SPLINE_CURVE((1.00000000000000000E0,9.92314112161292172E-1,9.88471168241938147E-1,9.88471168241938258E-1,9.92314112161292172E-1,1.00000000000000000E0))REPRESENTATION_ITEM(''));
#261=CARTESIAN_POINT('',(7.00000000000000000E0,1.54775906502257357E1,3.34633135269820414E0));
#262=CARTESIAN_POINT('',(1.17500000000000000E1,1.54775906502257357E1,3.34633135269820414E0));
#263=B_SPLINE_CURVE_WITH_KNOTS('',1,(#261,#262),.UNSPECIFIED.,.F.,.F.,(2,2),(0.00000000000000000E0,1.00000000000000000E0),.UNSPECIFIED.);
#264=CARTESIAN_POINT('',(1.30000000000000000E1,1.70000000000000000E1,1.10000000000000000E1));
#265=CARTESIAN_POINT('',(7.00000000000000000E0,1.70000000000000000E1,1.10000000000000000E1));
#266=B_SPLINE_CURVE_WITH_KNOTS('',1,(#264,#265),.UNSPECIFIED.,.F.,.F.,(2,2),(0.00000000000000000E0,1.00000000000000000E0),.UNSPECIFIED.);
#267=CARTESIAN_POINT('',(7.00000000000000000E0,2.00000000000000000E0,1.10000000000000000E1));
#268=CARTESIAN_POINT('',(7.00000000000000000E0,2.00000000000000000E0,1.06067972436848343E1));
#269=CARTESIAN_POINT('',(7.00000000000000000E0,1.96149585848614194E0,1.02143294542296186E1));
#270=CARTESIAN_POINT('',(7.00000000000000000E0,1.88448757545842405E0,9.82718267174357329E0));
#271=CARTESIAN_POINT('',(7.00000000000000000E0,1.76986984295853489E0,9.44985481686115669E0));
#272=CARTESIAN_POINT('',(7.00000000000000000E0,1.61939766255643391E0,9.08658283817455015E0));
#273=(BOUNDED_CURVE()B_SPLINE_CURVE(5,(#267,#268,#269,#270,#271,#272),.UNSPECIFIED.,.F.,.F.)B_SPLINE_CURVE_WITH_KNOTS((6,6),(0.00000000000000000E0,1.00000000000000000E0),.UNSPECIFIED.)CURVE()GEOMETRIC_REPRESENTATION_ITEM()RATIONAL_B_SPLINE_CURVE((1.00000000000000000E0,9.92314112161292172E-1,9.88471168241938147E-1,9.88471168241938258E-1,9.92314112161292172E-1,1.00000000000000000E0))REPRESENTATION_ITEM(''));
#274=CARTESIAN_POINT('',(7.00000000000000000E0,1.61939766255643391E0,9.08658283817455015E0));
#275=CARTESIAN_POINT('',(1.30000000000000000E1,1.61939766255643391E0,9.08658283817455015E0));
#276=B_SPLINE_CURVE_WITH_KNOTS('',1,(#274,#275),.UNSPECIFIED.,.F.,.F.,(2,2),(0.00000000000000000E0,1.00000000000000000E0),.UNSPECIFIED.);
#277=CARTESIAN_POINT('',(1.30000000000000000E1,2.00000000000000000E0,1.10000000000000000E1));
#278=CARTESIAN_POINT('',(7.00000000000000000E0,2.00000000000000000E0,1.10000000000000000E1));
#279=B_SPLINE_CURVE_WITH_KNOTS('',1,(#277,#278),.UNSPECIFIED.,.F.,.F.,(2,2),(0.00000000000000000E0,1.00000000000000000E0),.UNSPECIFIED.);
#280=CARTESIAN_POINT('',(7.00000000000000000E0,1.70000000000000000E1,1.10000000000000000E1));
#281=CARTESIAN_POINT('',(7.00000000000000000E0,2.00000000000000000E0,1.10000000000000000E1));
#282=B_SPLINE_CURVE_WITH_KNOTS('',1,(#280,#281),.UNSPECIFIED.,.F.,.F.,(2,2),(0.00000000000000000E0,1.00000000000000000E0),.UNSPECIFIED.);
#283=CARTESIAN_POINT('',(7.00000000000000000E0,1.61939766255643391E0,9.08658283817455015E0));
#284=CARTESIAN_POINT('',(7.00000000000000000E0,1.54775906502257357E1,3.34633135269820414E0));
#285=B_SPLINE_CURVE_WITH_KNOTS('',1,(#283,#284),.UNSPECIFIED.,.F.,.F.,(2,2),(0.00000000000000000E0,1.00000000000000000E0),.UNSPECIFIED.);
#286=CARTESIAN_POINT('',(1.30000000000000000E1,1.43227412345866263E1,3.82468564315456661E0));
#287=CARTESIAN_POINT('',(1.30000000000000000E1,1.13506287136908668E1,-3.35062871369086501E0));
#288=CARTESIAN_POINT('',(1.30000000000000000E1,4.17531435684543428E0,-6.32274123458662629E0));
#289=(BOUNDED_CURVE()B_SPLINE_CURVE(2,(#286,#287,#288),.UNSPECIFIED.,.F.,.F.)B_SPLINE_CURVE_WITH_KNOTS((3,3),(0.00000000000000000E0,1.00000000000000000E0),.UNSPECIFIED.)CURVE()GEOMETRIC_REPRESENTATION_ITEM()RATIONAL_B_SPLINE_CURVE((1.00000000000000000E0,9.23879532511286738E-1,1.00000000000000000E0))REPRESENTATION_ITEM(''));
#290=CARTESIAN_POINT('',(1.30000000000000000E1,4.17531435684543428E0,-6.32274123458662629E0));
#291=CARTESIAN_POINT('',(1.30000000000000000E1,4.65366864730179675E0,-7.47759065022573566E0));
#292=CARTESIAN_POINT('',(1.17500000000000000E1,4.65366864730179675E0,-7.47759065022573566E0));
#293=(BOUNDED_CURVE()B_SPLINE_CURVE(2,(#290,#291,#292),.UNSPECIFIED.,.F.,.F.)B_SPLINE_CURVE_WITH_KNOTS((3,3),(0.00000000000000000E0,1.00000000000000000E0),.UNSPECIFIED.)CURVE()GEOMETRIC_REPRESENTATION_ITEM()RATIONAL_B_SPLINE_CURVE((1.00000000000000000E0,7.07106781186547573E-1,1.00000000000000000E0))REPRESENTATION_ITEM(''));
#294=CARTESIAN_POINT('',(1.17500000000000000E1,4.65366864730179675E0,-7.47759065022573566E0));
#295=CARTESIAN_POINT('',(1.17500000000000000E1,1.23073372946035917E1,-4.30733729460358994E0));
#296=CARTESIAN_POINT('',(1.17500000000000000E1,1.54775906502257357E1,3.34633135269820414E0));
#297=(BOUNDED_CURVE()B_SPLINE_CURVE(2,(#294,#295,#296),.UNSPECIFIED.,.F.,.F.)B_SPLINE_CURVE_WITH_KNOTS((3,3),(0.00000000000000000E0,1.00000000000000000E0),.UNSPECIFIED.)CURVE()GEOMETRIC_REPRESENTATION_ITEM()RATIONAL_B_SPLINE_CURVE((1.00000000000000000E0,9.23879532511286738E-1,1.00000000000000000E0))REPRESENTATION_ITEM(''));
#298=CARTESIAN_POINT('',(1.30000000000000000E1,1.61939766255643391E0,9.08658283817455015E0));
#299=CARTESIAN_POINT('',(1.30000000000000000E1,8.26834323650898373E-1,7.17316567634910207E0));
#300=CARTESIAN_POINT('',(1.30000000000000000E1,-1.08658283817455081E0,6.38060233744356609E0));
#301=(BOUNDED_CURVE()B_SPLINE_CURVE(2,(#298,#299,#300),.UNSPECIFIED.,.F.,.F.)B_SPLINE_CURVE_WITH_KNOTS((3,3),(0.00000000000000000E0,1.00000000000000000E0),.UNSPECIFIED.)CURVE()GEOMETRIC_REPRESENTATION_ITEM()RATIONAL_B_SPLINE_CURVE((1.00000000000000000E0,9.23879532511286738E-1,1.00000000000000000E0))REPRESENTATION_ITEM(''));
#302=CARTESIAN_POINT('',(1.30000000000000000E1,-1.08658283817455081E0,6.38060233744356609E0));
#303=CARTESIAN_POINT('',(1.30000000000000000E1,4.17531435684543428E0,-6.32274123458662629E0));
#304=B_SPLINE_CURVE_WITH_KNOTS('',1,(#302,#303),.UNSPECIFIED.,.F.,.F.,(2,2),(0.00000000000000000E0,1.00000000000000000E0),.UNSPECIFIED.);
#305=CARTESIAN_POINT('',(7.00000000000000000E0,1.54775906502257357E1,3.34633135269820414E0));
#306=CARTESIAN_POINT('',(7.00000000000000000E0,1.23073372946035917E1,-4.30733729460358994E0));
#307=CARTESIAN_POINT('',(7.00000000000000000E0,4.65366864730179675E0,-7.47759065022573566E0));
#308=(BOUNDED_CURVE()B_SPLINE_CURVE(2,(#305,#306,#307),.UNSPECIFIED.,.F.,.F.)B_SPLINE_CURVE_WITH_KNOTS((3,3),(0.00000000000000000E0,1.00000000000000000E0),.UNSPECIFIED.)CURVE()GEOMETRIC_REPRESENTATION_ITEM()RATIONAL_B_SPLINE_CURVE((1.00000000000000000E0,9.23879532511286738E-1,1.00000000000000000E0))REPRESENTATION_ITEM(''));
#309=CARTESIAN_POINT('',(7.00000000000000000E0,4.65366864730179675E0,-7.47759065022573566E0));
#310=CARTESIAN_POINT('',(1.17500000000000000E1,4.65366864730179675E0,-7.47759065022573566E0));
#311=B_SPLINE_CURVE_WITH_KNOTS('',1,(#309,#310),.UNSPECIFIED.,.F.,.F.,(2,2),(0.00000000000000000E0,1.00000000000000000E0),.UNSPECIFIED.);
#312=CARTESIAN_POINT('',(7.00000000000000000E0,1.61939766255643391E0,9.08658283817455015E0));
#313=CARTESIAN_POINT('',(7.00000000000000000E0,8.26834323650898373E-1,7.17316567634910207E0));
#314=CARTESIAN_POINT('',(7.00000000000000000E0,-1.08658283817455081E0,6.38060233744356609E0));
#315=(BOUNDED_CURVE()B_SPLINE_CURVE(2,(#312,#313,#314),.UNSPECIFIED.,.F.,.F.)B_SPLINE_CURVE_WITH_KNOTS((3,3),(0.00000000000000000E0,1.00000000000000000E0),.UNSPECIFIED.)CURVE()GEOMETRIC_REPRESENTATION_ITEM()RATIONAL_B_SPLINE_CURVE((1.00000000000000000E0,9.23879532511286738E-1,1.00000000000000000E0))REPRESENTATION_ITEM(''));
#316=CARTESIAN_POINT('',(7.00000000000000000E0,-1.08658283817455081E0,6.38060233744356609E0));
#317=CARTESIAN_POINT('',(1.30000000000000000E1,-1.08658283817455081E0,6.38060233744356609E0));
#318=B_SPLINE_CURVE_WITH_KNOTS('',1,(#316,#317),.UNSPECIFIED.,.F.,.F.,(2,2),(0.00000000000000000E0,1.00000000000000000E0),.UNSPECIFIED.);
#319=CARTESIAN_POINT('',(7.00000000000000000E0,-1.08658283817455081E0,6.38060233744356609E0));
#320=CARTESIAN_POINT('',(7.00000000000000000E0,4.65366864730179675E0,-7.47759065022573566E0));
#321=B_SPLINE_CURVE_WITH_KNOTS('',1,(#319,#320),.UNSPECIFIED.,.F.,.F.,(2,2),(0.00000000000000000E0,1.00000000000000000E0),.UNSPECIFIED.);
#322=CARTESIAN_POINT('',(1.30000000000000000E1,4.17531435684543428E0,-6.32274123458662629E0));
#323=CARTESIAN_POINT('',(1.30000000000000000E1,2.81304443677066640E0,-6.88701191109450761E0));
#324=CARTESIAN_POINT('',(1.30000000000000000E1,1.54324502439387157E0,-7.66732403780918759E0));
#325=CARTESIAN_POINT('',(1.30000000000000000E1,1.42682183081524361E-1,-8.46660969796907636E0));
#326=CARTESIAN_POINT('',(1.30000000000000000E1,-1.42718897473933692E0,-9.00000000000000000E0));
#327=CARTESIAN_POINT('',(1.30000000000000000E1,-3.00000000000000000E0,-9.00000000000000000E0));
#328=(BOUNDED_CURVE()B_SPLINE_CURVE(5,(#322,#323,#324,#325,#326,#327),.UNSPECIFIED.,.F.,.F.)B_SPLINE_CURVE_WITH_KNOTS((6,6),(0.00000000000000000E0,1.00000000000000000E0),.UNSPECIFIED.)CURVE()GEOMETRIC_REPRESENTATION_ITEM()RATIONAL_B_SPLINE_CURVE((1.00000000000000000E0,9.92314112161292172E-1,9.88471168241938147E-1,9.88471168241938258E-1,9.92314112161292172E-1,1.00000000000000000E0))REPRESENTATION_ITEM(''));
#329=CARTESIAN_POINT('',(1.30000000000000000E1,-3.00000000000000000E0,-9.00000000000000000E0));
#330=CARTESIAN_POINT('',(1.30000000000000000E1,-3.00000000000000000E0,-9.00000000000000000E0));
#331=CARTESIAN_POINT('',(1.30000000000000000E1,-3.00000000000000000E0,-9.00000000000000000E0));
#332=(BOUNDED_CURVE()B_SPLINE_CURVE(2,(#329,#330,#331),.UNSPECIFIED.,.F.,.F.)B_SPLINE_CURVE_WITH_KNOTS((3,3),(0.00000000000000000E0,1.00000000000000000E0),.UNSPECIFIED.)CURVE()GEOMETRIC_REPRESENTATION_ITEM()RATIONAL_B_SPLINE_CURVE((1.00000000000000000E0,7.07106781186547573E-1,1.00000000000000000E0))REPRESENTATION_ITEM(''));
#333=CARTESIAN_POINT('',(1.30000000000000000E1,-3.00000000000000000E0,-9.00000000000000000E0));
#334=CARTESIAN_POINT('',(1.30000000000000000E1,-1.42718897473933692E0,-9.00000000000000000E0));
#335=CARTESIAN_POINT('',(1.26206262640245104E1,1.42682183081524361E-1,-8.84598343394456421E0));
#336=CARTESIAN_POINT('',(1.21293737359754878E1,1.69126931302571037E0,-8.53795030183369974E0));
#337=CARTESIAN_POINT('',(1.17500000000000000E1,3.20058073255537678E0,-8.07947937183413956E0));
#338=CARTESIAN_POINT('',(1.17500000000000000E1,4.65366864730179675E0,-7.47759065022573566E0));
#339=(BOUNDED_CURVE()B_SPLINE_CURVE(5,(#333,#334,#335,#336,#337,#338),.UNSPECIFIED.,.F.,.F.)B_SPLINE_CURVE_WITH_KNOTS((6,6),(0.00000000000000000E0,1.00000000000000000E0),.UNSPECIFIED.)CURVE()GEOMETRIC_REPRESENTATION_ITEM()RATIONAL_B_SPLINE_CURVE((1.00000000000000000E0,9.92314112161292172E-1,9.88471168241938258E-1,9.88471168241938147E-1,9.92314112161292172E-1,1.00000000000000000E0))REPRESENTATION_ITEM(''));
#340=CARTESIAN_POINT('',(1.30000000000000000E1,-1.08658283817455081E0,6.38060233744356609E0));
#341=CARTESIAN_POINT('',(1.30000000000000000E1,-1.44985481686115580E0,6.23013015704146511E0));
#342=CARTESIAN_POINT('',(1.30000000000000000E1,-1.82718267174357241E0,6.11551242454157507E0));
#343=CARTESIAN_POINT('',(1.30000000000000000E1,-2.21432945422961902E0,6.03850414151385895E0));
#344=CARTESIAN_POINT('',(1.30000000000000000E1,-2.60679724368483434E0,6.00000000000000000E0));
#345=CARTESIAN_POINT('',(1.30000000000000000E1,-3.00000000000000000E0,6.00000000000000000E0));
#346=(BOUNDED_CURVE()B_SPLINE_CURVE(5,(#340,#341,#342,#343,#344,#345),.UNSPECIFIED.,.F.,.F.)B_SPLINE_CURVE_WITH_KNOTS((6,6),(0.00000000000000000E0,1.00000000000000000E0),.UNSPECIFIED.)CURVE()GEOMETRIC_REPRESENTATION_ITEM()RATIONAL_B_SPLINE_CURVE((1.00000000000000000E0,9.92314112161292172E-1,9.88471168241938147E-1,9.88471168241938258E-1,9.92314112161292172E-1,1.00000000000000000E0))REPRESENTATION_ITEM(''));
#347=CARTESIAN_POINT('',(1.30000000000000000E1,-3.00000000000000000E0,6.00000000000000000E0));
#348=CARTESIAN_POINT('',(1.30000000000000000E1,-3.00000000000000000E0,-9.00000000000000000E0));
#349=B_SPLINE_CURVE_WITH_KNOTS('',1,(#347,#348),.UNSPECIFIED.,.F.,.F.,(2,2),(0.00000000000000000E0,1.00000000000000000E0),.UNSPECIFIED.);
#350=CARTESIAN_POINT('',(7.00000000000000000E0,4.65366864730179675E0,-7.47759065022573566E0));
#351=CARTESIAN_POINT('',(7.00000000000000000E0,3.20058073255537678E0,-8.07947937183413956E0));
#352=CARTESIAN_POINT('',(7.00000000000000000E0,1.69126931302571037E0,-8.53795030183369974E0));
#353=CARTESIAN_POINT('',(7.00000000000000000E0,1.42682183081524361E-1,-8.84598343394456421E0));
#354=CARTESIAN_POINT('',(7.00000000000000000E0,-1.42718897473933692E0,-9.00000000000000000E0));
#355=CARTESIAN_POINT('',(7.00000000000000000E0,-3.00000000000000000E0,-9.00000000000000000E0));
#356=(BOUNDED_CURVE()B_SPLINE_CURVE(5,(#350,#351,#352,#353,#354,#355),.UNSPECIFIED.,.F.,.F.)B_SPLINE_CURVE_WITH_KNOTS((6,6),(0.00000000000000000E0,1.00000000000000000E0),.UNSPECIFIED.)CURVE()GEOMETRIC_REPRESENTATION_ITEM()RATIONAL_B_SPLINE_CURVE((1.00000000000000000E0,9.92314112161292172E-1,9.88471168241938147E-1,9.88471168241938258E-1,9.92314112161292172E-1,1.00000000000000000E0))REPRESENTATION_ITEM(''));
#357=CARTESIAN_POINT('',(7.00000000000000000E0,-3.00000000000000000E0,-9.00000000000000000E0));
#358=CARTESIAN_POINT('',(1.30000000000000000E1,-3.00000000000000000E0,-9.00000000000000000E0));
#359=B_SPLINE_CURVE_WITH_KNOTS('',1,(#357,#358),.UNSPECIFIED.,.F.,.F.,(2,2),(0.00000000000000000E0,1.00000000000000000E0),.UNSPECIFIED.);
#360=CARTESIAN_POINT('',(7.00000000000000000E0,-1.08658283817455081E0,6.38060233744356609E0));
#361=CARTESIAN_POINT('',(7.00000000000000000E0,-1.44985481686115580E0,6.23013015704146511E0));
#362=CARTESIAN_POINT('',(7.00000000000000000E0,-1.82718267174357241E0,6.11551242454157507E0));
#363=CARTESIAN_POINT('',(7.00000000000000000E0,-2.21432945422961902E0,6.03850414151385895E0));
#364=CARTESIAN_POINT('',(7.00000000000000000E0,-2.60679724368483434E0,6.00000000000000000E0));
#365=CARTESIAN_POINT('',(7.00000000000000000E0,-3.00000000000000000E0,6.00000000000000000E0));
#366=(BOUNDED_CURVE()B_SPLINE_CURVE(5,(#360,#361,#362,#363,#364,#365),.UNSPECIFIED.,.F.,.F.)B_SPLINE_CURVE_WITH_KNOTS((6,6),(0.00000000000000000E0,1.00000000000000000E0),.UNSPECIFIED.)CURVE()GEOMETRIC_REPRESENTATION_ITEM()RATIONAL_B_SPLINE_CURVE((1.00000000000000000E0,9.92314112161292172E-1,9.88471168241938147E-1,9.88471168241938258E-1,9.92314112161292172E-1,1.00000000000000000E0))REPRESENTATION_ITEM(''));
#367=CARTESIAN_POINT('',(7.00000000000000000E0,-3.00000000000000000E0,6.00000000000000000E0));
#368=CARTESIAN_POINT('',(1.30000000000000000E1,-3.00000000000000000E0,6.00000000000000000E0));
#369=B_SPLINE_CURVE_WITH_KNOTS('',1,(#367,#368),.UNSPECIFIED.,.F.,.F.,(2,2),(0.00000000000000000E0,1.00000000000000000E0),.UNSPECIFIED.);
#370=CARTESIAN_POINT('',(7.00000000000000000E0,-3.00000000000000000E0,6.00000000000000000E0));
#371=CARTESIAN_POINT('',(7.00000000000000000E0,-3.00000000000000000E0,-9.00000000000000000E0));
#372=B_SPLINE_CURVE_WITH_KNOTS('',1,(#370,#371),.UNSPECIFIED.,.F.,.F.,(2,2),(0.00000000000000000E0,1.00000000000000000E0),.UNSPECIFIED.);
#373=CARTESIAN_POINT('',(1.30000000000000000E1,-3.00000000000000000E0,6.00000000000000000E0));
#374=CARTESIAN_POINT('',(1.30000000000000000E1,-7.99999999999999911E0,6.00000000000000000E0));
#375=CARTESIAN_POINT('',(1.30000000000000000E1,-8.00000000000000000E0,1.10000000000000000E1));
#376=(BOUNDED_CURVE()B_SPLINE_CURVE(2,(#373,#374,#375),.UNSPECIFIED.,.F.,.F.)B_SPLINE_CURVE_WITH_KNOTS((3,3),(0.00000000000000000E0,1.00000000000000000E0),.UNSPECIFIED.)CURVE()GEOMETRIC_REPRESENTATION_ITEM()RATIONAL_B_SPLINE_CURVE((1.00000000000000000E0,7.07106781186547573E-1,1.00000000000000000E0))REPRESENTATION_ITEM(''));
#377=CARTESIAN_POINT('',(1.30000000000000000E1,-8.00000000000000000E0,1.10000000000000000E1));
#378=CARTESIAN_POINT('',(1.30000000000000000E1,-2.30000000000000000E1,1.10000000000000000E1));
#379=B_SPLINE_CURVE_WITH_KNOTS('',1,(#377,#378),.UNSPECIFIED.,.F.,.F.,(2,2),(0.00000000000000000E0,1.00000000000000000E0),.UNSPECIFIED.);
#380=CARTESIAN_POINT('',(1.30000000000000000E1,-2.30000000000000000E1,1.10000000000000000E1));
#381=CARTESIAN_POINT('',(1.30000000000000000E1,-2.29999999999999964E1,-9.00000000000000000E0));
#382=CARTESIAN_POINT('',(1.30000000000000000E1,-3.00000000000000000E0,-9.00000000000000000E0));
#383=(BOUNDED_CURVE()B_SPLINE_CURVE(2,(#380,#381,#382),.UNSPECIFIED.,.F.,.F.)B_SPLINE_CURVE_WITH_KNOTS((3,3),(0.00000000000000000E0,1.00000000000000000E0),.UNSPECIFIED.)CURVE()GEOMETRIC_REPRESENTATION_ITEM()RATIONAL_B_SPLINE_CURVE((1.00000000000000000E0,7.07106781186547573E-1,1.00000000000000000E0))REPRESENTATION_ITEM(''));
#384=CARTESIAN_POINT('',(7.00000000000000000E0,-3.00000000000000000E0,-9.00000000000000000E0));
#385=CARTESIAN_POINT('',(7.00000000000000000E0,-2.29999999999999964E1,-9.00000000000000000E0));
#386=CARTESIAN_POINT('',(7.00000000000000000E0,-2.30000000000000000E1,1.10000000000000000E1));
#387=(BOUNDED_CURVE()B_SPLINE_CURVE(2,(#384,#385,#386),.UNSPECIFIED.,.F.,.F.)B_SPLINE_CURVE_WITH_KNOTS((3,3),(0.00000000000000000E0,1.00000000000000000E0),.UNSPECIFIED.)CURVE()GEOMETRIC_REPRESENTATION_ITEM()RATIONAL_B_SPLINE_CURVE((1.00000000000000000E0,7.07106781186547573E-1,1.00000000000000000E0))REPRESENTATION_ITEM(''));
#388=CARTESIAN_POINT('',(7.00000000000000000E0,-2.30000000000000000E1,1.10000000000000000E1));
#389=CARTESIAN_POINT('',(1.30000000000000000E1,-2.30000000000000000E1,1.10000000000000000E1));
#390=B_SPLINE_CURVE_WITH_KNOTS('',1,(#388,#389),.UNSPECIFIED.,.F.,.F.,(2,2),(0.00000000000000000E0,1.00000000000000000E0),.UNSPECIFIED.);
#391=CARTESIAN_POINT('',(7.00000000000000000E0,-3.00000000000000000E0,6.00000000000000000E0));
#392=CARTESIAN_POINT('',(7.00000000000000000E0,-7.99999999999999911E0,6.00000000000000000E0));
#393=CARTESIAN_POINT('',(7.00000000000000000E0,-8.00000000000000000E0,1.10000000000000000E1));
#394=(BOUNDED_CURVE()B_SPLINE_CURVE(2,(#391,#392,#393),.UNSPECIFIED.,.F.,.F.)B_SPLINE_CURVE_WITH_KNOTS((3,3),(0.00000000000000000E0,1.00000000000000000E0),.UNSPECIFIED.)CURVE()GEOMETRIC_REPRESENTATION_ITEM()RATIONAL_B_SPLINE_CURVE((1.00000000000000000E0,7.07106781186547573E-1,1.00000000000000000E0))REPRESENTATION_ITEM(''));
#395=CARTESIAN_POINT('',(7.00000000000000000E0,-8.00000000000000000E0,1.10000000000000000E1));
#396=CARTESIAN_POINT('',(1.30000000000000000E1,-8.00000000000000000E0,1.10000000000000000E1));
#397=B_SPLINE_CURVE_WITH_KNOTS('',1,(#395,#396),.UNSPECIFIED.,.F.,.F.,(2,2),(0.00000000000000000E0,1.00000000000000000E0),.UNSPECIFIED.);
#398=CARTESIAN_POINT('',(7.00000000000000000E0,-8.00000000000000000E0,1.10000000000000000E1));
#399=CARTESIAN_POINT('',(7.00000000000000000E0,-2.30000000000000000E1,1.10000000000000000E1));
#400=B_SPLINE_CURVE_WITH_KNOTS('',1,(#398,#399),.UNSPECIFIED.,.F.,.F.,(2,2),(0.00000000000000000E0,1.00000000000000000E0),.UNSPECIFIED.);
#401=CARTESIAN_POINT('',(1.30000000000000000E1,-8.00000000000000000E0,1.10000000000000000E1));
#402=CARTESIAN_POINT('',(1.30000000000000000E1,-8.00000000000000000E0,1.60000000000000000E1));
#403=CARTESIAN_POINT('',(1.30000000000000000E1,-3.00000000000000000E0,1.60000000000000000E1));
#404=(BOUNDED_CURVE()B_SPLINE_CURVE(2,(#401,#402,#403),.UNSPECIFIED.,.F.,.F.)B_SPLINE_CURVE_WITH_KNOTS((3,3),(0.00000000000000000E0,1.00000000000000000E0),.UNSPECIFIED.)CURVE()GEOMETRIC_REPRESENTATION_ITEM()RATIONAL_B_SPLINE_CURVE((1.00000000000000000E0,7.07106781186547573E-1,1.00000000000000000E0))REPRESENTATION_ITEM(''));
#405=CARTESIAN_POINT('',(1.30000000000000000E1,-3.00000000000000000E0,1.60000000000000000E1));
#406=CARTESIAN_POINT('',(1.30000000000000000E1,-3.00000000000000000E0,3.10000000000000000E1));
#407=B_SPLINE_CURVE_WITH_KNOTS('',1,(#405,#406),.UNSPECIFIED.,.F.,.F.,(2,2),(0.00000000000000000E0,1.00000000000000000E0),.UNSPECIFIED.);
#408=CARTESIAN_POINT('',(1.30000000000000000E1,-3.00000000000000000E0,3.10000000000000000E1));
#409=CARTESIAN_POINT('',(1.30000000000000000E1,-2.30000000000000036E1,3.09999999999999964E1));
#410=CARTESIAN_POINT('',(1.30000000000000000E1,-2.30000000000000000E1,1.10000000000000000E1));
#411=(BOUNDED_CURVE()B_SPLINE_CURVE(2,(#408,#409,#410),.UNSPECIFIED.,.F.,.F.)B_SPLINE_CURVE_WITH_KNOTS((3,3),(0.00000000000000000E0,1.00000000000000000E0),.UNSPECIFIED.)CURVE()GEOMETRIC_REPRESENTATION_ITEM()RATIONAL_B_SPLINE_CURVE((1.00000000000000000E0,7.07106781186547573E-1,1.00000000000000000E0))REPRESENTATION_ITEM(''));
#412=CARTESIAN_POINT('',(7.00000000000000000E0,-2.30000000000000000E1,1.10000000000000000E1));
#413=CARTESIAN_POINT('',(7.00000000000000000E0,-2.30000000000000036E1,3.09999999999999964E1));
#414=CARTESIAN_POINT('',(7.00000000000000000E0,-3.00000000000000000E0,3.10000000000000000E1));
#415=(BOUNDED_CURVE()B_SPLINE_CURVE(2,(#412,#413,#414),.UNSPECIFIED.,.F.,.F.)B_SPLINE_CURVE_WITH_KNOTS((3,3),(0.00000000000000000E0,1.00000000000000000E0),.UNSPECIFIED.)CURVE()GEOMETRIC_REPRESENTATION_ITEM()RATIONAL_B_SPLINE_CURVE((1.00000000000000000E0,7.07106781186547573E-1,1.00000000000000000E0))REPRESENTATION_ITEM(''));
#416=CARTESIAN_POINT('',(7.00000000000000000E0,-3.00000000000000000E0,3.10000000000000000E1));
#417=CARTESIAN_POINT('',(1.30000000000000000E1,-3.00000000000000000E0,3.10000000000000000E1));
#418=B_SPLINE_CURVE_WITH_KNOTS('',1,(#416,#417),.UNSPECIFIED.,.F.,.F.,(2,2),(0.00000000000000000E0,1.00000000000000000E0),.UNSPECIFIED.);
#419=CARTESIAN_POINT('',(7.00000000000000000E0,-8.00000000000000000E0,1.10000000000000000E1));
#420=CARTESIAN_POINT('',(7.00000000000000000E0,-8.00000000000000000E0,1.60000000000000000E1));
#421=CARTESIAN_POINT('',(7.00000000000000000E0,-3.00000000000000000E0,1.60000000000000000E1));
#422=(BOUNDED_CURVE()B_SPLINE_CURVE(2,(#419,#420,#421),.UNSPECIFIED.,.F.,.F.)B_SPLINE_CURVE_WITH_KNOTS((3,3),(0.00000000000000000E0,1.00000000000000000E0),.UNSPECIFIED.)CURVE()GEOMETRIC_REPRESENTATION_ITEM()RATIONAL_B_SPLINE_CURVE((1.00000000000000000E0,7.07106781186547573E-1,1.00000000000000000E0))REPRESENTATION_ITEM(''));
#423=CARTESIAN_POINT('',(7.00000000000000000E0,-3.00000000000000000E0,1.60000000000000000E1));
#424=CARTESIAN_POINT('',(1.30000000000000000E1,-3.00000000000000000E0,1.60000000000000000E1));
#425=B_SPLINE_CURVE_WITH_KNOTS('',1,(#423,#424),.UNSPECIFIED.,.F.,.F.,(2,2),(0.00000000000000000E0,1.00000000000000000E0),.UNSPECIFIED.);
#426=CARTESIAN_POINT('',(7.00000000000000000E0,-3.00000000000000000E0,1.60000000000000000E1));
#427=CARTESIAN_POINT('',(7.00000000000000000E0,-3.00000000000000000E0,3.10000000000000000E1));
#428=B_SPLINE_CURVE_WITH_KNOTS('',1,(#426,#427),.UNSPECIFIED.,.F.,.F.,(2,2),(0.00000000000000000E0,1.00000000000000000E0),.UNSPECIFIED.);
#429=CARTESIAN_POINT('',(1.30000000000000000E1,-3.00000000000000000E0,1.60000000000000000E1));
#430=CARTESIAN_POINT('',(1.30000000000000000E1,1.99999999999999822E0,1.60000000000000000E1));
#431=CARTESIAN_POINT('',(1.30000000000000000E1,2.00000000000000000E0,1.10000000000000000E1));
#432=(BOUNDED_CURVE()B_SPLINE_CURVE(2,(#429,#430,#431),.UNSPECIFIED.,.F.,.F.)B_SPLINE_CURVE_WITH_KNOTS((3,3),(0.00000000000000000E0,1.00000000000000000E0),.UNSPECIFIED.)CURVE()GEOMETRIC_REPRESENTATION_ITEM()RATIONAL_B_SPLINE_CURVE((1.00000000000000000E0,7.07106781186547573E-1,1.00000000000000000E0))REPRESENTATION_ITEM(''));
#433=CARTESIAN_POINT('',(1.30000000000000000E1,1.70000000000000000E1,1.10000000000000000E1));
#434=CARTESIAN_POINT('',(1.30000000000000000E1,1.69999999999999929E1,3.10000000000000036E1));
#435=CARTESIAN_POINT('',(1.30000000000000000E1,-3.00000000000000000E0,3.10000000000000000E1));
#436=(BOUNDED_CURVE()B_SPLINE_CURVE(2,(#433,#434,#435),.UNSPECIFIED.,.F.,.F.)B_SPLINE_CURVE_WITH_KNOTS((3,3),(0.00000000000000000E0,1.00000000000000000E0),.UNSPECIFIED.)CURVE()GEOMETRIC_REPRESENTATION_ITEM()RATIONAL_B_SPLINE_CURVE((1.00000000000000000E0,7.07106781186547573E-1,1.00000000000000000E0))REPRESENTATION_ITEM(''));
#437=CARTESIAN_POINT('',(7.00000000000000000E0,-3.00000000000000000E0,3.10000000000000000E1));
#438=CARTESIAN_POINT('',(7.00000000000000000E0,1.69999999999999929E1,3.10000000000000036E1));
#439=CARTESIAN_POINT('',(7.00000000000000000E0,1.70000000000000000E1,1.10000000000000000E1));
#440=(BOUNDED_CURVE()B_SPLINE_CURVE(2,(#437,#438,#439),.UNSPECIFIED.,.F.,.F.)B_SPLINE_CURVE_WITH_KNOTS((3,3),(0.00000000000000000E0,1.00000000000000000E0),.UNSPECIFIED.)CURVE()GEOMETRIC_REPRESENTATION_ITEM()RATIONAL_B_SPLINE_CURVE((1.00000000000000000E0,7.07106781186547573E-1,1.00000000000000000E0))REPRESENTATION_ITEM(''));
#441=CARTESIAN_POINT('',(7.00000000000000000E0,-3.00000000000000000E0,1.60000000000000000E1));
#442=CARTESIAN_POINT('',(7.00000000000000000E0,1.99999999999999822E0,1.60000000000000000E1));
#443=CARTESIAN_POINT('',(7.00000000000000000E0,2.00000000000000000E0,1.10000000000000000E1));
#444=(BOUNDED_CURVE()B_SPLINE_CURVE(2,(#441,#442,#443),.UNSPECIFIED.,.F.,.F.)B_SPLINE_CURVE_WITH_KNOTS((3,3),(0.00000000000000000E0,1.00000000000000000E0),.UNSPECIFIED.)CURVE()GEOMETRIC_REPRESENTATION_ITEM()RATIONAL_B_SPLINE_CURVE((1.00000000000000000E0,7.07106781186547573E-1,1.00000000000000000E0))REPRESENTATION_ITEM(''));
#445=(GEOMETRIC_REPRESENTATION_CONTEXT(2)REPRESENTATION_CONTEXT('','2D'));
#446=CARTESIAN_POINT('',(0.00000000000000000E0,0.00000000000000000E0));
#447=CARTESIAN_POINT('',(1.00000000000000000E0,0.00000000000000000E0));
#448=B_SPLINE_CURVE_WITH_KNOTS('',1,(#446,#447),.UNSPECIFIED.,.F.,.F.,(2,2),(0.00000000000000000E0,1.00000000000000000E0),.UNSPECIFIED.);
#449=DEFINITIONAL_REPRESENTATION('',(#448),#445);
#450=PCURVE('',#71,#449);
#451=CARTESIAN_POINT('',(1.00000000000000000E0,0.00000000000000000E0));
#452=CARTESIAN_POINT('',(1.00000000000000000E0,1.00000000000000000E0));
#453=B_SPLINE_CURVE_WITH_KNOTS('',1,(#451,#452),.UNSPECIFIED.,.F.,.F.,(2,2),(0.00000000000000000E0,1.00000000000000000E0),.UNSPECIFIED.);
#454=DEFINITIONAL_REPRESENTATION('',(#453),#445);
#455=PCURVE('',#71,#454);
#456=CARTESIAN_POINT('',(1.00000000000000000E0,1.00000000000000000E0));
#457=CARTESIAN_POINT('',(0.00000000000000000E0,1.00000000000000000E0));
#458=B_SPLINE_CURVE_WITH_KNOTS('',1,(#456,#457),.UNSPECIFIED.,.F.,.F.,(2,2),(0.00000000000000000E0,1.00000000000000000E0),.UNSPECIFIED.);
#459=DEFINITIONAL_REPRESENTATION('',(#458),#445);
#460=PCURVE('',#71,#459);
#461=CARTESIAN_POINT('',(0.00000000000000000E0,1.00000000000000000E0));
#462=CARTESIAN_POINT('',(0.00000000000000000E0,0.00000000000000000E0));
#463=B_SPLINE_CURVE_WITH_KNOTS('',1,(#461,#462),.UNSPECIFIED.,.F.,.F.,(2,2),(0.00000000000000000E0,1.00000000000000000E0),.UNSPECIFIED.);
#464=DEFINITIONAL_REPRESENTATION('',(#463),#445);
#465=PCURVE('',#71,#464);
#466=CARTESIAN_POINT('',(1.00000000000000000E0,5.00000000000000000E-1));
#467=CARTESIAN_POINT('',(6.25000000000000000E-1,5.00000000000000000E-1));
#468=B_SPLINE_CURVE_WITH_KNOTS('',1,(#466,#467),.UNSPECIFIED.,.F.,.F.,(2,2),(0.00000000000000000E0,1.00000000000000000E0),.UNSPECIFIED.);
#469=DEFINITIONAL_REPRESENTATION('',(#468),#445);
#470=PCURVE('',#76,#469);
#471=CARTESIAN_POINT('',(6.25000000000000000E-1,5.00000000000000000E-1));
#472=CARTESIAN_POINT('',(6.25000000000000000E-1,4.90169931092120870E-1));
#473=CARTESIAN_POINT('',(6.24037396462153504E-1,4.80358236355740487E-1));
#474=CARTESIAN_POINT('',(6.22112189386460512E-1,4.70679566793589299E-1));
#475=CARTESIAN_POINT('',(6.19246746073963350E-1,4.61246370421528884E-1));
#476=CARTESIAN_POINT('',(6.15484941563910870E-1,4.52164570954363743E-1));
#477=(BOUNDED_CURVE()B_SPLINE_CURVE(5,(#471,#472,#473,#474,#475,#476),.UNSPECIFIED.,.F.,.F.)B_SPLINE_CURVE_WITH_KNOTS((6,6),(0.00000000000000000E0,1.00000000000000000E0),.UNSPECIFIED.)CURVE()GEOMETRIC_REPRESENTATION_ITEM()RATIONAL_B_SPLINE_CURVE((1.00000000000000000E0,9.92314112161292172E-1,9.88471168241938147E-1,9.88471168241938258E-1,9.92314112161292172E-1,1.00000000000000000E0))REPRESENTATION_ITEM(''));
#478=DEFINITIONAL_REPRESENTATION('',(#477),#445);
#479=PCURVE('',#76,#478);
#480=CARTESIAN_POINT('',(6.15484941563910870E-1,4.52164570954363743E-1));
#481=CARTESIAN_POINT('',(9.33068530864665791E-1,3.20617141078864187E-1));
#482=B_SPLINE_CURVE_WITH_KNOTS('',1,(#480,#481),.UNSPECIFIED.,.F.,.F.,(2,2),(0.00000000000000000E0,1.00000000000000000E0),.UNSPECIFIED.);
#483=DEFINITIONAL_REPRESENTATION('',(#482),#445);
#484=PCURVE('',#76,#483);
#485=CARTESIAN_POINT('',(9.33068530864665791E-1,3.20617141078864187E-1));
#486=CARTESIAN_POINT('',(9.47175297777362646E-1,3.54673889080733384E-1));
#487=CARTESIAN_POINT('',(9.66683100945229690E-1,3.86418874390153266E-1));
#488=CARTESIAN_POINT('',(9.86665242449226931E-1,4.21432945422961835E-1));
#489=CARTESIAN_POINT('',(1.00000000000000000E0,4.60679724368483423E-1));
#490=CARTESIAN_POINT('',(1.00000000000000000E0,5.00000000000000000E-1));
#491=(BOUNDED_CURVE()B_SPLINE_CURVE(5,(#485,#486,#487,#488,#489,#490),.UNSPECIFIED.,.F.,.F.)B_SPLINE_CURVE_WITH_KNOTS((6,6),(0.00000000000000000E0,1.00000000000000000E0),.UNSPECIFIED.)CURVE()GEOMETRIC_REPRESENTATION_ITEM()RATIONAL_B_SPLINE_CURVE((1.00000000000000000E0,9.92314112161292172E-1,9.88471168241938258E-1,9.88471168241938147E-1,9.92314112161292172E-1,1.00000000000000000E0))REPRESENTATION_ITEM(''));
#492=DEFINITIONAL_REPRESENTATION('',(#491),#445);
#493=PCURVE('',#76,#492);
#494=CARTESIAN_POINT('',(1.00000000000000000E0,0.00000000000000000E0));
#495=CARTESIAN_POINT('',(1.00000000000000000E0,1.00000000000000000E0));
#496=B_SPLINE_CURVE_WITH_KNOTS('',1,(#494,#495),.UNSPECIFIED.,.F.,.F.,(2,2),(0.00000000000000000E0,1.00000000000000000E0),.UNSPECIFIED.);
#497=DEFINITIONAL_REPRESENTATION('',(#496),#445);
#498=PCURVE('',#89,#497);
#499=CARTESIAN_POINT('',(1.00000000000000000E0,1.00000000000000000E0));
#500=CARTESIAN_POINT('',(6.66666666666666741E-1,1.00000000000000000E0));
#501=CARTESIAN_POINT('',(3.33333333333333370E-1,7.91666666666666630E-1));
#502=CARTESIAN_POINT('',(0.00000000000000000E0,7.91666666666666630E-1));
#503=B_SPLINE_CURVE_WITH_KNOTS('',3,(#499,#500,#501,#502),.UNSPECIFIED.,.F.,.F.,(4,4),(0.00000000000000000E0,1.00000000000000000E0),.UNSPECIFIED.);
#504=DEFINITIONAL_REPRESENTATION('',(#503),#445);
#505=PCURVE('',#89,#504);
#506=CARTESIAN_POINT('',(0.00000000000000000E0,7.91666666666666630E-1));
#507=CARTESIAN_POINT('',(0.00000000000000000E0,0.00000000000000000E0));
#508=B_SPLINE_CURVE_WITH_KNOTS('',1,(#506,#507),.UNSPECIFIED.,.F.,.F.,(2,2),(0.00000000000000000E0,1.00000000000000000E0),.UNSPECIFIED.);
#509=DEFINITIONAL_REPRESENTATION('',(#508),#445);
#510=PCURVE('',#89,#509);
#511=CARTESIAN_POINT('',(0.00000000000000000E0,0.00000000000000000E0));
#512=CARTESIAN_POINT('',(1.00000000000000000E0,0.00000000000000000E0));
#513=B_SPLINE_CURVE_WITH_KNOTS('',1,(#511,#512),.UNSPECIFIED.,.F.,.F.,(2,2),(0.00000000000000000E0,1.00000000000000000E0),.UNSPECIFIED.);
#514=DEFINITIONAL_REPRESENTATION('',(#513),#445);
#515=PCURVE('',#89,#514);
#516=CARTESIAN_POINT('',(0.00000000000000000E0,0.00000000000000000E0));
#517=CARTESIAN_POINT('',(1.00000000000000000E0,0.00000000000000000E0));
#518=B_SPLINE_CURVE_WITH_KNOTS('',1,(#516,#517),.UNSPECIFIED.,.F.,.F.,(2,2),(0.00000000000000000E0,1.00000000000000000E0),.UNSPECIFIED.);
#519=DEFINITIONAL_REPRESENTATION('',(#518),#445);
#520=PCURVE('',#102,#519);
#521=CARTESIAN_POINT('',(1.00000000000000000E0,0.00000000000000000E0));
#522=CARTESIAN_POINT('',(1.00000000000000000E0,1.00000000000000000E0));
#523=B_SPLINE_CURVE_WITH_KNOTS('',1,(#521,#522),.UNSPECIFIED.,.F.,.F.,(2,2),(0.00000000000000000E0,1.00000000000000000E0),.UNSPECIFIED.);
#524=DEFINITIONAL_REPRESENTATION('',(#523),#445);
#525=PCURVE('',#102,#524);
#526=CARTESIAN_POINT('',(1.00000000000000000E0,1.00000000000000000E0));
#527=CARTESIAN_POINT('',(6.66666666666666630E-1,1.00000000000000000E0));
#528=CARTESIAN_POINT('',(3.33333333333333315E-1,1.00000000000000000E0));
#529=CARTESIAN_POINT('',(0.00000000000000000E0,1.00000000000000000E0));
#530=B_SPLINE_CURVE_WITH_KNOTS('',3,(#526,#527,#528,#529),.UNSPECIFIED.,.F.,.F.,(4,4),(0.00000000000000000E0,1.00000000000000000E0),.UNSPECIFIED.);
#531=DEFINITIONAL_REPRESENTATION('',(#530),#445);
#532=PCURVE('',#102,#531);
#533=CARTESIAN_POINT('',(0.00000000000000000E0,1.00000000000000000E0));
#534=CARTESIAN_POINT('',(0.00000000000000000E0,0.00000000000000000E0));
#535=B_SPLINE_CURVE_WITH_KNOTS('',1,(#533,#534),.UNSPECIFIED.,.F.,.F.,(2,2),(0.00000000000000000E0,1.00000000000000000E0),.UNSPECIFIED.);
#536=DEFINITIONAL_REPRESENTATION('',(#535),#445);
#537=PCURVE('',#102,#536);
#538=CARTESIAN_POINT('',(0.00000000000000000E0,5.00000000000000000E-1));
#539=CARTESIAN_POINT('',(0.00000000000000000E0,4.60679724368483423E-1));
#540=CARTESIAN_POINT('',(3.85041415138576149E-3,4.21432945422961835E-1));
#541=CARTESIAN_POINT('',(1.15512424541576175E-2,3.82718267174357307E-1));
#542=CARTESIAN_POINT('',(2.30130157041464889E-2,3.44985481686115592E-1));
#543=CARTESIAN_POINT('',(3.80602337443566308E-2,3.08658283817455081E-1));
#544=(BOUNDED_CURVE()B_SPLINE_CURVE(5,(#538,#539,#540,#541,#542,#543),.UNSPECIFIED.,.F.,.F.)B_SPLINE_CURVE_WITH_KNOTS((6,6),(0.00000000000000000E0,1.00000000000000000E0),.UNSPECIFIED.)CURVE()GEOMETRIC_REPRESENTATION_ITEM()RATIONAL_B_SPLINE_CURVE((1.00000000000000000E0,9.92314112161292172E-1,9.88471168241938147E-1,9.88471168241938258E-1,9.92314112161292172E-1,1.00000000000000000E0))REPRESENTATION_ITEM(''));
#545=DEFINITIONAL_REPRESENTATION('',(#544),#445);
#546=PCURVE('',#107,#545);
#547=CARTESIAN_POINT('',(3.80602337443566308E-2,3.08658283817455081E-1));
#548=CARTESIAN_POINT('',(3.84515058436089130E-1,4.52164570954363743E-1));
#549=B_SPLINE_CURVE_WITH_KNOTS('',1,(#547,#548),.UNSPECIFIED.,.F.,.F.,(2,2),(0.00000000000000000E0,1.00000000000000000E0),.UNSPECIFIED.);
#550=DEFINITIONAL_REPRESENTATION('',(#549),#445);
#551=PCURVE('',#107,#550);
#552=CARTESIAN_POINT('',(3.84515058436089130E-1,4.52164570954363743E-1));
#553=CARTESIAN_POINT('',(3.80753253926036650E-1,4.61246370421528884E-1));
#554=CARTESIAN_POINT('',(3.77887810613539488E-1,4.70679566793589299E-1));
#555=CARTESIAN_POINT('',(3.75962603537846496E-1,4.80358236355740487E-1));
#556=CARTESIAN_POINT('',(3.75000000000000000E-1,4.90169931092120870E-1));
#557=CARTESIAN_POINT('',(3.75000000000000000E-1,5.00000000000000000E-1));
#558=(BOUNDED_CURVE()B_SPLINE_CURVE(5,(#552,#553,#554,#555,#556,#557),.UNSPECIFIED.,.F.,.F.)B_SPLINE_CURVE_WITH_KNOTS((6,6),(0.00000000000000000E0,1.00000000000000000E0),.UNSPECIFIED.)CURVE()GEOMETRIC_REPRESENTATION_ITEM()RATIONAL_B_SPLINE_CURVE((1.00000000000000000E0,9.92314112161292172E-1,9.88471168241938258E-1,9.88471168241938147E-1,9.92314112161292172E-1,1.00000000000000000E0))REPRESENTATION_ITEM(''));
#559=DEFINITIONAL_REPRESENTATION('',(#558),#445);
#560=PCURVE('',#107,#559);
#561=CARTESIAN_POINT('',(3.75000000000000000E-1,5.00000000000000000E-1));
#562=CARTESIAN_POINT('',(0.00000000000000000E0,5.00000000000000000E-1));
#563=B_SPLINE_CURVE_WITH_KNOTS('',1,(#561,#562),.UNSPECIFIED.,.F.,.F.,(2,2),(0.00000000000000000E0,1.00000000000000000E0),.UNSPECIFIED.);
#564=DEFINITIONAL_REPRESENTATION('',(#563),#445);
#565=PCURVE('',#107,#564);
#566=CARTESIAN_POINT('',(0.00000000000000000E0,0.00000000000000000E0));
#567=CARTESIAN_POINT('',(1.00000000000000000E0,0.00000000000000000E0));
#568=B_SPLINE_CURVE_WITH_KNOTS('',1,(#566,#567),.UNSPECIFIED.,.F.,.F.,(2,2),(0.00000000000000000E0,1.00000000000000000E0),.UNSPECIFIED.);
#569=DEFINITIONAL_REPRESENTATION('',(#568),#445);
#570=PCURVE('',#117,#569);
#571=CARTESIAN_POINT('',(1.00000000000000000E0,0.00000000000000000E0));
#572=CARTESIAN_POINT('',(1.00000000000000000E0,1.00000000000000000E0));
#573=B_SPLINE_CURVE_WITH_KNOTS('',1,(#571,#572),.UNSPECIFIED.,.F.,.F.,(2,2),(0.00000000000000000E0,1.00000000000000000E0),.UNSPECIFIED.);
#574=DEFINITIONAL_REPRESENTATION('',(#573),#445);
#575=PCURVE('',#117,#574);
#576=CARTESIAN_POINT('',(1.00000000000000000E0,1.00000000000000000E0));
#577=CARTESIAN_POINT('',(0.00000000000000000E0,1.00000000000000000E0));
#578=B_SPLINE_CURVE_WITH_KNOTS('',1,(#576,#577),.UNSPECIFIED.,.F.,.F.,(2,2),(0.00000000000000000E0,1.00000000000000000E0),.UNSPECIFIED.);
#579=DEFINITIONAL_REPRESENTATION('',(#578),#445);
#580=PCURVE('',#117,#579);
#581=CARTESIAN_POINT('',(0.00000000000000000E0,1.00000000000000000E0));
#582=CARTESIAN_POINT('',(0.00000000000000000E0,0.00000000000000000E0));
#583=B_SPLINE_CURVE_WITH_KNOTS('',1,(#581,#582),.UNSPECIFIED.,.F.,.F.,(2,2),(0.00000000000000000E0,1.00000000000000000E0),.UNSPECIFIED.);
#584=DEFINITIONAL_REPRESENTATION('',(#583),#445);
#585=PCURVE('',#117,#584);
#586=CARTESIAN_POINT('',(9.33068530864665791E-1,3.20617141078864187E-1));
#587=CARTESIAN_POINT('',(6.15484941563910870E-1,4.52164570954363743E-1));
#588=B_SPLINE_CURVE_WITH_KNOTS('',1,(#586,#587),.UNSPECIFIED.,.F.,.F.,(2,2),(0.00000000000000000E0,1.00000000000000000E0),.UNSPECIFIED.);
#589=DEFINITIONAL_REPRESENTATION('',(#588),#445);
#590=PCURVE('',#76,#589);
#591=CARTESIAN_POINT('',(6.15484941563910870E-1,4.52164570954363743E-1));
#592=CARTESIAN_POINT('',(5.95670858091272515E-1,4.04329141908727596E-1));
#593=CARTESIAN_POINT('',(5.47835429045636202E-1,3.84515058436089130E-1));
#594=(BOUNDED_CURVE()B_SPLINE_CURVE(2,(#591,#592,#593),.UNSPECIFIED.,.F.,.F.)B_SPLINE_CURVE_WITH_KNOTS((3,3),(0.00000000000000000E0,1.00000000000000000E0),.UNSPECIFIED.)CURVE()GEOMETRIC_REPRESENTATION_ITEM()RATIONAL_B_SPLINE_CURVE((1.00000000000000000E0,9.23879532511286738E-1,1.00000000000000000E0))REPRESENTATION_ITEM(''));
#595=DEFINITIONAL_REPRESENTATION('',(#594),#445);
#596=PCURVE('',#76,#595);
#597=CARTESIAN_POINT('',(5.47835429045636202E-1,3.84515058436089130E-1));
#598=CARTESIAN_POINT('',(6.79382858921135813E-1,6.69314691353343483E-2));
#599=B_SPLINE_CURVE_WITH_KNOTS('',1,(#597,#598),.UNSPECIFIED.,.F.,.F.,(2,2),(0.00000000000000000E0,1.00000000000000000E0),.UNSPECIFIED.);
#600=DEFINITIONAL_REPRESENTATION('',(#599),#445);
#601=PCURVE('',#76,#600);
#602=CARTESIAN_POINT('',(6.79382858921135813E-1,6.69314691353343483E-2));
#603=CARTESIAN_POINT('',(8.58765717842271625E-1,1.41234282157728375E-1));
#604=CARTESIAN_POINT('',(9.33068530864665791E-1,3.20617141078864187E-1));
#605=(BOUNDED_CURVE()B_SPLINE_CURVE(2,(#602,#603,#604),.UNSPECIFIED.,.F.,.F.)B_SPLINE_CURVE_WITH_KNOTS((3,3),(0.00000000000000000E0,1.00000000000000000E0),.UNSPECIFIED.)CURVE()GEOMETRIC_REPRESENTATION_ITEM()RATIONAL_B_SPLINE_CURVE((1.00000000000000000E0,9.23879532511286738E-1,1.00000000000000000E0))REPRESENTATION_ITEM(''));
#606=DEFINITIONAL_REPRESENTATION('',(#605),#445);
#607=PCURVE('',#76,#606);
#608=CARTESIAN_POINT('',(1.00000000000000000E0,0.00000000000000000E0));
#609=CARTESIAN_POINT('',(1.00000000000000000E0,7.91666666666666630E-1));
#610=B_SPLINE_CURVE_WITH_KNOTS('',1,(#608,#609),.UNSPECIFIED.,.F.,.F.,(2,2),(0.00000000000000000E0,1.00000000000000000E0),.UNSPECIFIED.);
#611=DEFINITIONAL_REPRESENTATION('',(#610),#445);
#612=PCURVE('',#124,#611);
#613=CARTESIAN_POINT('',(1.00000000000000000E0,7.91666666666666630E-1));
#614=CARTESIAN_POINT('',(6.66666666666666741E-1,7.91666666666666630E-1));
#615=CARTESIAN_POINT('',(3.33333333333333370E-1,7.91666666666666630E-1));
#616=CARTESIAN_POINT('',(0.00000000000000000E0,7.91666666666666630E-1));
#617=B_SPLINE_CURVE_WITH_KNOTS('',3,(#613,#614,#615,#616),.UNSPECIFIED.,.F.,.F.,(4,4),(0.00000000000000000E0,1.00000000000000000E0),.UNSPECIFIED.);
#618=DEFINITIONAL_REPRESENTATION('',(#617),#445);
#619=PCURVE('',#124,#618);
#620=CARTESIAN_POINT('',(0.00000000000000000E0,7.91666666666666630E-1));
#621=CARTESIAN_POINT('',(0.00000000000000000E0,0.00000000000000000E0));
#622=B_SPLINE_CURVE_WITH_KNOTS('',1,(#620,#621),.UNSPECIFIED.,.F.,.F.,(2,2),(0.00000000000000000E0,1.00000000000000000E0),.UNSPECIFIED.);
#623=DEFINITIONAL_REPRESENTATION('',(#622),#445);
#624=PCURVE('',#124,#623);
#625=CARTESIAN_POINT('',(0.00000000000000000E0,0.00000000000000000E0));
#626=CARTESIAN_POINT('',(1.00000000000000000E0,0.00000000000000000E0));
#627=B_SPLINE_CURVE_WITH_KNOTS('',1,(#625,#626),.UNSPECIFIED.,.F.,.F.,(2,2),(0.00000000000000000E0,1.00000000000000000E0),.UNSPECIFIED.);
#628=DEFINITIONAL_REPRESENTATION('',(#627),#445);
#629=PCURVE('',#124,#628);
#630=CARTESIAN_POINT('',(0.00000000000000000E0,0.00000000000000000E0));
#631=CARTESIAN_POINT('',(1.00000000000000000E0,0.00000000000000000E0));
#632=B_SPLINE_CURVE_WITH_KNOTS('',1,(#630,#631),.UNSPECIFIED.,.F.,.F.,(2,2),(0.00000000000000000E0,1.00000000000000000E0),.UNSPECIFIED.);
#633=DEFINITIONAL_REPRESENTATION('',(#632),#445);
#634=PCURVE('',#131,#633);
#635=CARTESIAN_POINT('',(1.00000000000000000E0,0.00000000000000000E0));
#636=CARTESIAN_POINT('',(1.00000000000000000E0,1.00000000000000000E0));
#637=B_SPLINE_CURVE_WITH_KNOTS('',1,(#635,#636),.UNSPECIFIED.,.F.,.F.,(2,2),(0.00000000000000000E0,1.00000000000000000E0),.UNSPECIFIED.);
#638=DEFINITIONAL_REPRESENTATION('',(#637),#445);
#639=PCURVE('',#131,#638);
#640=CARTESIAN_POINT('',(1.00000000000000000E0,1.00000000000000000E0));
#641=CARTESIAN_POINT('',(6.66666666666666630E-1,1.00000000000000000E0));
#642=CARTESIAN_POINT('',(3.33333333333333315E-1,1.00000000000000000E0));
#643=CARTESIAN_POINT('',(0.00000000000000000E0,1.00000000000000000E0));
#644=B_SPLINE_CURVE_WITH_KNOTS('',3,(#640,#641,#642,#643),.UNSPECIFIED.,.F.,.F.,(4,4),(0.00000000000000000E0,1.00000000000000000E0),.UNSPECIFIED.);
#645=DEFINITIONAL_REPRESENTATION('',(#644),#445);
#646=PCURVE('',#131,#645);
#647=CARTESIAN_POINT('',(0.00000000000000000E0,1.00000000000000000E0));
#648=CARTESIAN_POINT('',(0.00000000000000000E0,0.00000000000000000E0));
#649=B_SPLINE_CURVE_WITH_KNOTS('',1,(#647,#648),.UNSPECIFIED.,.F.,.F.,(2,2),(0.00000000000000000E0,1.00000000000000000E0),.UNSPECIFIED.);
#650=DEFINITIONAL_REPRESENTATION('',(#649),#445);
#651=PCURVE('',#131,#650);
#652=CARTESIAN_POINT('',(3.80602337443566308E-2,3.08658283817455081E-1));
#653=CARTESIAN_POINT('',(1.17316567634910163E-1,1.17316567634910246E-1));
#654=CARTESIAN_POINT('',(3.08658283817455081E-1,3.80602337443566099E-2));
#655=(BOUNDED_CURVE()B_SPLINE_CURVE(2,(#652,#653,#654),.UNSPECIFIED.,.F.,.F.)B_SPLINE_CURVE_WITH_KNOTS((3,3),(0.00000000000000000E0,1.00000000000000000E0),.UNSPECIFIED.)CURVE()GEOMETRIC_REPRESENTATION_ITEM()RATIONAL_B_SPLINE_CURVE((1.00000000000000000E0,9.23879532511286738E-1,1.00000000000000000E0))REPRESENTATION_ITEM(''));
#656=DEFINITIONAL_REPRESENTATION('',(#655),#445);
#657=PCURVE('',#107,#656);
#658=CARTESIAN_POINT('',(3.08658283817455081E-1,3.80602337443566099E-2));
#659=CARTESIAN_POINT('',(4.52164570954363798E-1,3.84515058436089130E-1));
#660=B_SPLINE_CURVE_WITH_KNOTS('',1,(#658,#659),.UNSPECIFIED.,.F.,.F.,(2,2),(0.00000000000000000E0,1.00000000000000000E0),.UNSPECIFIED.);
#661=DEFINITIONAL_REPRESENTATION('',(#660),#445);
#662=PCURVE('',#107,#661);
#663=CARTESIAN_POINT('',(4.52164570954363798E-1,3.84515058436089130E-1));
#664=CARTESIAN_POINT('',(4.04329141908727485E-1,4.04329141908727596E-1));
#665=CARTESIAN_POINT('',(3.84515058436089130E-1,4.52164570954363743E-1));
#666=(BOUNDED_CURVE()B_SPLINE_CURVE(2,(#663,#664,#665),.UNSPECIFIED.,.F.,.F.)B_SPLINE_CURVE_WITH_KNOTS((3,3),(0.00000000000000000E0,1.00000000000000000E0),.UNSPECIFIED.)CURVE()GEOMETRIC_REPRESENTATION_ITEM()RATIONAL_B_SPLINE_CURVE((1.00000000000000000E0,9.23879532511286738E-1,1.00000000000000000E0))REPRESENTATION_ITEM(''));
#667=DEFINITIONAL_REPRESENTATION('',(#666),#445);
#668=PCURVE('',#107,#667);
#669=CARTESIAN_POINT('',(3.84515058436089130E-1,4.52164570954363743E-1));
#670=CARTESIAN_POINT('',(3.80602337443566308E-2,3.08658283817455081E-1));
#671=B_SPLINE_CURVE_WITH_KNOTS('',1,(#669,#670),.UNSPECIFIED.,.F.,.F.,(2,2),(0.00000000000000000E0,1.00000000000000000E0),.UNSPECIFIED.);
#672=DEFINITIONAL_REPRESENTATION('',(#671),#445);
#673=PCURVE('',#107,#672);
#674=CARTESIAN_POINT('',(0.00000000000000000E0,0.00000000000000000E0));
#675=CARTESIAN_POINT('',(1.00000000000000000E0,0.00000000000000000E0));
#676=B_SPLINE_CURVE_WITH_KNOTS('',1,(#674,#675),.UNSPECIFIED.,.F.,.F.,(2,2),(0.00000000000000000E0,1.00000000000000000E0),.UNSPECIFIED.);
#677=DEFINITIONAL_REPRESENTATION('',(#676),#445);
#678=PCURVE('',#150,#677);
#679=CARTESIAN_POINT('',(1.00000000000000000E0,0.00000000000000000E0));
#680=CARTESIAN_POINT('',(1.00000000000000000E0,1.00000000000000000E0));
#681=B_SPLINE_CURVE_WITH_KNOTS('',1,(#679,#680),.UNSPECIFIED.,.F.,.F.,(2,2),(0.00000000000000000E0,1.00000000000000000E0),.UNSPECIFIED.);
#682=DEFINITIONAL_REPRESENTATION('',(#681),#445);
#683=PCURVE('',#150,#682);
#684=CARTESIAN_POINT('',(1.00000000000000000E0,1.00000000000000000E0));
#685=CARTESIAN_POINT('',(0.00000000000000000E0,1.00000000000000000E0));
#686=B_SPLINE_CURVE_WITH_KNOTS('',1,(#684,#685),.UNSPECIFIED.,.F.,.F.,(2,2),(0.00000000000000000E0,1.00000000000000000E0),.UNSPECIFIED.);
#687=DEFINITIONAL_REPRESENTATION('',(#686),#445);
#688=PCURVE('',#150,#687);
#689=CARTESIAN_POINT('',(0.00000000000000000E0,1.00000000000000000E0));
#690=CARTESIAN_POINT('',(0.00000000000000000E0,0.00000000000000000E0));
#691=B_SPLINE_CURVE_WITH_KNOTS('',1,(#689,#690),.UNSPECIFIED.,.F.,.F.,(2,2),(0.00000000000000000E0,1.00000000000000000E0),.UNSPECIFIED.);
#692=DEFINITIONAL_REPRESENTATION('',(#691),#445);
#693=PCURVE('',#150,#692);
#694=CARTESIAN_POINT('',(6.79382858921135813E-1,6.69314691353343483E-2));
#695=CARTESIAN_POINT('',(5.47835429045636202E-1,3.84515058436089130E-1));
#696=B_SPLINE_CURVE_WITH_KNOTS('',1,(#694,#695),.UNSPECIFIED.,.F.,.F.,(2,2),(0.00000000000000000E0,1.00000000000000000E0),.UNSPECIFIED.);
#697=DEFINITIONAL_REPRESENTATION('',(#696),#445);
#698=PCURVE('',#76,#697);
#699=CARTESIAN_POINT('',(5.47835429045636202E-1,3.84515058436089130E-1));
#700=CARTESIAN_POINT('',(5.38753629578471172E-1,3.80753253926036650E-1));
#701=CARTESIAN_POINT('',(5.29320433206410756E-1,3.77887810613539377E-1));
#702=CARTESIAN_POINT('',(5.19641763644259513E-1,3.75962603537846440E-1));
#703=CARTESIAN_POINT('',(5.09830068907879186E-1,3.75000000000000000E-1));
#704=CARTESIAN_POINT('',(5.00000000000000000E-1,3.75000000000000000E-1));
#705=(BOUNDED_CURVE()B_SPLINE_CURVE(5,(#699,#700,#701,#702,#703,#704),.UNSPECIFIED.,.F.,.F.)B_SPLINE_CURVE_WITH_KNOTS((6,6),(0.00000000000000000E0,1.00000000000000000E0),.UNSPECIFIED.)CURVE()GEOMETRIC_REPRESENTATION_ITEM()RATIONAL_B_SPLINE_CURVE((1.00000000000000000E0,9.92314112161292172E-1,9.88471168241938147E-1,9.88471168241938258E-1,9.92314112161292172E-1,1.00000000000000000E0))REPRESENTATION_ITEM(''));
#706=DEFINITIONAL_REPRESENTATION('',(#705),#445);
#707=PCURVE('',#76,#706);
#708=CARTESIAN_POINT('',(5.00000000000000000E-1,3.75000000000000000E-1));
#709=CARTESIAN_POINT('',(5.00000000000000000E-1,0.00000000000000000E0));
#710=B_SPLINE_CURVE_WITH_KNOTS('',1,(#708,#709),.UNSPECIFIED.,.F.,.F.,(2,2),(0.00000000000000000E0,1.00000000000000000E0),.UNSPECIFIED.);
#711=DEFINITIONAL_REPRESENTATION('',(#710),#445);
#712=PCURVE('',#76,#711);
#713=CARTESIAN_POINT('',(5.00000000000000000E-1,0.00000000000000000E0));
#714=CARTESIAN_POINT('',(5.39320275631516521E-1,0.00000000000000000E0));
#715=CARTESIAN_POINT('',(5.78567054577038165E-1,1.33347575507730912E-2));
#716=CARTESIAN_POINT('',(6.13581125609846789E-1,3.33168990547703103E-2));
#717=CARTESIAN_POINT('',(6.45326110919266727E-1,5.28247022226373125E-2));
#718=CARTESIAN_POINT('',(6.79382858921135813E-1,6.69314691353343483E-2));
#719=(BOUNDED_CURVE()B_SPLINE_CURVE(5,(#713,#714,#715,#716,#717,#718),.UNSPECIFIED.,.F.,.F.)B_SPLINE_CURVE_WITH_KNOTS((6,6),(0.00000000000000000E0,1.00000000000000000E0),.UNSPECIFIED.)CURVE()GEOMETRIC_REPRESENTATION_ITEM()RATIONAL_B_SPLINE_CURVE((1.00000000000000000E0,9.92314112161292172E-1,9.88471168241938258E-1,9.88471168241938147E-1,9.92314112161292172E-1,1.00000000000000000E0))REPRESENTATION_ITEM(''));
#720=DEFINITIONAL_REPRESENTATION('',(#719),#445);
#721=PCURVE('',#76,#720);
#722=CARTESIAN_POINT('',(1.00000000000000000E0,0.00000000000000000E0));
#723=CARTESIAN_POINT('',(1.00000000000000000E0,7.91666666666666630E-1));
#724=B_SPLINE_CURVE_WITH_KNOTS('',1,(#722,#723),.UNSPECIFIED.,.F.,.F.,(2,2),(0.00000000000000000E0,1.00000000000000000E0),.UNSPECIFIED.);
#725=DEFINITIONAL_REPRESENTATION('',(#724),#445);
#726=PCURVE('',#163,#725);
#727=CARTESIAN_POINT('',(1.00000000000000000E0,7.91666666666666630E-1));
#728=CARTESIAN_POINT('',(6.66666666666666741E-1,7.91666666666666630E-1));
#729=CARTESIAN_POINT('',(3.33333333333333370E-1,1.00000000000000000E0));
#730=CARTESIAN_POINT('',(0.00000000000000000E0,1.00000000000000000E0));
#731=B_SPLINE_CURVE_WITH_KNOTS('',3,(#727,#728,#729,#730),.UNSPECIFIED.,.F.,.F.,(4,4),(0.00000000000000000E0,1.00000000000000000E0),.UNSPECIFIED.);
#732=DEFINITIONAL_REPRESENTATION('',(#731),#445);
#733=PCURVE('',#163,#732);
#734=CARTESIAN_POINT('',(0.00000000000000000E0,1.00000000000000000E0));
#735=CARTESIAN_POINT('',(0.00000000000000000E0,0.00000000000000000E0));
#736=B_SPLINE_CURVE_WITH_KNOTS('',1,(#734,#735),.UNSPECIFIED.,.F.,.F.,(2,2),(0.00000000000000000E0,1.00000000000000000E0),.UNSPECIFIED.);
#737=DEFINITIONAL_REPRESENTATION('',(#736),#445);
#738=PCURVE('',#163,#737);
#739=CARTESIAN_POINT('',(0.00000000000000000E0,0.00000000000000000E0));
#740=CARTESIAN_POINT('',(1.00000000000000000E0,0.00000000000000000E0));
#741=B_SPLINE_CURVE_WITH_KNOTS('',1,(#739,#740),.UNSPECIFIED.,.F.,.F.,(2,2),(0.00000000000000000E0,1.00000000000000000E0),.UNSPECIFIED.);
#742=DEFINITIONAL_REPRESENTATION('',(#741),#445);
#743=PCURVE('',#163,#742);
#744=CARTESIAN_POINT('',(0.00000000000000000E0,0.00000000000000000E0));
#745=CARTESIAN_POINT('',(1.00000000000000000E0,0.00000000000000000E0));
#746=B_SPLINE_CURVE_WITH_KNOTS('',1,(#744,#745),.UNSPECIFIED.,.F.,.F.,(2,2),(0.00000000000000000E0,1.00000000000000000E0),.UNSPECIFIED.);
#747=DEFINITIONAL_REPRESENTATION('',(#746),#445);
#748=PCURVE('',#176,#747);
#749=CARTESIAN_POINT('',(1.00000000000000000E0,0.00000000000000000E0));
#750=CARTESIAN_POINT('',(1.00000000000000000E0,1.00000000000000000E0));
#751=B_SPLINE_CURVE_WITH_KNOTS('',1,(#749,#750),.UNSPECIFIED.,.F.,.F.,(2,2),(0.00000000000000000E0,1.00000000000000000E0),.UNSPECIFIED.);
#752=DEFINITIONAL_REPRESENTATION('',(#751),#445);
#753=PCURVE('',#176,#752);
#754=CARTESIAN_POINT('',(1.00000000000000000E0,1.00000000000000000E0));
#755=CARTESIAN_POINT('',(6.66666666666666630E-1,1.00000000000000000E0));
#756=CARTESIAN_POINT('',(3.33333333333333315E-1,1.00000000000000000E0));
#757=CARTESIAN_POINT('',(0.00000000000000000E0,1.00000000000000000E0));
#758=B_SPLINE_CURVE_WITH_KNOTS('',3,(#754,#755,#756,#757),.UNSPECIFIED.,.F.,.F.,(4,4),(0.00000000000000000E0,1.00000000000000000E0),.UNSPECIFIED.);
#759=DEFINITIONAL_REPRESENTATION('',(#758),#445);
#760=PCURVE('',#176,#759);
#761=CARTESIAN_POINT('',(0.00000000000000000E0,1.00000000000000000E0));
#762=CARTESIAN_POINT('',(0.00000000000000000E0,0.00000000000000000E0));
#763=B_SPLINE_CURVE_WITH_KNOTS('',1,(#761,#762),.UNSPECIFIED.,.F.,.F.,(2,2),(0.00000000000000000E0,1.00000000000000000E0),.UNSPECIFIED.);
#764=DEFINITIONAL_REPRESENTATION('',(#763),#445);
#765=PCURVE('',#176,#764);
#766=CARTESIAN_POINT('',(3.08658283817455081E-1,3.80602337443566099E-2));
#767=CARTESIAN_POINT('',(3.44985481686115536E-1,2.30130157041465097E-2));
#768=CARTESIAN_POINT('',(3.82718267174357196E-1,1.15512424541575065E-2));
#769=CARTESIAN_POINT('',(4.21432945422961835E-1,3.85041415138589463E-3));
#770=CARTESIAN_POINT('',(4.60679724368483479E-1,0.00000000000000000E0));
#771=CARTESIAN_POINT('',(5.00000000000000000E-1,0.00000000000000000E0));
#772=(BOUNDED_CURVE()B_SPLINE_CURVE(5,(#766,#767,#768,#769,#770,#771),.UNSPECIFIED.,.F.,.F.)B_SPLINE_CURVE_WITH_KNOTS((6,6),(0.00000000000000000E0,1.00000000000000000E0),.UNSPECIFIED.)CURVE()GEOMETRIC_REPRESENTATION_ITEM()RATIONAL_B_SPLINE_CURVE((1.00000000000000000E0,9.92314112161292172E-1,9.88471168241938147E-1,9.88471168241938258E-1,9.92314112161292172E-1,1.00000000000000000E0))REPRESENTATION_ITEM(''));
#773=DEFINITIONAL_REPRESENTATION('',(#772),#445);
#774=PCURVE('',#107,#773);
#775=CARTESIAN_POINT('',(5.00000000000000000E-1,0.00000000000000000E0));
#776=CARTESIAN_POINT('',(5.00000000000000000E-1,3.75000000000000000E-1));
#777=B_SPLINE_CURVE_WITH_KNOTS('',1,(#775,#776),.UNSPECIFIED.,.F.,.F.,(2,2),(0.00000000000000000E0,1.00000000000000000E0),.UNSPECIFIED.);
#778=DEFINITIONAL_REPRESENTATION('',(#777),#445);
#779=PCURVE('',#107,#778);
#780=CARTESIAN_POINT('',(5.00000000000000000E-1,3.75000000000000000E-1));
#781=CARTESIAN_POINT('',(4.90169931092120814E-1,3.75000000000000000E-1));
#782=CARTESIAN_POINT('',(4.80358236355740487E-1,3.75962603537846440E-1));
#783=CARTESIAN_POINT('',(4.70679566793589244E-1,3.77887810613539377E-1));
#784=CARTESIAN_POINT('',(4.61246370421528828E-1,3.80753253926036650E-1));
#785=CARTESIAN_POINT('',(4.52164570954363798E-1,3.84515058436089130E-1));
#786=(BOUNDED_CURVE()B_SPLINE_CURVE(5,(#780,#781,#782,#783,#784,#785),.UNSPECIFIED.,.F.,.F.)B_SPLINE_CURVE_WITH_KNOTS((6,6),(0.00000000000000000E0,1.00000000000000000E0),.UNSPECIFIED.)CURVE()GEOMETRIC_REPRESENTATION_ITEM()RATIONAL_B_SPLINE_CURVE((1.00000000000000000E0,9.92314112161292172E-1,9.88471168241938258E-1,9.88471168241938147E-1,9.92314112161292172E-1,1.00000000000000000E0))REPRESENTATION_ITEM(''));
#787=DEFINITIONAL_REPRESENTATION('',(#786),#445);
#788=PCURVE('',#107,#787);
#789=CARTESIAN_POINT('',(4.52164570954363798E-1,3.84515058436089130E-1));
#790=CARTESIAN_POINT('',(3.08658283817455081E-1,3.80602337443566099E-2));
#791=B_SPLINE_CURVE_WITH_KNOTS('',1,(#789,#790),.UNSPECIFIED.,.F.,.F.,(2,2),(0.00000000000000000E0,1.00000000000000000E0),.UNSPECIFIED.);
#792=DEFINITIONAL_REPRESENTATION('',(#791),#445);
#793=PCURVE('',#107,#792);
#794=CARTESIAN_POINT('',(5.00000000000000000E-1,0.00000000000000000E0));
#795=CARTESIAN_POINT('',(5.00000000000000000E-1,3.75000000000000000E-1));
#796=B_SPLINE_CURVE_WITH_KNOTS('',1,(#794,#795),.UNSPECIFIED.,.F.,.F.,(2,2),(0.00000000000000000E0,1.00000000000000000E0),.UNSPECIFIED.);
#797=DEFINITIONAL_REPRESENTATION('',(#796),#445);
#798=PCURVE('',#76,#797);
#799=CARTESIAN_POINT('',(5.00000000000000000E-1,3.75000000000000000E-1));
#800=CARTESIAN_POINT('',(3.75000000000000000E-1,3.75000000000000000E-1));
#801=CARTESIAN_POINT('',(3.75000000000000000E-1,5.00000000000000000E-1));
#802=(BOUNDED_CURVE()B_SPLINE_CURVE(2,(#799,#800,#801),.UNSPECIFIED.,.F.,.F.)B_SPLINE_CURVE_WITH_KNOTS((3,3),(0.00000000000000000E0,1.00000000000000000E0),.UNSPECIFIED.)CURVE()GEOMETRIC_REPRESENTATION_ITEM()RATIONAL_B_SPLINE_CURVE((1.00000000000000000E0,7.07106781186547573E-1,1.00000000000000000E0))REPRESENTATION_ITEM(''));
#803=DEFINITIONAL_REPRESENTATION('',(#802),#445);
#804=PCURVE('',#76,#803);
#805=CARTESIAN_POINT('',(3.75000000000000000E-1,5.00000000000000000E-1));
#806=CARTESIAN_POINT('',(0.00000000000000000E0,5.00000000000000000E-1));
#807=B_SPLINE_CURVE_WITH_KNOTS('',1,(#805,#806),.UNSPECIFIED.,.F.,.F.,(2,2),(0.00000000000000000E0,1.00000000000000000E0),.UNSPECIFIED.);
#808=DEFINITIONAL_REPRESENTATION('',(#807),#445);
#809=PCURVE('',#76,#808);
#810=CARTESIAN_POINT('',(0.00000000000000000E0,5.00000000000000000E-1));
#811=CARTESIAN_POINT('',(8.88178419700125282E-17,0.00000000000000000E0));
#812=CARTESIAN_POINT('',(5.00000000000000000E-1,0.00000000000000000E0));
#813=(BOUNDED_CURVE()B_SPLINE_CURVE(2,(#810,#811,#812),.UNSPECIFIED.,.F.,.F.)B_SPLINE_CURVE_WITH_KNOTS((3,3),(0.00000000000000000E0,1.00000000000000000E0),.UNSPECIFIED.)CURVE()GEOMETRIC_REPRESENTATION_ITEM()RATIONAL_B_SPLINE_CURVE((1.00000000000000000E0,7.07106781186547573E-1,1.00000000000000000E0))REPRESENTATION_ITEM(''));
#814=DEFINITIONAL_REPRESENTATION('',(#813),#445);
#815=PCURVE('',#76,#814);
#816=CARTESIAN_POINT('',(1.00000000000000000E0,0.00000000000000000E0));
#817=CARTESIAN_POINT('',(1.00000000000000000E0,1.00000000000000000E0));
#818=B_SPLINE_CURVE_WITH_KNOTS('',1,(#816,#817),.UNSPECIFIED.,.F.,.F.,(2,2),(0.00000000000000000E0,1.00000000000000000E0),.UNSPECIFIED.);
#819=DEFINITIONAL_REPRESENTATION('',(#818),#445);
#820=PCURVE('',#183,#819);
#821=CARTESIAN_POINT('',(1.00000000000000000E0,1.00000000000000000E0));
#822=CARTESIAN_POINT('',(6.66666666666666741E-1,1.00000000000000000E0));
#823=CARTESIAN_POINT('',(3.33333333333333370E-1,1.00000000000000000E0));
#824=CARTESIAN_POINT('',(0.00000000000000000E0,1.00000000000000000E0));
#825=B_SPLINE_CURVE_WITH_KNOTS('',3,(#821,#822,#823,#824),.UNSPECIFIED.,.F.,.F.,(4,4),(0.00000000000000000E0,1.00000000000000000E0),.UNSPECIFIED.);
#826=DEFINITIONAL_REPRESENTATION('',(#825),#445);
#827=PCURVE('',#183,#826);
#828=CARTESIAN_POINT('',(0.00000000000000000E0,1.00000000000000000E0));
#829=CARTESIAN_POINT('',(0.00000000000000000E0,0.00000000000000000E0));
#830=B_SPLINE_CURVE_WITH_KNOTS('',1,(#828,#829),.UNSPECIFIED.,.F.,.F.,(2,2),(0.00000000000000000E0,1.00000000000000000E0),.UNSPECIFIED.);
#831=DEFINITIONAL_REPRESENTATION('',(#830),#445);
#832=PCURVE('',#183,#831);
#833=CARTESIAN_POINT('',(0.00000000000000000E0,0.00000000000000000E0));
#834=CARTESIAN_POINT('',(1.00000000000000000E0,0.00000000000000000E0));
#835=B_SPLINE_CURVE_WITH_KNOTS('',1,(#833,#834),.UNSPECIFIED.,.F.,.F.,(2,2),(0.00000000000000000E0,1.00000000000000000E0),.UNSPECIFIED.);
#836=DEFINITIONAL_REPRESENTATION('',(#835),#445);
#837=PCURVE('',#183,#836);
#838=CARTESIAN_POINT('',(0.00000000000000000E0,0.00000000000000000E0));
#839=CARTESIAN_POINT('',(1.00000000000000000E0,0.00000000000000000E0));
#840=B_SPLINE_CURVE_WITH_KNOTS('',1,(#838,#839),.UNSPECIFIED.,.F.,.F.,(2,2),(0.00000000000000000E0,1.00000000000000000E0),.UNSPECIFIED.);
#841=DEFINITIONAL_REPRESENTATION('',(#840),#445);
#842=PCURVE('',#190,#841);
#843=CARTESIAN_POINT('',(1.00000000000000000E0,0.00000000000000000E0));
#844=CARTESIAN_POINT('',(1.00000000000000000E0,1.00000000000000000E0));
#845=B_SPLINE_CURVE_WITH_KNOTS('',1,(#843,#844),.UNSPECIFIED.,.F.,.F.,(2,2),(0.00000000000000000E0,1.00000000000000000E0),.UNSPECIFIED.);
#846=DEFINITIONAL_REPRESENTATION('',(#845),#445);
#847=PCURVE('',#190,#846);
#848=CARTESIAN_POINT('',(1.00000000000000000E0,1.00000000000000000E0));
#849=CARTESIAN_POINT('',(6.66666666666666630E-1,1.00000000000000000E0));
#850=CARTESIAN_POINT('',(3.33333333333333315E-1,1.00000000000000000E0));
#851=CARTESIAN_POINT('',(0.00000000000000000E0,1.00000000000000000E0));
#852=B_SPLINE_CURVE_WITH_KNOTS('',3,(#848,#849,#850,#851),.UNSPECIFIED.,.F.,.F.,(4,4),(0.00000000000000000E0,1.00000000000000000E0),.UNSPECIFIED.);
#853=DEFINITIONAL_REPRESENTATION('',(#852),#445);
#854=PCURVE('',#190,#853);
#855=CARTESIAN_POINT('',(0.00000000000000000E0,1.00000000000000000E0));
#856=CARTESIAN_POINT('',(0.00000000000000000E0,0.00000000000000000E0));
#857=B_SPLINE_CURVE_WITH_KNOTS('',1,(#855,#856),.UNSPECIFIED.,.F.,.F.,(2,2),(0.00000000000000000E0,1.00000000000000000E0),.UNSPECIFIED.);
#858=DEFINITIONAL_REPRESENTATION('',(#857),#445);
#859=PCURVE('',#190,#858);
#860=CARTESIAN_POINT('',(5.00000000000000000E-1,0.00000000000000000E0));
#861=CARTESIAN_POINT('',(9.99999999999999889E-1,0.00000000000000000E0));
#862=CARTESIAN_POINT('',(1.00000000000000000E0,5.00000000000000000E-1));
#863=(BOUNDED_CURVE()B_SPLINE_CURVE(2,(#860,#861,#862),.UNSPECIFIED.,.F.,.F.)B_SPLINE_CURVE_WITH_KNOTS((3,3),(0.00000000000000000E0,1.00000000000000000E0),.UNSPECIFIED.)CURVE()GEOMETRIC_REPRESENTATION_ITEM()RATIONAL_B_SPLINE_CURVE((1.00000000000000000E0,7.07106781186547573E-1,1.00000000000000000E0))REPRESENTATION_ITEM(''));
#864=DEFINITIONAL_REPRESENTATION('',(#863),#445);
#865=PCURVE('',#107,#864);
#866=CARTESIAN_POINT('',(1.00000000000000000E0,5.00000000000000000E-1));
#867=CARTESIAN_POINT('',(6.25000000000000000E-1,5.00000000000000000E-1));
#868=B_SPLINE_CURVE_WITH_KNOTS('',1,(#866,#867),.UNSPECIFIED.,.F.,.F.,(2,2),(0.00000000000000000E0,1.00000000000000000E0),.UNSPECIFIED.);
#869=DEFINITIONAL_REPRESENTATION('',(#868),#445);
#870=PCURVE('',#107,#869);
#871=CARTESIAN_POINT('',(6.25000000000000000E-1,5.00000000000000000E-1));
#872=CARTESIAN_POINT('',(6.25000000000000000E-1,3.75000000000000000E-1));
#873=CARTESIAN_POINT('',(5.00000000000000000E-1,3.75000000000000000E-1));
#874=(BOUNDED_CURVE()B_SPLINE_CURVE(2,(#871,#872,#873),.UNSPECIFIED.,.F.,.F.)B_SPLINE_CURVE_WITH_KNOTS((3,3),(0.00000000000000000E0,1.00000000000000000E0),.UNSPECIFIED.)CURVE()GEOMETRIC_REPRESENTATION_ITEM()RATIONAL_B_SPLINE_CURVE((1.00000000000000000E0,7.07106781186547573E-1,1.00000000000000000E0))REPRESENTATION_ITEM(''));
#875=DEFINITIONAL_REPRESENTATION('',(#874),#445);
#876=PCURVE('',#107,#875);
#877=CARTESIAN_POINT('',(5.00000000000000000E-1,3.75000000000000000E-1));
#878=CARTESIAN_POINT('',(5.00000000000000000E-1,0.00000000000000000E0));
#879=B_SPLINE_CURVE_WITH_KNOTS('',1,(#877,#878),.UNSPECIFIED.,.F.,.F.,(2,2),(0.00000000000000000E0,1.00000000000000000E0),.UNSPECIFIED.);
#880=DEFINITIONAL_REPRESENTATION('',(#879),#445);
#881=PCURVE('',#107,#880);
#882=CARTESIAN_POINT('',(0.00000000000000000E0,5.00000000000000000E-1));
#883=CARTESIAN_POINT('',(3.75000000000000000E-1,5.00000000000000000E-1));
#884=B_SPLINE_CURVE_WITH_KNOTS('',1,(#882,#883),.UNSPECIFIED.,.F.,.F.,(2,2),(0.00000000000000000E0,1.00000000000000000E0),.UNSPECIFIED.);
#885=DEFINITIONAL_REPRESENTATION('',(#884),#445);
#886=PCURVE('',#76,#885);
#887=CARTESIAN_POINT('',(3.75000000000000000E-1,5.00000000000000000E-1));
#888=CARTESIAN_POINT('',(3.75000000000000000E-1,6.25000000000000000E-1));
#889=CARTESIAN_POINT('',(5.00000000000000000E-1,6.25000000000000000E-1));
#890=(BOUNDED_CURVE()B_SPLINE_CURVE(2,(#887,#888,#889),.UNSPECIFIED.,.F.,.F.)B_SPLINE_CURVE_WITH_KNOTS((3,3),(0.00000000000000000E0,1.00000000000000000E0),.UNSPECIFIED.)CURVE()GEOMETRIC_REPRESENTATION_ITEM()RATIONAL_B_SPLINE_CURVE((1.00000000000000000E0,7.07106781186547573E-1,1.00000000000000000E0))REPRESENTATION_ITEM(''));
#891=DEFINITIONAL_REPRESENTATION('',(#890),#445);
#892=PCURVE('',#76,#891);
#893=CARTESIAN_POINT('',(5.00000000000000000E-1,6.25000000000000000E-1));
#894=CARTESIAN_POINT('',(5.00000000000000000E-1,1.00000000000000000E0));
#895=B_SPLINE_CURVE_WITH_KNOTS('',1,(#893,#894),.UNSPECIFIED.,.F.,.F.,(2,2),(0.00000000000000000E0,1.00000000000000000E0),.UNSPECIFIED.);
#896=DEFINITIONAL_REPRESENTATION('',(#895),#445);
#897=PCURVE('',#76,#896);
#898=CARTESIAN_POINT('',(5.00000000000000000E-1,1.00000000000000000E0));
#899=CARTESIAN_POINT('',(-8.88178419700125282E-17,1.00000000000000000E0));
#900=CARTESIAN_POINT('',(0.00000000000000000E0,5.00000000000000000E-1));
#901=(BOUNDED_CURVE()B_SPLINE_CURVE(2,(#898,#899,#900),.UNSPECIFIED.,.F.,.F.)B_SPLINE_CURVE_WITH_KNOTS((3,3),(0.00000000000000000E0,1.00000000000000000E0),.UNSPECIFIED.)CURVE()GEOMETRIC_REPRESENTATION_ITEM()RATIONAL_B_SPLINE_CURVE((1.00000000000000000E0,7.07106781186547573E-1,1.00000000000000000E0))REPRESENTATION_ITEM(''));
#902=DEFINITIONAL_REPRESENTATION('',(#901),#445);
#903=PCURVE('',#76,#902);
#904=CARTESIAN_POINT('',(1.00000000000000000E0,0.00000000000000000E0));
#905=CARTESIAN_POINT('',(1.00000000000000000E0,1.00000000000000000E0));
#906=B_SPLINE_CURVE_WITH_KNOTS('',1,(#904,#905),.UNSPECIFIED.,.F.,.F.,(2,2),(0.00000000000000000E0,1.00000000000000000E0),.UNSPECIFIED.);
#907=DEFINITIONAL_REPRESENTATION('',(#906),#445);
#908=PCURVE('',#197,#907);
#909=CARTESIAN_POINT('',(1.00000000000000000E0,1.00000000000000000E0));
#910=CARTESIAN_POINT('',(6.66666666666666741E-1,1.00000000000000000E0));
#911=CARTESIAN_POINT('',(3.33333333333333370E-1,1.00000000000000000E0));
#912=CARTESIAN_POINT('',(0.00000000000000000E0,1.00000000000000000E0));
#913=B_SPLINE_CURVE_WITH_KNOTS('',3,(#909,#910,#911,#912),.UNSPECIFIED.,.F.,.F.,(4,4),(0.00000000000000000E0,1.00000000000000000E0),.UNSPECIFIED.);
#914=DEFINITIONAL_REPRESENTATION('',(#913),#445);
#915=PCURVE('',#197,#914);
#916=CARTESIAN_POINT('',(0.00000000000000000E0,1.00000000000000000E0));
#917=CARTESIAN_POINT('',(0.00000000000000000E0,0.00000000000000000E0));
#918=B_SPLINE_CURVE_WITH_KNOTS('',1,(#916,#917),.UNSPECIFIED.,.F.,.F.,(2,2),(0.00000000000000000E0,1.00000000000000000E0),.UNSPECIFIED.);
#919=DEFINITIONAL_REPRESENTATION('',(#918),#445);
#920=PCURVE('',#197,#919);
#921=CARTESIAN_POINT('',(0.00000000000000000E0,0.00000000000000000E0));
#922=CARTESIAN_POINT('',(1.00000000000000000E0,0.00000000000000000E0));
#923=B_SPLINE_CURVE_WITH_KNOTS('',1,(#921,#922),.UNSPECIFIED.,.F.,.F.,(2,2),(0.00000000000000000E0,1.00000000000000000E0),.UNSPECIFIED.);
#924=DEFINITIONAL_REPRESENTATION('',(#923),#445);
#925=PCURVE('',#197,#924);
#926=CARTESIAN_POINT('',(0.00000000000000000E0,0.00000000000000000E0));
#927=CARTESIAN_POINT('',(1.00000000000000000E0,0.00000000000000000E0));
#928=B_SPLINE_CURVE_WITH_KNOTS('',1,(#926,#927),.UNSPECIFIED.,.F.,.F.,(2,2),(0.00000000000000000E0,1.00000000000000000E0),.UNSPECIFIED.);
#929=DEFINITIONAL_REPRESENTATION('',(#928),#445);
#930=PCURVE('',#204,#929);
#931=CARTESIAN_POINT('',(1.00000000000000000E0,0.00000000000000000E0));
#932=CARTESIAN_POINT('',(1.00000000000000000E0,1.00000000000000000E0));
#933=B_SPLINE_CURVE_WITH_KNOTS('',1,(#931,#932),.UNSPECIFIED.,.F.,.F.,(2,2),(0.00000000000000000E0,1.00000000000000000E0),.UNSPECIFIED.);
#934=DEFINITIONAL_REPRESENTATION('',(#933),#445);
#935=PCURVE('',#204,#934);
#936=CARTESIAN_POINT('',(1.00000000000000000E0,1.00000000000000000E0));
#937=CARTESIAN_POINT('',(6.66666666666666630E-1,1.00000000000000000E0));
#938=CARTESIAN_POINT('',(3.33333333333333315E-1,1.00000000000000000E0));
#939=CARTESIAN_POINT('',(0.00000000000000000E0,1.00000000000000000E0));
#940=B_SPLINE_CURVE_WITH_KNOTS('',3,(#936,#937,#938,#939),.UNSPECIFIED.,.F.,.F.,(4,4),(0.00000000000000000E0,1.00000000000000000E0),.UNSPECIFIED.);
#941=DEFINITIONAL_REPRESENTATION('',(#940),#445);
#942=PCURVE('',#204,#941);
#943=CARTESIAN_POINT('',(0.00000000000000000E0,1.00000000000000000E0));
#944=CARTESIAN_POINT('',(0.00000000000000000E0,0.00000000000000000E0));
#945=B_SPLINE_CURVE_WITH_KNOTS('',1,(#943,#944),.UNSPECIFIED.,.F.,.F.,(2,2),(0.00000000000000000E0,1.00000000000000000E0),.UNSPECIFIED.);
#946=DEFINITIONAL_REPRESENTATION('',(#945),#445);
#947=PCURVE('',#204,#946);
#948=CARTESIAN_POINT('',(1.00000000000000000E0,5.00000000000000000E-1));
#949=CARTESIAN_POINT('',(1.00000000000000000E0,1.00000000000000000E0));
#950=CARTESIAN_POINT('',(5.00000000000000000E-1,1.00000000000000000E0));
#951=(BOUNDED_CURVE()B_SPLINE_CURVE(2,(#948,#949,#950),.UNSPECIFIED.,.F.,.F.)B_SPLINE_CURVE_WITH_KNOTS((3,3),(0.00000000000000000E0,1.00000000000000000E0),.UNSPECIFIED.)CURVE()GEOMETRIC_REPRESENTATION_ITEM()RATIONAL_B_SPLINE_CURVE((1.00000000000000000E0,7.07106781186547573E-1,1.00000000000000000E0))REPRESENTATION_ITEM(''));
#952=DEFINITIONAL_REPRESENTATION('',(#951),#445);
#953=PCURVE('',#107,#952);
#954=CARTESIAN_POINT('',(5.00000000000000000E-1,1.00000000000000000E0));
#955=CARTESIAN_POINT('',(5.00000000000000000E-1,6.25000000000000000E-1));
#956=B_SPLINE_CURVE_WITH_KNOTS('',1,(#954,#955),.UNSPECIFIED.,.F.,.F.,(2,2),(0.00000000000000000E0,1.00000000000000000E0),.UNSPECIFIED.);
#957=DEFINITIONAL_REPRESENTATION('',(#956),#445);
#958=PCURVE('',#107,#957);
#959=CARTESIAN_POINT('',(5.00000000000000000E-1,6.25000000000000000E-1));
#960=CARTESIAN_POINT('',(6.25000000000000000E-1,6.25000000000000000E-1));
#961=CARTESIAN_POINT('',(6.25000000000000000E-1,5.00000000000000000E-1));
#962=(BOUNDED_CURVE()B_SPLINE_CURVE(2,(#959,#960,#961),.UNSPECIFIED.,.F.,.F.)B_SPLINE_CURVE_WITH_KNOTS((3,3),(0.00000000000000000E0,1.00000000000000000E0),.UNSPECIFIED.)CURVE()GEOMETRIC_REPRESENTATION_ITEM()RATIONAL_B_SPLINE_CURVE((1.00000000000000000E0,7.07106781186547573E-1,1.00000000000000000E0))REPRESENTATION_ITEM(''));
#963=DEFINITIONAL_REPRESENTATION('',(#962),#445);
#964=PCURVE('',#107,#963);
#965=CARTESIAN_POINT('',(6.25000000000000000E-1,5.00000000000000000E-1));
#966=CARTESIAN_POINT('',(1.00000000000000000E0,5.00000000000000000E-1));
#967=B_SPLINE_CURVE_WITH_KNOTS('',1,(#965,#966),.UNSPECIFIED.,.F.,.F.,(2,2),(0.00000000000000000E0,1.00000000000000000E0),.UNSPECIFIED.);
#968=DEFINITIONAL_REPRESENTATION('',(#967),#445);
#969=PCURVE('',#107,#968);
#970=CARTESIAN_POINT('',(5.00000000000000000E-1,1.00000000000000000E0));
#971=CARTESIAN_POINT('',(5.00000000000000000E-1,6.25000000000000000E-1));
#972=B_SPLINE_CURVE_WITH_KNOTS('',1,(#970,#971),.UNSPECIFIED.,.F.,.F.,(2,2),(0.00000000000000000E0,1.00000000000000000E0),.UNSPECIFIED.);
#973=DEFINITIONAL_REPRESENTATION('',(#972),#445);
#974=PCURVE('',#76,#973);
#975=CARTESIAN_POINT('',(5.00000000000000000E-1,6.25000000000000000E-1));
#976=CARTESIAN_POINT('',(6.25000000000000000E-1,6.25000000000000000E-1));
#977=CARTESIAN_POINT('',(6.25000000000000000E-1,5.00000000000000000E-1));
#978=(BOUNDED_CURVE()B_SPLINE_CURVE(2,(#975,#976,#977),.UNSPECIFIED.,.F.,.F.)B_SPLINE_CURVE_WITH_KNOTS((3,3),(0.00000000000000000E0,1.00000000000000000E0),.UNSPECIFIED.)CURVE()GEOMETRIC_REPRESENTATION_ITEM()RATIONAL_B_SPLINE_CURVE((1.00000000000000000E0,7.07106781186547573E-1,1.00000000000000000E0))REPRESENTATION_ITEM(''));
#979=DEFINITIONAL_REPRESENTATION('',(#978),#445);
#980=PCURVE('',#76,#979);
#981=CARTESIAN_POINT('',(6.25000000000000000E-1,5.00000000000000000E-1));
#982=CARTESIAN_POINT('',(1.00000000000000000E0,5.00000000000000000E-1));
#983=B_SPLINE_CURVE_WITH_KNOTS('',1,(#981,#982),.UNSPECIFIED.,.F.,.F.,(2,2),(0.00000000000000000E0,1.00000000000000000E0),.UNSPECIFIED.);
#984=DEFINITIONAL_REPRESENTATION('',(#983),#445);
#985=PCURVE('',#76,#984);
#986=CARTESIAN_POINT('',(1.00000000000000000E0,5.00000000000000000E-1));
#987=CARTESIAN_POINT('',(9.99999999999999778E-1,1.00000000000000000E0));
#988=CARTESIAN_POINT('',(5.00000000000000000E-1,1.00000000000000000E0));
#989=(BOUNDED_CURVE()B_SPLINE_CURVE(2,(#986,#987,#988),.UNSPECIFIED.,.F.,.F.)B_SPLINE_CURVE_WITH_KNOTS((3,3),(0.00000000000000000E0,1.00000000000000000E0),.UNSPECIFIED.)CURVE()GEOMETRIC_REPRESENTATION_ITEM()RATIONAL_B_SPLINE_CURVE((1.00000000000000000E0,7.07106781186547573E-1,1.00000000000000000E0))REPRESENTATION_ITEM(''));
#990=DEFINITIONAL_REPRESENTATION('',(#989),#445);
#991=PCURVE('',#76,#990);
#992=CARTESIAN_POINT('',(1.00000000000000000E0,0.00000000000000000E0));
#993=CARTESIAN_POINT('',(1.00000000000000000E0,1.00000000000000000E0));
#994=B_SPLINE_CURVE_WITH_KNOTS('',1,(#992,#993),.UNSPECIFIED.,.F.,.F.,(2,2),(0.00000000000000000E0,1.00000000000000000E0),.UNSPECIFIED.);
#995=DEFINITIONAL_REPRESENTATION('',(#994),#445);
#996=PCURVE('',#211,#995);
#997=CARTESIAN_POINT('',(1.00000000000000000E0,1.00000000000000000E0));
#998=CARTESIAN_POINT('',(6.66666666666666741E-1,1.00000000000000000E0));
#999=CARTESIAN_POINT('',(3.33333333333333370E-1,1.00000000000000000E0));
#1000=CARTESIAN_POINT('',(0.00000000000000000E0,1.00000000000000000E0));
#1001=B_SPLINE_CURVE_WITH_KNOTS('',3,(#997,#998,#999,#1000),.UNSPECIFIED.,.F.,.F.,(4,4),(0.00000000000000000E0,1.00000000000000000E0),.UNSPECIFIED.);
#1002=DEFINITIONAL_REPRESENTATION('',(#1001),#445);
#1003=PCURVE('',#211,#1002);
#1004=CARTESIAN_POINT('',(0.00000000000000000E0,1.00000000000000000E0));
#1005=CARTESIAN_POINT('',(0.00000000000000000E0,0.00000000000000000E0));
#1006=B_SPLINE_CURVE_WITH_KNOTS('',1,(#1004,#1005),.UNSPECIFIED.,.F.,.F.,(2,2),(0.00000000000000000E0,1.00000000000000000E0),.UNSPECIFIED.);
#1007=DEFINITIONAL_REPRESENTATION('',(#1006),#445);
#1008=PCURVE('',#211,#1007);
#1009=CARTESIAN_POINT('',(0.00000000000000000E0,0.00000000000000000E0));
#1010=CARTESIAN_POINT('',(1.00000000000000000E0,0.00000000000000000E0));
#1011=B_SPLINE_CURVE_WITH_KNOTS('',1,(#1009,#1010),.UNSPECIFIED.,.F.,.F.,(2,2),(0.00000000000000000E0,1.00000000000000000E0),.UNSPECIFIED.);
#1012=DEFINITIONAL_REPRESENTATION('',(#1011),#445);
#1013=PCURVE('',#211,#1012);
#1014=CARTESIAN_POINT('',(0.00000000000000000E0,0.00000000000000000E0));
#1015=CARTESIAN_POINT('',(1.00000000000000000E0,0.00000000000000000E0));
#1016=B_SPLINE_CURVE_WITH_KNOTS('',1,(#1014,#1015),.UNSPECIFIED.,.F.,.F.,(2,2),(0.00000000000000000E0,1.00000000000000000E0),.UNSPECIFIED.);
#1017=DEFINITIONAL_REPRESENTATION('',(#1016),#445);
#1018=PCURVE('',#218,#1017);
#1019=CARTESIAN_POINT('',(1.00000000000000000E0,0.00000000000000000E0));
#1020=CARTESIAN_POINT('',(1.00000000000000000E0,1.00000000000000000E0));
#1021=B_SPLINE_CURVE_WITH_KNOTS('',1,(#1019,#1020),.UNSPECIFIED.,.F.,.F.,(2,2),(0.00000000000000000E0,1.00000000000000000E0),.UNSPECIFIED.);
#1022=DEFINITIONAL_REPRESENTATION('',(#1021),#445);
#1023=PCURVE('',#218,#1022);
#1024=CARTESIAN_POINT('',(1.00000000000000000E0,1.00000000000000000E0));
#1025=CARTESIAN_POINT('',(6.66666666666666630E-1,1.00000000000000000E0));
#1026=CARTESIAN_POINT('',(3.33333333333333315E-1,1.00000000000000000E0));
#1027=CARTESIAN_POINT('',(0.00000000000000000E0,1.00000000000000000E0));
#1028=B_SPLINE_CURVE_WITH_KNOTS('',3,(#1024,#1025,#1026,#1027),.UNSPECIFIED.,.F.,.F.,(4,4),(0.00000000000000000E0,1.00000000000000000E0),.UNSPECIFIED.);
#1029=DEFINITIONAL_REPRESENTATION('',(#1028),#445);
#1030=PCURVE('',#218,#1029);
#1031=CARTESIAN_POINT('',(0.00000000000000000E0,1.00000000000000000E0));
#1032=CARTESIAN_POINT('',(0.00000000000000000E0,0.00000000000000000E0));
#1033=B_SPLINE_CURVE_WITH_KNOTS('',1,(#1031,#1032),.UNSPECIFIED.,.F.,.F.,(2,2),(0.00000000000000000E0,1.00000000000000000E0),.UNSPECIFIED.);
#1034=DEFINITIONAL_REPRESENTATION('',(#1033),#445);
#1035=PCURVE('',#218,#1034);
#1036=CARTESIAN_POINT('',(5.00000000000000000E-1,1.00000000000000000E0));
#1037=CARTESIAN_POINT('',(2.22044604925031308E-16,1.00000000000000000E0));
#1038=CARTESIAN_POINT('',(0.00000000000000000E0,5.00000000000000000E-1));
#1039=(BOUNDED_CURVE()B_SPLINE_CURVE(2,(#1036,#1037,#1038),.UNSPECIFIED.,.F.,.F.)B_SPLINE_CURVE_WITH_KNOTS((3,3),(0.00000000000000000E0,1.00000000000000000E0),.UNSPECIFIED.)CURVE()GEOMETRIC_REPRESENTATION_ITEM()RATIONAL_B_SPLINE_CURVE((1.00000000000000000E0,7.07106781186547573E-1,1.00000000000000000E0))REPRESENTATION_ITEM(''));
#1040=DEFINITIONAL_REPRESENTATION('',(#1039),#445);
#1041=PCURVE('',#107,#1040);
#1042=CARTESIAN_POINT('',(0.00000000000000000E0,5.00000000000000000E-1));
#1043=CARTESIAN_POINT('',(3.75000000000000000E-1,5.00000000000000000E-1));
#1044=B_SPLINE_CURVE_WITH_KNOTS('',1,(#1042,#1043),.UNSPECIFIED.,.F.,.F.,(2,2),(0.00000000000000000E0,1.00000000000000000E0),.UNSPECIFIED.);
#1045=DEFINITIONAL_REPRESENTATION('',(#1044),#445);
#1046=PCURVE('',#107,#1045);
#1047=CARTESIAN_POINT('',(3.75000000000000000E-1,5.00000000000000000E-1));
#1048=CARTESIAN_POINT('',(3.75000000000000000E-1,6.25000000000000000E-1));
#1049=CARTESIAN_POINT('',(5.00000000000000000E-1,6.25000000000000000E-1));
#1050=(BOUNDED_CURVE()B_SPLINE_CURVE(2,(#1047,#1048,#1049),.UNSPECIFIED.,.F.,.F.)B_SPLINE_CURVE_WITH_KNOTS((3,3),(0.00000000000000000E0,1.00000000000000000E0),.UNSPECIFIED.)CURVE()GEOMETRIC_REPRESENTATION_ITEM()RATIONAL_B_SPLINE_CURVE((1.00000000000000000E0,7.07106781186547573E-1,1.00000000000000000E0))REPRESENTATION_ITEM(''));
#1051=DEFINITIONAL_REPRESENTATION('',(#1050),#445);
#1052=PCURVE('',#107,#1051);
#1053=CARTESIAN_POINT('',(5.00000000000000000E-1,6.25000000000000000E-1));
#1054=CARTESIAN_POINT('',(5.00000000000000000E-1,1.00000000000000000E0));
#1055=B_SPLINE_CURVE_WITH_KNOTS('',1,(#1053,#1054),.UNSPECIFIED.,.F.,.F.,(2,2),(0.00000000000000000E0,1.00000000000000000E0),.UNSPECIFIED.);
#1056=DEFINITIONAL_REPRESENTATION('',(#1055),#445);
#1057=PCURVE('',#107,#1056);
#1058=SURFACE_CURVE('',#225,(#450,#493),.PCURVE_S1.);
#1059=EDGE_CURVE('OSCAD_TOPO/3|edge|e:5729fb1cf65eeedde744ce4b3223259b|dd0bd52caac7158c8267299ced97a6bd717ac90d32896e6ecdf1447fd793a449',#2,#4,#1058,.T.);
#1060=SURFACE_CURVE('',#229,(#455,#585),.PCURVE_S1.);
#1061=EDGE_CURVE('OSCAD_TOPO/3|edge|e:eb2e56bc0bc7a171cabdcd4ce16fedd7|1c204fe0010587a11ab89332cc2b0b5372108f4e3bf5a0f7ccefba61dc0f5142',#4,#6,#1060,.T.);
#1062=SURFACE_CURVE('',#236,(#460,#505),.PCURVE_S1.);
#1063=EDGE_CURVE('OSCAD_TOPO/3|edge|e:747dc03be841e53b93f8903d8e56e53e|bcde8256ea271a4f8c96d42c91f698dfbe190c5e0e800502fc4a67768e7b5bd2',#6,#2,#1062,.T.);
#1064=SURFACE_CURVE('',#240,(#465),.PCURVE_S1.);
#1065=EDGE_CURVE('OSCAD_TOPO/3|edge|e:4d1b6c9635422c77cd720dabcfb02f98|feea9d9ff4f1b2d5f5dd2e600cb942dc58ac459a6a28ed15b6e1bce3d2dc2a78',#2,#2,#1064,.T.);
#1066=SURFACE_CURVE('',#243,(#470,#985),.PCURVE_S1.);
#1067=EDGE_CURVE('OSCAD_TOPO/3|edge|e:3fdd08283a00a30d767978e360cd1afb|5db1de0a11da9e9bbbec02ec2eac06420e433acdd41557fd5b4007eab4374518',#2,#8,#1066,.T.);
#1068=SURFACE_CURVE('',#250,(#479,#532),.PCURVE_S1.);
#1069=EDGE_CURVE('OSCAD_TOPO/3|edge|e:bff7641351fecdf46ffd5ba5fdea24eb|faa8119b93003d9663c54e02b1547ca3d48824a014f280af5871b2b5b48891ba',#8,#10,#1068,.T.);
#1070=SURFACE_CURVE('',#253,(#484,#590),.PCURVE_S1.);
#1071=EDGE_CURVE('OSCAD_TOPO/3|edge|e:8ae574826d9a0709d3824aeb6194a56e|e54e907dcb966877a47c30162386100eb3912b90b5c6647e5e876f7563c5b61a',#10,#4,#1070,.T.);
#1072=SURFACE_CURVE('',#260,(#515,#546),.PCURVE_S1.);
#1073=EDGE_CURVE('OSCAD_TOPO/3|edge|e:c02fd9d5fc52133a30dfd10e0f248088|78b8d1f61e57e9a5333872028292002a2cda0f65e714d123dba8ba71727e6fd2',#12,#14,#1072,.T.);
#1074=SURFACE_CURVE('',#263,(#510,#612),.PCURVE_S1.);
#1075=EDGE_CURVE('OSCAD_TOPO/3|edge|e:242147d913df4a90f131f015b9bea535|90a96ae8d9029fbd6a929608ca2906cdc23b227a098a8de1218889811c14191c',#14,#6,#1074,.T.);
#1076=SURFACE_CURVE('',#266,(#498,#1008),.PCURVE_S1.);
#1077=EDGE_CURVE('OSCAD_TOPO/3|edge|e:089f3fabb852fce729739fbca181edf9|c913b7c0a2c98816254ac5667679f51f3365959cd8770820e8231db990f03257',#2,#12,#1076,.T.);
#1078=SURFACE_CURVE('',#273,(#520,#560),.PCURVE_S1.);
#1079=EDGE_CURVE('OSCAD_TOPO/3|edge|e:29e6157de658b6c5a4217ecca2654577|d20e8ae1ef93d0e9396ad04fa16a8005262da99ac1edaeba94b4907b6f2e64b9',#16,#18,#1078,.T.);
#1080=SURFACE_CURVE('',#276,(#525,#651),.PCURVE_S1.);
#1081=EDGE_CURVE('OSCAD_TOPO/3|edge|e:4673d204e189ddac42bb3daebd5410ab|88c9235d79c43884bf33212909731aae640d39e67c452e501bb53a47abe560e7',#18,#10,#1080,.T.);
#1082=SURFACE_CURVE('',#279,(#537,#1023),.PCURVE_S1.);
#1083=EDGE_CURVE('OSCAD_TOPO/3|edge|e:cec0d997197acdc44dc28263321b5b6d|e59f712da4c4bc3b45af1ebe5bc3d9de778f6267e8eeff67f6763e4ad4bea918',#8,#16,#1082,.T.);
#1084=SURFACE_CURVE('',#282,(#565,#1046),.PCURVE_S1.);
#1085=EDGE_CURVE('OSCAD_TOPO/3|edge|e:3ed138ebbb214bc685d3900dd580153f|a56848e9ac3172b8a89d56f22f6c763ebdb674315b6d74de6d0dceea648d326b',#12,#16,#1084,.T.);
#1086=SURFACE_CURVE('',#285,(#551,#673),.PCURVE_S1.);
#1087=EDGE_CURVE('OSCAD_TOPO/3|edge|e:caeccb375f667d1885209f609dcb3788|50bbe2490bd5c79b0557a687bf7af0ce528f4ff56e8c004b4c158172f2de57c0',#18,#14,#1086,.T.);
#1088=SURFACE_CURVE('',#289,(#570,#607),.PCURVE_S1.);
#1089=EDGE_CURVE('OSCAD_TOPO/3|edge|e:a6dacb082e3a2b8c5a5710246196de5b|e67e6dc2f5f3a2ec5bb8a2f3ffd08ac632a7b07a5ba84c911a657fde0b824508',#4,#20,#1088,.T.);
#1090=SURFACE_CURVE('',#293,(#575,#693),.PCURVE_S1.);
#1091=EDGE_CURVE('OSCAD_TOPO/3|edge|e:e5fed4b6f6de865f299a75ab696e86b5|a9e0f2fe10a2f560d22a3ba2f973d7179a897ae54afcc49e844f54a71a98291b',#20,#22,#1090,.T.);
#1092=SURFACE_CURVE('',#297,(#580,#619),.PCURVE_S1.);
#1093=EDGE_CURVE('OSCAD_TOPO/3|edge|e:4e1c0713f7b88f21b6b71dff8a5b376a|cd0057ecd27e69fb8812c5095dd41edd78635749c30ea5cac9f2991d1a8c9d4e',#22,#6,#1092,.T.);
#1094=SURFACE_CURVE('',#301,(#596,#646),.PCURVE_S1.);
#1095=EDGE_CURVE('OSCAD_TOPO/3|edge|e:e9ed30913e651d0fe9a2546c31ac57c0|a70e140e64b2b91114a50f5cfb10c9d3d023bba1aec22868d31bcc757e897034',#10,#24,#1094,.T.);
#1096=SURFACE_CURVE('',#304,(#601,#698),.PCURVE_S1.);
#1097=EDGE_CURVE('OSCAD_TOPO/3|edge|e:ae507260a241dc9dc4bb1db6efe655b1|63ad7268916501ac720cf7b8719f75813791fb09d70d81fc27404da4a7263d63',#24,#20,#1096,.T.);
#1098=SURFACE_CURVE('',#308,(#629,#657),.PCURVE_S1.);
#1099=EDGE_CURVE('OSCAD_TOPO/3|edge|e:043853ba282b015f673cecdc4c285a73|7c5d868efe58e59974e151c88d186dabb9520c1eb91a6c6f1491054747e77a14',#14,#26,#1098,.T.);
#1100=SURFACE_CURVE('',#311,(#624,#726),.PCURVE_S1.);
#1101=EDGE_CURVE('OSCAD_TOPO/3|edge|e:d4ea6967dfefbe45e537d13d9724568a|b9cce3b0ed732a1b4b8a7f6e005f6d0d8fbcbfdb6d5413e110dbb4dcbf911570',#26,#22,#1100,.T.);
#1102=SURFACE_CURVE('',#315,(#634,#668),.PCURVE_S1.);
#1103=EDGE_CURVE('OSCAD_TOPO/3|edge|e:e0a503d2fe75f193ec1e0fadc9048af7|3fe03ea099ad1e0bf8cc0f744937a3deaaeb040bd31f8ac1e588b7b899df0552',#18,#28,#1102,.T.);
#1104=SURFACE_CURVE('',#318,(#639,#765),.PCURVE_S1.);
#1105=EDGE_CURVE('OSCAD_TOPO/3|edge|e:6fd04aa46161a52cb258cfc7fb33cba5|33ed5219c83b1d2eab0f70b60d4963c4b9098f2815ab48ea3f86ac4a32015d43',#28,#24,#1104,.T.);
#1106=SURFACE_CURVE('',#321,(#662,#793),.PCURVE_S1.);
#1107=EDGE_CURVE('OSCAD_TOPO/3|edge|e:66fe4969dad0be68ece4b5cc2a127951|9e3c1004f29183a8f88e25356a2984941ff3e8378a300975bc04c2b465e61c8a',#28,#26,#1106,.T.);
#1108=SURFACE_CURVE('',#328,(#678,#721),.PCURVE_S1.);
#1109=EDGE_CURVE('OSCAD_TOPO/3|edge|e:6c47c44d4adb34b97428e7ee2e0de5f9|842916fc496c07c1f28808a5943ebc8a3515bbdf4f87e9de7c88ed0c6146a0bd',#20,#30,#1108,.T.);
#1110=SURFACE_CURVE('',#332,(#683),.PCURVE_S1.);
#1111=EDGE_CURVE('OSCAD_TOPO/3|edge|e:efc55e9504f4a9f9892842a92cfba378|dba6f872a65a1b24a52fec59c84d62f718ea00b640151216014c7817e284dbf3',#30,#30,#1110,.T.);
#1112=SURFACE_CURVE('',#339,(#688,#733),.PCURVE_S1.);
#1113=EDGE_CURVE('OSCAD_TOPO/3|edge|e:6fc214f471743575f2ede3f5b78fe986|a9cb51bf8548b691205e1f48ae5eca458693e17a68dd2200feb68848f732937c',#30,#22,#1112,.T.);
#1114=SURFACE_CURVE('',#346,(#707,#760),.PCURVE_S1.);
#1115=EDGE_CURVE('OSCAD_TOPO/3|edge|e:fc032f4df17a36618b3c481ca1858c61|b8e91d85dc424c9508b452fd08f5767b53f1087333aca565253d079ca941d0b2',#24,#32,#1114,.T.);
#1116=SURFACE_CURVE('',#349,(#712,#798),.PCURVE_S1.);
#1117=EDGE_CURVE('OSCAD_TOPO/3|edge|e:0729f85a9436c1430c5aca09acb9a03b|df5c153c0074e59634f0993a723f6c15d060df9e5aba3f846d7c62207d6ee958',#32,#30,#1116,.T.);
#1118=SURFACE_CURVE('',#356,(#743,#774),.PCURVE_S1.);
#1119=EDGE_CURVE('OSCAD_TOPO/3|edge|e:7be901999dc01cff4fd8122775cee798|c58627dcd44a326814585ef531ed5152addc4796ac09a36e4de794b6ab6a4a8d',#26,#34,#1118,.T.);
#1120=SURFACE_CURVE('',#359,(#738,#820),.PCURVE_S1.);
#1121=EDGE_CURVE('OSCAD_TOPO/3|edge|e:950a3e93bd0261e1f96f11043b5cb930|8dd2b1d1441faaf5a5c55bd3ab4eb9a032d883d5b65c612b1a5373d59d3ba702',#34,#30,#1120,.T.);
#1122=SURFACE_CURVE('',#366,(#748,#788),.PCURVE_S1.);
#1123=EDGE_CURVE('OSCAD_TOPO/3|edge|e:babdb4e2f24303808f962aa442ba4150|fd2a0d4db231b5fc360d15762b1c9622a187218fa6f56ccd1e4832e7bca1f30d',#28,#36,#1122,.T.);
#1124=SURFACE_CURVE('',#369,(#753,#859),.PCURVE_S1.);
#1125=EDGE_CURVE('OSCAD_TOPO/3|edge|e:7518569ee619f092937e0f3e71b168f8|b8e232e32892a6aaca47a80c3304e1feb11f67ca1be139ceb1cb4f49a7044e3a',#36,#32,#1124,.T.);
#1126=SURFACE_CURVE('',#372,(#779,#881),.PCURVE_S1.);
#1127=EDGE_CURVE('OSCAD_TOPO/3|edge|e:3560a2f2d44b50bad252f1986e8c7d79|e6c7f6425daddb9ae870649aaa8c8f9dfc855c1c0366557e0efc53e3e296821c',#36,#34,#1126,.T.);
#1128=SURFACE_CURVE('',#376,(#804,#854),.PCURVE_S1.);
#1129=EDGE_CURVE('OSCAD_TOPO/3|edge|e:1107d1c63db7056f2bda2370e59352de|6ae19a20ca3448fee10b000d4445201c3f4d5dea0a6c935dc3fdf56b75551ba1',#32,#38,#1128,.T.);
#1130=SURFACE_CURVE('',#379,(#809,#886),.PCURVE_S1.);
#1131=EDGE_CURVE('OSCAD_TOPO/3|edge|e:433aec791626fed97413d668c92cb3ef|28f4c66f7560e9c6a057b6bc80acfa0647f86c43e9a8687a9f6c6080e9ed5132',#38,#40,#1130,.T.);
#1132=SURFACE_CURVE('',#383,(#815,#827),.PCURVE_S1.);
#1133=EDGE_CURVE('OSCAD_TOPO/3|edge|e:79a3bbe46059b95f4b9248750e0d499f|f8cb2c1844858da122dc10a252dc340ac67c0a5e2f5bd488a6f8592c3f72b8aa',#40,#30,#1132,.T.);
#1134=SURFACE_CURVE('',#387,(#837,#865),.PCURVE_S1.);
#1135=EDGE_CURVE('OSCAD_TOPO/3|edge|e:ab8d62b60108e6fd672cf91e4b8ae739|0c56bcd1b2c89300164eba765bae3188c997065ed61e720c8bf5dddca6dc52fb',#34,#42,#1134,.T.);
#1136=SURFACE_CURVE('',#390,(#832,#908),.PCURVE_S1.);
#1137=EDGE_CURVE('OSCAD_TOPO/3|edge|e:7c0bdd6b5f46ee0fde28061fd290ef74|752eb8d09c350b1835171fc51aa24a14da70e4b2488bf78ae80fe72b2dd1c5fa',#42,#40,#1136,.T.);
#1138=SURFACE_CURVE('',#394,(#842,#876),.PCURVE_S1.);
#1139=EDGE_CURVE('OSCAD_TOPO/3|edge|e:8c59fa397a73ca81507d4fc9feefc3bc|9b8e76d4e890a19cb4aa8a2da7d2d8ef9ba62a86a9c9903bddd8b14eb66b92eb',#36,#44,#1138,.T.);
#1140=SURFACE_CURVE('',#397,(#847,#947),.PCURVE_S1.);
#1141=EDGE_CURVE('OSCAD_TOPO/3|edge|e:053537c552ad7e1c1df56126168a38e7|93e84b71d96b1665fa9371d6b204a132e21cfbd49f713ced7cd319eb3ddba2c3',#44,#38,#1140,.T.);
#1142=SURFACE_CURVE('',#400,(#870,#969),.PCURVE_S1.);
#1143=EDGE_CURVE('OSCAD_TOPO/3|edge|e:e7b14dbc774877a22d0a0dd23cab6625|1efbf3284a0f3dc9d350c236b13d46594ce26ed24b82b12d67d0fd12122be79a',#44,#42,#1142,.T.);
#1144=SURFACE_CURVE('',#404,(#892,#942),.PCURVE_S1.);
#1145=EDGE_CURVE('OSCAD_TOPO/3|edge|e:3c44f62ef6bc76e3c415e69f7840b267|a2755599fc29ac2445c60385c31b93617489175673a8129bd014293f7aa24679',#38,#46,#1144,.T.);
#1146=SURFACE_CURVE('',#407,(#897,#974),.PCURVE_S1.);
#1147=EDGE_CURVE('OSCAD_TOPO/3|edge|e:53707b8a47eb70e830cd7056569a79d1|93ee243cdec256d72b53120eb483236fdaf6c53775dae7cc6be35641be836856',#46,#48,#1146,.T.);
#1148=SURFACE_CURVE('',#411,(#903,#915),.PCURVE_S1.);
#1149=EDGE_CURVE('OSCAD_TOPO/3|edge|e:0b2b4dc45266962fa01f3a724287e274|defbdbec49e7241c9c52293a0710a7be14330fa9a719838cee1a8e4263ef7d0f',#48,#40,#1148,.T.);
#1150=SURFACE_CURVE('',#415,(#925,#953),.PCURVE_S1.);
#1151=EDGE_CURVE('OSCAD_TOPO/3|edge|e:156ad018d1b0a9a2f1ef4a5c2ee79679|55c1206becce70848970010478ee973f76e954caaaf269f648033fb85c8d16a3',#42,#50,#1150,.T.);
#1152=SURFACE_CURVE('',#418,(#920,#996),.PCURVE_S1.);
#1153=EDGE_CURVE('OSCAD_TOPO/3|edge|e:db49c6f41851f0ac80bda0a75e10c558|c55052a515373d5f1eedfd2886ab3b15cf6962a23a474c4a083cd7c7b512f0df',#50,#48,#1152,.T.);
#1154=SURFACE_CURVE('',#422,(#930,#964),.PCURVE_S1.);
#1155=EDGE_CURVE('OSCAD_TOPO/3|edge|e:60803eec01d38b9ffcd17f998b6af4e0|dbf44912a297c00118ef498c2e2b9ef51a0d4dd0fca14aed9134f0662ffc116c',#44,#52,#1154,.T.);
#1156=SURFACE_CURVE('',#425,(#935,#1035),.PCURVE_S1.);
#1157=EDGE_CURVE('OSCAD_TOPO/3|edge|e:6088b1dc4007af98ac8d4642e57ecc6d|4289cbefc35c0b1e2b646f650d186d4625abd8ea89b16fea12ba323ff1e88dce',#52,#46,#1156,.T.);
#1158=SURFACE_CURVE('',#428,(#958,#1057),.PCURVE_S1.);
#1159=EDGE_CURVE('OSCAD_TOPO/3|edge|e:7debf08f2163b21ddacfe454302b9c0c|928776711b732596d9be00e0bf8e75c7f132a305b5bdd94d2e441c25ba25bfe2',#52,#50,#1158,.T.);
#1160=SURFACE_CURVE('',#432,(#980,#1030),.PCURVE_S1.);
#1161=EDGE_CURVE('OSCAD_TOPO/3|edge|e:d4e584b0bdb10eb57eb24b6d55776ccc|b8c3649d7960363c3eaabe244658d503d12983dc5303a81576733882b95db21e',#46,#8,#1160,.T.);
#1162=SURFACE_CURVE('',#436,(#991,#1003),.PCURVE_S1.);
#1163=EDGE_CURVE('OSCAD_TOPO/3|edge|e:98102a62adf776d4f57a243b380fac77|db9437c3931699c82afa56536eb7cc33e9c4938c5d88c6a4da319972e2226ae5',#2,#48,#1162,.T.);
#1164=SURFACE_CURVE('',#440,(#1013,#1041),.PCURVE_S1.);
#1165=EDGE_CURVE('OSCAD_TOPO/3|edge|e:32f0cc77f1b76b582610182fe6ecb9d0|d3cfe97950f036eec6ffc784ae09d74be3a61173a370b8c31771b7825a751286',#50,#12,#1164,.T.);
#1166=SURFACE_CURVE('',#444,(#1018,#1052),.PCURVE_S1.);
#1167=EDGE_CURVE('OSCAD_TOPO/3|edge|e:f2c729832b8451adb3b6a6bb2170ebd7|18c76a3675342e614b1104aab6c2610f2b2174782fdbc1d40be328a67418cd15',#52,#16,#1166,.T.);
#1168=ORIENTED_EDGE('',*,*,#1059,.T.);
#1169=ORIENTED_EDGE('',*,*,#1061,.T.);
#1170=ORIENTED_EDGE('',*,*,#1063,.T.);
#1171=ORIENTED_EDGE('',*,*,#1065,.T.);
#1172=EDGE_LOOP('OSCAD_TOPO/3|loop|l:71dd1a0c42c1f25649f0d61b2cadf7d3|03456392bc28a3a4bc69f109ce1c4450693df1b963a440f0eaa5418636342ece',(#1168,#1169,#1170,#1171));
#1173=ORIENTED_EDGE('',*,*,#1067,.T.);
#1174=ORIENTED_EDGE('',*,*,#1069,.T.);
#1175=ORIENTED_EDGE('',*,*,#1071,.T.);
#1176=ORIENTED_EDGE('',*,*,#1059,.F.);
#1177=EDGE_LOOP('OSCAD_TOPO/3|loop|l:a0ac3ed889dab2fdda320d059f8f15bb|4d129fb36a846f0b9c6982fd4b8c3922babdd6383230421009e82946574c6e57',(#1173,#1174,#1175,#1176));
#1178=ORIENTED_EDGE('',*,*,#1077,.F.);
#1179=ORIENTED_EDGE('',*,*,#1063,.F.);
#1180=ORIENTED_EDGE('',*,*,#1075,.F.);
#1181=ORIENTED_EDGE('',*,*,#1073,.F.);
#1182=EDGE_LOOP('OSCAD_TOPO/3|loop|l:1f0efa696010ecdbdb9a4174155b3378|75b90458d34141c1e85cbf5e9992b3e98c5438595bfb9affb0e3b54a1fea1868',(#1178,#1179,#1180,#1181));
#1183=ORIENTED_EDGE('',*,*,#1079,.T.);
#1184=ORIENTED_EDGE('',*,*,#1081,.T.);
#1185=ORIENTED_EDGE('',*,*,#1069,.F.);
#1186=ORIENTED_EDGE('',*,*,#1083,.T.);
#1187=EDGE_LOOP('OSCAD_TOPO/3|loop|l:ff2bb51cc81b9b86b2398cc4c94173e1|4d8f745444630219d0647c6f80b6cd95d4e4f425492f33530eba3fa3f392936d',(#1183,#1184,#1185,#1186));
#1188=ORIENTED_EDGE('',*,*,#1073,.T.);
#1189=ORIENTED_EDGE('',*,*,#1087,.F.);
#1190=ORIENTED_EDGE('',*,*,#1079,.F.);
#1191=ORIENTED_EDGE('',*,*,#1085,.F.);
#1192=EDGE_LOOP('OSCAD_TOPO/3|loop|l:a66fd6c65b5c83c5749b608f73f0dff3|da6bbbc5326035ba603d0b735ef8fa5116a0a5265dfa5dfd36b20c90024d1f88',(#1188,#1189,#1190,#1191));
#1193=ORIENTED_EDGE('',*,*,#1089,.T.);
#1194=ORIENTED_EDGE('',*,*,#1091,.T.);
#1195=ORIENTED_EDGE('',*,*,#1093,.T.);
#1196=ORIENTED_EDGE('',*,*,#1061,.F.);
#1197=EDGE_LOOP('OSCAD_TOPO/3|loop|l:292814e90fb53cbd8cc8b428a44b3f44|861d0fccda97da907169bb700d79140b14923a7bb3e7d4f7ccacfc720ee4da3e',(#1193,#1194,#1195,#1196));
#1198=ORIENTED_EDGE('',*,*,#1071,.F.);
#1199=ORIENTED_EDGE('',*,*,#1095,.T.);
#1200=ORIENTED_EDGE('',*,*,#1097,.T.);
#1201=ORIENTED_EDGE('',*,*,#1089,.F.);
#1202=EDGE_LOOP('OSCAD_TOPO/3|loop|l:d6cbb565ae8b09dffee014cffa627c72|6a1b1551ee691eb9571e30a3ad3ea36dbcdc672e507cea785734128edf4671f4',(#1198,#1199,#1200,#1201));
#1203=ORIENTED_EDGE('',*,*,#1075,.T.);
#1204=ORIENTED_EDGE('',*,*,#1093,.F.);
#1205=ORIENTED_EDGE('',*,*,#1101,.F.);
#1206=ORIENTED_EDGE('',*,*,#1099,.F.);
#1207=EDGE_LOOP('OSCAD_TOPO/3|loop|l:db90a3984c49c4db49d968e12218c194|c1e2b02bcb01cdbfc6d0cd30ed3798e9699d432ffdc6cb9acd5b7a41d7e31a09',(#1203,#1204,#1205,#1206));
#1208=ORIENTED_EDGE('',*,*,#1103,.T.);
#1209=ORIENTED_EDGE('',*,*,#1105,.T.);
#1210=ORIENTED_EDGE('',*,*,#1095,.F.);
#1211=ORIENTED_EDGE('',*,*,#1081,.F.);
#1212=EDGE_LOOP('OSCAD_TOPO/3|loop|l:13a329120ce638584636e8507e850078|5f29793063b6f14e05d407f61d20a53a4bd62c7bbd4e3078c6cf5eb912c9e764',(#1208,#1209,#1210,#1211));
#1213=ORIENTED_EDGE('',*,*,#1099,.T.);
#1214=ORIENTED_EDGE('',*,*,#1107,.F.);
#1215=ORIENTED_EDGE('',*,*,#1103,.F.);
#1216=ORIENTED_EDGE('',*,*,#1087,.T.);
#1217=EDGE_LOOP('OSCAD_TOPO/3|loop|l:25a067339db440b815eb15378fb7d941|a8bc70b9c6bcbf98e4390e31e078ee1af9a118acb7c5a2a836f363fcdacc2835',(#1213,#1214,#1215,#1216));
#1218=ORIENTED_EDGE('',*,*,#1109,.T.);
#1219=ORIENTED_EDGE('',*,*,#1111,.T.);
#1220=ORIENTED_EDGE('',*,*,#1113,.T.);
#1221=ORIENTED_EDGE('',*,*,#1091,.F.);
#1222=EDGE_LOOP('OSCAD_TOPO/3|loop|l:b202b5b35f6ec8085b19017b4bd13741|3a89b337762f2c72b91dc35af66629dba45da5be4a83552698a5468294377184',(#1218,#1219,#1220,#1221));
#1223=ORIENTED_EDGE('',*,*,#1097,.F.);
#1224=ORIENTED_EDGE('',*,*,#1115,.T.);
#1225=ORIENTED_EDGE('',*,*,#1117,.T.);
#1226=ORIENTED_EDGE('',*,*,#1109,.F.);
#1227=EDGE_LOOP('OSCAD_TOPO/3|loop|l:e890c2b65df2f7be002a2ca7cb06668a|7745bfcabb2c883c63f9964e9157f5d9e0561ac088015bfc95fdb7bed420fc51',(#1223,#1224,#1225,#1226));
#1228=ORIENTED_EDGE('',*,*,#1101,.T.);
#1229=ORIENTED_EDGE('',*,*,#1113,.F.);
#1230=ORIENTED_EDGE('',*,*,#1121,.F.);
#1231=ORIENTED_EDGE('',*,*,#1119,.F.);
#1232=EDGE_LOOP('OSCAD_TOPO/3|loop|l:3cb9f4d8c5f80c52a4f93017de66db34|10f6d6b328a4e73a542f3816f1dfac66535d133c46b1a29f364c730878e3dcc4',(#1228,#1229,#1230,#1231));
#1233=ORIENTED_EDGE('',*,*,#1123,.T.);
#1234=ORIENTED_EDGE('',*,*,#1125,.T.);
#1235=ORIENTED_EDGE('',*,*,#1115,.F.);
#1236=ORIENTED_EDGE('',*,*,#1105,.F.);
#1237=EDGE_LOOP('OSCAD_TOPO/3|loop|l:069f56bf80076fbf562169d687d9a26a|1b5954f184969ca86a3d583a16a2ee30706b7ec422e452bb02024624a86c5cb9',(#1233,#1234,#1235,#1236));
#1238=ORIENTED_EDGE('',*,*,#1119,.T.);
#1239=ORIENTED_EDGE('',*,*,#1127,.F.);
#1240=ORIENTED_EDGE('',*,*,#1123,.F.);
#1241=ORIENTED_EDGE('',*,*,#1107,.T.);
#1242=EDGE_LOOP('OSCAD_TOPO/3|loop|l:3adbeb31d0f720b1d9bb84dd935773ed|fadaa4e0098cfc5e53580bb0fe51ac93e993e8274868b020a76f42610c197293',(#1238,#1239,#1240,#1241));
#1243=ORIENTED_EDGE('',*,*,#1117,.F.);
#1244=ORIENTED_EDGE('',*,*,#1129,.T.);
#1245=ORIENTED_EDGE('',*,*,#1131,.T.);
#1246=ORIENTED_EDGE('',*,*,#1133,.T.);
#1247=EDGE_LOOP('OSCAD_TOPO/3|loop|l:d5002a701242a54dc29f1e4fb9f41d39|a667e0e5d5bf837f6d49f43a72938ee1c99aa4924ada71894bd670b7a391ee17',(#1243,#1244,#1245,#1246));
#1248=ORIENTED_EDGE('',*,*,#1121,.T.);
#1249=ORIENTED_EDGE('',*,*,#1133,.F.);
#1250=ORIENTED_EDGE('',*,*,#1137,.F.);
#1251=ORIENTED_EDGE('',*,*,#1135,.F.);
#1252=EDGE_LOOP('OSCAD_TOPO/3|loop|l:c00b894a3994068647147b0f28b84814|2559a7881cd68e97ce3ffc51b8a156ba2bffa69b0fe9689d353e63616ea30760',(#1248,#1249,#1250,#1251));
#1253=ORIENTED_EDGE('',*,*,#1139,.T.);
#1254=ORIENTED_EDGE('',*,*,#1141,.T.);
#1255=ORIENTED_EDGE('',*,*,#1129,.F.);
#1256=ORIENTED_EDGE('',*,*,#1125,.F.);
#1257=EDGE_LOOP('OSCAD_TOPO/3|loop|l:19b4dea6bf963f8ed2348b182632c36d|5e804f068f986156b216c651ce44f9ebe4303b825c1302025bec8fa9b5cb197a',(#1253,#1254,#1255,#1256));
#1258=ORIENTED_EDGE('',*,*,#1135,.T.);
#1259=ORIENTED_EDGE('',*,*,#1143,.F.);
#1260=ORIENTED_EDGE('',*,*,#1139,.F.);
#1261=ORIENTED_EDGE('',*,*,#1127,.T.);
#1262=EDGE_LOOP('OSCAD_TOPO/3|loop|l:7d90c67c3e59c04884cb708c4f337096|b55cd45b2d2374b02e6e5531d9cbac8324782548734cd26c1d40bf379c145429',(#1258,#1259,#1260,#1261));
#1263=ORIENTED_EDGE('',*,*,#1131,.F.);
#1264=ORIENTED_EDGE('',*,*,#1145,.T.);
#1265=ORIENTED_EDGE('',*,*,#1147,.T.);
#1266=ORIENTED_EDGE('',*,*,#1149,.T.);
#1267=EDGE_LOOP('OSCAD_TOPO/3|loop|l:9d6e7812d8c1f39256818e6f3ff10f9e|3c36b61cf9eeaead05a427d08a26dbf590a9605ac1ca6b3bcc6e41e4176d19de',(#1263,#1264,#1265,#1266));
#1268=ORIENTED_EDGE('',*,*,#1137,.T.);
#1269=ORIENTED_EDGE('',*,*,#1149,.F.);
#1270=ORIENTED_EDGE('',*,*,#1153,.F.);
#1271=ORIENTED_EDGE('',*,*,#1151,.F.);
#1272=EDGE_LOOP('OSCAD_TOPO/3|loop|l:a9156638b862bf5c54299308b2cc92ce|6448cbb3beb26fd99e8ca3896db496033ffd2052a6b8eb8cec1bd683352ba196',(#1268,#1269,#1270,#1271));
#1273=ORIENTED_EDGE('',*,*,#1155,.T.);
#1274=ORIENTED_EDGE('',*,*,#1157,.T.);
#1275=ORIENTED_EDGE('',*,*,#1145,.F.);
#1276=ORIENTED_EDGE('',*,*,#1141,.F.);
#1277=EDGE_LOOP('OSCAD_TOPO/3|loop|l:7db9aaa5b481a148bbab49836cfe7a7d|9cca3eb2cc5d389855247deaf26774ca4cba5f60e25d98fb4cb275816b103e83',(#1273,#1274,#1275,#1276));
#1278=ORIENTED_EDGE('',*,*,#1151,.T.);
#1279=ORIENTED_EDGE('',*,*,#1159,.F.);
#1280=ORIENTED_EDGE('',*,*,#1155,.F.);
#1281=ORIENTED_EDGE('',*,*,#1143,.T.);
#1282=EDGE_LOOP('OSCAD_TOPO/3|loop|l:0b81f0887de1c495e5d4c66d07f287de|8b06d5ea5aa11089a9a3d4f3c8ec48f00ebeca9cf3055f07b27b9105866dd190',(#1278,#1279,#1280,#1281));
#1283=ORIENTED_EDGE('',*,*,#1147,.F.);
#1284=ORIENTED_EDGE('',*,*,#1161,.T.);
#1285=ORIENTED_EDGE('',*,*,#1067,.F.);
#1286=ORIENTED_EDGE('',*,*,#1163,.T.);
#1287=EDGE_LOOP('OSCAD_TOPO/3|loop|l:2b56b4c83672f1d4bdcf37cc93a7ee84|e717b4f0d65e4a85a6f157e8dd707932b1e25e1d5047fb4f27bf2b76d44ff788',(#1283,#1284,#1285,#1286));
#1288=ORIENTED_EDGE('',*,*,#1153,.T.);
#1289=ORIENTED_EDGE('',*,*,#1163,.F.);
#1290=ORIENTED_EDGE('',*,*,#1077,.T.);
#1291=ORIENTED_EDGE('',*,*,#1165,.F.);
#1292=EDGE_LOOP('OSCAD_TOPO/3|loop|l:df2532e306dd3ae0a029661cc0cc87f5|6e8c6166b822906f57f6709688aa8b3eaab4d3b0aa10c9215d62299ea19a567c',(#1288,#1289,#1290,#1291));
#1293=ORIENTED_EDGE('',*,*,#1167,.T.);
#1294=ORIENTED_EDGE('',*,*,#1083,.F.);
#1295=ORIENTED_EDGE('',*,*,#1161,.F.);
#1296=ORIENTED_EDGE('',*,*,#1157,.F.);
#1297=EDGE_LOOP('OSCAD_TOPO/3|loop|l:1dc16a24c7fdb8e8f3af2964a61d2302|b4c11818551809216e52ec60dc233ec6e049b33ebd6939a3755809d0c034ca81',(#1293,#1294,#1295,#1296));
#1298=ORIENTED_EDGE('',*,*,#1165,.T.);
#1299=ORIENTED_EDGE('',*,*,#1085,.T.);
#1300=ORIENTED_EDGE('',*,*,#1167,.F.);
#1301=ORIENTED_EDGE('',*,*,#1159,.T.);
#1302=EDGE_LOOP('OSCAD_TOPO/3|loop|l:1f1481c047bf7328de094a26c04a9ac4|261fc11888e2452d0be6e1b8c125ea7c6cab125b2589670a1f174bc83fe77f1c',(#1298,#1299,#1300,#1301));
#1303=FACE_OUTER_BOUND('',#1172,.T.);
#1304=ADVANCED_FACE('OSCAD_TOPO/3|face|f:7d2599dbbda53a53a2fa359970478996|b6d5071c0234cd1912cea0955218f4c9f00f320306494f1740c41ae61c14d8f7',(#1303),#71,.T.);
#1305=FACE_OUTER_BOUND('',#1177,.T.);
#1306=ADVANCED_FACE('OSCAD_TOPO/3|face|f:c641b200c925f3a74ef0c928436b0c4b|f26057be730a5387cee4b7a72f0edc12ae3f151b8da65df63275220566a0abcb',(#1305),#76,.T.);
#1307=FACE_OUTER_BOUND('',#1182,.T.);
#1308=ADVANCED_FACE('OSCAD_TOPO/3|face|f:ea02d6b0e166861cfd0b75e2f615fd0b|f7805298b0c40b7c3667654aca3d70db27eaad7942a8a9e5e533fc6ec3bdbee5',(#1307),#89,.T.);
#1309=FACE_OUTER_BOUND('',#1187,.T.);
#1310=ADVANCED_FACE('OSCAD_TOPO/3|face|f:97bee70107448f90b7488965dd42bbd0|d158df13b994c63a3fb31b77c34fa11d83ce8b0710e1e572c0971d44043f6560',(#1309),#102,.T.);
#1311=FACE_OUTER_BOUND('',#1192,.T.);
#1312=ADVANCED_FACE('OSCAD_TOPO/3|face|f:508c6041638d53dc8c94942a702b807d|3b125986a1fa097c37d6990a206d699770e44cec46876b030caa235a7ef6d5b5',(#1311),#107,.T.);
#1313=FACE_OUTER_BOUND('',#1197,.T.);
#1314=ADVANCED_FACE('OSCAD_TOPO/3|face|f:26f5f92c08c73d94237e3249f007f2a8|0eb9e7a7afbb9627ced7e9e85693dce8ec5cfc863809fcdd2a3ee9772d4b5bf4',(#1313),#117,.T.);
#1315=FACE_OUTER_BOUND('',#1202,.T.);
#1316=ADVANCED_FACE('OSCAD_TOPO/3|face|f:9f06dae637f72db9d4449c348852b783|757e200b0ee4994cd2e95b75f0de292820148201bf9876fbcad5224ef074c3fb',(#1315),#76,.T.);
#1317=FACE_OUTER_BOUND('',#1207,.T.);
#1318=ADVANCED_FACE('OSCAD_TOPO/3|face|f:e3b5a84a6a095082408ff8a49adaf58c|09d6ac2b18d22f6388c9e7898cff8f90f2cd5eee005a67c50cf7531e35289385',(#1317),#124,.T.);
#1319=FACE_OUTER_BOUND('',#1212,.T.);
#1320=ADVANCED_FACE('OSCAD_TOPO/3|face|f:28ddde51dc8f29aa17755684d576cc31|b7b0c1574030151acf54ae651d58d511951c13d37e1b03579d8e85c94be65124',(#1319),#131,.T.);
#1321=FACE_OUTER_BOUND('',#1217,.T.);
#1322=ADVANCED_FACE('OSCAD_TOPO/3|face|f:0a1d3378a4d01c9bb50ceb69026e9525|0c1d47a35557bab4d21ee9ff3ba8c40bb3b809719224e8ac70e2f8634887e892',(#1321),#107,.T.);
#1323=FACE_OUTER_BOUND('',#1222,.T.);
#1324=ADVANCED_FACE('OSCAD_TOPO/3|face|f:8142321da29e8c054ddc3899eecfe858|c16c67b0e4e9b06195d714e688a2c37d29be2c06fa70af3311e62a718634ed8a',(#1323),#150,.T.);
#1325=FACE_OUTER_BOUND('',#1227,.T.);
#1326=ADVANCED_FACE('OSCAD_TOPO/3|face|f:bc920ebc39ee0c39a33a081e399f4619|f1af3d1cca3513591af019857e23c66bfbdca19a286021965b1e75ace18fb743',(#1325),#76,.T.);
#1327=FACE_OUTER_BOUND('',#1232,.T.);
#1328=ADVANCED_FACE('OSCAD_TOPO/3|face|f:783a139fe61118dd598167ffc36d55bb|dbba1eeee7136188ae1154de766bada517e64932013f836a2069a71b23a7e824',(#1327),#163,.T.);
#1329=FACE_OUTER_BOUND('',#1237,.T.);
#1330=ADVANCED_FACE('OSCAD_TOPO/3|face|f:bb101a0cad19dd8250c83bdb87fd85ab|bac1c5a6912ee51c38ded3ed4c6e2654b71510076176402442f9ba1848fc6e2b',(#1329),#176,.T.);
#1331=FACE_OUTER_BOUND('',#1242,.T.);
#1332=ADVANCED_FACE('OSCAD_TOPO/3|face|f:7bb79621e164123011621512055dd73a|bf690a36e1e9333b95cb4f1f1ea373242fbfb5c4cf3b10df95193e97985e3496',(#1331),#107,.T.);
#1333=FACE_OUTER_BOUND('',#1247,.T.);
#1334=ADVANCED_FACE('OSCAD_TOPO/3|face|f:afcbf47cb8c620f9bfeea09c38e92611|31e9f3ca3de3bc75fc338f0d3b3988710311c1d7a4674a83d4496c4d444c5ca9',(#1333),#76,.T.);
#1335=FACE_OUTER_BOUND('',#1252,.T.);
#1336=ADVANCED_FACE('OSCAD_TOPO/3|face|f:40e578b12ff30ea3b5fb204bbb50289a|dd2c60b98bd86bea3e8fa536b26eed67554623ea66ce80583accc602c1dab374',(#1335),#183,.T.);
#1337=FACE_OUTER_BOUND('',#1257,.T.);
#1338=ADVANCED_FACE('OSCAD_TOPO/3|face|f:616a32b54612bc24d6bfea60ae3af3df|8909acd914a6448ff42208731624d404383bc672506d301d4737b4438faf54b8',(#1337),#190,.T.);
#1339=FACE_OUTER_BOUND('',#1262,.T.);
#1340=ADVANCED_FACE('OSCAD_TOPO/3|face|f:6492640cf2a6259bb7ea175cfc587e82|4aafa2ddb2a0f50e8930b178322504a59a9e329f04d8f5f18a8a0acca834ffcd',(#1339),#107,.T.);
#1341=FACE_OUTER_BOUND('',#1267,.T.);
#1342=ADVANCED_FACE('OSCAD_TOPO/3|face|f:4e7156901eb34abe824d0d42eff17f30|d6ac8a90681eeca8976c92dc89aea2bbc406cede6da5e6842b552af5937f978a',(#1341),#76,.T.);
#1343=FACE_OUTER_BOUND('',#1272,.T.);
#1344=ADVANCED_FACE('OSCAD_TOPO/3|face|f:376ecc49a09115ee2dce21d8d2c51430|2c882c851d0a92c57840f34f3884fde361f60487c827233029081cd5ca875781',(#1343),#197,.T.);
#1345=FACE_OUTER_BOUND('',#1277,.T.);
#1346=ADVANCED_FACE('OSCAD_TOPO/3|face|f:46b747a7b0973b2a739954d13a9d89b8|12df0e3a0f521e5cd1f7f152bc14a048f23a8eb659bbb21bf1f46dcc9a2ec968',(#1345),#204,.T.);
#1347=FACE_OUTER_BOUND('',#1282,.T.);
#1348=ADVANCED_FACE('OSCAD_TOPO/3|face|f:fde3d091b778baf4e3dd2230a0047aa4|42a8c1ffe5927a7abf0af0be9b75e6f0b4591c0fa53ba0354f30930b0edf0346',(#1347),#107,.T.);
#1349=FACE_OUTER_BOUND('',#1287,.T.);
#1350=ADVANCED_FACE('OSCAD_TOPO/3|face|f:42e7c9904dde69858b34ec8dd65f02a1|595be40953ea82a6c3fb8e3ceb44b7a71f374e18689c9b1f8ce57c7810e6b4d8',(#1349),#76,.T.);
#1351=FACE_OUTER_BOUND('',#1292,.T.);
#1352=ADVANCED_FACE('OSCAD_TOPO/3|face|f:ed5b7e5fcb0dd5f5862f909d101e7b30|542178dd27312c5cd8cfa1d413dbc56284da6d27b2b7cb3949b2e691ab7b117b',(#1351),#211,.T.);
#1353=FACE_OUTER_BOUND('',#1297,.T.);
#1354=ADVANCED_FACE('OSCAD_TOPO/3|face|f:c64820fae3ce93a121e47fcc2ecbbd19|fbe9db6c407816e1dfe3dace568dc523127b4e4e640055945afba6574a6abc06',(#1353),#218,.T.);
#1355=FACE_OUTER_BOUND('',#1302,.T.);
#1356=ADVANCED_FACE('OSCAD_TOPO/3|face|f:b5e531973ea86eaf6295e3a352291941|fd961f62c33d4323c00489620d2312b275aeb270000c689e8ba19fb804509982',(#1355),#107,.T.);
#1357=CLOSED_SHELL('OSCAD_TOPO/3|shell|s:e45a4123799af6d114f1fdb28c8adbc7|fd0aa1d431605426b6a69e09056b309a28274f8079df056ae6cce586eccfdf1b',(#1304,#1306,#1308,#1310,#1312,#1314,#1316,#1318,#1320,#1322,#1324,#1326,#1328,#1330,#1332,#1334,#1336,#1338,#1340,#1342,#1344,#1346,#1348,#1350,#1352,#1354,#1356));
#1358=MANIFOLD_SOLID_BREP('OSCAD_TOPO/3|body|b:cea47b344098566b8c77079c0ca0b00f|150e6fae52f19a2a1cafe39aedaa221d98b272e851ad467ab522bdab380e3447',#1357);
#1359=(LENGTH_UNIT()NAMED_UNIT(*)SI_UNIT(.MILLI.,.METRE.));
#1360=UNCERTAINTY_MEASURE_WITH_UNIT(LENGTH_MEASURE(9.99999999999999955E-8),#1359,'distance_accuracy_value','');
#1361=(GEOMETRIC_REPRESENTATION_CONTEXT(3)GLOBAL_UNCERTAINTY_ASSIGNED_CONTEXT((#1360))GLOBAL_UNIT_ASSIGNED_CONTEXT((#1359))REPRESENTATION_CONTEXT('','3D'));
#1362=ADVANCED_BREP_SHAPE_REPRESENTATION('',(#1358),#1361);
#1363=APPLICATION_CONTEXT('managed model based 3d engineering');
#1364=PRODUCT_CONTEXT('',#1363,'mechanical');
#1365=PRODUCT('model','model','',(#1364));
#1366=PRODUCT_DEFINITION_FORMATION('1','',#1365);
#1367=PRODUCT_DEFINITION_CONTEXT('part definition',#1363,'design');
#1368=PRODUCT_DEFINITION('design','',#1366,#1367);
#1369=PRODUCT_DEFINITION_SHAPE('','',#1368);
#1370=SHAPE_DEFINITION_REPRESENTATION(#1369,#1362);
ENDSEC;
END-ISO-10303-21;
