ISO-10303-21;
HEADER;
FILE_DESCRIPTION(('OpenSCAD Viewer retained AP242 B-rep'),'2;1');
FILE_NAME('model.step','',(''),(''),'OpenSCAD Viewer','OpenSCAD Viewer','');
FILE_SCHEMA(('AP242_MANAGED_MODEL_BASED_3D_ENGINEERING_MIM_LF'));
ENDSEC;
DATA;
#1=CARTESIAN_POINT('',(2.90790052254251670E1,-4.31499884360907338E0,3.93752373090825074E1));
#2=VERTEX_POINT('OSCAD_TOPO/3|vertex|v:622e3ee6fb6d614f1f00d72643ff461a|d21c601e57ddcc49646f495a138f77cc219aff30282b16eeacd44718f5226a54',#1);
#3=CARTESIAN_POINT('',(2.96278013244531202E1,-1.17982730941349310E1,3.78415228801083998E1));
#4=VERTEX_POINT('OSCAD_TOPO/3|vertex|v:2a679fb4284970070954f68f7ee59eba|515cd42adce269c730dec25a07b29b5ec30abc4c5a5fabe5c6a02ec632c916dd',#3);
#5=CARTESIAN_POINT('',(3.13509197435415885E1,-1.16430144055731297E1,3.74785385093372554E1));
#6=VERTEX_POINT('OSCAD_TOPO/3|vertex|v:64e1968bbce4a66ffb930e3a802113ec|4a6097ab61b67b6e889ec5fb84ccf69fd5d30067cf6ce417474ed8a15d714ba4',#5);
#7=CARTESIAN_POINT('',(1.76163013132883037E1,-8.76095942409534878E0,3.07822254075752824E1));
#8=VERTEX_POINT('OSCAD_TOPO/3|vertex|v:ed80901de142e8cac14b65238178bd71|6cef951f60f896f3be9fc03cb8afeb0f7e2ca947b8eda8d0caf38d03bfcdeff0',#7);
#9=CARTESIAN_POINT('',(1.80173736932987971E1,-1.06577001002247691E1,3.05641907132156838E1));
#10=VERTEX_POINT('OSCAD_TOPO/3|vertex|v:10dc9bea1fbc9232ca08032bd82b0ac9|e076d26429e81ba28462584503c408740364f4059a56717cf950490bf04e00fb',#9);
#11=CARTESIAN_POINT('',(3.22836052161824867E1,-3.07205255935163546E0,3.44573492020096310E1));
#12=VERTEX_POINT('OSCAD_TOPO/3|vertex|v:3449d1b3f4077c8456f3ed48cf36e271|78e171c4846ed5ec56302fcc22a3b1d0e2d907be7a204bdf885ae519b3829d04',#11);
#13=CARTESIAN_POINT('',(3.38878947362244674E1,-1.06590152638693247E1,3.35852104245712226E1));
#14=VERTEX_POINT('OSCAD_TOPO/3|vertex|v:371f80f269cfcf49993fcbaec680ec79|b24298b933a6037ea6c5004d4998aa8fff5a8b90e6bcf1705b6b824579165a74',#13);
#15=CARTESIAN_POINT('',(2.08209013040456199E1,-7.51801313983791175E0,2.58643373005024024E1));
#16=VERTEX_POINT('OSCAD_TOPO/3|vertex|v:fd07d57c9b03dc9a4ba94d4468a34ab1|1d5d026e28838af299b3b3316de97e0f187c4cb08c9b9e22137726547d2904a7',#15);
#17=CARTESIAN_POINT('',(2.12219736840561168E1,-9.41475381596733030E0,2.56463026061428003E1));
#18=VERTEX_POINT('OSCAD_TOPO/3|vertex|v:69b307bd517520e16915d25d773c49a6|d184c286b14c229c4a84cd68edfaf8f5e39481d93991a861d6dd4a082435a1f5',#17);
#19=CARTESIAN_POINT('',(2.55428041602065932E1,-2.42666673192443270E1,3.20283922181014447E1));
#20=VERTEX_POINT('OSCAD_TOPO/3|vertex|v:4125aa5dadedee188f3eafe2e15f0598|12a4a90640e00432481c2c241028f5bd99b732a06c16073642dc87091d5e46ea',#19);
#21=CARTESIAN_POINT('',(2.69935894350119625E1,-2.49426349123564890E1,3.12778658031965016E1));
#22=VERTEX_POINT('OSCAD_TOPO/3|vertex|v:c551ee25fa00d400211bfe86530e603b|0c40f5070e66a49a05b43d7c331bab6a8f14d8b070fff46a55eb98262b80d0bf',#21);
#23=CARTESIAN_POINT('',(1.69280411161663906E1,-1.39826052269206027E1,2.90140225366804962E1));
#24=VERTEX_POINT('OSCAD_TOPO/3|vertex|v:3394c8810d30d2df7b70164e67155073|8e42d92660ad994ca80bace9cb3be1fc0d0452c07c333f344614e6be881cd704',#23);
#25=CARTESIAN_POINT('',(2.95305644276948378E1,-2.39586357706526840E1,2.73845377184304688E1));
#26=VERTEX_POINT('OSCAD_TOPO/3|vertex|v:50a383d4a5681599fbd55abef1203045|4497e086a1a040c8be18000eb984fca1413c29947633a6b9f470847447742e5a',#25);
#27=CARTESIAN_POINT('',(2.01326411069237103E1,-1.27396589426631657E1,2.40961344296076163E1));
#28=VERTEX_POINT('OSCAD_TOPO/3|vertex|v:b1564603976b899b34fa8713d2be0bd1|bc8afc28289ecc8e0d9b16e84ebb2f8e192ab0f2317648c72e9730170275eb8d',#27);
#29=CARTESIAN_POINT('',(2.10277086485419353E1,-2.88894931963781367E1,2.79178881070728835E1));
#30=VERTEX_POINT('OSCAD_TOPO/3|vertex|v:9d8cb975dd7a1eeedac55c1b27056738|331564c98c1273a2e89c49615e047dfe7a934b8a48b4d4f358bc68788a970703',#29);
#31=CARTESIAN_POINT('',(1.56034771690674976E1,-1.49045830122876062E1,2.79178881070728835E1));
#32=VERTEX_POINT('OSCAD_TOPO/3|vertex|v:5ba18edd8fcfa285cc559532823108d0|860bf141913e9b7b061c8a350ca2fd0eafc5334bf5ab07d401f6d9d931eb63c2',#31);
#33=CARTESIAN_POINT('',(2.42323086392992550E1,-2.76465469121206979E1,2.30000000000000000E1));
#34=VERTEX_POINT('OSCAD_TOPO/3|vertex|v:fb29a64420b3a21395764a2beaff2a3b|a1392b3522e4c53b4d4c1d090a305e6b7603677ea0edd71b6089413f67df4f8c',#33);
#35=CARTESIAN_POINT('',(1.88080771598248155E1,-1.36616367280301674E1,2.30000000000000000E1));
#36=VERTEX_POINT('OSCAD_TOPO/3|vertex|v:ca2591e97cda9dac532a825d8ba023e3|fe464542a0c3a272c843e9f121222cfbeecc0167e0f04e0cd74953909e6d0ce2',#35);
#37=CARTESIAN_POINT('',(9.97449870519707638E0,-1.17249331444195271E1,2.50535508065704775E1));
#38=VERTEX_POINT('OSCAD_TOPO/3|vertex|v:5a274ec823d7e836f58ab8fd573645d0|6ef9705ef239a21d46846d63d083c4ef05b8f9b900092823d985765b601eb3aa',#37);
#39=CARTESIAN_POINT('',(-1.48820520693978864E0,-1.61708937249058025E1,1.64605389050632525E1));
#40=VERTEX_POINT('OSCAD_TOPO/3|vertex|v:ba6391cf1441bebb527c9dd75c51e06a|338ef68b50e0ae2db4bfef1a6ece3c4d7a3794d1196fdb94d045adad8d432565',#39);
#41=CARTESIAN_POINT('',(1.71639478381752930E0,-1.49279474406483637E1,1.15426507979903707E1));
#42=VERTEX_POINT('OSCAD_TOPO/3|vertex|v:606e31843b47bcea2cfe8c0fd2f7e94c|2f0571e4243dac512c82dfee8f9bd0d49092dbedf5f2bbeadfa93424930e13a1',#41);
#43=CARTESIAN_POINT('',(1.31790986959543943E1,-1.04819868601620882E1,2.01356626994975976E1));
#44=VERTEX_POINT('OSCAD_TOPO/3|vertex|v:ba391d70ce8055e033681ed7b1ebcc7e|15d425c818d74d64b10ad2efac7755babd64dcbf7eca8aec7d0b20a16d1b9c8c',#43);
#45=CARTESIAN_POINT('',(1.19873228494178807E1,-5.58130955622727054E0,2.79178881070728835E1));
#46=VERTEX_POINT('OSCAD_TOPO/3|vertex|v:383da1380342754c008fee016af3c9e7|f84f4172b531fdc6a25a1f35573e34245205a26eb57bd261c382ae346a812abf',#45);
#47=CARTESIAN_POINT('',(6.56309136994344300E0,8.40360062786325912E0,2.79178881070728799E1));
#48=VERTEX_POINT('OSCAD_TOPO/3|vertex|v:e0b3bd24d4b9ddc6000758b9819b1b86|1fc1d0edf53764fff41e9055b95ae815d9fd3a92f14771ca898bfb54594ef256',#47);
#49=CARTESIAN_POINT('',(9.76769136070076094E0,9.64654691212069793E0,2.30000000000000000E1));
#50=VERTEX_POINT('OSCAD_TOPO/3|vertex|v:5b041b1b87f65e4f31da0944741eda9a|79792188ae58cf07c2a3d8d6ac4d4a6136eec4ffeb61c4248fcb22ec873e1924',#49);
#51=CARTESIAN_POINT('',(1.51919228401751987E1,-4.33836327196983262E0,2.30000000000000000E1));
#52=VERTEX_POINT('OSCAD_TOPO/3|vertex|v:3e82926c8be6db979379db08a27abdb5|e76b780a1e519968b0158048e55ff397ae6cda9f4544a2a69500f0822f9f441a',#51);
#53=CARTESIAN_POINT('',(2.90790052254251670E1,-4.31499884360907338E0,3.93752373090825074E1));
#54=CARTESIAN_POINT('',(2.90790052254251670E1,-4.31499884360907338E0,3.93752373090825074E1));
#55=CARTESIAN_POINT('',(2.90790052254251670E1,-4.31499884360907338E0,3.93752373090825074E1));
#56=CARTESIAN_POINT('',(2.96477579637240574E1,-5.78137357193025370E0,3.93752373090825074E1));
#57=CARTESIAN_POINT('',(2.96477579637240574E1,-5.78137357193025370E0,3.93752373090825074E1));
#58=CARTESIAN_POINT('',(2.96477579637240574E1,-5.78137357193025370E0,3.93752373090825074E1));
#59=CARTESIAN_POINT('',(2.98078412604697363E1,-7.40310286523439309E0,3.90696753615158343E1));
#60=CARTESIAN_POINT('',(3.00977511809716134E1,-7.29065748687313686E0,3.92870062300729401E1));
#61=CARTESIAN_POINT('',(3.03003746927717188E1,-7.21206729096053856E0,3.89760532993580000E1));
#62=CARTESIAN_POINT('',(2.97035080730829968E1,-8.94579207060416692E0,3.86117906154852975E1));
#63=CARTESIAN_POINT('',(3.04223513456674297E1,-8.82574782603024310E0,3.91105440720537842E1));
#64=CARTESIAN_POINT('',(3.08873528319417652E1,-8.64539087938921114E0,3.83969369804618808E1));
#65=CARTESIAN_POINT('',(2.95663880115931406E1,-1.03609432499207870E1,3.81647751893686547E1));
#66=CARTESIAN_POINT('',(3.06177872117498353E1,-1.03688097142983420E1,3.88479009948550384E1));
#67=CARTESIAN_POINT('',(3.12854122098242726E1,-1.01098625717447099E1,3.78233409725481877E1));
#68=CARTESIAN_POINT('',(2.96278013244531202E1,-1.17982730941349310E1,3.78415228801083998E1));
#69=CARTESIAN_POINT('',(3.06832947454671512E1,-1.19019615481267635E1,3.85030985316440990E1));
#70=CARTESIAN_POINT('',(3.13509197435415885E1,-1.16430144055731297E1,3.74785385093372554E1));
#71=(BOUNDED_SURFACE()B_SPLINE_SURFACE(5,2,((#53,#54,#55),(#56,#57,#58),(#59,#60,#61),(#62,#63,#64),(#65,#66,#67),(#68,#69,#70)),.UNSPECIFIED.,.F.,.F.,.F.)B_SPLINE_SURFACE_WITH_KNOTS((6,6),(3,3),(0.00000000000000000E0,1.00000000000000000E0),(0.00000000000000000E0,1.00000000000000000E0),.UNSPECIFIED.)GEOMETRIC_REPRESENTATION_ITEM()RATIONAL_B_SPLINE_SURFACE(((1.00000000000000000E0,7.07106781186547573E-1,1.00000000000000000E0),(9.92314112161292172E-1,7.01672037776358115E-1,9.92314112161292172E-1),(9.88471168241938147E-1,6.98954666071263220E-1,9.88471168241938147E-1),(9.88471168241938258E-1,6.98954666071263331E-1,9.88471168241938258E-1),(9.92314112161292172E-1,7.01672037776358115E-1,9.92314112161292172E-1),(1.00000000000000000E0,7.07106781186547573E-1,1.00000000000000000E0)))REPRESENTATION_ITEM('')SURFACE());
#72=CARTESIAN_POINT('',(5.74410343235945753E0,-3.48174406370265004E1,1.64605389050632525E1));
#73=CARTESIAN_POINT('',(-8.72051384623903303E0,2.47565318721489547E0,1.64605389050632525E1));
#74=CARTESIAN_POINT('',(3.63113138647244114E1,-2.29615457557297731E1,3.93752373090825145E1));
#75=CARTESIAN_POINT('',(2.18466965861259226E1,1.43315480685116228E1,3.93752373090825074E1));
#76=B_SPLINE_SURFACE_WITH_KNOTS('',1,1,((#72,#73),(#74,#75)),.UNSPECIFIED.,.F.,.F.,.F.,(2,2),(2,2),(0.00000000000000000E0,1.00000000000000000E0),(0.00000000000000000E0,1.00000000000000000E0),.UNSPECIFIED.);
#77=CARTESIAN_POINT('',(3.38878947362244674E1,-1.06590152638693247E1,3.35852104245712226E1));
#78=CARTESIAN_POINT('',(3.06832947454671512E1,-1.19019615481267635E1,3.85030985316440990E1));
#79=CARTESIAN_POINT('',(3.38223872025071515E1,-9.12586343004090494E0,3.39300128877821550E1));
#80=CARTESIAN_POINT('',(3.06177872117498353E1,-1.03688097142983437E1,3.88479009948550384E1));
#81=CARTESIAN_POINT('',(3.36269513364247459E1,-7.58280154177280696E0,3.41926559649809008E1));
#82=CARTESIAN_POINT('',(3.04223513456674297E1,-8.82574782603024488E0,3.91105440720537842E1));
#83=CARTESIAN_POINT('',(3.33023511717289296E1,-6.04771120261569983E0,3.43691181230000566E1));
#84=CARTESIAN_POINT('',(3.00977511809716134E1,-7.29065748687313686E0,3.92870062300729401E1));
#85=CARTESIAN_POINT('',(3.28523579544813771E1,-4.53842728767281578E0,3.44573492020096310E1));
#86=CARTESIAN_POINT('',(2.96477579637240574E1,-5.78137357193025370E0,3.93752373090825074E1));
#87=CARTESIAN_POINT('',(3.22836052161824867E1,-3.07205255935163546E0,3.44573492020096310E1));
#88=CARTESIAN_POINT('',(2.90790052254251670E1,-4.31499884360907338E0,3.93752373090825074E1));
#89=(BOUNDED_SURFACE()B_SPLINE_SURFACE(5,1,((#77,#78),(#79,#80),(#81,#82),(#83,#84),(#85,#86),(#87,#88)),.UNSPECIFIED.,.F.,.F.,.F.)B_SPLINE_SURFACE_WITH_KNOTS((6,6),(2,2),(0.00000000000000000E0,1.00000000000000000E0),(0.00000000000000000E0,1.00000000000000000E0),.UNSPECIFIED.)GEOMETRIC_REPRESENTATION_ITEM()RATIONAL_B_SPLINE_SURFACE(((1.00000000000000000E0,1.00000000000000000E0),(9.92314112161292172E-1,9.92314112161292172E-1),(9.88471168241938258E-1,9.88471168241938258E-1),(9.88471168241938147E-1,9.88471168241938147E-1),(9.92314112161292172E-1,9.92314112161292172E-1),(1.00000000000000000E0,1.00000000000000000E0)))REPRESENTATION_ITEM('')SURFACE());
#90=CARTESIAN_POINT('',(2.08209013040456199E1,-7.51801313983791175E0,2.58643373005024024E1));
#91=CARTESIAN_POINT('',(1.76163013132883037E1,-8.76095942409534878E0,3.07822254075752824E1));
#92=CARTESIAN_POINT('',(2.09630894886203407E1,-7.88460682191820617E0,2.58643373005024024E1));
#93=CARTESIAN_POINT('',(1.77584894978630246E1,-9.12755310617564319E0,3.07822254075752824E1));
#94=CARTESIAN_POINT('',(2.10755877929322324E1,-8.26192780065392540E0,2.58422795307500088E1));
#95=CARTESIAN_POINT('',(1.78709878021749162E1,-9.50487408491136421E0,3.07601676378228888E1));
#96=CARTESIAN_POINT('',(2.11567378341061847E1,-8.64570038544320241E0,2.57981639912452216E1));
#97=CARTESIAN_POINT('',(1.79521378433488685E1,-9.88864666970064121E0,3.07160520983181016E1));
#98=CARTESIAN_POINT('',(2.12055968006267861E1,-9.03146585751022535E0,2.57325032219455352E1));
#99=CARTESIAN_POINT('',(1.80009968098694699E1,-1.02744121417676642E1,3.06503913290184151E1));
#100=CARTESIAN_POINT('',(2.12219736840561168E1,-9.41475381596733030E0,2.56463026061428003E1));
#101=CARTESIAN_POINT('',(1.80173736932987971E1,-1.06577001002247691E1,3.05641907132156838E1));
#102=(BOUNDED_SURFACE()B_SPLINE_SURFACE(5,1,((#90,#91),(#92,#93),(#94,#95),(#96,#97),(#98,#99),(#100,#101)),.UNSPECIFIED.,.F.,.F.,.F.)B_SPLINE_SURFACE_WITH_KNOTS((6,6),(2,2),(0.00000000000000000E0,1.00000000000000000E0),(0.00000000000000000E0,1.00000000000000000E0),.UNSPECIFIED.)GEOMETRIC_REPRESENTATION_ITEM()RATIONAL_B_SPLINE_SURFACE(((1.00000000000000000E0,1.00000000000000000E0),(9.92314112161292172E-1,9.92314112161292172E-1),(9.88471168241938147E-1,9.88471168241938147E-1),(9.88471168241938258E-1,9.88471168241938258E-1),(9.92314112161292172E-1,9.92314112161292172E-1),(1.00000000000000000E0,1.00000000000000000E0)))REPRESENTATION_ITEM('')SURFACE());
#103=CARTESIAN_POINT('',(3.95159138554817275E1,-2.17185994714723343E1,3.44573492020096310E1));
#104=CARTESIAN_POINT('',(2.50512965768832387E1,1.55744943527690616E1,3.44573492020096239E1));
#105=CARTESIAN_POINT('',(8.94870342311677547E0,-3.35744943527690651E1,1.15426507979903725E1));
#106=CARTESIAN_POINT('',(-5.51591385548171687E0,3.71859947147233427E0,1.15426507979903690E1));
#107=B_SPLINE_SURFACE_WITH_KNOTS('',1,1,((#103,#104),(#105,#106)),.UNSPECIFIED.,.F.,.F.,.F.,(2,2),(2,2),(0.00000000000000000E0,1.00000000000000000E0),(0.00000000000000000E0,1.00000000000000000E0),.UNSPECIFIED.);
#108=CARTESIAN_POINT('',(2.96278013244531202E1,-1.17982730941349310E1,3.78415228801083998E1));
#109=CARTESIAN_POINT('',(3.06832947454671512E1,-1.19019615481267635E1,3.85030985316440990E1));
#110=CARTESIAN_POINT('',(3.13509197435415885E1,-1.16430144055731297E1,3.74785385093372554E1));
#111=CARTESIAN_POINT('',(2.99512760037159893E1,-1.93689412229196556E1,3.61388963291300058E1));
#112=CARTESIAN_POINT('',(3.10283344033475430E1,-1.99773408854971350E1,3.66869635439338140E1));
#113=CARTESIAN_POINT('',(3.16959594014219874E1,-1.97183937429435012E1,3.56624035216269704E1));
#114=CARTESIAN_POINT('',(2.55428041602065932E1,-2.42666673192443270E1,3.20283922181014447E1));
#115=CARTESIAN_POINT('',(2.63259644369375181E1,-2.52015820549101228E1,3.23024258255033487E1));
#116=CARTESIAN_POINT('',(2.69935894350119625E1,-2.49426349123564890E1,3.12778658031965016E1));
#117=(BOUNDED_SURFACE()B_SPLINE_SURFACE(2,2,((#108,#109,#110),(#111,#112,#113),(#114,#115,#116)),.UNSPECIFIED.,.F.,.F.,.F.)B_SPLINE_SURFACE_WITH_KNOTS((3,3),(3,3),(0.00000000000000000E0,1.00000000000000000E0),(0.00000000000000000E0,1.00000000000000000E0),.UNSPECIFIED.)GEOMETRIC_REPRESENTATION_ITEM()RATIONAL_B_SPLINE_SURFACE(((1.00000000000000000E0,7.07106781186547573E-1,1.00000000000000000E0),(9.23879532511286738E-1,6.53281482438188288E-1,9.23879532511286738E-1),(1.00000000000000000E0,7.07106781186547573E-1,1.00000000000000000E0)))REPRESENTATION_ITEM('')SURFACE());
#118=CARTESIAN_POINT('',(2.95305644276948378E1,-2.39586357706526840E1,2.73845377184304688E1));
#119=CARTESIAN_POINT('',(2.63259644369375181E1,-2.52015820549101228E1,3.23024258255033487E1));
#120=CARTESIAN_POINT('',(3.42329343941048592E1,-1.87343946012396962E1,3.17690754368609340E1));
#121=CARTESIAN_POINT('',(3.10283344033475430E1,-1.99773408854971350E1,3.66869635439338140E1));
#122=CARTESIAN_POINT('',(3.38878947362244674E1,-1.06590152638693247E1,3.35852104245712226E1));
#123=CARTESIAN_POINT('',(3.06832947454671512E1,-1.19019615481267635E1,3.85030985316440990E1));
#124=(BOUNDED_SURFACE()B_SPLINE_SURFACE(2,1,((#118,#119),(#120,#121),(#122,#123)),.UNSPECIFIED.,.F.,.F.,.F.)B_SPLINE_SURFACE_WITH_KNOTS((3,3),(2,2),(0.00000000000000000E0,1.00000000000000000E0),(0.00000000000000000E0,1.00000000000000000E0),.UNSPECIFIED.)GEOMETRIC_REPRESENTATION_ITEM()RATIONAL_B_SPLINE_SURFACE(((1.00000000000000000E0,1.00000000000000000E0),(9.23879532511286738E-1,9.23879532511286738E-1),(1.00000000000000000E0,1.00000000000000000E0)))REPRESENTATION_ITEM('')SURFACE());
#125=CARTESIAN_POINT('',(2.12219736840561168E1,-9.41475381596733030E0,2.56463026061428003E1));
#126=CARTESIAN_POINT('',(1.80173736932987971E1,-1.06577001002247691E1,3.05641907132156838E1));
#127=CARTESIAN_POINT('',(2.13082335985262148E1,-1.14335986503099214E1,2.51922688592152291E1));
#128=CARTESIAN_POINT('',(1.81036336077688951E1,-1.26765449345673584E1,3.01101569662881126E1));
#129=CARTESIAN_POINT('',(2.01326411069237103E1,-1.27396589426631657E1,2.40961344296076163E1));
#130=CARTESIAN_POINT('',(1.69280411161663906E1,-1.39826052269206027E1,2.90140225366804962E1));
#131=(BOUNDED_SURFACE()B_SPLINE_SURFACE(2,1,((#125,#126),(#127,#128),(#129,#130)),.UNSPECIFIED.,.F.,.F.,.F.)B_SPLINE_SURFACE_WITH_KNOTS((3,3),(2,2),(0.00000000000000000E0,1.00000000000000000E0),(0.00000000000000000E0,1.00000000000000000E0),.UNSPECIFIED.)GEOMETRIC_REPRESENTATION_ITEM()RATIONAL_B_SPLINE_SURFACE(((1.00000000000000000E0,1.00000000000000000E0),(9.23879532511286738E-1,9.23879532511286738E-1),(1.00000000000000000E0,1.00000000000000000E0)))REPRESENTATION_ITEM('')SURFACE());
#132=CARTESIAN_POINT('',(2.55428041602065932E1,-2.42666673192443270E1,3.20283922181014447E1));
#133=CARTESIAN_POINT('',(2.63259644369375181E1,-2.52015820549101228E1,3.23024258255033487E1));
#134=CARTESIAN_POINT('',(2.69935894350119625E1,-2.49426349123564890E1,3.12778658031965016E1));
#135=CARTESIAN_POINT('',(2.47058333618219912E1,-2.51965255255852156E1,3.12479921090169270E1));
#136=CARTESIAN_POINT('',(2.54331955853272760E1,-2.61934308083404019E1,3.14699990424798628E1));
#137=CARTESIAN_POINT('',(2.61008205834017133E1,-2.59344836657867681E1,3.04454390201730156E1));
#138=CARTESIAN_POINT('',(2.40176506224660429E1,-2.63003970682661041E1,3.05205653448115513E1));
#139=CARTESIAN_POINT('',(2.44455997545040731E1,-2.70682317318715313E1,3.06053636430732539E1));
#140=CARTESIAN_POINT('',(2.49106012407784121E1,-2.68878747852304976E1,2.98917565514813468E1));
#141=CARTESIAN_POINT('',(2.32364021743745255E1,-2.74607160917151809E1,2.97182284671978323E1));
#142=CARTESIAN_POINT('',(2.33735895717854660E1,-2.78144165999698494E1,2.97182284671978323E1));
#143=CARTESIAN_POINT('',(2.35762130835855679E1,-2.77358264040572493E1,2.94072755364828886E1));
#144=CARTESIAN_POINT('',(2.22296197880290940E1,-2.84233161417872644E1,2.88189003643319950E1));
#145=CARTESIAN_POINT('',(2.22296197880290940E1,-2.84233161417872608E1,2.88189003643319914E1));
#146=CARTESIAN_POINT('',(2.22296197880290940E1,-2.84233161417872644E1,2.88189003643319950E1));
#147=CARTESIAN_POINT('',(2.10277086485419353E1,-2.88894931963781367E1,2.79178881070728835E1));
#148=CARTESIAN_POINT('',(2.10277086485419353E1,-2.88894931963781367E1,2.79178881070728835E1));
#149=CARTESIAN_POINT('',(2.10277086485419353E1,-2.88894931963781367E1,2.79178881070728835E1));
#150=(BOUNDED_SURFACE()B_SPLINE_SURFACE(5,2,((#132,#133,#134),(#135,#136,#137),(#138,#139,#140),(#141,#142,#143),(#144,#145,#146),(#147,#148,#149)),.UNSPECIFIED.,.F.,.F.,.F.)B_SPLINE_SURFACE_WITH_KNOTS((6,6),(3,3),(0.00000000000000000E0,1.00000000000000000E0),(0.00000000000000000E0,1.00000000000000000E0),.UNSPECIFIED.)GEOMETRIC_REPRESENTATION_ITEM()RATIONAL_B_SPLINE_SURFACE(((1.00000000000000000E0,7.07106781186547573E-1,1.00000000000000000E0),(9.92314112161292172E-1,7.01672037776358115E-1,9.92314112161292172E-1),(9.88471168241938147E-1,6.98954666071263220E-1,9.88471168241938147E-1),(9.88471168241938258E-1,6.98954666071263331E-1,9.88471168241938258E-1),(9.92314112161292172E-1,7.01672037776358115E-1,9.92314112161292172E-1),(1.00000000000000000E0,7.07106781186547573E-1,1.00000000000000000E0)))REPRESENTATION_ITEM('')SURFACE());
#151=CARTESIAN_POINT('',(2.42323086392992550E1,-2.76465469121206979E1,2.30000000000000000E1));
#152=CARTESIAN_POINT('',(2.10277086485419353E1,-2.88894931963781367E1,2.79178881070728835E1));
#153=CARTESIAN_POINT('',(2.54342197787864137E1,-2.71803698575298256E1,2.39010122572591115E1));
#154=CARTESIAN_POINT('',(2.22296197880290940E1,-2.84233161417872644E1,2.88189003643319950E1));
#155=CARTESIAN_POINT('',(2.65781895625427822E1,-2.65714703157124106E1,2.48003403601249488E1));
#156=CARTESIAN_POINT('',(2.33735895717854660E1,-2.78144165999698494E1,2.97182284671978323E1));
#157=CARTESIAN_POINT('',(2.76501997452613928E1,-2.58252854476140925E1,2.56874755360003704E1));
#158=CARTESIAN_POINT('',(2.44455997545040731E1,-2.70682317318715313E1,3.06053636430732539E1));
#159=CARTESIAN_POINT('',(2.86377955760845921E1,-2.49504845240829631E1,2.65521109354069829E1));
#160=CARTESIAN_POINT('',(2.54331955853272760E1,-2.61934308083404019E1,3.14699990424798628E1));
#161=CARTESIAN_POINT('',(2.95305644276948378E1,-2.39586357706526840E1,2.73845377184304688E1));
#162=CARTESIAN_POINT('',(2.63259644369375181E1,-2.52015820549101228E1,3.23024258255033487E1));
#163=(BOUNDED_SURFACE()B_SPLINE_SURFACE(5,1,((#151,#152),(#153,#154),(#155,#156),(#157,#158),(#159,#160),(#161,#162)),.UNSPECIFIED.,.F.,.F.,.F.)B_SPLINE_SURFACE_WITH_KNOTS((6,6),(2,2),(0.00000000000000000E0,1.00000000000000000E0),(0.00000000000000000E0,1.00000000000000000E0),.UNSPECIFIED.)GEOMETRIC_REPRESENTATION_ITEM()RATIONAL_B_SPLINE_SURFACE(((1.00000000000000000E0,1.00000000000000000E0),(9.92314112161292172E-1,9.92314112161292172E-1),(9.88471168241938258E-1,9.88471168241938258E-1),(9.88471168241938147E-1,9.88471168241938147E-1),(9.92314112161292172E-1,9.92314112161292172E-1),(1.00000000000000000E0,1.00000000000000000E0)))REPRESENTATION_ITEM('')SURFACE());
#164=CARTESIAN_POINT('',(2.01326411069237103E1,-1.27396589426631657E1,2.40961344296076163E1));
#165=CARTESIAN_POINT('',(1.69280411161663906E1,-1.39826052269206027E1,2.90140225366804962E1));
#166=CARTESIAN_POINT('',(1.99094488940211498E1,-1.29876211310207346E1,2.38880277338517431E1));
#167=CARTESIAN_POINT('',(1.67048489032638301E1,-1.42305674152781734E1,2.88059158409246265E1));
#168=CARTESIAN_POINT('',(1.96625499363153509E1,-1.32063213619035160E1,2.36718688840000908E1));
#169=CARTESIAN_POINT('',(1.64579499455580311E1,-1.44492676461609548E1,2.85897569910729743E1));
#170=CARTESIAN_POINT('',(1.93945473906356973E1,-1.33928675789280955E1,2.34500850900312372E1));
#171=CARTESIAN_POINT('',(1.61899473998783812E1,-1.46358138631855326E1,2.83679731971041207E1));
#172=CARTESIAN_POINT('',(1.91085549446966070E1,-1.35450924643824493E1,2.32252530643147779E1));
#173=CARTESIAN_POINT('',(1.59039549539392873E1,-1.47880387486398881E1,2.81431411713876614E1));
#174=CARTESIAN_POINT('',(1.88080771598248155E1,-1.36616367280301674E1,2.30000000000000000E1));
#175=CARTESIAN_POINT('',(1.56034771690674976E1,-1.49045830122876062E1,2.79178881070728835E1));
#176=(BOUNDED_SURFACE()B_SPLINE_SURFACE(5,1,((#164,#165),(#166,#167),(#168,#169),(#170,#171),(#172,#173),(#174,#175)),.UNSPECIFIED.,.F.,.F.,.F.)B_SPLINE_SURFACE_WITH_KNOTS((6,6),(2,2),(0.00000000000000000E0,1.00000000000000000E0),(0.00000000000000000E0,1.00000000000000000E0),.UNSPECIFIED.)GEOMETRIC_REPRESENTATION_ITEM()RATIONAL_B_SPLINE_SURFACE(((1.00000000000000000E0,1.00000000000000000E0),(9.92314112161292172E-1,9.92314112161292172E-1),(9.88471168241938147E-1,9.88471168241938147E-1),(9.88471168241938258E-1,9.88471168241938258E-1),(9.92314112161292172E-1,9.92314112161292172E-1),(1.00000000000000000E0,1.00000000000000000E0)))REPRESENTATION_ITEM('')SURFACE());
#177=CARTESIAN_POINT('',(1.71639478381752930E0,-1.49279474406483637E1,1.15426507979903707E1));
#178=CARTESIAN_POINT('',(-1.48820520693978864E0,-1.61708937249058025E1,1.64605389050632525E1));
#179=CARTESIAN_POINT('',(8.94870342311677724E0,-3.35744943527690651E1,1.15426507979903743E1));
#180=CARTESIAN_POINT('',(5.74410343235945930E0,-3.48174406370265004E1,1.64605389050632560E1));
#181=CARTESIAN_POINT('',(2.42323086392992550E1,-2.76465469121206979E1,2.30000000000000000E1));
#182=CARTESIAN_POINT('',(2.10277086485419353E1,-2.88894931963781367E1,2.79178881070728835E1));
#183=(BOUNDED_SURFACE()B_SPLINE_SURFACE(2,1,((#177,#178),(#179,#180),(#181,#182)),.UNSPECIFIED.,.F.,.F.,.F.)B_SPLINE_SURFACE_WITH_KNOTS((3,3),(2,2),(0.00000000000000000E0,1.00000000000000000E0),(0.00000000000000000E0,1.00000000000000000E0),.UNSPECIFIED.)GEOMETRIC_REPRESENTATION_ITEM()RATIONAL_B_SPLINE_SURFACE(((1.00000000000000000E0,1.00000000000000000E0),(7.07106781186547573E-1,7.07106781186547573E-1),(1.00000000000000000E0,1.00000000000000000E0)))REPRESENTATION_ITEM('')SURFACE());
#184=CARTESIAN_POINT('',(1.88080771598248155E1,-1.36616367280301674E1,2.30000000000000000E1));
#185=CARTESIAN_POINT('',(1.56034771690674976E1,-1.49045830122876062E1,2.79178881070728835E1));
#186=CARTESIAN_POINT('',(1.49871758557792027E1,-1.51436235881922556E1,2.01356626994975976E1));
#187=CARTESIAN_POINT('',(1.17825758650218848E1,-1.63865698724496944E1,2.50535508065704811E1));
#188=CARTESIAN_POINT('',(1.31790986959543943E1,-1.04819868601620882E1,2.01356626994975976E1));
#189=CARTESIAN_POINT('',(9.97449870519707638E0,-1.17249331444195271E1,2.50535508065704775E1));
#190=(BOUNDED_SURFACE()B_SPLINE_SURFACE(2,1,((#184,#185),(#186,#187),(#188,#189)),.UNSPECIFIED.,.F.,.F.,.F.)B_SPLINE_SURFACE_WITH_KNOTS((3,3),(2,2),(0.00000000000000000E0,1.00000000000000000E0),(0.00000000000000000E0,1.00000000000000000E0),.UNSPECIFIED.)GEOMETRIC_REPRESENTATION_ITEM()RATIONAL_B_SPLINE_SURFACE(((1.00000000000000000E0,1.00000000000000000E0),(7.07106781186547573E-1,7.07106781186547573E-1),(1.00000000000000000E0,1.00000000000000000E0)))REPRESENTATION_ITEM('')SURFACE());
#191=CARTESIAN_POINT('',(9.76769136070076094E0,9.64654691212069793E0,2.30000000000000000E1));
#192=CARTESIAN_POINT('',(6.56309136994344300E0,8.40360062786325912E0,2.79178881070728799E1));
#193=CARTESIAN_POINT('',(-5.51591385548172042E0,3.71859947147232894E0,1.15426507979903672E1));
#194=CARTESIAN_POINT('',(-8.72051384623903658E0,2.47565318721489191E0,1.64605389050632489E1));
#195=CARTESIAN_POINT('',(1.71639478381752930E0,-1.49279474406483637E1,1.15426507979903707E1));
#196=CARTESIAN_POINT('',(-1.48820520693978864E0,-1.61708937249058025E1,1.64605389050632525E1));
#197=(BOUNDED_SURFACE()B_SPLINE_SURFACE(2,1,((#191,#192),(#193,#194),(#195,#196)),.UNSPECIFIED.,.F.,.F.,.F.)B_SPLINE_SURFACE_WITH_KNOTS((3,3),(2,2),(0.00000000000000000E0,1.00000000000000000E0),(0.00000000000000000E0,1.00000000000000000E0),.UNSPECIFIED.)GEOMETRIC_REPRESENTATION_ITEM()RATIONAL_B_SPLINE_SURFACE(((1.00000000000000000E0,1.00000000000000000E0),(7.07106781186547573E-1,7.07106781186547573E-1),(1.00000000000000000E0,1.00000000000000000E0)))REPRESENTATION_ITEM('')SURFACE());
#198=CARTESIAN_POINT('',(1.31790986959543943E1,-1.04819868601620882E1,2.01356626994975976E1));
#199=CARTESIAN_POINT('',(9.97449870519707638E0,-1.17249331444195271E1,2.50535508065704775E1));
#200=CARTESIAN_POINT('',(1.13710215361295859E1,-5.82035013213192265E0,2.01356626994975976E1));
#201=CARTESIAN_POINT('',(8.16642154537226794E0,-7.06329641638936057E0,2.50535508065704775E1));
#202=CARTESIAN_POINT('',(1.51919228401751987E1,-4.33836327196983262E0,2.30000000000000000E1));
#203=CARTESIAN_POINT('',(1.19873228494178807E1,-5.58130955622727054E0,2.79178881070728835E1));
#204=(BOUNDED_SURFACE()B_SPLINE_SURFACE(2,1,((#198,#199),(#200,#201),(#202,#203)),.UNSPECIFIED.,.F.,.F.,.F.)B_SPLINE_SURFACE_WITH_KNOTS((3,3),(2,2),(0.00000000000000000E0,1.00000000000000000E0),(0.00000000000000000E0,1.00000000000000000E0),.UNSPECIFIED.)GEOMETRIC_REPRESENTATION_ITEM()RATIONAL_B_SPLINE_SURFACE(((1.00000000000000000E0,1.00000000000000000E0),(7.07106781186547573E-1,7.07106781186547573E-1),(1.00000000000000000E0,1.00000000000000000E0)))REPRESENTATION_ITEM('')SURFACE());
#205=CARTESIAN_POINT('',(3.22836052161824867E1,-3.07205255935163546E0,3.44573492020096310E1));
#206=CARTESIAN_POINT('',(2.90790052254251670E1,-4.31499884360907338E0,3.93752373090825074E1));
#207=CARTESIAN_POINT('',(2.50512965768832316E1,1.55744943527690651E1,3.44573492020096239E1));
#208=CARTESIAN_POINT('',(2.18466965861259155E1,1.43315480685116263E1,3.93752373090825074E1));
#209=CARTESIAN_POINT('',(9.76769136070076094E0,9.64654691212069793E0,2.30000000000000000E1));
#210=CARTESIAN_POINT('',(6.56309136994344300E0,8.40360062786325912E0,2.79178881070728799E1));
#211=(BOUNDED_SURFACE()B_SPLINE_SURFACE(2,1,((#205,#206),(#207,#208),(#209,#210)),.UNSPECIFIED.,.F.,.F.,.F.)B_SPLINE_SURFACE_WITH_KNOTS((3,3),(2,2),(0.00000000000000000E0,1.00000000000000000E0),(0.00000000000000000E0,1.00000000000000000E0),.UNSPECIFIED.)GEOMETRIC_REPRESENTATION_ITEM()RATIONAL_B_SPLINE_SURFACE(((1.00000000000000000E0,1.00000000000000000E0),(7.07106781186547573E-1,7.07106781186547573E-1),(1.00000000000000000E0,1.00000000000000000E0)))REPRESENTATION_ITEM('')SURFACE());
#212=CARTESIAN_POINT('',(1.51919228401751987E1,-4.33836327196983262E0,2.30000000000000000E1));
#213=CARTESIAN_POINT('',(1.19873228494178807E1,-5.58130955622727054E0,2.79178881070728835E1));
#214=CARTESIAN_POINT('',(1.90128241442208115E1,-2.85637641180774349E0,2.58643373005024024E1));
#215=CARTESIAN_POINT('',(1.58082241534634917E1,-4.09932269606518140E0,3.07822254075752824E1));
#216=CARTESIAN_POINT('',(2.08209013040456199E1,-7.51801313983791175E0,2.58643373005024024E1));
#217=CARTESIAN_POINT('',(1.76163013132883037E1,-8.76095942409534878E0,3.07822254075752824E1));
#218=(BOUNDED_SURFACE()B_SPLINE_SURFACE(2,1,((#212,#213),(#214,#215),(#216,#217)),.UNSPECIFIED.,.F.,.F.,.F.)B_SPLINE_SURFACE_WITH_KNOTS((3,3),(2,2),(0.00000000000000000E0,1.00000000000000000E0),(0.00000000000000000E0,1.00000000000000000E0),.UNSPECIFIED.)GEOMETRIC_REPRESENTATION_ITEM()RATIONAL_B_SPLINE_SURFACE(((1.00000000000000000E0,1.00000000000000000E0),(7.07106781186547573E-1,7.07106781186547573E-1),(1.00000000000000000E0,1.00000000000000000E0)))REPRESENTATION_ITEM('')SURFACE());
#219=CARTESIAN_POINT('',(2.90790052254251670E1,-4.31499884360907338E0,3.93752373090825074E1));
#220=CARTESIAN_POINT('',(2.96477579637240574E1,-5.78137357193025370E0,3.93752373090825074E1));
#221=CARTESIAN_POINT('',(2.98078412604697363E1,-7.40310286523439309E0,3.90696753615158343E1));
#222=CARTESIAN_POINT('',(2.97035080730829968E1,-8.94579207060416692E0,3.86117906154852975E1));
#223=CARTESIAN_POINT('',(2.95663880115931406E1,-1.03609432499207870E1,3.81647751893686547E1));
#224=CARTESIAN_POINT('',(2.96278013244531202E1,-1.17982730941349310E1,3.78415228801083998E1));
#225=(BOUNDED_CURVE()B_SPLINE_CURVE(5,(#219,#220,#221,#222,#223,#224),.UNSPECIFIED.,.F.,.F.)B_SPLINE_CURVE_WITH_KNOTS((6,6),(0.00000000000000000E0,1.00000000000000000E0),.UNSPECIFIED.)CURVE()GEOMETRIC_REPRESENTATION_ITEM()RATIONAL_B_SPLINE_CURVE((1.00000000000000000E0,9.92314112161292172E-1,9.88471168241938147E-1,9.88471168241938258E-1,9.92314112161292172E-1,1.00000000000000000E0))REPRESENTATION_ITEM(''));
#226=CARTESIAN_POINT('',(2.96278013244531202E1,-1.17982730941349310E1,3.78415228801083998E1));
#227=CARTESIAN_POINT('',(3.06832947454671512E1,-1.19019615481267635E1,3.85030985316440990E1));
#228=CARTESIAN_POINT('',(3.13509197435415885E1,-1.16430144055731297E1,3.74785385093372554E1));
#229=(BOUNDED_CURVE()B_SPLINE_CURVE(2,(#226,#227,#228),.UNSPECIFIED.,.F.,.F.)B_SPLINE_CURVE_WITH_KNOTS((3,3),(0.00000000000000000E0,1.00000000000000000E0),.UNSPECIFIED.)CURVE()GEOMETRIC_REPRESENTATION_ITEM()RATIONAL_B_SPLINE_CURVE((1.00000000000000000E0,7.07106781186547573E-1,1.00000000000000000E0))REPRESENTATION_ITEM(''));
#230=CARTESIAN_POINT('',(3.13509197435415885E1,-1.16430144055731297E1,3.74785385093372554E1));
#231=CARTESIAN_POINT('',(3.12854122098242726E1,-1.01098625717447099E1,3.78233409725481877E1));
#232=CARTESIAN_POINT('',(3.08873528319417652E1,-8.64539087938921114E0,3.83969369804618808E1));
#233=CARTESIAN_POINT('',(3.03003746927717188E1,-7.21206729096053856E0,3.89760532993580000E1));
#234=CARTESIAN_POINT('',(2.96477579637240574E1,-5.78137357193025370E0,3.93752373090825074E1));
#235=CARTESIAN_POINT('',(2.90790052254251670E1,-4.31499884360907338E0,3.93752373090825074E1));
#236=(BOUNDED_CURVE()B_SPLINE_CURVE(5,(#230,#231,#232,#233,#234,#235),.UNSPECIFIED.,.F.,.F.)B_SPLINE_CURVE_WITH_KNOTS((6,6),(0.00000000000000000E0,1.00000000000000000E0),.UNSPECIFIED.)CURVE()GEOMETRIC_REPRESENTATION_ITEM()RATIONAL_B_SPLINE_CURVE((1.00000000000000000E0,9.92314112161292172E-1,9.88471168241938258E-1,9.88471168241938147E-1,9.92314112161292172E-1,1.00000000000000000E0))REPRESENTATION_ITEM(''));
#237=CARTESIAN_POINT('',(2.90790052254251670E1,-4.31499884360907338E0,3.93752373090825074E1));
#238=CARTESIAN_POINT('',(2.90790052254251670E1,-4.31499884360907338E0,3.93752373090825074E1));
#239=CARTESIAN_POINT('',(2.90790052254251670E1,-4.31499884360907338E0,3.93752373090825074E1));
#240=(BOUNDED_CURVE()B_SPLINE_CURVE(2,(#237,#238,#239),.UNSPECIFIED.,.F.,.F.)B_SPLINE_CURVE_WITH_KNOTS((3,3),(0.00000000000000000E0,1.00000000000000000E0),.UNSPECIFIED.)CURVE()GEOMETRIC_REPRESENTATION_ITEM()RATIONAL_B_SPLINE_CURVE((1.00000000000000000E0,7.07106781186547573E-1,1.00000000000000000E0))REPRESENTATION_ITEM(''));
#241=CARTESIAN_POINT('',(2.90790052254251670E1,-4.31499884360907338E0,3.93752373090825074E1));
#242=CARTESIAN_POINT('',(1.76163013132883037E1,-8.76095942409534878E0,3.07822254075752824E1));
#243=B_SPLINE_CURVE_WITH_KNOTS('',1,(#241,#242),.UNSPECIFIED.,.F.,.F.,(2,2),(0.00000000000000000E0,1.00000000000000000E0),.UNSPECIFIED.);
#244=CARTESIAN_POINT('',(1.76163013132883037E1,-8.76095942409534878E0,3.07822254075752824E1));
#245=CARTESIAN_POINT('',(1.77584894978630246E1,-9.12755310617564319E0,3.07822254075752824E1));
#246=CARTESIAN_POINT('',(1.78709878021749162E1,-9.50487408491136421E0,3.07601676378228888E1));
#247=CARTESIAN_POINT('',(1.79521378433488685E1,-9.88864666970064121E0,3.07160520983181016E1));
#248=CARTESIAN_POINT('',(1.80009968098694699E1,-1.02744121417676642E1,3.06503913290184151E1));
#249=CARTESIAN_POINT('',(1.80173736932987971E1,-1.06577001002247691E1,3.05641907132156838E1));
#250=(BOUNDED_CURVE()B_SPLINE_CURVE(5,(#244,#245,#246,#247,#248,#249),.UNSPECIFIED.,.F.,.F.)B_SPLINE_CURVE_WITH_KNOTS((6,6),(0.00000000000000000E0,1.00000000000000000E0),.UNSPECIFIED.)CURVE()GEOMETRIC_REPRESENTATION_ITEM()RATIONAL_B_SPLINE_CURVE((1.00000000000000000E0,9.92314112161292172E-1,9.88471168241938147E-1,9.88471168241938258E-1,9.92314112161292172E-1,1.00000000000000000E0))REPRESENTATION_ITEM(''));
#251=CARTESIAN_POINT('',(1.80173736932987971E1,-1.06577001002247691E1,3.05641907132156838E1));
#252=CARTESIAN_POINT('',(2.96278013244531202E1,-1.17982730941349310E1,3.78415228801083998E1));
#253=B_SPLINE_CURVE_WITH_KNOTS('',1,(#251,#252),.UNSPECIFIED.,.F.,.F.,(2,2),(0.00000000000000000E0,1.00000000000000000E0),.UNSPECIFIED.);
#254=CARTESIAN_POINT('',(3.22836052161824867E1,-3.07205255935163546E0,3.44573492020096310E1));
#255=CARTESIAN_POINT('',(3.28523579544813771E1,-4.53842728767281578E0,3.44573492020096310E1));
#256=CARTESIAN_POINT('',(3.33023511717289296E1,-6.04771120261569983E0,3.43691181230000566E1));
#257=CARTESIAN_POINT('',(3.36269513364247459E1,-7.58280154177280696E0,3.41926559649809008E1));
#258=CARTESIAN_POINT('',(3.38223872025071515E1,-9.12586343004090494E0,3.39300128877821550E1));
#259=CARTESIAN_POINT('',(3.38878947362244674E1,-1.06590152638693247E1,3.35852104245712226E1));
#260=(BOUNDED_CURVE()B_SPLINE_CURVE(5,(#254,#255,#256,#257,#258,#259),.UNSPECIFIED.,.F.,.F.)B_SPLINE_CURVE_WITH_KNOTS((6,6),(0.00000000000000000E0,1.00000000000000000E0),.UNSPECIFIED.)CURVE()GEOMETRIC_REPRESENTATION_ITEM()RATIONAL_B_SPLINE_CURVE((1.00000000000000000E0,9.92314112161292172E-1,9.88471168241938147E-1,9.88471168241938258E-1,9.92314112161292172E-1,1.00000000000000000E0))REPRESENTATION_ITEM(''));
#261=CARTESIAN_POINT('',(3.38878947362244674E1,-1.06590152638693247E1,3.35852104245712226E1));
#262=CARTESIAN_POINT('',(3.13509197435415885E1,-1.16430144055731297E1,3.74785385093372554E1));
#263=B_SPLINE_CURVE_WITH_KNOTS('',1,(#261,#262),.UNSPECIFIED.,.F.,.F.,(2,2),(0.00000000000000000E0,1.00000000000000000E0),.UNSPECIFIED.);
#264=CARTESIAN_POINT('',(2.90790052254251670E1,-4.31499884360907338E0,3.93752373090825074E1));
#265=CARTESIAN_POINT('',(3.22836052161824867E1,-3.07205255935163546E0,3.44573492020096310E1));
#266=B_SPLINE_CURVE_WITH_KNOTS('',1,(#264,#265),.UNSPECIFIED.,.F.,.F.,(2,2),(0.00000000000000000E0,1.00000000000000000E0),.UNSPECIFIED.);
#267=CARTESIAN_POINT('',(2.08209013040456199E1,-7.51801313983791175E0,2.58643373005024024E1));
#268=CARTESIAN_POINT('',(2.09630894886203407E1,-7.88460682191820617E0,2.58643373005024024E1));
#269=CARTESIAN_POINT('',(2.10755877929322324E1,-8.26192780065392540E0,2.58422795307500088E1));
#270=CARTESIAN_POINT('',(2.11567378341061847E1,-8.64570038544320241E0,2.57981639912452216E1));
#271=CARTESIAN_POINT('',(2.12055968006267861E1,-9.03146585751022535E0,2.57325032219455352E1));
#272=CARTESIAN_POINT('',(2.12219736840561168E1,-9.41475381596733030E0,2.56463026061428003E1));
#273=(BOUNDED_CURVE()B_SPLINE_CURVE(5,(#267,#268,#269,#270,#271,#272),.UNSPECIFIED.,.F.,.F.)B_SPLINE_CURVE_WITH_KNOTS((6,6),(0.00000000000000000E0,1.00000000000000000E0),.UNSPECIFIED.)CURVE()GEOMETRIC_REPRESENTATION_ITEM()RATIONAL_B_SPLINE_CURVE((1.00000000000000000E0,9.92314112161292172E-1,9.88471168241938147E-1,9.88471168241938258E-1,9.92314112161292172E-1,1.00000000000000000E0))REPRESENTATION_ITEM(''));
#274=CARTESIAN_POINT('',(2.12219736840561168E1,-9.41475381596733030E0,2.56463026061428003E1));
#275=CARTESIAN_POINT('',(1.80173736932987971E1,-1.06577001002247691E1,3.05641907132156838E1));
#276=B_SPLINE_CURVE_WITH_KNOTS('',1,(#274,#275),.UNSPECIFIED.,.F.,.F.,(2,2),(0.00000000000000000E0,1.00000000000000000E0),.UNSPECIFIED.);
#277=CARTESIAN_POINT('',(1.76163013132883037E1,-8.76095942409534878E0,3.07822254075752824E1));
#278=CARTESIAN_POINT('',(2.08209013040456199E1,-7.51801313983791175E0,2.58643373005024024E1));
#279=B_SPLINE_CURVE_WITH_KNOTS('',1,(#277,#278),.UNSPECIFIED.,.F.,.F.,(2,2),(0.00000000000000000E0,1.00000000000000000E0),.UNSPECIFIED.);
#280=CARTESIAN_POINT('',(3.22836052161824867E1,-3.07205255935163546E0,3.44573492020096310E1));
#281=CARTESIAN_POINT('',(2.08209013040456199E1,-7.51801313983791175E0,2.58643373005024024E1));
#282=B_SPLINE_CURVE_WITH_KNOTS('',1,(#280,#281),.UNSPECIFIED.,.F.,.F.,(2,2),(0.00000000000000000E0,1.00000000000000000E0),.UNSPECIFIED.);
#283=CARTESIAN_POINT('',(2.12219736840561168E1,-9.41475381596733030E0,2.56463026061428003E1));
#284=CARTESIAN_POINT('',(3.38878947362244674E1,-1.06590152638693247E1,3.35852104245712226E1));
#285=B_SPLINE_CURVE_WITH_KNOTS('',1,(#283,#284),.UNSPECIFIED.,.F.,.F.,(2,2),(0.00000000000000000E0,1.00000000000000000E0),.UNSPECIFIED.);
#286=CARTESIAN_POINT('',(2.96278013244531202E1,-1.17982730941349310E1,3.78415228801083998E1));
#287=CARTESIAN_POINT('',(2.99512760037159964E1,-1.93689412229196556E1,3.61388963291300058E1));
#288=CARTESIAN_POINT('',(2.55428041602065932E1,-2.42666673192443270E1,3.20283922181014447E1));
#289=(BOUNDED_CURVE()B_SPLINE_CURVE(2,(#286,#287,#288),.UNSPECIFIED.,.F.,.F.)B_SPLINE_CURVE_WITH_KNOTS((3,3),(0.00000000000000000E0,1.00000000000000000E0),.UNSPECIFIED.)CURVE()GEOMETRIC_REPRESENTATION_ITEM()RATIONAL_B_SPLINE_CURVE((1.00000000000000000E0,9.23879532511286738E-1,1.00000000000000000E0))REPRESENTATION_ITEM(''));
#290=CARTESIAN_POINT('',(2.55428041602065932E1,-2.42666673192443270E1,3.20283922181014447E1));
#291=CARTESIAN_POINT('',(2.63259644369375181E1,-2.52015820549101228E1,3.23024258255033487E1));
#292=CARTESIAN_POINT('',(2.69935894350119625E1,-2.49426349123564890E1,3.12778658031965016E1));
#293=(BOUNDED_CURVE()B_SPLINE_CURVE(2,(#290,#291,#292),.UNSPECIFIED.,.F.,.F.)B_SPLINE_CURVE_WITH_KNOTS((3,3),(0.00000000000000000E0,1.00000000000000000E0),.UNSPECIFIED.)CURVE()GEOMETRIC_REPRESENTATION_ITEM()RATIONAL_B_SPLINE_CURVE((1.00000000000000000E0,7.07106781186547573E-1,1.00000000000000000E0))REPRESENTATION_ITEM(''));
#294=CARTESIAN_POINT('',(2.69935894350119625E1,-2.49426349123564890E1,3.12778658031965016E1));
#295=CARTESIAN_POINT('',(3.16959594014219874E1,-1.97183937429435012E1,3.56624035216269704E1));
#296=CARTESIAN_POINT('',(3.13509197435415885E1,-1.16430144055731297E1,3.74785385093372554E1));
#297=(BOUNDED_CURVE()B_SPLINE_CURVE(2,(#294,#295,#296),.UNSPECIFIED.,.F.,.F.)B_SPLINE_CURVE_WITH_KNOTS((3,3),(0.00000000000000000E0,1.00000000000000000E0),.UNSPECIFIED.)CURVE()GEOMETRIC_REPRESENTATION_ITEM()RATIONAL_B_SPLINE_CURVE((1.00000000000000000E0,9.23879532511286738E-1,1.00000000000000000E0))REPRESENTATION_ITEM(''));
#298=CARTESIAN_POINT('',(1.80173736932987971E1,-1.06577001002247691E1,3.05641907132156838E1));
#299=CARTESIAN_POINT('',(1.81036336077688951E1,-1.26765449345673584E1,3.01101569662881126E1));
#300=CARTESIAN_POINT('',(1.69280411161663906E1,-1.39826052269206027E1,2.90140225366804962E1));
#301=(BOUNDED_CURVE()B_SPLINE_CURVE(2,(#298,#299,#300),.UNSPECIFIED.,.F.,.F.)B_SPLINE_CURVE_WITH_KNOTS((3,3),(0.00000000000000000E0,1.00000000000000000E0),.UNSPECIFIED.)CURVE()GEOMETRIC_REPRESENTATION_ITEM()RATIONAL_B_SPLINE_CURVE((1.00000000000000000E0,9.23879532511286738E-1,1.00000000000000000E0))REPRESENTATION_ITEM(''));
#302=CARTESIAN_POINT('',(1.69280411161663906E1,-1.39826052269206027E1,2.90140225366804962E1));
#303=CARTESIAN_POINT('',(2.55428041602065932E1,-2.42666673192443270E1,3.20283922181014447E1));
#304=B_SPLINE_CURVE_WITH_KNOTS('',1,(#302,#303),.UNSPECIFIED.,.F.,.F.,(2,2),(0.00000000000000000E0,1.00000000000000000E0),.UNSPECIFIED.);
#305=CARTESIAN_POINT('',(3.38878947362244674E1,-1.06590152638693247E1,3.35852104245712226E1));
#306=CARTESIAN_POINT('',(3.42329343941048592E1,-1.87343946012396962E1,3.17690754368609340E1));
#307=CARTESIAN_POINT('',(2.95305644276948378E1,-2.39586357706526840E1,2.73845377184304688E1));
#308=(BOUNDED_CURVE()B_SPLINE_CURVE(2,(#305,#306,#307),.UNSPECIFIED.,.F.,.F.)B_SPLINE_CURVE_WITH_KNOTS((3,3),(0.00000000000000000E0,1.00000000000000000E0),.UNSPECIFIED.)CURVE()GEOMETRIC_REPRESENTATION_ITEM()RATIONAL_B_SPLINE_CURVE((1.00000000000000000E0,9.23879532511286738E-1,1.00000000000000000E0))REPRESENTATION_ITEM(''));
#309=CARTESIAN_POINT('',(2.95305644276948378E1,-2.39586357706526840E1,2.73845377184304688E1));
#310=CARTESIAN_POINT('',(2.69935894350119625E1,-2.49426349123564890E1,3.12778658031965016E1));
#311=B_SPLINE_CURVE_WITH_KNOTS('',1,(#309,#310),.UNSPECIFIED.,.F.,.F.,(2,2),(0.00000000000000000E0,1.00000000000000000E0),.UNSPECIFIED.);
#312=CARTESIAN_POINT('',(2.12219736840561168E1,-9.41475381596733030E0,2.56463026061428003E1));
#313=CARTESIAN_POINT('',(2.13082335985262148E1,-1.14335986503099214E1,2.51922688592152291E1));
#314=CARTESIAN_POINT('',(2.01326411069237103E1,-1.27396589426631657E1,2.40961344296076163E1));
#315=(BOUNDED_CURVE()B_SPLINE_CURVE(2,(#312,#313,#314),.UNSPECIFIED.,.F.,.F.)B_SPLINE_CURVE_WITH_KNOTS((3,3),(0.00000000000000000E0,1.00000000000000000E0),.UNSPECIFIED.)CURVE()GEOMETRIC_REPRESENTATION_ITEM()RATIONAL_B_SPLINE_CURVE((1.00000000000000000E0,9.23879532511286738E-1,1.00000000000000000E0))REPRESENTATION_ITEM(''));
#316=CARTESIAN_POINT('',(2.01326411069237103E1,-1.27396589426631657E1,2.40961344296076163E1));
#317=CARTESIAN_POINT('',(1.69280411161663906E1,-1.39826052269206027E1,2.90140225366804962E1));
#318=B_SPLINE_CURVE_WITH_KNOTS('',1,(#316,#317),.UNSPECIFIED.,.F.,.F.,(2,2),(0.00000000000000000E0,1.00000000000000000E0),.UNSPECIFIED.);
#319=CARTESIAN_POINT('',(2.01326411069237103E1,-1.27396589426631657E1,2.40961344296076163E1));
#320=CARTESIAN_POINT('',(2.95305644276948378E1,-2.39586357706526840E1,2.73845377184304688E1));
#321=B_SPLINE_CURVE_WITH_KNOTS('',1,(#319,#320),.UNSPECIFIED.,.F.,.F.,(2,2),(0.00000000000000000E0,1.00000000000000000E0),.UNSPECIFIED.);
#322=CARTESIAN_POINT('',(2.55428041602065932E1,-2.42666673192443270E1,3.20283922181014447E1));
#323=CARTESIAN_POINT('',(2.47058333618219912E1,-2.51965255255852156E1,3.12479921090169270E1));
#324=CARTESIAN_POINT('',(2.40176506224660429E1,-2.63003970682661041E1,3.05205653448115513E1));
#325=CARTESIAN_POINT('',(2.32364021743745255E1,-2.74607160917151809E1,2.97182284671978323E1));
#326=CARTESIAN_POINT('',(2.22296197880290940E1,-2.84233161417872644E1,2.88189003643319950E1));
#327=CARTESIAN_POINT('',(2.10277086485419353E1,-2.88894931963781367E1,2.79178881070728835E1));
#328=(BOUNDED_CURVE()B_SPLINE_CURVE(5,(#322,#323,#324,#325,#326,#327),.UNSPECIFIED.,.F.,.F.)B_SPLINE_CURVE_WITH_KNOTS((6,6),(0.00000000000000000E0,1.00000000000000000E0),.UNSPECIFIED.)CURVE()GEOMETRIC_REPRESENTATION_ITEM()RATIONAL_B_SPLINE_CURVE((1.00000000000000000E0,9.92314112161292172E-1,9.88471168241938147E-1,9.88471168241938258E-1,9.92314112161292172E-1,1.00000000000000000E0))REPRESENTATION_ITEM(''));
#329=CARTESIAN_POINT('',(2.10277086485419353E1,-2.88894931963781367E1,2.79178881070728835E1));
#330=CARTESIAN_POINT('',(2.10277086485419353E1,-2.88894931963781367E1,2.79178881070728835E1));
#331=CARTESIAN_POINT('',(2.10277086485419353E1,-2.88894931963781367E1,2.79178881070728835E1));
#332=(BOUNDED_CURVE()B_SPLINE_CURVE(2,(#329,#330,#331),.UNSPECIFIED.,.F.,.F.)B_SPLINE_CURVE_WITH_KNOTS((3,3),(0.00000000000000000E0,1.00000000000000000E0),.UNSPECIFIED.)CURVE()GEOMETRIC_REPRESENTATION_ITEM()RATIONAL_B_SPLINE_CURVE((1.00000000000000000E0,7.07106781186547573E-1,1.00000000000000000E0))REPRESENTATION_ITEM(''));
#333=CARTESIAN_POINT('',(2.10277086485419353E1,-2.88894931963781367E1,2.79178881070728835E1));
#334=CARTESIAN_POINT('',(2.22296197880290940E1,-2.84233161417872644E1,2.88189003643319950E1));
#335=CARTESIAN_POINT('',(2.35762130835855679E1,-2.77358264040572493E1,2.94072755364828886E1));
#336=CARTESIAN_POINT('',(2.49106012407784121E1,-2.68878747852304976E1,2.98917565514813468E1));
#337=CARTESIAN_POINT('',(2.61008205834017133E1,-2.59344836657867681E1,3.04454390201730156E1));
#338=CARTESIAN_POINT('',(2.69935894350119625E1,-2.49426349123564890E1,3.12778658031965016E1));
#339=(BOUNDED_CURVE()B_SPLINE_CURVE(5,(#333,#334,#335,#336,#337,#338),.UNSPECIFIED.,.F.,.F.)B_SPLINE_CURVE_WITH_KNOTS((6,6),(0.00000000000000000E0,1.00000000000000000E0),.UNSPECIFIED.)CURVE()GEOMETRIC_REPRESENTATION_ITEM()RATIONAL_B_SPLINE_CURVE((1.00000000000000000E0,9.92314112161292172E-1,9.88471168241938258E-1,9.88471168241938147E-1,9.92314112161292172E-1,1.00000000000000000E0))REPRESENTATION_ITEM(''));
#340=CARTESIAN_POINT('',(1.69280411161663906E1,-1.39826052269206027E1,2.90140225366804962E1));
#341=CARTESIAN_POINT('',(1.67048489032638301E1,-1.42305674152781734E1,2.88059158409246265E1));
#342=CARTESIAN_POINT('',(1.64579499455580311E1,-1.44492676461609548E1,2.85897569910729743E1));
#343=CARTESIAN_POINT('',(1.61899473998783812E1,-1.46358138631855326E1,2.83679731971041207E1));
#344=CARTESIAN_POINT('',(1.59039549539392873E1,-1.47880387486398881E1,2.81431411713876614E1));
#345=CARTESIAN_POINT('',(1.56034771690674976E1,-1.49045830122876062E1,2.79178881070728835E1));
#346=(BOUNDED_CURVE()B_SPLINE_CURVE(5,(#340,#341,#342,#343,#344,#345),.UNSPECIFIED.,.F.,.F.)B_SPLINE_CURVE_WITH_KNOTS((6,6),(0.00000000000000000E0,1.00000000000000000E0),.UNSPECIFIED.)CURVE()GEOMETRIC_REPRESENTATION_ITEM()RATIONAL_B_SPLINE_CURVE((1.00000000000000000E0,9.92314112161292172E-1,9.88471168241938147E-1,9.88471168241938258E-1,9.92314112161292172E-1,1.00000000000000000E0))REPRESENTATION_ITEM(''));
#347=CARTESIAN_POINT('',(1.56034771690674976E1,-1.49045830122876062E1,2.79178881070728835E1));
#348=CARTESIAN_POINT('',(2.10277086485419353E1,-2.88894931963781367E1,2.79178881070728835E1));
#349=B_SPLINE_CURVE_WITH_KNOTS('',1,(#347,#348),.UNSPECIFIED.,.F.,.F.,(2,2),(0.00000000000000000E0,1.00000000000000000E0),.UNSPECIFIED.);
#350=CARTESIAN_POINT('',(2.95305644276948378E1,-2.39586357706526840E1,2.73845377184304688E1));
#351=CARTESIAN_POINT('',(2.86377955760845921E1,-2.49504845240829631E1,2.65521109354069829E1));
#352=CARTESIAN_POINT('',(2.76501997452613928E1,-2.58252854476140925E1,2.56874755360003704E1));
#353=CARTESIAN_POINT('',(2.65781895625427822E1,-2.65714703157124106E1,2.48003403601249488E1));
#354=CARTESIAN_POINT('',(2.54342197787864137E1,-2.71803698575298256E1,2.39010122572591115E1));
#355=CARTESIAN_POINT('',(2.42323086392992550E1,-2.76465469121206979E1,2.30000000000000000E1));
#356=(BOUNDED_CURVE()B_SPLINE_CURVE(5,(#350,#351,#352,#353,#354,#355),.UNSPECIFIED.,.F.,.F.)B_SPLINE_CURVE_WITH_KNOTS((6,6),(0.00000000000000000E0,1.00000000000000000E0),.UNSPECIFIED.)CURVE()GEOMETRIC_REPRESENTATION_ITEM()RATIONAL_B_SPLINE_CURVE((1.00000000000000000E0,9.92314112161292172E-1,9.88471168241938147E-1,9.88471168241938258E-1,9.92314112161292172E-1,1.00000000000000000E0))REPRESENTATION_ITEM(''));
#357=CARTESIAN_POINT('',(2.42323086392992550E1,-2.76465469121206979E1,2.30000000000000000E1));
#358=CARTESIAN_POINT('',(2.10277086485419353E1,-2.88894931963781367E1,2.79178881070728835E1));
#359=B_SPLINE_CURVE_WITH_KNOTS('',1,(#357,#358),.UNSPECIFIED.,.F.,.F.,(2,2),(0.00000000000000000E0,1.00000000000000000E0),.UNSPECIFIED.);
#360=CARTESIAN_POINT('',(2.01326411069237103E1,-1.27396589426631657E1,2.40961344296076163E1));
#361=CARTESIAN_POINT('',(1.99094488940211498E1,-1.29876211310207346E1,2.38880277338517431E1));
#362=CARTESIAN_POINT('',(1.96625499363153509E1,-1.32063213619035160E1,2.36718688840000908E1));
#363=CARTESIAN_POINT('',(1.93945473906356973E1,-1.33928675789280955E1,2.34500850900312372E1));
#364=CARTESIAN_POINT('',(1.91085549446966070E1,-1.35450924643824493E1,2.32252530643147779E1));
#365=CARTESIAN_POINT('',(1.88080771598248155E1,-1.36616367280301674E1,2.30000000000000000E1));
#366=(BOUNDED_CURVE()B_SPLINE_CURVE(5,(#360,#361,#362,#363,#364,#365),.UNSPECIFIED.,.F.,.F.)B_SPLINE_CURVE_WITH_KNOTS((6,6),(0.00000000000000000E0,1.00000000000000000E0),.UNSPECIFIED.)CURVE()GEOMETRIC_REPRESENTATION_ITEM()RATIONAL_B_SPLINE_CURVE((1.00000000000000000E0,9.92314112161292172E-1,9.88471168241938147E-1,9.88471168241938258E-1,9.92314112161292172E-1,1.00000000000000000E0))REPRESENTATION_ITEM(''));
#367=CARTESIAN_POINT('',(1.88080771598248155E1,-1.36616367280301674E1,2.30000000000000000E1));
#368=CARTESIAN_POINT('',(1.56034771690674976E1,-1.49045830122876062E1,2.79178881070728835E1));
#369=B_SPLINE_CURVE_WITH_KNOTS('',1,(#367,#368),.UNSPECIFIED.,.F.,.F.,(2,2),(0.00000000000000000E0,1.00000000000000000E0),.UNSPECIFIED.);
#370=CARTESIAN_POINT('',(1.88080771598248155E1,-1.36616367280301674E1,2.30000000000000000E1));
#371=CARTESIAN_POINT('',(2.42323086392992550E1,-2.76465469121206979E1,2.30000000000000000E1));
#372=B_SPLINE_CURVE_WITH_KNOTS('',1,(#370,#371),.UNSPECIFIED.,.F.,.F.,(2,2),(0.00000000000000000E0,1.00000000000000000E0),.UNSPECIFIED.);
#373=CARTESIAN_POINT('',(1.56034771690674976E1,-1.49045830122876062E1,2.79178881070728835E1));
#374=CARTESIAN_POINT('',(1.17825758650218848E1,-1.63865698724496944E1,2.50535508065704811E1));
#375=CARTESIAN_POINT('',(9.97449870519707638E0,-1.17249331444195271E1,2.50535508065704775E1));
#376=(BOUNDED_CURVE()B_SPLINE_CURVE(2,(#373,#374,#375),.UNSPECIFIED.,.F.,.F.)B_SPLINE_CURVE_WITH_KNOTS((3,3),(0.00000000000000000E0,1.00000000000000000E0),.UNSPECIFIED.)CURVE()GEOMETRIC_REPRESENTATION_ITEM()RATIONAL_B_SPLINE_CURVE((1.00000000000000000E0,7.07106781186547573E-1,1.00000000000000000E0))REPRESENTATION_ITEM(''));
#377=CARTESIAN_POINT('',(9.97449870519707638E0,-1.17249331444195271E1,2.50535508065704775E1));
#378=CARTESIAN_POINT('',(-1.48820520693978864E0,-1.61708937249058025E1,1.64605389050632525E1));
#379=B_SPLINE_CURVE_WITH_KNOTS('',1,(#377,#378),.UNSPECIFIED.,.F.,.F.,(2,2),(0.00000000000000000E0,1.00000000000000000E0),.UNSPECIFIED.);
#380=CARTESIAN_POINT('',(-1.48820520693978864E0,-1.61708937249058025E1,1.64605389050632525E1));
#381=CARTESIAN_POINT('',(5.74410343235945930E0,-3.48174406370265004E1,1.64605389050632560E1));
#382=CARTESIAN_POINT('',(2.10277086485419353E1,-2.88894931963781367E1,2.79178881070728835E1));
#383=(BOUNDED_CURVE()B_SPLINE_CURVE(2,(#380,#381,#382),.UNSPECIFIED.,.F.,.F.)B_SPLINE_CURVE_WITH_KNOTS((3,3),(0.00000000000000000E0,1.00000000000000000E0),.UNSPECIFIED.)CURVE()GEOMETRIC_REPRESENTATION_ITEM()RATIONAL_B_SPLINE_CURVE((1.00000000000000000E0,7.07106781186547573E-1,1.00000000000000000E0))REPRESENTATION_ITEM(''));
#384=CARTESIAN_POINT('',(2.42323086392992550E1,-2.76465469121206979E1,2.30000000000000000E1));
#385=CARTESIAN_POINT('',(8.94870342311677724E0,-3.35744943527690651E1,1.15426507979903743E1));
#386=CARTESIAN_POINT('',(1.71639478381752930E0,-1.49279474406483637E1,1.15426507979903707E1));
#387=(BOUNDED_CURVE()B_SPLINE_CURVE(2,(#384,#385,#386),.UNSPECIFIED.,.F.,.F.)B_SPLINE_CURVE_WITH_KNOTS((3,3),(0.00000000000000000E0,1.00000000000000000E0),.UNSPECIFIED.)CURVE()GEOMETRIC_REPRESENTATION_ITEM()RATIONAL_B_SPLINE_CURVE((1.00000000000000000E0,7.07106781186547573E-1,1.00000000000000000E0))REPRESENTATION_ITEM(''));
#388=CARTESIAN_POINT('',(1.71639478381752930E0,-1.49279474406483637E1,1.15426507979903707E1));
#389=CARTESIAN_POINT('',(-1.48820520693978864E0,-1.61708937249058025E1,1.64605389050632525E1));
#390=B_SPLINE_CURVE_WITH_KNOTS('',1,(#388,#389),.UNSPECIFIED.,.F.,.F.,(2,2),(0.00000000000000000E0,1.00000000000000000E0),.UNSPECIFIED.);
#391=CARTESIAN_POINT('',(1.88080771598248155E1,-1.36616367280301674E1,2.30000000000000000E1));
#392=CARTESIAN_POINT('',(1.49871758557792027E1,-1.51436235881922556E1,2.01356626994975976E1));
#393=CARTESIAN_POINT('',(1.31790986959543943E1,-1.04819868601620882E1,2.01356626994975976E1));
#394=(BOUNDED_CURVE()B_SPLINE_CURVE(2,(#391,#392,#393),.UNSPECIFIED.,.F.,.F.)B_SPLINE_CURVE_WITH_KNOTS((3,3),(0.00000000000000000E0,1.00000000000000000E0),.UNSPECIFIED.)CURVE()GEOMETRIC_REPRESENTATION_ITEM()RATIONAL_B_SPLINE_CURVE((1.00000000000000000E0,7.07106781186547573E-1,1.00000000000000000E0))REPRESENTATION_ITEM(''));
#395=CARTESIAN_POINT('',(1.31790986959543943E1,-1.04819868601620882E1,2.01356626994975976E1));
#396=CARTESIAN_POINT('',(9.97449870519707638E0,-1.17249331444195271E1,2.50535508065704775E1));
#397=B_SPLINE_CURVE_WITH_KNOTS('',1,(#395,#396),.UNSPECIFIED.,.F.,.F.,(2,2),(0.00000000000000000E0,1.00000000000000000E0),.UNSPECIFIED.);
#398=CARTESIAN_POINT('',(1.31790986959543943E1,-1.04819868601620882E1,2.01356626994975976E1));
#399=CARTESIAN_POINT('',(1.71639478381752930E0,-1.49279474406483637E1,1.15426507979903707E1));
#400=B_SPLINE_CURVE_WITH_KNOTS('',1,(#398,#399),.UNSPECIFIED.,.F.,.F.,(2,2),(0.00000000000000000E0,1.00000000000000000E0),.UNSPECIFIED.);
#401=CARTESIAN_POINT('',(9.97449870519707638E0,-1.17249331444195271E1,2.50535508065704775E1));
#402=CARTESIAN_POINT('',(8.16642154537226794E0,-7.06329641638936057E0,2.50535508065704775E1));
#403=CARTESIAN_POINT('',(1.19873228494178807E1,-5.58130955622727054E0,2.79178881070728835E1));
#404=(BOUNDED_CURVE()B_SPLINE_CURVE(2,(#401,#402,#403),.UNSPECIFIED.,.F.,.F.)B_SPLINE_CURVE_WITH_KNOTS((3,3),(0.00000000000000000E0,1.00000000000000000E0),.UNSPECIFIED.)CURVE()GEOMETRIC_REPRESENTATION_ITEM()RATIONAL_B_SPLINE_CURVE((1.00000000000000000E0,7.07106781186547573E-1,1.00000000000000000E0))REPRESENTATION_ITEM(''));
#405=CARTESIAN_POINT('',(1.19873228494178807E1,-5.58130955622727054E0,2.79178881070728835E1));
#406=CARTESIAN_POINT('',(6.56309136994344300E0,8.40360062786325912E0,2.79178881070728799E1));
#407=B_SPLINE_CURVE_WITH_KNOTS('',1,(#405,#406),.UNSPECIFIED.,.F.,.F.,(2,2),(0.00000000000000000E0,1.00000000000000000E0),.UNSPECIFIED.);
#408=CARTESIAN_POINT('',(6.56309136994344300E0,8.40360062786325912E0,2.79178881070728799E1));
#409=CARTESIAN_POINT('',(-8.72051384623903658E0,2.47565318721489191E0,1.64605389050632489E1));
#410=CARTESIAN_POINT('',(-1.48820520693978864E0,-1.61708937249058025E1,1.64605389050632525E1));
#411=(BOUNDED_CURVE()B_SPLINE_CURVE(2,(#408,#409,#410),.UNSPECIFIED.,.F.,.F.)B_SPLINE_CURVE_WITH_KNOTS((3,3),(0.00000000000000000E0,1.00000000000000000E0),.UNSPECIFIED.)CURVE()GEOMETRIC_REPRESENTATION_ITEM()RATIONAL_B_SPLINE_CURVE((1.00000000000000000E0,7.07106781186547573E-1,1.00000000000000000E0))REPRESENTATION_ITEM(''));
#412=CARTESIAN_POINT('',(1.71639478381752930E0,-1.49279474406483637E1,1.15426507979903707E1));
#413=CARTESIAN_POINT('',(-5.51591385548172042E0,3.71859947147232894E0,1.15426507979903672E1));
#414=CARTESIAN_POINT('',(9.76769136070076094E0,9.64654691212069793E0,2.30000000000000000E1));
#415=(BOUNDED_CURVE()B_SPLINE_CURVE(2,(#412,#413,#414),.UNSPECIFIED.,.F.,.F.)B_SPLINE_CURVE_WITH_KNOTS((3,3),(0.00000000000000000E0,1.00000000000000000E0),.UNSPECIFIED.)CURVE()GEOMETRIC_REPRESENTATION_ITEM()RATIONAL_B_SPLINE_CURVE((1.00000000000000000E0,7.07106781186547573E-1,1.00000000000000000E0))REPRESENTATION_ITEM(''));
#416=CARTESIAN_POINT('',(9.76769136070076094E0,9.64654691212069793E0,2.30000000000000000E1));
#417=CARTESIAN_POINT('',(6.56309136994344300E0,8.40360062786325912E0,2.79178881070728799E1));
#418=B_SPLINE_CURVE_WITH_KNOTS('',1,(#416,#417),.UNSPECIFIED.,.F.,.F.,(2,2),(0.00000000000000000E0,1.00000000000000000E0),.UNSPECIFIED.);
#419=CARTESIAN_POINT('',(1.31790986959543943E1,-1.04819868601620882E1,2.01356626994975976E1));
#420=CARTESIAN_POINT('',(1.13710215361295859E1,-5.82035013213192265E0,2.01356626994975976E1));
#421=CARTESIAN_POINT('',(1.51919228401751987E1,-4.33836327196983262E0,2.30000000000000000E1));
#422=(BOUNDED_CURVE()B_SPLINE_CURVE(2,(#419,#420,#421),.UNSPECIFIED.,.F.,.F.)B_SPLINE_CURVE_WITH_KNOTS((3,3),(0.00000000000000000E0,1.00000000000000000E0),.UNSPECIFIED.)CURVE()GEOMETRIC_REPRESENTATION_ITEM()RATIONAL_B_SPLINE_CURVE((1.00000000000000000E0,7.07106781186547573E-1,1.00000000000000000E0))REPRESENTATION_ITEM(''));
#423=CARTESIAN_POINT('',(1.51919228401751987E1,-4.33836327196983262E0,2.30000000000000000E1));
#424=CARTESIAN_POINT('',(1.19873228494178807E1,-5.58130955622727054E0,2.79178881070728835E1));
#425=B_SPLINE_CURVE_WITH_KNOTS('',1,(#423,#424),.UNSPECIFIED.,.F.,.F.,(2,2),(0.00000000000000000E0,1.00000000000000000E0),.UNSPECIFIED.);
#426=CARTESIAN_POINT('',(1.51919228401751987E1,-4.33836327196983262E0,2.30000000000000000E1));
#427=CARTESIAN_POINT('',(9.76769136070076094E0,9.64654691212069793E0,2.30000000000000000E1));
#428=B_SPLINE_CURVE_WITH_KNOTS('',1,(#426,#427),.UNSPECIFIED.,.F.,.F.,(2,2),(0.00000000000000000E0,1.00000000000000000E0),.UNSPECIFIED.);
#429=CARTESIAN_POINT('',(1.19873228494178807E1,-5.58130955622727054E0,2.79178881070728835E1));
#430=CARTESIAN_POINT('',(1.58082241534634917E1,-4.09932269606518140E0,3.07822254075752824E1));
#431=CARTESIAN_POINT('',(1.76163013132883037E1,-8.76095942409534878E0,3.07822254075752824E1));
#432=(BOUNDED_CURVE()B_SPLINE_CURVE(2,(#429,#430,#431),.UNSPECIFIED.,.F.,.F.)B_SPLINE_CURVE_WITH_KNOTS((3,3),(0.00000000000000000E0,1.00000000000000000E0),.UNSPECIFIED.)CURVE()GEOMETRIC_REPRESENTATION_ITEM()RATIONAL_B_SPLINE_CURVE((1.00000000000000000E0,7.07106781186547573E-1,1.00000000000000000E0))REPRESENTATION_ITEM(''));
#433=CARTESIAN_POINT('',(2.90790052254251670E1,-4.31499884360907338E0,3.93752373090825074E1));
#434=CARTESIAN_POINT('',(2.18466965861259155E1,1.43315480685116263E1,3.93752373090825074E1));
#435=CARTESIAN_POINT('',(6.56309136994344300E0,8.40360062786325912E0,2.79178881070728799E1));
#436=(BOUNDED_CURVE()B_SPLINE_CURVE(2,(#433,#434,#435),.UNSPECIFIED.,.F.,.F.)B_SPLINE_CURVE_WITH_KNOTS((3,3),(0.00000000000000000E0,1.00000000000000000E0),.UNSPECIFIED.)CURVE()GEOMETRIC_REPRESENTATION_ITEM()RATIONAL_B_SPLINE_CURVE((1.00000000000000000E0,7.07106781186547573E-1,1.00000000000000000E0))REPRESENTATION_ITEM(''));
#437=CARTESIAN_POINT('',(9.76769136070076094E0,9.64654691212069793E0,2.30000000000000000E1));
#438=CARTESIAN_POINT('',(2.50512965768832316E1,1.55744943527690651E1,3.44573492020096239E1));
#439=CARTESIAN_POINT('',(3.22836052161824867E1,-3.07205255935163546E0,3.44573492020096310E1));
#440=(BOUNDED_CURVE()B_SPLINE_CURVE(2,(#437,#438,#439),.UNSPECIFIED.,.F.,.F.)B_SPLINE_CURVE_WITH_KNOTS((3,3),(0.00000000000000000E0,1.00000000000000000E0),.UNSPECIFIED.)CURVE()GEOMETRIC_REPRESENTATION_ITEM()RATIONAL_B_SPLINE_CURVE((1.00000000000000000E0,7.07106781186547573E-1,1.00000000000000000E0))REPRESENTATION_ITEM(''));
#441=CARTESIAN_POINT('',(1.51919228401751987E1,-4.33836327196983262E0,2.30000000000000000E1));
#442=CARTESIAN_POINT('',(1.90128241442208115E1,-2.85637641180774349E0,2.58643373005024024E1));
#443=CARTESIAN_POINT('',(2.08209013040456199E1,-7.51801313983791175E0,2.58643373005024024E1));
#444=(BOUNDED_CURVE()B_SPLINE_CURVE(2,(#441,#442,#443),.UNSPECIFIED.,.F.,.F.)B_SPLINE_CURVE_WITH_KNOTS((3,3),(0.00000000000000000E0,1.00000000000000000E0),.UNSPECIFIED.)CURVE()GEOMETRIC_REPRESENTATION_ITEM()RATIONAL_B_SPLINE_CURVE((1.00000000000000000E0,7.07106781186547573E-1,1.00000000000000000E0))REPRESENTATION_ITEM(''));
#445=(GEOMETRIC_REPRESENTATION_CONTEXT(2)REPRESENTATION_CONTEXT('','2D'));
#446=CARTESIAN_POINT('',(0.00000000000000000E0,0.00000000000000000E0));
#447=CARTESIAN_POINT('',(1.00000000000000000E0,0.00000000000000000E0));
#448=B_SPLINE_CURVE_WITH_KNOTS('',1,(#446,#447),.UNSPECIFIED.,.F.,.F.,(2,2),(0.00000000000000000E0,1.00000000000000000E0),.UNSPECIFIED.);
#449=DEFINITIONAL_REPRESENTATION('',(#448),#445);
#450=PCURVE('',#71,#449);
#451=CARTESIAN_POINT('',(1.00000000000000000E0,0.00000000000000000E0));
#452=CARTESIAN_POINT('',(1.00000000000000000E0,1.00000000000000000E0));
#453=B_SPLINE_CURVE_WITH_KNOTS('',1,(#451,#452),.UNSPECIFIED.,.F.,.F.,(2,2),(0.00000000000000000E0,1.00000000000000000E0),.UNSPECIFIED.);
#454=DEFINITIONAL_REPRESENTATION('',(#453),#445);
#455=PCURVE('',#71,#454);
#456=CARTESIAN_POINT('',(1.00000000000000000E0,1.00000000000000000E0));
#457=CARTESIAN_POINT('',(0.00000000000000000E0,1.00000000000000000E0));
#458=B_SPLINE_CURVE_WITH_KNOTS('',1,(#456,#457),.UNSPECIFIED.,.F.,.F.,(2,2),(0.00000000000000000E0,1.00000000000000000E0),.UNSPECIFIED.);
#459=DEFINITIONAL_REPRESENTATION('',(#458),#445);
#460=PCURVE('',#71,#459);
#461=CARTESIAN_POINT('',(0.00000000000000000E0,1.00000000000000000E0));
#462=CARTESIAN_POINT('',(0.00000000000000000E0,0.00000000000000000E0));
#463=B_SPLINE_CURVE_WITH_KNOTS('',1,(#461,#462),.UNSPECIFIED.,.F.,.F.,(2,2),(0.00000000000000000E0,1.00000000000000000E0),.UNSPECIFIED.);
#464=DEFINITIONAL_REPRESENTATION('',(#463),#445);
#465=PCURVE('',#71,#464);
#466=CARTESIAN_POINT('',(1.00000000000000000E0,5.00000000000000000E-1));
#467=CARTESIAN_POINT('',(6.24999999999999889E-1,5.00000000000000000E-1));
#468=B_SPLINE_CURVE_WITH_KNOTS('',1,(#466,#467),.UNSPECIFIED.,.F.,.F.,(2,2),(0.00000000000000000E0,1.00000000000000000E0),.UNSPECIFIED.);
#469=DEFINITIONAL_REPRESENTATION('',(#468),#445);
#470=PCURVE('',#76,#469);
#471=CARTESIAN_POINT('',(6.24999999999999889E-1,5.00000000000000000E-1));
#472=CARTESIAN_POINT('',(6.24999999999999889E-1,4.90169931092120870E-1));
#473=CARTESIAN_POINT('',(6.24037396462153282E-1,4.80358236355740542E-1));
#474=CARTESIAN_POINT('',(6.22112189386460401E-1,4.70679566793589410E-1));
#475=CARTESIAN_POINT('',(6.19246746073963239E-1,4.61246370421528995E-1));
#476=CARTESIAN_POINT('',(6.15484941563910648E-1,4.52164570954363854E-1));
#477=(BOUNDED_CURVE()B_SPLINE_CURVE(5,(#471,#472,#473,#474,#475,#476),.UNSPECIFIED.,.F.,.F.)B_SPLINE_CURVE_WITH_KNOTS((6,6),(0.00000000000000000E0,1.00000000000000000E0),.UNSPECIFIED.)CURVE()GEOMETRIC_REPRESENTATION_ITEM()RATIONAL_B_SPLINE_CURVE((1.00000000000000000E0,9.92314112161292172E-1,9.88471168241938147E-1,9.88471168241938258E-1,9.92314112161292172E-1,1.00000000000000000E0))REPRESENTATION_ITEM(''));
#478=DEFINITIONAL_REPRESENTATION('',(#477),#445);
#479=PCURVE('',#76,#478);
#480=CARTESIAN_POINT('',(6.15484941563910648E-1,4.52164570954363854E-1));
#481=CARTESIAN_POINT('',(9.33068530864665568E-1,3.20617141078864187E-1));
#482=B_SPLINE_CURVE_WITH_KNOTS('',1,(#480,#481),.UNSPECIFIED.,.F.,.F.,(2,2),(0.00000000000000000E0,1.00000000000000000E0),.UNSPECIFIED.);
#483=DEFINITIONAL_REPRESENTATION('',(#482),#445);
#484=PCURVE('',#76,#483);
#485=CARTESIAN_POINT('',(9.33068530864665568E-1,3.20617141078864187E-1));
#486=CARTESIAN_POINT('',(9.47175297777362757E-1,3.54673889080733329E-1));
#487=CARTESIAN_POINT('',(9.66683100945229690E-1,3.86418874390153266E-1));
#488=CARTESIAN_POINT('',(9.86665242449227042E-1,4.21432945422961891E-1));
#489=CARTESIAN_POINT('',(1.00000000000000000E0,4.60679724368483479E-1));
#490=CARTESIAN_POINT('',(1.00000000000000000E0,5.00000000000000000E-1));
#491=(BOUNDED_CURVE()B_SPLINE_CURVE(5,(#485,#486,#487,#488,#489,#490),.UNSPECIFIED.,.F.,.F.)B_SPLINE_CURVE_WITH_KNOTS((6,6),(0.00000000000000000E0,1.00000000000000000E0),.UNSPECIFIED.)CURVE()GEOMETRIC_REPRESENTATION_ITEM()RATIONAL_B_SPLINE_CURVE((1.00000000000000000E0,9.92314112161292172E-1,9.88471168241938258E-1,9.88471168241938147E-1,9.92314112161292172E-1,1.00000000000000000E0))REPRESENTATION_ITEM(''));
#492=DEFINITIONAL_REPRESENTATION('',(#491),#445);
#493=PCURVE('',#76,#492);
#494=CARTESIAN_POINT('',(1.00000000000000000E0,0.00000000000000000E0));
#495=CARTESIAN_POINT('',(1.00000000000000000E0,1.00000000000000000E0));
#496=B_SPLINE_CURVE_WITH_KNOTS('',1,(#494,#495),.UNSPECIFIED.,.F.,.F.,(2,2),(0.00000000000000000E0,1.00000000000000000E0),.UNSPECIFIED.);
#497=DEFINITIONAL_REPRESENTATION('',(#496),#445);
#498=PCURVE('',#89,#497);
#499=CARTESIAN_POINT('',(1.00000000000000000E0,1.00000000000000000E0));
#500=CARTESIAN_POINT('',(6.66666666666666741E-1,1.00000000000000000E0));
#501=CARTESIAN_POINT('',(3.33333333333333370E-1,7.91666666666666852E-1));
#502=CARTESIAN_POINT('',(0.00000000000000000E0,7.91666666666666852E-1));
#503=B_SPLINE_CURVE_WITH_KNOTS('',3,(#499,#500,#501,#502),.UNSPECIFIED.,.F.,.F.,(4,4),(0.00000000000000000E0,1.00000000000000000E0),.UNSPECIFIED.);
#504=DEFINITIONAL_REPRESENTATION('',(#503),#445);
#505=PCURVE('',#89,#504);
#506=CARTESIAN_POINT('',(0.00000000000000000E0,7.91666666666666852E-1));
#507=CARTESIAN_POINT('',(0.00000000000000000E0,0.00000000000000000E0));
#508=B_SPLINE_CURVE_WITH_KNOTS('',1,(#506,#507),.UNSPECIFIED.,.F.,.F.,(2,2),(0.00000000000000000E0,1.00000000000000000E0),.UNSPECIFIED.);
#509=DEFINITIONAL_REPRESENTATION('',(#508),#445);
#510=PCURVE('',#89,#509);
#511=CARTESIAN_POINT('',(0.00000000000000000E0,0.00000000000000000E0));
#512=CARTESIAN_POINT('',(1.00000000000000000E0,0.00000000000000000E0));
#513=B_SPLINE_CURVE_WITH_KNOTS('',1,(#511,#512),.UNSPECIFIED.,.F.,.F.,(2,2),(0.00000000000000000E0,1.00000000000000000E0),.UNSPECIFIED.);
#514=DEFINITIONAL_REPRESENTATION('',(#513),#445);
#515=PCURVE('',#89,#514);
#516=CARTESIAN_POINT('',(0.00000000000000000E0,0.00000000000000000E0));
#517=CARTESIAN_POINT('',(1.00000000000000000E0,0.00000000000000000E0));
#518=B_SPLINE_CURVE_WITH_KNOTS('',1,(#516,#517),.UNSPECIFIED.,.F.,.F.,(2,2),(0.00000000000000000E0,1.00000000000000000E0),.UNSPECIFIED.);
#519=DEFINITIONAL_REPRESENTATION('',(#518),#445);
#520=PCURVE('',#102,#519);
#521=CARTESIAN_POINT('',(1.00000000000000000E0,0.00000000000000000E0));
#522=CARTESIAN_POINT('',(1.00000000000000000E0,1.00000000000000000E0));
#523=B_SPLINE_CURVE_WITH_KNOTS('',1,(#521,#522),.UNSPECIFIED.,.F.,.F.,(2,2),(0.00000000000000000E0,1.00000000000000000E0),.UNSPECIFIED.);
#524=DEFINITIONAL_REPRESENTATION('',(#523),#445);
#525=PCURVE('',#102,#524);
#526=CARTESIAN_POINT('',(1.00000000000000000E0,1.00000000000000000E0));
#527=CARTESIAN_POINT('',(6.66666666666666630E-1,1.00000000000000000E0));
#528=CARTESIAN_POINT('',(3.33333333333333315E-1,1.00000000000000000E0));
#529=CARTESIAN_POINT('',(0.00000000000000000E0,1.00000000000000000E0));
#530=B_SPLINE_CURVE_WITH_KNOTS('',3,(#526,#527,#528,#529),.UNSPECIFIED.,.F.,.F.,(4,4),(0.00000000000000000E0,1.00000000000000000E0),.UNSPECIFIED.);
#531=DEFINITIONAL_REPRESENTATION('',(#530),#445);
#532=PCURVE('',#102,#531);
#533=CARTESIAN_POINT('',(0.00000000000000000E0,1.00000000000000000E0));
#534=CARTESIAN_POINT('',(0.00000000000000000E0,0.00000000000000000E0));
#535=B_SPLINE_CURVE_WITH_KNOTS('',1,(#533,#534),.UNSPECIFIED.,.F.,.F.,(2,2),(0.00000000000000000E0,1.00000000000000000E0),.UNSPECIFIED.);
#536=DEFINITIONAL_REPRESENTATION('',(#535),#445);
#537=PCURVE('',#102,#536);
#538=CARTESIAN_POINT('',(0.00000000000000000E0,5.00000000000000000E-1));
#539=CARTESIAN_POINT('',(0.00000000000000000E0,4.60679724368483479E-1));
#540=CARTESIAN_POINT('',(3.85041415138576149E-3,4.21432945422961891E-1));
#541=CARTESIAN_POINT('',(1.15512424541576175E-2,3.82718267174357252E-1));
#542=CARTESIAN_POINT('',(2.30130157041464889E-2,3.44985481686115592E-1));
#543=CARTESIAN_POINT('',(3.80602337443566308E-2,3.08658283817455137E-1));
#544=(BOUNDED_CURVE()B_SPLINE_CURVE(5,(#538,#539,#540,#541,#542,#543),.UNSPECIFIED.,.F.,.F.)B_SPLINE_CURVE_WITH_KNOTS((6,6),(0.00000000000000000E0,1.00000000000000000E0),.UNSPECIFIED.)CURVE()GEOMETRIC_REPRESENTATION_ITEM()RATIONAL_B_SPLINE_CURVE((1.00000000000000000E0,9.92314112161292172E-1,9.88471168241938147E-1,9.88471168241938258E-1,9.92314112161292172E-1,1.00000000000000000E0))REPRESENTATION_ITEM(''));
#545=DEFINITIONAL_REPRESENTATION('',(#544),#445);
#546=PCURVE('',#107,#545);
#547=CARTESIAN_POINT('',(3.80602337443566308E-2,3.08658283817455137E-1));
#548=CARTESIAN_POINT('',(3.84515058436089352E-1,4.52164570954363854E-1));
#549=B_SPLINE_CURVE_WITH_KNOTS('',1,(#547,#548),.UNSPECIFIED.,.F.,.F.,(2,2),(0.00000000000000000E0,1.00000000000000000E0),.UNSPECIFIED.);
#550=DEFINITIONAL_REPRESENTATION('',(#549),#445);
#551=PCURVE('',#107,#550);
#552=CARTESIAN_POINT('',(3.84515058436089352E-1,4.52164570954363854E-1));
#553=CARTESIAN_POINT('',(3.80753253926036761E-1,4.61246370421528995E-1));
#554=CARTESIAN_POINT('',(3.77887810613539599E-1,4.70679566793589410E-1));
#555=CARTESIAN_POINT('',(3.75962603537846718E-1,4.80358236355740542E-1));
#556=CARTESIAN_POINT('',(3.75000000000000111E-1,4.90169931092120870E-1));
#557=CARTESIAN_POINT('',(3.75000000000000111E-1,5.00000000000000000E-1));
#558=(BOUNDED_CURVE()B_SPLINE_CURVE(5,(#552,#553,#554,#555,#556,#557),.UNSPECIFIED.,.F.,.F.)B_SPLINE_CURVE_WITH_KNOTS((6,6),(0.00000000000000000E0,1.00000000000000000E0),.UNSPECIFIED.)CURVE()GEOMETRIC_REPRESENTATION_ITEM()RATIONAL_B_SPLINE_CURVE((1.00000000000000000E0,9.92314112161292172E-1,9.88471168241938258E-1,9.88471168241938147E-1,9.92314112161292172E-1,1.00000000000000000E0))REPRESENTATION_ITEM(''));
#559=DEFINITIONAL_REPRESENTATION('',(#558),#445);
#560=PCURVE('',#107,#559);
#561=CARTESIAN_POINT('',(3.75000000000000111E-1,5.00000000000000000E-1));
#562=CARTESIAN_POINT('',(0.00000000000000000E0,5.00000000000000000E-1));
#563=B_SPLINE_CURVE_WITH_KNOTS('',1,(#561,#562),.UNSPECIFIED.,.F.,.F.,(2,2),(0.00000000000000000E0,1.00000000000000000E0),.UNSPECIFIED.);
#564=DEFINITIONAL_REPRESENTATION('',(#563),#445);
#565=PCURVE('',#107,#564);
#566=CARTESIAN_POINT('',(0.00000000000000000E0,0.00000000000000000E0));
#567=CARTESIAN_POINT('',(1.00000000000000000E0,0.00000000000000000E0));
#568=B_SPLINE_CURVE_WITH_KNOTS('',1,(#566,#567),.UNSPECIFIED.,.F.,.F.,(2,2),(0.00000000000000000E0,1.00000000000000000E0),.UNSPECIFIED.);
#569=DEFINITIONAL_REPRESENTATION('',(#568),#445);
#570=PCURVE('',#117,#569);
#571=CARTESIAN_POINT('',(1.00000000000000000E0,0.00000000000000000E0));
#572=CARTESIAN_POINT('',(1.00000000000000000E0,1.00000000000000000E0));
#573=B_SPLINE_CURVE_WITH_KNOTS('',1,(#571,#572),.UNSPECIFIED.,.F.,.F.,(2,2),(0.00000000000000000E0,1.00000000000000000E0),.UNSPECIFIED.);
#574=DEFINITIONAL_REPRESENTATION('',(#573),#445);
#575=PCURVE('',#117,#574);
#576=CARTESIAN_POINT('',(1.00000000000000000E0,1.00000000000000000E0));
#577=CARTESIAN_POINT('',(0.00000000000000000E0,1.00000000000000000E0));
#578=B_SPLINE_CURVE_WITH_KNOTS('',1,(#576,#577),.UNSPECIFIED.,.F.,.F.,(2,2),(0.00000000000000000E0,1.00000000000000000E0),.UNSPECIFIED.);
#579=DEFINITIONAL_REPRESENTATION('',(#578),#445);
#580=PCURVE('',#117,#579);
#581=CARTESIAN_POINT('',(0.00000000000000000E0,1.00000000000000000E0));
#582=CARTESIAN_POINT('',(0.00000000000000000E0,0.00000000000000000E0));
#583=B_SPLINE_CURVE_WITH_KNOTS('',1,(#581,#582),.UNSPECIFIED.,.F.,.F.,(2,2),(0.00000000000000000E0,1.00000000000000000E0),.UNSPECIFIED.);
#584=DEFINITIONAL_REPRESENTATION('',(#583),#445);
#585=PCURVE('',#117,#584);
#586=CARTESIAN_POINT('',(9.33068530864665568E-1,3.20617141078864187E-1));
#587=CARTESIAN_POINT('',(6.15484941563910648E-1,4.52164570954363854E-1));
#588=B_SPLINE_CURVE_WITH_KNOTS('',1,(#586,#587),.UNSPECIFIED.,.F.,.F.,(2,2),(0.00000000000000000E0,1.00000000000000000E0),.UNSPECIFIED.);
#589=DEFINITIONAL_REPRESENTATION('',(#588),#445);
#590=PCURVE('',#76,#589);
#591=CARTESIAN_POINT('',(6.15484941563910648E-1,4.52164570954363854E-1));
#592=CARTESIAN_POINT('',(5.95670858091272293E-1,4.04329141908727763E-1));
#593=CARTESIAN_POINT('',(5.47835429045636091E-1,3.84515058436089296E-1));
#594=(BOUNDED_CURVE()B_SPLINE_CURVE(2,(#591,#592,#593),.UNSPECIFIED.,.F.,.F.)B_SPLINE_CURVE_WITH_KNOTS((3,3),(0.00000000000000000E0,1.00000000000000000E0),.UNSPECIFIED.)CURVE()GEOMETRIC_REPRESENTATION_ITEM()RATIONAL_B_SPLINE_CURVE((1.00000000000000000E0,9.23879532511286738E-1,1.00000000000000000E0))REPRESENTATION_ITEM(''));
#595=DEFINITIONAL_REPRESENTATION('',(#594),#445);
#596=PCURVE('',#76,#595);
#597=CARTESIAN_POINT('',(5.47835429045636091E-1,3.84515058436089296E-1));
#598=CARTESIAN_POINT('',(6.79382858921135813E-1,6.69314691353343066E-2));
#599=B_SPLINE_CURVE_WITH_KNOTS('',1,(#597,#598),.UNSPECIFIED.,.F.,.F.,(2,2),(0.00000000000000000E0,1.00000000000000000E0),.UNSPECIFIED.);
#600=DEFINITIONAL_REPRESENTATION('',(#599),#445);
#601=PCURVE('',#76,#600);
#602=CARTESIAN_POINT('',(6.79382858921135813E-1,6.69314691353343066E-2));
#603=CARTESIAN_POINT('',(8.58765717842271736E-1,1.41234282157728347E-1));
#604=CARTESIAN_POINT('',(9.33068530864665568E-1,3.20617141078864187E-1));
#605=(BOUNDED_CURVE()B_SPLINE_CURVE(2,(#602,#603,#604),.UNSPECIFIED.,.F.,.F.)B_SPLINE_CURVE_WITH_KNOTS((3,3),(0.00000000000000000E0,1.00000000000000000E0),.UNSPECIFIED.)CURVE()GEOMETRIC_REPRESENTATION_ITEM()RATIONAL_B_SPLINE_CURVE((1.00000000000000000E0,9.23879532511286738E-1,1.00000000000000000E0))REPRESENTATION_ITEM(''));
#606=DEFINITIONAL_REPRESENTATION('',(#605),#445);
#607=PCURVE('',#76,#606);
#608=CARTESIAN_POINT('',(1.00000000000000000E0,0.00000000000000000E0));
#609=CARTESIAN_POINT('',(1.00000000000000000E0,7.91666666666666852E-1));
#610=B_SPLINE_CURVE_WITH_KNOTS('',1,(#608,#609),.UNSPECIFIED.,.F.,.F.,(2,2),(0.00000000000000000E0,1.00000000000000000E0),.UNSPECIFIED.);
#611=DEFINITIONAL_REPRESENTATION('',(#610),#445);
#612=PCURVE('',#124,#611);
#613=CARTESIAN_POINT('',(1.00000000000000000E0,7.91666666666666852E-1));
#614=CARTESIAN_POINT('',(6.66666666666666741E-1,7.91666666666666852E-1));
#615=CARTESIAN_POINT('',(3.33333333333333370E-1,7.91666666666666852E-1));
#616=CARTESIAN_POINT('',(0.00000000000000000E0,7.91666666666666852E-1));
#617=B_SPLINE_CURVE_WITH_KNOTS('',3,(#613,#614,#615,#616),.UNSPECIFIED.,.F.,.F.,(4,4),(0.00000000000000000E0,1.00000000000000000E0),.UNSPECIFIED.);
#618=DEFINITIONAL_REPRESENTATION('',(#617),#445);
#619=PCURVE('',#124,#618);
#620=CARTESIAN_POINT('',(0.00000000000000000E0,7.91666666666666852E-1));
#621=CARTESIAN_POINT('',(0.00000000000000000E0,0.00000000000000000E0));
#622=B_SPLINE_CURVE_WITH_KNOTS('',1,(#620,#621),.UNSPECIFIED.,.F.,.F.,(2,2),(0.00000000000000000E0,1.00000000000000000E0),.UNSPECIFIED.);
#623=DEFINITIONAL_REPRESENTATION('',(#622),#445);
#624=PCURVE('',#124,#623);
#625=CARTESIAN_POINT('',(0.00000000000000000E0,0.00000000000000000E0));
#626=CARTESIAN_POINT('',(1.00000000000000000E0,0.00000000000000000E0));
#627=B_SPLINE_CURVE_WITH_KNOTS('',1,(#625,#626),.UNSPECIFIED.,.F.,.F.,(2,2),(0.00000000000000000E0,1.00000000000000000E0),.UNSPECIFIED.);
#628=DEFINITIONAL_REPRESENTATION('',(#627),#445);
#629=PCURVE('',#124,#628);
#630=CARTESIAN_POINT('',(0.00000000000000000E0,0.00000000000000000E0));
#631=CARTESIAN_POINT('',(1.00000000000000000E0,0.00000000000000000E0));
#632=B_SPLINE_CURVE_WITH_KNOTS('',1,(#630,#631),.UNSPECIFIED.,.F.,.F.,(2,2),(0.00000000000000000E0,1.00000000000000000E0),.UNSPECIFIED.);
#633=DEFINITIONAL_REPRESENTATION('',(#632),#445);
#634=PCURVE('',#131,#633);
#635=CARTESIAN_POINT('',(1.00000000000000000E0,0.00000000000000000E0));
#636=CARTESIAN_POINT('',(1.00000000000000000E0,1.00000000000000000E0));
#637=B_SPLINE_CURVE_WITH_KNOTS('',1,(#635,#636),.UNSPECIFIED.,.F.,.F.,(2,2),(0.00000000000000000E0,1.00000000000000000E0),.UNSPECIFIED.);
#638=DEFINITIONAL_REPRESENTATION('',(#637),#445);
#639=PCURVE('',#131,#638);
#640=CARTESIAN_POINT('',(1.00000000000000000E0,1.00000000000000000E0));
#641=CARTESIAN_POINT('',(6.66666666666666630E-1,1.00000000000000000E0));
#642=CARTESIAN_POINT('',(3.33333333333333315E-1,1.00000000000000000E0));
#643=CARTESIAN_POINT('',(0.00000000000000000E0,1.00000000000000000E0));
#644=B_SPLINE_CURVE_WITH_KNOTS('',3,(#640,#641,#642,#643),.UNSPECIFIED.,.F.,.F.,(4,4),(0.00000000000000000E0,1.00000000000000000E0),.UNSPECIFIED.);
#645=DEFINITIONAL_REPRESENTATION('',(#644),#445);
#646=PCURVE('',#131,#645);
#647=CARTESIAN_POINT('',(0.00000000000000000E0,1.00000000000000000E0));
#648=CARTESIAN_POINT('',(0.00000000000000000E0,0.00000000000000000E0));
#649=B_SPLINE_CURVE_WITH_KNOTS('',1,(#647,#648),.UNSPECIFIED.,.F.,.F.,(2,2),(0.00000000000000000E0,1.00000000000000000E0),.UNSPECIFIED.);
#650=DEFINITIONAL_REPRESENTATION('',(#649),#445);
#651=PCURVE('',#131,#650);
#652=CARTESIAN_POINT('',(3.80602337443566308E-2,3.08658283817455137E-1));
#653=CARTESIAN_POINT('',(1.17316567634910163E-1,1.17316567634910274E-1));
#654=CARTESIAN_POINT('',(3.08658283817455081E-1,3.80602337443565891E-2));
#655=(BOUNDED_CURVE()B_SPLINE_CURVE(2,(#652,#653,#654),.UNSPECIFIED.,.F.,.F.)B_SPLINE_CURVE_WITH_KNOTS((3,3),(0.00000000000000000E0,1.00000000000000000E0),.UNSPECIFIED.)CURVE()GEOMETRIC_REPRESENTATION_ITEM()RATIONAL_B_SPLINE_CURVE((1.00000000000000000E0,9.23879532511286738E-1,1.00000000000000000E0))REPRESENTATION_ITEM(''));
#656=DEFINITIONAL_REPRESENTATION('',(#655),#445);
#657=PCURVE('',#107,#656);
#658=CARTESIAN_POINT('',(3.08658283817455081E-1,3.80602337443565891E-2));
#659=CARTESIAN_POINT('',(4.52164570954363909E-1,3.84515058436089296E-1));
#660=B_SPLINE_CURVE_WITH_KNOTS('',1,(#658,#659),.UNSPECIFIED.,.F.,.F.,(2,2),(0.00000000000000000E0,1.00000000000000000E0),.UNSPECIFIED.);
#661=DEFINITIONAL_REPRESENTATION('',(#660),#445);
#662=PCURVE('',#107,#661);
#663=CARTESIAN_POINT('',(4.52164570954363909E-1,3.84515058436089296E-1));
#664=CARTESIAN_POINT('',(4.04329141908727707E-1,4.04329141908727763E-1));
#665=CARTESIAN_POINT('',(3.84515058436089352E-1,4.52164570954363854E-1));
#666=(BOUNDED_CURVE()B_SPLINE_CURVE(2,(#663,#664,#665),.UNSPECIFIED.,.F.,.F.)B_SPLINE_CURVE_WITH_KNOTS((3,3),(0.00000000000000000E0,1.00000000000000000E0),.UNSPECIFIED.)CURVE()GEOMETRIC_REPRESENTATION_ITEM()RATIONAL_B_SPLINE_CURVE((1.00000000000000000E0,9.23879532511286738E-1,1.00000000000000000E0))REPRESENTATION_ITEM(''));
#667=DEFINITIONAL_REPRESENTATION('',(#666),#445);
#668=PCURVE('',#107,#667);
#669=CARTESIAN_POINT('',(3.84515058436089352E-1,4.52164570954363854E-1));
#670=CARTESIAN_POINT('',(3.80602337443566308E-2,3.08658283817455137E-1));
#671=B_SPLINE_CURVE_WITH_KNOTS('',1,(#669,#670),.UNSPECIFIED.,.F.,.F.,(2,2),(0.00000000000000000E0,1.00000000000000000E0),.UNSPECIFIED.);
#672=DEFINITIONAL_REPRESENTATION('',(#671),#445);
#673=PCURVE('',#107,#672);
#674=CARTESIAN_POINT('',(0.00000000000000000E0,0.00000000000000000E0));
#675=CARTESIAN_POINT('',(1.00000000000000000E0,0.00000000000000000E0));
#676=B_SPLINE_CURVE_WITH_KNOTS('',1,(#674,#675),.UNSPECIFIED.,.F.,.F.,(2,2),(0.00000000000000000E0,1.00000000000000000E0),.UNSPECIFIED.);
#677=DEFINITIONAL_REPRESENTATION('',(#676),#445);
#678=PCURVE('',#150,#677);
#679=CARTESIAN_POINT('',(1.00000000000000000E0,0.00000000000000000E0));
#680=CARTESIAN_POINT('',(1.00000000000000000E0,1.00000000000000000E0));
#681=B_SPLINE_CURVE_WITH_KNOTS('',1,(#679,#680),.UNSPECIFIED.,.F.,.F.,(2,2),(0.00000000000000000E0,1.00000000000000000E0),.UNSPECIFIED.);
#682=DEFINITIONAL_REPRESENTATION('',(#681),#445);
#683=PCURVE('',#150,#682);
#684=CARTESIAN_POINT('',(1.00000000000000000E0,1.00000000000000000E0));
#685=CARTESIAN_POINT('',(0.00000000000000000E0,1.00000000000000000E0));
#686=B_SPLINE_CURVE_WITH_KNOTS('',1,(#684,#685),.UNSPECIFIED.,.F.,.F.,(2,2),(0.00000000000000000E0,1.00000000000000000E0),.UNSPECIFIED.);
#687=DEFINITIONAL_REPRESENTATION('',(#686),#445);
#688=PCURVE('',#150,#687);
#689=CARTESIAN_POINT('',(0.00000000000000000E0,1.00000000000000000E0));
#690=CARTESIAN_POINT('',(0.00000000000000000E0,0.00000000000000000E0));
#691=B_SPLINE_CURVE_WITH_KNOTS('',1,(#689,#690),.UNSPECIFIED.,.F.,.F.,(2,2),(0.00000000000000000E0,1.00000000000000000E0),.UNSPECIFIED.);
#692=DEFINITIONAL_REPRESENTATION('',(#691),#445);
#693=PCURVE('',#150,#692);
#694=CARTESIAN_POINT('',(6.79382858921135813E-1,6.69314691353343066E-2));
#695=CARTESIAN_POINT('',(5.47835429045636091E-1,3.84515058436089296E-1));
#696=B_SPLINE_CURVE_WITH_KNOTS('',1,(#694,#695),.UNSPECIFIED.,.F.,.F.,(2,2),(0.00000000000000000E0,1.00000000000000000E0),.UNSPECIFIED.);
#697=DEFINITIONAL_REPRESENTATION('',(#696),#445);
#698=PCURVE('',#76,#697);
#699=CARTESIAN_POINT('',(5.47835429045636091E-1,3.84515058436089296E-1));
#700=CARTESIAN_POINT('',(5.38753629578471060E-1,3.80753253926036761E-1));
#701=CARTESIAN_POINT('',(5.29320433206410645E-1,3.77887810613539599E-1));
#702=CARTESIAN_POINT('',(5.19641763644259513E-1,3.75962603537846718E-1));
#703=CARTESIAN_POINT('',(5.09830068907879186E-1,3.75000000000000222E-1));
#704=CARTESIAN_POINT('',(5.00000000000000000E-1,3.75000000000000222E-1));
#705=(BOUNDED_CURVE()B_SPLINE_CURVE(5,(#699,#700,#701,#702,#703,#704),.UNSPECIFIED.,.F.,.F.)B_SPLINE_CURVE_WITH_KNOTS((6,6),(0.00000000000000000E0,1.00000000000000000E0),.UNSPECIFIED.)CURVE()GEOMETRIC_REPRESENTATION_ITEM()RATIONAL_B_SPLINE_CURVE((1.00000000000000000E0,9.92314112161292172E-1,9.88471168241938147E-1,9.88471168241938258E-1,9.92314112161292172E-1,1.00000000000000000E0))REPRESENTATION_ITEM(''));
#706=DEFINITIONAL_REPRESENTATION('',(#705),#445);
#707=PCURVE('',#76,#706);
#708=CARTESIAN_POINT('',(5.00000000000000000E-1,3.75000000000000222E-1));
#709=CARTESIAN_POINT('',(5.00000000000000000E-1,0.00000000000000000E0));
#710=B_SPLINE_CURVE_WITH_KNOTS('',1,(#708,#709),.UNSPECIFIED.,.F.,.F.,(2,2),(0.00000000000000000E0,1.00000000000000000E0),.UNSPECIFIED.);
#711=DEFINITIONAL_REPRESENTATION('',(#710),#445);
#712=PCURVE('',#76,#711);
#713=CARTESIAN_POINT('',(5.00000000000000000E-1,0.00000000000000000E0));
#714=CARTESIAN_POINT('',(5.39320275631516521E-1,0.00000000000000000E0));
#715=CARTESIAN_POINT('',(5.78567054577038054E-1,1.33347575507730843E-2));
#716=CARTESIAN_POINT('',(6.13581125609846789E-1,3.33168990547702895E-2));
#717=CARTESIAN_POINT('',(6.45326110919266727E-1,5.28247022226372848E-2));
#718=CARTESIAN_POINT('',(6.79382858921135813E-1,6.69314691353343066E-2));
#719=(BOUNDED_CURVE()B_SPLINE_CURVE(5,(#713,#714,#715,#716,#717,#718),.UNSPECIFIED.,.F.,.F.)B_SPLINE_CURVE_WITH_KNOTS((6,6),(0.00000000000000000E0,1.00000000000000000E0),.UNSPECIFIED.)CURVE()GEOMETRIC_REPRESENTATION_ITEM()RATIONAL_B_SPLINE_CURVE((1.00000000000000000E0,9.92314112161292172E-1,9.88471168241938258E-1,9.88471168241938147E-1,9.92314112161292172E-1,1.00000000000000000E0))REPRESENTATION_ITEM(''));
#720=DEFINITIONAL_REPRESENTATION('',(#719),#445);
#721=PCURVE('',#76,#720);
#722=CARTESIAN_POINT('',(1.00000000000000000E0,0.00000000000000000E0));
#723=CARTESIAN_POINT('',(1.00000000000000000E0,7.91666666666666852E-1));
#724=B_SPLINE_CURVE_WITH_KNOTS('',1,(#722,#723),.UNSPECIFIED.,.F.,.F.,(2,2),(0.00000000000000000E0,1.00000000000000000E0),.UNSPECIFIED.);
#725=DEFINITIONAL_REPRESENTATION('',(#724),#445);
#726=PCURVE('',#163,#725);
#727=CARTESIAN_POINT('',(1.00000000000000000E0,7.91666666666666852E-1));
#728=CARTESIAN_POINT('',(6.66666666666666741E-1,7.91666666666666852E-1));
#729=CARTESIAN_POINT('',(3.33333333333333370E-1,1.00000000000000000E0));
#730=CARTESIAN_POINT('',(0.00000000000000000E0,1.00000000000000000E0));
#731=B_SPLINE_CURVE_WITH_KNOTS('',3,(#727,#728,#729,#730),.UNSPECIFIED.,.F.,.F.,(4,4),(0.00000000000000000E0,1.00000000000000000E0),.UNSPECIFIED.);
#732=DEFINITIONAL_REPRESENTATION('',(#731),#445);
#733=PCURVE('',#163,#732);
#734=CARTESIAN_POINT('',(0.00000000000000000E0,1.00000000000000000E0));
#735=CARTESIAN_POINT('',(0.00000000000000000E0,0.00000000000000000E0));
#736=B_SPLINE_CURVE_WITH_KNOTS('',1,(#734,#735),.UNSPECIFIED.,.F.,.F.,(2,2),(0.00000000000000000E0,1.00000000000000000E0),.UNSPECIFIED.);
#737=DEFINITIONAL_REPRESENTATION('',(#736),#445);
#738=PCURVE('',#163,#737);
#739=CARTESIAN_POINT('',(0.00000000000000000E0,0.00000000000000000E0));
#740=CARTESIAN_POINT('',(1.00000000000000000E0,0.00000000000000000E0));
#741=B_SPLINE_CURVE_WITH_KNOTS('',1,(#739,#740),.UNSPECIFIED.,.F.,.F.,(2,2),(0.00000000000000000E0,1.00000000000000000E0),.UNSPECIFIED.);
#742=DEFINITIONAL_REPRESENTATION('',(#741),#445);
#743=PCURVE('',#163,#742);
#744=CARTESIAN_POINT('',(0.00000000000000000E0,0.00000000000000000E0));
#745=CARTESIAN_POINT('',(1.00000000000000000E0,0.00000000000000000E0));
#746=B_SPLINE_CURVE_WITH_KNOTS('',1,(#744,#745),.UNSPECIFIED.,.F.,.F.,(2,2),(0.00000000000000000E0,1.00000000000000000E0),.UNSPECIFIED.);
#747=DEFINITIONAL_REPRESENTATION('',(#746),#445);
#748=PCURVE('',#176,#747);
#749=CARTESIAN_POINT('',(1.00000000000000000E0,0.00000000000000000E0));
#750=CARTESIAN_POINT('',(1.00000000000000000E0,1.00000000000000000E0));
#751=B_SPLINE_CURVE_WITH_KNOTS('',1,(#749,#750),.UNSPECIFIED.,.F.,.F.,(2,2),(0.00000000000000000E0,1.00000000000000000E0),.UNSPECIFIED.);
#752=DEFINITIONAL_REPRESENTATION('',(#751),#445);
#753=PCURVE('',#176,#752);
#754=CARTESIAN_POINT('',(1.00000000000000000E0,1.00000000000000000E0));
#755=CARTESIAN_POINT('',(6.66666666666666630E-1,1.00000000000000000E0));
#756=CARTESIAN_POINT('',(3.33333333333333315E-1,1.00000000000000000E0));
#757=CARTESIAN_POINT('',(0.00000000000000000E0,1.00000000000000000E0));
#758=B_SPLINE_CURVE_WITH_KNOTS('',3,(#754,#755,#756,#757),.UNSPECIFIED.,.F.,.F.,(4,4),(0.00000000000000000E0,1.00000000000000000E0),.UNSPECIFIED.);
#759=DEFINITIONAL_REPRESENTATION('',(#758),#445);
#760=PCURVE('',#176,#759);
#761=CARTESIAN_POINT('',(0.00000000000000000E0,1.00000000000000000E0));
#762=CARTESIAN_POINT('',(0.00000000000000000E0,0.00000000000000000E0));
#763=B_SPLINE_CURVE_WITH_KNOTS('',1,(#761,#762),.UNSPECIFIED.,.F.,.F.,(2,2),(0.00000000000000000E0,1.00000000000000000E0),.UNSPECIFIED.);
#764=DEFINITIONAL_REPRESENTATION('',(#763),#445);
#765=PCURVE('',#176,#764);
#766=CARTESIAN_POINT('',(3.08658283817455081E-1,3.80602337443565891E-2));
#767=CARTESIAN_POINT('',(3.44985481686115536E-1,2.30130157041464993E-2));
#768=CARTESIAN_POINT('',(3.82718267174357307E-1,1.15512424541574996E-2));
#769=CARTESIAN_POINT('',(4.21432945422961946E-1,3.85041415138589246E-3));
#770=CARTESIAN_POINT('',(4.60679724368483479E-1,0.00000000000000000E0));
#771=CARTESIAN_POINT('',(5.00000000000000000E-1,0.00000000000000000E0));
#772=(BOUNDED_CURVE()B_SPLINE_CURVE(5,(#766,#767,#768,#769,#770,#771),.UNSPECIFIED.,.F.,.F.)B_SPLINE_CURVE_WITH_KNOTS((6,6),(0.00000000000000000E0,1.00000000000000000E0),.UNSPECIFIED.)CURVE()GEOMETRIC_REPRESENTATION_ITEM()RATIONAL_B_SPLINE_CURVE((1.00000000000000000E0,9.92314112161292172E-1,9.88471168241938147E-1,9.88471168241938258E-1,9.92314112161292172E-1,1.00000000000000000E0))REPRESENTATION_ITEM(''));
#773=DEFINITIONAL_REPRESENTATION('',(#772),#445);
#774=PCURVE('',#107,#773);
#775=CARTESIAN_POINT('',(5.00000000000000000E-1,0.00000000000000000E0));
#776=CARTESIAN_POINT('',(5.00000000000000000E-1,3.75000000000000222E-1));
#777=B_SPLINE_CURVE_WITH_KNOTS('',1,(#775,#776),.UNSPECIFIED.,.F.,.F.,(2,2),(0.00000000000000000E0,1.00000000000000000E0),.UNSPECIFIED.);
#778=DEFINITIONAL_REPRESENTATION('',(#777),#445);
#779=PCURVE('',#107,#778);
#780=CARTESIAN_POINT('',(5.00000000000000000E-1,3.75000000000000222E-1));
#781=CARTESIAN_POINT('',(4.90169931092120814E-1,3.75000000000000222E-1));
#782=CARTESIAN_POINT('',(4.80358236355740487E-1,3.75962603537846718E-1));
#783=CARTESIAN_POINT('',(4.70679566793589355E-1,3.77887810613539599E-1));
#784=CARTESIAN_POINT('',(4.61246370421528940E-1,3.80753253926036761E-1));
#785=CARTESIAN_POINT('',(4.52164570954363909E-1,3.84515058436089296E-1));
#786=(BOUNDED_CURVE()B_SPLINE_CURVE(5,(#780,#781,#782,#783,#784,#785),.UNSPECIFIED.,.F.,.F.)B_SPLINE_CURVE_WITH_KNOTS((6,6),(0.00000000000000000E0,1.00000000000000000E0),.UNSPECIFIED.)CURVE()GEOMETRIC_REPRESENTATION_ITEM()RATIONAL_B_SPLINE_CURVE((1.00000000000000000E0,9.92314112161292172E-1,9.88471168241938258E-1,9.88471168241938147E-1,9.92314112161292172E-1,1.00000000000000000E0))REPRESENTATION_ITEM(''));
#787=DEFINITIONAL_REPRESENTATION('',(#786),#445);
#788=PCURVE('',#107,#787);
#789=CARTESIAN_POINT('',(4.52164570954363909E-1,3.84515058436089296E-1));
#790=CARTESIAN_POINT('',(3.08658283817455081E-1,3.80602337443565891E-2));
#791=B_SPLINE_CURVE_WITH_KNOTS('',1,(#789,#790),.UNSPECIFIED.,.F.,.F.,(2,2),(0.00000000000000000E0,1.00000000000000000E0),.UNSPECIFIED.);
#792=DEFINITIONAL_REPRESENTATION('',(#791),#445);
#793=PCURVE('',#107,#792);
#794=CARTESIAN_POINT('',(5.00000000000000000E-1,0.00000000000000000E0));
#795=CARTESIAN_POINT('',(5.00000000000000000E-1,3.75000000000000222E-1));
#796=B_SPLINE_CURVE_WITH_KNOTS('',1,(#794,#795),.UNSPECIFIED.,.F.,.F.,(2,2),(0.00000000000000000E0,1.00000000000000000E0),.UNSPECIFIED.);
#797=DEFINITIONAL_REPRESENTATION('',(#796),#445);
#798=PCURVE('',#76,#797);
#799=CARTESIAN_POINT('',(5.00000000000000000E-1,3.75000000000000222E-1));
#800=CARTESIAN_POINT('',(3.75000000000000222E-1,3.75000000000000222E-1));
#801=CARTESIAN_POINT('',(3.75000000000000222E-1,5.00000000000000000E-1));
#802=(BOUNDED_CURVE()B_SPLINE_CURVE(2,(#799,#800,#801),.UNSPECIFIED.,.F.,.F.)B_SPLINE_CURVE_WITH_KNOTS((3,3),(0.00000000000000000E0,1.00000000000000000E0),.UNSPECIFIED.)CURVE()GEOMETRIC_REPRESENTATION_ITEM()RATIONAL_B_SPLINE_CURVE((1.00000000000000000E0,7.07106781186547573E-1,1.00000000000000000E0))REPRESENTATION_ITEM(''));
#803=DEFINITIONAL_REPRESENTATION('',(#802),#445);
#804=PCURVE('',#76,#803);
#805=CARTESIAN_POINT('',(3.75000000000000222E-1,5.00000000000000000E-1));
#806=CARTESIAN_POINT('',(0.00000000000000000E0,5.00000000000000000E-1));
#807=B_SPLINE_CURVE_WITH_KNOTS('',1,(#805,#806),.UNSPECIFIED.,.F.,.F.,(2,2),(0.00000000000000000E0,1.00000000000000000E0),.UNSPECIFIED.);
#808=DEFINITIONAL_REPRESENTATION('',(#807),#445);
#809=PCURVE('',#76,#808);
#810=CARTESIAN_POINT('',(0.00000000000000000E0,5.00000000000000000E-1));
#811=CARTESIAN_POINT('',(8.88178419700124789E-17,0.00000000000000000E0));
#812=CARTESIAN_POINT('',(5.00000000000000000E-1,0.00000000000000000E0));
#813=(BOUNDED_CURVE()B_SPLINE_CURVE(2,(#810,#811,#812),.UNSPECIFIED.,.F.,.F.)B_SPLINE_CURVE_WITH_KNOTS((3,3),(0.00000000000000000E0,1.00000000000000000E0),.UNSPECIFIED.)CURVE()GEOMETRIC_REPRESENTATION_ITEM()RATIONAL_B_SPLINE_CURVE((1.00000000000000000E0,7.07106781186547573E-1,1.00000000000000000E0))REPRESENTATION_ITEM(''));
#814=DEFINITIONAL_REPRESENTATION('',(#813),#445);
#815=PCURVE('',#76,#814);
#816=CARTESIAN_POINT('',(1.00000000000000000E0,0.00000000000000000E0));
#817=CARTESIAN_POINT('',(1.00000000000000000E0,1.00000000000000000E0));
#818=B_SPLINE_CURVE_WITH_KNOTS('',1,(#816,#817),.UNSPECIFIED.,.F.,.F.,(2,2),(0.00000000000000000E0,1.00000000000000000E0),.UNSPECIFIED.);
#819=DEFINITIONAL_REPRESENTATION('',(#818),#445);
#820=PCURVE('',#183,#819);
#821=CARTESIAN_POINT('',(1.00000000000000000E0,1.00000000000000000E0));
#822=CARTESIAN_POINT('',(6.66666666666666741E-1,1.00000000000000000E0));
#823=CARTESIAN_POINT('',(3.33333333333333370E-1,1.00000000000000000E0));
#824=CARTESIAN_POINT('',(0.00000000000000000E0,1.00000000000000000E0));
#825=B_SPLINE_CURVE_WITH_KNOTS('',3,(#821,#822,#823,#824),.UNSPECIFIED.,.F.,.F.,(4,4),(0.00000000000000000E0,1.00000000000000000E0),.UNSPECIFIED.);
#826=DEFINITIONAL_REPRESENTATION('',(#825),#445);
#827=PCURVE('',#183,#826);
#828=CARTESIAN_POINT('',(0.00000000000000000E0,1.00000000000000000E0));
#829=CARTESIAN_POINT('',(0.00000000000000000E0,0.00000000000000000E0));
#830=B_SPLINE_CURVE_WITH_KNOTS('',1,(#828,#829),.UNSPECIFIED.,.F.,.F.,(2,2),(0.00000000000000000E0,1.00000000000000000E0),.UNSPECIFIED.);
#831=DEFINITIONAL_REPRESENTATION('',(#830),#445);
#832=PCURVE('',#183,#831);
#833=CARTESIAN_POINT('',(0.00000000000000000E0,0.00000000000000000E0));
#834=CARTESIAN_POINT('',(1.00000000000000000E0,0.00000000000000000E0));
#835=B_SPLINE_CURVE_WITH_KNOTS('',1,(#833,#834),.UNSPECIFIED.,.F.,.F.,(2,2),(0.00000000000000000E0,1.00000000000000000E0),.UNSPECIFIED.);
#836=DEFINITIONAL_REPRESENTATION('',(#835),#445);
#837=PCURVE('',#183,#836);
#838=CARTESIAN_POINT('',(0.00000000000000000E0,0.00000000000000000E0));
#839=CARTESIAN_POINT('',(1.00000000000000000E0,0.00000000000000000E0));
#840=B_SPLINE_CURVE_WITH_KNOTS('',1,(#838,#839),.UNSPECIFIED.,.F.,.F.,(2,2),(0.00000000000000000E0,1.00000000000000000E0),.UNSPECIFIED.);
#841=DEFINITIONAL_REPRESENTATION('',(#840),#445);
#842=PCURVE('',#190,#841);
#843=CARTESIAN_POINT('',(1.00000000000000000E0,0.00000000000000000E0));
#844=CARTESIAN_POINT('',(1.00000000000000000E0,1.00000000000000000E0));
#845=B_SPLINE_CURVE_WITH_KNOTS('',1,(#843,#844),.UNSPECIFIED.,.F.,.F.,(2,2),(0.00000000000000000E0,1.00000000000000000E0),.UNSPECIFIED.);
#846=DEFINITIONAL_REPRESENTATION('',(#845),#445);
#847=PCURVE('',#190,#846);
#848=CARTESIAN_POINT('',(1.00000000000000000E0,1.00000000000000000E0));
#849=CARTESIAN_POINT('',(6.66666666666666630E-1,1.00000000000000000E0));
#850=CARTESIAN_POINT('',(3.33333333333333315E-1,1.00000000000000000E0));
#851=CARTESIAN_POINT('',(0.00000000000000000E0,1.00000000000000000E0));
#852=B_SPLINE_CURVE_WITH_KNOTS('',3,(#848,#849,#850,#851),.UNSPECIFIED.,.F.,.F.,(4,4),(0.00000000000000000E0,1.00000000000000000E0),.UNSPECIFIED.);
#853=DEFINITIONAL_REPRESENTATION('',(#852),#445);
#854=PCURVE('',#190,#853);
#855=CARTESIAN_POINT('',(0.00000000000000000E0,1.00000000000000000E0));
#856=CARTESIAN_POINT('',(0.00000000000000000E0,0.00000000000000000E0));
#857=B_SPLINE_CURVE_WITH_KNOTS('',1,(#855,#856),.UNSPECIFIED.,.F.,.F.,(2,2),(0.00000000000000000E0,1.00000000000000000E0),.UNSPECIFIED.);
#858=DEFINITIONAL_REPRESENTATION('',(#857),#445);
#859=PCURVE('',#190,#858);
#860=CARTESIAN_POINT('',(5.00000000000000000E-1,0.00000000000000000E0));
#861=CARTESIAN_POINT('',(9.99999999999999889E-1,0.00000000000000000E0));
#862=CARTESIAN_POINT('',(1.00000000000000000E0,5.00000000000000000E-1));
#863=(BOUNDED_CURVE()B_SPLINE_CURVE(2,(#860,#861,#862),.UNSPECIFIED.,.F.,.F.)B_SPLINE_CURVE_WITH_KNOTS((3,3),(0.00000000000000000E0,1.00000000000000000E0),.UNSPECIFIED.)CURVE()GEOMETRIC_REPRESENTATION_ITEM()RATIONAL_B_SPLINE_CURVE((1.00000000000000000E0,7.07106781186547573E-1,1.00000000000000000E0))REPRESENTATION_ITEM(''));
#864=DEFINITIONAL_REPRESENTATION('',(#863),#445);
#865=PCURVE('',#107,#864);
#866=CARTESIAN_POINT('',(1.00000000000000000E0,5.00000000000000000E-1));
#867=CARTESIAN_POINT('',(6.24999999999999778E-1,5.00000000000000000E-1));
#868=B_SPLINE_CURVE_WITH_KNOTS('',1,(#866,#867),.UNSPECIFIED.,.F.,.F.,(2,2),(0.00000000000000000E0,1.00000000000000000E0),.UNSPECIFIED.);
#869=DEFINITIONAL_REPRESENTATION('',(#868),#445);
#870=PCURVE('',#107,#869);
#871=CARTESIAN_POINT('',(6.24999999999999778E-1,5.00000000000000000E-1));
#872=CARTESIAN_POINT('',(6.24999999999999778E-1,3.75000000000000222E-1));
#873=CARTESIAN_POINT('',(5.00000000000000000E-1,3.75000000000000222E-1));
#874=(BOUNDED_CURVE()B_SPLINE_CURVE(2,(#871,#872,#873),.UNSPECIFIED.,.F.,.F.)B_SPLINE_CURVE_WITH_KNOTS((3,3),(0.00000000000000000E0,1.00000000000000000E0),.UNSPECIFIED.)CURVE()GEOMETRIC_REPRESENTATION_ITEM()RATIONAL_B_SPLINE_CURVE((1.00000000000000000E0,7.07106781186547573E-1,1.00000000000000000E0))REPRESENTATION_ITEM(''));
#875=DEFINITIONAL_REPRESENTATION('',(#874),#445);
#876=PCURVE('',#107,#875);
#877=CARTESIAN_POINT('',(5.00000000000000000E-1,3.75000000000000222E-1));
#878=CARTESIAN_POINT('',(5.00000000000000000E-1,0.00000000000000000E0));
#879=B_SPLINE_CURVE_WITH_KNOTS('',1,(#877,#878),.UNSPECIFIED.,.F.,.F.,(2,2),(0.00000000000000000E0,1.00000000000000000E0),.UNSPECIFIED.);
#880=DEFINITIONAL_REPRESENTATION('',(#879),#445);
#881=PCURVE('',#107,#880);
#882=CARTESIAN_POINT('',(0.00000000000000000E0,5.00000000000000000E-1));
#883=CARTESIAN_POINT('',(3.75000000000000222E-1,5.00000000000000000E-1));
#884=B_SPLINE_CURVE_WITH_KNOTS('',1,(#882,#883),.UNSPECIFIED.,.F.,.F.,(2,2),(0.00000000000000000E0,1.00000000000000000E0),.UNSPECIFIED.);
#885=DEFINITIONAL_REPRESENTATION('',(#884),#445);
#886=PCURVE('',#76,#885);
#887=CARTESIAN_POINT('',(3.75000000000000222E-1,5.00000000000000000E-1));
#888=CARTESIAN_POINT('',(3.75000000000000167E-1,6.24999999999999778E-1));
#889=CARTESIAN_POINT('',(5.00000000000000000E-1,6.24999999999999889E-1));
#890=(BOUNDED_CURVE()B_SPLINE_CURVE(2,(#887,#888,#889),.UNSPECIFIED.,.F.,.F.)B_SPLINE_CURVE_WITH_KNOTS((3,3),(0.00000000000000000E0,1.00000000000000000E0),.UNSPECIFIED.)CURVE()GEOMETRIC_REPRESENTATION_ITEM()RATIONAL_B_SPLINE_CURVE((1.00000000000000000E0,7.07106781186547573E-1,1.00000000000000000E0))REPRESENTATION_ITEM(''));
#891=DEFINITIONAL_REPRESENTATION('',(#890),#445);
#892=PCURVE('',#76,#891);
#893=CARTESIAN_POINT('',(5.00000000000000000E-1,6.24999999999999889E-1));
#894=CARTESIAN_POINT('',(5.00000000000000000E-1,1.00000000000000000E0));
#895=B_SPLINE_CURVE_WITH_KNOTS('',1,(#893,#894),.UNSPECIFIED.,.F.,.F.,(2,2),(0.00000000000000000E0,1.00000000000000000E0),.UNSPECIFIED.);
#896=DEFINITIONAL_REPRESENTATION('',(#895),#445);
#897=PCURVE('',#76,#896);
#898=CARTESIAN_POINT('',(5.00000000000000000E-1,1.00000000000000000E0));
#899=CARTESIAN_POINT('',(-8.88178419700124789E-17,9.99999999999999778E-1));
#900=CARTESIAN_POINT('',(0.00000000000000000E0,5.00000000000000000E-1));
#901=(BOUNDED_CURVE()B_SPLINE_CURVE(2,(#898,#899,#900),.UNSPECIFIED.,.F.,.F.)B_SPLINE_CURVE_WITH_KNOTS((3,3),(0.00000000000000000E0,1.00000000000000000E0),.UNSPECIFIED.)CURVE()GEOMETRIC_REPRESENTATION_ITEM()RATIONAL_B_SPLINE_CURVE((1.00000000000000000E0,7.07106781186547573E-1,1.00000000000000000E0))REPRESENTATION_ITEM(''));
#902=DEFINITIONAL_REPRESENTATION('',(#901),#445);
#903=PCURVE('',#76,#902);
#904=CARTESIAN_POINT('',(1.00000000000000000E0,0.00000000000000000E0));
#905=CARTESIAN_POINT('',(1.00000000000000000E0,1.00000000000000000E0));
#906=B_SPLINE_CURVE_WITH_KNOTS('',1,(#904,#905),.UNSPECIFIED.,.F.,.F.,(2,2),(0.00000000000000000E0,1.00000000000000000E0),.UNSPECIFIED.);
#907=DEFINITIONAL_REPRESENTATION('',(#906),#445);
#908=PCURVE('',#197,#907);
#909=CARTESIAN_POINT('',(1.00000000000000000E0,1.00000000000000000E0));
#910=CARTESIAN_POINT('',(6.66666666666666741E-1,1.00000000000000000E0));
#911=CARTESIAN_POINT('',(3.33333333333333370E-1,1.00000000000000000E0));
#912=CARTESIAN_POINT('',(0.00000000000000000E0,1.00000000000000000E0));
#913=B_SPLINE_CURVE_WITH_KNOTS('',3,(#909,#910,#911,#912),.UNSPECIFIED.,.F.,.F.,(4,4),(0.00000000000000000E0,1.00000000000000000E0),.UNSPECIFIED.);
#914=DEFINITIONAL_REPRESENTATION('',(#913),#445);
#915=PCURVE('',#197,#914);
#916=CARTESIAN_POINT('',(0.00000000000000000E0,1.00000000000000000E0));
#917=CARTESIAN_POINT('',(0.00000000000000000E0,0.00000000000000000E0));
#918=B_SPLINE_CURVE_WITH_KNOTS('',1,(#916,#917),.UNSPECIFIED.,.F.,.F.,(2,2),(0.00000000000000000E0,1.00000000000000000E0),.UNSPECIFIED.);
#919=DEFINITIONAL_REPRESENTATION('',(#918),#445);
#920=PCURVE('',#197,#919);
#921=CARTESIAN_POINT('',(0.00000000000000000E0,0.00000000000000000E0));
#922=CARTESIAN_POINT('',(1.00000000000000000E0,0.00000000000000000E0));
#923=B_SPLINE_CURVE_WITH_KNOTS('',1,(#921,#922),.UNSPECIFIED.,.F.,.F.,(2,2),(0.00000000000000000E0,1.00000000000000000E0),.UNSPECIFIED.);
#924=DEFINITIONAL_REPRESENTATION('',(#923),#445);
#925=PCURVE('',#197,#924);
#926=CARTESIAN_POINT('',(0.00000000000000000E0,0.00000000000000000E0));
#927=CARTESIAN_POINT('',(1.00000000000000000E0,0.00000000000000000E0));
#928=B_SPLINE_CURVE_WITH_KNOTS('',1,(#926,#927),.UNSPECIFIED.,.F.,.F.,(2,2),(0.00000000000000000E0,1.00000000000000000E0),.UNSPECIFIED.);
#929=DEFINITIONAL_REPRESENTATION('',(#928),#445);
#930=PCURVE('',#204,#929);
#931=CARTESIAN_POINT('',(1.00000000000000000E0,0.00000000000000000E0));
#932=CARTESIAN_POINT('',(1.00000000000000000E0,1.00000000000000000E0));
#933=B_SPLINE_CURVE_WITH_KNOTS('',1,(#931,#932),.UNSPECIFIED.,.F.,.F.,(2,2),(0.00000000000000000E0,1.00000000000000000E0),.UNSPECIFIED.);
#934=DEFINITIONAL_REPRESENTATION('',(#933),#445);
#935=PCURVE('',#204,#934);
#936=CARTESIAN_POINT('',(1.00000000000000000E0,1.00000000000000000E0));
#937=CARTESIAN_POINT('',(6.66666666666666630E-1,1.00000000000000000E0));
#938=CARTESIAN_POINT('',(3.33333333333333315E-1,1.00000000000000000E0));
#939=CARTESIAN_POINT('',(0.00000000000000000E0,1.00000000000000000E0));
#940=B_SPLINE_CURVE_WITH_KNOTS('',3,(#936,#937,#938,#939),.UNSPECIFIED.,.F.,.F.,(4,4),(0.00000000000000000E0,1.00000000000000000E0),.UNSPECIFIED.);
#941=DEFINITIONAL_REPRESENTATION('',(#940),#445);
#942=PCURVE('',#204,#941);
#943=CARTESIAN_POINT('',(0.00000000000000000E0,1.00000000000000000E0));
#944=CARTESIAN_POINT('',(0.00000000000000000E0,0.00000000000000000E0));
#945=B_SPLINE_CURVE_WITH_KNOTS('',1,(#943,#944),.UNSPECIFIED.,.F.,.F.,(2,2),(0.00000000000000000E0,1.00000000000000000E0),.UNSPECIFIED.);
#946=DEFINITIONAL_REPRESENTATION('',(#945),#445);
#947=PCURVE('',#204,#946);
#948=CARTESIAN_POINT('',(1.00000000000000000E0,5.00000000000000000E-1));
#949=CARTESIAN_POINT('',(1.00000000000000000E0,9.99999999999999778E-1));
#950=CARTESIAN_POINT('',(5.00000000000000000E-1,1.00000000000000000E0));
#951=(BOUNDED_CURVE()B_SPLINE_CURVE(2,(#948,#949,#950),.UNSPECIFIED.,.F.,.F.)B_SPLINE_CURVE_WITH_KNOTS((3,3),(0.00000000000000000E0,1.00000000000000000E0),.UNSPECIFIED.)CURVE()GEOMETRIC_REPRESENTATION_ITEM()RATIONAL_B_SPLINE_CURVE((1.00000000000000000E0,7.07106781186547573E-1,1.00000000000000000E0))REPRESENTATION_ITEM(''));
#952=DEFINITIONAL_REPRESENTATION('',(#951),#445);
#953=PCURVE('',#107,#952);
#954=CARTESIAN_POINT('',(5.00000000000000000E-1,1.00000000000000000E0));
#955=CARTESIAN_POINT('',(5.00000000000000000E-1,6.24999999999999889E-1));
#956=B_SPLINE_CURVE_WITH_KNOTS('',1,(#954,#955),.UNSPECIFIED.,.F.,.F.,(2,2),(0.00000000000000000E0,1.00000000000000000E0),.UNSPECIFIED.);
#957=DEFINITIONAL_REPRESENTATION('',(#956),#445);
#958=PCURVE('',#107,#957);
#959=CARTESIAN_POINT('',(5.00000000000000000E-1,6.24999999999999889E-1));
#960=CARTESIAN_POINT('',(6.24999999999999778E-1,6.24999999999999778E-1));
#961=CARTESIAN_POINT('',(6.24999999999999778E-1,5.00000000000000000E-1));
#962=(BOUNDED_CURVE()B_SPLINE_CURVE(2,(#959,#960,#961),.UNSPECIFIED.,.F.,.F.)B_SPLINE_CURVE_WITH_KNOTS((3,3),(0.00000000000000000E0,1.00000000000000000E0),.UNSPECIFIED.)CURVE()GEOMETRIC_REPRESENTATION_ITEM()RATIONAL_B_SPLINE_CURVE((1.00000000000000000E0,7.07106781186547573E-1,1.00000000000000000E0))REPRESENTATION_ITEM(''));
#963=DEFINITIONAL_REPRESENTATION('',(#962),#445);
#964=PCURVE('',#107,#963);
#965=CARTESIAN_POINT('',(6.24999999999999778E-1,5.00000000000000000E-1));
#966=CARTESIAN_POINT('',(1.00000000000000000E0,5.00000000000000000E-1));
#967=B_SPLINE_CURVE_WITH_KNOTS('',1,(#965,#966),.UNSPECIFIED.,.F.,.F.,(2,2),(0.00000000000000000E0,1.00000000000000000E0),.UNSPECIFIED.);
#968=DEFINITIONAL_REPRESENTATION('',(#967),#445);
#969=PCURVE('',#107,#968);
#970=CARTESIAN_POINT('',(5.00000000000000000E-1,1.00000000000000000E0));
#971=CARTESIAN_POINT('',(5.00000000000000000E-1,6.24999999999999889E-1));
#972=B_SPLINE_CURVE_WITH_KNOTS('',1,(#970,#971),.UNSPECIFIED.,.F.,.F.,(2,2),(0.00000000000000000E0,1.00000000000000000E0),.UNSPECIFIED.);
#973=DEFINITIONAL_REPRESENTATION('',(#972),#445);
#974=PCURVE('',#76,#973);
#975=CARTESIAN_POINT('',(5.00000000000000000E-1,6.24999999999999889E-1));
#976=CARTESIAN_POINT('',(6.24999999999999778E-1,6.24999999999999889E-1));
#977=CARTESIAN_POINT('',(6.24999999999999889E-1,5.00000000000000000E-1));
#978=(BOUNDED_CURVE()B_SPLINE_CURVE(2,(#975,#976,#977),.UNSPECIFIED.,.F.,.F.)B_SPLINE_CURVE_WITH_KNOTS((3,3),(0.00000000000000000E0,1.00000000000000000E0),.UNSPECIFIED.)CURVE()GEOMETRIC_REPRESENTATION_ITEM()RATIONAL_B_SPLINE_CURVE((1.00000000000000000E0,7.07106781186547573E-1,1.00000000000000000E0))REPRESENTATION_ITEM(''));
#979=DEFINITIONAL_REPRESENTATION('',(#978),#445);
#980=PCURVE('',#76,#979);
#981=CARTESIAN_POINT('',(6.24999999999999889E-1,5.00000000000000000E-1));
#982=CARTESIAN_POINT('',(1.00000000000000000E0,5.00000000000000000E-1));
#983=B_SPLINE_CURVE_WITH_KNOTS('',1,(#981,#982),.UNSPECIFIED.,.F.,.F.,(2,2),(0.00000000000000000E0,1.00000000000000000E0),.UNSPECIFIED.);
#984=DEFINITIONAL_REPRESENTATION('',(#983),#445);
#985=PCURVE('',#76,#984);
#986=CARTESIAN_POINT('',(1.00000000000000000E0,5.00000000000000000E-1));
#987=CARTESIAN_POINT('',(9.99999999999999778E-1,1.00000000000000022E0));
#988=CARTESIAN_POINT('',(5.00000000000000000E-1,1.00000000000000000E0));
#989=(BOUNDED_CURVE()B_SPLINE_CURVE(2,(#986,#987,#988),.UNSPECIFIED.,.F.,.F.)B_SPLINE_CURVE_WITH_KNOTS((3,3),(0.00000000000000000E0,1.00000000000000000E0),.UNSPECIFIED.)CURVE()GEOMETRIC_REPRESENTATION_ITEM()RATIONAL_B_SPLINE_CURVE((1.00000000000000000E0,7.07106781186547573E-1,1.00000000000000000E0))REPRESENTATION_ITEM(''));
#990=DEFINITIONAL_REPRESENTATION('',(#989),#445);
#991=PCURVE('',#76,#990);
#992=CARTESIAN_POINT('',(1.00000000000000000E0,0.00000000000000000E0));
#993=CARTESIAN_POINT('',(1.00000000000000000E0,1.00000000000000000E0));
#994=B_SPLINE_CURVE_WITH_KNOTS('',1,(#992,#993),.UNSPECIFIED.,.F.,.F.,(2,2),(0.00000000000000000E0,1.00000000000000000E0),.UNSPECIFIED.);
#995=DEFINITIONAL_REPRESENTATION('',(#994),#445);
#996=PCURVE('',#211,#995);
#997=CARTESIAN_POINT('',(1.00000000000000000E0,1.00000000000000000E0));
#998=CARTESIAN_POINT('',(6.66666666666666741E-1,1.00000000000000000E0));
#999=CARTESIAN_POINT('',(3.33333333333333370E-1,1.00000000000000000E0));
#1000=CARTESIAN_POINT('',(0.00000000000000000E0,1.00000000000000000E0));
#1001=B_SPLINE_CURVE_WITH_KNOTS('',3,(#997,#998,#999,#1000),.UNSPECIFIED.,.F.,.F.,(4,4),(0.00000000000000000E0,1.00000000000000000E0),.UNSPECIFIED.);
#1002=DEFINITIONAL_REPRESENTATION('',(#1001),#445);
#1003=PCURVE('',#211,#1002);
#1004=CARTESIAN_POINT('',(0.00000000000000000E0,1.00000000000000000E0));
#1005=CARTESIAN_POINT('',(0.00000000000000000E0,0.00000000000000000E0));
#1006=B_SPLINE_CURVE_WITH_KNOTS('',1,(#1004,#1005),.UNSPECIFIED.,.F.,.F.,(2,2),(0.00000000000000000E0,1.00000000000000000E0),.UNSPECIFIED.);
#1007=DEFINITIONAL_REPRESENTATION('',(#1006),#445);
#1008=PCURVE('',#211,#1007);
#1009=CARTESIAN_POINT('',(0.00000000000000000E0,0.00000000000000000E0));
#1010=CARTESIAN_POINT('',(1.00000000000000000E0,0.00000000000000000E0));
#1011=B_SPLINE_CURVE_WITH_KNOTS('',1,(#1009,#1010),.UNSPECIFIED.,.F.,.F.,(2,2),(0.00000000000000000E0,1.00000000000000000E0),.UNSPECIFIED.);
#1012=DEFINITIONAL_REPRESENTATION('',(#1011),#445);
#1013=PCURVE('',#211,#1012);
#1014=CARTESIAN_POINT('',(0.00000000000000000E0,0.00000000000000000E0));
#1015=CARTESIAN_POINT('',(1.00000000000000000E0,0.00000000000000000E0));
#1016=B_SPLINE_CURVE_WITH_KNOTS('',1,(#1014,#1015),.UNSPECIFIED.,.F.,.F.,(2,2),(0.00000000000000000E0,1.00000000000000000E0),.UNSPECIFIED.);
#1017=DEFINITIONAL_REPRESENTATION('',(#1016),#445);
#1018=PCURVE('',#218,#1017);
#1019=CARTESIAN_POINT('',(1.00000000000000000E0,0.00000000000000000E0));
#1020=CARTESIAN_POINT('',(1.00000000000000000E0,1.00000000000000000E0));
#1021=B_SPLINE_CURVE_WITH_KNOTS('',1,(#1019,#1020),.UNSPECIFIED.,.F.,.F.,(2,2),(0.00000000000000000E0,1.00000000000000000E0),.UNSPECIFIED.);
#1022=DEFINITIONAL_REPRESENTATION('',(#1021),#445);
#1023=PCURVE('',#218,#1022);
#1024=CARTESIAN_POINT('',(1.00000000000000000E0,1.00000000000000000E0));
#1025=CARTESIAN_POINT('',(6.66666666666666630E-1,1.00000000000000000E0));
#1026=CARTESIAN_POINT('',(3.33333333333333315E-1,1.00000000000000000E0));
#1027=CARTESIAN_POINT('',(0.00000000000000000E0,1.00000000000000000E0));
#1028=B_SPLINE_CURVE_WITH_KNOTS('',3,(#1024,#1025,#1026,#1027),.UNSPECIFIED.,.F.,.F.,(4,4),(0.00000000000000000E0,1.00000000000000000E0),.UNSPECIFIED.);
#1029=DEFINITIONAL_REPRESENTATION('',(#1028),#445);
#1030=PCURVE('',#218,#1029);
#1031=CARTESIAN_POINT('',(0.00000000000000000E0,1.00000000000000000E0));
#1032=CARTESIAN_POINT('',(0.00000000000000000E0,0.00000000000000000E0));
#1033=B_SPLINE_CURVE_WITH_KNOTS('',1,(#1031,#1032),.UNSPECIFIED.,.F.,.F.,(2,2),(0.00000000000000000E0,1.00000000000000000E0),.UNSPECIFIED.);
#1034=DEFINITIONAL_REPRESENTATION('',(#1033),#445);
#1035=PCURVE('',#218,#1034);
#1036=CARTESIAN_POINT('',(5.00000000000000000E-1,1.00000000000000000E0));
#1037=CARTESIAN_POINT('',(2.22044604925031308E-16,1.00000000000000022E0));
#1038=CARTESIAN_POINT('',(0.00000000000000000E0,5.00000000000000000E-1));
#1039=(BOUNDED_CURVE()B_SPLINE_CURVE(2,(#1036,#1037,#1038),.UNSPECIFIED.,.F.,.F.)B_SPLINE_CURVE_WITH_KNOTS((3,3),(0.00000000000000000E0,1.00000000000000000E0),.UNSPECIFIED.)CURVE()GEOMETRIC_REPRESENTATION_ITEM()RATIONAL_B_SPLINE_CURVE((1.00000000000000000E0,7.07106781186547573E-1,1.00000000000000000E0))REPRESENTATION_ITEM(''));
#1040=DEFINITIONAL_REPRESENTATION('',(#1039),#445);
#1041=PCURVE('',#107,#1040);
#1042=CARTESIAN_POINT('',(0.00000000000000000E0,5.00000000000000000E-1));
#1043=CARTESIAN_POINT('',(3.75000000000000111E-1,5.00000000000000000E-1));
#1044=B_SPLINE_CURVE_WITH_KNOTS('',1,(#1042,#1043),.UNSPECIFIED.,.F.,.F.,(2,2),(0.00000000000000000E0,1.00000000000000000E0),.UNSPECIFIED.);
#1045=DEFINITIONAL_REPRESENTATION('',(#1044),#445);
#1046=PCURVE('',#107,#1045);
#1047=CARTESIAN_POINT('',(3.75000000000000111E-1,5.00000000000000000E-1));
#1048=CARTESIAN_POINT('',(3.75000000000000222E-1,6.24999999999999889E-1));
#1049=CARTESIAN_POINT('',(5.00000000000000000E-1,6.24999999999999889E-1));
#1050=(BOUNDED_CURVE()B_SPLINE_CURVE(2,(#1047,#1048,#1049),.UNSPECIFIED.,.F.,.F.)B_SPLINE_CURVE_WITH_KNOTS((3,3),(0.00000000000000000E0,1.00000000000000000E0),.UNSPECIFIED.)CURVE()GEOMETRIC_REPRESENTATION_ITEM()RATIONAL_B_SPLINE_CURVE((1.00000000000000000E0,7.07106781186547573E-1,1.00000000000000000E0))REPRESENTATION_ITEM(''));
#1051=DEFINITIONAL_REPRESENTATION('',(#1050),#445);
#1052=PCURVE('',#107,#1051);
#1053=CARTESIAN_POINT('',(5.00000000000000000E-1,6.24999999999999889E-1));
#1054=CARTESIAN_POINT('',(5.00000000000000000E-1,1.00000000000000000E0));
#1055=B_SPLINE_CURVE_WITH_KNOTS('',1,(#1053,#1054),.UNSPECIFIED.,.F.,.F.,(2,2),(0.00000000000000000E0,1.00000000000000000E0),.UNSPECIFIED.);
#1056=DEFINITIONAL_REPRESENTATION('',(#1055),#445);
#1057=PCURVE('',#107,#1056);
#1058=SURFACE_CURVE('',#225,(#450,#493),.PCURVE_S1.);
#1059=EDGE_CURVE('OSCAD_TOPO/3|edge|e:9ff0ea5c3e2c5f2e5db19a0fda74e5dc|addf67b21b86e6d9ddf9510954e6653e2b7ae260109f5941301a55edfe550118',#2,#4,#1058,.T.);
#1060=SURFACE_CURVE('',#229,(#455,#585),.PCURVE_S1.);
#1061=EDGE_CURVE('OSCAD_TOPO/3|edge|e:3d7a8cc6fb12202ab3f010cb390e4890|5b92a886c0f650d75a233e5ee63963e5c3f4d4018c405b639ab340495e398a25',#4,#6,#1060,.T.);
#1062=SURFACE_CURVE('',#236,(#460,#505),.PCURVE_S1.);
#1063=EDGE_CURVE('OSCAD_TOPO/3|edge|e:b30354f30a51dcf4a1c45a40f22ac039|f405c0d92abf0a501d61c1522272ddefe96554ddffdf7a379972fe43cf6fd64a',#6,#2,#1062,.T.);
#1064=SURFACE_CURVE('',#240,(#465),.PCURVE_S1.);
#1065=EDGE_CURVE('OSCAD_TOPO/3|edge|e:35e4d0b5f1b41b8cf08060734e36435f|b6d912a699b179b60439df3e049f44eac9312787436a3ac2f63b2008b8d819e5',#2,#2,#1064,.T.);
#1066=SURFACE_CURVE('',#243,(#470,#985),.PCURVE_S1.);
#1067=EDGE_CURVE('OSCAD_TOPO/3|edge|e:acae92b8fa9b81e1194434827fefe8b3|6f51836f5587f936b0fc120af195cbc63157f5e774be9fee8a6a213e6de2261c',#2,#8,#1066,.T.);
#1068=SURFACE_CURVE('',#250,(#479,#532),.PCURVE_S1.);
#1069=EDGE_CURVE('OSCAD_TOPO/3|edge|e:1daeb0400397affea5d7f77b91f4af88|828802d9939d5de2971c92322c990cd8fab7d86c6c8862ec2533aaeaf852cc31',#8,#10,#1068,.T.);
#1070=SURFACE_CURVE('',#253,(#484,#590),.PCURVE_S1.);
#1071=EDGE_CURVE('OSCAD_TOPO/3|edge|e:32f1294dae266c0777782a6485133802|0ff75364691c0a1e4ceac25193b79e9a90ca415370f6dae944f643de2f9c1b26',#10,#4,#1070,.T.);
#1072=SURFACE_CURVE('',#260,(#515,#546),.PCURVE_S1.);
#1073=EDGE_CURVE('OSCAD_TOPO/3|edge|e:d18cf5acd30b2927454064ee8bafab38|a82e1f0adf23eb0c5b23b852991a7671326fb13448b9556461314b6a22b95e5e',#12,#14,#1072,.T.);
#1074=SURFACE_CURVE('',#263,(#510,#612),.PCURVE_S1.);
#1075=EDGE_CURVE('OSCAD_TOPO/3|edge|e:5cadd2565c798bb049f0ae73eb3a55d6|922a18954ffcddb2221e1444ff25f30a2c89199056e0874198170a3482cde873',#14,#6,#1074,.T.);
#1076=SURFACE_CURVE('',#266,(#498,#1008),.PCURVE_S1.);
#1077=EDGE_CURVE('OSCAD_TOPO/3|edge|e:e818895725d957a6febc126446b8ceed|1dd3ec2b6bca8e8c71f16aebea7b687468fef36f590aa1976ac27b5dfe029f6c',#2,#12,#1076,.T.);
#1078=SURFACE_CURVE('',#273,(#520,#560),.PCURVE_S1.);
#1079=EDGE_CURVE('OSCAD_TOPO/3|edge|e:ad2c8a521986640201b7eb66868122f4|21769bbfa00bfbd02c44943af73ad6ff125c3a6b446a9b20a140d1ae34af0ae1',#16,#18,#1078,.T.);
#1080=SURFACE_CURVE('',#276,(#525,#651),.PCURVE_S1.);
#1081=EDGE_CURVE('OSCAD_TOPO/3|edge|e:d6893b64a9f4be5fa59030831d95de74|51b13800c33d390447b941d4080162e8197aefc8dc8eaf6a8857d03829caeab0',#18,#10,#1080,.T.);
#1082=SURFACE_CURVE('',#279,(#537,#1023),.PCURVE_S1.);
#1083=EDGE_CURVE('OSCAD_TOPO/3|edge|e:adb37d1b1a344cc9281d50a483a26e64|03085fcf4419fa406d6e57572c6a07d447fdec7c49a0dc64c167a9b05b3f9a10',#8,#16,#1082,.T.);
#1084=SURFACE_CURVE('',#282,(#565,#1046),.PCURVE_S1.);
#1085=EDGE_CURVE('OSCAD_TOPO/3|edge|e:0573d7f563c9d682b82daf0b5bd8484f|cb7a8ced940566f1c12bc1b6278965d9473dab7eec4e43f5c2b99cbd9067d107',#12,#16,#1084,.T.);
#1086=SURFACE_CURVE('',#285,(#551,#673),.PCURVE_S1.);
#1087=EDGE_CURVE('OSCAD_TOPO/3|edge|e:0ccbbb598e079fde805e61c1a377a80e|f1d4d811ec461fa5691153019bce66fc36ac974c17547c245eec81d77d64e894',#18,#14,#1086,.T.);
#1088=SURFACE_CURVE('',#289,(#570,#607),.PCURVE_S1.);
#1089=EDGE_CURVE('OSCAD_TOPO/3|edge|e:968c9e94cd4178350205db00b64e7128|79c3f7739c1a7eb582b3a6267dffc05315a7fd731c2afc5a500577951dde08f5',#4,#20,#1088,.T.);
#1090=SURFACE_CURVE('',#293,(#575,#693),.PCURVE_S1.);
#1091=EDGE_CURVE('OSCAD_TOPO/3|edge|e:7d942a995bf6fdf1dbf56b6618fa741c|4439d8acae4c131543dd484c91d0f08be5ab480f0a0d49d98fd77fcdac38a397',#20,#22,#1090,.T.);
#1092=SURFACE_CURVE('',#297,(#580,#619),.PCURVE_S1.);
#1093=EDGE_CURVE('OSCAD_TOPO/3|edge|e:0356a53efa15ce99b887c9e0884674f4|80be76bbdcaebfe7d33555ae2314a798960b1f38ffe6e6d0ad3b7a1e39eed710',#22,#6,#1092,.T.);
#1094=SURFACE_CURVE('',#301,(#596,#646),.PCURVE_S1.);
#1095=EDGE_CURVE('OSCAD_TOPO/3|edge|e:8559b816f18fb1e6518a243a95403ac4|c9493950bcc579ff301bd809ceb6e0cfc0e0df2fe90824b1766b1b350992579a',#10,#24,#1094,.T.);
#1096=SURFACE_CURVE('',#304,(#601,#698),.PCURVE_S1.);
#1097=EDGE_CURVE('OSCAD_TOPO/3|edge|e:ac39a7310d55b315063af366f717fe69|ed77577fc6695047e514864c10abe43ecc42c19ae00bb8c1a3d1655d55fd3a8c',#24,#20,#1096,.T.);
#1098=SURFACE_CURVE('',#308,(#629,#657),.PCURVE_S1.);
#1099=EDGE_CURVE('OSCAD_TOPO/3|edge|e:54aa26f803c649bfbb3cbe4cb6abd326|6374bf31a4c50871ea9a5a5d04aef70cba61684b62d92ec106bc9db8932a0ac3',#14,#26,#1098,.T.);
#1100=SURFACE_CURVE('',#311,(#624,#726),.PCURVE_S1.);
#1101=EDGE_CURVE('OSCAD_TOPO/3|edge|e:95250af1f423f78bd3db984d84631709|787d21e8ad064d464aa9a3ac297498bb674ed8fba9aa1b64dbe89caed118a03f',#26,#22,#1100,.T.);
#1102=SURFACE_CURVE('',#315,(#634,#668),.PCURVE_S1.);
#1103=EDGE_CURVE('OSCAD_TOPO/3|edge|e:68d7bdfc76de9caf946aa444904783c8|5585d79059ff58dad3523497d6b05177cf231157c61a764fab487dbf3bffc2fb',#18,#28,#1102,.T.);
#1104=SURFACE_CURVE('',#318,(#639,#765),.PCURVE_S1.);
#1105=EDGE_CURVE('OSCAD_TOPO/3|edge|e:82b0153cc40b3c21091906ebe2f5a354|13066a12f67ade21ded996a2ff9f76ca406b9ac48c00a240f96e33c2f286861f',#28,#24,#1104,.T.);
#1106=SURFACE_CURVE('',#321,(#662,#793),.PCURVE_S1.);
#1107=EDGE_CURVE('OSCAD_TOPO/3|edge|e:02fa0f7c67c6bdab9ab912b31468ef60|a15f20538ee7d10d4fbefe85eb601eb3b5a2e73cc2e2a53f589f51b375e1676d',#28,#26,#1106,.T.);
#1108=SURFACE_CURVE('',#328,(#678,#721),.PCURVE_S1.);
#1109=EDGE_CURVE('OSCAD_TOPO/3|edge|e:27402119da1bac4ed135f4044d64f366|a1fc523a2a29a675fc8b25d1b4af1b5501ca2634caff869b545ef5241571c314',#20,#30,#1108,.T.);
#1110=SURFACE_CURVE('',#332,(#683),.PCURVE_S1.);
#1111=EDGE_CURVE('OSCAD_TOPO/3|edge|e:9d31a439a919f9bd48ba34b90f37ddbd|7445f58762448796b138c6495092d5fca1a2c4772a3dd6d91012ea949bc1518d',#30,#30,#1110,.T.);
#1112=SURFACE_CURVE('',#339,(#688,#733),.PCURVE_S1.);
#1113=EDGE_CURVE('OSCAD_TOPO/3|edge|e:b4f5e162ad78ba81f8471cc536192bb0|da6085279faf0cd7bc72eda7dca2fdec709b156bfcfc1c7827056c76ffa69c8b',#30,#22,#1112,.T.);
#1114=SURFACE_CURVE('',#346,(#707,#760),.PCURVE_S1.);
#1115=EDGE_CURVE('OSCAD_TOPO/3|edge|e:a32fbaf8b998a064385bb212efdf00fc|9c288702a202e3e023a9e2416649b5f345cc0eef2df2a478e8aea9c713accb88',#24,#32,#1114,.T.);
#1116=SURFACE_CURVE('',#349,(#712,#798),.PCURVE_S1.);
#1117=EDGE_CURVE('OSCAD_TOPO/3|edge|e:bbc55ed815eb1053dd3ac05613d4f3fa|5fc9740af05c836c6b7447d475813384556a623eed8a85eca66012152852a19b',#32,#30,#1116,.T.);
#1118=SURFACE_CURVE('',#356,(#743,#774),.PCURVE_S1.);
#1119=EDGE_CURVE('OSCAD_TOPO/3|edge|e:41a86dd9d7440572d2f24810cad57fa1|76e640b5a150dd3c13c6584801d0d54e0d48b580c6e3f0c29f97835822d5c11d',#26,#34,#1118,.T.);
#1120=SURFACE_CURVE('',#359,(#738,#820),.PCURVE_S1.);
#1121=EDGE_CURVE('OSCAD_TOPO/3|edge|e:285be0dc3603837fe143d4583f4073ff|262a70a6c3d1e7a88c79c7d5bfd72aa96afbf58be42e5091be5f162b57e14374',#34,#30,#1120,.T.);
#1122=SURFACE_CURVE('',#366,(#748,#788),.PCURVE_S1.);
#1123=EDGE_CURVE('OSCAD_TOPO/3|edge|e:65d33e99ad05ca602215d5ef639cc80d|e73c1812097ae29db2ec765378518fc54a92cee7c2bb9d11655dcb0449024a1c',#28,#36,#1122,.T.);
#1124=SURFACE_CURVE('',#369,(#753,#859),.PCURVE_S1.);
#1125=EDGE_CURVE('OSCAD_TOPO/3|edge|e:b5f04a9d10bc30899bd58ef4db7866d0|d6d149a9a25b9f94e092ce4e6d3e497e8f156e8758b081c98946382b9d111a94',#36,#32,#1124,.T.);
#1126=SURFACE_CURVE('',#372,(#779,#881),.PCURVE_S1.);
#1127=EDGE_CURVE('OSCAD_TOPO/3|edge|e:aa53d72385cc64f9a54b701cc96be635|c2a0aa1d9d44e82d1cf11561a1db4054c8e6e95527928c75f9d92146bdf0ff80',#36,#34,#1126,.T.);
#1128=SURFACE_CURVE('',#376,(#804,#854),.PCURVE_S1.);
#1129=EDGE_CURVE('OSCAD_TOPO/3|edge|e:fe52913c804d85c3baf44b6eb2d874d5|ec95f5605a5ff0f6216617f747d48db97cc8b51b086c07cd82b26e1c881389c1',#32,#38,#1128,.T.);
#1130=SURFACE_CURVE('',#379,(#809,#886),.PCURVE_S1.);
#1131=EDGE_CURVE('OSCAD_TOPO/3|edge|e:a603e38fc6c439cb598d6c0ef6864825|a001aa24e2c283ff6ad6b06b5ca4f45905f5723a5592a817b030cca1957a8090',#38,#40,#1130,.T.);
#1132=SURFACE_CURVE('',#383,(#815,#827),.PCURVE_S1.);
#1133=EDGE_CURVE('OSCAD_TOPO/3|edge|e:7f64bf1dea9e11262805cce1878236f1|7dc9085451f405eb97e354a55131da879bb58230b09240f4ad30b682810d5541',#40,#30,#1132,.T.);
#1134=SURFACE_CURVE('',#387,(#837,#865),.PCURVE_S1.);
#1135=EDGE_CURVE('OSCAD_TOPO/3|edge|e:b588ff493722f0c5dd6993bd6243bd87|417204c2db65ff3744713e98d0c915655dbeb60313b683b72ce0bc85a6e376a1',#34,#42,#1134,.T.);
#1136=SURFACE_CURVE('',#390,(#832,#908),.PCURVE_S1.);
#1137=EDGE_CURVE('OSCAD_TOPO/3|edge|e:badaa8f55a33859bf11e316e675c5bee|86eacbdcddb38c608699ff43a565148a7b68c1b918690e65684231b1e8b3cd35',#42,#40,#1136,.T.);
#1138=SURFACE_CURVE('',#394,(#842,#876),.PCURVE_S1.);
#1139=EDGE_CURVE('OSCAD_TOPO/3|edge|e:f0a3f8d571d04349aee2ac97e32f1071|e5151e5d7c8281baf2c5d7fff000fcf1b34006d755b20744a7f5954f3bb30c92',#36,#44,#1138,.T.);
#1140=SURFACE_CURVE('',#397,(#847,#947),.PCURVE_S1.);
#1141=EDGE_CURVE('OSCAD_TOPO/3|edge|e:84cc9f0f46c2e1007b361edd6c7fe541|cb6ebe8e85cccb42015078ec7ba59fb56739695a5942ac1224cc67759fd15819',#44,#38,#1140,.T.);
#1142=SURFACE_CURVE('',#400,(#870,#969),.PCURVE_S1.);
#1143=EDGE_CURVE('OSCAD_TOPO/3|edge|e:68a05d8d6ef117d62a6fff2e43b3865b|b88bb2f2bdffb9715d0caa695fd5fd056d37617bbd1d66876436c55d50124443',#44,#42,#1142,.T.);
#1144=SURFACE_CURVE('',#404,(#892,#942),.PCURVE_S1.);
#1145=EDGE_CURVE('OSCAD_TOPO/3|edge|e:f255979aee80eb04a4864d264da423a1|e71fd552c7b721310b3fcf0d3f13cafe3dca1120d9c3279ca760800e0df424ff',#38,#46,#1144,.T.);
#1146=SURFACE_CURVE('',#407,(#897,#974),.PCURVE_S1.);
#1147=EDGE_CURVE('OSCAD_TOPO/3|edge|e:b3ff75be106769fe3a4c67d9cf26d0f1|c59f53c96f5cda5b6d2a440e18931f97b5ba9a208a59e6f4590d676d3a2b51a5',#46,#48,#1146,.T.);
#1148=SURFACE_CURVE('',#411,(#903,#915),.PCURVE_S1.);
#1149=EDGE_CURVE('OSCAD_TOPO/3|edge|e:dac4d740cd2292487e9478a0a492b719|436d24089aec41741c3dd8a2ae5e5c3d03b7c8f63f15d946171442f0d764f02c',#48,#40,#1148,.T.);
#1150=SURFACE_CURVE('',#415,(#925,#953),.PCURVE_S1.);
#1151=EDGE_CURVE('OSCAD_TOPO/3|edge|e:5fc3e0408cb0b605b8e7d4d67def64d7|037259797968f29d11aeb923b829ee5859f1bbf332b910421fddb618e0817109',#42,#50,#1150,.T.);
#1152=SURFACE_CURVE('',#418,(#920,#996),.PCURVE_S1.);
#1153=EDGE_CURVE('OSCAD_TOPO/3|edge|e:5020d3f23499fc0f8f8ffd4329149df4|09a4bcbc005a5052d825f26fd7e44d6d9a19c0958105ddf415202b5cb8a132c7',#50,#48,#1152,.T.);
#1154=SURFACE_CURVE('',#422,(#930,#964),.PCURVE_S1.);
#1155=EDGE_CURVE('OSCAD_TOPO/3|edge|e:fe852b2256bfc629d19384aa1d0bf219|6a10367bd85bc2093b680d6cdf45e37cdae4f130337e939748e0d629903193ff',#44,#52,#1154,.T.);
#1156=SURFACE_CURVE('',#425,(#935,#1035),.PCURVE_S1.);
#1157=EDGE_CURVE('OSCAD_TOPO/3|edge|e:a8faa7b096da0808c31e5f5f67d276ce|5df637fdc1ab82fa67a07ec93466c77208466f74db157af120000bb9c4c8e285',#52,#46,#1156,.T.);
#1158=SURFACE_CURVE('',#428,(#958,#1057),.PCURVE_S1.);
#1159=EDGE_CURVE('OSCAD_TOPO/3|edge|e:0c93521fc01401296f1a812fd9ad5102|151055ed4839af1b4126e71bd01208d4485a0bca97fb656047e77f3017363227',#52,#50,#1158,.T.);
#1160=SURFACE_CURVE('',#432,(#980,#1030),.PCURVE_S1.);
#1161=EDGE_CURVE('OSCAD_TOPO/3|edge|e:51ca1cae73d527000ef5615d0e3c33d2|89e0442206105ded36b434d37cae65a8ab817cdce92c697d1825470ebb60730e',#46,#8,#1160,.T.);
#1162=SURFACE_CURVE('',#436,(#991,#1003),.PCURVE_S1.);
#1163=EDGE_CURVE('OSCAD_TOPO/3|edge|e:690cc495885a562cda1b0520bd485595|6854b56caf851ec8c7c73741e6949ba6c4f9c6242c14a8f3edff4bd78279edc0',#2,#48,#1162,.T.);
#1164=SURFACE_CURVE('',#440,(#1013,#1041),.PCURVE_S1.);
#1165=EDGE_CURVE('OSCAD_TOPO/3|edge|e:a713649a4b70ca1e9e78dfc779bcbbd6|b4e7a7fec87c32a6719e6d027c1440fc92735bef992d07c38d189ea1136f3576',#50,#12,#1164,.T.);
#1166=SURFACE_CURVE('',#444,(#1018,#1052),.PCURVE_S1.);
#1167=EDGE_CURVE('OSCAD_TOPO/3|edge|e:513c4214f282ecc804099a05b116ca93|dd2af19f6a0af6c9c83ecf0a713222874f68f5b0397dee91e0236ef243d2d42a',#52,#16,#1166,.T.);
#1168=ORIENTED_EDGE('',*,*,#1059,.T.);
#1169=ORIENTED_EDGE('',*,*,#1061,.T.);
#1170=ORIENTED_EDGE('',*,*,#1063,.T.);
#1171=ORIENTED_EDGE('',*,*,#1065,.T.);
#1172=EDGE_LOOP('OSCAD_TOPO/3|loop|l:b8310e7614570c5da482dbfaa9c74f80|1dc5b38126fb704806d5d08f6c522a07a0e9f840959d1561f713b430bd7402e3',(#1168,#1169,#1170,#1171));
#1173=ORIENTED_EDGE('',*,*,#1067,.T.);
#1174=ORIENTED_EDGE('',*,*,#1069,.T.);
#1175=ORIENTED_EDGE('',*,*,#1071,.T.);
#1176=ORIENTED_EDGE('',*,*,#1059,.F.);
#1177=EDGE_LOOP('OSCAD_TOPO/3|loop|l:787a3de145fd5dfeb65c4611069b703a|6a484b83db1293a77d48e3ffbe51d926b4468f9cdfd3ecdf52c8559cd596b74d',(#1173,#1174,#1175,#1176));
#1178=ORIENTED_EDGE('',*,*,#1077,.F.);
#1179=ORIENTED_EDGE('',*,*,#1063,.F.);
#1180=ORIENTED_EDGE('',*,*,#1075,.F.);
#1181=ORIENTED_EDGE('',*,*,#1073,.F.);
#1182=EDGE_LOOP('OSCAD_TOPO/3|loop|l:337636beb8077cb4e9a8e3dc8711ab46|1919e47a67a9bcdad973331915f70d7ac4f74e6dab326062c5124f0897e24a92',(#1178,#1179,#1180,#1181));
#1183=ORIENTED_EDGE('',*,*,#1079,.T.);
#1184=ORIENTED_EDGE('',*,*,#1081,.T.);
#1185=ORIENTED_EDGE('',*,*,#1069,.F.);
#1186=ORIENTED_EDGE('',*,*,#1083,.T.);
#1187=EDGE_LOOP('OSCAD_TOPO/3|loop|l:5cb661217c5c670c33c964760c55a393|a5d69e7c5b18aef7d31c6198ee04e991d95628382498c094f60e0cff8c4ce721',(#1183,#1184,#1185,#1186));
#1188=ORIENTED_EDGE('',*,*,#1073,.T.);
#1189=ORIENTED_EDGE('',*,*,#1087,.F.);
#1190=ORIENTED_EDGE('',*,*,#1079,.F.);
#1191=ORIENTED_EDGE('',*,*,#1085,.F.);
#1192=EDGE_LOOP('OSCAD_TOPO/3|loop|l:73df7ff7c0bd3987b425f1a8535836f0|d7c8470c0400a8e34e41ae053aa69e17b6178edbd03d972aaa1fd40b73b59a06',(#1188,#1189,#1190,#1191));
#1193=ORIENTED_EDGE('',*,*,#1089,.T.);
#1194=ORIENTED_EDGE('',*,*,#1091,.T.);
#1195=ORIENTED_EDGE('',*,*,#1093,.T.);
#1196=ORIENTED_EDGE('',*,*,#1061,.F.);
#1197=EDGE_LOOP('OSCAD_TOPO/3|loop|l:01baa6d3573c7bc162960f7cb719aa18|be77587f6143426db7d5b55d88816a6f8c30f9df7aa895e9d2a2134cd66b990a',(#1193,#1194,#1195,#1196));
#1198=ORIENTED_EDGE('',*,*,#1071,.F.);
#1199=ORIENTED_EDGE('',*,*,#1095,.T.);
#1200=ORIENTED_EDGE('',*,*,#1097,.T.);
#1201=ORIENTED_EDGE('',*,*,#1089,.F.);
#1202=EDGE_LOOP('OSCAD_TOPO/3|loop|l:20cb370977548cada5f19d1e6f2438d8|e2fed67ed19ac77b26e278491d0dd5b76df4e1196d08ca58fd5283b8636ddacc',(#1198,#1199,#1200,#1201));
#1203=ORIENTED_EDGE('',*,*,#1075,.T.);
#1204=ORIENTED_EDGE('',*,*,#1093,.F.);
#1205=ORIENTED_EDGE('',*,*,#1101,.F.);
#1206=ORIENTED_EDGE('',*,*,#1099,.F.);
#1207=EDGE_LOOP('OSCAD_TOPO/3|loop|l:525de95dd513af27b598fe76eb1f198c|c2dffe956454ebf7325903346d9591f8db08fc12928f63ed6e1a57e998c63ce5',(#1203,#1204,#1205,#1206));
#1208=ORIENTED_EDGE('',*,*,#1103,.T.);
#1209=ORIENTED_EDGE('',*,*,#1105,.T.);
#1210=ORIENTED_EDGE('',*,*,#1095,.F.);
#1211=ORIENTED_EDGE('',*,*,#1081,.F.);
#1212=EDGE_LOOP('OSCAD_TOPO/3|loop|l:6276d30cbcc31d393e081855c5f344bd|9e6532624531956944925bbf777737f3e087f0d96d83ae27aa9f69ff3d6c32f7',(#1208,#1209,#1210,#1211));
#1213=ORIENTED_EDGE('',*,*,#1099,.T.);
#1214=ORIENTED_EDGE('',*,*,#1107,.F.);
#1215=ORIENTED_EDGE('',*,*,#1103,.F.);
#1216=ORIENTED_EDGE('',*,*,#1087,.T.);
#1217=EDGE_LOOP('OSCAD_TOPO/3|loop|l:f01fd556e21fd67eca08cb1339c8350c|d2f26bd0a68481a73879fcc0ee75813db1c53dff14542fbeb8856339414e4870',(#1213,#1214,#1215,#1216));
#1218=ORIENTED_EDGE('',*,*,#1109,.T.);
#1219=ORIENTED_EDGE('',*,*,#1111,.T.);
#1220=ORIENTED_EDGE('',*,*,#1113,.T.);
#1221=ORIENTED_EDGE('',*,*,#1091,.F.);
#1222=EDGE_LOOP('OSCAD_TOPO/3|loop|l:0260df077d43bd2bcecc6e9b0707a8dc|d9e33a0872e3ffc282c9f2c55b034121e3fc8c61b9d155bec584bf4755e2a038',(#1218,#1219,#1220,#1221));
#1223=ORIENTED_EDGE('',*,*,#1097,.F.);
#1224=ORIENTED_EDGE('',*,*,#1115,.T.);
#1225=ORIENTED_EDGE('',*,*,#1117,.T.);
#1226=ORIENTED_EDGE('',*,*,#1109,.F.);
#1227=EDGE_LOOP('OSCAD_TOPO/3|loop|l:253f0538b4ccbaf8b7783d1cc88301ac|3c9c24fef30de8fb6e9be469d8429b7909ca83a39872a2c81bd7dab467e4842f',(#1223,#1224,#1225,#1226));
#1228=ORIENTED_EDGE('',*,*,#1101,.T.);
#1229=ORIENTED_EDGE('',*,*,#1113,.F.);
#1230=ORIENTED_EDGE('',*,*,#1121,.F.);
#1231=ORIENTED_EDGE('',*,*,#1119,.F.);
#1232=EDGE_LOOP('OSCAD_TOPO/3|loop|l:5af923b64191fee952af8937e295d18e|f0519e41be2d83504f66f9a4c4ca6d29ead3acca60145e073ac7c0132dd9357f',(#1228,#1229,#1230,#1231));
#1233=ORIENTED_EDGE('',*,*,#1123,.T.);
#1234=ORIENTED_EDGE('',*,*,#1125,.T.);
#1235=ORIENTED_EDGE('',*,*,#1115,.F.);
#1236=ORIENTED_EDGE('',*,*,#1105,.F.);
#1237=EDGE_LOOP('OSCAD_TOPO/3|loop|l:8b0421ae116a13def82374b574713161|210e2636060c755b5f03efc52c40570b4b2aece76b7e21fa4e8a7a991556e01f',(#1233,#1234,#1235,#1236));
#1238=ORIENTED_EDGE('',*,*,#1119,.T.);
#1239=ORIENTED_EDGE('',*,*,#1127,.F.);
#1240=ORIENTED_EDGE('',*,*,#1123,.F.);
#1241=ORIENTED_EDGE('',*,*,#1107,.T.);
#1242=EDGE_LOOP('OSCAD_TOPO/3|loop|l:7088b759dae8d4296c89cc2e3c1e569b|832012fc17a1d4a486317fa135cf7fde1b4d8f20c0aef8c4ada80a536bea10ec',(#1238,#1239,#1240,#1241));
#1243=ORIENTED_EDGE('',*,*,#1117,.F.);
#1244=ORIENTED_EDGE('',*,*,#1129,.T.);
#1245=ORIENTED_EDGE('',*,*,#1131,.T.);
#1246=ORIENTED_EDGE('',*,*,#1133,.T.);
#1247=EDGE_LOOP('OSCAD_TOPO/3|loop|l:58a5672d0aca0911d37912808279e576|fc2b5671d1d28fb812b667700191862096794d506235de8639283025a3325fa3',(#1243,#1244,#1245,#1246));
#1248=ORIENTED_EDGE('',*,*,#1121,.T.);
#1249=ORIENTED_EDGE('',*,*,#1133,.F.);
#1250=ORIENTED_EDGE('',*,*,#1137,.F.);
#1251=ORIENTED_EDGE('',*,*,#1135,.F.);
#1252=EDGE_LOOP('OSCAD_TOPO/3|loop|l:1773015f1377383d9cf766462d08c960|6c84f22afd68512f8eb792b75257f63f65efcf5d59a280952408241092816171',(#1248,#1249,#1250,#1251));
#1253=ORIENTED_EDGE('',*,*,#1139,.T.);
#1254=ORIENTED_EDGE('',*,*,#1141,.T.);
#1255=ORIENTED_EDGE('',*,*,#1129,.F.);
#1256=ORIENTED_EDGE('',*,*,#1125,.F.);
#1257=EDGE_LOOP('OSCAD_TOPO/3|loop|l:a005079cda3f53cb1eea24050b2fb821|07dfce8db56ead6eaac7b145354de80f15659b3f3d4c347a1ec42830044068e3',(#1253,#1254,#1255,#1256));
#1258=ORIENTED_EDGE('',*,*,#1135,.T.);
#1259=ORIENTED_EDGE('',*,*,#1143,.F.);
#1260=ORIENTED_EDGE('',*,*,#1139,.F.);
#1261=ORIENTED_EDGE('',*,*,#1127,.T.);
#1262=EDGE_LOOP('OSCAD_TOPO/3|loop|l:8c4a6fd63e1b1390c83f9a2f574eacfa|3fcd1da3fa2a6304918bc13163152b7e7f3c02e9c3ce4b97bdc17e00f3255fc2',(#1258,#1259,#1260,#1261));
#1263=ORIENTED_EDGE('',*,*,#1131,.F.);
#1264=ORIENTED_EDGE('',*,*,#1145,.T.);
#1265=ORIENTED_EDGE('',*,*,#1147,.T.);
#1266=ORIENTED_EDGE('',*,*,#1149,.T.);
#1267=EDGE_LOOP('OSCAD_TOPO/3|loop|l:e3363efff6a762d432eea7fcfd4e4b9c|c0a4fb09730d24a6cb584bf876b56bccc58804582753fce157b612a0ff5009d4',(#1263,#1264,#1265,#1266));
#1268=ORIENTED_EDGE('',*,*,#1137,.T.);
#1269=ORIENTED_EDGE('',*,*,#1149,.F.);
#1270=ORIENTED_EDGE('',*,*,#1153,.F.);
#1271=ORIENTED_EDGE('',*,*,#1151,.F.);
#1272=EDGE_LOOP('OSCAD_TOPO/3|loop|l:45d02270ad098512f2a04215dc675043|f631aa2724dcb4fd3f8acde31372e586fcfa964bb406660c1a0a0e8e26d5910f',(#1268,#1269,#1270,#1271));
#1273=ORIENTED_EDGE('',*,*,#1155,.T.);
#1274=ORIENTED_EDGE('',*,*,#1157,.T.);
#1275=ORIENTED_EDGE('',*,*,#1145,.F.);
#1276=ORIENTED_EDGE('',*,*,#1141,.F.);
#1277=EDGE_LOOP('OSCAD_TOPO/3|loop|l:147e5238b08babb1ec661791134e3d71|5681a7d4be1e487b8d564502aad0702f1951d301ea1fbeb6e885d3bbc8ca03af',(#1273,#1274,#1275,#1276));
#1278=ORIENTED_EDGE('',*,*,#1151,.T.);
#1279=ORIENTED_EDGE('',*,*,#1159,.F.);
#1280=ORIENTED_EDGE('',*,*,#1155,.F.);
#1281=ORIENTED_EDGE('',*,*,#1143,.T.);
#1282=EDGE_LOOP('OSCAD_TOPO/3|loop|l:78cfb75e48090b3bd7745e999198e39e|24dbf8129ee2645c8a8b5b1da56dca58e23fb9d800a33f14d7c09ede01aeb02a',(#1278,#1279,#1280,#1281));
#1283=ORIENTED_EDGE('',*,*,#1147,.F.);
#1284=ORIENTED_EDGE('',*,*,#1161,.T.);
#1285=ORIENTED_EDGE('',*,*,#1067,.F.);
#1286=ORIENTED_EDGE('',*,*,#1163,.T.);
#1287=EDGE_LOOP('OSCAD_TOPO/3|loop|l:e528a9dae3a5ee53dbae3662203f8db1|e9bc9c7d72e5f2f68e0e98ecffefaa1d2fb96c9b29697a5013355188da67a829',(#1283,#1284,#1285,#1286));
#1288=ORIENTED_EDGE('',*,*,#1153,.T.);
#1289=ORIENTED_EDGE('',*,*,#1163,.F.);
#1290=ORIENTED_EDGE('',*,*,#1077,.T.);
#1291=ORIENTED_EDGE('',*,*,#1165,.F.);
#1292=EDGE_LOOP('OSCAD_TOPO/3|loop|l:d04e04e10c266b8e437e437ea465f44a|4107c9bcb7af9abe1de06b27e247d9d6d5b1be3699d1a267563804084e7fb236',(#1288,#1289,#1290,#1291));
#1293=ORIENTED_EDGE('',*,*,#1167,.T.);
#1294=ORIENTED_EDGE('',*,*,#1083,.F.);
#1295=ORIENTED_EDGE('',*,*,#1161,.F.);
#1296=ORIENTED_EDGE('',*,*,#1157,.F.);
#1297=EDGE_LOOP('OSCAD_TOPO/3|loop|l:4c11a18cfb47a085a894f7c26e906fa4|ee024cc44eb4ca220292acb6b4e48c106fa085c85b33bb14791f0311d8060b00',(#1293,#1294,#1295,#1296));
#1298=ORIENTED_EDGE('',*,*,#1165,.T.);
#1299=ORIENTED_EDGE('',*,*,#1085,.T.);
#1300=ORIENTED_EDGE('',*,*,#1167,.F.);
#1301=ORIENTED_EDGE('',*,*,#1159,.T.);
#1302=EDGE_LOOP('OSCAD_TOPO/3|loop|l:21147eadb383b9f64cb72989cca61622|9682201a28709084fc5b41b9bec45f09febf70698a923d3e501f6e83177e74ea',(#1298,#1299,#1300,#1301));
#1303=FACE_OUTER_BOUND('',#1172,.T.);
#1304=ADVANCED_FACE('OSCAD_TOPO/3|face|f:99c7f016b6717777338f0aaded7152b6|73a1f8a87f3aaaf5b718c7c2142b726422d9931f51e835cd477c09971034f00c',(#1303),#71,.T.);
#1305=FACE_OUTER_BOUND('',#1177,.T.);
#1306=ADVANCED_FACE('OSCAD_TOPO/3|face|f:961eb27b6f16ae01e062893884262d23|06cf088d6975a9437c708366b1422e217c36e1ebe056d287f35900d3fcb91eb6',(#1305),#76,.T.);
#1307=FACE_OUTER_BOUND('',#1182,.T.);
#1308=ADVANCED_FACE('OSCAD_TOPO/3|face|f:9424c93142d1bdf10d8e12bb6976e94c|e48c50d3bd5318dfcc00fc5eeea809369e12746d483c2dd85fbf375cb10931a6',(#1307),#89,.T.);
#1309=FACE_OUTER_BOUND('',#1187,.T.);
#1310=ADVANCED_FACE('OSCAD_TOPO/3|face|f:850a7e0bd6c17e85bbb76388589cddae|4920ef706cf54135fb791ecf014ee7df490fc3170918b75a0b2a6c49ef944783',(#1309),#102,.T.);
#1311=FACE_OUTER_BOUND('',#1192,.T.);
#1312=ADVANCED_FACE('OSCAD_TOPO/3|face|f:92be9ed1ab7c2c3ef2bfabf3df24f6d4|afb98b491cb784938d2f07d15039fc7f9e23a1b6989e063cceeec11b788652d3',(#1311),#107,.T.);
#1313=FACE_OUTER_BOUND('',#1197,.T.);
#1314=ADVANCED_FACE('OSCAD_TOPO/3|face|f:01910d96f371882c1060d801059a2538|42e6742e93aebad9b31075e6817c908d3e4ec5cf47095b244c8997260f750875',(#1313),#117,.T.);
#1315=FACE_OUTER_BOUND('',#1202,.T.);
#1316=ADVANCED_FACE('OSCAD_TOPO/3|face|f:a38e7ac682f50a98960130d57aef5da3|fd0806700e1b4c54103696bc831f01f2abd64f2ab25eee70a1f1100f14f788ab',(#1315),#76,.T.);
#1317=FACE_OUTER_BOUND('',#1207,.T.);
#1318=ADVANCED_FACE('OSCAD_TOPO/3|face|f:4ab7f10dbe4a81d8408d6d761539d986|47b0c84a4cbeccee5f342307beac7d035de1c75621ae5fbe303083017347e513',(#1317),#124,.T.);
#1319=FACE_OUTER_BOUND('',#1212,.T.);
#1320=ADVANCED_FACE('OSCAD_TOPO/3|face|f:8ce1344e5121ce05577489cdcb83a5b4|90bd9f9a9001cc347883acb264aed784d2c11fe7372f84fa078fdfb234d8e43d',(#1319),#131,.T.);
#1321=FACE_OUTER_BOUND('',#1217,.T.);
#1322=ADVANCED_FACE('OSCAD_TOPO/3|face|f:567631a4936e0a6daf32924818a92115|3ffbe677757b2f35435b50a72af9a608f5d5681b6703de9373c0498671062013',(#1321),#107,.T.);
#1323=FACE_OUTER_BOUND('',#1222,.T.);
#1324=ADVANCED_FACE('OSCAD_TOPO/3|face|f:15ae147aec06e3ba0b2d585e4cff1d4e|7a7ce108eb1a4fe04d4aaa65a3e044aa30e36bcce96eba186b4a048ae790fbc9',(#1323),#150,.T.);
#1325=FACE_OUTER_BOUND('',#1227,.T.);
#1326=ADVANCED_FACE('OSCAD_TOPO/3|face|f:2036a62dfba1786db6f4251da1219154|8942304deefde5d38d6190d37d32ad84f657d2fe6a1ef996747fef1d45da5ea2',(#1325),#76,.T.);
#1327=FACE_OUTER_BOUND('',#1232,.T.);
#1328=ADVANCED_FACE('OSCAD_TOPO/3|face|f:be768c4d205fc663bb499a0ef557cc69|ae10d530a8ed9148e58ad91e69730d166742a56f2db32489b21d2a12a7d95c15',(#1327),#163,.T.);
#1329=FACE_OUTER_BOUND('',#1237,.T.);
#1330=ADVANCED_FACE('OSCAD_TOPO/3|face|f:b18d877ecbdc93379442b791d53b18f1|3476add3106cd039a3181e77d77fcbd016bf8ef0c1cd6173113d2a862dcaf2f0',(#1329),#176,.T.);
#1331=FACE_OUTER_BOUND('',#1242,.T.);
#1332=ADVANCED_FACE('OSCAD_TOPO/3|face|f:085aa57459b3f3d4f15cdc6511b02359|7f264fb419a6ed17372a482322ca0b7e918084e0e185e9ad24848aeee25b523b',(#1331),#107,.T.);
#1333=FACE_OUTER_BOUND('',#1247,.T.);
#1334=ADVANCED_FACE('OSCAD_TOPO/3|face|f:7f8a91aa940a33cfc9ad15b4bd56fdb5|6cd56540e1b28df8337f1d0f3fd9e3d7f2c6c2b8927c05a89f0ac6bfc846ab59',(#1333),#76,.T.);
#1335=FACE_OUTER_BOUND('',#1252,.T.);
#1336=ADVANCED_FACE('OSCAD_TOPO/3|face|f:7c768485d83d02caa1b3ee9ba7bff782|692c340406858f4548d8375deece1540179bd407524bdd9b37a6f8229eb55897',(#1335),#183,.T.);
#1337=FACE_OUTER_BOUND('',#1257,.T.);
#1338=ADVANCED_FACE('OSCAD_TOPO/3|face|f:d03da83b762c9928d87046784567712e|057f06fc3d80b53b8a27df911315c45c8e836d08ce5293aa5a16dc267dfc34a9',(#1337),#190,.T.);
#1339=FACE_OUTER_BOUND('',#1262,.T.);
#1340=ADVANCED_FACE('OSCAD_TOPO/3|face|f:1d0f7c74af959a87d6d889a49d01c468|32bfd7a437ebc0edee89867dd1430a6cfaec8ac171dec46f0802d8816a2eb925',(#1339),#107,.T.);
#1341=FACE_OUTER_BOUND('',#1267,.T.);
#1342=ADVANCED_FACE('OSCAD_TOPO/3|face|f:cb138a37396db742c349944ef84fb905|508ca01936cf6d918cf4b9cc22faedb25c49c3267208433c404a952e63b7b445',(#1341),#76,.T.);
#1343=FACE_OUTER_BOUND('',#1272,.T.);
#1344=ADVANCED_FACE('OSCAD_TOPO/3|face|f:a1cc853b550e5e0277ed8287e2a004bf|90b8e6623964e1f065909aee26fd51414828c99f90fd0eb850fe40015e812ad2',(#1343),#197,.T.);
#1345=FACE_OUTER_BOUND('',#1277,.T.);
#1346=ADVANCED_FACE('OSCAD_TOPO/3|face|f:2b1c78872821577c9392889733074ec1|b0d08c8227e75cead50aad1676b381a2dcb2443718a9264fe0b4d9ce87046a7d',(#1345),#204,.T.);
#1347=FACE_OUTER_BOUND('',#1282,.T.);
#1348=ADVANCED_FACE('OSCAD_TOPO/3|face|f:9f785204facd965bf404adcad564c63c|b8413d52100e6ea3c51a2aa0b6600e314bc8341128485e3809815616a6e64497',(#1347),#107,.T.);
#1349=FACE_OUTER_BOUND('',#1287,.T.);
#1350=ADVANCED_FACE('OSCAD_TOPO/3|face|f:0731a4e32901e0ed5f79b170c1d6492e|a86ea3f25f52d9b90a201ef4c44251d2165a165a078ab388bafd940a78b31d89',(#1349),#76,.T.);
#1351=FACE_OUTER_BOUND('',#1292,.T.);
#1352=ADVANCED_FACE('OSCAD_TOPO/3|face|f:9511fa4c390d1fcc5e23e87facb83155|2ebcda4ba40ed3a96a8873264d70c68f344a05c4dbbba528f8741f2e3251b413',(#1351),#211,.T.);
#1353=FACE_OUTER_BOUND('',#1297,.T.);
#1354=ADVANCED_FACE('OSCAD_TOPO/3|face|f:40e008946d1c05f3e304aac4aa727249|87d8efae255674cb603622173131f6f491924607412bdb7d58eb1dd738948bbf',(#1353),#218,.T.);
#1355=FACE_OUTER_BOUND('',#1302,.T.);
#1356=ADVANCED_FACE('OSCAD_TOPO/3|face|f:4d9cce38af7484909ed78b97f9ef88e5|b8dc01ac245d43902096b5daacb337d83e5ce2babd7ea6403c6c24f37fd155c8',(#1355),#107,.T.);
#1357=CLOSED_SHELL('OSCAD_TOPO/3|shell|s:974aa7e8871a95b4f7b15d36aaa7742d|d6ed5692a8deff23e626c64a294c985327ad5f7af4e0ddbe4244d623ab9ded6a',(#1304,#1306,#1308,#1310,#1312,#1314,#1316,#1318,#1320,#1322,#1324,#1326,#1328,#1330,#1332,#1334,#1336,#1338,#1340,#1342,#1344,#1346,#1348,#1350,#1352,#1354,#1356));
#1358=MANIFOLD_SOLID_BREP('OSCAD_TOPO/3|body|b:cea47b344098566b8c77079c0ca0b00f|b099dfac359d65ec800a3834c8ca2455da985ea5df83b2b94ccadc6cea7d3ea3',#1357);
#1359=(LENGTH_UNIT()NAMED_UNIT(*)SI_UNIT(.MILLI.,.METRE.));
#1360=UNCERTAINTY_MEASURE_WITH_UNIT(LENGTH_MEASURE(9.99999999999999955E-8),#1359,'distance_accuracy_value','');
#1361=(GEOMETRIC_REPRESENTATION_CONTEXT(3)GLOBAL_UNCERTAINTY_ASSIGNED_CONTEXT((#1360))GLOBAL_UNIT_ASSIGNED_CONTEXT((#1359))REPRESENTATION_CONTEXT('','3D'));
#1362=ADVANCED_BREP_SHAPE_REPRESENTATION('',(#1358),#1361);
#1363=APPLICATION_CONTEXT('managed model based 3d engineering');
#1364=PRODUCT_CONTEXT('',#1363,'mechanical');
#1365=PRODUCT('model','model','',(#1364));
#1366=PRODUCT_DEFINITION_FORMATION('1','',#1365);
#1367=PRODUCT_DEFINITION_CONTEXT('part definition',#1363,'design');
#1368=PRODUCT_DEFINITION('design','',#1366,#1367);
#1369=PRODUCT_DEFINITION_SHAPE('','',#1368);
#1370=SHAPE_DEFINITION_REPRESENTATION(#1369,#1362);
ENDSEC;
END-ISO-10303-21;
