ISO-10303-21;
HEADER;
FILE_DESCRIPTION(('OpenSCAD Viewer retained AP242 B-rep'),'2;1');
FILE_NAME('model.step','',(''),(''),'OpenSCAD Viewer','OpenSCAD Viewer','');
FILE_SCHEMA(('AP242_MANAGED_MODEL_BASED_3D_ENGINEERING_MIM_LF'));
ENDSEC;
DATA;
#1=CARTESIAN_POINT('',(5.00000000000000000E-1,0.00000000000000000E0,0.00000000000000000E0));
#2=VERTEX_POINT('OSCAD_TOPO/3|vertex|v:0e6d4a07b0201a33d7c8c088b03fa571|a3b7baffbdd5199fda74c960bfda123f067f8a12a33d99075153c47618fb9e9e',#1);
#3=CARTESIAN_POINT('',(0.00000000000000000E0,5.00000000000000000E-1,0.00000000000000000E0));
#4=VERTEX_POINT('OSCAD_TOPO/3|vertex|v:d2c9d309c8baeb414eb1dbc590614e81|24d4900efc5a829bc2a8e469e883f3b58eb177407e6fcb09040bf44a2621498d',#3);
#5=CARTESIAN_POINT('',(-5.00000000000000000E-1,0.00000000000000000E0,0.00000000000000000E0));
#6=VERTEX_POINT('OSCAD_TOPO/3|vertex|v:f39579044843e9d81d49f18d635d7cb4|499c65313d73e68adacf4e67c9141e3eaeacf5fa102fe1f62efa18964cf095da',#5);
#7=CARTESIAN_POINT('',(0.00000000000000000E0,-5.00000000000000000E-1,0.00000000000000000E0));
#8=VERTEX_POINT('OSCAD_TOPO/3|vertex|v:accf73ee661a5f72096a66e2fe7d7ae1|10a8ef953b178e5b82934ac00c049c2803a5ef1725f6409a743e8c34662fd076',#7);
#9=CARTESIAN_POINT('',(2.00000000000000011E-1,0.00000000000000000E0,0.00000000000000000E0));
#10=VERTEX_POINT('OSCAD_TOPO/3|vertex|v:e020534d0e147521dcdf277f4e2a129c|d5538a0e455040d081ba4d9b067fa74b782fb5a120615d0b02582c144f80e560',#9);
#11=CARTESIAN_POINT('',(0.00000000000000000E0,-2.00000000000000011E-1,0.00000000000000000E0));
#12=VERTEX_POINT('OSCAD_TOPO/3|vertex|v:bb3341f7139f15db4050c6f998f08e0e|d3fb78029f8265cdbb66d1993d810f04e3b7c58598b1de6ee14b94cccd2172ff',#11);
#13=CARTESIAN_POINT('',(-2.00000000000000011E-1,0.00000000000000000E0,0.00000000000000000E0));
#14=VERTEX_POINT('OSCAD_TOPO/3|vertex|v:8b86a10dd555723a673522fb2d43468b|250e72fedc4cb13be31177777d7c0c8ccd5b414a8d115a531ea9541efe5f432b',#13);
#15=CARTESIAN_POINT('',(0.00000000000000000E0,2.00000000000000011E-1,0.00000000000000000E0));
#16=VERTEX_POINT('OSCAD_TOPO/3|vertex|v:c36dfbd38b5102b09f08db0fe8ab74a1|7fd33b393794241877f809361440fadd76fd4127b16652fc066defc6288a5e2a',#15);
#17=CARTESIAN_POINT('',(5.57687734522768319E-1,7.34209831237790100E-2,2.50000000000000000E0));
#18=VERTEX_POINT('OSCAD_TOPO/3|vertex|v:64f6274aa401215696761340992ade69|c9f284c05f4b123e53800357362cc297191ffc431d57d8fa9d113c61a485f395',#17);
#19=CARTESIAN_POINT('',(-7.34209831237790100E-2,5.57687734522768319E-1,2.50000000000000000E0));
#20=VERTEX_POINT('OSCAD_TOPO/3|vertex|v:413c35b853f0efd80cc888bb2b18d358|c01546d3c5a47199e5e6f0eeb58a16995073bb2ecbe5caee5011462e68b20961',#19);
#21=CARTESIAN_POINT('',(-5.57687734522768319E-1,-7.34209831237790100E-2,2.50000000000000000E0));
#22=VERTEX_POINT('OSCAD_TOPO/3|vertex|v:3ae7d4feb77a52e5c786b9c1f41723cf|47a24828740a490a7c57ac2f1e1a8a60ae2a288a596dffb19833f8da121d97d5',#21);
#23=CARTESIAN_POINT('',(7.34209831237790100E-2,-5.57687734522768319E-1,2.50000000000000000E0));
#24=VERTEX_POINT('OSCAD_TOPO/3|vertex|v:900cd36b4fc31f4a903abbe903f45b96|ca3bd753ccf97de5d8679347a62e991b327fc8b8cb221c1c9ed4f04266f180a0',#23);
#25=CARTESIAN_POINT('',(2.23075093809107339E-1,2.93683932495116054E-2,2.50000000000000000E0));
#26=VERTEX_POINT('OSCAD_TOPO/3|vertex|v:c0ab3f92d335baa562e44e36d7c65ae3|e8b7c1c7d6354d873811606960e8e766083076008b97362c2af9e06bb0f84694',#25);
#27=CARTESIAN_POINT('',(2.93683932495116054E-2,-2.23075093809107339E-1,2.50000000000000000E0));
#28=VERTEX_POINT('OSCAD_TOPO/3|vertex|v:ed264ca15164d84920747db1bdc1230e|de2989bf583f0ad8a5b1bf8c42e03de85bfa6027c6d378a7a913cefc939011fe',#27);
#29=CARTESIAN_POINT('',(-2.23075093809107339E-1,-2.93683932495116054E-2,2.50000000000000000E0));
#30=VERTEX_POINT('OSCAD_TOPO/3|vertex|v:91336380f5dd0468da3c20f38174f49d|d0f6afa0ffb2f028982dbc1004aee3dbdf52b465a3e454f6e49bb0e5ac3817f6',#29);
#31=CARTESIAN_POINT('',(-2.93683932495116054E-2,2.23075093809107339E-1,2.50000000000000000E0));
#32=VERTEX_POINT('OSCAD_TOPO/3|vertex|v:d4711d418e2cc87f0dbb53f7806d91d9|c6edaed2e07c509331ddf51640f303ced884bdfa5bf0747c0e51172ab7d95222',#31);
#33=CARTESIAN_POINT('',(6.03703641430667681E-1,1.61761903189075462E-1,5.00000000000000000E0));
#34=VERTEX_POINT('OSCAD_TOPO/3|vertex|v:1b75683b73aae8ec0e5bd3e79f62d44a|480df68d5513514bfc099438e2d553c05ffda5658ad8bc4347e1a44013e5ce42',#33);
#35=CARTESIAN_POINT('',(-1.61761903189075462E-1,6.03703641430667681E-1,5.00000000000000000E0));
#36=VERTEX_POINT('OSCAD_TOPO/3|vertex|v:355a775a49df7c4d7809dec7f5c8e0c4|fe9eb6dccd67fceb91b57a5407eff808a4acb393b05c9a6048c2f2cbb4c81523',#35);
#37=CARTESIAN_POINT('',(-6.03703641430667681E-1,-1.61761903189075462E-1,5.00000000000000000E0));
#38=VERTEX_POINT('OSCAD_TOPO/3|vertex|v:deee3ed34893922d2cfddde9bb99a0c2|c00dc0b0d364f2e352b030a82ba3cf463fa52bed604bbf94c27e0d00ae4fd8ff',#37);
#39=CARTESIAN_POINT('',(1.61761903189075462E-1,-6.03703641430667681E-1,5.00000000000000000E0));
#40=VERTEX_POINT('OSCAD_TOPO/3|vertex|v:b49e56efb364011ed682250f5f1e987d|c329a9329d2174e9562af9ae400b927b4ea09e3df6e75bb8a3dedabb7d7aece5',#39);
#41=CARTESIAN_POINT('',(2.41481456572267106E-1,6.47047612756301849E-2,5.00000000000000000E0));
#42=VERTEX_POINT('OSCAD_TOPO/3|vertex|v:e4b8ba9e50a89d09c43a420f7c017c4c|4011d1840c5ecd1b3914ed9104f5a73c3f518c4a02b4b8b9aed3e3d6c5268c4c',#41);
#43=CARTESIAN_POINT('',(6.47047612756301849E-2,-2.41481456572267106E-1,5.00000000000000000E0));
#44=VERTEX_POINT('OSCAD_TOPO/3|vertex|v:f8f9aaac2118e850889a99a5322710fc|1baf9eaba594776611b5ab4e7611e7ba7873aceb0b1e195e3f56ac475b0cf699',#43);
#45=CARTESIAN_POINT('',(-2.41481456572267106E-1,-6.47047612756301849E-2,5.00000000000000000E0));
#46=VERTEX_POINT('OSCAD_TOPO/3|vertex|v:31db50c6611bf6ea0d358a596058bf6a|549d1535833ee79b0000992105e06fcb4c344e9c280790b35ba9665eebb52fe2',#45);
#47=CARTESIAN_POINT('',(-6.47047612756301849E-2,2.41481456572267106E-1,5.00000000000000000E0));
#48=VERTEX_POINT('OSCAD_TOPO/3|vertex|v:e9cc2e1728a29ac7ba44da00f3fa188c|dc6225469273801ddc1c232e6fa93c3e853c3a576b2c2ba4204987bc6af1c762',#47);
#49=CARTESIAN_POINT('',(6.35167178601509619E-1,2.63094859750999222E-1,7.50000000000000000E0));
#50=VERTEX_POINT('OSCAD_TOPO/3|vertex|v:447221ccb00ab94d9c96b4387ba00045|0bfab870d4bcfb6ca909345535fae8b41dbb0659d2eacf13338efa2a2ee44515',#49);
#51=CARTESIAN_POINT('',(-2.63094859750999222E-1,6.35167178601509619E-1,7.50000000000000000E0));
#52=VERTEX_POINT('OSCAD_TOPO/3|vertex|v:5503be42f3b1b13f3b162dedaabf8a39|a6a1f007e76225450583c481980625e41e8cca7eb108a21262128d20b924fdd4',#51);
#53=CARTESIAN_POINT('',(-6.35167178601509619E-1,-2.63094859750999222E-1,7.50000000000000000E0));
#54=VERTEX_POINT('OSCAD_TOPO/3|vertex|v:3438d6990e2dca0bde99953fbbb7e909|6f440e5b7170e402a65aa89b43095e36a2d8d44878d2f3f142036db88cc12bb9',#53);
#55=CARTESIAN_POINT('',(2.63094859750999222E-1,-6.35167178601509619E-1,7.50000000000000000E0));
#56=VERTEX_POINT('OSCAD_TOPO/3|vertex|v:2bc80deabd951bb76ae1b4389c6e4ff0|bac992215d88d2bdcfe826578d76dfc1bd1d2c2698775c0992282ef8fe318b60',#55);
#57=CARTESIAN_POINT('',(2.54066871440603859E-1,1.05237943900399700E-1,7.50000000000000000E0));
#58=VERTEX_POINT('OSCAD_TOPO/3|vertex|v:459d2c9b0a8d2a2bb102fe2cd3f50646|c9ce138195e299b1a94dfe0e6438063eaee7eee743cc6e845a7d0b5a9cb334c2',#57);
#59=CARTESIAN_POINT('',(1.05237943900399700E-1,-2.54066871440603859E-1,7.50000000000000000E0));
#60=VERTEX_POINT('OSCAD_TOPO/3|vertex|v:b6f3123edf04f672334899e3f4abc06d|b368d60a7e992ae78ec4889ed506b16b3bba91b9b5ab1714d95db3f1f1171b48',#59);
#61=CARTESIAN_POINT('',(-2.54066871440603859E-1,-1.05237943900399700E-1,7.50000000000000000E0));
#62=VERTEX_POINT('OSCAD_TOPO/3|vertex|v:bb7930c78ff9fdd41eb07b27ce11bc60|0d4b135a604845f90e788ae71a11319b129f2af05b7eb577ad4c0d008dd0070b',#61);
#63=CARTESIAN_POINT('',(-1.05237943900399700E-1,2.54066871440603859E-1,7.50000000000000000E0));
#64=VERTEX_POINT('OSCAD_TOPO/3|vertex|v:a177986f1c1424fa9624b575d91d2645|ee6f58d2369052ce816a1227ea229547ee676641ead7cb8e3a3ad15084b184f7',#63);
#65=CARTESIAN_POINT('',(6.49519052838329003E-1,3.74999999999999944E-1,1.00000000000000000E1));
#66=VERTEX_POINT('OSCAD_TOPO/3|vertex|v:6b12e9475c6e411b807248f0e2f47d5c|8a7b63dec9480d398a1f7bbe0c7eb46700f24caef1138db1fbc6e99ce3583bb9',#65);
#67=CARTESIAN_POINT('',(-3.74999999999999944E-1,6.49519052838329003E-1,1.00000000000000000E1));
#68=VERTEX_POINT('OSCAD_TOPO/3|vertex|v:1cb9b9828e8fe111203a9331555f4cf4|38859b24d4b0fced4d72e59b83ba2fcc221f2cbd16979953c97c3148a3c42e29',#67);
#69=CARTESIAN_POINT('',(-6.49519052838329003E-1,-3.74999999999999944E-1,1.00000000000000000E1));
#70=VERTEX_POINT('OSCAD_TOPO/3|vertex|v:8c5b4645a12458e26a27d2ad58e0d506|830f23f4840da2892d90796a4324d0620ee554ed2398406e9706fd3e6bad0b7d',#69);
#71=CARTESIAN_POINT('',(3.74999999999999944E-1,-6.49519052838329003E-1,1.00000000000000000E1));
#72=VERTEX_POINT('OSCAD_TOPO/3|vertex|v:53eb0bcb941bb008836fc00d6d8b8495|1119f9474c64a3710da5594f760303961c0dd3d39350c79b10ca44864c61e966',#71);
#73=CARTESIAN_POINT('',(2.59807621135331623E-1,1.49999999999999994E-1,1.00000000000000000E1));
#74=VERTEX_POINT('OSCAD_TOPO/3|vertex|v:48bdd8bebda1918c29b89c96f8725ef5|7a409db046e45407febfbe05081ed9a98277bf7d64784142c42a413d6b1b6d84',#73);
#75=CARTESIAN_POINT('',(1.49999999999999994E-1,-2.59807621135331623E-1,1.00000000000000000E1));
#76=VERTEX_POINT('OSCAD_TOPO/3|vertex|v:c3ca184a67dd6a6d1bcb3108a3b975e8|4c49f4b49cbb6e42444a0325dc166e18fa03ca202fb6bae2dac89351c38eb76b',#75);
#77=CARTESIAN_POINT('',(-2.59807621135331623E-1,-1.49999999999999994E-1,1.00000000000000000E1));
#78=VERTEX_POINT('OSCAD_TOPO/3|vertex|v:549e9ab1075122ffee0c38a26e4b790b|7e07070a62fb1cec5b35137a51c2ca210721f77096e9ba98734a77637d852d55',#77);
#79=CARTESIAN_POINT('',(-1.49999999999999994E-1,2.59807621135331623E-1,1.00000000000000000E1));
#80=VERTEX_POINT('OSCAD_TOPO/3|vertex|v:6dada66ca2d0563e8b8a4c91ee5099e9|1ccf5352cce7183f0118091827050b5f71ef9f2721bcb6aa9d3a4e33d197e695',#79);
#81=CARTESIAN_POINT('',(5.00000000000000000E-1,0.00000000000000000E0,0.00000000000000000E0));
#82=CARTESIAN_POINT('',(5.57687734522768319E-1,7.34209831237790100E-2,2.50000000000000000E0));
#83=CARTESIAN_POINT('',(5.00000000000000000E-1,5.00000000000000000E-1,0.00000000000000000E0));
#84=CARTESIAN_POINT('',(4.84266751398989337E-1,6.31108717646547412E-1,2.50000000000000000E0));
#85=CARTESIAN_POINT('',(0.00000000000000000E0,5.00000000000000000E-1,0.00000000000000000E0));
#86=CARTESIAN_POINT('',(-7.34209831237790100E-2,5.57687734522768319E-1,2.50000000000000000E0));
#87=(BOUNDED_SURFACE()B_SPLINE_SURFACE(2,1,((#81,#82),(#83,#84),(#85,#86)),.UNSPECIFIED.,.F.,.F.,.F.)B_SPLINE_SURFACE_WITH_KNOTS((3,3),(2,2),(0.00000000000000000E0,1.00000000000000000E0),(0.00000000000000000E0,1.00000000000000000E0),.UNSPECIFIED.)GEOMETRIC_REPRESENTATION_ITEM()RATIONAL_B_SPLINE_SURFACE(((1.00000000000000000E0,1.00000000000000000E0),(7.07106781186547573E-1,7.07106781186547573E-1),(1.00000000000000000E0,1.00000000000000000E0)))REPRESENTATION_ITEM('')SURFACE());
#88=CARTESIAN_POINT('',(0.00000000000000000E0,5.00000000000000000E-1,0.00000000000000000E0));
#89=CARTESIAN_POINT('',(-7.34209831237790100E-2,5.57687734522768319E-1,2.50000000000000000E0));
#90=CARTESIAN_POINT('',(-5.00000000000000000E-1,5.00000000000000000E-1,0.00000000000000000E0));
#91=CARTESIAN_POINT('',(-6.31108717646547412E-1,4.84266751398989337E-1,2.50000000000000000E0));
#92=CARTESIAN_POINT('',(-5.00000000000000000E-1,0.00000000000000000E0,0.00000000000000000E0));
#93=CARTESIAN_POINT('',(-5.57687734522768319E-1,-7.34209831237790100E-2,2.50000000000000000E0));
#94=(BOUNDED_SURFACE()B_SPLINE_SURFACE(2,1,((#88,#89),(#90,#91),(#92,#93)),.UNSPECIFIED.,.F.,.F.,.F.)B_SPLINE_SURFACE_WITH_KNOTS((3,3),(2,2),(0.00000000000000000E0,1.00000000000000000E0),(0.00000000000000000E0,1.00000000000000000E0),.UNSPECIFIED.)GEOMETRIC_REPRESENTATION_ITEM()RATIONAL_B_SPLINE_SURFACE(((1.00000000000000000E0,1.00000000000000000E0),(7.07106781186547573E-1,7.07106781186547573E-1),(1.00000000000000000E0,1.00000000000000000E0)))REPRESENTATION_ITEM('')SURFACE());
#95=CARTESIAN_POINT('',(-5.00000000000000000E-1,0.00000000000000000E0,0.00000000000000000E0));
#96=CARTESIAN_POINT('',(-5.57687734522768319E-1,-7.34209831237790100E-2,2.50000000000000000E0));
#97=CARTESIAN_POINT('',(-5.00000000000000000E-1,-5.00000000000000000E-1,0.00000000000000000E0));
#98=CARTESIAN_POINT('',(-4.84266751398989337E-1,-6.31108717646547412E-1,2.50000000000000000E0));
#99=CARTESIAN_POINT('',(0.00000000000000000E0,-5.00000000000000000E-1,0.00000000000000000E0));
#100=CARTESIAN_POINT('',(7.34209831237790100E-2,-5.57687734522768319E-1,2.50000000000000000E0));
#101=(BOUNDED_SURFACE()B_SPLINE_SURFACE(2,1,((#95,#96),(#97,#98),(#99,#100)),.UNSPECIFIED.,.F.,.F.,.F.)B_SPLINE_SURFACE_WITH_KNOTS((3,3),(2,2),(0.00000000000000000E0,1.00000000000000000E0),(0.00000000000000000E0,1.00000000000000000E0),.UNSPECIFIED.)GEOMETRIC_REPRESENTATION_ITEM()RATIONAL_B_SPLINE_SURFACE(((1.00000000000000000E0,1.00000000000000000E0),(7.07106781186547573E-1,7.07106781186547573E-1),(1.00000000000000000E0,1.00000000000000000E0)))REPRESENTATION_ITEM('')SURFACE());
#102=CARTESIAN_POINT('',(0.00000000000000000E0,-5.00000000000000000E-1,0.00000000000000000E0));
#103=CARTESIAN_POINT('',(7.34209831237790100E-2,-5.57687734522768319E-1,2.50000000000000000E0));
#104=CARTESIAN_POINT('',(5.00000000000000000E-1,-5.00000000000000000E-1,0.00000000000000000E0));
#105=CARTESIAN_POINT('',(6.31108717646547412E-1,-4.84266751398989337E-1,2.50000000000000000E0));
#106=CARTESIAN_POINT('',(5.00000000000000000E-1,0.00000000000000000E0,0.00000000000000000E0));
#107=CARTESIAN_POINT('',(5.57687734522768319E-1,7.34209831237790100E-2,2.50000000000000000E0));
#108=(BOUNDED_SURFACE()B_SPLINE_SURFACE(2,1,((#102,#103),(#104,#105),(#106,#107)),.UNSPECIFIED.,.F.,.F.,.F.)B_SPLINE_SURFACE_WITH_KNOTS((3,3),(2,2),(0.00000000000000000E0,1.00000000000000000E0),(0.00000000000000000E0,1.00000000000000000E0),.UNSPECIFIED.)GEOMETRIC_REPRESENTATION_ITEM()RATIONAL_B_SPLINE_SURFACE(((1.00000000000000000E0,1.00000000000000000E0),(7.07106781186547573E-1,7.07106781186547573E-1),(1.00000000000000000E0,1.00000000000000000E0)))REPRESENTATION_ITEM('')SURFACE());
#109=CARTESIAN_POINT('',(2.00000000000000011E-1,0.00000000000000000E0,0.00000000000000000E0));
#110=CARTESIAN_POINT('',(2.23075093809107339E-1,2.93683932495116054E-2,2.50000000000000000E0));
#111=CARTESIAN_POINT('',(2.00000000000000011E-1,-2.00000000000000011E-1,0.00000000000000000E0));
#112=CARTESIAN_POINT('',(2.52443487058618965E-1,-1.93706700559595713E-1,2.50000000000000000E0));
#113=CARTESIAN_POINT('',(0.00000000000000000E0,-2.00000000000000011E-1,0.00000000000000000E0));
#114=CARTESIAN_POINT('',(2.93683932495116054E-2,-2.23075093809107339E-1,2.50000000000000000E0));
#115=(BOUNDED_SURFACE()B_SPLINE_SURFACE(2,1,((#109,#110),(#111,#112),(#113,#114)),.UNSPECIFIED.,.F.,.F.,.F.)B_SPLINE_SURFACE_WITH_KNOTS((3,3),(2,2),(0.00000000000000000E0,1.00000000000000000E0),(0.00000000000000000E0,1.00000000000000000E0),.UNSPECIFIED.)GEOMETRIC_REPRESENTATION_ITEM()RATIONAL_B_SPLINE_SURFACE(((1.00000000000000000E0,1.00000000000000000E0),(7.07106781186547573E-1,7.07106781186547573E-1),(1.00000000000000000E0,1.00000000000000000E0)))REPRESENTATION_ITEM('')SURFACE());
#116=CARTESIAN_POINT('',(0.00000000000000000E0,-2.00000000000000011E-1,0.00000000000000000E0));
#117=CARTESIAN_POINT('',(2.93683932495116054E-2,-2.23075093809107339E-1,2.50000000000000000E0));
#118=CARTESIAN_POINT('',(-2.00000000000000011E-1,-2.00000000000000011E-1,0.00000000000000000E0));
#119=CARTESIAN_POINT('',(-1.93706700559595713E-1,-2.52443487058618965E-1,2.50000000000000000E0));
#120=CARTESIAN_POINT('',(-2.00000000000000011E-1,0.00000000000000000E0,0.00000000000000000E0));
#121=CARTESIAN_POINT('',(-2.23075093809107339E-1,-2.93683932495116054E-2,2.50000000000000000E0));
#122=(BOUNDED_SURFACE()B_SPLINE_SURFACE(2,1,((#116,#117),(#118,#119),(#120,#121)),.UNSPECIFIED.,.F.,.F.,.F.)B_SPLINE_SURFACE_WITH_KNOTS((3,3),(2,2),(0.00000000000000000E0,1.00000000000000000E0),(0.00000000000000000E0,1.00000000000000000E0),.UNSPECIFIED.)GEOMETRIC_REPRESENTATION_ITEM()RATIONAL_B_SPLINE_SURFACE(((1.00000000000000000E0,1.00000000000000000E0),(7.07106781186547573E-1,7.07106781186547573E-1),(1.00000000000000000E0,1.00000000000000000E0)))REPRESENTATION_ITEM('')SURFACE());
#123=CARTESIAN_POINT('',(-2.00000000000000011E-1,0.00000000000000000E0,0.00000000000000000E0));
#124=CARTESIAN_POINT('',(-2.23075093809107339E-1,-2.93683932495116054E-2,2.50000000000000000E0));
#125=CARTESIAN_POINT('',(-2.00000000000000011E-1,2.00000000000000011E-1,0.00000000000000000E0));
#126=CARTESIAN_POINT('',(-2.52443487058618965E-1,1.93706700559595713E-1,2.50000000000000000E0));
#127=CARTESIAN_POINT('',(0.00000000000000000E0,2.00000000000000011E-1,0.00000000000000000E0));
#128=CARTESIAN_POINT('',(-2.93683932495116054E-2,2.23075093809107339E-1,2.50000000000000000E0));
#129=(BOUNDED_SURFACE()B_SPLINE_SURFACE(2,1,((#123,#124),(#125,#126),(#127,#128)),.UNSPECIFIED.,.F.,.F.,.F.)B_SPLINE_SURFACE_WITH_KNOTS((3,3),(2,2),(0.00000000000000000E0,1.00000000000000000E0),(0.00000000000000000E0,1.00000000000000000E0),.UNSPECIFIED.)GEOMETRIC_REPRESENTATION_ITEM()RATIONAL_B_SPLINE_SURFACE(((1.00000000000000000E0,1.00000000000000000E0),(7.07106781186547573E-1,7.07106781186547573E-1),(1.00000000000000000E0,1.00000000000000000E0)))REPRESENTATION_ITEM('')SURFACE());
#130=CARTESIAN_POINT('',(0.00000000000000000E0,2.00000000000000011E-1,0.00000000000000000E0));
#131=CARTESIAN_POINT('',(-2.93683932495116054E-2,2.23075093809107339E-1,2.50000000000000000E0));
#132=CARTESIAN_POINT('',(2.00000000000000011E-1,2.00000000000000011E-1,0.00000000000000000E0));
#133=CARTESIAN_POINT('',(1.93706700559595713E-1,2.52443487058618965E-1,2.50000000000000000E0));
#134=CARTESIAN_POINT('',(2.00000000000000011E-1,0.00000000000000000E0,0.00000000000000000E0));
#135=CARTESIAN_POINT('',(2.23075093809107339E-1,2.93683932495116054E-2,2.50000000000000000E0));
#136=(BOUNDED_SURFACE()B_SPLINE_SURFACE(2,1,((#130,#131),(#132,#133),(#134,#135)),.UNSPECIFIED.,.F.,.F.,.F.)B_SPLINE_SURFACE_WITH_KNOTS((3,3),(2,2),(0.00000000000000000E0,1.00000000000000000E0),(0.00000000000000000E0,1.00000000000000000E0),.UNSPECIFIED.)GEOMETRIC_REPRESENTATION_ITEM()RATIONAL_B_SPLINE_SURFACE(((1.00000000000000000E0,1.00000000000000000E0),(7.07106781186547573E-1,7.07106781186547573E-1),(1.00000000000000000E0,1.00000000000000000E0)))REPRESENTATION_ITEM('')SURFACE());
#137=CARTESIAN_POINT('',(5.57687734522768319E-1,7.34209831237790100E-2,2.50000000000000000E0));
#138=CARTESIAN_POINT('',(6.03703641430667681E-1,1.61761903189075462E-1,5.00000000000000000E0));
#139=CARTESIAN_POINT('',(4.84266751398989337E-1,6.31108717646547412E-1,2.50000000000000000E0));
#140=CARTESIAN_POINT('',(4.41941738241592219E-1,7.65465544619743143E-1,5.00000000000000000E0));
#141=CARTESIAN_POINT('',(-7.34209831237790100E-2,5.57687734522768319E-1,2.50000000000000000E0));
#142=CARTESIAN_POINT('',(-1.61761903189075462E-1,6.03703641430667681E-1,5.00000000000000000E0));
#143=(BOUNDED_SURFACE()B_SPLINE_SURFACE(2,1,((#137,#138),(#139,#140),(#141,#142)),.UNSPECIFIED.,.F.,.F.,.F.)B_SPLINE_SURFACE_WITH_KNOTS((3,3),(2,2),(0.00000000000000000E0,1.00000000000000000E0),(0.00000000000000000E0,1.00000000000000000E0),.UNSPECIFIED.)GEOMETRIC_REPRESENTATION_ITEM()RATIONAL_B_SPLINE_SURFACE(((1.00000000000000000E0,1.00000000000000000E0),(7.07106781186547573E-1,7.07106781186547573E-1),(1.00000000000000000E0,1.00000000000000000E0)))REPRESENTATION_ITEM('')SURFACE());
#144=CARTESIAN_POINT('',(-7.34209831237790100E-2,5.57687734522768319E-1,2.50000000000000000E0));
#145=CARTESIAN_POINT('',(-1.61761903189075462E-1,6.03703641430667681E-1,5.00000000000000000E0));
#146=CARTESIAN_POINT('',(-6.31108717646547412E-1,4.84266751398989337E-1,2.50000000000000000E0));
#147=CARTESIAN_POINT('',(-7.65465544619743143E-1,4.41941738241592219E-1,5.00000000000000000E0));
#148=CARTESIAN_POINT('',(-5.57687734522768319E-1,-7.34209831237790100E-2,2.50000000000000000E0));
#149=CARTESIAN_POINT('',(-6.03703641430667681E-1,-1.61761903189075462E-1,5.00000000000000000E0));
#150=(BOUNDED_SURFACE()B_SPLINE_SURFACE(2,1,((#144,#145),(#146,#147),(#148,#149)),.UNSPECIFIED.,.F.,.F.,.F.)B_SPLINE_SURFACE_WITH_KNOTS((3,3),(2,2),(0.00000000000000000E0,1.00000000000000000E0),(0.00000000000000000E0,1.00000000000000000E0),.UNSPECIFIED.)GEOMETRIC_REPRESENTATION_ITEM()RATIONAL_B_SPLINE_SURFACE(((1.00000000000000000E0,1.00000000000000000E0),(7.07106781186547573E-1,7.07106781186547573E-1),(1.00000000000000000E0,1.00000000000000000E0)))REPRESENTATION_ITEM('')SURFACE());
#151=CARTESIAN_POINT('',(-5.57687734522768319E-1,-7.34209831237790100E-2,2.50000000000000000E0));
#152=CARTESIAN_POINT('',(-6.03703641430667681E-1,-1.61761903189075462E-1,5.00000000000000000E0));
#153=CARTESIAN_POINT('',(-4.84266751398989337E-1,-6.31108717646547412E-1,2.50000000000000000E0));
#154=CARTESIAN_POINT('',(-4.41941738241592219E-1,-7.65465544619743143E-1,5.00000000000000000E0));
#155=CARTESIAN_POINT('',(7.34209831237790100E-2,-5.57687734522768319E-1,2.50000000000000000E0));
#156=CARTESIAN_POINT('',(1.61761903189075462E-1,-6.03703641430667681E-1,5.00000000000000000E0));
#157=(BOUNDED_SURFACE()B_SPLINE_SURFACE(2,1,((#151,#152),(#153,#154),(#155,#156)),.UNSPECIFIED.,.F.,.F.,.F.)B_SPLINE_SURFACE_WITH_KNOTS((3,3),(2,2),(0.00000000000000000E0,1.00000000000000000E0),(0.00000000000000000E0,1.00000000000000000E0),.UNSPECIFIED.)GEOMETRIC_REPRESENTATION_ITEM()RATIONAL_B_SPLINE_SURFACE(((1.00000000000000000E0,1.00000000000000000E0),(7.07106781186547573E-1,7.07106781186547573E-1),(1.00000000000000000E0,1.00000000000000000E0)))REPRESENTATION_ITEM('')SURFACE());
#158=CARTESIAN_POINT('',(7.34209831237790100E-2,-5.57687734522768319E-1,2.50000000000000000E0));
#159=CARTESIAN_POINT('',(1.61761903189075462E-1,-6.03703641430667681E-1,5.00000000000000000E0));
#160=CARTESIAN_POINT('',(6.31108717646547412E-1,-4.84266751398989337E-1,2.50000000000000000E0));
#161=CARTESIAN_POINT('',(7.65465544619743143E-1,-4.41941738241592219E-1,5.00000000000000000E0));
#162=CARTESIAN_POINT('',(5.57687734522768319E-1,7.34209831237790100E-2,2.50000000000000000E0));
#163=CARTESIAN_POINT('',(6.03703641430667681E-1,1.61761903189075462E-1,5.00000000000000000E0));
#164=(BOUNDED_SURFACE()B_SPLINE_SURFACE(2,1,((#158,#159),(#160,#161),(#162,#163)),.UNSPECIFIED.,.F.,.F.,.F.)B_SPLINE_SURFACE_WITH_KNOTS((3,3),(2,2),(0.00000000000000000E0,1.00000000000000000E0),(0.00000000000000000E0,1.00000000000000000E0),.UNSPECIFIED.)GEOMETRIC_REPRESENTATION_ITEM()RATIONAL_B_SPLINE_SURFACE(((1.00000000000000000E0,1.00000000000000000E0),(7.07106781186547573E-1,7.07106781186547573E-1),(1.00000000000000000E0,1.00000000000000000E0)))REPRESENTATION_ITEM('')SURFACE());
#165=CARTESIAN_POINT('',(2.23075093809107339E-1,2.93683932495116054E-2,2.50000000000000000E0));
#166=CARTESIAN_POINT('',(2.41481456572267106E-1,6.47047612756301849E-2,5.00000000000000000E0));
#167=CARTESIAN_POINT('',(2.52443487058618965E-1,-1.93706700559595713E-1,2.50000000000000000E0));
#168=CARTESIAN_POINT('',(3.06186217847897291E-1,-1.76776695296636921E-1,5.00000000000000000E0));
#169=CARTESIAN_POINT('',(2.93683932495116054E-2,-2.23075093809107339E-1,2.50000000000000000E0));
#170=CARTESIAN_POINT('',(6.47047612756301849E-2,-2.41481456572267106E-1,5.00000000000000000E0));
#171=(BOUNDED_SURFACE()B_SPLINE_SURFACE(2,1,((#165,#166),(#167,#168),(#169,#170)),.UNSPECIFIED.,.F.,.F.,.F.)B_SPLINE_SURFACE_WITH_KNOTS((3,3),(2,2),(0.00000000000000000E0,1.00000000000000000E0),(0.00000000000000000E0,1.00000000000000000E0),.UNSPECIFIED.)GEOMETRIC_REPRESENTATION_ITEM()RATIONAL_B_SPLINE_SURFACE(((1.00000000000000000E0,1.00000000000000000E0),(7.07106781186547573E-1,7.07106781186547573E-1),(1.00000000000000000E0,1.00000000000000000E0)))REPRESENTATION_ITEM('')SURFACE());
#172=CARTESIAN_POINT('',(2.93683932495116054E-2,-2.23075093809107339E-1,2.50000000000000000E0));
#173=CARTESIAN_POINT('',(6.47047612756301849E-2,-2.41481456572267106E-1,5.00000000000000000E0));
#174=CARTESIAN_POINT('',(-1.93706700559595713E-1,-2.52443487058618965E-1,2.50000000000000000E0));
#175=CARTESIAN_POINT('',(-1.76776695296636921E-1,-3.06186217847897291E-1,5.00000000000000000E0));
#176=CARTESIAN_POINT('',(-2.23075093809107339E-1,-2.93683932495116054E-2,2.50000000000000000E0));
#177=CARTESIAN_POINT('',(-2.41481456572267106E-1,-6.47047612756301849E-2,5.00000000000000000E0));
#178=(BOUNDED_SURFACE()B_SPLINE_SURFACE(2,1,((#172,#173),(#174,#175),(#176,#177)),.UNSPECIFIED.,.F.,.F.,.F.)B_SPLINE_SURFACE_WITH_KNOTS((3,3),(2,2),(0.00000000000000000E0,1.00000000000000000E0),(0.00000000000000000E0,1.00000000000000000E0),.UNSPECIFIED.)GEOMETRIC_REPRESENTATION_ITEM()RATIONAL_B_SPLINE_SURFACE(((1.00000000000000000E0,1.00000000000000000E0),(7.07106781186547573E-1,7.07106781186547573E-1),(1.00000000000000000E0,1.00000000000000000E0)))REPRESENTATION_ITEM('')SURFACE());
#179=CARTESIAN_POINT('',(-2.23075093809107339E-1,-2.93683932495116054E-2,2.50000000000000000E0));
#180=CARTESIAN_POINT('',(-2.41481456572267106E-1,-6.47047612756301849E-2,5.00000000000000000E0));
#181=CARTESIAN_POINT('',(-2.52443487058618965E-1,1.93706700559595713E-1,2.50000000000000000E0));
#182=CARTESIAN_POINT('',(-3.06186217847897291E-1,1.76776695296636921E-1,5.00000000000000000E0));
#183=CARTESIAN_POINT('',(-2.93683932495116054E-2,2.23075093809107339E-1,2.50000000000000000E0));
#184=CARTESIAN_POINT('',(-6.47047612756301849E-2,2.41481456572267106E-1,5.00000000000000000E0));
#185=(BOUNDED_SURFACE()B_SPLINE_SURFACE(2,1,((#179,#180),(#181,#182),(#183,#184)),.UNSPECIFIED.,.F.,.F.,.F.)B_SPLINE_SURFACE_WITH_KNOTS((3,3),(2,2),(0.00000000000000000E0,1.00000000000000000E0),(0.00000000000000000E0,1.00000000000000000E0),.UNSPECIFIED.)GEOMETRIC_REPRESENTATION_ITEM()RATIONAL_B_SPLINE_SURFACE(((1.00000000000000000E0,1.00000000000000000E0),(7.07106781186547573E-1,7.07106781186547573E-1),(1.00000000000000000E0,1.00000000000000000E0)))REPRESENTATION_ITEM('')SURFACE());
#186=CARTESIAN_POINT('',(-2.93683932495116054E-2,2.23075093809107339E-1,2.50000000000000000E0));
#187=CARTESIAN_POINT('',(-6.47047612756301849E-2,2.41481456572267106E-1,5.00000000000000000E0));
#188=CARTESIAN_POINT('',(1.93706700559595713E-1,2.52443487058618965E-1,2.50000000000000000E0));
#189=CARTESIAN_POINT('',(1.76776695296636921E-1,3.06186217847897291E-1,5.00000000000000000E0));
#190=CARTESIAN_POINT('',(2.23075093809107339E-1,2.93683932495116054E-2,2.50000000000000000E0));
#191=CARTESIAN_POINT('',(2.41481456572267106E-1,6.47047612756301849E-2,5.00000000000000000E0));
#192=(BOUNDED_SURFACE()B_SPLINE_SURFACE(2,1,((#186,#187),(#188,#189),(#190,#191)),.UNSPECIFIED.,.F.,.F.,.F.)B_SPLINE_SURFACE_WITH_KNOTS((3,3),(2,2),(0.00000000000000000E0,1.00000000000000000E0),(0.00000000000000000E0,1.00000000000000000E0),.UNSPECIFIED.)GEOMETRIC_REPRESENTATION_ITEM()RATIONAL_B_SPLINE_SURFACE(((1.00000000000000000E0,1.00000000000000000E0),(7.07106781186547573E-1,7.07106781186547573E-1),(1.00000000000000000E0,1.00000000000000000E0)))REPRESENTATION_ITEM('')SURFACE());
#193=CARTESIAN_POINT('',(6.03703641430667681E-1,1.61761903189075462E-1,5.00000000000000000E0));
#194=CARTESIAN_POINT('',(6.35167178601509619E-1,2.63094859750999222E-1,7.50000000000000000E0));
#195=CARTESIAN_POINT('',(4.41941738241592219E-1,7.65465544619743143E-1,5.00000000000000000E0));
#196=CARTESIAN_POINT('',(3.72072318850510397E-1,8.98262038352508840E-1,7.50000000000000000E0));
#197=CARTESIAN_POINT('',(-1.61761903189075462E-1,6.03703641430667681E-1,5.00000000000000000E0));
#198=CARTESIAN_POINT('',(-2.63094859750999222E-1,6.35167178601509619E-1,7.50000000000000000E0));
#199=(BOUNDED_SURFACE()B_SPLINE_SURFACE(2,1,((#193,#194),(#195,#196),(#197,#198)),.UNSPECIFIED.,.F.,.F.,.F.)B_SPLINE_SURFACE_WITH_KNOTS((3,3),(2,2),(0.00000000000000000E0,1.00000000000000000E0),(0.00000000000000000E0,1.00000000000000000E0),.UNSPECIFIED.)GEOMETRIC_REPRESENTATION_ITEM()RATIONAL_B_SPLINE_SURFACE(((1.00000000000000000E0,1.00000000000000000E0),(7.07106781186547573E-1,7.07106781186547573E-1),(1.00000000000000000E0,1.00000000000000000E0)))REPRESENTATION_ITEM('')SURFACE());
#200=CARTESIAN_POINT('',(-1.61761903189075462E-1,6.03703641430667681E-1,5.00000000000000000E0));
#201=CARTESIAN_POINT('',(-2.63094859750999222E-1,6.35167178601509619E-1,7.50000000000000000E0));
#202=CARTESIAN_POINT('',(-7.65465544619743143E-1,4.41941738241592219E-1,5.00000000000000000E0));
#203=CARTESIAN_POINT('',(-8.98262038352508840E-1,3.72072318850510397E-1,7.50000000000000000E0));
#204=CARTESIAN_POINT('',(-6.03703641430667681E-1,-1.61761903189075462E-1,5.00000000000000000E0));
#205=CARTESIAN_POINT('',(-6.35167178601509619E-1,-2.63094859750999222E-1,7.50000000000000000E0));
#206=(BOUNDED_SURFACE()B_SPLINE_SURFACE(2,1,((#200,#201),(#202,#203),(#204,#205)),.UNSPECIFIED.,.F.,.F.,.F.)B_SPLINE_SURFACE_WITH_KNOTS((3,3),(2,2),(0.00000000000000000E0,1.00000000000000000E0),(0.00000000000000000E0,1.00000000000000000E0),.UNSPECIFIED.)GEOMETRIC_REPRESENTATION_ITEM()RATIONAL_B_SPLINE_SURFACE(((1.00000000000000000E0,1.00000000000000000E0),(7.07106781186547573E-1,7.07106781186547573E-1),(1.00000000000000000E0,1.00000000000000000E0)))REPRESENTATION_ITEM('')SURFACE());
#207=CARTESIAN_POINT('',(-6.03703641430667681E-1,-1.61761903189075462E-1,5.00000000000000000E0));
#208=CARTESIAN_POINT('',(-6.35167178601509619E-1,-2.63094859750999222E-1,7.50000000000000000E0));
#209=CARTESIAN_POINT('',(-4.41941738241592219E-1,-7.65465544619743143E-1,5.00000000000000000E0));
#210=CARTESIAN_POINT('',(-3.72072318850510397E-1,-8.98262038352508840E-1,7.50000000000000000E0));
#211=CARTESIAN_POINT('',(1.61761903189075462E-1,-6.03703641430667681E-1,5.00000000000000000E0));
#212=CARTESIAN_POINT('',(2.63094859750999222E-1,-6.35167178601509619E-1,7.50000000000000000E0));
#213=(BOUNDED_SURFACE()B_SPLINE_SURFACE(2,1,((#207,#208),(#209,#210),(#211,#212)),.UNSPECIFIED.,.F.,.F.,.F.)B_SPLINE_SURFACE_WITH_KNOTS((3,3),(2,2),(0.00000000000000000E0,1.00000000000000000E0),(0.00000000000000000E0,1.00000000000000000E0),.UNSPECIFIED.)GEOMETRIC_REPRESENTATION_ITEM()RATIONAL_B_SPLINE_SURFACE(((1.00000000000000000E0,1.00000000000000000E0),(7.07106781186547573E-1,7.07106781186547573E-1),(1.00000000000000000E0,1.00000000000000000E0)))REPRESENTATION_ITEM('')SURFACE());
#214=CARTESIAN_POINT('',(1.61761903189075462E-1,-6.03703641430667681E-1,5.00000000000000000E0));
#215=CARTESIAN_POINT('',(2.63094859750999222E-1,-6.35167178601509619E-1,7.50000000000000000E0));
#216=CARTESIAN_POINT('',(7.65465544619743143E-1,-4.41941738241592219E-1,5.00000000000000000E0));
#217=CARTESIAN_POINT('',(8.98262038352508840E-1,-3.72072318850510397E-1,7.50000000000000000E0));
#218=CARTESIAN_POINT('',(6.03703641430667681E-1,1.61761903189075462E-1,5.00000000000000000E0));
#219=CARTESIAN_POINT('',(6.35167178601509619E-1,2.63094859750999222E-1,7.50000000000000000E0));
#220=(BOUNDED_SURFACE()B_SPLINE_SURFACE(2,1,((#214,#215),(#216,#217),(#218,#219)),.UNSPECIFIED.,.F.,.F.,.F.)B_SPLINE_SURFACE_WITH_KNOTS((3,3),(2,2),(0.00000000000000000E0,1.00000000000000000E0),(0.00000000000000000E0,1.00000000000000000E0),.UNSPECIFIED.)GEOMETRIC_REPRESENTATION_ITEM()RATIONAL_B_SPLINE_SURFACE(((1.00000000000000000E0,1.00000000000000000E0),(7.07106781186547573E-1,7.07106781186547573E-1),(1.00000000000000000E0,1.00000000000000000E0)))REPRESENTATION_ITEM('')SURFACE());
#221=CARTESIAN_POINT('',(2.41481456572267106E-1,6.47047612756301849E-2,5.00000000000000000E0));
#222=CARTESIAN_POINT('',(2.54066871440603859E-1,1.05237943900399700E-1,7.50000000000000000E0));
#223=CARTESIAN_POINT('',(3.06186217847897291E-1,-1.76776695296636921E-1,5.00000000000000000E0));
#224=CARTESIAN_POINT('',(3.59304815341003558E-1,-1.48828927540204187E-1,7.50000000000000000E0));
#225=CARTESIAN_POINT('',(6.47047612756301849E-2,-2.41481456572267106E-1,5.00000000000000000E0));
#226=CARTESIAN_POINT('',(1.05237943900399700E-1,-2.54066871440603859E-1,7.50000000000000000E0));
#227=(BOUNDED_SURFACE()B_SPLINE_SURFACE(2,1,((#221,#222),(#223,#224),(#225,#226)),.UNSPECIFIED.,.F.,.F.,.F.)B_SPLINE_SURFACE_WITH_KNOTS((3,3),(2,2),(0.00000000000000000E0,1.00000000000000000E0),(0.00000000000000000E0,1.00000000000000000E0),.UNSPECIFIED.)GEOMETRIC_REPRESENTATION_ITEM()RATIONAL_B_SPLINE_SURFACE(((1.00000000000000000E0,1.00000000000000000E0),(7.07106781186547573E-1,7.07106781186547573E-1),(1.00000000000000000E0,1.00000000000000000E0)))REPRESENTATION_ITEM('')SURFACE());
#228=CARTESIAN_POINT('',(6.47047612756301849E-2,-2.41481456572267106E-1,5.00000000000000000E0));
#229=CARTESIAN_POINT('',(1.05237943900399700E-1,-2.54066871440603859E-1,7.50000000000000000E0));
#230=CARTESIAN_POINT('',(-1.76776695296636921E-1,-3.06186217847897291E-1,5.00000000000000000E0));
#231=CARTESIAN_POINT('',(-1.48828927540204187E-1,-3.59304815341003558E-1,7.50000000000000000E0));
#232=CARTESIAN_POINT('',(-2.41481456572267106E-1,-6.47047612756301849E-2,5.00000000000000000E0));
#233=CARTESIAN_POINT('',(-2.54066871440603859E-1,-1.05237943900399700E-1,7.50000000000000000E0));
#234=(BOUNDED_SURFACE()B_SPLINE_SURFACE(2,1,((#228,#229),(#230,#231),(#232,#233)),.UNSPECIFIED.,.F.,.F.,.F.)B_SPLINE_SURFACE_WITH_KNOTS((3,3),(2,2),(0.00000000000000000E0,1.00000000000000000E0),(0.00000000000000000E0,1.00000000000000000E0),.UNSPECIFIED.)GEOMETRIC_REPRESENTATION_ITEM()RATIONAL_B_SPLINE_SURFACE(((1.00000000000000000E0,1.00000000000000000E0),(7.07106781186547573E-1,7.07106781186547573E-1),(1.00000000000000000E0,1.00000000000000000E0)))REPRESENTATION_ITEM('')SURFACE());
#235=CARTESIAN_POINT('',(-2.41481456572267106E-1,-6.47047612756301849E-2,5.00000000000000000E0));
#236=CARTESIAN_POINT('',(-2.54066871440603859E-1,-1.05237943900399700E-1,7.50000000000000000E0));
#237=CARTESIAN_POINT('',(-3.06186217847897291E-1,1.76776695296636921E-1,5.00000000000000000E0));
#238=CARTESIAN_POINT('',(-3.59304815341003558E-1,1.48828927540204187E-1,7.50000000000000000E0));
#239=CARTESIAN_POINT('',(-6.47047612756301849E-2,2.41481456572267106E-1,5.00000000000000000E0));
#240=CARTESIAN_POINT('',(-1.05237943900399700E-1,2.54066871440603859E-1,7.50000000000000000E0));
#241=(BOUNDED_SURFACE()B_SPLINE_SURFACE(2,1,((#235,#236),(#237,#238),(#239,#240)),.UNSPECIFIED.,.F.,.F.,.F.)B_SPLINE_SURFACE_WITH_KNOTS((3,3),(2,2),(0.00000000000000000E0,1.00000000000000000E0),(0.00000000000000000E0,1.00000000000000000E0),.UNSPECIFIED.)GEOMETRIC_REPRESENTATION_ITEM()RATIONAL_B_SPLINE_SURFACE(((1.00000000000000000E0,1.00000000000000000E0),(7.07106781186547573E-1,7.07106781186547573E-1),(1.00000000000000000E0,1.00000000000000000E0)))REPRESENTATION_ITEM('')SURFACE());
#242=CARTESIAN_POINT('',(-6.47047612756301849E-2,2.41481456572267106E-1,5.00000000000000000E0));
#243=CARTESIAN_POINT('',(-1.05237943900399700E-1,2.54066871440603859E-1,7.50000000000000000E0));
#244=CARTESIAN_POINT('',(1.76776695296636921E-1,3.06186217847897291E-1,5.00000000000000000E0));
#245=CARTESIAN_POINT('',(1.48828927540204187E-1,3.59304815341003558E-1,7.50000000000000000E0));
#246=CARTESIAN_POINT('',(2.41481456572267106E-1,6.47047612756301849E-2,5.00000000000000000E0));
#247=CARTESIAN_POINT('',(2.54066871440603859E-1,1.05237943900399700E-1,7.50000000000000000E0));
#248=(BOUNDED_SURFACE()B_SPLINE_SURFACE(2,1,((#242,#243),(#244,#245),(#246,#247)),.UNSPECIFIED.,.F.,.F.,.F.)B_SPLINE_SURFACE_WITH_KNOTS((3,3),(2,2),(0.00000000000000000E0,1.00000000000000000E0),(0.00000000000000000E0,1.00000000000000000E0),.UNSPECIFIED.)GEOMETRIC_REPRESENTATION_ITEM()RATIONAL_B_SPLINE_SURFACE(((1.00000000000000000E0,1.00000000000000000E0),(7.07106781186547573E-1,7.07106781186547573E-1),(1.00000000000000000E0,1.00000000000000000E0)))REPRESENTATION_ITEM('')SURFACE());
#249=CARTESIAN_POINT('',(6.35167178601509619E-1,2.63094859750999222E-1,7.50000000000000000E0));
#250=CARTESIAN_POINT('',(6.49519052838329003E-1,3.74999999999999944E-1,1.00000000000000000E1));
#251=CARTESIAN_POINT('',(3.72072318850510397E-1,8.98262038352508840E-1,7.50000000000000000E0));
#252=CARTESIAN_POINT('',(2.74519052838329058E-1,1.02451905283832900E0,1.00000000000000000E1));
#253=CARTESIAN_POINT('',(-2.63094859750999222E-1,6.35167178601509619E-1,7.50000000000000000E0));
#254=CARTESIAN_POINT('',(-3.74999999999999944E-1,6.49519052838329003E-1,1.00000000000000000E1));
#255=(BOUNDED_SURFACE()B_SPLINE_SURFACE(2,1,((#249,#250),(#251,#252),(#253,#254)),.UNSPECIFIED.,.F.,.F.,.F.)B_SPLINE_SURFACE_WITH_KNOTS((3,3),(2,2),(0.00000000000000000E0,1.00000000000000000E0),(0.00000000000000000E0,1.00000000000000000E0),.UNSPECIFIED.)GEOMETRIC_REPRESENTATION_ITEM()RATIONAL_B_SPLINE_SURFACE(((1.00000000000000000E0,1.00000000000000000E0),(7.07106781186547573E-1,7.07106781186547573E-1),(1.00000000000000000E0,1.00000000000000000E0)))REPRESENTATION_ITEM('')SURFACE());
#256=CARTESIAN_POINT('',(-2.63094859750999222E-1,6.35167178601509619E-1,7.50000000000000000E0));
#257=CARTESIAN_POINT('',(-3.74999999999999944E-1,6.49519052838329003E-1,1.00000000000000000E1));
#258=CARTESIAN_POINT('',(-8.98262038352508840E-1,3.72072318850510397E-1,7.50000000000000000E0));
#259=CARTESIAN_POINT('',(-1.02451905283832900E0,2.74519052838329058E-1,1.00000000000000000E1));
#260=CARTESIAN_POINT('',(-6.35167178601509619E-1,-2.63094859750999222E-1,7.50000000000000000E0));
#261=CARTESIAN_POINT('',(-6.49519052838329003E-1,-3.74999999999999944E-1,1.00000000000000000E1));
#262=(BOUNDED_SURFACE()B_SPLINE_SURFACE(2,1,((#256,#257),(#258,#259),(#260,#261)),.UNSPECIFIED.,.F.,.F.,.F.)B_SPLINE_SURFACE_WITH_KNOTS((3,3),(2,2),(0.00000000000000000E0,1.00000000000000000E0),(0.00000000000000000E0,1.00000000000000000E0),.UNSPECIFIED.)GEOMETRIC_REPRESENTATION_ITEM()RATIONAL_B_SPLINE_SURFACE(((1.00000000000000000E0,1.00000000000000000E0),(7.07106781186547573E-1,7.07106781186547573E-1),(1.00000000000000000E0,1.00000000000000000E0)))REPRESENTATION_ITEM('')SURFACE());
#263=CARTESIAN_POINT('',(-6.35167178601509619E-1,-2.63094859750999222E-1,7.50000000000000000E0));
#264=CARTESIAN_POINT('',(-6.49519052838329003E-1,-3.74999999999999944E-1,1.00000000000000000E1));
#265=CARTESIAN_POINT('',(-3.72072318850510397E-1,-8.98262038352508840E-1,7.50000000000000000E0));
#266=CARTESIAN_POINT('',(-2.74519052838329058E-1,-1.02451905283832900E0,1.00000000000000000E1));
#267=CARTESIAN_POINT('',(2.63094859750999222E-1,-6.35167178601509619E-1,7.50000000000000000E0));
#268=CARTESIAN_POINT('',(3.74999999999999944E-1,-6.49519052838329003E-1,1.00000000000000000E1));
#269=(BOUNDED_SURFACE()B_SPLINE_SURFACE(2,1,((#263,#264),(#265,#266),(#267,#268)),.UNSPECIFIED.,.F.,.F.,.F.)B_SPLINE_SURFACE_WITH_KNOTS((3,3),(2,2),(0.00000000000000000E0,1.00000000000000000E0),(0.00000000000000000E0,1.00000000000000000E0),.UNSPECIFIED.)GEOMETRIC_REPRESENTATION_ITEM()RATIONAL_B_SPLINE_SURFACE(((1.00000000000000000E0,1.00000000000000000E0),(7.07106781186547573E-1,7.07106781186547573E-1),(1.00000000000000000E0,1.00000000000000000E0)))REPRESENTATION_ITEM('')SURFACE());
#270=CARTESIAN_POINT('',(2.63094859750999222E-1,-6.35167178601509619E-1,7.50000000000000000E0));
#271=CARTESIAN_POINT('',(3.74999999999999944E-1,-6.49519052838329003E-1,1.00000000000000000E1));
#272=CARTESIAN_POINT('',(8.98262038352508840E-1,-3.72072318850510397E-1,7.50000000000000000E0));
#273=CARTESIAN_POINT('',(1.02451905283832900E0,-2.74519052838329058E-1,1.00000000000000000E1));
#274=CARTESIAN_POINT('',(6.35167178601509619E-1,2.63094859750999222E-1,7.50000000000000000E0));
#275=CARTESIAN_POINT('',(6.49519052838329003E-1,3.74999999999999944E-1,1.00000000000000000E1));
#276=(BOUNDED_SURFACE()B_SPLINE_SURFACE(2,1,((#270,#271),(#272,#273),(#274,#275)),.UNSPECIFIED.,.F.,.F.,.F.)B_SPLINE_SURFACE_WITH_KNOTS((3,3),(2,2),(0.00000000000000000E0,1.00000000000000000E0),(0.00000000000000000E0,1.00000000000000000E0),.UNSPECIFIED.)GEOMETRIC_REPRESENTATION_ITEM()RATIONAL_B_SPLINE_SURFACE(((1.00000000000000000E0,1.00000000000000000E0),(7.07106781186547573E-1,7.07106781186547573E-1),(1.00000000000000000E0,1.00000000000000000E0)))REPRESENTATION_ITEM('')SURFACE());
#277=CARTESIAN_POINT('',(2.54066871440603859E-1,1.05237943900399700E-1,7.50000000000000000E0));
#278=CARTESIAN_POINT('',(2.59807621135331623E-1,1.49999999999999994E-1,1.00000000000000000E1));
#279=CARTESIAN_POINT('',(3.59304815341003558E-1,-1.48828927540204187E-1,7.50000000000000000E0));
#280=CARTESIAN_POINT('',(4.09807621135331646E-1,-1.09807621135331657E-1,1.00000000000000000E1));
#281=CARTESIAN_POINT('',(1.05237943900399700E-1,-2.54066871440603859E-1,7.50000000000000000E0));
#282=CARTESIAN_POINT('',(1.49999999999999994E-1,-2.59807621135331623E-1,1.00000000000000000E1));
#283=(BOUNDED_SURFACE()B_SPLINE_SURFACE(2,1,((#277,#278),(#279,#280),(#281,#282)),.UNSPECIFIED.,.F.,.F.,.F.)B_SPLINE_SURFACE_WITH_KNOTS((3,3),(2,2),(0.00000000000000000E0,1.00000000000000000E0),(0.00000000000000000E0,1.00000000000000000E0),.UNSPECIFIED.)GEOMETRIC_REPRESENTATION_ITEM()RATIONAL_B_SPLINE_SURFACE(((1.00000000000000000E0,1.00000000000000000E0),(7.07106781186547573E-1,7.07106781186547573E-1),(1.00000000000000000E0,1.00000000000000000E0)))REPRESENTATION_ITEM('')SURFACE());
#284=CARTESIAN_POINT('',(1.05237943900399700E-1,-2.54066871440603859E-1,7.50000000000000000E0));
#285=CARTESIAN_POINT('',(1.49999999999999994E-1,-2.59807621135331623E-1,1.00000000000000000E1));
#286=CARTESIAN_POINT('',(-1.48828927540204187E-1,-3.59304815341003558E-1,7.50000000000000000E0));
#287=CARTESIAN_POINT('',(-1.09807621135331657E-1,-4.09807621135331646E-1,1.00000000000000000E1));
#288=CARTESIAN_POINT('',(-2.54066871440603859E-1,-1.05237943900399700E-1,7.50000000000000000E0));
#289=CARTESIAN_POINT('',(-2.59807621135331623E-1,-1.49999999999999994E-1,1.00000000000000000E1));
#290=(BOUNDED_SURFACE()B_SPLINE_SURFACE(2,1,((#284,#285),(#286,#287),(#288,#289)),.UNSPECIFIED.,.F.,.F.,.F.)B_SPLINE_SURFACE_WITH_KNOTS((3,3),(2,2),(0.00000000000000000E0,1.00000000000000000E0),(0.00000000000000000E0,1.00000000000000000E0),.UNSPECIFIED.)GEOMETRIC_REPRESENTATION_ITEM()RATIONAL_B_SPLINE_SURFACE(((1.00000000000000000E0,1.00000000000000000E0),(7.07106781186547573E-1,7.07106781186547573E-1),(1.00000000000000000E0,1.00000000000000000E0)))REPRESENTATION_ITEM('')SURFACE());
#291=CARTESIAN_POINT('',(-2.54066871440603859E-1,-1.05237943900399700E-1,7.50000000000000000E0));
#292=CARTESIAN_POINT('',(-2.59807621135331623E-1,-1.49999999999999994E-1,1.00000000000000000E1));
#293=CARTESIAN_POINT('',(-3.59304815341003558E-1,1.48828927540204187E-1,7.50000000000000000E0));
#294=CARTESIAN_POINT('',(-4.09807621135331646E-1,1.09807621135331657E-1,1.00000000000000000E1));
#295=CARTESIAN_POINT('',(-1.05237943900399700E-1,2.54066871440603859E-1,7.50000000000000000E0));
#296=CARTESIAN_POINT('',(-1.49999999999999994E-1,2.59807621135331623E-1,1.00000000000000000E1));
#297=(BOUNDED_SURFACE()B_SPLINE_SURFACE(2,1,((#291,#292),(#293,#294),(#295,#296)),.UNSPECIFIED.,.F.,.F.,.F.)B_SPLINE_SURFACE_WITH_KNOTS((3,3),(2,2),(0.00000000000000000E0,1.00000000000000000E0),(0.00000000000000000E0,1.00000000000000000E0),.UNSPECIFIED.)GEOMETRIC_REPRESENTATION_ITEM()RATIONAL_B_SPLINE_SURFACE(((1.00000000000000000E0,1.00000000000000000E0),(7.07106781186547573E-1,7.07106781186547573E-1),(1.00000000000000000E0,1.00000000000000000E0)))REPRESENTATION_ITEM('')SURFACE());
#298=CARTESIAN_POINT('',(-1.05237943900399700E-1,2.54066871440603859E-1,7.50000000000000000E0));
#299=CARTESIAN_POINT('',(-1.49999999999999994E-1,2.59807621135331623E-1,1.00000000000000000E1));
#300=CARTESIAN_POINT('',(1.48828927540204187E-1,3.59304815341003558E-1,7.50000000000000000E0));
#301=CARTESIAN_POINT('',(1.09807621135331657E-1,4.09807621135331646E-1,1.00000000000000000E1));
#302=CARTESIAN_POINT('',(2.54066871440603859E-1,1.05237943900399700E-1,7.50000000000000000E0));
#303=CARTESIAN_POINT('',(2.59807621135331623E-1,1.49999999999999994E-1,1.00000000000000000E1));
#304=(BOUNDED_SURFACE()B_SPLINE_SURFACE(2,1,((#298,#299),(#300,#301),(#302,#303)),.UNSPECIFIED.,.F.,.F.,.F.)B_SPLINE_SURFACE_WITH_KNOTS((3,3),(2,2),(0.00000000000000000E0,1.00000000000000000E0),(0.00000000000000000E0,1.00000000000000000E0),.UNSPECIFIED.)GEOMETRIC_REPRESENTATION_ITEM()RATIONAL_B_SPLINE_SURFACE(((1.00000000000000000E0,1.00000000000000000E0),(7.07106781186547573E-1,7.07106781186547573E-1),(1.00000000000000000E0,1.00000000000000000E0)))REPRESENTATION_ITEM('')SURFACE());
#305=CARTESIAN_POINT('',(5.00000000000000000E-1,-5.00000000000000000E-1,0.00000000000000000E0));
#306=CARTESIAN_POINT('',(5.00000000000000000E-1,5.00000000000000000E-1,0.00000000000000000E0));
#307=CARTESIAN_POINT('',(-5.00000000000000000E-1,-5.00000000000000000E-1,0.00000000000000000E0));
#308=CARTESIAN_POINT('',(-5.00000000000000000E-1,5.00000000000000000E-1,0.00000000000000000E0));
#309=B_SPLINE_SURFACE_WITH_KNOTS('',1,1,((#305,#306),(#307,#308)),.UNSPECIFIED.,.F.,.F.,.F.,(2,2),(2,2),(-5.00000000000000000E-1,5.00000000000000000E-1),(-5.00000000000000000E-1,5.00000000000000000E-1),.UNSPECIFIED.);
#310=CARTESIAN_POINT('',(-1.02451905283832900E0,-1.02451905283832900E0,1.00000000000000000E1));
#311=CARTESIAN_POINT('',(-1.02451905283832900E0,1.02451905283832900E0,1.00000000000000000E1));
#312=CARTESIAN_POINT('',(1.02451905283832900E0,-1.02451905283832900E0,1.00000000000000000E1));
#313=CARTESIAN_POINT('',(1.02451905283832900E0,1.02451905283832900E0,1.00000000000000000E1));
#314=B_SPLINE_SURFACE_WITH_KNOTS('',1,1,((#310,#311),(#312,#313)),.UNSPECIFIED.,.F.,.F.,.F.,(2,2),(2,2),(-1.02451905283832900E0,1.02451905283832900E0),(-1.02451905283832900E0,1.02451905283832900E0),.UNSPECIFIED.);
#315=CARTESIAN_POINT('',(5.00000000000000000E-1,0.00000000000000000E0,0.00000000000000000E0));
#316=CARTESIAN_POINT('',(5.00000000000000000E-1,5.00000000000000000E-1,0.00000000000000000E0));
#317=CARTESIAN_POINT('',(0.00000000000000000E0,5.00000000000000000E-1,0.00000000000000000E0));
#318=(BOUNDED_CURVE()B_SPLINE_CURVE(2,(#315,#316,#317),.UNSPECIFIED.,.F.,.F.)B_SPLINE_CURVE_WITH_KNOTS((3,3),(0.00000000000000000E0,1.00000000000000000E0),.UNSPECIFIED.)CURVE()GEOMETRIC_REPRESENTATION_ITEM()RATIONAL_B_SPLINE_CURVE((1.00000000000000000E0,7.07106781186547573E-1,1.00000000000000000E0))REPRESENTATION_ITEM(''));
#319=CARTESIAN_POINT('',(0.00000000000000000E0,5.00000000000000000E-1,0.00000000000000000E0));
#320=CARTESIAN_POINT('',(-7.34209831237790100E-2,5.57687734522768319E-1,2.50000000000000000E0));
#321=B_SPLINE_CURVE_WITH_KNOTS('',1,(#319,#320),.UNSPECIFIED.,.F.,.F.,(2,2),(0.00000000000000000E0,1.00000000000000000E0),.UNSPECIFIED.);
#322=CARTESIAN_POINT('',(5.57687734522768319E-1,7.34209831237790100E-2,2.50000000000000000E0));
#323=CARTESIAN_POINT('',(4.84266751398989337E-1,6.31108717646547412E-1,2.50000000000000000E0));
#324=CARTESIAN_POINT('',(-7.34209831237790100E-2,5.57687734522768319E-1,2.50000000000000000E0));
#325=(BOUNDED_CURVE()B_SPLINE_CURVE(2,(#322,#323,#324),.UNSPECIFIED.,.F.,.F.)B_SPLINE_CURVE_WITH_KNOTS((3,3),(0.00000000000000000E0,1.00000000000000000E0),.UNSPECIFIED.)CURVE()GEOMETRIC_REPRESENTATION_ITEM()RATIONAL_B_SPLINE_CURVE((1.00000000000000000E0,7.07106781186547573E-1,1.00000000000000000E0))REPRESENTATION_ITEM(''));
#326=CARTESIAN_POINT('',(5.00000000000000000E-1,0.00000000000000000E0,0.00000000000000000E0));
#327=CARTESIAN_POINT('',(5.57687734522768319E-1,7.34209831237790100E-2,2.50000000000000000E0));
#328=B_SPLINE_CURVE_WITH_KNOTS('',1,(#326,#327),.UNSPECIFIED.,.F.,.F.,(2,2),(0.00000000000000000E0,1.00000000000000000E0),.UNSPECIFIED.);
#329=CARTESIAN_POINT('',(0.00000000000000000E0,5.00000000000000000E-1,0.00000000000000000E0));
#330=CARTESIAN_POINT('',(-5.00000000000000000E-1,5.00000000000000000E-1,0.00000000000000000E0));
#331=CARTESIAN_POINT('',(-5.00000000000000000E-1,0.00000000000000000E0,0.00000000000000000E0));
#332=(BOUNDED_CURVE()B_SPLINE_CURVE(2,(#329,#330,#331),.UNSPECIFIED.,.F.,.F.)B_SPLINE_CURVE_WITH_KNOTS((3,3),(0.00000000000000000E0,1.00000000000000000E0),.UNSPECIFIED.)CURVE()GEOMETRIC_REPRESENTATION_ITEM()RATIONAL_B_SPLINE_CURVE((1.00000000000000000E0,7.07106781186547573E-1,1.00000000000000000E0))REPRESENTATION_ITEM(''));
#333=CARTESIAN_POINT('',(-5.00000000000000000E-1,0.00000000000000000E0,0.00000000000000000E0));
#334=CARTESIAN_POINT('',(-5.57687734522768319E-1,-7.34209831237790100E-2,2.50000000000000000E0));
#335=B_SPLINE_CURVE_WITH_KNOTS('',1,(#333,#334),.UNSPECIFIED.,.F.,.F.,(2,2),(0.00000000000000000E0,1.00000000000000000E0),.UNSPECIFIED.);
#336=CARTESIAN_POINT('',(-7.34209831237790100E-2,5.57687734522768319E-1,2.50000000000000000E0));
#337=CARTESIAN_POINT('',(-6.31108717646547412E-1,4.84266751398989337E-1,2.50000000000000000E0));
#338=CARTESIAN_POINT('',(-5.57687734522768319E-1,-7.34209831237790100E-2,2.50000000000000000E0));
#339=(BOUNDED_CURVE()B_SPLINE_CURVE(2,(#336,#337,#338),.UNSPECIFIED.,.F.,.F.)B_SPLINE_CURVE_WITH_KNOTS((3,3),(0.00000000000000000E0,1.00000000000000000E0),.UNSPECIFIED.)CURVE()GEOMETRIC_REPRESENTATION_ITEM()RATIONAL_B_SPLINE_CURVE((1.00000000000000000E0,7.07106781186547573E-1,1.00000000000000000E0))REPRESENTATION_ITEM(''));
#340=CARTESIAN_POINT('',(-5.00000000000000000E-1,0.00000000000000000E0,0.00000000000000000E0));
#341=CARTESIAN_POINT('',(-5.00000000000000000E-1,-5.00000000000000000E-1,0.00000000000000000E0));
#342=CARTESIAN_POINT('',(0.00000000000000000E0,-5.00000000000000000E-1,0.00000000000000000E0));
#343=(BOUNDED_CURVE()B_SPLINE_CURVE(2,(#340,#341,#342),.UNSPECIFIED.,.F.,.F.)B_SPLINE_CURVE_WITH_KNOTS((3,3),(0.00000000000000000E0,1.00000000000000000E0),.UNSPECIFIED.)CURVE()GEOMETRIC_REPRESENTATION_ITEM()RATIONAL_B_SPLINE_CURVE((1.00000000000000000E0,7.07106781186547573E-1,1.00000000000000000E0))REPRESENTATION_ITEM(''));
#344=CARTESIAN_POINT('',(0.00000000000000000E0,-5.00000000000000000E-1,0.00000000000000000E0));
#345=CARTESIAN_POINT('',(7.34209831237790100E-2,-5.57687734522768319E-1,2.50000000000000000E0));
#346=B_SPLINE_CURVE_WITH_KNOTS('',1,(#344,#345),.UNSPECIFIED.,.F.,.F.,(2,2),(0.00000000000000000E0,1.00000000000000000E0),.UNSPECIFIED.);
#347=CARTESIAN_POINT('',(-5.57687734522768319E-1,-7.34209831237790100E-2,2.50000000000000000E0));
#348=CARTESIAN_POINT('',(-4.84266751398989337E-1,-6.31108717646547412E-1,2.50000000000000000E0));
#349=CARTESIAN_POINT('',(7.34209831237790100E-2,-5.57687734522768319E-1,2.50000000000000000E0));
#350=(BOUNDED_CURVE()B_SPLINE_CURVE(2,(#347,#348,#349),.UNSPECIFIED.,.F.,.F.)B_SPLINE_CURVE_WITH_KNOTS((3,3),(0.00000000000000000E0,1.00000000000000000E0),.UNSPECIFIED.)CURVE()GEOMETRIC_REPRESENTATION_ITEM()RATIONAL_B_SPLINE_CURVE((1.00000000000000000E0,7.07106781186547573E-1,1.00000000000000000E0))REPRESENTATION_ITEM(''));
#351=CARTESIAN_POINT('',(5.00000000000000000E-1,0.00000000000000000E0,0.00000000000000000E0));
#352=CARTESIAN_POINT('',(5.00000000000000000E-1,-5.00000000000000000E-1,0.00000000000000000E0));
#353=CARTESIAN_POINT('',(0.00000000000000000E0,-5.00000000000000000E-1,0.00000000000000000E0));
#354=(BOUNDED_CURVE()B_SPLINE_CURVE(2,(#351,#352,#353),.UNSPECIFIED.,.F.,.F.)B_SPLINE_CURVE_WITH_KNOTS((3,3),(0.00000000000000000E0,1.00000000000000000E0),.UNSPECIFIED.)CURVE()GEOMETRIC_REPRESENTATION_ITEM()RATIONAL_B_SPLINE_CURVE((1.00000000000000000E0,7.07106781186547573E-1,1.00000000000000000E0))REPRESENTATION_ITEM(''));
#355=CARTESIAN_POINT('',(5.57687734522768319E-1,7.34209831237790100E-2,2.50000000000000000E0));
#356=CARTESIAN_POINT('',(6.31108717646547412E-1,-4.84266751398989337E-1,2.50000000000000000E0));
#357=CARTESIAN_POINT('',(7.34209831237790100E-2,-5.57687734522768319E-1,2.50000000000000000E0));
#358=(BOUNDED_CURVE()B_SPLINE_CURVE(2,(#355,#356,#357),.UNSPECIFIED.,.F.,.F.)B_SPLINE_CURVE_WITH_KNOTS((3,3),(0.00000000000000000E0,1.00000000000000000E0),.UNSPECIFIED.)CURVE()GEOMETRIC_REPRESENTATION_ITEM()RATIONAL_B_SPLINE_CURVE((1.00000000000000000E0,7.07106781186547573E-1,1.00000000000000000E0))REPRESENTATION_ITEM(''));
#359=CARTESIAN_POINT('',(2.00000000000000011E-1,0.00000000000000000E0,0.00000000000000000E0));
#360=CARTESIAN_POINT('',(2.00000000000000011E-1,-2.00000000000000011E-1,0.00000000000000000E0));
#361=CARTESIAN_POINT('',(0.00000000000000000E0,-2.00000000000000011E-1,0.00000000000000000E0));
#362=(BOUNDED_CURVE()B_SPLINE_CURVE(2,(#359,#360,#361),.UNSPECIFIED.,.F.,.F.)B_SPLINE_CURVE_WITH_KNOTS((3,3),(0.00000000000000000E0,1.00000000000000000E0),.UNSPECIFIED.)CURVE()GEOMETRIC_REPRESENTATION_ITEM()RATIONAL_B_SPLINE_CURVE((1.00000000000000000E0,7.07106781186547573E-1,1.00000000000000000E0))REPRESENTATION_ITEM(''));
#363=CARTESIAN_POINT('',(0.00000000000000000E0,-2.00000000000000011E-1,0.00000000000000000E0));
#364=CARTESIAN_POINT('',(2.93683932495116054E-2,-2.23075093809107339E-1,2.50000000000000000E0));
#365=B_SPLINE_CURVE_WITH_KNOTS('',1,(#363,#364),.UNSPECIFIED.,.F.,.F.,(2,2),(0.00000000000000000E0,1.00000000000000000E0),.UNSPECIFIED.);
#366=CARTESIAN_POINT('',(2.23075093809107339E-1,2.93683932495116054E-2,2.50000000000000000E0));
#367=CARTESIAN_POINT('',(2.52443487058618965E-1,-1.93706700559595713E-1,2.50000000000000000E0));
#368=CARTESIAN_POINT('',(2.93683932495116054E-2,-2.23075093809107339E-1,2.50000000000000000E0));
#369=(BOUNDED_CURVE()B_SPLINE_CURVE(2,(#366,#367,#368),.UNSPECIFIED.,.F.,.F.)B_SPLINE_CURVE_WITH_KNOTS((3,3),(0.00000000000000000E0,1.00000000000000000E0),.UNSPECIFIED.)CURVE()GEOMETRIC_REPRESENTATION_ITEM()RATIONAL_B_SPLINE_CURVE((1.00000000000000000E0,7.07106781186547573E-1,1.00000000000000000E0))REPRESENTATION_ITEM(''));
#370=CARTESIAN_POINT('',(2.00000000000000011E-1,0.00000000000000000E0,0.00000000000000000E0));
#371=CARTESIAN_POINT('',(2.23075093809107339E-1,2.93683932495116054E-2,2.50000000000000000E0));
#372=B_SPLINE_CURVE_WITH_KNOTS('',1,(#370,#371),.UNSPECIFIED.,.F.,.F.,(2,2),(0.00000000000000000E0,1.00000000000000000E0),.UNSPECIFIED.);
#373=CARTESIAN_POINT('',(0.00000000000000000E0,-2.00000000000000011E-1,0.00000000000000000E0));
#374=CARTESIAN_POINT('',(-2.00000000000000011E-1,-2.00000000000000011E-1,0.00000000000000000E0));
#375=CARTESIAN_POINT('',(-2.00000000000000011E-1,0.00000000000000000E0,0.00000000000000000E0));
#376=(BOUNDED_CURVE()B_SPLINE_CURVE(2,(#373,#374,#375),.UNSPECIFIED.,.F.,.F.)B_SPLINE_CURVE_WITH_KNOTS((3,3),(0.00000000000000000E0,1.00000000000000000E0),.UNSPECIFIED.)CURVE()GEOMETRIC_REPRESENTATION_ITEM()RATIONAL_B_SPLINE_CURVE((1.00000000000000000E0,7.07106781186547573E-1,1.00000000000000000E0))REPRESENTATION_ITEM(''));
#377=CARTESIAN_POINT('',(-2.00000000000000011E-1,0.00000000000000000E0,0.00000000000000000E0));
#378=CARTESIAN_POINT('',(-2.23075093809107339E-1,-2.93683932495116054E-2,2.50000000000000000E0));
#379=B_SPLINE_CURVE_WITH_KNOTS('',1,(#377,#378),.UNSPECIFIED.,.F.,.F.,(2,2),(0.00000000000000000E0,1.00000000000000000E0),.UNSPECIFIED.);
#380=CARTESIAN_POINT('',(2.93683932495116054E-2,-2.23075093809107339E-1,2.50000000000000000E0));
#381=CARTESIAN_POINT('',(-1.93706700559595713E-1,-2.52443487058618965E-1,2.50000000000000000E0));
#382=CARTESIAN_POINT('',(-2.23075093809107339E-1,-2.93683932495116054E-2,2.50000000000000000E0));
#383=(BOUNDED_CURVE()B_SPLINE_CURVE(2,(#380,#381,#382),.UNSPECIFIED.,.F.,.F.)B_SPLINE_CURVE_WITH_KNOTS((3,3),(0.00000000000000000E0,1.00000000000000000E0),.UNSPECIFIED.)CURVE()GEOMETRIC_REPRESENTATION_ITEM()RATIONAL_B_SPLINE_CURVE((1.00000000000000000E0,7.07106781186547573E-1,1.00000000000000000E0))REPRESENTATION_ITEM(''));
#384=CARTESIAN_POINT('',(-2.00000000000000011E-1,0.00000000000000000E0,0.00000000000000000E0));
#385=CARTESIAN_POINT('',(-2.00000000000000011E-1,2.00000000000000011E-1,0.00000000000000000E0));
#386=CARTESIAN_POINT('',(0.00000000000000000E0,2.00000000000000011E-1,0.00000000000000000E0));
#387=(BOUNDED_CURVE()B_SPLINE_CURVE(2,(#384,#385,#386),.UNSPECIFIED.,.F.,.F.)B_SPLINE_CURVE_WITH_KNOTS((3,3),(0.00000000000000000E0,1.00000000000000000E0),.UNSPECIFIED.)CURVE()GEOMETRIC_REPRESENTATION_ITEM()RATIONAL_B_SPLINE_CURVE((1.00000000000000000E0,7.07106781186547573E-1,1.00000000000000000E0))REPRESENTATION_ITEM(''));
#388=CARTESIAN_POINT('',(0.00000000000000000E0,2.00000000000000011E-1,0.00000000000000000E0));
#389=CARTESIAN_POINT('',(-2.93683932495116054E-2,2.23075093809107339E-1,2.50000000000000000E0));
#390=B_SPLINE_CURVE_WITH_KNOTS('',1,(#388,#389),.UNSPECIFIED.,.F.,.F.,(2,2),(0.00000000000000000E0,1.00000000000000000E0),.UNSPECIFIED.);
#391=CARTESIAN_POINT('',(-2.23075093809107339E-1,-2.93683932495116054E-2,2.50000000000000000E0));
#392=CARTESIAN_POINT('',(-2.52443487058618965E-1,1.93706700559595713E-1,2.50000000000000000E0));
#393=CARTESIAN_POINT('',(-2.93683932495116054E-2,2.23075093809107339E-1,2.50000000000000000E0));
#394=(BOUNDED_CURVE()B_SPLINE_CURVE(2,(#391,#392,#393),.UNSPECIFIED.,.F.,.F.)B_SPLINE_CURVE_WITH_KNOTS((3,3),(0.00000000000000000E0,1.00000000000000000E0),.UNSPECIFIED.)CURVE()GEOMETRIC_REPRESENTATION_ITEM()RATIONAL_B_SPLINE_CURVE((1.00000000000000000E0,7.07106781186547573E-1,1.00000000000000000E0))REPRESENTATION_ITEM(''));
#395=CARTESIAN_POINT('',(2.00000000000000011E-1,0.00000000000000000E0,0.00000000000000000E0));
#396=CARTESIAN_POINT('',(2.00000000000000011E-1,2.00000000000000011E-1,0.00000000000000000E0));
#397=CARTESIAN_POINT('',(0.00000000000000000E0,2.00000000000000011E-1,0.00000000000000000E0));
#398=(BOUNDED_CURVE()B_SPLINE_CURVE(2,(#395,#396,#397),.UNSPECIFIED.,.F.,.F.)B_SPLINE_CURVE_WITH_KNOTS((3,3),(0.00000000000000000E0,1.00000000000000000E0),.UNSPECIFIED.)CURVE()GEOMETRIC_REPRESENTATION_ITEM()RATIONAL_B_SPLINE_CURVE((1.00000000000000000E0,7.07106781186547573E-1,1.00000000000000000E0))REPRESENTATION_ITEM(''));
#399=CARTESIAN_POINT('',(2.23075093809107339E-1,2.93683932495116054E-2,2.50000000000000000E0));
#400=CARTESIAN_POINT('',(1.93706700559595713E-1,2.52443487058618965E-1,2.50000000000000000E0));
#401=CARTESIAN_POINT('',(-2.93683932495116054E-2,2.23075093809107339E-1,2.50000000000000000E0));
#402=(BOUNDED_CURVE()B_SPLINE_CURVE(2,(#399,#400,#401),.UNSPECIFIED.,.F.,.F.)B_SPLINE_CURVE_WITH_KNOTS((3,3),(0.00000000000000000E0,1.00000000000000000E0),.UNSPECIFIED.)CURVE()GEOMETRIC_REPRESENTATION_ITEM()RATIONAL_B_SPLINE_CURVE((1.00000000000000000E0,7.07106781186547573E-1,1.00000000000000000E0))REPRESENTATION_ITEM(''));
#403=CARTESIAN_POINT('',(-7.34209831237790100E-2,5.57687734522768319E-1,2.50000000000000000E0));
#404=CARTESIAN_POINT('',(-1.61761903189075462E-1,6.03703641430667681E-1,5.00000000000000000E0));
#405=B_SPLINE_CURVE_WITH_KNOTS('',1,(#403,#404),.UNSPECIFIED.,.F.,.F.,(2,2),(0.00000000000000000E0,1.00000000000000000E0),.UNSPECIFIED.);
#406=CARTESIAN_POINT('',(6.03703641430667681E-1,1.61761903189075462E-1,5.00000000000000000E0));
#407=CARTESIAN_POINT('',(4.41941738241592219E-1,7.65465544619743143E-1,5.00000000000000000E0));
#408=CARTESIAN_POINT('',(-1.61761903189075462E-1,6.03703641430667681E-1,5.00000000000000000E0));
#409=(BOUNDED_CURVE()B_SPLINE_CURVE(2,(#406,#407,#408),.UNSPECIFIED.,.F.,.F.)B_SPLINE_CURVE_WITH_KNOTS((3,3),(0.00000000000000000E0,1.00000000000000000E0),.UNSPECIFIED.)CURVE()GEOMETRIC_REPRESENTATION_ITEM()RATIONAL_B_SPLINE_CURVE((1.00000000000000000E0,7.07106781186547573E-1,1.00000000000000000E0))REPRESENTATION_ITEM(''));
#410=CARTESIAN_POINT('',(5.57687734522768319E-1,7.34209831237790100E-2,2.50000000000000000E0));
#411=CARTESIAN_POINT('',(6.03703641430667681E-1,1.61761903189075462E-1,5.00000000000000000E0));
#412=B_SPLINE_CURVE_WITH_KNOTS('',1,(#410,#411),.UNSPECIFIED.,.F.,.F.,(2,2),(0.00000000000000000E0,1.00000000000000000E0),.UNSPECIFIED.);
#413=CARTESIAN_POINT('',(-5.57687734522768319E-1,-7.34209831237790100E-2,2.50000000000000000E0));
#414=CARTESIAN_POINT('',(-6.03703641430667681E-1,-1.61761903189075462E-1,5.00000000000000000E0));
#415=B_SPLINE_CURVE_WITH_KNOTS('',1,(#413,#414),.UNSPECIFIED.,.F.,.F.,(2,2),(0.00000000000000000E0,1.00000000000000000E0),.UNSPECIFIED.);
#416=CARTESIAN_POINT('',(-1.61761903189075462E-1,6.03703641430667681E-1,5.00000000000000000E0));
#417=CARTESIAN_POINT('',(-7.65465544619743143E-1,4.41941738241592219E-1,5.00000000000000000E0));
#418=CARTESIAN_POINT('',(-6.03703641430667681E-1,-1.61761903189075462E-1,5.00000000000000000E0));
#419=(BOUNDED_CURVE()B_SPLINE_CURVE(2,(#416,#417,#418),.UNSPECIFIED.,.F.,.F.)B_SPLINE_CURVE_WITH_KNOTS((3,3),(0.00000000000000000E0,1.00000000000000000E0),.UNSPECIFIED.)CURVE()GEOMETRIC_REPRESENTATION_ITEM()RATIONAL_B_SPLINE_CURVE((1.00000000000000000E0,7.07106781186547573E-1,1.00000000000000000E0))REPRESENTATION_ITEM(''));
#420=CARTESIAN_POINT('',(7.34209831237790100E-2,-5.57687734522768319E-1,2.50000000000000000E0));
#421=CARTESIAN_POINT('',(1.61761903189075462E-1,-6.03703641430667681E-1,5.00000000000000000E0));
#422=B_SPLINE_CURVE_WITH_KNOTS('',1,(#420,#421),.UNSPECIFIED.,.F.,.F.,(2,2),(0.00000000000000000E0,1.00000000000000000E0),.UNSPECIFIED.);
#423=CARTESIAN_POINT('',(-6.03703641430667681E-1,-1.61761903189075462E-1,5.00000000000000000E0));
#424=CARTESIAN_POINT('',(-4.41941738241592219E-1,-7.65465544619743143E-1,5.00000000000000000E0));
#425=CARTESIAN_POINT('',(1.61761903189075462E-1,-6.03703641430667681E-1,5.00000000000000000E0));
#426=(BOUNDED_CURVE()B_SPLINE_CURVE(2,(#423,#424,#425),.UNSPECIFIED.,.F.,.F.)B_SPLINE_CURVE_WITH_KNOTS((3,3),(0.00000000000000000E0,1.00000000000000000E0),.UNSPECIFIED.)CURVE()GEOMETRIC_REPRESENTATION_ITEM()RATIONAL_B_SPLINE_CURVE((1.00000000000000000E0,7.07106781186547573E-1,1.00000000000000000E0))REPRESENTATION_ITEM(''));
#427=CARTESIAN_POINT('',(6.03703641430667681E-1,1.61761903189075462E-1,5.00000000000000000E0));
#428=CARTESIAN_POINT('',(7.65465544619743143E-1,-4.41941738241592219E-1,5.00000000000000000E0));
#429=CARTESIAN_POINT('',(1.61761903189075462E-1,-6.03703641430667681E-1,5.00000000000000000E0));
#430=(BOUNDED_CURVE()B_SPLINE_CURVE(2,(#427,#428,#429),.UNSPECIFIED.,.F.,.F.)B_SPLINE_CURVE_WITH_KNOTS((3,3),(0.00000000000000000E0,1.00000000000000000E0),.UNSPECIFIED.)CURVE()GEOMETRIC_REPRESENTATION_ITEM()RATIONAL_B_SPLINE_CURVE((1.00000000000000000E0,7.07106781186547573E-1,1.00000000000000000E0))REPRESENTATION_ITEM(''));
#431=CARTESIAN_POINT('',(2.93683932495116054E-2,-2.23075093809107339E-1,2.50000000000000000E0));
#432=CARTESIAN_POINT('',(6.47047612756301849E-2,-2.41481456572267106E-1,5.00000000000000000E0));
#433=B_SPLINE_CURVE_WITH_KNOTS('',1,(#431,#432),.UNSPECIFIED.,.F.,.F.,(2,2),(0.00000000000000000E0,1.00000000000000000E0),.UNSPECIFIED.);
#434=CARTESIAN_POINT('',(2.41481456572267106E-1,6.47047612756301849E-2,5.00000000000000000E0));
#435=CARTESIAN_POINT('',(3.06186217847897291E-1,-1.76776695296636921E-1,5.00000000000000000E0));
#436=CARTESIAN_POINT('',(6.47047612756301849E-2,-2.41481456572267106E-1,5.00000000000000000E0));
#437=(BOUNDED_CURVE()B_SPLINE_CURVE(2,(#434,#435,#436),.UNSPECIFIED.,.F.,.F.)B_SPLINE_CURVE_WITH_KNOTS((3,3),(0.00000000000000000E0,1.00000000000000000E0),.UNSPECIFIED.)CURVE()GEOMETRIC_REPRESENTATION_ITEM()RATIONAL_B_SPLINE_CURVE((1.00000000000000000E0,7.07106781186547573E-1,1.00000000000000000E0))REPRESENTATION_ITEM(''));
#438=CARTESIAN_POINT('',(2.23075093809107339E-1,2.93683932495116054E-2,2.50000000000000000E0));
#439=CARTESIAN_POINT('',(2.41481456572267106E-1,6.47047612756301849E-2,5.00000000000000000E0));
#440=B_SPLINE_CURVE_WITH_KNOTS('',1,(#438,#439),.UNSPECIFIED.,.F.,.F.,(2,2),(0.00000000000000000E0,1.00000000000000000E0),.UNSPECIFIED.);
#441=CARTESIAN_POINT('',(-2.23075093809107339E-1,-2.93683932495116054E-2,2.50000000000000000E0));
#442=CARTESIAN_POINT('',(-2.41481456572267106E-1,-6.47047612756301849E-2,5.00000000000000000E0));
#443=B_SPLINE_CURVE_WITH_KNOTS('',1,(#441,#442),.UNSPECIFIED.,.F.,.F.,(2,2),(0.00000000000000000E0,1.00000000000000000E0),.UNSPECIFIED.);
#444=CARTESIAN_POINT('',(6.47047612756301849E-2,-2.41481456572267106E-1,5.00000000000000000E0));
#445=CARTESIAN_POINT('',(-1.76776695296636921E-1,-3.06186217847897291E-1,5.00000000000000000E0));
#446=CARTESIAN_POINT('',(-2.41481456572267106E-1,-6.47047612756301849E-2,5.00000000000000000E0));
#447=(BOUNDED_CURVE()B_SPLINE_CURVE(2,(#444,#445,#446),.UNSPECIFIED.,.F.,.F.)B_SPLINE_CURVE_WITH_KNOTS((3,3),(0.00000000000000000E0,1.00000000000000000E0),.UNSPECIFIED.)CURVE()GEOMETRIC_REPRESENTATION_ITEM()RATIONAL_B_SPLINE_CURVE((1.00000000000000000E0,7.07106781186547573E-1,1.00000000000000000E0))REPRESENTATION_ITEM(''));
#448=CARTESIAN_POINT('',(-2.93683932495116054E-2,2.23075093809107339E-1,2.50000000000000000E0));
#449=CARTESIAN_POINT('',(-6.47047612756301849E-2,2.41481456572267106E-1,5.00000000000000000E0));
#450=B_SPLINE_CURVE_WITH_KNOTS('',1,(#448,#449),.UNSPECIFIED.,.F.,.F.,(2,2),(0.00000000000000000E0,1.00000000000000000E0),.UNSPECIFIED.);
#451=CARTESIAN_POINT('',(-2.41481456572267106E-1,-6.47047612756301849E-2,5.00000000000000000E0));
#452=CARTESIAN_POINT('',(-3.06186217847897291E-1,1.76776695296636921E-1,5.00000000000000000E0));
#453=CARTESIAN_POINT('',(-6.47047612756301849E-2,2.41481456572267106E-1,5.00000000000000000E0));
#454=(BOUNDED_CURVE()B_SPLINE_CURVE(2,(#451,#452,#453),.UNSPECIFIED.,.F.,.F.)B_SPLINE_CURVE_WITH_KNOTS((3,3),(0.00000000000000000E0,1.00000000000000000E0),.UNSPECIFIED.)CURVE()GEOMETRIC_REPRESENTATION_ITEM()RATIONAL_B_SPLINE_CURVE((1.00000000000000000E0,7.07106781186547573E-1,1.00000000000000000E0))REPRESENTATION_ITEM(''));
#455=CARTESIAN_POINT('',(2.41481456572267106E-1,6.47047612756301849E-2,5.00000000000000000E0));
#456=CARTESIAN_POINT('',(1.76776695296636921E-1,3.06186217847897291E-1,5.00000000000000000E0));
#457=CARTESIAN_POINT('',(-6.47047612756301849E-2,2.41481456572267106E-1,5.00000000000000000E0));
#458=(BOUNDED_CURVE()B_SPLINE_CURVE(2,(#455,#456,#457),.UNSPECIFIED.,.F.,.F.)B_SPLINE_CURVE_WITH_KNOTS((3,3),(0.00000000000000000E0,1.00000000000000000E0),.UNSPECIFIED.)CURVE()GEOMETRIC_REPRESENTATION_ITEM()RATIONAL_B_SPLINE_CURVE((1.00000000000000000E0,7.07106781186547573E-1,1.00000000000000000E0))REPRESENTATION_ITEM(''));
#459=CARTESIAN_POINT('',(-1.61761903189075462E-1,6.03703641430667681E-1,5.00000000000000000E0));
#460=CARTESIAN_POINT('',(-2.63094859750999222E-1,6.35167178601509619E-1,7.50000000000000000E0));
#461=B_SPLINE_CURVE_WITH_KNOTS('',1,(#459,#460),.UNSPECIFIED.,.F.,.F.,(2,2),(0.00000000000000000E0,1.00000000000000000E0),.UNSPECIFIED.);
#462=CARTESIAN_POINT('',(6.35167178601509619E-1,2.63094859750999222E-1,7.50000000000000000E0));
#463=CARTESIAN_POINT('',(3.72072318850510397E-1,8.98262038352508840E-1,7.50000000000000000E0));
#464=CARTESIAN_POINT('',(-2.63094859750999222E-1,6.35167178601509619E-1,7.50000000000000000E0));
#465=(BOUNDED_CURVE()B_SPLINE_CURVE(2,(#462,#463,#464),.UNSPECIFIED.,.F.,.F.)B_SPLINE_CURVE_WITH_KNOTS((3,3),(0.00000000000000000E0,1.00000000000000000E0),.UNSPECIFIED.)CURVE()GEOMETRIC_REPRESENTATION_ITEM()RATIONAL_B_SPLINE_CURVE((1.00000000000000000E0,7.07106781186547573E-1,1.00000000000000000E0))REPRESENTATION_ITEM(''));
#466=CARTESIAN_POINT('',(6.03703641430667681E-1,1.61761903189075462E-1,5.00000000000000000E0));
#467=CARTESIAN_POINT('',(6.35167178601509619E-1,2.63094859750999222E-1,7.50000000000000000E0));
#468=B_SPLINE_CURVE_WITH_KNOTS('',1,(#466,#467),.UNSPECIFIED.,.F.,.F.,(2,2),(0.00000000000000000E0,1.00000000000000000E0),.UNSPECIFIED.);
#469=CARTESIAN_POINT('',(-6.03703641430667681E-1,-1.61761903189075462E-1,5.00000000000000000E0));
#470=CARTESIAN_POINT('',(-6.35167178601509619E-1,-2.63094859750999222E-1,7.50000000000000000E0));
#471=B_SPLINE_CURVE_WITH_KNOTS('',1,(#469,#470),.UNSPECIFIED.,.F.,.F.,(2,2),(0.00000000000000000E0,1.00000000000000000E0),.UNSPECIFIED.);
#472=CARTESIAN_POINT('',(-2.63094859750999222E-1,6.35167178601509619E-1,7.50000000000000000E0));
#473=CARTESIAN_POINT('',(-8.98262038352508840E-1,3.72072318850510397E-1,7.50000000000000000E0));
#474=CARTESIAN_POINT('',(-6.35167178601509619E-1,-2.63094859750999222E-1,7.50000000000000000E0));
#475=(BOUNDED_CURVE()B_SPLINE_CURVE(2,(#472,#473,#474),.UNSPECIFIED.,.F.,.F.)B_SPLINE_CURVE_WITH_KNOTS((3,3),(0.00000000000000000E0,1.00000000000000000E0),.UNSPECIFIED.)CURVE()GEOMETRIC_REPRESENTATION_ITEM()RATIONAL_B_SPLINE_CURVE((1.00000000000000000E0,7.07106781186547573E-1,1.00000000000000000E0))REPRESENTATION_ITEM(''));
#476=CARTESIAN_POINT('',(1.61761903189075462E-1,-6.03703641430667681E-1,5.00000000000000000E0));
#477=CARTESIAN_POINT('',(2.63094859750999222E-1,-6.35167178601509619E-1,7.50000000000000000E0));
#478=B_SPLINE_CURVE_WITH_KNOTS('',1,(#476,#477),.UNSPECIFIED.,.F.,.F.,(2,2),(0.00000000000000000E0,1.00000000000000000E0),.UNSPECIFIED.);
#479=CARTESIAN_POINT('',(-6.35167178601509619E-1,-2.63094859750999222E-1,7.50000000000000000E0));
#480=CARTESIAN_POINT('',(-3.72072318850510397E-1,-8.98262038352508840E-1,7.50000000000000000E0));
#481=CARTESIAN_POINT('',(2.63094859750999222E-1,-6.35167178601509619E-1,7.50000000000000000E0));
#482=(BOUNDED_CURVE()B_SPLINE_CURVE(2,(#479,#480,#481),.UNSPECIFIED.,.F.,.F.)B_SPLINE_CURVE_WITH_KNOTS((3,3),(0.00000000000000000E0,1.00000000000000000E0),.UNSPECIFIED.)CURVE()GEOMETRIC_REPRESENTATION_ITEM()RATIONAL_B_SPLINE_CURVE((1.00000000000000000E0,7.07106781186547573E-1,1.00000000000000000E0))REPRESENTATION_ITEM(''));
#483=CARTESIAN_POINT('',(6.35167178601509619E-1,2.63094859750999222E-1,7.50000000000000000E0));
#484=CARTESIAN_POINT('',(8.98262038352508840E-1,-3.72072318850510397E-1,7.50000000000000000E0));
#485=CARTESIAN_POINT('',(2.63094859750999222E-1,-6.35167178601509619E-1,7.50000000000000000E0));
#486=(BOUNDED_CURVE()B_SPLINE_CURVE(2,(#483,#484,#485),.UNSPECIFIED.,.F.,.F.)B_SPLINE_CURVE_WITH_KNOTS((3,3),(0.00000000000000000E0,1.00000000000000000E0),.UNSPECIFIED.)CURVE()GEOMETRIC_REPRESENTATION_ITEM()RATIONAL_B_SPLINE_CURVE((1.00000000000000000E0,7.07106781186547573E-1,1.00000000000000000E0))REPRESENTATION_ITEM(''));
#487=CARTESIAN_POINT('',(6.47047612756301849E-2,-2.41481456572267106E-1,5.00000000000000000E0));
#488=CARTESIAN_POINT('',(1.05237943900399700E-1,-2.54066871440603859E-1,7.50000000000000000E0));
#489=B_SPLINE_CURVE_WITH_KNOTS('',1,(#487,#488),.UNSPECIFIED.,.F.,.F.,(2,2),(0.00000000000000000E0,1.00000000000000000E0),.UNSPECIFIED.);
#490=CARTESIAN_POINT('',(2.54066871440603859E-1,1.05237943900399700E-1,7.50000000000000000E0));
#491=CARTESIAN_POINT('',(3.59304815341003558E-1,-1.48828927540204187E-1,7.50000000000000000E0));
#492=CARTESIAN_POINT('',(1.05237943900399700E-1,-2.54066871440603859E-1,7.50000000000000000E0));
#493=(BOUNDED_CURVE()B_SPLINE_CURVE(2,(#490,#491,#492),.UNSPECIFIED.,.F.,.F.)B_SPLINE_CURVE_WITH_KNOTS((3,3),(0.00000000000000000E0,1.00000000000000000E0),.UNSPECIFIED.)CURVE()GEOMETRIC_REPRESENTATION_ITEM()RATIONAL_B_SPLINE_CURVE((1.00000000000000000E0,7.07106781186547573E-1,1.00000000000000000E0))REPRESENTATION_ITEM(''));
#494=CARTESIAN_POINT('',(2.41481456572267106E-1,6.47047612756301849E-2,5.00000000000000000E0));
#495=CARTESIAN_POINT('',(2.54066871440603859E-1,1.05237943900399700E-1,7.50000000000000000E0));
#496=B_SPLINE_CURVE_WITH_KNOTS('',1,(#494,#495),.UNSPECIFIED.,.F.,.F.,(2,2),(0.00000000000000000E0,1.00000000000000000E0),.UNSPECIFIED.);
#497=CARTESIAN_POINT('',(-2.41481456572267106E-1,-6.47047612756301849E-2,5.00000000000000000E0));
#498=CARTESIAN_POINT('',(-2.54066871440603859E-1,-1.05237943900399700E-1,7.50000000000000000E0));
#499=B_SPLINE_CURVE_WITH_KNOTS('',1,(#497,#498),.UNSPECIFIED.,.F.,.F.,(2,2),(0.00000000000000000E0,1.00000000000000000E0),.UNSPECIFIED.);
#500=CARTESIAN_POINT('',(1.05237943900399700E-1,-2.54066871440603859E-1,7.50000000000000000E0));
#501=CARTESIAN_POINT('',(-1.48828927540204187E-1,-3.59304815341003558E-1,7.50000000000000000E0));
#502=CARTESIAN_POINT('',(-2.54066871440603859E-1,-1.05237943900399700E-1,7.50000000000000000E0));
#503=(BOUNDED_CURVE()B_SPLINE_CURVE(2,(#500,#501,#502),.UNSPECIFIED.,.F.,.F.)B_SPLINE_CURVE_WITH_KNOTS((3,3),(0.00000000000000000E0,1.00000000000000000E0),.UNSPECIFIED.)CURVE()GEOMETRIC_REPRESENTATION_ITEM()RATIONAL_B_SPLINE_CURVE((1.00000000000000000E0,7.07106781186547573E-1,1.00000000000000000E0))REPRESENTATION_ITEM(''));
#504=CARTESIAN_POINT('',(-6.47047612756301849E-2,2.41481456572267106E-1,5.00000000000000000E0));
#505=CARTESIAN_POINT('',(-1.05237943900399700E-1,2.54066871440603859E-1,7.50000000000000000E0));
#506=B_SPLINE_CURVE_WITH_KNOTS('',1,(#504,#505),.UNSPECIFIED.,.F.,.F.,(2,2),(0.00000000000000000E0,1.00000000000000000E0),.UNSPECIFIED.);
#507=CARTESIAN_POINT('',(-2.54066871440603859E-1,-1.05237943900399700E-1,7.50000000000000000E0));
#508=CARTESIAN_POINT('',(-3.59304815341003558E-1,1.48828927540204187E-1,7.50000000000000000E0));
#509=CARTESIAN_POINT('',(-1.05237943900399700E-1,2.54066871440603859E-1,7.50000000000000000E0));
#510=(BOUNDED_CURVE()B_SPLINE_CURVE(2,(#507,#508,#509),.UNSPECIFIED.,.F.,.F.)B_SPLINE_CURVE_WITH_KNOTS((3,3),(0.00000000000000000E0,1.00000000000000000E0),.UNSPECIFIED.)CURVE()GEOMETRIC_REPRESENTATION_ITEM()RATIONAL_B_SPLINE_CURVE((1.00000000000000000E0,7.07106781186547573E-1,1.00000000000000000E0))REPRESENTATION_ITEM(''));
#511=CARTESIAN_POINT('',(2.54066871440603859E-1,1.05237943900399700E-1,7.50000000000000000E0));
#512=CARTESIAN_POINT('',(1.48828927540204187E-1,3.59304815341003558E-1,7.50000000000000000E0));
#513=CARTESIAN_POINT('',(-1.05237943900399700E-1,2.54066871440603859E-1,7.50000000000000000E0));
#514=(BOUNDED_CURVE()B_SPLINE_CURVE(2,(#511,#512,#513),.UNSPECIFIED.,.F.,.F.)B_SPLINE_CURVE_WITH_KNOTS((3,3),(0.00000000000000000E0,1.00000000000000000E0),.UNSPECIFIED.)CURVE()GEOMETRIC_REPRESENTATION_ITEM()RATIONAL_B_SPLINE_CURVE((1.00000000000000000E0,7.07106781186547573E-1,1.00000000000000000E0))REPRESENTATION_ITEM(''));
#515=CARTESIAN_POINT('',(-2.63094859750999222E-1,6.35167178601509619E-1,7.50000000000000000E0));
#516=CARTESIAN_POINT('',(-3.74999999999999944E-1,6.49519052838329003E-1,1.00000000000000000E1));
#517=B_SPLINE_CURVE_WITH_KNOTS('',1,(#515,#516),.UNSPECIFIED.,.F.,.F.,(2,2),(0.00000000000000000E0,1.00000000000000000E0),.UNSPECIFIED.);
#518=CARTESIAN_POINT('',(6.49519052838329003E-1,3.74999999999999944E-1,1.00000000000000000E1));
#519=CARTESIAN_POINT('',(2.74519052838329058E-1,1.02451905283832900E0,1.00000000000000000E1));
#520=CARTESIAN_POINT('',(-3.74999999999999944E-1,6.49519052838329003E-1,1.00000000000000000E1));
#521=(BOUNDED_CURVE()B_SPLINE_CURVE(2,(#518,#519,#520),.UNSPECIFIED.,.F.,.F.)B_SPLINE_CURVE_WITH_KNOTS((3,3),(0.00000000000000000E0,1.00000000000000000E0),.UNSPECIFIED.)CURVE()GEOMETRIC_REPRESENTATION_ITEM()RATIONAL_B_SPLINE_CURVE((1.00000000000000000E0,7.07106781186547573E-1,1.00000000000000000E0))REPRESENTATION_ITEM(''));
#522=CARTESIAN_POINT('',(6.35167178601509619E-1,2.63094859750999222E-1,7.50000000000000000E0));
#523=CARTESIAN_POINT('',(6.49519052838329003E-1,3.74999999999999944E-1,1.00000000000000000E1));
#524=B_SPLINE_CURVE_WITH_KNOTS('',1,(#522,#523),.UNSPECIFIED.,.F.,.F.,(2,2),(0.00000000000000000E0,1.00000000000000000E0),.UNSPECIFIED.);
#525=CARTESIAN_POINT('',(-6.35167178601509619E-1,-2.63094859750999222E-1,7.50000000000000000E0));
#526=CARTESIAN_POINT('',(-6.49519052838329003E-1,-3.74999999999999944E-1,1.00000000000000000E1));
#527=B_SPLINE_CURVE_WITH_KNOTS('',1,(#525,#526),.UNSPECIFIED.,.F.,.F.,(2,2),(0.00000000000000000E0,1.00000000000000000E0),.UNSPECIFIED.);
#528=CARTESIAN_POINT('',(-3.74999999999999944E-1,6.49519052838329003E-1,1.00000000000000000E1));
#529=CARTESIAN_POINT('',(-1.02451905283832900E0,2.74519052838329058E-1,1.00000000000000000E1));
#530=CARTESIAN_POINT('',(-6.49519052838329003E-1,-3.74999999999999944E-1,1.00000000000000000E1));
#531=(BOUNDED_CURVE()B_SPLINE_CURVE(2,(#528,#529,#530),.UNSPECIFIED.,.F.,.F.)B_SPLINE_CURVE_WITH_KNOTS((3,3),(0.00000000000000000E0,1.00000000000000000E0),.UNSPECIFIED.)CURVE()GEOMETRIC_REPRESENTATION_ITEM()RATIONAL_B_SPLINE_CURVE((1.00000000000000000E0,7.07106781186547573E-1,1.00000000000000000E0))REPRESENTATION_ITEM(''));
#532=CARTESIAN_POINT('',(2.63094859750999222E-1,-6.35167178601509619E-1,7.50000000000000000E0));
#533=CARTESIAN_POINT('',(3.74999999999999944E-1,-6.49519052838329003E-1,1.00000000000000000E1));
#534=B_SPLINE_CURVE_WITH_KNOTS('',1,(#532,#533),.UNSPECIFIED.,.F.,.F.,(2,2),(0.00000000000000000E0,1.00000000000000000E0),.UNSPECIFIED.);
#535=CARTESIAN_POINT('',(-6.49519052838329003E-1,-3.74999999999999944E-1,1.00000000000000000E1));
#536=CARTESIAN_POINT('',(-2.74519052838329058E-1,-1.02451905283832900E0,1.00000000000000000E1));
#537=CARTESIAN_POINT('',(3.74999999999999944E-1,-6.49519052838329003E-1,1.00000000000000000E1));
#538=(BOUNDED_CURVE()B_SPLINE_CURVE(2,(#535,#536,#537),.UNSPECIFIED.,.F.,.F.)B_SPLINE_CURVE_WITH_KNOTS((3,3),(0.00000000000000000E0,1.00000000000000000E0),.UNSPECIFIED.)CURVE()GEOMETRIC_REPRESENTATION_ITEM()RATIONAL_B_SPLINE_CURVE((1.00000000000000000E0,7.07106781186547573E-1,1.00000000000000000E0))REPRESENTATION_ITEM(''));
#539=CARTESIAN_POINT('',(6.49519052838329003E-1,3.74999999999999944E-1,1.00000000000000000E1));
#540=CARTESIAN_POINT('',(1.02451905283832900E0,-2.74519052838329058E-1,1.00000000000000000E1));
#541=CARTESIAN_POINT('',(3.74999999999999944E-1,-6.49519052838329003E-1,1.00000000000000000E1));
#542=(BOUNDED_CURVE()B_SPLINE_CURVE(2,(#539,#540,#541),.UNSPECIFIED.,.F.,.F.)B_SPLINE_CURVE_WITH_KNOTS((3,3),(0.00000000000000000E0,1.00000000000000000E0),.UNSPECIFIED.)CURVE()GEOMETRIC_REPRESENTATION_ITEM()RATIONAL_B_SPLINE_CURVE((1.00000000000000000E0,7.07106781186547573E-1,1.00000000000000000E0))REPRESENTATION_ITEM(''));
#543=CARTESIAN_POINT('',(1.05237943900399700E-1,-2.54066871440603859E-1,7.50000000000000000E0));
#544=CARTESIAN_POINT('',(1.49999999999999994E-1,-2.59807621135331623E-1,1.00000000000000000E1));
#545=B_SPLINE_CURVE_WITH_KNOTS('',1,(#543,#544),.UNSPECIFIED.,.F.,.F.,(2,2),(0.00000000000000000E0,1.00000000000000000E0),.UNSPECIFIED.);
#546=CARTESIAN_POINT('',(2.59807621135331623E-1,1.49999999999999994E-1,1.00000000000000000E1));
#547=CARTESIAN_POINT('',(4.09807621135331646E-1,-1.09807621135331657E-1,1.00000000000000000E1));
#548=CARTESIAN_POINT('',(1.49999999999999994E-1,-2.59807621135331623E-1,1.00000000000000000E1));
#549=(BOUNDED_CURVE()B_SPLINE_CURVE(2,(#546,#547,#548),.UNSPECIFIED.,.F.,.F.)B_SPLINE_CURVE_WITH_KNOTS((3,3),(0.00000000000000000E0,1.00000000000000000E0),.UNSPECIFIED.)CURVE()GEOMETRIC_REPRESENTATION_ITEM()RATIONAL_B_SPLINE_CURVE((1.00000000000000000E0,7.07106781186547573E-1,1.00000000000000000E0))REPRESENTATION_ITEM(''));
#550=CARTESIAN_POINT('',(2.54066871440603859E-1,1.05237943900399700E-1,7.50000000000000000E0));
#551=CARTESIAN_POINT('',(2.59807621135331623E-1,1.49999999999999994E-1,1.00000000000000000E1));
#552=B_SPLINE_CURVE_WITH_KNOTS('',1,(#550,#551),.UNSPECIFIED.,.F.,.F.,(2,2),(0.00000000000000000E0,1.00000000000000000E0),.UNSPECIFIED.);
#553=CARTESIAN_POINT('',(-2.54066871440603859E-1,-1.05237943900399700E-1,7.50000000000000000E0));
#554=CARTESIAN_POINT('',(-2.59807621135331623E-1,-1.49999999999999994E-1,1.00000000000000000E1));
#555=B_SPLINE_CURVE_WITH_KNOTS('',1,(#553,#554),.UNSPECIFIED.,.F.,.F.,(2,2),(0.00000000000000000E0,1.00000000000000000E0),.UNSPECIFIED.);
#556=CARTESIAN_POINT('',(1.49999999999999994E-1,-2.59807621135331623E-1,1.00000000000000000E1));
#557=CARTESIAN_POINT('',(-1.09807621135331657E-1,-4.09807621135331646E-1,1.00000000000000000E1));
#558=CARTESIAN_POINT('',(-2.59807621135331623E-1,-1.49999999999999994E-1,1.00000000000000000E1));
#559=(BOUNDED_CURVE()B_SPLINE_CURVE(2,(#556,#557,#558),.UNSPECIFIED.,.F.,.F.)B_SPLINE_CURVE_WITH_KNOTS((3,3),(0.00000000000000000E0,1.00000000000000000E0),.UNSPECIFIED.)CURVE()GEOMETRIC_REPRESENTATION_ITEM()RATIONAL_B_SPLINE_CURVE((1.00000000000000000E0,7.07106781186547573E-1,1.00000000000000000E0))REPRESENTATION_ITEM(''));
#560=CARTESIAN_POINT('',(-1.05237943900399700E-1,2.54066871440603859E-1,7.50000000000000000E0));
#561=CARTESIAN_POINT('',(-1.49999999999999994E-1,2.59807621135331623E-1,1.00000000000000000E1));
#562=B_SPLINE_CURVE_WITH_KNOTS('',1,(#560,#561),.UNSPECIFIED.,.F.,.F.,(2,2),(0.00000000000000000E0,1.00000000000000000E0),.UNSPECIFIED.);
#563=CARTESIAN_POINT('',(-2.59807621135331623E-1,-1.49999999999999994E-1,1.00000000000000000E1));
#564=CARTESIAN_POINT('',(-4.09807621135331646E-1,1.09807621135331657E-1,1.00000000000000000E1));
#565=CARTESIAN_POINT('',(-1.49999999999999994E-1,2.59807621135331623E-1,1.00000000000000000E1));
#566=(BOUNDED_CURVE()B_SPLINE_CURVE(2,(#563,#564,#565),.UNSPECIFIED.,.F.,.F.)B_SPLINE_CURVE_WITH_KNOTS((3,3),(0.00000000000000000E0,1.00000000000000000E0),.UNSPECIFIED.)CURVE()GEOMETRIC_REPRESENTATION_ITEM()RATIONAL_B_SPLINE_CURVE((1.00000000000000000E0,7.07106781186547573E-1,1.00000000000000000E0))REPRESENTATION_ITEM(''));
#567=CARTESIAN_POINT('',(2.59807621135331623E-1,1.49999999999999994E-1,1.00000000000000000E1));
#568=CARTESIAN_POINT('',(1.09807621135331657E-1,4.09807621135331646E-1,1.00000000000000000E1));
#569=CARTESIAN_POINT('',(-1.49999999999999994E-1,2.59807621135331623E-1,1.00000000000000000E1));
#570=(BOUNDED_CURVE()B_SPLINE_CURVE(2,(#567,#568,#569),.UNSPECIFIED.,.F.,.F.)B_SPLINE_CURVE_WITH_KNOTS((3,3),(0.00000000000000000E0,1.00000000000000000E0),.UNSPECIFIED.)CURVE()GEOMETRIC_REPRESENTATION_ITEM()RATIONAL_B_SPLINE_CURVE((1.00000000000000000E0,7.07106781186547573E-1,1.00000000000000000E0))REPRESENTATION_ITEM(''));
#571=(GEOMETRIC_REPRESENTATION_CONTEXT(2)REPRESENTATION_CONTEXT('','2D'));
#572=CARTESIAN_POINT('',(0.00000000000000000E0,0.00000000000000000E0));
#573=CARTESIAN_POINT('',(1.00000000000000000E0,0.00000000000000000E0));
#574=B_SPLINE_CURVE_WITH_KNOTS('',1,(#572,#573),.UNSPECIFIED.,.F.,.F.,(2,2),(0.00000000000000000E0,1.00000000000000000E0),.UNSPECIFIED.);
#575=DEFINITIONAL_REPRESENTATION('',(#574),#571);
#576=PCURVE('',#87,#575);
#577=CARTESIAN_POINT('',(1.00000000000000000E0,0.00000000000000000E0));
#578=CARTESIAN_POINT('',(1.00000000000000000E0,1.00000000000000000E0));
#579=B_SPLINE_CURVE_WITH_KNOTS('',1,(#577,#578),.UNSPECIFIED.,.F.,.F.,(2,2),(0.00000000000000000E0,1.00000000000000000E0),.UNSPECIFIED.);
#580=DEFINITIONAL_REPRESENTATION('',(#579),#571);
#581=PCURVE('',#87,#580);
#582=CARTESIAN_POINT('',(1.00000000000000000E0,1.00000000000000000E0));
#583=CARTESIAN_POINT('',(0.00000000000000000E0,1.00000000000000000E0));
#584=B_SPLINE_CURVE_WITH_KNOTS('',1,(#582,#583),.UNSPECIFIED.,.F.,.F.,(2,2),(0.00000000000000000E0,1.00000000000000000E0),.UNSPECIFIED.);
#585=DEFINITIONAL_REPRESENTATION('',(#584),#571);
#586=PCURVE('',#87,#585);
#587=CARTESIAN_POINT('',(0.00000000000000000E0,1.00000000000000000E0));
#588=CARTESIAN_POINT('',(0.00000000000000000E0,0.00000000000000000E0));
#589=B_SPLINE_CURVE_WITH_KNOTS('',1,(#587,#588),.UNSPECIFIED.,.F.,.F.,(2,2),(0.00000000000000000E0,1.00000000000000000E0),.UNSPECIFIED.);
#590=DEFINITIONAL_REPRESENTATION('',(#589),#571);
#591=PCURVE('',#87,#590);
#592=CARTESIAN_POINT('',(0.00000000000000000E0,0.00000000000000000E0));
#593=CARTESIAN_POINT('',(1.00000000000000000E0,0.00000000000000000E0));
#594=B_SPLINE_CURVE_WITH_KNOTS('',1,(#592,#593),.UNSPECIFIED.,.F.,.F.,(2,2),(0.00000000000000000E0,1.00000000000000000E0),.UNSPECIFIED.);
#595=DEFINITIONAL_REPRESENTATION('',(#594),#571);
#596=PCURVE('',#94,#595);
#597=CARTESIAN_POINT('',(1.00000000000000000E0,0.00000000000000000E0));
#598=CARTESIAN_POINT('',(1.00000000000000000E0,1.00000000000000000E0));
#599=B_SPLINE_CURVE_WITH_KNOTS('',1,(#597,#598),.UNSPECIFIED.,.F.,.F.,(2,2),(0.00000000000000000E0,1.00000000000000000E0),.UNSPECIFIED.);
#600=DEFINITIONAL_REPRESENTATION('',(#599),#571);
#601=PCURVE('',#94,#600);
#602=CARTESIAN_POINT('',(1.00000000000000000E0,1.00000000000000000E0));
#603=CARTESIAN_POINT('',(0.00000000000000000E0,1.00000000000000000E0));
#604=B_SPLINE_CURVE_WITH_KNOTS('',1,(#602,#603),.UNSPECIFIED.,.F.,.F.,(2,2),(0.00000000000000000E0,1.00000000000000000E0),.UNSPECIFIED.);
#605=DEFINITIONAL_REPRESENTATION('',(#604),#571);
#606=PCURVE('',#94,#605);
#607=CARTESIAN_POINT('',(0.00000000000000000E0,1.00000000000000000E0));
#608=CARTESIAN_POINT('',(0.00000000000000000E0,0.00000000000000000E0));
#609=B_SPLINE_CURVE_WITH_KNOTS('',1,(#607,#608),.UNSPECIFIED.,.F.,.F.,(2,2),(0.00000000000000000E0,1.00000000000000000E0),.UNSPECIFIED.);
#610=DEFINITIONAL_REPRESENTATION('',(#609),#571);
#611=PCURVE('',#94,#610);
#612=CARTESIAN_POINT('',(0.00000000000000000E0,0.00000000000000000E0));
#613=CARTESIAN_POINT('',(1.00000000000000000E0,0.00000000000000000E0));
#614=B_SPLINE_CURVE_WITH_KNOTS('',1,(#612,#613),.UNSPECIFIED.,.F.,.F.,(2,2),(0.00000000000000000E0,1.00000000000000000E0),.UNSPECIFIED.);
#615=DEFINITIONAL_REPRESENTATION('',(#614),#571);
#616=PCURVE('',#101,#615);
#617=CARTESIAN_POINT('',(1.00000000000000000E0,0.00000000000000000E0));
#618=CARTESIAN_POINT('',(1.00000000000000000E0,1.00000000000000000E0));
#619=B_SPLINE_CURVE_WITH_KNOTS('',1,(#617,#618),.UNSPECIFIED.,.F.,.F.,(2,2),(0.00000000000000000E0,1.00000000000000000E0),.UNSPECIFIED.);
#620=DEFINITIONAL_REPRESENTATION('',(#619),#571);
#621=PCURVE('',#101,#620);
#622=CARTESIAN_POINT('',(1.00000000000000000E0,1.00000000000000000E0));
#623=CARTESIAN_POINT('',(0.00000000000000000E0,1.00000000000000000E0));
#624=B_SPLINE_CURVE_WITH_KNOTS('',1,(#622,#623),.UNSPECIFIED.,.F.,.F.,(2,2),(0.00000000000000000E0,1.00000000000000000E0),.UNSPECIFIED.);
#625=DEFINITIONAL_REPRESENTATION('',(#624),#571);
#626=PCURVE('',#101,#625);
#627=CARTESIAN_POINT('',(0.00000000000000000E0,1.00000000000000000E0));
#628=CARTESIAN_POINT('',(0.00000000000000000E0,0.00000000000000000E0));
#629=B_SPLINE_CURVE_WITH_KNOTS('',1,(#627,#628),.UNSPECIFIED.,.F.,.F.,(2,2),(0.00000000000000000E0,1.00000000000000000E0),.UNSPECIFIED.);
#630=DEFINITIONAL_REPRESENTATION('',(#629),#571);
#631=PCURVE('',#101,#630);
#632=CARTESIAN_POINT('',(0.00000000000000000E0,0.00000000000000000E0));
#633=CARTESIAN_POINT('',(1.00000000000000000E0,0.00000000000000000E0));
#634=B_SPLINE_CURVE_WITH_KNOTS('',1,(#632,#633),.UNSPECIFIED.,.F.,.F.,(2,2),(0.00000000000000000E0,1.00000000000000000E0),.UNSPECIFIED.);
#635=DEFINITIONAL_REPRESENTATION('',(#634),#571);
#636=PCURVE('',#108,#635);
#637=CARTESIAN_POINT('',(1.00000000000000000E0,0.00000000000000000E0));
#638=CARTESIAN_POINT('',(1.00000000000000000E0,1.00000000000000000E0));
#639=B_SPLINE_CURVE_WITH_KNOTS('',1,(#637,#638),.UNSPECIFIED.,.F.,.F.,(2,2),(0.00000000000000000E0,1.00000000000000000E0),.UNSPECIFIED.);
#640=DEFINITIONAL_REPRESENTATION('',(#639),#571);
#641=PCURVE('',#108,#640);
#642=CARTESIAN_POINT('',(1.00000000000000000E0,1.00000000000000000E0));
#643=CARTESIAN_POINT('',(0.00000000000000000E0,1.00000000000000000E0));
#644=B_SPLINE_CURVE_WITH_KNOTS('',1,(#642,#643),.UNSPECIFIED.,.F.,.F.,(2,2),(0.00000000000000000E0,1.00000000000000000E0),.UNSPECIFIED.);
#645=DEFINITIONAL_REPRESENTATION('',(#644),#571);
#646=PCURVE('',#108,#645);
#647=CARTESIAN_POINT('',(0.00000000000000000E0,1.00000000000000000E0));
#648=CARTESIAN_POINT('',(0.00000000000000000E0,0.00000000000000000E0));
#649=B_SPLINE_CURVE_WITH_KNOTS('',1,(#647,#648),.UNSPECIFIED.,.F.,.F.,(2,2),(0.00000000000000000E0,1.00000000000000000E0),.UNSPECIFIED.);
#650=DEFINITIONAL_REPRESENTATION('',(#649),#571);
#651=PCURVE('',#108,#650);
#652=CARTESIAN_POINT('',(0.00000000000000000E0,0.00000000000000000E0));
#653=CARTESIAN_POINT('',(1.00000000000000000E0,0.00000000000000000E0));
#654=B_SPLINE_CURVE_WITH_KNOTS('',1,(#652,#653),.UNSPECIFIED.,.F.,.F.,(2,2),(0.00000000000000000E0,1.00000000000000000E0),.UNSPECIFIED.);
#655=DEFINITIONAL_REPRESENTATION('',(#654),#571);
#656=PCURVE('',#115,#655);
#657=CARTESIAN_POINT('',(1.00000000000000000E0,0.00000000000000000E0));
#658=CARTESIAN_POINT('',(1.00000000000000000E0,1.00000000000000000E0));
#659=B_SPLINE_CURVE_WITH_KNOTS('',1,(#657,#658),.UNSPECIFIED.,.F.,.F.,(2,2),(0.00000000000000000E0,1.00000000000000000E0),.UNSPECIFIED.);
#660=DEFINITIONAL_REPRESENTATION('',(#659),#571);
#661=PCURVE('',#115,#660);
#662=CARTESIAN_POINT('',(1.00000000000000000E0,1.00000000000000000E0));
#663=CARTESIAN_POINT('',(0.00000000000000000E0,1.00000000000000000E0));
#664=B_SPLINE_CURVE_WITH_KNOTS('',1,(#662,#663),.UNSPECIFIED.,.F.,.F.,(2,2),(0.00000000000000000E0,1.00000000000000000E0),.UNSPECIFIED.);
#665=DEFINITIONAL_REPRESENTATION('',(#664),#571);
#666=PCURVE('',#115,#665);
#667=CARTESIAN_POINT('',(0.00000000000000000E0,1.00000000000000000E0));
#668=CARTESIAN_POINT('',(0.00000000000000000E0,0.00000000000000000E0));
#669=B_SPLINE_CURVE_WITH_KNOTS('',1,(#667,#668),.UNSPECIFIED.,.F.,.F.,(2,2),(0.00000000000000000E0,1.00000000000000000E0),.UNSPECIFIED.);
#670=DEFINITIONAL_REPRESENTATION('',(#669),#571);
#671=PCURVE('',#115,#670);
#672=CARTESIAN_POINT('',(0.00000000000000000E0,0.00000000000000000E0));
#673=CARTESIAN_POINT('',(1.00000000000000000E0,0.00000000000000000E0));
#674=B_SPLINE_CURVE_WITH_KNOTS('',1,(#672,#673),.UNSPECIFIED.,.F.,.F.,(2,2),(0.00000000000000000E0,1.00000000000000000E0),.UNSPECIFIED.);
#675=DEFINITIONAL_REPRESENTATION('',(#674),#571);
#676=PCURVE('',#122,#675);
#677=CARTESIAN_POINT('',(1.00000000000000000E0,0.00000000000000000E0));
#678=CARTESIAN_POINT('',(1.00000000000000000E0,1.00000000000000000E0));
#679=B_SPLINE_CURVE_WITH_KNOTS('',1,(#677,#678),.UNSPECIFIED.,.F.,.F.,(2,2),(0.00000000000000000E0,1.00000000000000000E0),.UNSPECIFIED.);
#680=DEFINITIONAL_REPRESENTATION('',(#679),#571);
#681=PCURVE('',#122,#680);
#682=CARTESIAN_POINT('',(1.00000000000000000E0,1.00000000000000000E0));
#683=CARTESIAN_POINT('',(0.00000000000000000E0,1.00000000000000000E0));
#684=B_SPLINE_CURVE_WITH_KNOTS('',1,(#682,#683),.UNSPECIFIED.,.F.,.F.,(2,2),(0.00000000000000000E0,1.00000000000000000E0),.UNSPECIFIED.);
#685=DEFINITIONAL_REPRESENTATION('',(#684),#571);
#686=PCURVE('',#122,#685);
#687=CARTESIAN_POINT('',(0.00000000000000000E0,1.00000000000000000E0));
#688=CARTESIAN_POINT('',(0.00000000000000000E0,0.00000000000000000E0));
#689=B_SPLINE_CURVE_WITH_KNOTS('',1,(#687,#688),.UNSPECIFIED.,.F.,.F.,(2,2),(0.00000000000000000E0,1.00000000000000000E0),.UNSPECIFIED.);
#690=DEFINITIONAL_REPRESENTATION('',(#689),#571);
#691=PCURVE('',#122,#690);
#692=CARTESIAN_POINT('',(0.00000000000000000E0,0.00000000000000000E0));
#693=CARTESIAN_POINT('',(1.00000000000000000E0,0.00000000000000000E0));
#694=B_SPLINE_CURVE_WITH_KNOTS('',1,(#692,#693),.UNSPECIFIED.,.F.,.F.,(2,2),(0.00000000000000000E0,1.00000000000000000E0),.UNSPECIFIED.);
#695=DEFINITIONAL_REPRESENTATION('',(#694),#571);
#696=PCURVE('',#129,#695);
#697=CARTESIAN_POINT('',(1.00000000000000000E0,0.00000000000000000E0));
#698=CARTESIAN_POINT('',(1.00000000000000000E0,1.00000000000000000E0));
#699=B_SPLINE_CURVE_WITH_KNOTS('',1,(#697,#698),.UNSPECIFIED.,.F.,.F.,(2,2),(0.00000000000000000E0,1.00000000000000000E0),.UNSPECIFIED.);
#700=DEFINITIONAL_REPRESENTATION('',(#699),#571);
#701=PCURVE('',#129,#700);
#702=CARTESIAN_POINT('',(1.00000000000000000E0,1.00000000000000000E0));
#703=CARTESIAN_POINT('',(0.00000000000000000E0,1.00000000000000000E0));
#704=B_SPLINE_CURVE_WITH_KNOTS('',1,(#702,#703),.UNSPECIFIED.,.F.,.F.,(2,2),(0.00000000000000000E0,1.00000000000000000E0),.UNSPECIFIED.);
#705=DEFINITIONAL_REPRESENTATION('',(#704),#571);
#706=PCURVE('',#129,#705);
#707=CARTESIAN_POINT('',(0.00000000000000000E0,1.00000000000000000E0));
#708=CARTESIAN_POINT('',(0.00000000000000000E0,0.00000000000000000E0));
#709=B_SPLINE_CURVE_WITH_KNOTS('',1,(#707,#708),.UNSPECIFIED.,.F.,.F.,(2,2),(0.00000000000000000E0,1.00000000000000000E0),.UNSPECIFIED.);
#710=DEFINITIONAL_REPRESENTATION('',(#709),#571);
#711=PCURVE('',#129,#710);
#712=CARTESIAN_POINT('',(0.00000000000000000E0,0.00000000000000000E0));
#713=CARTESIAN_POINT('',(1.00000000000000000E0,0.00000000000000000E0));
#714=B_SPLINE_CURVE_WITH_KNOTS('',1,(#712,#713),.UNSPECIFIED.,.F.,.F.,(2,2),(0.00000000000000000E0,1.00000000000000000E0),.UNSPECIFIED.);
#715=DEFINITIONAL_REPRESENTATION('',(#714),#571);
#716=PCURVE('',#136,#715);
#717=CARTESIAN_POINT('',(1.00000000000000000E0,0.00000000000000000E0));
#718=CARTESIAN_POINT('',(1.00000000000000000E0,1.00000000000000000E0));
#719=B_SPLINE_CURVE_WITH_KNOTS('',1,(#717,#718),.UNSPECIFIED.,.F.,.F.,(2,2),(0.00000000000000000E0,1.00000000000000000E0),.UNSPECIFIED.);
#720=DEFINITIONAL_REPRESENTATION('',(#719),#571);
#721=PCURVE('',#136,#720);
#722=CARTESIAN_POINT('',(1.00000000000000000E0,1.00000000000000000E0));
#723=CARTESIAN_POINT('',(0.00000000000000000E0,1.00000000000000000E0));
#724=B_SPLINE_CURVE_WITH_KNOTS('',1,(#722,#723),.UNSPECIFIED.,.F.,.F.,(2,2),(0.00000000000000000E0,1.00000000000000000E0),.UNSPECIFIED.);
#725=DEFINITIONAL_REPRESENTATION('',(#724),#571);
#726=PCURVE('',#136,#725);
#727=CARTESIAN_POINT('',(0.00000000000000000E0,1.00000000000000000E0));
#728=CARTESIAN_POINT('',(0.00000000000000000E0,0.00000000000000000E0));
#729=B_SPLINE_CURVE_WITH_KNOTS('',1,(#727,#728),.UNSPECIFIED.,.F.,.F.,(2,2),(0.00000000000000000E0,1.00000000000000000E0),.UNSPECIFIED.);
#730=DEFINITIONAL_REPRESENTATION('',(#729),#571);
#731=PCURVE('',#136,#730);
#732=CARTESIAN_POINT('',(0.00000000000000000E0,0.00000000000000000E0));
#733=CARTESIAN_POINT('',(1.00000000000000000E0,0.00000000000000000E0));
#734=B_SPLINE_CURVE_WITH_KNOTS('',1,(#732,#733),.UNSPECIFIED.,.F.,.F.,(2,2),(0.00000000000000000E0,1.00000000000000000E0),.UNSPECIFIED.);
#735=DEFINITIONAL_REPRESENTATION('',(#734),#571);
#736=PCURVE('',#143,#735);
#737=CARTESIAN_POINT('',(1.00000000000000000E0,0.00000000000000000E0));
#738=CARTESIAN_POINT('',(1.00000000000000000E0,1.00000000000000000E0));
#739=B_SPLINE_CURVE_WITH_KNOTS('',1,(#737,#738),.UNSPECIFIED.,.F.,.F.,(2,2),(0.00000000000000000E0,1.00000000000000000E0),.UNSPECIFIED.);
#740=DEFINITIONAL_REPRESENTATION('',(#739),#571);
#741=PCURVE('',#143,#740);
#742=CARTESIAN_POINT('',(1.00000000000000000E0,1.00000000000000000E0));
#743=CARTESIAN_POINT('',(0.00000000000000000E0,1.00000000000000000E0));
#744=B_SPLINE_CURVE_WITH_KNOTS('',1,(#742,#743),.UNSPECIFIED.,.F.,.F.,(2,2),(0.00000000000000000E0,1.00000000000000000E0),.UNSPECIFIED.);
#745=DEFINITIONAL_REPRESENTATION('',(#744),#571);
#746=PCURVE('',#143,#745);
#747=CARTESIAN_POINT('',(0.00000000000000000E0,1.00000000000000000E0));
#748=CARTESIAN_POINT('',(0.00000000000000000E0,0.00000000000000000E0));
#749=B_SPLINE_CURVE_WITH_KNOTS('',1,(#747,#748),.UNSPECIFIED.,.F.,.F.,(2,2),(0.00000000000000000E0,1.00000000000000000E0),.UNSPECIFIED.);
#750=DEFINITIONAL_REPRESENTATION('',(#749),#571);
#751=PCURVE('',#143,#750);
#752=CARTESIAN_POINT('',(0.00000000000000000E0,0.00000000000000000E0));
#753=CARTESIAN_POINT('',(1.00000000000000000E0,0.00000000000000000E0));
#754=B_SPLINE_CURVE_WITH_KNOTS('',1,(#752,#753),.UNSPECIFIED.,.F.,.F.,(2,2),(0.00000000000000000E0,1.00000000000000000E0),.UNSPECIFIED.);
#755=DEFINITIONAL_REPRESENTATION('',(#754),#571);
#756=PCURVE('',#150,#755);
#757=CARTESIAN_POINT('',(1.00000000000000000E0,0.00000000000000000E0));
#758=CARTESIAN_POINT('',(1.00000000000000000E0,1.00000000000000000E0));
#759=B_SPLINE_CURVE_WITH_KNOTS('',1,(#757,#758),.UNSPECIFIED.,.F.,.F.,(2,2),(0.00000000000000000E0,1.00000000000000000E0),.UNSPECIFIED.);
#760=DEFINITIONAL_REPRESENTATION('',(#759),#571);
#761=PCURVE('',#150,#760);
#762=CARTESIAN_POINT('',(1.00000000000000000E0,1.00000000000000000E0));
#763=CARTESIAN_POINT('',(0.00000000000000000E0,1.00000000000000000E0));
#764=B_SPLINE_CURVE_WITH_KNOTS('',1,(#762,#763),.UNSPECIFIED.,.F.,.F.,(2,2),(0.00000000000000000E0,1.00000000000000000E0),.UNSPECIFIED.);
#765=DEFINITIONAL_REPRESENTATION('',(#764),#571);
#766=PCURVE('',#150,#765);
#767=CARTESIAN_POINT('',(0.00000000000000000E0,1.00000000000000000E0));
#768=CARTESIAN_POINT('',(0.00000000000000000E0,0.00000000000000000E0));
#769=B_SPLINE_CURVE_WITH_KNOTS('',1,(#767,#768),.UNSPECIFIED.,.F.,.F.,(2,2),(0.00000000000000000E0,1.00000000000000000E0),.UNSPECIFIED.);
#770=DEFINITIONAL_REPRESENTATION('',(#769),#571);
#771=PCURVE('',#150,#770);
#772=CARTESIAN_POINT('',(0.00000000000000000E0,0.00000000000000000E0));
#773=CARTESIAN_POINT('',(1.00000000000000000E0,0.00000000000000000E0));
#774=B_SPLINE_CURVE_WITH_KNOTS('',1,(#772,#773),.UNSPECIFIED.,.F.,.F.,(2,2),(0.00000000000000000E0,1.00000000000000000E0),.UNSPECIFIED.);
#775=DEFINITIONAL_REPRESENTATION('',(#774),#571);
#776=PCURVE('',#157,#775);
#777=CARTESIAN_POINT('',(1.00000000000000000E0,0.00000000000000000E0));
#778=CARTESIAN_POINT('',(1.00000000000000000E0,1.00000000000000000E0));
#779=B_SPLINE_CURVE_WITH_KNOTS('',1,(#777,#778),.UNSPECIFIED.,.F.,.F.,(2,2),(0.00000000000000000E0,1.00000000000000000E0),.UNSPECIFIED.);
#780=DEFINITIONAL_REPRESENTATION('',(#779),#571);
#781=PCURVE('',#157,#780);
#782=CARTESIAN_POINT('',(1.00000000000000000E0,1.00000000000000000E0));
#783=CARTESIAN_POINT('',(0.00000000000000000E0,1.00000000000000000E0));
#784=B_SPLINE_CURVE_WITH_KNOTS('',1,(#782,#783),.UNSPECIFIED.,.F.,.F.,(2,2),(0.00000000000000000E0,1.00000000000000000E0),.UNSPECIFIED.);
#785=DEFINITIONAL_REPRESENTATION('',(#784),#571);
#786=PCURVE('',#157,#785);
#787=CARTESIAN_POINT('',(0.00000000000000000E0,1.00000000000000000E0));
#788=CARTESIAN_POINT('',(0.00000000000000000E0,0.00000000000000000E0));
#789=B_SPLINE_CURVE_WITH_KNOTS('',1,(#787,#788),.UNSPECIFIED.,.F.,.F.,(2,2),(0.00000000000000000E0,1.00000000000000000E0),.UNSPECIFIED.);
#790=DEFINITIONAL_REPRESENTATION('',(#789),#571);
#791=PCURVE('',#157,#790);
#792=CARTESIAN_POINT('',(0.00000000000000000E0,0.00000000000000000E0));
#793=CARTESIAN_POINT('',(1.00000000000000000E0,0.00000000000000000E0));
#794=B_SPLINE_CURVE_WITH_KNOTS('',1,(#792,#793),.UNSPECIFIED.,.F.,.F.,(2,2),(0.00000000000000000E0,1.00000000000000000E0),.UNSPECIFIED.);
#795=DEFINITIONAL_REPRESENTATION('',(#794),#571);
#796=PCURVE('',#164,#795);
#797=CARTESIAN_POINT('',(1.00000000000000000E0,0.00000000000000000E0));
#798=CARTESIAN_POINT('',(1.00000000000000000E0,1.00000000000000000E0));
#799=B_SPLINE_CURVE_WITH_KNOTS('',1,(#797,#798),.UNSPECIFIED.,.F.,.F.,(2,2),(0.00000000000000000E0,1.00000000000000000E0),.UNSPECIFIED.);
#800=DEFINITIONAL_REPRESENTATION('',(#799),#571);
#801=PCURVE('',#164,#800);
#802=CARTESIAN_POINT('',(1.00000000000000000E0,1.00000000000000000E0));
#803=CARTESIAN_POINT('',(0.00000000000000000E0,1.00000000000000000E0));
#804=B_SPLINE_CURVE_WITH_KNOTS('',1,(#802,#803),.UNSPECIFIED.,.F.,.F.,(2,2),(0.00000000000000000E0,1.00000000000000000E0),.UNSPECIFIED.);
#805=DEFINITIONAL_REPRESENTATION('',(#804),#571);
#806=PCURVE('',#164,#805);
#807=CARTESIAN_POINT('',(0.00000000000000000E0,1.00000000000000000E0));
#808=CARTESIAN_POINT('',(0.00000000000000000E0,0.00000000000000000E0));
#809=B_SPLINE_CURVE_WITH_KNOTS('',1,(#807,#808),.UNSPECIFIED.,.F.,.F.,(2,2),(0.00000000000000000E0,1.00000000000000000E0),.UNSPECIFIED.);
#810=DEFINITIONAL_REPRESENTATION('',(#809),#571);
#811=PCURVE('',#164,#810);
#812=CARTESIAN_POINT('',(0.00000000000000000E0,0.00000000000000000E0));
#813=CARTESIAN_POINT('',(1.00000000000000000E0,0.00000000000000000E0));
#814=B_SPLINE_CURVE_WITH_KNOTS('',1,(#812,#813),.UNSPECIFIED.,.F.,.F.,(2,2),(0.00000000000000000E0,1.00000000000000000E0),.UNSPECIFIED.);
#815=DEFINITIONAL_REPRESENTATION('',(#814),#571);
#816=PCURVE('',#171,#815);
#817=CARTESIAN_POINT('',(1.00000000000000000E0,0.00000000000000000E0));
#818=CARTESIAN_POINT('',(1.00000000000000000E0,1.00000000000000000E0));
#819=B_SPLINE_CURVE_WITH_KNOTS('',1,(#817,#818),.UNSPECIFIED.,.F.,.F.,(2,2),(0.00000000000000000E0,1.00000000000000000E0),.UNSPECIFIED.);
#820=DEFINITIONAL_REPRESENTATION('',(#819),#571);
#821=PCURVE('',#171,#820);
#822=CARTESIAN_POINT('',(1.00000000000000000E0,1.00000000000000000E0));
#823=CARTESIAN_POINT('',(0.00000000000000000E0,1.00000000000000000E0));
#824=B_SPLINE_CURVE_WITH_KNOTS('',1,(#822,#823),.UNSPECIFIED.,.F.,.F.,(2,2),(0.00000000000000000E0,1.00000000000000000E0),.UNSPECIFIED.);
#825=DEFINITIONAL_REPRESENTATION('',(#824),#571);
#826=PCURVE('',#171,#825);
#827=CARTESIAN_POINT('',(0.00000000000000000E0,1.00000000000000000E0));
#828=CARTESIAN_POINT('',(0.00000000000000000E0,0.00000000000000000E0));
#829=B_SPLINE_CURVE_WITH_KNOTS('',1,(#827,#828),.UNSPECIFIED.,.F.,.F.,(2,2),(0.00000000000000000E0,1.00000000000000000E0),.UNSPECIFIED.);
#830=DEFINITIONAL_REPRESENTATION('',(#829),#571);
#831=PCURVE('',#171,#830);
#832=CARTESIAN_POINT('',(0.00000000000000000E0,0.00000000000000000E0));
#833=CARTESIAN_POINT('',(1.00000000000000000E0,0.00000000000000000E0));
#834=B_SPLINE_CURVE_WITH_KNOTS('',1,(#832,#833),.UNSPECIFIED.,.F.,.F.,(2,2),(0.00000000000000000E0,1.00000000000000000E0),.UNSPECIFIED.);
#835=DEFINITIONAL_REPRESENTATION('',(#834),#571);
#836=PCURVE('',#178,#835);
#837=CARTESIAN_POINT('',(1.00000000000000000E0,0.00000000000000000E0));
#838=CARTESIAN_POINT('',(1.00000000000000000E0,1.00000000000000000E0));
#839=B_SPLINE_CURVE_WITH_KNOTS('',1,(#837,#838),.UNSPECIFIED.,.F.,.F.,(2,2),(0.00000000000000000E0,1.00000000000000000E0),.UNSPECIFIED.);
#840=DEFINITIONAL_REPRESENTATION('',(#839),#571);
#841=PCURVE('',#178,#840);
#842=CARTESIAN_POINT('',(1.00000000000000000E0,1.00000000000000000E0));
#843=CARTESIAN_POINT('',(0.00000000000000000E0,1.00000000000000000E0));
#844=B_SPLINE_CURVE_WITH_KNOTS('',1,(#842,#843),.UNSPECIFIED.,.F.,.F.,(2,2),(0.00000000000000000E0,1.00000000000000000E0),.UNSPECIFIED.);
#845=DEFINITIONAL_REPRESENTATION('',(#844),#571);
#846=PCURVE('',#178,#845);
#847=CARTESIAN_POINT('',(0.00000000000000000E0,1.00000000000000000E0));
#848=CARTESIAN_POINT('',(0.00000000000000000E0,0.00000000000000000E0));
#849=B_SPLINE_CURVE_WITH_KNOTS('',1,(#847,#848),.UNSPECIFIED.,.F.,.F.,(2,2),(0.00000000000000000E0,1.00000000000000000E0),.UNSPECIFIED.);
#850=DEFINITIONAL_REPRESENTATION('',(#849),#571);
#851=PCURVE('',#178,#850);
#852=CARTESIAN_POINT('',(0.00000000000000000E0,0.00000000000000000E0));
#853=CARTESIAN_POINT('',(1.00000000000000000E0,0.00000000000000000E0));
#854=B_SPLINE_CURVE_WITH_KNOTS('',1,(#852,#853),.UNSPECIFIED.,.F.,.F.,(2,2),(0.00000000000000000E0,1.00000000000000000E0),.UNSPECIFIED.);
#855=DEFINITIONAL_REPRESENTATION('',(#854),#571);
#856=PCURVE('',#185,#855);
#857=CARTESIAN_POINT('',(1.00000000000000000E0,0.00000000000000000E0));
#858=CARTESIAN_POINT('',(1.00000000000000000E0,1.00000000000000000E0));
#859=B_SPLINE_CURVE_WITH_KNOTS('',1,(#857,#858),.UNSPECIFIED.,.F.,.F.,(2,2),(0.00000000000000000E0,1.00000000000000000E0),.UNSPECIFIED.);
#860=DEFINITIONAL_REPRESENTATION('',(#859),#571);
#861=PCURVE('',#185,#860);
#862=CARTESIAN_POINT('',(1.00000000000000000E0,1.00000000000000000E0));
#863=CARTESIAN_POINT('',(0.00000000000000000E0,1.00000000000000000E0));
#864=B_SPLINE_CURVE_WITH_KNOTS('',1,(#862,#863),.UNSPECIFIED.,.F.,.F.,(2,2),(0.00000000000000000E0,1.00000000000000000E0),.UNSPECIFIED.);
#865=DEFINITIONAL_REPRESENTATION('',(#864),#571);
#866=PCURVE('',#185,#865);
#867=CARTESIAN_POINT('',(0.00000000000000000E0,1.00000000000000000E0));
#868=CARTESIAN_POINT('',(0.00000000000000000E0,0.00000000000000000E0));
#869=B_SPLINE_CURVE_WITH_KNOTS('',1,(#867,#868),.UNSPECIFIED.,.F.,.F.,(2,2),(0.00000000000000000E0,1.00000000000000000E0),.UNSPECIFIED.);
#870=DEFINITIONAL_REPRESENTATION('',(#869),#571);
#871=PCURVE('',#185,#870);
#872=CARTESIAN_POINT('',(0.00000000000000000E0,0.00000000000000000E0));
#873=CARTESIAN_POINT('',(1.00000000000000000E0,0.00000000000000000E0));
#874=B_SPLINE_CURVE_WITH_KNOTS('',1,(#872,#873),.UNSPECIFIED.,.F.,.F.,(2,2),(0.00000000000000000E0,1.00000000000000000E0),.UNSPECIFIED.);
#875=DEFINITIONAL_REPRESENTATION('',(#874),#571);
#876=PCURVE('',#192,#875);
#877=CARTESIAN_POINT('',(1.00000000000000000E0,0.00000000000000000E0));
#878=CARTESIAN_POINT('',(1.00000000000000000E0,1.00000000000000000E0));
#879=B_SPLINE_CURVE_WITH_KNOTS('',1,(#877,#878),.UNSPECIFIED.,.F.,.F.,(2,2),(0.00000000000000000E0,1.00000000000000000E0),.UNSPECIFIED.);
#880=DEFINITIONAL_REPRESENTATION('',(#879),#571);
#881=PCURVE('',#192,#880);
#882=CARTESIAN_POINT('',(1.00000000000000000E0,1.00000000000000000E0));
#883=CARTESIAN_POINT('',(0.00000000000000000E0,1.00000000000000000E0));
#884=B_SPLINE_CURVE_WITH_KNOTS('',1,(#882,#883),.UNSPECIFIED.,.F.,.F.,(2,2),(0.00000000000000000E0,1.00000000000000000E0),.UNSPECIFIED.);
#885=DEFINITIONAL_REPRESENTATION('',(#884),#571);
#886=PCURVE('',#192,#885);
#887=CARTESIAN_POINT('',(0.00000000000000000E0,1.00000000000000000E0));
#888=CARTESIAN_POINT('',(0.00000000000000000E0,0.00000000000000000E0));
#889=B_SPLINE_CURVE_WITH_KNOTS('',1,(#887,#888),.UNSPECIFIED.,.F.,.F.,(2,2),(0.00000000000000000E0,1.00000000000000000E0),.UNSPECIFIED.);
#890=DEFINITIONAL_REPRESENTATION('',(#889),#571);
#891=PCURVE('',#192,#890);
#892=CARTESIAN_POINT('',(0.00000000000000000E0,0.00000000000000000E0));
#893=CARTESIAN_POINT('',(1.00000000000000000E0,0.00000000000000000E0));
#894=B_SPLINE_CURVE_WITH_KNOTS('',1,(#892,#893),.UNSPECIFIED.,.F.,.F.,(2,2),(0.00000000000000000E0,1.00000000000000000E0),.UNSPECIFIED.);
#895=DEFINITIONAL_REPRESENTATION('',(#894),#571);
#896=PCURVE('',#199,#895);
#897=CARTESIAN_POINT('',(1.00000000000000000E0,0.00000000000000000E0));
#898=CARTESIAN_POINT('',(1.00000000000000000E0,1.00000000000000000E0));
#899=B_SPLINE_CURVE_WITH_KNOTS('',1,(#897,#898),.UNSPECIFIED.,.F.,.F.,(2,2),(0.00000000000000000E0,1.00000000000000000E0),.UNSPECIFIED.);
#900=DEFINITIONAL_REPRESENTATION('',(#899),#571);
#901=PCURVE('',#199,#900);
#902=CARTESIAN_POINT('',(1.00000000000000000E0,1.00000000000000000E0));
#903=CARTESIAN_POINT('',(0.00000000000000000E0,1.00000000000000000E0));
#904=B_SPLINE_CURVE_WITH_KNOTS('',1,(#902,#903),.UNSPECIFIED.,.F.,.F.,(2,2),(0.00000000000000000E0,1.00000000000000000E0),.UNSPECIFIED.);
#905=DEFINITIONAL_REPRESENTATION('',(#904),#571);
#906=PCURVE('',#199,#905);
#907=CARTESIAN_POINT('',(0.00000000000000000E0,1.00000000000000000E0));
#908=CARTESIAN_POINT('',(0.00000000000000000E0,0.00000000000000000E0));
#909=B_SPLINE_CURVE_WITH_KNOTS('',1,(#907,#908),.UNSPECIFIED.,.F.,.F.,(2,2),(0.00000000000000000E0,1.00000000000000000E0),.UNSPECIFIED.);
#910=DEFINITIONAL_REPRESENTATION('',(#909),#571);
#911=PCURVE('',#199,#910);
#912=CARTESIAN_POINT('',(0.00000000000000000E0,0.00000000000000000E0));
#913=CARTESIAN_POINT('',(1.00000000000000000E0,0.00000000000000000E0));
#914=B_SPLINE_CURVE_WITH_KNOTS('',1,(#912,#913),.UNSPECIFIED.,.F.,.F.,(2,2),(0.00000000000000000E0,1.00000000000000000E0),.UNSPECIFIED.);
#915=DEFINITIONAL_REPRESENTATION('',(#914),#571);
#916=PCURVE('',#206,#915);
#917=CARTESIAN_POINT('',(1.00000000000000000E0,0.00000000000000000E0));
#918=CARTESIAN_POINT('',(1.00000000000000000E0,1.00000000000000000E0));
#919=B_SPLINE_CURVE_WITH_KNOTS('',1,(#917,#918),.UNSPECIFIED.,.F.,.F.,(2,2),(0.00000000000000000E0,1.00000000000000000E0),.UNSPECIFIED.);
#920=DEFINITIONAL_REPRESENTATION('',(#919),#571);
#921=PCURVE('',#206,#920);
#922=CARTESIAN_POINT('',(1.00000000000000000E0,1.00000000000000000E0));
#923=CARTESIAN_POINT('',(0.00000000000000000E0,1.00000000000000000E0));
#924=B_SPLINE_CURVE_WITH_KNOTS('',1,(#922,#923),.UNSPECIFIED.,.F.,.F.,(2,2),(0.00000000000000000E0,1.00000000000000000E0),.UNSPECIFIED.);
#925=DEFINITIONAL_REPRESENTATION('',(#924),#571);
#926=PCURVE('',#206,#925);
#927=CARTESIAN_POINT('',(0.00000000000000000E0,1.00000000000000000E0));
#928=CARTESIAN_POINT('',(0.00000000000000000E0,0.00000000000000000E0));
#929=B_SPLINE_CURVE_WITH_KNOTS('',1,(#927,#928),.UNSPECIFIED.,.F.,.F.,(2,2),(0.00000000000000000E0,1.00000000000000000E0),.UNSPECIFIED.);
#930=DEFINITIONAL_REPRESENTATION('',(#929),#571);
#931=PCURVE('',#206,#930);
#932=CARTESIAN_POINT('',(0.00000000000000000E0,0.00000000000000000E0));
#933=CARTESIAN_POINT('',(1.00000000000000000E0,0.00000000000000000E0));
#934=B_SPLINE_CURVE_WITH_KNOTS('',1,(#932,#933),.UNSPECIFIED.,.F.,.F.,(2,2),(0.00000000000000000E0,1.00000000000000000E0),.UNSPECIFIED.);
#935=DEFINITIONAL_REPRESENTATION('',(#934),#571);
#936=PCURVE('',#213,#935);
#937=CARTESIAN_POINT('',(1.00000000000000000E0,0.00000000000000000E0));
#938=CARTESIAN_POINT('',(1.00000000000000000E0,1.00000000000000000E0));
#939=B_SPLINE_CURVE_WITH_KNOTS('',1,(#937,#938),.UNSPECIFIED.,.F.,.F.,(2,2),(0.00000000000000000E0,1.00000000000000000E0),.UNSPECIFIED.);
#940=DEFINITIONAL_REPRESENTATION('',(#939),#571);
#941=PCURVE('',#213,#940);
#942=CARTESIAN_POINT('',(1.00000000000000000E0,1.00000000000000000E0));
#943=CARTESIAN_POINT('',(0.00000000000000000E0,1.00000000000000000E0));
#944=B_SPLINE_CURVE_WITH_KNOTS('',1,(#942,#943),.UNSPECIFIED.,.F.,.F.,(2,2),(0.00000000000000000E0,1.00000000000000000E0),.UNSPECIFIED.);
#945=DEFINITIONAL_REPRESENTATION('',(#944),#571);
#946=PCURVE('',#213,#945);
#947=CARTESIAN_POINT('',(0.00000000000000000E0,1.00000000000000000E0));
#948=CARTESIAN_POINT('',(0.00000000000000000E0,0.00000000000000000E0));
#949=B_SPLINE_CURVE_WITH_KNOTS('',1,(#947,#948),.UNSPECIFIED.,.F.,.F.,(2,2),(0.00000000000000000E0,1.00000000000000000E0),.UNSPECIFIED.);
#950=DEFINITIONAL_REPRESENTATION('',(#949),#571);
#951=PCURVE('',#213,#950);
#952=CARTESIAN_POINT('',(0.00000000000000000E0,0.00000000000000000E0));
#953=CARTESIAN_POINT('',(1.00000000000000000E0,0.00000000000000000E0));
#954=B_SPLINE_CURVE_WITH_KNOTS('',1,(#952,#953),.UNSPECIFIED.,.F.,.F.,(2,2),(0.00000000000000000E0,1.00000000000000000E0),.UNSPECIFIED.);
#955=DEFINITIONAL_REPRESENTATION('',(#954),#571);
#956=PCURVE('',#220,#955);
#957=CARTESIAN_POINT('',(1.00000000000000000E0,0.00000000000000000E0));
#958=CARTESIAN_POINT('',(1.00000000000000000E0,1.00000000000000000E0));
#959=B_SPLINE_CURVE_WITH_KNOTS('',1,(#957,#958),.UNSPECIFIED.,.F.,.F.,(2,2),(0.00000000000000000E0,1.00000000000000000E0),.UNSPECIFIED.);
#960=DEFINITIONAL_REPRESENTATION('',(#959),#571);
#961=PCURVE('',#220,#960);
#962=CARTESIAN_POINT('',(1.00000000000000000E0,1.00000000000000000E0));
#963=CARTESIAN_POINT('',(0.00000000000000000E0,1.00000000000000000E0));
#964=B_SPLINE_CURVE_WITH_KNOTS('',1,(#962,#963),.UNSPECIFIED.,.F.,.F.,(2,2),(0.00000000000000000E0,1.00000000000000000E0),.UNSPECIFIED.);
#965=DEFINITIONAL_REPRESENTATION('',(#964),#571);
#966=PCURVE('',#220,#965);
#967=CARTESIAN_POINT('',(0.00000000000000000E0,1.00000000000000000E0));
#968=CARTESIAN_POINT('',(0.00000000000000000E0,0.00000000000000000E0));
#969=B_SPLINE_CURVE_WITH_KNOTS('',1,(#967,#968),.UNSPECIFIED.,.F.,.F.,(2,2),(0.00000000000000000E0,1.00000000000000000E0),.UNSPECIFIED.);
#970=DEFINITIONAL_REPRESENTATION('',(#969),#571);
#971=PCURVE('',#220,#970);
#972=CARTESIAN_POINT('',(0.00000000000000000E0,0.00000000000000000E0));
#973=CARTESIAN_POINT('',(1.00000000000000000E0,0.00000000000000000E0));
#974=B_SPLINE_CURVE_WITH_KNOTS('',1,(#972,#973),.UNSPECIFIED.,.F.,.F.,(2,2),(0.00000000000000000E0,1.00000000000000000E0),.UNSPECIFIED.);
#975=DEFINITIONAL_REPRESENTATION('',(#974),#571);
#976=PCURVE('',#227,#975);
#977=CARTESIAN_POINT('',(1.00000000000000000E0,0.00000000000000000E0));
#978=CARTESIAN_POINT('',(1.00000000000000000E0,1.00000000000000000E0));
#979=B_SPLINE_CURVE_WITH_KNOTS('',1,(#977,#978),.UNSPECIFIED.,.F.,.F.,(2,2),(0.00000000000000000E0,1.00000000000000000E0),.UNSPECIFIED.);
#980=DEFINITIONAL_REPRESENTATION('',(#979),#571);
#981=PCURVE('',#227,#980);
#982=CARTESIAN_POINT('',(1.00000000000000000E0,1.00000000000000000E0));
#983=CARTESIAN_POINT('',(0.00000000000000000E0,1.00000000000000000E0));
#984=B_SPLINE_CURVE_WITH_KNOTS('',1,(#982,#983),.UNSPECIFIED.,.F.,.F.,(2,2),(0.00000000000000000E0,1.00000000000000000E0),.UNSPECIFIED.);
#985=DEFINITIONAL_REPRESENTATION('',(#984),#571);
#986=PCURVE('',#227,#985);
#987=CARTESIAN_POINT('',(0.00000000000000000E0,1.00000000000000000E0));
#988=CARTESIAN_POINT('',(0.00000000000000000E0,0.00000000000000000E0));
#989=B_SPLINE_CURVE_WITH_KNOTS('',1,(#987,#988),.UNSPECIFIED.,.F.,.F.,(2,2),(0.00000000000000000E0,1.00000000000000000E0),.UNSPECIFIED.);
#990=DEFINITIONAL_REPRESENTATION('',(#989),#571);
#991=PCURVE('',#227,#990);
#992=CARTESIAN_POINT('',(0.00000000000000000E0,0.00000000000000000E0));
#993=CARTESIAN_POINT('',(1.00000000000000000E0,0.00000000000000000E0));
#994=B_SPLINE_CURVE_WITH_KNOTS('',1,(#992,#993),.UNSPECIFIED.,.F.,.F.,(2,2),(0.00000000000000000E0,1.00000000000000000E0),.UNSPECIFIED.);
#995=DEFINITIONAL_REPRESENTATION('',(#994),#571);
#996=PCURVE('',#234,#995);
#997=CARTESIAN_POINT('',(1.00000000000000000E0,0.00000000000000000E0));
#998=CARTESIAN_POINT('',(1.00000000000000000E0,1.00000000000000000E0));
#999=B_SPLINE_CURVE_WITH_KNOTS('',1,(#997,#998),.UNSPECIFIED.,.F.,.F.,(2,2),(0.00000000000000000E0,1.00000000000000000E0),.UNSPECIFIED.);
#1000=DEFINITIONAL_REPRESENTATION('',(#999),#571);
#1001=PCURVE('',#234,#1000);
#1002=CARTESIAN_POINT('',(1.00000000000000000E0,1.00000000000000000E0));
#1003=CARTESIAN_POINT('',(0.00000000000000000E0,1.00000000000000000E0));
#1004=B_SPLINE_CURVE_WITH_KNOTS('',1,(#1002,#1003),.UNSPECIFIED.,.F.,.F.,(2,2),(0.00000000000000000E0,1.00000000000000000E0),.UNSPECIFIED.);
#1005=DEFINITIONAL_REPRESENTATION('',(#1004),#571);
#1006=PCURVE('',#234,#1005);
#1007=CARTESIAN_POINT('',(0.00000000000000000E0,1.00000000000000000E0));
#1008=CARTESIAN_POINT('',(0.00000000000000000E0,0.00000000000000000E0));
#1009=B_SPLINE_CURVE_WITH_KNOTS('',1,(#1007,#1008),.UNSPECIFIED.,.F.,.F.,(2,2),(0.00000000000000000E0,1.00000000000000000E0),.UNSPECIFIED.);
#1010=DEFINITIONAL_REPRESENTATION('',(#1009),#571);
#1011=PCURVE('',#234,#1010);
#1012=CARTESIAN_POINT('',(0.00000000000000000E0,0.00000000000000000E0));
#1013=CARTESIAN_POINT('',(1.00000000000000000E0,0.00000000000000000E0));
#1014=B_SPLINE_CURVE_WITH_KNOTS('',1,(#1012,#1013),.UNSPECIFIED.,.F.,.F.,(2,2),(0.00000000000000000E0,1.00000000000000000E0),.UNSPECIFIED.);
#1015=DEFINITIONAL_REPRESENTATION('',(#1014),#571);
#1016=PCURVE('',#241,#1015);
#1017=CARTESIAN_POINT('',(1.00000000000000000E0,0.00000000000000000E0));
#1018=CARTESIAN_POINT('',(1.00000000000000000E0,1.00000000000000000E0));
#1019=B_SPLINE_CURVE_WITH_KNOTS('',1,(#1017,#1018),.UNSPECIFIED.,.F.,.F.,(2,2),(0.00000000000000000E0,1.00000000000000000E0),.UNSPECIFIED.);
#1020=DEFINITIONAL_REPRESENTATION('',(#1019),#571);
#1021=PCURVE('',#241,#1020);
#1022=CARTESIAN_POINT('',(1.00000000000000000E0,1.00000000000000000E0));
#1023=CARTESIAN_POINT('',(0.00000000000000000E0,1.00000000000000000E0));
#1024=B_SPLINE_CURVE_WITH_KNOTS('',1,(#1022,#1023),.UNSPECIFIED.,.F.,.F.,(2,2),(0.00000000000000000E0,1.00000000000000000E0),.UNSPECIFIED.);
#1025=DEFINITIONAL_REPRESENTATION('',(#1024),#571);
#1026=PCURVE('',#241,#1025);
#1027=CARTESIAN_POINT('',(0.00000000000000000E0,1.00000000000000000E0));
#1028=CARTESIAN_POINT('',(0.00000000000000000E0,0.00000000000000000E0));
#1029=B_SPLINE_CURVE_WITH_KNOTS('',1,(#1027,#1028),.UNSPECIFIED.,.F.,.F.,(2,2),(0.00000000000000000E0,1.00000000000000000E0),.UNSPECIFIED.);
#1030=DEFINITIONAL_REPRESENTATION('',(#1029),#571);
#1031=PCURVE('',#241,#1030);
#1032=CARTESIAN_POINT('',(0.00000000000000000E0,0.00000000000000000E0));
#1033=CARTESIAN_POINT('',(1.00000000000000000E0,0.00000000000000000E0));
#1034=B_SPLINE_CURVE_WITH_KNOTS('',1,(#1032,#1033),.UNSPECIFIED.,.F.,.F.,(2,2),(0.00000000000000000E0,1.00000000000000000E0),.UNSPECIFIED.);
#1035=DEFINITIONAL_REPRESENTATION('',(#1034),#571);
#1036=PCURVE('',#248,#1035);
#1037=CARTESIAN_POINT('',(1.00000000000000000E0,0.00000000000000000E0));
#1038=CARTESIAN_POINT('',(1.00000000000000000E0,1.00000000000000000E0));
#1039=B_SPLINE_CURVE_WITH_KNOTS('',1,(#1037,#1038),.UNSPECIFIED.,.F.,.F.,(2,2),(0.00000000000000000E0,1.00000000000000000E0),.UNSPECIFIED.);
#1040=DEFINITIONAL_REPRESENTATION('',(#1039),#571);
#1041=PCURVE('',#248,#1040);
#1042=CARTESIAN_POINT('',(1.00000000000000000E0,1.00000000000000000E0));
#1043=CARTESIAN_POINT('',(0.00000000000000000E0,1.00000000000000000E0));
#1044=B_SPLINE_CURVE_WITH_KNOTS('',1,(#1042,#1043),.UNSPECIFIED.,.F.,.F.,(2,2),(0.00000000000000000E0,1.00000000000000000E0),.UNSPECIFIED.);
#1045=DEFINITIONAL_REPRESENTATION('',(#1044),#571);
#1046=PCURVE('',#248,#1045);
#1047=CARTESIAN_POINT('',(0.00000000000000000E0,1.00000000000000000E0));
#1048=CARTESIAN_POINT('',(0.00000000000000000E0,0.00000000000000000E0));
#1049=B_SPLINE_CURVE_WITH_KNOTS('',1,(#1047,#1048),.UNSPECIFIED.,.F.,.F.,(2,2),(0.00000000000000000E0,1.00000000000000000E0),.UNSPECIFIED.);
#1050=DEFINITIONAL_REPRESENTATION('',(#1049),#571);
#1051=PCURVE('',#248,#1050);
#1052=CARTESIAN_POINT('',(0.00000000000000000E0,0.00000000000000000E0));
#1053=CARTESIAN_POINT('',(1.00000000000000000E0,0.00000000000000000E0));
#1054=B_SPLINE_CURVE_WITH_KNOTS('',1,(#1052,#1053),.UNSPECIFIED.,.F.,.F.,(2,2),(0.00000000000000000E0,1.00000000000000000E0),.UNSPECIFIED.);
#1055=DEFINITIONAL_REPRESENTATION('',(#1054),#571);
#1056=PCURVE('',#255,#1055);
#1057=CARTESIAN_POINT('',(1.00000000000000000E0,0.00000000000000000E0));
#1058=CARTESIAN_POINT('',(1.00000000000000000E0,1.00000000000000000E0));
#1059=B_SPLINE_CURVE_WITH_KNOTS('',1,(#1057,#1058),.UNSPECIFIED.,.F.,.F.,(2,2),(0.00000000000000000E0,1.00000000000000000E0),.UNSPECIFIED.);
#1060=DEFINITIONAL_REPRESENTATION('',(#1059),#571);
#1061=PCURVE('',#255,#1060);
#1062=CARTESIAN_POINT('',(1.00000000000000000E0,1.00000000000000000E0));
#1063=CARTESIAN_POINT('',(0.00000000000000000E0,1.00000000000000000E0));
#1064=B_SPLINE_CURVE_WITH_KNOTS('',1,(#1062,#1063),.UNSPECIFIED.,.F.,.F.,(2,2),(0.00000000000000000E0,1.00000000000000000E0),.UNSPECIFIED.);
#1065=DEFINITIONAL_REPRESENTATION('',(#1064),#571);
#1066=PCURVE('',#255,#1065);
#1067=CARTESIAN_POINT('',(0.00000000000000000E0,1.00000000000000000E0));
#1068=CARTESIAN_POINT('',(0.00000000000000000E0,0.00000000000000000E0));
#1069=B_SPLINE_CURVE_WITH_KNOTS('',1,(#1067,#1068),.UNSPECIFIED.,.F.,.F.,(2,2),(0.00000000000000000E0,1.00000000000000000E0),.UNSPECIFIED.);
#1070=DEFINITIONAL_REPRESENTATION('',(#1069),#571);
#1071=PCURVE('',#255,#1070);
#1072=CARTESIAN_POINT('',(0.00000000000000000E0,0.00000000000000000E0));
#1073=CARTESIAN_POINT('',(1.00000000000000000E0,0.00000000000000000E0));
#1074=B_SPLINE_CURVE_WITH_KNOTS('',1,(#1072,#1073),.UNSPECIFIED.,.F.,.F.,(2,2),(0.00000000000000000E0,1.00000000000000000E0),.UNSPECIFIED.);
#1075=DEFINITIONAL_REPRESENTATION('',(#1074),#571);
#1076=PCURVE('',#262,#1075);
#1077=CARTESIAN_POINT('',(1.00000000000000000E0,0.00000000000000000E0));
#1078=CARTESIAN_POINT('',(1.00000000000000000E0,1.00000000000000000E0));
#1079=B_SPLINE_CURVE_WITH_KNOTS('',1,(#1077,#1078),.UNSPECIFIED.,.F.,.F.,(2,2),(0.00000000000000000E0,1.00000000000000000E0),.UNSPECIFIED.);
#1080=DEFINITIONAL_REPRESENTATION('',(#1079),#571);
#1081=PCURVE('',#262,#1080);
#1082=CARTESIAN_POINT('',(1.00000000000000000E0,1.00000000000000000E0));
#1083=CARTESIAN_POINT('',(0.00000000000000000E0,1.00000000000000000E0));
#1084=B_SPLINE_CURVE_WITH_KNOTS('',1,(#1082,#1083),.UNSPECIFIED.,.F.,.F.,(2,2),(0.00000000000000000E0,1.00000000000000000E0),.UNSPECIFIED.);
#1085=DEFINITIONAL_REPRESENTATION('',(#1084),#571);
#1086=PCURVE('',#262,#1085);
#1087=CARTESIAN_POINT('',(0.00000000000000000E0,1.00000000000000000E0));
#1088=CARTESIAN_POINT('',(0.00000000000000000E0,0.00000000000000000E0));
#1089=B_SPLINE_CURVE_WITH_KNOTS('',1,(#1087,#1088),.UNSPECIFIED.,.F.,.F.,(2,2),(0.00000000000000000E0,1.00000000000000000E0),.UNSPECIFIED.);
#1090=DEFINITIONAL_REPRESENTATION('',(#1089),#571);
#1091=PCURVE('',#262,#1090);
#1092=CARTESIAN_POINT('',(0.00000000000000000E0,0.00000000000000000E0));
#1093=CARTESIAN_POINT('',(1.00000000000000000E0,0.00000000000000000E0));
#1094=B_SPLINE_CURVE_WITH_KNOTS('',1,(#1092,#1093),.UNSPECIFIED.,.F.,.F.,(2,2),(0.00000000000000000E0,1.00000000000000000E0),.UNSPECIFIED.);
#1095=DEFINITIONAL_REPRESENTATION('',(#1094),#571);
#1096=PCURVE('',#269,#1095);
#1097=CARTESIAN_POINT('',(1.00000000000000000E0,0.00000000000000000E0));
#1098=CARTESIAN_POINT('',(1.00000000000000000E0,1.00000000000000000E0));
#1099=B_SPLINE_CURVE_WITH_KNOTS('',1,(#1097,#1098),.UNSPECIFIED.,.F.,.F.,(2,2),(0.00000000000000000E0,1.00000000000000000E0),.UNSPECIFIED.);
#1100=DEFINITIONAL_REPRESENTATION('',(#1099),#571);
#1101=PCURVE('',#269,#1100);
#1102=CARTESIAN_POINT('',(1.00000000000000000E0,1.00000000000000000E0));
#1103=CARTESIAN_POINT('',(0.00000000000000000E0,1.00000000000000000E0));
#1104=B_SPLINE_CURVE_WITH_KNOTS('',1,(#1102,#1103),.UNSPECIFIED.,.F.,.F.,(2,2),(0.00000000000000000E0,1.00000000000000000E0),.UNSPECIFIED.);
#1105=DEFINITIONAL_REPRESENTATION('',(#1104),#571);
#1106=PCURVE('',#269,#1105);
#1107=CARTESIAN_POINT('',(0.00000000000000000E0,1.00000000000000000E0));
#1108=CARTESIAN_POINT('',(0.00000000000000000E0,0.00000000000000000E0));
#1109=B_SPLINE_CURVE_WITH_KNOTS('',1,(#1107,#1108),.UNSPECIFIED.,.F.,.F.,(2,2),(0.00000000000000000E0,1.00000000000000000E0),.UNSPECIFIED.);
#1110=DEFINITIONAL_REPRESENTATION('',(#1109),#571);
#1111=PCURVE('',#269,#1110);
#1112=CARTESIAN_POINT('',(0.00000000000000000E0,0.00000000000000000E0));
#1113=CARTESIAN_POINT('',(1.00000000000000000E0,0.00000000000000000E0));
#1114=B_SPLINE_CURVE_WITH_KNOTS('',1,(#1112,#1113),.UNSPECIFIED.,.F.,.F.,(2,2),(0.00000000000000000E0,1.00000000000000000E0),.UNSPECIFIED.);
#1115=DEFINITIONAL_REPRESENTATION('',(#1114),#571);
#1116=PCURVE('',#276,#1115);
#1117=CARTESIAN_POINT('',(1.00000000000000000E0,0.00000000000000000E0));
#1118=CARTESIAN_POINT('',(1.00000000000000000E0,1.00000000000000000E0));
#1119=B_SPLINE_CURVE_WITH_KNOTS('',1,(#1117,#1118),.UNSPECIFIED.,.F.,.F.,(2,2),(0.00000000000000000E0,1.00000000000000000E0),.UNSPECIFIED.);
#1120=DEFINITIONAL_REPRESENTATION('',(#1119),#571);
#1121=PCURVE('',#276,#1120);
#1122=CARTESIAN_POINT('',(1.00000000000000000E0,1.00000000000000000E0));
#1123=CARTESIAN_POINT('',(0.00000000000000000E0,1.00000000000000000E0));
#1124=B_SPLINE_CURVE_WITH_KNOTS('',1,(#1122,#1123),.UNSPECIFIED.,.F.,.F.,(2,2),(0.00000000000000000E0,1.00000000000000000E0),.UNSPECIFIED.);
#1125=DEFINITIONAL_REPRESENTATION('',(#1124),#571);
#1126=PCURVE('',#276,#1125);
#1127=CARTESIAN_POINT('',(0.00000000000000000E0,1.00000000000000000E0));
#1128=CARTESIAN_POINT('',(0.00000000000000000E0,0.00000000000000000E0));
#1129=B_SPLINE_CURVE_WITH_KNOTS('',1,(#1127,#1128),.UNSPECIFIED.,.F.,.F.,(2,2),(0.00000000000000000E0,1.00000000000000000E0),.UNSPECIFIED.);
#1130=DEFINITIONAL_REPRESENTATION('',(#1129),#571);
#1131=PCURVE('',#276,#1130);
#1132=CARTESIAN_POINT('',(0.00000000000000000E0,0.00000000000000000E0));
#1133=CARTESIAN_POINT('',(1.00000000000000000E0,0.00000000000000000E0));
#1134=B_SPLINE_CURVE_WITH_KNOTS('',1,(#1132,#1133),.UNSPECIFIED.,.F.,.F.,(2,2),(0.00000000000000000E0,1.00000000000000000E0),.UNSPECIFIED.);
#1135=DEFINITIONAL_REPRESENTATION('',(#1134),#571);
#1136=PCURVE('',#283,#1135);
#1137=CARTESIAN_POINT('',(1.00000000000000000E0,0.00000000000000000E0));
#1138=CARTESIAN_POINT('',(1.00000000000000000E0,1.00000000000000000E0));
#1139=B_SPLINE_CURVE_WITH_KNOTS('',1,(#1137,#1138),.UNSPECIFIED.,.F.,.F.,(2,2),(0.00000000000000000E0,1.00000000000000000E0),.UNSPECIFIED.);
#1140=DEFINITIONAL_REPRESENTATION('',(#1139),#571);
#1141=PCURVE('',#283,#1140);
#1142=CARTESIAN_POINT('',(1.00000000000000000E0,1.00000000000000000E0));
#1143=CARTESIAN_POINT('',(0.00000000000000000E0,1.00000000000000000E0));
#1144=B_SPLINE_CURVE_WITH_KNOTS('',1,(#1142,#1143),.UNSPECIFIED.,.F.,.F.,(2,2),(0.00000000000000000E0,1.00000000000000000E0),.UNSPECIFIED.);
#1145=DEFINITIONAL_REPRESENTATION('',(#1144),#571);
#1146=PCURVE('',#283,#1145);
#1147=CARTESIAN_POINT('',(0.00000000000000000E0,1.00000000000000000E0));
#1148=CARTESIAN_POINT('',(0.00000000000000000E0,0.00000000000000000E0));
#1149=B_SPLINE_CURVE_WITH_KNOTS('',1,(#1147,#1148),.UNSPECIFIED.,.F.,.F.,(2,2),(0.00000000000000000E0,1.00000000000000000E0),.UNSPECIFIED.);
#1150=DEFINITIONAL_REPRESENTATION('',(#1149),#571);
#1151=PCURVE('',#283,#1150);
#1152=CARTESIAN_POINT('',(0.00000000000000000E0,0.00000000000000000E0));
#1153=CARTESIAN_POINT('',(1.00000000000000000E0,0.00000000000000000E0));
#1154=B_SPLINE_CURVE_WITH_KNOTS('',1,(#1152,#1153),.UNSPECIFIED.,.F.,.F.,(2,2),(0.00000000000000000E0,1.00000000000000000E0),.UNSPECIFIED.);
#1155=DEFINITIONAL_REPRESENTATION('',(#1154),#571);
#1156=PCURVE('',#290,#1155);
#1157=CARTESIAN_POINT('',(1.00000000000000000E0,0.00000000000000000E0));
#1158=CARTESIAN_POINT('',(1.00000000000000000E0,1.00000000000000000E0));
#1159=B_SPLINE_CURVE_WITH_KNOTS('',1,(#1157,#1158),.UNSPECIFIED.,.F.,.F.,(2,2),(0.00000000000000000E0,1.00000000000000000E0),.UNSPECIFIED.);
#1160=DEFINITIONAL_REPRESENTATION('',(#1159),#571);
#1161=PCURVE('',#290,#1160);
#1162=CARTESIAN_POINT('',(1.00000000000000000E0,1.00000000000000000E0));
#1163=CARTESIAN_POINT('',(0.00000000000000000E0,1.00000000000000000E0));
#1164=B_SPLINE_CURVE_WITH_KNOTS('',1,(#1162,#1163),.UNSPECIFIED.,.F.,.F.,(2,2),(0.00000000000000000E0,1.00000000000000000E0),.UNSPECIFIED.);
#1165=DEFINITIONAL_REPRESENTATION('',(#1164),#571);
#1166=PCURVE('',#290,#1165);
#1167=CARTESIAN_POINT('',(0.00000000000000000E0,1.00000000000000000E0));
#1168=CARTESIAN_POINT('',(0.00000000000000000E0,0.00000000000000000E0));
#1169=B_SPLINE_CURVE_WITH_KNOTS('',1,(#1167,#1168),.UNSPECIFIED.,.F.,.F.,(2,2),(0.00000000000000000E0,1.00000000000000000E0),.UNSPECIFIED.);
#1170=DEFINITIONAL_REPRESENTATION('',(#1169),#571);
#1171=PCURVE('',#290,#1170);
#1172=CARTESIAN_POINT('',(0.00000000000000000E0,0.00000000000000000E0));
#1173=CARTESIAN_POINT('',(1.00000000000000000E0,0.00000000000000000E0));
#1174=B_SPLINE_CURVE_WITH_KNOTS('',1,(#1172,#1173),.UNSPECIFIED.,.F.,.F.,(2,2),(0.00000000000000000E0,1.00000000000000000E0),.UNSPECIFIED.);
#1175=DEFINITIONAL_REPRESENTATION('',(#1174),#571);
#1176=PCURVE('',#297,#1175);
#1177=CARTESIAN_POINT('',(1.00000000000000000E0,0.00000000000000000E0));
#1178=CARTESIAN_POINT('',(1.00000000000000000E0,1.00000000000000000E0));
#1179=B_SPLINE_CURVE_WITH_KNOTS('',1,(#1177,#1178),.UNSPECIFIED.,.F.,.F.,(2,2),(0.00000000000000000E0,1.00000000000000000E0),.UNSPECIFIED.);
#1180=DEFINITIONAL_REPRESENTATION('',(#1179),#571);
#1181=PCURVE('',#297,#1180);
#1182=CARTESIAN_POINT('',(1.00000000000000000E0,1.00000000000000000E0));
#1183=CARTESIAN_POINT('',(0.00000000000000000E0,1.00000000000000000E0));
#1184=B_SPLINE_CURVE_WITH_KNOTS('',1,(#1182,#1183),.UNSPECIFIED.,.F.,.F.,(2,2),(0.00000000000000000E0,1.00000000000000000E0),.UNSPECIFIED.);
#1185=DEFINITIONAL_REPRESENTATION('',(#1184),#571);
#1186=PCURVE('',#297,#1185);
#1187=CARTESIAN_POINT('',(0.00000000000000000E0,1.00000000000000000E0));
#1188=CARTESIAN_POINT('',(0.00000000000000000E0,0.00000000000000000E0));
#1189=B_SPLINE_CURVE_WITH_KNOTS('',1,(#1187,#1188),.UNSPECIFIED.,.F.,.F.,(2,2),(0.00000000000000000E0,1.00000000000000000E0),.UNSPECIFIED.);
#1190=DEFINITIONAL_REPRESENTATION('',(#1189),#571);
#1191=PCURVE('',#297,#1190);
#1192=CARTESIAN_POINT('',(0.00000000000000000E0,0.00000000000000000E0));
#1193=CARTESIAN_POINT('',(1.00000000000000000E0,0.00000000000000000E0));
#1194=B_SPLINE_CURVE_WITH_KNOTS('',1,(#1192,#1193),.UNSPECIFIED.,.F.,.F.,(2,2),(0.00000000000000000E0,1.00000000000000000E0),.UNSPECIFIED.);
#1195=DEFINITIONAL_REPRESENTATION('',(#1194),#571);
#1196=PCURVE('',#304,#1195);
#1197=CARTESIAN_POINT('',(1.00000000000000000E0,0.00000000000000000E0));
#1198=CARTESIAN_POINT('',(1.00000000000000000E0,1.00000000000000000E0));
#1199=B_SPLINE_CURVE_WITH_KNOTS('',1,(#1197,#1198),.UNSPECIFIED.,.F.,.F.,(2,2),(0.00000000000000000E0,1.00000000000000000E0),.UNSPECIFIED.);
#1200=DEFINITIONAL_REPRESENTATION('',(#1199),#571);
#1201=PCURVE('',#304,#1200);
#1202=CARTESIAN_POINT('',(1.00000000000000000E0,1.00000000000000000E0));
#1203=CARTESIAN_POINT('',(0.00000000000000000E0,1.00000000000000000E0));
#1204=B_SPLINE_CURVE_WITH_KNOTS('',1,(#1202,#1203),.UNSPECIFIED.,.F.,.F.,(2,2),(0.00000000000000000E0,1.00000000000000000E0),.UNSPECIFIED.);
#1205=DEFINITIONAL_REPRESENTATION('',(#1204),#571);
#1206=PCURVE('',#304,#1205);
#1207=CARTESIAN_POINT('',(0.00000000000000000E0,1.00000000000000000E0));
#1208=CARTESIAN_POINT('',(0.00000000000000000E0,0.00000000000000000E0));
#1209=B_SPLINE_CURVE_WITH_KNOTS('',1,(#1207,#1208),.UNSPECIFIED.,.F.,.F.,(2,2),(0.00000000000000000E0,1.00000000000000000E0),.UNSPECIFIED.);
#1210=DEFINITIONAL_REPRESENTATION('',(#1209),#571);
#1211=PCURVE('',#304,#1210);
#1212=CARTESIAN_POINT('',(-5.00000000000000000E-1,0.00000000000000000E0));
#1213=CARTESIAN_POINT('',(-5.00000000000000000E-1,-5.00000000000000000E-1));
#1214=CARTESIAN_POINT('',(0.00000000000000000E0,-5.00000000000000000E-1));
#1215=(BOUNDED_CURVE()B_SPLINE_CURVE(2,(#1212,#1213,#1214),.UNSPECIFIED.,.F.,.F.)B_SPLINE_CURVE_WITH_KNOTS((3,3),(0.00000000000000000E0,1.00000000000000000E0),.UNSPECIFIED.)CURVE()GEOMETRIC_REPRESENTATION_ITEM()RATIONAL_B_SPLINE_CURVE((1.00000000000000000E0,7.07106781186547573E-1,1.00000000000000000E0))REPRESENTATION_ITEM(''));
#1216=DEFINITIONAL_REPRESENTATION('',(#1215),#571);
#1217=PCURVE('',#309,#1216);
#1218=CARTESIAN_POINT('',(0.00000000000000000E0,-5.00000000000000000E-1));
#1219=CARTESIAN_POINT('',(5.00000000000000000E-1,-5.00000000000000000E-1));
#1220=CARTESIAN_POINT('',(5.00000000000000000E-1,0.00000000000000000E0));
#1221=(BOUNDED_CURVE()B_SPLINE_CURVE(2,(#1218,#1219,#1220),.UNSPECIFIED.,.F.,.F.)B_SPLINE_CURVE_WITH_KNOTS((3,3),(0.00000000000000000E0,1.00000000000000000E0),.UNSPECIFIED.)CURVE()GEOMETRIC_REPRESENTATION_ITEM()RATIONAL_B_SPLINE_CURVE((1.00000000000000000E0,7.07106781186547573E-1,1.00000000000000000E0))REPRESENTATION_ITEM(''));
#1222=DEFINITIONAL_REPRESENTATION('',(#1221),#571);
#1223=PCURVE('',#309,#1222);
#1224=CARTESIAN_POINT('',(5.00000000000000000E-1,0.00000000000000000E0));
#1225=CARTESIAN_POINT('',(5.00000000000000000E-1,5.00000000000000000E-1));
#1226=CARTESIAN_POINT('',(0.00000000000000000E0,5.00000000000000000E-1));
#1227=(BOUNDED_CURVE()B_SPLINE_CURVE(2,(#1224,#1225,#1226),.UNSPECIFIED.,.F.,.F.)B_SPLINE_CURVE_WITH_KNOTS((3,3),(0.00000000000000000E0,1.00000000000000000E0),.UNSPECIFIED.)CURVE()GEOMETRIC_REPRESENTATION_ITEM()RATIONAL_B_SPLINE_CURVE((1.00000000000000000E0,7.07106781186547573E-1,1.00000000000000000E0))REPRESENTATION_ITEM(''));
#1228=DEFINITIONAL_REPRESENTATION('',(#1227),#571);
#1229=PCURVE('',#309,#1228);
#1230=CARTESIAN_POINT('',(0.00000000000000000E0,5.00000000000000000E-1));
#1231=CARTESIAN_POINT('',(-5.00000000000000000E-1,5.00000000000000000E-1));
#1232=CARTESIAN_POINT('',(-5.00000000000000000E-1,0.00000000000000000E0));
#1233=(BOUNDED_CURVE()B_SPLINE_CURVE(2,(#1230,#1231,#1232),.UNSPECIFIED.,.F.,.F.)B_SPLINE_CURVE_WITH_KNOTS((3,3),(0.00000000000000000E0,1.00000000000000000E0),.UNSPECIFIED.)CURVE()GEOMETRIC_REPRESENTATION_ITEM()RATIONAL_B_SPLINE_CURVE((1.00000000000000000E0,7.07106781186547573E-1,1.00000000000000000E0))REPRESENTATION_ITEM(''));
#1234=DEFINITIONAL_REPRESENTATION('',(#1233),#571);
#1235=PCURVE('',#309,#1234);
#1236=CARTESIAN_POINT('',(-2.00000000000000011E-1,0.00000000000000000E0));
#1237=CARTESIAN_POINT('',(-2.00000000000000011E-1,2.00000000000000011E-1));
#1238=CARTESIAN_POINT('',(0.00000000000000000E0,2.00000000000000011E-1));
#1239=(BOUNDED_CURVE()B_SPLINE_CURVE(2,(#1236,#1237,#1238),.UNSPECIFIED.,.F.,.F.)B_SPLINE_CURVE_WITH_KNOTS((3,3),(0.00000000000000000E0,1.00000000000000000E0),.UNSPECIFIED.)CURVE()GEOMETRIC_REPRESENTATION_ITEM()RATIONAL_B_SPLINE_CURVE((1.00000000000000000E0,7.07106781186547573E-1,1.00000000000000000E0))REPRESENTATION_ITEM(''));
#1240=DEFINITIONAL_REPRESENTATION('',(#1239),#571);
#1241=PCURVE('',#309,#1240);
#1242=CARTESIAN_POINT('',(0.00000000000000000E0,2.00000000000000011E-1));
#1243=CARTESIAN_POINT('',(2.00000000000000011E-1,2.00000000000000011E-1));
#1244=CARTESIAN_POINT('',(2.00000000000000011E-1,0.00000000000000000E0));
#1245=(BOUNDED_CURVE()B_SPLINE_CURVE(2,(#1242,#1243,#1244),.UNSPECIFIED.,.F.,.F.)B_SPLINE_CURVE_WITH_KNOTS((3,3),(0.00000000000000000E0,1.00000000000000000E0),.UNSPECIFIED.)CURVE()GEOMETRIC_REPRESENTATION_ITEM()RATIONAL_B_SPLINE_CURVE((1.00000000000000000E0,7.07106781186547573E-1,1.00000000000000000E0))REPRESENTATION_ITEM(''));
#1246=DEFINITIONAL_REPRESENTATION('',(#1245),#571);
#1247=PCURVE('',#309,#1246);
#1248=CARTESIAN_POINT('',(2.00000000000000011E-1,0.00000000000000000E0));
#1249=CARTESIAN_POINT('',(2.00000000000000011E-1,-2.00000000000000011E-1));
#1250=CARTESIAN_POINT('',(0.00000000000000000E0,-2.00000000000000011E-1));
#1251=(BOUNDED_CURVE()B_SPLINE_CURVE(2,(#1248,#1249,#1250),.UNSPECIFIED.,.F.,.F.)B_SPLINE_CURVE_WITH_KNOTS((3,3),(0.00000000000000000E0,1.00000000000000000E0),.UNSPECIFIED.)CURVE()GEOMETRIC_REPRESENTATION_ITEM()RATIONAL_B_SPLINE_CURVE((1.00000000000000000E0,7.07106781186547573E-1,1.00000000000000000E0))REPRESENTATION_ITEM(''));
#1252=DEFINITIONAL_REPRESENTATION('',(#1251),#571);
#1253=PCURVE('',#309,#1252);
#1254=CARTESIAN_POINT('',(0.00000000000000000E0,-2.00000000000000011E-1));
#1255=CARTESIAN_POINT('',(-2.00000000000000011E-1,-2.00000000000000011E-1));
#1256=CARTESIAN_POINT('',(-2.00000000000000011E-1,0.00000000000000000E0));
#1257=(BOUNDED_CURVE()B_SPLINE_CURVE(2,(#1254,#1255,#1256),.UNSPECIFIED.,.F.,.F.)B_SPLINE_CURVE_WITH_KNOTS((3,3),(0.00000000000000000E0,1.00000000000000000E0),.UNSPECIFIED.)CURVE()GEOMETRIC_REPRESENTATION_ITEM()RATIONAL_B_SPLINE_CURVE((1.00000000000000000E0,7.07106781186547573E-1,1.00000000000000000E0))REPRESENTATION_ITEM(''));
#1258=DEFINITIONAL_REPRESENTATION('',(#1257),#571);
#1259=PCURVE('',#309,#1258);
#1260=CARTESIAN_POINT('',(6.49519052838329003E-1,3.74999999999999944E-1));
#1261=CARTESIAN_POINT('',(2.74519052838329058E-1,1.02451905283832900E0));
#1262=CARTESIAN_POINT('',(-3.74999999999999944E-1,6.49519052838329003E-1));
#1263=(BOUNDED_CURVE()B_SPLINE_CURVE(2,(#1260,#1261,#1262),.UNSPECIFIED.,.F.,.F.)B_SPLINE_CURVE_WITH_KNOTS((3,3),(0.00000000000000000E0,1.00000000000000000E0),.UNSPECIFIED.)CURVE()GEOMETRIC_REPRESENTATION_ITEM()RATIONAL_B_SPLINE_CURVE((1.00000000000000000E0,7.07106781186547573E-1,1.00000000000000000E0))REPRESENTATION_ITEM(''));
#1264=DEFINITIONAL_REPRESENTATION('',(#1263),#571);
#1265=PCURVE('',#314,#1264);
#1266=CARTESIAN_POINT('',(-3.74999999999999944E-1,6.49519052838329003E-1));
#1267=CARTESIAN_POINT('',(-1.02451905283832900E0,2.74519052838329058E-1));
#1268=CARTESIAN_POINT('',(-6.49519052838329003E-1,-3.74999999999999944E-1));
#1269=(BOUNDED_CURVE()B_SPLINE_CURVE(2,(#1266,#1267,#1268),.UNSPECIFIED.,.F.,.F.)B_SPLINE_CURVE_WITH_KNOTS((3,3),(0.00000000000000000E0,1.00000000000000000E0),.UNSPECIFIED.)CURVE()GEOMETRIC_REPRESENTATION_ITEM()RATIONAL_B_SPLINE_CURVE((1.00000000000000000E0,7.07106781186547573E-1,1.00000000000000000E0))REPRESENTATION_ITEM(''));
#1270=DEFINITIONAL_REPRESENTATION('',(#1269),#571);
#1271=PCURVE('',#314,#1270);
#1272=CARTESIAN_POINT('',(-6.49519052838329003E-1,-3.74999999999999944E-1));
#1273=CARTESIAN_POINT('',(-2.74519052838329058E-1,-1.02451905283832900E0));
#1274=CARTESIAN_POINT('',(3.74999999999999944E-1,-6.49519052838329003E-1));
#1275=(BOUNDED_CURVE()B_SPLINE_CURVE(2,(#1272,#1273,#1274),.UNSPECIFIED.,.F.,.F.)B_SPLINE_CURVE_WITH_KNOTS((3,3),(0.00000000000000000E0,1.00000000000000000E0),.UNSPECIFIED.)CURVE()GEOMETRIC_REPRESENTATION_ITEM()RATIONAL_B_SPLINE_CURVE((1.00000000000000000E0,7.07106781186547573E-1,1.00000000000000000E0))REPRESENTATION_ITEM(''));
#1276=DEFINITIONAL_REPRESENTATION('',(#1275),#571);
#1277=PCURVE('',#314,#1276);
#1278=CARTESIAN_POINT('',(3.74999999999999944E-1,-6.49519052838329003E-1));
#1279=CARTESIAN_POINT('',(1.02451905283832900E0,-2.74519052838329058E-1));
#1280=CARTESIAN_POINT('',(6.49519052838329003E-1,3.74999999999999944E-1));
#1281=(BOUNDED_CURVE()B_SPLINE_CURVE(2,(#1278,#1279,#1280),.UNSPECIFIED.,.F.,.F.)B_SPLINE_CURVE_WITH_KNOTS((3,3),(0.00000000000000000E0,1.00000000000000000E0),.UNSPECIFIED.)CURVE()GEOMETRIC_REPRESENTATION_ITEM()RATIONAL_B_SPLINE_CURVE((1.00000000000000000E0,7.07106781186547573E-1,1.00000000000000000E0))REPRESENTATION_ITEM(''));
#1282=DEFINITIONAL_REPRESENTATION('',(#1281),#571);
#1283=PCURVE('',#314,#1282);
#1284=CARTESIAN_POINT('',(2.59807621135331623E-1,1.49999999999999994E-1));
#1285=CARTESIAN_POINT('',(4.09807621135331646E-1,-1.09807621135331657E-1));
#1286=CARTESIAN_POINT('',(1.49999999999999994E-1,-2.59807621135331623E-1));
#1287=(BOUNDED_CURVE()B_SPLINE_CURVE(2,(#1284,#1285,#1286),.UNSPECIFIED.,.F.,.F.)B_SPLINE_CURVE_WITH_KNOTS((3,3),(0.00000000000000000E0,1.00000000000000000E0),.UNSPECIFIED.)CURVE()GEOMETRIC_REPRESENTATION_ITEM()RATIONAL_B_SPLINE_CURVE((1.00000000000000000E0,7.07106781186547573E-1,1.00000000000000000E0))REPRESENTATION_ITEM(''));
#1288=DEFINITIONAL_REPRESENTATION('',(#1287),#571);
#1289=PCURVE('',#314,#1288);
#1290=CARTESIAN_POINT('',(1.49999999999999994E-1,-2.59807621135331623E-1));
#1291=CARTESIAN_POINT('',(-1.09807621135331657E-1,-4.09807621135331646E-1));
#1292=CARTESIAN_POINT('',(-2.59807621135331623E-1,-1.49999999999999994E-1));
#1293=(BOUNDED_CURVE()B_SPLINE_CURVE(2,(#1290,#1291,#1292),.UNSPECIFIED.,.F.,.F.)B_SPLINE_CURVE_WITH_KNOTS((3,3),(0.00000000000000000E0,1.00000000000000000E0),.UNSPECIFIED.)CURVE()GEOMETRIC_REPRESENTATION_ITEM()RATIONAL_B_SPLINE_CURVE((1.00000000000000000E0,7.07106781186547573E-1,1.00000000000000000E0))REPRESENTATION_ITEM(''));
#1294=DEFINITIONAL_REPRESENTATION('',(#1293),#571);
#1295=PCURVE('',#314,#1294);
#1296=CARTESIAN_POINT('',(-2.59807621135331623E-1,-1.49999999999999994E-1));
#1297=CARTESIAN_POINT('',(-4.09807621135331646E-1,1.09807621135331657E-1));
#1298=CARTESIAN_POINT('',(-1.49999999999999994E-1,2.59807621135331623E-1));
#1299=(BOUNDED_CURVE()B_SPLINE_CURVE(2,(#1296,#1297,#1298),.UNSPECIFIED.,.F.,.F.)B_SPLINE_CURVE_WITH_KNOTS((3,3),(0.00000000000000000E0,1.00000000000000000E0),.UNSPECIFIED.)CURVE()GEOMETRIC_REPRESENTATION_ITEM()RATIONAL_B_SPLINE_CURVE((1.00000000000000000E0,7.07106781186547573E-1,1.00000000000000000E0))REPRESENTATION_ITEM(''));
#1300=DEFINITIONAL_REPRESENTATION('',(#1299),#571);
#1301=PCURVE('',#314,#1300);
#1302=CARTESIAN_POINT('',(-1.49999999999999994E-1,2.59807621135331623E-1));
#1303=CARTESIAN_POINT('',(1.09807621135331657E-1,4.09807621135331646E-1));
#1304=CARTESIAN_POINT('',(2.59807621135331623E-1,1.49999999999999994E-1));
#1305=(BOUNDED_CURVE()B_SPLINE_CURVE(2,(#1302,#1303,#1304),.UNSPECIFIED.,.F.,.F.)B_SPLINE_CURVE_WITH_KNOTS((3,3),(0.00000000000000000E0,1.00000000000000000E0),.UNSPECIFIED.)CURVE()GEOMETRIC_REPRESENTATION_ITEM()RATIONAL_B_SPLINE_CURVE((1.00000000000000000E0,7.07106781186547573E-1,1.00000000000000000E0))REPRESENTATION_ITEM(''));
#1306=DEFINITIONAL_REPRESENTATION('',(#1305),#571);
#1307=PCURVE('',#314,#1306);
#1308=SURFACE_CURVE('',#318,(#576,#1235),.PCURVE_S1.);
#1309=EDGE_CURVE('OSCAD_TOPO/3|edge|e:72987ed2b5b10acfc8ac1548b89c8d0d|7265f147fedca0e480c84446ceb2e4680a91e7104a31208620d0f74b1a0ddb5f',#2,#4,#1308,.T.);
#1310=SURFACE_CURVE('',#321,(#581,#611),.PCURVE_S1.);
#1311=EDGE_CURVE('OSCAD_TOPO/3|edge|e:38bd1b336b5a9a3026f3bd7c4de87c3e|a0afdbbe0b2fe205adb5d00c7fc2ac19b7615090d26706427224513836f7ae94',#4,#20,#1310,.T.);
#1312=SURFACE_CURVE('',#325,(#586,#736),.PCURVE_S1.);
#1313=EDGE_CURVE('OSCAD_TOPO/3|edge|e:13441b38d4507e33a0374c35e1986896|b33d2c990a753943a4f42c294acc214de0cab337660d5cfa422228885c9725fb',#18,#20,#1312,.T.);
#1314=SURFACE_CURVE('',#328,(#591,#641),.PCURVE_S1.);
#1315=EDGE_CURVE('OSCAD_TOPO/3|edge|e:69dc30ad6f9544ed1ce84201838ddb6c|6829b62913356a8663546bd2763cd0d9a14ab6b02cb9a80e11500574404636f0',#2,#18,#1314,.T.);
#1316=SURFACE_CURVE('',#332,(#596,#1229),.PCURVE_S1.);
#1317=EDGE_CURVE('OSCAD_TOPO/3|edge|e:36c745b77e44fde69330ccc127247a04|715b4f66a9b509ec016e4ab1a4861c25cd30ba30f29fd7b8db754fbd2e3837ea',#4,#6,#1316,.T.);
#1318=SURFACE_CURVE('',#335,(#601,#631),.PCURVE_S1.);
#1319=EDGE_CURVE('OSCAD_TOPO/3|edge|e:577409280a5ec24e627b3855524db4c5|7fffaf6367460732797725b9e3de826e57e6786b10485eba3395b208436570b7',#6,#22,#1318,.T.);
#1320=SURFACE_CURVE('',#339,(#606,#756),.PCURVE_S1.);
#1321=EDGE_CURVE('OSCAD_TOPO/3|edge|e:38395275569a32aacaf421fb312900ea|675a00dd37961ec7c169c6a2fe55fe10727cbf577a938ba927c98dfe89ad2d79',#20,#22,#1320,.T.);
#1322=SURFACE_CURVE('',#343,(#616,#1223),.PCURVE_S1.);
#1323=EDGE_CURVE('OSCAD_TOPO/3|edge|e:061829fddb95204f19be10f9dc84d9dc|69aec3c5498d7910bb087080caf4c2f60a31314e119b65d26ee8d4f8eaaf954d',#6,#8,#1322,.T.);
#1324=SURFACE_CURVE('',#346,(#621,#651),.PCURVE_S1.);
#1325=EDGE_CURVE('OSCAD_TOPO/3|edge|e:45bf65fbc1548b598c16533052f40049|a39fae876c2fc870264ba649fefbc151d41f0cb89d24fc76915f7e30b19eb10a',#8,#24,#1324,.T.);
#1326=SURFACE_CURVE('',#350,(#626,#776),.PCURVE_S1.);
#1327=EDGE_CURVE('OSCAD_TOPO/3|edge|e:5d3d2197e84835fac29bfd1ded81e877|7bef8926ce402bd9138fcdf2ea877c0f3616485960b7b3c09cad081864bb026e',#22,#24,#1326,.T.);
#1328=SURFACE_CURVE('',#354,(#636,#1217),.PCURVE_S1.);
#1329=EDGE_CURVE('OSCAD_TOPO/3|edge|e:caed41cf9e37d40e51845f863d97aa57|953802e6f3bba68f3f2e1e0f392ed9ccb6efdd4bf20943a4533e0636012b16f9',#2,#8,#1328,.T.);
#1330=SURFACE_CURVE('',#358,(#646,#796),.PCURVE_S1.);
#1331=EDGE_CURVE('OSCAD_TOPO/3|edge|e:cdd007efc86b0dd413f177eb8ef1167e|3b79fba2fb3a61da9e78142c0167f59fa12a430764d09eb7fb45f8e88d4d3646',#18,#24,#1330,.T.);
#1332=SURFACE_CURVE('',#362,(#656,#1259),.PCURVE_S1.);
#1333=EDGE_CURVE('OSCAD_TOPO/3|edge|e:0ddb2fe9267d6de9230823e50f024f94|9a5e4e94738599f93bf97751de5a7cd1ece5584e765ad707d7861898747ab302',#10,#12,#1332,.T.);
#1334=SURFACE_CURVE('',#365,(#661,#691),.PCURVE_S1.);
#1335=EDGE_CURVE('OSCAD_TOPO/3|edge|e:be6bf501dbad4c53597bf5f658d0d692|8d6cbe22b4f989116ed5d6b4cf4f92847f4d4c412eb0fb0de221b3e0d5803348',#12,#28,#1334,.T.);
#1336=SURFACE_CURVE('',#369,(#666,#816),.PCURVE_S1.);
#1337=EDGE_CURVE('OSCAD_TOPO/3|edge|e:03e857f00ab980f379f0de3ccece6fd6|293e904c7a023659e8302dde9b10111ff19d2b3be7bfb05f50d5f8e6c2523fff',#26,#28,#1336,.T.);
#1338=SURFACE_CURVE('',#372,(#671,#721),.PCURVE_S1.);
#1339=EDGE_CURVE('OSCAD_TOPO/3|edge|e:810855c4ae6cd003af5a64bd06d63847|56f03d6c889b10eed75807ba83e23e03eb3c60c822d1af2867848953a4d3d365',#10,#26,#1338,.T.);
#1340=SURFACE_CURVE('',#376,(#676,#1253),.PCURVE_S1.);
#1341=EDGE_CURVE('OSCAD_TOPO/3|edge|e:c7799a138d411c47a21a840ce5967bb7|adcaae9386885147de21e737e05485ac9e4bcda21e2e5ee62fd3a0e3f724fe9d',#12,#14,#1340,.T.);
#1342=SURFACE_CURVE('',#379,(#681,#711),.PCURVE_S1.);
#1343=EDGE_CURVE('OSCAD_TOPO/3|edge|e:95ede2b78836f3c1862b6ce018c32f06|f6081716607db7fa459acd292e22b69bb68c4b3692f9863d9cd37566aed975a1',#14,#30,#1342,.T.);
#1344=SURFACE_CURVE('',#383,(#686,#836),.PCURVE_S1.);
#1345=EDGE_CURVE('OSCAD_TOPO/3|edge|e:23cc7723ba49d056bebb76965f7ede8f|6c65ce0b528547651f0289d24f645b8a5573e99e17b688b1fd42f6505ab2fb79',#28,#30,#1344,.T.);
#1346=SURFACE_CURVE('',#387,(#696,#1247),.PCURVE_S1.);
#1347=EDGE_CURVE('OSCAD_TOPO/3|edge|e:af195f3ff807dd9969c8c768fa792789|f47ca3b706cfa0099a30d83a5b8d5b13d8926445ffe34d3718260243fa593579',#14,#16,#1346,.T.);
#1348=SURFACE_CURVE('',#390,(#701,#731),.PCURVE_S1.);
#1349=EDGE_CURVE('OSCAD_TOPO/3|edge|e:e7a32abfa854eaca73b067918eec4e04|a497013ec18c2049bfdc363448bc8f7b95bba32dab02516377628ec6ae0552d0',#16,#32,#1348,.T.);
#1350=SURFACE_CURVE('',#394,(#706,#856),.PCURVE_S1.);
#1351=EDGE_CURVE('OSCAD_TOPO/3|edge|e:3a513216d74eeb2138d7811d57dfd4e1|a0d112330a4920d3f5df8a19fbb1c86daf57157b985ee8b1e8e05841433c3951',#30,#32,#1350,.T.);
#1352=SURFACE_CURVE('',#398,(#716,#1241),.PCURVE_S1.);
#1353=EDGE_CURVE('OSCAD_TOPO/3|edge|e:0c14499c5d6962d56273c5dec648f554|01ade13121bb71e9a14988818333c0bc4ad3f5cddf76a0d1a5b478f7273dc779',#10,#16,#1352,.T.);
#1354=SURFACE_CURVE('',#402,(#726,#876),.PCURVE_S1.);
#1355=EDGE_CURVE('OSCAD_TOPO/3|edge|e:f6ba8d3aa2ab40e1810161706996697e|07ce51bec928dd208328ffeffceb9994c090f3c26098b0effccefa96b1c4d19a',#26,#32,#1354,.T.);
#1356=SURFACE_CURVE('',#405,(#741,#771),.PCURVE_S1.);
#1357=EDGE_CURVE('OSCAD_TOPO/3|edge|e:6d62fc368aea858913260a80c4d9353f|774773364e3c150acb137e6ae259e303a992ec7343eaedfcb2cd3b1586c3f160',#20,#36,#1356,.T.);
#1358=SURFACE_CURVE('',#409,(#746,#896),.PCURVE_S1.);
#1359=EDGE_CURVE('OSCAD_TOPO/3|edge|e:31d202e847c38cb1bb10c72af3ad2ae9|28a94fb4ebb571852d1a54fb42cdbbee8d87bb5d75ae9cb8e53b8b2748420526',#34,#36,#1358,.T.);
#1360=SURFACE_CURVE('',#412,(#751,#801),.PCURVE_S1.);
#1361=EDGE_CURVE('OSCAD_TOPO/3|edge|e:736888bc64c16e852e23040e578a59b6|599b68c1c37d3046f93127dfceae42884e03566a5caa999d3a46c02cc3b3db17',#18,#34,#1360,.T.);
#1362=SURFACE_CURVE('',#415,(#761,#791),.PCURVE_S1.);
#1363=EDGE_CURVE('OSCAD_TOPO/3|edge|e:b8bd62bc6f15a005f2dfaf8c1bda3cfc|8c5f69eeee6ee6a7b42f0174ab12b09d7caab27e1986e94e5d4e8834ea8beb4d',#22,#38,#1362,.T.);
#1364=SURFACE_CURVE('',#419,(#766,#916),.PCURVE_S1.);
#1365=EDGE_CURVE('OSCAD_TOPO/3|edge|e:864faf0d8604623b7472ca81954995c6|01ff60deb919be8bd3c9f0ec58e538af98e727c4071a231456fc65daf401e5a2',#36,#38,#1364,.T.);
#1366=SURFACE_CURVE('',#422,(#781,#811),.PCURVE_S1.);
#1367=EDGE_CURVE('OSCAD_TOPO/3|edge|e:8fc45e0de33885175bafbd7f8329efe7|055a74d230d4007bf1410a5bc99f495ec624be764c0c5bd6d697cb48a8fb9215',#24,#40,#1366,.T.);
#1368=SURFACE_CURVE('',#426,(#786,#936),.PCURVE_S1.);
#1369=EDGE_CURVE('OSCAD_TOPO/3|edge|e:becfc26b30c64eaf6e5acd5b26f9104b|fda705fc4640e43008a03f7222b77bd44fb71280d8b47f44e0e1a69f6bc9ecc3',#38,#40,#1368,.T.);
#1370=SURFACE_CURVE('',#430,(#806,#956),.PCURVE_S1.);
#1371=EDGE_CURVE('OSCAD_TOPO/3|edge|e:879a5d328edfefccd34dd9473c09b10f|5defaba111559d6b223d4656f16416e8553c9eabe72ea585f76d326cf8666546',#34,#40,#1370,.T.);
#1372=SURFACE_CURVE('',#433,(#821,#851),.PCURVE_S1.);
#1373=EDGE_CURVE('OSCAD_TOPO/3|edge|e:6111c7074b6cdce474c1a61d5618dbdc|f68fa9d3af4da86455283b159de11200f341bc410201e60454baccaf13c49b5a',#28,#44,#1372,.T.);
#1374=SURFACE_CURVE('',#437,(#826,#976),.PCURVE_S1.);
#1375=EDGE_CURVE('OSCAD_TOPO/3|edge|e:2046e92c586991cc9711c17278303884|e8ec26140c70f82566935b64a9143028864ad118571664d784880aba05e8b8e1',#42,#44,#1374,.T.);
#1376=SURFACE_CURVE('',#440,(#831,#881),.PCURVE_S1.);
#1377=EDGE_CURVE('OSCAD_TOPO/3|edge|e:d2002b8f9b8c33da992f7a01b5aa4f4a|ad9184d80d4e1177cfac606fd548e0b0245b0c810f601f00b6e2ec6b5745df36',#26,#42,#1376,.T.);
#1378=SURFACE_CURVE('',#443,(#841,#871),.PCURVE_S1.);
#1379=EDGE_CURVE('OSCAD_TOPO/3|edge|e:7228056587257beb5d8f14bcd30711d1|5b920b756286757d6180dd86427ef8d5632ef675814a8498e17cd3222b1189a0',#30,#46,#1378,.T.);
#1380=SURFACE_CURVE('',#447,(#846,#996),.PCURVE_S1.);
#1381=EDGE_CURVE('OSCAD_TOPO/3|edge|e:aef564b1971417386fddd2ba7133bee8|57ff4e3c74fce1f5e19f2439208b28f23692665f91813f66c45a3a62d16e99d4',#44,#46,#1380,.T.);
#1382=SURFACE_CURVE('',#450,(#861,#891),.PCURVE_S1.);
#1383=EDGE_CURVE('OSCAD_TOPO/3|edge|e:795958a644c9bafd22196c112b6874c7|d21b6de0f54f394839723d139f906e223abe7a2bab638bbefaa10d6eaef4e651',#32,#48,#1382,.T.);
#1384=SURFACE_CURVE('',#454,(#866,#1016),.PCURVE_S1.);
#1385=EDGE_CURVE('OSCAD_TOPO/3|edge|e:832bcb9c0a562731091e05769895a034|329f723534092cade8962b5c13a4b813954610c36bd39cf448fb96bec29b61f2',#46,#48,#1384,.T.);
#1386=SURFACE_CURVE('',#458,(#886,#1036),.PCURVE_S1.);
#1387=EDGE_CURVE('OSCAD_TOPO/3|edge|e:e6f4252ec8d6509557c2b0641709a69c|ae1595d4d72cebd5cbbde3f966bbe0887a08a6d47883ce0681044a824d4ea047',#42,#48,#1386,.T.);
#1388=SURFACE_CURVE('',#461,(#901,#931),.PCURVE_S1.);
#1389=EDGE_CURVE('OSCAD_TOPO/3|edge|e:f87e64735f294afebb0def0f7c79af74|9f77166ef6410e0bddb5ae1fa96ab07d3a45b56888973830489240c3d3d0a6da',#36,#52,#1388,.T.);
#1390=SURFACE_CURVE('',#465,(#906,#1056),.PCURVE_S1.);
#1391=EDGE_CURVE('OSCAD_TOPO/3|edge|e:ab3370798aa1e434c0f1702a5baf8798|da2644a824312049dd5943d0a313992471afb10faba6970d03f23eb6383221a2',#50,#52,#1390,.T.);
#1392=SURFACE_CURVE('',#468,(#911,#961),.PCURVE_S1.);
#1393=EDGE_CURVE('OSCAD_TOPO/3|edge|e:3bdc1840453152564b89fd75eee91fac|89f09fd5016fb0b9cb95c4d9740f1b11dcd818b010610220324b1eaed0458a32',#34,#50,#1392,.T.);
#1394=SURFACE_CURVE('',#471,(#921,#951),.PCURVE_S1.);
#1395=EDGE_CURVE('OSCAD_TOPO/3|edge|e:d8b5e227d9564b45f8ca1fd6c53baae6|9a308f51b8c2da7733a4e7016e27da1ddcfcc94f981f97bcd01a18abd134fe59',#38,#54,#1394,.T.);
#1396=SURFACE_CURVE('',#475,(#926,#1076),.PCURVE_S1.);
#1397=EDGE_CURVE('OSCAD_TOPO/3|edge|e:d5d80a638d3d7ea70d0a68ee437cb824|dbd81f6646eca4b9b0b547e9cacb1d8a41d4bd7a9a9a4cbf965f80b32116febe',#52,#54,#1396,.T.);
#1398=SURFACE_CURVE('',#478,(#941,#971),.PCURVE_S1.);
#1399=EDGE_CURVE('OSCAD_TOPO/3|edge|e:233ba04ff31e6d714c573a6bf61b9daf|701482765b3dc629b4d4e31dfe9a82287563e47bf14045cf69470d1210aee388',#40,#56,#1398,.T.);
#1400=SURFACE_CURVE('',#482,(#946,#1096),.PCURVE_S1.);
#1401=EDGE_CURVE('OSCAD_TOPO/3|edge|e:5a121791f1a18240f81f928325f824fd|574fb4116d43c89a280d95cf9461c51677dd4b39d790c0285184bd51bccd5f3d',#54,#56,#1400,.T.);
#1402=SURFACE_CURVE('',#486,(#966,#1116),.PCURVE_S1.);
#1403=EDGE_CURVE('OSCAD_TOPO/3|edge|e:aa983ac1a3446e98d672696d0d0efec0|c1b8d8aba8ba822dc8d9027b2b13cfe635c18e3aa4c5f17c5b714d934111e892',#50,#56,#1402,.T.);
#1404=SURFACE_CURVE('',#489,(#981,#1011),.PCURVE_S1.);
#1405=EDGE_CURVE('OSCAD_TOPO/3|edge|e:99add48f95b8d6976d674089ae5cf6f5|87ce28783994233df5dedeecde79dacd1dd6322ac4b6f267ce9d04ec0b88b32e',#44,#60,#1404,.T.);
#1406=SURFACE_CURVE('',#493,(#986,#1136),.PCURVE_S1.);
#1407=EDGE_CURVE('OSCAD_TOPO/3|edge|e:7036a021eb59eef005f88f6865c0f796|507e84802e5ec154fb6f7dd782f91b21459a844a738b526d17fa45410ad40786',#58,#60,#1406,.T.);
#1408=SURFACE_CURVE('',#496,(#991,#1041),.PCURVE_S1.);
#1409=EDGE_CURVE('OSCAD_TOPO/3|edge|e:c2eea889854d40e704dd0725037f1325|f8ce2a448d52d17c057af808fcb863bbbccc5d4fa93d267d7ab8b8e823b94249',#42,#58,#1408,.T.);
#1410=SURFACE_CURVE('',#499,(#1001,#1031),.PCURVE_S1.);
#1411=EDGE_CURVE('OSCAD_TOPO/3|edge|e:4822f08b16273c17055065c61d07522f|fb0e06e84278faa07e719105a762699693b25d808850905d2d675f7fe1373a6c',#46,#62,#1410,.T.);
#1412=SURFACE_CURVE('',#503,(#1006,#1156),.PCURVE_S1.);
#1413=EDGE_CURVE('OSCAD_TOPO/3|edge|e:417bc5ffc58f491ad49aa42cd5620b73|90f2838496a77f2c8e1125247a0c33bf06640eca319b0304bd16c161363aecb7',#60,#62,#1412,.T.);
#1414=SURFACE_CURVE('',#506,(#1021,#1051),.PCURVE_S1.);
#1415=EDGE_CURVE('OSCAD_TOPO/3|edge|e:661e9aaf32f68f48df495e197de9d0e8|065ed66f4e70643462d67393f9fb4c400261404b0d18da733146162d450225ef',#48,#64,#1414,.T.);
#1416=SURFACE_CURVE('',#510,(#1026,#1176),.PCURVE_S1.);
#1417=EDGE_CURVE('OSCAD_TOPO/3|edge|e:a1ab1900051d7c1fe08897f6d439a50b|f2dfc05d1fe0c50ea09c6c86ba747457842090f95ed69bf27b3f31aff350ba8d',#62,#64,#1416,.T.);
#1418=SURFACE_CURVE('',#514,(#1046,#1196),.PCURVE_S1.);
#1419=EDGE_CURVE('OSCAD_TOPO/3|edge|e:f54d0f591e4e96070d48bb7d944afb7a|d5e44171bcb17d272046c93f624884f6fe48594ce9a9768ed26befc4f493745f',#58,#64,#1418,.T.);
#1420=SURFACE_CURVE('',#517,(#1061,#1091),.PCURVE_S1.);
#1421=EDGE_CURVE('OSCAD_TOPO/3|edge|e:5c2d84574d28facb8b295305a411838e|6b8fcc9df6ff3749a9c72002d3fde21eb09be82a59b914c1dcd23f85829f3594',#52,#68,#1420,.T.);
#1422=SURFACE_CURVE('',#521,(#1066,#1265),.PCURVE_S1.);
#1423=EDGE_CURVE('OSCAD_TOPO/3|edge|e:75a0bc224376729736566b52f52ad18b|52c6e4829d777d3130b441034e267e7ddbde6bfb4647e964ca89c1f2f6698927',#66,#68,#1422,.T.);
#1424=SURFACE_CURVE('',#524,(#1071,#1121),.PCURVE_S1.);
#1425=EDGE_CURVE('OSCAD_TOPO/3|edge|e:df1ce4b402dfae28893ae49adb4cb3bd|03ea98e8753d2731d68183975b9f4db16eaa9e7d2a8775d7acd08f705f1abd41',#50,#66,#1424,.T.);
#1426=SURFACE_CURVE('',#527,(#1081,#1111),.PCURVE_S1.);
#1427=EDGE_CURVE('OSCAD_TOPO/3|edge|e:5c4514733c3babe57d19d8ec45d2350b|afde30c0f50a6e2ef1b6d1bdde32d4b11d261d370c285f5ba7d186c9a6644dfe',#54,#70,#1426,.T.);
#1428=SURFACE_CURVE('',#531,(#1086,#1271),.PCURVE_S1.);
#1429=EDGE_CURVE('OSCAD_TOPO/3|edge|e:b40a61d24eb347ae551d5c89e03327e9|fbdd9ffea812c64c75d1d43620a3527d46d6408d7ab22423a25a7602f4c48920',#68,#70,#1428,.T.);
#1430=SURFACE_CURVE('',#534,(#1101,#1131),.PCURVE_S1.);
#1431=EDGE_CURVE('OSCAD_TOPO/3|edge|e:ac83722fc6b7cf42961c53b08ac7bc81|8b60fa22dde5e082ed6538cb43dbb92303032e66d5946bedf997555e7800d6b2',#56,#72,#1430,.T.);
#1432=SURFACE_CURVE('',#538,(#1106,#1277),.PCURVE_S1.);
#1433=EDGE_CURVE('OSCAD_TOPO/3|edge|e:db3762687fc093e8721e1eddef070734|8f8621131c28bf69fd07559fd0b2d9582efcce6a5d1ddbc9e669894cd733cf6e',#70,#72,#1432,.T.);
#1434=SURFACE_CURVE('',#542,(#1126,#1283),.PCURVE_S1.);
#1435=EDGE_CURVE('OSCAD_TOPO/3|edge|e:5c69e307c516cf8dab9cc5fd5e63188b|79479f10b9074ed00371b7b0b72a54773e38a2aec66b6edfaf72a9c42bfacee4',#66,#72,#1434,.T.);
#1436=SURFACE_CURVE('',#545,(#1141,#1171),.PCURVE_S1.);
#1437=EDGE_CURVE('OSCAD_TOPO/3|edge|e:17688c0801fd10940e81852b3befc294|238959e6a1a64127cc6fee3facc36a737f0c99e563e93000aa458f094f9e0a2f',#60,#76,#1436,.T.);
#1438=SURFACE_CURVE('',#549,(#1146,#1289),.PCURVE_S1.);
#1439=EDGE_CURVE('OSCAD_TOPO/3|edge|e:d66d9ceb690f4ccc37429cecddc1ed28|b9f2ded4bbabc5e72ffbd07a76724ced654761b8638df19c7c77361a28d1ab60',#74,#76,#1438,.T.);
#1440=SURFACE_CURVE('',#552,(#1151,#1201),.PCURVE_S1.);
#1441=EDGE_CURVE('OSCAD_TOPO/3|edge|e:aaa0c7777b0f75700293a2cf1b4e4c12|cdb6ece78a76170614a50f56492be46e56033c4446f810b0b7816aebd7a62d32',#58,#74,#1440,.T.);
#1442=SURFACE_CURVE('',#555,(#1161,#1191),.PCURVE_S1.);
#1443=EDGE_CURVE('OSCAD_TOPO/3|edge|e:1bc9fa9a4f4c147576e216644f577874|11c5a67edce1c99c3a19c670dcc4d8b3c98f599a010a1dfe18cc965af5383621',#62,#78,#1442,.T.);
#1444=SURFACE_CURVE('',#559,(#1166,#1295),.PCURVE_S1.);
#1445=EDGE_CURVE('OSCAD_TOPO/3|edge|e:9ec27a84df46c9901563c0be91f72a70|d33e81cb9dee4b182247c36e05c8094b474d803f5285ac1bb88f480014a7a833',#76,#78,#1444,.T.);
#1446=SURFACE_CURVE('',#562,(#1181,#1211),.PCURVE_S1.);
#1447=EDGE_CURVE('OSCAD_TOPO/3|edge|e:0f2e8f4ece09b1674ea4f3dc99fb62d3|cfbb8486da31b3c5e32d0153753662c9f45632bbd552b2c4e51e1973633f3a8b',#64,#80,#1446,.T.);
#1448=SURFACE_CURVE('',#566,(#1186,#1301),.PCURVE_S1.);
#1449=EDGE_CURVE('OSCAD_TOPO/3|edge|e:85e4ba9ff266047f541f2d19460aa1fa|e70064d144b417b85e3c1a9faaa55997f2ed27981f1d77b182380f7b68bdd21b',#78,#80,#1448,.T.);
#1450=SURFACE_CURVE('',#570,(#1206,#1307),.PCURVE_S1.);
#1451=EDGE_CURVE('OSCAD_TOPO/3|edge|e:7cbe964fb88199d82078e48a3a334f23|9a27e519aa9bdd25b71616027a6b43e3d97560f9e6acb5287ed62a2aae2b356a',#74,#80,#1450,.T.);
#1452=ORIENTED_EDGE('',*,*,#1309,.T.);
#1453=ORIENTED_EDGE('',*,*,#1311,.T.);
#1454=ORIENTED_EDGE('',*,*,#1313,.F.);
#1455=ORIENTED_EDGE('',*,*,#1315,.F.);
#1456=EDGE_LOOP('OSCAD_TOPO/3|loop|l:41adde7a994cd34c45c31fb995d005b7|f9265f6a78a39d7af6d4daf2a9b0cf108b78b9f93da95f3b480b58a31479a418',(#1452,#1453,#1454,#1455));
#1457=ORIENTED_EDGE('',*,*,#1317,.T.);
#1458=ORIENTED_EDGE('',*,*,#1319,.T.);
#1459=ORIENTED_EDGE('',*,*,#1321,.F.);
#1460=ORIENTED_EDGE('',*,*,#1311,.F.);
#1461=EDGE_LOOP('OSCAD_TOPO/3|loop|l:a17ef36a2c54265fa10c6f2d056e30f9|9705dd560c440bcdda1d5e970cd1400c276e51a6fa70ef0e9cc89414e0f52c84',(#1457,#1458,#1459,#1460));
#1462=ORIENTED_EDGE('',*,*,#1323,.T.);
#1463=ORIENTED_EDGE('',*,*,#1325,.T.);
#1464=ORIENTED_EDGE('',*,*,#1327,.F.);
#1465=ORIENTED_EDGE('',*,*,#1319,.F.);
#1466=EDGE_LOOP('OSCAD_TOPO/3|loop|l:1fb66184139abcfcb4d1ba5bf8b281e6|79c0afb6e0a16dbaeaefc53be336cfda18e1ee87702e38f97e93be3b6dc14904',(#1462,#1463,#1464,#1465));
#1467=ORIENTED_EDGE('',*,*,#1329,.F.);
#1468=ORIENTED_EDGE('',*,*,#1315,.T.);
#1469=ORIENTED_EDGE('',*,*,#1331,.T.);
#1470=ORIENTED_EDGE('',*,*,#1325,.F.);
#1471=EDGE_LOOP('OSCAD_TOPO/3|loop|l:de5c61a6529366baa53f986d8012aaa6|698f591e4909afed0ca0ad25d0c7508d885a425396adb5bf821cf607514f5be2',(#1467,#1468,#1469,#1470));
#1472=ORIENTED_EDGE('',*,*,#1333,.T.);
#1473=ORIENTED_EDGE('',*,*,#1335,.T.);
#1474=ORIENTED_EDGE('',*,*,#1337,.F.);
#1475=ORIENTED_EDGE('',*,*,#1339,.F.);
#1476=EDGE_LOOP('OSCAD_TOPO/3|loop|l:dede939d72aca0a4b24c16e7be220786|919e6654ca8f6115aace1e1429fd16e48b2b4d577c2728a2bc127b483c35205d',(#1472,#1473,#1474,#1475));
#1477=ORIENTED_EDGE('',*,*,#1341,.T.);
#1478=ORIENTED_EDGE('',*,*,#1343,.T.);
#1479=ORIENTED_EDGE('',*,*,#1345,.F.);
#1480=ORIENTED_EDGE('',*,*,#1335,.F.);
#1481=EDGE_LOOP('OSCAD_TOPO/3|loop|l:95ae8d8c1237477a3dcd1256df8bc81f|d39a6f8b669dca28317900940d989ba6947e1e89efc4d3db019f1f4f7f597e6c',(#1477,#1478,#1479,#1480));
#1482=ORIENTED_EDGE('',*,*,#1347,.T.);
#1483=ORIENTED_EDGE('',*,*,#1349,.T.);
#1484=ORIENTED_EDGE('',*,*,#1351,.F.);
#1485=ORIENTED_EDGE('',*,*,#1343,.F.);
#1486=EDGE_LOOP('OSCAD_TOPO/3|loop|l:41b4bcf20b5f71e74b7367b998a14c7b|9deef22177229b57a92ca8484a1be86fd77b0e2bf5cbf0616441968940a2ce27',(#1482,#1483,#1484,#1485));
#1487=ORIENTED_EDGE('',*,*,#1353,.F.);
#1488=ORIENTED_EDGE('',*,*,#1339,.T.);
#1489=ORIENTED_EDGE('',*,*,#1355,.T.);
#1490=ORIENTED_EDGE('',*,*,#1349,.F.);
#1491=EDGE_LOOP('OSCAD_TOPO/3|loop|l:5a3ec6108da383900768b374c3283b36|d1957e0f9d2de776e50176cd3cfa4126b05f27e18acfa7056a281967111a35cb',(#1487,#1488,#1489,#1490));
#1492=ORIENTED_EDGE('',*,*,#1313,.T.);
#1493=ORIENTED_EDGE('',*,*,#1357,.T.);
#1494=ORIENTED_EDGE('',*,*,#1359,.F.);
#1495=ORIENTED_EDGE('',*,*,#1361,.F.);
#1496=EDGE_LOOP('OSCAD_TOPO/3|loop|l:5aaf48757d66f87562b21b310fb17d7d|6ec4d9375a35b4a789c6e0ac3f41397e43e51f4ae8d8ea8d4d5c4089ea4c161d',(#1492,#1493,#1494,#1495));
#1497=ORIENTED_EDGE('',*,*,#1321,.T.);
#1498=ORIENTED_EDGE('',*,*,#1363,.T.);
#1499=ORIENTED_EDGE('',*,*,#1365,.F.);
#1500=ORIENTED_EDGE('',*,*,#1357,.F.);
#1501=EDGE_LOOP('OSCAD_TOPO/3|loop|l:b81929972b337eed9b809943bbf67c20|30a1ff4fb4d6bec7770a8353b20f4a433e60eddc3aadf02911d72f8b9b14a665',(#1497,#1498,#1499,#1500));
#1502=ORIENTED_EDGE('',*,*,#1327,.T.);
#1503=ORIENTED_EDGE('',*,*,#1367,.T.);
#1504=ORIENTED_EDGE('',*,*,#1369,.F.);
#1505=ORIENTED_EDGE('',*,*,#1363,.F.);
#1506=EDGE_LOOP('OSCAD_TOPO/3|loop|l:074ed967b3b14f5dfbbb856a481bc57d|f56f4c9c6a443824ca5696eb7448d6d11f6b1eb9b0e035b557bf1d14266590e0',(#1502,#1503,#1504,#1505));
#1507=ORIENTED_EDGE('',*,*,#1331,.F.);
#1508=ORIENTED_EDGE('',*,*,#1361,.T.);
#1509=ORIENTED_EDGE('',*,*,#1371,.T.);
#1510=ORIENTED_EDGE('',*,*,#1367,.F.);
#1511=EDGE_LOOP('OSCAD_TOPO/3|loop|l:e587aa4a0d1d632a1ac07eee73afcbf9|99d14bf5f8f29c5270424639b467bcc021d1a849508c9e9ca782a2631955ddfe',(#1507,#1508,#1509,#1510));
#1512=ORIENTED_EDGE('',*,*,#1337,.T.);
#1513=ORIENTED_EDGE('',*,*,#1373,.T.);
#1514=ORIENTED_EDGE('',*,*,#1375,.F.);
#1515=ORIENTED_EDGE('',*,*,#1377,.F.);
#1516=EDGE_LOOP('OSCAD_TOPO/3|loop|l:78f1a6b494a25cfac3d7edcc35efa153|9b76682975be7c684a4407ba6c59db4bb6c9519d8afb861dec4c9793783bf154',(#1512,#1513,#1514,#1515));
#1517=ORIENTED_EDGE('',*,*,#1345,.T.);
#1518=ORIENTED_EDGE('',*,*,#1379,.T.);
#1519=ORIENTED_EDGE('',*,*,#1381,.F.);
#1520=ORIENTED_EDGE('',*,*,#1373,.F.);
#1521=EDGE_LOOP('OSCAD_TOPO/3|loop|l:cd19015baf9b54e69ad7ccfa71c60827|d0bc6e2916ff72ffa95704ed8904d439aafbfe84fee924711d6362dc893e03e3',(#1517,#1518,#1519,#1520));
#1522=ORIENTED_EDGE('',*,*,#1351,.T.);
#1523=ORIENTED_EDGE('',*,*,#1383,.T.);
#1524=ORIENTED_EDGE('',*,*,#1385,.F.);
#1525=ORIENTED_EDGE('',*,*,#1379,.F.);
#1526=EDGE_LOOP('OSCAD_TOPO/3|loop|l:090b17e1c290e6b212bd6a98295bb1c1|f9c02737f0ff2bc44fbd5ffd02f4ac8ad24e8a7b8d981af263f7f9c830796d1a',(#1522,#1523,#1524,#1525));
#1527=ORIENTED_EDGE('',*,*,#1355,.F.);
#1528=ORIENTED_EDGE('',*,*,#1377,.T.);
#1529=ORIENTED_EDGE('',*,*,#1387,.T.);
#1530=ORIENTED_EDGE('',*,*,#1383,.F.);
#1531=EDGE_LOOP('OSCAD_TOPO/3|loop|l:87384f1ac213da5b95904f67e9707d9b|cd2866df087dc3845d9412ef21a821a00b2715c1201f08cfa8a178dd17e4a9eb',(#1527,#1528,#1529,#1530));
#1532=ORIENTED_EDGE('',*,*,#1359,.T.);
#1533=ORIENTED_EDGE('',*,*,#1389,.T.);
#1534=ORIENTED_EDGE('',*,*,#1391,.F.);
#1535=ORIENTED_EDGE('',*,*,#1393,.F.);
#1536=EDGE_LOOP('OSCAD_TOPO/3|loop|l:68b615ffe8cf048d39f4e37de09779ff|1efe4f84cabb8c4af200c9fb3a6c62877845c43a4a7c36415ac895ae2ca4fd18',(#1532,#1533,#1534,#1535));
#1537=ORIENTED_EDGE('',*,*,#1365,.T.);
#1538=ORIENTED_EDGE('',*,*,#1395,.T.);
#1539=ORIENTED_EDGE('',*,*,#1397,.F.);
#1540=ORIENTED_EDGE('',*,*,#1389,.F.);
#1541=EDGE_LOOP('OSCAD_TOPO/3|loop|l:b4c7a1808e1a5afe1b0b9868e4a45dbe|1f0d3aaff846b27988f7cc1148eaa80d921d6e32990ffbfafadb0621e2eb34eb',(#1537,#1538,#1539,#1540));
#1542=ORIENTED_EDGE('',*,*,#1369,.T.);
#1543=ORIENTED_EDGE('',*,*,#1399,.T.);
#1544=ORIENTED_EDGE('',*,*,#1401,.F.);
#1545=ORIENTED_EDGE('',*,*,#1395,.F.);
#1546=EDGE_LOOP('OSCAD_TOPO/3|loop|l:1fb1e8acef8e3940c65a8f44300f107a|fcf8dfa79e94619f2b86ec553468139508d2983ade235bdb6379fc104c9bba1b',(#1542,#1543,#1544,#1545));
#1547=ORIENTED_EDGE('',*,*,#1371,.F.);
#1548=ORIENTED_EDGE('',*,*,#1393,.T.);
#1549=ORIENTED_EDGE('',*,*,#1403,.T.);
#1550=ORIENTED_EDGE('',*,*,#1399,.F.);
#1551=EDGE_LOOP('OSCAD_TOPO/3|loop|l:368a813b78523fc3338f122e94d83fea|5161b86b20518403919acfc272e0e33eb220177ce741cc9aa1fbb90376f5ff0c',(#1547,#1548,#1549,#1550));
#1552=ORIENTED_EDGE('',*,*,#1375,.T.);
#1553=ORIENTED_EDGE('',*,*,#1405,.T.);
#1554=ORIENTED_EDGE('',*,*,#1407,.F.);
#1555=ORIENTED_EDGE('',*,*,#1409,.F.);
#1556=EDGE_LOOP('OSCAD_TOPO/3|loop|l:4403e769ee04829acdf8203a18423c42|a8ce089c6f802a6c341c0b999761a091b8e4c3424ae2b60694e29ae4b4512c12',(#1552,#1553,#1554,#1555));
#1557=ORIENTED_EDGE('',*,*,#1381,.T.);
#1558=ORIENTED_EDGE('',*,*,#1411,.T.);
#1559=ORIENTED_EDGE('',*,*,#1413,.F.);
#1560=ORIENTED_EDGE('',*,*,#1405,.F.);
#1561=EDGE_LOOP('OSCAD_TOPO/3|loop|l:838512b61100ccdfa483d37dabe7fbf8|b428ae5e5943a9b94c9c5dabe8fe4547f8a21f93cd9862670951312e61321617',(#1557,#1558,#1559,#1560));
#1562=ORIENTED_EDGE('',*,*,#1385,.T.);
#1563=ORIENTED_EDGE('',*,*,#1415,.T.);
#1564=ORIENTED_EDGE('',*,*,#1417,.F.);
#1565=ORIENTED_EDGE('',*,*,#1411,.F.);
#1566=EDGE_LOOP('OSCAD_TOPO/3|loop|l:e8e0940413c185a8e7fbc38af7f7b8cd|ae55a70051944fb37f35a8511f7096c1033b0153f039c1705c9b794854108efe',(#1562,#1563,#1564,#1565));
#1567=ORIENTED_EDGE('',*,*,#1387,.F.);
#1568=ORIENTED_EDGE('',*,*,#1409,.T.);
#1569=ORIENTED_EDGE('',*,*,#1419,.T.);
#1570=ORIENTED_EDGE('',*,*,#1415,.F.);
#1571=EDGE_LOOP('OSCAD_TOPO/3|loop|l:34eb99ebdbc99bac1316f62db14db794|21383503cf0d933a7dc20efd2c97fb26b00049f02d74f18c159a69fc44ad9b53',(#1567,#1568,#1569,#1570));
#1572=ORIENTED_EDGE('',*,*,#1391,.T.);
#1573=ORIENTED_EDGE('',*,*,#1421,.T.);
#1574=ORIENTED_EDGE('',*,*,#1423,.F.);
#1575=ORIENTED_EDGE('',*,*,#1425,.F.);
#1576=EDGE_LOOP('OSCAD_TOPO/3|loop|l:7029ee8680fdb41f22948041b8cbcda8|e38f1ca4a1c3dc12f0b3298a7078873cd0de694a7c11ee40dead58db93831b88',(#1572,#1573,#1574,#1575));
#1577=ORIENTED_EDGE('',*,*,#1397,.T.);
#1578=ORIENTED_EDGE('',*,*,#1427,.T.);
#1579=ORIENTED_EDGE('',*,*,#1429,.F.);
#1580=ORIENTED_EDGE('',*,*,#1421,.F.);
#1581=EDGE_LOOP('OSCAD_TOPO/3|loop|l:fbf584eafe6b7552cc59b73ef6c1f668|a728e340c57b2ba9cf1d16b3d0119ae3781a954783db92682653efccc29793ff',(#1577,#1578,#1579,#1580));
#1582=ORIENTED_EDGE('',*,*,#1401,.T.);
#1583=ORIENTED_EDGE('',*,*,#1431,.T.);
#1584=ORIENTED_EDGE('',*,*,#1433,.F.);
#1585=ORIENTED_EDGE('',*,*,#1427,.F.);
#1586=EDGE_LOOP('OSCAD_TOPO/3|loop|l:790876265e9d0ad5e6d4a174c3b25a81|78fb5d6bb0671374b75c5bdb5378e713e301d66f24d627e33d88e169c7722cce',(#1582,#1583,#1584,#1585));
#1587=ORIENTED_EDGE('',*,*,#1403,.F.);
#1588=ORIENTED_EDGE('',*,*,#1425,.T.);
#1589=ORIENTED_EDGE('',*,*,#1435,.T.);
#1590=ORIENTED_EDGE('',*,*,#1431,.F.);
#1591=EDGE_LOOP('OSCAD_TOPO/3|loop|l:2fead807b584adb29ec0baaa80e684fe|4bc6d63df62444c3f3ca3bcf55830e68ecce698ae0b658103b53fe21afea7f09',(#1587,#1588,#1589,#1590));
#1592=ORIENTED_EDGE('',*,*,#1407,.T.);
#1593=ORIENTED_EDGE('',*,*,#1437,.T.);
#1594=ORIENTED_EDGE('',*,*,#1439,.F.);
#1595=ORIENTED_EDGE('',*,*,#1441,.F.);
#1596=EDGE_LOOP('OSCAD_TOPO/3|loop|l:30ea372b3794b7eeec4d5594da47b81e|7665460f9a0fb136dd411d4d3140945b16b8219d135bcc0ca537cbfe0ac5b8ce',(#1592,#1593,#1594,#1595));
#1597=ORIENTED_EDGE('',*,*,#1413,.T.);
#1598=ORIENTED_EDGE('',*,*,#1443,.T.);
#1599=ORIENTED_EDGE('',*,*,#1445,.F.);
#1600=ORIENTED_EDGE('',*,*,#1437,.F.);
#1601=EDGE_LOOP('OSCAD_TOPO/3|loop|l:afc90686bc4b86bb750687c03d0c77e9|c47e8e5eb37e486819e4e2e263fcfbadc82b376b92d14c4fb03562e6fea7601d',(#1597,#1598,#1599,#1600));
#1602=ORIENTED_EDGE('',*,*,#1417,.T.);
#1603=ORIENTED_EDGE('',*,*,#1447,.T.);
#1604=ORIENTED_EDGE('',*,*,#1449,.F.);
#1605=ORIENTED_EDGE('',*,*,#1443,.F.);
#1606=EDGE_LOOP('OSCAD_TOPO/3|loop|l:73e85617efdb44e45497061c20b6c135|cb311c08c2d95b143599606a6794a3497d19ccf1f2cb2a3e1ce1679c006b63a8',(#1602,#1603,#1604,#1605));
#1607=ORIENTED_EDGE('',*,*,#1419,.F.);
#1608=ORIENTED_EDGE('',*,*,#1441,.T.);
#1609=ORIENTED_EDGE('',*,*,#1451,.T.);
#1610=ORIENTED_EDGE('',*,*,#1447,.F.);
#1611=EDGE_LOOP('OSCAD_TOPO/3|loop|l:805ac3a8f185257efaf840ac8a14d2f9|a2590d9777733f076da1b2dc6d7b5291f41a9f735d808e5b1e4ac3a95ef88a87',(#1607,#1608,#1609,#1610));
#1612=ORIENTED_EDGE('',*,*,#1329,.T.);
#1613=ORIENTED_EDGE('',*,*,#1323,.F.);
#1614=ORIENTED_EDGE('',*,*,#1317,.F.);
#1615=ORIENTED_EDGE('',*,*,#1309,.F.);
#1616=EDGE_LOOP('OSCAD_TOPO/3|loop|l:6643b10370548dc2fe8d1d1d1699d950|ab04cf6503bc0835faccf488f7b2e36794a516479b4f5034565d27ac869659bd',(#1612,#1613,#1614,#1615));
#1617=ORIENTED_EDGE('',*,*,#1353,.T.);
#1618=ORIENTED_EDGE('',*,*,#1347,.F.);
#1619=ORIENTED_EDGE('',*,*,#1341,.F.);
#1620=ORIENTED_EDGE('',*,*,#1333,.F.);
#1621=EDGE_LOOP('OSCAD_TOPO/3|loop|l:af03f1a3481351cc06795576b6ba86fc|befb2f1dedb9f27f9e2863eccda4c01e9c51c9a468a134684d4fba5d5eb90023',(#1617,#1618,#1619,#1620));
#1622=ORIENTED_EDGE('',*,*,#1423,.T.);
#1623=ORIENTED_EDGE('',*,*,#1429,.T.);
#1624=ORIENTED_EDGE('',*,*,#1433,.T.);
#1625=ORIENTED_EDGE('',*,*,#1435,.F.);
#1626=EDGE_LOOP('OSCAD_TOPO/3|loop|l:4391cbe3897968377fb5270eb75c5fd2|831953097609f2608669eddc4cc5902544ffe9f0e828beefb08c138cb2a56b10',(#1622,#1623,#1624,#1625));
#1627=ORIENTED_EDGE('',*,*,#1439,.T.);
#1628=ORIENTED_EDGE('',*,*,#1445,.T.);
#1629=ORIENTED_EDGE('',*,*,#1449,.T.);
#1630=ORIENTED_EDGE('',*,*,#1451,.F.);
#1631=EDGE_LOOP('OSCAD_TOPO/3|loop|l:57a0b47cea7357ffcce02c03a03bfcdb|38eb1480f3faa15f6099016430cdc8f58b99c7b0eeaf1e73dbde16a1f4487e59',(#1627,#1628,#1629,#1630));
#1632=FACE_OUTER_BOUND('',#1456,.T.);
#1633=ADVANCED_FACE('OSCAD_TOPO/3|face|f:951a0cad6375bc377cabf44e9c14ba49|e06b83347456682a0b850de642e65d3c90d99387feb591223a895f135d91432f',(#1632),#87,.T.);
#1634=FACE_OUTER_BOUND('',#1461,.T.);
#1635=ADVANCED_FACE('OSCAD_TOPO/3|face|f:e45aeca94d6f7590de29f64cb2b0eb11|a3713fb23096e8e40bfb325fe01d4a6b15f649b579a76002d8e50238ddb69b72',(#1634),#94,.T.);
#1636=FACE_OUTER_BOUND('',#1466,.T.);
#1637=ADVANCED_FACE('OSCAD_TOPO/3|face|f:fc4a62edd45394077e4e02154294ffc1|ded60bc12d2c1c5e036ef59a16fde2fb7ece92184af08861ed6ae27a35fa9a23',(#1636),#101,.T.);
#1638=FACE_OUTER_BOUND('',#1471,.T.);
#1639=ADVANCED_FACE('OSCAD_TOPO/3|face|f:2208f18d98f00d361cb330fc4c8e5bbd|b1bcf474b25654fac70e7c0a3464811a504b108541f0f70cbdea8ccfdcad4b8c',(#1638),#108,.T.);
#1640=FACE_OUTER_BOUND('',#1476,.T.);
#1641=ADVANCED_FACE('OSCAD_TOPO/3|face|f:3fed2f0396bc6bbb7ee244a3eaf86ad0|c14003f3e3069a4dfbd13bae0ee898e974d8ed659cad1ec9e633f2e7f4775366',(#1640),#115,.T.);
#1642=FACE_OUTER_BOUND('',#1481,.T.);
#1643=ADVANCED_FACE('OSCAD_TOPO/3|face|f:88d6a35f3c94213399e7d4809a08b8d8|b688f216305ad9709c715bd9e9934332b1f138be1214e3dab8ca66fd55db17d0',(#1642),#122,.T.);
#1644=FACE_OUTER_BOUND('',#1486,.T.);
#1645=ADVANCED_FACE('OSCAD_TOPO/3|face|f:0fe13a87b7c78e718518e060aabf09bd|29699c86a5ad1877709227bcd963f64104a245b89ff8d6837e760923c651faed',(#1644),#129,.T.);
#1646=FACE_OUTER_BOUND('',#1491,.T.);
#1647=ADVANCED_FACE('OSCAD_TOPO/3|face|f:acf2f114df44bdbaf8a958c5ec43c36b|266f482b6018a0789c48dbbe282a1048ac33c0522c89ef80aebc643575f174eb',(#1646),#136,.T.);
#1648=FACE_OUTER_BOUND('',#1496,.T.);
#1649=ADVANCED_FACE('OSCAD_TOPO/3|face|f:6c4c89066d12944682740ad134289967|465a41d807eb53c0cd40b1436e4d783c213eddddda6c17780069b6db481246f7',(#1648),#143,.T.);
#1650=FACE_OUTER_BOUND('',#1501,.T.);
#1651=ADVANCED_FACE('OSCAD_TOPO/3|face|f:1dba70084dcda8ec3b55d7ab94d3417b|609750081743cbd700f092d9da35f315ed419447648e1caab8cf23508e598a61',(#1650),#150,.T.);
#1652=FACE_OUTER_BOUND('',#1506,.T.);
#1653=ADVANCED_FACE('OSCAD_TOPO/3|face|f:15f4c0f009ceb595352ee2b328b8cce8|0ec1f66353b24f92713924cc7f8f965ce27dd87cc182f4359ced3c814d0fd78d',(#1652),#157,.T.);
#1654=FACE_OUTER_BOUND('',#1511,.T.);
#1655=ADVANCED_FACE('OSCAD_TOPO/3|face|f:0d47e6d95e5e336abe4df41e40de2600|5d8de5fef9e10c6ca5fde17da577d3721208fb277992bfc47c1ef436d4c37acf',(#1654),#164,.T.);
#1656=FACE_OUTER_BOUND('',#1516,.T.);
#1657=ADVANCED_FACE('OSCAD_TOPO/3|face|f:8fc3e097129b63e5bba2c230d68ae91a|1b9622ef539abda8dc8a59515d2569e2ba958af1e293c3af030143a07bea41ba',(#1656),#171,.T.);
#1658=FACE_OUTER_BOUND('',#1521,.T.);
#1659=ADVANCED_FACE('OSCAD_TOPO/3|face|f:17ed31ae42c35d8df5c14ed278a7b121|eaff61a0b6c07ac0a1d9d55bf5c6e585a5b04126a17c0ea675d6522228dc6b58',(#1658),#178,.T.);
#1660=FACE_OUTER_BOUND('',#1526,.T.);
#1661=ADVANCED_FACE('OSCAD_TOPO/3|face|f:c340ac89af7c1a7b1643d28735404bcd|5ec11a096729b656278b297677b6bb94b98747ce1d4389194b0aa0c39f4ad95d',(#1660),#185,.T.);
#1662=FACE_OUTER_BOUND('',#1531,.T.);
#1663=ADVANCED_FACE('OSCAD_TOPO/3|face|f:aba6e4fb2a705fc58ad6297e865e4a66|f39710bf1b0349b4d3c13b4b6f8f22d69169c9cb80372f8179b48fb2c8d82bc5',(#1662),#192,.T.);
#1664=FACE_OUTER_BOUND('',#1536,.T.);
#1665=ADVANCED_FACE('OSCAD_TOPO/3|face|f:db6aa2a4afffb6a92a50a4bd067578c6|ed0e2d21765224a34074c301b7edba32a46b429aa2c2d8273bcde7000d483c47',(#1664),#199,.T.);
#1666=FACE_OUTER_BOUND('',#1541,.T.);
#1667=ADVANCED_FACE('OSCAD_TOPO/3|face|f:d156f5ce447be53681b57ad2fcc4cdfe|3323e3ad84e7d32c3d566330edcec9735e6dbe0e3ccb6bdc94c1f7c0639c9216',(#1666),#206,.T.);
#1668=FACE_OUTER_BOUND('',#1546,.T.);
#1669=ADVANCED_FACE('OSCAD_TOPO/3|face|f:919381f3e104fd643ff00ad223194117|b5c08d44615d7857dc5dd0e3ad9f91d710575ddbe150200f8d3b67c8f5e1e020',(#1668),#213,.T.);
#1670=FACE_OUTER_BOUND('',#1551,.T.);
#1671=ADVANCED_FACE('OSCAD_TOPO/3|face|f:fb97be3b6eed87f983ce1cac766e9b93|63d97e380cc33c3a35b0de8ea7e31aac3861cef44da0cb2a892dde74e7bd72e6',(#1670),#220,.T.);
#1672=FACE_OUTER_BOUND('',#1556,.T.);
#1673=ADVANCED_FACE('OSCAD_TOPO/3|face|f:eec9d28ba90539d37f770c3adfe18fb7|1856b3249a0e8897051dd2028c9a593e44a974c010d2a692d237548906598623',(#1672),#227,.T.);
#1674=FACE_OUTER_BOUND('',#1561,.T.);
#1675=ADVANCED_FACE('OSCAD_TOPO/3|face|f:8b0adc257657c7847e62058656ba14fe|de3284394c9b65a2bb590c230c7c012a4321213473725d2b31a39545b5dad80e',(#1674),#234,.T.);
#1676=FACE_OUTER_BOUND('',#1566,.T.);
#1677=ADVANCED_FACE('OSCAD_TOPO/3|face|f:e586fa8eaabc8e30d83b98d99b39ecf9|b3e5e010221bd9fd8dac3263960cae14424b86e1f8a8de97a7b6ccac857e1a7a',(#1676),#241,.T.);
#1678=FACE_OUTER_BOUND('',#1571,.T.);
#1679=ADVANCED_FACE('OSCAD_TOPO/3|face|f:ac9e20cbfd9d96fe3ccc643595e3d46e|ab0e3ec58ef42cffddaa88bea96d690e564c39be34ffaac7c2e9a90cfe7a959c',(#1678),#248,.T.);
#1680=FACE_OUTER_BOUND('',#1576,.T.);
#1681=ADVANCED_FACE('OSCAD_TOPO/3|face|f:dd595c3fe1193620ac092fff7ddd04da|bb345692606f368315f1aaf1156785399c83592de7e75e4e197719c51a7ab4cf',(#1680),#255,.T.);
#1682=FACE_OUTER_BOUND('',#1581,.T.);
#1683=ADVANCED_FACE('OSCAD_TOPO/3|face|f:746ac4a3c9cb01d0f6cc39bcabc08d59|afec76af7d667885ef7b5e5772746e3043deb5155889734e95d767c9085ab4bd',(#1682),#262,.T.);
#1684=FACE_OUTER_BOUND('',#1586,.T.);
#1685=ADVANCED_FACE('OSCAD_TOPO/3|face|f:83f86a0632ad20f59cb03518b959d44f|3611d6afe548a9d0753d52f6e18b0a9190c22110d616b3289c56c6e2198b8b80',(#1684),#269,.T.);
#1686=FACE_OUTER_BOUND('',#1591,.T.);
#1687=ADVANCED_FACE('OSCAD_TOPO/3|face|f:1318a4f9ad8381f94bdf973b31e0945f|11b692e1e7954d52d686df34332f3235f3178a9ed9a52f7a969b1c4052160a6f',(#1686),#276,.T.);
#1688=FACE_OUTER_BOUND('',#1596,.T.);
#1689=ADVANCED_FACE('OSCAD_TOPO/3|face|f:84e9969c949e9eb168d297e6736b23fe|9753ab925b8f286b8f8e00c9544c874ac37b9a5b934101540b42e466807cb502',(#1688),#283,.T.);
#1690=FACE_OUTER_BOUND('',#1601,.T.);
#1691=ADVANCED_FACE('OSCAD_TOPO/3|face|f:805c101fd34677b7a7c2c86de8f06ba2|3b1f5fb215b9acaaf95d327633752d9c9140db69eccf2d36b3a53553a527267e',(#1690),#290,.T.);
#1692=FACE_OUTER_BOUND('',#1606,.T.);
#1693=ADVANCED_FACE('OSCAD_TOPO/3|face|f:118f2053e3f64f3ad0421836966b11b8|912184c0a41ad4a8f2de1d916a5a38fdd4990a98b1403d988b232d9eb54e4c77',(#1692),#297,.T.);
#1694=FACE_OUTER_BOUND('',#1611,.T.);
#1695=ADVANCED_FACE('OSCAD_TOPO/3|face|f:5953c1444ce1d0c8b5bcd7e2963859f5|41bb1f0426e9d577cd99057a807ddbd1ec9ee79285c14e0423b962c47f193cb8',(#1694),#304,.T.);
#1696=FACE_OUTER_BOUND('',#1616,.T.);
#1697=FACE_BOUND('',#1621,.T.);
#1698=ADVANCED_FACE('OSCAD_TOPO/3|face|f:26a48d57c7fab5df1c1ce50a9c5f31f5|67fa336bbe181f9f0eb96713a7b593d648f739da676b9b679267dff47922dfea',(#1696,#1697),#309,.T.);
#1699=FACE_OUTER_BOUND('',#1626,.T.);
#1700=FACE_BOUND('',#1631,.T.);
#1701=ADVANCED_FACE('OSCAD_TOPO/3|face|f:b68aa7fbc66b75dee0fc8c0f7cf860fd|e87b10c7d18817dc3df96bc34bc3000056b628e2707f164ab2ffba4aaedda31f',(#1699,#1700),#314,.T.);
#1702=CLOSED_SHELL('OSCAD_TOPO/3|shell|s:0fe1cabebbef5399478cf33bffcc6624|7c87d677df0a3e919b7d259fb0b92e5126f4ad948bf0c53cbde2cc288c4c0c5b',(#1633,#1635,#1637,#1639,#1641,#1643,#1645,#1647,#1649,#1651,#1653,#1655,#1657,#1659,#1661,#1663,#1665,#1667,#1669,#1671,#1673,#1675,#1677,#1679,#1681,#1683,#1685,#1687,#1689,#1691,#1693,#1695,#1698,#1701));
#1703=MANIFOLD_SOLID_BREP('OSCAD_TOPO/3|body|b:6a50d10d5bfef722b2cf1429f4c7f1cf|af9151b262643a44ee0200323978950121b46c1a3ee6d38b92ad7e9ebc2ac9b1',#1702);
#1704=(LENGTH_UNIT()NAMED_UNIT(*)SI_UNIT(.MILLI.,.METRE.));
#1705=UNCERTAINTY_MEASURE_WITH_UNIT(LENGTH_MEASURE(9.99999999999999955E-8),#1704,'distance_accuracy_value','');
#1706=(GEOMETRIC_REPRESENTATION_CONTEXT(3)GLOBAL_UNCERTAINTY_ASSIGNED_CONTEXT((#1705))GLOBAL_UNIT_ASSIGNED_CONTEXT((#1704))REPRESENTATION_CONTEXT('','3D'));
#1707=ADVANCED_BREP_SHAPE_REPRESENTATION('',(#1703),#1706);
#1708=APPLICATION_CONTEXT('managed model based 3d engineering');
#1709=PRODUCT_CONTEXT('',#1708,'mechanical');
#1710=PRODUCT('model','model','',(#1709));
#1711=PRODUCT_DEFINITION_FORMATION('1','',#1710);
#1712=PRODUCT_DEFINITION_CONTEXT('part definition',#1708,'design');
#1713=PRODUCT_DEFINITION('design','',#1711,#1712);
#1714=PRODUCT_DEFINITION_SHAPE('','',#1713);
#1715=SHAPE_DEFINITION_REPRESENTATION(#1714,#1707);
ENDSEC;
END-ISO-10303-21;
