ISO-10303-21;
HEADER;
FILE_DESCRIPTION(('OpenSCAD Viewer retained AP242 B-rep'),'2;1');
FILE_NAME('model.step','',(''),(''),'OpenSCAD Viewer','OpenSCAD Viewer','');
FILE_SCHEMA(('AP242_MANAGED_MODEL_BASED_3D_ENGINEERING_MIM_LF'));
ENDSEC;
DATA;
#1=CARTESIAN_POINT('',(5.00000000000000000E-1,5.00000000000000000E-1,0.00000000000000000E0));
#2=VERTEX_POINT('OSCAD_TOPO/3|vertex|v:67e1f578597a96ce6891a0cd28f7e312|3311b2a99b26c292f0032d2d1e030ede85bce340e559079f9a1ea0a908ca7dfd',#1);
#3=CARTESIAN_POINT('',(-5.00000000000000000E-1,5.00000000000000000E-1,0.00000000000000000E0));
#4=VERTEX_POINT('OSCAD_TOPO/3|vertex|v:675f00ca53d931d6f3f9c02f7f9c4fa2|8befe699365cd8c9170d58cc8158f36b356d86b621d4ed8a6498d5b5df29d920',#3);
#5=CARTESIAN_POINT('',(-5.00000000000000000E-1,-5.00000000000000000E-1,0.00000000000000000E0));
#6=VERTEX_POINT('OSCAD_TOPO/3|vertex|v:6971e07d038e51b40b7da7a1e1c17509|9b0643bb3e56c71c893eaef6a0f7c7ba9c51b9ab0f8fdfc1183efd74d6a7156b',#5);
#7=CARTESIAN_POINT('',(5.00000000000000000E-1,-5.00000000000000000E-1,0.00000000000000000E0));
#8=VERTEX_POINT('OSCAD_TOPO/3|vertex|v:a0249375b5603577cb08e0395bbc97aa|8af892e7d702fdf0e2128dbedb98eab485e811302838c33fa78a4c5dffa7df46',#7);
#9=CARTESIAN_POINT('',(1.25000000000000000E-1,1.25000000000000000E-1,0.00000000000000000E0));
#10=VERTEX_POINT('OSCAD_TOPO/3|vertex|v:024458225fc13fc7eb28af01ab61c8fc|4fa22f6f674f205bb87616b4783e39977d687840b8607d96159702b82ebbbcbd',#9);
#11=CARTESIAN_POINT('',(1.25000000000000000E-1,-1.25000000000000000E-1,0.00000000000000000E0));
#12=VERTEX_POINT('OSCAD_TOPO/3|vertex|v:d3a0c7c2df05130e4c4570fb9feaf6a1|9bdb046b99854f7036ef6a52c277c9db862ec764207e8ab88389fba8abb23de1',#11);
#13=CARTESIAN_POINT('',(-1.25000000000000000E-1,-1.25000000000000000E-1,0.00000000000000000E0));
#14=VERTEX_POINT('OSCAD_TOPO/3|vertex|v:3ddc1b49d48f2221f93311f199d066ae|8f700ec5baa480740a89230334f40ec5db83e5ffc6dcc5567fed55ac4639840e',#13);
#15=CARTESIAN_POINT('',(-1.25000000000000000E-1,1.25000000000000000E-1,0.00000000000000000E0));
#16=VERTEX_POINT('OSCAD_TOPO/3|vertex|v:d5ad8e782cbda78d564317654eee4561|718d31a7c41cab39758cc2d5cbda74e58ba3a8c67c395fbb2d96ee39ac6155d7',#15);
#17=CARTESIAN_POINT('',(5.23250904007898643E-1,5.16287205329278853E-1,6.24498652366255014E-1));
#18=VERTEX_POINT('OSCAD_TOPO/3|vertex|v:caa39bb4df8bf3e96f642958cbe43af7|828ec6b8fd5e151a74cf1576546e4ac377c0cfe475a163fb6e5be182e720f89d',#17);
#19=CARTESIAN_POINT('',(-5.39119398923795790E-1,4.99694418310077881E-1,6.25017176960605103E-1));
#20=VERTEX_POINT('OSCAD_TOPO/3|vertex|v:f9dbe6edd8333ca569e8c27198b07bc4|f2a8ac778f370de6b8bb02e506b1d9605c16c16be41158cd5d37f1129e5be657',#19);
#21=CARTESIAN_POINT('',(-5.23495034698912454E-1,-4.99695649507820361E-1,6.56248116579914442E-1));
#22=VERTEX_POINT('OSCAD_TOPO/3|vertex|v:b0863da7ebd6b9b12c530e8562c929a5|515be0771175c9a878c8068b26d03bd9b3571c8ffa45749d845b49c26ad27055',#21);
#23=CARTESIAN_POINT('',(5.38875268232781979E-1,-4.83102862488619389E-1,6.55729591985564353E-1));
#24=VERTEX_POINT('OSCAD_TOPO/3|vertex|v:d6c52d6c8b1fbca95e4f4640a3bb5d73|40b0205001f8d7943a42a21004a826f04cd31a94e882944dff558a475054017c',#23);
#25=CARTESIAN_POINT('',(1.30721176992844468E-1,1.35293634765366627E-1,6.36404701446377397E-1));
#26=VERTEX_POINT('OSCAD_TOPO/3|vertex|v:ebf271c8eb3f8aa10b6a7dfdda033dc6|80b73b30c4b7f55168d70e5edda52cbf3ce0cf1207fa081e2fa32ddd633372df',#25);
#27=CARTESIAN_POINT('',(1.34627268049065330E-1,-1.14553882189107933E-1,6.44212436351204731E-1));
#28=VERTEX_POINT('OSCAD_TOPO/3|vertex|v:faa6153725ac54b104666e79d51c4feb|2a11fe4d4cdc0a03c393e3afc47d2a6a901300dceb27be74af18176a5e6c3e16',#27);
#29=CARTESIAN_POINT('',(-1.30965307683858279E-1,-1.18702078943908176E-1,6.44342067499792170E-1));
#30=VERTEX_POINT('OSCAD_TOPO/3|vertex|v:e284bf54c9405688de4fb928425b98ef|152629144216c406057194d700e10442817535ae2c959afa75d453a944ac0fab',#29);
#31=CARTESIAN_POINT('',(-1.34871398740079140E-1,1.31145438010566384E-1,6.36534332594964836E-1));
#32=VERTEX_POINT('OSCAD_TOPO/3|vertex|v:5e6e89d150da6349a591756691e59c33|b2cbaa55f92afbdfd53dc063b9be0d74d65ee29b4a030b346de09678f2295277',#31);
#33=CARTESIAN_POINT('',(5.46114705374205478E-1,5.33859960623177088E-1,1.24794472812878854E0));
#34=VERTEX_POINT('OSCAD_TOPO/3|vertex|v:b82f197b2baf6e9ae8398a9460a9d8e0|d7875e508309d65f90466e73bb5e2c2a4518e4e8a29994717353bd9d2d0cbd54',#33);
#35=CARTESIAN_POINT('',(-5.78336022921573045E-1,4.98777885284705014E-1,1.25013735783744306E0));
#36=VERTEX_POINT('OSCAD_TOPO/3|vertex|v:d059ab3149db8476ca576dab2fdf20fb|0731fbfd2c77681a5c07fec2d3f4feea8501f24bc49b98acd7638907748ab10c',#35);
#37=CARTESIAN_POINT('',(-5.47091108936247017E-1,-4.98787402495351528E-1,1.31248518832369654E0));
#38=VERTEX_POINT('OSCAD_TOPO/3|vertex|v:10a41c5d707c273029a2f87848fe051c|7fe8e1bb496f5b15b5abff24762059a6f5d712705d9ef146f2889b91ebd6614c',#37);
#39=CARTESIAN_POINT('',(5.77359619359531506E-1,-4.63705327156879454E-1,1.31029255861504201E0));
#40=VERTEX_POINT('OSCAD_TOPO/3|vertex|v:76a3e68797052932af6b70d72644e7fe|dcb15bf0a74d4537d77634e458ef881721abe0b23b1b9c84360dce6748096aa9',#39);
#41=CARTESIAN_POINT('',(1.36162525007785834E-1,1.46617199453728836E-1,1.27214740070187915E0));
#42=VERTEX_POINT('OSCAD_TOPO/3|vertex|v:2c99354e5e5a524b143bcc9911c8084c|72f5efcb26667a41d1074a44de6638cc04245c310d5ce4d002e366a887c60d97',#41);
#43=CARTESIAN_POINT('',(1.43973753504117369E-1,-1.02774122491285286E-1,1.28773435832344241E0));
#44=VERTEX_POINT('OSCAD_TOPO/3|vertex|v:9f34e4f9200e6d435661b8f4236d0a22|04db58768de6b5ef41e186e4fe56137244eff3e78252dd5e2b012d51a72939c1',#43);
#45=CARTESIAN_POINT('',(-1.37138928569827262E-1,-1.11544641325903304E-1,1.28828251575060615E0));
#46=VERTEX_POINT('OSCAD_TOPO/3|vertex|v:70c2002dd19b5d83761ba69595ba1bba|e3a0c1b5c98be238e4bf9309bf4627805cc438fe9aaeb1a7aca63a69d18f1bf9',#45);
#47=CARTESIAN_POINT('',(-1.44950157066158797E-1,1.37846680619110817E-1,1.27269555812904267E0));
#48=VERTEX_POINT('OSCAD_TOPO/3|vertex|v:cff0abf7f46664524e1fbd7fa9b27849|dcda21819b05275a5c0691436261a32e4c914782681e5d20a24dcc18a82488eb',#47);
#49=CARTESIAN_POINT('',(5.68570657801536372E-1,5.52655561858351074E-1,1.87026908408355741E0));
#50=VERTEX_POINT('OSCAD_TOPO/3|vertex|v:1ae120a11ae8e00d75ae20911ec2bada|d3b27ad81fafc55533e363871aa44420bdd5639fbf5825868ce3666bca5ec49b',#49);
#51=CARTESIAN_POINT('',(-6.17624954600364484E-1,4.97254809635336636E-1,1.87546290460446530E0));
#52=VERTEX_POINT('OSCAD_TOPO/3|vertex|v:ddab3d2f56c96d5158f90644e57bbf00|aa5098ac9a5d44eb585b952e14d4702de988313e9008dc2f2e3d7e871e9e7aa0',#51);
#53=CARTESIAN_POINT('',(-5.70767118852230193E-1,-4.97285780266718103E-1,1.96870108490778284E0));
#54=VERTEX_POINT('OSCAD_TOPO/3|vertex|v:f89dd979a76506ba1987f2d5ec25e511|fa6e740d8d1a0c129558843fc3988fcc845ee1f2df744e308f27f65e70825776',#53);
#55=CARTESIAN_POINT('',(6.15428493549670663E-1,-4.41885028043703665E-1,1.96350726438687517E0));
#56=VERTEX_POINT('OSCAD_TOPO/3|vertex|v:f0a82853fcd5a9b9a479daf8defeb641|2fc02a8f4f80763a58d8306c8c74f5e7519c1bc637f5225b1adf3fd8deca6ef0',#55);
#57=CARTESIAN_POINT('',(1.41318991556373924E-1,1.58927558561450133E-1,1.90718108439264200E0));
#58=VERTEX_POINT('OSCAD_TOPO/3|vertex|v:77f0073a79b61d988ade7ef7633a80b5|d9b1b8d9b66974ba879e1f675505c48bf860817c4bf224cd138da8e8b4ce2fe2',#57);
#59=CARTESIAN_POINT('',(1.53033450493407497E-1,-8.97075889140635241E-2,1.93049062946847139E0));
#60=VERTEX_POINT('OSCAD_TOPO/3|vertex|v:321609d0db21da12052aff1d379141d4|8f8d82ca04470338979d7bdad2b4a6723077987ee4c7b8269b6e0792dda7d329',#59);
#61=CARTESIAN_POINT('',(-1.43515452607067717E-1,-1.03557776969817134E-1,1.93178908459869825E0));
#62=VERTEX_POINT('OSCAD_TOPO/3|vertex|v:bc42cdf01562e14acd9158d9a3c67369|6e4b4bf426c6757a1b051e310ccf3315a27cb87aeb04569569de1c30f4b7b231',#61);
#63=CARTESIAN_POINT('',(-1.55229911544101290E-1,1.45077370505696551E-1,1.90847953952286886E0));
#64=VERTEX_POINT('OSCAD_TOPO/3|vertex|v:b163475fd0de849e7ed6bfa4d147a510|9fac71560280602fd380f596db54c68f84b2173b5a10d7560359ba3ac1fbcddf',#63);
#65=CARTESIAN_POINT('',(5.90598181583797399E-1,5.72606167380543485E-1,2.49141061773601447E0));
#66=VERTEX_POINT('OSCAD_TOPO/3|vertex|v:193c4941f175e497769b3dfaaf1a85bf|0f45fd78963bae7db9d100abb5daf93433fe52c553afe59d14863d8b8b59048f',#65);
#67=CARTESIAN_POINT('',(-6.56961206791326524E-1,4.95134918268517021E-1,2.50109452387501818E0));
#68=VERTEX_POINT('OSCAD_TOPO/3|vertex|v:df7c9e6a5721410b2a7e21cbf0665240|a5daae0cc9d8a13ebf5c75941848716a7f9780779ceaea976cd4d42446b4a67f',#67);
#69=CARTESIAN_POINT('',(-5.94501888948946289E-1,-4.95205546508338867E-1,2.62488708197212484E0));
#70=VERTEX_POINT('OSCAD_TOPO/3|vertex|v:749787ec035d469ae5a89017cf651011|d185c42bd4131e889728afb59f89bafff2df9d63f67f19bac3264350c5caf952',#69);
#71=CARTESIAN_POINT('',(6.53057499426177634E-1,-4.17734297396312404E-1,2.61520317583312156E0));
#72=VERTEX_POINT('OSCAD_TOPO/3|vertex|v:4962847b6ebd97035f5e9e9396581bfd|20cda35b3c5952dcde0c1552e9dfd51092407ceec7fe14dddf4f8c19259223f9',#71);
#73=CARTESIAN_POINT('',(1.46185655134018572E-1,1.72176774672212568E-1,2.54146429182455602E0));
#74=VERTEX_POINT('OSCAD_TOPO/3|vertex|v:c0ac98cf9f700878beacb8b52a1b5841|3385273ca26444a60e8ae90d9bc97412dcc6f95c11e83a38ca94e94b7731cf6c',#73);
#75=CARTESIAN_POINT('',(1.61800484594613631E-1,-7.54083415220014042E-2,2.57241243134883257E0));
#76=VERTEX_POINT('OSCAD_TOPO/3|vertex|v:8e44121e255d297f67d8a4d640e115d0|49a0802dc5afa2bc10d00d73c9a19dc4a2af28eb20a119ced104d1a4a00e4ebf',#75);
#77=CARTESIAN_POINT('',(-1.50089362499167350E-1,-9.47761538000080062E-2,2.57483340788358372E0));
#78=VERTEX_POINT('OSCAD_TOPO/3|vertex|v:f73419afc4dd2227be6f869e3a50c5dc|0da3cf8fa2f02044f69b334811b1e7ebe1cba6930ec8925eaf9c48aecfab4b7e',#77);
#79=CARTESIAN_POINT('',(-1.65704191959762409E-1,1.52808962394205966E-1,2.54388526835930673E0));
#80=VERTEX_POINT('OSCAD_TOPO/3|vertex|v:485a023144aa118cea3e7c804cd437e6|b0474b0c93d654eedd6f40308e4dfda59e1a583b87967ac824b76d14ddd5229a',#79);
#81=CARTESIAN_POINT('',(6.12176872316239629E-1,5.93639791037324560E-1,3.11131670618900014E0));
#82=VERTEX_POINT('OSCAD_TOPO/3|vertex|v:504d99b97a4706b3aa55ce446d2a82bf|e18c8a1d4038fe158c6d272389b484be2f3d66f8e31caa926d8877c62c3acdd8',#81);
#83=CARTESIAN_POINT('',(-6.96319732408548053E-1,4.92432989597663240E-1,3.12713026891394730E0));
#84=VERTEX_POINT('OSCAD_TOPO/3|vertex|v:d08250ecb35fac96b1055ddc05a5ae13|fae09bc293a005cbd5211e8feb96127cc1c8d501be754fbb0f7a5563d95b20a8',#83);
#85=CARTESIAN_POINT('',(-6.18274181018580782E-1,-4.92565403995135709E-1,3.28103626791282199E0));
#86=VERTEX_POINT('OSCAD_TOPO/3|vertex|v:497dd9e64cb6c07b7bcce561238eb85e|009a47c61a64b6e6c592bbea19992693bc4802e01420f3c63fe0c47b167dd0e3',#85);
#87=CARTESIAN_POINT('',(6.90222423706206900E-1,-3.91358602555474333E-1,3.26522270518787527E0));
#88=VERTEX_POINT('OSCAD_TOPO/3|vertex|v:ed96ba081f058ce6cf2f7510ed5f1435|1162406d0c5402f1052c4b82337704f12fa2bd7b2c42e944740bb9f2b1c0a2f9',#87);
#89=CARTESIAN_POINT('',(1.50757727315681961E-1,1.86312842900151987E-1,3.17496154183543311E0));
#90=VERTEX_POINT('OSCAD_TOPO/3|vertex|v:fbe7da23b8f91f47a6af2494ac841fcd|4f6c855a0d6b3e0fe6bea82a57fa580017da5fcb04ef212e264f1cb8371e7001',#89);
#91=CARTESIAN_POINT('',(1.70269115163173779E-1,-5.99367554980477432E-2,3.21343804158515223E0));
#92=VERTEX_POINT('OSCAD_TOPO/3|vertex|v:3538a8f90d46140aa9c4790216352050|71e8713873bbaea13259e3c7fdcc091ce465991402e0d90921cedcfcbae3aaef',#91);
#93=CARTESIAN_POINT('',(-1.56855036018023142E-1,-8.52384558579630802E-2,3.21739143226638902E0));
#94=VERTEX_POINT('OSCAD_TOPO/3|vertex|v:4acaa332b1c00a8cc4af913044fb2587|e8bb1b86e885471a44353a4ded08cfb64c2f6d8237b006d55e03acdc732b3fd5',#93);
#95=CARTESIAN_POINT('',(-1.76366423865514960E-1,1.61011142540236657E-1,3.17891493251666990E0));
#96=VERTEX_POINT('OSCAD_TOPO/3|vertex|v:32a5e9833a3b1794d5c2988f7861653d|d26eb0d2b200441062c1120d7a9b7d9bd99eaf5a8452ba3aac599e842c63fa2c',#95);
#97=CARTESIAN_POINT('',(6.33286509545455067E-1,6.15681338272104028E-1,3.72994346350425232E0));
#98=VERTEX_POINT('OSCAD_TOPO/3|vertex|v:99f1e527cf9e680c1b4ee1b887fc5618|cfba14508e60f476a0d1ee8bbb7475395592fe4c71e75f8a7d977a0bc7cb67bd',#97);
#99=CARTESIAN_POINT('',(-7.35675434334297385E-1,4.89168482194881793E-1,3.75366462401873147E0));
#100=VERTEX_POINT('OSCAD_TOPO/3|vertex|v:ebbb6fbc67fad6e848d8f7f911bddf3c|60faecbc7288e26ba1805848a2e127cc4f532ea80d71b69805a0e7e9db2ea28f',#99);
#101=CARTESIAN_POINT('',(-6.42062703098784437E-1,-4.89387604794902009E-1,3.93714389032931589E0));
#102=VERTEX_POINT('OSCAD_TOPO/3|vertex|v:72857a1a2b43f74bcc48a7f9fab3540e|a4bdb13775c9e0d6ab67552c9fb6d157dee6d94fad26f264aac48f2051cf7dc4',#101);
#103=CARTESIAN_POINT('',(7.26899240780968015E-1,-3.62874748717679774E-1,3.91342272981483674E0));
#104=VERTEX_POINT('OSCAD_TOPO/3|vertex|v:9c85a65c8a43ba0a3ea540926670c22c|537995bb61ef5f710aea2903c4d126684432f8759f432361eed70722c9f2e6a7',#103);
#105=CARTESIAN_POINT('',(1.55030554803865267E-1,2.01280484621976730E-1,3.80764362356365105E0));
#106=VERTEX_POINT('OSCAD_TOPO/3|vertex|v:b90cc5751c1ad0cbb781b8aa1ed3e723|f32c5bf134e5bdfefbcf2964c55dfd0267ea55399cd0f67479d4ca84b6716c94',#105);
#107=CARTESIAN_POINT('',(1.78433737612743504E-1,-4.33585371254691931E-2,3.85351344014129715E0));
#108=VERTEX_POINT('OSCAD_TOPO/3|vertex|v:bd4cea699f1f11895927d1ec4e133452|8bd266775ec2322121ffc707e0c7199a791b69708d69b5f2496ef0fd4c77620a',#107);
#109=CARTESIAN_POINT('',(-1.63806748357194609E-1,-7.49867511447747659E-2,3.85944373026991716E0));
#110=VERTEX_POINT('OSCAD_TOPO/3|vertex|v:4edd5d281461b37fe741a6d3589637c3|54b6cc486b8cb6ae51b5c2d4a03e9a29230d657dddee7ef5779d22794270fdd9',#109);
#111=CARTESIAN_POINT('',(-1.87209931166072846E-1,1.69652270602671185E-1,3.81357391369227106E0));
#112=VERTEX_POINT('OSCAD_TOPO/3|vertex|v:7c871890b404032a3e7233d740412c6b|2fb2dd2fc487ec6c3a8cc8965bb7aaac5af14e376c66ef81edb4563af820c450',#111);
#113=CARTESIAN_POINT('',(6.53907065356307382E-1,6.38653651069119199E-1,4.34725581800745253E0));
#114=VERTEX_POINT('OSCAD_TOPO/3|vertex|v:d0b9d83021ee9a6ebac1fbec986a54d9|3eaa95867e50c14047cb0c5b24a462badb4389e6325e7d2df594109ec05775f8',#113);
#115=CARTESIAN_POINT('',(-7.75003175327368177E-1,4.85365075601005169E-1,4.38078769389110256E0));
#116=VERTEX_POINT('OSCAD_TOPO/3|vertex|v:1a69c6b855a102ae000636288d727a79|fe3fba83f65378768be08ca30d595d72ab4f0df524ac402dd63a7c00e56bbfc3',#115);
#117=CARTESIAN_POINT('',(-6.65846118452045777E-1,-4.85697490647049923E-1,4.59320763025786505E0));
#118=VERTEX_POINT('OSCAD_TOPO/3|vertex|v:d3d215483296abd399bb5f73fb836e38|14abad6a30d3eb4c694d8e61a5fd7bf8f428672b26ec85c038e1c2e106b1e260',#117);
#119=CARTESIAN_POINT('',(7.63064122231629782E-1,-3.32408915178935893E-1,4.55967575437421502E0));
#120=VERTEX_POINT('OSCAD_TOPO/3|vertex|v:0d4d5d32319ca7adfc6fb6d84ffc3ffa|581ab7a70408dc0a1c3c7e793ec469123fe1a198bbe87e42073efbd1d526205c',#119);
#121=CARTESIAN_POINT('',(1.58999621428174948E-1,2.17021972925555806E-1,4.43948774760135745E0));
#122=VERTEX_POINT('OSCAD_TOPO/3|vertex|v:0443949bd193fdfd5a7491ae75fe7d87|8c35f58ff621a2aec24903c1a3cb41944e1e466c114fcf0fa52e5be494d24a69',#121);
#123=CARTESIAN_POINT('',(1.86288885647005548E-1,-2.57436686364579670E-2,4.49259273169304763E0));
#124=VERTEX_POINT('OSCAD_TOPO/3|vertex|v:a3d42c18d952f8c00d45008aa03c16c4|241dfc8b134b73d768fe96b91ad7ba0484dfd124988608c5e545db3025068612',#123);
#125=CARTESIAN_POINT('',(-1.70938674523913342E-1,-6.40658125034864745E-2,4.50097570066396013E0));
#126=VERTEX_POINT('OSCAD_TOPO/3|vertex|v:b6504993376bb395655c42773bd41978|561032601a011d956e3d018a622202e2f2d03c8372b0c186085a3d65239b50b3',#125);
#127=CARTESIAN_POINT('',(-1.98227938742743942E-1,1.78699829058527299E-1,4.44787071657226996E0));
#128=VERTEX_POINT('OSCAD_TOPO/3|vertex|v:cea2e99e18e61762f7557fe783ef98e8|20663e2489705566c85739c82d33af974e245bd36329739995f35b801f6e698b',#127);
#129=CARTESIAN_POINT('',(6.74018712892806127E-1,6.62478529400392535E-1,4.96322741845045368E0));
#130=VERTEX_POINT('OSCAD_TOPO/3|vertex|v:44aa8a24c20b7c1b894703a032d6979c|6d3ec502114ee3b2315ef638a51b17f86f767f6a59c9537eeb2c5751b61f342b',#129);
#131=CARTESIAN_POINT('',(-8.14277787951187326E-1,4.81050143073446346E-1,5.00858451503219015E0));
#132=VERTEX_POINT('OSCAD_TOPO/3|vertex|v:cbfda008d97dea646222bf8764cb883f|5a99a7007d65dc9af7fc802ee7a79292e45a77724e28eb10c973d18b9b24e0e0',#131);
#133=CARTESIAN_POINT('',(-6.89603054565959606E-1,-4.81522982450780901E-1,5.24922779641324677E0));
#134=VERTEX_POINT('OSCAD_TOPO/3|vertex|v:30f628c04d96a886a0999c284e4dfcbf|d954160aa2b678395887581be745f938cc0059ba6a4d68f32318eb5b504053f5',#133);
#135=CARTESIAN_POINT('',(7.98693446278033847E-1,-3.00094596123834711E-1,5.20387069983151029E0));
#136=VERTEX_POINT('OSCAD_TOPO/3|vertex|v:0b21916c6306aec69b36070d34737523|8499524aceb9e0804cf740640d1d6b14c64b63dd4d985ad1b7c48aa1e052afdd',#135);
#137=CARTESIAN_POINT('',(1.62660550095768991E-1,2.33477962456202504E-1,5.07047756018650109E0));
#138=VERTEX_POINT('OSCAD_TOPO/3|vertex|v:11a6df1e0a3728c077a95991aac09d13|2be153e377f39bb6f514466922e55ae03ef168e94cb4291e7ff30053fdd1a532',#137);
#139=CARTESIAN_POINT('',(1.93829233442075921E-1,-7.16531892485430810E-3,5.13063838053176546E0));
#140=VERTEX_POINT('OSCAD_TOPO/3|vertex|v:390ebdd1afa3ecc867b4b4a14c748be6|f99b4377fdafe75385f92ab2b96a39e6c6b316998c867c2f0004cee58097c354',#139);
#141=CARTESIAN_POINT('',(-1.78244891768922442E-1,-5.25224155065908624E-2,5.14197765467719936E0));
#142=VERTEX_POINT('OSCAD_TOPO/3|vertex|v:9bd3a662153afc108be580dfa91b7ad4|dd1f97fbe216e383c3c3fd929b6a0a0ec5c69c61d5f82946a612b9e3b65d86e8',#141);
#143=CARTESIAN_POINT('',(-2.09413575115229372E-1,1.88120865874465942E-1,5.08181683433193498E0));
#144=VERTEX_POINT('OSCAD_TOPO/3|vertex|v:2d20340714234968558fef4bb40df44f|dd3db413f37ffb4cfc8993a52db817e7741781c69c719c4ed70b195a58653575',#143);
#145=CARTESIAN_POINT('',(6.93601834809961404E-1,6.87077700250362744E-1,5.57784038435082774E0));
#146=VERTEX_POINT('OSCAD_TOPO/3|vertex|v:46b5be66e2eb2e866a2f5bf118c5f423|30687921db6309fa0782385053382a3f903302c17d19826b3bd2bfd5f8650abe',#145);
#147=CARTESIAN_POINT('',(-8.53474084518330955E-1,4.76254177666416423E-1,5.63713450007756300E0));
#148=VERTEX_POINT('OSCAD_TOPO/3|vertex|v:afca4c61f59c3eb2f31874f3242bf2b5|865a623a9cd8f9e68c978ef168a5a21d200f1f79b3c012275062edd2f1d2776f',#147);
#149=CARTESIAN_POINT('',(-7.13312112171267221E-1,-4.76894038801319919E-1,5.90520743595911313E0));
#150=VERTEX_POINT('OSCAD_TOPO/3|vertex|v:96cb0f38e9b1c2efded064a5bc905d77|9266c7f405d7feb17a5ee615e936082fd5abb2c17d86ae7883c2a8895fede2d4',#149);
#151=CARTESIAN_POINT('',(8.33763807157025139E-1,-2.66070516217373598E-1,5.84591332023237875E0));
#152=VERTEX_POINT('OSCAD_TOPO/3|vertex|v:8f4fe2220677e407c24e8ea4cfe00b06|3bdbc80c94045db65ab14bacd26675017b74f09b9718708f2fb996e1340f7789',#151);
#153=CARTESIAN_POINT('',(1.66009104692000670E-1,2.50588298105981766E-1,5.70060302870393443E0));
#154=VERTEX_POINT('OSCAD_TOPO/3|vertex|v:5faa1bb3bc4d3ff9dc5f385b9bfa9b40|8dd2e9f6fd90a4c8beb8b7bef7f2a1247a0711ebd3a110362ec166c8deae368d',#153);
#155=CARTESIAN_POINT('',(2.01049597778766603E-1,1.23012439890476666E-2,5.76762126267432240E0));
#156=VERTEX_POINT('OSCAD_TOPO/3|vertex|v:31aec00da4bf22ca8ca8dbb63e166f9a|c686ff0b08a0bf0a4a536f6ca3cba55779bc49a3ae0071509cd352f94e16f071',#155);
#157=CARTESIAN_POINT('',(-1.85719382053306487E-1,-4.04046366569389276E-2,5.78244479160600555E0));
#158=VERTEX_POINT('OSCAD_TOPO/3|vertex|v:5c3c294764fe977dba1dd011c5890338|4a3271e20367264e8e3cf2bdd693774a334ade409280310d3bf5f251514c907a',#157);
#159=CARTESIAN_POINT('',(-2.20759875140072420E-1,1.97882417459995158E-1,5.71542655763561847E0));
#160=VERTEX_POINT('OSCAD_TOPO/3|vertex|v:87da171dd3dcfd6aee5121002623ef0a|8363b2d11242843dee420537b6fc74352c8ea837f22adc79b92479a4be125853',#159);
#161=CARTESIAN_POINT('',(7.12637031653671316E-1,7.12373709992822013E-1,6.19108492084443274E0));
#162=VERTEX_POINT('OSCAD_TOPO/3|vertex|v:849f9121ddaf4db768b9e3150342837b|a57439a2d942622cc1e97ab169d4e11d90693c373813531cefc56375d64eb660',#161);
#163=CARTESIAN_POINT('',(-8.92566867048095403E-1,4.71010193305631208E-1,6.26651101980917957E0));
#164=VERTEX_POINT('OSCAD_TOPO/3|vertex|v:78cae19de631ff1d625d8161825b1da8|0325c7bdcb4702376a180c0eb9e8c8d6c3e1e3ba682971ffb2756165aaf71f77',#163);
#165=CARTESIAN_POINT('',(-7.36951874274539454E-1,-4.71842103294126569E-1,6.56115236249660416E0));
#166=VERTEX_POINT('OSCAD_TOPO/3|vertex|v:b632e7a6cebb476d1668d2ceda448dde|3c7dbe574268a210f04da95d244032fd37309540732c8733bcb8b7caa45e18c2',#165);
#167=CARTESIAN_POINT('',(8.68252024427227265E-1,-2.30478586606935792E-1,6.48572626353185733E0));
#168=VERTEX_POINT('OSCAD_TOPO/3|vertex|v:5147feb3aa44bbabbb9caa8c76947303|861ede51b3f8f65d8e62c3fe5d7a89d98d70fe083d7051341adf16f0d5a696c7',#167);
#169=CARTESIAN_POINT('',(1.69041191930592277E-1,2.68292780010216336E-1,6.32986021146399658E0));
#170=VERTEX_POINT('OSCAD_TOPO/3|vertex|v:4611598c98d8fff20307dcd2f4bd6a47|c1e6b4d3a61e031463b9e21752e533d8b931d7d084669695e48bf9a731010cef',#169);
#171=CARTESIAN_POINT('',(2.07944940123981264E-1,3.25797058602768780E-2,6.40352054713585339E0));
#172=VERTEX_POINT('OSCAD_TOPO/3|vertex|v:7806086d40de9b95c67e3b9d400a1d14|794b0ed5535ce510d4a0dbf30a30bcc505fde0d4a52d5fc60caeacd84561e382',#171);
#173=CARTESIAN_POINT('',(-1.93356034551460415E-1,-2.77611733115208092E-2,6.42237707187704032E0));
#174=VERTEX_POINT('OSCAD_TOPO/3|vertex|v:54ffcace372eb835f54c287b7ac7ec80|e453d7d29dca035003af50f1c9dbea363bdd2004a3ff07acc72f191faf48b30c',#173);
#175=CARTESIAN_POINT('',(-2.32259782744849402E-1,2.07951900838418635E-1,6.34871673620518351E0));
#176=VERTEX_POINT('OSCAD_TOPO/3|vertex|v:c083fe450d67f8a9851e3eb528f83595|04daecd682e57aff22e48cc6380619f8026037ca9fb5fb4e1a7f64db3d0fab3f',#175);
#177=CARTESIAN_POINT('',(7.31105130165722539E-1,7.38290721411249407E-1,6.80295882181231981E0));
#178=VERTEX_POINT('OSCAD_TOPO/3|vertex|v:f07795ea088ddedfdb9ca91c6bab377a|9bcb1450f7f839ac8df4af56f6056bbdcc3af6e1971dd4637bc5d6e8457edb47',#177);
#179=CARTESIAN_POINT('',(-9.31530937233763456E-1,4.65353121556532301E-1,6.89678112176237867E0));
#180=VERTEX_POINT('OSCAD_TOPO/3|vertex|v:9f523f7d21367141203f13a6eed884f7|191330eb85fabf96bae91a1a246e074771d8754566812bcf60de2189cd8a3d38',#179);
#181=CARTESIAN_POINT('',(-7.60500915202368510E-1,-4.66399559012734000E-1,7.21707110570806343E0));
#182=VERTEX_POINT('OSCAD_TOPO/3|vertex|v:60f3ffb42aa0b9a4637799bacd19fce4|ff181bb769754c36499c5c69c6e4199b6c474c57664714a59b83635c81c746c7',#181);
#183=CARTESIAN_POINT('',(9.02135152197117485E-1,-1.93461959158016922E-1,7.12324880575800456E0));
#184=VERTEX_POINT('OSCAD_TOPO/3|vertex|v:9042ca1338c4a73067e8cedfdf6563f3|a91cd93a31293620d1575cb68ae19979deed9ea5831892856d9c1f16cd479887',#183);
#185=CARTESIAN_POINT('',(1.71752863152688368E-1,2.86531866252255574E-1,6.95825092827322322E0));
#186=VERTEX_POINT('OSCAD_TOPO/3|vertex|v:6d885e092c4fed94ffc3b27856e6accb|53c82135f7494c3b257dc6c919aa2f283553a42217274b735c31ff2ef7103c36',#185);
#187=CARTESIAN_POINT('',(2.14510368660537132E-1,5.35936961099390333E-2,7.03832342425964441E0));
#188=VERTEX_POINT('OSCAD_TOPO/3|vertex|v:3038bea674a95829920328e7d5d46c0d|5c9385081f0e6a95e23972ca5e6fabcf9c081d3528a3e83a1098cd2b31b5c22d',#187);
#189=CARTESIAN_POINT('',(-2.01148648189334367E-1,-1.46407038537402293E-2,7.06177899924716002E0));
#190=VERTEX_POINT('OSCAD_TOPO/3|vertex|v:c01efaec9750cf874e51cbacf7857bb3|b56fa70275f707c7d69121d30d7e95546a1688cc9327c1a9cb3c0a6508996fa6',#189);
#191=CARTESIAN_POINT('',(-2.43906153697183131E-1,2.18297466288576325E-1,6.98170650326073883E0));
#192=VERTEX_POINT('OSCAD_TOPO/3|vertex|v:831c2353dc3bf0cc68759b6ea1277a56|9b82702478df271a43a2424cf89fae16de9ab681dfd1ad001aef012e6b8a2c2b',#191);
#193=CARTESIAN_POINT('',(7.48987191511000572E-1,7.64755202518233257E-1,7.41346688683654165E0));
#194=VERTEX_POINT('OSCAD_TOPO/3|vertex|v:cbf0c4b0b84f8c41646c5a4536f4f545|9a4b7e7e5194c630dce83e1c854ccc950668aeab4616965cafa39bcdba9ccfe6',#193);
#195=CARTESIAN_POINT('',(-9.70341106416196086E-1,4.59319222799477456E-1,7.52800537923107527E0));
#196=VERTEX_POINT('OSCAD_TOPO/3|vertex|v:9dca70397eccd782767561bd5d643e89|11755d4303616f2fa5a91ed5d09bd603737846e68f614f80e2a2b5df07ebe906',#195);
#197=CARTESIAN_POINT('',(-7.83937809653926121E-1,-4.60599206440155173E-1,7.87297479019593816E0));
#198=VERTEX_POINT('OSCAD_TOPO/3|vertex|v:8990f6a93db0df29ec034765be92e851|b0552099262ea3f86cbccf58ceaf61bbb2916d3af683301a690613c8edbe99fb',#197);
#199=CARTESIAN_POINT('',(9.35390488273270537E-1,-1.55163226721399455E-1,7.75843629780140454E0));
#200=VERTEX_POINT('OSCAD_TOPO/3|vertex|v:7309cf2a0a796de7f335fc9334a436f6|ccabbdd6ba59fc8f911fd3ff0b2fd7e71e38e443670f1970094c0d87906999b9',#199);
#201=CARTESIAN_POINT('',(1.74140316074153062E-1,3.05247299158837526E-1,7.58578235059631556E0));
#202=VERTEX_POINT('OSCAD_TOPO/3|vertex|v:4ce73e3e8ac09a9c5690f59f8e277167|84aaaf8c760e9839280a5115759c6b334c869cf0d80c0c4bbcea4e00d2c03ae6',#201);
#203=CARTESIAN_POINT('',(2.20741140264720526E-1,7.52676918489293689E-2,7.67202470333753084E0));
#204=VERTEX_POINT('OSCAD_TOPO/3|vertex|v:e53573a9c26597d9985dde37d7cfc1e7|f8860a32dd9556f90ce7757de2c5091b60d03707703b15254362c401f820d1d1',#203);
#205=CARTESIAN_POINT('',(-2.09090934217078639E-1,-1.09130308075955362E-3,7.70065932643616424E0));
#206=VERTEX_POINT('OSCAD_TOPO/3|vertex|v:27ae554597eb929eed8d08564fbc9288|2b9d3505b3f299b9395732075283420a6d716681d8797a0207c28c901f899f1c',#205);
#207=CARTESIAN_POINT('',(-2.55691758407646130E-1,2.28888304229148631E-1,7.61441697369494896E0));
#208=VERTEX_POINT('OSCAD_TOPO/3|vertex|v:6553bee340a718813afd16ecc9b2aa9a|49af17637762918104fd642c811a7f6c669a278c4637dc8c5216c728c22821c3',#207);
#209=CARTESIAN_POINT('',(7.66264519424042390E-1,7.91696500108902357E-1,8.02262027779679165E0));
#210=VERTEX_POINT('OSCAD_TOPO/3|vertex|v:6b5c307ebdee374af03677ca1a0d45c0|a3d3fda10c5eaa5b5b39d130c2d5bbb8beba8e9fabc2bf67f6c6e787296c77e5',#209);
#211=CARTESIAN_POINT('',(-1.00897220556038913E0,4.52945527783474300E-1,8.16023786030399556E0));
#212=VERTEX_POINT('OSCAD_TOPO/3|vertex|v:b7c4ea1d916484ef6458dc91e7ad1267|a94a8d8f85197d35a94913fa784b2942724ff093074dd66442f3ba0fd25bec4c',#211);
#213=CARTESIAN_POINT('',(-8.07241141758750280E-1,-4.54473778245846671E-1,8.52887695337840768E0));
#214=VERTEX_POINT('OSCAD_TOPO/3|vertex|v:07591bb89e401949cda82f41349c3e5b|bb97b6113c00235f625c29af66683cc764934e41ddadf498ce22f993345b7862',#213);
#215=CARTESIAN_POINT('',(9.67995583225681133E-1,-1.15722805920418614E-1,8.39125937087120377E0));
#216=VERTEX_POINT('OSCAD_TOPO/3|vertex|v:a521c73d1b3ba67a419f60a84546fc23|2a619c225fbd19a4b5906d61dae94c8acbbb0a85fe60aff8f760343d311c3497',#215);
#217=CARTESIAN_POINT('',(1.76199896480495138E-1,3.24382645725871499E-1,8.21246653113989744E0));
#218=VERTEX_POINT('OSCAD_TOPO/3|vertex|v:4d846ff5658007576930c18ff8f5cd42|5d36fcc060d2feb1a7ce21e021e1e9cbe817ea4b850a08884335bbb0ca0766ec',#217);
#219=CARTESIAN_POINT('',(2.26632662430904824E-1,9.75278192185412285E-2,8.30462630440850091E0));
#220=VERTEX_POINT('OSCAD_TOPO/3|vertex|v:78ac0fe488539717e9a90de86214e9e1|6fc88d46c48fa27bb1b873da797ad909f3b8f76ccc730e8d417c66358315e184',#219);
#221=CARTESIAN_POINT('',(-2.17176518815203029E-1,1.28400761371842212E-2,8.33903070003530189E0));
#222=VERTEX_POINT('OSCAD_TOPO/3|vertex|v:e049871f6fb1a5f0d5e8a3d889b13015|bc80566a3538ad9f706f9071a1aaa19113d8b67d3d83ecbda3851529cbda6b19',#221);
#223=CARTESIAN_POINT('',(-2.67609284765612743E-1,2.39694902644514457E-1,8.24687092676669842E0));
#224=VERTEX_POINT('OSCAD_TOPO/3|vertex|v:82f57a50fd757e63c40c090a575cf848|2b910ea9d209c818e5dc3ea78ce106e53a8231cbc3e52f60d31cdde54e630048',#223);
#225=CARTESIAN_POINT('',(7.82918668272073681E-1,8.19047296316135931E-1,8.63043583984608631E0));
#226=VERTEX_POINT('OSCAD_TOPO/3|vertex|v:5cad36ef5d2b4e9929768007108a8125|c72d2c9bebfdb557608f8edb6236f068411580fb605b2f0aa62c2457eae4b28d',#225);
#227=CARTESIAN_POINT('',(-1.04739909523161745E0,4.46269322320676454E-1,8.79352620346909930E0));
#228=VERTEX_POINT('OSCAD_TOPO/3|vertex|v:c5e53af85a700aa89f1d1f2db44e8a97|214d6b790ec285ba9ac5d8279a814885b0e5db9aeec397ad5dc151cbe39aa795',#227);
#229=CARTESIAN_POINT('',(-8.30389514136607221E-1,-4.48055501271684642E-1,9.18479331379075958E0));
#230=VERTEX_POINT('OSCAD_TOPO/3|vertex|v:edfe9e141efa3340f2dd8f92175a1383|f15237950d001bad81b49c9eadb07d3a139c6ea540e2b4c09a43efd1e0cb74dd',#229);
#231=CARTESIAN_POINT('',(9.99928249367083910E-1,-7.52775272762252201E-2,9.02170295016774482E0));
#232=VERTEX_POINT('OSCAD_TOPO/3|vertex|v:cb6611f6a5c9a200bfa64c466808df9b|ce6437015cbeca6504458a15e086b607cc04c9cfcb8f48d744af432a95b8e091',#231);
#233=CARTESIAN_POINT('',(1.77928099868818357E-1,3.43883747220703140E-1,8.83831989257533834E0));
#234=VERTEX_POINT('OSCAD_TOPO/3|vertex|v:126d95f4319e5751cce79c84f616fcfd|7e4b91bf6a27cd704d9843808e60715c56a6c3269fe8f921b96f1a6d1e86ae23',#233);
#235=CARTESIAN_POINT('',(2.32180495142570914E-1,1.20302541322612866E-1,8.93613667015575430E0));
#236=VERTEX_POINT('OSCAD_TOPO/3|vertex|v:330646be8dcc3c5e00bb065a2dcd4225|394ba8b545257865af3a9fee2e61cf3e6c8f7ea443e4183a237fcab7fdf43f93',#235);
#237=CARTESIAN_POINT('',(-2.25398945733351869E-1,2.71080478237480105E-2,8.97690926106150755E0));
#238=VERTEX_POINT('OSCAD_TOPO/3|vertex|v:6da0b739d65c2611b6f68d4c5a6f882c|81b8a60f6090268cf303101bcfce87d463afdedc09075755ae453183fd73f87e',#237);
#239=CARTESIAN_POINT('',(-2.79651341007104426E-1,2.50689253721838312E-1,8.87909248348109159E0));
#240=VERTEX_POINT('OSCAD_TOPO/3|vertex|v:c400569cbea7ce5ecfc7d4fd49260c00|607c0bb1f71592557a7c2176d27d399d24c8ec4acfe5ab1a2d3d5df584a3db8e',#239);
#241=CARTESIAN_POINT('',(7.98931451031716922E-1,8.46743951055460187E-1,9.23693540937447644E0));
#242=VERTEX_POINT('OSCAD_TOPO/3|vertex|v:fca99d1a8a734c6e5b49c768aafb87f7|c62bb8016c458461c7c61835cb576572fb9bc417b99a9923c9128c0ce865ef9f',#241);
#243=CARTESIAN_POINT('',(-1.08559667556780148E0,4.39327684486829906E-1,9.42791178432852206E0));
#244=VERTEX_POINT('OSCAD_TOPO/3|vertex|v:fc10d0857b1115f946805e4672d94662|56c0b580dc12c5f597e12fd0e4eb6fd263d2cb5186e1ec2b027d85c4b0508db3',#243);
#245=CARTESIAN_POINT('',(-8.53361556956290013E-1,-4.41375712826904021E-1,9.84074150181933405E0));
#246=VERTEX_POINT('OSCAD_TOPO/3|vertex|v:9a3f46a3830af2348176074648cb8b3d|be18602da4dcc798d691888f36335a2e1687ad4a367c5cc1f68e5931a9114adb',#245);
#247=CARTESIAN_POINT('',(1.03116656964322839E0,-3.39594462582737955E-2,9.64976512686529020E0));
#248=VERTEX_POINT('OSCAD_TOPO/3|vertex|v:f6093a15b5a95c8c983d2e674b9f7dcc|e1d0b73c4a91b0163092e75b2638411dfe239a9a4190b7dab327fc3e051f2711',#247);
#249=CARTESIAN_POINT('',(1.79321573036214377E-1,3.63699077099573609E-1,9.46336269404129737E0));
#250=VERTEX_POINT('OSCAD_TOPO/3|vertex|v:e126f6f44f704b85c0ede0afbe4cd2ba|14fd77e8fbbf41f577e956c37343a05b65896ea40c5e0ce25f88a329056d13ec',#249);
#251=CARTESIAN_POINT('',(2.37380352689092244E-1,1.43523227771140127E-1,9.56657012341400126E0));
#252=VERTEX_POINT('OSCAD_TOPO/3|vertex|v:ebe18caf37a7332b679fdd6c775472cf|e5f8446d398db5b7e7e6a8cdec3b1c4b59755f1d69e0bdb600a70268976d4844',#251);
#253=CARTESIAN_POINT('',(-2.33751678960787357E-1,4.16691611289825778E-2,9.61431421715251133E0));
#254=VERTEX_POINT('OSCAD_TOPO/3|vertex|v:7862e1853694062ee966368ece6500f7|9d5254a11650ba2faeb586b0a01948961679c2ac98ad13e56f93bffe3d970ae5',#253);
#255=CARTESIAN_POINT('',(-2.91810458613665225E-1,2.61845010457416094E-1,9.51110678777980922E0));
#256=VERTEX_POINT('OSCAD_TOPO/3|vertex|v:fece5866cdca33554a11c57cb8ec437b|de1e0250a550dd6ce8689d1a6b6ad6117340d1bd44a0e90e44ac796b99c216ed',#255);
#257=CARTESIAN_POINT('',(8.14284947176474816E-1,8.74726736990396603E-1,9.84214512869243663E0));
#258=VERTEX_POINT('OSCAD_TOPO/3|vertex|v:80199591954dfc74912b57190cbe68e2|d3db9dd7238397ec2987329302d1cad7992295a9993b47a3e609511a634dbed5',#257);
#259=CARTESIAN_POINT('',(-1.12353989624489259E0,4.32157080354045320E-1,1.00634299570106123E1));
#260=VERTEX_POINT('OSCAD_TOPO/3|vertex|v:8396c8db4afaeee748b79b8da38b7d08|18d1076d193bff82fb61be44b6db14d22a3dce6b0c40b25f3f864725d74db8b1',#259);
#261=CARTESIAN_POINT('',(-8.76135936990522168E-1,-4.34464535321694711E-1,1.04967407648484823E1));
#262=VERTEX_POINT('OSCAD_TOPO/3|vertex|v:842f73b3dcfd45e83aedf97264649aca|87e33f5761381cf7b73f4a1828ef2ea8c43bb9cabd8512b8c6160e57c2f73756',#261);
#263=CARTESIAN_POINT('',(1.06168890643084524E0,8.10512131465657149E-3,1.02754559365303066E1));
#264=VERTEX_POINT('OSCAD_TOPO/3|vertex|v:390e2a1ad6f0f91dd276cd87928787b7|3f75445bbc659f8b987cf68225d0f2370148d4fc2819dea91f7302d4300cc629',#263);
#265=CARTESIAN_POINT('',(1.80377115614192007E-1,3.83780009873589734E-1,1.00876184922508401E1));
#266=VERTEX_POINT('OSCAD_TOPO/3|vertex|v:c85e1a9be1a211cea606041442239947|4330ff6e21a0236fc73a035085bae9f8c9945192423ccc9b87c911e39b3ada4e',#265);
#267=CARTESIAN_POINT('',(2.42228105427784612E-1,1.67124605954541039E-1,1.01959461942103644E1));
#268=VERTEX_POINT('OSCAD_TOPO/3|vertex|v:f99998b9fb2c84bc197bf2dbda93a419|5cfe3adaeabc5a3601dba9babeb9cdf0b3e55db108fd74624c231b3aa2ba0f5e',#267);
#269=CARTESIAN_POINT('',(-2.42228105427329865E-1,5.64821917951121577E-2,1.02512674012900789E1));
#270=VERTEX_POINT('OSCAD_TOPO/3|vertex|v:a3cce5085c5aa1ac3be9c00ac691e198|a2b591d43c44867643fd303a5a31fc59e6d77ca5470e27400dfc908dcbe8cd19',#269);
#271=CARTESIAN_POINT('',(-3.04079095240922470E-1,2.73137595714160852E-1,1.01429396993305545E1));
#272=VERTEX_POINT('OSCAD_TOPO/3|vertex|v:2775c99d8fa1183fcc1784d1b5f4aba5|caf354fe3d39bcaf5a19e33e100c9ad5ea0d9cee59654b935a428e82d35a8005',#271);
#273=CARTESIAN_POINT('',(5.00000000000000000E-1,5.00000000000000000E-1,0.00000000000000000E0));
#274=CARTESIAN_POINT('',(5.23250904007898643E-1,5.16287205329278853E-1,6.24498652366255014E-1));
#275=CARTESIAN_POINT('',(0.00000000000000000E0,1.00000000000000000E0,0.00000000000000000E0));
#276=CARTESIAN_POINT('',(-1.57464295703902725E-2,1.00768584572862752E0,6.09142444853775444E-1));
#277=CARTESIAN_POINT('',(-5.00000000000000000E-1,5.00000000000000000E-1,0.00000000000000000E0));
#278=CARTESIAN_POINT('',(-5.39119398923795790E-1,4.99694418310077881E-1,6.25017176960605103E-1));
#279=B_SPLINE_SURFACE_WITH_KNOTS('',2,1,((#273,#274),(#275,#276),(#277,#278)),.UNSPECIFIED.,.F.,.F.,.F.,(3,3),(2,2),(0.00000000000000000E0,1.00000000000000000E0),(0.00000000000000000E0,1.00000000000000000E0),.UNSPECIFIED.);
#280=CARTESIAN_POINT('',(-5.00000000000000000E-1,5.00000000000000000E-1,0.00000000000000000E0));
#281=CARTESIAN_POINT('',(-5.39119398923795790E-1,4.99694418310077881E-1,6.25017176960605103E-1));
#282=CARTESIAN_POINT('',(-1.00000000000000000E0,0.00000000000000000E0,0.00000000000000000E0));
#283=CARTESIAN_POINT('',(-1.06249236827720139E0,-8.29700910847175517E-3,6.40891909067434762E-1));
#284=CARTESIAN_POINT('',(-5.00000000000000000E-1,-5.00000000000000000E-1,0.00000000000000000E0));
#285=CARTESIAN_POINT('',(-5.23495034698912454E-1,-4.99695649507820361E-1,6.56248116579914442E-1));
#286=B_SPLINE_SURFACE_WITH_KNOTS('',2,1,((#280,#281),(#282,#283),(#284,#285)),.UNSPECIFIED.,.F.,.F.,.F.,(3,3),(2,2),(0.00000000000000000E0,1.00000000000000000E0),(0.00000000000000000E0,1.00000000000000000E0),.UNSPECIFIED.);
#287=CARTESIAN_POINT('',(-5.00000000000000000E-1,-5.00000000000000000E-1,0.00000000000000000E0));
#288=CARTESIAN_POINT('',(-5.23495034698912454E-1,-4.99695649507820361E-1,6.56248116579914442E-1));
#289=CARTESIAN_POINT('',(0.00000000000000000E0,-1.00000000000000000E0,0.00000000000000000E0));
#290=CARTESIAN_POINT('',(1.55022988793764704E-2,-9.91094289907168968E-1,6.71604324092394123E-1));
#291=CARTESIAN_POINT('',(5.00000000000000000E-1,-5.00000000000000000E-1,0.00000000000000000E0));
#292=CARTESIAN_POINT('',(5.38875268232781979E-1,-4.83102862488619389E-1,6.55729591985564353E-1));
#293=B_SPLINE_SURFACE_WITH_KNOTS('',2,1,((#287,#288),(#289,#290),(#291,#292)),.UNSPECIFIED.,.F.,.F.,.F.,(3,3),(2,2),(0.00000000000000000E0,1.00000000000000000E0),(0.00000000000000000E0,1.00000000000000000E0),.UNSPECIFIED.);
#294=CARTESIAN_POINT('',(5.00000000000000000E-1,-5.00000000000000000E-1,0.00000000000000000E0));
#295=CARTESIAN_POINT('',(5.38875268232781979E-1,-4.83102862488619389E-1,6.55729591985564353E-1));
#296=CARTESIAN_POINT('',(1.00000000000000000E0,0.00000000000000000E0,0.00000000000000000E0));
#297=CARTESIAN_POINT('',(1.06224823758618747E0,2.48885649299302007E-2,6.39854859878734694E-1));
#298=CARTESIAN_POINT('',(5.00000000000000000E-1,5.00000000000000000E-1,0.00000000000000000E0));
#299=CARTESIAN_POINT('',(5.23250904007898643E-1,5.16287205329278853E-1,6.24498652366255014E-1));
#300=B_SPLINE_SURFACE_WITH_KNOTS('',2,1,((#294,#295),(#296,#297),(#298,#299)),.UNSPECIFIED.,.F.,.F.,.F.,(3,3),(2,2),(0.00000000000000000E0,1.00000000000000000E0),(0.00000000000000000E0,1.00000000000000000E0),.UNSPECIFIED.);
#301=CARTESIAN_POINT('',(1.25000000000000000E-1,1.25000000000000000E-1,0.00000000000000000E0));
#302=CARTESIAN_POINT('',(1.30721176992844468E-1,1.35293634765366627E-1,6.36404701446377397E-1));
#303=CARTESIAN_POINT('',(2.50000000000000000E-1,0.00000000000000000E0,0.00000000000000000E0));
#304=CARTESIAN_POINT('',(2.65470510387416703E-1,1.24439746655294683E-2,6.40243753324497233E-1));
#305=CARTESIAN_POINT('',(1.25000000000000000E-1,-1.25000000000000000E-1,0.00000000000000000E0));
#306=CARTESIAN_POINT('',(1.34627268049065330E-1,-1.14553882189107933E-1,6.44212436351204731E-1));
#307=B_SPLINE_SURFACE_WITH_KNOTS('',2,1,((#301,#302),(#303,#304),(#305,#306)),.UNSPECIFIED.,.F.,.F.,.F.,(3,3),(2,2),(0.00000000000000000E0,1.00000000000000000E0),(0.00000000000000000E0,1.00000000000000000E0),.UNSPECIFIED.);
#308=CARTESIAN_POINT('',(1.25000000000000000E-1,-1.25000000000000000E-1,0.00000000000000000E0));
#309=CARTESIAN_POINT('',(1.34627268049065330E-1,-1.14553882189107933E-1,6.44212436351204731E-1));
#310=CARTESIAN_POINT('',(0.00000000000000000E0,-2.50000000000000000E-1,0.00000000000000000E0));
#311=CARTESIAN_POINT('',(3.78402571071394158E-3,-2.41551739043745328E-1,6.48181119377912118E-1));
#312=CARTESIAN_POINT('',(-1.25000000000000000E-1,-1.25000000000000000E-1,0.00000000000000000E0));
#313=CARTESIAN_POINT('',(-1.30965307683858279E-1,-1.18702078943908176E-1,6.44342067499792170E-1));
#314=B_SPLINE_SURFACE_WITH_KNOTS('',2,1,((#308,#309),(#310,#311),(#312,#313)),.UNSPECIFIED.,.F.,.F.,.F.,(3,3),(2,2),(0.00000000000000000E0,1.00000000000000000E0),(0.00000000000000000E0,1.00000000000000000E0),.UNSPECIFIED.);
#315=CARTESIAN_POINT('',(-1.25000000000000000E-1,-1.25000000000000000E-1,0.00000000000000000E0));
#316=CARTESIAN_POINT('',(-1.30965307683858279E-1,-1.18702078943908176E-1,6.44342067499792170E-1));
#317=CARTESIAN_POINT('',(-2.50000000000000000E-1,0.00000000000000000E0,0.00000000000000000E0));
#318=CARTESIAN_POINT('',(-2.65714641078430513E-1,4.14758115592897894E-3,6.40503015621672223E-1));
#319=CARTESIAN_POINT('',(-1.25000000000000000E-1,1.25000000000000000E-1,0.00000000000000000E0));
#320=CARTESIAN_POINT('',(-1.34871398740079140E-1,1.31145438010566384E-1,6.36534332594964836E-1));
#321=B_SPLINE_SURFACE_WITH_KNOTS('',2,1,((#315,#316),(#317,#318),(#319,#320)),.UNSPECIFIED.,.F.,.F.,.F.,(3,3),(2,2),(0.00000000000000000E0,1.00000000000000000E0),(0.00000000000000000E0,1.00000000000000000E0),.UNSPECIFIED.);
#322=CARTESIAN_POINT('',(-1.25000000000000000E-1,1.25000000000000000E-1,0.00000000000000000E0));
#323=CARTESIAN_POINT('',(-1.34871398740079140E-1,1.31145438010566384E-1,6.36534332594964836E-1));
#324=CARTESIAN_POINT('',(0.00000000000000000E0,2.50000000000000000E-1,0.00000000000000000E0));
#325=CARTESIAN_POINT('',(-4.02815640172774457E-3,2.58143294865203765E-1,6.32565649568257449E-1));
#326=CARTESIAN_POINT('',(1.25000000000000000E-1,1.25000000000000000E-1,0.00000000000000000E0));
#327=CARTESIAN_POINT('',(1.30721176992844468E-1,1.35293634765366627E-1,6.36404701446377397E-1));
#328=B_SPLINE_SURFACE_WITH_KNOTS('',2,1,((#322,#323),(#324,#325),(#326,#327)),.UNSPECIFIED.,.F.,.F.,.F.,(3,3),(2,2),(0.00000000000000000E0,1.00000000000000000E0),(0.00000000000000000E0,1.00000000000000000E0),.UNSPECIFIED.);
#329=CARTESIAN_POINT('',(5.23250904007898643E-1,5.16287205329278853E-1,6.24498652366255014E-1));
#330=CARTESIAN_POINT('',(5.46114705374205478E-1,5.33859960623177088E-1,1.24794472812878854E0));
#331=CARTESIAN_POINT('',(-1.57464295703902725E-2,1.00768584572862752E0,6.09142444853775444E-1));
#332=CARTESIAN_POINT('',(-3.17331157663467978E-2,1.01510156684396935E0,1.21786712773998906E0));
#333=CARTESIAN_POINT('',(-5.39119398923795790E-1,4.99694418310077881E-1,6.25017176960605103E-1));
#334=CARTESIAN_POINT('',(-5.78336022921573045E-1,4.98777885284705014E-1,1.25013735783744306E0));
#335=B_SPLINE_SURFACE_WITH_KNOTS('',2,1,((#329,#330),(#331,#332),(#333,#334)),.UNSPECIFIED.,.F.,.F.,.F.,(3,3),(2,2),(0.00000000000000000E0,1.00000000000000000E0),(0.00000000000000000E0,1.00000000000000000E0),.UNSPECIFIED.);
#336=CARTESIAN_POINT('',(-5.39119398923795790E-1,4.99694418310077881E-1,6.25017176960605103E-1));
#337=CARTESIAN_POINT('',(-5.78336022921573045E-1,4.98777885284705014E-1,1.25013735783744306E0));
#338=CARTESIAN_POINT('',(-1.06249236827720139E0,-8.29700910847175517E-3,6.40891909067434762E-1));
#339=CARTESIAN_POINT('',(-1.12493893007679935E0,-1.75457962745593291E-2,1.28240758793489706E0));
#340=CARTESIAN_POINT('',(-5.23495034698912454E-1,-4.99695649507820361E-1,6.56248116579914442E-1));
#341=CARTESIAN_POINT('',(-5.47091108936247017E-1,-4.98787402495351528E-1,1.31248518832369654E0));
#342=B_SPLINE_SURFACE_WITH_KNOTS('',2,1,((#336,#337),(#338,#339),(#340,#341)),.UNSPECIFIED.,.F.,.F.,.F.,(3,3),(2,2),(0.00000000000000000E0,1.00000000000000000E0),(0.00000000000000000E0,1.00000000000000000E0),.UNSPECIFIED.);
#343=CARTESIAN_POINT('',(-5.23495034698912454E-1,-4.99695649507820361E-1,6.56248116579914442E-1));
#344=CARTESIAN_POINT('',(-5.47091108936247017E-1,-4.98787402495351528E-1,1.31248518832369654E0));
#345=CARTESIAN_POINT('',(1.55022988793764704E-2,-9.91094289907168968E-1,6.71604324092394123E-1));
#346=CARTESIAN_POINT('',(3.07567122043053594E-2,-9.80029008716143735E-1,1.34256278871249601E0));
#347=CARTESIAN_POINT('',(5.38875268232781979E-1,-4.83102862488619389E-1,6.55729591985564353E-1));
#348=CARTESIAN_POINT('',(5.77359619359531506E-1,-4.63705327156879454E-1,1.31029255861504201E0));
#349=B_SPLINE_SURFACE_WITH_KNOTS('',2,1,((#343,#344),(#345,#346),(#347,#348)),.UNSPECIFIED.,.F.,.F.,.F.,(3,3),(2,2),(0.00000000000000000E0,1.00000000000000000E0),(0.00000000000000000E0,1.00000000000000000E0),.UNSPECIFIED.);
#350=CARTESIAN_POINT('',(5.38875268232781979E-1,-4.83102862488619389E-1,6.55729591985564353E-1));
#351=CARTESIAN_POINT('',(5.77359619359531506E-1,-4.63705327156879454E-1,1.31029255861504201E0));
#352=CARTESIAN_POINT('',(1.06224823758618747E0,2.48885649299302007E-2,6.39854859878734694E-1));
#353=CARTESIAN_POINT('',(1.12396252651475770E0,5.26183544023848745E-2,1.27802232851758801E0));
#354=CARTESIAN_POINT('',(5.23250904007898643E-1,5.16287205329278853E-1,6.24498652366255014E-1));
#355=CARTESIAN_POINT('',(5.46114705374205478E-1,5.33859960623177088E-1,1.24794472812878854E0));
#356=B_SPLINE_SURFACE_WITH_KNOTS('',2,1,((#350,#351),(#352,#353),(#354,#355)),.UNSPECIFIED.,.F.,.F.,.F.,(3,3),(2,2),(0.00000000000000000E0,1.00000000000000000E0),(0.00000000000000000E0,1.00000000000000000E0),.UNSPECIFIED.);
#357=CARTESIAN_POINT('',(1.30721176992844468E-1,1.35293634765366627E-1,6.36404701446377397E-1));
#358=CARTESIAN_POINT('',(1.36162525007785834E-1,1.46617199453728836E-1,1.27214740070187915E0));
#359=CARTESIAN_POINT('',(2.65470510387416703E-1,1.24439746655294683E-2,6.40243753324497233E-1));
#360=CARTESIAN_POINT('',(2.80624480292923917E-1,2.63067978985307982E-2,1.27966680079907902E0));
#361=CARTESIAN_POINT('',(1.34627268049065330E-1,-1.14553882189107933E-1,6.44212436351204731E-1));
#362=CARTESIAN_POINT('',(1.43973753504117369E-1,-1.02774122491285286E-1,1.28773435832344241E0));
#363=B_SPLINE_SURFACE_WITH_KNOTS('',2,1,((#357,#358),(#359,#360),(#361,#362)),.UNSPECIFIED.,.F.,.F.,.F.,(3,3),(2,2),(0.00000000000000000E0,1.00000000000000000E0),(0.00000000000000000E0,1.00000000000000000E0),.UNSPECIFIED.);
#364=CARTESIAN_POINT('',(1.34627268049065330E-1,-1.14553882189107933E-1,6.44212436351204731E-1));
#365=CARTESIAN_POINT('',(1.43973753504117369E-1,-1.02774122491285286E-1,1.28773435832344241E0));
#366=CARTESIAN_POINT('',(3.78402571071394158E-3,-2.41551739043745328E-1,6.48181119377912118E-1));
#367=CARTESIAN_POINT('',(7.32302671531080002E-3,-2.31855042881101370E-1,1.29580191584780602E0));
#368=CARTESIAN_POINT('',(-1.30965307683858279E-1,-1.18702078943908176E-1,6.44342067499792170E-1));
#369=CARTESIAN_POINT('',(-1.37138928569827262E-1,-1.11544641325903304E-1,1.28828251575060615E0));
#370=B_SPLINE_SURFACE_WITH_KNOTS('',2,1,((#364,#365),(#366,#367),(#368,#369)),.UNSPECIFIED.,.F.,.F.,.F.,(3,3),(2,2),(0.00000000000000000E0,1.00000000000000000E0),(0.00000000000000000E0,1.00000000000000000E0),.UNSPECIFIED.);
#371=CARTESIAN_POINT('',(-1.30965307683858279E-1,-1.18702078943908176E-1,6.44342067499792170E-1));
#372=CARTESIAN_POINT('',(-1.37138928569827262E-1,-1.11544641325903304E-1,1.28828251575060615E0));
#373=CARTESIAN_POINT('',(-2.65714641078430513E-1,4.14758115592897894E-3,6.40503015621672223E-1));
#374=CARTESIAN_POINT('',(-2.81600883854965345E-1,8.76576022929474903E-3,1.28076311565340628E0));
#375=CARTESIAN_POINT('',(-1.34871398740079140E-1,1.31145438010566384E-1,6.36534332594964836E-1));
#376=CARTESIAN_POINT('',(-1.44950157066158797E-1,1.37846680619110817E-1,1.27269555812904267E0));
#377=B_SPLINE_SURFACE_WITH_KNOTS('',2,1,((#371,#372),(#373,#374),(#375,#376)),.UNSPECIFIED.,.F.,.F.,.F.,(3,3),(2,2),(0.00000000000000000E0,1.00000000000000000E0),(0.00000000000000000E0,1.00000000000000000E0),.UNSPECIFIED.);
#378=CARTESIAN_POINT('',(-1.34871398740079140E-1,1.31145438010566384E-1,6.36534332594964836E-1));
#379=CARTESIAN_POINT('',(-1.44950157066158797E-1,1.37846680619110817E-1,1.27269555812904267E0));
#380=CARTESIAN_POINT('',(-4.02815640172774457E-3,2.58143294865203765E-1,6.32565649568257449E-1));
#381=CARTESIAN_POINT('',(-8.29943027735224013E-3,2.66927601008926874E-1,1.26462800060467928E0));
#382=CARTESIAN_POINT('',(1.30721176992844468E-1,1.35293634765366627E-1,6.36404701446377397E-1));
#383=CARTESIAN_POINT('',(1.36162525007785834E-1,1.46617199453728836E-1,1.27214740070187915E0));
#384=B_SPLINE_SURFACE_WITH_KNOTS('',2,1,((#378,#379),(#380,#381),(#382,#383)),.UNSPECIFIED.,.F.,.F.,.F.,(3,3),(2,2),(0.00000000000000000E0,1.00000000000000000E0),(0.00000000000000000E0,1.00000000000000000E0),.UNSPECIFIED.);
#385=CARTESIAN_POINT('',(5.46114705374205478E-1,5.33859960623177088E-1,1.24794472812878854E0));
#386=CARTESIAN_POINT('',(5.68570657801536372E-1,5.52655561858351074E-1,1.87026908408355741E0));
#387=CARTESIAN_POINT('',(-3.17331157663467978E-2,1.01510156684396935E0,1.21786712773998906E0));
#388=CARTESIAN_POINT('',(-4.79560662734811460E-2,1.02222548069787122E0,1.82624690419235258E0));
#389=CARTESIAN_POINT('',(-5.78336022921573045E-1,4.98777885284705014E-1,1.25013735783744306E0));
#390=CARTESIAN_POINT('',(-6.17624954600364484E-1,4.97254809635336636E-1,1.87546290460446530E0));
#391=B_SPLINE_SURFACE_WITH_KNOTS('',2,1,((#385,#386),(#387,#388),(#389,#390)),.UNSPECIFIED.,.F.,.F.,.F.,(3,3),(2,2),(0.00000000000000000E0,1.00000000000000000E0),(0.00000000000000000E0,1.00000000000000000E0),.UNSPECIFIED.);
#392=CARTESIAN_POINT('',(-5.78336022921573045E-1,4.98777885284705014E-1,1.25013735783744306E0));
#393=CARTESIAN_POINT('',(-6.17624954600364484E-1,4.97254809635336636E-1,1.87546290460446530E0));
#394=CARTESIAN_POINT('',(-1.12493893007679935E0,-1.75457962745593291E-2,1.28240758793489706E0));
#395=CARTESIAN_POINT('',(-1.18729384292724771E0,-2.77158614271979103E-2,1.92467890501657779E0));
#396=CARTESIAN_POINT('',(-5.47091108936247017E-1,-4.98787402495351528E-1,1.31248518832369654E0));
#397=CARTESIAN_POINT('',(-5.70767118852230193E-1,-4.97285780266718103E-1,1.96870108490778284E0));
#398=B_SPLINE_SURFACE_WITH_KNOTS('',2,1,((#392,#393),(#394,#395),(#396,#397)),.UNSPECIFIED.,.F.,.F.,.F.,(3,3),(2,2),(0.00000000000000000E0,1.00000000000000000E0),(0.00000000000000000E0,1.00000000000000000E0),.UNSPECIFIED.);
#399=CARTESIAN_POINT('',(-5.47091108936247017E-1,-4.98787402495351528E-1,1.31248518832369654E0));
#400=CARTESIAN_POINT('',(-5.70767118852230193E-1,-4.97285780266718103E-1,1.96870108490778284E0));
#401=CARTESIAN_POINT('',(3.07567122043053594E-2,-9.80029008716143735E-1,1.34256278871249601E0));
#402=CARTESIAN_POINT('',(4.57596052227873529E-2,-9.66855699106238253E-1,2.01272326479898789E0));
#403=CARTESIAN_POINT('',(5.77359619359531506E-1,-4.63705327156879454E-1,1.31029255861504201E0));
#404=CARTESIAN_POINT('',(6.15428493549670663E-1,-4.41885028043703665E-1,1.96350726438687517E0));
#405=B_SPLINE_SURFACE_WITH_KNOTS('',2,1,((#399,#400),(#401,#402),(#403,#404)),.UNSPECIFIED.,.F.,.F.,.F.,(3,3),(2,2),(0.00000000000000000E0,1.00000000000000000E0),(0.00000000000000000E0,1.00000000000000000E0),.UNSPECIFIED.);
#406=CARTESIAN_POINT('',(5.77359619359531506E-1,-4.63705327156879454E-1,1.31029255861504201E0));
#407=CARTESIAN_POINT('',(6.15428493549670663E-1,-4.41885028043703665E-1,1.96350726438687517E0));
#408=CARTESIAN_POINT('',(1.12396252651475770E0,5.26183544023848745E-2,1.27802232851758801E0));
#409=CARTESIAN_POINT('',(1.18509738187655400E0,8.30856430188309236E-2,1.91429126397476246E0));
#410=CARTESIAN_POINT('',(5.46114705374205478E-1,5.33859960623177088E-1,1.24794472812878854E0));
#411=CARTESIAN_POINT('',(5.68570657801536372E-1,5.52655561858351074E-1,1.87026908408355741E0));
#412=B_SPLINE_SURFACE_WITH_KNOTS('',2,1,((#406,#407),(#408,#409),(#410,#411)),.UNSPECIFIED.,.F.,.F.,.F.,(3,3),(2,2),(0.00000000000000000E0,1.00000000000000000E0),(0.00000000000000000E0,1.00000000000000000E0),.UNSPECIFIED.);
#413=CARTESIAN_POINT('',(1.36162525007785834E-1,1.46617199453728836E-1,1.27214740070187915E0));
#414=CARTESIAN_POINT('',(1.41318991556373924E-1,1.58927558561450133E-1,1.90718108439264200E0));
#415=CARTESIAN_POINT('',(2.80624480292923917E-1,2.63067978985307982E-2,1.27966680079907902E0));
#416=CARTESIAN_POINT('',(2.95450672575128304E-1,4.15350788515701161E-2,1.91818662936544326E0));
#417=CARTESIAN_POINT('',(1.43973753504117369E-1,-1.02774122491285286E-1,1.28773435832344241E0));
#418=CARTESIAN_POINT('',(1.53033450493407497E-1,-8.97075889140635241E-2,1.93049062946847139E0));
#419=B_SPLINE_SURFACE_WITH_KNOTS('',2,1,((#413,#414),(#415,#416),(#417,#418)),.UNSPECIFIED.,.F.,.F.,.F.,(3,3),(2,2),(0.00000000000000000E0,1.00000000000000000E0),(0.00000000000000000E0,1.00000000000000000E0),.UNSPECIFIED.);
#420=CARTESIAN_POINT('',(1.43973753504117369E-1,-1.02774122491285286E-1,1.28773435832344241E0));
#421=CARTESIAN_POINT('',(1.53033450493407497E-1,-8.97075889140635241E-2,1.93049062946847139E0));
#422=CARTESIAN_POINT('',(7.32302671531080002E-3,-2.31855042881101370E-1,1.29580191584780602E0));
#423=CARTESIAN_POINT('',(1.06162284116866658E-2,-2.20950256679697171E-1,1.94279462957149951E0));
#424=CARTESIAN_POINT('',(-1.37138928569827262E-1,-1.11544641325903304E-1,1.28828251575060615E0));
#425=CARTESIAN_POINT('',(-1.43515452607067717E-1,-1.03557776969817134E-1,1.93178908459869825E0));
#426=B_SPLINE_SURFACE_WITH_KNOTS('',2,1,((#420,#421),(#422,#423),(#424,#425)),.UNSPECIFIED.,.F.,.F.,.F.,(3,3),(2,2),(0.00000000000000000E0,1.00000000000000000E0),(0.00000000000000000E0,1.00000000000000000E0),.UNSPECIFIED.);
#427=CARTESIAN_POINT('',(-1.37138928569827262E-1,-1.11544641325903304E-1,1.28828251575060615E0));
#428=CARTESIAN_POINT('',(-1.43515452607067717E-1,-1.03557776969817134E-1,1.93178908459869825E0));
#429=CARTESIAN_POINT('',(-2.81600883854965345E-1,8.76576022929474903E-3,1.28076311565340628E0));
#430=CARTESIAN_POINT('',(-2.97647133625822125E-1,1.38347027400629076E-2,1.92078353962589699E0));
#431=CARTESIAN_POINT('',(-1.44950157066158797E-1,1.37846680619110817E-1,1.27269555812904267E0));
#432=CARTESIAN_POINT('',(-1.55229911544101290E-1,1.45077370505696551E-1,1.90847953952286886E0));
#433=B_SPLINE_SURFACE_WITH_KNOTS('',2,1,((#427,#428),(#429,#430),(#431,#432)),.UNSPECIFIED.,.F.,.F.,.F.,(3,3),(2,2),(0.00000000000000000E0,1.00000000000000000E0),(0.00000000000000000E0,1.00000000000000000E0),.UNSPECIFIED.);
#434=CARTESIAN_POINT('',(-1.44950157066158797E-1,1.37846680619110817E-1,1.27269555812904267E0));
#435=CARTESIAN_POINT('',(-1.55229911544101290E-1,1.45077370505696551E-1,1.90847953952286886E0));
#436=CARTESIAN_POINT('',(-8.29943027735224013E-3,2.66927601008926874E-1,1.26462800060467928E0));
#437=CARTESIAN_POINT('',(-1.28126894623804589E-2,2.76320038271330171E-1,1.89617553941984074E0));
#438=CARTESIAN_POINT('',(1.36162525007785834E-1,1.46617199453728836E-1,1.27214740070187915E0));
#439=CARTESIAN_POINT('',(1.41318991556373924E-1,1.58927558561450133E-1,1.90718108439264200E0));
#440=B_SPLINE_SURFACE_WITH_KNOTS('',2,1,((#434,#435),(#436,#437),(#438,#439)),.UNSPECIFIED.,.F.,.F.,.F.,(3,3),(2,2),(0.00000000000000000E0,1.00000000000000000E0),(0.00000000000000000E0,1.00000000000000000E0),.UNSPECIFIED.);
#441=CARTESIAN_POINT('',(5.68570657801536372E-1,5.52655561858351074E-1,1.87026908408355741E0));
#442=CARTESIAN_POINT('',(5.90598181583797399E-1,5.72606167380543485E-1,2.49141061773601447E0));
#443=CARTESIAN_POINT('',(-4.79560662734811460E-2,1.02222548069787122E0,1.82624690419235258E0));
#444=CARTESIAN_POINT('',(-6.44111715249545969E-2,1.02904077521295823E0,2.43435629175696278E0));
#445=CARTESIAN_POINT('',(-6.17624954600364484E-1,4.97254809635336636E-1,1.87546290460446530E0));
#446=CARTESIAN_POINT('',(-6.56961206791326524E-1,4.95134918268517021E-1,2.50109452387501818E0));
#447=B_SPLINE_SURFACE_WITH_KNOTS('',2,1,((#441,#442),(#443,#444),(#445,#446)),.UNSPECIFIED.,.F.,.F.,.F.,(3,3),(2,2),(0.00000000000000000E0,1.00000000000000000E0),(0.00000000000000000E0,1.00000000000000000E0),.UNSPECIFIED.);
#448=CARTESIAN_POINT('',(-6.17624954600364484E-1,4.97254809635336636E-1,1.87546290460446530E0));
#449=CARTESIAN_POINT('',(-6.56961206791326524E-1,4.95134918268517021E-1,2.50109452387501818E0));
#450=CARTESIAN_POINT('',(-1.18729384292724771E0,-2.77158614271979103E-2,1.92467890501657779E0));
#451=CARTESIAN_POINT('',(-1.24951124205769837E0,-3.87709386759241340E-2,2.56783275599307315E0));
#452=CARTESIAN_POINT('',(-5.70767118852230193E-1,-4.97285780266718103E-1,1.96870108490778284E0));
#453=CARTESIAN_POINT('',(-5.94501888948946289E-1,-4.95205546508338867E-1,2.62488708197212484E0));
#454=B_SPLINE_SURFACE_WITH_KNOTS('',2,1,((#448,#449),(#450,#451),(#452,#453)),.UNSPECIFIED.,.F.,.F.,.F.,(3,3),(2,2),(0.00000000000000000E0,1.00000000000000000E0),(0.00000000000000000E0,1.00000000000000000E0),.UNSPECIFIED.);
#455=CARTESIAN_POINT('',(-5.70767118852230193E-1,-4.97285780266718103E-1,1.96870108490778284E0));
#456=CARTESIAN_POINT('',(-5.94501888948946289E-1,-4.95205546508338867E-1,2.62488708197212484E0));
#457=CARTESIAN_POINT('',(4.57596052227873529E-2,-9.66855699106238253E-1,2.01272326479898789E0));
#458=CARTESIAN_POINT('',(6.05074641598058321E-2,-9.51640154340753552E-1,2.68194140795117653E0));
#459=CARTESIAN_POINT('',(6.15428493549670663E-1,-4.41885028043703665E-1,1.96350726438687517E0));
#460=CARTESIAN_POINT('',(6.53057499426177634E-1,-4.17734297396312404E-1,2.61520317583312156E0));
#461=B_SPLINE_SURFACE_WITH_KNOTS('',2,1,((#455,#456),(#457,#458),(#459,#460)),.UNSPECIFIED.,.F.,.F.,.F.,(3,3),(2,2),(0.00000000000000000E0,1.00000000000000000E0),(0.00000000000000000E0,1.00000000000000000E0),.UNSPECIFIED.);
#462=CARTESIAN_POINT('',(6.15428493549670663E-1,-4.41885028043703665E-1,1.96350726438687517E0));
#463=CARTESIAN_POINT('',(6.53057499426177634E-1,-4.17734297396312404E-1,2.61520317583312156E0));
#464=CARTESIAN_POINT('',(1.18509738187655400E0,8.30856430188309236E-2,1.91429126397476246E0));
#465=CARTESIAN_POINT('',(1.24560753469254948E0,1.16171559548128689E-1,2.54846494371506616E0));
#466=CARTESIAN_POINT('',(5.68570657801536372E-1,5.52655561858351074E-1,1.87026908408355741E0));
#467=CARTESIAN_POINT('',(5.90598181583797399E-1,5.72606167380543485E-1,2.49141061773601447E0));
#468=B_SPLINE_SURFACE_WITH_KNOTS('',2,1,((#462,#463),(#464,#465),(#466,#467)),.UNSPECIFIED.,.F.,.F.,.F.,(3,3),(2,2),(0.00000000000000000E0,1.00000000000000000E0),(0.00000000000000000E0,1.00000000000000000E0),.UNSPECIFIED.);
#469=CARTESIAN_POINT('',(1.41318991556373924E-1,1.58927558561450133E-1,1.90718108439264200E0));
#470=CARTESIAN_POINT('',(1.46185655134018572E-1,1.72176774672212568E-1,2.54146429182455602E0));
#471=CARTESIAN_POINT('',(2.95450672575128304E-1,4.15350788515701161E-2,1.91818662936544326E0));
#472=CARTESIAN_POINT('',(3.09937993411206592E-1,5.80681227141088760E-2,2.55572787331931872E0));
#473=CARTESIAN_POINT('',(1.53033450493407497E-1,-8.97075889140635241E-2,1.93049062946847139E0));
#474=CARTESIAN_POINT('',(1.61800484594613631E-1,-7.54083415220014042E-2,2.57241243134883257E0));
#475=B_SPLINE_SURFACE_WITH_KNOTS('',2,1,((#469,#470),(#471,#472),(#473,#474)),.UNSPECIFIED.,.F.,.F.,.F.,(3,3),(2,2),(0.00000000000000000E0,1.00000000000000000E0),(0.00000000000000000E0,1.00000000000000000E0),.UNSPECIFIED.);
#476=CARTESIAN_POINT('',(1.53033450493407497E-1,-8.97075889140635241E-2,1.93049062946847139E0));
#477=CARTESIAN_POINT('',(1.61800484594613631E-1,-7.54083415220014042E-2,2.57241243134883257E0));
#478=CARTESIAN_POINT('',(1.06162284116866658E-2,-2.20950256679697171E-1,1.94279462957149951E0));
#479=CARTESIAN_POINT('',(1.36629757780206713E-2,-2.08884805758111691E-1,2.58909698937834643E0));
#480=CARTESIAN_POINT('',(-1.43515452607067717E-1,-1.03557776969817134E-1,1.93178908459869825E0));
#481=CARTESIAN_POINT('',(-1.50089362499167350E-1,-9.47761538000080062E-2,2.57483340788358372E0));
#482=B_SPLINE_SURFACE_WITH_KNOTS('',2,1,((#476,#477),(#478,#479),(#480,#481)),.UNSPECIFIED.,.F.,.F.,.F.,(3,3),(2,2),(0.00000000000000000E0,1.00000000000000000E0),(0.00000000000000000E0,1.00000000000000000E0),.UNSPECIFIED.);
#483=CARTESIAN_POINT('',(-1.43515452607067717E-1,-1.03557776969817134E-1,1.93178908459869825E0));
#484=CARTESIAN_POINT('',(-1.50089362499167350E-1,-9.47761538000080062E-2,2.57483340788358372E0));
#485=CARTESIAN_POINT('',(-2.97647133625822125E-1,1.38347027400629076E-2,1.92078353962589699E0));
#486=CARTESIAN_POINT('',(-3.13841700776355370E-1,1.93324981580956720E-2,2.56056982638882058E0));
#487=CARTESIAN_POINT('',(-1.55229911544101290E-1,1.45077370505696551E-1,1.90847953952286886E0));
#488=CARTESIAN_POINT('',(-1.65704191959762409E-1,1.52808962394205966E-1,2.54388526835930673E0));
#489=B_SPLINE_SURFACE_WITH_KNOTS('',2,1,((#483,#484),(#485,#486),(#487,#488)),.UNSPECIFIED.,.F.,.F.,.F.,(3,3),(2,2),(0.00000000000000000E0,1.00000000000000000E0),(0.00000000000000000E0,1.00000000000000000E0),.UNSPECIFIED.);
#490=CARTESIAN_POINT('',(-1.55229911544101290E-1,1.45077370505696551E-1,1.90847953952286886E0));
#491=CARTESIAN_POINT('',(-1.65704191959762409E-1,1.52808962394205966E-1,2.54388526835930673E0));
#492=CARTESIAN_POINT('',(-1.28126894623804589E-2,2.76320038271330171E-1,1.89617553941984074E0));
#493=CARTESIAN_POINT('',(-1.75666831431694342E-2,2.86285426630316253E-1,2.52720071032979288E0));
#494=CARTESIAN_POINT('',(1.41318991556373924E-1,1.58927558561450133E-1,1.90718108439264200E0));
#495=CARTESIAN_POINT('',(1.46185655134018572E-1,1.72176774672212568E-1,2.54146429182455602E0));
#496=B_SPLINE_SURFACE_WITH_KNOTS('',2,1,((#490,#491),(#492,#493),(#494,#495)),.UNSPECIFIED.,.F.,.F.,.F.,(3,3),(2,2),(0.00000000000000000E0,1.00000000000000000E0),(0.00000000000000000E0,1.00000000000000000E0),.UNSPECIFIED.);
#497=CARTESIAN_POINT('',(5.90598181583797399E-1,5.72606167380543485E-1,2.49141061773601447E0));
#498=CARTESIAN_POINT('',(6.12176872316239629E-1,5.93639791037324560E-1,3.11131670618900014E0));
#499=CARTESIAN_POINT('',(-6.44111715249545969E-2,1.02904077521295823E0,2.43435629175696278E0));
#500=CARTESIAN_POINT('',(-8.10942057411379175E-2,1.03553558711389337E0,3.04227048805203637E0));
#501=CARTESIAN_POINT('',(-6.56961206791326524E-1,4.95134918268517021E-1,2.50109452387501818E0));
#502=CARTESIAN_POINT('',(-6.96319732408548053E-1,4.92432989597663240E-1,3.12713026891394730E0));
#503=B_SPLINE_SURFACE_WITH_KNOTS('',2,1,((#497,#498),(#499,#500),(#501,#502)),.UNSPECIFIED.,.F.,.F.,.F.,(3,3),(2,2),(0.00000000000000000E0,1.00000000000000000E0),(0.00000000000000000E0,1.00000000000000000E0),.UNSPECIFIED.);
#504=CARTESIAN_POINT('',(-6.56961206791326524E-1,4.95134918268517021E-1,2.50109452387501818E0));
#505=CARTESIAN_POINT('',(-6.96319732408548053E-1,4.92432989597663240E-1,3.12713026891394730E0));
#506=CARTESIAN_POINT('',(-1.24951124205769837E0,-3.87709386759241340E-2,2.56783275599307315E0));
#507=CARTESIAN_POINT('',(-1.31154525907595820E0,-5.06696079185668946E-2,3.21199004977585822E0));
#508=CARTESIAN_POINT('',(-5.94501888948946289E-1,-4.95205546508338867E-1,2.62488708197212484E0));
#509=CARTESIAN_POINT('',(-6.18274181018580782E-1,-4.92565403995135709E-1,3.28103626791282199E0));
#510=B_SPLINE_SURFACE_WITH_KNOTS('',2,1,((#504,#505),(#506,#507),(#508,#509)),.UNSPECIFIED.,.F.,.F.,.F.,(3,3),(2,2),(0.00000000000000000E0,1.00000000000000000E0),(0.00000000000000000E0,1.00000000000000000E0),.UNSPECIFIED.);
#511=CARTESIAN_POINT('',(-5.94501888948946289E-1,-4.95205546508338867E-1,2.62488708197212484E0));
#512=CARTESIAN_POINT('',(-6.18274181018580782E-1,-4.92565403995135709E-1,3.28103626791282199E0));
#513=CARTESIAN_POINT('',(6.05074641598058321E-2,-9.51640154340753552E-1,2.68194140795117653E0));
#514=CARTESIAN_POINT('',(7.49968970387967088E-2,-9.34461200071704523E-1,3.35008248604978620E0));
#515=CARTESIAN_POINT('',(6.53057499426177634E-1,-4.17734297396312404E-1,2.61520317583312156E0));
#516=CARTESIAN_POINT('',(6.90222423706206900E-1,-3.91358602555474333E-1,3.26522270518787527E0));
#517=B_SPLINE_SURFACE_WITH_KNOTS('',2,1,((#511,#512),(#513,#514),(#515,#516)),.UNSPECIFIED.,.F.,.F.,.F.,(3,3),(2,2),(0.00000000000000000E0,1.00000000000000000E0),(0.00000000000000000E0,1.00000000000000000E0),.UNSPECIFIED.);
#518=CARTESIAN_POINT('',(6.53057499426177634E-1,-4.17734297396312404E-1,2.61520317583312156E0));
#519=CARTESIAN_POINT('',(6.90222423706206900E-1,-3.91358602555474333E-1,3.26522270518787527E0));
#520=CARTESIAN_POINT('',(1.24560753469254948E0,1.16171559548128689E-1,2.54846494371506616E0));
#521=CARTESIAN_POINT('',(1.30544795037361716E0,1.51743994960755829E-1,3.18036292432596435E0));
#522=CARTESIAN_POINT('',(5.90598181583797399E-1,5.72606167380543485E-1,2.49141061773601447E0));
#523=CARTESIAN_POINT('',(6.12176872316239629E-1,5.93639791037324560E-1,3.11131670618900014E0));
#524=B_SPLINE_SURFACE_WITH_KNOTS('',2,1,((#518,#519),(#520,#521),(#522,#523)),.UNSPECIFIED.,.F.,.F.,.F.,(3,3),(2,2),(0.00000000000000000E0,1.00000000000000000E0),(0.00000000000000000E0,1.00000000000000000E0),.UNSPECIFIED.);
#525=CARTESIAN_POINT('',(1.46185655134018572E-1,1.72176774672212568E-1,2.54146429182455602E0));
#526=CARTESIAN_POINT('',(1.50757727315681961E-1,1.86312842900151987E-1,3.17496154183543311E0));
#527=CARTESIAN_POINT('',(3.09937993411206592E-1,5.80681227141088760E-2,2.55572787331931872E0));
#528=CARTESIAN_POINT('',(3.24075496830026344E-1,7.58388938810097973E-2,3.19222309636967427E0));
#529=CARTESIAN_POINT('',(1.61800484594613631E-1,-7.54083415220014042E-2,2.57241243134883257E0));
#530=CARTESIAN_POINT('',(1.70269115163173779E-1,-5.99367554980477432E-2,3.21343804158515223E0));
#531=B_SPLINE_SURFACE_WITH_KNOTS('',2,1,((#525,#526),(#527,#528),(#529,#530)),.UNSPECIFIED.,.F.,.F.,.F.,(3,3),(2,2),(0.00000000000000000E0,1.00000000000000000E0),(0.00000000000000000E0,1.00000000000000000E0),.UNSPECIFIED.);
#532=CARTESIAN_POINT('',(1.61800484594613631E-1,-7.54083415220014042E-2,2.57241243134883257E0));
#533=CARTESIAN_POINT('',(1.70269115163173779E-1,-5.99367554980477432E-2,3.21343804158515223E0));
#534=CARTESIAN_POINT('',(1.36629757780206713E-2,-2.08884805758111691E-1,2.58909698937834643E0));
#535=CARTESIAN_POINT('',(1.64627334963212309E-2,-1.95712404877105284E-1,3.23465298680063018E0));
#536=CARTESIAN_POINT('',(-1.50089362499167350E-1,-9.47761538000080062E-2,2.57483340788358372E0));
#537=CARTESIAN_POINT('',(-1.56855036018023142E-1,-8.52384558579630802E-2,3.21739143226638902E0));
#538=B_SPLINE_SURFACE_WITH_KNOTS('',2,1,((#532,#533),(#534,#535),(#536,#537)),.UNSPECIFIED.,.F.,.F.,.F.,(3,3),(2,2),(0.00000000000000000E0,1.00000000000000000E0),(0.00000000000000000E0,1.00000000000000000E0),.UNSPECIFIED.);
#539=CARTESIAN_POINT('',(-1.50089362499167350E-1,-9.47761538000080062E-2,2.57483340788358372E0));
#540=CARTESIAN_POINT('',(-1.56855036018023142E-1,-8.52384558579630802E-2,3.21739143226638902E0));
#541=CARTESIAN_POINT('',(-3.13841700776355370E-1,1.93324981580956720E-2,2.56056982638882058E0));
#542=CARTESIAN_POINT('',(-3.30172805532367497E-1,2.52354931611791164E-2,3.20012987773214785E0));
#543=CARTESIAN_POINT('',(-1.65704191959762409E-1,1.52808962394205966E-1,2.54388526835930673E0));
#544=CARTESIAN_POINT('',(-1.76366423865514960E-1,1.61011142540236657E-1,3.17891493251666990E0));
#545=B_SPLINE_SURFACE_WITH_KNOTS('',2,1,((#539,#540),(#541,#542),(#543,#544)),.UNSPECIFIED.,.F.,.F.,.F.,(3,3),(2,2),(0.00000000000000000E0,1.00000000000000000E0),(0.00000000000000000E0,1.00000000000000000E0),.UNSPECIFIED.);
#546=CARTESIAN_POINT('',(-1.65704191959762409E-1,1.52808962394205966E-1,2.54388526835930673E0));
#547=CARTESIAN_POINT('',(-1.76366423865514960E-1,1.61011142540236657E-1,3.17891493251666990E0));
#548=CARTESIAN_POINT('',(-1.75666831431694342E-2,2.86285426630316253E-1,2.52720071032979288E0));
#549=CARTESIAN_POINT('',(-2.25600421986624257E-2,2.96786791919294191E-1,3.15769998730119239E0));
#550=CARTESIAN_POINT('',(1.46185655134018572E-1,1.72176774672212568E-1,2.54146429182455602E0));
#551=CARTESIAN_POINT('',(1.50757727315681961E-1,1.86312842900151987E-1,3.17496154183543311E0));
#552=B_SPLINE_SURFACE_WITH_KNOTS('',2,1,((#546,#547),(#548,#549),(#550,#551)),.UNSPECIFIED.,.F.,.F.,.F.,(3,3),(2,2),(0.00000000000000000E0,1.00000000000000000E0),(0.00000000000000000E0,1.00000000000000000E0),.UNSPECIFIED.);
#553=CARTESIAN_POINT('',(6.12176872316239629E-1,5.93639791037324560E-1,3.11131670618900014E0));
#554=CARTESIAN_POINT('',(6.33286509545455067E-1,6.15681338272104028E-1,3.72994346350425232E0));
#555=CARTESIAN_POINT('',(-8.10942057411379175E-2,1.03553558711389337E0,3.04227048805203637E0));
#556=CARTESIAN_POINT('',(-9.80008280121775627E-2,1.04170295372838484E0,3.65006441060619968E0));
#557=CARTESIAN_POINT('',(-6.96319732408548053E-1,4.92432989597663240E-1,3.12713026891394730E0));
#558=CARTESIAN_POINT('',(-7.35675434334297385E-1,4.89168482194881793E-1,3.75366462401873147E0));
#559=B_SPLINE_SURFACE_WITH_KNOTS('',2,1,((#553,#554),(#555,#556),(#557,#558)),.UNSPECIFIED.,.F.,.F.,.F.,(3,3),(2,2),(0.00000000000000000E0,1.00000000000000000E0),(0.00000000000000000E0,1.00000000000000000E0),.UNSPECIFIED.);
#560=CARTESIAN_POINT('',(-6.96319732408548053E-1,4.92432989597663240E-1,3.12713026891394730E0));
#561=CARTESIAN_POINT('',(-7.35675434334297385E-1,4.89168482194881793E-1,3.75366462401873147E0));
#562=CARTESIAN_POINT('',(-1.31154525907595820E0,-5.06696079185668946E-2,3.21199004977585822E0));
#563=CARTESIAN_POINT('',(-1.37335004065641719E0,-6.33659893386212814E-2,3.85726483743126325E0));
#564=CARTESIAN_POINT('',(-6.18274181018580782E-1,-4.92565403995135709E-1,3.28103626791282199E0));
#565=CARTESIAN_POINT('',(-6.42062703098784437E-1,-4.89387604794902009E-1,3.93714389032931589E0));
#566=B_SPLINE_SURFACE_WITH_KNOTS('',2,1,((#560,#561),(#562,#563),(#564,#565)),.UNSPECIFIED.,.F.,.F.,.F.,(3,3),(2,2),(0.00000000000000000E0,1.00000000000000000E0),(0.00000000000000000E0,1.00000000000000000E0),.UNSPECIFIED.);
#567=CARTESIAN_POINT('',(-6.18274181018580782E-1,-4.92565403995135709E-1,3.28103626791282199E0));
#568=CARTESIAN_POINT('',(-6.42062703098784437E-1,-4.89387604794902009E-1,3.93714389032931589E0));
#569=CARTESIAN_POINT('',(7.49968970387967088E-2,-9.34461200071704523E-1,3.35008248604978620E0));
#570=CARTESIAN_POINT('',(8.92246344588482204E-2,-9.15409220251182765E-1,4.01702294322736808E0));
#571=CARTESIAN_POINT('',(6.90222423706206900E-1,-3.91358602555474333E-1,3.26522270518787527E0));
#572=CARTESIAN_POINT('',(7.26899240780968015E-1,-3.62874748717679774E-1,3.91342272981483674E0));
#573=B_SPLINE_SURFACE_WITH_KNOTS('',2,1,((#567,#568),(#569,#570),(#571,#572)),.UNSPECIFIED.,.F.,.F.,.F.,(3,3),(2,2),(0.00000000000000000E0,1.00000000000000000E0),(0.00000000000000000E0,1.00000000000000000E0),.UNSPECIFIED.);
#574=CARTESIAN_POINT('',(6.90222423706206900E-1,-3.91358602555474333E-1,3.26522270518787527E0));
#575=CARTESIAN_POINT('',(7.26899240780968015E-1,-3.62874748717679774E-1,3.91342272981483674E0));
#576=CARTESIAN_POINT('',(1.30544795037361716E0,1.51743994960755829E-1,3.18036292432596435E0));
#577=CARTESIAN_POINT('',(1.36457384710308771E0,1.89659722815823245E-1,3.80982251640230496E0));
#578=CARTESIAN_POINT('',(6.12176872316239629E-1,5.93639791037324560E-1,3.11131670618900014E0));
#579=CARTESIAN_POINT('',(6.33286509545455067E-1,6.15681338272104028E-1,3.72994346350425232E0));
#580=B_SPLINE_SURFACE_WITH_KNOTS('',2,1,((#574,#575),(#576,#577),(#578,#579)),.UNSPECIFIED.,.F.,.F.,.F.,(3,3),(2,2),(0.00000000000000000E0,1.00000000000000000E0),(0.00000000000000000E0,1.00000000000000000E0),.UNSPECIFIED.);
#581=CARTESIAN_POINT('',(1.50757727315681961E-1,1.86312842900151987E-1,3.17496154183543311E0));
#582=CARTESIAN_POINT('',(1.55030554803865267E-1,2.01280484621976730E-1,3.80764362356365105E0));
#583=CARTESIAN_POINT('',(3.24075496830026344E-1,7.58388938810097973E-2,3.19222309636967427E0));
#584=CARTESIAN_POINT('',(3.37852389193273428E-1,9.47750807579065546E-2,3.82761338678816410E0));
#585=CARTESIAN_POINT('',(1.70269115163173779E-1,-5.99367554980477432E-2,3.21343804158515223E0));
#586=CARTESIAN_POINT('',(1.78433737612743504E-1,-4.33585371254691931E-2,3.85351344014129715E0));
#587=B_SPLINE_SURFACE_WITH_KNOTS('',2,1,((#581,#582),(#583,#584),(#585,#586)),.UNSPECIFIED.,.F.,.F.,.F.,(3,3),(2,2),(0.00000000000000000E0,1.00000000000000000E0),(0.00000000000000000E0,1.00000000000000000E0),.UNSPECIFIED.);
#588=CARTESIAN_POINT('',(1.70269115163173779E-1,-5.99367554980477432E-2,3.21343804158515223E0));
#589=CARTESIAN_POINT('',(1.78433737612743504E-1,-4.33585371254691931E-2,3.85351344014129715E0));
#590=CARTESIAN_POINT('',(1.64627334963212309E-2,-1.95712404877105284E-1,3.23465298680063018E0));
#591=CARTESIAN_POINT('',(1.90150860322135552E-2,-1.81492155008844941E-1,3.87941349349443021E0));
#592=CARTESIAN_POINT('',(-1.56855036018023142E-1,-8.52384558579630802E-2,3.21739143226638902E0));
#593=CARTESIAN_POINT('',(-1.63806748357194609E-1,-7.49867511447747659E-2,3.85944373026991716E0));
#594=B_SPLINE_SURFACE_WITH_KNOTS('',2,1,((#588,#589),(#590,#591),(#592,#593)),.UNSPECIFIED.,.F.,.F.,.F.,(3,3),(2,2),(0.00000000000000000E0,1.00000000000000000E0),(0.00000000000000000E0,1.00000000000000000E0),.UNSPECIFIED.);
#595=CARTESIAN_POINT('',(-1.56855036018023142E-1,-8.52384558579630802E-2,3.21739143226638902E0));
#596=CARTESIAN_POINT('',(-1.63806748357194609E-1,-7.49867511447747659E-2,3.85944373026991716E0));
#597=CARTESIAN_POINT('',(-3.30172805532367497E-1,2.52354931611791164E-2,3.20012987773214785E0));
#598=CARTESIAN_POINT('',(-3.46628582746602798E-1,3.15186527192954230E-2,3.83947396704540367E0));
#599=CARTESIAN_POINT('',(-1.76366423865514960E-1,1.61011142540236657E-1,3.17891493251666990E0));
#600=CARTESIAN_POINT('',(-1.87209931166072846E-1,1.69652270602671185E-1,3.81357391369227106E0));
#601=B_SPLINE_SURFACE_WITH_KNOTS('',2,1,((#595,#596),(#597,#598),(#599,#600)),.UNSPECIFIED.,.F.,.F.,.F.,(3,3),(2,2),(0.00000000000000000E0,1.00000000000000000E0),(0.00000000000000000E0,1.00000000000000000E0),.UNSPECIFIED.);
#602=CARTESIAN_POINT('',(-1.76366423865514960E-1,1.61011142540236657E-1,3.17891493251666990E0));
#603=CARTESIAN_POINT('',(-1.87209931166072846E-1,1.69652270602671185E-1,3.81357391369227106E0));
#604=CARTESIAN_POINT('',(-2.25600421986624257E-2,2.96786791919294191E-1,3.15769998730119239E0));
#605=CARTESIAN_POINT('',(-2.77912795855428905E-2,3.07785888486046932E-1,3.78767386033913800E0));
#606=CARTESIAN_POINT('',(1.50757727315681961E-1,1.86312842900151987E-1,3.17496154183543311E0));
#607=CARTESIAN_POINT('',(1.55030554803865267E-1,2.01280484621976730E-1,3.80764362356365105E0));
#608=B_SPLINE_SURFACE_WITH_KNOTS('',2,1,((#602,#603),(#604,#605),(#606,#607)),.UNSPECIFIED.,.F.,.F.,.F.,(3,3),(2,2),(0.00000000000000000E0,1.00000000000000000E0),(0.00000000000000000E0,1.00000000000000000E0),.UNSPECIFIED.);
#609=CARTESIAN_POINT('',(6.33286509545455067E-1,6.15681338272104028E-1,3.72994346350425232E0));
#610=CARTESIAN_POINT('',(6.53907065356307382E-1,6.38653651069119199E-1,4.34725581800745253E0));
#611=CARTESIAN_POINT('',(-9.80008280121775627E-2,1.04170295372838484E0,3.65006441060619968E0));
#612=CARTESIAN_POINT('',(-1.15126583423191570E-1,1.04754064645908973E0,4.25781178776589719E0));
#613=CARTESIAN_POINT('',(-7.35675434334297385E-1,4.89168482194881793E-1,3.75366462401873147E0));
#614=CARTESIAN_POINT('',(-7.75003175327368177E-1,4.85365075601005169E-1,4.38078769389110256E0));
#615=B_SPLINE_SURFACE_WITH_KNOTS('',2,1,((#609,#610),(#611,#612),(#613,#614)),.UNSPECIFIED.,.F.,.F.,.F.,(3,3),(2,2),(0.00000000000000000E0,1.00000000000000000E0),(0.00000000000000000E0,1.00000000000000000E0),.UNSPECIFIED.);
#616=CARTESIAN_POINT('',(-7.35675434334297385E-1,4.89168482194881793E-1,3.75366462401873147E0));
#617=CARTESIAN_POINT('',(-7.75003175327368177E-1,4.85365075601005169E-1,4.38078769389110256E0));
#618=CARTESIAN_POINT('',(-1.37335004065641719E0,-6.33659893386212814E-2,3.85726483743126325E0));
#619=CARTESIAN_POINT('',(-1.43487976723154476E0,-7.68104952570793642E-2,4.50376360001630882E0));
#620=CARTESIAN_POINT('',(-6.42062703098784437E-1,-4.89387604794902009E-1,3.93714389032931589E0));
#621=CARTESIAN_POINT('',(-6.65846118452045777E-1,-4.85697490647049923E-1,4.59320763025786505E0));
#622=B_SPLINE_SURFACE_WITH_KNOTS('',2,1,((#616,#617),(#618,#619),(#620,#621)),.UNSPECIFIED.,.F.,.F.,.F.,(3,3),(2,2),(0.00000000000000000E0,1.00000000000000000E0),(0.00000000000000000E0,1.00000000000000000E0),.UNSPECIFIED.);
#623=CARTESIAN_POINT('',(-6.42062703098784437E-1,-4.89387604794902009E-1,3.93714389032931589E0));
#624=CARTESIAN_POINT('',(-6.65846118452045777E-1,-4.85697490647049923E-1,4.59320763025786505E0));
#625=CARTESIAN_POINT('',(8.92246344588482204E-2,-9.15409220251182765E-1,4.01702294322736808E0));
#626=CARTESIAN_POINT('',(1.03187530327453175E-1,-8.94584486037020454E-1,4.68265166049942128E0));
#627=CARTESIAN_POINT('',(7.26899240780968015E-1,-3.62874748717679774E-1,3.91342272981483674E0));
#628=CARTESIAN_POINT('',(7.63064122231629782E-1,-3.32408915178935893E-1,4.55967575437421502E0));
#629=B_SPLINE_SURFACE_WITH_KNOTS('',2,1,((#623,#624),(#625,#626),(#627,#628)),.UNSPECIFIED.,.F.,.F.,.F.,(3,3),(2,2),(0.00000000000000000E0,1.00000000000000000E0),(0.00000000000000000E0,1.00000000000000000E0),.UNSPECIFIED.);
#630=CARTESIAN_POINT('',(7.26899240780968015E-1,-3.62874748717679774E-1,3.91342272981483674E0));
#631=CARTESIAN_POINT('',(7.63064122231629782E-1,-3.32408915178935893E-1,4.55967575437421502E0));
#632=CARTESIAN_POINT('',(1.36457384710308771E0,1.89659722815823245E-1,3.80982251640230496E0));
#633=CARTESIAN_POINT('',(1.42294071413580636E0,2.29766655679148696E-1,4.43669984824900876E0));
#634=CARTESIAN_POINT('',(6.33286509545455067E-1,6.15681338272104028E-1,3.72994346350425232E0));
#635=CARTESIAN_POINT('',(6.53907065356307382E-1,6.38653651069119199E-1,4.34725581800745253E0));
#636=B_SPLINE_SURFACE_WITH_KNOTS('',2,1,((#630,#631),(#632,#633),(#634,#635)),.UNSPECIFIED.,.F.,.F.,.F.,(3,3),(2,2),(0.00000000000000000E0,1.00000000000000000E0),(0.00000000000000000E0,1.00000000000000000E0),.UNSPECIFIED.);
#637=CARTESIAN_POINT('',(1.55030554803865267E-1,2.01280484621976730E-1,3.80764362356365105E0));
#638=CARTESIAN_POINT('',(1.58999621428174948E-1,2.17021972925555806E-1,4.43948774760135745E0));
#639=CARTESIAN_POINT('',(3.37852389193273428E-1,9.47750807579065546E-2,3.82761338678816410E0));
#640=CARTESIAN_POINT('',(3.51258033623049692E-1,1.14800224078063173E-1,4.46184875516174628E0));
#641=CARTESIAN_POINT('',(1.78433737612743504E-1,-4.33585371254691931E-2,3.85351344014129715E0));
#642=CARTESIAN_POINT('',(1.86288885647005548E-1,-2.57436686364579670E-2,4.49259273169304763E0));
#643=B_SPLINE_SURFACE_WITH_KNOTS('',2,1,((#637,#638),(#639,#640),(#641,#642)),.UNSPECIFIED.,.F.,.F.,.F.,(3,3),(2,2),(0.00000000000000000E0,1.00000000000000000E0),(0.00000000000000000E0,1.00000000000000000E0),.UNSPECIFIED.);
#644=CARTESIAN_POINT('',(1.78433737612743504E-1,-4.33585371254691931E-2,3.85351344014129715E0));
#645=CARTESIAN_POINT('',(1.86288885647005548E-1,-2.57436686364579670E-2,4.49259273169304763E0));
#646=CARTESIAN_POINT('',(1.90150860322135552E-2,-1.81492155008844941E-1,3.87941349349443021E0));
#647=CARTESIAN_POINT('',(2.13197376709613994E-2,-1.66287561350979107E-1,4.52333670822434897E0));
#648=CARTESIAN_POINT('',(-1.63806748357194609E-1,-7.49867511447747659E-2,3.85944373026991716E0));
#649=CARTESIAN_POINT('',(-1.70938674523913342E-1,-6.40658125034864745E-2,4.50097570066396013E0));
#650=B_SPLINE_SURFACE_WITH_KNOTS('',2,1,((#644,#645),(#646,#647),(#648,#649)),.UNSPECIFIED.,.F.,.F.,.F.,(3,3),(2,2),(0.00000000000000000E0,1.00000000000000000E0),(0.00000000000000000E0,1.00000000000000000E0),.UNSPECIFIED.);
#651=CARTESIAN_POINT('',(-1.63806748357194609E-1,-7.49867511447747659E-2,3.85944373026991716E0));
#652=CARTESIAN_POINT('',(-1.70938674523913342E-1,-6.40658125034864745E-2,4.50097570066396013E0));
#653=CARTESIAN_POINT('',(-3.46628582746602798E-1,3.15186527192954230E-2,3.83947396704540367E0));
#654=CARTESIAN_POINT('',(-3.63197086718788087E-1,3.81559363440061583E-2,4.47861469310357130E0));
#655=CARTESIAN_POINT('',(-1.87209931166072846E-1,1.69652270602671185E-1,3.81357391369227106E0));
#656=CARTESIAN_POINT('',(-1.98227938742743942E-1,1.78699829058527299E-1,4.44787071657226996E0));
#657=B_SPLINE_SURFACE_WITH_KNOTS('',2,1,((#651,#652),(#653,#654),(#655,#656)),.UNSPECIFIED.,.F.,.F.,.F.,(3,3),(2,2),(0.00000000000000000E0,1.00000000000000000E0),(0.00000000000000000E0,1.00000000000000000E0),.UNSPECIFIED.);
#658=CARTESIAN_POINT('',(-1.87209931166072846E-1,1.69652270602671185E-1,3.81357391369227106E0));
#659=CARTESIAN_POINT('',(-1.98227938742743942E-1,1.78699829058527299E-1,4.44787071657226996E0));
#660=CARTESIAN_POINT('',(-2.77912795855428905E-2,3.07785888486046932E-1,3.78767386033913800E0));
#661=CARTESIAN_POINT('',(-3.32587907666997834E-2,3.19243721773048439E-1,4.41712674004096861E0));
#662=CARTESIAN_POINT('',(1.55030554803865267E-1,2.01280484621976730E-1,3.80764362356365105E0));
#663=CARTESIAN_POINT('',(1.58999621428174948E-1,2.17021972925555806E-1,4.43948774760135745E0));
#664=B_SPLINE_SURFACE_WITH_KNOTS('',2,1,((#658,#659),(#660,#661),(#662,#663)),.UNSPECIFIED.,.F.,.F.,.F.,(3,3),(2,2),(0.00000000000000000E0,1.00000000000000000E0),(0.00000000000000000E0,1.00000000000000000E0),.UNSPECIFIED.);
#665=CARTESIAN_POINT('',(6.53907065356307382E-1,6.38653651069119199E-1,4.34725581800745253E0));
#666=CARTESIAN_POINT('',(6.74018712892806127E-1,6.62478529400392535E-1,4.96322741845045368E0));
#667=CARTESIAN_POINT('',(-1.15126583423191570E-1,1.04754064645908973E0,4.25781178776589719E0));
#668=CARTESIAN_POINT('',(-1.32466904221804432E-1,1.05305089899903304E0,4.86558432605079361E0));
#669=CARTESIAN_POINT('',(-7.75003175327368177E-1,4.85365075601005169E-1,4.38078769389110256E0));
#670=CARTESIAN_POINT('',(-8.14277787951187326E-1,4.81050143073446346E-1,5.00858451503219015E0));
#671=B_SPLINE_SURFACE_WITH_KNOTS('',2,1,((#665,#666),(#667,#668),(#669,#670)),.UNSPECIFIED.,.F.,.F.,.F.,(3,3),(2,2),(0.00000000000000000E0,1.00000000000000000E0),(0.00000000000000000E0,1.00000000000000000E0),.UNSPECIFIED.);
#672=CARTESIAN_POINT('',(-7.75003175327368177E-1,4.85365075601005169E-1,4.38078769389110256E0));
#673=CARTESIAN_POINT('',(-8.14277787951187326E-1,4.81050143073446346E-1,5.00858451503219015E0));
#674=CARTESIAN_POINT('',(-1.43487976723154476E0,-7.68104952570793642E-2,4.50376360001630882E0));
#675=CARTESIAN_POINT('',(-1.49608867168057014E0,-9.09506128521403862E-2,5.15158470401358670E0));
#676=CARTESIAN_POINT('',(-6.65846118452045777E-1,-4.85697490647049923E-1,4.59320763025786505E0));
#677=CARTESIAN_POINT('',(-6.89603054565959606E-1,-4.81522982450780901E-1,5.24922779641324677E0));
#678=B_SPLINE_SURFACE_WITH_KNOTS('',2,1,((#672,#673),(#674,#675),(#676,#677)),.UNSPECIFIED.,.F.,.F.,.F.,(3,3),(2,2),(0.00000000000000000E0,1.00000000000000000E0),(0.00000000000000000E0,1.00000000000000000E0),.UNSPECIFIED.);
#679=CARTESIAN_POINT('',(-6.65846118452045777E-1,-4.85697490647049923E-1,4.59320763025786505E0));
#680=CARTESIAN_POINT('',(-6.89603054565959606E-1,-4.81522982450780901E-1,5.24922779641324677E0));
#681=CARTESIAN_POINT('',(1.03187530327453175E-1,-8.94584486037020454E-1,4.68265166049942128E0));
#682=CARTESIAN_POINT('',(1.16882562548650967E-1,-8.72095352049421457E-1,5.34687088881290684E0));
#683=CARTESIAN_POINT('',(7.63064122231629782E-1,-3.32408915178935893E-1,4.55967575437421502E0));
#684=CARTESIAN_POINT('',(7.98693446278033847E-1,-3.00094596123834711E-1,5.20387069983151029E0));
#685=B_SPLINE_SURFACE_WITH_KNOTS('',2,1,((#679,#680),(#681,#682),(#683,#684)),.UNSPECIFIED.,.F.,.F.,.F.,(3,3),(2,2),(0.00000000000000000E0,1.00000000000000000E0),(0.00000000000000000E0,1.00000000000000000E0),.UNSPECIFIED.);
#686=CARTESIAN_POINT('',(7.63064122231629782E-1,-3.32408915178935893E-1,4.55967575437421502E0));
#687=CARTESIAN_POINT('',(7.98693446278033847E-1,-3.00094596123834711E-1,5.20387069983151029E0));
#688=CARTESIAN_POINT('',(1.42294071413580636E0,2.29766655679148696E-1,4.43669984824900876E0));
#689=CARTESIAN_POINT('',(1.48050433000741677E0,2.71906159801752034E-1,5.06087051085011375E0));
#690=CARTESIAN_POINT('',(6.53907065356307382E-1,6.38653651069119199E-1,4.34725581800745253E0));
#691=CARTESIAN_POINT('',(6.74018712892806127E-1,6.62478529400392535E-1,4.96322741845045368E0));
#692=B_SPLINE_SURFACE_WITH_KNOTS('',2,1,((#686,#687),(#688,#689),(#690,#691)),.UNSPECIFIED.,.F.,.F.,.F.,(3,3),(2,2),(0.00000000000000000E0,1.00000000000000000E0),(0.00000000000000000E0,1.00000000000000000E0),.UNSPECIFIED.);
#693=CARTESIAN_POINT('',(1.58999621428174948E-1,2.17021972925555806E-1,4.43948774760135745E0));
#694=CARTESIAN_POINT('',(1.62660550095768991E-1,2.33477962456202504E-1,5.07047756018650109E0));
#695=CARTESIAN_POINT('',(3.51258033623049692E-1,1.14800224078063173E-1,4.46184875516174628E0));
#696=CARTESIAN_POINT('',(3.64281954374421624E-1,1.35834870056542378E-1,5.09488833328641633E0));
#697=CARTESIAN_POINT('',(1.86288885647005548E-1,-2.57436686364579670E-2,4.49259273169304763E0));
#698=CARTESIAN_POINT('',(1.93829233442075921E-1,-7.16531892485430810E-3,5.13063838053176546E0));
#699=B_SPLINE_SURFACE_WITH_KNOTS('',2,1,((#693,#694),(#695,#696),(#697,#698)),.UNSPECIFIED.,.F.,.F.,.F.,(3,3),(2,2),(0.00000000000000000E0,1.00000000000000000E0),(0.00000000000000000E0,1.00000000000000000E0),.UNSPECIFIED.);
#700=CARTESIAN_POINT('',(1.86288885647005548E-1,-2.57436686364579670E-2,4.49259273169304763E0));
#701=CARTESIAN_POINT('',(1.93829233442075921E-1,-7.16531892485430810E-3,5.13063838053176546E0));
#702=CARTESIAN_POINT('',(2.13197376709613994E-2,-1.66287561350979107E-1,4.52333670822434897E0));
#703=CARTESIAN_POINT('',(2.33765125097301907E-2,-1.50165507906250995E-1,5.16638842777711460E0));
#704=CARTESIAN_POINT('',(-1.70938674523913342E-1,-6.40658125034864745E-2,4.50097570066396013E0));
#705=CARTESIAN_POINT('',(-1.78244891768922442E-1,-5.25224155065908624E-2,5.14197765467719936E0));
#706=B_SPLINE_SURFACE_WITH_KNOTS('',2,1,((#700,#701),(#702,#703),(#704,#705)),.UNSPECIFIED.,.F.,.F.,.F.,(3,3),(2,2),(0.00000000000000000E0,1.00000000000000000E0),(0.00000000000000000E0,1.00000000000000000E0),.UNSPECIFIED.);
#707=CARTESIAN_POINT('',(-1.70938674523913342E-1,-6.40658125034864745E-2,4.50097570066396013E0));
#708=CARTESIAN_POINT('',(-1.78244891768922442E-1,-5.25224155065908624E-2,5.14197765467719936E0));
#709=CARTESIAN_POINT('',(-3.63197086718788087E-1,3.81559363440061583E-2,4.47861469310357130E0));
#710=CARTESIAN_POINT('',(-3.79866296047575103E-1,4.51206768930692698E-2,5.11756688157728412E0));
#711=CARTESIAN_POINT('',(-1.98227938742743942E-1,1.78699829058527299E-1,4.44787071657226996E0));
#712=CARTESIAN_POINT('',(-2.09413575115229372E-1,1.88120865874465942E-1,5.08181683433193498E0));
#713=B_SPLINE_SURFACE_WITH_KNOTS('',2,1,((#707,#708),(#709,#710),(#711,#712)),.UNSPECIFIED.,.F.,.F.,.F.,(3,3),(2,2),(0.00000000000000000E0,1.00000000000000000E0),(0.00000000000000000E0,1.00000000000000000E0),.UNSPECIFIED.);
#714=CARTESIAN_POINT('',(-1.98227938742743942E-1,1.78699829058527299E-1,4.44787071657226996E0));
#715=CARTESIAN_POINT('',(-2.09413575115229372E-1,1.88120865874465942E-1,5.08181683433193498E0));
#716=CARTESIAN_POINT('',(-3.32587907666997834E-2,3.19243721773048439E-1,4.41712674004096861E0));
#717=CARTESIAN_POINT('',(-3.89608541828836558E-2,3.31121054855862629E-1,5.04606678708658585E0));
#718=CARTESIAN_POINT('',(1.58999621428174948E-1,2.17021972925555806E-1,4.43948774760135745E0));
#719=CARTESIAN_POINT('',(1.62660550095768991E-1,2.33477962456202504E-1,5.07047756018650109E0));
#720=B_SPLINE_SURFACE_WITH_KNOTS('',2,1,((#714,#715),(#716,#717),(#718,#719)),.UNSPECIFIED.,.F.,.F.,.F.,(3,3),(2,2),(0.00000000000000000E0,1.00000000000000000E0),(0.00000000000000000E0,1.00000000000000000E0),.UNSPECIFIED.);
#721=CARTESIAN_POINT('',(6.74018712892806127E-1,6.62478529400392535E-1,4.96322741845045368E0));
#722=CARTESIAN_POINT('',(6.93601834809961404E-1,6.87077700250362744E-1,5.57784038435082774E0));
#723=CARTESIAN_POINT('',(-1.32466904221804432E-1,1.05305089899903304E0,4.86558432605079361E0));
#724=CARTESIAN_POINT('',(-1.50017111027716615E-1,1.05824004719225773E0,5.47345097427341987E0));
#725=CARTESIAN_POINT('',(-8.14277787951187326E-1,4.81050143073446346E-1,5.00858451503219015E0));
#726=CARTESIAN_POINT('',(-8.53474084518330955E-1,4.76254177666416423E-1,5.63713450007756300E0));
#727=B_SPLINE_SURFACE_WITH_KNOTS('',2,1,((#721,#722),(#723,#724),(#725,#726)),.UNSPECIFIED.,.F.,.F.,.F.,(3,3),(2,2),(0.00000000000000000E0,1.00000000000000000E0),(0.00000000000000000E0,1.00000000000000000E0),.UNSPECIFIED.);
#728=CARTESIAN_POINT('',(-8.14277787951187326E-1,4.81050143073446346E-1,5.00858451503219015E0));
#729=CARTESIAN_POINT('',(-8.53474084518330955E-1,4.76254177666416423E-1,5.63713450007756300E0));
#730=CARTESIAN_POINT('',(-1.49608867168057014E0,-9.09506128521403862E-2,5.15158470401358670E0));
#731=CARTESIAN_POINT('',(-1.55693105800894527E0,-1.05731691859424923E-1,5.80081802588170525E0));
#732=CARTESIAN_POINT('',(-6.89603054565959606E-1,-4.81522982450780901E-1,5.24922779641324677E0));
#733=CARTESIAN_POINT('',(-7.13312112171267221E-1,-4.76894038801319919E-1,5.90520743595911313E0));
#734=B_SPLINE_SURFACE_WITH_KNOTS('',2,1,((#728,#729),(#730,#731),(#732,#733)),.UNSPECIFIED.,.F.,.F.,.F.,(3,3),(2,2),(0.00000000000000000E0,1.00000000000000000E0),(0.00000000000000000E0,1.00000000000000000E0),.UNSPECIFIED.);
#735=CARTESIAN_POINT('',(-6.89603054565959606E-1,-4.81522982450780901E-1,5.24922779641324677E0));
#736=CARTESIAN_POINT('',(-7.13312112171267221E-1,-4.76894038801319919E-1,5.90520743595911313E0));
#737=CARTESIAN_POINT('',(1.16882562548650967E-1,-8.72095352049421457E-1,5.34687088881290684E0));
#738=CARTESIAN_POINT('',(1.30306833666410798E-1,-8.48056385743214958E-1,6.00959684603652100E0));
#739=CARTESIAN_POINT('',(7.98693446278033847E-1,-3.00094596123834711E-1,5.20387069983151029E0));
#740=CARTESIAN_POINT('',(8.33763807157025139E-1,-2.66070516217373598E-1,5.84591332023237875E0));
#741=B_SPLINE_SURFACE_WITH_KNOTS('',2,1,((#735,#736),(#737,#738),(#739,#740)),.UNSPECIFIED.,.F.,.F.,.F.,(3,3),(2,2),(0.00000000000000000E0,1.00000000000000000E0),(0.00000000000000000E0,1.00000000000000000E0),.UNSPECIFIED.);
#742=CARTESIAN_POINT('',(7.98693446278033847E-1,-3.00094596123834711E-1,5.20387069983151029E0));
#743=CARTESIAN_POINT('',(8.33763807157025139E-1,-2.66070516217373598E-1,5.84591332023237875E0));
#744=CARTESIAN_POINT('',(1.48050433000741677E0,2.71906159801752034E-1,5.06087051085011375E0));
#745=CARTESIAN_POINT('',(1.53722078064763945E0,3.15915353308467761E-1,5.68222979442823561E0));
#746=CARTESIAN_POINT('',(6.74018712892806127E-1,6.62478529400392535E-1,4.96322741845045368E0));
#747=CARTESIAN_POINT('',(6.93601834809961404E-1,6.87077700250362744E-1,5.57784038435082774E0));
#748=B_SPLINE_SURFACE_WITH_KNOTS('',2,1,((#742,#743),(#744,#745),(#746,#747)),.UNSPECIFIED.,.F.,.F.,.F.,(3,3),(2,2),(0.00000000000000000E0,1.00000000000000000E0),(0.00000000000000000E0,1.00000000000000000E0),.UNSPECIFIED.);
#749=CARTESIAN_POINT('',(1.62660550095768991E-1,2.33477962456202504E-1,5.07047756018650109E0));
#750=CARTESIAN_POINT('',(1.66009104692000670E-1,2.50588298105981766E-1,5.70060302870393443E0));
#751=CARTESIAN_POINT('',(3.64281954374421624E-1,1.35834870056542378E-1,5.09488833328641633E0));
#752=CARTESIAN_POINT('',(3.76913841151420181E-1,1.57797711370508020E-1,5.72670038122328684E0));
#753=CARTESIAN_POINT('',(1.93829233442075921E-1,-7.16531892485430810E-3,5.13063838053176546E0));
#754=CARTESIAN_POINT('',(2.01049597778766603E-1,1.23012439890476666E-2,5.76762126267432240E0));
#755=B_SPLINE_SURFACE_WITH_KNOTS('',2,1,((#749,#750),(#751,#752),(#753,#754)),.UNSPECIFIED.,.F.,.F.,.F.,(3,3),(2,2),(0.00000000000000000E0,1.00000000000000000E0),(0.00000000000000000E0,1.00000000000000000E0),.UNSPECIFIED.);
#756=CARTESIAN_POINT('',(1.93829233442075921E-1,-7.16531892485430810E-3,5.13063838053176546E0));
#757=CARTESIAN_POINT('',(2.01049597778766603E-1,1.23012439890476666E-2,5.76762126267432240E0));
#758=CARTESIAN_POINT('',(2.33765125097301907E-2,-1.50165507906250995E-1,5.16638842777711460E0));
#759=CARTESIAN_POINT('',(2.51853544061130113E-2,-1.33195223392412687E-1,5.80854214412535796E0));
#760=CARTESIAN_POINT('',(-1.78244891768922442E-1,-5.25224155065908624E-2,5.14197765467719936E0));
#761=CARTESIAN_POINT('',(-1.85719382053306487E-1,-4.04046366569389276E-2,5.78244479160600555E0));
#762=B_SPLINE_SURFACE_WITH_KNOTS('',2,1,((#756,#757),(#758,#759),(#760,#761)),.UNSPECIFIED.,.F.,.F.,.F.,(3,3),(2,2),(0.00000000000000000E0,1.00000000000000000E0),(0.00000000000000000E0,1.00000000000000000E0),.UNSPECIFIED.);
#763=CARTESIAN_POINT('',(-1.78244891768922442E-1,-5.25224155065908624E-2,5.14197765467719936E0));
#764=CARTESIAN_POINT('',(-1.85719382053306487E-1,-4.04046366569389276E-2,5.78244479160600555E0));
#765=CARTESIAN_POINT('',(-3.79866296047575103E-1,4.51206768930692698E-2,5.11756688157728412E0));
#766=CARTESIAN_POINT('',(-3.96624118512725998E-1,5.23859500785348250E-2,5.75634743908665403E0));
#767=CARTESIAN_POINT('',(-2.09413575115229372E-1,1.88120865874465942E-1,5.08181683433193498E0));
#768=CARTESIAN_POINT('',(-2.20759875140072420E-1,1.97882417459995158E-1,5.71542655763561847E0));
#769=B_SPLINE_SURFACE_WITH_KNOTS('',2,1,((#763,#764),(#765,#766),(#767,#768)),.UNSPECIFIED.,.F.,.F.,.F.,(3,3),(2,2),(0.00000000000000000E0,1.00000000000000000E0),(0.00000000000000000E0,1.00000000000000000E0),.UNSPECIFIED.);
#770=CARTESIAN_POINT('',(-2.09413575115229372E-1,1.88120865874465942E-1,5.08181683433193498E0));
#771=CARTESIAN_POINT('',(-2.20759875140072420E-1,1.97882417459995158E-1,5.71542655763561847E0));
#772=CARTESIAN_POINT('',(-3.89608541828836558E-2,3.31121054855862629E-1,5.04606678708658585E0));
#773=CARTESIAN_POINT('',(-4.48956317674188421E-2,3.43378884841455512E-1,5.67450567618458290E0));
#774=CARTESIAN_POINT('',(1.62660550095768991E-1,2.33477962456202504E-1,5.07047756018650109E0));
#775=CARTESIAN_POINT('',(1.66009104692000670E-1,2.50588298105981766E-1,5.70060302870393443E0));
#776=B_SPLINE_SURFACE_WITH_KNOTS('',2,1,((#770,#771),(#772,#773),(#774,#775)),.UNSPECIFIED.,.F.,.F.,.F.,(3,3),(2,2),(0.00000000000000000E0,1.00000000000000000E0),(0.00000000000000000E0,1.00000000000000000E0),.UNSPECIFIED.);
#777=CARTESIAN_POINT('',(6.93601834809961404E-1,6.87077700250362744E-1,5.57784038435082774E0));
#778=CARTESIAN_POINT('',(7.12637031653671316E-1,7.12373709992822013E-1,6.19108492084443274E0));
#779=CARTESIAN_POINT('',(-1.50017111027716615E-1,1.05824004719225773E0,5.47345097427341987E0));
#780=CARTESIAN_POINT('',(-1.67772414083990101E-1,1.06311809994910544E0,6.08147729898309386E0));
#781=CARTESIAN_POINT('',(-8.53474084518330955E-1,4.76254177666416423E-1,5.63713450007756300E0));
#782=CARTESIAN_POINT('',(-8.92566867048095403E-1,4.71010193305631208E-1,6.26651101980917957E0));
#783=B_SPLINE_SURFACE_WITH_KNOTS('',2,1,((#777,#778),(#779,#780),(#781,#782)),.UNSPECIFIED.,.F.,.F.,.F.,(3,3),(2,2),(0.00000000000000000E0,1.00000000000000000E0),(0.00000000000000000E0,1.00000000000000000E0),.UNSPECIFIED.);
#784=CARTESIAN_POINT('',(-8.53474084518330955E-1,4.76254177666416423E-1,5.63713450007756300E0));
#785=CARTESIAN_POINT('',(-8.92566867048095403E-1,4.71010193305631208E-1,6.26651101980917957E0));
#786=CARTESIAN_POINT('',(-1.55693105800894527E0,-1.05731691859424923E-1,5.80081802588170525E0));
#787=CARTESIAN_POINT('',(-1.61736132001220079E0,-1.21097713337842972E-1,6.45154474063526528E0));
#788=CARTESIAN_POINT('',(-7.13312112171267221E-1,-4.76894038801319919E-1,5.90520743595911313E0));
#789=CARTESIAN_POINT('',(-7.36951874274539454E-1,-4.71842103294126569E-1,6.56115236249660416E0));
#790=B_SPLINE_SURFACE_WITH_KNOTS('',2,1,((#784,#785),(#786,#787),(#788,#789)),.UNSPECIFIED.,.F.,.F.,.F.,(3,3),(2,2),(0.00000000000000000E0,1.00000000000000000E0),(0.00000000000000000E0,1.00000000000000000E0),.UNSPECIFIED.);
#791=CARTESIAN_POINT('',(-7.13312112171267221E-1,-4.76894038801319919E-1,5.90520743595911313E0));
#792=CARTESIAN_POINT('',(-7.36951874274539454E-1,-4.71842103294126569E-1,6.56115236249660416E0));
#793=CARTESIAN_POINT('',(1.30306833666410798E-1,-8.48056385743214958E-1,6.00959684603652100E0));
#794=CARTESIAN_POINT('',(1.43457571463121963E-1,-8.22586493250410111E-1,6.67075998435794304E0));
#795=CARTESIAN_POINT('',(8.33763807157025139E-1,-2.66070516217373598E-1,5.84591332023237875E0));
#796=CARTESIAN_POINT('',(8.68252024427227265E-1,-2.30478586606935792E-1,6.48572626353185733E0));
#797=B_SPLINE_SURFACE_WITH_KNOTS('',2,1,((#791,#792),(#793,#794),(#795,#796)),.UNSPECIFIED.,.F.,.F.,.F.,(3,3),(2,2),(0.00000000000000000E0,1.00000000000000000E0),(0.00000000000000000E0,1.00000000000000000E0),.UNSPECIFIED.);
#798=CARTESIAN_POINT('',(8.33763807157025139E-1,-2.66070516217373598E-1,5.84591332023237875E0));
#799=CARTESIAN_POINT('',(8.68252024427227265E-1,-2.30478586606935792E-1,6.48572626353185733E0));
#800=CARTESIAN_POINT('',(1.53722078064763945E0,3.15915353308467761E-1,5.68222979442823561E0));
#801=CARTESIAN_POINT('',(1.59304647739133265E0,3.61629320036538526E-1,6.30069254270577161E0));
#802=CARTESIAN_POINT('',(6.93601834809961404E-1,6.87077700250362744E-1,5.57784038435082774E0));
#803=CARTESIAN_POINT('',(7.12637031653671316E-1,7.12373709992822013E-1,6.19108492084443274E0));
#804=B_SPLINE_SURFACE_WITH_KNOTS('',2,1,((#798,#799),(#800,#801),(#802,#803)),.UNSPECIFIED.,.F.,.F.,.F.,(3,3),(2,2),(0.00000000000000000E0,1.00000000000000000E0),(0.00000000000000000E0,1.00000000000000000E0),.UNSPECIFIED.);
#805=CARTESIAN_POINT('',(1.66009104692000670E-1,2.50588298105981766E-1,5.70060302870393443E0));
#806=CARTESIAN_POINT('',(1.69041191930592277E-1,2.68292780010216336E-1,6.32986021146399658E0));
#807=CARTESIAN_POINT('',(3.76913841151420181E-1,1.57797711370508020E-1,5.72670038122328684E0));
#808=CARTESIAN_POINT('',(3.89143553365007611E-1,1.80606682521145451E-1,6.35726211692933152E0));
#809=CARTESIAN_POINT('',(2.01049597778766603E-1,1.23012439890476666E-2,5.76762126267432240E0));
#810=CARTESIAN_POINT('',(2.07944940123981264E-1,3.25797058602768780E-2,6.40352054713585339E0));
#811=B_SPLINE_SURFACE_WITH_KNOTS('',2,1,((#805,#806),(#807,#808),(#809,#810)),.UNSPECIFIED.,.F.,.F.,.F.,(3,3),(2,2),(0.00000000000000000E0,1.00000000000000000E0),(0.00000000000000000E0,1.00000000000000000E0),.UNSPECIFIED.);
#812=CARTESIAN_POINT('',(2.01049597778766603E-1,1.23012439890476666E-2,5.76762126267432240E0));
#813=CARTESIAN_POINT('',(2.07944940123981264E-1,3.25797058602768780E-2,6.40352054713585339E0));
#814=CARTESIAN_POINT('',(2.51853544061130113E-2,-1.33195223392412687E-1,5.80854214412535796E0));
#815=CARTESIAN_POINT('',(2.67463268829549426E-2,-1.15447270800591695E-1,6.44977897734237438E0));
#816=CARTESIAN_POINT('',(-1.85719382053306487E-1,-4.04046366569389276E-2,5.78244479160600555E0));
#817=CARTESIAN_POINT('',(-1.93356034551460415E-1,-2.77611733115208092E-2,6.42237707187704032E0));
#818=B_SPLINE_SURFACE_WITH_KNOTS('',2,1,((#812,#813),(#814,#815),(#816,#817)),.UNSPECIFIED.,.F.,.F.,.F.,(3,3),(2,2),(0.00000000000000000E0,1.00000000000000000E0),(0.00000000000000000E0,1.00000000000000000E0),.UNSPECIFIED.);
#819=CARTESIAN_POINT('',(-1.85719382053306487E-1,-4.04046366569389276E-2,5.78244479160600555E0));
#820=CARTESIAN_POINT('',(-1.93356034551460415E-1,-2.77611733115208092E-2,6.42237707187704032E0));
#821=CARTESIAN_POINT('',(-3.96624118512725998E-1,5.23859500785348250E-2,5.75634743908665403E0));
#822=CARTESIAN_POINT('',(-4.13458395985875748E-1,5.99249241775500763E-2,6.39497516641170538E0));
#823=CARTESIAN_POINT('',(-2.20759875140072420E-1,1.97882417459995158E-1,5.71542655763561847E0));
#824=CARTESIAN_POINT('',(-2.32259782744849402E-1,2.07951900838418635E-1,6.34871673620518351E0));
#825=B_SPLINE_SURFACE_WITH_KNOTS('',2,1,((#819,#820),(#821,#822),(#823,#824)),.UNSPECIFIED.,.F.,.F.,.F.,(3,3),(2,2),(0.00000000000000000E0,1.00000000000000000E0),(0.00000000000000000E0,1.00000000000000000E0),.UNSPECIFIED.);
#826=CARTESIAN_POINT('',(-2.20759875140072420E-1,1.97882417459995158E-1,5.71542655763561847E0));
#827=CARTESIAN_POINT('',(-2.32259782744849402E-1,2.07951900838418635E-1,6.34871673620518351E0));
#828=CARTESIAN_POINT('',(-4.48956317674188421E-2,3.43378884841455512E-1,5.67450567618458290E0));
#829=CARTESIAN_POINT('',(-5.10611695038230701E-2,3.55978877499287194E-1,6.30245830599866252E0));
#830=CARTESIAN_POINT('',(1.66009104692000670E-1,2.50588298105981766E-1,5.70060302870393443E0));
#831=CARTESIAN_POINT('',(1.69041191930592277E-1,2.68292780010216336E-1,6.32986021146399658E0));
#832=B_SPLINE_SURFACE_WITH_KNOTS('',2,1,((#826,#827),(#828,#829),(#830,#831)),.UNSPECIFIED.,.F.,.F.,.F.,(3,3),(2,2),(0.00000000000000000E0,1.00000000000000000E0),(0.00000000000000000E0,1.00000000000000000E0),.UNSPECIFIED.);
#833=CARTESIAN_POINT('',(7.12637031653671316E-1,7.12373709992822013E-1,6.19108492084443274E0));
#834=CARTESIAN_POINT('',(7.31105130165722539E-1,7.38290721411249407E-1,6.80295882181231981E0));
#835=CARTESIAN_POINT('',(-1.67772414083990101E-1,1.06311809994910544E0,6.08147729898309386E0));
#836=CARTESIAN_POINT('',(-1.85727914549718015E-1,1.06769826176852400E0,6.68972497981450598E0));
#837=CARTESIAN_POINT('',(-8.92566867048095403E-1,4.71010193305631208E-1,6.26651101980917957E0));
#838=CARTESIAN_POINT('',(-9.31530937233763456E-1,4.65353121556532301E-1,6.89678112176237867E0));
#839=B_SPLINE_SURFACE_WITH_KNOTS('',2,1,((#833,#834),(#835,#836),(#837,#838)),.UNSPECIFIED.,.F.,.F.,.F.,(3,3),(2,2),(0.00000000000000000E0,1.00000000000000000E0),(0.00000000000000000E0,1.00000000000000000E0),.UNSPECIFIED.);
#840=CARTESIAN_POINT('',(-8.92566867048095403E-1,4.71010193305631208E-1,6.26651101980917957E0));
#841=CARTESIAN_POINT('',(-9.31530937233763456E-1,4.65353121556532301E-1,6.89678112176237867E0));
#842=CARTESIAN_POINT('',(-1.61736132001220079E0,-1.21097713337842972E-1,6.45154474063526528E0));
#843=CARTESIAN_POINT('',(-1.67733395991780898E0,-1.36992018655459347E-1,7.10383726371025048E0));
#844=CARTESIAN_POINT('',(-7.36951874274539454E-1,-4.71842103294126569E-1,6.56115236249660416E0));
#845=CARTESIAN_POINT('',(-7.60500915202368510E-1,-4.66399559012734000E-1,7.21707110570806343E0));
#846=B_SPLINE_SURFACE_WITH_KNOTS('',2,1,((#840,#841),(#842,#843),(#844,#845)),.UNSPECIFIED.,.F.,.F.,.F.,(3,3),(2,2),(0.00000000000000000E0,1.00000000000000000E0),(0.00000000000000000E0,1.00000000000000000E0),.UNSPECIFIED.);
#847=CARTESIAN_POINT('',(-7.36951874274539454E-1,-4.71842103294126569E-1,6.56115236249660416E0));
#848=CARTESIAN_POINT('',(-7.60500915202368510E-1,-4.66399559012734000E-1,7.21707110570806343E0));
#849=CARTESIAN_POINT('',(1.43457571463121963E-1,-8.22586493250410111E-1,6.67075998435794304E0));
#850=CARTESIAN_POINT('',(1.56332129513071988E-1,-7.95807099370008597E-1,7.33030494770587726E0));
#851=CARTESIAN_POINT('',(8.68252024427227265E-1,-2.30478586606935792E-1,6.48572626353185733E0));
#852=CARTESIAN_POINT('',(9.02135152197117485E-1,-1.93461959158016922E-1,7.12324880575800456E0));
#853=B_SPLINE_SURFACE_WITH_KNOTS('',2,1,((#847,#848),(#849,#850),(#851,#852)),.UNSPECIFIED.,.F.,.F.,.F.,(3,3),(2,2),(0.00000000000000000E0,1.00000000000000000E0),(0.00000000000000000E0,1.00000000000000000E0),.UNSPECIFIED.);
#854=CARTESIAN_POINT('',(8.68252024427227265E-1,-2.30478586606935792E-1,6.48572626353185733E0));
#855=CARTESIAN_POINT('',(9.02135152197117485E-1,-1.93461959158016922E-1,7.12324880575800456E0));
#856=CARTESIAN_POINT('',(1.59304647739133265E0,3.61629320036538526E-1,6.30069254270577161E0));
#857=CARTESIAN_POINT('',(1.64793817488116301E0,4.08883181053974754E-1,6.91619266381013276E0));
#858=CARTESIAN_POINT('',(7.12637031653671316E-1,7.12373709992822013E-1,6.19108492084443274E0));
#859=CARTESIAN_POINT('',(7.31105130165722539E-1,7.38290721411249407E-1,6.80295882181231981E0));
#860=B_SPLINE_SURFACE_WITH_KNOTS('',2,1,((#854,#855),(#856,#857),(#858,#859)),.UNSPECIFIED.,.F.,.F.,.F.,(3,3),(2,2),(0.00000000000000000E0,1.00000000000000000E0),(0.00000000000000000E0,1.00000000000000000E0),.UNSPECIFIED.);
#861=CARTESIAN_POINT('',(1.69041191930592277E-1,2.68292780010216336E-1,6.32986021146399658E0));
#862=CARTESIAN_POINT('',(1.71752863152688368E-1,2.86531866252255574E-1,6.95825092827322322E0));
#863=CARTESIAN_POINT('',(3.89143553365007611E-1,1.80606682521145451E-1,6.35726211692933152E0));
#864=CARTESIAN_POINT('',(4.00961124331548513E-1,2.04179981162936952E-1,6.98655938877267690E0));
#865=CARTESIAN_POINT('',(2.07944940123981264E-1,3.25797058602768780E-2,6.40352054713585339E0));
#866=CARTESIAN_POINT('',(2.14510368660537132E-1,5.35936961099390333E-2,7.03832342425964441E0));
#867=B_SPLINE_SURFACE_WITH_KNOTS('',2,1,((#861,#862),(#863,#864),(#865,#866)),.UNSPECIFIED.,.F.,.F.,.F.,(3,3),(2,2),(0.00000000000000000E0,1.00000000000000000E0),(0.00000000000000000E0,1.00000000000000000E0),.UNSPECIFIED.);
#868=CARTESIAN_POINT('',(2.07944940123981264E-1,3.25797058602768780E-2,6.40352054713585339E0));
#869=CARTESIAN_POINT('',(2.14510368660537132E-1,5.35936961099390333E-2,7.03832342425964441E0));
#870=CARTESIAN_POINT('',(2.67463268829549426E-2,-1.15447270800591695E-1,6.44977897734237438E0));
#871=CARTESIAN_POINT('',(2.80596129895257437E-2,-9.69925889430588856E-2,7.09008745974661281E0));
#872=CARTESIAN_POINT('',(-1.93356034551460415E-1,-2.77611733115208092E-2,6.42237707187704032E0));
#873=CARTESIAN_POINT('',(-2.01148648189334367E-1,-1.46407038537402293E-2,7.06177899924716002E0));
#874=B_SPLINE_SURFACE_WITH_KNOTS('',2,1,((#868,#869),(#870,#871),(#872,#873)),.UNSPECIFIED.,.F.,.F.,.F.,(3,3),(2,2),(0.00000000000000000E0,1.00000000000000000E0),(0.00000000000000000E0,1.00000000000000000E0),.UNSPECIFIED.);
#875=CARTESIAN_POINT('',(-1.93356034551460415E-1,-2.77611733115208092E-2,6.42237707187704032E0));
#876=CARTESIAN_POINT('',(-2.01148648189334367E-1,-1.46407038537402293E-2,7.06177899924716002E0));
#877=CARTESIAN_POINT('',(-4.13458395985875748E-1,5.99249241775500763E-2,6.39497516641170538E0));
#878=CARTESIAN_POINT('',(-4.30356909368194485E-1,6.77111812355784271E-2,7.03347053874770634E0));
#879=CARTESIAN_POINT('',(-2.32259782744849402E-1,2.07951900838418635E-1,6.34871673620518351E0));
#880=CARTESIAN_POINT('',(-2.43906153697183131E-1,2.18297466288576325E-1,6.98170650326073883E0));
#881=B_SPLINE_SURFACE_WITH_KNOTS('',2,1,((#875,#876),(#877,#878),(#879,#880)),.UNSPECIFIED.,.F.,.F.,.F.,(3,3),(2,2),(0.00000000000000000E0,1.00000000000000000E0),(0.00000000000000000E0,1.00000000000000000E0),.UNSPECIFIED.);
#882=CARTESIAN_POINT('',(-2.32259782744849402E-1,2.07951900838418635E-1,6.34871673620518351E0));
#883=CARTESIAN_POINT('',(-2.43906153697183131E-1,2.18297466288576325E-1,6.98170650326073883E0));
#884=CARTESIAN_POINT('',(-5.10611695038230701E-2,3.55978877499287194E-1,6.30245830599866252E0));
#885=CARTESIAN_POINT('',(-5.74553980261717570E-2,3.68883751341574251E-1,6.92994246777377043E0));
#886=CARTESIAN_POINT('',(1.69041191930592277E-1,2.68292780010216336E-1,6.32986021146399658E0));
#887=CARTESIAN_POINT('',(1.71752863152688368E-1,2.86531866252255574E-1,6.95825092827322322E0));
#888=B_SPLINE_SURFACE_WITH_KNOTS('',2,1,((#882,#883),(#884,#885),(#886,#887)),.UNSPECIFIED.,.F.,.F.,.F.,(3,3),(2,2),(0.00000000000000000E0,1.00000000000000000E0),(0.00000000000000000E0,1.00000000000000000E0),.UNSPECIFIED.);
#889=CARTESIAN_POINT('',(7.31105130165722539E-1,7.38290721411249407E-1,6.80295882181231981E0));
#890=CARTESIAN_POINT('',(7.48987191511000572E-1,7.64755202518233257E-1,7.41346688683654165E0));
#891=CARTESIAN_POINT('',(-1.85727914549718015E-1,1.06769826176852400E0,6.68972497981450598E0));
#892=CARTESIAN_POINT('',(-2.03878605833732712E-1,1.07199642727867173E0,7.29825142755137790E0));
#893=CARTESIAN_POINT('',(-9.31530937233763456E-1,4.65353121556532301E-1,6.89678112176237867E0));
#894=CARTESIAN_POINT('',(-9.70341106416196086E-1,4.59319222799477456E-1,7.52800537923107527E0));
#895=B_SPLINE_SURFACE_WITH_KNOTS('',2,1,((#889,#890),(#891,#892),(#893,#894)),.UNSPECIFIED.,.F.,.F.,.F.,(3,3),(2,2),(0.00000000000000000E0,1.00000000000000000E0),(0.00000000000000000E0,1.00000000000000000E0),.UNSPECIFIED.);
#896=CARTESIAN_POINT('',(-9.31530937233763456E-1,4.65353121556532301E-1,6.89678112176237867E0));
#897=CARTESIAN_POINT('',(-9.70341106416196086E-1,4.59319222799477456E-1,7.52800537923107527E0));
#898=CARTESIAN_POINT('',(-1.67733395991780898E0,-1.36992018655459347E-1,7.10383726371025048E0));
#899=CARTESIAN_POINT('',(-1.73680360699865943E0,-1.53357981679716759E-1,7.75775933091077352E0));
#900=CARTESIAN_POINT('',(-7.60500915202368510E-1,-4.66399559012734000E-1,7.21707110570806343E0));
#901=CARTESIAN_POINT('',(-7.83937809653926121E-1,-4.60599206440155173E-1,7.87297479019593816E0));
#902=B_SPLINE_SURFACE_WITH_KNOTS('',2,1,((#896,#897),(#898,#899),(#900,#901)),.UNSPECIFIED.,.F.,.F.,.F.,(3,3),(2,2),(0.00000000000000000E0,1.00000000000000000E0),(0.00000000000000000E0,1.00000000000000000E0),.UNSPECIFIED.);
#903=CARTESIAN_POINT('',(-7.60500915202368510E-1,-4.66399559012734000E-1,7.21707110570806343E0));
#904=CARTESIAN_POINT('',(-7.83937809653926121E-1,-4.60599206440155173E-1,7.87297479019593816E0));
#905=CARTESIAN_POINT('',(1.56332129513071988E-1,-7.95807099370008597E-1,7.33030494770587726E0));
#906=CARTESIAN_POINT('',(1.68927987690807108E-1,-7.67840431200593643E-1,7.98819024948110190E0));
#907=CARTESIAN_POINT('',(9.02135152197117485E-1,-1.93461959158016922E-1,7.12324880575800456E0));
#908=CARTESIAN_POINT('',(9.35390488273270537E-1,-1.55163226721399455E-1,7.75843629780140454E0));
#909=B_SPLINE_SURFACE_WITH_KNOTS('',2,1,((#903,#904),(#905,#906),(#907,#908)),.UNSPECIFIED.,.F.,.F.,.F.,(3,3),(2,2),(0.00000000000000000E0,1.00000000000000000E0),(0.00000000000000000E0,1.00000000000000000E0),.UNSPECIFIED.);
#910=CARTESIAN_POINT('',(9.02135152197117485E-1,-1.93461959158016922E-1,7.12324880575800456E0));
#911=CARTESIAN_POINT('',(9.35390488273270537E-1,-1.55163226721399455E-1,7.75843629780140454E0));
#912=CARTESIAN_POINT('',(1.64793817488116301E0,4.08883181053974754E-1,6.91619266381013276E0));
#913=CARTESIAN_POINT('',(1.70185298885573388E0,4.57513977757794732E-1,7.52868234612170628E0));
#914=CARTESIAN_POINT('',(7.31105130165722539E-1,7.38290721411249407E-1,6.80295882181231981E0));
#915=CARTESIAN_POINT('',(7.48987191511000572E-1,7.64755202518233257E-1,7.41346688683654165E0));
#916=B_SPLINE_SURFACE_WITH_KNOTS('',2,1,((#910,#911),(#912,#913),(#914,#915)),.UNSPECIFIED.,.F.,.F.,.F.,(3,3),(2,2),(0.00000000000000000E0,1.00000000000000000E0),(0.00000000000000000E0,1.00000000000000000E0),.UNSPECIFIED.);
#917=CARTESIAN_POINT('',(1.71752863152688368E-1,2.86531866252255574E-1,6.95825092827322322E0));
#918=CARTESIAN_POINT('',(1.74140316074153062E-1,3.05247299158837526E-1,7.58578235059631556E0));
#919=CARTESIAN_POINT('',(4.00961124331548513E-1,2.04179981162936952E-1,6.98655938877267690E0));
#920=CARTESIAN_POINT('',(4.12356765410336390E-1,2.28436992968727937E-1,7.61458621541760650E0));
#921=CARTESIAN_POINT('',(2.14510368660537132E-1,5.35936961099390333E-2,7.03832342425964441E0));
#922=CARTESIAN_POINT('',(2.20741140264720526E-1,7.52676918489293689E-2,7.67202470333753084E0));
#923=B_SPLINE_SURFACE_WITH_KNOTS('',2,1,((#917,#918),(#919,#920),(#921,#922)),.UNSPECIFIED.,.F.,.F.,.F.,(3,3),(2,2),(0.00000000000000000E0,1.00000000000000000E0),(0.00000000000000000E0,1.00000000000000000E0),.UNSPECIFIED.);
#924=CARTESIAN_POINT('',(2.14510368660537132E-1,5.35936961099390333E-2,7.03832342425964441E0));
#925=CARTESIAN_POINT('',(2.20741140264720526E-1,7.52676918489293689E-2,7.67202470333753084E0));
#926=CARTESIAN_POINT('',(2.80596129895257437E-2,-9.69925889430588856E-2,7.09008745974661281E0));
#927=CARTESIAN_POINT('',(2.91255151191046752E-2,-7.79016092708691849E-2,7.72946319125745518E0));
#928=CARTESIAN_POINT('',(-2.01148648189334367E-1,-1.46407038537402293E-2,7.06177899924716002E0));
#929=CARTESIAN_POINT('',(-2.09090934217078639E-1,-1.09130308075955362E-3,7.70065932643616424E0));
#930=B_SPLINE_SURFACE_WITH_KNOTS('',2,1,((#924,#925),(#926,#927),(#928,#929)),.UNSPECIFIED.,.F.,.F.,.F.,(3,3),(2,2),(0.00000000000000000E0,1.00000000000000000E0),(0.00000000000000000E0,1.00000000000000000E0),.UNSPECIFIED.);
#931=CARTESIAN_POINT('',(-2.01148648189334367E-1,-1.46407038537402293E-2,7.06177899924716002E0));
#932=CARTESIAN_POINT('',(-2.09090934217078639E-1,-1.09130308075955362E-3,7.70065932643616424E0));
#933=CARTESIAN_POINT('',(-4.30356909368194485E-1,6.77111812355784271E-2,7.03347053874770634E0));
#934=CARTESIAN_POINT('',(-4.47307383553261939E-1,7.57190031093500776E-2,7.67185546161487331E0));
#935=CARTESIAN_POINT('',(-2.43906153697183131E-1,2.18297466288576325E-1,6.98170650326073883E0));
#936=CARTESIAN_POINT('',(-2.55691758407646130E-1,2.28888304229148631E-1,7.61441697369494896E0));
#937=B_SPLINE_SURFACE_WITH_KNOTS('',2,1,((#931,#932),(#933,#934),(#935,#936)),.UNSPECIFIED.,.F.,.F.,.F.,(3,3),(2,2),(0.00000000000000000E0,1.00000000000000000E0),(0.00000000000000000E0,1.00000000000000000E0),.UNSPECIFIED.);
#938=CARTESIAN_POINT('',(-2.43906153697183131E-1,2.18297466288576325E-1,6.98170650326073883E0));
#939=CARTESIAN_POINT('',(-2.55691758407646130E-1,2.28888304229148631E-1,7.61441697369494896E0));
#940=CARTESIAN_POINT('',(-5.74553980261717570E-2,3.68883751341574251E-1,6.92994246777377043E0));
#941=CARTESIAN_POINT('',(-6.40761332620302798E-2,3.82057605348947171E-1,7.55697848577502462E0));
#942=CARTESIAN_POINT('',(1.71752863152688368E-1,2.86531866252255574E-1,6.95825092827322322E0));
#943=CARTESIAN_POINT('',(1.74140316074153062E-1,3.05247299158837526E-1,7.58578235059631556E0));
#944=B_SPLINE_SURFACE_WITH_KNOTS('',2,1,((#938,#939),(#940,#941),(#942,#943)),.UNSPECIFIED.,.F.,.F.,.F.,(3,3),(2,2),(0.00000000000000000E0,1.00000000000000000E0),(0.00000000000000000E0,1.00000000000000000E0),.UNSPECIFIED.);
#945=CARTESIAN_POINT('',(7.48987191511000572E-1,7.64755202518233257E-1,7.41346688683654165E0));
#946=CARTESIAN_POINT('',(7.66264519424042390E-1,7.91696500108902357E-1,8.02262027779679165E0));
#947=CARTESIAN_POINT('',(-2.03878605833732712E-1,1.07199642727867173E0,7.29825142755137790E0));
#948=CARTESIAN_POINT('',(-2.22219374968992772E-1,1.07603066696084881E0,7.90710952251318755E0));
#949=CARTESIAN_POINT('',(-9.70341106416196086E-1,4.59319222799477456E-1,7.52800537923107527E0));
#950=CARTESIAN_POINT('',(-1.00897220556038913E0,4.52945527783474300E-1,8.16023786030399556E0));
#951=B_SPLINE_SURFACE_WITH_KNOTS('',2,1,((#945,#946),(#947,#948),(#949,#950)),.UNSPECIFIED.,.F.,.F.,.F.,(3,3),(2,2),(0.00000000000000000E0,1.00000000000000000E0),(0.00000000000000000E0,1.00000000000000000E0),.UNSPECIFIED.);
#952=CARTESIAN_POINT('',(-9.70341106416196086E-1,4.59319222799477456E-1,7.52800537923107527E0));
#953=CARTESIAN_POINT('',(-1.00897220556038913E0,4.52945527783474300E-1,8.16023786030399556E0));
#954=CARTESIAN_POINT('',(-1.73680360699865943E0,-1.53357981679716759E-1,7.75775933091077352E0));
#955=CARTESIAN_POINT('',(-1.79572503615178536E0,-1.70139611393900159E-1,8.41336619809480446E0));
#956=CARTESIAN_POINT('',(-7.83937809653926121E-1,-4.60599206440155173E-1,7.87297479019593816E0));
#957=CARTESIAN_POINT('',(-8.07241141758750280E-1,-4.54473778245846671E-1,8.52887695337840768E0));
#958=B_SPLINE_SURFACE_WITH_KNOTS('',2,1,((#952,#953),(#954,#955),(#956,#957)),.UNSPECIFIED.,.F.,.F.,.F.,(3,3),(2,2),(0.00000000000000000E0,1.00000000000000000E0),(0.00000000000000000E0,1.00000000000000000E0),.UNSPECIFIED.);
#959=CARTESIAN_POINT('',(-7.83937809653926121E-1,-4.60599206440155173E-1,7.87297479019593816E0));
#960=CARTESIAN_POINT('',(-8.07241141758750280E-1,-4.54473778245846671E-1,8.52887695337840768E0));
#961=CARTESIAN_POINT('',(1.68927987690807108E-1,-7.67840431200593643E-1,7.98819024948110190E0));
#962=CARTESIAN_POINT('',(1.81242752634284882E-1,-7.38807945097793128E-1,8.64438770866201089E0));
#963=CARTESIAN_POINT('',(9.35390488273270537E-1,-1.55163226721399455E-1,7.75843629780140454E0));
#964=CARTESIAN_POINT('',(9.67995583225681133E-1,-1.15722805920418614E-1,8.39125937087120377E0));
#965=B_SPLINE_SURFACE_WITH_KNOTS('',2,1,((#959,#960),(#961,#962),(#963,#964)),.UNSPECIFIED.,.F.,.F.,.F.,(3,3),(2,2),(0.00000000000000000E0,1.00000000000000000E0),(0.00000000000000000E0,1.00000000000000000E0),.UNSPECIFIED.);
#966=CARTESIAN_POINT('',(9.35390488273270537E-1,-1.55163226721399455E-1,7.75843629780140454E0));
#967=CARTESIAN_POINT('',(9.67995583225681133E-1,-1.15722805920418614E-1,8.39125937087120377E0));
#968=CARTESIAN_POINT('',(1.70185298885573388E0,4.57513977757794732E-1,7.52868234612170628E0));
#969=CARTESIAN_POINT('',(1.75474841381707747E0,5.07362333256955900E-1,8.13813103308039487E0));
#970=CARTESIAN_POINT('',(7.48987191511000572E-1,7.64755202518233257E-1,7.41346688683654165E0));
#971=CARTESIAN_POINT('',(7.66264519424042390E-1,7.91696500108902357E-1,8.02262027779679165E0));
#972=B_SPLINE_SURFACE_WITH_KNOTS('',2,1,((#966,#967),(#968,#969),(#970,#971)),.UNSPECIFIED.,.F.,.F.,.F.,(3,3),(2,2),(0.00000000000000000E0,1.00000000000000000E0),(0.00000000000000000E0,1.00000000000000000E0),.UNSPECIFIED.);
#973=CARTESIAN_POINT('',(1.74140316074153062E-1,3.05247299158837526E-1,7.58578235059631556E0));
#974=CARTESIAN_POINT('',(1.76199896480495138E-1,3.24382645725871499E-1,8.21246653113989744E0));
#975=CARTESIAN_POINT('',(4.12356765410336390E-1,2.28436992968727937E-1,7.61458621541760650E0));
#976=CARTESIAN_POINT('',(4.23320870078753908E-1,2.53299104012884857E-1,8.24134421996079780E0));
#977=CARTESIAN_POINT('',(2.20741140264720526E-1,7.52676918489293689E-2,7.67202470333753084E0));
#978=CARTESIAN_POINT('',(2.26632662430904824E-1,9.75278192185412285E-2,8.30462630440850091E0));
#979=B_SPLINE_SURFACE_WITH_KNOTS('',2,1,((#973,#974),(#975,#976),(#977,#978)),.UNSPECIFIED.,.F.,.F.,.F.,(3,3),(2,2),(0.00000000000000000E0,1.00000000000000000E0),(0.00000000000000000E0,1.00000000000000000E0),.UNSPECIFIED.);
#980=CARTESIAN_POINT('',(2.20741140264720526E-1,7.52676918489293689E-2,7.67202470333753084E0));
#981=CARTESIAN_POINT('',(2.26632662430904824E-1,9.75278192185412285E-2,8.30462630440850091E0));
#982=CARTESIAN_POINT('',(2.91255151191046752E-2,-7.79016092708691849E-2,7.72946319125745518E0));
#983=CARTESIAN_POINT('',(2.99444547830557649E-2,-5.82434655758024000E-2,8.36790838885620225E0));
#984=CARTESIAN_POINT('',(-2.09090934217078639E-1,-1.09130308075955362E-3,7.70065932643616424E0));
#985=CARTESIAN_POINT('',(-2.17176518815203029E-1,1.28400761371842212E-2,8.33903070003530189E0));
#986=B_SPLINE_SURFACE_WITH_KNOTS('',2,1,((#980,#981),(#982,#983),(#984,#985)),.UNSPECIFIED.,.F.,.F.,.F.,(3,3),(2,2),(0.00000000000000000E0,1.00000000000000000E0),(0.00000000000000000E0,1.00000000000000000E0),.UNSPECIFIED.);
#987=CARTESIAN_POINT('',(-2.09090934217078639E-1,-1.09130308075955362E-3,7.70065932643616424E0));
#988=CARTESIAN_POINT('',(-2.17176518815203029E-1,1.28400761371842212E-2,8.33903070003530189E0));
#989=CARTESIAN_POINT('',(-4.47307383553261939E-1,7.57190031093500776E-2,7.67185546161487331E0));
#990=CARTESIAN_POINT('',(-4.64297492413461799E-1,8.39236178501708424E-2,8.31015301121439975E0));
#991=CARTESIAN_POINT('',(-2.55691758407646130E-1,2.28888304229148631E-1,7.61441697369494896E0));
#992=CARTESIAN_POINT('',(-2.67609284765612743E-1,2.39694902644514457E-1,8.24687092676669842E0));
#993=B_SPLINE_SURFACE_WITH_KNOTS('',2,1,((#987,#988),(#989,#990),(#991,#992)),.UNSPECIFIED.,.F.,.F.,.F.,(3,3),(2,2),(0.00000000000000000E0,1.00000000000000000E0),(0.00000000000000000E0,1.00000000000000000E0),.UNSPECIFIED.);
#994=CARTESIAN_POINT('',(-2.55691758407646130E-1,2.28888304229148631E-1,7.61441697369494896E0));
#995=CARTESIAN_POINT('',(-2.67609284765612743E-1,2.39694902644514457E-1,8.24687092676669842E0));
#996=CARTESIAN_POINT('',(-6.40761332620302798E-2,3.82057605348947171E-1,7.55697848577502462E0));
#997=CARTESIAN_POINT('',(-7.09210771177636451E-2,3.95466187438858086E-1,8.18358884231899708E0));
#998=CARTESIAN_POINT('',(1.74140316074153062E-1,3.05247299158837526E-1,7.58578235059631556E0));
#999=CARTESIAN_POINT('',(1.76199896480495138E-1,3.24382645725871499E-1,8.21246653113989744E0));
#1000=B_SPLINE_SURFACE_WITH_KNOTS('',2,1,((#994,#995),(#996,#997),(#998,#999)),.UNSPECIFIED.,.F.,.F.,.F.,(3,3),(2,2),(0.00000000000000000E0,1.00000000000000000E0),(0.00000000000000000E0,1.00000000000000000E0),.UNSPECIFIED.);
#1001=CARTESIAN_POINT('',(7.66264519424042390E-1,7.91696500108902357E-1,8.02262027779679165E0));
#1002=CARTESIAN_POINT('',(7.82918668272073681E-1,8.19047296316135931E-1,8.63043583984608631E0));
#1003=CARTESIAN_POINT('',(-2.22219374968992772E-1,1.07603066696084881E0,7.90710952251318755E0));
#1004=CARTESIAN_POINT('',(-2.40745004027276943E-1,1.07982072111458671E0,8.51634746649676444E0));
#1005=CARTESIAN_POINT('',(-1.00897220556038913E0,4.52945527783474300E-1,8.16023786030399556E0));
#1006=CARTESIAN_POINT('',(-1.04739909523161745E0,4.46269322320676454E-1,8.79352620346909930E0));
#1007=B_SPLINE_SURFACE_WITH_KNOTS('',2,1,((#1001,#1002),(#1003,#1004),(#1005,#1006)),.UNSPECIFIED.,.F.,.F.,.F.,(3,3),(2,2),(0.00000000000000000E0,1.00000000000000000E0),(0.00000000000000000E0,1.00000000000000000E0),.UNSPECIFIED.);
#1008=CARTESIAN_POINT('',(-1.00897220556038913E0,4.52945527783474300E-1,8.16023786030399556E0));
#1009=CARTESIAN_POINT('',(-1.04739909523161745E0,4.46269322320676454E-1,8.79352620346909930E0));
#1010=CARTESIAN_POINT('',(-1.79572503615178536E0,-1.70139611393900159E-1,8.41336619809480446E0));
#1011=CARTESIAN_POINT('',(-1.85405318643595796E0,-1.87282076473233805E-1,9.07070494044143594E0));
#1012=CARTESIAN_POINT('',(-8.07241141758750280E-1,-4.54473778245846671E-1,8.52887695337840768E0));
#1013=CARTESIAN_POINT('',(-8.30389514136607221E-1,-4.48055501271684642E-1,9.18479331379075958E0));
#1014=B_SPLINE_SURFACE_WITH_KNOTS('',2,1,((#1008,#1009),(#1010,#1011),(#1012,#1013)),.UNSPECIFIED.,.F.,.F.,.F.,(3,3),(2,2),(0.00000000000000000E0,1.00000000000000000E0),(0.00000000000000000E0,1.00000000000000000E0),.UNSPECIFIED.);
#1015=CARTESIAN_POINT('',(-8.07241141758750280E-1,-4.54473778245846671E-1,8.52887695337840768E0));
#1016=CARTESIAN_POINT('',(-8.30389514136607221E-1,-4.48055501271684642E-1,9.18479331379075958E0));
#1017=CARTESIAN_POINT('',(1.81242752634284882E-1,-7.38807945097793128E-1,8.64438770866201089E0));
#1018=CARTESIAN_POINT('',(1.93274158162743459E-1,-7.08828926070135479E-1,9.29888168714008145E0));
#1019=CARTESIAN_POINT('',(9.67995583225681133E-1,-1.15722805920418614E-1,8.39125937087120377E0));
#1020=CARTESIAN_POINT('',(9.99928249367083910E-1,-7.52775272762252201E-2,9.02170295016774482E0));
#1021=B_SPLINE_SURFACE_WITH_KNOTS('',2,1,((#1015,#1016),(#1017,#1018),(#1019,#1020)),.UNSPECIFIED.,.F.,.F.,.F.,(3,3),(2,2),(0.00000000000000000E0,1.00000000000000000E0),(0.00000000000000000E0,1.00000000000000000E0),.UNSPECIFIED.);
#1022=CARTESIAN_POINT('',(9.67995583225681133E-1,-1.15722805920418614E-1,8.39125937087120377E0));
#1023=CARTESIAN_POINT('',(9.99928249367083910E-1,-7.52775272762252201E-2,9.02170295016774482E0));
#1024=CARTESIAN_POINT('',(1.75474841381707747E0,5.07362333256955900E-1,8.13813103308039487E0));
#1025=CARTESIAN_POINT('',(1.80658234057142431E0,5.58273871517685039E-1,8.74452421319540818E0));
#1026=CARTESIAN_POINT('',(7.66264519424042390E-1,7.91696500108902357E-1,8.02262027779679165E0));
#1027=CARTESIAN_POINT('',(7.82918668272073681E-1,8.19047296316135931E-1,8.63043583984608631E0));
#1028=B_SPLINE_SURFACE_WITH_KNOTS('',2,1,((#1022,#1023),(#1024,#1025),(#1026,#1027)),.UNSPECIFIED.,.F.,.F.,.F.,(3,3),(2,2),(0.00000000000000000E0,1.00000000000000000E0),(0.00000000000000000E0,1.00000000000000000E0),.UNSPECIFIED.);
#1029=CARTESIAN_POINT('',(1.76199896480495138E-1,3.24382645725871499E-1,8.21246653113989744E0));
#1030=CARTESIAN_POINT('',(1.77928099868818357E-1,3.43883747220703140E-1,8.83831989257533834E0));
#1031=CARTESIAN_POINT('',(4.23320870078753908E-1,2.53299104012884857E-1,8.24134421996079780E0));
#1032=CARTESIAN_POINT('',(4.33844017943656013E-1,2.78690391021090444E-1,8.86684198591266970E0));
#1033=CARTESIAN_POINT('',(2.26632662430904824E-1,9.75278192185412285E-2,8.30462630440850091E0));
#1034=CARTESIAN_POINT('',(2.32180495142570914E-1,1.20302541322612866E-1,8.93613667015575430E0));
#1035=B_SPLINE_SURFACE_WITH_KNOTS('',2,1,((#1029,#1030),(#1031,#1032),(#1033,#1034)),.UNSPECIFIED.,.F.,.F.,.F.,(3,3),(2,2),(0.00000000000000000E0,1.00000000000000000E0),(0.00000000000000000E0,1.00000000000000000E0),.UNSPECIFIED.);
#1036=CARTESIAN_POINT('',(2.26632662430904824E-1,9.75278192185412285E-2,8.30462630440850091E0));
#1037=CARTESIAN_POINT('',(2.32180495142570914E-1,1.20302541322612866E-1,8.93613667015575430E0));
#1038=CARTESIAN_POINT('',(2.99444547830557649E-2,-5.82434655758024000E-2,8.36790838885620225E0));
#1039=CARTESIAN_POINT('',(3.05169723414858082E-2,-3.80853083758646987E-2,9.00543135439883713E0));
#1040=CARTESIAN_POINT('',(-2.17176518815203029E-1,1.28400761371842212E-2,8.33903070003530189E0));
#1041=CARTESIAN_POINT('',(-2.25398945733351869E-1,2.71080478237480105E-2,8.97690926106150755E0));
#1042=B_SPLINE_SURFACE_WITH_KNOTS('',2,1,((#1036,#1037),(#1038,#1039),(#1040,#1041)),.UNSPECIFIED.,.F.,.F.,.F.,(3,3),(2,2),(0.00000000000000000E0,1.00000000000000000E0),(0.00000000000000000E0,1.00000000000000000E0),.UNSPECIFIED.);
#1043=CARTESIAN_POINT('',(-2.17176518815203029E-1,1.28400761371842212E-2,8.33903070003530189E0));
#1044=CARTESIAN_POINT('',(-2.25398945733351869E-1,2.71080478237480105E-2,8.97690926106150755E0));
#1045=CARTESIAN_POINT('',(-4.64297492413461799E-1,8.39236178501708424E-2,8.31015301121439975E0));
#1046=CARTESIAN_POINT('',(-4.81314863808189553E-1,9.23014040233607197E-2,8.94838716772417619E0));
#1047=CARTESIAN_POINT('',(-2.67609284765612743E-1,2.39694902644514457E-1,8.24687092676669842E0));
#1048=CARTESIAN_POINT('',(-2.79651341007104426E-1,2.50689253721838312E-1,8.87909248348109159E0));
#1049=B_SPLINE_SURFACE_WITH_KNOTS('',2,1,((#1043,#1044),(#1045,#1046),(#1047,#1048)),.UNSPECIFIED.,.F.,.F.,.F.,(3,3),(2,2),(0.00000000000000000E0,1.00000000000000000E0),(0.00000000000000000E0,1.00000000000000000E0),.UNSPECIFIED.);
#1050=CARTESIAN_POINT('',(-2.67609284765612743E-1,2.39694902644514457E-1,8.24687092676669842E0));
#1051=CARTESIAN_POINT('',(-2.79651341007104426E-1,2.50689253721838312E-1,8.87909248348109159E0));
#1052=CARTESIAN_POINT('',(-7.09210771177636451E-2,3.95466187438858086E-1,8.18358884231899708E0));
#1053=CARTESIAN_POINT('',(-7.79878182060192854E-2,4.09077103420315891E-1,8.80979779923800876E0));
#1054=CARTESIAN_POINT('',(1.76199896480495138E-1,3.24382645725871499E-1,8.21246653113989744E0));
#1055=CARTESIAN_POINT('',(1.77928099868818357E-1,3.43883747220703140E-1,8.83831989257533834E0));
#1056=B_SPLINE_SURFACE_WITH_KNOTS('',2,1,((#1050,#1051),(#1052,#1053),(#1054,#1055)),.UNSPECIFIED.,.F.,.F.,.F.,(3,3),(2,2),(0.00000000000000000E0,1.00000000000000000E0),(0.00000000000000000E0,1.00000000000000000E0),.UNSPECIFIED.);
#1057=CARTESIAN_POINT('',(7.82918668272073681E-1,8.19047296316135931E-1,8.63043583984608631E0));
#1058=CARTESIAN_POINT('',(7.98931451031716922E-1,8.46743951055460187E-1,9.23693540937447644E0));
#1059=CARTESIAN_POINT('',(-2.40745004027276943E-1,1.07982072111458671E0,8.51634746649676444E0));
#1060=CARTESIAN_POINT('',(-2.59450171573797961E-1,1.08338751642801201E0,9.12600873810609237E0));
#1061=CARTESIAN_POINT('',(-1.04739909523161745E0,4.46269322320676454E-1,8.79352620346909930E0));
#1062=CARTESIAN_POINT('',(-1.08559667556780148E0,4.39327684486829906E-1,9.42791178432852206E0));
#1063=B_SPLINE_SURFACE_WITH_KNOTS('',2,1,((#1057,#1058),(#1059,#1060),(#1061,#1062)),.UNSPECIFIED.,.F.,.F.,.F.,(3,3),(2,2),(0.00000000000000000E0,1.00000000000000000E0),(0.00000000000000000E0,1.00000000000000000E0),.UNSPECIFIED.);
#1064=CARTESIAN_POINT('',(-1.04739909523161745E0,4.46269322320676454E-1,8.79352620346909930E0));
#1065=CARTESIAN_POINT('',(-1.08559667556780148E0,4.39327684486829906E-1,9.42791178432852206E0));
#1066=CARTESIAN_POINT('',(-1.85405318643595796E0,-1.87282076473233805E-1,9.07070494044143594E0));
#1067=CARTESIAN_POINT('',(-1.91174317956180495E0,-2.04732147454352142E-1,9.72981483055094998E0));
#1068=CARTESIAN_POINT('',(-8.30389514136607221E-1,-4.48055501271684642E-1,9.18479331379075958E0));
#1069=CARTESIAN_POINT('',(-8.53361556956290013E-1,-4.41375712826904021E-1,9.84074150181933405E0));
#1070=B_SPLINE_SURFACE_WITH_KNOTS('',2,1,((#1064,#1065),(#1066,#1067),(#1068,#1069)),.UNSPECIFIED.,.F.,.F.,.F.,(3,3),(2,2),(0.00000000000000000E0,1.00000000000000000E0),(0.00000000000000000E0,1.00000000000000000E0),.UNSPECIFIED.);
#1071=CARTESIAN_POINT('',(-8.30389514136607221E-1,-4.48055501271684642E-1,9.18479331379075958E0));
#1072=CARTESIAN_POINT('',(-8.53361556956290013E-1,-4.41375712826904021E-1,9.84074150181933405E0));
#1073=CARTESIAN_POINT('',(1.93274158162743459E-1,-7.08828926070135479E-1,9.29888168714008145E0));
#1074=CARTESIAN_POINT('',(2.05020065649224981E-1,-6.78019278199455844E-1,9.95166817308771812E0));
#1075=CARTESIAN_POINT('',(9.99928249367083910E-1,-7.52775272762252201E-2,9.02170295016774482E0));
#1076=CARTESIAN_POINT('',(1.03116656964322839E0,-3.39594462582737955E-2,9.64976512686529020E0));
#1077=B_SPLINE_SURFACE_WITH_KNOTS('',2,1,((#1071,#1072),(#1073,#1074),(#1075,#1076)),.UNSPECIFIED.,.F.,.F.,.F.,(3,3),(2,2),(0.00000000000000000E0,1.00000000000000000E0),(0.00000000000000000E0,1.00000000000000000E0),.UNSPECIFIED.);
#1078=CARTESIAN_POINT('',(9.99928249367083910E-1,-7.52775272762252201E-2,9.02170295016774482E0));
#1079=CARTESIAN_POINT('',(1.03116656964322839E0,-3.39594462582737955E-2,9.64976512686529020E0));
#1080=CARTESIAN_POINT('',(1.80658234057142431E0,5.58273871517685039E-1,8.74452421319540818E0));
#1081=CARTESIAN_POINT('',(1.85731307363723186E0,6.10100385682908253E-1,9.34786208064286051E0));
#1082=CARTESIAN_POINT('',(7.82918668272073681E-1,8.19047296316135931E-1,8.63043583984608631E0));
#1083=CARTESIAN_POINT('',(7.98931451031716922E-1,8.46743951055460187E-1,9.23693540937447644E0));
#1084=B_SPLINE_SURFACE_WITH_KNOTS('',2,1,((#1078,#1079),(#1080,#1081),(#1082,#1083)),.UNSPECIFIED.,.F.,.F.,.F.,(3,3),(2,2),(0.00000000000000000E0,1.00000000000000000E0),(0.00000000000000000E0,1.00000000000000000E0),.UNSPECIFIED.);
#1085=CARTESIAN_POINT('',(1.77928099868818357E-1,3.43883747220703140E-1,8.83831989257533834E0));
#1086=CARTESIAN_POINT('',(1.79321573036214377E-1,3.63699077099573609E-1,9.46336269404129737E0));
#1087=CARTESIAN_POINT('',(4.33844017943656013E-1,2.78690391021090444E-1,8.86684198591266970E0));
#1088=CARTESIAN_POINT('',(4.43916978687593111E-1,3.04538185756435653E-1,9.49109436185839428E0));
#1089=CARTESIAN_POINT('',(2.32180495142570914E-1,1.20302541322612866E-1,8.93613667015575430E0));
#1090=CARTESIAN_POINT('',(2.37380352689092244E-1,1.43523227771140127E-1,9.56657012341400126E0));
#1091=B_SPLINE_SURFACE_WITH_KNOTS('',2,1,((#1085,#1086),(#1087,#1088),(#1089,#1090)),.UNSPECIFIED.,.F.,.F.,.F.,(3,3),(2,2),(0.00000000000000000E0,1.00000000000000000E0),(0.00000000000000000E0,1.00000000000000000E0),.UNSPECIFIED.);
#1092=CARTESIAN_POINT('',(2.32180495142570914E-1,1.20302541322612866E-1,8.93613667015575430E0));
#1093=CARTESIAN_POINT('',(2.37380352689092244E-1,1.43523227771140127E-1,9.56657012341400126E0));
#1094=CARTESIAN_POINT('',(3.05169723414858082E-2,-3.80853083758646987E-2,9.00543135439883713E0));
#1095=CARTESIAN_POINT('',(3.08437266905913672E-2,-1.74917302141553849E-2,9.64204588496960824E0));
#1096=CARTESIAN_POINT('',(-2.25398945733351869E-1,2.71080478237480105E-2,8.97690926106150755E0));
#1097=CARTESIAN_POINT('',(-2.33751678960787357E-1,4.16691611289825778E-2,9.61431421715251133E0));
#1098=B_SPLINE_SURFACE_WITH_KNOTS('',2,1,((#1092,#1093),(#1094,#1095),(#1096,#1097)),.UNSPECIFIED.,.F.,.F.,.F.,(3,3),(2,2),(0.00000000000000000E0,1.00000000000000000E0),(0.00000000000000000E0,1.00000000000000000E0),.UNSPECIFIED.);
#1099=CARTESIAN_POINT('',(-2.25398945733351869E-1,2.71080478237480105E-2,8.97690926106150755E0));
#1100=CARTESIAN_POINT('',(-2.33751678960787357E-1,4.16691611289825778E-2,9.61431421715251133E0));
#1101=CARTESIAN_POINT('',(-4.81314863808189553E-1,9.23014040233607197E-2,8.94838716772417619E0));
#1102=CARTESIAN_POINT('',(-4.98347084612166091E-1,1.00830052472120540E-1,9.58658254933541620E0));
#1103=CARTESIAN_POINT('',(-2.79651341007104426E-1,2.50689253721838312E-1,8.87909248348109159E0));
#1104=CARTESIAN_POINT('',(-2.91810458613665225E-1,2.61845010457416094E-1,9.51110678777980922E0));
#1105=B_SPLINE_SURFACE_WITH_KNOTS('',2,1,((#1099,#1100),(#1101,#1102),(#1103,#1104)),.UNSPECIFIED.,.F.,.F.,.F.,(3,3),(2,2),(0.00000000000000000E0,1.00000000000000000E0),(0.00000000000000000E0,1.00000000000000000E0),.UNSPECIFIED.);
#1106=CARTESIAN_POINT('',(-2.79651341007104426E-1,2.50689253721838312E-1,8.87909248348109159E0));
#1107=CARTESIAN_POINT('',(-2.91810458613665225E-1,2.61845010457416094E-1,9.51110678777980922E0));
#1108=CARTESIAN_POINT('',(-7.79878182060192854E-2,4.09077103420315891E-1,8.80979779923800876E0));
#1109=CARTESIAN_POINT('',(-8.52738326151643716E-2,4.22859968442711620E-1,9.43563102622420224E0));
#1110=CARTESIAN_POINT('',(1.77928099868818357E-1,3.43883747220703140E-1,8.83831989257533834E0));
#1111=CARTESIAN_POINT('',(1.79321573036214377E-1,3.63699077099573609E-1,9.46336269404129737E0));
#1112=B_SPLINE_SURFACE_WITH_KNOTS('',2,1,((#1106,#1107),(#1108,#1109),(#1110,#1111)),.UNSPECIFIED.,.F.,.F.,.F.,(3,3),(2,2),(0.00000000000000000E0,1.00000000000000000E0),(0.00000000000000000E0,1.00000000000000000E0),.UNSPECIFIED.);
#1113=CARTESIAN_POINT('',(7.98931451031716922E-1,8.46743951055460187E-1,9.23693540937447644E0));
#1114=CARTESIAN_POINT('',(8.14284947176474816E-1,8.74726736990396603E-1,9.84214512869243663E0));
#1115=CARTESIAN_POINT('',(-2.59450171573797961E-1,1.08338751642801201E0,9.12600873810609237E0));
#1116=CARTESIAN_POINT('',(-2.78329454161394096E-1,1.08675271651009098E0,9.73613213893258944E0));
#1117=CARTESIAN_POINT('',(-1.08559667556780148E0,4.39327684486829906E-1,9.42791178432852206E0));
#1118=CARTESIAN_POINT('',(-1.12353989624489259E0,4.32157080354045320E-1,1.00634299570106123E1));
#1119=B_SPLINE_SURFACE_WITH_KNOTS('',2,1,((#1113,#1114),(#1115,#1116),(#1117,#1118)),.UNSPECIFIED.,.F.,.F.,.F.,(3,3),(2,2),(0.00000000000000000E0,1.00000000000000000E0),(0.00000000000000000E0,1.00000000000000000E0),.UNSPECIFIED.);
#1120=CARTESIAN_POINT('',(-1.08559667556780148E0,4.39327684486829906E-1,9.42791178432852206E0));
#1121=CARTESIAN_POINT('',(-1.12353989624489259E0,4.32157080354045320E-1,1.00634299570106123E1));
#1122=CARTESIAN_POINT('',(-1.91174317956180495E0,-2.04732147454352142E-1,9.72981483055094998E0));
#1123=CARTESIAN_POINT('',(-1.96875033832839108E0,-2.22438555802000337E-1,1.03907277750886351E1));
#1124=CARTESIAN_POINT('',(-8.53361556956290013E-1,-4.41375712826904021E-1,9.84074150181933405E0));
#1125=CARTESIAN_POINT('',(-8.76135936990522168E-1,-4.34464535321694711E-1,1.04967407648484823E1));
#1126=B_SPLINE_SURFACE_WITH_KNOTS('',2,1,((#1120,#1121),(#1122,#1123),(#1124,#1125)),.UNSPECIFIED.,.F.,.F.,.F.,(3,3),(2,2),(0.00000000000000000E0,1.00000000000000000E0),(0.00000000000000000E0,1.00000000000000000E0),.UNSPECIFIED.);
#1127=CARTESIAN_POINT('',(-8.53361556956290013E-1,-4.41375712826904021E-1,9.84074150181933405E0));
#1128=CARTESIAN_POINT('',(-8.76135936990522168E-1,-4.34464535321694711E-1,1.04967407648484823E1));
#1129=CARTESIAN_POINT('',(2.05020065649224981E-1,-6.78019278199455844E-1,9.95166817308771812E0));
#1130=CARTESIAN_POINT('',(2.16478464347346744E-1,-6.46490514841389086E-1,1.06027537546083295E1));
#1131=CARTESIAN_POINT('',(1.03116656964322839E0,-3.39594462582737955E-2,9.64976512686529020E0));
#1132=CARTESIAN_POINT('',(1.06168890643084524E0,8.10512131465657149E-3,1.02754559365303066E1));
#1133=B_SPLINE_SURFACE_WITH_KNOTS('',2,1,((#1127,#1128),(#1129,#1130),(#1131,#1132)),.UNSPECIFIED.,.F.,.F.,.F.,(3,3),(2,2),(0.00000000000000000E0,1.00000000000000000E0),(0.00000000000000000E0,1.00000000000000000E0),.UNSPECIFIED.);
#1134=CARTESIAN_POINT('',(1.03116656964322839E0,-3.39594462582737955E-2,9.64976512686529020E0));
#1135=CARTESIAN_POINT('',(1.06168890643084524E0,8.10512131465657149E-3,1.02754559365303066E1));
#1136=CARTESIAN_POINT('',(1.85731307363723186E0,6.10100385682908253E-1,9.34786208064286051E0));
#1137=CARTESIAN_POINT('',(1.90689934851434373E0,6.62700757470702229E-1,9.94815811845228382E0));
#1138=CARTESIAN_POINT('',(7.98931451031716922E-1,8.46743951055460187E-1,9.23693540937447644E0));
#1139=CARTESIAN_POINT('',(8.14284947176474816E-1,8.74726736990396603E-1,9.84214512869243663E0));
#1140=B_SPLINE_SURFACE_WITH_KNOTS('',2,1,((#1134,#1135),(#1136,#1137),(#1138,#1139)),.UNSPECIFIED.,.F.,.F.,.F.,(3,3),(2,2),(0.00000000000000000E0,1.00000000000000000E0),(0.00000000000000000E0,1.00000000000000000E0),.UNSPECIFIED.);
#1141=CARTESIAN_POINT('',(1.79321573036214377E-1,3.63699077099573609E-1,9.46336269404129737E0));
#1142=CARTESIAN_POINT('',(1.80377115614192007E-1,3.83780009873589734E-1,1.00876184922508401E1));
#1143=CARTESIAN_POINT('',(4.43916978687593111E-1,3.04538185756435653E-1,9.49109436185839428E0));
#1144=CARTESIAN_POINT('',(4.53530715948545549E-1,3.30773514993779827E-1,1.01141217396907450E1));
#1145=CARTESIAN_POINT('',(2.37380352689092244E-1,1.43523227771140127E-1,9.56657012341400126E0));
#1146=CARTESIAN_POINT('',(2.42228105427784612E-1,1.67124605954541039E-1,1.01959461942103644E1));
#1147=B_SPLINE_SURFACE_WITH_KNOTS('',2,1,((#1141,#1142),(#1143,#1144),(#1145,#1146)),.UNSPECIFIED.,.F.,.F.,.F.,(3,3),(2,2),(0.00000000000000000E0,1.00000000000000000E0),(0.00000000000000000E0,1.00000000000000000E0),.UNSPECIFIED.);
#1148=CARTESIAN_POINT('',(2.37380352689092244E-1,1.43523227771140127E-1,9.56657012341400126E0));
#1149=CARTESIAN_POINT('',(2.42228105427784612E-1,1.67124605954541039E-1,1.01959461942103644E1));
#1150=CARTESIAN_POINT('',(3.08437266905913672E-2,-1.74917302141553849E-2,9.64204588496960824E0));
#1151=CARTESIAN_POINT('',(3.09254949070236762E-2,3.47569691530225100E-3,1.02777706487299838E1));
#1152=CARTESIAN_POINT('',(-2.33751678960787357E-1,4.16691611289825778E-2,9.61431421715251133E0));
#1153=CARTESIAN_POINT('',(-2.42228105427329865E-1,5.64821917951121577E-2,1.02512674012900789E1));
#1154=B_SPLINE_SURFACE_WITH_KNOTS('',2,1,((#1148,#1149),(#1150,#1151),(#1152,#1153)),.UNSPECIFIED.,.F.,.F.,.F.,(3,3),(2,2),(0.00000000000000000E0,1.00000000000000000E0),(0.00000000000000000E0,1.00000000000000000E0),.UNSPECIFIED.);
#1155=CARTESIAN_POINT('',(-2.33751678960787357E-1,4.16691611289825778E-2,9.61431421715251133E0));
#1156=CARTESIAN_POINT('',(-2.42228105427329865E-1,5.64821917951121577E-2,1.02512674012900789E1));
#1157=CARTESIAN_POINT('',(-4.98347084612166091E-1,1.00830052472120540E-1,9.58658254933541620E0));
#1158=CARTESIAN_POINT('',(-5.15381705761683406E-1,1.09488686674922064E-1,1.02247641538501739E1));
#1159=CARTESIAN_POINT('',(-2.91810458613665225E-1,2.61845010457416094E-1,9.51110678777980922E0));
#1160=CARTESIAN_POINT('',(-3.04079095240922470E-1,2.73137595714160852E-1,1.01429396993305545E1));
#1161=B_SPLINE_SURFACE_WITH_KNOTS('',2,1,((#1155,#1156),(#1157,#1158),(#1159,#1160)),.UNSPECIFIED.,.F.,.F.,.F.,(3,3),(2,2),(0.00000000000000000E0,1.00000000000000000E0),(0.00000000000000000E0,1.00000000000000000E0),.UNSPECIFIED.);
#1162=CARTESIAN_POINT('',(-2.91810458613665225E-1,2.61845010457416094E-1,9.51110678777980922E0));
#1163=CARTESIAN_POINT('',(-3.04079095240922470E-1,2.73137595714160852E-1,1.01429396993305545E1));
#1164=CARTESIAN_POINT('',(-8.52738326151643716E-2,4.22859968442711620E-1,9.43563102622420224E0));
#1165=CARTESIAN_POINT('',(-9.27764847201615339E-2,4.36786504753399640E-1,1.00611152448109351E1));
#1166=CARTESIAN_POINT('',(1.79321573036214377E-1,3.63699077099573609E-1,9.46336269404129737E0));
#1167=CARTESIAN_POINT('',(1.80377115614192007E-1,3.83780009873589734E-1,1.00876184922508401E1));
#1168=B_SPLINE_SURFACE_WITH_KNOTS('',2,1,((#1162,#1163),(#1164,#1165),(#1166,#1167)),.UNSPECIFIED.,.F.,.F.,.F.,(3,3),(2,2),(0.00000000000000000E0,1.00000000000000000E0),(0.00000000000000000E0,1.00000000000000000E0),.UNSPECIFIED.);
#1169=CARTESIAN_POINT('',(1.00000000000000000E0,-1.00000000000000000E0,0.00000000000000000E0));
#1170=CARTESIAN_POINT('',(1.00000000000000000E0,1.00000000000000000E0,0.00000000000000000E0));
#1171=CARTESIAN_POINT('',(-1.00000000000000000E0,-1.00000000000000000E0,0.00000000000000000E0));
#1172=CARTESIAN_POINT('',(-1.00000000000000000E0,1.00000000000000000E0,0.00000000000000000E0));
#1173=B_SPLINE_SURFACE_WITH_KNOTS('',1,1,((#1169,#1170),(#1171,#1172)),.UNSPECIFIED.,.F.,.F.,.F.,(2,2),(2,2),(-1.00000000000000000E0,1.00000000000000000E0),(-1.00000000000000000E0,1.00000000000000000E0),.UNSPECIFIED.);
#1174=CARTESIAN_POINT('',(-1.96875033832839108E0,1.08675271651009098E0,9.73613213893258944E0));
#1175=CARTESIAN_POINT('',(1.90689934851434373E0,1.08675271651009098E0,9.73613213893258944E0));
#1176=CARTESIAN_POINT('',(-1.96875033832839108E0,-6.46490514841389086E-1,1.06027537546083295E1));
#1177=CARTESIAN_POINT('',(1.90689934851434373E0,-6.46490514841389086E-1,1.06027537546083295E1));
#1178=B_SPLINE_SURFACE_WITH_KNOTS('',1,1,((#1174,#1175),(#1176,#1177)),.UNSPECIFIED.,.F.,.F.,.F.,(2,2),(2,2),(9.73613213893258944E0,1.06027537546083295E1),(-1.96875033832839108E0,1.90689934851434373E0),.UNSPECIFIED.);
#1179=CARTESIAN_POINT('',(5.00000000000000000E-1,5.00000000000000000E-1,0.00000000000000000E0));
#1180=CARTESIAN_POINT('',(0.00000000000000000E0,1.00000000000000000E0,0.00000000000000000E0));
#1181=CARTESIAN_POINT('',(-5.00000000000000000E-1,5.00000000000000000E-1,0.00000000000000000E0));
#1182=B_SPLINE_CURVE_WITH_KNOTS('',2,(#1179,#1180,#1181),.UNSPECIFIED.,.F.,.F.,(3,3),(0.00000000000000000E0,1.00000000000000000E0),.UNSPECIFIED.);
#1183=CARTESIAN_POINT('',(-5.00000000000000000E-1,5.00000000000000000E-1,0.00000000000000000E0));
#1184=CARTESIAN_POINT('',(-5.39119398923795790E-1,4.99694418310077881E-1,6.25017176960605103E-1));
#1185=B_SPLINE_CURVE_WITH_KNOTS('',1,(#1183,#1184),.UNSPECIFIED.,.F.,.F.,(2,2),(0.00000000000000000E0,1.00000000000000000E0),.UNSPECIFIED.);
#1186=CARTESIAN_POINT('',(5.23250904007898643E-1,5.16287205329278853E-1,6.24498652366255014E-1));
#1187=CARTESIAN_POINT('',(-1.57464295703902725E-2,1.00768584572862752E0,6.09142444853775444E-1));
#1188=CARTESIAN_POINT('',(-5.39119398923795790E-1,4.99694418310077881E-1,6.25017176960605103E-1));
#1189=B_SPLINE_CURVE_WITH_KNOTS('',2,(#1186,#1187,#1188),.UNSPECIFIED.,.F.,.F.,(3,3),(0.00000000000000000E0,1.00000000000000000E0),.UNSPECIFIED.);
#1190=CARTESIAN_POINT('',(5.00000000000000000E-1,5.00000000000000000E-1,0.00000000000000000E0));
#1191=CARTESIAN_POINT('',(5.23250904007898643E-1,5.16287205329278853E-1,6.24498652366255014E-1));
#1192=B_SPLINE_CURVE_WITH_KNOTS('',1,(#1190,#1191),.UNSPECIFIED.,.F.,.F.,(2,2),(0.00000000000000000E0,1.00000000000000000E0),.UNSPECIFIED.);
#1193=CARTESIAN_POINT('',(-5.00000000000000000E-1,5.00000000000000000E-1,0.00000000000000000E0));
#1194=CARTESIAN_POINT('',(-1.00000000000000000E0,0.00000000000000000E0,0.00000000000000000E0));
#1195=CARTESIAN_POINT('',(-5.00000000000000000E-1,-5.00000000000000000E-1,0.00000000000000000E0));
#1196=B_SPLINE_CURVE_WITH_KNOTS('',2,(#1193,#1194,#1195),.UNSPECIFIED.,.F.,.F.,(3,3),(0.00000000000000000E0,1.00000000000000000E0),.UNSPECIFIED.);
#1197=CARTESIAN_POINT('',(-5.00000000000000000E-1,-5.00000000000000000E-1,0.00000000000000000E0));
#1198=CARTESIAN_POINT('',(-5.23495034698912454E-1,-4.99695649507820361E-1,6.56248116579914442E-1));
#1199=B_SPLINE_CURVE_WITH_KNOTS('',1,(#1197,#1198),.UNSPECIFIED.,.F.,.F.,(2,2),(0.00000000000000000E0,1.00000000000000000E0),.UNSPECIFIED.);
#1200=CARTESIAN_POINT('',(-5.39119398923795790E-1,4.99694418310077881E-1,6.25017176960605103E-1));
#1201=CARTESIAN_POINT('',(-1.06249236827720139E0,-8.29700910847175517E-3,6.40891909067434762E-1));
#1202=CARTESIAN_POINT('',(-5.23495034698912454E-1,-4.99695649507820361E-1,6.56248116579914442E-1));
#1203=B_SPLINE_CURVE_WITH_KNOTS('',2,(#1200,#1201,#1202),.UNSPECIFIED.,.F.,.F.,(3,3),(0.00000000000000000E0,1.00000000000000000E0),.UNSPECIFIED.);
#1204=CARTESIAN_POINT('',(-5.00000000000000000E-1,-5.00000000000000000E-1,0.00000000000000000E0));
#1205=CARTESIAN_POINT('',(0.00000000000000000E0,-1.00000000000000000E0,0.00000000000000000E0));
#1206=CARTESIAN_POINT('',(5.00000000000000000E-1,-5.00000000000000000E-1,0.00000000000000000E0));
#1207=B_SPLINE_CURVE_WITH_KNOTS('',2,(#1204,#1205,#1206),.UNSPECIFIED.,.F.,.F.,(3,3),(0.00000000000000000E0,1.00000000000000000E0),.UNSPECIFIED.);
#1208=CARTESIAN_POINT('',(5.00000000000000000E-1,-5.00000000000000000E-1,0.00000000000000000E0));
#1209=CARTESIAN_POINT('',(5.38875268232781979E-1,-4.83102862488619389E-1,6.55729591985564353E-1));
#1210=B_SPLINE_CURVE_WITH_KNOTS('',1,(#1208,#1209),.UNSPECIFIED.,.F.,.F.,(2,2),(0.00000000000000000E0,1.00000000000000000E0),.UNSPECIFIED.);
#1211=CARTESIAN_POINT('',(-5.23495034698912454E-1,-4.99695649507820361E-1,6.56248116579914442E-1));
#1212=CARTESIAN_POINT('',(1.55022988793764704E-2,-9.91094289907168968E-1,6.71604324092394123E-1));
#1213=CARTESIAN_POINT('',(5.38875268232781979E-1,-4.83102862488619389E-1,6.55729591985564353E-1));
#1214=B_SPLINE_CURVE_WITH_KNOTS('',2,(#1211,#1212,#1213),.UNSPECIFIED.,.F.,.F.,(3,3),(0.00000000000000000E0,1.00000000000000000E0),.UNSPECIFIED.);
#1215=CARTESIAN_POINT('',(5.00000000000000000E-1,5.00000000000000000E-1,0.00000000000000000E0));
#1216=CARTESIAN_POINT('',(1.00000000000000000E0,0.00000000000000000E0,0.00000000000000000E0));
#1217=CARTESIAN_POINT('',(5.00000000000000000E-1,-5.00000000000000000E-1,0.00000000000000000E0));
#1218=B_SPLINE_CURVE_WITH_KNOTS('',2,(#1215,#1216,#1217),.UNSPECIFIED.,.F.,.F.,(3,3),(0.00000000000000000E0,1.00000000000000000E0),.UNSPECIFIED.);
#1219=CARTESIAN_POINT('',(5.23250904007898643E-1,5.16287205329278853E-1,6.24498652366255014E-1));
#1220=CARTESIAN_POINT('',(1.06224823758618747E0,2.48885649299302007E-2,6.39854859878734694E-1));
#1221=CARTESIAN_POINT('',(5.38875268232781979E-1,-4.83102862488619389E-1,6.55729591985564353E-1));
#1222=B_SPLINE_CURVE_WITH_KNOTS('',2,(#1219,#1220,#1221),.UNSPECIFIED.,.F.,.F.,(3,3),(0.00000000000000000E0,1.00000000000000000E0),.UNSPECIFIED.);
#1223=CARTESIAN_POINT('',(1.25000000000000000E-1,1.25000000000000000E-1,0.00000000000000000E0));
#1224=CARTESIAN_POINT('',(2.50000000000000000E-1,0.00000000000000000E0,0.00000000000000000E0));
#1225=CARTESIAN_POINT('',(1.25000000000000000E-1,-1.25000000000000000E-1,0.00000000000000000E0));
#1226=B_SPLINE_CURVE_WITH_KNOTS('',2,(#1223,#1224,#1225),.UNSPECIFIED.,.F.,.F.,(3,3),(0.00000000000000000E0,1.00000000000000000E0),.UNSPECIFIED.);
#1227=CARTESIAN_POINT('',(1.25000000000000000E-1,-1.25000000000000000E-1,0.00000000000000000E0));
#1228=CARTESIAN_POINT('',(1.34627268049065330E-1,-1.14553882189107933E-1,6.44212436351204731E-1));
#1229=B_SPLINE_CURVE_WITH_KNOTS('',1,(#1227,#1228),.UNSPECIFIED.,.F.,.F.,(2,2),(0.00000000000000000E0,1.00000000000000000E0),.UNSPECIFIED.);
#1230=CARTESIAN_POINT('',(1.30721176992844468E-1,1.35293634765366627E-1,6.36404701446377397E-1));
#1231=CARTESIAN_POINT('',(2.65470510387416703E-1,1.24439746655294683E-2,6.40243753324497233E-1));
#1232=CARTESIAN_POINT('',(1.34627268049065330E-1,-1.14553882189107933E-1,6.44212436351204731E-1));
#1233=B_SPLINE_CURVE_WITH_KNOTS('',2,(#1230,#1231,#1232),.UNSPECIFIED.,.F.,.F.,(3,3),(0.00000000000000000E0,1.00000000000000000E0),.UNSPECIFIED.);
#1234=CARTESIAN_POINT('',(1.25000000000000000E-1,1.25000000000000000E-1,0.00000000000000000E0));
#1235=CARTESIAN_POINT('',(1.30721176992844468E-1,1.35293634765366627E-1,6.36404701446377397E-1));
#1236=B_SPLINE_CURVE_WITH_KNOTS('',1,(#1234,#1235),.UNSPECIFIED.,.F.,.F.,(2,2),(0.00000000000000000E0,1.00000000000000000E0),.UNSPECIFIED.);
#1237=CARTESIAN_POINT('',(1.25000000000000000E-1,-1.25000000000000000E-1,0.00000000000000000E0));
#1238=CARTESIAN_POINT('',(0.00000000000000000E0,-2.50000000000000000E-1,0.00000000000000000E0));
#1239=CARTESIAN_POINT('',(-1.25000000000000000E-1,-1.25000000000000000E-1,0.00000000000000000E0));
#1240=B_SPLINE_CURVE_WITH_KNOTS('',2,(#1237,#1238,#1239),.UNSPECIFIED.,.F.,.F.,(3,3),(0.00000000000000000E0,1.00000000000000000E0),.UNSPECIFIED.);
#1241=CARTESIAN_POINT('',(-1.25000000000000000E-1,-1.25000000000000000E-1,0.00000000000000000E0));
#1242=CARTESIAN_POINT('',(-1.30965307683858279E-1,-1.18702078943908176E-1,6.44342067499792170E-1));
#1243=B_SPLINE_CURVE_WITH_KNOTS('',1,(#1241,#1242),.UNSPECIFIED.,.F.,.F.,(2,2),(0.00000000000000000E0,1.00000000000000000E0),.UNSPECIFIED.);
#1244=CARTESIAN_POINT('',(1.34627268049065330E-1,-1.14553882189107933E-1,6.44212436351204731E-1));
#1245=CARTESIAN_POINT('',(3.78402571071394158E-3,-2.41551739043745328E-1,6.48181119377912118E-1));
#1246=CARTESIAN_POINT('',(-1.30965307683858279E-1,-1.18702078943908176E-1,6.44342067499792170E-1));
#1247=B_SPLINE_CURVE_WITH_KNOTS('',2,(#1244,#1245,#1246),.UNSPECIFIED.,.F.,.F.,(3,3),(0.00000000000000000E0,1.00000000000000000E0),.UNSPECIFIED.);
#1248=CARTESIAN_POINT('',(-1.25000000000000000E-1,-1.25000000000000000E-1,0.00000000000000000E0));
#1249=CARTESIAN_POINT('',(-2.50000000000000000E-1,0.00000000000000000E0,0.00000000000000000E0));
#1250=CARTESIAN_POINT('',(-1.25000000000000000E-1,1.25000000000000000E-1,0.00000000000000000E0));
#1251=B_SPLINE_CURVE_WITH_KNOTS('',2,(#1248,#1249,#1250),.UNSPECIFIED.,.F.,.F.,(3,3),(0.00000000000000000E0,1.00000000000000000E0),.UNSPECIFIED.);
#1252=CARTESIAN_POINT('',(-1.25000000000000000E-1,1.25000000000000000E-1,0.00000000000000000E0));
#1253=CARTESIAN_POINT('',(-1.34871398740079140E-1,1.31145438010566384E-1,6.36534332594964836E-1));
#1254=B_SPLINE_CURVE_WITH_KNOTS('',1,(#1252,#1253),.UNSPECIFIED.,.F.,.F.,(2,2),(0.00000000000000000E0,1.00000000000000000E0),.UNSPECIFIED.);
#1255=CARTESIAN_POINT('',(-1.30965307683858279E-1,-1.18702078943908176E-1,6.44342067499792170E-1));
#1256=CARTESIAN_POINT('',(-2.65714641078430513E-1,4.14758115592897894E-3,6.40503015621672223E-1));
#1257=CARTESIAN_POINT('',(-1.34871398740079140E-1,1.31145438010566384E-1,6.36534332594964836E-1));
#1258=B_SPLINE_CURVE_WITH_KNOTS('',2,(#1255,#1256,#1257),.UNSPECIFIED.,.F.,.F.,(3,3),(0.00000000000000000E0,1.00000000000000000E0),.UNSPECIFIED.);
#1259=CARTESIAN_POINT('',(1.25000000000000000E-1,1.25000000000000000E-1,0.00000000000000000E0));
#1260=CARTESIAN_POINT('',(0.00000000000000000E0,2.50000000000000000E-1,0.00000000000000000E0));
#1261=CARTESIAN_POINT('',(-1.25000000000000000E-1,1.25000000000000000E-1,0.00000000000000000E0));
#1262=B_SPLINE_CURVE_WITH_KNOTS('',2,(#1259,#1260,#1261),.UNSPECIFIED.,.F.,.F.,(3,3),(0.00000000000000000E0,1.00000000000000000E0),.UNSPECIFIED.);
#1263=CARTESIAN_POINT('',(1.30721176992844468E-1,1.35293634765366627E-1,6.36404701446377397E-1));
#1264=CARTESIAN_POINT('',(-4.02815640172774457E-3,2.58143294865203765E-1,6.32565649568257449E-1));
#1265=CARTESIAN_POINT('',(-1.34871398740079140E-1,1.31145438010566384E-1,6.36534332594964836E-1));
#1266=B_SPLINE_CURVE_WITH_KNOTS('',2,(#1263,#1264,#1265),.UNSPECIFIED.,.F.,.F.,(3,3),(0.00000000000000000E0,1.00000000000000000E0),.UNSPECIFIED.);
#1267=CARTESIAN_POINT('',(-5.39119398923795790E-1,4.99694418310077881E-1,6.25017176960605103E-1));
#1268=CARTESIAN_POINT('',(-5.78336022921573045E-1,4.98777885284705014E-1,1.25013735783744306E0));
#1269=B_SPLINE_CURVE_WITH_KNOTS('',1,(#1267,#1268),.UNSPECIFIED.,.F.,.F.,(2,2),(0.00000000000000000E0,1.00000000000000000E0),.UNSPECIFIED.);
#1270=CARTESIAN_POINT('',(5.46114705374205478E-1,5.33859960623177088E-1,1.24794472812878854E0));
#1271=CARTESIAN_POINT('',(-3.17331157663467978E-2,1.01510156684396935E0,1.21786712773998906E0));
#1272=CARTESIAN_POINT('',(-5.78336022921573045E-1,4.98777885284705014E-1,1.25013735783744306E0));
#1273=B_SPLINE_CURVE_WITH_KNOTS('',2,(#1270,#1271,#1272),.UNSPECIFIED.,.F.,.F.,(3,3),(0.00000000000000000E0,1.00000000000000000E0),.UNSPECIFIED.);
#1274=CARTESIAN_POINT('',(5.23250904007898643E-1,5.16287205329278853E-1,6.24498652366255014E-1));
#1275=CARTESIAN_POINT('',(5.46114705374205478E-1,5.33859960623177088E-1,1.24794472812878854E0));
#1276=B_SPLINE_CURVE_WITH_KNOTS('',1,(#1274,#1275),.UNSPECIFIED.,.F.,.F.,(2,2),(0.00000000000000000E0,1.00000000000000000E0),.UNSPECIFIED.);
#1277=CARTESIAN_POINT('',(-5.23495034698912454E-1,-4.99695649507820361E-1,6.56248116579914442E-1));
#1278=CARTESIAN_POINT('',(-5.47091108936247017E-1,-4.98787402495351528E-1,1.31248518832369654E0));
#1279=B_SPLINE_CURVE_WITH_KNOTS('',1,(#1277,#1278),.UNSPECIFIED.,.F.,.F.,(2,2),(0.00000000000000000E0,1.00000000000000000E0),.UNSPECIFIED.);
#1280=CARTESIAN_POINT('',(-5.78336022921573045E-1,4.98777885284705014E-1,1.25013735783744306E0));
#1281=CARTESIAN_POINT('',(-1.12493893007679935E0,-1.75457962745593291E-2,1.28240758793489706E0));
#1282=CARTESIAN_POINT('',(-5.47091108936247017E-1,-4.98787402495351528E-1,1.31248518832369654E0));
#1283=B_SPLINE_CURVE_WITH_KNOTS('',2,(#1280,#1281,#1282),.UNSPECIFIED.,.F.,.F.,(3,3),(0.00000000000000000E0,1.00000000000000000E0),.UNSPECIFIED.);
#1284=CARTESIAN_POINT('',(5.38875268232781979E-1,-4.83102862488619389E-1,6.55729591985564353E-1));
#1285=CARTESIAN_POINT('',(5.77359619359531506E-1,-4.63705327156879454E-1,1.31029255861504201E0));
#1286=B_SPLINE_CURVE_WITH_KNOTS('',1,(#1284,#1285),.UNSPECIFIED.,.F.,.F.,(2,2),(0.00000000000000000E0,1.00000000000000000E0),.UNSPECIFIED.);
#1287=CARTESIAN_POINT('',(-5.47091108936247017E-1,-4.98787402495351528E-1,1.31248518832369654E0));
#1288=CARTESIAN_POINT('',(3.07567122043053594E-2,-9.80029008716143735E-1,1.34256278871249601E0));
#1289=CARTESIAN_POINT('',(5.77359619359531506E-1,-4.63705327156879454E-1,1.31029255861504201E0));
#1290=B_SPLINE_CURVE_WITH_KNOTS('',2,(#1287,#1288,#1289),.UNSPECIFIED.,.F.,.F.,(3,3),(0.00000000000000000E0,1.00000000000000000E0),.UNSPECIFIED.);
#1291=CARTESIAN_POINT('',(5.46114705374205478E-1,5.33859960623177088E-1,1.24794472812878854E0));
#1292=CARTESIAN_POINT('',(1.12396252651475770E0,5.26183544023848745E-2,1.27802232851758801E0));
#1293=CARTESIAN_POINT('',(5.77359619359531506E-1,-4.63705327156879454E-1,1.31029255861504201E0));
#1294=B_SPLINE_CURVE_WITH_KNOTS('',2,(#1291,#1292,#1293),.UNSPECIFIED.,.F.,.F.,(3,3),(0.00000000000000000E0,1.00000000000000000E0),.UNSPECIFIED.);
#1295=CARTESIAN_POINT('',(1.34627268049065330E-1,-1.14553882189107933E-1,6.44212436351204731E-1));
#1296=CARTESIAN_POINT('',(1.43973753504117369E-1,-1.02774122491285286E-1,1.28773435832344241E0));
#1297=B_SPLINE_CURVE_WITH_KNOTS('',1,(#1295,#1296),.UNSPECIFIED.,.F.,.F.,(2,2),(0.00000000000000000E0,1.00000000000000000E0),.UNSPECIFIED.);
#1298=CARTESIAN_POINT('',(1.36162525007785834E-1,1.46617199453728836E-1,1.27214740070187915E0));
#1299=CARTESIAN_POINT('',(2.80624480292923917E-1,2.63067978985307982E-2,1.27966680079907902E0));
#1300=CARTESIAN_POINT('',(1.43973753504117369E-1,-1.02774122491285286E-1,1.28773435832344241E0));
#1301=B_SPLINE_CURVE_WITH_KNOTS('',2,(#1298,#1299,#1300),.UNSPECIFIED.,.F.,.F.,(3,3),(0.00000000000000000E0,1.00000000000000000E0),.UNSPECIFIED.);
#1302=CARTESIAN_POINT('',(1.30721176992844468E-1,1.35293634765366627E-1,6.36404701446377397E-1));
#1303=CARTESIAN_POINT('',(1.36162525007785834E-1,1.46617199453728836E-1,1.27214740070187915E0));
#1304=B_SPLINE_CURVE_WITH_KNOTS('',1,(#1302,#1303),.UNSPECIFIED.,.F.,.F.,(2,2),(0.00000000000000000E0,1.00000000000000000E0),.UNSPECIFIED.);
#1305=CARTESIAN_POINT('',(-1.30965307683858279E-1,-1.18702078943908176E-1,6.44342067499792170E-1));
#1306=CARTESIAN_POINT('',(-1.37138928569827262E-1,-1.11544641325903304E-1,1.28828251575060615E0));
#1307=B_SPLINE_CURVE_WITH_KNOTS('',1,(#1305,#1306),.UNSPECIFIED.,.F.,.F.,(2,2),(0.00000000000000000E0,1.00000000000000000E0),.UNSPECIFIED.);
#1308=CARTESIAN_POINT('',(1.43973753504117369E-1,-1.02774122491285286E-1,1.28773435832344241E0));
#1309=CARTESIAN_POINT('',(7.32302671531080002E-3,-2.31855042881101370E-1,1.29580191584780602E0));
#1310=CARTESIAN_POINT('',(-1.37138928569827262E-1,-1.11544641325903304E-1,1.28828251575060615E0));
#1311=B_SPLINE_CURVE_WITH_KNOTS('',2,(#1308,#1309,#1310),.UNSPECIFIED.,.F.,.F.,(3,3),(0.00000000000000000E0,1.00000000000000000E0),.UNSPECIFIED.);
#1312=CARTESIAN_POINT('',(-1.34871398740079140E-1,1.31145438010566384E-1,6.36534332594964836E-1));
#1313=CARTESIAN_POINT('',(-1.44950157066158797E-1,1.37846680619110817E-1,1.27269555812904267E0));
#1314=B_SPLINE_CURVE_WITH_KNOTS('',1,(#1312,#1313),.UNSPECIFIED.,.F.,.F.,(2,2),(0.00000000000000000E0,1.00000000000000000E0),.UNSPECIFIED.);
#1315=CARTESIAN_POINT('',(-1.37138928569827262E-1,-1.11544641325903304E-1,1.28828251575060615E0));
#1316=CARTESIAN_POINT('',(-2.81600883854965345E-1,8.76576022929474903E-3,1.28076311565340628E0));
#1317=CARTESIAN_POINT('',(-1.44950157066158797E-1,1.37846680619110817E-1,1.27269555812904267E0));
#1318=B_SPLINE_CURVE_WITH_KNOTS('',2,(#1315,#1316,#1317),.UNSPECIFIED.,.F.,.F.,(3,3),(0.00000000000000000E0,1.00000000000000000E0),.UNSPECIFIED.);
#1319=CARTESIAN_POINT('',(1.36162525007785834E-1,1.46617199453728836E-1,1.27214740070187915E0));
#1320=CARTESIAN_POINT('',(-8.29943027735224013E-3,2.66927601008926874E-1,1.26462800060467928E0));
#1321=CARTESIAN_POINT('',(-1.44950157066158797E-1,1.37846680619110817E-1,1.27269555812904267E0));
#1322=B_SPLINE_CURVE_WITH_KNOTS('',2,(#1319,#1320,#1321),.UNSPECIFIED.,.F.,.F.,(3,3),(0.00000000000000000E0,1.00000000000000000E0),.UNSPECIFIED.);
#1323=CARTESIAN_POINT('',(-5.78336022921573045E-1,4.98777885284705014E-1,1.25013735783744306E0));
#1324=CARTESIAN_POINT('',(-6.17624954600364484E-1,4.97254809635336636E-1,1.87546290460446530E0));
#1325=B_SPLINE_CURVE_WITH_KNOTS('',1,(#1323,#1324),.UNSPECIFIED.,.F.,.F.,(2,2),(0.00000000000000000E0,1.00000000000000000E0),.UNSPECIFIED.);
#1326=CARTESIAN_POINT('',(5.68570657801536372E-1,5.52655561858351074E-1,1.87026908408355741E0));
#1327=CARTESIAN_POINT('',(-4.79560662734811460E-2,1.02222548069787122E0,1.82624690419235258E0));
#1328=CARTESIAN_POINT('',(-6.17624954600364484E-1,4.97254809635336636E-1,1.87546290460446530E0));
#1329=B_SPLINE_CURVE_WITH_KNOTS('',2,(#1326,#1327,#1328),.UNSPECIFIED.,.F.,.F.,(3,3),(0.00000000000000000E0,1.00000000000000000E0),.UNSPECIFIED.);
#1330=CARTESIAN_POINT('',(5.46114705374205478E-1,5.33859960623177088E-1,1.24794472812878854E0));
#1331=CARTESIAN_POINT('',(5.68570657801536372E-1,5.52655561858351074E-1,1.87026908408355741E0));
#1332=B_SPLINE_CURVE_WITH_KNOTS('',1,(#1330,#1331),.UNSPECIFIED.,.F.,.F.,(2,2),(0.00000000000000000E0,1.00000000000000000E0),.UNSPECIFIED.);
#1333=CARTESIAN_POINT('',(-5.47091108936247017E-1,-4.98787402495351528E-1,1.31248518832369654E0));
#1334=CARTESIAN_POINT('',(-5.70767118852230193E-1,-4.97285780266718103E-1,1.96870108490778284E0));
#1335=B_SPLINE_CURVE_WITH_KNOTS('',1,(#1333,#1334),.UNSPECIFIED.,.F.,.F.,(2,2),(0.00000000000000000E0,1.00000000000000000E0),.UNSPECIFIED.);
#1336=CARTESIAN_POINT('',(-6.17624954600364484E-1,4.97254809635336636E-1,1.87546290460446530E0));
#1337=CARTESIAN_POINT('',(-1.18729384292724771E0,-2.77158614271979103E-2,1.92467890501657779E0));
#1338=CARTESIAN_POINT('',(-5.70767118852230193E-1,-4.97285780266718103E-1,1.96870108490778284E0));
#1339=B_SPLINE_CURVE_WITH_KNOTS('',2,(#1336,#1337,#1338),.UNSPECIFIED.,.F.,.F.,(3,3),(0.00000000000000000E0,1.00000000000000000E0),.UNSPECIFIED.);
#1340=CARTESIAN_POINT('',(5.77359619359531506E-1,-4.63705327156879454E-1,1.31029255861504201E0));
#1341=CARTESIAN_POINT('',(6.15428493549670663E-1,-4.41885028043703665E-1,1.96350726438687517E0));
#1342=B_SPLINE_CURVE_WITH_KNOTS('',1,(#1340,#1341),.UNSPECIFIED.,.F.,.F.,(2,2),(0.00000000000000000E0,1.00000000000000000E0),.UNSPECIFIED.);
#1343=CARTESIAN_POINT('',(-5.70767118852230193E-1,-4.97285780266718103E-1,1.96870108490778284E0));
#1344=CARTESIAN_POINT('',(4.57596052227873529E-2,-9.66855699106238253E-1,2.01272326479898789E0));
#1345=CARTESIAN_POINT('',(6.15428493549670663E-1,-4.41885028043703665E-1,1.96350726438687517E0));
#1346=B_SPLINE_CURVE_WITH_KNOTS('',2,(#1343,#1344,#1345),.UNSPECIFIED.,.F.,.F.,(3,3),(0.00000000000000000E0,1.00000000000000000E0),.UNSPECIFIED.);
#1347=CARTESIAN_POINT('',(5.68570657801536372E-1,5.52655561858351074E-1,1.87026908408355741E0));
#1348=CARTESIAN_POINT('',(1.18509738187655400E0,8.30856430188309236E-2,1.91429126397476246E0));
#1349=CARTESIAN_POINT('',(6.15428493549670663E-1,-4.41885028043703665E-1,1.96350726438687517E0));
#1350=B_SPLINE_CURVE_WITH_KNOTS('',2,(#1347,#1348,#1349),.UNSPECIFIED.,.F.,.F.,(3,3),(0.00000000000000000E0,1.00000000000000000E0),.UNSPECIFIED.);
#1351=CARTESIAN_POINT('',(1.43973753504117369E-1,-1.02774122491285286E-1,1.28773435832344241E0));
#1352=CARTESIAN_POINT('',(1.53033450493407497E-1,-8.97075889140635241E-2,1.93049062946847139E0));
#1353=B_SPLINE_CURVE_WITH_KNOTS('',1,(#1351,#1352),.UNSPECIFIED.,.F.,.F.,(2,2),(0.00000000000000000E0,1.00000000000000000E0),.UNSPECIFIED.);
#1354=CARTESIAN_POINT('',(1.41318991556373924E-1,1.58927558561450133E-1,1.90718108439264200E0));
#1355=CARTESIAN_POINT('',(2.95450672575128304E-1,4.15350788515701161E-2,1.91818662936544326E0));
#1356=CARTESIAN_POINT('',(1.53033450493407497E-1,-8.97075889140635241E-2,1.93049062946847139E0));
#1357=B_SPLINE_CURVE_WITH_KNOTS('',2,(#1354,#1355,#1356),.UNSPECIFIED.,.F.,.F.,(3,3),(0.00000000000000000E0,1.00000000000000000E0),.UNSPECIFIED.);
#1358=CARTESIAN_POINT('',(1.36162525007785834E-1,1.46617199453728836E-1,1.27214740070187915E0));
#1359=CARTESIAN_POINT('',(1.41318991556373924E-1,1.58927558561450133E-1,1.90718108439264200E0));
#1360=B_SPLINE_CURVE_WITH_KNOTS('',1,(#1358,#1359),.UNSPECIFIED.,.F.,.F.,(2,2),(0.00000000000000000E0,1.00000000000000000E0),.UNSPECIFIED.);
#1361=CARTESIAN_POINT('',(-1.37138928569827262E-1,-1.11544641325903304E-1,1.28828251575060615E0));
#1362=CARTESIAN_POINT('',(-1.43515452607067717E-1,-1.03557776969817134E-1,1.93178908459869825E0));
#1363=B_SPLINE_CURVE_WITH_KNOTS('',1,(#1361,#1362),.UNSPECIFIED.,.F.,.F.,(2,2),(0.00000000000000000E0,1.00000000000000000E0),.UNSPECIFIED.);
#1364=CARTESIAN_POINT('',(1.53033450493407497E-1,-8.97075889140635241E-2,1.93049062946847139E0));
#1365=CARTESIAN_POINT('',(1.06162284116866658E-2,-2.20950256679697171E-1,1.94279462957149951E0));
#1366=CARTESIAN_POINT('',(-1.43515452607067717E-1,-1.03557776969817134E-1,1.93178908459869825E0));
#1367=B_SPLINE_CURVE_WITH_KNOTS('',2,(#1364,#1365,#1366),.UNSPECIFIED.,.F.,.F.,(3,3),(0.00000000000000000E0,1.00000000000000000E0),.UNSPECIFIED.);
#1368=CARTESIAN_POINT('',(-1.44950157066158797E-1,1.37846680619110817E-1,1.27269555812904267E0));
#1369=CARTESIAN_POINT('',(-1.55229911544101290E-1,1.45077370505696551E-1,1.90847953952286886E0));
#1370=B_SPLINE_CURVE_WITH_KNOTS('',1,(#1368,#1369),.UNSPECIFIED.,.F.,.F.,(2,2),(0.00000000000000000E0,1.00000000000000000E0),.UNSPECIFIED.);
#1371=CARTESIAN_POINT('',(-1.43515452607067717E-1,-1.03557776969817134E-1,1.93178908459869825E0));
#1372=CARTESIAN_POINT('',(-2.97647133625822125E-1,1.38347027400629076E-2,1.92078353962589699E0));
#1373=CARTESIAN_POINT('',(-1.55229911544101290E-1,1.45077370505696551E-1,1.90847953952286886E0));
#1374=B_SPLINE_CURVE_WITH_KNOTS('',2,(#1371,#1372,#1373),.UNSPECIFIED.,.F.,.F.,(3,3),(0.00000000000000000E0,1.00000000000000000E0),.UNSPECIFIED.);
#1375=CARTESIAN_POINT('',(1.41318991556373924E-1,1.58927558561450133E-1,1.90718108439264200E0));
#1376=CARTESIAN_POINT('',(-1.28126894623804589E-2,2.76320038271330171E-1,1.89617553941984074E0));
#1377=CARTESIAN_POINT('',(-1.55229911544101290E-1,1.45077370505696551E-1,1.90847953952286886E0));
#1378=B_SPLINE_CURVE_WITH_KNOTS('',2,(#1375,#1376,#1377),.UNSPECIFIED.,.F.,.F.,(3,3),(0.00000000000000000E0,1.00000000000000000E0),.UNSPECIFIED.);
#1379=CARTESIAN_POINT('',(-6.17624954600364484E-1,4.97254809635336636E-1,1.87546290460446530E0));
#1380=CARTESIAN_POINT('',(-6.56961206791326524E-1,4.95134918268517021E-1,2.50109452387501818E0));
#1381=B_SPLINE_CURVE_WITH_KNOTS('',1,(#1379,#1380),.UNSPECIFIED.,.F.,.F.,(2,2),(0.00000000000000000E0,1.00000000000000000E0),.UNSPECIFIED.);
#1382=CARTESIAN_POINT('',(5.90598181583797399E-1,5.72606167380543485E-1,2.49141061773601447E0));
#1383=CARTESIAN_POINT('',(-6.44111715249545969E-2,1.02904077521295823E0,2.43435629175696278E0));
#1384=CARTESIAN_POINT('',(-6.56961206791326524E-1,4.95134918268517021E-1,2.50109452387501818E0));
#1385=B_SPLINE_CURVE_WITH_KNOTS('',2,(#1382,#1383,#1384),.UNSPECIFIED.,.F.,.F.,(3,3),(0.00000000000000000E0,1.00000000000000000E0),.UNSPECIFIED.);
#1386=CARTESIAN_POINT('',(5.68570657801536372E-1,5.52655561858351074E-1,1.87026908408355741E0));
#1387=CARTESIAN_POINT('',(5.90598181583797399E-1,5.72606167380543485E-1,2.49141061773601447E0));
#1388=B_SPLINE_CURVE_WITH_KNOTS('',1,(#1386,#1387),.UNSPECIFIED.,.F.,.F.,(2,2),(0.00000000000000000E0,1.00000000000000000E0),.UNSPECIFIED.);
#1389=CARTESIAN_POINT('',(-5.70767118852230193E-1,-4.97285780266718103E-1,1.96870108490778284E0));
#1390=CARTESIAN_POINT('',(-5.94501888948946289E-1,-4.95205546508338867E-1,2.62488708197212484E0));
#1391=B_SPLINE_CURVE_WITH_KNOTS('',1,(#1389,#1390),.UNSPECIFIED.,.F.,.F.,(2,2),(0.00000000000000000E0,1.00000000000000000E0),.UNSPECIFIED.);
#1392=CARTESIAN_POINT('',(-6.56961206791326524E-1,4.95134918268517021E-1,2.50109452387501818E0));
#1393=CARTESIAN_POINT('',(-1.24951124205769837E0,-3.87709386759241340E-2,2.56783275599307315E0));
#1394=CARTESIAN_POINT('',(-5.94501888948946289E-1,-4.95205546508338867E-1,2.62488708197212484E0));
#1395=B_SPLINE_CURVE_WITH_KNOTS('',2,(#1392,#1393,#1394),.UNSPECIFIED.,.F.,.F.,(3,3),(0.00000000000000000E0,1.00000000000000000E0),.UNSPECIFIED.);
#1396=CARTESIAN_POINT('',(6.15428493549670663E-1,-4.41885028043703665E-1,1.96350726438687517E0));
#1397=CARTESIAN_POINT('',(6.53057499426177634E-1,-4.17734297396312404E-1,2.61520317583312156E0));
#1398=B_SPLINE_CURVE_WITH_KNOTS('',1,(#1396,#1397),.UNSPECIFIED.,.F.,.F.,(2,2),(0.00000000000000000E0,1.00000000000000000E0),.UNSPECIFIED.);
#1399=CARTESIAN_POINT('',(-5.94501888948946289E-1,-4.95205546508338867E-1,2.62488708197212484E0));
#1400=CARTESIAN_POINT('',(6.05074641598058321E-2,-9.51640154340753552E-1,2.68194140795117653E0));
#1401=CARTESIAN_POINT('',(6.53057499426177634E-1,-4.17734297396312404E-1,2.61520317583312156E0));
#1402=B_SPLINE_CURVE_WITH_KNOTS('',2,(#1399,#1400,#1401),.UNSPECIFIED.,.F.,.F.,(3,3),(0.00000000000000000E0,1.00000000000000000E0),.UNSPECIFIED.);
#1403=CARTESIAN_POINT('',(5.90598181583797399E-1,5.72606167380543485E-1,2.49141061773601447E0));
#1404=CARTESIAN_POINT('',(1.24560753469254948E0,1.16171559548128689E-1,2.54846494371506616E0));
#1405=CARTESIAN_POINT('',(6.53057499426177634E-1,-4.17734297396312404E-1,2.61520317583312156E0));
#1406=B_SPLINE_CURVE_WITH_KNOTS('',2,(#1403,#1404,#1405),.UNSPECIFIED.,.F.,.F.,(3,3),(0.00000000000000000E0,1.00000000000000000E0),.UNSPECIFIED.);
#1407=CARTESIAN_POINT('',(1.53033450493407497E-1,-8.97075889140635241E-2,1.93049062946847139E0));
#1408=CARTESIAN_POINT('',(1.61800484594613631E-1,-7.54083415220014042E-2,2.57241243134883257E0));
#1409=B_SPLINE_CURVE_WITH_KNOTS('',1,(#1407,#1408),.UNSPECIFIED.,.F.,.F.,(2,2),(0.00000000000000000E0,1.00000000000000000E0),.UNSPECIFIED.);
#1410=CARTESIAN_POINT('',(1.46185655134018572E-1,1.72176774672212568E-1,2.54146429182455602E0));
#1411=CARTESIAN_POINT('',(3.09937993411206592E-1,5.80681227141088760E-2,2.55572787331931872E0));
#1412=CARTESIAN_POINT('',(1.61800484594613631E-1,-7.54083415220014042E-2,2.57241243134883257E0));
#1413=B_SPLINE_CURVE_WITH_KNOTS('',2,(#1410,#1411,#1412),.UNSPECIFIED.,.F.,.F.,(3,3),(0.00000000000000000E0,1.00000000000000000E0),.UNSPECIFIED.);
#1414=CARTESIAN_POINT('',(1.41318991556373924E-1,1.58927558561450133E-1,1.90718108439264200E0));
#1415=CARTESIAN_POINT('',(1.46185655134018572E-1,1.72176774672212568E-1,2.54146429182455602E0));
#1416=B_SPLINE_CURVE_WITH_KNOTS('',1,(#1414,#1415),.UNSPECIFIED.,.F.,.F.,(2,2),(0.00000000000000000E0,1.00000000000000000E0),.UNSPECIFIED.);
#1417=CARTESIAN_POINT('',(-1.43515452607067717E-1,-1.03557776969817134E-1,1.93178908459869825E0));
#1418=CARTESIAN_POINT('',(-1.50089362499167350E-1,-9.47761538000080062E-2,2.57483340788358372E0));
#1419=B_SPLINE_CURVE_WITH_KNOTS('',1,(#1417,#1418),.UNSPECIFIED.,.F.,.F.,(2,2),(0.00000000000000000E0,1.00000000000000000E0),.UNSPECIFIED.);
#1420=CARTESIAN_POINT('',(1.61800484594613631E-1,-7.54083415220014042E-2,2.57241243134883257E0));
#1421=CARTESIAN_POINT('',(1.36629757780206713E-2,-2.08884805758111691E-1,2.58909698937834643E0));
#1422=CARTESIAN_POINT('',(-1.50089362499167350E-1,-9.47761538000080062E-2,2.57483340788358372E0));
#1423=B_SPLINE_CURVE_WITH_KNOTS('',2,(#1420,#1421,#1422),.UNSPECIFIED.,.F.,.F.,(3,3),(0.00000000000000000E0,1.00000000000000000E0),.UNSPECIFIED.);
#1424=CARTESIAN_POINT('',(-1.55229911544101290E-1,1.45077370505696551E-1,1.90847953952286886E0));
#1425=CARTESIAN_POINT('',(-1.65704191959762409E-1,1.52808962394205966E-1,2.54388526835930673E0));
#1426=B_SPLINE_CURVE_WITH_KNOTS('',1,(#1424,#1425),.UNSPECIFIED.,.F.,.F.,(2,2),(0.00000000000000000E0,1.00000000000000000E0),.UNSPECIFIED.);
#1427=CARTESIAN_POINT('',(-1.50089362499167350E-1,-9.47761538000080062E-2,2.57483340788358372E0));
#1428=CARTESIAN_POINT('',(-3.13841700776355370E-1,1.93324981580956720E-2,2.56056982638882058E0));
#1429=CARTESIAN_POINT('',(-1.65704191959762409E-1,1.52808962394205966E-1,2.54388526835930673E0));
#1430=B_SPLINE_CURVE_WITH_KNOTS('',2,(#1427,#1428,#1429),.UNSPECIFIED.,.F.,.F.,(3,3),(0.00000000000000000E0,1.00000000000000000E0),.UNSPECIFIED.);
#1431=CARTESIAN_POINT('',(1.46185655134018572E-1,1.72176774672212568E-1,2.54146429182455602E0));
#1432=CARTESIAN_POINT('',(-1.75666831431694342E-2,2.86285426630316253E-1,2.52720071032979288E0));
#1433=CARTESIAN_POINT('',(-1.65704191959762409E-1,1.52808962394205966E-1,2.54388526835930673E0));
#1434=B_SPLINE_CURVE_WITH_KNOTS('',2,(#1431,#1432,#1433),.UNSPECIFIED.,.F.,.F.,(3,3),(0.00000000000000000E0,1.00000000000000000E0),.UNSPECIFIED.);
#1435=CARTESIAN_POINT('',(-6.56961206791326524E-1,4.95134918268517021E-1,2.50109452387501818E0));
#1436=CARTESIAN_POINT('',(-6.96319732408548053E-1,4.92432989597663240E-1,3.12713026891394730E0));
#1437=B_SPLINE_CURVE_WITH_KNOTS('',1,(#1435,#1436),.UNSPECIFIED.,.F.,.F.,(2,2),(0.00000000000000000E0,1.00000000000000000E0),.UNSPECIFIED.);
#1438=CARTESIAN_POINT('',(6.12176872316239629E-1,5.93639791037324560E-1,3.11131670618900014E0));
#1439=CARTESIAN_POINT('',(-8.10942057411379175E-2,1.03553558711389337E0,3.04227048805203637E0));
#1440=CARTESIAN_POINT('',(-6.96319732408548053E-1,4.92432989597663240E-1,3.12713026891394730E0));
#1441=B_SPLINE_CURVE_WITH_KNOTS('',2,(#1438,#1439,#1440),.UNSPECIFIED.,.F.,.F.,(3,3),(0.00000000000000000E0,1.00000000000000000E0),.UNSPECIFIED.);
#1442=CARTESIAN_POINT('',(5.90598181583797399E-1,5.72606167380543485E-1,2.49141061773601447E0));
#1443=CARTESIAN_POINT('',(6.12176872316239629E-1,5.93639791037324560E-1,3.11131670618900014E0));
#1444=B_SPLINE_CURVE_WITH_KNOTS('',1,(#1442,#1443),.UNSPECIFIED.,.F.,.F.,(2,2),(0.00000000000000000E0,1.00000000000000000E0),.UNSPECIFIED.);
#1445=CARTESIAN_POINT('',(-5.94501888948946289E-1,-4.95205546508338867E-1,2.62488708197212484E0));
#1446=CARTESIAN_POINT('',(-6.18274181018580782E-1,-4.92565403995135709E-1,3.28103626791282199E0));
#1447=B_SPLINE_CURVE_WITH_KNOTS('',1,(#1445,#1446),.UNSPECIFIED.,.F.,.F.,(2,2),(0.00000000000000000E0,1.00000000000000000E0),.UNSPECIFIED.);
#1448=CARTESIAN_POINT('',(-6.96319732408548053E-1,4.92432989597663240E-1,3.12713026891394730E0));
#1449=CARTESIAN_POINT('',(-1.31154525907595820E0,-5.06696079185668946E-2,3.21199004977585822E0));
#1450=CARTESIAN_POINT('',(-6.18274181018580782E-1,-4.92565403995135709E-1,3.28103626791282199E0));
#1451=B_SPLINE_CURVE_WITH_KNOTS('',2,(#1448,#1449,#1450),.UNSPECIFIED.,.F.,.F.,(3,3),(0.00000000000000000E0,1.00000000000000000E0),.UNSPECIFIED.);
#1452=CARTESIAN_POINT('',(6.53057499426177634E-1,-4.17734297396312404E-1,2.61520317583312156E0));
#1453=CARTESIAN_POINT('',(6.90222423706206900E-1,-3.91358602555474333E-1,3.26522270518787527E0));
#1454=B_SPLINE_CURVE_WITH_KNOTS('',1,(#1452,#1453),.UNSPECIFIED.,.F.,.F.,(2,2),(0.00000000000000000E0,1.00000000000000000E0),.UNSPECIFIED.);
#1455=CARTESIAN_POINT('',(-6.18274181018580782E-1,-4.92565403995135709E-1,3.28103626791282199E0));
#1456=CARTESIAN_POINT('',(7.49968970387967088E-2,-9.34461200071704523E-1,3.35008248604978620E0));
#1457=CARTESIAN_POINT('',(6.90222423706206900E-1,-3.91358602555474333E-1,3.26522270518787527E0));
#1458=B_SPLINE_CURVE_WITH_KNOTS('',2,(#1455,#1456,#1457),.UNSPECIFIED.,.F.,.F.,(3,3),(0.00000000000000000E0,1.00000000000000000E0),.UNSPECIFIED.);
#1459=CARTESIAN_POINT('',(6.12176872316239629E-1,5.93639791037324560E-1,3.11131670618900014E0));
#1460=CARTESIAN_POINT('',(1.30544795037361716E0,1.51743994960755829E-1,3.18036292432596435E0));
#1461=CARTESIAN_POINT('',(6.90222423706206900E-1,-3.91358602555474333E-1,3.26522270518787527E0));
#1462=B_SPLINE_CURVE_WITH_KNOTS('',2,(#1459,#1460,#1461),.UNSPECIFIED.,.F.,.F.,(3,3),(0.00000000000000000E0,1.00000000000000000E0),.UNSPECIFIED.);
#1463=CARTESIAN_POINT('',(1.61800484594613631E-1,-7.54083415220014042E-2,2.57241243134883257E0));
#1464=CARTESIAN_POINT('',(1.70269115163173779E-1,-5.99367554980477432E-2,3.21343804158515223E0));
#1465=B_SPLINE_CURVE_WITH_KNOTS('',1,(#1463,#1464),.UNSPECIFIED.,.F.,.F.,(2,2),(0.00000000000000000E0,1.00000000000000000E0),.UNSPECIFIED.);
#1466=CARTESIAN_POINT('',(1.50757727315681961E-1,1.86312842900151987E-1,3.17496154183543311E0));
#1467=CARTESIAN_POINT('',(3.24075496830026344E-1,7.58388938810097973E-2,3.19222309636967427E0));
#1468=CARTESIAN_POINT('',(1.70269115163173779E-1,-5.99367554980477432E-2,3.21343804158515223E0));
#1469=B_SPLINE_CURVE_WITH_KNOTS('',2,(#1466,#1467,#1468),.UNSPECIFIED.,.F.,.F.,(3,3),(0.00000000000000000E0,1.00000000000000000E0),.UNSPECIFIED.);
#1470=CARTESIAN_POINT('',(1.46185655134018572E-1,1.72176774672212568E-1,2.54146429182455602E0));
#1471=CARTESIAN_POINT('',(1.50757727315681961E-1,1.86312842900151987E-1,3.17496154183543311E0));
#1472=B_SPLINE_CURVE_WITH_KNOTS('',1,(#1470,#1471),.UNSPECIFIED.,.F.,.F.,(2,2),(0.00000000000000000E0,1.00000000000000000E0),.UNSPECIFIED.);
#1473=CARTESIAN_POINT('',(-1.50089362499167350E-1,-9.47761538000080062E-2,2.57483340788358372E0));
#1474=CARTESIAN_POINT('',(-1.56855036018023142E-1,-8.52384558579630802E-2,3.21739143226638902E0));
#1475=B_SPLINE_CURVE_WITH_KNOTS('',1,(#1473,#1474),.UNSPECIFIED.,.F.,.F.,(2,2),(0.00000000000000000E0,1.00000000000000000E0),.UNSPECIFIED.);
#1476=CARTESIAN_POINT('',(1.70269115163173779E-1,-5.99367554980477432E-2,3.21343804158515223E0));
#1477=CARTESIAN_POINT('',(1.64627334963212309E-2,-1.95712404877105284E-1,3.23465298680063018E0));
#1478=CARTESIAN_POINT('',(-1.56855036018023142E-1,-8.52384558579630802E-2,3.21739143226638902E0));
#1479=B_SPLINE_CURVE_WITH_KNOTS('',2,(#1476,#1477,#1478),.UNSPECIFIED.,.F.,.F.,(3,3),(0.00000000000000000E0,1.00000000000000000E0),.UNSPECIFIED.);
#1480=CARTESIAN_POINT('',(-1.65704191959762409E-1,1.52808962394205966E-1,2.54388526835930673E0));
#1481=CARTESIAN_POINT('',(-1.76366423865514960E-1,1.61011142540236657E-1,3.17891493251666990E0));
#1482=B_SPLINE_CURVE_WITH_KNOTS('',1,(#1480,#1481),.UNSPECIFIED.,.F.,.F.,(2,2),(0.00000000000000000E0,1.00000000000000000E0),.UNSPECIFIED.);
#1483=CARTESIAN_POINT('',(-1.56855036018023142E-1,-8.52384558579630802E-2,3.21739143226638902E0));
#1484=CARTESIAN_POINT('',(-3.30172805532367497E-1,2.52354931611791164E-2,3.20012987773214785E0));
#1485=CARTESIAN_POINT('',(-1.76366423865514960E-1,1.61011142540236657E-1,3.17891493251666990E0));
#1486=B_SPLINE_CURVE_WITH_KNOTS('',2,(#1483,#1484,#1485),.UNSPECIFIED.,.F.,.F.,(3,3),(0.00000000000000000E0,1.00000000000000000E0),.UNSPECIFIED.);
#1487=CARTESIAN_POINT('',(1.50757727315681961E-1,1.86312842900151987E-1,3.17496154183543311E0));
#1488=CARTESIAN_POINT('',(-2.25600421986624257E-2,2.96786791919294191E-1,3.15769998730119239E0));
#1489=CARTESIAN_POINT('',(-1.76366423865514960E-1,1.61011142540236657E-1,3.17891493251666990E0));
#1490=B_SPLINE_CURVE_WITH_KNOTS('',2,(#1487,#1488,#1489),.UNSPECIFIED.,.F.,.F.,(3,3),(0.00000000000000000E0,1.00000000000000000E0),.UNSPECIFIED.);
#1491=CARTESIAN_POINT('',(-6.96319732408548053E-1,4.92432989597663240E-1,3.12713026891394730E0));
#1492=CARTESIAN_POINT('',(-7.35675434334297385E-1,4.89168482194881793E-1,3.75366462401873147E0));
#1493=B_SPLINE_CURVE_WITH_KNOTS('',1,(#1491,#1492),.UNSPECIFIED.,.F.,.F.,(2,2),(0.00000000000000000E0,1.00000000000000000E0),.UNSPECIFIED.);
#1494=CARTESIAN_POINT('',(6.33286509545455067E-1,6.15681338272104028E-1,3.72994346350425232E0));
#1495=CARTESIAN_POINT('',(-9.80008280121775627E-2,1.04170295372838484E0,3.65006441060619968E0));
#1496=CARTESIAN_POINT('',(-7.35675434334297385E-1,4.89168482194881793E-1,3.75366462401873147E0));
#1497=B_SPLINE_CURVE_WITH_KNOTS('',2,(#1494,#1495,#1496),.UNSPECIFIED.,.F.,.F.,(3,3),(0.00000000000000000E0,1.00000000000000000E0),.UNSPECIFIED.);
#1498=CARTESIAN_POINT('',(6.12176872316239629E-1,5.93639791037324560E-1,3.11131670618900014E0));
#1499=CARTESIAN_POINT('',(6.33286509545455067E-1,6.15681338272104028E-1,3.72994346350425232E0));
#1500=B_SPLINE_CURVE_WITH_KNOTS('',1,(#1498,#1499),.UNSPECIFIED.,.F.,.F.,(2,2),(0.00000000000000000E0,1.00000000000000000E0),.UNSPECIFIED.);
#1501=CARTESIAN_POINT('',(-6.18274181018580782E-1,-4.92565403995135709E-1,3.28103626791282199E0));
#1502=CARTESIAN_POINT('',(-6.42062703098784437E-1,-4.89387604794902009E-1,3.93714389032931589E0));
#1503=B_SPLINE_CURVE_WITH_KNOTS('',1,(#1501,#1502),.UNSPECIFIED.,.F.,.F.,(2,2),(0.00000000000000000E0,1.00000000000000000E0),.UNSPECIFIED.);
#1504=CARTESIAN_POINT('',(-7.35675434334297385E-1,4.89168482194881793E-1,3.75366462401873147E0));
#1505=CARTESIAN_POINT('',(-1.37335004065641719E0,-6.33659893386212814E-2,3.85726483743126325E0));
#1506=CARTESIAN_POINT('',(-6.42062703098784437E-1,-4.89387604794902009E-1,3.93714389032931589E0));
#1507=B_SPLINE_CURVE_WITH_KNOTS('',2,(#1504,#1505,#1506),.UNSPECIFIED.,.F.,.F.,(3,3),(0.00000000000000000E0,1.00000000000000000E0),.UNSPECIFIED.);
#1508=CARTESIAN_POINT('',(6.90222423706206900E-1,-3.91358602555474333E-1,3.26522270518787527E0));
#1509=CARTESIAN_POINT('',(7.26899240780968015E-1,-3.62874748717679774E-1,3.91342272981483674E0));
#1510=B_SPLINE_CURVE_WITH_KNOTS('',1,(#1508,#1509),.UNSPECIFIED.,.F.,.F.,(2,2),(0.00000000000000000E0,1.00000000000000000E0),.UNSPECIFIED.);
#1511=CARTESIAN_POINT('',(-6.42062703098784437E-1,-4.89387604794902009E-1,3.93714389032931589E0));
#1512=CARTESIAN_POINT('',(8.92246344588482204E-2,-9.15409220251182765E-1,4.01702294322736808E0));
#1513=CARTESIAN_POINT('',(7.26899240780968015E-1,-3.62874748717679774E-1,3.91342272981483674E0));
#1514=B_SPLINE_CURVE_WITH_KNOTS('',2,(#1511,#1512,#1513),.UNSPECIFIED.,.F.,.F.,(3,3),(0.00000000000000000E0,1.00000000000000000E0),.UNSPECIFIED.);
#1515=CARTESIAN_POINT('',(6.33286509545455067E-1,6.15681338272104028E-1,3.72994346350425232E0));
#1516=CARTESIAN_POINT('',(1.36457384710308771E0,1.89659722815823245E-1,3.80982251640230496E0));
#1517=CARTESIAN_POINT('',(7.26899240780968015E-1,-3.62874748717679774E-1,3.91342272981483674E0));
#1518=B_SPLINE_CURVE_WITH_KNOTS('',2,(#1515,#1516,#1517),.UNSPECIFIED.,.F.,.F.,(3,3),(0.00000000000000000E0,1.00000000000000000E0),.UNSPECIFIED.);
#1519=CARTESIAN_POINT('',(1.70269115163173779E-1,-5.99367554980477432E-2,3.21343804158515223E0));
#1520=CARTESIAN_POINT('',(1.78433737612743504E-1,-4.33585371254691931E-2,3.85351344014129715E0));
#1521=B_SPLINE_CURVE_WITH_KNOTS('',1,(#1519,#1520),.UNSPECIFIED.,.F.,.F.,(2,2),(0.00000000000000000E0,1.00000000000000000E0),.UNSPECIFIED.);
#1522=CARTESIAN_POINT('',(1.55030554803865267E-1,2.01280484621976730E-1,3.80764362356365105E0));
#1523=CARTESIAN_POINT('',(3.37852389193273428E-1,9.47750807579065546E-2,3.82761338678816410E0));
#1524=CARTESIAN_POINT('',(1.78433737612743504E-1,-4.33585371254691931E-2,3.85351344014129715E0));
#1525=B_SPLINE_CURVE_WITH_KNOTS('',2,(#1522,#1523,#1524),.UNSPECIFIED.,.F.,.F.,(3,3),(0.00000000000000000E0,1.00000000000000000E0),.UNSPECIFIED.);
#1526=CARTESIAN_POINT('',(1.50757727315681961E-1,1.86312842900151987E-1,3.17496154183543311E0));
#1527=CARTESIAN_POINT('',(1.55030554803865267E-1,2.01280484621976730E-1,3.80764362356365105E0));
#1528=B_SPLINE_CURVE_WITH_KNOTS('',1,(#1526,#1527),.UNSPECIFIED.,.F.,.F.,(2,2),(0.00000000000000000E0,1.00000000000000000E0),.UNSPECIFIED.);
#1529=CARTESIAN_POINT('',(-1.56855036018023142E-1,-8.52384558579630802E-2,3.21739143226638902E0));
#1530=CARTESIAN_POINT('',(-1.63806748357194609E-1,-7.49867511447747659E-2,3.85944373026991716E0));
#1531=B_SPLINE_CURVE_WITH_KNOTS('',1,(#1529,#1530),.UNSPECIFIED.,.F.,.F.,(2,2),(0.00000000000000000E0,1.00000000000000000E0),.UNSPECIFIED.);
#1532=CARTESIAN_POINT('',(1.78433737612743504E-1,-4.33585371254691931E-2,3.85351344014129715E0));
#1533=CARTESIAN_POINT('',(1.90150860322135552E-2,-1.81492155008844941E-1,3.87941349349443021E0));
#1534=CARTESIAN_POINT('',(-1.63806748357194609E-1,-7.49867511447747659E-2,3.85944373026991716E0));
#1535=B_SPLINE_CURVE_WITH_KNOTS('',2,(#1532,#1533,#1534),.UNSPECIFIED.,.F.,.F.,(3,3),(0.00000000000000000E0,1.00000000000000000E0),.UNSPECIFIED.);
#1536=CARTESIAN_POINT('',(-1.76366423865514960E-1,1.61011142540236657E-1,3.17891493251666990E0));
#1537=CARTESIAN_POINT('',(-1.87209931166072846E-1,1.69652270602671185E-1,3.81357391369227106E0));
#1538=B_SPLINE_CURVE_WITH_KNOTS('',1,(#1536,#1537),.UNSPECIFIED.,.F.,.F.,(2,2),(0.00000000000000000E0,1.00000000000000000E0),.UNSPECIFIED.);
#1539=CARTESIAN_POINT('',(-1.63806748357194609E-1,-7.49867511447747659E-2,3.85944373026991716E0));
#1540=CARTESIAN_POINT('',(-3.46628582746602798E-1,3.15186527192954230E-2,3.83947396704540367E0));
#1541=CARTESIAN_POINT('',(-1.87209931166072846E-1,1.69652270602671185E-1,3.81357391369227106E0));
#1542=B_SPLINE_CURVE_WITH_KNOTS('',2,(#1539,#1540,#1541),.UNSPECIFIED.,.F.,.F.,(3,3),(0.00000000000000000E0,1.00000000000000000E0),.UNSPECIFIED.);
#1543=CARTESIAN_POINT('',(1.55030554803865267E-1,2.01280484621976730E-1,3.80764362356365105E0));
#1544=CARTESIAN_POINT('',(-2.77912795855428905E-2,3.07785888486046932E-1,3.78767386033913800E0));
#1545=CARTESIAN_POINT('',(-1.87209931166072846E-1,1.69652270602671185E-1,3.81357391369227106E0));
#1546=B_SPLINE_CURVE_WITH_KNOTS('',2,(#1543,#1544,#1545),.UNSPECIFIED.,.F.,.F.,(3,3),(0.00000000000000000E0,1.00000000000000000E0),.UNSPECIFIED.);
#1547=CARTESIAN_POINT('',(-7.35675434334297385E-1,4.89168482194881793E-1,3.75366462401873147E0));
#1548=CARTESIAN_POINT('',(-7.75003175327368177E-1,4.85365075601005169E-1,4.38078769389110256E0));
#1549=B_SPLINE_CURVE_WITH_KNOTS('',1,(#1547,#1548),.UNSPECIFIED.,.F.,.F.,(2,2),(0.00000000000000000E0,1.00000000000000000E0),.UNSPECIFIED.);
#1550=CARTESIAN_POINT('',(6.53907065356307382E-1,6.38653651069119199E-1,4.34725581800745253E0));
#1551=CARTESIAN_POINT('',(-1.15126583423191570E-1,1.04754064645908973E0,4.25781178776589719E0));
#1552=CARTESIAN_POINT('',(-7.75003175327368177E-1,4.85365075601005169E-1,4.38078769389110256E0));
#1553=B_SPLINE_CURVE_WITH_KNOTS('',2,(#1550,#1551,#1552),.UNSPECIFIED.,.F.,.F.,(3,3),(0.00000000000000000E0,1.00000000000000000E0),.UNSPECIFIED.);
#1554=CARTESIAN_POINT('',(6.33286509545455067E-1,6.15681338272104028E-1,3.72994346350425232E0));
#1555=CARTESIAN_POINT('',(6.53907065356307382E-1,6.38653651069119199E-1,4.34725581800745253E0));
#1556=B_SPLINE_CURVE_WITH_KNOTS('',1,(#1554,#1555),.UNSPECIFIED.,.F.,.F.,(2,2),(0.00000000000000000E0,1.00000000000000000E0),.UNSPECIFIED.);
#1557=CARTESIAN_POINT('',(-6.42062703098784437E-1,-4.89387604794902009E-1,3.93714389032931589E0));
#1558=CARTESIAN_POINT('',(-6.65846118452045777E-1,-4.85697490647049923E-1,4.59320763025786505E0));
#1559=B_SPLINE_CURVE_WITH_KNOTS('',1,(#1557,#1558),.UNSPECIFIED.,.F.,.F.,(2,2),(0.00000000000000000E0,1.00000000000000000E0),.UNSPECIFIED.);
#1560=CARTESIAN_POINT('',(-7.75003175327368177E-1,4.85365075601005169E-1,4.38078769389110256E0));
#1561=CARTESIAN_POINT('',(-1.43487976723154476E0,-7.68104952570793642E-2,4.50376360001630882E0));
#1562=CARTESIAN_POINT('',(-6.65846118452045777E-1,-4.85697490647049923E-1,4.59320763025786505E0));
#1563=B_SPLINE_CURVE_WITH_KNOTS('',2,(#1560,#1561,#1562),.UNSPECIFIED.,.F.,.F.,(3,3),(0.00000000000000000E0,1.00000000000000000E0),.UNSPECIFIED.);
#1564=CARTESIAN_POINT('',(7.26899240780968015E-1,-3.62874748717679774E-1,3.91342272981483674E0));
#1565=CARTESIAN_POINT('',(7.63064122231629782E-1,-3.32408915178935893E-1,4.55967575437421502E0));
#1566=B_SPLINE_CURVE_WITH_KNOTS('',1,(#1564,#1565),.UNSPECIFIED.,.F.,.F.,(2,2),(0.00000000000000000E0,1.00000000000000000E0),.UNSPECIFIED.);
#1567=CARTESIAN_POINT('',(-6.65846118452045777E-1,-4.85697490647049923E-1,4.59320763025786505E0));
#1568=CARTESIAN_POINT('',(1.03187530327453175E-1,-8.94584486037020454E-1,4.68265166049942128E0));
#1569=CARTESIAN_POINT('',(7.63064122231629782E-1,-3.32408915178935893E-1,4.55967575437421502E0));
#1570=B_SPLINE_CURVE_WITH_KNOTS('',2,(#1567,#1568,#1569),.UNSPECIFIED.,.F.,.F.,(3,3),(0.00000000000000000E0,1.00000000000000000E0),.UNSPECIFIED.);
#1571=CARTESIAN_POINT('',(6.53907065356307382E-1,6.38653651069119199E-1,4.34725581800745253E0));
#1572=CARTESIAN_POINT('',(1.42294071413580636E0,2.29766655679148696E-1,4.43669984824900876E0));
#1573=CARTESIAN_POINT('',(7.63064122231629782E-1,-3.32408915178935893E-1,4.55967575437421502E0));
#1574=B_SPLINE_CURVE_WITH_KNOTS('',2,(#1571,#1572,#1573),.UNSPECIFIED.,.F.,.F.,(3,3),(0.00000000000000000E0,1.00000000000000000E0),.UNSPECIFIED.);
#1575=CARTESIAN_POINT('',(1.78433737612743504E-1,-4.33585371254691931E-2,3.85351344014129715E0));
#1576=CARTESIAN_POINT('',(1.86288885647005548E-1,-2.57436686364579670E-2,4.49259273169304763E0));
#1577=B_SPLINE_CURVE_WITH_KNOTS('',1,(#1575,#1576),.UNSPECIFIED.,.F.,.F.,(2,2),(0.00000000000000000E0,1.00000000000000000E0),.UNSPECIFIED.);
#1578=CARTESIAN_POINT('',(1.58999621428174948E-1,2.17021972925555806E-1,4.43948774760135745E0));
#1579=CARTESIAN_POINT('',(3.51258033623049692E-1,1.14800224078063173E-1,4.46184875516174628E0));
#1580=CARTESIAN_POINT('',(1.86288885647005548E-1,-2.57436686364579670E-2,4.49259273169304763E0));
#1581=B_SPLINE_CURVE_WITH_KNOTS('',2,(#1578,#1579,#1580),.UNSPECIFIED.,.F.,.F.,(3,3),(0.00000000000000000E0,1.00000000000000000E0),.UNSPECIFIED.);
#1582=CARTESIAN_POINT('',(1.55030554803865267E-1,2.01280484621976730E-1,3.80764362356365105E0));
#1583=CARTESIAN_POINT('',(1.58999621428174948E-1,2.17021972925555806E-1,4.43948774760135745E0));
#1584=B_SPLINE_CURVE_WITH_KNOTS('',1,(#1582,#1583),.UNSPECIFIED.,.F.,.F.,(2,2),(0.00000000000000000E0,1.00000000000000000E0),.UNSPECIFIED.);
#1585=CARTESIAN_POINT('',(-1.63806748357194609E-1,-7.49867511447747659E-2,3.85944373026991716E0));
#1586=CARTESIAN_POINT('',(-1.70938674523913342E-1,-6.40658125034864745E-2,4.50097570066396013E0));
#1587=B_SPLINE_CURVE_WITH_KNOTS('',1,(#1585,#1586),.UNSPECIFIED.,.F.,.F.,(2,2),(0.00000000000000000E0,1.00000000000000000E0),.UNSPECIFIED.);
#1588=CARTESIAN_POINT('',(1.86288885647005548E-1,-2.57436686364579670E-2,4.49259273169304763E0));
#1589=CARTESIAN_POINT('',(2.13197376709613994E-2,-1.66287561350979107E-1,4.52333670822434897E0));
#1590=CARTESIAN_POINT('',(-1.70938674523913342E-1,-6.40658125034864745E-2,4.50097570066396013E0));
#1591=B_SPLINE_CURVE_WITH_KNOTS('',2,(#1588,#1589,#1590),.UNSPECIFIED.,.F.,.F.,(3,3),(0.00000000000000000E0,1.00000000000000000E0),.UNSPECIFIED.);
#1592=CARTESIAN_POINT('',(-1.87209931166072846E-1,1.69652270602671185E-1,3.81357391369227106E0));
#1593=CARTESIAN_POINT('',(-1.98227938742743942E-1,1.78699829058527299E-1,4.44787071657226996E0));
#1594=B_SPLINE_CURVE_WITH_KNOTS('',1,(#1592,#1593),.UNSPECIFIED.,.F.,.F.,(2,2),(0.00000000000000000E0,1.00000000000000000E0),.UNSPECIFIED.);
#1595=CARTESIAN_POINT('',(-1.70938674523913342E-1,-6.40658125034864745E-2,4.50097570066396013E0));
#1596=CARTESIAN_POINT('',(-3.63197086718788087E-1,3.81559363440061583E-2,4.47861469310357130E0));
#1597=CARTESIAN_POINT('',(-1.98227938742743942E-1,1.78699829058527299E-1,4.44787071657226996E0));
#1598=B_SPLINE_CURVE_WITH_KNOTS('',2,(#1595,#1596,#1597),.UNSPECIFIED.,.F.,.F.,(3,3),(0.00000000000000000E0,1.00000000000000000E0),.UNSPECIFIED.);
#1599=CARTESIAN_POINT('',(1.58999621428174948E-1,2.17021972925555806E-1,4.43948774760135745E0));
#1600=CARTESIAN_POINT('',(-3.32587907666997834E-2,3.19243721773048439E-1,4.41712674004096861E0));
#1601=CARTESIAN_POINT('',(-1.98227938742743942E-1,1.78699829058527299E-1,4.44787071657226996E0));
#1602=B_SPLINE_CURVE_WITH_KNOTS('',2,(#1599,#1600,#1601),.UNSPECIFIED.,.F.,.F.,(3,3),(0.00000000000000000E0,1.00000000000000000E0),.UNSPECIFIED.);
#1603=CARTESIAN_POINT('',(-7.75003175327368177E-1,4.85365075601005169E-1,4.38078769389110256E0));
#1604=CARTESIAN_POINT('',(-8.14277787951187326E-1,4.81050143073446346E-1,5.00858451503219015E0));
#1605=B_SPLINE_CURVE_WITH_KNOTS('',1,(#1603,#1604),.UNSPECIFIED.,.F.,.F.,(2,2),(0.00000000000000000E0,1.00000000000000000E0),.UNSPECIFIED.);
#1606=CARTESIAN_POINT('',(6.74018712892806127E-1,6.62478529400392535E-1,4.96322741845045368E0));
#1607=CARTESIAN_POINT('',(-1.32466904221804432E-1,1.05305089899903304E0,4.86558432605079361E0));
#1608=CARTESIAN_POINT('',(-8.14277787951187326E-1,4.81050143073446346E-1,5.00858451503219015E0));
#1609=B_SPLINE_CURVE_WITH_KNOTS('',2,(#1606,#1607,#1608),.UNSPECIFIED.,.F.,.F.,(3,3),(0.00000000000000000E0,1.00000000000000000E0),.UNSPECIFIED.);
#1610=CARTESIAN_POINT('',(6.53907065356307382E-1,6.38653651069119199E-1,4.34725581800745253E0));
#1611=CARTESIAN_POINT('',(6.74018712892806127E-1,6.62478529400392535E-1,4.96322741845045368E0));
#1612=B_SPLINE_CURVE_WITH_KNOTS('',1,(#1610,#1611),.UNSPECIFIED.,.F.,.F.,(2,2),(0.00000000000000000E0,1.00000000000000000E0),.UNSPECIFIED.);
#1613=CARTESIAN_POINT('',(-6.65846118452045777E-1,-4.85697490647049923E-1,4.59320763025786505E0));
#1614=CARTESIAN_POINT('',(-6.89603054565959606E-1,-4.81522982450780901E-1,5.24922779641324677E0));
#1615=B_SPLINE_CURVE_WITH_KNOTS('',1,(#1613,#1614),.UNSPECIFIED.,.F.,.F.,(2,2),(0.00000000000000000E0,1.00000000000000000E0),.UNSPECIFIED.);
#1616=CARTESIAN_POINT('',(-8.14277787951187326E-1,4.81050143073446346E-1,5.00858451503219015E0));
#1617=CARTESIAN_POINT('',(-1.49608867168057014E0,-9.09506128521403862E-2,5.15158470401358670E0));
#1618=CARTESIAN_POINT('',(-6.89603054565959606E-1,-4.81522982450780901E-1,5.24922779641324677E0));
#1619=B_SPLINE_CURVE_WITH_KNOTS('',2,(#1616,#1617,#1618),.UNSPECIFIED.,.F.,.F.,(3,3),(0.00000000000000000E0,1.00000000000000000E0),.UNSPECIFIED.);
#1620=CARTESIAN_POINT('',(7.63064122231629782E-1,-3.32408915178935893E-1,4.55967575437421502E0));
#1621=CARTESIAN_POINT('',(7.98693446278033847E-1,-3.00094596123834711E-1,5.20387069983151029E0));
#1622=B_SPLINE_CURVE_WITH_KNOTS('',1,(#1620,#1621),.UNSPECIFIED.,.F.,.F.,(2,2),(0.00000000000000000E0,1.00000000000000000E0),.UNSPECIFIED.);
#1623=CARTESIAN_POINT('',(-6.89603054565959606E-1,-4.81522982450780901E-1,5.24922779641324677E0));
#1624=CARTESIAN_POINT('',(1.16882562548650967E-1,-8.72095352049421457E-1,5.34687088881290684E0));
#1625=CARTESIAN_POINT('',(7.98693446278033847E-1,-3.00094596123834711E-1,5.20387069983151029E0));
#1626=B_SPLINE_CURVE_WITH_KNOTS('',2,(#1623,#1624,#1625),.UNSPECIFIED.,.F.,.F.,(3,3),(0.00000000000000000E0,1.00000000000000000E0),.UNSPECIFIED.);
#1627=CARTESIAN_POINT('',(6.74018712892806127E-1,6.62478529400392535E-1,4.96322741845045368E0));
#1628=CARTESIAN_POINT('',(1.48050433000741677E0,2.71906159801752034E-1,5.06087051085011375E0));
#1629=CARTESIAN_POINT('',(7.98693446278033847E-1,-3.00094596123834711E-1,5.20387069983151029E0));
#1630=B_SPLINE_CURVE_WITH_KNOTS('',2,(#1627,#1628,#1629),.UNSPECIFIED.,.F.,.F.,(3,3),(0.00000000000000000E0,1.00000000000000000E0),.UNSPECIFIED.);
#1631=CARTESIAN_POINT('',(1.86288885647005548E-1,-2.57436686364579670E-2,4.49259273169304763E0));
#1632=CARTESIAN_POINT('',(1.93829233442075921E-1,-7.16531892485430810E-3,5.13063838053176546E0));
#1633=B_SPLINE_CURVE_WITH_KNOTS('',1,(#1631,#1632),.UNSPECIFIED.,.F.,.F.,(2,2),(0.00000000000000000E0,1.00000000000000000E0),.UNSPECIFIED.);
#1634=CARTESIAN_POINT('',(1.62660550095768991E-1,2.33477962456202504E-1,5.07047756018650109E0));
#1635=CARTESIAN_POINT('',(3.64281954374421624E-1,1.35834870056542378E-1,5.09488833328641633E0));
#1636=CARTESIAN_POINT('',(1.93829233442075921E-1,-7.16531892485430810E-3,5.13063838053176546E0));
#1637=B_SPLINE_CURVE_WITH_KNOTS('',2,(#1634,#1635,#1636),.UNSPECIFIED.,.F.,.F.,(3,3),(0.00000000000000000E0,1.00000000000000000E0),.UNSPECIFIED.);
#1638=CARTESIAN_POINT('',(1.58999621428174948E-1,2.17021972925555806E-1,4.43948774760135745E0));
#1639=CARTESIAN_POINT('',(1.62660550095768991E-1,2.33477962456202504E-1,5.07047756018650109E0));
#1640=B_SPLINE_CURVE_WITH_KNOTS('',1,(#1638,#1639),.UNSPECIFIED.,.F.,.F.,(2,2),(0.00000000000000000E0,1.00000000000000000E0),.UNSPECIFIED.);
#1641=CARTESIAN_POINT('',(-1.70938674523913342E-1,-6.40658125034864745E-2,4.50097570066396013E0));
#1642=CARTESIAN_POINT('',(-1.78244891768922442E-1,-5.25224155065908624E-2,5.14197765467719936E0));
#1643=B_SPLINE_CURVE_WITH_KNOTS('',1,(#1641,#1642),.UNSPECIFIED.,.F.,.F.,(2,2),(0.00000000000000000E0,1.00000000000000000E0),.UNSPECIFIED.);
#1644=CARTESIAN_POINT('',(1.93829233442075921E-1,-7.16531892485430810E-3,5.13063838053176546E0));
#1645=CARTESIAN_POINT('',(2.33765125097301907E-2,-1.50165507906250995E-1,5.16638842777711460E0));
#1646=CARTESIAN_POINT('',(-1.78244891768922442E-1,-5.25224155065908624E-2,5.14197765467719936E0));
#1647=B_SPLINE_CURVE_WITH_KNOTS('',2,(#1644,#1645,#1646),.UNSPECIFIED.,.F.,.F.,(3,3),(0.00000000000000000E0,1.00000000000000000E0),.UNSPECIFIED.);
#1648=CARTESIAN_POINT('',(-1.98227938742743942E-1,1.78699829058527299E-1,4.44787071657226996E0));
#1649=CARTESIAN_POINT('',(-2.09413575115229372E-1,1.88120865874465942E-1,5.08181683433193498E0));
#1650=B_SPLINE_CURVE_WITH_KNOTS('',1,(#1648,#1649),.UNSPECIFIED.,.F.,.F.,(2,2),(0.00000000000000000E0,1.00000000000000000E0),.UNSPECIFIED.);
#1651=CARTESIAN_POINT('',(-1.78244891768922442E-1,-5.25224155065908624E-2,5.14197765467719936E0));
#1652=CARTESIAN_POINT('',(-3.79866296047575103E-1,4.51206768930692698E-2,5.11756688157728412E0));
#1653=CARTESIAN_POINT('',(-2.09413575115229372E-1,1.88120865874465942E-1,5.08181683433193498E0));
#1654=B_SPLINE_CURVE_WITH_KNOTS('',2,(#1651,#1652,#1653),.UNSPECIFIED.,.F.,.F.,(3,3),(0.00000000000000000E0,1.00000000000000000E0),.UNSPECIFIED.);
#1655=CARTESIAN_POINT('',(1.62660550095768991E-1,2.33477962456202504E-1,5.07047756018650109E0));
#1656=CARTESIAN_POINT('',(-3.89608541828836558E-2,3.31121054855862629E-1,5.04606678708658585E0));
#1657=CARTESIAN_POINT('',(-2.09413575115229372E-1,1.88120865874465942E-1,5.08181683433193498E0));
#1658=B_SPLINE_CURVE_WITH_KNOTS('',2,(#1655,#1656,#1657),.UNSPECIFIED.,.F.,.F.,(3,3),(0.00000000000000000E0,1.00000000000000000E0),.UNSPECIFIED.);
#1659=CARTESIAN_POINT('',(-8.14277787951187326E-1,4.81050143073446346E-1,5.00858451503219015E0));
#1660=CARTESIAN_POINT('',(-8.53474084518330955E-1,4.76254177666416423E-1,5.63713450007756300E0));
#1661=B_SPLINE_CURVE_WITH_KNOTS('',1,(#1659,#1660),.UNSPECIFIED.,.F.,.F.,(2,2),(0.00000000000000000E0,1.00000000000000000E0),.UNSPECIFIED.);
#1662=CARTESIAN_POINT('',(6.93601834809961404E-1,6.87077700250362744E-1,5.57784038435082774E0));
#1663=CARTESIAN_POINT('',(-1.50017111027716615E-1,1.05824004719225773E0,5.47345097427341987E0));
#1664=CARTESIAN_POINT('',(-8.53474084518330955E-1,4.76254177666416423E-1,5.63713450007756300E0));
#1665=B_SPLINE_CURVE_WITH_KNOTS('',2,(#1662,#1663,#1664),.UNSPECIFIED.,.F.,.F.,(3,3),(0.00000000000000000E0,1.00000000000000000E0),.UNSPECIFIED.);
#1666=CARTESIAN_POINT('',(6.74018712892806127E-1,6.62478529400392535E-1,4.96322741845045368E0));
#1667=CARTESIAN_POINT('',(6.93601834809961404E-1,6.87077700250362744E-1,5.57784038435082774E0));
#1668=B_SPLINE_CURVE_WITH_KNOTS('',1,(#1666,#1667),.UNSPECIFIED.,.F.,.F.,(2,2),(0.00000000000000000E0,1.00000000000000000E0),.UNSPECIFIED.);
#1669=CARTESIAN_POINT('',(-6.89603054565959606E-1,-4.81522982450780901E-1,5.24922779641324677E0));
#1670=CARTESIAN_POINT('',(-7.13312112171267221E-1,-4.76894038801319919E-1,5.90520743595911313E0));
#1671=B_SPLINE_CURVE_WITH_KNOTS('',1,(#1669,#1670),.UNSPECIFIED.,.F.,.F.,(2,2),(0.00000000000000000E0,1.00000000000000000E0),.UNSPECIFIED.);
#1672=CARTESIAN_POINT('',(-8.53474084518330955E-1,4.76254177666416423E-1,5.63713450007756300E0));
#1673=CARTESIAN_POINT('',(-1.55693105800894527E0,-1.05731691859424923E-1,5.80081802588170525E0));
#1674=CARTESIAN_POINT('',(-7.13312112171267221E-1,-4.76894038801319919E-1,5.90520743595911313E0));
#1675=B_SPLINE_CURVE_WITH_KNOTS('',2,(#1672,#1673,#1674),.UNSPECIFIED.,.F.,.F.,(3,3),(0.00000000000000000E0,1.00000000000000000E0),.UNSPECIFIED.);
#1676=CARTESIAN_POINT('',(7.98693446278033847E-1,-3.00094596123834711E-1,5.20387069983151029E0));
#1677=CARTESIAN_POINT('',(8.33763807157025139E-1,-2.66070516217373598E-1,5.84591332023237875E0));
#1678=B_SPLINE_CURVE_WITH_KNOTS('',1,(#1676,#1677),.UNSPECIFIED.,.F.,.F.,(2,2),(0.00000000000000000E0,1.00000000000000000E0),.UNSPECIFIED.);
#1679=CARTESIAN_POINT('',(-7.13312112171267221E-1,-4.76894038801319919E-1,5.90520743595911313E0));
#1680=CARTESIAN_POINT('',(1.30306833666410798E-1,-8.48056385743214958E-1,6.00959684603652100E0));
#1681=CARTESIAN_POINT('',(8.33763807157025139E-1,-2.66070516217373598E-1,5.84591332023237875E0));
#1682=B_SPLINE_CURVE_WITH_KNOTS('',2,(#1679,#1680,#1681),.UNSPECIFIED.,.F.,.F.,(3,3),(0.00000000000000000E0,1.00000000000000000E0),.UNSPECIFIED.);
#1683=CARTESIAN_POINT('',(6.93601834809961404E-1,6.87077700250362744E-1,5.57784038435082774E0));
#1684=CARTESIAN_POINT('',(1.53722078064763945E0,3.15915353308467761E-1,5.68222979442823561E0));
#1685=CARTESIAN_POINT('',(8.33763807157025139E-1,-2.66070516217373598E-1,5.84591332023237875E0));
#1686=B_SPLINE_CURVE_WITH_KNOTS('',2,(#1683,#1684,#1685),.UNSPECIFIED.,.F.,.F.,(3,3),(0.00000000000000000E0,1.00000000000000000E0),.UNSPECIFIED.);
#1687=CARTESIAN_POINT('',(1.93829233442075921E-1,-7.16531892485430810E-3,5.13063838053176546E0));
#1688=CARTESIAN_POINT('',(2.01049597778766603E-1,1.23012439890476666E-2,5.76762126267432240E0));
#1689=B_SPLINE_CURVE_WITH_KNOTS('',1,(#1687,#1688),.UNSPECIFIED.,.F.,.F.,(2,2),(0.00000000000000000E0,1.00000000000000000E0),.UNSPECIFIED.);
#1690=CARTESIAN_POINT('',(1.66009104692000670E-1,2.50588298105981766E-1,5.70060302870393443E0));
#1691=CARTESIAN_POINT('',(3.76913841151420181E-1,1.57797711370508020E-1,5.72670038122328684E0));
#1692=CARTESIAN_POINT('',(2.01049597778766603E-1,1.23012439890476666E-2,5.76762126267432240E0));
#1693=B_SPLINE_CURVE_WITH_KNOTS('',2,(#1690,#1691,#1692),.UNSPECIFIED.,.F.,.F.,(3,3),(0.00000000000000000E0,1.00000000000000000E0),.UNSPECIFIED.);
#1694=CARTESIAN_POINT('',(1.62660550095768991E-1,2.33477962456202504E-1,5.07047756018650109E0));
#1695=CARTESIAN_POINT('',(1.66009104692000670E-1,2.50588298105981766E-1,5.70060302870393443E0));
#1696=B_SPLINE_CURVE_WITH_KNOTS('',1,(#1694,#1695),.UNSPECIFIED.,.F.,.F.,(2,2),(0.00000000000000000E0,1.00000000000000000E0),.UNSPECIFIED.);
#1697=CARTESIAN_POINT('',(-1.78244891768922442E-1,-5.25224155065908624E-2,5.14197765467719936E0));
#1698=CARTESIAN_POINT('',(-1.85719382053306487E-1,-4.04046366569389276E-2,5.78244479160600555E0));
#1699=B_SPLINE_CURVE_WITH_KNOTS('',1,(#1697,#1698),.UNSPECIFIED.,.F.,.F.,(2,2),(0.00000000000000000E0,1.00000000000000000E0),.UNSPECIFIED.);
#1700=CARTESIAN_POINT('',(2.01049597778766603E-1,1.23012439890476666E-2,5.76762126267432240E0));
#1701=CARTESIAN_POINT('',(2.51853544061130113E-2,-1.33195223392412687E-1,5.80854214412535796E0));
#1702=CARTESIAN_POINT('',(-1.85719382053306487E-1,-4.04046366569389276E-2,5.78244479160600555E0));
#1703=B_SPLINE_CURVE_WITH_KNOTS('',2,(#1700,#1701,#1702),.UNSPECIFIED.,.F.,.F.,(3,3),(0.00000000000000000E0,1.00000000000000000E0),.UNSPECIFIED.);
#1704=CARTESIAN_POINT('',(-2.09413575115229372E-1,1.88120865874465942E-1,5.08181683433193498E0));
#1705=CARTESIAN_POINT('',(-2.20759875140072420E-1,1.97882417459995158E-1,5.71542655763561847E0));
#1706=B_SPLINE_CURVE_WITH_KNOTS('',1,(#1704,#1705),.UNSPECIFIED.,.F.,.F.,(2,2),(0.00000000000000000E0,1.00000000000000000E0),.UNSPECIFIED.);
#1707=CARTESIAN_POINT('',(-1.85719382053306487E-1,-4.04046366569389276E-2,5.78244479160600555E0));
#1708=CARTESIAN_POINT('',(-3.96624118512725998E-1,5.23859500785348250E-2,5.75634743908665403E0));
#1709=CARTESIAN_POINT('',(-2.20759875140072420E-1,1.97882417459995158E-1,5.71542655763561847E0));
#1710=B_SPLINE_CURVE_WITH_KNOTS('',2,(#1707,#1708,#1709),.UNSPECIFIED.,.F.,.F.,(3,3),(0.00000000000000000E0,1.00000000000000000E0),.UNSPECIFIED.);
#1711=CARTESIAN_POINT('',(1.66009104692000670E-1,2.50588298105981766E-1,5.70060302870393443E0));
#1712=CARTESIAN_POINT('',(-4.48956317674188421E-2,3.43378884841455512E-1,5.67450567618458290E0));
#1713=CARTESIAN_POINT('',(-2.20759875140072420E-1,1.97882417459995158E-1,5.71542655763561847E0));
#1714=B_SPLINE_CURVE_WITH_KNOTS('',2,(#1711,#1712,#1713),.UNSPECIFIED.,.F.,.F.,(3,3),(0.00000000000000000E0,1.00000000000000000E0),.UNSPECIFIED.);
#1715=CARTESIAN_POINT('',(-8.53474084518330955E-1,4.76254177666416423E-1,5.63713450007756300E0));
#1716=CARTESIAN_POINT('',(-8.92566867048095403E-1,4.71010193305631208E-1,6.26651101980917957E0));
#1717=B_SPLINE_CURVE_WITH_KNOTS('',1,(#1715,#1716),.UNSPECIFIED.,.F.,.F.,(2,2),(0.00000000000000000E0,1.00000000000000000E0),.UNSPECIFIED.);
#1718=CARTESIAN_POINT('',(7.12637031653671316E-1,7.12373709992822013E-1,6.19108492084443274E0));
#1719=CARTESIAN_POINT('',(-1.67772414083990101E-1,1.06311809994910544E0,6.08147729898309386E0));
#1720=CARTESIAN_POINT('',(-8.92566867048095403E-1,4.71010193305631208E-1,6.26651101980917957E0));
#1721=B_SPLINE_CURVE_WITH_KNOTS('',2,(#1718,#1719,#1720),.UNSPECIFIED.,.F.,.F.,(3,3),(0.00000000000000000E0,1.00000000000000000E0),.UNSPECIFIED.);
#1722=CARTESIAN_POINT('',(6.93601834809961404E-1,6.87077700250362744E-1,5.57784038435082774E0));
#1723=CARTESIAN_POINT('',(7.12637031653671316E-1,7.12373709992822013E-1,6.19108492084443274E0));
#1724=B_SPLINE_CURVE_WITH_KNOTS('',1,(#1722,#1723),.UNSPECIFIED.,.F.,.F.,(2,2),(0.00000000000000000E0,1.00000000000000000E0),.UNSPECIFIED.);
#1725=CARTESIAN_POINT('',(-7.13312112171267221E-1,-4.76894038801319919E-1,5.90520743595911313E0));
#1726=CARTESIAN_POINT('',(-7.36951874274539454E-1,-4.71842103294126569E-1,6.56115236249660416E0));
#1727=B_SPLINE_CURVE_WITH_KNOTS('',1,(#1725,#1726),.UNSPECIFIED.,.F.,.F.,(2,2),(0.00000000000000000E0,1.00000000000000000E0),.UNSPECIFIED.);
#1728=CARTESIAN_POINT('',(-8.92566867048095403E-1,4.71010193305631208E-1,6.26651101980917957E0));
#1729=CARTESIAN_POINT('',(-1.61736132001220079E0,-1.21097713337842972E-1,6.45154474063526528E0));
#1730=CARTESIAN_POINT('',(-7.36951874274539454E-1,-4.71842103294126569E-1,6.56115236249660416E0));
#1731=B_SPLINE_CURVE_WITH_KNOTS('',2,(#1728,#1729,#1730),.UNSPECIFIED.,.F.,.F.,(3,3),(0.00000000000000000E0,1.00000000000000000E0),.UNSPECIFIED.);
#1732=CARTESIAN_POINT('',(8.33763807157025139E-1,-2.66070516217373598E-1,5.84591332023237875E0));
#1733=CARTESIAN_POINT('',(8.68252024427227265E-1,-2.30478586606935792E-1,6.48572626353185733E0));
#1734=B_SPLINE_CURVE_WITH_KNOTS('',1,(#1732,#1733),.UNSPECIFIED.,.F.,.F.,(2,2),(0.00000000000000000E0,1.00000000000000000E0),.UNSPECIFIED.);
#1735=CARTESIAN_POINT('',(-7.36951874274539454E-1,-4.71842103294126569E-1,6.56115236249660416E0));
#1736=CARTESIAN_POINT('',(1.43457571463121963E-1,-8.22586493250410111E-1,6.67075998435794304E0));
#1737=CARTESIAN_POINT('',(8.68252024427227265E-1,-2.30478586606935792E-1,6.48572626353185733E0));
#1738=B_SPLINE_CURVE_WITH_KNOTS('',2,(#1735,#1736,#1737),.UNSPECIFIED.,.F.,.F.,(3,3),(0.00000000000000000E0,1.00000000000000000E0),.UNSPECIFIED.);
#1739=CARTESIAN_POINT('',(7.12637031653671316E-1,7.12373709992822013E-1,6.19108492084443274E0));
#1740=CARTESIAN_POINT('',(1.59304647739133265E0,3.61629320036538526E-1,6.30069254270577161E0));
#1741=CARTESIAN_POINT('',(8.68252024427227265E-1,-2.30478586606935792E-1,6.48572626353185733E0));
#1742=B_SPLINE_CURVE_WITH_KNOTS('',2,(#1739,#1740,#1741),.UNSPECIFIED.,.F.,.F.,(3,3),(0.00000000000000000E0,1.00000000000000000E0),.UNSPECIFIED.);
#1743=CARTESIAN_POINT('',(2.01049597778766603E-1,1.23012439890476666E-2,5.76762126267432240E0));
#1744=CARTESIAN_POINT('',(2.07944940123981264E-1,3.25797058602768780E-2,6.40352054713585339E0));
#1745=B_SPLINE_CURVE_WITH_KNOTS('',1,(#1743,#1744),.UNSPECIFIED.,.F.,.F.,(2,2),(0.00000000000000000E0,1.00000000000000000E0),.UNSPECIFIED.);
#1746=CARTESIAN_POINT('',(1.69041191930592277E-1,2.68292780010216336E-1,6.32986021146399658E0));
#1747=CARTESIAN_POINT('',(3.89143553365007611E-1,1.80606682521145451E-1,6.35726211692933152E0));
#1748=CARTESIAN_POINT('',(2.07944940123981264E-1,3.25797058602768780E-2,6.40352054713585339E0));
#1749=B_SPLINE_CURVE_WITH_KNOTS('',2,(#1746,#1747,#1748),.UNSPECIFIED.,.F.,.F.,(3,3),(0.00000000000000000E0,1.00000000000000000E0),.UNSPECIFIED.);
#1750=CARTESIAN_POINT('',(1.66009104692000670E-1,2.50588298105981766E-1,5.70060302870393443E0));
#1751=CARTESIAN_POINT('',(1.69041191930592277E-1,2.68292780010216336E-1,6.32986021146399658E0));
#1752=B_SPLINE_CURVE_WITH_KNOTS('',1,(#1750,#1751),.UNSPECIFIED.,.F.,.F.,(2,2),(0.00000000000000000E0,1.00000000000000000E0),.UNSPECIFIED.);
#1753=CARTESIAN_POINT('',(-1.85719382053306487E-1,-4.04046366569389276E-2,5.78244479160600555E0));
#1754=CARTESIAN_POINT('',(-1.93356034551460415E-1,-2.77611733115208092E-2,6.42237707187704032E0));
#1755=B_SPLINE_CURVE_WITH_KNOTS('',1,(#1753,#1754),.UNSPECIFIED.,.F.,.F.,(2,2),(0.00000000000000000E0,1.00000000000000000E0),.UNSPECIFIED.);
#1756=CARTESIAN_POINT('',(2.07944940123981264E-1,3.25797058602768780E-2,6.40352054713585339E0));
#1757=CARTESIAN_POINT('',(2.67463268829549426E-2,-1.15447270800591695E-1,6.44977897734237438E0));
#1758=CARTESIAN_POINT('',(-1.93356034551460415E-1,-2.77611733115208092E-2,6.42237707187704032E0));
#1759=B_SPLINE_CURVE_WITH_KNOTS('',2,(#1756,#1757,#1758),.UNSPECIFIED.,.F.,.F.,(3,3),(0.00000000000000000E0,1.00000000000000000E0),.UNSPECIFIED.);
#1760=CARTESIAN_POINT('',(-2.20759875140072420E-1,1.97882417459995158E-1,5.71542655763561847E0));
#1761=CARTESIAN_POINT('',(-2.32259782744849402E-1,2.07951900838418635E-1,6.34871673620518351E0));
#1762=B_SPLINE_CURVE_WITH_KNOTS('',1,(#1760,#1761),.UNSPECIFIED.,.F.,.F.,(2,2),(0.00000000000000000E0,1.00000000000000000E0),.UNSPECIFIED.);
#1763=CARTESIAN_POINT('',(-1.93356034551460415E-1,-2.77611733115208092E-2,6.42237707187704032E0));
#1764=CARTESIAN_POINT('',(-4.13458395985875748E-1,5.99249241775500763E-2,6.39497516641170538E0));
#1765=CARTESIAN_POINT('',(-2.32259782744849402E-1,2.07951900838418635E-1,6.34871673620518351E0));
#1766=B_SPLINE_CURVE_WITH_KNOTS('',2,(#1763,#1764,#1765),.UNSPECIFIED.,.F.,.F.,(3,3),(0.00000000000000000E0,1.00000000000000000E0),.UNSPECIFIED.);
#1767=CARTESIAN_POINT('',(1.69041191930592277E-1,2.68292780010216336E-1,6.32986021146399658E0));
#1768=CARTESIAN_POINT('',(-5.10611695038230701E-2,3.55978877499287194E-1,6.30245830599866252E0));
#1769=CARTESIAN_POINT('',(-2.32259782744849402E-1,2.07951900838418635E-1,6.34871673620518351E0));
#1770=B_SPLINE_CURVE_WITH_KNOTS('',2,(#1767,#1768,#1769),.UNSPECIFIED.,.F.,.F.,(3,3),(0.00000000000000000E0,1.00000000000000000E0),.UNSPECIFIED.);
#1771=CARTESIAN_POINT('',(-8.92566867048095403E-1,4.71010193305631208E-1,6.26651101980917957E0));
#1772=CARTESIAN_POINT('',(-9.31530937233763456E-1,4.65353121556532301E-1,6.89678112176237867E0));
#1773=B_SPLINE_CURVE_WITH_KNOTS('',1,(#1771,#1772),.UNSPECIFIED.,.F.,.F.,(2,2),(0.00000000000000000E0,1.00000000000000000E0),.UNSPECIFIED.);
#1774=CARTESIAN_POINT('',(7.31105130165722539E-1,7.38290721411249407E-1,6.80295882181231981E0));
#1775=CARTESIAN_POINT('',(-1.85727914549718015E-1,1.06769826176852400E0,6.68972497981450598E0));
#1776=CARTESIAN_POINT('',(-9.31530937233763456E-1,4.65353121556532301E-1,6.89678112176237867E0));
#1777=B_SPLINE_CURVE_WITH_KNOTS('',2,(#1774,#1775,#1776),.UNSPECIFIED.,.F.,.F.,(3,3),(0.00000000000000000E0,1.00000000000000000E0),.UNSPECIFIED.);
#1778=CARTESIAN_POINT('',(7.12637031653671316E-1,7.12373709992822013E-1,6.19108492084443274E0));
#1779=CARTESIAN_POINT('',(7.31105130165722539E-1,7.38290721411249407E-1,6.80295882181231981E0));
#1780=B_SPLINE_CURVE_WITH_KNOTS('',1,(#1778,#1779),.UNSPECIFIED.,.F.,.F.,(2,2),(0.00000000000000000E0,1.00000000000000000E0),.UNSPECIFIED.);
#1781=CARTESIAN_POINT('',(-7.36951874274539454E-1,-4.71842103294126569E-1,6.56115236249660416E0));
#1782=CARTESIAN_POINT('',(-7.60500915202368510E-1,-4.66399559012734000E-1,7.21707110570806343E0));
#1783=B_SPLINE_CURVE_WITH_KNOTS('',1,(#1781,#1782),.UNSPECIFIED.,.F.,.F.,(2,2),(0.00000000000000000E0,1.00000000000000000E0),.UNSPECIFIED.);
#1784=CARTESIAN_POINT('',(-9.31530937233763456E-1,4.65353121556532301E-1,6.89678112176237867E0));
#1785=CARTESIAN_POINT('',(-1.67733395991780898E0,-1.36992018655459347E-1,7.10383726371025048E0));
#1786=CARTESIAN_POINT('',(-7.60500915202368510E-1,-4.66399559012734000E-1,7.21707110570806343E0));
#1787=B_SPLINE_CURVE_WITH_KNOTS('',2,(#1784,#1785,#1786),.UNSPECIFIED.,.F.,.F.,(3,3),(0.00000000000000000E0,1.00000000000000000E0),.UNSPECIFIED.);
#1788=CARTESIAN_POINT('',(8.68252024427227265E-1,-2.30478586606935792E-1,6.48572626353185733E0));
#1789=CARTESIAN_POINT('',(9.02135152197117485E-1,-1.93461959158016922E-1,7.12324880575800456E0));
#1790=B_SPLINE_CURVE_WITH_KNOTS('',1,(#1788,#1789),.UNSPECIFIED.,.F.,.F.,(2,2),(0.00000000000000000E0,1.00000000000000000E0),.UNSPECIFIED.);
#1791=CARTESIAN_POINT('',(-7.60500915202368510E-1,-4.66399559012734000E-1,7.21707110570806343E0));
#1792=CARTESIAN_POINT('',(1.56332129513071988E-1,-7.95807099370008597E-1,7.33030494770587726E0));
#1793=CARTESIAN_POINT('',(9.02135152197117485E-1,-1.93461959158016922E-1,7.12324880575800456E0));
#1794=B_SPLINE_CURVE_WITH_KNOTS('',2,(#1791,#1792,#1793),.UNSPECIFIED.,.F.,.F.,(3,3),(0.00000000000000000E0,1.00000000000000000E0),.UNSPECIFIED.);
#1795=CARTESIAN_POINT('',(7.31105130165722539E-1,7.38290721411249407E-1,6.80295882181231981E0));
#1796=CARTESIAN_POINT('',(1.64793817488116301E0,4.08883181053974754E-1,6.91619266381013276E0));
#1797=CARTESIAN_POINT('',(9.02135152197117485E-1,-1.93461959158016922E-1,7.12324880575800456E0));
#1798=B_SPLINE_CURVE_WITH_KNOTS('',2,(#1795,#1796,#1797),.UNSPECIFIED.,.F.,.F.,(3,3),(0.00000000000000000E0,1.00000000000000000E0),.UNSPECIFIED.);
#1799=CARTESIAN_POINT('',(2.07944940123981264E-1,3.25797058602768780E-2,6.40352054713585339E0));
#1800=CARTESIAN_POINT('',(2.14510368660537132E-1,5.35936961099390333E-2,7.03832342425964441E0));
#1801=B_SPLINE_CURVE_WITH_KNOTS('',1,(#1799,#1800),.UNSPECIFIED.,.F.,.F.,(2,2),(0.00000000000000000E0,1.00000000000000000E0),.UNSPECIFIED.);
#1802=CARTESIAN_POINT('',(1.71752863152688368E-1,2.86531866252255574E-1,6.95825092827322322E0));
#1803=CARTESIAN_POINT('',(4.00961124331548513E-1,2.04179981162936952E-1,6.98655938877267690E0));
#1804=CARTESIAN_POINT('',(2.14510368660537132E-1,5.35936961099390333E-2,7.03832342425964441E0));
#1805=B_SPLINE_CURVE_WITH_KNOTS('',2,(#1802,#1803,#1804),.UNSPECIFIED.,.F.,.F.,(3,3),(0.00000000000000000E0,1.00000000000000000E0),.UNSPECIFIED.);
#1806=CARTESIAN_POINT('',(1.69041191930592277E-1,2.68292780010216336E-1,6.32986021146399658E0));
#1807=CARTESIAN_POINT('',(1.71752863152688368E-1,2.86531866252255574E-1,6.95825092827322322E0));
#1808=B_SPLINE_CURVE_WITH_KNOTS('',1,(#1806,#1807),.UNSPECIFIED.,.F.,.F.,(2,2),(0.00000000000000000E0,1.00000000000000000E0),.UNSPECIFIED.);
#1809=CARTESIAN_POINT('',(-1.93356034551460415E-1,-2.77611733115208092E-2,6.42237707187704032E0));
#1810=CARTESIAN_POINT('',(-2.01148648189334367E-1,-1.46407038537402293E-2,7.06177899924716002E0));
#1811=B_SPLINE_CURVE_WITH_KNOTS('',1,(#1809,#1810),.UNSPECIFIED.,.F.,.F.,(2,2),(0.00000000000000000E0,1.00000000000000000E0),.UNSPECIFIED.);
#1812=CARTESIAN_POINT('',(2.14510368660537132E-1,5.35936961099390333E-2,7.03832342425964441E0));
#1813=CARTESIAN_POINT('',(2.80596129895257437E-2,-9.69925889430588856E-2,7.09008745974661281E0));
#1814=CARTESIAN_POINT('',(-2.01148648189334367E-1,-1.46407038537402293E-2,7.06177899924716002E0));
#1815=B_SPLINE_CURVE_WITH_KNOTS('',2,(#1812,#1813,#1814),.UNSPECIFIED.,.F.,.F.,(3,3),(0.00000000000000000E0,1.00000000000000000E0),.UNSPECIFIED.);
#1816=CARTESIAN_POINT('',(-2.32259782744849402E-1,2.07951900838418635E-1,6.34871673620518351E0));
#1817=CARTESIAN_POINT('',(-2.43906153697183131E-1,2.18297466288576325E-1,6.98170650326073883E0));
#1818=B_SPLINE_CURVE_WITH_KNOTS('',1,(#1816,#1817),.UNSPECIFIED.,.F.,.F.,(2,2),(0.00000000000000000E0,1.00000000000000000E0),.UNSPECIFIED.);
#1819=CARTESIAN_POINT('',(-2.01148648189334367E-1,-1.46407038537402293E-2,7.06177899924716002E0));
#1820=CARTESIAN_POINT('',(-4.30356909368194485E-1,6.77111812355784271E-2,7.03347053874770634E0));
#1821=CARTESIAN_POINT('',(-2.43906153697183131E-1,2.18297466288576325E-1,6.98170650326073883E0));
#1822=B_SPLINE_CURVE_WITH_KNOTS('',2,(#1819,#1820,#1821),.UNSPECIFIED.,.F.,.F.,(3,3),(0.00000000000000000E0,1.00000000000000000E0),.UNSPECIFIED.);
#1823=CARTESIAN_POINT('',(1.71752863152688368E-1,2.86531866252255574E-1,6.95825092827322322E0));
#1824=CARTESIAN_POINT('',(-5.74553980261717570E-2,3.68883751341574251E-1,6.92994246777377043E0));
#1825=CARTESIAN_POINT('',(-2.43906153697183131E-1,2.18297466288576325E-1,6.98170650326073883E0));
#1826=B_SPLINE_CURVE_WITH_KNOTS('',2,(#1823,#1824,#1825),.UNSPECIFIED.,.F.,.F.,(3,3),(0.00000000000000000E0,1.00000000000000000E0),.UNSPECIFIED.);
#1827=CARTESIAN_POINT('',(-9.31530937233763456E-1,4.65353121556532301E-1,6.89678112176237867E0));
#1828=CARTESIAN_POINT('',(-9.70341106416196086E-1,4.59319222799477456E-1,7.52800537923107527E0));
#1829=B_SPLINE_CURVE_WITH_KNOTS('',1,(#1827,#1828),.UNSPECIFIED.,.F.,.F.,(2,2),(0.00000000000000000E0,1.00000000000000000E0),.UNSPECIFIED.);
#1830=CARTESIAN_POINT('',(7.48987191511000572E-1,7.64755202518233257E-1,7.41346688683654165E0));
#1831=CARTESIAN_POINT('',(-2.03878605833732712E-1,1.07199642727867173E0,7.29825142755137790E0));
#1832=CARTESIAN_POINT('',(-9.70341106416196086E-1,4.59319222799477456E-1,7.52800537923107527E0));
#1833=B_SPLINE_CURVE_WITH_KNOTS('',2,(#1830,#1831,#1832),.UNSPECIFIED.,.F.,.F.,(3,3),(0.00000000000000000E0,1.00000000000000000E0),.UNSPECIFIED.);
#1834=CARTESIAN_POINT('',(7.31105130165722539E-1,7.38290721411249407E-1,6.80295882181231981E0));
#1835=CARTESIAN_POINT('',(7.48987191511000572E-1,7.64755202518233257E-1,7.41346688683654165E0));
#1836=B_SPLINE_CURVE_WITH_KNOTS('',1,(#1834,#1835),.UNSPECIFIED.,.F.,.F.,(2,2),(0.00000000000000000E0,1.00000000000000000E0),.UNSPECIFIED.);
#1837=CARTESIAN_POINT('',(-7.60500915202368510E-1,-4.66399559012734000E-1,7.21707110570806343E0));
#1838=CARTESIAN_POINT('',(-7.83937809653926121E-1,-4.60599206440155173E-1,7.87297479019593816E0));
#1839=B_SPLINE_CURVE_WITH_KNOTS('',1,(#1837,#1838),.UNSPECIFIED.,.F.,.F.,(2,2),(0.00000000000000000E0,1.00000000000000000E0),.UNSPECIFIED.);
#1840=CARTESIAN_POINT('',(-9.70341106416196086E-1,4.59319222799477456E-1,7.52800537923107527E0));
#1841=CARTESIAN_POINT('',(-1.73680360699865943E0,-1.53357981679716759E-1,7.75775933091077352E0));
#1842=CARTESIAN_POINT('',(-7.83937809653926121E-1,-4.60599206440155173E-1,7.87297479019593816E0));
#1843=B_SPLINE_CURVE_WITH_KNOTS('',2,(#1840,#1841,#1842),.UNSPECIFIED.,.F.,.F.,(3,3),(0.00000000000000000E0,1.00000000000000000E0),.UNSPECIFIED.);
#1844=CARTESIAN_POINT('',(9.02135152197117485E-1,-1.93461959158016922E-1,7.12324880575800456E0));
#1845=CARTESIAN_POINT('',(9.35390488273270537E-1,-1.55163226721399455E-1,7.75843629780140454E0));
#1846=B_SPLINE_CURVE_WITH_KNOTS('',1,(#1844,#1845),.UNSPECIFIED.,.F.,.F.,(2,2),(0.00000000000000000E0,1.00000000000000000E0),.UNSPECIFIED.);
#1847=CARTESIAN_POINT('',(-7.83937809653926121E-1,-4.60599206440155173E-1,7.87297479019593816E0));
#1848=CARTESIAN_POINT('',(1.68927987690807108E-1,-7.67840431200593643E-1,7.98819024948110190E0));
#1849=CARTESIAN_POINT('',(9.35390488273270537E-1,-1.55163226721399455E-1,7.75843629780140454E0));
#1850=B_SPLINE_CURVE_WITH_KNOTS('',2,(#1847,#1848,#1849),.UNSPECIFIED.,.F.,.F.,(3,3),(0.00000000000000000E0,1.00000000000000000E0),.UNSPECIFIED.);
#1851=CARTESIAN_POINT('',(7.48987191511000572E-1,7.64755202518233257E-1,7.41346688683654165E0));
#1852=CARTESIAN_POINT('',(1.70185298885573388E0,4.57513977757794732E-1,7.52868234612170628E0));
#1853=CARTESIAN_POINT('',(9.35390488273270537E-1,-1.55163226721399455E-1,7.75843629780140454E0));
#1854=B_SPLINE_CURVE_WITH_KNOTS('',2,(#1851,#1852,#1853),.UNSPECIFIED.,.F.,.F.,(3,3),(0.00000000000000000E0,1.00000000000000000E0),.UNSPECIFIED.);
#1855=CARTESIAN_POINT('',(2.14510368660537132E-1,5.35936961099390333E-2,7.03832342425964441E0));
#1856=CARTESIAN_POINT('',(2.20741140264720526E-1,7.52676918489293689E-2,7.67202470333753084E0));
#1857=B_SPLINE_CURVE_WITH_KNOTS('',1,(#1855,#1856),.UNSPECIFIED.,.F.,.F.,(2,2),(0.00000000000000000E0,1.00000000000000000E0),.UNSPECIFIED.);
#1858=CARTESIAN_POINT('',(1.74140316074153062E-1,3.05247299158837526E-1,7.58578235059631556E0));
#1859=CARTESIAN_POINT('',(4.12356765410336390E-1,2.28436992968727937E-1,7.61458621541760650E0));
#1860=CARTESIAN_POINT('',(2.20741140264720526E-1,7.52676918489293689E-2,7.67202470333753084E0));
#1861=B_SPLINE_CURVE_WITH_KNOTS('',2,(#1858,#1859,#1860),.UNSPECIFIED.,.F.,.F.,(3,3),(0.00000000000000000E0,1.00000000000000000E0),.UNSPECIFIED.);
#1862=CARTESIAN_POINT('',(1.71752863152688368E-1,2.86531866252255574E-1,6.95825092827322322E0));
#1863=CARTESIAN_POINT('',(1.74140316074153062E-1,3.05247299158837526E-1,7.58578235059631556E0));
#1864=B_SPLINE_CURVE_WITH_KNOTS('',1,(#1862,#1863),.UNSPECIFIED.,.F.,.F.,(2,2),(0.00000000000000000E0,1.00000000000000000E0),.UNSPECIFIED.);
#1865=CARTESIAN_POINT('',(-2.01148648189334367E-1,-1.46407038537402293E-2,7.06177899924716002E0));
#1866=CARTESIAN_POINT('',(-2.09090934217078639E-1,-1.09130308075955362E-3,7.70065932643616424E0));
#1867=B_SPLINE_CURVE_WITH_KNOTS('',1,(#1865,#1866),.UNSPECIFIED.,.F.,.F.,(2,2),(0.00000000000000000E0,1.00000000000000000E0),.UNSPECIFIED.);
#1868=CARTESIAN_POINT('',(2.20741140264720526E-1,7.52676918489293689E-2,7.67202470333753084E0));
#1869=CARTESIAN_POINT('',(2.91255151191046752E-2,-7.79016092708691849E-2,7.72946319125745518E0));
#1870=CARTESIAN_POINT('',(-2.09090934217078639E-1,-1.09130308075955362E-3,7.70065932643616424E0));
#1871=B_SPLINE_CURVE_WITH_KNOTS('',2,(#1868,#1869,#1870),.UNSPECIFIED.,.F.,.F.,(3,3),(0.00000000000000000E0,1.00000000000000000E0),.UNSPECIFIED.);
#1872=CARTESIAN_POINT('',(-2.43906153697183131E-1,2.18297466288576325E-1,6.98170650326073883E0));
#1873=CARTESIAN_POINT('',(-2.55691758407646130E-1,2.28888304229148631E-1,7.61441697369494896E0));
#1874=B_SPLINE_CURVE_WITH_KNOTS('',1,(#1872,#1873),.UNSPECIFIED.,.F.,.F.,(2,2),(0.00000000000000000E0,1.00000000000000000E0),.UNSPECIFIED.);
#1875=CARTESIAN_POINT('',(-2.09090934217078639E-1,-1.09130308075955362E-3,7.70065932643616424E0));
#1876=CARTESIAN_POINT('',(-4.47307383553261939E-1,7.57190031093500776E-2,7.67185546161487331E0));
#1877=CARTESIAN_POINT('',(-2.55691758407646130E-1,2.28888304229148631E-1,7.61441697369494896E0));
#1878=B_SPLINE_CURVE_WITH_KNOTS('',2,(#1875,#1876,#1877),.UNSPECIFIED.,.F.,.F.,(3,3),(0.00000000000000000E0,1.00000000000000000E0),.UNSPECIFIED.);
#1879=CARTESIAN_POINT('',(1.74140316074153062E-1,3.05247299158837526E-1,7.58578235059631556E0));
#1880=CARTESIAN_POINT('',(-6.40761332620302798E-2,3.82057605348947171E-1,7.55697848577502462E0));
#1881=CARTESIAN_POINT('',(-2.55691758407646130E-1,2.28888304229148631E-1,7.61441697369494896E0));
#1882=B_SPLINE_CURVE_WITH_KNOTS('',2,(#1879,#1880,#1881),.UNSPECIFIED.,.F.,.F.,(3,3),(0.00000000000000000E0,1.00000000000000000E0),.UNSPECIFIED.);
#1883=CARTESIAN_POINT('',(-9.70341106416196086E-1,4.59319222799477456E-1,7.52800537923107527E0));
#1884=CARTESIAN_POINT('',(-1.00897220556038913E0,4.52945527783474300E-1,8.16023786030399556E0));
#1885=B_SPLINE_CURVE_WITH_KNOTS('',1,(#1883,#1884),.UNSPECIFIED.,.F.,.F.,(2,2),(0.00000000000000000E0,1.00000000000000000E0),.UNSPECIFIED.);
#1886=CARTESIAN_POINT('',(7.66264519424042390E-1,7.91696500108902357E-1,8.02262027779679165E0));
#1887=CARTESIAN_POINT('',(-2.22219374968992772E-1,1.07603066696084881E0,7.90710952251318755E0));
#1888=CARTESIAN_POINT('',(-1.00897220556038913E0,4.52945527783474300E-1,8.16023786030399556E0));
#1889=B_SPLINE_CURVE_WITH_KNOTS('',2,(#1886,#1887,#1888),.UNSPECIFIED.,.F.,.F.,(3,3),(0.00000000000000000E0,1.00000000000000000E0),.UNSPECIFIED.);
#1890=CARTESIAN_POINT('',(7.48987191511000572E-1,7.64755202518233257E-1,7.41346688683654165E0));
#1891=CARTESIAN_POINT('',(7.66264519424042390E-1,7.91696500108902357E-1,8.02262027779679165E0));
#1892=B_SPLINE_CURVE_WITH_KNOTS('',1,(#1890,#1891),.UNSPECIFIED.,.F.,.F.,(2,2),(0.00000000000000000E0,1.00000000000000000E0),.UNSPECIFIED.);
#1893=CARTESIAN_POINT('',(-7.83937809653926121E-1,-4.60599206440155173E-1,7.87297479019593816E0));
#1894=CARTESIAN_POINT('',(-8.07241141758750280E-1,-4.54473778245846671E-1,8.52887695337840768E0));
#1895=B_SPLINE_CURVE_WITH_KNOTS('',1,(#1893,#1894),.UNSPECIFIED.,.F.,.F.,(2,2),(0.00000000000000000E0,1.00000000000000000E0),.UNSPECIFIED.);
#1896=CARTESIAN_POINT('',(-1.00897220556038913E0,4.52945527783474300E-1,8.16023786030399556E0));
#1897=CARTESIAN_POINT('',(-1.79572503615178536E0,-1.70139611393900159E-1,8.41336619809480446E0));
#1898=CARTESIAN_POINT('',(-8.07241141758750280E-1,-4.54473778245846671E-1,8.52887695337840768E0));
#1899=B_SPLINE_CURVE_WITH_KNOTS('',2,(#1896,#1897,#1898),.UNSPECIFIED.,.F.,.F.,(3,3),(0.00000000000000000E0,1.00000000000000000E0),.UNSPECIFIED.);
#1900=CARTESIAN_POINT('',(9.35390488273270537E-1,-1.55163226721399455E-1,7.75843629780140454E0));
#1901=CARTESIAN_POINT('',(9.67995583225681133E-1,-1.15722805920418614E-1,8.39125937087120377E0));
#1902=B_SPLINE_CURVE_WITH_KNOTS('',1,(#1900,#1901),.UNSPECIFIED.,.F.,.F.,(2,2),(0.00000000000000000E0,1.00000000000000000E0),.UNSPECIFIED.);
#1903=CARTESIAN_POINT('',(-8.07241141758750280E-1,-4.54473778245846671E-1,8.52887695337840768E0));
#1904=CARTESIAN_POINT('',(1.81242752634284882E-1,-7.38807945097793128E-1,8.64438770866201089E0));
#1905=CARTESIAN_POINT('',(9.67995583225681133E-1,-1.15722805920418614E-1,8.39125937087120377E0));
#1906=B_SPLINE_CURVE_WITH_KNOTS('',2,(#1903,#1904,#1905),.UNSPECIFIED.,.F.,.F.,(3,3),(0.00000000000000000E0,1.00000000000000000E0),.UNSPECIFIED.);
#1907=CARTESIAN_POINT('',(7.66264519424042390E-1,7.91696500108902357E-1,8.02262027779679165E0));
#1908=CARTESIAN_POINT('',(1.75474841381707747E0,5.07362333256955900E-1,8.13813103308039487E0));
#1909=CARTESIAN_POINT('',(9.67995583225681133E-1,-1.15722805920418614E-1,8.39125937087120377E0));
#1910=B_SPLINE_CURVE_WITH_KNOTS('',2,(#1907,#1908,#1909),.UNSPECIFIED.,.F.,.F.,(3,3),(0.00000000000000000E0,1.00000000000000000E0),.UNSPECIFIED.);
#1911=CARTESIAN_POINT('',(2.20741140264720526E-1,7.52676918489293689E-2,7.67202470333753084E0));
#1912=CARTESIAN_POINT('',(2.26632662430904824E-1,9.75278192185412285E-2,8.30462630440850091E0));
#1913=B_SPLINE_CURVE_WITH_KNOTS('',1,(#1911,#1912),.UNSPECIFIED.,.F.,.F.,(2,2),(0.00000000000000000E0,1.00000000000000000E0),.UNSPECIFIED.);
#1914=CARTESIAN_POINT('',(1.76199896480495138E-1,3.24382645725871499E-1,8.21246653113989744E0));
#1915=CARTESIAN_POINT('',(4.23320870078753908E-1,2.53299104012884857E-1,8.24134421996079780E0));
#1916=CARTESIAN_POINT('',(2.26632662430904824E-1,9.75278192185412285E-2,8.30462630440850091E0));
#1917=B_SPLINE_CURVE_WITH_KNOTS('',2,(#1914,#1915,#1916),.UNSPECIFIED.,.F.,.F.,(3,3),(0.00000000000000000E0,1.00000000000000000E0),.UNSPECIFIED.);
#1918=CARTESIAN_POINT('',(1.74140316074153062E-1,3.05247299158837526E-1,7.58578235059631556E0));
#1919=CARTESIAN_POINT('',(1.76199896480495138E-1,3.24382645725871499E-1,8.21246653113989744E0));
#1920=B_SPLINE_CURVE_WITH_KNOTS('',1,(#1918,#1919),.UNSPECIFIED.,.F.,.F.,(2,2),(0.00000000000000000E0,1.00000000000000000E0),.UNSPECIFIED.);
#1921=CARTESIAN_POINT('',(-2.09090934217078639E-1,-1.09130308075955362E-3,7.70065932643616424E0));
#1922=CARTESIAN_POINT('',(-2.17176518815203029E-1,1.28400761371842212E-2,8.33903070003530189E0));
#1923=B_SPLINE_CURVE_WITH_KNOTS('',1,(#1921,#1922),.UNSPECIFIED.,.F.,.F.,(2,2),(0.00000000000000000E0,1.00000000000000000E0),.UNSPECIFIED.);
#1924=CARTESIAN_POINT('',(2.26632662430904824E-1,9.75278192185412285E-2,8.30462630440850091E0));
#1925=CARTESIAN_POINT('',(2.99444547830557649E-2,-5.82434655758024000E-2,8.36790838885620225E0));
#1926=CARTESIAN_POINT('',(-2.17176518815203029E-1,1.28400761371842212E-2,8.33903070003530189E0));
#1927=B_SPLINE_CURVE_WITH_KNOTS('',2,(#1924,#1925,#1926),.UNSPECIFIED.,.F.,.F.,(3,3),(0.00000000000000000E0,1.00000000000000000E0),.UNSPECIFIED.);
#1928=CARTESIAN_POINT('',(-2.55691758407646130E-1,2.28888304229148631E-1,7.61441697369494896E0));
#1929=CARTESIAN_POINT('',(-2.67609284765612743E-1,2.39694902644514457E-1,8.24687092676669842E0));
#1930=B_SPLINE_CURVE_WITH_KNOTS('',1,(#1928,#1929),.UNSPECIFIED.,.F.,.F.,(2,2),(0.00000000000000000E0,1.00000000000000000E0),.UNSPECIFIED.);
#1931=CARTESIAN_POINT('',(-2.17176518815203029E-1,1.28400761371842212E-2,8.33903070003530189E0));
#1932=CARTESIAN_POINT('',(-4.64297492413461799E-1,8.39236178501708424E-2,8.31015301121439975E0));
#1933=CARTESIAN_POINT('',(-2.67609284765612743E-1,2.39694902644514457E-1,8.24687092676669842E0));
#1934=B_SPLINE_CURVE_WITH_KNOTS('',2,(#1931,#1932,#1933),.UNSPECIFIED.,.F.,.F.,(3,3),(0.00000000000000000E0,1.00000000000000000E0),.UNSPECIFIED.);
#1935=CARTESIAN_POINT('',(1.76199896480495138E-1,3.24382645725871499E-1,8.21246653113989744E0));
#1936=CARTESIAN_POINT('',(-7.09210771177636451E-2,3.95466187438858086E-1,8.18358884231899708E0));
#1937=CARTESIAN_POINT('',(-2.67609284765612743E-1,2.39694902644514457E-1,8.24687092676669842E0));
#1938=B_SPLINE_CURVE_WITH_KNOTS('',2,(#1935,#1936,#1937),.UNSPECIFIED.,.F.,.F.,(3,3),(0.00000000000000000E0,1.00000000000000000E0),.UNSPECIFIED.);
#1939=CARTESIAN_POINT('',(-1.00897220556038913E0,4.52945527783474300E-1,8.16023786030399556E0));
#1940=CARTESIAN_POINT('',(-1.04739909523161745E0,4.46269322320676454E-1,8.79352620346909930E0));
#1941=B_SPLINE_CURVE_WITH_KNOTS('',1,(#1939,#1940),.UNSPECIFIED.,.F.,.F.,(2,2),(0.00000000000000000E0,1.00000000000000000E0),.UNSPECIFIED.);
#1942=CARTESIAN_POINT('',(7.82918668272073681E-1,8.19047296316135931E-1,8.63043583984608631E0));
#1943=CARTESIAN_POINT('',(-2.40745004027276943E-1,1.07982072111458671E0,8.51634746649676444E0));
#1944=CARTESIAN_POINT('',(-1.04739909523161745E0,4.46269322320676454E-1,8.79352620346909930E0));
#1945=B_SPLINE_CURVE_WITH_KNOTS('',2,(#1942,#1943,#1944),.UNSPECIFIED.,.F.,.F.,(3,3),(0.00000000000000000E0,1.00000000000000000E0),.UNSPECIFIED.);
#1946=CARTESIAN_POINT('',(7.66264519424042390E-1,7.91696500108902357E-1,8.02262027779679165E0));
#1947=CARTESIAN_POINT('',(7.82918668272073681E-1,8.19047296316135931E-1,8.63043583984608631E0));
#1948=B_SPLINE_CURVE_WITH_KNOTS('',1,(#1946,#1947),.UNSPECIFIED.,.F.,.F.,(2,2),(0.00000000000000000E0,1.00000000000000000E0),.UNSPECIFIED.);
#1949=CARTESIAN_POINT('',(-8.07241141758750280E-1,-4.54473778245846671E-1,8.52887695337840768E0));
#1950=CARTESIAN_POINT('',(-8.30389514136607221E-1,-4.48055501271684642E-1,9.18479331379075958E0));
#1951=B_SPLINE_CURVE_WITH_KNOTS('',1,(#1949,#1950),.UNSPECIFIED.,.F.,.F.,(2,2),(0.00000000000000000E0,1.00000000000000000E0),.UNSPECIFIED.);
#1952=CARTESIAN_POINT('',(-1.04739909523161745E0,4.46269322320676454E-1,8.79352620346909930E0));
#1953=CARTESIAN_POINT('',(-1.85405318643595796E0,-1.87282076473233805E-1,9.07070494044143594E0));
#1954=CARTESIAN_POINT('',(-8.30389514136607221E-1,-4.48055501271684642E-1,9.18479331379075958E0));
#1955=B_SPLINE_CURVE_WITH_KNOTS('',2,(#1952,#1953,#1954),.UNSPECIFIED.,.F.,.F.,(3,3),(0.00000000000000000E0,1.00000000000000000E0),.UNSPECIFIED.);
#1956=CARTESIAN_POINT('',(9.67995583225681133E-1,-1.15722805920418614E-1,8.39125937087120377E0));
#1957=CARTESIAN_POINT('',(9.99928249367083910E-1,-7.52775272762252201E-2,9.02170295016774482E0));
#1958=B_SPLINE_CURVE_WITH_KNOTS('',1,(#1956,#1957),.UNSPECIFIED.,.F.,.F.,(2,2),(0.00000000000000000E0,1.00000000000000000E0),.UNSPECIFIED.);
#1959=CARTESIAN_POINT('',(-8.30389514136607221E-1,-4.48055501271684642E-1,9.18479331379075958E0));
#1960=CARTESIAN_POINT('',(1.93274158162743459E-1,-7.08828926070135479E-1,9.29888168714008145E0));
#1961=CARTESIAN_POINT('',(9.99928249367083910E-1,-7.52775272762252201E-2,9.02170295016774482E0));
#1962=B_SPLINE_CURVE_WITH_KNOTS('',2,(#1959,#1960,#1961),.UNSPECIFIED.,.F.,.F.,(3,3),(0.00000000000000000E0,1.00000000000000000E0),.UNSPECIFIED.);
#1963=CARTESIAN_POINT('',(7.82918668272073681E-1,8.19047296316135931E-1,8.63043583984608631E0));
#1964=CARTESIAN_POINT('',(1.80658234057142431E0,5.58273871517685039E-1,8.74452421319540818E0));
#1965=CARTESIAN_POINT('',(9.99928249367083910E-1,-7.52775272762252201E-2,9.02170295016774482E0));
#1966=B_SPLINE_CURVE_WITH_KNOTS('',2,(#1963,#1964,#1965),.UNSPECIFIED.,.F.,.F.,(3,3),(0.00000000000000000E0,1.00000000000000000E0),.UNSPECIFIED.);
#1967=CARTESIAN_POINT('',(2.26632662430904824E-1,9.75278192185412285E-2,8.30462630440850091E0));
#1968=CARTESIAN_POINT('',(2.32180495142570914E-1,1.20302541322612866E-1,8.93613667015575430E0));
#1969=B_SPLINE_CURVE_WITH_KNOTS('',1,(#1967,#1968),.UNSPECIFIED.,.F.,.F.,(2,2),(0.00000000000000000E0,1.00000000000000000E0),.UNSPECIFIED.);
#1970=CARTESIAN_POINT('',(1.77928099868818357E-1,3.43883747220703140E-1,8.83831989257533834E0));
#1971=CARTESIAN_POINT('',(4.33844017943656013E-1,2.78690391021090444E-1,8.86684198591266970E0));
#1972=CARTESIAN_POINT('',(2.32180495142570914E-1,1.20302541322612866E-1,8.93613667015575430E0));
#1973=B_SPLINE_CURVE_WITH_KNOTS('',2,(#1970,#1971,#1972),.UNSPECIFIED.,.F.,.F.,(3,3),(0.00000000000000000E0,1.00000000000000000E0),.UNSPECIFIED.);
#1974=CARTESIAN_POINT('',(1.76199896480495138E-1,3.24382645725871499E-1,8.21246653113989744E0));
#1975=CARTESIAN_POINT('',(1.77928099868818357E-1,3.43883747220703140E-1,8.83831989257533834E0));
#1976=B_SPLINE_CURVE_WITH_KNOTS('',1,(#1974,#1975),.UNSPECIFIED.,.F.,.F.,(2,2),(0.00000000000000000E0,1.00000000000000000E0),.UNSPECIFIED.);
#1977=CARTESIAN_POINT('',(-2.17176518815203029E-1,1.28400761371842212E-2,8.33903070003530189E0));
#1978=CARTESIAN_POINT('',(-2.25398945733351869E-1,2.71080478237480105E-2,8.97690926106150755E0));
#1979=B_SPLINE_CURVE_WITH_KNOTS('',1,(#1977,#1978),.UNSPECIFIED.,.F.,.F.,(2,2),(0.00000000000000000E0,1.00000000000000000E0),.UNSPECIFIED.);
#1980=CARTESIAN_POINT('',(2.32180495142570914E-1,1.20302541322612866E-1,8.93613667015575430E0));
#1981=CARTESIAN_POINT('',(3.05169723414858082E-2,-3.80853083758646987E-2,9.00543135439883713E0));
#1982=CARTESIAN_POINT('',(-2.25398945733351869E-1,2.71080478237480105E-2,8.97690926106150755E0));
#1983=B_SPLINE_CURVE_WITH_KNOTS('',2,(#1980,#1981,#1982),.UNSPECIFIED.,.F.,.F.,(3,3),(0.00000000000000000E0,1.00000000000000000E0),.UNSPECIFIED.);
#1984=CARTESIAN_POINT('',(-2.67609284765612743E-1,2.39694902644514457E-1,8.24687092676669842E0));
#1985=CARTESIAN_POINT('',(-2.79651341007104426E-1,2.50689253721838312E-1,8.87909248348109159E0));
#1986=B_SPLINE_CURVE_WITH_KNOTS('',1,(#1984,#1985),.UNSPECIFIED.,.F.,.F.,(2,2),(0.00000000000000000E0,1.00000000000000000E0),.UNSPECIFIED.);
#1987=CARTESIAN_POINT('',(-2.25398945733351869E-1,2.71080478237480105E-2,8.97690926106150755E0));
#1988=CARTESIAN_POINT('',(-4.81314863808189553E-1,9.23014040233607197E-2,8.94838716772417619E0));
#1989=CARTESIAN_POINT('',(-2.79651341007104426E-1,2.50689253721838312E-1,8.87909248348109159E0));
#1990=B_SPLINE_CURVE_WITH_KNOTS('',2,(#1987,#1988,#1989),.UNSPECIFIED.,.F.,.F.,(3,3),(0.00000000000000000E0,1.00000000000000000E0),.UNSPECIFIED.);
#1991=CARTESIAN_POINT('',(1.77928099868818357E-1,3.43883747220703140E-1,8.83831989257533834E0));
#1992=CARTESIAN_POINT('',(-7.79878182060192854E-2,4.09077103420315891E-1,8.80979779923800876E0));
#1993=CARTESIAN_POINT('',(-2.79651341007104426E-1,2.50689253721838312E-1,8.87909248348109159E0));
#1994=B_SPLINE_CURVE_WITH_KNOTS('',2,(#1991,#1992,#1993),.UNSPECIFIED.,.F.,.F.,(3,3),(0.00000000000000000E0,1.00000000000000000E0),.UNSPECIFIED.);
#1995=CARTESIAN_POINT('',(-1.04739909523161745E0,4.46269322320676454E-1,8.79352620346909930E0));
#1996=CARTESIAN_POINT('',(-1.08559667556780148E0,4.39327684486829906E-1,9.42791178432852206E0));
#1997=B_SPLINE_CURVE_WITH_KNOTS('',1,(#1995,#1996),.UNSPECIFIED.,.F.,.F.,(2,2),(0.00000000000000000E0,1.00000000000000000E0),.UNSPECIFIED.);
#1998=CARTESIAN_POINT('',(7.98931451031716922E-1,8.46743951055460187E-1,9.23693540937447644E0));
#1999=CARTESIAN_POINT('',(-2.59450171573797961E-1,1.08338751642801201E0,9.12600873810609237E0));
#2000=CARTESIAN_POINT('',(-1.08559667556780148E0,4.39327684486829906E-1,9.42791178432852206E0));
#2001=B_SPLINE_CURVE_WITH_KNOTS('',2,(#1998,#1999,#2000),.UNSPECIFIED.,.F.,.F.,(3,3),(0.00000000000000000E0,1.00000000000000000E0),.UNSPECIFIED.);
#2002=CARTESIAN_POINT('',(7.82918668272073681E-1,8.19047296316135931E-1,8.63043583984608631E0));
#2003=CARTESIAN_POINT('',(7.98931451031716922E-1,8.46743951055460187E-1,9.23693540937447644E0));
#2004=B_SPLINE_CURVE_WITH_KNOTS('',1,(#2002,#2003),.UNSPECIFIED.,.F.,.F.,(2,2),(0.00000000000000000E0,1.00000000000000000E0),.UNSPECIFIED.);
#2005=CARTESIAN_POINT('',(-8.30389514136607221E-1,-4.48055501271684642E-1,9.18479331379075958E0));
#2006=CARTESIAN_POINT('',(-8.53361556956290013E-1,-4.41375712826904021E-1,9.84074150181933405E0));
#2007=B_SPLINE_CURVE_WITH_KNOTS('',1,(#2005,#2006),.UNSPECIFIED.,.F.,.F.,(2,2),(0.00000000000000000E0,1.00000000000000000E0),.UNSPECIFIED.);
#2008=CARTESIAN_POINT('',(-1.08559667556780148E0,4.39327684486829906E-1,9.42791178432852206E0));
#2009=CARTESIAN_POINT('',(-1.91174317956180495E0,-2.04732147454352142E-1,9.72981483055094998E0));
#2010=CARTESIAN_POINT('',(-8.53361556956290013E-1,-4.41375712826904021E-1,9.84074150181933405E0));
#2011=B_SPLINE_CURVE_WITH_KNOTS('',2,(#2008,#2009,#2010),.UNSPECIFIED.,.F.,.F.,(3,3),(0.00000000000000000E0,1.00000000000000000E0),.UNSPECIFIED.);
#2012=CARTESIAN_POINT('',(9.99928249367083910E-1,-7.52775272762252201E-2,9.02170295016774482E0));
#2013=CARTESIAN_POINT('',(1.03116656964322839E0,-3.39594462582737955E-2,9.64976512686529020E0));
#2014=B_SPLINE_CURVE_WITH_KNOTS('',1,(#2012,#2013),.UNSPECIFIED.,.F.,.F.,(2,2),(0.00000000000000000E0,1.00000000000000000E0),.UNSPECIFIED.);
#2015=CARTESIAN_POINT('',(-8.53361556956290013E-1,-4.41375712826904021E-1,9.84074150181933405E0));
#2016=CARTESIAN_POINT('',(2.05020065649224981E-1,-6.78019278199455844E-1,9.95166817308771812E0));
#2017=CARTESIAN_POINT('',(1.03116656964322839E0,-3.39594462582737955E-2,9.64976512686529020E0));
#2018=B_SPLINE_CURVE_WITH_KNOTS('',2,(#2015,#2016,#2017),.UNSPECIFIED.,.F.,.F.,(3,3),(0.00000000000000000E0,1.00000000000000000E0),.UNSPECIFIED.);
#2019=CARTESIAN_POINT('',(7.98931451031716922E-1,8.46743951055460187E-1,9.23693540937447644E0));
#2020=CARTESIAN_POINT('',(1.85731307363723186E0,6.10100385682908253E-1,9.34786208064286051E0));
#2021=CARTESIAN_POINT('',(1.03116656964322839E0,-3.39594462582737955E-2,9.64976512686529020E0));
#2022=B_SPLINE_CURVE_WITH_KNOTS('',2,(#2019,#2020,#2021),.UNSPECIFIED.,.F.,.F.,(3,3),(0.00000000000000000E0,1.00000000000000000E0),.UNSPECIFIED.);
#2023=CARTESIAN_POINT('',(2.32180495142570914E-1,1.20302541322612866E-1,8.93613667015575430E0));
#2024=CARTESIAN_POINT('',(2.37380352689092244E-1,1.43523227771140127E-1,9.56657012341400126E0));
#2025=B_SPLINE_CURVE_WITH_KNOTS('',1,(#2023,#2024),.UNSPECIFIED.,.F.,.F.,(2,2),(0.00000000000000000E0,1.00000000000000000E0),.UNSPECIFIED.);
#2026=CARTESIAN_POINT('',(1.79321573036214377E-1,3.63699077099573609E-1,9.46336269404129737E0));
#2027=CARTESIAN_POINT('',(4.43916978687593111E-1,3.04538185756435653E-1,9.49109436185839428E0));
#2028=CARTESIAN_POINT('',(2.37380352689092244E-1,1.43523227771140127E-1,9.56657012341400126E0));
#2029=B_SPLINE_CURVE_WITH_KNOTS('',2,(#2026,#2027,#2028),.UNSPECIFIED.,.F.,.F.,(3,3),(0.00000000000000000E0,1.00000000000000000E0),.UNSPECIFIED.);
#2030=CARTESIAN_POINT('',(1.77928099868818357E-1,3.43883747220703140E-1,8.83831989257533834E0));
#2031=CARTESIAN_POINT('',(1.79321573036214377E-1,3.63699077099573609E-1,9.46336269404129737E0));
#2032=B_SPLINE_CURVE_WITH_KNOTS('',1,(#2030,#2031),.UNSPECIFIED.,.F.,.F.,(2,2),(0.00000000000000000E0,1.00000000000000000E0),.UNSPECIFIED.);
#2033=CARTESIAN_POINT('',(-2.25398945733351869E-1,2.71080478237480105E-2,8.97690926106150755E0));
#2034=CARTESIAN_POINT('',(-2.33751678960787357E-1,4.16691611289825778E-2,9.61431421715251133E0));
#2035=B_SPLINE_CURVE_WITH_KNOTS('',1,(#2033,#2034),.UNSPECIFIED.,.F.,.F.,(2,2),(0.00000000000000000E0,1.00000000000000000E0),.UNSPECIFIED.);
#2036=CARTESIAN_POINT('',(2.37380352689092244E-1,1.43523227771140127E-1,9.56657012341400126E0));
#2037=CARTESIAN_POINT('',(3.08437266905913672E-2,-1.74917302141553849E-2,9.64204588496960824E0));
#2038=CARTESIAN_POINT('',(-2.33751678960787357E-1,4.16691611289825778E-2,9.61431421715251133E0));
#2039=B_SPLINE_CURVE_WITH_KNOTS('',2,(#2036,#2037,#2038),.UNSPECIFIED.,.F.,.F.,(3,3),(0.00000000000000000E0,1.00000000000000000E0),.UNSPECIFIED.);
#2040=CARTESIAN_POINT('',(-2.79651341007104426E-1,2.50689253721838312E-1,8.87909248348109159E0));
#2041=CARTESIAN_POINT('',(-2.91810458613665225E-1,2.61845010457416094E-1,9.51110678777980922E0));
#2042=B_SPLINE_CURVE_WITH_KNOTS('',1,(#2040,#2041),.UNSPECIFIED.,.F.,.F.,(2,2),(0.00000000000000000E0,1.00000000000000000E0),.UNSPECIFIED.);
#2043=CARTESIAN_POINT('',(-2.33751678960787357E-1,4.16691611289825778E-2,9.61431421715251133E0));
#2044=CARTESIAN_POINT('',(-4.98347084612166091E-1,1.00830052472120540E-1,9.58658254933541620E0));
#2045=CARTESIAN_POINT('',(-2.91810458613665225E-1,2.61845010457416094E-1,9.51110678777980922E0));
#2046=B_SPLINE_CURVE_WITH_KNOTS('',2,(#2043,#2044,#2045),.UNSPECIFIED.,.F.,.F.,(3,3),(0.00000000000000000E0,1.00000000000000000E0),.UNSPECIFIED.);
#2047=CARTESIAN_POINT('',(1.79321573036214377E-1,3.63699077099573609E-1,9.46336269404129737E0));
#2048=CARTESIAN_POINT('',(-8.52738326151643716E-2,4.22859968442711620E-1,9.43563102622420224E0));
#2049=CARTESIAN_POINT('',(-2.91810458613665225E-1,2.61845010457416094E-1,9.51110678777980922E0));
#2050=B_SPLINE_CURVE_WITH_KNOTS('',2,(#2047,#2048,#2049),.UNSPECIFIED.,.F.,.F.,(3,3),(0.00000000000000000E0,1.00000000000000000E0),.UNSPECIFIED.);
#2051=CARTESIAN_POINT('',(-1.08559667556780148E0,4.39327684486829906E-1,9.42791178432852206E0));
#2052=CARTESIAN_POINT('',(-1.12353989624489259E0,4.32157080354045320E-1,1.00634299570106123E1));
#2053=B_SPLINE_CURVE_WITH_KNOTS('',1,(#2051,#2052),.UNSPECIFIED.,.F.,.F.,(2,2),(0.00000000000000000E0,1.00000000000000000E0),.UNSPECIFIED.);
#2054=CARTESIAN_POINT('',(8.14284947176474816E-1,8.74726736990396603E-1,9.84214512869243663E0));
#2055=CARTESIAN_POINT('',(-2.78329454161394096E-1,1.08675271651009098E0,9.73613213893258944E0));
#2056=CARTESIAN_POINT('',(-1.12353989624489259E0,4.32157080354045320E-1,1.00634299570106123E1));
#2057=B_SPLINE_CURVE_WITH_KNOTS('',2,(#2054,#2055,#2056),.UNSPECIFIED.,.F.,.F.,(3,3),(0.00000000000000000E0,1.00000000000000000E0),.UNSPECIFIED.);
#2058=CARTESIAN_POINT('',(7.98931451031716922E-1,8.46743951055460187E-1,9.23693540937447644E0));
#2059=CARTESIAN_POINT('',(8.14284947176474816E-1,8.74726736990396603E-1,9.84214512869243663E0));
#2060=B_SPLINE_CURVE_WITH_KNOTS('',1,(#2058,#2059),.UNSPECIFIED.,.F.,.F.,(2,2),(0.00000000000000000E0,1.00000000000000000E0),.UNSPECIFIED.);
#2061=CARTESIAN_POINT('',(-8.53361556956290013E-1,-4.41375712826904021E-1,9.84074150181933405E0));
#2062=CARTESIAN_POINT('',(-8.76135936990522168E-1,-4.34464535321694711E-1,1.04967407648484823E1));
#2063=B_SPLINE_CURVE_WITH_KNOTS('',1,(#2061,#2062),.UNSPECIFIED.,.F.,.F.,(2,2),(0.00000000000000000E0,1.00000000000000000E0),.UNSPECIFIED.);
#2064=CARTESIAN_POINT('',(-1.12353989624489259E0,4.32157080354045320E-1,1.00634299570106123E1));
#2065=CARTESIAN_POINT('',(-1.96875033832839108E0,-2.22438555802000337E-1,1.03907277750886351E1));
#2066=CARTESIAN_POINT('',(-8.76135936990522168E-1,-4.34464535321694711E-1,1.04967407648484823E1));
#2067=B_SPLINE_CURVE_WITH_KNOTS('',2,(#2064,#2065,#2066),.UNSPECIFIED.,.F.,.F.,(3,3),(0.00000000000000000E0,1.00000000000000000E0),.UNSPECIFIED.);
#2068=CARTESIAN_POINT('',(1.03116656964322839E0,-3.39594462582737955E-2,9.64976512686529020E0));
#2069=CARTESIAN_POINT('',(1.06168890643084524E0,8.10512131465657149E-3,1.02754559365303066E1));
#2070=B_SPLINE_CURVE_WITH_KNOTS('',1,(#2068,#2069),.UNSPECIFIED.,.F.,.F.,(2,2),(0.00000000000000000E0,1.00000000000000000E0),.UNSPECIFIED.);
#2071=CARTESIAN_POINT('',(-8.76135936990522168E-1,-4.34464535321694711E-1,1.04967407648484823E1));
#2072=CARTESIAN_POINT('',(2.16478464347346744E-1,-6.46490514841389086E-1,1.06027537546083295E1));
#2073=CARTESIAN_POINT('',(1.06168890643084524E0,8.10512131465657149E-3,1.02754559365303066E1));
#2074=B_SPLINE_CURVE_WITH_KNOTS('',2,(#2071,#2072,#2073),.UNSPECIFIED.,.F.,.F.,(3,3),(0.00000000000000000E0,1.00000000000000000E0),.UNSPECIFIED.);
#2075=CARTESIAN_POINT('',(8.14284947176474816E-1,8.74726736990396603E-1,9.84214512869243663E0));
#2076=CARTESIAN_POINT('',(1.90689934851434373E0,6.62700757470702229E-1,9.94815811845228382E0));
#2077=CARTESIAN_POINT('',(1.06168890643084524E0,8.10512131465657149E-3,1.02754559365303066E1));
#2078=B_SPLINE_CURVE_WITH_KNOTS('',2,(#2075,#2076,#2077),.UNSPECIFIED.,.F.,.F.,(3,3),(0.00000000000000000E0,1.00000000000000000E0),.UNSPECIFIED.);
#2079=CARTESIAN_POINT('',(2.37380352689092244E-1,1.43523227771140127E-1,9.56657012341400126E0));
#2080=CARTESIAN_POINT('',(2.42228105427784612E-1,1.67124605954541039E-1,1.01959461942103644E1));
#2081=B_SPLINE_CURVE_WITH_KNOTS('',1,(#2079,#2080),.UNSPECIFIED.,.F.,.F.,(2,2),(0.00000000000000000E0,1.00000000000000000E0),.UNSPECIFIED.);
#2082=CARTESIAN_POINT('',(1.80377115614192007E-1,3.83780009873589734E-1,1.00876184922508401E1));
#2083=CARTESIAN_POINT('',(4.53530715948545549E-1,3.30773514993779827E-1,1.01141217396907450E1));
#2084=CARTESIAN_POINT('',(2.42228105427784612E-1,1.67124605954541039E-1,1.01959461942103644E1));
#2085=B_SPLINE_CURVE_WITH_KNOTS('',2,(#2082,#2083,#2084),.UNSPECIFIED.,.F.,.F.,(3,3),(0.00000000000000000E0,1.00000000000000000E0),.UNSPECIFIED.);
#2086=CARTESIAN_POINT('',(1.79321573036214377E-1,3.63699077099573609E-1,9.46336269404129737E0));
#2087=CARTESIAN_POINT('',(1.80377115614192007E-1,3.83780009873589734E-1,1.00876184922508401E1));
#2088=B_SPLINE_CURVE_WITH_KNOTS('',1,(#2086,#2087),.UNSPECIFIED.,.F.,.F.,(2,2),(0.00000000000000000E0,1.00000000000000000E0),.UNSPECIFIED.);
#2089=CARTESIAN_POINT('',(-2.33751678960787357E-1,4.16691611289825778E-2,9.61431421715251133E0));
#2090=CARTESIAN_POINT('',(-2.42228105427329865E-1,5.64821917951121577E-2,1.02512674012900789E1));
#2091=B_SPLINE_CURVE_WITH_KNOTS('',1,(#2089,#2090),.UNSPECIFIED.,.F.,.F.,(2,2),(0.00000000000000000E0,1.00000000000000000E0),.UNSPECIFIED.);
#2092=CARTESIAN_POINT('',(2.42228105427784612E-1,1.67124605954541039E-1,1.01959461942103644E1));
#2093=CARTESIAN_POINT('',(3.09254949070236762E-2,3.47569691530225100E-3,1.02777706487299838E1));
#2094=CARTESIAN_POINT('',(-2.42228105427329865E-1,5.64821917951121577E-2,1.02512674012900789E1));
#2095=B_SPLINE_CURVE_WITH_KNOTS('',2,(#2092,#2093,#2094),.UNSPECIFIED.,.F.,.F.,(3,3),(0.00000000000000000E0,1.00000000000000000E0),.UNSPECIFIED.);
#2096=CARTESIAN_POINT('',(-2.91810458613665225E-1,2.61845010457416094E-1,9.51110678777980922E0));
#2097=CARTESIAN_POINT('',(-3.04079095240922470E-1,2.73137595714160852E-1,1.01429396993305545E1));
#2098=B_SPLINE_CURVE_WITH_KNOTS('',1,(#2096,#2097),.UNSPECIFIED.,.F.,.F.,(2,2),(0.00000000000000000E0,1.00000000000000000E0),.UNSPECIFIED.);
#2099=CARTESIAN_POINT('',(-2.42228105427329865E-1,5.64821917951121577E-2,1.02512674012900789E1));
#2100=CARTESIAN_POINT('',(-5.15381705761683406E-1,1.09488686674922064E-1,1.02247641538501739E1));
#2101=CARTESIAN_POINT('',(-3.04079095240922470E-1,2.73137595714160852E-1,1.01429396993305545E1));
#2102=B_SPLINE_CURVE_WITH_KNOTS('',2,(#2099,#2100,#2101),.UNSPECIFIED.,.F.,.F.,(3,3),(0.00000000000000000E0,1.00000000000000000E0),.UNSPECIFIED.);
#2103=CARTESIAN_POINT('',(1.80377115614192007E-1,3.83780009873589734E-1,1.00876184922508401E1));
#2104=CARTESIAN_POINT('',(-9.27764847201615339E-2,4.36786504753399640E-1,1.00611152448109351E1));
#2105=CARTESIAN_POINT('',(-3.04079095240922470E-1,2.73137595714160852E-1,1.01429396993305545E1));
#2106=B_SPLINE_CURVE_WITH_KNOTS('',2,(#2103,#2104,#2105),.UNSPECIFIED.,.F.,.F.,(3,3),(0.00000000000000000E0,1.00000000000000000E0),.UNSPECIFIED.);
#2107=(GEOMETRIC_REPRESENTATION_CONTEXT(2)REPRESENTATION_CONTEXT('','2D'));
#2108=CARTESIAN_POINT('',(0.00000000000000000E0,0.00000000000000000E0));
#2109=CARTESIAN_POINT('',(1.00000000000000000E0,0.00000000000000000E0));
#2110=B_SPLINE_CURVE_WITH_KNOTS('',1,(#2108,#2109),.UNSPECIFIED.,.F.,.F.,(2,2),(0.00000000000000000E0,1.00000000000000000E0),.UNSPECIFIED.);
#2111=DEFINITIONAL_REPRESENTATION('',(#2110),#2107);
#2112=PCURVE('',#279,#2111);
#2113=CARTESIAN_POINT('',(1.00000000000000000E0,0.00000000000000000E0));
#2114=CARTESIAN_POINT('',(1.00000000000000000E0,1.00000000000000000E0));
#2115=B_SPLINE_CURVE_WITH_KNOTS('',1,(#2113,#2114),.UNSPECIFIED.,.F.,.F.,(2,2),(0.00000000000000000E0,1.00000000000000000E0),.UNSPECIFIED.);
#2116=DEFINITIONAL_REPRESENTATION('',(#2115),#2107);
#2117=PCURVE('',#279,#2116);
#2118=CARTESIAN_POINT('',(1.00000000000000000E0,1.00000000000000000E0));
#2119=CARTESIAN_POINT('',(0.00000000000000000E0,1.00000000000000000E0));
#2120=B_SPLINE_CURVE_WITH_KNOTS('',1,(#2118,#2119),.UNSPECIFIED.,.F.,.F.,(2,2),(0.00000000000000000E0,1.00000000000000000E0),.UNSPECIFIED.);
#2121=DEFINITIONAL_REPRESENTATION('',(#2120),#2107);
#2122=PCURVE('',#279,#2121);
#2123=CARTESIAN_POINT('',(0.00000000000000000E0,1.00000000000000000E0));
#2124=CARTESIAN_POINT('',(0.00000000000000000E0,0.00000000000000000E0));
#2125=B_SPLINE_CURVE_WITH_KNOTS('',1,(#2123,#2124),.UNSPECIFIED.,.F.,.F.,(2,2),(0.00000000000000000E0,1.00000000000000000E0),.UNSPECIFIED.);
#2126=DEFINITIONAL_REPRESENTATION('',(#2125),#2107);
#2127=PCURVE('',#279,#2126);
#2128=CARTESIAN_POINT('',(0.00000000000000000E0,0.00000000000000000E0));
#2129=CARTESIAN_POINT('',(1.00000000000000000E0,0.00000000000000000E0));
#2130=B_SPLINE_CURVE_WITH_KNOTS('',1,(#2128,#2129),.UNSPECIFIED.,.F.,.F.,(2,2),(0.00000000000000000E0,1.00000000000000000E0),.UNSPECIFIED.);
#2131=DEFINITIONAL_REPRESENTATION('',(#2130),#2107);
#2132=PCURVE('',#286,#2131);
#2133=CARTESIAN_POINT('',(1.00000000000000000E0,0.00000000000000000E0));
#2134=CARTESIAN_POINT('',(1.00000000000000000E0,1.00000000000000000E0));
#2135=B_SPLINE_CURVE_WITH_KNOTS('',1,(#2133,#2134),.UNSPECIFIED.,.F.,.F.,(2,2),(0.00000000000000000E0,1.00000000000000000E0),.UNSPECIFIED.);
#2136=DEFINITIONAL_REPRESENTATION('',(#2135),#2107);
#2137=PCURVE('',#286,#2136);
#2138=CARTESIAN_POINT('',(1.00000000000000000E0,1.00000000000000000E0));
#2139=CARTESIAN_POINT('',(0.00000000000000000E0,1.00000000000000000E0));
#2140=B_SPLINE_CURVE_WITH_KNOTS('',1,(#2138,#2139),.UNSPECIFIED.,.F.,.F.,(2,2),(0.00000000000000000E0,1.00000000000000000E0),.UNSPECIFIED.);
#2141=DEFINITIONAL_REPRESENTATION('',(#2140),#2107);
#2142=PCURVE('',#286,#2141);
#2143=CARTESIAN_POINT('',(0.00000000000000000E0,1.00000000000000000E0));
#2144=CARTESIAN_POINT('',(0.00000000000000000E0,0.00000000000000000E0));
#2145=B_SPLINE_CURVE_WITH_KNOTS('',1,(#2143,#2144),.UNSPECIFIED.,.F.,.F.,(2,2),(0.00000000000000000E0,1.00000000000000000E0),.UNSPECIFIED.);
#2146=DEFINITIONAL_REPRESENTATION('',(#2145),#2107);
#2147=PCURVE('',#286,#2146);
#2148=CARTESIAN_POINT('',(0.00000000000000000E0,0.00000000000000000E0));
#2149=CARTESIAN_POINT('',(1.00000000000000000E0,0.00000000000000000E0));
#2150=B_SPLINE_CURVE_WITH_KNOTS('',1,(#2148,#2149),.UNSPECIFIED.,.F.,.F.,(2,2),(0.00000000000000000E0,1.00000000000000000E0),.UNSPECIFIED.);
#2151=DEFINITIONAL_REPRESENTATION('',(#2150),#2107);
#2152=PCURVE('',#293,#2151);
#2153=CARTESIAN_POINT('',(1.00000000000000000E0,0.00000000000000000E0));
#2154=CARTESIAN_POINT('',(1.00000000000000000E0,1.00000000000000000E0));
#2155=B_SPLINE_CURVE_WITH_KNOTS('',1,(#2153,#2154),.UNSPECIFIED.,.F.,.F.,(2,2),(0.00000000000000000E0,1.00000000000000000E0),.UNSPECIFIED.);
#2156=DEFINITIONAL_REPRESENTATION('',(#2155),#2107);
#2157=PCURVE('',#293,#2156);
#2158=CARTESIAN_POINT('',(1.00000000000000000E0,1.00000000000000000E0));
#2159=CARTESIAN_POINT('',(0.00000000000000000E0,1.00000000000000000E0));
#2160=B_SPLINE_CURVE_WITH_KNOTS('',1,(#2158,#2159),.UNSPECIFIED.,.F.,.F.,(2,2),(0.00000000000000000E0,1.00000000000000000E0),.UNSPECIFIED.);
#2161=DEFINITIONAL_REPRESENTATION('',(#2160),#2107);
#2162=PCURVE('',#293,#2161);
#2163=CARTESIAN_POINT('',(0.00000000000000000E0,1.00000000000000000E0));
#2164=CARTESIAN_POINT('',(0.00000000000000000E0,0.00000000000000000E0));
#2165=B_SPLINE_CURVE_WITH_KNOTS('',1,(#2163,#2164),.UNSPECIFIED.,.F.,.F.,(2,2),(0.00000000000000000E0,1.00000000000000000E0),.UNSPECIFIED.);
#2166=DEFINITIONAL_REPRESENTATION('',(#2165),#2107);
#2167=PCURVE('',#293,#2166);
#2168=CARTESIAN_POINT('',(0.00000000000000000E0,0.00000000000000000E0));
#2169=CARTESIAN_POINT('',(1.00000000000000000E0,0.00000000000000000E0));
#2170=B_SPLINE_CURVE_WITH_KNOTS('',1,(#2168,#2169),.UNSPECIFIED.,.F.,.F.,(2,2),(0.00000000000000000E0,1.00000000000000000E0),.UNSPECIFIED.);
#2171=DEFINITIONAL_REPRESENTATION('',(#2170),#2107);
#2172=PCURVE('',#300,#2171);
#2173=CARTESIAN_POINT('',(1.00000000000000000E0,0.00000000000000000E0));
#2174=CARTESIAN_POINT('',(1.00000000000000000E0,1.00000000000000000E0));
#2175=B_SPLINE_CURVE_WITH_KNOTS('',1,(#2173,#2174),.UNSPECIFIED.,.F.,.F.,(2,2),(0.00000000000000000E0,1.00000000000000000E0),.UNSPECIFIED.);
#2176=DEFINITIONAL_REPRESENTATION('',(#2175),#2107);
#2177=PCURVE('',#300,#2176);
#2178=CARTESIAN_POINT('',(1.00000000000000000E0,1.00000000000000000E0));
#2179=CARTESIAN_POINT('',(0.00000000000000000E0,1.00000000000000000E0));
#2180=B_SPLINE_CURVE_WITH_KNOTS('',1,(#2178,#2179),.UNSPECIFIED.,.F.,.F.,(2,2),(0.00000000000000000E0,1.00000000000000000E0),.UNSPECIFIED.);
#2181=DEFINITIONAL_REPRESENTATION('',(#2180),#2107);
#2182=PCURVE('',#300,#2181);
#2183=CARTESIAN_POINT('',(0.00000000000000000E0,1.00000000000000000E0));
#2184=CARTESIAN_POINT('',(0.00000000000000000E0,0.00000000000000000E0));
#2185=B_SPLINE_CURVE_WITH_KNOTS('',1,(#2183,#2184),.UNSPECIFIED.,.F.,.F.,(2,2),(0.00000000000000000E0,1.00000000000000000E0),.UNSPECIFIED.);
#2186=DEFINITIONAL_REPRESENTATION('',(#2185),#2107);
#2187=PCURVE('',#300,#2186);
#2188=CARTESIAN_POINT('',(0.00000000000000000E0,0.00000000000000000E0));
#2189=CARTESIAN_POINT('',(1.00000000000000000E0,0.00000000000000000E0));
#2190=B_SPLINE_CURVE_WITH_KNOTS('',1,(#2188,#2189),.UNSPECIFIED.,.F.,.F.,(2,2),(0.00000000000000000E0,1.00000000000000000E0),.UNSPECIFIED.);
#2191=DEFINITIONAL_REPRESENTATION('',(#2190),#2107);
#2192=PCURVE('',#307,#2191);
#2193=CARTESIAN_POINT('',(1.00000000000000000E0,0.00000000000000000E0));
#2194=CARTESIAN_POINT('',(1.00000000000000000E0,1.00000000000000000E0));
#2195=B_SPLINE_CURVE_WITH_KNOTS('',1,(#2193,#2194),.UNSPECIFIED.,.F.,.F.,(2,2),(0.00000000000000000E0,1.00000000000000000E0),.UNSPECIFIED.);
#2196=DEFINITIONAL_REPRESENTATION('',(#2195),#2107);
#2197=PCURVE('',#307,#2196);
#2198=CARTESIAN_POINT('',(1.00000000000000000E0,1.00000000000000000E0));
#2199=CARTESIAN_POINT('',(0.00000000000000000E0,1.00000000000000000E0));
#2200=B_SPLINE_CURVE_WITH_KNOTS('',1,(#2198,#2199),.UNSPECIFIED.,.F.,.F.,(2,2),(0.00000000000000000E0,1.00000000000000000E0),.UNSPECIFIED.);
#2201=DEFINITIONAL_REPRESENTATION('',(#2200),#2107);
#2202=PCURVE('',#307,#2201);
#2203=CARTESIAN_POINT('',(0.00000000000000000E0,1.00000000000000000E0));
#2204=CARTESIAN_POINT('',(0.00000000000000000E0,0.00000000000000000E0));
#2205=B_SPLINE_CURVE_WITH_KNOTS('',1,(#2203,#2204),.UNSPECIFIED.,.F.,.F.,(2,2),(0.00000000000000000E0,1.00000000000000000E0),.UNSPECIFIED.);
#2206=DEFINITIONAL_REPRESENTATION('',(#2205),#2107);
#2207=PCURVE('',#307,#2206);
#2208=CARTESIAN_POINT('',(0.00000000000000000E0,0.00000000000000000E0));
#2209=CARTESIAN_POINT('',(1.00000000000000000E0,0.00000000000000000E0));
#2210=B_SPLINE_CURVE_WITH_KNOTS('',1,(#2208,#2209),.UNSPECIFIED.,.F.,.F.,(2,2),(0.00000000000000000E0,1.00000000000000000E0),.UNSPECIFIED.);
#2211=DEFINITIONAL_REPRESENTATION('',(#2210),#2107);
#2212=PCURVE('',#314,#2211);
#2213=CARTESIAN_POINT('',(1.00000000000000000E0,0.00000000000000000E0));
#2214=CARTESIAN_POINT('',(1.00000000000000000E0,1.00000000000000000E0));
#2215=B_SPLINE_CURVE_WITH_KNOTS('',1,(#2213,#2214),.UNSPECIFIED.,.F.,.F.,(2,2),(0.00000000000000000E0,1.00000000000000000E0),.UNSPECIFIED.);
#2216=DEFINITIONAL_REPRESENTATION('',(#2215),#2107);
#2217=PCURVE('',#314,#2216);
#2218=CARTESIAN_POINT('',(1.00000000000000000E0,1.00000000000000000E0));
#2219=CARTESIAN_POINT('',(0.00000000000000000E0,1.00000000000000000E0));
#2220=B_SPLINE_CURVE_WITH_KNOTS('',1,(#2218,#2219),.UNSPECIFIED.,.F.,.F.,(2,2),(0.00000000000000000E0,1.00000000000000000E0),.UNSPECIFIED.);
#2221=DEFINITIONAL_REPRESENTATION('',(#2220),#2107);
#2222=PCURVE('',#314,#2221);
#2223=CARTESIAN_POINT('',(0.00000000000000000E0,1.00000000000000000E0));
#2224=CARTESIAN_POINT('',(0.00000000000000000E0,0.00000000000000000E0));
#2225=B_SPLINE_CURVE_WITH_KNOTS('',1,(#2223,#2224),.UNSPECIFIED.,.F.,.F.,(2,2),(0.00000000000000000E0,1.00000000000000000E0),.UNSPECIFIED.);
#2226=DEFINITIONAL_REPRESENTATION('',(#2225),#2107);
#2227=PCURVE('',#314,#2226);
#2228=CARTESIAN_POINT('',(0.00000000000000000E0,0.00000000000000000E0));
#2229=CARTESIAN_POINT('',(1.00000000000000000E0,0.00000000000000000E0));
#2230=B_SPLINE_CURVE_WITH_KNOTS('',1,(#2228,#2229),.UNSPECIFIED.,.F.,.F.,(2,2),(0.00000000000000000E0,1.00000000000000000E0),.UNSPECIFIED.);
#2231=DEFINITIONAL_REPRESENTATION('',(#2230),#2107);
#2232=PCURVE('',#321,#2231);
#2233=CARTESIAN_POINT('',(1.00000000000000000E0,0.00000000000000000E0));
#2234=CARTESIAN_POINT('',(1.00000000000000000E0,1.00000000000000000E0));
#2235=B_SPLINE_CURVE_WITH_KNOTS('',1,(#2233,#2234),.UNSPECIFIED.,.F.,.F.,(2,2),(0.00000000000000000E0,1.00000000000000000E0),.UNSPECIFIED.);
#2236=DEFINITIONAL_REPRESENTATION('',(#2235),#2107);
#2237=PCURVE('',#321,#2236);
#2238=CARTESIAN_POINT('',(1.00000000000000000E0,1.00000000000000000E0));
#2239=CARTESIAN_POINT('',(0.00000000000000000E0,1.00000000000000000E0));
#2240=B_SPLINE_CURVE_WITH_KNOTS('',1,(#2238,#2239),.UNSPECIFIED.,.F.,.F.,(2,2),(0.00000000000000000E0,1.00000000000000000E0),.UNSPECIFIED.);
#2241=DEFINITIONAL_REPRESENTATION('',(#2240),#2107);
#2242=PCURVE('',#321,#2241);
#2243=CARTESIAN_POINT('',(0.00000000000000000E0,1.00000000000000000E0));
#2244=CARTESIAN_POINT('',(0.00000000000000000E0,0.00000000000000000E0));
#2245=B_SPLINE_CURVE_WITH_KNOTS('',1,(#2243,#2244),.UNSPECIFIED.,.F.,.F.,(2,2),(0.00000000000000000E0,1.00000000000000000E0),.UNSPECIFIED.);
#2246=DEFINITIONAL_REPRESENTATION('',(#2245),#2107);
#2247=PCURVE('',#321,#2246);
#2248=CARTESIAN_POINT('',(0.00000000000000000E0,0.00000000000000000E0));
#2249=CARTESIAN_POINT('',(1.00000000000000000E0,0.00000000000000000E0));
#2250=B_SPLINE_CURVE_WITH_KNOTS('',1,(#2248,#2249),.UNSPECIFIED.,.F.,.F.,(2,2),(0.00000000000000000E0,1.00000000000000000E0),.UNSPECIFIED.);
#2251=DEFINITIONAL_REPRESENTATION('',(#2250),#2107);
#2252=PCURVE('',#328,#2251);
#2253=CARTESIAN_POINT('',(1.00000000000000000E0,0.00000000000000000E0));
#2254=CARTESIAN_POINT('',(1.00000000000000000E0,1.00000000000000000E0));
#2255=B_SPLINE_CURVE_WITH_KNOTS('',1,(#2253,#2254),.UNSPECIFIED.,.F.,.F.,(2,2),(0.00000000000000000E0,1.00000000000000000E0),.UNSPECIFIED.);
#2256=DEFINITIONAL_REPRESENTATION('',(#2255),#2107);
#2257=PCURVE('',#328,#2256);
#2258=CARTESIAN_POINT('',(1.00000000000000000E0,1.00000000000000000E0));
#2259=CARTESIAN_POINT('',(0.00000000000000000E0,1.00000000000000000E0));
#2260=B_SPLINE_CURVE_WITH_KNOTS('',1,(#2258,#2259),.UNSPECIFIED.,.F.,.F.,(2,2),(0.00000000000000000E0,1.00000000000000000E0),.UNSPECIFIED.);
#2261=DEFINITIONAL_REPRESENTATION('',(#2260),#2107);
#2262=PCURVE('',#328,#2261);
#2263=CARTESIAN_POINT('',(0.00000000000000000E0,1.00000000000000000E0));
#2264=CARTESIAN_POINT('',(0.00000000000000000E0,0.00000000000000000E0));
#2265=B_SPLINE_CURVE_WITH_KNOTS('',1,(#2263,#2264),.UNSPECIFIED.,.F.,.F.,(2,2),(0.00000000000000000E0,1.00000000000000000E0),.UNSPECIFIED.);
#2266=DEFINITIONAL_REPRESENTATION('',(#2265),#2107);
#2267=PCURVE('',#328,#2266);
#2268=CARTESIAN_POINT('',(0.00000000000000000E0,0.00000000000000000E0));
#2269=CARTESIAN_POINT('',(1.00000000000000000E0,0.00000000000000000E0));
#2270=B_SPLINE_CURVE_WITH_KNOTS('',1,(#2268,#2269),.UNSPECIFIED.,.F.,.F.,(2,2),(0.00000000000000000E0,1.00000000000000000E0),.UNSPECIFIED.);
#2271=DEFINITIONAL_REPRESENTATION('',(#2270),#2107);
#2272=PCURVE('',#335,#2271);
#2273=CARTESIAN_POINT('',(1.00000000000000000E0,0.00000000000000000E0));
#2274=CARTESIAN_POINT('',(1.00000000000000000E0,1.00000000000000000E0));
#2275=B_SPLINE_CURVE_WITH_KNOTS('',1,(#2273,#2274),.UNSPECIFIED.,.F.,.F.,(2,2),(0.00000000000000000E0,1.00000000000000000E0),.UNSPECIFIED.);
#2276=DEFINITIONAL_REPRESENTATION('',(#2275),#2107);
#2277=PCURVE('',#335,#2276);
#2278=CARTESIAN_POINT('',(1.00000000000000000E0,1.00000000000000000E0));
#2279=CARTESIAN_POINT('',(0.00000000000000000E0,1.00000000000000000E0));
#2280=B_SPLINE_CURVE_WITH_KNOTS('',1,(#2278,#2279),.UNSPECIFIED.,.F.,.F.,(2,2),(0.00000000000000000E0,1.00000000000000000E0),.UNSPECIFIED.);
#2281=DEFINITIONAL_REPRESENTATION('',(#2280),#2107);
#2282=PCURVE('',#335,#2281);
#2283=CARTESIAN_POINT('',(0.00000000000000000E0,1.00000000000000000E0));
#2284=CARTESIAN_POINT('',(0.00000000000000000E0,0.00000000000000000E0));
#2285=B_SPLINE_CURVE_WITH_KNOTS('',1,(#2283,#2284),.UNSPECIFIED.,.F.,.F.,(2,2),(0.00000000000000000E0,1.00000000000000000E0),.UNSPECIFIED.);
#2286=DEFINITIONAL_REPRESENTATION('',(#2285),#2107);
#2287=PCURVE('',#335,#2286);
#2288=CARTESIAN_POINT('',(0.00000000000000000E0,0.00000000000000000E0));
#2289=CARTESIAN_POINT('',(1.00000000000000000E0,0.00000000000000000E0));
#2290=B_SPLINE_CURVE_WITH_KNOTS('',1,(#2288,#2289),.UNSPECIFIED.,.F.,.F.,(2,2),(0.00000000000000000E0,1.00000000000000000E0),.UNSPECIFIED.);
#2291=DEFINITIONAL_REPRESENTATION('',(#2290),#2107);
#2292=PCURVE('',#342,#2291);
#2293=CARTESIAN_POINT('',(1.00000000000000000E0,0.00000000000000000E0));
#2294=CARTESIAN_POINT('',(1.00000000000000000E0,1.00000000000000000E0));
#2295=B_SPLINE_CURVE_WITH_KNOTS('',1,(#2293,#2294),.UNSPECIFIED.,.F.,.F.,(2,2),(0.00000000000000000E0,1.00000000000000000E0),.UNSPECIFIED.);
#2296=DEFINITIONAL_REPRESENTATION('',(#2295),#2107);
#2297=PCURVE('',#342,#2296);
#2298=CARTESIAN_POINT('',(1.00000000000000000E0,1.00000000000000000E0));
#2299=CARTESIAN_POINT('',(0.00000000000000000E0,1.00000000000000000E0));
#2300=B_SPLINE_CURVE_WITH_KNOTS('',1,(#2298,#2299),.UNSPECIFIED.,.F.,.F.,(2,2),(0.00000000000000000E0,1.00000000000000000E0),.UNSPECIFIED.);
#2301=DEFINITIONAL_REPRESENTATION('',(#2300),#2107);
#2302=PCURVE('',#342,#2301);
#2303=CARTESIAN_POINT('',(0.00000000000000000E0,1.00000000000000000E0));
#2304=CARTESIAN_POINT('',(0.00000000000000000E0,0.00000000000000000E0));
#2305=B_SPLINE_CURVE_WITH_KNOTS('',1,(#2303,#2304),.UNSPECIFIED.,.F.,.F.,(2,2),(0.00000000000000000E0,1.00000000000000000E0),.UNSPECIFIED.);
#2306=DEFINITIONAL_REPRESENTATION('',(#2305),#2107);
#2307=PCURVE('',#342,#2306);
#2308=CARTESIAN_POINT('',(0.00000000000000000E0,0.00000000000000000E0));
#2309=CARTESIAN_POINT('',(1.00000000000000000E0,0.00000000000000000E0));
#2310=B_SPLINE_CURVE_WITH_KNOTS('',1,(#2308,#2309),.UNSPECIFIED.,.F.,.F.,(2,2),(0.00000000000000000E0,1.00000000000000000E0),.UNSPECIFIED.);
#2311=DEFINITIONAL_REPRESENTATION('',(#2310),#2107);
#2312=PCURVE('',#349,#2311);
#2313=CARTESIAN_POINT('',(1.00000000000000000E0,0.00000000000000000E0));
#2314=CARTESIAN_POINT('',(1.00000000000000000E0,1.00000000000000000E0));
#2315=B_SPLINE_CURVE_WITH_KNOTS('',1,(#2313,#2314),.UNSPECIFIED.,.F.,.F.,(2,2),(0.00000000000000000E0,1.00000000000000000E0),.UNSPECIFIED.);
#2316=DEFINITIONAL_REPRESENTATION('',(#2315),#2107);
#2317=PCURVE('',#349,#2316);
#2318=CARTESIAN_POINT('',(1.00000000000000000E0,1.00000000000000000E0));
#2319=CARTESIAN_POINT('',(0.00000000000000000E0,1.00000000000000000E0));
#2320=B_SPLINE_CURVE_WITH_KNOTS('',1,(#2318,#2319),.UNSPECIFIED.,.F.,.F.,(2,2),(0.00000000000000000E0,1.00000000000000000E0),.UNSPECIFIED.);
#2321=DEFINITIONAL_REPRESENTATION('',(#2320),#2107);
#2322=PCURVE('',#349,#2321);
#2323=CARTESIAN_POINT('',(0.00000000000000000E0,1.00000000000000000E0));
#2324=CARTESIAN_POINT('',(0.00000000000000000E0,0.00000000000000000E0));
#2325=B_SPLINE_CURVE_WITH_KNOTS('',1,(#2323,#2324),.UNSPECIFIED.,.F.,.F.,(2,2),(0.00000000000000000E0,1.00000000000000000E0),.UNSPECIFIED.);
#2326=DEFINITIONAL_REPRESENTATION('',(#2325),#2107);
#2327=PCURVE('',#349,#2326);
#2328=CARTESIAN_POINT('',(0.00000000000000000E0,0.00000000000000000E0));
#2329=CARTESIAN_POINT('',(1.00000000000000000E0,0.00000000000000000E0));
#2330=B_SPLINE_CURVE_WITH_KNOTS('',1,(#2328,#2329),.UNSPECIFIED.,.F.,.F.,(2,2),(0.00000000000000000E0,1.00000000000000000E0),.UNSPECIFIED.);
#2331=DEFINITIONAL_REPRESENTATION('',(#2330),#2107);
#2332=PCURVE('',#356,#2331);
#2333=CARTESIAN_POINT('',(1.00000000000000000E0,0.00000000000000000E0));
#2334=CARTESIAN_POINT('',(1.00000000000000000E0,1.00000000000000000E0));
#2335=B_SPLINE_CURVE_WITH_KNOTS('',1,(#2333,#2334),.UNSPECIFIED.,.F.,.F.,(2,2),(0.00000000000000000E0,1.00000000000000000E0),.UNSPECIFIED.);
#2336=DEFINITIONAL_REPRESENTATION('',(#2335),#2107);
#2337=PCURVE('',#356,#2336);
#2338=CARTESIAN_POINT('',(1.00000000000000000E0,1.00000000000000000E0));
#2339=CARTESIAN_POINT('',(0.00000000000000000E0,1.00000000000000000E0));
#2340=B_SPLINE_CURVE_WITH_KNOTS('',1,(#2338,#2339),.UNSPECIFIED.,.F.,.F.,(2,2),(0.00000000000000000E0,1.00000000000000000E0),.UNSPECIFIED.);
#2341=DEFINITIONAL_REPRESENTATION('',(#2340),#2107);
#2342=PCURVE('',#356,#2341);
#2343=CARTESIAN_POINT('',(0.00000000000000000E0,1.00000000000000000E0));
#2344=CARTESIAN_POINT('',(0.00000000000000000E0,0.00000000000000000E0));
#2345=B_SPLINE_CURVE_WITH_KNOTS('',1,(#2343,#2344),.UNSPECIFIED.,.F.,.F.,(2,2),(0.00000000000000000E0,1.00000000000000000E0),.UNSPECIFIED.);
#2346=DEFINITIONAL_REPRESENTATION('',(#2345),#2107);
#2347=PCURVE('',#356,#2346);
#2348=CARTESIAN_POINT('',(0.00000000000000000E0,0.00000000000000000E0));
#2349=CARTESIAN_POINT('',(1.00000000000000000E0,0.00000000000000000E0));
#2350=B_SPLINE_CURVE_WITH_KNOTS('',1,(#2348,#2349),.UNSPECIFIED.,.F.,.F.,(2,2),(0.00000000000000000E0,1.00000000000000000E0),.UNSPECIFIED.);
#2351=DEFINITIONAL_REPRESENTATION('',(#2350),#2107);
#2352=PCURVE('',#363,#2351);
#2353=CARTESIAN_POINT('',(1.00000000000000000E0,0.00000000000000000E0));
#2354=CARTESIAN_POINT('',(1.00000000000000000E0,1.00000000000000000E0));
#2355=B_SPLINE_CURVE_WITH_KNOTS('',1,(#2353,#2354),.UNSPECIFIED.,.F.,.F.,(2,2),(0.00000000000000000E0,1.00000000000000000E0),.UNSPECIFIED.);
#2356=DEFINITIONAL_REPRESENTATION('',(#2355),#2107);
#2357=PCURVE('',#363,#2356);
#2358=CARTESIAN_POINT('',(1.00000000000000000E0,1.00000000000000000E0));
#2359=CARTESIAN_POINT('',(0.00000000000000000E0,1.00000000000000000E0));
#2360=B_SPLINE_CURVE_WITH_KNOTS('',1,(#2358,#2359),.UNSPECIFIED.,.F.,.F.,(2,2),(0.00000000000000000E0,1.00000000000000000E0),.UNSPECIFIED.);
#2361=DEFINITIONAL_REPRESENTATION('',(#2360),#2107);
#2362=PCURVE('',#363,#2361);
#2363=CARTESIAN_POINT('',(0.00000000000000000E0,1.00000000000000000E0));
#2364=CARTESIAN_POINT('',(0.00000000000000000E0,0.00000000000000000E0));
#2365=B_SPLINE_CURVE_WITH_KNOTS('',1,(#2363,#2364),.UNSPECIFIED.,.F.,.F.,(2,2),(0.00000000000000000E0,1.00000000000000000E0),.UNSPECIFIED.);
#2366=DEFINITIONAL_REPRESENTATION('',(#2365),#2107);
#2367=PCURVE('',#363,#2366);
#2368=CARTESIAN_POINT('',(0.00000000000000000E0,0.00000000000000000E0));
#2369=CARTESIAN_POINT('',(1.00000000000000000E0,0.00000000000000000E0));
#2370=B_SPLINE_CURVE_WITH_KNOTS('',1,(#2368,#2369),.UNSPECIFIED.,.F.,.F.,(2,2),(0.00000000000000000E0,1.00000000000000000E0),.UNSPECIFIED.);
#2371=DEFINITIONAL_REPRESENTATION('',(#2370),#2107);
#2372=PCURVE('',#370,#2371);
#2373=CARTESIAN_POINT('',(1.00000000000000000E0,0.00000000000000000E0));
#2374=CARTESIAN_POINT('',(1.00000000000000000E0,1.00000000000000000E0));
#2375=B_SPLINE_CURVE_WITH_KNOTS('',1,(#2373,#2374),.UNSPECIFIED.,.F.,.F.,(2,2),(0.00000000000000000E0,1.00000000000000000E0),.UNSPECIFIED.);
#2376=DEFINITIONAL_REPRESENTATION('',(#2375),#2107);
#2377=PCURVE('',#370,#2376);
#2378=CARTESIAN_POINT('',(1.00000000000000000E0,1.00000000000000000E0));
#2379=CARTESIAN_POINT('',(0.00000000000000000E0,1.00000000000000000E0));
#2380=B_SPLINE_CURVE_WITH_KNOTS('',1,(#2378,#2379),.UNSPECIFIED.,.F.,.F.,(2,2),(0.00000000000000000E0,1.00000000000000000E0),.UNSPECIFIED.);
#2381=DEFINITIONAL_REPRESENTATION('',(#2380),#2107);
#2382=PCURVE('',#370,#2381);
#2383=CARTESIAN_POINT('',(0.00000000000000000E0,1.00000000000000000E0));
#2384=CARTESIAN_POINT('',(0.00000000000000000E0,0.00000000000000000E0));
#2385=B_SPLINE_CURVE_WITH_KNOTS('',1,(#2383,#2384),.UNSPECIFIED.,.F.,.F.,(2,2),(0.00000000000000000E0,1.00000000000000000E0),.UNSPECIFIED.);
#2386=DEFINITIONAL_REPRESENTATION('',(#2385),#2107);
#2387=PCURVE('',#370,#2386);
#2388=CARTESIAN_POINT('',(0.00000000000000000E0,0.00000000000000000E0));
#2389=CARTESIAN_POINT('',(1.00000000000000000E0,0.00000000000000000E0));
#2390=B_SPLINE_CURVE_WITH_KNOTS('',1,(#2388,#2389),.UNSPECIFIED.,.F.,.F.,(2,2),(0.00000000000000000E0,1.00000000000000000E0),.UNSPECIFIED.);
#2391=DEFINITIONAL_REPRESENTATION('',(#2390),#2107);
#2392=PCURVE('',#377,#2391);
#2393=CARTESIAN_POINT('',(1.00000000000000000E0,0.00000000000000000E0));
#2394=CARTESIAN_POINT('',(1.00000000000000000E0,1.00000000000000000E0));
#2395=B_SPLINE_CURVE_WITH_KNOTS('',1,(#2393,#2394),.UNSPECIFIED.,.F.,.F.,(2,2),(0.00000000000000000E0,1.00000000000000000E0),.UNSPECIFIED.);
#2396=DEFINITIONAL_REPRESENTATION('',(#2395),#2107);
#2397=PCURVE('',#377,#2396);
#2398=CARTESIAN_POINT('',(1.00000000000000000E0,1.00000000000000000E0));
#2399=CARTESIAN_POINT('',(0.00000000000000000E0,1.00000000000000000E0));
#2400=B_SPLINE_CURVE_WITH_KNOTS('',1,(#2398,#2399),.UNSPECIFIED.,.F.,.F.,(2,2),(0.00000000000000000E0,1.00000000000000000E0),.UNSPECIFIED.);
#2401=DEFINITIONAL_REPRESENTATION('',(#2400),#2107);
#2402=PCURVE('',#377,#2401);
#2403=CARTESIAN_POINT('',(0.00000000000000000E0,1.00000000000000000E0));
#2404=CARTESIAN_POINT('',(0.00000000000000000E0,0.00000000000000000E0));
#2405=B_SPLINE_CURVE_WITH_KNOTS('',1,(#2403,#2404),.UNSPECIFIED.,.F.,.F.,(2,2),(0.00000000000000000E0,1.00000000000000000E0),.UNSPECIFIED.);
#2406=DEFINITIONAL_REPRESENTATION('',(#2405),#2107);
#2407=PCURVE('',#377,#2406);
#2408=CARTESIAN_POINT('',(0.00000000000000000E0,0.00000000000000000E0));
#2409=CARTESIAN_POINT('',(1.00000000000000000E0,0.00000000000000000E0));
#2410=B_SPLINE_CURVE_WITH_KNOTS('',1,(#2408,#2409),.UNSPECIFIED.,.F.,.F.,(2,2),(0.00000000000000000E0,1.00000000000000000E0),.UNSPECIFIED.);
#2411=DEFINITIONAL_REPRESENTATION('',(#2410),#2107);
#2412=PCURVE('',#384,#2411);
#2413=CARTESIAN_POINT('',(1.00000000000000000E0,0.00000000000000000E0));
#2414=CARTESIAN_POINT('',(1.00000000000000000E0,1.00000000000000000E0));
#2415=B_SPLINE_CURVE_WITH_KNOTS('',1,(#2413,#2414),.UNSPECIFIED.,.F.,.F.,(2,2),(0.00000000000000000E0,1.00000000000000000E0),.UNSPECIFIED.);
#2416=DEFINITIONAL_REPRESENTATION('',(#2415),#2107);
#2417=PCURVE('',#384,#2416);
#2418=CARTESIAN_POINT('',(1.00000000000000000E0,1.00000000000000000E0));
#2419=CARTESIAN_POINT('',(0.00000000000000000E0,1.00000000000000000E0));
#2420=B_SPLINE_CURVE_WITH_KNOTS('',1,(#2418,#2419),.UNSPECIFIED.,.F.,.F.,(2,2),(0.00000000000000000E0,1.00000000000000000E0),.UNSPECIFIED.);
#2421=DEFINITIONAL_REPRESENTATION('',(#2420),#2107);
#2422=PCURVE('',#384,#2421);
#2423=CARTESIAN_POINT('',(0.00000000000000000E0,1.00000000000000000E0));
#2424=CARTESIAN_POINT('',(0.00000000000000000E0,0.00000000000000000E0));
#2425=B_SPLINE_CURVE_WITH_KNOTS('',1,(#2423,#2424),.UNSPECIFIED.,.F.,.F.,(2,2),(0.00000000000000000E0,1.00000000000000000E0),.UNSPECIFIED.);
#2426=DEFINITIONAL_REPRESENTATION('',(#2425),#2107);
#2427=PCURVE('',#384,#2426);
#2428=CARTESIAN_POINT('',(0.00000000000000000E0,0.00000000000000000E0));
#2429=CARTESIAN_POINT('',(1.00000000000000000E0,0.00000000000000000E0));
#2430=B_SPLINE_CURVE_WITH_KNOTS('',1,(#2428,#2429),.UNSPECIFIED.,.F.,.F.,(2,2),(0.00000000000000000E0,1.00000000000000000E0),.UNSPECIFIED.);
#2431=DEFINITIONAL_REPRESENTATION('',(#2430),#2107);
#2432=PCURVE('',#391,#2431);
#2433=CARTESIAN_POINT('',(1.00000000000000000E0,0.00000000000000000E0));
#2434=CARTESIAN_POINT('',(1.00000000000000000E0,1.00000000000000000E0));
#2435=B_SPLINE_CURVE_WITH_KNOTS('',1,(#2433,#2434),.UNSPECIFIED.,.F.,.F.,(2,2),(0.00000000000000000E0,1.00000000000000000E0),.UNSPECIFIED.);
#2436=DEFINITIONAL_REPRESENTATION('',(#2435),#2107);
#2437=PCURVE('',#391,#2436);
#2438=CARTESIAN_POINT('',(1.00000000000000000E0,1.00000000000000000E0));
#2439=CARTESIAN_POINT('',(0.00000000000000000E0,1.00000000000000000E0));
#2440=B_SPLINE_CURVE_WITH_KNOTS('',1,(#2438,#2439),.UNSPECIFIED.,.F.,.F.,(2,2),(0.00000000000000000E0,1.00000000000000000E0),.UNSPECIFIED.);
#2441=DEFINITIONAL_REPRESENTATION('',(#2440),#2107);
#2442=PCURVE('',#391,#2441);
#2443=CARTESIAN_POINT('',(0.00000000000000000E0,1.00000000000000000E0));
#2444=CARTESIAN_POINT('',(0.00000000000000000E0,0.00000000000000000E0));
#2445=B_SPLINE_CURVE_WITH_KNOTS('',1,(#2443,#2444),.UNSPECIFIED.,.F.,.F.,(2,2),(0.00000000000000000E0,1.00000000000000000E0),.UNSPECIFIED.);
#2446=DEFINITIONAL_REPRESENTATION('',(#2445),#2107);
#2447=PCURVE('',#391,#2446);
#2448=CARTESIAN_POINT('',(0.00000000000000000E0,0.00000000000000000E0));
#2449=CARTESIAN_POINT('',(1.00000000000000000E0,0.00000000000000000E0));
#2450=B_SPLINE_CURVE_WITH_KNOTS('',1,(#2448,#2449),.UNSPECIFIED.,.F.,.F.,(2,2),(0.00000000000000000E0,1.00000000000000000E0),.UNSPECIFIED.);
#2451=DEFINITIONAL_REPRESENTATION('',(#2450),#2107);
#2452=PCURVE('',#398,#2451);
#2453=CARTESIAN_POINT('',(1.00000000000000000E0,0.00000000000000000E0));
#2454=CARTESIAN_POINT('',(1.00000000000000000E0,1.00000000000000000E0));
#2455=B_SPLINE_CURVE_WITH_KNOTS('',1,(#2453,#2454),.UNSPECIFIED.,.F.,.F.,(2,2),(0.00000000000000000E0,1.00000000000000000E0),.UNSPECIFIED.);
#2456=DEFINITIONAL_REPRESENTATION('',(#2455),#2107);
#2457=PCURVE('',#398,#2456);
#2458=CARTESIAN_POINT('',(1.00000000000000000E0,1.00000000000000000E0));
#2459=CARTESIAN_POINT('',(0.00000000000000000E0,1.00000000000000000E0));
#2460=B_SPLINE_CURVE_WITH_KNOTS('',1,(#2458,#2459),.UNSPECIFIED.,.F.,.F.,(2,2),(0.00000000000000000E0,1.00000000000000000E0),.UNSPECIFIED.);
#2461=DEFINITIONAL_REPRESENTATION('',(#2460),#2107);
#2462=PCURVE('',#398,#2461);
#2463=CARTESIAN_POINT('',(0.00000000000000000E0,1.00000000000000000E0));
#2464=CARTESIAN_POINT('',(0.00000000000000000E0,0.00000000000000000E0));
#2465=B_SPLINE_CURVE_WITH_KNOTS('',1,(#2463,#2464),.UNSPECIFIED.,.F.,.F.,(2,2),(0.00000000000000000E0,1.00000000000000000E0),.UNSPECIFIED.);
#2466=DEFINITIONAL_REPRESENTATION('',(#2465),#2107);
#2467=PCURVE('',#398,#2466);
#2468=CARTESIAN_POINT('',(0.00000000000000000E0,0.00000000000000000E0));
#2469=CARTESIAN_POINT('',(1.00000000000000000E0,0.00000000000000000E0));
#2470=B_SPLINE_CURVE_WITH_KNOTS('',1,(#2468,#2469),.UNSPECIFIED.,.F.,.F.,(2,2),(0.00000000000000000E0,1.00000000000000000E0),.UNSPECIFIED.);
#2471=DEFINITIONAL_REPRESENTATION('',(#2470),#2107);
#2472=PCURVE('',#405,#2471);
#2473=CARTESIAN_POINT('',(1.00000000000000000E0,0.00000000000000000E0));
#2474=CARTESIAN_POINT('',(1.00000000000000000E0,1.00000000000000000E0));
#2475=B_SPLINE_CURVE_WITH_KNOTS('',1,(#2473,#2474),.UNSPECIFIED.,.F.,.F.,(2,2),(0.00000000000000000E0,1.00000000000000000E0),.UNSPECIFIED.);
#2476=DEFINITIONAL_REPRESENTATION('',(#2475),#2107);
#2477=PCURVE('',#405,#2476);
#2478=CARTESIAN_POINT('',(1.00000000000000000E0,1.00000000000000000E0));
#2479=CARTESIAN_POINT('',(0.00000000000000000E0,1.00000000000000000E0));
#2480=B_SPLINE_CURVE_WITH_KNOTS('',1,(#2478,#2479),.UNSPECIFIED.,.F.,.F.,(2,2),(0.00000000000000000E0,1.00000000000000000E0),.UNSPECIFIED.);
#2481=DEFINITIONAL_REPRESENTATION('',(#2480),#2107);
#2482=PCURVE('',#405,#2481);
#2483=CARTESIAN_POINT('',(0.00000000000000000E0,1.00000000000000000E0));
#2484=CARTESIAN_POINT('',(0.00000000000000000E0,0.00000000000000000E0));
#2485=B_SPLINE_CURVE_WITH_KNOTS('',1,(#2483,#2484),.UNSPECIFIED.,.F.,.F.,(2,2),(0.00000000000000000E0,1.00000000000000000E0),.UNSPECIFIED.);
#2486=DEFINITIONAL_REPRESENTATION('',(#2485),#2107);
#2487=PCURVE('',#405,#2486);
#2488=CARTESIAN_POINT('',(0.00000000000000000E0,0.00000000000000000E0));
#2489=CARTESIAN_POINT('',(1.00000000000000000E0,0.00000000000000000E0));
#2490=B_SPLINE_CURVE_WITH_KNOTS('',1,(#2488,#2489),.UNSPECIFIED.,.F.,.F.,(2,2),(0.00000000000000000E0,1.00000000000000000E0),.UNSPECIFIED.);
#2491=DEFINITIONAL_REPRESENTATION('',(#2490),#2107);
#2492=PCURVE('',#412,#2491);
#2493=CARTESIAN_POINT('',(1.00000000000000000E0,0.00000000000000000E0));
#2494=CARTESIAN_POINT('',(1.00000000000000000E0,1.00000000000000000E0));
#2495=B_SPLINE_CURVE_WITH_KNOTS('',1,(#2493,#2494),.UNSPECIFIED.,.F.,.F.,(2,2),(0.00000000000000000E0,1.00000000000000000E0),.UNSPECIFIED.);
#2496=DEFINITIONAL_REPRESENTATION('',(#2495),#2107);
#2497=PCURVE('',#412,#2496);
#2498=CARTESIAN_POINT('',(1.00000000000000000E0,1.00000000000000000E0));
#2499=CARTESIAN_POINT('',(0.00000000000000000E0,1.00000000000000000E0));
#2500=B_SPLINE_CURVE_WITH_KNOTS('',1,(#2498,#2499),.UNSPECIFIED.,.F.,.F.,(2,2),(0.00000000000000000E0,1.00000000000000000E0),.UNSPECIFIED.);
#2501=DEFINITIONAL_REPRESENTATION('',(#2500),#2107);
#2502=PCURVE('',#412,#2501);
#2503=CARTESIAN_POINT('',(0.00000000000000000E0,1.00000000000000000E0));
#2504=CARTESIAN_POINT('',(0.00000000000000000E0,0.00000000000000000E0));
#2505=B_SPLINE_CURVE_WITH_KNOTS('',1,(#2503,#2504),.UNSPECIFIED.,.F.,.F.,(2,2),(0.00000000000000000E0,1.00000000000000000E0),.UNSPECIFIED.);
#2506=DEFINITIONAL_REPRESENTATION('',(#2505),#2107);
#2507=PCURVE('',#412,#2506);
#2508=CARTESIAN_POINT('',(0.00000000000000000E0,0.00000000000000000E0));
#2509=CARTESIAN_POINT('',(1.00000000000000000E0,0.00000000000000000E0));
#2510=B_SPLINE_CURVE_WITH_KNOTS('',1,(#2508,#2509),.UNSPECIFIED.,.F.,.F.,(2,2),(0.00000000000000000E0,1.00000000000000000E0),.UNSPECIFIED.);
#2511=DEFINITIONAL_REPRESENTATION('',(#2510),#2107);
#2512=PCURVE('',#419,#2511);
#2513=CARTESIAN_POINT('',(1.00000000000000000E0,0.00000000000000000E0));
#2514=CARTESIAN_POINT('',(1.00000000000000000E0,1.00000000000000000E0));
#2515=B_SPLINE_CURVE_WITH_KNOTS('',1,(#2513,#2514),.UNSPECIFIED.,.F.,.F.,(2,2),(0.00000000000000000E0,1.00000000000000000E0),.UNSPECIFIED.);
#2516=DEFINITIONAL_REPRESENTATION('',(#2515),#2107);
#2517=PCURVE('',#419,#2516);
#2518=CARTESIAN_POINT('',(1.00000000000000000E0,1.00000000000000000E0));
#2519=CARTESIAN_POINT('',(0.00000000000000000E0,1.00000000000000000E0));
#2520=B_SPLINE_CURVE_WITH_KNOTS('',1,(#2518,#2519),.UNSPECIFIED.,.F.,.F.,(2,2),(0.00000000000000000E0,1.00000000000000000E0),.UNSPECIFIED.);
#2521=DEFINITIONAL_REPRESENTATION('',(#2520),#2107);
#2522=PCURVE('',#419,#2521);
#2523=CARTESIAN_POINT('',(0.00000000000000000E0,1.00000000000000000E0));
#2524=CARTESIAN_POINT('',(0.00000000000000000E0,0.00000000000000000E0));
#2525=B_SPLINE_CURVE_WITH_KNOTS('',1,(#2523,#2524),.UNSPECIFIED.,.F.,.F.,(2,2),(0.00000000000000000E0,1.00000000000000000E0),.UNSPECIFIED.);
#2526=DEFINITIONAL_REPRESENTATION('',(#2525),#2107);
#2527=PCURVE('',#419,#2526);
#2528=CARTESIAN_POINT('',(0.00000000000000000E0,0.00000000000000000E0));
#2529=CARTESIAN_POINT('',(1.00000000000000000E0,0.00000000000000000E0));
#2530=B_SPLINE_CURVE_WITH_KNOTS('',1,(#2528,#2529),.UNSPECIFIED.,.F.,.F.,(2,2),(0.00000000000000000E0,1.00000000000000000E0),.UNSPECIFIED.);
#2531=DEFINITIONAL_REPRESENTATION('',(#2530),#2107);
#2532=PCURVE('',#426,#2531);
#2533=CARTESIAN_POINT('',(1.00000000000000000E0,0.00000000000000000E0));
#2534=CARTESIAN_POINT('',(1.00000000000000000E0,1.00000000000000000E0));
#2535=B_SPLINE_CURVE_WITH_KNOTS('',1,(#2533,#2534),.UNSPECIFIED.,.F.,.F.,(2,2),(0.00000000000000000E0,1.00000000000000000E0),.UNSPECIFIED.);
#2536=DEFINITIONAL_REPRESENTATION('',(#2535),#2107);
#2537=PCURVE('',#426,#2536);
#2538=CARTESIAN_POINT('',(1.00000000000000000E0,1.00000000000000000E0));
#2539=CARTESIAN_POINT('',(0.00000000000000000E0,1.00000000000000000E0));
#2540=B_SPLINE_CURVE_WITH_KNOTS('',1,(#2538,#2539),.UNSPECIFIED.,.F.,.F.,(2,2),(0.00000000000000000E0,1.00000000000000000E0),.UNSPECIFIED.);
#2541=DEFINITIONAL_REPRESENTATION('',(#2540),#2107);
#2542=PCURVE('',#426,#2541);
#2543=CARTESIAN_POINT('',(0.00000000000000000E0,1.00000000000000000E0));
#2544=CARTESIAN_POINT('',(0.00000000000000000E0,0.00000000000000000E0));
#2545=B_SPLINE_CURVE_WITH_KNOTS('',1,(#2543,#2544),.UNSPECIFIED.,.F.,.F.,(2,2),(0.00000000000000000E0,1.00000000000000000E0),.UNSPECIFIED.);
#2546=DEFINITIONAL_REPRESENTATION('',(#2545),#2107);
#2547=PCURVE('',#426,#2546);
#2548=CARTESIAN_POINT('',(0.00000000000000000E0,0.00000000000000000E0));
#2549=CARTESIAN_POINT('',(1.00000000000000000E0,0.00000000000000000E0));
#2550=B_SPLINE_CURVE_WITH_KNOTS('',1,(#2548,#2549),.UNSPECIFIED.,.F.,.F.,(2,2),(0.00000000000000000E0,1.00000000000000000E0),.UNSPECIFIED.);
#2551=DEFINITIONAL_REPRESENTATION('',(#2550),#2107);
#2552=PCURVE('',#433,#2551);
#2553=CARTESIAN_POINT('',(1.00000000000000000E0,0.00000000000000000E0));
#2554=CARTESIAN_POINT('',(1.00000000000000000E0,1.00000000000000000E0));
#2555=B_SPLINE_CURVE_WITH_KNOTS('',1,(#2553,#2554),.UNSPECIFIED.,.F.,.F.,(2,2),(0.00000000000000000E0,1.00000000000000000E0),.UNSPECIFIED.);
#2556=DEFINITIONAL_REPRESENTATION('',(#2555),#2107);
#2557=PCURVE('',#433,#2556);
#2558=CARTESIAN_POINT('',(1.00000000000000000E0,1.00000000000000000E0));
#2559=CARTESIAN_POINT('',(0.00000000000000000E0,1.00000000000000000E0));
#2560=B_SPLINE_CURVE_WITH_KNOTS('',1,(#2558,#2559),.UNSPECIFIED.,.F.,.F.,(2,2),(0.00000000000000000E0,1.00000000000000000E0),.UNSPECIFIED.);
#2561=DEFINITIONAL_REPRESENTATION('',(#2560),#2107);
#2562=PCURVE('',#433,#2561);
#2563=CARTESIAN_POINT('',(0.00000000000000000E0,1.00000000000000000E0));
#2564=CARTESIAN_POINT('',(0.00000000000000000E0,0.00000000000000000E0));
#2565=B_SPLINE_CURVE_WITH_KNOTS('',1,(#2563,#2564),.UNSPECIFIED.,.F.,.F.,(2,2),(0.00000000000000000E0,1.00000000000000000E0),.UNSPECIFIED.);
#2566=DEFINITIONAL_REPRESENTATION('',(#2565),#2107);
#2567=PCURVE('',#433,#2566);
#2568=CARTESIAN_POINT('',(0.00000000000000000E0,0.00000000000000000E0));
#2569=CARTESIAN_POINT('',(1.00000000000000000E0,0.00000000000000000E0));
#2570=B_SPLINE_CURVE_WITH_KNOTS('',1,(#2568,#2569),.UNSPECIFIED.,.F.,.F.,(2,2),(0.00000000000000000E0,1.00000000000000000E0),.UNSPECIFIED.);
#2571=DEFINITIONAL_REPRESENTATION('',(#2570),#2107);
#2572=PCURVE('',#440,#2571);
#2573=CARTESIAN_POINT('',(1.00000000000000000E0,0.00000000000000000E0));
#2574=CARTESIAN_POINT('',(1.00000000000000000E0,1.00000000000000000E0));
#2575=B_SPLINE_CURVE_WITH_KNOTS('',1,(#2573,#2574),.UNSPECIFIED.,.F.,.F.,(2,2),(0.00000000000000000E0,1.00000000000000000E0),.UNSPECIFIED.);
#2576=DEFINITIONAL_REPRESENTATION('',(#2575),#2107);
#2577=PCURVE('',#440,#2576);
#2578=CARTESIAN_POINT('',(1.00000000000000000E0,1.00000000000000000E0));
#2579=CARTESIAN_POINT('',(0.00000000000000000E0,1.00000000000000000E0));
#2580=B_SPLINE_CURVE_WITH_KNOTS('',1,(#2578,#2579),.UNSPECIFIED.,.F.,.F.,(2,2),(0.00000000000000000E0,1.00000000000000000E0),.UNSPECIFIED.);
#2581=DEFINITIONAL_REPRESENTATION('',(#2580),#2107);
#2582=PCURVE('',#440,#2581);
#2583=CARTESIAN_POINT('',(0.00000000000000000E0,1.00000000000000000E0));
#2584=CARTESIAN_POINT('',(0.00000000000000000E0,0.00000000000000000E0));
#2585=B_SPLINE_CURVE_WITH_KNOTS('',1,(#2583,#2584),.UNSPECIFIED.,.F.,.F.,(2,2),(0.00000000000000000E0,1.00000000000000000E0),.UNSPECIFIED.);
#2586=DEFINITIONAL_REPRESENTATION('',(#2585),#2107);
#2587=PCURVE('',#440,#2586);
#2588=CARTESIAN_POINT('',(0.00000000000000000E0,0.00000000000000000E0));
#2589=CARTESIAN_POINT('',(1.00000000000000000E0,0.00000000000000000E0));
#2590=B_SPLINE_CURVE_WITH_KNOTS('',1,(#2588,#2589),.UNSPECIFIED.,.F.,.F.,(2,2),(0.00000000000000000E0,1.00000000000000000E0),.UNSPECIFIED.);
#2591=DEFINITIONAL_REPRESENTATION('',(#2590),#2107);
#2592=PCURVE('',#447,#2591);
#2593=CARTESIAN_POINT('',(1.00000000000000000E0,0.00000000000000000E0));
#2594=CARTESIAN_POINT('',(1.00000000000000000E0,1.00000000000000000E0));
#2595=B_SPLINE_CURVE_WITH_KNOTS('',1,(#2593,#2594),.UNSPECIFIED.,.F.,.F.,(2,2),(0.00000000000000000E0,1.00000000000000000E0),.UNSPECIFIED.);
#2596=DEFINITIONAL_REPRESENTATION('',(#2595),#2107);
#2597=PCURVE('',#447,#2596);
#2598=CARTESIAN_POINT('',(1.00000000000000000E0,1.00000000000000000E0));
#2599=CARTESIAN_POINT('',(0.00000000000000000E0,1.00000000000000000E0));
#2600=B_SPLINE_CURVE_WITH_KNOTS('',1,(#2598,#2599),.UNSPECIFIED.,.F.,.F.,(2,2),(0.00000000000000000E0,1.00000000000000000E0),.UNSPECIFIED.);
#2601=DEFINITIONAL_REPRESENTATION('',(#2600),#2107);
#2602=PCURVE('',#447,#2601);
#2603=CARTESIAN_POINT('',(0.00000000000000000E0,1.00000000000000000E0));
#2604=CARTESIAN_POINT('',(0.00000000000000000E0,0.00000000000000000E0));
#2605=B_SPLINE_CURVE_WITH_KNOTS('',1,(#2603,#2604),.UNSPECIFIED.,.F.,.F.,(2,2),(0.00000000000000000E0,1.00000000000000000E0),.UNSPECIFIED.);
#2606=DEFINITIONAL_REPRESENTATION('',(#2605),#2107);
#2607=PCURVE('',#447,#2606);
#2608=CARTESIAN_POINT('',(0.00000000000000000E0,0.00000000000000000E0));
#2609=CARTESIAN_POINT('',(1.00000000000000000E0,0.00000000000000000E0));
#2610=B_SPLINE_CURVE_WITH_KNOTS('',1,(#2608,#2609),.UNSPECIFIED.,.F.,.F.,(2,2),(0.00000000000000000E0,1.00000000000000000E0),.UNSPECIFIED.);
#2611=DEFINITIONAL_REPRESENTATION('',(#2610),#2107);
#2612=PCURVE('',#454,#2611);
#2613=CARTESIAN_POINT('',(1.00000000000000000E0,0.00000000000000000E0));
#2614=CARTESIAN_POINT('',(1.00000000000000000E0,1.00000000000000000E0));
#2615=B_SPLINE_CURVE_WITH_KNOTS('',1,(#2613,#2614),.UNSPECIFIED.,.F.,.F.,(2,2),(0.00000000000000000E0,1.00000000000000000E0),.UNSPECIFIED.);
#2616=DEFINITIONAL_REPRESENTATION('',(#2615),#2107);
#2617=PCURVE('',#454,#2616);
#2618=CARTESIAN_POINT('',(1.00000000000000000E0,1.00000000000000000E0));
#2619=CARTESIAN_POINT('',(0.00000000000000000E0,1.00000000000000000E0));
#2620=B_SPLINE_CURVE_WITH_KNOTS('',1,(#2618,#2619),.UNSPECIFIED.,.F.,.F.,(2,2),(0.00000000000000000E0,1.00000000000000000E0),.UNSPECIFIED.);
#2621=DEFINITIONAL_REPRESENTATION('',(#2620),#2107);
#2622=PCURVE('',#454,#2621);
#2623=CARTESIAN_POINT('',(0.00000000000000000E0,1.00000000000000000E0));
#2624=CARTESIAN_POINT('',(0.00000000000000000E0,0.00000000000000000E0));
#2625=B_SPLINE_CURVE_WITH_KNOTS('',1,(#2623,#2624),.UNSPECIFIED.,.F.,.F.,(2,2),(0.00000000000000000E0,1.00000000000000000E0),.UNSPECIFIED.);
#2626=DEFINITIONAL_REPRESENTATION('',(#2625),#2107);
#2627=PCURVE('',#454,#2626);
#2628=CARTESIAN_POINT('',(0.00000000000000000E0,0.00000000000000000E0));
#2629=CARTESIAN_POINT('',(1.00000000000000000E0,0.00000000000000000E0));
#2630=B_SPLINE_CURVE_WITH_KNOTS('',1,(#2628,#2629),.UNSPECIFIED.,.F.,.F.,(2,2),(0.00000000000000000E0,1.00000000000000000E0),.UNSPECIFIED.);
#2631=DEFINITIONAL_REPRESENTATION('',(#2630),#2107);
#2632=PCURVE('',#461,#2631);
#2633=CARTESIAN_POINT('',(1.00000000000000000E0,0.00000000000000000E0));
#2634=CARTESIAN_POINT('',(1.00000000000000000E0,1.00000000000000000E0));
#2635=B_SPLINE_CURVE_WITH_KNOTS('',1,(#2633,#2634),.UNSPECIFIED.,.F.,.F.,(2,2),(0.00000000000000000E0,1.00000000000000000E0),.UNSPECIFIED.);
#2636=DEFINITIONAL_REPRESENTATION('',(#2635),#2107);
#2637=PCURVE('',#461,#2636);
#2638=CARTESIAN_POINT('',(1.00000000000000000E0,1.00000000000000000E0));
#2639=CARTESIAN_POINT('',(0.00000000000000000E0,1.00000000000000000E0));
#2640=B_SPLINE_CURVE_WITH_KNOTS('',1,(#2638,#2639),.UNSPECIFIED.,.F.,.F.,(2,2),(0.00000000000000000E0,1.00000000000000000E0),.UNSPECIFIED.);
#2641=DEFINITIONAL_REPRESENTATION('',(#2640),#2107);
#2642=PCURVE('',#461,#2641);
#2643=CARTESIAN_POINT('',(0.00000000000000000E0,1.00000000000000000E0));
#2644=CARTESIAN_POINT('',(0.00000000000000000E0,0.00000000000000000E0));
#2645=B_SPLINE_CURVE_WITH_KNOTS('',1,(#2643,#2644),.UNSPECIFIED.,.F.,.F.,(2,2),(0.00000000000000000E0,1.00000000000000000E0),.UNSPECIFIED.);
#2646=DEFINITIONAL_REPRESENTATION('',(#2645),#2107);
#2647=PCURVE('',#461,#2646);
#2648=CARTESIAN_POINT('',(0.00000000000000000E0,0.00000000000000000E0));
#2649=CARTESIAN_POINT('',(1.00000000000000000E0,0.00000000000000000E0));
#2650=B_SPLINE_CURVE_WITH_KNOTS('',1,(#2648,#2649),.UNSPECIFIED.,.F.,.F.,(2,2),(0.00000000000000000E0,1.00000000000000000E0),.UNSPECIFIED.);
#2651=DEFINITIONAL_REPRESENTATION('',(#2650),#2107);
#2652=PCURVE('',#468,#2651);
#2653=CARTESIAN_POINT('',(1.00000000000000000E0,0.00000000000000000E0));
#2654=CARTESIAN_POINT('',(1.00000000000000000E0,1.00000000000000000E0));
#2655=B_SPLINE_CURVE_WITH_KNOTS('',1,(#2653,#2654),.UNSPECIFIED.,.F.,.F.,(2,2),(0.00000000000000000E0,1.00000000000000000E0),.UNSPECIFIED.);
#2656=DEFINITIONAL_REPRESENTATION('',(#2655),#2107);
#2657=PCURVE('',#468,#2656);
#2658=CARTESIAN_POINT('',(1.00000000000000000E0,1.00000000000000000E0));
#2659=CARTESIAN_POINT('',(0.00000000000000000E0,1.00000000000000000E0));
#2660=B_SPLINE_CURVE_WITH_KNOTS('',1,(#2658,#2659),.UNSPECIFIED.,.F.,.F.,(2,2),(0.00000000000000000E0,1.00000000000000000E0),.UNSPECIFIED.);
#2661=DEFINITIONAL_REPRESENTATION('',(#2660),#2107);
#2662=PCURVE('',#468,#2661);
#2663=CARTESIAN_POINT('',(0.00000000000000000E0,1.00000000000000000E0));
#2664=CARTESIAN_POINT('',(0.00000000000000000E0,0.00000000000000000E0));
#2665=B_SPLINE_CURVE_WITH_KNOTS('',1,(#2663,#2664),.UNSPECIFIED.,.F.,.F.,(2,2),(0.00000000000000000E0,1.00000000000000000E0),.UNSPECIFIED.);
#2666=DEFINITIONAL_REPRESENTATION('',(#2665),#2107);
#2667=PCURVE('',#468,#2666);
#2668=CARTESIAN_POINT('',(0.00000000000000000E0,0.00000000000000000E0));
#2669=CARTESIAN_POINT('',(1.00000000000000000E0,0.00000000000000000E0));
#2670=B_SPLINE_CURVE_WITH_KNOTS('',1,(#2668,#2669),.UNSPECIFIED.,.F.,.F.,(2,2),(0.00000000000000000E0,1.00000000000000000E0),.UNSPECIFIED.);
#2671=DEFINITIONAL_REPRESENTATION('',(#2670),#2107);
#2672=PCURVE('',#475,#2671);
#2673=CARTESIAN_POINT('',(1.00000000000000000E0,0.00000000000000000E0));
#2674=CARTESIAN_POINT('',(1.00000000000000000E0,1.00000000000000000E0));
#2675=B_SPLINE_CURVE_WITH_KNOTS('',1,(#2673,#2674),.UNSPECIFIED.,.F.,.F.,(2,2),(0.00000000000000000E0,1.00000000000000000E0),.UNSPECIFIED.);
#2676=DEFINITIONAL_REPRESENTATION('',(#2675),#2107);
#2677=PCURVE('',#475,#2676);
#2678=CARTESIAN_POINT('',(1.00000000000000000E0,1.00000000000000000E0));
#2679=CARTESIAN_POINT('',(0.00000000000000000E0,1.00000000000000000E0));
#2680=B_SPLINE_CURVE_WITH_KNOTS('',1,(#2678,#2679),.UNSPECIFIED.,.F.,.F.,(2,2),(0.00000000000000000E0,1.00000000000000000E0),.UNSPECIFIED.);
#2681=DEFINITIONAL_REPRESENTATION('',(#2680),#2107);
#2682=PCURVE('',#475,#2681);
#2683=CARTESIAN_POINT('',(0.00000000000000000E0,1.00000000000000000E0));
#2684=CARTESIAN_POINT('',(0.00000000000000000E0,0.00000000000000000E0));
#2685=B_SPLINE_CURVE_WITH_KNOTS('',1,(#2683,#2684),.UNSPECIFIED.,.F.,.F.,(2,2),(0.00000000000000000E0,1.00000000000000000E0),.UNSPECIFIED.);
#2686=DEFINITIONAL_REPRESENTATION('',(#2685),#2107);
#2687=PCURVE('',#475,#2686);
#2688=CARTESIAN_POINT('',(0.00000000000000000E0,0.00000000000000000E0));
#2689=CARTESIAN_POINT('',(1.00000000000000000E0,0.00000000000000000E0));
#2690=B_SPLINE_CURVE_WITH_KNOTS('',1,(#2688,#2689),.UNSPECIFIED.,.F.,.F.,(2,2),(0.00000000000000000E0,1.00000000000000000E0),.UNSPECIFIED.);
#2691=DEFINITIONAL_REPRESENTATION('',(#2690),#2107);
#2692=PCURVE('',#482,#2691);
#2693=CARTESIAN_POINT('',(1.00000000000000000E0,0.00000000000000000E0));
#2694=CARTESIAN_POINT('',(1.00000000000000000E0,1.00000000000000000E0));
#2695=B_SPLINE_CURVE_WITH_KNOTS('',1,(#2693,#2694),.UNSPECIFIED.,.F.,.F.,(2,2),(0.00000000000000000E0,1.00000000000000000E0),.UNSPECIFIED.);
#2696=DEFINITIONAL_REPRESENTATION('',(#2695),#2107);
#2697=PCURVE('',#482,#2696);
#2698=CARTESIAN_POINT('',(1.00000000000000000E0,1.00000000000000000E0));
#2699=CARTESIAN_POINT('',(0.00000000000000000E0,1.00000000000000000E0));
#2700=B_SPLINE_CURVE_WITH_KNOTS('',1,(#2698,#2699),.UNSPECIFIED.,.F.,.F.,(2,2),(0.00000000000000000E0,1.00000000000000000E0),.UNSPECIFIED.);
#2701=DEFINITIONAL_REPRESENTATION('',(#2700),#2107);
#2702=PCURVE('',#482,#2701);
#2703=CARTESIAN_POINT('',(0.00000000000000000E0,1.00000000000000000E0));
#2704=CARTESIAN_POINT('',(0.00000000000000000E0,0.00000000000000000E0));
#2705=B_SPLINE_CURVE_WITH_KNOTS('',1,(#2703,#2704),.UNSPECIFIED.,.F.,.F.,(2,2),(0.00000000000000000E0,1.00000000000000000E0),.UNSPECIFIED.);
#2706=DEFINITIONAL_REPRESENTATION('',(#2705),#2107);
#2707=PCURVE('',#482,#2706);
#2708=CARTESIAN_POINT('',(0.00000000000000000E0,0.00000000000000000E0));
#2709=CARTESIAN_POINT('',(1.00000000000000000E0,0.00000000000000000E0));
#2710=B_SPLINE_CURVE_WITH_KNOTS('',1,(#2708,#2709),.UNSPECIFIED.,.F.,.F.,(2,2),(0.00000000000000000E0,1.00000000000000000E0),.UNSPECIFIED.);
#2711=DEFINITIONAL_REPRESENTATION('',(#2710),#2107);
#2712=PCURVE('',#489,#2711);
#2713=CARTESIAN_POINT('',(1.00000000000000000E0,0.00000000000000000E0));
#2714=CARTESIAN_POINT('',(1.00000000000000000E0,1.00000000000000000E0));
#2715=B_SPLINE_CURVE_WITH_KNOTS('',1,(#2713,#2714),.UNSPECIFIED.,.F.,.F.,(2,2),(0.00000000000000000E0,1.00000000000000000E0),.UNSPECIFIED.);
#2716=DEFINITIONAL_REPRESENTATION('',(#2715),#2107);
#2717=PCURVE('',#489,#2716);
#2718=CARTESIAN_POINT('',(1.00000000000000000E0,1.00000000000000000E0));
#2719=CARTESIAN_POINT('',(0.00000000000000000E0,1.00000000000000000E0));
#2720=B_SPLINE_CURVE_WITH_KNOTS('',1,(#2718,#2719),.UNSPECIFIED.,.F.,.F.,(2,2),(0.00000000000000000E0,1.00000000000000000E0),.UNSPECIFIED.);
#2721=DEFINITIONAL_REPRESENTATION('',(#2720),#2107);
#2722=PCURVE('',#489,#2721);
#2723=CARTESIAN_POINT('',(0.00000000000000000E0,1.00000000000000000E0));
#2724=CARTESIAN_POINT('',(0.00000000000000000E0,0.00000000000000000E0));
#2725=B_SPLINE_CURVE_WITH_KNOTS('',1,(#2723,#2724),.UNSPECIFIED.,.F.,.F.,(2,2),(0.00000000000000000E0,1.00000000000000000E0),.UNSPECIFIED.);
#2726=DEFINITIONAL_REPRESENTATION('',(#2725),#2107);
#2727=PCURVE('',#489,#2726);
#2728=CARTESIAN_POINT('',(0.00000000000000000E0,0.00000000000000000E0));
#2729=CARTESIAN_POINT('',(1.00000000000000000E0,0.00000000000000000E0));
#2730=B_SPLINE_CURVE_WITH_KNOTS('',1,(#2728,#2729),.UNSPECIFIED.,.F.,.F.,(2,2),(0.00000000000000000E0,1.00000000000000000E0),.UNSPECIFIED.);
#2731=DEFINITIONAL_REPRESENTATION('',(#2730),#2107);
#2732=PCURVE('',#496,#2731);
#2733=CARTESIAN_POINT('',(1.00000000000000000E0,0.00000000000000000E0));
#2734=CARTESIAN_POINT('',(1.00000000000000000E0,1.00000000000000000E0));
#2735=B_SPLINE_CURVE_WITH_KNOTS('',1,(#2733,#2734),.UNSPECIFIED.,.F.,.F.,(2,2),(0.00000000000000000E0,1.00000000000000000E0),.UNSPECIFIED.);
#2736=DEFINITIONAL_REPRESENTATION('',(#2735),#2107);
#2737=PCURVE('',#496,#2736);
#2738=CARTESIAN_POINT('',(1.00000000000000000E0,1.00000000000000000E0));
#2739=CARTESIAN_POINT('',(0.00000000000000000E0,1.00000000000000000E0));
#2740=B_SPLINE_CURVE_WITH_KNOTS('',1,(#2738,#2739),.UNSPECIFIED.,.F.,.F.,(2,2),(0.00000000000000000E0,1.00000000000000000E0),.UNSPECIFIED.);
#2741=DEFINITIONAL_REPRESENTATION('',(#2740),#2107);
#2742=PCURVE('',#496,#2741);
#2743=CARTESIAN_POINT('',(0.00000000000000000E0,1.00000000000000000E0));
#2744=CARTESIAN_POINT('',(0.00000000000000000E0,0.00000000000000000E0));
#2745=B_SPLINE_CURVE_WITH_KNOTS('',1,(#2743,#2744),.UNSPECIFIED.,.F.,.F.,(2,2),(0.00000000000000000E0,1.00000000000000000E0),.UNSPECIFIED.);
#2746=DEFINITIONAL_REPRESENTATION('',(#2745),#2107);
#2747=PCURVE('',#496,#2746);
#2748=CARTESIAN_POINT('',(0.00000000000000000E0,0.00000000000000000E0));
#2749=CARTESIAN_POINT('',(1.00000000000000000E0,0.00000000000000000E0));
#2750=B_SPLINE_CURVE_WITH_KNOTS('',1,(#2748,#2749),.UNSPECIFIED.,.F.,.F.,(2,2),(0.00000000000000000E0,1.00000000000000000E0),.UNSPECIFIED.);
#2751=DEFINITIONAL_REPRESENTATION('',(#2750),#2107);
#2752=PCURVE('',#503,#2751);
#2753=CARTESIAN_POINT('',(1.00000000000000000E0,0.00000000000000000E0));
#2754=CARTESIAN_POINT('',(1.00000000000000000E0,1.00000000000000000E0));
#2755=B_SPLINE_CURVE_WITH_KNOTS('',1,(#2753,#2754),.UNSPECIFIED.,.F.,.F.,(2,2),(0.00000000000000000E0,1.00000000000000000E0),.UNSPECIFIED.);
#2756=DEFINITIONAL_REPRESENTATION('',(#2755),#2107);
#2757=PCURVE('',#503,#2756);
#2758=CARTESIAN_POINT('',(1.00000000000000000E0,1.00000000000000000E0));
#2759=CARTESIAN_POINT('',(0.00000000000000000E0,1.00000000000000000E0));
#2760=B_SPLINE_CURVE_WITH_KNOTS('',1,(#2758,#2759),.UNSPECIFIED.,.F.,.F.,(2,2),(0.00000000000000000E0,1.00000000000000000E0),.UNSPECIFIED.);
#2761=DEFINITIONAL_REPRESENTATION('',(#2760),#2107);
#2762=PCURVE('',#503,#2761);
#2763=CARTESIAN_POINT('',(0.00000000000000000E0,1.00000000000000000E0));
#2764=CARTESIAN_POINT('',(0.00000000000000000E0,0.00000000000000000E0));
#2765=B_SPLINE_CURVE_WITH_KNOTS('',1,(#2763,#2764),.UNSPECIFIED.,.F.,.F.,(2,2),(0.00000000000000000E0,1.00000000000000000E0),.UNSPECIFIED.);
#2766=DEFINITIONAL_REPRESENTATION('',(#2765),#2107);
#2767=PCURVE('',#503,#2766);
#2768=CARTESIAN_POINT('',(0.00000000000000000E0,0.00000000000000000E0));
#2769=CARTESIAN_POINT('',(1.00000000000000000E0,0.00000000000000000E0));
#2770=B_SPLINE_CURVE_WITH_KNOTS('',1,(#2768,#2769),.UNSPECIFIED.,.F.,.F.,(2,2),(0.00000000000000000E0,1.00000000000000000E0),.UNSPECIFIED.);
#2771=DEFINITIONAL_REPRESENTATION('',(#2770),#2107);
#2772=PCURVE('',#510,#2771);
#2773=CARTESIAN_POINT('',(1.00000000000000000E0,0.00000000000000000E0));
#2774=CARTESIAN_POINT('',(1.00000000000000000E0,1.00000000000000000E0));
#2775=B_SPLINE_CURVE_WITH_KNOTS('',1,(#2773,#2774),.UNSPECIFIED.,.F.,.F.,(2,2),(0.00000000000000000E0,1.00000000000000000E0),.UNSPECIFIED.);
#2776=DEFINITIONAL_REPRESENTATION('',(#2775),#2107);
#2777=PCURVE('',#510,#2776);
#2778=CARTESIAN_POINT('',(1.00000000000000000E0,1.00000000000000000E0));
#2779=CARTESIAN_POINT('',(0.00000000000000000E0,1.00000000000000000E0));
#2780=B_SPLINE_CURVE_WITH_KNOTS('',1,(#2778,#2779),.UNSPECIFIED.,.F.,.F.,(2,2),(0.00000000000000000E0,1.00000000000000000E0),.UNSPECIFIED.);
#2781=DEFINITIONAL_REPRESENTATION('',(#2780),#2107);
#2782=PCURVE('',#510,#2781);
#2783=CARTESIAN_POINT('',(0.00000000000000000E0,1.00000000000000000E0));
#2784=CARTESIAN_POINT('',(0.00000000000000000E0,0.00000000000000000E0));
#2785=B_SPLINE_CURVE_WITH_KNOTS('',1,(#2783,#2784),.UNSPECIFIED.,.F.,.F.,(2,2),(0.00000000000000000E0,1.00000000000000000E0),.UNSPECIFIED.);
#2786=DEFINITIONAL_REPRESENTATION('',(#2785),#2107);
#2787=PCURVE('',#510,#2786);
#2788=CARTESIAN_POINT('',(0.00000000000000000E0,0.00000000000000000E0));
#2789=CARTESIAN_POINT('',(1.00000000000000000E0,0.00000000000000000E0));
#2790=B_SPLINE_CURVE_WITH_KNOTS('',1,(#2788,#2789),.UNSPECIFIED.,.F.,.F.,(2,2),(0.00000000000000000E0,1.00000000000000000E0),.UNSPECIFIED.);
#2791=DEFINITIONAL_REPRESENTATION('',(#2790),#2107);
#2792=PCURVE('',#517,#2791);
#2793=CARTESIAN_POINT('',(1.00000000000000000E0,0.00000000000000000E0));
#2794=CARTESIAN_POINT('',(1.00000000000000000E0,1.00000000000000000E0));
#2795=B_SPLINE_CURVE_WITH_KNOTS('',1,(#2793,#2794),.UNSPECIFIED.,.F.,.F.,(2,2),(0.00000000000000000E0,1.00000000000000000E0),.UNSPECIFIED.);
#2796=DEFINITIONAL_REPRESENTATION('',(#2795),#2107);
#2797=PCURVE('',#517,#2796);
#2798=CARTESIAN_POINT('',(1.00000000000000000E0,1.00000000000000000E0));
#2799=CARTESIAN_POINT('',(0.00000000000000000E0,1.00000000000000000E0));
#2800=B_SPLINE_CURVE_WITH_KNOTS('',1,(#2798,#2799),.UNSPECIFIED.,.F.,.F.,(2,2),(0.00000000000000000E0,1.00000000000000000E0),.UNSPECIFIED.);
#2801=DEFINITIONAL_REPRESENTATION('',(#2800),#2107);
#2802=PCURVE('',#517,#2801);
#2803=CARTESIAN_POINT('',(0.00000000000000000E0,1.00000000000000000E0));
#2804=CARTESIAN_POINT('',(0.00000000000000000E0,0.00000000000000000E0));
#2805=B_SPLINE_CURVE_WITH_KNOTS('',1,(#2803,#2804),.UNSPECIFIED.,.F.,.F.,(2,2),(0.00000000000000000E0,1.00000000000000000E0),.UNSPECIFIED.);
#2806=DEFINITIONAL_REPRESENTATION('',(#2805),#2107);
#2807=PCURVE('',#517,#2806);
#2808=CARTESIAN_POINT('',(0.00000000000000000E0,0.00000000000000000E0));
#2809=CARTESIAN_POINT('',(1.00000000000000000E0,0.00000000000000000E0));
#2810=B_SPLINE_CURVE_WITH_KNOTS('',1,(#2808,#2809),.UNSPECIFIED.,.F.,.F.,(2,2),(0.00000000000000000E0,1.00000000000000000E0),.UNSPECIFIED.);
#2811=DEFINITIONAL_REPRESENTATION('',(#2810),#2107);
#2812=PCURVE('',#524,#2811);
#2813=CARTESIAN_POINT('',(1.00000000000000000E0,0.00000000000000000E0));
#2814=CARTESIAN_POINT('',(1.00000000000000000E0,1.00000000000000000E0));
#2815=B_SPLINE_CURVE_WITH_KNOTS('',1,(#2813,#2814),.UNSPECIFIED.,.F.,.F.,(2,2),(0.00000000000000000E0,1.00000000000000000E0),.UNSPECIFIED.);
#2816=DEFINITIONAL_REPRESENTATION('',(#2815),#2107);
#2817=PCURVE('',#524,#2816);
#2818=CARTESIAN_POINT('',(1.00000000000000000E0,1.00000000000000000E0));
#2819=CARTESIAN_POINT('',(0.00000000000000000E0,1.00000000000000000E0));
#2820=B_SPLINE_CURVE_WITH_KNOTS('',1,(#2818,#2819),.UNSPECIFIED.,.F.,.F.,(2,2),(0.00000000000000000E0,1.00000000000000000E0),.UNSPECIFIED.);
#2821=DEFINITIONAL_REPRESENTATION('',(#2820),#2107);
#2822=PCURVE('',#524,#2821);
#2823=CARTESIAN_POINT('',(0.00000000000000000E0,1.00000000000000000E0));
#2824=CARTESIAN_POINT('',(0.00000000000000000E0,0.00000000000000000E0));
#2825=B_SPLINE_CURVE_WITH_KNOTS('',1,(#2823,#2824),.UNSPECIFIED.,.F.,.F.,(2,2),(0.00000000000000000E0,1.00000000000000000E0),.UNSPECIFIED.);
#2826=DEFINITIONAL_REPRESENTATION('',(#2825),#2107);
#2827=PCURVE('',#524,#2826);
#2828=CARTESIAN_POINT('',(0.00000000000000000E0,0.00000000000000000E0));
#2829=CARTESIAN_POINT('',(1.00000000000000000E0,0.00000000000000000E0));
#2830=B_SPLINE_CURVE_WITH_KNOTS('',1,(#2828,#2829),.UNSPECIFIED.,.F.,.F.,(2,2),(0.00000000000000000E0,1.00000000000000000E0),.UNSPECIFIED.);
#2831=DEFINITIONAL_REPRESENTATION('',(#2830),#2107);
#2832=PCURVE('',#531,#2831);
#2833=CARTESIAN_POINT('',(1.00000000000000000E0,0.00000000000000000E0));
#2834=CARTESIAN_POINT('',(1.00000000000000000E0,1.00000000000000000E0));
#2835=B_SPLINE_CURVE_WITH_KNOTS('',1,(#2833,#2834),.UNSPECIFIED.,.F.,.F.,(2,2),(0.00000000000000000E0,1.00000000000000000E0),.UNSPECIFIED.);
#2836=DEFINITIONAL_REPRESENTATION('',(#2835),#2107);
#2837=PCURVE('',#531,#2836);
#2838=CARTESIAN_POINT('',(1.00000000000000000E0,1.00000000000000000E0));
#2839=CARTESIAN_POINT('',(0.00000000000000000E0,1.00000000000000000E0));
#2840=B_SPLINE_CURVE_WITH_KNOTS('',1,(#2838,#2839),.UNSPECIFIED.,.F.,.F.,(2,2),(0.00000000000000000E0,1.00000000000000000E0),.UNSPECIFIED.);
#2841=DEFINITIONAL_REPRESENTATION('',(#2840),#2107);
#2842=PCURVE('',#531,#2841);
#2843=CARTESIAN_POINT('',(0.00000000000000000E0,1.00000000000000000E0));
#2844=CARTESIAN_POINT('',(0.00000000000000000E0,0.00000000000000000E0));
#2845=B_SPLINE_CURVE_WITH_KNOTS('',1,(#2843,#2844),.UNSPECIFIED.,.F.,.F.,(2,2),(0.00000000000000000E0,1.00000000000000000E0),.UNSPECIFIED.);
#2846=DEFINITIONAL_REPRESENTATION('',(#2845),#2107);
#2847=PCURVE('',#531,#2846);
#2848=CARTESIAN_POINT('',(0.00000000000000000E0,0.00000000000000000E0));
#2849=CARTESIAN_POINT('',(1.00000000000000000E0,0.00000000000000000E0));
#2850=B_SPLINE_CURVE_WITH_KNOTS('',1,(#2848,#2849),.UNSPECIFIED.,.F.,.F.,(2,2),(0.00000000000000000E0,1.00000000000000000E0),.UNSPECIFIED.);
#2851=DEFINITIONAL_REPRESENTATION('',(#2850),#2107);
#2852=PCURVE('',#538,#2851);
#2853=CARTESIAN_POINT('',(1.00000000000000000E0,0.00000000000000000E0));
#2854=CARTESIAN_POINT('',(1.00000000000000000E0,1.00000000000000000E0));
#2855=B_SPLINE_CURVE_WITH_KNOTS('',1,(#2853,#2854),.UNSPECIFIED.,.F.,.F.,(2,2),(0.00000000000000000E0,1.00000000000000000E0),.UNSPECIFIED.);
#2856=DEFINITIONAL_REPRESENTATION('',(#2855),#2107);
#2857=PCURVE('',#538,#2856);
#2858=CARTESIAN_POINT('',(1.00000000000000000E0,1.00000000000000000E0));
#2859=CARTESIAN_POINT('',(0.00000000000000000E0,1.00000000000000000E0));
#2860=B_SPLINE_CURVE_WITH_KNOTS('',1,(#2858,#2859),.UNSPECIFIED.,.F.,.F.,(2,2),(0.00000000000000000E0,1.00000000000000000E0),.UNSPECIFIED.);
#2861=DEFINITIONAL_REPRESENTATION('',(#2860),#2107);
#2862=PCURVE('',#538,#2861);
#2863=CARTESIAN_POINT('',(0.00000000000000000E0,1.00000000000000000E0));
#2864=CARTESIAN_POINT('',(0.00000000000000000E0,0.00000000000000000E0));
#2865=B_SPLINE_CURVE_WITH_KNOTS('',1,(#2863,#2864),.UNSPECIFIED.,.F.,.F.,(2,2),(0.00000000000000000E0,1.00000000000000000E0),.UNSPECIFIED.);
#2866=DEFINITIONAL_REPRESENTATION('',(#2865),#2107);
#2867=PCURVE('',#538,#2866);
#2868=CARTESIAN_POINT('',(0.00000000000000000E0,0.00000000000000000E0));
#2869=CARTESIAN_POINT('',(1.00000000000000000E0,0.00000000000000000E0));
#2870=B_SPLINE_CURVE_WITH_KNOTS('',1,(#2868,#2869),.UNSPECIFIED.,.F.,.F.,(2,2),(0.00000000000000000E0,1.00000000000000000E0),.UNSPECIFIED.);
#2871=DEFINITIONAL_REPRESENTATION('',(#2870),#2107);
#2872=PCURVE('',#545,#2871);
#2873=CARTESIAN_POINT('',(1.00000000000000000E0,0.00000000000000000E0));
#2874=CARTESIAN_POINT('',(1.00000000000000000E0,1.00000000000000000E0));
#2875=B_SPLINE_CURVE_WITH_KNOTS('',1,(#2873,#2874),.UNSPECIFIED.,.F.,.F.,(2,2),(0.00000000000000000E0,1.00000000000000000E0),.UNSPECIFIED.);
#2876=DEFINITIONAL_REPRESENTATION('',(#2875),#2107);
#2877=PCURVE('',#545,#2876);
#2878=CARTESIAN_POINT('',(1.00000000000000000E0,1.00000000000000000E0));
#2879=CARTESIAN_POINT('',(0.00000000000000000E0,1.00000000000000000E0));
#2880=B_SPLINE_CURVE_WITH_KNOTS('',1,(#2878,#2879),.UNSPECIFIED.,.F.,.F.,(2,2),(0.00000000000000000E0,1.00000000000000000E0),.UNSPECIFIED.);
#2881=DEFINITIONAL_REPRESENTATION('',(#2880),#2107);
#2882=PCURVE('',#545,#2881);
#2883=CARTESIAN_POINT('',(0.00000000000000000E0,1.00000000000000000E0));
#2884=CARTESIAN_POINT('',(0.00000000000000000E0,0.00000000000000000E0));
#2885=B_SPLINE_CURVE_WITH_KNOTS('',1,(#2883,#2884),.UNSPECIFIED.,.F.,.F.,(2,2),(0.00000000000000000E0,1.00000000000000000E0),.UNSPECIFIED.);
#2886=DEFINITIONAL_REPRESENTATION('',(#2885),#2107);
#2887=PCURVE('',#545,#2886);
#2888=CARTESIAN_POINT('',(0.00000000000000000E0,0.00000000000000000E0));
#2889=CARTESIAN_POINT('',(1.00000000000000000E0,0.00000000000000000E0));
#2890=B_SPLINE_CURVE_WITH_KNOTS('',1,(#2888,#2889),.UNSPECIFIED.,.F.,.F.,(2,2),(0.00000000000000000E0,1.00000000000000000E0),.UNSPECIFIED.);
#2891=DEFINITIONAL_REPRESENTATION('',(#2890),#2107);
#2892=PCURVE('',#552,#2891);
#2893=CARTESIAN_POINT('',(1.00000000000000000E0,0.00000000000000000E0));
#2894=CARTESIAN_POINT('',(1.00000000000000000E0,1.00000000000000000E0));
#2895=B_SPLINE_CURVE_WITH_KNOTS('',1,(#2893,#2894),.UNSPECIFIED.,.F.,.F.,(2,2),(0.00000000000000000E0,1.00000000000000000E0),.UNSPECIFIED.);
#2896=DEFINITIONAL_REPRESENTATION('',(#2895),#2107);
#2897=PCURVE('',#552,#2896);
#2898=CARTESIAN_POINT('',(1.00000000000000000E0,1.00000000000000000E0));
#2899=CARTESIAN_POINT('',(0.00000000000000000E0,1.00000000000000000E0));
#2900=B_SPLINE_CURVE_WITH_KNOTS('',1,(#2898,#2899),.UNSPECIFIED.,.F.,.F.,(2,2),(0.00000000000000000E0,1.00000000000000000E0),.UNSPECIFIED.);
#2901=DEFINITIONAL_REPRESENTATION('',(#2900),#2107);
#2902=PCURVE('',#552,#2901);
#2903=CARTESIAN_POINT('',(0.00000000000000000E0,1.00000000000000000E0));
#2904=CARTESIAN_POINT('',(0.00000000000000000E0,0.00000000000000000E0));
#2905=B_SPLINE_CURVE_WITH_KNOTS('',1,(#2903,#2904),.UNSPECIFIED.,.F.,.F.,(2,2),(0.00000000000000000E0,1.00000000000000000E0),.UNSPECIFIED.);
#2906=DEFINITIONAL_REPRESENTATION('',(#2905),#2107);
#2907=PCURVE('',#552,#2906);
#2908=CARTESIAN_POINT('',(0.00000000000000000E0,0.00000000000000000E0));
#2909=CARTESIAN_POINT('',(1.00000000000000000E0,0.00000000000000000E0));
#2910=B_SPLINE_CURVE_WITH_KNOTS('',1,(#2908,#2909),.UNSPECIFIED.,.F.,.F.,(2,2),(0.00000000000000000E0,1.00000000000000000E0),.UNSPECIFIED.);
#2911=DEFINITIONAL_REPRESENTATION('',(#2910),#2107);
#2912=PCURVE('',#559,#2911);
#2913=CARTESIAN_POINT('',(1.00000000000000000E0,0.00000000000000000E0));
#2914=CARTESIAN_POINT('',(1.00000000000000000E0,1.00000000000000000E0));
#2915=B_SPLINE_CURVE_WITH_KNOTS('',1,(#2913,#2914),.UNSPECIFIED.,.F.,.F.,(2,2),(0.00000000000000000E0,1.00000000000000000E0),.UNSPECIFIED.);
#2916=DEFINITIONAL_REPRESENTATION('',(#2915),#2107);
#2917=PCURVE('',#559,#2916);
#2918=CARTESIAN_POINT('',(1.00000000000000000E0,1.00000000000000000E0));
#2919=CARTESIAN_POINT('',(0.00000000000000000E0,1.00000000000000000E0));
#2920=B_SPLINE_CURVE_WITH_KNOTS('',1,(#2918,#2919),.UNSPECIFIED.,.F.,.F.,(2,2),(0.00000000000000000E0,1.00000000000000000E0),.UNSPECIFIED.);
#2921=DEFINITIONAL_REPRESENTATION('',(#2920),#2107);
#2922=PCURVE('',#559,#2921);
#2923=CARTESIAN_POINT('',(0.00000000000000000E0,1.00000000000000000E0));
#2924=CARTESIAN_POINT('',(0.00000000000000000E0,0.00000000000000000E0));
#2925=B_SPLINE_CURVE_WITH_KNOTS('',1,(#2923,#2924),.UNSPECIFIED.,.F.,.F.,(2,2),(0.00000000000000000E0,1.00000000000000000E0),.UNSPECIFIED.);
#2926=DEFINITIONAL_REPRESENTATION('',(#2925),#2107);
#2927=PCURVE('',#559,#2926);
#2928=CARTESIAN_POINT('',(0.00000000000000000E0,0.00000000000000000E0));
#2929=CARTESIAN_POINT('',(1.00000000000000000E0,0.00000000000000000E0));
#2930=B_SPLINE_CURVE_WITH_KNOTS('',1,(#2928,#2929),.UNSPECIFIED.,.F.,.F.,(2,2),(0.00000000000000000E0,1.00000000000000000E0),.UNSPECIFIED.);
#2931=DEFINITIONAL_REPRESENTATION('',(#2930),#2107);
#2932=PCURVE('',#566,#2931);
#2933=CARTESIAN_POINT('',(1.00000000000000000E0,0.00000000000000000E0));
#2934=CARTESIAN_POINT('',(1.00000000000000000E0,1.00000000000000000E0));
#2935=B_SPLINE_CURVE_WITH_KNOTS('',1,(#2933,#2934),.UNSPECIFIED.,.F.,.F.,(2,2),(0.00000000000000000E0,1.00000000000000000E0),.UNSPECIFIED.);
#2936=DEFINITIONAL_REPRESENTATION('',(#2935),#2107);
#2937=PCURVE('',#566,#2936);
#2938=CARTESIAN_POINT('',(1.00000000000000000E0,1.00000000000000000E0));
#2939=CARTESIAN_POINT('',(0.00000000000000000E0,1.00000000000000000E0));
#2940=B_SPLINE_CURVE_WITH_KNOTS('',1,(#2938,#2939),.UNSPECIFIED.,.F.,.F.,(2,2),(0.00000000000000000E0,1.00000000000000000E0),.UNSPECIFIED.);
#2941=DEFINITIONAL_REPRESENTATION('',(#2940),#2107);
#2942=PCURVE('',#566,#2941);
#2943=CARTESIAN_POINT('',(0.00000000000000000E0,1.00000000000000000E0));
#2944=CARTESIAN_POINT('',(0.00000000000000000E0,0.00000000000000000E0));
#2945=B_SPLINE_CURVE_WITH_KNOTS('',1,(#2943,#2944),.UNSPECIFIED.,.F.,.F.,(2,2),(0.00000000000000000E0,1.00000000000000000E0),.UNSPECIFIED.);
#2946=DEFINITIONAL_REPRESENTATION('',(#2945),#2107);
#2947=PCURVE('',#566,#2946);
#2948=CARTESIAN_POINT('',(0.00000000000000000E0,0.00000000000000000E0));
#2949=CARTESIAN_POINT('',(1.00000000000000000E0,0.00000000000000000E0));
#2950=B_SPLINE_CURVE_WITH_KNOTS('',1,(#2948,#2949),.UNSPECIFIED.,.F.,.F.,(2,2),(0.00000000000000000E0,1.00000000000000000E0),.UNSPECIFIED.);
#2951=DEFINITIONAL_REPRESENTATION('',(#2950),#2107);
#2952=PCURVE('',#573,#2951);
#2953=CARTESIAN_POINT('',(1.00000000000000000E0,0.00000000000000000E0));
#2954=CARTESIAN_POINT('',(1.00000000000000000E0,1.00000000000000000E0));
#2955=B_SPLINE_CURVE_WITH_KNOTS('',1,(#2953,#2954),.UNSPECIFIED.,.F.,.F.,(2,2),(0.00000000000000000E0,1.00000000000000000E0),.UNSPECIFIED.);
#2956=DEFINITIONAL_REPRESENTATION('',(#2955),#2107);
#2957=PCURVE('',#573,#2956);
#2958=CARTESIAN_POINT('',(1.00000000000000000E0,1.00000000000000000E0));
#2959=CARTESIAN_POINT('',(0.00000000000000000E0,1.00000000000000000E0));
#2960=B_SPLINE_CURVE_WITH_KNOTS('',1,(#2958,#2959),.UNSPECIFIED.,.F.,.F.,(2,2),(0.00000000000000000E0,1.00000000000000000E0),.UNSPECIFIED.);
#2961=DEFINITIONAL_REPRESENTATION('',(#2960),#2107);
#2962=PCURVE('',#573,#2961);
#2963=CARTESIAN_POINT('',(0.00000000000000000E0,1.00000000000000000E0));
#2964=CARTESIAN_POINT('',(0.00000000000000000E0,0.00000000000000000E0));
#2965=B_SPLINE_CURVE_WITH_KNOTS('',1,(#2963,#2964),.UNSPECIFIED.,.F.,.F.,(2,2),(0.00000000000000000E0,1.00000000000000000E0),.UNSPECIFIED.);
#2966=DEFINITIONAL_REPRESENTATION('',(#2965),#2107);
#2967=PCURVE('',#573,#2966);
#2968=CARTESIAN_POINT('',(0.00000000000000000E0,0.00000000000000000E0));
#2969=CARTESIAN_POINT('',(1.00000000000000000E0,0.00000000000000000E0));
#2970=B_SPLINE_CURVE_WITH_KNOTS('',1,(#2968,#2969),.UNSPECIFIED.,.F.,.F.,(2,2),(0.00000000000000000E0,1.00000000000000000E0),.UNSPECIFIED.);
#2971=DEFINITIONAL_REPRESENTATION('',(#2970),#2107);
#2972=PCURVE('',#580,#2971);
#2973=CARTESIAN_POINT('',(1.00000000000000000E0,0.00000000000000000E0));
#2974=CARTESIAN_POINT('',(1.00000000000000000E0,1.00000000000000000E0));
#2975=B_SPLINE_CURVE_WITH_KNOTS('',1,(#2973,#2974),.UNSPECIFIED.,.F.,.F.,(2,2),(0.00000000000000000E0,1.00000000000000000E0),.UNSPECIFIED.);
#2976=DEFINITIONAL_REPRESENTATION('',(#2975),#2107);
#2977=PCURVE('',#580,#2976);
#2978=CARTESIAN_POINT('',(1.00000000000000000E0,1.00000000000000000E0));
#2979=CARTESIAN_POINT('',(0.00000000000000000E0,1.00000000000000000E0));
#2980=B_SPLINE_CURVE_WITH_KNOTS('',1,(#2978,#2979),.UNSPECIFIED.,.F.,.F.,(2,2),(0.00000000000000000E0,1.00000000000000000E0),.UNSPECIFIED.);
#2981=DEFINITIONAL_REPRESENTATION('',(#2980),#2107);
#2982=PCURVE('',#580,#2981);
#2983=CARTESIAN_POINT('',(0.00000000000000000E0,1.00000000000000000E0));
#2984=CARTESIAN_POINT('',(0.00000000000000000E0,0.00000000000000000E0));
#2985=B_SPLINE_CURVE_WITH_KNOTS('',1,(#2983,#2984),.UNSPECIFIED.,.F.,.F.,(2,2),(0.00000000000000000E0,1.00000000000000000E0),.UNSPECIFIED.);
#2986=DEFINITIONAL_REPRESENTATION('',(#2985),#2107);
#2987=PCURVE('',#580,#2986);
#2988=CARTESIAN_POINT('',(0.00000000000000000E0,0.00000000000000000E0));
#2989=CARTESIAN_POINT('',(1.00000000000000000E0,0.00000000000000000E0));
#2990=B_SPLINE_CURVE_WITH_KNOTS('',1,(#2988,#2989),.UNSPECIFIED.,.F.,.F.,(2,2),(0.00000000000000000E0,1.00000000000000000E0),.UNSPECIFIED.);
#2991=DEFINITIONAL_REPRESENTATION('',(#2990),#2107);
#2992=PCURVE('',#587,#2991);
#2993=CARTESIAN_POINT('',(1.00000000000000000E0,0.00000000000000000E0));
#2994=CARTESIAN_POINT('',(1.00000000000000000E0,1.00000000000000000E0));
#2995=B_SPLINE_CURVE_WITH_KNOTS('',1,(#2993,#2994),.UNSPECIFIED.,.F.,.F.,(2,2),(0.00000000000000000E0,1.00000000000000000E0),.UNSPECIFIED.);
#2996=DEFINITIONAL_REPRESENTATION('',(#2995),#2107);
#2997=PCURVE('',#587,#2996);
#2998=CARTESIAN_POINT('',(1.00000000000000000E0,1.00000000000000000E0));
#2999=CARTESIAN_POINT('',(0.00000000000000000E0,1.00000000000000000E0));
#3000=B_SPLINE_CURVE_WITH_KNOTS('',1,(#2998,#2999),.UNSPECIFIED.,.F.,.F.,(2,2),(0.00000000000000000E0,1.00000000000000000E0),.UNSPECIFIED.);
#3001=DEFINITIONAL_REPRESENTATION('',(#3000),#2107);
#3002=PCURVE('',#587,#3001);
#3003=CARTESIAN_POINT('',(0.00000000000000000E0,1.00000000000000000E0));
#3004=CARTESIAN_POINT('',(0.00000000000000000E0,0.00000000000000000E0));
#3005=B_SPLINE_CURVE_WITH_KNOTS('',1,(#3003,#3004),.UNSPECIFIED.,.F.,.F.,(2,2),(0.00000000000000000E0,1.00000000000000000E0),.UNSPECIFIED.);
#3006=DEFINITIONAL_REPRESENTATION('',(#3005),#2107);
#3007=PCURVE('',#587,#3006);
#3008=CARTESIAN_POINT('',(0.00000000000000000E0,0.00000000000000000E0));
#3009=CARTESIAN_POINT('',(1.00000000000000000E0,0.00000000000000000E0));
#3010=B_SPLINE_CURVE_WITH_KNOTS('',1,(#3008,#3009),.UNSPECIFIED.,.F.,.F.,(2,2),(0.00000000000000000E0,1.00000000000000000E0),.UNSPECIFIED.);
#3011=DEFINITIONAL_REPRESENTATION('',(#3010),#2107);
#3012=PCURVE('',#594,#3011);
#3013=CARTESIAN_POINT('',(1.00000000000000000E0,0.00000000000000000E0));
#3014=CARTESIAN_POINT('',(1.00000000000000000E0,1.00000000000000000E0));
#3015=B_SPLINE_CURVE_WITH_KNOTS('',1,(#3013,#3014),.UNSPECIFIED.,.F.,.F.,(2,2),(0.00000000000000000E0,1.00000000000000000E0),.UNSPECIFIED.);
#3016=DEFINITIONAL_REPRESENTATION('',(#3015),#2107);
#3017=PCURVE('',#594,#3016);
#3018=CARTESIAN_POINT('',(1.00000000000000000E0,1.00000000000000000E0));
#3019=CARTESIAN_POINT('',(0.00000000000000000E0,1.00000000000000000E0));
#3020=B_SPLINE_CURVE_WITH_KNOTS('',1,(#3018,#3019),.UNSPECIFIED.,.F.,.F.,(2,2),(0.00000000000000000E0,1.00000000000000000E0),.UNSPECIFIED.);
#3021=DEFINITIONAL_REPRESENTATION('',(#3020),#2107);
#3022=PCURVE('',#594,#3021);
#3023=CARTESIAN_POINT('',(0.00000000000000000E0,1.00000000000000000E0));
#3024=CARTESIAN_POINT('',(0.00000000000000000E0,0.00000000000000000E0));
#3025=B_SPLINE_CURVE_WITH_KNOTS('',1,(#3023,#3024),.UNSPECIFIED.,.F.,.F.,(2,2),(0.00000000000000000E0,1.00000000000000000E0),.UNSPECIFIED.);
#3026=DEFINITIONAL_REPRESENTATION('',(#3025),#2107);
#3027=PCURVE('',#594,#3026);
#3028=CARTESIAN_POINT('',(0.00000000000000000E0,0.00000000000000000E0));
#3029=CARTESIAN_POINT('',(1.00000000000000000E0,0.00000000000000000E0));
#3030=B_SPLINE_CURVE_WITH_KNOTS('',1,(#3028,#3029),.UNSPECIFIED.,.F.,.F.,(2,2),(0.00000000000000000E0,1.00000000000000000E0),.UNSPECIFIED.);
#3031=DEFINITIONAL_REPRESENTATION('',(#3030),#2107);
#3032=PCURVE('',#601,#3031);
#3033=CARTESIAN_POINT('',(1.00000000000000000E0,0.00000000000000000E0));
#3034=CARTESIAN_POINT('',(1.00000000000000000E0,1.00000000000000000E0));
#3035=B_SPLINE_CURVE_WITH_KNOTS('',1,(#3033,#3034),.UNSPECIFIED.,.F.,.F.,(2,2),(0.00000000000000000E0,1.00000000000000000E0),.UNSPECIFIED.);
#3036=DEFINITIONAL_REPRESENTATION('',(#3035),#2107);
#3037=PCURVE('',#601,#3036);
#3038=CARTESIAN_POINT('',(1.00000000000000000E0,1.00000000000000000E0));
#3039=CARTESIAN_POINT('',(0.00000000000000000E0,1.00000000000000000E0));
#3040=B_SPLINE_CURVE_WITH_KNOTS('',1,(#3038,#3039),.UNSPECIFIED.,.F.,.F.,(2,2),(0.00000000000000000E0,1.00000000000000000E0),.UNSPECIFIED.);
#3041=DEFINITIONAL_REPRESENTATION('',(#3040),#2107);
#3042=PCURVE('',#601,#3041);
#3043=CARTESIAN_POINT('',(0.00000000000000000E0,1.00000000000000000E0));
#3044=CARTESIAN_POINT('',(0.00000000000000000E0,0.00000000000000000E0));
#3045=B_SPLINE_CURVE_WITH_KNOTS('',1,(#3043,#3044),.UNSPECIFIED.,.F.,.F.,(2,2),(0.00000000000000000E0,1.00000000000000000E0),.UNSPECIFIED.);
#3046=DEFINITIONAL_REPRESENTATION('',(#3045),#2107);
#3047=PCURVE('',#601,#3046);
#3048=CARTESIAN_POINT('',(0.00000000000000000E0,0.00000000000000000E0));
#3049=CARTESIAN_POINT('',(1.00000000000000000E0,0.00000000000000000E0));
#3050=B_SPLINE_CURVE_WITH_KNOTS('',1,(#3048,#3049),.UNSPECIFIED.,.F.,.F.,(2,2),(0.00000000000000000E0,1.00000000000000000E0),.UNSPECIFIED.);
#3051=DEFINITIONAL_REPRESENTATION('',(#3050),#2107);
#3052=PCURVE('',#608,#3051);
#3053=CARTESIAN_POINT('',(1.00000000000000000E0,0.00000000000000000E0));
#3054=CARTESIAN_POINT('',(1.00000000000000000E0,1.00000000000000000E0));
#3055=B_SPLINE_CURVE_WITH_KNOTS('',1,(#3053,#3054),.UNSPECIFIED.,.F.,.F.,(2,2),(0.00000000000000000E0,1.00000000000000000E0),.UNSPECIFIED.);
#3056=DEFINITIONAL_REPRESENTATION('',(#3055),#2107);
#3057=PCURVE('',#608,#3056);
#3058=CARTESIAN_POINT('',(1.00000000000000000E0,1.00000000000000000E0));
#3059=CARTESIAN_POINT('',(0.00000000000000000E0,1.00000000000000000E0));
#3060=B_SPLINE_CURVE_WITH_KNOTS('',1,(#3058,#3059),.UNSPECIFIED.,.F.,.F.,(2,2),(0.00000000000000000E0,1.00000000000000000E0),.UNSPECIFIED.);
#3061=DEFINITIONAL_REPRESENTATION('',(#3060),#2107);
#3062=PCURVE('',#608,#3061);
#3063=CARTESIAN_POINT('',(0.00000000000000000E0,1.00000000000000000E0));
#3064=CARTESIAN_POINT('',(0.00000000000000000E0,0.00000000000000000E0));
#3065=B_SPLINE_CURVE_WITH_KNOTS('',1,(#3063,#3064),.UNSPECIFIED.,.F.,.F.,(2,2),(0.00000000000000000E0,1.00000000000000000E0),.UNSPECIFIED.);
#3066=DEFINITIONAL_REPRESENTATION('',(#3065),#2107);
#3067=PCURVE('',#608,#3066);
#3068=CARTESIAN_POINT('',(0.00000000000000000E0,0.00000000000000000E0));
#3069=CARTESIAN_POINT('',(1.00000000000000000E0,0.00000000000000000E0));
#3070=B_SPLINE_CURVE_WITH_KNOTS('',1,(#3068,#3069),.UNSPECIFIED.,.F.,.F.,(2,2),(0.00000000000000000E0,1.00000000000000000E0),.UNSPECIFIED.);
#3071=DEFINITIONAL_REPRESENTATION('',(#3070),#2107);
#3072=PCURVE('',#615,#3071);
#3073=CARTESIAN_POINT('',(1.00000000000000000E0,0.00000000000000000E0));
#3074=CARTESIAN_POINT('',(1.00000000000000000E0,1.00000000000000000E0));
#3075=B_SPLINE_CURVE_WITH_KNOTS('',1,(#3073,#3074),.UNSPECIFIED.,.F.,.F.,(2,2),(0.00000000000000000E0,1.00000000000000000E0),.UNSPECIFIED.);
#3076=DEFINITIONAL_REPRESENTATION('',(#3075),#2107);
#3077=PCURVE('',#615,#3076);
#3078=CARTESIAN_POINT('',(1.00000000000000000E0,1.00000000000000000E0));
#3079=CARTESIAN_POINT('',(0.00000000000000000E0,1.00000000000000000E0));
#3080=B_SPLINE_CURVE_WITH_KNOTS('',1,(#3078,#3079),.UNSPECIFIED.,.F.,.F.,(2,2),(0.00000000000000000E0,1.00000000000000000E0),.UNSPECIFIED.);
#3081=DEFINITIONAL_REPRESENTATION('',(#3080),#2107);
#3082=PCURVE('',#615,#3081);
#3083=CARTESIAN_POINT('',(0.00000000000000000E0,1.00000000000000000E0));
#3084=CARTESIAN_POINT('',(0.00000000000000000E0,0.00000000000000000E0));
#3085=B_SPLINE_CURVE_WITH_KNOTS('',1,(#3083,#3084),.UNSPECIFIED.,.F.,.F.,(2,2),(0.00000000000000000E0,1.00000000000000000E0),.UNSPECIFIED.);
#3086=DEFINITIONAL_REPRESENTATION('',(#3085),#2107);
#3087=PCURVE('',#615,#3086);
#3088=CARTESIAN_POINT('',(0.00000000000000000E0,0.00000000000000000E0));
#3089=CARTESIAN_POINT('',(1.00000000000000000E0,0.00000000000000000E0));
#3090=B_SPLINE_CURVE_WITH_KNOTS('',1,(#3088,#3089),.UNSPECIFIED.,.F.,.F.,(2,2),(0.00000000000000000E0,1.00000000000000000E0),.UNSPECIFIED.);
#3091=DEFINITIONAL_REPRESENTATION('',(#3090),#2107);
#3092=PCURVE('',#622,#3091);
#3093=CARTESIAN_POINT('',(1.00000000000000000E0,0.00000000000000000E0));
#3094=CARTESIAN_POINT('',(1.00000000000000000E0,1.00000000000000000E0));
#3095=B_SPLINE_CURVE_WITH_KNOTS('',1,(#3093,#3094),.UNSPECIFIED.,.F.,.F.,(2,2),(0.00000000000000000E0,1.00000000000000000E0),.UNSPECIFIED.);
#3096=DEFINITIONAL_REPRESENTATION('',(#3095),#2107);
#3097=PCURVE('',#622,#3096);
#3098=CARTESIAN_POINT('',(1.00000000000000000E0,1.00000000000000000E0));
#3099=CARTESIAN_POINT('',(0.00000000000000000E0,1.00000000000000000E0));
#3100=B_SPLINE_CURVE_WITH_KNOTS('',1,(#3098,#3099),.UNSPECIFIED.,.F.,.F.,(2,2),(0.00000000000000000E0,1.00000000000000000E0),.UNSPECIFIED.);
#3101=DEFINITIONAL_REPRESENTATION('',(#3100),#2107);
#3102=PCURVE('',#622,#3101);
#3103=CARTESIAN_POINT('',(0.00000000000000000E0,1.00000000000000000E0));
#3104=CARTESIAN_POINT('',(0.00000000000000000E0,0.00000000000000000E0));
#3105=B_SPLINE_CURVE_WITH_KNOTS('',1,(#3103,#3104),.UNSPECIFIED.,.F.,.F.,(2,2),(0.00000000000000000E0,1.00000000000000000E0),.UNSPECIFIED.);
#3106=DEFINITIONAL_REPRESENTATION('',(#3105),#2107);
#3107=PCURVE('',#622,#3106);
#3108=CARTESIAN_POINT('',(0.00000000000000000E0,0.00000000000000000E0));
#3109=CARTESIAN_POINT('',(1.00000000000000000E0,0.00000000000000000E0));
#3110=B_SPLINE_CURVE_WITH_KNOTS('',1,(#3108,#3109),.UNSPECIFIED.,.F.,.F.,(2,2),(0.00000000000000000E0,1.00000000000000000E0),.UNSPECIFIED.);
#3111=DEFINITIONAL_REPRESENTATION('',(#3110),#2107);
#3112=PCURVE('',#629,#3111);
#3113=CARTESIAN_POINT('',(1.00000000000000000E0,0.00000000000000000E0));
#3114=CARTESIAN_POINT('',(1.00000000000000000E0,1.00000000000000000E0));
#3115=B_SPLINE_CURVE_WITH_KNOTS('',1,(#3113,#3114),.UNSPECIFIED.,.F.,.F.,(2,2),(0.00000000000000000E0,1.00000000000000000E0),.UNSPECIFIED.);
#3116=DEFINITIONAL_REPRESENTATION('',(#3115),#2107);
#3117=PCURVE('',#629,#3116);
#3118=CARTESIAN_POINT('',(1.00000000000000000E0,1.00000000000000000E0));
#3119=CARTESIAN_POINT('',(0.00000000000000000E0,1.00000000000000000E0));
#3120=B_SPLINE_CURVE_WITH_KNOTS('',1,(#3118,#3119),.UNSPECIFIED.,.F.,.F.,(2,2),(0.00000000000000000E0,1.00000000000000000E0),.UNSPECIFIED.);
#3121=DEFINITIONAL_REPRESENTATION('',(#3120),#2107);
#3122=PCURVE('',#629,#3121);
#3123=CARTESIAN_POINT('',(0.00000000000000000E0,1.00000000000000000E0));
#3124=CARTESIAN_POINT('',(0.00000000000000000E0,0.00000000000000000E0));
#3125=B_SPLINE_CURVE_WITH_KNOTS('',1,(#3123,#3124),.UNSPECIFIED.,.F.,.F.,(2,2),(0.00000000000000000E0,1.00000000000000000E0),.UNSPECIFIED.);
#3126=DEFINITIONAL_REPRESENTATION('',(#3125),#2107);
#3127=PCURVE('',#629,#3126);
#3128=CARTESIAN_POINT('',(0.00000000000000000E0,0.00000000000000000E0));
#3129=CARTESIAN_POINT('',(1.00000000000000000E0,0.00000000000000000E0));
#3130=B_SPLINE_CURVE_WITH_KNOTS('',1,(#3128,#3129),.UNSPECIFIED.,.F.,.F.,(2,2),(0.00000000000000000E0,1.00000000000000000E0),.UNSPECIFIED.);
#3131=DEFINITIONAL_REPRESENTATION('',(#3130),#2107);
#3132=PCURVE('',#636,#3131);
#3133=CARTESIAN_POINT('',(1.00000000000000000E0,0.00000000000000000E0));
#3134=CARTESIAN_POINT('',(1.00000000000000000E0,1.00000000000000000E0));
#3135=B_SPLINE_CURVE_WITH_KNOTS('',1,(#3133,#3134),.UNSPECIFIED.,.F.,.F.,(2,2),(0.00000000000000000E0,1.00000000000000000E0),.UNSPECIFIED.);
#3136=DEFINITIONAL_REPRESENTATION('',(#3135),#2107);
#3137=PCURVE('',#636,#3136);
#3138=CARTESIAN_POINT('',(1.00000000000000000E0,1.00000000000000000E0));
#3139=CARTESIAN_POINT('',(0.00000000000000000E0,1.00000000000000000E0));
#3140=B_SPLINE_CURVE_WITH_KNOTS('',1,(#3138,#3139),.UNSPECIFIED.,.F.,.F.,(2,2),(0.00000000000000000E0,1.00000000000000000E0),.UNSPECIFIED.);
#3141=DEFINITIONAL_REPRESENTATION('',(#3140),#2107);
#3142=PCURVE('',#636,#3141);
#3143=CARTESIAN_POINT('',(0.00000000000000000E0,1.00000000000000000E0));
#3144=CARTESIAN_POINT('',(0.00000000000000000E0,0.00000000000000000E0));
#3145=B_SPLINE_CURVE_WITH_KNOTS('',1,(#3143,#3144),.UNSPECIFIED.,.F.,.F.,(2,2),(0.00000000000000000E0,1.00000000000000000E0),.UNSPECIFIED.);
#3146=DEFINITIONAL_REPRESENTATION('',(#3145),#2107);
#3147=PCURVE('',#636,#3146);
#3148=CARTESIAN_POINT('',(0.00000000000000000E0,0.00000000000000000E0));
#3149=CARTESIAN_POINT('',(1.00000000000000000E0,0.00000000000000000E0));
#3150=B_SPLINE_CURVE_WITH_KNOTS('',1,(#3148,#3149),.UNSPECIFIED.,.F.,.F.,(2,2),(0.00000000000000000E0,1.00000000000000000E0),.UNSPECIFIED.);
#3151=DEFINITIONAL_REPRESENTATION('',(#3150),#2107);
#3152=PCURVE('',#643,#3151);
#3153=CARTESIAN_POINT('',(1.00000000000000000E0,0.00000000000000000E0));
#3154=CARTESIAN_POINT('',(1.00000000000000000E0,1.00000000000000000E0));
#3155=B_SPLINE_CURVE_WITH_KNOTS('',1,(#3153,#3154),.UNSPECIFIED.,.F.,.F.,(2,2),(0.00000000000000000E0,1.00000000000000000E0),.UNSPECIFIED.);
#3156=DEFINITIONAL_REPRESENTATION('',(#3155),#2107);
#3157=PCURVE('',#643,#3156);
#3158=CARTESIAN_POINT('',(1.00000000000000000E0,1.00000000000000000E0));
#3159=CARTESIAN_POINT('',(0.00000000000000000E0,1.00000000000000000E0));
#3160=B_SPLINE_CURVE_WITH_KNOTS('',1,(#3158,#3159),.UNSPECIFIED.,.F.,.F.,(2,2),(0.00000000000000000E0,1.00000000000000000E0),.UNSPECIFIED.);
#3161=DEFINITIONAL_REPRESENTATION('',(#3160),#2107);
#3162=PCURVE('',#643,#3161);
#3163=CARTESIAN_POINT('',(0.00000000000000000E0,1.00000000000000000E0));
#3164=CARTESIAN_POINT('',(0.00000000000000000E0,0.00000000000000000E0));
#3165=B_SPLINE_CURVE_WITH_KNOTS('',1,(#3163,#3164),.UNSPECIFIED.,.F.,.F.,(2,2),(0.00000000000000000E0,1.00000000000000000E0),.UNSPECIFIED.);
#3166=DEFINITIONAL_REPRESENTATION('',(#3165),#2107);
#3167=PCURVE('',#643,#3166);
#3168=CARTESIAN_POINT('',(0.00000000000000000E0,0.00000000000000000E0));
#3169=CARTESIAN_POINT('',(1.00000000000000000E0,0.00000000000000000E0));
#3170=B_SPLINE_CURVE_WITH_KNOTS('',1,(#3168,#3169),.UNSPECIFIED.,.F.,.F.,(2,2),(0.00000000000000000E0,1.00000000000000000E0),.UNSPECIFIED.);
#3171=DEFINITIONAL_REPRESENTATION('',(#3170),#2107);
#3172=PCURVE('',#650,#3171);
#3173=CARTESIAN_POINT('',(1.00000000000000000E0,0.00000000000000000E0));
#3174=CARTESIAN_POINT('',(1.00000000000000000E0,1.00000000000000000E0));
#3175=B_SPLINE_CURVE_WITH_KNOTS('',1,(#3173,#3174),.UNSPECIFIED.,.F.,.F.,(2,2),(0.00000000000000000E0,1.00000000000000000E0),.UNSPECIFIED.);
#3176=DEFINITIONAL_REPRESENTATION('',(#3175),#2107);
#3177=PCURVE('',#650,#3176);
#3178=CARTESIAN_POINT('',(1.00000000000000000E0,1.00000000000000000E0));
#3179=CARTESIAN_POINT('',(0.00000000000000000E0,1.00000000000000000E0));
#3180=B_SPLINE_CURVE_WITH_KNOTS('',1,(#3178,#3179),.UNSPECIFIED.,.F.,.F.,(2,2),(0.00000000000000000E0,1.00000000000000000E0),.UNSPECIFIED.);
#3181=DEFINITIONAL_REPRESENTATION('',(#3180),#2107);
#3182=PCURVE('',#650,#3181);
#3183=CARTESIAN_POINT('',(0.00000000000000000E0,1.00000000000000000E0));
#3184=CARTESIAN_POINT('',(0.00000000000000000E0,0.00000000000000000E0));
#3185=B_SPLINE_CURVE_WITH_KNOTS('',1,(#3183,#3184),.UNSPECIFIED.,.F.,.F.,(2,2),(0.00000000000000000E0,1.00000000000000000E0),.UNSPECIFIED.);
#3186=DEFINITIONAL_REPRESENTATION('',(#3185),#2107);
#3187=PCURVE('',#650,#3186);
#3188=CARTESIAN_POINT('',(0.00000000000000000E0,0.00000000000000000E0));
#3189=CARTESIAN_POINT('',(1.00000000000000000E0,0.00000000000000000E0));
#3190=B_SPLINE_CURVE_WITH_KNOTS('',1,(#3188,#3189),.UNSPECIFIED.,.F.,.F.,(2,2),(0.00000000000000000E0,1.00000000000000000E0),.UNSPECIFIED.);
#3191=DEFINITIONAL_REPRESENTATION('',(#3190),#2107);
#3192=PCURVE('',#657,#3191);
#3193=CARTESIAN_POINT('',(1.00000000000000000E0,0.00000000000000000E0));
#3194=CARTESIAN_POINT('',(1.00000000000000000E0,1.00000000000000000E0));
#3195=B_SPLINE_CURVE_WITH_KNOTS('',1,(#3193,#3194),.UNSPECIFIED.,.F.,.F.,(2,2),(0.00000000000000000E0,1.00000000000000000E0),.UNSPECIFIED.);
#3196=DEFINITIONAL_REPRESENTATION('',(#3195),#2107);
#3197=PCURVE('',#657,#3196);
#3198=CARTESIAN_POINT('',(1.00000000000000000E0,1.00000000000000000E0));
#3199=CARTESIAN_POINT('',(0.00000000000000000E0,1.00000000000000000E0));
#3200=B_SPLINE_CURVE_WITH_KNOTS('',1,(#3198,#3199),.UNSPECIFIED.,.F.,.F.,(2,2),(0.00000000000000000E0,1.00000000000000000E0),.UNSPECIFIED.);
#3201=DEFINITIONAL_REPRESENTATION('',(#3200),#2107);
#3202=PCURVE('',#657,#3201);
#3203=CARTESIAN_POINT('',(0.00000000000000000E0,1.00000000000000000E0));
#3204=CARTESIAN_POINT('',(0.00000000000000000E0,0.00000000000000000E0));
#3205=B_SPLINE_CURVE_WITH_KNOTS('',1,(#3203,#3204),.UNSPECIFIED.,.F.,.F.,(2,2),(0.00000000000000000E0,1.00000000000000000E0),.UNSPECIFIED.);
#3206=DEFINITIONAL_REPRESENTATION('',(#3205),#2107);
#3207=PCURVE('',#657,#3206);
#3208=CARTESIAN_POINT('',(0.00000000000000000E0,0.00000000000000000E0));
#3209=CARTESIAN_POINT('',(1.00000000000000000E0,0.00000000000000000E0));
#3210=B_SPLINE_CURVE_WITH_KNOTS('',1,(#3208,#3209),.UNSPECIFIED.,.F.,.F.,(2,2),(0.00000000000000000E0,1.00000000000000000E0),.UNSPECIFIED.);
#3211=DEFINITIONAL_REPRESENTATION('',(#3210),#2107);
#3212=PCURVE('',#664,#3211);
#3213=CARTESIAN_POINT('',(1.00000000000000000E0,0.00000000000000000E0));
#3214=CARTESIAN_POINT('',(1.00000000000000000E0,1.00000000000000000E0));
#3215=B_SPLINE_CURVE_WITH_KNOTS('',1,(#3213,#3214),.UNSPECIFIED.,.F.,.F.,(2,2),(0.00000000000000000E0,1.00000000000000000E0),.UNSPECIFIED.);
#3216=DEFINITIONAL_REPRESENTATION('',(#3215),#2107);
#3217=PCURVE('',#664,#3216);
#3218=CARTESIAN_POINT('',(1.00000000000000000E0,1.00000000000000000E0));
#3219=CARTESIAN_POINT('',(0.00000000000000000E0,1.00000000000000000E0));
#3220=B_SPLINE_CURVE_WITH_KNOTS('',1,(#3218,#3219),.UNSPECIFIED.,.F.,.F.,(2,2),(0.00000000000000000E0,1.00000000000000000E0),.UNSPECIFIED.);
#3221=DEFINITIONAL_REPRESENTATION('',(#3220),#2107);
#3222=PCURVE('',#664,#3221);
#3223=CARTESIAN_POINT('',(0.00000000000000000E0,1.00000000000000000E0));
#3224=CARTESIAN_POINT('',(0.00000000000000000E0,0.00000000000000000E0));
#3225=B_SPLINE_CURVE_WITH_KNOTS('',1,(#3223,#3224),.UNSPECIFIED.,.F.,.F.,(2,2),(0.00000000000000000E0,1.00000000000000000E0),.UNSPECIFIED.);
#3226=DEFINITIONAL_REPRESENTATION('',(#3225),#2107);
#3227=PCURVE('',#664,#3226);
#3228=CARTESIAN_POINT('',(0.00000000000000000E0,0.00000000000000000E0));
#3229=CARTESIAN_POINT('',(1.00000000000000000E0,0.00000000000000000E0));
#3230=B_SPLINE_CURVE_WITH_KNOTS('',1,(#3228,#3229),.UNSPECIFIED.,.F.,.F.,(2,2),(0.00000000000000000E0,1.00000000000000000E0),.UNSPECIFIED.);
#3231=DEFINITIONAL_REPRESENTATION('',(#3230),#2107);
#3232=PCURVE('',#671,#3231);
#3233=CARTESIAN_POINT('',(1.00000000000000000E0,0.00000000000000000E0));
#3234=CARTESIAN_POINT('',(1.00000000000000000E0,1.00000000000000000E0));
#3235=B_SPLINE_CURVE_WITH_KNOTS('',1,(#3233,#3234),.UNSPECIFIED.,.F.,.F.,(2,2),(0.00000000000000000E0,1.00000000000000000E0),.UNSPECIFIED.);
#3236=DEFINITIONAL_REPRESENTATION('',(#3235),#2107);
#3237=PCURVE('',#671,#3236);
#3238=CARTESIAN_POINT('',(1.00000000000000000E0,1.00000000000000000E0));
#3239=CARTESIAN_POINT('',(0.00000000000000000E0,1.00000000000000000E0));
#3240=B_SPLINE_CURVE_WITH_KNOTS('',1,(#3238,#3239),.UNSPECIFIED.,.F.,.F.,(2,2),(0.00000000000000000E0,1.00000000000000000E0),.UNSPECIFIED.);
#3241=DEFINITIONAL_REPRESENTATION('',(#3240),#2107);
#3242=PCURVE('',#671,#3241);
#3243=CARTESIAN_POINT('',(0.00000000000000000E0,1.00000000000000000E0));
#3244=CARTESIAN_POINT('',(0.00000000000000000E0,0.00000000000000000E0));
#3245=B_SPLINE_CURVE_WITH_KNOTS('',1,(#3243,#3244),.UNSPECIFIED.,.F.,.F.,(2,2),(0.00000000000000000E0,1.00000000000000000E0),.UNSPECIFIED.);
#3246=DEFINITIONAL_REPRESENTATION('',(#3245),#2107);
#3247=PCURVE('',#671,#3246);
#3248=CARTESIAN_POINT('',(0.00000000000000000E0,0.00000000000000000E0));
#3249=CARTESIAN_POINT('',(1.00000000000000000E0,0.00000000000000000E0));
#3250=B_SPLINE_CURVE_WITH_KNOTS('',1,(#3248,#3249),.UNSPECIFIED.,.F.,.F.,(2,2),(0.00000000000000000E0,1.00000000000000000E0),.UNSPECIFIED.);
#3251=DEFINITIONAL_REPRESENTATION('',(#3250),#2107);
#3252=PCURVE('',#678,#3251);
#3253=CARTESIAN_POINT('',(1.00000000000000000E0,0.00000000000000000E0));
#3254=CARTESIAN_POINT('',(1.00000000000000000E0,1.00000000000000000E0));
#3255=B_SPLINE_CURVE_WITH_KNOTS('',1,(#3253,#3254),.UNSPECIFIED.,.F.,.F.,(2,2),(0.00000000000000000E0,1.00000000000000000E0),.UNSPECIFIED.);
#3256=DEFINITIONAL_REPRESENTATION('',(#3255),#2107);
#3257=PCURVE('',#678,#3256);
#3258=CARTESIAN_POINT('',(1.00000000000000000E0,1.00000000000000000E0));
#3259=CARTESIAN_POINT('',(0.00000000000000000E0,1.00000000000000000E0));
#3260=B_SPLINE_CURVE_WITH_KNOTS('',1,(#3258,#3259),.UNSPECIFIED.,.F.,.F.,(2,2),(0.00000000000000000E0,1.00000000000000000E0),.UNSPECIFIED.);
#3261=DEFINITIONAL_REPRESENTATION('',(#3260),#2107);
#3262=PCURVE('',#678,#3261);
#3263=CARTESIAN_POINT('',(0.00000000000000000E0,1.00000000000000000E0));
#3264=CARTESIAN_POINT('',(0.00000000000000000E0,0.00000000000000000E0));
#3265=B_SPLINE_CURVE_WITH_KNOTS('',1,(#3263,#3264),.UNSPECIFIED.,.F.,.F.,(2,2),(0.00000000000000000E0,1.00000000000000000E0),.UNSPECIFIED.);
#3266=DEFINITIONAL_REPRESENTATION('',(#3265),#2107);
#3267=PCURVE('',#678,#3266);
#3268=CARTESIAN_POINT('',(0.00000000000000000E0,0.00000000000000000E0));
#3269=CARTESIAN_POINT('',(1.00000000000000000E0,0.00000000000000000E0));
#3270=B_SPLINE_CURVE_WITH_KNOTS('',1,(#3268,#3269),.UNSPECIFIED.,.F.,.F.,(2,2),(0.00000000000000000E0,1.00000000000000000E0),.UNSPECIFIED.);
#3271=DEFINITIONAL_REPRESENTATION('',(#3270),#2107);
#3272=PCURVE('',#685,#3271);
#3273=CARTESIAN_POINT('',(1.00000000000000000E0,0.00000000000000000E0));
#3274=CARTESIAN_POINT('',(1.00000000000000000E0,1.00000000000000000E0));
#3275=B_SPLINE_CURVE_WITH_KNOTS('',1,(#3273,#3274),.UNSPECIFIED.,.F.,.F.,(2,2),(0.00000000000000000E0,1.00000000000000000E0),.UNSPECIFIED.);
#3276=DEFINITIONAL_REPRESENTATION('',(#3275),#2107);
#3277=PCURVE('',#685,#3276);
#3278=CARTESIAN_POINT('',(1.00000000000000000E0,1.00000000000000000E0));
#3279=CARTESIAN_POINT('',(0.00000000000000000E0,1.00000000000000000E0));
#3280=B_SPLINE_CURVE_WITH_KNOTS('',1,(#3278,#3279),.UNSPECIFIED.,.F.,.F.,(2,2),(0.00000000000000000E0,1.00000000000000000E0),.UNSPECIFIED.);
#3281=DEFINITIONAL_REPRESENTATION('',(#3280),#2107);
#3282=PCURVE('',#685,#3281);
#3283=CARTESIAN_POINT('',(0.00000000000000000E0,1.00000000000000000E0));
#3284=CARTESIAN_POINT('',(0.00000000000000000E0,0.00000000000000000E0));
#3285=B_SPLINE_CURVE_WITH_KNOTS('',1,(#3283,#3284),.UNSPECIFIED.,.F.,.F.,(2,2),(0.00000000000000000E0,1.00000000000000000E0),.UNSPECIFIED.);
#3286=DEFINITIONAL_REPRESENTATION('',(#3285),#2107);
#3287=PCURVE('',#685,#3286);
#3288=CARTESIAN_POINT('',(0.00000000000000000E0,0.00000000000000000E0));
#3289=CARTESIAN_POINT('',(1.00000000000000000E0,0.00000000000000000E0));
#3290=B_SPLINE_CURVE_WITH_KNOTS('',1,(#3288,#3289),.UNSPECIFIED.,.F.,.F.,(2,2),(0.00000000000000000E0,1.00000000000000000E0),.UNSPECIFIED.);
#3291=DEFINITIONAL_REPRESENTATION('',(#3290),#2107);
#3292=PCURVE('',#692,#3291);
#3293=CARTESIAN_POINT('',(1.00000000000000000E0,0.00000000000000000E0));
#3294=CARTESIAN_POINT('',(1.00000000000000000E0,1.00000000000000000E0));
#3295=B_SPLINE_CURVE_WITH_KNOTS('',1,(#3293,#3294),.UNSPECIFIED.,.F.,.F.,(2,2),(0.00000000000000000E0,1.00000000000000000E0),.UNSPECIFIED.);
#3296=DEFINITIONAL_REPRESENTATION('',(#3295),#2107);
#3297=PCURVE('',#692,#3296);
#3298=CARTESIAN_POINT('',(1.00000000000000000E0,1.00000000000000000E0));
#3299=CARTESIAN_POINT('',(0.00000000000000000E0,1.00000000000000000E0));
#3300=B_SPLINE_CURVE_WITH_KNOTS('',1,(#3298,#3299),.UNSPECIFIED.,.F.,.F.,(2,2),(0.00000000000000000E0,1.00000000000000000E0),.UNSPECIFIED.);
#3301=DEFINITIONAL_REPRESENTATION('',(#3300),#2107);
#3302=PCURVE('',#692,#3301);
#3303=CARTESIAN_POINT('',(0.00000000000000000E0,1.00000000000000000E0));
#3304=CARTESIAN_POINT('',(0.00000000000000000E0,0.00000000000000000E0));
#3305=B_SPLINE_CURVE_WITH_KNOTS('',1,(#3303,#3304),.UNSPECIFIED.,.F.,.F.,(2,2),(0.00000000000000000E0,1.00000000000000000E0),.UNSPECIFIED.);
#3306=DEFINITIONAL_REPRESENTATION('',(#3305),#2107);
#3307=PCURVE('',#692,#3306);
#3308=CARTESIAN_POINT('',(0.00000000000000000E0,0.00000000000000000E0));
#3309=CARTESIAN_POINT('',(1.00000000000000000E0,0.00000000000000000E0));
#3310=B_SPLINE_CURVE_WITH_KNOTS('',1,(#3308,#3309),.UNSPECIFIED.,.F.,.F.,(2,2),(0.00000000000000000E0,1.00000000000000000E0),.UNSPECIFIED.);
#3311=DEFINITIONAL_REPRESENTATION('',(#3310),#2107);
#3312=PCURVE('',#699,#3311);
#3313=CARTESIAN_POINT('',(1.00000000000000000E0,0.00000000000000000E0));
#3314=CARTESIAN_POINT('',(1.00000000000000000E0,1.00000000000000000E0));
#3315=B_SPLINE_CURVE_WITH_KNOTS('',1,(#3313,#3314),.UNSPECIFIED.,.F.,.F.,(2,2),(0.00000000000000000E0,1.00000000000000000E0),.UNSPECIFIED.);
#3316=DEFINITIONAL_REPRESENTATION('',(#3315),#2107);
#3317=PCURVE('',#699,#3316);
#3318=CARTESIAN_POINT('',(1.00000000000000000E0,1.00000000000000000E0));
#3319=CARTESIAN_POINT('',(0.00000000000000000E0,1.00000000000000000E0));
#3320=B_SPLINE_CURVE_WITH_KNOTS('',1,(#3318,#3319),.UNSPECIFIED.,.F.,.F.,(2,2),(0.00000000000000000E0,1.00000000000000000E0),.UNSPECIFIED.);
#3321=DEFINITIONAL_REPRESENTATION('',(#3320),#2107);
#3322=PCURVE('',#699,#3321);
#3323=CARTESIAN_POINT('',(0.00000000000000000E0,1.00000000000000000E0));
#3324=CARTESIAN_POINT('',(0.00000000000000000E0,0.00000000000000000E0));
#3325=B_SPLINE_CURVE_WITH_KNOTS('',1,(#3323,#3324),.UNSPECIFIED.,.F.,.F.,(2,2),(0.00000000000000000E0,1.00000000000000000E0),.UNSPECIFIED.);
#3326=DEFINITIONAL_REPRESENTATION('',(#3325),#2107);
#3327=PCURVE('',#699,#3326);
#3328=CARTESIAN_POINT('',(0.00000000000000000E0,0.00000000000000000E0));
#3329=CARTESIAN_POINT('',(1.00000000000000000E0,0.00000000000000000E0));
#3330=B_SPLINE_CURVE_WITH_KNOTS('',1,(#3328,#3329),.UNSPECIFIED.,.F.,.F.,(2,2),(0.00000000000000000E0,1.00000000000000000E0),.UNSPECIFIED.);
#3331=DEFINITIONAL_REPRESENTATION('',(#3330),#2107);
#3332=PCURVE('',#706,#3331);
#3333=CARTESIAN_POINT('',(1.00000000000000000E0,0.00000000000000000E0));
#3334=CARTESIAN_POINT('',(1.00000000000000000E0,1.00000000000000000E0));
#3335=B_SPLINE_CURVE_WITH_KNOTS('',1,(#3333,#3334),.UNSPECIFIED.,.F.,.F.,(2,2),(0.00000000000000000E0,1.00000000000000000E0),.UNSPECIFIED.);
#3336=DEFINITIONAL_REPRESENTATION('',(#3335),#2107);
#3337=PCURVE('',#706,#3336);
#3338=CARTESIAN_POINT('',(1.00000000000000000E0,1.00000000000000000E0));
#3339=CARTESIAN_POINT('',(0.00000000000000000E0,1.00000000000000000E0));
#3340=B_SPLINE_CURVE_WITH_KNOTS('',1,(#3338,#3339),.UNSPECIFIED.,.F.,.F.,(2,2),(0.00000000000000000E0,1.00000000000000000E0),.UNSPECIFIED.);
#3341=DEFINITIONAL_REPRESENTATION('',(#3340),#2107);
#3342=PCURVE('',#706,#3341);
#3343=CARTESIAN_POINT('',(0.00000000000000000E0,1.00000000000000000E0));
#3344=CARTESIAN_POINT('',(0.00000000000000000E0,0.00000000000000000E0));
#3345=B_SPLINE_CURVE_WITH_KNOTS('',1,(#3343,#3344),.UNSPECIFIED.,.F.,.F.,(2,2),(0.00000000000000000E0,1.00000000000000000E0),.UNSPECIFIED.);
#3346=DEFINITIONAL_REPRESENTATION('',(#3345),#2107);
#3347=PCURVE('',#706,#3346);
#3348=CARTESIAN_POINT('',(0.00000000000000000E0,0.00000000000000000E0));
#3349=CARTESIAN_POINT('',(1.00000000000000000E0,0.00000000000000000E0));
#3350=B_SPLINE_CURVE_WITH_KNOTS('',1,(#3348,#3349),.UNSPECIFIED.,.F.,.F.,(2,2),(0.00000000000000000E0,1.00000000000000000E0),.UNSPECIFIED.);
#3351=DEFINITIONAL_REPRESENTATION('',(#3350),#2107);
#3352=PCURVE('',#713,#3351);
#3353=CARTESIAN_POINT('',(1.00000000000000000E0,0.00000000000000000E0));
#3354=CARTESIAN_POINT('',(1.00000000000000000E0,1.00000000000000000E0));
#3355=B_SPLINE_CURVE_WITH_KNOTS('',1,(#3353,#3354),.UNSPECIFIED.,.F.,.F.,(2,2),(0.00000000000000000E0,1.00000000000000000E0),.UNSPECIFIED.);
#3356=DEFINITIONAL_REPRESENTATION('',(#3355),#2107);
#3357=PCURVE('',#713,#3356);
#3358=CARTESIAN_POINT('',(1.00000000000000000E0,1.00000000000000000E0));
#3359=CARTESIAN_POINT('',(0.00000000000000000E0,1.00000000000000000E0));
#3360=B_SPLINE_CURVE_WITH_KNOTS('',1,(#3358,#3359),.UNSPECIFIED.,.F.,.F.,(2,2),(0.00000000000000000E0,1.00000000000000000E0),.UNSPECIFIED.);
#3361=DEFINITIONAL_REPRESENTATION('',(#3360),#2107);
#3362=PCURVE('',#713,#3361);
#3363=CARTESIAN_POINT('',(0.00000000000000000E0,1.00000000000000000E0));
#3364=CARTESIAN_POINT('',(0.00000000000000000E0,0.00000000000000000E0));
#3365=B_SPLINE_CURVE_WITH_KNOTS('',1,(#3363,#3364),.UNSPECIFIED.,.F.,.F.,(2,2),(0.00000000000000000E0,1.00000000000000000E0),.UNSPECIFIED.);
#3366=DEFINITIONAL_REPRESENTATION('',(#3365),#2107);
#3367=PCURVE('',#713,#3366);
#3368=CARTESIAN_POINT('',(0.00000000000000000E0,0.00000000000000000E0));
#3369=CARTESIAN_POINT('',(1.00000000000000000E0,0.00000000000000000E0));
#3370=B_SPLINE_CURVE_WITH_KNOTS('',1,(#3368,#3369),.UNSPECIFIED.,.F.,.F.,(2,2),(0.00000000000000000E0,1.00000000000000000E0),.UNSPECIFIED.);
#3371=DEFINITIONAL_REPRESENTATION('',(#3370),#2107);
#3372=PCURVE('',#720,#3371);
#3373=CARTESIAN_POINT('',(1.00000000000000000E0,0.00000000000000000E0));
#3374=CARTESIAN_POINT('',(1.00000000000000000E0,1.00000000000000000E0));
#3375=B_SPLINE_CURVE_WITH_KNOTS('',1,(#3373,#3374),.UNSPECIFIED.,.F.,.F.,(2,2),(0.00000000000000000E0,1.00000000000000000E0),.UNSPECIFIED.);
#3376=DEFINITIONAL_REPRESENTATION('',(#3375),#2107);
#3377=PCURVE('',#720,#3376);
#3378=CARTESIAN_POINT('',(1.00000000000000000E0,1.00000000000000000E0));
#3379=CARTESIAN_POINT('',(0.00000000000000000E0,1.00000000000000000E0));
#3380=B_SPLINE_CURVE_WITH_KNOTS('',1,(#3378,#3379),.UNSPECIFIED.,.F.,.F.,(2,2),(0.00000000000000000E0,1.00000000000000000E0),.UNSPECIFIED.);
#3381=DEFINITIONAL_REPRESENTATION('',(#3380),#2107);
#3382=PCURVE('',#720,#3381);
#3383=CARTESIAN_POINT('',(0.00000000000000000E0,1.00000000000000000E0));
#3384=CARTESIAN_POINT('',(0.00000000000000000E0,0.00000000000000000E0));
#3385=B_SPLINE_CURVE_WITH_KNOTS('',1,(#3383,#3384),.UNSPECIFIED.,.F.,.F.,(2,2),(0.00000000000000000E0,1.00000000000000000E0),.UNSPECIFIED.);
#3386=DEFINITIONAL_REPRESENTATION('',(#3385),#2107);
#3387=PCURVE('',#720,#3386);
#3388=CARTESIAN_POINT('',(0.00000000000000000E0,0.00000000000000000E0));
#3389=CARTESIAN_POINT('',(1.00000000000000000E0,0.00000000000000000E0));
#3390=B_SPLINE_CURVE_WITH_KNOTS('',1,(#3388,#3389),.UNSPECIFIED.,.F.,.F.,(2,2),(0.00000000000000000E0,1.00000000000000000E0),.UNSPECIFIED.);
#3391=DEFINITIONAL_REPRESENTATION('',(#3390),#2107);
#3392=PCURVE('',#727,#3391);
#3393=CARTESIAN_POINT('',(1.00000000000000000E0,0.00000000000000000E0));
#3394=CARTESIAN_POINT('',(1.00000000000000000E0,1.00000000000000000E0));
#3395=B_SPLINE_CURVE_WITH_KNOTS('',1,(#3393,#3394),.UNSPECIFIED.,.F.,.F.,(2,2),(0.00000000000000000E0,1.00000000000000000E0),.UNSPECIFIED.);
#3396=DEFINITIONAL_REPRESENTATION('',(#3395),#2107);
#3397=PCURVE('',#727,#3396);
#3398=CARTESIAN_POINT('',(1.00000000000000000E0,1.00000000000000000E0));
#3399=CARTESIAN_POINT('',(0.00000000000000000E0,1.00000000000000000E0));
#3400=B_SPLINE_CURVE_WITH_KNOTS('',1,(#3398,#3399),.UNSPECIFIED.,.F.,.F.,(2,2),(0.00000000000000000E0,1.00000000000000000E0),.UNSPECIFIED.);
#3401=DEFINITIONAL_REPRESENTATION('',(#3400),#2107);
#3402=PCURVE('',#727,#3401);
#3403=CARTESIAN_POINT('',(0.00000000000000000E0,1.00000000000000000E0));
#3404=CARTESIAN_POINT('',(0.00000000000000000E0,0.00000000000000000E0));
#3405=B_SPLINE_CURVE_WITH_KNOTS('',1,(#3403,#3404),.UNSPECIFIED.,.F.,.F.,(2,2),(0.00000000000000000E0,1.00000000000000000E0),.UNSPECIFIED.);
#3406=DEFINITIONAL_REPRESENTATION('',(#3405),#2107);
#3407=PCURVE('',#727,#3406);
#3408=CARTESIAN_POINT('',(0.00000000000000000E0,0.00000000000000000E0));
#3409=CARTESIAN_POINT('',(1.00000000000000000E0,0.00000000000000000E0));
#3410=B_SPLINE_CURVE_WITH_KNOTS('',1,(#3408,#3409),.UNSPECIFIED.,.F.,.F.,(2,2),(0.00000000000000000E0,1.00000000000000000E0),.UNSPECIFIED.);
#3411=DEFINITIONAL_REPRESENTATION('',(#3410),#2107);
#3412=PCURVE('',#734,#3411);
#3413=CARTESIAN_POINT('',(1.00000000000000000E0,0.00000000000000000E0));
#3414=CARTESIAN_POINT('',(1.00000000000000000E0,1.00000000000000000E0));
#3415=B_SPLINE_CURVE_WITH_KNOTS('',1,(#3413,#3414),.UNSPECIFIED.,.F.,.F.,(2,2),(0.00000000000000000E0,1.00000000000000000E0),.UNSPECIFIED.);
#3416=DEFINITIONAL_REPRESENTATION('',(#3415),#2107);
#3417=PCURVE('',#734,#3416);
#3418=CARTESIAN_POINT('',(1.00000000000000000E0,1.00000000000000000E0));
#3419=CARTESIAN_POINT('',(0.00000000000000000E0,1.00000000000000000E0));
#3420=B_SPLINE_CURVE_WITH_KNOTS('',1,(#3418,#3419),.UNSPECIFIED.,.F.,.F.,(2,2),(0.00000000000000000E0,1.00000000000000000E0),.UNSPECIFIED.);
#3421=DEFINITIONAL_REPRESENTATION('',(#3420),#2107);
#3422=PCURVE('',#734,#3421);
#3423=CARTESIAN_POINT('',(0.00000000000000000E0,1.00000000000000000E0));
#3424=CARTESIAN_POINT('',(0.00000000000000000E0,0.00000000000000000E0));
#3425=B_SPLINE_CURVE_WITH_KNOTS('',1,(#3423,#3424),.UNSPECIFIED.,.F.,.F.,(2,2),(0.00000000000000000E0,1.00000000000000000E0),.UNSPECIFIED.);
#3426=DEFINITIONAL_REPRESENTATION('',(#3425),#2107);
#3427=PCURVE('',#734,#3426);
#3428=CARTESIAN_POINT('',(0.00000000000000000E0,0.00000000000000000E0));
#3429=CARTESIAN_POINT('',(1.00000000000000000E0,0.00000000000000000E0));
#3430=B_SPLINE_CURVE_WITH_KNOTS('',1,(#3428,#3429),.UNSPECIFIED.,.F.,.F.,(2,2),(0.00000000000000000E0,1.00000000000000000E0),.UNSPECIFIED.);
#3431=DEFINITIONAL_REPRESENTATION('',(#3430),#2107);
#3432=PCURVE('',#741,#3431);
#3433=CARTESIAN_POINT('',(1.00000000000000000E0,0.00000000000000000E0));
#3434=CARTESIAN_POINT('',(1.00000000000000000E0,1.00000000000000000E0));
#3435=B_SPLINE_CURVE_WITH_KNOTS('',1,(#3433,#3434),.UNSPECIFIED.,.F.,.F.,(2,2),(0.00000000000000000E0,1.00000000000000000E0),.UNSPECIFIED.);
#3436=DEFINITIONAL_REPRESENTATION('',(#3435),#2107);
#3437=PCURVE('',#741,#3436);
#3438=CARTESIAN_POINT('',(1.00000000000000000E0,1.00000000000000000E0));
#3439=CARTESIAN_POINT('',(0.00000000000000000E0,1.00000000000000000E0));
#3440=B_SPLINE_CURVE_WITH_KNOTS('',1,(#3438,#3439),.UNSPECIFIED.,.F.,.F.,(2,2),(0.00000000000000000E0,1.00000000000000000E0),.UNSPECIFIED.);
#3441=DEFINITIONAL_REPRESENTATION('',(#3440),#2107);
#3442=PCURVE('',#741,#3441);
#3443=CARTESIAN_POINT('',(0.00000000000000000E0,1.00000000000000000E0));
#3444=CARTESIAN_POINT('',(0.00000000000000000E0,0.00000000000000000E0));
#3445=B_SPLINE_CURVE_WITH_KNOTS('',1,(#3443,#3444),.UNSPECIFIED.,.F.,.F.,(2,2),(0.00000000000000000E0,1.00000000000000000E0),.UNSPECIFIED.);
#3446=DEFINITIONAL_REPRESENTATION('',(#3445),#2107);
#3447=PCURVE('',#741,#3446);
#3448=CARTESIAN_POINT('',(0.00000000000000000E0,0.00000000000000000E0));
#3449=CARTESIAN_POINT('',(1.00000000000000000E0,0.00000000000000000E0));
#3450=B_SPLINE_CURVE_WITH_KNOTS('',1,(#3448,#3449),.UNSPECIFIED.,.F.,.F.,(2,2),(0.00000000000000000E0,1.00000000000000000E0),.UNSPECIFIED.);
#3451=DEFINITIONAL_REPRESENTATION('',(#3450),#2107);
#3452=PCURVE('',#748,#3451);
#3453=CARTESIAN_POINT('',(1.00000000000000000E0,0.00000000000000000E0));
#3454=CARTESIAN_POINT('',(1.00000000000000000E0,1.00000000000000000E0));
#3455=B_SPLINE_CURVE_WITH_KNOTS('',1,(#3453,#3454),.UNSPECIFIED.,.F.,.F.,(2,2),(0.00000000000000000E0,1.00000000000000000E0),.UNSPECIFIED.);
#3456=DEFINITIONAL_REPRESENTATION('',(#3455),#2107);
#3457=PCURVE('',#748,#3456);
#3458=CARTESIAN_POINT('',(1.00000000000000000E0,1.00000000000000000E0));
#3459=CARTESIAN_POINT('',(0.00000000000000000E0,1.00000000000000000E0));
#3460=B_SPLINE_CURVE_WITH_KNOTS('',1,(#3458,#3459),.UNSPECIFIED.,.F.,.F.,(2,2),(0.00000000000000000E0,1.00000000000000000E0),.UNSPECIFIED.);
#3461=DEFINITIONAL_REPRESENTATION('',(#3460),#2107);
#3462=PCURVE('',#748,#3461);
#3463=CARTESIAN_POINT('',(0.00000000000000000E0,1.00000000000000000E0));
#3464=CARTESIAN_POINT('',(0.00000000000000000E0,0.00000000000000000E0));
#3465=B_SPLINE_CURVE_WITH_KNOTS('',1,(#3463,#3464),.UNSPECIFIED.,.F.,.F.,(2,2),(0.00000000000000000E0,1.00000000000000000E0),.UNSPECIFIED.);
#3466=DEFINITIONAL_REPRESENTATION('',(#3465),#2107);
#3467=PCURVE('',#748,#3466);
#3468=CARTESIAN_POINT('',(0.00000000000000000E0,0.00000000000000000E0));
#3469=CARTESIAN_POINT('',(1.00000000000000000E0,0.00000000000000000E0));
#3470=B_SPLINE_CURVE_WITH_KNOTS('',1,(#3468,#3469),.UNSPECIFIED.,.F.,.F.,(2,2),(0.00000000000000000E0,1.00000000000000000E0),.UNSPECIFIED.);
#3471=DEFINITIONAL_REPRESENTATION('',(#3470),#2107);
#3472=PCURVE('',#755,#3471);
#3473=CARTESIAN_POINT('',(1.00000000000000000E0,0.00000000000000000E0));
#3474=CARTESIAN_POINT('',(1.00000000000000000E0,1.00000000000000000E0));
#3475=B_SPLINE_CURVE_WITH_KNOTS('',1,(#3473,#3474),.UNSPECIFIED.,.F.,.F.,(2,2),(0.00000000000000000E0,1.00000000000000000E0),.UNSPECIFIED.);
#3476=DEFINITIONAL_REPRESENTATION('',(#3475),#2107);
#3477=PCURVE('',#755,#3476);
#3478=CARTESIAN_POINT('',(1.00000000000000000E0,1.00000000000000000E0));
#3479=CARTESIAN_POINT('',(0.00000000000000000E0,1.00000000000000000E0));
#3480=B_SPLINE_CURVE_WITH_KNOTS('',1,(#3478,#3479),.UNSPECIFIED.,.F.,.F.,(2,2),(0.00000000000000000E0,1.00000000000000000E0),.UNSPECIFIED.);
#3481=DEFINITIONAL_REPRESENTATION('',(#3480),#2107);
#3482=PCURVE('',#755,#3481);
#3483=CARTESIAN_POINT('',(0.00000000000000000E0,1.00000000000000000E0));
#3484=CARTESIAN_POINT('',(0.00000000000000000E0,0.00000000000000000E0));
#3485=B_SPLINE_CURVE_WITH_KNOTS('',1,(#3483,#3484),.UNSPECIFIED.,.F.,.F.,(2,2),(0.00000000000000000E0,1.00000000000000000E0),.UNSPECIFIED.);
#3486=DEFINITIONAL_REPRESENTATION('',(#3485),#2107);
#3487=PCURVE('',#755,#3486);
#3488=CARTESIAN_POINT('',(0.00000000000000000E0,0.00000000000000000E0));
#3489=CARTESIAN_POINT('',(1.00000000000000000E0,0.00000000000000000E0));
#3490=B_SPLINE_CURVE_WITH_KNOTS('',1,(#3488,#3489),.UNSPECIFIED.,.F.,.F.,(2,2),(0.00000000000000000E0,1.00000000000000000E0),.UNSPECIFIED.);
#3491=DEFINITIONAL_REPRESENTATION('',(#3490),#2107);
#3492=PCURVE('',#762,#3491);
#3493=CARTESIAN_POINT('',(1.00000000000000000E0,0.00000000000000000E0));
#3494=CARTESIAN_POINT('',(1.00000000000000000E0,1.00000000000000000E0));
#3495=B_SPLINE_CURVE_WITH_KNOTS('',1,(#3493,#3494),.UNSPECIFIED.,.F.,.F.,(2,2),(0.00000000000000000E0,1.00000000000000000E0),.UNSPECIFIED.);
#3496=DEFINITIONAL_REPRESENTATION('',(#3495),#2107);
#3497=PCURVE('',#762,#3496);
#3498=CARTESIAN_POINT('',(1.00000000000000000E0,1.00000000000000000E0));
#3499=CARTESIAN_POINT('',(0.00000000000000000E0,1.00000000000000000E0));
#3500=B_SPLINE_CURVE_WITH_KNOTS('',1,(#3498,#3499),.UNSPECIFIED.,.F.,.F.,(2,2),(0.00000000000000000E0,1.00000000000000000E0),.UNSPECIFIED.);
#3501=DEFINITIONAL_REPRESENTATION('',(#3500),#2107);
#3502=PCURVE('',#762,#3501);
#3503=CARTESIAN_POINT('',(0.00000000000000000E0,1.00000000000000000E0));
#3504=CARTESIAN_POINT('',(0.00000000000000000E0,0.00000000000000000E0));
#3505=B_SPLINE_CURVE_WITH_KNOTS('',1,(#3503,#3504),.UNSPECIFIED.,.F.,.F.,(2,2),(0.00000000000000000E0,1.00000000000000000E0),.UNSPECIFIED.);
#3506=DEFINITIONAL_REPRESENTATION('',(#3505),#2107);
#3507=PCURVE('',#762,#3506);
#3508=CARTESIAN_POINT('',(0.00000000000000000E0,0.00000000000000000E0));
#3509=CARTESIAN_POINT('',(1.00000000000000000E0,0.00000000000000000E0));
#3510=B_SPLINE_CURVE_WITH_KNOTS('',1,(#3508,#3509),.UNSPECIFIED.,.F.,.F.,(2,2),(0.00000000000000000E0,1.00000000000000000E0),.UNSPECIFIED.);
#3511=DEFINITIONAL_REPRESENTATION('',(#3510),#2107);
#3512=PCURVE('',#769,#3511);
#3513=CARTESIAN_POINT('',(1.00000000000000000E0,0.00000000000000000E0));
#3514=CARTESIAN_POINT('',(1.00000000000000000E0,1.00000000000000000E0));
#3515=B_SPLINE_CURVE_WITH_KNOTS('',1,(#3513,#3514),.UNSPECIFIED.,.F.,.F.,(2,2),(0.00000000000000000E0,1.00000000000000000E0),.UNSPECIFIED.);
#3516=DEFINITIONAL_REPRESENTATION('',(#3515),#2107);
#3517=PCURVE('',#769,#3516);
#3518=CARTESIAN_POINT('',(1.00000000000000000E0,1.00000000000000000E0));
#3519=CARTESIAN_POINT('',(0.00000000000000000E0,1.00000000000000000E0));
#3520=B_SPLINE_CURVE_WITH_KNOTS('',1,(#3518,#3519),.UNSPECIFIED.,.F.,.F.,(2,2),(0.00000000000000000E0,1.00000000000000000E0),.UNSPECIFIED.);
#3521=DEFINITIONAL_REPRESENTATION('',(#3520),#2107);
#3522=PCURVE('',#769,#3521);
#3523=CARTESIAN_POINT('',(0.00000000000000000E0,1.00000000000000000E0));
#3524=CARTESIAN_POINT('',(0.00000000000000000E0,0.00000000000000000E0));
#3525=B_SPLINE_CURVE_WITH_KNOTS('',1,(#3523,#3524),.UNSPECIFIED.,.F.,.F.,(2,2),(0.00000000000000000E0,1.00000000000000000E0),.UNSPECIFIED.);
#3526=DEFINITIONAL_REPRESENTATION('',(#3525),#2107);
#3527=PCURVE('',#769,#3526);
#3528=CARTESIAN_POINT('',(0.00000000000000000E0,0.00000000000000000E0));
#3529=CARTESIAN_POINT('',(1.00000000000000000E0,0.00000000000000000E0));
#3530=B_SPLINE_CURVE_WITH_KNOTS('',1,(#3528,#3529),.UNSPECIFIED.,.F.,.F.,(2,2),(0.00000000000000000E0,1.00000000000000000E0),.UNSPECIFIED.);
#3531=DEFINITIONAL_REPRESENTATION('',(#3530),#2107);
#3532=PCURVE('',#776,#3531);
#3533=CARTESIAN_POINT('',(1.00000000000000000E0,0.00000000000000000E0));
#3534=CARTESIAN_POINT('',(1.00000000000000000E0,1.00000000000000000E0));
#3535=B_SPLINE_CURVE_WITH_KNOTS('',1,(#3533,#3534),.UNSPECIFIED.,.F.,.F.,(2,2),(0.00000000000000000E0,1.00000000000000000E0),.UNSPECIFIED.);
#3536=DEFINITIONAL_REPRESENTATION('',(#3535),#2107);
#3537=PCURVE('',#776,#3536);
#3538=CARTESIAN_POINT('',(1.00000000000000000E0,1.00000000000000000E0));
#3539=CARTESIAN_POINT('',(0.00000000000000000E0,1.00000000000000000E0));
#3540=B_SPLINE_CURVE_WITH_KNOTS('',1,(#3538,#3539),.UNSPECIFIED.,.F.,.F.,(2,2),(0.00000000000000000E0,1.00000000000000000E0),.UNSPECIFIED.);
#3541=DEFINITIONAL_REPRESENTATION('',(#3540),#2107);
#3542=PCURVE('',#776,#3541);
#3543=CARTESIAN_POINT('',(0.00000000000000000E0,1.00000000000000000E0));
#3544=CARTESIAN_POINT('',(0.00000000000000000E0,0.00000000000000000E0));
#3545=B_SPLINE_CURVE_WITH_KNOTS('',1,(#3543,#3544),.UNSPECIFIED.,.F.,.F.,(2,2),(0.00000000000000000E0,1.00000000000000000E0),.UNSPECIFIED.);
#3546=DEFINITIONAL_REPRESENTATION('',(#3545),#2107);
#3547=PCURVE('',#776,#3546);
#3548=CARTESIAN_POINT('',(0.00000000000000000E0,0.00000000000000000E0));
#3549=CARTESIAN_POINT('',(1.00000000000000000E0,0.00000000000000000E0));
#3550=B_SPLINE_CURVE_WITH_KNOTS('',1,(#3548,#3549),.UNSPECIFIED.,.F.,.F.,(2,2),(0.00000000000000000E0,1.00000000000000000E0),.UNSPECIFIED.);
#3551=DEFINITIONAL_REPRESENTATION('',(#3550),#2107);
#3552=PCURVE('',#783,#3551);
#3553=CARTESIAN_POINT('',(1.00000000000000000E0,0.00000000000000000E0));
#3554=CARTESIAN_POINT('',(1.00000000000000000E0,1.00000000000000000E0));
#3555=B_SPLINE_CURVE_WITH_KNOTS('',1,(#3553,#3554),.UNSPECIFIED.,.F.,.F.,(2,2),(0.00000000000000000E0,1.00000000000000000E0),.UNSPECIFIED.);
#3556=DEFINITIONAL_REPRESENTATION('',(#3555),#2107);
#3557=PCURVE('',#783,#3556);
#3558=CARTESIAN_POINT('',(1.00000000000000000E0,1.00000000000000000E0));
#3559=CARTESIAN_POINT('',(0.00000000000000000E0,1.00000000000000000E0));
#3560=B_SPLINE_CURVE_WITH_KNOTS('',1,(#3558,#3559),.UNSPECIFIED.,.F.,.F.,(2,2),(0.00000000000000000E0,1.00000000000000000E0),.UNSPECIFIED.);
#3561=DEFINITIONAL_REPRESENTATION('',(#3560),#2107);
#3562=PCURVE('',#783,#3561);
#3563=CARTESIAN_POINT('',(0.00000000000000000E0,1.00000000000000000E0));
#3564=CARTESIAN_POINT('',(0.00000000000000000E0,0.00000000000000000E0));
#3565=B_SPLINE_CURVE_WITH_KNOTS('',1,(#3563,#3564),.UNSPECIFIED.,.F.,.F.,(2,2),(0.00000000000000000E0,1.00000000000000000E0),.UNSPECIFIED.);
#3566=DEFINITIONAL_REPRESENTATION('',(#3565),#2107);
#3567=PCURVE('',#783,#3566);
#3568=CARTESIAN_POINT('',(0.00000000000000000E0,0.00000000000000000E0));
#3569=CARTESIAN_POINT('',(1.00000000000000000E0,0.00000000000000000E0));
#3570=B_SPLINE_CURVE_WITH_KNOTS('',1,(#3568,#3569),.UNSPECIFIED.,.F.,.F.,(2,2),(0.00000000000000000E0,1.00000000000000000E0),.UNSPECIFIED.);
#3571=DEFINITIONAL_REPRESENTATION('',(#3570),#2107);
#3572=PCURVE('',#790,#3571);
#3573=CARTESIAN_POINT('',(1.00000000000000000E0,0.00000000000000000E0));
#3574=CARTESIAN_POINT('',(1.00000000000000000E0,1.00000000000000000E0));
#3575=B_SPLINE_CURVE_WITH_KNOTS('',1,(#3573,#3574),.UNSPECIFIED.,.F.,.F.,(2,2),(0.00000000000000000E0,1.00000000000000000E0),.UNSPECIFIED.);
#3576=DEFINITIONAL_REPRESENTATION('',(#3575),#2107);
#3577=PCURVE('',#790,#3576);
#3578=CARTESIAN_POINT('',(1.00000000000000000E0,1.00000000000000000E0));
#3579=CARTESIAN_POINT('',(0.00000000000000000E0,1.00000000000000000E0));
#3580=B_SPLINE_CURVE_WITH_KNOTS('',1,(#3578,#3579),.UNSPECIFIED.,.F.,.F.,(2,2),(0.00000000000000000E0,1.00000000000000000E0),.UNSPECIFIED.);
#3581=DEFINITIONAL_REPRESENTATION('',(#3580),#2107);
#3582=PCURVE('',#790,#3581);
#3583=CARTESIAN_POINT('',(0.00000000000000000E0,1.00000000000000000E0));
#3584=CARTESIAN_POINT('',(0.00000000000000000E0,0.00000000000000000E0));
#3585=B_SPLINE_CURVE_WITH_KNOTS('',1,(#3583,#3584),.UNSPECIFIED.,.F.,.F.,(2,2),(0.00000000000000000E0,1.00000000000000000E0),.UNSPECIFIED.);
#3586=DEFINITIONAL_REPRESENTATION('',(#3585),#2107);
#3587=PCURVE('',#790,#3586);
#3588=CARTESIAN_POINT('',(0.00000000000000000E0,0.00000000000000000E0));
#3589=CARTESIAN_POINT('',(1.00000000000000000E0,0.00000000000000000E0));
#3590=B_SPLINE_CURVE_WITH_KNOTS('',1,(#3588,#3589),.UNSPECIFIED.,.F.,.F.,(2,2),(0.00000000000000000E0,1.00000000000000000E0),.UNSPECIFIED.);
#3591=DEFINITIONAL_REPRESENTATION('',(#3590),#2107);
#3592=PCURVE('',#797,#3591);
#3593=CARTESIAN_POINT('',(1.00000000000000000E0,0.00000000000000000E0));
#3594=CARTESIAN_POINT('',(1.00000000000000000E0,1.00000000000000000E0));
#3595=B_SPLINE_CURVE_WITH_KNOTS('',1,(#3593,#3594),.UNSPECIFIED.,.F.,.F.,(2,2),(0.00000000000000000E0,1.00000000000000000E0),.UNSPECIFIED.);
#3596=DEFINITIONAL_REPRESENTATION('',(#3595),#2107);
#3597=PCURVE('',#797,#3596);
#3598=CARTESIAN_POINT('',(1.00000000000000000E0,1.00000000000000000E0));
#3599=CARTESIAN_POINT('',(0.00000000000000000E0,1.00000000000000000E0));
#3600=B_SPLINE_CURVE_WITH_KNOTS('',1,(#3598,#3599),.UNSPECIFIED.,.F.,.F.,(2,2),(0.00000000000000000E0,1.00000000000000000E0),.UNSPECIFIED.);
#3601=DEFINITIONAL_REPRESENTATION('',(#3600),#2107);
#3602=PCURVE('',#797,#3601);
#3603=CARTESIAN_POINT('',(0.00000000000000000E0,1.00000000000000000E0));
#3604=CARTESIAN_POINT('',(0.00000000000000000E0,0.00000000000000000E0));
#3605=B_SPLINE_CURVE_WITH_KNOTS('',1,(#3603,#3604),.UNSPECIFIED.,.F.,.F.,(2,2),(0.00000000000000000E0,1.00000000000000000E0),.UNSPECIFIED.);
#3606=DEFINITIONAL_REPRESENTATION('',(#3605),#2107);
#3607=PCURVE('',#797,#3606);
#3608=CARTESIAN_POINT('',(0.00000000000000000E0,0.00000000000000000E0));
#3609=CARTESIAN_POINT('',(1.00000000000000000E0,0.00000000000000000E0));
#3610=B_SPLINE_CURVE_WITH_KNOTS('',1,(#3608,#3609),.UNSPECIFIED.,.F.,.F.,(2,2),(0.00000000000000000E0,1.00000000000000000E0),.UNSPECIFIED.);
#3611=DEFINITIONAL_REPRESENTATION('',(#3610),#2107);
#3612=PCURVE('',#804,#3611);
#3613=CARTESIAN_POINT('',(1.00000000000000000E0,0.00000000000000000E0));
#3614=CARTESIAN_POINT('',(1.00000000000000000E0,1.00000000000000000E0));
#3615=B_SPLINE_CURVE_WITH_KNOTS('',1,(#3613,#3614),.UNSPECIFIED.,.F.,.F.,(2,2),(0.00000000000000000E0,1.00000000000000000E0),.UNSPECIFIED.);
#3616=DEFINITIONAL_REPRESENTATION('',(#3615),#2107);
#3617=PCURVE('',#804,#3616);
#3618=CARTESIAN_POINT('',(1.00000000000000000E0,1.00000000000000000E0));
#3619=CARTESIAN_POINT('',(0.00000000000000000E0,1.00000000000000000E0));
#3620=B_SPLINE_CURVE_WITH_KNOTS('',1,(#3618,#3619),.UNSPECIFIED.,.F.,.F.,(2,2),(0.00000000000000000E0,1.00000000000000000E0),.UNSPECIFIED.);
#3621=DEFINITIONAL_REPRESENTATION('',(#3620),#2107);
#3622=PCURVE('',#804,#3621);
#3623=CARTESIAN_POINT('',(0.00000000000000000E0,1.00000000000000000E0));
#3624=CARTESIAN_POINT('',(0.00000000000000000E0,0.00000000000000000E0));
#3625=B_SPLINE_CURVE_WITH_KNOTS('',1,(#3623,#3624),.UNSPECIFIED.,.F.,.F.,(2,2),(0.00000000000000000E0,1.00000000000000000E0),.UNSPECIFIED.);
#3626=DEFINITIONAL_REPRESENTATION('',(#3625),#2107);
#3627=PCURVE('',#804,#3626);
#3628=CARTESIAN_POINT('',(0.00000000000000000E0,0.00000000000000000E0));
#3629=CARTESIAN_POINT('',(1.00000000000000000E0,0.00000000000000000E0));
#3630=B_SPLINE_CURVE_WITH_KNOTS('',1,(#3628,#3629),.UNSPECIFIED.,.F.,.F.,(2,2),(0.00000000000000000E0,1.00000000000000000E0),.UNSPECIFIED.);
#3631=DEFINITIONAL_REPRESENTATION('',(#3630),#2107);
#3632=PCURVE('',#811,#3631);
#3633=CARTESIAN_POINT('',(1.00000000000000000E0,0.00000000000000000E0));
#3634=CARTESIAN_POINT('',(1.00000000000000000E0,1.00000000000000000E0));
#3635=B_SPLINE_CURVE_WITH_KNOTS('',1,(#3633,#3634),.UNSPECIFIED.,.F.,.F.,(2,2),(0.00000000000000000E0,1.00000000000000000E0),.UNSPECIFIED.);
#3636=DEFINITIONAL_REPRESENTATION('',(#3635),#2107);
#3637=PCURVE('',#811,#3636);
#3638=CARTESIAN_POINT('',(1.00000000000000000E0,1.00000000000000000E0));
#3639=CARTESIAN_POINT('',(0.00000000000000000E0,1.00000000000000000E0));
#3640=B_SPLINE_CURVE_WITH_KNOTS('',1,(#3638,#3639),.UNSPECIFIED.,.F.,.F.,(2,2),(0.00000000000000000E0,1.00000000000000000E0),.UNSPECIFIED.);
#3641=DEFINITIONAL_REPRESENTATION('',(#3640),#2107);
#3642=PCURVE('',#811,#3641);
#3643=CARTESIAN_POINT('',(0.00000000000000000E0,1.00000000000000000E0));
#3644=CARTESIAN_POINT('',(0.00000000000000000E0,0.00000000000000000E0));
#3645=B_SPLINE_CURVE_WITH_KNOTS('',1,(#3643,#3644),.UNSPECIFIED.,.F.,.F.,(2,2),(0.00000000000000000E0,1.00000000000000000E0),.UNSPECIFIED.);
#3646=DEFINITIONAL_REPRESENTATION('',(#3645),#2107);
#3647=PCURVE('',#811,#3646);
#3648=CARTESIAN_POINT('',(0.00000000000000000E0,0.00000000000000000E0));
#3649=CARTESIAN_POINT('',(1.00000000000000000E0,0.00000000000000000E0));
#3650=B_SPLINE_CURVE_WITH_KNOTS('',1,(#3648,#3649),.UNSPECIFIED.,.F.,.F.,(2,2),(0.00000000000000000E0,1.00000000000000000E0),.UNSPECIFIED.);
#3651=DEFINITIONAL_REPRESENTATION('',(#3650),#2107);
#3652=PCURVE('',#818,#3651);
#3653=CARTESIAN_POINT('',(1.00000000000000000E0,0.00000000000000000E0));
#3654=CARTESIAN_POINT('',(1.00000000000000000E0,1.00000000000000000E0));
#3655=B_SPLINE_CURVE_WITH_KNOTS('',1,(#3653,#3654),.UNSPECIFIED.,.F.,.F.,(2,2),(0.00000000000000000E0,1.00000000000000000E0),.UNSPECIFIED.);
#3656=DEFINITIONAL_REPRESENTATION('',(#3655),#2107);
#3657=PCURVE('',#818,#3656);
#3658=CARTESIAN_POINT('',(1.00000000000000000E0,1.00000000000000000E0));
#3659=CARTESIAN_POINT('',(0.00000000000000000E0,1.00000000000000000E0));
#3660=B_SPLINE_CURVE_WITH_KNOTS('',1,(#3658,#3659),.UNSPECIFIED.,.F.,.F.,(2,2),(0.00000000000000000E0,1.00000000000000000E0),.UNSPECIFIED.);
#3661=DEFINITIONAL_REPRESENTATION('',(#3660),#2107);
#3662=PCURVE('',#818,#3661);
#3663=CARTESIAN_POINT('',(0.00000000000000000E0,1.00000000000000000E0));
#3664=CARTESIAN_POINT('',(0.00000000000000000E0,0.00000000000000000E0));
#3665=B_SPLINE_CURVE_WITH_KNOTS('',1,(#3663,#3664),.UNSPECIFIED.,.F.,.F.,(2,2),(0.00000000000000000E0,1.00000000000000000E0),.UNSPECIFIED.);
#3666=DEFINITIONAL_REPRESENTATION('',(#3665),#2107);
#3667=PCURVE('',#818,#3666);
#3668=CARTESIAN_POINT('',(0.00000000000000000E0,0.00000000000000000E0));
#3669=CARTESIAN_POINT('',(1.00000000000000000E0,0.00000000000000000E0));
#3670=B_SPLINE_CURVE_WITH_KNOTS('',1,(#3668,#3669),.UNSPECIFIED.,.F.,.F.,(2,2),(0.00000000000000000E0,1.00000000000000000E0),.UNSPECIFIED.);
#3671=DEFINITIONAL_REPRESENTATION('',(#3670),#2107);
#3672=PCURVE('',#825,#3671);
#3673=CARTESIAN_POINT('',(1.00000000000000000E0,0.00000000000000000E0));
#3674=CARTESIAN_POINT('',(1.00000000000000000E0,1.00000000000000000E0));
#3675=B_SPLINE_CURVE_WITH_KNOTS('',1,(#3673,#3674),.UNSPECIFIED.,.F.,.F.,(2,2),(0.00000000000000000E0,1.00000000000000000E0),.UNSPECIFIED.);
#3676=DEFINITIONAL_REPRESENTATION('',(#3675),#2107);
#3677=PCURVE('',#825,#3676);
#3678=CARTESIAN_POINT('',(1.00000000000000000E0,1.00000000000000000E0));
#3679=CARTESIAN_POINT('',(0.00000000000000000E0,1.00000000000000000E0));
#3680=B_SPLINE_CURVE_WITH_KNOTS('',1,(#3678,#3679),.UNSPECIFIED.,.F.,.F.,(2,2),(0.00000000000000000E0,1.00000000000000000E0),.UNSPECIFIED.);
#3681=DEFINITIONAL_REPRESENTATION('',(#3680),#2107);
#3682=PCURVE('',#825,#3681);
#3683=CARTESIAN_POINT('',(0.00000000000000000E0,1.00000000000000000E0));
#3684=CARTESIAN_POINT('',(0.00000000000000000E0,0.00000000000000000E0));
#3685=B_SPLINE_CURVE_WITH_KNOTS('',1,(#3683,#3684),.UNSPECIFIED.,.F.,.F.,(2,2),(0.00000000000000000E0,1.00000000000000000E0),.UNSPECIFIED.);
#3686=DEFINITIONAL_REPRESENTATION('',(#3685),#2107);
#3687=PCURVE('',#825,#3686);
#3688=CARTESIAN_POINT('',(0.00000000000000000E0,0.00000000000000000E0));
#3689=CARTESIAN_POINT('',(1.00000000000000000E0,0.00000000000000000E0));
#3690=B_SPLINE_CURVE_WITH_KNOTS('',1,(#3688,#3689),.UNSPECIFIED.,.F.,.F.,(2,2),(0.00000000000000000E0,1.00000000000000000E0),.UNSPECIFIED.);
#3691=DEFINITIONAL_REPRESENTATION('',(#3690),#2107);
#3692=PCURVE('',#832,#3691);
#3693=CARTESIAN_POINT('',(1.00000000000000000E0,0.00000000000000000E0));
#3694=CARTESIAN_POINT('',(1.00000000000000000E0,1.00000000000000000E0));
#3695=B_SPLINE_CURVE_WITH_KNOTS('',1,(#3693,#3694),.UNSPECIFIED.,.F.,.F.,(2,2),(0.00000000000000000E0,1.00000000000000000E0),.UNSPECIFIED.);
#3696=DEFINITIONAL_REPRESENTATION('',(#3695),#2107);
#3697=PCURVE('',#832,#3696);
#3698=CARTESIAN_POINT('',(1.00000000000000000E0,1.00000000000000000E0));
#3699=CARTESIAN_POINT('',(0.00000000000000000E0,1.00000000000000000E0));
#3700=B_SPLINE_CURVE_WITH_KNOTS('',1,(#3698,#3699),.UNSPECIFIED.,.F.,.F.,(2,2),(0.00000000000000000E0,1.00000000000000000E0),.UNSPECIFIED.);
#3701=DEFINITIONAL_REPRESENTATION('',(#3700),#2107);
#3702=PCURVE('',#832,#3701);
#3703=CARTESIAN_POINT('',(0.00000000000000000E0,1.00000000000000000E0));
#3704=CARTESIAN_POINT('',(0.00000000000000000E0,0.00000000000000000E0));
#3705=B_SPLINE_CURVE_WITH_KNOTS('',1,(#3703,#3704),.UNSPECIFIED.,.F.,.F.,(2,2),(0.00000000000000000E0,1.00000000000000000E0),.UNSPECIFIED.);
#3706=DEFINITIONAL_REPRESENTATION('',(#3705),#2107);
#3707=PCURVE('',#832,#3706);
#3708=CARTESIAN_POINT('',(0.00000000000000000E0,0.00000000000000000E0));
#3709=CARTESIAN_POINT('',(1.00000000000000000E0,0.00000000000000000E0));
#3710=B_SPLINE_CURVE_WITH_KNOTS('',1,(#3708,#3709),.UNSPECIFIED.,.F.,.F.,(2,2),(0.00000000000000000E0,1.00000000000000000E0),.UNSPECIFIED.);
#3711=DEFINITIONAL_REPRESENTATION('',(#3710),#2107);
#3712=PCURVE('',#839,#3711);
#3713=CARTESIAN_POINT('',(1.00000000000000000E0,0.00000000000000000E0));
#3714=CARTESIAN_POINT('',(1.00000000000000000E0,1.00000000000000000E0));
#3715=B_SPLINE_CURVE_WITH_KNOTS('',1,(#3713,#3714),.UNSPECIFIED.,.F.,.F.,(2,2),(0.00000000000000000E0,1.00000000000000000E0),.UNSPECIFIED.);
#3716=DEFINITIONAL_REPRESENTATION('',(#3715),#2107);
#3717=PCURVE('',#839,#3716);
#3718=CARTESIAN_POINT('',(1.00000000000000000E0,1.00000000000000000E0));
#3719=CARTESIAN_POINT('',(0.00000000000000000E0,1.00000000000000000E0));
#3720=B_SPLINE_CURVE_WITH_KNOTS('',1,(#3718,#3719),.UNSPECIFIED.,.F.,.F.,(2,2),(0.00000000000000000E0,1.00000000000000000E0),.UNSPECIFIED.);
#3721=DEFINITIONAL_REPRESENTATION('',(#3720),#2107);
#3722=PCURVE('',#839,#3721);
#3723=CARTESIAN_POINT('',(0.00000000000000000E0,1.00000000000000000E0));
#3724=CARTESIAN_POINT('',(0.00000000000000000E0,0.00000000000000000E0));
#3725=B_SPLINE_CURVE_WITH_KNOTS('',1,(#3723,#3724),.UNSPECIFIED.,.F.,.F.,(2,2),(0.00000000000000000E0,1.00000000000000000E0),.UNSPECIFIED.);
#3726=DEFINITIONAL_REPRESENTATION('',(#3725),#2107);
#3727=PCURVE('',#839,#3726);
#3728=CARTESIAN_POINT('',(0.00000000000000000E0,0.00000000000000000E0));
#3729=CARTESIAN_POINT('',(1.00000000000000000E0,0.00000000000000000E0));
#3730=B_SPLINE_CURVE_WITH_KNOTS('',1,(#3728,#3729),.UNSPECIFIED.,.F.,.F.,(2,2),(0.00000000000000000E0,1.00000000000000000E0),.UNSPECIFIED.);
#3731=DEFINITIONAL_REPRESENTATION('',(#3730),#2107);
#3732=PCURVE('',#846,#3731);
#3733=CARTESIAN_POINT('',(1.00000000000000000E0,0.00000000000000000E0));
#3734=CARTESIAN_POINT('',(1.00000000000000000E0,1.00000000000000000E0));
#3735=B_SPLINE_CURVE_WITH_KNOTS('',1,(#3733,#3734),.UNSPECIFIED.,.F.,.F.,(2,2),(0.00000000000000000E0,1.00000000000000000E0),.UNSPECIFIED.);
#3736=DEFINITIONAL_REPRESENTATION('',(#3735),#2107);
#3737=PCURVE('',#846,#3736);
#3738=CARTESIAN_POINT('',(1.00000000000000000E0,1.00000000000000000E0));
#3739=CARTESIAN_POINT('',(0.00000000000000000E0,1.00000000000000000E0));
#3740=B_SPLINE_CURVE_WITH_KNOTS('',1,(#3738,#3739),.UNSPECIFIED.,.F.,.F.,(2,2),(0.00000000000000000E0,1.00000000000000000E0),.UNSPECIFIED.);
#3741=DEFINITIONAL_REPRESENTATION('',(#3740),#2107);
#3742=PCURVE('',#846,#3741);
#3743=CARTESIAN_POINT('',(0.00000000000000000E0,1.00000000000000000E0));
#3744=CARTESIAN_POINT('',(0.00000000000000000E0,0.00000000000000000E0));
#3745=B_SPLINE_CURVE_WITH_KNOTS('',1,(#3743,#3744),.UNSPECIFIED.,.F.,.F.,(2,2),(0.00000000000000000E0,1.00000000000000000E0),.UNSPECIFIED.);
#3746=DEFINITIONAL_REPRESENTATION('',(#3745),#2107);
#3747=PCURVE('',#846,#3746);
#3748=CARTESIAN_POINT('',(0.00000000000000000E0,0.00000000000000000E0));
#3749=CARTESIAN_POINT('',(1.00000000000000000E0,0.00000000000000000E0));
#3750=B_SPLINE_CURVE_WITH_KNOTS('',1,(#3748,#3749),.UNSPECIFIED.,.F.,.F.,(2,2),(0.00000000000000000E0,1.00000000000000000E0),.UNSPECIFIED.);
#3751=DEFINITIONAL_REPRESENTATION('',(#3750),#2107);
#3752=PCURVE('',#853,#3751);
#3753=CARTESIAN_POINT('',(1.00000000000000000E0,0.00000000000000000E0));
#3754=CARTESIAN_POINT('',(1.00000000000000000E0,1.00000000000000000E0));
#3755=B_SPLINE_CURVE_WITH_KNOTS('',1,(#3753,#3754),.UNSPECIFIED.,.F.,.F.,(2,2),(0.00000000000000000E0,1.00000000000000000E0),.UNSPECIFIED.);
#3756=DEFINITIONAL_REPRESENTATION('',(#3755),#2107);
#3757=PCURVE('',#853,#3756);
#3758=CARTESIAN_POINT('',(1.00000000000000000E0,1.00000000000000000E0));
#3759=CARTESIAN_POINT('',(0.00000000000000000E0,1.00000000000000000E0));
#3760=B_SPLINE_CURVE_WITH_KNOTS('',1,(#3758,#3759),.UNSPECIFIED.,.F.,.F.,(2,2),(0.00000000000000000E0,1.00000000000000000E0),.UNSPECIFIED.);
#3761=DEFINITIONAL_REPRESENTATION('',(#3760),#2107);
#3762=PCURVE('',#853,#3761);
#3763=CARTESIAN_POINT('',(0.00000000000000000E0,1.00000000000000000E0));
#3764=CARTESIAN_POINT('',(0.00000000000000000E0,0.00000000000000000E0));
#3765=B_SPLINE_CURVE_WITH_KNOTS('',1,(#3763,#3764),.UNSPECIFIED.,.F.,.F.,(2,2),(0.00000000000000000E0,1.00000000000000000E0),.UNSPECIFIED.);
#3766=DEFINITIONAL_REPRESENTATION('',(#3765),#2107);
#3767=PCURVE('',#853,#3766);
#3768=CARTESIAN_POINT('',(0.00000000000000000E0,0.00000000000000000E0));
#3769=CARTESIAN_POINT('',(1.00000000000000000E0,0.00000000000000000E0));
#3770=B_SPLINE_CURVE_WITH_KNOTS('',1,(#3768,#3769),.UNSPECIFIED.,.F.,.F.,(2,2),(0.00000000000000000E0,1.00000000000000000E0),.UNSPECIFIED.);
#3771=DEFINITIONAL_REPRESENTATION('',(#3770),#2107);
#3772=PCURVE('',#860,#3771);
#3773=CARTESIAN_POINT('',(1.00000000000000000E0,0.00000000000000000E0));
#3774=CARTESIAN_POINT('',(1.00000000000000000E0,1.00000000000000000E0));
#3775=B_SPLINE_CURVE_WITH_KNOTS('',1,(#3773,#3774),.UNSPECIFIED.,.F.,.F.,(2,2),(0.00000000000000000E0,1.00000000000000000E0),.UNSPECIFIED.);
#3776=DEFINITIONAL_REPRESENTATION('',(#3775),#2107);
#3777=PCURVE('',#860,#3776);
#3778=CARTESIAN_POINT('',(1.00000000000000000E0,1.00000000000000000E0));
#3779=CARTESIAN_POINT('',(0.00000000000000000E0,1.00000000000000000E0));
#3780=B_SPLINE_CURVE_WITH_KNOTS('',1,(#3778,#3779),.UNSPECIFIED.,.F.,.F.,(2,2),(0.00000000000000000E0,1.00000000000000000E0),.UNSPECIFIED.);
#3781=DEFINITIONAL_REPRESENTATION('',(#3780),#2107);
#3782=PCURVE('',#860,#3781);
#3783=CARTESIAN_POINT('',(0.00000000000000000E0,1.00000000000000000E0));
#3784=CARTESIAN_POINT('',(0.00000000000000000E0,0.00000000000000000E0));
#3785=B_SPLINE_CURVE_WITH_KNOTS('',1,(#3783,#3784),.UNSPECIFIED.,.F.,.F.,(2,2),(0.00000000000000000E0,1.00000000000000000E0),.UNSPECIFIED.);
#3786=DEFINITIONAL_REPRESENTATION('',(#3785),#2107);
#3787=PCURVE('',#860,#3786);
#3788=CARTESIAN_POINT('',(0.00000000000000000E0,0.00000000000000000E0));
#3789=CARTESIAN_POINT('',(1.00000000000000000E0,0.00000000000000000E0));
#3790=B_SPLINE_CURVE_WITH_KNOTS('',1,(#3788,#3789),.UNSPECIFIED.,.F.,.F.,(2,2),(0.00000000000000000E0,1.00000000000000000E0),.UNSPECIFIED.);
#3791=DEFINITIONAL_REPRESENTATION('',(#3790),#2107);
#3792=PCURVE('',#867,#3791);
#3793=CARTESIAN_POINT('',(1.00000000000000000E0,0.00000000000000000E0));
#3794=CARTESIAN_POINT('',(1.00000000000000000E0,1.00000000000000000E0));
#3795=B_SPLINE_CURVE_WITH_KNOTS('',1,(#3793,#3794),.UNSPECIFIED.,.F.,.F.,(2,2),(0.00000000000000000E0,1.00000000000000000E0),.UNSPECIFIED.);
#3796=DEFINITIONAL_REPRESENTATION('',(#3795),#2107);
#3797=PCURVE('',#867,#3796);
#3798=CARTESIAN_POINT('',(1.00000000000000000E0,1.00000000000000000E0));
#3799=CARTESIAN_POINT('',(0.00000000000000000E0,1.00000000000000000E0));
#3800=B_SPLINE_CURVE_WITH_KNOTS('',1,(#3798,#3799),.UNSPECIFIED.,.F.,.F.,(2,2),(0.00000000000000000E0,1.00000000000000000E0),.UNSPECIFIED.);
#3801=DEFINITIONAL_REPRESENTATION('',(#3800),#2107);
#3802=PCURVE('',#867,#3801);
#3803=CARTESIAN_POINT('',(0.00000000000000000E0,1.00000000000000000E0));
#3804=CARTESIAN_POINT('',(0.00000000000000000E0,0.00000000000000000E0));
#3805=B_SPLINE_CURVE_WITH_KNOTS('',1,(#3803,#3804),.UNSPECIFIED.,.F.,.F.,(2,2),(0.00000000000000000E0,1.00000000000000000E0),.UNSPECIFIED.);
#3806=DEFINITIONAL_REPRESENTATION('',(#3805),#2107);
#3807=PCURVE('',#867,#3806);
#3808=CARTESIAN_POINT('',(0.00000000000000000E0,0.00000000000000000E0));
#3809=CARTESIAN_POINT('',(1.00000000000000000E0,0.00000000000000000E0));
#3810=B_SPLINE_CURVE_WITH_KNOTS('',1,(#3808,#3809),.UNSPECIFIED.,.F.,.F.,(2,2),(0.00000000000000000E0,1.00000000000000000E0),.UNSPECIFIED.);
#3811=DEFINITIONAL_REPRESENTATION('',(#3810),#2107);
#3812=PCURVE('',#874,#3811);
#3813=CARTESIAN_POINT('',(1.00000000000000000E0,0.00000000000000000E0));
#3814=CARTESIAN_POINT('',(1.00000000000000000E0,1.00000000000000000E0));
#3815=B_SPLINE_CURVE_WITH_KNOTS('',1,(#3813,#3814),.UNSPECIFIED.,.F.,.F.,(2,2),(0.00000000000000000E0,1.00000000000000000E0),.UNSPECIFIED.);
#3816=DEFINITIONAL_REPRESENTATION('',(#3815),#2107);
#3817=PCURVE('',#874,#3816);
#3818=CARTESIAN_POINT('',(1.00000000000000000E0,1.00000000000000000E0));
#3819=CARTESIAN_POINT('',(0.00000000000000000E0,1.00000000000000000E0));
#3820=B_SPLINE_CURVE_WITH_KNOTS('',1,(#3818,#3819),.UNSPECIFIED.,.F.,.F.,(2,2),(0.00000000000000000E0,1.00000000000000000E0),.UNSPECIFIED.);
#3821=DEFINITIONAL_REPRESENTATION('',(#3820),#2107);
#3822=PCURVE('',#874,#3821);
#3823=CARTESIAN_POINT('',(0.00000000000000000E0,1.00000000000000000E0));
#3824=CARTESIAN_POINT('',(0.00000000000000000E0,0.00000000000000000E0));
#3825=B_SPLINE_CURVE_WITH_KNOTS('',1,(#3823,#3824),.UNSPECIFIED.,.F.,.F.,(2,2),(0.00000000000000000E0,1.00000000000000000E0),.UNSPECIFIED.);
#3826=DEFINITIONAL_REPRESENTATION('',(#3825),#2107);
#3827=PCURVE('',#874,#3826);
#3828=CARTESIAN_POINT('',(0.00000000000000000E0,0.00000000000000000E0));
#3829=CARTESIAN_POINT('',(1.00000000000000000E0,0.00000000000000000E0));
#3830=B_SPLINE_CURVE_WITH_KNOTS('',1,(#3828,#3829),.UNSPECIFIED.,.F.,.F.,(2,2),(0.00000000000000000E0,1.00000000000000000E0),.UNSPECIFIED.);
#3831=DEFINITIONAL_REPRESENTATION('',(#3830),#2107);
#3832=PCURVE('',#881,#3831);
#3833=CARTESIAN_POINT('',(1.00000000000000000E0,0.00000000000000000E0));
#3834=CARTESIAN_POINT('',(1.00000000000000000E0,1.00000000000000000E0));
#3835=B_SPLINE_CURVE_WITH_KNOTS('',1,(#3833,#3834),.UNSPECIFIED.,.F.,.F.,(2,2),(0.00000000000000000E0,1.00000000000000000E0),.UNSPECIFIED.);
#3836=DEFINITIONAL_REPRESENTATION('',(#3835),#2107);
#3837=PCURVE('',#881,#3836);
#3838=CARTESIAN_POINT('',(1.00000000000000000E0,1.00000000000000000E0));
#3839=CARTESIAN_POINT('',(0.00000000000000000E0,1.00000000000000000E0));
#3840=B_SPLINE_CURVE_WITH_KNOTS('',1,(#3838,#3839),.UNSPECIFIED.,.F.,.F.,(2,2),(0.00000000000000000E0,1.00000000000000000E0),.UNSPECIFIED.);
#3841=DEFINITIONAL_REPRESENTATION('',(#3840),#2107);
#3842=PCURVE('',#881,#3841);
#3843=CARTESIAN_POINT('',(0.00000000000000000E0,1.00000000000000000E0));
#3844=CARTESIAN_POINT('',(0.00000000000000000E0,0.00000000000000000E0));
#3845=B_SPLINE_CURVE_WITH_KNOTS('',1,(#3843,#3844),.UNSPECIFIED.,.F.,.F.,(2,2),(0.00000000000000000E0,1.00000000000000000E0),.UNSPECIFIED.);
#3846=DEFINITIONAL_REPRESENTATION('',(#3845),#2107);
#3847=PCURVE('',#881,#3846);
#3848=CARTESIAN_POINT('',(0.00000000000000000E0,0.00000000000000000E0));
#3849=CARTESIAN_POINT('',(1.00000000000000000E0,0.00000000000000000E0));
#3850=B_SPLINE_CURVE_WITH_KNOTS('',1,(#3848,#3849),.UNSPECIFIED.,.F.,.F.,(2,2),(0.00000000000000000E0,1.00000000000000000E0),.UNSPECIFIED.);
#3851=DEFINITIONAL_REPRESENTATION('',(#3850),#2107);
#3852=PCURVE('',#888,#3851);
#3853=CARTESIAN_POINT('',(1.00000000000000000E0,0.00000000000000000E0));
#3854=CARTESIAN_POINT('',(1.00000000000000000E0,1.00000000000000000E0));
#3855=B_SPLINE_CURVE_WITH_KNOTS('',1,(#3853,#3854),.UNSPECIFIED.,.F.,.F.,(2,2),(0.00000000000000000E0,1.00000000000000000E0),.UNSPECIFIED.);
#3856=DEFINITIONAL_REPRESENTATION('',(#3855),#2107);
#3857=PCURVE('',#888,#3856);
#3858=CARTESIAN_POINT('',(1.00000000000000000E0,1.00000000000000000E0));
#3859=CARTESIAN_POINT('',(0.00000000000000000E0,1.00000000000000000E0));
#3860=B_SPLINE_CURVE_WITH_KNOTS('',1,(#3858,#3859),.UNSPECIFIED.,.F.,.F.,(2,2),(0.00000000000000000E0,1.00000000000000000E0),.UNSPECIFIED.);
#3861=DEFINITIONAL_REPRESENTATION('',(#3860),#2107);
#3862=PCURVE('',#888,#3861);
#3863=CARTESIAN_POINT('',(0.00000000000000000E0,1.00000000000000000E0));
#3864=CARTESIAN_POINT('',(0.00000000000000000E0,0.00000000000000000E0));
#3865=B_SPLINE_CURVE_WITH_KNOTS('',1,(#3863,#3864),.UNSPECIFIED.,.F.,.F.,(2,2),(0.00000000000000000E0,1.00000000000000000E0),.UNSPECIFIED.);
#3866=DEFINITIONAL_REPRESENTATION('',(#3865),#2107);
#3867=PCURVE('',#888,#3866);
#3868=CARTESIAN_POINT('',(0.00000000000000000E0,0.00000000000000000E0));
#3869=CARTESIAN_POINT('',(1.00000000000000000E0,0.00000000000000000E0));
#3870=B_SPLINE_CURVE_WITH_KNOTS('',1,(#3868,#3869),.UNSPECIFIED.,.F.,.F.,(2,2),(0.00000000000000000E0,1.00000000000000000E0),.UNSPECIFIED.);
#3871=DEFINITIONAL_REPRESENTATION('',(#3870),#2107);
#3872=PCURVE('',#895,#3871);
#3873=CARTESIAN_POINT('',(1.00000000000000000E0,0.00000000000000000E0));
#3874=CARTESIAN_POINT('',(1.00000000000000000E0,1.00000000000000000E0));
#3875=B_SPLINE_CURVE_WITH_KNOTS('',1,(#3873,#3874),.UNSPECIFIED.,.F.,.F.,(2,2),(0.00000000000000000E0,1.00000000000000000E0),.UNSPECIFIED.);
#3876=DEFINITIONAL_REPRESENTATION('',(#3875),#2107);
#3877=PCURVE('',#895,#3876);
#3878=CARTESIAN_POINT('',(1.00000000000000000E0,1.00000000000000000E0));
#3879=CARTESIAN_POINT('',(0.00000000000000000E0,1.00000000000000000E0));
#3880=B_SPLINE_CURVE_WITH_KNOTS('',1,(#3878,#3879),.UNSPECIFIED.,.F.,.F.,(2,2),(0.00000000000000000E0,1.00000000000000000E0),.UNSPECIFIED.);
#3881=DEFINITIONAL_REPRESENTATION('',(#3880),#2107);
#3882=PCURVE('',#895,#3881);
#3883=CARTESIAN_POINT('',(0.00000000000000000E0,1.00000000000000000E0));
#3884=CARTESIAN_POINT('',(0.00000000000000000E0,0.00000000000000000E0));
#3885=B_SPLINE_CURVE_WITH_KNOTS('',1,(#3883,#3884),.UNSPECIFIED.,.F.,.F.,(2,2),(0.00000000000000000E0,1.00000000000000000E0),.UNSPECIFIED.);
#3886=DEFINITIONAL_REPRESENTATION('',(#3885),#2107);
#3887=PCURVE('',#895,#3886);
#3888=CARTESIAN_POINT('',(0.00000000000000000E0,0.00000000000000000E0));
#3889=CARTESIAN_POINT('',(1.00000000000000000E0,0.00000000000000000E0));
#3890=B_SPLINE_CURVE_WITH_KNOTS('',1,(#3888,#3889),.UNSPECIFIED.,.F.,.F.,(2,2),(0.00000000000000000E0,1.00000000000000000E0),.UNSPECIFIED.);
#3891=DEFINITIONAL_REPRESENTATION('',(#3890),#2107);
#3892=PCURVE('',#902,#3891);
#3893=CARTESIAN_POINT('',(1.00000000000000000E0,0.00000000000000000E0));
#3894=CARTESIAN_POINT('',(1.00000000000000000E0,1.00000000000000000E0));
#3895=B_SPLINE_CURVE_WITH_KNOTS('',1,(#3893,#3894),.UNSPECIFIED.,.F.,.F.,(2,2),(0.00000000000000000E0,1.00000000000000000E0),.UNSPECIFIED.);
#3896=DEFINITIONAL_REPRESENTATION('',(#3895),#2107);
#3897=PCURVE('',#902,#3896);
#3898=CARTESIAN_POINT('',(1.00000000000000000E0,1.00000000000000000E0));
#3899=CARTESIAN_POINT('',(0.00000000000000000E0,1.00000000000000000E0));
#3900=B_SPLINE_CURVE_WITH_KNOTS('',1,(#3898,#3899),.UNSPECIFIED.,.F.,.F.,(2,2),(0.00000000000000000E0,1.00000000000000000E0),.UNSPECIFIED.);
#3901=DEFINITIONAL_REPRESENTATION('',(#3900),#2107);
#3902=PCURVE('',#902,#3901);
#3903=CARTESIAN_POINT('',(0.00000000000000000E0,1.00000000000000000E0));
#3904=CARTESIAN_POINT('',(0.00000000000000000E0,0.00000000000000000E0));
#3905=B_SPLINE_CURVE_WITH_KNOTS('',1,(#3903,#3904),.UNSPECIFIED.,.F.,.F.,(2,2),(0.00000000000000000E0,1.00000000000000000E0),.UNSPECIFIED.);
#3906=DEFINITIONAL_REPRESENTATION('',(#3905),#2107);
#3907=PCURVE('',#902,#3906);
#3908=CARTESIAN_POINT('',(0.00000000000000000E0,0.00000000000000000E0));
#3909=CARTESIAN_POINT('',(1.00000000000000000E0,0.00000000000000000E0));
#3910=B_SPLINE_CURVE_WITH_KNOTS('',1,(#3908,#3909),.UNSPECIFIED.,.F.,.F.,(2,2),(0.00000000000000000E0,1.00000000000000000E0),.UNSPECIFIED.);
#3911=DEFINITIONAL_REPRESENTATION('',(#3910),#2107);
#3912=PCURVE('',#909,#3911);
#3913=CARTESIAN_POINT('',(1.00000000000000000E0,0.00000000000000000E0));
#3914=CARTESIAN_POINT('',(1.00000000000000000E0,1.00000000000000000E0));
#3915=B_SPLINE_CURVE_WITH_KNOTS('',1,(#3913,#3914),.UNSPECIFIED.,.F.,.F.,(2,2),(0.00000000000000000E0,1.00000000000000000E0),.UNSPECIFIED.);
#3916=DEFINITIONAL_REPRESENTATION('',(#3915),#2107);
#3917=PCURVE('',#909,#3916);
#3918=CARTESIAN_POINT('',(1.00000000000000000E0,1.00000000000000000E0));
#3919=CARTESIAN_POINT('',(0.00000000000000000E0,1.00000000000000000E0));
#3920=B_SPLINE_CURVE_WITH_KNOTS('',1,(#3918,#3919),.UNSPECIFIED.,.F.,.F.,(2,2),(0.00000000000000000E0,1.00000000000000000E0),.UNSPECIFIED.);
#3921=DEFINITIONAL_REPRESENTATION('',(#3920),#2107);
#3922=PCURVE('',#909,#3921);
#3923=CARTESIAN_POINT('',(0.00000000000000000E0,1.00000000000000000E0));
#3924=CARTESIAN_POINT('',(0.00000000000000000E0,0.00000000000000000E0));
#3925=B_SPLINE_CURVE_WITH_KNOTS('',1,(#3923,#3924),.UNSPECIFIED.,.F.,.F.,(2,2),(0.00000000000000000E0,1.00000000000000000E0),.UNSPECIFIED.);
#3926=DEFINITIONAL_REPRESENTATION('',(#3925),#2107);
#3927=PCURVE('',#909,#3926);
#3928=CARTESIAN_POINT('',(0.00000000000000000E0,0.00000000000000000E0));
#3929=CARTESIAN_POINT('',(1.00000000000000000E0,0.00000000000000000E0));
#3930=B_SPLINE_CURVE_WITH_KNOTS('',1,(#3928,#3929),.UNSPECIFIED.,.F.,.F.,(2,2),(0.00000000000000000E0,1.00000000000000000E0),.UNSPECIFIED.);
#3931=DEFINITIONAL_REPRESENTATION('',(#3930),#2107);
#3932=PCURVE('',#916,#3931);
#3933=CARTESIAN_POINT('',(1.00000000000000000E0,0.00000000000000000E0));
#3934=CARTESIAN_POINT('',(1.00000000000000000E0,1.00000000000000000E0));
#3935=B_SPLINE_CURVE_WITH_KNOTS('',1,(#3933,#3934),.UNSPECIFIED.,.F.,.F.,(2,2),(0.00000000000000000E0,1.00000000000000000E0),.UNSPECIFIED.);
#3936=DEFINITIONAL_REPRESENTATION('',(#3935),#2107);
#3937=PCURVE('',#916,#3936);
#3938=CARTESIAN_POINT('',(1.00000000000000000E0,1.00000000000000000E0));
#3939=CARTESIAN_POINT('',(0.00000000000000000E0,1.00000000000000000E0));
#3940=B_SPLINE_CURVE_WITH_KNOTS('',1,(#3938,#3939),.UNSPECIFIED.,.F.,.F.,(2,2),(0.00000000000000000E0,1.00000000000000000E0),.UNSPECIFIED.);
#3941=DEFINITIONAL_REPRESENTATION('',(#3940),#2107);
#3942=PCURVE('',#916,#3941);
#3943=CARTESIAN_POINT('',(0.00000000000000000E0,1.00000000000000000E0));
#3944=CARTESIAN_POINT('',(0.00000000000000000E0,0.00000000000000000E0));
#3945=B_SPLINE_CURVE_WITH_KNOTS('',1,(#3943,#3944),.UNSPECIFIED.,.F.,.F.,(2,2),(0.00000000000000000E0,1.00000000000000000E0),.UNSPECIFIED.);
#3946=DEFINITIONAL_REPRESENTATION('',(#3945),#2107);
#3947=PCURVE('',#916,#3946);
#3948=CARTESIAN_POINT('',(0.00000000000000000E0,0.00000000000000000E0));
#3949=CARTESIAN_POINT('',(1.00000000000000000E0,0.00000000000000000E0));
#3950=B_SPLINE_CURVE_WITH_KNOTS('',1,(#3948,#3949),.UNSPECIFIED.,.F.,.F.,(2,2),(0.00000000000000000E0,1.00000000000000000E0),.UNSPECIFIED.);
#3951=DEFINITIONAL_REPRESENTATION('',(#3950),#2107);
#3952=PCURVE('',#923,#3951);
#3953=CARTESIAN_POINT('',(1.00000000000000000E0,0.00000000000000000E0));
#3954=CARTESIAN_POINT('',(1.00000000000000000E0,1.00000000000000000E0));
#3955=B_SPLINE_CURVE_WITH_KNOTS('',1,(#3953,#3954),.UNSPECIFIED.,.F.,.F.,(2,2),(0.00000000000000000E0,1.00000000000000000E0),.UNSPECIFIED.);
#3956=DEFINITIONAL_REPRESENTATION('',(#3955),#2107);
#3957=PCURVE('',#923,#3956);
#3958=CARTESIAN_POINT('',(1.00000000000000000E0,1.00000000000000000E0));
#3959=CARTESIAN_POINT('',(0.00000000000000000E0,1.00000000000000000E0));
#3960=B_SPLINE_CURVE_WITH_KNOTS('',1,(#3958,#3959),.UNSPECIFIED.,.F.,.F.,(2,2),(0.00000000000000000E0,1.00000000000000000E0),.UNSPECIFIED.);
#3961=DEFINITIONAL_REPRESENTATION('',(#3960),#2107);
#3962=PCURVE('',#923,#3961);
#3963=CARTESIAN_POINT('',(0.00000000000000000E0,1.00000000000000000E0));
#3964=CARTESIAN_POINT('',(0.00000000000000000E0,0.00000000000000000E0));
#3965=B_SPLINE_CURVE_WITH_KNOTS('',1,(#3963,#3964),.UNSPECIFIED.,.F.,.F.,(2,2),(0.00000000000000000E0,1.00000000000000000E0),.UNSPECIFIED.);
#3966=DEFINITIONAL_REPRESENTATION('',(#3965),#2107);
#3967=PCURVE('',#923,#3966);
#3968=CARTESIAN_POINT('',(0.00000000000000000E0,0.00000000000000000E0));
#3969=CARTESIAN_POINT('',(1.00000000000000000E0,0.00000000000000000E0));
#3970=B_SPLINE_CURVE_WITH_KNOTS('',1,(#3968,#3969),.UNSPECIFIED.,.F.,.F.,(2,2),(0.00000000000000000E0,1.00000000000000000E0),.UNSPECIFIED.);
#3971=DEFINITIONAL_REPRESENTATION('',(#3970),#2107);
#3972=PCURVE('',#930,#3971);
#3973=CARTESIAN_POINT('',(1.00000000000000000E0,0.00000000000000000E0));
#3974=CARTESIAN_POINT('',(1.00000000000000000E0,1.00000000000000000E0));
#3975=B_SPLINE_CURVE_WITH_KNOTS('',1,(#3973,#3974),.UNSPECIFIED.,.F.,.F.,(2,2),(0.00000000000000000E0,1.00000000000000000E0),.UNSPECIFIED.);
#3976=DEFINITIONAL_REPRESENTATION('',(#3975),#2107);
#3977=PCURVE('',#930,#3976);
#3978=CARTESIAN_POINT('',(1.00000000000000000E0,1.00000000000000000E0));
#3979=CARTESIAN_POINT('',(0.00000000000000000E0,1.00000000000000000E0));
#3980=B_SPLINE_CURVE_WITH_KNOTS('',1,(#3978,#3979),.UNSPECIFIED.,.F.,.F.,(2,2),(0.00000000000000000E0,1.00000000000000000E0),.UNSPECIFIED.);
#3981=DEFINITIONAL_REPRESENTATION('',(#3980),#2107);
#3982=PCURVE('',#930,#3981);
#3983=CARTESIAN_POINT('',(0.00000000000000000E0,1.00000000000000000E0));
#3984=CARTESIAN_POINT('',(0.00000000000000000E0,0.00000000000000000E0));
#3985=B_SPLINE_CURVE_WITH_KNOTS('',1,(#3983,#3984),.UNSPECIFIED.,.F.,.F.,(2,2),(0.00000000000000000E0,1.00000000000000000E0),.UNSPECIFIED.);
#3986=DEFINITIONAL_REPRESENTATION('',(#3985),#2107);
#3987=PCURVE('',#930,#3986);
#3988=CARTESIAN_POINT('',(0.00000000000000000E0,0.00000000000000000E0));
#3989=CARTESIAN_POINT('',(1.00000000000000000E0,0.00000000000000000E0));
#3990=B_SPLINE_CURVE_WITH_KNOTS('',1,(#3988,#3989),.UNSPECIFIED.,.F.,.F.,(2,2),(0.00000000000000000E0,1.00000000000000000E0),.UNSPECIFIED.);
#3991=DEFINITIONAL_REPRESENTATION('',(#3990),#2107);
#3992=PCURVE('',#937,#3991);
#3993=CARTESIAN_POINT('',(1.00000000000000000E0,0.00000000000000000E0));
#3994=CARTESIAN_POINT('',(1.00000000000000000E0,1.00000000000000000E0));
#3995=B_SPLINE_CURVE_WITH_KNOTS('',1,(#3993,#3994),.UNSPECIFIED.,.F.,.F.,(2,2),(0.00000000000000000E0,1.00000000000000000E0),.UNSPECIFIED.);
#3996=DEFINITIONAL_REPRESENTATION('',(#3995),#2107);
#3997=PCURVE('',#937,#3996);
#3998=CARTESIAN_POINT('',(1.00000000000000000E0,1.00000000000000000E0));
#3999=CARTESIAN_POINT('',(0.00000000000000000E0,1.00000000000000000E0));
#4000=B_SPLINE_CURVE_WITH_KNOTS('',1,(#3998,#3999),.UNSPECIFIED.,.F.,.F.,(2,2),(0.00000000000000000E0,1.00000000000000000E0),.UNSPECIFIED.);
#4001=DEFINITIONAL_REPRESENTATION('',(#4000),#2107);
#4002=PCURVE('',#937,#4001);
#4003=CARTESIAN_POINT('',(0.00000000000000000E0,1.00000000000000000E0));
#4004=CARTESIAN_POINT('',(0.00000000000000000E0,0.00000000000000000E0));
#4005=B_SPLINE_CURVE_WITH_KNOTS('',1,(#4003,#4004),.UNSPECIFIED.,.F.,.F.,(2,2),(0.00000000000000000E0,1.00000000000000000E0),.UNSPECIFIED.);
#4006=DEFINITIONAL_REPRESENTATION('',(#4005),#2107);
#4007=PCURVE('',#937,#4006);
#4008=CARTESIAN_POINT('',(0.00000000000000000E0,0.00000000000000000E0));
#4009=CARTESIAN_POINT('',(1.00000000000000000E0,0.00000000000000000E0));
#4010=B_SPLINE_CURVE_WITH_KNOTS('',1,(#4008,#4009),.UNSPECIFIED.,.F.,.F.,(2,2),(0.00000000000000000E0,1.00000000000000000E0),.UNSPECIFIED.);
#4011=DEFINITIONAL_REPRESENTATION('',(#4010),#2107);
#4012=PCURVE('',#944,#4011);
#4013=CARTESIAN_POINT('',(1.00000000000000000E0,0.00000000000000000E0));
#4014=CARTESIAN_POINT('',(1.00000000000000000E0,1.00000000000000000E0));
#4015=B_SPLINE_CURVE_WITH_KNOTS('',1,(#4013,#4014),.UNSPECIFIED.,.F.,.F.,(2,2),(0.00000000000000000E0,1.00000000000000000E0),.UNSPECIFIED.);
#4016=DEFINITIONAL_REPRESENTATION('',(#4015),#2107);
#4017=PCURVE('',#944,#4016);
#4018=CARTESIAN_POINT('',(1.00000000000000000E0,1.00000000000000000E0));
#4019=CARTESIAN_POINT('',(0.00000000000000000E0,1.00000000000000000E0));
#4020=B_SPLINE_CURVE_WITH_KNOTS('',1,(#4018,#4019),.UNSPECIFIED.,.F.,.F.,(2,2),(0.00000000000000000E0,1.00000000000000000E0),.UNSPECIFIED.);
#4021=DEFINITIONAL_REPRESENTATION('',(#4020),#2107);
#4022=PCURVE('',#944,#4021);
#4023=CARTESIAN_POINT('',(0.00000000000000000E0,1.00000000000000000E0));
#4024=CARTESIAN_POINT('',(0.00000000000000000E0,0.00000000000000000E0));
#4025=B_SPLINE_CURVE_WITH_KNOTS('',1,(#4023,#4024),.UNSPECIFIED.,.F.,.F.,(2,2),(0.00000000000000000E0,1.00000000000000000E0),.UNSPECIFIED.);
#4026=DEFINITIONAL_REPRESENTATION('',(#4025),#2107);
#4027=PCURVE('',#944,#4026);
#4028=CARTESIAN_POINT('',(0.00000000000000000E0,0.00000000000000000E0));
#4029=CARTESIAN_POINT('',(1.00000000000000000E0,0.00000000000000000E0));
#4030=B_SPLINE_CURVE_WITH_KNOTS('',1,(#4028,#4029),.UNSPECIFIED.,.F.,.F.,(2,2),(0.00000000000000000E0,1.00000000000000000E0),.UNSPECIFIED.);
#4031=DEFINITIONAL_REPRESENTATION('',(#4030),#2107);
#4032=PCURVE('',#951,#4031);
#4033=CARTESIAN_POINT('',(1.00000000000000000E0,0.00000000000000000E0));
#4034=CARTESIAN_POINT('',(1.00000000000000000E0,1.00000000000000000E0));
#4035=B_SPLINE_CURVE_WITH_KNOTS('',1,(#4033,#4034),.UNSPECIFIED.,.F.,.F.,(2,2),(0.00000000000000000E0,1.00000000000000000E0),.UNSPECIFIED.);
#4036=DEFINITIONAL_REPRESENTATION('',(#4035),#2107);
#4037=PCURVE('',#951,#4036);
#4038=CARTESIAN_POINT('',(1.00000000000000000E0,1.00000000000000000E0));
#4039=CARTESIAN_POINT('',(0.00000000000000000E0,1.00000000000000000E0));
#4040=B_SPLINE_CURVE_WITH_KNOTS('',1,(#4038,#4039),.UNSPECIFIED.,.F.,.F.,(2,2),(0.00000000000000000E0,1.00000000000000000E0),.UNSPECIFIED.);
#4041=DEFINITIONAL_REPRESENTATION('',(#4040),#2107);
#4042=PCURVE('',#951,#4041);
#4043=CARTESIAN_POINT('',(0.00000000000000000E0,1.00000000000000000E0));
#4044=CARTESIAN_POINT('',(0.00000000000000000E0,0.00000000000000000E0));
#4045=B_SPLINE_CURVE_WITH_KNOTS('',1,(#4043,#4044),.UNSPECIFIED.,.F.,.F.,(2,2),(0.00000000000000000E0,1.00000000000000000E0),.UNSPECIFIED.);
#4046=DEFINITIONAL_REPRESENTATION('',(#4045),#2107);
#4047=PCURVE('',#951,#4046);
#4048=CARTESIAN_POINT('',(0.00000000000000000E0,0.00000000000000000E0));
#4049=CARTESIAN_POINT('',(1.00000000000000000E0,0.00000000000000000E0));
#4050=B_SPLINE_CURVE_WITH_KNOTS('',1,(#4048,#4049),.UNSPECIFIED.,.F.,.F.,(2,2),(0.00000000000000000E0,1.00000000000000000E0),.UNSPECIFIED.);
#4051=DEFINITIONAL_REPRESENTATION('',(#4050),#2107);
#4052=PCURVE('',#958,#4051);
#4053=CARTESIAN_POINT('',(1.00000000000000000E0,0.00000000000000000E0));
#4054=CARTESIAN_POINT('',(1.00000000000000000E0,1.00000000000000000E0));
#4055=B_SPLINE_CURVE_WITH_KNOTS('',1,(#4053,#4054),.UNSPECIFIED.,.F.,.F.,(2,2),(0.00000000000000000E0,1.00000000000000000E0),.UNSPECIFIED.);
#4056=DEFINITIONAL_REPRESENTATION('',(#4055),#2107);
#4057=PCURVE('',#958,#4056);
#4058=CARTESIAN_POINT('',(1.00000000000000000E0,1.00000000000000000E0));
#4059=CARTESIAN_POINT('',(0.00000000000000000E0,1.00000000000000000E0));
#4060=B_SPLINE_CURVE_WITH_KNOTS('',1,(#4058,#4059),.UNSPECIFIED.,.F.,.F.,(2,2),(0.00000000000000000E0,1.00000000000000000E0),.UNSPECIFIED.);
#4061=DEFINITIONAL_REPRESENTATION('',(#4060),#2107);
#4062=PCURVE('',#958,#4061);
#4063=CARTESIAN_POINT('',(0.00000000000000000E0,1.00000000000000000E0));
#4064=CARTESIAN_POINT('',(0.00000000000000000E0,0.00000000000000000E0));
#4065=B_SPLINE_CURVE_WITH_KNOTS('',1,(#4063,#4064),.UNSPECIFIED.,.F.,.F.,(2,2),(0.00000000000000000E0,1.00000000000000000E0),.UNSPECIFIED.);
#4066=DEFINITIONAL_REPRESENTATION('',(#4065),#2107);
#4067=PCURVE('',#958,#4066);
#4068=CARTESIAN_POINT('',(0.00000000000000000E0,0.00000000000000000E0));
#4069=CARTESIAN_POINT('',(1.00000000000000000E0,0.00000000000000000E0));
#4070=B_SPLINE_CURVE_WITH_KNOTS('',1,(#4068,#4069),.UNSPECIFIED.,.F.,.F.,(2,2),(0.00000000000000000E0,1.00000000000000000E0),.UNSPECIFIED.);
#4071=DEFINITIONAL_REPRESENTATION('',(#4070),#2107);
#4072=PCURVE('',#965,#4071);
#4073=CARTESIAN_POINT('',(1.00000000000000000E0,0.00000000000000000E0));
#4074=CARTESIAN_POINT('',(1.00000000000000000E0,1.00000000000000000E0));
#4075=B_SPLINE_CURVE_WITH_KNOTS('',1,(#4073,#4074),.UNSPECIFIED.,.F.,.F.,(2,2),(0.00000000000000000E0,1.00000000000000000E0),.UNSPECIFIED.);
#4076=DEFINITIONAL_REPRESENTATION('',(#4075),#2107);
#4077=PCURVE('',#965,#4076);
#4078=CARTESIAN_POINT('',(1.00000000000000000E0,1.00000000000000000E0));
#4079=CARTESIAN_POINT('',(0.00000000000000000E0,1.00000000000000000E0));
#4080=B_SPLINE_CURVE_WITH_KNOTS('',1,(#4078,#4079),.UNSPECIFIED.,.F.,.F.,(2,2),(0.00000000000000000E0,1.00000000000000000E0),.UNSPECIFIED.);
#4081=DEFINITIONAL_REPRESENTATION('',(#4080),#2107);
#4082=PCURVE('',#965,#4081);
#4083=CARTESIAN_POINT('',(0.00000000000000000E0,1.00000000000000000E0));
#4084=CARTESIAN_POINT('',(0.00000000000000000E0,0.00000000000000000E0));
#4085=B_SPLINE_CURVE_WITH_KNOTS('',1,(#4083,#4084),.UNSPECIFIED.,.F.,.F.,(2,2),(0.00000000000000000E0,1.00000000000000000E0),.UNSPECIFIED.);
#4086=DEFINITIONAL_REPRESENTATION('',(#4085),#2107);
#4087=PCURVE('',#965,#4086);
#4088=CARTESIAN_POINT('',(0.00000000000000000E0,0.00000000000000000E0));
#4089=CARTESIAN_POINT('',(1.00000000000000000E0,0.00000000000000000E0));
#4090=B_SPLINE_CURVE_WITH_KNOTS('',1,(#4088,#4089),.UNSPECIFIED.,.F.,.F.,(2,2),(0.00000000000000000E0,1.00000000000000000E0),.UNSPECIFIED.);
#4091=DEFINITIONAL_REPRESENTATION('',(#4090),#2107);
#4092=PCURVE('',#972,#4091);
#4093=CARTESIAN_POINT('',(1.00000000000000000E0,0.00000000000000000E0));
#4094=CARTESIAN_POINT('',(1.00000000000000000E0,1.00000000000000000E0));
#4095=B_SPLINE_CURVE_WITH_KNOTS('',1,(#4093,#4094),.UNSPECIFIED.,.F.,.F.,(2,2),(0.00000000000000000E0,1.00000000000000000E0),.UNSPECIFIED.);
#4096=DEFINITIONAL_REPRESENTATION('',(#4095),#2107);
#4097=PCURVE('',#972,#4096);
#4098=CARTESIAN_POINT('',(1.00000000000000000E0,1.00000000000000000E0));
#4099=CARTESIAN_POINT('',(0.00000000000000000E0,1.00000000000000000E0));
#4100=B_SPLINE_CURVE_WITH_KNOTS('',1,(#4098,#4099),.UNSPECIFIED.,.F.,.F.,(2,2),(0.00000000000000000E0,1.00000000000000000E0),.UNSPECIFIED.);
#4101=DEFINITIONAL_REPRESENTATION('',(#4100),#2107);
#4102=PCURVE('',#972,#4101);
#4103=CARTESIAN_POINT('',(0.00000000000000000E0,1.00000000000000000E0));
#4104=CARTESIAN_POINT('',(0.00000000000000000E0,0.00000000000000000E0));
#4105=B_SPLINE_CURVE_WITH_KNOTS('',1,(#4103,#4104),.UNSPECIFIED.,.F.,.F.,(2,2),(0.00000000000000000E0,1.00000000000000000E0),.UNSPECIFIED.);
#4106=DEFINITIONAL_REPRESENTATION('',(#4105),#2107);
#4107=PCURVE('',#972,#4106);
#4108=CARTESIAN_POINT('',(0.00000000000000000E0,0.00000000000000000E0));
#4109=CARTESIAN_POINT('',(1.00000000000000000E0,0.00000000000000000E0));
#4110=B_SPLINE_CURVE_WITH_KNOTS('',1,(#4108,#4109),.UNSPECIFIED.,.F.,.F.,(2,2),(0.00000000000000000E0,1.00000000000000000E0),.UNSPECIFIED.);
#4111=DEFINITIONAL_REPRESENTATION('',(#4110),#2107);
#4112=PCURVE('',#979,#4111);
#4113=CARTESIAN_POINT('',(1.00000000000000000E0,0.00000000000000000E0));
#4114=CARTESIAN_POINT('',(1.00000000000000000E0,1.00000000000000000E0));
#4115=B_SPLINE_CURVE_WITH_KNOTS('',1,(#4113,#4114),.UNSPECIFIED.,.F.,.F.,(2,2),(0.00000000000000000E0,1.00000000000000000E0),.UNSPECIFIED.);
#4116=DEFINITIONAL_REPRESENTATION('',(#4115),#2107);
#4117=PCURVE('',#979,#4116);
#4118=CARTESIAN_POINT('',(1.00000000000000000E0,1.00000000000000000E0));
#4119=CARTESIAN_POINT('',(0.00000000000000000E0,1.00000000000000000E0));
#4120=B_SPLINE_CURVE_WITH_KNOTS('',1,(#4118,#4119),.UNSPECIFIED.,.F.,.F.,(2,2),(0.00000000000000000E0,1.00000000000000000E0),.UNSPECIFIED.);
#4121=DEFINITIONAL_REPRESENTATION('',(#4120),#2107);
#4122=PCURVE('',#979,#4121);
#4123=CARTESIAN_POINT('',(0.00000000000000000E0,1.00000000000000000E0));
#4124=CARTESIAN_POINT('',(0.00000000000000000E0,0.00000000000000000E0));
#4125=B_SPLINE_CURVE_WITH_KNOTS('',1,(#4123,#4124),.UNSPECIFIED.,.F.,.F.,(2,2),(0.00000000000000000E0,1.00000000000000000E0),.UNSPECIFIED.);
#4126=DEFINITIONAL_REPRESENTATION('',(#4125),#2107);
#4127=PCURVE('',#979,#4126);
#4128=CARTESIAN_POINT('',(0.00000000000000000E0,0.00000000000000000E0));
#4129=CARTESIAN_POINT('',(1.00000000000000000E0,0.00000000000000000E0));
#4130=B_SPLINE_CURVE_WITH_KNOTS('',1,(#4128,#4129),.UNSPECIFIED.,.F.,.F.,(2,2),(0.00000000000000000E0,1.00000000000000000E0),.UNSPECIFIED.);
#4131=DEFINITIONAL_REPRESENTATION('',(#4130),#2107);
#4132=PCURVE('',#986,#4131);
#4133=CARTESIAN_POINT('',(1.00000000000000000E0,0.00000000000000000E0));
#4134=CARTESIAN_POINT('',(1.00000000000000000E0,1.00000000000000000E0));
#4135=B_SPLINE_CURVE_WITH_KNOTS('',1,(#4133,#4134),.UNSPECIFIED.,.F.,.F.,(2,2),(0.00000000000000000E0,1.00000000000000000E0),.UNSPECIFIED.);
#4136=DEFINITIONAL_REPRESENTATION('',(#4135),#2107);
#4137=PCURVE('',#986,#4136);
#4138=CARTESIAN_POINT('',(1.00000000000000000E0,1.00000000000000000E0));
#4139=CARTESIAN_POINT('',(0.00000000000000000E0,1.00000000000000000E0));
#4140=B_SPLINE_CURVE_WITH_KNOTS('',1,(#4138,#4139),.UNSPECIFIED.,.F.,.F.,(2,2),(0.00000000000000000E0,1.00000000000000000E0),.UNSPECIFIED.);
#4141=DEFINITIONAL_REPRESENTATION('',(#4140),#2107);
#4142=PCURVE('',#986,#4141);
#4143=CARTESIAN_POINT('',(0.00000000000000000E0,1.00000000000000000E0));
#4144=CARTESIAN_POINT('',(0.00000000000000000E0,0.00000000000000000E0));
#4145=B_SPLINE_CURVE_WITH_KNOTS('',1,(#4143,#4144),.UNSPECIFIED.,.F.,.F.,(2,2),(0.00000000000000000E0,1.00000000000000000E0),.UNSPECIFIED.);
#4146=DEFINITIONAL_REPRESENTATION('',(#4145),#2107);
#4147=PCURVE('',#986,#4146);
#4148=CARTESIAN_POINT('',(0.00000000000000000E0,0.00000000000000000E0));
#4149=CARTESIAN_POINT('',(1.00000000000000000E0,0.00000000000000000E0));
#4150=B_SPLINE_CURVE_WITH_KNOTS('',1,(#4148,#4149),.UNSPECIFIED.,.F.,.F.,(2,2),(0.00000000000000000E0,1.00000000000000000E0),.UNSPECIFIED.);
#4151=DEFINITIONAL_REPRESENTATION('',(#4150),#2107);
#4152=PCURVE('',#993,#4151);
#4153=CARTESIAN_POINT('',(1.00000000000000000E0,0.00000000000000000E0));
#4154=CARTESIAN_POINT('',(1.00000000000000000E0,1.00000000000000000E0));
#4155=B_SPLINE_CURVE_WITH_KNOTS('',1,(#4153,#4154),.UNSPECIFIED.,.F.,.F.,(2,2),(0.00000000000000000E0,1.00000000000000000E0),.UNSPECIFIED.);
#4156=DEFINITIONAL_REPRESENTATION('',(#4155),#2107);
#4157=PCURVE('',#993,#4156);
#4158=CARTESIAN_POINT('',(1.00000000000000000E0,1.00000000000000000E0));
#4159=CARTESIAN_POINT('',(0.00000000000000000E0,1.00000000000000000E0));
#4160=B_SPLINE_CURVE_WITH_KNOTS('',1,(#4158,#4159),.UNSPECIFIED.,.F.,.F.,(2,2),(0.00000000000000000E0,1.00000000000000000E0),.UNSPECIFIED.);
#4161=DEFINITIONAL_REPRESENTATION('',(#4160),#2107);
#4162=PCURVE('',#993,#4161);
#4163=CARTESIAN_POINT('',(0.00000000000000000E0,1.00000000000000000E0));
#4164=CARTESIAN_POINT('',(0.00000000000000000E0,0.00000000000000000E0));
#4165=B_SPLINE_CURVE_WITH_KNOTS('',1,(#4163,#4164),.UNSPECIFIED.,.F.,.F.,(2,2),(0.00000000000000000E0,1.00000000000000000E0),.UNSPECIFIED.);
#4166=DEFINITIONAL_REPRESENTATION('',(#4165),#2107);
#4167=PCURVE('',#993,#4166);
#4168=CARTESIAN_POINT('',(0.00000000000000000E0,0.00000000000000000E0));
#4169=CARTESIAN_POINT('',(1.00000000000000000E0,0.00000000000000000E0));
#4170=B_SPLINE_CURVE_WITH_KNOTS('',1,(#4168,#4169),.UNSPECIFIED.,.F.,.F.,(2,2),(0.00000000000000000E0,1.00000000000000000E0),.UNSPECIFIED.);
#4171=DEFINITIONAL_REPRESENTATION('',(#4170),#2107);
#4172=PCURVE('',#1000,#4171);
#4173=CARTESIAN_POINT('',(1.00000000000000000E0,0.00000000000000000E0));
#4174=CARTESIAN_POINT('',(1.00000000000000000E0,1.00000000000000000E0));
#4175=B_SPLINE_CURVE_WITH_KNOTS('',1,(#4173,#4174),.UNSPECIFIED.,.F.,.F.,(2,2),(0.00000000000000000E0,1.00000000000000000E0),.UNSPECIFIED.);
#4176=DEFINITIONAL_REPRESENTATION('',(#4175),#2107);
#4177=PCURVE('',#1000,#4176);
#4178=CARTESIAN_POINT('',(1.00000000000000000E0,1.00000000000000000E0));
#4179=CARTESIAN_POINT('',(0.00000000000000000E0,1.00000000000000000E0));
#4180=B_SPLINE_CURVE_WITH_KNOTS('',1,(#4178,#4179),.UNSPECIFIED.,.F.,.F.,(2,2),(0.00000000000000000E0,1.00000000000000000E0),.UNSPECIFIED.);
#4181=DEFINITIONAL_REPRESENTATION('',(#4180),#2107);
#4182=PCURVE('',#1000,#4181);
#4183=CARTESIAN_POINT('',(0.00000000000000000E0,1.00000000000000000E0));
#4184=CARTESIAN_POINT('',(0.00000000000000000E0,0.00000000000000000E0));
#4185=B_SPLINE_CURVE_WITH_KNOTS('',1,(#4183,#4184),.UNSPECIFIED.,.F.,.F.,(2,2),(0.00000000000000000E0,1.00000000000000000E0),.UNSPECIFIED.);
#4186=DEFINITIONAL_REPRESENTATION('',(#4185),#2107);
#4187=PCURVE('',#1000,#4186);
#4188=CARTESIAN_POINT('',(0.00000000000000000E0,0.00000000000000000E0));
#4189=CARTESIAN_POINT('',(1.00000000000000000E0,0.00000000000000000E0));
#4190=B_SPLINE_CURVE_WITH_KNOTS('',1,(#4188,#4189),.UNSPECIFIED.,.F.,.F.,(2,2),(0.00000000000000000E0,1.00000000000000000E0),.UNSPECIFIED.);
#4191=DEFINITIONAL_REPRESENTATION('',(#4190),#2107);
#4192=PCURVE('',#1007,#4191);
#4193=CARTESIAN_POINT('',(1.00000000000000000E0,0.00000000000000000E0));
#4194=CARTESIAN_POINT('',(1.00000000000000000E0,1.00000000000000000E0));
#4195=B_SPLINE_CURVE_WITH_KNOTS('',1,(#4193,#4194),.UNSPECIFIED.,.F.,.F.,(2,2),(0.00000000000000000E0,1.00000000000000000E0),.UNSPECIFIED.);
#4196=DEFINITIONAL_REPRESENTATION('',(#4195),#2107);
#4197=PCURVE('',#1007,#4196);
#4198=CARTESIAN_POINT('',(1.00000000000000000E0,1.00000000000000000E0));
#4199=CARTESIAN_POINT('',(0.00000000000000000E0,1.00000000000000000E0));
#4200=B_SPLINE_CURVE_WITH_KNOTS('',1,(#4198,#4199),.UNSPECIFIED.,.F.,.F.,(2,2),(0.00000000000000000E0,1.00000000000000000E0),.UNSPECIFIED.);
#4201=DEFINITIONAL_REPRESENTATION('',(#4200),#2107);
#4202=PCURVE('',#1007,#4201);
#4203=CARTESIAN_POINT('',(0.00000000000000000E0,1.00000000000000000E0));
#4204=CARTESIAN_POINT('',(0.00000000000000000E0,0.00000000000000000E0));
#4205=B_SPLINE_CURVE_WITH_KNOTS('',1,(#4203,#4204),.UNSPECIFIED.,.F.,.F.,(2,2),(0.00000000000000000E0,1.00000000000000000E0),.UNSPECIFIED.);
#4206=DEFINITIONAL_REPRESENTATION('',(#4205),#2107);
#4207=PCURVE('',#1007,#4206);
#4208=CARTESIAN_POINT('',(0.00000000000000000E0,0.00000000000000000E0));
#4209=CARTESIAN_POINT('',(1.00000000000000000E0,0.00000000000000000E0));
#4210=B_SPLINE_CURVE_WITH_KNOTS('',1,(#4208,#4209),.UNSPECIFIED.,.F.,.F.,(2,2),(0.00000000000000000E0,1.00000000000000000E0),.UNSPECIFIED.);
#4211=DEFINITIONAL_REPRESENTATION('',(#4210),#2107);
#4212=PCURVE('',#1014,#4211);
#4213=CARTESIAN_POINT('',(1.00000000000000000E0,0.00000000000000000E0));
#4214=CARTESIAN_POINT('',(1.00000000000000000E0,1.00000000000000000E0));
#4215=B_SPLINE_CURVE_WITH_KNOTS('',1,(#4213,#4214),.UNSPECIFIED.,.F.,.F.,(2,2),(0.00000000000000000E0,1.00000000000000000E0),.UNSPECIFIED.);
#4216=DEFINITIONAL_REPRESENTATION('',(#4215),#2107);
#4217=PCURVE('',#1014,#4216);
#4218=CARTESIAN_POINT('',(1.00000000000000000E0,1.00000000000000000E0));
#4219=CARTESIAN_POINT('',(0.00000000000000000E0,1.00000000000000000E0));
#4220=B_SPLINE_CURVE_WITH_KNOTS('',1,(#4218,#4219),.UNSPECIFIED.,.F.,.F.,(2,2),(0.00000000000000000E0,1.00000000000000000E0),.UNSPECIFIED.);
#4221=DEFINITIONAL_REPRESENTATION('',(#4220),#2107);
#4222=PCURVE('',#1014,#4221);
#4223=CARTESIAN_POINT('',(0.00000000000000000E0,1.00000000000000000E0));
#4224=CARTESIAN_POINT('',(0.00000000000000000E0,0.00000000000000000E0));
#4225=B_SPLINE_CURVE_WITH_KNOTS('',1,(#4223,#4224),.UNSPECIFIED.,.F.,.F.,(2,2),(0.00000000000000000E0,1.00000000000000000E0),.UNSPECIFIED.);
#4226=DEFINITIONAL_REPRESENTATION('',(#4225),#2107);
#4227=PCURVE('',#1014,#4226);
#4228=CARTESIAN_POINT('',(0.00000000000000000E0,0.00000000000000000E0));
#4229=CARTESIAN_POINT('',(1.00000000000000000E0,0.00000000000000000E0));
#4230=B_SPLINE_CURVE_WITH_KNOTS('',1,(#4228,#4229),.UNSPECIFIED.,.F.,.F.,(2,2),(0.00000000000000000E0,1.00000000000000000E0),.UNSPECIFIED.);
#4231=DEFINITIONAL_REPRESENTATION('',(#4230),#2107);
#4232=PCURVE('',#1021,#4231);
#4233=CARTESIAN_POINT('',(1.00000000000000000E0,0.00000000000000000E0));
#4234=CARTESIAN_POINT('',(1.00000000000000000E0,1.00000000000000000E0));
#4235=B_SPLINE_CURVE_WITH_KNOTS('',1,(#4233,#4234),.UNSPECIFIED.,.F.,.F.,(2,2),(0.00000000000000000E0,1.00000000000000000E0),.UNSPECIFIED.);
#4236=DEFINITIONAL_REPRESENTATION('',(#4235),#2107);
#4237=PCURVE('',#1021,#4236);
#4238=CARTESIAN_POINT('',(1.00000000000000000E0,1.00000000000000000E0));
#4239=CARTESIAN_POINT('',(0.00000000000000000E0,1.00000000000000000E0));
#4240=B_SPLINE_CURVE_WITH_KNOTS('',1,(#4238,#4239),.UNSPECIFIED.,.F.,.F.,(2,2),(0.00000000000000000E0,1.00000000000000000E0),.UNSPECIFIED.);
#4241=DEFINITIONAL_REPRESENTATION('',(#4240),#2107);
#4242=PCURVE('',#1021,#4241);
#4243=CARTESIAN_POINT('',(0.00000000000000000E0,1.00000000000000000E0));
#4244=CARTESIAN_POINT('',(0.00000000000000000E0,0.00000000000000000E0));
#4245=B_SPLINE_CURVE_WITH_KNOTS('',1,(#4243,#4244),.UNSPECIFIED.,.F.,.F.,(2,2),(0.00000000000000000E0,1.00000000000000000E0),.UNSPECIFIED.);
#4246=DEFINITIONAL_REPRESENTATION('',(#4245),#2107);
#4247=PCURVE('',#1021,#4246);
#4248=CARTESIAN_POINT('',(0.00000000000000000E0,0.00000000000000000E0));
#4249=CARTESIAN_POINT('',(1.00000000000000000E0,0.00000000000000000E0));
#4250=B_SPLINE_CURVE_WITH_KNOTS('',1,(#4248,#4249),.UNSPECIFIED.,.F.,.F.,(2,2),(0.00000000000000000E0,1.00000000000000000E0),.UNSPECIFIED.);
#4251=DEFINITIONAL_REPRESENTATION('',(#4250),#2107);
#4252=PCURVE('',#1028,#4251);
#4253=CARTESIAN_POINT('',(1.00000000000000000E0,0.00000000000000000E0));
#4254=CARTESIAN_POINT('',(1.00000000000000000E0,1.00000000000000000E0));
#4255=B_SPLINE_CURVE_WITH_KNOTS('',1,(#4253,#4254),.UNSPECIFIED.,.F.,.F.,(2,2),(0.00000000000000000E0,1.00000000000000000E0),.UNSPECIFIED.);
#4256=DEFINITIONAL_REPRESENTATION('',(#4255),#2107);
#4257=PCURVE('',#1028,#4256);
#4258=CARTESIAN_POINT('',(1.00000000000000000E0,1.00000000000000000E0));
#4259=CARTESIAN_POINT('',(0.00000000000000000E0,1.00000000000000000E0));
#4260=B_SPLINE_CURVE_WITH_KNOTS('',1,(#4258,#4259),.UNSPECIFIED.,.F.,.F.,(2,2),(0.00000000000000000E0,1.00000000000000000E0),.UNSPECIFIED.);
#4261=DEFINITIONAL_REPRESENTATION('',(#4260),#2107);
#4262=PCURVE('',#1028,#4261);
#4263=CARTESIAN_POINT('',(0.00000000000000000E0,1.00000000000000000E0));
#4264=CARTESIAN_POINT('',(0.00000000000000000E0,0.00000000000000000E0));
#4265=B_SPLINE_CURVE_WITH_KNOTS('',1,(#4263,#4264),.UNSPECIFIED.,.F.,.F.,(2,2),(0.00000000000000000E0,1.00000000000000000E0),.UNSPECIFIED.);
#4266=DEFINITIONAL_REPRESENTATION('',(#4265),#2107);
#4267=PCURVE('',#1028,#4266);
#4268=CARTESIAN_POINT('',(0.00000000000000000E0,0.00000000000000000E0));
#4269=CARTESIAN_POINT('',(1.00000000000000000E0,0.00000000000000000E0));
#4270=B_SPLINE_CURVE_WITH_KNOTS('',1,(#4268,#4269),.UNSPECIFIED.,.F.,.F.,(2,2),(0.00000000000000000E0,1.00000000000000000E0),.UNSPECIFIED.);
#4271=DEFINITIONAL_REPRESENTATION('',(#4270),#2107);
#4272=PCURVE('',#1035,#4271);
#4273=CARTESIAN_POINT('',(1.00000000000000000E0,0.00000000000000000E0));
#4274=CARTESIAN_POINT('',(1.00000000000000000E0,1.00000000000000000E0));
#4275=B_SPLINE_CURVE_WITH_KNOTS('',1,(#4273,#4274),.UNSPECIFIED.,.F.,.F.,(2,2),(0.00000000000000000E0,1.00000000000000000E0),.UNSPECIFIED.);
#4276=DEFINITIONAL_REPRESENTATION('',(#4275),#2107);
#4277=PCURVE('',#1035,#4276);
#4278=CARTESIAN_POINT('',(1.00000000000000000E0,1.00000000000000000E0));
#4279=CARTESIAN_POINT('',(0.00000000000000000E0,1.00000000000000000E0));
#4280=B_SPLINE_CURVE_WITH_KNOTS('',1,(#4278,#4279),.UNSPECIFIED.,.F.,.F.,(2,2),(0.00000000000000000E0,1.00000000000000000E0),.UNSPECIFIED.);
#4281=DEFINITIONAL_REPRESENTATION('',(#4280),#2107);
#4282=PCURVE('',#1035,#4281);
#4283=CARTESIAN_POINT('',(0.00000000000000000E0,1.00000000000000000E0));
#4284=CARTESIAN_POINT('',(0.00000000000000000E0,0.00000000000000000E0));
#4285=B_SPLINE_CURVE_WITH_KNOTS('',1,(#4283,#4284),.UNSPECIFIED.,.F.,.F.,(2,2),(0.00000000000000000E0,1.00000000000000000E0),.UNSPECIFIED.);
#4286=DEFINITIONAL_REPRESENTATION('',(#4285),#2107);
#4287=PCURVE('',#1035,#4286);
#4288=CARTESIAN_POINT('',(0.00000000000000000E0,0.00000000000000000E0));
#4289=CARTESIAN_POINT('',(1.00000000000000000E0,0.00000000000000000E0));
#4290=B_SPLINE_CURVE_WITH_KNOTS('',1,(#4288,#4289),.UNSPECIFIED.,.F.,.F.,(2,2),(0.00000000000000000E0,1.00000000000000000E0),.UNSPECIFIED.);
#4291=DEFINITIONAL_REPRESENTATION('',(#4290),#2107);
#4292=PCURVE('',#1042,#4291);
#4293=CARTESIAN_POINT('',(1.00000000000000000E0,0.00000000000000000E0));
#4294=CARTESIAN_POINT('',(1.00000000000000000E0,1.00000000000000000E0));
#4295=B_SPLINE_CURVE_WITH_KNOTS('',1,(#4293,#4294),.UNSPECIFIED.,.F.,.F.,(2,2),(0.00000000000000000E0,1.00000000000000000E0),.UNSPECIFIED.);
#4296=DEFINITIONAL_REPRESENTATION('',(#4295),#2107);
#4297=PCURVE('',#1042,#4296);
#4298=CARTESIAN_POINT('',(1.00000000000000000E0,1.00000000000000000E0));
#4299=CARTESIAN_POINT('',(0.00000000000000000E0,1.00000000000000000E0));
#4300=B_SPLINE_CURVE_WITH_KNOTS('',1,(#4298,#4299),.UNSPECIFIED.,.F.,.F.,(2,2),(0.00000000000000000E0,1.00000000000000000E0),.UNSPECIFIED.);
#4301=DEFINITIONAL_REPRESENTATION('',(#4300),#2107);
#4302=PCURVE('',#1042,#4301);
#4303=CARTESIAN_POINT('',(0.00000000000000000E0,1.00000000000000000E0));
#4304=CARTESIAN_POINT('',(0.00000000000000000E0,0.00000000000000000E0));
#4305=B_SPLINE_CURVE_WITH_KNOTS('',1,(#4303,#4304),.UNSPECIFIED.,.F.,.F.,(2,2),(0.00000000000000000E0,1.00000000000000000E0),.UNSPECIFIED.);
#4306=DEFINITIONAL_REPRESENTATION('',(#4305),#2107);
#4307=PCURVE('',#1042,#4306);
#4308=CARTESIAN_POINT('',(0.00000000000000000E0,0.00000000000000000E0));
#4309=CARTESIAN_POINT('',(1.00000000000000000E0,0.00000000000000000E0));
#4310=B_SPLINE_CURVE_WITH_KNOTS('',1,(#4308,#4309),.UNSPECIFIED.,.F.,.F.,(2,2),(0.00000000000000000E0,1.00000000000000000E0),.UNSPECIFIED.);
#4311=DEFINITIONAL_REPRESENTATION('',(#4310),#2107);
#4312=PCURVE('',#1049,#4311);
#4313=CARTESIAN_POINT('',(1.00000000000000000E0,0.00000000000000000E0));
#4314=CARTESIAN_POINT('',(1.00000000000000000E0,1.00000000000000000E0));
#4315=B_SPLINE_CURVE_WITH_KNOTS('',1,(#4313,#4314),.UNSPECIFIED.,.F.,.F.,(2,2),(0.00000000000000000E0,1.00000000000000000E0),.UNSPECIFIED.);
#4316=DEFINITIONAL_REPRESENTATION('',(#4315),#2107);
#4317=PCURVE('',#1049,#4316);
#4318=CARTESIAN_POINT('',(1.00000000000000000E0,1.00000000000000000E0));
#4319=CARTESIAN_POINT('',(0.00000000000000000E0,1.00000000000000000E0));
#4320=B_SPLINE_CURVE_WITH_KNOTS('',1,(#4318,#4319),.UNSPECIFIED.,.F.,.F.,(2,2),(0.00000000000000000E0,1.00000000000000000E0),.UNSPECIFIED.);
#4321=DEFINITIONAL_REPRESENTATION('',(#4320),#2107);
#4322=PCURVE('',#1049,#4321);
#4323=CARTESIAN_POINT('',(0.00000000000000000E0,1.00000000000000000E0));
#4324=CARTESIAN_POINT('',(0.00000000000000000E0,0.00000000000000000E0));
#4325=B_SPLINE_CURVE_WITH_KNOTS('',1,(#4323,#4324),.UNSPECIFIED.,.F.,.F.,(2,2),(0.00000000000000000E0,1.00000000000000000E0),.UNSPECIFIED.);
#4326=DEFINITIONAL_REPRESENTATION('',(#4325),#2107);
#4327=PCURVE('',#1049,#4326);
#4328=CARTESIAN_POINT('',(0.00000000000000000E0,0.00000000000000000E0));
#4329=CARTESIAN_POINT('',(1.00000000000000000E0,0.00000000000000000E0));
#4330=B_SPLINE_CURVE_WITH_KNOTS('',1,(#4328,#4329),.UNSPECIFIED.,.F.,.F.,(2,2),(0.00000000000000000E0,1.00000000000000000E0),.UNSPECIFIED.);
#4331=DEFINITIONAL_REPRESENTATION('',(#4330),#2107);
#4332=PCURVE('',#1056,#4331);
#4333=CARTESIAN_POINT('',(1.00000000000000000E0,0.00000000000000000E0));
#4334=CARTESIAN_POINT('',(1.00000000000000000E0,1.00000000000000000E0));
#4335=B_SPLINE_CURVE_WITH_KNOTS('',1,(#4333,#4334),.UNSPECIFIED.,.F.,.F.,(2,2),(0.00000000000000000E0,1.00000000000000000E0),.UNSPECIFIED.);
#4336=DEFINITIONAL_REPRESENTATION('',(#4335),#2107);
#4337=PCURVE('',#1056,#4336);
#4338=CARTESIAN_POINT('',(1.00000000000000000E0,1.00000000000000000E0));
#4339=CARTESIAN_POINT('',(0.00000000000000000E0,1.00000000000000000E0));
#4340=B_SPLINE_CURVE_WITH_KNOTS('',1,(#4338,#4339),.UNSPECIFIED.,.F.,.F.,(2,2),(0.00000000000000000E0,1.00000000000000000E0),.UNSPECIFIED.);
#4341=DEFINITIONAL_REPRESENTATION('',(#4340),#2107);
#4342=PCURVE('',#1056,#4341);
#4343=CARTESIAN_POINT('',(0.00000000000000000E0,1.00000000000000000E0));
#4344=CARTESIAN_POINT('',(0.00000000000000000E0,0.00000000000000000E0));
#4345=B_SPLINE_CURVE_WITH_KNOTS('',1,(#4343,#4344),.UNSPECIFIED.,.F.,.F.,(2,2),(0.00000000000000000E0,1.00000000000000000E0),.UNSPECIFIED.);
#4346=DEFINITIONAL_REPRESENTATION('',(#4345),#2107);
#4347=PCURVE('',#1056,#4346);
#4348=CARTESIAN_POINT('',(0.00000000000000000E0,0.00000000000000000E0));
#4349=CARTESIAN_POINT('',(1.00000000000000000E0,0.00000000000000000E0));
#4350=B_SPLINE_CURVE_WITH_KNOTS('',1,(#4348,#4349),.UNSPECIFIED.,.F.,.F.,(2,2),(0.00000000000000000E0,1.00000000000000000E0),.UNSPECIFIED.);
#4351=DEFINITIONAL_REPRESENTATION('',(#4350),#2107);
#4352=PCURVE('',#1063,#4351);
#4353=CARTESIAN_POINT('',(1.00000000000000000E0,0.00000000000000000E0));
#4354=CARTESIAN_POINT('',(1.00000000000000000E0,1.00000000000000000E0));
#4355=B_SPLINE_CURVE_WITH_KNOTS('',1,(#4353,#4354),.UNSPECIFIED.,.F.,.F.,(2,2),(0.00000000000000000E0,1.00000000000000000E0),.UNSPECIFIED.);
#4356=DEFINITIONAL_REPRESENTATION('',(#4355),#2107);
#4357=PCURVE('',#1063,#4356);
#4358=CARTESIAN_POINT('',(1.00000000000000000E0,1.00000000000000000E0));
#4359=CARTESIAN_POINT('',(0.00000000000000000E0,1.00000000000000000E0));
#4360=B_SPLINE_CURVE_WITH_KNOTS('',1,(#4358,#4359),.UNSPECIFIED.,.F.,.F.,(2,2),(0.00000000000000000E0,1.00000000000000000E0),.UNSPECIFIED.);
#4361=DEFINITIONAL_REPRESENTATION('',(#4360),#2107);
#4362=PCURVE('',#1063,#4361);
#4363=CARTESIAN_POINT('',(0.00000000000000000E0,1.00000000000000000E0));
#4364=CARTESIAN_POINT('',(0.00000000000000000E0,0.00000000000000000E0));
#4365=B_SPLINE_CURVE_WITH_KNOTS('',1,(#4363,#4364),.UNSPECIFIED.,.F.,.F.,(2,2),(0.00000000000000000E0,1.00000000000000000E0),.UNSPECIFIED.);
#4366=DEFINITIONAL_REPRESENTATION('',(#4365),#2107);
#4367=PCURVE('',#1063,#4366);
#4368=CARTESIAN_POINT('',(0.00000000000000000E0,0.00000000000000000E0));
#4369=CARTESIAN_POINT('',(1.00000000000000000E0,0.00000000000000000E0));
#4370=B_SPLINE_CURVE_WITH_KNOTS('',1,(#4368,#4369),.UNSPECIFIED.,.F.,.F.,(2,2),(0.00000000000000000E0,1.00000000000000000E0),.UNSPECIFIED.);
#4371=DEFINITIONAL_REPRESENTATION('',(#4370),#2107);
#4372=PCURVE('',#1070,#4371);
#4373=CARTESIAN_POINT('',(1.00000000000000000E0,0.00000000000000000E0));
#4374=CARTESIAN_POINT('',(1.00000000000000000E0,1.00000000000000000E0));
#4375=B_SPLINE_CURVE_WITH_KNOTS('',1,(#4373,#4374),.UNSPECIFIED.,.F.,.F.,(2,2),(0.00000000000000000E0,1.00000000000000000E0),.UNSPECIFIED.);
#4376=DEFINITIONAL_REPRESENTATION('',(#4375),#2107);
#4377=PCURVE('',#1070,#4376);
#4378=CARTESIAN_POINT('',(1.00000000000000000E0,1.00000000000000000E0));
#4379=CARTESIAN_POINT('',(0.00000000000000000E0,1.00000000000000000E0));
#4380=B_SPLINE_CURVE_WITH_KNOTS('',1,(#4378,#4379),.UNSPECIFIED.,.F.,.F.,(2,2),(0.00000000000000000E0,1.00000000000000000E0),.UNSPECIFIED.);
#4381=DEFINITIONAL_REPRESENTATION('',(#4380),#2107);
#4382=PCURVE('',#1070,#4381);
#4383=CARTESIAN_POINT('',(0.00000000000000000E0,1.00000000000000000E0));
#4384=CARTESIAN_POINT('',(0.00000000000000000E0,0.00000000000000000E0));
#4385=B_SPLINE_CURVE_WITH_KNOTS('',1,(#4383,#4384),.UNSPECIFIED.,.F.,.F.,(2,2),(0.00000000000000000E0,1.00000000000000000E0),.UNSPECIFIED.);
#4386=DEFINITIONAL_REPRESENTATION('',(#4385),#2107);
#4387=PCURVE('',#1070,#4386);
#4388=CARTESIAN_POINT('',(0.00000000000000000E0,0.00000000000000000E0));
#4389=CARTESIAN_POINT('',(1.00000000000000000E0,0.00000000000000000E0));
#4390=B_SPLINE_CURVE_WITH_KNOTS('',1,(#4388,#4389),.UNSPECIFIED.,.F.,.F.,(2,2),(0.00000000000000000E0,1.00000000000000000E0),.UNSPECIFIED.);
#4391=DEFINITIONAL_REPRESENTATION('',(#4390),#2107);
#4392=PCURVE('',#1077,#4391);
#4393=CARTESIAN_POINT('',(1.00000000000000000E0,0.00000000000000000E0));
#4394=CARTESIAN_POINT('',(1.00000000000000000E0,1.00000000000000000E0));
#4395=B_SPLINE_CURVE_WITH_KNOTS('',1,(#4393,#4394),.UNSPECIFIED.,.F.,.F.,(2,2),(0.00000000000000000E0,1.00000000000000000E0),.UNSPECIFIED.);
#4396=DEFINITIONAL_REPRESENTATION('',(#4395),#2107);
#4397=PCURVE('',#1077,#4396);
#4398=CARTESIAN_POINT('',(1.00000000000000000E0,1.00000000000000000E0));
#4399=CARTESIAN_POINT('',(0.00000000000000000E0,1.00000000000000000E0));
#4400=B_SPLINE_CURVE_WITH_KNOTS('',1,(#4398,#4399),.UNSPECIFIED.,.F.,.F.,(2,2),(0.00000000000000000E0,1.00000000000000000E0),.UNSPECIFIED.);
#4401=DEFINITIONAL_REPRESENTATION('',(#4400),#2107);
#4402=PCURVE('',#1077,#4401);
#4403=CARTESIAN_POINT('',(0.00000000000000000E0,1.00000000000000000E0));
#4404=CARTESIAN_POINT('',(0.00000000000000000E0,0.00000000000000000E0));
#4405=B_SPLINE_CURVE_WITH_KNOTS('',1,(#4403,#4404),.UNSPECIFIED.,.F.,.F.,(2,2),(0.00000000000000000E0,1.00000000000000000E0),.UNSPECIFIED.);
#4406=DEFINITIONAL_REPRESENTATION('',(#4405),#2107);
#4407=PCURVE('',#1077,#4406);
#4408=CARTESIAN_POINT('',(0.00000000000000000E0,0.00000000000000000E0));
#4409=CARTESIAN_POINT('',(1.00000000000000000E0,0.00000000000000000E0));
#4410=B_SPLINE_CURVE_WITH_KNOTS('',1,(#4408,#4409),.UNSPECIFIED.,.F.,.F.,(2,2),(0.00000000000000000E0,1.00000000000000000E0),.UNSPECIFIED.);
#4411=DEFINITIONAL_REPRESENTATION('',(#4410),#2107);
#4412=PCURVE('',#1084,#4411);
#4413=CARTESIAN_POINT('',(1.00000000000000000E0,0.00000000000000000E0));
#4414=CARTESIAN_POINT('',(1.00000000000000000E0,1.00000000000000000E0));
#4415=B_SPLINE_CURVE_WITH_KNOTS('',1,(#4413,#4414),.UNSPECIFIED.,.F.,.F.,(2,2),(0.00000000000000000E0,1.00000000000000000E0),.UNSPECIFIED.);
#4416=DEFINITIONAL_REPRESENTATION('',(#4415),#2107);
#4417=PCURVE('',#1084,#4416);
#4418=CARTESIAN_POINT('',(1.00000000000000000E0,1.00000000000000000E0));
#4419=CARTESIAN_POINT('',(0.00000000000000000E0,1.00000000000000000E0));
#4420=B_SPLINE_CURVE_WITH_KNOTS('',1,(#4418,#4419),.UNSPECIFIED.,.F.,.F.,(2,2),(0.00000000000000000E0,1.00000000000000000E0),.UNSPECIFIED.);
#4421=DEFINITIONAL_REPRESENTATION('',(#4420),#2107);
#4422=PCURVE('',#1084,#4421);
#4423=CARTESIAN_POINT('',(0.00000000000000000E0,1.00000000000000000E0));
#4424=CARTESIAN_POINT('',(0.00000000000000000E0,0.00000000000000000E0));
#4425=B_SPLINE_CURVE_WITH_KNOTS('',1,(#4423,#4424),.UNSPECIFIED.,.F.,.F.,(2,2),(0.00000000000000000E0,1.00000000000000000E0),.UNSPECIFIED.);
#4426=DEFINITIONAL_REPRESENTATION('',(#4425),#2107);
#4427=PCURVE('',#1084,#4426);
#4428=CARTESIAN_POINT('',(0.00000000000000000E0,0.00000000000000000E0));
#4429=CARTESIAN_POINT('',(1.00000000000000000E0,0.00000000000000000E0));
#4430=B_SPLINE_CURVE_WITH_KNOTS('',1,(#4428,#4429),.UNSPECIFIED.,.F.,.F.,(2,2),(0.00000000000000000E0,1.00000000000000000E0),.UNSPECIFIED.);
#4431=DEFINITIONAL_REPRESENTATION('',(#4430),#2107);
#4432=PCURVE('',#1091,#4431);
#4433=CARTESIAN_POINT('',(1.00000000000000000E0,0.00000000000000000E0));
#4434=CARTESIAN_POINT('',(1.00000000000000000E0,1.00000000000000000E0));
#4435=B_SPLINE_CURVE_WITH_KNOTS('',1,(#4433,#4434),.UNSPECIFIED.,.F.,.F.,(2,2),(0.00000000000000000E0,1.00000000000000000E0),.UNSPECIFIED.);
#4436=DEFINITIONAL_REPRESENTATION('',(#4435),#2107);
#4437=PCURVE('',#1091,#4436);
#4438=CARTESIAN_POINT('',(1.00000000000000000E0,1.00000000000000000E0));
#4439=CARTESIAN_POINT('',(0.00000000000000000E0,1.00000000000000000E0));
#4440=B_SPLINE_CURVE_WITH_KNOTS('',1,(#4438,#4439),.UNSPECIFIED.,.F.,.F.,(2,2),(0.00000000000000000E0,1.00000000000000000E0),.UNSPECIFIED.);
#4441=DEFINITIONAL_REPRESENTATION('',(#4440),#2107);
#4442=PCURVE('',#1091,#4441);
#4443=CARTESIAN_POINT('',(0.00000000000000000E0,1.00000000000000000E0));
#4444=CARTESIAN_POINT('',(0.00000000000000000E0,0.00000000000000000E0));
#4445=B_SPLINE_CURVE_WITH_KNOTS('',1,(#4443,#4444),.UNSPECIFIED.,.F.,.F.,(2,2),(0.00000000000000000E0,1.00000000000000000E0),.UNSPECIFIED.);
#4446=DEFINITIONAL_REPRESENTATION('',(#4445),#2107);
#4447=PCURVE('',#1091,#4446);
#4448=CARTESIAN_POINT('',(0.00000000000000000E0,0.00000000000000000E0));
#4449=CARTESIAN_POINT('',(1.00000000000000000E0,0.00000000000000000E0));
#4450=B_SPLINE_CURVE_WITH_KNOTS('',1,(#4448,#4449),.UNSPECIFIED.,.F.,.F.,(2,2),(0.00000000000000000E0,1.00000000000000000E0),.UNSPECIFIED.);
#4451=DEFINITIONAL_REPRESENTATION('',(#4450),#2107);
#4452=PCURVE('',#1098,#4451);
#4453=CARTESIAN_POINT('',(1.00000000000000000E0,0.00000000000000000E0));
#4454=CARTESIAN_POINT('',(1.00000000000000000E0,1.00000000000000000E0));
#4455=B_SPLINE_CURVE_WITH_KNOTS('',1,(#4453,#4454),.UNSPECIFIED.,.F.,.F.,(2,2),(0.00000000000000000E0,1.00000000000000000E0),.UNSPECIFIED.);
#4456=DEFINITIONAL_REPRESENTATION('',(#4455),#2107);
#4457=PCURVE('',#1098,#4456);
#4458=CARTESIAN_POINT('',(1.00000000000000000E0,1.00000000000000000E0));
#4459=CARTESIAN_POINT('',(0.00000000000000000E0,1.00000000000000000E0));
#4460=B_SPLINE_CURVE_WITH_KNOTS('',1,(#4458,#4459),.UNSPECIFIED.,.F.,.F.,(2,2),(0.00000000000000000E0,1.00000000000000000E0),.UNSPECIFIED.);
#4461=DEFINITIONAL_REPRESENTATION('',(#4460),#2107);
#4462=PCURVE('',#1098,#4461);
#4463=CARTESIAN_POINT('',(0.00000000000000000E0,1.00000000000000000E0));
#4464=CARTESIAN_POINT('',(0.00000000000000000E0,0.00000000000000000E0));
#4465=B_SPLINE_CURVE_WITH_KNOTS('',1,(#4463,#4464),.UNSPECIFIED.,.F.,.F.,(2,2),(0.00000000000000000E0,1.00000000000000000E0),.UNSPECIFIED.);
#4466=DEFINITIONAL_REPRESENTATION('',(#4465),#2107);
#4467=PCURVE('',#1098,#4466);
#4468=CARTESIAN_POINT('',(0.00000000000000000E0,0.00000000000000000E0));
#4469=CARTESIAN_POINT('',(1.00000000000000000E0,0.00000000000000000E0));
#4470=B_SPLINE_CURVE_WITH_KNOTS('',1,(#4468,#4469),.UNSPECIFIED.,.F.,.F.,(2,2),(0.00000000000000000E0,1.00000000000000000E0),.UNSPECIFIED.);
#4471=DEFINITIONAL_REPRESENTATION('',(#4470),#2107);
#4472=PCURVE('',#1105,#4471);
#4473=CARTESIAN_POINT('',(1.00000000000000000E0,0.00000000000000000E0));
#4474=CARTESIAN_POINT('',(1.00000000000000000E0,1.00000000000000000E0));
#4475=B_SPLINE_CURVE_WITH_KNOTS('',1,(#4473,#4474),.UNSPECIFIED.,.F.,.F.,(2,2),(0.00000000000000000E0,1.00000000000000000E0),.UNSPECIFIED.);
#4476=DEFINITIONAL_REPRESENTATION('',(#4475),#2107);
#4477=PCURVE('',#1105,#4476);
#4478=CARTESIAN_POINT('',(1.00000000000000000E0,1.00000000000000000E0));
#4479=CARTESIAN_POINT('',(0.00000000000000000E0,1.00000000000000000E0));
#4480=B_SPLINE_CURVE_WITH_KNOTS('',1,(#4478,#4479),.UNSPECIFIED.,.F.,.F.,(2,2),(0.00000000000000000E0,1.00000000000000000E0),.UNSPECIFIED.);
#4481=DEFINITIONAL_REPRESENTATION('',(#4480),#2107);
#4482=PCURVE('',#1105,#4481);
#4483=CARTESIAN_POINT('',(0.00000000000000000E0,1.00000000000000000E0));
#4484=CARTESIAN_POINT('',(0.00000000000000000E0,0.00000000000000000E0));
#4485=B_SPLINE_CURVE_WITH_KNOTS('',1,(#4483,#4484),.UNSPECIFIED.,.F.,.F.,(2,2),(0.00000000000000000E0,1.00000000000000000E0),.UNSPECIFIED.);
#4486=DEFINITIONAL_REPRESENTATION('',(#4485),#2107);
#4487=PCURVE('',#1105,#4486);
#4488=CARTESIAN_POINT('',(0.00000000000000000E0,0.00000000000000000E0));
#4489=CARTESIAN_POINT('',(1.00000000000000000E0,0.00000000000000000E0));
#4490=B_SPLINE_CURVE_WITH_KNOTS('',1,(#4488,#4489),.UNSPECIFIED.,.F.,.F.,(2,2),(0.00000000000000000E0,1.00000000000000000E0),.UNSPECIFIED.);
#4491=DEFINITIONAL_REPRESENTATION('',(#4490),#2107);
#4492=PCURVE('',#1112,#4491);
#4493=CARTESIAN_POINT('',(1.00000000000000000E0,0.00000000000000000E0));
#4494=CARTESIAN_POINT('',(1.00000000000000000E0,1.00000000000000000E0));
#4495=B_SPLINE_CURVE_WITH_KNOTS('',1,(#4493,#4494),.UNSPECIFIED.,.F.,.F.,(2,2),(0.00000000000000000E0,1.00000000000000000E0),.UNSPECIFIED.);
#4496=DEFINITIONAL_REPRESENTATION('',(#4495),#2107);
#4497=PCURVE('',#1112,#4496);
#4498=CARTESIAN_POINT('',(1.00000000000000000E0,1.00000000000000000E0));
#4499=CARTESIAN_POINT('',(0.00000000000000000E0,1.00000000000000000E0));
#4500=B_SPLINE_CURVE_WITH_KNOTS('',1,(#4498,#4499),.UNSPECIFIED.,.F.,.F.,(2,2),(0.00000000000000000E0,1.00000000000000000E0),.UNSPECIFIED.);
#4501=DEFINITIONAL_REPRESENTATION('',(#4500),#2107);
#4502=PCURVE('',#1112,#4501);
#4503=CARTESIAN_POINT('',(0.00000000000000000E0,1.00000000000000000E0));
#4504=CARTESIAN_POINT('',(0.00000000000000000E0,0.00000000000000000E0));
#4505=B_SPLINE_CURVE_WITH_KNOTS('',1,(#4503,#4504),.UNSPECIFIED.,.F.,.F.,(2,2),(0.00000000000000000E0,1.00000000000000000E0),.UNSPECIFIED.);
#4506=DEFINITIONAL_REPRESENTATION('',(#4505),#2107);
#4507=PCURVE('',#1112,#4506);
#4508=CARTESIAN_POINT('',(0.00000000000000000E0,0.00000000000000000E0));
#4509=CARTESIAN_POINT('',(1.00000000000000000E0,0.00000000000000000E0));
#4510=B_SPLINE_CURVE_WITH_KNOTS('',1,(#4508,#4509),.UNSPECIFIED.,.F.,.F.,(2,2),(0.00000000000000000E0,1.00000000000000000E0),.UNSPECIFIED.);
#4511=DEFINITIONAL_REPRESENTATION('',(#4510),#2107);
#4512=PCURVE('',#1119,#4511);
#4513=CARTESIAN_POINT('',(1.00000000000000000E0,0.00000000000000000E0));
#4514=CARTESIAN_POINT('',(1.00000000000000000E0,1.00000000000000000E0));
#4515=B_SPLINE_CURVE_WITH_KNOTS('',1,(#4513,#4514),.UNSPECIFIED.,.F.,.F.,(2,2),(0.00000000000000000E0,1.00000000000000000E0),.UNSPECIFIED.);
#4516=DEFINITIONAL_REPRESENTATION('',(#4515),#2107);
#4517=PCURVE('',#1119,#4516);
#4518=CARTESIAN_POINT('',(1.00000000000000000E0,1.00000000000000000E0));
#4519=CARTESIAN_POINT('',(0.00000000000000000E0,1.00000000000000000E0));
#4520=B_SPLINE_CURVE_WITH_KNOTS('',1,(#4518,#4519),.UNSPECIFIED.,.F.,.F.,(2,2),(0.00000000000000000E0,1.00000000000000000E0),.UNSPECIFIED.);
#4521=DEFINITIONAL_REPRESENTATION('',(#4520),#2107);
#4522=PCURVE('',#1119,#4521);
#4523=CARTESIAN_POINT('',(0.00000000000000000E0,1.00000000000000000E0));
#4524=CARTESIAN_POINT('',(0.00000000000000000E0,0.00000000000000000E0));
#4525=B_SPLINE_CURVE_WITH_KNOTS('',1,(#4523,#4524),.UNSPECIFIED.,.F.,.F.,(2,2),(0.00000000000000000E0,1.00000000000000000E0),.UNSPECIFIED.);
#4526=DEFINITIONAL_REPRESENTATION('',(#4525),#2107);
#4527=PCURVE('',#1119,#4526);
#4528=CARTESIAN_POINT('',(0.00000000000000000E0,0.00000000000000000E0));
#4529=CARTESIAN_POINT('',(1.00000000000000000E0,0.00000000000000000E0));
#4530=B_SPLINE_CURVE_WITH_KNOTS('',1,(#4528,#4529),.UNSPECIFIED.,.F.,.F.,(2,2),(0.00000000000000000E0,1.00000000000000000E0),.UNSPECIFIED.);
#4531=DEFINITIONAL_REPRESENTATION('',(#4530),#2107);
#4532=PCURVE('',#1126,#4531);
#4533=CARTESIAN_POINT('',(1.00000000000000000E0,0.00000000000000000E0));
#4534=CARTESIAN_POINT('',(1.00000000000000000E0,1.00000000000000000E0));
#4535=B_SPLINE_CURVE_WITH_KNOTS('',1,(#4533,#4534),.UNSPECIFIED.,.F.,.F.,(2,2),(0.00000000000000000E0,1.00000000000000000E0),.UNSPECIFIED.);
#4536=DEFINITIONAL_REPRESENTATION('',(#4535),#2107);
#4537=PCURVE('',#1126,#4536);
#4538=CARTESIAN_POINT('',(1.00000000000000000E0,1.00000000000000000E0));
#4539=CARTESIAN_POINT('',(0.00000000000000000E0,1.00000000000000000E0));
#4540=B_SPLINE_CURVE_WITH_KNOTS('',1,(#4538,#4539),.UNSPECIFIED.,.F.,.F.,(2,2),(0.00000000000000000E0,1.00000000000000000E0),.UNSPECIFIED.);
#4541=DEFINITIONAL_REPRESENTATION('',(#4540),#2107);
#4542=PCURVE('',#1126,#4541);
#4543=CARTESIAN_POINT('',(0.00000000000000000E0,1.00000000000000000E0));
#4544=CARTESIAN_POINT('',(0.00000000000000000E0,0.00000000000000000E0));
#4545=B_SPLINE_CURVE_WITH_KNOTS('',1,(#4543,#4544),.UNSPECIFIED.,.F.,.F.,(2,2),(0.00000000000000000E0,1.00000000000000000E0),.UNSPECIFIED.);
#4546=DEFINITIONAL_REPRESENTATION('',(#4545),#2107);
#4547=PCURVE('',#1126,#4546);
#4548=CARTESIAN_POINT('',(0.00000000000000000E0,0.00000000000000000E0));
#4549=CARTESIAN_POINT('',(1.00000000000000000E0,0.00000000000000000E0));
#4550=B_SPLINE_CURVE_WITH_KNOTS('',1,(#4548,#4549),.UNSPECIFIED.,.F.,.F.,(2,2),(0.00000000000000000E0,1.00000000000000000E0),.UNSPECIFIED.);
#4551=DEFINITIONAL_REPRESENTATION('',(#4550),#2107);
#4552=PCURVE('',#1133,#4551);
#4553=CARTESIAN_POINT('',(1.00000000000000000E0,0.00000000000000000E0));
#4554=CARTESIAN_POINT('',(1.00000000000000000E0,1.00000000000000000E0));
#4555=B_SPLINE_CURVE_WITH_KNOTS('',1,(#4553,#4554),.UNSPECIFIED.,.F.,.F.,(2,2),(0.00000000000000000E0,1.00000000000000000E0),.UNSPECIFIED.);
#4556=DEFINITIONAL_REPRESENTATION('',(#4555),#2107);
#4557=PCURVE('',#1133,#4556);
#4558=CARTESIAN_POINT('',(1.00000000000000000E0,1.00000000000000000E0));
#4559=CARTESIAN_POINT('',(0.00000000000000000E0,1.00000000000000000E0));
#4560=B_SPLINE_CURVE_WITH_KNOTS('',1,(#4558,#4559),.UNSPECIFIED.,.F.,.F.,(2,2),(0.00000000000000000E0,1.00000000000000000E0),.UNSPECIFIED.);
#4561=DEFINITIONAL_REPRESENTATION('',(#4560),#2107);
#4562=PCURVE('',#1133,#4561);
#4563=CARTESIAN_POINT('',(0.00000000000000000E0,1.00000000000000000E0));
#4564=CARTESIAN_POINT('',(0.00000000000000000E0,0.00000000000000000E0));
#4565=B_SPLINE_CURVE_WITH_KNOTS('',1,(#4563,#4564),.UNSPECIFIED.,.F.,.F.,(2,2),(0.00000000000000000E0,1.00000000000000000E0),.UNSPECIFIED.);
#4566=DEFINITIONAL_REPRESENTATION('',(#4565),#2107);
#4567=PCURVE('',#1133,#4566);
#4568=CARTESIAN_POINT('',(0.00000000000000000E0,0.00000000000000000E0));
#4569=CARTESIAN_POINT('',(1.00000000000000000E0,0.00000000000000000E0));
#4570=B_SPLINE_CURVE_WITH_KNOTS('',1,(#4568,#4569),.UNSPECIFIED.,.F.,.F.,(2,2),(0.00000000000000000E0,1.00000000000000000E0),.UNSPECIFIED.);
#4571=DEFINITIONAL_REPRESENTATION('',(#4570),#2107);
#4572=PCURVE('',#1140,#4571);
#4573=CARTESIAN_POINT('',(1.00000000000000000E0,0.00000000000000000E0));
#4574=CARTESIAN_POINT('',(1.00000000000000000E0,1.00000000000000000E0));
#4575=B_SPLINE_CURVE_WITH_KNOTS('',1,(#4573,#4574),.UNSPECIFIED.,.F.,.F.,(2,2),(0.00000000000000000E0,1.00000000000000000E0),.UNSPECIFIED.);
#4576=DEFINITIONAL_REPRESENTATION('',(#4575),#2107);
#4577=PCURVE('',#1140,#4576);
#4578=CARTESIAN_POINT('',(1.00000000000000000E0,1.00000000000000000E0));
#4579=CARTESIAN_POINT('',(0.00000000000000000E0,1.00000000000000000E0));
#4580=B_SPLINE_CURVE_WITH_KNOTS('',1,(#4578,#4579),.UNSPECIFIED.,.F.,.F.,(2,2),(0.00000000000000000E0,1.00000000000000000E0),.UNSPECIFIED.);
#4581=DEFINITIONAL_REPRESENTATION('',(#4580),#2107);
#4582=PCURVE('',#1140,#4581);
#4583=CARTESIAN_POINT('',(0.00000000000000000E0,1.00000000000000000E0));
#4584=CARTESIAN_POINT('',(0.00000000000000000E0,0.00000000000000000E0));
#4585=B_SPLINE_CURVE_WITH_KNOTS('',1,(#4583,#4584),.UNSPECIFIED.,.F.,.F.,(2,2),(0.00000000000000000E0,1.00000000000000000E0),.UNSPECIFIED.);
#4586=DEFINITIONAL_REPRESENTATION('',(#4585),#2107);
#4587=PCURVE('',#1140,#4586);
#4588=CARTESIAN_POINT('',(0.00000000000000000E0,0.00000000000000000E0));
#4589=CARTESIAN_POINT('',(1.00000000000000000E0,0.00000000000000000E0));
#4590=B_SPLINE_CURVE_WITH_KNOTS('',1,(#4588,#4589),.UNSPECIFIED.,.F.,.F.,(2,2),(0.00000000000000000E0,1.00000000000000000E0),.UNSPECIFIED.);
#4591=DEFINITIONAL_REPRESENTATION('',(#4590),#2107);
#4592=PCURVE('',#1147,#4591);
#4593=CARTESIAN_POINT('',(1.00000000000000000E0,0.00000000000000000E0));
#4594=CARTESIAN_POINT('',(1.00000000000000000E0,1.00000000000000000E0));
#4595=B_SPLINE_CURVE_WITH_KNOTS('',1,(#4593,#4594),.UNSPECIFIED.,.F.,.F.,(2,2),(0.00000000000000000E0,1.00000000000000000E0),.UNSPECIFIED.);
#4596=DEFINITIONAL_REPRESENTATION('',(#4595),#2107);
#4597=PCURVE('',#1147,#4596);
#4598=CARTESIAN_POINT('',(1.00000000000000000E0,1.00000000000000000E0));
#4599=CARTESIAN_POINT('',(0.00000000000000000E0,1.00000000000000000E0));
#4600=B_SPLINE_CURVE_WITH_KNOTS('',1,(#4598,#4599),.UNSPECIFIED.,.F.,.F.,(2,2),(0.00000000000000000E0,1.00000000000000000E0),.UNSPECIFIED.);
#4601=DEFINITIONAL_REPRESENTATION('',(#4600),#2107);
#4602=PCURVE('',#1147,#4601);
#4603=CARTESIAN_POINT('',(0.00000000000000000E0,1.00000000000000000E0));
#4604=CARTESIAN_POINT('',(0.00000000000000000E0,0.00000000000000000E0));
#4605=B_SPLINE_CURVE_WITH_KNOTS('',1,(#4603,#4604),.UNSPECIFIED.,.F.,.F.,(2,2),(0.00000000000000000E0,1.00000000000000000E0),.UNSPECIFIED.);
#4606=DEFINITIONAL_REPRESENTATION('',(#4605),#2107);
#4607=PCURVE('',#1147,#4606);
#4608=CARTESIAN_POINT('',(0.00000000000000000E0,0.00000000000000000E0));
#4609=CARTESIAN_POINT('',(1.00000000000000000E0,0.00000000000000000E0));
#4610=B_SPLINE_CURVE_WITH_KNOTS('',1,(#4608,#4609),.UNSPECIFIED.,.F.,.F.,(2,2),(0.00000000000000000E0,1.00000000000000000E0),.UNSPECIFIED.);
#4611=DEFINITIONAL_REPRESENTATION('',(#4610),#2107);
#4612=PCURVE('',#1154,#4611);
#4613=CARTESIAN_POINT('',(1.00000000000000000E0,0.00000000000000000E0));
#4614=CARTESIAN_POINT('',(1.00000000000000000E0,1.00000000000000000E0));
#4615=B_SPLINE_CURVE_WITH_KNOTS('',1,(#4613,#4614),.UNSPECIFIED.,.F.,.F.,(2,2),(0.00000000000000000E0,1.00000000000000000E0),.UNSPECIFIED.);
#4616=DEFINITIONAL_REPRESENTATION('',(#4615),#2107);
#4617=PCURVE('',#1154,#4616);
#4618=CARTESIAN_POINT('',(1.00000000000000000E0,1.00000000000000000E0));
#4619=CARTESIAN_POINT('',(0.00000000000000000E0,1.00000000000000000E0));
#4620=B_SPLINE_CURVE_WITH_KNOTS('',1,(#4618,#4619),.UNSPECIFIED.,.F.,.F.,(2,2),(0.00000000000000000E0,1.00000000000000000E0),.UNSPECIFIED.);
#4621=DEFINITIONAL_REPRESENTATION('',(#4620),#2107);
#4622=PCURVE('',#1154,#4621);
#4623=CARTESIAN_POINT('',(0.00000000000000000E0,1.00000000000000000E0));
#4624=CARTESIAN_POINT('',(0.00000000000000000E0,0.00000000000000000E0));
#4625=B_SPLINE_CURVE_WITH_KNOTS('',1,(#4623,#4624),.UNSPECIFIED.,.F.,.F.,(2,2),(0.00000000000000000E0,1.00000000000000000E0),.UNSPECIFIED.);
#4626=DEFINITIONAL_REPRESENTATION('',(#4625),#2107);
#4627=PCURVE('',#1154,#4626);
#4628=CARTESIAN_POINT('',(0.00000000000000000E0,0.00000000000000000E0));
#4629=CARTESIAN_POINT('',(1.00000000000000000E0,0.00000000000000000E0));
#4630=B_SPLINE_CURVE_WITH_KNOTS('',1,(#4628,#4629),.UNSPECIFIED.,.F.,.F.,(2,2),(0.00000000000000000E0,1.00000000000000000E0),.UNSPECIFIED.);
#4631=DEFINITIONAL_REPRESENTATION('',(#4630),#2107);
#4632=PCURVE('',#1161,#4631);
#4633=CARTESIAN_POINT('',(1.00000000000000000E0,0.00000000000000000E0));
#4634=CARTESIAN_POINT('',(1.00000000000000000E0,1.00000000000000000E0));
#4635=B_SPLINE_CURVE_WITH_KNOTS('',1,(#4633,#4634),.UNSPECIFIED.,.F.,.F.,(2,2),(0.00000000000000000E0,1.00000000000000000E0),.UNSPECIFIED.);
#4636=DEFINITIONAL_REPRESENTATION('',(#4635),#2107);
#4637=PCURVE('',#1161,#4636);
#4638=CARTESIAN_POINT('',(1.00000000000000000E0,1.00000000000000000E0));
#4639=CARTESIAN_POINT('',(0.00000000000000000E0,1.00000000000000000E0));
#4640=B_SPLINE_CURVE_WITH_KNOTS('',1,(#4638,#4639),.UNSPECIFIED.,.F.,.F.,(2,2),(0.00000000000000000E0,1.00000000000000000E0),.UNSPECIFIED.);
#4641=DEFINITIONAL_REPRESENTATION('',(#4640),#2107);
#4642=PCURVE('',#1161,#4641);
#4643=CARTESIAN_POINT('',(0.00000000000000000E0,1.00000000000000000E0));
#4644=CARTESIAN_POINT('',(0.00000000000000000E0,0.00000000000000000E0));
#4645=B_SPLINE_CURVE_WITH_KNOTS('',1,(#4643,#4644),.UNSPECIFIED.,.F.,.F.,(2,2),(0.00000000000000000E0,1.00000000000000000E0),.UNSPECIFIED.);
#4646=DEFINITIONAL_REPRESENTATION('',(#4645),#2107);
#4647=PCURVE('',#1161,#4646);
#4648=CARTESIAN_POINT('',(0.00000000000000000E0,0.00000000000000000E0));
#4649=CARTESIAN_POINT('',(1.00000000000000000E0,0.00000000000000000E0));
#4650=B_SPLINE_CURVE_WITH_KNOTS('',1,(#4648,#4649),.UNSPECIFIED.,.F.,.F.,(2,2),(0.00000000000000000E0,1.00000000000000000E0),.UNSPECIFIED.);
#4651=DEFINITIONAL_REPRESENTATION('',(#4650),#2107);
#4652=PCURVE('',#1168,#4651);
#4653=CARTESIAN_POINT('',(1.00000000000000000E0,0.00000000000000000E0));
#4654=CARTESIAN_POINT('',(1.00000000000000000E0,1.00000000000000000E0));
#4655=B_SPLINE_CURVE_WITH_KNOTS('',1,(#4653,#4654),.UNSPECIFIED.,.F.,.F.,(2,2),(0.00000000000000000E0,1.00000000000000000E0),.UNSPECIFIED.);
#4656=DEFINITIONAL_REPRESENTATION('',(#4655),#2107);
#4657=PCURVE('',#1168,#4656);
#4658=CARTESIAN_POINT('',(1.00000000000000000E0,1.00000000000000000E0));
#4659=CARTESIAN_POINT('',(0.00000000000000000E0,1.00000000000000000E0));
#4660=B_SPLINE_CURVE_WITH_KNOTS('',1,(#4658,#4659),.UNSPECIFIED.,.F.,.F.,(2,2),(0.00000000000000000E0,1.00000000000000000E0),.UNSPECIFIED.);
#4661=DEFINITIONAL_REPRESENTATION('',(#4660),#2107);
#4662=PCURVE('',#1168,#4661);
#4663=CARTESIAN_POINT('',(0.00000000000000000E0,1.00000000000000000E0));
#4664=CARTESIAN_POINT('',(0.00000000000000000E0,0.00000000000000000E0));
#4665=B_SPLINE_CURVE_WITH_KNOTS('',1,(#4663,#4664),.UNSPECIFIED.,.F.,.F.,(2,2),(0.00000000000000000E0,1.00000000000000000E0),.UNSPECIFIED.);
#4666=DEFINITIONAL_REPRESENTATION('',(#4665),#2107);
#4667=PCURVE('',#1168,#4666);
#4668=CARTESIAN_POINT('',(-5.00000000000000000E-1,5.00000000000000000E-1));
#4669=CARTESIAN_POINT('',(-1.00000000000000000E0,0.00000000000000000E0));
#4670=CARTESIAN_POINT('',(-5.00000000000000000E-1,-5.00000000000000000E-1));
#4671=B_SPLINE_CURVE_WITH_KNOTS('',2,(#4668,#4669,#4670),.UNSPECIFIED.,.F.,.F.,(3,3),(0.00000000000000000E0,1.00000000000000000E0),.UNSPECIFIED.);
#4672=DEFINITIONAL_REPRESENTATION('',(#4671),#2107);
#4673=PCURVE('',#1173,#4672);
#4674=CARTESIAN_POINT('',(-5.00000000000000000E-1,-5.00000000000000000E-1));
#4675=CARTESIAN_POINT('',(0.00000000000000000E0,-1.00000000000000000E0));
#4676=CARTESIAN_POINT('',(5.00000000000000000E-1,-5.00000000000000000E-1));
#4677=B_SPLINE_CURVE_WITH_KNOTS('',2,(#4674,#4675,#4676),.UNSPECIFIED.,.F.,.F.,(3,3),(0.00000000000000000E0,1.00000000000000000E0),.UNSPECIFIED.);
#4678=DEFINITIONAL_REPRESENTATION('',(#4677),#2107);
#4679=PCURVE('',#1173,#4678);
#4680=CARTESIAN_POINT('',(5.00000000000000000E-1,-5.00000000000000000E-1));
#4681=CARTESIAN_POINT('',(1.00000000000000000E0,0.00000000000000000E0));
#4682=CARTESIAN_POINT('',(5.00000000000000000E-1,5.00000000000000000E-1));
#4683=B_SPLINE_CURVE_WITH_KNOTS('',2,(#4680,#4681,#4682),.UNSPECIFIED.,.F.,.F.,(3,3),(0.00000000000000000E0,1.00000000000000000E0),.UNSPECIFIED.);
#4684=DEFINITIONAL_REPRESENTATION('',(#4683),#2107);
#4685=PCURVE('',#1173,#4684);
#4686=CARTESIAN_POINT('',(5.00000000000000000E-1,5.00000000000000000E-1));
#4687=CARTESIAN_POINT('',(0.00000000000000000E0,1.00000000000000000E0));
#4688=CARTESIAN_POINT('',(-5.00000000000000000E-1,5.00000000000000000E-1));
#4689=B_SPLINE_CURVE_WITH_KNOTS('',2,(#4686,#4687,#4688),.UNSPECIFIED.,.F.,.F.,(3,3),(0.00000000000000000E0,1.00000000000000000E0),.UNSPECIFIED.);
#4690=DEFINITIONAL_REPRESENTATION('',(#4689),#2107);
#4691=PCURVE('',#1173,#4690);
#4692=CARTESIAN_POINT('',(-1.25000000000000000E-1,1.25000000000000000E-1));
#4693=CARTESIAN_POINT('',(0.00000000000000000E0,2.50000000000000000E-1));
#4694=CARTESIAN_POINT('',(1.25000000000000000E-1,1.25000000000000000E-1));
#4695=B_SPLINE_CURVE_WITH_KNOTS('',2,(#4692,#4693,#4694),.UNSPECIFIED.,.F.,.F.,(3,3),(0.00000000000000000E0,1.00000000000000000E0),.UNSPECIFIED.);
#4696=DEFINITIONAL_REPRESENTATION('',(#4695),#2107);
#4697=PCURVE('',#1173,#4696);
#4698=CARTESIAN_POINT('',(1.25000000000000000E-1,1.25000000000000000E-1));
#4699=CARTESIAN_POINT('',(2.50000000000000000E-1,0.00000000000000000E0));
#4700=CARTESIAN_POINT('',(1.25000000000000000E-1,-1.25000000000000000E-1));
#4701=B_SPLINE_CURVE_WITH_KNOTS('',2,(#4698,#4699,#4700),.UNSPECIFIED.,.F.,.F.,(3,3),(0.00000000000000000E0,1.00000000000000000E0),.UNSPECIFIED.);
#4702=DEFINITIONAL_REPRESENTATION('',(#4701),#2107);
#4703=PCURVE('',#1173,#4702);
#4704=CARTESIAN_POINT('',(1.25000000000000000E-1,-1.25000000000000000E-1));
#4705=CARTESIAN_POINT('',(0.00000000000000000E0,-2.50000000000000000E-1));
#4706=CARTESIAN_POINT('',(-1.25000000000000000E-1,-1.25000000000000000E-1));
#4707=B_SPLINE_CURVE_WITH_KNOTS('',2,(#4704,#4705,#4706),.UNSPECIFIED.,.F.,.F.,(3,3),(0.00000000000000000E0,1.00000000000000000E0),.UNSPECIFIED.);
#4708=DEFINITIONAL_REPRESENTATION('',(#4707),#2107);
#4709=PCURVE('',#1173,#4708);
#4710=CARTESIAN_POINT('',(-1.25000000000000000E-1,-1.25000000000000000E-1));
#4711=CARTESIAN_POINT('',(-2.50000000000000000E-1,0.00000000000000000E0));
#4712=CARTESIAN_POINT('',(-1.25000000000000000E-1,1.25000000000000000E-1));
#4713=B_SPLINE_CURVE_WITH_KNOTS('',2,(#4710,#4711,#4712),.UNSPECIFIED.,.F.,.F.,(3,3),(0.00000000000000000E0,1.00000000000000000E0),.UNSPECIFIED.);
#4714=DEFINITIONAL_REPRESENTATION('',(#4713),#2107);
#4715=PCURVE('',#1173,#4714);
#4716=CARTESIAN_POINT('',(9.84214512869243663E0,8.14284947176474816E-1));
#4717=CARTESIAN_POINT('',(9.73613213893258944E0,-2.78329454161394096E-1));
#4718=CARTESIAN_POINT('',(1.00634299570106123E1,-1.12353989624489259E0));
#4719=B_SPLINE_CURVE_WITH_KNOTS('',2,(#4716,#4717,#4718),.UNSPECIFIED.,.F.,.F.,(3,3),(0.00000000000000000E0,1.00000000000000000E0),.UNSPECIFIED.);
#4720=DEFINITIONAL_REPRESENTATION('',(#4719),#2107);
#4721=PCURVE('',#1178,#4720);
#4722=CARTESIAN_POINT('',(1.00634299570106123E1,-1.12353989624489259E0));
#4723=CARTESIAN_POINT('',(1.03907277750886351E1,-1.96875033832839108E0));
#4724=CARTESIAN_POINT('',(1.04967407648484823E1,-8.76135936990522168E-1));
#4725=B_SPLINE_CURVE_WITH_KNOTS('',2,(#4722,#4723,#4724),.UNSPECIFIED.,.F.,.F.,(3,3),(0.00000000000000000E0,1.00000000000000000E0),.UNSPECIFIED.);
#4726=DEFINITIONAL_REPRESENTATION('',(#4725),#2107);
#4727=PCURVE('',#1178,#4726);
#4728=CARTESIAN_POINT('',(1.04967407648484823E1,-8.76135936990522168E-1));
#4729=CARTESIAN_POINT('',(1.06027537546083295E1,2.16478464347346744E-1));
#4730=CARTESIAN_POINT('',(1.02754559365303066E1,1.06168890643084524E0));
#4731=B_SPLINE_CURVE_WITH_KNOTS('',2,(#4728,#4729,#4730),.UNSPECIFIED.,.F.,.F.,(3,3),(0.00000000000000000E0,1.00000000000000000E0),.UNSPECIFIED.);
#4732=DEFINITIONAL_REPRESENTATION('',(#4731),#2107);
#4733=PCURVE('',#1178,#4732);
#4734=CARTESIAN_POINT('',(1.02754559365303066E1,1.06168890643084524E0));
#4735=CARTESIAN_POINT('',(9.94815811845228382E0,1.90689934851434373E0));
#4736=CARTESIAN_POINT('',(9.84214512869243663E0,8.14284947176474816E-1));
#4737=B_SPLINE_CURVE_WITH_KNOTS('',2,(#4734,#4735,#4736),.UNSPECIFIED.,.F.,.F.,(3,3),(0.00000000000000000E0,1.00000000000000000E0),.UNSPECIFIED.);
#4738=DEFINITIONAL_REPRESENTATION('',(#4737),#2107);
#4739=PCURVE('',#1178,#4738);
#4740=CARTESIAN_POINT('',(1.00876184922508401E1,1.80377115614192007E-1));
#4741=CARTESIAN_POINT('',(1.01141217396907450E1,4.53530715948545549E-1));
#4742=CARTESIAN_POINT('',(1.01959461942103644E1,2.42228105427784612E-1));
#4743=B_SPLINE_CURVE_WITH_KNOTS('',2,(#4740,#4741,#4742),.UNSPECIFIED.,.F.,.F.,(3,3),(0.00000000000000000E0,1.00000000000000000E0),.UNSPECIFIED.);
#4744=DEFINITIONAL_REPRESENTATION('',(#4743),#2107);
#4745=PCURVE('',#1178,#4744);
#4746=CARTESIAN_POINT('',(1.01959461942103644E1,2.42228105427784612E-1));
#4747=CARTESIAN_POINT('',(1.02777706487299838E1,3.09254949070236762E-2));
#4748=CARTESIAN_POINT('',(1.02512674012900789E1,-2.42228105427329865E-1));
#4749=B_SPLINE_CURVE_WITH_KNOTS('',2,(#4746,#4747,#4748),.UNSPECIFIED.,.F.,.F.,(3,3),(0.00000000000000000E0,1.00000000000000000E0),.UNSPECIFIED.);
#4750=DEFINITIONAL_REPRESENTATION('',(#4749),#2107);
#4751=PCURVE('',#1178,#4750);
#4752=CARTESIAN_POINT('',(1.02512674012900789E1,-2.42228105427329865E-1));
#4753=CARTESIAN_POINT('',(1.02247641538501739E1,-5.15381705761683406E-1));
#4754=CARTESIAN_POINT('',(1.01429396993305545E1,-3.04079095240922470E-1));
#4755=B_SPLINE_CURVE_WITH_KNOTS('',2,(#4752,#4753,#4754),.UNSPECIFIED.,.F.,.F.,(3,3),(0.00000000000000000E0,1.00000000000000000E0),.UNSPECIFIED.);
#4756=DEFINITIONAL_REPRESENTATION('',(#4755),#2107);
#4757=PCURVE('',#1178,#4756);
#4758=CARTESIAN_POINT('',(1.01429396993305545E1,-3.04079095240922470E-1));
#4759=CARTESIAN_POINT('',(1.00611152448109351E1,-9.27764847201615339E-2));
#4760=CARTESIAN_POINT('',(1.00876184922508401E1,1.80377115614192007E-1));
#4761=B_SPLINE_CURVE_WITH_KNOTS('',2,(#4758,#4759,#4760),.UNSPECIFIED.,.F.,.F.,(3,3),(0.00000000000000000E0,1.00000000000000000E0),.UNSPECIFIED.);
#4762=DEFINITIONAL_REPRESENTATION('',(#4761),#2107);
#4763=PCURVE('',#1178,#4762);
#4764=SURFACE_CURVE('',#1182,(#2112,#4691),.PCURVE_S1.);
#4765=EDGE_CURVE('OSCAD_TOPO/3|edge|e:1c4f2316c8b61ecf128c894488b9d5ec|5705566ab729f0ea567da2a438b261b1cae0fcab18ff8179571337b96494938b',#2,#4,#4764,.T.);
#4766=SURFACE_CURVE('',#1185,(#2117,#2147),.PCURVE_S1.);
#4767=EDGE_CURVE('OSCAD_TOPO/3|edge|e:11543b82b57d36d396a08f73ecd3dcb8|1a6ac64de1751895e055adad21b4ede7a022831f665bd2b388f0c609f4ac8119',#4,#20,#4766,.T.);
#4768=SURFACE_CURVE('',#1189,(#2122,#2272),.PCURVE_S1.);
#4769=EDGE_CURVE('OSCAD_TOPO/3|edge|e:6be471f158fb24b9c626b9e08cb9b45f|260e94348694a9f8ed5873f274d15d0a26bc1bbde807260137aa12db3e9a8fc2',#18,#20,#4768,.T.);
#4770=SURFACE_CURVE('',#1192,(#2127,#2177),.PCURVE_S1.);
#4771=EDGE_CURVE('OSCAD_TOPO/3|edge|e:49a6a0a7ad962cce03e39cfb2aa893b4|446ce4f0c80ee923391b05632efb5b9b8cbc8442cadd6ff8e8c2097119bdbf84',#2,#18,#4770,.T.);
#4772=SURFACE_CURVE('',#1196,(#2132,#4685),.PCURVE_S1.);
#4773=EDGE_CURVE('OSCAD_TOPO/3|edge|e:755e9d9ce9d2d9351f7a80d86cef5575|d45e370fd17c4d4d8ba609b7f58f3428310c0dacdd6b42b71808e0f2ff1408c3',#4,#6,#4772,.T.);
#4774=SURFACE_CURVE('',#1199,(#2137,#2167),.PCURVE_S1.);
#4775=EDGE_CURVE('OSCAD_TOPO/3|edge|e:160ca191592318d79d4842a364d80a0b|1624bcadc50182d21ab8108935e7a1b85929d9dace3b4ccabd4b4e4ac7517295',#6,#22,#4774,.T.);
#4776=SURFACE_CURVE('',#1203,(#2142,#2292),.PCURVE_S1.);
#4777=EDGE_CURVE('OSCAD_TOPO/3|edge|e:95ac51fae1785b0e5f9dc3e659a5761a|fab6995e3a5ba56bea087dcfd7108926206b7f12777f76d89cb89d0e9b430368',#20,#22,#4776,.T.);
#4778=SURFACE_CURVE('',#1207,(#2152,#4679),.PCURVE_S1.);
#4779=EDGE_CURVE('OSCAD_TOPO/3|edge|e:29a300b5dfe6982c6d6e98f15a2bbbc9|e9c28a9ad75587fb63993c93bfce23a104357f3935abadb0ba1198357806c84e',#6,#8,#4778,.T.);
#4780=SURFACE_CURVE('',#1210,(#2157,#2187),.PCURVE_S1.);
#4781=EDGE_CURVE('OSCAD_TOPO/3|edge|e:268324995961b2ae675ab746752222cd|fa9123bbc64c823c730fe0c7ebb0ee9500c370699a190b7bce284a6f74f8d646',#8,#24,#4780,.T.);
#4782=SURFACE_CURVE('',#1214,(#2162,#2312),.PCURVE_S1.);
#4783=EDGE_CURVE('OSCAD_TOPO/3|edge|e:11364d177cd5e1b58e7af54aa46443b1|4803ccb394159abbcfc3f591bcf7a34a02c4e0107679951346c1ef913de8b939',#22,#24,#4782,.T.);
#4784=SURFACE_CURVE('',#1218,(#2172,#4673),.PCURVE_S1.);
#4785=EDGE_CURVE('OSCAD_TOPO/3|edge|e:199852ba715868184d47cccf60b7b392|0db69373297b01e61d688419c857d29f1bb0d13680e7bd42a87874e19a62947c',#2,#8,#4784,.T.);
#4786=SURFACE_CURVE('',#1222,(#2182,#2332),.PCURVE_S1.);
#4787=EDGE_CURVE('OSCAD_TOPO/3|edge|e:47a8d6d1250661402c56c818bb797239|60073132811f3b1cd153a913c27ee58966396b9872bf217686c268a612cd2645',#18,#24,#4786,.T.);
#4788=SURFACE_CURVE('',#1226,(#2192,#4715),.PCURVE_S1.);
#4789=EDGE_CURVE('OSCAD_TOPO/3|edge|e:ca90112f2ca6c4065630c9166d0c1524|f79711119fbaa88a248b218942d267eb7e2e74dec38033ce84dafc5c5b6dc565',#10,#12,#4788,.T.);
#4790=SURFACE_CURVE('',#1229,(#2197,#2227),.PCURVE_S1.);
#4791=EDGE_CURVE('OSCAD_TOPO/3|edge|e:8befbb940cc826a6418ff74023bcb5e3|3ba3017c1220e7f13bc6be91503ead98faed0eae6befec37b06603323667fc1a',#12,#28,#4790,.T.);
#4792=SURFACE_CURVE('',#1233,(#2202,#2352),.PCURVE_S1.);
#4793=EDGE_CURVE('OSCAD_TOPO/3|edge|e:3ca5b403aa770410fa987e9dbe6d4b08|98a836c98787c8e9e85396c5d7509b74bf2f5bdcfa6cb4756ab66ff9b4c536d6',#26,#28,#4792,.T.);
#4794=SURFACE_CURVE('',#1236,(#2207,#2257),.PCURVE_S1.);
#4795=EDGE_CURVE('OSCAD_TOPO/3|edge|e:4523cddfb287b98335e7c74bb7fc72cb|36c25a1e2781703c7d80e202fe4eb165b2f4f34d160eb791b9a24d34581b11b6',#10,#26,#4794,.T.);
#4796=SURFACE_CURVE('',#1240,(#2212,#4709),.PCURVE_S1.);
#4797=EDGE_CURVE('OSCAD_TOPO/3|edge|e:bb9b7c22c7dd97ca9042af06118db46b|afaba64d5fd551da7d6417cfb5bafd03625683f0722529cbea25a3a53acd46af',#12,#14,#4796,.T.);
#4798=SURFACE_CURVE('',#1243,(#2217,#2247),.PCURVE_S1.);
#4799=EDGE_CURVE('OSCAD_TOPO/3|edge|e:39ee8305b57959d5570da5a1a2b0bc2b|fe1952c7c55d9925e5cf417671e996279277bd8cab2fb4284e1971b4eaeb9eb4',#14,#30,#4798,.T.);
#4800=SURFACE_CURVE('',#1247,(#2222,#2372),.PCURVE_S1.);
#4801=EDGE_CURVE('OSCAD_TOPO/3|edge|e:4e5a1ab1d8bad6aba18e97aa159d6c26|d636cbeace0045e3439d7155d00173048b238c69e3b520ba97617d50e764363d',#28,#30,#4800,.T.);
#4802=SURFACE_CURVE('',#1251,(#2232,#4703),.PCURVE_S1.);
#4803=EDGE_CURVE('OSCAD_TOPO/3|edge|e:98809cbeb7e5497a6e0e6b46f742eed7|88dcc882699533cec4ee3a2f283c4f76956c5dbd57c858ca313af4f2bfe80fa2',#14,#16,#4802,.T.);
#4804=SURFACE_CURVE('',#1254,(#2237,#2267),.PCURVE_S1.);
#4805=EDGE_CURVE('OSCAD_TOPO/3|edge|e:08ddd3712fe01256b03ac806f121fea2|85e073d0f7c32791033f41e3c370fecac546d0288ae69cb3bb5beb8855b2fa10',#16,#32,#4804,.T.);
#4806=SURFACE_CURVE('',#1258,(#2242,#2392),.PCURVE_S1.);
#4807=EDGE_CURVE('OSCAD_TOPO/3|edge|e:17531504d8eecc5730ce3097cda7dacb|0524ae2a7f82db47c580516510a000bdccd0fc15514c56c88368faf0fa109371',#30,#32,#4806,.T.);
#4808=SURFACE_CURVE('',#1262,(#2252,#4697),.PCURVE_S1.);
#4809=EDGE_CURVE('OSCAD_TOPO/3|edge|e:fb9d0530c27367552e605e0010c2eda8|7897d129209968f74a3e82232ff47e60083f2d7e069febb889c4736ecf4b40b2',#10,#16,#4808,.T.);
#4810=SURFACE_CURVE('',#1266,(#2262,#2412),.PCURVE_S1.);
#4811=EDGE_CURVE('OSCAD_TOPO/3|edge|e:0360228a24d56c1dab9b1f908fb92625|84a0e7ba09479eff0c905499dce675b6ed13bb459b4addfb0c06cbcf3bfadcc2',#26,#32,#4810,.T.);
#4812=SURFACE_CURVE('',#1269,(#2277,#2307),.PCURVE_S1.);
#4813=EDGE_CURVE('OSCAD_TOPO/3|edge|e:6b7e48510fb5c0e752c4ad76db889217|481ad5f64ffcee01adab8526bd255a2ae5849e86673e07980b57360cd7f1fd4b',#20,#36,#4812,.T.);
#4814=SURFACE_CURVE('',#1273,(#2282,#2432),.PCURVE_S1.);
#4815=EDGE_CURVE('OSCAD_TOPO/3|edge|e:772b88ba81f75fa64540c15dd8d32739|88603406c55112a475d6e5ee2065b4fcc5b0f3e5f212c52ea88c159a7c8d049a',#34,#36,#4814,.T.);
#4816=SURFACE_CURVE('',#1276,(#2287,#2337),.PCURVE_S1.);
#4817=EDGE_CURVE('OSCAD_TOPO/3|edge|e:99aa4d66260563ca2fb224681f51853b|85d48c1ee09c331efa4093263bd3abaf6ab2f7d7e8d65e888371578a69ffcebd',#18,#34,#4816,.T.);
#4818=SURFACE_CURVE('',#1279,(#2297,#2327),.PCURVE_S1.);
#4819=EDGE_CURVE('OSCAD_TOPO/3|edge|e:812a1d74049e8e626d21d7156f7e00a2|5cda182f9398b7f264245cc5b62d2316b973ea12ddf0e2d128604ae1686a8b1c',#22,#38,#4818,.T.);
#4820=SURFACE_CURVE('',#1283,(#2302,#2452),.PCURVE_S1.);
#4821=EDGE_CURVE('OSCAD_TOPO/3|edge|e:61c610e09d7d692986a864f5f307fdf2|432629c8a3d3c3ecec995c09632cc5c2249de0530d80b9ff9b9715d516e7b461',#36,#38,#4820,.T.);
#4822=SURFACE_CURVE('',#1286,(#2317,#2347),.PCURVE_S1.);
#4823=EDGE_CURVE('OSCAD_TOPO/3|edge|e:0f6d6fda56dc0d68236161a83c6425ee|330df6e6e9eadce555c62dc6700961f53b538c1608a852572df709abd27d71b3',#24,#40,#4822,.T.);
#4824=SURFACE_CURVE('',#1290,(#2322,#2472),.PCURVE_S1.);
#4825=EDGE_CURVE('OSCAD_TOPO/3|edge|e:24248043f0873a19133b5bea457d2ae5|4bb4e20962046527464603801eed635b78ba04d2ea95572118128dbb3f800708',#38,#40,#4824,.T.);
#4826=SURFACE_CURVE('',#1294,(#2342,#2492),.PCURVE_S1.);
#4827=EDGE_CURVE('OSCAD_TOPO/3|edge|e:6cecbb58e0f3bf2629f453b20d504324|3794e2e14686ac81ad0e65a62e76f849ebeaf6e188c4d3ecadc588a18c8f1946',#34,#40,#4826,.T.);
#4828=SURFACE_CURVE('',#1297,(#2357,#2387),.PCURVE_S1.);
#4829=EDGE_CURVE('OSCAD_TOPO/3|edge|e:0ca9af2eb7415313a2b64db0db85be3a|75c94be8da8676d6cfe0dbe9e491bab35f87937626c966e10b78dde8dc510c8e',#28,#44,#4828,.T.);
#4830=SURFACE_CURVE('',#1301,(#2362,#2512),.PCURVE_S1.);
#4831=EDGE_CURVE('OSCAD_TOPO/3|edge|e:4cc31c8be9c5c9e9373469fa1c857020|d5482c8a115801d043b538b5856e4f28d00d90d1a0f2a59c4f32197a5b966f70',#42,#44,#4830,.T.);
#4832=SURFACE_CURVE('',#1304,(#2367,#2417),.PCURVE_S1.);
#4833=EDGE_CURVE('OSCAD_TOPO/3|edge|e:b557383dd296863c6dc9c5faee0ebd86|20d9898ddc0468b4b64db7606332adb94975d17c57414ba5952c453fe350b381',#26,#42,#4832,.T.);
#4834=SURFACE_CURVE('',#1307,(#2377,#2407),.PCURVE_S1.);
#4835=EDGE_CURVE('OSCAD_TOPO/3|edge|e:db4a3853bc3e9604a4d89d063e6ecf18|8057f6068e8dc8a6df35eec48e51983ff68c314bb3992fe99577747fe42eba49',#30,#46,#4834,.T.);
#4836=SURFACE_CURVE('',#1311,(#2382,#2532),.PCURVE_S1.);
#4837=EDGE_CURVE('OSCAD_TOPO/3|edge|e:58ea89383fd713242ba50acbabdd1843|c6195a8328afaa55fc2e6e4981e9ac97b42c1e48889daf5ff6842963897623b3',#44,#46,#4836,.T.);
#4838=SURFACE_CURVE('',#1314,(#2397,#2427),.PCURVE_S1.);
#4839=EDGE_CURVE('OSCAD_TOPO/3|edge|e:13b554814bf52378ae5a7954e9d7e4fb|abd17509e4b820fcd1a6c57c814557da5ac0bfb81208cfc21d5bad1fe2f32b76',#32,#48,#4838,.T.);
#4840=SURFACE_CURVE('',#1318,(#2402,#2552),.PCURVE_S1.);
#4841=EDGE_CURVE('OSCAD_TOPO/3|edge|e:8ddc449ced59baa68646a07126222a7e|d16364139aa610cb09e5b3caf1e1f2ae1da665506bfdeb5c283673c5897a057c',#46,#48,#4840,.T.);
#4842=SURFACE_CURVE('',#1322,(#2422,#2572),.PCURVE_S1.);
#4843=EDGE_CURVE('OSCAD_TOPO/3|edge|e:b4694c46303fa168c00a4696add69818|86407e5b44353b6c1e5dc171bf4a48c0b2f3809e3b06bdcdf8be59edc7b651fe',#42,#48,#4842,.T.);
#4844=SURFACE_CURVE('',#1325,(#2437,#2467),.PCURVE_S1.);
#4845=EDGE_CURVE('OSCAD_TOPO/3|edge|e:901ffc1d1fa799bb8e0277ba9bd2c1de|edb697580c7b4d3471937c55ebec0be3237332ac5373bc1cbf8d414d03e2747d',#36,#52,#4844,.T.);
#4846=SURFACE_CURVE('',#1329,(#2442,#2592),.PCURVE_S1.);
#4847=EDGE_CURVE('OSCAD_TOPO/3|edge|e:14e8d79267e9c33f598b325ed81bf8d5|644fde843a490e5303b74fcb43b83519b57b24e624e503e91bf8fb2c72bbd8c2',#50,#52,#4846,.T.);
#4848=SURFACE_CURVE('',#1332,(#2447,#2497),.PCURVE_S1.);
#4849=EDGE_CURVE('OSCAD_TOPO/3|edge|e:4f0fbc0d628de366a957feefb4364604|133950e44485237563d828fa90ce76e0c1b7f2ab389dd274d6f077d82f90b84f',#34,#50,#4848,.T.);
#4850=SURFACE_CURVE('',#1335,(#2457,#2487),.PCURVE_S1.);
#4851=EDGE_CURVE('OSCAD_TOPO/3|edge|e:4950015fbea00be8b349a7f868614a15|8e2d8766fa9785869061a05db0c7ab6d3921448295d17f081e452f3607b2c0b3',#38,#54,#4850,.T.);
#4852=SURFACE_CURVE('',#1339,(#2462,#2612),.PCURVE_S1.);
#4853=EDGE_CURVE('OSCAD_TOPO/3|edge|e:b87ba5caa61c1cd2d75dab6170c26244|491b790d90217733e95957abf7fa48609b91f69735778267ee3c8a98a4c3d0a7',#52,#54,#4852,.T.);
#4854=SURFACE_CURVE('',#1342,(#2477,#2507),.PCURVE_S1.);
#4855=EDGE_CURVE('OSCAD_TOPO/3|edge|e:aefb4f6d78d1abe673b495f6c9541e2a|5f9b3d78223c0febbb53cd87229dd814ca8b885ba56ba0fb8c356514186d071e',#40,#56,#4854,.T.);
#4856=SURFACE_CURVE('',#1346,(#2482,#2632),.PCURVE_S1.);
#4857=EDGE_CURVE('OSCAD_TOPO/3|edge|e:a77991b095b2751ea18964fe64ff597f|a5c2c28d8c5f367e8d3d1d6bbf8c7bfb8cc910e8791d4965dd806efb63acc4cd',#54,#56,#4856,.T.);
#4858=SURFACE_CURVE('',#1350,(#2502,#2652),.PCURVE_S1.);
#4859=EDGE_CURVE('OSCAD_TOPO/3|edge|e:06c4266443ffed2291d5fd8b06c64cab|df4afd4d497fe89ab7161c5639fa01c2daae51e4bbd19c0837e6bff95f382215',#50,#56,#4858,.T.);
#4860=SURFACE_CURVE('',#1353,(#2517,#2547),.PCURVE_S1.);
#4861=EDGE_CURVE('OSCAD_TOPO/3|edge|e:914fd0299b3ad75f431b05c9220ed5f7|dac42409d722834c022c86714f11062777e7a857557787f45354104e79cee3c4',#44,#60,#4860,.T.);
#4862=SURFACE_CURVE('',#1357,(#2522,#2672),.PCURVE_S1.);
#4863=EDGE_CURVE('OSCAD_TOPO/3|edge|e:f2e1353453c544e157fe33cdd6743cae|81c2b957a3a5a96a8e51f8999ebca09bf1edec736f6e4857c7f8091064189bd5',#58,#60,#4862,.T.);
#4864=SURFACE_CURVE('',#1360,(#2527,#2577),.PCURVE_S1.);
#4865=EDGE_CURVE('OSCAD_TOPO/3|edge|e:baa4ccc50ad1873b0ebe0bfe690e1b3d|1da32c52bae3e57df59798a28ad7c2b7141f39bbb4f17f713bb382195fa1b3bc',#42,#58,#4864,.T.);
#4866=SURFACE_CURVE('',#1363,(#2537,#2567),.PCURVE_S1.);
#4867=EDGE_CURVE('OSCAD_TOPO/3|edge|e:9e03b9f7741b7e38c4b6c85b954d4972|063508b216d5652ebc5f9afa99a308d739e2a23c119a95c66ddbbf4e1de89bdc',#46,#62,#4866,.T.);
#4868=SURFACE_CURVE('',#1367,(#2542,#2692),.PCURVE_S1.);
#4869=EDGE_CURVE('OSCAD_TOPO/3|edge|e:7970d5a8c50b8c6afda97f0bacaefc5a|fa4bae3f742923b96d71862d8bd0e3ee7529e335f4420d5da7ba3f1f0d4554c2',#60,#62,#4868,.T.);
#4870=SURFACE_CURVE('',#1370,(#2557,#2587),.PCURVE_S1.);
#4871=EDGE_CURVE('OSCAD_TOPO/3|edge|e:cf56f1980edfb4a08e9977ea32b42ea5|16033e09bd0b1ad09ab65f2dac8a6a7f183dcbeeb4dd9afeb45497c144b7412a',#48,#64,#4870,.T.);
#4872=SURFACE_CURVE('',#1374,(#2562,#2712),.PCURVE_S1.);
#4873=EDGE_CURVE('OSCAD_TOPO/3|edge|e:160f4c40b1dd6391d5114296d22201e2|a2eeb79150074ce470203d77d43fc2c8b52cc67fafaa73afecfcd658154fe36f',#62,#64,#4872,.T.);
#4874=SURFACE_CURVE('',#1378,(#2582,#2732),.PCURVE_S1.);
#4875=EDGE_CURVE('OSCAD_TOPO/3|edge|e:0585c53a3f7b3c86737264fddb0a0e21|2066ca71bb59dbee814166a2ed94d3ceb94d1b8d5f495adb70e364a75276aea7',#58,#64,#4874,.T.);
#4876=SURFACE_CURVE('',#1381,(#2597,#2627),.PCURVE_S1.);
#4877=EDGE_CURVE('OSCAD_TOPO/3|edge|e:95382c0a3d9413f02d74392b9a5bfb75|9e49fd898fac8a12f13788e559e415284cee51ba863dc11aa6aff1e4d73198d6',#52,#68,#4876,.T.);
#4878=SURFACE_CURVE('',#1385,(#2602,#2752),.PCURVE_S1.);
#4879=EDGE_CURVE('OSCAD_TOPO/3|edge|e:3dfc8157cc3255389b91bc4be733fa87|8a4d289b1390dfaad7494b787aa95d5ea51043514d920a24c2669181acb73687',#66,#68,#4878,.T.);
#4880=SURFACE_CURVE('',#1388,(#2607,#2657),.PCURVE_S1.);
#4881=EDGE_CURVE('OSCAD_TOPO/3|edge|e:28c67eeff1b11f202133f65127edbd06|3d868efd686cdd5d6e2e0226335ed0be738b288c1528a6f769881ed120417981',#50,#66,#4880,.T.);
#4882=SURFACE_CURVE('',#1391,(#2617,#2647),.PCURVE_S1.);
#4883=EDGE_CURVE('OSCAD_TOPO/3|edge|e:66a93a2acab557e39bb034a9286d608d|c0a734945cef4dc2ae626cef8a2b21f89de08a2320cdf7f560bdf00da9cb2ebd',#54,#70,#4882,.T.);
#4884=SURFACE_CURVE('',#1395,(#2622,#2772),.PCURVE_S1.);
#4885=EDGE_CURVE('OSCAD_TOPO/3|edge|e:fbd2df4414b7cbfddbd5376f4616b8ba|97d5c5ece51631240b4e5f4992761406f7ae0697c4e1eac6a033864ce4e94897',#68,#70,#4884,.T.);
#4886=SURFACE_CURVE('',#1398,(#2637,#2667),.PCURVE_S1.);
#4887=EDGE_CURVE('OSCAD_TOPO/3|edge|e:d0c20c8d5ce9ab0dc6e391b4088a3739|280c0a4864a96606b7a511d763c4234b17e8ca75c38dd7c85af38a9280a41b1c',#56,#72,#4886,.T.);
#4888=SURFACE_CURVE('',#1402,(#2642,#2792),.PCURVE_S1.);
#4889=EDGE_CURVE('OSCAD_TOPO/3|edge|e:1871203bf14989814ac6b875b1a6909c|91a12548e040a655cd29ac238388d6f3c614fe2dddc6a0c214f072bb46437da9',#70,#72,#4888,.T.);
#4890=SURFACE_CURVE('',#1406,(#2662,#2812),.PCURVE_S1.);
#4891=EDGE_CURVE('OSCAD_TOPO/3|edge|e:a34a579d2b83a074f20951aaa49c32ee|d808220d6ab3e5e67c366ac48482c78625a8c88ea49d567a7dc3a5be737c9a08',#66,#72,#4890,.T.);
#4892=SURFACE_CURVE('',#1409,(#2677,#2707),.PCURVE_S1.);
#4893=EDGE_CURVE('OSCAD_TOPO/3|edge|e:63874634739b4aac85115e777b23fa0b|d4cd6ad0c48b9ba178d9d0ec21ac0fbe46e47920227af82ce97604df248e5077',#60,#76,#4892,.T.);
#4894=SURFACE_CURVE('',#1413,(#2682,#2832),.PCURVE_S1.);
#4895=EDGE_CURVE('OSCAD_TOPO/3|edge|e:a54679e116e97c15110df029937c3c41|0d86d4f23c9fbfa319e3265e8824ba23b3d033d3d6528c321c3846b8362244d0',#74,#76,#4894,.T.);
#4896=SURFACE_CURVE('',#1416,(#2687,#2737),.PCURVE_S1.);
#4897=EDGE_CURVE('OSCAD_TOPO/3|edge|e:9391858462260b58900d71b727894712|ae9ab85540f3f163ecc40ef8a4dcb4fe023b608fa1f465222ba5daa500708d93',#58,#74,#4896,.T.);
#4898=SURFACE_CURVE('',#1419,(#2697,#2727),.PCURVE_S1.);
#4899=EDGE_CURVE('OSCAD_TOPO/3|edge|e:55cebb365c0f6dba926faafdf6a47b35|676e1e244a716d62c49ee89a5a3003059357313f648954f442f18fbd4c8eb17b',#62,#78,#4898,.T.);
#4900=SURFACE_CURVE('',#1423,(#2702,#2852),.PCURVE_S1.);
#4901=EDGE_CURVE('OSCAD_TOPO/3|edge|e:663a70885b4a5de7d53f0bb2b08ca3c3|5f14e44870bc9f6b8a0ca3a7eed8e2e290b8c2da46bfad00465d9886debd3121',#76,#78,#4900,.T.);
#4902=SURFACE_CURVE('',#1426,(#2717,#2747),.PCURVE_S1.);
#4903=EDGE_CURVE('OSCAD_TOPO/3|edge|e:8d8ca62511f64432f2ae5f6ed0114ca9|08c7c3016c6027fda37611c4febfe1ee3902859ac390867960a426a66f248fe7',#64,#80,#4902,.T.);
#4904=SURFACE_CURVE('',#1430,(#2722,#2872),.PCURVE_S1.);
#4905=EDGE_CURVE('OSCAD_TOPO/3|edge|e:adcfdf7506661a615be5b402b14ed80f|b2f20b242293ac41233660330e52fd0da0ef090a5269bdb9326eb98e5e98e317',#78,#80,#4904,.T.);
#4906=SURFACE_CURVE('',#1434,(#2742,#2892),.PCURVE_S1.);
#4907=EDGE_CURVE('OSCAD_TOPO/3|edge|e:508b30a8bbe36a53fea2fe8f9b00207e|ddd0b35f473b03370373edf91f75b2273ec6e05ddec0a822fd314441e20231a5',#74,#80,#4906,.T.);
#4908=SURFACE_CURVE('',#1437,(#2757,#2787),.PCURVE_S1.);
#4909=EDGE_CURVE('OSCAD_TOPO/3|edge|e:6ae4117df0576282a4b1163cceb7bef8|9d7e0cef96b61116db4866e032f1b70cca85ce3d8153f3e34d16036df41b7b8c',#68,#84,#4908,.T.);
#4910=SURFACE_CURVE('',#1441,(#2762,#2912),.PCURVE_S1.);
#4911=EDGE_CURVE('OSCAD_TOPO/3|edge|e:beffeea12e7cdb9134eac925a42d1b28|4f4c1fd3766e9e9a7600dbc6dd25d0a9d5b9f9251befd67b26760584118ba4ad',#82,#84,#4910,.T.);
#4912=SURFACE_CURVE('',#1444,(#2767,#2817),.PCURVE_S1.);
#4913=EDGE_CURVE('OSCAD_TOPO/3|edge|e:8f8dd21da46816cd9a00f18f6a828327|0a3481cc0660f11243ee53369068d43906e56fdd127f8c46c99a9831baff6069',#66,#82,#4912,.T.);
#4914=SURFACE_CURVE('',#1447,(#2777,#2807),.PCURVE_S1.);
#4915=EDGE_CURVE('OSCAD_TOPO/3|edge|e:af43ac376f1d83a4595d06a851302a3d|5a3c5c46051285b90cd3aa1e60f2117c389abf82142749089566411044a992ba',#70,#86,#4914,.T.);
#4916=SURFACE_CURVE('',#1451,(#2782,#2932),.PCURVE_S1.);
#4917=EDGE_CURVE('OSCAD_TOPO/3|edge|e:76f4ea2c300bca6f726e88c54cd0707c|2379c9773a2dfeea5e2361889c63830a8f2bec5327d10528bac9d92892370c6d',#84,#86,#4916,.T.);
#4918=SURFACE_CURVE('',#1454,(#2797,#2827),.PCURVE_S1.);
#4919=EDGE_CURVE('OSCAD_TOPO/3|edge|e:11023d6d6f2dadf2a1b09f826ada04f4|c5778bae8c9d81dd155d60a50a5896416bb24df3f34e4cdd202ff0c3e1d7b2db',#72,#88,#4918,.T.);
#4920=SURFACE_CURVE('',#1458,(#2802,#2952),.PCURVE_S1.);
#4921=EDGE_CURVE('OSCAD_TOPO/3|edge|e:4fd7f91e0502d061e358f883ef8127be|f23bce36cc5fe5d7388cad71552e7c5c4b6740ba244801f2752f70a22e95b9e8',#86,#88,#4920,.T.);
#4922=SURFACE_CURVE('',#1462,(#2822,#2972),.PCURVE_S1.);
#4923=EDGE_CURVE('OSCAD_TOPO/3|edge|e:51c15cb9a175e1203ec0681aaf5dcf79|b796a1806a8700fe15cbea9f7c5ddd88f3a87924e73bc9259b882967105c0e22',#82,#88,#4922,.T.);
#4924=SURFACE_CURVE('',#1465,(#2837,#2867),.PCURVE_S1.);
#4925=EDGE_CURVE('OSCAD_TOPO/3|edge|e:242713bbf38d22aad55aeb19b7ec24c4|2c2780ef02f42e94180439ea2b95d2f9975d4d57f9c57ca5e14fef2008182a8d',#76,#92,#4924,.T.);
#4926=SURFACE_CURVE('',#1469,(#2842,#2992),.PCURVE_S1.);
#4927=EDGE_CURVE('OSCAD_TOPO/3|edge|e:0acac25bce841e8e9bb0088866d4ead7|173e9611559b7cfb1cce3c0214225f1bb671c49a17a445218382ca0613128c10',#90,#92,#4926,.T.);
#4928=SURFACE_CURVE('',#1472,(#2847,#2897),.PCURVE_S1.);
#4929=EDGE_CURVE('OSCAD_TOPO/3|edge|e:1ddbf8da4517d8c522e1d8c9db0a14c9|6956c0896aa3c8b2acafad5c82c42b61e600a49f7bdaacdafc40e7b5ce5646ae',#74,#90,#4928,.T.);
#4930=SURFACE_CURVE('',#1475,(#2857,#2887),.PCURVE_S1.);
#4931=EDGE_CURVE('OSCAD_TOPO/3|edge|e:6f25286b4190610ee6295a618d8b5d76|cfe3f35431ebb75e553f5978abcd85a42b8a871e125a7433e5741b396580be86',#78,#94,#4930,.T.);
#4932=SURFACE_CURVE('',#1479,(#2862,#3012),.PCURVE_S1.);
#4933=EDGE_CURVE('OSCAD_TOPO/3|edge|e:2b5cb6bb369cf59fecaccc27aca70fe8|d9601dbe9db9208e27486d85124e3c42534362c7cf5b2992760d8d87c63dfc93',#92,#94,#4932,.T.);
#4934=SURFACE_CURVE('',#1482,(#2877,#2907),.PCURVE_S1.);
#4935=EDGE_CURVE('OSCAD_TOPO/3|edge|e:002f37acfbe620688bdf960f647ff07d|10a7ab51424169b3f6ac6d21688e22d879398ff66785a5142b254597bbeeafe0',#80,#96,#4934,.T.);
#4936=SURFACE_CURVE('',#1486,(#2882,#3032),.PCURVE_S1.);
#4937=EDGE_CURVE('OSCAD_TOPO/3|edge|e:4264850789d1d503375b4ec24ff87a11|a5c0808ff0d9523315043fd35b63343dbb193837ec2a38abf6a2e2d827e40d2a',#94,#96,#4936,.T.);
#4938=SURFACE_CURVE('',#1490,(#2902,#3052),.PCURVE_S1.);
#4939=EDGE_CURVE('OSCAD_TOPO/3|edge|e:3ee1043719a136762ff2e2d3c0957287|309c452b40f42772f773dfad4f492bf033d0a99cb0de75b32a63ed55c699cd09',#90,#96,#4938,.T.);
#4940=SURFACE_CURVE('',#1493,(#2917,#2947),.PCURVE_S1.);
#4941=EDGE_CURVE('OSCAD_TOPO/3|edge|e:098424da248ff1d38491cab6f1604f2f|8b49c18d0eb8865623d6d756a37f2fa1e2606776d2bf8a31583a0d788fdc20fd',#84,#100,#4940,.T.);
#4942=SURFACE_CURVE('',#1497,(#2922,#3072),.PCURVE_S1.);
#4943=EDGE_CURVE('OSCAD_TOPO/3|edge|e:1c3d82f755cdc5af1ac4c7420246c358|01efd2116df8071f0e5aa2672d1c72993dcfd8982c5d89928d387f2f1580d4e3',#98,#100,#4942,.T.);
#4944=SURFACE_CURVE('',#1500,(#2927,#2977),.PCURVE_S1.);
#4945=EDGE_CURVE('OSCAD_TOPO/3|edge|e:f75fcc3e227d6cab878ef60f11f624ac|232ab8be656734969f4881adcbf67840dca408f7ec73e6ca2cb97c64942c4e67',#82,#98,#4944,.T.);
#4946=SURFACE_CURVE('',#1503,(#2937,#2967),.PCURVE_S1.);
#4947=EDGE_CURVE('OSCAD_TOPO/3|edge|e:0834dcd20ec6d26183d6d6adaacd2c2f|cbae536a5b087af48c2b0eeed9e5e8ed64559204a1c574c4e0d7a673720dd8b7',#86,#102,#4946,.T.);
#4948=SURFACE_CURVE('',#1507,(#2942,#3092),.PCURVE_S1.);
#4949=EDGE_CURVE('OSCAD_TOPO/3|edge|e:b44b2a1044c26bf4b93029a86d8dddbd|1be10cbb6763750e39ea7c67481e261f12df385259326cf7286a48aeda132ff0',#100,#102,#4948,.T.);
#4950=SURFACE_CURVE('',#1510,(#2957,#2987),.PCURVE_S1.);
#4951=EDGE_CURVE('OSCAD_TOPO/3|edge|e:72ef8f58cf802ae6330430dedb879db7|42334d23260d0edbcd307b7716a1d2f025ab03c68561f9d7e586f13abd94b5bd',#88,#104,#4950,.T.);
#4952=SURFACE_CURVE('',#1514,(#2962,#3112),.PCURVE_S1.);
#4953=EDGE_CURVE('OSCAD_TOPO/3|edge|e:b0fd4b99ba31d6f944dc5b6109d32675|de0f14a57901263373405a9d19779737cc57564cca9b848a64052eaa3c037316',#102,#104,#4952,.T.);
#4954=SURFACE_CURVE('',#1518,(#2982,#3132),.PCURVE_S1.);
#4955=EDGE_CURVE('OSCAD_TOPO/3|edge|e:5ef9584d141a0510f45ce6e68a46c112|402e312ce2f9ca53d102c0aee0f36ed757c6dc646b144f8f887645142df10cbe',#98,#104,#4954,.T.);
#4956=SURFACE_CURVE('',#1521,(#2997,#3027),.PCURVE_S1.);
#4957=EDGE_CURVE('OSCAD_TOPO/3|edge|e:4c20dd962240b69cb12dfe43c0b6b04d|88229b461d6c02e87224b7456f6002549ce0b3bc72f52a5aa94f5f7c98c8afcd',#92,#108,#4956,.T.);
#4958=SURFACE_CURVE('',#1525,(#3002,#3152),.PCURVE_S1.);
#4959=EDGE_CURVE('OSCAD_TOPO/3|edge|e:a7a3d45b0c08f31ac92e953c46a7e083|95839871881433f35958cc3884616f42845c210fc85cb4f70b2517ccfcbbc384',#106,#108,#4958,.T.);
#4960=SURFACE_CURVE('',#1528,(#3007,#3057),.PCURVE_S1.);
#4961=EDGE_CURVE('OSCAD_TOPO/3|edge|e:4183af1dff90d7ec6161506230c8e3cd|575d220e3fc160196b01242f8abb90dd75ba26dd3e7106e110ff24d8b8b48773',#90,#106,#4960,.T.);
#4962=SURFACE_CURVE('',#1531,(#3017,#3047),.PCURVE_S1.);
#4963=EDGE_CURVE('OSCAD_TOPO/3|edge|e:a2e736b2641b024b7429b3932336ed40|558619339526ddbf4dc155efcc97cb904f38d2cf19c39103e7a75e475af917d1',#94,#110,#4962,.T.);
#4964=SURFACE_CURVE('',#1535,(#3022,#3172),.PCURVE_S1.);
#4965=EDGE_CURVE('OSCAD_TOPO/3|edge|e:d6662170f4d6e3451613d6d6ee6fcf4c|bf7ffbb8c7e8e15d1f78f53303017cda418425b7da5a79e6d4621a68b49791c4',#108,#110,#4964,.T.);
#4966=SURFACE_CURVE('',#1538,(#3037,#3067),.PCURVE_S1.);
#4967=EDGE_CURVE('OSCAD_TOPO/3|edge|e:13330b9b24cc6090cdd80e7471528c36|549fd2fbbe95644e7798b3929fe8d6a095d80374c2195938dff200f8da930a4f',#96,#112,#4966,.T.);
#4968=SURFACE_CURVE('',#1542,(#3042,#3192),.PCURVE_S1.);
#4969=EDGE_CURVE('OSCAD_TOPO/3|edge|e:6045c62c7c835b37086ae36e9db86acb|fff9411d8e10bccbcf71aaf5ac55efa57982581a68ea2850490fa43c147cadea',#110,#112,#4968,.T.);
#4970=SURFACE_CURVE('',#1546,(#3062,#3212),.PCURVE_S1.);
#4971=EDGE_CURVE('OSCAD_TOPO/3|edge|e:fc8f3403afbf91d30e415d6539f998c1|619222807f02ffc80ebf7517d96deca297e2ec9602f73ba0b7f02f3830225f8d',#106,#112,#4970,.T.);
#4972=SURFACE_CURVE('',#1549,(#3077,#3107),.PCURVE_S1.);
#4973=EDGE_CURVE('OSCAD_TOPO/3|edge|e:5ed9ab204505d9c0195565547caab5da|c90172545f044d6885cefc5d31d7a86dd6b49f3e278afa308275715edbdbb656',#100,#116,#4972,.T.);
#4974=SURFACE_CURVE('',#1553,(#3082,#3232),.PCURVE_S1.);
#4975=EDGE_CURVE('OSCAD_TOPO/3|edge|e:97a80788ae75d6358d45aea8a4a09be1|77a3ca234ea3f4197a47d17820cc914567b11df3d09a6bc090d9a068ed50c4c9',#114,#116,#4974,.T.);
#4976=SURFACE_CURVE('',#1556,(#3087,#3137),.PCURVE_S1.);
#4977=EDGE_CURVE('OSCAD_TOPO/3|edge|e:4527f5be988d7266da13fce2e7a597b3|559f0c7f595d1e3d9900fe72dd9c21d9a0c93d7ce2053c9943fd09007478de6f',#98,#114,#4976,.T.);
#4978=SURFACE_CURVE('',#1559,(#3097,#3127),.PCURVE_S1.);
#4979=EDGE_CURVE('OSCAD_TOPO/3|edge|e:d60d26382493164fb2ad8d49de3b7d8f|72b76aa99e7883773ee1b633e373f6827b430e450755fa621c877ab2de5f833a',#102,#118,#4978,.T.);
#4980=SURFACE_CURVE('',#1563,(#3102,#3252),.PCURVE_S1.);
#4981=EDGE_CURVE('OSCAD_TOPO/3|edge|e:d22e4ad71c4d1cf9bf6c68f01503d8ec|f87c28d56517de22f91556f60acb13ba48f37672579ea56003a5532699120ff3',#116,#118,#4980,.T.);
#4982=SURFACE_CURVE('',#1566,(#3117,#3147),.PCURVE_S1.);
#4983=EDGE_CURVE('OSCAD_TOPO/3|edge|e:36115919ab8853195170aabd15f33960|41ca109ccc9d3bc31c86c02ffe267a2923f7d3addc524744967712ada5d76be5',#104,#120,#4982,.T.);
#4984=SURFACE_CURVE('',#1570,(#3122,#3272),.PCURVE_S1.);
#4985=EDGE_CURVE('OSCAD_TOPO/3|edge|e:4a00045e809e195cff74c8fba52f8876|eeac4f0cca8c18c8f55556b0b67a9dafcb01f0b57a4b853abf2de66512cfd453',#118,#120,#4984,.T.);
#4986=SURFACE_CURVE('',#1574,(#3142,#3292),.PCURVE_S1.);
#4987=EDGE_CURVE('OSCAD_TOPO/3|edge|e:dd7d58e5db043c9e7c18c7456514e60d|15478d3409e5813c98f4e52590f522744c451f25adcaa7e11cadb509ae5656e8',#114,#120,#4986,.T.);
#4988=SURFACE_CURVE('',#1577,(#3157,#3187),.PCURVE_S1.);
#4989=EDGE_CURVE('OSCAD_TOPO/3|edge|e:4e87f908344b396f8d4b6967b09580cd|61edb268b2b960f5b749b09b101cbb37e2c200dfb71c939b340be07eb51320cc',#108,#124,#4988,.T.);
#4990=SURFACE_CURVE('',#1581,(#3162,#3312),.PCURVE_S1.);
#4991=EDGE_CURVE('OSCAD_TOPO/3|edge|e:71e6089cdbcdc5693e9690a7e6b938e9|421ff5a88f890edb4b3042f88ae4796298cfb12406f3d051fd31af0898a1e5fd',#122,#124,#4990,.T.);
#4992=SURFACE_CURVE('',#1584,(#3167,#3217),.PCURVE_S1.);
#4993=EDGE_CURVE('OSCAD_TOPO/3|edge|e:141e42c6b07b8b8373869a9daf09ad2f|6b74284660db77307079fb0b1f4cffd4ca5dee006e6478a9132bb90b46cdda80',#106,#122,#4992,.T.);
#4994=SURFACE_CURVE('',#1587,(#3177,#3207),.PCURVE_S1.);
#4995=EDGE_CURVE('OSCAD_TOPO/3|edge|e:62c8ca7e283454e69bc61689ae21cd5f|f4887ead8f96f8bdb3c11e7972a93afed8793cd220c8145caf958d0d92badd7f',#110,#126,#4994,.T.);
#4996=SURFACE_CURVE('',#1591,(#3182,#3332),.PCURVE_S1.);
#4997=EDGE_CURVE('OSCAD_TOPO/3|edge|e:26caca2b4bfd614fe66c7ab7b7e96976|3aac4adc0f4df7b42c77878313de800a2bae8ec963d19fd64a92fd297f46ccc3',#124,#126,#4996,.T.);
#4998=SURFACE_CURVE('',#1594,(#3197,#3227),.PCURVE_S1.);
#4999=EDGE_CURVE('OSCAD_TOPO/3|edge|e:fcf1ed47dff0c70db1cd34ef6b0f4558|b610f75c01a26131224130d1816ddf22d6015211123943a62372952ca2eb6bdf',#112,#128,#4998,.T.);
#5000=SURFACE_CURVE('',#1598,(#3202,#3352),.PCURVE_S1.);
#5001=EDGE_CURVE('OSCAD_TOPO/3|edge|e:48bcdd1736d444bb9d07ecb20adfca7c|0455c082ee8315bd2da142aed49de55530f4f8cea8e9ab42861886fcdca4407a',#126,#128,#5000,.T.);
#5002=SURFACE_CURVE('',#1602,(#3222,#3372),.PCURVE_S1.);
#5003=EDGE_CURVE('OSCAD_TOPO/3|edge|e:ea8c1a58e5d23180e29e9df5556df0b0|d791e763c3c27f099417ed556bdd18288a763b765dac6dec4300b307b21e771a',#122,#128,#5002,.T.);
#5004=SURFACE_CURVE('',#1605,(#3237,#3267),.PCURVE_S1.);
#5005=EDGE_CURVE('OSCAD_TOPO/3|edge|e:85c4088d6c0ec45122c58dd50df2e851|0a80f29aa69f937c6691c9270aa0fbe37c20cecbe697b0d518384223d799467a',#116,#132,#5004,.T.);
#5006=SURFACE_CURVE('',#1609,(#3242,#3392),.PCURVE_S1.);
#5007=EDGE_CURVE('OSCAD_TOPO/3|edge|e:7624dadfe459696a88393993111d0d91|65ab5fb23be72e14b077d1680062a463aeeeefc097e8ff94b03a423ebcc3e160',#130,#132,#5006,.T.);
#5008=SURFACE_CURVE('',#1612,(#3247,#3297),.PCURVE_S1.);
#5009=EDGE_CURVE('OSCAD_TOPO/3|edge|e:b2922d670dd2fbdd5e5a8509fadf6373|1f612b09d3ba7f6a45d21f4899f6cbe4e5bfbc30c2c14e9573c94a7dcb4b04e2',#114,#130,#5008,.T.);
#5010=SURFACE_CURVE('',#1615,(#3257,#3287),.PCURVE_S1.);
#5011=EDGE_CURVE('OSCAD_TOPO/3|edge|e:301b377bf45b8d15883c36aa8f94a307|ba141b5014fea7e0bae731cd35d1ebf7f53fb65e6300028ec4f668086ecf7609',#118,#134,#5010,.T.);
#5012=SURFACE_CURVE('',#1619,(#3262,#3412),.PCURVE_S1.);
#5013=EDGE_CURVE('OSCAD_TOPO/3|edge|e:50b2da0b9c2e65382163b2b547a0220e|70216d8dfed499b07a4700e2b481f044ded0606aa6619d114c75742e9455eebb',#132,#134,#5012,.T.);
#5014=SURFACE_CURVE('',#1622,(#3277,#3307),.PCURVE_S1.);
#5015=EDGE_CURVE('OSCAD_TOPO/3|edge|e:27b4d4aa06c54f1ddc1d67d96995ba94|11c516a6197aac2f05a197c441cfa7e4493a3443e51d9856a45ba49af8cff96e',#120,#136,#5014,.T.);
#5016=SURFACE_CURVE('',#1626,(#3282,#3432),.PCURVE_S1.);
#5017=EDGE_CURVE('OSCAD_TOPO/3|edge|e:1008928fa4626c63463312160578f880|60562ed0a14e2f99595fe9babdac21bef14c4bc381bb6e99a02dc5ff8a1e8fee',#134,#136,#5016,.T.);
#5018=SURFACE_CURVE('',#1630,(#3302,#3452),.PCURVE_S1.);
#5019=EDGE_CURVE('OSCAD_TOPO/3|edge|e:314c663ecbb6fee8e1c588fb66462c29|da4aa21d161a77692a9bf00e8bdbfedcc2ee82d9a27c809a754e35e018dee8d7',#130,#136,#5018,.T.);
#5020=SURFACE_CURVE('',#1633,(#3317,#3347),.PCURVE_S1.);
#5021=EDGE_CURVE('OSCAD_TOPO/3|edge|e:e7ad92720d0a0cf88df8231a84b67c63|5720dc749b1c2edf61fe67fc2d02c0e3640f6afcf6e07d404a786fea8ce8ddbe',#124,#140,#5020,.T.);
#5022=SURFACE_CURVE('',#1637,(#3322,#3472),.PCURVE_S1.);
#5023=EDGE_CURVE('OSCAD_TOPO/3|edge|e:d23906817d77fc5cb784466b755934a7|8d626e2557b7916174617b0b1ec13a49019e9f43324aa7cad82c76682feffacd',#138,#140,#5022,.T.);
#5024=SURFACE_CURVE('',#1640,(#3327,#3377),.PCURVE_S1.);
#5025=EDGE_CURVE('OSCAD_TOPO/3|edge|e:0329130cf67d7521045859cc8c072077|9c0af79f1be73436137203dd7259c1153563ca2bc67c5a137922e2562747db36',#122,#138,#5024,.T.);
#5026=SURFACE_CURVE('',#1643,(#3337,#3367),.PCURVE_S1.);
#5027=EDGE_CURVE('OSCAD_TOPO/3|edge|e:fab98d1ba0f312a27e50f0b47f4c0b84|5cb78f31a94ffba5703e6a0379a0bfb6a087d623c2e5ee36bf877b2806d08eb9',#126,#142,#5026,.T.);
#5028=SURFACE_CURVE('',#1647,(#3342,#3492),.PCURVE_S1.);
#5029=EDGE_CURVE('OSCAD_TOPO/3|edge|e:e447e0173fcf1099a2313365ea55eef4|5dc6ba5b0c4ad5d16e444cf6161a81e1b9d04c8ee415335cea62ba9ab34a3eb3',#140,#142,#5028,.T.);
#5030=SURFACE_CURVE('',#1650,(#3357,#3387),.PCURVE_S1.);
#5031=EDGE_CURVE('OSCAD_TOPO/3|edge|e:7b548c0196d5fc3070d1f3c8371658ae|60931b2fbd3e21652071dca1c568c5b3949ae6d851180d22a0da339fd982625f',#128,#144,#5030,.T.);
#5032=SURFACE_CURVE('',#1654,(#3362,#3512),.PCURVE_S1.);
#5033=EDGE_CURVE('OSCAD_TOPO/3|edge|e:c2173d67a0a745eec84de644796a48e6|ac861c7cb5a27bcb116976dd726891c3e59f81c7c84cf8bbf17694e8c5b7f9b5',#142,#144,#5032,.T.);
#5034=SURFACE_CURVE('',#1658,(#3382,#3532),.PCURVE_S1.);
#5035=EDGE_CURVE('OSCAD_TOPO/3|edge|e:66794aaaa615e67831cd17ae57759780|0fc5ac86712712e9af182ec73faa46039cc0875da87a6e993759ae72175968a9',#138,#144,#5034,.T.);
#5036=SURFACE_CURVE('',#1661,(#3397,#3427),.PCURVE_S1.);
#5037=EDGE_CURVE('OSCAD_TOPO/3|edge|e:2485889175233af0e82c8bfad372b8c4|a0dc364164b985f2543c5d35106f3cf9bd8b0f4b5578ebf4e5d743544a14f713',#132,#148,#5036,.T.);
#5038=SURFACE_CURVE('',#1665,(#3402,#3552),.PCURVE_S1.);
#5039=EDGE_CURVE('OSCAD_TOPO/3|edge|e:8a7b2b49e77be506d64411fb152a4d41|010524fe28ae7f81f5c386df08c0bb011a43a134ea764a09f7921327d4ce1608',#146,#148,#5038,.T.);
#5040=SURFACE_CURVE('',#1668,(#3407,#3457),.PCURVE_S1.);
#5041=EDGE_CURVE('OSCAD_TOPO/3|edge|e:987523185b89b43c60d24f24305ca01c|3582452b812117e9190b23c3ecf2a0c5bf195d25bd1253c9943cac8812b04097',#130,#146,#5040,.T.);
#5042=SURFACE_CURVE('',#1671,(#3417,#3447),.PCURVE_S1.);
#5043=EDGE_CURVE('OSCAD_TOPO/3|edge|e:a4806db926ab59249941f216a7ef525b|b49081d9665b8c7f6461bceab985e34a3cfe7f75c79938c0cd43af232ae0c327',#134,#150,#5042,.T.);
#5044=SURFACE_CURVE('',#1675,(#3422,#3572),.PCURVE_S1.);
#5045=EDGE_CURVE('OSCAD_TOPO/3|edge|e:ee71965196a6d93bd887389585ff4f50|cff196b88f095c52e95705d4a27184ca1fc8b0d0af07620680a0b3a909431814',#148,#150,#5044,.T.);
#5046=SURFACE_CURVE('',#1678,(#3437,#3467),.PCURVE_S1.);
#5047=EDGE_CURVE('OSCAD_TOPO/3|edge|e:88fcb254e4252ed7a1108a4b08489d7b|589a87514a5d60abe5459befc079d2f8ecdedaa6768f44aa8f90009da26b942a',#136,#152,#5046,.T.);
#5048=SURFACE_CURVE('',#1682,(#3442,#3592),.PCURVE_S1.);
#5049=EDGE_CURVE('OSCAD_TOPO/3|edge|e:d6b63eebf27afbd1d8a0619a3903305d|52bd9c8f73b9d2121a8a690f0293bebee39ce45080bf872399171a68bc873671',#150,#152,#5048,.T.);
#5050=SURFACE_CURVE('',#1686,(#3462,#3612),.PCURVE_S1.);
#5051=EDGE_CURVE('OSCAD_TOPO/3|edge|e:663410d988d99aa07e2cafb5e8467080|0935df9edc519f57e1dbfea44ec99be71bc9b2a940fa104514ebe633e6f9d73c',#146,#152,#5050,.T.);
#5052=SURFACE_CURVE('',#1689,(#3477,#3507),.PCURVE_S1.);
#5053=EDGE_CURVE('OSCAD_TOPO/3|edge|e:1c9fe8df550209f285c2786da58d3a19|80282eba9ba82af69fff67517138633b3c7ff12631498174754f3ea35e8bf591',#140,#156,#5052,.T.);
#5054=SURFACE_CURVE('',#1693,(#3482,#3632),.PCURVE_S1.);
#5055=EDGE_CURVE('OSCAD_TOPO/3|edge|e:1b5372c2a458e3155e4961fc723ec2dc|4a614081ac1430e639834e3461cf8e2db10e669d2b6620406a043eba033931c3',#154,#156,#5054,.T.);
#5056=SURFACE_CURVE('',#1696,(#3487,#3537),.PCURVE_S1.);
#5057=EDGE_CURVE('OSCAD_TOPO/3|edge|e:73cd0d14d2deb19719949ae842d90504|8fc49aa5fb5ccf673df7e838f39491508341df85c5ca18d5f56fdf77fd569788',#138,#154,#5056,.T.);
#5058=SURFACE_CURVE('',#1699,(#3497,#3527),.PCURVE_S1.);
#5059=EDGE_CURVE('OSCAD_TOPO/3|edge|e:bfb6d0b84774510d92fcdeaf667b60f3|ac05938bc2f84c7a05dee575b79bc09f8ef5c054c51f14c3b8aac546a8bef68f',#142,#158,#5058,.T.);
#5060=SURFACE_CURVE('',#1703,(#3502,#3652),.PCURVE_S1.);
#5061=EDGE_CURVE('OSCAD_TOPO/3|edge|e:892068c3a57736888e24bdfdb1c8e730|ed653a0afbb511bcb3b8cf5daaae4e3ce5a5412b27db3a79bb92cf1dcc49c7d0',#156,#158,#5060,.T.);
#5062=SURFACE_CURVE('',#1706,(#3517,#3547),.PCURVE_S1.);
#5063=EDGE_CURVE('OSCAD_TOPO/3|edge|e:003063a48516b837ffdc54b685e5637a|170d01f1dccddcfae903efaa9a0722de5c222ab66df9c516f34620d641f88f3b',#144,#160,#5062,.T.);
#5064=SURFACE_CURVE('',#1710,(#3522,#3672),.PCURVE_S1.);
#5065=EDGE_CURVE('OSCAD_TOPO/3|edge|e:d87ee640cd725517738c28e9c9021af2|31c91183bdacd343308cb9f66a2b700bc9708e839d72b233f18f8c2533e8ed65',#158,#160,#5064,.T.);
#5066=SURFACE_CURVE('',#1714,(#3542,#3692),.PCURVE_S1.);
#5067=EDGE_CURVE('OSCAD_TOPO/3|edge|e:8e88d2cca3eb19a816075b5cd8ec88b1|51fc249b3796f0401e04ff2f70dd56192fb0a28fed9bc4c8ab70bff1bb2f8e59',#154,#160,#5066,.T.);
#5068=SURFACE_CURVE('',#1717,(#3557,#3587),.PCURVE_S1.);
#5069=EDGE_CURVE('OSCAD_TOPO/3|edge|e:49dc98bab54947dcc1d1e715ce124c93|567a431b8748a2375037313baa304f667aac4a4cce60746b9ccaafc257a5c379',#148,#164,#5068,.T.);
#5070=SURFACE_CURVE('',#1721,(#3562,#3712),.PCURVE_S1.);
#5071=EDGE_CURVE('OSCAD_TOPO/3|edge|e:e534ed8636c96fed0b25cbf4f36f5bde|1e9bfaf350f3e23f834f2ebd4d3d4f6bf5228fd818d10034f33978108a4a709f',#162,#164,#5070,.T.);
#5072=SURFACE_CURVE('',#1724,(#3567,#3617),.PCURVE_S1.);
#5073=EDGE_CURVE('OSCAD_TOPO/3|edge|e:cc2c94aa394c4c7594bfd2fe497ed6fb|c853d9016df7c34a13e44de128a373c332d03d3d7d8811f68cb71ec1709eccb3',#146,#162,#5072,.T.);
#5074=SURFACE_CURVE('',#1727,(#3577,#3607),.PCURVE_S1.);
#5075=EDGE_CURVE('OSCAD_TOPO/3|edge|e:ea6cd09ba79015808249037ee1a850ea|e1114628c87e9dd25b81e0932af991fc2b1a8c165e4e4f9c9bb24f1daaf66fe4',#150,#166,#5074,.T.);
#5076=SURFACE_CURVE('',#1731,(#3582,#3732),.PCURVE_S1.);
#5077=EDGE_CURVE('OSCAD_TOPO/3|edge|e:5bc36610552d8a6caa4bb02a76a9ed3d|874be8e98dcf66096cf13c730b7a6dd10d531e42c2ded04e7640e884fbe2ff18',#164,#166,#5076,.T.);
#5078=SURFACE_CURVE('',#1734,(#3597,#3627),.PCURVE_S1.);
#5079=EDGE_CURVE('OSCAD_TOPO/3|edge|e:13d0553933ff5c901963f91884c62862|9456d3c1bbd79ba6975a83441ff022702633169f3d9b8720929d8ea6223127e6',#152,#168,#5078,.T.);
#5080=SURFACE_CURVE('',#1738,(#3602,#3752),.PCURVE_S1.);
#5081=EDGE_CURVE('OSCAD_TOPO/3|edge|e:a01cdaec9e98a429943f4f6bdd102409|4e3878c48939b59a184b18a824d348a5a66e2c4d2e3ff77eba5b88fd040942f3',#166,#168,#5080,.T.);
#5082=SURFACE_CURVE('',#1742,(#3622,#3772),.PCURVE_S1.);
#5083=EDGE_CURVE('OSCAD_TOPO/3|edge|e:cd405e0dfb4d35407886c9f616eb202d|313c5f04a8cdd388de57236eebaf22bdd02c677e0a281028666813a45bfc050a',#162,#168,#5082,.T.);
#5084=SURFACE_CURVE('',#1745,(#3637,#3667),.PCURVE_S1.);
#5085=EDGE_CURVE('OSCAD_TOPO/3|edge|e:87982febee1dcccf06452806d86f8423|d5420a6fdaf25ecc77a4e9e3969a0960ab5b3e74d37cd09441225c5c3174532d',#156,#172,#5084,.T.);
#5086=SURFACE_CURVE('',#1749,(#3642,#3792),.PCURVE_S1.);
#5087=EDGE_CURVE('OSCAD_TOPO/3|edge|e:fa4dc14c2f17362b21200f73e86bf76c|a9bfe14a638e73b1877a04a3ca889ddfbb0b71b4484101c681adb42d9222347b',#170,#172,#5086,.T.);
#5088=SURFACE_CURVE('',#1752,(#3647,#3697),.PCURVE_S1.);
#5089=EDGE_CURVE('OSCAD_TOPO/3|edge|e:62f2be20d665fee5120f69645c72938d|d9cafc68231c2b063b301bfdeab7850491a52e44709d38d47b004339f3b0b4da',#154,#170,#5088,.T.);
#5090=SURFACE_CURVE('',#1755,(#3657,#3687),.PCURVE_S1.);
#5091=EDGE_CURVE('OSCAD_TOPO/3|edge|e:ca6b415487c367161b3ee0d223506a4a|eb2e31e7f302c9074510f57dbee279aef5da48cf3dc45241d7cbaa404d17f35c',#158,#174,#5090,.T.);
#5092=SURFACE_CURVE('',#1759,(#3662,#3812),.PCURVE_S1.);
#5093=EDGE_CURVE('OSCAD_TOPO/3|edge|e:a8ff958db2f528221c569fa8a906b8b1|12840fec075bb42f406e3f2f0cf6431c5f1318c4f169638e3cb368756ec86b76',#172,#174,#5092,.T.);
#5094=SURFACE_CURVE('',#1762,(#3677,#3707),.PCURVE_S1.);
#5095=EDGE_CURVE('OSCAD_TOPO/3|edge|e:ed52813077aead2be05b2db4a6e7b291|a77beb0572273bdd18fe4c96442ba570d9bb703707aaed8794c5af57da680ca1',#160,#176,#5094,.T.);
#5096=SURFACE_CURVE('',#1766,(#3682,#3832),.PCURVE_S1.);
#5097=EDGE_CURVE('OSCAD_TOPO/3|edge|e:4c6e8fc5988c1591e7a59b217761690b|4b22c23bac9c8cfb579db6ec6be256cca69e4a38f665192fd2af9a5da8f4b375',#174,#176,#5096,.T.);
#5098=SURFACE_CURVE('',#1770,(#3702,#3852),.PCURVE_S1.);
#5099=EDGE_CURVE('OSCAD_TOPO/3|edge|e:da744756ec0a9a9b3e604bc306656d62|cfd3a88e18e5e2da7ea7b69cf236c21a2161d30bca0237227503c8d52b4eff8d',#170,#176,#5098,.T.);
#5100=SURFACE_CURVE('',#1773,(#3717,#3747),.PCURVE_S1.);
#5101=EDGE_CURVE('OSCAD_TOPO/3|edge|e:5c51ba98323e1cbea242c85a431b7b75|5c931dafc42d751ed87f1be5832b6d839525021f6096c6ed8390898ced84214a',#164,#180,#5100,.T.);
#5102=SURFACE_CURVE('',#1777,(#3722,#3872),.PCURVE_S1.);
#5103=EDGE_CURVE('OSCAD_TOPO/3|edge|e:af4cc73c425833256b05bca1ab107199|0d78d4b4ccbf0c26d45049cd59fdaca950348234350e30b1e69865a0b590577c',#178,#180,#5102,.T.);
#5104=SURFACE_CURVE('',#1780,(#3727,#3777),.PCURVE_S1.);
#5105=EDGE_CURVE('OSCAD_TOPO/3|edge|e:7b440019df4e534e160793d6ccd1887f|99183654508360497191051fca60c99ba4fddc0fbc3073be97bb9ccd40e7be2b',#162,#178,#5104,.T.);
#5106=SURFACE_CURVE('',#1783,(#3737,#3767),.PCURVE_S1.);
#5107=EDGE_CURVE('OSCAD_TOPO/3|edge|e:020e12c82641e0cd3a59a51c46f665ce|5e162a032574bcef9e0a060d6d0404ecafa9a76588baa65351935e9b5971e168',#166,#182,#5106,.T.);
#5108=SURFACE_CURVE('',#1787,(#3742,#3892),.PCURVE_S1.);
#5109=EDGE_CURVE('OSCAD_TOPO/3|edge|e:a69d9041e2bf00df0eecb809ab3ecc80|a4a3753eb116dbbe636fba8909b7a44f5c30523f7a3e0a7ea2ae90beee458f97',#180,#182,#5108,.T.);
#5110=SURFACE_CURVE('',#1790,(#3757,#3787),.PCURVE_S1.);
#5111=EDGE_CURVE('OSCAD_TOPO/3|edge|e:2c3ee514b5c9140f649d0747a7a6a156|43bad4971953dda3dab705ed7ac564ea9ace2bdd941b1e11f3af06a6027f3920',#168,#184,#5110,.T.);
#5112=SURFACE_CURVE('',#1794,(#3762,#3912),.PCURVE_S1.);
#5113=EDGE_CURVE('OSCAD_TOPO/3|edge|e:1c654d080b1b038475c167a5f7c17a63|db5bfc140264af760ac994df20c1cf6a1305a9fd5b2e4a5fa874b8ea31cad818',#182,#184,#5112,.T.);
#5114=SURFACE_CURVE('',#1798,(#3782,#3932),.PCURVE_S1.);
#5115=EDGE_CURVE('OSCAD_TOPO/3|edge|e:abdcae0ceabfcc3c73e76a3725ef953a|fb91df167c67d50161805575dcb3b16029d277ef7075e88c2906f61e6343b17a',#178,#184,#5114,.T.);
#5116=SURFACE_CURVE('',#1801,(#3797,#3827),.PCURVE_S1.);
#5117=EDGE_CURVE('OSCAD_TOPO/3|edge|e:9d547d2ed374ca6d137f79554465fa41|964314f25b7edb2725c313a73e5916ed7c98e8a3cf95805631d2cf3fef3d5bac',#172,#188,#5116,.T.);
#5118=SURFACE_CURVE('',#1805,(#3802,#3952),.PCURVE_S1.);
#5119=EDGE_CURVE('OSCAD_TOPO/3|edge|e:7432e7e8a8cbbdc5f7ae460914fdd596|5db889c2deb817a6bb56a5ae3ab14c8023bdabe6f21ea77acecf87e990375bc8',#186,#188,#5118,.T.);
#5120=SURFACE_CURVE('',#1808,(#3807,#3857),.PCURVE_S1.);
#5121=EDGE_CURVE('OSCAD_TOPO/3|edge|e:d4d9210bb04412baeffce374616f351b|606da3666899faf640f7dfce33dfef06f2f0101c4cab5f2ae3c41115a8797d85',#170,#186,#5120,.T.);
#5122=SURFACE_CURVE('',#1811,(#3817,#3847),.PCURVE_S1.);
#5123=EDGE_CURVE('OSCAD_TOPO/3|edge|e:5dca62b58edad30bd90eec583e29884a|4486bff7a068969d32d9b49d59a01fdb96832c50e9784a8120e9163baaad8c3a',#174,#190,#5122,.T.);
#5124=SURFACE_CURVE('',#1815,(#3822,#3972),.PCURVE_S1.);
#5125=EDGE_CURVE('OSCAD_TOPO/3|edge|e:5eeecd2a738da78a83263f43b8bc6d4b|756006b53fe231e8e916d2393af6a1c10e8d587499b25ae82c4fee8e00b09659',#188,#190,#5124,.T.);
#5126=SURFACE_CURVE('',#1818,(#3837,#3867),.PCURVE_S1.);
#5127=EDGE_CURVE('OSCAD_TOPO/3|edge|e:1cc6f50329890cf9f58b21573e8ee16c|2d5f038b4687af0a06a0f852bf6b9dc8c4aa3072bc12df9b67fe9ab279c39e42',#176,#192,#5126,.T.);
#5128=SURFACE_CURVE('',#1822,(#3842,#3992),.PCURVE_S1.);
#5129=EDGE_CURVE('OSCAD_TOPO/3|edge|e:2d5ec3fd14e68074c8a35191aa17da90|0ef2fcc9c5ddbc5b9bba6419f8a856ae350b193bb868e8176f95254a79460370',#190,#192,#5128,.T.);
#5130=SURFACE_CURVE('',#1826,(#3862,#4012),.PCURVE_S1.);
#5131=EDGE_CURVE('OSCAD_TOPO/3|edge|e:0f5ffa76f70e9b7e4b6ec4dc3f4d5fae|4eb997a5b83847f399c6ab54be6840eb66b0ce2375a8cf399b7e84eb414a1536',#186,#192,#5130,.T.);
#5132=SURFACE_CURVE('',#1829,(#3877,#3907),.PCURVE_S1.);
#5133=EDGE_CURVE('OSCAD_TOPO/3|edge|e:ee9f4dca293ba734c508d8338f2d22e4|191ab53b738df5326519cbe4b61bf3a234218a988a7577670d7903c548cf6def',#180,#196,#5132,.T.);
#5134=SURFACE_CURVE('',#1833,(#3882,#4032),.PCURVE_S1.);
#5135=EDGE_CURVE('OSCAD_TOPO/3|edge|e:ca5dc5267bb410247964933e2710804a|5f51f0a9bf81cf619631fd5c1951d6ff60dc2e557b307d12c7d4cde50fefe4d1',#194,#196,#5134,.T.);
#5136=SURFACE_CURVE('',#1836,(#3887,#3937),.PCURVE_S1.);
#5137=EDGE_CURVE('OSCAD_TOPO/3|edge|e:deaf56cf09eb9e0c956509fa7436e78f|5724f87470e795a28caab3084fd96a39024062053bb54abaeec71f64f9ae46b6',#178,#194,#5136,.T.);
#5138=SURFACE_CURVE('',#1839,(#3897,#3927),.PCURVE_S1.);
#5139=EDGE_CURVE('OSCAD_TOPO/3|edge|e:a1e15b91a8c25e1a2875631a0ba0786d|0f283c3a9c27bf12d8c94c57fbdfaf81df4551cab630c5677a464b6bacf77858',#182,#198,#5138,.T.);
#5140=SURFACE_CURVE('',#1843,(#3902,#4052),.PCURVE_S1.);
#5141=EDGE_CURVE('OSCAD_TOPO/3|edge|e:9ada83d2072710b4ab103b5669b4cd67|e072667b4ba633cfe03985e42e2ae1edc2d1d82f66a7292675375f24e15a4367',#196,#198,#5140,.T.);
#5142=SURFACE_CURVE('',#1846,(#3917,#3947),.PCURVE_S1.);
#5143=EDGE_CURVE('OSCAD_TOPO/3|edge|e:badfa0051ce69a2f89a9531d1d4077d8|c44dc8c6bb70d671c1dfc614ea4245de0da231961ecb5af632953df2851cfe6b',#184,#200,#5142,.T.);
#5144=SURFACE_CURVE('',#1850,(#3922,#4072),.PCURVE_S1.);
#5145=EDGE_CURVE('OSCAD_TOPO/3|edge|e:b3c54b37a29ab086ea28c6d5cde8deeb|79be259b07c59ac9d1a92b1c6b9e02ae43cbc9f7158a61fa8c3ef60753f262e3',#198,#200,#5144,.T.);
#5146=SURFACE_CURVE('',#1854,(#3942,#4092),.PCURVE_S1.);
#5147=EDGE_CURVE('OSCAD_TOPO/3|edge|e:c425cb6af035592c3fe0f1b01b54c4f8|27d8e11e8ca38a5f4ebeb354446f7b9139b7165f22133e1b022d68b927664256',#194,#200,#5146,.T.);
#5148=SURFACE_CURVE('',#1857,(#3957,#3987),.PCURVE_S1.);
#5149=EDGE_CURVE('OSCAD_TOPO/3|edge|e:8cf6bbdcd038d2fe6af826a08b1f998b|50b437267dc8695c3e9aaa2d8a18f9f2fbe7ddd9d35e70545be582f1e4405c7c',#188,#204,#5148,.T.);
#5150=SURFACE_CURVE('',#1861,(#3962,#4112),.PCURVE_S1.);
#5151=EDGE_CURVE('OSCAD_TOPO/3|edge|e:c20df5f2c2ec3a13b3e3d865038a1543|a8a87554451edcfd0695b85a9d6d646270f61ec2e5dd4fe2832808366fcc7e92',#202,#204,#5150,.T.);
#5152=SURFACE_CURVE('',#1864,(#3967,#4017),.PCURVE_S1.);
#5153=EDGE_CURVE('OSCAD_TOPO/3|edge|e:c954a650174833e8a8587ae2af7d7637|f0f62188914bb9218fe06bcf7c9268a94d4531b7b9aba78f7ad023f0b900edae',#186,#202,#5152,.T.);
#5154=SURFACE_CURVE('',#1867,(#3977,#4007),.PCURVE_S1.);
#5155=EDGE_CURVE('OSCAD_TOPO/3|edge|e:74d343ae6c687239462670ab28fa2464|884a9a083475a458fe1e93cff7679a4a12cd9f879cae0fc5e5135e48ec4af5cc',#190,#206,#5154,.T.);
#5156=SURFACE_CURVE('',#1871,(#3982,#4132),.PCURVE_S1.);
#5157=EDGE_CURVE('OSCAD_TOPO/3|edge|e:b35d11ede59d72b82513e58c0a226303|0e67824b4d2745df452a7aa0c159204556f86e5cb8713e19ae98af21d9a2223c',#204,#206,#5156,.T.);
#5158=SURFACE_CURVE('',#1874,(#3997,#4027),.PCURVE_S1.);
#5159=EDGE_CURVE('OSCAD_TOPO/3|edge|e:c628b89378df2ca4ff063f0a3f4fffcf|ae1601e1897bcead47c8166c30e29e717c9a7183e9d827831511d9c46502c0d8',#192,#208,#5158,.T.);
#5160=SURFACE_CURVE('',#1878,(#4002,#4152),.PCURVE_S1.);
#5161=EDGE_CURVE('OSCAD_TOPO/3|edge|e:9ba91a194d5816c740f9f4e4b947ad12|b23f9975fb42f9313e32724d723a0e44f1e747abfb158e7d8c7c711d3f7571f4',#206,#208,#5160,.T.);
#5162=SURFACE_CURVE('',#1882,(#4022,#4172),.PCURVE_S1.);
#5163=EDGE_CURVE('OSCAD_TOPO/3|edge|e:2355ebc21c663a949cae3d6e546ed40f|29d631bc157bb27a39180d53f3063d0ecc785c7ab4d05dd2ed6dabdc8f0614de',#202,#208,#5162,.T.);
#5164=SURFACE_CURVE('',#1885,(#4037,#4067),.PCURVE_S1.);
#5165=EDGE_CURVE('OSCAD_TOPO/3|edge|e:45ef88439e5108e27201c21d97027095|774e39c9d1a68436f4c7dbe5f2d30dbc39792a3beee36c250301d234578f3be5',#196,#212,#5164,.T.);
#5166=SURFACE_CURVE('',#1889,(#4042,#4192),.PCURVE_S1.);
#5167=EDGE_CURVE('OSCAD_TOPO/3|edge|e:bd7a4e2bbbdd2b8c4b64d6575a895eeb|c5cf04a3ea95845dcec875936a43ea2d1fb5d47ac309ae66ff0db1c83bcbe908',#210,#212,#5166,.T.);
#5168=SURFACE_CURVE('',#1892,(#4047,#4097),.PCURVE_S1.);
#5169=EDGE_CURVE('OSCAD_TOPO/3|edge|e:be297bf0532070dbc8ad6a82281e3be5|b1c7c55d1c0a2a23d0513e95cab7acdd2178d4e26ed9fae37a6ee1d0f34b2ff4',#194,#210,#5168,.T.);
#5170=SURFACE_CURVE('',#1895,(#4057,#4087),.PCURVE_S1.);
#5171=EDGE_CURVE('OSCAD_TOPO/3|edge|e:5bc78522a87c72b1ea8aa6a1ea7ba788|495fd2972b8626657412e4bd904ce6b826a9cfa5d1cbc33660f4cfd5332d2e1b',#198,#214,#5170,.T.);
#5172=SURFACE_CURVE('',#1899,(#4062,#4212),.PCURVE_S1.);
#5173=EDGE_CURVE('OSCAD_TOPO/3|edge|e:2dcad7aad06cc46d7ae7a45b334acbfe|56c2a9f0b9e862cf3fdbdfcb2b3390bde44e560d70a2db14166f6be9c900a512',#212,#214,#5172,.T.);
#5174=SURFACE_CURVE('',#1902,(#4077,#4107),.PCURVE_S1.);
#5175=EDGE_CURVE('OSCAD_TOPO/3|edge|e:0b4bce320663996b68e1b86c3aad2d65|dc52626e1648dabed0b603d0eecd472a613baea7f602218eaf9749e398258205',#200,#216,#5174,.T.);
#5176=SURFACE_CURVE('',#1906,(#4082,#4232),.PCURVE_S1.);
#5177=EDGE_CURVE('OSCAD_TOPO/3|edge|e:876b14f515149440ca6e565130f442f1|c15397a1b2ebb7c9d831484b6f4d4b297d7cdb6e584d54f65d196c04178bed0a',#214,#216,#5176,.T.);
#5178=SURFACE_CURVE('',#1910,(#4102,#4252),.PCURVE_S1.);
#5179=EDGE_CURVE('OSCAD_TOPO/3|edge|e:b606d96d7e81ba4b1ecc521d90482a5a|10c17b03df448d3a3dab2b92187876a96309aa5a8c909deb0a41453931383be5',#210,#216,#5178,.T.);
#5180=SURFACE_CURVE('',#1913,(#4117,#4147),.PCURVE_S1.);
#5181=EDGE_CURVE('OSCAD_TOPO/3|edge|e:60bfc4fe06b9c830957e324e267979a1|a6aba211096b8ca7c655107d192a7398c8993a90c50d6c30960f3e75b77a73b8',#204,#220,#5180,.T.);
#5182=SURFACE_CURVE('',#1917,(#4122,#4272),.PCURVE_S1.);
#5183=EDGE_CURVE('OSCAD_TOPO/3|edge|e:8346e7d4c3866032b3ba4bd8d40931e4|94ed794e97bf8fb7d22749ccae268b54e927890e32d666715adfcd84297b403e',#218,#220,#5182,.T.);
#5184=SURFACE_CURVE('',#1920,(#4127,#4177),.PCURVE_S1.);
#5185=EDGE_CURVE('OSCAD_TOPO/3|edge|e:46e45ce9a690822319b066ea3959fe97|d12c030d9729aeb07b0476c8d4d2277900363ec0bdf01d6195dc56a6860af951',#202,#218,#5184,.T.);
#5186=SURFACE_CURVE('',#1923,(#4137,#4167),.PCURVE_S1.);
#5187=EDGE_CURVE('OSCAD_TOPO/3|edge|e:c5ef52258e44255b06a7ecb32ea4c82b|f5ce4d7550f8cddabf5fc641654b0eabae0e958c577352fc99e7ccd50f6f471f',#206,#222,#5186,.T.);
#5188=SURFACE_CURVE('',#1927,(#4142,#4292),.PCURVE_S1.);
#5189=EDGE_CURVE('OSCAD_TOPO/3|edge|e:8b47cc1a5b287a2a113eca290cac680c|a6e461c688e9aaefb4d2ebef8df8d8a7a130faaf7ee1ce6f84c79a866c86c4ce',#220,#222,#5188,.T.);
#5190=SURFACE_CURVE('',#1930,(#4157,#4187),.PCURVE_S1.);
#5191=EDGE_CURVE('OSCAD_TOPO/3|edge|e:ff9d7063f7b6ed557639880d036b2759|3b12b6d2293298ed48f8e22d123fc2bbca04bb9bb638af72268d87a7034ea9ca',#208,#224,#5190,.T.);
#5192=SURFACE_CURVE('',#1934,(#4162,#4312),.PCURVE_S1.);
#5193=EDGE_CURVE('OSCAD_TOPO/3|edge|e:8fe509d19d51779b64563d01f4f58a15|0c48e315d4701371664611767aa5a073cd572ad6f5e78915bb62f0b1430bdd8f',#222,#224,#5192,.T.);
#5194=SURFACE_CURVE('',#1938,(#4182,#4332),.PCURVE_S1.);
#5195=EDGE_CURVE('OSCAD_TOPO/3|edge|e:0c937a46c01d97d71b513c8dbb21a084|eeb84bde787585124805af1c42e14ea953cb681dcfa4a081d09003fdf698a15d',#218,#224,#5194,.T.);
#5196=SURFACE_CURVE('',#1941,(#4197,#4227),.PCURVE_S1.);
#5197=EDGE_CURVE('OSCAD_TOPO/3|edge|e:6f02ba3b1b4d3f4180371edf999a4674|6720cb21d5d37d5edb7a1b44f94a29106ac8a84415c1105f7307a8dfe409a1f0',#212,#228,#5196,.T.);
#5198=SURFACE_CURVE('',#1945,(#4202,#4352),.PCURVE_S1.);
#5199=EDGE_CURVE('OSCAD_TOPO/3|edge|e:891ffa5660e62f459a80b886c2335116|5da899df084f89d1dba0acfe63af63afd5cbc49b64f25839c13cd6e2a656eba3',#226,#228,#5198,.T.);
#5200=SURFACE_CURVE('',#1948,(#4207,#4257),.PCURVE_S1.);
#5201=EDGE_CURVE('OSCAD_TOPO/3|edge|e:182535d3cf288d57bd2f111ad2e6985b|c0a31a9ac9f423f379fc12573366695a94dd88d9407eeb7a71bda0fa9a92cbc9',#210,#226,#5200,.T.);
#5202=SURFACE_CURVE('',#1951,(#4217,#4247),.PCURVE_S1.);
#5203=EDGE_CURVE('OSCAD_TOPO/3|edge|e:a094826f7d8ca4338281132fa0b73716|04f08e5e083213f0643f8dfe9490424176cfa212eb11f04b85e4c367d1c3796d',#214,#230,#5202,.T.);
#5204=SURFACE_CURVE('',#1955,(#4222,#4372),.PCURVE_S1.);
#5205=EDGE_CURVE('OSCAD_TOPO/3|edge|e:022c3b41bd99db92bd837d10b4d756b4|53cbde73e554fbce047d52d9fe833b01916e49090168eb9228d0e773b593b408',#228,#230,#5204,.T.);
#5206=SURFACE_CURVE('',#1958,(#4237,#4267),.PCURVE_S1.);
#5207=EDGE_CURVE('OSCAD_TOPO/3|edge|e:190962ae0d7fd79cc13e62e7cf8dd065|aa28437eba1ad09b09fa0aa47c7bd34531e281d9d537e4c4b97a0019994e1fad',#216,#232,#5206,.T.);
#5208=SURFACE_CURVE('',#1962,(#4242,#4392),.PCURVE_S1.);
#5209=EDGE_CURVE('OSCAD_TOPO/3|edge|e:4793259c2872e219411b4738f488c2f5|5cadf4009db7bdab114095e6e70769878ca9e5dee002e64f47561135b2c677d6',#230,#232,#5208,.T.);
#5210=SURFACE_CURVE('',#1966,(#4262,#4412),.PCURVE_S1.);
#5211=EDGE_CURVE('OSCAD_TOPO/3|edge|e:072421242345e4205b225678b9de3920|e118aed7476297408906654bfd65f21346f4b60ca1de752582eb225aa2c902c4',#226,#232,#5210,.T.);
#5212=SURFACE_CURVE('',#1969,(#4277,#4307),.PCURVE_S1.);
#5213=EDGE_CURVE('OSCAD_TOPO/3|edge|e:bb4bb11eeb890c1fb0491a3f15fa7d0f|c0e6843acc373573e4e2b9ded8be14a5bbc12d18b9cdd6ea8978a2a47d9afbec',#220,#236,#5212,.T.);
#5214=SURFACE_CURVE('',#1973,(#4282,#4432),.PCURVE_S1.);
#5215=EDGE_CURVE('OSCAD_TOPO/3|edge|e:4965fe87dbed214cf478fce6e97910e0|db28c0a6f5a953e6baeb47c10ac3ccc70670d55108dda2d5c069d2a236339a6d',#234,#236,#5214,.T.);
#5216=SURFACE_CURVE('',#1976,(#4287,#4337),.PCURVE_S1.);
#5217=EDGE_CURVE('OSCAD_TOPO/3|edge|e:473cd67431ff54b1f6aa0f91476308a6|6025008fba021773ad428f988bf8e32ec4b1c073638e0e71666021767305c2b3',#218,#234,#5216,.T.);
#5218=SURFACE_CURVE('',#1979,(#4297,#4327),.PCURVE_S1.);
#5219=EDGE_CURVE('OSCAD_TOPO/3|edge|e:a3c2782a2cf5e42d3f0756054e197d00|8b909b6a2a501a2230a96bb1d398c26b595a139dc3fd0c5e64205cc24bc20318',#222,#238,#5218,.T.);
#5220=SURFACE_CURVE('',#1983,(#4302,#4452),.PCURVE_S1.);
#5221=EDGE_CURVE('OSCAD_TOPO/3|edge|e:9a854faa2bed46b387ecc6fdf119c57a|1d78e889d2db4c964e793a32be0c1e28c139a5ab7f4e3da8b768136cd198e928',#236,#238,#5220,.T.);
#5222=SURFACE_CURVE('',#1986,(#4317,#4347),.PCURVE_S1.);
#5223=EDGE_CURVE('OSCAD_TOPO/3|edge|e:cade4d06efa0b0a0b817c38b40a38a43|5ae09ca5c3a0da8520fe306121030010c3ec97ae3aac6ee9324c8d9df4939cd8',#224,#240,#5222,.T.);
#5224=SURFACE_CURVE('',#1990,(#4322,#4472),.PCURVE_S1.);
#5225=EDGE_CURVE('OSCAD_TOPO/3|edge|e:c2fe7eac596d08b608fe5ca482d90d73|740e188215da1bc6a1350b16d7271374ea654dc3f9f66fe12e776ea9917d42f9',#238,#240,#5224,.T.);
#5226=SURFACE_CURVE('',#1994,(#4342,#4492),.PCURVE_S1.);
#5227=EDGE_CURVE('OSCAD_TOPO/3|edge|e:277475b668721ffb54d1a1407d0ae435|2560839eea819fe339fdbad427299b5bd28f3799075bf0f6bbd7e07c81df9cc2',#234,#240,#5226,.T.);
#5228=SURFACE_CURVE('',#1997,(#4357,#4387),.PCURVE_S1.);
#5229=EDGE_CURVE('OSCAD_TOPO/3|edge|e:aa334c82a6c22f793ddf68d1bc94de8a|9921d8b6a9144966ddd9b3b6a81aa6c40fd3f6a8674fb4d29fe7582884061abb',#228,#244,#5228,.T.);
#5230=SURFACE_CURVE('',#2001,(#4362,#4512),.PCURVE_S1.);
#5231=EDGE_CURVE('OSCAD_TOPO/3|edge|e:7a87e1a36062fa439cde6ce89b89f1cc|c00770ce1c3fb10f8e160d487659dbf5640c562b336d0753707e4893cbc0cb73',#242,#244,#5230,.T.);
#5232=SURFACE_CURVE('',#2004,(#4367,#4417),.PCURVE_S1.);
#5233=EDGE_CURVE('OSCAD_TOPO/3|edge|e:77976d0d582b3f853525303576883e94|e414846a6fc5e1bac109aab229f674e72950774beff17fe7abd8c428b02035b8',#226,#242,#5232,.T.);
#5234=SURFACE_CURVE('',#2007,(#4377,#4407),.PCURVE_S1.);
#5235=EDGE_CURVE('OSCAD_TOPO/3|edge|e:97efb2d7bb30f41696110eb1e6476d4b|3c65ab8a87c67d99f97c08b7794a73f74f1bd27bccabce2aef526376dbffd733',#230,#246,#5234,.T.);
#5236=SURFACE_CURVE('',#2011,(#4382,#4532),.PCURVE_S1.);
#5237=EDGE_CURVE('OSCAD_TOPO/3|edge|e:f34f30c5cc35162856de3e0f318e7b00|efbc41b1f75e43689d35a1e46cdb2651c7e1d4ce43ed67c8bb32103fd47900b0',#244,#246,#5236,.T.);
#5238=SURFACE_CURVE('',#2014,(#4397,#4427),.PCURVE_S1.);
#5239=EDGE_CURVE('OSCAD_TOPO/3|edge|e:84b2522852041eae1cab1aba120f17af|c754655d981f4dee5b38ead6d290783ada94d989cc159ce39d140ba8647f72aa',#232,#248,#5238,.T.);
#5240=SURFACE_CURVE('',#2018,(#4402,#4552),.PCURVE_S1.);
#5241=EDGE_CURVE('OSCAD_TOPO/3|edge|e:be6ccbdc1fa8adee3c7ce3500b18474c|a8c6c557b05e7fffb4a0397fb55140f574ff758a44e6b81398b361e5cf525ae2',#246,#248,#5240,.T.);
#5242=SURFACE_CURVE('',#2022,(#4422,#4572),.PCURVE_S1.);
#5243=EDGE_CURVE('OSCAD_TOPO/3|edge|e:4287431a58bd7c73c44cd350afa2b24f|69a6ded253f54dfdb7a41c6750c4405f114921bcd63d2cef09887a491338f7ff',#242,#248,#5242,.T.);
#5244=SURFACE_CURVE('',#2025,(#4437,#4467),.PCURVE_S1.);
#5245=EDGE_CURVE('OSCAD_TOPO/3|edge|e:2ea0b0753e8114377b265375b0ec966d|ea72e39f44b268ba18a0772baa8a1d3f9658dcc748f818e1578d76c7141d4b71',#236,#252,#5244,.T.);
#5246=SURFACE_CURVE('',#2029,(#4442,#4592),.PCURVE_S1.);
#5247=EDGE_CURVE('OSCAD_TOPO/3|edge|e:b71981f0b55f4408fbdf8156d592a16e|2b27d963034119f57166e8c55fbb43ae8f228b578447448d0273148d13a90fa1',#250,#252,#5246,.T.);
#5248=SURFACE_CURVE('',#2032,(#4447,#4497),.PCURVE_S1.);
#5249=EDGE_CURVE('OSCAD_TOPO/3|edge|e:dacfa967f5f6480dcd855b29deaa5736|c119366e2a5387bf80c4fabc1cf91e86bd0ba0edd2e6426dcb755381bf8c49be',#234,#250,#5248,.T.);
#5250=SURFACE_CURVE('',#2035,(#4457,#4487),.PCURVE_S1.);
#5251=EDGE_CURVE('OSCAD_TOPO/3|edge|e:4ea67b25299780d8de847c85845fd7fa|69c9ecc406d7b75528e096d257177fa7b90256d7f58071fe36f96f239fe3f717',#238,#254,#5250,.T.);
#5252=SURFACE_CURVE('',#2039,(#4462,#4612),.PCURVE_S1.);
#5253=EDGE_CURVE('OSCAD_TOPO/3|edge|e:ae7d5467664604a5ffffcfdd045b95d4|de4db781c9845d41113e639ef6eec554a9ee87d760c37865435ad281b8c48735',#252,#254,#5252,.T.);
#5254=SURFACE_CURVE('',#2042,(#4477,#4507),.PCURVE_S1.);
#5255=EDGE_CURVE('OSCAD_TOPO/3|edge|e:61410cc19a6c8e03deada624f4340462|b2d4a28c248b272fbd4c67e68426547e25e4f7ddc907ab1fe993cf4762fbe85d',#240,#256,#5254,.T.);
#5256=SURFACE_CURVE('',#2046,(#4482,#4632),.PCURVE_S1.);
#5257=EDGE_CURVE('OSCAD_TOPO/3|edge|e:b0e9eca7474e281cf27262c18f871e6d|861d59a63fdbeb4ee8c039eb3175b9ea79da225bc06fce89ef860791411213d3',#254,#256,#5256,.T.);
#5258=SURFACE_CURVE('',#2050,(#4502,#4652),.PCURVE_S1.);
#5259=EDGE_CURVE('OSCAD_TOPO/3|edge|e:4c541d2c67351feb60d0a80ae211aeeb|706e2df44ed6fd826916eb124e512b43148976c7724486f6a85b6876cbecf376',#250,#256,#5258,.T.);
#5260=SURFACE_CURVE('',#2053,(#4517,#4547),.PCURVE_S1.);
#5261=EDGE_CURVE('OSCAD_TOPO/3|edge|e:62970911004171f3bcb780cac489851a|7d25cfbbf427aa7c69c12863ad7c0604d33aaad394034be584a1e95032d689e4',#244,#260,#5260,.T.);
#5262=SURFACE_CURVE('',#2057,(#4522,#4721),.PCURVE_S1.);
#5263=EDGE_CURVE('OSCAD_TOPO/3|edge|e:0a82a3260ed3daae9b7c2754abb7ff55|8cde004d03d3e11c9a6631beeee759f0ba44e87865dde8fb359d4458318e1d2a',#258,#260,#5262,.T.);
#5264=SURFACE_CURVE('',#2060,(#4527,#4577),.PCURVE_S1.);
#5265=EDGE_CURVE('OSCAD_TOPO/3|edge|e:4d22059fdeb5320816c05e9719747e30|b4205745555e72f9704e34f6f88458130fc236d0c7bdae91688140612b62a89e',#242,#258,#5264,.T.);
#5266=SURFACE_CURVE('',#2063,(#4537,#4567),.PCURVE_S1.);
#5267=EDGE_CURVE('OSCAD_TOPO/3|edge|e:56ccd41f43b4049f6bef94255538dcf7|a3ec671db9644d0e3ff3dfa737bed776db93b64bef2ece22ca499252b28f8a53',#246,#262,#5266,.T.);
#5268=SURFACE_CURVE('',#2067,(#4542,#4727),.PCURVE_S1.);
#5269=EDGE_CURVE('OSCAD_TOPO/3|edge|e:64dec6c492b61f3472c050e99e55d783|d096d60c90009ec658f2abd0a56ba894d77b1bea203c38e817f27cce216c5b0f',#260,#262,#5268,.T.);
#5270=SURFACE_CURVE('',#2070,(#4557,#4587),.PCURVE_S1.);
#5271=EDGE_CURVE('OSCAD_TOPO/3|edge|e:aa4149c2961da15960d53e3f4707efe2|3413a37ea804dcb301fe1847701bc594b9e849f8a05e73ee3af236cab11fd3b0',#248,#264,#5270,.T.);
#5272=SURFACE_CURVE('',#2074,(#4562,#4733),.PCURVE_S1.);
#5273=EDGE_CURVE('OSCAD_TOPO/3|edge|e:7b08e63e1e71497c4bf98d09ea12f38f|3b36c99dfac951a3633ae3246a8a7f8751b6ff1d5ccb6faa6acca536d29e6719',#262,#264,#5272,.T.);
#5274=SURFACE_CURVE('',#2078,(#4582,#4739),.PCURVE_S1.);
#5275=EDGE_CURVE('OSCAD_TOPO/3|edge|e:0dc1d5c1e7a8ad2b32510fdc4997421a|fe4f3c9d71eb5c0089eb25e9e939f839b4a735e64156c0eb5dd23155299dd2e6',#258,#264,#5274,.T.);
#5276=SURFACE_CURVE('',#2081,(#4597,#4627),.PCURVE_S1.);
#5277=EDGE_CURVE('OSCAD_TOPO/3|edge|e:0f8726c773e67f196a312e1787c41c85|b0956bd8786ea2e746dc8c27b252ab7dae560362df1b52c618c29d62770bba34',#252,#268,#5276,.T.);
#5278=SURFACE_CURVE('',#2085,(#4602,#4745),.PCURVE_S1.);
#5279=EDGE_CURVE('OSCAD_TOPO/3|edge|e:79fbedca092a625a5b3485b5675ccb8d|57a2a9a302b77331aedd4e728b1db73d5a5e2a89400e676ce531ee3c5b33c6d8',#266,#268,#5278,.T.);
#5280=SURFACE_CURVE('',#2088,(#4607,#4657),.PCURVE_S1.);
#5281=EDGE_CURVE('OSCAD_TOPO/3|edge|e:e391941e04734419f5398e578330b0dc|ec541e1204200f2293c7344bd4efb6a3b9e2190c0f8b3dd3f4208d08c395ca5b',#250,#266,#5280,.T.);
#5282=SURFACE_CURVE('',#2091,(#4617,#4647),.PCURVE_S1.);
#5283=EDGE_CURVE('OSCAD_TOPO/3|edge|e:f7528a4dba2638f3b28bbcc6cd3c4f9d|e24eb605a8391d47df601e1376571b88cecde743d10a5917c5289a329adce500',#254,#270,#5282,.T.);
#5284=SURFACE_CURVE('',#2095,(#4622,#4751),.PCURVE_S1.);
#5285=EDGE_CURVE('OSCAD_TOPO/3|edge|e:4e2e2db381bcd65a8ebe01988def9865|8fafc7e6dc6c4b177bb099bfe02672384f75ab78d0c7003e21ff15b1fddd9103',#268,#270,#5284,.T.);
#5286=SURFACE_CURVE('',#2098,(#4637,#4667),.PCURVE_S1.);
#5287=EDGE_CURVE('OSCAD_TOPO/3|edge|e:c22ae4f484d6480d109477050ad6f8f6|7e834cb9085a9d0738c9bca3b2d96f8a1fc4b6394bd59de5f6de3129f4252303',#256,#272,#5286,.T.);
#5288=SURFACE_CURVE('',#2102,(#4642,#4757),.PCURVE_S1.);
#5289=EDGE_CURVE('OSCAD_TOPO/3|edge|e:be1c48e68d1b3789e76d31c7ec3c5405|e7cd52058b65b4d973a0fd8ec4ca5ef126a12b9708cda43069236c8f0027c09b',#270,#272,#5288,.T.);
#5290=SURFACE_CURVE('',#2106,(#4662,#4763),.PCURVE_S1.);
#5291=EDGE_CURVE('OSCAD_TOPO/3|edge|e:2d205ac035a22c6923bf006f2196ac7b|586a3285f82fe2f7475a5d7ff733ceb7e5381fcc034b43561be70cf1d6f8b769',#266,#272,#5290,.T.);
#5292=ORIENTED_EDGE('',*,*,#4765,.T.);
#5293=ORIENTED_EDGE('',*,*,#4767,.T.);
#5294=ORIENTED_EDGE('',*,*,#4769,.F.);
#5295=ORIENTED_EDGE('',*,*,#4771,.F.);
#5296=EDGE_LOOP('OSCAD_TOPO/3|loop|l:57585f6fee092a2772c0df538a758a4d|16d76408b84cb6cb89fd645ca634316efc422c5c860b55b0edaba2bf4a677deb',(#5292,#5293,#5294,#5295));
#5297=ORIENTED_EDGE('',*,*,#4773,.T.);
#5298=ORIENTED_EDGE('',*,*,#4775,.T.);
#5299=ORIENTED_EDGE('',*,*,#4777,.F.);
#5300=ORIENTED_EDGE('',*,*,#4767,.F.);
#5301=EDGE_LOOP('OSCAD_TOPO/3|loop|l:e45b6c7f2d3a6def14272210cadbc666|2aef3ff5ca5f542d9d4c562bcd57b2a4811ebe3481edd93277bdff90d240d8c7',(#5297,#5298,#5299,#5300));
#5302=ORIENTED_EDGE('',*,*,#4779,.T.);
#5303=ORIENTED_EDGE('',*,*,#4781,.T.);
#5304=ORIENTED_EDGE('',*,*,#4783,.F.);
#5305=ORIENTED_EDGE('',*,*,#4775,.F.);
#5306=EDGE_LOOP('OSCAD_TOPO/3|loop|l:c96288134bb98777b80020a3973e38ba|682a270a62844150d06a5ea8bd72bbc006e475d51fc4db3bc65af742297b9c49',(#5302,#5303,#5304,#5305));
#5307=ORIENTED_EDGE('',*,*,#4785,.F.);
#5308=ORIENTED_EDGE('',*,*,#4771,.T.);
#5309=ORIENTED_EDGE('',*,*,#4787,.T.);
#5310=ORIENTED_EDGE('',*,*,#4781,.F.);
#5311=EDGE_LOOP('OSCAD_TOPO/3|loop|l:1942dd841f69d7d0de1198680a3bd49d|bd63c327b594dc385e47a792ef554e4ca460f969c31ceafa6a7034dfaec50adf',(#5307,#5308,#5309,#5310));
#5312=ORIENTED_EDGE('',*,*,#4789,.T.);
#5313=ORIENTED_EDGE('',*,*,#4791,.T.);
#5314=ORIENTED_EDGE('',*,*,#4793,.F.);
#5315=ORIENTED_EDGE('',*,*,#4795,.F.);
#5316=EDGE_LOOP('OSCAD_TOPO/3|loop|l:0ab31dd111aca0d0e74d6c8572e62e29|3ff2ea70188e5c0d79a8e9f0e42717215507ef4df57f49e9f9fda6db83f537e5',(#5312,#5313,#5314,#5315));
#5317=ORIENTED_EDGE('',*,*,#4797,.T.);
#5318=ORIENTED_EDGE('',*,*,#4799,.T.);
#5319=ORIENTED_EDGE('',*,*,#4801,.F.);
#5320=ORIENTED_EDGE('',*,*,#4791,.F.);
#5321=EDGE_LOOP('OSCAD_TOPO/3|loop|l:731af807c01516489d4db12b6f30f20d|820e4285ebec1e6ea86622fe459e88a868d9f20d6dc025e4e1dcfe8e6d6b5f63',(#5317,#5318,#5319,#5320));
#5322=ORIENTED_EDGE('',*,*,#4803,.T.);
#5323=ORIENTED_EDGE('',*,*,#4805,.T.);
#5324=ORIENTED_EDGE('',*,*,#4807,.F.);
#5325=ORIENTED_EDGE('',*,*,#4799,.F.);
#5326=EDGE_LOOP('OSCAD_TOPO/3|loop|l:5147b30e858a9124dbe6006ef4edfc21|c76eb440d211b13db38260b0666888c429a5fdc77a1b3fe4f61a7add97ca668c',(#5322,#5323,#5324,#5325));
#5327=ORIENTED_EDGE('',*,*,#4809,.F.);
#5328=ORIENTED_EDGE('',*,*,#4795,.T.);
#5329=ORIENTED_EDGE('',*,*,#4811,.T.);
#5330=ORIENTED_EDGE('',*,*,#4805,.F.);
#5331=EDGE_LOOP('OSCAD_TOPO/3|loop|l:fe48b0fdd27165333ba130039d1bd901|97cd09b50c8e718e32c35d000ea7f2de2c226f669b96525b05b2a3637fbbebec',(#5327,#5328,#5329,#5330));
#5332=ORIENTED_EDGE('',*,*,#4769,.T.);
#5333=ORIENTED_EDGE('',*,*,#4813,.T.);
#5334=ORIENTED_EDGE('',*,*,#4815,.F.);
#5335=ORIENTED_EDGE('',*,*,#4817,.F.);
#5336=EDGE_LOOP('OSCAD_TOPO/3|loop|l:55653a59b464da5727d5501db38cd973|42d61f71b80a6531716fea3f21f7430bea5ad70dbe8c31c7021850a719d44acc',(#5332,#5333,#5334,#5335));
#5337=ORIENTED_EDGE('',*,*,#4777,.T.);
#5338=ORIENTED_EDGE('',*,*,#4819,.T.);
#5339=ORIENTED_EDGE('',*,*,#4821,.F.);
#5340=ORIENTED_EDGE('',*,*,#4813,.F.);
#5341=EDGE_LOOP('OSCAD_TOPO/3|loop|l:7a1bf7513c3f6d84325281c0bd5dde78|6a065e70b39e85b77e0423c897b9a41e78c32647e23185ed15d8ddc60fe3a802',(#5337,#5338,#5339,#5340));
#5342=ORIENTED_EDGE('',*,*,#4783,.T.);
#5343=ORIENTED_EDGE('',*,*,#4823,.T.);
#5344=ORIENTED_EDGE('',*,*,#4825,.F.);
#5345=ORIENTED_EDGE('',*,*,#4819,.F.);
#5346=EDGE_LOOP('OSCAD_TOPO/3|loop|l:2742d5cc87eb7cd2e1ef156db2c6a359|44e18ced2c7c99bf51300a30c3b8cbe6a3b756ee5b9dbd8bb91f2ca99e38937f',(#5342,#5343,#5344,#5345));
#5347=ORIENTED_EDGE('',*,*,#4787,.F.);
#5348=ORIENTED_EDGE('',*,*,#4817,.T.);
#5349=ORIENTED_EDGE('',*,*,#4827,.T.);
#5350=ORIENTED_EDGE('',*,*,#4823,.F.);
#5351=EDGE_LOOP('OSCAD_TOPO/3|loop|l:371559b5997d3b3dfd2b2478b34ec2f1|f7093b9354a0d321dfd02fda84cb047c73330258759628d74262947e2b39353a',(#5347,#5348,#5349,#5350));
#5352=ORIENTED_EDGE('',*,*,#4793,.T.);
#5353=ORIENTED_EDGE('',*,*,#4829,.T.);
#5354=ORIENTED_EDGE('',*,*,#4831,.F.);
#5355=ORIENTED_EDGE('',*,*,#4833,.F.);
#5356=EDGE_LOOP('OSCAD_TOPO/3|loop|l:bbea474e92beae675866ca782d0ae8ee|979d55bfb9732a0bbe129af98d916483f0640520b41079c6a12dd46c2c733d96',(#5352,#5353,#5354,#5355));
#5357=ORIENTED_EDGE('',*,*,#4801,.T.);
#5358=ORIENTED_EDGE('',*,*,#4835,.T.);
#5359=ORIENTED_EDGE('',*,*,#4837,.F.);
#5360=ORIENTED_EDGE('',*,*,#4829,.F.);
#5361=EDGE_LOOP('OSCAD_TOPO/3|loop|l:8f82673e4850c0b59019ea19f38f1e15|899c669de1424101159ad69ea199f2cb3b68f684749e4dd2efc7bb4b3b8df036',(#5357,#5358,#5359,#5360));
#5362=ORIENTED_EDGE('',*,*,#4807,.T.);
#5363=ORIENTED_EDGE('',*,*,#4839,.T.);
#5364=ORIENTED_EDGE('',*,*,#4841,.F.);
#5365=ORIENTED_EDGE('',*,*,#4835,.F.);
#5366=EDGE_LOOP('OSCAD_TOPO/3|loop|l:1740ecad1cf155918ce95b8b2436bb0c|29d4ab48fa01301060c3c23ce3e6ec82cbcc08f6ca2eaf56422c16570b3c3998',(#5362,#5363,#5364,#5365));
#5367=ORIENTED_EDGE('',*,*,#4811,.F.);
#5368=ORIENTED_EDGE('',*,*,#4833,.T.);
#5369=ORIENTED_EDGE('',*,*,#4843,.T.);
#5370=ORIENTED_EDGE('',*,*,#4839,.F.);
#5371=EDGE_LOOP('OSCAD_TOPO/3|loop|l:1d258ead04371b4be348dcdb9f69acc5|c177d836ded84d9ad4371692fbfe00fa883737cc0c4987f781154aad2bb9ea34',(#5367,#5368,#5369,#5370));
#5372=ORIENTED_EDGE('',*,*,#4815,.T.);
#5373=ORIENTED_EDGE('',*,*,#4845,.T.);
#5374=ORIENTED_EDGE('',*,*,#4847,.F.);
#5375=ORIENTED_EDGE('',*,*,#4849,.F.);
#5376=EDGE_LOOP('OSCAD_TOPO/3|loop|l:15f7495aa88ec66d84494b9a81f1fc77|f44d66abb3ead836d1d121ef9a5c849bcaa0c64b1299864e08626346c0d8e269',(#5372,#5373,#5374,#5375));
#5377=ORIENTED_EDGE('',*,*,#4821,.T.);
#5378=ORIENTED_EDGE('',*,*,#4851,.T.);
#5379=ORIENTED_EDGE('',*,*,#4853,.F.);
#5380=ORIENTED_EDGE('',*,*,#4845,.F.);
#5381=EDGE_LOOP('OSCAD_TOPO/3|loop|l:86071b2b63337ad0cb179fd93f2097f6|2a9da87b296218309ec75f25a40b1ef4af46ed4d6c1fd27bf70ca34a7b0bc883',(#5377,#5378,#5379,#5380));
#5382=ORIENTED_EDGE('',*,*,#4825,.T.);
#5383=ORIENTED_EDGE('',*,*,#4855,.T.);
#5384=ORIENTED_EDGE('',*,*,#4857,.F.);
#5385=ORIENTED_EDGE('',*,*,#4851,.F.);
#5386=EDGE_LOOP('OSCAD_TOPO/3|loop|l:b52604afdef4e35b286821fa84fef928|786194da12f6366978ee60d2a051415c2bdbed8bf030ae626471bd7386b3bb5e',(#5382,#5383,#5384,#5385));
#5387=ORIENTED_EDGE('',*,*,#4827,.F.);
#5388=ORIENTED_EDGE('',*,*,#4849,.T.);
#5389=ORIENTED_EDGE('',*,*,#4859,.T.);
#5390=ORIENTED_EDGE('',*,*,#4855,.F.);
#5391=EDGE_LOOP('OSCAD_TOPO/3|loop|l:4c0ba6255c445c03136151cba595e9e1|8179865e7ee750ab3cec89820a0f93f3dcff01403541eaaa077585b47591f6e6',(#5387,#5388,#5389,#5390));
#5392=ORIENTED_EDGE('',*,*,#4831,.T.);
#5393=ORIENTED_EDGE('',*,*,#4861,.T.);
#5394=ORIENTED_EDGE('',*,*,#4863,.F.);
#5395=ORIENTED_EDGE('',*,*,#4865,.F.);
#5396=EDGE_LOOP('OSCAD_TOPO/3|loop|l:f445efcff0647b1def52d499e3597029|2764e3f546cdec015b570f75e016b0b1cf4f2a7116355c0f267a258cbf58bfd9',(#5392,#5393,#5394,#5395));
#5397=ORIENTED_EDGE('',*,*,#4837,.T.);
#5398=ORIENTED_EDGE('',*,*,#4867,.T.);
#5399=ORIENTED_EDGE('',*,*,#4869,.F.);
#5400=ORIENTED_EDGE('',*,*,#4861,.F.);
#5401=EDGE_LOOP('OSCAD_TOPO/3|loop|l:5a1a7b13c39dc74e51c9343a62411714|656379d5401d54d2ab82e64dde1c62f9d58d0a2dadbd7d37a673d6fcbc49e4e1',(#5397,#5398,#5399,#5400));
#5402=ORIENTED_EDGE('',*,*,#4841,.T.);
#5403=ORIENTED_EDGE('',*,*,#4871,.T.);
#5404=ORIENTED_EDGE('',*,*,#4873,.F.);
#5405=ORIENTED_EDGE('',*,*,#4867,.F.);
#5406=EDGE_LOOP('OSCAD_TOPO/3|loop|l:85b7d986f8d175a8377dcb8760eebb28|bbc2759d6ff499236dc5a2e7a24f1e8a531bd1b8d1715c084a2b228b348aa3f9',(#5402,#5403,#5404,#5405));
#5407=ORIENTED_EDGE('',*,*,#4843,.F.);
#5408=ORIENTED_EDGE('',*,*,#4865,.T.);
#5409=ORIENTED_EDGE('',*,*,#4875,.T.);
#5410=ORIENTED_EDGE('',*,*,#4871,.F.);
#5411=EDGE_LOOP('OSCAD_TOPO/3|loop|l:406aa2ffd895951b3a622e7f29810385|a087a18acf32fd3ab42b238b5d66da4dd5d760d87dc3e634556965db4e5c53ce',(#5407,#5408,#5409,#5410));
#5412=ORIENTED_EDGE('',*,*,#4847,.T.);
#5413=ORIENTED_EDGE('',*,*,#4877,.T.);
#5414=ORIENTED_EDGE('',*,*,#4879,.F.);
#5415=ORIENTED_EDGE('',*,*,#4881,.F.);
#5416=EDGE_LOOP('OSCAD_TOPO/3|loop|l:f45931599c2e392494d584be0b07ed9a|f209cb6555016cceab74d69d583dd95249e400dde93a189bb2dc64889df8cd4e',(#5412,#5413,#5414,#5415));
#5417=ORIENTED_EDGE('',*,*,#4853,.T.);
#5418=ORIENTED_EDGE('',*,*,#4883,.T.);
#5419=ORIENTED_EDGE('',*,*,#4885,.F.);
#5420=ORIENTED_EDGE('',*,*,#4877,.F.);
#5421=EDGE_LOOP('OSCAD_TOPO/3|loop|l:82429b940031564a132dfbe41164e4bd|a9ea7aa5efb06b7ffdc8de8a847731fb338fcd0ffd972b9592dadd3b6f8da69a',(#5417,#5418,#5419,#5420));
#5422=ORIENTED_EDGE('',*,*,#4857,.T.);
#5423=ORIENTED_EDGE('',*,*,#4887,.T.);
#5424=ORIENTED_EDGE('',*,*,#4889,.F.);
#5425=ORIENTED_EDGE('',*,*,#4883,.F.);
#5426=EDGE_LOOP('OSCAD_TOPO/3|loop|l:1fce869e232f1fc12220419e0c88f48b|527f9d3fbdeaf8f7fb7c444625fc9d7bf28fb0ba4d7a29c23633ee47b71ca279',(#5422,#5423,#5424,#5425));
#5427=ORIENTED_EDGE('',*,*,#4859,.F.);
#5428=ORIENTED_EDGE('',*,*,#4881,.T.);
#5429=ORIENTED_EDGE('',*,*,#4891,.T.);
#5430=ORIENTED_EDGE('',*,*,#4887,.F.);
#5431=EDGE_LOOP('OSCAD_TOPO/3|loop|l:84a1d61805d509610a2f3282d9b2d8f2|e1bba172317398a5b7cfc96f6ca78e5ea48cc971a27ab5f62813f6869d99b419',(#5427,#5428,#5429,#5430));
#5432=ORIENTED_EDGE('',*,*,#4863,.T.);
#5433=ORIENTED_EDGE('',*,*,#4893,.T.);
#5434=ORIENTED_EDGE('',*,*,#4895,.F.);
#5435=ORIENTED_EDGE('',*,*,#4897,.F.);
#5436=EDGE_LOOP('OSCAD_TOPO/3|loop|l:eebbd4b72400c444e32dba1bb90bf77a|a79f16efc49c1e4006e53e9bcf9f5b3fb575c1c0f58baf0da4263f005cbf6d68',(#5432,#5433,#5434,#5435));
#5437=ORIENTED_EDGE('',*,*,#4869,.T.);
#5438=ORIENTED_EDGE('',*,*,#4899,.T.);
#5439=ORIENTED_EDGE('',*,*,#4901,.F.);
#5440=ORIENTED_EDGE('',*,*,#4893,.F.);
#5441=EDGE_LOOP('OSCAD_TOPO/3|loop|l:b722c031caa81484934450654deae221|0cd3c886958a69ad51a9adcfbb293f2f679152081446d0ea53ad8a9ab8e70fb9',(#5437,#5438,#5439,#5440));
#5442=ORIENTED_EDGE('',*,*,#4873,.T.);
#5443=ORIENTED_EDGE('',*,*,#4903,.T.);
#5444=ORIENTED_EDGE('',*,*,#4905,.F.);
#5445=ORIENTED_EDGE('',*,*,#4899,.F.);
#5446=EDGE_LOOP('OSCAD_TOPO/3|loop|l:2ffbc95d74096e27969ad33a3c358a7b|d3c8d2c34c0286370f071dc6dc1e03a082fd323a131b9d5abfef144aedbf042a',(#5442,#5443,#5444,#5445));
#5447=ORIENTED_EDGE('',*,*,#4875,.F.);
#5448=ORIENTED_EDGE('',*,*,#4897,.T.);
#5449=ORIENTED_EDGE('',*,*,#4907,.T.);
#5450=ORIENTED_EDGE('',*,*,#4903,.F.);
#5451=EDGE_LOOP('OSCAD_TOPO/3|loop|l:4f6e97fda01f50457c4ee86d0bfe5c58|c2f2c2d58e28bf75361f7cb4fbb787c23e58f00e60ef6c4460d8446569fc6d08',(#5447,#5448,#5449,#5450));
#5452=ORIENTED_EDGE('',*,*,#4879,.T.);
#5453=ORIENTED_EDGE('',*,*,#4909,.T.);
#5454=ORIENTED_EDGE('',*,*,#4911,.F.);
#5455=ORIENTED_EDGE('',*,*,#4913,.F.);
#5456=EDGE_LOOP('OSCAD_TOPO/3|loop|l:b3b735dc0c55925a2c3561e7715aa0e8|717da425d2b1ae4a13794f3cf2438e8c1061262c74a107af2708016773272267',(#5452,#5453,#5454,#5455));
#5457=ORIENTED_EDGE('',*,*,#4885,.T.);
#5458=ORIENTED_EDGE('',*,*,#4915,.T.);
#5459=ORIENTED_EDGE('',*,*,#4917,.F.);
#5460=ORIENTED_EDGE('',*,*,#4909,.F.);
#5461=EDGE_LOOP('OSCAD_TOPO/3|loop|l:b3893d4b7a828cbdce4de1920aba1ff3|bde21a447305d1b89a508c934aaa0c0b7852af75f3d7643fcdb18490ab240a53',(#5457,#5458,#5459,#5460));
#5462=ORIENTED_EDGE('',*,*,#4889,.T.);
#5463=ORIENTED_EDGE('',*,*,#4919,.T.);
#5464=ORIENTED_EDGE('',*,*,#4921,.F.);
#5465=ORIENTED_EDGE('',*,*,#4915,.F.);
#5466=EDGE_LOOP('OSCAD_TOPO/3|loop|l:524158498d9f387f08ddbaab45bf5fc9|80a0bd6dcd25d2f6c4750b21c2e01c10613618499582948a358644a5857868e1',(#5462,#5463,#5464,#5465));
#5467=ORIENTED_EDGE('',*,*,#4891,.F.);
#5468=ORIENTED_EDGE('',*,*,#4913,.T.);
#5469=ORIENTED_EDGE('',*,*,#4923,.T.);
#5470=ORIENTED_EDGE('',*,*,#4919,.F.);
#5471=EDGE_LOOP('OSCAD_TOPO/3|loop|l:bb74445736893f7ee98b295640b69dba|a14fcc330f019053109db907fc7575c598deb56c9f4089bc59c72079c043030c',(#5467,#5468,#5469,#5470));
#5472=ORIENTED_EDGE('',*,*,#4895,.T.);
#5473=ORIENTED_EDGE('',*,*,#4925,.T.);
#5474=ORIENTED_EDGE('',*,*,#4927,.F.);
#5475=ORIENTED_EDGE('',*,*,#4929,.F.);
#5476=EDGE_LOOP('OSCAD_TOPO/3|loop|l:99841ab553d30723633ffd6a32925a12|4e235261485237db414fc6311fa285e96fc2ad939621d844c5b0d3fefb4bc899',(#5472,#5473,#5474,#5475));
#5477=ORIENTED_EDGE('',*,*,#4901,.T.);
#5478=ORIENTED_EDGE('',*,*,#4931,.T.);
#5479=ORIENTED_EDGE('',*,*,#4933,.F.);
#5480=ORIENTED_EDGE('',*,*,#4925,.F.);
#5481=EDGE_LOOP('OSCAD_TOPO/3|loop|l:ec2bc84e8cea3b0d23c5d4f9429d5b3b|948215e91238977a407b49e40ff8bea338c25ae46060c95c17d6e50e78dbcbf6',(#5477,#5478,#5479,#5480));
#5482=ORIENTED_EDGE('',*,*,#4905,.T.);
#5483=ORIENTED_EDGE('',*,*,#4935,.T.);
#5484=ORIENTED_EDGE('',*,*,#4937,.F.);
#5485=ORIENTED_EDGE('',*,*,#4931,.F.);
#5486=EDGE_LOOP('OSCAD_TOPO/3|loop|l:2768b603de723c1e3fc83d94843c90f8|080212c7412865feeb5d56fe9ddf016000c4852cebfac168987e41b9c8517d9b',(#5482,#5483,#5484,#5485));
#5487=ORIENTED_EDGE('',*,*,#4907,.F.);
#5488=ORIENTED_EDGE('',*,*,#4929,.T.);
#5489=ORIENTED_EDGE('',*,*,#4939,.T.);
#5490=ORIENTED_EDGE('',*,*,#4935,.F.);
#5491=EDGE_LOOP('OSCAD_TOPO/3|loop|l:31589c0cc51beb563403e5a4950e3c46|4b729bb1e147c400466a301a08b44e2c7b169021b68f0270bcbad0eee15df707',(#5487,#5488,#5489,#5490));
#5492=ORIENTED_EDGE('',*,*,#4911,.T.);
#5493=ORIENTED_EDGE('',*,*,#4941,.T.);
#5494=ORIENTED_EDGE('',*,*,#4943,.F.);
#5495=ORIENTED_EDGE('',*,*,#4945,.F.);
#5496=EDGE_LOOP('OSCAD_TOPO/3|loop|l:77d312f85f81e9124aeaace2b2b0a965|7adc5687352009cb631612e850fc0862992357361424a3373d690e7ecdcab399',(#5492,#5493,#5494,#5495));
#5497=ORIENTED_EDGE('',*,*,#4917,.T.);
#5498=ORIENTED_EDGE('',*,*,#4947,.T.);
#5499=ORIENTED_EDGE('',*,*,#4949,.F.);
#5500=ORIENTED_EDGE('',*,*,#4941,.F.);
#5501=EDGE_LOOP('OSCAD_TOPO/3|loop|l:88054ffd181daee4d254bb94ed5b403b|ce79b3fa524fd4dbb2ba332fe31b9bbe536169461ad404278e989b938a6ef666',(#5497,#5498,#5499,#5500));
#5502=ORIENTED_EDGE('',*,*,#4921,.T.);
#5503=ORIENTED_EDGE('',*,*,#4951,.T.);
#5504=ORIENTED_EDGE('',*,*,#4953,.F.);
#5505=ORIENTED_EDGE('',*,*,#4947,.F.);
#5506=EDGE_LOOP('OSCAD_TOPO/3|loop|l:9a2312b6662c6384b496921b54779d8d|3e4f14bd82cdda4f47b979faa64c0db996cf6df14edb82946df04439a5fe5fb4',(#5502,#5503,#5504,#5505));
#5507=ORIENTED_EDGE('',*,*,#4923,.F.);
#5508=ORIENTED_EDGE('',*,*,#4945,.T.);
#5509=ORIENTED_EDGE('',*,*,#4955,.T.);
#5510=ORIENTED_EDGE('',*,*,#4951,.F.);
#5511=EDGE_LOOP('OSCAD_TOPO/3|loop|l:f6d48df753206f99703147bc2c111feb|5aa362f028dbb6604640df60de1755a33b037cb54ab6c7b99e721e2d0b918548',(#5507,#5508,#5509,#5510));
#5512=ORIENTED_EDGE('',*,*,#4927,.T.);
#5513=ORIENTED_EDGE('',*,*,#4957,.T.);
#5514=ORIENTED_EDGE('',*,*,#4959,.F.);
#5515=ORIENTED_EDGE('',*,*,#4961,.F.);
#5516=EDGE_LOOP('OSCAD_TOPO/3|loop|l:4ca47edb7c63a2b7c13f5cd43667008a|506f1f44466978414f132da1073876be39af827b9bb57b690aa76617be07bbaf',(#5512,#5513,#5514,#5515));
#5517=ORIENTED_EDGE('',*,*,#4933,.T.);
#5518=ORIENTED_EDGE('',*,*,#4963,.T.);
#5519=ORIENTED_EDGE('',*,*,#4965,.F.);
#5520=ORIENTED_EDGE('',*,*,#4957,.F.);
#5521=EDGE_LOOP('OSCAD_TOPO/3|loop|l:be644fae3a3f5f2d731628ddd66b21ce|0b644c9a6519eedc7f1212ec82a04584a566969d3882e90628ecb37a072fb33b',(#5517,#5518,#5519,#5520));
#5522=ORIENTED_EDGE('',*,*,#4937,.T.);
#5523=ORIENTED_EDGE('',*,*,#4967,.T.);
#5524=ORIENTED_EDGE('',*,*,#4969,.F.);
#5525=ORIENTED_EDGE('',*,*,#4963,.F.);
#5526=EDGE_LOOP('OSCAD_TOPO/3|loop|l:41bd93d01821576f8eeb8fff6c559867|65e3def77d97d7038ad8bc409da281aecb8d83c3068acc41f6e732ca8e20eb72',(#5522,#5523,#5524,#5525));
#5527=ORIENTED_EDGE('',*,*,#4939,.F.);
#5528=ORIENTED_EDGE('',*,*,#4961,.T.);
#5529=ORIENTED_EDGE('',*,*,#4971,.T.);
#5530=ORIENTED_EDGE('',*,*,#4967,.F.);
#5531=EDGE_LOOP('OSCAD_TOPO/3|loop|l:13249f9a903b94d2365ae62fec1ff5b9|e7754b6ccdf70df53588812edbb154e80c413a18e9e6c207d40d08a19f941eab',(#5527,#5528,#5529,#5530));
#5532=ORIENTED_EDGE('',*,*,#4943,.T.);
#5533=ORIENTED_EDGE('',*,*,#4973,.T.);
#5534=ORIENTED_EDGE('',*,*,#4975,.F.);
#5535=ORIENTED_EDGE('',*,*,#4977,.F.);
#5536=EDGE_LOOP('OSCAD_TOPO/3|loop|l:eec6e90f79e3aff867c3fc6351a77b18|1feea633f147e24b1363ea11f50ddaf60b56f6f3f20d35846e6d5ebd74335cb0',(#5532,#5533,#5534,#5535));
#5537=ORIENTED_EDGE('',*,*,#4949,.T.);
#5538=ORIENTED_EDGE('',*,*,#4979,.T.);
#5539=ORIENTED_EDGE('',*,*,#4981,.F.);
#5540=ORIENTED_EDGE('',*,*,#4973,.F.);
#5541=EDGE_LOOP('OSCAD_TOPO/3|loop|l:0781e605ef2386608da7e23b776f0355|cc0de2a091d5a1aa7d1b5d133a16cfd1aea1d6eececec0c32c2a0218aa798824',(#5537,#5538,#5539,#5540));
#5542=ORIENTED_EDGE('',*,*,#4953,.T.);
#5543=ORIENTED_EDGE('',*,*,#4983,.T.);
#5544=ORIENTED_EDGE('',*,*,#4985,.F.);
#5545=ORIENTED_EDGE('',*,*,#4979,.F.);
#5546=EDGE_LOOP('OSCAD_TOPO/3|loop|l:5e0cc3a369fa99d74c5c153100a12ed6|1314e6437d5e23b5198b3d751011c25cafa3c9c3414e2b090cf0a84650ceefd9',(#5542,#5543,#5544,#5545));
#5547=ORIENTED_EDGE('',*,*,#4955,.F.);
#5548=ORIENTED_EDGE('',*,*,#4977,.T.);
#5549=ORIENTED_EDGE('',*,*,#4987,.T.);
#5550=ORIENTED_EDGE('',*,*,#4983,.F.);
#5551=EDGE_LOOP('OSCAD_TOPO/3|loop|l:bf96414994c6baac3eec8f42ebe9a227|d4743ee2e5b5dbab885d48b4be44f07a324f629eb7ec9f7f6e0d77a7d0f2b2a4',(#5547,#5548,#5549,#5550));
#5552=ORIENTED_EDGE('',*,*,#4959,.T.);
#5553=ORIENTED_EDGE('',*,*,#4989,.T.);
#5554=ORIENTED_EDGE('',*,*,#4991,.F.);
#5555=ORIENTED_EDGE('',*,*,#4993,.F.);
#5556=EDGE_LOOP('OSCAD_TOPO/3|loop|l:e8c2c0a8626f5e20dcc15e6b9b62d58d|d046e54380c0f234ca05351a0cf3fe793035f1d8751eb9699b5c846963e5e555',(#5552,#5553,#5554,#5555));
#5557=ORIENTED_EDGE('',*,*,#4965,.T.);
#5558=ORIENTED_EDGE('',*,*,#4995,.T.);
#5559=ORIENTED_EDGE('',*,*,#4997,.F.);
#5560=ORIENTED_EDGE('',*,*,#4989,.F.);
#5561=EDGE_LOOP('OSCAD_TOPO/3|loop|l:495293dc4deb2c06dc1c9dde5242a59c|41416d589065f0ab68229272063de93e16d3dd574f51cd8cc55dfc6683dbfed2',(#5557,#5558,#5559,#5560));
#5562=ORIENTED_EDGE('',*,*,#4969,.T.);
#5563=ORIENTED_EDGE('',*,*,#4999,.T.);
#5564=ORIENTED_EDGE('',*,*,#5001,.F.);
#5565=ORIENTED_EDGE('',*,*,#4995,.F.);
#5566=EDGE_LOOP('OSCAD_TOPO/3|loop|l:6a6f0bf7133ee7c885b1e22c36fe6d97|05b187cfcf7e4c844ebdfbec5afe03a8b1970ce878304394bd17ecfbb2b5043e',(#5562,#5563,#5564,#5565));
#5567=ORIENTED_EDGE('',*,*,#4971,.F.);
#5568=ORIENTED_EDGE('',*,*,#4993,.T.);
#5569=ORIENTED_EDGE('',*,*,#5003,.T.);
#5570=ORIENTED_EDGE('',*,*,#4999,.F.);
#5571=EDGE_LOOP('OSCAD_TOPO/3|loop|l:f596f6e4f5b79b72cb8d3c99b18dcf12|56938449e0dd34d049704ac37f66374fb4443cdc6ded88715b39bda419aa2576',(#5567,#5568,#5569,#5570));
#5572=ORIENTED_EDGE('',*,*,#4975,.T.);
#5573=ORIENTED_EDGE('',*,*,#5005,.T.);
#5574=ORIENTED_EDGE('',*,*,#5007,.F.);
#5575=ORIENTED_EDGE('',*,*,#5009,.F.);
#5576=EDGE_LOOP('OSCAD_TOPO/3|loop|l:60631947651df12367b12f3cc88e40cf|a7c0ba66821db4a98ee2c1f5d8517016161563154ee535597451f4ba9fe473ce',(#5572,#5573,#5574,#5575));
#5577=ORIENTED_EDGE('',*,*,#4981,.T.);
#5578=ORIENTED_EDGE('',*,*,#5011,.T.);
#5579=ORIENTED_EDGE('',*,*,#5013,.F.);
#5580=ORIENTED_EDGE('',*,*,#5005,.F.);
#5581=EDGE_LOOP('OSCAD_TOPO/3|loop|l:9d71451b74da59722d1cee30d0048bc6|0d9e914b89edd5bf89755e16665d0f9dc69788db1533b8c6fbe10a7dcd94a3b1',(#5577,#5578,#5579,#5580));
#5582=ORIENTED_EDGE('',*,*,#4985,.T.);
#5583=ORIENTED_EDGE('',*,*,#5015,.T.);
#5584=ORIENTED_EDGE('',*,*,#5017,.F.);
#5585=ORIENTED_EDGE('',*,*,#5011,.F.);
#5586=EDGE_LOOP('OSCAD_TOPO/3|loop|l:4fd634006d2b5198733b2f63c92497cd|a64cba7addd39dbecfa7b7942edd898ccd46c3a0f4c8d9e6d4cbd45d6ef164f2',(#5582,#5583,#5584,#5585));
#5587=ORIENTED_EDGE('',*,*,#4987,.F.);
#5588=ORIENTED_EDGE('',*,*,#5009,.T.);
#5589=ORIENTED_EDGE('',*,*,#5019,.T.);
#5590=ORIENTED_EDGE('',*,*,#5015,.F.);
#5591=EDGE_LOOP('OSCAD_TOPO/3|loop|l:d6e148bbeb1bcd0c9260a26f6effcd45|85b23d091e9f2cd7afafcb1a06c2a9f90a9b4c2141e3946566f745a101a50452',(#5587,#5588,#5589,#5590));
#5592=ORIENTED_EDGE('',*,*,#4991,.T.);
#5593=ORIENTED_EDGE('',*,*,#5021,.T.);
#5594=ORIENTED_EDGE('',*,*,#5023,.F.);
#5595=ORIENTED_EDGE('',*,*,#5025,.F.);
#5596=EDGE_LOOP('OSCAD_TOPO/3|loop|l:a55e8ba580af52e205cbc789daa97dd1|6b798acbebc2ae57784c37dd9c739b3bd115c3b084ba493751028a3a3d9a770f',(#5592,#5593,#5594,#5595));
#5597=ORIENTED_EDGE('',*,*,#4997,.T.);
#5598=ORIENTED_EDGE('',*,*,#5027,.T.);
#5599=ORIENTED_EDGE('',*,*,#5029,.F.);
#5600=ORIENTED_EDGE('',*,*,#5021,.F.);
#5601=EDGE_LOOP('OSCAD_TOPO/3|loop|l:08407550014e80c00c3343cfd70c4048|496b4dfe48a7294100ed6a28400f2fc06ff885c8b97941993a1c1a8ddb09b9a5',(#5597,#5598,#5599,#5600));
#5602=ORIENTED_EDGE('',*,*,#5001,.T.);
#5603=ORIENTED_EDGE('',*,*,#5031,.T.);
#5604=ORIENTED_EDGE('',*,*,#5033,.F.);
#5605=ORIENTED_EDGE('',*,*,#5027,.F.);
#5606=EDGE_LOOP('OSCAD_TOPO/3|loop|l:8d233a3ccdec1b372c22f0b4981b12a7|f658da1c1e2a44a95845bdb79e71ca1fd8a521a9e03c81175b5b0e5f75922eca',(#5602,#5603,#5604,#5605));
#5607=ORIENTED_EDGE('',*,*,#5003,.F.);
#5608=ORIENTED_EDGE('',*,*,#5025,.T.);
#5609=ORIENTED_EDGE('',*,*,#5035,.T.);
#5610=ORIENTED_EDGE('',*,*,#5031,.F.);
#5611=EDGE_LOOP('OSCAD_TOPO/3|loop|l:1f7850a9aee811ba6562690db969decc|99733ff3e10196efd628f332c9d2cd6e95dcc6b56fc2db338d2b4b5982a40617',(#5607,#5608,#5609,#5610));
#5612=ORIENTED_EDGE('',*,*,#5007,.T.);
#5613=ORIENTED_EDGE('',*,*,#5037,.T.);
#5614=ORIENTED_EDGE('',*,*,#5039,.F.);
#5615=ORIENTED_EDGE('',*,*,#5041,.F.);
#5616=EDGE_LOOP('OSCAD_TOPO/3|loop|l:a6b890134864a0c5d20f6a7e313d2858|d181edf0fd8c693b4318477baae4a1eb745c01a805aeb026a966e639f91451db',(#5612,#5613,#5614,#5615));
#5617=ORIENTED_EDGE('',*,*,#5013,.T.);
#5618=ORIENTED_EDGE('',*,*,#5043,.T.);
#5619=ORIENTED_EDGE('',*,*,#5045,.F.);
#5620=ORIENTED_EDGE('',*,*,#5037,.F.);
#5621=EDGE_LOOP('OSCAD_TOPO/3|loop|l:5cc10dad46aba1bbfedb0f7efcd345ea|0e289234c44a849e4c9a222a3cb9250bec2d0cbc45c18e79ac18e146fae46fd2',(#5617,#5618,#5619,#5620));
#5622=ORIENTED_EDGE('',*,*,#5017,.T.);
#5623=ORIENTED_EDGE('',*,*,#5047,.T.);
#5624=ORIENTED_EDGE('',*,*,#5049,.F.);
#5625=ORIENTED_EDGE('',*,*,#5043,.F.);
#5626=EDGE_LOOP('OSCAD_TOPO/3|loop|l:091a256124a5369cab7026a46407c5a6|ce4b82a1f80abe677f162d949443fde50e5d2189adfa6ab4a1a2fedf90afe306',(#5622,#5623,#5624,#5625));
#5627=ORIENTED_EDGE('',*,*,#5019,.F.);
#5628=ORIENTED_EDGE('',*,*,#5041,.T.);
#5629=ORIENTED_EDGE('',*,*,#5051,.T.);
#5630=ORIENTED_EDGE('',*,*,#5047,.F.);
#5631=EDGE_LOOP('OSCAD_TOPO/3|loop|l:dbd72efe5f5ecd76da0efe07f2705542|b634ca90e3124989e9bffb2128d57d3bcff651565f3ea91c73223e11547afff3',(#5627,#5628,#5629,#5630));
#5632=ORIENTED_EDGE('',*,*,#5023,.T.);
#5633=ORIENTED_EDGE('',*,*,#5053,.T.);
#5634=ORIENTED_EDGE('',*,*,#5055,.F.);
#5635=ORIENTED_EDGE('',*,*,#5057,.F.);
#5636=EDGE_LOOP('OSCAD_TOPO/3|loop|l:e8d8b449d8edbf2c5dc5c92964453a45|c8ee32c77db1ad30087e8b2f63750f76fb1511cfe1e59b2b7612a20a111d07e8',(#5632,#5633,#5634,#5635));
#5637=ORIENTED_EDGE('',*,*,#5029,.T.);
#5638=ORIENTED_EDGE('',*,*,#5059,.T.);
#5639=ORIENTED_EDGE('',*,*,#5061,.F.);
#5640=ORIENTED_EDGE('',*,*,#5053,.F.);
#5641=EDGE_LOOP('OSCAD_TOPO/3|loop|l:0436c5a8c9f217ef9551b0f77667379f|6c5400ef68135953d7db9175e376f70b8fcae2485ae307cbbf0a64f485a9413e',(#5637,#5638,#5639,#5640));
#5642=ORIENTED_EDGE('',*,*,#5033,.T.);
#5643=ORIENTED_EDGE('',*,*,#5063,.T.);
#5644=ORIENTED_EDGE('',*,*,#5065,.F.);
#5645=ORIENTED_EDGE('',*,*,#5059,.F.);
#5646=EDGE_LOOP('OSCAD_TOPO/3|loop|l:1fe5c67227010c2e93d2ef1493dba6da|2d156d863ae8ca7a3cbc4d9396c0b156dea43b43d473ba586a6a33348e8bed44',(#5642,#5643,#5644,#5645));
#5647=ORIENTED_EDGE('',*,*,#5035,.F.);
#5648=ORIENTED_EDGE('',*,*,#5057,.T.);
#5649=ORIENTED_EDGE('',*,*,#5067,.T.);
#5650=ORIENTED_EDGE('',*,*,#5063,.F.);
#5651=EDGE_LOOP('OSCAD_TOPO/3|loop|l:5340f672703adff7598e13312639c221|44bf82dd58ed9ff274f9c56ef6a9cc2c4d1364b6ef2a65db116f4cc81e1a84ab',(#5647,#5648,#5649,#5650));
#5652=ORIENTED_EDGE('',*,*,#5039,.T.);
#5653=ORIENTED_EDGE('',*,*,#5069,.T.);
#5654=ORIENTED_EDGE('',*,*,#5071,.F.);
#5655=ORIENTED_EDGE('',*,*,#5073,.F.);
#5656=EDGE_LOOP('OSCAD_TOPO/3|loop|l:de2fd36a811266f120eb65a09c82e5ce|399f0f485cb69dfdf6e8e544e1ec9377d5d6615f5e156e442d4de4222220cb39',(#5652,#5653,#5654,#5655));
#5657=ORIENTED_EDGE('',*,*,#5045,.T.);
#5658=ORIENTED_EDGE('',*,*,#5075,.T.);
#5659=ORIENTED_EDGE('',*,*,#5077,.F.);
#5660=ORIENTED_EDGE('',*,*,#5069,.F.);
#5661=EDGE_LOOP('OSCAD_TOPO/3|loop|l:366962a1d1d6d420610f70f2c39d21f7|71f63fc8f7f3d386b8ba8c7d09f4342da0cd9a0df41c4c15724af267d65a1b4f',(#5657,#5658,#5659,#5660));
#5662=ORIENTED_EDGE('',*,*,#5049,.T.);
#5663=ORIENTED_EDGE('',*,*,#5079,.T.);
#5664=ORIENTED_EDGE('',*,*,#5081,.F.);
#5665=ORIENTED_EDGE('',*,*,#5075,.F.);
#5666=EDGE_LOOP('OSCAD_TOPO/3|loop|l:b0b7b2e4b0fe1f684ff95fbdcdd5152c|4b289a7ec2b8c724422e4635bd99cfbd8f8bdec7353b41cc6c22df278b8033c6',(#5662,#5663,#5664,#5665));
#5667=ORIENTED_EDGE('',*,*,#5051,.F.);
#5668=ORIENTED_EDGE('',*,*,#5073,.T.);
#5669=ORIENTED_EDGE('',*,*,#5083,.T.);
#5670=ORIENTED_EDGE('',*,*,#5079,.F.);
#5671=EDGE_LOOP('OSCAD_TOPO/3|loop|l:c631c45fdceaad48a1933c3810aa879e|859506ac9c48f9c559e0e329c2ca7dd510c66930519fe51ff77dd8454c3dcca9',(#5667,#5668,#5669,#5670));
#5672=ORIENTED_EDGE('',*,*,#5055,.T.);
#5673=ORIENTED_EDGE('',*,*,#5085,.T.);
#5674=ORIENTED_EDGE('',*,*,#5087,.F.);
#5675=ORIENTED_EDGE('',*,*,#5089,.F.);
#5676=EDGE_LOOP('OSCAD_TOPO/3|loop|l:97c10946656bc9f1f9e0f13ecaa61bcd|6980c5474747a9122335459d92c7f0807affe6ad58da2aaac8f8eed54cff356f',(#5672,#5673,#5674,#5675));
#5677=ORIENTED_EDGE('',*,*,#5061,.T.);
#5678=ORIENTED_EDGE('',*,*,#5091,.T.);
#5679=ORIENTED_EDGE('',*,*,#5093,.F.);
#5680=ORIENTED_EDGE('',*,*,#5085,.F.);
#5681=EDGE_LOOP('OSCAD_TOPO/3|loop|l:b053769389c7a3fdf7ec36bc2f4ce139|c5c9ec52cbb57a6e5deb05ff21b6a0dbfebcf5e86353c2acc6a5cb3ec8ba0490',(#5677,#5678,#5679,#5680));
#5682=ORIENTED_EDGE('',*,*,#5065,.T.);
#5683=ORIENTED_EDGE('',*,*,#5095,.T.);
#5684=ORIENTED_EDGE('',*,*,#5097,.F.);
#5685=ORIENTED_EDGE('',*,*,#5091,.F.);
#5686=EDGE_LOOP('OSCAD_TOPO/3|loop|l:ed2f41529e9bdd876b453b6c71b4b289|d829f9db0d47e2f2056b5dfa1b3256644ce9aa9429fe3508506e2ec0ba7182ec',(#5682,#5683,#5684,#5685));
#5687=ORIENTED_EDGE('',*,*,#5067,.F.);
#5688=ORIENTED_EDGE('',*,*,#5089,.T.);
#5689=ORIENTED_EDGE('',*,*,#5099,.T.);
#5690=ORIENTED_EDGE('',*,*,#5095,.F.);
#5691=EDGE_LOOP('OSCAD_TOPO/3|loop|l:a7f28fe88d02cc04c38fba7979c8c259|fddcaac05b352c51d6b5b30de94e1aed2d8fdcfe61cb2a571a797a33c4263933',(#5687,#5688,#5689,#5690));
#5692=ORIENTED_EDGE('',*,*,#5071,.T.);
#5693=ORIENTED_EDGE('',*,*,#5101,.T.);
#5694=ORIENTED_EDGE('',*,*,#5103,.F.);
#5695=ORIENTED_EDGE('',*,*,#5105,.F.);
#5696=EDGE_LOOP('OSCAD_TOPO/3|loop|l:3b740f5f02e7e511e72fe3757791878d|2fa8c9080f77cf0d459e40b0ddd26490049a5cb1d0a533619824df08f48c352a',(#5692,#5693,#5694,#5695));
#5697=ORIENTED_EDGE('',*,*,#5077,.T.);
#5698=ORIENTED_EDGE('',*,*,#5107,.T.);
#5699=ORIENTED_EDGE('',*,*,#5109,.F.);
#5700=ORIENTED_EDGE('',*,*,#5101,.F.);
#5701=EDGE_LOOP('OSCAD_TOPO/3|loop|l:7f5ad5da99b36fbfea381319d76d30f2|264f2830d4ea91533f4bb72373ea42363bbefee890137fcfbff06e41deb04721',(#5697,#5698,#5699,#5700));
#5702=ORIENTED_EDGE('',*,*,#5081,.T.);
#5703=ORIENTED_EDGE('',*,*,#5111,.T.);
#5704=ORIENTED_EDGE('',*,*,#5113,.F.);
#5705=ORIENTED_EDGE('',*,*,#5107,.F.);
#5706=EDGE_LOOP('OSCAD_TOPO/3|loop|l:bf5b611358f4088bf89c2a72243ee2c4|83ee63f3f799c6aea423e46de2ee3dc4337ab6595870e8c83339d88e5371c74f',(#5702,#5703,#5704,#5705));
#5707=ORIENTED_EDGE('',*,*,#5083,.F.);
#5708=ORIENTED_EDGE('',*,*,#5105,.T.);
#5709=ORIENTED_EDGE('',*,*,#5115,.T.);
#5710=ORIENTED_EDGE('',*,*,#5111,.F.);
#5711=EDGE_LOOP('OSCAD_TOPO/3|loop|l:e7e23063aa2def761c06e6594a9656cf|33fad5a88528ca8e349c5e47f25a52b3f3bda8da24789136ab5245af34c656ac',(#5707,#5708,#5709,#5710));
#5712=ORIENTED_EDGE('',*,*,#5087,.T.);
#5713=ORIENTED_EDGE('',*,*,#5117,.T.);
#5714=ORIENTED_EDGE('',*,*,#5119,.F.);
#5715=ORIENTED_EDGE('',*,*,#5121,.F.);
#5716=EDGE_LOOP('OSCAD_TOPO/3|loop|l:ae81334d0027bc00d373b25ed21d4065|9d68eed1adccb7611fd8611cdc3b865e6257c19a330989aa4a48f9393cb1bf48',(#5712,#5713,#5714,#5715));
#5717=ORIENTED_EDGE('',*,*,#5093,.T.);
#5718=ORIENTED_EDGE('',*,*,#5123,.T.);
#5719=ORIENTED_EDGE('',*,*,#5125,.F.);
#5720=ORIENTED_EDGE('',*,*,#5117,.F.);
#5721=EDGE_LOOP('OSCAD_TOPO/3|loop|l:c499fc8d6aee890f714259b97babf59a|98af86abbc2f38ca3880dc3b5c15db4a7c7f8bb20e9b3b046b03eee4946fb3a2',(#5717,#5718,#5719,#5720));
#5722=ORIENTED_EDGE('',*,*,#5097,.T.);
#5723=ORIENTED_EDGE('',*,*,#5127,.T.);
#5724=ORIENTED_EDGE('',*,*,#5129,.F.);
#5725=ORIENTED_EDGE('',*,*,#5123,.F.);
#5726=EDGE_LOOP('OSCAD_TOPO/3|loop|l:6bf7e8d5b536b5f96e4040555e4a000b|00944f6cb154dfcca231d403b0680c1ef69bc5fe9544eefbe756cfad9957d05e',(#5722,#5723,#5724,#5725));
#5727=ORIENTED_EDGE('',*,*,#5099,.F.);
#5728=ORIENTED_EDGE('',*,*,#5121,.T.);
#5729=ORIENTED_EDGE('',*,*,#5131,.T.);
#5730=ORIENTED_EDGE('',*,*,#5127,.F.);
#5731=EDGE_LOOP('OSCAD_TOPO/3|loop|l:3dcefcc937a5b080a37ef68e3ed2fa8a|9f200bb49ef43515a680b34e5b1bdcd941aa73da1ba623354e870eceb1b050ef',(#5727,#5728,#5729,#5730));
#5732=ORIENTED_EDGE('',*,*,#5103,.T.);
#5733=ORIENTED_EDGE('',*,*,#5133,.T.);
#5734=ORIENTED_EDGE('',*,*,#5135,.F.);
#5735=ORIENTED_EDGE('',*,*,#5137,.F.);
#5736=EDGE_LOOP('OSCAD_TOPO/3|loop|l:bae14cf68501adb765c1927abe1e5832|34c70ea41f5c43a8992f0430f6579babf06f87705dac4a5fda11fb6ba0073742',(#5732,#5733,#5734,#5735));
#5737=ORIENTED_EDGE('',*,*,#5109,.T.);
#5738=ORIENTED_EDGE('',*,*,#5139,.T.);
#5739=ORIENTED_EDGE('',*,*,#5141,.F.);
#5740=ORIENTED_EDGE('',*,*,#5133,.F.);
#5741=EDGE_LOOP('OSCAD_TOPO/3|loop|l:721db8c7089814050b082cf3250d5411|51d3aecbc58eddd1569965e1a2018343ccdc4e6f917a0ae84e9530143b3dd8a1',(#5737,#5738,#5739,#5740));
#5742=ORIENTED_EDGE('',*,*,#5113,.T.);
#5743=ORIENTED_EDGE('',*,*,#5143,.T.);
#5744=ORIENTED_EDGE('',*,*,#5145,.F.);
#5745=ORIENTED_EDGE('',*,*,#5139,.F.);
#5746=EDGE_LOOP('OSCAD_TOPO/3|loop|l:7c5d7f2b536c3ba92316bd41d6791d82|5645eb9e745c23795c96ca44e39e6b46e04c26b72c39d7d1ad51372f8b7a649a',(#5742,#5743,#5744,#5745));
#5747=ORIENTED_EDGE('',*,*,#5115,.F.);
#5748=ORIENTED_EDGE('',*,*,#5137,.T.);
#5749=ORIENTED_EDGE('',*,*,#5147,.T.);
#5750=ORIENTED_EDGE('',*,*,#5143,.F.);
#5751=EDGE_LOOP('OSCAD_TOPO/3|loop|l:68a2925910986b3ae23640545c0ffed2|7347140cb03e9cc99c45c477ffe5f7ed281cf6695af688ff558d3e5c143eaa0c',(#5747,#5748,#5749,#5750));
#5752=ORIENTED_EDGE('',*,*,#5119,.T.);
#5753=ORIENTED_EDGE('',*,*,#5149,.T.);
#5754=ORIENTED_EDGE('',*,*,#5151,.F.);
#5755=ORIENTED_EDGE('',*,*,#5153,.F.);
#5756=EDGE_LOOP('OSCAD_TOPO/3|loop|l:72aed36b068461cbdaabe88bced60514|00aebfcba29741e265bb47318f22741af887e1e0212425e9c2e7ab50897a1e09',(#5752,#5753,#5754,#5755));
#5757=ORIENTED_EDGE('',*,*,#5125,.T.);
#5758=ORIENTED_EDGE('',*,*,#5155,.T.);
#5759=ORIENTED_EDGE('',*,*,#5157,.F.);
#5760=ORIENTED_EDGE('',*,*,#5149,.F.);
#5761=EDGE_LOOP('OSCAD_TOPO/3|loop|l:bd38daaf37d4610f58c3996855a187e4|99d670af4732d1b0a376688ad5ef62ebb5e7afe37f132066adfbb6ca94e6b646',(#5757,#5758,#5759,#5760));
#5762=ORIENTED_EDGE('',*,*,#5129,.T.);
#5763=ORIENTED_EDGE('',*,*,#5159,.T.);
#5764=ORIENTED_EDGE('',*,*,#5161,.F.);
#5765=ORIENTED_EDGE('',*,*,#5155,.F.);
#5766=EDGE_LOOP('OSCAD_TOPO/3|loop|l:b682f78930d7a18ee3f709bf3dbf6062|c376306c863e4193c6c0127989bad7425088baa4dfc3a3ed8a061f1e99d173a3',(#5762,#5763,#5764,#5765));
#5767=ORIENTED_EDGE('',*,*,#5131,.F.);
#5768=ORIENTED_EDGE('',*,*,#5153,.T.);
#5769=ORIENTED_EDGE('',*,*,#5163,.T.);
#5770=ORIENTED_EDGE('',*,*,#5159,.F.);
#5771=EDGE_LOOP('OSCAD_TOPO/3|loop|l:3698dd22211764609369a0ffea06cc31|9504cc0c086d6dd75f10828d30604cd00ea7f6f0fa8be96af687943b4c4b9534',(#5767,#5768,#5769,#5770));
#5772=ORIENTED_EDGE('',*,*,#5135,.T.);
#5773=ORIENTED_EDGE('',*,*,#5165,.T.);
#5774=ORIENTED_EDGE('',*,*,#5167,.F.);
#5775=ORIENTED_EDGE('',*,*,#5169,.F.);
#5776=EDGE_LOOP('OSCAD_TOPO/3|loop|l:73c23b5bbe748353a197b26663f16b13|4565d733ff3af4e170370383e9bb36def912090d9d426f0b8a963da0468b373e',(#5772,#5773,#5774,#5775));
#5777=ORIENTED_EDGE('',*,*,#5141,.T.);
#5778=ORIENTED_EDGE('',*,*,#5171,.T.);
#5779=ORIENTED_EDGE('',*,*,#5173,.F.);
#5780=ORIENTED_EDGE('',*,*,#5165,.F.);
#5781=EDGE_LOOP('OSCAD_TOPO/3|loop|l:2d98682277b9eaa51590b69a75f2bb80|d8bd0a0b0efe2ec3ed50787ccf66e599c7468d059b28424290f30472ede298a6',(#5777,#5778,#5779,#5780));
#5782=ORIENTED_EDGE('',*,*,#5145,.T.);
#5783=ORIENTED_EDGE('',*,*,#5175,.T.);
#5784=ORIENTED_EDGE('',*,*,#5177,.F.);
#5785=ORIENTED_EDGE('',*,*,#5171,.F.);
#5786=EDGE_LOOP('OSCAD_TOPO/3|loop|l:cb30d5560c18f64d4b85b6870f4fdd35|77bc80a4e341e053eede47d2d019adeccd02f1f7164065d132cb3b146dc027dd',(#5782,#5783,#5784,#5785));
#5787=ORIENTED_EDGE('',*,*,#5147,.F.);
#5788=ORIENTED_EDGE('',*,*,#5169,.T.);
#5789=ORIENTED_EDGE('',*,*,#5179,.T.);
#5790=ORIENTED_EDGE('',*,*,#5175,.F.);
#5791=EDGE_LOOP('OSCAD_TOPO/3|loop|l:70c9cb5aa647c7b9d9101b414a4c3c86|4270888612be8d60d1fdb15add55ba414c8e936a051a6ec7fe4a0ed334196d03',(#5787,#5788,#5789,#5790));
#5792=ORIENTED_EDGE('',*,*,#5151,.T.);
#5793=ORIENTED_EDGE('',*,*,#5181,.T.);
#5794=ORIENTED_EDGE('',*,*,#5183,.F.);
#5795=ORIENTED_EDGE('',*,*,#5185,.F.);
#5796=EDGE_LOOP('OSCAD_TOPO/3|loop|l:8dc8dd312bb54167bd978c33a0436425|d9ed39f9d0c8041813d411bebe4441138b4ef38eae7bf43baebb83442a43b751',(#5792,#5793,#5794,#5795));
#5797=ORIENTED_EDGE('',*,*,#5157,.T.);
#5798=ORIENTED_EDGE('',*,*,#5187,.T.);
#5799=ORIENTED_EDGE('',*,*,#5189,.F.);
#5800=ORIENTED_EDGE('',*,*,#5181,.F.);
#5801=EDGE_LOOP('OSCAD_TOPO/3|loop|l:e541b014aab33390e2216422adbcddd6|35a77224bee0b7df1a400cae72e2b22128e7142285e31a1665285644cae370fb',(#5797,#5798,#5799,#5800));
#5802=ORIENTED_EDGE('',*,*,#5161,.T.);
#5803=ORIENTED_EDGE('',*,*,#5191,.T.);
#5804=ORIENTED_EDGE('',*,*,#5193,.F.);
#5805=ORIENTED_EDGE('',*,*,#5187,.F.);
#5806=EDGE_LOOP('OSCAD_TOPO/3|loop|l:f2859abd658b1310c69d2387cdf89903|a8e7d046080525db50a0eb5417711f9737ce07f958fd879ad2bdfc8561333c72',(#5802,#5803,#5804,#5805));
#5807=ORIENTED_EDGE('',*,*,#5163,.F.);
#5808=ORIENTED_EDGE('',*,*,#5185,.T.);
#5809=ORIENTED_EDGE('',*,*,#5195,.T.);
#5810=ORIENTED_EDGE('',*,*,#5191,.F.);
#5811=EDGE_LOOP('OSCAD_TOPO/3|loop|l:23afeacaf58a1b8b934233d16d9f5c20|73c38392d19821c3d41bf45c248b0607587349ac584063e5bd1032f41024c00a',(#5807,#5808,#5809,#5810));
#5812=ORIENTED_EDGE('',*,*,#5167,.T.);
#5813=ORIENTED_EDGE('',*,*,#5197,.T.);
#5814=ORIENTED_EDGE('',*,*,#5199,.F.);
#5815=ORIENTED_EDGE('',*,*,#5201,.F.);
#5816=EDGE_LOOP('OSCAD_TOPO/3|loop|l:c22aca64968130940d4a636f21535614|6fb6bd5df196118b5344e39da9907cd48ca5f7baea47558d1666559ab6fe2418',(#5812,#5813,#5814,#5815));
#5817=ORIENTED_EDGE('',*,*,#5173,.T.);
#5818=ORIENTED_EDGE('',*,*,#5203,.T.);
#5819=ORIENTED_EDGE('',*,*,#5205,.F.);
#5820=ORIENTED_EDGE('',*,*,#5197,.F.);
#5821=EDGE_LOOP('OSCAD_TOPO/3|loop|l:39ef0974f43383079fd4b0fde3b8e89f|5f6ed6cbb628006a87ab49b9e9ca0a44810e8edcd6cbf8890943bc9dcf18da9e',(#5817,#5818,#5819,#5820));
#5822=ORIENTED_EDGE('',*,*,#5177,.T.);
#5823=ORIENTED_EDGE('',*,*,#5207,.T.);
#5824=ORIENTED_EDGE('',*,*,#5209,.F.);
#5825=ORIENTED_EDGE('',*,*,#5203,.F.);
#5826=EDGE_LOOP('OSCAD_TOPO/3|loop|l:23f4f0d16768430964f88e693490c13a|3271f440e9a477c964e31c24a292f5035dbedb4ced12e674c13528f49989b0c2',(#5822,#5823,#5824,#5825));
#5827=ORIENTED_EDGE('',*,*,#5179,.F.);
#5828=ORIENTED_EDGE('',*,*,#5201,.T.);
#5829=ORIENTED_EDGE('',*,*,#5211,.T.);
#5830=ORIENTED_EDGE('',*,*,#5207,.F.);
#5831=EDGE_LOOP('OSCAD_TOPO/3|loop|l:255407382bf791b0395c48e541025af6|6cf0e62e89f387f0dabca6e11f2f47315941d065647f886d1a098b32c4036bf2',(#5827,#5828,#5829,#5830));
#5832=ORIENTED_EDGE('',*,*,#5183,.T.);
#5833=ORIENTED_EDGE('',*,*,#5213,.T.);
#5834=ORIENTED_EDGE('',*,*,#5215,.F.);
#5835=ORIENTED_EDGE('',*,*,#5217,.F.);
#5836=EDGE_LOOP('OSCAD_TOPO/3|loop|l:cb29ca34982d44b63d27641ba32f903c|4262d9d4a480806adecade2562d0f47ba575fbbc7be0d4f3e8ebdc1c80551b8c',(#5832,#5833,#5834,#5835));
#5837=ORIENTED_EDGE('',*,*,#5189,.T.);
#5838=ORIENTED_EDGE('',*,*,#5219,.T.);
#5839=ORIENTED_EDGE('',*,*,#5221,.F.);
#5840=ORIENTED_EDGE('',*,*,#5213,.F.);
#5841=EDGE_LOOP('OSCAD_TOPO/3|loop|l:eae1a98e5f05029699851943c9985d0e|0509cc02a1d98b5d84b7c6d237655950c5558dd9ca9d09c376c6a89bc16f687d',(#5837,#5838,#5839,#5840));
#5842=ORIENTED_EDGE('',*,*,#5193,.T.);
#5843=ORIENTED_EDGE('',*,*,#5223,.T.);
#5844=ORIENTED_EDGE('',*,*,#5225,.F.);
#5845=ORIENTED_EDGE('',*,*,#5219,.F.);
#5846=EDGE_LOOP('OSCAD_TOPO/3|loop|l:67ac15b27f3416a96087452b2f7f164e|e480623f86d2159cf385e0b6924011ecadf0362a4277f11b8ec089f3f90e8615',(#5842,#5843,#5844,#5845));
#5847=ORIENTED_EDGE('',*,*,#5195,.F.);
#5848=ORIENTED_EDGE('',*,*,#5217,.T.);
#5849=ORIENTED_EDGE('',*,*,#5227,.T.);
#5850=ORIENTED_EDGE('',*,*,#5223,.F.);
#5851=EDGE_LOOP('OSCAD_TOPO/3|loop|l:8665bc006c5f40233acaaed614ea16ee|b0a0b717a10d85d3162972bed5b2c2a8ac089c564fd269e7cd85cf61e956f24b',(#5847,#5848,#5849,#5850));
#5852=ORIENTED_EDGE('',*,*,#5199,.T.);
#5853=ORIENTED_EDGE('',*,*,#5229,.T.);
#5854=ORIENTED_EDGE('',*,*,#5231,.F.);
#5855=ORIENTED_EDGE('',*,*,#5233,.F.);
#5856=EDGE_LOOP('OSCAD_TOPO/3|loop|l:ac43b1165208a153e2302b7f27f679cf|2dc4f9ce0c1ca2df14110e67a9fbbeffb87a72a637da212db46693435f232759',(#5852,#5853,#5854,#5855));
#5857=ORIENTED_EDGE('',*,*,#5205,.T.);
#5858=ORIENTED_EDGE('',*,*,#5235,.T.);
#5859=ORIENTED_EDGE('',*,*,#5237,.F.);
#5860=ORIENTED_EDGE('',*,*,#5229,.F.);
#5861=EDGE_LOOP('OSCAD_TOPO/3|loop|l:397dfe64bf0eb46c65d04019ad79ff52|62e81b74d5b96f588189b0b4cb870f54f7708b70f07cf329d1df85f98df4f6a2',(#5857,#5858,#5859,#5860));
#5862=ORIENTED_EDGE('',*,*,#5209,.T.);
#5863=ORIENTED_EDGE('',*,*,#5239,.T.);
#5864=ORIENTED_EDGE('',*,*,#5241,.F.);
#5865=ORIENTED_EDGE('',*,*,#5235,.F.);
#5866=EDGE_LOOP('OSCAD_TOPO/3|loop|l:0f353ef2e58c4e5cba0c528003a98e72|2b84f0a6359fbf49e049754df954fc42dec1893a4645f50e8230bfd902eba528',(#5862,#5863,#5864,#5865));
#5867=ORIENTED_EDGE('',*,*,#5211,.F.);
#5868=ORIENTED_EDGE('',*,*,#5233,.T.);
#5869=ORIENTED_EDGE('',*,*,#5243,.T.);
#5870=ORIENTED_EDGE('',*,*,#5239,.F.);
#5871=EDGE_LOOP('OSCAD_TOPO/3|loop|l:deff5c5fed6db13b717e08a34b954f97|dc23ebc1229aeae75d009f5771df8b92f20491775f5d2ceab63a95a6f6e53b41',(#5867,#5868,#5869,#5870));
#5872=ORIENTED_EDGE('',*,*,#5215,.T.);
#5873=ORIENTED_EDGE('',*,*,#5245,.T.);
#5874=ORIENTED_EDGE('',*,*,#5247,.F.);
#5875=ORIENTED_EDGE('',*,*,#5249,.F.);
#5876=EDGE_LOOP('OSCAD_TOPO/3|loop|l:7e0aa59a565a4bce92302683ce8e44c6|cf066e6eb7d8ccfd7ae8def5459c05ccbb0d3915e2c2b65ab82188a6edad7d3a',(#5872,#5873,#5874,#5875));
#5877=ORIENTED_EDGE('',*,*,#5221,.T.);
#5878=ORIENTED_EDGE('',*,*,#5251,.T.);
#5879=ORIENTED_EDGE('',*,*,#5253,.F.);
#5880=ORIENTED_EDGE('',*,*,#5245,.F.);
#5881=EDGE_LOOP('OSCAD_TOPO/3|loop|l:ea4da40805edf9cce6a4e9308a3623d8|93f5d494c167e44c2d7d5e1af26efcde71b9102f166cc6c229834a387b071334',(#5877,#5878,#5879,#5880));
#5882=ORIENTED_EDGE('',*,*,#5225,.T.);
#5883=ORIENTED_EDGE('',*,*,#5255,.T.);
#5884=ORIENTED_EDGE('',*,*,#5257,.F.);
#5885=ORIENTED_EDGE('',*,*,#5251,.F.);
#5886=EDGE_LOOP('OSCAD_TOPO/3|loop|l:0e923fd26576c95d7dd979ed21d76b93|5372975b219c12225197ebb5487aab0eb28d3dd37225a42e2e4d3fdf1648a649',(#5882,#5883,#5884,#5885));
#5887=ORIENTED_EDGE('',*,*,#5227,.F.);
#5888=ORIENTED_EDGE('',*,*,#5249,.T.);
#5889=ORIENTED_EDGE('',*,*,#5259,.T.);
#5890=ORIENTED_EDGE('',*,*,#5255,.F.);
#5891=EDGE_LOOP('OSCAD_TOPO/3|loop|l:04198d6d2bc59508199bc0cfd39dcb21|9ffbe92a6436c7a257e658d1ac1b877cfdcd5fc3563e27bf06be553bceee864e',(#5887,#5888,#5889,#5890));
#5892=ORIENTED_EDGE('',*,*,#5231,.T.);
#5893=ORIENTED_EDGE('',*,*,#5261,.T.);
#5894=ORIENTED_EDGE('',*,*,#5263,.F.);
#5895=ORIENTED_EDGE('',*,*,#5265,.F.);
#5896=EDGE_LOOP('OSCAD_TOPO/3|loop|l:363241305d92d504df234c868427a5fe|1c217d771b58a338d3072b12ea979326b1c0f7336b7998ffc7565bd45dabf0ec',(#5892,#5893,#5894,#5895));
#5897=ORIENTED_EDGE('',*,*,#5237,.T.);
#5898=ORIENTED_EDGE('',*,*,#5267,.T.);
#5899=ORIENTED_EDGE('',*,*,#5269,.F.);
#5900=ORIENTED_EDGE('',*,*,#5261,.F.);
#5901=EDGE_LOOP('OSCAD_TOPO/3|loop|l:c0de6d11756e1aa9e06a1733a70ecff8|02c8f917ffdc93cea1de6d9034195a99d8a110322312c40577ce3c1b4eb0b625',(#5897,#5898,#5899,#5900));
#5902=ORIENTED_EDGE('',*,*,#5241,.T.);
#5903=ORIENTED_EDGE('',*,*,#5271,.T.);
#5904=ORIENTED_EDGE('',*,*,#5273,.F.);
#5905=ORIENTED_EDGE('',*,*,#5267,.F.);
#5906=EDGE_LOOP('OSCAD_TOPO/3|loop|l:6cd3c40e77d5ad822fdda1eb60454c11|a91500286ba8e1f16d594096643b610fa65d6b29f8f76eca43041cc468dcd23d',(#5902,#5903,#5904,#5905));
#5907=ORIENTED_EDGE('',*,*,#5243,.F.);
#5908=ORIENTED_EDGE('',*,*,#5265,.T.);
#5909=ORIENTED_EDGE('',*,*,#5275,.T.);
#5910=ORIENTED_EDGE('',*,*,#5271,.F.);
#5911=EDGE_LOOP('OSCAD_TOPO/3|loop|l:3fae1322577401577a6e49c082e35941|489130265ca47f5a11842439fdd11ed127878151abb7b3d825c73e456d867ba3',(#5907,#5908,#5909,#5910));
#5912=ORIENTED_EDGE('',*,*,#5247,.T.);
#5913=ORIENTED_EDGE('',*,*,#5277,.T.);
#5914=ORIENTED_EDGE('',*,*,#5279,.F.);
#5915=ORIENTED_EDGE('',*,*,#5281,.F.);
#5916=EDGE_LOOP('OSCAD_TOPO/3|loop|l:b76ee9d35dfc7340977c4c856bb837ec|b21efe9e1298a180a093c71b5e841e3add417296ddbfc141b94201712bb7a473',(#5912,#5913,#5914,#5915));
#5917=ORIENTED_EDGE('',*,*,#5253,.T.);
#5918=ORIENTED_EDGE('',*,*,#5283,.T.);
#5919=ORIENTED_EDGE('',*,*,#5285,.F.);
#5920=ORIENTED_EDGE('',*,*,#5277,.F.);
#5921=EDGE_LOOP('OSCAD_TOPO/3|loop|l:1d8f69139925d64ab2f393b2ef6f9efe|fc3181ae995600949b3f289754c677a997808021d533feea57e9d9812a7b6eb7',(#5917,#5918,#5919,#5920));
#5922=ORIENTED_EDGE('',*,*,#5257,.T.);
#5923=ORIENTED_EDGE('',*,*,#5287,.T.);
#5924=ORIENTED_EDGE('',*,*,#5289,.F.);
#5925=ORIENTED_EDGE('',*,*,#5283,.F.);
#5926=EDGE_LOOP('OSCAD_TOPO/3|loop|l:f2262a37b980135982ee5c497bc1c1a3|5029e6bc122d45c1506bea37e6834f01384548a709d2a31dcf6f95fb9df0ff4d',(#5922,#5923,#5924,#5925));
#5927=ORIENTED_EDGE('',*,*,#5259,.F.);
#5928=ORIENTED_EDGE('',*,*,#5281,.T.);
#5929=ORIENTED_EDGE('',*,*,#5291,.T.);
#5930=ORIENTED_EDGE('',*,*,#5287,.F.);
#5931=EDGE_LOOP('OSCAD_TOPO/3|loop|l:b436e333e281dc7c4f128e74b1b7ae01|ca7ee6e18747f4daf15b7879736d604cbce4204ddb4577774bb61dc9184620d0',(#5927,#5928,#5929,#5930));
#5932=ORIENTED_EDGE('',*,*,#4785,.T.);
#5933=ORIENTED_EDGE('',*,*,#4779,.F.);
#5934=ORIENTED_EDGE('',*,*,#4773,.F.);
#5935=ORIENTED_EDGE('',*,*,#4765,.F.);
#5936=EDGE_LOOP('OSCAD_TOPO/3|loop|l:bf89ac1a7708117dee5abae8bd9b480f|632001f9bfd61f73f919472e2719e26712c4dea6af2f31aa347e2eb8b00c1827',(#5932,#5933,#5934,#5935));
#5937=ORIENTED_EDGE('',*,*,#4809,.T.);
#5938=ORIENTED_EDGE('',*,*,#4803,.F.);
#5939=ORIENTED_EDGE('',*,*,#4797,.F.);
#5940=ORIENTED_EDGE('',*,*,#4789,.F.);
#5941=EDGE_LOOP('OSCAD_TOPO/3|loop|l:de9a3cad00e439b5c4fda51d5db957d8|09f6e51a5232b3edfcaa700a973ec04257bca41c02e16d0286fc051e9af1fd53',(#5937,#5938,#5939,#5940));
#5942=ORIENTED_EDGE('',*,*,#5263,.T.);
#5943=ORIENTED_EDGE('',*,*,#5269,.T.);
#5944=ORIENTED_EDGE('',*,*,#5273,.T.);
#5945=ORIENTED_EDGE('',*,*,#5275,.F.);
#5946=EDGE_LOOP('OSCAD_TOPO/3|loop|l:d0a37e4404222e1e4607a19ed82d58fe|993f7fdd5448792aeb31ba9a8952d9407386436c0da636d1d77f3fd31212810d',(#5942,#5943,#5944,#5945));
#5947=ORIENTED_EDGE('',*,*,#5279,.T.);
#5948=ORIENTED_EDGE('',*,*,#5285,.T.);
#5949=ORIENTED_EDGE('',*,*,#5289,.T.);
#5950=ORIENTED_EDGE('',*,*,#5291,.F.);
#5951=EDGE_LOOP('OSCAD_TOPO/3|loop|l:74264c182f1b47e75a09af0e1e51fc47|d6fc2adb5c81f83e6d61268c367032680bfb8b76c599e2402bf937da386370e5',(#5947,#5948,#5949,#5950));
#5952=FACE_OUTER_BOUND('',#5296,.T.);
#5953=ADVANCED_FACE('OSCAD_TOPO/3|face|f:4de51172c9aebdd439500cadbd0bd916|056ac11d656a0e0d341606f062c45cc7d6b67062e7b90ea30e3252bc2ee2c26a',(#5952),#279,.T.);
#5954=FACE_OUTER_BOUND('',#5301,.T.);
#5955=ADVANCED_FACE('OSCAD_TOPO/3|face|f:05b0543af6a7c538816f2cf9ee90d490|3d1f9af5552844fa7fb244364e113c299a0741dd716c580826267a2b789fbcc8',(#5954),#286,.T.);
#5956=FACE_OUTER_BOUND('',#5306,.T.);
#5957=ADVANCED_FACE('OSCAD_TOPO/3|face|f:ccb9db8b01578532eb163c8330e84991|bd3e4017aca3e1598b889b99d212b530ef16d6548b1c3ba45da7f164006ed7be',(#5956),#293,.T.);
#5958=FACE_OUTER_BOUND('',#5311,.T.);
#5959=ADVANCED_FACE('OSCAD_TOPO/3|face|f:9fe3b19853a5e7953578fd2c0b2e07f8|05c9de9e82e908981118903c4bb41e54aea3c2ca115b40663fc428ab7b06cc0f',(#5958),#300,.T.);
#5960=FACE_OUTER_BOUND('',#5316,.T.);
#5961=ADVANCED_FACE('OSCAD_TOPO/3|face|f:5a174a0c7661e7e880c090460815c5be|b9bfdaaaf81e7f428174c829f10acb34153e2e5f45b1066505a8a1eb76d948dd',(#5960),#307,.T.);
#5962=FACE_OUTER_BOUND('',#5321,.T.);
#5963=ADVANCED_FACE('OSCAD_TOPO/3|face|f:bd8ddf07c0656c615ff67db6a7d79ed3|be8699a48c8d3e73bc39f30ccfc86d7fbad28c376866b51bd25c607081eee558',(#5962),#314,.T.);
#5964=FACE_OUTER_BOUND('',#5326,.T.);
#5965=ADVANCED_FACE('OSCAD_TOPO/3|face|f:320e94a2c4c77afd04f4f4d93a5019be|b6f943a2c7edad06471702184d1dcab86483252cff0bdd5c7abdab480a41e0ce',(#5964),#321,.T.);
#5966=FACE_OUTER_BOUND('',#5331,.T.);
#5967=ADVANCED_FACE('OSCAD_TOPO/3|face|f:419c00b5e9a0b2b5cff5c8ddf752c2ff|74a392f103d1498d7ff7c0d64ecaa19d7f6120a82d6cbd1e712e8b6072869ddf',(#5966),#328,.T.);
#5968=FACE_OUTER_BOUND('',#5336,.T.);
#5969=ADVANCED_FACE('OSCAD_TOPO/3|face|f:72f6f8b3130cef137c8bc7e240878b49|156c453405f5a69b17a614c9b4651ee5338be96a69ef1d6bfd47caa211cc4848',(#5968),#335,.T.);
#5970=FACE_OUTER_BOUND('',#5341,.T.);
#5971=ADVANCED_FACE('OSCAD_TOPO/3|face|f:03d76196f230c5a2f9e9f2a1074d3ebe|35a97039a3a2f4928d53f1b89732be2a5eabf651a1698e80b616d328af3f6ad3',(#5970),#342,.T.);
#5972=FACE_OUTER_BOUND('',#5346,.T.);
#5973=ADVANCED_FACE('OSCAD_TOPO/3|face|f:ffd176908829bdcea2c791fc0d222ab6|96d136a8e562b9a154e76b8a5dfd424d9378016653bf3f6bbe6e86c3bb631bcd',(#5972),#349,.T.);
#5974=FACE_OUTER_BOUND('',#5351,.T.);
#5975=ADVANCED_FACE('OSCAD_TOPO/3|face|f:767eb3c96ccb5be61e6070c63476f8cf|ab184fb557e4f1d3ddd00cb2a85fe9444e103c7a67fa67720a2f0493d55e2709',(#5974),#356,.T.);
#5976=FACE_OUTER_BOUND('',#5356,.T.);
#5977=ADVANCED_FACE('OSCAD_TOPO/3|face|f:63ac53ed347f1a75f04180560b77b793|1cc03955a3491156f543d09540a1f95e3f52a7e7f5698966e76783db5d284b5a',(#5976),#363,.T.);
#5978=FACE_OUTER_BOUND('',#5361,.T.);
#5979=ADVANCED_FACE('OSCAD_TOPO/3|face|f:c815f8e47d7df2fdd100bcf295504e97|45900f509141c6ee296f108df5e5af715c98bd7ecadc3b6a297a4f1139047959',(#5978),#370,.T.);
#5980=FACE_OUTER_BOUND('',#5366,.T.);
#5981=ADVANCED_FACE('OSCAD_TOPO/3|face|f:b94b1b01c1b26952f735781b65a61548|fe2502ace4078938de08e9db57924d306617154b5c45af5dfde6a4b1d29c6883',(#5980),#377,.T.);
#5982=FACE_OUTER_BOUND('',#5371,.T.);
#5983=ADVANCED_FACE('OSCAD_TOPO/3|face|f:502511a4238ded731b3fbab0a685de85|cf9f479c564b3bea81f01e5136c0098f8aaa32ee678b4a6f712207fb0cf80d97',(#5982),#384,.T.);
#5984=FACE_OUTER_BOUND('',#5376,.T.);
#5985=ADVANCED_FACE('OSCAD_TOPO/3|face|f:896c406439e8ca56b07a79433dcba01a|f935fa7136d13ca6914ddb87a3a1b6fb73663432a5e2f90e3151472c6dbd5dde',(#5984),#391,.T.);
#5986=FACE_OUTER_BOUND('',#5381,.T.);
#5987=ADVANCED_FACE('OSCAD_TOPO/3|face|f:ab7a3fd540b0da8f7ddcefb6ff19b818|10a398725746e735426f0ec303740055ce04a7f7405620388dda09f8cc395442',(#5986),#398,.T.);
#5988=FACE_OUTER_BOUND('',#5386,.T.);
#5989=ADVANCED_FACE('OSCAD_TOPO/3|face|f:e1e1f24360a2645d3dd33c36089c8c59|43e9c0a6f09043080c8612fbaf27cf8dc7b85a14d34fb07b12517e450890599b',(#5988),#405,.T.);
#5990=FACE_OUTER_BOUND('',#5391,.T.);
#5991=ADVANCED_FACE('OSCAD_TOPO/3|face|f:bc812bbc4e550c44c72f9500f926659a|9a4dcb4cf9d995e09ffb9b4b6b83b7d8b93d18b21a139d4d7e88fc8b330f3f07',(#5990),#412,.T.);
#5992=FACE_OUTER_BOUND('',#5396,.T.);
#5993=ADVANCED_FACE('OSCAD_TOPO/3|face|f:7f8c6781c77785677d07f51c33a6a3e9|0ddf77502ba1b90654a19ab2361e7180b8b8930cfff4fe7194e35e8c6628a66f',(#5992),#419,.T.);
#5994=FACE_OUTER_BOUND('',#5401,.T.);
#5995=ADVANCED_FACE('OSCAD_TOPO/3|face|f:86a532481ce3525633beb8f4350c430d|c02315e5e32a16c1862d33c6b84ed37f15e44770ac1bf8bc68f8ecec85f7a955',(#5994),#426,.T.);
#5996=FACE_OUTER_BOUND('',#5406,.T.);
#5997=ADVANCED_FACE('OSCAD_TOPO/3|face|f:47e00ac824abcf4f94f710e1ce41c6d0|49c8040733e57d37bb488d3f314794a57b278359028e28004be43824071242c8',(#5996),#433,.T.);
#5998=FACE_OUTER_BOUND('',#5411,.T.);
#5999=ADVANCED_FACE('OSCAD_TOPO/3|face|f:804e0dcec314b7c56e8c45b2ed1be327|6b34c7ab78fb71c7946ef271b9ae06ec280833040e72d4a3bb641fdf6439add2',(#5998),#440,.T.);
#6000=FACE_OUTER_BOUND('',#5416,.T.);
#6001=ADVANCED_FACE('OSCAD_TOPO/3|face|f:59931ed0143e66213305cf51cf396a8a|e42b9f245609ff46dc9776522581a02c0d3bcec666d74297816ca30fe3758896',(#6000),#447,.T.);
#6002=FACE_OUTER_BOUND('',#5421,.T.);
#6003=ADVANCED_FACE('OSCAD_TOPO/3|face|f:adabc9ec1b793d370f8789f37b59f48d|a09ba989c7a9e591555c9db4d75968a7772675b7a41363ef7556a0346e9ba40e',(#6002),#454,.T.);
#6004=FACE_OUTER_BOUND('',#5426,.T.);
#6005=ADVANCED_FACE('OSCAD_TOPO/3|face|f:c76afbf341e30116cc392f1e4f209b05|5b856b863fd6c31d9368f9cb0aab052a6048bbed87fc3df0b0523bfd91491565',(#6004),#461,.T.);
#6006=FACE_OUTER_BOUND('',#5431,.T.);
#6007=ADVANCED_FACE('OSCAD_TOPO/3|face|f:c3b78d766f21d3b304f3c6f228f62f78|e5b5d7276ab27883683e8bcea2550b4e7edea0306017428067b3e258f7a4875e',(#6006),#468,.T.);
#6008=FACE_OUTER_BOUND('',#5436,.T.);
#6009=ADVANCED_FACE('OSCAD_TOPO/3|face|f:5542f02e349de22a3a11dbeca03d67e0|b80536492b7daa4b0b667d1dccf30c272d765edd34bf665b7929e441c0c8eb70',(#6008),#475,.T.);
#6010=FACE_OUTER_BOUND('',#5441,.T.);
#6011=ADVANCED_FACE('OSCAD_TOPO/3|face|f:639925175207cc3211c0dc0d64d79571|8465f6e824d8af1dfe46f6c18f4e0f4841aea2da73d015c96059989bdf1f79a7',(#6010),#482,.T.);
#6012=FACE_OUTER_BOUND('',#5446,.T.);
#6013=ADVANCED_FACE('OSCAD_TOPO/3|face|f:f99630c1cf85857980f5756fa0593c3d|db917ddeb9d8ddf2a8b45a3c3839e773d6d9565fc6932afea7fb6f2fddcc6637',(#6012),#489,.T.);
#6014=FACE_OUTER_BOUND('',#5451,.T.);
#6015=ADVANCED_FACE('OSCAD_TOPO/3|face|f:431eaef9e410f174994699bebe0aaa99|d150a9d5a2483f31f337a515479dfe0efd7c29fc9e5ec678ba7176834aa7d447',(#6014),#496,.T.);
#6016=FACE_OUTER_BOUND('',#5456,.T.);
#6017=ADVANCED_FACE('OSCAD_TOPO/3|face|f:00bad7029fc30406236c88244b4e215d|d7525ce1ea2e3dc666db320c30f6ece14366f1fe8249a0e8c2a9dede51f2659f',(#6016),#503,.T.);
#6018=FACE_OUTER_BOUND('',#5461,.T.);
#6019=ADVANCED_FACE('OSCAD_TOPO/3|face|f:250087600736a773c04a22ec14787570|ad5e561bf4a78116133d12a3fba47737de8e886a7d45efa329765c8026369710',(#6018),#510,.T.);
#6020=FACE_OUTER_BOUND('',#5466,.T.);
#6021=ADVANCED_FACE('OSCAD_TOPO/3|face|f:585ef0b8260b27717793613646813fc5|9743a9018a260a11e4de652fb561d9be9b0375733ca07e459a7918d25f706a6e',(#6020),#517,.T.);
#6022=FACE_OUTER_BOUND('',#5471,.T.);
#6023=ADVANCED_FACE('OSCAD_TOPO/3|face|f:a526deb87396aec549b84ad383df777b|ff5d234987d0b482cef6d9d8969ddb412d75919c7c269d8e5c0b957292e745d6',(#6022),#524,.T.);
#6024=FACE_OUTER_BOUND('',#5476,.T.);
#6025=ADVANCED_FACE('OSCAD_TOPO/3|face|f:b988151f33970575f6b6d4e8cf983f0a|32cf44c00763630e3918da8e64475837941a16c0a0bef37fd51005573b04374a',(#6024),#531,.T.);
#6026=FACE_OUTER_BOUND('',#5481,.T.);
#6027=ADVANCED_FACE('OSCAD_TOPO/3|face|f:47e5a2d6796be7e9b9d82f21acb02a78|96f30d9ba10bf9f6ec71ac5777551e9a7373fa4031d02512b0b3d94ca37210b6',(#6026),#538,.T.);
#6028=FACE_OUTER_BOUND('',#5486,.T.);
#6029=ADVANCED_FACE('OSCAD_TOPO/3|face|f:c085ebc98b8212b64b853c02553b1df8|efff13e7cec5b433062988ae5418fb020fe622c232400d997f61c268e18384b9',(#6028),#545,.T.);
#6030=FACE_OUTER_BOUND('',#5491,.T.);
#6031=ADVANCED_FACE('OSCAD_TOPO/3|face|f:1554e44cc5c63b12be8c65ace6ede157|190d086afc2d52639c0fc94de2a63ebfd1158085c8ee23f8130d30cbcf7c538f',(#6030),#552,.T.);
#6032=FACE_OUTER_BOUND('',#5496,.T.);
#6033=ADVANCED_FACE('OSCAD_TOPO/3|face|f:c784fcb9ec88373af3766ca63d9aa45a|fcac531c2ff26f9ae40dd560897b3c8ecf371f7cad06b51956f13a74dc284c1a',(#6032),#559,.T.);
#6034=FACE_OUTER_BOUND('',#5501,.T.);
#6035=ADVANCED_FACE('OSCAD_TOPO/3|face|f:b6e26be1a9ee9751c57aa05a48a8b94c|3cabea1b03251ae915ee69223c6cfb357583fe35ac253f8db8689d8e959f8aed',(#6034),#566,.T.);
#6036=FACE_OUTER_BOUND('',#5506,.T.);
#6037=ADVANCED_FACE('OSCAD_TOPO/3|face|f:de59e64e00db4dc74b9e65a0de1585c7|3f8ead2243f73857e50b3659c765a13f044ce09300019ee37acf6c45a76f47a9',(#6036),#573,.T.);
#6038=FACE_OUTER_BOUND('',#5511,.T.);
#6039=ADVANCED_FACE('OSCAD_TOPO/3|face|f:acb881e8933ebe3ead627d72c6652489|0a5007fa2b5bebe02f4e5125f86e62698bb9850d9be680df03a172365e0ae68a',(#6038),#580,.T.);
#6040=FACE_OUTER_BOUND('',#5516,.T.);
#6041=ADVANCED_FACE('OSCAD_TOPO/3|face|f:114e8cf99d15017c106fa2fc00df2e62|4fe3e549c950080bbae1c5aaf76e50e0a234115244396eee8bc4943d41adb6a0',(#6040),#587,.T.);
#6042=FACE_OUTER_BOUND('',#5521,.T.);
#6043=ADVANCED_FACE('OSCAD_TOPO/3|face|f:cd2eeb05b3b3e292eb46c584c3040502|e8abc99d64acc3c7aad3fe6fe76a6acdab6bacbba337aa30dc9786ae4fe8db99',(#6042),#594,.T.);
#6044=FACE_OUTER_BOUND('',#5526,.T.);
#6045=ADVANCED_FACE('OSCAD_TOPO/3|face|f:ccd5bcb812be24440c4f6ba73295a551|4d86812f73c046a79b42c7ca2bf3c286280d7b0bb44ac901a32795e9c9c58c6c',(#6044),#601,.T.);
#6046=FACE_OUTER_BOUND('',#5531,.T.);
#6047=ADVANCED_FACE('OSCAD_TOPO/3|face|f:243e9e30ed24c8ea2d728464498b1efc|5ca6343e21110398892d79426844b2016093853ad86b9a76bce5d7c0cd1e70eb',(#6046),#608,.T.);
#6048=FACE_OUTER_BOUND('',#5536,.T.);
#6049=ADVANCED_FACE('OSCAD_TOPO/3|face|f:7c5e3c169e7e7d08e68f6f6693600c79|78308aa9c5156e2a40273d1fedb982f21ebba3bd296932daae3945d0510e6363',(#6048),#615,.T.);
#6050=FACE_OUTER_BOUND('',#5541,.T.);
#6051=ADVANCED_FACE('OSCAD_TOPO/3|face|f:a26b997cf6e2faef0652f35bfc2d9a22|9f92f7e0ab9d2645ad489357d6aa936b9bd58d3e921f44336c188b4ca5187d82',(#6050),#622,.T.);
#6052=FACE_OUTER_BOUND('',#5546,.T.);
#6053=ADVANCED_FACE('OSCAD_TOPO/3|face|f:cb745af2113478ab89bb6ba0b2e10d1a|8f81e53ea2e88ad1632743f99cf84cd3a4b338eb49c570dc3fb005c9d18c044a',(#6052),#629,.T.);
#6054=FACE_OUTER_BOUND('',#5551,.T.);
#6055=ADVANCED_FACE('OSCAD_TOPO/3|face|f:bb9b08fe4ed805db09f738bee387819e|1306b01cf0fb121aa52a5fde2330c4e0c863f38aaf16cce7e2666fc3ad9d5e29',(#6054),#636,.T.);
#6056=FACE_OUTER_BOUND('',#5556,.T.);
#6057=ADVANCED_FACE('OSCAD_TOPO/3|face|f:3ceaa52ffc6eb898f931d0f0296d8767|bb795e2d19989f3ba52b8acfb47fafe97edd21cf7750f710c8756c485d3e1bd9',(#6056),#643,.T.);
#6058=FACE_OUTER_BOUND('',#5561,.T.);
#6059=ADVANCED_FACE('OSCAD_TOPO/3|face|f:990bf36cd5139151cb8ea8ac82444a1e|1b9d219fe0bf783fab0a2138222ddca75e57acf7bb407658ecbd7e3bf9d1a1e6',(#6058),#650,.T.);
#6060=FACE_OUTER_BOUND('',#5566,.T.);
#6061=ADVANCED_FACE('OSCAD_TOPO/3|face|f:25ba8e314a60ef543f5f8133ff886837|37e69b25fdc2697855dca5bd84034b4c30fcc892195eabe3aad89ad2c4b14fb1',(#6060),#657,.T.);
#6062=FACE_OUTER_BOUND('',#5571,.T.);
#6063=ADVANCED_FACE('OSCAD_TOPO/3|face|f:54dfa402598ad5686c0cf209f795852a|1e5d2a8826f9c110a01c4df7e1716ea45bbbaf018c3b8f63969d7fe544e0d223',(#6062),#664,.T.);
#6064=FACE_OUTER_BOUND('',#5576,.T.);
#6065=ADVANCED_FACE('OSCAD_TOPO/3|face|f:007ac71ccae251b843e6cc8c91d274b5|9be1c47c6c734bb4391ba95fb34eb4cc85a002d1b5f301f1acdc059d282167c5',(#6064),#671,.T.);
#6066=FACE_OUTER_BOUND('',#5581,.T.);
#6067=ADVANCED_FACE('OSCAD_TOPO/3|face|f:58ff16afe273cbe07147df566a5641a7|b6f11f6b7dd963f6ae5cfd48f22f9c6cb2228c9547f619173102cbbb87dc8454',(#6066),#678,.T.);
#6068=FACE_OUTER_BOUND('',#5586,.T.);
#6069=ADVANCED_FACE('OSCAD_TOPO/3|face|f:b52b003e7f0466df5fe1890e02656199|0c35644531d1f2911c41c2a8acfac6436709108c15b1e19556cace0ac556ac04',(#6068),#685,.T.);
#6070=FACE_OUTER_BOUND('',#5591,.T.);
#6071=ADVANCED_FACE('OSCAD_TOPO/3|face|f:69ec2bc2dde81d9a909d9677dae08bb6|31a71c10d40cd4b36a4aacd3cff2efe23e144b4d806f8e5b855caebdce7d27ed',(#6070),#692,.T.);
#6072=FACE_OUTER_BOUND('',#5596,.T.);
#6073=ADVANCED_FACE('OSCAD_TOPO/3|face|f:cb80cb944bc8712a77793395993fc825|b952e75f1387b97f224868fa251ec593fbfefcd861c06b930484c2dec7591a57',(#6072),#699,.T.);
#6074=FACE_OUTER_BOUND('',#5601,.T.);
#6075=ADVANCED_FACE('OSCAD_TOPO/3|face|f:da14583fe7c24aca2e811989d179e908|8931a4d46cfb94926946c48c2bcc461ab5a7d88a808e929afeb47b4900de57c1',(#6074),#706,.T.);
#6076=FACE_OUTER_BOUND('',#5606,.T.);
#6077=ADVANCED_FACE('OSCAD_TOPO/3|face|f:8ccbbaaa9ce9b69f49591598f58b070b|324917a7183187f1c37769ce8181b7cf928106e7bb8cfe9bc2286b76d08442ce',(#6076),#713,.T.);
#6078=FACE_OUTER_BOUND('',#5611,.T.);
#6079=ADVANCED_FACE('OSCAD_TOPO/3|face|f:5cf7e139631e527a49c6afe6f299e3bd|2bb2f7dfafb9a5967f0c18d5316e4461dd11a00d0346300bfe4c3e5388667f99',(#6078),#720,.T.);
#6080=FACE_OUTER_BOUND('',#5616,.T.);
#6081=ADVANCED_FACE('OSCAD_TOPO/3|face|f:07e256634dacc1fa308123449c28c42f|f4bcfd9e1ce63f12207d19d5fabd698575bdde051eeeaf44c98aa77299cedcc9',(#6080),#727,.T.);
#6082=FACE_OUTER_BOUND('',#5621,.T.);
#6083=ADVANCED_FACE('OSCAD_TOPO/3|face|f:4bca91e4c0147954ca56a58d130cd9e5|3cba4d9700d1c761e6b9ffb118dcda88c8bfa0746bc32c5b7f1b1f986379cd14',(#6082),#734,.T.);
#6084=FACE_OUTER_BOUND('',#5626,.T.);
#6085=ADVANCED_FACE('OSCAD_TOPO/3|face|f:579d338751158d589f0565999a8c6957|fdb450b90aabe84cc8e0ab32f09f3d1c4f091830a82efa7bf6dd710b83a17fa2',(#6084),#741,.T.);
#6086=FACE_OUTER_BOUND('',#5631,.T.);
#6087=ADVANCED_FACE('OSCAD_TOPO/3|face|f:9c798c253959f7f76cffe8145611d2c2|e87522953f6acdf1d2ff821a99d2440b6c4a9876a63c3d5db8d615128c50b013',(#6086),#748,.T.);
#6088=FACE_OUTER_BOUND('',#5636,.T.);
#6089=ADVANCED_FACE('OSCAD_TOPO/3|face|f:3d951ee8921a6620623ce884a6701f97|f8d336eee617dd497b5df0553170972534a2a3512951616d608ad7167fb1d063',(#6088),#755,.T.);
#6090=FACE_OUTER_BOUND('',#5641,.T.);
#6091=ADVANCED_FACE('OSCAD_TOPO/3|face|f:2e2572aa68b57de6d2d48d096ba3fe6b|baf4581f01dc9166c7b0fe61fed337aac1ac93e8816accbe0da6c63472f13cb0',(#6090),#762,.T.);
#6092=FACE_OUTER_BOUND('',#5646,.T.);
#6093=ADVANCED_FACE('OSCAD_TOPO/3|face|f:a0c7d74ef41351381a2ac01c04a1221b|d83d4508d23cfe92c5e94b616e6a187fc8fd789ecaa46ed9a62a0332038e0a40',(#6092),#769,.T.);
#6094=FACE_OUTER_BOUND('',#5651,.T.);
#6095=ADVANCED_FACE('OSCAD_TOPO/3|face|f:25e6fd25726aad55fa1a06ccbae2d788|6fc5be05d29421fbe0801b6e1c17ecf754c3b8814434f8db4a26acbdbe2a0718',(#6094),#776,.T.);
#6096=FACE_OUTER_BOUND('',#5656,.T.);
#6097=ADVANCED_FACE('OSCAD_TOPO/3|face|f:ec34cb8840e3ef17df8d821582d90712|c483990a5df61ef969d1452c532fab825018c5cad147f768fb1f1aacf3e74e6b',(#6096),#783,.T.);
#6098=FACE_OUTER_BOUND('',#5661,.T.);
#6099=ADVANCED_FACE('OSCAD_TOPO/3|face|f:2eace2c92faced98c69902cb13315b25|28f716f863b4ffbb81b77697ae21464a2310a96f7ca77ce95445409d702d1e42',(#6098),#790,.T.);
#6100=FACE_OUTER_BOUND('',#5666,.T.);
#6101=ADVANCED_FACE('OSCAD_TOPO/3|face|f:f689e52e187e15cd9aacd0af857906b6|dc466b2e8612c1069a27836a27d9c3ee21005e53a5de28619e841f6eeac2d295',(#6100),#797,.T.);
#6102=FACE_OUTER_BOUND('',#5671,.T.);
#6103=ADVANCED_FACE('OSCAD_TOPO/3|face|f:c01c2a07a8531338a616d284f7b74b7c|c0cd1e49dcd2bad9da45110c185d6f9bf7fe2c887a5e2c492800c94266d95fb3',(#6102),#804,.T.);
#6104=FACE_OUTER_BOUND('',#5676,.T.);
#6105=ADVANCED_FACE('OSCAD_TOPO/3|face|f:32ae799af5aa81b67cc6daff631e40ef|329bdc90a8966d21086f75a763a0f1b0a061bd40b7caa5f251d9b3066cbb4f4f',(#6104),#811,.T.);
#6106=FACE_OUTER_BOUND('',#5681,.T.);
#6107=ADVANCED_FACE('OSCAD_TOPO/3|face|f:042afedb45678ba933479d27ec922676|94be8eac6f4894db99b606ad56df2091bc0abe171387fef426e1428c6f170b1a',(#6106),#818,.T.);
#6108=FACE_OUTER_BOUND('',#5686,.T.);
#6109=ADVANCED_FACE('OSCAD_TOPO/3|face|f:43d9af09cbb2e3efad5fe86c983dc902|8e7f7a226c93622d286bc5b4ffeb40dff580ffdec89418135ad0066a2286f20a',(#6108),#825,.T.);
#6110=FACE_OUTER_BOUND('',#5691,.T.);
#6111=ADVANCED_FACE('OSCAD_TOPO/3|face|f:cdd31176c9b5df3ff9255acf05572b89|a193382ebc68629ca7c615aa3599a7666dbb40452fea74b44e3a85be5a89bbbe',(#6110),#832,.T.);
#6112=FACE_OUTER_BOUND('',#5696,.T.);
#6113=ADVANCED_FACE('OSCAD_TOPO/3|face|f:ba2cdbbfb2dc6e82e8b38329742b6e2d|12d33d6866d89289155d12fc4b09dd94a51786908d3c85174183c22095c83d18',(#6112),#839,.T.);
#6114=FACE_OUTER_BOUND('',#5701,.T.);
#6115=ADVANCED_FACE('OSCAD_TOPO/3|face|f:168fd9ec2c9796b352ee2c14d2ab5ab8|e4c82369d4f5b22eafc7e8709eb9b6b8907681de8c0e195824834b432982c563',(#6114),#846,.T.);
#6116=FACE_OUTER_BOUND('',#5706,.T.);
#6117=ADVANCED_FACE('OSCAD_TOPO/3|face|f:cd44a23e1052c9c3293b29e9f2a1dcd2|ce590cb39a28e9f49362567cb5df37df1b9bfdfb010177f53508206f74f86061',(#6116),#853,.T.);
#6118=FACE_OUTER_BOUND('',#5711,.T.);
#6119=ADVANCED_FACE('OSCAD_TOPO/3|face|f:4c08545dcf0130b3de54a6ab4c2d9600|00214e935fd1461586a14e11159e0aeb8577ab57d35ea98a9ae1205590500222',(#6118),#860,.T.);
#6120=FACE_OUTER_BOUND('',#5716,.T.);
#6121=ADVANCED_FACE('OSCAD_TOPO/3|face|f:1ec2d362dd9cd8ee4f1c0ce3b16a0229|85663ad60184aa6ccc9c5cd5234462ffab584d2445a576b04eab0af3d41546e0',(#6120),#867,.T.);
#6122=FACE_OUTER_BOUND('',#5721,.T.);
#6123=ADVANCED_FACE('OSCAD_TOPO/3|face|f:12fd674e5ba72c64915d670d974f7c7f|556bef67ea5e1dda66cdd7c9255d8719f937263102424721ab05570a60cb3e76',(#6122),#874,.T.);
#6124=FACE_OUTER_BOUND('',#5726,.T.);
#6125=ADVANCED_FACE('OSCAD_TOPO/3|face|f:49ca6508bf3abeb5a2e488487b301484|f69bf65a4b6f93eca83627b3dc87616afe0fc42cb950ea6a6dff6282c197f728',(#6124),#881,.T.);
#6126=FACE_OUTER_BOUND('',#5731,.T.);
#6127=ADVANCED_FACE('OSCAD_TOPO/3|face|f:21f92d0784002827f75b800cf2f39b9c|0c7068bb6d7828be1892de9b475ab54102a37cc134197b4df4316e6540b7c8ea',(#6126),#888,.T.);
#6128=FACE_OUTER_BOUND('',#5736,.T.);
#6129=ADVANCED_FACE('OSCAD_TOPO/3|face|f:748cecf27dbb27bded0b1dc8cc77a0cf|d8e1682aee6ea0ce79afbb80ee4e6bef9154d68d0047541baa69ed11e7f8267c',(#6128),#895,.T.);
#6130=FACE_OUTER_BOUND('',#5741,.T.);
#6131=ADVANCED_FACE('OSCAD_TOPO/3|face|f:dbd0d1adb465d48426d513bbe16e0a0c|c9890206c750866798e6a81bb59775ce224286ff5fe0e7a8cb169961cf17d539',(#6130),#902,.T.);
#6132=FACE_OUTER_BOUND('',#5746,.T.);
#6133=ADVANCED_FACE('OSCAD_TOPO/3|face|f:a312b66d94d74b9d86acf093bf13dc58|e57cc171ff94d5238770f26676f95a142d32a0b6be9cfb6e82d6e31de23e7e7c',(#6132),#909,.T.);
#6134=FACE_OUTER_BOUND('',#5751,.T.);
#6135=ADVANCED_FACE('OSCAD_TOPO/3|face|f:67beac1f615a347982738955cd712e8e|2b4e9945c54318c7dcbfbed9ec78463fb286e6fd926ed32662709f8f6ca01f03',(#6134),#916,.T.);
#6136=FACE_OUTER_BOUND('',#5756,.T.);
#6137=ADVANCED_FACE('OSCAD_TOPO/3|face|f:dbc1524fa0e44ff7ae5e18bf22633bd7|e0d08a615a814c97688d514d8336edfc522edd1db4e98d9834705f95714b6fa1',(#6136),#923,.T.);
#6138=FACE_OUTER_BOUND('',#5761,.T.);
#6139=ADVANCED_FACE('OSCAD_TOPO/3|face|f:2a4aa5e73e3b759b487ef0a54b3d3182|0f5698443425b210c171c0c92425a8c72cb640ddb6a9ef713515c144ebbe7941',(#6138),#930,.T.);
#6140=FACE_OUTER_BOUND('',#5766,.T.);
#6141=ADVANCED_FACE('OSCAD_TOPO/3|face|f:a65b55fa5cc33381812f5c420ff3930a|3087958f18768823a2dc9906f919785daae22a4bca213569eef01a547bc6910a',(#6140),#937,.T.);
#6142=FACE_OUTER_BOUND('',#5771,.T.);
#6143=ADVANCED_FACE('OSCAD_TOPO/3|face|f:75372ffeba92f66c2f9661e71e4b7bd6|eee9c701979d60ad2aa53a8d2e67ee5f30f6b5d1c3eae137c100bcd1dccab0f8',(#6142),#944,.T.);
#6144=FACE_OUTER_BOUND('',#5776,.T.);
#6145=ADVANCED_FACE('OSCAD_TOPO/3|face|f:d383df0d18b97a16ccab14b3ccedda58|6746f2734cdd190e077c7c33722c0fa699ee7b6be963314526f6447c6cf2c7b6',(#6144),#951,.T.);
#6146=FACE_OUTER_BOUND('',#5781,.T.);
#6147=ADVANCED_FACE('OSCAD_TOPO/3|face|f:13e788f1d5cb8e034e766aef2193e12b|c4aa8e18efab02a55ab010ca6f7763e4f7c1854e2f5162bb177aaeabff76e6d1',(#6146),#958,.T.);
#6148=FACE_OUTER_BOUND('',#5786,.T.);
#6149=ADVANCED_FACE('OSCAD_TOPO/3|face|f:73bd47b8e84d8b0255c334605292d17b|f0c23a407e9290d6fc0e9430d0e4b1f672164ec9972ead73c7b8ea64f8f72e3c',(#6148),#965,.T.);
#6150=FACE_OUTER_BOUND('',#5791,.T.);
#6151=ADVANCED_FACE('OSCAD_TOPO/3|face|f:4c754504ae5fa8b85e3deeef7646610f|7f92b33b61efeb1573072a5c4db567bba7c4bd8563f1a752e47d68bb519940b3',(#6150),#972,.T.);
#6152=FACE_OUTER_BOUND('',#5796,.T.);
#6153=ADVANCED_FACE('OSCAD_TOPO/3|face|f:99967cd5f85dad9476c937dd648d4f3d|60af902d83149a1b5bfb3a1f116214a7bd963a6173740f4f5e35e10b8c42d5e0',(#6152),#979,.T.);
#6154=FACE_OUTER_BOUND('',#5801,.T.);
#6155=ADVANCED_FACE('OSCAD_TOPO/3|face|f:c48f316a0f8d0664424f742bcde1202c|c56f21f8622d0e25b4be96520d5540a15e05b0a92a069acedd116491beb00d14',(#6154),#986,.T.);
#6156=FACE_OUTER_BOUND('',#5806,.T.);
#6157=ADVANCED_FACE('OSCAD_TOPO/3|face|f:6ab4696aa8714c1b494b62bbd5edd50f|5ca9f11e9bf97f8592d95b37654720eedf80b59767658eca39429b796b4fb241',(#6156),#993,.T.);
#6158=FACE_OUTER_BOUND('',#5811,.T.);
#6159=ADVANCED_FACE('OSCAD_TOPO/3|face|f:3e0f18756a45e02c0fa4fba6f51f1086|4c74aa3c760bd086fb9cd5aa2c802bfcc261d13bfb78b855f8558e6a43c493e3',(#6158),#1000,.T.);
#6160=FACE_OUTER_BOUND('',#5816,.T.);
#6161=ADVANCED_FACE('OSCAD_TOPO/3|face|f:a0b13bc3d6e9e997e618f1037360f2b0|dabcfeb0ef7fa8341bbf1f9cd303580572ccd5c294cc4ec5e0be9cadce312e9e',(#6160),#1007,.T.);
#6162=FACE_OUTER_BOUND('',#5821,.T.);
#6163=ADVANCED_FACE('OSCAD_TOPO/3|face|f:c7d6f6dcbf6ff931bf48752ade6daf18|095f86b03afb4e1e7207f1f8d7a28a120f9485734a61feecf0cfe637042d2f23',(#6162),#1014,.T.);
#6164=FACE_OUTER_BOUND('',#5826,.T.);
#6165=ADVANCED_FACE('OSCAD_TOPO/3|face|f:e116cd09d32a7f88e433660784105a0f|a74ea7ca0955e1dcf438cb36662ab71e1ca5b492d7f29fad9fea9e42674d793a',(#6164),#1021,.T.);
#6166=FACE_OUTER_BOUND('',#5831,.T.);
#6167=ADVANCED_FACE('OSCAD_TOPO/3|face|f:56521692d8513535e5cbd4c8e15fbe0d|876482bad9400e6b1e5cf126fbc60a35311fd2b5f1a07963d898ac4fcc5c5670',(#6166),#1028,.T.);
#6168=FACE_OUTER_BOUND('',#5836,.T.);
#6169=ADVANCED_FACE('OSCAD_TOPO/3|face|f:7e0bdfe5711f3c3407f544a91ee70a6e|6d9ab0b9b8aa693abf9d04bd3909609ba80d6ac8b07e1179e70c2573da7cc268',(#6168),#1035,.T.);
#6170=FACE_OUTER_BOUND('',#5841,.T.);
#6171=ADVANCED_FACE('OSCAD_TOPO/3|face|f:578187fd43e3421a58727f6f39de1d19|1ce6900703023c0dd494873d89ffbe421e09251a8efb89453ba5aa0fa574f2c0',(#6170),#1042,.T.);
#6172=FACE_OUTER_BOUND('',#5846,.T.);
#6173=ADVANCED_FACE('OSCAD_TOPO/3|face|f:4abd10c0cade9523820ec2a5f5b7984a|1cd681f75d4e72a54461bc2ffcc8e3fb8e12e68cb7c79eacdbf27936dd4009c5',(#6172),#1049,.T.);
#6174=FACE_OUTER_BOUND('',#5851,.T.);
#6175=ADVANCED_FACE('OSCAD_TOPO/3|face|f:39053ef3d745e51a22990d6c386d0579|2bf2a2c698f3bb5ba7e34bfe7bf127ab6179ebc29e8315841b716fe7160c4a0d',(#6174),#1056,.T.);
#6176=FACE_OUTER_BOUND('',#5856,.T.);
#6177=ADVANCED_FACE('OSCAD_TOPO/3|face|f:4014bcde85a964e924afbc23b24319d5|4fc710bd115762189b8ec3d2b441401c8ad29eae8bf673c781abea3bc3078438',(#6176),#1063,.T.);
#6178=FACE_OUTER_BOUND('',#5861,.T.);
#6179=ADVANCED_FACE('OSCAD_TOPO/3|face|f:38bb48aa3d547ea8e1fcfb44922286eb|0caed484dabb1533da5351c0f03ada56bfd1ae66a41ca84965b55f29f13d5666',(#6178),#1070,.T.);
#6180=FACE_OUTER_BOUND('',#5866,.T.);
#6181=ADVANCED_FACE('OSCAD_TOPO/3|face|f:05dc0e3ca05e01f41ea4d238464447dd|2cf16b58d84aae9e1c84f7fb82a3f78bff0923312fea7b7ea386ab03cb5219b0',(#6180),#1077,.T.);
#6182=FACE_OUTER_BOUND('',#5871,.T.);
#6183=ADVANCED_FACE('OSCAD_TOPO/3|face|f:233e2bbf24dabf92cf4f33f0b464d846|039e1d2471db9bc0ec9bddbaf601512a8adbf7f9bda8e9d826035b99b361e641',(#6182),#1084,.T.);
#6184=FACE_OUTER_BOUND('',#5876,.T.);
#6185=ADVANCED_FACE('OSCAD_TOPO/3|face|f:eb846eafa4000a160743a079391b34d9|13d7ceeef57863103a1ab175366f52f57332ae03295b8172d1942f5ea5a90a5f',(#6184),#1091,.T.);
#6186=FACE_OUTER_BOUND('',#5881,.T.);
#6187=ADVANCED_FACE('OSCAD_TOPO/3|face|f:54aec3e49b315f4b143b3f254ea788f3|3ffd2b9c6a60248b622926e32fa05eff6e17604ef9be5c2edbedce792c065bed',(#6186),#1098,.T.);
#6188=FACE_OUTER_BOUND('',#5886,.T.);
#6189=ADVANCED_FACE('OSCAD_TOPO/3|face|f:0d9c553df00fa8d493303cc47628dfbe|288771f3bec81b2eb3fd56e3f6a2d091a3732bc3936fb8918f88c881da3f8b89',(#6188),#1105,.T.);
#6190=FACE_OUTER_BOUND('',#5891,.T.);
#6191=ADVANCED_FACE('OSCAD_TOPO/3|face|f:fe53a5e9d78385b5fbdb89ccd2de6e59|a81b051f802a6b13e9b5d1cb69c3ba7cb903a9805a2c99aecef549580c3a3a4c',(#6190),#1112,.T.);
#6192=FACE_OUTER_BOUND('',#5896,.T.);
#6193=ADVANCED_FACE('OSCAD_TOPO/3|face|f:56e927766dfe0966e6c01f21738af68c|8ad7dea10cd2753b9ef4b684bab6ade05b5009059348339f56b91d28342e25aa',(#6192),#1119,.T.);
#6194=FACE_OUTER_BOUND('',#5901,.T.);
#6195=ADVANCED_FACE('OSCAD_TOPO/3|face|f:6060fc99a170349d792c60d50fc5cad9|515bae66d0e38b6721f12aa35858312fcb153ef1ef88ec6736071d1d1db5b9f0',(#6194),#1126,.T.);
#6196=FACE_OUTER_BOUND('',#5906,.T.);
#6197=ADVANCED_FACE('OSCAD_TOPO/3|face|f:55ea675d554f9ec5deb46b59cb757846|f8c6bb41a99da4638657a3c66f172de82a70537bd445811fd61d5628fddc6102',(#6196),#1133,.T.);
#6198=FACE_OUTER_BOUND('',#5911,.T.);
#6199=ADVANCED_FACE('OSCAD_TOPO/3|face|f:172211cfa0bfe3a706500492263bceb7|601cf836c3c0c6bead837da9abc70b579492ec0628c51e707dd6af34cdea3ad8',(#6198),#1140,.T.);
#6200=FACE_OUTER_BOUND('',#5916,.T.);
#6201=ADVANCED_FACE('OSCAD_TOPO/3|face|f:9184793cd3de0f84b94a93647e28ae7a|66aad8bacafeb8fd64929cf3a434a30fd9927cf8ff53e8e55d5e104cab6d78cd',(#6200),#1147,.T.);
#6202=FACE_OUTER_BOUND('',#5921,.T.);
#6203=ADVANCED_FACE('OSCAD_TOPO/3|face|f:7109257382f93f15c895a8f27f80a3ad|f83becd95d5943833b0365152581bb9a5a147f307f77a992cf7f282bdbc95adc',(#6202),#1154,.T.);
#6204=FACE_OUTER_BOUND('',#5926,.T.);
#6205=ADVANCED_FACE('OSCAD_TOPO/3|face|f:0b20246459dd7a73d984fbc1e0308de9|ce2028731296d24cc0bab368e8e384bbe12b4365f0c952120b978551c1b270f2',(#6204),#1161,.T.);
#6206=FACE_OUTER_BOUND('',#5931,.T.);
#6207=ADVANCED_FACE('OSCAD_TOPO/3|face|f:7442d87a160760196e5279d315a02c38|f818e36a6d73591c65d16dffe1e8d4c5f64e3b2fad51c0152952a34c762b1154',(#6206),#1168,.T.);
#6208=FACE_OUTER_BOUND('',#5936,.T.);
#6209=FACE_BOUND('',#5941,.T.);
#6210=ADVANCED_FACE('OSCAD_TOPO/3|face|f:4c5a3de083c6bf750bdc74e948d3225c|b4c954df07886ce46efd8ab9700cff790120795263121a2bddaf3c6250fac37b',(#6208,#6209),#1173,.T.);
#6211=FACE_OUTER_BOUND('',#5946,.T.);
#6212=FACE_BOUND('',#5951,.T.);
#6213=ADVANCED_FACE('OSCAD_TOPO/3|face|f:f7daa7b4ea44d0c3908f53d3af153d58|b3529fc447d1c059f487799bc59e819788cd028afab5d9ac1f0060df939b5b2a',(#6211,#6212),#1178,.T.);
#6214=CLOSED_SHELL('OSCAD_TOPO/3|shell|s:1b17809cf720223d58d0ee402545ce10|5dd5fb62d4b8bae3a80732f81b2637a5645d86626ce3a1235a704d9762c1711a',(#5953,#5955,#5957,#5959,#5961,#5963,#5965,#5967,#5969,#5971,#5973,#5975,#5977,#5979,#5981,#5983,#5985,#5987,#5989,#5991,#5993,#5995,#5997,#5999,#6001,#6003,#6005,#6007,#6009,#6011,#6013,#6015,#6017,#6019,#6021,#6023,#6025,#6027,#6029,#6031,#6033,#6035,#6037,#6039,#6041,#6043,#6045,#6047,#6049,#6051,#6053,#6055,#6057,#6059,#6061,#6063,#6065,#6067,#6069,#6071,#6073,#6075,#6077,#6079,#6081,#6083,#6085,#6087,#6089,#6091,#6093,#6095,#6097,#6099,#6101,#6103,#6105,#6107,#6109,#6111,#6113,#6115,#6117,#6119,#6121,#6123,#6125,#6127,#6129,#6131,#6133,#6135,#6137,#6139,#6141,#6143,#6145,#6147,#6149,#6151,#6153,#6155,#6157,#6159,#6161,#6163,#6165,#6167,#6169,#6171,#6173,#6175,#6177,#6179,#6181,#6183,#6185,#6187,#6189,#6191,#6193,#6195,#6197,#6199,#6201,#6203,#6205,#6207,#6210,#6213));
#6215=MANIFOLD_SOLID_BREP('OSCAD_TOPO/3|body|b:aba8e0af80b12ea9fd2cd856b1d75856|b1c6d2e6475fb28b00947c9238fd0dc6aa167dbc4e60084de7a94d034b4e67ae',#6214);
#6216=(LENGTH_UNIT()NAMED_UNIT(*)SI_UNIT(.MILLI.,.METRE.));
#6217=UNCERTAINTY_MEASURE_WITH_UNIT(LENGTH_MEASURE(9.99999999999999955E-8),#6216,'distance_accuracy_value','');
#6218=(GEOMETRIC_REPRESENTATION_CONTEXT(3)GLOBAL_UNCERTAINTY_ASSIGNED_CONTEXT((#6217))GLOBAL_UNIT_ASSIGNED_CONTEXT((#6216))REPRESENTATION_CONTEXT('','3D'));
#6219=ADVANCED_BREP_SHAPE_REPRESENTATION('',(#6215),#6218);
#6220=APPLICATION_CONTEXT('managed model based 3d engineering');
#6221=PRODUCT_CONTEXT('',#6220,'mechanical');
#6222=PRODUCT('model','model','',(#6221));
#6223=PRODUCT_DEFINITION_FORMATION('1','',#6222);
#6224=PRODUCT_DEFINITION_CONTEXT('part definition',#6220,'design');
#6225=PRODUCT_DEFINITION('design','',#6223,#6224);
#6226=PRODUCT_DEFINITION_SHAPE('','',#6225);
#6227=SHAPE_DEFINITION_REPRESENTATION(#6226,#6219);
ENDSEC;
END-ISO-10303-21;
