ISO-10303-21;
HEADER;
FILE_DESCRIPTION(('OpenSCAD Viewer retained AP242 B-rep'),'2;1');
FILE_NAME('model.step','',(''),(''),'OpenSCAD Viewer','OpenSCAD Viewer','');
FILE_SCHEMA(('AP242_MANAGED_MODEL_BASED_3D_ENGINEERING_MIM_LF'));
ENDSEC;
DATA;
#1=CARTESIAN_POINT('',(2.00000000000000000E1,0.00000000000000000E0,6.00000000000000000E0));
#2=VERTEX_POINT('OSCAD_TOPO/3|vertex|v:d3067954d870549101dae47bb73f791e|9584fa4324d34572467aafa8468b6a764f8775866bdfc447617c8e17e3b1c982',#1);
#3=CARTESIAN_POINT('',(1.81111092429200298E1,4.85285709567226409E0,6.00000000000000000E0));
#4=VERTEX_POINT('OSCAD_TOPO/3|vertex|v:d74d12ffbc00fdc3e20c671c516edf08|0e2cb419cd8a7661740a9bc268b886643fc5bdc40cef900300ce9b77461c612b',#3);
#5=CARTESIAN_POINT('',(1.93185165257813658E1,5.17638090205041479E0,4.75000000000000000E0));
#6=VERTEX_POINT('OSCAD_TOPO/3|vertex|v:0532043652e0899ad405138a461af47b|4af676e1ffceac002144e93af47195a572481c6b9c1dab898d4304c1d1c592d6',#5);
#7=CARTESIAN_POINT('',(4.82962913144534145E0,1.29409522551260370E0,6.00000000000000000E0));
#8=VERTEX_POINT('OSCAD_TOPO/3|vertex|v:68718ec3af1f0b0b3d18451244663306|d7aa257410af4f526c1688f13162da9d48010b9f2fc3ea011231a03f2e6c56a0',#7);
#9=CARTESIAN_POINT('',(5.00000000000000000E0,0.00000000000000000E0,6.00000000000000000E0));
#10=VERTEX_POINT('OSCAD_TOPO/3|vertex|v:09b078da8d7b0f4865e5f28ec4a88023|c6d8f4335f6b625be585444ea5463ec83d64cd6aec0d58ee3ea72c944e928404',#9);
#11=CARTESIAN_POINT('',(2.00000000000000000E1,0.00000000000000000E0,0.00000000000000000E0));
#12=VERTEX_POINT('OSCAD_TOPO/3|vertex|v:eeafa1f193a00e53c2ad070631add22a|2f57866bfcf1365e4ee0c0c7b006e7d171e9cf8ecb8e6dcbbbe94f72a62d4823',#11);
#13=CARTESIAN_POINT('',(1.93185165257813658E1,5.17638090205041479E0,0.00000000000000000E0));
#14=VERTEX_POINT('OSCAD_TOPO/3|vertex|v:12c3d9292dfb0b7b1544acc77632b3c6|7488e0b2782871c97ff77b3c62a3710aff6f3e2171406361ca636c9ff8452133',#13);
#15=CARTESIAN_POINT('',(5.00000000000000000E0,0.00000000000000000E0,0.00000000000000000E0));
#16=VERTEX_POINT('OSCAD_TOPO/3|vertex|v:ca0e371c0e65f05b5b78b9b603713aeb|4172a2f068046afc72ac3e751c4450c5c4a1bdf6a599d0c8bf438537a483418a',#15);
#17=CARTESIAN_POINT('',(4.82962913144534145E0,1.29409522551260370E0,0.00000000000000000E0));
#18=VERTEX_POINT('OSCAD_TOPO/3|vertex|v:6d2bde013f1252a57530d00b18a9560f|a9d8a9c2244d21ddb16fd69c553ee05677f1987edb1493b8dde11017dd4ab031',#17);
#19=CARTESIAN_POINT('',(1.32582521472477666E1,1.32582521472477648E1,6.00000000000000000E0));
#20=VERTEX_POINT('OSCAD_TOPO/3|vertex|v:fd2542a532541ea3b1a5c487b97abbb0|5135bcba0974c48140387c494e64056b8120544ba69609e27901ecd449ef0f6b',#19);
#21=CARTESIAN_POINT('',(1.41421356237309510E1,1.41421356237309492E1,4.75000000000000000E0));
#22=VERTEX_POINT('OSCAD_TOPO/3|vertex|v:be84dfe3f9506fe21304479a16df9764|246dff7915e036581c22e464252db699c112ee14a3c5390c22fe1b9ebc423294',#21);
#23=CARTESIAN_POINT('',(3.53553390593273775E0,3.53553390593273686E0,6.00000000000000000E0));
#24=VERTEX_POINT('OSCAD_TOPO/3|vertex|v:e9ab23dedab29138762cba938587cbab|c8a9abb3983135d10c47f4c9f2afa9189eb1aa7cf60f3a9b1653e240cc9cda11',#23);
#25=CARTESIAN_POINT('',(1.41421356237309510E1,1.41421356237309492E1,0.00000000000000000E0));
#26=VERTEX_POINT('OSCAD_TOPO/3|vertex|v:0d1124cb088222e2496cd9552d2e4d21|8fd93098ab5f5ebe1fd05ca64fafcb1e83febd3a778fa0e615804557a9deac17',#25);
#27=CARTESIAN_POINT('',(3.53553390593273775E0,3.53553390593273686E0,0.00000000000000000E0));
#28=VERTEX_POINT('OSCAD_TOPO/3|vertex|v:bf888cf729c636b7cb98c62c98757844|cf92c51f7d7c0c63fb8561bd198f9ce4e327068fc573df4c2c15abcb2bd8d97c',#27);
#29=CARTESIAN_POINT('',(1.00000000000000018E1,1.73205080756887710E1,6.00000000000000000E0));
#30=VERTEX_POINT('OSCAD_TOPO/3|vertex|v:9491523581336fcdccc410562b688921|b4ff0cc496c65cd05f856f70d9b77842a99bf73fce8ebe2b7dc9d73082f8a148',#29);
#31=CARTESIAN_POINT('',(2.50000000000000044E0,4.33012701892219276E0,6.00000000000000000E0));
#32=VERTEX_POINT('OSCAD_TOPO/3|vertex|v:210477312b58cd93c8c7cf67d416774c|5e2d31e1e9b6ff6f02c392af711179275c7d9bca1f815852763cc484b2b01d5a',#31);
#33=CARTESIAN_POINT('',(1.00000000000000018E1,1.73205080756887710E1,0.00000000000000000E0));
#34=VERTEX_POINT('OSCAD_TOPO/3|vertex|v:b3282dd57c5ec569a28771ad278adf9a|b9d7c39c89f465a1b0020d87321f1fb25c720dec71d9fd9918ec17888b334840',#33);
#35=CARTESIAN_POINT('',(2.50000000000000044E0,4.33012701892219276E0,0.00000000000000000E0));
#36=VERTEX_POINT('OSCAD_TOPO/3|vertex|v:45a67f2e00caae7d330776d72dc65646|954995ede001009356e767cda9ff24f7b846a9a9442bb70fa6992a81cbfac56a',#35);
#37=CARTESIAN_POINT('',(-1.41421356237309492E1,1.41421356237309510E1,6.00000000000000000E0));
#38=VERTEX_POINT('OSCAD_TOPO/3|vertex|v:3f4c826690952b52abfb4bdca7b75e30|269fb5a2fea44933eb4d434fde6bac9a927f68874d570e6a712fb6cac65000d6',#37);
#39=CARTESIAN_POINT('',(-3.53553390593273686E0,3.53553390593273775E0,6.00000000000000000E0));
#40=VERTEX_POINT('OSCAD_TOPO/3|vertex|v:0f04df2bd9c23d573ceeec59b1c5630a|868b122d0cd8e38b63f90fca590c5e62f66f97ec7c05c57bc83aade80442c2c0',#39);
#41=CARTESIAN_POINT('',(-1.41421356237309492E1,1.41421356237309510E1,0.00000000000000000E0));
#42=VERTEX_POINT('OSCAD_TOPO/3|vertex|v:b00f4b23b5c835d0ba31611d6d700d4a|0e4ddcb8774ae90915341505ad29f15eebfd2ec6acef6d9ffe7787a9591bddfb',#41);
#43=CARTESIAN_POINT('',(-3.53553390593273686E0,3.53553390593273775E0,0.00000000000000000E0));
#44=VERTEX_POINT('OSCAD_TOPO/3|vertex|v:20c6c682d21c8d4cd443ce4071214a0d|0d506c3a8312fa0361ec552a02000f7f442d6e4cab326f84f711adfaed9882ac',#43);
#45=CARTESIAN_POINT('',(-1.73205080756887710E1,-1.00000000000000018E1,6.00000000000000000E0));
#46=VERTEX_POINT('OSCAD_TOPO/3|vertex|v:85469e1c92deec1634e7d730d973e7a3|df4c4335cea9c843e98a945b34df6ca2bb558d56cb469dea4b833bf88d3a9819',#45);
#47=CARTESIAN_POINT('',(-4.33012701892219276E0,-2.50000000000000044E0,6.00000000000000000E0));
#48=VERTEX_POINT('OSCAD_TOPO/3|vertex|v:b59e48bfea6624c6add995abf427e5b9|e219929db136f2a135f9fab5c196eb439244bd4088c6f1b3b926dbef069b5558',#47);
#49=CARTESIAN_POINT('',(-1.73205080756887710E1,-1.00000000000000018E1,0.00000000000000000E0));
#50=VERTEX_POINT('OSCAD_TOPO/3|vertex|v:d1914c827b78f06c063bd3936ee0ec80|41681a9c407345653f416f6c941228ffd1de64623006e626d2f96c6d02c99ef9',#49);
#51=CARTESIAN_POINT('',(-4.33012701892219276E0,-2.50000000000000044E0,0.00000000000000000E0));
#52=VERTEX_POINT('OSCAD_TOPO/3|vertex|v:f1b89f32be5b2aeeb01ef2de4d962cdc|eb26c0f7957e7f07eae452c935a8ec0df6014773434f89d08fbba246e2c5546c',#51);
#53=CARTESIAN_POINT('',(5.17638090205042278E0,-1.93185165257813622E1,6.00000000000000000E0));
#54=VERTEX_POINT('OSCAD_TOPO/3|vertex|v:9e33272b6a6c8e1b98c0f54b0f6aa60e|f4bd80d0d0ca9c314067ba36354108e95619820702212eea4c6a502d181a590d',#53);
#55=CARTESIAN_POINT('',(1.29409522551260570E0,-4.82962913144534056E0,6.00000000000000000E0));
#56=VERTEX_POINT('OSCAD_TOPO/3|vertex|v:092c31306784221090864156d0f67296|1a29fc38293177828ff5d4b064651d52c6bf526004365d5a8c974090428b1e29',#55);
#57=CARTESIAN_POINT('',(5.17638090205042278E0,-1.93185165257813622E1,0.00000000000000000E0));
#58=VERTEX_POINT('OSCAD_TOPO/3|vertex|v:bb07731cb901113b9ebf5e580b266d75|04ec75180ff3d0fa54b49126592e15c0546feb6934cfe11497d3ffbb9c932d33',#57);
#59=CARTESIAN_POINT('',(1.29409522551260570E0,-4.82962913144534056E0,0.00000000000000000E0));
#60=VERTEX_POINT('OSCAD_TOPO/3|vertex|v:af5f2e08dd3266b37159af6eb4aea18a|9d6f237e35686988452bcbc2237611116c29bd99d2fed67d11a765a085191e8a',#59);
#61=CARTESIAN_POINT('',(1.81111092429200298E1,4.85285709567226409E0,6.00000000000000000E0));
#62=CARTESIAN_POINT('',(1.93185165257813658E1,5.17638090205041479E0,6.00000000000000000E0));
#63=CARTESIAN_POINT('',(1.93185165257813658E1,5.17638090205041479E0,4.75000000000000000E0));
#64=CARTESIAN_POINT('',(1.83653492495549280E1,3.90402047359417725E0,6.00000000000000000E0));
#65=CARTESIAN_POINT('',(1.95897058661919203E1,4.16428850516712235E0,5.99999999999999911E0));
#66=CARTESIAN_POINT('',(1.95897058661919239E1,4.16428850516712235E0,4.75000000000000000E0));
#67=CARTESIAN_POINT('',(1.89214349475795629E1,3.03692270995913915E0,6.00000000000000089E0));
#68=CARTESIAN_POINT('',(1.97945001097049236E1,3.13532244816485584E0,6.00000000000000000E0));
#69=CARTESIAN_POINT('',(1.97945001097049271E1,3.13532244816485672E0,5.12693483787463578E0));
#70=CARTESIAN_POINT('',(1.95545651986936733E1,2.09470469024926764E0,6.00000000000000000E0));
#71=CARTESIAN_POINT('',(1.99315000365683090E1,2.09470469024926764E0,6.00000000000000089E0));
#72=CARTESIAN_POINT('',(1.99315000365683090E1,2.09470469024926764E0,5.62306516212536511E0));
#73=CARTESIAN_POINT('',(2.00000000000000000E1,1.04779515086742059E0,6.00000000000000000E0));
#74=CARTESIAN_POINT('',(1.99999999999999964E1,1.04779515086742059E0,5.99999999999999911E0));
#75=CARTESIAN_POINT('',(2.00000000000000000E1,1.04779515086742059E0,6.00000000000000000E0));
#76=CARTESIAN_POINT('',(2.00000000000000000E1,0.00000000000000000E0,6.00000000000000000E0));
#77=CARTESIAN_POINT('',(2.00000000000000000E1,0.00000000000000000E0,6.00000000000000000E0));
#78=CARTESIAN_POINT('',(2.00000000000000000E1,0.00000000000000000E0,6.00000000000000000E0));
#79=(BOUNDED_SURFACE()B_SPLINE_SURFACE(5,2,((#61,#62,#63),(#64,#65,#66),(#67,#68,#69),(#70,#71,#72),(#73,#74,#75),(#76,#77,#78)),.UNSPECIFIED.,.F.,.F.,.F.)B_SPLINE_SURFACE_WITH_KNOTS((6,6),(3,3),(0.00000000000000000E0,1.00000000000000000E0),(0.00000000000000000E0,1.00000000000000000E0),.UNSPECIFIED.)GEOMETRIC_REPRESENTATION_ITEM()RATIONAL_B_SPLINE_SURFACE(((1.00000000000000000E0,7.07106781186547573E-1,1.00000000000000000E0),(9.96577944549524197E-1,7.04687022571919730E-1,9.96577944549524197E-1),(9.94866916824286074E-1,7.03477143264605753E-1,9.94866916824286074E-1),(9.94866916824286185E-1,7.03477143264605642E-1,9.94866916824286185E-1),(9.96577944549524197E-1,7.04687022571919730E-1,9.96577944549524197E-1),(1.00000000000000000E0,7.07106781186547573E-1,1.00000000000000000E0)))REPRESENTATION_ITEM('')SURFACE());
#80=CARTESIAN_POINT('',(-2.00000000000000000E1,-2.00000000000000000E1,6.00000000000000000E0));
#81=CARTESIAN_POINT('',(-2.00000000000000000E1,2.00000000000000000E1,6.00000000000000000E0));
#82=CARTESIAN_POINT('',(2.00000000000000000E1,-2.00000000000000000E1,6.00000000000000000E0));
#83=CARTESIAN_POINT('',(2.00000000000000000E1,2.00000000000000000E1,6.00000000000000000E0));
#84=B_SPLINE_SURFACE_WITH_KNOTS('',1,1,((#80,#81),(#82,#83)),.UNSPECIFIED.,.F.,.F.,.F.,(2,2),(2,2),(0.00000000000000000E0,1.00000000000000000E0),(0.00000000000000000E0,1.00000000000000000E0),.UNSPECIFIED.);
#85=CARTESIAN_POINT('',(2.00000000000000000E1,0.00000000000000000E0,0.00000000000000000E0));
#86=CARTESIAN_POINT('',(2.00000000000000000E1,0.00000000000000000E0,6.00000000000000000E0));
#87=CARTESIAN_POINT('',(2.00000000000000000E1,1.04779515086742059E0,0.00000000000000000E0));
#88=CARTESIAN_POINT('',(2.00000000000000000E1,1.04779515086742059E0,6.00000000000000000E0));
#89=CARTESIAN_POINT('',(1.99315000365683090E1,2.09470469024926764E0,0.00000000000000000E0));
#90=CARTESIAN_POINT('',(1.99315000365683090E1,2.09470469024926764E0,6.00000000000000000E0));
#91=CARTESIAN_POINT('',(1.97945001097049271E1,3.13532244816485672E0,0.00000000000000000E0));
#92=CARTESIAN_POINT('',(1.97945001097049271E1,3.13532244816485672E0,6.00000000000000000E0));
#93=CARTESIAN_POINT('',(1.95897058661919239E1,4.16428850516712235E0,0.00000000000000000E0));
#94=CARTESIAN_POINT('',(1.95897058661919239E1,4.16428850516712235E0,6.00000000000000000E0));
#95=CARTESIAN_POINT('',(1.93185165257813658E1,5.17638090205041479E0,0.00000000000000000E0));
#96=CARTESIAN_POINT('',(1.93185165257813658E1,5.17638090205041479E0,6.00000000000000000E0));
#97=(BOUNDED_SURFACE()B_SPLINE_SURFACE(5,1,((#85,#86),(#87,#88),(#89,#90),(#91,#92),(#93,#94),(#95,#96)),.UNSPECIFIED.,.F.,.F.,.F.)B_SPLINE_SURFACE_WITH_KNOTS((6,6),(2,2),(0.00000000000000000E0,1.00000000000000000E0),(0.00000000000000000E0,1.00000000000000000E0),.UNSPECIFIED.)GEOMETRIC_REPRESENTATION_ITEM()RATIONAL_B_SPLINE_SURFACE(((1.00000000000000000E0,1.00000000000000000E0),(9.96577944549524197E-1,9.96577944549524197E-1),(9.94866916824286185E-1,9.94866916824286185E-1),(9.94866916824286074E-1,9.94866916824286074E-1),(9.96577944549524197E-1,9.96577944549524197E-1),(1.00000000000000000E0,1.00000000000000000E0)))REPRESENTATION_ITEM('')SURFACE());
#98=CARTESIAN_POINT('',(4.82962913144534145E0,1.29409522551260370E0,0.00000000000000000E0));
#99=CARTESIAN_POINT('',(4.82962913144534145E0,1.29409522551260370E0,6.00000000000000000E0));
#100=CARTESIAN_POINT('',(4.89742646654798097E0,1.04107212629178059E0,0.00000000000000000E0));
#101=CARTESIAN_POINT('',(4.89742646654798097E0,1.04107212629178059E0,6.00000000000000000E0));
#102=CARTESIAN_POINT('',(4.94862502742623178E0,7.83830612041214181E-1,0.00000000000000000E0));
#103=CARTESIAN_POINT('',(4.94862502742623178E0,7.83830612041214181E-1,6.00000000000000000E0));
#104=CARTESIAN_POINT('',(4.98287500914207726E0,5.23676172562316911E-1,0.00000000000000000E0));
#105=CARTESIAN_POINT('',(4.98287500914207726E0,5.23676172562316911E-1,6.00000000000000000E0));
#106=CARTESIAN_POINT('',(5.00000000000000000E0,2.61948787716855147E-1,0.00000000000000000E0));
#107=CARTESIAN_POINT('',(5.00000000000000000E0,2.61948787716855147E-1,6.00000000000000000E0));
#108=CARTESIAN_POINT('',(5.00000000000000000E0,0.00000000000000000E0,0.00000000000000000E0));
#109=CARTESIAN_POINT('',(5.00000000000000000E0,0.00000000000000000E0,6.00000000000000000E0));
#110=(BOUNDED_SURFACE()B_SPLINE_SURFACE(5,1,((#98,#99),(#100,#101),(#102,#103),(#104,#105),(#106,#107),(#108,#109)),.UNSPECIFIED.,.F.,.F.,.F.)B_SPLINE_SURFACE_WITH_KNOTS((6,6),(2,2),(0.00000000000000000E0,1.00000000000000000E0),(0.00000000000000000E0,1.00000000000000000E0),.UNSPECIFIED.)GEOMETRIC_REPRESENTATION_ITEM()RATIONAL_B_SPLINE_SURFACE(((1.00000000000000000E0,1.00000000000000000E0),(9.96577944549524197E-1,9.96577944549524197E-1),(9.94866916824286074E-1,9.94866916824286074E-1),(9.94866916824286185E-1,9.94866916824286185E-1),(9.96577944549524197E-1,9.96577944549524197E-1),(1.00000000000000000E0,1.00000000000000000E0)))REPRESENTATION_ITEM('')SURFACE());
#111=CARTESIAN_POINT('',(2.00000000000000000E1,-2.00000000000000000E1,0.00000000000000000E0));
#112=CARTESIAN_POINT('',(2.00000000000000000E1,2.00000000000000000E1,0.00000000000000000E0));
#113=CARTESIAN_POINT('',(-2.00000000000000000E1,-2.00000000000000000E1,0.00000000000000000E0));
#114=CARTESIAN_POINT('',(-2.00000000000000000E1,2.00000000000000000E1,0.00000000000000000E0));
#115=B_SPLINE_SURFACE_WITH_KNOTS('',1,1,((#111,#112),(#113,#114)),.UNSPECIFIED.,.F.,.F.,.F.,(2,2),(2,2),(0.00000000000000000E0,1.00000000000000000E0),(0.00000000000000000E0,1.00000000000000000E0),.UNSPECIFIED.);
#116=CARTESIAN_POINT('',(1.32582521472477666E1,1.32582521472477648E1,6.00000000000000000E0));
#117=CARTESIAN_POINT('',(1.41421356237309510E1,1.41421356237309492E1,6.00000000000000000E0));
#118=CARTESIAN_POINT('',(1.41421356237309510E1,1.41421356237309492E1,4.75000000000000000E0));
#119=CARTESIAN_POINT('',(1.68107901031510032E1,9.70571419134452817E0,6.00000000000000000E0));
#120=CARTESIAN_POINT('',(1.79315094433610724E1,1.03527618041008296E1,6.00000000000000000E0));
#121=CARTESIAN_POINT('',(1.79315094433610724E1,1.03527618041008296E1,4.75000000000000000E0));
#122=CARTESIAN_POINT('',(1.81111092429200298E1,4.85285709567226409E0,6.00000000000000000E0));
#123=CARTESIAN_POINT('',(1.93185165257813658E1,5.17638090205041479E0,6.00000000000000000E0));
#124=CARTESIAN_POINT('',(1.93185165257813658E1,5.17638090205041479E0,4.75000000000000000E0));
#125=(BOUNDED_SURFACE()B_SPLINE_SURFACE(2,2,((#116,#117,#118),(#119,#120,#121),(#122,#123,#124)),.UNSPECIFIED.,.F.,.F.,.F.)B_SPLINE_SURFACE_WITH_KNOTS((3,3),(3,3),(0.00000000000000000E0,1.00000000000000000E0),(0.00000000000000000E0,1.00000000000000000E0),.UNSPECIFIED.)GEOMETRIC_REPRESENTATION_ITEM()RATIONAL_B_SPLINE_SURFACE(((1.00000000000000000E0,7.07106781186547573E-1,1.00000000000000000E0),(9.65925826289068312E-1,6.83012701892219409E-1,9.65925826289068312E-1),(1.00000000000000000E0,7.07106781186547573E-1,1.00000000000000000E0)))REPRESENTATION_ITEM('')SURFACE());
#126=CARTESIAN_POINT('',(1.93185165257813658E1,5.17638090205041479E0,0.00000000000000000E0));
#127=CARTESIAN_POINT('',(1.93185165257813658E1,5.17638090205041479E0,6.00000000000000000E0));
#128=CARTESIAN_POINT('',(1.79315094433610724E1,1.03527618041008278E1,0.00000000000000000E0));
#129=CARTESIAN_POINT('',(1.79315094433610724E1,1.03527618041008278E1,6.00000000000000000E0));
#130=CARTESIAN_POINT('',(1.41421356237309510E1,1.41421356237309492E1,0.00000000000000000E0));
#131=CARTESIAN_POINT('',(1.41421356237309510E1,1.41421356237309492E1,6.00000000000000000E0));
#132=(BOUNDED_SURFACE()B_SPLINE_SURFACE(2,1,((#126,#127),(#128,#129),(#130,#131)),.UNSPECIFIED.,.F.,.F.,.F.)B_SPLINE_SURFACE_WITH_KNOTS((3,3),(2,2),(0.00000000000000000E0,1.00000000000000000E0),(0.00000000000000000E0,1.00000000000000000E0),.UNSPECIFIED.)GEOMETRIC_REPRESENTATION_ITEM()RATIONAL_B_SPLINE_SURFACE(((1.00000000000000000E0,1.00000000000000000E0),(9.65925826289068312E-1,9.65925826289068312E-1),(1.00000000000000000E0,1.00000000000000000E0)))REPRESENTATION_ITEM('')SURFACE());
#133=CARTESIAN_POINT('',(3.53553390593273775E0,3.53553390593273686E0,0.00000000000000000E0));
#134=CARTESIAN_POINT('',(3.53553390593273775E0,3.53553390593273686E0,6.00000000000000000E0));
#135=CARTESIAN_POINT('',(4.48287736084026811E0,2.58819045102520695E0,0.00000000000000000E0));
#136=CARTESIAN_POINT('',(4.48287736084026811E0,2.58819045102520695E0,6.00000000000000000E0));
#137=CARTESIAN_POINT('',(4.82962913144534145E0,1.29409522551260370E0,0.00000000000000000E0));
#138=CARTESIAN_POINT('',(4.82962913144534145E0,1.29409522551260370E0,6.00000000000000000E0));
#139=(BOUNDED_SURFACE()B_SPLINE_SURFACE(2,1,((#133,#134),(#135,#136),(#137,#138)),.UNSPECIFIED.,.F.,.F.,.F.)B_SPLINE_SURFACE_WITH_KNOTS((3,3),(2,2),(0.00000000000000000E0,1.00000000000000000E0),(0.00000000000000000E0,1.00000000000000000E0),.UNSPECIFIED.)GEOMETRIC_REPRESENTATION_ITEM()RATIONAL_B_SPLINE_SURFACE(((1.00000000000000000E0,1.00000000000000000E0),(9.65925826289068312E-1,9.65925826289068312E-1),(1.00000000000000000E0,1.00000000000000000E0)))REPRESENTATION_ITEM('')SURFACE());
#140=CARTESIAN_POINT('',(1.00000000000000018E1,1.73205080756887710E1,6.00000000000000000E0));
#141=CARTESIAN_POINT('',(1.00000000000000018E1,1.73205080756887710E1,6.00000000000000000E0));
#142=CARTESIAN_POINT('',(1.00000000000000018E1,1.73205080756887710E1,6.00000000000000000E0));
#143=CARTESIAN_POINT('',(1.09074172186133360E1,1.67966105002550599E1,6.00000000000000000E0));
#144=CARTESIAN_POINT('',(1.09074172186133360E1,1.67966105002550599E1,5.99999999999999911E0));
#145=CARTESIAN_POINT('',(1.09074172186133360E1,1.67966105002550599E1,6.00000000000000000E0));
#146=CARTESIAN_POINT('',(1.15913500745291191E1,1.58873978769031918E1,6.00000000000000089E0));
#147=CARTESIAN_POINT('',(1.17798174934664335E1,1.62138330220739881E1,6.00000000000000000E0));
#148=CARTESIAN_POINT('',(1.17798174934664353E1,1.62138330220739952E1,5.62306516212536600E0));
#149=CARTESIAN_POINT('',(1.20907696899442740E1,1.48679819856790090E1,6.00000000000000000E0));
#150=CARTESIAN_POINT('',(1.26125189440188485E1,1.55748787261358981E1,6.00000000000000089E0));
#151=CARTESIAN_POINT('',(1.26125189440188468E1,1.55748787261358945E1,5.12693483787463400E0));
#152=CARTESIAN_POINT('',(1.25636555318045779E1,1.39528487626909534E1,6.00000000000000000E0));
#153=CARTESIAN_POINT('',(1.34012325672582158E1,1.48830386802036845E1,5.99999999999999911E0));
#154=CARTESIAN_POINT('',(1.34012325672582140E1,1.48830386802036845E1,4.75000000000000000E0));
#155=CARTESIAN_POINT('',(1.32582521472477666E1,1.32582521472477648E1,6.00000000000000000E0));
#156=CARTESIAN_POINT('',(1.41421356237309510E1,1.41421356237309492E1,6.00000000000000000E0));
#157=CARTESIAN_POINT('',(1.41421356237309510E1,1.41421356237309492E1,4.75000000000000000E0));
#158=(BOUNDED_SURFACE()B_SPLINE_SURFACE(5,2,((#140,#141,#142),(#143,#144,#145),(#146,#147,#148),(#149,#150,#151),(#152,#153,#154),(#155,#156,#157)),.UNSPECIFIED.,.F.,.F.,.F.)B_SPLINE_SURFACE_WITH_KNOTS((6,6),(3,3),(0.00000000000000000E0,1.00000000000000000E0),(0.00000000000000000E0,1.00000000000000000E0),.UNSPECIFIED.)GEOMETRIC_REPRESENTATION_ITEM()RATIONAL_B_SPLINE_SURFACE(((1.00000000000000000E0,7.07106781186547573E-1,1.00000000000000000E0),(9.96577944549524197E-1,7.04687022571919730E-1,9.96577944549524197E-1),(9.94866916824286074E-1,7.03477143264605753E-1,9.94866916824286074E-1),(9.94866916824286185E-1,7.03477143264605642E-1,9.94866916824286185E-1),(9.96577944549524197E-1,7.04687022571919730E-1,9.96577944549524197E-1),(1.00000000000000000E0,7.07106781186547573E-1,1.00000000000000000E0)))REPRESENTATION_ITEM('')SURFACE());
#159=CARTESIAN_POINT('',(1.41421356237309510E1,1.41421356237309492E1,0.00000000000000000E0));
#160=CARTESIAN_POINT('',(1.41421356237309510E1,1.41421356237309492E1,6.00000000000000000E0));
#161=CARTESIAN_POINT('',(1.34012325672582140E1,1.48830386802036845E1,0.00000000000000000E0));
#162=CARTESIAN_POINT('',(1.34012325672582140E1,1.48830386802036845E1,6.00000000000000000E0));
#163=CARTESIAN_POINT('',(1.26125189440188468E1,1.55748787261358945E1,0.00000000000000000E0));
#164=CARTESIAN_POINT('',(1.26125189440188468E1,1.55748787261358945E1,6.00000000000000000E0));
#165=CARTESIAN_POINT('',(1.17798174934664353E1,1.62138330220739952E1,0.00000000000000000E0));
#166=CARTESIAN_POINT('',(1.17798174934664353E1,1.62138330220739952E1,6.00000000000000000E0));
#167=CARTESIAN_POINT('',(1.09074172186133360E1,1.67966105002550599E1,0.00000000000000000E0));
#168=CARTESIAN_POINT('',(1.09074172186133360E1,1.67966105002550599E1,6.00000000000000000E0));
#169=CARTESIAN_POINT('',(1.00000000000000018E1,1.73205080756887710E1,0.00000000000000000E0));
#170=CARTESIAN_POINT('',(1.00000000000000018E1,1.73205080756887710E1,6.00000000000000000E0));
#171=(BOUNDED_SURFACE()B_SPLINE_SURFACE(5,1,((#159,#160),(#161,#162),(#163,#164),(#165,#166),(#167,#168),(#169,#170)),.UNSPECIFIED.,.F.,.F.,.F.)B_SPLINE_SURFACE_WITH_KNOTS((6,6),(2,2),(0.00000000000000000E0,1.00000000000000000E0),(0.00000000000000000E0,1.00000000000000000E0),.UNSPECIFIED.)GEOMETRIC_REPRESENTATION_ITEM()RATIONAL_B_SPLINE_SURFACE(((1.00000000000000000E0,1.00000000000000000E0),(9.96577944549524197E-1,9.96577944549524197E-1),(9.94866916824286185E-1,9.94866916824286185E-1),(9.94866916824286074E-1,9.94866916824286074E-1),(9.96577944549524197E-1,9.96577944549524197E-1),(1.00000000000000000E0,1.00000000000000000E0)))REPRESENTATION_ITEM('')SURFACE());
#172=CARTESIAN_POINT('',(2.50000000000000044E0,4.33012701892219276E0,0.00000000000000000E0));
#173=CARTESIAN_POINT('',(2.50000000000000044E0,4.33012701892219276E0,6.00000000000000000E0));
#174=CARTESIAN_POINT('',(2.72685430465333400E0,4.19915262506376497E0,0.00000000000000000E0));
#175=CARTESIAN_POINT('',(2.72685430465333400E0,4.19915262506376497E0,6.00000000000000000E0));
#176=CARTESIAN_POINT('',(2.94495437336660881E0,4.05345825551849881E0,0.00000000000000000E0));
#177=CARTESIAN_POINT('',(2.94495437336660881E0,4.05345825551849881E0,6.00000000000000000E0));
#178=CARTESIAN_POINT('',(3.15312973600471169E0,3.89371968153397408E0,0.00000000000000000E0));
#179=CARTESIAN_POINT('',(3.15312973600471169E0,3.89371968153397408E0,6.00000000000000000E0));
#180=CARTESIAN_POINT('',(3.35030814181455350E0,3.72075967005092156E0,0.00000000000000000E0));
#181=CARTESIAN_POINT('',(3.35030814181455350E0,3.72075967005092156E0,6.00000000000000000E0));
#182=CARTESIAN_POINT('',(3.53553390593273775E0,3.53553390593273686E0,0.00000000000000000E0));
#183=CARTESIAN_POINT('',(3.53553390593273775E0,3.53553390593273686E0,6.00000000000000000E0));
#184=(BOUNDED_SURFACE()B_SPLINE_SURFACE(5,1,((#172,#173),(#174,#175),(#176,#177),(#178,#179),(#180,#181),(#182,#183)),.UNSPECIFIED.,.F.,.F.,.F.)B_SPLINE_SURFACE_WITH_KNOTS((6,6),(2,2),(0.00000000000000000E0,1.00000000000000000E0),(0.00000000000000000E0,1.00000000000000000E0),.UNSPECIFIED.)GEOMETRIC_REPRESENTATION_ITEM()RATIONAL_B_SPLINE_SURFACE(((1.00000000000000000E0,1.00000000000000000E0),(9.96577944549524197E-1,9.96577944549524197E-1),(9.94866916824286074E-1,9.94866916824286074E-1),(9.94866916824286185E-1,9.94866916824286185E-1),(9.96577944549524197E-1,9.96577944549524197E-1),(1.00000000000000000E0,1.00000000000000000E0)))REPRESENTATION_ITEM('')SURFACE());
#185=CARTESIAN_POINT('',(1.00000000000000018E1,1.73205080756887710E1,0.00000000000000000E0));
#186=CARTESIAN_POINT('',(1.00000000000000018E1,1.73205080756887710E1,6.00000000000000000E0));
#187=CARTESIAN_POINT('',(-3.29049329198351925E0,2.49937779554783823E1,0.00000000000000000E0));
#188=CARTESIAN_POINT('',(-3.29049329198351925E0,2.49937779554783823E1,6.00000000000000000E0));
#189=CARTESIAN_POINT('',(-1.41421356237309492E1,1.41421356237309510E1,0.00000000000000000E0));
#190=CARTESIAN_POINT('',(-1.41421356237309492E1,1.41421356237309510E1,6.00000000000000000E0));
#191=(BOUNDED_SURFACE()B_SPLINE_SURFACE(2,1,((#185,#186),(#187,#188),(#189,#190)),.UNSPECIFIED.,.F.,.F.,.F.)B_SPLINE_SURFACE_WITH_KNOTS((3,3),(2,2),(0.00000000000000000E0,1.00000000000000000E0),(0.00000000000000000E0,1.00000000000000000E0),.UNSPECIFIED.)GEOMETRIC_REPRESENTATION_ITEM()RATIONAL_B_SPLINE_SURFACE(((1.00000000000000000E0,1.00000000000000000E0),(7.93353340291235165E-1,7.93353340291235165E-1),(1.00000000000000000E0,1.00000000000000000E0)))REPRESENTATION_ITEM('')SURFACE());
#192=CARTESIAN_POINT('',(-3.53553390593273686E0,3.53553390593273775E0,0.00000000000000000E0));
#193=CARTESIAN_POINT('',(-3.53553390593273686E0,3.53553390593273775E0,6.00000000000000000E0));
#194=CARTESIAN_POINT('',(-8.22623322995879702E-1,6.24844448886959558E0,0.00000000000000000E0));
#195=CARTESIAN_POINT('',(-8.22623322995879702E-1,6.24844448886959558E0,6.00000000000000000E0));
#196=CARTESIAN_POINT('',(2.50000000000000044E0,4.33012701892219276E0,0.00000000000000000E0));
#197=CARTESIAN_POINT('',(2.50000000000000044E0,4.33012701892219276E0,6.00000000000000000E0));
#198=(BOUNDED_SURFACE()B_SPLINE_SURFACE(2,1,((#192,#193),(#194,#195),(#196,#197)),.UNSPECIFIED.,.F.,.F.,.F.)B_SPLINE_SURFACE_WITH_KNOTS((3,3),(2,2),(0.00000000000000000E0,1.00000000000000000E0),(0.00000000000000000E0,1.00000000000000000E0),.UNSPECIFIED.)GEOMETRIC_REPRESENTATION_ITEM()RATIONAL_B_SPLINE_SURFACE(((1.00000000000000000E0,1.00000000000000000E0),(7.93353340291235165E-1,7.93353340291235165E-1),(1.00000000000000000E0,1.00000000000000000E0)))REPRESENTATION_ITEM('')SURFACE());
#199=CARTESIAN_POINT('',(-1.41421356237309492E1,1.41421356237309510E1,0.00000000000000000E0));
#200=CARTESIAN_POINT('',(-1.41421356237309492E1,1.41421356237309510E1,6.00000000000000000E0));
#201=CARTESIAN_POINT('',(-2.49937779554783752E1,3.29049329198352414E0,0.00000000000000000E0));
#202=CARTESIAN_POINT('',(-2.49937779554783752E1,3.29049329198352414E0,6.00000000000000000E0));
#203=CARTESIAN_POINT('',(-1.73205080756887710E1,-1.00000000000000018E1,0.00000000000000000E0));
#204=CARTESIAN_POINT('',(-1.73205080756887710E1,-1.00000000000000018E1,6.00000000000000000E0));
#205=(BOUNDED_SURFACE()B_SPLINE_SURFACE(2,1,((#199,#200),(#201,#202),(#203,#204)),.UNSPECIFIED.,.F.,.F.,.F.)B_SPLINE_SURFACE_WITH_KNOTS((3,3),(2,2),(0.00000000000000000E0,1.00000000000000000E0),(0.00000000000000000E0,1.00000000000000000E0),.UNSPECIFIED.)GEOMETRIC_REPRESENTATION_ITEM()RATIONAL_B_SPLINE_SURFACE(((1.00000000000000000E0,1.00000000000000000E0),(7.93353340291235165E-1,7.93353340291235165E-1),(1.00000000000000000E0,1.00000000000000000E0)))REPRESENTATION_ITEM('')SURFACE());
#206=CARTESIAN_POINT('',(-4.33012701892219276E0,-2.50000000000000044E0,0.00000000000000000E0));
#207=CARTESIAN_POINT('',(-4.33012701892219276E0,-2.50000000000000044E0,6.00000000000000000E0));
#208=CARTESIAN_POINT('',(-6.24844448886959380E0,8.22623322995881034E-1,0.00000000000000000E0));
#209=CARTESIAN_POINT('',(-6.24844448886959380E0,8.22623322995881034E-1,6.00000000000000000E0));
#210=CARTESIAN_POINT('',(-3.53553390593273686E0,3.53553390593273775E0,0.00000000000000000E0));
#211=CARTESIAN_POINT('',(-3.53553390593273686E0,3.53553390593273775E0,6.00000000000000000E0));
#212=(BOUNDED_SURFACE()B_SPLINE_SURFACE(2,1,((#206,#207),(#208,#209),(#210,#211)),.UNSPECIFIED.,.F.,.F.,.F.)B_SPLINE_SURFACE_WITH_KNOTS((3,3),(2,2),(0.00000000000000000E0,1.00000000000000000E0),(0.00000000000000000E0,1.00000000000000000E0),.UNSPECIFIED.)GEOMETRIC_REPRESENTATION_ITEM()RATIONAL_B_SPLINE_SURFACE(((1.00000000000000000E0,1.00000000000000000E0),(7.93353340291235165E-1,7.93353340291235165E-1),(1.00000000000000000E0,1.00000000000000000E0)))REPRESENTATION_ITEM('')SURFACE());
#213=CARTESIAN_POINT('',(-1.73205080756887710E1,-1.00000000000000018E1,0.00000000000000000E0));
#214=CARTESIAN_POINT('',(-1.73205080756887710E1,-1.00000000000000018E1,6.00000000000000000E0));
#215=CARTESIAN_POINT('',(-9.64723819589916332E0,-2.32904932919835268E1,0.00000000000000000E0));
#216=CARTESIAN_POINT('',(-9.64723819589916332E0,-2.32904932919835268E1,6.00000000000000000E0));
#217=CARTESIAN_POINT('',(5.17638090205042278E0,-1.93185165257813622E1,0.00000000000000000E0));
#218=CARTESIAN_POINT('',(5.17638090205042278E0,-1.93185165257813622E1,6.00000000000000000E0));
#219=(BOUNDED_SURFACE()B_SPLINE_SURFACE(2,1,((#213,#214),(#215,#216),(#217,#218)),.UNSPECIFIED.,.F.,.F.,.F.)B_SPLINE_SURFACE_WITH_KNOTS((3,3),(2,2),(0.00000000000000000E0,1.00000000000000000E0),(0.00000000000000000E0,1.00000000000000000E0),.UNSPECIFIED.)GEOMETRIC_REPRESENTATION_ITEM()RATIONAL_B_SPLINE_SURFACE(((1.00000000000000000E0,1.00000000000000000E0),(7.93353340291235165E-1,7.93353340291235165E-1),(1.00000000000000000E0,1.00000000000000000E0)))REPRESENTATION_ITEM('')SURFACE());
#220=CARTESIAN_POINT('',(1.29409522551260570E0,-4.82962913144534056E0,0.00000000000000000E0));
#221=CARTESIAN_POINT('',(1.29409522551260570E0,-4.82962913144534056E0,6.00000000000000000E0));
#222=CARTESIAN_POINT('',(-2.41180954897479083E0,-5.82262332299588170E0,0.00000000000000000E0));
#223=CARTESIAN_POINT('',(-2.41180954897479083E0,-5.82262332299588170E0,6.00000000000000000E0));
#224=CARTESIAN_POINT('',(-4.33012701892219276E0,-2.50000000000000044E0,0.00000000000000000E0));
#225=CARTESIAN_POINT('',(-4.33012701892219276E0,-2.50000000000000044E0,6.00000000000000000E0));
#226=(BOUNDED_SURFACE()B_SPLINE_SURFACE(2,1,((#220,#221),(#222,#223),(#224,#225)),.UNSPECIFIED.,.F.,.F.,.F.)B_SPLINE_SURFACE_WITH_KNOTS((3,3),(2,2),(0.00000000000000000E0,1.00000000000000000E0),(0.00000000000000000E0,1.00000000000000000E0),.UNSPECIFIED.)GEOMETRIC_REPRESENTATION_ITEM()RATIONAL_B_SPLINE_SURFACE(((1.00000000000000000E0,1.00000000000000000E0),(7.93353340291235165E-1,7.93353340291235165E-1),(1.00000000000000000E0,1.00000000000000000E0)))REPRESENTATION_ITEM('')SURFACE());
#227=CARTESIAN_POINT('',(5.17638090205042278E0,-1.93185165257813622E1,0.00000000000000000E0));
#228=CARTESIAN_POINT('',(5.17638090205042278E0,-1.93185165257813622E1,6.00000000000000000E0));
#229=CARTESIAN_POINT('',(2.00000000000000071E1,-1.53465397595791977E1,0.00000000000000000E0));
#230=CARTESIAN_POINT('',(2.00000000000000071E1,-1.53465397595791977E1,6.00000000000000000E0));
#231=CARTESIAN_POINT('',(2.00000000000000000E1,0.00000000000000000E0,0.00000000000000000E0));
#232=CARTESIAN_POINT('',(2.00000000000000000E1,0.00000000000000000E0,6.00000000000000000E0));
#233=(BOUNDED_SURFACE()B_SPLINE_SURFACE(2,1,((#227,#228),(#229,#230),(#231,#232)),.UNSPECIFIED.,.F.,.F.,.F.)B_SPLINE_SURFACE_WITH_KNOTS((3,3),(2,2),(0.00000000000000000E0,1.00000000000000000E0),(0.00000000000000000E0,1.00000000000000000E0),.UNSPECIFIED.)GEOMETRIC_REPRESENTATION_ITEM()RATIONAL_B_SPLINE_SURFACE(((1.00000000000000000E0,1.00000000000000000E0),(7.93353340291235165E-1,7.93353340291235165E-1),(1.00000000000000000E0,1.00000000000000000E0)))REPRESENTATION_ITEM('')SURFACE());
#234=CARTESIAN_POINT('',(5.00000000000000000E0,0.00000000000000000E0,0.00000000000000000E0));
#235=CARTESIAN_POINT('',(5.00000000000000000E0,0.00000000000000000E0,6.00000000000000000E0));
#236=CARTESIAN_POINT('',(5.00000000000000178E0,-3.83663493989479942E0,0.00000000000000000E0));
#237=CARTESIAN_POINT('',(5.00000000000000178E0,-3.83663493989479942E0,6.00000000000000000E0));
#238=CARTESIAN_POINT('',(1.29409522551260570E0,-4.82962913144534056E0,0.00000000000000000E0));
#239=CARTESIAN_POINT('',(1.29409522551260570E0,-4.82962913144534056E0,6.00000000000000000E0));
#240=(BOUNDED_SURFACE()B_SPLINE_SURFACE(2,1,((#234,#235),(#236,#237),(#238,#239)),.UNSPECIFIED.,.F.,.F.,.F.)B_SPLINE_SURFACE_WITH_KNOTS((3,3),(2,2),(0.00000000000000000E0,1.00000000000000000E0),(0.00000000000000000E0,1.00000000000000000E0),.UNSPECIFIED.)GEOMETRIC_REPRESENTATION_ITEM()RATIONAL_B_SPLINE_SURFACE(((1.00000000000000000E0,1.00000000000000000E0),(7.93353340291235165E-1,7.93353340291235165E-1),(1.00000000000000000E0,1.00000000000000000E0)))REPRESENTATION_ITEM('')SURFACE());
#241=CARTESIAN_POINT('',(2.00000000000000000E1,0.00000000000000000E0,6.00000000000000000E0));
#242=CARTESIAN_POINT('',(2.00000000000000000E1,1.04779515086742059E0,6.00000000000000000E0));
#243=CARTESIAN_POINT('',(1.95545651986936733E1,2.09470469024926764E0,6.00000000000000000E0));
#244=CARTESIAN_POINT('',(1.89214349475795629E1,3.03692270995913915E0,6.00000000000000089E0));
#245=CARTESIAN_POINT('',(1.83653492495549280E1,3.90402047359417725E0,6.00000000000000000E0));
#246=CARTESIAN_POINT('',(1.81111092429200298E1,4.85285709567226409E0,6.00000000000000000E0));
#247=(BOUNDED_CURVE()B_SPLINE_CURVE(5,(#241,#242,#243,#244,#245,#246),.UNSPECIFIED.,.F.,.F.)B_SPLINE_CURVE_WITH_KNOTS((6,6),(0.00000000000000000E0,1.00000000000000000E0),.UNSPECIFIED.)CURVE()GEOMETRIC_REPRESENTATION_ITEM()RATIONAL_B_SPLINE_CURVE((1.00000000000000000E0,9.96577944549524197E-1,9.94866916824286185E-1,9.94866916824286074E-1,9.96577944549524197E-1,1.00000000000000000E0))REPRESENTATION_ITEM(''));
#248=CARTESIAN_POINT('',(1.81111092429200298E1,4.85285709567226409E0,6.00000000000000000E0));
#249=CARTESIAN_POINT('',(1.93185165257813658E1,5.17638090205041479E0,6.00000000000000000E0));
#250=CARTESIAN_POINT('',(1.93185165257813658E1,5.17638090205041479E0,4.75000000000000000E0));
#251=(BOUNDED_CURVE()B_SPLINE_CURVE(2,(#248,#249,#250),.UNSPECIFIED.,.F.,.F.)B_SPLINE_CURVE_WITH_KNOTS((3,3),(0.00000000000000000E0,1.00000000000000000E0),.UNSPECIFIED.)CURVE()GEOMETRIC_REPRESENTATION_ITEM()RATIONAL_B_SPLINE_CURVE((1.00000000000000000E0,7.07106781186547573E-1,1.00000000000000000E0))REPRESENTATION_ITEM(''));
#252=CARTESIAN_POINT('',(1.93185165257813658E1,5.17638090205041479E0,4.75000000000000000E0));
#253=CARTESIAN_POINT('',(1.95897058661919239E1,4.16428850516712235E0,4.75000000000000000E0));
#254=CARTESIAN_POINT('',(1.97945001097049271E1,3.13532244816485672E0,5.12693483787463578E0));
#255=CARTESIAN_POINT('',(1.99315000365683090E1,2.09470469024926764E0,5.62306516212536511E0));
#256=CARTESIAN_POINT('',(2.00000000000000000E1,1.04779515086742059E0,6.00000000000000000E0));
#257=CARTESIAN_POINT('',(2.00000000000000000E1,0.00000000000000000E0,6.00000000000000000E0));
#258=(BOUNDED_CURVE()B_SPLINE_CURVE(5,(#252,#253,#254,#255,#256,#257),.UNSPECIFIED.,.F.,.F.)B_SPLINE_CURVE_WITH_KNOTS((6,6),(0.00000000000000000E0,1.00000000000000000E0),.UNSPECIFIED.)CURVE()GEOMETRIC_REPRESENTATION_ITEM()RATIONAL_B_SPLINE_CURVE((1.00000000000000000E0,9.96577944549524197E-1,9.94866916824286074E-1,9.94866916824286185E-1,9.96577944549524197E-1,1.00000000000000000E0))REPRESENTATION_ITEM(''));
#259=CARTESIAN_POINT('',(2.00000000000000000E1,0.00000000000000000E0,6.00000000000000000E0));
#260=CARTESIAN_POINT('',(2.00000000000000000E1,0.00000000000000000E0,6.00000000000000000E0));
#261=CARTESIAN_POINT('',(2.00000000000000000E1,0.00000000000000000E0,6.00000000000000000E0));
#262=(BOUNDED_CURVE()B_SPLINE_CURVE(2,(#259,#260,#261),.UNSPECIFIED.,.F.,.F.)B_SPLINE_CURVE_WITH_KNOTS((3,3),(0.00000000000000000E0,1.00000000000000000E0),.UNSPECIFIED.)CURVE()GEOMETRIC_REPRESENTATION_ITEM()RATIONAL_B_SPLINE_CURVE((1.00000000000000000E0,7.07106781186547573E-1,1.00000000000000000E0))REPRESENTATION_ITEM(''));
#263=CARTESIAN_POINT('',(1.81111092429200298E1,4.85285709567226409E0,6.00000000000000000E0));
#264=CARTESIAN_POINT('',(4.82962913144534145E0,1.29409522551260370E0,6.00000000000000000E0));
#265=B_SPLINE_CURVE_WITH_KNOTS('',1,(#263,#264),.UNSPECIFIED.,.F.,.F.,(2,2),(0.00000000000000000E0,1.00000000000000000E0),.UNSPECIFIED.);
#266=CARTESIAN_POINT('',(4.82962913144534145E0,1.29409522551260370E0,6.00000000000000000E0));
#267=CARTESIAN_POINT('',(4.89742646654798097E0,1.04107212629178059E0,6.00000000000000000E0));
#268=CARTESIAN_POINT('',(4.94862502742623178E0,7.83830612041214181E-1,6.00000000000000000E0));
#269=CARTESIAN_POINT('',(4.98287500914207726E0,5.23676172562316911E-1,6.00000000000000000E0));
#270=CARTESIAN_POINT('',(5.00000000000000000E0,2.61948787716855147E-1,6.00000000000000000E0));
#271=CARTESIAN_POINT('',(5.00000000000000000E0,0.00000000000000000E0,6.00000000000000000E0));
#272=(BOUNDED_CURVE()B_SPLINE_CURVE(5,(#266,#267,#268,#269,#270,#271),.UNSPECIFIED.,.F.,.F.)B_SPLINE_CURVE_WITH_KNOTS((6,6),(0.00000000000000000E0,1.00000000000000000E0),.UNSPECIFIED.)CURVE()GEOMETRIC_REPRESENTATION_ITEM()RATIONAL_B_SPLINE_CURVE((1.00000000000000000E0,9.96577944549524197E-1,9.94866916824286074E-1,9.94866916824286185E-1,9.96577944549524197E-1,1.00000000000000000E0))REPRESENTATION_ITEM(''));
#273=CARTESIAN_POINT('',(5.00000000000000000E0,0.00000000000000000E0,6.00000000000000000E0));
#274=CARTESIAN_POINT('',(2.00000000000000000E1,0.00000000000000000E0,6.00000000000000000E0));
#275=B_SPLINE_CURVE_WITH_KNOTS('',1,(#273,#274),.UNSPECIFIED.,.F.,.F.,(2,2),(0.00000000000000000E0,1.00000000000000000E0),.UNSPECIFIED.);
#276=CARTESIAN_POINT('',(2.00000000000000000E1,0.00000000000000000E0,0.00000000000000000E0));
#277=CARTESIAN_POINT('',(2.00000000000000000E1,1.04779515086742059E0,0.00000000000000000E0));
#278=CARTESIAN_POINT('',(1.99315000365683090E1,2.09470469024926764E0,0.00000000000000000E0));
#279=CARTESIAN_POINT('',(1.97945001097049271E1,3.13532244816485672E0,0.00000000000000000E0));
#280=CARTESIAN_POINT('',(1.95897058661919239E1,4.16428850516712235E0,0.00000000000000000E0));
#281=CARTESIAN_POINT('',(1.93185165257813658E1,5.17638090205041479E0,0.00000000000000000E0));
#282=(BOUNDED_CURVE()B_SPLINE_CURVE(5,(#276,#277,#278,#279,#280,#281),.UNSPECIFIED.,.F.,.F.)B_SPLINE_CURVE_WITH_KNOTS((6,6),(0.00000000000000000E0,1.00000000000000000E0),.UNSPECIFIED.)CURVE()GEOMETRIC_REPRESENTATION_ITEM()RATIONAL_B_SPLINE_CURVE((1.00000000000000000E0,9.96577944549524197E-1,9.94866916824286185E-1,9.94866916824286074E-1,9.96577944549524197E-1,1.00000000000000000E0))REPRESENTATION_ITEM(''));
#283=CARTESIAN_POINT('',(1.93185165257813658E1,5.17638090205041479E0,0.00000000000000000E0));
#284=CARTESIAN_POINT('',(1.93185165257813658E1,5.17638090205041479E0,4.75000000000000000E0));
#285=B_SPLINE_CURVE_WITH_KNOTS('',1,(#283,#284),.UNSPECIFIED.,.F.,.F.,(2,2),(0.00000000000000000E0,1.00000000000000000E0),.UNSPECIFIED.);
#286=CARTESIAN_POINT('',(2.00000000000000000E1,0.00000000000000000E0,6.00000000000000000E0));
#287=CARTESIAN_POINT('',(2.00000000000000000E1,0.00000000000000000E0,0.00000000000000000E0));
#288=B_SPLINE_CURVE_WITH_KNOTS('',1,(#286,#287),.UNSPECIFIED.,.F.,.F.,(2,2),(0.00000000000000000E0,1.00000000000000000E0),.UNSPECIFIED.);
#289=CARTESIAN_POINT('',(5.00000000000000000E0,0.00000000000000000E0,0.00000000000000000E0));
#290=CARTESIAN_POINT('',(5.00000000000000000E0,2.61948787716855147E-1,0.00000000000000000E0));
#291=CARTESIAN_POINT('',(4.98287500914207726E0,5.23676172562316911E-1,0.00000000000000000E0));
#292=CARTESIAN_POINT('',(4.94862502742623178E0,7.83830612041214181E-1,0.00000000000000000E0));
#293=CARTESIAN_POINT('',(4.89742646654798097E0,1.04107212629178059E0,0.00000000000000000E0));
#294=CARTESIAN_POINT('',(4.82962913144534145E0,1.29409522551260370E0,0.00000000000000000E0));
#295=(BOUNDED_CURVE()B_SPLINE_CURVE(5,(#289,#290,#291,#292,#293,#294),.UNSPECIFIED.,.F.,.F.)B_SPLINE_CURVE_WITH_KNOTS((6,6),(0.00000000000000000E0,1.00000000000000000E0),.UNSPECIFIED.)CURVE()GEOMETRIC_REPRESENTATION_ITEM()RATIONAL_B_SPLINE_CURVE((1.00000000000000000E0,9.96577944549524197E-1,9.94866916824286185E-1,9.94866916824286074E-1,9.96577944549524197E-1,1.00000000000000000E0))REPRESENTATION_ITEM(''));
#296=CARTESIAN_POINT('',(4.82962913144534145E0,1.29409522551260370E0,0.00000000000000000E0));
#297=CARTESIAN_POINT('',(4.82962913144534145E0,1.29409522551260370E0,6.00000000000000000E0));
#298=B_SPLINE_CURVE_WITH_KNOTS('',1,(#296,#297),.UNSPECIFIED.,.F.,.F.,(2,2),(0.00000000000000000E0,1.00000000000000000E0),.UNSPECIFIED.);
#299=CARTESIAN_POINT('',(5.00000000000000000E0,0.00000000000000000E0,6.00000000000000000E0));
#300=CARTESIAN_POINT('',(5.00000000000000000E0,0.00000000000000000E0,0.00000000000000000E0));
#301=B_SPLINE_CURVE_WITH_KNOTS('',1,(#299,#300),.UNSPECIFIED.,.F.,.F.,(2,2),(0.00000000000000000E0,1.00000000000000000E0),.UNSPECIFIED.);
#302=CARTESIAN_POINT('',(1.93185165257813658E1,5.17638090205041479E0,0.00000000000000000E0));
#303=CARTESIAN_POINT('',(4.82962913144534145E0,1.29409522551260370E0,0.00000000000000000E0));
#304=B_SPLINE_CURVE_WITH_KNOTS('',1,(#302,#303),.UNSPECIFIED.,.F.,.F.,(2,2),(0.00000000000000000E0,1.00000000000000000E0),.UNSPECIFIED.);
#305=CARTESIAN_POINT('',(5.00000000000000000E0,0.00000000000000000E0,0.00000000000000000E0));
#306=CARTESIAN_POINT('',(2.00000000000000000E1,0.00000000000000000E0,0.00000000000000000E0));
#307=B_SPLINE_CURVE_WITH_KNOTS('',1,(#305,#306),.UNSPECIFIED.,.F.,.F.,(2,2),(0.00000000000000000E0,1.00000000000000000E0),.UNSPECIFIED.);
#308=CARTESIAN_POINT('',(1.81111092429200298E1,4.85285709567226409E0,6.00000000000000000E0));
#309=CARTESIAN_POINT('',(1.68107901031510032E1,9.70571419134452640E0,6.00000000000000000E0));
#310=CARTESIAN_POINT('',(1.32582521472477666E1,1.32582521472477648E1,6.00000000000000000E0));
#311=(BOUNDED_CURVE()B_SPLINE_CURVE(2,(#308,#309,#310),.UNSPECIFIED.,.F.,.F.)B_SPLINE_CURVE_WITH_KNOTS((3,3),(0.00000000000000000E0,1.00000000000000000E0),.UNSPECIFIED.)CURVE()GEOMETRIC_REPRESENTATION_ITEM()RATIONAL_B_SPLINE_CURVE((1.00000000000000000E0,9.65925826289068312E-1,1.00000000000000000E0))REPRESENTATION_ITEM(''));
#312=CARTESIAN_POINT('',(1.32582521472477666E1,1.32582521472477648E1,6.00000000000000000E0));
#313=CARTESIAN_POINT('',(1.41421356237309510E1,1.41421356237309492E1,6.00000000000000000E0));
#314=CARTESIAN_POINT('',(1.41421356237309510E1,1.41421356237309492E1,4.75000000000000000E0));
#315=(BOUNDED_CURVE()B_SPLINE_CURVE(2,(#312,#313,#314),.UNSPECIFIED.,.F.,.F.)B_SPLINE_CURVE_WITH_KNOTS((3,3),(0.00000000000000000E0,1.00000000000000000E0),.UNSPECIFIED.)CURVE()GEOMETRIC_REPRESENTATION_ITEM()RATIONAL_B_SPLINE_CURVE((1.00000000000000000E0,7.07106781186547573E-1,1.00000000000000000E0))REPRESENTATION_ITEM(''));
#316=CARTESIAN_POINT('',(1.41421356237309510E1,1.41421356237309492E1,4.75000000000000000E0));
#317=CARTESIAN_POINT('',(1.79315094433610724E1,1.03527618041008278E1,4.75000000000000000E0));
#318=CARTESIAN_POINT('',(1.93185165257813658E1,5.17638090205041479E0,4.75000000000000000E0));
#319=(BOUNDED_CURVE()B_SPLINE_CURVE(2,(#316,#317,#318),.UNSPECIFIED.,.F.,.F.)B_SPLINE_CURVE_WITH_KNOTS((3,3),(0.00000000000000000E0,1.00000000000000000E0),.UNSPECIFIED.)CURVE()GEOMETRIC_REPRESENTATION_ITEM()RATIONAL_B_SPLINE_CURVE((1.00000000000000000E0,9.65925826289068312E-1,1.00000000000000000E0))REPRESENTATION_ITEM(''));
#320=CARTESIAN_POINT('',(1.32582521472477666E1,1.32582521472477648E1,6.00000000000000000E0));
#321=CARTESIAN_POINT('',(3.53553390593273775E0,3.53553390593273686E0,6.00000000000000000E0));
#322=B_SPLINE_CURVE_WITH_KNOTS('',1,(#320,#321),.UNSPECIFIED.,.F.,.F.,(2,2),(0.00000000000000000E0,1.00000000000000000E0),.UNSPECIFIED.);
#323=CARTESIAN_POINT('',(3.53553390593273775E0,3.53553390593273686E0,6.00000000000000000E0));
#324=CARTESIAN_POINT('',(4.48287736084026811E0,2.58819045102520695E0,6.00000000000000000E0));
#325=CARTESIAN_POINT('',(4.82962913144534145E0,1.29409522551260370E0,6.00000000000000000E0));
#326=(BOUNDED_CURVE()B_SPLINE_CURVE(2,(#323,#324,#325),.UNSPECIFIED.,.F.,.F.)B_SPLINE_CURVE_WITH_KNOTS((3,3),(0.00000000000000000E0,1.00000000000000000E0),.UNSPECIFIED.)CURVE()GEOMETRIC_REPRESENTATION_ITEM()RATIONAL_B_SPLINE_CURVE((1.00000000000000000E0,9.65925826289068312E-1,1.00000000000000000E0))REPRESENTATION_ITEM(''));
#327=CARTESIAN_POINT('',(1.93185165257813658E1,5.17638090205041479E0,0.00000000000000000E0));
#328=CARTESIAN_POINT('',(1.79315094433610724E1,1.03527618041008278E1,0.00000000000000000E0));
#329=CARTESIAN_POINT('',(1.41421356237309510E1,1.41421356237309492E1,0.00000000000000000E0));
#330=(BOUNDED_CURVE()B_SPLINE_CURVE(2,(#327,#328,#329),.UNSPECIFIED.,.F.,.F.)B_SPLINE_CURVE_WITH_KNOTS((3,3),(0.00000000000000000E0,1.00000000000000000E0),.UNSPECIFIED.)CURVE()GEOMETRIC_REPRESENTATION_ITEM()RATIONAL_B_SPLINE_CURVE((1.00000000000000000E0,9.65925826289068312E-1,1.00000000000000000E0))REPRESENTATION_ITEM(''));
#331=CARTESIAN_POINT('',(1.41421356237309510E1,1.41421356237309492E1,0.00000000000000000E0));
#332=CARTESIAN_POINT('',(1.41421356237309510E1,1.41421356237309492E1,4.75000000000000000E0));
#333=B_SPLINE_CURVE_WITH_KNOTS('',1,(#331,#332),.UNSPECIFIED.,.F.,.F.,(2,2),(0.00000000000000000E0,1.00000000000000000E0),.UNSPECIFIED.);
#334=CARTESIAN_POINT('',(4.82962913144534145E0,1.29409522551260370E0,0.00000000000000000E0));
#335=CARTESIAN_POINT('',(4.48287736084026811E0,2.58819045102520695E0,0.00000000000000000E0));
#336=CARTESIAN_POINT('',(3.53553390593273775E0,3.53553390593273686E0,0.00000000000000000E0));
#337=(BOUNDED_CURVE()B_SPLINE_CURVE(2,(#334,#335,#336),.UNSPECIFIED.,.F.,.F.)B_SPLINE_CURVE_WITH_KNOTS((3,3),(0.00000000000000000E0,1.00000000000000000E0),.UNSPECIFIED.)CURVE()GEOMETRIC_REPRESENTATION_ITEM()RATIONAL_B_SPLINE_CURVE((1.00000000000000000E0,9.65925826289068312E-1,1.00000000000000000E0))REPRESENTATION_ITEM(''));
#338=CARTESIAN_POINT('',(3.53553390593273775E0,3.53553390593273686E0,0.00000000000000000E0));
#339=CARTESIAN_POINT('',(3.53553390593273775E0,3.53553390593273686E0,6.00000000000000000E0));
#340=B_SPLINE_CURVE_WITH_KNOTS('',1,(#338,#339),.UNSPECIFIED.,.F.,.F.,(2,2),(0.00000000000000000E0,1.00000000000000000E0),.UNSPECIFIED.);
#341=CARTESIAN_POINT('',(1.41421356237309510E1,1.41421356237309492E1,0.00000000000000000E0));
#342=CARTESIAN_POINT('',(3.53553390593273775E0,3.53553390593273686E0,0.00000000000000000E0));
#343=B_SPLINE_CURVE_WITH_KNOTS('',1,(#341,#342),.UNSPECIFIED.,.F.,.F.,(2,2),(0.00000000000000000E0,1.00000000000000000E0),.UNSPECIFIED.);
#344=CARTESIAN_POINT('',(1.32582521472477666E1,1.32582521472477648E1,6.00000000000000000E0));
#345=CARTESIAN_POINT('',(1.25636555318045779E1,1.39528487626909534E1,6.00000000000000000E0));
#346=CARTESIAN_POINT('',(1.20907696899442740E1,1.48679819856790090E1,6.00000000000000000E0));
#347=CARTESIAN_POINT('',(1.15913500745291191E1,1.58873978769031918E1,6.00000000000000089E0));
#348=CARTESIAN_POINT('',(1.09074172186133360E1,1.67966105002550599E1,6.00000000000000000E0));
#349=CARTESIAN_POINT('',(1.00000000000000018E1,1.73205080756887710E1,6.00000000000000000E0));
#350=(BOUNDED_CURVE()B_SPLINE_CURVE(5,(#344,#345,#346,#347,#348,#349),.UNSPECIFIED.,.F.,.F.)B_SPLINE_CURVE_WITH_KNOTS((6,6),(0.00000000000000000E0,1.00000000000000000E0),.UNSPECIFIED.)CURVE()GEOMETRIC_REPRESENTATION_ITEM()RATIONAL_B_SPLINE_CURVE((1.00000000000000000E0,9.96577944549524197E-1,9.94866916824286185E-1,9.94866916824286074E-1,9.96577944549524197E-1,1.00000000000000000E0))REPRESENTATION_ITEM(''));
#351=CARTESIAN_POINT('',(1.00000000000000018E1,1.73205080756887710E1,6.00000000000000000E0));
#352=CARTESIAN_POINT('',(1.00000000000000018E1,1.73205080756887710E1,6.00000000000000000E0));
#353=CARTESIAN_POINT('',(1.00000000000000018E1,1.73205080756887710E1,6.00000000000000000E0));
#354=(BOUNDED_CURVE()B_SPLINE_CURVE(2,(#351,#352,#353),.UNSPECIFIED.,.F.,.F.)B_SPLINE_CURVE_WITH_KNOTS((3,3),(0.00000000000000000E0,1.00000000000000000E0),.UNSPECIFIED.)CURVE()GEOMETRIC_REPRESENTATION_ITEM()RATIONAL_B_SPLINE_CURVE((1.00000000000000000E0,7.07106781186547573E-1,1.00000000000000000E0))REPRESENTATION_ITEM(''));
#355=CARTESIAN_POINT('',(1.00000000000000018E1,1.73205080756887710E1,6.00000000000000000E0));
#356=CARTESIAN_POINT('',(1.09074172186133360E1,1.67966105002550599E1,6.00000000000000000E0));
#357=CARTESIAN_POINT('',(1.17798174934664353E1,1.62138330220739952E1,5.62306516212536600E0));
#358=CARTESIAN_POINT('',(1.26125189440188468E1,1.55748787261358945E1,5.12693483787463400E0));
#359=CARTESIAN_POINT('',(1.34012325672582140E1,1.48830386802036845E1,4.75000000000000000E0));
#360=CARTESIAN_POINT('',(1.41421356237309510E1,1.41421356237309492E1,4.75000000000000000E0));
#361=(BOUNDED_CURVE()B_SPLINE_CURVE(5,(#355,#356,#357,#358,#359,#360),.UNSPECIFIED.,.F.,.F.)B_SPLINE_CURVE_WITH_KNOTS((6,6),(0.00000000000000000E0,1.00000000000000000E0),.UNSPECIFIED.)CURVE()GEOMETRIC_REPRESENTATION_ITEM()RATIONAL_B_SPLINE_CURVE((1.00000000000000000E0,9.96577944549524197E-1,9.94866916824286074E-1,9.94866916824286185E-1,9.96577944549524197E-1,1.00000000000000000E0))REPRESENTATION_ITEM(''));
#362=CARTESIAN_POINT('',(1.00000000000000018E1,1.73205080756887710E1,6.00000000000000000E0));
#363=CARTESIAN_POINT('',(2.50000000000000044E0,4.33012701892219276E0,6.00000000000000000E0));
#364=B_SPLINE_CURVE_WITH_KNOTS('',1,(#362,#363),.UNSPECIFIED.,.F.,.F.,(2,2),(0.00000000000000000E0,1.00000000000000000E0),.UNSPECIFIED.);
#365=CARTESIAN_POINT('',(2.50000000000000044E0,4.33012701892219276E0,6.00000000000000000E0));
#366=CARTESIAN_POINT('',(2.72685430465333400E0,4.19915262506376497E0,6.00000000000000000E0));
#367=CARTESIAN_POINT('',(2.94495437336660881E0,4.05345825551849881E0,6.00000000000000000E0));
#368=CARTESIAN_POINT('',(3.15312973600471169E0,3.89371968153397408E0,6.00000000000000000E0));
#369=CARTESIAN_POINT('',(3.35030814181455350E0,3.72075967005092156E0,6.00000000000000000E0));
#370=CARTESIAN_POINT('',(3.53553390593273775E0,3.53553390593273686E0,6.00000000000000000E0));
#371=(BOUNDED_CURVE()B_SPLINE_CURVE(5,(#365,#366,#367,#368,#369,#370),.UNSPECIFIED.,.F.,.F.)B_SPLINE_CURVE_WITH_KNOTS((6,6),(0.00000000000000000E0,1.00000000000000000E0),.UNSPECIFIED.)CURVE()GEOMETRIC_REPRESENTATION_ITEM()RATIONAL_B_SPLINE_CURVE((1.00000000000000000E0,9.96577944549524197E-1,9.94866916824286074E-1,9.94866916824286185E-1,9.96577944549524197E-1,1.00000000000000000E0))REPRESENTATION_ITEM(''));
#372=CARTESIAN_POINT('',(1.41421356237309510E1,1.41421356237309492E1,0.00000000000000000E0));
#373=CARTESIAN_POINT('',(1.34012325672582140E1,1.48830386802036845E1,0.00000000000000000E0));
#374=CARTESIAN_POINT('',(1.26125189440188468E1,1.55748787261358945E1,0.00000000000000000E0));
#375=CARTESIAN_POINT('',(1.17798174934664353E1,1.62138330220739952E1,0.00000000000000000E0));
#376=CARTESIAN_POINT('',(1.09074172186133360E1,1.67966105002550599E1,0.00000000000000000E0));
#377=CARTESIAN_POINT('',(1.00000000000000018E1,1.73205080756887710E1,0.00000000000000000E0));
#378=(BOUNDED_CURVE()B_SPLINE_CURVE(5,(#372,#373,#374,#375,#376,#377),.UNSPECIFIED.,.F.,.F.)B_SPLINE_CURVE_WITH_KNOTS((6,6),(0.00000000000000000E0,1.00000000000000000E0),.UNSPECIFIED.)CURVE()GEOMETRIC_REPRESENTATION_ITEM()RATIONAL_B_SPLINE_CURVE((1.00000000000000000E0,9.96577944549524197E-1,9.94866916824286185E-1,9.94866916824286074E-1,9.96577944549524197E-1,1.00000000000000000E0))REPRESENTATION_ITEM(''));
#379=CARTESIAN_POINT('',(1.00000000000000018E1,1.73205080756887710E1,0.00000000000000000E0));
#380=CARTESIAN_POINT('',(1.00000000000000018E1,1.73205080756887710E1,6.00000000000000000E0));
#381=B_SPLINE_CURVE_WITH_KNOTS('',1,(#379,#380),.UNSPECIFIED.,.F.,.F.,(2,2),(0.00000000000000000E0,1.00000000000000000E0),.UNSPECIFIED.);
#382=CARTESIAN_POINT('',(3.53553390593273775E0,3.53553390593273686E0,0.00000000000000000E0));
#383=CARTESIAN_POINT('',(3.35030814181455350E0,3.72075967005092156E0,0.00000000000000000E0));
#384=CARTESIAN_POINT('',(3.15312973600471169E0,3.89371968153397408E0,0.00000000000000000E0));
#385=CARTESIAN_POINT('',(2.94495437336660881E0,4.05345825551849881E0,0.00000000000000000E0));
#386=CARTESIAN_POINT('',(2.72685430465333400E0,4.19915262506376497E0,0.00000000000000000E0));
#387=CARTESIAN_POINT('',(2.50000000000000044E0,4.33012701892219276E0,0.00000000000000000E0));
#388=(BOUNDED_CURVE()B_SPLINE_CURVE(5,(#382,#383,#384,#385,#386,#387),.UNSPECIFIED.,.F.,.F.)B_SPLINE_CURVE_WITH_KNOTS((6,6),(0.00000000000000000E0,1.00000000000000000E0),.UNSPECIFIED.)CURVE()GEOMETRIC_REPRESENTATION_ITEM()RATIONAL_B_SPLINE_CURVE((1.00000000000000000E0,9.96577944549524197E-1,9.94866916824286185E-1,9.94866916824286074E-1,9.96577944549524197E-1,1.00000000000000000E0))REPRESENTATION_ITEM(''));
#389=CARTESIAN_POINT('',(2.50000000000000044E0,4.33012701892219276E0,0.00000000000000000E0));
#390=CARTESIAN_POINT('',(2.50000000000000044E0,4.33012701892219276E0,6.00000000000000000E0));
#391=B_SPLINE_CURVE_WITH_KNOTS('',1,(#389,#390),.UNSPECIFIED.,.F.,.F.,(2,2),(0.00000000000000000E0,1.00000000000000000E0),.UNSPECIFIED.);
#392=CARTESIAN_POINT('',(1.00000000000000018E1,1.73205080756887710E1,0.00000000000000000E0));
#393=CARTESIAN_POINT('',(2.50000000000000044E0,4.33012701892219276E0,0.00000000000000000E0));
#394=B_SPLINE_CURVE_WITH_KNOTS('',1,(#392,#393),.UNSPECIFIED.,.F.,.F.,(2,2),(0.00000000000000000E0,1.00000000000000000E0),.UNSPECIFIED.);
#395=CARTESIAN_POINT('',(1.00000000000000018E1,1.73205080756887710E1,6.00000000000000000E0));
#396=CARTESIAN_POINT('',(-3.29049329198351925E0,2.49937779554783823E1,6.00000000000000000E0));
#397=CARTESIAN_POINT('',(-1.41421356237309492E1,1.41421356237309510E1,6.00000000000000000E0));
#398=(BOUNDED_CURVE()B_SPLINE_CURVE(2,(#395,#396,#397),.UNSPECIFIED.,.F.,.F.)B_SPLINE_CURVE_WITH_KNOTS((3,3),(0.00000000000000000E0,1.00000000000000000E0),.UNSPECIFIED.)CURVE()GEOMETRIC_REPRESENTATION_ITEM()RATIONAL_B_SPLINE_CURVE((1.00000000000000000E0,7.93353340291235165E-1,1.00000000000000000E0))REPRESENTATION_ITEM(''));
#399=CARTESIAN_POINT('',(-1.41421356237309492E1,1.41421356237309510E1,6.00000000000000000E0));
#400=CARTESIAN_POINT('',(-3.53553390593273686E0,3.53553390593273775E0,6.00000000000000000E0));
#401=B_SPLINE_CURVE_WITH_KNOTS('',1,(#399,#400),.UNSPECIFIED.,.F.,.F.,(2,2),(0.00000000000000000E0,1.00000000000000000E0),.UNSPECIFIED.);
#402=CARTESIAN_POINT('',(-3.53553390593273686E0,3.53553390593273775E0,6.00000000000000000E0));
#403=CARTESIAN_POINT('',(-8.22623322995879702E-1,6.24844448886959558E0,6.00000000000000000E0));
#404=CARTESIAN_POINT('',(2.50000000000000044E0,4.33012701892219276E0,6.00000000000000000E0));
#405=(BOUNDED_CURVE()B_SPLINE_CURVE(2,(#402,#403,#404),.UNSPECIFIED.,.F.,.F.)B_SPLINE_CURVE_WITH_KNOTS((3,3),(0.00000000000000000E0,1.00000000000000000E0),.UNSPECIFIED.)CURVE()GEOMETRIC_REPRESENTATION_ITEM()RATIONAL_B_SPLINE_CURVE((1.00000000000000000E0,7.93353340291235165E-1,1.00000000000000000E0))REPRESENTATION_ITEM(''));
#406=CARTESIAN_POINT('',(1.00000000000000018E1,1.73205080756887710E1,0.00000000000000000E0));
#407=CARTESIAN_POINT('',(-3.29049329198351925E0,2.49937779554783823E1,0.00000000000000000E0));
#408=CARTESIAN_POINT('',(-1.41421356237309492E1,1.41421356237309510E1,0.00000000000000000E0));
#409=(BOUNDED_CURVE()B_SPLINE_CURVE(2,(#406,#407,#408),.UNSPECIFIED.,.F.,.F.)B_SPLINE_CURVE_WITH_KNOTS((3,3),(0.00000000000000000E0,1.00000000000000000E0),.UNSPECIFIED.)CURVE()GEOMETRIC_REPRESENTATION_ITEM()RATIONAL_B_SPLINE_CURVE((1.00000000000000000E0,7.93353340291235165E-1,1.00000000000000000E0))REPRESENTATION_ITEM(''));
#410=CARTESIAN_POINT('',(-1.41421356237309492E1,1.41421356237309510E1,0.00000000000000000E0));
#411=CARTESIAN_POINT('',(-1.41421356237309492E1,1.41421356237309510E1,6.00000000000000000E0));
#412=B_SPLINE_CURVE_WITH_KNOTS('',1,(#410,#411),.UNSPECIFIED.,.F.,.F.,(2,2),(0.00000000000000000E0,1.00000000000000000E0),.UNSPECIFIED.);
#413=CARTESIAN_POINT('',(2.50000000000000044E0,4.33012701892219276E0,0.00000000000000000E0));
#414=CARTESIAN_POINT('',(-8.22623322995879702E-1,6.24844448886959558E0,0.00000000000000000E0));
#415=CARTESIAN_POINT('',(-3.53553390593273686E0,3.53553390593273775E0,0.00000000000000000E0));
#416=(BOUNDED_CURVE()B_SPLINE_CURVE(2,(#413,#414,#415),.UNSPECIFIED.,.F.,.F.)B_SPLINE_CURVE_WITH_KNOTS((3,3),(0.00000000000000000E0,1.00000000000000000E0),.UNSPECIFIED.)CURVE()GEOMETRIC_REPRESENTATION_ITEM()RATIONAL_B_SPLINE_CURVE((1.00000000000000000E0,7.93353340291235165E-1,1.00000000000000000E0))REPRESENTATION_ITEM(''));
#417=CARTESIAN_POINT('',(-3.53553390593273686E0,3.53553390593273775E0,0.00000000000000000E0));
#418=CARTESIAN_POINT('',(-3.53553390593273686E0,3.53553390593273775E0,6.00000000000000000E0));
#419=B_SPLINE_CURVE_WITH_KNOTS('',1,(#417,#418),.UNSPECIFIED.,.F.,.F.,(2,2),(0.00000000000000000E0,1.00000000000000000E0),.UNSPECIFIED.);
#420=CARTESIAN_POINT('',(-1.41421356237309492E1,1.41421356237309510E1,0.00000000000000000E0));
#421=CARTESIAN_POINT('',(-3.53553390593273686E0,3.53553390593273775E0,0.00000000000000000E0));
#422=B_SPLINE_CURVE_WITH_KNOTS('',1,(#420,#421),.UNSPECIFIED.,.F.,.F.,(2,2),(0.00000000000000000E0,1.00000000000000000E0),.UNSPECIFIED.);
#423=CARTESIAN_POINT('',(-1.41421356237309492E1,1.41421356237309510E1,6.00000000000000000E0));
#424=CARTESIAN_POINT('',(-2.49937779554783752E1,3.29049329198352414E0,6.00000000000000000E0));
#425=CARTESIAN_POINT('',(-1.73205080756887710E1,-1.00000000000000018E1,6.00000000000000000E0));
#426=(BOUNDED_CURVE()B_SPLINE_CURVE(2,(#423,#424,#425),.UNSPECIFIED.,.F.,.F.)B_SPLINE_CURVE_WITH_KNOTS((3,3),(0.00000000000000000E0,1.00000000000000000E0),.UNSPECIFIED.)CURVE()GEOMETRIC_REPRESENTATION_ITEM()RATIONAL_B_SPLINE_CURVE((1.00000000000000000E0,7.93353340291235165E-1,1.00000000000000000E0))REPRESENTATION_ITEM(''));
#427=CARTESIAN_POINT('',(-1.73205080756887710E1,-1.00000000000000018E1,6.00000000000000000E0));
#428=CARTESIAN_POINT('',(-4.33012701892219276E0,-2.50000000000000044E0,6.00000000000000000E0));
#429=B_SPLINE_CURVE_WITH_KNOTS('',1,(#427,#428),.UNSPECIFIED.,.F.,.F.,(2,2),(0.00000000000000000E0,1.00000000000000000E0),.UNSPECIFIED.);
#430=CARTESIAN_POINT('',(-4.33012701892219276E0,-2.50000000000000044E0,6.00000000000000000E0));
#431=CARTESIAN_POINT('',(-6.24844448886959380E0,8.22623322995881034E-1,6.00000000000000000E0));
#432=CARTESIAN_POINT('',(-3.53553390593273686E0,3.53553390593273775E0,6.00000000000000000E0));
#433=(BOUNDED_CURVE()B_SPLINE_CURVE(2,(#430,#431,#432),.UNSPECIFIED.,.F.,.F.)B_SPLINE_CURVE_WITH_KNOTS((3,3),(0.00000000000000000E0,1.00000000000000000E0),.UNSPECIFIED.)CURVE()GEOMETRIC_REPRESENTATION_ITEM()RATIONAL_B_SPLINE_CURVE((1.00000000000000000E0,7.93353340291235165E-1,1.00000000000000000E0))REPRESENTATION_ITEM(''));
#434=CARTESIAN_POINT('',(-1.41421356237309492E1,1.41421356237309510E1,0.00000000000000000E0));
#435=CARTESIAN_POINT('',(-2.49937779554783752E1,3.29049329198352414E0,0.00000000000000000E0));
#436=CARTESIAN_POINT('',(-1.73205080756887710E1,-1.00000000000000018E1,0.00000000000000000E0));
#437=(BOUNDED_CURVE()B_SPLINE_CURVE(2,(#434,#435,#436),.UNSPECIFIED.,.F.,.F.)B_SPLINE_CURVE_WITH_KNOTS((3,3),(0.00000000000000000E0,1.00000000000000000E0),.UNSPECIFIED.)CURVE()GEOMETRIC_REPRESENTATION_ITEM()RATIONAL_B_SPLINE_CURVE((1.00000000000000000E0,7.93353340291235165E-1,1.00000000000000000E0))REPRESENTATION_ITEM(''));
#438=CARTESIAN_POINT('',(-1.73205080756887710E1,-1.00000000000000018E1,0.00000000000000000E0));
#439=CARTESIAN_POINT('',(-1.73205080756887710E1,-1.00000000000000018E1,6.00000000000000000E0));
#440=B_SPLINE_CURVE_WITH_KNOTS('',1,(#438,#439),.UNSPECIFIED.,.F.,.F.,(2,2),(0.00000000000000000E0,1.00000000000000000E0),.UNSPECIFIED.);
#441=CARTESIAN_POINT('',(-3.53553390593273686E0,3.53553390593273775E0,0.00000000000000000E0));
#442=CARTESIAN_POINT('',(-6.24844448886959380E0,8.22623322995881034E-1,0.00000000000000000E0));
#443=CARTESIAN_POINT('',(-4.33012701892219276E0,-2.50000000000000044E0,0.00000000000000000E0));
#444=(BOUNDED_CURVE()B_SPLINE_CURVE(2,(#441,#442,#443),.UNSPECIFIED.,.F.,.F.)B_SPLINE_CURVE_WITH_KNOTS((3,3),(0.00000000000000000E0,1.00000000000000000E0),.UNSPECIFIED.)CURVE()GEOMETRIC_REPRESENTATION_ITEM()RATIONAL_B_SPLINE_CURVE((1.00000000000000000E0,7.93353340291235165E-1,1.00000000000000000E0))REPRESENTATION_ITEM(''));
#445=CARTESIAN_POINT('',(-4.33012701892219276E0,-2.50000000000000044E0,0.00000000000000000E0));
#446=CARTESIAN_POINT('',(-4.33012701892219276E0,-2.50000000000000044E0,6.00000000000000000E0));
#447=B_SPLINE_CURVE_WITH_KNOTS('',1,(#445,#446),.UNSPECIFIED.,.F.,.F.,(2,2),(0.00000000000000000E0,1.00000000000000000E0),.UNSPECIFIED.);
#448=CARTESIAN_POINT('',(-1.73205080756887710E1,-1.00000000000000018E1,0.00000000000000000E0));
#449=CARTESIAN_POINT('',(-4.33012701892219276E0,-2.50000000000000044E0,0.00000000000000000E0));
#450=B_SPLINE_CURVE_WITH_KNOTS('',1,(#448,#449),.UNSPECIFIED.,.F.,.F.,(2,2),(0.00000000000000000E0,1.00000000000000000E0),.UNSPECIFIED.);
#451=CARTESIAN_POINT('',(-1.73205080756887710E1,-1.00000000000000018E1,6.00000000000000000E0));
#452=CARTESIAN_POINT('',(-9.64723819589916332E0,-2.32904932919835268E1,6.00000000000000000E0));
#453=CARTESIAN_POINT('',(5.17638090205042278E0,-1.93185165257813622E1,6.00000000000000000E0));
#454=(BOUNDED_CURVE()B_SPLINE_CURVE(2,(#451,#452,#453),.UNSPECIFIED.,.F.,.F.)B_SPLINE_CURVE_WITH_KNOTS((3,3),(0.00000000000000000E0,1.00000000000000000E0),.UNSPECIFIED.)CURVE()GEOMETRIC_REPRESENTATION_ITEM()RATIONAL_B_SPLINE_CURVE((1.00000000000000000E0,7.93353340291235165E-1,1.00000000000000000E0))REPRESENTATION_ITEM(''));
#455=CARTESIAN_POINT('',(5.17638090205042278E0,-1.93185165257813622E1,6.00000000000000000E0));
#456=CARTESIAN_POINT('',(1.29409522551260570E0,-4.82962913144534056E0,6.00000000000000000E0));
#457=B_SPLINE_CURVE_WITH_KNOTS('',1,(#455,#456),.UNSPECIFIED.,.F.,.F.,(2,2),(0.00000000000000000E0,1.00000000000000000E0),.UNSPECIFIED.);
#458=CARTESIAN_POINT('',(1.29409522551260570E0,-4.82962913144534056E0,6.00000000000000000E0));
#459=CARTESIAN_POINT('',(-2.41180954897479083E0,-5.82262332299588170E0,6.00000000000000000E0));
#460=CARTESIAN_POINT('',(-4.33012701892219276E0,-2.50000000000000044E0,6.00000000000000000E0));
#461=(BOUNDED_CURVE()B_SPLINE_CURVE(2,(#458,#459,#460),.UNSPECIFIED.,.F.,.F.)B_SPLINE_CURVE_WITH_KNOTS((3,3),(0.00000000000000000E0,1.00000000000000000E0),.UNSPECIFIED.)CURVE()GEOMETRIC_REPRESENTATION_ITEM()RATIONAL_B_SPLINE_CURVE((1.00000000000000000E0,7.93353340291235165E-1,1.00000000000000000E0))REPRESENTATION_ITEM(''));
#462=CARTESIAN_POINT('',(-1.73205080756887710E1,-1.00000000000000018E1,0.00000000000000000E0));
#463=CARTESIAN_POINT('',(-9.64723819589916332E0,-2.32904932919835268E1,0.00000000000000000E0));
#464=CARTESIAN_POINT('',(5.17638090205042278E0,-1.93185165257813622E1,0.00000000000000000E0));
#465=(BOUNDED_CURVE()B_SPLINE_CURVE(2,(#462,#463,#464),.UNSPECIFIED.,.F.,.F.)B_SPLINE_CURVE_WITH_KNOTS((3,3),(0.00000000000000000E0,1.00000000000000000E0),.UNSPECIFIED.)CURVE()GEOMETRIC_REPRESENTATION_ITEM()RATIONAL_B_SPLINE_CURVE((1.00000000000000000E0,7.93353340291235165E-1,1.00000000000000000E0))REPRESENTATION_ITEM(''));
#466=CARTESIAN_POINT('',(5.17638090205042278E0,-1.93185165257813622E1,0.00000000000000000E0));
#467=CARTESIAN_POINT('',(5.17638090205042278E0,-1.93185165257813622E1,6.00000000000000000E0));
#468=B_SPLINE_CURVE_WITH_KNOTS('',1,(#466,#467),.UNSPECIFIED.,.F.,.F.,(2,2),(0.00000000000000000E0,1.00000000000000000E0),.UNSPECIFIED.);
#469=CARTESIAN_POINT('',(-4.33012701892219276E0,-2.50000000000000044E0,0.00000000000000000E0));
#470=CARTESIAN_POINT('',(-2.41180954897479083E0,-5.82262332299588170E0,0.00000000000000000E0));
#471=CARTESIAN_POINT('',(1.29409522551260570E0,-4.82962913144534056E0,0.00000000000000000E0));
#472=(BOUNDED_CURVE()B_SPLINE_CURVE(2,(#469,#470,#471),.UNSPECIFIED.,.F.,.F.)B_SPLINE_CURVE_WITH_KNOTS((3,3),(0.00000000000000000E0,1.00000000000000000E0),.UNSPECIFIED.)CURVE()GEOMETRIC_REPRESENTATION_ITEM()RATIONAL_B_SPLINE_CURVE((1.00000000000000000E0,7.93353340291235165E-1,1.00000000000000000E0))REPRESENTATION_ITEM(''));
#473=CARTESIAN_POINT('',(1.29409522551260570E0,-4.82962913144534056E0,0.00000000000000000E0));
#474=CARTESIAN_POINT('',(1.29409522551260570E0,-4.82962913144534056E0,6.00000000000000000E0));
#475=B_SPLINE_CURVE_WITH_KNOTS('',1,(#473,#474),.UNSPECIFIED.,.F.,.F.,(2,2),(0.00000000000000000E0,1.00000000000000000E0),.UNSPECIFIED.);
#476=CARTESIAN_POINT('',(5.17638090205042278E0,-1.93185165257813622E1,0.00000000000000000E0));
#477=CARTESIAN_POINT('',(1.29409522551260570E0,-4.82962913144534056E0,0.00000000000000000E0));
#478=B_SPLINE_CURVE_WITH_KNOTS('',1,(#476,#477),.UNSPECIFIED.,.F.,.F.,(2,2),(0.00000000000000000E0,1.00000000000000000E0),.UNSPECIFIED.);
#479=CARTESIAN_POINT('',(5.17638090205042278E0,-1.93185165257813622E1,6.00000000000000000E0));
#480=CARTESIAN_POINT('',(2.00000000000000071E1,-1.53465397595791977E1,6.00000000000000000E0));
#481=CARTESIAN_POINT('',(2.00000000000000000E1,0.00000000000000000E0,6.00000000000000000E0));
#482=(BOUNDED_CURVE()B_SPLINE_CURVE(2,(#479,#480,#481),.UNSPECIFIED.,.F.,.F.)B_SPLINE_CURVE_WITH_KNOTS((3,3),(0.00000000000000000E0,1.00000000000000000E0),.UNSPECIFIED.)CURVE()GEOMETRIC_REPRESENTATION_ITEM()RATIONAL_B_SPLINE_CURVE((1.00000000000000000E0,7.93353340291235165E-1,1.00000000000000000E0))REPRESENTATION_ITEM(''));
#483=CARTESIAN_POINT('',(5.00000000000000000E0,0.00000000000000000E0,6.00000000000000000E0));
#484=CARTESIAN_POINT('',(5.00000000000000178E0,-3.83663493989479942E0,6.00000000000000000E0));
#485=CARTESIAN_POINT('',(1.29409522551260570E0,-4.82962913144534056E0,6.00000000000000000E0));
#486=(BOUNDED_CURVE()B_SPLINE_CURVE(2,(#483,#484,#485),.UNSPECIFIED.,.F.,.F.)B_SPLINE_CURVE_WITH_KNOTS((3,3),(0.00000000000000000E0,1.00000000000000000E0),.UNSPECIFIED.)CURVE()GEOMETRIC_REPRESENTATION_ITEM()RATIONAL_B_SPLINE_CURVE((1.00000000000000000E0,7.93353340291235165E-1,1.00000000000000000E0))REPRESENTATION_ITEM(''));
#487=CARTESIAN_POINT('',(5.17638090205042278E0,-1.93185165257813622E1,0.00000000000000000E0));
#488=CARTESIAN_POINT('',(2.00000000000000071E1,-1.53465397595791977E1,0.00000000000000000E0));
#489=CARTESIAN_POINT('',(2.00000000000000000E1,0.00000000000000000E0,0.00000000000000000E0));
#490=(BOUNDED_CURVE()B_SPLINE_CURVE(2,(#487,#488,#489),.UNSPECIFIED.,.F.,.F.)B_SPLINE_CURVE_WITH_KNOTS((3,3),(0.00000000000000000E0,1.00000000000000000E0),.UNSPECIFIED.)CURVE()GEOMETRIC_REPRESENTATION_ITEM()RATIONAL_B_SPLINE_CURVE((1.00000000000000000E0,7.93353340291235165E-1,1.00000000000000000E0))REPRESENTATION_ITEM(''));
#491=CARTESIAN_POINT('',(1.29409522551260570E0,-4.82962913144534056E0,0.00000000000000000E0));
#492=CARTESIAN_POINT('',(5.00000000000000178E0,-3.83663493989479942E0,0.00000000000000000E0));
#493=CARTESIAN_POINT('',(5.00000000000000000E0,0.00000000000000000E0,0.00000000000000000E0));
#494=(BOUNDED_CURVE()B_SPLINE_CURVE(2,(#491,#492,#493),.UNSPECIFIED.,.F.,.F.)B_SPLINE_CURVE_WITH_KNOTS((3,3),(0.00000000000000000E0,1.00000000000000000E0),.UNSPECIFIED.)CURVE()GEOMETRIC_REPRESENTATION_ITEM()RATIONAL_B_SPLINE_CURVE((1.00000000000000000E0,7.93353340291235165E-1,1.00000000000000000E0))REPRESENTATION_ITEM(''));
#495=(GEOMETRIC_REPRESENTATION_CONTEXT(2)REPRESENTATION_CONTEXT('','2D'));
#496=CARTESIAN_POINT('',(1.00000000000000000E0,0.00000000000000000E0));
#497=CARTESIAN_POINT('',(1.00000000000000000E0,1.00000000000000000E0));
#498=B_SPLINE_CURVE_WITH_KNOTS('',1,(#496,#497),.UNSPECIFIED.,.F.,.F.,(2,2),(0.00000000000000000E0,1.00000000000000000E0),.UNSPECIFIED.);
#499=DEFINITIONAL_REPRESENTATION('',(#498),#495);
#500=PCURVE('',#79,#499);
#501=CARTESIAN_POINT('',(1.00000000000000000E0,1.00000000000000000E0));
#502=CARTESIAN_POINT('',(0.00000000000000000E0,1.00000000000000000E0));
#503=B_SPLINE_CURVE_WITH_KNOTS('',1,(#501,#502),.UNSPECIFIED.,.F.,.F.,(2,2),(0.00000000000000000E0,1.00000000000000000E0),.UNSPECIFIED.);
#504=DEFINITIONAL_REPRESENTATION('',(#503),#495);
#505=PCURVE('',#79,#504);
#506=CARTESIAN_POINT('',(0.00000000000000000E0,1.00000000000000000E0));
#507=CARTESIAN_POINT('',(0.00000000000000000E0,0.00000000000000000E0));
#508=B_SPLINE_CURVE_WITH_KNOTS('',1,(#506,#507),.UNSPECIFIED.,.F.,.F.,(2,2),(0.00000000000000000E0,1.00000000000000000E0),.UNSPECIFIED.);
#509=DEFINITIONAL_REPRESENTATION('',(#508),#495);
#510=PCURVE('',#79,#509);
#511=CARTESIAN_POINT('',(0.00000000000000000E0,0.00000000000000000E0));
#512=CARTESIAN_POINT('',(1.00000000000000000E0,0.00000000000000000E0));
#513=B_SPLINE_CURVE_WITH_KNOTS('',1,(#511,#512),.UNSPECIFIED.,.F.,.F.,(2,2),(0.00000000000000000E0,1.00000000000000000E0),.UNSPECIFIED.);
#514=DEFINITIONAL_REPRESENTATION('',(#513),#495);
#515=PCURVE('',#79,#514);
#516=CARTESIAN_POINT('',(1.00000000000000000E0,5.00000000000000000E-1));
#517=CARTESIAN_POINT('',(1.00000000000000000E0,5.26194878771685581E-1));
#518=CARTESIAN_POINT('',(9.88864129967341854E-1,5.52367617256231624E-1));
#519=CARTESIAN_POINT('',(9.73035873689489073E-1,5.75923067748978501E-1));
#520=CARTESIAN_POINT('',(9.59133731238873133E-1,5.97600511839854409E-1));
#521=CARTESIAN_POINT('',(9.52777731073000789E-1,6.21321427391806624E-1));
#522=(BOUNDED_CURVE()B_SPLINE_CURVE(5,(#516,#517,#518,#519,#520,#521),.UNSPECIFIED.,.F.,.F.)B_SPLINE_CURVE_WITH_KNOTS((6,6),(0.00000000000000000E0,1.00000000000000000E0),.UNSPECIFIED.)CURVE()GEOMETRIC_REPRESENTATION_ITEM()RATIONAL_B_SPLINE_CURVE((1.00000000000000000E0,9.96577944549524197E-1,9.94866916824286185E-1,9.94866916824286074E-1,9.96577944549524197E-1,1.00000000000000000E0))REPRESENTATION_ITEM(''));
#523=DEFINITIONAL_REPRESENTATION('',(#522),#495);
#524=PCURVE('',#84,#523);
#525=CARTESIAN_POINT('',(9.52777731073000789E-1,6.21321427391806624E-1));
#526=CARTESIAN_POINT('',(6.20740728286133470E-1,5.32352380637815092E-1));
#527=B_SPLINE_CURVE_WITH_KNOTS('',1,(#525,#526),.UNSPECIFIED.,.F.,.F.,(2,2),(0.00000000000000000E0,1.00000000000000000E0),.UNSPECIFIED.);
#528=DEFINITIONAL_REPRESENTATION('',(#527),#495);
#529=PCURVE('',#84,#528);
#530=CARTESIAN_POINT('',(6.20740728286133470E-1,5.32352380637815092E-1));
#531=CARTESIAN_POINT('',(6.22435661663699458E-1,5.26026803157294554E-1));
#532=CARTESIAN_POINT('',(6.23715625685655750E-1,5.19595765301030355E-1));
#533=CARTESIAN_POINT('',(6.24571875228551954E-1,5.13091904314057934E-1));
#534=CARTESIAN_POINT('',(6.25000000000000000E-1,5.06548719692921368E-1));
#535=CARTESIAN_POINT('',(6.25000000000000000E-1,5.00000000000000000E-1));
#536=(BOUNDED_CURVE()B_SPLINE_CURVE(5,(#530,#531,#532,#533,#534,#535),.UNSPECIFIED.,.F.,.F.)B_SPLINE_CURVE_WITH_KNOTS((6,6),(0.00000000000000000E0,1.00000000000000000E0),.UNSPECIFIED.)CURVE()GEOMETRIC_REPRESENTATION_ITEM()RATIONAL_B_SPLINE_CURVE((1.00000000000000000E0,9.96577944549524197E-1,9.94866916824286074E-1,9.94866916824286185E-1,9.96577944549524197E-1,1.00000000000000000E0))REPRESENTATION_ITEM(''));
#537=DEFINITIONAL_REPRESENTATION('',(#536),#495);
#538=PCURVE('',#84,#537);
#539=CARTESIAN_POINT('',(6.25000000000000000E-1,5.00000000000000000E-1));
#540=CARTESIAN_POINT('',(1.00000000000000000E0,5.00000000000000000E-1));
#541=B_SPLINE_CURVE_WITH_KNOTS('',1,(#539,#540),.UNSPECIFIED.,.F.,.F.,(2,2),(0.00000000000000000E0,1.00000000000000000E0),.UNSPECIFIED.);
#542=DEFINITIONAL_REPRESENTATION('',(#541),#495);
#543=PCURVE('',#84,#542);
#544=CARTESIAN_POINT('',(0.00000000000000000E0,0.00000000000000000E0));
#545=CARTESIAN_POINT('',(1.00000000000000000E0,0.00000000000000000E0));
#546=B_SPLINE_CURVE_WITH_KNOTS('',1,(#544,#545),.UNSPECIFIED.,.F.,.F.,(2,2),(0.00000000000000000E0,1.00000000000000000E0),.UNSPECIFIED.);
#547=DEFINITIONAL_REPRESENTATION('',(#546),#495);
#548=PCURVE('',#97,#547);
#549=CARTESIAN_POINT('',(1.00000000000000000E0,0.00000000000000000E0));
#550=CARTESIAN_POINT('',(1.00000000000000000E0,7.91666666666666630E-1));
#551=B_SPLINE_CURVE_WITH_KNOTS('',1,(#549,#550),.UNSPECIFIED.,.F.,.F.,(2,2),(0.00000000000000000E0,1.00000000000000000E0),.UNSPECIFIED.);
#552=DEFINITIONAL_REPRESENTATION('',(#551),#495);
#553=PCURVE('',#97,#552);
#554=CARTESIAN_POINT('',(1.00000000000000000E0,7.91666666666666630E-1));
#555=CARTESIAN_POINT('',(6.66666666666666630E-1,7.91666666666666630E-1));
#556=CARTESIAN_POINT('',(3.33333333333333315E-1,1.00000000000000000E0));
#557=CARTESIAN_POINT('',(0.00000000000000000E0,1.00000000000000000E0));
#558=B_SPLINE_CURVE_WITH_KNOTS('',3,(#554,#555,#556,#557),.UNSPECIFIED.,.F.,.F.,(4,4),(0.00000000000000000E0,1.00000000000000000E0),.UNSPECIFIED.);
#559=DEFINITIONAL_REPRESENTATION('',(#558),#495);
#560=PCURVE('',#97,#559);
#561=CARTESIAN_POINT('',(0.00000000000000000E0,1.00000000000000000E0));
#562=CARTESIAN_POINT('',(0.00000000000000000E0,0.00000000000000000E0));
#563=B_SPLINE_CURVE_WITH_KNOTS('',1,(#561,#562),.UNSPECIFIED.,.F.,.F.,(2,2),(0.00000000000000000E0,1.00000000000000000E0),.UNSPECIFIED.);
#564=DEFINITIONAL_REPRESENTATION('',(#563),#495);
#565=PCURVE('',#97,#564);
#566=CARTESIAN_POINT('',(1.00000000000000000E0,0.00000000000000000E0));
#567=CARTESIAN_POINT('',(1.00000000000000000E0,1.00000000000000000E0));
#568=B_SPLINE_CURVE_WITH_KNOTS('',1,(#566,#567),.UNSPECIFIED.,.F.,.F.,(2,2),(0.00000000000000000E0,1.00000000000000000E0),.UNSPECIFIED.);
#569=DEFINITIONAL_REPRESENTATION('',(#568),#495);
#570=PCURVE('',#110,#569);
#571=CARTESIAN_POINT('',(1.00000000000000000E0,1.00000000000000000E0));
#572=CARTESIAN_POINT('',(6.66666666666666741E-1,1.00000000000000000E0));
#573=CARTESIAN_POINT('',(3.33333333333333370E-1,1.00000000000000000E0));
#574=CARTESIAN_POINT('',(0.00000000000000000E0,1.00000000000000000E0));
#575=B_SPLINE_CURVE_WITH_KNOTS('',3,(#571,#572,#573,#574),.UNSPECIFIED.,.F.,.F.,(4,4),(0.00000000000000000E0,1.00000000000000000E0),.UNSPECIFIED.);
#576=DEFINITIONAL_REPRESENTATION('',(#575),#495);
#577=PCURVE('',#110,#576);
#578=CARTESIAN_POINT('',(0.00000000000000000E0,1.00000000000000000E0));
#579=CARTESIAN_POINT('',(0.00000000000000000E0,0.00000000000000000E0));
#580=B_SPLINE_CURVE_WITH_KNOTS('',1,(#578,#579),.UNSPECIFIED.,.F.,.F.,(2,2),(0.00000000000000000E0,1.00000000000000000E0),.UNSPECIFIED.);
#581=DEFINITIONAL_REPRESENTATION('',(#580),#495);
#582=PCURVE('',#110,#581);
#583=CARTESIAN_POINT('',(0.00000000000000000E0,0.00000000000000000E0));
#584=CARTESIAN_POINT('',(1.00000000000000000E0,0.00000000000000000E0));
#585=B_SPLINE_CURVE_WITH_KNOTS('',1,(#583,#584),.UNSPECIFIED.,.F.,.F.,(2,2),(0.00000000000000000E0,1.00000000000000000E0),.UNSPECIFIED.);
#586=DEFINITIONAL_REPRESENTATION('',(#585),#495);
#587=PCURVE('',#110,#586);
#588=CARTESIAN_POINT('',(0.00000000000000000E0,5.00000000000000000E-1));
#589=CARTESIAN_POINT('',(3.75000000000000000E-1,5.00000000000000000E-1));
#590=B_SPLINE_CURVE_WITH_KNOTS('',1,(#588,#589),.UNSPECIFIED.,.F.,.F.,(2,2),(0.00000000000000000E0,1.00000000000000000E0),.UNSPECIFIED.);
#591=DEFINITIONAL_REPRESENTATION('',(#590),#495);
#592=PCURVE('',#115,#591);
#593=CARTESIAN_POINT('',(3.75000000000000000E-1,5.00000000000000000E-1));
#594=CARTESIAN_POINT('',(3.75000000000000000E-1,5.06548719692921368E-1));
#595=CARTESIAN_POINT('',(3.75428124771448046E-1,5.13091904314057934E-1));
#596=CARTESIAN_POINT('',(3.76284374314344250E-1,5.19595765301030355E-1));
#597=CARTESIAN_POINT('',(3.77564338336300542E-1,5.26026803157294554E-1));
#598=CARTESIAN_POINT('',(3.79259271713866530E-1,5.32352380637815092E-1));
#599=(BOUNDED_CURVE()B_SPLINE_CURVE(5,(#593,#594,#595,#596,#597,#598),.UNSPECIFIED.,.F.,.F.)B_SPLINE_CURVE_WITH_KNOTS((6,6),(0.00000000000000000E0,1.00000000000000000E0),.UNSPECIFIED.)CURVE()GEOMETRIC_REPRESENTATION_ITEM()RATIONAL_B_SPLINE_CURVE((1.00000000000000000E0,9.96577944549524197E-1,9.94866916824286185E-1,9.94866916824286074E-1,9.96577944549524197E-1,1.00000000000000000E0))REPRESENTATION_ITEM(''));
#600=DEFINITIONAL_REPRESENTATION('',(#599),#495);
#601=PCURVE('',#115,#600);
#602=CARTESIAN_POINT('',(3.79259271713866530E-1,5.32352380637815092E-1));
#603=CARTESIAN_POINT('',(1.70370868554658994E-2,6.29409522551260370E-1));
#604=B_SPLINE_CURVE_WITH_KNOTS('',1,(#602,#603),.UNSPECIFIED.,.F.,.F.,(2,2),(0.00000000000000000E0,1.00000000000000000E0),.UNSPECIFIED.);
#605=DEFINITIONAL_REPRESENTATION('',(#604),#495);
#606=PCURVE('',#115,#605);
#607=CARTESIAN_POINT('',(1.70370868554658994E-2,6.29409522551260370E-1));
#608=CARTESIAN_POINT('',(1.02573533452019472E-2,6.04107212629177992E-1));
#609=CARTESIAN_POINT('',(5.13749725737677743E-3,5.78383061204121418E-1));
#610=CARTESIAN_POINT('',(1.71249908579229615E-3,5.52367617256231624E-1));
#611=CARTESIAN_POINT('',(0.00000000000000000E0,5.26194878771685581E-1));
#612=CARTESIAN_POINT('',(0.00000000000000000E0,5.00000000000000000E-1));
#613=(BOUNDED_CURVE()B_SPLINE_CURVE(5,(#607,#608,#609,#610,#611,#612),.UNSPECIFIED.,.F.,.F.)B_SPLINE_CURVE_WITH_KNOTS((6,6),(0.00000000000000000E0,1.00000000000000000E0),.UNSPECIFIED.)CURVE()GEOMETRIC_REPRESENTATION_ITEM()RATIONAL_B_SPLINE_CURVE((1.00000000000000000E0,9.96577944549524197E-1,9.94866916824286074E-1,9.94866916824286185E-1,9.96577944549524197E-1,1.00000000000000000E0))REPRESENTATION_ITEM(''));
#614=DEFINITIONAL_REPRESENTATION('',(#613),#495);
#615=PCURVE('',#115,#614);
#616=CARTESIAN_POINT('',(1.00000000000000000E0,0.00000000000000000E0));
#617=CARTESIAN_POINT('',(1.00000000000000000E0,1.00000000000000000E0));
#618=B_SPLINE_CURVE_WITH_KNOTS('',1,(#616,#617),.UNSPECIFIED.,.F.,.F.,(2,2),(0.00000000000000000E0,1.00000000000000000E0),.UNSPECIFIED.);
#619=DEFINITIONAL_REPRESENTATION('',(#618),#495);
#620=PCURVE('',#125,#619);
#621=CARTESIAN_POINT('',(1.00000000000000000E0,1.00000000000000000E0));
#622=CARTESIAN_POINT('',(0.00000000000000000E0,1.00000000000000000E0));
#623=B_SPLINE_CURVE_WITH_KNOTS('',1,(#621,#622),.UNSPECIFIED.,.F.,.F.,(2,2),(0.00000000000000000E0,1.00000000000000000E0),.UNSPECIFIED.);
#624=DEFINITIONAL_REPRESENTATION('',(#623),#495);
#625=PCURVE('',#125,#624);
#626=CARTESIAN_POINT('',(0.00000000000000000E0,1.00000000000000000E0));
#627=CARTESIAN_POINT('',(0.00000000000000000E0,0.00000000000000000E0));
#628=B_SPLINE_CURVE_WITH_KNOTS('',1,(#626,#627),.UNSPECIFIED.,.F.,.F.,(2,2),(0.00000000000000000E0,1.00000000000000000E0),.UNSPECIFIED.);
#629=DEFINITIONAL_REPRESENTATION('',(#628),#495);
#630=PCURVE('',#125,#629);
#631=CARTESIAN_POINT('',(0.00000000000000000E0,0.00000000000000000E0));
#632=CARTESIAN_POINT('',(1.00000000000000000E0,0.00000000000000000E0));
#633=B_SPLINE_CURVE_WITH_KNOTS('',1,(#631,#632),.UNSPECIFIED.,.F.,.F.,(2,2),(0.00000000000000000E0,1.00000000000000000E0),.UNSPECIFIED.);
#634=DEFINITIONAL_REPRESENTATION('',(#633),#495);
#635=PCURVE('',#125,#634);
#636=CARTESIAN_POINT('',(9.52777731073000789E-1,6.21321427391806624E-1));
#637=CARTESIAN_POINT('',(9.20269752578775191E-1,7.42642854783613138E-1));
#638=CARTESIAN_POINT('',(8.31456303681194164E-1,8.31456303681194164E-1));
#639=(BOUNDED_CURVE()B_SPLINE_CURVE(2,(#636,#637,#638),.UNSPECIFIED.,.F.,.F.)B_SPLINE_CURVE_WITH_KNOTS((3,3),(0.00000000000000000E0,1.00000000000000000E0),.UNSPECIFIED.)CURVE()GEOMETRIC_REPRESENTATION_ITEM()RATIONAL_B_SPLINE_CURVE((1.00000000000000000E0,9.65925826289068312E-1,1.00000000000000000E0))REPRESENTATION_ITEM(''));
#640=DEFINITIONAL_REPRESENTATION('',(#639),#495);
#641=PCURVE('',#84,#640);
#642=CARTESIAN_POINT('',(8.31456303681194164E-1,8.31456303681194164E-1));
#643=CARTESIAN_POINT('',(5.88388347648318488E-1,5.88388347648318488E-1));
#644=B_SPLINE_CURVE_WITH_KNOTS('',1,(#642,#643),.UNSPECIFIED.,.F.,.F.,(2,2),(0.00000000000000000E0,1.00000000000000000E0),.UNSPECIFIED.);
#645=DEFINITIONAL_REPRESENTATION('',(#644),#495);
#646=PCURVE('',#84,#645);
#647=CARTESIAN_POINT('',(5.88388347648318488E-1,5.88388347648318488E-1));
#648=CARTESIAN_POINT('',(6.12071934021006792E-1,5.64704761275630185E-1));
#649=CARTESIAN_POINT('',(6.20740728286133470E-1,5.32352380637815092E-1));
#650=(BOUNDED_CURVE()B_SPLINE_CURVE(2,(#647,#648,#649),.UNSPECIFIED.,.F.,.F.)B_SPLINE_CURVE_WITH_KNOTS((3,3),(0.00000000000000000E0,1.00000000000000000E0),.UNSPECIFIED.)CURVE()GEOMETRIC_REPRESENTATION_ITEM()RATIONAL_B_SPLINE_CURVE((1.00000000000000000E0,9.65925826289068312E-1,1.00000000000000000E0))REPRESENTATION_ITEM(''));
#651=DEFINITIONAL_REPRESENTATION('',(#650),#495);
#652=PCURVE('',#84,#651);
#653=CARTESIAN_POINT('',(6.20740728286133470E-1,5.32352380637815092E-1));
#654=CARTESIAN_POINT('',(9.52777731073000789E-1,6.21321427391806624E-1));
#655=B_SPLINE_CURVE_WITH_KNOTS('',1,(#653,#654),.UNSPECIFIED.,.F.,.F.,(2,2),(0.00000000000000000E0,1.00000000000000000E0),.UNSPECIFIED.);
#656=DEFINITIONAL_REPRESENTATION('',(#655),#495);
#657=PCURVE('',#84,#656);
#658=CARTESIAN_POINT('',(0.00000000000000000E0,0.00000000000000000E0));
#659=CARTESIAN_POINT('',(1.00000000000000000E0,0.00000000000000000E0));
#660=B_SPLINE_CURVE_WITH_KNOTS('',1,(#658,#659),.UNSPECIFIED.,.F.,.F.,(2,2),(0.00000000000000000E0,1.00000000000000000E0),.UNSPECIFIED.);
#661=DEFINITIONAL_REPRESENTATION('',(#660),#495);
#662=PCURVE('',#132,#661);
#663=CARTESIAN_POINT('',(1.00000000000000000E0,0.00000000000000000E0));
#664=CARTESIAN_POINT('',(1.00000000000000000E0,7.91666666666666630E-1));
#665=B_SPLINE_CURVE_WITH_KNOTS('',1,(#663,#664),.UNSPECIFIED.,.F.,.F.,(2,2),(0.00000000000000000E0,1.00000000000000000E0),.UNSPECIFIED.);
#666=DEFINITIONAL_REPRESENTATION('',(#665),#495);
#667=PCURVE('',#132,#666);
#668=CARTESIAN_POINT('',(1.00000000000000000E0,7.91666666666666630E-1));
#669=CARTESIAN_POINT('',(6.66666666666666630E-1,7.91666666666666630E-1));
#670=CARTESIAN_POINT('',(3.33333333333333315E-1,7.91666666666666630E-1));
#671=CARTESIAN_POINT('',(0.00000000000000000E0,7.91666666666666630E-1));
#672=B_SPLINE_CURVE_WITH_KNOTS('',3,(#668,#669,#670,#671),.UNSPECIFIED.,.F.,.F.,(4,4),(0.00000000000000000E0,1.00000000000000000E0),.UNSPECIFIED.);
#673=DEFINITIONAL_REPRESENTATION('',(#672),#495);
#674=PCURVE('',#132,#673);
#675=CARTESIAN_POINT('',(0.00000000000000000E0,7.91666666666666630E-1));
#676=CARTESIAN_POINT('',(0.00000000000000000E0,0.00000000000000000E0));
#677=B_SPLINE_CURVE_WITH_KNOTS('',1,(#675,#676),.UNSPECIFIED.,.F.,.F.,(2,2),(0.00000000000000000E0,1.00000000000000000E0),.UNSPECIFIED.);
#678=DEFINITIONAL_REPRESENTATION('',(#677),#495);
#679=PCURVE('',#132,#678);
#680=CARTESIAN_POINT('',(1.00000000000000000E0,0.00000000000000000E0));
#681=CARTESIAN_POINT('',(1.00000000000000000E0,1.00000000000000000E0));
#682=B_SPLINE_CURVE_WITH_KNOTS('',1,(#680,#681),.UNSPECIFIED.,.F.,.F.,(2,2),(0.00000000000000000E0,1.00000000000000000E0),.UNSPECIFIED.);
#683=DEFINITIONAL_REPRESENTATION('',(#682),#495);
#684=PCURVE('',#139,#683);
#685=CARTESIAN_POINT('',(1.00000000000000000E0,1.00000000000000000E0));
#686=CARTESIAN_POINT('',(6.66666666666666741E-1,1.00000000000000000E0));
#687=CARTESIAN_POINT('',(3.33333333333333370E-1,1.00000000000000000E0));
#688=CARTESIAN_POINT('',(0.00000000000000000E0,1.00000000000000000E0));
#689=B_SPLINE_CURVE_WITH_KNOTS('',3,(#685,#686,#687,#688),.UNSPECIFIED.,.F.,.F.,(4,4),(0.00000000000000000E0,1.00000000000000000E0),.UNSPECIFIED.);
#690=DEFINITIONAL_REPRESENTATION('',(#689),#495);
#691=PCURVE('',#139,#690);
#692=CARTESIAN_POINT('',(0.00000000000000000E0,1.00000000000000000E0));
#693=CARTESIAN_POINT('',(0.00000000000000000E0,0.00000000000000000E0));
#694=B_SPLINE_CURVE_WITH_KNOTS('',1,(#692,#693),.UNSPECIFIED.,.F.,.F.,(2,2),(0.00000000000000000E0,1.00000000000000000E0),.UNSPECIFIED.);
#695=DEFINITIONAL_REPRESENTATION('',(#694),#495);
#696=PCURVE('',#139,#695);
#697=CARTESIAN_POINT('',(0.00000000000000000E0,0.00000000000000000E0));
#698=CARTESIAN_POINT('',(1.00000000000000000E0,0.00000000000000000E0));
#699=B_SPLINE_CURVE_WITH_KNOTS('',1,(#697,#698),.UNSPECIFIED.,.F.,.F.,(2,2),(0.00000000000000000E0,1.00000000000000000E0),.UNSPECIFIED.);
#700=DEFINITIONAL_REPRESENTATION('',(#699),#495);
#701=PCURVE('',#139,#700);
#702=CARTESIAN_POINT('',(1.70370868554658994E-2,6.29409522551260370E-1));
#703=CARTESIAN_POINT('',(3.79259271713866530E-1,5.32352380637815092E-1));
#704=B_SPLINE_CURVE_WITH_KNOTS('',1,(#702,#703),.UNSPECIFIED.,.F.,.F.,(2,2),(0.00000000000000000E0,1.00000000000000000E0),.UNSPECIFIED.);
#705=DEFINITIONAL_REPRESENTATION('',(#704),#495);
#706=PCURVE('',#115,#705);
#707=CARTESIAN_POINT('',(3.79259271713866530E-1,5.32352380637815092E-1));
#708=CARTESIAN_POINT('',(3.87928065978993208E-1,5.64704761275630185E-1));
#709=CARTESIAN_POINT('',(4.11611652351681512E-1,5.88388347648318488E-1));
#710=(BOUNDED_CURVE()B_SPLINE_CURVE(2,(#707,#708,#709),.UNSPECIFIED.,.F.,.F.)B_SPLINE_CURVE_WITH_KNOTS((3,3),(0.00000000000000000E0,1.00000000000000000E0),.UNSPECIFIED.)CURVE()GEOMETRIC_REPRESENTATION_ITEM()RATIONAL_B_SPLINE_CURVE((1.00000000000000000E0,9.65925826289068312E-1,1.00000000000000000E0))REPRESENTATION_ITEM(''));
#711=DEFINITIONAL_REPRESENTATION('',(#710),#495);
#712=PCURVE('',#115,#711);
#713=CARTESIAN_POINT('',(4.11611652351681512E-1,5.88388347648318488E-1));
#714=CARTESIAN_POINT('',(1.46446609406726269E-1,8.53553390593273731E-1));
#715=B_SPLINE_CURVE_WITH_KNOTS('',1,(#713,#714),.UNSPECIFIED.,.F.,.F.,(2,2),(0.00000000000000000E0,1.00000000000000000E0),.UNSPECIFIED.);
#716=DEFINITIONAL_REPRESENTATION('',(#715),#495);
#717=PCURVE('',#115,#716);
#718=CARTESIAN_POINT('',(1.46446609406726269E-1,8.53553390593273731E-1));
#719=CARTESIAN_POINT('',(5.17122639159731667E-2,7.58819045102520739E-1));
#720=CARTESIAN_POINT('',(1.70370868554658994E-2,6.29409522551260370E-1));
#721=(BOUNDED_CURVE()B_SPLINE_CURVE(2,(#718,#719,#720),.UNSPECIFIED.,.F.,.F.)B_SPLINE_CURVE_WITH_KNOTS((3,3),(0.00000000000000000E0,1.00000000000000000E0),.UNSPECIFIED.)CURVE()GEOMETRIC_REPRESENTATION_ITEM()RATIONAL_B_SPLINE_CURVE((1.00000000000000000E0,9.65925826289068312E-1,1.00000000000000000E0))REPRESENTATION_ITEM(''));
#722=DEFINITIONAL_REPRESENTATION('',(#721),#495);
#723=PCURVE('',#115,#722);
#724=CARTESIAN_POINT('',(1.00000000000000000E0,0.00000000000000000E0));
#725=CARTESIAN_POINT('',(1.00000000000000000E0,1.00000000000000000E0));
#726=B_SPLINE_CURVE_WITH_KNOTS('',1,(#724,#725),.UNSPECIFIED.,.F.,.F.,(2,2),(0.00000000000000000E0,1.00000000000000000E0),.UNSPECIFIED.);
#727=DEFINITIONAL_REPRESENTATION('',(#726),#495);
#728=PCURVE('',#158,#727);
#729=CARTESIAN_POINT('',(1.00000000000000000E0,1.00000000000000000E0));
#730=CARTESIAN_POINT('',(0.00000000000000000E0,1.00000000000000000E0));
#731=B_SPLINE_CURVE_WITH_KNOTS('',1,(#729,#730),.UNSPECIFIED.,.F.,.F.,(2,2),(0.00000000000000000E0,1.00000000000000000E0),.UNSPECIFIED.);
#732=DEFINITIONAL_REPRESENTATION('',(#731),#495);
#733=PCURVE('',#158,#732);
#734=CARTESIAN_POINT('',(0.00000000000000000E0,1.00000000000000000E0));
#735=CARTESIAN_POINT('',(0.00000000000000000E0,0.00000000000000000E0));
#736=B_SPLINE_CURVE_WITH_KNOTS('',1,(#734,#735),.UNSPECIFIED.,.F.,.F.,(2,2),(0.00000000000000000E0,1.00000000000000000E0),.UNSPECIFIED.);
#737=DEFINITIONAL_REPRESENTATION('',(#736),#495);
#738=PCURVE('',#158,#737);
#739=CARTESIAN_POINT('',(0.00000000000000000E0,0.00000000000000000E0));
#740=CARTESIAN_POINT('',(1.00000000000000000E0,0.00000000000000000E0));
#741=B_SPLINE_CURVE_WITH_KNOTS('',1,(#739,#740),.UNSPECIFIED.,.F.,.F.,(2,2),(0.00000000000000000E0,1.00000000000000000E0),.UNSPECIFIED.);
#742=DEFINITIONAL_REPRESENTATION('',(#741),#495);
#743=PCURVE('',#158,#742);
#744=CARTESIAN_POINT('',(8.31456303681194164E-1,8.31456303681194164E-1));
#745=CARTESIAN_POINT('',(8.14091388295114404E-1,8.48821219067273924E-1));
#746=CARTESIAN_POINT('',(8.02269242248606851E-1,8.71699549641975269E-1));
#747=CARTESIAN_POINT('',(7.89783751863227912E-1,8.97184946922579885E-1));
#748=CARTESIAN_POINT('',(7.72685430465333445E-1,9.19915262506376452E-1));
#749=CARTESIAN_POINT('',(7.50000000000000000E-1,9.33012701892219298E-1));
#750=(BOUNDED_CURVE()B_SPLINE_CURVE(5,(#744,#745,#746,#747,#748,#749),.UNSPECIFIED.,.F.,.F.)B_SPLINE_CURVE_WITH_KNOTS((6,6),(0.00000000000000000E0,1.00000000000000000E0),.UNSPECIFIED.)CURVE()GEOMETRIC_REPRESENTATION_ITEM()RATIONAL_B_SPLINE_CURVE((1.00000000000000000E0,9.96577944549524197E-1,9.94866916824286185E-1,9.94866916824286074E-1,9.96577944549524197E-1,1.00000000000000000E0))REPRESENTATION_ITEM(''));
#751=DEFINITIONAL_REPRESENTATION('',(#750),#495);
#752=PCURVE('',#84,#751);
#753=CARTESIAN_POINT('',(7.50000000000000000E-1,9.33012701892219298E-1));
#754=CARTESIAN_POINT('',(5.62500000000000000E-1,6.08253175473054797E-1));
#755=B_SPLINE_CURVE_WITH_KNOTS('',1,(#753,#754),.UNSPECIFIED.,.F.,.F.,(2,2),(0.00000000000000000E0,1.00000000000000000E0),.UNSPECIFIED.);
#756=DEFINITIONAL_REPRESENTATION('',(#755),#495);
#757=PCURVE('',#84,#756);
#758=CARTESIAN_POINT('',(5.62500000000000000E-1,6.08253175473054797E-1));
#759=CARTESIAN_POINT('',(5.68171357616333306E-1,6.04978815626594058E-1));
#760=CARTESIAN_POINT('',(5.73623859334165265E-1,6.01336456387962515E-1));
#761=CARTESIAN_POINT('',(5.78828243400117737E-1,5.97342992038349285E-1));
#762=CARTESIAN_POINT('',(5.83757703545363826E-1,5.93018991751273039E-1));
#763=CARTESIAN_POINT('',(5.88388347648318488E-1,5.88388347648318488E-1));
#764=(BOUNDED_CURVE()B_SPLINE_CURVE(5,(#758,#759,#760,#761,#762,#763),.UNSPECIFIED.,.F.,.F.)B_SPLINE_CURVE_WITH_KNOTS((6,6),(0.00000000000000000E0,1.00000000000000000E0),.UNSPECIFIED.)CURVE()GEOMETRIC_REPRESENTATION_ITEM()RATIONAL_B_SPLINE_CURVE((1.00000000000000000E0,9.96577944549524197E-1,9.94866916824286074E-1,9.94866916824286185E-1,9.96577944549524197E-1,1.00000000000000000E0))REPRESENTATION_ITEM(''));
#765=DEFINITIONAL_REPRESENTATION('',(#764),#495);
#766=PCURVE('',#84,#765);
#767=CARTESIAN_POINT('',(5.88388347648318488E-1,5.88388347648318488E-1));
#768=CARTESIAN_POINT('',(8.31456303681194164E-1,8.31456303681194164E-1));
#769=B_SPLINE_CURVE_WITH_KNOTS('',1,(#767,#768),.UNSPECIFIED.,.F.,.F.,(2,2),(0.00000000000000000E0,1.00000000000000000E0),.UNSPECIFIED.);
#770=DEFINITIONAL_REPRESENTATION('',(#769),#495);
#771=PCURVE('',#84,#770);
#772=CARTESIAN_POINT('',(0.00000000000000000E0,0.00000000000000000E0));
#773=CARTESIAN_POINT('',(1.00000000000000000E0,0.00000000000000000E0));
#774=B_SPLINE_CURVE_WITH_KNOTS('',1,(#772,#773),.UNSPECIFIED.,.F.,.F.,(2,2),(0.00000000000000000E0,1.00000000000000000E0),.UNSPECIFIED.);
#775=DEFINITIONAL_REPRESENTATION('',(#774),#495);
#776=PCURVE('',#171,#775);
#777=CARTESIAN_POINT('',(1.00000000000000000E0,0.00000000000000000E0));
#778=CARTESIAN_POINT('',(1.00000000000000000E0,1.00000000000000000E0));
#779=B_SPLINE_CURVE_WITH_KNOTS('',1,(#777,#778),.UNSPECIFIED.,.F.,.F.,(2,2),(0.00000000000000000E0,1.00000000000000000E0),.UNSPECIFIED.);
#780=DEFINITIONAL_REPRESENTATION('',(#779),#495);
#781=PCURVE('',#171,#780);
#782=CARTESIAN_POINT('',(1.00000000000000000E0,1.00000000000000000E0));
#783=CARTESIAN_POINT('',(6.66666666666666630E-1,1.00000000000000000E0));
#784=CARTESIAN_POINT('',(3.33333333333333315E-1,7.91666666666666630E-1));
#785=CARTESIAN_POINT('',(0.00000000000000000E0,7.91666666666666630E-1));
#786=B_SPLINE_CURVE_WITH_KNOTS('',3,(#782,#783,#784,#785),.UNSPECIFIED.,.F.,.F.,(4,4),(0.00000000000000000E0,1.00000000000000000E0),.UNSPECIFIED.);
#787=DEFINITIONAL_REPRESENTATION('',(#786),#495);
#788=PCURVE('',#171,#787);
#789=CARTESIAN_POINT('',(0.00000000000000000E0,7.91666666666666630E-1));
#790=CARTESIAN_POINT('',(0.00000000000000000E0,0.00000000000000000E0));
#791=B_SPLINE_CURVE_WITH_KNOTS('',1,(#789,#790),.UNSPECIFIED.,.F.,.F.,(2,2),(0.00000000000000000E0,1.00000000000000000E0),.UNSPECIFIED.);
#792=DEFINITIONAL_REPRESENTATION('',(#791),#495);
#793=PCURVE('',#171,#792);
#794=CARTESIAN_POINT('',(1.00000000000000000E0,0.00000000000000000E0));
#795=CARTESIAN_POINT('',(1.00000000000000000E0,1.00000000000000000E0));
#796=B_SPLINE_CURVE_WITH_KNOTS('',1,(#794,#795),.UNSPECIFIED.,.F.,.F.,(2,2),(0.00000000000000000E0,1.00000000000000000E0),.UNSPECIFIED.);
#797=DEFINITIONAL_REPRESENTATION('',(#796),#495);
#798=PCURVE('',#184,#797);
#799=CARTESIAN_POINT('',(1.00000000000000000E0,1.00000000000000000E0));
#800=CARTESIAN_POINT('',(6.66666666666666741E-1,1.00000000000000000E0));
#801=CARTESIAN_POINT('',(3.33333333333333370E-1,1.00000000000000000E0));
#802=CARTESIAN_POINT('',(0.00000000000000000E0,1.00000000000000000E0));
#803=B_SPLINE_CURVE_WITH_KNOTS('',3,(#799,#800,#801,#802),.UNSPECIFIED.,.F.,.F.,(4,4),(0.00000000000000000E0,1.00000000000000000E0),.UNSPECIFIED.);
#804=DEFINITIONAL_REPRESENTATION('',(#803),#495);
#805=PCURVE('',#184,#804);
#806=CARTESIAN_POINT('',(0.00000000000000000E0,1.00000000000000000E0));
#807=CARTESIAN_POINT('',(0.00000000000000000E0,0.00000000000000000E0));
#808=B_SPLINE_CURVE_WITH_KNOTS('',1,(#806,#807),.UNSPECIFIED.,.F.,.F.,(2,2),(0.00000000000000000E0,1.00000000000000000E0),.UNSPECIFIED.);
#809=DEFINITIONAL_REPRESENTATION('',(#808),#495);
#810=PCURVE('',#184,#809);
#811=CARTESIAN_POINT('',(0.00000000000000000E0,0.00000000000000000E0));
#812=CARTESIAN_POINT('',(1.00000000000000000E0,0.00000000000000000E0));
#813=B_SPLINE_CURVE_WITH_KNOTS('',1,(#811,#812),.UNSPECIFIED.,.F.,.F.,(2,2),(0.00000000000000000E0,1.00000000000000000E0),.UNSPECIFIED.);
#814=DEFINITIONAL_REPRESENTATION('',(#813),#495);
#815=PCURVE('',#184,#814);
#816=CARTESIAN_POINT('',(1.46446609406726269E-1,8.53553390593273731E-1));
#817=CARTESIAN_POINT('',(4.11611652351681512E-1,5.88388347648318488E-1));
#818=B_SPLINE_CURVE_WITH_KNOTS('',1,(#816,#817),.UNSPECIFIED.,.F.,.F.,(2,2),(0.00000000000000000E0,1.00000000000000000E0),.UNSPECIFIED.);
#819=DEFINITIONAL_REPRESENTATION('',(#818),#495);
#820=PCURVE('',#115,#819);
#821=CARTESIAN_POINT('',(4.11611652351681512E-1,5.88388347648318488E-1));
#822=CARTESIAN_POINT('',(4.16242296454636174E-1,5.93018991751273039E-1));
#823=CARTESIAN_POINT('',(4.21171756599882263E-1,5.97342992038349285E-1));
#824=CARTESIAN_POINT('',(4.26376140665834735E-1,6.01336456387962515E-1));
#825=CARTESIAN_POINT('',(4.31828642383666694E-1,6.04978815626594058E-1));
#826=CARTESIAN_POINT('',(4.37500000000000000E-1,6.08253175473054797E-1));
#827=(BOUNDED_CURVE()B_SPLINE_CURVE(5,(#821,#822,#823,#824,#825,#826),.UNSPECIFIED.,.F.,.F.)B_SPLINE_CURVE_WITH_KNOTS((6,6),(0.00000000000000000E0,1.00000000000000000E0),.UNSPECIFIED.)CURVE()GEOMETRIC_REPRESENTATION_ITEM()RATIONAL_B_SPLINE_CURVE((1.00000000000000000E0,9.96577944549524197E-1,9.94866916824286185E-1,9.94866916824286074E-1,9.96577944549524197E-1,1.00000000000000000E0))REPRESENTATION_ITEM(''));
#828=DEFINITIONAL_REPRESENTATION('',(#827),#495);
#829=PCURVE('',#115,#828);
#830=CARTESIAN_POINT('',(4.37500000000000000E-1,6.08253175473054797E-1));
#831=CARTESIAN_POINT('',(2.50000000000000000E-1,9.33012701892219298E-1));
#832=B_SPLINE_CURVE_WITH_KNOTS('',1,(#830,#831),.UNSPECIFIED.,.F.,.F.,(2,2),(0.00000000000000000E0,1.00000000000000000E0),.UNSPECIFIED.);
#833=DEFINITIONAL_REPRESENTATION('',(#832),#495);
#834=PCURVE('',#115,#833);
#835=CARTESIAN_POINT('',(2.50000000000000000E-1,9.33012701892219298E-1));
#836=CARTESIAN_POINT('',(2.27314569534666555E-1,9.19915262506376452E-1));
#837=CARTESIAN_POINT('',(2.05504562663339163E-1,9.05345825551849948E-1));
#838=CARTESIAN_POINT('',(1.84687026399528831E-1,8.89371968153397363E-1));
#839=CARTESIAN_POINT('',(1.64969185818544695E-1,8.72075967005092045E-1));
#840=CARTESIAN_POINT('',(1.46446609406726269E-1,8.53553390593273731E-1));
#841=(BOUNDED_CURVE()B_SPLINE_CURVE(5,(#835,#836,#837,#838,#839,#840),.UNSPECIFIED.,.F.,.F.)B_SPLINE_CURVE_WITH_KNOTS((6,6),(0.00000000000000000E0,1.00000000000000000E0),.UNSPECIFIED.)CURVE()GEOMETRIC_REPRESENTATION_ITEM()RATIONAL_B_SPLINE_CURVE((1.00000000000000000E0,9.96577944549524197E-1,9.94866916824286074E-1,9.94866916824286185E-1,9.96577944549524197E-1,1.00000000000000000E0))REPRESENTATION_ITEM(''));
#842=DEFINITIONAL_REPRESENTATION('',(#841),#495);
#843=PCURVE('',#115,#842);
#844=CARTESIAN_POINT('',(7.50000000000000000E-1,9.33012701892219298E-1));
#845=CARTESIAN_POINT('',(4.17737667700411985E-1,1.12484444888695956E0));
#846=CARTESIAN_POINT('',(1.46446609406726269E-1,8.53553390593273731E-1));
#847=(BOUNDED_CURVE()B_SPLINE_CURVE(2,(#844,#845,#846),.UNSPECIFIED.,.F.,.F.)B_SPLINE_CURVE_WITH_KNOTS((3,3),(0.00000000000000000E0,1.00000000000000000E0),.UNSPECIFIED.)CURVE()GEOMETRIC_REPRESENTATION_ITEM()RATIONAL_B_SPLINE_CURVE((1.00000000000000000E0,7.93353340291235165E-1,1.00000000000000000E0))REPRESENTATION_ITEM(''));
#848=DEFINITIONAL_REPRESENTATION('',(#847),#495);
#849=PCURVE('',#84,#848);
#850=CARTESIAN_POINT('',(1.46446609406726269E-1,8.53553390593273731E-1));
#851=CARTESIAN_POINT('',(4.11611652351681567E-1,5.88388347648318488E-1));
#852=B_SPLINE_CURVE_WITH_KNOTS('',1,(#850,#851),.UNSPECIFIED.,.F.,.F.,(2,2),(0.00000000000000000E0,1.00000000000000000E0),.UNSPECIFIED.);
#853=DEFINITIONAL_REPRESENTATION('',(#852),#495);
#854=PCURVE('',#84,#853);
#855=CARTESIAN_POINT('',(4.11611652351681567E-1,5.88388347648318488E-1));
#856=CARTESIAN_POINT('',(4.79434416925102969E-1,6.56211112221739890E-1));
#857=CARTESIAN_POINT('',(5.62500000000000000E-1,6.08253175473054797E-1));
#858=(BOUNDED_CURVE()B_SPLINE_CURVE(2,(#855,#856,#857),.UNSPECIFIED.,.F.,.F.)B_SPLINE_CURVE_WITH_KNOTS((3,3),(0.00000000000000000E0,1.00000000000000000E0),.UNSPECIFIED.)CURVE()GEOMETRIC_REPRESENTATION_ITEM()RATIONAL_B_SPLINE_CURVE((1.00000000000000000E0,7.93353340291235165E-1,1.00000000000000000E0))REPRESENTATION_ITEM(''));
#859=DEFINITIONAL_REPRESENTATION('',(#858),#495);
#860=PCURVE('',#84,#859);
#861=CARTESIAN_POINT('',(5.62500000000000000E-1,6.08253175473054797E-1));
#862=CARTESIAN_POINT('',(7.50000000000000000E-1,9.33012701892219298E-1));
#863=B_SPLINE_CURVE_WITH_KNOTS('',1,(#861,#862),.UNSPECIFIED.,.F.,.F.,(2,2),(0.00000000000000000E0,1.00000000000000000E0),.UNSPECIFIED.);
#864=DEFINITIONAL_REPRESENTATION('',(#863),#495);
#865=PCURVE('',#84,#864);
#866=CARTESIAN_POINT('',(0.00000000000000000E0,0.00000000000000000E0));
#867=CARTESIAN_POINT('',(1.00000000000000000E0,0.00000000000000000E0));
#868=B_SPLINE_CURVE_WITH_KNOTS('',1,(#866,#867),.UNSPECIFIED.,.F.,.F.,(2,2),(0.00000000000000000E0,1.00000000000000000E0),.UNSPECIFIED.);
#869=DEFINITIONAL_REPRESENTATION('',(#868),#495);
#870=PCURVE('',#191,#869);
#871=CARTESIAN_POINT('',(1.00000000000000000E0,0.00000000000000000E0));
#872=CARTESIAN_POINT('',(1.00000000000000000E0,1.00000000000000000E0));
#873=B_SPLINE_CURVE_WITH_KNOTS('',1,(#871,#872),.UNSPECIFIED.,.F.,.F.,(2,2),(0.00000000000000000E0,1.00000000000000000E0),.UNSPECIFIED.);
#874=DEFINITIONAL_REPRESENTATION('',(#873),#495);
#875=PCURVE('',#191,#874);
#876=CARTESIAN_POINT('',(1.00000000000000000E0,1.00000000000000000E0));
#877=CARTESIAN_POINT('',(6.66666666666666630E-1,1.00000000000000000E0));
#878=CARTESIAN_POINT('',(3.33333333333333315E-1,1.00000000000000000E0));
#879=CARTESIAN_POINT('',(0.00000000000000000E0,1.00000000000000000E0));
#880=B_SPLINE_CURVE_WITH_KNOTS('',3,(#876,#877,#878,#879),.UNSPECIFIED.,.F.,.F.,(4,4),(0.00000000000000000E0,1.00000000000000000E0),.UNSPECIFIED.);
#881=DEFINITIONAL_REPRESENTATION('',(#880),#495);
#882=PCURVE('',#191,#881);
#883=CARTESIAN_POINT('',(0.00000000000000000E0,1.00000000000000000E0));
#884=CARTESIAN_POINT('',(0.00000000000000000E0,0.00000000000000000E0));
#885=B_SPLINE_CURVE_WITH_KNOTS('',1,(#883,#884),.UNSPECIFIED.,.F.,.F.,(2,2),(0.00000000000000000E0,1.00000000000000000E0),.UNSPECIFIED.);
#886=DEFINITIONAL_REPRESENTATION('',(#885),#495);
#887=PCURVE('',#191,#886);
#888=CARTESIAN_POINT('',(1.00000000000000000E0,0.00000000000000000E0));
#889=CARTESIAN_POINT('',(1.00000000000000000E0,1.00000000000000000E0));
#890=B_SPLINE_CURVE_WITH_KNOTS('',1,(#888,#889),.UNSPECIFIED.,.F.,.F.,(2,2),(0.00000000000000000E0,1.00000000000000000E0),.UNSPECIFIED.);
#891=DEFINITIONAL_REPRESENTATION('',(#890),#495);
#892=PCURVE('',#198,#891);
#893=CARTESIAN_POINT('',(1.00000000000000000E0,1.00000000000000000E0));
#894=CARTESIAN_POINT('',(6.66666666666666741E-1,1.00000000000000000E0));
#895=CARTESIAN_POINT('',(3.33333333333333370E-1,1.00000000000000000E0));
#896=CARTESIAN_POINT('',(0.00000000000000000E0,1.00000000000000000E0));
#897=B_SPLINE_CURVE_WITH_KNOTS('',3,(#893,#894,#895,#896),.UNSPECIFIED.,.F.,.F.,(4,4),(0.00000000000000000E0,1.00000000000000000E0),.UNSPECIFIED.);
#898=DEFINITIONAL_REPRESENTATION('',(#897),#495);
#899=PCURVE('',#198,#898);
#900=CARTESIAN_POINT('',(0.00000000000000000E0,1.00000000000000000E0));
#901=CARTESIAN_POINT('',(0.00000000000000000E0,0.00000000000000000E0));
#902=B_SPLINE_CURVE_WITH_KNOTS('',1,(#900,#901),.UNSPECIFIED.,.F.,.F.,(2,2),(0.00000000000000000E0,1.00000000000000000E0),.UNSPECIFIED.);
#903=DEFINITIONAL_REPRESENTATION('',(#902),#495);
#904=PCURVE('',#198,#903);
#905=CARTESIAN_POINT('',(0.00000000000000000E0,0.00000000000000000E0));
#906=CARTESIAN_POINT('',(1.00000000000000000E0,0.00000000000000000E0));
#907=B_SPLINE_CURVE_WITH_KNOTS('',1,(#905,#906),.UNSPECIFIED.,.F.,.F.,(2,2),(0.00000000000000000E0,1.00000000000000000E0),.UNSPECIFIED.);
#908=DEFINITIONAL_REPRESENTATION('',(#907),#495);
#909=PCURVE('',#198,#908);
#910=CARTESIAN_POINT('',(2.50000000000000000E-1,9.33012701892219298E-1));
#911=CARTESIAN_POINT('',(4.37500000000000000E-1,6.08253175473054797E-1));
#912=B_SPLINE_CURVE_WITH_KNOTS('',1,(#910,#911),.UNSPECIFIED.,.F.,.F.,(2,2),(0.00000000000000000E0,1.00000000000000000E0),.UNSPECIFIED.);
#913=DEFINITIONAL_REPRESENTATION('',(#912),#495);
#914=PCURVE('',#115,#913);
#915=CARTESIAN_POINT('',(4.37500000000000000E-1,6.08253175473054797E-1));
#916=CARTESIAN_POINT('',(5.20565583074896976E-1,6.56211112221739890E-1));
#917=CARTESIAN_POINT('',(5.88388347648318488E-1,5.88388347648318488E-1));
#918=(BOUNDED_CURVE()B_SPLINE_CURVE(2,(#915,#916,#917),.UNSPECIFIED.,.F.,.F.)B_SPLINE_CURVE_WITH_KNOTS((3,3),(0.00000000000000000E0,1.00000000000000000E0),.UNSPECIFIED.)CURVE()GEOMETRIC_REPRESENTATION_ITEM()RATIONAL_B_SPLINE_CURVE((1.00000000000000000E0,7.93353340291235165E-1,1.00000000000000000E0))REPRESENTATION_ITEM(''));
#919=DEFINITIONAL_REPRESENTATION('',(#918),#495);
#920=PCURVE('',#115,#919);
#921=CARTESIAN_POINT('',(5.88388347648318488E-1,5.88388347648318488E-1));
#922=CARTESIAN_POINT('',(8.53553390593273731E-1,8.53553390593273731E-1));
#923=B_SPLINE_CURVE_WITH_KNOTS('',1,(#921,#922),.UNSPECIFIED.,.F.,.F.,(2,2),(0.00000000000000000E0,1.00000000000000000E0),.UNSPECIFIED.);
#924=DEFINITIONAL_REPRESENTATION('',(#923),#495);
#925=PCURVE('',#115,#924);
#926=CARTESIAN_POINT('',(8.53553390593273731E-1,8.53553390593273731E-1));
#927=CARTESIAN_POINT('',(5.82262332299588015E-1,1.12484444888695956E0));
#928=CARTESIAN_POINT('',(2.50000000000000000E-1,9.33012701892219298E-1));
#929=(BOUNDED_CURVE()B_SPLINE_CURVE(2,(#926,#927,#928),.UNSPECIFIED.,.F.,.F.)B_SPLINE_CURVE_WITH_KNOTS((3,3),(0.00000000000000000E0,1.00000000000000000E0),.UNSPECIFIED.)CURVE()GEOMETRIC_REPRESENTATION_ITEM()RATIONAL_B_SPLINE_CURVE((1.00000000000000000E0,7.93353340291235165E-1,1.00000000000000000E0))REPRESENTATION_ITEM(''));
#930=DEFINITIONAL_REPRESENTATION('',(#929),#495);
#931=PCURVE('',#115,#930);
#932=CARTESIAN_POINT('',(1.46446609406726269E-1,8.53553390593273731E-1));
#933=CARTESIAN_POINT('',(-1.24844448886959378E-1,5.82262332299588126E-1));
#934=CARTESIAN_POINT('',(6.69872981077807295E-2,2.49999999999999944E-1));
#935=(BOUNDED_CURVE()B_SPLINE_CURVE(2,(#932,#933,#934),.UNSPECIFIED.,.F.,.F.)B_SPLINE_CURVE_WITH_KNOTS((3,3),(0.00000000000000000E0,1.00000000000000000E0),.UNSPECIFIED.)CURVE()GEOMETRIC_REPRESENTATION_ITEM()RATIONAL_B_SPLINE_CURVE((1.00000000000000000E0,7.93353340291235165E-1,1.00000000000000000E0))REPRESENTATION_ITEM(''));
#936=DEFINITIONAL_REPRESENTATION('',(#935),#495);
#937=PCURVE('',#84,#936);
#938=CARTESIAN_POINT('',(6.69872981077807295E-2,2.49999999999999944E-1));
#939=CARTESIAN_POINT('',(3.91746824526945203E-1,4.37500000000000000E-1));
#940=B_SPLINE_CURVE_WITH_KNOTS('',1,(#938,#939),.UNSPECIFIED.,.F.,.F.,(2,2),(0.00000000000000000E0,1.00000000000000000E0),.UNSPECIFIED.);
#941=DEFINITIONAL_REPRESENTATION('',(#940),#495);
#942=PCURVE('',#84,#941);
#943=CARTESIAN_POINT('',(3.91746824526945203E-1,4.37500000000000000E-1));
#944=CARTESIAN_POINT('',(3.43788887778260110E-1,5.20565583074896976E-1));
#945=CARTESIAN_POINT('',(4.11611652351681567E-1,5.88388347648318488E-1));
#946=(BOUNDED_CURVE()B_SPLINE_CURVE(2,(#943,#944,#945),.UNSPECIFIED.,.F.,.F.)B_SPLINE_CURVE_WITH_KNOTS((3,3),(0.00000000000000000E0,1.00000000000000000E0),.UNSPECIFIED.)CURVE()GEOMETRIC_REPRESENTATION_ITEM()RATIONAL_B_SPLINE_CURVE((1.00000000000000000E0,7.93353340291235165E-1,1.00000000000000000E0))REPRESENTATION_ITEM(''));
#947=DEFINITIONAL_REPRESENTATION('',(#946),#495);
#948=PCURVE('',#84,#947);
#949=CARTESIAN_POINT('',(4.11611652351681567E-1,5.88388347648318488E-1));
#950=CARTESIAN_POINT('',(1.46446609406726269E-1,8.53553390593273731E-1));
#951=B_SPLINE_CURVE_WITH_KNOTS('',1,(#949,#950),.UNSPECIFIED.,.F.,.F.,(2,2),(0.00000000000000000E0,1.00000000000000000E0),.UNSPECIFIED.);
#952=DEFINITIONAL_REPRESENTATION('',(#951),#495);
#953=PCURVE('',#84,#952);
#954=CARTESIAN_POINT('',(0.00000000000000000E0,0.00000000000000000E0));
#955=CARTESIAN_POINT('',(1.00000000000000000E0,0.00000000000000000E0));
#956=B_SPLINE_CURVE_WITH_KNOTS('',1,(#954,#955),.UNSPECIFIED.,.F.,.F.,(2,2),(0.00000000000000000E0,1.00000000000000000E0),.UNSPECIFIED.);
#957=DEFINITIONAL_REPRESENTATION('',(#956),#495);
#958=PCURVE('',#205,#957);
#959=CARTESIAN_POINT('',(1.00000000000000000E0,0.00000000000000000E0));
#960=CARTESIAN_POINT('',(1.00000000000000000E0,1.00000000000000000E0));
#961=B_SPLINE_CURVE_WITH_KNOTS('',1,(#959,#960),.UNSPECIFIED.,.F.,.F.,(2,2),(0.00000000000000000E0,1.00000000000000000E0),.UNSPECIFIED.);
#962=DEFINITIONAL_REPRESENTATION('',(#961),#495);
#963=PCURVE('',#205,#962);
#964=CARTESIAN_POINT('',(1.00000000000000000E0,1.00000000000000000E0));
#965=CARTESIAN_POINT('',(6.66666666666666630E-1,1.00000000000000000E0));
#966=CARTESIAN_POINT('',(3.33333333333333315E-1,1.00000000000000000E0));
#967=CARTESIAN_POINT('',(0.00000000000000000E0,1.00000000000000000E0));
#968=B_SPLINE_CURVE_WITH_KNOTS('',3,(#964,#965,#966,#967),.UNSPECIFIED.,.F.,.F.,(4,4),(0.00000000000000000E0,1.00000000000000000E0),.UNSPECIFIED.);
#969=DEFINITIONAL_REPRESENTATION('',(#968),#495);
#970=PCURVE('',#205,#969);
#971=CARTESIAN_POINT('',(0.00000000000000000E0,1.00000000000000000E0));
#972=CARTESIAN_POINT('',(0.00000000000000000E0,0.00000000000000000E0));
#973=B_SPLINE_CURVE_WITH_KNOTS('',1,(#971,#972),.UNSPECIFIED.,.F.,.F.,(2,2),(0.00000000000000000E0,1.00000000000000000E0),.UNSPECIFIED.);
#974=DEFINITIONAL_REPRESENTATION('',(#973),#495);
#975=PCURVE('',#205,#974);
#976=CARTESIAN_POINT('',(1.00000000000000000E0,0.00000000000000000E0));
#977=CARTESIAN_POINT('',(1.00000000000000000E0,1.00000000000000000E0));
#978=B_SPLINE_CURVE_WITH_KNOTS('',1,(#976,#977),.UNSPECIFIED.,.F.,.F.,(2,2),(0.00000000000000000E0,1.00000000000000000E0),.UNSPECIFIED.);
#979=DEFINITIONAL_REPRESENTATION('',(#978),#495);
#980=PCURVE('',#212,#979);
#981=CARTESIAN_POINT('',(1.00000000000000000E0,1.00000000000000000E0));
#982=CARTESIAN_POINT('',(6.66666666666666741E-1,1.00000000000000000E0));
#983=CARTESIAN_POINT('',(3.33333333333333370E-1,1.00000000000000000E0));
#984=CARTESIAN_POINT('',(0.00000000000000000E0,1.00000000000000000E0));
#985=B_SPLINE_CURVE_WITH_KNOTS('',3,(#981,#982,#983,#984),.UNSPECIFIED.,.F.,.F.,(4,4),(0.00000000000000000E0,1.00000000000000000E0),.UNSPECIFIED.);
#986=DEFINITIONAL_REPRESENTATION('',(#985),#495);
#987=PCURVE('',#212,#986);
#988=CARTESIAN_POINT('',(0.00000000000000000E0,1.00000000000000000E0));
#989=CARTESIAN_POINT('',(0.00000000000000000E0,0.00000000000000000E0));
#990=B_SPLINE_CURVE_WITH_KNOTS('',1,(#988,#989),.UNSPECIFIED.,.F.,.F.,(2,2),(0.00000000000000000E0,1.00000000000000000E0),.UNSPECIFIED.);
#991=DEFINITIONAL_REPRESENTATION('',(#990),#495);
#992=PCURVE('',#212,#991);
#993=CARTESIAN_POINT('',(0.00000000000000000E0,0.00000000000000000E0));
#994=CARTESIAN_POINT('',(1.00000000000000000E0,0.00000000000000000E0));
#995=B_SPLINE_CURVE_WITH_KNOTS('',1,(#993,#994),.UNSPECIFIED.,.F.,.F.,(2,2),(0.00000000000000000E0,1.00000000000000000E0),.UNSPECIFIED.);
#996=DEFINITIONAL_REPRESENTATION('',(#995),#495);
#997=PCURVE('',#212,#996);
#998=CARTESIAN_POINT('',(8.53553390593273731E-1,8.53553390593273731E-1));
#999=CARTESIAN_POINT('',(5.88388347648318488E-1,5.88388347648318488E-1));
#1000=B_SPLINE_CURVE_WITH_KNOTS('',1,(#998,#999),.UNSPECIFIED.,.F.,.F.,(2,2),(0.00000000000000000E0,1.00000000000000000E0),.UNSPECIFIED.);
#1001=DEFINITIONAL_REPRESENTATION('',(#1000),#495);
#1002=PCURVE('',#115,#1001);
#1003=CARTESIAN_POINT('',(5.88388347648318488E-1,5.88388347648318488E-1));
#1004=CARTESIAN_POINT('',(6.56211112221739890E-1,5.20565583074896976E-1));
#1005=CARTESIAN_POINT('',(6.08253175473054797E-1,4.37500000000000000E-1));
#1006=(BOUNDED_CURVE()B_SPLINE_CURVE(2,(#1003,#1004,#1005),.UNSPECIFIED.,.F.,.F.)B_SPLINE_CURVE_WITH_KNOTS((3,3),(0.00000000000000000E0,1.00000000000000000E0),.UNSPECIFIED.)CURVE()GEOMETRIC_REPRESENTATION_ITEM()RATIONAL_B_SPLINE_CURVE((1.00000000000000000E0,7.93353340291235165E-1,1.00000000000000000E0))REPRESENTATION_ITEM(''));
#1007=DEFINITIONAL_REPRESENTATION('',(#1006),#495);
#1008=PCURVE('',#115,#1007);
#1009=CARTESIAN_POINT('',(6.08253175473054797E-1,4.37500000000000000E-1));
#1010=CARTESIAN_POINT('',(9.33012701892219298E-1,2.49999999999999944E-1));
#1011=B_SPLINE_CURVE_WITH_KNOTS('',1,(#1009,#1010),.UNSPECIFIED.,.F.,.F.,(2,2),(0.00000000000000000E0,1.00000000000000000E0),.UNSPECIFIED.);
#1012=DEFINITIONAL_REPRESENTATION('',(#1011),#495);
#1013=PCURVE('',#115,#1012);
#1014=CARTESIAN_POINT('',(9.33012701892219298E-1,2.49999999999999944E-1));
#1015=CARTESIAN_POINT('',(1.12484444888695934E0,5.82262332299588126E-1));
#1016=CARTESIAN_POINT('',(8.53553390593273731E-1,8.53553390593273731E-1));
#1017=(BOUNDED_CURVE()B_SPLINE_CURVE(2,(#1014,#1015,#1016),.UNSPECIFIED.,.F.,.F.)B_SPLINE_CURVE_WITH_KNOTS((3,3),(0.00000000000000000E0,1.00000000000000000E0),.UNSPECIFIED.)CURVE()GEOMETRIC_REPRESENTATION_ITEM()RATIONAL_B_SPLINE_CURVE((1.00000000000000000E0,7.93353340291235165E-1,1.00000000000000000E0))REPRESENTATION_ITEM(''));
#1018=DEFINITIONAL_REPRESENTATION('',(#1017),#495);
#1019=PCURVE('',#115,#1018);
#1020=CARTESIAN_POINT('',(6.69872981077807295E-2,2.49999999999999944E-1));
#1021=CARTESIAN_POINT('',(2.58819045102520906E-1,-8.22623322995881673E-2));
#1022=CARTESIAN_POINT('',(6.29409522551260592E-1,1.70370868554659445E-2));
#1023=(BOUNDED_CURVE()B_SPLINE_CURVE(2,(#1020,#1021,#1022),.UNSPECIFIED.,.F.,.F.)B_SPLINE_CURVE_WITH_KNOTS((3,3),(0.00000000000000000E0,1.00000000000000000E0),.UNSPECIFIED.)CURVE()GEOMETRIC_REPRESENTATION_ITEM()RATIONAL_B_SPLINE_CURVE((1.00000000000000000E0,7.93353340291235165E-1,1.00000000000000000E0))REPRESENTATION_ITEM(''));
#1024=DEFINITIONAL_REPRESENTATION('',(#1023),#495);
#1025=PCURVE('',#84,#1024);
#1026=CARTESIAN_POINT('',(6.29409522551260592E-1,1.70370868554659445E-2));
#1027=CARTESIAN_POINT('',(5.32352380637815203E-1,3.79259271713866475E-1));
#1028=B_SPLINE_CURVE_WITH_KNOTS('',1,(#1026,#1027),.UNSPECIFIED.,.F.,.F.,(2,2),(0.00000000000000000E0,1.00000000000000000E0),.UNSPECIFIED.);
#1029=DEFINITIONAL_REPRESENTATION('',(#1028),#495);
#1030=PCURVE('',#84,#1029);
#1031=CARTESIAN_POINT('',(5.32352380637815203E-1,3.79259271713866475E-1));
#1032=CARTESIAN_POINT('',(4.39704761275630240E-1,3.54434416925102969E-1));
#1033=CARTESIAN_POINT('',(3.91746824526945203E-1,4.37500000000000000E-1));
#1034=(BOUNDED_CURVE()B_SPLINE_CURVE(2,(#1031,#1032,#1033),.UNSPECIFIED.,.F.,.F.)B_SPLINE_CURVE_WITH_KNOTS((3,3),(0.00000000000000000E0,1.00000000000000000E0),.UNSPECIFIED.)CURVE()GEOMETRIC_REPRESENTATION_ITEM()RATIONAL_B_SPLINE_CURVE((1.00000000000000000E0,7.93353340291235165E-1,1.00000000000000000E0))REPRESENTATION_ITEM(''));
#1035=DEFINITIONAL_REPRESENTATION('',(#1034),#495);
#1036=PCURVE('',#84,#1035);
#1037=CARTESIAN_POINT('',(3.91746824526945203E-1,4.37500000000000000E-1));
#1038=CARTESIAN_POINT('',(6.69872981077807295E-2,2.49999999999999944E-1));
#1039=B_SPLINE_CURVE_WITH_KNOTS('',1,(#1037,#1038),.UNSPECIFIED.,.F.,.F.,(2,2),(0.00000000000000000E0,1.00000000000000000E0),.UNSPECIFIED.);
#1040=DEFINITIONAL_REPRESENTATION('',(#1039),#495);
#1041=PCURVE('',#84,#1040);
#1042=CARTESIAN_POINT('',(0.00000000000000000E0,0.00000000000000000E0));
#1043=CARTESIAN_POINT('',(1.00000000000000000E0,0.00000000000000000E0));
#1044=B_SPLINE_CURVE_WITH_KNOTS('',1,(#1042,#1043),.UNSPECIFIED.,.F.,.F.,(2,2),(0.00000000000000000E0,1.00000000000000000E0),.UNSPECIFIED.);
#1045=DEFINITIONAL_REPRESENTATION('',(#1044),#495);
#1046=PCURVE('',#219,#1045);
#1047=CARTESIAN_POINT('',(1.00000000000000000E0,0.00000000000000000E0));
#1048=CARTESIAN_POINT('',(1.00000000000000000E0,1.00000000000000000E0));
#1049=B_SPLINE_CURVE_WITH_KNOTS('',1,(#1047,#1048),.UNSPECIFIED.,.F.,.F.,(2,2),(0.00000000000000000E0,1.00000000000000000E0),.UNSPECIFIED.);
#1050=DEFINITIONAL_REPRESENTATION('',(#1049),#495);
#1051=PCURVE('',#219,#1050);
#1052=CARTESIAN_POINT('',(1.00000000000000000E0,1.00000000000000000E0));
#1053=CARTESIAN_POINT('',(6.66666666666666630E-1,1.00000000000000000E0));
#1054=CARTESIAN_POINT('',(3.33333333333333315E-1,1.00000000000000000E0));
#1055=CARTESIAN_POINT('',(0.00000000000000000E0,1.00000000000000000E0));
#1056=B_SPLINE_CURVE_WITH_KNOTS('',3,(#1052,#1053,#1054,#1055),.UNSPECIFIED.,.F.,.F.,(4,4),(0.00000000000000000E0,1.00000000000000000E0),.UNSPECIFIED.);
#1057=DEFINITIONAL_REPRESENTATION('',(#1056),#495);
#1058=PCURVE('',#219,#1057);
#1059=CARTESIAN_POINT('',(0.00000000000000000E0,1.00000000000000000E0));
#1060=CARTESIAN_POINT('',(0.00000000000000000E0,0.00000000000000000E0));
#1061=B_SPLINE_CURVE_WITH_KNOTS('',1,(#1059,#1060),.UNSPECIFIED.,.F.,.F.,(2,2),(0.00000000000000000E0,1.00000000000000000E0),.UNSPECIFIED.);
#1062=DEFINITIONAL_REPRESENTATION('',(#1061),#495);
#1063=PCURVE('',#219,#1062);
#1064=CARTESIAN_POINT('',(1.00000000000000000E0,0.00000000000000000E0));
#1065=CARTESIAN_POINT('',(1.00000000000000000E0,1.00000000000000000E0));
#1066=B_SPLINE_CURVE_WITH_KNOTS('',1,(#1064,#1065),.UNSPECIFIED.,.F.,.F.,(2,2),(0.00000000000000000E0,1.00000000000000000E0),.UNSPECIFIED.);
#1067=DEFINITIONAL_REPRESENTATION('',(#1066),#495);
#1068=PCURVE('',#226,#1067);
#1069=CARTESIAN_POINT('',(1.00000000000000000E0,1.00000000000000000E0));
#1070=CARTESIAN_POINT('',(6.66666666666666741E-1,1.00000000000000000E0));
#1071=CARTESIAN_POINT('',(3.33333333333333370E-1,1.00000000000000000E0));
#1072=CARTESIAN_POINT('',(0.00000000000000000E0,1.00000000000000000E0));
#1073=B_SPLINE_CURVE_WITH_KNOTS('',3,(#1069,#1070,#1071,#1072),.UNSPECIFIED.,.F.,.F.,(4,4),(0.00000000000000000E0,1.00000000000000000E0),.UNSPECIFIED.);
#1074=DEFINITIONAL_REPRESENTATION('',(#1073),#495);
#1075=PCURVE('',#226,#1074);
#1076=CARTESIAN_POINT('',(0.00000000000000000E0,1.00000000000000000E0));
#1077=CARTESIAN_POINT('',(0.00000000000000000E0,0.00000000000000000E0));
#1078=B_SPLINE_CURVE_WITH_KNOTS('',1,(#1076,#1077),.UNSPECIFIED.,.F.,.F.,(2,2),(0.00000000000000000E0,1.00000000000000000E0),.UNSPECIFIED.);
#1079=DEFINITIONAL_REPRESENTATION('',(#1078),#495);
#1080=PCURVE('',#226,#1079);
#1081=CARTESIAN_POINT('',(0.00000000000000000E0,0.00000000000000000E0));
#1082=CARTESIAN_POINT('',(1.00000000000000000E0,0.00000000000000000E0));
#1083=B_SPLINE_CURVE_WITH_KNOTS('',1,(#1081,#1082),.UNSPECIFIED.,.F.,.F.,(2,2),(0.00000000000000000E0,1.00000000000000000E0),.UNSPECIFIED.);
#1084=DEFINITIONAL_REPRESENTATION('',(#1083),#495);
#1085=PCURVE('',#226,#1084);
#1086=CARTESIAN_POINT('',(9.33012701892219298E-1,2.49999999999999944E-1));
#1087=CARTESIAN_POINT('',(6.08253175473054797E-1,4.37500000000000000E-1));
#1088=B_SPLINE_CURVE_WITH_KNOTS('',1,(#1086,#1087),.UNSPECIFIED.,.F.,.F.,(2,2),(0.00000000000000000E0,1.00000000000000000E0),.UNSPECIFIED.);
#1089=DEFINITIONAL_REPRESENTATION('',(#1088),#495);
#1090=PCURVE('',#115,#1089);
#1091=CARTESIAN_POINT('',(6.08253175473054797E-1,4.37500000000000000E-1));
#1092=CARTESIAN_POINT('',(5.60295238724369815E-1,3.54434416925102969E-1));
#1093=CARTESIAN_POINT('',(4.67647619362184797E-1,3.79259271713866475E-1));
#1094=(BOUNDED_CURVE()B_SPLINE_CURVE(2,(#1091,#1092,#1093),.UNSPECIFIED.,.F.,.F.)B_SPLINE_CURVE_WITH_KNOTS((3,3),(0.00000000000000000E0,1.00000000000000000E0),.UNSPECIFIED.)CURVE()GEOMETRIC_REPRESENTATION_ITEM()RATIONAL_B_SPLINE_CURVE((1.00000000000000000E0,7.93353340291235165E-1,1.00000000000000000E0))REPRESENTATION_ITEM(''));
#1095=DEFINITIONAL_REPRESENTATION('',(#1094),#495);
#1096=PCURVE('',#115,#1095);
#1097=CARTESIAN_POINT('',(4.67647619362184797E-1,3.79259271713866475E-1));
#1098=CARTESIAN_POINT('',(3.70590477448739408E-1,1.70370868554659445E-2));
#1099=B_SPLINE_CURVE_WITH_KNOTS('',1,(#1097,#1098),.UNSPECIFIED.,.F.,.F.,(2,2),(0.00000000000000000E0,1.00000000000000000E0),.UNSPECIFIED.);
#1100=DEFINITIONAL_REPRESENTATION('',(#1099),#495);
#1101=PCURVE('',#115,#1100);
#1102=CARTESIAN_POINT('',(3.70590477448739408E-1,1.70370868554659445E-2));
#1103=CARTESIAN_POINT('',(7.41180954897479038E-1,-8.22623322995881673E-2));
#1104=CARTESIAN_POINT('',(9.33012701892219298E-1,2.49999999999999944E-1));
#1105=(BOUNDED_CURVE()B_SPLINE_CURVE(2,(#1102,#1103,#1104),.UNSPECIFIED.,.F.,.F.)B_SPLINE_CURVE_WITH_KNOTS((3,3),(0.00000000000000000E0,1.00000000000000000E0),.UNSPECIFIED.)CURVE()GEOMETRIC_REPRESENTATION_ITEM()RATIONAL_B_SPLINE_CURVE((1.00000000000000000E0,7.93353340291235165E-1,1.00000000000000000E0))REPRESENTATION_ITEM(''));
#1106=DEFINITIONAL_REPRESENTATION('',(#1105),#495);
#1107=PCURVE('',#115,#1106);
#1108=CARTESIAN_POINT('',(6.29409522551260592E-1,1.70370868554659445E-2));
#1109=CARTESIAN_POINT('',(1.00000000000000022E0,1.16336506010520063E-1));
#1110=CARTESIAN_POINT('',(1.00000000000000000E0,5.00000000000000000E-1));
#1111=(BOUNDED_CURVE()B_SPLINE_CURVE(2,(#1108,#1109,#1110),.UNSPECIFIED.,.F.,.F.)B_SPLINE_CURVE_WITH_KNOTS((3,3),(0.00000000000000000E0,1.00000000000000000E0),.UNSPECIFIED.)CURVE()GEOMETRIC_REPRESENTATION_ITEM()RATIONAL_B_SPLINE_CURVE((1.00000000000000000E0,7.93353340291235165E-1,1.00000000000000000E0))REPRESENTATION_ITEM(''));
#1112=DEFINITIONAL_REPRESENTATION('',(#1111),#495);
#1113=PCURVE('',#84,#1112);
#1114=CARTESIAN_POINT('',(1.00000000000000000E0,5.00000000000000000E-1));
#1115=CARTESIAN_POINT('',(6.25000000000000000E-1,5.00000000000000000E-1));
#1116=B_SPLINE_CURVE_WITH_KNOTS('',1,(#1114,#1115),.UNSPECIFIED.,.F.,.F.,(2,2),(0.00000000000000000E0,1.00000000000000000E0),.UNSPECIFIED.);
#1117=DEFINITIONAL_REPRESENTATION('',(#1116),#495);
#1118=PCURVE('',#84,#1117);
#1119=CARTESIAN_POINT('',(6.25000000000000000E-1,5.00000000000000000E-1));
#1120=CARTESIAN_POINT('',(6.25000000000000000E-1,4.04084126502629981E-1));
#1121=CARTESIAN_POINT('',(5.32352380637815203E-1,3.79259271713866475E-1));
#1122=(BOUNDED_CURVE()B_SPLINE_CURVE(2,(#1119,#1120,#1121),.UNSPECIFIED.,.F.,.F.)B_SPLINE_CURVE_WITH_KNOTS((3,3),(0.00000000000000000E0,1.00000000000000000E0),.UNSPECIFIED.)CURVE()GEOMETRIC_REPRESENTATION_ITEM()RATIONAL_B_SPLINE_CURVE((1.00000000000000000E0,7.93353340291235165E-1,1.00000000000000000E0))REPRESENTATION_ITEM(''));
#1123=DEFINITIONAL_REPRESENTATION('',(#1122),#495);
#1124=PCURVE('',#84,#1123);
#1125=CARTESIAN_POINT('',(5.32352380637815203E-1,3.79259271713866475E-1));
#1126=CARTESIAN_POINT('',(6.29409522551260592E-1,1.70370868554659445E-2));
#1127=B_SPLINE_CURVE_WITH_KNOTS('',1,(#1125,#1126),.UNSPECIFIED.,.F.,.F.,(2,2),(0.00000000000000000E0,1.00000000000000000E0),.UNSPECIFIED.);
#1128=DEFINITIONAL_REPRESENTATION('',(#1127),#495);
#1129=PCURVE('',#84,#1128);
#1130=CARTESIAN_POINT('',(0.00000000000000000E0,0.00000000000000000E0));
#1131=CARTESIAN_POINT('',(1.00000000000000000E0,0.00000000000000000E0));
#1132=B_SPLINE_CURVE_WITH_KNOTS('',1,(#1130,#1131),.UNSPECIFIED.,.F.,.F.,(2,2),(0.00000000000000000E0,1.00000000000000000E0),.UNSPECIFIED.);
#1133=DEFINITIONAL_REPRESENTATION('',(#1132),#495);
#1134=PCURVE('',#233,#1133);
#1135=CARTESIAN_POINT('',(1.00000000000000000E0,0.00000000000000000E0));
#1136=CARTESIAN_POINT('',(1.00000000000000000E0,1.00000000000000000E0));
#1137=B_SPLINE_CURVE_WITH_KNOTS('',1,(#1135,#1136),.UNSPECIFIED.,.F.,.F.,(2,2),(0.00000000000000000E0,1.00000000000000000E0),.UNSPECIFIED.);
#1138=DEFINITIONAL_REPRESENTATION('',(#1137),#495);
#1139=PCURVE('',#233,#1138);
#1140=CARTESIAN_POINT('',(1.00000000000000000E0,1.00000000000000000E0));
#1141=CARTESIAN_POINT('',(6.66666666666666630E-1,1.00000000000000000E0));
#1142=CARTESIAN_POINT('',(3.33333333333333315E-1,1.00000000000000000E0));
#1143=CARTESIAN_POINT('',(0.00000000000000000E0,1.00000000000000000E0));
#1144=B_SPLINE_CURVE_WITH_KNOTS('',3,(#1140,#1141,#1142,#1143),.UNSPECIFIED.,.F.,.F.,(4,4),(0.00000000000000000E0,1.00000000000000000E0),.UNSPECIFIED.);
#1145=DEFINITIONAL_REPRESENTATION('',(#1144),#495);
#1146=PCURVE('',#233,#1145);
#1147=CARTESIAN_POINT('',(0.00000000000000000E0,1.00000000000000000E0));
#1148=CARTESIAN_POINT('',(0.00000000000000000E0,0.00000000000000000E0));
#1149=B_SPLINE_CURVE_WITH_KNOTS('',1,(#1147,#1148),.UNSPECIFIED.,.F.,.F.,(2,2),(0.00000000000000000E0,1.00000000000000000E0),.UNSPECIFIED.);
#1150=DEFINITIONAL_REPRESENTATION('',(#1149),#495);
#1151=PCURVE('',#233,#1150);
#1152=CARTESIAN_POINT('',(1.00000000000000000E0,0.00000000000000000E0));
#1153=CARTESIAN_POINT('',(1.00000000000000000E0,1.00000000000000000E0));
#1154=B_SPLINE_CURVE_WITH_KNOTS('',1,(#1152,#1153),.UNSPECIFIED.,.F.,.F.,(2,2),(0.00000000000000000E0,1.00000000000000000E0),.UNSPECIFIED.);
#1155=DEFINITIONAL_REPRESENTATION('',(#1154),#495);
#1156=PCURVE('',#240,#1155);
#1157=CARTESIAN_POINT('',(1.00000000000000000E0,1.00000000000000000E0));
#1158=CARTESIAN_POINT('',(6.66666666666666741E-1,1.00000000000000000E0));
#1159=CARTESIAN_POINT('',(3.33333333333333370E-1,1.00000000000000000E0));
#1160=CARTESIAN_POINT('',(0.00000000000000000E0,1.00000000000000000E0));
#1161=B_SPLINE_CURVE_WITH_KNOTS('',3,(#1157,#1158,#1159,#1160),.UNSPECIFIED.,.F.,.F.,(4,4),(0.00000000000000000E0,1.00000000000000000E0),.UNSPECIFIED.);
#1162=DEFINITIONAL_REPRESENTATION('',(#1161),#495);
#1163=PCURVE('',#240,#1162);
#1164=CARTESIAN_POINT('',(0.00000000000000000E0,1.00000000000000000E0));
#1165=CARTESIAN_POINT('',(0.00000000000000000E0,0.00000000000000000E0));
#1166=B_SPLINE_CURVE_WITH_KNOTS('',1,(#1164,#1165),.UNSPECIFIED.,.F.,.F.,(2,2),(0.00000000000000000E0,1.00000000000000000E0),.UNSPECIFIED.);
#1167=DEFINITIONAL_REPRESENTATION('',(#1166),#495);
#1168=PCURVE('',#240,#1167);
#1169=CARTESIAN_POINT('',(0.00000000000000000E0,0.00000000000000000E0));
#1170=CARTESIAN_POINT('',(1.00000000000000000E0,0.00000000000000000E0));
#1171=B_SPLINE_CURVE_WITH_KNOTS('',1,(#1169,#1170),.UNSPECIFIED.,.F.,.F.,(2,2),(0.00000000000000000E0,1.00000000000000000E0),.UNSPECIFIED.);
#1172=DEFINITIONAL_REPRESENTATION('',(#1171),#495);
#1173=PCURVE('',#240,#1172);
#1174=CARTESIAN_POINT('',(3.70590477448739408E-1,1.70370868554659445E-2));
#1175=CARTESIAN_POINT('',(4.67647619362184797E-1,3.79259271713866475E-1));
#1176=B_SPLINE_CURVE_WITH_KNOTS('',1,(#1174,#1175),.UNSPECIFIED.,.F.,.F.,(2,2),(0.00000000000000000E0,1.00000000000000000E0),.UNSPECIFIED.);
#1177=DEFINITIONAL_REPRESENTATION('',(#1176),#495);
#1178=PCURVE('',#115,#1177);
#1179=CARTESIAN_POINT('',(4.67647619362184797E-1,3.79259271713866475E-1));
#1180=CARTESIAN_POINT('',(3.75000000000000000E-1,4.04084126502629981E-1));
#1181=CARTESIAN_POINT('',(3.75000000000000000E-1,5.00000000000000000E-1));
#1182=(BOUNDED_CURVE()B_SPLINE_CURVE(2,(#1179,#1180,#1181),.UNSPECIFIED.,.F.,.F.)B_SPLINE_CURVE_WITH_KNOTS((3,3),(0.00000000000000000E0,1.00000000000000000E0),.UNSPECIFIED.)CURVE()GEOMETRIC_REPRESENTATION_ITEM()RATIONAL_B_SPLINE_CURVE((1.00000000000000000E0,7.93353340291235165E-1,1.00000000000000000E0))REPRESENTATION_ITEM(''));
#1183=DEFINITIONAL_REPRESENTATION('',(#1182),#495);
#1184=PCURVE('',#115,#1183);
#1185=CARTESIAN_POINT('',(3.75000000000000000E-1,5.00000000000000000E-1));
#1186=CARTESIAN_POINT('',(0.00000000000000000E0,5.00000000000000000E-1));
#1187=B_SPLINE_CURVE_WITH_KNOTS('',1,(#1185,#1186),.UNSPECIFIED.,.F.,.F.,(2,2),(0.00000000000000000E0,1.00000000000000000E0),.UNSPECIFIED.);
#1188=DEFINITIONAL_REPRESENTATION('',(#1187),#495);
#1189=PCURVE('',#115,#1188);
#1190=CARTESIAN_POINT('',(0.00000000000000000E0,5.00000000000000000E-1));
#1191=CARTESIAN_POINT('',(-2.22044604925031308E-16,1.16336506010520063E-1));
#1192=CARTESIAN_POINT('',(3.70590477448739408E-1,1.70370868554659445E-2));
#1193=(BOUNDED_CURVE()B_SPLINE_CURVE(2,(#1190,#1191,#1192),.UNSPECIFIED.,.F.,.F.)B_SPLINE_CURVE_WITH_KNOTS((3,3),(0.00000000000000000E0,1.00000000000000000E0),.UNSPECIFIED.)CURVE()GEOMETRIC_REPRESENTATION_ITEM()RATIONAL_B_SPLINE_CURVE((1.00000000000000000E0,7.93353340291235165E-1,1.00000000000000000E0))REPRESENTATION_ITEM(''));
#1194=DEFINITIONAL_REPRESENTATION('',(#1193),#495);
#1195=PCURVE('',#115,#1194);
#1196=SURFACE_CURVE('',#247,(#515,#524),.PCURVE_S1.);
#1197=EDGE_CURVE('OSCAD_TOPO/3|edge|e:3e49ccd0d8449d1994a9dcedb40d3e57|de1113911572ed06d9ca406ed1cc7ba85b58d996f2218b2b01a84d81f4964766',#2,#4,#1196,.T.);
#1198=SURFACE_CURVE('',#251,(#510,#620),.PCURVE_S1.);
#1199=EDGE_CURVE('OSCAD_TOPO/3|edge|e:784226d278c9cb73130fea395f67372c|538bd86da69c4f89188a26d77a64aa6d35ef7265c0e7e8e5aeed4fd625e77c0c',#4,#6,#1198,.T.);
#1200=SURFACE_CURVE('',#258,(#505,#560),.PCURVE_S1.);
#1201=EDGE_CURVE('OSCAD_TOPO/3|edge|e:0d7d7320e48931d3b27b8ef567e5dacb|a186de77235c9406b619a43db7ad4cf81353e202b8166abdb73664aafa6ad9e6',#6,#2,#1200,.T.);
#1202=SURFACE_CURVE('',#262,(#500),.PCURVE_S1.);
#1203=EDGE_CURVE('OSCAD_TOPO/3|edge|e:570e3a16634165eee5e4636547a44e95|e3a82988f103676fe36fcc3e65b0a937b6953f852d9a7aa1f41c638def7a5930',#2,#2,#1202,.T.);
#1204=SURFACE_CURVE('',#265,(#529,#657),.PCURVE_S1.);
#1205=EDGE_CURVE('OSCAD_TOPO/3|edge|e:36e9eaac1d7d9b1b805fc70ff76b8cbf|5dec30adad4ae47205ca53aeb7c66f23684adf62e53354f5dc8e890ad3508724',#4,#8,#1204,.T.);
#1206=SURFACE_CURVE('',#272,(#538,#577),.PCURVE_S1.);
#1207=EDGE_CURVE('OSCAD_TOPO/3|edge|e:170641b7d7905f9cb58ff8fcc5aace46|d438a8bcfc1ac61011d7d2676404626dc96e1d80437ed9681640b76c6a3de9b1',#8,#10,#1206,.T.);
#1208=SURFACE_CURVE('',#275,(#543,#1118),.PCURVE_S1.);
#1209=EDGE_CURVE('OSCAD_TOPO/3|edge|e:aa9fb1921fb3678f5a8e0e72104d81de|b9efdae22004aa8348e685896da1813274eb43a33c6a02c66592e53f3aed82ed',#10,#2,#1208,.T.);
#1210=SURFACE_CURVE('',#282,(#548,#615),.PCURVE_S1.);
#1211=EDGE_CURVE('OSCAD_TOPO/3|edge|e:1a0ff24390edbc8f9355c0b8e22aac42|6cc9cc5e5b6dd302b517654e991d6cbdb63c03dcb95488032bf09bba3cc32f39',#12,#14,#1210,.T.);
#1212=SURFACE_CURVE('',#285,(#553,#679),.PCURVE_S1.);
#1213=EDGE_CURVE('OSCAD_TOPO/3|edge|e:6b6173bc7fc8ee66c407237d49b74371|4b8e4a66cdd3b829fcb20ceca09fd7148d64cbb18f50da69a65e2af144240920',#14,#6,#1212,.T.);
#1214=SURFACE_CURVE('',#288,(#565,#1139),.PCURVE_S1.);
#1215=EDGE_CURVE('OSCAD_TOPO/3|edge|e:089f3fabb852fce729739fbca181edf9|a853c1693e2b9571a5efe067181e31b937b110a64ffe31f68b4eca23ede82630',#2,#12,#1214,.T.);
#1216=SURFACE_CURVE('',#295,(#587,#601),.PCURVE_S1.);
#1217=EDGE_CURVE('OSCAD_TOPO/3|edge|e:eea3dab2536a4511b5e211107579e089|86cb320661c5874a73e04bc95efaec01b99345e7f2a1dc81140cb638cddde7ed',#16,#18,#1216,.T.);
#1218=SURFACE_CURVE('',#298,(#582,#684),.PCURVE_S1.);
#1219=EDGE_CURVE('OSCAD_TOPO/3|edge|e:fdd6cbef7ff5b658aec5cbc441532646|00c0ef54532c4bd2372613125abc288ebddba10a31f87311bc701ef39789e4fb',#18,#8,#1218,.T.);
#1220=SURFACE_CURVE('',#301,(#570,#1168),.PCURVE_S1.);
#1221=EDGE_CURVE('OSCAD_TOPO/3|edge|e:cec0d997197acdc44dc28263321b5b6d|048ebfa22158507cd795f21b0570cbd2289da56fe8b223f7fb0f56db76270952',#10,#16,#1220,.T.);
#1222=SURFACE_CURVE('',#304,(#606,#706),.PCURVE_S1.);
#1223=EDGE_CURVE('OSCAD_TOPO/3|edge|e:a5fa18dc51f6949a8ba671e41c2a93ca|acf01de7c036c2e42a1886b489d85f8f3e36fdc62717765c7e0b0174b51ff558',#14,#18,#1222,.T.);
#1224=SURFACE_CURVE('',#307,(#592,#1189),.PCURVE_S1.);
#1225=EDGE_CURVE('OSCAD_TOPO/3|edge|e:69082b4570f8289ad6bb7f6057a578e0|9eaa11dbdd8367dacc2cebd4828689be42ead8fdd0c51a3ff8fe64eef49b3cce',#16,#12,#1224,.T.);
#1226=SURFACE_CURVE('',#311,(#635,#641),.PCURVE_S1.);
#1227=EDGE_CURVE('OSCAD_TOPO/3|edge|e:9b755b7d8f609e2aa8f71f928ea0943d|6121cf9048812e1212980f359ccfcc5d0ac3bb9831cda68b24dc0dc07af7fc18',#4,#20,#1226,.T.);
#1228=SURFACE_CURVE('',#315,(#630,#728),.PCURVE_S1.);
#1229=EDGE_CURVE('OSCAD_TOPO/3|edge|e:ff76b4b62cd4419257381957a1499e0f|3490ae5269d6b6e9adf9e5f7634b6a1028853696d16cc412c6b78d06b6b8959e',#20,#22,#1228,.T.);
#1230=SURFACE_CURVE('',#319,(#625,#674),.PCURVE_S1.);
#1231=EDGE_CURVE('OSCAD_TOPO/3|edge|e:a6fc03625d5425d1de7bc63bb79792a1|e96940d016311f53dcbe885fa89310119ced1fd9accdb160a7bebb2e3ea9167b',#22,#6,#1230,.T.);
#1232=SURFACE_CURVE('',#322,(#646,#771),.PCURVE_S1.);
#1233=EDGE_CURVE('OSCAD_TOPO/3|edge|e:aac1aba4ffef8e5317038c906fa2501f|ee09d1d1704c7b4d0105af35e32e44bedd5f759cd11a5101c89ec6490e533d47',#20,#24,#1232,.T.);
#1234=SURFACE_CURVE('',#326,(#652,#691),.PCURVE_S1.);
#1235=EDGE_CURVE('OSCAD_TOPO/3|edge|e:b53244d90b92eb3db41d23a94545ab18|dea4f3923bc0021271c4b14e8c5429654748a277ec39d8325bc13e2b57fe1735',#24,#8,#1234,.T.);
#1236=SURFACE_CURVE('',#330,(#662,#723),.PCURVE_S1.);
#1237=EDGE_CURVE('OSCAD_TOPO/3|edge|e:518487218514244bb4e7fc98192b5ac8|55484db726669f75991b005ed2b2a392f63277c3a650b1fd61b69ac692ab2015',#14,#26,#1236,.T.);
#1238=SURFACE_CURVE('',#333,(#667,#793),.PCURVE_S1.);
#1239=EDGE_CURVE('OSCAD_TOPO/3|edge|e:2b7cf08b63d48250fb4fcd86f15a2c6a|e744d41bd382dc89473d2f42a6a1b732e52feae1b5008b73519aa754580d2583',#26,#22,#1238,.T.);
#1240=SURFACE_CURVE('',#337,(#701,#712),.PCURVE_S1.);
#1241=EDGE_CURVE('OSCAD_TOPO/3|edge|e:691f7c6da02781997be76f79eafa5285|5a353adb9b034961fae8c3a5e4e83d692c9733c774b1e5c9b34883a8feac1bb4',#18,#28,#1240,.T.);
#1242=SURFACE_CURVE('',#340,(#696,#798),.PCURVE_S1.);
#1243=EDGE_CURVE('OSCAD_TOPO/3|edge|e:6b05f0da744a790a848ef7593c96d87c|0b8d8364862df9754a1ff4fab369119bd0f07baf4468453d0c416c9c4b4f62cb',#28,#24,#1242,.T.);
#1244=SURFACE_CURVE('',#343,(#717,#820),.PCURVE_S1.);
#1245=EDGE_CURVE('OSCAD_TOPO/3|edge|e:dbd798c9e98953c629e9816de7aefbef|57cde2656e80a337ddccb9a6076eac31d8dc990fa908e0ae76f158751416fd35',#26,#28,#1244,.T.);
#1246=SURFACE_CURVE('',#350,(#743,#752),.PCURVE_S1.);
#1247=EDGE_CURVE('OSCAD_TOPO/3|edge|e:3cee4f3ec994088f9352869d7926a735|4737a02e388991fd34e103511ca33316217f87f3ba1018d32f8b5eac8604fa39',#20,#30,#1246,.T.);
#1248=SURFACE_CURVE('',#354,(#738),.PCURVE_S1.);
#1249=EDGE_CURVE('OSCAD_TOPO/3|edge|e:2d836c7cb53ac38251d735ccc254a201|c3bcd413774d042903477484f6dbb509a0fe96ece2e50cae4eb1df4ece9230a3',#30,#30,#1248,.T.);
#1250=SURFACE_CURVE('',#361,(#733,#788),.PCURVE_S1.);
#1251=EDGE_CURVE('OSCAD_TOPO/3|edge|e:3411ba9366d61314b1a422a743f61b0b|c47f2db4f4b90b1dc048f21d80bbe0a8b2ee0bc0b7ca12930e712d1e88a25818',#30,#22,#1250,.T.);
#1252=SURFACE_CURVE('',#364,(#757,#865),.PCURVE_S1.);
#1253=EDGE_CURVE('OSCAD_TOPO/3|edge|e:9aeb101fb1612e059beaa7304e2b3398|235e832e809b28760a7c9c475898ed747c4b70fef4dd8751d933e44d5a817c8f',#30,#32,#1252,.T.);
#1254=SURFACE_CURVE('',#371,(#766,#805),.PCURVE_S1.);
#1255=EDGE_CURVE('OSCAD_TOPO/3|edge|e:9abdc0a3ac82e2c3a01c39496c69a4d0|925b88d117a86039541b6dc400d6f39ad419f03cf3663214f72d67b3ce14fbf3',#32,#24,#1254,.T.);
#1256=SURFACE_CURVE('',#378,(#776,#843),.PCURVE_S1.);
#1257=EDGE_CURVE('OSCAD_TOPO/3|edge|e:3ca2430fa7a76d0d227df040a4736a86|7d04d80a0edf24852c9b3462e62fdfffc4da071a44784324d23892f82a1b4db8',#26,#34,#1256,.T.);
#1258=SURFACE_CURVE('',#381,(#781,#887),.PCURVE_S1.);
#1259=EDGE_CURVE('OSCAD_TOPO/3|edge|e:977c7d49a6123befba38e5bd66b2b20e|7f95c2d9d171db1664acd95e5def535c7d9472e351e350bd61eadde9ee7e515d',#34,#30,#1258,.T.);
#1260=SURFACE_CURVE('',#388,(#815,#829),.PCURVE_S1.);
#1261=EDGE_CURVE('OSCAD_TOPO/3|edge|e:892554ff8114dbc9960ca6ff8cada0aa|cee9a9e9f24647ddf0a1941bf9c7cd7920d55ce8912c0f159457a9054f54df2b',#28,#36,#1260,.T.);
#1262=SURFACE_CURVE('',#391,(#810,#892),.PCURVE_S1.);
#1263=EDGE_CURVE('OSCAD_TOPO/3|edge|e:7b9f608882c922ac684972b28d5c7487|cd1e25be3dc7c2f3ddc5dfa4f6690766b36b555356d545d9f952d9660510abe9',#36,#32,#1262,.T.);
#1264=SURFACE_CURVE('',#394,(#834,#914),.PCURVE_S1.);
#1265=EDGE_CURVE('OSCAD_TOPO/3|edge|e:41a223b32b152fde9780449b2bc7af2d|f9133af1da1411d683cb8492db6afeeecbaec4140a4f960a9c69878a3b0994a4',#34,#36,#1264,.T.);
#1266=SURFACE_CURVE('',#398,(#849,#882),.PCURVE_S1.);
#1267=EDGE_CURVE('OSCAD_TOPO/3|edge|e:675b41f52059e0b6eca014cb3a0e367e|53d937801304bc54eb00738ac4994e964d760133cac6c4746142e651bcaa3292',#30,#38,#1266,.T.);
#1268=SURFACE_CURVE('',#401,(#854,#953),.PCURVE_S1.);
#1269=EDGE_CURVE('OSCAD_TOPO/3|edge|e:32013b5aefa3d503a5f4ea2e2706239b|8b71215b4e556cbeba5b5a840f6f99768294135fb0bf0eff514ae23c3405383a',#38,#40,#1268,.T.);
#1270=SURFACE_CURVE('',#405,(#860,#899),.PCURVE_S1.);
#1271=EDGE_CURVE('OSCAD_TOPO/3|edge|e:40baea8386294269dacfa44309404f9b|c76881c33d0060f1f38e9f98c602a15e2864c5d2dddfa95ef197b5e124eda208',#40,#32,#1270,.T.);
#1272=SURFACE_CURVE('',#409,(#870,#931),.PCURVE_S1.);
#1273=EDGE_CURVE('OSCAD_TOPO/3|edge|e:f50eebed65b5445fbf3961f38774f2e2|ee3c6fc0dfa055a8f9e6ecb1ac0b4798ef5d80477050e75d468ef6c35e190d0f',#34,#42,#1272,.T.);
#1274=SURFACE_CURVE('',#412,(#875,#975),.PCURVE_S1.);
#1275=EDGE_CURVE('OSCAD_TOPO/3|edge|e:dbef7cfe5b0fd56fb4bc8b3b99ccce93|7041394d108d7a302614c39868a9bd5380baf34bff54b578f83d41eeb95ba3e5',#42,#38,#1274,.T.);
#1276=SURFACE_CURVE('',#416,(#909,#920),.PCURVE_S1.);
#1277=EDGE_CURVE('OSCAD_TOPO/3|edge|e:640565cc0a406381485433a031a3ecd2|6e81873890cc316a2a3a884404ade46d456a8515bb74043fac8381cbe03206ac',#36,#44,#1276,.T.);
#1278=SURFACE_CURVE('',#419,(#904,#980),.PCURVE_S1.);
#1279=EDGE_CURVE('OSCAD_TOPO/3|edge|e:f5034444289359f5ebe31a1f53d60df4|a24467ce93fc53500f88423104f3422e390c9414763794916ee3feb9bc74ea53',#44,#40,#1278,.T.);
#1280=SURFACE_CURVE('',#422,(#925,#1002),.PCURVE_S1.);
#1281=EDGE_CURVE('OSCAD_TOPO/3|edge|e:8fa0ecda1ef5d90e3c67e230b5fde2da|610afefb9d38b03ad12a057682185cf3583126967f4fdfb8577241471ce50ef7',#42,#44,#1280,.T.);
#1282=SURFACE_CURVE('',#426,(#937,#970),.PCURVE_S1.);
#1283=EDGE_CURVE('OSCAD_TOPO/3|edge|e:48071b80ffbf008eadd74fe72c3562f5|dc34c4d4fc36752ed6e2b1851cb0fc9f7e91895813037f1473914d07c055f30d',#38,#46,#1282,.T.);
#1284=SURFACE_CURVE('',#429,(#942,#1041),.PCURVE_S1.);
#1285=EDGE_CURVE('OSCAD_TOPO/3|edge|e:d5bb380e7b5f954d67d207cbfd982a93|7fcfc66551bb985bae1f8a8821a5a8b8461cb82de6e0b15e536afc1b031e6fd1',#46,#48,#1284,.T.);
#1286=SURFACE_CURVE('',#433,(#948,#987),.PCURVE_S1.);
#1287=EDGE_CURVE('OSCAD_TOPO/3|edge|e:ec9fd07f2116626635fe225765ebeae9|adf02edf1c12340d28f94573973b8d831329e4435b6f3fa45382953b0a055e50',#48,#40,#1286,.T.);
#1288=SURFACE_CURVE('',#437,(#958,#1019),.PCURVE_S1.);
#1289=EDGE_CURVE('OSCAD_TOPO/3|edge|e:cebd889d0f9533db3a1cf5521ce1176e|841a75d1d63c10399494199219830f702d32c0da847ab3c30fa9e3023d0277cc',#42,#50,#1288,.T.);
#1290=SURFACE_CURVE('',#440,(#963,#1063),.PCURVE_S1.);
#1291=EDGE_CURVE('OSCAD_TOPO/3|edge|e:17250d1b446ead5fe038d8903fe06b5f|744ecd08b07194fc0a33a713ea94855058cc383117fbeda37bcb7504ac121683',#50,#46,#1290,.T.);
#1292=SURFACE_CURVE('',#444,(#997,#1008),.PCURVE_S1.);
#1293=EDGE_CURVE('OSCAD_TOPO/3|edge|e:e41b0f05c344b88edc5a3bc494698b53|9bfaa45b37c5608269306a0149c1da7138e79fdf4a77054ae9f4ca8e0c208443',#44,#52,#1292,.T.);
#1294=SURFACE_CURVE('',#447,(#992,#1068),.PCURVE_S1.);
#1295=EDGE_CURVE('OSCAD_TOPO/3|edge|e:c999ddfbf5e415156009a62c631d2c4b|ce2433df2c3e3b71ff895a90d5450b4df264dc3742b711a1d8365928e1a511c3',#52,#48,#1294,.T.);
#1296=SURFACE_CURVE('',#450,(#1013,#1090),.PCURVE_S1.);
#1297=EDGE_CURVE('OSCAD_TOPO/3|edge|e:e68dab56cd975144e4d9e52159e36e02|6062291ae684c54ee206d1bcaaf27892a2c5fb815b7b16d181a8f1eac817872d',#50,#52,#1296,.T.);
#1298=SURFACE_CURVE('',#454,(#1025,#1058),.PCURVE_S1.);
#1299=EDGE_CURVE('OSCAD_TOPO/3|edge|e:e2c4a4f3e33e04ded9b148f81a53430d|e096a68691a93135ca85060653c867213673bbdefa1b818af54a44514844fc71',#46,#54,#1298,.T.);
#1300=SURFACE_CURVE('',#457,(#1030,#1129),.PCURVE_S1.);
#1301=EDGE_CURVE('OSCAD_TOPO/3|edge|e:45ca7fc644feab9c63d3ba0cfb54b8d3|39a78e89f02b594b31199d2db5c50e7f5047ed52a4192a9d9c337f3f66b8f2f0',#54,#56,#1300,.T.);
#1302=SURFACE_CURVE('',#461,(#1036,#1075),.PCURVE_S1.);
#1303=EDGE_CURVE('OSCAD_TOPO/3|edge|e:6251ed53bf3e3ba157e8c75ac69525cb|8a7b32af79d35d5ed1484ccab6082b7cac1c345d9a9f597d4855546510afd4de',#56,#48,#1302,.T.);
#1304=SURFACE_CURVE('',#465,(#1046,#1107),.PCURVE_S1.);
#1305=EDGE_CURVE('OSCAD_TOPO/3|edge|e:668462ec0bb91e3567804b74ac4de076|28a4436598b071c9a3699c25519db7a00689628ff0e6ce29b2a5decaa7960419',#50,#58,#1304,.T.);
#1306=SURFACE_CURVE('',#468,(#1051,#1151),.PCURVE_S1.);
#1307=EDGE_CURVE('OSCAD_TOPO/3|edge|e:c13080d475b8d9cee2839ced07350f30|ec15c5b9e98abd933b20d12a8f6b12f6731b344fb9889e942cfcfd0bf9bc34bb',#58,#54,#1306,.T.);
#1308=SURFACE_CURVE('',#472,(#1085,#1096),.PCURVE_S1.);
#1309=EDGE_CURVE('OSCAD_TOPO/3|edge|e:59ffc97b200ebf9d51ad2d58a469037c|2ec9ec2ac0a918f9fb0b6782573664f97147165c99a581fb1a9f8a1b1ae9ff22',#52,#60,#1308,.T.);
#1310=SURFACE_CURVE('',#475,(#1080,#1156),.PCURVE_S1.);
#1311=EDGE_CURVE('OSCAD_TOPO/3|edge|e:a42220ca7a5d3d626846d62aad53ac35|f472b0a72488213384da2d581980ba1aa2722cd271bde62effe03bad5df8e742',#60,#56,#1310,.T.);
#1312=SURFACE_CURVE('',#478,(#1101,#1178),.PCURVE_S1.);
#1313=EDGE_CURVE('OSCAD_TOPO/3|edge|e:41863fc94d4dc4c4a6d59a87339c3a22|8578605768540dee76367532a08dd903fed2ab73907516716663f5ea435aebe0',#58,#60,#1312,.T.);
#1314=SURFACE_CURVE('',#482,(#1113,#1146),.PCURVE_S1.);
#1315=EDGE_CURVE('OSCAD_TOPO/3|edge|e:c76791fd6c0480558c07624244809e31|0fb94116eb02f92b8359000f37b9252909344abe5d4ad239fa0156c031d5a926',#54,#2,#1314,.T.);
#1316=SURFACE_CURVE('',#486,(#1124,#1163),.PCURVE_S1.);
#1317=EDGE_CURVE('OSCAD_TOPO/3|edge|e:59cc3a91b0ca3265f4b7cbfe0a659ed8|9250e6094cfade4075a003e5e954c697fbc0c708449e13f02b77f6acadaf7aed',#10,#56,#1316,.T.);
#1318=SURFACE_CURVE('',#490,(#1134,#1195),.PCURVE_S1.);
#1319=EDGE_CURVE('OSCAD_TOPO/3|edge|e:28f9426c7840693473268cfe8e971c57|1ee0c3767c6fe3b5707cf37d008aa4981f8f1ec98d613fd24e43109d44bfdf1b',#58,#12,#1318,.T.);
#1320=SURFACE_CURVE('',#494,(#1173,#1184),.PCURVE_S1.);
#1321=EDGE_CURVE('OSCAD_TOPO/3|edge|e:c930baf82f73acecd55336d3af4466d6|2ed42f871a47bbddde9d68f692a0b762143ef3efa07a5d46031324d9e7dec397',#60,#16,#1320,.T.);
#1322=ORIENTED_EDGE('',*,*,#1203,.F.);
#1323=ORIENTED_EDGE('',*,*,#1201,.F.);
#1324=ORIENTED_EDGE('',*,*,#1199,.F.);
#1325=ORIENTED_EDGE('',*,*,#1197,.F.);
#1326=EDGE_LOOP('OSCAD_TOPO/3|loop|l:d954284a38f0745f7a7ce7d2744d1f57|2512bfb44da05a6990b90343ebe6a546a1cc9a2cdee05155d7c418182efc45ad',(#1322,#1323,#1324,#1325));
#1327=ORIENTED_EDGE('',*,*,#1197,.T.);
#1328=ORIENTED_EDGE('',*,*,#1205,.T.);
#1329=ORIENTED_EDGE('',*,*,#1207,.T.);
#1330=ORIENTED_EDGE('',*,*,#1209,.T.);
#1331=EDGE_LOOP('OSCAD_TOPO/3|loop|l:87aac237ed2af3f1b5ef57ebf7dcd0bc|f41a25272aa7dccc1823f6ca0e56cd074b8575588b02721dc4caa93242370a75',(#1327,#1328,#1329,#1330));
#1332=ORIENTED_EDGE('',*,*,#1211,.T.);
#1333=ORIENTED_EDGE('',*,*,#1213,.T.);
#1334=ORIENTED_EDGE('',*,*,#1201,.T.);
#1335=ORIENTED_EDGE('',*,*,#1215,.T.);
#1336=EDGE_LOOP('OSCAD_TOPO/3|loop|l:c7f08105671a8355e21abe532512f011|76054338055d9e857e33f50a59c99e978746c43b2d38e401f65893ddcf25f500',(#1332,#1333,#1334,#1335));
#1337=ORIENTED_EDGE('',*,*,#1221,.F.);
#1338=ORIENTED_EDGE('',*,*,#1207,.F.);
#1339=ORIENTED_EDGE('',*,*,#1219,.F.);
#1340=ORIENTED_EDGE('',*,*,#1217,.F.);
#1341=EDGE_LOOP('OSCAD_TOPO/3|loop|l:71d47de66a9dcb523aaf6127e839f50a|038f2a4f1c67e47a2203f905ad1ebf6c379f5da5667bc9d40299df215b2bc1eb',(#1337,#1338,#1339,#1340));
#1342=ORIENTED_EDGE('',*,*,#1225,.F.);
#1343=ORIENTED_EDGE('',*,*,#1217,.T.);
#1344=ORIENTED_EDGE('',*,*,#1223,.F.);
#1345=ORIENTED_EDGE('',*,*,#1211,.F.);
#1346=EDGE_LOOP('OSCAD_TOPO/3|loop|l:8fab02e57db40c923538e6bae389e7c1|fecb51811121f176f44f32f3db5a0d6532d45ce689aacab0dea7141c8f6818a1',(#1342,#1343,#1344,#1345));
#1347=ORIENTED_EDGE('',*,*,#1199,.T.);
#1348=ORIENTED_EDGE('',*,*,#1231,.F.);
#1349=ORIENTED_EDGE('',*,*,#1229,.F.);
#1350=ORIENTED_EDGE('',*,*,#1227,.F.);
#1351=EDGE_LOOP('OSCAD_TOPO/3|loop|l:c21ae9d403718069f11cbbd25bce1410|6266192fd2212fbcb6e09333fc26be65464b1426c4718b36c937beb26925b3ec',(#1347,#1348,#1349,#1350));
#1352=ORIENTED_EDGE('',*,*,#1227,.T.);
#1353=ORIENTED_EDGE('',*,*,#1233,.T.);
#1354=ORIENTED_EDGE('',*,*,#1235,.T.);
#1355=ORIENTED_EDGE('',*,*,#1205,.F.);
#1356=EDGE_LOOP('OSCAD_TOPO/3|loop|l:202738d6f6dbb288648069fdc6de360b|2fb7d63f6cf2998d2564d5aa3e45377c427b651728bc1a9c0e7037823dbd538c',(#1352,#1353,#1354,#1355));
#1357=ORIENTED_EDGE('',*,*,#1237,.T.);
#1358=ORIENTED_EDGE('',*,*,#1239,.T.);
#1359=ORIENTED_EDGE('',*,*,#1231,.T.);
#1360=ORIENTED_EDGE('',*,*,#1213,.F.);
#1361=EDGE_LOOP('OSCAD_TOPO/3|loop|l:231391dbf543aa0f16b0610f082b263f|6e747a8acd6ba3dfef6213eab15eee1a62c495fc99b5b36e39d36cb9ac7a2210',(#1357,#1358,#1359,#1360));
#1362=ORIENTED_EDGE('',*,*,#1219,.T.);
#1363=ORIENTED_EDGE('',*,*,#1235,.F.);
#1364=ORIENTED_EDGE('',*,*,#1243,.F.);
#1365=ORIENTED_EDGE('',*,*,#1241,.F.);
#1366=EDGE_LOOP('OSCAD_TOPO/3|loop|l:e8a897ee7973fe33a21f56bf8f0e47c3|e8bcb062deffa08648d7d68c31dee33c5dbbd470fd70d96c349f3d9772b7b4b5',(#1362,#1363,#1364,#1365));
#1367=ORIENTED_EDGE('',*,*,#1223,.T.);
#1368=ORIENTED_EDGE('',*,*,#1241,.T.);
#1369=ORIENTED_EDGE('',*,*,#1245,.F.);
#1370=ORIENTED_EDGE('',*,*,#1237,.F.);
#1371=EDGE_LOOP('OSCAD_TOPO/3|loop|l:bef51adc1a174c2d161123821538ce17|c32c2f72ceec6ad8e93b03b3b961a751ef49dfee80f26e9397f102fe2b79d54c',(#1367,#1368,#1369,#1370));
#1372=ORIENTED_EDGE('',*,*,#1229,.T.);
#1373=ORIENTED_EDGE('',*,*,#1251,.F.);
#1374=ORIENTED_EDGE('',*,*,#1249,.F.);
#1375=ORIENTED_EDGE('',*,*,#1247,.F.);
#1376=EDGE_LOOP('OSCAD_TOPO/3|loop|l:0d9d6e235f6dd32362895bc5d6722cbe|bbda306327020d8ac256d18b4348cde35cc8748d32bd15f787a539df87b25089',(#1372,#1373,#1374,#1375));
#1377=ORIENTED_EDGE('',*,*,#1247,.T.);
#1378=ORIENTED_EDGE('',*,*,#1253,.T.);
#1379=ORIENTED_EDGE('',*,*,#1255,.T.);
#1380=ORIENTED_EDGE('',*,*,#1233,.F.);
#1381=EDGE_LOOP('OSCAD_TOPO/3|loop|l:67853f72d91f18392b10ea7130a0fff8|384c70be209e3e4c7de6a19e4fcae467efb1c2fa582d5f8d22d923c0ad25c4f5',(#1377,#1378,#1379,#1380));
#1382=ORIENTED_EDGE('',*,*,#1257,.T.);
#1383=ORIENTED_EDGE('',*,*,#1259,.T.);
#1384=ORIENTED_EDGE('',*,*,#1251,.T.);
#1385=ORIENTED_EDGE('',*,*,#1239,.F.);
#1386=EDGE_LOOP('OSCAD_TOPO/3|loop|l:1fc80de0b86e96aa62ceb3017106b41b|5202771a24297ac26b54e3bae184f9c406b3d22bb71d3de8334d4f3c0db62b8d',(#1382,#1383,#1384,#1385));
#1387=ORIENTED_EDGE('',*,*,#1243,.T.);
#1388=ORIENTED_EDGE('',*,*,#1255,.F.);
#1389=ORIENTED_EDGE('',*,*,#1263,.F.);
#1390=ORIENTED_EDGE('',*,*,#1261,.F.);
#1391=EDGE_LOOP('OSCAD_TOPO/3|loop|l:e1bb8de9143a23225dd9039c69364b5d|32311d0b8f450b067adc4dae4c506a5cc66ed3930d0218b10aad6499fd9d9061',(#1387,#1388,#1389,#1390));
#1392=ORIENTED_EDGE('',*,*,#1245,.T.);
#1393=ORIENTED_EDGE('',*,*,#1261,.T.);
#1394=ORIENTED_EDGE('',*,*,#1265,.F.);
#1395=ORIENTED_EDGE('',*,*,#1257,.F.);
#1396=EDGE_LOOP('OSCAD_TOPO/3|loop|l:c92b4e1f2034ef614db0c15c41433988|cb951c95d35f152de121f81e261b838a4f716844e11780290b489d7b9d5c016a',(#1392,#1393,#1394,#1395));
#1397=ORIENTED_EDGE('',*,*,#1267,.T.);
#1398=ORIENTED_EDGE('',*,*,#1269,.T.);
#1399=ORIENTED_EDGE('',*,*,#1271,.T.);
#1400=ORIENTED_EDGE('',*,*,#1253,.F.);
#1401=EDGE_LOOP('OSCAD_TOPO/3|loop|l:5be28df110b76551ce1ed9c578ace4c8|ac8eccc29ff5057d25967c942dd7271995de81dccd30af00dcaccabffec5dc0d',(#1397,#1398,#1399,#1400));
#1402=ORIENTED_EDGE('',*,*,#1273,.T.);
#1403=ORIENTED_EDGE('',*,*,#1275,.T.);
#1404=ORIENTED_EDGE('',*,*,#1267,.F.);
#1405=ORIENTED_EDGE('',*,*,#1259,.F.);
#1406=EDGE_LOOP('OSCAD_TOPO/3|loop|l:2da501ad89cabe770c366ac7250afded|bed464edc32d53938c006152bf91cffa47879b3575b15c22269c92d8cb4615a6',(#1402,#1403,#1404,#1405));
#1407=ORIENTED_EDGE('',*,*,#1263,.T.);
#1408=ORIENTED_EDGE('',*,*,#1271,.F.);
#1409=ORIENTED_EDGE('',*,*,#1279,.F.);
#1410=ORIENTED_EDGE('',*,*,#1277,.F.);
#1411=EDGE_LOOP('OSCAD_TOPO/3|loop|l:58269a4f91376faebecf3bd285225daf|e4b2f76dae6d766d19e7266ac01e68e7cba91947a420a2ae3e7cd479696b52ed',(#1407,#1408,#1409,#1410));
#1412=ORIENTED_EDGE('',*,*,#1265,.T.);
#1413=ORIENTED_EDGE('',*,*,#1277,.T.);
#1414=ORIENTED_EDGE('',*,*,#1281,.F.);
#1415=ORIENTED_EDGE('',*,*,#1273,.F.);
#1416=EDGE_LOOP('OSCAD_TOPO/3|loop|l:4cfc2ea717a2ec81d132189c21d0ae8a|b1ac6ca3f77b84c46353092bdd7964a95e0244332afc324a7d0575ebe12c6e9a',(#1412,#1413,#1414,#1415));
#1417=ORIENTED_EDGE('',*,*,#1283,.T.);
#1418=ORIENTED_EDGE('',*,*,#1285,.T.);
#1419=ORIENTED_EDGE('',*,*,#1287,.T.);
#1420=ORIENTED_EDGE('',*,*,#1269,.F.);
#1421=EDGE_LOOP('OSCAD_TOPO/3|loop|l:f6b43ee3ce4b8111e6eb1b7aa15b4022|942cf434c0c7786bbdbaf1bd8cf0afcf54571fa57e9efc1906209609ee30a1cc',(#1417,#1418,#1419,#1420));
#1422=ORIENTED_EDGE('',*,*,#1289,.T.);
#1423=ORIENTED_EDGE('',*,*,#1291,.T.);
#1424=ORIENTED_EDGE('',*,*,#1283,.F.);
#1425=ORIENTED_EDGE('',*,*,#1275,.F.);
#1426=EDGE_LOOP('OSCAD_TOPO/3|loop|l:1dfd0c827b1c7e9a5349456bbdc326ae|eb823e3d79a700f47f9becafdbbc82059fa1a5fb40932bedc87f3131effba169',(#1422,#1423,#1424,#1425));
#1427=ORIENTED_EDGE('',*,*,#1279,.T.);
#1428=ORIENTED_EDGE('',*,*,#1287,.F.);
#1429=ORIENTED_EDGE('',*,*,#1295,.F.);
#1430=ORIENTED_EDGE('',*,*,#1293,.F.);
#1431=EDGE_LOOP('OSCAD_TOPO/3|loop|l:49111cb7364d04ea11e3974e2aa54ef7|fbbf292221d27b913b6fb67a0848bb52aea3894c609e745371267635dd06a62e',(#1427,#1428,#1429,#1430));
#1432=ORIENTED_EDGE('',*,*,#1281,.T.);
#1433=ORIENTED_EDGE('',*,*,#1293,.T.);
#1434=ORIENTED_EDGE('',*,*,#1297,.F.);
#1435=ORIENTED_EDGE('',*,*,#1289,.F.);
#1436=EDGE_LOOP('OSCAD_TOPO/3|loop|l:0972a25cc5863ac7dc6b147313f2c821|caef93def908bca2be5bc3d2120a60ef750545e8be178ab55a6d59bbe8dfe183',(#1432,#1433,#1434,#1435));
#1437=ORIENTED_EDGE('',*,*,#1299,.T.);
#1438=ORIENTED_EDGE('',*,*,#1301,.T.);
#1439=ORIENTED_EDGE('',*,*,#1303,.T.);
#1440=ORIENTED_EDGE('',*,*,#1285,.F.);
#1441=EDGE_LOOP('OSCAD_TOPO/3|loop|l:53d7efbdba4667b07e05434b50a99893|bc5102fca1158f4edab89c434d83cee7c05b061602751364dbb10848bbecd67d',(#1437,#1438,#1439,#1440));
#1442=ORIENTED_EDGE('',*,*,#1305,.T.);
#1443=ORIENTED_EDGE('',*,*,#1307,.T.);
#1444=ORIENTED_EDGE('',*,*,#1299,.F.);
#1445=ORIENTED_EDGE('',*,*,#1291,.F.);
#1446=EDGE_LOOP('OSCAD_TOPO/3|loop|l:7750e173a11029f876eb6389296a1891|a3002ea4ec91c4ddfe67f8d6c5d9279fd0ec1b69cbd9bf5bd60d3c7fca59cb37',(#1442,#1443,#1444,#1445));
#1447=ORIENTED_EDGE('',*,*,#1295,.T.);
#1448=ORIENTED_EDGE('',*,*,#1303,.F.);
#1449=ORIENTED_EDGE('',*,*,#1311,.F.);
#1450=ORIENTED_EDGE('',*,*,#1309,.F.);
#1451=EDGE_LOOP('OSCAD_TOPO/3|loop|l:6cac977e6fc4ff217b87c8fc1be1aeb8|6d543ff35633bfeb8185b9de138fcf3830b5be047f270c264ca5e9153782ecb2',(#1447,#1448,#1449,#1450));
#1452=ORIENTED_EDGE('',*,*,#1297,.T.);
#1453=ORIENTED_EDGE('',*,*,#1309,.T.);
#1454=ORIENTED_EDGE('',*,*,#1313,.F.);
#1455=ORIENTED_EDGE('',*,*,#1305,.F.);
#1456=EDGE_LOOP('OSCAD_TOPO/3|loop|l:727820fbbd9211ffe4fccca566f289a2|1030a4f21d5ca5d0582b63720ccd8041b9ef9019e26ade5b4bbaf177221d2ecb',(#1452,#1453,#1454,#1455));
#1457=ORIENTED_EDGE('',*,*,#1315,.T.);
#1458=ORIENTED_EDGE('',*,*,#1209,.F.);
#1459=ORIENTED_EDGE('',*,*,#1317,.T.);
#1460=ORIENTED_EDGE('',*,*,#1301,.F.);
#1461=EDGE_LOOP('OSCAD_TOPO/3|loop|l:3ceea77907c972cea305da34632b85a6|109d533e9ff852a46a5cf427a9b9c47ab6e1693251931cf0a4d0d43229a50dea',(#1457,#1458,#1459,#1460));
#1462=ORIENTED_EDGE('',*,*,#1319,.T.);
#1463=ORIENTED_EDGE('',*,*,#1215,.F.);
#1464=ORIENTED_EDGE('',*,*,#1315,.F.);
#1465=ORIENTED_EDGE('',*,*,#1307,.F.);
#1466=EDGE_LOOP('OSCAD_TOPO/3|loop|l:a8fe0c9ccb6df1856ddb1adb06ed5b9a|8b4cced08ffe34cd9a5f2402f883d4ab3b0676eeec1ee9a8a1cd304d1e145a99',(#1462,#1463,#1464,#1465));
#1467=ORIENTED_EDGE('',*,*,#1311,.T.);
#1468=ORIENTED_EDGE('',*,*,#1317,.F.);
#1469=ORIENTED_EDGE('',*,*,#1221,.T.);
#1470=ORIENTED_EDGE('',*,*,#1321,.F.);
#1471=EDGE_LOOP('OSCAD_TOPO/3|loop|l:295cd551714519d539326415fab6c480|09ff5cd86dcf350b343900b42d9d4fab996ae866ae4bc9c44eb924d2e1e6122e',(#1467,#1468,#1469,#1470));
#1472=ORIENTED_EDGE('',*,*,#1313,.T.);
#1473=ORIENTED_EDGE('',*,*,#1321,.T.);
#1474=ORIENTED_EDGE('',*,*,#1225,.T.);
#1475=ORIENTED_EDGE('',*,*,#1319,.F.);
#1476=EDGE_LOOP('OSCAD_TOPO/3|loop|l:903cbb271f525a80bb5fc8c889227dba|df546901f36707d88cb352e6dd5a718e4a948b93ace47efeb3c29803a93c1f24',(#1472,#1473,#1474,#1475));
#1477=FACE_OUTER_BOUND('',#1326,.T.);
#1478=ADVANCED_FACE('OSCAD_TOPO/3|face|f:6eff44e3b8b7906bd16539b74bb81c46|d499841344ddaaafd7fc454ca3c019a16ba0d7f008f80f81056788e30ee1bb46',(#1477),#79,.T.);
#1479=FACE_OUTER_BOUND('',#1331,.T.);
#1480=ADVANCED_FACE('OSCAD_TOPO/3|face|f:ee16eefaac27d87b7bd968c0d3cec36b|051219fcbe04e7dc74b1dbb9372029353898b47362a7c12f7149415af41217c7',(#1479),#84,.T.);
#1481=FACE_OUTER_BOUND('',#1336,.T.);
#1482=ADVANCED_FACE('OSCAD_TOPO/3|face|f:172ae650e8606df9ed334b317696b909|9ef24e3aa3bb1e60e4428054e986e558563edb4c38e746a18e3e422bde9b7405',(#1481),#97,.T.);
#1483=FACE_OUTER_BOUND('',#1341,.T.);
#1484=ADVANCED_FACE('OSCAD_TOPO/3|face|f:ccfc78e52ac845542e51b30df39fa8ba|6455f3fa422de11913c60fae25c2500feb68a561ce71c17694ef57f5eecf83a9',(#1483),#110,.T.);
#1485=FACE_OUTER_BOUND('',#1346,.T.);
#1486=ADVANCED_FACE('OSCAD_TOPO/3|face|f:d3adc99b1dcd4a6237b4c5001e8cbcaf|0b2fac026a5905c0e33e57ad79078ca3e1b0dced37ff12c59b0133503b492c39',(#1485),#115,.T.);
#1487=FACE_OUTER_BOUND('',#1351,.T.);
#1488=ADVANCED_FACE('OSCAD_TOPO/3|face|f:3786ecdc6c5d3a0c79156f7def40dc48|bfbf0b446781b893741b2cdfc82bf41467101af9113987bee8661d452f292744',(#1487),#125,.T.);
#1489=FACE_OUTER_BOUND('',#1356,.T.);
#1490=ADVANCED_FACE('OSCAD_TOPO/3|face|f:e3d68037f7356dbd986e9eea89a032e6|7beccb517360acbaf4119540237eb8de25220f464cb436e37fd34105870c0ca2',(#1489),#84,.T.);
#1491=FACE_OUTER_BOUND('',#1361,.T.);
#1492=ADVANCED_FACE('OSCAD_TOPO/3|face|f:e99343ed0cba94609f3457456de49ee5|887c9d9c4866c834a1319c56de5ce2b62070a24477eb8ff34e960ef9029584b0',(#1491),#132,.T.);
#1493=FACE_OUTER_BOUND('',#1366,.T.);
#1494=ADVANCED_FACE('OSCAD_TOPO/3|face|f:b7cf063f08680958f7fa16f35a08c7ae|625194421530f4ecb63945ffc2a5d391e99785aab70a5d19b106a593e6752929',(#1493),#139,.T.);
#1495=FACE_OUTER_BOUND('',#1371,.T.);
#1496=ADVANCED_FACE('OSCAD_TOPO/3|face|f:7c5e9af2e8f325284578cec52abfc673|47e4a8f9dc37b5e272e08e44a2045a651cd681f0ccc9e2529eb1d9b9d52e2b0d',(#1495),#115,.T.);
#1497=FACE_OUTER_BOUND('',#1376,.T.);
#1498=ADVANCED_FACE('OSCAD_TOPO/3|face|f:01e72eb380d771042d0e932ed5186216|6b038a791a003f8ecd54c42aa3674a7e080a78ecc9e2a6041a22a21e134fd24b',(#1497),#158,.T.);
#1499=FACE_OUTER_BOUND('',#1381,.T.);
#1500=ADVANCED_FACE('OSCAD_TOPO/3|face|f:2f3ccf3e77ab0fe1a77cf200845b68d3|9fca7c0455370387702dd70f19a61cc87d57a75d1fab0018bb5f2c291ed1db66',(#1499),#84,.T.);
#1501=FACE_OUTER_BOUND('',#1386,.T.);
#1502=ADVANCED_FACE('OSCAD_TOPO/3|face|f:560f535db17f35d9e1d1ae0761a2a442|af197f26832e665417bda5c46173d5e823da9ed217fb9a24612d465b3d443c2d',(#1501),#171,.T.);
#1503=FACE_OUTER_BOUND('',#1391,.T.);
#1504=ADVANCED_FACE('OSCAD_TOPO/3|face|f:a131395b72b4e99b0cc9dc423173e233|b19935f605fa4fd32eb9c9a8fae4c457f5f40cefe273853440d6175a7226ca57',(#1503),#184,.T.);
#1505=FACE_OUTER_BOUND('',#1396,.T.);
#1506=ADVANCED_FACE('OSCAD_TOPO/3|face|f:98ca5d5ddddda30b0e6d60f9ffb0ec8a|72e4fb128124cf0f96b168c940fa1dda3f0d4760d0463d2f6c044d5e60f151c6',(#1505),#115,.T.);
#1507=FACE_OUTER_BOUND('',#1401,.T.);
#1508=ADVANCED_FACE('OSCAD_TOPO/3|face|f:f20169a15b7b5239757058dd6fcbd259|3612da8326a34a1d9a9ba0c671ec090aea91f21c8fa2a160f3fa3187ec3d41c9',(#1507),#84,.T.);
#1509=FACE_OUTER_BOUND('',#1406,.T.);
#1510=ADVANCED_FACE('OSCAD_TOPO/3|face|f:62d9a8f1dd87ba646943608cc0a9f91d|a5b95ba68f3946407b9a7f5d7214347a5cc7341fd3b611b5bc3c986111d92522',(#1509),#191,.T.);
#1511=FACE_OUTER_BOUND('',#1411,.T.);
#1512=ADVANCED_FACE('OSCAD_TOPO/3|face|f:cfaab1f72caa57a7d362462fbd37c5df|b12cad661093b9bdbcbc6a247b470d6b04458948c6e49481b12124c018af3b61',(#1511),#198,.T.);
#1513=FACE_OUTER_BOUND('',#1416,.T.);
#1514=ADVANCED_FACE('OSCAD_TOPO/3|face|f:91ec8db1a070d202af14484a88060425|71775817bbd5316e55b7a6d2a330553fbdbca7432b93f7d45c549aa7f3c60993',(#1513),#115,.T.);
#1515=FACE_OUTER_BOUND('',#1421,.T.);
#1516=ADVANCED_FACE('OSCAD_TOPO/3|face|f:d0b31ce6fc7427d8e4797c7b81d188d4|21b3d2e78c8903daad74e1340bac8a19e5765698f7c7a7f61fe7d18df32dcb76',(#1515),#84,.T.);
#1517=FACE_OUTER_BOUND('',#1426,.T.);
#1518=ADVANCED_FACE('OSCAD_TOPO/3|face|f:4b861df54665d00a53acb6af3948e0df|7616196016ea4256f66aa7b42fe520dfce902ab94b4bc4fa9c3e50b69814559c',(#1517),#205,.T.);
#1519=FACE_OUTER_BOUND('',#1431,.T.);
#1520=ADVANCED_FACE('OSCAD_TOPO/3|face|f:ed4e1c55400c28e784d55608ad4cdaa1|1d076ca38fd89bac2f94aecce91f680d9b3f1df201eeb8bf081f031d8dc7b60b',(#1519),#212,.T.);
#1521=FACE_OUTER_BOUND('',#1436,.T.);
#1522=ADVANCED_FACE('OSCAD_TOPO/3|face|f:f6114fdea552ad2f2a07b3d4cdf7ce42|cb6e6778d09406b774b86984959a4b92394cdee57f198190e1704a16e24d2fae',(#1521),#115,.T.);
#1523=FACE_OUTER_BOUND('',#1441,.T.);
#1524=ADVANCED_FACE('OSCAD_TOPO/3|face|f:81d2fc9b68b9384426aad1eccc3a6846|e61ccf693f41fb341c056760bdb1510ce588b30570c994841a998e91ed0cc46d',(#1523),#84,.T.);
#1525=FACE_OUTER_BOUND('',#1446,.T.);
#1526=ADVANCED_FACE('OSCAD_TOPO/3|face|f:a7d76978ba4d4c7ff90b2d4d070c571f|df57e930d8795c5e5606c780eb038b76ed70e4db2b70d69226f1874e6a6e7f9a',(#1525),#219,.T.);
#1527=FACE_OUTER_BOUND('',#1451,.T.);
#1528=ADVANCED_FACE('OSCAD_TOPO/3|face|f:0e9a0c29985261023f13e04a515ba946|277b2db91e540202b8f8c55c8e4b2109efbd56e8a6af6aee8cb14ae99ea6a0d5',(#1527),#226,.T.);
#1529=FACE_OUTER_BOUND('',#1456,.T.);
#1530=ADVANCED_FACE('OSCAD_TOPO/3|face|f:0fb83c9e0b0c9c3a55942d345f5cab0c|2138c44e1e3b598b4bc823ffef7272f44392914a1156799858317d68660097c2',(#1529),#115,.T.);
#1531=FACE_OUTER_BOUND('',#1461,.T.);
#1532=ADVANCED_FACE('OSCAD_TOPO/3|face|f:f0ec2c7b2e43cbe5f089043743938924|674253376929bc953f4274db82203e3ef322c3021d4f5dd1d0fcf8eafff30340',(#1531),#84,.T.);
#1533=FACE_OUTER_BOUND('',#1466,.T.);
#1534=ADVANCED_FACE('OSCAD_TOPO/3|face|f:e07090ba97ce59bd9cff737fd5b5da58|16528af904add6a3de3c2327a9e1f043c5540e72a950026328ad3ddf05a87d7e',(#1533),#233,.T.);
#1535=FACE_OUTER_BOUND('',#1471,.T.);
#1536=ADVANCED_FACE('OSCAD_TOPO/3|face|f:79d3c9b6c4b5741c8b8e29396f79eef7|df88ee0ce0a601bc0b184b7d20968037e3d69680e432b02c91c01f9e05d427ee',(#1535),#240,.T.);
#1537=FACE_OUTER_BOUND('',#1476,.T.);
#1538=ADVANCED_FACE('OSCAD_TOPO/3|face|f:f81ec2fac9d6c257d6256b78ee3d2efa|5ea19892ad4ad9f62caf11b9e57a3d770d6ca80c01bd41264458500fddaae034',(#1537),#115,.T.);
#1539=CLOSED_SHELL('OSCAD_TOPO/3|shell|s:8cb6c3572bb12c6ad305eb7a408f1f8f|d15bc05e5f01f2fd8df7c60a6d32ae3cd3e034968985121b29873f49b36e5701',(#1478,#1480,#1482,#1484,#1486,#1488,#1490,#1492,#1494,#1496,#1498,#1500,#1502,#1504,#1506,#1508,#1510,#1512,#1514,#1516,#1518,#1520,#1522,#1524,#1526,#1528,#1530,#1532,#1534,#1536,#1538));
#1540=MANIFOLD_SOLID_BREP('OSCAD_TOPO/3|body|b:baed9977a3ea12cb25da0b7a3b646718|874fc3e7cb4ff9f459bb1d44cc77f9fa3d0f0a4a93681c848b417ab998e573d9',#1539);
#1541=(LENGTH_UNIT()NAMED_UNIT(*)SI_UNIT(.MILLI.,.METRE.));
#1542=UNCERTAINTY_MEASURE_WITH_UNIT(LENGTH_MEASURE(9.99999999999999955E-8),#1541,'distance_accuracy_value','');
#1543=(GEOMETRIC_REPRESENTATION_CONTEXT(3)GLOBAL_UNCERTAINTY_ASSIGNED_CONTEXT((#1542))GLOBAL_UNIT_ASSIGNED_CONTEXT((#1541))REPRESENTATION_CONTEXT('','3D'));
#1544=ADVANCED_BREP_SHAPE_REPRESENTATION('',(#1540),#1543);
#1545=APPLICATION_CONTEXT('managed model based 3d engineering');
#1546=PRODUCT_CONTEXT('',#1545,'mechanical');
#1547=PRODUCT('model','model','',(#1546));
#1548=PRODUCT_DEFINITION_FORMATION('1','',#1547);
#1549=PRODUCT_DEFINITION_CONTEXT('part definition',#1545,'design');
#1550=PRODUCT_DEFINITION('design','',#1548,#1549);
#1551=PRODUCT_DEFINITION_SHAPE('','',#1550);
#1552=SHAPE_DEFINITION_REPRESENTATION(#1551,#1544);
ENDSEC;
END-ISO-10303-21;
