ISO-10303-21;
HEADER;
FILE_DESCRIPTION(('OpenSCAD Viewer retained AP242 B-rep'),'2;1');
FILE_NAME('model.step','',(''),(''),'OpenSCAD Viewer','OpenSCAD Viewer','');
FILE_SCHEMA(('AP242_MANAGED_MODEL_BASED_3D_ENGINEERING_MIM_LF'));
ENDSEC;
DATA;
#1=CARTESIAN_POINT('',(2.00000000000000000E1,0.00000000000000000E0,6.00000000000000000E0));
#2=VERTEX_POINT('OSCAD_TOPO/3|vertex|v:d3067954d870549101dae47bb73f791e|9584fa4324d34572467aafa8468b6a764f8775866bdfc447617c8e17e3b1c982',#1);
#3=CARTESIAN_POINT('',(1.86937195842322765E1,-1.45167079811183464E0,6.00000000000000000E0));
#4=VERTEX_POINT('OSCAD_TOPO/3|vertex|v:8512927d5afb92f8af663ed42a7db4f0|309cc3270831071b8d454f44fe32678cf852eafa20a224fb81cb9476d7404989',#3);
#5=CARTESIAN_POINT('',(1.99399675565144285E1,-1.54844885131929044E0,4.75000000000000000E0));
#6=VERTEX_POINT('OSCAD_TOPO/3|vertex|v:066d8c767492884570c074c162fc3252|4a86d522dca528211457dc77d436c72e5d8da6d496fa203a4592820aa633d985',#5);
#7=CARTESIAN_POINT('',(5.00000000000000000E0,0.00000000000000000E0,6.00000000000000000E0));
#8=VERTEX_POINT('OSCAD_TOPO/3|vertex|v:09b078da8d7b0f4865e5f28ec4a88023|c6d8f4335f6b625be585444ea5463ec83d64cd6aec0d58ee3ea72c944e928404',#7);
#9=CARTESIAN_POINT('',(4.98499188912860713E0,-3.87112212829822611E-1,6.00000000000000000E0));
#10=VERTEX_POINT('OSCAD_TOPO/3|vertex|v:b2476716cbcb2b92ee60ca3006e98f0c|60d83e7e6d0f5ac915722dfa5cd9d5cb98f109701ba51fb4227065094a3b9ed8',#9);
#11=CARTESIAN_POINT('',(2.00000000000000000E1,0.00000000000000000E0,0.00000000000000000E0));
#12=VERTEX_POINT('OSCAD_TOPO/3|vertex|v:eeafa1f193a00e53c2ad070631add22a|2f57866bfcf1365e4ee0c0c7b006e7d171e9cf8ecb8e6dcbbbe94f72a62d4823',#11);
#13=CARTESIAN_POINT('',(1.99399675565144285E1,-1.54844885131929044E0,0.00000000000000000E0));
#14=VERTEX_POINT('OSCAD_TOPO/3|vertex|v:799b01ee50bf262f2e9f2d1fd2a7b565|f26def694fccc9cdba0ac23b4c825a91f1020bef06b860b255b958450bebe45c',#13);
#15=CARTESIAN_POINT('',(5.00000000000000000E0,0.00000000000000000E0,0.00000000000000000E0));
#16=VERTEX_POINT('OSCAD_TOPO/3|vertex|v:ca0e371c0e65f05b5b78b9b603713aeb|4172a2f068046afc72ac3e751c4450c5c4a1bdf6a599d0c8bf438537a483418a',#15);
#17=CARTESIAN_POINT('',(4.98499188912860713E0,-3.87112212829822611E-1,0.00000000000000000E0));
#18=VERTEX_POINT('OSCAD_TOPO/3|vertex|v:ce277def2101aaf5648d80be45bbeaea|ab8f52829f02aa8e2e99233e5ac32ff76555dfc229dc5a8350e27fecf08f8264',#17);
#19=CARTESIAN_POINT('',(1.82455014203311592E1,-4.32020577295730757E0,6.00000000000000000E0));
#20=VERTEX_POINT('OSCAD_TOPO/3|vertex|v:6375c167e803866463609be5b3578812|e425ad1dad68415c8c9c2a13b6e0e817eff904d888722d19bf22dc0cf5372a35',#19);
#21=CARTESIAN_POINT('',(1.94618681816865688E1,-4.60821949115446117E0,4.75000000000000000E0));
#22=VERTEX_POINT('OSCAD_TOPO/3|vertex|v:1ce6ab11205ae0fc08a9dd70b22fc87d|7b9c9c5b0747ba6e73b302450b75a5a281ec874b7b09fe250cfe1b4857bbb20f',#21);
#23=CARTESIAN_POINT('',(4.86546704542164221E0,-1.15205487278861529E0,6.00000000000000000E0));
#24=VERTEX_POINT('OSCAD_TOPO/3|vertex|v:00c50fb2e78db4ade5ea495d006fb8ea|e2b54b8bf0ad7dbe3035b1883cef0d1c9b341270a6dfa3c38b6be4207f651cde',#23);
#25=CARTESIAN_POINT('',(1.94618681816865688E1,-4.60821949115446117E0,0.00000000000000000E0));
#26=VERTEX_POINT('OSCAD_TOPO/3|vertex|v:378533bd4077a795b6b96170ca306dbc|1425e8988b27fdb8092d77638b13a81ff8fab9bd42b6dddb234049d2693efe27',#25);
#27=CARTESIAN_POINT('',(4.86546704542164221E0,-1.15205487278861529E0,0.00000000000000000E0));
#28=VERTEX_POINT('OSCAD_TOPO/3|vertex|v:9005e5b2d6472d83399c90aa0603024f|5e3fc31a37b7fa22f3520f6db0e91c6e6788ab4f21ccb5d5e8d8c46b8d8625c6',#27);
#29=CARTESIAN_POINT('',(1.90466713977142668E1,-6.10117272886887019E0,6.00000000000000000E0));
#30=VERTEX_POINT('OSCAD_TOPO/3|vertex|v:2440a7a49b3c46a2c0127350b4125174|68c7a46515853ce24551e8ba3442af1bfdcd646e7dc0edba7805a22e6f4ce34a',#29);
#31=CARTESIAN_POINT('',(4.76166784942856669E0,-1.52529318221721755E0,6.00000000000000000E0));
#32=VERTEX_POINT('OSCAD_TOPO/3|vertex|v:0ca5876d535786d7dfd485f7a6234554|bf9bc1ef0ed07c17b059450181462cc80ca299cac9b3f6c3cb7761331347070e',#31);
#33=CARTESIAN_POINT('',(1.90466713977142668E1,-6.10117272886887019E0,0.00000000000000000E0));
#34=VERTEX_POINT('OSCAD_TOPO/3|vertex|v:0015afb9c99115eec00bda7983367149|6170c5e86aee6fda5b0c3af028f127410cc723c10e30604635b217699d8f6449',#33);
#35=CARTESIAN_POINT('',(4.76166784942856669E0,-1.52529318221721755E0,0.00000000000000000E0));
#36=VERTEX_POINT('OSCAD_TOPO/3|vertex|v:e138ffa0e6339a8023b2752132839450|35ea1f88c972819338b197641242fc3a695bc0d426a2a3bf99ce2d80e36d4d2e',#35);
#37=CARTESIAN_POINT('',(-1.15205487278861574E0,-4.86546704542164221E0,6.00000000000000000E0));
#38=VERTEX_POINT('OSCAD_TOPO/3|vertex|v:7e726736851ea241280648b2df4d3db0|08da3baefdb1d48d0f5677b643b3689a973c06a4c5c9467c136750031a628a6a',#37);
#39=CARTESIAN_POINT('',(-4.60821949115446294E0,-1.94618681816865688E1,6.00000000000000000E0));
#40=VERTEX_POINT('OSCAD_TOPO/3|vertex|v:3d990d28af871ea7728e919193a6f13a|c575af7afd4d5f50ae44f9ac6fad9d3d06ae6f7c3c7e7ca379f7a9b6dbb4665e',#39);
#41=CARTESIAN_POINT('',(-4.60821949115446294E0,-1.94618681816865688E1,0.00000000000000000E0));
#42=VERTEX_POINT('OSCAD_TOPO/3|vertex|v:143a5d7115191ee1f32b8d4ba9dd1c58|9a7bb0a5726966184e6dbaf0fcd63d25c97562d4680fcd3154ad08f6b2afb86e',#41);
#43=CARTESIAN_POINT('',(-1.15205487278861574E0,-4.86546704542164221E0,0.00000000000000000E0));
#44=VERTEX_POINT('OSCAD_TOPO/3|vertex|v:47afb713c6cfad9c1b18d6ed4dc6281e|0ae1fdd4c24c80e7b29c3b25054494e47ded410b3259a05d7031df711e3c1c18',#43);
#45=CARTESIAN_POINT('',(-4.94005765387119933E0,7.71900496455717677E-1,6.00000000000000000E0));
#46=VERTEX_POINT('OSCAD_TOPO/3|vertex|v:84ac2c5aa595f0e416dca9a370afa78e|a0d7e76478698130ebe3ab473225b16521d9e209ad82ce2617bedc3238b00e32',#45);
#47=CARTESIAN_POINT('',(-1.97602306154847973E1,3.08760198582287071E0,6.00000000000000000E0));
#48=VERTEX_POINT('OSCAD_TOPO/3|vertex|v:9ab99426a4ab19a8c900cc6bf3540754|ead0162a7e2ab32f9da275827bfefd2923013cbfcaf66c3f02a2b6f0c19b3407',#47);
#49=CARTESIAN_POINT('',(-1.97602306154847973E1,3.08760198582287071E0,0.00000000000000000E0));
#50=VERTEX_POINT('OSCAD_TOPO/3|vertex|v:721fc87bbee4b65f07446f604c5829fa|684c77ceceefd47e4f82675672246f662ccc3e98ccbceb6617986031cfe47523',#49);
#51=CARTESIAN_POINT('',(-4.94005765387119933E0,7.71900496455717677E-1,0.00000000000000000E0));
#52=VERTEX_POINT('OSCAD_TOPO/3|vertex|v:e53e872e7b287eb3c0c99cbe64a9bf56|ea9340fbf2b48ab5e28a250e44b0734abc1a88622f6df50838b78e74edca6749',#51);
#53=CARTESIAN_POINT('',(3.87112212829824553E-1,4.98499188912860713E0,6.00000000000000000E0));
#54=VERTEX_POINT('OSCAD_TOPO/3|vertex|v:656d4fa5632aca9dbd6cba9044ec1bb7|fb7a747c743dd59d3f4550609b5848bcf56b303388646960105df6a4743fd7ef',#53);
#55=CARTESIAN_POINT('',(1.54844885131929821E0,1.99399675565144285E1,6.00000000000000000E0));
#56=VERTEX_POINT('OSCAD_TOPO/3|vertex|v:3629f126c18fe674f2e3fa36e9a21487|37848f238c0d61791b7d34a19fa78844b1febd47a729a461d7948424e69bb2ef',#55);
#57=CARTESIAN_POINT('',(1.54844885131929821E0,1.99399675565144285E1,0.00000000000000000E0));
#58=VERTEX_POINT('OSCAD_TOPO/3|vertex|v:41d9aaf149ee73f14260a2bbf9b8b2a3|54dfc4d2823d13a3ab44a1a698eec4402e717eeb4a335aae8e958cbd52bd0e56',#57);
#59=CARTESIAN_POINT('',(3.87112212829824553E-1,4.98499188912860713E0,0.00000000000000000E0));
#60=VERTEX_POINT('OSCAD_TOPO/3|vertex|v:ab8f69b45d214996f261c2e169e9e438|eea9fcce1457335c36e8fc179099c8fc7036584dcec2b9466ee392daaa712002',#59);
#61=CARTESIAN_POINT('',(2.00000000000000000E1,0.00000000000000000E0,6.00000000000000000E0));
#62=CARTESIAN_POINT('',(2.00000000000000000E1,0.00000000000000000E0,6.00000000000000000E0));
#63=CARTESIAN_POINT('',(2.00000000000000000E1,0.00000000000000000E0,6.00000000000000000E0));
#64=CARTESIAN_POINT('',(2.00000000000000000E1,-3.10015514980351958E-1,6.00000000000000000E0));
#65=CARTESIAN_POINT('',(1.99999999999999964E1,-3.10015514980352014E-1,5.99999999999999911E0));
#66=CARTESIAN_POINT('',(2.00000000000000000E1,-3.10015514980351958E-1,6.00000000000000000E0));
#67=CARTESIAN_POINT('',(1.96188250697417850E1,-6.20007781958935911E-1,5.99999999999999911E0));
#68=CARTESIAN_POINT('',(1.99939940504973954E1,-6.20007781958935911E-1,6.00000000000000089E0));
#69=CARTESIAN_POINT('',(1.99939940504973990E1,-6.20007781958935911E-1,5.62483101924438600E0));
#70=CARTESIAN_POINT('',(1.91071511322478180E1,-9.00768783102416037E-1,6.00000000000000089E0));
#71=CARTESIAN_POINT('',(1.99819821514922005E1,-9.29837103186488378E-1,6.00000000000000089E0));
#72=CARTESIAN_POINT('',(1.99819821514921969E1,-9.29837103186488489E-1,5.12516898075561578E0));
#73=CARTESIAN_POINT('',(1.87162216077352035E1,-1.16190364292163162E0,6.00000000000000000E0));
#74=CARTESIAN_POINT('',(1.99639697149175497E1,-1.23936388578307355E0,5.99999999999999911E0));
#75=CARTESIAN_POINT('',(1.99639697149175497E1,-1.23936388578307377E0,4.75000000000000089E0));
#76=CARTESIAN_POINT('',(1.86937195842322765E1,-1.45167079811183464E0,6.00000000000000000E0));
#77=CARTESIAN_POINT('',(1.99399675565144285E1,-1.54844885131929044E0,6.00000000000000000E0));
#78=CARTESIAN_POINT('',(1.99399675565144285E1,-1.54844885131929044E0,4.75000000000000000E0));
#79=(BOUNDED_SURFACE()B_SPLINE_SURFACE(5,2,((#61,#62,#63),(#64,#65,#66),(#67,#68,#69),(#70,#71,#72),(#73,#74,#75),(#76,#77,#78)),.UNSPECIFIED.,.F.,.F.,.F.)B_SPLINE_SURFACE_WITH_KNOTS((6,6),(3,3),(0.00000000000000000E0,1.00000000000000000E0),(0.00000000000000000E0,1.00000000000000000E0),.UNSPECIFIED.)GEOMETRIC_REPRESENTATION_ITEM()RATIONAL_B_SPLINE_SURFACE(((1.00000000000000000E0,7.07106781186547573E-1,1.00000000000000000E0),(9.99699725076284906E-1,7.06894454751768375E-1,9.99699725076284906E-1),(9.99549587614427248E-1,7.06788291534378610E-1,9.99549587614427248E-1),(9.99549587614427137E-1,7.06788291534378610E-1,9.99549587614427137E-1),(9.99699725076284906E-1,7.06894454751768375E-1,9.99699725076284906E-1),(1.00000000000000000E0,7.07106781186547573E-1,1.00000000000000000E0)))REPRESENTATION_ITEM('')SURFACE());
#80=CARTESIAN_POINT('',(-2.00000000000000000E1,-2.00000000000000000E1,6.00000000000000000E0));
#81=CARTESIAN_POINT('',(-2.00000000000000000E1,2.00000000000000000E1,6.00000000000000000E0));
#82=CARTESIAN_POINT('',(2.00000000000000000E1,-2.00000000000000000E1,6.00000000000000000E0));
#83=CARTESIAN_POINT('',(2.00000000000000000E1,2.00000000000000000E1,6.00000000000000000E0));
#84=B_SPLINE_SURFACE_WITH_KNOTS('',1,1,((#80,#81),(#82,#83)),.UNSPECIFIED.,.F.,.F.,.F.,(2,2),(2,2),(0.00000000000000000E0,1.00000000000000000E0),(0.00000000000000000E0,1.00000000000000000E0),.UNSPECIFIED.);
#85=CARTESIAN_POINT('',(1.99399675565144285E1,-1.54844885131929044E0,0.00000000000000000E0));
#86=CARTESIAN_POINT('',(1.99399675565144285E1,-1.54844885131929044E0,6.00000000000000000E0));
#87=CARTESIAN_POINT('',(1.99639697149175497E1,-1.23936388578307377E0,0.00000000000000000E0));
#88=CARTESIAN_POINT('',(1.99639697149175497E1,-1.23936388578307377E0,6.00000000000000000E0));
#89=CARTESIAN_POINT('',(1.99819821514921969E1,-9.29837103186488489E-1,0.00000000000000000E0));
#90=CARTESIAN_POINT('',(1.99819821514921969E1,-9.29837103186488489E-1,6.00000000000000000E0));
#91=CARTESIAN_POINT('',(1.99939940504973990E1,-6.20007781958935911E-1,0.00000000000000000E0));
#92=CARTESIAN_POINT('',(1.99939940504973990E1,-6.20007781958935911E-1,6.00000000000000000E0));
#93=CARTESIAN_POINT('',(2.00000000000000000E1,-3.10015514980351958E-1,0.00000000000000000E0));
#94=CARTESIAN_POINT('',(2.00000000000000000E1,-3.10015514980351958E-1,6.00000000000000000E0));
#95=CARTESIAN_POINT('',(2.00000000000000000E1,0.00000000000000000E0,0.00000000000000000E0));
#96=CARTESIAN_POINT('',(2.00000000000000000E1,0.00000000000000000E0,6.00000000000000000E0));
#97=(BOUNDED_SURFACE()B_SPLINE_SURFACE(5,1,((#85,#86),(#87,#88),(#89,#90),(#91,#92),(#93,#94),(#95,#96)),.UNSPECIFIED.,.F.,.F.,.F.)B_SPLINE_SURFACE_WITH_KNOTS((6,6),(2,2),(0.00000000000000000E0,1.00000000000000000E0),(0.00000000000000000E0,1.00000000000000000E0),.UNSPECIFIED.)GEOMETRIC_REPRESENTATION_ITEM()RATIONAL_B_SPLINE_SURFACE(((1.00000000000000000E0,1.00000000000000000E0),(9.99699725076284906E-1,9.99699725076284906E-1),(9.99549587614427137E-1,9.99549587614427137E-1),(9.99549587614427248E-1,9.99549587614427248E-1),(9.99699725076284906E-1,9.99699725076284906E-1),(1.00000000000000000E0,1.00000000000000000E0)))REPRESENTATION_ITEM('')SURFACE());
#98=CARTESIAN_POINT('',(5.00000000000000000E0,0.00000000000000000E0,0.00000000000000000E0));
#99=CARTESIAN_POINT('',(5.00000000000000000E0,0.00000000000000000E0,6.00000000000000000E0));
#100=CARTESIAN_POINT('',(5.00000000000000000E0,-7.75038787450879896E-2,0.00000000000000000E0));
#101=CARTESIAN_POINT('',(5.00000000000000000E0,-7.75038787450879896E-2,6.00000000000000000E0));
#102=CARTESIAN_POINT('',(4.99849851262434974E0,-1.55001945489733978E-1,0.00000000000000000E0));
#103=CARTESIAN_POINT('',(4.99849851262434974E0,-1.55001945489733978E-1,6.00000000000000000E0));
#104=CARTESIAN_POINT('',(4.99549553787304923E0,-2.32459275796622122E-1,0.00000000000000000E0));
#105=CARTESIAN_POINT('',(4.99549553787304923E0,-2.32459275796622122E-1,6.00000000000000000E0));
#106=CARTESIAN_POINT('',(4.99099242872938742E0,-3.09840971445768443E-1,0.00000000000000000E0));
#107=CARTESIAN_POINT('',(4.99099242872938742E0,-3.09840971445768443E-1,6.00000000000000000E0));
#108=CARTESIAN_POINT('',(4.98499188912860713E0,-3.87112212829822611E-1,0.00000000000000000E0));
#109=CARTESIAN_POINT('',(4.98499188912860713E0,-3.87112212829822611E-1,6.00000000000000000E0));
#110=(BOUNDED_SURFACE()B_SPLINE_SURFACE(5,1,((#98,#99),(#100,#101),(#102,#103),(#104,#105),(#106,#107),(#108,#109)),.UNSPECIFIED.,.F.,.F.,.F.)B_SPLINE_SURFACE_WITH_KNOTS((6,6),(2,2),(0.00000000000000000E0,1.00000000000000000E0),(0.00000000000000000E0,1.00000000000000000E0),.UNSPECIFIED.)GEOMETRIC_REPRESENTATION_ITEM()RATIONAL_B_SPLINE_SURFACE(((1.00000000000000000E0,1.00000000000000000E0),(9.99699725076284906E-1,9.99699725076284906E-1),(9.99549587614427248E-1,9.99549587614427248E-1),(9.99549587614427137E-1,9.99549587614427137E-1),(9.99699725076284906E-1,9.99699725076284906E-1),(1.00000000000000000E0,1.00000000000000000E0)))REPRESENTATION_ITEM('')SURFACE());
#111=CARTESIAN_POINT('',(2.00000000000000000E1,-2.00000000000000000E1,0.00000000000000000E0));
#112=CARTESIAN_POINT('',(2.00000000000000000E1,2.00000000000000000E1,0.00000000000000000E0));
#113=CARTESIAN_POINT('',(-2.00000000000000000E1,-2.00000000000000000E1,0.00000000000000000E0));
#114=CARTESIAN_POINT('',(-2.00000000000000000E1,2.00000000000000000E1,0.00000000000000000E0));
#115=B_SPLINE_SURFACE_WITH_KNOTS('',1,1,((#111,#112),(#113,#114)),.UNSPECIFIED.,.F.,.F.,.F.,(2,2),(2,2),(0.00000000000000000E0,1.00000000000000000E0),(0.00000000000000000E0,1.00000000000000000E0),.UNSPECIFIED.);
#116=CARTESIAN_POINT('',(1.86937195842322765E1,-1.45167079811183464E0,6.00000000000000000E0));
#117=CARTESIAN_POINT('',(1.99399675565144285E1,-1.54844885131929044E0,6.00000000000000000E0));
#118=CARTESIAN_POINT('',(1.99399675565144285E1,-1.54844885131929044E0,4.75000000000000000E0));
#119=CARTESIAN_POINT('',(1.85809893115545925E1,-2.90334159622366883E0,6.00000000000000000E0));
#120=CARTESIAN_POINT('',(1.98197219323248994E1,-3.09689770263858044E0,6.00000000000000000E0));
#121=CARTESIAN_POINT('',(1.98197219323248994E1,-3.09689770263858044E0,4.75000000000000000E0));
#122=CARTESIAN_POINT('',(1.82455014203311592E1,-4.32020577295730757E0,6.00000000000000000E0));
#123=CARTESIAN_POINT('',(1.94618681816865688E1,-4.60821949115446117E0,6.00000000000000000E0));
#124=CARTESIAN_POINT('',(1.94618681816865688E1,-4.60821949115446117E0,4.75000000000000000E0));
#125=(BOUNDED_SURFACE()B_SPLINE_SURFACE(2,2,((#116,#117,#118),(#119,#120,#121),(#122,#123,#124)),.UNSPECIFIED.,.F.,.F.,.F.)B_SPLINE_SURFACE_WITH_KNOTS((3,3),(3,3),(0.00000000000000000E0,1.00000000000000000E0),(0.00000000000000000E0,1.00000000000000000E0),.UNSPECIFIED.)GEOMETRIC_REPRESENTATION_ITEM()RATIONAL_B_SPLINE_SURFACE(((1.00000000000000000E0,7.07106781186547573E-1,1.00000000000000000E0),(9.96998377825721427E-1,7.04984313792555328E-1,9.96998377825721427E-1),(1.00000000000000000E0,7.07106781186547573E-1,1.00000000000000000E0)))REPRESENTATION_ITEM('')SURFACE());
#126=CARTESIAN_POINT('',(1.94618681816865688E1,-4.60821949115446117E0,0.00000000000000000E0));
#127=CARTESIAN_POINT('',(1.94618681816865688E1,-4.60821949115446117E0,6.00000000000000000E0));
#128=CARTESIAN_POINT('',(1.98197219323248994E1,-3.09689770263858044E0,0.00000000000000000E0));
#129=CARTESIAN_POINT('',(1.98197219323248994E1,-3.09689770263858044E0,6.00000000000000000E0));
#130=CARTESIAN_POINT('',(1.99399675565144285E1,-1.54844885131929044E0,0.00000000000000000E0));
#131=CARTESIAN_POINT('',(1.99399675565144285E1,-1.54844885131929044E0,6.00000000000000000E0));
#132=(BOUNDED_SURFACE()B_SPLINE_SURFACE(2,1,((#126,#127),(#128,#129),(#130,#131)),.UNSPECIFIED.,.F.,.F.,.F.)B_SPLINE_SURFACE_WITH_KNOTS((3,3),(2,2),(0.00000000000000000E0,1.00000000000000000E0),(0.00000000000000000E0,1.00000000000000000E0),.UNSPECIFIED.)GEOMETRIC_REPRESENTATION_ITEM()RATIONAL_B_SPLINE_SURFACE(((1.00000000000000000E0,1.00000000000000000E0),(9.96998377825721427E-1,9.96998377825721427E-1),(1.00000000000000000E0,1.00000000000000000E0)))REPRESENTATION_ITEM('')SURFACE());
#133=CARTESIAN_POINT('',(4.98499188912860713E0,-3.87112212829822611E-1,0.00000000000000000E0));
#134=CARTESIAN_POINT('',(4.98499188912860713E0,-3.87112212829822611E-1,6.00000000000000000E0));
#135=CARTESIAN_POINT('',(4.95493048308122486E0,-7.74224425659645110E-1,0.00000000000000000E0));
#136=CARTESIAN_POINT('',(4.95493048308122486E0,-7.74224425659645110E-1,6.00000000000000000E0));
#137=CARTESIAN_POINT('',(4.86546704542164221E0,-1.15205487278861529E0,0.00000000000000000E0));
#138=CARTESIAN_POINT('',(4.86546704542164221E0,-1.15205487278861529E0,6.00000000000000000E0));
#139=(BOUNDED_SURFACE()B_SPLINE_SURFACE(2,1,((#133,#134),(#135,#136),(#137,#138)),.UNSPECIFIED.,.F.,.F.,.F.)B_SPLINE_SURFACE_WITH_KNOTS((3,3),(2,2),(0.00000000000000000E0,1.00000000000000000E0),(0.00000000000000000E0,1.00000000000000000E0),.UNSPECIFIED.)GEOMETRIC_REPRESENTATION_ITEM()RATIONAL_B_SPLINE_SURFACE(((1.00000000000000000E0,1.00000000000000000E0),(9.96998377825721427E-1,9.96998377825721427E-1),(1.00000000000000000E0,1.00000000000000000E0)))REPRESENTATION_ITEM('')SURFACE());
#140=CARTESIAN_POINT('',(1.82455014203311592E1,-4.32020577295730757E0,6.00000000000000000E0));
#141=CARTESIAN_POINT('',(1.94618681816865688E1,-4.60821949115446117E0,6.00000000000000000E0));
#142=CARTESIAN_POINT('',(1.94618681816865688E1,-4.60821949115446117E0,4.75000000000000000E0));
#143=CARTESIAN_POINT('',(1.81785348794549364E1,-4.60302519890224193E0,6.00000000000000000E0));
#144=CARTESIAN_POINT('',(1.93904372047519331E1,-4.90989354549572532E0,5.99999999999999911E0));
#145=CARTESIAN_POINT('',(1.93904372047519331E1,-4.90989354549572532E0,4.75000000000000089E0));
#146=CARTESIAN_POINT('',(1.84711687448434532E1,-4.97096911986878176E0,5.99999999999999911E0));
#147=CARTESIAN_POINT('',(1.93131672345357650E1,-5.21016114068165681E0,6.00000000000000089E0));
#148=CARTESIAN_POINT('',(1.93131672345357615E1,-5.21016114068165592E0,5.12516898075561489E0));
#149=CARTESIAN_POINT('',(1.88728044441792413E1,-5.39443780004799844E0,6.00000000000000089E0));
#150=CARTESIAN_POINT('',(1.92300904589326223E1,-5.50888633775318226E0,6.00000000000000089E0));
#151=CARTESIAN_POINT('',(1.92300904589326223E1,-5.50888633775318315E0,5.62483101924438511E0));
#152=CARTESIAN_POINT('',(1.91412443079904833E1,-5.80593454676767351E0,6.00000000000000000E0));
#153=CARTESIAN_POINT('',(1.91412443079904868E1,-5.80593454676767262E0,5.99999999999999911E0));
#154=CARTESIAN_POINT('',(1.91412443079904833E1,-5.80593454676767351E0,6.00000000000000000E0));
#155=CARTESIAN_POINT('',(1.90466713977142668E1,-6.10117272886887019E0,6.00000000000000000E0));
#156=CARTESIAN_POINT('',(1.90466713977142668E1,-6.10117272886887019E0,6.00000000000000000E0));
#157=CARTESIAN_POINT('',(1.90466713977142668E1,-6.10117272886887019E0,6.00000000000000000E0));
#158=(BOUNDED_SURFACE()B_SPLINE_SURFACE(5,2,((#140,#141,#142),(#143,#144,#145),(#146,#147,#148),(#149,#150,#151),(#152,#153,#154),(#155,#156,#157)),.UNSPECIFIED.,.F.,.F.,.F.)B_SPLINE_SURFACE_WITH_KNOTS((6,6),(3,3),(0.00000000000000000E0,1.00000000000000000E0),(0.00000000000000000E0,1.00000000000000000E0),.UNSPECIFIED.)GEOMETRIC_REPRESENTATION_ITEM()RATIONAL_B_SPLINE_SURFACE(((1.00000000000000000E0,7.07106781186547573E-1,1.00000000000000000E0),(9.99699725076284906E-1,7.06894454751768375E-1,9.99699725076284906E-1),(9.99549587614427248E-1,7.06788291534378610E-1,9.99549587614427248E-1),(9.99549587614427137E-1,7.06788291534378610E-1,9.99549587614427137E-1),(9.99699725076284906E-1,7.06894454751768375E-1,9.99699725076284906E-1),(1.00000000000000000E0,7.07106781186547573E-1,1.00000000000000000E0)))REPRESENTATION_ITEM('')SURFACE());
#159=CARTESIAN_POINT('',(1.90466713977142668E1,-6.10117272886887019E0,0.00000000000000000E0));
#160=CARTESIAN_POINT('',(1.90466713977142668E1,-6.10117272886887019E0,6.00000000000000000E0));
#161=CARTESIAN_POINT('',(1.91412443079904833E1,-5.80593454676767351E0,0.00000000000000000E0));
#162=CARTESIAN_POINT('',(1.91412443079904833E1,-5.80593454676767351E0,6.00000000000000000E0));
#163=CARTESIAN_POINT('',(1.92300904589326223E1,-5.50888633775318315E0,0.00000000000000000E0));
#164=CARTESIAN_POINT('',(1.92300904589326223E1,-5.50888633775318315E0,6.00000000000000000E0));
#165=CARTESIAN_POINT('',(1.93131672345357615E1,-5.21016114068165592E0,0.00000000000000000E0));
#166=CARTESIAN_POINT('',(1.93131672345357615E1,-5.21016114068165592E0,6.00000000000000000E0));
#167=CARTESIAN_POINT('',(1.93904372047519331E1,-4.90989354549572532E0,0.00000000000000000E0));
#168=CARTESIAN_POINT('',(1.93904372047519331E1,-4.90989354549572532E0,6.00000000000000000E0));
#169=CARTESIAN_POINT('',(1.94618681816865688E1,-4.60821949115446117E0,0.00000000000000000E0));
#170=CARTESIAN_POINT('',(1.94618681816865688E1,-4.60821949115446117E0,6.00000000000000000E0));
#171=(BOUNDED_SURFACE()B_SPLINE_SURFACE(5,1,((#159,#160),(#161,#162),(#163,#164),(#165,#166),(#167,#168),(#169,#170)),.UNSPECIFIED.,.F.,.F.,.F.)B_SPLINE_SURFACE_WITH_KNOTS((6,6),(2,2),(0.00000000000000000E0,1.00000000000000000E0),(0.00000000000000000E0,1.00000000000000000E0),.UNSPECIFIED.)GEOMETRIC_REPRESENTATION_ITEM()RATIONAL_B_SPLINE_SURFACE(((1.00000000000000000E0,1.00000000000000000E0),(9.99699725076284906E-1,9.99699725076284906E-1),(9.99549587614427137E-1,9.99549587614427137E-1),(9.99549587614427248E-1,9.99549587614427248E-1),(9.99699725076284906E-1,9.99699725076284906E-1),(1.00000000000000000E0,1.00000000000000000E0)))REPRESENTATION_ITEM('')SURFACE());
#172=CARTESIAN_POINT('',(4.86546704542164221E0,-1.15205487278861529E0,0.00000000000000000E0));
#173=CARTESIAN_POINT('',(4.86546704542164221E0,-1.15205487278861529E0,6.00000000000000000E0));
#174=CARTESIAN_POINT('',(4.84760930118798328E0,-1.22747338637393133E0,0.00000000000000000E0));
#175=CARTESIAN_POINT('',(4.84760930118798328E0,-1.22747338637393133E0,6.00000000000000000E0));
#176=CARTESIAN_POINT('',(4.82829180863394036E0,-1.30254028517041398E0,0.00000000000000000E0));
#177=CARTESIAN_POINT('',(4.82829180863394036E0,-1.30254028517041398E0,6.00000000000000000E0));
#178=CARTESIAN_POINT('',(4.80752261473315556E0,-1.37722158443829579E0,0.00000000000000000E0));
#179=CARTESIAN_POINT('',(4.80752261473315556E0,-1.37722158443829579E0,6.00000000000000000E0));
#180=CARTESIAN_POINT('',(4.78531107699762082E0,-1.45148363669191838E0,0.00000000000000000E0));
#181=CARTESIAN_POINT('',(4.78531107699762082E0,-1.45148363669191838E0,6.00000000000000000E0));
#182=CARTESIAN_POINT('',(4.76166784942856669E0,-1.52529318221721755E0,0.00000000000000000E0));
#183=CARTESIAN_POINT('',(4.76166784942856669E0,-1.52529318221721755E0,6.00000000000000000E0));
#184=(BOUNDED_SURFACE()B_SPLINE_SURFACE(5,1,((#172,#173),(#174,#175),(#176,#177),(#178,#179),(#180,#181),(#182,#183)),.UNSPECIFIED.,.F.,.F.,.F.)B_SPLINE_SURFACE_WITH_KNOTS((6,6),(2,2),(0.00000000000000000E0,1.00000000000000000E0),(0.00000000000000000E0,1.00000000000000000E0),.UNSPECIFIED.)GEOMETRIC_REPRESENTATION_ITEM()RATIONAL_B_SPLINE_SURFACE(((1.00000000000000000E0,1.00000000000000000E0),(9.99699725076284906E-1,9.99699725076284906E-1),(9.99549587614427248E-1,9.99549587614427248E-1),(9.99549587614427137E-1,9.99549587614427137E-1),(9.99699725076284906E-1,9.99699725076284906E-1),(1.00000000000000000E0,1.00000000000000000E0)))REPRESENTATION_ITEM('')SURFACE());
#185=CARTESIAN_POINT('',(-4.60821949115446294E0,-1.94618681816865688E1,0.00000000000000000E0));
#186=CARTESIAN_POINT('',(-4.60821949115446294E0,-1.94618681816865688E1,6.00000000000000000E0));
#187=CARTESIAN_POINT('',(1.34009199512992527E1,-2.37261076998499192E1,0.00000000000000000E0));
#188=CARTESIAN_POINT('',(1.34009199512992527E1,-2.37261076998499192E1,6.00000000000000000E0));
#189=CARTESIAN_POINT('',(1.90466713977142668E1,-6.10117272886887019E0,0.00000000000000000E0));
#190=CARTESIAN_POINT('',(1.90466713977142668E1,-6.10117272886887019E0,6.00000000000000000E0));
#191=(BOUNDED_SURFACE()B_SPLINE_SURFACE(2,1,((#185,#186),(#187,#188),(#189,#190)),.UNSPECIFIED.,.F.,.F.,.F.)B_SPLINE_SURFACE_WITH_KNOTS((3,3),(2,2),(0.00000000000000000E0,1.00000000000000000E0),(0.00000000000000000E0,1.00000000000000000E0),.UNSPECIFIED.)GEOMETRIC_REPRESENTATION_ITEM()RATIONAL_B_SPLINE_SURFACE(((1.00000000000000000E0,1.00000000000000000E0),(7.33969496152927503E-1,7.33969496152927503E-1),(1.00000000000000000E0,1.00000000000000000E0)))REPRESENTATION_ITEM('')SURFACE());
#192=CARTESIAN_POINT('',(4.76166784942856669E0,-1.52529318221721755E0,0.00000000000000000E0));
#193=CARTESIAN_POINT('',(4.76166784942856669E0,-1.52529318221721755E0,6.00000000000000000E0));
#194=CARTESIAN_POINT('',(3.35022998782481318E0,-5.93152692496247980E0,0.00000000000000000E0));
#195=CARTESIAN_POINT('',(3.35022998782481318E0,-5.93152692496247980E0,6.00000000000000000E0));
#196=CARTESIAN_POINT('',(-1.15205487278861574E0,-4.86546704542164221E0,0.00000000000000000E0));
#197=CARTESIAN_POINT('',(-1.15205487278861574E0,-4.86546704542164221E0,6.00000000000000000E0));
#198=(BOUNDED_SURFACE()B_SPLINE_SURFACE(2,1,((#192,#193),(#194,#195),(#196,#197)),.UNSPECIFIED.,.F.,.F.,.F.)B_SPLINE_SURFACE_WITH_KNOTS((3,3),(2,2),(0.00000000000000000E0,1.00000000000000000E0),(0.00000000000000000E0,1.00000000000000000E0),.UNSPECIFIED.)GEOMETRIC_REPRESENTATION_ITEM()RATIONAL_B_SPLINE_SURFACE(((1.00000000000000000E0,1.00000000000000000E0),(7.33969496152927503E-1,7.33969496152927503E-1),(1.00000000000000000E0,1.00000000000000000E0)))REPRESENTATION_ITEM('')SURFACE());
#199=CARTESIAN_POINT('',(-1.97602306154847973E1,3.08760198582287071E0,0.00000000000000000E0));
#200=CARTESIAN_POINT('',(-1.97602306154847973E1,3.08760198582287071E0,6.00000000000000000E0));
#201=CARTESIAN_POINT('',(-2.26173589336081733E1,-1.51976286635232203E1,0.00000000000000000E0));
#202=CARTESIAN_POINT('',(-2.26173589336081733E1,-1.51976286635232203E1,6.00000000000000000E0));
#203=CARTESIAN_POINT('',(-4.60821949115446294E0,-1.94618681816865688E1,0.00000000000000000E0));
#204=CARTESIAN_POINT('',(-4.60821949115446294E0,-1.94618681816865688E1,6.00000000000000000E0));
#205=(BOUNDED_SURFACE()B_SPLINE_SURFACE(2,1,((#199,#200),(#201,#202),(#203,#204)),.UNSPECIFIED.,.F.,.F.,.F.)B_SPLINE_SURFACE_WITH_KNOTS((3,3),(2,2),(0.00000000000000000E0,1.00000000000000000E0),(0.00000000000000000E0,1.00000000000000000E0),.UNSPECIFIED.)GEOMETRIC_REPRESENTATION_ITEM()RATIONAL_B_SPLINE_SURFACE(((1.00000000000000000E0,1.00000000000000000E0),(7.33969496152927503E-1,7.33969496152927503E-1),(1.00000000000000000E0,1.00000000000000000E0)))REPRESENTATION_ITEM('')SURFACE());
#206=CARTESIAN_POINT('',(-1.15205487278861574E0,-4.86546704542164221E0,0.00000000000000000E0));
#207=CARTESIAN_POINT('',(-1.15205487278861574E0,-4.86546704542164221E0,6.00000000000000000E0));
#208=CARTESIAN_POINT('',(-5.65433973340204332E0,-3.79940716588080551E0,0.00000000000000000E0));
#209=CARTESIAN_POINT('',(-5.65433973340204332E0,-3.79940716588080551E0,6.00000000000000000E0));
#210=CARTESIAN_POINT('',(-4.94005765387119933E0,7.71900496455717677E-1,0.00000000000000000E0));
#211=CARTESIAN_POINT('',(-4.94005765387119933E0,7.71900496455717677E-1,6.00000000000000000E0));
#212=(BOUNDED_SURFACE()B_SPLINE_SURFACE(2,1,((#206,#207),(#208,#209),(#210,#211)),.UNSPECIFIED.,.F.,.F.,.F.)B_SPLINE_SURFACE_WITH_KNOTS((3,3),(2,2),(0.00000000000000000E0,1.00000000000000000E0),(0.00000000000000000E0,1.00000000000000000E0),.UNSPECIFIED.)GEOMETRIC_REPRESENTATION_ITEM()RATIONAL_B_SPLINE_SURFACE(((1.00000000000000000E0,1.00000000000000000E0),(7.33969496152927503E-1,7.33969496152927503E-1),(1.00000000000000000E0,1.00000000000000000E0)))REPRESENTATION_ITEM('')SURFACE());
#213=CARTESIAN_POINT('',(1.54844885131929821E0,1.99399675565144285E1,0.00000000000000000E0));
#214=CARTESIAN_POINT('',(1.54844885131929821E0,1.99399675565144285E1,6.00000000000000000E0));
#215=CARTESIAN_POINT('',(-1.69031022973614249E1,2.13728326351689510E1,0.00000000000000000E0));
#216=CARTESIAN_POINT('',(-1.69031022973614249E1,2.13728326351689510E1,6.00000000000000000E0));
#217=CARTESIAN_POINT('',(-1.97602306154847973E1,3.08760198582287071E0,0.00000000000000000E0));
#218=CARTESIAN_POINT('',(-1.97602306154847973E1,3.08760198582287071E0,6.00000000000000000E0));
#219=(BOUNDED_SURFACE()B_SPLINE_SURFACE(2,1,((#213,#214),(#215,#216),(#217,#218)),.UNSPECIFIED.,.F.,.F.,.F.)B_SPLINE_SURFACE_WITH_KNOTS((3,3),(2,2),(0.00000000000000000E0,1.00000000000000000E0),(0.00000000000000000E0,1.00000000000000000E0),.UNSPECIFIED.)GEOMETRIC_REPRESENTATION_ITEM()RATIONAL_B_SPLINE_SURFACE(((1.00000000000000000E0,1.00000000000000000E0),(7.33969496152927503E-1,7.33969496152927503E-1),(1.00000000000000000E0,1.00000000000000000E0)))REPRESENTATION_ITEM('')SURFACE());
#220=CARTESIAN_POINT('',(-4.94005765387119933E0,7.71900496455717677E-1,0.00000000000000000E0));
#221=CARTESIAN_POINT('',(-4.94005765387119933E0,7.71900496455717677E-1,6.00000000000000000E0));
#222=CARTESIAN_POINT('',(-4.22577557434035622E0,5.34320815879223776E0,0.00000000000000000E0));
#223=CARTESIAN_POINT('',(-4.22577557434035622E0,5.34320815879223776E0,6.00000000000000000E0));
#224=CARTESIAN_POINT('',(3.87112212829824553E-1,4.98499188912860713E0,0.00000000000000000E0));
#225=CARTESIAN_POINT('',(3.87112212829824553E-1,4.98499188912860713E0,6.00000000000000000E0));
#226=(BOUNDED_SURFACE()B_SPLINE_SURFACE(2,1,((#220,#221),(#222,#223),(#224,#225)),.UNSPECIFIED.,.F.,.F.,.F.)B_SPLINE_SURFACE_WITH_KNOTS((3,3),(2,2),(0.00000000000000000E0,1.00000000000000000E0),(0.00000000000000000E0,1.00000000000000000E0),.UNSPECIFIED.)GEOMETRIC_REPRESENTATION_ITEM()RATIONAL_B_SPLINE_SURFACE(((1.00000000000000000E0,1.00000000000000000E0),(7.33969496152927503E-1,7.33969496152927503E-1),(1.00000000000000000E0,1.00000000000000000E0)))REPRESENTATION_ITEM('')SURFACE());
#227=CARTESIAN_POINT('',(2.00000000000000000E1,0.00000000000000000E0,0.00000000000000000E0));
#228=CARTESIAN_POINT('',(2.00000000000000000E1,0.00000000000000000E0,6.00000000000000000E0));
#229=CARTESIAN_POINT('',(2.00000000000000036E1,1.85071024778598989E1,0.00000000000000000E0));
#230=CARTESIAN_POINT('',(2.00000000000000036E1,1.85071024778598989E1,6.00000000000000000E0));
#231=CARTESIAN_POINT('',(1.54844885131929821E0,1.99399675565144285E1,0.00000000000000000E0));
#232=CARTESIAN_POINT('',(1.54844885131929821E0,1.99399675565144285E1,6.00000000000000000E0));
#233=(BOUNDED_SURFACE()B_SPLINE_SURFACE(2,1,((#227,#228),(#229,#230),(#231,#232)),.UNSPECIFIED.,.F.,.F.,.F.)B_SPLINE_SURFACE_WITH_KNOTS((3,3),(2,2),(0.00000000000000000E0,1.00000000000000000E0),(0.00000000000000000E0,1.00000000000000000E0),.UNSPECIFIED.)GEOMETRIC_REPRESENTATION_ITEM()RATIONAL_B_SPLINE_SURFACE(((1.00000000000000000E0,1.00000000000000000E0),(7.33969496152927503E-1,7.33969496152927503E-1),(1.00000000000000000E0,1.00000000000000000E0)))REPRESENTATION_ITEM('')SURFACE());
#234=CARTESIAN_POINT('',(3.87112212829824553E-1,4.98499188912860713E0,0.00000000000000000E0));
#235=CARTESIAN_POINT('',(3.87112212829824553E-1,4.98499188912860713E0,6.00000000000000000E0));
#236=CARTESIAN_POINT('',(5.00000000000000089E0,4.62677561946497473E0,0.00000000000000000E0));
#237=CARTESIAN_POINT('',(5.00000000000000089E0,4.62677561946497473E0,6.00000000000000000E0));
#238=CARTESIAN_POINT('',(5.00000000000000000E0,0.00000000000000000E0,0.00000000000000000E0));
#239=CARTESIAN_POINT('',(5.00000000000000000E0,0.00000000000000000E0,6.00000000000000000E0));
#240=(BOUNDED_SURFACE()B_SPLINE_SURFACE(2,1,((#234,#235),(#236,#237),(#238,#239)),.UNSPECIFIED.,.F.,.F.,.F.)B_SPLINE_SURFACE_WITH_KNOTS((3,3),(2,2),(0.00000000000000000E0,1.00000000000000000E0),(0.00000000000000000E0,1.00000000000000000E0),.UNSPECIFIED.)GEOMETRIC_REPRESENTATION_ITEM()RATIONAL_B_SPLINE_SURFACE(((1.00000000000000000E0,1.00000000000000000E0),(7.33969496152927503E-1,7.33969496152927503E-1),(1.00000000000000000E0,1.00000000000000000E0)))REPRESENTATION_ITEM('')SURFACE());
#241=CARTESIAN_POINT('',(2.00000000000000000E1,0.00000000000000000E0,6.00000000000000000E0));
#242=CARTESIAN_POINT('',(2.00000000000000000E1,-3.10015514980351958E-1,6.00000000000000000E0));
#243=CARTESIAN_POINT('',(1.96188250697417850E1,-6.20007781958935911E-1,5.99999999999999911E0));
#244=CARTESIAN_POINT('',(1.91071511322478180E1,-9.00768783102416037E-1,6.00000000000000089E0));
#245=CARTESIAN_POINT('',(1.87162216077352035E1,-1.16190364292163162E0,6.00000000000000000E0));
#246=CARTESIAN_POINT('',(1.86937195842322765E1,-1.45167079811183464E0,6.00000000000000000E0));
#247=(BOUNDED_CURVE()B_SPLINE_CURVE(5,(#241,#242,#243,#244,#245,#246),.UNSPECIFIED.,.F.,.F.)B_SPLINE_CURVE_WITH_KNOTS((6,6),(0.00000000000000000E0,1.00000000000000000E0),.UNSPECIFIED.)CURVE()GEOMETRIC_REPRESENTATION_ITEM()RATIONAL_B_SPLINE_CURVE((1.00000000000000000E0,9.99699725076284906E-1,9.99549587614427248E-1,9.99549587614427137E-1,9.99699725076284906E-1,1.00000000000000000E0))REPRESENTATION_ITEM(''));
#248=CARTESIAN_POINT('',(1.86937195842322765E1,-1.45167079811183464E0,6.00000000000000000E0));
#249=CARTESIAN_POINT('',(1.99399675565144285E1,-1.54844885131929044E0,6.00000000000000000E0));
#250=CARTESIAN_POINT('',(1.99399675565144285E1,-1.54844885131929044E0,4.75000000000000000E0));
#251=(BOUNDED_CURVE()B_SPLINE_CURVE(2,(#248,#249,#250),.UNSPECIFIED.,.F.,.F.)B_SPLINE_CURVE_WITH_KNOTS((3,3),(0.00000000000000000E0,1.00000000000000000E0),.UNSPECIFIED.)CURVE()GEOMETRIC_REPRESENTATION_ITEM()RATIONAL_B_SPLINE_CURVE((1.00000000000000000E0,7.07106781186547573E-1,1.00000000000000000E0))REPRESENTATION_ITEM(''));
#252=CARTESIAN_POINT('',(1.99399675565144285E1,-1.54844885131929044E0,4.75000000000000000E0));
#253=CARTESIAN_POINT('',(1.99639697149175497E1,-1.23936388578307377E0,4.75000000000000089E0));
#254=CARTESIAN_POINT('',(1.99819821514921969E1,-9.29837103186488489E-1,5.12516898075561578E0));
#255=CARTESIAN_POINT('',(1.99939940504973990E1,-6.20007781958935911E-1,5.62483101924438600E0));
#256=CARTESIAN_POINT('',(2.00000000000000000E1,-3.10015514980351958E-1,6.00000000000000000E0));
#257=CARTESIAN_POINT('',(2.00000000000000000E1,0.00000000000000000E0,6.00000000000000000E0));
#258=(BOUNDED_CURVE()B_SPLINE_CURVE(5,(#252,#253,#254,#255,#256,#257),.UNSPECIFIED.,.F.,.F.)B_SPLINE_CURVE_WITH_KNOTS((6,6),(0.00000000000000000E0,1.00000000000000000E0),.UNSPECIFIED.)CURVE()GEOMETRIC_REPRESENTATION_ITEM()RATIONAL_B_SPLINE_CURVE((1.00000000000000000E0,9.99699725076284906E-1,9.99549587614427137E-1,9.99549587614427248E-1,9.99699725076284906E-1,1.00000000000000000E0))REPRESENTATION_ITEM(''));
#259=CARTESIAN_POINT('',(2.00000000000000000E1,0.00000000000000000E0,6.00000000000000000E0));
#260=CARTESIAN_POINT('',(2.00000000000000000E1,0.00000000000000000E0,6.00000000000000000E0));
#261=CARTESIAN_POINT('',(2.00000000000000000E1,0.00000000000000000E0,6.00000000000000000E0));
#262=(BOUNDED_CURVE()B_SPLINE_CURVE(2,(#259,#260,#261),.UNSPECIFIED.,.F.,.F.)B_SPLINE_CURVE_WITH_KNOTS((3,3),(0.00000000000000000E0,1.00000000000000000E0),.UNSPECIFIED.)CURVE()GEOMETRIC_REPRESENTATION_ITEM()RATIONAL_B_SPLINE_CURVE((1.00000000000000000E0,7.07106781186547573E-1,1.00000000000000000E0))REPRESENTATION_ITEM(''));
#263=CARTESIAN_POINT('',(2.00000000000000000E1,0.00000000000000000E0,6.00000000000000000E0));
#264=CARTESIAN_POINT('',(5.00000000000000000E0,0.00000000000000000E0,6.00000000000000000E0));
#265=B_SPLINE_CURVE_WITH_KNOTS('',1,(#263,#264),.UNSPECIFIED.,.F.,.F.,(2,2),(0.00000000000000000E0,1.00000000000000000E0),.UNSPECIFIED.);
#266=CARTESIAN_POINT('',(5.00000000000000000E0,0.00000000000000000E0,6.00000000000000000E0));
#267=CARTESIAN_POINT('',(5.00000000000000000E0,-7.75038787450879896E-2,6.00000000000000000E0));
#268=CARTESIAN_POINT('',(4.99849851262434974E0,-1.55001945489733978E-1,6.00000000000000000E0));
#269=CARTESIAN_POINT('',(4.99549553787304923E0,-2.32459275796622122E-1,6.00000000000000000E0));
#270=CARTESIAN_POINT('',(4.99099242872938742E0,-3.09840971445768443E-1,6.00000000000000000E0));
#271=CARTESIAN_POINT('',(4.98499188912860713E0,-3.87112212829822611E-1,6.00000000000000000E0));
#272=(BOUNDED_CURVE()B_SPLINE_CURVE(5,(#266,#267,#268,#269,#270,#271),.UNSPECIFIED.,.F.,.F.)B_SPLINE_CURVE_WITH_KNOTS((6,6),(0.00000000000000000E0,1.00000000000000000E0),.UNSPECIFIED.)CURVE()GEOMETRIC_REPRESENTATION_ITEM()RATIONAL_B_SPLINE_CURVE((1.00000000000000000E0,9.99699725076284906E-1,9.99549587614427248E-1,9.99549587614427137E-1,9.99699725076284906E-1,1.00000000000000000E0))REPRESENTATION_ITEM(''));
#273=CARTESIAN_POINT('',(4.98499188912860713E0,-3.87112212829822611E-1,6.00000000000000000E0));
#274=CARTESIAN_POINT('',(1.86937195842322765E1,-1.45167079811183464E0,6.00000000000000000E0));
#275=B_SPLINE_CURVE_WITH_KNOTS('',1,(#273,#274),.UNSPECIFIED.,.F.,.F.,(2,2),(0.00000000000000000E0,1.00000000000000000E0),.UNSPECIFIED.);
#276=CARTESIAN_POINT('',(2.00000000000000000E1,0.00000000000000000E0,0.00000000000000000E0));
#277=CARTESIAN_POINT('',(2.00000000000000000E1,-3.10015514980351958E-1,0.00000000000000000E0));
#278=CARTESIAN_POINT('',(1.99939940504973990E1,-6.20007781958935911E-1,0.00000000000000000E0));
#279=CARTESIAN_POINT('',(1.99819821514921969E1,-9.29837103186488489E-1,0.00000000000000000E0));
#280=CARTESIAN_POINT('',(1.99639697149175497E1,-1.23936388578307377E0,0.00000000000000000E0));
#281=CARTESIAN_POINT('',(1.99399675565144285E1,-1.54844885131929044E0,0.00000000000000000E0));
#282=(BOUNDED_CURVE()B_SPLINE_CURVE(5,(#276,#277,#278,#279,#280,#281),.UNSPECIFIED.,.F.,.F.)B_SPLINE_CURVE_WITH_KNOTS((6,6),(0.00000000000000000E0,1.00000000000000000E0),.UNSPECIFIED.)CURVE()GEOMETRIC_REPRESENTATION_ITEM()RATIONAL_B_SPLINE_CURVE((1.00000000000000000E0,9.99699725076284906E-1,9.99549587614427248E-1,9.99549587614427137E-1,9.99699725076284906E-1,1.00000000000000000E0))REPRESENTATION_ITEM(''));
#283=CARTESIAN_POINT('',(1.99399675565144285E1,-1.54844885131929044E0,0.00000000000000000E0));
#284=CARTESIAN_POINT('',(1.99399675565144285E1,-1.54844885131929044E0,4.75000000000000000E0));
#285=B_SPLINE_CURVE_WITH_KNOTS('',1,(#283,#284),.UNSPECIFIED.,.F.,.F.,(2,2),(0.00000000000000000E0,1.00000000000000000E0),.UNSPECIFIED.);
#286=CARTESIAN_POINT('',(2.00000000000000000E1,0.00000000000000000E0,6.00000000000000000E0));
#287=CARTESIAN_POINT('',(2.00000000000000000E1,0.00000000000000000E0,0.00000000000000000E0));
#288=B_SPLINE_CURVE_WITH_KNOTS('',1,(#286,#287),.UNSPECIFIED.,.F.,.F.,(2,2),(0.00000000000000000E0,1.00000000000000000E0),.UNSPECIFIED.);
#289=CARTESIAN_POINT('',(5.00000000000000000E0,0.00000000000000000E0,0.00000000000000000E0));
#290=CARTESIAN_POINT('',(5.00000000000000000E0,-7.75038787450879896E-2,0.00000000000000000E0));
#291=CARTESIAN_POINT('',(4.99849851262434974E0,-1.55001945489733978E-1,0.00000000000000000E0));
#292=CARTESIAN_POINT('',(4.99549553787304923E0,-2.32459275796622122E-1,0.00000000000000000E0));
#293=CARTESIAN_POINT('',(4.99099242872938742E0,-3.09840971445768443E-1,0.00000000000000000E0));
#294=CARTESIAN_POINT('',(4.98499188912860713E0,-3.87112212829822611E-1,0.00000000000000000E0));
#295=(BOUNDED_CURVE()B_SPLINE_CURVE(5,(#289,#290,#291,#292,#293,#294),.UNSPECIFIED.,.F.,.F.)B_SPLINE_CURVE_WITH_KNOTS((6,6),(0.00000000000000000E0,1.00000000000000000E0),.UNSPECIFIED.)CURVE()GEOMETRIC_REPRESENTATION_ITEM()RATIONAL_B_SPLINE_CURVE((1.00000000000000000E0,9.99699725076284906E-1,9.99549587614427248E-1,9.99549587614427137E-1,9.99699725076284906E-1,1.00000000000000000E0))REPRESENTATION_ITEM(''));
#296=CARTESIAN_POINT('',(4.98499188912860713E0,-3.87112212829822611E-1,0.00000000000000000E0));
#297=CARTESIAN_POINT('',(4.98499188912860713E0,-3.87112212829822611E-1,6.00000000000000000E0));
#298=B_SPLINE_CURVE_WITH_KNOTS('',1,(#296,#297),.UNSPECIFIED.,.F.,.F.,(2,2),(0.00000000000000000E0,1.00000000000000000E0),.UNSPECIFIED.);
#299=CARTESIAN_POINT('',(5.00000000000000000E0,0.00000000000000000E0,6.00000000000000000E0));
#300=CARTESIAN_POINT('',(5.00000000000000000E0,0.00000000000000000E0,0.00000000000000000E0));
#301=B_SPLINE_CURVE_WITH_KNOTS('',1,(#299,#300),.UNSPECIFIED.,.F.,.F.,(2,2),(0.00000000000000000E0,1.00000000000000000E0),.UNSPECIFIED.);
#302=CARTESIAN_POINT('',(2.00000000000000000E1,0.00000000000000000E0,0.00000000000000000E0));
#303=CARTESIAN_POINT('',(5.00000000000000000E0,0.00000000000000000E0,0.00000000000000000E0));
#304=B_SPLINE_CURVE_WITH_KNOTS('',1,(#302,#303),.UNSPECIFIED.,.F.,.F.,(2,2),(0.00000000000000000E0,1.00000000000000000E0),.UNSPECIFIED.);
#305=CARTESIAN_POINT('',(4.98499188912860713E0,-3.87112212829822611E-1,0.00000000000000000E0));
#306=CARTESIAN_POINT('',(1.99399675565144285E1,-1.54844885131929044E0,0.00000000000000000E0));
#307=B_SPLINE_CURVE_WITH_KNOTS('',1,(#305,#306),.UNSPECIFIED.,.F.,.F.,(2,2),(0.00000000000000000E0,1.00000000000000000E0),.UNSPECIFIED.);
#308=CARTESIAN_POINT('',(1.86937195842322765E1,-1.45167079811183464E0,6.00000000000000000E0));
#309=CARTESIAN_POINT('',(1.85809893115545961E1,-2.90334159622366927E0,6.00000000000000000E0));
#310=CARTESIAN_POINT('',(1.82455014203311592E1,-4.32020577295730757E0,6.00000000000000000E0));
#311=(BOUNDED_CURVE()B_SPLINE_CURVE(2,(#308,#309,#310),.UNSPECIFIED.,.F.,.F.)B_SPLINE_CURVE_WITH_KNOTS((3,3),(0.00000000000000000E0,1.00000000000000000E0),.UNSPECIFIED.)CURVE()GEOMETRIC_REPRESENTATION_ITEM()RATIONAL_B_SPLINE_CURVE((1.00000000000000000E0,9.96998377825721427E-1,1.00000000000000000E0))REPRESENTATION_ITEM(''));
#312=CARTESIAN_POINT('',(1.82455014203311592E1,-4.32020577295730757E0,6.00000000000000000E0));
#313=CARTESIAN_POINT('',(1.94618681816865688E1,-4.60821949115446117E0,6.00000000000000000E0));
#314=CARTESIAN_POINT('',(1.94618681816865688E1,-4.60821949115446117E0,4.75000000000000000E0));
#315=(BOUNDED_CURVE()B_SPLINE_CURVE(2,(#312,#313,#314),.UNSPECIFIED.,.F.,.F.)B_SPLINE_CURVE_WITH_KNOTS((3,3),(0.00000000000000000E0,1.00000000000000000E0),.UNSPECIFIED.)CURVE()GEOMETRIC_REPRESENTATION_ITEM()RATIONAL_B_SPLINE_CURVE((1.00000000000000000E0,7.07106781186547573E-1,1.00000000000000000E0))REPRESENTATION_ITEM(''));
#316=CARTESIAN_POINT('',(1.94618681816865688E1,-4.60821949115446117E0,4.75000000000000000E0));
#317=CARTESIAN_POINT('',(1.98197219323248994E1,-3.09689770263858044E0,4.75000000000000000E0));
#318=CARTESIAN_POINT('',(1.99399675565144285E1,-1.54844885131929044E0,4.75000000000000000E0));
#319=(BOUNDED_CURVE()B_SPLINE_CURVE(2,(#316,#317,#318),.UNSPECIFIED.,.F.,.F.)B_SPLINE_CURVE_WITH_KNOTS((3,3),(0.00000000000000000E0,1.00000000000000000E0),.UNSPECIFIED.)CURVE()GEOMETRIC_REPRESENTATION_ITEM()RATIONAL_B_SPLINE_CURVE((1.00000000000000000E0,9.96998377825721427E-1,1.00000000000000000E0))REPRESENTATION_ITEM(''));
#320=CARTESIAN_POINT('',(4.98499188912860713E0,-3.87112212829822611E-1,6.00000000000000000E0));
#321=CARTESIAN_POINT('',(4.95493048308122486E0,-7.74224425659645110E-1,6.00000000000000000E0));
#322=CARTESIAN_POINT('',(4.86546704542164221E0,-1.15205487278861529E0,6.00000000000000000E0));
#323=(BOUNDED_CURVE()B_SPLINE_CURVE(2,(#320,#321,#322),.UNSPECIFIED.,.F.,.F.)B_SPLINE_CURVE_WITH_KNOTS((3,3),(0.00000000000000000E0,1.00000000000000000E0),.UNSPECIFIED.)CURVE()GEOMETRIC_REPRESENTATION_ITEM()RATIONAL_B_SPLINE_CURVE((1.00000000000000000E0,9.96998377825721427E-1,1.00000000000000000E0))REPRESENTATION_ITEM(''));
#324=CARTESIAN_POINT('',(4.86546704542164221E0,-1.15205487278861529E0,6.00000000000000000E0));
#325=CARTESIAN_POINT('',(1.82455014203311592E1,-4.32020577295730757E0,6.00000000000000000E0));
#326=B_SPLINE_CURVE_WITH_KNOTS('',1,(#324,#325),.UNSPECIFIED.,.F.,.F.,(2,2),(0.00000000000000000E0,1.00000000000000000E0),.UNSPECIFIED.);
#327=CARTESIAN_POINT('',(1.99399675565144285E1,-1.54844885131929044E0,0.00000000000000000E0));
#328=CARTESIAN_POINT('',(1.98197219323248994E1,-3.09689770263858044E0,0.00000000000000000E0));
#329=CARTESIAN_POINT('',(1.94618681816865688E1,-4.60821949115446117E0,0.00000000000000000E0));
#330=(BOUNDED_CURVE()B_SPLINE_CURVE(2,(#327,#328,#329),.UNSPECIFIED.,.F.,.F.)B_SPLINE_CURVE_WITH_KNOTS((3,3),(0.00000000000000000E0,1.00000000000000000E0),.UNSPECIFIED.)CURVE()GEOMETRIC_REPRESENTATION_ITEM()RATIONAL_B_SPLINE_CURVE((1.00000000000000000E0,9.96998377825721427E-1,1.00000000000000000E0))REPRESENTATION_ITEM(''));
#331=CARTESIAN_POINT('',(1.94618681816865688E1,-4.60821949115446117E0,0.00000000000000000E0));
#332=CARTESIAN_POINT('',(1.94618681816865688E1,-4.60821949115446117E0,4.75000000000000000E0));
#333=B_SPLINE_CURVE_WITH_KNOTS('',1,(#331,#332),.UNSPECIFIED.,.F.,.F.,(2,2),(0.00000000000000000E0,1.00000000000000000E0),.UNSPECIFIED.);
#334=CARTESIAN_POINT('',(4.98499188912860713E0,-3.87112212829822611E-1,0.00000000000000000E0));
#335=CARTESIAN_POINT('',(4.95493048308122486E0,-7.74224425659645110E-1,0.00000000000000000E0));
#336=CARTESIAN_POINT('',(4.86546704542164221E0,-1.15205487278861529E0,0.00000000000000000E0));
#337=(BOUNDED_CURVE()B_SPLINE_CURVE(2,(#334,#335,#336),.UNSPECIFIED.,.F.,.F.)B_SPLINE_CURVE_WITH_KNOTS((3,3),(0.00000000000000000E0,1.00000000000000000E0),.UNSPECIFIED.)CURVE()GEOMETRIC_REPRESENTATION_ITEM()RATIONAL_B_SPLINE_CURVE((1.00000000000000000E0,9.96998377825721427E-1,1.00000000000000000E0))REPRESENTATION_ITEM(''));
#338=CARTESIAN_POINT('',(4.86546704542164221E0,-1.15205487278861529E0,0.00000000000000000E0));
#339=CARTESIAN_POINT('',(4.86546704542164221E0,-1.15205487278861529E0,6.00000000000000000E0));
#340=B_SPLINE_CURVE_WITH_KNOTS('',1,(#338,#339),.UNSPECIFIED.,.F.,.F.,(2,2),(0.00000000000000000E0,1.00000000000000000E0),.UNSPECIFIED.);
#341=CARTESIAN_POINT('',(4.86546704542164221E0,-1.15205487278861529E0,0.00000000000000000E0));
#342=CARTESIAN_POINT('',(1.94618681816865688E1,-4.60821949115446117E0,0.00000000000000000E0));
#343=B_SPLINE_CURVE_WITH_KNOTS('',1,(#341,#342),.UNSPECIFIED.,.F.,.F.,(2,2),(0.00000000000000000E0,1.00000000000000000E0),.UNSPECIFIED.);
#344=CARTESIAN_POINT('',(1.82455014203311592E1,-4.32020577295730757E0,6.00000000000000000E0));
#345=CARTESIAN_POINT('',(1.81785348794549364E1,-4.60302519890224193E0,6.00000000000000000E0));
#346=CARTESIAN_POINT('',(1.84711687448434532E1,-4.97096911986878176E0,5.99999999999999911E0));
#347=CARTESIAN_POINT('',(1.88728044441792413E1,-5.39443780004799844E0,6.00000000000000089E0));
#348=CARTESIAN_POINT('',(1.91412443079904833E1,-5.80593454676767351E0,6.00000000000000000E0));
#349=CARTESIAN_POINT('',(1.90466713977142668E1,-6.10117272886887019E0,6.00000000000000000E0));
#350=(BOUNDED_CURVE()B_SPLINE_CURVE(5,(#344,#345,#346,#347,#348,#349),.UNSPECIFIED.,.F.,.F.)B_SPLINE_CURVE_WITH_KNOTS((6,6),(0.00000000000000000E0,1.00000000000000000E0),.UNSPECIFIED.)CURVE()GEOMETRIC_REPRESENTATION_ITEM()RATIONAL_B_SPLINE_CURVE((1.00000000000000000E0,9.99699725076284906E-1,9.99549587614427248E-1,9.99549587614427137E-1,9.99699725076284906E-1,1.00000000000000000E0))REPRESENTATION_ITEM(''));
#351=CARTESIAN_POINT('',(1.90466713977142668E1,-6.10117272886887019E0,6.00000000000000000E0));
#352=CARTESIAN_POINT('',(1.90466713977142668E1,-6.10117272886887019E0,6.00000000000000000E0));
#353=CARTESIAN_POINT('',(1.90466713977142668E1,-6.10117272886887019E0,6.00000000000000000E0));
#354=(BOUNDED_CURVE()B_SPLINE_CURVE(2,(#351,#352,#353),.UNSPECIFIED.,.F.,.F.)B_SPLINE_CURVE_WITH_KNOTS((3,3),(0.00000000000000000E0,1.00000000000000000E0),.UNSPECIFIED.)CURVE()GEOMETRIC_REPRESENTATION_ITEM()RATIONAL_B_SPLINE_CURVE((1.00000000000000000E0,7.07106781186547573E-1,1.00000000000000000E0))REPRESENTATION_ITEM(''));
#355=CARTESIAN_POINT('',(1.90466713977142668E1,-6.10117272886887019E0,6.00000000000000000E0));
#356=CARTESIAN_POINT('',(1.91412443079904833E1,-5.80593454676767351E0,6.00000000000000000E0));
#357=CARTESIAN_POINT('',(1.92300904589326223E1,-5.50888633775318315E0,5.62483101924438511E0));
#358=CARTESIAN_POINT('',(1.93131672345357615E1,-5.21016114068165592E0,5.12516898075561489E0));
#359=CARTESIAN_POINT('',(1.93904372047519331E1,-4.90989354549572532E0,4.75000000000000089E0));
#360=CARTESIAN_POINT('',(1.94618681816865688E1,-4.60821949115446117E0,4.75000000000000000E0));
#361=(BOUNDED_CURVE()B_SPLINE_CURVE(5,(#355,#356,#357,#358,#359,#360),.UNSPECIFIED.,.F.,.F.)B_SPLINE_CURVE_WITH_KNOTS((6,6),(0.00000000000000000E0,1.00000000000000000E0),.UNSPECIFIED.)CURVE()GEOMETRIC_REPRESENTATION_ITEM()RATIONAL_B_SPLINE_CURVE((1.00000000000000000E0,9.99699725076284906E-1,9.99549587614427137E-1,9.99549587614427248E-1,9.99699725076284906E-1,1.00000000000000000E0))REPRESENTATION_ITEM(''));
#362=CARTESIAN_POINT('',(4.86546704542164221E0,-1.15205487278861529E0,6.00000000000000000E0));
#363=CARTESIAN_POINT('',(4.84760930118798328E0,-1.22747338637393133E0,6.00000000000000000E0));
#364=CARTESIAN_POINT('',(4.82829180863394036E0,-1.30254028517041398E0,6.00000000000000000E0));
#365=CARTESIAN_POINT('',(4.80752261473315556E0,-1.37722158443829579E0,6.00000000000000000E0));
#366=CARTESIAN_POINT('',(4.78531107699762082E0,-1.45148363669191838E0,6.00000000000000000E0));
#367=CARTESIAN_POINT('',(4.76166784942856669E0,-1.52529318221721755E0,6.00000000000000000E0));
#368=(BOUNDED_CURVE()B_SPLINE_CURVE(5,(#362,#363,#364,#365,#366,#367),.UNSPECIFIED.,.F.,.F.)B_SPLINE_CURVE_WITH_KNOTS((6,6),(0.00000000000000000E0,1.00000000000000000E0),.UNSPECIFIED.)CURVE()GEOMETRIC_REPRESENTATION_ITEM()RATIONAL_B_SPLINE_CURVE((1.00000000000000000E0,9.99699725076284906E-1,9.99549587614427248E-1,9.99549587614427137E-1,9.99699725076284906E-1,1.00000000000000000E0))REPRESENTATION_ITEM(''));
#369=CARTESIAN_POINT('',(4.76166784942856669E0,-1.52529318221721755E0,6.00000000000000000E0));
#370=CARTESIAN_POINT('',(1.90466713977142668E1,-6.10117272886887019E0,6.00000000000000000E0));
#371=B_SPLINE_CURVE_WITH_KNOTS('',1,(#369,#370),.UNSPECIFIED.,.F.,.F.,(2,2),(0.00000000000000000E0,1.00000000000000000E0),.UNSPECIFIED.);
#372=CARTESIAN_POINT('',(1.94618681816865688E1,-4.60821949115446117E0,0.00000000000000000E0));
#373=CARTESIAN_POINT('',(1.93904372047519331E1,-4.90989354549572532E0,0.00000000000000000E0));
#374=CARTESIAN_POINT('',(1.93131672345357615E1,-5.21016114068165592E0,0.00000000000000000E0));
#375=CARTESIAN_POINT('',(1.92300904589326223E1,-5.50888633775318315E0,0.00000000000000000E0));
#376=CARTESIAN_POINT('',(1.91412443079904833E1,-5.80593454676767351E0,0.00000000000000000E0));
#377=CARTESIAN_POINT('',(1.90466713977142668E1,-6.10117272886887019E0,0.00000000000000000E0));
#378=(BOUNDED_CURVE()B_SPLINE_CURVE(5,(#372,#373,#374,#375,#376,#377),.UNSPECIFIED.,.F.,.F.)B_SPLINE_CURVE_WITH_KNOTS((6,6),(0.00000000000000000E0,1.00000000000000000E0),.UNSPECIFIED.)CURVE()GEOMETRIC_REPRESENTATION_ITEM()RATIONAL_B_SPLINE_CURVE((1.00000000000000000E0,9.99699725076284906E-1,9.99549587614427248E-1,9.99549587614427137E-1,9.99699725076284906E-1,1.00000000000000000E0))REPRESENTATION_ITEM(''));
#379=CARTESIAN_POINT('',(1.90466713977142668E1,-6.10117272886887019E0,0.00000000000000000E0));
#380=CARTESIAN_POINT('',(1.90466713977142668E1,-6.10117272886887019E0,6.00000000000000000E0));
#381=B_SPLINE_CURVE_WITH_KNOTS('',1,(#379,#380),.UNSPECIFIED.,.F.,.F.,(2,2),(0.00000000000000000E0,1.00000000000000000E0),.UNSPECIFIED.);
#382=CARTESIAN_POINT('',(4.86546704542164221E0,-1.15205487278861529E0,0.00000000000000000E0));
#383=CARTESIAN_POINT('',(4.84760930118798328E0,-1.22747338637393133E0,0.00000000000000000E0));
#384=CARTESIAN_POINT('',(4.82829180863394036E0,-1.30254028517041398E0,0.00000000000000000E0));
#385=CARTESIAN_POINT('',(4.80752261473315556E0,-1.37722158443829579E0,0.00000000000000000E0));
#386=CARTESIAN_POINT('',(4.78531107699762082E0,-1.45148363669191838E0,0.00000000000000000E0));
#387=CARTESIAN_POINT('',(4.76166784942856669E0,-1.52529318221721755E0,0.00000000000000000E0));
#388=(BOUNDED_CURVE()B_SPLINE_CURVE(5,(#382,#383,#384,#385,#386,#387),.UNSPECIFIED.,.F.,.F.)B_SPLINE_CURVE_WITH_KNOTS((6,6),(0.00000000000000000E0,1.00000000000000000E0),.UNSPECIFIED.)CURVE()GEOMETRIC_REPRESENTATION_ITEM()RATIONAL_B_SPLINE_CURVE((1.00000000000000000E0,9.99699725076284906E-1,9.99549587614427248E-1,9.99549587614427137E-1,9.99699725076284906E-1,1.00000000000000000E0))REPRESENTATION_ITEM(''));
#389=CARTESIAN_POINT('',(4.76166784942856669E0,-1.52529318221721755E0,0.00000000000000000E0));
#390=CARTESIAN_POINT('',(4.76166784942856669E0,-1.52529318221721755E0,6.00000000000000000E0));
#391=B_SPLINE_CURVE_WITH_KNOTS('',1,(#389,#390),.UNSPECIFIED.,.F.,.F.,(2,2),(0.00000000000000000E0,1.00000000000000000E0),.UNSPECIFIED.);
#392=CARTESIAN_POINT('',(4.76166784942856669E0,-1.52529318221721755E0,0.00000000000000000E0));
#393=CARTESIAN_POINT('',(1.90466713977142668E1,-6.10117272886887019E0,0.00000000000000000E0));
#394=B_SPLINE_CURVE_WITH_KNOTS('',1,(#392,#393),.UNSPECIFIED.,.F.,.F.,(2,2),(0.00000000000000000E0,1.00000000000000000E0),.UNSPECIFIED.);
#395=CARTESIAN_POINT('',(4.76166784942856669E0,-1.52529318221721755E0,6.00000000000000000E0));
#396=CARTESIAN_POINT('',(3.35022998782481318E0,-5.93152692496247980E0,6.00000000000000000E0));
#397=CARTESIAN_POINT('',(-1.15205487278861574E0,-4.86546704542164221E0,6.00000000000000000E0));
#398=(BOUNDED_CURVE()B_SPLINE_CURVE(2,(#395,#396,#397),.UNSPECIFIED.,.F.,.F.)B_SPLINE_CURVE_WITH_KNOTS((3,3),(0.00000000000000000E0,1.00000000000000000E0),.UNSPECIFIED.)CURVE()GEOMETRIC_REPRESENTATION_ITEM()RATIONAL_B_SPLINE_CURVE((1.00000000000000000E0,7.33969496152927503E-1,1.00000000000000000E0))REPRESENTATION_ITEM(''));
#399=CARTESIAN_POINT('',(-1.15205487278861574E0,-4.86546704542164221E0,6.00000000000000000E0));
#400=CARTESIAN_POINT('',(-4.60821949115446294E0,-1.94618681816865688E1,6.00000000000000000E0));
#401=B_SPLINE_CURVE_WITH_KNOTS('',1,(#399,#400),.UNSPECIFIED.,.F.,.F.,(2,2),(0.00000000000000000E0,1.00000000000000000E0),.UNSPECIFIED.);
#402=CARTESIAN_POINT('',(-4.60821949115446294E0,-1.94618681816865688E1,6.00000000000000000E0));
#403=CARTESIAN_POINT('',(1.34009199512992527E1,-2.37261076998499192E1,6.00000000000000000E0));
#404=CARTESIAN_POINT('',(1.90466713977142668E1,-6.10117272886887019E0,6.00000000000000000E0));
#405=(BOUNDED_CURVE()B_SPLINE_CURVE(2,(#402,#403,#404),.UNSPECIFIED.,.F.,.F.)B_SPLINE_CURVE_WITH_KNOTS((3,3),(0.00000000000000000E0,1.00000000000000000E0),.UNSPECIFIED.)CURVE()GEOMETRIC_REPRESENTATION_ITEM()RATIONAL_B_SPLINE_CURVE((1.00000000000000000E0,7.33969496152927503E-1,1.00000000000000000E0))REPRESENTATION_ITEM(''));
#406=CARTESIAN_POINT('',(1.90466713977142668E1,-6.10117272886887019E0,0.00000000000000000E0));
#407=CARTESIAN_POINT('',(1.34009199512992527E1,-2.37261076998499192E1,0.00000000000000000E0));
#408=CARTESIAN_POINT('',(-4.60821949115446294E0,-1.94618681816865688E1,0.00000000000000000E0));
#409=(BOUNDED_CURVE()B_SPLINE_CURVE(2,(#406,#407,#408),.UNSPECIFIED.,.F.,.F.)B_SPLINE_CURVE_WITH_KNOTS((3,3),(0.00000000000000000E0,1.00000000000000000E0),.UNSPECIFIED.)CURVE()GEOMETRIC_REPRESENTATION_ITEM()RATIONAL_B_SPLINE_CURVE((1.00000000000000000E0,7.33969496152927503E-1,1.00000000000000000E0))REPRESENTATION_ITEM(''));
#410=CARTESIAN_POINT('',(-4.60821949115446294E0,-1.94618681816865688E1,0.00000000000000000E0));
#411=CARTESIAN_POINT('',(-4.60821949115446294E0,-1.94618681816865688E1,6.00000000000000000E0));
#412=B_SPLINE_CURVE_WITH_KNOTS('',1,(#410,#411),.UNSPECIFIED.,.F.,.F.,(2,2),(0.00000000000000000E0,1.00000000000000000E0),.UNSPECIFIED.);
#413=CARTESIAN_POINT('',(4.76166784942856669E0,-1.52529318221721755E0,0.00000000000000000E0));
#414=CARTESIAN_POINT('',(3.35022998782481318E0,-5.93152692496247980E0,0.00000000000000000E0));
#415=CARTESIAN_POINT('',(-1.15205487278861574E0,-4.86546704542164221E0,0.00000000000000000E0));
#416=(BOUNDED_CURVE()B_SPLINE_CURVE(2,(#413,#414,#415),.UNSPECIFIED.,.F.,.F.)B_SPLINE_CURVE_WITH_KNOTS((3,3),(0.00000000000000000E0,1.00000000000000000E0),.UNSPECIFIED.)CURVE()GEOMETRIC_REPRESENTATION_ITEM()RATIONAL_B_SPLINE_CURVE((1.00000000000000000E0,7.33969496152927503E-1,1.00000000000000000E0))REPRESENTATION_ITEM(''));
#417=CARTESIAN_POINT('',(-1.15205487278861574E0,-4.86546704542164221E0,0.00000000000000000E0));
#418=CARTESIAN_POINT('',(-1.15205487278861574E0,-4.86546704542164221E0,6.00000000000000000E0));
#419=B_SPLINE_CURVE_WITH_KNOTS('',1,(#417,#418),.UNSPECIFIED.,.F.,.F.,(2,2),(0.00000000000000000E0,1.00000000000000000E0),.UNSPECIFIED.);
#420=CARTESIAN_POINT('',(-1.15205487278861574E0,-4.86546704542164221E0,0.00000000000000000E0));
#421=CARTESIAN_POINT('',(-4.60821949115446294E0,-1.94618681816865688E1,0.00000000000000000E0));
#422=B_SPLINE_CURVE_WITH_KNOTS('',1,(#420,#421),.UNSPECIFIED.,.F.,.F.,(2,2),(0.00000000000000000E0,1.00000000000000000E0),.UNSPECIFIED.);
#423=CARTESIAN_POINT('',(-1.15205487278861574E0,-4.86546704542164221E0,6.00000000000000000E0));
#424=CARTESIAN_POINT('',(-5.65433973340204332E0,-3.79940716588080551E0,6.00000000000000000E0));
#425=CARTESIAN_POINT('',(-4.94005765387119933E0,7.71900496455717677E-1,6.00000000000000000E0));
#426=(BOUNDED_CURVE()B_SPLINE_CURVE(2,(#423,#424,#425),.UNSPECIFIED.,.F.,.F.)B_SPLINE_CURVE_WITH_KNOTS((3,3),(0.00000000000000000E0,1.00000000000000000E0),.UNSPECIFIED.)CURVE()GEOMETRIC_REPRESENTATION_ITEM()RATIONAL_B_SPLINE_CURVE((1.00000000000000000E0,7.33969496152927503E-1,1.00000000000000000E0))REPRESENTATION_ITEM(''));
#427=CARTESIAN_POINT('',(-4.94005765387119933E0,7.71900496455717677E-1,6.00000000000000000E0));
#428=CARTESIAN_POINT('',(-1.97602306154847973E1,3.08760198582287071E0,6.00000000000000000E0));
#429=B_SPLINE_CURVE_WITH_KNOTS('',1,(#427,#428),.UNSPECIFIED.,.F.,.F.,(2,2),(0.00000000000000000E0,1.00000000000000000E0),.UNSPECIFIED.);
#430=CARTESIAN_POINT('',(-1.97602306154847973E1,3.08760198582287071E0,6.00000000000000000E0));
#431=CARTESIAN_POINT('',(-2.26173589336081733E1,-1.51976286635232203E1,6.00000000000000000E0));
#432=CARTESIAN_POINT('',(-4.60821949115446294E0,-1.94618681816865688E1,6.00000000000000000E0));
#433=(BOUNDED_CURVE()B_SPLINE_CURVE(2,(#430,#431,#432),.UNSPECIFIED.,.F.,.F.)B_SPLINE_CURVE_WITH_KNOTS((3,3),(0.00000000000000000E0,1.00000000000000000E0),.UNSPECIFIED.)CURVE()GEOMETRIC_REPRESENTATION_ITEM()RATIONAL_B_SPLINE_CURVE((1.00000000000000000E0,7.33969496152927503E-1,1.00000000000000000E0))REPRESENTATION_ITEM(''));
#434=CARTESIAN_POINT('',(-4.60821949115446294E0,-1.94618681816865688E1,0.00000000000000000E0));
#435=CARTESIAN_POINT('',(-2.26173589336081733E1,-1.51976286635232203E1,0.00000000000000000E0));
#436=CARTESIAN_POINT('',(-1.97602306154847973E1,3.08760198582287071E0,0.00000000000000000E0));
#437=(BOUNDED_CURVE()B_SPLINE_CURVE(2,(#434,#435,#436),.UNSPECIFIED.,.F.,.F.)B_SPLINE_CURVE_WITH_KNOTS((3,3),(0.00000000000000000E0,1.00000000000000000E0),.UNSPECIFIED.)CURVE()GEOMETRIC_REPRESENTATION_ITEM()RATIONAL_B_SPLINE_CURVE((1.00000000000000000E0,7.33969496152927503E-1,1.00000000000000000E0))REPRESENTATION_ITEM(''));
#438=CARTESIAN_POINT('',(-1.97602306154847973E1,3.08760198582287071E0,0.00000000000000000E0));
#439=CARTESIAN_POINT('',(-1.97602306154847973E1,3.08760198582287071E0,6.00000000000000000E0));
#440=B_SPLINE_CURVE_WITH_KNOTS('',1,(#438,#439),.UNSPECIFIED.,.F.,.F.,(2,2),(0.00000000000000000E0,1.00000000000000000E0),.UNSPECIFIED.);
#441=CARTESIAN_POINT('',(-1.15205487278861574E0,-4.86546704542164221E0,0.00000000000000000E0));
#442=CARTESIAN_POINT('',(-5.65433973340204332E0,-3.79940716588080551E0,0.00000000000000000E0));
#443=CARTESIAN_POINT('',(-4.94005765387119933E0,7.71900496455717677E-1,0.00000000000000000E0));
#444=(BOUNDED_CURVE()B_SPLINE_CURVE(2,(#441,#442,#443),.UNSPECIFIED.,.F.,.F.)B_SPLINE_CURVE_WITH_KNOTS((3,3),(0.00000000000000000E0,1.00000000000000000E0),.UNSPECIFIED.)CURVE()GEOMETRIC_REPRESENTATION_ITEM()RATIONAL_B_SPLINE_CURVE((1.00000000000000000E0,7.33969496152927503E-1,1.00000000000000000E0))REPRESENTATION_ITEM(''));
#445=CARTESIAN_POINT('',(-4.94005765387119933E0,7.71900496455717677E-1,0.00000000000000000E0));
#446=CARTESIAN_POINT('',(-4.94005765387119933E0,7.71900496455717677E-1,6.00000000000000000E0));
#447=B_SPLINE_CURVE_WITH_KNOTS('',1,(#445,#446),.UNSPECIFIED.,.F.,.F.,(2,2),(0.00000000000000000E0,1.00000000000000000E0),.UNSPECIFIED.);
#448=CARTESIAN_POINT('',(-4.94005765387119933E0,7.71900496455717677E-1,0.00000000000000000E0));
#449=CARTESIAN_POINT('',(-1.97602306154847973E1,3.08760198582287071E0,0.00000000000000000E0));
#450=B_SPLINE_CURVE_WITH_KNOTS('',1,(#448,#449),.UNSPECIFIED.,.F.,.F.,(2,2),(0.00000000000000000E0,1.00000000000000000E0),.UNSPECIFIED.);
#451=CARTESIAN_POINT('',(-4.94005765387119933E0,7.71900496455717677E-1,6.00000000000000000E0));
#452=CARTESIAN_POINT('',(-4.22577557434035622E0,5.34320815879223776E0,6.00000000000000000E0));
#453=CARTESIAN_POINT('',(3.87112212829824553E-1,4.98499188912860713E0,6.00000000000000000E0));
#454=(BOUNDED_CURVE()B_SPLINE_CURVE(2,(#451,#452,#453),.UNSPECIFIED.,.F.,.F.)B_SPLINE_CURVE_WITH_KNOTS((3,3),(0.00000000000000000E0,1.00000000000000000E0),.UNSPECIFIED.)CURVE()GEOMETRIC_REPRESENTATION_ITEM()RATIONAL_B_SPLINE_CURVE((1.00000000000000000E0,7.33969496152927503E-1,1.00000000000000000E0))REPRESENTATION_ITEM(''));
#455=CARTESIAN_POINT('',(3.87112212829824553E-1,4.98499188912860713E0,6.00000000000000000E0));
#456=CARTESIAN_POINT('',(1.54844885131929821E0,1.99399675565144285E1,6.00000000000000000E0));
#457=B_SPLINE_CURVE_WITH_KNOTS('',1,(#455,#456),.UNSPECIFIED.,.F.,.F.,(2,2),(0.00000000000000000E0,1.00000000000000000E0),.UNSPECIFIED.);
#458=CARTESIAN_POINT('',(1.54844885131929821E0,1.99399675565144285E1,6.00000000000000000E0));
#459=CARTESIAN_POINT('',(-1.69031022973614249E1,2.13728326351689510E1,6.00000000000000000E0));
#460=CARTESIAN_POINT('',(-1.97602306154847973E1,3.08760198582287071E0,6.00000000000000000E0));
#461=(BOUNDED_CURVE()B_SPLINE_CURVE(2,(#458,#459,#460),.UNSPECIFIED.,.F.,.F.)B_SPLINE_CURVE_WITH_KNOTS((3,3),(0.00000000000000000E0,1.00000000000000000E0),.UNSPECIFIED.)CURVE()GEOMETRIC_REPRESENTATION_ITEM()RATIONAL_B_SPLINE_CURVE((1.00000000000000000E0,7.33969496152927503E-1,1.00000000000000000E0))REPRESENTATION_ITEM(''));
#462=CARTESIAN_POINT('',(-1.97602306154847973E1,3.08760198582287071E0,0.00000000000000000E0));
#463=CARTESIAN_POINT('',(-1.69031022973614249E1,2.13728326351689510E1,0.00000000000000000E0));
#464=CARTESIAN_POINT('',(1.54844885131929821E0,1.99399675565144285E1,0.00000000000000000E0));
#465=(BOUNDED_CURVE()B_SPLINE_CURVE(2,(#462,#463,#464),.UNSPECIFIED.,.F.,.F.)B_SPLINE_CURVE_WITH_KNOTS((3,3),(0.00000000000000000E0,1.00000000000000000E0),.UNSPECIFIED.)CURVE()GEOMETRIC_REPRESENTATION_ITEM()RATIONAL_B_SPLINE_CURVE((1.00000000000000000E0,7.33969496152927503E-1,1.00000000000000000E0))REPRESENTATION_ITEM(''));
#466=CARTESIAN_POINT('',(1.54844885131929821E0,1.99399675565144285E1,0.00000000000000000E0));
#467=CARTESIAN_POINT('',(1.54844885131929821E0,1.99399675565144285E1,6.00000000000000000E0));
#468=B_SPLINE_CURVE_WITH_KNOTS('',1,(#466,#467),.UNSPECIFIED.,.F.,.F.,(2,2),(0.00000000000000000E0,1.00000000000000000E0),.UNSPECIFIED.);
#469=CARTESIAN_POINT('',(-4.94005765387119933E0,7.71900496455717677E-1,0.00000000000000000E0));
#470=CARTESIAN_POINT('',(-4.22577557434035622E0,5.34320815879223776E0,0.00000000000000000E0));
#471=CARTESIAN_POINT('',(3.87112212829824553E-1,4.98499188912860713E0,0.00000000000000000E0));
#472=(BOUNDED_CURVE()B_SPLINE_CURVE(2,(#469,#470,#471),.UNSPECIFIED.,.F.,.F.)B_SPLINE_CURVE_WITH_KNOTS((3,3),(0.00000000000000000E0,1.00000000000000000E0),.UNSPECIFIED.)CURVE()GEOMETRIC_REPRESENTATION_ITEM()RATIONAL_B_SPLINE_CURVE((1.00000000000000000E0,7.33969496152927503E-1,1.00000000000000000E0))REPRESENTATION_ITEM(''));
#473=CARTESIAN_POINT('',(3.87112212829824553E-1,4.98499188912860713E0,0.00000000000000000E0));
#474=CARTESIAN_POINT('',(3.87112212829824553E-1,4.98499188912860713E0,6.00000000000000000E0));
#475=B_SPLINE_CURVE_WITH_KNOTS('',1,(#473,#474),.UNSPECIFIED.,.F.,.F.,(2,2),(0.00000000000000000E0,1.00000000000000000E0),.UNSPECIFIED.);
#476=CARTESIAN_POINT('',(3.87112212829824553E-1,4.98499188912860713E0,0.00000000000000000E0));
#477=CARTESIAN_POINT('',(1.54844885131929821E0,1.99399675565144285E1,0.00000000000000000E0));
#478=B_SPLINE_CURVE_WITH_KNOTS('',1,(#476,#477),.UNSPECIFIED.,.F.,.F.,(2,2),(0.00000000000000000E0,1.00000000000000000E0),.UNSPECIFIED.);
#479=CARTESIAN_POINT('',(3.87112212829824553E-1,4.98499188912860713E0,6.00000000000000000E0));
#480=CARTESIAN_POINT('',(5.00000000000000089E0,4.62677561946497473E0,6.00000000000000000E0));
#481=CARTESIAN_POINT('',(5.00000000000000000E0,0.00000000000000000E0,6.00000000000000000E0));
#482=(BOUNDED_CURVE()B_SPLINE_CURVE(2,(#479,#480,#481),.UNSPECIFIED.,.F.,.F.)B_SPLINE_CURVE_WITH_KNOTS((3,3),(0.00000000000000000E0,1.00000000000000000E0),.UNSPECIFIED.)CURVE()GEOMETRIC_REPRESENTATION_ITEM()RATIONAL_B_SPLINE_CURVE((1.00000000000000000E0,7.33969496152927503E-1,1.00000000000000000E0))REPRESENTATION_ITEM(''));
#483=CARTESIAN_POINT('',(2.00000000000000000E1,0.00000000000000000E0,6.00000000000000000E0));
#484=CARTESIAN_POINT('',(2.00000000000000036E1,1.85071024778598989E1,6.00000000000000000E0));
#485=CARTESIAN_POINT('',(1.54844885131929821E0,1.99399675565144285E1,6.00000000000000000E0));
#486=(BOUNDED_CURVE()B_SPLINE_CURVE(2,(#483,#484,#485),.UNSPECIFIED.,.F.,.F.)B_SPLINE_CURVE_WITH_KNOTS((3,3),(0.00000000000000000E0,1.00000000000000000E0),.UNSPECIFIED.)CURVE()GEOMETRIC_REPRESENTATION_ITEM()RATIONAL_B_SPLINE_CURVE((1.00000000000000000E0,7.33969496152927503E-1,1.00000000000000000E0))REPRESENTATION_ITEM(''));
#487=CARTESIAN_POINT('',(1.54844885131929821E0,1.99399675565144285E1,0.00000000000000000E0));
#488=CARTESIAN_POINT('',(2.00000000000000036E1,1.85071024778598989E1,0.00000000000000000E0));
#489=CARTESIAN_POINT('',(2.00000000000000000E1,0.00000000000000000E0,0.00000000000000000E0));
#490=(BOUNDED_CURVE()B_SPLINE_CURVE(2,(#487,#488,#489),.UNSPECIFIED.,.F.,.F.)B_SPLINE_CURVE_WITH_KNOTS((3,3),(0.00000000000000000E0,1.00000000000000000E0),.UNSPECIFIED.)CURVE()GEOMETRIC_REPRESENTATION_ITEM()RATIONAL_B_SPLINE_CURVE((1.00000000000000000E0,7.33969496152927503E-1,1.00000000000000000E0))REPRESENTATION_ITEM(''));
#491=CARTESIAN_POINT('',(3.87112212829824553E-1,4.98499188912860713E0,0.00000000000000000E0));
#492=CARTESIAN_POINT('',(5.00000000000000089E0,4.62677561946497473E0,0.00000000000000000E0));
#493=CARTESIAN_POINT('',(5.00000000000000000E0,0.00000000000000000E0,0.00000000000000000E0));
#494=(BOUNDED_CURVE()B_SPLINE_CURVE(2,(#491,#492,#493),.UNSPECIFIED.,.F.,.F.)B_SPLINE_CURVE_WITH_KNOTS((3,3),(0.00000000000000000E0,1.00000000000000000E0),.UNSPECIFIED.)CURVE()GEOMETRIC_REPRESENTATION_ITEM()RATIONAL_B_SPLINE_CURVE((1.00000000000000000E0,7.33969496152927503E-1,1.00000000000000000E0))REPRESENTATION_ITEM(''));
#495=(GEOMETRIC_REPRESENTATION_CONTEXT(2)REPRESENTATION_CONTEXT('','2D'));
#496=CARTESIAN_POINT('',(0.00000000000000000E0,0.00000000000000000E0));
#497=CARTESIAN_POINT('',(1.00000000000000000E0,0.00000000000000000E0));
#498=B_SPLINE_CURVE_WITH_KNOTS('',1,(#496,#497),.UNSPECIFIED.,.F.,.F.,(2,2),(0.00000000000000000E0,1.00000000000000000E0),.UNSPECIFIED.);
#499=DEFINITIONAL_REPRESENTATION('',(#498),#495);
#500=PCURVE('',#79,#499);
#501=CARTESIAN_POINT('',(1.00000000000000000E0,0.00000000000000000E0));
#502=CARTESIAN_POINT('',(1.00000000000000000E0,1.00000000000000000E0));
#503=B_SPLINE_CURVE_WITH_KNOTS('',1,(#501,#502),.UNSPECIFIED.,.F.,.F.,(2,2),(0.00000000000000000E0,1.00000000000000000E0),.UNSPECIFIED.);
#504=DEFINITIONAL_REPRESENTATION('',(#503),#495);
#505=PCURVE('',#79,#504);
#506=CARTESIAN_POINT('',(1.00000000000000000E0,1.00000000000000000E0));
#507=CARTESIAN_POINT('',(0.00000000000000000E0,1.00000000000000000E0));
#508=B_SPLINE_CURVE_WITH_KNOTS('',1,(#506,#507),.UNSPECIFIED.,.F.,.F.,(2,2),(0.00000000000000000E0,1.00000000000000000E0),.UNSPECIFIED.);
#509=DEFINITIONAL_REPRESENTATION('',(#508),#495);
#510=PCURVE('',#79,#509);
#511=CARTESIAN_POINT('',(0.00000000000000000E0,1.00000000000000000E0));
#512=CARTESIAN_POINT('',(0.00000000000000000E0,0.00000000000000000E0));
#513=B_SPLINE_CURVE_WITH_KNOTS('',1,(#511,#512),.UNSPECIFIED.,.F.,.F.,(2,2),(0.00000000000000000E0,1.00000000000000000E0),.UNSPECIFIED.);
#514=DEFINITIONAL_REPRESENTATION('',(#513),#495);
#515=PCURVE('',#79,#514);
#516=CARTESIAN_POINT('',(1.00000000000000000E0,5.00000000000000000E-1));
#517=CARTESIAN_POINT('',(6.25000000000000000E-1,5.00000000000000000E-1));
#518=B_SPLINE_CURVE_WITH_KNOTS('',1,(#516,#517),.UNSPECIFIED.,.F.,.F.,(2,2),(0.00000000000000000E0,1.00000000000000000E0),.UNSPECIFIED.);
#519=DEFINITIONAL_REPRESENTATION('',(#518),#495);
#520=PCURVE('',#84,#519);
#521=CARTESIAN_POINT('',(6.25000000000000000E-1,5.00000000000000000E-1));
#522=CARTESIAN_POINT('',(6.25000000000000000E-1,4.98062403031372836E-1));
#523=CARTESIAN_POINT('',(6.24962462815608744E-1,4.96124951362756694E-1));
#524=CARTESIAN_POINT('',(6.24887388446826231E-1,4.94188518105084462E-1));
#525=CARTESIAN_POINT('',(6.24774810718234708E-1,4.92253975713855763E-1));
#526=CARTESIAN_POINT('',(6.24624797228215178E-1,4.90322194679254419E-1));
#527=(BOUNDED_CURVE()B_SPLINE_CURVE(5,(#521,#522,#523,#524,#525,#526),.UNSPECIFIED.,.F.,.F.)B_SPLINE_CURVE_WITH_KNOTS((6,6),(0.00000000000000000E0,1.00000000000000000E0),.UNSPECIFIED.)CURVE()GEOMETRIC_REPRESENTATION_ITEM()RATIONAL_B_SPLINE_CURVE((1.00000000000000000E0,9.99699725076284906E-1,9.99549587614427248E-1,9.99549587614427137E-1,9.99699725076284906E-1,1.00000000000000000E0))REPRESENTATION_ITEM(''));
#528=DEFINITIONAL_REPRESENTATION('',(#527),#495);
#529=PCURVE('',#84,#528);
#530=CARTESIAN_POINT('',(6.24624797228215178E-1,4.90322194679254419E-1));
#531=CARTESIAN_POINT('',(9.67342989605806891E-1,4.63708230047204129E-1));
#532=B_SPLINE_CURVE_WITH_KNOTS('',1,(#530,#531),.UNSPECIFIED.,.F.,.F.,(2,2),(0.00000000000000000E0,1.00000000000000000E0),.UNSPECIFIED.);
#533=DEFINITIONAL_REPRESENTATION('',(#532),#495);
#534=PCURVE('',#84,#533);
#535=CARTESIAN_POINT('',(9.67342989605806891E-1,4.63708230047204129E-1));
#536=CARTESIAN_POINT('',(9.67905540193380154E-1,4.70952408926959165E-1));
#537=CARTESIAN_POINT('',(9.77678778306195539E-1,4.77480780422439632E-1));
#538=CARTESIAN_POINT('',(9.90470626743544691E-1,4.84499805451026611E-1));
#539=CARTESIAN_POINT('',(1.00000000000000000E0,4.92249612125491176E-1));
#540=CARTESIAN_POINT('',(1.00000000000000000E0,5.00000000000000000E-1));
#541=(BOUNDED_CURVE()B_SPLINE_CURVE(5,(#535,#536,#537,#538,#539,#540),.UNSPECIFIED.,.F.,.F.)B_SPLINE_CURVE_WITH_KNOTS((6,6),(0.00000000000000000E0,1.00000000000000000E0),.UNSPECIFIED.)CURVE()GEOMETRIC_REPRESENTATION_ITEM()RATIONAL_B_SPLINE_CURVE((1.00000000000000000E0,9.99699725076284906E-1,9.99549587614427137E-1,9.99549587614427248E-1,9.99699725076284906E-1,1.00000000000000000E0))REPRESENTATION_ITEM(''));
#542=DEFINITIONAL_REPRESENTATION('',(#541),#495);
#543=PCURVE('',#84,#542);
#544=CARTESIAN_POINT('',(1.00000000000000000E0,0.00000000000000000E0));
#545=CARTESIAN_POINT('',(1.00000000000000000E0,1.00000000000000000E0));
#546=B_SPLINE_CURVE_WITH_KNOTS('',1,(#544,#545),.UNSPECIFIED.,.F.,.F.,(2,2),(0.00000000000000000E0,1.00000000000000000E0),.UNSPECIFIED.);
#547=DEFINITIONAL_REPRESENTATION('',(#546),#495);
#548=PCURVE('',#97,#547);
#549=CARTESIAN_POINT('',(1.00000000000000000E0,1.00000000000000000E0));
#550=CARTESIAN_POINT('',(6.66666666666666741E-1,1.00000000000000000E0));
#551=CARTESIAN_POINT('',(3.33333333333333370E-1,7.91666666666666630E-1));
#552=CARTESIAN_POINT('',(0.00000000000000000E0,7.91666666666666630E-1));
#553=B_SPLINE_CURVE_WITH_KNOTS('',3,(#549,#550,#551,#552),.UNSPECIFIED.,.F.,.F.,(4,4),(0.00000000000000000E0,1.00000000000000000E0),.UNSPECIFIED.);
#554=DEFINITIONAL_REPRESENTATION('',(#553),#495);
#555=PCURVE('',#97,#554);
#556=CARTESIAN_POINT('',(0.00000000000000000E0,7.91666666666666630E-1));
#557=CARTESIAN_POINT('',(0.00000000000000000E0,0.00000000000000000E0));
#558=B_SPLINE_CURVE_WITH_KNOTS('',1,(#556,#557),.UNSPECIFIED.,.F.,.F.,(2,2),(0.00000000000000000E0,1.00000000000000000E0),.UNSPECIFIED.);
#559=DEFINITIONAL_REPRESENTATION('',(#558),#495);
#560=PCURVE('',#97,#559);
#561=CARTESIAN_POINT('',(0.00000000000000000E0,0.00000000000000000E0));
#562=CARTESIAN_POINT('',(1.00000000000000000E0,0.00000000000000000E0));
#563=B_SPLINE_CURVE_WITH_KNOTS('',1,(#561,#562),.UNSPECIFIED.,.F.,.F.,(2,2),(0.00000000000000000E0,1.00000000000000000E0),.UNSPECIFIED.);
#564=DEFINITIONAL_REPRESENTATION('',(#563),#495);
#565=PCURVE('',#97,#564);
#566=CARTESIAN_POINT('',(0.00000000000000000E0,0.00000000000000000E0));
#567=CARTESIAN_POINT('',(1.00000000000000000E0,0.00000000000000000E0));
#568=B_SPLINE_CURVE_WITH_KNOTS('',1,(#566,#567),.UNSPECIFIED.,.F.,.F.,(2,2),(0.00000000000000000E0,1.00000000000000000E0),.UNSPECIFIED.);
#569=DEFINITIONAL_REPRESENTATION('',(#568),#495);
#570=PCURVE('',#110,#569);
#571=CARTESIAN_POINT('',(1.00000000000000000E0,0.00000000000000000E0));
#572=CARTESIAN_POINT('',(1.00000000000000000E0,1.00000000000000000E0));
#573=B_SPLINE_CURVE_WITH_KNOTS('',1,(#571,#572),.UNSPECIFIED.,.F.,.F.,(2,2),(0.00000000000000000E0,1.00000000000000000E0),.UNSPECIFIED.);
#574=DEFINITIONAL_REPRESENTATION('',(#573),#495);
#575=PCURVE('',#110,#574);
#576=CARTESIAN_POINT('',(1.00000000000000000E0,1.00000000000000000E0));
#577=CARTESIAN_POINT('',(6.66666666666666630E-1,1.00000000000000000E0));
#578=CARTESIAN_POINT('',(3.33333333333333315E-1,1.00000000000000000E0));
#579=CARTESIAN_POINT('',(0.00000000000000000E0,1.00000000000000000E0));
#580=B_SPLINE_CURVE_WITH_KNOTS('',3,(#576,#577,#578,#579),.UNSPECIFIED.,.F.,.F.,(4,4),(0.00000000000000000E0,1.00000000000000000E0),.UNSPECIFIED.);
#581=DEFINITIONAL_REPRESENTATION('',(#580),#495);
#582=PCURVE('',#110,#581);
#583=CARTESIAN_POINT('',(0.00000000000000000E0,1.00000000000000000E0));
#584=CARTESIAN_POINT('',(0.00000000000000000E0,0.00000000000000000E0));
#585=B_SPLINE_CURVE_WITH_KNOTS('',1,(#583,#584),.UNSPECIFIED.,.F.,.F.,(2,2),(0.00000000000000000E0,1.00000000000000000E0),.UNSPECIFIED.);
#586=DEFINITIONAL_REPRESENTATION('',(#585),#495);
#587=PCURVE('',#110,#586);
#588=CARTESIAN_POINT('',(0.00000000000000000E0,5.00000000000000000E-1));
#589=CARTESIAN_POINT('',(0.00000000000000000E0,4.92249612125491176E-1));
#590=CARTESIAN_POINT('',(1.50148737565025669E-4,4.84499805451026611E-1));
#591=CARTESIAN_POINT('',(4.50446212695077008E-4,4.76754072420337738E-1));
#592=CARTESIAN_POINT('',(9.00757127061169172E-4,4.69015902855423161E-1));
#593=CARTESIAN_POINT('',(1.50081108713917555E-3,4.61288778717017789E-1));
#594=(BOUNDED_CURVE()B_SPLINE_CURVE(5,(#588,#589,#590,#591,#592,#593),.UNSPECIFIED.,.F.,.F.)B_SPLINE_CURVE_WITH_KNOTS((6,6),(0.00000000000000000E0,1.00000000000000000E0),.UNSPECIFIED.)CURVE()GEOMETRIC_REPRESENTATION_ITEM()RATIONAL_B_SPLINE_CURVE((1.00000000000000000E0,9.99699725076284906E-1,9.99549587614427248E-1,9.99549587614427137E-1,9.99699725076284906E-1,1.00000000000000000E0))REPRESENTATION_ITEM(''));
#595=DEFINITIONAL_REPRESENTATION('',(#594),#495);
#596=PCURVE('',#115,#595);
#597=CARTESIAN_POINT('',(1.50081108713917555E-3,4.61288778717017789E-1));
#598=CARTESIAN_POINT('',(3.75375202771784822E-1,4.90322194679254419E-1));
#599=B_SPLINE_CURVE_WITH_KNOTS('',1,(#597,#598),.UNSPECIFIED.,.F.,.F.,(2,2),(0.00000000000000000E0,1.00000000000000000E0),.UNSPECIFIED.);
#600=DEFINITIONAL_REPRESENTATION('',(#599),#495);
#601=PCURVE('',#115,#600);
#602=CARTESIAN_POINT('',(3.75375202771784822E-1,4.90322194679254419E-1));
#603=CARTESIAN_POINT('',(3.75225189281765292E-1,4.92253975713855763E-1));
#604=CARTESIAN_POINT('',(3.75112611553173769E-1,4.94188518105084462E-1));
#605=CARTESIAN_POINT('',(3.75037537184391256E-1,4.96124951362756694E-1));
#606=CARTESIAN_POINT('',(3.75000000000000000E-1,4.98062403031372836E-1));
#607=CARTESIAN_POINT('',(3.75000000000000000E-1,5.00000000000000000E-1));
#608=(BOUNDED_CURVE()B_SPLINE_CURVE(5,(#602,#603,#604,#605,#606,#607),.UNSPECIFIED.,.F.,.F.)B_SPLINE_CURVE_WITH_KNOTS((6,6),(0.00000000000000000E0,1.00000000000000000E0),.UNSPECIFIED.)CURVE()GEOMETRIC_REPRESENTATION_ITEM()RATIONAL_B_SPLINE_CURVE((1.00000000000000000E0,9.99699725076284906E-1,9.99549587614427137E-1,9.99549587614427248E-1,9.99699725076284906E-1,1.00000000000000000E0))REPRESENTATION_ITEM(''));
#609=DEFINITIONAL_REPRESENTATION('',(#608),#495);
#610=PCURVE('',#115,#609);
#611=CARTESIAN_POINT('',(3.75000000000000000E-1,5.00000000000000000E-1));
#612=CARTESIAN_POINT('',(0.00000000000000000E0,5.00000000000000000E-1));
#613=B_SPLINE_CURVE_WITH_KNOTS('',1,(#611,#612),.UNSPECIFIED.,.F.,.F.,(2,2),(0.00000000000000000E0,1.00000000000000000E0),.UNSPECIFIED.);
#614=DEFINITIONAL_REPRESENTATION('',(#613),#495);
#615=PCURVE('',#115,#614);
#616=CARTESIAN_POINT('',(0.00000000000000000E0,0.00000000000000000E0));
#617=CARTESIAN_POINT('',(1.00000000000000000E0,0.00000000000000000E0));
#618=B_SPLINE_CURVE_WITH_KNOTS('',1,(#616,#617),.UNSPECIFIED.,.F.,.F.,(2,2),(0.00000000000000000E0,1.00000000000000000E0),.UNSPECIFIED.);
#619=DEFINITIONAL_REPRESENTATION('',(#618),#495);
#620=PCURVE('',#125,#619);
#621=CARTESIAN_POINT('',(1.00000000000000000E0,0.00000000000000000E0));
#622=CARTESIAN_POINT('',(1.00000000000000000E0,1.00000000000000000E0));
#623=B_SPLINE_CURVE_WITH_KNOTS('',1,(#621,#622),.UNSPECIFIED.,.F.,.F.,(2,2),(0.00000000000000000E0,1.00000000000000000E0),.UNSPECIFIED.);
#624=DEFINITIONAL_REPRESENTATION('',(#623),#495);
#625=PCURVE('',#125,#624);
#626=CARTESIAN_POINT('',(1.00000000000000000E0,1.00000000000000000E0));
#627=CARTESIAN_POINT('',(0.00000000000000000E0,1.00000000000000000E0));
#628=B_SPLINE_CURVE_WITH_KNOTS('',1,(#626,#627),.UNSPECIFIED.,.F.,.F.,(2,2),(0.00000000000000000E0,1.00000000000000000E0),.UNSPECIFIED.);
#629=DEFINITIONAL_REPRESENTATION('',(#628),#495);
#630=PCURVE('',#125,#629);
#631=CARTESIAN_POINT('',(0.00000000000000000E0,1.00000000000000000E0));
#632=CARTESIAN_POINT('',(0.00000000000000000E0,0.00000000000000000E0));
#633=B_SPLINE_CURVE_WITH_KNOTS('',1,(#631,#632),.UNSPECIFIED.,.F.,.F.,(2,2),(0.00000000000000000E0,1.00000000000000000E0),.UNSPECIFIED.);
#634=DEFINITIONAL_REPRESENTATION('',(#633),#495);
#635=PCURVE('',#125,#634);
#636=CARTESIAN_POINT('',(9.67342989605806891E-1,4.63708230047204129E-1));
#637=CARTESIAN_POINT('',(6.24624797228215178E-1,4.90322194679254419E-1));
#638=B_SPLINE_CURVE_WITH_KNOTS('',1,(#636,#637),.UNSPECIFIED.,.F.,.F.,(2,2),(0.00000000000000000E0,1.00000000000000000E0),.UNSPECIFIED.);
#639=DEFINITIONAL_REPRESENTATION('',(#638),#495);
#640=PCURVE('',#84,#639);
#641=CARTESIAN_POINT('',(6.24624797228215178E-1,4.90322194679254419E-1));
#642=CARTESIAN_POINT('',(6.23873262077030644E-1,4.80644389358508839E-1));
#643=CARTESIAN_POINT('',(6.21636676135541077E-1,4.71198628180284629E-1));
#644=(BOUNDED_CURVE()B_SPLINE_CURVE(2,(#641,#642,#643),.UNSPECIFIED.,.F.,.F.)B_SPLINE_CURVE_WITH_KNOTS((3,3),(0.00000000000000000E0,1.00000000000000000E0),.UNSPECIFIED.)CURVE()GEOMETRIC_REPRESENTATION_ITEM()RATIONAL_B_SPLINE_CURVE((1.00000000000000000E0,9.96998377825721427E-1,1.00000000000000000E0))REPRESENTATION_ITEM(''));
#645=DEFINITIONAL_REPRESENTATION('',(#644),#495);
#646=PCURVE('',#84,#645);
#647=CARTESIAN_POINT('',(6.21636676135541077E-1,4.71198628180284629E-1));
#648=CARTESIAN_POINT('',(9.56137535508278957E-1,3.91994855676067289E-1));
#649=B_SPLINE_CURVE_WITH_KNOTS('',1,(#647,#648),.UNSPECIFIED.,.F.,.F.,(2,2),(0.00000000000000000E0,1.00000000000000000E0),.UNSPECIFIED.);
#650=DEFINITIONAL_REPRESENTATION('',(#649),#495);
#651=PCURVE('',#84,#650);
#652=CARTESIAN_POINT('',(9.56137535508278957E-1,3.91994855676067289E-1));
#653=CARTESIAN_POINT('',(9.64524732788864858E-1,4.27416460094408257E-1));
#654=CARTESIAN_POINT('',(9.67342989605806891E-1,4.63708230047204129E-1));
#655=(BOUNDED_CURVE()B_SPLINE_CURVE(2,(#652,#653,#654),.UNSPECIFIED.,.F.,.F.)B_SPLINE_CURVE_WITH_KNOTS((3,3),(0.00000000000000000E0,1.00000000000000000E0),.UNSPECIFIED.)CURVE()GEOMETRIC_REPRESENTATION_ITEM()RATIONAL_B_SPLINE_CURVE((1.00000000000000000E0,9.96998377825721427E-1,1.00000000000000000E0))REPRESENTATION_ITEM(''));
#656=DEFINITIONAL_REPRESENTATION('',(#655),#495);
#657=PCURVE('',#84,#656);
#658=CARTESIAN_POINT('',(1.00000000000000000E0,0.00000000000000000E0));
#659=CARTESIAN_POINT('',(1.00000000000000000E0,7.91666666666666630E-1));
#660=B_SPLINE_CURVE_WITH_KNOTS('',1,(#658,#659),.UNSPECIFIED.,.F.,.F.,(2,2),(0.00000000000000000E0,1.00000000000000000E0),.UNSPECIFIED.);
#661=DEFINITIONAL_REPRESENTATION('',(#660),#495);
#662=PCURVE('',#132,#661);
#663=CARTESIAN_POINT('',(1.00000000000000000E0,7.91666666666666630E-1));
#664=CARTESIAN_POINT('',(6.66666666666666741E-1,7.91666666666666630E-1));
#665=CARTESIAN_POINT('',(3.33333333333333370E-1,7.91666666666666630E-1));
#666=CARTESIAN_POINT('',(0.00000000000000000E0,7.91666666666666630E-1));
#667=B_SPLINE_CURVE_WITH_KNOTS('',3,(#663,#664,#665,#666),.UNSPECIFIED.,.F.,.F.,(4,4),(0.00000000000000000E0,1.00000000000000000E0),.UNSPECIFIED.);
#668=DEFINITIONAL_REPRESENTATION('',(#667),#495);
#669=PCURVE('',#132,#668);
#670=CARTESIAN_POINT('',(0.00000000000000000E0,7.91666666666666630E-1));
#671=CARTESIAN_POINT('',(0.00000000000000000E0,0.00000000000000000E0));
#672=B_SPLINE_CURVE_WITH_KNOTS('',1,(#670,#671),.UNSPECIFIED.,.F.,.F.,(2,2),(0.00000000000000000E0,1.00000000000000000E0),.UNSPECIFIED.);
#673=DEFINITIONAL_REPRESENTATION('',(#672),#495);
#674=PCURVE('',#132,#673);
#675=CARTESIAN_POINT('',(0.00000000000000000E0,0.00000000000000000E0));
#676=CARTESIAN_POINT('',(1.00000000000000000E0,0.00000000000000000E0));
#677=B_SPLINE_CURVE_WITH_KNOTS('',1,(#675,#676),.UNSPECIFIED.,.F.,.F.,(2,2),(0.00000000000000000E0,1.00000000000000000E0),.UNSPECIFIED.);
#678=DEFINITIONAL_REPRESENTATION('',(#677),#495);
#679=PCURVE('',#132,#678);
#680=CARTESIAN_POINT('',(0.00000000000000000E0,0.00000000000000000E0));
#681=CARTESIAN_POINT('',(1.00000000000000000E0,0.00000000000000000E0));
#682=B_SPLINE_CURVE_WITH_KNOTS('',1,(#680,#681),.UNSPECIFIED.,.F.,.F.,(2,2),(0.00000000000000000E0,1.00000000000000000E0),.UNSPECIFIED.);
#683=DEFINITIONAL_REPRESENTATION('',(#682),#495);
#684=PCURVE('',#139,#683);
#685=CARTESIAN_POINT('',(1.00000000000000000E0,0.00000000000000000E0));
#686=CARTESIAN_POINT('',(1.00000000000000000E0,1.00000000000000000E0));
#687=B_SPLINE_CURVE_WITH_KNOTS('',1,(#685,#686),.UNSPECIFIED.,.F.,.F.,(2,2),(0.00000000000000000E0,1.00000000000000000E0),.UNSPECIFIED.);
#688=DEFINITIONAL_REPRESENTATION('',(#687),#495);
#689=PCURVE('',#139,#688);
#690=CARTESIAN_POINT('',(1.00000000000000000E0,1.00000000000000000E0));
#691=CARTESIAN_POINT('',(6.66666666666666630E-1,1.00000000000000000E0));
#692=CARTESIAN_POINT('',(3.33333333333333315E-1,1.00000000000000000E0));
#693=CARTESIAN_POINT('',(0.00000000000000000E0,1.00000000000000000E0));
#694=B_SPLINE_CURVE_WITH_KNOTS('',3,(#690,#691,#692,#693),.UNSPECIFIED.,.F.,.F.,(4,4),(0.00000000000000000E0,1.00000000000000000E0),.UNSPECIFIED.);
#695=DEFINITIONAL_REPRESENTATION('',(#694),#495);
#696=PCURVE('',#139,#695);
#697=CARTESIAN_POINT('',(0.00000000000000000E0,1.00000000000000000E0));
#698=CARTESIAN_POINT('',(0.00000000000000000E0,0.00000000000000000E0));
#699=B_SPLINE_CURVE_WITH_KNOTS('',1,(#697,#698),.UNSPECIFIED.,.F.,.F.,(2,2),(0.00000000000000000E0,1.00000000000000000E0),.UNSPECIFIED.);
#700=DEFINITIONAL_REPRESENTATION('',(#699),#495);
#701=PCURVE('',#139,#700);
#702=CARTESIAN_POINT('',(1.50081108713917555E-3,4.61288778717017789E-1));
#703=CARTESIAN_POINT('',(4.50695169187764755E-3,4.22577557434035522E-1));
#704=CARTESIAN_POINT('',(1.34532954578358011E-2,3.84794512721138460E-1));
#705=(BOUNDED_CURVE()B_SPLINE_CURVE(2,(#702,#703,#704),.UNSPECIFIED.,.F.,.F.)B_SPLINE_CURVE_WITH_KNOTS((3,3),(0.00000000000000000E0,1.00000000000000000E0),.UNSPECIFIED.)CURVE()GEOMETRIC_REPRESENTATION_ITEM()RATIONAL_B_SPLINE_CURVE((1.00000000000000000E0,9.96998377825721427E-1,1.00000000000000000E0))REPRESENTATION_ITEM(''));
#706=DEFINITIONAL_REPRESENTATION('',(#705),#495);
#707=PCURVE('',#115,#706);
#708=CARTESIAN_POINT('',(1.34532954578358011E-2,3.84794512721138460E-1));
#709=CARTESIAN_POINT('',(3.78363323864458923E-1,4.71198628180284629E-1));
#710=B_SPLINE_CURVE_WITH_KNOTS('',1,(#708,#709),.UNSPECIFIED.,.F.,.F.,(2,2),(0.00000000000000000E0,1.00000000000000000E0),.UNSPECIFIED.);
#711=DEFINITIONAL_REPRESENTATION('',(#710),#495);
#712=PCURVE('',#115,#711);
#713=CARTESIAN_POINT('',(3.78363323864458923E-1,4.71198628180284629E-1));
#714=CARTESIAN_POINT('',(3.76126737922969356E-1,4.80644389358508839E-1));
#715=CARTESIAN_POINT('',(3.75375202771784822E-1,4.90322194679254419E-1));
#716=(BOUNDED_CURVE()B_SPLINE_CURVE(2,(#713,#714,#715),.UNSPECIFIED.,.F.,.F.)B_SPLINE_CURVE_WITH_KNOTS((3,3),(0.00000000000000000E0,1.00000000000000000E0),.UNSPECIFIED.)CURVE()GEOMETRIC_REPRESENTATION_ITEM()RATIONAL_B_SPLINE_CURVE((1.00000000000000000E0,9.96998377825721427E-1,1.00000000000000000E0))REPRESENTATION_ITEM(''));
#717=DEFINITIONAL_REPRESENTATION('',(#716),#495);
#718=PCURVE('',#115,#717);
#719=CARTESIAN_POINT('',(3.75375202771784822E-1,4.90322194679254419E-1));
#720=CARTESIAN_POINT('',(1.50081108713917555E-3,4.61288778717017789E-1));
#721=B_SPLINE_CURVE_WITH_KNOTS('',1,(#719,#720),.UNSPECIFIED.,.F.,.F.,(2,2),(0.00000000000000000E0,1.00000000000000000E0),.UNSPECIFIED.);
#722=DEFINITIONAL_REPRESENTATION('',(#721),#495);
#723=PCURVE('',#115,#722);
#724=CARTESIAN_POINT('',(0.00000000000000000E0,0.00000000000000000E0));
#725=CARTESIAN_POINT('',(1.00000000000000000E0,0.00000000000000000E0));
#726=B_SPLINE_CURVE_WITH_KNOTS('',1,(#724,#725),.UNSPECIFIED.,.F.,.F.,(2,2),(0.00000000000000000E0,1.00000000000000000E0),.UNSPECIFIED.);
#727=DEFINITIONAL_REPRESENTATION('',(#726),#495);
#728=PCURVE('',#158,#727);
#729=CARTESIAN_POINT('',(1.00000000000000000E0,0.00000000000000000E0));
#730=CARTESIAN_POINT('',(1.00000000000000000E0,1.00000000000000000E0));
#731=B_SPLINE_CURVE_WITH_KNOTS('',1,(#729,#730),.UNSPECIFIED.,.F.,.F.,(2,2),(0.00000000000000000E0,1.00000000000000000E0),.UNSPECIFIED.);
#732=DEFINITIONAL_REPRESENTATION('',(#731),#495);
#733=PCURVE('',#158,#732);
#734=CARTESIAN_POINT('',(1.00000000000000000E0,1.00000000000000000E0));
#735=CARTESIAN_POINT('',(0.00000000000000000E0,1.00000000000000000E0));
#736=B_SPLINE_CURVE_WITH_KNOTS('',1,(#734,#735),.UNSPECIFIED.,.F.,.F.,(2,2),(0.00000000000000000E0,1.00000000000000000E0),.UNSPECIFIED.);
#737=DEFINITIONAL_REPRESENTATION('',(#736),#495);
#738=PCURVE('',#158,#737);
#739=CARTESIAN_POINT('',(0.00000000000000000E0,1.00000000000000000E0));
#740=CARTESIAN_POINT('',(0.00000000000000000E0,0.00000000000000000E0));
#741=B_SPLINE_CURVE_WITH_KNOTS('',1,(#739,#740),.UNSPECIFIED.,.F.,.F.,(2,2),(0.00000000000000000E0,1.00000000000000000E0),.UNSPECIFIED.);
#742=DEFINITIONAL_REPRESENTATION('',(#741),#495);
#743=PCURVE('',#158,#742);
#744=CARTESIAN_POINT('',(9.56137535508278957E-1,3.91994855676067289E-1));
#745=CARTESIAN_POINT('',(6.21636676135541077E-1,4.71198628180284629E-1));
#746=B_SPLINE_CURVE_WITH_KNOTS('',1,(#744,#745),.UNSPECIFIED.,.F.,.F.,(2,2),(0.00000000000000000E0,1.00000000000000000E0),.UNSPECIFIED.);
#747=DEFINITIONAL_REPRESENTATION('',(#746),#495);
#748=PCURVE('',#84,#747);
#749=CARTESIAN_POINT('',(6.21636676135541077E-1,4.71198628180284629E-1));
#750=CARTESIAN_POINT('',(6.21190232529699626E-1,4.69313165340651761E-1));
#751=CARTESIAN_POINT('',(6.20707295215848553E-1,4.67436492870739628E-1));
#752=CARTESIAN_POINT('',(6.20188065368328934E-1,4.65569460389042622E-1));
#753=CARTESIAN_POINT('',(6.19632776924940565E-1,4.63712909082702018E-1));
#754=CARTESIAN_POINT('',(6.19041696235714145E-1,4.61867670444569556E-1));
#755=(BOUNDED_CURVE()B_SPLINE_CURVE(5,(#749,#750,#751,#752,#753,#754),.UNSPECIFIED.,.F.,.F.)B_SPLINE_CURVE_WITH_KNOTS((6,6),(0.00000000000000000E0,1.00000000000000000E0),.UNSPECIFIED.)CURVE()GEOMETRIC_REPRESENTATION_ITEM()RATIONAL_B_SPLINE_CURVE((1.00000000000000000E0,9.99699725076284906E-1,9.99549587614427248E-1,9.99549587614427137E-1,9.99699725076284906E-1,1.00000000000000000E0))REPRESENTATION_ITEM(''));
#756=DEFINITIONAL_REPRESENTATION('',(#755),#495);
#757=PCURVE('',#84,#756);
#758=CARTESIAN_POINT('',(6.19041696235714145E-1,4.61867670444569556E-1));
#759=CARTESIAN_POINT('',(9.76166784942856580E-1,3.47470681778278223E-1));
#760=B_SPLINE_CURVE_WITH_KNOTS('',1,(#758,#759),.UNSPECIFIED.,.F.,.F.,(2,2),(0.00000000000000000E0,1.00000000000000000E0),.UNSPECIFIED.);
#761=DEFINITIONAL_REPRESENTATION('',(#760),#495);
#762=PCURVE('',#84,#761);
#763=CARTESIAN_POINT('',(9.76166784942856580E-1,3.47470681778278223E-1));
#764=CARTESIAN_POINT('',(9.78531107699762037E-1,3.54851636330808184E-1));
#765=CARTESIAN_POINT('',(9.71820111104480966E-1,3.65139054998800006E-1));
#766=CARTESIAN_POINT('',(9.61779218621086285E-1,3.75725772003280445E-1));
#767=CARTESIAN_POINT('',(9.54463371986373432E-1,3.84924370027443952E-1));
#768=CARTESIAN_POINT('',(9.56137535508278957E-1,3.91994855676067289E-1));
#769=(BOUNDED_CURVE()B_SPLINE_CURVE(5,(#763,#764,#765,#766,#767,#768),.UNSPECIFIED.,.F.,.F.)B_SPLINE_CURVE_WITH_KNOTS((6,6),(0.00000000000000000E0,1.00000000000000000E0),.UNSPECIFIED.)CURVE()GEOMETRIC_REPRESENTATION_ITEM()RATIONAL_B_SPLINE_CURVE((1.00000000000000000E0,9.99699725076284906E-1,9.99549587614427137E-1,9.99549587614427248E-1,9.99699725076284906E-1,1.00000000000000000E0))REPRESENTATION_ITEM(''));
#770=DEFINITIONAL_REPRESENTATION('',(#769),#495);
#771=PCURVE('',#84,#770);
#772=CARTESIAN_POINT('',(1.00000000000000000E0,0.00000000000000000E0));
#773=CARTESIAN_POINT('',(1.00000000000000000E0,7.91666666666666630E-1));
#774=B_SPLINE_CURVE_WITH_KNOTS('',1,(#772,#773),.UNSPECIFIED.,.F.,.F.,(2,2),(0.00000000000000000E0,1.00000000000000000E0),.UNSPECIFIED.);
#775=DEFINITIONAL_REPRESENTATION('',(#774),#495);
#776=PCURVE('',#171,#775);
#777=CARTESIAN_POINT('',(1.00000000000000000E0,7.91666666666666630E-1));
#778=CARTESIAN_POINT('',(6.66666666666666741E-1,7.91666666666666630E-1));
#779=CARTESIAN_POINT('',(3.33333333333333370E-1,1.00000000000000000E0));
#780=CARTESIAN_POINT('',(0.00000000000000000E0,1.00000000000000000E0));
#781=B_SPLINE_CURVE_WITH_KNOTS('',3,(#777,#778,#779,#780),.UNSPECIFIED.,.F.,.F.,(4,4),(0.00000000000000000E0,1.00000000000000000E0),.UNSPECIFIED.);
#782=DEFINITIONAL_REPRESENTATION('',(#781),#495);
#783=PCURVE('',#171,#782);
#784=CARTESIAN_POINT('',(0.00000000000000000E0,1.00000000000000000E0));
#785=CARTESIAN_POINT('',(0.00000000000000000E0,0.00000000000000000E0));
#786=B_SPLINE_CURVE_WITH_KNOTS('',1,(#784,#785),.UNSPECIFIED.,.F.,.F.,(2,2),(0.00000000000000000E0,1.00000000000000000E0),.UNSPECIFIED.);
#787=DEFINITIONAL_REPRESENTATION('',(#786),#495);
#788=PCURVE('',#171,#787);
#789=CARTESIAN_POINT('',(0.00000000000000000E0,0.00000000000000000E0));
#790=CARTESIAN_POINT('',(1.00000000000000000E0,0.00000000000000000E0));
#791=B_SPLINE_CURVE_WITH_KNOTS('',1,(#789,#790),.UNSPECIFIED.,.F.,.F.,(2,2),(0.00000000000000000E0,1.00000000000000000E0),.UNSPECIFIED.);
#792=DEFINITIONAL_REPRESENTATION('',(#791),#495);
#793=PCURVE('',#171,#792);
#794=CARTESIAN_POINT('',(0.00000000000000000E0,0.00000000000000000E0));
#795=CARTESIAN_POINT('',(1.00000000000000000E0,0.00000000000000000E0));
#796=B_SPLINE_CURVE_WITH_KNOTS('',1,(#794,#795),.UNSPECIFIED.,.F.,.F.,(2,2),(0.00000000000000000E0,1.00000000000000000E0),.UNSPECIFIED.);
#797=DEFINITIONAL_REPRESENTATION('',(#796),#495);
#798=PCURVE('',#184,#797);
#799=CARTESIAN_POINT('',(1.00000000000000000E0,0.00000000000000000E0));
#800=CARTESIAN_POINT('',(1.00000000000000000E0,1.00000000000000000E0));
#801=B_SPLINE_CURVE_WITH_KNOTS('',1,(#799,#800),.UNSPECIFIED.,.F.,.F.,(2,2),(0.00000000000000000E0,1.00000000000000000E0),.UNSPECIFIED.);
#802=DEFINITIONAL_REPRESENTATION('',(#801),#495);
#803=PCURVE('',#184,#802);
#804=CARTESIAN_POINT('',(1.00000000000000000E0,1.00000000000000000E0));
#805=CARTESIAN_POINT('',(6.66666666666666630E-1,1.00000000000000000E0));
#806=CARTESIAN_POINT('',(3.33333333333333315E-1,1.00000000000000000E0));
#807=CARTESIAN_POINT('',(0.00000000000000000E0,1.00000000000000000E0));
#808=B_SPLINE_CURVE_WITH_KNOTS('',3,(#804,#805,#806,#807),.UNSPECIFIED.,.F.,.F.,(4,4),(0.00000000000000000E0,1.00000000000000000E0),.UNSPECIFIED.);
#809=DEFINITIONAL_REPRESENTATION('',(#808),#495);
#810=PCURVE('',#184,#809);
#811=CARTESIAN_POINT('',(0.00000000000000000E0,1.00000000000000000E0));
#812=CARTESIAN_POINT('',(0.00000000000000000E0,0.00000000000000000E0));
#813=B_SPLINE_CURVE_WITH_KNOTS('',1,(#811,#812),.UNSPECIFIED.,.F.,.F.,(2,2),(0.00000000000000000E0,1.00000000000000000E0),.UNSPECIFIED.);
#814=DEFINITIONAL_REPRESENTATION('',(#813),#495);
#815=PCURVE('',#184,#814);
#816=CARTESIAN_POINT('',(1.34532954578358011E-2,3.84794512721138460E-1));
#817=CARTESIAN_POINT('',(1.52390698812017167E-2,3.77252661362606878E-1));
#818=CARTESIAN_POINT('',(1.71708191366060081E-2,3.69745971482958624E-1));
#819=CARTESIAN_POINT('',(1.92477385266844880E-2,3.62277841556170432E-1));
#820=CARTESIAN_POINT('',(2.14688923002379628E-2,3.54851636330808184E-1));
#821=CARTESIAN_POINT('',(2.38332150571434198E-2,3.47470681778278223E-1));
#822=(BOUNDED_CURVE()B_SPLINE_CURVE(5,(#816,#817,#818,#819,#820,#821),.UNSPECIFIED.,.F.,.F.)B_SPLINE_CURVE_WITH_KNOTS((6,6),(0.00000000000000000E0,1.00000000000000000E0),.UNSPECIFIED.)CURVE()GEOMETRIC_REPRESENTATION_ITEM()RATIONAL_B_SPLINE_CURVE((1.00000000000000000E0,9.99699725076284906E-1,9.99549587614427248E-1,9.99549587614427137E-1,9.99699725076284906E-1,1.00000000000000000E0))REPRESENTATION_ITEM(''));
#823=DEFINITIONAL_REPRESENTATION('',(#822),#495);
#824=PCURVE('',#115,#823);
#825=CARTESIAN_POINT('',(2.38332150571434198E-2,3.47470681778278223E-1));
#826=CARTESIAN_POINT('',(3.80958303764285855E-1,4.61867670444569556E-1));
#827=B_SPLINE_CURVE_WITH_KNOTS('',1,(#825,#826),.UNSPECIFIED.,.F.,.F.,(2,2),(0.00000000000000000E0,1.00000000000000000E0),.UNSPECIFIED.);
#828=DEFINITIONAL_REPRESENTATION('',(#827),#495);
#829=PCURVE('',#115,#828);
#830=CARTESIAN_POINT('',(3.80958303764285855E-1,4.61867670444569556E-1));
#831=CARTESIAN_POINT('',(3.80367223075059435E-1,4.63712909082702018E-1));
#832=CARTESIAN_POINT('',(3.79811934631671066E-1,4.65569460389042622E-1));
#833=CARTESIAN_POINT('',(3.79292704784151447E-1,4.67436492870739628E-1));
#834=CARTESIAN_POINT('',(3.78809767470300374E-1,4.69313165340651761E-1));
#835=CARTESIAN_POINT('',(3.78363323864458923E-1,4.71198628180284629E-1));
#836=(BOUNDED_CURVE()B_SPLINE_CURVE(5,(#830,#831,#832,#833,#834,#835),.UNSPECIFIED.,.F.,.F.)B_SPLINE_CURVE_WITH_KNOTS((6,6),(0.00000000000000000E0,1.00000000000000000E0),.UNSPECIFIED.)CURVE()GEOMETRIC_REPRESENTATION_ITEM()RATIONAL_B_SPLINE_CURVE((1.00000000000000000E0,9.99699725076284906E-1,9.99549587614427137E-1,9.99549587614427248E-1,9.99699725076284906E-1,1.00000000000000000E0))REPRESENTATION_ITEM(''));
#837=DEFINITIONAL_REPRESENTATION('',(#836),#495);
#838=PCURVE('',#115,#837);
#839=CARTESIAN_POINT('',(3.78363323864458923E-1,4.71198628180284629E-1));
#840=CARTESIAN_POINT('',(1.34532954578358011E-2,3.84794512721138460E-1));
#841=B_SPLINE_CURVE_WITH_KNOTS('',1,(#839,#840),.UNSPECIFIED.,.F.,.F.,(2,2),(0.00000000000000000E0,1.00000000000000000E0),.UNSPECIFIED.);
#842=DEFINITIONAL_REPRESENTATION('',(#841),#495);
#843=PCURVE('',#115,#842);
#844=CARTESIAN_POINT('',(9.76166784942856580E-1,3.47470681778278223E-1));
#845=CARTESIAN_POINT('',(6.19041696235714145E-1,4.61867670444569556E-1));
#846=B_SPLINE_CURVE_WITH_KNOTS('',1,(#844,#845),.UNSPECIFIED.,.F.,.F.,(2,2),(0.00000000000000000E0,1.00000000000000000E0),.UNSPECIFIED.);
#847=DEFINITIONAL_REPRESENTATION('',(#846),#495);
#848=PCURVE('',#84,#847);
#849=CARTESIAN_POINT('',(6.19041696235714145E-1,4.61867670444569556E-1));
#850=CARTESIAN_POINT('',(5.83755749695620385E-1,3.51711826875937994E-1));
#851=CARTESIAN_POINT('',(4.71198628180284629E-1,3.78363323864458923E-1));
#852=(BOUNDED_CURVE()B_SPLINE_CURVE(2,(#849,#850,#851),.UNSPECIFIED.,.F.,.F.)B_SPLINE_CURVE_WITH_KNOTS((3,3),(0.00000000000000000E0,1.00000000000000000E0),.UNSPECIFIED.)CURVE()GEOMETRIC_REPRESENTATION_ITEM()RATIONAL_B_SPLINE_CURVE((1.00000000000000000E0,7.33969496152927503E-1,1.00000000000000000E0))REPRESENTATION_ITEM(''));
#853=DEFINITIONAL_REPRESENTATION('',(#852),#495);
#854=PCURVE('',#84,#853);
#855=CARTESIAN_POINT('',(4.71198628180284629E-1,3.78363323864458923E-1));
#856=CARTESIAN_POINT('',(3.84794512721138404E-1,1.34532954578357785E-2));
#857=B_SPLINE_CURVE_WITH_KNOTS('',1,(#855,#856),.UNSPECIFIED.,.F.,.F.,(2,2),(0.00000000000000000E0,1.00000000000000000E0),.UNSPECIFIED.);
#858=DEFINITIONAL_REPRESENTATION('',(#857),#495);
#859=PCURVE('',#84,#858);
#860=CARTESIAN_POINT('',(3.84794512721138404E-1,1.34532954578357785E-2));
#861=CARTESIAN_POINT('',(8.35022998782481318E-1,-9.31526924962479824E-2));
#862=CARTESIAN_POINT('',(9.76166784942856580E-1,3.47470681778278223E-1));
#863=(BOUNDED_CURVE()B_SPLINE_CURVE(2,(#860,#861,#862),.UNSPECIFIED.,.F.,.F.)B_SPLINE_CURVE_WITH_KNOTS((3,3),(0.00000000000000000E0,1.00000000000000000E0),.UNSPECIFIED.)CURVE()GEOMETRIC_REPRESENTATION_ITEM()RATIONAL_B_SPLINE_CURVE((1.00000000000000000E0,7.33969496152927503E-1,1.00000000000000000E0))REPRESENTATION_ITEM(''));
#864=DEFINITIONAL_REPRESENTATION('',(#863),#495);
#865=PCURVE('',#84,#864);
#866=CARTESIAN_POINT('',(1.00000000000000000E0,0.00000000000000000E0));
#867=CARTESIAN_POINT('',(1.00000000000000000E0,1.00000000000000000E0));
#868=B_SPLINE_CURVE_WITH_KNOTS('',1,(#866,#867),.UNSPECIFIED.,.F.,.F.,(2,2),(0.00000000000000000E0,1.00000000000000000E0),.UNSPECIFIED.);
#869=DEFINITIONAL_REPRESENTATION('',(#868),#495);
#870=PCURVE('',#191,#869);
#871=CARTESIAN_POINT('',(1.00000000000000000E0,1.00000000000000000E0));
#872=CARTESIAN_POINT('',(6.66666666666666741E-1,1.00000000000000000E0));
#873=CARTESIAN_POINT('',(3.33333333333333370E-1,1.00000000000000000E0));
#874=CARTESIAN_POINT('',(0.00000000000000000E0,1.00000000000000000E0));
#875=B_SPLINE_CURVE_WITH_KNOTS('',3,(#871,#872,#873,#874),.UNSPECIFIED.,.F.,.F.,(4,4),(0.00000000000000000E0,1.00000000000000000E0),.UNSPECIFIED.);
#876=DEFINITIONAL_REPRESENTATION('',(#875),#495);
#877=PCURVE('',#191,#876);
#878=CARTESIAN_POINT('',(0.00000000000000000E0,1.00000000000000000E0));
#879=CARTESIAN_POINT('',(0.00000000000000000E0,0.00000000000000000E0));
#880=B_SPLINE_CURVE_WITH_KNOTS('',1,(#878,#879),.UNSPECIFIED.,.F.,.F.,(2,2),(0.00000000000000000E0,1.00000000000000000E0),.UNSPECIFIED.);
#881=DEFINITIONAL_REPRESENTATION('',(#880),#495);
#882=PCURVE('',#191,#881);
#883=CARTESIAN_POINT('',(0.00000000000000000E0,0.00000000000000000E0));
#884=CARTESIAN_POINT('',(1.00000000000000000E0,0.00000000000000000E0));
#885=B_SPLINE_CURVE_WITH_KNOTS('',1,(#883,#884),.UNSPECIFIED.,.F.,.F.,(2,2),(0.00000000000000000E0,1.00000000000000000E0),.UNSPECIFIED.);
#886=DEFINITIONAL_REPRESENTATION('',(#885),#495);
#887=PCURVE('',#191,#886);
#888=CARTESIAN_POINT('',(0.00000000000000000E0,0.00000000000000000E0));
#889=CARTESIAN_POINT('',(1.00000000000000000E0,0.00000000000000000E0));
#890=B_SPLINE_CURVE_WITH_KNOTS('',1,(#888,#889),.UNSPECIFIED.,.F.,.F.,(2,2),(0.00000000000000000E0,1.00000000000000000E0),.UNSPECIFIED.);
#891=DEFINITIONAL_REPRESENTATION('',(#890),#495);
#892=PCURVE('',#198,#891);
#893=CARTESIAN_POINT('',(1.00000000000000000E0,0.00000000000000000E0));
#894=CARTESIAN_POINT('',(1.00000000000000000E0,1.00000000000000000E0));
#895=B_SPLINE_CURVE_WITH_KNOTS('',1,(#893,#894),.UNSPECIFIED.,.F.,.F.,(2,2),(0.00000000000000000E0,1.00000000000000000E0),.UNSPECIFIED.);
#896=DEFINITIONAL_REPRESENTATION('',(#895),#495);
#897=PCURVE('',#198,#896);
#898=CARTESIAN_POINT('',(1.00000000000000000E0,1.00000000000000000E0));
#899=CARTESIAN_POINT('',(6.66666666666666630E-1,1.00000000000000000E0));
#900=CARTESIAN_POINT('',(3.33333333333333315E-1,1.00000000000000000E0));
#901=CARTESIAN_POINT('',(0.00000000000000000E0,1.00000000000000000E0));
#902=B_SPLINE_CURVE_WITH_KNOTS('',3,(#898,#899,#900,#901),.UNSPECIFIED.,.F.,.F.,(4,4),(0.00000000000000000E0,1.00000000000000000E0),.UNSPECIFIED.);
#903=DEFINITIONAL_REPRESENTATION('',(#902),#495);
#904=PCURVE('',#198,#903);
#905=CARTESIAN_POINT('',(0.00000000000000000E0,1.00000000000000000E0));
#906=CARTESIAN_POINT('',(0.00000000000000000E0,0.00000000000000000E0));
#907=B_SPLINE_CURVE_WITH_KNOTS('',1,(#905,#906),.UNSPECIFIED.,.F.,.F.,(2,2),(0.00000000000000000E0,1.00000000000000000E0),.UNSPECIFIED.);
#908=DEFINITIONAL_REPRESENTATION('',(#907),#495);
#909=PCURVE('',#198,#908);
#910=CARTESIAN_POINT('',(2.38332150571434198E-2,3.47470681778278223E-1));
#911=CARTESIAN_POINT('',(1.64977001217518682E-1,-9.31526924962479824E-2));
#912=CARTESIAN_POINT('',(6.15205487278861596E-1,1.34532954578357785E-2));
#913=(BOUNDED_CURVE()B_SPLINE_CURVE(2,(#910,#911,#912),.UNSPECIFIED.,.F.,.F.)B_SPLINE_CURVE_WITH_KNOTS((3,3),(0.00000000000000000E0,1.00000000000000000E0),.UNSPECIFIED.)CURVE()GEOMETRIC_REPRESENTATION_ITEM()RATIONAL_B_SPLINE_CURVE((1.00000000000000000E0,7.33969496152927503E-1,1.00000000000000000E0))REPRESENTATION_ITEM(''));
#914=DEFINITIONAL_REPRESENTATION('',(#913),#495);
#915=PCURVE('',#115,#914);
#916=CARTESIAN_POINT('',(6.15205487278861596E-1,1.34532954578357785E-2));
#917=CARTESIAN_POINT('',(5.28801371819715316E-1,3.78363323864458923E-1));
#918=B_SPLINE_CURVE_WITH_KNOTS('',1,(#916,#917),.UNSPECIFIED.,.F.,.F.,(2,2),(0.00000000000000000E0,1.00000000000000000E0),.UNSPECIFIED.);
#919=DEFINITIONAL_REPRESENTATION('',(#918),#495);
#920=PCURVE('',#115,#919);
#921=CARTESIAN_POINT('',(5.28801371819715316E-1,3.78363323864458923E-1));
#922=CARTESIAN_POINT('',(4.16244250304379615E-1,3.51711826875937994E-1));
#923=CARTESIAN_POINT('',(3.80958303764285855E-1,4.61867670444569556E-1));
#924=(BOUNDED_CURVE()B_SPLINE_CURVE(2,(#921,#922,#923),.UNSPECIFIED.,.F.,.F.)B_SPLINE_CURVE_WITH_KNOTS((3,3),(0.00000000000000000E0,1.00000000000000000E0),.UNSPECIFIED.)CURVE()GEOMETRIC_REPRESENTATION_ITEM()RATIONAL_B_SPLINE_CURVE((1.00000000000000000E0,7.33969496152927503E-1,1.00000000000000000E0))REPRESENTATION_ITEM(''));
#925=DEFINITIONAL_REPRESENTATION('',(#924),#495);
#926=PCURVE('',#115,#925);
#927=CARTESIAN_POINT('',(3.80958303764285855E-1,4.61867670444569556E-1));
#928=CARTESIAN_POINT('',(2.38332150571434198E-2,3.47470681778278223E-1));
#929=B_SPLINE_CURVE_WITH_KNOTS('',1,(#927,#928),.UNSPECIFIED.,.F.,.F.,(2,2),(0.00000000000000000E0,1.00000000000000000E0),.UNSPECIFIED.);
#930=DEFINITIONAL_REPRESENTATION('',(#929),#495);
#931=PCURVE('',#115,#930);
#932=CARTESIAN_POINT('',(3.84794512721138404E-1,1.34532954578357785E-2));
#933=CARTESIAN_POINT('',(4.71198628180284629E-1,3.78363323864458923E-1));
#934=B_SPLINE_CURVE_WITH_KNOTS('',1,(#932,#933),.UNSPECIFIED.,.F.,.F.,(2,2),(0.00000000000000000E0,1.00000000000000000E0),.UNSPECIFIED.);
#935=DEFINITIONAL_REPRESENTATION('',(#934),#495);
#936=PCURVE('',#84,#935);
#937=CARTESIAN_POINT('',(4.71198628180284629E-1,3.78363323864458923E-1));
#938=CARTESIAN_POINT('',(3.58641506664948928E-1,4.05014820852979907E-1));
#939=CARTESIAN_POINT('',(3.76498558653220017E-1,5.19297512411392992E-1));
#940=(BOUNDED_CURVE()B_SPLINE_CURVE(2,(#937,#938,#939),.UNSPECIFIED.,.F.,.F.)B_SPLINE_CURVE_WITH_KNOTS((3,3),(0.00000000000000000E0,1.00000000000000000E0),.UNSPECIFIED.)CURVE()GEOMETRIC_REPRESENTATION_ITEM()RATIONAL_B_SPLINE_CURVE((1.00000000000000000E0,7.33969496152927503E-1,1.00000000000000000E0))REPRESENTATION_ITEM(''));
#941=DEFINITIONAL_REPRESENTATION('',(#940),#495);
#942=PCURVE('',#84,#941);
#943=CARTESIAN_POINT('',(3.76498558653220017E-1,5.19297512411392992E-1));
#944=CARTESIAN_POINT('',(5.99423461288006720E-3,5.77190049645571746E-1));
#945=B_SPLINE_CURVE_WITH_KNOTS('',1,(#943,#944),.UNSPECIFIED.,.F.,.F.,(2,2),(0.00000000000000000E0,1.00000000000000000E0),.UNSPECIFIED.);
#946=DEFINITIONAL_REPRESENTATION('',(#945),#495);
#947=PCURVE('',#84,#946);
#948=CARTESIAN_POINT('',(5.99423461288006720E-3,5.77190049645571746E-1));
#949=CARTESIAN_POINT('',(-6.54339733402043294E-2,1.20059283411919487E-1));
#950=CARTESIAN_POINT('',(3.84794512721138404E-1,1.34532954578357785E-2));
#951=(BOUNDED_CURVE()B_SPLINE_CURVE(2,(#948,#949,#950),.UNSPECIFIED.,.F.,.F.)B_SPLINE_CURVE_WITH_KNOTS((3,3),(0.00000000000000000E0,1.00000000000000000E0),.UNSPECIFIED.)CURVE()GEOMETRIC_REPRESENTATION_ITEM()RATIONAL_B_SPLINE_CURVE((1.00000000000000000E0,7.33969496152927503E-1,1.00000000000000000E0))REPRESENTATION_ITEM(''));
#952=DEFINITIONAL_REPRESENTATION('',(#951),#495);
#953=PCURVE('',#84,#952);
#954=CARTESIAN_POINT('',(1.00000000000000000E0,0.00000000000000000E0));
#955=CARTESIAN_POINT('',(1.00000000000000000E0,1.00000000000000000E0));
#956=B_SPLINE_CURVE_WITH_KNOTS('',1,(#954,#955),.UNSPECIFIED.,.F.,.F.,(2,2),(0.00000000000000000E0,1.00000000000000000E0),.UNSPECIFIED.);
#957=DEFINITIONAL_REPRESENTATION('',(#956),#495);
#958=PCURVE('',#205,#957);
#959=CARTESIAN_POINT('',(1.00000000000000000E0,1.00000000000000000E0));
#960=CARTESIAN_POINT('',(6.66666666666666741E-1,1.00000000000000000E0));
#961=CARTESIAN_POINT('',(3.33333333333333370E-1,1.00000000000000000E0));
#962=CARTESIAN_POINT('',(0.00000000000000000E0,1.00000000000000000E0));
#963=B_SPLINE_CURVE_WITH_KNOTS('',3,(#959,#960,#961,#962),.UNSPECIFIED.,.F.,.F.,(4,4),(0.00000000000000000E0,1.00000000000000000E0),.UNSPECIFIED.);
#964=DEFINITIONAL_REPRESENTATION('',(#963),#495);
#965=PCURVE('',#205,#964);
#966=CARTESIAN_POINT('',(0.00000000000000000E0,1.00000000000000000E0));
#967=CARTESIAN_POINT('',(0.00000000000000000E0,0.00000000000000000E0));
#968=B_SPLINE_CURVE_WITH_KNOTS('',1,(#966,#967),.UNSPECIFIED.,.F.,.F.,(2,2),(0.00000000000000000E0,1.00000000000000000E0),.UNSPECIFIED.);
#969=DEFINITIONAL_REPRESENTATION('',(#968),#495);
#970=PCURVE('',#205,#969);
#971=CARTESIAN_POINT('',(0.00000000000000000E0,0.00000000000000000E0));
#972=CARTESIAN_POINT('',(1.00000000000000000E0,0.00000000000000000E0));
#973=B_SPLINE_CURVE_WITH_KNOTS('',1,(#971,#972),.UNSPECIFIED.,.F.,.F.,(2,2),(0.00000000000000000E0,1.00000000000000000E0),.UNSPECIFIED.);
#974=DEFINITIONAL_REPRESENTATION('',(#973),#495);
#975=PCURVE('',#205,#974);
#976=CARTESIAN_POINT('',(0.00000000000000000E0,0.00000000000000000E0));
#977=CARTESIAN_POINT('',(1.00000000000000000E0,0.00000000000000000E0));
#978=B_SPLINE_CURVE_WITH_KNOTS('',1,(#976,#977),.UNSPECIFIED.,.F.,.F.,(2,2),(0.00000000000000000E0,1.00000000000000000E0),.UNSPECIFIED.);
#979=DEFINITIONAL_REPRESENTATION('',(#978),#495);
#980=PCURVE('',#212,#979);
#981=CARTESIAN_POINT('',(1.00000000000000000E0,0.00000000000000000E0));
#982=CARTESIAN_POINT('',(1.00000000000000000E0,1.00000000000000000E0));
#983=B_SPLINE_CURVE_WITH_KNOTS('',1,(#981,#982),.UNSPECIFIED.,.F.,.F.,(2,2),(0.00000000000000000E0,1.00000000000000000E0),.UNSPECIFIED.);
#984=DEFINITIONAL_REPRESENTATION('',(#983),#495);
#985=PCURVE('',#212,#984);
#986=CARTESIAN_POINT('',(1.00000000000000000E0,1.00000000000000000E0));
#987=CARTESIAN_POINT('',(6.66666666666666630E-1,1.00000000000000000E0));
#988=CARTESIAN_POINT('',(3.33333333333333315E-1,1.00000000000000000E0));
#989=CARTESIAN_POINT('',(0.00000000000000000E0,1.00000000000000000E0));
#990=B_SPLINE_CURVE_WITH_KNOTS('',3,(#986,#987,#988,#989),.UNSPECIFIED.,.F.,.F.,(4,4),(0.00000000000000000E0,1.00000000000000000E0),.UNSPECIFIED.);
#991=DEFINITIONAL_REPRESENTATION('',(#990),#495);
#992=PCURVE('',#212,#991);
#993=CARTESIAN_POINT('',(0.00000000000000000E0,1.00000000000000000E0));
#994=CARTESIAN_POINT('',(0.00000000000000000E0,0.00000000000000000E0));
#995=B_SPLINE_CURVE_WITH_KNOTS('',1,(#993,#994),.UNSPECIFIED.,.F.,.F.,(2,2),(0.00000000000000000E0,1.00000000000000000E0),.UNSPECIFIED.);
#996=DEFINITIONAL_REPRESENTATION('',(#995),#495);
#997=PCURVE('',#212,#996);
#998=CARTESIAN_POINT('',(6.15205487278861596E-1,1.34532954578357785E-2));
#999=CARTESIAN_POINT('',(1.06543397334020429E0,1.20059283411919487E-1));
#1000=CARTESIAN_POINT('',(9.94005765387119933E-1,5.77190049645571746E-1));
#1001=(BOUNDED_CURVE()B_SPLINE_CURVE(2,(#998,#999,#1000),.UNSPECIFIED.,.F.,.F.)B_SPLINE_CURVE_WITH_KNOTS((3,3),(0.00000000000000000E0,1.00000000000000000E0),.UNSPECIFIED.)CURVE()GEOMETRIC_REPRESENTATION_ITEM()RATIONAL_B_SPLINE_CURVE((1.00000000000000000E0,7.33969496152927503E-1,1.00000000000000000E0))REPRESENTATION_ITEM(''));
#1002=DEFINITIONAL_REPRESENTATION('',(#1001),#495);
#1003=PCURVE('',#115,#1002);
#1004=CARTESIAN_POINT('',(9.94005765387119933E-1,5.77190049645571746E-1));
#1005=CARTESIAN_POINT('',(6.23501441346779983E-1,5.19297512411392992E-1));
#1006=B_SPLINE_CURVE_WITH_KNOTS('',1,(#1004,#1005),.UNSPECIFIED.,.F.,.F.,(2,2),(0.00000000000000000E0,1.00000000000000000E0),.UNSPECIFIED.);
#1007=DEFINITIONAL_REPRESENTATION('',(#1006),#495);
#1008=PCURVE('',#115,#1007);
#1009=CARTESIAN_POINT('',(6.23501441346779983E-1,5.19297512411392992E-1));
#1010=CARTESIAN_POINT('',(6.41358493335051127E-1,4.05014820852979907E-1));
#1011=CARTESIAN_POINT('',(5.28801371819715316E-1,3.78363323864458923E-1));
#1012=(BOUNDED_CURVE()B_SPLINE_CURVE(2,(#1009,#1010,#1011),.UNSPECIFIED.,.F.,.F.)B_SPLINE_CURVE_WITH_KNOTS((3,3),(0.00000000000000000E0,1.00000000000000000E0),.UNSPECIFIED.)CURVE()GEOMETRIC_REPRESENTATION_ITEM()RATIONAL_B_SPLINE_CURVE((1.00000000000000000E0,7.33969496152927503E-1,1.00000000000000000E0))REPRESENTATION_ITEM(''));
#1013=DEFINITIONAL_REPRESENTATION('',(#1012),#495);
#1014=PCURVE('',#115,#1013);
#1015=CARTESIAN_POINT('',(5.28801371819715316E-1,3.78363323864458923E-1));
#1016=CARTESIAN_POINT('',(6.15205487278861596E-1,1.34532954578357785E-2));
#1017=B_SPLINE_CURVE_WITH_KNOTS('',1,(#1015,#1016),.UNSPECIFIED.,.F.,.F.,(2,2),(0.00000000000000000E0,1.00000000000000000E0),.UNSPECIFIED.);
#1018=DEFINITIONAL_REPRESENTATION('',(#1017),#495);
#1019=PCURVE('',#115,#1018);
#1020=CARTESIAN_POINT('',(5.99423461288006720E-3,5.77190049645571746E-1));
#1021=CARTESIAN_POINT('',(3.76498558653220017E-1,5.19297512411392992E-1));
#1022=B_SPLINE_CURVE_WITH_KNOTS('',1,(#1020,#1021),.UNSPECIFIED.,.F.,.F.,(2,2),(0.00000000000000000E0,1.00000000000000000E0),.UNSPECIFIED.);
#1023=DEFINITIONAL_REPRESENTATION('',(#1022),#495);
#1024=PCURVE('',#84,#1023);
#1025=CARTESIAN_POINT('',(3.76498558653220017E-1,5.19297512411392992E-1));
#1026=CARTESIAN_POINT('',(3.94355610641491050E-1,6.33580203969805966E-1));
#1027=CARTESIAN_POINT('',(5.09677805320745581E-1,6.24624797228215178E-1));
#1028=(BOUNDED_CURVE()B_SPLINE_CURVE(2,(#1025,#1026,#1027),.UNSPECIFIED.,.F.,.F.)B_SPLINE_CURVE_WITH_KNOTS((3,3),(0.00000000000000000E0,1.00000000000000000E0),.UNSPECIFIED.)CURVE()GEOMETRIC_REPRESENTATION_ITEM()RATIONAL_B_SPLINE_CURVE((1.00000000000000000E0,7.33969496152927503E-1,1.00000000000000000E0))REPRESENTATION_ITEM(''));
#1029=DEFINITIONAL_REPRESENTATION('',(#1028),#495);
#1030=PCURVE('',#84,#1029);
#1031=CARTESIAN_POINT('',(5.09677805320745581E-1,6.24624797228215178E-1));
#1032=CARTESIAN_POINT('',(5.38711221282982544E-1,9.98499188912860824E-1));
#1033=B_SPLINE_CURVE_WITH_KNOTS('',1,(#1031,#1032),.UNSPECIFIED.,.F.,.F.,(2,2),(0.00000000000000000E0,1.00000000000000000E0),.UNSPECIFIED.);
#1034=DEFINITIONAL_REPRESENTATION('',(#1033),#495);
#1035=PCURVE('',#84,#1034);
#1036=CARTESIAN_POINT('',(5.38711221282982544E-1,9.98499188912860824E-1));
#1037=CARTESIAN_POINT('',(7.74224425659643806E-2,1.03432081587922364E0));
#1038=CARTESIAN_POINT('',(5.99423461288006720E-3,5.77190049645571746E-1));
#1039=(BOUNDED_CURVE()B_SPLINE_CURVE(2,(#1036,#1037,#1038),.UNSPECIFIED.,.F.,.F.)B_SPLINE_CURVE_WITH_KNOTS((3,3),(0.00000000000000000E0,1.00000000000000000E0),.UNSPECIFIED.)CURVE()GEOMETRIC_REPRESENTATION_ITEM()RATIONAL_B_SPLINE_CURVE((1.00000000000000000E0,7.33969496152927503E-1,1.00000000000000000E0))REPRESENTATION_ITEM(''));
#1040=DEFINITIONAL_REPRESENTATION('',(#1039),#495);
#1041=PCURVE('',#84,#1040);
#1042=CARTESIAN_POINT('',(1.00000000000000000E0,0.00000000000000000E0));
#1043=CARTESIAN_POINT('',(1.00000000000000000E0,1.00000000000000000E0));
#1044=B_SPLINE_CURVE_WITH_KNOTS('',1,(#1042,#1043),.UNSPECIFIED.,.F.,.F.,(2,2),(0.00000000000000000E0,1.00000000000000000E0),.UNSPECIFIED.);
#1045=DEFINITIONAL_REPRESENTATION('',(#1044),#495);
#1046=PCURVE('',#219,#1045);
#1047=CARTESIAN_POINT('',(1.00000000000000000E0,1.00000000000000000E0));
#1048=CARTESIAN_POINT('',(6.66666666666666741E-1,1.00000000000000000E0));
#1049=CARTESIAN_POINT('',(3.33333333333333370E-1,1.00000000000000000E0));
#1050=CARTESIAN_POINT('',(0.00000000000000000E0,1.00000000000000000E0));
#1051=B_SPLINE_CURVE_WITH_KNOTS('',3,(#1047,#1048,#1049,#1050),.UNSPECIFIED.,.F.,.F.,(4,4),(0.00000000000000000E0,1.00000000000000000E0),.UNSPECIFIED.);
#1052=DEFINITIONAL_REPRESENTATION('',(#1051),#495);
#1053=PCURVE('',#219,#1052);
#1054=CARTESIAN_POINT('',(0.00000000000000000E0,1.00000000000000000E0));
#1055=CARTESIAN_POINT('',(0.00000000000000000E0,0.00000000000000000E0));
#1056=B_SPLINE_CURVE_WITH_KNOTS('',1,(#1054,#1055),.UNSPECIFIED.,.F.,.F.,(2,2),(0.00000000000000000E0,1.00000000000000000E0),.UNSPECIFIED.);
#1057=DEFINITIONAL_REPRESENTATION('',(#1056),#495);
#1058=PCURVE('',#219,#1057);
#1059=CARTESIAN_POINT('',(0.00000000000000000E0,0.00000000000000000E0));
#1060=CARTESIAN_POINT('',(1.00000000000000000E0,0.00000000000000000E0));
#1061=B_SPLINE_CURVE_WITH_KNOTS('',1,(#1059,#1060),.UNSPECIFIED.,.F.,.F.,(2,2),(0.00000000000000000E0,1.00000000000000000E0),.UNSPECIFIED.);
#1062=DEFINITIONAL_REPRESENTATION('',(#1061),#495);
#1063=PCURVE('',#219,#1062);
#1064=CARTESIAN_POINT('',(0.00000000000000000E0,0.00000000000000000E0));
#1065=CARTESIAN_POINT('',(1.00000000000000000E0,0.00000000000000000E0));
#1066=B_SPLINE_CURVE_WITH_KNOTS('',1,(#1064,#1065),.UNSPECIFIED.,.F.,.F.,(2,2),(0.00000000000000000E0,1.00000000000000000E0),.UNSPECIFIED.);
#1067=DEFINITIONAL_REPRESENTATION('',(#1066),#495);
#1068=PCURVE('',#226,#1067);
#1069=CARTESIAN_POINT('',(1.00000000000000000E0,0.00000000000000000E0));
#1070=CARTESIAN_POINT('',(1.00000000000000000E0,1.00000000000000000E0));
#1071=B_SPLINE_CURVE_WITH_KNOTS('',1,(#1069,#1070),.UNSPECIFIED.,.F.,.F.,(2,2),(0.00000000000000000E0,1.00000000000000000E0),.UNSPECIFIED.);
#1072=DEFINITIONAL_REPRESENTATION('',(#1071),#495);
#1073=PCURVE('',#226,#1072);
#1074=CARTESIAN_POINT('',(1.00000000000000000E0,1.00000000000000000E0));
#1075=CARTESIAN_POINT('',(6.66666666666666630E-1,1.00000000000000000E0));
#1076=CARTESIAN_POINT('',(3.33333333333333315E-1,1.00000000000000000E0));
#1077=CARTESIAN_POINT('',(0.00000000000000000E0,1.00000000000000000E0));
#1078=B_SPLINE_CURVE_WITH_KNOTS('',3,(#1074,#1075,#1076,#1077),.UNSPECIFIED.,.F.,.F.,(4,4),(0.00000000000000000E0,1.00000000000000000E0),.UNSPECIFIED.);
#1079=DEFINITIONAL_REPRESENTATION('',(#1078),#495);
#1080=PCURVE('',#226,#1079);
#1081=CARTESIAN_POINT('',(0.00000000000000000E0,1.00000000000000000E0));
#1082=CARTESIAN_POINT('',(0.00000000000000000E0,0.00000000000000000E0));
#1083=B_SPLINE_CURVE_WITH_KNOTS('',1,(#1081,#1082),.UNSPECIFIED.,.F.,.F.,(2,2),(0.00000000000000000E0,1.00000000000000000E0),.UNSPECIFIED.);
#1084=DEFINITIONAL_REPRESENTATION('',(#1083),#495);
#1085=PCURVE('',#226,#1084);
#1086=CARTESIAN_POINT('',(9.94005765387119933E-1,5.77190049645571746E-1));
#1087=CARTESIAN_POINT('',(9.22577557434035578E-1,1.03432081587922364E0));
#1088=CARTESIAN_POINT('',(4.61288778717017456E-1,9.98499188912860824E-1));
#1089=(BOUNDED_CURVE()B_SPLINE_CURVE(2,(#1086,#1087,#1088),.UNSPECIFIED.,.F.,.F.)B_SPLINE_CURVE_WITH_KNOTS((3,3),(0.00000000000000000E0,1.00000000000000000E0),.UNSPECIFIED.)CURVE()GEOMETRIC_REPRESENTATION_ITEM()RATIONAL_B_SPLINE_CURVE((1.00000000000000000E0,7.33969496152927503E-1,1.00000000000000000E0))REPRESENTATION_ITEM(''));
#1090=DEFINITIONAL_REPRESENTATION('',(#1089),#495);
#1091=PCURVE('',#115,#1090);
#1092=CARTESIAN_POINT('',(4.61288778717017456E-1,9.98499188912860824E-1));
#1093=CARTESIAN_POINT('',(4.90322194679254419E-1,6.24624797228215178E-1));
#1094=B_SPLINE_CURVE_WITH_KNOTS('',1,(#1092,#1093),.UNSPECIFIED.,.F.,.F.,(2,2),(0.00000000000000000E0,1.00000000000000000E0),.UNSPECIFIED.);
#1095=DEFINITIONAL_REPRESENTATION('',(#1094),#495);
#1096=PCURVE('',#115,#1095);
#1097=CARTESIAN_POINT('',(4.90322194679254419E-1,6.24624797228215178E-1));
#1098=CARTESIAN_POINT('',(6.05644389358508950E-1,6.33580203969805966E-1));
#1099=CARTESIAN_POINT('',(6.23501441346779983E-1,5.19297512411392992E-1));
#1100=(BOUNDED_CURVE()B_SPLINE_CURVE(2,(#1097,#1098,#1099),.UNSPECIFIED.,.F.,.F.)B_SPLINE_CURVE_WITH_KNOTS((3,3),(0.00000000000000000E0,1.00000000000000000E0),.UNSPECIFIED.)CURVE()GEOMETRIC_REPRESENTATION_ITEM()RATIONAL_B_SPLINE_CURVE((1.00000000000000000E0,7.33969496152927503E-1,1.00000000000000000E0))REPRESENTATION_ITEM(''));
#1101=DEFINITIONAL_REPRESENTATION('',(#1100),#495);
#1102=PCURVE('',#115,#1101);
#1103=CARTESIAN_POINT('',(6.23501441346779983E-1,5.19297512411392992E-1));
#1104=CARTESIAN_POINT('',(9.94005765387119933E-1,5.77190049645571746E-1));
#1105=B_SPLINE_CURVE_WITH_KNOTS('',1,(#1103,#1104),.UNSPECIFIED.,.F.,.F.,(2,2),(0.00000000000000000E0,1.00000000000000000E0),.UNSPECIFIED.);
#1106=DEFINITIONAL_REPRESENTATION('',(#1105),#495);
#1107=PCURVE('',#115,#1106);
#1108=CARTESIAN_POINT('',(5.38711221282982544E-1,9.98499188912860824E-1));
#1109=CARTESIAN_POINT('',(5.09677805320745581E-1,6.24624797228215178E-1));
#1110=B_SPLINE_CURVE_WITH_KNOTS('',1,(#1108,#1109),.UNSPECIFIED.,.F.,.F.,(2,2),(0.00000000000000000E0,1.00000000000000000E0),.UNSPECIFIED.);
#1111=DEFINITIONAL_REPRESENTATION('',(#1110),#495);
#1112=PCURVE('',#84,#1111);
#1113=CARTESIAN_POINT('',(5.09677805320745581E-1,6.24624797228215178E-1));
#1114=CARTESIAN_POINT('',(6.25000000000000000E-1,6.15669390486624390E-1));
#1115=CARTESIAN_POINT('',(6.25000000000000000E-1,5.00000000000000000E-1));
#1116=(BOUNDED_CURVE()B_SPLINE_CURVE(2,(#1113,#1114,#1115),.UNSPECIFIED.,.F.,.F.)B_SPLINE_CURVE_WITH_KNOTS((3,3),(0.00000000000000000E0,1.00000000000000000E0),.UNSPECIFIED.)CURVE()GEOMETRIC_REPRESENTATION_ITEM()RATIONAL_B_SPLINE_CURVE((1.00000000000000000E0,7.33969496152927503E-1,1.00000000000000000E0))REPRESENTATION_ITEM(''));
#1117=DEFINITIONAL_REPRESENTATION('',(#1116),#495);
#1118=PCURVE('',#84,#1117);
#1119=CARTESIAN_POINT('',(6.25000000000000000E-1,5.00000000000000000E-1));
#1120=CARTESIAN_POINT('',(1.00000000000000000E0,5.00000000000000000E-1));
#1121=B_SPLINE_CURVE_WITH_KNOTS('',1,(#1119,#1120),.UNSPECIFIED.,.F.,.F.,(2,2),(0.00000000000000000E0,1.00000000000000000E0),.UNSPECIFIED.);
#1122=DEFINITIONAL_REPRESENTATION('',(#1121),#495);
#1123=PCURVE('',#84,#1122);
#1124=CARTESIAN_POINT('',(1.00000000000000000E0,5.00000000000000000E-1));
#1125=CARTESIAN_POINT('',(1.00000000000000000E0,9.62677561946497562E-1));
#1126=CARTESIAN_POINT('',(5.38711221282982544E-1,9.98499188912860824E-1));
#1127=(BOUNDED_CURVE()B_SPLINE_CURVE(2,(#1124,#1125,#1126),.UNSPECIFIED.,.F.,.F.)B_SPLINE_CURVE_WITH_KNOTS((3,3),(0.00000000000000000E0,1.00000000000000000E0),.UNSPECIFIED.)CURVE()GEOMETRIC_REPRESENTATION_ITEM()RATIONAL_B_SPLINE_CURVE((1.00000000000000000E0,7.33969496152927503E-1,1.00000000000000000E0))REPRESENTATION_ITEM(''));
#1128=DEFINITIONAL_REPRESENTATION('',(#1127),#495);
#1129=PCURVE('',#84,#1128);
#1130=CARTESIAN_POINT('',(1.00000000000000000E0,0.00000000000000000E0));
#1131=CARTESIAN_POINT('',(1.00000000000000000E0,1.00000000000000000E0));
#1132=B_SPLINE_CURVE_WITH_KNOTS('',1,(#1130,#1131),.UNSPECIFIED.,.F.,.F.,(2,2),(0.00000000000000000E0,1.00000000000000000E0),.UNSPECIFIED.);
#1133=DEFINITIONAL_REPRESENTATION('',(#1132),#495);
#1134=PCURVE('',#233,#1133);
#1135=CARTESIAN_POINT('',(1.00000000000000000E0,1.00000000000000000E0));
#1136=CARTESIAN_POINT('',(6.66666666666666741E-1,1.00000000000000000E0));
#1137=CARTESIAN_POINT('',(3.33333333333333370E-1,1.00000000000000000E0));
#1138=CARTESIAN_POINT('',(0.00000000000000000E0,1.00000000000000000E0));
#1139=B_SPLINE_CURVE_WITH_KNOTS('',3,(#1135,#1136,#1137,#1138),.UNSPECIFIED.,.F.,.F.,(4,4),(0.00000000000000000E0,1.00000000000000000E0),.UNSPECIFIED.);
#1140=DEFINITIONAL_REPRESENTATION('',(#1139),#495);
#1141=PCURVE('',#233,#1140);
#1142=CARTESIAN_POINT('',(0.00000000000000000E0,1.00000000000000000E0));
#1143=CARTESIAN_POINT('',(0.00000000000000000E0,0.00000000000000000E0));
#1144=B_SPLINE_CURVE_WITH_KNOTS('',1,(#1142,#1143),.UNSPECIFIED.,.F.,.F.,(2,2),(0.00000000000000000E0,1.00000000000000000E0),.UNSPECIFIED.);
#1145=DEFINITIONAL_REPRESENTATION('',(#1144),#495);
#1146=PCURVE('',#233,#1145);
#1147=CARTESIAN_POINT('',(0.00000000000000000E0,0.00000000000000000E0));
#1148=CARTESIAN_POINT('',(1.00000000000000000E0,0.00000000000000000E0));
#1149=B_SPLINE_CURVE_WITH_KNOTS('',1,(#1147,#1148),.UNSPECIFIED.,.F.,.F.,(2,2),(0.00000000000000000E0,1.00000000000000000E0),.UNSPECIFIED.);
#1150=DEFINITIONAL_REPRESENTATION('',(#1149),#495);
#1151=PCURVE('',#233,#1150);
#1152=CARTESIAN_POINT('',(0.00000000000000000E0,0.00000000000000000E0));
#1153=CARTESIAN_POINT('',(1.00000000000000000E0,0.00000000000000000E0));
#1154=B_SPLINE_CURVE_WITH_KNOTS('',1,(#1152,#1153),.UNSPECIFIED.,.F.,.F.,(2,2),(0.00000000000000000E0,1.00000000000000000E0),.UNSPECIFIED.);
#1155=DEFINITIONAL_REPRESENTATION('',(#1154),#495);
#1156=PCURVE('',#240,#1155);
#1157=CARTESIAN_POINT('',(1.00000000000000000E0,0.00000000000000000E0));
#1158=CARTESIAN_POINT('',(1.00000000000000000E0,1.00000000000000000E0));
#1159=B_SPLINE_CURVE_WITH_KNOTS('',1,(#1157,#1158),.UNSPECIFIED.,.F.,.F.,(2,2),(0.00000000000000000E0,1.00000000000000000E0),.UNSPECIFIED.);
#1160=DEFINITIONAL_REPRESENTATION('',(#1159),#495);
#1161=PCURVE('',#240,#1160);
#1162=CARTESIAN_POINT('',(1.00000000000000000E0,1.00000000000000000E0));
#1163=CARTESIAN_POINT('',(6.66666666666666630E-1,1.00000000000000000E0));
#1164=CARTESIAN_POINT('',(3.33333333333333315E-1,1.00000000000000000E0));
#1165=CARTESIAN_POINT('',(0.00000000000000000E0,1.00000000000000000E0));
#1166=B_SPLINE_CURVE_WITH_KNOTS('',3,(#1162,#1163,#1164,#1165),.UNSPECIFIED.,.F.,.F.,(4,4),(0.00000000000000000E0,1.00000000000000000E0),.UNSPECIFIED.);
#1167=DEFINITIONAL_REPRESENTATION('',(#1166),#495);
#1168=PCURVE('',#240,#1167);
#1169=CARTESIAN_POINT('',(0.00000000000000000E0,1.00000000000000000E0));
#1170=CARTESIAN_POINT('',(0.00000000000000000E0,0.00000000000000000E0));
#1171=B_SPLINE_CURVE_WITH_KNOTS('',1,(#1169,#1170),.UNSPECIFIED.,.F.,.F.,(2,2),(0.00000000000000000E0,1.00000000000000000E0),.UNSPECIFIED.);
#1172=DEFINITIONAL_REPRESENTATION('',(#1171),#495);
#1173=PCURVE('',#240,#1172);
#1174=CARTESIAN_POINT('',(4.61288778717017456E-1,9.98499188912860824E-1));
#1175=CARTESIAN_POINT('',(0.00000000000000000E0,9.62677561946497562E-1));
#1176=CARTESIAN_POINT('',(0.00000000000000000E0,5.00000000000000000E-1));
#1177=(BOUNDED_CURVE()B_SPLINE_CURVE(2,(#1174,#1175,#1176),.UNSPECIFIED.,.F.,.F.)B_SPLINE_CURVE_WITH_KNOTS((3,3),(0.00000000000000000E0,1.00000000000000000E0),.UNSPECIFIED.)CURVE()GEOMETRIC_REPRESENTATION_ITEM()RATIONAL_B_SPLINE_CURVE((1.00000000000000000E0,7.33969496152927503E-1,1.00000000000000000E0))REPRESENTATION_ITEM(''));
#1178=DEFINITIONAL_REPRESENTATION('',(#1177),#495);
#1179=PCURVE('',#115,#1178);
#1180=CARTESIAN_POINT('',(0.00000000000000000E0,5.00000000000000000E-1));
#1181=CARTESIAN_POINT('',(3.75000000000000000E-1,5.00000000000000000E-1));
#1182=B_SPLINE_CURVE_WITH_KNOTS('',1,(#1180,#1181),.UNSPECIFIED.,.F.,.F.,(2,2),(0.00000000000000000E0,1.00000000000000000E0),.UNSPECIFIED.);
#1183=DEFINITIONAL_REPRESENTATION('',(#1182),#495);
#1184=PCURVE('',#115,#1183);
#1185=CARTESIAN_POINT('',(3.75000000000000000E-1,5.00000000000000000E-1));
#1186=CARTESIAN_POINT('',(3.75000000000000000E-1,6.15669390486624390E-1));
#1187=CARTESIAN_POINT('',(4.90322194679254419E-1,6.24624797228215178E-1));
#1188=(BOUNDED_CURVE()B_SPLINE_CURVE(2,(#1185,#1186,#1187),.UNSPECIFIED.,.F.,.F.)B_SPLINE_CURVE_WITH_KNOTS((3,3),(0.00000000000000000E0,1.00000000000000000E0),.UNSPECIFIED.)CURVE()GEOMETRIC_REPRESENTATION_ITEM()RATIONAL_B_SPLINE_CURVE((1.00000000000000000E0,7.33969496152927503E-1,1.00000000000000000E0))REPRESENTATION_ITEM(''));
#1189=DEFINITIONAL_REPRESENTATION('',(#1188),#495);
#1190=PCURVE('',#115,#1189);
#1191=CARTESIAN_POINT('',(4.90322194679254419E-1,6.24624797228215178E-1));
#1192=CARTESIAN_POINT('',(4.61288778717017456E-1,9.98499188912860824E-1));
#1193=B_SPLINE_CURVE_WITH_KNOTS('',1,(#1191,#1192),.UNSPECIFIED.,.F.,.F.,(2,2),(0.00000000000000000E0,1.00000000000000000E0),.UNSPECIFIED.);
#1194=DEFINITIONAL_REPRESENTATION('',(#1193),#495);
#1195=PCURVE('',#115,#1194);
#1196=SURFACE_CURVE('',#247,(#500,#543),.PCURVE_S1.);
#1197=EDGE_CURVE('OSCAD_TOPO/3|edge|e:550194b0b89dad3c7e77a4c8aa3da98c|13031b620673300f2424231b5b39d6ff420c5a0fff52be9fd52703942097fb5d',#2,#4,#1196,.T.);
#1198=SURFACE_CURVE('',#251,(#505,#635),.PCURVE_S1.);
#1199=EDGE_CURVE('OSCAD_TOPO/3|edge|e:a45d753b010a29bc3b303e74b3916191|d06e0c87e48498cb3cd72c0e79ef53194a4127388c0222c639fd9558dfe35f20',#4,#6,#1198,.T.);
#1200=SURFACE_CURVE('',#258,(#510,#555),.PCURVE_S1.);
#1201=EDGE_CURVE('OSCAD_TOPO/3|edge|e:be24bc75ed716873bfbbb49a230c5373|d05059aad5c647643e42247db21305be608a1bac00bdcd099408501382876cb2',#6,#2,#1200,.T.);
#1202=SURFACE_CURVE('',#262,(#515),.PCURVE_S1.);
#1203=EDGE_CURVE('OSCAD_TOPO/3|edge|e:570e3a16634165eee5e4636547a44e95|dc8285b1d3fd6bc7e44b4cb7047e756da7f71fe150ae5512548e40993dc2ff47',#2,#2,#1202,.T.);
#1204=SURFACE_CURVE('',#265,(#520,#1123),.PCURVE_S1.);
#1205=EDGE_CURVE('OSCAD_TOPO/3|edge|e:aa9fb1921fb3678f5a8e0e72104d81de|7d3596594f27033a875b3d3049e795c1bfd83b95669684e4bcb2f6d8a8fdb066',#2,#8,#1204,.T.);
#1206=SURFACE_CURVE('',#272,(#529,#582),.PCURVE_S1.);
#1207=EDGE_CURVE('OSCAD_TOPO/3|edge|e:70c8aa558084b96365512d80ffbfa038|96cb2513b770738302643bb3ad405e1c0a5370cadb37fe587affb4fe37a3649e',#8,#10,#1206,.T.);
#1208=SURFACE_CURVE('',#275,(#534,#640),.PCURVE_S1.);
#1209=EDGE_CURVE('OSCAD_TOPO/3|edge|e:53ce3eacffb05b28d7c58fea4f772be4|071fdf0cbd3f6a6781452dbc0931976440aac5454b08422474906a5a4562e976',#10,#4,#1208,.T.);
#1210=SURFACE_CURVE('',#282,(#565,#596),.PCURVE_S1.);
#1211=EDGE_CURVE('OSCAD_TOPO/3|edge|e:5ebd2a6857843029fa3911f05ad7f2a1|7d7995626bff45162c801addd138c640e07d1bbc26322738921ecfb3ab9ebe55',#12,#14,#1210,.T.);
#1212=SURFACE_CURVE('',#285,(#560,#662),.PCURVE_S1.);
#1213=EDGE_CURVE('OSCAD_TOPO/3|edge|e:be497cb29ee9a55d03ceef2fe21845bf|2cd29e4b52ce6fa7028738e2a41a1dd1278a9f0b1e67876f63f38f7a75250157',#14,#6,#1212,.T.);
#1214=SURFACE_CURVE('',#288,(#548,#1146),.PCURVE_S1.);
#1215=EDGE_CURVE('OSCAD_TOPO/3|edge|e:089f3fabb852fce729739fbca181edf9|dbd5cf3cbf9e4154b5e9693c51b50f191f8575c5b63ebd5e2795b0cbfdcd78e5',#2,#12,#1214,.T.);
#1216=SURFACE_CURVE('',#295,(#570,#610),.PCURVE_S1.);
#1217=EDGE_CURVE('OSCAD_TOPO/3|edge|e:6dc22696114d49590ca72ce26435d901|b90ab46a69c1408d1b09a0b23133aa563763c7f92ed0e6fab0dac20761c2b8ea',#16,#18,#1216,.T.);
#1218=SURFACE_CURVE('',#298,(#575,#701),.PCURVE_S1.);
#1219=EDGE_CURVE('OSCAD_TOPO/3|edge|e:eeed365eb5d9aaf456c8d708d0979db6|7daf76beecab31401d1a5791243e62d8b55df6d6164f915614e66913f93bc912',#18,#10,#1218,.T.);
#1220=SURFACE_CURVE('',#301,(#587,#1161),.PCURVE_S1.);
#1221=EDGE_CURVE('OSCAD_TOPO/3|edge|e:cec0d997197acdc44dc28263321b5b6d|a850bcb54b2014a9a980a67b7279eb5fd2e30006b4c29cb457b89ace5223ad8a',#8,#16,#1220,.T.);
#1222=SURFACE_CURVE('',#304,(#615,#1184),.PCURVE_S1.);
#1223=EDGE_CURVE('OSCAD_TOPO/3|edge|e:69082b4570f8289ad6bb7f6057a578e0|704a26bd79ea748cdcb3cd272e015fb02088d72f439a71bfabe9f41866e89c5c',#12,#16,#1222,.T.);
#1224=SURFACE_CURVE('',#307,(#601,#723),.PCURVE_S1.);
#1225=EDGE_CURVE('OSCAD_TOPO/3|edge|e:7e2605f45d5a5e0969da3a36d9069422|3e99fe2eea34ca84d6c6d0fe6c090b559421e3779492c08cae9c1c892dc66c9e',#18,#14,#1224,.T.);
#1226=SURFACE_CURVE('',#311,(#620,#657),.PCURVE_S1.);
#1227=EDGE_CURVE('OSCAD_TOPO/3|edge|e:4add7ec2cf3969af76e79058865b02e7|cd626c4c3fc4f5b2446d9ab21f76ddf6e35e4f4b6947380921752bb0107445c1',#4,#20,#1226,.T.);
#1228=SURFACE_CURVE('',#315,(#625,#743),.PCURVE_S1.);
#1229=EDGE_CURVE('OSCAD_TOPO/3|edge|e:e6aa215ee45f471f2788e2db4abc01e5|b8244a4e2d8099a88da4cd1b3518ed92b59a3588e23bbc11b437663e8d1515fa',#20,#22,#1228,.T.);
#1230=SURFACE_CURVE('',#319,(#630,#669),.PCURVE_S1.);
#1231=EDGE_CURVE('OSCAD_TOPO/3|edge|e:65ffe530b94b0ca77bece421a711d0ea|1587b332a5939b3db4e8383de8b5cd00a9c15aa837855b4d25aa392ac4b0f371',#22,#6,#1230,.T.);
#1232=SURFACE_CURVE('',#323,(#646,#696),.PCURVE_S1.);
#1233=EDGE_CURVE('OSCAD_TOPO/3|edge|e:ac179c250c5470e93eb82c55cc192648|95435c35a84bf746d8b5cecfc2ba8c795921ad25126ab1652a1e1b3591356e36',#10,#24,#1232,.T.);
#1234=SURFACE_CURVE('',#326,(#651,#748),.PCURVE_S1.);
#1235=EDGE_CURVE('OSCAD_TOPO/3|edge|e:f2ef45f92e03078792757b0c0f569ac8|b877720afcf865d371c56371463613f92392ea173434768a06d38a78113f196c',#24,#20,#1234,.T.);
#1236=SURFACE_CURVE('',#330,(#679,#707),.PCURVE_S1.);
#1237=EDGE_CURVE('OSCAD_TOPO/3|edge|e:c258f6dea5d4df5232915f5fffd0d441|38fc60394712dff5848d4e7ffe3e12fadfcb7d4438fbc499384f0170d427d729',#14,#26,#1236,.T.);
#1238=SURFACE_CURVE('',#333,(#674,#776),.PCURVE_S1.);
#1239=EDGE_CURVE('OSCAD_TOPO/3|edge|e:c334a485e61d85644ca0095f4ec3d055|8407ba53fa3d6a07563f871ba9ccc4dc7f6cd0adc6302d21c0d9793ef2044b9a',#26,#22,#1238,.T.);
#1240=SURFACE_CURVE('',#337,(#684,#718),.PCURVE_S1.);
#1241=EDGE_CURVE('OSCAD_TOPO/3|edge|e:25ceaf88595b30af2836ec8e4a1b9ef4|24290ac94c73bdc09d03f6e253c3fe318393bd78e4d17d056a18e1a8c885abd4',#18,#28,#1240,.T.);
#1242=SURFACE_CURVE('',#340,(#689,#815),.PCURVE_S1.);
#1243=EDGE_CURVE('OSCAD_TOPO/3|edge|e:b7d0240a3cfcfad7a7d2a70953781c14|392a946cf68d5eb9d3a2aceaffd1e4622c8335d8f4bf007e4cce46f727199777',#28,#24,#1242,.T.);
#1244=SURFACE_CURVE('',#343,(#712,#843),.PCURVE_S1.);
#1245=EDGE_CURVE('OSCAD_TOPO/3|edge|e:993439d1c581b6ffbb1133ce5916a3ac|d043f088ee98b4f3bf8cb89fa59e4ba3e91a8fb18ff9cbefbd15f9111489bc27',#28,#26,#1244,.T.);
#1246=SURFACE_CURVE('',#350,(#728,#771),.PCURVE_S1.);
#1247=EDGE_CURVE('OSCAD_TOPO/3|edge|e:b8ef6f98680fcf4c70815e7969ac42cc|e2936689e0868d07454bb90afc45f84e24145334ed5b116368323086bd91e56c',#20,#30,#1246,.T.);
#1248=SURFACE_CURVE('',#354,(#733),.PCURVE_S1.);
#1249=EDGE_CURVE('OSCAD_TOPO/3|edge|e:ed21d2f4d6cf7a95b50ed7c433a2c504|f1750b1ceef1f719ff39bfa8bac76588b907a92b73af01b37345bbe7b3b0ade5',#30,#30,#1248,.T.);
#1250=SURFACE_CURVE('',#361,(#738,#783),.PCURVE_S1.);
#1251=EDGE_CURVE('OSCAD_TOPO/3|edge|e:1e4f4f60dd44c018aafe7253504c27d3|3f131cc5362618ce83c94b9c37c9abe54a0ae65fc057f1834da54a172c160b9e',#30,#22,#1250,.T.);
#1252=SURFACE_CURVE('',#368,(#757,#810),.PCURVE_S1.);
#1253=EDGE_CURVE('OSCAD_TOPO/3|edge|e:737e69ac266c33c70bf36755cd3044c1|f8948d2d04d5ac8b50637300969bca320b2964ddc45c88250b0ba96143d0f663',#24,#32,#1252,.T.);
#1254=SURFACE_CURVE('',#371,(#762,#848),.PCURVE_S1.);
#1255=EDGE_CURVE('OSCAD_TOPO/3|edge|e:1478384b3bcae83473c9c6eb9c8bcd2b|7a7c6ee9f6dd2a560f18dc08375fc7c1575dc2073b24bfc61409070cbc3d5829',#32,#30,#1254,.T.);
#1256=SURFACE_CURVE('',#378,(#793,#824),.PCURVE_S1.);
#1257=EDGE_CURVE('OSCAD_TOPO/3|edge|e:d3d41e305b50d2ff777ba4933542a80c|3b6b3ad2dd9fb986780a3b4b1e035cedc54be1bd41002a33f7d3ba18b4dd71ad',#26,#34,#1256,.T.);
#1258=SURFACE_CURVE('',#381,(#788,#870),.PCURVE_S1.);
#1259=EDGE_CURVE('OSCAD_TOPO/3|edge|e:c80becd0856f106c452220119e3f2c08|75e71799a93baa0d5f8382ac89942a2b8140048bb2abff14d7eb78e4af16cf88',#34,#30,#1258,.T.);
#1260=SURFACE_CURVE('',#388,(#798,#838),.PCURVE_S1.);
#1261=EDGE_CURVE('OSCAD_TOPO/3|edge|e:ef5fae04562acc2783a3377f6c862c33|00887ae7a8b107569319743abf90dbdd35e8b2d2b93ec68b41629eb84592f13e',#28,#36,#1260,.T.);
#1262=SURFACE_CURVE('',#391,(#803,#909),.PCURVE_S1.);
#1263=EDGE_CURVE('OSCAD_TOPO/3|edge|e:6919384e2d804ca1e6b80f1ab862caed|905f269013583b3ebbf063c99d2feb053e14eb9ba1dc67b1238cecd64b70a9a3',#36,#32,#1262,.T.);
#1264=SURFACE_CURVE('',#394,(#829,#931),.PCURVE_S1.);
#1265=EDGE_CURVE('OSCAD_TOPO/3|edge|e:1a9c454187e7efad80375dd70f432100|6a928e3938df9e2417d8f228924f54378d56427a394544c93ec9ede75084bf8a',#36,#34,#1264,.T.);
#1266=SURFACE_CURVE('',#398,(#854,#904),.PCURVE_S1.);
#1267=EDGE_CURVE('OSCAD_TOPO/3|edge|e:2f696d76e3b8460f7b5e29b89e7beaff|e079cbfd199507879bba0579bb18f7ae7139dd612f1a209f191bc19fe6f2d249',#32,#38,#1266,.T.);
#1268=SURFACE_CURVE('',#401,(#859,#936),.PCURVE_S1.);
#1269=EDGE_CURVE('OSCAD_TOPO/3|edge|e:40bce392e5efb28683496570a08c0385|c1512578ce0e42b538a89091c92e1e3ef6a4e60e809d20d2738f1f76cde4cf52',#38,#40,#1268,.T.);
#1270=SURFACE_CURVE('',#405,(#865,#877),.PCURVE_S1.);
#1271=EDGE_CURVE('OSCAD_TOPO/3|edge|e:9b88d33e7c20fc9a43fc88c9c0ac1fb5|318eeca130e7464f8933ed7230160ca1af0edb682b2d927277e1028d4a924d37',#40,#30,#1270,.T.);
#1272=SURFACE_CURVE('',#409,(#887,#915),.PCURVE_S1.);
#1273=EDGE_CURVE('OSCAD_TOPO/3|edge|e:b48d22a87e8d3882ca365ee599222146|529e4ca5542602c0bbe3c8980dbba39100522d39000a9cd60a739dfdc253989e',#34,#42,#1272,.T.);
#1274=SURFACE_CURVE('',#412,(#882,#958),.PCURVE_S1.);
#1275=EDGE_CURVE('OSCAD_TOPO/3|edge|e:c55c4dc44705227b704f0d069db22137|713d8bb793afaa398079f51240f451141321a0a27c7da90a09d411be3aefd1bd',#42,#40,#1274,.T.);
#1276=SURFACE_CURVE('',#416,(#892,#926),.PCURVE_S1.);
#1277=EDGE_CURVE('OSCAD_TOPO/3|edge|e:12d921446fe623bc1de74a2da608ba7e|7e8bfc55f37aa051df7b689f750e8955c7b7c629940e7b02433c3a2c4e4d9e0c',#36,#44,#1276,.T.);
#1278=SURFACE_CURVE('',#419,(#897,#997),.PCURVE_S1.);
#1279=EDGE_CURVE('OSCAD_TOPO/3|edge|e:79ba1c62ea9a380c3849f832c195d682|e5b3d6787240ce34896486162ebca2714cdd7a74948d2265814795c6c804d610',#44,#38,#1278,.T.);
#1280=SURFACE_CURVE('',#422,(#920,#1019),.PCURVE_S1.);
#1281=EDGE_CURVE('OSCAD_TOPO/3|edge|e:a97938034058fc76d804e9d6b18957d6|387e307a15f190466c1b13c3bafc8ab669f4b2be88c98878911d8f36a9ba8ad3',#44,#42,#1280,.T.);
#1282=SURFACE_CURVE('',#426,(#942,#992),.PCURVE_S1.);
#1283=EDGE_CURVE('OSCAD_TOPO/3|edge|e:0693774327ed7896c87ccb2eab87501c|6b49d924a885e8b904bb0c239c2114cc78430c19bed2e37a565b9ae24df42014',#38,#46,#1282,.T.);
#1284=SURFACE_CURVE('',#429,(#947,#1024),.PCURVE_S1.);
#1285=EDGE_CURVE('OSCAD_TOPO/3|edge|e:e89322a0216e3bb9c60091b1ab73c827|dd4b8f31fd1f59e3f9792eea79c901d4e9ec69971b6e241edd9012e25ec55278',#46,#48,#1284,.T.);
#1286=SURFACE_CURVE('',#433,(#953,#965),.PCURVE_S1.);
#1287=EDGE_CURVE('OSCAD_TOPO/3|edge|e:78ec9f0e8808c3e2fced9bfb2acb6903|f9dd7e11212ef273852a4f21a1659fb4e8bb4336c3b0ebab1516de9963db3fd0',#48,#40,#1286,.T.);
#1288=SURFACE_CURVE('',#437,(#975,#1003),.PCURVE_S1.);
#1289=EDGE_CURVE('OSCAD_TOPO/3|edge|e:c1d2218119f35972c6afaa33f9e24282|e32b02a64f294468670c83f05259cb29a4ac243cc2b28672aeea6b808f5817b5',#42,#50,#1288,.T.);
#1290=SURFACE_CURVE('',#440,(#970,#1046),.PCURVE_S1.);
#1291=EDGE_CURVE('OSCAD_TOPO/3|edge|e:19c2282460907ced9297ff814ae0a273|ae04e265a360e6cdf5790f298712485be98d01cee7b26a0c68158c7ac35678d2',#50,#48,#1290,.T.);
#1292=SURFACE_CURVE('',#444,(#980,#1014),.PCURVE_S1.);
#1293=EDGE_CURVE('OSCAD_TOPO/3|edge|e:fc51c80425136518bfdb478340213665|aa381b7da946da736e56e0d70a6a7a824fc72cdd6c7d97774dcb0016d37da3b4',#44,#52,#1292,.T.);
#1294=SURFACE_CURVE('',#447,(#985,#1085),.PCURVE_S1.);
#1295=EDGE_CURVE('OSCAD_TOPO/3|edge|e:6e217e2b8030ffee29fde3df4295fe30|906af64d16edd2fe998d52c099779fb451c79650285c5fe65b387e2f00fdb832',#52,#46,#1294,.T.);
#1296=SURFACE_CURVE('',#450,(#1008,#1107),.PCURVE_S1.);
#1297=EDGE_CURVE('OSCAD_TOPO/3|edge|e:430606c5d71a80f4b302e7c9ac788a81|b91b5c574e185cf17e2a551d2c98bfe6d828e07733faa453c93aca739b4e85bf',#52,#50,#1296,.T.);
#1298=SURFACE_CURVE('',#454,(#1030,#1080),.PCURVE_S1.);
#1299=EDGE_CURVE('OSCAD_TOPO/3|edge|e:14d3c7a5c0e5b046f3b7e1778ec13683|e5eb5d3ba112d836bcc5717c9b0f5733aa4349572ac271ba4f63180e8cbaaa50',#46,#54,#1298,.T.);
#1300=SURFACE_CURVE('',#457,(#1035,#1112),.PCURVE_S1.);
#1301=EDGE_CURVE('OSCAD_TOPO/3|edge|e:b9cfb966723064ab889afbb5ed8e1678|273108034b317020903976950d85c315f7c06569ed4f311c4f2601096f9b5f23',#54,#56,#1300,.T.);
#1302=SURFACE_CURVE('',#461,(#1041,#1053),.PCURVE_S1.);
#1303=EDGE_CURVE('OSCAD_TOPO/3|edge|e:731b125de3a009c82050d17765d99ad3|4b39b2a39e6a1f819a84c7f1b5b767dd0b3350f8dce021ad0f27d71db47bb1d9',#56,#48,#1302,.T.);
#1304=SURFACE_CURVE('',#465,(#1063,#1091),.PCURVE_S1.);
#1305=EDGE_CURVE('OSCAD_TOPO/3|edge|e:32c4290453a23ade0a53071e7c224446|0bd114dc8b704371fc34be85bf0d2a6dadce1b51cf8a82fc96880b4ecd9dc897',#50,#58,#1304,.T.);
#1306=SURFACE_CURVE('',#468,(#1058,#1134),.PCURVE_S1.);
#1307=EDGE_CURVE('OSCAD_TOPO/3|edge|e:2efc60fcb075d92344aea27e35fed94f|2d76c54a4d1121bc4f0dce7c92ad588ee1c8905401a8615b1a9b4750e1ccf3a6',#58,#56,#1306,.T.);
#1308=SURFACE_CURVE('',#472,(#1068,#1102),.PCURVE_S1.);
#1309=EDGE_CURVE('OSCAD_TOPO/3|edge|e:a92387e2b19ec9e721eb41e84955eb96|73278a2c9312b049998d61615e6c25a631d5e66bc56831d33893bd23143c616e',#52,#60,#1308,.T.);
#1310=SURFACE_CURVE('',#475,(#1073,#1173),.PCURVE_S1.);
#1311=EDGE_CURVE('OSCAD_TOPO/3|edge|e:d562fa5e1c43b83ca04805d7ff8e177e|1f79a78e18e320a63c4b1650b85989401aecb24851c91bffbfa99782fc39450c',#60,#54,#1310,.T.);
#1312=SURFACE_CURVE('',#478,(#1096,#1195),.PCURVE_S1.);
#1313=EDGE_CURVE('OSCAD_TOPO/3|edge|e:786528f6ec5ffdeb2d99157c78d47dd6|868a3d27942e6497806c2510b9d0403bdf952a71d02b64cac2cdaa5fe0156d66',#60,#58,#1312,.T.);
#1314=SURFACE_CURVE('',#482,(#1118,#1168),.PCURVE_S1.);
#1315=EDGE_CURVE('OSCAD_TOPO/3|edge|e:afa973cbc9071e38caa71810cad207d2|3081c9e3e70eb4fba5bb8154a3072a6b5dc9b397bdd3d3bdcea2fa18dc3d5c79',#54,#8,#1314,.T.);
#1316=SURFACE_CURVE('',#486,(#1129,#1141),.PCURVE_S1.);
#1317=EDGE_CURVE('OSCAD_TOPO/3|edge|e:9deba76a170e6f13fb4da4f4899681b2|a4052f922c42c75b77626b1efd016d355eaebbb2e75a381a64c905eacb6b686c',#2,#56,#1316,.T.);
#1318=SURFACE_CURVE('',#490,(#1151,#1179),.PCURVE_S1.);
#1319=EDGE_CURVE('OSCAD_TOPO/3|edge|e:586cc9bc23a0c4c0d248eef2c9677677|6792b53539cdd1b11c93bd4bd7729e9e69072b1281918a1b7a0510a39378e6f0',#58,#12,#1318,.T.);
#1320=SURFACE_CURVE('',#494,(#1156,#1190),.PCURVE_S1.);
#1321=EDGE_CURVE('OSCAD_TOPO/3|edge|e:6211b4c9155854d1ed747e07bf131714|7b1ebc3839c73e80e7f91d0ded6137413d1644535584ac1bd19f3bfad1ed7c99',#60,#16,#1320,.T.);
#1322=ORIENTED_EDGE('',*,*,#1197,.T.);
#1323=ORIENTED_EDGE('',*,*,#1199,.T.);
#1324=ORIENTED_EDGE('',*,*,#1201,.T.);
#1325=ORIENTED_EDGE('',*,*,#1203,.T.);
#1326=EDGE_LOOP('OSCAD_TOPO/3|loop|l:efd548b223b993351af9f04e419c21cf|81c859d28df41e6e76a471dfd449eaec2908e5a1af8b758f40b72c7b70cf5268',(#1322,#1323,#1324,#1325));
#1327=ORIENTED_EDGE('',*,*,#1205,.T.);
#1328=ORIENTED_EDGE('',*,*,#1207,.T.);
#1329=ORIENTED_EDGE('',*,*,#1209,.T.);
#1330=ORIENTED_EDGE('',*,*,#1197,.F.);
#1331=EDGE_LOOP('OSCAD_TOPO/3|loop|l:eb72f7043ea74ce2e3060795fe48ee07|41f9090d2efb39712b83350c516d88182df410f5e88d4e67d65ffde368431b12',(#1327,#1328,#1329,#1330));
#1332=ORIENTED_EDGE('',*,*,#1215,.F.);
#1333=ORIENTED_EDGE('',*,*,#1201,.F.);
#1334=ORIENTED_EDGE('',*,*,#1213,.F.);
#1335=ORIENTED_EDGE('',*,*,#1211,.F.);
#1336=EDGE_LOOP('OSCAD_TOPO/3|loop|l:9f552aa7fcdc420951d1d97b9570084b|19a9de6008c57488ce374d59f7f5d337ae64e86884ea2c3669873a413c5436ea',(#1332,#1333,#1334,#1335));
#1337=ORIENTED_EDGE('',*,*,#1217,.T.);
#1338=ORIENTED_EDGE('',*,*,#1219,.T.);
#1339=ORIENTED_EDGE('',*,*,#1207,.F.);
#1340=ORIENTED_EDGE('',*,*,#1221,.T.);
#1341=EDGE_LOOP('OSCAD_TOPO/3|loop|l:fa47e779191e2198f45e6c28adc6e602|e348243e219f1ba2017890b0b9486e736c0cf59ca8ca46a3de8dc4b3fc36abd7',(#1337,#1338,#1339,#1340));
#1342=ORIENTED_EDGE('',*,*,#1211,.T.);
#1343=ORIENTED_EDGE('',*,*,#1225,.F.);
#1344=ORIENTED_EDGE('',*,*,#1217,.F.);
#1345=ORIENTED_EDGE('',*,*,#1223,.F.);
#1346=EDGE_LOOP('OSCAD_TOPO/3|loop|l:e97f4590645674e1707a3a0b26674bef|b659664f6d11a3aae2f62fa98c20ed07ffffcf827bd2dd10c8959317aa139fad',(#1342,#1343,#1344,#1345));
#1347=ORIENTED_EDGE('',*,*,#1227,.T.);
#1348=ORIENTED_EDGE('',*,*,#1229,.T.);
#1349=ORIENTED_EDGE('',*,*,#1231,.T.);
#1350=ORIENTED_EDGE('',*,*,#1199,.F.);
#1351=EDGE_LOOP('OSCAD_TOPO/3|loop|l:eaf65900f23e184c20541e82503e5c58|5fab78a43a46c556d55b50295480af769c769ac1caab5af387984b683d0f78d0',(#1347,#1348,#1349,#1350));
#1352=ORIENTED_EDGE('',*,*,#1209,.F.);
#1353=ORIENTED_EDGE('',*,*,#1233,.T.);
#1354=ORIENTED_EDGE('',*,*,#1235,.T.);
#1355=ORIENTED_EDGE('',*,*,#1227,.F.);
#1356=EDGE_LOOP('OSCAD_TOPO/3|loop|l:69886cefd6ae74b3e2c3d539895413f5|1fa1c7cc038f120a0c3f5b9e8d298994b508a6efbe9ed514520a8bef45104252',(#1352,#1353,#1354,#1355));
#1357=ORIENTED_EDGE('',*,*,#1213,.T.);
#1358=ORIENTED_EDGE('',*,*,#1231,.F.);
#1359=ORIENTED_EDGE('',*,*,#1239,.F.);
#1360=ORIENTED_EDGE('',*,*,#1237,.F.);
#1361=EDGE_LOOP('OSCAD_TOPO/3|loop|l:ef65f7ff1557f76ca13e80812b4b47fd|5c2708934a0fefd97bbe0a4714c5a0128be6c0a4007e9e164fa891f867936e6d',(#1357,#1358,#1359,#1360));
#1362=ORIENTED_EDGE('',*,*,#1241,.T.);
#1363=ORIENTED_EDGE('',*,*,#1243,.T.);
#1364=ORIENTED_EDGE('',*,*,#1233,.F.);
#1365=ORIENTED_EDGE('',*,*,#1219,.F.);
#1366=EDGE_LOOP('OSCAD_TOPO/3|loop|l:bd0a7d1b76cb1b3c22867f3c21ef8298|4b9ed4f0fd66084a75f5895784ae836bc5bba0f651672047751cc5e77b08194f',(#1362,#1363,#1364,#1365));
#1367=ORIENTED_EDGE('',*,*,#1237,.T.);
#1368=ORIENTED_EDGE('',*,*,#1245,.F.);
#1369=ORIENTED_EDGE('',*,*,#1241,.F.);
#1370=ORIENTED_EDGE('',*,*,#1225,.T.);
#1371=EDGE_LOOP('OSCAD_TOPO/3|loop|l:ccef95ce4daedfc5e7e5d1079f408dff|66353295409b45c6fd98921062bcd12cd809277ee9f1016b6aba76831f89d608',(#1367,#1368,#1369,#1370));
#1372=ORIENTED_EDGE('',*,*,#1247,.T.);
#1373=ORIENTED_EDGE('',*,*,#1249,.T.);
#1374=ORIENTED_EDGE('',*,*,#1251,.T.);
#1375=ORIENTED_EDGE('',*,*,#1229,.F.);
#1376=EDGE_LOOP('OSCAD_TOPO/3|loop|l:e5eea488f9bb19cd6026c26cd7f3957d|c94333ce8c642cff99eb3903e7ccf074b75f3adb63dd4a49b48064c324e03afa',(#1372,#1373,#1374,#1375));
#1377=ORIENTED_EDGE('',*,*,#1235,.F.);
#1378=ORIENTED_EDGE('',*,*,#1253,.T.);
#1379=ORIENTED_EDGE('',*,*,#1255,.T.);
#1380=ORIENTED_EDGE('',*,*,#1247,.F.);
#1381=EDGE_LOOP('OSCAD_TOPO/3|loop|l:31fa411c960925071ca5bf54b532c3d5|5cd636acfe4e05c3b15b30f68c8fbfcaf22d25b23cef7ce7a05dfb429597f8ad',(#1377,#1378,#1379,#1380));
#1382=ORIENTED_EDGE('',*,*,#1239,.T.);
#1383=ORIENTED_EDGE('',*,*,#1251,.F.);
#1384=ORIENTED_EDGE('',*,*,#1259,.F.);
#1385=ORIENTED_EDGE('',*,*,#1257,.F.);
#1386=EDGE_LOOP('OSCAD_TOPO/3|loop|l:963e651f4544afe3696072f5d4213595|58003e4936c3eee8a324cb23a6ff9ebd0adc6a57ca232d7dc078267431f07031',(#1382,#1383,#1384,#1385));
#1387=ORIENTED_EDGE('',*,*,#1261,.T.);
#1388=ORIENTED_EDGE('',*,*,#1263,.T.);
#1389=ORIENTED_EDGE('',*,*,#1253,.F.);
#1390=ORIENTED_EDGE('',*,*,#1243,.F.);
#1391=EDGE_LOOP('OSCAD_TOPO/3|loop|l:7badc2bf249b576ec1c9a6620aa7f802|19bf4be17ca2ed25e5de79f634e0c123833573c736be0012f10dfa23d2f23c25',(#1387,#1388,#1389,#1390));
#1392=ORIENTED_EDGE('',*,*,#1257,.T.);
#1393=ORIENTED_EDGE('',*,*,#1265,.F.);
#1394=ORIENTED_EDGE('',*,*,#1261,.F.);
#1395=ORIENTED_EDGE('',*,*,#1245,.T.);
#1396=EDGE_LOOP('OSCAD_TOPO/3|loop|l:48d82bcbe98fe72f05f58cf9617816f9|55fcee0999a6fecb53495e04512825cbefccf18887267d36cd901818bccb882a',(#1392,#1393,#1394,#1395));
#1397=ORIENTED_EDGE('',*,*,#1255,.F.);
#1398=ORIENTED_EDGE('',*,*,#1267,.T.);
#1399=ORIENTED_EDGE('',*,*,#1269,.T.);
#1400=ORIENTED_EDGE('',*,*,#1271,.T.);
#1401=EDGE_LOOP('OSCAD_TOPO/3|loop|l:15b489cbda98e259e08f2866bad6514f|5b1c9f34acfc856eec57c48032779b9fbf8aa9ec0632b9f672ee4094d33471e2',(#1397,#1398,#1399,#1400));
#1402=ORIENTED_EDGE('',*,*,#1259,.T.);
#1403=ORIENTED_EDGE('',*,*,#1271,.F.);
#1404=ORIENTED_EDGE('',*,*,#1275,.F.);
#1405=ORIENTED_EDGE('',*,*,#1273,.F.);
#1406=EDGE_LOOP('OSCAD_TOPO/3|loop|l:f83be8eb58b87b3db49d6d77834f990f|6b5d58f0aaf8a76208bedc3784e363fc1b74affb8ade0bdb4f778ff391857c01',(#1402,#1403,#1404,#1405));
#1407=ORIENTED_EDGE('',*,*,#1277,.T.);
#1408=ORIENTED_EDGE('',*,*,#1279,.T.);
#1409=ORIENTED_EDGE('',*,*,#1267,.F.);
#1410=ORIENTED_EDGE('',*,*,#1263,.F.);
#1411=EDGE_LOOP('OSCAD_TOPO/3|loop|l:2e565686d074ea351775666ba74b14de|8e1da8b7a53dc874c31e60e42cb421253eeae6014f7e205ba8dbeb520a5ca9df',(#1407,#1408,#1409,#1410));
#1412=ORIENTED_EDGE('',*,*,#1273,.T.);
#1413=ORIENTED_EDGE('',*,*,#1281,.F.);
#1414=ORIENTED_EDGE('',*,*,#1277,.F.);
#1415=ORIENTED_EDGE('',*,*,#1265,.T.);
#1416=EDGE_LOOP('OSCAD_TOPO/3|loop|l:d8ebb07f6443d527035fa9999c944eb2|2cc87be83f10347cdff26490d17eecb674bcd06772644e815943636e95a5e8bd',(#1412,#1413,#1414,#1415));
#1417=ORIENTED_EDGE('',*,*,#1269,.F.);
#1418=ORIENTED_EDGE('',*,*,#1283,.T.);
#1419=ORIENTED_EDGE('',*,*,#1285,.T.);
#1420=ORIENTED_EDGE('',*,*,#1287,.T.);
#1421=EDGE_LOOP('OSCAD_TOPO/3|loop|l:ba56654e61ea0efab9cc0c6241cc571d|63645f6c5e8850c3974357c3dd3edad7feb0f6e5b6b9aaae8d06cfae2421b773',(#1417,#1418,#1419,#1420));
#1422=ORIENTED_EDGE('',*,*,#1275,.T.);
#1423=ORIENTED_EDGE('',*,*,#1287,.F.);
#1424=ORIENTED_EDGE('',*,*,#1291,.F.);
#1425=ORIENTED_EDGE('',*,*,#1289,.F.);
#1426=EDGE_LOOP('OSCAD_TOPO/3|loop|l:49b49e64c7bf0bb2aacd761ed4991ed1|ff7208f3d2050ca3e845aa92ac50446bab2db42fed6d8abda00a8b3d3d812146',(#1422,#1423,#1424,#1425));
#1427=ORIENTED_EDGE('',*,*,#1293,.T.);
#1428=ORIENTED_EDGE('',*,*,#1295,.T.);
#1429=ORIENTED_EDGE('',*,*,#1283,.F.);
#1430=ORIENTED_EDGE('',*,*,#1279,.F.);
#1431=EDGE_LOOP('OSCAD_TOPO/3|loop|l:85b0aded1f04385206064dd7dedbb8b2|869df53da6f58b802135ae8e9aa9494e5c94127f2dcba8cc3e456f1fbdbe8250',(#1427,#1428,#1429,#1430));
#1432=ORIENTED_EDGE('',*,*,#1289,.T.);
#1433=ORIENTED_EDGE('',*,*,#1297,.F.);
#1434=ORIENTED_EDGE('',*,*,#1293,.F.);
#1435=ORIENTED_EDGE('',*,*,#1281,.T.);
#1436=EDGE_LOOP('OSCAD_TOPO/3|loop|l:fa981413047f4317b6d9491c14cb136b|9462157e1f0c44b5463888259e5c0e3a912ef18c19c99c3a17b1090e6b5c63d3',(#1432,#1433,#1434,#1435));
#1437=ORIENTED_EDGE('',*,*,#1285,.F.);
#1438=ORIENTED_EDGE('',*,*,#1299,.T.);
#1439=ORIENTED_EDGE('',*,*,#1301,.T.);
#1440=ORIENTED_EDGE('',*,*,#1303,.T.);
#1441=EDGE_LOOP('OSCAD_TOPO/3|loop|l:4d5a410bc7dc268b94b162277ab0d988|22c15827c3beb5e4cfc1a23756806080dd529461eed558298f8f56e7640bef7c',(#1437,#1438,#1439,#1440));
#1442=ORIENTED_EDGE('',*,*,#1291,.T.);
#1443=ORIENTED_EDGE('',*,*,#1303,.F.);
#1444=ORIENTED_EDGE('',*,*,#1307,.F.);
#1445=ORIENTED_EDGE('',*,*,#1305,.F.);
#1446=EDGE_LOOP('OSCAD_TOPO/3|loop|l:1cfdaf8c3c4965695096c2b46c711794|8900886a0828e3ba23b09193cff62e613a1a3676f858eb3672ef0e9d55720f2a',(#1442,#1443,#1444,#1445));
#1447=ORIENTED_EDGE('',*,*,#1309,.T.);
#1448=ORIENTED_EDGE('',*,*,#1311,.T.);
#1449=ORIENTED_EDGE('',*,*,#1299,.F.);
#1450=ORIENTED_EDGE('',*,*,#1295,.F.);
#1451=EDGE_LOOP('OSCAD_TOPO/3|loop|l:c610f1e2888816eee33e2a15f6c7e952|3679ea9c95e9e61e5ff3d637ffc72626b7837435740ce7cb5abe9659ec125f9f',(#1447,#1448,#1449,#1450));
#1452=ORIENTED_EDGE('',*,*,#1305,.T.);
#1453=ORIENTED_EDGE('',*,*,#1313,.F.);
#1454=ORIENTED_EDGE('',*,*,#1309,.F.);
#1455=ORIENTED_EDGE('',*,*,#1297,.T.);
#1456=EDGE_LOOP('OSCAD_TOPO/3|loop|l:aee16fd34ffa035d3458b3ed532bc2e7|e1bb650f8814cb7575f6076d3689f29cd02f954cddf4427f37634ee9f4b8dbe2',(#1452,#1453,#1454,#1455));
#1457=ORIENTED_EDGE('',*,*,#1301,.F.);
#1458=ORIENTED_EDGE('',*,*,#1315,.T.);
#1459=ORIENTED_EDGE('',*,*,#1205,.F.);
#1460=ORIENTED_EDGE('',*,*,#1317,.T.);
#1461=EDGE_LOOP('OSCAD_TOPO/3|loop|l:c3b9726c89ff854031ea3053da444c28|a8083e4e0251ede3b49d3ec5d73c145ed2612836cedd95e01e2a49d1fd32172a',(#1457,#1458,#1459,#1460));
#1462=ORIENTED_EDGE('',*,*,#1307,.T.);
#1463=ORIENTED_EDGE('',*,*,#1317,.F.);
#1464=ORIENTED_EDGE('',*,*,#1215,.T.);
#1465=ORIENTED_EDGE('',*,*,#1319,.F.);
#1466=EDGE_LOOP('OSCAD_TOPO/3|loop|l:13fed67da2e157d2ef2b46811b82d094|603d7d904a11a0a6c8d909e0d7ba98e43a4398a2ec068c040dbb716ed3e9e79e',(#1462,#1463,#1464,#1465));
#1467=ORIENTED_EDGE('',*,*,#1321,.T.);
#1468=ORIENTED_EDGE('',*,*,#1221,.F.);
#1469=ORIENTED_EDGE('',*,*,#1315,.F.);
#1470=ORIENTED_EDGE('',*,*,#1311,.F.);
#1471=EDGE_LOOP('OSCAD_TOPO/3|loop|l:466391377b3ae06f2bc893538dd01183|2cfa4412a69d14c1ff15130104a2e28ef83d4c390db86e1c76d9f90849c3fdf3',(#1467,#1468,#1469,#1470));
#1472=ORIENTED_EDGE('',*,*,#1319,.T.);
#1473=ORIENTED_EDGE('',*,*,#1223,.T.);
#1474=ORIENTED_EDGE('',*,*,#1321,.F.);
#1475=ORIENTED_EDGE('',*,*,#1313,.T.);
#1476=EDGE_LOOP('OSCAD_TOPO/3|loop|l:405b72dbb6547a2fe6d1de3670e7a000|9c670b94f61c55fa534f1c38b119ed31d3c5a7f3c4884f28eaad990cde3a8314',(#1472,#1473,#1474,#1475));
#1477=FACE_OUTER_BOUND('',#1326,.T.);
#1478=ADVANCED_FACE('OSCAD_TOPO/3|face|f:8a082dd6e558ce5dc1cb87176b112171|6b15633c6dfc6738ff9578804277de0929343ac3401a818ae88ba9f50e5f38a2',(#1477),#79,.T.);
#1479=FACE_OUTER_BOUND('',#1331,.T.);
#1480=ADVANCED_FACE('OSCAD_TOPO/3|face|f:7a39f9942116c61b94be805ae1c06d58|2ef8bf370eeaf3d8b85acaa7e75ab5fc0ab8caa8a738f30d24b9eaf0b3450e5e',(#1479),#84,.T.);
#1481=FACE_OUTER_BOUND('',#1336,.T.);
#1482=ADVANCED_FACE('OSCAD_TOPO/3|face|f:07f48d068d0a214cbe4002ba4377bd53|66dfb94294c5d850998513a3c787578c00d2ec3a1b96897aab11701a5f0590db',(#1481),#97,.T.);
#1483=FACE_OUTER_BOUND('',#1341,.T.);
#1484=ADVANCED_FACE('OSCAD_TOPO/3|face|f:cf6bde7597d62623c7ac64657929d043|7751511a42681603f1d827e3cb234c3a3549b06639ba1abcb792d0c541c1c92d',(#1483),#110,.T.);
#1485=FACE_OUTER_BOUND('',#1346,.T.);
#1486=ADVANCED_FACE('OSCAD_TOPO/3|face|f:76c81b49d446f7099cfa8fe0c6af31ed|0cc57ac045ecc68d8c8e53fed13f8ac4c8e1aaf9e5d5a8c4bdde03ac9e6ab425',(#1485),#115,.T.);
#1487=FACE_OUTER_BOUND('',#1351,.T.);
#1488=ADVANCED_FACE('OSCAD_TOPO/3|face|f:007e06437a79b69f982dd5af34a7d76f|9f7c70d052c21b636397e65da01c076bbf09d26496b207f8e970c2f97cfb4f89',(#1487),#125,.T.);
#1489=FACE_OUTER_BOUND('',#1356,.T.);
#1490=ADVANCED_FACE('OSCAD_TOPO/3|face|f:e46d269d2bdefe210f1478852b82658f|a3086428d7faf7e13e1e27f752af2454cceb1fb2d07cc071cd418da6dafc6db0',(#1489),#84,.T.);
#1491=FACE_OUTER_BOUND('',#1361,.T.);
#1492=ADVANCED_FACE('OSCAD_TOPO/3|face|f:3b825f8b519c877b7a26af5f3a5624d5|b84632ed83108b104a339fc43206fbeb6379004ed41f71d4cf8210b10c739913',(#1491),#132,.T.);
#1493=FACE_OUTER_BOUND('',#1366,.T.);
#1494=ADVANCED_FACE('OSCAD_TOPO/3|face|f:c61482c44d0463e87c59710b3f719803|af4ff068f3b1a54bcdfd96dff0854c67e4b78b8d7159c59f3bfc83b2a7c32462',(#1493),#139,.T.);
#1495=FACE_OUTER_BOUND('',#1371,.T.);
#1496=ADVANCED_FACE('OSCAD_TOPO/3|face|f:f0a22607aab763f3a27682720c76b01a|1a33ce7d10e0e866947ff9ff3c01e5de3160639eaaf0a795ed53d37667c0e2ed',(#1495),#115,.T.);
#1497=FACE_OUTER_BOUND('',#1376,.T.);
#1498=ADVANCED_FACE('OSCAD_TOPO/3|face|f:62bb67afcf0b84c06abc39c054f3f003|b8a274a126078e4f2c8267235c678eb4d3da8bcf5fd8efa25db0445d7bf80a73',(#1497),#158,.T.);
#1499=FACE_OUTER_BOUND('',#1381,.T.);
#1500=ADVANCED_FACE('OSCAD_TOPO/3|face|f:23f1da9eb16ef28042a2093ad3e7f46d|05352ef5ed2551608c210e16d6119fda50bee24eb968465597a2cf8bcd790dfe',(#1499),#84,.T.);
#1501=FACE_OUTER_BOUND('',#1386,.T.);
#1502=ADVANCED_FACE('OSCAD_TOPO/3|face|f:5aa53e511f0a4453f3688d4aff2bd9c0|5c00b36ad82002fbe8ee378f47dbbf7fcf9e7ee59c915a04ffde798c01df6e36',(#1501),#171,.T.);
#1503=FACE_OUTER_BOUND('',#1391,.T.);
#1504=ADVANCED_FACE('OSCAD_TOPO/3|face|f:f000df142c752c0d7f59e5b738d45d9d|bc76aa66d4352c1b0340f14f4d998fd325fb8d99781fc1f51d948ecef602b17a',(#1503),#184,.T.);
#1505=FACE_OUTER_BOUND('',#1396,.T.);
#1506=ADVANCED_FACE('OSCAD_TOPO/3|face|f:c805f16ef41ed71699b095bb7b8d3b31|def3bf29393cf202ce7ea98dbb6b38e57658e86d22cb59db5bb0d9fd78a5526f',(#1505),#115,.T.);
#1507=FACE_OUTER_BOUND('',#1401,.T.);
#1508=ADVANCED_FACE('OSCAD_TOPO/3|face|f:01e9d80a63779eab07eb94c3f452a2b8|b2589ecefeb83831adabe3c984a111c5b43003f91239f55a89dfaa9f6203cb46',(#1507),#84,.T.);
#1509=FACE_OUTER_BOUND('',#1406,.T.);
#1510=ADVANCED_FACE('OSCAD_TOPO/3|face|f:a24311220646d19bfa8699500f35bca7|7933fb922560f6f45040a7ff3f318cca4f029f487e5eaa4d8accd095ebbe45ca',(#1509),#191,.T.);
#1511=FACE_OUTER_BOUND('',#1411,.T.);
#1512=ADVANCED_FACE('OSCAD_TOPO/3|face|f:1937ebd6fcf6cf871d86b215b989c68b|ed06a71839cd00af7363b964dd7243791fa4a0a28d5bf9f47540cb0415c5959a',(#1511),#198,.T.);
#1513=FACE_OUTER_BOUND('',#1416,.T.);
#1514=ADVANCED_FACE('OSCAD_TOPO/3|face|f:e4a99ebfe0abd16931e7b4ea8cbb8adf|d95458fff818f2a26acdb79d4c76e826e4dd9333d99f4141e6294dd1bb03070c',(#1513),#115,.T.);
#1515=FACE_OUTER_BOUND('',#1421,.T.);
#1516=ADVANCED_FACE('OSCAD_TOPO/3|face|f:e5fff700a8e0e1c88916f5e0c80bbd80|a99d0456e6bc8258ea937efb4942fcbb328ee6f3c4d8e8d7bbe02e11d9f9083f',(#1515),#84,.T.);
#1517=FACE_OUTER_BOUND('',#1426,.T.);
#1518=ADVANCED_FACE('OSCAD_TOPO/3|face|f:7dbb227f4547be08c72d1fa3fd4eaf81|63c56e315f4c4691f94cf25b0b22c3f3acbf9e5218ea5806b436c01bc11cb6e8',(#1517),#205,.T.);
#1519=FACE_OUTER_BOUND('',#1431,.T.);
#1520=ADVANCED_FACE('OSCAD_TOPO/3|face|f:e44ef09692c1c624c1148c123070b168|ee22f03b390e81b93503bd67f8856710cee60261e7f64cafb4df6b4b5fbff1be',(#1519),#212,.T.);
#1521=FACE_OUTER_BOUND('',#1436,.T.);
#1522=ADVANCED_FACE('OSCAD_TOPO/3|face|f:c7eec4f8e5b9946850abd632b1f7407b|fd0ef97d9244f6ee268a9fe248ed95b5610f8c9111d56540cd70252eb40cb007',(#1521),#115,.T.);
#1523=FACE_OUTER_BOUND('',#1441,.T.);
#1524=ADVANCED_FACE('OSCAD_TOPO/3|face|f:1563db96ff73f9ae33c3e26e6be10c66|84e922efd72ffeac7b78b6239ae23a6d9d9725c3dc5fe6e2dc7b71ca9e4bd182',(#1523),#84,.T.);
#1525=FACE_OUTER_BOUND('',#1446,.T.);
#1526=ADVANCED_FACE('OSCAD_TOPO/3|face|f:bbbdd6099c176577e5f32d6b50c72960|e99a90b78795d9e58686d4ff7a36a662dbe3936d7651fdcf86cf55459efe9821',(#1525),#219,.T.);
#1527=FACE_OUTER_BOUND('',#1451,.T.);
#1528=ADVANCED_FACE('OSCAD_TOPO/3|face|f:ae3658d218df8c870db3563b3af41051|ccc8e67760bfc5cc5a501d0a0754e5d397c67b1e551ed0a513585d9b2948a633',(#1527),#226,.T.);
#1529=FACE_OUTER_BOUND('',#1456,.T.);
#1530=ADVANCED_FACE('OSCAD_TOPO/3|face|f:fa327e4dca362d4fa505e9946ae15f51|74b047851bdadad23beb791a86de2ebb70cc269601b9e62f2404835e5a4163a9',(#1529),#115,.T.);
#1531=FACE_OUTER_BOUND('',#1461,.T.);
#1532=ADVANCED_FACE('OSCAD_TOPO/3|face|f:ce7dba3ad1bc8eae9989ec852394da98|89963097df660102787e2918c588b0a9b9bd0344be4cf5b1fbfb944e07b52bc6',(#1531),#84,.T.);
#1533=FACE_OUTER_BOUND('',#1466,.T.);
#1534=ADVANCED_FACE('OSCAD_TOPO/3|face|f:d0f690202dd5a105646256497d2a26e7|248287a2e82014ffe0a4de0f5fb44586a828380d2787d437daee71b719f7515b',(#1533),#233,.T.);
#1535=FACE_OUTER_BOUND('',#1471,.T.);
#1536=ADVANCED_FACE('OSCAD_TOPO/3|face|f:602de9d52c1086fa3deaf49b5170be5a|cdeb92b76ef22906391f7a0d603a8b67e0df16d85a4a204848f78e8529a5cbe1',(#1535),#240,.T.);
#1537=FACE_OUTER_BOUND('',#1476,.T.);
#1538=ADVANCED_FACE('OSCAD_TOPO/3|face|f:fda0b2c432857d60dd8b4c0bbe570b81|037e3358dd4bb522a5c794c5cb3ddbb49fa7d2b2c0ea9d4cdfb9fd83651939a7',(#1537),#115,.T.);
#1539=CLOSED_SHELL('OSCAD_TOPO/3|shell|s:b6b5beba887971772d6bfc520def453e|27dcc721b9dfd3a680b9e9ab6319498d6bcfba7ae832fc1f74e686cdf5b86510',(#1478,#1480,#1482,#1484,#1486,#1488,#1490,#1492,#1494,#1496,#1498,#1500,#1502,#1504,#1506,#1508,#1510,#1512,#1514,#1516,#1518,#1520,#1522,#1524,#1526,#1528,#1530,#1532,#1534,#1536,#1538));
#1540=MANIFOLD_SOLID_BREP('OSCAD_TOPO/3|body|b:0ab9ac7c21d369a1d9d494d5c61d71d1|4c3768c449d084fb32296c0685c490133d115e8100561bd7f302618041c073df',#1539);
#1541=(LENGTH_UNIT()NAMED_UNIT(*)SI_UNIT(.MILLI.,.METRE.));
#1542=UNCERTAINTY_MEASURE_WITH_UNIT(LENGTH_MEASURE(9.99999999999999955E-8),#1541,'distance_accuracy_value','');
#1543=(GEOMETRIC_REPRESENTATION_CONTEXT(3)GLOBAL_UNCERTAINTY_ASSIGNED_CONTEXT((#1542))GLOBAL_UNIT_ASSIGNED_CONTEXT((#1541))REPRESENTATION_CONTEXT('','3D'));
#1544=ADVANCED_BREP_SHAPE_REPRESENTATION('',(#1540),#1543);
#1545=APPLICATION_CONTEXT('managed model based 3d engineering');
#1546=PRODUCT_CONTEXT('',#1545,'mechanical');
#1547=PRODUCT('model','model','',(#1546));
#1548=PRODUCT_DEFINITION_FORMATION('1','',#1547);
#1549=PRODUCT_DEFINITION_CONTEXT('part definition',#1545,'design');
#1550=PRODUCT_DEFINITION('design','',#1548,#1549);
#1551=PRODUCT_DEFINITION_SHAPE('','',#1550);
#1552=SHAPE_DEFINITION_REPRESENTATION(#1551,#1544);
ENDSEC;
END-ISO-10303-21;
