ISO-10303-21;
HEADER;
FILE_DESCRIPTION(('OpenSCAD Viewer retained AP242 B-rep'),'2;1');
FILE_NAME('model.step','',(''),(''),'OpenSCAD Viewer','OpenSCAD Viewer','');
FILE_SCHEMA(('AP242_MANAGED_MODEL_BASED_3D_ENGINEERING_MIM_LF'));
ENDSEC;
DATA;
#1=CARTESIAN_POINT('',(2.00000000000000000E1,0.00000000000000000E0,6.00000000000000000E0));
#2=VERTEX_POINT('OSCAD_TOPO/3|vertex|v:d3067954d870549101dae47bb73f791e|9584fa4324d34572467aafa8468b6a764f8775866bdfc447617c8e17e3b1c982',#1);
#3=CARTESIAN_POINT('',(1.86937195842322765E1,1.45167079811183464E0,6.00000000000000000E0));
#4=VERTEX_POINT('OSCAD_TOPO/3|vertex|v:070e178bfc4c94f7a600c9abf2755f36|da56f86a65abae19ed05b1c403143a2f5096caa53a77491c35cbb93ddf45d553',#3);
#5=CARTESIAN_POINT('',(1.99399675565144285E1,1.54844885131929044E0,4.75000000000000000E0));
#6=VERTEX_POINT('OSCAD_TOPO/3|vertex|v:e1bfdf0b894a4f120cebb08012a33212|5dc4f134f5b83b8fa490c7584e273847e21cdc24f458bd6b375f2fb463a3f478',#5);
#7=CARTESIAN_POINT('',(4.98499188912860713E0,3.87112212829822611E-1,6.00000000000000000E0));
#8=VERTEX_POINT('OSCAD_TOPO/3|vertex|v:bcec53b2fc17cb6d9b3a1986086e1d48|949ce7b556c16cd7418c28c9f134b256391816602550824cb306ce6a9fb6a39f',#7);
#9=CARTESIAN_POINT('',(5.00000000000000000E0,0.00000000000000000E0,6.00000000000000000E0));
#10=VERTEX_POINT('OSCAD_TOPO/3|vertex|v:09b078da8d7b0f4865e5f28ec4a88023|c6d8f4335f6b625be585444ea5463ec83d64cd6aec0d58ee3ea72c944e928404',#9);
#11=CARTESIAN_POINT('',(2.00000000000000000E1,0.00000000000000000E0,0.00000000000000000E0));
#12=VERTEX_POINT('OSCAD_TOPO/3|vertex|v:eeafa1f193a00e53c2ad070631add22a|2f57866bfcf1365e4ee0c0c7b006e7d171e9cf8ecb8e6dcbbbe94f72a62d4823',#11);
#13=CARTESIAN_POINT('',(1.99399675565144285E1,1.54844885131929044E0,0.00000000000000000E0));
#14=VERTEX_POINT('OSCAD_TOPO/3|vertex|v:8e9a21692fd0fd12a78c1601595febdf|26a4ae5c246235fae322a0e18eeca3491c2b334a8505efd3f55decde06208fd3',#13);
#15=CARTESIAN_POINT('',(5.00000000000000000E0,0.00000000000000000E0,0.00000000000000000E0));
#16=VERTEX_POINT('OSCAD_TOPO/3|vertex|v:ca0e371c0e65f05b5b78b9b603713aeb|4172a2f068046afc72ac3e751c4450c5c4a1bdf6a599d0c8bf438537a483418a',#15);
#17=CARTESIAN_POINT('',(4.98499188912860713E0,3.87112212829822611E-1,0.00000000000000000E0));
#18=VERTEX_POINT('OSCAD_TOPO/3|vertex|v:e8c98d30cc9b27921460d66511e2f220|fbcd7804839d6469218932f8226a28272d24a6834285b924fc6ba2432b0c59a2',#17);
#19=CARTESIAN_POINT('',(1.82455014203311592E1,4.32020577295730757E0,6.00000000000000000E0));
#20=VERTEX_POINT('OSCAD_TOPO/3|vertex|v:8802d7c89eaefb69d69a3d0760b21693|306a143ac9bd3cfdd06d15715709cb116cbacd5b5fa617861d00e132af094949',#19);
#21=CARTESIAN_POINT('',(1.94618681816865688E1,4.60821949115446117E0,4.75000000000000000E0));
#22=VERTEX_POINT('OSCAD_TOPO/3|vertex|v:52646c2caaf5b7d56648848cc43ef819|1da5aec4e21115a11205682e4db610588d6b555902862d8df9d9ef41a17bcb25',#21);
#23=CARTESIAN_POINT('',(4.86546704542164221E0,1.15205487278861529E0,6.00000000000000000E0));
#24=VERTEX_POINT('OSCAD_TOPO/3|vertex|v:20a49838676954a3286219726124fb9b|17f0041c3dae91f4056a97a026a3eb77b567e4970e801af7c81d411e99161eef',#23);
#25=CARTESIAN_POINT('',(1.94618681816865688E1,4.60821949115446117E0,0.00000000000000000E0));
#26=VERTEX_POINT('OSCAD_TOPO/3|vertex|v:8524cbb8bfc82cc5525a5deacc8f3393|32c341d8c8024916cc0ee26cc8dea790d4406a64d6ee0fd1955413d0434e6106',#25);
#27=CARTESIAN_POINT('',(4.86546704542164221E0,1.15205487278861529E0,0.00000000000000000E0));
#28=VERTEX_POINT('OSCAD_TOPO/3|vertex|v:9834df721f857565da0c7937280cf7b0|f50d7dc6fb1cae33c67d5780d35763aa73978e004ec2b264d2850e046ce8aaae',#27);
#29=CARTESIAN_POINT('',(1.90466713977142668E1,6.10117272886887019E0,6.00000000000000000E0));
#30=VERTEX_POINT('OSCAD_TOPO/3|vertex|v:46be3af3799ce38ed04d5320b18547c1|6e9410c10284606a6aefc4b58bc04fca8ea3a5831ccc6b139f11f44eae01c374',#29);
#31=CARTESIAN_POINT('',(4.76166784942856669E0,1.52529318221721755E0,6.00000000000000000E0));
#32=VERTEX_POINT('OSCAD_TOPO/3|vertex|v:16a8fdd541af42e106775aeeb2db9033|aada5317b9ab965a288369d25b75096575cc49880ae6cb2e43d6f4f4599040d5',#31);
#33=CARTESIAN_POINT('',(1.90466713977142668E1,6.10117272886887019E0,0.00000000000000000E0));
#34=VERTEX_POINT('OSCAD_TOPO/3|vertex|v:1d4456729d75b89b8955b18363ca2adc|36af14f521d111248101e48364388ef6accda454e3e5bc64401121bdba9998f3',#33);
#35=CARTESIAN_POINT('',(4.76166784942856669E0,1.52529318221721755E0,0.00000000000000000E0));
#36=VERTEX_POINT('OSCAD_TOPO/3|vertex|v:0166841b4506dc56642d38745baf2f52|36484a168118db3df4991d324380d3b52a42d8c8c4935d3e2680bd29e69f2bbb',#35);
#37=CARTESIAN_POINT('',(-4.60821949115446294E0,1.94618681816865688E1,6.00000000000000000E0));
#38=VERTEX_POINT('OSCAD_TOPO/3|vertex|v:ecb52f041aa181230c783025d6c73aa0|9ae4fb5f0df129af8648fbf5c715c72903258a029f23734844058616bdde5124',#37);
#39=CARTESIAN_POINT('',(-1.15205487278861574E0,4.86546704542164221E0,6.00000000000000000E0));
#40=VERTEX_POINT('OSCAD_TOPO/3|vertex|v:657933c455af66e5cdf24e6b2e0931c0|2cf7dce4e3eb7d02df1dadbe1502bcf73a18dc5400522186016cb0d44253928f',#39);
#41=CARTESIAN_POINT('',(-4.60821949115446294E0,1.94618681816865688E1,0.00000000000000000E0));
#42=VERTEX_POINT('OSCAD_TOPO/3|vertex|v:56a56bdb785a086fef7506c4efe17039|8a06571ad22545cdf751249776641d51440fd6f3184ebeec5e94a4748e699f72',#41);
#43=CARTESIAN_POINT('',(-1.15205487278861574E0,4.86546704542164221E0,0.00000000000000000E0));
#44=VERTEX_POINT('OSCAD_TOPO/3|vertex|v:cc71723f12c0f4abd1f6d4ecb67586ac|8bbe8428c33c2fccfd4501cb86be846879afcdcb19436d010557dc3a2558c10c',#43);
#45=CARTESIAN_POINT('',(-1.97602306154847973E1,-3.08760198582287071E0,6.00000000000000000E0));
#46=VERTEX_POINT('OSCAD_TOPO/3|vertex|v:b09a769a92c2bed705b8c341beb15918|157ff3ee37e5a8e07d4be9bbdc94afa04798472063ff31eb472d9c26aa4b6ec4',#45);
#47=CARTESIAN_POINT('',(-4.94005765387119933E0,-7.71900496455717677E-1,6.00000000000000000E0));
#48=VERTEX_POINT('OSCAD_TOPO/3|vertex|v:9ed5c596d7fa1e59f81f64ec0aea8e99|f35c9ba13463a30fbba59eb4fcdb639f8bc8a09855525f287969e715e876c3d8',#47);
#49=CARTESIAN_POINT('',(-1.97602306154847973E1,-3.08760198582287071E0,0.00000000000000000E0));
#50=VERTEX_POINT('OSCAD_TOPO/3|vertex|v:86b8f413f6b39020b78512c75c73fa3b|47bfac4b283d46f2a965ead8eefe4bccaa3d958e00bf88751e08ec2e43939a7e',#49);
#51=CARTESIAN_POINT('',(-4.94005765387119933E0,-7.71900496455717677E-1,0.00000000000000000E0));
#52=VERTEX_POINT('OSCAD_TOPO/3|vertex|v:e668106b5c676156a11c62b9b70be0b9|489957de4724a4f2faa7e24e7a04699fa4f05ed321a5367575ce3ad75e168258',#51);
#53=CARTESIAN_POINT('',(1.54844885131929821E0,-1.99399675565144285E1,6.00000000000000000E0));
#54=VERTEX_POINT('OSCAD_TOPO/3|vertex|v:a348df872dadc8d0c7537f50c422f13e|7333a88d5087f42f770bfa8ebca1f5a2bc8288821d32686b291cb9a5ab83759d',#53);
#55=CARTESIAN_POINT('',(3.87112212829824553E-1,-4.98499188912860713E0,6.00000000000000000E0));
#56=VERTEX_POINT('OSCAD_TOPO/3|vertex|v:b4d0b4d63bb517d711de39b0a7a28117|f002c01f4fccadc4ca7fac760afebf90bc2a526dc335c3b6afb64b1ccd12c6de',#55);
#57=CARTESIAN_POINT('',(1.54844885131929821E0,-1.99399675565144285E1,0.00000000000000000E0));
#58=VERTEX_POINT('OSCAD_TOPO/3|vertex|v:eb0a55312961a4ce1f6603a196232576|93e3fe4a54691d8bfaadba40e43a29466ed20d372b66ad1d268756ed342f7b45',#57);
#59=CARTESIAN_POINT('',(3.87112212829824553E-1,-4.98499188912860713E0,0.00000000000000000E0));
#60=VERTEX_POINT('OSCAD_TOPO/3|vertex|v:fca090a092b2d49d075c15f0a3f491eb|a3b626f362af1e6c354a88aee95b5670e09d42fe60c3be5674e291e532d53d6a',#59);
#61=CARTESIAN_POINT('',(1.86937195842322765E1,1.45167079811183464E0,6.00000000000000000E0));
#62=CARTESIAN_POINT('',(1.99399675565144285E1,1.54844885131929044E0,6.00000000000000000E0));
#63=CARTESIAN_POINT('',(1.99399675565144285E1,1.54844885131929044E0,4.75000000000000000E0));
#64=CARTESIAN_POINT('',(1.87162216077352035E1,1.16190364292163162E0,6.00000000000000000E0));
#65=CARTESIAN_POINT('',(1.99639697149175497E1,1.23936388578307355E0,5.99999999999999911E0));
#66=CARTESIAN_POINT('',(1.99639697149175497E1,1.23936388578307377E0,4.75000000000000089E0));
#67=CARTESIAN_POINT('',(1.91071511322478180E1,9.00768783102416037E-1,6.00000000000000089E0));
#68=CARTESIAN_POINT('',(1.99819821514922005E1,9.29837103186488378E-1,6.00000000000000089E0));
#69=CARTESIAN_POINT('',(1.99819821514921969E1,9.29837103186488489E-1,5.12516898075561578E0));
#70=CARTESIAN_POINT('',(1.96188250697417850E1,6.20007781958935911E-1,5.99999999999999911E0));
#71=CARTESIAN_POINT('',(1.99939940504973954E1,6.20007781958935911E-1,6.00000000000000089E0));
#72=CARTESIAN_POINT('',(1.99939940504973990E1,6.20007781958935911E-1,5.62483101924438600E0));
#73=CARTESIAN_POINT('',(2.00000000000000000E1,3.10015514980351958E-1,6.00000000000000000E0));
#74=CARTESIAN_POINT('',(1.99999999999999964E1,3.10015514980352014E-1,5.99999999999999911E0));
#75=CARTESIAN_POINT('',(2.00000000000000000E1,3.10015514980351958E-1,6.00000000000000000E0));
#76=CARTESIAN_POINT('',(2.00000000000000000E1,0.00000000000000000E0,6.00000000000000000E0));
#77=CARTESIAN_POINT('',(2.00000000000000000E1,0.00000000000000000E0,6.00000000000000000E0));
#78=CARTESIAN_POINT('',(2.00000000000000000E1,0.00000000000000000E0,6.00000000000000000E0));
#79=(BOUNDED_SURFACE()B_SPLINE_SURFACE(5,2,((#61,#62,#63),(#64,#65,#66),(#67,#68,#69),(#70,#71,#72),(#73,#74,#75),(#76,#77,#78)),.UNSPECIFIED.,.F.,.F.,.F.)B_SPLINE_SURFACE_WITH_KNOTS((6,6),(3,3),(0.00000000000000000E0,1.00000000000000000E0),(0.00000000000000000E0,1.00000000000000000E0),.UNSPECIFIED.)GEOMETRIC_REPRESENTATION_ITEM()RATIONAL_B_SPLINE_SURFACE(((1.00000000000000000E0,7.07106781186547573E-1,1.00000000000000000E0),(9.99699725076284906E-1,7.06894454751768375E-1,9.99699725076284906E-1),(9.99549587614427137E-1,7.06788291534378610E-1,9.99549587614427137E-1),(9.99549587614427248E-1,7.06788291534378610E-1,9.99549587614427248E-1),(9.99699725076284906E-1,7.06894454751768375E-1,9.99699725076284906E-1),(1.00000000000000000E0,7.07106781186547573E-1,1.00000000000000000E0)))REPRESENTATION_ITEM('')SURFACE());
#80=CARTESIAN_POINT('',(-2.00000000000000000E1,-2.00000000000000000E1,6.00000000000000000E0));
#81=CARTESIAN_POINT('',(-2.00000000000000000E1,2.00000000000000000E1,6.00000000000000000E0));
#82=CARTESIAN_POINT('',(2.00000000000000000E1,-2.00000000000000000E1,6.00000000000000000E0));
#83=CARTESIAN_POINT('',(2.00000000000000000E1,2.00000000000000000E1,6.00000000000000000E0));
#84=B_SPLINE_SURFACE_WITH_KNOTS('',1,1,((#80,#81),(#82,#83)),.UNSPECIFIED.,.F.,.F.,.F.,(2,2),(2,2),(0.00000000000000000E0,1.00000000000000000E0),(0.00000000000000000E0,1.00000000000000000E0),.UNSPECIFIED.);
#85=CARTESIAN_POINT('',(2.00000000000000000E1,0.00000000000000000E0,0.00000000000000000E0));
#86=CARTESIAN_POINT('',(2.00000000000000000E1,0.00000000000000000E0,6.00000000000000000E0));
#87=CARTESIAN_POINT('',(2.00000000000000000E1,3.10015514980351958E-1,0.00000000000000000E0));
#88=CARTESIAN_POINT('',(2.00000000000000000E1,3.10015514980351958E-1,6.00000000000000000E0));
#89=CARTESIAN_POINT('',(1.99939940504973990E1,6.20007781958935911E-1,0.00000000000000000E0));
#90=CARTESIAN_POINT('',(1.99939940504973990E1,6.20007781958935911E-1,6.00000000000000000E0));
#91=CARTESIAN_POINT('',(1.99819821514921969E1,9.29837103186488489E-1,0.00000000000000000E0));
#92=CARTESIAN_POINT('',(1.99819821514921969E1,9.29837103186488489E-1,6.00000000000000000E0));
#93=CARTESIAN_POINT('',(1.99639697149175497E1,1.23936388578307377E0,0.00000000000000000E0));
#94=CARTESIAN_POINT('',(1.99639697149175497E1,1.23936388578307377E0,6.00000000000000000E0));
#95=CARTESIAN_POINT('',(1.99399675565144285E1,1.54844885131929044E0,0.00000000000000000E0));
#96=CARTESIAN_POINT('',(1.99399675565144285E1,1.54844885131929044E0,6.00000000000000000E0));
#97=(BOUNDED_SURFACE()B_SPLINE_SURFACE(5,1,((#85,#86),(#87,#88),(#89,#90),(#91,#92),(#93,#94),(#95,#96)),.UNSPECIFIED.,.F.,.F.,.F.)B_SPLINE_SURFACE_WITH_KNOTS((6,6),(2,2),(0.00000000000000000E0,1.00000000000000000E0),(0.00000000000000000E0,1.00000000000000000E0),.UNSPECIFIED.)GEOMETRIC_REPRESENTATION_ITEM()RATIONAL_B_SPLINE_SURFACE(((1.00000000000000000E0,1.00000000000000000E0),(9.99699725076284906E-1,9.99699725076284906E-1),(9.99549587614427248E-1,9.99549587614427248E-1),(9.99549587614427137E-1,9.99549587614427137E-1),(9.99699725076284906E-1,9.99699725076284906E-1),(1.00000000000000000E0,1.00000000000000000E0)))REPRESENTATION_ITEM('')SURFACE());
#98=CARTESIAN_POINT('',(4.98499188912860713E0,3.87112212829822611E-1,0.00000000000000000E0));
#99=CARTESIAN_POINT('',(4.98499188912860713E0,3.87112212829822611E-1,6.00000000000000000E0));
#100=CARTESIAN_POINT('',(4.99099242872938742E0,3.09840971445768443E-1,0.00000000000000000E0));
#101=CARTESIAN_POINT('',(4.99099242872938742E0,3.09840971445768443E-1,6.00000000000000000E0));
#102=CARTESIAN_POINT('',(4.99549553787304923E0,2.32459275796622122E-1,0.00000000000000000E0));
#103=CARTESIAN_POINT('',(4.99549553787304923E0,2.32459275796622122E-1,6.00000000000000000E0));
#104=CARTESIAN_POINT('',(4.99849851262434974E0,1.55001945489733978E-1,0.00000000000000000E0));
#105=CARTESIAN_POINT('',(4.99849851262434974E0,1.55001945489733978E-1,6.00000000000000000E0));
#106=CARTESIAN_POINT('',(5.00000000000000000E0,7.75038787450879896E-2,0.00000000000000000E0));
#107=CARTESIAN_POINT('',(5.00000000000000000E0,7.75038787450879896E-2,6.00000000000000000E0));
#108=CARTESIAN_POINT('',(5.00000000000000000E0,0.00000000000000000E0,0.00000000000000000E0));
#109=CARTESIAN_POINT('',(5.00000000000000000E0,0.00000000000000000E0,6.00000000000000000E0));
#110=(BOUNDED_SURFACE()B_SPLINE_SURFACE(5,1,((#98,#99),(#100,#101),(#102,#103),(#104,#105),(#106,#107),(#108,#109)),.UNSPECIFIED.,.F.,.F.,.F.)B_SPLINE_SURFACE_WITH_KNOTS((6,6),(2,2),(0.00000000000000000E0,1.00000000000000000E0),(0.00000000000000000E0,1.00000000000000000E0),.UNSPECIFIED.)GEOMETRIC_REPRESENTATION_ITEM()RATIONAL_B_SPLINE_SURFACE(((1.00000000000000000E0,1.00000000000000000E0),(9.99699725076284906E-1,9.99699725076284906E-1),(9.99549587614427137E-1,9.99549587614427137E-1),(9.99549587614427248E-1,9.99549587614427248E-1),(9.99699725076284906E-1,9.99699725076284906E-1),(1.00000000000000000E0,1.00000000000000000E0)))REPRESENTATION_ITEM('')SURFACE());
#111=CARTESIAN_POINT('',(2.00000000000000000E1,-2.00000000000000000E1,0.00000000000000000E0));
#112=CARTESIAN_POINT('',(2.00000000000000000E1,2.00000000000000000E1,0.00000000000000000E0));
#113=CARTESIAN_POINT('',(-2.00000000000000000E1,-2.00000000000000000E1,0.00000000000000000E0));
#114=CARTESIAN_POINT('',(-2.00000000000000000E1,2.00000000000000000E1,0.00000000000000000E0));
#115=B_SPLINE_SURFACE_WITH_KNOTS('',1,1,((#111,#112),(#113,#114)),.UNSPECIFIED.,.F.,.F.,.F.,(2,2),(2,2),(0.00000000000000000E0,1.00000000000000000E0),(0.00000000000000000E0,1.00000000000000000E0),.UNSPECIFIED.);
#116=CARTESIAN_POINT('',(1.82455014203311592E1,4.32020577295730757E0,6.00000000000000000E0));
#117=CARTESIAN_POINT('',(1.94618681816865688E1,4.60821949115446117E0,6.00000000000000000E0));
#118=CARTESIAN_POINT('',(1.94618681816865688E1,4.60821949115446117E0,4.75000000000000000E0));
#119=CARTESIAN_POINT('',(1.85809893115545925E1,2.90334159622366883E0,6.00000000000000000E0));
#120=CARTESIAN_POINT('',(1.98197219323248994E1,3.09689770263858044E0,6.00000000000000000E0));
#121=CARTESIAN_POINT('',(1.98197219323248994E1,3.09689770263858044E0,4.75000000000000000E0));
#122=CARTESIAN_POINT('',(1.86937195842322765E1,1.45167079811183464E0,6.00000000000000000E0));
#123=CARTESIAN_POINT('',(1.99399675565144285E1,1.54844885131929044E0,6.00000000000000000E0));
#124=CARTESIAN_POINT('',(1.99399675565144285E1,1.54844885131929044E0,4.75000000000000000E0));
#125=(BOUNDED_SURFACE()B_SPLINE_SURFACE(2,2,((#116,#117,#118),(#119,#120,#121),(#122,#123,#124)),.UNSPECIFIED.,.F.,.F.,.F.)B_SPLINE_SURFACE_WITH_KNOTS((3,3),(3,3),(0.00000000000000000E0,1.00000000000000000E0),(0.00000000000000000E0,1.00000000000000000E0),.UNSPECIFIED.)GEOMETRIC_REPRESENTATION_ITEM()RATIONAL_B_SPLINE_SURFACE(((1.00000000000000000E0,7.07106781186547573E-1,1.00000000000000000E0),(9.96998377825721427E-1,7.04984313792555328E-1,9.96998377825721427E-1),(1.00000000000000000E0,7.07106781186547573E-1,1.00000000000000000E0)))REPRESENTATION_ITEM('')SURFACE());
#126=CARTESIAN_POINT('',(1.99399675565144285E1,1.54844885131929044E0,0.00000000000000000E0));
#127=CARTESIAN_POINT('',(1.99399675565144285E1,1.54844885131929044E0,6.00000000000000000E0));
#128=CARTESIAN_POINT('',(1.98197219323248994E1,3.09689770263858044E0,0.00000000000000000E0));
#129=CARTESIAN_POINT('',(1.98197219323248994E1,3.09689770263858044E0,6.00000000000000000E0));
#130=CARTESIAN_POINT('',(1.94618681816865688E1,4.60821949115446117E0,0.00000000000000000E0));
#131=CARTESIAN_POINT('',(1.94618681816865688E1,4.60821949115446117E0,6.00000000000000000E0));
#132=(BOUNDED_SURFACE()B_SPLINE_SURFACE(2,1,((#126,#127),(#128,#129),(#130,#131)),.UNSPECIFIED.,.F.,.F.,.F.)B_SPLINE_SURFACE_WITH_KNOTS((3,3),(2,2),(0.00000000000000000E0,1.00000000000000000E0),(0.00000000000000000E0,1.00000000000000000E0),.UNSPECIFIED.)GEOMETRIC_REPRESENTATION_ITEM()RATIONAL_B_SPLINE_SURFACE(((1.00000000000000000E0,1.00000000000000000E0),(9.96998377825721427E-1,9.96998377825721427E-1),(1.00000000000000000E0,1.00000000000000000E0)))REPRESENTATION_ITEM('')SURFACE());
#133=CARTESIAN_POINT('',(4.86546704542164221E0,1.15205487278861529E0,0.00000000000000000E0));
#134=CARTESIAN_POINT('',(4.86546704542164221E0,1.15205487278861529E0,6.00000000000000000E0));
#135=CARTESIAN_POINT('',(4.95493048308122486E0,7.74224425659645110E-1,0.00000000000000000E0));
#136=CARTESIAN_POINT('',(4.95493048308122486E0,7.74224425659645110E-1,6.00000000000000000E0));
#137=CARTESIAN_POINT('',(4.98499188912860713E0,3.87112212829822611E-1,0.00000000000000000E0));
#138=CARTESIAN_POINT('',(4.98499188912860713E0,3.87112212829822611E-1,6.00000000000000000E0));
#139=(BOUNDED_SURFACE()B_SPLINE_SURFACE(2,1,((#133,#134),(#135,#136),(#137,#138)),.UNSPECIFIED.,.F.,.F.,.F.)B_SPLINE_SURFACE_WITH_KNOTS((3,3),(2,2),(0.00000000000000000E0,1.00000000000000000E0),(0.00000000000000000E0,1.00000000000000000E0),.UNSPECIFIED.)GEOMETRIC_REPRESENTATION_ITEM()RATIONAL_B_SPLINE_SURFACE(((1.00000000000000000E0,1.00000000000000000E0),(9.96998377825721427E-1,9.96998377825721427E-1),(1.00000000000000000E0,1.00000000000000000E0)))REPRESENTATION_ITEM('')SURFACE());
#140=CARTESIAN_POINT('',(1.90466713977142668E1,6.10117272886887019E0,6.00000000000000000E0));
#141=CARTESIAN_POINT('',(1.90466713977142668E1,6.10117272886887019E0,6.00000000000000000E0));
#142=CARTESIAN_POINT('',(1.90466713977142668E1,6.10117272886887019E0,6.00000000000000000E0));
#143=CARTESIAN_POINT('',(1.91412443079904833E1,5.80593454676767351E0,6.00000000000000000E0));
#144=CARTESIAN_POINT('',(1.91412443079904868E1,5.80593454676767262E0,5.99999999999999911E0));
#145=CARTESIAN_POINT('',(1.91412443079904833E1,5.80593454676767351E0,6.00000000000000000E0));
#146=CARTESIAN_POINT('',(1.88728044441792413E1,5.39443780004799844E0,6.00000000000000089E0));
#147=CARTESIAN_POINT('',(1.92300904589326223E1,5.50888633775318226E0,6.00000000000000089E0));
#148=CARTESIAN_POINT('',(1.92300904589326223E1,5.50888633775318315E0,5.62483101924438511E0));
#149=CARTESIAN_POINT('',(1.84711687448434532E1,4.97096911986878176E0,5.99999999999999911E0));
#150=CARTESIAN_POINT('',(1.93131672345357650E1,5.21016114068165681E0,6.00000000000000089E0));
#151=CARTESIAN_POINT('',(1.93131672345357615E1,5.21016114068165592E0,5.12516898075561489E0));
#152=CARTESIAN_POINT('',(1.81785348794549364E1,4.60302519890224193E0,6.00000000000000000E0));
#153=CARTESIAN_POINT('',(1.93904372047519331E1,4.90989354549572532E0,5.99999999999999911E0));
#154=CARTESIAN_POINT('',(1.93904372047519331E1,4.90989354549572532E0,4.75000000000000089E0));
#155=CARTESIAN_POINT('',(1.82455014203311592E1,4.32020577295730757E0,6.00000000000000000E0));
#156=CARTESIAN_POINT('',(1.94618681816865688E1,4.60821949115446117E0,6.00000000000000000E0));
#157=CARTESIAN_POINT('',(1.94618681816865688E1,4.60821949115446117E0,4.75000000000000000E0));
#158=(BOUNDED_SURFACE()B_SPLINE_SURFACE(5,2,((#140,#141,#142),(#143,#144,#145),(#146,#147,#148),(#149,#150,#151),(#152,#153,#154),(#155,#156,#157)),.UNSPECIFIED.,.F.,.F.,.F.)B_SPLINE_SURFACE_WITH_KNOTS((6,6),(3,3),(0.00000000000000000E0,1.00000000000000000E0),(0.00000000000000000E0,1.00000000000000000E0),.UNSPECIFIED.)GEOMETRIC_REPRESENTATION_ITEM()RATIONAL_B_SPLINE_SURFACE(((1.00000000000000000E0,7.07106781186547573E-1,1.00000000000000000E0),(9.99699725076284906E-1,7.06894454751768375E-1,9.99699725076284906E-1),(9.99549587614427137E-1,7.06788291534378610E-1,9.99549587614427137E-1),(9.99549587614427248E-1,7.06788291534378610E-1,9.99549587614427248E-1),(9.99699725076284906E-1,7.06894454751768375E-1,9.99699725076284906E-1),(1.00000000000000000E0,7.07106781186547573E-1,1.00000000000000000E0)))REPRESENTATION_ITEM('')SURFACE());
#159=CARTESIAN_POINT('',(1.94618681816865688E1,4.60821949115446117E0,0.00000000000000000E0));
#160=CARTESIAN_POINT('',(1.94618681816865688E1,4.60821949115446117E0,6.00000000000000000E0));
#161=CARTESIAN_POINT('',(1.93904372047519331E1,4.90989354549572532E0,0.00000000000000000E0));
#162=CARTESIAN_POINT('',(1.93904372047519331E1,4.90989354549572532E0,6.00000000000000000E0));
#163=CARTESIAN_POINT('',(1.93131672345357615E1,5.21016114068165592E0,0.00000000000000000E0));
#164=CARTESIAN_POINT('',(1.93131672345357615E1,5.21016114068165592E0,6.00000000000000000E0));
#165=CARTESIAN_POINT('',(1.92300904589326223E1,5.50888633775318315E0,0.00000000000000000E0));
#166=CARTESIAN_POINT('',(1.92300904589326223E1,5.50888633775318315E0,6.00000000000000000E0));
#167=CARTESIAN_POINT('',(1.91412443079904833E1,5.80593454676767351E0,0.00000000000000000E0));
#168=CARTESIAN_POINT('',(1.91412443079904833E1,5.80593454676767351E0,6.00000000000000000E0));
#169=CARTESIAN_POINT('',(1.90466713977142668E1,6.10117272886887019E0,0.00000000000000000E0));
#170=CARTESIAN_POINT('',(1.90466713977142668E1,6.10117272886887019E0,6.00000000000000000E0));
#171=(BOUNDED_SURFACE()B_SPLINE_SURFACE(5,1,((#159,#160),(#161,#162),(#163,#164),(#165,#166),(#167,#168),(#169,#170)),.UNSPECIFIED.,.F.,.F.,.F.)B_SPLINE_SURFACE_WITH_KNOTS((6,6),(2,2),(0.00000000000000000E0,1.00000000000000000E0),(0.00000000000000000E0,1.00000000000000000E0),.UNSPECIFIED.)GEOMETRIC_REPRESENTATION_ITEM()RATIONAL_B_SPLINE_SURFACE(((1.00000000000000000E0,1.00000000000000000E0),(9.99699725076284906E-1,9.99699725076284906E-1),(9.99549587614427248E-1,9.99549587614427248E-1),(9.99549587614427137E-1,9.99549587614427137E-1),(9.99699725076284906E-1,9.99699725076284906E-1),(1.00000000000000000E0,1.00000000000000000E0)))REPRESENTATION_ITEM('')SURFACE());
#172=CARTESIAN_POINT('',(4.76166784942856669E0,1.52529318221721755E0,0.00000000000000000E0));
#173=CARTESIAN_POINT('',(4.76166784942856669E0,1.52529318221721755E0,6.00000000000000000E0));
#174=CARTESIAN_POINT('',(4.78531107699762082E0,1.45148363669191838E0,0.00000000000000000E0));
#175=CARTESIAN_POINT('',(4.78531107699762082E0,1.45148363669191838E0,6.00000000000000000E0));
#176=CARTESIAN_POINT('',(4.80752261473315556E0,1.37722158443829579E0,0.00000000000000000E0));
#177=CARTESIAN_POINT('',(4.80752261473315556E0,1.37722158443829579E0,6.00000000000000000E0));
#178=CARTESIAN_POINT('',(4.82829180863394036E0,1.30254028517041398E0,0.00000000000000000E0));
#179=CARTESIAN_POINT('',(4.82829180863394036E0,1.30254028517041398E0,6.00000000000000000E0));
#180=CARTESIAN_POINT('',(4.84760930118798328E0,1.22747338637393133E0,0.00000000000000000E0));
#181=CARTESIAN_POINT('',(4.84760930118798328E0,1.22747338637393133E0,6.00000000000000000E0));
#182=CARTESIAN_POINT('',(4.86546704542164221E0,1.15205487278861529E0,0.00000000000000000E0));
#183=CARTESIAN_POINT('',(4.86546704542164221E0,1.15205487278861529E0,6.00000000000000000E0));
#184=(BOUNDED_SURFACE()B_SPLINE_SURFACE(5,1,((#172,#173),(#174,#175),(#176,#177),(#178,#179),(#180,#181),(#182,#183)),.UNSPECIFIED.,.F.,.F.,.F.)B_SPLINE_SURFACE_WITH_KNOTS((6,6),(2,2),(0.00000000000000000E0,1.00000000000000000E0),(0.00000000000000000E0,1.00000000000000000E0),.UNSPECIFIED.)GEOMETRIC_REPRESENTATION_ITEM()RATIONAL_B_SPLINE_SURFACE(((1.00000000000000000E0,1.00000000000000000E0),(9.99699725076284906E-1,9.99699725076284906E-1),(9.99549587614427137E-1,9.99549587614427137E-1),(9.99549587614427248E-1,9.99549587614427248E-1),(9.99699725076284906E-1,9.99699725076284906E-1),(1.00000000000000000E0,1.00000000000000000E0)))REPRESENTATION_ITEM('')SURFACE());
#185=CARTESIAN_POINT('',(1.90466713977142668E1,6.10117272886887019E0,0.00000000000000000E0));
#186=CARTESIAN_POINT('',(1.90466713977142668E1,6.10117272886887019E0,6.00000000000000000E0));
#187=CARTESIAN_POINT('',(1.34009199512992527E1,2.37261076998499192E1,0.00000000000000000E0));
#188=CARTESIAN_POINT('',(1.34009199512992527E1,2.37261076998499192E1,6.00000000000000000E0));
#189=CARTESIAN_POINT('',(-4.60821949115446294E0,1.94618681816865688E1,0.00000000000000000E0));
#190=CARTESIAN_POINT('',(-4.60821949115446294E0,1.94618681816865688E1,6.00000000000000000E0));
#191=(BOUNDED_SURFACE()B_SPLINE_SURFACE(2,1,((#185,#186),(#187,#188),(#189,#190)),.UNSPECIFIED.,.F.,.F.,.F.)B_SPLINE_SURFACE_WITH_KNOTS((3,3),(2,2),(0.00000000000000000E0,1.00000000000000000E0),(0.00000000000000000E0,1.00000000000000000E0),.UNSPECIFIED.)GEOMETRIC_REPRESENTATION_ITEM()RATIONAL_B_SPLINE_SURFACE(((1.00000000000000000E0,1.00000000000000000E0),(7.33969496152927503E-1,7.33969496152927503E-1),(1.00000000000000000E0,1.00000000000000000E0)))REPRESENTATION_ITEM('')SURFACE());
#192=CARTESIAN_POINT('',(-1.15205487278861574E0,4.86546704542164221E0,0.00000000000000000E0));
#193=CARTESIAN_POINT('',(-1.15205487278861574E0,4.86546704542164221E0,6.00000000000000000E0));
#194=CARTESIAN_POINT('',(3.35022998782481318E0,5.93152692496247980E0,0.00000000000000000E0));
#195=CARTESIAN_POINT('',(3.35022998782481318E0,5.93152692496247980E0,6.00000000000000000E0));
#196=CARTESIAN_POINT('',(4.76166784942856669E0,1.52529318221721755E0,0.00000000000000000E0));
#197=CARTESIAN_POINT('',(4.76166784942856669E0,1.52529318221721755E0,6.00000000000000000E0));
#198=(BOUNDED_SURFACE()B_SPLINE_SURFACE(2,1,((#192,#193),(#194,#195),(#196,#197)),.UNSPECIFIED.,.F.,.F.,.F.)B_SPLINE_SURFACE_WITH_KNOTS((3,3),(2,2),(0.00000000000000000E0,1.00000000000000000E0),(0.00000000000000000E0,1.00000000000000000E0),.UNSPECIFIED.)GEOMETRIC_REPRESENTATION_ITEM()RATIONAL_B_SPLINE_SURFACE(((1.00000000000000000E0,1.00000000000000000E0),(7.33969496152927503E-1,7.33969496152927503E-1),(1.00000000000000000E0,1.00000000000000000E0)))REPRESENTATION_ITEM('')SURFACE());
#199=CARTESIAN_POINT('',(-4.60821949115446294E0,1.94618681816865688E1,0.00000000000000000E0));
#200=CARTESIAN_POINT('',(-4.60821949115446294E0,1.94618681816865688E1,6.00000000000000000E0));
#201=CARTESIAN_POINT('',(-2.26173589336081733E1,1.51976286635232203E1,0.00000000000000000E0));
#202=CARTESIAN_POINT('',(-2.26173589336081733E1,1.51976286635232203E1,6.00000000000000000E0));
#203=CARTESIAN_POINT('',(-1.97602306154847973E1,-3.08760198582287071E0,0.00000000000000000E0));
#204=CARTESIAN_POINT('',(-1.97602306154847973E1,-3.08760198582287071E0,6.00000000000000000E0));
#205=(BOUNDED_SURFACE()B_SPLINE_SURFACE(2,1,((#199,#200),(#201,#202),(#203,#204)),.UNSPECIFIED.,.F.,.F.,.F.)B_SPLINE_SURFACE_WITH_KNOTS((3,3),(2,2),(0.00000000000000000E0,1.00000000000000000E0),(0.00000000000000000E0,1.00000000000000000E0),.UNSPECIFIED.)GEOMETRIC_REPRESENTATION_ITEM()RATIONAL_B_SPLINE_SURFACE(((1.00000000000000000E0,1.00000000000000000E0),(7.33969496152927503E-1,7.33969496152927503E-1),(1.00000000000000000E0,1.00000000000000000E0)))REPRESENTATION_ITEM('')SURFACE());
#206=CARTESIAN_POINT('',(-4.94005765387119933E0,-7.71900496455717677E-1,0.00000000000000000E0));
#207=CARTESIAN_POINT('',(-4.94005765387119933E0,-7.71900496455717677E-1,6.00000000000000000E0));
#208=CARTESIAN_POINT('',(-5.65433973340204332E0,3.79940716588080551E0,0.00000000000000000E0));
#209=CARTESIAN_POINT('',(-5.65433973340204332E0,3.79940716588080551E0,6.00000000000000000E0));
#210=CARTESIAN_POINT('',(-1.15205487278861574E0,4.86546704542164221E0,0.00000000000000000E0));
#211=CARTESIAN_POINT('',(-1.15205487278861574E0,4.86546704542164221E0,6.00000000000000000E0));
#212=(BOUNDED_SURFACE()B_SPLINE_SURFACE(2,1,((#206,#207),(#208,#209),(#210,#211)),.UNSPECIFIED.,.F.,.F.,.F.)B_SPLINE_SURFACE_WITH_KNOTS((3,3),(2,2),(0.00000000000000000E0,1.00000000000000000E0),(0.00000000000000000E0,1.00000000000000000E0),.UNSPECIFIED.)GEOMETRIC_REPRESENTATION_ITEM()RATIONAL_B_SPLINE_SURFACE(((1.00000000000000000E0,1.00000000000000000E0),(7.33969496152927503E-1,7.33969496152927503E-1),(1.00000000000000000E0,1.00000000000000000E0)))REPRESENTATION_ITEM('')SURFACE());
#213=CARTESIAN_POINT('',(-1.97602306154847973E1,-3.08760198582287071E0,0.00000000000000000E0));
#214=CARTESIAN_POINT('',(-1.97602306154847973E1,-3.08760198582287071E0,6.00000000000000000E0));
#215=CARTESIAN_POINT('',(-1.69031022973614249E1,-2.13728326351689510E1,0.00000000000000000E0));
#216=CARTESIAN_POINT('',(-1.69031022973614249E1,-2.13728326351689510E1,6.00000000000000000E0));
#217=CARTESIAN_POINT('',(1.54844885131929821E0,-1.99399675565144285E1,0.00000000000000000E0));
#218=CARTESIAN_POINT('',(1.54844885131929821E0,-1.99399675565144285E1,6.00000000000000000E0));
#219=(BOUNDED_SURFACE()B_SPLINE_SURFACE(2,1,((#213,#214),(#215,#216),(#217,#218)),.UNSPECIFIED.,.F.,.F.,.F.)B_SPLINE_SURFACE_WITH_KNOTS((3,3),(2,2),(0.00000000000000000E0,1.00000000000000000E0),(0.00000000000000000E0,1.00000000000000000E0),.UNSPECIFIED.)GEOMETRIC_REPRESENTATION_ITEM()RATIONAL_B_SPLINE_SURFACE(((1.00000000000000000E0,1.00000000000000000E0),(7.33969496152927503E-1,7.33969496152927503E-1),(1.00000000000000000E0,1.00000000000000000E0)))REPRESENTATION_ITEM('')SURFACE());
#220=CARTESIAN_POINT('',(3.87112212829824553E-1,-4.98499188912860713E0,0.00000000000000000E0));
#221=CARTESIAN_POINT('',(3.87112212829824553E-1,-4.98499188912860713E0,6.00000000000000000E0));
#222=CARTESIAN_POINT('',(-4.22577557434035622E0,-5.34320815879223776E0,0.00000000000000000E0));
#223=CARTESIAN_POINT('',(-4.22577557434035622E0,-5.34320815879223776E0,6.00000000000000000E0));
#224=CARTESIAN_POINT('',(-4.94005765387119933E0,-7.71900496455717677E-1,0.00000000000000000E0));
#225=CARTESIAN_POINT('',(-4.94005765387119933E0,-7.71900496455717677E-1,6.00000000000000000E0));
#226=(BOUNDED_SURFACE()B_SPLINE_SURFACE(2,1,((#220,#221),(#222,#223),(#224,#225)),.UNSPECIFIED.,.F.,.F.,.F.)B_SPLINE_SURFACE_WITH_KNOTS((3,3),(2,2),(0.00000000000000000E0,1.00000000000000000E0),(0.00000000000000000E0,1.00000000000000000E0),.UNSPECIFIED.)GEOMETRIC_REPRESENTATION_ITEM()RATIONAL_B_SPLINE_SURFACE(((1.00000000000000000E0,1.00000000000000000E0),(7.33969496152927503E-1,7.33969496152927503E-1),(1.00000000000000000E0,1.00000000000000000E0)))REPRESENTATION_ITEM('')SURFACE());
#227=CARTESIAN_POINT('',(1.54844885131929821E0,-1.99399675565144285E1,0.00000000000000000E0));
#228=CARTESIAN_POINT('',(1.54844885131929821E0,-1.99399675565144285E1,6.00000000000000000E0));
#229=CARTESIAN_POINT('',(2.00000000000000036E1,-1.85071024778598989E1,0.00000000000000000E0));
#230=CARTESIAN_POINT('',(2.00000000000000036E1,-1.85071024778598989E1,6.00000000000000000E0));
#231=CARTESIAN_POINT('',(2.00000000000000000E1,0.00000000000000000E0,0.00000000000000000E0));
#232=CARTESIAN_POINT('',(2.00000000000000000E1,0.00000000000000000E0,6.00000000000000000E0));
#233=(BOUNDED_SURFACE()B_SPLINE_SURFACE(2,1,((#227,#228),(#229,#230),(#231,#232)),.UNSPECIFIED.,.F.,.F.,.F.)B_SPLINE_SURFACE_WITH_KNOTS((3,3),(2,2),(0.00000000000000000E0,1.00000000000000000E0),(0.00000000000000000E0,1.00000000000000000E0),.UNSPECIFIED.)GEOMETRIC_REPRESENTATION_ITEM()RATIONAL_B_SPLINE_SURFACE(((1.00000000000000000E0,1.00000000000000000E0),(7.33969496152927503E-1,7.33969496152927503E-1),(1.00000000000000000E0,1.00000000000000000E0)))REPRESENTATION_ITEM('')SURFACE());
#234=CARTESIAN_POINT('',(5.00000000000000000E0,0.00000000000000000E0,0.00000000000000000E0));
#235=CARTESIAN_POINT('',(5.00000000000000000E0,0.00000000000000000E0,6.00000000000000000E0));
#236=CARTESIAN_POINT('',(5.00000000000000089E0,-4.62677561946497473E0,0.00000000000000000E0));
#237=CARTESIAN_POINT('',(5.00000000000000089E0,-4.62677561946497473E0,6.00000000000000000E0));
#238=CARTESIAN_POINT('',(3.87112212829824553E-1,-4.98499188912860713E0,0.00000000000000000E0));
#239=CARTESIAN_POINT('',(3.87112212829824553E-1,-4.98499188912860713E0,6.00000000000000000E0));
#240=(BOUNDED_SURFACE()B_SPLINE_SURFACE(2,1,((#234,#235),(#236,#237),(#238,#239)),.UNSPECIFIED.,.F.,.F.,.F.)B_SPLINE_SURFACE_WITH_KNOTS((3,3),(2,2),(0.00000000000000000E0,1.00000000000000000E0),(0.00000000000000000E0,1.00000000000000000E0),.UNSPECIFIED.)GEOMETRIC_REPRESENTATION_ITEM()RATIONAL_B_SPLINE_SURFACE(((1.00000000000000000E0,1.00000000000000000E0),(7.33969496152927503E-1,7.33969496152927503E-1),(1.00000000000000000E0,1.00000000000000000E0)))REPRESENTATION_ITEM('')SURFACE());
#241=CARTESIAN_POINT('',(2.00000000000000000E1,0.00000000000000000E0,6.00000000000000000E0));
#242=CARTESIAN_POINT('',(2.00000000000000000E1,3.10015514980351958E-1,6.00000000000000000E0));
#243=CARTESIAN_POINT('',(1.96188250697417850E1,6.20007781958935911E-1,5.99999999999999911E0));
#244=CARTESIAN_POINT('',(1.91071511322478180E1,9.00768783102416037E-1,6.00000000000000089E0));
#245=CARTESIAN_POINT('',(1.87162216077352035E1,1.16190364292163162E0,6.00000000000000000E0));
#246=CARTESIAN_POINT('',(1.86937195842322765E1,1.45167079811183464E0,6.00000000000000000E0));
#247=(BOUNDED_CURVE()B_SPLINE_CURVE(5,(#241,#242,#243,#244,#245,#246),.UNSPECIFIED.,.F.,.F.)B_SPLINE_CURVE_WITH_KNOTS((6,6),(0.00000000000000000E0,1.00000000000000000E0),.UNSPECIFIED.)CURVE()GEOMETRIC_REPRESENTATION_ITEM()RATIONAL_B_SPLINE_CURVE((1.00000000000000000E0,9.99699725076284906E-1,9.99549587614427248E-1,9.99549587614427137E-1,9.99699725076284906E-1,1.00000000000000000E0))REPRESENTATION_ITEM(''));
#248=CARTESIAN_POINT('',(1.86937195842322765E1,1.45167079811183464E0,6.00000000000000000E0));
#249=CARTESIAN_POINT('',(1.99399675565144285E1,1.54844885131929044E0,6.00000000000000000E0));
#250=CARTESIAN_POINT('',(1.99399675565144285E1,1.54844885131929044E0,4.75000000000000000E0));
#251=(BOUNDED_CURVE()B_SPLINE_CURVE(2,(#248,#249,#250),.UNSPECIFIED.,.F.,.F.)B_SPLINE_CURVE_WITH_KNOTS((3,3),(0.00000000000000000E0,1.00000000000000000E0),.UNSPECIFIED.)CURVE()GEOMETRIC_REPRESENTATION_ITEM()RATIONAL_B_SPLINE_CURVE((1.00000000000000000E0,7.07106781186547573E-1,1.00000000000000000E0))REPRESENTATION_ITEM(''));
#252=CARTESIAN_POINT('',(1.99399675565144285E1,1.54844885131929044E0,4.75000000000000000E0));
#253=CARTESIAN_POINT('',(1.99639697149175497E1,1.23936388578307377E0,4.75000000000000089E0));
#254=CARTESIAN_POINT('',(1.99819821514921969E1,9.29837103186488489E-1,5.12516898075561578E0));
#255=CARTESIAN_POINT('',(1.99939940504973990E1,6.20007781958935911E-1,5.62483101924438600E0));
#256=CARTESIAN_POINT('',(2.00000000000000000E1,3.10015514980351958E-1,6.00000000000000000E0));
#257=CARTESIAN_POINT('',(2.00000000000000000E1,0.00000000000000000E0,6.00000000000000000E0));
#258=(BOUNDED_CURVE()B_SPLINE_CURVE(5,(#252,#253,#254,#255,#256,#257),.UNSPECIFIED.,.F.,.F.)B_SPLINE_CURVE_WITH_KNOTS((6,6),(0.00000000000000000E0,1.00000000000000000E0),.UNSPECIFIED.)CURVE()GEOMETRIC_REPRESENTATION_ITEM()RATIONAL_B_SPLINE_CURVE((1.00000000000000000E0,9.99699725076284906E-1,9.99549587614427137E-1,9.99549587614427248E-1,9.99699725076284906E-1,1.00000000000000000E0))REPRESENTATION_ITEM(''));
#259=CARTESIAN_POINT('',(2.00000000000000000E1,0.00000000000000000E0,6.00000000000000000E0));
#260=CARTESIAN_POINT('',(2.00000000000000000E1,0.00000000000000000E0,6.00000000000000000E0));
#261=CARTESIAN_POINT('',(2.00000000000000000E1,0.00000000000000000E0,6.00000000000000000E0));
#262=(BOUNDED_CURVE()B_SPLINE_CURVE(2,(#259,#260,#261),.UNSPECIFIED.,.F.,.F.)B_SPLINE_CURVE_WITH_KNOTS((3,3),(0.00000000000000000E0,1.00000000000000000E0),.UNSPECIFIED.)CURVE()GEOMETRIC_REPRESENTATION_ITEM()RATIONAL_B_SPLINE_CURVE((1.00000000000000000E0,7.07106781186547573E-1,1.00000000000000000E0))REPRESENTATION_ITEM(''));
#263=CARTESIAN_POINT('',(1.86937195842322765E1,1.45167079811183464E0,6.00000000000000000E0));
#264=CARTESIAN_POINT('',(4.98499188912860713E0,3.87112212829822611E-1,6.00000000000000000E0));
#265=B_SPLINE_CURVE_WITH_KNOTS('',1,(#263,#264),.UNSPECIFIED.,.F.,.F.,(2,2),(0.00000000000000000E0,1.00000000000000000E0),.UNSPECIFIED.);
#266=CARTESIAN_POINT('',(4.98499188912860713E0,3.87112212829822611E-1,6.00000000000000000E0));
#267=CARTESIAN_POINT('',(4.99099242872938742E0,3.09840971445768443E-1,6.00000000000000000E0));
#268=CARTESIAN_POINT('',(4.99549553787304923E0,2.32459275796622122E-1,6.00000000000000000E0));
#269=CARTESIAN_POINT('',(4.99849851262434974E0,1.55001945489733978E-1,6.00000000000000000E0));
#270=CARTESIAN_POINT('',(5.00000000000000000E0,7.75038787450879896E-2,6.00000000000000000E0));
#271=CARTESIAN_POINT('',(5.00000000000000000E0,0.00000000000000000E0,6.00000000000000000E0));
#272=(BOUNDED_CURVE()B_SPLINE_CURVE(5,(#266,#267,#268,#269,#270,#271),.UNSPECIFIED.,.F.,.F.)B_SPLINE_CURVE_WITH_KNOTS((6,6),(0.00000000000000000E0,1.00000000000000000E0),.UNSPECIFIED.)CURVE()GEOMETRIC_REPRESENTATION_ITEM()RATIONAL_B_SPLINE_CURVE((1.00000000000000000E0,9.99699725076284906E-1,9.99549587614427137E-1,9.99549587614427248E-1,9.99699725076284906E-1,1.00000000000000000E0))REPRESENTATION_ITEM(''));
#273=CARTESIAN_POINT('',(5.00000000000000000E0,0.00000000000000000E0,6.00000000000000000E0));
#274=CARTESIAN_POINT('',(2.00000000000000000E1,0.00000000000000000E0,6.00000000000000000E0));
#275=B_SPLINE_CURVE_WITH_KNOTS('',1,(#273,#274),.UNSPECIFIED.,.F.,.F.,(2,2),(0.00000000000000000E0,1.00000000000000000E0),.UNSPECIFIED.);
#276=CARTESIAN_POINT('',(2.00000000000000000E1,0.00000000000000000E0,0.00000000000000000E0));
#277=CARTESIAN_POINT('',(2.00000000000000000E1,3.10015514980351958E-1,0.00000000000000000E0));
#278=CARTESIAN_POINT('',(1.99939940504973990E1,6.20007781958935911E-1,0.00000000000000000E0));
#279=CARTESIAN_POINT('',(1.99819821514921969E1,9.29837103186488489E-1,0.00000000000000000E0));
#280=CARTESIAN_POINT('',(1.99639697149175497E1,1.23936388578307377E0,0.00000000000000000E0));
#281=CARTESIAN_POINT('',(1.99399675565144285E1,1.54844885131929044E0,0.00000000000000000E0));
#282=(BOUNDED_CURVE()B_SPLINE_CURVE(5,(#276,#277,#278,#279,#280,#281),.UNSPECIFIED.,.F.,.F.)B_SPLINE_CURVE_WITH_KNOTS((6,6),(0.00000000000000000E0,1.00000000000000000E0),.UNSPECIFIED.)CURVE()GEOMETRIC_REPRESENTATION_ITEM()RATIONAL_B_SPLINE_CURVE((1.00000000000000000E0,9.99699725076284906E-1,9.99549587614427248E-1,9.99549587614427137E-1,9.99699725076284906E-1,1.00000000000000000E0))REPRESENTATION_ITEM(''));
#283=CARTESIAN_POINT('',(1.99399675565144285E1,1.54844885131929044E0,0.00000000000000000E0));
#284=CARTESIAN_POINT('',(1.99399675565144285E1,1.54844885131929044E0,4.75000000000000000E0));
#285=B_SPLINE_CURVE_WITH_KNOTS('',1,(#283,#284),.UNSPECIFIED.,.F.,.F.,(2,2),(0.00000000000000000E0,1.00000000000000000E0),.UNSPECIFIED.);
#286=CARTESIAN_POINT('',(2.00000000000000000E1,0.00000000000000000E0,6.00000000000000000E0));
#287=CARTESIAN_POINT('',(2.00000000000000000E1,0.00000000000000000E0,0.00000000000000000E0));
#288=B_SPLINE_CURVE_WITH_KNOTS('',1,(#286,#287),.UNSPECIFIED.,.F.,.F.,(2,2),(0.00000000000000000E0,1.00000000000000000E0),.UNSPECIFIED.);
#289=CARTESIAN_POINT('',(5.00000000000000000E0,0.00000000000000000E0,0.00000000000000000E0));
#290=CARTESIAN_POINT('',(5.00000000000000000E0,7.75038787450879896E-2,0.00000000000000000E0));
#291=CARTESIAN_POINT('',(4.99849851262434974E0,1.55001945489733978E-1,0.00000000000000000E0));
#292=CARTESIAN_POINT('',(4.99549553787304923E0,2.32459275796622122E-1,0.00000000000000000E0));
#293=CARTESIAN_POINT('',(4.99099242872938742E0,3.09840971445768443E-1,0.00000000000000000E0));
#294=CARTESIAN_POINT('',(4.98499188912860713E0,3.87112212829822611E-1,0.00000000000000000E0));
#295=(BOUNDED_CURVE()B_SPLINE_CURVE(5,(#289,#290,#291,#292,#293,#294),.UNSPECIFIED.,.F.,.F.)B_SPLINE_CURVE_WITH_KNOTS((6,6),(0.00000000000000000E0,1.00000000000000000E0),.UNSPECIFIED.)CURVE()GEOMETRIC_REPRESENTATION_ITEM()RATIONAL_B_SPLINE_CURVE((1.00000000000000000E0,9.99699725076284906E-1,9.99549587614427248E-1,9.99549587614427137E-1,9.99699725076284906E-1,1.00000000000000000E0))REPRESENTATION_ITEM(''));
#296=CARTESIAN_POINT('',(4.98499188912860713E0,3.87112212829822611E-1,0.00000000000000000E0));
#297=CARTESIAN_POINT('',(4.98499188912860713E0,3.87112212829822611E-1,6.00000000000000000E0));
#298=B_SPLINE_CURVE_WITH_KNOTS('',1,(#296,#297),.UNSPECIFIED.,.F.,.F.,(2,2),(0.00000000000000000E0,1.00000000000000000E0),.UNSPECIFIED.);
#299=CARTESIAN_POINT('',(5.00000000000000000E0,0.00000000000000000E0,6.00000000000000000E0));
#300=CARTESIAN_POINT('',(5.00000000000000000E0,0.00000000000000000E0,0.00000000000000000E0));
#301=B_SPLINE_CURVE_WITH_KNOTS('',1,(#299,#300),.UNSPECIFIED.,.F.,.F.,(2,2),(0.00000000000000000E0,1.00000000000000000E0),.UNSPECIFIED.);
#302=CARTESIAN_POINT('',(1.99399675565144285E1,1.54844885131929044E0,0.00000000000000000E0));
#303=CARTESIAN_POINT('',(4.98499188912860713E0,3.87112212829822611E-1,0.00000000000000000E0));
#304=B_SPLINE_CURVE_WITH_KNOTS('',1,(#302,#303),.UNSPECIFIED.,.F.,.F.,(2,2),(0.00000000000000000E0,1.00000000000000000E0),.UNSPECIFIED.);
#305=CARTESIAN_POINT('',(5.00000000000000000E0,0.00000000000000000E0,0.00000000000000000E0));
#306=CARTESIAN_POINT('',(2.00000000000000000E1,0.00000000000000000E0,0.00000000000000000E0));
#307=B_SPLINE_CURVE_WITH_KNOTS('',1,(#305,#306),.UNSPECIFIED.,.F.,.F.,(2,2),(0.00000000000000000E0,1.00000000000000000E0),.UNSPECIFIED.);
#308=CARTESIAN_POINT('',(1.86937195842322765E1,1.45167079811183464E0,6.00000000000000000E0));
#309=CARTESIAN_POINT('',(1.85809893115545961E1,2.90334159622366927E0,6.00000000000000000E0));
#310=CARTESIAN_POINT('',(1.82455014203311592E1,4.32020577295730757E0,6.00000000000000000E0));
#311=(BOUNDED_CURVE()B_SPLINE_CURVE(2,(#308,#309,#310),.UNSPECIFIED.,.F.,.F.)B_SPLINE_CURVE_WITH_KNOTS((3,3),(0.00000000000000000E0,1.00000000000000000E0),.UNSPECIFIED.)CURVE()GEOMETRIC_REPRESENTATION_ITEM()RATIONAL_B_SPLINE_CURVE((1.00000000000000000E0,9.96998377825721427E-1,1.00000000000000000E0))REPRESENTATION_ITEM(''));
#312=CARTESIAN_POINT('',(1.82455014203311592E1,4.32020577295730757E0,6.00000000000000000E0));
#313=CARTESIAN_POINT('',(1.94618681816865688E1,4.60821949115446117E0,6.00000000000000000E0));
#314=CARTESIAN_POINT('',(1.94618681816865688E1,4.60821949115446117E0,4.75000000000000000E0));
#315=(BOUNDED_CURVE()B_SPLINE_CURVE(2,(#312,#313,#314),.UNSPECIFIED.,.F.,.F.)B_SPLINE_CURVE_WITH_KNOTS((3,3),(0.00000000000000000E0,1.00000000000000000E0),.UNSPECIFIED.)CURVE()GEOMETRIC_REPRESENTATION_ITEM()RATIONAL_B_SPLINE_CURVE((1.00000000000000000E0,7.07106781186547573E-1,1.00000000000000000E0))REPRESENTATION_ITEM(''));
#316=CARTESIAN_POINT('',(1.94618681816865688E1,4.60821949115446117E0,4.75000000000000000E0));
#317=CARTESIAN_POINT('',(1.98197219323248994E1,3.09689770263858044E0,4.75000000000000000E0));
#318=CARTESIAN_POINT('',(1.99399675565144285E1,1.54844885131929044E0,4.75000000000000000E0));
#319=(BOUNDED_CURVE()B_SPLINE_CURVE(2,(#316,#317,#318),.UNSPECIFIED.,.F.,.F.)B_SPLINE_CURVE_WITH_KNOTS((3,3),(0.00000000000000000E0,1.00000000000000000E0),.UNSPECIFIED.)CURVE()GEOMETRIC_REPRESENTATION_ITEM()RATIONAL_B_SPLINE_CURVE((1.00000000000000000E0,9.96998377825721427E-1,1.00000000000000000E0))REPRESENTATION_ITEM(''));
#320=CARTESIAN_POINT('',(1.82455014203311592E1,4.32020577295730757E0,6.00000000000000000E0));
#321=CARTESIAN_POINT('',(4.86546704542164221E0,1.15205487278861529E0,6.00000000000000000E0));
#322=B_SPLINE_CURVE_WITH_KNOTS('',1,(#320,#321),.UNSPECIFIED.,.F.,.F.,(2,2),(0.00000000000000000E0,1.00000000000000000E0),.UNSPECIFIED.);
#323=CARTESIAN_POINT('',(4.86546704542164221E0,1.15205487278861529E0,6.00000000000000000E0));
#324=CARTESIAN_POINT('',(4.95493048308122486E0,7.74224425659645110E-1,6.00000000000000000E0));
#325=CARTESIAN_POINT('',(4.98499188912860713E0,3.87112212829822611E-1,6.00000000000000000E0));
#326=(BOUNDED_CURVE()B_SPLINE_CURVE(2,(#323,#324,#325),.UNSPECIFIED.,.F.,.F.)B_SPLINE_CURVE_WITH_KNOTS((3,3),(0.00000000000000000E0,1.00000000000000000E0),.UNSPECIFIED.)CURVE()GEOMETRIC_REPRESENTATION_ITEM()RATIONAL_B_SPLINE_CURVE((1.00000000000000000E0,9.96998377825721427E-1,1.00000000000000000E0))REPRESENTATION_ITEM(''));
#327=CARTESIAN_POINT('',(1.99399675565144285E1,1.54844885131929044E0,0.00000000000000000E0));
#328=CARTESIAN_POINT('',(1.98197219323248994E1,3.09689770263858044E0,0.00000000000000000E0));
#329=CARTESIAN_POINT('',(1.94618681816865688E1,4.60821949115446117E0,0.00000000000000000E0));
#330=(BOUNDED_CURVE()B_SPLINE_CURVE(2,(#327,#328,#329),.UNSPECIFIED.,.F.,.F.)B_SPLINE_CURVE_WITH_KNOTS((3,3),(0.00000000000000000E0,1.00000000000000000E0),.UNSPECIFIED.)CURVE()GEOMETRIC_REPRESENTATION_ITEM()RATIONAL_B_SPLINE_CURVE((1.00000000000000000E0,9.96998377825721427E-1,1.00000000000000000E0))REPRESENTATION_ITEM(''));
#331=CARTESIAN_POINT('',(1.94618681816865688E1,4.60821949115446117E0,0.00000000000000000E0));
#332=CARTESIAN_POINT('',(1.94618681816865688E1,4.60821949115446117E0,4.75000000000000000E0));
#333=B_SPLINE_CURVE_WITH_KNOTS('',1,(#331,#332),.UNSPECIFIED.,.F.,.F.,(2,2),(0.00000000000000000E0,1.00000000000000000E0),.UNSPECIFIED.);
#334=CARTESIAN_POINT('',(4.98499188912860713E0,3.87112212829822611E-1,0.00000000000000000E0));
#335=CARTESIAN_POINT('',(4.95493048308122486E0,7.74224425659645110E-1,0.00000000000000000E0));
#336=CARTESIAN_POINT('',(4.86546704542164221E0,1.15205487278861529E0,0.00000000000000000E0));
#337=(BOUNDED_CURVE()B_SPLINE_CURVE(2,(#334,#335,#336),.UNSPECIFIED.,.F.,.F.)B_SPLINE_CURVE_WITH_KNOTS((3,3),(0.00000000000000000E0,1.00000000000000000E0),.UNSPECIFIED.)CURVE()GEOMETRIC_REPRESENTATION_ITEM()RATIONAL_B_SPLINE_CURVE((1.00000000000000000E0,9.96998377825721427E-1,1.00000000000000000E0))REPRESENTATION_ITEM(''));
#338=CARTESIAN_POINT('',(4.86546704542164221E0,1.15205487278861529E0,0.00000000000000000E0));
#339=CARTESIAN_POINT('',(4.86546704542164221E0,1.15205487278861529E0,6.00000000000000000E0));
#340=B_SPLINE_CURVE_WITH_KNOTS('',1,(#338,#339),.UNSPECIFIED.,.F.,.F.,(2,2),(0.00000000000000000E0,1.00000000000000000E0),.UNSPECIFIED.);
#341=CARTESIAN_POINT('',(1.94618681816865688E1,4.60821949115446117E0,0.00000000000000000E0));
#342=CARTESIAN_POINT('',(4.86546704542164221E0,1.15205487278861529E0,0.00000000000000000E0));
#343=B_SPLINE_CURVE_WITH_KNOTS('',1,(#341,#342),.UNSPECIFIED.,.F.,.F.,(2,2),(0.00000000000000000E0,1.00000000000000000E0),.UNSPECIFIED.);
#344=CARTESIAN_POINT('',(1.82455014203311592E1,4.32020577295730757E0,6.00000000000000000E0));
#345=CARTESIAN_POINT('',(1.81785348794549364E1,4.60302519890224193E0,6.00000000000000000E0));
#346=CARTESIAN_POINT('',(1.84711687448434532E1,4.97096911986878176E0,5.99999999999999911E0));
#347=CARTESIAN_POINT('',(1.88728044441792413E1,5.39443780004799844E0,6.00000000000000089E0));
#348=CARTESIAN_POINT('',(1.91412443079904833E1,5.80593454676767351E0,6.00000000000000000E0));
#349=CARTESIAN_POINT('',(1.90466713977142668E1,6.10117272886887019E0,6.00000000000000000E0));
#350=(BOUNDED_CURVE()B_SPLINE_CURVE(5,(#344,#345,#346,#347,#348,#349),.UNSPECIFIED.,.F.,.F.)B_SPLINE_CURVE_WITH_KNOTS((6,6),(0.00000000000000000E0,1.00000000000000000E0),.UNSPECIFIED.)CURVE()GEOMETRIC_REPRESENTATION_ITEM()RATIONAL_B_SPLINE_CURVE((1.00000000000000000E0,9.99699725076284906E-1,9.99549587614427248E-1,9.99549587614427137E-1,9.99699725076284906E-1,1.00000000000000000E0))REPRESENTATION_ITEM(''));
#351=CARTESIAN_POINT('',(1.90466713977142668E1,6.10117272886887019E0,6.00000000000000000E0));
#352=CARTESIAN_POINT('',(1.90466713977142668E1,6.10117272886887019E0,6.00000000000000000E0));
#353=CARTESIAN_POINT('',(1.90466713977142668E1,6.10117272886887019E0,6.00000000000000000E0));
#354=(BOUNDED_CURVE()B_SPLINE_CURVE(2,(#351,#352,#353),.UNSPECIFIED.,.F.,.F.)B_SPLINE_CURVE_WITH_KNOTS((3,3),(0.00000000000000000E0,1.00000000000000000E0),.UNSPECIFIED.)CURVE()GEOMETRIC_REPRESENTATION_ITEM()RATIONAL_B_SPLINE_CURVE((1.00000000000000000E0,7.07106781186547573E-1,1.00000000000000000E0))REPRESENTATION_ITEM(''));
#355=CARTESIAN_POINT('',(1.90466713977142668E1,6.10117272886887019E0,6.00000000000000000E0));
#356=CARTESIAN_POINT('',(1.91412443079904833E1,5.80593454676767351E0,6.00000000000000000E0));
#357=CARTESIAN_POINT('',(1.92300904589326223E1,5.50888633775318315E0,5.62483101924438511E0));
#358=CARTESIAN_POINT('',(1.93131672345357615E1,5.21016114068165592E0,5.12516898075561489E0));
#359=CARTESIAN_POINT('',(1.93904372047519331E1,4.90989354549572532E0,4.75000000000000089E0));
#360=CARTESIAN_POINT('',(1.94618681816865688E1,4.60821949115446117E0,4.75000000000000000E0));
#361=(BOUNDED_CURVE()B_SPLINE_CURVE(5,(#355,#356,#357,#358,#359,#360),.UNSPECIFIED.,.F.,.F.)B_SPLINE_CURVE_WITH_KNOTS((6,6),(0.00000000000000000E0,1.00000000000000000E0),.UNSPECIFIED.)CURVE()GEOMETRIC_REPRESENTATION_ITEM()RATIONAL_B_SPLINE_CURVE((1.00000000000000000E0,9.99699725076284906E-1,9.99549587614427137E-1,9.99549587614427248E-1,9.99699725076284906E-1,1.00000000000000000E0))REPRESENTATION_ITEM(''));
#362=CARTESIAN_POINT('',(1.90466713977142668E1,6.10117272886887019E0,6.00000000000000000E0));
#363=CARTESIAN_POINT('',(4.76166784942856669E0,1.52529318221721755E0,6.00000000000000000E0));
#364=B_SPLINE_CURVE_WITH_KNOTS('',1,(#362,#363),.UNSPECIFIED.,.F.,.F.,(2,2),(0.00000000000000000E0,1.00000000000000000E0),.UNSPECIFIED.);
#365=CARTESIAN_POINT('',(4.76166784942856669E0,1.52529318221721755E0,6.00000000000000000E0));
#366=CARTESIAN_POINT('',(4.78531107699762082E0,1.45148363669191838E0,6.00000000000000000E0));
#367=CARTESIAN_POINT('',(4.80752261473315556E0,1.37722158443829579E0,6.00000000000000000E0));
#368=CARTESIAN_POINT('',(4.82829180863394036E0,1.30254028517041398E0,6.00000000000000000E0));
#369=CARTESIAN_POINT('',(4.84760930118798328E0,1.22747338637393133E0,6.00000000000000000E0));
#370=CARTESIAN_POINT('',(4.86546704542164221E0,1.15205487278861529E0,6.00000000000000000E0));
#371=(BOUNDED_CURVE()B_SPLINE_CURVE(5,(#365,#366,#367,#368,#369,#370),.UNSPECIFIED.,.F.,.F.)B_SPLINE_CURVE_WITH_KNOTS((6,6),(0.00000000000000000E0,1.00000000000000000E0),.UNSPECIFIED.)CURVE()GEOMETRIC_REPRESENTATION_ITEM()RATIONAL_B_SPLINE_CURVE((1.00000000000000000E0,9.99699725076284906E-1,9.99549587614427137E-1,9.99549587614427248E-1,9.99699725076284906E-1,1.00000000000000000E0))REPRESENTATION_ITEM(''));
#372=CARTESIAN_POINT('',(1.94618681816865688E1,4.60821949115446117E0,0.00000000000000000E0));
#373=CARTESIAN_POINT('',(1.93904372047519331E1,4.90989354549572532E0,0.00000000000000000E0));
#374=CARTESIAN_POINT('',(1.93131672345357615E1,5.21016114068165592E0,0.00000000000000000E0));
#375=CARTESIAN_POINT('',(1.92300904589326223E1,5.50888633775318315E0,0.00000000000000000E0));
#376=CARTESIAN_POINT('',(1.91412443079904833E1,5.80593454676767351E0,0.00000000000000000E0));
#377=CARTESIAN_POINT('',(1.90466713977142668E1,6.10117272886887019E0,0.00000000000000000E0));
#378=(BOUNDED_CURVE()B_SPLINE_CURVE(5,(#372,#373,#374,#375,#376,#377),.UNSPECIFIED.,.F.,.F.)B_SPLINE_CURVE_WITH_KNOTS((6,6),(0.00000000000000000E0,1.00000000000000000E0),.UNSPECIFIED.)CURVE()GEOMETRIC_REPRESENTATION_ITEM()RATIONAL_B_SPLINE_CURVE((1.00000000000000000E0,9.99699725076284906E-1,9.99549587614427248E-1,9.99549587614427137E-1,9.99699725076284906E-1,1.00000000000000000E0))REPRESENTATION_ITEM(''));
#379=CARTESIAN_POINT('',(1.90466713977142668E1,6.10117272886887019E0,0.00000000000000000E0));
#380=CARTESIAN_POINT('',(1.90466713977142668E1,6.10117272886887019E0,6.00000000000000000E0));
#381=B_SPLINE_CURVE_WITH_KNOTS('',1,(#379,#380),.UNSPECIFIED.,.F.,.F.,(2,2),(0.00000000000000000E0,1.00000000000000000E0),.UNSPECIFIED.);
#382=CARTESIAN_POINT('',(4.86546704542164221E0,1.15205487278861529E0,0.00000000000000000E0));
#383=CARTESIAN_POINT('',(4.84760930118798328E0,1.22747338637393133E0,0.00000000000000000E0));
#384=CARTESIAN_POINT('',(4.82829180863394036E0,1.30254028517041398E0,0.00000000000000000E0));
#385=CARTESIAN_POINT('',(4.80752261473315556E0,1.37722158443829579E0,0.00000000000000000E0));
#386=CARTESIAN_POINT('',(4.78531107699762082E0,1.45148363669191838E0,0.00000000000000000E0));
#387=CARTESIAN_POINT('',(4.76166784942856669E0,1.52529318221721755E0,0.00000000000000000E0));
#388=(BOUNDED_CURVE()B_SPLINE_CURVE(5,(#382,#383,#384,#385,#386,#387),.UNSPECIFIED.,.F.,.F.)B_SPLINE_CURVE_WITH_KNOTS((6,6),(0.00000000000000000E0,1.00000000000000000E0),.UNSPECIFIED.)CURVE()GEOMETRIC_REPRESENTATION_ITEM()RATIONAL_B_SPLINE_CURVE((1.00000000000000000E0,9.99699725076284906E-1,9.99549587614427248E-1,9.99549587614427137E-1,9.99699725076284906E-1,1.00000000000000000E0))REPRESENTATION_ITEM(''));
#389=CARTESIAN_POINT('',(4.76166784942856669E0,1.52529318221721755E0,0.00000000000000000E0));
#390=CARTESIAN_POINT('',(4.76166784942856669E0,1.52529318221721755E0,6.00000000000000000E0));
#391=B_SPLINE_CURVE_WITH_KNOTS('',1,(#389,#390),.UNSPECIFIED.,.F.,.F.,(2,2),(0.00000000000000000E0,1.00000000000000000E0),.UNSPECIFIED.);
#392=CARTESIAN_POINT('',(1.90466713977142668E1,6.10117272886887019E0,0.00000000000000000E0));
#393=CARTESIAN_POINT('',(4.76166784942856669E0,1.52529318221721755E0,0.00000000000000000E0));
#394=B_SPLINE_CURVE_WITH_KNOTS('',1,(#392,#393),.UNSPECIFIED.,.F.,.F.,(2,2),(0.00000000000000000E0,1.00000000000000000E0),.UNSPECIFIED.);
#395=CARTESIAN_POINT('',(1.90466713977142668E1,6.10117272886887019E0,6.00000000000000000E0));
#396=CARTESIAN_POINT('',(1.34009199512992527E1,2.37261076998499192E1,6.00000000000000000E0));
#397=CARTESIAN_POINT('',(-4.60821949115446294E0,1.94618681816865688E1,6.00000000000000000E0));
#398=(BOUNDED_CURVE()B_SPLINE_CURVE(2,(#395,#396,#397),.UNSPECIFIED.,.F.,.F.)B_SPLINE_CURVE_WITH_KNOTS((3,3),(0.00000000000000000E0,1.00000000000000000E0),.UNSPECIFIED.)CURVE()GEOMETRIC_REPRESENTATION_ITEM()RATIONAL_B_SPLINE_CURVE((1.00000000000000000E0,7.33969496152927503E-1,1.00000000000000000E0))REPRESENTATION_ITEM(''));
#399=CARTESIAN_POINT('',(-4.60821949115446294E0,1.94618681816865688E1,6.00000000000000000E0));
#400=CARTESIAN_POINT('',(-1.15205487278861574E0,4.86546704542164221E0,6.00000000000000000E0));
#401=B_SPLINE_CURVE_WITH_KNOTS('',1,(#399,#400),.UNSPECIFIED.,.F.,.F.,(2,2),(0.00000000000000000E0,1.00000000000000000E0),.UNSPECIFIED.);
#402=CARTESIAN_POINT('',(-1.15205487278861574E0,4.86546704542164221E0,6.00000000000000000E0));
#403=CARTESIAN_POINT('',(3.35022998782481318E0,5.93152692496247980E0,6.00000000000000000E0));
#404=CARTESIAN_POINT('',(4.76166784942856669E0,1.52529318221721755E0,6.00000000000000000E0));
#405=(BOUNDED_CURVE()B_SPLINE_CURVE(2,(#402,#403,#404),.UNSPECIFIED.,.F.,.F.)B_SPLINE_CURVE_WITH_KNOTS((3,3),(0.00000000000000000E0,1.00000000000000000E0),.UNSPECIFIED.)CURVE()GEOMETRIC_REPRESENTATION_ITEM()RATIONAL_B_SPLINE_CURVE((1.00000000000000000E0,7.33969496152927503E-1,1.00000000000000000E0))REPRESENTATION_ITEM(''));
#406=CARTESIAN_POINT('',(1.90466713977142668E1,6.10117272886887019E0,0.00000000000000000E0));
#407=CARTESIAN_POINT('',(1.34009199512992527E1,2.37261076998499192E1,0.00000000000000000E0));
#408=CARTESIAN_POINT('',(-4.60821949115446294E0,1.94618681816865688E1,0.00000000000000000E0));
#409=(BOUNDED_CURVE()B_SPLINE_CURVE(2,(#406,#407,#408),.UNSPECIFIED.,.F.,.F.)B_SPLINE_CURVE_WITH_KNOTS((3,3),(0.00000000000000000E0,1.00000000000000000E0),.UNSPECIFIED.)CURVE()GEOMETRIC_REPRESENTATION_ITEM()RATIONAL_B_SPLINE_CURVE((1.00000000000000000E0,7.33969496152927503E-1,1.00000000000000000E0))REPRESENTATION_ITEM(''));
#410=CARTESIAN_POINT('',(-4.60821949115446294E0,1.94618681816865688E1,0.00000000000000000E0));
#411=CARTESIAN_POINT('',(-4.60821949115446294E0,1.94618681816865688E1,6.00000000000000000E0));
#412=B_SPLINE_CURVE_WITH_KNOTS('',1,(#410,#411),.UNSPECIFIED.,.F.,.F.,(2,2),(0.00000000000000000E0,1.00000000000000000E0),.UNSPECIFIED.);
#413=CARTESIAN_POINT('',(4.76166784942856669E0,1.52529318221721755E0,0.00000000000000000E0));
#414=CARTESIAN_POINT('',(3.35022998782481318E0,5.93152692496247980E0,0.00000000000000000E0));
#415=CARTESIAN_POINT('',(-1.15205487278861574E0,4.86546704542164221E0,0.00000000000000000E0));
#416=(BOUNDED_CURVE()B_SPLINE_CURVE(2,(#413,#414,#415),.UNSPECIFIED.,.F.,.F.)B_SPLINE_CURVE_WITH_KNOTS((3,3),(0.00000000000000000E0,1.00000000000000000E0),.UNSPECIFIED.)CURVE()GEOMETRIC_REPRESENTATION_ITEM()RATIONAL_B_SPLINE_CURVE((1.00000000000000000E0,7.33969496152927503E-1,1.00000000000000000E0))REPRESENTATION_ITEM(''));
#417=CARTESIAN_POINT('',(-1.15205487278861574E0,4.86546704542164221E0,0.00000000000000000E0));
#418=CARTESIAN_POINT('',(-1.15205487278861574E0,4.86546704542164221E0,6.00000000000000000E0));
#419=B_SPLINE_CURVE_WITH_KNOTS('',1,(#417,#418),.UNSPECIFIED.,.F.,.F.,(2,2),(0.00000000000000000E0,1.00000000000000000E0),.UNSPECIFIED.);
#420=CARTESIAN_POINT('',(-4.60821949115446294E0,1.94618681816865688E1,0.00000000000000000E0));
#421=CARTESIAN_POINT('',(-1.15205487278861574E0,4.86546704542164221E0,0.00000000000000000E0));
#422=B_SPLINE_CURVE_WITH_KNOTS('',1,(#420,#421),.UNSPECIFIED.,.F.,.F.,(2,2),(0.00000000000000000E0,1.00000000000000000E0),.UNSPECIFIED.);
#423=CARTESIAN_POINT('',(-4.60821949115446294E0,1.94618681816865688E1,6.00000000000000000E0));
#424=CARTESIAN_POINT('',(-2.26173589336081733E1,1.51976286635232203E1,6.00000000000000000E0));
#425=CARTESIAN_POINT('',(-1.97602306154847973E1,-3.08760198582287071E0,6.00000000000000000E0));
#426=(BOUNDED_CURVE()B_SPLINE_CURVE(2,(#423,#424,#425),.UNSPECIFIED.,.F.,.F.)B_SPLINE_CURVE_WITH_KNOTS((3,3),(0.00000000000000000E0,1.00000000000000000E0),.UNSPECIFIED.)CURVE()GEOMETRIC_REPRESENTATION_ITEM()RATIONAL_B_SPLINE_CURVE((1.00000000000000000E0,7.33969496152927503E-1,1.00000000000000000E0))REPRESENTATION_ITEM(''));
#427=CARTESIAN_POINT('',(-1.97602306154847973E1,-3.08760198582287071E0,6.00000000000000000E0));
#428=CARTESIAN_POINT('',(-4.94005765387119933E0,-7.71900496455717677E-1,6.00000000000000000E0));
#429=B_SPLINE_CURVE_WITH_KNOTS('',1,(#427,#428),.UNSPECIFIED.,.F.,.F.,(2,2),(0.00000000000000000E0,1.00000000000000000E0),.UNSPECIFIED.);
#430=CARTESIAN_POINT('',(-4.94005765387119933E0,-7.71900496455717677E-1,6.00000000000000000E0));
#431=CARTESIAN_POINT('',(-5.65433973340204332E0,3.79940716588080551E0,6.00000000000000000E0));
#432=CARTESIAN_POINT('',(-1.15205487278861574E0,4.86546704542164221E0,6.00000000000000000E0));
#433=(BOUNDED_CURVE()B_SPLINE_CURVE(2,(#430,#431,#432),.UNSPECIFIED.,.F.,.F.)B_SPLINE_CURVE_WITH_KNOTS((3,3),(0.00000000000000000E0,1.00000000000000000E0),.UNSPECIFIED.)CURVE()GEOMETRIC_REPRESENTATION_ITEM()RATIONAL_B_SPLINE_CURVE((1.00000000000000000E0,7.33969496152927503E-1,1.00000000000000000E0))REPRESENTATION_ITEM(''));
#434=CARTESIAN_POINT('',(-4.60821949115446294E0,1.94618681816865688E1,0.00000000000000000E0));
#435=CARTESIAN_POINT('',(-2.26173589336081733E1,1.51976286635232203E1,0.00000000000000000E0));
#436=CARTESIAN_POINT('',(-1.97602306154847973E1,-3.08760198582287071E0,0.00000000000000000E0));
#437=(BOUNDED_CURVE()B_SPLINE_CURVE(2,(#434,#435,#436),.UNSPECIFIED.,.F.,.F.)B_SPLINE_CURVE_WITH_KNOTS((3,3),(0.00000000000000000E0,1.00000000000000000E0),.UNSPECIFIED.)CURVE()GEOMETRIC_REPRESENTATION_ITEM()RATIONAL_B_SPLINE_CURVE((1.00000000000000000E0,7.33969496152927503E-1,1.00000000000000000E0))REPRESENTATION_ITEM(''));
#438=CARTESIAN_POINT('',(-1.97602306154847973E1,-3.08760198582287071E0,0.00000000000000000E0));
#439=CARTESIAN_POINT('',(-1.97602306154847973E1,-3.08760198582287071E0,6.00000000000000000E0));
#440=B_SPLINE_CURVE_WITH_KNOTS('',1,(#438,#439),.UNSPECIFIED.,.F.,.F.,(2,2),(0.00000000000000000E0,1.00000000000000000E0),.UNSPECIFIED.);
#441=CARTESIAN_POINT('',(-1.15205487278861574E0,4.86546704542164221E0,0.00000000000000000E0));
#442=CARTESIAN_POINT('',(-5.65433973340204332E0,3.79940716588080551E0,0.00000000000000000E0));
#443=CARTESIAN_POINT('',(-4.94005765387119933E0,-7.71900496455717677E-1,0.00000000000000000E0));
#444=(BOUNDED_CURVE()B_SPLINE_CURVE(2,(#441,#442,#443),.UNSPECIFIED.,.F.,.F.)B_SPLINE_CURVE_WITH_KNOTS((3,3),(0.00000000000000000E0,1.00000000000000000E0),.UNSPECIFIED.)CURVE()GEOMETRIC_REPRESENTATION_ITEM()RATIONAL_B_SPLINE_CURVE((1.00000000000000000E0,7.33969496152927503E-1,1.00000000000000000E0))REPRESENTATION_ITEM(''));
#445=CARTESIAN_POINT('',(-4.94005765387119933E0,-7.71900496455717677E-1,0.00000000000000000E0));
#446=CARTESIAN_POINT('',(-4.94005765387119933E0,-7.71900496455717677E-1,6.00000000000000000E0));
#447=B_SPLINE_CURVE_WITH_KNOTS('',1,(#445,#446),.UNSPECIFIED.,.F.,.F.,(2,2),(0.00000000000000000E0,1.00000000000000000E0),.UNSPECIFIED.);
#448=CARTESIAN_POINT('',(-1.97602306154847973E1,-3.08760198582287071E0,0.00000000000000000E0));
#449=CARTESIAN_POINT('',(-4.94005765387119933E0,-7.71900496455717677E-1,0.00000000000000000E0));
#450=B_SPLINE_CURVE_WITH_KNOTS('',1,(#448,#449),.UNSPECIFIED.,.F.,.F.,(2,2),(0.00000000000000000E0,1.00000000000000000E0),.UNSPECIFIED.);
#451=CARTESIAN_POINT('',(-1.97602306154847973E1,-3.08760198582287071E0,6.00000000000000000E0));
#452=CARTESIAN_POINT('',(-1.69031022973614249E1,-2.13728326351689510E1,6.00000000000000000E0));
#453=CARTESIAN_POINT('',(1.54844885131929821E0,-1.99399675565144285E1,6.00000000000000000E0));
#454=(BOUNDED_CURVE()B_SPLINE_CURVE(2,(#451,#452,#453),.UNSPECIFIED.,.F.,.F.)B_SPLINE_CURVE_WITH_KNOTS((3,3),(0.00000000000000000E0,1.00000000000000000E0),.UNSPECIFIED.)CURVE()GEOMETRIC_REPRESENTATION_ITEM()RATIONAL_B_SPLINE_CURVE((1.00000000000000000E0,7.33969496152927503E-1,1.00000000000000000E0))REPRESENTATION_ITEM(''));
#455=CARTESIAN_POINT('',(1.54844885131929821E0,-1.99399675565144285E1,6.00000000000000000E0));
#456=CARTESIAN_POINT('',(3.87112212829824553E-1,-4.98499188912860713E0,6.00000000000000000E0));
#457=B_SPLINE_CURVE_WITH_KNOTS('',1,(#455,#456),.UNSPECIFIED.,.F.,.F.,(2,2),(0.00000000000000000E0,1.00000000000000000E0),.UNSPECIFIED.);
#458=CARTESIAN_POINT('',(3.87112212829824553E-1,-4.98499188912860713E0,6.00000000000000000E0));
#459=CARTESIAN_POINT('',(-4.22577557434035622E0,-5.34320815879223776E0,6.00000000000000000E0));
#460=CARTESIAN_POINT('',(-4.94005765387119933E0,-7.71900496455717677E-1,6.00000000000000000E0));
#461=(BOUNDED_CURVE()B_SPLINE_CURVE(2,(#458,#459,#460),.UNSPECIFIED.,.F.,.F.)B_SPLINE_CURVE_WITH_KNOTS((3,3),(0.00000000000000000E0,1.00000000000000000E0),.UNSPECIFIED.)CURVE()GEOMETRIC_REPRESENTATION_ITEM()RATIONAL_B_SPLINE_CURVE((1.00000000000000000E0,7.33969496152927503E-1,1.00000000000000000E0))REPRESENTATION_ITEM(''));
#462=CARTESIAN_POINT('',(-1.97602306154847973E1,-3.08760198582287071E0,0.00000000000000000E0));
#463=CARTESIAN_POINT('',(-1.69031022973614249E1,-2.13728326351689510E1,0.00000000000000000E0));
#464=CARTESIAN_POINT('',(1.54844885131929821E0,-1.99399675565144285E1,0.00000000000000000E0));
#465=(BOUNDED_CURVE()B_SPLINE_CURVE(2,(#462,#463,#464),.UNSPECIFIED.,.F.,.F.)B_SPLINE_CURVE_WITH_KNOTS((3,3),(0.00000000000000000E0,1.00000000000000000E0),.UNSPECIFIED.)CURVE()GEOMETRIC_REPRESENTATION_ITEM()RATIONAL_B_SPLINE_CURVE((1.00000000000000000E0,7.33969496152927503E-1,1.00000000000000000E0))REPRESENTATION_ITEM(''));
#466=CARTESIAN_POINT('',(1.54844885131929821E0,-1.99399675565144285E1,0.00000000000000000E0));
#467=CARTESIAN_POINT('',(1.54844885131929821E0,-1.99399675565144285E1,6.00000000000000000E0));
#468=B_SPLINE_CURVE_WITH_KNOTS('',1,(#466,#467),.UNSPECIFIED.,.F.,.F.,(2,2),(0.00000000000000000E0,1.00000000000000000E0),.UNSPECIFIED.);
#469=CARTESIAN_POINT('',(-4.94005765387119933E0,-7.71900496455717677E-1,0.00000000000000000E0));
#470=CARTESIAN_POINT('',(-4.22577557434035622E0,-5.34320815879223776E0,0.00000000000000000E0));
#471=CARTESIAN_POINT('',(3.87112212829824553E-1,-4.98499188912860713E0,0.00000000000000000E0));
#472=(BOUNDED_CURVE()B_SPLINE_CURVE(2,(#469,#470,#471),.UNSPECIFIED.,.F.,.F.)B_SPLINE_CURVE_WITH_KNOTS((3,3),(0.00000000000000000E0,1.00000000000000000E0),.UNSPECIFIED.)CURVE()GEOMETRIC_REPRESENTATION_ITEM()RATIONAL_B_SPLINE_CURVE((1.00000000000000000E0,7.33969496152927503E-1,1.00000000000000000E0))REPRESENTATION_ITEM(''));
#473=CARTESIAN_POINT('',(3.87112212829824553E-1,-4.98499188912860713E0,0.00000000000000000E0));
#474=CARTESIAN_POINT('',(3.87112212829824553E-1,-4.98499188912860713E0,6.00000000000000000E0));
#475=B_SPLINE_CURVE_WITH_KNOTS('',1,(#473,#474),.UNSPECIFIED.,.F.,.F.,(2,2),(0.00000000000000000E0,1.00000000000000000E0),.UNSPECIFIED.);
#476=CARTESIAN_POINT('',(1.54844885131929821E0,-1.99399675565144285E1,0.00000000000000000E0));
#477=CARTESIAN_POINT('',(3.87112212829824553E-1,-4.98499188912860713E0,0.00000000000000000E0));
#478=B_SPLINE_CURVE_WITH_KNOTS('',1,(#476,#477),.UNSPECIFIED.,.F.,.F.,(2,2),(0.00000000000000000E0,1.00000000000000000E0),.UNSPECIFIED.);
#479=CARTESIAN_POINT('',(1.54844885131929821E0,-1.99399675565144285E1,6.00000000000000000E0));
#480=CARTESIAN_POINT('',(2.00000000000000036E1,-1.85071024778598989E1,6.00000000000000000E0));
#481=CARTESIAN_POINT('',(2.00000000000000000E1,0.00000000000000000E0,6.00000000000000000E0));
#482=(BOUNDED_CURVE()B_SPLINE_CURVE(2,(#479,#480,#481),.UNSPECIFIED.,.F.,.F.)B_SPLINE_CURVE_WITH_KNOTS((3,3),(0.00000000000000000E0,1.00000000000000000E0),.UNSPECIFIED.)CURVE()GEOMETRIC_REPRESENTATION_ITEM()RATIONAL_B_SPLINE_CURVE((1.00000000000000000E0,7.33969496152927503E-1,1.00000000000000000E0))REPRESENTATION_ITEM(''));
#483=CARTESIAN_POINT('',(5.00000000000000000E0,0.00000000000000000E0,6.00000000000000000E0));
#484=CARTESIAN_POINT('',(5.00000000000000089E0,-4.62677561946497473E0,6.00000000000000000E0));
#485=CARTESIAN_POINT('',(3.87112212829824553E-1,-4.98499188912860713E0,6.00000000000000000E0));
#486=(BOUNDED_CURVE()B_SPLINE_CURVE(2,(#483,#484,#485),.UNSPECIFIED.,.F.,.F.)B_SPLINE_CURVE_WITH_KNOTS((3,3),(0.00000000000000000E0,1.00000000000000000E0),.UNSPECIFIED.)CURVE()GEOMETRIC_REPRESENTATION_ITEM()RATIONAL_B_SPLINE_CURVE((1.00000000000000000E0,7.33969496152927503E-1,1.00000000000000000E0))REPRESENTATION_ITEM(''));
#487=CARTESIAN_POINT('',(1.54844885131929821E0,-1.99399675565144285E1,0.00000000000000000E0));
#488=CARTESIAN_POINT('',(2.00000000000000036E1,-1.85071024778598989E1,0.00000000000000000E0));
#489=CARTESIAN_POINT('',(2.00000000000000000E1,0.00000000000000000E0,0.00000000000000000E0));
#490=(BOUNDED_CURVE()B_SPLINE_CURVE(2,(#487,#488,#489),.UNSPECIFIED.,.F.,.F.)B_SPLINE_CURVE_WITH_KNOTS((3,3),(0.00000000000000000E0,1.00000000000000000E0),.UNSPECIFIED.)CURVE()GEOMETRIC_REPRESENTATION_ITEM()RATIONAL_B_SPLINE_CURVE((1.00000000000000000E0,7.33969496152927503E-1,1.00000000000000000E0))REPRESENTATION_ITEM(''));
#491=CARTESIAN_POINT('',(3.87112212829824553E-1,-4.98499188912860713E0,0.00000000000000000E0));
#492=CARTESIAN_POINT('',(5.00000000000000089E0,-4.62677561946497473E0,0.00000000000000000E0));
#493=CARTESIAN_POINT('',(5.00000000000000000E0,0.00000000000000000E0,0.00000000000000000E0));
#494=(BOUNDED_CURVE()B_SPLINE_CURVE(2,(#491,#492,#493),.UNSPECIFIED.,.F.,.F.)B_SPLINE_CURVE_WITH_KNOTS((3,3),(0.00000000000000000E0,1.00000000000000000E0),.UNSPECIFIED.)CURVE()GEOMETRIC_REPRESENTATION_ITEM()RATIONAL_B_SPLINE_CURVE((1.00000000000000000E0,7.33969496152927503E-1,1.00000000000000000E0))REPRESENTATION_ITEM(''));
#495=(GEOMETRIC_REPRESENTATION_CONTEXT(2)REPRESENTATION_CONTEXT('','2D'));
#496=CARTESIAN_POINT('',(1.00000000000000000E0,0.00000000000000000E0));
#497=CARTESIAN_POINT('',(1.00000000000000000E0,1.00000000000000000E0));
#498=B_SPLINE_CURVE_WITH_KNOTS('',1,(#496,#497),.UNSPECIFIED.,.F.,.F.,(2,2),(0.00000000000000000E0,1.00000000000000000E0),.UNSPECIFIED.);
#499=DEFINITIONAL_REPRESENTATION('',(#498),#495);
#500=PCURVE('',#79,#499);
#501=CARTESIAN_POINT('',(1.00000000000000000E0,1.00000000000000000E0));
#502=CARTESIAN_POINT('',(0.00000000000000000E0,1.00000000000000000E0));
#503=B_SPLINE_CURVE_WITH_KNOTS('',1,(#501,#502),.UNSPECIFIED.,.F.,.F.,(2,2),(0.00000000000000000E0,1.00000000000000000E0),.UNSPECIFIED.);
#504=DEFINITIONAL_REPRESENTATION('',(#503),#495);
#505=PCURVE('',#79,#504);
#506=CARTESIAN_POINT('',(0.00000000000000000E0,1.00000000000000000E0));
#507=CARTESIAN_POINT('',(0.00000000000000000E0,0.00000000000000000E0));
#508=B_SPLINE_CURVE_WITH_KNOTS('',1,(#506,#507),.UNSPECIFIED.,.F.,.F.,(2,2),(0.00000000000000000E0,1.00000000000000000E0),.UNSPECIFIED.);
#509=DEFINITIONAL_REPRESENTATION('',(#508),#495);
#510=PCURVE('',#79,#509);
#511=CARTESIAN_POINT('',(0.00000000000000000E0,0.00000000000000000E0));
#512=CARTESIAN_POINT('',(1.00000000000000000E0,0.00000000000000000E0));
#513=B_SPLINE_CURVE_WITH_KNOTS('',1,(#511,#512),.UNSPECIFIED.,.F.,.F.,(2,2),(0.00000000000000000E0,1.00000000000000000E0),.UNSPECIFIED.);
#514=DEFINITIONAL_REPRESENTATION('',(#513),#495);
#515=PCURVE('',#79,#514);
#516=CARTESIAN_POINT('',(1.00000000000000000E0,5.00000000000000000E-1));
#517=CARTESIAN_POINT('',(1.00000000000000000E0,5.07750387874508879E-1));
#518=CARTESIAN_POINT('',(9.90470626743544691E-1,5.15500194548973445E-1));
#519=CARTESIAN_POINT('',(9.77678778306195539E-1,5.22519219577560312E-1));
#520=CARTESIAN_POINT('',(9.67905540193380154E-1,5.29047591073040779E-1));
#521=CARTESIAN_POINT('',(9.67342989605806891E-1,5.36291769952795816E-1));
#522=(BOUNDED_CURVE()B_SPLINE_CURVE(5,(#516,#517,#518,#519,#520,#521),.UNSPECIFIED.,.F.,.F.)B_SPLINE_CURVE_WITH_KNOTS((6,6),(0.00000000000000000E0,1.00000000000000000E0),.UNSPECIFIED.)CURVE()GEOMETRIC_REPRESENTATION_ITEM()RATIONAL_B_SPLINE_CURVE((1.00000000000000000E0,9.99699725076284906E-1,9.99549587614427248E-1,9.99549587614427137E-1,9.99699725076284906E-1,1.00000000000000000E0))REPRESENTATION_ITEM(''));
#523=DEFINITIONAL_REPRESENTATION('',(#522),#495);
#524=PCURVE('',#84,#523);
#525=CARTESIAN_POINT('',(9.67342989605806891E-1,5.36291769952795816E-1));
#526=CARTESIAN_POINT('',(6.24624797228215178E-1,5.09677805320745581E-1));
#527=B_SPLINE_CURVE_WITH_KNOTS('',1,(#525,#526),.UNSPECIFIED.,.F.,.F.,(2,2),(0.00000000000000000E0,1.00000000000000000E0),.UNSPECIFIED.);
#528=DEFINITIONAL_REPRESENTATION('',(#527),#495);
#529=PCURVE('',#84,#528);
#530=CARTESIAN_POINT('',(6.24624797228215178E-1,5.09677805320745581E-1));
#531=CARTESIAN_POINT('',(6.24774810718234708E-1,5.07746024286144237E-1));
#532=CARTESIAN_POINT('',(6.24887388446826231E-1,5.05811481894915538E-1));
#533=CARTESIAN_POINT('',(6.24962462815608744E-1,5.03875048637243306E-1));
#534=CARTESIAN_POINT('',(6.25000000000000000E-1,5.01937596968627164E-1));
#535=CARTESIAN_POINT('',(6.25000000000000000E-1,5.00000000000000000E-1));
#536=(BOUNDED_CURVE()B_SPLINE_CURVE(5,(#530,#531,#532,#533,#534,#535),.UNSPECIFIED.,.F.,.F.)B_SPLINE_CURVE_WITH_KNOTS((6,6),(0.00000000000000000E0,1.00000000000000000E0),.UNSPECIFIED.)CURVE()GEOMETRIC_REPRESENTATION_ITEM()RATIONAL_B_SPLINE_CURVE((1.00000000000000000E0,9.99699725076284906E-1,9.99549587614427137E-1,9.99549587614427248E-1,9.99699725076284906E-1,1.00000000000000000E0))REPRESENTATION_ITEM(''));
#537=DEFINITIONAL_REPRESENTATION('',(#536),#495);
#538=PCURVE('',#84,#537);
#539=CARTESIAN_POINT('',(6.25000000000000000E-1,5.00000000000000000E-1));
#540=CARTESIAN_POINT('',(1.00000000000000000E0,5.00000000000000000E-1));
#541=B_SPLINE_CURVE_WITH_KNOTS('',1,(#539,#540),.UNSPECIFIED.,.F.,.F.,(2,2),(0.00000000000000000E0,1.00000000000000000E0),.UNSPECIFIED.);
#542=DEFINITIONAL_REPRESENTATION('',(#541),#495);
#543=PCURVE('',#84,#542);
#544=CARTESIAN_POINT('',(0.00000000000000000E0,0.00000000000000000E0));
#545=CARTESIAN_POINT('',(1.00000000000000000E0,0.00000000000000000E0));
#546=B_SPLINE_CURVE_WITH_KNOTS('',1,(#544,#545),.UNSPECIFIED.,.F.,.F.,(2,2),(0.00000000000000000E0,1.00000000000000000E0),.UNSPECIFIED.);
#547=DEFINITIONAL_REPRESENTATION('',(#546),#495);
#548=PCURVE('',#97,#547);
#549=CARTESIAN_POINT('',(1.00000000000000000E0,0.00000000000000000E0));
#550=CARTESIAN_POINT('',(1.00000000000000000E0,7.91666666666666630E-1));
#551=B_SPLINE_CURVE_WITH_KNOTS('',1,(#549,#550),.UNSPECIFIED.,.F.,.F.,(2,2),(0.00000000000000000E0,1.00000000000000000E0),.UNSPECIFIED.);
#552=DEFINITIONAL_REPRESENTATION('',(#551),#495);
#553=PCURVE('',#97,#552);
#554=CARTESIAN_POINT('',(1.00000000000000000E0,7.91666666666666630E-1));
#555=CARTESIAN_POINT('',(6.66666666666666630E-1,7.91666666666666630E-1));
#556=CARTESIAN_POINT('',(3.33333333333333315E-1,1.00000000000000000E0));
#557=CARTESIAN_POINT('',(0.00000000000000000E0,1.00000000000000000E0));
#558=B_SPLINE_CURVE_WITH_KNOTS('',3,(#554,#555,#556,#557),.UNSPECIFIED.,.F.,.F.,(4,4),(0.00000000000000000E0,1.00000000000000000E0),.UNSPECIFIED.);
#559=DEFINITIONAL_REPRESENTATION('',(#558),#495);
#560=PCURVE('',#97,#559);
#561=CARTESIAN_POINT('',(0.00000000000000000E0,1.00000000000000000E0));
#562=CARTESIAN_POINT('',(0.00000000000000000E0,0.00000000000000000E0));
#563=B_SPLINE_CURVE_WITH_KNOTS('',1,(#561,#562),.UNSPECIFIED.,.F.,.F.,(2,2),(0.00000000000000000E0,1.00000000000000000E0),.UNSPECIFIED.);
#564=DEFINITIONAL_REPRESENTATION('',(#563),#495);
#565=PCURVE('',#97,#564);
#566=CARTESIAN_POINT('',(1.00000000000000000E0,0.00000000000000000E0));
#567=CARTESIAN_POINT('',(1.00000000000000000E0,1.00000000000000000E0));
#568=B_SPLINE_CURVE_WITH_KNOTS('',1,(#566,#567),.UNSPECIFIED.,.F.,.F.,(2,2),(0.00000000000000000E0,1.00000000000000000E0),.UNSPECIFIED.);
#569=DEFINITIONAL_REPRESENTATION('',(#568),#495);
#570=PCURVE('',#110,#569);
#571=CARTESIAN_POINT('',(1.00000000000000000E0,1.00000000000000000E0));
#572=CARTESIAN_POINT('',(6.66666666666666741E-1,1.00000000000000000E0));
#573=CARTESIAN_POINT('',(3.33333333333333370E-1,1.00000000000000000E0));
#574=CARTESIAN_POINT('',(0.00000000000000000E0,1.00000000000000000E0));
#575=B_SPLINE_CURVE_WITH_KNOTS('',3,(#571,#572,#573,#574),.UNSPECIFIED.,.F.,.F.,(4,4),(0.00000000000000000E0,1.00000000000000000E0),.UNSPECIFIED.);
#576=DEFINITIONAL_REPRESENTATION('',(#575),#495);
#577=PCURVE('',#110,#576);
#578=CARTESIAN_POINT('',(0.00000000000000000E0,1.00000000000000000E0));
#579=CARTESIAN_POINT('',(0.00000000000000000E0,0.00000000000000000E0));
#580=B_SPLINE_CURVE_WITH_KNOTS('',1,(#578,#579),.UNSPECIFIED.,.F.,.F.,(2,2),(0.00000000000000000E0,1.00000000000000000E0),.UNSPECIFIED.);
#581=DEFINITIONAL_REPRESENTATION('',(#580),#495);
#582=PCURVE('',#110,#581);
#583=CARTESIAN_POINT('',(0.00000000000000000E0,0.00000000000000000E0));
#584=CARTESIAN_POINT('',(1.00000000000000000E0,0.00000000000000000E0));
#585=B_SPLINE_CURVE_WITH_KNOTS('',1,(#583,#584),.UNSPECIFIED.,.F.,.F.,(2,2),(0.00000000000000000E0,1.00000000000000000E0),.UNSPECIFIED.);
#586=DEFINITIONAL_REPRESENTATION('',(#585),#495);
#587=PCURVE('',#110,#586);
#588=CARTESIAN_POINT('',(0.00000000000000000E0,5.00000000000000000E-1));
#589=CARTESIAN_POINT('',(3.75000000000000000E-1,5.00000000000000000E-1));
#590=B_SPLINE_CURVE_WITH_KNOTS('',1,(#588,#589),.UNSPECIFIED.,.F.,.F.,(2,2),(0.00000000000000000E0,1.00000000000000000E0),.UNSPECIFIED.);
#591=DEFINITIONAL_REPRESENTATION('',(#590),#495);
#592=PCURVE('',#115,#591);
#593=CARTESIAN_POINT('',(3.75000000000000000E-1,5.00000000000000000E-1));
#594=CARTESIAN_POINT('',(3.75000000000000000E-1,5.01937596968627164E-1));
#595=CARTESIAN_POINT('',(3.75037537184391256E-1,5.03875048637243306E-1));
#596=CARTESIAN_POINT('',(3.75112611553173769E-1,5.05811481894915538E-1));
#597=CARTESIAN_POINT('',(3.75225189281765292E-1,5.07746024286144237E-1));
#598=CARTESIAN_POINT('',(3.75375202771784822E-1,5.09677805320745581E-1));
#599=(BOUNDED_CURVE()B_SPLINE_CURVE(5,(#593,#594,#595,#596,#597,#598),.UNSPECIFIED.,.F.,.F.)B_SPLINE_CURVE_WITH_KNOTS((6,6),(0.00000000000000000E0,1.00000000000000000E0),.UNSPECIFIED.)CURVE()GEOMETRIC_REPRESENTATION_ITEM()RATIONAL_B_SPLINE_CURVE((1.00000000000000000E0,9.99699725076284906E-1,9.99549587614427248E-1,9.99549587614427137E-1,9.99699725076284906E-1,1.00000000000000000E0))REPRESENTATION_ITEM(''));
#600=DEFINITIONAL_REPRESENTATION('',(#599),#495);
#601=PCURVE('',#115,#600);
#602=CARTESIAN_POINT('',(3.75375202771784822E-1,5.09677805320745581E-1));
#603=CARTESIAN_POINT('',(1.50081108713917555E-3,5.38711221282982211E-1));
#604=B_SPLINE_CURVE_WITH_KNOTS('',1,(#602,#603),.UNSPECIFIED.,.F.,.F.,(2,2),(0.00000000000000000E0,1.00000000000000000E0),.UNSPECIFIED.);
#605=DEFINITIONAL_REPRESENTATION('',(#604),#495);
#606=PCURVE('',#115,#605);
#607=CARTESIAN_POINT('',(1.50081108713917555E-3,5.38711221282982211E-1));
#608=CARTESIAN_POINT('',(9.00757127061169172E-4,5.30984097144576839E-1));
#609=CARTESIAN_POINT('',(4.50446212695077008E-4,5.23245927579662262E-1));
#610=CARTESIAN_POINT('',(1.50148737565025669E-4,5.15500194548973445E-1));
#611=CARTESIAN_POINT('',(0.00000000000000000E0,5.07750387874508879E-1));
#612=CARTESIAN_POINT('',(0.00000000000000000E0,5.00000000000000000E-1));
#613=(BOUNDED_CURVE()B_SPLINE_CURVE(5,(#607,#608,#609,#610,#611,#612),.UNSPECIFIED.,.F.,.F.)B_SPLINE_CURVE_WITH_KNOTS((6,6),(0.00000000000000000E0,1.00000000000000000E0),.UNSPECIFIED.)CURVE()GEOMETRIC_REPRESENTATION_ITEM()RATIONAL_B_SPLINE_CURVE((1.00000000000000000E0,9.99699725076284906E-1,9.99549587614427137E-1,9.99549587614427248E-1,9.99699725076284906E-1,1.00000000000000000E0))REPRESENTATION_ITEM(''));
#614=DEFINITIONAL_REPRESENTATION('',(#613),#495);
#615=PCURVE('',#115,#614);
#616=CARTESIAN_POINT('',(1.00000000000000000E0,0.00000000000000000E0));
#617=CARTESIAN_POINT('',(1.00000000000000000E0,1.00000000000000000E0));
#618=B_SPLINE_CURVE_WITH_KNOTS('',1,(#616,#617),.UNSPECIFIED.,.F.,.F.,(2,2),(0.00000000000000000E0,1.00000000000000000E0),.UNSPECIFIED.);
#619=DEFINITIONAL_REPRESENTATION('',(#618),#495);
#620=PCURVE('',#125,#619);
#621=CARTESIAN_POINT('',(1.00000000000000000E0,1.00000000000000000E0));
#622=CARTESIAN_POINT('',(0.00000000000000000E0,1.00000000000000000E0));
#623=B_SPLINE_CURVE_WITH_KNOTS('',1,(#621,#622),.UNSPECIFIED.,.F.,.F.,(2,2),(0.00000000000000000E0,1.00000000000000000E0),.UNSPECIFIED.);
#624=DEFINITIONAL_REPRESENTATION('',(#623),#495);
#625=PCURVE('',#125,#624);
#626=CARTESIAN_POINT('',(0.00000000000000000E0,1.00000000000000000E0));
#627=CARTESIAN_POINT('',(0.00000000000000000E0,0.00000000000000000E0));
#628=B_SPLINE_CURVE_WITH_KNOTS('',1,(#626,#627),.UNSPECIFIED.,.F.,.F.,(2,2),(0.00000000000000000E0,1.00000000000000000E0),.UNSPECIFIED.);
#629=DEFINITIONAL_REPRESENTATION('',(#628),#495);
#630=PCURVE('',#125,#629);
#631=CARTESIAN_POINT('',(0.00000000000000000E0,0.00000000000000000E0));
#632=CARTESIAN_POINT('',(1.00000000000000000E0,0.00000000000000000E0));
#633=B_SPLINE_CURVE_WITH_KNOTS('',1,(#631,#632),.UNSPECIFIED.,.F.,.F.,(2,2),(0.00000000000000000E0,1.00000000000000000E0),.UNSPECIFIED.);
#634=DEFINITIONAL_REPRESENTATION('',(#633),#495);
#635=PCURVE('',#125,#634);
#636=CARTESIAN_POINT('',(9.67342989605806891E-1,5.36291769952795816E-1));
#637=CARTESIAN_POINT('',(9.64524732788864858E-1,5.72583539905591743E-1));
#638=CARTESIAN_POINT('',(9.56137535508278957E-1,6.08005144323932711E-1));
#639=(BOUNDED_CURVE()B_SPLINE_CURVE(2,(#636,#637,#638),.UNSPECIFIED.,.F.,.F.)B_SPLINE_CURVE_WITH_KNOTS((3,3),(0.00000000000000000E0,1.00000000000000000E0),.UNSPECIFIED.)CURVE()GEOMETRIC_REPRESENTATION_ITEM()RATIONAL_B_SPLINE_CURVE((1.00000000000000000E0,9.96998377825721427E-1,1.00000000000000000E0))REPRESENTATION_ITEM(''));
#640=DEFINITIONAL_REPRESENTATION('',(#639),#495);
#641=PCURVE('',#84,#640);
#642=CARTESIAN_POINT('',(9.56137535508278957E-1,6.08005144323932711E-1));
#643=CARTESIAN_POINT('',(6.21636676135541077E-1,5.28801371819715316E-1));
#644=B_SPLINE_CURVE_WITH_KNOTS('',1,(#642,#643),.UNSPECIFIED.,.F.,.F.,(2,2),(0.00000000000000000E0,1.00000000000000000E0),.UNSPECIFIED.);
#645=DEFINITIONAL_REPRESENTATION('',(#644),#495);
#646=PCURVE('',#84,#645);
#647=CARTESIAN_POINT('',(6.21636676135541077E-1,5.28801371819715316E-1));
#648=CARTESIAN_POINT('',(6.23873262077030644E-1,5.19355610641491161E-1));
#649=CARTESIAN_POINT('',(6.24624797228215178E-1,5.09677805320745581E-1));
#650=(BOUNDED_CURVE()B_SPLINE_CURVE(2,(#647,#648,#649),.UNSPECIFIED.,.F.,.F.)B_SPLINE_CURVE_WITH_KNOTS((3,3),(0.00000000000000000E0,1.00000000000000000E0),.UNSPECIFIED.)CURVE()GEOMETRIC_REPRESENTATION_ITEM()RATIONAL_B_SPLINE_CURVE((1.00000000000000000E0,9.96998377825721427E-1,1.00000000000000000E0))REPRESENTATION_ITEM(''));
#651=DEFINITIONAL_REPRESENTATION('',(#650),#495);
#652=PCURVE('',#84,#651);
#653=CARTESIAN_POINT('',(6.24624797228215178E-1,5.09677805320745581E-1));
#654=CARTESIAN_POINT('',(9.67342989605806891E-1,5.36291769952795816E-1));
#655=B_SPLINE_CURVE_WITH_KNOTS('',1,(#653,#654),.UNSPECIFIED.,.F.,.F.,(2,2),(0.00000000000000000E0,1.00000000000000000E0),.UNSPECIFIED.);
#656=DEFINITIONAL_REPRESENTATION('',(#655),#495);
#657=PCURVE('',#84,#656);
#658=CARTESIAN_POINT('',(0.00000000000000000E0,0.00000000000000000E0));
#659=CARTESIAN_POINT('',(1.00000000000000000E0,0.00000000000000000E0));
#660=B_SPLINE_CURVE_WITH_KNOTS('',1,(#658,#659),.UNSPECIFIED.,.F.,.F.,(2,2),(0.00000000000000000E0,1.00000000000000000E0),.UNSPECIFIED.);
#661=DEFINITIONAL_REPRESENTATION('',(#660),#495);
#662=PCURVE('',#132,#661);
#663=CARTESIAN_POINT('',(1.00000000000000000E0,0.00000000000000000E0));
#664=CARTESIAN_POINT('',(1.00000000000000000E0,7.91666666666666630E-1));
#665=B_SPLINE_CURVE_WITH_KNOTS('',1,(#663,#664),.UNSPECIFIED.,.F.,.F.,(2,2),(0.00000000000000000E0,1.00000000000000000E0),.UNSPECIFIED.);
#666=DEFINITIONAL_REPRESENTATION('',(#665),#495);
#667=PCURVE('',#132,#666);
#668=CARTESIAN_POINT('',(1.00000000000000000E0,7.91666666666666630E-1));
#669=CARTESIAN_POINT('',(6.66666666666666630E-1,7.91666666666666630E-1));
#670=CARTESIAN_POINT('',(3.33333333333333315E-1,7.91666666666666630E-1));
#671=CARTESIAN_POINT('',(0.00000000000000000E0,7.91666666666666630E-1));
#672=B_SPLINE_CURVE_WITH_KNOTS('',3,(#668,#669,#670,#671),.UNSPECIFIED.,.F.,.F.,(4,4),(0.00000000000000000E0,1.00000000000000000E0),.UNSPECIFIED.);
#673=DEFINITIONAL_REPRESENTATION('',(#672),#495);
#674=PCURVE('',#132,#673);
#675=CARTESIAN_POINT('',(0.00000000000000000E0,7.91666666666666630E-1));
#676=CARTESIAN_POINT('',(0.00000000000000000E0,0.00000000000000000E0));
#677=B_SPLINE_CURVE_WITH_KNOTS('',1,(#675,#676),.UNSPECIFIED.,.F.,.F.,(2,2),(0.00000000000000000E0,1.00000000000000000E0),.UNSPECIFIED.);
#678=DEFINITIONAL_REPRESENTATION('',(#677),#495);
#679=PCURVE('',#132,#678);
#680=CARTESIAN_POINT('',(1.00000000000000000E0,0.00000000000000000E0));
#681=CARTESIAN_POINT('',(1.00000000000000000E0,1.00000000000000000E0));
#682=B_SPLINE_CURVE_WITH_KNOTS('',1,(#680,#681),.UNSPECIFIED.,.F.,.F.,(2,2),(0.00000000000000000E0,1.00000000000000000E0),.UNSPECIFIED.);
#683=DEFINITIONAL_REPRESENTATION('',(#682),#495);
#684=PCURVE('',#139,#683);
#685=CARTESIAN_POINT('',(1.00000000000000000E0,1.00000000000000000E0));
#686=CARTESIAN_POINT('',(6.66666666666666741E-1,1.00000000000000000E0));
#687=CARTESIAN_POINT('',(3.33333333333333370E-1,1.00000000000000000E0));
#688=CARTESIAN_POINT('',(0.00000000000000000E0,1.00000000000000000E0));
#689=B_SPLINE_CURVE_WITH_KNOTS('',3,(#685,#686,#687,#688),.UNSPECIFIED.,.F.,.F.,(4,4),(0.00000000000000000E0,1.00000000000000000E0),.UNSPECIFIED.);
#690=DEFINITIONAL_REPRESENTATION('',(#689),#495);
#691=PCURVE('',#139,#690);
#692=CARTESIAN_POINT('',(0.00000000000000000E0,1.00000000000000000E0));
#693=CARTESIAN_POINT('',(0.00000000000000000E0,0.00000000000000000E0));
#694=B_SPLINE_CURVE_WITH_KNOTS('',1,(#692,#693),.UNSPECIFIED.,.F.,.F.,(2,2),(0.00000000000000000E0,1.00000000000000000E0),.UNSPECIFIED.);
#695=DEFINITIONAL_REPRESENTATION('',(#694),#495);
#696=PCURVE('',#139,#695);
#697=CARTESIAN_POINT('',(0.00000000000000000E0,0.00000000000000000E0));
#698=CARTESIAN_POINT('',(1.00000000000000000E0,0.00000000000000000E0));
#699=B_SPLINE_CURVE_WITH_KNOTS('',1,(#697,#698),.UNSPECIFIED.,.F.,.F.,(2,2),(0.00000000000000000E0,1.00000000000000000E0),.UNSPECIFIED.);
#700=DEFINITIONAL_REPRESENTATION('',(#699),#495);
#701=PCURVE('',#139,#700);
#702=CARTESIAN_POINT('',(1.50081108713917555E-3,5.38711221282982211E-1));
#703=CARTESIAN_POINT('',(3.75375202771784822E-1,5.09677805320745581E-1));
#704=B_SPLINE_CURVE_WITH_KNOTS('',1,(#702,#703),.UNSPECIFIED.,.F.,.F.,(2,2),(0.00000000000000000E0,1.00000000000000000E0),.UNSPECIFIED.);
#705=DEFINITIONAL_REPRESENTATION('',(#704),#495);
#706=PCURVE('',#115,#705);
#707=CARTESIAN_POINT('',(3.75375202771784822E-1,5.09677805320745581E-1));
#708=CARTESIAN_POINT('',(3.76126737922969356E-1,5.19355610641491161E-1));
#709=CARTESIAN_POINT('',(3.78363323864458923E-1,5.28801371819715316E-1));
#710=(BOUNDED_CURVE()B_SPLINE_CURVE(2,(#707,#708,#709),.UNSPECIFIED.,.F.,.F.)B_SPLINE_CURVE_WITH_KNOTS((3,3),(0.00000000000000000E0,1.00000000000000000E0),.UNSPECIFIED.)CURVE()GEOMETRIC_REPRESENTATION_ITEM()RATIONAL_B_SPLINE_CURVE((1.00000000000000000E0,9.96998377825721427E-1,1.00000000000000000E0))REPRESENTATION_ITEM(''));
#711=DEFINITIONAL_REPRESENTATION('',(#710),#495);
#712=PCURVE('',#115,#711);
#713=CARTESIAN_POINT('',(3.78363323864458923E-1,5.28801371819715316E-1));
#714=CARTESIAN_POINT('',(1.34532954578358011E-2,6.15205487278861485E-1));
#715=B_SPLINE_CURVE_WITH_KNOTS('',1,(#713,#714),.UNSPECIFIED.,.F.,.F.,(2,2),(0.00000000000000000E0,1.00000000000000000E0),.UNSPECIFIED.);
#716=DEFINITIONAL_REPRESENTATION('',(#715),#495);
#717=PCURVE('',#115,#716);
#718=CARTESIAN_POINT('',(1.34532954578358011E-2,6.15205487278861485E-1));
#719=CARTESIAN_POINT('',(4.50695169187764755E-3,5.77422442565964422E-1));
#720=CARTESIAN_POINT('',(1.50081108713917555E-3,5.38711221282982211E-1));
#721=(BOUNDED_CURVE()B_SPLINE_CURVE(2,(#718,#719,#720),.UNSPECIFIED.,.F.,.F.)B_SPLINE_CURVE_WITH_KNOTS((3,3),(0.00000000000000000E0,1.00000000000000000E0),.UNSPECIFIED.)CURVE()GEOMETRIC_REPRESENTATION_ITEM()RATIONAL_B_SPLINE_CURVE((1.00000000000000000E0,9.96998377825721427E-1,1.00000000000000000E0))REPRESENTATION_ITEM(''));
#722=DEFINITIONAL_REPRESENTATION('',(#721),#495);
#723=PCURVE('',#115,#722);
#724=CARTESIAN_POINT('',(1.00000000000000000E0,0.00000000000000000E0));
#725=CARTESIAN_POINT('',(1.00000000000000000E0,1.00000000000000000E0));
#726=B_SPLINE_CURVE_WITH_KNOTS('',1,(#724,#725),.UNSPECIFIED.,.F.,.F.,(2,2),(0.00000000000000000E0,1.00000000000000000E0),.UNSPECIFIED.);
#727=DEFINITIONAL_REPRESENTATION('',(#726),#495);
#728=PCURVE('',#158,#727);
#729=CARTESIAN_POINT('',(1.00000000000000000E0,1.00000000000000000E0));
#730=CARTESIAN_POINT('',(0.00000000000000000E0,1.00000000000000000E0));
#731=B_SPLINE_CURVE_WITH_KNOTS('',1,(#729,#730),.UNSPECIFIED.,.F.,.F.,(2,2),(0.00000000000000000E0,1.00000000000000000E0),.UNSPECIFIED.);
#732=DEFINITIONAL_REPRESENTATION('',(#731),#495);
#733=PCURVE('',#158,#732);
#734=CARTESIAN_POINT('',(0.00000000000000000E0,1.00000000000000000E0));
#735=CARTESIAN_POINT('',(0.00000000000000000E0,0.00000000000000000E0));
#736=B_SPLINE_CURVE_WITH_KNOTS('',1,(#734,#735),.UNSPECIFIED.,.F.,.F.,(2,2),(0.00000000000000000E0,1.00000000000000000E0),.UNSPECIFIED.);
#737=DEFINITIONAL_REPRESENTATION('',(#736),#495);
#738=PCURVE('',#158,#737);
#739=CARTESIAN_POINT('',(0.00000000000000000E0,0.00000000000000000E0));
#740=CARTESIAN_POINT('',(1.00000000000000000E0,0.00000000000000000E0));
#741=B_SPLINE_CURVE_WITH_KNOTS('',1,(#739,#740),.UNSPECIFIED.,.F.,.F.,(2,2),(0.00000000000000000E0,1.00000000000000000E0),.UNSPECIFIED.);
#742=DEFINITIONAL_REPRESENTATION('',(#741),#495);
#743=PCURVE('',#158,#742);
#744=CARTESIAN_POINT('',(9.56137535508278957E-1,6.08005144323932711E-1));
#745=CARTESIAN_POINT('',(9.54463371986373432E-1,6.15075629972556048E-1));
#746=CARTESIAN_POINT('',(9.61779218621086285E-1,6.24274227996719611E-1));
#747=CARTESIAN_POINT('',(9.71820111104480966E-1,6.34860945001199939E-1));
#748=CARTESIAN_POINT('',(9.78531107699762037E-1,6.45148363669191816E-1));
#749=CARTESIAN_POINT('',(9.76166784942856580E-1,6.52529318221721777E-1));
#750=(BOUNDED_CURVE()B_SPLINE_CURVE(5,(#744,#745,#746,#747,#748,#749),.UNSPECIFIED.,.F.,.F.)B_SPLINE_CURVE_WITH_KNOTS((6,6),(0.00000000000000000E0,1.00000000000000000E0),.UNSPECIFIED.)CURVE()GEOMETRIC_REPRESENTATION_ITEM()RATIONAL_B_SPLINE_CURVE((1.00000000000000000E0,9.99699725076284906E-1,9.99549587614427248E-1,9.99549587614427137E-1,9.99699725076284906E-1,1.00000000000000000E0))REPRESENTATION_ITEM(''));
#751=DEFINITIONAL_REPRESENTATION('',(#750),#495);
#752=PCURVE('',#84,#751);
#753=CARTESIAN_POINT('',(9.76166784942856580E-1,6.52529318221721777E-1));
#754=CARTESIAN_POINT('',(6.19041696235714145E-1,5.38132329555430444E-1));
#755=B_SPLINE_CURVE_WITH_KNOTS('',1,(#753,#754),.UNSPECIFIED.,.F.,.F.,(2,2),(0.00000000000000000E0,1.00000000000000000E0),.UNSPECIFIED.);
#756=DEFINITIONAL_REPRESENTATION('',(#755),#495);
#757=PCURVE('',#84,#756);
#758=CARTESIAN_POINT('',(6.19041696235714145E-1,5.38132329555430444E-1));
#759=CARTESIAN_POINT('',(6.19632776924940565E-1,5.36287090917297982E-1));
#760=CARTESIAN_POINT('',(6.20188065368328934E-1,5.34430539610957434E-1));
#761=CARTESIAN_POINT('',(6.20707295215848553E-1,5.32563507129260372E-1));
#762=CARTESIAN_POINT('',(6.21190232529699626E-1,5.30686834659348294E-1));
#763=CARTESIAN_POINT('',(6.21636676135541077E-1,5.28801371819715316E-1));
#764=(BOUNDED_CURVE()B_SPLINE_CURVE(5,(#758,#759,#760,#761,#762,#763),.UNSPECIFIED.,.F.,.F.)B_SPLINE_CURVE_WITH_KNOTS((6,6),(0.00000000000000000E0,1.00000000000000000E0),.UNSPECIFIED.)CURVE()GEOMETRIC_REPRESENTATION_ITEM()RATIONAL_B_SPLINE_CURVE((1.00000000000000000E0,9.99699725076284906E-1,9.99549587614427137E-1,9.99549587614427248E-1,9.99699725076284906E-1,1.00000000000000000E0))REPRESENTATION_ITEM(''));
#765=DEFINITIONAL_REPRESENTATION('',(#764),#495);
#766=PCURVE('',#84,#765);
#767=CARTESIAN_POINT('',(6.21636676135541077E-1,5.28801371819715316E-1));
#768=CARTESIAN_POINT('',(9.56137535508278957E-1,6.08005144323932711E-1));
#769=B_SPLINE_CURVE_WITH_KNOTS('',1,(#767,#768),.UNSPECIFIED.,.F.,.F.,(2,2),(0.00000000000000000E0,1.00000000000000000E0),.UNSPECIFIED.);
#770=DEFINITIONAL_REPRESENTATION('',(#769),#495);
#771=PCURVE('',#84,#770);
#772=CARTESIAN_POINT('',(0.00000000000000000E0,0.00000000000000000E0));
#773=CARTESIAN_POINT('',(1.00000000000000000E0,0.00000000000000000E0));
#774=B_SPLINE_CURVE_WITH_KNOTS('',1,(#772,#773),.UNSPECIFIED.,.F.,.F.,(2,2),(0.00000000000000000E0,1.00000000000000000E0),.UNSPECIFIED.);
#775=DEFINITIONAL_REPRESENTATION('',(#774),#495);
#776=PCURVE('',#171,#775);
#777=CARTESIAN_POINT('',(1.00000000000000000E0,0.00000000000000000E0));
#778=CARTESIAN_POINT('',(1.00000000000000000E0,1.00000000000000000E0));
#779=B_SPLINE_CURVE_WITH_KNOTS('',1,(#777,#778),.UNSPECIFIED.,.F.,.F.,(2,2),(0.00000000000000000E0,1.00000000000000000E0),.UNSPECIFIED.);
#780=DEFINITIONAL_REPRESENTATION('',(#779),#495);
#781=PCURVE('',#171,#780);
#782=CARTESIAN_POINT('',(1.00000000000000000E0,1.00000000000000000E0));
#783=CARTESIAN_POINT('',(6.66666666666666630E-1,1.00000000000000000E0));
#784=CARTESIAN_POINT('',(3.33333333333333315E-1,7.91666666666666630E-1));
#785=CARTESIAN_POINT('',(0.00000000000000000E0,7.91666666666666630E-1));
#786=B_SPLINE_CURVE_WITH_KNOTS('',3,(#782,#783,#784,#785),.UNSPECIFIED.,.F.,.F.,(4,4),(0.00000000000000000E0,1.00000000000000000E0),.UNSPECIFIED.);
#787=DEFINITIONAL_REPRESENTATION('',(#786),#495);
#788=PCURVE('',#171,#787);
#789=CARTESIAN_POINT('',(0.00000000000000000E0,7.91666666666666630E-1));
#790=CARTESIAN_POINT('',(0.00000000000000000E0,0.00000000000000000E0));
#791=B_SPLINE_CURVE_WITH_KNOTS('',1,(#789,#790),.UNSPECIFIED.,.F.,.F.,(2,2),(0.00000000000000000E0,1.00000000000000000E0),.UNSPECIFIED.);
#792=DEFINITIONAL_REPRESENTATION('',(#791),#495);
#793=PCURVE('',#171,#792);
#794=CARTESIAN_POINT('',(1.00000000000000000E0,0.00000000000000000E0));
#795=CARTESIAN_POINT('',(1.00000000000000000E0,1.00000000000000000E0));
#796=B_SPLINE_CURVE_WITH_KNOTS('',1,(#794,#795),.UNSPECIFIED.,.F.,.F.,(2,2),(0.00000000000000000E0,1.00000000000000000E0),.UNSPECIFIED.);
#797=DEFINITIONAL_REPRESENTATION('',(#796),#495);
#798=PCURVE('',#184,#797);
#799=CARTESIAN_POINT('',(1.00000000000000000E0,1.00000000000000000E0));
#800=CARTESIAN_POINT('',(6.66666666666666741E-1,1.00000000000000000E0));
#801=CARTESIAN_POINT('',(3.33333333333333370E-1,1.00000000000000000E0));
#802=CARTESIAN_POINT('',(0.00000000000000000E0,1.00000000000000000E0));
#803=B_SPLINE_CURVE_WITH_KNOTS('',3,(#799,#800,#801,#802),.UNSPECIFIED.,.F.,.F.,(4,4),(0.00000000000000000E0,1.00000000000000000E0),.UNSPECIFIED.);
#804=DEFINITIONAL_REPRESENTATION('',(#803),#495);
#805=PCURVE('',#184,#804);
#806=CARTESIAN_POINT('',(0.00000000000000000E0,1.00000000000000000E0));
#807=CARTESIAN_POINT('',(0.00000000000000000E0,0.00000000000000000E0));
#808=B_SPLINE_CURVE_WITH_KNOTS('',1,(#806,#807),.UNSPECIFIED.,.F.,.F.,(2,2),(0.00000000000000000E0,1.00000000000000000E0),.UNSPECIFIED.);
#809=DEFINITIONAL_REPRESENTATION('',(#808),#495);
#810=PCURVE('',#184,#809);
#811=CARTESIAN_POINT('',(0.00000000000000000E0,0.00000000000000000E0));
#812=CARTESIAN_POINT('',(1.00000000000000000E0,0.00000000000000000E0));
#813=B_SPLINE_CURVE_WITH_KNOTS('',1,(#811,#812),.UNSPECIFIED.,.F.,.F.,(2,2),(0.00000000000000000E0,1.00000000000000000E0),.UNSPECIFIED.);
#814=DEFINITIONAL_REPRESENTATION('',(#813),#495);
#815=PCURVE('',#184,#814);
#816=CARTESIAN_POINT('',(1.34532954578358011E-2,6.15205487278861485E-1));
#817=CARTESIAN_POINT('',(3.78363323864458923E-1,5.28801371819715316E-1));
#818=B_SPLINE_CURVE_WITH_KNOTS('',1,(#816,#817),.UNSPECIFIED.,.F.,.F.,(2,2),(0.00000000000000000E0,1.00000000000000000E0),.UNSPECIFIED.);
#819=DEFINITIONAL_REPRESENTATION('',(#818),#495);
#820=PCURVE('',#115,#819);
#821=CARTESIAN_POINT('',(3.78363323864458923E-1,5.28801371819715316E-1));
#822=CARTESIAN_POINT('',(3.78809767470300374E-1,5.30686834659348294E-1));
#823=CARTESIAN_POINT('',(3.79292704784151447E-1,5.32563507129260372E-1));
#824=CARTESIAN_POINT('',(3.79811934631671066E-1,5.34430539610957434E-1));
#825=CARTESIAN_POINT('',(3.80367223075059435E-1,5.36287090917297982E-1));
#826=CARTESIAN_POINT('',(3.80958303764285855E-1,5.38132329555430444E-1));
#827=(BOUNDED_CURVE()B_SPLINE_CURVE(5,(#821,#822,#823,#824,#825,#826),.UNSPECIFIED.,.F.,.F.)B_SPLINE_CURVE_WITH_KNOTS((6,6),(0.00000000000000000E0,1.00000000000000000E0),.UNSPECIFIED.)CURVE()GEOMETRIC_REPRESENTATION_ITEM()RATIONAL_B_SPLINE_CURVE((1.00000000000000000E0,9.99699725076284906E-1,9.99549587614427248E-1,9.99549587614427137E-1,9.99699725076284906E-1,1.00000000000000000E0))REPRESENTATION_ITEM(''));
#828=DEFINITIONAL_REPRESENTATION('',(#827),#495);
#829=PCURVE('',#115,#828);
#830=CARTESIAN_POINT('',(3.80958303764285855E-1,5.38132329555430444E-1));
#831=CARTESIAN_POINT('',(2.38332150571434198E-2,6.52529318221721777E-1));
#832=B_SPLINE_CURVE_WITH_KNOTS('',1,(#830,#831),.UNSPECIFIED.,.F.,.F.,(2,2),(0.00000000000000000E0,1.00000000000000000E0),.UNSPECIFIED.);
#833=DEFINITIONAL_REPRESENTATION('',(#832),#495);
#834=PCURVE('',#115,#833);
#835=CARTESIAN_POINT('',(2.38332150571434198E-2,6.52529318221721777E-1));
#836=CARTESIAN_POINT('',(2.14688923002379628E-2,6.45148363669191816E-1));
#837=CARTESIAN_POINT('',(1.92477385266844880E-2,6.37722158443829512E-1));
#838=CARTESIAN_POINT('',(1.71708191366060081E-2,6.30254028517041376E-1));
#839=CARTESIAN_POINT('',(1.52390698812017167E-2,6.22747338637393177E-1));
#840=CARTESIAN_POINT('',(1.34532954578358011E-2,6.15205487278861485E-1));
#841=(BOUNDED_CURVE()B_SPLINE_CURVE(5,(#835,#836,#837,#838,#839,#840),.UNSPECIFIED.,.F.,.F.)B_SPLINE_CURVE_WITH_KNOTS((6,6),(0.00000000000000000E0,1.00000000000000000E0),.UNSPECIFIED.)CURVE()GEOMETRIC_REPRESENTATION_ITEM()RATIONAL_B_SPLINE_CURVE((1.00000000000000000E0,9.99699725076284906E-1,9.99549587614427137E-1,9.99549587614427248E-1,9.99699725076284906E-1,1.00000000000000000E0))REPRESENTATION_ITEM(''));
#842=DEFINITIONAL_REPRESENTATION('',(#841),#495);
#843=PCURVE('',#115,#842);
#844=CARTESIAN_POINT('',(9.76166784942856580E-1,6.52529318221721777E-1));
#845=CARTESIAN_POINT('',(8.35022998782481318E-1,1.09315269249624802E0));
#846=CARTESIAN_POINT('',(3.84794512721138404E-1,9.86546704542164199E-1));
#847=(BOUNDED_CURVE()B_SPLINE_CURVE(2,(#844,#845,#846),.UNSPECIFIED.,.F.,.F.)B_SPLINE_CURVE_WITH_KNOTS((3,3),(0.00000000000000000E0,1.00000000000000000E0),.UNSPECIFIED.)CURVE()GEOMETRIC_REPRESENTATION_ITEM()RATIONAL_B_SPLINE_CURVE((1.00000000000000000E0,7.33969496152927503E-1,1.00000000000000000E0))REPRESENTATION_ITEM(''));
#848=DEFINITIONAL_REPRESENTATION('',(#847),#495);
#849=PCURVE('',#84,#848);
#850=CARTESIAN_POINT('',(3.84794512721138404E-1,9.86546704542164199E-1));
#851=CARTESIAN_POINT('',(4.71198628180284629E-1,6.21636676135541077E-1));
#852=B_SPLINE_CURVE_WITH_KNOTS('',1,(#850,#851),.UNSPECIFIED.,.F.,.F.,(2,2),(0.00000000000000000E0,1.00000000000000000E0),.UNSPECIFIED.);
#853=DEFINITIONAL_REPRESENTATION('',(#852),#495);
#854=PCURVE('',#84,#853);
#855=CARTESIAN_POINT('',(4.71198628180284629E-1,6.21636676135541077E-1));
#856=CARTESIAN_POINT('',(5.83755749695620385E-1,6.48288173124061951E-1));
#857=CARTESIAN_POINT('',(6.19041696235714145E-1,5.38132329555430444E-1));
#858=(BOUNDED_CURVE()B_SPLINE_CURVE(2,(#855,#856,#857),.UNSPECIFIED.,.F.,.F.)B_SPLINE_CURVE_WITH_KNOTS((3,3),(0.00000000000000000E0,1.00000000000000000E0),.UNSPECIFIED.)CURVE()GEOMETRIC_REPRESENTATION_ITEM()RATIONAL_B_SPLINE_CURVE((1.00000000000000000E0,7.33969496152927503E-1,1.00000000000000000E0))REPRESENTATION_ITEM(''));
#859=DEFINITIONAL_REPRESENTATION('',(#858),#495);
#860=PCURVE('',#84,#859);
#861=CARTESIAN_POINT('',(6.19041696235714145E-1,5.38132329555430444E-1));
#862=CARTESIAN_POINT('',(9.76166784942856580E-1,6.52529318221721777E-1));
#863=B_SPLINE_CURVE_WITH_KNOTS('',1,(#861,#862),.UNSPECIFIED.,.F.,.F.,(2,2),(0.00000000000000000E0,1.00000000000000000E0),.UNSPECIFIED.);
#864=DEFINITIONAL_REPRESENTATION('',(#863),#495);
#865=PCURVE('',#84,#864);
#866=CARTESIAN_POINT('',(0.00000000000000000E0,0.00000000000000000E0));
#867=CARTESIAN_POINT('',(1.00000000000000000E0,0.00000000000000000E0));
#868=B_SPLINE_CURVE_WITH_KNOTS('',1,(#866,#867),.UNSPECIFIED.,.F.,.F.,(2,2),(0.00000000000000000E0,1.00000000000000000E0),.UNSPECIFIED.);
#869=DEFINITIONAL_REPRESENTATION('',(#868),#495);
#870=PCURVE('',#191,#869);
#871=CARTESIAN_POINT('',(1.00000000000000000E0,0.00000000000000000E0));
#872=CARTESIAN_POINT('',(1.00000000000000000E0,1.00000000000000000E0));
#873=B_SPLINE_CURVE_WITH_KNOTS('',1,(#871,#872),.UNSPECIFIED.,.F.,.F.,(2,2),(0.00000000000000000E0,1.00000000000000000E0),.UNSPECIFIED.);
#874=DEFINITIONAL_REPRESENTATION('',(#873),#495);
#875=PCURVE('',#191,#874);
#876=CARTESIAN_POINT('',(1.00000000000000000E0,1.00000000000000000E0));
#877=CARTESIAN_POINT('',(6.66666666666666630E-1,1.00000000000000000E0));
#878=CARTESIAN_POINT('',(3.33333333333333315E-1,1.00000000000000000E0));
#879=CARTESIAN_POINT('',(0.00000000000000000E0,1.00000000000000000E0));
#880=B_SPLINE_CURVE_WITH_KNOTS('',3,(#876,#877,#878,#879),.UNSPECIFIED.,.F.,.F.,(4,4),(0.00000000000000000E0,1.00000000000000000E0),.UNSPECIFIED.);
#881=DEFINITIONAL_REPRESENTATION('',(#880),#495);
#882=PCURVE('',#191,#881);
#883=CARTESIAN_POINT('',(0.00000000000000000E0,1.00000000000000000E0));
#884=CARTESIAN_POINT('',(0.00000000000000000E0,0.00000000000000000E0));
#885=B_SPLINE_CURVE_WITH_KNOTS('',1,(#883,#884),.UNSPECIFIED.,.F.,.F.,(2,2),(0.00000000000000000E0,1.00000000000000000E0),.UNSPECIFIED.);
#886=DEFINITIONAL_REPRESENTATION('',(#885),#495);
#887=PCURVE('',#191,#886);
#888=CARTESIAN_POINT('',(1.00000000000000000E0,0.00000000000000000E0));
#889=CARTESIAN_POINT('',(1.00000000000000000E0,1.00000000000000000E0));
#890=B_SPLINE_CURVE_WITH_KNOTS('',1,(#888,#889),.UNSPECIFIED.,.F.,.F.,(2,2),(0.00000000000000000E0,1.00000000000000000E0),.UNSPECIFIED.);
#891=DEFINITIONAL_REPRESENTATION('',(#890),#495);
#892=PCURVE('',#198,#891);
#893=CARTESIAN_POINT('',(1.00000000000000000E0,1.00000000000000000E0));
#894=CARTESIAN_POINT('',(6.66666666666666741E-1,1.00000000000000000E0));
#895=CARTESIAN_POINT('',(3.33333333333333370E-1,1.00000000000000000E0));
#896=CARTESIAN_POINT('',(0.00000000000000000E0,1.00000000000000000E0));
#897=B_SPLINE_CURVE_WITH_KNOTS('',3,(#893,#894,#895,#896),.UNSPECIFIED.,.F.,.F.,(4,4),(0.00000000000000000E0,1.00000000000000000E0),.UNSPECIFIED.);
#898=DEFINITIONAL_REPRESENTATION('',(#897),#495);
#899=PCURVE('',#198,#898);
#900=CARTESIAN_POINT('',(0.00000000000000000E0,1.00000000000000000E0));
#901=CARTESIAN_POINT('',(0.00000000000000000E0,0.00000000000000000E0));
#902=B_SPLINE_CURVE_WITH_KNOTS('',1,(#900,#901),.UNSPECIFIED.,.F.,.F.,(2,2),(0.00000000000000000E0,1.00000000000000000E0),.UNSPECIFIED.);
#903=DEFINITIONAL_REPRESENTATION('',(#902),#495);
#904=PCURVE('',#198,#903);
#905=CARTESIAN_POINT('',(0.00000000000000000E0,0.00000000000000000E0));
#906=CARTESIAN_POINT('',(1.00000000000000000E0,0.00000000000000000E0));
#907=B_SPLINE_CURVE_WITH_KNOTS('',1,(#905,#906),.UNSPECIFIED.,.F.,.F.,(2,2),(0.00000000000000000E0,1.00000000000000000E0),.UNSPECIFIED.);
#908=DEFINITIONAL_REPRESENTATION('',(#907),#495);
#909=PCURVE('',#198,#908);
#910=CARTESIAN_POINT('',(2.38332150571434198E-2,6.52529318221721777E-1));
#911=CARTESIAN_POINT('',(3.80958303764285855E-1,5.38132329555430444E-1));
#912=B_SPLINE_CURVE_WITH_KNOTS('',1,(#910,#911),.UNSPECIFIED.,.F.,.F.,(2,2),(0.00000000000000000E0,1.00000000000000000E0),.UNSPECIFIED.);
#913=DEFINITIONAL_REPRESENTATION('',(#912),#495);
#914=PCURVE('',#115,#913);
#915=CARTESIAN_POINT('',(3.80958303764285855E-1,5.38132329555430444E-1));
#916=CARTESIAN_POINT('',(4.16244250304379615E-1,6.48288173124061951E-1));
#917=CARTESIAN_POINT('',(5.28801371819715316E-1,6.21636676135541077E-1));
#918=(BOUNDED_CURVE()B_SPLINE_CURVE(2,(#915,#916,#917),.UNSPECIFIED.,.F.,.F.)B_SPLINE_CURVE_WITH_KNOTS((3,3),(0.00000000000000000E0,1.00000000000000000E0),.UNSPECIFIED.)CURVE()GEOMETRIC_REPRESENTATION_ITEM()RATIONAL_B_SPLINE_CURVE((1.00000000000000000E0,7.33969496152927503E-1,1.00000000000000000E0))REPRESENTATION_ITEM(''));
#919=DEFINITIONAL_REPRESENTATION('',(#918),#495);
#920=PCURVE('',#115,#919);
#921=CARTESIAN_POINT('',(5.28801371819715316E-1,6.21636676135541077E-1));
#922=CARTESIAN_POINT('',(6.15205487278861596E-1,9.86546704542164199E-1));
#923=B_SPLINE_CURVE_WITH_KNOTS('',1,(#921,#922),.UNSPECIFIED.,.F.,.F.,(2,2),(0.00000000000000000E0,1.00000000000000000E0),.UNSPECIFIED.);
#924=DEFINITIONAL_REPRESENTATION('',(#923),#495);
#925=PCURVE('',#115,#924);
#926=CARTESIAN_POINT('',(6.15205487278861596E-1,9.86546704542164199E-1));
#927=CARTESIAN_POINT('',(1.64977001217518682E-1,1.09315269249624802E0));
#928=CARTESIAN_POINT('',(2.38332150571434198E-2,6.52529318221721777E-1));
#929=(BOUNDED_CURVE()B_SPLINE_CURVE(2,(#926,#927,#928),.UNSPECIFIED.,.F.,.F.)B_SPLINE_CURVE_WITH_KNOTS((3,3),(0.00000000000000000E0,1.00000000000000000E0),.UNSPECIFIED.)CURVE()GEOMETRIC_REPRESENTATION_ITEM()RATIONAL_B_SPLINE_CURVE((1.00000000000000000E0,7.33969496152927503E-1,1.00000000000000000E0))REPRESENTATION_ITEM(''));
#930=DEFINITIONAL_REPRESENTATION('',(#929),#495);
#931=PCURVE('',#115,#930);
#932=CARTESIAN_POINT('',(3.84794512721138404E-1,9.86546704542164199E-1));
#933=CARTESIAN_POINT('',(-6.54339733402043294E-2,8.79940716588080485E-1));
#934=CARTESIAN_POINT('',(5.99423461288006720E-3,4.22809950354428199E-1));
#935=(BOUNDED_CURVE()B_SPLINE_CURVE(2,(#932,#933,#934),.UNSPECIFIED.,.F.,.F.)B_SPLINE_CURVE_WITH_KNOTS((3,3),(0.00000000000000000E0,1.00000000000000000E0),.UNSPECIFIED.)CURVE()GEOMETRIC_REPRESENTATION_ITEM()RATIONAL_B_SPLINE_CURVE((1.00000000000000000E0,7.33969496152927503E-1,1.00000000000000000E0))REPRESENTATION_ITEM(''));
#936=DEFINITIONAL_REPRESENTATION('',(#935),#495);
#937=PCURVE('',#84,#936);
#938=CARTESIAN_POINT('',(5.99423461288006720E-3,4.22809950354428199E-1));
#939=CARTESIAN_POINT('',(3.76498558653220017E-1,4.80702487588607064E-1));
#940=B_SPLINE_CURVE_WITH_KNOTS('',1,(#938,#939),.UNSPECIFIED.,.F.,.F.,(2,2),(0.00000000000000000E0,1.00000000000000000E0),.UNSPECIFIED.);
#941=DEFINITIONAL_REPRESENTATION('',(#940),#495);
#942=PCURVE('',#84,#941);
#943=CARTESIAN_POINT('',(3.76498558653220017E-1,4.80702487588607064E-1));
#944=CARTESIAN_POINT('',(3.58641506664948928E-1,5.94985179147020093E-1));
#945=CARTESIAN_POINT('',(4.71198628180284629E-1,6.21636676135541077E-1));
#946=(BOUNDED_CURVE()B_SPLINE_CURVE(2,(#943,#944,#945),.UNSPECIFIED.,.F.,.F.)B_SPLINE_CURVE_WITH_KNOTS((3,3),(0.00000000000000000E0,1.00000000000000000E0),.UNSPECIFIED.)CURVE()GEOMETRIC_REPRESENTATION_ITEM()RATIONAL_B_SPLINE_CURVE((1.00000000000000000E0,7.33969496152927503E-1,1.00000000000000000E0))REPRESENTATION_ITEM(''));
#947=DEFINITIONAL_REPRESENTATION('',(#946),#495);
#948=PCURVE('',#84,#947);
#949=CARTESIAN_POINT('',(4.71198628180284629E-1,6.21636676135541077E-1));
#950=CARTESIAN_POINT('',(3.84794512721138404E-1,9.86546704542164199E-1));
#951=B_SPLINE_CURVE_WITH_KNOTS('',1,(#949,#950),.UNSPECIFIED.,.F.,.F.,(2,2),(0.00000000000000000E0,1.00000000000000000E0),.UNSPECIFIED.);
#952=DEFINITIONAL_REPRESENTATION('',(#951),#495);
#953=PCURVE('',#84,#952);
#954=CARTESIAN_POINT('',(0.00000000000000000E0,0.00000000000000000E0));
#955=CARTESIAN_POINT('',(1.00000000000000000E0,0.00000000000000000E0));
#956=B_SPLINE_CURVE_WITH_KNOTS('',1,(#954,#955),.UNSPECIFIED.,.F.,.F.,(2,2),(0.00000000000000000E0,1.00000000000000000E0),.UNSPECIFIED.);
#957=DEFINITIONAL_REPRESENTATION('',(#956),#495);
#958=PCURVE('',#205,#957);
#959=CARTESIAN_POINT('',(1.00000000000000000E0,0.00000000000000000E0));
#960=CARTESIAN_POINT('',(1.00000000000000000E0,1.00000000000000000E0));
#961=B_SPLINE_CURVE_WITH_KNOTS('',1,(#959,#960),.UNSPECIFIED.,.F.,.F.,(2,2),(0.00000000000000000E0,1.00000000000000000E0),.UNSPECIFIED.);
#962=DEFINITIONAL_REPRESENTATION('',(#961),#495);
#963=PCURVE('',#205,#962);
#964=CARTESIAN_POINT('',(1.00000000000000000E0,1.00000000000000000E0));
#965=CARTESIAN_POINT('',(6.66666666666666630E-1,1.00000000000000000E0));
#966=CARTESIAN_POINT('',(3.33333333333333315E-1,1.00000000000000000E0));
#967=CARTESIAN_POINT('',(0.00000000000000000E0,1.00000000000000000E0));
#968=B_SPLINE_CURVE_WITH_KNOTS('',3,(#964,#965,#966,#967),.UNSPECIFIED.,.F.,.F.,(4,4),(0.00000000000000000E0,1.00000000000000000E0),.UNSPECIFIED.);
#969=DEFINITIONAL_REPRESENTATION('',(#968),#495);
#970=PCURVE('',#205,#969);
#971=CARTESIAN_POINT('',(0.00000000000000000E0,1.00000000000000000E0));
#972=CARTESIAN_POINT('',(0.00000000000000000E0,0.00000000000000000E0));
#973=B_SPLINE_CURVE_WITH_KNOTS('',1,(#971,#972),.UNSPECIFIED.,.F.,.F.,(2,2),(0.00000000000000000E0,1.00000000000000000E0),.UNSPECIFIED.);
#974=DEFINITIONAL_REPRESENTATION('',(#973),#495);
#975=PCURVE('',#205,#974);
#976=CARTESIAN_POINT('',(1.00000000000000000E0,0.00000000000000000E0));
#977=CARTESIAN_POINT('',(1.00000000000000000E0,1.00000000000000000E0));
#978=B_SPLINE_CURVE_WITH_KNOTS('',1,(#976,#977),.UNSPECIFIED.,.F.,.F.,(2,2),(0.00000000000000000E0,1.00000000000000000E0),.UNSPECIFIED.);
#979=DEFINITIONAL_REPRESENTATION('',(#978),#495);
#980=PCURVE('',#212,#979);
#981=CARTESIAN_POINT('',(1.00000000000000000E0,1.00000000000000000E0));
#982=CARTESIAN_POINT('',(6.66666666666666741E-1,1.00000000000000000E0));
#983=CARTESIAN_POINT('',(3.33333333333333370E-1,1.00000000000000000E0));
#984=CARTESIAN_POINT('',(0.00000000000000000E0,1.00000000000000000E0));
#985=B_SPLINE_CURVE_WITH_KNOTS('',3,(#981,#982,#983,#984),.UNSPECIFIED.,.F.,.F.,(4,4),(0.00000000000000000E0,1.00000000000000000E0),.UNSPECIFIED.);
#986=DEFINITIONAL_REPRESENTATION('',(#985),#495);
#987=PCURVE('',#212,#986);
#988=CARTESIAN_POINT('',(0.00000000000000000E0,1.00000000000000000E0));
#989=CARTESIAN_POINT('',(0.00000000000000000E0,0.00000000000000000E0));
#990=B_SPLINE_CURVE_WITH_KNOTS('',1,(#988,#989),.UNSPECIFIED.,.F.,.F.,(2,2),(0.00000000000000000E0,1.00000000000000000E0),.UNSPECIFIED.);
#991=DEFINITIONAL_REPRESENTATION('',(#990),#495);
#992=PCURVE('',#212,#991);
#993=CARTESIAN_POINT('',(0.00000000000000000E0,0.00000000000000000E0));
#994=CARTESIAN_POINT('',(1.00000000000000000E0,0.00000000000000000E0));
#995=B_SPLINE_CURVE_WITH_KNOTS('',1,(#993,#994),.UNSPECIFIED.,.F.,.F.,(2,2),(0.00000000000000000E0,1.00000000000000000E0),.UNSPECIFIED.);
#996=DEFINITIONAL_REPRESENTATION('',(#995),#495);
#997=PCURVE('',#212,#996);
#998=CARTESIAN_POINT('',(6.15205487278861596E-1,9.86546704542164199E-1));
#999=CARTESIAN_POINT('',(5.28801371819715316E-1,6.21636676135541077E-1));
#1000=B_SPLINE_CURVE_WITH_KNOTS('',1,(#998,#999),.UNSPECIFIED.,.F.,.F.,(2,2),(0.00000000000000000E0,1.00000000000000000E0),.UNSPECIFIED.);
#1001=DEFINITIONAL_REPRESENTATION('',(#1000),#495);
#1002=PCURVE('',#115,#1001);
#1003=CARTESIAN_POINT('',(5.28801371819715316E-1,6.21636676135541077E-1));
#1004=CARTESIAN_POINT('',(6.41358493335051127E-1,5.94985179147020093E-1));
#1005=CARTESIAN_POINT('',(6.23501441346779983E-1,4.80702487588607064E-1));
#1006=(BOUNDED_CURVE()B_SPLINE_CURVE(2,(#1003,#1004,#1005),.UNSPECIFIED.,.F.,.F.)B_SPLINE_CURVE_WITH_KNOTS((3,3),(0.00000000000000000E0,1.00000000000000000E0),.UNSPECIFIED.)CURVE()GEOMETRIC_REPRESENTATION_ITEM()RATIONAL_B_SPLINE_CURVE((1.00000000000000000E0,7.33969496152927503E-1,1.00000000000000000E0))REPRESENTATION_ITEM(''));
#1007=DEFINITIONAL_REPRESENTATION('',(#1006),#495);
#1008=PCURVE('',#115,#1007);
#1009=CARTESIAN_POINT('',(6.23501441346779983E-1,4.80702487588607064E-1));
#1010=CARTESIAN_POINT('',(9.94005765387119933E-1,4.22809950354428199E-1));
#1011=B_SPLINE_CURVE_WITH_KNOTS('',1,(#1009,#1010),.UNSPECIFIED.,.F.,.F.,(2,2),(0.00000000000000000E0,1.00000000000000000E0),.UNSPECIFIED.);
#1012=DEFINITIONAL_REPRESENTATION('',(#1011),#495);
#1013=PCURVE('',#115,#1012);
#1014=CARTESIAN_POINT('',(9.94005765387119933E-1,4.22809950354428199E-1));
#1015=CARTESIAN_POINT('',(1.06543397334020429E0,8.79940716588080485E-1));
#1016=CARTESIAN_POINT('',(6.15205487278861596E-1,9.86546704542164199E-1));
#1017=(BOUNDED_CURVE()B_SPLINE_CURVE(2,(#1014,#1015,#1016),.UNSPECIFIED.,.F.,.F.)B_SPLINE_CURVE_WITH_KNOTS((3,3),(0.00000000000000000E0,1.00000000000000000E0),.UNSPECIFIED.)CURVE()GEOMETRIC_REPRESENTATION_ITEM()RATIONAL_B_SPLINE_CURVE((1.00000000000000000E0,7.33969496152927503E-1,1.00000000000000000E0))REPRESENTATION_ITEM(''));
#1018=DEFINITIONAL_REPRESENTATION('',(#1017),#495);
#1019=PCURVE('',#115,#1018);
#1020=CARTESIAN_POINT('',(5.99423461288006720E-3,4.22809950354428199E-1));
#1021=CARTESIAN_POINT('',(7.74224425659643806E-2,-3.43208158792237747E-2));
#1022=CARTESIAN_POINT('',(5.38711221282982544E-1,1.50081108713928657E-3));
#1023=(BOUNDED_CURVE()B_SPLINE_CURVE(2,(#1020,#1021,#1022),.UNSPECIFIED.,.F.,.F.)B_SPLINE_CURVE_WITH_KNOTS((3,3),(0.00000000000000000E0,1.00000000000000000E0),.UNSPECIFIED.)CURVE()GEOMETRIC_REPRESENTATION_ITEM()RATIONAL_B_SPLINE_CURVE((1.00000000000000000E0,7.33969496152927503E-1,1.00000000000000000E0))REPRESENTATION_ITEM(''));
#1024=DEFINITIONAL_REPRESENTATION('',(#1023),#495);
#1025=PCURVE('',#84,#1024);
#1026=CARTESIAN_POINT('',(5.38711221282982544E-1,1.50081108713928657E-3));
#1027=CARTESIAN_POINT('',(5.09677805320745581E-1,3.75375202771784822E-1));
#1028=B_SPLINE_CURVE_WITH_KNOTS('',1,(#1026,#1027),.UNSPECIFIED.,.F.,.F.,(2,2),(0.00000000000000000E0,1.00000000000000000E0),.UNSPECIFIED.);
#1029=DEFINITIONAL_REPRESENTATION('',(#1028),#495);
#1030=PCURVE('',#84,#1029);
#1031=CARTESIAN_POINT('',(5.09677805320745581E-1,3.75375202771784822E-1));
#1032=CARTESIAN_POINT('',(3.94355610641491050E-1,3.66419796030194089E-1));
#1033=CARTESIAN_POINT('',(3.76498558653220017E-1,4.80702487588607064E-1));
#1034=(BOUNDED_CURVE()B_SPLINE_CURVE(2,(#1031,#1032,#1033),.UNSPECIFIED.,.F.,.F.)B_SPLINE_CURVE_WITH_KNOTS((3,3),(0.00000000000000000E0,1.00000000000000000E0),.UNSPECIFIED.)CURVE()GEOMETRIC_REPRESENTATION_ITEM()RATIONAL_B_SPLINE_CURVE((1.00000000000000000E0,7.33969496152927503E-1,1.00000000000000000E0))REPRESENTATION_ITEM(''));
#1035=DEFINITIONAL_REPRESENTATION('',(#1034),#495);
#1036=PCURVE('',#84,#1035);
#1037=CARTESIAN_POINT('',(3.76498558653220017E-1,4.80702487588607064E-1));
#1038=CARTESIAN_POINT('',(5.99423461288006720E-3,4.22809950354428199E-1));
#1039=B_SPLINE_CURVE_WITH_KNOTS('',1,(#1037,#1038),.UNSPECIFIED.,.F.,.F.,(2,2),(0.00000000000000000E0,1.00000000000000000E0),.UNSPECIFIED.);
#1040=DEFINITIONAL_REPRESENTATION('',(#1039),#495);
#1041=PCURVE('',#84,#1040);
#1042=CARTESIAN_POINT('',(0.00000000000000000E0,0.00000000000000000E0));
#1043=CARTESIAN_POINT('',(1.00000000000000000E0,0.00000000000000000E0));
#1044=B_SPLINE_CURVE_WITH_KNOTS('',1,(#1042,#1043),.UNSPECIFIED.,.F.,.F.,(2,2),(0.00000000000000000E0,1.00000000000000000E0),.UNSPECIFIED.);
#1045=DEFINITIONAL_REPRESENTATION('',(#1044),#495);
#1046=PCURVE('',#219,#1045);
#1047=CARTESIAN_POINT('',(1.00000000000000000E0,0.00000000000000000E0));
#1048=CARTESIAN_POINT('',(1.00000000000000000E0,1.00000000000000000E0));
#1049=B_SPLINE_CURVE_WITH_KNOTS('',1,(#1047,#1048),.UNSPECIFIED.,.F.,.F.,(2,2),(0.00000000000000000E0,1.00000000000000000E0),.UNSPECIFIED.);
#1050=DEFINITIONAL_REPRESENTATION('',(#1049),#495);
#1051=PCURVE('',#219,#1050);
#1052=CARTESIAN_POINT('',(1.00000000000000000E0,1.00000000000000000E0));
#1053=CARTESIAN_POINT('',(6.66666666666666630E-1,1.00000000000000000E0));
#1054=CARTESIAN_POINT('',(3.33333333333333315E-1,1.00000000000000000E0));
#1055=CARTESIAN_POINT('',(0.00000000000000000E0,1.00000000000000000E0));
#1056=B_SPLINE_CURVE_WITH_KNOTS('',3,(#1052,#1053,#1054,#1055),.UNSPECIFIED.,.F.,.F.,(4,4),(0.00000000000000000E0,1.00000000000000000E0),.UNSPECIFIED.);
#1057=DEFINITIONAL_REPRESENTATION('',(#1056),#495);
#1058=PCURVE('',#219,#1057);
#1059=CARTESIAN_POINT('',(0.00000000000000000E0,1.00000000000000000E0));
#1060=CARTESIAN_POINT('',(0.00000000000000000E0,0.00000000000000000E0));
#1061=B_SPLINE_CURVE_WITH_KNOTS('',1,(#1059,#1060),.UNSPECIFIED.,.F.,.F.,(2,2),(0.00000000000000000E0,1.00000000000000000E0),.UNSPECIFIED.);
#1062=DEFINITIONAL_REPRESENTATION('',(#1061),#495);
#1063=PCURVE('',#219,#1062);
#1064=CARTESIAN_POINT('',(1.00000000000000000E0,0.00000000000000000E0));
#1065=CARTESIAN_POINT('',(1.00000000000000000E0,1.00000000000000000E0));
#1066=B_SPLINE_CURVE_WITH_KNOTS('',1,(#1064,#1065),.UNSPECIFIED.,.F.,.F.,(2,2),(0.00000000000000000E0,1.00000000000000000E0),.UNSPECIFIED.);
#1067=DEFINITIONAL_REPRESENTATION('',(#1066),#495);
#1068=PCURVE('',#226,#1067);
#1069=CARTESIAN_POINT('',(1.00000000000000000E0,1.00000000000000000E0));
#1070=CARTESIAN_POINT('',(6.66666666666666741E-1,1.00000000000000000E0));
#1071=CARTESIAN_POINT('',(3.33333333333333370E-1,1.00000000000000000E0));
#1072=CARTESIAN_POINT('',(0.00000000000000000E0,1.00000000000000000E0));
#1073=B_SPLINE_CURVE_WITH_KNOTS('',3,(#1069,#1070,#1071,#1072),.UNSPECIFIED.,.F.,.F.,(4,4),(0.00000000000000000E0,1.00000000000000000E0),.UNSPECIFIED.);
#1074=DEFINITIONAL_REPRESENTATION('',(#1073),#495);
#1075=PCURVE('',#226,#1074);
#1076=CARTESIAN_POINT('',(0.00000000000000000E0,1.00000000000000000E0));
#1077=CARTESIAN_POINT('',(0.00000000000000000E0,0.00000000000000000E0));
#1078=B_SPLINE_CURVE_WITH_KNOTS('',1,(#1076,#1077),.UNSPECIFIED.,.F.,.F.,(2,2),(0.00000000000000000E0,1.00000000000000000E0),.UNSPECIFIED.);
#1079=DEFINITIONAL_REPRESENTATION('',(#1078),#495);
#1080=PCURVE('',#226,#1079);
#1081=CARTESIAN_POINT('',(0.00000000000000000E0,0.00000000000000000E0));
#1082=CARTESIAN_POINT('',(1.00000000000000000E0,0.00000000000000000E0));
#1083=B_SPLINE_CURVE_WITH_KNOTS('',1,(#1081,#1082),.UNSPECIFIED.,.F.,.F.,(2,2),(0.00000000000000000E0,1.00000000000000000E0),.UNSPECIFIED.);
#1084=DEFINITIONAL_REPRESENTATION('',(#1083),#495);
#1085=PCURVE('',#226,#1084);
#1086=CARTESIAN_POINT('',(9.94005765387119933E-1,4.22809950354428199E-1));
#1087=CARTESIAN_POINT('',(6.23501441346779983E-1,4.80702487588607064E-1));
#1088=B_SPLINE_CURVE_WITH_KNOTS('',1,(#1086,#1087),.UNSPECIFIED.,.F.,.F.,(2,2),(0.00000000000000000E0,1.00000000000000000E0),.UNSPECIFIED.);
#1089=DEFINITIONAL_REPRESENTATION('',(#1088),#495);
#1090=PCURVE('',#115,#1089);
#1091=CARTESIAN_POINT('',(6.23501441346779983E-1,4.80702487588607064E-1));
#1092=CARTESIAN_POINT('',(6.05644389358508950E-1,3.66419796030194089E-1));
#1093=CARTESIAN_POINT('',(4.90322194679254419E-1,3.75375202771784822E-1));
#1094=(BOUNDED_CURVE()B_SPLINE_CURVE(2,(#1091,#1092,#1093),.UNSPECIFIED.,.F.,.F.)B_SPLINE_CURVE_WITH_KNOTS((3,3),(0.00000000000000000E0,1.00000000000000000E0),.UNSPECIFIED.)CURVE()GEOMETRIC_REPRESENTATION_ITEM()RATIONAL_B_SPLINE_CURVE((1.00000000000000000E0,7.33969496152927503E-1,1.00000000000000000E0))REPRESENTATION_ITEM(''));
#1095=DEFINITIONAL_REPRESENTATION('',(#1094),#495);
#1096=PCURVE('',#115,#1095);
#1097=CARTESIAN_POINT('',(4.90322194679254419E-1,3.75375202771784822E-1));
#1098=CARTESIAN_POINT('',(4.61288778717017456E-1,1.50081108713928657E-3));
#1099=B_SPLINE_CURVE_WITH_KNOTS('',1,(#1097,#1098),.UNSPECIFIED.,.F.,.F.,(2,2),(0.00000000000000000E0,1.00000000000000000E0),.UNSPECIFIED.);
#1100=DEFINITIONAL_REPRESENTATION('',(#1099),#495);
#1101=PCURVE('',#115,#1100);
#1102=CARTESIAN_POINT('',(4.61288778717017456E-1,1.50081108713928657E-3));
#1103=CARTESIAN_POINT('',(9.22577557434035578E-1,-3.43208158792237747E-2));
#1104=CARTESIAN_POINT('',(9.94005765387119933E-1,4.22809950354428199E-1));
#1105=(BOUNDED_CURVE()B_SPLINE_CURVE(2,(#1102,#1103,#1104),.UNSPECIFIED.,.F.,.F.)B_SPLINE_CURVE_WITH_KNOTS((3,3),(0.00000000000000000E0,1.00000000000000000E0),.UNSPECIFIED.)CURVE()GEOMETRIC_REPRESENTATION_ITEM()RATIONAL_B_SPLINE_CURVE((1.00000000000000000E0,7.33969496152927503E-1,1.00000000000000000E0))REPRESENTATION_ITEM(''));
#1106=DEFINITIONAL_REPRESENTATION('',(#1105),#495);
#1107=PCURVE('',#115,#1106);
#1108=CARTESIAN_POINT('',(5.38711221282982544E-1,1.50081108713928657E-3));
#1109=CARTESIAN_POINT('',(1.00000000000000000E0,3.73224380535025282E-2));
#1110=CARTESIAN_POINT('',(1.00000000000000000E0,5.00000000000000000E-1));
#1111=(BOUNDED_CURVE()B_SPLINE_CURVE(2,(#1108,#1109,#1110),.UNSPECIFIED.,.F.,.F.)B_SPLINE_CURVE_WITH_KNOTS((3,3),(0.00000000000000000E0,1.00000000000000000E0),.UNSPECIFIED.)CURVE()GEOMETRIC_REPRESENTATION_ITEM()RATIONAL_B_SPLINE_CURVE((1.00000000000000000E0,7.33969496152927503E-1,1.00000000000000000E0))REPRESENTATION_ITEM(''));
#1112=DEFINITIONAL_REPRESENTATION('',(#1111),#495);
#1113=PCURVE('',#84,#1112);
#1114=CARTESIAN_POINT('',(1.00000000000000000E0,5.00000000000000000E-1));
#1115=CARTESIAN_POINT('',(6.25000000000000000E-1,5.00000000000000000E-1));
#1116=B_SPLINE_CURVE_WITH_KNOTS('',1,(#1114,#1115),.UNSPECIFIED.,.F.,.F.,(2,2),(0.00000000000000000E0,1.00000000000000000E0),.UNSPECIFIED.);
#1117=DEFINITIONAL_REPRESENTATION('',(#1116),#495);
#1118=PCURVE('',#84,#1117);
#1119=CARTESIAN_POINT('',(6.25000000000000000E-1,5.00000000000000000E-1));
#1120=CARTESIAN_POINT('',(6.25000000000000000E-1,3.84330609513375610E-1));
#1121=CARTESIAN_POINT('',(5.09677805320745581E-1,3.75375202771784822E-1));
#1122=(BOUNDED_CURVE()B_SPLINE_CURVE(2,(#1119,#1120,#1121),.UNSPECIFIED.,.F.,.F.)B_SPLINE_CURVE_WITH_KNOTS((3,3),(0.00000000000000000E0,1.00000000000000000E0),.UNSPECIFIED.)CURVE()GEOMETRIC_REPRESENTATION_ITEM()RATIONAL_B_SPLINE_CURVE((1.00000000000000000E0,7.33969496152927503E-1,1.00000000000000000E0))REPRESENTATION_ITEM(''));
#1123=DEFINITIONAL_REPRESENTATION('',(#1122),#495);
#1124=PCURVE('',#84,#1123);
#1125=CARTESIAN_POINT('',(5.09677805320745581E-1,3.75375202771784822E-1));
#1126=CARTESIAN_POINT('',(5.38711221282982544E-1,1.50081108713928657E-3));
#1127=B_SPLINE_CURVE_WITH_KNOTS('',1,(#1125,#1126),.UNSPECIFIED.,.F.,.F.,(2,2),(0.00000000000000000E0,1.00000000000000000E0),.UNSPECIFIED.);
#1128=DEFINITIONAL_REPRESENTATION('',(#1127),#495);
#1129=PCURVE('',#84,#1128);
#1130=CARTESIAN_POINT('',(0.00000000000000000E0,0.00000000000000000E0));
#1131=CARTESIAN_POINT('',(1.00000000000000000E0,0.00000000000000000E0));
#1132=B_SPLINE_CURVE_WITH_KNOTS('',1,(#1130,#1131),.UNSPECIFIED.,.F.,.F.,(2,2),(0.00000000000000000E0,1.00000000000000000E0),.UNSPECIFIED.);
#1133=DEFINITIONAL_REPRESENTATION('',(#1132),#495);
#1134=PCURVE('',#233,#1133);
#1135=CARTESIAN_POINT('',(1.00000000000000000E0,0.00000000000000000E0));
#1136=CARTESIAN_POINT('',(1.00000000000000000E0,1.00000000000000000E0));
#1137=B_SPLINE_CURVE_WITH_KNOTS('',1,(#1135,#1136),.UNSPECIFIED.,.F.,.F.,(2,2),(0.00000000000000000E0,1.00000000000000000E0),.UNSPECIFIED.);
#1138=DEFINITIONAL_REPRESENTATION('',(#1137),#495);
#1139=PCURVE('',#233,#1138);
#1140=CARTESIAN_POINT('',(1.00000000000000000E0,1.00000000000000000E0));
#1141=CARTESIAN_POINT('',(6.66666666666666630E-1,1.00000000000000000E0));
#1142=CARTESIAN_POINT('',(3.33333333333333315E-1,1.00000000000000000E0));
#1143=CARTESIAN_POINT('',(0.00000000000000000E0,1.00000000000000000E0));
#1144=B_SPLINE_CURVE_WITH_KNOTS('',3,(#1140,#1141,#1142,#1143),.UNSPECIFIED.,.F.,.F.,(4,4),(0.00000000000000000E0,1.00000000000000000E0),.UNSPECIFIED.);
#1145=DEFINITIONAL_REPRESENTATION('',(#1144),#495);
#1146=PCURVE('',#233,#1145);
#1147=CARTESIAN_POINT('',(0.00000000000000000E0,1.00000000000000000E0));
#1148=CARTESIAN_POINT('',(0.00000000000000000E0,0.00000000000000000E0));
#1149=B_SPLINE_CURVE_WITH_KNOTS('',1,(#1147,#1148),.UNSPECIFIED.,.F.,.F.,(2,2),(0.00000000000000000E0,1.00000000000000000E0),.UNSPECIFIED.);
#1150=DEFINITIONAL_REPRESENTATION('',(#1149),#495);
#1151=PCURVE('',#233,#1150);
#1152=CARTESIAN_POINT('',(1.00000000000000000E0,0.00000000000000000E0));
#1153=CARTESIAN_POINT('',(1.00000000000000000E0,1.00000000000000000E0));
#1154=B_SPLINE_CURVE_WITH_KNOTS('',1,(#1152,#1153),.UNSPECIFIED.,.F.,.F.,(2,2),(0.00000000000000000E0,1.00000000000000000E0),.UNSPECIFIED.);
#1155=DEFINITIONAL_REPRESENTATION('',(#1154),#495);
#1156=PCURVE('',#240,#1155);
#1157=CARTESIAN_POINT('',(1.00000000000000000E0,1.00000000000000000E0));
#1158=CARTESIAN_POINT('',(6.66666666666666741E-1,1.00000000000000000E0));
#1159=CARTESIAN_POINT('',(3.33333333333333370E-1,1.00000000000000000E0));
#1160=CARTESIAN_POINT('',(0.00000000000000000E0,1.00000000000000000E0));
#1161=B_SPLINE_CURVE_WITH_KNOTS('',3,(#1157,#1158,#1159,#1160),.UNSPECIFIED.,.F.,.F.,(4,4),(0.00000000000000000E0,1.00000000000000000E0),.UNSPECIFIED.);
#1162=DEFINITIONAL_REPRESENTATION('',(#1161),#495);
#1163=PCURVE('',#240,#1162);
#1164=CARTESIAN_POINT('',(0.00000000000000000E0,1.00000000000000000E0));
#1165=CARTESIAN_POINT('',(0.00000000000000000E0,0.00000000000000000E0));
#1166=B_SPLINE_CURVE_WITH_KNOTS('',1,(#1164,#1165),.UNSPECIFIED.,.F.,.F.,(2,2),(0.00000000000000000E0,1.00000000000000000E0),.UNSPECIFIED.);
#1167=DEFINITIONAL_REPRESENTATION('',(#1166),#495);
#1168=PCURVE('',#240,#1167);
#1169=CARTESIAN_POINT('',(0.00000000000000000E0,0.00000000000000000E0));
#1170=CARTESIAN_POINT('',(1.00000000000000000E0,0.00000000000000000E0));
#1171=B_SPLINE_CURVE_WITH_KNOTS('',1,(#1169,#1170),.UNSPECIFIED.,.F.,.F.,(2,2),(0.00000000000000000E0,1.00000000000000000E0),.UNSPECIFIED.);
#1172=DEFINITIONAL_REPRESENTATION('',(#1171),#495);
#1173=PCURVE('',#240,#1172);
#1174=CARTESIAN_POINT('',(4.61288778717017456E-1,1.50081108713928657E-3));
#1175=CARTESIAN_POINT('',(4.90322194679254419E-1,3.75375202771784822E-1));
#1176=B_SPLINE_CURVE_WITH_KNOTS('',1,(#1174,#1175),.UNSPECIFIED.,.F.,.F.,(2,2),(0.00000000000000000E0,1.00000000000000000E0),.UNSPECIFIED.);
#1177=DEFINITIONAL_REPRESENTATION('',(#1176),#495);
#1178=PCURVE('',#115,#1177);
#1179=CARTESIAN_POINT('',(4.90322194679254419E-1,3.75375202771784822E-1));
#1180=CARTESIAN_POINT('',(3.75000000000000000E-1,3.84330609513375610E-1));
#1181=CARTESIAN_POINT('',(3.75000000000000000E-1,5.00000000000000000E-1));
#1182=(BOUNDED_CURVE()B_SPLINE_CURVE(2,(#1179,#1180,#1181),.UNSPECIFIED.,.F.,.F.)B_SPLINE_CURVE_WITH_KNOTS((3,3),(0.00000000000000000E0,1.00000000000000000E0),.UNSPECIFIED.)CURVE()GEOMETRIC_REPRESENTATION_ITEM()RATIONAL_B_SPLINE_CURVE((1.00000000000000000E0,7.33969496152927503E-1,1.00000000000000000E0))REPRESENTATION_ITEM(''));
#1183=DEFINITIONAL_REPRESENTATION('',(#1182),#495);
#1184=PCURVE('',#115,#1183);
#1185=CARTESIAN_POINT('',(3.75000000000000000E-1,5.00000000000000000E-1));
#1186=CARTESIAN_POINT('',(0.00000000000000000E0,5.00000000000000000E-1));
#1187=B_SPLINE_CURVE_WITH_KNOTS('',1,(#1185,#1186),.UNSPECIFIED.,.F.,.F.,(2,2),(0.00000000000000000E0,1.00000000000000000E0),.UNSPECIFIED.);
#1188=DEFINITIONAL_REPRESENTATION('',(#1187),#495);
#1189=PCURVE('',#115,#1188);
#1190=CARTESIAN_POINT('',(0.00000000000000000E0,5.00000000000000000E-1));
#1191=CARTESIAN_POINT('',(0.00000000000000000E0,3.73224380535025282E-2));
#1192=CARTESIAN_POINT('',(4.61288778717017456E-1,1.50081108713928657E-3));
#1193=(BOUNDED_CURVE()B_SPLINE_CURVE(2,(#1190,#1191,#1192),.UNSPECIFIED.,.F.,.F.)B_SPLINE_CURVE_WITH_KNOTS((3,3),(0.00000000000000000E0,1.00000000000000000E0),.UNSPECIFIED.)CURVE()GEOMETRIC_REPRESENTATION_ITEM()RATIONAL_B_SPLINE_CURVE((1.00000000000000000E0,7.33969496152927503E-1,1.00000000000000000E0))REPRESENTATION_ITEM(''));
#1194=DEFINITIONAL_REPRESENTATION('',(#1193),#495);
#1195=PCURVE('',#115,#1194);
#1196=SURFACE_CURVE('',#247,(#515,#524),.PCURVE_S1.);
#1197=EDGE_CURVE('OSCAD_TOPO/3|edge|e:ac3640159d30b654d8f407f5be63dad3|defa03c0e8d7bc98547a4ec47bfcc9d1116283c5d860fc41d56b065cc17486b8',#2,#4,#1196,.T.);
#1198=SURFACE_CURVE('',#251,(#510,#620),.PCURVE_S1.);
#1199=EDGE_CURVE('OSCAD_TOPO/3|edge|e:7ae2b43872e50d2f1353c7f557c9c93e|1dbcfbc13a2f61c157e0c24c9d08d68b6dbcdbef76fb0a60c5d2dbf401e9468b',#4,#6,#1198,.T.);
#1200=SURFACE_CURVE('',#258,(#505,#560),.PCURVE_S1.);
#1201=EDGE_CURVE('OSCAD_TOPO/3|edge|e:a53ddb7dc7dce2c8da712e7a41cf9eba|87a0eb57342cf166051fd151db13c6d067bab544e315ca70d2ba19a2ed5033ac',#6,#2,#1200,.T.);
#1202=SURFACE_CURVE('',#262,(#500),.PCURVE_S1.);
#1203=EDGE_CURVE('OSCAD_TOPO/3|edge|e:570e3a16634165eee5e4636547a44e95|15b397cedf271087f4afd0bc3d16b1c82543ccb1806c613e83d9d274dc0caea6',#2,#2,#1202,.T.);
#1204=SURFACE_CURVE('',#265,(#529,#657),.PCURVE_S1.);
#1205=EDGE_CURVE('OSCAD_TOPO/3|edge|e:1bd60b6f591507228b41f325786c572f|15f1902c3e5ef18206d96af192490abffd161748ee789824c0f129c85b0fcc94',#4,#8,#1204,.T.);
#1206=SURFACE_CURVE('',#272,(#538,#577),.PCURVE_S1.);
#1207=EDGE_CURVE('OSCAD_TOPO/3|edge|e:ee6a75aa75d5fa749ead3d95508a6dbb|e556ed96d2814f440925228a322c8dbf53007de66df4e52ecb2465fb4bced68a',#8,#10,#1206,.T.);
#1208=SURFACE_CURVE('',#275,(#543,#1118),.PCURVE_S1.);
#1209=EDGE_CURVE('OSCAD_TOPO/3|edge|e:aa9fb1921fb3678f5a8e0e72104d81de|b9efdae22004aa8348e685896da1813274eb43a33c6a02c66592e53f3aed82ed',#10,#2,#1208,.T.);
#1210=SURFACE_CURVE('',#282,(#548,#615),.PCURVE_S1.);
#1211=EDGE_CURVE('OSCAD_TOPO/3|edge|e:064ab3b08661875165dc323af75dc15e|7dec84fe95c086e45ee24c5244dd99bda5b8ba389e0226418a56dabbff1cf4d7',#12,#14,#1210,.T.);
#1212=SURFACE_CURVE('',#285,(#553,#679),.PCURVE_S1.);
#1213=EDGE_CURVE('OSCAD_TOPO/3|edge|e:4d1bdf1f290fa6afd8e82f6385b66632|ba290ae476df79b3c451d0694ee4d5a0da8279fbf7432832597eb5d576773572',#14,#6,#1212,.T.);
#1214=SURFACE_CURVE('',#288,(#565,#1139),.PCURVE_S1.);
#1215=EDGE_CURVE('OSCAD_TOPO/3|edge|e:089f3fabb852fce729739fbca181edf9|a6aab2ae99c210a115a2e4a825e75d4b3165ecb6ad2bd383178eb4027a3c4e18',#2,#12,#1214,.T.);
#1216=SURFACE_CURVE('',#295,(#587,#601),.PCURVE_S1.);
#1217=EDGE_CURVE('OSCAD_TOPO/3|edge|e:bef61ebce60e07c2b26b09a3c97ebdeb|87f7b5bd085a3fc88cae7e7e15d595cf91dcc262b69a01ebcf75e9aa5d8fe6ae',#16,#18,#1216,.T.);
#1218=SURFACE_CURVE('',#298,(#582,#684),.PCURVE_S1.);
#1219=EDGE_CURVE('OSCAD_TOPO/3|edge|e:8d05105e9df39f7b67557c9d3220f02c|6b7654be416ba52b568ab701b058e4f354a41f93aca71b5f9bd268f260988ad7',#18,#8,#1218,.T.);
#1220=SURFACE_CURVE('',#301,(#570,#1168),.PCURVE_S1.);
#1221=EDGE_CURVE('OSCAD_TOPO/3|edge|e:cec0d997197acdc44dc28263321b5b6d|9f01c7da1d3732d2c673435189e1babf5f761fed6b14e98314a698bf08bb66c9',#10,#16,#1220,.T.);
#1222=SURFACE_CURVE('',#304,(#606,#706),.PCURVE_S1.);
#1223=EDGE_CURVE('OSCAD_TOPO/3|edge|e:df2d11a5037243c5740aabafa56cdc61|be26e0545d015ff08a626d1fbaefd4936be7fa7e07a162560b4266518f4690ba',#14,#18,#1222,.T.);
#1224=SURFACE_CURVE('',#307,(#592,#1189),.PCURVE_S1.);
#1225=EDGE_CURVE('OSCAD_TOPO/3|edge|e:69082b4570f8289ad6bb7f6057a578e0|9eaa11dbdd8367dacc2cebd4828689be42ead8fdd0c51a3ff8fe64eef49b3cce',#16,#12,#1224,.T.);
#1226=SURFACE_CURVE('',#311,(#635,#641),.PCURVE_S1.);
#1227=EDGE_CURVE('OSCAD_TOPO/3|edge|e:1cdb28e27b89d95d0460616b6a5a49b8|ed7bc1442b55fb9c70a16bf29253c7fd80d042e7f8de29348310403414b88046',#4,#20,#1226,.T.);
#1228=SURFACE_CURVE('',#315,(#630,#728),.PCURVE_S1.);
#1229=EDGE_CURVE('OSCAD_TOPO/3|edge|e:d2e45cfb25b3973758578945eda36692|4ad9fc97786c838fa27bcd1bc472bf666db0af31df6273184def48988dd8f918',#20,#22,#1228,.T.);
#1230=SURFACE_CURVE('',#319,(#625,#674),.PCURVE_S1.);
#1231=EDGE_CURVE('OSCAD_TOPO/3|edge|e:d844388b03ece7280ef4fbad6dd35b43|53c3570b15769e5f7b6ae1a3dc7dece1f9232c150bb481e3c49fcaa9412bb162',#22,#6,#1230,.T.);
#1232=SURFACE_CURVE('',#322,(#646,#771),.PCURVE_S1.);
#1233=EDGE_CURVE('OSCAD_TOPO/3|edge|e:ac191ca24b9a796e7a726c3c48d26acd|b02844a91149bb6ae2650d7ca642107f3dbcf4bf53fb5a18c45dd1bcfb381e18',#20,#24,#1232,.T.);
#1234=SURFACE_CURVE('',#326,(#652,#691),.PCURVE_S1.);
#1235=EDGE_CURVE('OSCAD_TOPO/3|edge|e:75c929a3d76b0b766f7525408e78cdca|e216fe49d655acfc1648032b9ab29f9b5575fce18862cb6565cba13021fe9109',#24,#8,#1234,.T.);
#1236=SURFACE_CURVE('',#330,(#662,#723),.PCURVE_S1.);
#1237=EDGE_CURVE('OSCAD_TOPO/3|edge|e:c1127593f7aa2dc25eb1881c832e5d7f|e1957a6380792f52d6b740cb31d7edc475b96b19dacfbfeedad71f539f1d2f43',#14,#26,#1236,.T.);
#1238=SURFACE_CURVE('',#333,(#667,#793),.PCURVE_S1.);
#1239=EDGE_CURVE('OSCAD_TOPO/3|edge|e:08744f2ff17865a969d36e334544af9d|06f48ae927e22685b40db3678c8ef5a5f8884af7df864733480e7adc90f1525f',#26,#22,#1238,.T.);
#1240=SURFACE_CURVE('',#337,(#701,#712),.PCURVE_S1.);
#1241=EDGE_CURVE('OSCAD_TOPO/3|edge|e:38467f29b4f1d5d3503736175c399ad8|4fec355a903a6ff844ba34bfbe79349bce5364f5bdcf1d1c74047f90b8b9ea78',#18,#28,#1240,.T.);
#1242=SURFACE_CURVE('',#340,(#696,#798),.PCURVE_S1.);
#1243=EDGE_CURVE('OSCAD_TOPO/3|edge|e:cf01c718de075eb3837024f77ddc1b44|429f14be8ab946774a646dc3f27a7f9ee1aecd7d323f8ba097b25ccd895847a4',#28,#24,#1242,.T.);
#1244=SURFACE_CURVE('',#343,(#717,#820),.PCURVE_S1.);
#1245=EDGE_CURVE('OSCAD_TOPO/3|edge|e:28a47fbd98c312689f5db263fd8abb04|600d7cbe947f3c7508514604aca931987e0b3b9823ec9de43c0bcef3cfffc13b',#26,#28,#1244,.T.);
#1246=SURFACE_CURVE('',#350,(#743,#752),.PCURVE_S1.);
#1247=EDGE_CURVE('OSCAD_TOPO/3|edge|e:a4827951c284adbea8bd5757fd986024|7691955fcd3231a76847bb648074d255a7b73ce6a8f3af15d888080bf4525772',#20,#30,#1246,.T.);
#1248=SURFACE_CURVE('',#354,(#738),.PCURVE_S1.);
#1249=EDGE_CURVE('OSCAD_TOPO/3|edge|e:c32b89a29ffb52a80c8994fab1bfa593|8948481665f14ca6f88b5be88760078a7ba4877f3083be5df35de394d0996db4',#30,#30,#1248,.T.);
#1250=SURFACE_CURVE('',#361,(#733,#788),.PCURVE_S1.);
#1251=EDGE_CURVE('OSCAD_TOPO/3|edge|e:361a2b6777ef85d66026d78765d4061f|9e2b0ddda52d196ef1b974f135ffe3b7980b08371c0a5d3992c226209bad71cc',#30,#22,#1250,.T.);
#1252=SURFACE_CURVE('',#364,(#757,#865),.PCURVE_S1.);
#1253=EDGE_CURVE('OSCAD_TOPO/3|edge|e:e8da61aaa1b499cb30159d1055d9176e|feab1e5a268e1c9115ab2e832a3837ce884931bb52072b5f66fcc7d151e957a7',#30,#32,#1252,.T.);
#1254=SURFACE_CURVE('',#371,(#766,#805),.PCURVE_S1.);
#1255=EDGE_CURVE('OSCAD_TOPO/3|edge|e:fd4723d19555a65533e9c7af8162d7ab|c23f202a8280856216e65d99ddca0f8c65b60eef4e2a2ece3a30b909a8fe3fe3',#32,#24,#1254,.T.);
#1256=SURFACE_CURVE('',#378,(#776,#843),.PCURVE_S1.);
#1257=EDGE_CURVE('OSCAD_TOPO/3|edge|e:4698197668d524fa25fe040fe85c5384|6f20766ff86f90aa69b9efb1a5bdd6c161e91d1169eef5c5e6a690cd0a2dc4b0',#26,#34,#1256,.T.);
#1258=SURFACE_CURVE('',#381,(#781,#887),.PCURVE_S1.);
#1259=EDGE_CURVE('OSCAD_TOPO/3|edge|e:fa55a357f6d2ca376ca29dee2520e096|dd2e028259f5a3042b4f04eca490904b32e8abe371d7e7ebf7e0ab125a795bec',#34,#30,#1258,.T.);
#1260=SURFACE_CURVE('',#388,(#815,#829),.PCURVE_S1.);
#1261=EDGE_CURVE('OSCAD_TOPO/3|edge|e:f80ef0d91d9b6fcdd7aab7a915ef14d7|a6f214ab068e48e0ef87c3c63e65e1bfc92b05a07c21aaa3e00f0158b6df95bd',#28,#36,#1260,.T.);
#1262=SURFACE_CURVE('',#391,(#810,#892),.PCURVE_S1.);
#1263=EDGE_CURVE('OSCAD_TOPO/3|edge|e:bed58ae14a2697034f740bbd2fc37de3|2d97029e12f1482440185d3303834d11ff89f46658c4d79f76565d5724ad3b47',#36,#32,#1262,.T.);
#1264=SURFACE_CURVE('',#394,(#834,#914),.PCURVE_S1.);
#1265=EDGE_CURVE('OSCAD_TOPO/3|edge|e:092b5b68acd8e2eb4603c7ca1e44a809|e6eaf8084082a5f04ba5370364042af7909e28063e13a3cfe8220414644cd878',#34,#36,#1264,.T.);
#1266=SURFACE_CURVE('',#398,(#849,#882),.PCURVE_S1.);
#1267=EDGE_CURVE('OSCAD_TOPO/3|edge|e:cd89d52478f43219f5c324c621a4fb03|9880d4cae1eaf8043dc4ae4f8491a28220cd85bce8157448d3b56a37fb34a9f4',#30,#38,#1266,.T.);
#1268=SURFACE_CURVE('',#401,(#854,#953),.PCURVE_S1.);
#1269=EDGE_CURVE('OSCAD_TOPO/3|edge|e:81e9cc92d8bebf44d4478afdf1a20c86|ac716ea1dbee35cba3439b9723423d3a745f1de47914f0e2ee1b2f12ffc12b45',#38,#40,#1268,.T.);
#1270=SURFACE_CURVE('',#405,(#860,#899),.PCURVE_S1.);
#1271=EDGE_CURVE('OSCAD_TOPO/3|edge|e:7bdffcbad158145f635004163cf45ca8|a6c4bb1614acfc5c4796970711cf73aaac152637647f38298d3ed4b6af979c1d',#40,#32,#1270,.T.);
#1272=SURFACE_CURVE('',#409,(#870,#931),.PCURVE_S1.);
#1273=EDGE_CURVE('OSCAD_TOPO/3|edge|e:5773a5ae0730f10dc0ebcdf13850f039|26b62b9d5b51bad9c393f3c9688046b8e9ebcf2cde9e96807a2c913dd58bfc76',#34,#42,#1272,.T.);
#1274=SURFACE_CURVE('',#412,(#875,#975),.PCURVE_S1.);
#1275=EDGE_CURVE('OSCAD_TOPO/3|edge|e:3063141f45fddbb2565d1d4e2f2be20a|8a5fbe26ea6c0cd1994314db9e823199d723cba319b5108582775e5211e4a6b7',#42,#38,#1274,.T.);
#1276=SURFACE_CURVE('',#416,(#909,#920),.PCURVE_S1.);
#1277=EDGE_CURVE('OSCAD_TOPO/3|edge|e:60c5cee38e58810f7b97c24b7d2a0163|42df4f9ca0614725b2a8438fb83e42a2b1d32d3bd01ac0e68082b604dab55b8a',#36,#44,#1276,.T.);
#1278=SURFACE_CURVE('',#419,(#904,#980),.PCURVE_S1.);
#1279=EDGE_CURVE('OSCAD_TOPO/3|edge|e:574b163d822ad3cb10199f3842b92372|90331e9553bd9293d2e51b3d71179dfc42bf1a39f1ab58c5c5c403e61f8dde8d',#44,#40,#1278,.T.);
#1280=SURFACE_CURVE('',#422,(#925,#1002),.PCURVE_S1.);
#1281=EDGE_CURVE('OSCAD_TOPO/3|edge|e:bce09fbdaf908b22b494b2c58377ae19|8b0cdb4953bb51ea45826f51a04e1451da7226186a62ca3afa165931629bc8ff',#42,#44,#1280,.T.);
#1282=SURFACE_CURVE('',#426,(#937,#970),.PCURVE_S1.);
#1283=EDGE_CURVE('OSCAD_TOPO/3|edge|e:f7bdd68a1b272561c19d76e922e2f2bd|94b0107a0db9ae815cf1c0470bfa92fa0938933f3ddab27ebe894c0191d8a290',#38,#46,#1282,.T.);
#1284=SURFACE_CURVE('',#429,(#942,#1041),.PCURVE_S1.);
#1285=EDGE_CURVE('OSCAD_TOPO/3|edge|e:367f9bc0e3a9c55665389b7807d25a8a|891b4c2f03ad2940c01263851f90e8f0464939512b728e06a8c8445fa598aa7b',#46,#48,#1284,.T.);
#1286=SURFACE_CURVE('',#433,(#948,#987),.PCURVE_S1.);
#1287=EDGE_CURVE('OSCAD_TOPO/3|edge|e:a4687d6203020306e306853be59d0d7a|d6cda237f1fc5ea9f9e61bd6f0982ca259f167f9ed3d0da0e0818cc5a02f5479',#48,#40,#1286,.T.);
#1288=SURFACE_CURVE('',#437,(#958,#1019),.PCURVE_S1.);
#1289=EDGE_CURVE('OSCAD_TOPO/3|edge|e:2ac9583b8919c5f4687ff98ab39d47ae|3760799b3cf34528e0f401ae4ab0bff9af9abcc5a76ed040efed5da0de1b4dec',#42,#50,#1288,.T.);
#1290=SURFACE_CURVE('',#440,(#963,#1063),.PCURVE_S1.);
#1291=EDGE_CURVE('OSCAD_TOPO/3|edge|e:c50ad98161ac9decf08a4afee9500cf4|b7b91853c0ce6c91039bf3fe76aefbd6b798da40b02ebd9b5c033c6f966af437',#50,#46,#1290,.T.);
#1292=SURFACE_CURVE('',#444,(#997,#1008),.PCURVE_S1.);
#1293=EDGE_CURVE('OSCAD_TOPO/3|edge|e:4c0c0768c697cb32cc0c418a5a98ea87|801d159f6d66a030352cd117ec936638483e6e70dcfd210f295b6d5f2dbf7c2c',#44,#52,#1292,.T.);
#1294=SURFACE_CURVE('',#447,(#992,#1068),.PCURVE_S1.);
#1295=EDGE_CURVE('OSCAD_TOPO/3|edge|e:945ce4e0d02440c0df5805185ad3df32|8ecf3ac48e4afbf894511715e481ba5b7e339db414c7a0b335bd86e7b7dbc06b',#52,#48,#1294,.T.);
#1296=SURFACE_CURVE('',#450,(#1013,#1090),.PCURVE_S1.);
#1297=EDGE_CURVE('OSCAD_TOPO/3|edge|e:d216976e894ae90dabeec3813b286298|18b1eb8dd15bcef226a9b5bb344ec6ffc6a1dd3df5305652f1252e3b86d8bad7',#50,#52,#1296,.T.);
#1298=SURFACE_CURVE('',#454,(#1025,#1058),.PCURVE_S1.);
#1299=EDGE_CURVE('OSCAD_TOPO/3|edge|e:ace5033da52b0730ac5827a974f43561|8c27f58f31a1bd086e6f295b9dc43dee0f6956d04ecdbb01fffb51d8e7349b99',#46,#54,#1298,.T.);
#1300=SURFACE_CURVE('',#457,(#1030,#1129),.PCURVE_S1.);
#1301=EDGE_CURVE('OSCAD_TOPO/3|edge|e:e20557e1f0487049f21db451239b8407|d2425bd3441eb5c916b5904c80ab2c87a97f74f864e226f916c7639ad4a26f03',#54,#56,#1300,.T.);
#1302=SURFACE_CURVE('',#461,(#1036,#1075),.PCURVE_S1.);
#1303=EDGE_CURVE('OSCAD_TOPO/3|edge|e:0a04ff3d4dd4cf19dbb645e331c68f36|4dcbaa64bfe2d0e9fbd4977899c23a8dcf4c9987ca9bf0c5d261652b6af123ad',#56,#48,#1302,.T.);
#1304=SURFACE_CURVE('',#465,(#1046,#1107),.PCURVE_S1.);
#1305=EDGE_CURVE('OSCAD_TOPO/3|edge|e:0b721ed51d5400466f16856c28ab03f8|d2c6b3949d15f1bad0139ff0857c43a690e24f66a3f83c650c232eb509631d46',#50,#58,#1304,.T.);
#1306=SURFACE_CURVE('',#468,(#1051,#1151),.PCURVE_S1.);
#1307=EDGE_CURVE('OSCAD_TOPO/3|edge|e:43561bd58b49c6e6ed58aa791ef348e5|5dc0452c4785a9c1d7127e6b99282faafd96139ba447bb04f0e6d4dbe1da5341',#58,#54,#1306,.T.);
#1308=SURFACE_CURVE('',#472,(#1085,#1096),.PCURVE_S1.);
#1309=EDGE_CURVE('OSCAD_TOPO/3|edge|e:32f6d5491bb362f968fa410b71dc203a|13c917f203ddbb223b46906d267b1262d4dad1e0335198a07ca607dcd55ce439',#52,#60,#1308,.T.);
#1310=SURFACE_CURVE('',#475,(#1080,#1156),.PCURVE_S1.);
#1311=EDGE_CURVE('OSCAD_TOPO/3|edge|e:2daf5884e785646c0a01fa517d16674b|8798ecb73cfd51a912673f64ce11a878db1a80d027f6e21a4944f04fafadd4b0',#60,#56,#1310,.T.);
#1312=SURFACE_CURVE('',#478,(#1101,#1178),.PCURVE_S1.);
#1313=EDGE_CURVE('OSCAD_TOPO/3|edge|e:d65af06d9f3237ed5a80dfd24a38d516|c20f9646aa23bb0616895c71232f56d31612076ab8ee870edd0c8702f3ee035c',#58,#60,#1312,.T.);
#1314=SURFACE_CURVE('',#482,(#1113,#1146),.PCURVE_S1.);
#1315=EDGE_CURVE('OSCAD_TOPO/3|edge|e:03fa76574ae22001dd81321d172f3aaa|7deef71b002454da6d5117577874b8f94f2dc0b3babca40f076e541625909e7a',#54,#2,#1314,.T.);
#1316=SURFACE_CURVE('',#486,(#1124,#1163),.PCURVE_S1.);
#1317=EDGE_CURVE('OSCAD_TOPO/3|edge|e:f394c61f62019f5b915ae66c34228637|655a94bff5c05ac65812788f5a35a87367295e09cef03214aaa91ccc9318b0f3',#10,#56,#1316,.T.);
#1318=SURFACE_CURVE('',#490,(#1134,#1195),.PCURVE_S1.);
#1319=EDGE_CURVE('OSCAD_TOPO/3|edge|e:164856be9d1ac909893a43b5f293408f|9a20f3c90bcfd6f0065d9ca376b6fb6bc1de22a9b805552bd36b1d9924e32519',#58,#12,#1318,.T.);
#1320=SURFACE_CURVE('',#494,(#1173,#1184),.PCURVE_S1.);
#1321=EDGE_CURVE('OSCAD_TOPO/3|edge|e:1c51302e1a645b8f1552e4b4b7557b7f|6ede2fcd8d61891225696bdaea16aa868c7154fa67af30866442a26e8674b33b',#60,#16,#1320,.T.);
#1322=ORIENTED_EDGE('',*,*,#1203,.F.);
#1323=ORIENTED_EDGE('',*,*,#1201,.F.);
#1324=ORIENTED_EDGE('',*,*,#1199,.F.);
#1325=ORIENTED_EDGE('',*,*,#1197,.F.);
#1326=EDGE_LOOP('OSCAD_TOPO/3|loop|l:e367b8a50530df92ef513a1c1ed492a5|5c7877a2a7ad5559202e098189b8e29ff99ccd0b03b6da8e3ae3628a6048db07',(#1322,#1323,#1324,#1325));
#1327=ORIENTED_EDGE('',*,*,#1197,.T.);
#1328=ORIENTED_EDGE('',*,*,#1205,.T.);
#1329=ORIENTED_EDGE('',*,*,#1207,.T.);
#1330=ORIENTED_EDGE('',*,*,#1209,.T.);
#1331=EDGE_LOOP('OSCAD_TOPO/3|loop|l:20978d4029f5e6bc2a99d1062ee43275|2987741b58fb7a504a91bf5ad4424d86c381df70343af3e9df92816ae65cf46b',(#1327,#1328,#1329,#1330));
#1332=ORIENTED_EDGE('',*,*,#1211,.T.);
#1333=ORIENTED_EDGE('',*,*,#1213,.T.);
#1334=ORIENTED_EDGE('',*,*,#1201,.T.);
#1335=ORIENTED_EDGE('',*,*,#1215,.T.);
#1336=EDGE_LOOP('OSCAD_TOPO/3|loop|l:15a5f9f017bcfa774d6e695d891708dc|94e8bcc86968e3fbf5dcb60e4b4ea0b60e44e2be12773065ed2d14ab5433901e',(#1332,#1333,#1334,#1335));
#1337=ORIENTED_EDGE('',*,*,#1221,.F.);
#1338=ORIENTED_EDGE('',*,*,#1207,.F.);
#1339=ORIENTED_EDGE('',*,*,#1219,.F.);
#1340=ORIENTED_EDGE('',*,*,#1217,.F.);
#1341=EDGE_LOOP('OSCAD_TOPO/3|loop|l:a56662766c8c7bde0f20d383b09e1c01|345f180ce61926c86389d792f83edfbb3f23a1f3ad037ac6757ce586870c4254',(#1337,#1338,#1339,#1340));
#1342=ORIENTED_EDGE('',*,*,#1225,.F.);
#1343=ORIENTED_EDGE('',*,*,#1217,.T.);
#1344=ORIENTED_EDGE('',*,*,#1223,.F.);
#1345=ORIENTED_EDGE('',*,*,#1211,.F.);
#1346=EDGE_LOOP('OSCAD_TOPO/3|loop|l:3d32bc6e3420f3837654d2ed47786e36|f2a64fd2b1eac7c38efcb4766f51ea11a26b9f5568af9a49da89046d674d7736',(#1342,#1343,#1344,#1345));
#1347=ORIENTED_EDGE('',*,*,#1199,.T.);
#1348=ORIENTED_EDGE('',*,*,#1231,.F.);
#1349=ORIENTED_EDGE('',*,*,#1229,.F.);
#1350=ORIENTED_EDGE('',*,*,#1227,.F.);
#1351=EDGE_LOOP('OSCAD_TOPO/3|loop|l:890e4fd50b843437ad0b81f4bfb50322|e98c66970f064381472ca95aa4bced14f7631ca1f3e4345e27488ee21a3180a3',(#1347,#1348,#1349,#1350));
#1352=ORIENTED_EDGE('',*,*,#1227,.T.);
#1353=ORIENTED_EDGE('',*,*,#1233,.T.);
#1354=ORIENTED_EDGE('',*,*,#1235,.T.);
#1355=ORIENTED_EDGE('',*,*,#1205,.F.);
#1356=EDGE_LOOP('OSCAD_TOPO/3|loop|l:9b4163901531193b091b5f62282a7e60|c7fbcb4fdb33911dc0d14df0b7eea4fa6d9f69458c2cafcc8ae856ceecca3d97',(#1352,#1353,#1354,#1355));
#1357=ORIENTED_EDGE('',*,*,#1237,.T.);
#1358=ORIENTED_EDGE('',*,*,#1239,.T.);
#1359=ORIENTED_EDGE('',*,*,#1231,.T.);
#1360=ORIENTED_EDGE('',*,*,#1213,.F.);
#1361=EDGE_LOOP('OSCAD_TOPO/3|loop|l:be6fd186702b9820fe5c36cb36daec71|0ca20bd4a2634d3ee44c0ffa88f1fa0da96264a3a10f7c591f32bc4179ea4bae',(#1357,#1358,#1359,#1360));
#1362=ORIENTED_EDGE('',*,*,#1219,.T.);
#1363=ORIENTED_EDGE('',*,*,#1235,.F.);
#1364=ORIENTED_EDGE('',*,*,#1243,.F.);
#1365=ORIENTED_EDGE('',*,*,#1241,.F.);
#1366=EDGE_LOOP('OSCAD_TOPO/3|loop|l:5b3963f7a8254002f6f8339e160dcc95|21c782225b0da5c55cd52c5889a6759f82e85ab446f5c18ff84e75573e3f8764',(#1362,#1363,#1364,#1365));
#1367=ORIENTED_EDGE('',*,*,#1223,.T.);
#1368=ORIENTED_EDGE('',*,*,#1241,.T.);
#1369=ORIENTED_EDGE('',*,*,#1245,.F.);
#1370=ORIENTED_EDGE('',*,*,#1237,.F.);
#1371=EDGE_LOOP('OSCAD_TOPO/3|loop|l:08610dbb87ff2def29b6af3594f0cad2|b22699fd333800c5ae2f9bc8b55945b1ca6d777fbb7b765a37a736cc7c00234b',(#1367,#1368,#1369,#1370));
#1372=ORIENTED_EDGE('',*,*,#1229,.T.);
#1373=ORIENTED_EDGE('',*,*,#1251,.F.);
#1374=ORIENTED_EDGE('',*,*,#1249,.F.);
#1375=ORIENTED_EDGE('',*,*,#1247,.F.);
#1376=EDGE_LOOP('OSCAD_TOPO/3|loop|l:65b7cb695a075b43bf86cad789a4dfe7|90c88524fca2cca70465f4eecf935a73bb65c3d7e2f81669ec632fd614233ce7',(#1372,#1373,#1374,#1375));
#1377=ORIENTED_EDGE('',*,*,#1247,.T.);
#1378=ORIENTED_EDGE('',*,*,#1253,.T.);
#1379=ORIENTED_EDGE('',*,*,#1255,.T.);
#1380=ORIENTED_EDGE('',*,*,#1233,.F.);
#1381=EDGE_LOOP('OSCAD_TOPO/3|loop|l:aea178a7e4f14370b77eb1c674ef836d|48ad8e5659856c9077dd08963832570efd95d6d3d2e0291c20547c9c5c0329ee',(#1377,#1378,#1379,#1380));
#1382=ORIENTED_EDGE('',*,*,#1257,.T.);
#1383=ORIENTED_EDGE('',*,*,#1259,.T.);
#1384=ORIENTED_EDGE('',*,*,#1251,.T.);
#1385=ORIENTED_EDGE('',*,*,#1239,.F.);
#1386=EDGE_LOOP('OSCAD_TOPO/3|loop|l:870726cfa9cbd8a10ce9500b2dcb3e32|19f30b9c7d743ff1191ccd2d1b425312dd95759ffef835e4b9e935f596498045',(#1382,#1383,#1384,#1385));
#1387=ORIENTED_EDGE('',*,*,#1243,.T.);
#1388=ORIENTED_EDGE('',*,*,#1255,.F.);
#1389=ORIENTED_EDGE('',*,*,#1263,.F.);
#1390=ORIENTED_EDGE('',*,*,#1261,.F.);
#1391=EDGE_LOOP('OSCAD_TOPO/3|loop|l:e8a968734d90b8fa5f8e65f88681825e|d62da6231ef4b3708f24a3b81adcbd8001f0f22c7d84daf26a66cf9e7ad001f2',(#1387,#1388,#1389,#1390));
#1392=ORIENTED_EDGE('',*,*,#1245,.T.);
#1393=ORIENTED_EDGE('',*,*,#1261,.T.);
#1394=ORIENTED_EDGE('',*,*,#1265,.F.);
#1395=ORIENTED_EDGE('',*,*,#1257,.F.);
#1396=EDGE_LOOP('OSCAD_TOPO/3|loop|l:f7e946c29d3f2e50b8df193ecbb74b48|0d157ec2eded9152339bab57168bb3915510d9a09f3736dd098958c8015ca394',(#1392,#1393,#1394,#1395));
#1397=ORIENTED_EDGE('',*,*,#1267,.T.);
#1398=ORIENTED_EDGE('',*,*,#1269,.T.);
#1399=ORIENTED_EDGE('',*,*,#1271,.T.);
#1400=ORIENTED_EDGE('',*,*,#1253,.F.);
#1401=EDGE_LOOP('OSCAD_TOPO/3|loop|l:40830a64a7eda1c0c071a5e9e9473d34|c872c6dfb732f88a5e0c298af7e220316ef864d9badbe4148fcfd81b8b9ccdae',(#1397,#1398,#1399,#1400));
#1402=ORIENTED_EDGE('',*,*,#1273,.T.);
#1403=ORIENTED_EDGE('',*,*,#1275,.T.);
#1404=ORIENTED_EDGE('',*,*,#1267,.F.);
#1405=ORIENTED_EDGE('',*,*,#1259,.F.);
#1406=EDGE_LOOP('OSCAD_TOPO/3|loop|l:25f903b9e7cb237903db104a220192ee|a935f27c04a927490ac8084141ad8ba453722baa22d786ee4749547f54ba8aca',(#1402,#1403,#1404,#1405));
#1407=ORIENTED_EDGE('',*,*,#1263,.T.);
#1408=ORIENTED_EDGE('',*,*,#1271,.F.);
#1409=ORIENTED_EDGE('',*,*,#1279,.F.);
#1410=ORIENTED_EDGE('',*,*,#1277,.F.);
#1411=EDGE_LOOP('OSCAD_TOPO/3|loop|l:a97542f725d47e7ee3899566dcb999ff|cb74011613b888ea72d06b8783f441243f4c4682b131d32e56e1022e9d3a9d28',(#1407,#1408,#1409,#1410));
#1412=ORIENTED_EDGE('',*,*,#1265,.T.);
#1413=ORIENTED_EDGE('',*,*,#1277,.T.);
#1414=ORIENTED_EDGE('',*,*,#1281,.F.);
#1415=ORIENTED_EDGE('',*,*,#1273,.F.);
#1416=EDGE_LOOP('OSCAD_TOPO/3|loop|l:2295bd519941fbd1600fe2671f64502e|4647ce53fedcb30057dc68875a4df7b36d970cde89b094287719dd0223bdc9fb',(#1412,#1413,#1414,#1415));
#1417=ORIENTED_EDGE('',*,*,#1283,.T.);
#1418=ORIENTED_EDGE('',*,*,#1285,.T.);
#1419=ORIENTED_EDGE('',*,*,#1287,.T.);
#1420=ORIENTED_EDGE('',*,*,#1269,.F.);
#1421=EDGE_LOOP('OSCAD_TOPO/3|loop|l:91dc5c57722e70b7d7f7f0f44ed7c99b|7344aa52337908181691d911d93b6971c902bc35b270ac383ff8125d76e43c1c',(#1417,#1418,#1419,#1420));
#1422=ORIENTED_EDGE('',*,*,#1289,.T.);
#1423=ORIENTED_EDGE('',*,*,#1291,.T.);
#1424=ORIENTED_EDGE('',*,*,#1283,.F.);
#1425=ORIENTED_EDGE('',*,*,#1275,.F.);
#1426=EDGE_LOOP('OSCAD_TOPO/3|loop|l:8a7c187854c6dd906e57097a59de28ec|dcabe7528a303645a3ca751af03faea12f46d81ca629dd53d248fc7cacf7df59',(#1422,#1423,#1424,#1425));
#1427=ORIENTED_EDGE('',*,*,#1279,.T.);
#1428=ORIENTED_EDGE('',*,*,#1287,.F.);
#1429=ORIENTED_EDGE('',*,*,#1295,.F.);
#1430=ORIENTED_EDGE('',*,*,#1293,.F.);
#1431=EDGE_LOOP('OSCAD_TOPO/3|loop|l:363199fe314e9852b9da1e05e192c6aa|4644e60acb735f769b33806ede5336717b9c859e94292d31dac2a95ac2206ed9',(#1427,#1428,#1429,#1430));
#1432=ORIENTED_EDGE('',*,*,#1281,.T.);
#1433=ORIENTED_EDGE('',*,*,#1293,.T.);
#1434=ORIENTED_EDGE('',*,*,#1297,.F.);
#1435=ORIENTED_EDGE('',*,*,#1289,.F.);
#1436=EDGE_LOOP('OSCAD_TOPO/3|loop|l:4cf6415198fbb126b4f270dedb76c603|110a70f626b170ac311892551b6ebd7ea222ad6a8e1bfc2a7e41997e3737ec2e',(#1432,#1433,#1434,#1435));
#1437=ORIENTED_EDGE('',*,*,#1299,.T.);
#1438=ORIENTED_EDGE('',*,*,#1301,.T.);
#1439=ORIENTED_EDGE('',*,*,#1303,.T.);
#1440=ORIENTED_EDGE('',*,*,#1285,.F.);
#1441=EDGE_LOOP('OSCAD_TOPO/3|loop|l:79432c87564d78630a2f8127bc524bc9|1383873be75640347cb6c9659d168aa55f243d6af401d2333b1b9878fd5f2ea6',(#1437,#1438,#1439,#1440));
#1442=ORIENTED_EDGE('',*,*,#1305,.T.);
#1443=ORIENTED_EDGE('',*,*,#1307,.T.);
#1444=ORIENTED_EDGE('',*,*,#1299,.F.);
#1445=ORIENTED_EDGE('',*,*,#1291,.F.);
#1446=EDGE_LOOP('OSCAD_TOPO/3|loop|l:48941cd17cd8f2944deb2e59f45cd6c7|b92501b1c9d404a764fa4d7b6f259f462fd8c29846e5d35f1295ceb9fcbfb40d',(#1442,#1443,#1444,#1445));
#1447=ORIENTED_EDGE('',*,*,#1295,.T.);
#1448=ORIENTED_EDGE('',*,*,#1303,.F.);
#1449=ORIENTED_EDGE('',*,*,#1311,.F.);
#1450=ORIENTED_EDGE('',*,*,#1309,.F.);
#1451=EDGE_LOOP('OSCAD_TOPO/3|loop|l:1d53187db17a96fff5f622121bf4f781|b064334498b3724bec67dc7e311687994249a4703e1e00767db17a30274e28a4',(#1447,#1448,#1449,#1450));
#1452=ORIENTED_EDGE('',*,*,#1297,.T.);
#1453=ORIENTED_EDGE('',*,*,#1309,.T.);
#1454=ORIENTED_EDGE('',*,*,#1313,.F.);
#1455=ORIENTED_EDGE('',*,*,#1305,.F.);
#1456=EDGE_LOOP('OSCAD_TOPO/3|loop|l:735e2d25ebc834f4e0dec018a1cf54bd|d6d1aa648680ee2cba8772c3b9bc9bd0a0cb2e56b258f0bdfb44975389e9f31a',(#1452,#1453,#1454,#1455));
#1457=ORIENTED_EDGE('',*,*,#1315,.T.);
#1458=ORIENTED_EDGE('',*,*,#1209,.F.);
#1459=ORIENTED_EDGE('',*,*,#1317,.T.);
#1460=ORIENTED_EDGE('',*,*,#1301,.F.);
#1461=EDGE_LOOP('OSCAD_TOPO/3|loop|l:4ad3fbbd286b8d15f133837613cb485a|72b43bc60310020b78c49bb31848187f9d721e3d72d387fe62623c7bad649f72',(#1457,#1458,#1459,#1460));
#1462=ORIENTED_EDGE('',*,*,#1319,.T.);
#1463=ORIENTED_EDGE('',*,*,#1215,.F.);
#1464=ORIENTED_EDGE('',*,*,#1315,.F.);
#1465=ORIENTED_EDGE('',*,*,#1307,.F.);
#1466=EDGE_LOOP('OSCAD_TOPO/3|loop|l:d580f20fe99f430776ab21e8df0621f6|856242ee8586bbd777c096947b453a64dbcb98a6b2ce3c0207ec2ff4e92b4c0d',(#1462,#1463,#1464,#1465));
#1467=ORIENTED_EDGE('',*,*,#1311,.T.);
#1468=ORIENTED_EDGE('',*,*,#1317,.F.);
#1469=ORIENTED_EDGE('',*,*,#1221,.T.);
#1470=ORIENTED_EDGE('',*,*,#1321,.F.);
#1471=EDGE_LOOP('OSCAD_TOPO/3|loop|l:a21bdc38f58b22fae6e87d0218b620e9|26a07fe61a6990534ef26af78ed67119e4e5f5fa9c080a178fdadb2a0573ef97',(#1467,#1468,#1469,#1470));
#1472=ORIENTED_EDGE('',*,*,#1313,.T.);
#1473=ORIENTED_EDGE('',*,*,#1321,.T.);
#1474=ORIENTED_EDGE('',*,*,#1225,.T.);
#1475=ORIENTED_EDGE('',*,*,#1319,.F.);
#1476=EDGE_LOOP('OSCAD_TOPO/3|loop|l:652081ab8dff555906d56ef5f708a7d8|efb3eabb0f3ea70342756ba27354f862e384c783aa2b8d8ccf6863a13edd3d26',(#1472,#1473,#1474,#1475));
#1477=FACE_OUTER_BOUND('',#1326,.T.);
#1478=ADVANCED_FACE('OSCAD_TOPO/3|face|f:08d6fe19908386606a371862ee46f944|bdf9712ea8a8c88c27d70c604c451314281bf806b01dad1ca60d7ec27e77c42f',(#1477),#79,.T.);
#1479=FACE_OUTER_BOUND('',#1331,.T.);
#1480=ADVANCED_FACE('OSCAD_TOPO/3|face|f:9ed216d09ad28532d35525679a0b3a80|8c18d5d9a3eb0970965609986ff5b8e99ec6e08e1da320fca7db299e03b1fff9',(#1479),#84,.T.);
#1481=FACE_OUTER_BOUND('',#1336,.T.);
#1482=ADVANCED_FACE('OSCAD_TOPO/3|face|f:2bfa8197802c65cdb0341ae147152248|76cf654be3850ad22b95885d80f2f64e46bdc8009328d2f94c35255cd8fa19cd',(#1481),#97,.T.);
#1483=FACE_OUTER_BOUND('',#1341,.T.);
#1484=ADVANCED_FACE('OSCAD_TOPO/3|face|f:0bb1e1dd75702dabc29c9af3c2b38eb0|d30c2c2f4e6288c720585d32d012593a99fce3077f5baf627bfeeba1c425cb41',(#1483),#110,.T.);
#1485=FACE_OUTER_BOUND('',#1346,.T.);
#1486=ADVANCED_FACE('OSCAD_TOPO/3|face|f:56db1d314c79d2b2b68bc86e40af7234|e8fe5912dd49426ae4b6163f570bbb2e093783837499187455054c2b449114e6',(#1485),#115,.T.);
#1487=FACE_OUTER_BOUND('',#1351,.T.);
#1488=ADVANCED_FACE('OSCAD_TOPO/3|face|f:a46808cbe966eaa08397cf42ab24bcee|93bf65308809708a6920a1cb99e31cf1ad5648726af0f57986b16b8924ad57c0',(#1487),#125,.T.);
#1489=FACE_OUTER_BOUND('',#1356,.T.);
#1490=ADVANCED_FACE('OSCAD_TOPO/3|face|f:020ecb0556562e5e23c5041b31caa796|789105a54ad1e04b0a5d89df619fd7ed213313ca39151cd4fd6818fc973b1cd9',(#1489),#84,.T.);
#1491=FACE_OUTER_BOUND('',#1361,.T.);
#1492=ADVANCED_FACE('OSCAD_TOPO/3|face|f:276c10ef812979cf27ad8aac7438b7f9|8a8c319718293aa110a67c6fd1eca63d324ee3aafc05f144b7e2d8320c31ab03',(#1491),#132,.T.);
#1493=FACE_OUTER_BOUND('',#1366,.T.);
#1494=ADVANCED_FACE('OSCAD_TOPO/3|face|f:d37a871e8c1b6243a0f28774d9f6ce60|0292ee228b517522863552ce3252eb2550bc426cae9a4eb94362c4a8a56d59b6',(#1493),#139,.T.);
#1495=FACE_OUTER_BOUND('',#1371,.T.);
#1496=ADVANCED_FACE('OSCAD_TOPO/3|face|f:00803e9fb67660307d79313be29f9624|47000282368bac54e1921e20bb7e40f6709fe3a333719a09193337159242e4c1',(#1495),#115,.T.);
#1497=FACE_OUTER_BOUND('',#1376,.T.);
#1498=ADVANCED_FACE('OSCAD_TOPO/3|face|f:d24c53c98387dbb3a5c90d3b9fbcb027|02f4f4f4a23cd308a2670f9f6f3c14a823e349972bbf5060def69a390aaac148',(#1497),#158,.T.);
#1499=FACE_OUTER_BOUND('',#1381,.T.);
#1500=ADVANCED_FACE('OSCAD_TOPO/3|face|f:82197f9e157d45f8ceacb9bc21e29214|72d85e8ebc06639bb9bccedfc813125520cc71ed8c95782aecd43ffa3679f8c1',(#1499),#84,.T.);
#1501=FACE_OUTER_BOUND('',#1386,.T.);
#1502=ADVANCED_FACE('OSCAD_TOPO/3|face|f:83f22aa027faa2fd3460c94ac0fcd6ff|48c0a8b8871e7b50d357464be84b4ff6c26dfdd13c5c8b8eabec06814a37df84',(#1501),#171,.T.);
#1503=FACE_OUTER_BOUND('',#1391,.T.);
#1504=ADVANCED_FACE('OSCAD_TOPO/3|face|f:b50f3372d17423210919255dc454345e|adb2446eccc677042dfe04665c32904537574e9f45f73960b6d7e445e7f535f0',(#1503),#184,.T.);
#1505=FACE_OUTER_BOUND('',#1396,.T.);
#1506=ADVANCED_FACE('OSCAD_TOPO/3|face|f:3cb43f791cc9757e669fe3f9c784b173|449c41f6cedf9cfdd90ce73f461cec9468a759aabc43ed45d40c407adf3da8b5',(#1505),#115,.T.);
#1507=FACE_OUTER_BOUND('',#1401,.T.);
#1508=ADVANCED_FACE('OSCAD_TOPO/3|face|f:7f141b20ded2860bdbde262edbe30087|6d6a5aa21ff6149b33de951e054669db448e49cba9f013f15125f15fd2846e1a',(#1507),#84,.T.);
#1509=FACE_OUTER_BOUND('',#1406,.T.);
#1510=ADVANCED_FACE('OSCAD_TOPO/3|face|f:c7231e1bbc58fcfb300e362db7b9b86e|aaa8a584b5c1211c5365b2180562e13b5018b5f0c6815e45d7d14dcb4069f999',(#1509),#191,.T.);
#1511=FACE_OUTER_BOUND('',#1411,.T.);
#1512=ADVANCED_FACE('OSCAD_TOPO/3|face|f:6079c576c9cfc24a2085bd69d9ea7584|5049b12743a53ee2b24c90fa7b8ae9b5458b8fc4f94c3eab016000ecc2fc6082',(#1511),#198,.T.);
#1513=FACE_OUTER_BOUND('',#1416,.T.);
#1514=ADVANCED_FACE('OSCAD_TOPO/3|face|f:e9d320c3a069bea257af053ce38aa330|2d9b302856625244996f5e586a5d38e52ba140a1bdf795bcc7d6b5aebb697e6c',(#1513),#115,.T.);
#1515=FACE_OUTER_BOUND('',#1421,.T.);
#1516=ADVANCED_FACE('OSCAD_TOPO/3|face|f:56eb2524011be3042802ce589d654dcd|2b63cf44e1fce7c9d4343deb73fd9bf77a0014f5708885610f04fd15c15d92b3',(#1515),#84,.T.);
#1517=FACE_OUTER_BOUND('',#1426,.T.);
#1518=ADVANCED_FACE('OSCAD_TOPO/3|face|f:28a0cea765ca3149fdf95f01bee1d494|1e5d92b35d4184b67a7fc1546e2399df79ed85d96a2556556627ebdf13343948',(#1517),#205,.T.);
#1519=FACE_OUTER_BOUND('',#1431,.T.);
#1520=ADVANCED_FACE('OSCAD_TOPO/3|face|f:7c6841835320de4f7de8c12460f6ce10|00426370ef11c64a157225f260a9486d38e39502fd951eb43313bc92b1501e2e',(#1519),#212,.T.);
#1521=FACE_OUTER_BOUND('',#1436,.T.);
#1522=ADVANCED_FACE('OSCAD_TOPO/3|face|f:9bc2b09f41f2f89ba238335c4522e06a|17a2d6b86cec4d4e765b860e966752303d66b1777f36128860424c0dbbd1e245',(#1521),#115,.T.);
#1523=FACE_OUTER_BOUND('',#1441,.T.);
#1524=ADVANCED_FACE('OSCAD_TOPO/3|face|f:dae719a97f76ecac6b9c96fadd9ed418|127fc115ae12c1f9a7b06e3906065237e949ba1d36a3391a34ab13529bc39ff9',(#1523),#84,.T.);
#1525=FACE_OUTER_BOUND('',#1446,.T.);
#1526=ADVANCED_FACE('OSCAD_TOPO/3|face|f:3c121a4f38d8c670674a48b72f3413b9|53d0a3a0e3a0fbf26e71e0c6e2977064f898d52e4671795662b4730e5ce255e9',(#1525),#219,.T.);
#1527=FACE_OUTER_BOUND('',#1451,.T.);
#1528=ADVANCED_FACE('OSCAD_TOPO/3|face|f:e89055037b3d5b7a402d78c42a7f17d9|acb6347248359d5fd15f2aaa6b286c2fc65d91008e1cd60f7ba9a1091eb07589',(#1527),#226,.T.);
#1529=FACE_OUTER_BOUND('',#1456,.T.);
#1530=ADVANCED_FACE('OSCAD_TOPO/3|face|f:1b7c95fafd7568264aa44ca00a642b2b|328ad5b0fdbbc1eb184557a9046bc6cf9ecac2bc81a3205267b1e8beb31ef3b1',(#1529),#115,.T.);
#1531=FACE_OUTER_BOUND('',#1461,.T.);
#1532=ADVANCED_FACE('OSCAD_TOPO/3|face|f:ee74d3a84454598f5aecebb5dfdf3c57|672bda0a5bceeffb0d128e4a9c3111ca57384ef086af5b216ce368c0b58e009f',(#1531),#84,.T.);
#1533=FACE_OUTER_BOUND('',#1466,.T.);
#1534=ADVANCED_FACE('OSCAD_TOPO/3|face|f:25d28dfc26dafbac4135134eb8073dae|689e6028b731271c0e46a7e5ae9fe0decb0a62c70fbb1a094e3dbdba739a2d36',(#1533),#233,.T.);
#1535=FACE_OUTER_BOUND('',#1471,.T.);
#1536=ADVANCED_FACE('OSCAD_TOPO/3|face|f:ebf4fe6c6d8bfb77565a565b579fdb13|0848c18cf25602e0cbf6fa1987cc84450471075e515f3950b2e46bdd3a6b6d08',(#1535),#240,.T.);
#1537=FACE_OUTER_BOUND('',#1476,.T.);
#1538=ADVANCED_FACE('OSCAD_TOPO/3|face|f:846ea2575ca5e6905a3d40133ed034a9|c21ca9ba6a1436cc7417dcfd885ad890f248d2bc3027508a608d58db433ba98f',(#1537),#115,.T.);
#1539=CLOSED_SHELL('OSCAD_TOPO/3|shell|s:9b19ec2b835b6d66f6dc1dc306a53616|e9e26be7b7e880b8ba8c33f53699dcdebf39ed8564318b264fdfc5edafc0f03d',(#1478,#1480,#1482,#1484,#1486,#1488,#1490,#1492,#1494,#1496,#1498,#1500,#1502,#1504,#1506,#1508,#1510,#1512,#1514,#1516,#1518,#1520,#1522,#1524,#1526,#1528,#1530,#1532,#1534,#1536,#1538));
#1540=MANIFOLD_SOLID_BREP('OSCAD_TOPO/3|body|b:2eb2a667e5ee5076d3e22298a77b20d6|1d837e41e06ee4c74a07076dfa3f42b4bbb61c2285cd2396d7b8b660fe4fdf4d',#1539);
#1541=(LENGTH_UNIT()NAMED_UNIT(*)SI_UNIT(.MILLI.,.METRE.));
#1542=UNCERTAINTY_MEASURE_WITH_UNIT(LENGTH_MEASURE(9.99999999999999955E-8),#1541,'distance_accuracy_value','');
#1543=(GEOMETRIC_REPRESENTATION_CONTEXT(3)GLOBAL_UNCERTAINTY_ASSIGNED_CONTEXT((#1542))GLOBAL_UNIT_ASSIGNED_CONTEXT((#1541))REPRESENTATION_CONTEXT('','3D'));
#1544=ADVANCED_BREP_SHAPE_REPRESENTATION('',(#1540),#1543);
#1545=APPLICATION_CONTEXT('managed model based 3d engineering');
#1546=PRODUCT_CONTEXT('',#1545,'mechanical');
#1547=PRODUCT('model','model','',(#1546));
#1548=PRODUCT_DEFINITION_FORMATION('1','',#1547);
#1549=PRODUCT_DEFINITION_CONTEXT('part definition',#1545,'design');
#1550=PRODUCT_DEFINITION('design','',#1548,#1549);
#1551=PRODUCT_DEFINITION_SHAPE('','',#1550);
#1552=SHAPE_DEFINITION_REPRESENTATION(#1551,#1544);
ENDSEC;
END-ISO-10303-21;
