ISO-10303-21;
HEADER;
FILE_DESCRIPTION(('OpenSCAD Viewer retained AP242 B-rep'),'2;1');
FILE_NAME('model.step','',(''),(''),'OpenSCAD Viewer','OpenSCAD Viewer','');
FILE_SCHEMA(('AP242_MANAGED_MODEL_BASED_3D_ENGINEERING_MIM_LF'));
ENDSEC;
DATA;
#1=CARTESIAN_POINT('',(1.00000000000000000E0,0.00000000000000000E0,0.00000000000000000E0));
#2=VERTEX_POINT('OSCAD_TOPO/3|vertex|v:befe2ea341ef65389fdccf7b3e2df3b0|8e25ccad3a3f68fd24d7b20fab6b4ed802a15355cd7e7b9022a346f61c6b204f',#1);
#3=CARTESIAN_POINT('',(0.00000000000000000E0,5.00000000000000000E-1,0.00000000000000000E0));
#4=VERTEX_POINT('OSCAD_TOPO/3|vertex|v:d2c9d309c8baeb414eb1dbc590614e81|24d4900efc5a829bc2a8e469e883f3b58eb177407e6fcb09040bf44a2621498d',#3);
#5=CARTESIAN_POINT('',(-1.00000000000000000E0,0.00000000000000000E0,0.00000000000000000E0));
#6=VERTEX_POINT('OSCAD_TOPO/3|vertex|v:e8383cc89db6828ff6cd38365fafdb7a|a8f9ceebd71915287b6bd8226ad2cf519c9e2009450585131f66478870cca77a',#5);
#7=CARTESIAN_POINT('',(0.00000000000000000E0,-5.00000000000000000E-1,0.00000000000000000E0));
#8=VERTEX_POINT('OSCAD_TOPO/3|vertex|v:accf73ee661a5f72096a66e2fe7d7ae1|10a8ef953b178e5b82934ac00c049c2803a5ef1725f6409a743e8c34662fd076',#7);
#9=CARTESIAN_POINT('',(3.99999999999636202E-1,0.00000000000000000E0,0.00000000000000000E0));
#10=VERTEX_POINT('OSCAD_TOPO/3|vertex|v:0cf50cecba355a3443c0ae81dcc6664b|609e330d43656f101ff1b4e7a214ba9b07687faa89025b7ad0d8d1d601014f77',#9);
#11=CARTESIAN_POINT('',(0.00000000000000000E0,-1.99999999999818101E-1,0.00000000000000000E0));
#12=VERTEX_POINT('OSCAD_TOPO/3|vertex|v:d7e39aa349bc8a19a038193041668739|2c3bf254dfbfd808189d9038e089e4cfb68eed704f25ccecc9824a88ab7996ad',#11);
#13=CARTESIAN_POINT('',(-3.99999999999636202E-1,0.00000000000000000E0,0.00000000000000000E0));
#14=VERTEX_POINT('OSCAD_TOPO/3|vertex|v:2d4d010a574ae702fb9507763752396c|ab43f50f229391b537417f6b87ce14abed559060af8b64d93fed32c20f46241d',#13);
#15=CARTESIAN_POINT('',(0.00000000000000000E0,1.99999999999818101E-1,0.00000000000000000E0));
#16=VERTEX_POINT('OSCAD_TOPO/3|vertex|v:01b9928ef1ce18ee77304dd05e398a01|df3b505e004149c4c5308ca4f4c16fdb9e957367fddcaca579095c98e4acd5e4',#15);
#17=CARTESIAN_POINT('',(1.00000000000000000E0,0.00000000000000000E0,1.25000000000000000E0));
#18=VERTEX_POINT('OSCAD_TOPO/3|vertex|v:83c68106e7797c294778f8e175af07b3|f309f6bddfda96cf3a3f1223a5a2cd5e6ebf836ff9784e5d0e4ebe1c83cebd46',#17);
#19=CARTESIAN_POINT('',(0.00000000000000000E0,4.96138938356833870E-1,1.18798263270539572E0));
#20=VERTEX_POINT('OSCAD_TOPO/3|vertex|v:026413cdc2f015aad8f992630be7bcab|09b61732c9dd3a733d8414a421ae0fdca9523f69d5abc2dfc384828146d5eabf',#19);
#21=CARTESIAN_POINT('',(-1.00000000000000000E0,0.00000000000000000E0,1.25000000000000000E0));
#22=VERTEX_POINT('OSCAD_TOPO/3|vertex|v:8eed3fa6e779dcff6dd6d60a25aaccf4|7940ee6e7f87d9486aaf00c1e79f643e7ad370689cdd1342ccfbe7a486a1e902',#21);
#23=CARTESIAN_POINT('',(0.00000000000000000E0,-4.96138938356833870E-1,1.31201736729460428E0));
#24=VERTEX_POINT('OSCAD_TOPO/3|vertex|v:6e402491c65a4bb526c22e4a44491892|034958f4ec8956b17c53b1c3ea756a8351685036abf58fb178662818005e7fd4',#23);
#25=CARTESIAN_POINT('',(4.00000000000000022E-1,0.00000000000000000E0,1.25000000000000000E0));
#26=VERTEX_POINT('OSCAD_TOPO/3|vertex|v:7293038e12e7e143c8712dbcbbad35f0|8beb6ab111101af82c15c3648093f56c4029e24902e001fd3fe2b1d4e9e4d445',#25);
#27=CARTESIAN_POINT('',(0.00000000000000000E0,-1.98455575342733559E-1,1.27480694691784180E0));
#28=VERTEX_POINT('OSCAD_TOPO/3|vertex|v:5e864c302f63493e92f0f38f9a9db39f|cb3c0a54c7180bb4f52c45500516a856100b131998ab250a8fb6f6d71578def1',#27);
#29=CARTESIAN_POINT('',(-4.00000000000000022E-1,0.00000000000000000E0,1.25000000000000000E0));
#30=VERTEX_POINT('OSCAD_TOPO/3|vertex|v:deccdd45bd7a7a8b6b44c18eb2bf41ce|dc52eb9290ccffe776e0c6dbf0ce2378c9e2f15ca61f58cea7c91c415e1e1d6f',#29);
#31=CARTESIAN_POINT('',(0.00000000000000000E0,1.98455575342733559E-1,1.22519305308215820E0));
#32=VERTEX_POINT('OSCAD_TOPO/3|vertex|v:bf971723be26c9e18daa31fa8f9d227d|fd50cbd97650b219797fb33193fe718e86349a1c4c9d0959a64dd97e369a1fbf',#31);
#33=CARTESIAN_POINT('',(1.00000000000000000E0,0.00000000000000000E0,2.50000000000000000E0));
#34=VERTEX_POINT('OSCAD_TOPO/3|vertex|v:3119db226cd244c194bf8cf244c00bd6|0310cafee8d0d1dab6c6edb6954708a30737a5d9ccc5d36e00c503136e4a9be9',#33);
#35=CARTESIAN_POINT('',(0.00000000000000000E0,4.85071250072665938E-1,2.37873218748183346E0));
#36=VERTEX_POINT('OSCAD_TOPO/3|vertex|v:3064cd14ba67e9bce66e35d21d0ed313|66da98837f8472cc85e896b9babfd07a332cf2e7e718b59a72c7a24a7f002767',#35);
#37=CARTESIAN_POINT('',(-1.00000000000000000E0,0.00000000000000000E0,2.50000000000000000E0));
#38=VERTEX_POINT('OSCAD_TOPO/3|vertex|v:f37cae4c6392e86f91e11a9aae2cb120|e557364d70b92424994006a0ce024b4d8d55b0c7acb375251ef0fb3d0d27c7ba',#37);
#39=CARTESIAN_POINT('',(0.00000000000000000E0,-4.85071250072665938E-1,2.62126781251816654E0));
#40=VERTEX_POINT('OSCAD_TOPO/3|vertex|v:63836a4a66fc70110b1a41376a2980d2|5235d970e9e3bdd2aa3c8103a242fcf38cdb3483d29c4c99df5f8b2d8d43f0cf',#39);
#41=CARTESIAN_POINT('',(4.00000000000000022E-1,0.00000000000000000E0,2.50000000000000000E0));
#42=VERTEX_POINT('OSCAD_TOPO/3|vertex|v:abe558674e1dae2630869f6a1beedffb|afae9e56c37997a1333dbe730c67b167d2ac4f1b4a3f87a5bad736c89cbe844a',#41);
#43=CARTESIAN_POINT('',(0.00000000000000000E0,-1.94028500029066381E-1,2.54850712500726662E0));
#44=VERTEX_POINT('OSCAD_TOPO/3|vertex|v:3d2902c32191df3644fe0247963761f3|425d186ebdca192c30c0d5c52a8d1f1022958161a15f3d29766b6851595ad16f',#43);
#45=CARTESIAN_POINT('',(-4.00000000000000022E-1,0.00000000000000000E0,2.50000000000000000E0));
#46=VERTEX_POINT('OSCAD_TOPO/3|vertex|v:431e17742035625ffba6a0bf1911a680|db06dae302a4ef720e6662c2ad09cbb95b59ce2f59305e082e7268418a516446',#45);
#47=CARTESIAN_POINT('',(0.00000000000000000E0,1.94028500029066381E-1,2.45149287499273338E0));
#48=VERTEX_POINT('OSCAD_TOPO/3|vertex|v:2f58bd1f144ae593ceecf76267f31bb8|27c3f86d84882710fdb4d5ba2a93b812acf4465791167aebd97b9a46f5479d6a',#47);
#49=CARTESIAN_POINT('',(1.00000000000000000E0,0.00000000000000000E0,3.75000000000000000E0));
#50=VERTEX_POINT('OSCAD_TOPO/3|vertex|v:a4408336b8fb833b0b5ced0556754fce|bf2b1c7eb5c3d5f3a610b519820d75c9adf84a1620de2fa5413348c1b36ad221',#49);
#51=CARTESIAN_POINT('',(0.00000000000000000E0,4.68164588784522273E-1,3.57443827920580404E0));
#52=VERTEX_POINT('OSCAD_TOPO/3|vertex|v:1eba7e1b96e892cf7e9ddea7a5d70c84|52d994b2e7432ad38a9c9b59fdc4b4dcb3a9df55b40aafb7d3e9c312868e52b2',#51);
#53=CARTESIAN_POINT('',(-1.00000000000000000E0,0.00000000000000000E0,3.75000000000000000E0));
#54=VERTEX_POINT('OSCAD_TOPO/3|vertex|v:a4cffe04be61a7f86a0c6134e245e997|42ba524c48b73a49635d3f19ee12e3cca67bdf90939152fc4993c15fdf48d4fd',#53);
#55=CARTESIAN_POINT('',(0.00000000000000000E0,-4.68164588784522273E-1,3.92556172079419596E0));
#56=VERTEX_POINT('OSCAD_TOPO/3|vertex|v:35df446d49831fae362a3caff5be15b1|cfd7398aee40af153d80d9df4de22338bc86aea034827a86c91ae0c79a27e485',#55);
#57=CARTESIAN_POINT('',(4.00000000000000022E-1,0.00000000000000000E0,3.75000000000000000E0));
#58=VERTEX_POINT('OSCAD_TOPO/3|vertex|v:a4f54231f6f18c5eee7c2278b28d16c4|e3bb68a34a8cf544bb6b6180442c6eaa1adbce7dda46f76230fd6d2809ca7875',#57);
#59=CARTESIAN_POINT('',(0.00000000000000000E0,-1.87265835513808931E-1,3.82022468831767847E0));
#60=VERTEX_POINT('OSCAD_TOPO/3|vertex|v:758d394da3a60ae3a4cd912f7cf2e53b|7a8d3851ce51b916c74df297c49d130c41534a0bca589befa6e6c9b45efa6ef3',#59);
#61=CARTESIAN_POINT('',(-4.00000000000000022E-1,0.00000000000000000E0,3.75000000000000000E0));
#62=VERTEX_POINT('OSCAD_TOPO/3|vertex|v:e6ce347920a7a84128de7dbe85289e7d|95841941e5a94c17d6aa4e9ccc6d272ba377c1c6f43326ccc4fbc511a51a3261',#61);
#63=CARTESIAN_POINT('',(0.00000000000000000E0,1.87265835513808931E-1,3.67977531168232153E0));
#64=VERTEX_POINT('OSCAD_TOPO/3|vertex|v:324e1f23787856f680f8abbfc8335e48|41e36bc12bc56cb47c96b8303d74e372208f7674d66027885f9b5a99f3a7b44d',#63);
#65=CARTESIAN_POINT('',(1.00000000000000000E0,0.00000000000000000E0,5.00000000000000000E0));
#66=VERTEX_POINT('OSCAD_TOPO/3|vertex|v:b4913cc6411e62dfce9aa40a05ee1532|15ca594e5818dcaf184cf341e1483c7af0962934f6e23540f953cb2c76fe0f5b',#65);
#67=CARTESIAN_POINT('',(0.00000000000000000E0,4.47213595499957928E-1,4.77639320225002084E0));
#68=VERTEX_POINT('OSCAD_TOPO/3|vertex|v:229dba15525eaf2154b156f3ff5a5674|35c0f7ae2a243b69831cb8ee713ddd8c0e115067b23f92a2c0092832d9dc3518',#67);
#69=CARTESIAN_POINT('',(-1.00000000000000000E0,0.00000000000000000E0,5.00000000000000000E0));
#70=VERTEX_POINT('OSCAD_TOPO/3|vertex|v:3f1bedcc6fa0f373deb65bb96f9d04d3|10a887ce93541cc3a3570178b441fc3fc8ca430cb68fd5fa2f6b5bcff179d1e9',#69);
#71=CARTESIAN_POINT('',(0.00000000000000000E0,-4.47213595499957928E-1,5.22360679774997916E0));
#72=VERTEX_POINT('OSCAD_TOPO/3|vertex|v:85245b2381954ec0b412bab2c7a00882|0253299efa2ad034e909be2abb10622b7ff0d729c56a8560b92b36c980f963c8',#71);
#73=CARTESIAN_POINT('',(4.00000000000000022E-1,0.00000000000000000E0,5.00000000000000000E0));
#74=VERTEX_POINT('OSCAD_TOPO/3|vertex|v:ab69a5d43e42dd54ef7932f008f09a81|ffd9425e67e5ab641400e5bc9e4c5160e6e168d57d5f297fce228ea94833a141',#73);
#75=CARTESIAN_POINT('',(0.00000000000000000E0,-1.78885438199983177E-1,5.08944271909999202E0));
#76=VERTEX_POINT('OSCAD_TOPO/3|vertex|v:f35c40659af7512867a04edd9a8f53d3|83f698207aec92988edb816f6cd9016a0baa219196b5f38b8e4e2c899d7c1d47',#75);
#77=CARTESIAN_POINT('',(-4.00000000000000022E-1,0.00000000000000000E0,5.00000000000000000E0));
#78=VERTEX_POINT('OSCAD_TOPO/3|vertex|v:fb7e180c0a19556af993304ee0a56f17|1b1535e895160c9aa50a2a4806173b3c04fe7fb0c212bf9f025584cca0118cef',#77);
#79=CARTESIAN_POINT('',(0.00000000000000000E0,1.78885438199983177E-1,4.91055728090000798E0));
#80=VERTEX_POINT('OSCAD_TOPO/3|vertex|v:b3fb89dcd87b042a43a5651b36fac952|2705e21ccfe7c3047720eea3588d0d79027aa040945d86eed4f9cb3422683186',#79);
#81=CARTESIAN_POINT('',(1.00000000000000000E0,0.00000000000000000E0,6.25000000000000000E0));
#82=VERTEX_POINT('OSCAD_TOPO/3|vertex|v:af78d8fba138f3ad45f2221e12684e01|7cfa0fe458b5081ec3666e267899d9cab9078845b3f446b25930cfd35a2bf3de',#81);
#83=CARTESIAN_POINT('',(0.00000000000000000E0,4.23999152002544011E-1,5.98500052999840992E0));
#84=VERTEX_POINT('OSCAD_TOPO/3|vertex|v:bb8b44470d5424aed6ef73c295479c03|4544383cc32c89b1a985d2ed927cc4cd6ab39bfd73d796a6118e41ee44a3b154',#83);
#85=CARTESIAN_POINT('',(-1.00000000000000000E0,0.00000000000000000E0,6.25000000000000000E0));
#86=VERTEX_POINT('OSCAD_TOPO/3|vertex|v:efeb41ad26705f21e13c6b5c748975c9|87dbcd9b0379730400afd1d819b029578e9239e402b72ebd2e553efdf992e881',#85);
#87=CARTESIAN_POINT('',(0.00000000000000000E0,-4.23999152002544011E-1,6.51499947000159008E0));
#88=VERTEX_POINT('OSCAD_TOPO/3|vertex|v:712a44c4530fd82d14adff79a9eba1a1|fe8a1c249ff6c51d478a9891568e00482d03a05c0f677ca704e7730b6397ea9a',#87);
#89=CARTESIAN_POINT('',(4.00000000000000022E-1,0.00000000000000000E0,6.25000000000000000E0));
#90=VERTEX_POINT('OSCAD_TOPO/3|vertex|v:71ab591ff6aef61776b0a5ab92a3b92b|bc14cb7090cd21102f4709a26227ebe99acafb97082ed883a02d1172d11da2f6',#89);
#91=CARTESIAN_POINT('',(0.00000000000000000E0,-1.69599660801017627E-1,6.35599978800063603E0));
#92=VERTEX_POINT('OSCAD_TOPO/3|vertex|v:7f46cb38d83e5eda82f207743e6eaeda|14ed12aa264589d62e0669b99ab2de64db23aef510adfc5039fe90ff3ec89d73',#91);
#93=CARTESIAN_POINT('',(-4.00000000000000022E-1,0.00000000000000000E0,6.25000000000000000E0));
#94=VERTEX_POINT('OSCAD_TOPO/3|vertex|v:6b5300b72c8130370b6853b71f385697|693c66f98fff9fcbdf28ff90fd0c1d6eefc8c2f078a7f1110193ab9ef7b91434',#93);
#95=CARTESIAN_POINT('',(0.00000000000000000E0,1.69599660801017627E-1,6.14400021199936397E0));
#96=VERTEX_POINT('OSCAD_TOPO/3|vertex|v:c12257540c2d5c485ec28343ccf8e318|c83ef4c69a1f0eeb1520b029897650dd403729aefaa1fb921cda5017ead1178d',#95);
#97=CARTESIAN_POINT('',(1.00000000000000000E0,0.00000000000000000E0,7.50000000000000000E0));
#98=VERTEX_POINT('OSCAD_TOPO/3|vertex|v:ef06afac6248c678f4654ef7378b2ac3|799713536291be51806ff176da9725ccd1de419354d31ec8d4661dc22d91c321',#97);
#99=CARTESIAN_POINT('',(0.00000000000000000E0,4.00000000000000022E-1,7.20000000000000018E0));
#100=VERTEX_POINT('OSCAD_TOPO/3|vertex|v:3798b3f3239a81f9b89db2e3664c0879|94b5bf3c95ab223163daf440ea47105afa8764469e86aa0326c3c2384932cdde',#99);
#101=CARTESIAN_POINT('',(-1.00000000000000000E0,0.00000000000000000E0,7.50000000000000000E0));
#102=VERTEX_POINT('OSCAD_TOPO/3|vertex|v:cc51c8144d972e30b2b8162efa7ade87|15fb3bc537b82668c6da14fbf97339c05c6e8919029f0501d54e663cc9130f84',#101);
#103=CARTESIAN_POINT('',(0.00000000000000000E0,-4.00000000000000022E-1,7.79999999999999982E0));
#104=VERTEX_POINT('OSCAD_TOPO/3|vertex|v:1912eaea4666392852a8902e914a53f5|3dd7a5f0f09328ed750c522913b122d99c81f3528e74f65d4f4167ccd2d4c2a7',#103);
#105=CARTESIAN_POINT('',(4.00000000000000022E-1,0.00000000000000000E0,7.50000000000000000E0));
#106=VERTEX_POINT('OSCAD_TOPO/3|vertex|v:5c9864e7b122dc86d8d46cf5da17a608|b535ff8d895a418b7a1b40bf61c776cecdb96b7d5a0a96dfacf4429b71d1d8b3',#105);
#107=CARTESIAN_POINT('',(0.00000000000000000E0,-1.60000000000000031E-1,7.62000000000000011E0));
#108=VERTEX_POINT('OSCAD_TOPO/3|vertex|v:9280b11fb87650932f2dda21df51412f|fcb16d6755d1beb461c8d931a3c49e873583034cd9f26bd381c68fba74aa37e7',#107);
#109=CARTESIAN_POINT('',(-4.00000000000000022E-1,0.00000000000000000E0,7.50000000000000000E0));
#110=VERTEX_POINT('OSCAD_TOPO/3|vertex|v:5f700b50d6c3cf4ad69cd61099b5af22|339de02a72efbb9d9175c5bd1ac9a034a463af934adf05dcee83a260623160c5',#109);
#111=CARTESIAN_POINT('',(0.00000000000000000E0,1.60000000000000031E-1,7.37999999999999989E0));
#112=VERTEX_POINT('OSCAD_TOPO/3|vertex|v:e3d5b5a50e35a88b0c64ee18d3b04aec|ba1c9c3f6c24ee08e9cf2fe9c65e62358a8677fc3c0fb8bf7ced0f9d9f62fc84',#111);
#113=CARTESIAN_POINT('',(1.00000000000000000E0,0.00000000000000000E0,8.75000000000000000E0));
#114=VERTEX_POINT('OSCAD_TOPO/3|vertex|v:3c4f3f37746ade722c4ca665ceac9ec5|88a91d43c18b10bb37e4b8c6ed8c9a577a2a7cc34c1eed1776a8cc8252c8a737',#113);
#115=CARTESIAN_POINT('',(0.00000000000000000E0,3.76288347353438912E-1,8.42074769606574058E0));
#116=VERTEX_POINT('OSCAD_TOPO/3|vertex|v:845148cee7c0706ee7bcc08263be831c|80bc4a88e1b549f32bc0e93640e73335c792675b8f6a0cbd85eb42d0ba3de68a',#115);
#117=CARTESIAN_POINT('',(-1.00000000000000000E0,0.00000000000000000E0,8.75000000000000000E0));
#118=VERTEX_POINT('OSCAD_TOPO/3|vertex|v:aa3c7107428039f916f1c0d3fe25cae0|e36627f3f1701f807dcd8a4833836735a6d7f20d9cd2afb7782e39727234d87c',#117);
#119=CARTESIAN_POINT('',(0.00000000000000000E0,-3.76288347353438912E-1,9.07925230393425942E0));
#120=VERTEX_POINT('OSCAD_TOPO/3|vertex|v:58656962eaa7a858a38a820462475957|103f412074a13588e49c9f592e499d210d2042a4e4c57a646857502f4ff9f43b',#119);
#121=CARTESIAN_POINT('',(4.00000000000000022E-1,0.00000000000000000E0,8.75000000000000000E0));
#122=VERTEX_POINT('OSCAD_TOPO/3|vertex|v:b9b035205a7d0cf44f5064e1123c0ac1|9519041b68460706dee804180f1389bb2fccd62515584d4eef89c5bcd6a4af2f',#121);
#123=CARTESIAN_POINT('',(0.00000000000000000E0,-1.50515338941375587E-1,8.88170092157370306E0));
#124=VERTEX_POINT('OSCAD_TOPO/3|vertex|v:f8221359faa49371971b61ff7d4eec2b|25b451ac438a638a809816d550becf4174d5a72070fdf787da333baf220df26e',#123);
#125=CARTESIAN_POINT('',(-4.00000000000000022E-1,0.00000000000000000E0,8.75000000000000000E0));
#126=VERTEX_POINT('OSCAD_TOPO/3|vertex|v:2750cc427c0a710804666f1574344b64|582ce4f64dfb9978175695ddbcfd9a12e99e28f328a95f97b6ee20f4bfcbd119',#125);
#127=CARTESIAN_POINT('',(0.00000000000000000E0,1.50515338941375587E-1,8.61829907842629694E0));
#128=VERTEX_POINT('OSCAD_TOPO/3|vertex|v:693cca5bf010418036778e804365b18f|e0cda4dc90e77291e8958ba891f68d5a597b4a905cdd3214913232cad30545c4',#127);
#129=CARTESIAN_POINT('',(1.00000000000000000E0,0.00000000000000000E0,1.00000000000000000E1));
#130=VERTEX_POINT('OSCAD_TOPO/3|vertex|v:629511c91fb5e50a9ac8f748666a077f|2c9bb52a65cd5600ccdc375b09da5cf56065b23989cc9c1b76727ede7f8fea86',#129);
#131=CARTESIAN_POINT('',(0.00000000000000000E0,3.53553390593333461E-1,1.00000000000000000E1));
#132=VERTEX_POINT('OSCAD_TOPO/3|vertex|v:ee3cfdeee4577dd10631df3b71ff7a80|c0abad76eae4849deec1cd0f2c85575db7bc7e33fdb0e299c3abe51e431c7cd0',#131);
#133=CARTESIAN_POINT('',(-1.00000000000000000E0,0.00000000000000000E0,1.00000000000000000E1));
#134=VERTEX_POINT('OSCAD_TOPO/3|vertex|v:ef1d790b638d92f1ecf9e9549f3b607a|12c28ce4d5676b040960d8277b90f9b20f5c3d975d6b54a4784c20ace007ed78',#133);
#135=CARTESIAN_POINT('',(0.00000000000000000E0,-3.53553390593333461E-1,1.00000000000000000E1));
#136=VERTEX_POINT('OSCAD_TOPO/3|vertex|v:f9bfa181d155453398755f8dad7c06c2|e7e91330e6b869a47f7e08d62075fcd18b1b5ea5699c683aff914ced4b77e226',#135);
#137=CARTESIAN_POINT('',(3.99999999999636202E-1,0.00000000000000000E0,1.00000000000000000E1));
#138=VERTEX_POINT('OSCAD_TOPO/3|vertex|v:f809decd66f3e03132881efca84b8bef|4bd8423f4e3ed54fe728442f08cf1803d63b537803560ed56a841f25c98d738f',#137);
#139=CARTESIAN_POINT('',(0.00000000000000000E0,-1.41421356237515283E-1,1.00000000000000000E1));
#140=VERTEX_POINT('OSCAD_TOPO/3|vertex|v:6557c4386634a7c576e02f5b2f0ef2ed|b370f0054b29eb83daaeede2cf43da5d0775d6e1a59d51e71ef7da4162383547',#139);
#141=CARTESIAN_POINT('',(-3.99999999999636202E-1,0.00000000000000000E0,1.00000000000000000E1));
#142=VERTEX_POINT('OSCAD_TOPO/3|vertex|v:f8bac17ce71ddcb36d64ca89913397f3|a1c7764b178ce79467d7f4cf3343ce73e9f18e71369d1ab30108596a41e3b2c7',#141);
#143=CARTESIAN_POINT('',(0.00000000000000000E0,1.41421356237515283E-1,1.00000000000000000E1));
#144=VERTEX_POINT('OSCAD_TOPO/3|vertex|v:9e16334aa2c53c028158052cb0915649|a27d9ee9215962a8027961c9df22da786268c31e7ec01c56fd1291c4298a802e',#143);
#145=CARTESIAN_POINT('',(1.00000000000000000E0,0.00000000000000000E0,0.00000000000000000E0));
#146=CARTESIAN_POINT('',(1.00000000000000000E0,0.00000000000000000E0,1.25000000000000000E0));
#147=CARTESIAN_POINT('',(1.00000000000000000E0,5.00000000000000000E-1,0.00000000000000000E0));
#148=CARTESIAN_POINT('',(1.00000000000000000E0,4.96138938356833870E-1,1.18798263270539572E0));
#149=CARTESIAN_POINT('',(0.00000000000000000E0,5.00000000000000000E-1,0.00000000000000000E0));
#150=CARTESIAN_POINT('',(0.00000000000000000E0,4.96138938356833870E-1,1.18798263270539572E0));
#151=(BOUNDED_SURFACE()B_SPLINE_SURFACE(2,1,((#145,#146),(#147,#148),(#149,#150)),.UNSPECIFIED.,.F.,.F.,.F.)B_SPLINE_SURFACE_WITH_KNOTS((3,3),(2,2),(0.00000000000000000E0,1.00000000000000000E0),(0.00000000000000000E0,1.00000000000000000E0),.UNSPECIFIED.)GEOMETRIC_REPRESENTATION_ITEM()RATIONAL_B_SPLINE_SURFACE(((1.00000000000000000E0,1.00000000000000000E0),(7.07106781186547573E-1,7.07106781186547573E-1),(1.00000000000000000E0,1.00000000000000000E0)))REPRESENTATION_ITEM('')SURFACE());
#152=CARTESIAN_POINT('',(0.00000000000000000E0,5.00000000000000000E-1,0.00000000000000000E0));
#153=CARTESIAN_POINT('',(0.00000000000000000E0,4.96138938356833870E-1,1.18798263270539572E0));
#154=CARTESIAN_POINT('',(-1.00000000000000000E0,5.00000000000000000E-1,0.00000000000000000E0));
#155=CARTESIAN_POINT('',(-1.00000000000000000E0,4.96138938356833870E-1,1.18798263270539572E0));
#156=CARTESIAN_POINT('',(-1.00000000000000000E0,0.00000000000000000E0,0.00000000000000000E0));
#157=CARTESIAN_POINT('',(-1.00000000000000000E0,0.00000000000000000E0,1.25000000000000000E0));
#158=(BOUNDED_SURFACE()B_SPLINE_SURFACE(2,1,((#152,#153),(#154,#155),(#156,#157)),.UNSPECIFIED.,.F.,.F.,.F.)B_SPLINE_SURFACE_WITH_KNOTS((3,3),(2,2),(0.00000000000000000E0,1.00000000000000000E0),(0.00000000000000000E0,1.00000000000000000E0),.UNSPECIFIED.)GEOMETRIC_REPRESENTATION_ITEM()RATIONAL_B_SPLINE_SURFACE(((1.00000000000000000E0,1.00000000000000000E0),(7.07106781186547573E-1,7.07106781186547573E-1),(1.00000000000000000E0,1.00000000000000000E0)))REPRESENTATION_ITEM('')SURFACE());
#159=CARTESIAN_POINT('',(-1.00000000000000000E0,0.00000000000000000E0,0.00000000000000000E0));
#160=CARTESIAN_POINT('',(-1.00000000000000000E0,0.00000000000000000E0,1.25000000000000000E0));
#161=CARTESIAN_POINT('',(-1.00000000000000000E0,-5.00000000000000000E-1,0.00000000000000000E0));
#162=CARTESIAN_POINT('',(-1.00000000000000000E0,-4.96138938356833870E-1,1.31201736729460428E0));
#163=CARTESIAN_POINT('',(0.00000000000000000E0,-5.00000000000000000E-1,0.00000000000000000E0));
#164=CARTESIAN_POINT('',(0.00000000000000000E0,-4.96138938356833870E-1,1.31201736729460428E0));
#165=(BOUNDED_SURFACE()B_SPLINE_SURFACE(2,1,((#159,#160),(#161,#162),(#163,#164)),.UNSPECIFIED.,.F.,.F.,.F.)B_SPLINE_SURFACE_WITH_KNOTS((3,3),(2,2),(0.00000000000000000E0,1.00000000000000000E0),(0.00000000000000000E0,1.00000000000000000E0),.UNSPECIFIED.)GEOMETRIC_REPRESENTATION_ITEM()RATIONAL_B_SPLINE_SURFACE(((1.00000000000000000E0,1.00000000000000000E0),(7.07106781186547573E-1,7.07106781186547573E-1),(1.00000000000000000E0,1.00000000000000000E0)))REPRESENTATION_ITEM('')SURFACE());
#166=CARTESIAN_POINT('',(0.00000000000000000E0,-5.00000000000000000E-1,0.00000000000000000E0));
#167=CARTESIAN_POINT('',(0.00000000000000000E0,-4.96138938356833870E-1,1.31201736729460428E0));
#168=CARTESIAN_POINT('',(1.00000000000000000E0,-5.00000000000000000E-1,0.00000000000000000E0));
#169=CARTESIAN_POINT('',(1.00000000000000000E0,-4.96138938356833870E-1,1.31201736729460428E0));
#170=CARTESIAN_POINT('',(1.00000000000000000E0,0.00000000000000000E0,0.00000000000000000E0));
#171=CARTESIAN_POINT('',(1.00000000000000000E0,0.00000000000000000E0,1.25000000000000000E0));
#172=(BOUNDED_SURFACE()B_SPLINE_SURFACE(2,1,((#166,#167),(#168,#169),(#170,#171)),.UNSPECIFIED.,.F.,.F.,.F.)B_SPLINE_SURFACE_WITH_KNOTS((3,3),(2,2),(0.00000000000000000E0,1.00000000000000000E0),(0.00000000000000000E0,1.00000000000000000E0),.UNSPECIFIED.)GEOMETRIC_REPRESENTATION_ITEM()RATIONAL_B_SPLINE_SURFACE(((1.00000000000000000E0,1.00000000000000000E0),(7.07106781186547573E-1,7.07106781186547573E-1),(1.00000000000000000E0,1.00000000000000000E0)))REPRESENTATION_ITEM('')SURFACE());
#173=CARTESIAN_POINT('',(3.99999999999636202E-1,0.00000000000000000E0,0.00000000000000000E0));
#174=CARTESIAN_POINT('',(4.00000000000000022E-1,0.00000000000000000E0,1.25000000000000000E0));
#175=CARTESIAN_POINT('',(3.99999999999636202E-1,-1.99999999999818101E-1,0.00000000000000000E0));
#176=CARTESIAN_POINT('',(4.00000000000000022E-1,-1.98455575342733559E-1,1.27480694691784180E0));
#177=CARTESIAN_POINT('',(0.00000000000000000E0,-1.99999999999818101E-1,0.00000000000000000E0));
#178=CARTESIAN_POINT('',(0.00000000000000000E0,-1.98455575342733559E-1,1.27480694691784180E0));
#179=(BOUNDED_SURFACE()B_SPLINE_SURFACE(2,1,((#173,#174),(#175,#176),(#177,#178)),.UNSPECIFIED.,.F.,.F.,.F.)B_SPLINE_SURFACE_WITH_KNOTS((3,3),(2,2),(0.00000000000000000E0,1.00000000000000000E0),(0.00000000000000000E0,1.00000000000000000E0),.UNSPECIFIED.)GEOMETRIC_REPRESENTATION_ITEM()RATIONAL_B_SPLINE_SURFACE(((1.00000000000000000E0,1.00000000000000000E0),(7.07106781186547573E-1,7.07106781186547573E-1),(1.00000000000000000E0,1.00000000000000000E0)))REPRESENTATION_ITEM('')SURFACE());
#180=CARTESIAN_POINT('',(0.00000000000000000E0,-1.99999999999818101E-1,0.00000000000000000E0));
#181=CARTESIAN_POINT('',(0.00000000000000000E0,-1.98455575342733559E-1,1.27480694691784180E0));
#182=CARTESIAN_POINT('',(-3.99999999999636202E-1,-1.99999999999818101E-1,0.00000000000000000E0));
#183=CARTESIAN_POINT('',(-4.00000000000000022E-1,-1.98455575342733559E-1,1.27480694691784180E0));
#184=CARTESIAN_POINT('',(-3.99999999999636202E-1,0.00000000000000000E0,0.00000000000000000E0));
#185=CARTESIAN_POINT('',(-4.00000000000000022E-1,0.00000000000000000E0,1.25000000000000000E0));
#186=(BOUNDED_SURFACE()B_SPLINE_SURFACE(2,1,((#180,#181),(#182,#183),(#184,#185)),.UNSPECIFIED.,.F.,.F.,.F.)B_SPLINE_SURFACE_WITH_KNOTS((3,3),(2,2),(0.00000000000000000E0,1.00000000000000000E0),(0.00000000000000000E0,1.00000000000000000E0),.UNSPECIFIED.)GEOMETRIC_REPRESENTATION_ITEM()RATIONAL_B_SPLINE_SURFACE(((1.00000000000000000E0,1.00000000000000000E0),(7.07106781186547573E-1,7.07106781186547573E-1),(1.00000000000000000E0,1.00000000000000000E0)))REPRESENTATION_ITEM('')SURFACE());
#187=CARTESIAN_POINT('',(-3.99999999999636202E-1,0.00000000000000000E0,0.00000000000000000E0));
#188=CARTESIAN_POINT('',(-4.00000000000000022E-1,0.00000000000000000E0,1.25000000000000000E0));
#189=CARTESIAN_POINT('',(-3.99999999999636202E-1,1.99999999999818101E-1,0.00000000000000000E0));
#190=CARTESIAN_POINT('',(-4.00000000000000022E-1,1.98455575342733559E-1,1.22519305308215820E0));
#191=CARTESIAN_POINT('',(0.00000000000000000E0,1.99999999999818101E-1,0.00000000000000000E0));
#192=CARTESIAN_POINT('',(0.00000000000000000E0,1.98455575342733559E-1,1.22519305308215820E0));
#193=(BOUNDED_SURFACE()B_SPLINE_SURFACE(2,1,((#187,#188),(#189,#190),(#191,#192)),.UNSPECIFIED.,.F.,.F.,.F.)B_SPLINE_SURFACE_WITH_KNOTS((3,3),(2,2),(0.00000000000000000E0,1.00000000000000000E0),(0.00000000000000000E0,1.00000000000000000E0),.UNSPECIFIED.)GEOMETRIC_REPRESENTATION_ITEM()RATIONAL_B_SPLINE_SURFACE(((1.00000000000000000E0,1.00000000000000000E0),(7.07106781186547573E-1,7.07106781186547573E-1),(1.00000000000000000E0,1.00000000000000000E0)))REPRESENTATION_ITEM('')SURFACE());
#194=CARTESIAN_POINT('',(0.00000000000000000E0,1.99999999999818101E-1,0.00000000000000000E0));
#195=CARTESIAN_POINT('',(0.00000000000000000E0,1.98455575342733559E-1,1.22519305308215820E0));
#196=CARTESIAN_POINT('',(3.99999999999636202E-1,1.99999999999818101E-1,0.00000000000000000E0));
#197=CARTESIAN_POINT('',(4.00000000000000022E-1,1.98455575342733559E-1,1.22519305308215820E0));
#198=CARTESIAN_POINT('',(3.99999999999636202E-1,0.00000000000000000E0,0.00000000000000000E0));
#199=CARTESIAN_POINT('',(4.00000000000000022E-1,0.00000000000000000E0,1.25000000000000000E0));
#200=(BOUNDED_SURFACE()B_SPLINE_SURFACE(2,1,((#194,#195),(#196,#197),(#198,#199)),.UNSPECIFIED.,.F.,.F.,.F.)B_SPLINE_SURFACE_WITH_KNOTS((3,3),(2,2),(0.00000000000000000E0,1.00000000000000000E0),(0.00000000000000000E0,1.00000000000000000E0),.UNSPECIFIED.)GEOMETRIC_REPRESENTATION_ITEM()RATIONAL_B_SPLINE_SURFACE(((1.00000000000000000E0,1.00000000000000000E0),(7.07106781186547573E-1,7.07106781186547573E-1),(1.00000000000000000E0,1.00000000000000000E0)))REPRESENTATION_ITEM('')SURFACE());
#201=CARTESIAN_POINT('',(1.00000000000000000E0,0.00000000000000000E0,1.25000000000000000E0));
#202=CARTESIAN_POINT('',(1.00000000000000000E0,0.00000000000000000E0,2.50000000000000000E0));
#203=CARTESIAN_POINT('',(1.00000000000000000E0,4.96138938356833870E-1,1.18798263270539572E0));
#204=CARTESIAN_POINT('',(1.00000000000000000E0,4.85071250072665938E-1,2.37873218748183346E0));
#205=CARTESIAN_POINT('',(0.00000000000000000E0,4.96138938356833870E-1,1.18798263270539572E0));
#206=CARTESIAN_POINT('',(0.00000000000000000E0,4.85071250072665938E-1,2.37873218748183346E0));
#207=(BOUNDED_SURFACE()B_SPLINE_SURFACE(2,1,((#201,#202),(#203,#204),(#205,#206)),.UNSPECIFIED.,.F.,.F.,.F.)B_SPLINE_SURFACE_WITH_KNOTS((3,3),(2,2),(0.00000000000000000E0,1.00000000000000000E0),(0.00000000000000000E0,1.00000000000000000E0),.UNSPECIFIED.)GEOMETRIC_REPRESENTATION_ITEM()RATIONAL_B_SPLINE_SURFACE(((1.00000000000000000E0,1.00000000000000000E0),(7.07106781186547573E-1,7.07106781186547573E-1),(1.00000000000000000E0,1.00000000000000000E0)))REPRESENTATION_ITEM('')SURFACE());
#208=CARTESIAN_POINT('',(0.00000000000000000E0,4.96138938356833870E-1,1.18798263270539572E0));
#209=CARTESIAN_POINT('',(0.00000000000000000E0,4.85071250072665938E-1,2.37873218748183346E0));
#210=CARTESIAN_POINT('',(-1.00000000000000000E0,4.96138938356833870E-1,1.18798263270539572E0));
#211=CARTESIAN_POINT('',(-1.00000000000000000E0,4.85071250072665938E-1,2.37873218748183346E0));
#212=CARTESIAN_POINT('',(-1.00000000000000000E0,0.00000000000000000E0,1.25000000000000000E0));
#213=CARTESIAN_POINT('',(-1.00000000000000000E0,0.00000000000000000E0,2.50000000000000000E0));
#214=(BOUNDED_SURFACE()B_SPLINE_SURFACE(2,1,((#208,#209),(#210,#211),(#212,#213)),.UNSPECIFIED.,.F.,.F.,.F.)B_SPLINE_SURFACE_WITH_KNOTS((3,3),(2,2),(0.00000000000000000E0,1.00000000000000000E0),(0.00000000000000000E0,1.00000000000000000E0),.UNSPECIFIED.)GEOMETRIC_REPRESENTATION_ITEM()RATIONAL_B_SPLINE_SURFACE(((1.00000000000000000E0,1.00000000000000000E0),(7.07106781186547573E-1,7.07106781186547573E-1),(1.00000000000000000E0,1.00000000000000000E0)))REPRESENTATION_ITEM('')SURFACE());
#215=CARTESIAN_POINT('',(-1.00000000000000000E0,0.00000000000000000E0,1.25000000000000000E0));
#216=CARTESIAN_POINT('',(-1.00000000000000000E0,0.00000000000000000E0,2.50000000000000000E0));
#217=CARTESIAN_POINT('',(-1.00000000000000000E0,-4.96138938356833870E-1,1.31201736729460428E0));
#218=CARTESIAN_POINT('',(-1.00000000000000000E0,-4.85071250072665938E-1,2.62126781251816654E0));
#219=CARTESIAN_POINT('',(0.00000000000000000E0,-4.96138938356833870E-1,1.31201736729460428E0));
#220=CARTESIAN_POINT('',(0.00000000000000000E0,-4.85071250072665938E-1,2.62126781251816654E0));
#221=(BOUNDED_SURFACE()B_SPLINE_SURFACE(2,1,((#215,#216),(#217,#218),(#219,#220)),.UNSPECIFIED.,.F.,.F.,.F.)B_SPLINE_SURFACE_WITH_KNOTS((3,3),(2,2),(0.00000000000000000E0,1.00000000000000000E0),(0.00000000000000000E0,1.00000000000000000E0),.UNSPECIFIED.)GEOMETRIC_REPRESENTATION_ITEM()RATIONAL_B_SPLINE_SURFACE(((1.00000000000000000E0,1.00000000000000000E0),(7.07106781186547573E-1,7.07106781186547573E-1),(1.00000000000000000E0,1.00000000000000000E0)))REPRESENTATION_ITEM('')SURFACE());
#222=CARTESIAN_POINT('',(0.00000000000000000E0,-4.96138938356833870E-1,1.31201736729460428E0));
#223=CARTESIAN_POINT('',(0.00000000000000000E0,-4.85071250072665938E-1,2.62126781251816654E0));
#224=CARTESIAN_POINT('',(1.00000000000000000E0,-4.96138938356833870E-1,1.31201736729460428E0));
#225=CARTESIAN_POINT('',(1.00000000000000000E0,-4.85071250072665938E-1,2.62126781251816654E0));
#226=CARTESIAN_POINT('',(1.00000000000000000E0,0.00000000000000000E0,1.25000000000000000E0));
#227=CARTESIAN_POINT('',(1.00000000000000000E0,0.00000000000000000E0,2.50000000000000000E0));
#228=(BOUNDED_SURFACE()B_SPLINE_SURFACE(2,1,((#222,#223),(#224,#225),(#226,#227)),.UNSPECIFIED.,.F.,.F.,.F.)B_SPLINE_SURFACE_WITH_KNOTS((3,3),(2,2),(0.00000000000000000E0,1.00000000000000000E0),(0.00000000000000000E0,1.00000000000000000E0),.UNSPECIFIED.)GEOMETRIC_REPRESENTATION_ITEM()RATIONAL_B_SPLINE_SURFACE(((1.00000000000000000E0,1.00000000000000000E0),(7.07106781186547573E-1,7.07106781186547573E-1),(1.00000000000000000E0,1.00000000000000000E0)))REPRESENTATION_ITEM('')SURFACE());
#229=CARTESIAN_POINT('',(4.00000000000000022E-1,0.00000000000000000E0,1.25000000000000000E0));
#230=CARTESIAN_POINT('',(4.00000000000000022E-1,0.00000000000000000E0,2.50000000000000000E0));
#231=CARTESIAN_POINT('',(4.00000000000000022E-1,-1.98455575342733559E-1,1.27480694691784180E0));
#232=CARTESIAN_POINT('',(4.00000000000000022E-1,-1.94028500029066381E-1,2.54850712500726662E0));
#233=CARTESIAN_POINT('',(0.00000000000000000E0,-1.98455575342733559E-1,1.27480694691784180E0));
#234=CARTESIAN_POINT('',(0.00000000000000000E0,-1.94028500029066381E-1,2.54850712500726662E0));
#235=(BOUNDED_SURFACE()B_SPLINE_SURFACE(2,1,((#229,#230),(#231,#232),(#233,#234)),.UNSPECIFIED.,.F.,.F.,.F.)B_SPLINE_SURFACE_WITH_KNOTS((3,3),(2,2),(0.00000000000000000E0,1.00000000000000000E0),(0.00000000000000000E0,1.00000000000000000E0),.UNSPECIFIED.)GEOMETRIC_REPRESENTATION_ITEM()RATIONAL_B_SPLINE_SURFACE(((1.00000000000000000E0,1.00000000000000000E0),(7.07106781186547573E-1,7.07106781186547573E-1),(1.00000000000000000E0,1.00000000000000000E0)))REPRESENTATION_ITEM('')SURFACE());
#236=CARTESIAN_POINT('',(0.00000000000000000E0,-1.98455575342733559E-1,1.27480694691784180E0));
#237=CARTESIAN_POINT('',(0.00000000000000000E0,-1.94028500029066381E-1,2.54850712500726662E0));
#238=CARTESIAN_POINT('',(-4.00000000000000022E-1,-1.98455575342733559E-1,1.27480694691784180E0));
#239=CARTESIAN_POINT('',(-4.00000000000000022E-1,-1.94028500029066381E-1,2.54850712500726662E0));
#240=CARTESIAN_POINT('',(-4.00000000000000022E-1,0.00000000000000000E0,1.25000000000000000E0));
#241=CARTESIAN_POINT('',(-4.00000000000000022E-1,0.00000000000000000E0,2.50000000000000000E0));
#242=(BOUNDED_SURFACE()B_SPLINE_SURFACE(2,1,((#236,#237),(#238,#239),(#240,#241)),.UNSPECIFIED.,.F.,.F.,.F.)B_SPLINE_SURFACE_WITH_KNOTS((3,3),(2,2),(0.00000000000000000E0,1.00000000000000000E0),(0.00000000000000000E0,1.00000000000000000E0),.UNSPECIFIED.)GEOMETRIC_REPRESENTATION_ITEM()RATIONAL_B_SPLINE_SURFACE(((1.00000000000000000E0,1.00000000000000000E0),(7.07106781186547573E-1,7.07106781186547573E-1),(1.00000000000000000E0,1.00000000000000000E0)))REPRESENTATION_ITEM('')SURFACE());
#243=CARTESIAN_POINT('',(-4.00000000000000022E-1,0.00000000000000000E0,1.25000000000000000E0));
#244=CARTESIAN_POINT('',(-4.00000000000000022E-1,0.00000000000000000E0,2.50000000000000000E0));
#245=CARTESIAN_POINT('',(-4.00000000000000022E-1,1.98455575342733559E-1,1.22519305308215820E0));
#246=CARTESIAN_POINT('',(-4.00000000000000022E-1,1.94028500029066381E-1,2.45149287499273338E0));
#247=CARTESIAN_POINT('',(0.00000000000000000E0,1.98455575342733559E-1,1.22519305308215820E0));
#248=CARTESIAN_POINT('',(0.00000000000000000E0,1.94028500029066381E-1,2.45149287499273338E0));
#249=(BOUNDED_SURFACE()B_SPLINE_SURFACE(2,1,((#243,#244),(#245,#246),(#247,#248)),.UNSPECIFIED.,.F.,.F.,.F.)B_SPLINE_SURFACE_WITH_KNOTS((3,3),(2,2),(0.00000000000000000E0,1.00000000000000000E0),(0.00000000000000000E0,1.00000000000000000E0),.UNSPECIFIED.)GEOMETRIC_REPRESENTATION_ITEM()RATIONAL_B_SPLINE_SURFACE(((1.00000000000000000E0,1.00000000000000000E0),(7.07106781186547573E-1,7.07106781186547573E-1),(1.00000000000000000E0,1.00000000000000000E0)))REPRESENTATION_ITEM('')SURFACE());
#250=CARTESIAN_POINT('',(0.00000000000000000E0,1.98455575342733559E-1,1.22519305308215820E0));
#251=CARTESIAN_POINT('',(0.00000000000000000E0,1.94028500029066381E-1,2.45149287499273338E0));
#252=CARTESIAN_POINT('',(4.00000000000000022E-1,1.98455575342733559E-1,1.22519305308215820E0));
#253=CARTESIAN_POINT('',(4.00000000000000022E-1,1.94028500029066381E-1,2.45149287499273338E0));
#254=CARTESIAN_POINT('',(4.00000000000000022E-1,0.00000000000000000E0,1.25000000000000000E0));
#255=CARTESIAN_POINT('',(4.00000000000000022E-1,0.00000000000000000E0,2.50000000000000000E0));
#256=(BOUNDED_SURFACE()B_SPLINE_SURFACE(2,1,((#250,#251),(#252,#253),(#254,#255)),.UNSPECIFIED.,.F.,.F.,.F.)B_SPLINE_SURFACE_WITH_KNOTS((3,3),(2,2),(0.00000000000000000E0,1.00000000000000000E0),(0.00000000000000000E0,1.00000000000000000E0),.UNSPECIFIED.)GEOMETRIC_REPRESENTATION_ITEM()RATIONAL_B_SPLINE_SURFACE(((1.00000000000000000E0,1.00000000000000000E0),(7.07106781186547573E-1,7.07106781186547573E-1),(1.00000000000000000E0,1.00000000000000000E0)))REPRESENTATION_ITEM('')SURFACE());
#257=CARTESIAN_POINT('',(1.00000000000000000E0,0.00000000000000000E0,2.50000000000000000E0));
#258=CARTESIAN_POINT('',(1.00000000000000000E0,0.00000000000000000E0,3.75000000000000000E0));
#259=CARTESIAN_POINT('',(1.00000000000000000E0,4.85071250072665938E-1,2.37873218748183346E0));
#260=CARTESIAN_POINT('',(1.00000000000000000E0,4.68164588784522273E-1,3.57443827920580404E0));
#261=CARTESIAN_POINT('',(0.00000000000000000E0,4.85071250072665938E-1,2.37873218748183346E0));
#262=CARTESIAN_POINT('',(0.00000000000000000E0,4.68164588784522273E-1,3.57443827920580404E0));
#263=(BOUNDED_SURFACE()B_SPLINE_SURFACE(2,1,((#257,#258),(#259,#260),(#261,#262)),.UNSPECIFIED.,.F.,.F.,.F.)B_SPLINE_SURFACE_WITH_KNOTS((3,3),(2,2),(0.00000000000000000E0,1.00000000000000000E0),(0.00000000000000000E0,1.00000000000000000E0),.UNSPECIFIED.)GEOMETRIC_REPRESENTATION_ITEM()RATIONAL_B_SPLINE_SURFACE(((1.00000000000000000E0,1.00000000000000000E0),(7.07106781186547573E-1,7.07106781186547573E-1),(1.00000000000000000E0,1.00000000000000000E0)))REPRESENTATION_ITEM('')SURFACE());
#264=CARTESIAN_POINT('',(0.00000000000000000E0,4.85071250072665938E-1,2.37873218748183346E0));
#265=CARTESIAN_POINT('',(0.00000000000000000E0,4.68164588784522273E-1,3.57443827920580404E0));
#266=CARTESIAN_POINT('',(-1.00000000000000000E0,4.85071250072665938E-1,2.37873218748183346E0));
#267=CARTESIAN_POINT('',(-1.00000000000000000E0,4.68164588784522273E-1,3.57443827920580404E0));
#268=CARTESIAN_POINT('',(-1.00000000000000000E0,0.00000000000000000E0,2.50000000000000000E0));
#269=CARTESIAN_POINT('',(-1.00000000000000000E0,0.00000000000000000E0,3.75000000000000000E0));
#270=(BOUNDED_SURFACE()B_SPLINE_SURFACE(2,1,((#264,#265),(#266,#267),(#268,#269)),.UNSPECIFIED.,.F.,.F.,.F.)B_SPLINE_SURFACE_WITH_KNOTS((3,3),(2,2),(0.00000000000000000E0,1.00000000000000000E0),(0.00000000000000000E0,1.00000000000000000E0),.UNSPECIFIED.)GEOMETRIC_REPRESENTATION_ITEM()RATIONAL_B_SPLINE_SURFACE(((1.00000000000000000E0,1.00000000000000000E0),(7.07106781186547573E-1,7.07106781186547573E-1),(1.00000000000000000E0,1.00000000000000000E0)))REPRESENTATION_ITEM('')SURFACE());
#271=CARTESIAN_POINT('',(-1.00000000000000000E0,0.00000000000000000E0,2.50000000000000000E0));
#272=CARTESIAN_POINT('',(-1.00000000000000000E0,0.00000000000000000E0,3.75000000000000000E0));
#273=CARTESIAN_POINT('',(-1.00000000000000000E0,-4.85071250072665938E-1,2.62126781251816654E0));
#274=CARTESIAN_POINT('',(-1.00000000000000000E0,-4.68164588784522273E-1,3.92556172079419596E0));
#275=CARTESIAN_POINT('',(0.00000000000000000E0,-4.85071250072665938E-1,2.62126781251816654E0));
#276=CARTESIAN_POINT('',(0.00000000000000000E0,-4.68164588784522273E-1,3.92556172079419596E0));
#277=(BOUNDED_SURFACE()B_SPLINE_SURFACE(2,1,((#271,#272),(#273,#274),(#275,#276)),.UNSPECIFIED.,.F.,.F.,.F.)B_SPLINE_SURFACE_WITH_KNOTS((3,3),(2,2),(0.00000000000000000E0,1.00000000000000000E0),(0.00000000000000000E0,1.00000000000000000E0),.UNSPECIFIED.)GEOMETRIC_REPRESENTATION_ITEM()RATIONAL_B_SPLINE_SURFACE(((1.00000000000000000E0,1.00000000000000000E0),(7.07106781186547573E-1,7.07106781186547573E-1),(1.00000000000000000E0,1.00000000000000000E0)))REPRESENTATION_ITEM('')SURFACE());
#278=CARTESIAN_POINT('',(0.00000000000000000E0,-4.85071250072665938E-1,2.62126781251816654E0));
#279=CARTESIAN_POINT('',(0.00000000000000000E0,-4.68164588784522273E-1,3.92556172079419596E0));
#280=CARTESIAN_POINT('',(1.00000000000000000E0,-4.85071250072665938E-1,2.62126781251816654E0));
#281=CARTESIAN_POINT('',(1.00000000000000000E0,-4.68164588784522273E-1,3.92556172079419596E0));
#282=CARTESIAN_POINT('',(1.00000000000000000E0,0.00000000000000000E0,2.50000000000000000E0));
#283=CARTESIAN_POINT('',(1.00000000000000000E0,0.00000000000000000E0,3.75000000000000000E0));
#284=(BOUNDED_SURFACE()B_SPLINE_SURFACE(2,1,((#278,#279),(#280,#281),(#282,#283)),.UNSPECIFIED.,.F.,.F.,.F.)B_SPLINE_SURFACE_WITH_KNOTS((3,3),(2,2),(0.00000000000000000E0,1.00000000000000000E0),(0.00000000000000000E0,1.00000000000000000E0),.UNSPECIFIED.)GEOMETRIC_REPRESENTATION_ITEM()RATIONAL_B_SPLINE_SURFACE(((1.00000000000000000E0,1.00000000000000000E0),(7.07106781186547573E-1,7.07106781186547573E-1),(1.00000000000000000E0,1.00000000000000000E0)))REPRESENTATION_ITEM('')SURFACE());
#285=CARTESIAN_POINT('',(4.00000000000000022E-1,0.00000000000000000E0,2.50000000000000000E0));
#286=CARTESIAN_POINT('',(4.00000000000000022E-1,0.00000000000000000E0,3.75000000000000000E0));
#287=CARTESIAN_POINT('',(4.00000000000000022E-1,-1.94028500029066381E-1,2.54850712500726662E0));
#288=CARTESIAN_POINT('',(4.00000000000000022E-1,-1.87265835513808931E-1,3.82022468831767847E0));
#289=CARTESIAN_POINT('',(0.00000000000000000E0,-1.94028500029066381E-1,2.54850712500726662E0));
#290=CARTESIAN_POINT('',(0.00000000000000000E0,-1.87265835513808931E-1,3.82022468831767847E0));
#291=(BOUNDED_SURFACE()B_SPLINE_SURFACE(2,1,((#285,#286),(#287,#288),(#289,#290)),.UNSPECIFIED.,.F.,.F.,.F.)B_SPLINE_SURFACE_WITH_KNOTS((3,3),(2,2),(0.00000000000000000E0,1.00000000000000000E0),(0.00000000000000000E0,1.00000000000000000E0),.UNSPECIFIED.)GEOMETRIC_REPRESENTATION_ITEM()RATIONAL_B_SPLINE_SURFACE(((1.00000000000000000E0,1.00000000000000000E0),(7.07106781186547573E-1,7.07106781186547573E-1),(1.00000000000000000E0,1.00000000000000000E0)))REPRESENTATION_ITEM('')SURFACE());
#292=CARTESIAN_POINT('',(0.00000000000000000E0,-1.94028500029066381E-1,2.54850712500726662E0));
#293=CARTESIAN_POINT('',(0.00000000000000000E0,-1.87265835513808931E-1,3.82022468831767847E0));
#294=CARTESIAN_POINT('',(-4.00000000000000022E-1,-1.94028500029066381E-1,2.54850712500726662E0));
#295=CARTESIAN_POINT('',(-4.00000000000000022E-1,-1.87265835513808931E-1,3.82022468831767847E0));
#296=CARTESIAN_POINT('',(-4.00000000000000022E-1,0.00000000000000000E0,2.50000000000000000E0));
#297=CARTESIAN_POINT('',(-4.00000000000000022E-1,0.00000000000000000E0,3.75000000000000000E0));
#298=(BOUNDED_SURFACE()B_SPLINE_SURFACE(2,1,((#292,#293),(#294,#295),(#296,#297)),.UNSPECIFIED.,.F.,.F.,.F.)B_SPLINE_SURFACE_WITH_KNOTS((3,3),(2,2),(0.00000000000000000E0,1.00000000000000000E0),(0.00000000000000000E0,1.00000000000000000E0),.UNSPECIFIED.)GEOMETRIC_REPRESENTATION_ITEM()RATIONAL_B_SPLINE_SURFACE(((1.00000000000000000E0,1.00000000000000000E0),(7.07106781186547573E-1,7.07106781186547573E-1),(1.00000000000000000E0,1.00000000000000000E0)))REPRESENTATION_ITEM('')SURFACE());
#299=CARTESIAN_POINT('',(-4.00000000000000022E-1,0.00000000000000000E0,2.50000000000000000E0));
#300=CARTESIAN_POINT('',(-4.00000000000000022E-1,0.00000000000000000E0,3.75000000000000000E0));
#301=CARTESIAN_POINT('',(-4.00000000000000022E-1,1.94028500029066381E-1,2.45149287499273338E0));
#302=CARTESIAN_POINT('',(-4.00000000000000022E-1,1.87265835513808931E-1,3.67977531168232153E0));
#303=CARTESIAN_POINT('',(0.00000000000000000E0,1.94028500029066381E-1,2.45149287499273338E0));
#304=CARTESIAN_POINT('',(0.00000000000000000E0,1.87265835513808931E-1,3.67977531168232153E0));
#305=(BOUNDED_SURFACE()B_SPLINE_SURFACE(2,1,((#299,#300),(#301,#302),(#303,#304)),.UNSPECIFIED.,.F.,.F.,.F.)B_SPLINE_SURFACE_WITH_KNOTS((3,3),(2,2),(0.00000000000000000E0,1.00000000000000000E0),(0.00000000000000000E0,1.00000000000000000E0),.UNSPECIFIED.)GEOMETRIC_REPRESENTATION_ITEM()RATIONAL_B_SPLINE_SURFACE(((1.00000000000000000E0,1.00000000000000000E0),(7.07106781186547573E-1,7.07106781186547573E-1),(1.00000000000000000E0,1.00000000000000000E0)))REPRESENTATION_ITEM('')SURFACE());
#306=CARTESIAN_POINT('',(0.00000000000000000E0,1.94028500029066381E-1,2.45149287499273338E0));
#307=CARTESIAN_POINT('',(0.00000000000000000E0,1.87265835513808931E-1,3.67977531168232153E0));
#308=CARTESIAN_POINT('',(4.00000000000000022E-1,1.94028500029066381E-1,2.45149287499273338E0));
#309=CARTESIAN_POINT('',(4.00000000000000022E-1,1.87265835513808931E-1,3.67977531168232153E0));
#310=CARTESIAN_POINT('',(4.00000000000000022E-1,0.00000000000000000E0,2.50000000000000000E0));
#311=CARTESIAN_POINT('',(4.00000000000000022E-1,0.00000000000000000E0,3.75000000000000000E0));
#312=(BOUNDED_SURFACE()B_SPLINE_SURFACE(2,1,((#306,#307),(#308,#309),(#310,#311)),.UNSPECIFIED.,.F.,.F.,.F.)B_SPLINE_SURFACE_WITH_KNOTS((3,3),(2,2),(0.00000000000000000E0,1.00000000000000000E0),(0.00000000000000000E0,1.00000000000000000E0),.UNSPECIFIED.)GEOMETRIC_REPRESENTATION_ITEM()RATIONAL_B_SPLINE_SURFACE(((1.00000000000000000E0,1.00000000000000000E0),(7.07106781186547573E-1,7.07106781186547573E-1),(1.00000000000000000E0,1.00000000000000000E0)))REPRESENTATION_ITEM('')SURFACE());
#313=CARTESIAN_POINT('',(1.00000000000000000E0,0.00000000000000000E0,3.75000000000000000E0));
#314=CARTESIAN_POINT('',(1.00000000000000000E0,0.00000000000000000E0,5.00000000000000000E0));
#315=CARTESIAN_POINT('',(1.00000000000000000E0,4.68164588784522273E-1,3.57443827920580404E0));
#316=CARTESIAN_POINT('',(1.00000000000000000E0,4.47213595499957928E-1,4.77639320225002084E0));
#317=CARTESIAN_POINT('',(0.00000000000000000E0,4.68164588784522273E-1,3.57443827920580404E0));
#318=CARTESIAN_POINT('',(0.00000000000000000E0,4.47213595499957928E-1,4.77639320225002084E0));
#319=(BOUNDED_SURFACE()B_SPLINE_SURFACE(2,1,((#313,#314),(#315,#316),(#317,#318)),.UNSPECIFIED.,.F.,.F.,.F.)B_SPLINE_SURFACE_WITH_KNOTS((3,3),(2,2),(0.00000000000000000E0,1.00000000000000000E0),(0.00000000000000000E0,1.00000000000000000E0),.UNSPECIFIED.)GEOMETRIC_REPRESENTATION_ITEM()RATIONAL_B_SPLINE_SURFACE(((1.00000000000000000E0,1.00000000000000000E0),(7.07106781186547573E-1,7.07106781186547573E-1),(1.00000000000000000E0,1.00000000000000000E0)))REPRESENTATION_ITEM('')SURFACE());
#320=CARTESIAN_POINT('',(0.00000000000000000E0,4.68164588784522273E-1,3.57443827920580404E0));
#321=CARTESIAN_POINT('',(0.00000000000000000E0,4.47213595499957928E-1,4.77639320225002084E0));
#322=CARTESIAN_POINT('',(-1.00000000000000000E0,4.68164588784522273E-1,3.57443827920580404E0));
#323=CARTESIAN_POINT('',(-1.00000000000000000E0,4.47213595499957928E-1,4.77639320225002084E0));
#324=CARTESIAN_POINT('',(-1.00000000000000000E0,0.00000000000000000E0,3.75000000000000000E0));
#325=CARTESIAN_POINT('',(-1.00000000000000000E0,0.00000000000000000E0,5.00000000000000000E0));
#326=(BOUNDED_SURFACE()B_SPLINE_SURFACE(2,1,((#320,#321),(#322,#323),(#324,#325)),.UNSPECIFIED.,.F.,.F.,.F.)B_SPLINE_SURFACE_WITH_KNOTS((3,3),(2,2),(0.00000000000000000E0,1.00000000000000000E0),(0.00000000000000000E0,1.00000000000000000E0),.UNSPECIFIED.)GEOMETRIC_REPRESENTATION_ITEM()RATIONAL_B_SPLINE_SURFACE(((1.00000000000000000E0,1.00000000000000000E0),(7.07106781186547573E-1,7.07106781186547573E-1),(1.00000000000000000E0,1.00000000000000000E0)))REPRESENTATION_ITEM('')SURFACE());
#327=CARTESIAN_POINT('',(-1.00000000000000000E0,0.00000000000000000E0,3.75000000000000000E0));
#328=CARTESIAN_POINT('',(-1.00000000000000000E0,0.00000000000000000E0,5.00000000000000000E0));
#329=CARTESIAN_POINT('',(-1.00000000000000000E0,-4.68164588784522273E-1,3.92556172079419596E0));
#330=CARTESIAN_POINT('',(-1.00000000000000000E0,-4.47213595499957928E-1,5.22360679774997916E0));
#331=CARTESIAN_POINT('',(0.00000000000000000E0,-4.68164588784522273E-1,3.92556172079419596E0));
#332=CARTESIAN_POINT('',(0.00000000000000000E0,-4.47213595499957928E-1,5.22360679774997916E0));
#333=(BOUNDED_SURFACE()B_SPLINE_SURFACE(2,1,((#327,#328),(#329,#330),(#331,#332)),.UNSPECIFIED.,.F.,.F.,.F.)B_SPLINE_SURFACE_WITH_KNOTS((3,3),(2,2),(0.00000000000000000E0,1.00000000000000000E0),(0.00000000000000000E0,1.00000000000000000E0),.UNSPECIFIED.)GEOMETRIC_REPRESENTATION_ITEM()RATIONAL_B_SPLINE_SURFACE(((1.00000000000000000E0,1.00000000000000000E0),(7.07106781186547573E-1,7.07106781186547573E-1),(1.00000000000000000E0,1.00000000000000000E0)))REPRESENTATION_ITEM('')SURFACE());
#334=CARTESIAN_POINT('',(0.00000000000000000E0,-4.68164588784522273E-1,3.92556172079419596E0));
#335=CARTESIAN_POINT('',(0.00000000000000000E0,-4.47213595499957928E-1,5.22360679774997916E0));
#336=CARTESIAN_POINT('',(1.00000000000000000E0,-4.68164588784522273E-1,3.92556172079419596E0));
#337=CARTESIAN_POINT('',(1.00000000000000000E0,-4.47213595499957928E-1,5.22360679774997916E0));
#338=CARTESIAN_POINT('',(1.00000000000000000E0,0.00000000000000000E0,3.75000000000000000E0));
#339=CARTESIAN_POINT('',(1.00000000000000000E0,0.00000000000000000E0,5.00000000000000000E0));
#340=(BOUNDED_SURFACE()B_SPLINE_SURFACE(2,1,((#334,#335),(#336,#337),(#338,#339)),.UNSPECIFIED.,.F.,.F.,.F.)B_SPLINE_SURFACE_WITH_KNOTS((3,3),(2,2),(0.00000000000000000E0,1.00000000000000000E0),(0.00000000000000000E0,1.00000000000000000E0),.UNSPECIFIED.)GEOMETRIC_REPRESENTATION_ITEM()RATIONAL_B_SPLINE_SURFACE(((1.00000000000000000E0,1.00000000000000000E0),(7.07106781186547573E-1,7.07106781186547573E-1),(1.00000000000000000E0,1.00000000000000000E0)))REPRESENTATION_ITEM('')SURFACE());
#341=CARTESIAN_POINT('',(4.00000000000000022E-1,0.00000000000000000E0,3.75000000000000000E0));
#342=CARTESIAN_POINT('',(4.00000000000000022E-1,0.00000000000000000E0,5.00000000000000000E0));
#343=CARTESIAN_POINT('',(4.00000000000000022E-1,-1.87265835513808931E-1,3.82022468831767847E0));
#344=CARTESIAN_POINT('',(4.00000000000000022E-1,-1.78885438199983177E-1,5.08944271909999202E0));
#345=CARTESIAN_POINT('',(0.00000000000000000E0,-1.87265835513808931E-1,3.82022468831767847E0));
#346=CARTESIAN_POINT('',(0.00000000000000000E0,-1.78885438199983177E-1,5.08944271909999202E0));
#347=(BOUNDED_SURFACE()B_SPLINE_SURFACE(2,1,((#341,#342),(#343,#344),(#345,#346)),.UNSPECIFIED.,.F.,.F.,.F.)B_SPLINE_SURFACE_WITH_KNOTS((3,3),(2,2),(0.00000000000000000E0,1.00000000000000000E0),(0.00000000000000000E0,1.00000000000000000E0),.UNSPECIFIED.)GEOMETRIC_REPRESENTATION_ITEM()RATIONAL_B_SPLINE_SURFACE(((1.00000000000000000E0,1.00000000000000000E0),(7.07106781186547573E-1,7.07106781186547573E-1),(1.00000000000000000E0,1.00000000000000000E0)))REPRESENTATION_ITEM('')SURFACE());
#348=CARTESIAN_POINT('',(0.00000000000000000E0,-1.87265835513808931E-1,3.82022468831767847E0));
#349=CARTESIAN_POINT('',(0.00000000000000000E0,-1.78885438199983177E-1,5.08944271909999202E0));
#350=CARTESIAN_POINT('',(-4.00000000000000022E-1,-1.87265835513808931E-1,3.82022468831767847E0));
#351=CARTESIAN_POINT('',(-4.00000000000000022E-1,-1.78885438199983177E-1,5.08944271909999202E0));
#352=CARTESIAN_POINT('',(-4.00000000000000022E-1,0.00000000000000000E0,3.75000000000000000E0));
#353=CARTESIAN_POINT('',(-4.00000000000000022E-1,0.00000000000000000E0,5.00000000000000000E0));
#354=(BOUNDED_SURFACE()B_SPLINE_SURFACE(2,1,((#348,#349),(#350,#351),(#352,#353)),.UNSPECIFIED.,.F.,.F.,.F.)B_SPLINE_SURFACE_WITH_KNOTS((3,3),(2,2),(0.00000000000000000E0,1.00000000000000000E0),(0.00000000000000000E0,1.00000000000000000E0),.UNSPECIFIED.)GEOMETRIC_REPRESENTATION_ITEM()RATIONAL_B_SPLINE_SURFACE(((1.00000000000000000E0,1.00000000000000000E0),(7.07106781186547573E-1,7.07106781186547573E-1),(1.00000000000000000E0,1.00000000000000000E0)))REPRESENTATION_ITEM('')SURFACE());
#355=CARTESIAN_POINT('',(-4.00000000000000022E-1,0.00000000000000000E0,3.75000000000000000E0));
#356=CARTESIAN_POINT('',(-4.00000000000000022E-1,0.00000000000000000E0,5.00000000000000000E0));
#357=CARTESIAN_POINT('',(-4.00000000000000022E-1,1.87265835513808931E-1,3.67977531168232153E0));
#358=CARTESIAN_POINT('',(-4.00000000000000022E-1,1.78885438199983177E-1,4.91055728090000798E0));
#359=CARTESIAN_POINT('',(0.00000000000000000E0,1.87265835513808931E-1,3.67977531168232153E0));
#360=CARTESIAN_POINT('',(0.00000000000000000E0,1.78885438199983177E-1,4.91055728090000798E0));
#361=(BOUNDED_SURFACE()B_SPLINE_SURFACE(2,1,((#355,#356),(#357,#358),(#359,#360)),.UNSPECIFIED.,.F.,.F.,.F.)B_SPLINE_SURFACE_WITH_KNOTS((3,3),(2,2),(0.00000000000000000E0,1.00000000000000000E0),(0.00000000000000000E0,1.00000000000000000E0),.UNSPECIFIED.)GEOMETRIC_REPRESENTATION_ITEM()RATIONAL_B_SPLINE_SURFACE(((1.00000000000000000E0,1.00000000000000000E0),(7.07106781186547573E-1,7.07106781186547573E-1),(1.00000000000000000E0,1.00000000000000000E0)))REPRESENTATION_ITEM('')SURFACE());
#362=CARTESIAN_POINT('',(0.00000000000000000E0,1.87265835513808931E-1,3.67977531168232153E0));
#363=CARTESIAN_POINT('',(0.00000000000000000E0,1.78885438199983177E-1,4.91055728090000798E0));
#364=CARTESIAN_POINT('',(4.00000000000000022E-1,1.87265835513808931E-1,3.67977531168232153E0));
#365=CARTESIAN_POINT('',(4.00000000000000022E-1,1.78885438199983177E-1,4.91055728090000798E0));
#366=CARTESIAN_POINT('',(4.00000000000000022E-1,0.00000000000000000E0,3.75000000000000000E0));
#367=CARTESIAN_POINT('',(4.00000000000000022E-1,0.00000000000000000E0,5.00000000000000000E0));
#368=(BOUNDED_SURFACE()B_SPLINE_SURFACE(2,1,((#362,#363),(#364,#365),(#366,#367)),.UNSPECIFIED.,.F.,.F.,.F.)B_SPLINE_SURFACE_WITH_KNOTS((3,3),(2,2),(0.00000000000000000E0,1.00000000000000000E0),(0.00000000000000000E0,1.00000000000000000E0),.UNSPECIFIED.)GEOMETRIC_REPRESENTATION_ITEM()RATIONAL_B_SPLINE_SURFACE(((1.00000000000000000E0,1.00000000000000000E0),(7.07106781186547573E-1,7.07106781186547573E-1),(1.00000000000000000E0,1.00000000000000000E0)))REPRESENTATION_ITEM('')SURFACE());
#369=CARTESIAN_POINT('',(1.00000000000000000E0,0.00000000000000000E0,5.00000000000000000E0));
#370=CARTESIAN_POINT('',(1.00000000000000000E0,0.00000000000000000E0,6.25000000000000000E0));
#371=CARTESIAN_POINT('',(1.00000000000000000E0,4.47213595499957928E-1,4.77639320225002084E0));
#372=CARTESIAN_POINT('',(1.00000000000000000E0,4.23999152002544011E-1,5.98500052999840992E0));
#373=CARTESIAN_POINT('',(0.00000000000000000E0,4.47213595499957928E-1,4.77639320225002084E0));
#374=CARTESIAN_POINT('',(0.00000000000000000E0,4.23999152002544011E-1,5.98500052999840992E0));
#375=(BOUNDED_SURFACE()B_SPLINE_SURFACE(2,1,((#369,#370),(#371,#372),(#373,#374)),.UNSPECIFIED.,.F.,.F.,.F.)B_SPLINE_SURFACE_WITH_KNOTS((3,3),(2,2),(0.00000000000000000E0,1.00000000000000000E0),(0.00000000000000000E0,1.00000000000000000E0),.UNSPECIFIED.)GEOMETRIC_REPRESENTATION_ITEM()RATIONAL_B_SPLINE_SURFACE(((1.00000000000000000E0,1.00000000000000000E0),(7.07106781186547573E-1,7.07106781186547573E-1),(1.00000000000000000E0,1.00000000000000000E0)))REPRESENTATION_ITEM('')SURFACE());
#376=CARTESIAN_POINT('',(0.00000000000000000E0,4.47213595499957928E-1,4.77639320225002084E0));
#377=CARTESIAN_POINT('',(0.00000000000000000E0,4.23999152002544011E-1,5.98500052999840992E0));
#378=CARTESIAN_POINT('',(-1.00000000000000000E0,4.47213595499957928E-1,4.77639320225002084E0));
#379=CARTESIAN_POINT('',(-1.00000000000000000E0,4.23999152002544011E-1,5.98500052999840992E0));
#380=CARTESIAN_POINT('',(-1.00000000000000000E0,0.00000000000000000E0,5.00000000000000000E0));
#381=CARTESIAN_POINT('',(-1.00000000000000000E0,0.00000000000000000E0,6.25000000000000000E0));
#382=(BOUNDED_SURFACE()B_SPLINE_SURFACE(2,1,((#376,#377),(#378,#379),(#380,#381)),.UNSPECIFIED.,.F.,.F.,.F.)B_SPLINE_SURFACE_WITH_KNOTS((3,3),(2,2),(0.00000000000000000E0,1.00000000000000000E0),(0.00000000000000000E0,1.00000000000000000E0),.UNSPECIFIED.)GEOMETRIC_REPRESENTATION_ITEM()RATIONAL_B_SPLINE_SURFACE(((1.00000000000000000E0,1.00000000000000000E0),(7.07106781186547573E-1,7.07106781186547573E-1),(1.00000000000000000E0,1.00000000000000000E0)))REPRESENTATION_ITEM('')SURFACE());
#383=CARTESIAN_POINT('',(-1.00000000000000000E0,0.00000000000000000E0,5.00000000000000000E0));
#384=CARTESIAN_POINT('',(-1.00000000000000000E0,0.00000000000000000E0,6.25000000000000000E0));
#385=CARTESIAN_POINT('',(-1.00000000000000000E0,-4.47213595499957928E-1,5.22360679774997916E0));
#386=CARTESIAN_POINT('',(-1.00000000000000000E0,-4.23999152002544011E-1,6.51499947000159008E0));
#387=CARTESIAN_POINT('',(0.00000000000000000E0,-4.47213595499957928E-1,5.22360679774997916E0));
#388=CARTESIAN_POINT('',(0.00000000000000000E0,-4.23999152002544011E-1,6.51499947000159008E0));
#389=(BOUNDED_SURFACE()B_SPLINE_SURFACE(2,1,((#383,#384),(#385,#386),(#387,#388)),.UNSPECIFIED.,.F.,.F.,.F.)B_SPLINE_SURFACE_WITH_KNOTS((3,3),(2,2),(0.00000000000000000E0,1.00000000000000000E0),(0.00000000000000000E0,1.00000000000000000E0),.UNSPECIFIED.)GEOMETRIC_REPRESENTATION_ITEM()RATIONAL_B_SPLINE_SURFACE(((1.00000000000000000E0,1.00000000000000000E0),(7.07106781186547573E-1,7.07106781186547573E-1),(1.00000000000000000E0,1.00000000000000000E0)))REPRESENTATION_ITEM('')SURFACE());
#390=CARTESIAN_POINT('',(0.00000000000000000E0,-4.47213595499957928E-1,5.22360679774997916E0));
#391=CARTESIAN_POINT('',(0.00000000000000000E0,-4.23999152002544011E-1,6.51499947000159008E0));
#392=CARTESIAN_POINT('',(1.00000000000000000E0,-4.47213595499957928E-1,5.22360679774997916E0));
#393=CARTESIAN_POINT('',(1.00000000000000000E0,-4.23999152002544011E-1,6.51499947000159008E0));
#394=CARTESIAN_POINT('',(1.00000000000000000E0,0.00000000000000000E0,5.00000000000000000E0));
#395=CARTESIAN_POINT('',(1.00000000000000000E0,0.00000000000000000E0,6.25000000000000000E0));
#396=(BOUNDED_SURFACE()B_SPLINE_SURFACE(2,1,((#390,#391),(#392,#393),(#394,#395)),.UNSPECIFIED.,.F.,.F.,.F.)B_SPLINE_SURFACE_WITH_KNOTS((3,3),(2,2),(0.00000000000000000E0,1.00000000000000000E0),(0.00000000000000000E0,1.00000000000000000E0),.UNSPECIFIED.)GEOMETRIC_REPRESENTATION_ITEM()RATIONAL_B_SPLINE_SURFACE(((1.00000000000000000E0,1.00000000000000000E0),(7.07106781186547573E-1,7.07106781186547573E-1),(1.00000000000000000E0,1.00000000000000000E0)))REPRESENTATION_ITEM('')SURFACE());
#397=CARTESIAN_POINT('',(4.00000000000000022E-1,0.00000000000000000E0,5.00000000000000000E0));
#398=CARTESIAN_POINT('',(4.00000000000000022E-1,0.00000000000000000E0,6.25000000000000000E0));
#399=CARTESIAN_POINT('',(4.00000000000000022E-1,-1.78885438199983177E-1,5.08944271909999202E0));
#400=CARTESIAN_POINT('',(4.00000000000000022E-1,-1.69599660801017627E-1,6.35599978800063603E0));
#401=CARTESIAN_POINT('',(0.00000000000000000E0,-1.78885438199983177E-1,5.08944271909999202E0));
#402=CARTESIAN_POINT('',(0.00000000000000000E0,-1.69599660801017627E-1,6.35599978800063603E0));
#403=(BOUNDED_SURFACE()B_SPLINE_SURFACE(2,1,((#397,#398),(#399,#400),(#401,#402)),.UNSPECIFIED.,.F.,.F.,.F.)B_SPLINE_SURFACE_WITH_KNOTS((3,3),(2,2),(0.00000000000000000E0,1.00000000000000000E0),(0.00000000000000000E0,1.00000000000000000E0),.UNSPECIFIED.)GEOMETRIC_REPRESENTATION_ITEM()RATIONAL_B_SPLINE_SURFACE(((1.00000000000000000E0,1.00000000000000000E0),(7.07106781186547573E-1,7.07106781186547573E-1),(1.00000000000000000E0,1.00000000000000000E0)))REPRESENTATION_ITEM('')SURFACE());
#404=CARTESIAN_POINT('',(0.00000000000000000E0,-1.78885438199983177E-1,5.08944271909999202E0));
#405=CARTESIAN_POINT('',(0.00000000000000000E0,-1.69599660801017627E-1,6.35599978800063603E0));
#406=CARTESIAN_POINT('',(-4.00000000000000022E-1,-1.78885438199983177E-1,5.08944271909999202E0));
#407=CARTESIAN_POINT('',(-4.00000000000000022E-1,-1.69599660801017627E-1,6.35599978800063603E0));
#408=CARTESIAN_POINT('',(-4.00000000000000022E-1,0.00000000000000000E0,5.00000000000000000E0));
#409=CARTESIAN_POINT('',(-4.00000000000000022E-1,0.00000000000000000E0,6.25000000000000000E0));
#410=(BOUNDED_SURFACE()B_SPLINE_SURFACE(2,1,((#404,#405),(#406,#407),(#408,#409)),.UNSPECIFIED.,.F.,.F.,.F.)B_SPLINE_SURFACE_WITH_KNOTS((3,3),(2,2),(0.00000000000000000E0,1.00000000000000000E0),(0.00000000000000000E0,1.00000000000000000E0),.UNSPECIFIED.)GEOMETRIC_REPRESENTATION_ITEM()RATIONAL_B_SPLINE_SURFACE(((1.00000000000000000E0,1.00000000000000000E0),(7.07106781186547573E-1,7.07106781186547573E-1),(1.00000000000000000E0,1.00000000000000000E0)))REPRESENTATION_ITEM('')SURFACE());
#411=CARTESIAN_POINT('',(-4.00000000000000022E-1,0.00000000000000000E0,5.00000000000000000E0));
#412=CARTESIAN_POINT('',(-4.00000000000000022E-1,0.00000000000000000E0,6.25000000000000000E0));
#413=CARTESIAN_POINT('',(-4.00000000000000022E-1,1.78885438199983177E-1,4.91055728090000798E0));
#414=CARTESIAN_POINT('',(-4.00000000000000022E-1,1.69599660801017627E-1,6.14400021199936397E0));
#415=CARTESIAN_POINT('',(0.00000000000000000E0,1.78885438199983177E-1,4.91055728090000798E0));
#416=CARTESIAN_POINT('',(0.00000000000000000E0,1.69599660801017627E-1,6.14400021199936397E0));
#417=(BOUNDED_SURFACE()B_SPLINE_SURFACE(2,1,((#411,#412),(#413,#414),(#415,#416)),.UNSPECIFIED.,.F.,.F.,.F.)B_SPLINE_SURFACE_WITH_KNOTS((3,3),(2,2),(0.00000000000000000E0,1.00000000000000000E0),(0.00000000000000000E0,1.00000000000000000E0),.UNSPECIFIED.)GEOMETRIC_REPRESENTATION_ITEM()RATIONAL_B_SPLINE_SURFACE(((1.00000000000000000E0,1.00000000000000000E0),(7.07106781186547573E-1,7.07106781186547573E-1),(1.00000000000000000E0,1.00000000000000000E0)))REPRESENTATION_ITEM('')SURFACE());
#418=CARTESIAN_POINT('',(0.00000000000000000E0,1.78885438199983177E-1,4.91055728090000798E0));
#419=CARTESIAN_POINT('',(0.00000000000000000E0,1.69599660801017627E-1,6.14400021199936397E0));
#420=CARTESIAN_POINT('',(4.00000000000000022E-1,1.78885438199983177E-1,4.91055728090000798E0));
#421=CARTESIAN_POINT('',(4.00000000000000022E-1,1.69599660801017627E-1,6.14400021199936397E0));
#422=CARTESIAN_POINT('',(4.00000000000000022E-1,0.00000000000000000E0,5.00000000000000000E0));
#423=CARTESIAN_POINT('',(4.00000000000000022E-1,0.00000000000000000E0,6.25000000000000000E0));
#424=(BOUNDED_SURFACE()B_SPLINE_SURFACE(2,1,((#418,#419),(#420,#421),(#422,#423)),.UNSPECIFIED.,.F.,.F.,.F.)B_SPLINE_SURFACE_WITH_KNOTS((3,3),(2,2),(0.00000000000000000E0,1.00000000000000000E0),(0.00000000000000000E0,1.00000000000000000E0),.UNSPECIFIED.)GEOMETRIC_REPRESENTATION_ITEM()RATIONAL_B_SPLINE_SURFACE(((1.00000000000000000E0,1.00000000000000000E0),(7.07106781186547573E-1,7.07106781186547573E-1),(1.00000000000000000E0,1.00000000000000000E0)))REPRESENTATION_ITEM('')SURFACE());
#425=CARTESIAN_POINT('',(1.00000000000000000E0,0.00000000000000000E0,6.25000000000000000E0));
#426=CARTESIAN_POINT('',(1.00000000000000000E0,0.00000000000000000E0,7.50000000000000000E0));
#427=CARTESIAN_POINT('',(1.00000000000000000E0,4.23999152002544011E-1,5.98500052999840992E0));
#428=CARTESIAN_POINT('',(1.00000000000000000E0,4.00000000000000022E-1,7.20000000000000018E0));
#429=CARTESIAN_POINT('',(0.00000000000000000E0,4.23999152002544011E-1,5.98500052999840992E0));
#430=CARTESIAN_POINT('',(0.00000000000000000E0,4.00000000000000022E-1,7.20000000000000018E0));
#431=(BOUNDED_SURFACE()B_SPLINE_SURFACE(2,1,((#425,#426),(#427,#428),(#429,#430)),.UNSPECIFIED.,.F.,.F.,.F.)B_SPLINE_SURFACE_WITH_KNOTS((3,3),(2,2),(0.00000000000000000E0,1.00000000000000000E0),(0.00000000000000000E0,1.00000000000000000E0),.UNSPECIFIED.)GEOMETRIC_REPRESENTATION_ITEM()RATIONAL_B_SPLINE_SURFACE(((1.00000000000000000E0,1.00000000000000000E0),(7.07106781186547573E-1,7.07106781186547573E-1),(1.00000000000000000E0,1.00000000000000000E0)))REPRESENTATION_ITEM('')SURFACE());
#432=CARTESIAN_POINT('',(0.00000000000000000E0,4.23999152002544011E-1,5.98500052999840992E0));
#433=CARTESIAN_POINT('',(0.00000000000000000E0,4.00000000000000022E-1,7.20000000000000018E0));
#434=CARTESIAN_POINT('',(-1.00000000000000000E0,4.23999152002544011E-1,5.98500052999840992E0));
#435=CARTESIAN_POINT('',(-1.00000000000000000E0,4.00000000000000022E-1,7.20000000000000018E0));
#436=CARTESIAN_POINT('',(-1.00000000000000000E0,0.00000000000000000E0,6.25000000000000000E0));
#437=CARTESIAN_POINT('',(-1.00000000000000000E0,0.00000000000000000E0,7.50000000000000000E0));
#438=(BOUNDED_SURFACE()B_SPLINE_SURFACE(2,1,((#432,#433),(#434,#435),(#436,#437)),.UNSPECIFIED.,.F.,.F.,.F.)B_SPLINE_SURFACE_WITH_KNOTS((3,3),(2,2),(0.00000000000000000E0,1.00000000000000000E0),(0.00000000000000000E0,1.00000000000000000E0),.UNSPECIFIED.)GEOMETRIC_REPRESENTATION_ITEM()RATIONAL_B_SPLINE_SURFACE(((1.00000000000000000E0,1.00000000000000000E0),(7.07106781186547573E-1,7.07106781186547573E-1),(1.00000000000000000E0,1.00000000000000000E0)))REPRESENTATION_ITEM('')SURFACE());
#439=CARTESIAN_POINT('',(-1.00000000000000000E0,0.00000000000000000E0,6.25000000000000000E0));
#440=CARTESIAN_POINT('',(-1.00000000000000000E0,0.00000000000000000E0,7.50000000000000000E0));
#441=CARTESIAN_POINT('',(-1.00000000000000000E0,-4.23999152002544011E-1,6.51499947000159008E0));
#442=CARTESIAN_POINT('',(-1.00000000000000000E0,-4.00000000000000022E-1,7.79999999999999982E0));
#443=CARTESIAN_POINT('',(0.00000000000000000E0,-4.23999152002544011E-1,6.51499947000159008E0));
#444=CARTESIAN_POINT('',(0.00000000000000000E0,-4.00000000000000022E-1,7.79999999999999982E0));
#445=(BOUNDED_SURFACE()B_SPLINE_SURFACE(2,1,((#439,#440),(#441,#442),(#443,#444)),.UNSPECIFIED.,.F.,.F.,.F.)B_SPLINE_SURFACE_WITH_KNOTS((3,3),(2,2),(0.00000000000000000E0,1.00000000000000000E0),(0.00000000000000000E0,1.00000000000000000E0),.UNSPECIFIED.)GEOMETRIC_REPRESENTATION_ITEM()RATIONAL_B_SPLINE_SURFACE(((1.00000000000000000E0,1.00000000000000000E0),(7.07106781186547573E-1,7.07106781186547573E-1),(1.00000000000000000E0,1.00000000000000000E0)))REPRESENTATION_ITEM('')SURFACE());
#446=CARTESIAN_POINT('',(0.00000000000000000E0,-4.23999152002544011E-1,6.51499947000159008E0));
#447=CARTESIAN_POINT('',(0.00000000000000000E0,-4.00000000000000022E-1,7.79999999999999982E0));
#448=CARTESIAN_POINT('',(1.00000000000000000E0,-4.23999152002544011E-1,6.51499947000159008E0));
#449=CARTESIAN_POINT('',(1.00000000000000000E0,-4.00000000000000022E-1,7.79999999999999982E0));
#450=CARTESIAN_POINT('',(1.00000000000000000E0,0.00000000000000000E0,6.25000000000000000E0));
#451=CARTESIAN_POINT('',(1.00000000000000000E0,0.00000000000000000E0,7.50000000000000000E0));
#452=(BOUNDED_SURFACE()B_SPLINE_SURFACE(2,1,((#446,#447),(#448,#449),(#450,#451)),.UNSPECIFIED.,.F.,.F.,.F.)B_SPLINE_SURFACE_WITH_KNOTS((3,3),(2,2),(0.00000000000000000E0,1.00000000000000000E0),(0.00000000000000000E0,1.00000000000000000E0),.UNSPECIFIED.)GEOMETRIC_REPRESENTATION_ITEM()RATIONAL_B_SPLINE_SURFACE(((1.00000000000000000E0,1.00000000000000000E0),(7.07106781186547573E-1,7.07106781186547573E-1),(1.00000000000000000E0,1.00000000000000000E0)))REPRESENTATION_ITEM('')SURFACE());
#453=CARTESIAN_POINT('',(4.00000000000000022E-1,0.00000000000000000E0,6.25000000000000000E0));
#454=CARTESIAN_POINT('',(4.00000000000000022E-1,0.00000000000000000E0,7.50000000000000000E0));
#455=CARTESIAN_POINT('',(4.00000000000000022E-1,-1.69599660801017627E-1,6.35599978800063603E0));
#456=CARTESIAN_POINT('',(4.00000000000000022E-1,-1.60000000000000031E-1,7.62000000000000011E0));
#457=CARTESIAN_POINT('',(0.00000000000000000E0,-1.69599660801017627E-1,6.35599978800063603E0));
#458=CARTESIAN_POINT('',(0.00000000000000000E0,-1.60000000000000031E-1,7.62000000000000011E0));
#459=(BOUNDED_SURFACE()B_SPLINE_SURFACE(2,1,((#453,#454),(#455,#456),(#457,#458)),.UNSPECIFIED.,.F.,.F.,.F.)B_SPLINE_SURFACE_WITH_KNOTS((3,3),(2,2),(0.00000000000000000E0,1.00000000000000000E0),(0.00000000000000000E0,1.00000000000000000E0),.UNSPECIFIED.)GEOMETRIC_REPRESENTATION_ITEM()RATIONAL_B_SPLINE_SURFACE(((1.00000000000000000E0,1.00000000000000000E0),(7.07106781186547573E-1,7.07106781186547573E-1),(1.00000000000000000E0,1.00000000000000000E0)))REPRESENTATION_ITEM('')SURFACE());
#460=CARTESIAN_POINT('',(0.00000000000000000E0,-1.69599660801017627E-1,6.35599978800063603E0));
#461=CARTESIAN_POINT('',(0.00000000000000000E0,-1.60000000000000031E-1,7.62000000000000011E0));
#462=CARTESIAN_POINT('',(-4.00000000000000022E-1,-1.69599660801017627E-1,6.35599978800063603E0));
#463=CARTESIAN_POINT('',(-4.00000000000000022E-1,-1.60000000000000031E-1,7.62000000000000011E0));
#464=CARTESIAN_POINT('',(-4.00000000000000022E-1,0.00000000000000000E0,6.25000000000000000E0));
#465=CARTESIAN_POINT('',(-4.00000000000000022E-1,0.00000000000000000E0,7.50000000000000000E0));
#466=(BOUNDED_SURFACE()B_SPLINE_SURFACE(2,1,((#460,#461),(#462,#463),(#464,#465)),.UNSPECIFIED.,.F.,.F.,.F.)B_SPLINE_SURFACE_WITH_KNOTS((3,3),(2,2),(0.00000000000000000E0,1.00000000000000000E0),(0.00000000000000000E0,1.00000000000000000E0),.UNSPECIFIED.)GEOMETRIC_REPRESENTATION_ITEM()RATIONAL_B_SPLINE_SURFACE(((1.00000000000000000E0,1.00000000000000000E0),(7.07106781186547573E-1,7.07106781186547573E-1),(1.00000000000000000E0,1.00000000000000000E0)))REPRESENTATION_ITEM('')SURFACE());
#467=CARTESIAN_POINT('',(-4.00000000000000022E-1,0.00000000000000000E0,6.25000000000000000E0));
#468=CARTESIAN_POINT('',(-4.00000000000000022E-1,0.00000000000000000E0,7.50000000000000000E0));
#469=CARTESIAN_POINT('',(-4.00000000000000022E-1,1.69599660801017627E-1,6.14400021199936397E0));
#470=CARTESIAN_POINT('',(-4.00000000000000022E-1,1.60000000000000031E-1,7.37999999999999989E0));
#471=CARTESIAN_POINT('',(0.00000000000000000E0,1.69599660801017627E-1,6.14400021199936397E0));
#472=CARTESIAN_POINT('',(0.00000000000000000E0,1.60000000000000031E-1,7.37999999999999989E0));
#473=(BOUNDED_SURFACE()B_SPLINE_SURFACE(2,1,((#467,#468),(#469,#470),(#471,#472)),.UNSPECIFIED.,.F.,.F.,.F.)B_SPLINE_SURFACE_WITH_KNOTS((3,3),(2,2),(0.00000000000000000E0,1.00000000000000000E0),(0.00000000000000000E0,1.00000000000000000E0),.UNSPECIFIED.)GEOMETRIC_REPRESENTATION_ITEM()RATIONAL_B_SPLINE_SURFACE(((1.00000000000000000E0,1.00000000000000000E0),(7.07106781186547573E-1,7.07106781186547573E-1),(1.00000000000000000E0,1.00000000000000000E0)))REPRESENTATION_ITEM('')SURFACE());
#474=CARTESIAN_POINT('',(0.00000000000000000E0,1.69599660801017627E-1,6.14400021199936397E0));
#475=CARTESIAN_POINT('',(0.00000000000000000E0,1.60000000000000031E-1,7.37999999999999989E0));
#476=CARTESIAN_POINT('',(4.00000000000000022E-1,1.69599660801017627E-1,6.14400021199936397E0));
#477=CARTESIAN_POINT('',(4.00000000000000022E-1,1.60000000000000031E-1,7.37999999999999989E0));
#478=CARTESIAN_POINT('',(4.00000000000000022E-1,0.00000000000000000E0,6.25000000000000000E0));
#479=CARTESIAN_POINT('',(4.00000000000000022E-1,0.00000000000000000E0,7.50000000000000000E0));
#480=(BOUNDED_SURFACE()B_SPLINE_SURFACE(2,1,((#474,#475),(#476,#477),(#478,#479)),.UNSPECIFIED.,.F.,.F.,.F.)B_SPLINE_SURFACE_WITH_KNOTS((3,3),(2,2),(0.00000000000000000E0,1.00000000000000000E0),(0.00000000000000000E0,1.00000000000000000E0),.UNSPECIFIED.)GEOMETRIC_REPRESENTATION_ITEM()RATIONAL_B_SPLINE_SURFACE(((1.00000000000000000E0,1.00000000000000000E0),(7.07106781186547573E-1,7.07106781186547573E-1),(1.00000000000000000E0,1.00000000000000000E0)))REPRESENTATION_ITEM('')SURFACE());
#481=CARTESIAN_POINT('',(1.00000000000000000E0,0.00000000000000000E0,7.50000000000000000E0));
#482=CARTESIAN_POINT('',(1.00000000000000000E0,0.00000000000000000E0,8.75000000000000000E0));
#483=CARTESIAN_POINT('',(1.00000000000000000E0,4.00000000000000022E-1,7.20000000000000018E0));
#484=CARTESIAN_POINT('',(1.00000000000000000E0,3.76288347353438912E-1,8.42074769606574058E0));
#485=CARTESIAN_POINT('',(0.00000000000000000E0,4.00000000000000022E-1,7.20000000000000018E0));
#486=CARTESIAN_POINT('',(0.00000000000000000E0,3.76288347353438912E-1,8.42074769606574058E0));
#487=(BOUNDED_SURFACE()B_SPLINE_SURFACE(2,1,((#481,#482),(#483,#484),(#485,#486)),.UNSPECIFIED.,.F.,.F.,.F.)B_SPLINE_SURFACE_WITH_KNOTS((3,3),(2,2),(0.00000000000000000E0,1.00000000000000000E0),(0.00000000000000000E0,1.00000000000000000E0),.UNSPECIFIED.)GEOMETRIC_REPRESENTATION_ITEM()RATIONAL_B_SPLINE_SURFACE(((1.00000000000000000E0,1.00000000000000000E0),(7.07106781186547573E-1,7.07106781186547573E-1),(1.00000000000000000E0,1.00000000000000000E0)))REPRESENTATION_ITEM('')SURFACE());
#488=CARTESIAN_POINT('',(0.00000000000000000E0,4.00000000000000022E-1,7.20000000000000018E0));
#489=CARTESIAN_POINT('',(0.00000000000000000E0,3.76288347353438912E-1,8.42074769606574058E0));
#490=CARTESIAN_POINT('',(-1.00000000000000000E0,4.00000000000000022E-1,7.20000000000000018E0));
#491=CARTESIAN_POINT('',(-1.00000000000000000E0,3.76288347353438912E-1,8.42074769606574058E0));
#492=CARTESIAN_POINT('',(-1.00000000000000000E0,0.00000000000000000E0,7.50000000000000000E0));
#493=CARTESIAN_POINT('',(-1.00000000000000000E0,0.00000000000000000E0,8.75000000000000000E0));
#494=(BOUNDED_SURFACE()B_SPLINE_SURFACE(2,1,((#488,#489),(#490,#491),(#492,#493)),.UNSPECIFIED.,.F.,.F.,.F.)B_SPLINE_SURFACE_WITH_KNOTS((3,3),(2,2),(0.00000000000000000E0,1.00000000000000000E0),(0.00000000000000000E0,1.00000000000000000E0),.UNSPECIFIED.)GEOMETRIC_REPRESENTATION_ITEM()RATIONAL_B_SPLINE_SURFACE(((1.00000000000000000E0,1.00000000000000000E0),(7.07106781186547573E-1,7.07106781186547573E-1),(1.00000000000000000E0,1.00000000000000000E0)))REPRESENTATION_ITEM('')SURFACE());
#495=CARTESIAN_POINT('',(-1.00000000000000000E0,0.00000000000000000E0,7.50000000000000000E0));
#496=CARTESIAN_POINT('',(-1.00000000000000000E0,0.00000000000000000E0,8.75000000000000000E0));
#497=CARTESIAN_POINT('',(-1.00000000000000000E0,-4.00000000000000022E-1,7.79999999999999982E0));
#498=CARTESIAN_POINT('',(-1.00000000000000000E0,-3.76288347353438912E-1,9.07925230393425942E0));
#499=CARTESIAN_POINT('',(0.00000000000000000E0,-4.00000000000000022E-1,7.79999999999999982E0));
#500=CARTESIAN_POINT('',(0.00000000000000000E0,-3.76288347353438912E-1,9.07925230393425942E0));
#501=(BOUNDED_SURFACE()B_SPLINE_SURFACE(2,1,((#495,#496),(#497,#498),(#499,#500)),.UNSPECIFIED.,.F.,.F.,.F.)B_SPLINE_SURFACE_WITH_KNOTS((3,3),(2,2),(0.00000000000000000E0,1.00000000000000000E0),(0.00000000000000000E0,1.00000000000000000E0),.UNSPECIFIED.)GEOMETRIC_REPRESENTATION_ITEM()RATIONAL_B_SPLINE_SURFACE(((1.00000000000000000E0,1.00000000000000000E0),(7.07106781186547573E-1,7.07106781186547573E-1),(1.00000000000000000E0,1.00000000000000000E0)))REPRESENTATION_ITEM('')SURFACE());
#502=CARTESIAN_POINT('',(0.00000000000000000E0,-4.00000000000000022E-1,7.79999999999999982E0));
#503=CARTESIAN_POINT('',(0.00000000000000000E0,-3.76288347353438912E-1,9.07925230393425942E0));
#504=CARTESIAN_POINT('',(1.00000000000000000E0,-4.00000000000000022E-1,7.79999999999999982E0));
#505=CARTESIAN_POINT('',(1.00000000000000000E0,-3.76288347353438912E-1,9.07925230393425942E0));
#506=CARTESIAN_POINT('',(1.00000000000000000E0,0.00000000000000000E0,7.50000000000000000E0));
#507=CARTESIAN_POINT('',(1.00000000000000000E0,0.00000000000000000E0,8.75000000000000000E0));
#508=(BOUNDED_SURFACE()B_SPLINE_SURFACE(2,1,((#502,#503),(#504,#505),(#506,#507)),.UNSPECIFIED.,.F.,.F.,.F.)B_SPLINE_SURFACE_WITH_KNOTS((3,3),(2,2),(0.00000000000000000E0,1.00000000000000000E0),(0.00000000000000000E0,1.00000000000000000E0),.UNSPECIFIED.)GEOMETRIC_REPRESENTATION_ITEM()RATIONAL_B_SPLINE_SURFACE(((1.00000000000000000E0,1.00000000000000000E0),(7.07106781186547573E-1,7.07106781186547573E-1),(1.00000000000000000E0,1.00000000000000000E0)))REPRESENTATION_ITEM('')SURFACE());
#509=CARTESIAN_POINT('',(4.00000000000000022E-1,0.00000000000000000E0,7.50000000000000000E0));
#510=CARTESIAN_POINT('',(4.00000000000000022E-1,0.00000000000000000E0,8.75000000000000000E0));
#511=CARTESIAN_POINT('',(4.00000000000000022E-1,-1.60000000000000031E-1,7.62000000000000011E0));
#512=CARTESIAN_POINT('',(4.00000000000000022E-1,-1.50515338941375587E-1,8.88170092157370306E0));
#513=CARTESIAN_POINT('',(0.00000000000000000E0,-1.60000000000000031E-1,7.62000000000000011E0));
#514=CARTESIAN_POINT('',(0.00000000000000000E0,-1.50515338941375587E-1,8.88170092157370306E0));
#515=(BOUNDED_SURFACE()B_SPLINE_SURFACE(2,1,((#509,#510),(#511,#512),(#513,#514)),.UNSPECIFIED.,.F.,.F.,.F.)B_SPLINE_SURFACE_WITH_KNOTS((3,3),(2,2),(0.00000000000000000E0,1.00000000000000000E0),(0.00000000000000000E0,1.00000000000000000E0),.UNSPECIFIED.)GEOMETRIC_REPRESENTATION_ITEM()RATIONAL_B_SPLINE_SURFACE(((1.00000000000000000E0,1.00000000000000000E0),(7.07106781186547573E-1,7.07106781186547573E-1),(1.00000000000000000E0,1.00000000000000000E0)))REPRESENTATION_ITEM('')SURFACE());
#516=CARTESIAN_POINT('',(0.00000000000000000E0,-1.60000000000000031E-1,7.62000000000000011E0));
#517=CARTESIAN_POINT('',(0.00000000000000000E0,-1.50515338941375587E-1,8.88170092157370306E0));
#518=CARTESIAN_POINT('',(-4.00000000000000022E-1,-1.60000000000000031E-1,7.62000000000000011E0));
#519=CARTESIAN_POINT('',(-4.00000000000000022E-1,-1.50515338941375587E-1,8.88170092157370306E0));
#520=CARTESIAN_POINT('',(-4.00000000000000022E-1,0.00000000000000000E0,7.50000000000000000E0));
#521=CARTESIAN_POINT('',(-4.00000000000000022E-1,0.00000000000000000E0,8.75000000000000000E0));
#522=(BOUNDED_SURFACE()B_SPLINE_SURFACE(2,1,((#516,#517),(#518,#519),(#520,#521)),.UNSPECIFIED.,.F.,.F.,.F.)B_SPLINE_SURFACE_WITH_KNOTS((3,3),(2,2),(0.00000000000000000E0,1.00000000000000000E0),(0.00000000000000000E0,1.00000000000000000E0),.UNSPECIFIED.)GEOMETRIC_REPRESENTATION_ITEM()RATIONAL_B_SPLINE_SURFACE(((1.00000000000000000E0,1.00000000000000000E0),(7.07106781186547573E-1,7.07106781186547573E-1),(1.00000000000000000E0,1.00000000000000000E0)))REPRESENTATION_ITEM('')SURFACE());
#523=CARTESIAN_POINT('',(-4.00000000000000022E-1,0.00000000000000000E0,7.50000000000000000E0));
#524=CARTESIAN_POINT('',(-4.00000000000000022E-1,0.00000000000000000E0,8.75000000000000000E0));
#525=CARTESIAN_POINT('',(-4.00000000000000022E-1,1.60000000000000031E-1,7.37999999999999989E0));
#526=CARTESIAN_POINT('',(-4.00000000000000022E-1,1.50515338941375587E-1,8.61829907842629694E0));
#527=CARTESIAN_POINT('',(0.00000000000000000E0,1.60000000000000031E-1,7.37999999999999989E0));
#528=CARTESIAN_POINT('',(0.00000000000000000E0,1.50515338941375587E-1,8.61829907842629694E0));
#529=(BOUNDED_SURFACE()B_SPLINE_SURFACE(2,1,((#523,#524),(#525,#526),(#527,#528)),.UNSPECIFIED.,.F.,.F.,.F.)B_SPLINE_SURFACE_WITH_KNOTS((3,3),(2,2),(0.00000000000000000E0,1.00000000000000000E0),(0.00000000000000000E0,1.00000000000000000E0),.UNSPECIFIED.)GEOMETRIC_REPRESENTATION_ITEM()RATIONAL_B_SPLINE_SURFACE(((1.00000000000000000E0,1.00000000000000000E0),(7.07106781186547573E-1,7.07106781186547573E-1),(1.00000000000000000E0,1.00000000000000000E0)))REPRESENTATION_ITEM('')SURFACE());
#530=CARTESIAN_POINT('',(0.00000000000000000E0,1.60000000000000031E-1,7.37999999999999989E0));
#531=CARTESIAN_POINT('',(0.00000000000000000E0,1.50515338941375587E-1,8.61829907842629694E0));
#532=CARTESIAN_POINT('',(4.00000000000000022E-1,1.60000000000000031E-1,7.37999999999999989E0));
#533=CARTESIAN_POINT('',(4.00000000000000022E-1,1.50515338941375587E-1,8.61829907842629694E0));
#534=CARTESIAN_POINT('',(4.00000000000000022E-1,0.00000000000000000E0,7.50000000000000000E0));
#535=CARTESIAN_POINT('',(4.00000000000000022E-1,0.00000000000000000E0,8.75000000000000000E0));
#536=(BOUNDED_SURFACE()B_SPLINE_SURFACE(2,1,((#530,#531),(#532,#533),(#534,#535)),.UNSPECIFIED.,.F.,.F.,.F.)B_SPLINE_SURFACE_WITH_KNOTS((3,3),(2,2),(0.00000000000000000E0,1.00000000000000000E0),(0.00000000000000000E0,1.00000000000000000E0),.UNSPECIFIED.)GEOMETRIC_REPRESENTATION_ITEM()RATIONAL_B_SPLINE_SURFACE(((1.00000000000000000E0,1.00000000000000000E0),(7.07106781186547573E-1,7.07106781186547573E-1),(1.00000000000000000E0,1.00000000000000000E0)))REPRESENTATION_ITEM('')SURFACE());
#537=CARTESIAN_POINT('',(1.00000000000000000E0,0.00000000000000000E0,8.75000000000000000E0));
#538=CARTESIAN_POINT('',(1.00000000000000000E0,0.00000000000000000E0,1.00000000000000000E1));
#539=CARTESIAN_POINT('',(1.00000000000000000E0,3.76288347353438912E-1,8.42074769606574058E0));
#540=CARTESIAN_POINT('',(1.00000000000000000E0,3.53553390593333461E-1,1.00000000000000000E1));
#541=CARTESIAN_POINT('',(0.00000000000000000E0,3.76288347353438912E-1,8.42074769606574058E0));
#542=CARTESIAN_POINT('',(0.00000000000000000E0,3.53553390593333461E-1,1.00000000000000000E1));
#543=(BOUNDED_SURFACE()B_SPLINE_SURFACE(2,1,((#537,#538),(#539,#540),(#541,#542)),.UNSPECIFIED.,.F.,.F.,.F.)B_SPLINE_SURFACE_WITH_KNOTS((3,3),(2,2),(0.00000000000000000E0,1.00000000000000000E0),(0.00000000000000000E0,1.00000000000000000E0),.UNSPECIFIED.)GEOMETRIC_REPRESENTATION_ITEM()RATIONAL_B_SPLINE_SURFACE(((1.00000000000000000E0,1.00000000000000000E0),(7.07106781186547573E-1,7.07106781186547573E-1),(1.00000000000000000E0,1.00000000000000000E0)))REPRESENTATION_ITEM('')SURFACE());
#544=CARTESIAN_POINT('',(0.00000000000000000E0,3.76288347353438912E-1,8.42074769606574058E0));
#545=CARTESIAN_POINT('',(0.00000000000000000E0,3.53553390593333461E-1,1.00000000000000000E1));
#546=CARTESIAN_POINT('',(-1.00000000000000000E0,3.76288347353438912E-1,8.42074769606574058E0));
#547=CARTESIAN_POINT('',(-1.00000000000000000E0,3.53553390593333461E-1,1.00000000000000000E1));
#548=CARTESIAN_POINT('',(-1.00000000000000000E0,0.00000000000000000E0,8.75000000000000000E0));
#549=CARTESIAN_POINT('',(-1.00000000000000000E0,0.00000000000000000E0,1.00000000000000000E1));
#550=(BOUNDED_SURFACE()B_SPLINE_SURFACE(2,1,((#544,#545),(#546,#547),(#548,#549)),.UNSPECIFIED.,.F.,.F.,.F.)B_SPLINE_SURFACE_WITH_KNOTS((3,3),(2,2),(0.00000000000000000E0,1.00000000000000000E0),(0.00000000000000000E0,1.00000000000000000E0),.UNSPECIFIED.)GEOMETRIC_REPRESENTATION_ITEM()RATIONAL_B_SPLINE_SURFACE(((1.00000000000000000E0,1.00000000000000000E0),(7.07106781186547573E-1,7.07106781186547573E-1),(1.00000000000000000E0,1.00000000000000000E0)))REPRESENTATION_ITEM('')SURFACE());
#551=CARTESIAN_POINT('',(-1.00000000000000000E0,0.00000000000000000E0,8.75000000000000000E0));
#552=CARTESIAN_POINT('',(-1.00000000000000000E0,0.00000000000000000E0,1.00000000000000000E1));
#553=CARTESIAN_POINT('',(-1.00000000000000000E0,-3.76288347353438912E-1,9.07925230393425942E0));
#554=CARTESIAN_POINT('',(-1.00000000000000000E0,-3.53553390593333461E-1,1.00000000000000000E1));
#555=CARTESIAN_POINT('',(0.00000000000000000E0,-3.76288347353438912E-1,9.07925230393425942E0));
#556=CARTESIAN_POINT('',(0.00000000000000000E0,-3.53553390593333461E-1,1.00000000000000000E1));
#557=(BOUNDED_SURFACE()B_SPLINE_SURFACE(2,1,((#551,#552),(#553,#554),(#555,#556)),.UNSPECIFIED.,.F.,.F.,.F.)B_SPLINE_SURFACE_WITH_KNOTS((3,3),(2,2),(0.00000000000000000E0,1.00000000000000000E0),(0.00000000000000000E0,1.00000000000000000E0),.UNSPECIFIED.)GEOMETRIC_REPRESENTATION_ITEM()RATIONAL_B_SPLINE_SURFACE(((1.00000000000000000E0,1.00000000000000000E0),(7.07106781186547573E-1,7.07106781186547573E-1),(1.00000000000000000E0,1.00000000000000000E0)))REPRESENTATION_ITEM('')SURFACE());
#558=CARTESIAN_POINT('',(0.00000000000000000E0,-3.76288347353438912E-1,9.07925230393425942E0));
#559=CARTESIAN_POINT('',(0.00000000000000000E0,-3.53553390593333461E-1,1.00000000000000000E1));
#560=CARTESIAN_POINT('',(1.00000000000000000E0,-3.76288347353438912E-1,9.07925230393425942E0));
#561=CARTESIAN_POINT('',(1.00000000000000000E0,-3.53553390593333461E-1,1.00000000000000000E1));
#562=CARTESIAN_POINT('',(1.00000000000000000E0,0.00000000000000000E0,8.75000000000000000E0));
#563=CARTESIAN_POINT('',(1.00000000000000000E0,0.00000000000000000E0,1.00000000000000000E1));
#564=(BOUNDED_SURFACE()B_SPLINE_SURFACE(2,1,((#558,#559),(#560,#561),(#562,#563)),.UNSPECIFIED.,.F.,.F.,.F.)B_SPLINE_SURFACE_WITH_KNOTS((3,3),(2,2),(0.00000000000000000E0,1.00000000000000000E0),(0.00000000000000000E0,1.00000000000000000E0),.UNSPECIFIED.)GEOMETRIC_REPRESENTATION_ITEM()RATIONAL_B_SPLINE_SURFACE(((1.00000000000000000E0,1.00000000000000000E0),(7.07106781186547573E-1,7.07106781186547573E-1),(1.00000000000000000E0,1.00000000000000000E0)))REPRESENTATION_ITEM('')SURFACE());
#565=CARTESIAN_POINT('',(4.00000000000000022E-1,0.00000000000000000E0,8.75000000000000000E0));
#566=CARTESIAN_POINT('',(3.99999999999636202E-1,0.00000000000000000E0,1.00000000000000000E1));
#567=CARTESIAN_POINT('',(4.00000000000000022E-1,-1.50515338941375587E-1,8.88170092157370306E0));
#568=CARTESIAN_POINT('',(3.99999999999636202E-1,-1.41421356237515283E-1,1.00000000000000000E1));
#569=CARTESIAN_POINT('',(0.00000000000000000E0,-1.50515338941375587E-1,8.88170092157370306E0));
#570=CARTESIAN_POINT('',(0.00000000000000000E0,-1.41421356237515283E-1,1.00000000000000000E1));
#571=(BOUNDED_SURFACE()B_SPLINE_SURFACE(2,1,((#565,#566),(#567,#568),(#569,#570)),.UNSPECIFIED.,.F.,.F.,.F.)B_SPLINE_SURFACE_WITH_KNOTS((3,3),(2,2),(0.00000000000000000E0,1.00000000000000000E0),(0.00000000000000000E0,1.00000000000000000E0),.UNSPECIFIED.)GEOMETRIC_REPRESENTATION_ITEM()RATIONAL_B_SPLINE_SURFACE(((1.00000000000000000E0,1.00000000000000000E0),(7.07106781186547573E-1,7.07106781186547573E-1),(1.00000000000000000E0,1.00000000000000000E0)))REPRESENTATION_ITEM('')SURFACE());
#572=CARTESIAN_POINT('',(0.00000000000000000E0,-1.50515338941375587E-1,8.88170092157370306E0));
#573=CARTESIAN_POINT('',(0.00000000000000000E0,-1.41421356237515283E-1,1.00000000000000000E1));
#574=CARTESIAN_POINT('',(-4.00000000000000022E-1,-1.50515338941375587E-1,8.88170092157370306E0));
#575=CARTESIAN_POINT('',(-3.99999999999636202E-1,-1.41421356237515283E-1,1.00000000000000000E1));
#576=CARTESIAN_POINT('',(-4.00000000000000022E-1,0.00000000000000000E0,8.75000000000000000E0));
#577=CARTESIAN_POINT('',(-3.99999999999636202E-1,0.00000000000000000E0,1.00000000000000000E1));
#578=(BOUNDED_SURFACE()B_SPLINE_SURFACE(2,1,((#572,#573),(#574,#575),(#576,#577)),.UNSPECIFIED.,.F.,.F.,.F.)B_SPLINE_SURFACE_WITH_KNOTS((3,3),(2,2),(0.00000000000000000E0,1.00000000000000000E0),(0.00000000000000000E0,1.00000000000000000E0),.UNSPECIFIED.)GEOMETRIC_REPRESENTATION_ITEM()RATIONAL_B_SPLINE_SURFACE(((1.00000000000000000E0,1.00000000000000000E0),(7.07106781186547573E-1,7.07106781186547573E-1),(1.00000000000000000E0,1.00000000000000000E0)))REPRESENTATION_ITEM('')SURFACE());
#579=CARTESIAN_POINT('',(-4.00000000000000022E-1,0.00000000000000000E0,8.75000000000000000E0));
#580=CARTESIAN_POINT('',(-3.99999999999636202E-1,0.00000000000000000E0,1.00000000000000000E1));
#581=CARTESIAN_POINT('',(-4.00000000000000022E-1,1.50515338941375587E-1,8.61829907842629694E0));
#582=CARTESIAN_POINT('',(-3.99999999999636202E-1,1.41421356237515283E-1,1.00000000000000000E1));
#583=CARTESIAN_POINT('',(0.00000000000000000E0,1.50515338941375587E-1,8.61829907842629694E0));
#584=CARTESIAN_POINT('',(0.00000000000000000E0,1.41421356237515283E-1,1.00000000000000000E1));
#585=(BOUNDED_SURFACE()B_SPLINE_SURFACE(2,1,((#579,#580),(#581,#582),(#583,#584)),.UNSPECIFIED.,.F.,.F.,.F.)B_SPLINE_SURFACE_WITH_KNOTS((3,3),(2,2),(0.00000000000000000E0,1.00000000000000000E0),(0.00000000000000000E0,1.00000000000000000E0),.UNSPECIFIED.)GEOMETRIC_REPRESENTATION_ITEM()RATIONAL_B_SPLINE_SURFACE(((1.00000000000000000E0,1.00000000000000000E0),(7.07106781186547573E-1,7.07106781186547573E-1),(1.00000000000000000E0,1.00000000000000000E0)))REPRESENTATION_ITEM('')SURFACE());
#586=CARTESIAN_POINT('',(0.00000000000000000E0,1.50515338941375587E-1,8.61829907842629694E0));
#587=CARTESIAN_POINT('',(0.00000000000000000E0,1.41421356237515283E-1,1.00000000000000000E1));
#588=CARTESIAN_POINT('',(4.00000000000000022E-1,1.50515338941375587E-1,8.61829907842629694E0));
#589=CARTESIAN_POINT('',(3.99999999999636202E-1,1.41421356237515283E-1,1.00000000000000000E1));
#590=CARTESIAN_POINT('',(4.00000000000000022E-1,0.00000000000000000E0,8.75000000000000000E0));
#591=CARTESIAN_POINT('',(3.99999999999636202E-1,0.00000000000000000E0,1.00000000000000000E1));
#592=(BOUNDED_SURFACE()B_SPLINE_SURFACE(2,1,((#586,#587),(#588,#589),(#590,#591)),.UNSPECIFIED.,.F.,.F.,.F.)B_SPLINE_SURFACE_WITH_KNOTS((3,3),(2,2),(0.00000000000000000E0,1.00000000000000000E0),(0.00000000000000000E0,1.00000000000000000E0),.UNSPECIFIED.)GEOMETRIC_REPRESENTATION_ITEM()RATIONAL_B_SPLINE_SURFACE(((1.00000000000000000E0,1.00000000000000000E0),(7.07106781186547573E-1,7.07106781186547573E-1),(1.00000000000000000E0,1.00000000000000000E0)))REPRESENTATION_ITEM('')SURFACE());
#593=CARTESIAN_POINT('',(1.00000000000000000E0,-5.00000000000000000E-1,0.00000000000000000E0));
#594=CARTESIAN_POINT('',(1.00000000000000000E0,5.00000000000000000E-1,0.00000000000000000E0));
#595=CARTESIAN_POINT('',(-1.00000000000000000E0,-5.00000000000000000E-1,0.00000000000000000E0));
#596=CARTESIAN_POINT('',(-1.00000000000000000E0,5.00000000000000000E-1,0.00000000000000000E0));
#597=B_SPLINE_SURFACE_WITH_KNOTS('',1,1,((#593,#594),(#595,#596)),.UNSPECIFIED.,.F.,.F.,.F.,(2,2),(2,2),(-1.00000000000000000E0,1.00000000000000000E0),(-5.00000000000000000E-1,5.00000000000000000E-1),.UNSPECIFIED.);
#598=CARTESIAN_POINT('',(-1.00000000000000000E0,-3.53553390593333461E-1,1.00000000000000000E1));
#599=CARTESIAN_POINT('',(-1.00000000000000000E0,3.53553390593333461E-1,1.00000000000000000E1));
#600=CARTESIAN_POINT('',(1.00000000000000000E0,-3.53553390593333461E-1,1.00000000000000000E1));
#601=CARTESIAN_POINT('',(1.00000000000000000E0,3.53553390593333461E-1,1.00000000000000000E1));
#602=B_SPLINE_SURFACE_WITH_KNOTS('',1,1,((#598,#599),(#600,#601)),.UNSPECIFIED.,.F.,.F.,.F.,(2,2),(2,2),(-1.00000000000000000E0,1.00000000000000000E0),(-3.53553390593333461E-1,3.53553390593333461E-1),.UNSPECIFIED.);
#603=CARTESIAN_POINT('',(1.00000000000000000E0,0.00000000000000000E0,0.00000000000000000E0));
#604=CARTESIAN_POINT('',(1.00000000000000000E0,5.00000000000000000E-1,0.00000000000000000E0));
#605=CARTESIAN_POINT('',(0.00000000000000000E0,5.00000000000000000E-1,0.00000000000000000E0));
#606=(BOUNDED_CURVE()B_SPLINE_CURVE(2,(#603,#604,#605),.UNSPECIFIED.,.F.,.F.)B_SPLINE_CURVE_WITH_KNOTS((3,3),(0.00000000000000000E0,1.00000000000000000E0),.UNSPECIFIED.)CURVE()GEOMETRIC_REPRESENTATION_ITEM()RATIONAL_B_SPLINE_CURVE((1.00000000000000000E0,7.07106781186547573E-1,1.00000000000000000E0))REPRESENTATION_ITEM(''));
#607=CARTESIAN_POINT('',(0.00000000000000000E0,5.00000000000000000E-1,0.00000000000000000E0));
#608=CARTESIAN_POINT('',(0.00000000000000000E0,4.96138938356833870E-1,1.18798263270539572E0));
#609=B_SPLINE_CURVE_WITH_KNOTS('',1,(#607,#608),.UNSPECIFIED.,.F.,.F.,(2,2),(0.00000000000000000E0,1.00000000000000000E0),.UNSPECIFIED.);
#610=CARTESIAN_POINT('',(1.00000000000000000E0,0.00000000000000000E0,1.25000000000000000E0));
#611=CARTESIAN_POINT('',(1.00000000000000000E0,4.96138938356833870E-1,1.18798263270539572E0));
#612=CARTESIAN_POINT('',(0.00000000000000000E0,4.96138938356833870E-1,1.18798263270539572E0));
#613=(BOUNDED_CURVE()B_SPLINE_CURVE(2,(#610,#611,#612),.UNSPECIFIED.,.F.,.F.)B_SPLINE_CURVE_WITH_KNOTS((3,3),(0.00000000000000000E0,1.00000000000000000E0),.UNSPECIFIED.)CURVE()GEOMETRIC_REPRESENTATION_ITEM()RATIONAL_B_SPLINE_CURVE((1.00000000000000000E0,7.07106781186547573E-1,1.00000000000000000E0))REPRESENTATION_ITEM(''));
#614=CARTESIAN_POINT('',(1.00000000000000000E0,0.00000000000000000E0,0.00000000000000000E0));
#615=CARTESIAN_POINT('',(1.00000000000000000E0,0.00000000000000000E0,1.25000000000000000E0));
#616=B_SPLINE_CURVE_WITH_KNOTS('',1,(#614,#615),.UNSPECIFIED.,.F.,.F.,(2,2),(0.00000000000000000E0,1.00000000000000000E0),.UNSPECIFIED.);
#617=CARTESIAN_POINT('',(0.00000000000000000E0,5.00000000000000000E-1,0.00000000000000000E0));
#618=CARTESIAN_POINT('',(-1.00000000000000000E0,5.00000000000000000E-1,0.00000000000000000E0));
#619=CARTESIAN_POINT('',(-1.00000000000000000E0,0.00000000000000000E0,0.00000000000000000E0));
#620=(BOUNDED_CURVE()B_SPLINE_CURVE(2,(#617,#618,#619),.UNSPECIFIED.,.F.,.F.)B_SPLINE_CURVE_WITH_KNOTS((3,3),(0.00000000000000000E0,1.00000000000000000E0),.UNSPECIFIED.)CURVE()GEOMETRIC_REPRESENTATION_ITEM()RATIONAL_B_SPLINE_CURVE((1.00000000000000000E0,7.07106781186547573E-1,1.00000000000000000E0))REPRESENTATION_ITEM(''));
#621=CARTESIAN_POINT('',(-1.00000000000000000E0,0.00000000000000000E0,0.00000000000000000E0));
#622=CARTESIAN_POINT('',(-1.00000000000000000E0,0.00000000000000000E0,1.25000000000000000E0));
#623=B_SPLINE_CURVE_WITH_KNOTS('',1,(#621,#622),.UNSPECIFIED.,.F.,.F.,(2,2),(0.00000000000000000E0,1.00000000000000000E0),.UNSPECIFIED.);
#624=CARTESIAN_POINT('',(0.00000000000000000E0,4.96138938356833870E-1,1.18798263270539572E0));
#625=CARTESIAN_POINT('',(-1.00000000000000000E0,4.96138938356833870E-1,1.18798263270539572E0));
#626=CARTESIAN_POINT('',(-1.00000000000000000E0,0.00000000000000000E0,1.25000000000000000E0));
#627=(BOUNDED_CURVE()B_SPLINE_CURVE(2,(#624,#625,#626),.UNSPECIFIED.,.F.,.F.)B_SPLINE_CURVE_WITH_KNOTS((3,3),(0.00000000000000000E0,1.00000000000000000E0),.UNSPECIFIED.)CURVE()GEOMETRIC_REPRESENTATION_ITEM()RATIONAL_B_SPLINE_CURVE((1.00000000000000000E0,7.07106781186547573E-1,1.00000000000000000E0))REPRESENTATION_ITEM(''));
#628=CARTESIAN_POINT('',(-1.00000000000000000E0,0.00000000000000000E0,0.00000000000000000E0));
#629=CARTESIAN_POINT('',(-1.00000000000000000E0,-5.00000000000000000E-1,0.00000000000000000E0));
#630=CARTESIAN_POINT('',(0.00000000000000000E0,-5.00000000000000000E-1,0.00000000000000000E0));
#631=(BOUNDED_CURVE()B_SPLINE_CURVE(2,(#628,#629,#630),.UNSPECIFIED.,.F.,.F.)B_SPLINE_CURVE_WITH_KNOTS((3,3),(0.00000000000000000E0,1.00000000000000000E0),.UNSPECIFIED.)CURVE()GEOMETRIC_REPRESENTATION_ITEM()RATIONAL_B_SPLINE_CURVE((1.00000000000000000E0,7.07106781186547573E-1,1.00000000000000000E0))REPRESENTATION_ITEM(''));
#632=CARTESIAN_POINT('',(0.00000000000000000E0,-5.00000000000000000E-1,0.00000000000000000E0));
#633=CARTESIAN_POINT('',(0.00000000000000000E0,-4.96138938356833870E-1,1.31201736729460428E0));
#634=B_SPLINE_CURVE_WITH_KNOTS('',1,(#632,#633),.UNSPECIFIED.,.F.,.F.,(2,2),(0.00000000000000000E0,1.00000000000000000E0),.UNSPECIFIED.);
#635=CARTESIAN_POINT('',(-1.00000000000000000E0,0.00000000000000000E0,1.25000000000000000E0));
#636=CARTESIAN_POINT('',(-1.00000000000000000E0,-4.96138938356833870E-1,1.31201736729460428E0));
#637=CARTESIAN_POINT('',(0.00000000000000000E0,-4.96138938356833870E-1,1.31201736729460428E0));
#638=(BOUNDED_CURVE()B_SPLINE_CURVE(2,(#635,#636,#637),.UNSPECIFIED.,.F.,.F.)B_SPLINE_CURVE_WITH_KNOTS((3,3),(0.00000000000000000E0,1.00000000000000000E0),.UNSPECIFIED.)CURVE()GEOMETRIC_REPRESENTATION_ITEM()RATIONAL_B_SPLINE_CURVE((1.00000000000000000E0,7.07106781186547573E-1,1.00000000000000000E0))REPRESENTATION_ITEM(''));
#639=CARTESIAN_POINT('',(1.00000000000000000E0,0.00000000000000000E0,0.00000000000000000E0));
#640=CARTESIAN_POINT('',(1.00000000000000000E0,-5.00000000000000000E-1,0.00000000000000000E0));
#641=CARTESIAN_POINT('',(0.00000000000000000E0,-5.00000000000000000E-1,0.00000000000000000E0));
#642=(BOUNDED_CURVE()B_SPLINE_CURVE(2,(#639,#640,#641),.UNSPECIFIED.,.F.,.F.)B_SPLINE_CURVE_WITH_KNOTS((3,3),(0.00000000000000000E0,1.00000000000000000E0),.UNSPECIFIED.)CURVE()GEOMETRIC_REPRESENTATION_ITEM()RATIONAL_B_SPLINE_CURVE((1.00000000000000000E0,7.07106781186547573E-1,1.00000000000000000E0))REPRESENTATION_ITEM(''));
#643=CARTESIAN_POINT('',(1.00000000000000000E0,0.00000000000000000E0,1.25000000000000000E0));
#644=CARTESIAN_POINT('',(1.00000000000000000E0,-4.96138938356833870E-1,1.31201736729460428E0));
#645=CARTESIAN_POINT('',(0.00000000000000000E0,-4.96138938356833870E-1,1.31201736729460428E0));
#646=(BOUNDED_CURVE()B_SPLINE_CURVE(2,(#643,#644,#645),.UNSPECIFIED.,.F.,.F.)B_SPLINE_CURVE_WITH_KNOTS((3,3),(0.00000000000000000E0,1.00000000000000000E0),.UNSPECIFIED.)CURVE()GEOMETRIC_REPRESENTATION_ITEM()RATIONAL_B_SPLINE_CURVE((1.00000000000000000E0,7.07106781186547573E-1,1.00000000000000000E0))REPRESENTATION_ITEM(''));
#647=CARTESIAN_POINT('',(3.99999999999636202E-1,0.00000000000000000E0,0.00000000000000000E0));
#648=CARTESIAN_POINT('',(3.99999999999636202E-1,-1.99999999999818101E-1,0.00000000000000000E0));
#649=CARTESIAN_POINT('',(0.00000000000000000E0,-1.99999999999818101E-1,0.00000000000000000E0));
#650=(BOUNDED_CURVE()B_SPLINE_CURVE(2,(#647,#648,#649),.UNSPECIFIED.,.F.,.F.)B_SPLINE_CURVE_WITH_KNOTS((3,3),(0.00000000000000000E0,1.00000000000000000E0),.UNSPECIFIED.)CURVE()GEOMETRIC_REPRESENTATION_ITEM()RATIONAL_B_SPLINE_CURVE((1.00000000000000000E0,7.07106781186547573E-1,1.00000000000000000E0))REPRESENTATION_ITEM(''));
#651=CARTESIAN_POINT('',(0.00000000000000000E0,-1.99999999999818101E-1,0.00000000000000000E0));
#652=CARTESIAN_POINT('',(0.00000000000000000E0,-1.98455575342733559E-1,1.27480694691784180E0));
#653=B_SPLINE_CURVE_WITH_KNOTS('',1,(#651,#652),.UNSPECIFIED.,.F.,.F.,(2,2),(0.00000000000000000E0,1.00000000000000000E0),.UNSPECIFIED.);
#654=CARTESIAN_POINT('',(4.00000000000000022E-1,0.00000000000000000E0,1.25000000000000000E0));
#655=CARTESIAN_POINT('',(4.00000000000000022E-1,-1.98455575342733559E-1,1.27480694691784180E0));
#656=CARTESIAN_POINT('',(0.00000000000000000E0,-1.98455575342733559E-1,1.27480694691784180E0));
#657=(BOUNDED_CURVE()B_SPLINE_CURVE(2,(#654,#655,#656),.UNSPECIFIED.,.F.,.F.)B_SPLINE_CURVE_WITH_KNOTS((3,3),(0.00000000000000000E0,1.00000000000000000E0),.UNSPECIFIED.)CURVE()GEOMETRIC_REPRESENTATION_ITEM()RATIONAL_B_SPLINE_CURVE((1.00000000000000000E0,7.07106781186547573E-1,1.00000000000000000E0))REPRESENTATION_ITEM(''));
#658=CARTESIAN_POINT('',(3.99999999999636202E-1,0.00000000000000000E0,0.00000000000000000E0));
#659=CARTESIAN_POINT('',(4.00000000000000022E-1,0.00000000000000000E0,1.25000000000000000E0));
#660=B_SPLINE_CURVE_WITH_KNOTS('',1,(#658,#659),.UNSPECIFIED.,.F.,.F.,(2,2),(0.00000000000000000E0,1.00000000000000000E0),.UNSPECIFIED.);
#661=CARTESIAN_POINT('',(0.00000000000000000E0,-1.99999999999818101E-1,0.00000000000000000E0));
#662=CARTESIAN_POINT('',(-3.99999999999636202E-1,-1.99999999999818101E-1,0.00000000000000000E0));
#663=CARTESIAN_POINT('',(-3.99999999999636202E-1,0.00000000000000000E0,0.00000000000000000E0));
#664=(BOUNDED_CURVE()B_SPLINE_CURVE(2,(#661,#662,#663),.UNSPECIFIED.,.F.,.F.)B_SPLINE_CURVE_WITH_KNOTS((3,3),(0.00000000000000000E0,1.00000000000000000E0),.UNSPECIFIED.)CURVE()GEOMETRIC_REPRESENTATION_ITEM()RATIONAL_B_SPLINE_CURVE((1.00000000000000000E0,7.07106781186547573E-1,1.00000000000000000E0))REPRESENTATION_ITEM(''));
#665=CARTESIAN_POINT('',(-3.99999999999636202E-1,0.00000000000000000E0,0.00000000000000000E0));
#666=CARTESIAN_POINT('',(-4.00000000000000022E-1,0.00000000000000000E0,1.25000000000000000E0));
#667=B_SPLINE_CURVE_WITH_KNOTS('',1,(#665,#666),.UNSPECIFIED.,.F.,.F.,(2,2),(0.00000000000000000E0,1.00000000000000000E0),.UNSPECIFIED.);
#668=CARTESIAN_POINT('',(0.00000000000000000E0,-1.98455575342733559E-1,1.27480694691784180E0));
#669=CARTESIAN_POINT('',(-4.00000000000000022E-1,-1.98455575342733559E-1,1.27480694691784180E0));
#670=CARTESIAN_POINT('',(-4.00000000000000022E-1,0.00000000000000000E0,1.25000000000000000E0));
#671=(BOUNDED_CURVE()B_SPLINE_CURVE(2,(#668,#669,#670),.UNSPECIFIED.,.F.,.F.)B_SPLINE_CURVE_WITH_KNOTS((3,3),(0.00000000000000000E0,1.00000000000000000E0),.UNSPECIFIED.)CURVE()GEOMETRIC_REPRESENTATION_ITEM()RATIONAL_B_SPLINE_CURVE((1.00000000000000000E0,7.07106781186547573E-1,1.00000000000000000E0))REPRESENTATION_ITEM(''));
#672=CARTESIAN_POINT('',(-3.99999999999636202E-1,0.00000000000000000E0,0.00000000000000000E0));
#673=CARTESIAN_POINT('',(-3.99999999999636202E-1,1.99999999999818101E-1,0.00000000000000000E0));
#674=CARTESIAN_POINT('',(0.00000000000000000E0,1.99999999999818101E-1,0.00000000000000000E0));
#675=(BOUNDED_CURVE()B_SPLINE_CURVE(2,(#672,#673,#674),.UNSPECIFIED.,.F.,.F.)B_SPLINE_CURVE_WITH_KNOTS((3,3),(0.00000000000000000E0,1.00000000000000000E0),.UNSPECIFIED.)CURVE()GEOMETRIC_REPRESENTATION_ITEM()RATIONAL_B_SPLINE_CURVE((1.00000000000000000E0,7.07106781186547573E-1,1.00000000000000000E0))REPRESENTATION_ITEM(''));
#676=CARTESIAN_POINT('',(0.00000000000000000E0,1.99999999999818101E-1,0.00000000000000000E0));
#677=CARTESIAN_POINT('',(0.00000000000000000E0,1.98455575342733559E-1,1.22519305308215820E0));
#678=B_SPLINE_CURVE_WITH_KNOTS('',1,(#676,#677),.UNSPECIFIED.,.F.,.F.,(2,2),(0.00000000000000000E0,1.00000000000000000E0),.UNSPECIFIED.);
#679=CARTESIAN_POINT('',(-4.00000000000000022E-1,0.00000000000000000E0,1.25000000000000000E0));
#680=CARTESIAN_POINT('',(-4.00000000000000022E-1,1.98455575342733559E-1,1.22519305308215820E0));
#681=CARTESIAN_POINT('',(0.00000000000000000E0,1.98455575342733559E-1,1.22519305308215820E0));
#682=(BOUNDED_CURVE()B_SPLINE_CURVE(2,(#679,#680,#681),.UNSPECIFIED.,.F.,.F.)B_SPLINE_CURVE_WITH_KNOTS((3,3),(0.00000000000000000E0,1.00000000000000000E0),.UNSPECIFIED.)CURVE()GEOMETRIC_REPRESENTATION_ITEM()RATIONAL_B_SPLINE_CURVE((1.00000000000000000E0,7.07106781186547573E-1,1.00000000000000000E0))REPRESENTATION_ITEM(''));
#683=CARTESIAN_POINT('',(3.99999999999636202E-1,0.00000000000000000E0,0.00000000000000000E0));
#684=CARTESIAN_POINT('',(3.99999999999636202E-1,1.99999999999818101E-1,0.00000000000000000E0));
#685=CARTESIAN_POINT('',(0.00000000000000000E0,1.99999999999818101E-1,0.00000000000000000E0));
#686=(BOUNDED_CURVE()B_SPLINE_CURVE(2,(#683,#684,#685),.UNSPECIFIED.,.F.,.F.)B_SPLINE_CURVE_WITH_KNOTS((3,3),(0.00000000000000000E0,1.00000000000000000E0),.UNSPECIFIED.)CURVE()GEOMETRIC_REPRESENTATION_ITEM()RATIONAL_B_SPLINE_CURVE((1.00000000000000000E0,7.07106781186547573E-1,1.00000000000000000E0))REPRESENTATION_ITEM(''));
#687=CARTESIAN_POINT('',(4.00000000000000022E-1,0.00000000000000000E0,1.25000000000000000E0));
#688=CARTESIAN_POINT('',(4.00000000000000022E-1,1.98455575342733559E-1,1.22519305308215820E0));
#689=CARTESIAN_POINT('',(0.00000000000000000E0,1.98455575342733559E-1,1.22519305308215820E0));
#690=(BOUNDED_CURVE()B_SPLINE_CURVE(2,(#687,#688,#689),.UNSPECIFIED.,.F.,.F.)B_SPLINE_CURVE_WITH_KNOTS((3,3),(0.00000000000000000E0,1.00000000000000000E0),.UNSPECIFIED.)CURVE()GEOMETRIC_REPRESENTATION_ITEM()RATIONAL_B_SPLINE_CURVE((1.00000000000000000E0,7.07106781186547573E-1,1.00000000000000000E0))REPRESENTATION_ITEM(''));
#691=CARTESIAN_POINT('',(0.00000000000000000E0,4.96138938356833870E-1,1.18798263270539572E0));
#692=CARTESIAN_POINT('',(0.00000000000000000E0,4.85071250072665938E-1,2.37873218748183346E0));
#693=B_SPLINE_CURVE_WITH_KNOTS('',1,(#691,#692),.UNSPECIFIED.,.F.,.F.,(2,2),(0.00000000000000000E0,1.00000000000000000E0),.UNSPECIFIED.);
#694=CARTESIAN_POINT('',(1.00000000000000000E0,0.00000000000000000E0,2.50000000000000000E0));
#695=CARTESIAN_POINT('',(1.00000000000000000E0,4.85071250072665938E-1,2.37873218748183346E0));
#696=CARTESIAN_POINT('',(0.00000000000000000E0,4.85071250072665938E-1,2.37873218748183346E0));
#697=(BOUNDED_CURVE()B_SPLINE_CURVE(2,(#694,#695,#696),.UNSPECIFIED.,.F.,.F.)B_SPLINE_CURVE_WITH_KNOTS((3,3),(0.00000000000000000E0,1.00000000000000000E0),.UNSPECIFIED.)CURVE()GEOMETRIC_REPRESENTATION_ITEM()RATIONAL_B_SPLINE_CURVE((1.00000000000000000E0,7.07106781186547573E-1,1.00000000000000000E0))REPRESENTATION_ITEM(''));
#698=CARTESIAN_POINT('',(1.00000000000000000E0,0.00000000000000000E0,1.25000000000000000E0));
#699=CARTESIAN_POINT('',(1.00000000000000000E0,0.00000000000000000E0,2.50000000000000000E0));
#700=B_SPLINE_CURVE_WITH_KNOTS('',1,(#698,#699),.UNSPECIFIED.,.F.,.F.,(2,2),(0.00000000000000000E0,1.00000000000000000E0),.UNSPECIFIED.);
#701=CARTESIAN_POINT('',(-1.00000000000000000E0,0.00000000000000000E0,1.25000000000000000E0));
#702=CARTESIAN_POINT('',(-1.00000000000000000E0,0.00000000000000000E0,2.50000000000000000E0));
#703=B_SPLINE_CURVE_WITH_KNOTS('',1,(#701,#702),.UNSPECIFIED.,.F.,.F.,(2,2),(0.00000000000000000E0,1.00000000000000000E0),.UNSPECIFIED.);
#704=CARTESIAN_POINT('',(0.00000000000000000E0,4.85071250072665938E-1,2.37873218748183346E0));
#705=CARTESIAN_POINT('',(-1.00000000000000000E0,4.85071250072665938E-1,2.37873218748183346E0));
#706=CARTESIAN_POINT('',(-1.00000000000000000E0,0.00000000000000000E0,2.50000000000000000E0));
#707=(BOUNDED_CURVE()B_SPLINE_CURVE(2,(#704,#705,#706),.UNSPECIFIED.,.F.,.F.)B_SPLINE_CURVE_WITH_KNOTS((3,3),(0.00000000000000000E0,1.00000000000000000E0),.UNSPECIFIED.)CURVE()GEOMETRIC_REPRESENTATION_ITEM()RATIONAL_B_SPLINE_CURVE((1.00000000000000000E0,7.07106781186547573E-1,1.00000000000000000E0))REPRESENTATION_ITEM(''));
#708=CARTESIAN_POINT('',(0.00000000000000000E0,-4.96138938356833870E-1,1.31201736729460428E0));
#709=CARTESIAN_POINT('',(0.00000000000000000E0,-4.85071250072665938E-1,2.62126781251816654E0));
#710=B_SPLINE_CURVE_WITH_KNOTS('',1,(#708,#709),.UNSPECIFIED.,.F.,.F.,(2,2),(0.00000000000000000E0,1.00000000000000000E0),.UNSPECIFIED.);
#711=CARTESIAN_POINT('',(-1.00000000000000000E0,0.00000000000000000E0,2.50000000000000000E0));
#712=CARTESIAN_POINT('',(-1.00000000000000000E0,-4.85071250072665938E-1,2.62126781251816654E0));
#713=CARTESIAN_POINT('',(0.00000000000000000E0,-4.85071250072665938E-1,2.62126781251816654E0));
#714=(BOUNDED_CURVE()B_SPLINE_CURVE(2,(#711,#712,#713),.UNSPECIFIED.,.F.,.F.)B_SPLINE_CURVE_WITH_KNOTS((3,3),(0.00000000000000000E0,1.00000000000000000E0),.UNSPECIFIED.)CURVE()GEOMETRIC_REPRESENTATION_ITEM()RATIONAL_B_SPLINE_CURVE((1.00000000000000000E0,7.07106781186547573E-1,1.00000000000000000E0))REPRESENTATION_ITEM(''));
#715=CARTESIAN_POINT('',(1.00000000000000000E0,0.00000000000000000E0,2.50000000000000000E0));
#716=CARTESIAN_POINT('',(1.00000000000000000E0,-4.85071250072665938E-1,2.62126781251816654E0));
#717=CARTESIAN_POINT('',(0.00000000000000000E0,-4.85071250072665938E-1,2.62126781251816654E0));
#718=(BOUNDED_CURVE()B_SPLINE_CURVE(2,(#715,#716,#717),.UNSPECIFIED.,.F.,.F.)B_SPLINE_CURVE_WITH_KNOTS((3,3),(0.00000000000000000E0,1.00000000000000000E0),.UNSPECIFIED.)CURVE()GEOMETRIC_REPRESENTATION_ITEM()RATIONAL_B_SPLINE_CURVE((1.00000000000000000E0,7.07106781186547573E-1,1.00000000000000000E0))REPRESENTATION_ITEM(''));
#719=CARTESIAN_POINT('',(0.00000000000000000E0,-1.98455575342733559E-1,1.27480694691784180E0));
#720=CARTESIAN_POINT('',(0.00000000000000000E0,-1.94028500029066381E-1,2.54850712500726662E0));
#721=B_SPLINE_CURVE_WITH_KNOTS('',1,(#719,#720),.UNSPECIFIED.,.F.,.F.,(2,2),(0.00000000000000000E0,1.00000000000000000E0),.UNSPECIFIED.);
#722=CARTESIAN_POINT('',(4.00000000000000022E-1,0.00000000000000000E0,2.50000000000000000E0));
#723=CARTESIAN_POINT('',(4.00000000000000022E-1,-1.94028500029066381E-1,2.54850712500726662E0));
#724=CARTESIAN_POINT('',(0.00000000000000000E0,-1.94028500029066381E-1,2.54850712500726662E0));
#725=(BOUNDED_CURVE()B_SPLINE_CURVE(2,(#722,#723,#724),.UNSPECIFIED.,.F.,.F.)B_SPLINE_CURVE_WITH_KNOTS((3,3),(0.00000000000000000E0,1.00000000000000000E0),.UNSPECIFIED.)CURVE()GEOMETRIC_REPRESENTATION_ITEM()RATIONAL_B_SPLINE_CURVE((1.00000000000000000E0,7.07106781186547573E-1,1.00000000000000000E0))REPRESENTATION_ITEM(''));
#726=CARTESIAN_POINT('',(4.00000000000000022E-1,0.00000000000000000E0,1.25000000000000000E0));
#727=CARTESIAN_POINT('',(4.00000000000000022E-1,0.00000000000000000E0,2.50000000000000000E0));
#728=B_SPLINE_CURVE_WITH_KNOTS('',1,(#726,#727),.UNSPECIFIED.,.F.,.F.,(2,2),(0.00000000000000000E0,1.00000000000000000E0),.UNSPECIFIED.);
#729=CARTESIAN_POINT('',(-4.00000000000000022E-1,0.00000000000000000E0,1.25000000000000000E0));
#730=CARTESIAN_POINT('',(-4.00000000000000022E-1,0.00000000000000000E0,2.50000000000000000E0));
#731=B_SPLINE_CURVE_WITH_KNOTS('',1,(#729,#730),.UNSPECIFIED.,.F.,.F.,(2,2),(0.00000000000000000E0,1.00000000000000000E0),.UNSPECIFIED.);
#732=CARTESIAN_POINT('',(0.00000000000000000E0,-1.94028500029066381E-1,2.54850712500726662E0));
#733=CARTESIAN_POINT('',(-4.00000000000000022E-1,-1.94028500029066381E-1,2.54850712500726662E0));
#734=CARTESIAN_POINT('',(-4.00000000000000022E-1,0.00000000000000000E0,2.50000000000000000E0));
#735=(BOUNDED_CURVE()B_SPLINE_CURVE(2,(#732,#733,#734),.UNSPECIFIED.,.F.,.F.)B_SPLINE_CURVE_WITH_KNOTS((3,3),(0.00000000000000000E0,1.00000000000000000E0),.UNSPECIFIED.)CURVE()GEOMETRIC_REPRESENTATION_ITEM()RATIONAL_B_SPLINE_CURVE((1.00000000000000000E0,7.07106781186547573E-1,1.00000000000000000E0))REPRESENTATION_ITEM(''));
#736=CARTESIAN_POINT('',(0.00000000000000000E0,1.98455575342733559E-1,1.22519305308215820E0));
#737=CARTESIAN_POINT('',(0.00000000000000000E0,1.94028500029066381E-1,2.45149287499273338E0));
#738=B_SPLINE_CURVE_WITH_KNOTS('',1,(#736,#737),.UNSPECIFIED.,.F.,.F.,(2,2),(0.00000000000000000E0,1.00000000000000000E0),.UNSPECIFIED.);
#739=CARTESIAN_POINT('',(-4.00000000000000022E-1,0.00000000000000000E0,2.50000000000000000E0));
#740=CARTESIAN_POINT('',(-4.00000000000000022E-1,1.94028500029066381E-1,2.45149287499273338E0));
#741=CARTESIAN_POINT('',(0.00000000000000000E0,1.94028500029066381E-1,2.45149287499273338E0));
#742=(BOUNDED_CURVE()B_SPLINE_CURVE(2,(#739,#740,#741),.UNSPECIFIED.,.F.,.F.)B_SPLINE_CURVE_WITH_KNOTS((3,3),(0.00000000000000000E0,1.00000000000000000E0),.UNSPECIFIED.)CURVE()GEOMETRIC_REPRESENTATION_ITEM()RATIONAL_B_SPLINE_CURVE((1.00000000000000000E0,7.07106781186547573E-1,1.00000000000000000E0))REPRESENTATION_ITEM(''));
#743=CARTESIAN_POINT('',(4.00000000000000022E-1,0.00000000000000000E0,2.50000000000000000E0));
#744=CARTESIAN_POINT('',(4.00000000000000022E-1,1.94028500029066381E-1,2.45149287499273338E0));
#745=CARTESIAN_POINT('',(0.00000000000000000E0,1.94028500029066381E-1,2.45149287499273338E0));
#746=(BOUNDED_CURVE()B_SPLINE_CURVE(2,(#743,#744,#745),.UNSPECIFIED.,.F.,.F.)B_SPLINE_CURVE_WITH_KNOTS((3,3),(0.00000000000000000E0,1.00000000000000000E0),.UNSPECIFIED.)CURVE()GEOMETRIC_REPRESENTATION_ITEM()RATIONAL_B_SPLINE_CURVE((1.00000000000000000E0,7.07106781186547573E-1,1.00000000000000000E0))REPRESENTATION_ITEM(''));
#747=CARTESIAN_POINT('',(0.00000000000000000E0,4.85071250072665938E-1,2.37873218748183346E0));
#748=CARTESIAN_POINT('',(0.00000000000000000E0,4.68164588784522273E-1,3.57443827920580404E0));
#749=B_SPLINE_CURVE_WITH_KNOTS('',1,(#747,#748),.UNSPECIFIED.,.F.,.F.,(2,2),(0.00000000000000000E0,1.00000000000000000E0),.UNSPECIFIED.);
#750=CARTESIAN_POINT('',(1.00000000000000000E0,0.00000000000000000E0,3.75000000000000000E0));
#751=CARTESIAN_POINT('',(1.00000000000000000E0,4.68164588784522273E-1,3.57443827920580404E0));
#752=CARTESIAN_POINT('',(0.00000000000000000E0,4.68164588784522273E-1,3.57443827920580404E0));
#753=(BOUNDED_CURVE()B_SPLINE_CURVE(2,(#750,#751,#752),.UNSPECIFIED.,.F.,.F.)B_SPLINE_CURVE_WITH_KNOTS((3,3),(0.00000000000000000E0,1.00000000000000000E0),.UNSPECIFIED.)CURVE()GEOMETRIC_REPRESENTATION_ITEM()RATIONAL_B_SPLINE_CURVE((1.00000000000000000E0,7.07106781186547573E-1,1.00000000000000000E0))REPRESENTATION_ITEM(''));
#754=CARTESIAN_POINT('',(1.00000000000000000E0,0.00000000000000000E0,2.50000000000000000E0));
#755=CARTESIAN_POINT('',(1.00000000000000000E0,0.00000000000000000E0,3.75000000000000000E0));
#756=B_SPLINE_CURVE_WITH_KNOTS('',1,(#754,#755),.UNSPECIFIED.,.F.,.F.,(2,2),(0.00000000000000000E0,1.00000000000000000E0),.UNSPECIFIED.);
#757=CARTESIAN_POINT('',(-1.00000000000000000E0,0.00000000000000000E0,2.50000000000000000E0));
#758=CARTESIAN_POINT('',(-1.00000000000000000E0,0.00000000000000000E0,3.75000000000000000E0));
#759=B_SPLINE_CURVE_WITH_KNOTS('',1,(#757,#758),.UNSPECIFIED.,.F.,.F.,(2,2),(0.00000000000000000E0,1.00000000000000000E0),.UNSPECIFIED.);
#760=CARTESIAN_POINT('',(0.00000000000000000E0,4.68164588784522273E-1,3.57443827920580404E0));
#761=CARTESIAN_POINT('',(-1.00000000000000000E0,4.68164588784522273E-1,3.57443827920580404E0));
#762=CARTESIAN_POINT('',(-1.00000000000000000E0,0.00000000000000000E0,3.75000000000000000E0));
#763=(BOUNDED_CURVE()B_SPLINE_CURVE(2,(#760,#761,#762),.UNSPECIFIED.,.F.,.F.)B_SPLINE_CURVE_WITH_KNOTS((3,3),(0.00000000000000000E0,1.00000000000000000E0),.UNSPECIFIED.)CURVE()GEOMETRIC_REPRESENTATION_ITEM()RATIONAL_B_SPLINE_CURVE((1.00000000000000000E0,7.07106781186547573E-1,1.00000000000000000E0))REPRESENTATION_ITEM(''));
#764=CARTESIAN_POINT('',(0.00000000000000000E0,-4.85071250072665938E-1,2.62126781251816654E0));
#765=CARTESIAN_POINT('',(0.00000000000000000E0,-4.68164588784522273E-1,3.92556172079419596E0));
#766=B_SPLINE_CURVE_WITH_KNOTS('',1,(#764,#765),.UNSPECIFIED.,.F.,.F.,(2,2),(0.00000000000000000E0,1.00000000000000000E0),.UNSPECIFIED.);
#767=CARTESIAN_POINT('',(-1.00000000000000000E0,0.00000000000000000E0,3.75000000000000000E0));
#768=CARTESIAN_POINT('',(-1.00000000000000000E0,-4.68164588784522273E-1,3.92556172079419596E0));
#769=CARTESIAN_POINT('',(0.00000000000000000E0,-4.68164588784522273E-1,3.92556172079419596E0));
#770=(BOUNDED_CURVE()B_SPLINE_CURVE(2,(#767,#768,#769),.UNSPECIFIED.,.F.,.F.)B_SPLINE_CURVE_WITH_KNOTS((3,3),(0.00000000000000000E0,1.00000000000000000E0),.UNSPECIFIED.)CURVE()GEOMETRIC_REPRESENTATION_ITEM()RATIONAL_B_SPLINE_CURVE((1.00000000000000000E0,7.07106781186547573E-1,1.00000000000000000E0))REPRESENTATION_ITEM(''));
#771=CARTESIAN_POINT('',(1.00000000000000000E0,0.00000000000000000E0,3.75000000000000000E0));
#772=CARTESIAN_POINT('',(1.00000000000000000E0,-4.68164588784522273E-1,3.92556172079419596E0));
#773=CARTESIAN_POINT('',(0.00000000000000000E0,-4.68164588784522273E-1,3.92556172079419596E0));
#774=(BOUNDED_CURVE()B_SPLINE_CURVE(2,(#771,#772,#773),.UNSPECIFIED.,.F.,.F.)B_SPLINE_CURVE_WITH_KNOTS((3,3),(0.00000000000000000E0,1.00000000000000000E0),.UNSPECIFIED.)CURVE()GEOMETRIC_REPRESENTATION_ITEM()RATIONAL_B_SPLINE_CURVE((1.00000000000000000E0,7.07106781186547573E-1,1.00000000000000000E0))REPRESENTATION_ITEM(''));
#775=CARTESIAN_POINT('',(0.00000000000000000E0,-1.94028500029066381E-1,2.54850712500726662E0));
#776=CARTESIAN_POINT('',(0.00000000000000000E0,-1.87265835513808931E-1,3.82022468831767847E0));
#777=B_SPLINE_CURVE_WITH_KNOTS('',1,(#775,#776),.UNSPECIFIED.,.F.,.F.,(2,2),(0.00000000000000000E0,1.00000000000000000E0),.UNSPECIFIED.);
#778=CARTESIAN_POINT('',(4.00000000000000022E-1,0.00000000000000000E0,3.75000000000000000E0));
#779=CARTESIAN_POINT('',(4.00000000000000022E-1,-1.87265835513808931E-1,3.82022468831767847E0));
#780=CARTESIAN_POINT('',(0.00000000000000000E0,-1.87265835513808931E-1,3.82022468831767847E0));
#781=(BOUNDED_CURVE()B_SPLINE_CURVE(2,(#778,#779,#780),.UNSPECIFIED.,.F.,.F.)B_SPLINE_CURVE_WITH_KNOTS((3,3),(0.00000000000000000E0,1.00000000000000000E0),.UNSPECIFIED.)CURVE()GEOMETRIC_REPRESENTATION_ITEM()RATIONAL_B_SPLINE_CURVE((1.00000000000000000E0,7.07106781186547573E-1,1.00000000000000000E0))REPRESENTATION_ITEM(''));
#782=CARTESIAN_POINT('',(4.00000000000000022E-1,0.00000000000000000E0,2.50000000000000000E0));
#783=CARTESIAN_POINT('',(4.00000000000000022E-1,0.00000000000000000E0,3.75000000000000000E0));
#784=B_SPLINE_CURVE_WITH_KNOTS('',1,(#782,#783),.UNSPECIFIED.,.F.,.F.,(2,2),(0.00000000000000000E0,1.00000000000000000E0),.UNSPECIFIED.);
#785=CARTESIAN_POINT('',(-4.00000000000000022E-1,0.00000000000000000E0,2.50000000000000000E0));
#786=CARTESIAN_POINT('',(-4.00000000000000022E-1,0.00000000000000000E0,3.75000000000000000E0));
#787=B_SPLINE_CURVE_WITH_KNOTS('',1,(#785,#786),.UNSPECIFIED.,.F.,.F.,(2,2),(0.00000000000000000E0,1.00000000000000000E0),.UNSPECIFIED.);
#788=CARTESIAN_POINT('',(0.00000000000000000E0,-1.87265835513808931E-1,3.82022468831767847E0));
#789=CARTESIAN_POINT('',(-4.00000000000000022E-1,-1.87265835513808931E-1,3.82022468831767847E0));
#790=CARTESIAN_POINT('',(-4.00000000000000022E-1,0.00000000000000000E0,3.75000000000000000E0));
#791=(BOUNDED_CURVE()B_SPLINE_CURVE(2,(#788,#789,#790),.UNSPECIFIED.,.F.,.F.)B_SPLINE_CURVE_WITH_KNOTS((3,3),(0.00000000000000000E0,1.00000000000000000E0),.UNSPECIFIED.)CURVE()GEOMETRIC_REPRESENTATION_ITEM()RATIONAL_B_SPLINE_CURVE((1.00000000000000000E0,7.07106781186547573E-1,1.00000000000000000E0))REPRESENTATION_ITEM(''));
#792=CARTESIAN_POINT('',(0.00000000000000000E0,1.94028500029066381E-1,2.45149287499273338E0));
#793=CARTESIAN_POINT('',(0.00000000000000000E0,1.87265835513808931E-1,3.67977531168232153E0));
#794=B_SPLINE_CURVE_WITH_KNOTS('',1,(#792,#793),.UNSPECIFIED.,.F.,.F.,(2,2),(0.00000000000000000E0,1.00000000000000000E0),.UNSPECIFIED.);
#795=CARTESIAN_POINT('',(-4.00000000000000022E-1,0.00000000000000000E0,3.75000000000000000E0));
#796=CARTESIAN_POINT('',(-4.00000000000000022E-1,1.87265835513808931E-1,3.67977531168232153E0));
#797=CARTESIAN_POINT('',(0.00000000000000000E0,1.87265835513808931E-1,3.67977531168232153E0));
#798=(BOUNDED_CURVE()B_SPLINE_CURVE(2,(#795,#796,#797),.UNSPECIFIED.,.F.,.F.)B_SPLINE_CURVE_WITH_KNOTS((3,3),(0.00000000000000000E0,1.00000000000000000E0),.UNSPECIFIED.)CURVE()GEOMETRIC_REPRESENTATION_ITEM()RATIONAL_B_SPLINE_CURVE((1.00000000000000000E0,7.07106781186547573E-1,1.00000000000000000E0))REPRESENTATION_ITEM(''));
#799=CARTESIAN_POINT('',(4.00000000000000022E-1,0.00000000000000000E0,3.75000000000000000E0));
#800=CARTESIAN_POINT('',(4.00000000000000022E-1,1.87265835513808931E-1,3.67977531168232153E0));
#801=CARTESIAN_POINT('',(0.00000000000000000E0,1.87265835513808931E-1,3.67977531168232153E0));
#802=(BOUNDED_CURVE()B_SPLINE_CURVE(2,(#799,#800,#801),.UNSPECIFIED.,.F.,.F.)B_SPLINE_CURVE_WITH_KNOTS((3,3),(0.00000000000000000E0,1.00000000000000000E0),.UNSPECIFIED.)CURVE()GEOMETRIC_REPRESENTATION_ITEM()RATIONAL_B_SPLINE_CURVE((1.00000000000000000E0,7.07106781186547573E-1,1.00000000000000000E0))REPRESENTATION_ITEM(''));
#803=CARTESIAN_POINT('',(0.00000000000000000E0,4.68164588784522273E-1,3.57443827920580404E0));
#804=CARTESIAN_POINT('',(0.00000000000000000E0,4.47213595499957928E-1,4.77639320225002084E0));
#805=B_SPLINE_CURVE_WITH_KNOTS('',1,(#803,#804),.UNSPECIFIED.,.F.,.F.,(2,2),(0.00000000000000000E0,1.00000000000000000E0),.UNSPECIFIED.);
#806=CARTESIAN_POINT('',(1.00000000000000000E0,0.00000000000000000E0,5.00000000000000000E0));
#807=CARTESIAN_POINT('',(1.00000000000000000E0,4.47213595499957928E-1,4.77639320225002084E0));
#808=CARTESIAN_POINT('',(0.00000000000000000E0,4.47213595499957928E-1,4.77639320225002084E0));
#809=(BOUNDED_CURVE()B_SPLINE_CURVE(2,(#806,#807,#808),.UNSPECIFIED.,.F.,.F.)B_SPLINE_CURVE_WITH_KNOTS((3,3),(0.00000000000000000E0,1.00000000000000000E0),.UNSPECIFIED.)CURVE()GEOMETRIC_REPRESENTATION_ITEM()RATIONAL_B_SPLINE_CURVE((1.00000000000000000E0,7.07106781186547573E-1,1.00000000000000000E0))REPRESENTATION_ITEM(''));
#810=CARTESIAN_POINT('',(1.00000000000000000E0,0.00000000000000000E0,3.75000000000000000E0));
#811=CARTESIAN_POINT('',(1.00000000000000000E0,0.00000000000000000E0,5.00000000000000000E0));
#812=B_SPLINE_CURVE_WITH_KNOTS('',1,(#810,#811),.UNSPECIFIED.,.F.,.F.,(2,2),(0.00000000000000000E0,1.00000000000000000E0),.UNSPECIFIED.);
#813=CARTESIAN_POINT('',(-1.00000000000000000E0,0.00000000000000000E0,3.75000000000000000E0));
#814=CARTESIAN_POINT('',(-1.00000000000000000E0,0.00000000000000000E0,5.00000000000000000E0));
#815=B_SPLINE_CURVE_WITH_KNOTS('',1,(#813,#814),.UNSPECIFIED.,.F.,.F.,(2,2),(0.00000000000000000E0,1.00000000000000000E0),.UNSPECIFIED.);
#816=CARTESIAN_POINT('',(0.00000000000000000E0,4.47213595499957928E-1,4.77639320225002084E0));
#817=CARTESIAN_POINT('',(-1.00000000000000000E0,4.47213595499957928E-1,4.77639320225002084E0));
#818=CARTESIAN_POINT('',(-1.00000000000000000E0,0.00000000000000000E0,5.00000000000000000E0));
#819=(BOUNDED_CURVE()B_SPLINE_CURVE(2,(#816,#817,#818),.UNSPECIFIED.,.F.,.F.)B_SPLINE_CURVE_WITH_KNOTS((3,3),(0.00000000000000000E0,1.00000000000000000E0),.UNSPECIFIED.)CURVE()GEOMETRIC_REPRESENTATION_ITEM()RATIONAL_B_SPLINE_CURVE((1.00000000000000000E0,7.07106781186547573E-1,1.00000000000000000E0))REPRESENTATION_ITEM(''));
#820=CARTESIAN_POINT('',(0.00000000000000000E0,-4.68164588784522273E-1,3.92556172079419596E0));
#821=CARTESIAN_POINT('',(0.00000000000000000E0,-4.47213595499957928E-1,5.22360679774997916E0));
#822=B_SPLINE_CURVE_WITH_KNOTS('',1,(#820,#821),.UNSPECIFIED.,.F.,.F.,(2,2),(0.00000000000000000E0,1.00000000000000000E0),.UNSPECIFIED.);
#823=CARTESIAN_POINT('',(-1.00000000000000000E0,0.00000000000000000E0,5.00000000000000000E0));
#824=CARTESIAN_POINT('',(-1.00000000000000000E0,-4.47213595499957928E-1,5.22360679774997916E0));
#825=CARTESIAN_POINT('',(0.00000000000000000E0,-4.47213595499957928E-1,5.22360679774997916E0));
#826=(BOUNDED_CURVE()B_SPLINE_CURVE(2,(#823,#824,#825),.UNSPECIFIED.,.F.,.F.)B_SPLINE_CURVE_WITH_KNOTS((3,3),(0.00000000000000000E0,1.00000000000000000E0),.UNSPECIFIED.)CURVE()GEOMETRIC_REPRESENTATION_ITEM()RATIONAL_B_SPLINE_CURVE((1.00000000000000000E0,7.07106781186547573E-1,1.00000000000000000E0))REPRESENTATION_ITEM(''));
#827=CARTESIAN_POINT('',(1.00000000000000000E0,0.00000000000000000E0,5.00000000000000000E0));
#828=CARTESIAN_POINT('',(1.00000000000000000E0,-4.47213595499957928E-1,5.22360679774997916E0));
#829=CARTESIAN_POINT('',(0.00000000000000000E0,-4.47213595499957928E-1,5.22360679774997916E0));
#830=(BOUNDED_CURVE()B_SPLINE_CURVE(2,(#827,#828,#829),.UNSPECIFIED.,.F.,.F.)B_SPLINE_CURVE_WITH_KNOTS((3,3),(0.00000000000000000E0,1.00000000000000000E0),.UNSPECIFIED.)CURVE()GEOMETRIC_REPRESENTATION_ITEM()RATIONAL_B_SPLINE_CURVE((1.00000000000000000E0,7.07106781186547573E-1,1.00000000000000000E0))REPRESENTATION_ITEM(''));
#831=CARTESIAN_POINT('',(0.00000000000000000E0,-1.87265835513808931E-1,3.82022468831767847E0));
#832=CARTESIAN_POINT('',(0.00000000000000000E0,-1.78885438199983177E-1,5.08944271909999202E0));
#833=B_SPLINE_CURVE_WITH_KNOTS('',1,(#831,#832),.UNSPECIFIED.,.F.,.F.,(2,2),(0.00000000000000000E0,1.00000000000000000E0),.UNSPECIFIED.);
#834=CARTESIAN_POINT('',(4.00000000000000022E-1,0.00000000000000000E0,5.00000000000000000E0));
#835=CARTESIAN_POINT('',(4.00000000000000022E-1,-1.78885438199983177E-1,5.08944271909999202E0));
#836=CARTESIAN_POINT('',(0.00000000000000000E0,-1.78885438199983177E-1,5.08944271909999202E0));
#837=(BOUNDED_CURVE()B_SPLINE_CURVE(2,(#834,#835,#836),.UNSPECIFIED.,.F.,.F.)B_SPLINE_CURVE_WITH_KNOTS((3,3),(0.00000000000000000E0,1.00000000000000000E0),.UNSPECIFIED.)CURVE()GEOMETRIC_REPRESENTATION_ITEM()RATIONAL_B_SPLINE_CURVE((1.00000000000000000E0,7.07106781186547573E-1,1.00000000000000000E0))REPRESENTATION_ITEM(''));
#838=CARTESIAN_POINT('',(4.00000000000000022E-1,0.00000000000000000E0,3.75000000000000000E0));
#839=CARTESIAN_POINT('',(4.00000000000000022E-1,0.00000000000000000E0,5.00000000000000000E0));
#840=B_SPLINE_CURVE_WITH_KNOTS('',1,(#838,#839),.UNSPECIFIED.,.F.,.F.,(2,2),(0.00000000000000000E0,1.00000000000000000E0),.UNSPECIFIED.);
#841=CARTESIAN_POINT('',(-4.00000000000000022E-1,0.00000000000000000E0,3.75000000000000000E0));
#842=CARTESIAN_POINT('',(-4.00000000000000022E-1,0.00000000000000000E0,5.00000000000000000E0));
#843=B_SPLINE_CURVE_WITH_KNOTS('',1,(#841,#842),.UNSPECIFIED.,.F.,.F.,(2,2),(0.00000000000000000E0,1.00000000000000000E0),.UNSPECIFIED.);
#844=CARTESIAN_POINT('',(0.00000000000000000E0,-1.78885438199983177E-1,5.08944271909999202E0));
#845=CARTESIAN_POINT('',(-4.00000000000000022E-1,-1.78885438199983177E-1,5.08944271909999202E0));
#846=CARTESIAN_POINT('',(-4.00000000000000022E-1,0.00000000000000000E0,5.00000000000000000E0));
#847=(BOUNDED_CURVE()B_SPLINE_CURVE(2,(#844,#845,#846),.UNSPECIFIED.,.F.,.F.)B_SPLINE_CURVE_WITH_KNOTS((3,3),(0.00000000000000000E0,1.00000000000000000E0),.UNSPECIFIED.)CURVE()GEOMETRIC_REPRESENTATION_ITEM()RATIONAL_B_SPLINE_CURVE((1.00000000000000000E0,7.07106781186547573E-1,1.00000000000000000E0))REPRESENTATION_ITEM(''));
#848=CARTESIAN_POINT('',(0.00000000000000000E0,1.87265835513808931E-1,3.67977531168232153E0));
#849=CARTESIAN_POINT('',(0.00000000000000000E0,1.78885438199983177E-1,4.91055728090000798E0));
#850=B_SPLINE_CURVE_WITH_KNOTS('',1,(#848,#849),.UNSPECIFIED.,.F.,.F.,(2,2),(0.00000000000000000E0,1.00000000000000000E0),.UNSPECIFIED.);
#851=CARTESIAN_POINT('',(-4.00000000000000022E-1,0.00000000000000000E0,5.00000000000000000E0));
#852=CARTESIAN_POINT('',(-4.00000000000000022E-1,1.78885438199983177E-1,4.91055728090000798E0));
#853=CARTESIAN_POINT('',(0.00000000000000000E0,1.78885438199983177E-1,4.91055728090000798E0));
#854=(BOUNDED_CURVE()B_SPLINE_CURVE(2,(#851,#852,#853),.UNSPECIFIED.,.F.,.F.)B_SPLINE_CURVE_WITH_KNOTS((3,3),(0.00000000000000000E0,1.00000000000000000E0),.UNSPECIFIED.)CURVE()GEOMETRIC_REPRESENTATION_ITEM()RATIONAL_B_SPLINE_CURVE((1.00000000000000000E0,7.07106781186547573E-1,1.00000000000000000E0))REPRESENTATION_ITEM(''));
#855=CARTESIAN_POINT('',(4.00000000000000022E-1,0.00000000000000000E0,5.00000000000000000E0));
#856=CARTESIAN_POINT('',(4.00000000000000022E-1,1.78885438199983177E-1,4.91055728090000798E0));
#857=CARTESIAN_POINT('',(0.00000000000000000E0,1.78885438199983177E-1,4.91055728090000798E0));
#858=(BOUNDED_CURVE()B_SPLINE_CURVE(2,(#855,#856,#857),.UNSPECIFIED.,.F.,.F.)B_SPLINE_CURVE_WITH_KNOTS((3,3),(0.00000000000000000E0,1.00000000000000000E0),.UNSPECIFIED.)CURVE()GEOMETRIC_REPRESENTATION_ITEM()RATIONAL_B_SPLINE_CURVE((1.00000000000000000E0,7.07106781186547573E-1,1.00000000000000000E0))REPRESENTATION_ITEM(''));
#859=CARTESIAN_POINT('',(0.00000000000000000E0,4.47213595499957928E-1,4.77639320225002084E0));
#860=CARTESIAN_POINT('',(0.00000000000000000E0,4.23999152002544011E-1,5.98500052999840992E0));
#861=B_SPLINE_CURVE_WITH_KNOTS('',1,(#859,#860),.UNSPECIFIED.,.F.,.F.,(2,2),(0.00000000000000000E0,1.00000000000000000E0),.UNSPECIFIED.);
#862=CARTESIAN_POINT('',(1.00000000000000000E0,0.00000000000000000E0,6.25000000000000000E0));
#863=CARTESIAN_POINT('',(1.00000000000000000E0,4.23999152002544011E-1,5.98500052999840992E0));
#864=CARTESIAN_POINT('',(0.00000000000000000E0,4.23999152002544011E-1,5.98500052999840992E0));
#865=(BOUNDED_CURVE()B_SPLINE_CURVE(2,(#862,#863,#864),.UNSPECIFIED.,.F.,.F.)B_SPLINE_CURVE_WITH_KNOTS((3,3),(0.00000000000000000E0,1.00000000000000000E0),.UNSPECIFIED.)CURVE()GEOMETRIC_REPRESENTATION_ITEM()RATIONAL_B_SPLINE_CURVE((1.00000000000000000E0,7.07106781186547573E-1,1.00000000000000000E0))REPRESENTATION_ITEM(''));
#866=CARTESIAN_POINT('',(1.00000000000000000E0,0.00000000000000000E0,5.00000000000000000E0));
#867=CARTESIAN_POINT('',(1.00000000000000000E0,0.00000000000000000E0,6.25000000000000000E0));
#868=B_SPLINE_CURVE_WITH_KNOTS('',1,(#866,#867),.UNSPECIFIED.,.F.,.F.,(2,2),(0.00000000000000000E0,1.00000000000000000E0),.UNSPECIFIED.);
#869=CARTESIAN_POINT('',(-1.00000000000000000E0,0.00000000000000000E0,5.00000000000000000E0));
#870=CARTESIAN_POINT('',(-1.00000000000000000E0,0.00000000000000000E0,6.25000000000000000E0));
#871=B_SPLINE_CURVE_WITH_KNOTS('',1,(#869,#870),.UNSPECIFIED.,.F.,.F.,(2,2),(0.00000000000000000E0,1.00000000000000000E0),.UNSPECIFIED.);
#872=CARTESIAN_POINT('',(0.00000000000000000E0,4.23999152002544011E-1,5.98500052999840992E0));
#873=CARTESIAN_POINT('',(-1.00000000000000000E0,4.23999152002544011E-1,5.98500052999840992E0));
#874=CARTESIAN_POINT('',(-1.00000000000000000E0,0.00000000000000000E0,6.25000000000000000E0));
#875=(BOUNDED_CURVE()B_SPLINE_CURVE(2,(#872,#873,#874),.UNSPECIFIED.,.F.,.F.)B_SPLINE_CURVE_WITH_KNOTS((3,3),(0.00000000000000000E0,1.00000000000000000E0),.UNSPECIFIED.)CURVE()GEOMETRIC_REPRESENTATION_ITEM()RATIONAL_B_SPLINE_CURVE((1.00000000000000000E0,7.07106781186547573E-1,1.00000000000000000E0))REPRESENTATION_ITEM(''));
#876=CARTESIAN_POINT('',(0.00000000000000000E0,-4.47213595499957928E-1,5.22360679774997916E0));
#877=CARTESIAN_POINT('',(0.00000000000000000E0,-4.23999152002544011E-1,6.51499947000159008E0));
#878=B_SPLINE_CURVE_WITH_KNOTS('',1,(#876,#877),.UNSPECIFIED.,.F.,.F.,(2,2),(0.00000000000000000E0,1.00000000000000000E0),.UNSPECIFIED.);
#879=CARTESIAN_POINT('',(-1.00000000000000000E0,0.00000000000000000E0,6.25000000000000000E0));
#880=CARTESIAN_POINT('',(-1.00000000000000000E0,-4.23999152002544011E-1,6.51499947000159008E0));
#881=CARTESIAN_POINT('',(0.00000000000000000E0,-4.23999152002544011E-1,6.51499947000159008E0));
#882=(BOUNDED_CURVE()B_SPLINE_CURVE(2,(#879,#880,#881),.UNSPECIFIED.,.F.,.F.)B_SPLINE_CURVE_WITH_KNOTS((3,3),(0.00000000000000000E0,1.00000000000000000E0),.UNSPECIFIED.)CURVE()GEOMETRIC_REPRESENTATION_ITEM()RATIONAL_B_SPLINE_CURVE((1.00000000000000000E0,7.07106781186547573E-1,1.00000000000000000E0))REPRESENTATION_ITEM(''));
#883=CARTESIAN_POINT('',(1.00000000000000000E0,0.00000000000000000E0,6.25000000000000000E0));
#884=CARTESIAN_POINT('',(1.00000000000000000E0,-4.23999152002544011E-1,6.51499947000159008E0));
#885=CARTESIAN_POINT('',(0.00000000000000000E0,-4.23999152002544011E-1,6.51499947000159008E0));
#886=(BOUNDED_CURVE()B_SPLINE_CURVE(2,(#883,#884,#885),.UNSPECIFIED.,.F.,.F.)B_SPLINE_CURVE_WITH_KNOTS((3,3),(0.00000000000000000E0,1.00000000000000000E0),.UNSPECIFIED.)CURVE()GEOMETRIC_REPRESENTATION_ITEM()RATIONAL_B_SPLINE_CURVE((1.00000000000000000E0,7.07106781186547573E-1,1.00000000000000000E0))REPRESENTATION_ITEM(''));
#887=CARTESIAN_POINT('',(0.00000000000000000E0,-1.78885438199983177E-1,5.08944271909999202E0));
#888=CARTESIAN_POINT('',(0.00000000000000000E0,-1.69599660801017627E-1,6.35599978800063603E0));
#889=B_SPLINE_CURVE_WITH_KNOTS('',1,(#887,#888),.UNSPECIFIED.,.F.,.F.,(2,2),(0.00000000000000000E0,1.00000000000000000E0),.UNSPECIFIED.);
#890=CARTESIAN_POINT('',(4.00000000000000022E-1,0.00000000000000000E0,6.25000000000000000E0));
#891=CARTESIAN_POINT('',(4.00000000000000022E-1,-1.69599660801017627E-1,6.35599978800063603E0));
#892=CARTESIAN_POINT('',(0.00000000000000000E0,-1.69599660801017627E-1,6.35599978800063603E0));
#893=(BOUNDED_CURVE()B_SPLINE_CURVE(2,(#890,#891,#892),.UNSPECIFIED.,.F.,.F.)B_SPLINE_CURVE_WITH_KNOTS((3,3),(0.00000000000000000E0,1.00000000000000000E0),.UNSPECIFIED.)CURVE()GEOMETRIC_REPRESENTATION_ITEM()RATIONAL_B_SPLINE_CURVE((1.00000000000000000E0,7.07106781186547573E-1,1.00000000000000000E0))REPRESENTATION_ITEM(''));
#894=CARTESIAN_POINT('',(4.00000000000000022E-1,0.00000000000000000E0,5.00000000000000000E0));
#895=CARTESIAN_POINT('',(4.00000000000000022E-1,0.00000000000000000E0,6.25000000000000000E0));
#896=B_SPLINE_CURVE_WITH_KNOTS('',1,(#894,#895),.UNSPECIFIED.,.F.,.F.,(2,2),(0.00000000000000000E0,1.00000000000000000E0),.UNSPECIFIED.);
#897=CARTESIAN_POINT('',(-4.00000000000000022E-1,0.00000000000000000E0,5.00000000000000000E0));
#898=CARTESIAN_POINT('',(-4.00000000000000022E-1,0.00000000000000000E0,6.25000000000000000E0));
#899=B_SPLINE_CURVE_WITH_KNOTS('',1,(#897,#898),.UNSPECIFIED.,.F.,.F.,(2,2),(0.00000000000000000E0,1.00000000000000000E0),.UNSPECIFIED.);
#900=CARTESIAN_POINT('',(0.00000000000000000E0,-1.69599660801017627E-1,6.35599978800063603E0));
#901=CARTESIAN_POINT('',(-4.00000000000000022E-1,-1.69599660801017627E-1,6.35599978800063603E0));
#902=CARTESIAN_POINT('',(-4.00000000000000022E-1,0.00000000000000000E0,6.25000000000000000E0));
#903=(BOUNDED_CURVE()B_SPLINE_CURVE(2,(#900,#901,#902),.UNSPECIFIED.,.F.,.F.)B_SPLINE_CURVE_WITH_KNOTS((3,3),(0.00000000000000000E0,1.00000000000000000E0),.UNSPECIFIED.)CURVE()GEOMETRIC_REPRESENTATION_ITEM()RATIONAL_B_SPLINE_CURVE((1.00000000000000000E0,7.07106781186547573E-1,1.00000000000000000E0))REPRESENTATION_ITEM(''));
#904=CARTESIAN_POINT('',(0.00000000000000000E0,1.78885438199983177E-1,4.91055728090000798E0));
#905=CARTESIAN_POINT('',(0.00000000000000000E0,1.69599660801017627E-1,6.14400021199936397E0));
#906=B_SPLINE_CURVE_WITH_KNOTS('',1,(#904,#905),.UNSPECIFIED.,.F.,.F.,(2,2),(0.00000000000000000E0,1.00000000000000000E0),.UNSPECIFIED.);
#907=CARTESIAN_POINT('',(-4.00000000000000022E-1,0.00000000000000000E0,6.25000000000000000E0));
#908=CARTESIAN_POINT('',(-4.00000000000000022E-1,1.69599660801017627E-1,6.14400021199936397E0));
#909=CARTESIAN_POINT('',(0.00000000000000000E0,1.69599660801017627E-1,6.14400021199936397E0));
#910=(BOUNDED_CURVE()B_SPLINE_CURVE(2,(#907,#908,#909),.UNSPECIFIED.,.F.,.F.)B_SPLINE_CURVE_WITH_KNOTS((3,3),(0.00000000000000000E0,1.00000000000000000E0),.UNSPECIFIED.)CURVE()GEOMETRIC_REPRESENTATION_ITEM()RATIONAL_B_SPLINE_CURVE((1.00000000000000000E0,7.07106781186547573E-1,1.00000000000000000E0))REPRESENTATION_ITEM(''));
#911=CARTESIAN_POINT('',(4.00000000000000022E-1,0.00000000000000000E0,6.25000000000000000E0));
#912=CARTESIAN_POINT('',(4.00000000000000022E-1,1.69599660801017627E-1,6.14400021199936397E0));
#913=CARTESIAN_POINT('',(0.00000000000000000E0,1.69599660801017627E-1,6.14400021199936397E0));
#914=(BOUNDED_CURVE()B_SPLINE_CURVE(2,(#911,#912,#913),.UNSPECIFIED.,.F.,.F.)B_SPLINE_CURVE_WITH_KNOTS((3,3),(0.00000000000000000E0,1.00000000000000000E0),.UNSPECIFIED.)CURVE()GEOMETRIC_REPRESENTATION_ITEM()RATIONAL_B_SPLINE_CURVE((1.00000000000000000E0,7.07106781186547573E-1,1.00000000000000000E0))REPRESENTATION_ITEM(''));
#915=CARTESIAN_POINT('',(0.00000000000000000E0,4.23999152002544011E-1,5.98500052999840992E0));
#916=CARTESIAN_POINT('',(0.00000000000000000E0,4.00000000000000022E-1,7.20000000000000018E0));
#917=B_SPLINE_CURVE_WITH_KNOTS('',1,(#915,#916),.UNSPECIFIED.,.F.,.F.,(2,2),(0.00000000000000000E0,1.00000000000000000E0),.UNSPECIFIED.);
#918=CARTESIAN_POINT('',(1.00000000000000000E0,0.00000000000000000E0,7.50000000000000000E0));
#919=CARTESIAN_POINT('',(1.00000000000000000E0,4.00000000000000022E-1,7.20000000000000018E0));
#920=CARTESIAN_POINT('',(0.00000000000000000E0,4.00000000000000022E-1,7.20000000000000018E0));
#921=(BOUNDED_CURVE()B_SPLINE_CURVE(2,(#918,#919,#920),.UNSPECIFIED.,.F.,.F.)B_SPLINE_CURVE_WITH_KNOTS((3,3),(0.00000000000000000E0,1.00000000000000000E0),.UNSPECIFIED.)CURVE()GEOMETRIC_REPRESENTATION_ITEM()RATIONAL_B_SPLINE_CURVE((1.00000000000000000E0,7.07106781186547573E-1,1.00000000000000000E0))REPRESENTATION_ITEM(''));
#922=CARTESIAN_POINT('',(1.00000000000000000E0,0.00000000000000000E0,6.25000000000000000E0));
#923=CARTESIAN_POINT('',(1.00000000000000000E0,0.00000000000000000E0,7.50000000000000000E0));
#924=B_SPLINE_CURVE_WITH_KNOTS('',1,(#922,#923),.UNSPECIFIED.,.F.,.F.,(2,2),(0.00000000000000000E0,1.00000000000000000E0),.UNSPECIFIED.);
#925=CARTESIAN_POINT('',(-1.00000000000000000E0,0.00000000000000000E0,6.25000000000000000E0));
#926=CARTESIAN_POINT('',(-1.00000000000000000E0,0.00000000000000000E0,7.50000000000000000E0));
#927=B_SPLINE_CURVE_WITH_KNOTS('',1,(#925,#926),.UNSPECIFIED.,.F.,.F.,(2,2),(0.00000000000000000E0,1.00000000000000000E0),.UNSPECIFIED.);
#928=CARTESIAN_POINT('',(0.00000000000000000E0,4.00000000000000022E-1,7.20000000000000018E0));
#929=CARTESIAN_POINT('',(-1.00000000000000000E0,4.00000000000000022E-1,7.20000000000000018E0));
#930=CARTESIAN_POINT('',(-1.00000000000000000E0,0.00000000000000000E0,7.50000000000000000E0));
#931=(BOUNDED_CURVE()B_SPLINE_CURVE(2,(#928,#929,#930),.UNSPECIFIED.,.F.,.F.)B_SPLINE_CURVE_WITH_KNOTS((3,3),(0.00000000000000000E0,1.00000000000000000E0),.UNSPECIFIED.)CURVE()GEOMETRIC_REPRESENTATION_ITEM()RATIONAL_B_SPLINE_CURVE((1.00000000000000000E0,7.07106781186547573E-1,1.00000000000000000E0))REPRESENTATION_ITEM(''));
#932=CARTESIAN_POINT('',(0.00000000000000000E0,-4.23999152002544011E-1,6.51499947000159008E0));
#933=CARTESIAN_POINT('',(0.00000000000000000E0,-4.00000000000000022E-1,7.79999999999999982E0));
#934=B_SPLINE_CURVE_WITH_KNOTS('',1,(#932,#933),.UNSPECIFIED.,.F.,.F.,(2,2),(0.00000000000000000E0,1.00000000000000000E0),.UNSPECIFIED.);
#935=CARTESIAN_POINT('',(-1.00000000000000000E0,0.00000000000000000E0,7.50000000000000000E0));
#936=CARTESIAN_POINT('',(-1.00000000000000000E0,-4.00000000000000022E-1,7.79999999999999982E0));
#937=CARTESIAN_POINT('',(0.00000000000000000E0,-4.00000000000000022E-1,7.79999999999999982E0));
#938=(BOUNDED_CURVE()B_SPLINE_CURVE(2,(#935,#936,#937),.UNSPECIFIED.,.F.,.F.)B_SPLINE_CURVE_WITH_KNOTS((3,3),(0.00000000000000000E0,1.00000000000000000E0),.UNSPECIFIED.)CURVE()GEOMETRIC_REPRESENTATION_ITEM()RATIONAL_B_SPLINE_CURVE((1.00000000000000000E0,7.07106781186547573E-1,1.00000000000000000E0))REPRESENTATION_ITEM(''));
#939=CARTESIAN_POINT('',(1.00000000000000000E0,0.00000000000000000E0,7.50000000000000000E0));
#940=CARTESIAN_POINT('',(1.00000000000000000E0,-4.00000000000000022E-1,7.79999999999999982E0));
#941=CARTESIAN_POINT('',(0.00000000000000000E0,-4.00000000000000022E-1,7.79999999999999982E0));
#942=(BOUNDED_CURVE()B_SPLINE_CURVE(2,(#939,#940,#941),.UNSPECIFIED.,.F.,.F.)B_SPLINE_CURVE_WITH_KNOTS((3,3),(0.00000000000000000E0,1.00000000000000000E0),.UNSPECIFIED.)CURVE()GEOMETRIC_REPRESENTATION_ITEM()RATIONAL_B_SPLINE_CURVE((1.00000000000000000E0,7.07106781186547573E-1,1.00000000000000000E0))REPRESENTATION_ITEM(''));
#943=CARTESIAN_POINT('',(0.00000000000000000E0,-1.69599660801017627E-1,6.35599978800063603E0));
#944=CARTESIAN_POINT('',(0.00000000000000000E0,-1.60000000000000031E-1,7.62000000000000011E0));
#945=B_SPLINE_CURVE_WITH_KNOTS('',1,(#943,#944),.UNSPECIFIED.,.F.,.F.,(2,2),(0.00000000000000000E0,1.00000000000000000E0),.UNSPECIFIED.);
#946=CARTESIAN_POINT('',(4.00000000000000022E-1,0.00000000000000000E0,7.50000000000000000E0));
#947=CARTESIAN_POINT('',(4.00000000000000022E-1,-1.60000000000000031E-1,7.62000000000000011E0));
#948=CARTESIAN_POINT('',(0.00000000000000000E0,-1.60000000000000031E-1,7.62000000000000011E0));
#949=(BOUNDED_CURVE()B_SPLINE_CURVE(2,(#946,#947,#948),.UNSPECIFIED.,.F.,.F.)B_SPLINE_CURVE_WITH_KNOTS((3,3),(0.00000000000000000E0,1.00000000000000000E0),.UNSPECIFIED.)CURVE()GEOMETRIC_REPRESENTATION_ITEM()RATIONAL_B_SPLINE_CURVE((1.00000000000000000E0,7.07106781186547573E-1,1.00000000000000000E0))REPRESENTATION_ITEM(''));
#950=CARTESIAN_POINT('',(4.00000000000000022E-1,0.00000000000000000E0,6.25000000000000000E0));
#951=CARTESIAN_POINT('',(4.00000000000000022E-1,0.00000000000000000E0,7.50000000000000000E0));
#952=B_SPLINE_CURVE_WITH_KNOTS('',1,(#950,#951),.UNSPECIFIED.,.F.,.F.,(2,2),(0.00000000000000000E0,1.00000000000000000E0),.UNSPECIFIED.);
#953=CARTESIAN_POINT('',(-4.00000000000000022E-1,0.00000000000000000E0,6.25000000000000000E0));
#954=CARTESIAN_POINT('',(-4.00000000000000022E-1,0.00000000000000000E0,7.50000000000000000E0));
#955=B_SPLINE_CURVE_WITH_KNOTS('',1,(#953,#954),.UNSPECIFIED.,.F.,.F.,(2,2),(0.00000000000000000E0,1.00000000000000000E0),.UNSPECIFIED.);
#956=CARTESIAN_POINT('',(0.00000000000000000E0,-1.60000000000000031E-1,7.62000000000000011E0));
#957=CARTESIAN_POINT('',(-4.00000000000000022E-1,-1.60000000000000031E-1,7.62000000000000011E0));
#958=CARTESIAN_POINT('',(-4.00000000000000022E-1,0.00000000000000000E0,7.50000000000000000E0));
#959=(BOUNDED_CURVE()B_SPLINE_CURVE(2,(#956,#957,#958),.UNSPECIFIED.,.F.,.F.)B_SPLINE_CURVE_WITH_KNOTS((3,3),(0.00000000000000000E0,1.00000000000000000E0),.UNSPECIFIED.)CURVE()GEOMETRIC_REPRESENTATION_ITEM()RATIONAL_B_SPLINE_CURVE((1.00000000000000000E0,7.07106781186547573E-1,1.00000000000000000E0))REPRESENTATION_ITEM(''));
#960=CARTESIAN_POINT('',(0.00000000000000000E0,1.69599660801017627E-1,6.14400021199936397E0));
#961=CARTESIAN_POINT('',(0.00000000000000000E0,1.60000000000000031E-1,7.37999999999999989E0));
#962=B_SPLINE_CURVE_WITH_KNOTS('',1,(#960,#961),.UNSPECIFIED.,.F.,.F.,(2,2),(0.00000000000000000E0,1.00000000000000000E0),.UNSPECIFIED.);
#963=CARTESIAN_POINT('',(-4.00000000000000022E-1,0.00000000000000000E0,7.50000000000000000E0));
#964=CARTESIAN_POINT('',(-4.00000000000000022E-1,1.60000000000000031E-1,7.37999999999999989E0));
#965=CARTESIAN_POINT('',(0.00000000000000000E0,1.60000000000000031E-1,7.37999999999999989E0));
#966=(BOUNDED_CURVE()B_SPLINE_CURVE(2,(#963,#964,#965),.UNSPECIFIED.,.F.,.F.)B_SPLINE_CURVE_WITH_KNOTS((3,3),(0.00000000000000000E0,1.00000000000000000E0),.UNSPECIFIED.)CURVE()GEOMETRIC_REPRESENTATION_ITEM()RATIONAL_B_SPLINE_CURVE((1.00000000000000000E0,7.07106781186547573E-1,1.00000000000000000E0))REPRESENTATION_ITEM(''));
#967=CARTESIAN_POINT('',(4.00000000000000022E-1,0.00000000000000000E0,7.50000000000000000E0));
#968=CARTESIAN_POINT('',(4.00000000000000022E-1,1.60000000000000031E-1,7.37999999999999989E0));
#969=CARTESIAN_POINT('',(0.00000000000000000E0,1.60000000000000031E-1,7.37999999999999989E0));
#970=(BOUNDED_CURVE()B_SPLINE_CURVE(2,(#967,#968,#969),.UNSPECIFIED.,.F.,.F.)B_SPLINE_CURVE_WITH_KNOTS((3,3),(0.00000000000000000E0,1.00000000000000000E0),.UNSPECIFIED.)CURVE()GEOMETRIC_REPRESENTATION_ITEM()RATIONAL_B_SPLINE_CURVE((1.00000000000000000E0,7.07106781186547573E-1,1.00000000000000000E0))REPRESENTATION_ITEM(''));
#971=CARTESIAN_POINT('',(0.00000000000000000E0,4.00000000000000022E-1,7.20000000000000018E0));
#972=CARTESIAN_POINT('',(0.00000000000000000E0,3.76288347353438912E-1,8.42074769606574058E0));
#973=B_SPLINE_CURVE_WITH_KNOTS('',1,(#971,#972),.UNSPECIFIED.,.F.,.F.,(2,2),(0.00000000000000000E0,1.00000000000000000E0),.UNSPECIFIED.);
#974=CARTESIAN_POINT('',(1.00000000000000000E0,0.00000000000000000E0,8.75000000000000000E0));
#975=CARTESIAN_POINT('',(1.00000000000000000E0,3.76288347353438912E-1,8.42074769606574058E0));
#976=CARTESIAN_POINT('',(0.00000000000000000E0,3.76288347353438912E-1,8.42074769606574058E0));
#977=(BOUNDED_CURVE()B_SPLINE_CURVE(2,(#974,#975,#976),.UNSPECIFIED.,.F.,.F.)B_SPLINE_CURVE_WITH_KNOTS((3,3),(0.00000000000000000E0,1.00000000000000000E0),.UNSPECIFIED.)CURVE()GEOMETRIC_REPRESENTATION_ITEM()RATIONAL_B_SPLINE_CURVE((1.00000000000000000E0,7.07106781186547573E-1,1.00000000000000000E0))REPRESENTATION_ITEM(''));
#978=CARTESIAN_POINT('',(1.00000000000000000E0,0.00000000000000000E0,7.50000000000000000E0));
#979=CARTESIAN_POINT('',(1.00000000000000000E0,0.00000000000000000E0,8.75000000000000000E0));
#980=B_SPLINE_CURVE_WITH_KNOTS('',1,(#978,#979),.UNSPECIFIED.,.F.,.F.,(2,2),(0.00000000000000000E0,1.00000000000000000E0),.UNSPECIFIED.);
#981=CARTESIAN_POINT('',(-1.00000000000000000E0,0.00000000000000000E0,7.50000000000000000E0));
#982=CARTESIAN_POINT('',(-1.00000000000000000E0,0.00000000000000000E0,8.75000000000000000E0));
#983=B_SPLINE_CURVE_WITH_KNOTS('',1,(#981,#982),.UNSPECIFIED.,.F.,.F.,(2,2),(0.00000000000000000E0,1.00000000000000000E0),.UNSPECIFIED.);
#984=CARTESIAN_POINT('',(0.00000000000000000E0,3.76288347353438912E-1,8.42074769606574058E0));
#985=CARTESIAN_POINT('',(-1.00000000000000000E0,3.76288347353438912E-1,8.42074769606574058E0));
#986=CARTESIAN_POINT('',(-1.00000000000000000E0,0.00000000000000000E0,8.75000000000000000E0));
#987=(BOUNDED_CURVE()B_SPLINE_CURVE(2,(#984,#985,#986),.UNSPECIFIED.,.F.,.F.)B_SPLINE_CURVE_WITH_KNOTS((3,3),(0.00000000000000000E0,1.00000000000000000E0),.UNSPECIFIED.)CURVE()GEOMETRIC_REPRESENTATION_ITEM()RATIONAL_B_SPLINE_CURVE((1.00000000000000000E0,7.07106781186547573E-1,1.00000000000000000E0))REPRESENTATION_ITEM(''));
#988=CARTESIAN_POINT('',(0.00000000000000000E0,-4.00000000000000022E-1,7.79999999999999982E0));
#989=CARTESIAN_POINT('',(0.00000000000000000E0,-3.76288347353438912E-1,9.07925230393425942E0));
#990=B_SPLINE_CURVE_WITH_KNOTS('',1,(#988,#989),.UNSPECIFIED.,.F.,.F.,(2,2),(0.00000000000000000E0,1.00000000000000000E0),.UNSPECIFIED.);
#991=CARTESIAN_POINT('',(-1.00000000000000000E0,0.00000000000000000E0,8.75000000000000000E0));
#992=CARTESIAN_POINT('',(-1.00000000000000000E0,-3.76288347353438912E-1,9.07925230393425942E0));
#993=CARTESIAN_POINT('',(0.00000000000000000E0,-3.76288347353438912E-1,9.07925230393425942E0));
#994=(BOUNDED_CURVE()B_SPLINE_CURVE(2,(#991,#992,#993),.UNSPECIFIED.,.F.,.F.)B_SPLINE_CURVE_WITH_KNOTS((3,3),(0.00000000000000000E0,1.00000000000000000E0),.UNSPECIFIED.)CURVE()GEOMETRIC_REPRESENTATION_ITEM()RATIONAL_B_SPLINE_CURVE((1.00000000000000000E0,7.07106781186547573E-1,1.00000000000000000E0))REPRESENTATION_ITEM(''));
#995=CARTESIAN_POINT('',(1.00000000000000000E0,0.00000000000000000E0,8.75000000000000000E0));
#996=CARTESIAN_POINT('',(1.00000000000000000E0,-3.76288347353438912E-1,9.07925230393425942E0));
#997=CARTESIAN_POINT('',(0.00000000000000000E0,-3.76288347353438912E-1,9.07925230393425942E0));
#998=(BOUNDED_CURVE()B_SPLINE_CURVE(2,(#995,#996,#997),.UNSPECIFIED.,.F.,.F.)B_SPLINE_CURVE_WITH_KNOTS((3,3),(0.00000000000000000E0,1.00000000000000000E0),.UNSPECIFIED.)CURVE()GEOMETRIC_REPRESENTATION_ITEM()RATIONAL_B_SPLINE_CURVE((1.00000000000000000E0,7.07106781186547573E-1,1.00000000000000000E0))REPRESENTATION_ITEM(''));
#999=CARTESIAN_POINT('',(0.00000000000000000E0,-1.60000000000000031E-1,7.62000000000000011E0));
#1000=CARTESIAN_POINT('',(0.00000000000000000E0,-1.50515338941375587E-1,8.88170092157370306E0));
#1001=B_SPLINE_CURVE_WITH_KNOTS('',1,(#999,#1000),.UNSPECIFIED.,.F.,.F.,(2,2),(0.00000000000000000E0,1.00000000000000000E0),.UNSPECIFIED.);
#1002=CARTESIAN_POINT('',(4.00000000000000022E-1,0.00000000000000000E0,8.75000000000000000E0));
#1003=CARTESIAN_POINT('',(4.00000000000000022E-1,-1.50515338941375587E-1,8.88170092157370306E0));
#1004=CARTESIAN_POINT('',(0.00000000000000000E0,-1.50515338941375587E-1,8.88170092157370306E0));
#1005=(BOUNDED_CURVE()B_SPLINE_CURVE(2,(#1002,#1003,#1004),.UNSPECIFIED.,.F.,.F.)B_SPLINE_CURVE_WITH_KNOTS((3,3),(0.00000000000000000E0,1.00000000000000000E0),.UNSPECIFIED.)CURVE()GEOMETRIC_REPRESENTATION_ITEM()RATIONAL_B_SPLINE_CURVE((1.00000000000000000E0,7.07106781186547573E-1,1.00000000000000000E0))REPRESENTATION_ITEM(''));
#1006=CARTESIAN_POINT('',(4.00000000000000022E-1,0.00000000000000000E0,7.50000000000000000E0));
#1007=CARTESIAN_POINT('',(4.00000000000000022E-1,0.00000000000000000E0,8.75000000000000000E0));
#1008=B_SPLINE_CURVE_WITH_KNOTS('',1,(#1006,#1007),.UNSPECIFIED.,.F.,.F.,(2,2),(0.00000000000000000E0,1.00000000000000000E0),.UNSPECIFIED.);
#1009=CARTESIAN_POINT('',(-4.00000000000000022E-1,0.00000000000000000E0,7.50000000000000000E0));
#1010=CARTESIAN_POINT('',(-4.00000000000000022E-1,0.00000000000000000E0,8.75000000000000000E0));
#1011=B_SPLINE_CURVE_WITH_KNOTS('',1,(#1009,#1010),.UNSPECIFIED.,.F.,.F.,(2,2),(0.00000000000000000E0,1.00000000000000000E0),.UNSPECIFIED.);
#1012=CARTESIAN_POINT('',(0.00000000000000000E0,-1.50515338941375587E-1,8.88170092157370306E0));
#1013=CARTESIAN_POINT('',(-4.00000000000000022E-1,-1.50515338941375587E-1,8.88170092157370306E0));
#1014=CARTESIAN_POINT('',(-4.00000000000000022E-1,0.00000000000000000E0,8.75000000000000000E0));
#1015=(BOUNDED_CURVE()B_SPLINE_CURVE(2,(#1012,#1013,#1014),.UNSPECIFIED.,.F.,.F.)B_SPLINE_CURVE_WITH_KNOTS((3,3),(0.00000000000000000E0,1.00000000000000000E0),.UNSPECIFIED.)CURVE()GEOMETRIC_REPRESENTATION_ITEM()RATIONAL_B_SPLINE_CURVE((1.00000000000000000E0,7.07106781186547573E-1,1.00000000000000000E0))REPRESENTATION_ITEM(''));
#1016=CARTESIAN_POINT('',(0.00000000000000000E0,1.60000000000000031E-1,7.37999999999999989E0));
#1017=CARTESIAN_POINT('',(0.00000000000000000E0,1.50515338941375587E-1,8.61829907842629694E0));
#1018=B_SPLINE_CURVE_WITH_KNOTS('',1,(#1016,#1017),.UNSPECIFIED.,.F.,.F.,(2,2),(0.00000000000000000E0,1.00000000000000000E0),.UNSPECIFIED.);
#1019=CARTESIAN_POINT('',(-4.00000000000000022E-1,0.00000000000000000E0,8.75000000000000000E0));
#1020=CARTESIAN_POINT('',(-4.00000000000000022E-1,1.50515338941375587E-1,8.61829907842629694E0));
#1021=CARTESIAN_POINT('',(0.00000000000000000E0,1.50515338941375587E-1,8.61829907842629694E0));
#1022=(BOUNDED_CURVE()B_SPLINE_CURVE(2,(#1019,#1020,#1021),.UNSPECIFIED.,.F.,.F.)B_SPLINE_CURVE_WITH_KNOTS((3,3),(0.00000000000000000E0,1.00000000000000000E0),.UNSPECIFIED.)CURVE()GEOMETRIC_REPRESENTATION_ITEM()RATIONAL_B_SPLINE_CURVE((1.00000000000000000E0,7.07106781186547573E-1,1.00000000000000000E0))REPRESENTATION_ITEM(''));
#1023=CARTESIAN_POINT('',(4.00000000000000022E-1,0.00000000000000000E0,8.75000000000000000E0));
#1024=CARTESIAN_POINT('',(4.00000000000000022E-1,1.50515338941375587E-1,8.61829907842629694E0));
#1025=CARTESIAN_POINT('',(0.00000000000000000E0,1.50515338941375587E-1,8.61829907842629694E0));
#1026=(BOUNDED_CURVE()B_SPLINE_CURVE(2,(#1023,#1024,#1025),.UNSPECIFIED.,.F.,.F.)B_SPLINE_CURVE_WITH_KNOTS((3,3),(0.00000000000000000E0,1.00000000000000000E0),.UNSPECIFIED.)CURVE()GEOMETRIC_REPRESENTATION_ITEM()RATIONAL_B_SPLINE_CURVE((1.00000000000000000E0,7.07106781186547573E-1,1.00000000000000000E0))REPRESENTATION_ITEM(''));
#1027=CARTESIAN_POINT('',(0.00000000000000000E0,3.76288347353438912E-1,8.42074769606574058E0));
#1028=CARTESIAN_POINT('',(0.00000000000000000E0,3.53553390593333461E-1,1.00000000000000000E1));
#1029=B_SPLINE_CURVE_WITH_KNOTS('',1,(#1027,#1028),.UNSPECIFIED.,.F.,.F.,(2,2),(0.00000000000000000E0,1.00000000000000000E0),.UNSPECIFIED.);
#1030=CARTESIAN_POINT('',(1.00000000000000000E0,0.00000000000000000E0,1.00000000000000000E1));
#1031=CARTESIAN_POINT('',(1.00000000000000000E0,3.53553390593333461E-1,1.00000000000000000E1));
#1032=CARTESIAN_POINT('',(0.00000000000000000E0,3.53553390593333461E-1,1.00000000000000000E1));
#1033=(BOUNDED_CURVE()B_SPLINE_CURVE(2,(#1030,#1031,#1032),.UNSPECIFIED.,.F.,.F.)B_SPLINE_CURVE_WITH_KNOTS((3,3),(0.00000000000000000E0,1.00000000000000000E0),.UNSPECIFIED.)CURVE()GEOMETRIC_REPRESENTATION_ITEM()RATIONAL_B_SPLINE_CURVE((1.00000000000000000E0,7.07106781186547573E-1,1.00000000000000000E0))REPRESENTATION_ITEM(''));
#1034=CARTESIAN_POINT('',(1.00000000000000000E0,0.00000000000000000E0,8.75000000000000000E0));
#1035=CARTESIAN_POINT('',(1.00000000000000000E0,0.00000000000000000E0,1.00000000000000000E1));
#1036=B_SPLINE_CURVE_WITH_KNOTS('',1,(#1034,#1035),.UNSPECIFIED.,.F.,.F.,(2,2),(0.00000000000000000E0,1.00000000000000000E0),.UNSPECIFIED.);
#1037=CARTESIAN_POINT('',(-1.00000000000000000E0,0.00000000000000000E0,8.75000000000000000E0));
#1038=CARTESIAN_POINT('',(-1.00000000000000000E0,0.00000000000000000E0,1.00000000000000000E1));
#1039=B_SPLINE_CURVE_WITH_KNOTS('',1,(#1037,#1038),.UNSPECIFIED.,.F.,.F.,(2,2),(0.00000000000000000E0,1.00000000000000000E0),.UNSPECIFIED.);
#1040=CARTESIAN_POINT('',(0.00000000000000000E0,3.53553390593333461E-1,1.00000000000000000E1));
#1041=CARTESIAN_POINT('',(-1.00000000000000000E0,3.53553390593333461E-1,1.00000000000000000E1));
#1042=CARTESIAN_POINT('',(-1.00000000000000000E0,0.00000000000000000E0,1.00000000000000000E1));
#1043=(BOUNDED_CURVE()B_SPLINE_CURVE(2,(#1040,#1041,#1042),.UNSPECIFIED.,.F.,.F.)B_SPLINE_CURVE_WITH_KNOTS((3,3),(0.00000000000000000E0,1.00000000000000000E0),.UNSPECIFIED.)CURVE()GEOMETRIC_REPRESENTATION_ITEM()RATIONAL_B_SPLINE_CURVE((1.00000000000000000E0,7.07106781186547573E-1,1.00000000000000000E0))REPRESENTATION_ITEM(''));
#1044=CARTESIAN_POINT('',(0.00000000000000000E0,-3.76288347353438912E-1,9.07925230393425942E0));
#1045=CARTESIAN_POINT('',(0.00000000000000000E0,-3.53553390593333461E-1,1.00000000000000000E1));
#1046=B_SPLINE_CURVE_WITH_KNOTS('',1,(#1044,#1045),.UNSPECIFIED.,.F.,.F.,(2,2),(0.00000000000000000E0,1.00000000000000000E0),.UNSPECIFIED.);
#1047=CARTESIAN_POINT('',(-1.00000000000000000E0,0.00000000000000000E0,1.00000000000000000E1));
#1048=CARTESIAN_POINT('',(-1.00000000000000000E0,-3.53553390593333461E-1,1.00000000000000000E1));
#1049=CARTESIAN_POINT('',(0.00000000000000000E0,-3.53553390593333461E-1,1.00000000000000000E1));
#1050=(BOUNDED_CURVE()B_SPLINE_CURVE(2,(#1047,#1048,#1049),.UNSPECIFIED.,.F.,.F.)B_SPLINE_CURVE_WITH_KNOTS((3,3),(0.00000000000000000E0,1.00000000000000000E0),.UNSPECIFIED.)CURVE()GEOMETRIC_REPRESENTATION_ITEM()RATIONAL_B_SPLINE_CURVE((1.00000000000000000E0,7.07106781186547573E-1,1.00000000000000000E0))REPRESENTATION_ITEM(''));
#1051=CARTESIAN_POINT('',(1.00000000000000000E0,0.00000000000000000E0,1.00000000000000000E1));
#1052=CARTESIAN_POINT('',(1.00000000000000000E0,-3.53553390593333461E-1,1.00000000000000000E1));
#1053=CARTESIAN_POINT('',(0.00000000000000000E0,-3.53553390593333461E-1,1.00000000000000000E1));
#1054=(BOUNDED_CURVE()B_SPLINE_CURVE(2,(#1051,#1052,#1053),.UNSPECIFIED.,.F.,.F.)B_SPLINE_CURVE_WITH_KNOTS((3,3),(0.00000000000000000E0,1.00000000000000000E0),.UNSPECIFIED.)CURVE()GEOMETRIC_REPRESENTATION_ITEM()RATIONAL_B_SPLINE_CURVE((1.00000000000000000E0,7.07106781186547573E-1,1.00000000000000000E0))REPRESENTATION_ITEM(''));
#1055=CARTESIAN_POINT('',(0.00000000000000000E0,-1.50515338941375587E-1,8.88170092157370306E0));
#1056=CARTESIAN_POINT('',(0.00000000000000000E0,-1.41421356237515283E-1,1.00000000000000000E1));
#1057=B_SPLINE_CURVE_WITH_KNOTS('',1,(#1055,#1056),.UNSPECIFIED.,.F.,.F.,(2,2),(0.00000000000000000E0,1.00000000000000000E0),.UNSPECIFIED.);
#1058=CARTESIAN_POINT('',(3.99999999999636202E-1,0.00000000000000000E0,1.00000000000000000E1));
#1059=CARTESIAN_POINT('',(3.99999999999636202E-1,-1.41421356237515283E-1,1.00000000000000000E1));
#1060=CARTESIAN_POINT('',(0.00000000000000000E0,-1.41421356237515283E-1,1.00000000000000000E1));
#1061=(BOUNDED_CURVE()B_SPLINE_CURVE(2,(#1058,#1059,#1060),.UNSPECIFIED.,.F.,.F.)B_SPLINE_CURVE_WITH_KNOTS((3,3),(0.00000000000000000E0,1.00000000000000000E0),.UNSPECIFIED.)CURVE()GEOMETRIC_REPRESENTATION_ITEM()RATIONAL_B_SPLINE_CURVE((1.00000000000000000E0,7.07106781186547573E-1,1.00000000000000000E0))REPRESENTATION_ITEM(''));
#1062=CARTESIAN_POINT('',(4.00000000000000022E-1,0.00000000000000000E0,8.75000000000000000E0));
#1063=CARTESIAN_POINT('',(3.99999999999636202E-1,0.00000000000000000E0,1.00000000000000000E1));
#1064=B_SPLINE_CURVE_WITH_KNOTS('',1,(#1062,#1063),.UNSPECIFIED.,.F.,.F.,(2,2),(0.00000000000000000E0,1.00000000000000000E0),.UNSPECIFIED.);
#1065=CARTESIAN_POINT('',(-4.00000000000000022E-1,0.00000000000000000E0,8.75000000000000000E0));
#1066=CARTESIAN_POINT('',(-3.99999999999636202E-1,0.00000000000000000E0,1.00000000000000000E1));
#1067=B_SPLINE_CURVE_WITH_KNOTS('',1,(#1065,#1066),.UNSPECIFIED.,.F.,.F.,(2,2),(0.00000000000000000E0,1.00000000000000000E0),.UNSPECIFIED.);
#1068=CARTESIAN_POINT('',(0.00000000000000000E0,-1.41421356237515283E-1,1.00000000000000000E1));
#1069=CARTESIAN_POINT('',(-3.99999999999636202E-1,-1.41421356237515283E-1,1.00000000000000000E1));
#1070=CARTESIAN_POINT('',(-3.99999999999636202E-1,0.00000000000000000E0,1.00000000000000000E1));
#1071=(BOUNDED_CURVE()B_SPLINE_CURVE(2,(#1068,#1069,#1070),.UNSPECIFIED.,.F.,.F.)B_SPLINE_CURVE_WITH_KNOTS((3,3),(0.00000000000000000E0,1.00000000000000000E0),.UNSPECIFIED.)CURVE()GEOMETRIC_REPRESENTATION_ITEM()RATIONAL_B_SPLINE_CURVE((1.00000000000000000E0,7.07106781186547573E-1,1.00000000000000000E0))REPRESENTATION_ITEM(''));
#1072=CARTESIAN_POINT('',(0.00000000000000000E0,1.50515338941375587E-1,8.61829907842629694E0));
#1073=CARTESIAN_POINT('',(0.00000000000000000E0,1.41421356237515283E-1,1.00000000000000000E1));
#1074=B_SPLINE_CURVE_WITH_KNOTS('',1,(#1072,#1073),.UNSPECIFIED.,.F.,.F.,(2,2),(0.00000000000000000E0,1.00000000000000000E0),.UNSPECIFIED.);
#1075=CARTESIAN_POINT('',(-3.99999999999636202E-1,0.00000000000000000E0,1.00000000000000000E1));
#1076=CARTESIAN_POINT('',(-3.99999999999636202E-1,1.41421356237515283E-1,1.00000000000000000E1));
#1077=CARTESIAN_POINT('',(0.00000000000000000E0,1.41421356237515283E-1,1.00000000000000000E1));
#1078=(BOUNDED_CURVE()B_SPLINE_CURVE(2,(#1075,#1076,#1077),.UNSPECIFIED.,.F.,.F.)B_SPLINE_CURVE_WITH_KNOTS((3,3),(0.00000000000000000E0,1.00000000000000000E0),.UNSPECIFIED.)CURVE()GEOMETRIC_REPRESENTATION_ITEM()RATIONAL_B_SPLINE_CURVE((1.00000000000000000E0,7.07106781186547573E-1,1.00000000000000000E0))REPRESENTATION_ITEM(''));
#1079=CARTESIAN_POINT('',(3.99999999999636202E-1,0.00000000000000000E0,1.00000000000000000E1));
#1080=CARTESIAN_POINT('',(3.99999999999636202E-1,1.41421356237515283E-1,1.00000000000000000E1));
#1081=CARTESIAN_POINT('',(0.00000000000000000E0,1.41421356237515283E-1,1.00000000000000000E1));
#1082=(BOUNDED_CURVE()B_SPLINE_CURVE(2,(#1079,#1080,#1081),.UNSPECIFIED.,.F.,.F.)B_SPLINE_CURVE_WITH_KNOTS((3,3),(0.00000000000000000E0,1.00000000000000000E0),.UNSPECIFIED.)CURVE()GEOMETRIC_REPRESENTATION_ITEM()RATIONAL_B_SPLINE_CURVE((1.00000000000000000E0,7.07106781186547573E-1,1.00000000000000000E0))REPRESENTATION_ITEM(''));
#1083=(GEOMETRIC_REPRESENTATION_CONTEXT(2)REPRESENTATION_CONTEXT('','2D'));
#1084=CARTESIAN_POINT('',(0.00000000000000000E0,0.00000000000000000E0));
#1085=CARTESIAN_POINT('',(1.00000000000000000E0,0.00000000000000000E0));
#1086=B_SPLINE_CURVE_WITH_KNOTS('',1,(#1084,#1085),.UNSPECIFIED.,.F.,.F.,(2,2),(0.00000000000000000E0,1.00000000000000000E0),.UNSPECIFIED.);
#1087=DEFINITIONAL_REPRESENTATION('',(#1086),#1083);
#1088=PCURVE('',#151,#1087);
#1089=CARTESIAN_POINT('',(1.00000000000000000E0,0.00000000000000000E0));
#1090=CARTESIAN_POINT('',(1.00000000000000000E0,1.00000000000000000E0));
#1091=B_SPLINE_CURVE_WITH_KNOTS('',1,(#1089,#1090),.UNSPECIFIED.,.F.,.F.,(2,2),(0.00000000000000000E0,1.00000000000000000E0),.UNSPECIFIED.);
#1092=DEFINITIONAL_REPRESENTATION('',(#1091),#1083);
#1093=PCURVE('',#151,#1092);
#1094=CARTESIAN_POINT('',(1.00000000000000000E0,1.00000000000000000E0));
#1095=CARTESIAN_POINT('',(0.00000000000000000E0,1.00000000000000000E0));
#1096=B_SPLINE_CURVE_WITH_KNOTS('',1,(#1094,#1095),.UNSPECIFIED.,.F.,.F.,(2,2),(0.00000000000000000E0,1.00000000000000000E0),.UNSPECIFIED.);
#1097=DEFINITIONAL_REPRESENTATION('',(#1096),#1083);
#1098=PCURVE('',#151,#1097);
#1099=CARTESIAN_POINT('',(0.00000000000000000E0,1.00000000000000000E0));
#1100=CARTESIAN_POINT('',(0.00000000000000000E0,0.00000000000000000E0));
#1101=B_SPLINE_CURVE_WITH_KNOTS('',1,(#1099,#1100),.UNSPECIFIED.,.F.,.F.,(2,2),(0.00000000000000000E0,1.00000000000000000E0),.UNSPECIFIED.);
#1102=DEFINITIONAL_REPRESENTATION('',(#1101),#1083);
#1103=PCURVE('',#151,#1102);
#1104=CARTESIAN_POINT('',(0.00000000000000000E0,0.00000000000000000E0));
#1105=CARTESIAN_POINT('',(1.00000000000000000E0,0.00000000000000000E0));
#1106=B_SPLINE_CURVE_WITH_KNOTS('',1,(#1104,#1105),.UNSPECIFIED.,.F.,.F.,(2,2),(0.00000000000000000E0,1.00000000000000000E0),.UNSPECIFIED.);
#1107=DEFINITIONAL_REPRESENTATION('',(#1106),#1083);
#1108=PCURVE('',#158,#1107);
#1109=CARTESIAN_POINT('',(1.00000000000000000E0,0.00000000000000000E0));
#1110=CARTESIAN_POINT('',(1.00000000000000000E0,1.00000000000000000E0));
#1111=B_SPLINE_CURVE_WITH_KNOTS('',1,(#1109,#1110),.UNSPECIFIED.,.F.,.F.,(2,2),(0.00000000000000000E0,1.00000000000000000E0),.UNSPECIFIED.);
#1112=DEFINITIONAL_REPRESENTATION('',(#1111),#1083);
#1113=PCURVE('',#158,#1112);
#1114=CARTESIAN_POINT('',(1.00000000000000000E0,1.00000000000000000E0));
#1115=CARTESIAN_POINT('',(0.00000000000000000E0,1.00000000000000000E0));
#1116=B_SPLINE_CURVE_WITH_KNOTS('',1,(#1114,#1115),.UNSPECIFIED.,.F.,.F.,(2,2),(0.00000000000000000E0,1.00000000000000000E0),.UNSPECIFIED.);
#1117=DEFINITIONAL_REPRESENTATION('',(#1116),#1083);
#1118=PCURVE('',#158,#1117);
#1119=CARTESIAN_POINT('',(0.00000000000000000E0,1.00000000000000000E0));
#1120=CARTESIAN_POINT('',(0.00000000000000000E0,0.00000000000000000E0));
#1121=B_SPLINE_CURVE_WITH_KNOTS('',1,(#1119,#1120),.UNSPECIFIED.,.F.,.F.,(2,2),(0.00000000000000000E0,1.00000000000000000E0),.UNSPECIFIED.);
#1122=DEFINITIONAL_REPRESENTATION('',(#1121),#1083);
#1123=PCURVE('',#158,#1122);
#1124=CARTESIAN_POINT('',(0.00000000000000000E0,0.00000000000000000E0));
#1125=CARTESIAN_POINT('',(1.00000000000000000E0,0.00000000000000000E0));
#1126=B_SPLINE_CURVE_WITH_KNOTS('',1,(#1124,#1125),.UNSPECIFIED.,.F.,.F.,(2,2),(0.00000000000000000E0,1.00000000000000000E0),.UNSPECIFIED.);
#1127=DEFINITIONAL_REPRESENTATION('',(#1126),#1083);
#1128=PCURVE('',#165,#1127);
#1129=CARTESIAN_POINT('',(1.00000000000000000E0,0.00000000000000000E0));
#1130=CARTESIAN_POINT('',(1.00000000000000000E0,1.00000000000000000E0));
#1131=B_SPLINE_CURVE_WITH_KNOTS('',1,(#1129,#1130),.UNSPECIFIED.,.F.,.F.,(2,2),(0.00000000000000000E0,1.00000000000000000E0),.UNSPECIFIED.);
#1132=DEFINITIONAL_REPRESENTATION('',(#1131),#1083);
#1133=PCURVE('',#165,#1132);
#1134=CARTESIAN_POINT('',(1.00000000000000000E0,1.00000000000000000E0));
#1135=CARTESIAN_POINT('',(0.00000000000000000E0,1.00000000000000000E0));
#1136=B_SPLINE_CURVE_WITH_KNOTS('',1,(#1134,#1135),.UNSPECIFIED.,.F.,.F.,(2,2),(0.00000000000000000E0,1.00000000000000000E0),.UNSPECIFIED.);
#1137=DEFINITIONAL_REPRESENTATION('',(#1136),#1083);
#1138=PCURVE('',#165,#1137);
#1139=CARTESIAN_POINT('',(0.00000000000000000E0,1.00000000000000000E0));
#1140=CARTESIAN_POINT('',(0.00000000000000000E0,0.00000000000000000E0));
#1141=B_SPLINE_CURVE_WITH_KNOTS('',1,(#1139,#1140),.UNSPECIFIED.,.F.,.F.,(2,2),(0.00000000000000000E0,1.00000000000000000E0),.UNSPECIFIED.);
#1142=DEFINITIONAL_REPRESENTATION('',(#1141),#1083);
#1143=PCURVE('',#165,#1142);
#1144=CARTESIAN_POINT('',(0.00000000000000000E0,0.00000000000000000E0));
#1145=CARTESIAN_POINT('',(1.00000000000000000E0,0.00000000000000000E0));
#1146=B_SPLINE_CURVE_WITH_KNOTS('',1,(#1144,#1145),.UNSPECIFIED.,.F.,.F.,(2,2),(0.00000000000000000E0,1.00000000000000000E0),.UNSPECIFIED.);
#1147=DEFINITIONAL_REPRESENTATION('',(#1146),#1083);
#1148=PCURVE('',#172,#1147);
#1149=CARTESIAN_POINT('',(1.00000000000000000E0,0.00000000000000000E0));
#1150=CARTESIAN_POINT('',(1.00000000000000000E0,1.00000000000000000E0));
#1151=B_SPLINE_CURVE_WITH_KNOTS('',1,(#1149,#1150),.UNSPECIFIED.,.F.,.F.,(2,2),(0.00000000000000000E0,1.00000000000000000E0),.UNSPECIFIED.);
#1152=DEFINITIONAL_REPRESENTATION('',(#1151),#1083);
#1153=PCURVE('',#172,#1152);
#1154=CARTESIAN_POINT('',(1.00000000000000000E0,1.00000000000000000E0));
#1155=CARTESIAN_POINT('',(0.00000000000000000E0,1.00000000000000000E0));
#1156=B_SPLINE_CURVE_WITH_KNOTS('',1,(#1154,#1155),.UNSPECIFIED.,.F.,.F.,(2,2),(0.00000000000000000E0,1.00000000000000000E0),.UNSPECIFIED.);
#1157=DEFINITIONAL_REPRESENTATION('',(#1156),#1083);
#1158=PCURVE('',#172,#1157);
#1159=CARTESIAN_POINT('',(0.00000000000000000E0,1.00000000000000000E0));
#1160=CARTESIAN_POINT('',(0.00000000000000000E0,0.00000000000000000E0));
#1161=B_SPLINE_CURVE_WITH_KNOTS('',1,(#1159,#1160),.UNSPECIFIED.,.F.,.F.,(2,2),(0.00000000000000000E0,1.00000000000000000E0),.UNSPECIFIED.);
#1162=DEFINITIONAL_REPRESENTATION('',(#1161),#1083);
#1163=PCURVE('',#172,#1162);
#1164=CARTESIAN_POINT('',(0.00000000000000000E0,0.00000000000000000E0));
#1165=CARTESIAN_POINT('',(1.00000000000000000E0,0.00000000000000000E0));
#1166=B_SPLINE_CURVE_WITH_KNOTS('',1,(#1164,#1165),.UNSPECIFIED.,.F.,.F.,(2,2),(0.00000000000000000E0,1.00000000000000000E0),.UNSPECIFIED.);
#1167=DEFINITIONAL_REPRESENTATION('',(#1166),#1083);
#1168=PCURVE('',#179,#1167);
#1169=CARTESIAN_POINT('',(1.00000000000000000E0,0.00000000000000000E0));
#1170=CARTESIAN_POINT('',(1.00000000000000000E0,1.00000000000000000E0));
#1171=B_SPLINE_CURVE_WITH_KNOTS('',1,(#1169,#1170),.UNSPECIFIED.,.F.,.F.,(2,2),(0.00000000000000000E0,1.00000000000000000E0),.UNSPECIFIED.);
#1172=DEFINITIONAL_REPRESENTATION('',(#1171),#1083);
#1173=PCURVE('',#179,#1172);
#1174=CARTESIAN_POINT('',(1.00000000000000000E0,1.00000000000000000E0));
#1175=CARTESIAN_POINT('',(0.00000000000000000E0,1.00000000000000000E0));
#1176=B_SPLINE_CURVE_WITH_KNOTS('',1,(#1174,#1175),.UNSPECIFIED.,.F.,.F.,(2,2),(0.00000000000000000E0,1.00000000000000000E0),.UNSPECIFIED.);
#1177=DEFINITIONAL_REPRESENTATION('',(#1176),#1083);
#1178=PCURVE('',#179,#1177);
#1179=CARTESIAN_POINT('',(0.00000000000000000E0,1.00000000000000000E0));
#1180=CARTESIAN_POINT('',(0.00000000000000000E0,0.00000000000000000E0));
#1181=B_SPLINE_CURVE_WITH_KNOTS('',1,(#1179,#1180),.UNSPECIFIED.,.F.,.F.,(2,2),(0.00000000000000000E0,1.00000000000000000E0),.UNSPECIFIED.);
#1182=DEFINITIONAL_REPRESENTATION('',(#1181),#1083);
#1183=PCURVE('',#179,#1182);
#1184=CARTESIAN_POINT('',(0.00000000000000000E0,0.00000000000000000E0));
#1185=CARTESIAN_POINT('',(1.00000000000000000E0,0.00000000000000000E0));
#1186=B_SPLINE_CURVE_WITH_KNOTS('',1,(#1184,#1185),.UNSPECIFIED.,.F.,.F.,(2,2),(0.00000000000000000E0,1.00000000000000000E0),.UNSPECIFIED.);
#1187=DEFINITIONAL_REPRESENTATION('',(#1186),#1083);
#1188=PCURVE('',#186,#1187);
#1189=CARTESIAN_POINT('',(1.00000000000000000E0,0.00000000000000000E0));
#1190=CARTESIAN_POINT('',(1.00000000000000000E0,1.00000000000000000E0));
#1191=B_SPLINE_CURVE_WITH_KNOTS('',1,(#1189,#1190),.UNSPECIFIED.,.F.,.F.,(2,2),(0.00000000000000000E0,1.00000000000000000E0),.UNSPECIFIED.);
#1192=DEFINITIONAL_REPRESENTATION('',(#1191),#1083);
#1193=PCURVE('',#186,#1192);
#1194=CARTESIAN_POINT('',(1.00000000000000000E0,1.00000000000000000E0));
#1195=CARTESIAN_POINT('',(0.00000000000000000E0,1.00000000000000000E0));
#1196=B_SPLINE_CURVE_WITH_KNOTS('',1,(#1194,#1195),.UNSPECIFIED.,.F.,.F.,(2,2),(0.00000000000000000E0,1.00000000000000000E0),.UNSPECIFIED.);
#1197=DEFINITIONAL_REPRESENTATION('',(#1196),#1083);
#1198=PCURVE('',#186,#1197);
#1199=CARTESIAN_POINT('',(0.00000000000000000E0,1.00000000000000000E0));
#1200=CARTESIAN_POINT('',(0.00000000000000000E0,0.00000000000000000E0));
#1201=B_SPLINE_CURVE_WITH_KNOTS('',1,(#1199,#1200),.UNSPECIFIED.,.F.,.F.,(2,2),(0.00000000000000000E0,1.00000000000000000E0),.UNSPECIFIED.);
#1202=DEFINITIONAL_REPRESENTATION('',(#1201),#1083);
#1203=PCURVE('',#186,#1202);
#1204=CARTESIAN_POINT('',(0.00000000000000000E0,0.00000000000000000E0));
#1205=CARTESIAN_POINT('',(1.00000000000000000E0,0.00000000000000000E0));
#1206=B_SPLINE_CURVE_WITH_KNOTS('',1,(#1204,#1205),.UNSPECIFIED.,.F.,.F.,(2,2),(0.00000000000000000E0,1.00000000000000000E0),.UNSPECIFIED.);
#1207=DEFINITIONAL_REPRESENTATION('',(#1206),#1083);
#1208=PCURVE('',#193,#1207);
#1209=CARTESIAN_POINT('',(1.00000000000000000E0,0.00000000000000000E0));
#1210=CARTESIAN_POINT('',(1.00000000000000000E0,1.00000000000000000E0));
#1211=B_SPLINE_CURVE_WITH_KNOTS('',1,(#1209,#1210),.UNSPECIFIED.,.F.,.F.,(2,2),(0.00000000000000000E0,1.00000000000000000E0),.UNSPECIFIED.);
#1212=DEFINITIONAL_REPRESENTATION('',(#1211),#1083);
#1213=PCURVE('',#193,#1212);
#1214=CARTESIAN_POINT('',(1.00000000000000000E0,1.00000000000000000E0));
#1215=CARTESIAN_POINT('',(0.00000000000000000E0,1.00000000000000000E0));
#1216=B_SPLINE_CURVE_WITH_KNOTS('',1,(#1214,#1215),.UNSPECIFIED.,.F.,.F.,(2,2),(0.00000000000000000E0,1.00000000000000000E0),.UNSPECIFIED.);
#1217=DEFINITIONAL_REPRESENTATION('',(#1216),#1083);
#1218=PCURVE('',#193,#1217);
#1219=CARTESIAN_POINT('',(0.00000000000000000E0,1.00000000000000000E0));
#1220=CARTESIAN_POINT('',(0.00000000000000000E0,0.00000000000000000E0));
#1221=B_SPLINE_CURVE_WITH_KNOTS('',1,(#1219,#1220),.UNSPECIFIED.,.F.,.F.,(2,2),(0.00000000000000000E0,1.00000000000000000E0),.UNSPECIFIED.);
#1222=DEFINITIONAL_REPRESENTATION('',(#1221),#1083);
#1223=PCURVE('',#193,#1222);
#1224=CARTESIAN_POINT('',(0.00000000000000000E0,0.00000000000000000E0));
#1225=CARTESIAN_POINT('',(1.00000000000000000E0,0.00000000000000000E0));
#1226=B_SPLINE_CURVE_WITH_KNOTS('',1,(#1224,#1225),.UNSPECIFIED.,.F.,.F.,(2,2),(0.00000000000000000E0,1.00000000000000000E0),.UNSPECIFIED.);
#1227=DEFINITIONAL_REPRESENTATION('',(#1226),#1083);
#1228=PCURVE('',#200,#1227);
#1229=CARTESIAN_POINT('',(1.00000000000000000E0,0.00000000000000000E0));
#1230=CARTESIAN_POINT('',(1.00000000000000000E0,1.00000000000000000E0));
#1231=B_SPLINE_CURVE_WITH_KNOTS('',1,(#1229,#1230),.UNSPECIFIED.,.F.,.F.,(2,2),(0.00000000000000000E0,1.00000000000000000E0),.UNSPECIFIED.);
#1232=DEFINITIONAL_REPRESENTATION('',(#1231),#1083);
#1233=PCURVE('',#200,#1232);
#1234=CARTESIAN_POINT('',(1.00000000000000000E0,1.00000000000000000E0));
#1235=CARTESIAN_POINT('',(0.00000000000000000E0,1.00000000000000000E0));
#1236=B_SPLINE_CURVE_WITH_KNOTS('',1,(#1234,#1235),.UNSPECIFIED.,.F.,.F.,(2,2),(0.00000000000000000E0,1.00000000000000000E0),.UNSPECIFIED.);
#1237=DEFINITIONAL_REPRESENTATION('',(#1236),#1083);
#1238=PCURVE('',#200,#1237);
#1239=CARTESIAN_POINT('',(0.00000000000000000E0,1.00000000000000000E0));
#1240=CARTESIAN_POINT('',(0.00000000000000000E0,0.00000000000000000E0));
#1241=B_SPLINE_CURVE_WITH_KNOTS('',1,(#1239,#1240),.UNSPECIFIED.,.F.,.F.,(2,2),(0.00000000000000000E0,1.00000000000000000E0),.UNSPECIFIED.);
#1242=DEFINITIONAL_REPRESENTATION('',(#1241),#1083);
#1243=PCURVE('',#200,#1242);
#1244=CARTESIAN_POINT('',(0.00000000000000000E0,0.00000000000000000E0));
#1245=CARTESIAN_POINT('',(1.00000000000000000E0,0.00000000000000000E0));
#1246=B_SPLINE_CURVE_WITH_KNOTS('',1,(#1244,#1245),.UNSPECIFIED.,.F.,.F.,(2,2),(0.00000000000000000E0,1.00000000000000000E0),.UNSPECIFIED.);
#1247=DEFINITIONAL_REPRESENTATION('',(#1246),#1083);
#1248=PCURVE('',#207,#1247);
#1249=CARTESIAN_POINT('',(1.00000000000000000E0,0.00000000000000000E0));
#1250=CARTESIAN_POINT('',(1.00000000000000000E0,1.00000000000000000E0));
#1251=B_SPLINE_CURVE_WITH_KNOTS('',1,(#1249,#1250),.UNSPECIFIED.,.F.,.F.,(2,2),(0.00000000000000000E0,1.00000000000000000E0),.UNSPECIFIED.);
#1252=DEFINITIONAL_REPRESENTATION('',(#1251),#1083);
#1253=PCURVE('',#207,#1252);
#1254=CARTESIAN_POINT('',(1.00000000000000000E0,1.00000000000000000E0));
#1255=CARTESIAN_POINT('',(0.00000000000000000E0,1.00000000000000000E0));
#1256=B_SPLINE_CURVE_WITH_KNOTS('',1,(#1254,#1255),.UNSPECIFIED.,.F.,.F.,(2,2),(0.00000000000000000E0,1.00000000000000000E0),.UNSPECIFIED.);
#1257=DEFINITIONAL_REPRESENTATION('',(#1256),#1083);
#1258=PCURVE('',#207,#1257);
#1259=CARTESIAN_POINT('',(0.00000000000000000E0,1.00000000000000000E0));
#1260=CARTESIAN_POINT('',(0.00000000000000000E0,0.00000000000000000E0));
#1261=B_SPLINE_CURVE_WITH_KNOTS('',1,(#1259,#1260),.UNSPECIFIED.,.F.,.F.,(2,2),(0.00000000000000000E0,1.00000000000000000E0),.UNSPECIFIED.);
#1262=DEFINITIONAL_REPRESENTATION('',(#1261),#1083);
#1263=PCURVE('',#207,#1262);
#1264=CARTESIAN_POINT('',(0.00000000000000000E0,0.00000000000000000E0));
#1265=CARTESIAN_POINT('',(1.00000000000000000E0,0.00000000000000000E0));
#1266=B_SPLINE_CURVE_WITH_KNOTS('',1,(#1264,#1265),.UNSPECIFIED.,.F.,.F.,(2,2),(0.00000000000000000E0,1.00000000000000000E0),.UNSPECIFIED.);
#1267=DEFINITIONAL_REPRESENTATION('',(#1266),#1083);
#1268=PCURVE('',#214,#1267);
#1269=CARTESIAN_POINT('',(1.00000000000000000E0,0.00000000000000000E0));
#1270=CARTESIAN_POINT('',(1.00000000000000000E0,1.00000000000000000E0));
#1271=B_SPLINE_CURVE_WITH_KNOTS('',1,(#1269,#1270),.UNSPECIFIED.,.F.,.F.,(2,2),(0.00000000000000000E0,1.00000000000000000E0),.UNSPECIFIED.);
#1272=DEFINITIONAL_REPRESENTATION('',(#1271),#1083);
#1273=PCURVE('',#214,#1272);
#1274=CARTESIAN_POINT('',(1.00000000000000000E0,1.00000000000000000E0));
#1275=CARTESIAN_POINT('',(0.00000000000000000E0,1.00000000000000000E0));
#1276=B_SPLINE_CURVE_WITH_KNOTS('',1,(#1274,#1275),.UNSPECIFIED.,.F.,.F.,(2,2),(0.00000000000000000E0,1.00000000000000000E0),.UNSPECIFIED.);
#1277=DEFINITIONAL_REPRESENTATION('',(#1276),#1083);
#1278=PCURVE('',#214,#1277);
#1279=CARTESIAN_POINT('',(0.00000000000000000E0,1.00000000000000000E0));
#1280=CARTESIAN_POINT('',(0.00000000000000000E0,0.00000000000000000E0));
#1281=B_SPLINE_CURVE_WITH_KNOTS('',1,(#1279,#1280),.UNSPECIFIED.,.F.,.F.,(2,2),(0.00000000000000000E0,1.00000000000000000E0),.UNSPECIFIED.);
#1282=DEFINITIONAL_REPRESENTATION('',(#1281),#1083);
#1283=PCURVE('',#214,#1282);
#1284=CARTESIAN_POINT('',(0.00000000000000000E0,0.00000000000000000E0));
#1285=CARTESIAN_POINT('',(1.00000000000000000E0,0.00000000000000000E0));
#1286=B_SPLINE_CURVE_WITH_KNOTS('',1,(#1284,#1285),.UNSPECIFIED.,.F.,.F.,(2,2),(0.00000000000000000E0,1.00000000000000000E0),.UNSPECIFIED.);
#1287=DEFINITIONAL_REPRESENTATION('',(#1286),#1083);
#1288=PCURVE('',#221,#1287);
#1289=CARTESIAN_POINT('',(1.00000000000000000E0,0.00000000000000000E0));
#1290=CARTESIAN_POINT('',(1.00000000000000000E0,1.00000000000000000E0));
#1291=B_SPLINE_CURVE_WITH_KNOTS('',1,(#1289,#1290),.UNSPECIFIED.,.F.,.F.,(2,2),(0.00000000000000000E0,1.00000000000000000E0),.UNSPECIFIED.);
#1292=DEFINITIONAL_REPRESENTATION('',(#1291),#1083);
#1293=PCURVE('',#221,#1292);
#1294=CARTESIAN_POINT('',(1.00000000000000000E0,1.00000000000000000E0));
#1295=CARTESIAN_POINT('',(0.00000000000000000E0,1.00000000000000000E0));
#1296=B_SPLINE_CURVE_WITH_KNOTS('',1,(#1294,#1295),.UNSPECIFIED.,.F.,.F.,(2,2),(0.00000000000000000E0,1.00000000000000000E0),.UNSPECIFIED.);
#1297=DEFINITIONAL_REPRESENTATION('',(#1296),#1083);
#1298=PCURVE('',#221,#1297);
#1299=CARTESIAN_POINT('',(0.00000000000000000E0,1.00000000000000000E0));
#1300=CARTESIAN_POINT('',(0.00000000000000000E0,0.00000000000000000E0));
#1301=B_SPLINE_CURVE_WITH_KNOTS('',1,(#1299,#1300),.UNSPECIFIED.,.F.,.F.,(2,2),(0.00000000000000000E0,1.00000000000000000E0),.UNSPECIFIED.);
#1302=DEFINITIONAL_REPRESENTATION('',(#1301),#1083);
#1303=PCURVE('',#221,#1302);
#1304=CARTESIAN_POINT('',(0.00000000000000000E0,0.00000000000000000E0));
#1305=CARTESIAN_POINT('',(1.00000000000000000E0,0.00000000000000000E0));
#1306=B_SPLINE_CURVE_WITH_KNOTS('',1,(#1304,#1305),.UNSPECIFIED.,.F.,.F.,(2,2),(0.00000000000000000E0,1.00000000000000000E0),.UNSPECIFIED.);
#1307=DEFINITIONAL_REPRESENTATION('',(#1306),#1083);
#1308=PCURVE('',#228,#1307);
#1309=CARTESIAN_POINT('',(1.00000000000000000E0,0.00000000000000000E0));
#1310=CARTESIAN_POINT('',(1.00000000000000000E0,1.00000000000000000E0));
#1311=B_SPLINE_CURVE_WITH_KNOTS('',1,(#1309,#1310),.UNSPECIFIED.,.F.,.F.,(2,2),(0.00000000000000000E0,1.00000000000000000E0),.UNSPECIFIED.);
#1312=DEFINITIONAL_REPRESENTATION('',(#1311),#1083);
#1313=PCURVE('',#228,#1312);
#1314=CARTESIAN_POINT('',(1.00000000000000000E0,1.00000000000000000E0));
#1315=CARTESIAN_POINT('',(0.00000000000000000E0,1.00000000000000000E0));
#1316=B_SPLINE_CURVE_WITH_KNOTS('',1,(#1314,#1315),.UNSPECIFIED.,.F.,.F.,(2,2),(0.00000000000000000E0,1.00000000000000000E0),.UNSPECIFIED.);
#1317=DEFINITIONAL_REPRESENTATION('',(#1316),#1083);
#1318=PCURVE('',#228,#1317);
#1319=CARTESIAN_POINT('',(0.00000000000000000E0,1.00000000000000000E0));
#1320=CARTESIAN_POINT('',(0.00000000000000000E0,0.00000000000000000E0));
#1321=B_SPLINE_CURVE_WITH_KNOTS('',1,(#1319,#1320),.UNSPECIFIED.,.F.,.F.,(2,2),(0.00000000000000000E0,1.00000000000000000E0),.UNSPECIFIED.);
#1322=DEFINITIONAL_REPRESENTATION('',(#1321),#1083);
#1323=PCURVE('',#228,#1322);
#1324=CARTESIAN_POINT('',(0.00000000000000000E0,0.00000000000000000E0));
#1325=CARTESIAN_POINT('',(1.00000000000000000E0,0.00000000000000000E0));
#1326=B_SPLINE_CURVE_WITH_KNOTS('',1,(#1324,#1325),.UNSPECIFIED.,.F.,.F.,(2,2),(0.00000000000000000E0,1.00000000000000000E0),.UNSPECIFIED.);
#1327=DEFINITIONAL_REPRESENTATION('',(#1326),#1083);
#1328=PCURVE('',#235,#1327);
#1329=CARTESIAN_POINT('',(1.00000000000000000E0,0.00000000000000000E0));
#1330=CARTESIAN_POINT('',(1.00000000000000000E0,1.00000000000000000E0));
#1331=B_SPLINE_CURVE_WITH_KNOTS('',1,(#1329,#1330),.UNSPECIFIED.,.F.,.F.,(2,2),(0.00000000000000000E0,1.00000000000000000E0),.UNSPECIFIED.);
#1332=DEFINITIONAL_REPRESENTATION('',(#1331),#1083);
#1333=PCURVE('',#235,#1332);
#1334=CARTESIAN_POINT('',(1.00000000000000000E0,1.00000000000000000E0));
#1335=CARTESIAN_POINT('',(0.00000000000000000E0,1.00000000000000000E0));
#1336=B_SPLINE_CURVE_WITH_KNOTS('',1,(#1334,#1335),.UNSPECIFIED.,.F.,.F.,(2,2),(0.00000000000000000E0,1.00000000000000000E0),.UNSPECIFIED.);
#1337=DEFINITIONAL_REPRESENTATION('',(#1336),#1083);
#1338=PCURVE('',#235,#1337);
#1339=CARTESIAN_POINT('',(0.00000000000000000E0,1.00000000000000000E0));
#1340=CARTESIAN_POINT('',(0.00000000000000000E0,0.00000000000000000E0));
#1341=B_SPLINE_CURVE_WITH_KNOTS('',1,(#1339,#1340),.UNSPECIFIED.,.F.,.F.,(2,2),(0.00000000000000000E0,1.00000000000000000E0),.UNSPECIFIED.);
#1342=DEFINITIONAL_REPRESENTATION('',(#1341),#1083);
#1343=PCURVE('',#235,#1342);
#1344=CARTESIAN_POINT('',(0.00000000000000000E0,0.00000000000000000E0));
#1345=CARTESIAN_POINT('',(1.00000000000000000E0,0.00000000000000000E0));
#1346=B_SPLINE_CURVE_WITH_KNOTS('',1,(#1344,#1345),.UNSPECIFIED.,.F.,.F.,(2,2),(0.00000000000000000E0,1.00000000000000000E0),.UNSPECIFIED.);
#1347=DEFINITIONAL_REPRESENTATION('',(#1346),#1083);
#1348=PCURVE('',#242,#1347);
#1349=CARTESIAN_POINT('',(1.00000000000000000E0,0.00000000000000000E0));
#1350=CARTESIAN_POINT('',(1.00000000000000000E0,1.00000000000000000E0));
#1351=B_SPLINE_CURVE_WITH_KNOTS('',1,(#1349,#1350),.UNSPECIFIED.,.F.,.F.,(2,2),(0.00000000000000000E0,1.00000000000000000E0),.UNSPECIFIED.);
#1352=DEFINITIONAL_REPRESENTATION('',(#1351),#1083);
#1353=PCURVE('',#242,#1352);
#1354=CARTESIAN_POINT('',(1.00000000000000000E0,1.00000000000000000E0));
#1355=CARTESIAN_POINT('',(0.00000000000000000E0,1.00000000000000000E0));
#1356=B_SPLINE_CURVE_WITH_KNOTS('',1,(#1354,#1355),.UNSPECIFIED.,.F.,.F.,(2,2),(0.00000000000000000E0,1.00000000000000000E0),.UNSPECIFIED.);
#1357=DEFINITIONAL_REPRESENTATION('',(#1356),#1083);
#1358=PCURVE('',#242,#1357);
#1359=CARTESIAN_POINT('',(0.00000000000000000E0,1.00000000000000000E0));
#1360=CARTESIAN_POINT('',(0.00000000000000000E0,0.00000000000000000E0));
#1361=B_SPLINE_CURVE_WITH_KNOTS('',1,(#1359,#1360),.UNSPECIFIED.,.F.,.F.,(2,2),(0.00000000000000000E0,1.00000000000000000E0),.UNSPECIFIED.);
#1362=DEFINITIONAL_REPRESENTATION('',(#1361),#1083);
#1363=PCURVE('',#242,#1362);
#1364=CARTESIAN_POINT('',(0.00000000000000000E0,0.00000000000000000E0));
#1365=CARTESIAN_POINT('',(1.00000000000000000E0,0.00000000000000000E0));
#1366=B_SPLINE_CURVE_WITH_KNOTS('',1,(#1364,#1365),.UNSPECIFIED.,.F.,.F.,(2,2),(0.00000000000000000E0,1.00000000000000000E0),.UNSPECIFIED.);
#1367=DEFINITIONAL_REPRESENTATION('',(#1366),#1083);
#1368=PCURVE('',#249,#1367);
#1369=CARTESIAN_POINT('',(1.00000000000000000E0,0.00000000000000000E0));
#1370=CARTESIAN_POINT('',(1.00000000000000000E0,1.00000000000000000E0));
#1371=B_SPLINE_CURVE_WITH_KNOTS('',1,(#1369,#1370),.UNSPECIFIED.,.F.,.F.,(2,2),(0.00000000000000000E0,1.00000000000000000E0),.UNSPECIFIED.);
#1372=DEFINITIONAL_REPRESENTATION('',(#1371),#1083);
#1373=PCURVE('',#249,#1372);
#1374=CARTESIAN_POINT('',(1.00000000000000000E0,1.00000000000000000E0));
#1375=CARTESIAN_POINT('',(0.00000000000000000E0,1.00000000000000000E0));
#1376=B_SPLINE_CURVE_WITH_KNOTS('',1,(#1374,#1375),.UNSPECIFIED.,.F.,.F.,(2,2),(0.00000000000000000E0,1.00000000000000000E0),.UNSPECIFIED.);
#1377=DEFINITIONAL_REPRESENTATION('',(#1376),#1083);
#1378=PCURVE('',#249,#1377);
#1379=CARTESIAN_POINT('',(0.00000000000000000E0,1.00000000000000000E0));
#1380=CARTESIAN_POINT('',(0.00000000000000000E0,0.00000000000000000E0));
#1381=B_SPLINE_CURVE_WITH_KNOTS('',1,(#1379,#1380),.UNSPECIFIED.,.F.,.F.,(2,2),(0.00000000000000000E0,1.00000000000000000E0),.UNSPECIFIED.);
#1382=DEFINITIONAL_REPRESENTATION('',(#1381),#1083);
#1383=PCURVE('',#249,#1382);
#1384=CARTESIAN_POINT('',(0.00000000000000000E0,0.00000000000000000E0));
#1385=CARTESIAN_POINT('',(1.00000000000000000E0,0.00000000000000000E0));
#1386=B_SPLINE_CURVE_WITH_KNOTS('',1,(#1384,#1385),.UNSPECIFIED.,.F.,.F.,(2,2),(0.00000000000000000E0,1.00000000000000000E0),.UNSPECIFIED.);
#1387=DEFINITIONAL_REPRESENTATION('',(#1386),#1083);
#1388=PCURVE('',#256,#1387);
#1389=CARTESIAN_POINT('',(1.00000000000000000E0,0.00000000000000000E0));
#1390=CARTESIAN_POINT('',(1.00000000000000000E0,1.00000000000000000E0));
#1391=B_SPLINE_CURVE_WITH_KNOTS('',1,(#1389,#1390),.UNSPECIFIED.,.F.,.F.,(2,2),(0.00000000000000000E0,1.00000000000000000E0),.UNSPECIFIED.);
#1392=DEFINITIONAL_REPRESENTATION('',(#1391),#1083);
#1393=PCURVE('',#256,#1392);
#1394=CARTESIAN_POINT('',(1.00000000000000000E0,1.00000000000000000E0));
#1395=CARTESIAN_POINT('',(0.00000000000000000E0,1.00000000000000000E0));
#1396=B_SPLINE_CURVE_WITH_KNOTS('',1,(#1394,#1395),.UNSPECIFIED.,.F.,.F.,(2,2),(0.00000000000000000E0,1.00000000000000000E0),.UNSPECIFIED.);
#1397=DEFINITIONAL_REPRESENTATION('',(#1396),#1083);
#1398=PCURVE('',#256,#1397);
#1399=CARTESIAN_POINT('',(0.00000000000000000E0,1.00000000000000000E0));
#1400=CARTESIAN_POINT('',(0.00000000000000000E0,0.00000000000000000E0));
#1401=B_SPLINE_CURVE_WITH_KNOTS('',1,(#1399,#1400),.UNSPECIFIED.,.F.,.F.,(2,2),(0.00000000000000000E0,1.00000000000000000E0),.UNSPECIFIED.);
#1402=DEFINITIONAL_REPRESENTATION('',(#1401),#1083);
#1403=PCURVE('',#256,#1402);
#1404=CARTESIAN_POINT('',(0.00000000000000000E0,0.00000000000000000E0));
#1405=CARTESIAN_POINT('',(1.00000000000000000E0,0.00000000000000000E0));
#1406=B_SPLINE_CURVE_WITH_KNOTS('',1,(#1404,#1405),.UNSPECIFIED.,.F.,.F.,(2,2),(0.00000000000000000E0,1.00000000000000000E0),.UNSPECIFIED.);
#1407=DEFINITIONAL_REPRESENTATION('',(#1406),#1083);
#1408=PCURVE('',#263,#1407);
#1409=CARTESIAN_POINT('',(1.00000000000000000E0,0.00000000000000000E0));
#1410=CARTESIAN_POINT('',(1.00000000000000000E0,1.00000000000000000E0));
#1411=B_SPLINE_CURVE_WITH_KNOTS('',1,(#1409,#1410),.UNSPECIFIED.,.F.,.F.,(2,2),(0.00000000000000000E0,1.00000000000000000E0),.UNSPECIFIED.);
#1412=DEFINITIONAL_REPRESENTATION('',(#1411),#1083);
#1413=PCURVE('',#263,#1412);
#1414=CARTESIAN_POINT('',(1.00000000000000000E0,1.00000000000000000E0));
#1415=CARTESIAN_POINT('',(0.00000000000000000E0,1.00000000000000000E0));
#1416=B_SPLINE_CURVE_WITH_KNOTS('',1,(#1414,#1415),.UNSPECIFIED.,.F.,.F.,(2,2),(0.00000000000000000E0,1.00000000000000000E0),.UNSPECIFIED.);
#1417=DEFINITIONAL_REPRESENTATION('',(#1416),#1083);
#1418=PCURVE('',#263,#1417);
#1419=CARTESIAN_POINT('',(0.00000000000000000E0,1.00000000000000000E0));
#1420=CARTESIAN_POINT('',(0.00000000000000000E0,0.00000000000000000E0));
#1421=B_SPLINE_CURVE_WITH_KNOTS('',1,(#1419,#1420),.UNSPECIFIED.,.F.,.F.,(2,2),(0.00000000000000000E0,1.00000000000000000E0),.UNSPECIFIED.);
#1422=DEFINITIONAL_REPRESENTATION('',(#1421),#1083);
#1423=PCURVE('',#263,#1422);
#1424=CARTESIAN_POINT('',(0.00000000000000000E0,0.00000000000000000E0));
#1425=CARTESIAN_POINT('',(1.00000000000000000E0,0.00000000000000000E0));
#1426=B_SPLINE_CURVE_WITH_KNOTS('',1,(#1424,#1425),.UNSPECIFIED.,.F.,.F.,(2,2),(0.00000000000000000E0,1.00000000000000000E0),.UNSPECIFIED.);
#1427=DEFINITIONAL_REPRESENTATION('',(#1426),#1083);
#1428=PCURVE('',#270,#1427);
#1429=CARTESIAN_POINT('',(1.00000000000000000E0,0.00000000000000000E0));
#1430=CARTESIAN_POINT('',(1.00000000000000000E0,1.00000000000000000E0));
#1431=B_SPLINE_CURVE_WITH_KNOTS('',1,(#1429,#1430),.UNSPECIFIED.,.F.,.F.,(2,2),(0.00000000000000000E0,1.00000000000000000E0),.UNSPECIFIED.);
#1432=DEFINITIONAL_REPRESENTATION('',(#1431),#1083);
#1433=PCURVE('',#270,#1432);
#1434=CARTESIAN_POINT('',(1.00000000000000000E0,1.00000000000000000E0));
#1435=CARTESIAN_POINT('',(0.00000000000000000E0,1.00000000000000000E0));
#1436=B_SPLINE_CURVE_WITH_KNOTS('',1,(#1434,#1435),.UNSPECIFIED.,.F.,.F.,(2,2),(0.00000000000000000E0,1.00000000000000000E0),.UNSPECIFIED.);
#1437=DEFINITIONAL_REPRESENTATION('',(#1436),#1083);
#1438=PCURVE('',#270,#1437);
#1439=CARTESIAN_POINT('',(0.00000000000000000E0,1.00000000000000000E0));
#1440=CARTESIAN_POINT('',(0.00000000000000000E0,0.00000000000000000E0));
#1441=B_SPLINE_CURVE_WITH_KNOTS('',1,(#1439,#1440),.UNSPECIFIED.,.F.,.F.,(2,2),(0.00000000000000000E0,1.00000000000000000E0),.UNSPECIFIED.);
#1442=DEFINITIONAL_REPRESENTATION('',(#1441),#1083);
#1443=PCURVE('',#270,#1442);
#1444=CARTESIAN_POINT('',(0.00000000000000000E0,0.00000000000000000E0));
#1445=CARTESIAN_POINT('',(1.00000000000000000E0,0.00000000000000000E0));
#1446=B_SPLINE_CURVE_WITH_KNOTS('',1,(#1444,#1445),.UNSPECIFIED.,.F.,.F.,(2,2),(0.00000000000000000E0,1.00000000000000000E0),.UNSPECIFIED.);
#1447=DEFINITIONAL_REPRESENTATION('',(#1446),#1083);
#1448=PCURVE('',#277,#1447);
#1449=CARTESIAN_POINT('',(1.00000000000000000E0,0.00000000000000000E0));
#1450=CARTESIAN_POINT('',(1.00000000000000000E0,1.00000000000000000E0));
#1451=B_SPLINE_CURVE_WITH_KNOTS('',1,(#1449,#1450),.UNSPECIFIED.,.F.,.F.,(2,2),(0.00000000000000000E0,1.00000000000000000E0),.UNSPECIFIED.);
#1452=DEFINITIONAL_REPRESENTATION('',(#1451),#1083);
#1453=PCURVE('',#277,#1452);
#1454=CARTESIAN_POINT('',(1.00000000000000000E0,1.00000000000000000E0));
#1455=CARTESIAN_POINT('',(0.00000000000000000E0,1.00000000000000000E0));
#1456=B_SPLINE_CURVE_WITH_KNOTS('',1,(#1454,#1455),.UNSPECIFIED.,.F.,.F.,(2,2),(0.00000000000000000E0,1.00000000000000000E0),.UNSPECIFIED.);
#1457=DEFINITIONAL_REPRESENTATION('',(#1456),#1083);
#1458=PCURVE('',#277,#1457);
#1459=CARTESIAN_POINT('',(0.00000000000000000E0,1.00000000000000000E0));
#1460=CARTESIAN_POINT('',(0.00000000000000000E0,0.00000000000000000E0));
#1461=B_SPLINE_CURVE_WITH_KNOTS('',1,(#1459,#1460),.UNSPECIFIED.,.F.,.F.,(2,2),(0.00000000000000000E0,1.00000000000000000E0),.UNSPECIFIED.);
#1462=DEFINITIONAL_REPRESENTATION('',(#1461),#1083);
#1463=PCURVE('',#277,#1462);
#1464=CARTESIAN_POINT('',(0.00000000000000000E0,0.00000000000000000E0));
#1465=CARTESIAN_POINT('',(1.00000000000000000E0,0.00000000000000000E0));
#1466=B_SPLINE_CURVE_WITH_KNOTS('',1,(#1464,#1465),.UNSPECIFIED.,.F.,.F.,(2,2),(0.00000000000000000E0,1.00000000000000000E0),.UNSPECIFIED.);
#1467=DEFINITIONAL_REPRESENTATION('',(#1466),#1083);
#1468=PCURVE('',#284,#1467);
#1469=CARTESIAN_POINT('',(1.00000000000000000E0,0.00000000000000000E0));
#1470=CARTESIAN_POINT('',(1.00000000000000000E0,1.00000000000000000E0));
#1471=B_SPLINE_CURVE_WITH_KNOTS('',1,(#1469,#1470),.UNSPECIFIED.,.F.,.F.,(2,2),(0.00000000000000000E0,1.00000000000000000E0),.UNSPECIFIED.);
#1472=DEFINITIONAL_REPRESENTATION('',(#1471),#1083);
#1473=PCURVE('',#284,#1472);
#1474=CARTESIAN_POINT('',(1.00000000000000000E0,1.00000000000000000E0));
#1475=CARTESIAN_POINT('',(0.00000000000000000E0,1.00000000000000000E0));
#1476=B_SPLINE_CURVE_WITH_KNOTS('',1,(#1474,#1475),.UNSPECIFIED.,.F.,.F.,(2,2),(0.00000000000000000E0,1.00000000000000000E0),.UNSPECIFIED.);
#1477=DEFINITIONAL_REPRESENTATION('',(#1476),#1083);
#1478=PCURVE('',#284,#1477);
#1479=CARTESIAN_POINT('',(0.00000000000000000E0,1.00000000000000000E0));
#1480=CARTESIAN_POINT('',(0.00000000000000000E0,0.00000000000000000E0));
#1481=B_SPLINE_CURVE_WITH_KNOTS('',1,(#1479,#1480),.UNSPECIFIED.,.F.,.F.,(2,2),(0.00000000000000000E0,1.00000000000000000E0),.UNSPECIFIED.);
#1482=DEFINITIONAL_REPRESENTATION('',(#1481),#1083);
#1483=PCURVE('',#284,#1482);
#1484=CARTESIAN_POINT('',(0.00000000000000000E0,0.00000000000000000E0));
#1485=CARTESIAN_POINT('',(1.00000000000000000E0,0.00000000000000000E0));
#1486=B_SPLINE_CURVE_WITH_KNOTS('',1,(#1484,#1485),.UNSPECIFIED.,.F.,.F.,(2,2),(0.00000000000000000E0,1.00000000000000000E0),.UNSPECIFIED.);
#1487=DEFINITIONAL_REPRESENTATION('',(#1486),#1083);
#1488=PCURVE('',#291,#1487);
#1489=CARTESIAN_POINT('',(1.00000000000000000E0,0.00000000000000000E0));
#1490=CARTESIAN_POINT('',(1.00000000000000000E0,1.00000000000000000E0));
#1491=B_SPLINE_CURVE_WITH_KNOTS('',1,(#1489,#1490),.UNSPECIFIED.,.F.,.F.,(2,2),(0.00000000000000000E0,1.00000000000000000E0),.UNSPECIFIED.);
#1492=DEFINITIONAL_REPRESENTATION('',(#1491),#1083);
#1493=PCURVE('',#291,#1492);
#1494=CARTESIAN_POINT('',(1.00000000000000000E0,1.00000000000000000E0));
#1495=CARTESIAN_POINT('',(0.00000000000000000E0,1.00000000000000000E0));
#1496=B_SPLINE_CURVE_WITH_KNOTS('',1,(#1494,#1495),.UNSPECIFIED.,.F.,.F.,(2,2),(0.00000000000000000E0,1.00000000000000000E0),.UNSPECIFIED.);
#1497=DEFINITIONAL_REPRESENTATION('',(#1496),#1083);
#1498=PCURVE('',#291,#1497);
#1499=CARTESIAN_POINT('',(0.00000000000000000E0,1.00000000000000000E0));
#1500=CARTESIAN_POINT('',(0.00000000000000000E0,0.00000000000000000E0));
#1501=B_SPLINE_CURVE_WITH_KNOTS('',1,(#1499,#1500),.UNSPECIFIED.,.F.,.F.,(2,2),(0.00000000000000000E0,1.00000000000000000E0),.UNSPECIFIED.);
#1502=DEFINITIONAL_REPRESENTATION('',(#1501),#1083);
#1503=PCURVE('',#291,#1502);
#1504=CARTESIAN_POINT('',(0.00000000000000000E0,0.00000000000000000E0));
#1505=CARTESIAN_POINT('',(1.00000000000000000E0,0.00000000000000000E0));
#1506=B_SPLINE_CURVE_WITH_KNOTS('',1,(#1504,#1505),.UNSPECIFIED.,.F.,.F.,(2,2),(0.00000000000000000E0,1.00000000000000000E0),.UNSPECIFIED.);
#1507=DEFINITIONAL_REPRESENTATION('',(#1506),#1083);
#1508=PCURVE('',#298,#1507);
#1509=CARTESIAN_POINT('',(1.00000000000000000E0,0.00000000000000000E0));
#1510=CARTESIAN_POINT('',(1.00000000000000000E0,1.00000000000000000E0));
#1511=B_SPLINE_CURVE_WITH_KNOTS('',1,(#1509,#1510),.UNSPECIFIED.,.F.,.F.,(2,2),(0.00000000000000000E0,1.00000000000000000E0),.UNSPECIFIED.);
#1512=DEFINITIONAL_REPRESENTATION('',(#1511),#1083);
#1513=PCURVE('',#298,#1512);
#1514=CARTESIAN_POINT('',(1.00000000000000000E0,1.00000000000000000E0));
#1515=CARTESIAN_POINT('',(0.00000000000000000E0,1.00000000000000000E0));
#1516=B_SPLINE_CURVE_WITH_KNOTS('',1,(#1514,#1515),.UNSPECIFIED.,.F.,.F.,(2,2),(0.00000000000000000E0,1.00000000000000000E0),.UNSPECIFIED.);
#1517=DEFINITIONAL_REPRESENTATION('',(#1516),#1083);
#1518=PCURVE('',#298,#1517);
#1519=CARTESIAN_POINT('',(0.00000000000000000E0,1.00000000000000000E0));
#1520=CARTESIAN_POINT('',(0.00000000000000000E0,0.00000000000000000E0));
#1521=B_SPLINE_CURVE_WITH_KNOTS('',1,(#1519,#1520),.UNSPECIFIED.,.F.,.F.,(2,2),(0.00000000000000000E0,1.00000000000000000E0),.UNSPECIFIED.);
#1522=DEFINITIONAL_REPRESENTATION('',(#1521),#1083);
#1523=PCURVE('',#298,#1522);
#1524=CARTESIAN_POINT('',(0.00000000000000000E0,0.00000000000000000E0));
#1525=CARTESIAN_POINT('',(1.00000000000000000E0,0.00000000000000000E0));
#1526=B_SPLINE_CURVE_WITH_KNOTS('',1,(#1524,#1525),.UNSPECIFIED.,.F.,.F.,(2,2),(0.00000000000000000E0,1.00000000000000000E0),.UNSPECIFIED.);
#1527=DEFINITIONAL_REPRESENTATION('',(#1526),#1083);
#1528=PCURVE('',#305,#1527);
#1529=CARTESIAN_POINT('',(1.00000000000000000E0,0.00000000000000000E0));
#1530=CARTESIAN_POINT('',(1.00000000000000000E0,1.00000000000000000E0));
#1531=B_SPLINE_CURVE_WITH_KNOTS('',1,(#1529,#1530),.UNSPECIFIED.,.F.,.F.,(2,2),(0.00000000000000000E0,1.00000000000000000E0),.UNSPECIFIED.);
#1532=DEFINITIONAL_REPRESENTATION('',(#1531),#1083);
#1533=PCURVE('',#305,#1532);
#1534=CARTESIAN_POINT('',(1.00000000000000000E0,1.00000000000000000E0));
#1535=CARTESIAN_POINT('',(0.00000000000000000E0,1.00000000000000000E0));
#1536=B_SPLINE_CURVE_WITH_KNOTS('',1,(#1534,#1535),.UNSPECIFIED.,.F.,.F.,(2,2),(0.00000000000000000E0,1.00000000000000000E0),.UNSPECIFIED.);
#1537=DEFINITIONAL_REPRESENTATION('',(#1536),#1083);
#1538=PCURVE('',#305,#1537);
#1539=CARTESIAN_POINT('',(0.00000000000000000E0,1.00000000000000000E0));
#1540=CARTESIAN_POINT('',(0.00000000000000000E0,0.00000000000000000E0));
#1541=B_SPLINE_CURVE_WITH_KNOTS('',1,(#1539,#1540),.UNSPECIFIED.,.F.,.F.,(2,2),(0.00000000000000000E0,1.00000000000000000E0),.UNSPECIFIED.);
#1542=DEFINITIONAL_REPRESENTATION('',(#1541),#1083);
#1543=PCURVE('',#305,#1542);
#1544=CARTESIAN_POINT('',(0.00000000000000000E0,0.00000000000000000E0));
#1545=CARTESIAN_POINT('',(1.00000000000000000E0,0.00000000000000000E0));
#1546=B_SPLINE_CURVE_WITH_KNOTS('',1,(#1544,#1545),.UNSPECIFIED.,.F.,.F.,(2,2),(0.00000000000000000E0,1.00000000000000000E0),.UNSPECIFIED.);
#1547=DEFINITIONAL_REPRESENTATION('',(#1546),#1083);
#1548=PCURVE('',#312,#1547);
#1549=CARTESIAN_POINT('',(1.00000000000000000E0,0.00000000000000000E0));
#1550=CARTESIAN_POINT('',(1.00000000000000000E0,1.00000000000000000E0));
#1551=B_SPLINE_CURVE_WITH_KNOTS('',1,(#1549,#1550),.UNSPECIFIED.,.F.,.F.,(2,2),(0.00000000000000000E0,1.00000000000000000E0),.UNSPECIFIED.);
#1552=DEFINITIONAL_REPRESENTATION('',(#1551),#1083);
#1553=PCURVE('',#312,#1552);
#1554=CARTESIAN_POINT('',(1.00000000000000000E0,1.00000000000000000E0));
#1555=CARTESIAN_POINT('',(0.00000000000000000E0,1.00000000000000000E0));
#1556=B_SPLINE_CURVE_WITH_KNOTS('',1,(#1554,#1555),.UNSPECIFIED.,.F.,.F.,(2,2),(0.00000000000000000E0,1.00000000000000000E0),.UNSPECIFIED.);
#1557=DEFINITIONAL_REPRESENTATION('',(#1556),#1083);
#1558=PCURVE('',#312,#1557);
#1559=CARTESIAN_POINT('',(0.00000000000000000E0,1.00000000000000000E0));
#1560=CARTESIAN_POINT('',(0.00000000000000000E0,0.00000000000000000E0));
#1561=B_SPLINE_CURVE_WITH_KNOTS('',1,(#1559,#1560),.UNSPECIFIED.,.F.,.F.,(2,2),(0.00000000000000000E0,1.00000000000000000E0),.UNSPECIFIED.);
#1562=DEFINITIONAL_REPRESENTATION('',(#1561),#1083);
#1563=PCURVE('',#312,#1562);
#1564=CARTESIAN_POINT('',(0.00000000000000000E0,0.00000000000000000E0));
#1565=CARTESIAN_POINT('',(1.00000000000000000E0,0.00000000000000000E0));
#1566=B_SPLINE_CURVE_WITH_KNOTS('',1,(#1564,#1565),.UNSPECIFIED.,.F.,.F.,(2,2),(0.00000000000000000E0,1.00000000000000000E0),.UNSPECIFIED.);
#1567=DEFINITIONAL_REPRESENTATION('',(#1566),#1083);
#1568=PCURVE('',#319,#1567);
#1569=CARTESIAN_POINT('',(1.00000000000000000E0,0.00000000000000000E0));
#1570=CARTESIAN_POINT('',(1.00000000000000000E0,1.00000000000000000E0));
#1571=B_SPLINE_CURVE_WITH_KNOTS('',1,(#1569,#1570),.UNSPECIFIED.,.F.,.F.,(2,2),(0.00000000000000000E0,1.00000000000000000E0),.UNSPECIFIED.);
#1572=DEFINITIONAL_REPRESENTATION('',(#1571),#1083);
#1573=PCURVE('',#319,#1572);
#1574=CARTESIAN_POINT('',(1.00000000000000000E0,1.00000000000000000E0));
#1575=CARTESIAN_POINT('',(0.00000000000000000E0,1.00000000000000000E0));
#1576=B_SPLINE_CURVE_WITH_KNOTS('',1,(#1574,#1575),.UNSPECIFIED.,.F.,.F.,(2,2),(0.00000000000000000E0,1.00000000000000000E0),.UNSPECIFIED.);
#1577=DEFINITIONAL_REPRESENTATION('',(#1576),#1083);
#1578=PCURVE('',#319,#1577);
#1579=CARTESIAN_POINT('',(0.00000000000000000E0,1.00000000000000000E0));
#1580=CARTESIAN_POINT('',(0.00000000000000000E0,0.00000000000000000E0));
#1581=B_SPLINE_CURVE_WITH_KNOTS('',1,(#1579,#1580),.UNSPECIFIED.,.F.,.F.,(2,2),(0.00000000000000000E0,1.00000000000000000E0),.UNSPECIFIED.);
#1582=DEFINITIONAL_REPRESENTATION('',(#1581),#1083);
#1583=PCURVE('',#319,#1582);
#1584=CARTESIAN_POINT('',(0.00000000000000000E0,0.00000000000000000E0));
#1585=CARTESIAN_POINT('',(1.00000000000000000E0,0.00000000000000000E0));
#1586=B_SPLINE_CURVE_WITH_KNOTS('',1,(#1584,#1585),.UNSPECIFIED.,.F.,.F.,(2,2),(0.00000000000000000E0,1.00000000000000000E0),.UNSPECIFIED.);
#1587=DEFINITIONAL_REPRESENTATION('',(#1586),#1083);
#1588=PCURVE('',#326,#1587);
#1589=CARTESIAN_POINT('',(1.00000000000000000E0,0.00000000000000000E0));
#1590=CARTESIAN_POINT('',(1.00000000000000000E0,1.00000000000000000E0));
#1591=B_SPLINE_CURVE_WITH_KNOTS('',1,(#1589,#1590),.UNSPECIFIED.,.F.,.F.,(2,2),(0.00000000000000000E0,1.00000000000000000E0),.UNSPECIFIED.);
#1592=DEFINITIONAL_REPRESENTATION('',(#1591),#1083);
#1593=PCURVE('',#326,#1592);
#1594=CARTESIAN_POINT('',(1.00000000000000000E0,1.00000000000000000E0));
#1595=CARTESIAN_POINT('',(0.00000000000000000E0,1.00000000000000000E0));
#1596=B_SPLINE_CURVE_WITH_KNOTS('',1,(#1594,#1595),.UNSPECIFIED.,.F.,.F.,(2,2),(0.00000000000000000E0,1.00000000000000000E0),.UNSPECIFIED.);
#1597=DEFINITIONAL_REPRESENTATION('',(#1596),#1083);
#1598=PCURVE('',#326,#1597);
#1599=CARTESIAN_POINT('',(0.00000000000000000E0,1.00000000000000000E0));
#1600=CARTESIAN_POINT('',(0.00000000000000000E0,0.00000000000000000E0));
#1601=B_SPLINE_CURVE_WITH_KNOTS('',1,(#1599,#1600),.UNSPECIFIED.,.F.,.F.,(2,2),(0.00000000000000000E0,1.00000000000000000E0),.UNSPECIFIED.);
#1602=DEFINITIONAL_REPRESENTATION('',(#1601),#1083);
#1603=PCURVE('',#326,#1602);
#1604=CARTESIAN_POINT('',(0.00000000000000000E0,0.00000000000000000E0));
#1605=CARTESIAN_POINT('',(1.00000000000000000E0,0.00000000000000000E0));
#1606=B_SPLINE_CURVE_WITH_KNOTS('',1,(#1604,#1605),.UNSPECIFIED.,.F.,.F.,(2,2),(0.00000000000000000E0,1.00000000000000000E0),.UNSPECIFIED.);
#1607=DEFINITIONAL_REPRESENTATION('',(#1606),#1083);
#1608=PCURVE('',#333,#1607);
#1609=CARTESIAN_POINT('',(1.00000000000000000E0,0.00000000000000000E0));
#1610=CARTESIAN_POINT('',(1.00000000000000000E0,1.00000000000000000E0));
#1611=B_SPLINE_CURVE_WITH_KNOTS('',1,(#1609,#1610),.UNSPECIFIED.,.F.,.F.,(2,2),(0.00000000000000000E0,1.00000000000000000E0),.UNSPECIFIED.);
#1612=DEFINITIONAL_REPRESENTATION('',(#1611),#1083);
#1613=PCURVE('',#333,#1612);
#1614=CARTESIAN_POINT('',(1.00000000000000000E0,1.00000000000000000E0));
#1615=CARTESIAN_POINT('',(0.00000000000000000E0,1.00000000000000000E0));
#1616=B_SPLINE_CURVE_WITH_KNOTS('',1,(#1614,#1615),.UNSPECIFIED.,.F.,.F.,(2,2),(0.00000000000000000E0,1.00000000000000000E0),.UNSPECIFIED.);
#1617=DEFINITIONAL_REPRESENTATION('',(#1616),#1083);
#1618=PCURVE('',#333,#1617);
#1619=CARTESIAN_POINT('',(0.00000000000000000E0,1.00000000000000000E0));
#1620=CARTESIAN_POINT('',(0.00000000000000000E0,0.00000000000000000E0));
#1621=B_SPLINE_CURVE_WITH_KNOTS('',1,(#1619,#1620),.UNSPECIFIED.,.F.,.F.,(2,2),(0.00000000000000000E0,1.00000000000000000E0),.UNSPECIFIED.);
#1622=DEFINITIONAL_REPRESENTATION('',(#1621),#1083);
#1623=PCURVE('',#333,#1622);
#1624=CARTESIAN_POINT('',(0.00000000000000000E0,0.00000000000000000E0));
#1625=CARTESIAN_POINT('',(1.00000000000000000E0,0.00000000000000000E0));
#1626=B_SPLINE_CURVE_WITH_KNOTS('',1,(#1624,#1625),.UNSPECIFIED.,.F.,.F.,(2,2),(0.00000000000000000E0,1.00000000000000000E0),.UNSPECIFIED.);
#1627=DEFINITIONAL_REPRESENTATION('',(#1626),#1083);
#1628=PCURVE('',#340,#1627);
#1629=CARTESIAN_POINT('',(1.00000000000000000E0,0.00000000000000000E0));
#1630=CARTESIAN_POINT('',(1.00000000000000000E0,1.00000000000000000E0));
#1631=B_SPLINE_CURVE_WITH_KNOTS('',1,(#1629,#1630),.UNSPECIFIED.,.F.,.F.,(2,2),(0.00000000000000000E0,1.00000000000000000E0),.UNSPECIFIED.);
#1632=DEFINITIONAL_REPRESENTATION('',(#1631),#1083);
#1633=PCURVE('',#340,#1632);
#1634=CARTESIAN_POINT('',(1.00000000000000000E0,1.00000000000000000E0));
#1635=CARTESIAN_POINT('',(0.00000000000000000E0,1.00000000000000000E0));
#1636=B_SPLINE_CURVE_WITH_KNOTS('',1,(#1634,#1635),.UNSPECIFIED.,.F.,.F.,(2,2),(0.00000000000000000E0,1.00000000000000000E0),.UNSPECIFIED.);
#1637=DEFINITIONAL_REPRESENTATION('',(#1636),#1083);
#1638=PCURVE('',#340,#1637);
#1639=CARTESIAN_POINT('',(0.00000000000000000E0,1.00000000000000000E0));
#1640=CARTESIAN_POINT('',(0.00000000000000000E0,0.00000000000000000E0));
#1641=B_SPLINE_CURVE_WITH_KNOTS('',1,(#1639,#1640),.UNSPECIFIED.,.F.,.F.,(2,2),(0.00000000000000000E0,1.00000000000000000E0),.UNSPECIFIED.);
#1642=DEFINITIONAL_REPRESENTATION('',(#1641),#1083);
#1643=PCURVE('',#340,#1642);
#1644=CARTESIAN_POINT('',(0.00000000000000000E0,0.00000000000000000E0));
#1645=CARTESIAN_POINT('',(1.00000000000000000E0,0.00000000000000000E0));
#1646=B_SPLINE_CURVE_WITH_KNOTS('',1,(#1644,#1645),.UNSPECIFIED.,.F.,.F.,(2,2),(0.00000000000000000E0,1.00000000000000000E0),.UNSPECIFIED.);
#1647=DEFINITIONAL_REPRESENTATION('',(#1646),#1083);
#1648=PCURVE('',#347,#1647);
#1649=CARTESIAN_POINT('',(1.00000000000000000E0,0.00000000000000000E0));
#1650=CARTESIAN_POINT('',(1.00000000000000000E0,1.00000000000000000E0));
#1651=B_SPLINE_CURVE_WITH_KNOTS('',1,(#1649,#1650),.UNSPECIFIED.,.F.,.F.,(2,2),(0.00000000000000000E0,1.00000000000000000E0),.UNSPECIFIED.);
#1652=DEFINITIONAL_REPRESENTATION('',(#1651),#1083);
#1653=PCURVE('',#347,#1652);
#1654=CARTESIAN_POINT('',(1.00000000000000000E0,1.00000000000000000E0));
#1655=CARTESIAN_POINT('',(0.00000000000000000E0,1.00000000000000000E0));
#1656=B_SPLINE_CURVE_WITH_KNOTS('',1,(#1654,#1655),.UNSPECIFIED.,.F.,.F.,(2,2),(0.00000000000000000E0,1.00000000000000000E0),.UNSPECIFIED.);
#1657=DEFINITIONAL_REPRESENTATION('',(#1656),#1083);
#1658=PCURVE('',#347,#1657);
#1659=CARTESIAN_POINT('',(0.00000000000000000E0,1.00000000000000000E0));
#1660=CARTESIAN_POINT('',(0.00000000000000000E0,0.00000000000000000E0));
#1661=B_SPLINE_CURVE_WITH_KNOTS('',1,(#1659,#1660),.UNSPECIFIED.,.F.,.F.,(2,2),(0.00000000000000000E0,1.00000000000000000E0),.UNSPECIFIED.);
#1662=DEFINITIONAL_REPRESENTATION('',(#1661),#1083);
#1663=PCURVE('',#347,#1662);
#1664=CARTESIAN_POINT('',(0.00000000000000000E0,0.00000000000000000E0));
#1665=CARTESIAN_POINT('',(1.00000000000000000E0,0.00000000000000000E0));
#1666=B_SPLINE_CURVE_WITH_KNOTS('',1,(#1664,#1665),.UNSPECIFIED.,.F.,.F.,(2,2),(0.00000000000000000E0,1.00000000000000000E0),.UNSPECIFIED.);
#1667=DEFINITIONAL_REPRESENTATION('',(#1666),#1083);
#1668=PCURVE('',#354,#1667);
#1669=CARTESIAN_POINT('',(1.00000000000000000E0,0.00000000000000000E0));
#1670=CARTESIAN_POINT('',(1.00000000000000000E0,1.00000000000000000E0));
#1671=B_SPLINE_CURVE_WITH_KNOTS('',1,(#1669,#1670),.UNSPECIFIED.,.F.,.F.,(2,2),(0.00000000000000000E0,1.00000000000000000E0),.UNSPECIFIED.);
#1672=DEFINITIONAL_REPRESENTATION('',(#1671),#1083);
#1673=PCURVE('',#354,#1672);
#1674=CARTESIAN_POINT('',(1.00000000000000000E0,1.00000000000000000E0));
#1675=CARTESIAN_POINT('',(0.00000000000000000E0,1.00000000000000000E0));
#1676=B_SPLINE_CURVE_WITH_KNOTS('',1,(#1674,#1675),.UNSPECIFIED.,.F.,.F.,(2,2),(0.00000000000000000E0,1.00000000000000000E0),.UNSPECIFIED.);
#1677=DEFINITIONAL_REPRESENTATION('',(#1676),#1083);
#1678=PCURVE('',#354,#1677);
#1679=CARTESIAN_POINT('',(0.00000000000000000E0,1.00000000000000000E0));
#1680=CARTESIAN_POINT('',(0.00000000000000000E0,0.00000000000000000E0));
#1681=B_SPLINE_CURVE_WITH_KNOTS('',1,(#1679,#1680),.UNSPECIFIED.,.F.,.F.,(2,2),(0.00000000000000000E0,1.00000000000000000E0),.UNSPECIFIED.);
#1682=DEFINITIONAL_REPRESENTATION('',(#1681),#1083);
#1683=PCURVE('',#354,#1682);
#1684=CARTESIAN_POINT('',(0.00000000000000000E0,0.00000000000000000E0));
#1685=CARTESIAN_POINT('',(1.00000000000000000E0,0.00000000000000000E0));
#1686=B_SPLINE_CURVE_WITH_KNOTS('',1,(#1684,#1685),.UNSPECIFIED.,.F.,.F.,(2,2),(0.00000000000000000E0,1.00000000000000000E0),.UNSPECIFIED.);
#1687=DEFINITIONAL_REPRESENTATION('',(#1686),#1083);
#1688=PCURVE('',#361,#1687);
#1689=CARTESIAN_POINT('',(1.00000000000000000E0,0.00000000000000000E0));
#1690=CARTESIAN_POINT('',(1.00000000000000000E0,1.00000000000000000E0));
#1691=B_SPLINE_CURVE_WITH_KNOTS('',1,(#1689,#1690),.UNSPECIFIED.,.F.,.F.,(2,2),(0.00000000000000000E0,1.00000000000000000E0),.UNSPECIFIED.);
#1692=DEFINITIONAL_REPRESENTATION('',(#1691),#1083);
#1693=PCURVE('',#361,#1692);
#1694=CARTESIAN_POINT('',(1.00000000000000000E0,1.00000000000000000E0));
#1695=CARTESIAN_POINT('',(0.00000000000000000E0,1.00000000000000000E0));
#1696=B_SPLINE_CURVE_WITH_KNOTS('',1,(#1694,#1695),.UNSPECIFIED.,.F.,.F.,(2,2),(0.00000000000000000E0,1.00000000000000000E0),.UNSPECIFIED.);
#1697=DEFINITIONAL_REPRESENTATION('',(#1696),#1083);
#1698=PCURVE('',#361,#1697);
#1699=CARTESIAN_POINT('',(0.00000000000000000E0,1.00000000000000000E0));
#1700=CARTESIAN_POINT('',(0.00000000000000000E0,0.00000000000000000E0));
#1701=B_SPLINE_CURVE_WITH_KNOTS('',1,(#1699,#1700),.UNSPECIFIED.,.F.,.F.,(2,2),(0.00000000000000000E0,1.00000000000000000E0),.UNSPECIFIED.);
#1702=DEFINITIONAL_REPRESENTATION('',(#1701),#1083);
#1703=PCURVE('',#361,#1702);
#1704=CARTESIAN_POINT('',(0.00000000000000000E0,0.00000000000000000E0));
#1705=CARTESIAN_POINT('',(1.00000000000000000E0,0.00000000000000000E0));
#1706=B_SPLINE_CURVE_WITH_KNOTS('',1,(#1704,#1705),.UNSPECIFIED.,.F.,.F.,(2,2),(0.00000000000000000E0,1.00000000000000000E0),.UNSPECIFIED.);
#1707=DEFINITIONAL_REPRESENTATION('',(#1706),#1083);
#1708=PCURVE('',#368,#1707);
#1709=CARTESIAN_POINT('',(1.00000000000000000E0,0.00000000000000000E0));
#1710=CARTESIAN_POINT('',(1.00000000000000000E0,1.00000000000000000E0));
#1711=B_SPLINE_CURVE_WITH_KNOTS('',1,(#1709,#1710),.UNSPECIFIED.,.F.,.F.,(2,2),(0.00000000000000000E0,1.00000000000000000E0),.UNSPECIFIED.);
#1712=DEFINITIONAL_REPRESENTATION('',(#1711),#1083);
#1713=PCURVE('',#368,#1712);
#1714=CARTESIAN_POINT('',(1.00000000000000000E0,1.00000000000000000E0));
#1715=CARTESIAN_POINT('',(0.00000000000000000E0,1.00000000000000000E0));
#1716=B_SPLINE_CURVE_WITH_KNOTS('',1,(#1714,#1715),.UNSPECIFIED.,.F.,.F.,(2,2),(0.00000000000000000E0,1.00000000000000000E0),.UNSPECIFIED.);
#1717=DEFINITIONAL_REPRESENTATION('',(#1716),#1083);
#1718=PCURVE('',#368,#1717);
#1719=CARTESIAN_POINT('',(0.00000000000000000E0,1.00000000000000000E0));
#1720=CARTESIAN_POINT('',(0.00000000000000000E0,0.00000000000000000E0));
#1721=B_SPLINE_CURVE_WITH_KNOTS('',1,(#1719,#1720),.UNSPECIFIED.,.F.,.F.,(2,2),(0.00000000000000000E0,1.00000000000000000E0),.UNSPECIFIED.);
#1722=DEFINITIONAL_REPRESENTATION('',(#1721),#1083);
#1723=PCURVE('',#368,#1722);
#1724=CARTESIAN_POINT('',(0.00000000000000000E0,0.00000000000000000E0));
#1725=CARTESIAN_POINT('',(1.00000000000000000E0,0.00000000000000000E0));
#1726=B_SPLINE_CURVE_WITH_KNOTS('',1,(#1724,#1725),.UNSPECIFIED.,.F.,.F.,(2,2),(0.00000000000000000E0,1.00000000000000000E0),.UNSPECIFIED.);
#1727=DEFINITIONAL_REPRESENTATION('',(#1726),#1083);
#1728=PCURVE('',#375,#1727);
#1729=CARTESIAN_POINT('',(1.00000000000000000E0,0.00000000000000000E0));
#1730=CARTESIAN_POINT('',(1.00000000000000000E0,1.00000000000000000E0));
#1731=B_SPLINE_CURVE_WITH_KNOTS('',1,(#1729,#1730),.UNSPECIFIED.,.F.,.F.,(2,2),(0.00000000000000000E0,1.00000000000000000E0),.UNSPECIFIED.);
#1732=DEFINITIONAL_REPRESENTATION('',(#1731),#1083);
#1733=PCURVE('',#375,#1732);
#1734=CARTESIAN_POINT('',(1.00000000000000000E0,1.00000000000000000E0));
#1735=CARTESIAN_POINT('',(0.00000000000000000E0,1.00000000000000000E0));
#1736=B_SPLINE_CURVE_WITH_KNOTS('',1,(#1734,#1735),.UNSPECIFIED.,.F.,.F.,(2,2),(0.00000000000000000E0,1.00000000000000000E0),.UNSPECIFIED.);
#1737=DEFINITIONAL_REPRESENTATION('',(#1736),#1083);
#1738=PCURVE('',#375,#1737);
#1739=CARTESIAN_POINT('',(0.00000000000000000E0,1.00000000000000000E0));
#1740=CARTESIAN_POINT('',(0.00000000000000000E0,0.00000000000000000E0));
#1741=B_SPLINE_CURVE_WITH_KNOTS('',1,(#1739,#1740),.UNSPECIFIED.,.F.,.F.,(2,2),(0.00000000000000000E0,1.00000000000000000E0),.UNSPECIFIED.);
#1742=DEFINITIONAL_REPRESENTATION('',(#1741),#1083);
#1743=PCURVE('',#375,#1742);
#1744=CARTESIAN_POINT('',(0.00000000000000000E0,0.00000000000000000E0));
#1745=CARTESIAN_POINT('',(1.00000000000000000E0,0.00000000000000000E0));
#1746=B_SPLINE_CURVE_WITH_KNOTS('',1,(#1744,#1745),.UNSPECIFIED.,.F.,.F.,(2,2),(0.00000000000000000E0,1.00000000000000000E0),.UNSPECIFIED.);
#1747=DEFINITIONAL_REPRESENTATION('',(#1746),#1083);
#1748=PCURVE('',#382,#1747);
#1749=CARTESIAN_POINT('',(1.00000000000000000E0,0.00000000000000000E0));
#1750=CARTESIAN_POINT('',(1.00000000000000000E0,1.00000000000000000E0));
#1751=B_SPLINE_CURVE_WITH_KNOTS('',1,(#1749,#1750),.UNSPECIFIED.,.F.,.F.,(2,2),(0.00000000000000000E0,1.00000000000000000E0),.UNSPECIFIED.);
#1752=DEFINITIONAL_REPRESENTATION('',(#1751),#1083);
#1753=PCURVE('',#382,#1752);
#1754=CARTESIAN_POINT('',(1.00000000000000000E0,1.00000000000000000E0));
#1755=CARTESIAN_POINT('',(0.00000000000000000E0,1.00000000000000000E0));
#1756=B_SPLINE_CURVE_WITH_KNOTS('',1,(#1754,#1755),.UNSPECIFIED.,.F.,.F.,(2,2),(0.00000000000000000E0,1.00000000000000000E0),.UNSPECIFIED.);
#1757=DEFINITIONAL_REPRESENTATION('',(#1756),#1083);
#1758=PCURVE('',#382,#1757);
#1759=CARTESIAN_POINT('',(0.00000000000000000E0,1.00000000000000000E0));
#1760=CARTESIAN_POINT('',(0.00000000000000000E0,0.00000000000000000E0));
#1761=B_SPLINE_CURVE_WITH_KNOTS('',1,(#1759,#1760),.UNSPECIFIED.,.F.,.F.,(2,2),(0.00000000000000000E0,1.00000000000000000E0),.UNSPECIFIED.);
#1762=DEFINITIONAL_REPRESENTATION('',(#1761),#1083);
#1763=PCURVE('',#382,#1762);
#1764=CARTESIAN_POINT('',(0.00000000000000000E0,0.00000000000000000E0));
#1765=CARTESIAN_POINT('',(1.00000000000000000E0,0.00000000000000000E0));
#1766=B_SPLINE_CURVE_WITH_KNOTS('',1,(#1764,#1765),.UNSPECIFIED.,.F.,.F.,(2,2),(0.00000000000000000E0,1.00000000000000000E0),.UNSPECIFIED.);
#1767=DEFINITIONAL_REPRESENTATION('',(#1766),#1083);
#1768=PCURVE('',#389,#1767);
#1769=CARTESIAN_POINT('',(1.00000000000000000E0,0.00000000000000000E0));
#1770=CARTESIAN_POINT('',(1.00000000000000000E0,1.00000000000000000E0));
#1771=B_SPLINE_CURVE_WITH_KNOTS('',1,(#1769,#1770),.UNSPECIFIED.,.F.,.F.,(2,2),(0.00000000000000000E0,1.00000000000000000E0),.UNSPECIFIED.);
#1772=DEFINITIONAL_REPRESENTATION('',(#1771),#1083);
#1773=PCURVE('',#389,#1772);
#1774=CARTESIAN_POINT('',(1.00000000000000000E0,1.00000000000000000E0));
#1775=CARTESIAN_POINT('',(0.00000000000000000E0,1.00000000000000000E0));
#1776=B_SPLINE_CURVE_WITH_KNOTS('',1,(#1774,#1775),.UNSPECIFIED.,.F.,.F.,(2,2),(0.00000000000000000E0,1.00000000000000000E0),.UNSPECIFIED.);
#1777=DEFINITIONAL_REPRESENTATION('',(#1776),#1083);
#1778=PCURVE('',#389,#1777);
#1779=CARTESIAN_POINT('',(0.00000000000000000E0,1.00000000000000000E0));
#1780=CARTESIAN_POINT('',(0.00000000000000000E0,0.00000000000000000E0));
#1781=B_SPLINE_CURVE_WITH_KNOTS('',1,(#1779,#1780),.UNSPECIFIED.,.F.,.F.,(2,2),(0.00000000000000000E0,1.00000000000000000E0),.UNSPECIFIED.);
#1782=DEFINITIONAL_REPRESENTATION('',(#1781),#1083);
#1783=PCURVE('',#389,#1782);
#1784=CARTESIAN_POINT('',(0.00000000000000000E0,0.00000000000000000E0));
#1785=CARTESIAN_POINT('',(1.00000000000000000E0,0.00000000000000000E0));
#1786=B_SPLINE_CURVE_WITH_KNOTS('',1,(#1784,#1785),.UNSPECIFIED.,.F.,.F.,(2,2),(0.00000000000000000E0,1.00000000000000000E0),.UNSPECIFIED.);
#1787=DEFINITIONAL_REPRESENTATION('',(#1786),#1083);
#1788=PCURVE('',#396,#1787);
#1789=CARTESIAN_POINT('',(1.00000000000000000E0,0.00000000000000000E0));
#1790=CARTESIAN_POINT('',(1.00000000000000000E0,1.00000000000000000E0));
#1791=B_SPLINE_CURVE_WITH_KNOTS('',1,(#1789,#1790),.UNSPECIFIED.,.F.,.F.,(2,2),(0.00000000000000000E0,1.00000000000000000E0),.UNSPECIFIED.);
#1792=DEFINITIONAL_REPRESENTATION('',(#1791),#1083);
#1793=PCURVE('',#396,#1792);
#1794=CARTESIAN_POINT('',(1.00000000000000000E0,1.00000000000000000E0));
#1795=CARTESIAN_POINT('',(0.00000000000000000E0,1.00000000000000000E0));
#1796=B_SPLINE_CURVE_WITH_KNOTS('',1,(#1794,#1795),.UNSPECIFIED.,.F.,.F.,(2,2),(0.00000000000000000E0,1.00000000000000000E0),.UNSPECIFIED.);
#1797=DEFINITIONAL_REPRESENTATION('',(#1796),#1083);
#1798=PCURVE('',#396,#1797);
#1799=CARTESIAN_POINT('',(0.00000000000000000E0,1.00000000000000000E0));
#1800=CARTESIAN_POINT('',(0.00000000000000000E0,0.00000000000000000E0));
#1801=B_SPLINE_CURVE_WITH_KNOTS('',1,(#1799,#1800),.UNSPECIFIED.,.F.,.F.,(2,2),(0.00000000000000000E0,1.00000000000000000E0),.UNSPECIFIED.);
#1802=DEFINITIONAL_REPRESENTATION('',(#1801),#1083);
#1803=PCURVE('',#396,#1802);
#1804=CARTESIAN_POINT('',(0.00000000000000000E0,0.00000000000000000E0));
#1805=CARTESIAN_POINT('',(1.00000000000000000E0,0.00000000000000000E0));
#1806=B_SPLINE_CURVE_WITH_KNOTS('',1,(#1804,#1805),.UNSPECIFIED.,.F.,.F.,(2,2),(0.00000000000000000E0,1.00000000000000000E0),.UNSPECIFIED.);
#1807=DEFINITIONAL_REPRESENTATION('',(#1806),#1083);
#1808=PCURVE('',#403,#1807);
#1809=CARTESIAN_POINT('',(1.00000000000000000E0,0.00000000000000000E0));
#1810=CARTESIAN_POINT('',(1.00000000000000000E0,1.00000000000000000E0));
#1811=B_SPLINE_CURVE_WITH_KNOTS('',1,(#1809,#1810),.UNSPECIFIED.,.F.,.F.,(2,2),(0.00000000000000000E0,1.00000000000000000E0),.UNSPECIFIED.);
#1812=DEFINITIONAL_REPRESENTATION('',(#1811),#1083);
#1813=PCURVE('',#403,#1812);
#1814=CARTESIAN_POINT('',(1.00000000000000000E0,1.00000000000000000E0));
#1815=CARTESIAN_POINT('',(0.00000000000000000E0,1.00000000000000000E0));
#1816=B_SPLINE_CURVE_WITH_KNOTS('',1,(#1814,#1815),.UNSPECIFIED.,.F.,.F.,(2,2),(0.00000000000000000E0,1.00000000000000000E0),.UNSPECIFIED.);
#1817=DEFINITIONAL_REPRESENTATION('',(#1816),#1083);
#1818=PCURVE('',#403,#1817);
#1819=CARTESIAN_POINT('',(0.00000000000000000E0,1.00000000000000000E0));
#1820=CARTESIAN_POINT('',(0.00000000000000000E0,0.00000000000000000E0));
#1821=B_SPLINE_CURVE_WITH_KNOTS('',1,(#1819,#1820),.UNSPECIFIED.,.F.,.F.,(2,2),(0.00000000000000000E0,1.00000000000000000E0),.UNSPECIFIED.);
#1822=DEFINITIONAL_REPRESENTATION('',(#1821),#1083);
#1823=PCURVE('',#403,#1822);
#1824=CARTESIAN_POINT('',(0.00000000000000000E0,0.00000000000000000E0));
#1825=CARTESIAN_POINT('',(1.00000000000000000E0,0.00000000000000000E0));
#1826=B_SPLINE_CURVE_WITH_KNOTS('',1,(#1824,#1825),.UNSPECIFIED.,.F.,.F.,(2,2),(0.00000000000000000E0,1.00000000000000000E0),.UNSPECIFIED.);
#1827=DEFINITIONAL_REPRESENTATION('',(#1826),#1083);
#1828=PCURVE('',#410,#1827);
#1829=CARTESIAN_POINT('',(1.00000000000000000E0,0.00000000000000000E0));
#1830=CARTESIAN_POINT('',(1.00000000000000000E0,1.00000000000000000E0));
#1831=B_SPLINE_CURVE_WITH_KNOTS('',1,(#1829,#1830),.UNSPECIFIED.,.F.,.F.,(2,2),(0.00000000000000000E0,1.00000000000000000E0),.UNSPECIFIED.);
#1832=DEFINITIONAL_REPRESENTATION('',(#1831),#1083);
#1833=PCURVE('',#410,#1832);
#1834=CARTESIAN_POINT('',(1.00000000000000000E0,1.00000000000000000E0));
#1835=CARTESIAN_POINT('',(0.00000000000000000E0,1.00000000000000000E0));
#1836=B_SPLINE_CURVE_WITH_KNOTS('',1,(#1834,#1835),.UNSPECIFIED.,.F.,.F.,(2,2),(0.00000000000000000E0,1.00000000000000000E0),.UNSPECIFIED.);
#1837=DEFINITIONAL_REPRESENTATION('',(#1836),#1083);
#1838=PCURVE('',#410,#1837);
#1839=CARTESIAN_POINT('',(0.00000000000000000E0,1.00000000000000000E0));
#1840=CARTESIAN_POINT('',(0.00000000000000000E0,0.00000000000000000E0));
#1841=B_SPLINE_CURVE_WITH_KNOTS('',1,(#1839,#1840),.UNSPECIFIED.,.F.,.F.,(2,2),(0.00000000000000000E0,1.00000000000000000E0),.UNSPECIFIED.);
#1842=DEFINITIONAL_REPRESENTATION('',(#1841),#1083);
#1843=PCURVE('',#410,#1842);
#1844=CARTESIAN_POINT('',(0.00000000000000000E0,0.00000000000000000E0));
#1845=CARTESIAN_POINT('',(1.00000000000000000E0,0.00000000000000000E0));
#1846=B_SPLINE_CURVE_WITH_KNOTS('',1,(#1844,#1845),.UNSPECIFIED.,.F.,.F.,(2,2),(0.00000000000000000E0,1.00000000000000000E0),.UNSPECIFIED.);
#1847=DEFINITIONAL_REPRESENTATION('',(#1846),#1083);
#1848=PCURVE('',#417,#1847);
#1849=CARTESIAN_POINT('',(1.00000000000000000E0,0.00000000000000000E0));
#1850=CARTESIAN_POINT('',(1.00000000000000000E0,1.00000000000000000E0));
#1851=B_SPLINE_CURVE_WITH_KNOTS('',1,(#1849,#1850),.UNSPECIFIED.,.F.,.F.,(2,2),(0.00000000000000000E0,1.00000000000000000E0),.UNSPECIFIED.);
#1852=DEFINITIONAL_REPRESENTATION('',(#1851),#1083);
#1853=PCURVE('',#417,#1852);
#1854=CARTESIAN_POINT('',(1.00000000000000000E0,1.00000000000000000E0));
#1855=CARTESIAN_POINT('',(0.00000000000000000E0,1.00000000000000000E0));
#1856=B_SPLINE_CURVE_WITH_KNOTS('',1,(#1854,#1855),.UNSPECIFIED.,.F.,.F.,(2,2),(0.00000000000000000E0,1.00000000000000000E0),.UNSPECIFIED.);
#1857=DEFINITIONAL_REPRESENTATION('',(#1856),#1083);
#1858=PCURVE('',#417,#1857);
#1859=CARTESIAN_POINT('',(0.00000000000000000E0,1.00000000000000000E0));
#1860=CARTESIAN_POINT('',(0.00000000000000000E0,0.00000000000000000E0));
#1861=B_SPLINE_CURVE_WITH_KNOTS('',1,(#1859,#1860),.UNSPECIFIED.,.F.,.F.,(2,2),(0.00000000000000000E0,1.00000000000000000E0),.UNSPECIFIED.);
#1862=DEFINITIONAL_REPRESENTATION('',(#1861),#1083);
#1863=PCURVE('',#417,#1862);
#1864=CARTESIAN_POINT('',(0.00000000000000000E0,0.00000000000000000E0));
#1865=CARTESIAN_POINT('',(1.00000000000000000E0,0.00000000000000000E0));
#1866=B_SPLINE_CURVE_WITH_KNOTS('',1,(#1864,#1865),.UNSPECIFIED.,.F.,.F.,(2,2),(0.00000000000000000E0,1.00000000000000000E0),.UNSPECIFIED.);
#1867=DEFINITIONAL_REPRESENTATION('',(#1866),#1083);
#1868=PCURVE('',#424,#1867);
#1869=CARTESIAN_POINT('',(1.00000000000000000E0,0.00000000000000000E0));
#1870=CARTESIAN_POINT('',(1.00000000000000000E0,1.00000000000000000E0));
#1871=B_SPLINE_CURVE_WITH_KNOTS('',1,(#1869,#1870),.UNSPECIFIED.,.F.,.F.,(2,2),(0.00000000000000000E0,1.00000000000000000E0),.UNSPECIFIED.);
#1872=DEFINITIONAL_REPRESENTATION('',(#1871),#1083);
#1873=PCURVE('',#424,#1872);
#1874=CARTESIAN_POINT('',(1.00000000000000000E0,1.00000000000000000E0));
#1875=CARTESIAN_POINT('',(0.00000000000000000E0,1.00000000000000000E0));
#1876=B_SPLINE_CURVE_WITH_KNOTS('',1,(#1874,#1875),.UNSPECIFIED.,.F.,.F.,(2,2),(0.00000000000000000E0,1.00000000000000000E0),.UNSPECIFIED.);
#1877=DEFINITIONAL_REPRESENTATION('',(#1876),#1083);
#1878=PCURVE('',#424,#1877);
#1879=CARTESIAN_POINT('',(0.00000000000000000E0,1.00000000000000000E0));
#1880=CARTESIAN_POINT('',(0.00000000000000000E0,0.00000000000000000E0));
#1881=B_SPLINE_CURVE_WITH_KNOTS('',1,(#1879,#1880),.UNSPECIFIED.,.F.,.F.,(2,2),(0.00000000000000000E0,1.00000000000000000E0),.UNSPECIFIED.);
#1882=DEFINITIONAL_REPRESENTATION('',(#1881),#1083);
#1883=PCURVE('',#424,#1882);
#1884=CARTESIAN_POINT('',(0.00000000000000000E0,0.00000000000000000E0));
#1885=CARTESIAN_POINT('',(1.00000000000000000E0,0.00000000000000000E0));
#1886=B_SPLINE_CURVE_WITH_KNOTS('',1,(#1884,#1885),.UNSPECIFIED.,.F.,.F.,(2,2),(0.00000000000000000E0,1.00000000000000000E0),.UNSPECIFIED.);
#1887=DEFINITIONAL_REPRESENTATION('',(#1886),#1083);
#1888=PCURVE('',#431,#1887);
#1889=CARTESIAN_POINT('',(1.00000000000000000E0,0.00000000000000000E0));
#1890=CARTESIAN_POINT('',(1.00000000000000000E0,1.00000000000000000E0));
#1891=B_SPLINE_CURVE_WITH_KNOTS('',1,(#1889,#1890),.UNSPECIFIED.,.F.,.F.,(2,2),(0.00000000000000000E0,1.00000000000000000E0),.UNSPECIFIED.);
#1892=DEFINITIONAL_REPRESENTATION('',(#1891),#1083);
#1893=PCURVE('',#431,#1892);
#1894=CARTESIAN_POINT('',(1.00000000000000000E0,1.00000000000000000E0));
#1895=CARTESIAN_POINT('',(0.00000000000000000E0,1.00000000000000000E0));
#1896=B_SPLINE_CURVE_WITH_KNOTS('',1,(#1894,#1895),.UNSPECIFIED.,.F.,.F.,(2,2),(0.00000000000000000E0,1.00000000000000000E0),.UNSPECIFIED.);
#1897=DEFINITIONAL_REPRESENTATION('',(#1896),#1083);
#1898=PCURVE('',#431,#1897);
#1899=CARTESIAN_POINT('',(0.00000000000000000E0,1.00000000000000000E0));
#1900=CARTESIAN_POINT('',(0.00000000000000000E0,0.00000000000000000E0));
#1901=B_SPLINE_CURVE_WITH_KNOTS('',1,(#1899,#1900),.UNSPECIFIED.,.F.,.F.,(2,2),(0.00000000000000000E0,1.00000000000000000E0),.UNSPECIFIED.);
#1902=DEFINITIONAL_REPRESENTATION('',(#1901),#1083);
#1903=PCURVE('',#431,#1902);
#1904=CARTESIAN_POINT('',(0.00000000000000000E0,0.00000000000000000E0));
#1905=CARTESIAN_POINT('',(1.00000000000000000E0,0.00000000000000000E0));
#1906=B_SPLINE_CURVE_WITH_KNOTS('',1,(#1904,#1905),.UNSPECIFIED.,.F.,.F.,(2,2),(0.00000000000000000E0,1.00000000000000000E0),.UNSPECIFIED.);
#1907=DEFINITIONAL_REPRESENTATION('',(#1906),#1083);
#1908=PCURVE('',#438,#1907);
#1909=CARTESIAN_POINT('',(1.00000000000000000E0,0.00000000000000000E0));
#1910=CARTESIAN_POINT('',(1.00000000000000000E0,1.00000000000000000E0));
#1911=B_SPLINE_CURVE_WITH_KNOTS('',1,(#1909,#1910),.UNSPECIFIED.,.F.,.F.,(2,2),(0.00000000000000000E0,1.00000000000000000E0),.UNSPECIFIED.);
#1912=DEFINITIONAL_REPRESENTATION('',(#1911),#1083);
#1913=PCURVE('',#438,#1912);
#1914=CARTESIAN_POINT('',(1.00000000000000000E0,1.00000000000000000E0));
#1915=CARTESIAN_POINT('',(0.00000000000000000E0,1.00000000000000000E0));
#1916=B_SPLINE_CURVE_WITH_KNOTS('',1,(#1914,#1915),.UNSPECIFIED.,.F.,.F.,(2,2),(0.00000000000000000E0,1.00000000000000000E0),.UNSPECIFIED.);
#1917=DEFINITIONAL_REPRESENTATION('',(#1916),#1083);
#1918=PCURVE('',#438,#1917);
#1919=CARTESIAN_POINT('',(0.00000000000000000E0,1.00000000000000000E0));
#1920=CARTESIAN_POINT('',(0.00000000000000000E0,0.00000000000000000E0));
#1921=B_SPLINE_CURVE_WITH_KNOTS('',1,(#1919,#1920),.UNSPECIFIED.,.F.,.F.,(2,2),(0.00000000000000000E0,1.00000000000000000E0),.UNSPECIFIED.);
#1922=DEFINITIONAL_REPRESENTATION('',(#1921),#1083);
#1923=PCURVE('',#438,#1922);
#1924=CARTESIAN_POINT('',(0.00000000000000000E0,0.00000000000000000E0));
#1925=CARTESIAN_POINT('',(1.00000000000000000E0,0.00000000000000000E0));
#1926=B_SPLINE_CURVE_WITH_KNOTS('',1,(#1924,#1925),.UNSPECIFIED.,.F.,.F.,(2,2),(0.00000000000000000E0,1.00000000000000000E0),.UNSPECIFIED.);
#1927=DEFINITIONAL_REPRESENTATION('',(#1926),#1083);
#1928=PCURVE('',#445,#1927);
#1929=CARTESIAN_POINT('',(1.00000000000000000E0,0.00000000000000000E0));
#1930=CARTESIAN_POINT('',(1.00000000000000000E0,1.00000000000000000E0));
#1931=B_SPLINE_CURVE_WITH_KNOTS('',1,(#1929,#1930),.UNSPECIFIED.,.F.,.F.,(2,2),(0.00000000000000000E0,1.00000000000000000E0),.UNSPECIFIED.);
#1932=DEFINITIONAL_REPRESENTATION('',(#1931),#1083);
#1933=PCURVE('',#445,#1932);
#1934=CARTESIAN_POINT('',(1.00000000000000000E0,1.00000000000000000E0));
#1935=CARTESIAN_POINT('',(0.00000000000000000E0,1.00000000000000000E0));
#1936=B_SPLINE_CURVE_WITH_KNOTS('',1,(#1934,#1935),.UNSPECIFIED.,.F.,.F.,(2,2),(0.00000000000000000E0,1.00000000000000000E0),.UNSPECIFIED.);
#1937=DEFINITIONAL_REPRESENTATION('',(#1936),#1083);
#1938=PCURVE('',#445,#1937);
#1939=CARTESIAN_POINT('',(0.00000000000000000E0,1.00000000000000000E0));
#1940=CARTESIAN_POINT('',(0.00000000000000000E0,0.00000000000000000E0));
#1941=B_SPLINE_CURVE_WITH_KNOTS('',1,(#1939,#1940),.UNSPECIFIED.,.F.,.F.,(2,2),(0.00000000000000000E0,1.00000000000000000E0),.UNSPECIFIED.);
#1942=DEFINITIONAL_REPRESENTATION('',(#1941),#1083);
#1943=PCURVE('',#445,#1942);
#1944=CARTESIAN_POINT('',(0.00000000000000000E0,0.00000000000000000E0));
#1945=CARTESIAN_POINT('',(1.00000000000000000E0,0.00000000000000000E0));
#1946=B_SPLINE_CURVE_WITH_KNOTS('',1,(#1944,#1945),.UNSPECIFIED.,.F.,.F.,(2,2),(0.00000000000000000E0,1.00000000000000000E0),.UNSPECIFIED.);
#1947=DEFINITIONAL_REPRESENTATION('',(#1946),#1083);
#1948=PCURVE('',#452,#1947);
#1949=CARTESIAN_POINT('',(1.00000000000000000E0,0.00000000000000000E0));
#1950=CARTESIAN_POINT('',(1.00000000000000000E0,1.00000000000000000E0));
#1951=B_SPLINE_CURVE_WITH_KNOTS('',1,(#1949,#1950),.UNSPECIFIED.,.F.,.F.,(2,2),(0.00000000000000000E0,1.00000000000000000E0),.UNSPECIFIED.);
#1952=DEFINITIONAL_REPRESENTATION('',(#1951),#1083);
#1953=PCURVE('',#452,#1952);
#1954=CARTESIAN_POINT('',(1.00000000000000000E0,1.00000000000000000E0));
#1955=CARTESIAN_POINT('',(0.00000000000000000E0,1.00000000000000000E0));
#1956=B_SPLINE_CURVE_WITH_KNOTS('',1,(#1954,#1955),.UNSPECIFIED.,.F.,.F.,(2,2),(0.00000000000000000E0,1.00000000000000000E0),.UNSPECIFIED.);
#1957=DEFINITIONAL_REPRESENTATION('',(#1956),#1083);
#1958=PCURVE('',#452,#1957);
#1959=CARTESIAN_POINT('',(0.00000000000000000E0,1.00000000000000000E0));
#1960=CARTESIAN_POINT('',(0.00000000000000000E0,0.00000000000000000E0));
#1961=B_SPLINE_CURVE_WITH_KNOTS('',1,(#1959,#1960),.UNSPECIFIED.,.F.,.F.,(2,2),(0.00000000000000000E0,1.00000000000000000E0),.UNSPECIFIED.);
#1962=DEFINITIONAL_REPRESENTATION('',(#1961),#1083);
#1963=PCURVE('',#452,#1962);
#1964=CARTESIAN_POINT('',(0.00000000000000000E0,0.00000000000000000E0));
#1965=CARTESIAN_POINT('',(1.00000000000000000E0,0.00000000000000000E0));
#1966=B_SPLINE_CURVE_WITH_KNOTS('',1,(#1964,#1965),.UNSPECIFIED.,.F.,.F.,(2,2),(0.00000000000000000E0,1.00000000000000000E0),.UNSPECIFIED.);
#1967=DEFINITIONAL_REPRESENTATION('',(#1966),#1083);
#1968=PCURVE('',#459,#1967);
#1969=CARTESIAN_POINT('',(1.00000000000000000E0,0.00000000000000000E0));
#1970=CARTESIAN_POINT('',(1.00000000000000000E0,1.00000000000000000E0));
#1971=B_SPLINE_CURVE_WITH_KNOTS('',1,(#1969,#1970),.UNSPECIFIED.,.F.,.F.,(2,2),(0.00000000000000000E0,1.00000000000000000E0),.UNSPECIFIED.);
#1972=DEFINITIONAL_REPRESENTATION('',(#1971),#1083);
#1973=PCURVE('',#459,#1972);
#1974=CARTESIAN_POINT('',(1.00000000000000000E0,1.00000000000000000E0));
#1975=CARTESIAN_POINT('',(0.00000000000000000E0,1.00000000000000000E0));
#1976=B_SPLINE_CURVE_WITH_KNOTS('',1,(#1974,#1975),.UNSPECIFIED.,.F.,.F.,(2,2),(0.00000000000000000E0,1.00000000000000000E0),.UNSPECIFIED.);
#1977=DEFINITIONAL_REPRESENTATION('',(#1976),#1083);
#1978=PCURVE('',#459,#1977);
#1979=CARTESIAN_POINT('',(0.00000000000000000E0,1.00000000000000000E0));
#1980=CARTESIAN_POINT('',(0.00000000000000000E0,0.00000000000000000E0));
#1981=B_SPLINE_CURVE_WITH_KNOTS('',1,(#1979,#1980),.UNSPECIFIED.,.F.,.F.,(2,2),(0.00000000000000000E0,1.00000000000000000E0),.UNSPECIFIED.);
#1982=DEFINITIONAL_REPRESENTATION('',(#1981),#1083);
#1983=PCURVE('',#459,#1982);
#1984=CARTESIAN_POINT('',(0.00000000000000000E0,0.00000000000000000E0));
#1985=CARTESIAN_POINT('',(1.00000000000000000E0,0.00000000000000000E0));
#1986=B_SPLINE_CURVE_WITH_KNOTS('',1,(#1984,#1985),.UNSPECIFIED.,.F.,.F.,(2,2),(0.00000000000000000E0,1.00000000000000000E0),.UNSPECIFIED.);
#1987=DEFINITIONAL_REPRESENTATION('',(#1986),#1083);
#1988=PCURVE('',#466,#1987);
#1989=CARTESIAN_POINT('',(1.00000000000000000E0,0.00000000000000000E0));
#1990=CARTESIAN_POINT('',(1.00000000000000000E0,1.00000000000000000E0));
#1991=B_SPLINE_CURVE_WITH_KNOTS('',1,(#1989,#1990),.UNSPECIFIED.,.F.,.F.,(2,2),(0.00000000000000000E0,1.00000000000000000E0),.UNSPECIFIED.);
#1992=DEFINITIONAL_REPRESENTATION('',(#1991),#1083);
#1993=PCURVE('',#466,#1992);
#1994=CARTESIAN_POINT('',(1.00000000000000000E0,1.00000000000000000E0));
#1995=CARTESIAN_POINT('',(0.00000000000000000E0,1.00000000000000000E0));
#1996=B_SPLINE_CURVE_WITH_KNOTS('',1,(#1994,#1995),.UNSPECIFIED.,.F.,.F.,(2,2),(0.00000000000000000E0,1.00000000000000000E0),.UNSPECIFIED.);
#1997=DEFINITIONAL_REPRESENTATION('',(#1996),#1083);
#1998=PCURVE('',#466,#1997);
#1999=CARTESIAN_POINT('',(0.00000000000000000E0,1.00000000000000000E0));
#2000=CARTESIAN_POINT('',(0.00000000000000000E0,0.00000000000000000E0));
#2001=B_SPLINE_CURVE_WITH_KNOTS('',1,(#1999,#2000),.UNSPECIFIED.,.F.,.F.,(2,2),(0.00000000000000000E0,1.00000000000000000E0),.UNSPECIFIED.);
#2002=DEFINITIONAL_REPRESENTATION('',(#2001),#1083);
#2003=PCURVE('',#466,#2002);
#2004=CARTESIAN_POINT('',(0.00000000000000000E0,0.00000000000000000E0));
#2005=CARTESIAN_POINT('',(1.00000000000000000E0,0.00000000000000000E0));
#2006=B_SPLINE_CURVE_WITH_KNOTS('',1,(#2004,#2005),.UNSPECIFIED.,.F.,.F.,(2,2),(0.00000000000000000E0,1.00000000000000000E0),.UNSPECIFIED.);
#2007=DEFINITIONAL_REPRESENTATION('',(#2006),#1083);
#2008=PCURVE('',#473,#2007);
#2009=CARTESIAN_POINT('',(1.00000000000000000E0,0.00000000000000000E0));
#2010=CARTESIAN_POINT('',(1.00000000000000000E0,1.00000000000000000E0));
#2011=B_SPLINE_CURVE_WITH_KNOTS('',1,(#2009,#2010),.UNSPECIFIED.,.F.,.F.,(2,2),(0.00000000000000000E0,1.00000000000000000E0),.UNSPECIFIED.);
#2012=DEFINITIONAL_REPRESENTATION('',(#2011),#1083);
#2013=PCURVE('',#473,#2012);
#2014=CARTESIAN_POINT('',(1.00000000000000000E0,1.00000000000000000E0));
#2015=CARTESIAN_POINT('',(0.00000000000000000E0,1.00000000000000000E0));
#2016=B_SPLINE_CURVE_WITH_KNOTS('',1,(#2014,#2015),.UNSPECIFIED.,.F.,.F.,(2,2),(0.00000000000000000E0,1.00000000000000000E0),.UNSPECIFIED.);
#2017=DEFINITIONAL_REPRESENTATION('',(#2016),#1083);
#2018=PCURVE('',#473,#2017);
#2019=CARTESIAN_POINT('',(0.00000000000000000E0,1.00000000000000000E0));
#2020=CARTESIAN_POINT('',(0.00000000000000000E0,0.00000000000000000E0));
#2021=B_SPLINE_CURVE_WITH_KNOTS('',1,(#2019,#2020),.UNSPECIFIED.,.F.,.F.,(2,2),(0.00000000000000000E0,1.00000000000000000E0),.UNSPECIFIED.);
#2022=DEFINITIONAL_REPRESENTATION('',(#2021),#1083);
#2023=PCURVE('',#473,#2022);
#2024=CARTESIAN_POINT('',(0.00000000000000000E0,0.00000000000000000E0));
#2025=CARTESIAN_POINT('',(1.00000000000000000E0,0.00000000000000000E0));
#2026=B_SPLINE_CURVE_WITH_KNOTS('',1,(#2024,#2025),.UNSPECIFIED.,.F.,.F.,(2,2),(0.00000000000000000E0,1.00000000000000000E0),.UNSPECIFIED.);
#2027=DEFINITIONAL_REPRESENTATION('',(#2026),#1083);
#2028=PCURVE('',#480,#2027);
#2029=CARTESIAN_POINT('',(1.00000000000000000E0,0.00000000000000000E0));
#2030=CARTESIAN_POINT('',(1.00000000000000000E0,1.00000000000000000E0));
#2031=B_SPLINE_CURVE_WITH_KNOTS('',1,(#2029,#2030),.UNSPECIFIED.,.F.,.F.,(2,2),(0.00000000000000000E0,1.00000000000000000E0),.UNSPECIFIED.);
#2032=DEFINITIONAL_REPRESENTATION('',(#2031),#1083);
#2033=PCURVE('',#480,#2032);
#2034=CARTESIAN_POINT('',(1.00000000000000000E0,1.00000000000000000E0));
#2035=CARTESIAN_POINT('',(0.00000000000000000E0,1.00000000000000000E0));
#2036=B_SPLINE_CURVE_WITH_KNOTS('',1,(#2034,#2035),.UNSPECIFIED.,.F.,.F.,(2,2),(0.00000000000000000E0,1.00000000000000000E0),.UNSPECIFIED.);
#2037=DEFINITIONAL_REPRESENTATION('',(#2036),#1083);
#2038=PCURVE('',#480,#2037);
#2039=CARTESIAN_POINT('',(0.00000000000000000E0,1.00000000000000000E0));
#2040=CARTESIAN_POINT('',(0.00000000000000000E0,0.00000000000000000E0));
#2041=B_SPLINE_CURVE_WITH_KNOTS('',1,(#2039,#2040),.UNSPECIFIED.,.F.,.F.,(2,2),(0.00000000000000000E0,1.00000000000000000E0),.UNSPECIFIED.);
#2042=DEFINITIONAL_REPRESENTATION('',(#2041),#1083);
#2043=PCURVE('',#480,#2042);
#2044=CARTESIAN_POINT('',(0.00000000000000000E0,0.00000000000000000E0));
#2045=CARTESIAN_POINT('',(1.00000000000000000E0,0.00000000000000000E0));
#2046=B_SPLINE_CURVE_WITH_KNOTS('',1,(#2044,#2045),.UNSPECIFIED.,.F.,.F.,(2,2),(0.00000000000000000E0,1.00000000000000000E0),.UNSPECIFIED.);
#2047=DEFINITIONAL_REPRESENTATION('',(#2046),#1083);
#2048=PCURVE('',#487,#2047);
#2049=CARTESIAN_POINT('',(1.00000000000000000E0,0.00000000000000000E0));
#2050=CARTESIAN_POINT('',(1.00000000000000000E0,1.00000000000000000E0));
#2051=B_SPLINE_CURVE_WITH_KNOTS('',1,(#2049,#2050),.UNSPECIFIED.,.F.,.F.,(2,2),(0.00000000000000000E0,1.00000000000000000E0),.UNSPECIFIED.);
#2052=DEFINITIONAL_REPRESENTATION('',(#2051),#1083);
#2053=PCURVE('',#487,#2052);
#2054=CARTESIAN_POINT('',(1.00000000000000000E0,1.00000000000000000E0));
#2055=CARTESIAN_POINT('',(0.00000000000000000E0,1.00000000000000000E0));
#2056=B_SPLINE_CURVE_WITH_KNOTS('',1,(#2054,#2055),.UNSPECIFIED.,.F.,.F.,(2,2),(0.00000000000000000E0,1.00000000000000000E0),.UNSPECIFIED.);
#2057=DEFINITIONAL_REPRESENTATION('',(#2056),#1083);
#2058=PCURVE('',#487,#2057);
#2059=CARTESIAN_POINT('',(0.00000000000000000E0,1.00000000000000000E0));
#2060=CARTESIAN_POINT('',(0.00000000000000000E0,0.00000000000000000E0));
#2061=B_SPLINE_CURVE_WITH_KNOTS('',1,(#2059,#2060),.UNSPECIFIED.,.F.,.F.,(2,2),(0.00000000000000000E0,1.00000000000000000E0),.UNSPECIFIED.);
#2062=DEFINITIONAL_REPRESENTATION('',(#2061),#1083);
#2063=PCURVE('',#487,#2062);
#2064=CARTESIAN_POINT('',(0.00000000000000000E0,0.00000000000000000E0));
#2065=CARTESIAN_POINT('',(1.00000000000000000E0,0.00000000000000000E0));
#2066=B_SPLINE_CURVE_WITH_KNOTS('',1,(#2064,#2065),.UNSPECIFIED.,.F.,.F.,(2,2),(0.00000000000000000E0,1.00000000000000000E0),.UNSPECIFIED.);
#2067=DEFINITIONAL_REPRESENTATION('',(#2066),#1083);
#2068=PCURVE('',#494,#2067);
#2069=CARTESIAN_POINT('',(1.00000000000000000E0,0.00000000000000000E0));
#2070=CARTESIAN_POINT('',(1.00000000000000000E0,1.00000000000000000E0));
#2071=B_SPLINE_CURVE_WITH_KNOTS('',1,(#2069,#2070),.UNSPECIFIED.,.F.,.F.,(2,2),(0.00000000000000000E0,1.00000000000000000E0),.UNSPECIFIED.);
#2072=DEFINITIONAL_REPRESENTATION('',(#2071),#1083);
#2073=PCURVE('',#494,#2072);
#2074=CARTESIAN_POINT('',(1.00000000000000000E0,1.00000000000000000E0));
#2075=CARTESIAN_POINT('',(0.00000000000000000E0,1.00000000000000000E0));
#2076=B_SPLINE_CURVE_WITH_KNOTS('',1,(#2074,#2075),.UNSPECIFIED.,.F.,.F.,(2,2),(0.00000000000000000E0,1.00000000000000000E0),.UNSPECIFIED.);
#2077=DEFINITIONAL_REPRESENTATION('',(#2076),#1083);
#2078=PCURVE('',#494,#2077);
#2079=CARTESIAN_POINT('',(0.00000000000000000E0,1.00000000000000000E0));
#2080=CARTESIAN_POINT('',(0.00000000000000000E0,0.00000000000000000E0));
#2081=B_SPLINE_CURVE_WITH_KNOTS('',1,(#2079,#2080),.UNSPECIFIED.,.F.,.F.,(2,2),(0.00000000000000000E0,1.00000000000000000E0),.UNSPECIFIED.);
#2082=DEFINITIONAL_REPRESENTATION('',(#2081),#1083);
#2083=PCURVE('',#494,#2082);
#2084=CARTESIAN_POINT('',(0.00000000000000000E0,0.00000000000000000E0));
#2085=CARTESIAN_POINT('',(1.00000000000000000E0,0.00000000000000000E0));
#2086=B_SPLINE_CURVE_WITH_KNOTS('',1,(#2084,#2085),.UNSPECIFIED.,.F.,.F.,(2,2),(0.00000000000000000E0,1.00000000000000000E0),.UNSPECIFIED.);
#2087=DEFINITIONAL_REPRESENTATION('',(#2086),#1083);
#2088=PCURVE('',#501,#2087);
#2089=CARTESIAN_POINT('',(1.00000000000000000E0,0.00000000000000000E0));
#2090=CARTESIAN_POINT('',(1.00000000000000000E0,1.00000000000000000E0));
#2091=B_SPLINE_CURVE_WITH_KNOTS('',1,(#2089,#2090),.UNSPECIFIED.,.F.,.F.,(2,2),(0.00000000000000000E0,1.00000000000000000E0),.UNSPECIFIED.);
#2092=DEFINITIONAL_REPRESENTATION('',(#2091),#1083);
#2093=PCURVE('',#501,#2092);
#2094=CARTESIAN_POINT('',(1.00000000000000000E0,1.00000000000000000E0));
#2095=CARTESIAN_POINT('',(0.00000000000000000E0,1.00000000000000000E0));
#2096=B_SPLINE_CURVE_WITH_KNOTS('',1,(#2094,#2095),.UNSPECIFIED.,.F.,.F.,(2,2),(0.00000000000000000E0,1.00000000000000000E0),.UNSPECIFIED.);
#2097=DEFINITIONAL_REPRESENTATION('',(#2096),#1083);
#2098=PCURVE('',#501,#2097);
#2099=CARTESIAN_POINT('',(0.00000000000000000E0,1.00000000000000000E0));
#2100=CARTESIAN_POINT('',(0.00000000000000000E0,0.00000000000000000E0));
#2101=B_SPLINE_CURVE_WITH_KNOTS('',1,(#2099,#2100),.UNSPECIFIED.,.F.,.F.,(2,2),(0.00000000000000000E0,1.00000000000000000E0),.UNSPECIFIED.);
#2102=DEFINITIONAL_REPRESENTATION('',(#2101),#1083);
#2103=PCURVE('',#501,#2102);
#2104=CARTESIAN_POINT('',(0.00000000000000000E0,0.00000000000000000E0));
#2105=CARTESIAN_POINT('',(1.00000000000000000E0,0.00000000000000000E0));
#2106=B_SPLINE_CURVE_WITH_KNOTS('',1,(#2104,#2105),.UNSPECIFIED.,.F.,.F.,(2,2),(0.00000000000000000E0,1.00000000000000000E0),.UNSPECIFIED.);
#2107=DEFINITIONAL_REPRESENTATION('',(#2106),#1083);
#2108=PCURVE('',#508,#2107);
#2109=CARTESIAN_POINT('',(1.00000000000000000E0,0.00000000000000000E0));
#2110=CARTESIAN_POINT('',(1.00000000000000000E0,1.00000000000000000E0));
#2111=B_SPLINE_CURVE_WITH_KNOTS('',1,(#2109,#2110),.UNSPECIFIED.,.F.,.F.,(2,2),(0.00000000000000000E0,1.00000000000000000E0),.UNSPECIFIED.);
#2112=DEFINITIONAL_REPRESENTATION('',(#2111),#1083);
#2113=PCURVE('',#508,#2112);
#2114=CARTESIAN_POINT('',(1.00000000000000000E0,1.00000000000000000E0));
#2115=CARTESIAN_POINT('',(0.00000000000000000E0,1.00000000000000000E0));
#2116=B_SPLINE_CURVE_WITH_KNOTS('',1,(#2114,#2115),.UNSPECIFIED.,.F.,.F.,(2,2),(0.00000000000000000E0,1.00000000000000000E0),.UNSPECIFIED.);
#2117=DEFINITIONAL_REPRESENTATION('',(#2116),#1083);
#2118=PCURVE('',#508,#2117);
#2119=CARTESIAN_POINT('',(0.00000000000000000E0,1.00000000000000000E0));
#2120=CARTESIAN_POINT('',(0.00000000000000000E0,0.00000000000000000E0));
#2121=B_SPLINE_CURVE_WITH_KNOTS('',1,(#2119,#2120),.UNSPECIFIED.,.F.,.F.,(2,2),(0.00000000000000000E0,1.00000000000000000E0),.UNSPECIFIED.);
#2122=DEFINITIONAL_REPRESENTATION('',(#2121),#1083);
#2123=PCURVE('',#508,#2122);
#2124=CARTESIAN_POINT('',(0.00000000000000000E0,0.00000000000000000E0));
#2125=CARTESIAN_POINT('',(1.00000000000000000E0,0.00000000000000000E0));
#2126=B_SPLINE_CURVE_WITH_KNOTS('',1,(#2124,#2125),.UNSPECIFIED.,.F.,.F.,(2,2),(0.00000000000000000E0,1.00000000000000000E0),.UNSPECIFIED.);
#2127=DEFINITIONAL_REPRESENTATION('',(#2126),#1083);
#2128=PCURVE('',#515,#2127);
#2129=CARTESIAN_POINT('',(1.00000000000000000E0,0.00000000000000000E0));
#2130=CARTESIAN_POINT('',(1.00000000000000000E0,1.00000000000000000E0));
#2131=B_SPLINE_CURVE_WITH_KNOTS('',1,(#2129,#2130),.UNSPECIFIED.,.F.,.F.,(2,2),(0.00000000000000000E0,1.00000000000000000E0),.UNSPECIFIED.);
#2132=DEFINITIONAL_REPRESENTATION('',(#2131),#1083);
#2133=PCURVE('',#515,#2132);
#2134=CARTESIAN_POINT('',(1.00000000000000000E0,1.00000000000000000E0));
#2135=CARTESIAN_POINT('',(0.00000000000000000E0,1.00000000000000000E0));
#2136=B_SPLINE_CURVE_WITH_KNOTS('',1,(#2134,#2135),.UNSPECIFIED.,.F.,.F.,(2,2),(0.00000000000000000E0,1.00000000000000000E0),.UNSPECIFIED.);
#2137=DEFINITIONAL_REPRESENTATION('',(#2136),#1083);
#2138=PCURVE('',#515,#2137);
#2139=CARTESIAN_POINT('',(0.00000000000000000E0,1.00000000000000000E0));
#2140=CARTESIAN_POINT('',(0.00000000000000000E0,0.00000000000000000E0));
#2141=B_SPLINE_CURVE_WITH_KNOTS('',1,(#2139,#2140),.UNSPECIFIED.,.F.,.F.,(2,2),(0.00000000000000000E0,1.00000000000000000E0),.UNSPECIFIED.);
#2142=DEFINITIONAL_REPRESENTATION('',(#2141),#1083);
#2143=PCURVE('',#515,#2142);
#2144=CARTESIAN_POINT('',(0.00000000000000000E0,0.00000000000000000E0));
#2145=CARTESIAN_POINT('',(1.00000000000000000E0,0.00000000000000000E0));
#2146=B_SPLINE_CURVE_WITH_KNOTS('',1,(#2144,#2145),.UNSPECIFIED.,.F.,.F.,(2,2),(0.00000000000000000E0,1.00000000000000000E0),.UNSPECIFIED.);
#2147=DEFINITIONAL_REPRESENTATION('',(#2146),#1083);
#2148=PCURVE('',#522,#2147);
#2149=CARTESIAN_POINT('',(1.00000000000000000E0,0.00000000000000000E0));
#2150=CARTESIAN_POINT('',(1.00000000000000000E0,1.00000000000000000E0));
#2151=B_SPLINE_CURVE_WITH_KNOTS('',1,(#2149,#2150),.UNSPECIFIED.,.F.,.F.,(2,2),(0.00000000000000000E0,1.00000000000000000E0),.UNSPECIFIED.);
#2152=DEFINITIONAL_REPRESENTATION('',(#2151),#1083);
#2153=PCURVE('',#522,#2152);
#2154=CARTESIAN_POINT('',(1.00000000000000000E0,1.00000000000000000E0));
#2155=CARTESIAN_POINT('',(0.00000000000000000E0,1.00000000000000000E0));
#2156=B_SPLINE_CURVE_WITH_KNOTS('',1,(#2154,#2155),.UNSPECIFIED.,.F.,.F.,(2,2),(0.00000000000000000E0,1.00000000000000000E0),.UNSPECIFIED.);
#2157=DEFINITIONAL_REPRESENTATION('',(#2156),#1083);
#2158=PCURVE('',#522,#2157);
#2159=CARTESIAN_POINT('',(0.00000000000000000E0,1.00000000000000000E0));
#2160=CARTESIAN_POINT('',(0.00000000000000000E0,0.00000000000000000E0));
#2161=B_SPLINE_CURVE_WITH_KNOTS('',1,(#2159,#2160),.UNSPECIFIED.,.F.,.F.,(2,2),(0.00000000000000000E0,1.00000000000000000E0),.UNSPECIFIED.);
#2162=DEFINITIONAL_REPRESENTATION('',(#2161),#1083);
#2163=PCURVE('',#522,#2162);
#2164=CARTESIAN_POINT('',(0.00000000000000000E0,0.00000000000000000E0));
#2165=CARTESIAN_POINT('',(1.00000000000000000E0,0.00000000000000000E0));
#2166=B_SPLINE_CURVE_WITH_KNOTS('',1,(#2164,#2165),.UNSPECIFIED.,.F.,.F.,(2,2),(0.00000000000000000E0,1.00000000000000000E0),.UNSPECIFIED.);
#2167=DEFINITIONAL_REPRESENTATION('',(#2166),#1083);
#2168=PCURVE('',#529,#2167);
#2169=CARTESIAN_POINT('',(1.00000000000000000E0,0.00000000000000000E0));
#2170=CARTESIAN_POINT('',(1.00000000000000000E0,1.00000000000000000E0));
#2171=B_SPLINE_CURVE_WITH_KNOTS('',1,(#2169,#2170),.UNSPECIFIED.,.F.,.F.,(2,2),(0.00000000000000000E0,1.00000000000000000E0),.UNSPECIFIED.);
#2172=DEFINITIONAL_REPRESENTATION('',(#2171),#1083);
#2173=PCURVE('',#529,#2172);
#2174=CARTESIAN_POINT('',(1.00000000000000000E0,1.00000000000000000E0));
#2175=CARTESIAN_POINT('',(0.00000000000000000E0,1.00000000000000000E0));
#2176=B_SPLINE_CURVE_WITH_KNOTS('',1,(#2174,#2175),.UNSPECIFIED.,.F.,.F.,(2,2),(0.00000000000000000E0,1.00000000000000000E0),.UNSPECIFIED.);
#2177=DEFINITIONAL_REPRESENTATION('',(#2176),#1083);
#2178=PCURVE('',#529,#2177);
#2179=CARTESIAN_POINT('',(0.00000000000000000E0,1.00000000000000000E0));
#2180=CARTESIAN_POINT('',(0.00000000000000000E0,0.00000000000000000E0));
#2181=B_SPLINE_CURVE_WITH_KNOTS('',1,(#2179,#2180),.UNSPECIFIED.,.F.,.F.,(2,2),(0.00000000000000000E0,1.00000000000000000E0),.UNSPECIFIED.);
#2182=DEFINITIONAL_REPRESENTATION('',(#2181),#1083);
#2183=PCURVE('',#529,#2182);
#2184=CARTESIAN_POINT('',(0.00000000000000000E0,0.00000000000000000E0));
#2185=CARTESIAN_POINT('',(1.00000000000000000E0,0.00000000000000000E0));
#2186=B_SPLINE_CURVE_WITH_KNOTS('',1,(#2184,#2185),.UNSPECIFIED.,.F.,.F.,(2,2),(0.00000000000000000E0,1.00000000000000000E0),.UNSPECIFIED.);
#2187=DEFINITIONAL_REPRESENTATION('',(#2186),#1083);
#2188=PCURVE('',#536,#2187);
#2189=CARTESIAN_POINT('',(1.00000000000000000E0,0.00000000000000000E0));
#2190=CARTESIAN_POINT('',(1.00000000000000000E0,1.00000000000000000E0));
#2191=B_SPLINE_CURVE_WITH_KNOTS('',1,(#2189,#2190),.UNSPECIFIED.,.F.,.F.,(2,2),(0.00000000000000000E0,1.00000000000000000E0),.UNSPECIFIED.);
#2192=DEFINITIONAL_REPRESENTATION('',(#2191),#1083);
#2193=PCURVE('',#536,#2192);
#2194=CARTESIAN_POINT('',(1.00000000000000000E0,1.00000000000000000E0));
#2195=CARTESIAN_POINT('',(0.00000000000000000E0,1.00000000000000000E0));
#2196=B_SPLINE_CURVE_WITH_KNOTS('',1,(#2194,#2195),.UNSPECIFIED.,.F.,.F.,(2,2),(0.00000000000000000E0,1.00000000000000000E0),.UNSPECIFIED.);
#2197=DEFINITIONAL_REPRESENTATION('',(#2196),#1083);
#2198=PCURVE('',#536,#2197);
#2199=CARTESIAN_POINT('',(0.00000000000000000E0,1.00000000000000000E0));
#2200=CARTESIAN_POINT('',(0.00000000000000000E0,0.00000000000000000E0));
#2201=B_SPLINE_CURVE_WITH_KNOTS('',1,(#2199,#2200),.UNSPECIFIED.,.F.,.F.,(2,2),(0.00000000000000000E0,1.00000000000000000E0),.UNSPECIFIED.);
#2202=DEFINITIONAL_REPRESENTATION('',(#2201),#1083);
#2203=PCURVE('',#536,#2202);
#2204=CARTESIAN_POINT('',(0.00000000000000000E0,0.00000000000000000E0));
#2205=CARTESIAN_POINT('',(1.00000000000000000E0,0.00000000000000000E0));
#2206=B_SPLINE_CURVE_WITH_KNOTS('',1,(#2204,#2205),.UNSPECIFIED.,.F.,.F.,(2,2),(0.00000000000000000E0,1.00000000000000000E0),.UNSPECIFIED.);
#2207=DEFINITIONAL_REPRESENTATION('',(#2206),#1083);
#2208=PCURVE('',#543,#2207);
#2209=CARTESIAN_POINT('',(1.00000000000000000E0,0.00000000000000000E0));
#2210=CARTESIAN_POINT('',(1.00000000000000000E0,1.00000000000000000E0));
#2211=B_SPLINE_CURVE_WITH_KNOTS('',1,(#2209,#2210),.UNSPECIFIED.,.F.,.F.,(2,2),(0.00000000000000000E0,1.00000000000000000E0),.UNSPECIFIED.);
#2212=DEFINITIONAL_REPRESENTATION('',(#2211),#1083);
#2213=PCURVE('',#543,#2212);
#2214=CARTESIAN_POINT('',(1.00000000000000000E0,1.00000000000000000E0));
#2215=CARTESIAN_POINT('',(0.00000000000000000E0,1.00000000000000000E0));
#2216=B_SPLINE_CURVE_WITH_KNOTS('',1,(#2214,#2215),.UNSPECIFIED.,.F.,.F.,(2,2),(0.00000000000000000E0,1.00000000000000000E0),.UNSPECIFIED.);
#2217=DEFINITIONAL_REPRESENTATION('',(#2216),#1083);
#2218=PCURVE('',#543,#2217);
#2219=CARTESIAN_POINT('',(0.00000000000000000E0,1.00000000000000000E0));
#2220=CARTESIAN_POINT('',(0.00000000000000000E0,0.00000000000000000E0));
#2221=B_SPLINE_CURVE_WITH_KNOTS('',1,(#2219,#2220),.UNSPECIFIED.,.F.,.F.,(2,2),(0.00000000000000000E0,1.00000000000000000E0),.UNSPECIFIED.);
#2222=DEFINITIONAL_REPRESENTATION('',(#2221),#1083);
#2223=PCURVE('',#543,#2222);
#2224=CARTESIAN_POINT('',(0.00000000000000000E0,0.00000000000000000E0));
#2225=CARTESIAN_POINT('',(1.00000000000000000E0,0.00000000000000000E0));
#2226=B_SPLINE_CURVE_WITH_KNOTS('',1,(#2224,#2225),.UNSPECIFIED.,.F.,.F.,(2,2),(0.00000000000000000E0,1.00000000000000000E0),.UNSPECIFIED.);
#2227=DEFINITIONAL_REPRESENTATION('',(#2226),#1083);
#2228=PCURVE('',#550,#2227);
#2229=CARTESIAN_POINT('',(1.00000000000000000E0,0.00000000000000000E0));
#2230=CARTESIAN_POINT('',(1.00000000000000000E0,1.00000000000000000E0));
#2231=B_SPLINE_CURVE_WITH_KNOTS('',1,(#2229,#2230),.UNSPECIFIED.,.F.,.F.,(2,2),(0.00000000000000000E0,1.00000000000000000E0),.UNSPECIFIED.);
#2232=DEFINITIONAL_REPRESENTATION('',(#2231),#1083);
#2233=PCURVE('',#550,#2232);
#2234=CARTESIAN_POINT('',(1.00000000000000000E0,1.00000000000000000E0));
#2235=CARTESIAN_POINT('',(0.00000000000000000E0,1.00000000000000000E0));
#2236=B_SPLINE_CURVE_WITH_KNOTS('',1,(#2234,#2235),.UNSPECIFIED.,.F.,.F.,(2,2),(0.00000000000000000E0,1.00000000000000000E0),.UNSPECIFIED.);
#2237=DEFINITIONAL_REPRESENTATION('',(#2236),#1083);
#2238=PCURVE('',#550,#2237);
#2239=CARTESIAN_POINT('',(0.00000000000000000E0,1.00000000000000000E0));
#2240=CARTESIAN_POINT('',(0.00000000000000000E0,0.00000000000000000E0));
#2241=B_SPLINE_CURVE_WITH_KNOTS('',1,(#2239,#2240),.UNSPECIFIED.,.F.,.F.,(2,2),(0.00000000000000000E0,1.00000000000000000E0),.UNSPECIFIED.);
#2242=DEFINITIONAL_REPRESENTATION('',(#2241),#1083);
#2243=PCURVE('',#550,#2242);
#2244=CARTESIAN_POINT('',(0.00000000000000000E0,0.00000000000000000E0));
#2245=CARTESIAN_POINT('',(1.00000000000000000E0,0.00000000000000000E0));
#2246=B_SPLINE_CURVE_WITH_KNOTS('',1,(#2244,#2245),.UNSPECIFIED.,.F.,.F.,(2,2),(0.00000000000000000E0,1.00000000000000000E0),.UNSPECIFIED.);
#2247=DEFINITIONAL_REPRESENTATION('',(#2246),#1083);
#2248=PCURVE('',#557,#2247);
#2249=CARTESIAN_POINT('',(1.00000000000000000E0,0.00000000000000000E0));
#2250=CARTESIAN_POINT('',(1.00000000000000000E0,1.00000000000000000E0));
#2251=B_SPLINE_CURVE_WITH_KNOTS('',1,(#2249,#2250),.UNSPECIFIED.,.F.,.F.,(2,2),(0.00000000000000000E0,1.00000000000000000E0),.UNSPECIFIED.);
#2252=DEFINITIONAL_REPRESENTATION('',(#2251),#1083);
#2253=PCURVE('',#557,#2252);
#2254=CARTESIAN_POINT('',(1.00000000000000000E0,1.00000000000000000E0));
#2255=CARTESIAN_POINT('',(0.00000000000000000E0,1.00000000000000000E0));
#2256=B_SPLINE_CURVE_WITH_KNOTS('',1,(#2254,#2255),.UNSPECIFIED.,.F.,.F.,(2,2),(0.00000000000000000E0,1.00000000000000000E0),.UNSPECIFIED.);
#2257=DEFINITIONAL_REPRESENTATION('',(#2256),#1083);
#2258=PCURVE('',#557,#2257);
#2259=CARTESIAN_POINT('',(0.00000000000000000E0,1.00000000000000000E0));
#2260=CARTESIAN_POINT('',(0.00000000000000000E0,0.00000000000000000E0));
#2261=B_SPLINE_CURVE_WITH_KNOTS('',1,(#2259,#2260),.UNSPECIFIED.,.F.,.F.,(2,2),(0.00000000000000000E0,1.00000000000000000E0),.UNSPECIFIED.);
#2262=DEFINITIONAL_REPRESENTATION('',(#2261),#1083);
#2263=PCURVE('',#557,#2262);
#2264=CARTESIAN_POINT('',(0.00000000000000000E0,0.00000000000000000E0));
#2265=CARTESIAN_POINT('',(1.00000000000000000E0,0.00000000000000000E0));
#2266=B_SPLINE_CURVE_WITH_KNOTS('',1,(#2264,#2265),.UNSPECIFIED.,.F.,.F.,(2,2),(0.00000000000000000E0,1.00000000000000000E0),.UNSPECIFIED.);
#2267=DEFINITIONAL_REPRESENTATION('',(#2266),#1083);
#2268=PCURVE('',#564,#2267);
#2269=CARTESIAN_POINT('',(1.00000000000000000E0,0.00000000000000000E0));
#2270=CARTESIAN_POINT('',(1.00000000000000000E0,1.00000000000000000E0));
#2271=B_SPLINE_CURVE_WITH_KNOTS('',1,(#2269,#2270),.UNSPECIFIED.,.F.,.F.,(2,2),(0.00000000000000000E0,1.00000000000000000E0),.UNSPECIFIED.);
#2272=DEFINITIONAL_REPRESENTATION('',(#2271),#1083);
#2273=PCURVE('',#564,#2272);
#2274=CARTESIAN_POINT('',(1.00000000000000000E0,1.00000000000000000E0));
#2275=CARTESIAN_POINT('',(0.00000000000000000E0,1.00000000000000000E0));
#2276=B_SPLINE_CURVE_WITH_KNOTS('',1,(#2274,#2275),.UNSPECIFIED.,.F.,.F.,(2,2),(0.00000000000000000E0,1.00000000000000000E0),.UNSPECIFIED.);
#2277=DEFINITIONAL_REPRESENTATION('',(#2276),#1083);
#2278=PCURVE('',#564,#2277);
#2279=CARTESIAN_POINT('',(0.00000000000000000E0,1.00000000000000000E0));
#2280=CARTESIAN_POINT('',(0.00000000000000000E0,0.00000000000000000E0));
#2281=B_SPLINE_CURVE_WITH_KNOTS('',1,(#2279,#2280),.UNSPECIFIED.,.F.,.F.,(2,2),(0.00000000000000000E0,1.00000000000000000E0),.UNSPECIFIED.);
#2282=DEFINITIONAL_REPRESENTATION('',(#2281),#1083);
#2283=PCURVE('',#564,#2282);
#2284=CARTESIAN_POINT('',(0.00000000000000000E0,0.00000000000000000E0));
#2285=CARTESIAN_POINT('',(1.00000000000000000E0,0.00000000000000000E0));
#2286=B_SPLINE_CURVE_WITH_KNOTS('',1,(#2284,#2285),.UNSPECIFIED.,.F.,.F.,(2,2),(0.00000000000000000E0,1.00000000000000000E0),.UNSPECIFIED.);
#2287=DEFINITIONAL_REPRESENTATION('',(#2286),#1083);
#2288=PCURVE('',#571,#2287);
#2289=CARTESIAN_POINT('',(1.00000000000000000E0,0.00000000000000000E0));
#2290=CARTESIAN_POINT('',(1.00000000000000000E0,1.00000000000000000E0));
#2291=B_SPLINE_CURVE_WITH_KNOTS('',1,(#2289,#2290),.UNSPECIFIED.,.F.,.F.,(2,2),(0.00000000000000000E0,1.00000000000000000E0),.UNSPECIFIED.);
#2292=DEFINITIONAL_REPRESENTATION('',(#2291),#1083);
#2293=PCURVE('',#571,#2292);
#2294=CARTESIAN_POINT('',(1.00000000000000000E0,1.00000000000000000E0));
#2295=CARTESIAN_POINT('',(0.00000000000000000E0,1.00000000000000000E0));
#2296=B_SPLINE_CURVE_WITH_KNOTS('',1,(#2294,#2295),.UNSPECIFIED.,.F.,.F.,(2,2),(0.00000000000000000E0,1.00000000000000000E0),.UNSPECIFIED.);
#2297=DEFINITIONAL_REPRESENTATION('',(#2296),#1083);
#2298=PCURVE('',#571,#2297);
#2299=CARTESIAN_POINT('',(0.00000000000000000E0,1.00000000000000000E0));
#2300=CARTESIAN_POINT('',(0.00000000000000000E0,0.00000000000000000E0));
#2301=B_SPLINE_CURVE_WITH_KNOTS('',1,(#2299,#2300),.UNSPECIFIED.,.F.,.F.,(2,2),(0.00000000000000000E0,1.00000000000000000E0),.UNSPECIFIED.);
#2302=DEFINITIONAL_REPRESENTATION('',(#2301),#1083);
#2303=PCURVE('',#571,#2302);
#2304=CARTESIAN_POINT('',(0.00000000000000000E0,0.00000000000000000E0));
#2305=CARTESIAN_POINT('',(1.00000000000000000E0,0.00000000000000000E0));
#2306=B_SPLINE_CURVE_WITH_KNOTS('',1,(#2304,#2305),.UNSPECIFIED.,.F.,.F.,(2,2),(0.00000000000000000E0,1.00000000000000000E0),.UNSPECIFIED.);
#2307=DEFINITIONAL_REPRESENTATION('',(#2306),#1083);
#2308=PCURVE('',#578,#2307);
#2309=CARTESIAN_POINT('',(1.00000000000000000E0,0.00000000000000000E0));
#2310=CARTESIAN_POINT('',(1.00000000000000000E0,1.00000000000000000E0));
#2311=B_SPLINE_CURVE_WITH_KNOTS('',1,(#2309,#2310),.UNSPECIFIED.,.F.,.F.,(2,2),(0.00000000000000000E0,1.00000000000000000E0),.UNSPECIFIED.);
#2312=DEFINITIONAL_REPRESENTATION('',(#2311),#1083);
#2313=PCURVE('',#578,#2312);
#2314=CARTESIAN_POINT('',(1.00000000000000000E0,1.00000000000000000E0));
#2315=CARTESIAN_POINT('',(0.00000000000000000E0,1.00000000000000000E0));
#2316=B_SPLINE_CURVE_WITH_KNOTS('',1,(#2314,#2315),.UNSPECIFIED.,.F.,.F.,(2,2),(0.00000000000000000E0,1.00000000000000000E0),.UNSPECIFIED.);
#2317=DEFINITIONAL_REPRESENTATION('',(#2316),#1083);
#2318=PCURVE('',#578,#2317);
#2319=CARTESIAN_POINT('',(0.00000000000000000E0,1.00000000000000000E0));
#2320=CARTESIAN_POINT('',(0.00000000000000000E0,0.00000000000000000E0));
#2321=B_SPLINE_CURVE_WITH_KNOTS('',1,(#2319,#2320),.UNSPECIFIED.,.F.,.F.,(2,2),(0.00000000000000000E0,1.00000000000000000E0),.UNSPECIFIED.);
#2322=DEFINITIONAL_REPRESENTATION('',(#2321),#1083);
#2323=PCURVE('',#578,#2322);
#2324=CARTESIAN_POINT('',(0.00000000000000000E0,0.00000000000000000E0));
#2325=CARTESIAN_POINT('',(1.00000000000000000E0,0.00000000000000000E0));
#2326=B_SPLINE_CURVE_WITH_KNOTS('',1,(#2324,#2325),.UNSPECIFIED.,.F.,.F.,(2,2),(0.00000000000000000E0,1.00000000000000000E0),.UNSPECIFIED.);
#2327=DEFINITIONAL_REPRESENTATION('',(#2326),#1083);
#2328=PCURVE('',#585,#2327);
#2329=CARTESIAN_POINT('',(1.00000000000000000E0,0.00000000000000000E0));
#2330=CARTESIAN_POINT('',(1.00000000000000000E0,1.00000000000000000E0));
#2331=B_SPLINE_CURVE_WITH_KNOTS('',1,(#2329,#2330),.UNSPECIFIED.,.F.,.F.,(2,2),(0.00000000000000000E0,1.00000000000000000E0),.UNSPECIFIED.);
#2332=DEFINITIONAL_REPRESENTATION('',(#2331),#1083);
#2333=PCURVE('',#585,#2332);
#2334=CARTESIAN_POINT('',(1.00000000000000000E0,1.00000000000000000E0));
#2335=CARTESIAN_POINT('',(0.00000000000000000E0,1.00000000000000000E0));
#2336=B_SPLINE_CURVE_WITH_KNOTS('',1,(#2334,#2335),.UNSPECIFIED.,.F.,.F.,(2,2),(0.00000000000000000E0,1.00000000000000000E0),.UNSPECIFIED.);
#2337=DEFINITIONAL_REPRESENTATION('',(#2336),#1083);
#2338=PCURVE('',#585,#2337);
#2339=CARTESIAN_POINT('',(0.00000000000000000E0,1.00000000000000000E0));
#2340=CARTESIAN_POINT('',(0.00000000000000000E0,0.00000000000000000E0));
#2341=B_SPLINE_CURVE_WITH_KNOTS('',1,(#2339,#2340),.UNSPECIFIED.,.F.,.F.,(2,2),(0.00000000000000000E0,1.00000000000000000E0),.UNSPECIFIED.);
#2342=DEFINITIONAL_REPRESENTATION('',(#2341),#1083);
#2343=PCURVE('',#585,#2342);
#2344=CARTESIAN_POINT('',(0.00000000000000000E0,0.00000000000000000E0));
#2345=CARTESIAN_POINT('',(1.00000000000000000E0,0.00000000000000000E0));
#2346=B_SPLINE_CURVE_WITH_KNOTS('',1,(#2344,#2345),.UNSPECIFIED.,.F.,.F.,(2,2),(0.00000000000000000E0,1.00000000000000000E0),.UNSPECIFIED.);
#2347=DEFINITIONAL_REPRESENTATION('',(#2346),#1083);
#2348=PCURVE('',#592,#2347);
#2349=CARTESIAN_POINT('',(1.00000000000000000E0,0.00000000000000000E0));
#2350=CARTESIAN_POINT('',(1.00000000000000000E0,1.00000000000000000E0));
#2351=B_SPLINE_CURVE_WITH_KNOTS('',1,(#2349,#2350),.UNSPECIFIED.,.F.,.F.,(2,2),(0.00000000000000000E0,1.00000000000000000E0),.UNSPECIFIED.);
#2352=DEFINITIONAL_REPRESENTATION('',(#2351),#1083);
#2353=PCURVE('',#592,#2352);
#2354=CARTESIAN_POINT('',(1.00000000000000000E0,1.00000000000000000E0));
#2355=CARTESIAN_POINT('',(0.00000000000000000E0,1.00000000000000000E0));
#2356=B_SPLINE_CURVE_WITH_KNOTS('',1,(#2354,#2355),.UNSPECIFIED.,.F.,.F.,(2,2),(0.00000000000000000E0,1.00000000000000000E0),.UNSPECIFIED.);
#2357=DEFINITIONAL_REPRESENTATION('',(#2356),#1083);
#2358=PCURVE('',#592,#2357);
#2359=CARTESIAN_POINT('',(0.00000000000000000E0,1.00000000000000000E0));
#2360=CARTESIAN_POINT('',(0.00000000000000000E0,0.00000000000000000E0));
#2361=B_SPLINE_CURVE_WITH_KNOTS('',1,(#2359,#2360),.UNSPECIFIED.,.F.,.F.,(2,2),(0.00000000000000000E0,1.00000000000000000E0),.UNSPECIFIED.);
#2362=DEFINITIONAL_REPRESENTATION('',(#2361),#1083);
#2363=PCURVE('',#592,#2362);
#2364=CARTESIAN_POINT('',(-1.00000000000000000E0,0.00000000000000000E0));
#2365=CARTESIAN_POINT('',(-1.00000000000000000E0,-5.00000000000000000E-1));
#2366=CARTESIAN_POINT('',(0.00000000000000000E0,-5.00000000000000000E-1));
#2367=(BOUNDED_CURVE()B_SPLINE_CURVE(2,(#2364,#2365,#2366),.UNSPECIFIED.,.F.,.F.)B_SPLINE_CURVE_WITH_KNOTS((3,3),(0.00000000000000000E0,1.00000000000000000E0),.UNSPECIFIED.)CURVE()GEOMETRIC_REPRESENTATION_ITEM()RATIONAL_B_SPLINE_CURVE((1.00000000000000000E0,7.07106781186547573E-1,1.00000000000000000E0))REPRESENTATION_ITEM(''));
#2368=DEFINITIONAL_REPRESENTATION('',(#2367),#1083);
#2369=PCURVE('',#597,#2368);
#2370=CARTESIAN_POINT('',(0.00000000000000000E0,-5.00000000000000000E-1));
#2371=CARTESIAN_POINT('',(1.00000000000000000E0,-5.00000000000000000E-1));
#2372=CARTESIAN_POINT('',(1.00000000000000000E0,0.00000000000000000E0));
#2373=(BOUNDED_CURVE()B_SPLINE_CURVE(2,(#2370,#2371,#2372),.UNSPECIFIED.,.F.,.F.)B_SPLINE_CURVE_WITH_KNOTS((3,3),(0.00000000000000000E0,1.00000000000000000E0),.UNSPECIFIED.)CURVE()GEOMETRIC_REPRESENTATION_ITEM()RATIONAL_B_SPLINE_CURVE((1.00000000000000000E0,7.07106781186547573E-1,1.00000000000000000E0))REPRESENTATION_ITEM(''));
#2374=DEFINITIONAL_REPRESENTATION('',(#2373),#1083);
#2375=PCURVE('',#597,#2374);
#2376=CARTESIAN_POINT('',(1.00000000000000000E0,0.00000000000000000E0));
#2377=CARTESIAN_POINT('',(1.00000000000000000E0,5.00000000000000000E-1));
#2378=CARTESIAN_POINT('',(0.00000000000000000E0,5.00000000000000000E-1));
#2379=(BOUNDED_CURVE()B_SPLINE_CURVE(2,(#2376,#2377,#2378),.UNSPECIFIED.,.F.,.F.)B_SPLINE_CURVE_WITH_KNOTS((3,3),(0.00000000000000000E0,1.00000000000000000E0),.UNSPECIFIED.)CURVE()GEOMETRIC_REPRESENTATION_ITEM()RATIONAL_B_SPLINE_CURVE((1.00000000000000000E0,7.07106781186547573E-1,1.00000000000000000E0))REPRESENTATION_ITEM(''));
#2380=DEFINITIONAL_REPRESENTATION('',(#2379),#1083);
#2381=PCURVE('',#597,#2380);
#2382=CARTESIAN_POINT('',(0.00000000000000000E0,5.00000000000000000E-1));
#2383=CARTESIAN_POINT('',(-1.00000000000000000E0,5.00000000000000000E-1));
#2384=CARTESIAN_POINT('',(-1.00000000000000000E0,0.00000000000000000E0));
#2385=(BOUNDED_CURVE()B_SPLINE_CURVE(2,(#2382,#2383,#2384),.UNSPECIFIED.,.F.,.F.)B_SPLINE_CURVE_WITH_KNOTS((3,3),(0.00000000000000000E0,1.00000000000000000E0),.UNSPECIFIED.)CURVE()GEOMETRIC_REPRESENTATION_ITEM()RATIONAL_B_SPLINE_CURVE((1.00000000000000000E0,7.07106781186547573E-1,1.00000000000000000E0))REPRESENTATION_ITEM(''));
#2386=DEFINITIONAL_REPRESENTATION('',(#2385),#1083);
#2387=PCURVE('',#597,#2386);
#2388=CARTESIAN_POINT('',(-3.99999999999636202E-1,0.00000000000000000E0));
#2389=CARTESIAN_POINT('',(-3.99999999999636202E-1,1.99999999999818101E-1));
#2390=CARTESIAN_POINT('',(0.00000000000000000E0,1.99999999999818101E-1));
#2391=(BOUNDED_CURVE()B_SPLINE_CURVE(2,(#2388,#2389,#2390),.UNSPECIFIED.,.F.,.F.)B_SPLINE_CURVE_WITH_KNOTS((3,3),(0.00000000000000000E0,1.00000000000000000E0),.UNSPECIFIED.)CURVE()GEOMETRIC_REPRESENTATION_ITEM()RATIONAL_B_SPLINE_CURVE((1.00000000000000000E0,7.07106781186547573E-1,1.00000000000000000E0))REPRESENTATION_ITEM(''));
#2392=DEFINITIONAL_REPRESENTATION('',(#2391),#1083);
#2393=PCURVE('',#597,#2392);
#2394=CARTESIAN_POINT('',(0.00000000000000000E0,1.99999999999818101E-1));
#2395=CARTESIAN_POINT('',(3.99999999999636202E-1,1.99999999999818101E-1));
#2396=CARTESIAN_POINT('',(3.99999999999636202E-1,0.00000000000000000E0));
#2397=(BOUNDED_CURVE()B_SPLINE_CURVE(2,(#2394,#2395,#2396),.UNSPECIFIED.,.F.,.F.)B_SPLINE_CURVE_WITH_KNOTS((3,3),(0.00000000000000000E0,1.00000000000000000E0),.UNSPECIFIED.)CURVE()GEOMETRIC_REPRESENTATION_ITEM()RATIONAL_B_SPLINE_CURVE((1.00000000000000000E0,7.07106781186547573E-1,1.00000000000000000E0))REPRESENTATION_ITEM(''));
#2398=DEFINITIONAL_REPRESENTATION('',(#2397),#1083);
#2399=PCURVE('',#597,#2398);
#2400=CARTESIAN_POINT('',(3.99999999999636202E-1,0.00000000000000000E0));
#2401=CARTESIAN_POINT('',(3.99999999999636202E-1,-1.99999999999818101E-1));
#2402=CARTESIAN_POINT('',(0.00000000000000000E0,-1.99999999999818101E-1));
#2403=(BOUNDED_CURVE()B_SPLINE_CURVE(2,(#2400,#2401,#2402),.UNSPECIFIED.,.F.,.F.)B_SPLINE_CURVE_WITH_KNOTS((3,3),(0.00000000000000000E0,1.00000000000000000E0),.UNSPECIFIED.)CURVE()GEOMETRIC_REPRESENTATION_ITEM()RATIONAL_B_SPLINE_CURVE((1.00000000000000000E0,7.07106781186547573E-1,1.00000000000000000E0))REPRESENTATION_ITEM(''));
#2404=DEFINITIONAL_REPRESENTATION('',(#2403),#1083);
#2405=PCURVE('',#597,#2404);
#2406=CARTESIAN_POINT('',(0.00000000000000000E0,-1.99999999999818101E-1));
#2407=CARTESIAN_POINT('',(-3.99999999999636202E-1,-1.99999999999818101E-1));
#2408=CARTESIAN_POINT('',(-3.99999999999636202E-1,0.00000000000000000E0));
#2409=(BOUNDED_CURVE()B_SPLINE_CURVE(2,(#2406,#2407,#2408),.UNSPECIFIED.,.F.,.F.)B_SPLINE_CURVE_WITH_KNOTS((3,3),(0.00000000000000000E0,1.00000000000000000E0),.UNSPECIFIED.)CURVE()GEOMETRIC_REPRESENTATION_ITEM()RATIONAL_B_SPLINE_CURVE((1.00000000000000000E0,7.07106781186547573E-1,1.00000000000000000E0))REPRESENTATION_ITEM(''));
#2410=DEFINITIONAL_REPRESENTATION('',(#2409),#1083);
#2411=PCURVE('',#597,#2410);
#2412=CARTESIAN_POINT('',(1.00000000000000000E0,0.00000000000000000E0));
#2413=CARTESIAN_POINT('',(1.00000000000000000E0,3.53553390593333461E-1));
#2414=CARTESIAN_POINT('',(0.00000000000000000E0,3.53553390593333461E-1));
#2415=(BOUNDED_CURVE()B_SPLINE_CURVE(2,(#2412,#2413,#2414),.UNSPECIFIED.,.F.,.F.)B_SPLINE_CURVE_WITH_KNOTS((3,3),(0.00000000000000000E0,1.00000000000000000E0),.UNSPECIFIED.)CURVE()GEOMETRIC_REPRESENTATION_ITEM()RATIONAL_B_SPLINE_CURVE((1.00000000000000000E0,7.07106781186547573E-1,1.00000000000000000E0))REPRESENTATION_ITEM(''));
#2416=DEFINITIONAL_REPRESENTATION('',(#2415),#1083);
#2417=PCURVE('',#602,#2416);
#2418=CARTESIAN_POINT('',(0.00000000000000000E0,3.53553390593333461E-1));
#2419=CARTESIAN_POINT('',(-1.00000000000000000E0,3.53553390593333461E-1));
#2420=CARTESIAN_POINT('',(-1.00000000000000000E0,0.00000000000000000E0));
#2421=(BOUNDED_CURVE()B_SPLINE_CURVE(2,(#2418,#2419,#2420),.UNSPECIFIED.,.F.,.F.)B_SPLINE_CURVE_WITH_KNOTS((3,3),(0.00000000000000000E0,1.00000000000000000E0),.UNSPECIFIED.)CURVE()GEOMETRIC_REPRESENTATION_ITEM()RATIONAL_B_SPLINE_CURVE((1.00000000000000000E0,7.07106781186547573E-1,1.00000000000000000E0))REPRESENTATION_ITEM(''));
#2422=DEFINITIONAL_REPRESENTATION('',(#2421),#1083);
#2423=PCURVE('',#602,#2422);
#2424=CARTESIAN_POINT('',(-1.00000000000000000E0,0.00000000000000000E0));
#2425=CARTESIAN_POINT('',(-1.00000000000000000E0,-3.53553390593333461E-1));
#2426=CARTESIAN_POINT('',(0.00000000000000000E0,-3.53553390593333461E-1));
#2427=(BOUNDED_CURVE()B_SPLINE_CURVE(2,(#2424,#2425,#2426),.UNSPECIFIED.,.F.,.F.)B_SPLINE_CURVE_WITH_KNOTS((3,3),(0.00000000000000000E0,1.00000000000000000E0),.UNSPECIFIED.)CURVE()GEOMETRIC_REPRESENTATION_ITEM()RATIONAL_B_SPLINE_CURVE((1.00000000000000000E0,7.07106781186547573E-1,1.00000000000000000E0))REPRESENTATION_ITEM(''));
#2428=DEFINITIONAL_REPRESENTATION('',(#2427),#1083);
#2429=PCURVE('',#602,#2428);
#2430=CARTESIAN_POINT('',(0.00000000000000000E0,-3.53553390593333461E-1));
#2431=CARTESIAN_POINT('',(1.00000000000000000E0,-3.53553390593333461E-1));
#2432=CARTESIAN_POINT('',(1.00000000000000000E0,0.00000000000000000E0));
#2433=(BOUNDED_CURVE()B_SPLINE_CURVE(2,(#2430,#2431,#2432),.UNSPECIFIED.,.F.,.F.)B_SPLINE_CURVE_WITH_KNOTS((3,3),(0.00000000000000000E0,1.00000000000000000E0),.UNSPECIFIED.)CURVE()GEOMETRIC_REPRESENTATION_ITEM()RATIONAL_B_SPLINE_CURVE((1.00000000000000000E0,7.07106781186547573E-1,1.00000000000000000E0))REPRESENTATION_ITEM(''));
#2434=DEFINITIONAL_REPRESENTATION('',(#2433),#1083);
#2435=PCURVE('',#602,#2434);
#2436=CARTESIAN_POINT('',(3.99999999999636202E-1,0.00000000000000000E0));
#2437=CARTESIAN_POINT('',(3.99999999999636202E-1,-1.41421356237515283E-1));
#2438=CARTESIAN_POINT('',(0.00000000000000000E0,-1.41421356237515283E-1));
#2439=(BOUNDED_CURVE()B_SPLINE_CURVE(2,(#2436,#2437,#2438),.UNSPECIFIED.,.F.,.F.)B_SPLINE_CURVE_WITH_KNOTS((3,3),(0.00000000000000000E0,1.00000000000000000E0),.UNSPECIFIED.)CURVE()GEOMETRIC_REPRESENTATION_ITEM()RATIONAL_B_SPLINE_CURVE((1.00000000000000000E0,7.07106781186547573E-1,1.00000000000000000E0))REPRESENTATION_ITEM(''));
#2440=DEFINITIONAL_REPRESENTATION('',(#2439),#1083);
#2441=PCURVE('',#602,#2440);
#2442=CARTESIAN_POINT('',(0.00000000000000000E0,-1.41421356237515283E-1));
#2443=CARTESIAN_POINT('',(-3.99999999999636202E-1,-1.41421356237515283E-1));
#2444=CARTESIAN_POINT('',(-3.99999999999636202E-1,0.00000000000000000E0));
#2445=(BOUNDED_CURVE()B_SPLINE_CURVE(2,(#2442,#2443,#2444),.UNSPECIFIED.,.F.,.F.)B_SPLINE_CURVE_WITH_KNOTS((3,3),(0.00000000000000000E0,1.00000000000000000E0),.UNSPECIFIED.)CURVE()GEOMETRIC_REPRESENTATION_ITEM()RATIONAL_B_SPLINE_CURVE((1.00000000000000000E0,7.07106781186547573E-1,1.00000000000000000E0))REPRESENTATION_ITEM(''));
#2446=DEFINITIONAL_REPRESENTATION('',(#2445),#1083);
#2447=PCURVE('',#602,#2446);
#2448=CARTESIAN_POINT('',(-3.99999999999636202E-1,0.00000000000000000E0));
#2449=CARTESIAN_POINT('',(-3.99999999999636202E-1,1.41421356237515283E-1));
#2450=CARTESIAN_POINT('',(0.00000000000000000E0,1.41421356237515283E-1));
#2451=(BOUNDED_CURVE()B_SPLINE_CURVE(2,(#2448,#2449,#2450),.UNSPECIFIED.,.F.,.F.)B_SPLINE_CURVE_WITH_KNOTS((3,3),(0.00000000000000000E0,1.00000000000000000E0),.UNSPECIFIED.)CURVE()GEOMETRIC_REPRESENTATION_ITEM()RATIONAL_B_SPLINE_CURVE((1.00000000000000000E0,7.07106781186547573E-1,1.00000000000000000E0))REPRESENTATION_ITEM(''));
#2452=DEFINITIONAL_REPRESENTATION('',(#2451),#1083);
#2453=PCURVE('',#602,#2452);
#2454=CARTESIAN_POINT('',(0.00000000000000000E0,1.41421356237515283E-1));
#2455=CARTESIAN_POINT('',(3.99999999999636202E-1,1.41421356237515283E-1));
#2456=CARTESIAN_POINT('',(3.99999999999636202E-1,0.00000000000000000E0));
#2457=(BOUNDED_CURVE()B_SPLINE_CURVE(2,(#2454,#2455,#2456),.UNSPECIFIED.,.F.,.F.)B_SPLINE_CURVE_WITH_KNOTS((3,3),(0.00000000000000000E0,1.00000000000000000E0),.UNSPECIFIED.)CURVE()GEOMETRIC_REPRESENTATION_ITEM()RATIONAL_B_SPLINE_CURVE((1.00000000000000000E0,7.07106781186547573E-1,1.00000000000000000E0))REPRESENTATION_ITEM(''));
#2458=DEFINITIONAL_REPRESENTATION('',(#2457),#1083);
#2459=PCURVE('',#602,#2458);
#2460=SURFACE_CURVE('',#606,(#1088,#2387),.PCURVE_S1.);
#2461=EDGE_CURVE('OSCAD_TOPO/3|edge|e:336e8d4af48638829439ec126b3fa720|00b4729d3a02fa06070601c56d3526a48f86b6353d29c75cefa6e83b62fc1c2f',#2,#4,#2460,.T.);
#2462=SURFACE_CURVE('',#609,(#1093,#1123),.PCURVE_S1.);
#2463=EDGE_CURVE('OSCAD_TOPO/3|edge|e:ca3deedb0e34ffd7ff94d02529a82bbe|c3c7f0228f0e592f1e1b481e7b381354a979559dc831e643cf56ef89e13a61cc',#4,#20,#2462,.T.);
#2464=SURFACE_CURVE('',#613,(#1098,#1248),.PCURVE_S1.);
#2465=EDGE_CURVE('OSCAD_TOPO/3|edge|e:0cdbc91e86c1d5e0c80722969a8c08e9|3090b4babab5884e83e42f2195e635a63139f51d3c6ec9ca5144a4b2869a45e5',#18,#20,#2464,.T.);
#2466=SURFACE_CURVE('',#616,(#1103,#1153),.PCURVE_S1.);
#2467=EDGE_CURVE('OSCAD_TOPO/3|edge|e:e8ee70cb6d01691fd040ae2114e3c410|ce0ab3b9958d6d85a9148e0a5dc0cf52091faac820de3f9ed21cf4bffae6a05f',#2,#18,#2466,.T.);
#2468=SURFACE_CURVE('',#620,(#1108,#2381),.PCURVE_S1.);
#2469=EDGE_CURVE('OSCAD_TOPO/3|edge|e:db3b5fcca388efd1899b1f38d9cc752d|58312dc4a47c45b7d1f2dcc258d48780656c0b54442bbb5f0dd7172ed60bfec5',#4,#6,#2468,.T.);
#2470=SURFACE_CURVE('',#623,(#1113,#1143),.PCURVE_S1.);
#2471=EDGE_CURVE('OSCAD_TOPO/3|edge|e:b80fa805b36d590033366541cd9b7e4a|4737e444cd6dedc0ffbe7cfcbd0916717a88aaab4e617497b6173e35d4536254',#6,#22,#2470,.T.);
#2472=SURFACE_CURVE('',#627,(#1118,#1268),.PCURVE_S1.);
#2473=EDGE_CURVE('OSCAD_TOPO/3|edge|e:3d9f5168087c3a4cc2517f07dbdc66c8|224f20bb97382e3dd5037f196782271c951a65fd213f3353762f92cacbd8e14f',#20,#22,#2472,.T.);
#2474=SURFACE_CURVE('',#631,(#1128,#2375),.PCURVE_S1.);
#2475=EDGE_CURVE('OSCAD_TOPO/3|edge|e:2b9028ddd5a4dd083deea4d1a6241c5a|57376422aa80079103be8080fb86e9274b38de8c56bd2e245934199957d243f2',#6,#8,#2474,.T.);
#2476=SURFACE_CURVE('',#634,(#1133,#1163),.PCURVE_S1.);
#2477=EDGE_CURVE('OSCAD_TOPO/3|edge|e:b5fbe92ede4c2620917df01b75d18759|f82dea2fe775646eb879e5fde851f443feafabff6732594027b73a1a467217d9',#8,#24,#2476,.T.);
#2478=SURFACE_CURVE('',#638,(#1138,#1288),.PCURVE_S1.);
#2479=EDGE_CURVE('OSCAD_TOPO/3|edge|e:32b881677f5d097fe81adb2885219fe6|893a54a24618b279766a8a8e276c71ce2faa6370b758a4f270a3264cf30efb31',#22,#24,#2478,.T.);
#2480=SURFACE_CURVE('',#642,(#1148,#2369),.PCURVE_S1.);
#2481=EDGE_CURVE('OSCAD_TOPO/3|edge|e:6a78be6601fa511c9d1bf92db54b6d24|26c0db6f34bbff391fe537af6dff662cbd6c273e92ceb14a3b099cb512f4a4d6',#2,#8,#2480,.T.);
#2482=SURFACE_CURVE('',#646,(#1158,#1308),.PCURVE_S1.);
#2483=EDGE_CURVE('OSCAD_TOPO/3|edge|e:3297191e7ee00ba3972bad641edc9321|c3f9fc7aef0bc95e6d0c64f55da3e9b240de767a205dff4469c8a1238b7ecf91',#18,#24,#2482,.T.);
#2484=SURFACE_CURVE('',#650,(#1168,#2411),.PCURVE_S1.);
#2485=EDGE_CURVE('OSCAD_TOPO/3|edge|e:2922a91c847f7fdf16c65a60dd89a52d|eea2b3972604f04fb853a1cc97b9404d9d88b03ae87da1bc397257528b0369d4',#10,#12,#2484,.T.);
#2486=SURFACE_CURVE('',#653,(#1173,#1203),.PCURVE_S1.);
#2487=EDGE_CURVE('OSCAD_TOPO/3|edge|e:063c37b79222e5dc6bee0dd6d1a37c6e|f9fe79cb9d9072d7bb9067effcc9cbee8cf48eb87e587260b5ec8101eba58973',#12,#28,#2486,.T.);
#2488=SURFACE_CURVE('',#657,(#1178,#1328),.PCURVE_S1.);
#2489=EDGE_CURVE('OSCAD_TOPO/3|edge|e:1f4ea3833411902c33fe53ecb1f70e39|d2c1bea30bcd9a26a9761461d3a7f9aebb80387c90ed8fd056468d3b05ec1ac8',#26,#28,#2488,.T.);
#2490=SURFACE_CURVE('',#660,(#1183,#1233),.PCURVE_S1.);
#2491=EDGE_CURVE('OSCAD_TOPO/3|edge|e:95e842917a17bcfa5b730c9bf15b1c9b|f8cb589313c609955c9c9fddcbe964dc4bf56dba72f12a14c33c4e3a813001d6',#10,#26,#2490,.T.);
#2492=SURFACE_CURVE('',#664,(#1188,#2405),.PCURVE_S1.);
#2493=EDGE_CURVE('OSCAD_TOPO/3|edge|e:fe8f1fdc6c2604d08ba8312825c82fc0|d0500af7575039cc0d4cf0820ef2a2b47b1ba4c1a0f61406123ad914fdbb786e',#12,#14,#2492,.T.);
#2494=SURFACE_CURVE('',#667,(#1193,#1223),.PCURVE_S1.);
#2495=EDGE_CURVE('OSCAD_TOPO/3|edge|e:f8268d68865920e74f9c81fd63e363d4|f31330157ccd7f515a9d0acc2fbaa7a172f1ed35eaeec78f99de6afdaebe71a7',#14,#30,#2494,.T.);
#2496=SURFACE_CURVE('',#671,(#1198,#1348),.PCURVE_S1.);
#2497=EDGE_CURVE('OSCAD_TOPO/3|edge|e:bcc3fd376adce9ef51fa520eb128647c|260705d2849ec5b548a3bc16ac3a65cbba3e889edb336cf6e1fef68b5a8af1da',#28,#30,#2496,.T.);
#2498=SURFACE_CURVE('',#675,(#1208,#2399),.PCURVE_S1.);
#2499=EDGE_CURVE('OSCAD_TOPO/3|edge|e:878f8ac0d805d756b0b9b796e9e921aa|74b4d7be7e3ab78a6eb1259d306ec4c0f18cd9894c52f08b08e3a2d92e858fd6',#14,#16,#2498,.T.);
#2500=SURFACE_CURVE('',#678,(#1213,#1243),.PCURVE_S1.);
#2501=EDGE_CURVE('OSCAD_TOPO/3|edge|e:f03e3c61e70122f3533ee02f59b58d1f|2c59a01fdcb00d3c9342718ee28722162180ad876facc9e8186a476510432bab',#16,#32,#2500,.T.);
#2502=SURFACE_CURVE('',#682,(#1218,#1368),.PCURVE_S1.);
#2503=EDGE_CURVE('OSCAD_TOPO/3|edge|e:467345f7bbdc6a21f4d218a8fe435446|7351ac1add263fe222bad15508a58bca404322c75cee03188fc6d2fce7194723',#30,#32,#2502,.T.);
#2504=SURFACE_CURVE('',#686,(#1228,#2393),.PCURVE_S1.);
#2505=EDGE_CURVE('OSCAD_TOPO/3|edge|e:a83b887a7bf5dcd63d660464c55f8c93|9e65e56aca69d5a63b2033e88dd2396892fdd8548eba2673910c502c1dd77537',#10,#16,#2504,.T.);
#2506=SURFACE_CURVE('',#690,(#1238,#1388),.PCURVE_S1.);
#2507=EDGE_CURVE('OSCAD_TOPO/3|edge|e:4c2e5486105cf119de3e6e815d56da54|726f9c06d9923f01a90d572dac889fd5bfdf4e0605ce3d154a30bedc06c0daf5',#26,#32,#2506,.T.);
#2508=SURFACE_CURVE('',#693,(#1253,#1283),.PCURVE_S1.);
#2509=EDGE_CURVE('OSCAD_TOPO/3|edge|e:327f94803be668bf822ed637b12cfdaf|803c662d571f604b7aad981f7af3583b9a94fb892b7c23b27acede47ca1b4143',#20,#36,#2508,.T.);
#2510=SURFACE_CURVE('',#697,(#1258,#1408),.PCURVE_S1.);
#2511=EDGE_CURVE('OSCAD_TOPO/3|edge|e:c878b15eece9e1ce366e1f9903d5d816|c01319e14ea23e33fb1248d28417cb6d301b6fa4929e2cefd1ccbd92aeec18a1',#34,#36,#2510,.T.);
#2512=SURFACE_CURVE('',#700,(#1263,#1313),.PCURVE_S1.);
#2513=EDGE_CURVE('OSCAD_TOPO/3|edge|e:e133bb54b1f49e4b41f282fd2a608b35|77715b03288e9374e342c4f6ae805d675c7bb9485458755e71f2b4ef1b30eb49',#18,#34,#2512,.T.);
#2514=SURFACE_CURVE('',#703,(#1273,#1303),.PCURVE_S1.);
#2515=EDGE_CURVE('OSCAD_TOPO/3|edge|e:dda3517fb238206df14244f6071e548c|d7752f23a0d97e6a7d4cea1fd0e6388e9cf1951eb188ea520b59e062fbc86670',#22,#38,#2514,.T.);
#2516=SURFACE_CURVE('',#707,(#1278,#1428),.PCURVE_S1.);
#2517=EDGE_CURVE('OSCAD_TOPO/3|edge|e:1ec1314ad8cdbc72a53c7657ed7c5e4f|bb841c8ac804d0e63bcd1bb6008ded9695d0d666c6a5016f3743f64cf7929596',#36,#38,#2516,.T.);
#2518=SURFACE_CURVE('',#710,(#1293,#1323),.PCURVE_S1.);
#2519=EDGE_CURVE('OSCAD_TOPO/3|edge|e:06ea421e708f135d598ac7493bd662fe|dc9261ae65e0ae8249620a4ff2b9ebc8cb26afba148884ed33274cfa3333e894',#24,#40,#2518,.T.);
#2520=SURFACE_CURVE('',#714,(#1298,#1448),.PCURVE_S1.);
#2521=EDGE_CURVE('OSCAD_TOPO/3|edge|e:78daa825f0d67bb9c4c5608a103b3af0|7e52551680bcd43401fd5afc1f655c6876fffe5d13e719d33a8eac426538e614',#38,#40,#2520,.T.);
#2522=SURFACE_CURVE('',#718,(#1318,#1468),.PCURVE_S1.);
#2523=EDGE_CURVE('OSCAD_TOPO/3|edge|e:7f6217090d7d5f64adf021b45e02acb2|b4a309b05add4d1015c03cd2f7c10385c330d7e931d61928c7252f36738711fd',#34,#40,#2522,.T.);
#2524=SURFACE_CURVE('',#721,(#1333,#1363),.PCURVE_S1.);
#2525=EDGE_CURVE('OSCAD_TOPO/3|edge|e:0290e1940be0bb56d855a87a02250609|e795ee501fc072e048d53aad319dcba132608c3cc2ae708ea663400a4ee2d233',#28,#44,#2524,.T.);
#2526=SURFACE_CURVE('',#725,(#1338,#1488),.PCURVE_S1.);
#2527=EDGE_CURVE('OSCAD_TOPO/3|edge|e:9a60e0c4a1fae2d2f368a14376c55a27|dc5155e17ccb2ad5d854f79da777fbd1fae3df82fd429008dc64b34f17c22889',#42,#44,#2526,.T.);
#2528=SURFACE_CURVE('',#728,(#1343,#1393),.PCURVE_S1.);
#2529=EDGE_CURVE('OSCAD_TOPO/3|edge|e:11076b4943bd35c7afd1c5dc483c0ca1|f9c067447440b1fccdbb48189d9fcdef384d7663675c7eb53b799ebaa3ddbab8',#26,#42,#2528,.T.);
#2530=SURFACE_CURVE('',#731,(#1353,#1383),.PCURVE_S1.);
#2531=EDGE_CURVE('OSCAD_TOPO/3|edge|e:ab2604f0b6cf9d492591949c6e1d130e|37d227d293b7089a549f055e5956ea36777a3059cd7341e6e341c3c356d60efd',#30,#46,#2530,.T.);
#2532=SURFACE_CURVE('',#735,(#1358,#1508),.PCURVE_S1.);
#2533=EDGE_CURVE('OSCAD_TOPO/3|edge|e:6daf03cee252e88a0fff7c90aa35edd6|bce7f00575103617807f30757a5ca60daeb893a919e9926b647964e32a8c52d4',#44,#46,#2532,.T.);
#2534=SURFACE_CURVE('',#738,(#1373,#1403),.PCURVE_S1.);
#2535=EDGE_CURVE('OSCAD_TOPO/3|edge|e:0a779ae03dac424afc733a5eb764c0e3|2429074dfae27a3d4210b3e1b0d04f263b5fbf355359dc42344d80a18c7f0a45',#32,#48,#2534,.T.);
#2536=SURFACE_CURVE('',#742,(#1378,#1528),.PCURVE_S1.);
#2537=EDGE_CURVE('OSCAD_TOPO/3|edge|e:feb9a1d7ac6b6cba32d865e70de0e1ff|34561321c733fb7ec8d2d6c7489ac8795b1b7adec1e0df1b896452816ce2735b',#46,#48,#2536,.T.);
#2538=SURFACE_CURVE('',#746,(#1398,#1548),.PCURVE_S1.);
#2539=EDGE_CURVE('OSCAD_TOPO/3|edge|e:72c7fa85e202a88af19d187cf3ae2940|e81a0e8af402c2686dbfbca8560fee77ae6832f1e4fed3f9252283e5d62da193',#42,#48,#2538,.T.);
#2540=SURFACE_CURVE('',#749,(#1413,#1443),.PCURVE_S1.);
#2541=EDGE_CURVE('OSCAD_TOPO/3|edge|e:7477b3d08e96f36f3648bb4a5076d172|a27ea8935a25903b2771a9f2cb80b66bb885b1b76ea071381ed269947ff0367b',#36,#52,#2540,.T.);
#2542=SURFACE_CURVE('',#753,(#1418,#1568),.PCURVE_S1.);
#2543=EDGE_CURVE('OSCAD_TOPO/3|edge|e:dfbed75fcbe584ca685afe448de5e729|aaac1d142e477238118af11b555aad51b53622eae769206bd6c61bbcf8aa5174',#50,#52,#2542,.T.);
#2544=SURFACE_CURVE('',#756,(#1423,#1473),.PCURVE_S1.);
#2545=EDGE_CURVE('OSCAD_TOPO/3|edge|e:cd93b135fd782ae81c6f4b5b25c2953c|290b9d50bd69f4dba2d61dcc998c0b7a83094bfccd94ea9ad0660efaad889c7c',#34,#50,#2544,.T.);
#2546=SURFACE_CURVE('',#759,(#1433,#1463),.PCURVE_S1.);
#2547=EDGE_CURVE('OSCAD_TOPO/3|edge|e:4eec7890fa78bf2572e46041446b9eff|e9bac1c0a08611db1a381dcdf9b956c5185ac7d78fbd3df6fcef4e13cdd2f24f',#38,#54,#2546,.T.);
#2548=SURFACE_CURVE('',#763,(#1438,#1588),.PCURVE_S1.);
#2549=EDGE_CURVE('OSCAD_TOPO/3|edge|e:5da7917857807bf078e06650e707f7ca|087a6dd4972ce09219676120ba0081e8847500414b29db4c04d557cf4cef760c',#52,#54,#2548,.T.);
#2550=SURFACE_CURVE('',#766,(#1453,#1483),.PCURVE_S1.);
#2551=EDGE_CURVE('OSCAD_TOPO/3|edge|e:701428570cd5af76e4815f2084f30a9f|a946fcdfeb7e962d22417ac92dddb04134f28eff3d49ee31ecd62191a7f8fed6',#40,#56,#2550,.T.);
#2552=SURFACE_CURVE('',#770,(#1458,#1608),.PCURVE_S1.);
#2553=EDGE_CURVE('OSCAD_TOPO/3|edge|e:eee8b3760459b0047243e5247e97a25e|66de4652340ce084e3f0fe5f0a6249cdb4f82511e769c531eec7b52f598729e4',#54,#56,#2552,.T.);
#2554=SURFACE_CURVE('',#774,(#1478,#1628),.PCURVE_S1.);
#2555=EDGE_CURVE('OSCAD_TOPO/3|edge|e:c1ba610267eb363d03d5a5bde666da12|0013a213c1fbbdb935163863b44ab94d787c6df14c2bca42d3da930ee13761c9',#50,#56,#2554,.T.);
#2556=SURFACE_CURVE('',#777,(#1493,#1523),.PCURVE_S1.);
#2557=EDGE_CURVE('OSCAD_TOPO/3|edge|e:6d310b93036d443d3c33f09828bf202d|b0f3553cf3e34671220f1c6049c628d22ccfd9d86ae45bae041f029f0c4cdf09',#44,#60,#2556,.T.);
#2558=SURFACE_CURVE('',#781,(#1498,#1648),.PCURVE_S1.);
#2559=EDGE_CURVE('OSCAD_TOPO/3|edge|e:64f057ea2fe14e0d61240c19523f9886|410d53b0a1a692a4a6660cb39f0be3d281a21f27b18e8b8cc8cadcbb176e1c7f',#58,#60,#2558,.T.);
#2560=SURFACE_CURVE('',#784,(#1503,#1553),.PCURVE_S1.);
#2561=EDGE_CURVE('OSCAD_TOPO/3|edge|e:a67366b0dbaa4a6e154fc71417e91bbb|52148dd287b8b2d731e244636a0a2f03281c610ff1816aa89ed27eb42e36bdb4',#42,#58,#2560,.T.);
#2562=SURFACE_CURVE('',#787,(#1513,#1543),.PCURVE_S1.);
#2563=EDGE_CURVE('OSCAD_TOPO/3|edge|e:2c1e79d295e9f2d3f46de2ce42cf97b8|fe80a5a11ec783ca1f239b7c00424c350b7dabc3e10342dafb8c247961ca5ce2',#46,#62,#2562,.T.);
#2564=SURFACE_CURVE('',#791,(#1518,#1668),.PCURVE_S1.);
#2565=EDGE_CURVE('OSCAD_TOPO/3|edge|e:af568db4956ddc5c63ba34b889f8b969|dd3a1fd4dc7f78302b3cff2b7f1ccb790c54b8aef97fcfc0d2d7c389fec9e758',#60,#62,#2564,.T.);
#2566=SURFACE_CURVE('',#794,(#1533,#1563),.PCURVE_S1.);
#2567=EDGE_CURVE('OSCAD_TOPO/3|edge|e:1fffb05347baacb20b52efc67dfa32af|ad282c00be1884fb6df573eec7e1b5f8fda1ca54e08a5cb10603c1d1f35639b3',#48,#64,#2566,.T.);
#2568=SURFACE_CURVE('',#798,(#1538,#1688),.PCURVE_S1.);
#2569=EDGE_CURVE('OSCAD_TOPO/3|edge|e:4e1ddfe8361d62464e641453cbc7dcca|b68c1338427a8c16288f233ad230fb31ec3094a0d68193faef1562baf9319b61',#62,#64,#2568,.T.);
#2570=SURFACE_CURVE('',#802,(#1558,#1708),.PCURVE_S1.);
#2571=EDGE_CURVE('OSCAD_TOPO/3|edge|e:ab501e270dbc2b00c422740f8f4bec46|1f42a26b03473568a6bac04aa300a02e230aad3db09e7ff503dd32e9c8f799f0',#58,#64,#2570,.T.);
#2572=SURFACE_CURVE('',#805,(#1573,#1603),.PCURVE_S1.);
#2573=EDGE_CURVE('OSCAD_TOPO/3|edge|e:913d5f67d3a3ae791ee9cc1a42281a38|30baf4d851d63588d098160e7d197e3e3b43d755cc1d97cc4e3fd8bf7e752fdd',#52,#68,#2572,.T.);
#2574=SURFACE_CURVE('',#809,(#1578,#1728),.PCURVE_S1.);
#2575=EDGE_CURVE('OSCAD_TOPO/3|edge|e:5a1a69c92f73434504349ac7732c7f7f|1e7ce0e9287a7f90ed97f45ab6961bab8eb0a992477e0c98b77b60b874315d97',#66,#68,#2574,.T.);
#2576=SURFACE_CURVE('',#812,(#1583,#1633),.PCURVE_S1.);
#2577=EDGE_CURVE('OSCAD_TOPO/3|edge|e:30bce5548ac54f255e9681633a1fc282|377ba67c7e3d2f32391354d1fea30c36565bbe67d73615e6543a74dac66fb4c5',#50,#66,#2576,.T.);
#2578=SURFACE_CURVE('',#815,(#1593,#1623),.PCURVE_S1.);
#2579=EDGE_CURVE('OSCAD_TOPO/3|edge|e:b6b6d674888044531570ca63a102bbbb|805cf938fe1975d0016269238230850c83b4081efaf510ee9f2a43e17ed708e9',#54,#70,#2578,.T.);
#2580=SURFACE_CURVE('',#819,(#1598,#1748),.PCURVE_S1.);
#2581=EDGE_CURVE('OSCAD_TOPO/3|edge|e:81f72afb617042856ed15b18f6f7d97d|3dc9667ac739ab9328d463a337060cc8553ed415805f4119f9a591cc6a25f9b7',#68,#70,#2580,.T.);
#2582=SURFACE_CURVE('',#822,(#1613,#1643),.PCURVE_S1.);
#2583=EDGE_CURVE('OSCAD_TOPO/3|edge|e:97f2bd6e9f3e250186da40c1e52faead|abadd5b5a2d36aefaa137c0403d33542d35adba5cd665c01da28bb6ef02128b3',#56,#72,#2582,.T.);
#2584=SURFACE_CURVE('',#826,(#1618,#1768),.PCURVE_S1.);
#2585=EDGE_CURVE('OSCAD_TOPO/3|edge|e:25a2059e36e17a0cc0c0c0d51ec72465|a52e5602df2d6aac237f635fcef5652246cdc41e11eadcc177ff9ee6ac296a7a',#70,#72,#2584,.T.);
#2586=SURFACE_CURVE('',#830,(#1638,#1788),.PCURVE_S1.);
#2587=EDGE_CURVE('OSCAD_TOPO/3|edge|e:3f4037e2bc4ca184f6706e30cd7de519|2da3bc73a8b59b1e0841000e1f9150c39d02ffc94dd47967c319169a1a80a5ed',#66,#72,#2586,.T.);
#2588=SURFACE_CURVE('',#833,(#1653,#1683),.PCURVE_S1.);
#2589=EDGE_CURVE('OSCAD_TOPO/3|edge|e:8cb13bf1ed25528b2da24d7c454b4f9a|f5d216438377ccdf7be121ed54ae6e7fd6df5e9ae8fc2e216b6eaacc61baae99',#60,#76,#2588,.T.);
#2590=SURFACE_CURVE('',#837,(#1658,#1808),.PCURVE_S1.);
#2591=EDGE_CURVE('OSCAD_TOPO/3|edge|e:940cb971a2b516a2fc985ed9cdb39403|c5a3e4c340492513cac8fcceb3645eccbc28a4c8b94179d0f92c43ccec1f70bb',#74,#76,#2590,.T.);
#2592=SURFACE_CURVE('',#840,(#1663,#1713),.PCURVE_S1.);
#2593=EDGE_CURVE('OSCAD_TOPO/3|edge|e:95ee63afd986e767a374d412e73c2eb7|1e452afbe1e6988faca4438fdc2efa4588b555ce216b877627c62928769138da',#58,#74,#2592,.T.);
#2594=SURFACE_CURVE('',#843,(#1673,#1703),.PCURVE_S1.);
#2595=EDGE_CURVE('OSCAD_TOPO/3|edge|e:f25008ff33bf3718becf3e155b3e6386|9629d80ea662b2d939c369a145030e1b38ee6b8b58a91bb9977bbb6a871134ed',#62,#78,#2594,.T.);
#2596=SURFACE_CURVE('',#847,(#1678,#1828),.PCURVE_S1.);
#2597=EDGE_CURVE('OSCAD_TOPO/3|edge|e:bdc40cfae6f33d97f15594b9ed99069c|1390406716169ef64fddf323610cc11e6451204ef1036359f7fd9634e4b0eb8f',#76,#78,#2596,.T.);
#2598=SURFACE_CURVE('',#850,(#1693,#1723),.PCURVE_S1.);
#2599=EDGE_CURVE('OSCAD_TOPO/3|edge|e:396c56c36b17b72d613d5f06bf552c56|6b6ffe39fc74770b72251c2fc276f3c6e27149b20ff2177735fed47d86b7111b',#64,#80,#2598,.T.);
#2600=SURFACE_CURVE('',#854,(#1698,#1848),.PCURVE_S1.);
#2601=EDGE_CURVE('OSCAD_TOPO/3|edge|e:015351260c3f77ed490221f3eba7e15a|8a89bae643dcd4452e7929e3f0cc33c966c50f9bac8e61b54bf945330dbdc1a6',#78,#80,#2600,.T.);
#2602=SURFACE_CURVE('',#858,(#1718,#1868),.PCURVE_S1.);
#2603=EDGE_CURVE('OSCAD_TOPO/3|edge|e:b796c98d9b07d984ea98eb7fb426cfa3|1bd2b90bdebcbc305ca2be7330ff6f8ea1ae29dae55c22e858cd89ddd0cba051',#74,#80,#2602,.T.);
#2604=SURFACE_CURVE('',#861,(#1733,#1763),.PCURVE_S1.);
#2605=EDGE_CURVE('OSCAD_TOPO/3|edge|e:3ede9ed4a58131f26c2c180468b00c00|e44d27e198c3c33d730a1e255631527a6817e617418aaf04983d4f0bd47dcd1b',#68,#84,#2604,.T.);
#2606=SURFACE_CURVE('',#865,(#1738,#1888),.PCURVE_S1.);
#2607=EDGE_CURVE('OSCAD_TOPO/3|edge|e:6a6fd308953b010df2f763cb4e9f17eb|1e016cce00da5559ceefd308c141006933691a22c53b76eab98321f06b04d167',#82,#84,#2606,.T.);
#2608=SURFACE_CURVE('',#868,(#1743,#1793),.PCURVE_S1.);
#2609=EDGE_CURVE('OSCAD_TOPO/3|edge|e:8e39a0f90e8ee8e5275925639cbb9070|0f834d6fca8e6e98100a4d926e7de4d7db462db5be4605836ec77e58e655c373',#66,#82,#2608,.T.);
#2610=SURFACE_CURVE('',#871,(#1753,#1783),.PCURVE_S1.);
#2611=EDGE_CURVE('OSCAD_TOPO/3|edge|e:8adf377b24dd1106c45b371ddcc0be1a|e05185c2c9ce0dc825e4a51b949d93e5226fa18b80b8d2b3e3dfe5be14a98d32',#70,#86,#2610,.T.);
#2612=SURFACE_CURVE('',#875,(#1758,#1908),.PCURVE_S1.);
#2613=EDGE_CURVE('OSCAD_TOPO/3|edge|e:e71087ab5f9e81b8d58c70eeecf52c74|b3653533b07a86c37db0e0e3a62919cb5b813ceb95ff8e3935749089cd2b1408',#84,#86,#2612,.T.);
#2614=SURFACE_CURVE('',#878,(#1773,#1803),.PCURVE_S1.);
#2615=EDGE_CURVE('OSCAD_TOPO/3|edge|e:053b0254fdb376604697f3bfd295baa8|992ef8b68317090eca520a88383bb4fdb7b4753c20f89ba8f6b9bd9c65008584',#72,#88,#2614,.T.);
#2616=SURFACE_CURVE('',#882,(#1778,#1928),.PCURVE_S1.);
#2617=EDGE_CURVE('OSCAD_TOPO/3|edge|e:b60c99b6fb08aeded12921d6c63dc5f1|b938d4863edbbc0e2fadbc6f48bb67b2c447476e6fa394bdbd1fba5502f6576a',#86,#88,#2616,.T.);
#2618=SURFACE_CURVE('',#886,(#1798,#1948),.PCURVE_S1.);
#2619=EDGE_CURVE('OSCAD_TOPO/3|edge|e:e9bdad3638b20117ed4adb185dfa8d99|5722ea1fa0c0f03f093dae15f9d63f5c7dc22f5ab8047a4834be79ede28bc3e1',#82,#88,#2618,.T.);
#2620=SURFACE_CURVE('',#889,(#1813,#1843),.PCURVE_S1.);
#2621=EDGE_CURVE('OSCAD_TOPO/3|edge|e:714bf3109fddd1f60eacc6b3e794163f|e9cd04fc124a277413b0dbc20b25f602378a9ff963ea40f11f576fde2b5fbc51',#76,#92,#2620,.T.);
#2622=SURFACE_CURVE('',#893,(#1818,#1968),.PCURVE_S1.);
#2623=EDGE_CURVE('OSCAD_TOPO/3|edge|e:198e8982981d0afdbf0cc8a91afdb3c1|1bd677e61994daac2af292fb0ebd8ce5749e6a97ed8866abce941d61167c54c8',#90,#92,#2622,.T.);
#2624=SURFACE_CURVE('',#896,(#1823,#1873),.PCURVE_S1.);
#2625=EDGE_CURVE('OSCAD_TOPO/3|edge|e:a084f16895972ae0bd77976969bbb0ab|74c46268aad4fdb87d028bce35098acd3cdbbe5b8e49d1a53748b6ec50f6b4bc',#74,#90,#2624,.T.);
#2626=SURFACE_CURVE('',#899,(#1833,#1863),.PCURVE_S1.);
#2627=EDGE_CURVE('OSCAD_TOPO/3|edge|e:2936baf62c17dd730f97d2a3251c4f64|5cb9f79bc54a07411bfb04d7012a8d4d04751ec62b973d847288b5796b9a3459',#78,#94,#2626,.T.);
#2628=SURFACE_CURVE('',#903,(#1838,#1988),.PCURVE_S1.);
#2629=EDGE_CURVE('OSCAD_TOPO/3|edge|e:a9a145d53ef9614dcf9099917012cb5e|b6676f9745a7b558ca2c85ced99318c208d109d5e26200e321b7ceca815f957d',#92,#94,#2628,.T.);
#2630=SURFACE_CURVE('',#906,(#1853,#1883),.PCURVE_S1.);
#2631=EDGE_CURVE('OSCAD_TOPO/3|edge|e:1871b0db6fd3aa09e91a880f83462a8e|ffd6b2faf01595a16adcadcec908a79805920841a689e6de2e36da059367ffc4',#80,#96,#2630,.T.);
#2632=SURFACE_CURVE('',#910,(#1858,#2008),.PCURVE_S1.);
#2633=EDGE_CURVE('OSCAD_TOPO/3|edge|e:e896eb0ffc5cfd7b945eb4138bbaeb7e|c29f8c972566f2a174c68ddb4b23b1e79ee81aca6e25e53a61dad6c02401ad50',#94,#96,#2632,.T.);
#2634=SURFACE_CURVE('',#914,(#1878,#2028),.PCURVE_S1.);
#2635=EDGE_CURVE('OSCAD_TOPO/3|edge|e:6a6ac87b813b9bb50aa52fef5d4384f4|04148079f21b64e65e1a61f98ceb22e5e18ba291b4a269e3adc49ec10c6f74b4',#90,#96,#2634,.T.);
#2636=SURFACE_CURVE('',#917,(#1893,#1923),.PCURVE_S1.);
#2637=EDGE_CURVE('OSCAD_TOPO/3|edge|e:9baf9b34a6ff7f0f3ba1235e63b69ab6|d7dbe8d9645915e2998dc34cf93529930f1955d0ca124ef89757b383b6085eae',#84,#100,#2636,.T.);
#2638=SURFACE_CURVE('',#921,(#1898,#2048),.PCURVE_S1.);
#2639=EDGE_CURVE('OSCAD_TOPO/3|edge|e:e9491a39c0069276164ddbbc31fd4595|37e091826391f14a914cc69952c9fa3de4ba563e645564cee064b78e969931a7',#98,#100,#2638,.T.);
#2640=SURFACE_CURVE('',#924,(#1903,#1953),.PCURVE_S1.);
#2641=EDGE_CURVE('OSCAD_TOPO/3|edge|e:d86dd4c316ea6b9e99e5f6f89f6880a4|90339cf9fdf17394fa1e3185409c8dbbeefe8bda3bb2ae966d9c07b67d8a8298',#82,#98,#2640,.T.);
#2642=SURFACE_CURVE('',#927,(#1913,#1943),.PCURVE_S1.);
#2643=EDGE_CURVE('OSCAD_TOPO/3|edge|e:241f7974dd8aa612654da3f29c171e1c|2acfdb666bde44d0006036c91ab625d2c4438f81ffd1803b140bd47edfa54bb6',#86,#102,#2642,.T.);
#2644=SURFACE_CURVE('',#931,(#1918,#2068),.PCURVE_S1.);
#2645=EDGE_CURVE('OSCAD_TOPO/3|edge|e:3aaaeca83d8514edd529d9d9a4df0d65|614821444c98d9a3e52cf4f2d2accbd2b30b1e37f2fdd14b7fe727eb8ee51043',#100,#102,#2644,.T.);
#2646=SURFACE_CURVE('',#934,(#1933,#1963),.PCURVE_S1.);
#2647=EDGE_CURVE('OSCAD_TOPO/3|edge|e:b6dd073752775d4f4adaa1bbc155b7ed|f45ed0dcf4bc0209ea0f083e314695b38e6a3965d343b228632bb4423537a8f0',#88,#104,#2646,.T.);
#2648=SURFACE_CURVE('',#938,(#1938,#2088),.PCURVE_S1.);
#2649=EDGE_CURVE('OSCAD_TOPO/3|edge|e:5c9fe7cb244199f71b4d8e2212da4cf1|704f6ee9805bb64bcb585c22d862630cd2388b48485b20c6226c8f3f7f50cc70',#102,#104,#2648,.T.);
#2650=SURFACE_CURVE('',#942,(#1958,#2108),.PCURVE_S1.);
#2651=EDGE_CURVE('OSCAD_TOPO/3|edge|e:1e7d99d5fec75456969d8481a08e40ed|f313eba2bf584e679027f3ac1f34ef8f6b4169b76ad39d9c7d5d1a1e6c833df9',#98,#104,#2650,.T.);
#2652=SURFACE_CURVE('',#945,(#1973,#2003),.PCURVE_S1.);
#2653=EDGE_CURVE('OSCAD_TOPO/3|edge|e:720ed2df0799c24999e5e9eaf6ceecd9|bc51ceebaf39677237904e1fc809b5c63cbe9205956641665aaeee60d49af053',#92,#108,#2652,.T.);
#2654=SURFACE_CURVE('',#949,(#1978,#2128),.PCURVE_S1.);
#2655=EDGE_CURVE('OSCAD_TOPO/3|edge|e:c0f08b15b64d2323f338b887a99eed83|d1d77fef6b0b8a8bf7653ceb4241204b01d96e5a6dc35593a794ac034d0e5915',#106,#108,#2654,.T.);
#2656=SURFACE_CURVE('',#952,(#1983,#2033),.PCURVE_S1.);
#2657=EDGE_CURVE('OSCAD_TOPO/3|edge|e:a8218162ec2259db69ace458553cb53e|1394922d74457572802eac66684dcd2b20487d0aedf4a5b10a472efcfbfa70ad',#90,#106,#2656,.T.);
#2658=SURFACE_CURVE('',#955,(#1993,#2023),.PCURVE_S1.);
#2659=EDGE_CURVE('OSCAD_TOPO/3|edge|e:91b868584cf2e8ac8e85ba1376a27657|2ce51625840dc2d5907d337ac672f8fb2a089b1db8cbc834b09afe170c501a04',#94,#110,#2658,.T.);
#2660=SURFACE_CURVE('',#959,(#1998,#2148),.PCURVE_S1.);
#2661=EDGE_CURVE('OSCAD_TOPO/3|edge|e:9991e2c048e6bc370550e1329985efad|d8bc765a963ae75573684d47d253ed7f500b9c3db491c6dc5f84c733f40d21bd',#108,#110,#2660,.T.);
#2662=SURFACE_CURVE('',#962,(#2013,#2043),.PCURVE_S1.);
#2663=EDGE_CURVE('OSCAD_TOPO/3|edge|e:a29392030af5e711ef8614a2a25a7020|bbe7ddfac6d35cbbbb95d058da9aa1bed000ad9dfe6e67e8225a8123cd7c1330',#96,#112,#2662,.T.);
#2664=SURFACE_CURVE('',#966,(#2018,#2168),.PCURVE_S1.);
#2665=EDGE_CURVE('OSCAD_TOPO/3|edge|e:7c05e1979a3249bf83b4fc4abac49bf7|afa0b9c59eba48c9584f61467c97698aae83f17e2c20177e8f6834c20eaf3496',#110,#112,#2664,.T.);
#2666=SURFACE_CURVE('',#970,(#2038,#2188),.PCURVE_S1.);
#2667=EDGE_CURVE('OSCAD_TOPO/3|edge|e:c91fe88c73a8f5d218eac96393f993f2|4547d52c7c70f9886bbaadc1433425a76dd4e25253bfdbee91adebb8ece13535',#106,#112,#2666,.T.);
#2668=SURFACE_CURVE('',#973,(#2053,#2083),.PCURVE_S1.);
#2669=EDGE_CURVE('OSCAD_TOPO/3|edge|e:201940f4dbb13f9b9c601a4bebde68d6|137db4ae0110d67d79d0fb242c8d28fe55fe9b4ce4612df9aa23e6989bc2c9e8',#100,#116,#2668,.T.);
#2670=SURFACE_CURVE('',#977,(#2058,#2208),.PCURVE_S1.);
#2671=EDGE_CURVE('OSCAD_TOPO/3|edge|e:57e8e15c99daf5eb4fa57567f73ba428|8195cdf43d766dca9b9c6e48c08f87f446a061c7a8a797a6516c038eeebdf483',#114,#116,#2670,.T.);
#2672=SURFACE_CURVE('',#980,(#2063,#2113),.PCURVE_S1.);
#2673=EDGE_CURVE('OSCAD_TOPO/3|edge|e:45d92cd2b10a97175c046f4e3b27cb14|521d1e36bedba8d77b59db43911bb7fd59886b3629ad0ee964974092e0b2bf76',#98,#114,#2672,.T.);
#2674=SURFACE_CURVE('',#983,(#2073,#2103),.PCURVE_S1.);
#2675=EDGE_CURVE('OSCAD_TOPO/3|edge|e:6c97806ff7a742b6eadca02b9fa5863d|8b23202c8257c9e20095dd10d635664175f055339722f9b43d03298bfa544449',#102,#118,#2674,.T.);
#2676=SURFACE_CURVE('',#987,(#2078,#2228),.PCURVE_S1.);
#2677=EDGE_CURVE('OSCAD_TOPO/3|edge|e:7db2b75e31cf634df4ecf615f30e5ec5|01294b3e4668874ea24ff2395ec7463191129bcb0ff4b66b8c29195051e94b34',#116,#118,#2676,.T.);
#2678=SURFACE_CURVE('',#990,(#2093,#2123),.PCURVE_S1.);
#2679=EDGE_CURVE('OSCAD_TOPO/3|edge|e:b62d4c8eff25204d9b9856091e08ff71|20b1d30ae90c95b61f1007884a82fcc439b377237984725b187ac186ff95414b',#104,#120,#2678,.T.);
#2680=SURFACE_CURVE('',#994,(#2098,#2248),.PCURVE_S1.);
#2681=EDGE_CURVE('OSCAD_TOPO/3|edge|e:0f6e178cb6bf1bedc26c6d2b233e07a3|c20edbcf4b4284cba5f3dfc79aa655ec9ba8feb232fdd6c9c5ac79523ec39a74',#118,#120,#2680,.T.);
#2682=SURFACE_CURVE('',#998,(#2118,#2268),.PCURVE_S1.);
#2683=EDGE_CURVE('OSCAD_TOPO/3|edge|e:02a6eabdd275875d1e832118b856223f|f423d0226680eca32556f20cae799abe2509e85cc76a8b302ea81b4e2b145564',#114,#120,#2682,.T.);
#2684=SURFACE_CURVE('',#1001,(#2133,#2163),.PCURVE_S1.);
#2685=EDGE_CURVE('OSCAD_TOPO/3|edge|e:d918b0ea98ee5543b8a7b27172d1b5af|d24e62f705cb241b16fb35701c2d390671721bd93ddc069a542b2bdc45512bb3',#108,#124,#2684,.T.);
#2686=SURFACE_CURVE('',#1005,(#2138,#2288),.PCURVE_S1.);
#2687=EDGE_CURVE('OSCAD_TOPO/3|edge|e:3ab5c84d0e77e4b98d7cbbbf9357fb39|454bc21fe5129d0ec2c64c5d2d9b7825cc6d20b847f284784eeafbf9611aef25',#122,#124,#2686,.T.);
#2688=SURFACE_CURVE('',#1008,(#2143,#2193),.PCURVE_S1.);
#2689=EDGE_CURVE('OSCAD_TOPO/3|edge|e:08c0ed901f1fe2f2e83a1c05f11cb20d|a328b7d8a44b09c1b4946a97d302feb4f12770b53537621c2017df80928ae7cf',#106,#122,#2688,.T.);
#2690=SURFACE_CURVE('',#1011,(#2153,#2183),.PCURVE_S1.);
#2691=EDGE_CURVE('OSCAD_TOPO/3|edge|e:4781cc06984193599f24b9980c54704a|f03d4ae0a0e4a752ec20a04a5c4e33cd9f2e81cabdb4ecead79baabd7cbecc74',#110,#126,#2690,.T.);
#2692=SURFACE_CURVE('',#1015,(#2158,#2308),.PCURVE_S1.);
#2693=EDGE_CURVE('OSCAD_TOPO/3|edge|e:85d55b6777a5cd86bc3f9354a4634bc6|ff02bac3911c0d9f07803a2bb6e0f218e0f90b7540ceeeabefea02f9ad57ece4',#124,#126,#2692,.T.);
#2694=SURFACE_CURVE('',#1018,(#2173,#2203),.PCURVE_S1.);
#2695=EDGE_CURVE('OSCAD_TOPO/3|edge|e:4f2e9090cc484935dc102966b813b655|7dbcf765fe34dc294b2ab3d36b4b37de1a535db245e7074f19267b2ead566f98',#112,#128,#2694,.T.);
#2696=SURFACE_CURVE('',#1022,(#2178,#2328),.PCURVE_S1.);
#2697=EDGE_CURVE('OSCAD_TOPO/3|edge|e:62af68cd74c74abfe76719d2713ff9eb|d28c7baeba35508d88c108eb72e30f98f87a4982acbf4feceb93b1f15f265bc9',#126,#128,#2696,.T.);
#2698=SURFACE_CURVE('',#1026,(#2198,#2348),.PCURVE_S1.);
#2699=EDGE_CURVE('OSCAD_TOPO/3|edge|e:96252257f0d01211a824277f37723a60|16edea06a5f2baece2ee4937dd7750c19f9cfa73508369e7cd13e9bc41374e9f',#122,#128,#2698,.T.);
#2700=SURFACE_CURVE('',#1029,(#2213,#2243),.PCURVE_S1.);
#2701=EDGE_CURVE('OSCAD_TOPO/3|edge|e:be308b943ee73ed0b3dc73e90db34fab|a1c5155296e8aabafe876a219b4f16c74b0686df1b464c9dab0a30547931f3ef',#116,#132,#2700,.T.);
#2702=SURFACE_CURVE('',#1033,(#2218,#2417),.PCURVE_S1.);
#2703=EDGE_CURVE('OSCAD_TOPO/3|edge|e:d8ef66b38dd77f7d7fd36fb1a93ad58b|20049868dea045a0cb0d0de8a606850980c063c3d4727c208fbd0547ddf4134a',#130,#132,#2702,.T.);
#2704=SURFACE_CURVE('',#1036,(#2223,#2273),.PCURVE_S1.);
#2705=EDGE_CURVE('OSCAD_TOPO/3|edge|e:fadb411bb8b9b55a6886d07a1625a075|e2952b8b3f2fbfc49bf8388fd504aa632c970c404477056c94865d57510b9bdd',#114,#130,#2704,.T.);
#2706=SURFACE_CURVE('',#1039,(#2233,#2263),.PCURVE_S1.);
#2707=EDGE_CURVE('OSCAD_TOPO/3|edge|e:2a53f2362962fc0c92b413ffb57c3ce7|27f421fb8adccf61779c032c5ec2aabd3a5850bd34a582aa0d95a52b5e4554b3',#118,#134,#2706,.T.);
#2708=SURFACE_CURVE('',#1043,(#2238,#2423),.PCURVE_S1.);
#2709=EDGE_CURVE('OSCAD_TOPO/3|edge|e:e92a580d63dec05e13612405e2e73233|90cd1a67a949dcc062a93b1c2ccc8bce9d6283de545e463687f3511848444148',#132,#134,#2708,.T.);
#2710=SURFACE_CURVE('',#1046,(#2253,#2283),.PCURVE_S1.);
#2711=EDGE_CURVE('OSCAD_TOPO/3|edge|e:a36e1d6b011f57514e636c3c263e0411|38cc7ccb10f1555c44f3c046ed55a7ccb9edabf6e34b1250ffe5f55a6ae24dc3',#120,#136,#2710,.T.);
#2712=SURFACE_CURVE('',#1050,(#2258,#2429),.PCURVE_S1.);
#2713=EDGE_CURVE('OSCAD_TOPO/3|edge|e:7bdc2c1cdaaad1f36c6bf9c0684418c3|86e757dc1e9b2b721e2305dee292b325acddaec2c0cc298ecd6b718665aa58a6',#134,#136,#2712,.T.);
#2714=SURFACE_CURVE('',#1054,(#2278,#2435),.PCURVE_S1.);
#2715=EDGE_CURVE('OSCAD_TOPO/3|edge|e:051829224af089f1cb6b04ea9b3cdc23|67714f28b0d40a2800dafd734542aa300380b6a5f131ff2738d7a42845c578af',#130,#136,#2714,.T.);
#2716=SURFACE_CURVE('',#1057,(#2293,#2323),.PCURVE_S1.);
#2717=EDGE_CURVE('OSCAD_TOPO/3|edge|e:3c4c6019db31b98b5d8b199ae2bcd74b|2aaa336459d9f53e9da995b72156455751ade00eaa251d608bf8e02788c3d814',#124,#140,#2716,.T.);
#2718=SURFACE_CURVE('',#1061,(#2298,#2441),.PCURVE_S1.);
#2719=EDGE_CURVE('OSCAD_TOPO/3|edge|e:c237e5b60c38eecd7d92aaa4f17df4f4|a89c83119608709003d4eb6d73ecf5816b45b414862ae268e1de48d37a64fc8b',#138,#140,#2718,.T.);
#2720=SURFACE_CURVE('',#1064,(#2303,#2353),.PCURVE_S1.);
#2721=EDGE_CURVE('OSCAD_TOPO/3|edge|e:dfa9837cf92ea93760f30b6523a1d434|427539d295a496e07258d4eb65f8cf9e825bd77bcf5ac95161b0d46101c9cf69',#122,#138,#2720,.T.);
#2722=SURFACE_CURVE('',#1067,(#2313,#2343),.PCURVE_S1.);
#2723=EDGE_CURVE('OSCAD_TOPO/3|edge|e:12591d9d7b5f8f6e1470cf1f58ca7730|0bec89fc996ea4a1a35a15cfa2eda268fb12a670a26fd99157906bd8c024368a',#126,#142,#2722,.T.);
#2724=SURFACE_CURVE('',#1071,(#2318,#2447),.PCURVE_S1.);
#2725=EDGE_CURVE('OSCAD_TOPO/3|edge|e:1b93e334f9d1d329fd1380d201894d3c|f71179ca6190731c07776f1c4a79e704e7ebbc6d1735b426b266bf52d60a0f6e',#140,#142,#2724,.T.);
#2726=SURFACE_CURVE('',#1074,(#2333,#2363),.PCURVE_S1.);
#2727=EDGE_CURVE('OSCAD_TOPO/3|edge|e:d022aaaa6537ce6be42d8e9944a3a9fb|f4c67c4557c8ce995a56177b842db8d74ca54eb27fa428a241a3b139bcf1f9e3',#128,#144,#2726,.T.);
#2728=SURFACE_CURVE('',#1078,(#2338,#2453),.PCURVE_S1.);
#2729=EDGE_CURVE('OSCAD_TOPO/3|edge|e:42e32f5f1b8030f34634c10bb068b807|23eca0f5df29e7c5ab3474112024275522d928e99b2081071288321a3906a1d5',#142,#144,#2728,.T.);
#2730=SURFACE_CURVE('',#1082,(#2358,#2459),.PCURVE_S1.);
#2731=EDGE_CURVE('OSCAD_TOPO/3|edge|e:1a56b6e8bc85017d6e0dcc8071b8d524|278b0a17298edb79dc06d1e537cc388b426878043ef35d35387970711baca687',#138,#144,#2730,.T.);
#2732=ORIENTED_EDGE('',*,*,#2461,.T.);
#2733=ORIENTED_EDGE('',*,*,#2463,.T.);
#2734=ORIENTED_EDGE('',*,*,#2465,.F.);
#2735=ORIENTED_EDGE('',*,*,#2467,.F.);
#2736=EDGE_LOOP('OSCAD_TOPO/3|loop|l:bf8b66fee9812fde867a0c82138d4fd9|182891466afb2eef8ba0ab1e7407959c3776285d811cfc4a1a06e9a0f65f452c',(#2732,#2733,#2734,#2735));
#2737=ORIENTED_EDGE('',*,*,#2469,.T.);
#2738=ORIENTED_EDGE('',*,*,#2471,.T.);
#2739=ORIENTED_EDGE('',*,*,#2473,.F.);
#2740=ORIENTED_EDGE('',*,*,#2463,.F.);
#2741=EDGE_LOOP('OSCAD_TOPO/3|loop|l:86076ea13675454ebcce89003f4d2ffa|3ebf25d2399650a4ee704957eb6eb48b61fa8fcebb9d5d032171611ea65b56ce',(#2737,#2738,#2739,#2740));
#2742=ORIENTED_EDGE('',*,*,#2475,.T.);
#2743=ORIENTED_EDGE('',*,*,#2477,.T.);
#2744=ORIENTED_EDGE('',*,*,#2479,.F.);
#2745=ORIENTED_EDGE('',*,*,#2471,.F.);
#2746=EDGE_LOOP('OSCAD_TOPO/3|loop|l:641d07509434ba670013ffa4eb9cad57|c4c2bdaed7b897de7456040e2dc7c0bda04b3be77ad8bb9281dbef70a470d8d2',(#2742,#2743,#2744,#2745));
#2747=ORIENTED_EDGE('',*,*,#2481,.F.);
#2748=ORIENTED_EDGE('',*,*,#2467,.T.);
#2749=ORIENTED_EDGE('',*,*,#2483,.T.);
#2750=ORIENTED_EDGE('',*,*,#2477,.F.);
#2751=EDGE_LOOP('OSCAD_TOPO/3|loop|l:1ea1358cddf76c686b6beb5ff7038f29|39f6c5d46a428ee7e99db43f20763948f609afb06dc8cc087ba0f02d30bc8903',(#2747,#2748,#2749,#2750));
#2752=ORIENTED_EDGE('',*,*,#2485,.T.);
#2753=ORIENTED_EDGE('',*,*,#2487,.T.);
#2754=ORIENTED_EDGE('',*,*,#2489,.F.);
#2755=ORIENTED_EDGE('',*,*,#2491,.F.);
#2756=EDGE_LOOP('OSCAD_TOPO/3|loop|l:aad0e26e4434b1f56814ba8584f71aa5|be9ba36b1da6d7742b2d05b7c29ee794215ae9c6955e6a0c551cc88d523a8e3f',(#2752,#2753,#2754,#2755));
#2757=ORIENTED_EDGE('',*,*,#2493,.T.);
#2758=ORIENTED_EDGE('',*,*,#2495,.T.);
#2759=ORIENTED_EDGE('',*,*,#2497,.F.);
#2760=ORIENTED_EDGE('',*,*,#2487,.F.);
#2761=EDGE_LOOP('OSCAD_TOPO/3|loop|l:92ef842cfb8f182728b757be232889aa|abdc53d4d73fb4f6a8b821d246990e6bd87051e326e1eb10f35ba3a31cf1ccd8',(#2757,#2758,#2759,#2760));
#2762=ORIENTED_EDGE('',*,*,#2499,.T.);
#2763=ORIENTED_EDGE('',*,*,#2501,.T.);
#2764=ORIENTED_EDGE('',*,*,#2503,.F.);
#2765=ORIENTED_EDGE('',*,*,#2495,.F.);
#2766=EDGE_LOOP('OSCAD_TOPO/3|loop|l:949392d4a85250708148216baf02a6e0|173feba770cccaa166a5b456938336d81e49f81a3111ada666ad996b2f88a0f4',(#2762,#2763,#2764,#2765));
#2767=ORIENTED_EDGE('',*,*,#2505,.F.);
#2768=ORIENTED_EDGE('',*,*,#2491,.T.);
#2769=ORIENTED_EDGE('',*,*,#2507,.T.);
#2770=ORIENTED_EDGE('',*,*,#2501,.F.);
#2771=EDGE_LOOP('OSCAD_TOPO/3|loop|l:2e35db0cd020d407e84f76896ad3513c|58d227816cf09e5a8985be2bd79636caa40a5bbf5a4a4c4c396b00f8c62d346f',(#2767,#2768,#2769,#2770));
#2772=ORIENTED_EDGE('',*,*,#2465,.T.);
#2773=ORIENTED_EDGE('',*,*,#2509,.T.);
#2774=ORIENTED_EDGE('',*,*,#2511,.F.);
#2775=ORIENTED_EDGE('',*,*,#2513,.F.);
#2776=EDGE_LOOP('OSCAD_TOPO/3|loop|l:1b4326f5d0600f3a0033ea6047c0b056|6ad4cae59e17002bec00d6234429aa33ac8d2129ca79f43ba0eab34b60d38c2a',(#2772,#2773,#2774,#2775));
#2777=ORIENTED_EDGE('',*,*,#2473,.T.);
#2778=ORIENTED_EDGE('',*,*,#2515,.T.);
#2779=ORIENTED_EDGE('',*,*,#2517,.F.);
#2780=ORIENTED_EDGE('',*,*,#2509,.F.);
#2781=EDGE_LOOP('OSCAD_TOPO/3|loop|l:34cb821107553b1e34304e5cbac1531a|3961b3fbffdaf212fd8e883861f0f40700c885a13eec9e4253cfc9ac318e3e07',(#2777,#2778,#2779,#2780));
#2782=ORIENTED_EDGE('',*,*,#2479,.T.);
#2783=ORIENTED_EDGE('',*,*,#2519,.T.);
#2784=ORIENTED_EDGE('',*,*,#2521,.F.);
#2785=ORIENTED_EDGE('',*,*,#2515,.F.);
#2786=EDGE_LOOP('OSCAD_TOPO/3|loop|l:c7a1e251e4a261d3d08e3a2be46ac6ef|a9cd16586a06086c2ee94c79baf0ea45d393bf4bfcec1650e5bd434f5e9efd46',(#2782,#2783,#2784,#2785));
#2787=ORIENTED_EDGE('',*,*,#2483,.F.);
#2788=ORIENTED_EDGE('',*,*,#2513,.T.);
#2789=ORIENTED_EDGE('',*,*,#2523,.T.);
#2790=ORIENTED_EDGE('',*,*,#2519,.F.);
#2791=EDGE_LOOP('OSCAD_TOPO/3|loop|l:befb78dace02841ca7a69c0612fbac6c|140264dde121f82b8f735b2c8b8c1bd9d25390ea1a0ba17b5720756cb9370c55',(#2787,#2788,#2789,#2790));
#2792=ORIENTED_EDGE('',*,*,#2489,.T.);
#2793=ORIENTED_EDGE('',*,*,#2525,.T.);
#2794=ORIENTED_EDGE('',*,*,#2527,.F.);
#2795=ORIENTED_EDGE('',*,*,#2529,.F.);
#2796=EDGE_LOOP('OSCAD_TOPO/3|loop|l:a01c31e9e594dcba7b1e416267420138|63f19d425ab94a3982a9d6a11a9475d6dd18f96fa5f0e5877c760f0e12d914a6',(#2792,#2793,#2794,#2795));
#2797=ORIENTED_EDGE('',*,*,#2497,.T.);
#2798=ORIENTED_EDGE('',*,*,#2531,.T.);
#2799=ORIENTED_EDGE('',*,*,#2533,.F.);
#2800=ORIENTED_EDGE('',*,*,#2525,.F.);
#2801=EDGE_LOOP('OSCAD_TOPO/3|loop|l:bf07757a3fc9610df8c2dbc6e5261562|6eb294e79ff376457299803fa7f0c350f5bbf1765af252cd539007c4b15122e5',(#2797,#2798,#2799,#2800));
#2802=ORIENTED_EDGE('',*,*,#2503,.T.);
#2803=ORIENTED_EDGE('',*,*,#2535,.T.);
#2804=ORIENTED_EDGE('',*,*,#2537,.F.);
#2805=ORIENTED_EDGE('',*,*,#2531,.F.);
#2806=EDGE_LOOP('OSCAD_TOPO/3|loop|l:9e3866c5f6b20c17182be60495f81820|dd6c2fe268ed63cfac2c6e3bc7db4f7f6bb56e2b38b26cadd4105b80326fedd6',(#2802,#2803,#2804,#2805));
#2807=ORIENTED_EDGE('',*,*,#2507,.F.);
#2808=ORIENTED_EDGE('',*,*,#2529,.T.);
#2809=ORIENTED_EDGE('',*,*,#2539,.T.);
#2810=ORIENTED_EDGE('',*,*,#2535,.F.);
#2811=EDGE_LOOP('OSCAD_TOPO/3|loop|l:284d3cbb63ae1451d146bd1f95026f87|2fb58047e11e44d897fd2116aed41f63d2574319384647c14141a4e8c4724454',(#2807,#2808,#2809,#2810));
#2812=ORIENTED_EDGE('',*,*,#2511,.T.);
#2813=ORIENTED_EDGE('',*,*,#2541,.T.);
#2814=ORIENTED_EDGE('',*,*,#2543,.F.);
#2815=ORIENTED_EDGE('',*,*,#2545,.F.);
#2816=EDGE_LOOP('OSCAD_TOPO/3|loop|l:a785edcd0cbd9292d27bfa452372c7e4|fe928d730abed692d47967e6ef24b04ef6c1d800fa00fe9b26de5dbc06c27b35',(#2812,#2813,#2814,#2815));
#2817=ORIENTED_EDGE('',*,*,#2517,.T.);
#2818=ORIENTED_EDGE('',*,*,#2547,.T.);
#2819=ORIENTED_EDGE('',*,*,#2549,.F.);
#2820=ORIENTED_EDGE('',*,*,#2541,.F.);
#2821=EDGE_LOOP('OSCAD_TOPO/3|loop|l:9f393a11e67bfbd1a5dc0dc6a9163b80|ca25fb2dda850bfc9e5c7795ac94c11d575ae57d9bf110dd11b5e52e03c144b4',(#2817,#2818,#2819,#2820));
#2822=ORIENTED_EDGE('',*,*,#2521,.T.);
#2823=ORIENTED_EDGE('',*,*,#2551,.T.);
#2824=ORIENTED_EDGE('',*,*,#2553,.F.);
#2825=ORIENTED_EDGE('',*,*,#2547,.F.);
#2826=EDGE_LOOP('OSCAD_TOPO/3|loop|l:e9ac99c875c83d8fb4a5ebfcee37704e|f7ae24a50ae604a909fe08ca60b16aa561934ef853b715e18fdd9f19d961ceb0',(#2822,#2823,#2824,#2825));
#2827=ORIENTED_EDGE('',*,*,#2523,.F.);
#2828=ORIENTED_EDGE('',*,*,#2545,.T.);
#2829=ORIENTED_EDGE('',*,*,#2555,.T.);
#2830=ORIENTED_EDGE('',*,*,#2551,.F.);
#2831=EDGE_LOOP('OSCAD_TOPO/3|loop|l:7e08951ce5a32fa1f5f6de21151be902|84f5994cf641bf82dbdde38c78ad2bc0b3d041794fbd2b3b6a578e15f8d204f0',(#2827,#2828,#2829,#2830));
#2832=ORIENTED_EDGE('',*,*,#2527,.T.);
#2833=ORIENTED_EDGE('',*,*,#2557,.T.);
#2834=ORIENTED_EDGE('',*,*,#2559,.F.);
#2835=ORIENTED_EDGE('',*,*,#2561,.F.);
#2836=EDGE_LOOP('OSCAD_TOPO/3|loop|l:4418fba3868ab2f6680ff655be8171a7|2c27d350583dc539a47cf6b830961f5c613630d4f87f3f4459ac8da799d27b6f',(#2832,#2833,#2834,#2835));
#2837=ORIENTED_EDGE('',*,*,#2533,.T.);
#2838=ORIENTED_EDGE('',*,*,#2563,.T.);
#2839=ORIENTED_EDGE('',*,*,#2565,.F.);
#2840=ORIENTED_EDGE('',*,*,#2557,.F.);
#2841=EDGE_LOOP('OSCAD_TOPO/3|loop|l:8c21e721f8cacacf3dbc806c575450b0|50879a27f4efd29352d373004d27b656b4eac68180f03c2c40eb71e7715290ba',(#2837,#2838,#2839,#2840));
#2842=ORIENTED_EDGE('',*,*,#2537,.T.);
#2843=ORIENTED_EDGE('',*,*,#2567,.T.);
#2844=ORIENTED_EDGE('',*,*,#2569,.F.);
#2845=ORIENTED_EDGE('',*,*,#2563,.F.);
#2846=EDGE_LOOP('OSCAD_TOPO/3|loop|l:ce5e2a58c782d111e8eb2eb63ff44f32|321fb96e91aa939b662e97f73910a30210ac02ea4f140e7fef64dbda7e5f3b30',(#2842,#2843,#2844,#2845));
#2847=ORIENTED_EDGE('',*,*,#2539,.F.);
#2848=ORIENTED_EDGE('',*,*,#2561,.T.);
#2849=ORIENTED_EDGE('',*,*,#2571,.T.);
#2850=ORIENTED_EDGE('',*,*,#2567,.F.);
#2851=EDGE_LOOP('OSCAD_TOPO/3|loop|l:68d4dc86534dbff7db21e67f2984c7ce|7844fcef9b9d943c3843e28f908786455a32496a6a5101ca616722b8bdf79388',(#2847,#2848,#2849,#2850));
#2852=ORIENTED_EDGE('',*,*,#2543,.T.);
#2853=ORIENTED_EDGE('',*,*,#2573,.T.);
#2854=ORIENTED_EDGE('',*,*,#2575,.F.);
#2855=ORIENTED_EDGE('',*,*,#2577,.F.);
#2856=EDGE_LOOP('OSCAD_TOPO/3|loop|l:9c0937bac184fd6f0898dd7625ba8cf2|3610eb06254f8f7c0702012df1f8cbe4e01b2532b6a37264421a389154b2bc93',(#2852,#2853,#2854,#2855));
#2857=ORIENTED_EDGE('',*,*,#2549,.T.);
#2858=ORIENTED_EDGE('',*,*,#2579,.T.);
#2859=ORIENTED_EDGE('',*,*,#2581,.F.);
#2860=ORIENTED_EDGE('',*,*,#2573,.F.);
#2861=EDGE_LOOP('OSCAD_TOPO/3|loop|l:293ab56fd258ae7a1b3c6efb51d6d0c8|3f2898f16669f1b125dd791cf190ed954278a5b98d37ba2543b64c49a5ff581a',(#2857,#2858,#2859,#2860));
#2862=ORIENTED_EDGE('',*,*,#2553,.T.);
#2863=ORIENTED_EDGE('',*,*,#2583,.T.);
#2864=ORIENTED_EDGE('',*,*,#2585,.F.);
#2865=ORIENTED_EDGE('',*,*,#2579,.F.);
#2866=EDGE_LOOP('OSCAD_TOPO/3|loop|l:a462d756b51406a4201e415a16688ba7|44c4c0892760f911b68f552f48077c7cae0a646d4997c2b962e1ec636fb400aa',(#2862,#2863,#2864,#2865));
#2867=ORIENTED_EDGE('',*,*,#2555,.F.);
#2868=ORIENTED_EDGE('',*,*,#2577,.T.);
#2869=ORIENTED_EDGE('',*,*,#2587,.T.);
#2870=ORIENTED_EDGE('',*,*,#2583,.F.);
#2871=EDGE_LOOP('OSCAD_TOPO/3|loop|l:1296de007497bdad0a55c68799b6eb24|c5f891c6a04da3b4c3f95fac48689f2aab71af62f125459118e74e2bfccb08be',(#2867,#2868,#2869,#2870));
#2872=ORIENTED_EDGE('',*,*,#2559,.T.);
#2873=ORIENTED_EDGE('',*,*,#2589,.T.);
#2874=ORIENTED_EDGE('',*,*,#2591,.F.);
#2875=ORIENTED_EDGE('',*,*,#2593,.F.);
#2876=EDGE_LOOP('OSCAD_TOPO/3|loop|l:0fefcf9a60a40c73b4d81c665af086ba|fe619bf4f2ddd564a520682a002584414d1046a86bd54a63dbbac7c9fe78be2c',(#2872,#2873,#2874,#2875));
#2877=ORIENTED_EDGE('',*,*,#2565,.T.);
#2878=ORIENTED_EDGE('',*,*,#2595,.T.);
#2879=ORIENTED_EDGE('',*,*,#2597,.F.);
#2880=ORIENTED_EDGE('',*,*,#2589,.F.);
#2881=EDGE_LOOP('OSCAD_TOPO/3|loop|l:4a68ed515f29549eeb8242cac47de1d0|e6693575606ea44d13f13994626c5e9077341511ad6c602141d534d601334be1',(#2877,#2878,#2879,#2880));
#2882=ORIENTED_EDGE('',*,*,#2569,.T.);
#2883=ORIENTED_EDGE('',*,*,#2599,.T.);
#2884=ORIENTED_EDGE('',*,*,#2601,.F.);
#2885=ORIENTED_EDGE('',*,*,#2595,.F.);
#2886=EDGE_LOOP('OSCAD_TOPO/3|loop|l:489cfb186b85e79bf64976b6021c2cb4|2b96e69bd0b6c49d757fd5bcd1b49689ba2195c08faf020ca7dbe291ab16ffd8',(#2882,#2883,#2884,#2885));
#2887=ORIENTED_EDGE('',*,*,#2571,.F.);
#2888=ORIENTED_EDGE('',*,*,#2593,.T.);
#2889=ORIENTED_EDGE('',*,*,#2603,.T.);
#2890=ORIENTED_EDGE('',*,*,#2599,.F.);
#2891=EDGE_LOOP('OSCAD_TOPO/3|loop|l:32d6c0eef2a5f256536eed48768bfb9b|e4d345453b2b74d10e286dc8a45801fef1360e11dc780ae73bee77fece3ec2c4',(#2887,#2888,#2889,#2890));
#2892=ORIENTED_EDGE('',*,*,#2575,.T.);
#2893=ORIENTED_EDGE('',*,*,#2605,.T.);
#2894=ORIENTED_EDGE('',*,*,#2607,.F.);
#2895=ORIENTED_EDGE('',*,*,#2609,.F.);
#2896=EDGE_LOOP('OSCAD_TOPO/3|loop|l:60bbe42a50b1b0a84c26e228fdfd8dfd|009e2125a0f53637c4f1d00b3991403192c758d018c9ea19638198470e028597',(#2892,#2893,#2894,#2895));
#2897=ORIENTED_EDGE('',*,*,#2581,.T.);
#2898=ORIENTED_EDGE('',*,*,#2611,.T.);
#2899=ORIENTED_EDGE('',*,*,#2613,.F.);
#2900=ORIENTED_EDGE('',*,*,#2605,.F.);
#2901=EDGE_LOOP('OSCAD_TOPO/3|loop|l:9988424659110ce0b7898ed2c0654ece|ba0413b842300f0cf0acf5c40e805717e1fd0878369c38ffd7e946a2252df927',(#2897,#2898,#2899,#2900));
#2902=ORIENTED_EDGE('',*,*,#2585,.T.);
#2903=ORIENTED_EDGE('',*,*,#2615,.T.);
#2904=ORIENTED_EDGE('',*,*,#2617,.F.);
#2905=ORIENTED_EDGE('',*,*,#2611,.F.);
#2906=EDGE_LOOP('OSCAD_TOPO/3|loop|l:b76f9b665130d450fd6c1854ebe5d566|04126e19b2238957c9c7bb4d46b00ee498740a74da85efc19fe6b6848c7eaa65',(#2902,#2903,#2904,#2905));
#2907=ORIENTED_EDGE('',*,*,#2587,.F.);
#2908=ORIENTED_EDGE('',*,*,#2609,.T.);
#2909=ORIENTED_EDGE('',*,*,#2619,.T.);
#2910=ORIENTED_EDGE('',*,*,#2615,.F.);
#2911=EDGE_LOOP('OSCAD_TOPO/3|loop|l:0f667c289d452942129b80260b771da2|194572c3984835edff5362a57b44cbdf7531a986466936a45ae5b1e16888d4af',(#2907,#2908,#2909,#2910));
#2912=ORIENTED_EDGE('',*,*,#2591,.T.);
#2913=ORIENTED_EDGE('',*,*,#2621,.T.);
#2914=ORIENTED_EDGE('',*,*,#2623,.F.);
#2915=ORIENTED_EDGE('',*,*,#2625,.F.);
#2916=EDGE_LOOP('OSCAD_TOPO/3|loop|l:f3bbddbb7b4dff265e22aadf12815274|b8b88bb8af9148602565fd5bdd78b803455b358cb9677ce4f4d2986348b03264',(#2912,#2913,#2914,#2915));
#2917=ORIENTED_EDGE('',*,*,#2597,.T.);
#2918=ORIENTED_EDGE('',*,*,#2627,.T.);
#2919=ORIENTED_EDGE('',*,*,#2629,.F.);
#2920=ORIENTED_EDGE('',*,*,#2621,.F.);
#2921=EDGE_LOOP('OSCAD_TOPO/3|loop|l:2937daf6ce5d47cd4edc1cf327c0b239|514d52552aaffcc9fc3bb68bd90bebe5404d609f097aeba6154cd94a96906e48',(#2917,#2918,#2919,#2920));
#2922=ORIENTED_EDGE('',*,*,#2601,.T.);
#2923=ORIENTED_EDGE('',*,*,#2631,.T.);
#2924=ORIENTED_EDGE('',*,*,#2633,.F.);
#2925=ORIENTED_EDGE('',*,*,#2627,.F.);
#2926=EDGE_LOOP('OSCAD_TOPO/3|loop|l:32185dd14e308d5c196fba95daf844dd|49643858a5db7c50fc75855b1e8f2a649a2e33aa76db8b60a33cf847fa4cc7fe',(#2922,#2923,#2924,#2925));
#2927=ORIENTED_EDGE('',*,*,#2603,.F.);
#2928=ORIENTED_EDGE('',*,*,#2625,.T.);
#2929=ORIENTED_EDGE('',*,*,#2635,.T.);
#2930=ORIENTED_EDGE('',*,*,#2631,.F.);
#2931=EDGE_LOOP('OSCAD_TOPO/3|loop|l:13c405f877028204e4323f5eef245d94|ad837fce86b75256822e8a814312dfc122531910f83fa34f2517e2f9e3001a9e',(#2927,#2928,#2929,#2930));
#2932=ORIENTED_EDGE('',*,*,#2607,.T.);
#2933=ORIENTED_EDGE('',*,*,#2637,.T.);
#2934=ORIENTED_EDGE('',*,*,#2639,.F.);
#2935=ORIENTED_EDGE('',*,*,#2641,.F.);
#2936=EDGE_LOOP('OSCAD_TOPO/3|loop|l:9bea042a4611353649c43857887d18d3|bbd655703e8433e513e7eda2532be1e8d671f77013b2528da003a79d01ef7874',(#2932,#2933,#2934,#2935));
#2937=ORIENTED_EDGE('',*,*,#2613,.T.);
#2938=ORIENTED_EDGE('',*,*,#2643,.T.);
#2939=ORIENTED_EDGE('',*,*,#2645,.F.);
#2940=ORIENTED_EDGE('',*,*,#2637,.F.);
#2941=EDGE_LOOP('OSCAD_TOPO/3|loop|l:3e0ba93b4e4b3784a6f388fa4056738f|9e30fce4d58a369d162a078afb59789c4e96883f0b75aa4e75925818d39b6df8',(#2937,#2938,#2939,#2940));
#2942=ORIENTED_EDGE('',*,*,#2617,.T.);
#2943=ORIENTED_EDGE('',*,*,#2647,.T.);
#2944=ORIENTED_EDGE('',*,*,#2649,.F.);
#2945=ORIENTED_EDGE('',*,*,#2643,.F.);
#2946=EDGE_LOOP('OSCAD_TOPO/3|loop|l:cf61efcd518048c457d29d14e5faf664|c257889181f2c62d0ee1d6248709fe654e304806f4abe709021723893aec7c1e',(#2942,#2943,#2944,#2945));
#2947=ORIENTED_EDGE('',*,*,#2619,.F.);
#2948=ORIENTED_EDGE('',*,*,#2641,.T.);
#2949=ORIENTED_EDGE('',*,*,#2651,.T.);
#2950=ORIENTED_EDGE('',*,*,#2647,.F.);
#2951=EDGE_LOOP('OSCAD_TOPO/3|loop|l:80426b5b223767d969ce6fc6d1b5d07f|731b5a3831ab2b1507fa2d2daad449124efc28ce37bc543ede61317c847e4da4',(#2947,#2948,#2949,#2950));
#2952=ORIENTED_EDGE('',*,*,#2623,.T.);
#2953=ORIENTED_EDGE('',*,*,#2653,.T.);
#2954=ORIENTED_EDGE('',*,*,#2655,.F.);
#2955=ORIENTED_EDGE('',*,*,#2657,.F.);
#2956=EDGE_LOOP('OSCAD_TOPO/3|loop|l:51996cac53731d5281512fc401df714f|9fbeccdab189ee6530005d825c12619a0b0b3d2d386d5a288c29f695b2d0440b',(#2952,#2953,#2954,#2955));
#2957=ORIENTED_EDGE('',*,*,#2629,.T.);
#2958=ORIENTED_EDGE('',*,*,#2659,.T.);
#2959=ORIENTED_EDGE('',*,*,#2661,.F.);
#2960=ORIENTED_EDGE('',*,*,#2653,.F.);
#2961=EDGE_LOOP('OSCAD_TOPO/3|loop|l:8a3b554e6be185e4e5af3255470d11d4|4c4da80b4d4793ae001cdc337edf7a9739f36e6e619463b9e19948b22efe1ad1',(#2957,#2958,#2959,#2960));
#2962=ORIENTED_EDGE('',*,*,#2633,.T.);
#2963=ORIENTED_EDGE('',*,*,#2663,.T.);
#2964=ORIENTED_EDGE('',*,*,#2665,.F.);
#2965=ORIENTED_EDGE('',*,*,#2659,.F.);
#2966=EDGE_LOOP('OSCAD_TOPO/3|loop|l:30124d78a6175f5f415dc128e6af77ba|6e0df72b89bc7351f3523fa2079b34e7e0cdea8183c9903c08517965ce7e7b04',(#2962,#2963,#2964,#2965));
#2967=ORIENTED_EDGE('',*,*,#2635,.F.);
#2968=ORIENTED_EDGE('',*,*,#2657,.T.);
#2969=ORIENTED_EDGE('',*,*,#2667,.T.);
#2970=ORIENTED_EDGE('',*,*,#2663,.F.);
#2971=EDGE_LOOP('OSCAD_TOPO/3|loop|l:03aebec0cbc9d6b085a3d5906a3b32ff|54f867af299ecee225166bf27d22c4465709514c86c65644a0684c8e4f3034f7',(#2967,#2968,#2969,#2970));
#2972=ORIENTED_EDGE('',*,*,#2639,.T.);
#2973=ORIENTED_EDGE('',*,*,#2669,.T.);
#2974=ORIENTED_EDGE('',*,*,#2671,.F.);
#2975=ORIENTED_EDGE('',*,*,#2673,.F.);
#2976=EDGE_LOOP('OSCAD_TOPO/3|loop|l:716a8f343538eeb54cda26197fd95233|2bfa440ed42efaf190229f0441a0e2f6462195b89f9ce6954fb346f8dcbfb058',(#2972,#2973,#2974,#2975));
#2977=ORIENTED_EDGE('',*,*,#2645,.T.);
#2978=ORIENTED_EDGE('',*,*,#2675,.T.);
#2979=ORIENTED_EDGE('',*,*,#2677,.F.);
#2980=ORIENTED_EDGE('',*,*,#2669,.F.);
#2981=EDGE_LOOP('OSCAD_TOPO/3|loop|l:b482e50214e69c0f111de8524926bd7c|a939edc987c4427bdc2b5b6786cd3b2a2164d314944f9c5a6f96ae353891580d',(#2977,#2978,#2979,#2980));
#2982=ORIENTED_EDGE('',*,*,#2649,.T.);
#2983=ORIENTED_EDGE('',*,*,#2679,.T.);
#2984=ORIENTED_EDGE('',*,*,#2681,.F.);
#2985=ORIENTED_EDGE('',*,*,#2675,.F.);
#2986=EDGE_LOOP('OSCAD_TOPO/3|loop|l:b9bdbb149940bc02acb13540ca5ce2ce|912020fe812c019cda1bd5a87695fb19a73118b9356351d27a1b7fcca8f249ab',(#2982,#2983,#2984,#2985));
#2987=ORIENTED_EDGE('',*,*,#2651,.F.);
#2988=ORIENTED_EDGE('',*,*,#2673,.T.);
#2989=ORIENTED_EDGE('',*,*,#2683,.T.);
#2990=ORIENTED_EDGE('',*,*,#2679,.F.);
#2991=EDGE_LOOP('OSCAD_TOPO/3|loop|l:98ca5af790f2f17a4830e65e28c642d9|f7ebe48055e3717e36bdde672f7f855ed2ecf908948528d3e3d50394d53c02f6',(#2987,#2988,#2989,#2990));
#2992=ORIENTED_EDGE('',*,*,#2655,.T.);
#2993=ORIENTED_EDGE('',*,*,#2685,.T.);
#2994=ORIENTED_EDGE('',*,*,#2687,.F.);
#2995=ORIENTED_EDGE('',*,*,#2689,.F.);
#2996=EDGE_LOOP('OSCAD_TOPO/3|loop|l:94af73edc8762e550b87e9fb6da6b6a8|78af2eb3cc5ffe780e70d5453aea886d8d3089621f6f31b00a742dddbe565cf8',(#2992,#2993,#2994,#2995));
#2997=ORIENTED_EDGE('',*,*,#2661,.T.);
#2998=ORIENTED_EDGE('',*,*,#2691,.T.);
#2999=ORIENTED_EDGE('',*,*,#2693,.F.);
#3000=ORIENTED_EDGE('',*,*,#2685,.F.);
#3001=EDGE_LOOP('OSCAD_TOPO/3|loop|l:e103e63258281cb5f1afbb917403e74e|449a49e966bfb4201aff39bd9e5837bf07f2b6585f0b5aa1072b359578d315e4',(#2997,#2998,#2999,#3000));
#3002=ORIENTED_EDGE('',*,*,#2665,.T.);
#3003=ORIENTED_EDGE('',*,*,#2695,.T.);
#3004=ORIENTED_EDGE('',*,*,#2697,.F.);
#3005=ORIENTED_EDGE('',*,*,#2691,.F.);
#3006=EDGE_LOOP('OSCAD_TOPO/3|loop|l:2f38c79ecbb5b251b669af90ddba318d|7511b6e29cf16e015f0fe85360fc501f262a7c4d41afa512f19d0cadd8ad3c16',(#3002,#3003,#3004,#3005));
#3007=ORIENTED_EDGE('',*,*,#2667,.F.);
#3008=ORIENTED_EDGE('',*,*,#2689,.T.);
#3009=ORIENTED_EDGE('',*,*,#2699,.T.);
#3010=ORIENTED_EDGE('',*,*,#2695,.F.);
#3011=EDGE_LOOP('OSCAD_TOPO/3|loop|l:ab16e52ef5ea51270e8d1758cd6a10c4|a4d5ec0834a69516f21708061d671ba5385562fdad34cd30ea85f95ddb0088c0',(#3007,#3008,#3009,#3010));
#3012=ORIENTED_EDGE('',*,*,#2671,.T.);
#3013=ORIENTED_EDGE('',*,*,#2701,.T.);
#3014=ORIENTED_EDGE('',*,*,#2703,.F.);
#3015=ORIENTED_EDGE('',*,*,#2705,.F.);
#3016=EDGE_LOOP('OSCAD_TOPO/3|loop|l:7e7b61f609743f4195750bcc76cbd6fd|0bcc2668675ae13b18ab987792dcae413e382e1e31c217b826b0bd09c15ba4fd',(#3012,#3013,#3014,#3015));
#3017=ORIENTED_EDGE('',*,*,#2677,.T.);
#3018=ORIENTED_EDGE('',*,*,#2707,.T.);
#3019=ORIENTED_EDGE('',*,*,#2709,.F.);
#3020=ORIENTED_EDGE('',*,*,#2701,.F.);
#3021=EDGE_LOOP('OSCAD_TOPO/3|loop|l:7ceb3c8269b7263f99b61a8dc20c0ac4|fb6b8d02daccd2ee18004e1e69ef94c168829bf57c87e45f54b2b960ab6f61dd',(#3017,#3018,#3019,#3020));
#3022=ORIENTED_EDGE('',*,*,#2681,.T.);
#3023=ORIENTED_EDGE('',*,*,#2711,.T.);
#3024=ORIENTED_EDGE('',*,*,#2713,.F.);
#3025=ORIENTED_EDGE('',*,*,#2707,.F.);
#3026=EDGE_LOOP('OSCAD_TOPO/3|loop|l:74ca1f90f3003bec732cf4b0da598c60|254ae84ef4ca216ed441247e9f5588a506a1a479170bc960cbee057daf781d30',(#3022,#3023,#3024,#3025));
#3027=ORIENTED_EDGE('',*,*,#2683,.F.);
#3028=ORIENTED_EDGE('',*,*,#2705,.T.);
#3029=ORIENTED_EDGE('',*,*,#2715,.T.);
#3030=ORIENTED_EDGE('',*,*,#2711,.F.);
#3031=EDGE_LOOP('OSCAD_TOPO/3|loop|l:81a74b67076d780a6311d75fe1d178d8|465eb48d6a97d2b9fa3f7b28508b781d7129edc698434488f865b147aa40b480',(#3027,#3028,#3029,#3030));
#3032=ORIENTED_EDGE('',*,*,#2687,.T.);
#3033=ORIENTED_EDGE('',*,*,#2717,.T.);
#3034=ORIENTED_EDGE('',*,*,#2719,.F.);
#3035=ORIENTED_EDGE('',*,*,#2721,.F.);
#3036=EDGE_LOOP('OSCAD_TOPO/3|loop|l:953e0bb7e82fd500c55972e73cc02357|49f88bf2e180a9ea4aedb917c548d575e0a7643eaef04a8f672244c05de17f0e',(#3032,#3033,#3034,#3035));
#3037=ORIENTED_EDGE('',*,*,#2693,.T.);
#3038=ORIENTED_EDGE('',*,*,#2723,.T.);
#3039=ORIENTED_EDGE('',*,*,#2725,.F.);
#3040=ORIENTED_EDGE('',*,*,#2717,.F.);
#3041=EDGE_LOOP('OSCAD_TOPO/3|loop|l:b02e10db2fec4a27d27eeef994547279|8cbd4aa58aa061795c3caccdeb0b0517b4f89874380e22d2dcdfc8c75a3c6e5d',(#3037,#3038,#3039,#3040));
#3042=ORIENTED_EDGE('',*,*,#2697,.T.);
#3043=ORIENTED_EDGE('',*,*,#2727,.T.);
#3044=ORIENTED_EDGE('',*,*,#2729,.F.);
#3045=ORIENTED_EDGE('',*,*,#2723,.F.);
#3046=EDGE_LOOP('OSCAD_TOPO/3|loop|l:f70591e2b81f3ead9520f06d0a363fb7|20a12a152b68f88c5fcd52f538c8ac96545a2d0929f9a90907f752fbd1b14a81',(#3042,#3043,#3044,#3045));
#3047=ORIENTED_EDGE('',*,*,#2699,.F.);
#3048=ORIENTED_EDGE('',*,*,#2721,.T.);
#3049=ORIENTED_EDGE('',*,*,#2731,.T.);
#3050=ORIENTED_EDGE('',*,*,#2727,.F.);
#3051=EDGE_LOOP('OSCAD_TOPO/3|loop|l:c1c2547a09f604d34f3c853388a08045|32b6a5a8703602c58bbf14cc4d165fcf692b557757b4f9f09c429a09088361a0',(#3047,#3048,#3049,#3050));
#3052=ORIENTED_EDGE('',*,*,#2481,.T.);
#3053=ORIENTED_EDGE('',*,*,#2475,.F.);
#3054=ORIENTED_EDGE('',*,*,#2469,.F.);
#3055=ORIENTED_EDGE('',*,*,#2461,.F.);
#3056=EDGE_LOOP('OSCAD_TOPO/3|loop|l:91aa3cb5ab6dd8683702af098ae82ddd|d60e0ba654cdcf2051a3e2a268584ecece18083b8b51f76971a067888676cadd',(#3052,#3053,#3054,#3055));
#3057=ORIENTED_EDGE('',*,*,#2505,.T.);
#3058=ORIENTED_EDGE('',*,*,#2499,.F.);
#3059=ORIENTED_EDGE('',*,*,#2493,.F.);
#3060=ORIENTED_EDGE('',*,*,#2485,.F.);
#3061=EDGE_LOOP('OSCAD_TOPO/3|loop|l:16343ea1f210155a510fea64c8d98ad6|5a7cb390e23ce8fd67e24a8202664203433d7b5a32496c95e00ba68a6c84287f',(#3057,#3058,#3059,#3060));
#3062=ORIENTED_EDGE('',*,*,#2703,.T.);
#3063=ORIENTED_EDGE('',*,*,#2709,.T.);
#3064=ORIENTED_EDGE('',*,*,#2713,.T.);
#3065=ORIENTED_EDGE('',*,*,#2715,.F.);
#3066=EDGE_LOOP('OSCAD_TOPO/3|loop|l:76414ec4c25cf0efef6d342d14d36079|7bed07598d5f8974024fa0a18a2f803a10981af743e5c8033291b85e4c7e8e21',(#3062,#3063,#3064,#3065));
#3067=ORIENTED_EDGE('',*,*,#2719,.T.);
#3068=ORIENTED_EDGE('',*,*,#2725,.T.);
#3069=ORIENTED_EDGE('',*,*,#2729,.T.);
#3070=ORIENTED_EDGE('',*,*,#2731,.F.);
#3071=EDGE_LOOP('OSCAD_TOPO/3|loop|l:e9d7f75cc2fe77537525d2f939a90099|8ccc13c9e73cbf2a9f19db8f7f74dd0491d026f6be5bbdbd030773c1274b89b9',(#3067,#3068,#3069,#3070));
#3072=FACE_OUTER_BOUND('',#2736,.T.);
#3073=ADVANCED_FACE('OSCAD_TOPO/3|face|f:7bd0a7b54d94c743fe8d67251a7939f9|6d3e995166ac54f22f602a0488d0a61f5dfe5aee56c2fcc95f158bd3e97a43fd',(#3072),#151,.T.);
#3074=FACE_OUTER_BOUND('',#2741,.T.);
#3075=ADVANCED_FACE('OSCAD_TOPO/3|face|f:02c8ba3114568297c4d2299c8671d383|c5932e1c1218573b1a3c845e16f1f3cf12ae47f5d85cc79dd7963fb4a5db4c5a',(#3074),#158,.T.);
#3076=FACE_OUTER_BOUND('',#2746,.T.);
#3077=ADVANCED_FACE('OSCAD_TOPO/3|face|f:7d4db2dd84dd942aea6d145f6f9e1efc|2e08435d3f5fb176313f3041ee6483b73a665c8fe22b157e7a3dfb67bcf90018',(#3076),#165,.T.);
#3078=FACE_OUTER_BOUND('',#2751,.T.);
#3079=ADVANCED_FACE('OSCAD_TOPO/3|face|f:f8c545d2756beb6e6be64ba94506ab0a|57d3201b3ca5e1a2b56eae5013356fc69f5c58ae63d2417864e51d07fb488928',(#3078),#172,.T.);
#3080=FACE_OUTER_BOUND('',#2756,.T.);
#3081=ADVANCED_FACE('OSCAD_TOPO/3|face|f:e04dd565c48971b8b5c70db4130686b9|f04634bbbdcb3fae4f70437fe363edfa72f96a3bf618a8d0f88d2d96e895b757',(#3080),#179,.T.);
#3082=FACE_OUTER_BOUND('',#2761,.T.);
#3083=ADVANCED_FACE('OSCAD_TOPO/3|face|f:f0b26e5a8fe0ef2ff387eafcf1738b71|8adc94a38d851c5ecebec591bfc8b4a816b2204c40c2e7e126c1c91698eecaca',(#3082),#186,.T.);
#3084=FACE_OUTER_BOUND('',#2766,.T.);
#3085=ADVANCED_FACE('OSCAD_TOPO/3|face|f:ab142f857d6757d886cb4cdab165c09a|2666643d96c8a4c0565c4889fb41f9b96b28812fe34ba21e949d1e930b5b0407',(#3084),#193,.T.);
#3086=FACE_OUTER_BOUND('',#2771,.T.);
#3087=ADVANCED_FACE('OSCAD_TOPO/3|face|f:3c7423acd6736fd83299a13ba349619e|274f143ac6655a8444c90b39df8f1e1f91d7cc1e78f5672cca3821e423a8df69',(#3086),#200,.T.);
#3088=FACE_OUTER_BOUND('',#2776,.T.);
#3089=ADVANCED_FACE('OSCAD_TOPO/3|face|f:942084a1bd64608e531ee22cd077eb92|c949755b4fdcaf5c4d2599102b3cc5088f3d3954dc142d29a6b02e65842004eb',(#3088),#207,.T.);
#3090=FACE_OUTER_BOUND('',#2781,.T.);
#3091=ADVANCED_FACE('OSCAD_TOPO/3|face|f:a2aea50e5a00a0cdda8a0d59191e9631|75101b51f3f7484a50211a6b9f8a7a96957dcb13f7a41e27e666d9e91bfb027b',(#3090),#214,.T.);
#3092=FACE_OUTER_BOUND('',#2786,.T.);
#3093=ADVANCED_FACE('OSCAD_TOPO/3|face|f:db1f04d0efa937dbf5bf5049f2b8673a|2afe2a2e9e5535ad2098df6ce4b985888aba010d9b03b10645303405979c3768',(#3092),#221,.T.);
#3094=FACE_OUTER_BOUND('',#2791,.T.);
#3095=ADVANCED_FACE('OSCAD_TOPO/3|face|f:a475274228c84cf673e5e5eced1796a9|b0d378454073f4808c93428dbaeabf14b59e64cb01102340998af08b158dd8bf',(#3094),#228,.T.);
#3096=FACE_OUTER_BOUND('',#2796,.T.);
#3097=ADVANCED_FACE('OSCAD_TOPO/3|face|f:75393e7052860a9516eee3415f9ff395|b1243838b0f71203de68a2b62981d7abbcb926f6486074739424f97f7ff91fe5',(#3096),#235,.T.);
#3098=FACE_OUTER_BOUND('',#2801,.T.);
#3099=ADVANCED_FACE('OSCAD_TOPO/3|face|f:b3f5671df66e1f0a69943a2e352fc712|b7ec8336ec2c0954c5b57b6f46df4a241843f3d4f98c563e31cff78827e64939',(#3098),#242,.T.);
#3100=FACE_OUTER_BOUND('',#2806,.T.);
#3101=ADVANCED_FACE('OSCAD_TOPO/3|face|f:550bab57948eec12927a4c22fee4c168|b595bf153351cf1d4ee8424018843a86926d3cd7df023f487cf1802a79f0f6a0',(#3100),#249,.T.);
#3102=FACE_OUTER_BOUND('',#2811,.T.);
#3103=ADVANCED_FACE('OSCAD_TOPO/3|face|f:182c41bb92d429954c4a19ce67f31f43|c33d568215dd76e983e61572f27d4c3cfeb7508480d3913b94032b57d8b37d68',(#3102),#256,.T.);
#3104=FACE_OUTER_BOUND('',#2816,.T.);
#3105=ADVANCED_FACE('OSCAD_TOPO/3|face|f:cc2ef28836f64817018ae5a55f27354d|0139baa9981a24869ab013a7d8bace452026ddce87c0de1025996816017e96ba',(#3104),#263,.T.);
#3106=FACE_OUTER_BOUND('',#2821,.T.);
#3107=ADVANCED_FACE('OSCAD_TOPO/3|face|f:cc0fb9f58f5ac08b8d738dfa6dae53dd|a970b8434fd18de97ea365dac5d0245c654b5ae0b332ebcbc7117db17df13849',(#3106),#270,.T.);
#3108=FACE_OUTER_BOUND('',#2826,.T.);
#3109=ADVANCED_FACE('OSCAD_TOPO/3|face|f:cfd43cc93a56f871b0c44296da0267ca|63fd0274490557591945697d2dcffe2120380e2aa5c98a489eddf46941b552a2',(#3108),#277,.T.);
#3110=FACE_OUTER_BOUND('',#2831,.T.);
#3111=ADVANCED_FACE('OSCAD_TOPO/3|face|f:57801c68213a7bfe28e012ca70cff81b|5409e3599e477f8c43337f256a9ca932c3b04ee35867ea1d0d2a78adea9c2712',(#3110),#284,.T.);
#3112=FACE_OUTER_BOUND('',#2836,.T.);
#3113=ADVANCED_FACE('OSCAD_TOPO/3|face|f:c156e3a37291c4e174c04ff30896b3d7|d67979ba2af205087980fcf4acc66bdf95e00c7e95da3d39c95940228ac82402',(#3112),#291,.T.);
#3114=FACE_OUTER_BOUND('',#2841,.T.);
#3115=ADVANCED_FACE('OSCAD_TOPO/3|face|f:6f0af7b36f0d6ff3c4c9ae9ba9617b80|45815b65af02f557c0d52d63e1347a30e627b1e7366df78cfa2e3e76bde4f52b',(#3114),#298,.T.);
#3116=FACE_OUTER_BOUND('',#2846,.T.);
#3117=ADVANCED_FACE('OSCAD_TOPO/3|face|f:d59ecd2201e949b48b48661db9fc50f9|e58b81661aeb7b4bce3e2eccfce0ed106eaad2f29a287ac81960ac0ebcd1cbab',(#3116),#305,.T.);
#3118=FACE_OUTER_BOUND('',#2851,.T.);
#3119=ADVANCED_FACE('OSCAD_TOPO/3|face|f:c83408d70f78b8ffadb8ee7620b235e4|620a00c05fda9176de4d990e2d642b0d1126c4cefc33766d3b3c7391a18802f1',(#3118),#312,.T.);
#3120=FACE_OUTER_BOUND('',#2856,.T.);
#3121=ADVANCED_FACE('OSCAD_TOPO/3|face|f:ffa4a9960a6e3d4611515d1a264095a0|58412cf0973431d07da95bcde9486fdc4443bed1bb8b563dadf151e0c5933ebe',(#3120),#319,.T.);
#3122=FACE_OUTER_BOUND('',#2861,.T.);
#3123=ADVANCED_FACE('OSCAD_TOPO/3|face|f:630b1851ff20bfb81b59f01c4910c98a|f78cf2df8fd922aae4ba33abd06c4f0402b9f69107c6bcf2c2deecd52f599506',(#3122),#326,.T.);
#3124=FACE_OUTER_BOUND('',#2866,.T.);
#3125=ADVANCED_FACE('OSCAD_TOPO/3|face|f:b8c9722a778c5baff587660cccec6dec|2a8759b7062f20d0e4b24fab2e35cf288ea3eaf550105bcc4e200321cefe5440',(#3124),#333,.T.);
#3126=FACE_OUTER_BOUND('',#2871,.T.);
#3127=ADVANCED_FACE('OSCAD_TOPO/3|face|f:21f5db54131e84b5acb1ba1c06d71381|2b94a5148da26654e64dda8d597efd90f032a8cb502d0bc6171ea9c34f20f8b0',(#3126),#340,.T.);
#3128=FACE_OUTER_BOUND('',#2876,.T.);
#3129=ADVANCED_FACE('OSCAD_TOPO/3|face|f:80f79c7a7ae78a20de8dd9bdd4167a28|740862cbca4ae80f1e75df2750669f8605b2375ea6a144e1dcfb415093819226',(#3128),#347,.T.);
#3130=FACE_OUTER_BOUND('',#2881,.T.);
#3131=ADVANCED_FACE('OSCAD_TOPO/3|face|f:95cbf8a5dbc1371f4fb380413434bfd5|72c5df34d1e298508c9238c40f01f991f464980efa39f013e063753c03b1b074',(#3130),#354,.T.);
#3132=FACE_OUTER_BOUND('',#2886,.T.);
#3133=ADVANCED_FACE('OSCAD_TOPO/3|face|f:58e1ec4d8a7c0fa842904019687222bb|5976c80183b09c7738fedd53467bab99771abcb80eb2180155f7133087e2d1cf',(#3132),#361,.T.);
#3134=FACE_OUTER_BOUND('',#2891,.T.);
#3135=ADVANCED_FACE('OSCAD_TOPO/3|face|f:0ffc0971d8b6330d159a674559f04568|9085911d98f7ce1012ccf8fe037d75153c78a7be132b3266565c5e5a84808181',(#3134),#368,.T.);
#3136=FACE_OUTER_BOUND('',#2896,.T.);
#3137=ADVANCED_FACE('OSCAD_TOPO/3|face|f:87ea0b15cbed9b059ce309b75100cd12|ab23ba53c92ac2c5e3f15e1defb7f5696f7105a6c292da4b7d083e05e279c092',(#3136),#375,.T.);
#3138=FACE_OUTER_BOUND('',#2901,.T.);
#3139=ADVANCED_FACE('OSCAD_TOPO/3|face|f:f5f6cd23ddc8ff1b4e18539c7062baa8|64fbb7dea5b60d166f12658ea9b861d4844d3d6a0af5aaa21bbd351949db2c0c',(#3138),#382,.T.);
#3140=FACE_OUTER_BOUND('',#2906,.T.);
#3141=ADVANCED_FACE('OSCAD_TOPO/3|face|f:dc0e12e68b7cdc10d1aad7cb2bfdf2a5|874342a6eb1526c99d216bb7a943b2e132b4bf9155f205faa4fb5145256b87e8',(#3140),#389,.T.);
#3142=FACE_OUTER_BOUND('',#2911,.T.);
#3143=ADVANCED_FACE('OSCAD_TOPO/3|face|f:373d1871d15ed4830c03d28bbe9ae13e|643409862bc1f094bce22b773f95b9b72f6be31756213a71665e95e2b7e4615f',(#3142),#396,.T.);
#3144=FACE_OUTER_BOUND('',#2916,.T.);
#3145=ADVANCED_FACE('OSCAD_TOPO/3|face|f:67a2269bc2f29837455ee9ad3132d284|d23fabdf180eb11fb1b4a509b10c46d5040743ab549c72f7eb2e99ce01a76bed',(#3144),#403,.T.);
#3146=FACE_OUTER_BOUND('',#2921,.T.);
#3147=ADVANCED_FACE('OSCAD_TOPO/3|face|f:7a98f908d26b17b4b08abe30bdba3685|9f6d4187c89378ff1973730a781f88a8879ee4bed7aafb75a2de83c6ce28444b',(#3146),#410,.T.);
#3148=FACE_OUTER_BOUND('',#2926,.T.);
#3149=ADVANCED_FACE('OSCAD_TOPO/3|face|f:f94812749d69368b4d57be39e4aa1800|69205d61ff37586c9785100d43d556149427604e84041633160e8863c6e55010',(#3148),#417,.T.);
#3150=FACE_OUTER_BOUND('',#2931,.T.);
#3151=ADVANCED_FACE('OSCAD_TOPO/3|face|f:5b94d2aaad460390e08b57081c669958|b26e8ce0ffddc0e9410295714ad347dcd6ca2a1409426087c17ba5a2f3de1227',(#3150),#424,.T.);
#3152=FACE_OUTER_BOUND('',#2936,.T.);
#3153=ADVANCED_FACE('OSCAD_TOPO/3|face|f:3dcaba9cc5a66af57ecd4cb66746af14|d9f06a0bc4f9b43a656a5ae215dd4fd2a58e4ae5f3bf0fc19a08ff603c210367',(#3152),#431,.T.);
#3154=FACE_OUTER_BOUND('',#2941,.T.);
#3155=ADVANCED_FACE('OSCAD_TOPO/3|face|f:9193abb2e6ceeaa3af8fb23fca4fd311|0bd112d19b663116ad6d666d3a5125c16d6e6b847aba572e872f929df88b30c1',(#3154),#438,.T.);
#3156=FACE_OUTER_BOUND('',#2946,.T.);
#3157=ADVANCED_FACE('OSCAD_TOPO/3|face|f:fe02535fb580f3a396defc513d4ce15e|f2cd80fba1fdc4be99d7865e7aa194d55e2c4a71a3081ebf5f3714e92db279d8',(#3156),#445,.T.);
#3158=FACE_OUTER_BOUND('',#2951,.T.);
#3159=ADVANCED_FACE('OSCAD_TOPO/3|face|f:dc4b5e9657e941641be31b21a1cb8b79|2ebd5386ecaff946c05adb4f4eebf75fa7585f9703372c621a2c44f03c32d6ee',(#3158),#452,.T.);
#3160=FACE_OUTER_BOUND('',#2956,.T.);
#3161=ADVANCED_FACE('OSCAD_TOPO/3|face|f:4873b87e8ed56de7023d705e69048dc4|8752e92e3f0f904da95e3f1ab2a724777f890b9c0e3e322baf7aa262fd0860b8',(#3160),#459,.T.);
#3162=FACE_OUTER_BOUND('',#2961,.T.);
#3163=ADVANCED_FACE('OSCAD_TOPO/3|face|f:3984b43275d918779d26629fd53387ee|c0c9f4149362cf908595c421397bd88f71af3e1fb1bb5b35b268b7bd0cb6a327',(#3162),#466,.T.);
#3164=FACE_OUTER_BOUND('',#2966,.T.);
#3165=ADVANCED_FACE('OSCAD_TOPO/3|face|f:071d71bf45b4c979616fc703f36995d5|ed36c93b40d4af304ef6d0162b8d0f45892712549230a1250265b4cbed9d2834',(#3164),#473,.T.);
#3166=FACE_OUTER_BOUND('',#2971,.T.);
#3167=ADVANCED_FACE('OSCAD_TOPO/3|face|f:083922b4a63b026b5e4e1a3197c2c1d3|ffc018c86da234345270a2c688191e836565990d8d470311cab8ffe5b0fe5299',(#3166),#480,.T.);
#3168=FACE_OUTER_BOUND('',#2976,.T.);
#3169=ADVANCED_FACE('OSCAD_TOPO/3|face|f:42e5706bf3afa73ce21a833412dc7c42|9124fe8ff446f961a28417b414c22ca20e245cad6cadc6159b00954ee64d765d',(#3168),#487,.T.);
#3170=FACE_OUTER_BOUND('',#2981,.T.);
#3171=ADVANCED_FACE('OSCAD_TOPO/3|face|f:99cac24731111e744782e74fffa195a9|9ee3f9f9d5bec289faecd3f5b6122b80730ef5c7688b0af83124d24654751089',(#3170),#494,.T.);
#3172=FACE_OUTER_BOUND('',#2986,.T.);
#3173=ADVANCED_FACE('OSCAD_TOPO/3|face|f:ebabb8e5331eade2e65e56ebba1be6b9|6266ebf0fdca6e800d8ad75334b971818c8cc99279b9ebc9b1313b57b229fd59',(#3172),#501,.T.);
#3174=FACE_OUTER_BOUND('',#2991,.T.);
#3175=ADVANCED_FACE('OSCAD_TOPO/3|face|f:49bd6f7065941a636f834a49a458e44f|0744647b3bfdc5169b0df12cf69f9166852a72fe3789f6b9974297c7de070815',(#3174),#508,.T.);
#3176=FACE_OUTER_BOUND('',#2996,.T.);
#3177=ADVANCED_FACE('OSCAD_TOPO/3|face|f:0cef2304e43e39aaa56b25421b362072|b34dac11b45085aad5b98642b117ace2025858bb6d326b34852006cf1ae645f3',(#3176),#515,.T.);
#3178=FACE_OUTER_BOUND('',#3001,.T.);
#3179=ADVANCED_FACE('OSCAD_TOPO/3|face|f:e62acc7b69ceb1d1c813539e341ca2af|27ca0c643c09e682209ccc681b36656f09e9155a0d9e2fa4cf37cd7723be3199',(#3178),#522,.T.);
#3180=FACE_OUTER_BOUND('',#3006,.T.);
#3181=ADVANCED_FACE('OSCAD_TOPO/3|face|f:7718c6495c66165f19af62f3851424af|f40409477593b312adf3d4b527e3d159afe75220cc5d01194d40ad0e712c5f77',(#3180),#529,.T.);
#3182=FACE_OUTER_BOUND('',#3011,.T.);
#3183=ADVANCED_FACE('OSCAD_TOPO/3|face|f:ba4acc1a94069b33a37b1976a020dfc3|b25661488a10e95313b47c885848a58e2ce1e45313ec5ca484865c5d48ed5a40',(#3182),#536,.T.);
#3184=FACE_OUTER_BOUND('',#3016,.T.);
#3185=ADVANCED_FACE('OSCAD_TOPO/3|face|f:3eb65e33272e3c8461e5bd8748f98f90|665fde5ffc2745a187334184225f970d8646f68d86d066a8fe5901f35eef479f',(#3184),#543,.T.);
#3186=FACE_OUTER_BOUND('',#3021,.T.);
#3187=ADVANCED_FACE('OSCAD_TOPO/3|face|f:d643da33348209fba388279a8fc5ef9a|00c8b50fb5f3f112f5f6e0e3fa89b07b2b33854d0ea389a5e5d16570c3b7a632',(#3186),#550,.T.);
#3188=FACE_OUTER_BOUND('',#3026,.T.);
#3189=ADVANCED_FACE('OSCAD_TOPO/3|face|f:a51de96207a08064660f2016dc9989ef|75283a7ac99be96ac1af5c247a41975ae38de7f89ed7354a84eef4af15cf5b80',(#3188),#557,.T.);
#3190=FACE_OUTER_BOUND('',#3031,.T.);
#3191=ADVANCED_FACE('OSCAD_TOPO/3|face|f:9ac296935828491b74eea71bb89012ea|3070f097228e376f3549d62758705b9377a87c63014a7827668940922494e291',(#3190),#564,.T.);
#3192=FACE_OUTER_BOUND('',#3036,.T.);
#3193=ADVANCED_FACE('OSCAD_TOPO/3|face|f:e82c0925bf207f49e8e29c9e0be7e43f|301bf889b746dd3225ff6c3fb7032b523a1dc0176956699942321dbaeeb48165',(#3192),#571,.T.);
#3194=FACE_OUTER_BOUND('',#3041,.T.);
#3195=ADVANCED_FACE('OSCAD_TOPO/3|face|f:da8d3652a06d883be036d5a4675c5390|3018f8b64100120c855ac539896b4e74bd53627b9d10d88f7f4b257f0c7d42a5',(#3194),#578,.T.);
#3196=FACE_OUTER_BOUND('',#3046,.T.);
#3197=ADVANCED_FACE('OSCAD_TOPO/3|face|f:a5d184662d90baf9191341b0d0f1b6d1|05c091cec0371283bab171de564269e77ff817c12167a0109516c62e57247011',(#3196),#585,.T.);
#3198=FACE_OUTER_BOUND('',#3051,.T.);
#3199=ADVANCED_FACE('OSCAD_TOPO/3|face|f:e3cd3b70e587b6821910b5b3472eecb1|e303f03d69824906e85e98cb1631cead98e8367e150e172ef653db98383fb60c',(#3198),#592,.T.);
#3200=FACE_OUTER_BOUND('',#3056,.T.);
#3201=FACE_BOUND('',#3061,.T.);
#3202=ADVANCED_FACE('OSCAD_TOPO/3|face|f:820bd97d5a6d636965142b7d5d821e76|84493b9781b3555924e6d3c549c46ee6f44c4682623fecb625e36ef2ea277bec',(#3200,#3201),#597,.T.);
#3203=FACE_OUTER_BOUND('',#3066,.T.);
#3204=FACE_BOUND('',#3071,.T.);
#3205=ADVANCED_FACE('OSCAD_TOPO/3|face|f:fcfe312c400fbb93f94f92d1defbf1fa|f736693e53568067d07333a61029c8c15673cca592e2e3b2be5e2bd179cfd80c',(#3203,#3204),#602,.T.);
#3206=CLOSED_SHELL('OSCAD_TOPO/3|shell|s:65a5825d7ab367cded8892fcfa3f7bfd|3f5e53ad028bc3a8a6c05c448a4b5daff6eff875e329c89a7abf7cfbbeb6d4a1',(#3073,#3075,#3077,#3079,#3081,#3083,#3085,#3087,#3089,#3091,#3093,#3095,#3097,#3099,#3101,#3103,#3105,#3107,#3109,#3111,#3113,#3115,#3117,#3119,#3121,#3123,#3125,#3127,#3129,#3131,#3133,#3135,#3137,#3139,#3141,#3143,#3145,#3147,#3149,#3151,#3153,#3155,#3157,#3159,#3161,#3163,#3165,#3167,#3169,#3171,#3173,#3175,#3177,#3179,#3181,#3183,#3185,#3187,#3189,#3191,#3193,#3195,#3197,#3199,#3202,#3205));
#3207=MANIFOLD_SOLID_BREP('OSCAD_TOPO/3|body|b:1d78e480de827cba517d405596b7a5cc|13ed06a517df50268d816bd19e7c902b58940d10bc794252f58c23c13d61e42d',#3206);
#3208=(LENGTH_UNIT()NAMED_UNIT(*)SI_UNIT(.MILLI.,.METRE.));
#3209=UNCERTAINTY_MEASURE_WITH_UNIT(LENGTH_MEASURE(9.99999999999999955E-8),#3208,'distance_accuracy_value','');
#3210=(GEOMETRIC_REPRESENTATION_CONTEXT(3)GLOBAL_UNCERTAINTY_ASSIGNED_CONTEXT((#3209))GLOBAL_UNIT_ASSIGNED_CONTEXT((#3208))REPRESENTATION_CONTEXT('','3D'));
#3211=ADVANCED_BREP_SHAPE_REPRESENTATION('',(#3207),#3210);
#3212=APPLICATION_CONTEXT('managed model based 3d engineering');
#3213=PRODUCT_CONTEXT('',#3212,'mechanical');
#3214=PRODUCT('model','model','',(#3213));
#3215=PRODUCT_DEFINITION_FORMATION('1','',#3214);
#3216=PRODUCT_DEFINITION_CONTEXT('part definition',#3212,'design');
#3217=PRODUCT_DEFINITION('design','',#3215,#3216);
#3218=PRODUCT_DEFINITION_SHAPE('','',#3217);
#3219=SHAPE_DEFINITION_REPRESENTATION(#3218,#3211);
ENDSEC;
END-ISO-10303-21;
