ISO-10303-21;
HEADER;
FILE_DESCRIPTION(('OpenSCAD Viewer retained AP242 B-rep'),'2;1');
FILE_NAME('model.step','',(''),(''),'OpenSCAD Viewer','OpenSCAD Viewer','');
FILE_SCHEMA(('AP242_MANAGED_MODEL_BASED_3D_ENGINEERING_MIM_LF'));
ENDSEC;
DATA;
#1=CARTESIAN_POINT('',(2.87500000000000000E0,-3.12500000000000000E-2,1.25000000000000000E-1));
#2=VERTEX_POINT('OSCAD_TOPO/3|vertex|v:17504a4b566885d6aec05fc9e660416d|9889a1672afbaa39f1fa2e90c3d6f87b868231bbe9a30c535e14e4b51c815b71',#1);
#3=CARTESIAN_POINT('',(3.12500000000000000E0,-3.12500000000000000E-2,1.25000000000000000E-1));
#4=VERTEX_POINT('OSCAD_TOPO/3|vertex|v:ba9ee31471573a405b0bd1c9aacbf2f2|503abd5408e77bded80349fe58c75f6be94b2ce602278716edbbda3eafb97e49',#3);
#5=CARTESIAN_POINT('',(3.12500000000000000E0,3.12500000000000000E-2,-1.25000000000000000E-1));
#6=VERTEX_POINT('OSCAD_TOPO/3|vertex|v:703fc9d7918640a0d07f2c71039c6728|dd04c334cb04e3dac1447718a0753d5e2db9cbd076ab21b4d31e9919c9b574c6',#5);
#7=CARTESIAN_POINT('',(2.87500000000000000E0,3.12500000000000000E-2,-1.25000000000000000E-1));
#8=VERTEX_POINT('OSCAD_TOPO/3|vertex|v:49802e39eff841100930e2f76edd496d|2b12e741a2d8f00360dd5f9dcb2919d9f1ee53f4a1601e6bcf050ac73b6cef84',#7);
#9=CARTESIAN_POINT('',(2.20605468750000000E0,1.84472656250000000E0,2.48046875000000000E-1));
#10=VERTEX_POINT('OSCAD_TOPO/3|vertex|v:694b7c28a3b3479f0885fdf0b3d4450f|9d1f0d3d1c6cb116eaf2bcd6c974389563825d11ac4d428c9aa4635580d3cd4e',#9);
#11=CARTESIAN_POINT('',(2.39746093750000000E0,2.00488281250000000E0,2.48046875000000000E-1));
#12=VERTEX_POINT('OSCAD_TOPO/3|vertex|v:072d52d78bcb50ed311ab43696175e23|0a1e8f95d90b07a61b516c546ca4ad556a486d3ed4d0bfefe709fb583d8e8938',#11);
#13=CARTESIAN_POINT('',(2.38964843750000000E0,2.01269531250000000E0,-1.95312500000000000E-3));
#14=VERTEX_POINT('OSCAD_TOPO/3|vertex|v:976804dd354ce1ebc34dc065430867a0|b95f117b3f504c49bb9a1163d3fec7254380bad83ae01de63f490efb952807f3',#13);
#15=CARTESIAN_POINT('',(2.19824218750000000E0,1.85253906250000000E0,-1.95312500000000000E-3));
#16=VERTEX_POINT('OSCAD_TOPO/3|vertex|v:1dc3a27c223e968532b14ef657d59c47|d91078b3634de5b278fac5321c3648af4cd4b6ccb7f24949d2db77ee69a5c1c3',#15);
#17=CARTESIAN_POINT('',(4.69726562500000000E-1,2.83593750000000000E0,1.67968750000000000E-1));
#18=VERTEX_POINT('OSCAD_TOPO/3|vertex|v:b0c7b892fc191ad614ad7b77a1b8a45e|09c15d7c889dc2c048146417b845e86633204e2f62adc512bc805c0c694d8a28',#17);
#19=CARTESIAN_POINT('',(5.12695312500000000E-1,3.08203125000000000E0,1.67968750000000000E-1));
#20=VERTEX_POINT('OSCAD_TOPO/3|vertex|v:ad6383ee670720ffbd7fc57e72b0538a|e8a2521af766edb34185bfa2dd9b446757c8d624c7be86e58636a1f1886ecd7a',#19);
#21=CARTESIAN_POINT('',(5.71289062500000000E-1,3.07226562500000000E0,-8.20312500000000000E-2));
#22=VERTEX_POINT('OSCAD_TOPO/3|vertex|v:84cfa0da99d385a096818fe84d640127|a2c2f333a256677e365c29248497b4965e94fddee7a301fc3074a7719e8edc70',#21);
#23=CARTESIAN_POINT('',(5.28320312500000000E-1,2.82617187500000000E0,-8.20312500000000000E-2));
#24=VERTEX_POINT('OSCAD_TOPO/3|vertex|v:9bb7920518f56009f48017db138ba8fa|d15bc567a61d84cfdfa24b7da3a952e21e966a4246471c5b225746c2490a7c14',#23);
#25=CARTESIAN_POINT('',(-1.45117187500000000E0,2.48144531250000000E0,1.66015625000000000E-2));
#26=VERTEX_POINT('OSCAD_TOPO/3|vertex|v:0813ecbc6eb8ca0b5eade22a969253b0|3988377d4ee47e045e5fc4f7760f38c697481c7fa5453fd463d6ef2dbf38926c',#25);
#27=CARTESIAN_POINT('',(-1.57617187500000000E0,2.69824218750000000E0,1.66015625000000000E-2));
#28=VERTEX_POINT('OSCAD_TOPO/3|vertex|v:e8c2a1fa6ac66ef31b3dceeabe5a908c|c096c78c84898fcdb4f9a01a3e34a54c349a7c9703066f90375ea3dcf9fd21f1',#27);
#29=CARTESIAN_POINT('',(-1.54882812500000000E0,2.71386718750000000E0,-2.33398437500000000E-1));
#30=VERTEX_POINT('OSCAD_TOPO/3|vertex|v:e2def64a3d2fd47f33a3e138d06c378e|893b5276dd71e6bbbe96f2cfb966ec5e3f9a29e1ac0a70c106d2e608507558bd',#29);
#31=CARTESIAN_POINT('',(-1.42382812500000000E0,2.49707031250000000E0,-2.33398437500000000E-1));
#32=VERTEX_POINT('OSCAD_TOPO/3|vertex|v:ed7c31c073ec6a91cfd0a0f6b953902a|00af1ed0160b29d498f792aa331a0afb6bd7ceb143f68248d9dc83d8e2f8557f',#31);
#33=CARTESIAN_POINT('',(-2.69433593750000000E0,1.00585937500000000E0,4.49218750000000000E-2));
#34=VERTEX_POINT('OSCAD_TOPO/3|vertex|v:4a9cb9e20e0254d118565f8556145bfd|0b40878d3b0aa6a2af259f6dc10ecf7b3a418f4fd9146c788904b2d84d86c852',#33);
#35=CARTESIAN_POINT('',(-2.92871093750000000E0,1.09179687500000000E0,4.49218750000000000E-2));
#36=VERTEX_POINT('OSCAD_TOPO/3|vertex|v:070e9dbf99f22c7282b45162f414a65f|ec98a91c2afad779a329aeec98c9efbd0c9783a88c61f54d147889273f9cbdd0',#35);
#37=CARTESIAN_POINT('',(-2.94433593750000000E0,1.04687500000000000E0,-2.05078125000000000E-1));
#38=VERTEX_POINT('OSCAD_TOPO/3|vertex|v:12cc5cacc16e505c28aef531f6046d7a|e6d5c83157c01e7718a9725a28bb13bb85718ae494251333f0788889af6c6b2b',#37);
#39=CARTESIAN_POINT('',(-2.70996093750000000E0,9.60937500000000000E-1,-2.05078125000000000E-1));
#40=VERTEX_POINT('OSCAD_TOPO/3|vertex|v:b59c1142b162c84ebf1524d8c3cfbb69|9cebfeb298d40af67785f7c037fb76f897b9650c62e9f00f3d53fbc0f512a3a4',#39);
#41=CARTESIAN_POINT('',(-2.70996093750000000E0,-9.60937500000000000E-1,2.05078125000000000E-1));
#42=VERTEX_POINT('OSCAD_TOPO/3|vertex|v:ccd27e2bdb72e52620c78b67e1db54dc|04e1339f1cb799a732802efaf2cfe6207acbb478255bd90ba83bcf6db2c7ba38',#41);
#43=CARTESIAN_POINT('',(-2.94433593750000000E0,-1.04687500000000000E0,2.05078125000000000E-1));
#44=VERTEX_POINT('OSCAD_TOPO/3|vertex|v:85c828df66e1f68162c349efcad1eff3|430c925c1819037143c5e9491a8615f28c80a43d352abebf463c9f5ce91f80ed',#43);
#45=CARTESIAN_POINT('',(-2.92871093750000000E0,-1.09179687500000000E0,-4.49218750000000000E-2));
#46=VERTEX_POINT('OSCAD_TOPO/3|vertex|v:32c5948281434ae69a3619c90bd45afb|c83a11223f87fbdd5957bb3c4d7b44177234044d3941da022e6dba26f49c501c',#45);
#47=CARTESIAN_POINT('',(-2.69433593750000000E0,-1.00585937500000000E0,-4.49218750000000000E-2));
#48=VERTEX_POINT('OSCAD_TOPO/3|vertex|v:f11cd97af9301bec9882538ffa4fdaf4|89842f455428f920b9b105bce348f00f0c2737f89bb4c5ea30ff2de61d0e5b5c',#47);
#49=CARTESIAN_POINT('',(-1.42382812500000000E0,-2.49707031250000000E0,2.33398437500000000E-1));
#50=VERTEX_POINT('OSCAD_TOPO/3|vertex|v:ab1526b3c20f599a73a3fcfe9347780d|0c447a2fa27063154d8552292215244e5d1f74a618418e0250fbced659e924b9',#49);
#51=CARTESIAN_POINT('',(-1.54882812500000000E0,-2.71386718750000000E0,2.33398437500000000E-1));
#52=VERTEX_POINT('OSCAD_TOPO/3|vertex|v:92bf5188c58bdf4a5e9c7b2e4def7905|7ab5c8ae617cb7ebf5ac08515c7e15cc9adb71b3843df9464ac69729fee076ae',#51);
#53=CARTESIAN_POINT('',(-1.57617187500000000E0,-2.69824218750000000E0,-1.66015625000000000E-2));
#54=VERTEX_POINT('OSCAD_TOPO/3|vertex|v:59945fa9f3d761d3f54066b572fa5a0a|149a3486c00caaa676079e8993fd6cfb4de3455becbcf1d0de6cc03a4227c5c9',#53);
#55=CARTESIAN_POINT('',(-1.45117187500000000E0,-2.48144531250000000E0,-1.66015625000000000E-2));
#56=VERTEX_POINT('OSCAD_TOPO/3|vertex|v:de501c9377dc87574bdaa074752c497a|40c70c60b4a95b64e92da99ce3cbda31982499b090e613b5b50a53761cd5cd70',#55);
#57=CARTESIAN_POINT('',(5.28320312500000000E-1,-2.82617187500000000E0,8.20312500000000000E-2));
#58=VERTEX_POINT('OSCAD_TOPO/3|vertex|v:fa735358c5b1d77c10541d03d583ddc7|88b56554ae030f69b18e74d49e3533334bb414494e3e6b7b7dcdaf736e25561b',#57);
#59=CARTESIAN_POINT('',(5.71289062500000000E-1,-3.07226562500000000E0,8.20312500000000000E-2));
#60=VERTEX_POINT('OSCAD_TOPO/3|vertex|v:5d6fea50b89919db58b7a41e4cef0b05|137feb820bb12c2604effd08170b51ab9687ffff8b134ff94ed321018bf873dd',#59);
#61=CARTESIAN_POINT('',(5.12695312500000000E-1,-3.08203125000000000E0,-1.67968750000000000E-1));
#62=VERTEX_POINT('OSCAD_TOPO/3|vertex|v:1d90a5d7fb96bbf1355a676df43c1b4a|30d9020ff1f68328737afd5243ffdcfa6635efeb00aff62df15ceec734688b28',#61);
#63=CARTESIAN_POINT('',(4.69726562500000000E-1,-2.83593750000000000E0,-1.67968750000000000E-1));
#64=VERTEX_POINT('OSCAD_TOPO/3|vertex|v:7b8a8d8dcfdc3bd075661826534aed9f|962c69b078a4f0c06431157e97fb5936b5391dc42696ec5dbd21a81e531d2258',#63);
#65=CARTESIAN_POINT('',(2.19824218750000000E0,-1.85253906250000000E0,1.95312500000000000E-3));
#66=VERTEX_POINT('OSCAD_TOPO/3|vertex|v:b15ce1c9ccca912ccdbc81f1fed42089|c4d8fffb0a0776c6e02231f1faa9d66bc1b2bd152256c7598516cc277e52d8b3',#65);
#67=CARTESIAN_POINT('',(2.38964843750000000E0,-2.01269531250000000E0,1.95312500000000000E-3));
#68=VERTEX_POINT('OSCAD_TOPO/3|vertex|v:0b4b81a32ff84df2dc8ce9481d06d435|b6e30cb940ec00e4d083455ab6ec4fd453b6434fa5508d4befb469677b6cf81b',#67);
#69=CARTESIAN_POINT('',(2.39746093750000000E0,-2.00488281250000000E0,-2.48046875000000000E-1));
#70=VERTEX_POINT('OSCAD_TOPO/3|vertex|v:a12764dd48fff7d9853449a12c617ce5|7ed949026997d1099bb1af5d42cbeb1ba4f9031a8666f35a8b9fde239f89ceb0',#69);
#71=CARTESIAN_POINT('',(2.20605468750000000E0,-1.84472656250000000E0,-2.48046875000000000E-1));
#72=VERTEX_POINT('OSCAD_TOPO/3|vertex|v:ae807de23ee6432e85a76adfeb7b3c02|e026f9e8812c0c2056dda1673944bcfe892b0a2f486e29b80cddb0c4816fdb9b',#71);
#73=CARTESIAN_POINT('',(2.87500000000000000E0,-3.12500000000000000E-2,1.25000000000000000E-1));
#74=CARTESIAN_POINT('',(2.87597656250000000E0,3.38867187500000000E-1,1.49414062500000000E-1));
#75=CARTESIAN_POINT('',(2.87695312500000000E0,7.08984375000000000E-1,1.73828125000000000E-1));
#76=CARTESIAN_POINT('',(2.68652343750000000E0,1.27050781250000000E0,2.40234375000000000E-1));
#77=CARTESIAN_POINT('',(2.44628906250000000E0,1.55761718750000000E0,2.44140625000000000E-1));
#78=CARTESIAN_POINT('',(2.20605468750000000E0,1.84472656250000000E0,2.48046875000000000E-1));
#79=CARTESIAN_POINT('',(3.12500000000000000E0,-3.12500000000000000E-2,1.25000000000000000E-1));
#80=CARTESIAN_POINT('',(3.12597656250000000E0,3.70117187500000000E-1,1.49414062500000000E-1));
#81=CARTESIAN_POINT('',(3.12695312500000000E0,7.71484375000000000E-1,1.73828125000000000E-1));
#82=CARTESIAN_POINT('',(2.92089843750000000E0,1.38183593750000000E0,2.40234375000000000E-1));
#83=CARTESIAN_POINT('',(2.65917968750000000E0,1.69335937500000000E0,2.44140625000000000E-1));
#84=CARTESIAN_POINT('',(2.39746093750000000E0,2.00488281250000000E0,2.48046875000000000E-1));
#85=(BOUNDED_SURFACE()B_SPLINE_SURFACE(1,5,((#73,#74,#75,#76,#77,#78),(#79,#80,#81,#82,#83,#84)),.UNSPECIFIED.,.F.,.F.,.F.)B_SPLINE_SURFACE_WITH_KNOTS((2,2),(6,6),(0.00000000000000000E0,1.00000000000000000E0),(0.00000000000000000E0,1.00000000000000000E0),.UNSPECIFIED.)GEOMETRIC_REPRESENTATION_ITEM()RATIONAL_B_SPLINE_SURFACE(((1.00000000000000000E0,1.00000000000000000E0,1.00000000000000000E0,1.00000000000000000E0,1.00000000000000000E0,1.00000000000000000E0),(2.00000000000000000E0,2.00000000000000000E0,2.00000000000000000E0,2.00000000000000000E0,2.00000000000000000E0,2.00000000000000000E0)))REPRESENTATION_ITEM('')SURFACE());
#86=CARTESIAN_POINT('',(3.12500000000000000E0,-3.12500000000000000E-2,1.25000000000000000E-1));
#87=CARTESIAN_POINT('',(3.12597656250000000E0,3.70117187500000000E-1,1.49414062500000000E-1));
#88=CARTESIAN_POINT('',(3.12695312500000000E0,7.71484375000000000E-1,1.73828125000000000E-1));
#89=CARTESIAN_POINT('',(2.92089843750000000E0,1.38183593750000000E0,2.40234375000000000E-1));
#90=CARTESIAN_POINT('',(2.65917968750000000E0,1.69335937500000000E0,2.44140625000000000E-1));
#91=CARTESIAN_POINT('',(2.39746093750000000E0,2.00488281250000000E0,2.48046875000000000E-1));
#92=CARTESIAN_POINT('',(3.12500000000000000E0,3.12500000000000000E-2,-1.25000000000000000E-1));
#93=CARTESIAN_POINT('',(3.12402343750000000E0,4.32617187500000000E-1,-1.00585937500000000E-1));
#94=CARTESIAN_POINT('',(3.12304687500000000E0,8.33984375000000000E-1,-7.61718750000000000E-2));
#95=CARTESIAN_POINT('',(2.90136718750000000E0,1.40527343750000000E0,-9.76562500000000000E-3));
#96=CARTESIAN_POINT('',(2.64550781250000000E0,1.70898437500000000E0,-5.85937500000000000E-3));
#97=CARTESIAN_POINT('',(2.38964843750000000E0,2.01269531250000000E0,-1.95312500000000000E-3));
#98=(BOUNDED_SURFACE()B_SPLINE_SURFACE(1,5,((#86,#87,#88,#89,#90,#91),(#92,#93,#94,#95,#96,#97)),.UNSPECIFIED.,.F.,.F.,.F.)B_SPLINE_SURFACE_WITH_KNOTS((2,2),(6,6),(0.00000000000000000E0,1.00000000000000000E0),(0.00000000000000000E0,1.00000000000000000E0),.UNSPECIFIED.)GEOMETRIC_REPRESENTATION_ITEM()RATIONAL_B_SPLINE_SURFACE(((1.00000000000000000E0,1.00000000000000000E0,1.00000000000000000E0,1.00000000000000000E0,1.00000000000000000E0,1.00000000000000000E0),(2.00000000000000000E0,2.00000000000000000E0,2.00000000000000000E0,2.00000000000000000E0,2.00000000000000000E0,2.00000000000000000E0)))REPRESENTATION_ITEM('')SURFACE());
#99=CARTESIAN_POINT('',(3.12500000000000000E0,3.12500000000000000E-2,-1.25000000000000000E-1));
#100=CARTESIAN_POINT('',(3.12402343750000000E0,4.32617187500000000E-1,-1.00585937500000000E-1));
#101=CARTESIAN_POINT('',(3.12304687500000000E0,8.33984375000000000E-1,-7.61718750000000000E-2));
#102=CARTESIAN_POINT('',(2.90136718750000000E0,1.40527343750000000E0,-9.76562500000000000E-3));
#103=CARTESIAN_POINT('',(2.64550781250000000E0,1.70898437500000000E0,-5.85937500000000000E-3));
#104=CARTESIAN_POINT('',(2.38964843750000000E0,2.01269531250000000E0,-1.95312500000000000E-3));
#105=CARTESIAN_POINT('',(2.87500000000000000E0,3.12500000000000000E-2,-1.25000000000000000E-1));
#106=CARTESIAN_POINT('',(2.87402343750000000E0,4.01367187500000000E-1,-1.00585937500000000E-1));
#107=CARTESIAN_POINT('',(2.87304687500000000E0,7.71484375000000000E-1,-7.61718750000000000E-2));
#108=CARTESIAN_POINT('',(2.66699218750000000E0,1.29394531250000000E0,-9.76562500000000000E-3));
#109=CARTESIAN_POINT('',(2.43261718750000000E0,1.57324218750000000E0,-5.85937500000000000E-3));
#110=CARTESIAN_POINT('',(2.19824218750000000E0,1.85253906250000000E0,-1.95312500000000000E-3));
#111=(BOUNDED_SURFACE()B_SPLINE_SURFACE(1,5,((#99,#100,#101,#102,#103,#104),(#105,#106,#107,#108,#109,#110)),.UNSPECIFIED.,.F.,.F.,.F.)B_SPLINE_SURFACE_WITH_KNOTS((2,2),(6,6),(0.00000000000000000E0,1.00000000000000000E0),(0.00000000000000000E0,1.00000000000000000E0),.UNSPECIFIED.)GEOMETRIC_REPRESENTATION_ITEM()RATIONAL_B_SPLINE_SURFACE(((1.00000000000000000E0,1.00000000000000000E0,1.00000000000000000E0,1.00000000000000000E0,1.00000000000000000E0,1.00000000000000000E0),(2.00000000000000000E0,2.00000000000000000E0,2.00000000000000000E0,2.00000000000000000E0,2.00000000000000000E0,2.00000000000000000E0)))REPRESENTATION_ITEM('')SURFACE());
#112=CARTESIAN_POINT('',(2.87500000000000000E0,3.12500000000000000E-2,-1.25000000000000000E-1));
#113=CARTESIAN_POINT('',(2.87402343750000000E0,4.01367187500000000E-1,-1.00585937500000000E-1));
#114=CARTESIAN_POINT('',(2.87304687500000000E0,7.71484375000000000E-1,-7.61718750000000000E-2));
#115=CARTESIAN_POINT('',(2.66699218750000000E0,1.29394531250000000E0,-9.76562500000000000E-3));
#116=CARTESIAN_POINT('',(2.43261718750000000E0,1.57324218750000000E0,-5.85937500000000000E-3));
#117=CARTESIAN_POINT('',(2.19824218750000000E0,1.85253906250000000E0,-1.95312500000000000E-3));
#118=CARTESIAN_POINT('',(2.87500000000000000E0,-3.12500000000000000E-2,1.25000000000000000E-1));
#119=CARTESIAN_POINT('',(2.87597656250000000E0,3.38867187500000000E-1,1.49414062500000000E-1));
#120=CARTESIAN_POINT('',(2.87695312500000000E0,7.08984375000000000E-1,1.73828125000000000E-1));
#121=CARTESIAN_POINT('',(2.68652343750000000E0,1.27050781250000000E0,2.40234375000000000E-1));
#122=CARTESIAN_POINT('',(2.44628906250000000E0,1.55761718750000000E0,2.44140625000000000E-1));
#123=CARTESIAN_POINT('',(2.20605468750000000E0,1.84472656250000000E0,2.48046875000000000E-1));
#124=(BOUNDED_SURFACE()B_SPLINE_SURFACE(1,5,((#112,#113,#114,#115,#116,#117),(#118,#119,#120,#121,#122,#123)),.UNSPECIFIED.,.F.,.F.,.F.)B_SPLINE_SURFACE_WITH_KNOTS((2,2),(6,6),(0.00000000000000000E0,1.00000000000000000E0),(0.00000000000000000E0,1.00000000000000000E0),.UNSPECIFIED.)GEOMETRIC_REPRESENTATION_ITEM()RATIONAL_B_SPLINE_SURFACE(((1.00000000000000000E0,1.00000000000000000E0,1.00000000000000000E0,1.00000000000000000E0,1.00000000000000000E0,1.00000000000000000E0),(2.00000000000000000E0,2.00000000000000000E0,2.00000000000000000E0,2.00000000000000000E0,2.00000000000000000E0,2.00000000000000000E0)))REPRESENTATION_ITEM('')SURFACE());
#125=CARTESIAN_POINT('',(2.20605468750000000E0,1.84472656250000000E0,2.48046875000000000E-1));
#126=CARTESIAN_POINT('',(1.96582031250000000E0,2.13183593750000000E0,2.51953125000000000E-1));
#127=CARTESIAN_POINT('',(1.72558593750000000E0,2.41894531250000000E0,2.55859375000000000E-1));
#128=CARTESIAN_POINT('',(1.20214843750000000E0,2.70898437500000000E0,2.14843750000000000E-1));
#129=CARTESIAN_POINT('',(8.35937500000000000E-1,2.77246093750000000E0,1.91406250000000000E-1));
#130=CARTESIAN_POINT('',(4.69726562500000000E-1,2.83593750000000000E0,1.67968750000000000E-1));
#131=CARTESIAN_POINT('',(2.39746093750000000E0,2.00488281250000000E0,2.48046875000000000E-1));
#132=CARTESIAN_POINT('',(2.13574218750000000E0,2.31640625000000000E0,2.51953125000000000E-1));
#133=CARTESIAN_POINT('',(1.87402343750000000E0,2.62792968750000000E0,2.55859375000000000E-1));
#134=CARTESIAN_POINT('',(1.30761718750000000E0,2.94335937500000000E0,2.14843750000000000E-1));
#135=CARTESIAN_POINT('',(9.10156250000000000E-1,3.01269531250000000E0,1.91406250000000000E-1));
#136=CARTESIAN_POINT('',(5.12695312500000000E-1,3.08203125000000000E0,1.67968750000000000E-1));
#137=(BOUNDED_SURFACE()B_SPLINE_SURFACE(1,5,((#125,#126,#127,#128,#129,#130),(#131,#132,#133,#134,#135,#136)),.UNSPECIFIED.,.F.,.F.,.F.)B_SPLINE_SURFACE_WITH_KNOTS((2,2),(6,6),(0.00000000000000000E0,1.00000000000000000E0),(0.00000000000000000E0,1.00000000000000000E0),.UNSPECIFIED.)GEOMETRIC_REPRESENTATION_ITEM()RATIONAL_B_SPLINE_SURFACE(((1.00000000000000000E0,1.00000000000000000E0,1.00000000000000000E0,1.00000000000000000E0,1.00000000000000000E0,1.00000000000000000E0),(2.00000000000000000E0,2.00000000000000000E0,2.00000000000000000E0,2.00000000000000000E0,2.00000000000000000E0,2.00000000000000000E0)))REPRESENTATION_ITEM('')SURFACE());
#138=CARTESIAN_POINT('',(2.39746093750000000E0,2.00488281250000000E0,2.48046875000000000E-1));
#139=CARTESIAN_POINT('',(2.13574218750000000E0,2.31640625000000000E0,2.51953125000000000E-1));
#140=CARTESIAN_POINT('',(1.87402343750000000E0,2.62792968750000000E0,2.55859375000000000E-1));
#141=CARTESIAN_POINT('',(1.30761718750000000E0,2.94335937500000000E0,2.14843750000000000E-1));
#142=CARTESIAN_POINT('',(9.10156250000000000E-1,3.01269531250000000E0,1.91406250000000000E-1));
#143=CARTESIAN_POINT('',(5.12695312500000000E-1,3.08203125000000000E0,1.67968750000000000E-1));
#144=CARTESIAN_POINT('',(2.38964843750000000E0,2.01269531250000000E0,-1.95312500000000000E-3));
#145=CARTESIAN_POINT('',(2.13378906250000000E0,2.31640625000000000E0,1.95312500000000000E-3));
#146=CARTESIAN_POINT('',(1.87792968750000000E0,2.62011718750000000E0,5.85937500000000000E-3));
#147=CARTESIAN_POINT('',(1.35839843750000000E0,2.93164062500000000E0,-3.51562500000000000E-2));
#148=CARTESIAN_POINT('',(9.64843750000000000E-1,3.00195312500000000E0,-5.85937500000000000E-2));
#149=CARTESIAN_POINT('',(5.71289062500000000E-1,3.07226562500000000E0,-8.20312500000000000E-2));
#150=(BOUNDED_SURFACE()B_SPLINE_SURFACE(1,5,((#138,#139,#140,#141,#142,#143),(#144,#145,#146,#147,#148,#149)),.UNSPECIFIED.,.F.,.F.,.F.)B_SPLINE_SURFACE_WITH_KNOTS((2,2),(6,6),(0.00000000000000000E0,1.00000000000000000E0),(0.00000000000000000E0,1.00000000000000000E0),.UNSPECIFIED.)GEOMETRIC_REPRESENTATION_ITEM()RATIONAL_B_SPLINE_SURFACE(((1.00000000000000000E0,1.00000000000000000E0,1.00000000000000000E0,1.00000000000000000E0,1.00000000000000000E0,1.00000000000000000E0),(2.00000000000000000E0,2.00000000000000000E0,2.00000000000000000E0,2.00000000000000000E0,2.00000000000000000E0,2.00000000000000000E0)))REPRESENTATION_ITEM('')SURFACE());
#151=CARTESIAN_POINT('',(2.38964843750000000E0,2.01269531250000000E0,-1.95312500000000000E-3));
#152=CARTESIAN_POINT('',(2.13378906250000000E0,2.31640625000000000E0,1.95312500000000000E-3));
#153=CARTESIAN_POINT('',(1.87792968750000000E0,2.62011718750000000E0,5.85937500000000000E-3));
#154=CARTESIAN_POINT('',(1.35839843750000000E0,2.93164062500000000E0,-3.51562500000000000E-2));
#155=CARTESIAN_POINT('',(9.64843750000000000E-1,3.00195312500000000E0,-5.85937500000000000E-2));
#156=CARTESIAN_POINT('',(5.71289062500000000E-1,3.07226562500000000E0,-8.20312500000000000E-2));
#157=CARTESIAN_POINT('',(2.19824218750000000E0,1.85253906250000000E0,-1.95312500000000000E-3));
#158=CARTESIAN_POINT('',(1.96386718750000000E0,2.13183593750000000E0,1.95312500000000000E-3));
#159=CARTESIAN_POINT('',(1.72949218750000000E0,2.41113281250000000E0,5.85937500000000000E-3));
#160=CARTESIAN_POINT('',(1.25292968750000000E0,2.69726562500000000E0,-3.51562500000000000E-2));
#161=CARTESIAN_POINT('',(8.90625000000000000E-1,2.76171875000000000E0,-5.85937500000000000E-2));
#162=CARTESIAN_POINT('',(5.28320312500000000E-1,2.82617187500000000E0,-8.20312500000000000E-2));
#163=(BOUNDED_SURFACE()B_SPLINE_SURFACE(1,5,((#151,#152,#153,#154,#155,#156),(#157,#158,#159,#160,#161,#162)),.UNSPECIFIED.,.F.,.F.,.F.)B_SPLINE_SURFACE_WITH_KNOTS((2,2),(6,6),(0.00000000000000000E0,1.00000000000000000E0),(0.00000000000000000E0,1.00000000000000000E0),.UNSPECIFIED.)GEOMETRIC_REPRESENTATION_ITEM()RATIONAL_B_SPLINE_SURFACE(((1.00000000000000000E0,1.00000000000000000E0,1.00000000000000000E0,1.00000000000000000E0,1.00000000000000000E0,1.00000000000000000E0),(2.00000000000000000E0,2.00000000000000000E0,2.00000000000000000E0,2.00000000000000000E0,2.00000000000000000E0,2.00000000000000000E0)))REPRESENTATION_ITEM('')SURFACE());
#164=CARTESIAN_POINT('',(2.19824218750000000E0,1.85253906250000000E0,-1.95312500000000000E-3));
#165=CARTESIAN_POINT('',(1.96386718750000000E0,2.13183593750000000E0,1.95312500000000000E-3));
#166=CARTESIAN_POINT('',(1.72949218750000000E0,2.41113281250000000E0,5.85937500000000000E-3));
#167=CARTESIAN_POINT('',(1.25292968750000000E0,2.69726562500000000E0,-3.51562500000000000E-2));
#168=CARTESIAN_POINT('',(8.90625000000000000E-1,2.76171875000000000E0,-5.85937500000000000E-2));
#169=CARTESIAN_POINT('',(5.28320312500000000E-1,2.82617187500000000E0,-8.20312500000000000E-2));
#170=CARTESIAN_POINT('',(2.20605468750000000E0,1.84472656250000000E0,2.48046875000000000E-1));
#171=CARTESIAN_POINT('',(1.96582031250000000E0,2.13183593750000000E0,2.51953125000000000E-1));
#172=CARTESIAN_POINT('',(1.72558593750000000E0,2.41894531250000000E0,2.55859375000000000E-1));
#173=CARTESIAN_POINT('',(1.20214843750000000E0,2.70898437500000000E0,2.14843750000000000E-1));
#174=CARTESIAN_POINT('',(8.35937500000000000E-1,2.77246093750000000E0,1.91406250000000000E-1));
#175=CARTESIAN_POINT('',(4.69726562500000000E-1,2.83593750000000000E0,1.67968750000000000E-1));
#176=(BOUNDED_SURFACE()B_SPLINE_SURFACE(1,5,((#164,#165,#166,#167,#168,#169),(#170,#171,#172,#173,#174,#175)),.UNSPECIFIED.,.F.,.F.,.F.)B_SPLINE_SURFACE_WITH_KNOTS((2,2),(6,6),(0.00000000000000000E0,1.00000000000000000E0),(0.00000000000000000E0,1.00000000000000000E0),.UNSPECIFIED.)GEOMETRIC_REPRESENTATION_ITEM()RATIONAL_B_SPLINE_SURFACE(((1.00000000000000000E0,1.00000000000000000E0,1.00000000000000000E0,1.00000000000000000E0,1.00000000000000000E0,1.00000000000000000E0),(2.00000000000000000E0,2.00000000000000000E0,2.00000000000000000E0,2.00000000000000000E0,2.00000000000000000E0,2.00000000000000000E0)))REPRESENTATION_ITEM('')SURFACE());
#177=CARTESIAN_POINT('',(4.69726562500000000E-1,2.83593750000000000E0,1.67968750000000000E-1));
#178=CARTESIAN_POINT('',(1.03515625000000000E-1,2.89941406250000000E0,1.44531250000000000E-1));
#179=CARTESIAN_POINT('',(-2.62695312500000000E-1,2.96289062500000000E0,1.21093750000000000E-1));
#180=CARTESIAN_POINT('',(-8.18359375000000000E-1,2.84667968750000000E0,4.19921875000000000E-2));
#181=CARTESIAN_POINT('',(-1.13476562500000000E0,2.66406250000000000E0,2.92968750000000000E-2));
#182=CARTESIAN_POINT('',(-1.45117187500000000E0,2.48144531250000000E0,1.66015625000000000E-2));
#183=CARTESIAN_POINT('',(5.12695312500000000E-1,3.08203125000000000E0,1.67968750000000000E-1));
#184=CARTESIAN_POINT('',(1.15234375000000000E-1,3.15136718750000000E0,1.44531250000000000E-1));
#185=CARTESIAN_POINT('',(-2.82226562500000000E-1,3.22070312500000000E0,1.21093750000000000E-1));
#186=CARTESIAN_POINT('',(-8.88671875000000000E-1,3.09667968750000000E0,4.19921875000000000E-2));
#187=CARTESIAN_POINT('',(-1.23242187500000000E0,2.89746093750000000E0,2.92968750000000000E-2));
#188=CARTESIAN_POINT('',(-1.57617187500000000E0,2.69824218750000000E0,1.66015625000000000E-2));
#189=(BOUNDED_SURFACE()B_SPLINE_SURFACE(1,5,((#177,#178,#179,#180,#181,#182),(#183,#184,#185,#186,#187,#188)),.UNSPECIFIED.,.F.,.F.,.F.)B_SPLINE_SURFACE_WITH_KNOTS((2,2),(6,6),(0.00000000000000000E0,1.00000000000000000E0),(0.00000000000000000E0,1.00000000000000000E0),.UNSPECIFIED.)GEOMETRIC_REPRESENTATION_ITEM()RATIONAL_B_SPLINE_SURFACE(((1.00000000000000000E0,1.00000000000000000E0,1.00000000000000000E0,1.00000000000000000E0,1.00000000000000000E0,1.00000000000000000E0),(2.00000000000000000E0,2.00000000000000000E0,2.00000000000000000E0,2.00000000000000000E0,2.00000000000000000E0,2.00000000000000000E0)))REPRESENTATION_ITEM('')SURFACE());
#190=CARTESIAN_POINT('',(5.12695312500000000E-1,3.08203125000000000E0,1.67968750000000000E-1));
#191=CARTESIAN_POINT('',(1.15234375000000000E-1,3.15136718750000000E0,1.44531250000000000E-1));
#192=CARTESIAN_POINT('',(-2.82226562500000000E-1,3.22070312500000000E0,1.21093750000000000E-1));
#193=CARTESIAN_POINT('',(-8.88671875000000000E-1,3.09667968750000000E0,4.19921875000000000E-2));
#194=CARTESIAN_POINT('',(-1.23242187500000000E0,2.89746093750000000E0,2.92968750000000000E-2));
#195=CARTESIAN_POINT('',(-1.57617187500000000E0,2.69824218750000000E0,1.66015625000000000E-2));
#196=CARTESIAN_POINT('',(5.71289062500000000E-1,3.07226562500000000E0,-8.20312500000000000E-2));
#197=CARTESIAN_POINT('',(1.77734375000000000E-1,3.14257812500000000E0,-1.05468750000000000E-1));
#198=CARTESIAN_POINT('',(-2.15820312500000000E-1,3.21289062500000000E0,-1.28906250000000000E-1));
#199=CARTESIAN_POINT('',(-8.45703125000000000E-1,3.11816406250000000E0,-2.08007812500000000E-1));
#200=CARTESIAN_POINT('',(-1.19726562500000000E0,2.91601562500000000E0,-2.20703125000000000E-1));
#201=CARTESIAN_POINT('',(-1.54882812500000000E0,2.71386718750000000E0,-2.33398437500000000E-1));
#202=(BOUNDED_SURFACE()B_SPLINE_SURFACE(1,5,((#190,#191,#192,#193,#194,#195),(#196,#197,#198,#199,#200,#201)),.UNSPECIFIED.,.F.,.F.,.F.)B_SPLINE_SURFACE_WITH_KNOTS((2,2),(6,6),(0.00000000000000000E0,1.00000000000000000E0),(0.00000000000000000E0,1.00000000000000000E0),.UNSPECIFIED.)GEOMETRIC_REPRESENTATION_ITEM()RATIONAL_B_SPLINE_SURFACE(((1.00000000000000000E0,1.00000000000000000E0,1.00000000000000000E0,1.00000000000000000E0,1.00000000000000000E0,1.00000000000000000E0),(2.00000000000000000E0,2.00000000000000000E0,2.00000000000000000E0,2.00000000000000000E0,2.00000000000000000E0,2.00000000000000000E0)))REPRESENTATION_ITEM('')SURFACE());
#203=CARTESIAN_POINT('',(5.71289062500000000E-1,3.07226562500000000E0,-8.20312500000000000E-2));
#204=CARTESIAN_POINT('',(1.77734375000000000E-1,3.14257812500000000E0,-1.05468750000000000E-1));
#205=CARTESIAN_POINT('',(-2.15820312500000000E-1,3.21289062500000000E0,-1.28906250000000000E-1));
#206=CARTESIAN_POINT('',(-8.45703125000000000E-1,3.11816406250000000E0,-2.08007812500000000E-1));
#207=CARTESIAN_POINT('',(-1.19726562500000000E0,2.91601562500000000E0,-2.20703125000000000E-1));
#208=CARTESIAN_POINT('',(-1.54882812500000000E0,2.71386718750000000E0,-2.33398437500000000E-1));
#209=CARTESIAN_POINT('',(5.28320312500000000E-1,2.82617187500000000E0,-8.20312500000000000E-2));
#210=CARTESIAN_POINT('',(1.66015625000000000E-1,2.89062500000000000E0,-1.05468750000000000E-1));
#211=CARTESIAN_POINT('',(-1.96289062500000000E-1,2.95507812500000000E0,-1.28906250000000000E-1));
#212=CARTESIAN_POINT('',(-7.75390625000000000E-1,2.87011718750000000E0,-2.08007812500000000E-1));
#213=CARTESIAN_POINT('',(-1.09960937500000000E0,2.68359375000000000E0,-2.20703125000000000E-1));
#214=CARTESIAN_POINT('',(-1.42382812500000000E0,2.49707031250000000E0,-2.33398437500000000E-1));
#215=(BOUNDED_SURFACE()B_SPLINE_SURFACE(1,5,((#203,#204,#205,#206,#207,#208),(#209,#210,#211,#212,#213,#214)),.UNSPECIFIED.,.F.,.F.,.F.)B_SPLINE_SURFACE_WITH_KNOTS((2,2),(6,6),(0.00000000000000000E0,1.00000000000000000E0),(0.00000000000000000E0,1.00000000000000000E0),.UNSPECIFIED.)GEOMETRIC_REPRESENTATION_ITEM()RATIONAL_B_SPLINE_SURFACE(((1.00000000000000000E0,1.00000000000000000E0,1.00000000000000000E0,1.00000000000000000E0,1.00000000000000000E0,1.00000000000000000E0),(2.00000000000000000E0,2.00000000000000000E0,2.00000000000000000E0,2.00000000000000000E0,2.00000000000000000E0,2.00000000000000000E0)))REPRESENTATION_ITEM('')SURFACE());
#216=CARTESIAN_POINT('',(5.28320312500000000E-1,2.82617187500000000E0,-8.20312500000000000E-2));
#217=CARTESIAN_POINT('',(1.66015625000000000E-1,2.89062500000000000E0,-1.05468750000000000E-1));
#218=CARTESIAN_POINT('',(-1.96289062500000000E-1,2.95507812500000000E0,-1.28906250000000000E-1));
#219=CARTESIAN_POINT('',(-7.75390625000000000E-1,2.87011718750000000E0,-2.08007812500000000E-1));
#220=CARTESIAN_POINT('',(-1.09960937500000000E0,2.68359375000000000E0,-2.20703125000000000E-1));
#221=CARTESIAN_POINT('',(-1.42382812500000000E0,2.49707031250000000E0,-2.33398437500000000E-1));
#222=CARTESIAN_POINT('',(4.69726562500000000E-1,2.83593750000000000E0,1.67968750000000000E-1));
#223=CARTESIAN_POINT('',(1.03515625000000000E-1,2.89941406250000000E0,1.44531250000000000E-1));
#224=CARTESIAN_POINT('',(-2.62695312500000000E-1,2.96289062500000000E0,1.21093750000000000E-1));
#225=CARTESIAN_POINT('',(-8.18359375000000000E-1,2.84667968750000000E0,4.19921875000000000E-2));
#226=CARTESIAN_POINT('',(-1.13476562500000000E0,2.66406250000000000E0,2.92968750000000000E-2));
#227=CARTESIAN_POINT('',(-1.45117187500000000E0,2.48144531250000000E0,1.66015625000000000E-2));
#228=(BOUNDED_SURFACE()B_SPLINE_SURFACE(1,5,((#216,#217,#218,#219,#220,#221),(#222,#223,#224,#225,#226,#227)),.UNSPECIFIED.,.F.,.F.,.F.)B_SPLINE_SURFACE_WITH_KNOTS((2,2),(6,6),(0.00000000000000000E0,1.00000000000000000E0),(0.00000000000000000E0,1.00000000000000000E0),.UNSPECIFIED.)GEOMETRIC_REPRESENTATION_ITEM()RATIONAL_B_SPLINE_SURFACE(((1.00000000000000000E0,1.00000000000000000E0,1.00000000000000000E0,1.00000000000000000E0,1.00000000000000000E0,1.00000000000000000E0),(2.00000000000000000E0,2.00000000000000000E0,2.00000000000000000E0,2.00000000000000000E0,2.00000000000000000E0,2.00000000000000000E0)))REPRESENTATION_ITEM('')SURFACE());
#229=CARTESIAN_POINT('',(-1.45117187500000000E0,2.48144531250000000E0,1.66015625000000000E-2));
#230=CARTESIAN_POINT('',(-1.76757812500000000E0,2.29882812500000000E0,3.90625000000000000E-3));
#231=CARTESIAN_POINT('',(-2.08398437500000000E0,2.11621093750000000E0,-8.78906250000000000E-3));
#232=CARTESIAN_POINT('',(-2.44238281250000000E0,1.69531250000000000E0,7.81250000000000000E-3));
#233=CARTESIAN_POINT('',(-2.56835937500000000E0,1.35058593750000000E0,2.63671875000000000E-2));
#234=CARTESIAN_POINT('',(-2.69433593750000000E0,1.00585937500000000E0,4.49218750000000000E-2));
#235=CARTESIAN_POINT('',(-1.57617187500000000E0,2.69824218750000000E0,1.66015625000000000E-2));
#236=CARTESIAN_POINT('',(-1.91992187500000000E0,2.49902343750000000E0,3.90625000000000000E-3));
#237=CARTESIAN_POINT('',(-2.26367187500000000E0,2.29980468750000000E0,-8.78906250000000000E-3));
#238=CARTESIAN_POINT('',(-2.65527343750000000E0,1.84179687500000000E0,7.81250000000000000E-3));
#239=CARTESIAN_POINT('',(-2.79199218750000000E0,1.46679687500000000E0,2.63671875000000000E-2));
#240=CARTESIAN_POINT('',(-2.92871093750000000E0,1.09179687500000000E0,4.49218750000000000E-2));
#241=(BOUNDED_SURFACE()B_SPLINE_SURFACE(1,5,((#229,#230,#231,#232,#233,#234),(#235,#236,#237,#238,#239,#240)),.UNSPECIFIED.,.F.,.F.,.F.)B_SPLINE_SURFACE_WITH_KNOTS((2,2),(6,6),(0.00000000000000000E0,1.00000000000000000E0),(0.00000000000000000E0,1.00000000000000000E0),.UNSPECIFIED.)GEOMETRIC_REPRESENTATION_ITEM()RATIONAL_B_SPLINE_SURFACE(((1.00000000000000000E0,1.00000000000000000E0,1.00000000000000000E0,1.00000000000000000E0,1.00000000000000000E0,1.00000000000000000E0),(2.00000000000000000E0,2.00000000000000000E0,2.00000000000000000E0,2.00000000000000000E0,2.00000000000000000E0,2.00000000000000000E0)))REPRESENTATION_ITEM('')SURFACE());
#242=CARTESIAN_POINT('',(-1.57617187500000000E0,2.69824218750000000E0,1.66015625000000000E-2));
#243=CARTESIAN_POINT('',(-1.91992187500000000E0,2.49902343750000000E0,3.90625000000000000E-3));
#244=CARTESIAN_POINT('',(-2.26367187500000000E0,2.29980468750000000E0,-8.78906250000000000E-3));
#245=CARTESIAN_POINT('',(-2.65527343750000000E0,1.84179687500000000E0,7.81250000000000000E-3));
#246=CARTESIAN_POINT('',(-2.79199218750000000E0,1.46679687500000000E0,2.63671875000000000E-2));
#247=CARTESIAN_POINT('',(-2.92871093750000000E0,1.09179687500000000E0,4.49218750000000000E-2));
#248=CARTESIAN_POINT('',(-1.54882812500000000E0,2.71386718750000000E0,-2.33398437500000000E-1));
#249=CARTESIAN_POINT('',(-1.90039062500000000E0,2.51171875000000000E0,-2.46093750000000000E-1));
#250=CARTESIAN_POINT('',(-2.25195312500000000E0,2.30957031250000000E0,-2.58789062500000000E-1));
#251=CARTESIAN_POINT('',(-2.66894531250000000E0,1.80859375000000000E0,-2.42187500000000000E-1));
#252=CARTESIAN_POINT('',(-2.80664062500000000E0,1.42773437500000000E0,-2.23632812500000000E-1));
#253=CARTESIAN_POINT('',(-2.94433593750000000E0,1.04687500000000000E0,-2.05078125000000000E-1));
#254=(BOUNDED_SURFACE()B_SPLINE_SURFACE(1,5,((#242,#243,#244,#245,#246,#247),(#248,#249,#250,#251,#252,#253)),.UNSPECIFIED.,.F.,.F.,.F.)B_SPLINE_SURFACE_WITH_KNOTS((2,2),(6,6),(0.00000000000000000E0,1.00000000000000000E0),(0.00000000000000000E0,1.00000000000000000E0),.UNSPECIFIED.)GEOMETRIC_REPRESENTATION_ITEM()RATIONAL_B_SPLINE_SURFACE(((1.00000000000000000E0,1.00000000000000000E0,1.00000000000000000E0,1.00000000000000000E0,1.00000000000000000E0,1.00000000000000000E0),(2.00000000000000000E0,2.00000000000000000E0,2.00000000000000000E0,2.00000000000000000E0,2.00000000000000000E0,2.00000000000000000E0)))REPRESENTATION_ITEM('')SURFACE());
#255=CARTESIAN_POINT('',(-1.54882812500000000E0,2.71386718750000000E0,-2.33398437500000000E-1));
#256=CARTESIAN_POINT('',(-1.90039062500000000E0,2.51171875000000000E0,-2.46093750000000000E-1));
#257=CARTESIAN_POINT('',(-2.25195312500000000E0,2.30957031250000000E0,-2.58789062500000000E-1));
#258=CARTESIAN_POINT('',(-2.66894531250000000E0,1.80859375000000000E0,-2.42187500000000000E-1));
#259=CARTESIAN_POINT('',(-2.80664062500000000E0,1.42773437500000000E0,-2.23632812500000000E-1));
#260=CARTESIAN_POINT('',(-2.94433593750000000E0,1.04687500000000000E0,-2.05078125000000000E-1));
#261=CARTESIAN_POINT('',(-1.42382812500000000E0,2.49707031250000000E0,-2.33398437500000000E-1));
#262=CARTESIAN_POINT('',(-1.74804687500000000E0,2.31054687500000000E0,-2.46093750000000000E-1));
#263=CARTESIAN_POINT('',(-2.07226562500000000E0,2.12402343750000000E0,-2.58789062500000000E-1));
#264=CARTESIAN_POINT('',(-2.45605468750000000E0,1.66210937500000000E0,-2.42187500000000000E-1));
#265=CARTESIAN_POINT('',(-2.58300781250000000E0,1.31152343750000000E0,-2.23632812500000000E-1));
#266=CARTESIAN_POINT('',(-2.70996093750000000E0,9.60937500000000000E-1,-2.05078125000000000E-1));
#267=(BOUNDED_SURFACE()B_SPLINE_SURFACE(1,5,((#255,#256,#257,#258,#259,#260),(#261,#262,#263,#264,#265,#266)),.UNSPECIFIED.,.F.,.F.,.F.)B_SPLINE_SURFACE_WITH_KNOTS((2,2),(6,6),(0.00000000000000000E0,1.00000000000000000E0),(0.00000000000000000E0,1.00000000000000000E0),.UNSPECIFIED.)GEOMETRIC_REPRESENTATION_ITEM()RATIONAL_B_SPLINE_SURFACE(((1.00000000000000000E0,1.00000000000000000E0,1.00000000000000000E0,1.00000000000000000E0,1.00000000000000000E0,1.00000000000000000E0),(2.00000000000000000E0,2.00000000000000000E0,2.00000000000000000E0,2.00000000000000000E0,2.00000000000000000E0,2.00000000000000000E0)))REPRESENTATION_ITEM('')SURFACE());
#268=CARTESIAN_POINT('',(-1.42382812500000000E0,2.49707031250000000E0,-2.33398437500000000E-1));
#269=CARTESIAN_POINT('',(-1.74804687500000000E0,2.31054687500000000E0,-2.46093750000000000E-1));
#270=CARTESIAN_POINT('',(-2.07226562500000000E0,2.12402343750000000E0,-2.58789062500000000E-1));
#271=CARTESIAN_POINT('',(-2.45605468750000000E0,1.66210937500000000E0,-2.42187500000000000E-1));
#272=CARTESIAN_POINT('',(-2.58300781250000000E0,1.31152343750000000E0,-2.23632812500000000E-1));
#273=CARTESIAN_POINT('',(-2.70996093750000000E0,9.60937500000000000E-1,-2.05078125000000000E-1));
#274=CARTESIAN_POINT('',(-1.45117187500000000E0,2.48144531250000000E0,1.66015625000000000E-2));
#275=CARTESIAN_POINT('',(-1.76757812500000000E0,2.29882812500000000E0,3.90625000000000000E-3));
#276=CARTESIAN_POINT('',(-2.08398437500000000E0,2.11621093750000000E0,-8.78906250000000000E-3));
#277=CARTESIAN_POINT('',(-2.44238281250000000E0,1.69531250000000000E0,7.81250000000000000E-3));
#278=CARTESIAN_POINT('',(-2.56835937500000000E0,1.35058593750000000E0,2.63671875000000000E-2));
#279=CARTESIAN_POINT('',(-2.69433593750000000E0,1.00585937500000000E0,4.49218750000000000E-2));
#280=(BOUNDED_SURFACE()B_SPLINE_SURFACE(1,5,((#268,#269,#270,#271,#272,#273),(#274,#275,#276,#277,#278,#279)),.UNSPECIFIED.,.F.,.F.,.F.)B_SPLINE_SURFACE_WITH_KNOTS((2,2),(6,6),(0.00000000000000000E0,1.00000000000000000E0),(0.00000000000000000E0,1.00000000000000000E0),.UNSPECIFIED.)GEOMETRIC_REPRESENTATION_ITEM()RATIONAL_B_SPLINE_SURFACE(((1.00000000000000000E0,1.00000000000000000E0,1.00000000000000000E0,1.00000000000000000E0,1.00000000000000000E0,1.00000000000000000E0),(2.00000000000000000E0,2.00000000000000000E0,2.00000000000000000E0,2.00000000000000000E0,2.00000000000000000E0,2.00000000000000000E0)))REPRESENTATION_ITEM('')SURFACE());
#281=CARTESIAN_POINT('',(-2.69433593750000000E0,1.00585937500000000E0,4.49218750000000000E-2));
#282=CARTESIAN_POINT('',(-2.82031250000000000E0,6.61132812500000000E-1,6.34765625000000000E-2));
#283=CARTESIAN_POINT('',(-2.94628906250000000E0,3.16406250000000000E-1,8.20312500000000000E-2));
#284=CARTESIAN_POINT('',(-2.96386718750000000E0,-2.59765625000000000E-1,1.67968750000000000E-1));
#285=CARTESIAN_POINT('',(-2.83691406250000000E0,-6.10351562500000000E-1,1.86523437500000000E-1));
#286=CARTESIAN_POINT('',(-2.70996093750000000E0,-9.60937500000000000E-1,2.05078125000000000E-1));
#287=CARTESIAN_POINT('',(-2.92871093750000000E0,1.09179687500000000E0,4.49218750000000000E-2));
#288=CARTESIAN_POINT('',(-3.06542968750000000E0,7.16796875000000000E-1,6.34765625000000000E-2));
#289=CARTESIAN_POINT('',(-3.20214843750000000E0,3.41796875000000000E-1,8.20312500000000000E-2));
#290=CARTESIAN_POINT('',(-3.21972656250000000E0,-2.85156250000000000E-1,1.67968750000000000E-1));
#291=CARTESIAN_POINT('',(-3.08203125000000000E0,-6.66015625000000000E-1,1.86523437500000000E-1));
#292=CARTESIAN_POINT('',(-2.94433593750000000E0,-1.04687500000000000E0,2.05078125000000000E-1));
#293=(BOUNDED_SURFACE()B_SPLINE_SURFACE(1,5,((#281,#282,#283,#284,#285,#286),(#287,#288,#289,#290,#291,#292)),.UNSPECIFIED.,.F.,.F.,.F.)B_SPLINE_SURFACE_WITH_KNOTS((2,2),(6,6),(0.00000000000000000E0,1.00000000000000000E0),(0.00000000000000000E0,1.00000000000000000E0),.UNSPECIFIED.)GEOMETRIC_REPRESENTATION_ITEM()RATIONAL_B_SPLINE_SURFACE(((1.00000000000000000E0,1.00000000000000000E0,1.00000000000000000E0,1.00000000000000000E0,1.00000000000000000E0,1.00000000000000000E0),(2.00000000000000000E0,2.00000000000000000E0,2.00000000000000000E0,2.00000000000000000E0,2.00000000000000000E0,2.00000000000000000E0)))REPRESENTATION_ITEM('')SURFACE());
#294=CARTESIAN_POINT('',(-2.92871093750000000E0,1.09179687500000000E0,4.49218750000000000E-2));
#295=CARTESIAN_POINT('',(-3.06542968750000000E0,7.16796875000000000E-1,6.34765625000000000E-2));
#296=CARTESIAN_POINT('',(-3.20214843750000000E0,3.41796875000000000E-1,8.20312500000000000E-2));
#297=CARTESIAN_POINT('',(-3.21972656250000000E0,-2.85156250000000000E-1,1.67968750000000000E-1));
#298=CARTESIAN_POINT('',(-3.08203125000000000E0,-6.66015625000000000E-1,1.86523437500000000E-1));
#299=CARTESIAN_POINT('',(-2.94433593750000000E0,-1.04687500000000000E0,2.05078125000000000E-1));
#300=CARTESIAN_POINT('',(-2.94433593750000000E0,1.04687500000000000E0,-2.05078125000000000E-1));
#301=CARTESIAN_POINT('',(-3.08203125000000000E0,6.66015625000000000E-1,-1.86523437500000000E-1));
#302=CARTESIAN_POINT('',(-3.21972656250000000E0,2.85156250000000000E-1,-1.67968750000000000E-1));
#303=CARTESIAN_POINT('',(-3.20214843750000000E0,-3.41796875000000000E-1,-8.20312500000000000E-2));
#304=CARTESIAN_POINT('',(-3.06542968750000000E0,-7.16796875000000000E-1,-6.34765625000000000E-2));
#305=CARTESIAN_POINT('',(-2.92871093750000000E0,-1.09179687500000000E0,-4.49218750000000000E-2));
#306=(BOUNDED_SURFACE()B_SPLINE_SURFACE(1,5,((#294,#295,#296,#297,#298,#299),(#300,#301,#302,#303,#304,#305)),.UNSPECIFIED.,.F.,.F.,.F.)B_SPLINE_SURFACE_WITH_KNOTS((2,2),(6,6),(0.00000000000000000E0,1.00000000000000000E0),(0.00000000000000000E0,1.00000000000000000E0),.UNSPECIFIED.)GEOMETRIC_REPRESENTATION_ITEM()RATIONAL_B_SPLINE_SURFACE(((1.00000000000000000E0,1.00000000000000000E0,1.00000000000000000E0,1.00000000000000000E0,1.00000000000000000E0,1.00000000000000000E0),(2.00000000000000000E0,2.00000000000000000E0,2.00000000000000000E0,2.00000000000000000E0,2.00000000000000000E0,2.00000000000000000E0)))REPRESENTATION_ITEM('')SURFACE());
#307=CARTESIAN_POINT('',(-2.94433593750000000E0,1.04687500000000000E0,-2.05078125000000000E-1));
#308=CARTESIAN_POINT('',(-3.08203125000000000E0,6.66015625000000000E-1,-1.86523437500000000E-1));
#309=CARTESIAN_POINT('',(-3.21972656250000000E0,2.85156250000000000E-1,-1.67968750000000000E-1));
#310=CARTESIAN_POINT('',(-3.20214843750000000E0,-3.41796875000000000E-1,-8.20312500000000000E-2));
#311=CARTESIAN_POINT('',(-3.06542968750000000E0,-7.16796875000000000E-1,-6.34765625000000000E-2));
#312=CARTESIAN_POINT('',(-2.92871093750000000E0,-1.09179687500000000E0,-4.49218750000000000E-2));
#313=CARTESIAN_POINT('',(-2.70996093750000000E0,9.60937500000000000E-1,-2.05078125000000000E-1));
#314=CARTESIAN_POINT('',(-2.83691406250000000E0,6.10351562500000000E-1,-1.86523437500000000E-1));
#315=CARTESIAN_POINT('',(-2.96386718750000000E0,2.59765625000000000E-1,-1.67968750000000000E-1));
#316=CARTESIAN_POINT('',(-2.94628906250000000E0,-3.16406250000000000E-1,-8.20312500000000000E-2));
#317=CARTESIAN_POINT('',(-2.82031250000000000E0,-6.61132812500000000E-1,-6.34765625000000000E-2));
#318=CARTESIAN_POINT('',(-2.69433593750000000E0,-1.00585937500000000E0,-4.49218750000000000E-2));
#319=(BOUNDED_SURFACE()B_SPLINE_SURFACE(1,5,((#307,#308,#309,#310,#311,#312),(#313,#314,#315,#316,#317,#318)),.UNSPECIFIED.,.F.,.F.,.F.)B_SPLINE_SURFACE_WITH_KNOTS((2,2),(6,6),(0.00000000000000000E0,1.00000000000000000E0),(0.00000000000000000E0,1.00000000000000000E0),.UNSPECIFIED.)GEOMETRIC_REPRESENTATION_ITEM()RATIONAL_B_SPLINE_SURFACE(((1.00000000000000000E0,1.00000000000000000E0,1.00000000000000000E0,1.00000000000000000E0,1.00000000000000000E0,1.00000000000000000E0),(2.00000000000000000E0,2.00000000000000000E0,2.00000000000000000E0,2.00000000000000000E0,2.00000000000000000E0,2.00000000000000000E0)))REPRESENTATION_ITEM('')SURFACE());
#320=CARTESIAN_POINT('',(-2.70996093750000000E0,9.60937500000000000E-1,-2.05078125000000000E-1));
#321=CARTESIAN_POINT('',(-2.83691406250000000E0,6.10351562500000000E-1,-1.86523437500000000E-1));
#322=CARTESIAN_POINT('',(-2.96386718750000000E0,2.59765625000000000E-1,-1.67968750000000000E-1));
#323=CARTESIAN_POINT('',(-2.94628906250000000E0,-3.16406250000000000E-1,-8.20312500000000000E-2));
#324=CARTESIAN_POINT('',(-2.82031250000000000E0,-6.61132812500000000E-1,-6.34765625000000000E-2));
#325=CARTESIAN_POINT('',(-2.69433593750000000E0,-1.00585937500000000E0,-4.49218750000000000E-2));
#326=CARTESIAN_POINT('',(-2.69433593750000000E0,1.00585937500000000E0,4.49218750000000000E-2));
#327=CARTESIAN_POINT('',(-2.82031250000000000E0,6.61132812500000000E-1,6.34765625000000000E-2));
#328=CARTESIAN_POINT('',(-2.94628906250000000E0,3.16406250000000000E-1,8.20312500000000000E-2));
#329=CARTESIAN_POINT('',(-2.96386718750000000E0,-2.59765625000000000E-1,1.67968750000000000E-1));
#330=CARTESIAN_POINT('',(-2.83691406250000000E0,-6.10351562500000000E-1,1.86523437500000000E-1));
#331=CARTESIAN_POINT('',(-2.70996093750000000E0,-9.60937500000000000E-1,2.05078125000000000E-1));
#332=(BOUNDED_SURFACE()B_SPLINE_SURFACE(1,5,((#320,#321,#322,#323,#324,#325),(#326,#327,#328,#329,#330,#331)),.UNSPECIFIED.,.F.,.F.,.F.)B_SPLINE_SURFACE_WITH_KNOTS((2,2),(6,6),(0.00000000000000000E0,1.00000000000000000E0),(0.00000000000000000E0,1.00000000000000000E0),.UNSPECIFIED.)GEOMETRIC_REPRESENTATION_ITEM()RATIONAL_B_SPLINE_SURFACE(((1.00000000000000000E0,1.00000000000000000E0,1.00000000000000000E0,1.00000000000000000E0,1.00000000000000000E0,1.00000000000000000E0),(2.00000000000000000E0,2.00000000000000000E0,2.00000000000000000E0,2.00000000000000000E0,2.00000000000000000E0,2.00000000000000000E0)))REPRESENTATION_ITEM('')SURFACE());
#333=CARTESIAN_POINT('',(-2.70996093750000000E0,-9.60937500000000000E-1,2.05078125000000000E-1));
#334=CARTESIAN_POINT('',(-2.58300781250000000E0,-1.31152343750000000E0,2.23632812500000000E-1));
#335=CARTESIAN_POINT('',(-2.45605468750000000E0,-1.66210937500000000E0,2.42187500000000000E-1));
#336=CARTESIAN_POINT('',(-2.07226562500000000E0,-2.12402343750000000E0,2.58789062500000000E-1));
#337=CARTESIAN_POINT('',(-1.74804687500000000E0,-2.31054687500000000E0,2.46093750000000000E-1));
#338=CARTESIAN_POINT('',(-1.42382812500000000E0,-2.49707031250000000E0,2.33398437500000000E-1));
#339=CARTESIAN_POINT('',(-2.94433593750000000E0,-1.04687500000000000E0,2.05078125000000000E-1));
#340=CARTESIAN_POINT('',(-2.80664062500000000E0,-1.42773437500000000E0,2.23632812500000000E-1));
#341=CARTESIAN_POINT('',(-2.66894531250000000E0,-1.80859375000000000E0,2.42187500000000000E-1));
#342=CARTESIAN_POINT('',(-2.25195312500000000E0,-2.30957031250000000E0,2.58789062500000000E-1));
#343=CARTESIAN_POINT('',(-1.90039062500000000E0,-2.51171875000000000E0,2.46093750000000000E-1));
#344=CARTESIAN_POINT('',(-1.54882812500000000E0,-2.71386718750000000E0,2.33398437500000000E-1));
#345=(BOUNDED_SURFACE()B_SPLINE_SURFACE(1,5,((#333,#334,#335,#336,#337,#338),(#339,#340,#341,#342,#343,#344)),.UNSPECIFIED.,.F.,.F.,.F.)B_SPLINE_SURFACE_WITH_KNOTS((2,2),(6,6),(0.00000000000000000E0,1.00000000000000000E0),(0.00000000000000000E0,1.00000000000000000E0),.UNSPECIFIED.)GEOMETRIC_REPRESENTATION_ITEM()RATIONAL_B_SPLINE_SURFACE(((1.00000000000000000E0,1.00000000000000000E0,1.00000000000000000E0,1.00000000000000000E0,1.00000000000000000E0,1.00000000000000000E0),(2.00000000000000000E0,2.00000000000000000E0,2.00000000000000000E0,2.00000000000000000E0,2.00000000000000000E0,2.00000000000000000E0)))REPRESENTATION_ITEM('')SURFACE());
#346=CARTESIAN_POINT('',(-2.94433593750000000E0,-1.04687500000000000E0,2.05078125000000000E-1));
#347=CARTESIAN_POINT('',(-2.80664062500000000E0,-1.42773437500000000E0,2.23632812500000000E-1));
#348=CARTESIAN_POINT('',(-2.66894531250000000E0,-1.80859375000000000E0,2.42187500000000000E-1));
#349=CARTESIAN_POINT('',(-2.25195312500000000E0,-2.30957031250000000E0,2.58789062500000000E-1));
#350=CARTESIAN_POINT('',(-1.90039062500000000E0,-2.51171875000000000E0,2.46093750000000000E-1));
#351=CARTESIAN_POINT('',(-1.54882812500000000E0,-2.71386718750000000E0,2.33398437500000000E-1));
#352=CARTESIAN_POINT('',(-2.92871093750000000E0,-1.09179687500000000E0,-4.49218750000000000E-2));
#353=CARTESIAN_POINT('',(-2.79199218750000000E0,-1.46679687500000000E0,-2.63671875000000000E-2));
#354=CARTESIAN_POINT('',(-2.65527343750000000E0,-1.84179687500000000E0,-7.81250000000000000E-3));
#355=CARTESIAN_POINT('',(-2.26367187500000000E0,-2.29980468750000000E0,8.78906250000000000E-3));
#356=CARTESIAN_POINT('',(-1.91992187500000000E0,-2.49902343750000000E0,-3.90625000000000000E-3));
#357=CARTESIAN_POINT('',(-1.57617187500000000E0,-2.69824218750000000E0,-1.66015625000000000E-2));
#358=(BOUNDED_SURFACE()B_SPLINE_SURFACE(1,5,((#346,#347,#348,#349,#350,#351),(#352,#353,#354,#355,#356,#357)),.UNSPECIFIED.,.F.,.F.,.F.)B_SPLINE_SURFACE_WITH_KNOTS((2,2),(6,6),(0.00000000000000000E0,1.00000000000000000E0),(0.00000000000000000E0,1.00000000000000000E0),.UNSPECIFIED.)GEOMETRIC_REPRESENTATION_ITEM()RATIONAL_B_SPLINE_SURFACE(((1.00000000000000000E0,1.00000000000000000E0,1.00000000000000000E0,1.00000000000000000E0,1.00000000000000000E0,1.00000000000000000E0),(2.00000000000000000E0,2.00000000000000000E0,2.00000000000000000E0,2.00000000000000000E0,2.00000000000000000E0,2.00000000000000000E0)))REPRESENTATION_ITEM('')SURFACE());
#359=CARTESIAN_POINT('',(-2.92871093750000000E0,-1.09179687500000000E0,-4.49218750000000000E-2));
#360=CARTESIAN_POINT('',(-2.79199218750000000E0,-1.46679687500000000E0,-2.63671875000000000E-2));
#361=CARTESIAN_POINT('',(-2.65527343750000000E0,-1.84179687500000000E0,-7.81250000000000000E-3));
#362=CARTESIAN_POINT('',(-2.26367187500000000E0,-2.29980468750000000E0,8.78906250000000000E-3));
#363=CARTESIAN_POINT('',(-1.91992187500000000E0,-2.49902343750000000E0,-3.90625000000000000E-3));
#364=CARTESIAN_POINT('',(-1.57617187500000000E0,-2.69824218750000000E0,-1.66015625000000000E-2));
#365=CARTESIAN_POINT('',(-2.69433593750000000E0,-1.00585937500000000E0,-4.49218750000000000E-2));
#366=CARTESIAN_POINT('',(-2.56835937500000000E0,-1.35058593750000000E0,-2.63671875000000000E-2));
#367=CARTESIAN_POINT('',(-2.44238281250000000E0,-1.69531250000000000E0,-7.81250000000000000E-3));
#368=CARTESIAN_POINT('',(-2.08398437500000000E0,-2.11621093750000000E0,8.78906250000000000E-3));
#369=CARTESIAN_POINT('',(-1.76757812500000000E0,-2.29882812500000000E0,-3.90625000000000000E-3));
#370=CARTESIAN_POINT('',(-1.45117187500000000E0,-2.48144531250000000E0,-1.66015625000000000E-2));
#371=(BOUNDED_SURFACE()B_SPLINE_SURFACE(1,5,((#359,#360,#361,#362,#363,#364),(#365,#366,#367,#368,#369,#370)),.UNSPECIFIED.,.F.,.F.,.F.)B_SPLINE_SURFACE_WITH_KNOTS((2,2),(6,6),(0.00000000000000000E0,1.00000000000000000E0),(0.00000000000000000E0,1.00000000000000000E0),.UNSPECIFIED.)GEOMETRIC_REPRESENTATION_ITEM()RATIONAL_B_SPLINE_SURFACE(((1.00000000000000000E0,1.00000000000000000E0,1.00000000000000000E0,1.00000000000000000E0,1.00000000000000000E0,1.00000000000000000E0),(2.00000000000000000E0,2.00000000000000000E0,2.00000000000000000E0,2.00000000000000000E0,2.00000000000000000E0,2.00000000000000000E0)))REPRESENTATION_ITEM('')SURFACE());
#372=CARTESIAN_POINT('',(-2.69433593750000000E0,-1.00585937500000000E0,-4.49218750000000000E-2));
#373=CARTESIAN_POINT('',(-2.56835937500000000E0,-1.35058593750000000E0,-2.63671875000000000E-2));
#374=CARTESIAN_POINT('',(-2.44238281250000000E0,-1.69531250000000000E0,-7.81250000000000000E-3));
#375=CARTESIAN_POINT('',(-2.08398437500000000E0,-2.11621093750000000E0,8.78906250000000000E-3));
#376=CARTESIAN_POINT('',(-1.76757812500000000E0,-2.29882812500000000E0,-3.90625000000000000E-3));
#377=CARTESIAN_POINT('',(-1.45117187500000000E0,-2.48144531250000000E0,-1.66015625000000000E-2));
#378=CARTESIAN_POINT('',(-2.70996093750000000E0,-9.60937500000000000E-1,2.05078125000000000E-1));
#379=CARTESIAN_POINT('',(-2.58300781250000000E0,-1.31152343750000000E0,2.23632812500000000E-1));
#380=CARTESIAN_POINT('',(-2.45605468750000000E0,-1.66210937500000000E0,2.42187500000000000E-1));
#381=CARTESIAN_POINT('',(-2.07226562500000000E0,-2.12402343750000000E0,2.58789062500000000E-1));
#382=CARTESIAN_POINT('',(-1.74804687500000000E0,-2.31054687500000000E0,2.46093750000000000E-1));
#383=CARTESIAN_POINT('',(-1.42382812500000000E0,-2.49707031250000000E0,2.33398437500000000E-1));
#384=(BOUNDED_SURFACE()B_SPLINE_SURFACE(1,5,((#372,#373,#374,#375,#376,#377),(#378,#379,#380,#381,#382,#383)),.UNSPECIFIED.,.F.,.F.,.F.)B_SPLINE_SURFACE_WITH_KNOTS((2,2),(6,6),(0.00000000000000000E0,1.00000000000000000E0),(0.00000000000000000E0,1.00000000000000000E0),.UNSPECIFIED.)GEOMETRIC_REPRESENTATION_ITEM()RATIONAL_B_SPLINE_SURFACE(((1.00000000000000000E0,1.00000000000000000E0,1.00000000000000000E0,1.00000000000000000E0,1.00000000000000000E0,1.00000000000000000E0),(2.00000000000000000E0,2.00000000000000000E0,2.00000000000000000E0,2.00000000000000000E0,2.00000000000000000E0,2.00000000000000000E0)))REPRESENTATION_ITEM('')SURFACE());
#385=CARTESIAN_POINT('',(-1.42382812500000000E0,-2.49707031250000000E0,2.33398437500000000E-1));
#386=CARTESIAN_POINT('',(-1.09960937500000000E0,-2.68359375000000000E0,2.20703125000000000E-1));
#387=CARTESIAN_POINT('',(-7.75390625000000000E-1,-2.87011718750000000E0,2.08007812500000000E-1));
#388=CARTESIAN_POINT('',(-1.96289062500000000E-1,-2.95507812500000000E0,1.28906250000000000E-1));
#389=CARTESIAN_POINT('',(1.66015625000000000E-1,-2.89062500000000000E0,1.05468750000000000E-1));
#390=CARTESIAN_POINT('',(5.28320312500000000E-1,-2.82617187500000000E0,8.20312500000000000E-2));
#391=CARTESIAN_POINT('',(-1.54882812500000000E0,-2.71386718750000000E0,2.33398437500000000E-1));
#392=CARTESIAN_POINT('',(-1.19726562500000000E0,-2.91601562500000000E0,2.20703125000000000E-1));
#393=CARTESIAN_POINT('',(-8.45703125000000000E-1,-3.11816406250000000E0,2.08007812500000000E-1));
#394=CARTESIAN_POINT('',(-2.15820312500000000E-1,-3.21289062500000000E0,1.28906250000000000E-1));
#395=CARTESIAN_POINT('',(1.77734375000000000E-1,-3.14257812500000000E0,1.05468750000000000E-1));
#396=CARTESIAN_POINT('',(5.71289062500000000E-1,-3.07226562500000000E0,8.20312500000000000E-2));
#397=(BOUNDED_SURFACE()B_SPLINE_SURFACE(1,5,((#385,#386,#387,#388,#389,#390),(#391,#392,#393,#394,#395,#396)),.UNSPECIFIED.,.F.,.F.,.F.)B_SPLINE_SURFACE_WITH_KNOTS((2,2),(6,6),(0.00000000000000000E0,1.00000000000000000E0),(0.00000000000000000E0,1.00000000000000000E0),.UNSPECIFIED.)GEOMETRIC_REPRESENTATION_ITEM()RATIONAL_B_SPLINE_SURFACE(((1.00000000000000000E0,1.00000000000000000E0,1.00000000000000000E0,1.00000000000000000E0,1.00000000000000000E0,1.00000000000000000E0),(2.00000000000000000E0,2.00000000000000000E0,2.00000000000000000E0,2.00000000000000000E0,2.00000000000000000E0,2.00000000000000000E0)))REPRESENTATION_ITEM('')SURFACE());
#398=CARTESIAN_POINT('',(-1.54882812500000000E0,-2.71386718750000000E0,2.33398437500000000E-1));
#399=CARTESIAN_POINT('',(-1.19726562500000000E0,-2.91601562500000000E0,2.20703125000000000E-1));
#400=CARTESIAN_POINT('',(-8.45703125000000000E-1,-3.11816406250000000E0,2.08007812500000000E-1));
#401=CARTESIAN_POINT('',(-2.15820312500000000E-1,-3.21289062500000000E0,1.28906250000000000E-1));
#402=CARTESIAN_POINT('',(1.77734375000000000E-1,-3.14257812500000000E0,1.05468750000000000E-1));
#403=CARTESIAN_POINT('',(5.71289062500000000E-1,-3.07226562500000000E0,8.20312500000000000E-2));
#404=CARTESIAN_POINT('',(-1.57617187500000000E0,-2.69824218750000000E0,-1.66015625000000000E-2));
#405=CARTESIAN_POINT('',(-1.23242187500000000E0,-2.89746093750000000E0,-2.92968750000000000E-2));
#406=CARTESIAN_POINT('',(-8.88671875000000000E-1,-3.09667968750000000E0,-4.19921875000000000E-2));
#407=CARTESIAN_POINT('',(-2.82226562500000000E-1,-3.22070312500000000E0,-1.21093750000000000E-1));
#408=CARTESIAN_POINT('',(1.15234375000000000E-1,-3.15136718750000000E0,-1.44531250000000000E-1));
#409=CARTESIAN_POINT('',(5.12695312500000000E-1,-3.08203125000000000E0,-1.67968750000000000E-1));
#410=(BOUNDED_SURFACE()B_SPLINE_SURFACE(1,5,((#398,#399,#400,#401,#402,#403),(#404,#405,#406,#407,#408,#409)),.UNSPECIFIED.,.F.,.F.,.F.)B_SPLINE_SURFACE_WITH_KNOTS((2,2),(6,6),(0.00000000000000000E0,1.00000000000000000E0),(0.00000000000000000E0,1.00000000000000000E0),.UNSPECIFIED.)GEOMETRIC_REPRESENTATION_ITEM()RATIONAL_B_SPLINE_SURFACE(((1.00000000000000000E0,1.00000000000000000E0,1.00000000000000000E0,1.00000000000000000E0,1.00000000000000000E0,1.00000000000000000E0),(2.00000000000000000E0,2.00000000000000000E0,2.00000000000000000E0,2.00000000000000000E0,2.00000000000000000E0,2.00000000000000000E0)))REPRESENTATION_ITEM('')SURFACE());
#411=CARTESIAN_POINT('',(-1.57617187500000000E0,-2.69824218750000000E0,-1.66015625000000000E-2));
#412=CARTESIAN_POINT('',(-1.23242187500000000E0,-2.89746093750000000E0,-2.92968750000000000E-2));
#413=CARTESIAN_POINT('',(-8.88671875000000000E-1,-3.09667968750000000E0,-4.19921875000000000E-2));
#414=CARTESIAN_POINT('',(-2.82226562500000000E-1,-3.22070312500000000E0,-1.21093750000000000E-1));
#415=CARTESIAN_POINT('',(1.15234375000000000E-1,-3.15136718750000000E0,-1.44531250000000000E-1));
#416=CARTESIAN_POINT('',(5.12695312500000000E-1,-3.08203125000000000E0,-1.67968750000000000E-1));
#417=CARTESIAN_POINT('',(-1.45117187500000000E0,-2.48144531250000000E0,-1.66015625000000000E-2));
#418=CARTESIAN_POINT('',(-1.13476562500000000E0,-2.66406250000000000E0,-2.92968750000000000E-2));
#419=CARTESIAN_POINT('',(-8.18359375000000000E-1,-2.84667968750000000E0,-4.19921875000000000E-2));
#420=CARTESIAN_POINT('',(-2.62695312500000000E-1,-2.96289062500000000E0,-1.21093750000000000E-1));
#421=CARTESIAN_POINT('',(1.03515625000000000E-1,-2.89941406250000000E0,-1.44531250000000000E-1));
#422=CARTESIAN_POINT('',(4.69726562500000000E-1,-2.83593750000000000E0,-1.67968750000000000E-1));
#423=(BOUNDED_SURFACE()B_SPLINE_SURFACE(1,5,((#411,#412,#413,#414,#415,#416),(#417,#418,#419,#420,#421,#422)),.UNSPECIFIED.,.F.,.F.,.F.)B_SPLINE_SURFACE_WITH_KNOTS((2,2),(6,6),(0.00000000000000000E0,1.00000000000000000E0),(0.00000000000000000E0,1.00000000000000000E0),.UNSPECIFIED.)GEOMETRIC_REPRESENTATION_ITEM()RATIONAL_B_SPLINE_SURFACE(((1.00000000000000000E0,1.00000000000000000E0,1.00000000000000000E0,1.00000000000000000E0,1.00000000000000000E0,1.00000000000000000E0),(2.00000000000000000E0,2.00000000000000000E0,2.00000000000000000E0,2.00000000000000000E0,2.00000000000000000E0,2.00000000000000000E0)))REPRESENTATION_ITEM('')SURFACE());
#424=CARTESIAN_POINT('',(-1.45117187500000000E0,-2.48144531250000000E0,-1.66015625000000000E-2));
#425=CARTESIAN_POINT('',(-1.13476562500000000E0,-2.66406250000000000E0,-2.92968750000000000E-2));
#426=CARTESIAN_POINT('',(-8.18359375000000000E-1,-2.84667968750000000E0,-4.19921875000000000E-2));
#427=CARTESIAN_POINT('',(-2.62695312500000000E-1,-2.96289062500000000E0,-1.21093750000000000E-1));
#428=CARTESIAN_POINT('',(1.03515625000000000E-1,-2.89941406250000000E0,-1.44531250000000000E-1));
#429=CARTESIAN_POINT('',(4.69726562500000000E-1,-2.83593750000000000E0,-1.67968750000000000E-1));
#430=CARTESIAN_POINT('',(-1.42382812500000000E0,-2.49707031250000000E0,2.33398437500000000E-1));
#431=CARTESIAN_POINT('',(-1.09960937500000000E0,-2.68359375000000000E0,2.20703125000000000E-1));
#432=CARTESIAN_POINT('',(-7.75390625000000000E-1,-2.87011718750000000E0,2.08007812500000000E-1));
#433=CARTESIAN_POINT('',(-1.96289062500000000E-1,-2.95507812500000000E0,1.28906250000000000E-1));
#434=CARTESIAN_POINT('',(1.66015625000000000E-1,-2.89062500000000000E0,1.05468750000000000E-1));
#435=CARTESIAN_POINT('',(5.28320312500000000E-1,-2.82617187500000000E0,8.20312500000000000E-2));
#436=(BOUNDED_SURFACE()B_SPLINE_SURFACE(1,5,((#424,#425,#426,#427,#428,#429),(#430,#431,#432,#433,#434,#435)),.UNSPECIFIED.,.F.,.F.,.F.)B_SPLINE_SURFACE_WITH_KNOTS((2,2),(6,6),(0.00000000000000000E0,1.00000000000000000E0),(0.00000000000000000E0,1.00000000000000000E0),.UNSPECIFIED.)GEOMETRIC_REPRESENTATION_ITEM()RATIONAL_B_SPLINE_SURFACE(((1.00000000000000000E0,1.00000000000000000E0,1.00000000000000000E0,1.00000000000000000E0,1.00000000000000000E0,1.00000000000000000E0),(2.00000000000000000E0,2.00000000000000000E0,2.00000000000000000E0,2.00000000000000000E0,2.00000000000000000E0,2.00000000000000000E0)))REPRESENTATION_ITEM('')SURFACE());
#437=CARTESIAN_POINT('',(5.28320312500000000E-1,-2.82617187500000000E0,8.20312500000000000E-2));
#438=CARTESIAN_POINT('',(8.90625000000000000E-1,-2.76171875000000000E0,5.85937500000000000E-2));
#439=CARTESIAN_POINT('',(1.25292968750000000E0,-2.69726562500000000E0,3.51562500000000000E-2));
#440=CARTESIAN_POINT('',(1.72949218750000000E0,-2.41113281250000000E0,-5.85937500000000000E-3));
#441=CARTESIAN_POINT('',(1.96386718750000000E0,-2.13183593750000000E0,-1.95312500000000000E-3));
#442=CARTESIAN_POINT('',(2.19824218750000000E0,-1.85253906250000000E0,1.95312500000000000E-3));
#443=CARTESIAN_POINT('',(5.71289062500000000E-1,-3.07226562500000000E0,8.20312500000000000E-2));
#444=CARTESIAN_POINT('',(9.64843750000000000E-1,-3.00195312500000000E0,5.85937500000000000E-2));
#445=CARTESIAN_POINT('',(1.35839843750000000E0,-2.93164062500000000E0,3.51562500000000000E-2));
#446=CARTESIAN_POINT('',(1.87792968750000000E0,-2.62011718750000000E0,-5.85937500000000000E-3));
#447=CARTESIAN_POINT('',(2.13378906250000000E0,-2.31640625000000000E0,-1.95312500000000000E-3));
#448=CARTESIAN_POINT('',(2.38964843750000000E0,-2.01269531250000000E0,1.95312500000000000E-3));
#449=(BOUNDED_SURFACE()B_SPLINE_SURFACE(1,5,((#437,#438,#439,#440,#441,#442),(#443,#444,#445,#446,#447,#448)),.UNSPECIFIED.,.F.,.F.,.F.)B_SPLINE_SURFACE_WITH_KNOTS((2,2),(6,6),(0.00000000000000000E0,1.00000000000000000E0),(0.00000000000000000E0,1.00000000000000000E0),.UNSPECIFIED.)GEOMETRIC_REPRESENTATION_ITEM()RATIONAL_B_SPLINE_SURFACE(((1.00000000000000000E0,1.00000000000000000E0,1.00000000000000000E0,1.00000000000000000E0,1.00000000000000000E0,1.00000000000000000E0),(2.00000000000000000E0,2.00000000000000000E0,2.00000000000000000E0,2.00000000000000000E0,2.00000000000000000E0,2.00000000000000000E0)))REPRESENTATION_ITEM('')SURFACE());
#450=CARTESIAN_POINT('',(5.71289062500000000E-1,-3.07226562500000000E0,8.20312500000000000E-2));
#451=CARTESIAN_POINT('',(9.64843750000000000E-1,-3.00195312500000000E0,5.85937500000000000E-2));
#452=CARTESIAN_POINT('',(1.35839843750000000E0,-2.93164062500000000E0,3.51562500000000000E-2));
#453=CARTESIAN_POINT('',(1.87792968750000000E0,-2.62011718750000000E0,-5.85937500000000000E-3));
#454=CARTESIAN_POINT('',(2.13378906250000000E0,-2.31640625000000000E0,-1.95312500000000000E-3));
#455=CARTESIAN_POINT('',(2.38964843750000000E0,-2.01269531250000000E0,1.95312500000000000E-3));
#456=CARTESIAN_POINT('',(5.12695312500000000E-1,-3.08203125000000000E0,-1.67968750000000000E-1));
#457=CARTESIAN_POINT('',(9.10156250000000000E-1,-3.01269531250000000E0,-1.91406250000000000E-1));
#458=CARTESIAN_POINT('',(1.30761718750000000E0,-2.94335937500000000E0,-2.14843750000000000E-1));
#459=CARTESIAN_POINT('',(1.87402343750000000E0,-2.62792968750000000E0,-2.55859375000000000E-1));
#460=CARTESIAN_POINT('',(2.13574218750000000E0,-2.31640625000000000E0,-2.51953125000000000E-1));
#461=CARTESIAN_POINT('',(2.39746093750000000E0,-2.00488281250000000E0,-2.48046875000000000E-1));
#462=(BOUNDED_SURFACE()B_SPLINE_SURFACE(1,5,((#450,#451,#452,#453,#454,#455),(#456,#457,#458,#459,#460,#461)),.UNSPECIFIED.,.F.,.F.,.F.)B_SPLINE_SURFACE_WITH_KNOTS((2,2),(6,6),(0.00000000000000000E0,1.00000000000000000E0),(0.00000000000000000E0,1.00000000000000000E0),.UNSPECIFIED.)GEOMETRIC_REPRESENTATION_ITEM()RATIONAL_B_SPLINE_SURFACE(((1.00000000000000000E0,1.00000000000000000E0,1.00000000000000000E0,1.00000000000000000E0,1.00000000000000000E0,1.00000000000000000E0),(2.00000000000000000E0,2.00000000000000000E0,2.00000000000000000E0,2.00000000000000000E0,2.00000000000000000E0,2.00000000000000000E0)))REPRESENTATION_ITEM('')SURFACE());
#463=CARTESIAN_POINT('',(5.12695312500000000E-1,-3.08203125000000000E0,-1.67968750000000000E-1));
#464=CARTESIAN_POINT('',(9.10156250000000000E-1,-3.01269531250000000E0,-1.91406250000000000E-1));
#465=CARTESIAN_POINT('',(1.30761718750000000E0,-2.94335937500000000E0,-2.14843750000000000E-1));
#466=CARTESIAN_POINT('',(1.87402343750000000E0,-2.62792968750000000E0,-2.55859375000000000E-1));
#467=CARTESIAN_POINT('',(2.13574218750000000E0,-2.31640625000000000E0,-2.51953125000000000E-1));
#468=CARTESIAN_POINT('',(2.39746093750000000E0,-2.00488281250000000E0,-2.48046875000000000E-1));
#469=CARTESIAN_POINT('',(4.69726562500000000E-1,-2.83593750000000000E0,-1.67968750000000000E-1));
#470=CARTESIAN_POINT('',(8.35937500000000000E-1,-2.77246093750000000E0,-1.91406250000000000E-1));
#471=CARTESIAN_POINT('',(1.20214843750000000E0,-2.70898437500000000E0,-2.14843750000000000E-1));
#472=CARTESIAN_POINT('',(1.72558593750000000E0,-2.41894531250000000E0,-2.55859375000000000E-1));
#473=CARTESIAN_POINT('',(1.96582031250000000E0,-2.13183593750000000E0,-2.51953125000000000E-1));
#474=CARTESIAN_POINT('',(2.20605468750000000E0,-1.84472656250000000E0,-2.48046875000000000E-1));
#475=(BOUNDED_SURFACE()B_SPLINE_SURFACE(1,5,((#463,#464,#465,#466,#467,#468),(#469,#470,#471,#472,#473,#474)),.UNSPECIFIED.,.F.,.F.,.F.)B_SPLINE_SURFACE_WITH_KNOTS((2,2),(6,6),(0.00000000000000000E0,1.00000000000000000E0),(0.00000000000000000E0,1.00000000000000000E0),.UNSPECIFIED.)GEOMETRIC_REPRESENTATION_ITEM()RATIONAL_B_SPLINE_SURFACE(((1.00000000000000000E0,1.00000000000000000E0,1.00000000000000000E0,1.00000000000000000E0,1.00000000000000000E0,1.00000000000000000E0),(2.00000000000000000E0,2.00000000000000000E0,2.00000000000000000E0,2.00000000000000000E0,2.00000000000000000E0,2.00000000000000000E0)))REPRESENTATION_ITEM('')SURFACE());
#476=CARTESIAN_POINT('',(4.69726562500000000E-1,-2.83593750000000000E0,-1.67968750000000000E-1));
#477=CARTESIAN_POINT('',(8.35937500000000000E-1,-2.77246093750000000E0,-1.91406250000000000E-1));
#478=CARTESIAN_POINT('',(1.20214843750000000E0,-2.70898437500000000E0,-2.14843750000000000E-1));
#479=CARTESIAN_POINT('',(1.72558593750000000E0,-2.41894531250000000E0,-2.55859375000000000E-1));
#480=CARTESIAN_POINT('',(1.96582031250000000E0,-2.13183593750000000E0,-2.51953125000000000E-1));
#481=CARTESIAN_POINT('',(2.20605468750000000E0,-1.84472656250000000E0,-2.48046875000000000E-1));
#482=CARTESIAN_POINT('',(5.28320312500000000E-1,-2.82617187500000000E0,8.20312500000000000E-2));
#483=CARTESIAN_POINT('',(8.90625000000000000E-1,-2.76171875000000000E0,5.85937500000000000E-2));
#484=CARTESIAN_POINT('',(1.25292968750000000E0,-2.69726562500000000E0,3.51562500000000000E-2));
#485=CARTESIAN_POINT('',(1.72949218750000000E0,-2.41113281250000000E0,-5.85937500000000000E-3));
#486=CARTESIAN_POINT('',(1.96386718750000000E0,-2.13183593750000000E0,-1.95312500000000000E-3));
#487=CARTESIAN_POINT('',(2.19824218750000000E0,-1.85253906250000000E0,1.95312500000000000E-3));
#488=(BOUNDED_SURFACE()B_SPLINE_SURFACE(1,5,((#476,#477,#478,#479,#480,#481),(#482,#483,#484,#485,#486,#487)),.UNSPECIFIED.,.F.,.F.,.F.)B_SPLINE_SURFACE_WITH_KNOTS((2,2),(6,6),(0.00000000000000000E0,1.00000000000000000E0),(0.00000000000000000E0,1.00000000000000000E0),.UNSPECIFIED.)GEOMETRIC_REPRESENTATION_ITEM()RATIONAL_B_SPLINE_SURFACE(((1.00000000000000000E0,1.00000000000000000E0,1.00000000000000000E0,1.00000000000000000E0,1.00000000000000000E0,1.00000000000000000E0),(2.00000000000000000E0,2.00000000000000000E0,2.00000000000000000E0,2.00000000000000000E0,2.00000000000000000E0,2.00000000000000000E0)))REPRESENTATION_ITEM('')SURFACE());
#489=CARTESIAN_POINT('',(2.19824218750000000E0,-1.85253906250000000E0,1.95312500000000000E-3));
#490=CARTESIAN_POINT('',(2.43261718750000000E0,-1.57324218750000000E0,5.85937500000000000E-3));
#491=CARTESIAN_POINT('',(2.66699218750000000E0,-1.29394531250000000E0,9.76562500000000000E-3));
#492=CARTESIAN_POINT('',(2.87304687500000000E0,-7.71484375000000000E-1,7.61718750000000000E-2));
#493=CARTESIAN_POINT('',(2.87402343750000000E0,-4.01367187500000000E-1,1.00585937500000000E-1));
#494=CARTESIAN_POINT('',(2.87500000000000000E0,-3.12500000000000000E-2,1.25000000000000000E-1));
#495=CARTESIAN_POINT('',(2.38964843750000000E0,-2.01269531250000000E0,1.95312500000000000E-3));
#496=CARTESIAN_POINT('',(2.64550781250000000E0,-1.70898437500000000E0,5.85937500000000000E-3));
#497=CARTESIAN_POINT('',(2.90136718750000000E0,-1.40527343750000000E0,9.76562500000000000E-3));
#498=CARTESIAN_POINT('',(3.12304687500000000E0,-8.33984375000000000E-1,7.61718750000000000E-2));
#499=CARTESIAN_POINT('',(3.12402343750000000E0,-4.32617187500000000E-1,1.00585937500000000E-1));
#500=CARTESIAN_POINT('',(3.12500000000000000E0,-3.12500000000000000E-2,1.25000000000000000E-1));
#501=(BOUNDED_SURFACE()B_SPLINE_SURFACE(1,5,((#489,#490,#491,#492,#493,#494),(#495,#496,#497,#498,#499,#500)),.UNSPECIFIED.,.F.,.F.,.F.)B_SPLINE_SURFACE_WITH_KNOTS((2,2),(6,6),(0.00000000000000000E0,1.00000000000000000E0),(0.00000000000000000E0,1.00000000000000000E0),.UNSPECIFIED.)GEOMETRIC_REPRESENTATION_ITEM()RATIONAL_B_SPLINE_SURFACE(((1.00000000000000000E0,1.00000000000000000E0,1.00000000000000000E0,1.00000000000000000E0,1.00000000000000000E0,1.00000000000000000E0),(2.00000000000000000E0,2.00000000000000000E0,2.00000000000000000E0,2.00000000000000000E0,2.00000000000000000E0,2.00000000000000000E0)))REPRESENTATION_ITEM('')SURFACE());
#502=CARTESIAN_POINT('',(2.38964843750000000E0,-2.01269531250000000E0,1.95312500000000000E-3));
#503=CARTESIAN_POINT('',(2.64550781250000000E0,-1.70898437500000000E0,5.85937500000000000E-3));
#504=CARTESIAN_POINT('',(2.90136718750000000E0,-1.40527343750000000E0,9.76562500000000000E-3));
#505=CARTESIAN_POINT('',(3.12304687500000000E0,-8.33984375000000000E-1,7.61718750000000000E-2));
#506=CARTESIAN_POINT('',(3.12402343750000000E0,-4.32617187500000000E-1,1.00585937500000000E-1));
#507=CARTESIAN_POINT('',(3.12500000000000000E0,-3.12500000000000000E-2,1.25000000000000000E-1));
#508=CARTESIAN_POINT('',(2.39746093750000000E0,-2.00488281250000000E0,-2.48046875000000000E-1));
#509=CARTESIAN_POINT('',(2.65917968750000000E0,-1.69335937500000000E0,-2.44140625000000000E-1));
#510=CARTESIAN_POINT('',(2.92089843750000000E0,-1.38183593750000000E0,-2.40234375000000000E-1));
#511=CARTESIAN_POINT('',(3.12695312500000000E0,-7.71484375000000000E-1,-1.73828125000000000E-1));
#512=CARTESIAN_POINT('',(3.12597656250000000E0,-3.70117187500000000E-1,-1.49414062500000000E-1));
#513=CARTESIAN_POINT('',(3.12500000000000000E0,3.12500000000000000E-2,-1.25000000000000000E-1));
#514=(BOUNDED_SURFACE()B_SPLINE_SURFACE(1,5,((#502,#503,#504,#505,#506,#507),(#508,#509,#510,#511,#512,#513)),.UNSPECIFIED.,.F.,.F.,.F.)B_SPLINE_SURFACE_WITH_KNOTS((2,2),(6,6),(0.00000000000000000E0,1.00000000000000000E0),(0.00000000000000000E0,1.00000000000000000E0),.UNSPECIFIED.)GEOMETRIC_REPRESENTATION_ITEM()RATIONAL_B_SPLINE_SURFACE(((1.00000000000000000E0,1.00000000000000000E0,1.00000000000000000E0,1.00000000000000000E0,1.00000000000000000E0,1.00000000000000000E0),(2.00000000000000000E0,2.00000000000000000E0,2.00000000000000000E0,2.00000000000000000E0,2.00000000000000000E0,2.00000000000000000E0)))REPRESENTATION_ITEM('')SURFACE());
#515=CARTESIAN_POINT('',(2.39746093750000000E0,-2.00488281250000000E0,-2.48046875000000000E-1));
#516=CARTESIAN_POINT('',(2.65917968750000000E0,-1.69335937500000000E0,-2.44140625000000000E-1));
#517=CARTESIAN_POINT('',(2.92089843750000000E0,-1.38183593750000000E0,-2.40234375000000000E-1));
#518=CARTESIAN_POINT('',(3.12695312500000000E0,-7.71484375000000000E-1,-1.73828125000000000E-1));
#519=CARTESIAN_POINT('',(3.12597656250000000E0,-3.70117187500000000E-1,-1.49414062500000000E-1));
#520=CARTESIAN_POINT('',(3.12500000000000000E0,3.12500000000000000E-2,-1.25000000000000000E-1));
#521=CARTESIAN_POINT('',(2.20605468750000000E0,-1.84472656250000000E0,-2.48046875000000000E-1));
#522=CARTESIAN_POINT('',(2.44628906250000000E0,-1.55761718750000000E0,-2.44140625000000000E-1));
#523=CARTESIAN_POINT('',(2.68652343750000000E0,-1.27050781250000000E0,-2.40234375000000000E-1));
#524=CARTESIAN_POINT('',(2.87695312500000000E0,-7.08984375000000000E-1,-1.73828125000000000E-1));
#525=CARTESIAN_POINT('',(2.87597656250000000E0,-3.38867187500000000E-1,-1.49414062500000000E-1));
#526=CARTESIAN_POINT('',(2.87500000000000000E0,3.12500000000000000E-2,-1.25000000000000000E-1));
#527=(BOUNDED_SURFACE()B_SPLINE_SURFACE(1,5,((#515,#516,#517,#518,#519,#520),(#521,#522,#523,#524,#525,#526)),.UNSPECIFIED.,.F.,.F.,.F.)B_SPLINE_SURFACE_WITH_KNOTS((2,2),(6,6),(0.00000000000000000E0,1.00000000000000000E0),(0.00000000000000000E0,1.00000000000000000E0),.UNSPECIFIED.)GEOMETRIC_REPRESENTATION_ITEM()RATIONAL_B_SPLINE_SURFACE(((1.00000000000000000E0,1.00000000000000000E0,1.00000000000000000E0,1.00000000000000000E0,1.00000000000000000E0,1.00000000000000000E0),(2.00000000000000000E0,2.00000000000000000E0,2.00000000000000000E0,2.00000000000000000E0,2.00000000000000000E0,2.00000000000000000E0)))REPRESENTATION_ITEM('')SURFACE());
#528=CARTESIAN_POINT('',(2.20605468750000000E0,-1.84472656250000000E0,-2.48046875000000000E-1));
#529=CARTESIAN_POINT('',(2.44628906250000000E0,-1.55761718750000000E0,-2.44140625000000000E-1));
#530=CARTESIAN_POINT('',(2.68652343750000000E0,-1.27050781250000000E0,-2.40234375000000000E-1));
#531=CARTESIAN_POINT('',(2.87695312500000000E0,-7.08984375000000000E-1,-1.73828125000000000E-1));
#532=CARTESIAN_POINT('',(2.87597656250000000E0,-3.38867187500000000E-1,-1.49414062500000000E-1));
#533=CARTESIAN_POINT('',(2.87500000000000000E0,3.12500000000000000E-2,-1.25000000000000000E-1));
#534=CARTESIAN_POINT('',(2.19824218750000000E0,-1.85253906250000000E0,1.95312500000000000E-3));
#535=CARTESIAN_POINT('',(2.43261718750000000E0,-1.57324218750000000E0,5.85937500000000000E-3));
#536=CARTESIAN_POINT('',(2.66699218750000000E0,-1.29394531250000000E0,9.76562500000000000E-3));
#537=CARTESIAN_POINT('',(2.87304687500000000E0,-7.71484375000000000E-1,7.61718750000000000E-2));
#538=CARTESIAN_POINT('',(2.87402343750000000E0,-4.01367187500000000E-1,1.00585937500000000E-1));
#539=CARTESIAN_POINT('',(2.87500000000000000E0,-3.12500000000000000E-2,1.25000000000000000E-1));
#540=(BOUNDED_SURFACE()B_SPLINE_SURFACE(1,5,((#528,#529,#530,#531,#532,#533),(#534,#535,#536,#537,#538,#539)),.UNSPECIFIED.,.F.,.F.,.F.)B_SPLINE_SURFACE_WITH_KNOTS((2,2),(6,6),(0.00000000000000000E0,1.00000000000000000E0),(0.00000000000000000E0,1.00000000000000000E0),.UNSPECIFIED.)GEOMETRIC_REPRESENTATION_ITEM()RATIONAL_B_SPLINE_SURFACE(((1.00000000000000000E0,1.00000000000000000E0,1.00000000000000000E0,1.00000000000000000E0,1.00000000000000000E0,1.00000000000000000E0),(2.00000000000000000E0,2.00000000000000000E0,2.00000000000000000E0,2.00000000000000000E0,2.00000000000000000E0,2.00000000000000000E0)))REPRESENTATION_ITEM('')SURFACE());
#541=CARTESIAN_POINT('',(2.87500000000000000E0,-3.12500000000000000E-2,1.25000000000000000E-1));
#542=CARTESIAN_POINT('',(3.12500000000000000E0,-3.12500000000000000E-2,1.25000000000000000E-1));
#543=(BOUNDED_CURVE()B_SPLINE_CURVE(1,(#541,#542),.UNSPECIFIED.,.F.,.F.)B_SPLINE_CURVE_WITH_KNOTS((2,2),(0.00000000000000000E0,1.00000000000000000E0),.UNSPECIFIED.)CURVE()GEOMETRIC_REPRESENTATION_ITEM()RATIONAL_B_SPLINE_CURVE((1.00000000000000000E0,2.00000000000000000E0))REPRESENTATION_ITEM(''));
#544=CARTESIAN_POINT('',(3.12500000000000000E0,-3.12500000000000000E-2,1.25000000000000000E-1));
#545=CARTESIAN_POINT('',(3.12597656250000000E0,3.70117187500000000E-1,1.49414062500000000E-1));
#546=CARTESIAN_POINT('',(3.12695312500000000E0,7.71484375000000000E-1,1.73828125000000000E-1));
#547=CARTESIAN_POINT('',(2.92089843750000000E0,1.38183593750000000E0,2.40234375000000000E-1));
#548=CARTESIAN_POINT('',(2.65917968750000000E0,1.69335937500000000E0,2.44140625000000000E-1));
#549=CARTESIAN_POINT('',(2.39746093750000000E0,2.00488281250000000E0,2.48046875000000000E-1));
#550=(BOUNDED_CURVE()B_SPLINE_CURVE(5,(#544,#545,#546,#547,#548,#549),.UNSPECIFIED.,.F.,.F.)B_SPLINE_CURVE_WITH_KNOTS((6,6),(0.00000000000000000E0,1.00000000000000000E0),.UNSPECIFIED.)CURVE()GEOMETRIC_REPRESENTATION_ITEM()RATIONAL_B_SPLINE_CURVE((2.00000000000000000E0,2.00000000000000000E0,2.00000000000000000E0,2.00000000000000000E0,2.00000000000000000E0,2.00000000000000000E0))REPRESENTATION_ITEM(''));
#551=CARTESIAN_POINT('',(2.20605468750000000E0,1.84472656250000000E0,2.48046875000000000E-1));
#552=CARTESIAN_POINT('',(2.39746093750000000E0,2.00488281250000000E0,2.48046875000000000E-1));
#553=(BOUNDED_CURVE()B_SPLINE_CURVE(1,(#551,#552),.UNSPECIFIED.,.F.,.F.)B_SPLINE_CURVE_WITH_KNOTS((2,2),(0.00000000000000000E0,1.00000000000000000E0),.UNSPECIFIED.)CURVE()GEOMETRIC_REPRESENTATION_ITEM()RATIONAL_B_SPLINE_CURVE((1.00000000000000000E0,2.00000000000000000E0))REPRESENTATION_ITEM(''));
#554=CARTESIAN_POINT('',(2.87500000000000000E0,-3.12500000000000000E-2,1.25000000000000000E-1));
#555=CARTESIAN_POINT('',(2.87597656250000000E0,3.38867187500000000E-1,1.49414062500000000E-1));
#556=CARTESIAN_POINT('',(2.87695312500000000E0,7.08984375000000000E-1,1.73828125000000000E-1));
#557=CARTESIAN_POINT('',(2.68652343750000000E0,1.27050781250000000E0,2.40234375000000000E-1));
#558=CARTESIAN_POINT('',(2.44628906250000000E0,1.55761718750000000E0,2.44140625000000000E-1));
#559=CARTESIAN_POINT('',(2.20605468750000000E0,1.84472656250000000E0,2.48046875000000000E-1));
#560=B_SPLINE_CURVE_WITH_KNOTS('',5,(#554,#555,#556,#557,#558,#559),.UNSPECIFIED.,.F.,.F.,(6,6),(0.00000000000000000E0,1.00000000000000000E0),.UNSPECIFIED.);
#561=CARTESIAN_POINT('',(3.12500000000000000E0,-3.12500000000000000E-2,1.25000000000000000E-1));
#562=CARTESIAN_POINT('',(3.12500000000000000E0,3.12500000000000000E-2,-1.25000000000000000E-1));
#563=(BOUNDED_CURVE()B_SPLINE_CURVE(1,(#561,#562),.UNSPECIFIED.,.F.,.F.)B_SPLINE_CURVE_WITH_KNOTS((2,2),(0.00000000000000000E0,1.00000000000000000E0),.UNSPECIFIED.)CURVE()GEOMETRIC_REPRESENTATION_ITEM()RATIONAL_B_SPLINE_CURVE((1.00000000000000000E0,2.00000000000000000E0))REPRESENTATION_ITEM(''));
#564=CARTESIAN_POINT('',(3.12500000000000000E0,3.12500000000000000E-2,-1.25000000000000000E-1));
#565=CARTESIAN_POINT('',(3.12402343750000000E0,4.32617187500000000E-1,-1.00585937500000000E-1));
#566=CARTESIAN_POINT('',(3.12304687500000000E0,8.33984375000000000E-1,-7.61718750000000000E-2));
#567=CARTESIAN_POINT('',(2.90136718750000000E0,1.40527343750000000E0,-9.76562500000000000E-3));
#568=CARTESIAN_POINT('',(2.64550781250000000E0,1.70898437500000000E0,-5.85937500000000000E-3));
#569=CARTESIAN_POINT('',(2.38964843750000000E0,2.01269531250000000E0,-1.95312500000000000E-3));
#570=(BOUNDED_CURVE()B_SPLINE_CURVE(5,(#564,#565,#566,#567,#568,#569),.UNSPECIFIED.,.F.,.F.)B_SPLINE_CURVE_WITH_KNOTS((6,6),(0.00000000000000000E0,1.00000000000000000E0),.UNSPECIFIED.)CURVE()GEOMETRIC_REPRESENTATION_ITEM()RATIONAL_B_SPLINE_CURVE((2.00000000000000000E0,2.00000000000000000E0,2.00000000000000000E0,2.00000000000000000E0,2.00000000000000000E0,2.00000000000000000E0))REPRESENTATION_ITEM(''));
#571=CARTESIAN_POINT('',(2.39746093750000000E0,2.00488281250000000E0,2.48046875000000000E-1));
#572=CARTESIAN_POINT('',(2.38964843750000000E0,2.01269531250000000E0,-1.95312500000000000E-3));
#573=(BOUNDED_CURVE()B_SPLINE_CURVE(1,(#571,#572),.UNSPECIFIED.,.F.,.F.)B_SPLINE_CURVE_WITH_KNOTS((2,2),(0.00000000000000000E0,1.00000000000000000E0),.UNSPECIFIED.)CURVE()GEOMETRIC_REPRESENTATION_ITEM()RATIONAL_B_SPLINE_CURVE((1.00000000000000000E0,2.00000000000000000E0))REPRESENTATION_ITEM(''));
#574=CARTESIAN_POINT('',(3.12500000000000000E0,3.12500000000000000E-2,-1.25000000000000000E-1));
#575=CARTESIAN_POINT('',(2.87500000000000000E0,3.12500000000000000E-2,-1.25000000000000000E-1));
#576=(BOUNDED_CURVE()B_SPLINE_CURVE(1,(#574,#575),.UNSPECIFIED.,.F.,.F.)B_SPLINE_CURVE_WITH_KNOTS((2,2),(0.00000000000000000E0,1.00000000000000000E0),.UNSPECIFIED.)CURVE()GEOMETRIC_REPRESENTATION_ITEM()RATIONAL_B_SPLINE_CURVE((1.00000000000000000E0,2.00000000000000000E0))REPRESENTATION_ITEM(''));
#577=CARTESIAN_POINT('',(2.87500000000000000E0,3.12500000000000000E-2,-1.25000000000000000E-1));
#578=CARTESIAN_POINT('',(2.87402343750000000E0,4.01367187500000000E-1,-1.00585937500000000E-1));
#579=CARTESIAN_POINT('',(2.87304687500000000E0,7.71484375000000000E-1,-7.61718750000000000E-2));
#580=CARTESIAN_POINT('',(2.66699218750000000E0,1.29394531250000000E0,-9.76562500000000000E-3));
#581=CARTESIAN_POINT('',(2.43261718750000000E0,1.57324218750000000E0,-5.85937500000000000E-3));
#582=CARTESIAN_POINT('',(2.19824218750000000E0,1.85253906250000000E0,-1.95312500000000000E-3));
#583=(BOUNDED_CURVE()B_SPLINE_CURVE(5,(#577,#578,#579,#580,#581,#582),.UNSPECIFIED.,.F.,.F.)B_SPLINE_CURVE_WITH_KNOTS((6,6),(0.00000000000000000E0,1.00000000000000000E0),.UNSPECIFIED.)CURVE()GEOMETRIC_REPRESENTATION_ITEM()RATIONAL_B_SPLINE_CURVE((2.00000000000000000E0,2.00000000000000000E0,2.00000000000000000E0,2.00000000000000000E0,2.00000000000000000E0,2.00000000000000000E0))REPRESENTATION_ITEM(''));
#584=CARTESIAN_POINT('',(2.38964843750000000E0,2.01269531250000000E0,-1.95312500000000000E-3));
#585=CARTESIAN_POINT('',(2.19824218750000000E0,1.85253906250000000E0,-1.95312500000000000E-3));
#586=(BOUNDED_CURVE()B_SPLINE_CURVE(1,(#584,#585),.UNSPECIFIED.,.F.,.F.)B_SPLINE_CURVE_WITH_KNOTS((2,2),(0.00000000000000000E0,1.00000000000000000E0),.UNSPECIFIED.)CURVE()GEOMETRIC_REPRESENTATION_ITEM()RATIONAL_B_SPLINE_CURVE((1.00000000000000000E0,2.00000000000000000E0))REPRESENTATION_ITEM(''));
#587=CARTESIAN_POINT('',(2.87500000000000000E0,-3.12500000000000000E-2,1.25000000000000000E-1));
#588=CARTESIAN_POINT('',(2.87500000000000000E0,3.12500000000000000E-2,-1.25000000000000000E-1));
#589=(BOUNDED_CURVE()B_SPLINE_CURVE(1,(#587,#588),.UNSPECIFIED.,.F.,.F.)B_SPLINE_CURVE_WITH_KNOTS((2,2),(0.00000000000000000E0,1.00000000000000000E0),.UNSPECIFIED.)CURVE()GEOMETRIC_REPRESENTATION_ITEM()RATIONAL_B_SPLINE_CURVE((2.00000000000000000E0,1.00000000000000000E0))REPRESENTATION_ITEM(''));
#590=CARTESIAN_POINT('',(2.20605468750000000E0,1.84472656250000000E0,2.48046875000000000E-1));
#591=CARTESIAN_POINT('',(2.19824218750000000E0,1.85253906250000000E0,-1.95312500000000000E-3));
#592=(BOUNDED_CURVE()B_SPLINE_CURVE(1,(#590,#591),.UNSPECIFIED.,.F.,.F.)B_SPLINE_CURVE_WITH_KNOTS((2,2),(0.00000000000000000E0,1.00000000000000000E0),.UNSPECIFIED.)CURVE()GEOMETRIC_REPRESENTATION_ITEM()RATIONAL_B_SPLINE_CURVE((2.00000000000000000E0,1.00000000000000000E0))REPRESENTATION_ITEM(''));
#593=CARTESIAN_POINT('',(2.39746093750000000E0,2.00488281250000000E0,2.48046875000000000E-1));
#594=CARTESIAN_POINT('',(2.13574218750000000E0,2.31640625000000000E0,2.51953125000000000E-1));
#595=CARTESIAN_POINT('',(1.87402343750000000E0,2.62792968750000000E0,2.55859375000000000E-1));
#596=CARTESIAN_POINT('',(1.30761718750000000E0,2.94335937500000000E0,2.14843750000000000E-1));
#597=CARTESIAN_POINT('',(9.10156250000000000E-1,3.01269531250000000E0,1.91406250000000000E-1));
#598=CARTESIAN_POINT('',(5.12695312500000000E-1,3.08203125000000000E0,1.67968750000000000E-1));
#599=(BOUNDED_CURVE()B_SPLINE_CURVE(5,(#593,#594,#595,#596,#597,#598),.UNSPECIFIED.,.F.,.F.)B_SPLINE_CURVE_WITH_KNOTS((6,6),(0.00000000000000000E0,1.00000000000000000E0),.UNSPECIFIED.)CURVE()GEOMETRIC_REPRESENTATION_ITEM()RATIONAL_B_SPLINE_CURVE((2.00000000000000000E0,2.00000000000000000E0,2.00000000000000000E0,2.00000000000000000E0,2.00000000000000000E0,2.00000000000000000E0))REPRESENTATION_ITEM(''));
#600=CARTESIAN_POINT('',(4.69726562500000000E-1,2.83593750000000000E0,1.67968750000000000E-1));
#601=CARTESIAN_POINT('',(5.12695312500000000E-1,3.08203125000000000E0,1.67968750000000000E-1));
#602=(BOUNDED_CURVE()B_SPLINE_CURVE(1,(#600,#601),.UNSPECIFIED.,.F.,.F.)B_SPLINE_CURVE_WITH_KNOTS((2,2),(0.00000000000000000E0,1.00000000000000000E0),.UNSPECIFIED.)CURVE()GEOMETRIC_REPRESENTATION_ITEM()RATIONAL_B_SPLINE_CURVE((1.00000000000000000E0,2.00000000000000000E0))REPRESENTATION_ITEM(''));
#603=CARTESIAN_POINT('',(2.20605468750000000E0,1.84472656250000000E0,2.48046875000000000E-1));
#604=CARTESIAN_POINT('',(1.96582031250000000E0,2.13183593750000000E0,2.51953125000000000E-1));
#605=CARTESIAN_POINT('',(1.72558593750000000E0,2.41894531250000000E0,2.55859375000000000E-1));
#606=CARTESIAN_POINT('',(1.20214843750000000E0,2.70898437500000000E0,2.14843750000000000E-1));
#607=CARTESIAN_POINT('',(8.35937500000000000E-1,2.77246093750000000E0,1.91406250000000000E-1));
#608=CARTESIAN_POINT('',(4.69726562500000000E-1,2.83593750000000000E0,1.67968750000000000E-1));
#609=B_SPLINE_CURVE_WITH_KNOTS('',5,(#603,#604,#605,#606,#607,#608),.UNSPECIFIED.,.F.,.F.,(6,6),(0.00000000000000000E0,1.00000000000000000E0),.UNSPECIFIED.);
#610=CARTESIAN_POINT('',(2.38964843750000000E0,2.01269531250000000E0,-1.95312500000000000E-3));
#611=CARTESIAN_POINT('',(2.13378906250000000E0,2.31640625000000000E0,1.95312500000000000E-3));
#612=CARTESIAN_POINT('',(1.87792968750000000E0,2.62011718750000000E0,5.85937500000000000E-3));
#613=CARTESIAN_POINT('',(1.35839843750000000E0,2.93164062500000000E0,-3.51562500000000000E-2));
#614=CARTESIAN_POINT('',(9.64843750000000000E-1,3.00195312500000000E0,-5.85937500000000000E-2));
#615=CARTESIAN_POINT('',(5.71289062500000000E-1,3.07226562500000000E0,-8.20312500000000000E-2));
#616=(BOUNDED_CURVE()B_SPLINE_CURVE(5,(#610,#611,#612,#613,#614,#615),.UNSPECIFIED.,.F.,.F.)B_SPLINE_CURVE_WITH_KNOTS((6,6),(0.00000000000000000E0,1.00000000000000000E0),.UNSPECIFIED.)CURVE()GEOMETRIC_REPRESENTATION_ITEM()RATIONAL_B_SPLINE_CURVE((2.00000000000000000E0,2.00000000000000000E0,2.00000000000000000E0,2.00000000000000000E0,2.00000000000000000E0,2.00000000000000000E0))REPRESENTATION_ITEM(''));
#617=CARTESIAN_POINT('',(5.12695312500000000E-1,3.08203125000000000E0,1.67968750000000000E-1));
#618=CARTESIAN_POINT('',(5.71289062500000000E-1,3.07226562500000000E0,-8.20312500000000000E-2));
#619=(BOUNDED_CURVE()B_SPLINE_CURVE(1,(#617,#618),.UNSPECIFIED.,.F.,.F.)B_SPLINE_CURVE_WITH_KNOTS((2,2),(0.00000000000000000E0,1.00000000000000000E0),.UNSPECIFIED.)CURVE()GEOMETRIC_REPRESENTATION_ITEM()RATIONAL_B_SPLINE_CURVE((1.00000000000000000E0,2.00000000000000000E0))REPRESENTATION_ITEM(''));
#620=CARTESIAN_POINT('',(2.19824218750000000E0,1.85253906250000000E0,-1.95312500000000000E-3));
#621=CARTESIAN_POINT('',(1.96386718750000000E0,2.13183593750000000E0,1.95312500000000000E-3));
#622=CARTESIAN_POINT('',(1.72949218750000000E0,2.41113281250000000E0,5.85937500000000000E-3));
#623=CARTESIAN_POINT('',(1.25292968750000000E0,2.69726562500000000E0,-3.51562500000000000E-2));
#624=CARTESIAN_POINT('',(8.90625000000000000E-1,2.76171875000000000E0,-5.85937500000000000E-2));
#625=CARTESIAN_POINT('',(5.28320312500000000E-1,2.82617187500000000E0,-8.20312500000000000E-2));
#626=(BOUNDED_CURVE()B_SPLINE_CURVE(5,(#620,#621,#622,#623,#624,#625),.UNSPECIFIED.,.F.,.F.)B_SPLINE_CURVE_WITH_KNOTS((6,6),(0.00000000000000000E0,1.00000000000000000E0),.UNSPECIFIED.)CURVE()GEOMETRIC_REPRESENTATION_ITEM()RATIONAL_B_SPLINE_CURVE((2.00000000000000000E0,2.00000000000000000E0,2.00000000000000000E0,2.00000000000000000E0,2.00000000000000000E0,2.00000000000000000E0))REPRESENTATION_ITEM(''));
#627=CARTESIAN_POINT('',(5.71289062500000000E-1,3.07226562500000000E0,-8.20312500000000000E-2));
#628=CARTESIAN_POINT('',(5.28320312500000000E-1,2.82617187500000000E0,-8.20312500000000000E-2));
#629=(BOUNDED_CURVE()B_SPLINE_CURVE(1,(#627,#628),.UNSPECIFIED.,.F.,.F.)B_SPLINE_CURVE_WITH_KNOTS((2,2),(0.00000000000000000E0,1.00000000000000000E0),.UNSPECIFIED.)CURVE()GEOMETRIC_REPRESENTATION_ITEM()RATIONAL_B_SPLINE_CURVE((1.00000000000000000E0,2.00000000000000000E0))REPRESENTATION_ITEM(''));
#630=CARTESIAN_POINT('',(4.69726562500000000E-1,2.83593750000000000E0,1.67968750000000000E-1));
#631=CARTESIAN_POINT('',(5.28320312500000000E-1,2.82617187500000000E0,-8.20312500000000000E-2));
#632=(BOUNDED_CURVE()B_SPLINE_CURVE(1,(#630,#631),.UNSPECIFIED.,.F.,.F.)B_SPLINE_CURVE_WITH_KNOTS((2,2),(0.00000000000000000E0,1.00000000000000000E0),.UNSPECIFIED.)CURVE()GEOMETRIC_REPRESENTATION_ITEM()RATIONAL_B_SPLINE_CURVE((2.00000000000000000E0,1.00000000000000000E0))REPRESENTATION_ITEM(''));
#633=CARTESIAN_POINT('',(5.12695312500000000E-1,3.08203125000000000E0,1.67968750000000000E-1));
#634=CARTESIAN_POINT('',(1.15234375000000000E-1,3.15136718750000000E0,1.44531250000000000E-1));
#635=CARTESIAN_POINT('',(-2.82226562500000000E-1,3.22070312500000000E0,1.21093750000000000E-1));
#636=CARTESIAN_POINT('',(-8.88671875000000000E-1,3.09667968750000000E0,4.19921875000000000E-2));
#637=CARTESIAN_POINT('',(-1.23242187500000000E0,2.89746093750000000E0,2.92968750000000000E-2));
#638=CARTESIAN_POINT('',(-1.57617187500000000E0,2.69824218750000000E0,1.66015625000000000E-2));
#639=(BOUNDED_CURVE()B_SPLINE_CURVE(5,(#633,#634,#635,#636,#637,#638),.UNSPECIFIED.,.F.,.F.)B_SPLINE_CURVE_WITH_KNOTS((6,6),(0.00000000000000000E0,1.00000000000000000E0),.UNSPECIFIED.)CURVE()GEOMETRIC_REPRESENTATION_ITEM()RATIONAL_B_SPLINE_CURVE((2.00000000000000000E0,2.00000000000000000E0,2.00000000000000000E0,2.00000000000000000E0,2.00000000000000000E0,2.00000000000000000E0))REPRESENTATION_ITEM(''));
#640=CARTESIAN_POINT('',(-1.45117187500000000E0,2.48144531250000000E0,1.66015625000000000E-2));
#641=CARTESIAN_POINT('',(-1.57617187500000000E0,2.69824218750000000E0,1.66015625000000000E-2));
#642=(BOUNDED_CURVE()B_SPLINE_CURVE(1,(#640,#641),.UNSPECIFIED.,.F.,.F.)B_SPLINE_CURVE_WITH_KNOTS((2,2),(0.00000000000000000E0,1.00000000000000000E0),.UNSPECIFIED.)CURVE()GEOMETRIC_REPRESENTATION_ITEM()RATIONAL_B_SPLINE_CURVE((1.00000000000000000E0,2.00000000000000000E0))REPRESENTATION_ITEM(''));
#643=CARTESIAN_POINT('',(4.69726562500000000E-1,2.83593750000000000E0,1.67968750000000000E-1));
#644=CARTESIAN_POINT('',(1.03515625000000000E-1,2.89941406250000000E0,1.44531250000000000E-1));
#645=CARTESIAN_POINT('',(-2.62695312500000000E-1,2.96289062500000000E0,1.21093750000000000E-1));
#646=CARTESIAN_POINT('',(-8.18359375000000000E-1,2.84667968750000000E0,4.19921875000000000E-2));
#647=CARTESIAN_POINT('',(-1.13476562500000000E0,2.66406250000000000E0,2.92968750000000000E-2));
#648=CARTESIAN_POINT('',(-1.45117187500000000E0,2.48144531250000000E0,1.66015625000000000E-2));
#649=B_SPLINE_CURVE_WITH_KNOTS('',5,(#643,#644,#645,#646,#647,#648),.UNSPECIFIED.,.F.,.F.,(6,6),(0.00000000000000000E0,1.00000000000000000E0),.UNSPECIFIED.);
#650=CARTESIAN_POINT('',(5.71289062500000000E-1,3.07226562500000000E0,-8.20312500000000000E-2));
#651=CARTESIAN_POINT('',(1.77734375000000000E-1,3.14257812500000000E0,-1.05468750000000000E-1));
#652=CARTESIAN_POINT('',(-2.15820312500000000E-1,3.21289062500000000E0,-1.28906250000000000E-1));
#653=CARTESIAN_POINT('',(-8.45703125000000000E-1,3.11816406250000000E0,-2.08007812500000000E-1));
#654=CARTESIAN_POINT('',(-1.19726562500000000E0,2.91601562500000000E0,-2.20703125000000000E-1));
#655=CARTESIAN_POINT('',(-1.54882812500000000E0,2.71386718750000000E0,-2.33398437500000000E-1));
#656=(BOUNDED_CURVE()B_SPLINE_CURVE(5,(#650,#651,#652,#653,#654,#655),.UNSPECIFIED.,.F.,.F.)B_SPLINE_CURVE_WITH_KNOTS((6,6),(0.00000000000000000E0,1.00000000000000000E0),.UNSPECIFIED.)CURVE()GEOMETRIC_REPRESENTATION_ITEM()RATIONAL_B_SPLINE_CURVE((2.00000000000000000E0,2.00000000000000000E0,2.00000000000000000E0,2.00000000000000000E0,2.00000000000000000E0,2.00000000000000000E0))REPRESENTATION_ITEM(''));
#657=CARTESIAN_POINT('',(-1.57617187500000000E0,2.69824218750000000E0,1.66015625000000000E-2));
#658=CARTESIAN_POINT('',(-1.54882812500000000E0,2.71386718750000000E0,-2.33398437500000000E-1));
#659=(BOUNDED_CURVE()B_SPLINE_CURVE(1,(#657,#658),.UNSPECIFIED.,.F.,.F.)B_SPLINE_CURVE_WITH_KNOTS((2,2),(0.00000000000000000E0,1.00000000000000000E0),.UNSPECIFIED.)CURVE()GEOMETRIC_REPRESENTATION_ITEM()RATIONAL_B_SPLINE_CURVE((1.00000000000000000E0,2.00000000000000000E0))REPRESENTATION_ITEM(''));
#660=CARTESIAN_POINT('',(5.28320312500000000E-1,2.82617187500000000E0,-8.20312500000000000E-2));
#661=CARTESIAN_POINT('',(1.66015625000000000E-1,2.89062500000000000E0,-1.05468750000000000E-1));
#662=CARTESIAN_POINT('',(-1.96289062500000000E-1,2.95507812500000000E0,-1.28906250000000000E-1));
#663=CARTESIAN_POINT('',(-7.75390625000000000E-1,2.87011718750000000E0,-2.08007812500000000E-1));
#664=CARTESIAN_POINT('',(-1.09960937500000000E0,2.68359375000000000E0,-2.20703125000000000E-1));
#665=CARTESIAN_POINT('',(-1.42382812500000000E0,2.49707031250000000E0,-2.33398437500000000E-1));
#666=(BOUNDED_CURVE()B_SPLINE_CURVE(5,(#660,#661,#662,#663,#664,#665),.UNSPECIFIED.,.F.,.F.)B_SPLINE_CURVE_WITH_KNOTS((6,6),(0.00000000000000000E0,1.00000000000000000E0),.UNSPECIFIED.)CURVE()GEOMETRIC_REPRESENTATION_ITEM()RATIONAL_B_SPLINE_CURVE((2.00000000000000000E0,2.00000000000000000E0,2.00000000000000000E0,2.00000000000000000E0,2.00000000000000000E0,2.00000000000000000E0))REPRESENTATION_ITEM(''));
#667=CARTESIAN_POINT('',(-1.54882812500000000E0,2.71386718750000000E0,-2.33398437500000000E-1));
#668=CARTESIAN_POINT('',(-1.42382812500000000E0,2.49707031250000000E0,-2.33398437500000000E-1));
#669=(BOUNDED_CURVE()B_SPLINE_CURVE(1,(#667,#668),.UNSPECIFIED.,.F.,.F.)B_SPLINE_CURVE_WITH_KNOTS((2,2),(0.00000000000000000E0,1.00000000000000000E0),.UNSPECIFIED.)CURVE()GEOMETRIC_REPRESENTATION_ITEM()RATIONAL_B_SPLINE_CURVE((1.00000000000000000E0,2.00000000000000000E0))REPRESENTATION_ITEM(''));
#670=CARTESIAN_POINT('',(-1.45117187500000000E0,2.48144531250000000E0,1.66015625000000000E-2));
#671=CARTESIAN_POINT('',(-1.42382812500000000E0,2.49707031250000000E0,-2.33398437500000000E-1));
#672=(BOUNDED_CURVE()B_SPLINE_CURVE(1,(#670,#671),.UNSPECIFIED.,.F.,.F.)B_SPLINE_CURVE_WITH_KNOTS((2,2),(0.00000000000000000E0,1.00000000000000000E0),.UNSPECIFIED.)CURVE()GEOMETRIC_REPRESENTATION_ITEM()RATIONAL_B_SPLINE_CURVE((2.00000000000000000E0,1.00000000000000000E0))REPRESENTATION_ITEM(''));
#673=CARTESIAN_POINT('',(-1.57617187500000000E0,2.69824218750000000E0,1.66015625000000000E-2));
#674=CARTESIAN_POINT('',(-1.91992187500000000E0,2.49902343750000000E0,3.90625000000000000E-3));
#675=CARTESIAN_POINT('',(-2.26367187500000000E0,2.29980468750000000E0,-8.78906250000000000E-3));
#676=CARTESIAN_POINT('',(-2.65527343750000000E0,1.84179687500000000E0,7.81250000000000000E-3));
#677=CARTESIAN_POINT('',(-2.79199218750000000E0,1.46679687500000000E0,2.63671875000000000E-2));
#678=CARTESIAN_POINT('',(-2.92871093750000000E0,1.09179687500000000E0,4.49218750000000000E-2));
#679=(BOUNDED_CURVE()B_SPLINE_CURVE(5,(#673,#674,#675,#676,#677,#678),.UNSPECIFIED.,.F.,.F.)B_SPLINE_CURVE_WITH_KNOTS((6,6),(0.00000000000000000E0,1.00000000000000000E0),.UNSPECIFIED.)CURVE()GEOMETRIC_REPRESENTATION_ITEM()RATIONAL_B_SPLINE_CURVE((2.00000000000000000E0,2.00000000000000000E0,2.00000000000000000E0,2.00000000000000000E0,2.00000000000000000E0,2.00000000000000000E0))REPRESENTATION_ITEM(''));
#680=CARTESIAN_POINT('',(-2.69433593750000000E0,1.00585937500000000E0,4.49218750000000000E-2));
#681=CARTESIAN_POINT('',(-2.92871093750000000E0,1.09179687500000000E0,4.49218750000000000E-2));
#682=(BOUNDED_CURVE()B_SPLINE_CURVE(1,(#680,#681),.UNSPECIFIED.,.F.,.F.)B_SPLINE_CURVE_WITH_KNOTS((2,2),(0.00000000000000000E0,1.00000000000000000E0),.UNSPECIFIED.)CURVE()GEOMETRIC_REPRESENTATION_ITEM()RATIONAL_B_SPLINE_CURVE((1.00000000000000000E0,2.00000000000000000E0))REPRESENTATION_ITEM(''));
#683=CARTESIAN_POINT('',(-1.45117187500000000E0,2.48144531250000000E0,1.66015625000000000E-2));
#684=CARTESIAN_POINT('',(-1.76757812500000000E0,2.29882812500000000E0,3.90625000000000000E-3));
#685=CARTESIAN_POINT('',(-2.08398437500000000E0,2.11621093750000000E0,-8.78906250000000000E-3));
#686=CARTESIAN_POINT('',(-2.44238281250000000E0,1.69531250000000000E0,7.81250000000000000E-3));
#687=CARTESIAN_POINT('',(-2.56835937500000000E0,1.35058593750000000E0,2.63671875000000000E-2));
#688=CARTESIAN_POINT('',(-2.69433593750000000E0,1.00585937500000000E0,4.49218750000000000E-2));
#689=B_SPLINE_CURVE_WITH_KNOTS('',5,(#683,#684,#685,#686,#687,#688),.UNSPECIFIED.,.F.,.F.,(6,6),(0.00000000000000000E0,1.00000000000000000E0),.UNSPECIFIED.);
#690=CARTESIAN_POINT('',(-1.54882812500000000E0,2.71386718750000000E0,-2.33398437500000000E-1));
#691=CARTESIAN_POINT('',(-1.90039062500000000E0,2.51171875000000000E0,-2.46093750000000000E-1));
#692=CARTESIAN_POINT('',(-2.25195312500000000E0,2.30957031250000000E0,-2.58789062500000000E-1));
#693=CARTESIAN_POINT('',(-2.66894531250000000E0,1.80859375000000000E0,-2.42187500000000000E-1));
#694=CARTESIAN_POINT('',(-2.80664062500000000E0,1.42773437500000000E0,-2.23632812500000000E-1));
#695=CARTESIAN_POINT('',(-2.94433593750000000E0,1.04687500000000000E0,-2.05078125000000000E-1));
#696=(BOUNDED_CURVE()B_SPLINE_CURVE(5,(#690,#691,#692,#693,#694,#695),.UNSPECIFIED.,.F.,.F.)B_SPLINE_CURVE_WITH_KNOTS((6,6),(0.00000000000000000E0,1.00000000000000000E0),.UNSPECIFIED.)CURVE()GEOMETRIC_REPRESENTATION_ITEM()RATIONAL_B_SPLINE_CURVE((2.00000000000000000E0,2.00000000000000000E0,2.00000000000000000E0,2.00000000000000000E0,2.00000000000000000E0,2.00000000000000000E0))REPRESENTATION_ITEM(''));
#697=CARTESIAN_POINT('',(-2.92871093750000000E0,1.09179687500000000E0,4.49218750000000000E-2));
#698=CARTESIAN_POINT('',(-2.94433593750000000E0,1.04687500000000000E0,-2.05078125000000000E-1));
#699=(BOUNDED_CURVE()B_SPLINE_CURVE(1,(#697,#698),.UNSPECIFIED.,.F.,.F.)B_SPLINE_CURVE_WITH_KNOTS((2,2),(0.00000000000000000E0,1.00000000000000000E0),.UNSPECIFIED.)CURVE()GEOMETRIC_REPRESENTATION_ITEM()RATIONAL_B_SPLINE_CURVE((1.00000000000000000E0,2.00000000000000000E0))REPRESENTATION_ITEM(''));
#700=CARTESIAN_POINT('',(-1.42382812500000000E0,2.49707031250000000E0,-2.33398437500000000E-1));
#701=CARTESIAN_POINT('',(-1.74804687500000000E0,2.31054687500000000E0,-2.46093750000000000E-1));
#702=CARTESIAN_POINT('',(-2.07226562500000000E0,2.12402343750000000E0,-2.58789062500000000E-1));
#703=CARTESIAN_POINT('',(-2.45605468750000000E0,1.66210937500000000E0,-2.42187500000000000E-1));
#704=CARTESIAN_POINT('',(-2.58300781250000000E0,1.31152343750000000E0,-2.23632812500000000E-1));
#705=CARTESIAN_POINT('',(-2.70996093750000000E0,9.60937500000000000E-1,-2.05078125000000000E-1));
#706=(BOUNDED_CURVE()B_SPLINE_CURVE(5,(#700,#701,#702,#703,#704,#705),.UNSPECIFIED.,.F.,.F.)B_SPLINE_CURVE_WITH_KNOTS((6,6),(0.00000000000000000E0,1.00000000000000000E0),.UNSPECIFIED.)CURVE()GEOMETRIC_REPRESENTATION_ITEM()RATIONAL_B_SPLINE_CURVE((2.00000000000000000E0,2.00000000000000000E0,2.00000000000000000E0,2.00000000000000000E0,2.00000000000000000E0,2.00000000000000000E0))REPRESENTATION_ITEM(''));
#707=CARTESIAN_POINT('',(-2.94433593750000000E0,1.04687500000000000E0,-2.05078125000000000E-1));
#708=CARTESIAN_POINT('',(-2.70996093750000000E0,9.60937500000000000E-1,-2.05078125000000000E-1));
#709=(BOUNDED_CURVE()B_SPLINE_CURVE(1,(#707,#708),.UNSPECIFIED.,.F.,.F.)B_SPLINE_CURVE_WITH_KNOTS((2,2),(0.00000000000000000E0,1.00000000000000000E0),.UNSPECIFIED.)CURVE()GEOMETRIC_REPRESENTATION_ITEM()RATIONAL_B_SPLINE_CURVE((1.00000000000000000E0,2.00000000000000000E0))REPRESENTATION_ITEM(''));
#710=CARTESIAN_POINT('',(-2.69433593750000000E0,1.00585937500000000E0,4.49218750000000000E-2));
#711=CARTESIAN_POINT('',(-2.70996093750000000E0,9.60937500000000000E-1,-2.05078125000000000E-1));
#712=(BOUNDED_CURVE()B_SPLINE_CURVE(1,(#710,#711),.UNSPECIFIED.,.F.,.F.)B_SPLINE_CURVE_WITH_KNOTS((2,2),(0.00000000000000000E0,1.00000000000000000E0),.UNSPECIFIED.)CURVE()GEOMETRIC_REPRESENTATION_ITEM()RATIONAL_B_SPLINE_CURVE((2.00000000000000000E0,1.00000000000000000E0))REPRESENTATION_ITEM(''));
#713=CARTESIAN_POINT('',(-2.92871093750000000E0,1.09179687500000000E0,4.49218750000000000E-2));
#714=CARTESIAN_POINT('',(-3.06542968750000000E0,7.16796875000000000E-1,6.34765625000000000E-2));
#715=CARTESIAN_POINT('',(-3.20214843750000000E0,3.41796875000000000E-1,8.20312500000000000E-2));
#716=CARTESIAN_POINT('',(-3.21972656250000000E0,-2.85156250000000000E-1,1.67968750000000000E-1));
#717=CARTESIAN_POINT('',(-3.08203125000000000E0,-6.66015625000000000E-1,1.86523437500000000E-1));
#718=CARTESIAN_POINT('',(-2.94433593750000000E0,-1.04687500000000000E0,2.05078125000000000E-1));
#719=(BOUNDED_CURVE()B_SPLINE_CURVE(5,(#713,#714,#715,#716,#717,#718),.UNSPECIFIED.,.F.,.F.)B_SPLINE_CURVE_WITH_KNOTS((6,6),(0.00000000000000000E0,1.00000000000000000E0),.UNSPECIFIED.)CURVE()GEOMETRIC_REPRESENTATION_ITEM()RATIONAL_B_SPLINE_CURVE((2.00000000000000000E0,2.00000000000000000E0,2.00000000000000000E0,2.00000000000000000E0,2.00000000000000000E0,2.00000000000000000E0))REPRESENTATION_ITEM(''));
#720=CARTESIAN_POINT('',(-2.70996093750000000E0,-9.60937500000000000E-1,2.05078125000000000E-1));
#721=CARTESIAN_POINT('',(-2.94433593750000000E0,-1.04687500000000000E0,2.05078125000000000E-1));
#722=(BOUNDED_CURVE()B_SPLINE_CURVE(1,(#720,#721),.UNSPECIFIED.,.F.,.F.)B_SPLINE_CURVE_WITH_KNOTS((2,2),(0.00000000000000000E0,1.00000000000000000E0),.UNSPECIFIED.)CURVE()GEOMETRIC_REPRESENTATION_ITEM()RATIONAL_B_SPLINE_CURVE((1.00000000000000000E0,2.00000000000000000E0))REPRESENTATION_ITEM(''));
#723=CARTESIAN_POINT('',(-2.69433593750000000E0,1.00585937500000000E0,4.49218750000000000E-2));
#724=CARTESIAN_POINT('',(-2.82031250000000000E0,6.61132812500000000E-1,6.34765625000000000E-2));
#725=CARTESIAN_POINT('',(-2.94628906250000000E0,3.16406250000000000E-1,8.20312500000000000E-2));
#726=CARTESIAN_POINT('',(-2.96386718750000000E0,-2.59765625000000000E-1,1.67968750000000000E-1));
#727=CARTESIAN_POINT('',(-2.83691406250000000E0,-6.10351562500000000E-1,1.86523437500000000E-1));
#728=CARTESIAN_POINT('',(-2.70996093750000000E0,-9.60937500000000000E-1,2.05078125000000000E-1));
#729=B_SPLINE_CURVE_WITH_KNOTS('',5,(#723,#724,#725,#726,#727,#728),.UNSPECIFIED.,.F.,.F.,(6,6),(0.00000000000000000E0,1.00000000000000000E0),.UNSPECIFIED.);
#730=CARTESIAN_POINT('',(-2.94433593750000000E0,1.04687500000000000E0,-2.05078125000000000E-1));
#731=CARTESIAN_POINT('',(-3.08203125000000000E0,6.66015625000000000E-1,-1.86523437500000000E-1));
#732=CARTESIAN_POINT('',(-3.21972656250000000E0,2.85156250000000000E-1,-1.67968750000000000E-1));
#733=CARTESIAN_POINT('',(-3.20214843750000000E0,-3.41796875000000000E-1,-8.20312500000000000E-2));
#734=CARTESIAN_POINT('',(-3.06542968750000000E0,-7.16796875000000000E-1,-6.34765625000000000E-2));
#735=CARTESIAN_POINT('',(-2.92871093750000000E0,-1.09179687500000000E0,-4.49218750000000000E-2));
#736=(BOUNDED_CURVE()B_SPLINE_CURVE(5,(#730,#731,#732,#733,#734,#735),.UNSPECIFIED.,.F.,.F.)B_SPLINE_CURVE_WITH_KNOTS((6,6),(0.00000000000000000E0,1.00000000000000000E0),.UNSPECIFIED.)CURVE()GEOMETRIC_REPRESENTATION_ITEM()RATIONAL_B_SPLINE_CURVE((2.00000000000000000E0,2.00000000000000000E0,2.00000000000000000E0,2.00000000000000000E0,2.00000000000000000E0,2.00000000000000000E0))REPRESENTATION_ITEM(''));
#737=CARTESIAN_POINT('',(-2.94433593750000000E0,-1.04687500000000000E0,2.05078125000000000E-1));
#738=CARTESIAN_POINT('',(-2.92871093750000000E0,-1.09179687500000000E0,-4.49218750000000000E-2));
#739=(BOUNDED_CURVE()B_SPLINE_CURVE(1,(#737,#738),.UNSPECIFIED.,.F.,.F.)B_SPLINE_CURVE_WITH_KNOTS((2,2),(0.00000000000000000E0,1.00000000000000000E0),.UNSPECIFIED.)CURVE()GEOMETRIC_REPRESENTATION_ITEM()RATIONAL_B_SPLINE_CURVE((1.00000000000000000E0,2.00000000000000000E0))REPRESENTATION_ITEM(''));
#740=CARTESIAN_POINT('',(-2.70996093750000000E0,9.60937500000000000E-1,-2.05078125000000000E-1));
#741=CARTESIAN_POINT('',(-2.83691406250000000E0,6.10351562500000000E-1,-1.86523437500000000E-1));
#742=CARTESIAN_POINT('',(-2.96386718750000000E0,2.59765625000000000E-1,-1.67968750000000000E-1));
#743=CARTESIAN_POINT('',(-2.94628906250000000E0,-3.16406250000000000E-1,-8.20312500000000000E-2));
#744=CARTESIAN_POINT('',(-2.82031250000000000E0,-6.61132812500000000E-1,-6.34765625000000000E-2));
#745=CARTESIAN_POINT('',(-2.69433593750000000E0,-1.00585937500000000E0,-4.49218750000000000E-2));
#746=(BOUNDED_CURVE()B_SPLINE_CURVE(5,(#740,#741,#742,#743,#744,#745),.UNSPECIFIED.,.F.,.F.)B_SPLINE_CURVE_WITH_KNOTS((6,6),(0.00000000000000000E0,1.00000000000000000E0),.UNSPECIFIED.)CURVE()GEOMETRIC_REPRESENTATION_ITEM()RATIONAL_B_SPLINE_CURVE((2.00000000000000000E0,2.00000000000000000E0,2.00000000000000000E0,2.00000000000000000E0,2.00000000000000000E0,2.00000000000000000E0))REPRESENTATION_ITEM(''));
#747=CARTESIAN_POINT('',(-2.92871093750000000E0,-1.09179687500000000E0,-4.49218750000000000E-2));
#748=CARTESIAN_POINT('',(-2.69433593750000000E0,-1.00585937500000000E0,-4.49218750000000000E-2));
#749=(BOUNDED_CURVE()B_SPLINE_CURVE(1,(#747,#748),.UNSPECIFIED.,.F.,.F.)B_SPLINE_CURVE_WITH_KNOTS((2,2),(0.00000000000000000E0,1.00000000000000000E0),.UNSPECIFIED.)CURVE()GEOMETRIC_REPRESENTATION_ITEM()RATIONAL_B_SPLINE_CURVE((1.00000000000000000E0,2.00000000000000000E0))REPRESENTATION_ITEM(''));
#750=CARTESIAN_POINT('',(-2.70996093750000000E0,-9.60937500000000000E-1,2.05078125000000000E-1));
#751=CARTESIAN_POINT('',(-2.69433593750000000E0,-1.00585937500000000E0,-4.49218750000000000E-2));
#752=(BOUNDED_CURVE()B_SPLINE_CURVE(1,(#750,#751),.UNSPECIFIED.,.F.,.F.)B_SPLINE_CURVE_WITH_KNOTS((2,2),(0.00000000000000000E0,1.00000000000000000E0),.UNSPECIFIED.)CURVE()GEOMETRIC_REPRESENTATION_ITEM()RATIONAL_B_SPLINE_CURVE((2.00000000000000000E0,1.00000000000000000E0))REPRESENTATION_ITEM(''));
#753=CARTESIAN_POINT('',(-2.94433593750000000E0,-1.04687500000000000E0,2.05078125000000000E-1));
#754=CARTESIAN_POINT('',(-2.80664062500000000E0,-1.42773437500000000E0,2.23632812500000000E-1));
#755=CARTESIAN_POINT('',(-2.66894531250000000E0,-1.80859375000000000E0,2.42187500000000000E-1));
#756=CARTESIAN_POINT('',(-2.25195312500000000E0,-2.30957031250000000E0,2.58789062500000000E-1));
#757=CARTESIAN_POINT('',(-1.90039062500000000E0,-2.51171875000000000E0,2.46093750000000000E-1));
#758=CARTESIAN_POINT('',(-1.54882812500000000E0,-2.71386718750000000E0,2.33398437500000000E-1));
#759=(BOUNDED_CURVE()B_SPLINE_CURVE(5,(#753,#754,#755,#756,#757,#758),.UNSPECIFIED.,.F.,.F.)B_SPLINE_CURVE_WITH_KNOTS((6,6),(0.00000000000000000E0,1.00000000000000000E0),.UNSPECIFIED.)CURVE()GEOMETRIC_REPRESENTATION_ITEM()RATIONAL_B_SPLINE_CURVE((2.00000000000000000E0,2.00000000000000000E0,2.00000000000000000E0,2.00000000000000000E0,2.00000000000000000E0,2.00000000000000000E0))REPRESENTATION_ITEM(''));
#760=CARTESIAN_POINT('',(-1.42382812500000000E0,-2.49707031250000000E0,2.33398437500000000E-1));
#761=CARTESIAN_POINT('',(-1.54882812500000000E0,-2.71386718750000000E0,2.33398437500000000E-1));
#762=(BOUNDED_CURVE()B_SPLINE_CURVE(1,(#760,#761),.UNSPECIFIED.,.F.,.F.)B_SPLINE_CURVE_WITH_KNOTS((2,2),(0.00000000000000000E0,1.00000000000000000E0),.UNSPECIFIED.)CURVE()GEOMETRIC_REPRESENTATION_ITEM()RATIONAL_B_SPLINE_CURVE((1.00000000000000000E0,2.00000000000000000E0))REPRESENTATION_ITEM(''));
#763=CARTESIAN_POINT('',(-2.70996093750000000E0,-9.60937500000000000E-1,2.05078125000000000E-1));
#764=CARTESIAN_POINT('',(-2.58300781250000000E0,-1.31152343750000000E0,2.23632812500000000E-1));
#765=CARTESIAN_POINT('',(-2.45605468750000000E0,-1.66210937500000000E0,2.42187500000000000E-1));
#766=CARTESIAN_POINT('',(-2.07226562500000000E0,-2.12402343750000000E0,2.58789062500000000E-1));
#767=CARTESIAN_POINT('',(-1.74804687500000000E0,-2.31054687500000000E0,2.46093750000000000E-1));
#768=CARTESIAN_POINT('',(-1.42382812500000000E0,-2.49707031250000000E0,2.33398437500000000E-1));
#769=B_SPLINE_CURVE_WITH_KNOTS('',5,(#763,#764,#765,#766,#767,#768),.UNSPECIFIED.,.F.,.F.,(6,6),(0.00000000000000000E0,1.00000000000000000E0),.UNSPECIFIED.);
#770=CARTESIAN_POINT('',(-2.92871093750000000E0,-1.09179687500000000E0,-4.49218750000000000E-2));
#771=CARTESIAN_POINT('',(-2.79199218750000000E0,-1.46679687500000000E0,-2.63671875000000000E-2));
#772=CARTESIAN_POINT('',(-2.65527343750000000E0,-1.84179687500000000E0,-7.81250000000000000E-3));
#773=CARTESIAN_POINT('',(-2.26367187500000000E0,-2.29980468750000000E0,8.78906250000000000E-3));
#774=CARTESIAN_POINT('',(-1.91992187500000000E0,-2.49902343750000000E0,-3.90625000000000000E-3));
#775=CARTESIAN_POINT('',(-1.57617187500000000E0,-2.69824218750000000E0,-1.66015625000000000E-2));
#776=(BOUNDED_CURVE()B_SPLINE_CURVE(5,(#770,#771,#772,#773,#774,#775),.UNSPECIFIED.,.F.,.F.)B_SPLINE_CURVE_WITH_KNOTS((6,6),(0.00000000000000000E0,1.00000000000000000E0),.UNSPECIFIED.)CURVE()GEOMETRIC_REPRESENTATION_ITEM()RATIONAL_B_SPLINE_CURVE((2.00000000000000000E0,2.00000000000000000E0,2.00000000000000000E0,2.00000000000000000E0,2.00000000000000000E0,2.00000000000000000E0))REPRESENTATION_ITEM(''));
#777=CARTESIAN_POINT('',(-1.54882812500000000E0,-2.71386718750000000E0,2.33398437500000000E-1));
#778=CARTESIAN_POINT('',(-1.57617187500000000E0,-2.69824218750000000E0,-1.66015625000000000E-2));
#779=(BOUNDED_CURVE()B_SPLINE_CURVE(1,(#777,#778),.UNSPECIFIED.,.F.,.F.)B_SPLINE_CURVE_WITH_KNOTS((2,2),(0.00000000000000000E0,1.00000000000000000E0),.UNSPECIFIED.)CURVE()GEOMETRIC_REPRESENTATION_ITEM()RATIONAL_B_SPLINE_CURVE((1.00000000000000000E0,2.00000000000000000E0))REPRESENTATION_ITEM(''));
#780=CARTESIAN_POINT('',(-2.69433593750000000E0,-1.00585937500000000E0,-4.49218750000000000E-2));
#781=CARTESIAN_POINT('',(-2.56835937500000000E0,-1.35058593750000000E0,-2.63671875000000000E-2));
#782=CARTESIAN_POINT('',(-2.44238281250000000E0,-1.69531250000000000E0,-7.81250000000000000E-3));
#783=CARTESIAN_POINT('',(-2.08398437500000000E0,-2.11621093750000000E0,8.78906250000000000E-3));
#784=CARTESIAN_POINT('',(-1.76757812500000000E0,-2.29882812500000000E0,-3.90625000000000000E-3));
#785=CARTESIAN_POINT('',(-1.45117187500000000E0,-2.48144531250000000E0,-1.66015625000000000E-2));
#786=(BOUNDED_CURVE()B_SPLINE_CURVE(5,(#780,#781,#782,#783,#784,#785),.UNSPECIFIED.,.F.,.F.)B_SPLINE_CURVE_WITH_KNOTS((6,6),(0.00000000000000000E0,1.00000000000000000E0),.UNSPECIFIED.)CURVE()GEOMETRIC_REPRESENTATION_ITEM()RATIONAL_B_SPLINE_CURVE((2.00000000000000000E0,2.00000000000000000E0,2.00000000000000000E0,2.00000000000000000E0,2.00000000000000000E0,2.00000000000000000E0))REPRESENTATION_ITEM(''));
#787=CARTESIAN_POINT('',(-1.57617187500000000E0,-2.69824218750000000E0,-1.66015625000000000E-2));
#788=CARTESIAN_POINT('',(-1.45117187500000000E0,-2.48144531250000000E0,-1.66015625000000000E-2));
#789=(BOUNDED_CURVE()B_SPLINE_CURVE(1,(#787,#788),.UNSPECIFIED.,.F.,.F.)B_SPLINE_CURVE_WITH_KNOTS((2,2),(0.00000000000000000E0,1.00000000000000000E0),.UNSPECIFIED.)CURVE()GEOMETRIC_REPRESENTATION_ITEM()RATIONAL_B_SPLINE_CURVE((1.00000000000000000E0,2.00000000000000000E0))REPRESENTATION_ITEM(''));
#790=CARTESIAN_POINT('',(-1.42382812500000000E0,-2.49707031250000000E0,2.33398437500000000E-1));
#791=CARTESIAN_POINT('',(-1.45117187500000000E0,-2.48144531250000000E0,-1.66015625000000000E-2));
#792=(BOUNDED_CURVE()B_SPLINE_CURVE(1,(#790,#791),.UNSPECIFIED.,.F.,.F.)B_SPLINE_CURVE_WITH_KNOTS((2,2),(0.00000000000000000E0,1.00000000000000000E0),.UNSPECIFIED.)CURVE()GEOMETRIC_REPRESENTATION_ITEM()RATIONAL_B_SPLINE_CURVE((2.00000000000000000E0,1.00000000000000000E0))REPRESENTATION_ITEM(''));
#793=CARTESIAN_POINT('',(-1.54882812500000000E0,-2.71386718750000000E0,2.33398437500000000E-1));
#794=CARTESIAN_POINT('',(-1.19726562500000000E0,-2.91601562500000000E0,2.20703125000000000E-1));
#795=CARTESIAN_POINT('',(-8.45703125000000000E-1,-3.11816406250000000E0,2.08007812500000000E-1));
#796=CARTESIAN_POINT('',(-2.15820312500000000E-1,-3.21289062500000000E0,1.28906250000000000E-1));
#797=CARTESIAN_POINT('',(1.77734375000000000E-1,-3.14257812500000000E0,1.05468750000000000E-1));
#798=CARTESIAN_POINT('',(5.71289062500000000E-1,-3.07226562500000000E0,8.20312500000000000E-2));
#799=(BOUNDED_CURVE()B_SPLINE_CURVE(5,(#793,#794,#795,#796,#797,#798),.UNSPECIFIED.,.F.,.F.)B_SPLINE_CURVE_WITH_KNOTS((6,6),(0.00000000000000000E0,1.00000000000000000E0),.UNSPECIFIED.)CURVE()GEOMETRIC_REPRESENTATION_ITEM()RATIONAL_B_SPLINE_CURVE((2.00000000000000000E0,2.00000000000000000E0,2.00000000000000000E0,2.00000000000000000E0,2.00000000000000000E0,2.00000000000000000E0))REPRESENTATION_ITEM(''));
#800=CARTESIAN_POINT('',(5.28320312500000000E-1,-2.82617187500000000E0,8.20312500000000000E-2));
#801=CARTESIAN_POINT('',(5.71289062500000000E-1,-3.07226562500000000E0,8.20312500000000000E-2));
#802=(BOUNDED_CURVE()B_SPLINE_CURVE(1,(#800,#801),.UNSPECIFIED.,.F.,.F.)B_SPLINE_CURVE_WITH_KNOTS((2,2),(0.00000000000000000E0,1.00000000000000000E0),.UNSPECIFIED.)CURVE()GEOMETRIC_REPRESENTATION_ITEM()RATIONAL_B_SPLINE_CURVE((1.00000000000000000E0,2.00000000000000000E0))REPRESENTATION_ITEM(''));
#803=CARTESIAN_POINT('',(-1.42382812500000000E0,-2.49707031250000000E0,2.33398437500000000E-1));
#804=CARTESIAN_POINT('',(-1.09960937500000000E0,-2.68359375000000000E0,2.20703125000000000E-1));
#805=CARTESIAN_POINT('',(-7.75390625000000000E-1,-2.87011718750000000E0,2.08007812500000000E-1));
#806=CARTESIAN_POINT('',(-1.96289062500000000E-1,-2.95507812500000000E0,1.28906250000000000E-1));
#807=CARTESIAN_POINT('',(1.66015625000000000E-1,-2.89062500000000000E0,1.05468750000000000E-1));
#808=CARTESIAN_POINT('',(5.28320312500000000E-1,-2.82617187500000000E0,8.20312500000000000E-2));
#809=B_SPLINE_CURVE_WITH_KNOTS('',5,(#803,#804,#805,#806,#807,#808),.UNSPECIFIED.,.F.,.F.,(6,6),(0.00000000000000000E0,1.00000000000000000E0),.UNSPECIFIED.);
#810=CARTESIAN_POINT('',(-1.57617187500000000E0,-2.69824218750000000E0,-1.66015625000000000E-2));
#811=CARTESIAN_POINT('',(-1.23242187500000000E0,-2.89746093750000000E0,-2.92968750000000000E-2));
#812=CARTESIAN_POINT('',(-8.88671875000000000E-1,-3.09667968750000000E0,-4.19921875000000000E-2));
#813=CARTESIAN_POINT('',(-2.82226562500000000E-1,-3.22070312500000000E0,-1.21093750000000000E-1));
#814=CARTESIAN_POINT('',(1.15234375000000000E-1,-3.15136718750000000E0,-1.44531250000000000E-1));
#815=CARTESIAN_POINT('',(5.12695312500000000E-1,-3.08203125000000000E0,-1.67968750000000000E-1));
#816=(BOUNDED_CURVE()B_SPLINE_CURVE(5,(#810,#811,#812,#813,#814,#815),.UNSPECIFIED.,.F.,.F.)B_SPLINE_CURVE_WITH_KNOTS((6,6),(0.00000000000000000E0,1.00000000000000000E0),.UNSPECIFIED.)CURVE()GEOMETRIC_REPRESENTATION_ITEM()RATIONAL_B_SPLINE_CURVE((2.00000000000000000E0,2.00000000000000000E0,2.00000000000000000E0,2.00000000000000000E0,2.00000000000000000E0,2.00000000000000000E0))REPRESENTATION_ITEM(''));
#817=CARTESIAN_POINT('',(5.71289062500000000E-1,-3.07226562500000000E0,8.20312500000000000E-2));
#818=CARTESIAN_POINT('',(5.12695312500000000E-1,-3.08203125000000000E0,-1.67968750000000000E-1));
#819=(BOUNDED_CURVE()B_SPLINE_CURVE(1,(#817,#818),.UNSPECIFIED.,.F.,.F.)B_SPLINE_CURVE_WITH_KNOTS((2,2),(0.00000000000000000E0,1.00000000000000000E0),.UNSPECIFIED.)CURVE()GEOMETRIC_REPRESENTATION_ITEM()RATIONAL_B_SPLINE_CURVE((1.00000000000000000E0,2.00000000000000000E0))REPRESENTATION_ITEM(''));
#820=CARTESIAN_POINT('',(-1.45117187500000000E0,-2.48144531250000000E0,-1.66015625000000000E-2));
#821=CARTESIAN_POINT('',(-1.13476562500000000E0,-2.66406250000000000E0,-2.92968750000000000E-2));
#822=CARTESIAN_POINT('',(-8.18359375000000000E-1,-2.84667968750000000E0,-4.19921875000000000E-2));
#823=CARTESIAN_POINT('',(-2.62695312500000000E-1,-2.96289062500000000E0,-1.21093750000000000E-1));
#824=CARTESIAN_POINT('',(1.03515625000000000E-1,-2.89941406250000000E0,-1.44531250000000000E-1));
#825=CARTESIAN_POINT('',(4.69726562500000000E-1,-2.83593750000000000E0,-1.67968750000000000E-1));
#826=(BOUNDED_CURVE()B_SPLINE_CURVE(5,(#820,#821,#822,#823,#824,#825),.UNSPECIFIED.,.F.,.F.)B_SPLINE_CURVE_WITH_KNOTS((6,6),(0.00000000000000000E0,1.00000000000000000E0),.UNSPECIFIED.)CURVE()GEOMETRIC_REPRESENTATION_ITEM()RATIONAL_B_SPLINE_CURVE((2.00000000000000000E0,2.00000000000000000E0,2.00000000000000000E0,2.00000000000000000E0,2.00000000000000000E0,2.00000000000000000E0))REPRESENTATION_ITEM(''));
#827=CARTESIAN_POINT('',(5.12695312500000000E-1,-3.08203125000000000E0,-1.67968750000000000E-1));
#828=CARTESIAN_POINT('',(4.69726562500000000E-1,-2.83593750000000000E0,-1.67968750000000000E-1));
#829=(BOUNDED_CURVE()B_SPLINE_CURVE(1,(#827,#828),.UNSPECIFIED.,.F.,.F.)B_SPLINE_CURVE_WITH_KNOTS((2,2),(0.00000000000000000E0,1.00000000000000000E0),.UNSPECIFIED.)CURVE()GEOMETRIC_REPRESENTATION_ITEM()RATIONAL_B_SPLINE_CURVE((1.00000000000000000E0,2.00000000000000000E0))REPRESENTATION_ITEM(''));
#830=CARTESIAN_POINT('',(5.28320312500000000E-1,-2.82617187500000000E0,8.20312500000000000E-2));
#831=CARTESIAN_POINT('',(4.69726562500000000E-1,-2.83593750000000000E0,-1.67968750000000000E-1));
#832=(BOUNDED_CURVE()B_SPLINE_CURVE(1,(#830,#831),.UNSPECIFIED.,.F.,.F.)B_SPLINE_CURVE_WITH_KNOTS((2,2),(0.00000000000000000E0,1.00000000000000000E0),.UNSPECIFIED.)CURVE()GEOMETRIC_REPRESENTATION_ITEM()RATIONAL_B_SPLINE_CURVE((2.00000000000000000E0,1.00000000000000000E0))REPRESENTATION_ITEM(''));
#833=CARTESIAN_POINT('',(5.71289062500000000E-1,-3.07226562500000000E0,8.20312500000000000E-2));
#834=CARTESIAN_POINT('',(9.64843750000000000E-1,-3.00195312500000000E0,5.85937500000000000E-2));
#835=CARTESIAN_POINT('',(1.35839843750000000E0,-2.93164062500000000E0,3.51562500000000000E-2));
#836=CARTESIAN_POINT('',(1.87792968750000000E0,-2.62011718750000000E0,-5.85937500000000000E-3));
#837=CARTESIAN_POINT('',(2.13378906250000000E0,-2.31640625000000000E0,-1.95312500000000000E-3));
#838=CARTESIAN_POINT('',(2.38964843750000000E0,-2.01269531250000000E0,1.95312500000000000E-3));
#839=(BOUNDED_CURVE()B_SPLINE_CURVE(5,(#833,#834,#835,#836,#837,#838),.UNSPECIFIED.,.F.,.F.)B_SPLINE_CURVE_WITH_KNOTS((6,6),(0.00000000000000000E0,1.00000000000000000E0),.UNSPECIFIED.)CURVE()GEOMETRIC_REPRESENTATION_ITEM()RATIONAL_B_SPLINE_CURVE((2.00000000000000000E0,2.00000000000000000E0,2.00000000000000000E0,2.00000000000000000E0,2.00000000000000000E0,2.00000000000000000E0))REPRESENTATION_ITEM(''));
#840=CARTESIAN_POINT('',(2.19824218750000000E0,-1.85253906250000000E0,1.95312500000000000E-3));
#841=CARTESIAN_POINT('',(2.38964843750000000E0,-2.01269531250000000E0,1.95312500000000000E-3));
#842=(BOUNDED_CURVE()B_SPLINE_CURVE(1,(#840,#841),.UNSPECIFIED.,.F.,.F.)B_SPLINE_CURVE_WITH_KNOTS((2,2),(0.00000000000000000E0,1.00000000000000000E0),.UNSPECIFIED.)CURVE()GEOMETRIC_REPRESENTATION_ITEM()RATIONAL_B_SPLINE_CURVE((1.00000000000000000E0,2.00000000000000000E0))REPRESENTATION_ITEM(''));
#843=CARTESIAN_POINT('',(5.28320312500000000E-1,-2.82617187500000000E0,8.20312500000000000E-2));
#844=CARTESIAN_POINT('',(8.90625000000000000E-1,-2.76171875000000000E0,5.85937500000000000E-2));
#845=CARTESIAN_POINT('',(1.25292968750000000E0,-2.69726562500000000E0,3.51562500000000000E-2));
#846=CARTESIAN_POINT('',(1.72949218750000000E0,-2.41113281250000000E0,-5.85937500000000000E-3));
#847=CARTESIAN_POINT('',(1.96386718750000000E0,-2.13183593750000000E0,-1.95312500000000000E-3));
#848=CARTESIAN_POINT('',(2.19824218750000000E0,-1.85253906250000000E0,1.95312500000000000E-3));
#849=B_SPLINE_CURVE_WITH_KNOTS('',5,(#843,#844,#845,#846,#847,#848),.UNSPECIFIED.,.F.,.F.,(6,6),(0.00000000000000000E0,1.00000000000000000E0),.UNSPECIFIED.);
#850=CARTESIAN_POINT('',(5.12695312500000000E-1,-3.08203125000000000E0,-1.67968750000000000E-1));
#851=CARTESIAN_POINT('',(9.10156250000000000E-1,-3.01269531250000000E0,-1.91406250000000000E-1));
#852=CARTESIAN_POINT('',(1.30761718750000000E0,-2.94335937500000000E0,-2.14843750000000000E-1));
#853=CARTESIAN_POINT('',(1.87402343750000000E0,-2.62792968750000000E0,-2.55859375000000000E-1));
#854=CARTESIAN_POINT('',(2.13574218750000000E0,-2.31640625000000000E0,-2.51953125000000000E-1));
#855=CARTESIAN_POINT('',(2.39746093750000000E0,-2.00488281250000000E0,-2.48046875000000000E-1));
#856=(BOUNDED_CURVE()B_SPLINE_CURVE(5,(#850,#851,#852,#853,#854,#855),.UNSPECIFIED.,.F.,.F.)B_SPLINE_CURVE_WITH_KNOTS((6,6),(0.00000000000000000E0,1.00000000000000000E0),.UNSPECIFIED.)CURVE()GEOMETRIC_REPRESENTATION_ITEM()RATIONAL_B_SPLINE_CURVE((2.00000000000000000E0,2.00000000000000000E0,2.00000000000000000E0,2.00000000000000000E0,2.00000000000000000E0,2.00000000000000000E0))REPRESENTATION_ITEM(''));
#857=CARTESIAN_POINT('',(2.38964843750000000E0,-2.01269531250000000E0,1.95312500000000000E-3));
#858=CARTESIAN_POINT('',(2.39746093750000000E0,-2.00488281250000000E0,-2.48046875000000000E-1));
#859=(BOUNDED_CURVE()B_SPLINE_CURVE(1,(#857,#858),.UNSPECIFIED.,.F.,.F.)B_SPLINE_CURVE_WITH_KNOTS((2,2),(0.00000000000000000E0,1.00000000000000000E0),.UNSPECIFIED.)CURVE()GEOMETRIC_REPRESENTATION_ITEM()RATIONAL_B_SPLINE_CURVE((1.00000000000000000E0,2.00000000000000000E0))REPRESENTATION_ITEM(''));
#860=CARTESIAN_POINT('',(4.69726562500000000E-1,-2.83593750000000000E0,-1.67968750000000000E-1));
#861=CARTESIAN_POINT('',(8.35937500000000000E-1,-2.77246093750000000E0,-1.91406250000000000E-1));
#862=CARTESIAN_POINT('',(1.20214843750000000E0,-2.70898437500000000E0,-2.14843750000000000E-1));
#863=CARTESIAN_POINT('',(1.72558593750000000E0,-2.41894531250000000E0,-2.55859375000000000E-1));
#864=CARTESIAN_POINT('',(1.96582031250000000E0,-2.13183593750000000E0,-2.51953125000000000E-1));
#865=CARTESIAN_POINT('',(2.20605468750000000E0,-1.84472656250000000E0,-2.48046875000000000E-1));
#866=(BOUNDED_CURVE()B_SPLINE_CURVE(5,(#860,#861,#862,#863,#864,#865),.UNSPECIFIED.,.F.,.F.)B_SPLINE_CURVE_WITH_KNOTS((6,6),(0.00000000000000000E0,1.00000000000000000E0),.UNSPECIFIED.)CURVE()GEOMETRIC_REPRESENTATION_ITEM()RATIONAL_B_SPLINE_CURVE((2.00000000000000000E0,2.00000000000000000E0,2.00000000000000000E0,2.00000000000000000E0,2.00000000000000000E0,2.00000000000000000E0))REPRESENTATION_ITEM(''));
#867=CARTESIAN_POINT('',(2.39746093750000000E0,-2.00488281250000000E0,-2.48046875000000000E-1));
#868=CARTESIAN_POINT('',(2.20605468750000000E0,-1.84472656250000000E0,-2.48046875000000000E-1));
#869=(BOUNDED_CURVE()B_SPLINE_CURVE(1,(#867,#868),.UNSPECIFIED.,.F.,.F.)B_SPLINE_CURVE_WITH_KNOTS((2,2),(0.00000000000000000E0,1.00000000000000000E0),.UNSPECIFIED.)CURVE()GEOMETRIC_REPRESENTATION_ITEM()RATIONAL_B_SPLINE_CURVE((1.00000000000000000E0,2.00000000000000000E0))REPRESENTATION_ITEM(''));
#870=CARTESIAN_POINT('',(2.19824218750000000E0,-1.85253906250000000E0,1.95312500000000000E-3));
#871=CARTESIAN_POINT('',(2.20605468750000000E0,-1.84472656250000000E0,-2.48046875000000000E-1));
#872=(BOUNDED_CURVE()B_SPLINE_CURVE(1,(#870,#871),.UNSPECIFIED.,.F.,.F.)B_SPLINE_CURVE_WITH_KNOTS((2,2),(0.00000000000000000E0,1.00000000000000000E0),.UNSPECIFIED.)CURVE()GEOMETRIC_REPRESENTATION_ITEM()RATIONAL_B_SPLINE_CURVE((2.00000000000000000E0,1.00000000000000000E0))REPRESENTATION_ITEM(''));
#873=CARTESIAN_POINT('',(3.12500000000000000E0,-3.12500000000000000E-2,1.25000000000000000E-1));
#874=CARTESIAN_POINT('',(3.12402343750000000E0,-4.32617187500000000E-1,1.00585937500000000E-1));
#875=CARTESIAN_POINT('',(3.12304687500000000E0,-8.33984375000000000E-1,7.61718750000000000E-2));
#876=CARTESIAN_POINT('',(2.90136718750000000E0,-1.40527343750000000E0,9.76562500000000000E-3));
#877=CARTESIAN_POINT('',(2.64550781250000000E0,-1.70898437500000000E0,5.85937500000000000E-3));
#878=CARTESIAN_POINT('',(2.38964843750000000E0,-2.01269531250000000E0,1.95312500000000000E-3));
#879=(BOUNDED_CURVE()B_SPLINE_CURVE(5,(#873,#874,#875,#876,#877,#878),.UNSPECIFIED.,.F.,.F.)B_SPLINE_CURVE_WITH_KNOTS((6,6),(0.00000000000000000E0,1.00000000000000000E0),.UNSPECIFIED.)CURVE()GEOMETRIC_REPRESENTATION_ITEM()RATIONAL_B_SPLINE_CURVE((2.00000000000000000E0,2.00000000000000000E0,2.00000000000000000E0,2.00000000000000000E0,2.00000000000000000E0,2.00000000000000000E0))REPRESENTATION_ITEM(''));
#880=CARTESIAN_POINT('',(2.87500000000000000E0,-3.12500000000000000E-2,1.25000000000000000E-1));
#881=CARTESIAN_POINT('',(2.87402343750000000E0,-4.01367187500000000E-1,1.00585937500000000E-1));
#882=CARTESIAN_POINT('',(2.87304687500000000E0,-7.71484375000000000E-1,7.61718750000000000E-2));
#883=CARTESIAN_POINT('',(2.66699218750000000E0,-1.29394531250000000E0,9.76562500000000000E-3));
#884=CARTESIAN_POINT('',(2.43261718750000000E0,-1.57324218750000000E0,5.85937500000000000E-3));
#885=CARTESIAN_POINT('',(2.19824218750000000E0,-1.85253906250000000E0,1.95312500000000000E-3));
#886=B_SPLINE_CURVE_WITH_KNOTS('',5,(#880,#881,#882,#883,#884,#885),.UNSPECIFIED.,.F.,.F.,(6,6),(0.00000000000000000E0,1.00000000000000000E0),.UNSPECIFIED.);
#887=CARTESIAN_POINT('',(3.12500000000000000E0,3.12500000000000000E-2,-1.25000000000000000E-1));
#888=CARTESIAN_POINT('',(3.12597656250000000E0,-3.70117187500000000E-1,-1.49414062500000000E-1));
#889=CARTESIAN_POINT('',(3.12695312500000000E0,-7.71484375000000000E-1,-1.73828125000000000E-1));
#890=CARTESIAN_POINT('',(2.92089843750000000E0,-1.38183593750000000E0,-2.40234375000000000E-1));
#891=CARTESIAN_POINT('',(2.65917968750000000E0,-1.69335937500000000E0,-2.44140625000000000E-1));
#892=CARTESIAN_POINT('',(2.39746093750000000E0,-2.00488281250000000E0,-2.48046875000000000E-1));
#893=(BOUNDED_CURVE()B_SPLINE_CURVE(5,(#887,#888,#889,#890,#891,#892),.UNSPECIFIED.,.F.,.F.)B_SPLINE_CURVE_WITH_KNOTS((6,6),(0.00000000000000000E0,1.00000000000000000E0),.UNSPECIFIED.)CURVE()GEOMETRIC_REPRESENTATION_ITEM()RATIONAL_B_SPLINE_CURVE((2.00000000000000000E0,2.00000000000000000E0,2.00000000000000000E0,2.00000000000000000E0,2.00000000000000000E0,2.00000000000000000E0))REPRESENTATION_ITEM(''));
#894=CARTESIAN_POINT('',(2.87500000000000000E0,3.12500000000000000E-2,-1.25000000000000000E-1));
#895=CARTESIAN_POINT('',(2.87597656250000000E0,-3.38867187500000000E-1,-1.49414062500000000E-1));
#896=CARTESIAN_POINT('',(2.87695312500000000E0,-7.08984375000000000E-1,-1.73828125000000000E-1));
#897=CARTESIAN_POINT('',(2.68652343750000000E0,-1.27050781250000000E0,-2.40234375000000000E-1));
#898=CARTESIAN_POINT('',(2.44628906250000000E0,-1.55761718750000000E0,-2.44140625000000000E-1));
#899=CARTESIAN_POINT('',(2.20605468750000000E0,-1.84472656250000000E0,-2.48046875000000000E-1));
#900=(BOUNDED_CURVE()B_SPLINE_CURVE(5,(#894,#895,#896,#897,#898,#899),.UNSPECIFIED.,.F.,.F.)B_SPLINE_CURVE_WITH_KNOTS((6,6),(0.00000000000000000E0,1.00000000000000000E0),.UNSPECIFIED.)CURVE()GEOMETRIC_REPRESENTATION_ITEM()RATIONAL_B_SPLINE_CURVE((2.00000000000000000E0,2.00000000000000000E0,2.00000000000000000E0,2.00000000000000000E0,2.00000000000000000E0,2.00000000000000000E0))REPRESENTATION_ITEM(''));
#901=(GEOMETRIC_REPRESENTATION_CONTEXT(2)REPRESENTATION_CONTEXT('','2D'));
#902=CARTESIAN_POINT('',(0.00000000000000000E0,0.00000000000000000E0));
#903=CARTESIAN_POINT('',(1.00000000000000000E0,0.00000000000000000E0));
#904=B_SPLINE_CURVE_WITH_KNOTS('',1,(#902,#903),.UNSPECIFIED.,.F.,.F.,(2,2),(0.00000000000000000E0,1.00000000000000000E0),.UNSPECIFIED.);
#905=DEFINITIONAL_REPRESENTATION('',(#904),#901);
#906=PCURVE('',#85,#905);
#907=CARTESIAN_POINT('',(1.00000000000000000E0,0.00000000000000000E0));
#908=CARTESIAN_POINT('',(1.00000000000000000E0,1.00000000000000000E0));
#909=B_SPLINE_CURVE_WITH_KNOTS('',1,(#907,#908),.UNSPECIFIED.,.F.,.F.,(2,2),(0.00000000000000000E0,1.00000000000000000E0),.UNSPECIFIED.);
#910=DEFINITIONAL_REPRESENTATION('',(#909),#901);
#911=PCURVE('',#85,#910);
#912=CARTESIAN_POINT('',(1.00000000000000000E0,1.00000000000000000E0));
#913=CARTESIAN_POINT('',(0.00000000000000000E0,1.00000000000000000E0));
#914=B_SPLINE_CURVE_WITH_KNOTS('',1,(#912,#913),.UNSPECIFIED.,.F.,.F.,(2,2),(0.00000000000000000E0,1.00000000000000000E0),.UNSPECIFIED.);
#915=DEFINITIONAL_REPRESENTATION('',(#914),#901);
#916=PCURVE('',#85,#915);
#917=CARTESIAN_POINT('',(0.00000000000000000E0,1.00000000000000000E0));
#918=CARTESIAN_POINT('',(0.00000000000000000E0,0.00000000000000000E0));
#919=B_SPLINE_CURVE_WITH_KNOTS('',1,(#917,#918),.UNSPECIFIED.,.F.,.F.,(2,2),(0.00000000000000000E0,1.00000000000000000E0),.UNSPECIFIED.);
#920=DEFINITIONAL_REPRESENTATION('',(#919),#901);
#921=PCURVE('',#85,#920);
#922=CARTESIAN_POINT('',(0.00000000000000000E0,0.00000000000000000E0));
#923=CARTESIAN_POINT('',(1.00000000000000000E0,0.00000000000000000E0));
#924=B_SPLINE_CURVE_WITH_KNOTS('',1,(#922,#923),.UNSPECIFIED.,.F.,.F.,(2,2),(0.00000000000000000E0,1.00000000000000000E0),.UNSPECIFIED.);
#925=DEFINITIONAL_REPRESENTATION('',(#924),#901);
#926=PCURVE('',#98,#925);
#927=CARTESIAN_POINT('',(1.00000000000000000E0,0.00000000000000000E0));
#928=CARTESIAN_POINT('',(1.00000000000000000E0,1.00000000000000000E0));
#929=B_SPLINE_CURVE_WITH_KNOTS('',1,(#927,#928),.UNSPECIFIED.,.F.,.F.,(2,2),(0.00000000000000000E0,1.00000000000000000E0),.UNSPECIFIED.);
#930=DEFINITIONAL_REPRESENTATION('',(#929),#901);
#931=PCURVE('',#98,#930);
#932=CARTESIAN_POINT('',(1.00000000000000000E0,1.00000000000000000E0));
#933=CARTESIAN_POINT('',(0.00000000000000000E0,1.00000000000000000E0));
#934=B_SPLINE_CURVE_WITH_KNOTS('',1,(#932,#933),.UNSPECIFIED.,.F.,.F.,(2,2),(0.00000000000000000E0,1.00000000000000000E0),.UNSPECIFIED.);
#935=DEFINITIONAL_REPRESENTATION('',(#934),#901);
#936=PCURVE('',#98,#935);
#937=CARTESIAN_POINT('',(0.00000000000000000E0,1.00000000000000000E0));
#938=CARTESIAN_POINT('',(0.00000000000000000E0,0.00000000000000000E0));
#939=B_SPLINE_CURVE_WITH_KNOTS('',1,(#937,#938),.UNSPECIFIED.,.F.,.F.,(2,2),(0.00000000000000000E0,1.00000000000000000E0),.UNSPECIFIED.);
#940=DEFINITIONAL_REPRESENTATION('',(#939),#901);
#941=PCURVE('',#98,#940);
#942=CARTESIAN_POINT('',(0.00000000000000000E0,0.00000000000000000E0));
#943=CARTESIAN_POINT('',(1.00000000000000000E0,0.00000000000000000E0));
#944=B_SPLINE_CURVE_WITH_KNOTS('',1,(#942,#943),.UNSPECIFIED.,.F.,.F.,(2,2),(0.00000000000000000E0,1.00000000000000000E0),.UNSPECIFIED.);
#945=DEFINITIONAL_REPRESENTATION('',(#944),#901);
#946=PCURVE('',#111,#945);
#947=CARTESIAN_POINT('',(1.00000000000000000E0,0.00000000000000000E0));
#948=CARTESIAN_POINT('',(1.00000000000000000E0,1.00000000000000000E0));
#949=B_SPLINE_CURVE_WITH_KNOTS('',1,(#947,#948),.UNSPECIFIED.,.F.,.F.,(2,2),(0.00000000000000000E0,1.00000000000000000E0),.UNSPECIFIED.);
#950=DEFINITIONAL_REPRESENTATION('',(#949),#901);
#951=PCURVE('',#111,#950);
#952=CARTESIAN_POINT('',(1.00000000000000000E0,1.00000000000000000E0));
#953=CARTESIAN_POINT('',(0.00000000000000000E0,1.00000000000000000E0));
#954=B_SPLINE_CURVE_WITH_KNOTS('',1,(#952,#953),.UNSPECIFIED.,.F.,.F.,(2,2),(0.00000000000000000E0,1.00000000000000000E0),.UNSPECIFIED.);
#955=DEFINITIONAL_REPRESENTATION('',(#954),#901);
#956=PCURVE('',#111,#955);
#957=CARTESIAN_POINT('',(0.00000000000000000E0,1.00000000000000000E0));
#958=CARTESIAN_POINT('',(0.00000000000000000E0,0.00000000000000000E0));
#959=B_SPLINE_CURVE_WITH_KNOTS('',1,(#957,#958),.UNSPECIFIED.,.F.,.F.,(2,2),(0.00000000000000000E0,1.00000000000000000E0),.UNSPECIFIED.);
#960=DEFINITIONAL_REPRESENTATION('',(#959),#901);
#961=PCURVE('',#111,#960);
#962=CARTESIAN_POINT('',(0.00000000000000000E0,0.00000000000000000E0));
#963=CARTESIAN_POINT('',(1.00000000000000000E0,0.00000000000000000E0));
#964=B_SPLINE_CURVE_WITH_KNOTS('',1,(#962,#963),.UNSPECIFIED.,.F.,.F.,(2,2),(0.00000000000000000E0,1.00000000000000000E0),.UNSPECIFIED.);
#965=DEFINITIONAL_REPRESENTATION('',(#964),#901);
#966=PCURVE('',#124,#965);
#967=CARTESIAN_POINT('',(1.00000000000000000E0,0.00000000000000000E0));
#968=CARTESIAN_POINT('',(1.00000000000000000E0,1.00000000000000000E0));
#969=B_SPLINE_CURVE_WITH_KNOTS('',1,(#967,#968),.UNSPECIFIED.,.F.,.F.,(2,2),(0.00000000000000000E0,1.00000000000000000E0),.UNSPECIFIED.);
#970=DEFINITIONAL_REPRESENTATION('',(#969),#901);
#971=PCURVE('',#124,#970);
#972=CARTESIAN_POINT('',(1.00000000000000000E0,1.00000000000000000E0));
#973=CARTESIAN_POINT('',(0.00000000000000000E0,1.00000000000000000E0));
#974=B_SPLINE_CURVE_WITH_KNOTS('',1,(#972,#973),.UNSPECIFIED.,.F.,.F.,(2,2),(0.00000000000000000E0,1.00000000000000000E0),.UNSPECIFIED.);
#975=DEFINITIONAL_REPRESENTATION('',(#974),#901);
#976=PCURVE('',#124,#975);
#977=CARTESIAN_POINT('',(0.00000000000000000E0,1.00000000000000000E0));
#978=CARTESIAN_POINT('',(0.00000000000000000E0,0.00000000000000000E0));
#979=B_SPLINE_CURVE_WITH_KNOTS('',1,(#977,#978),.UNSPECIFIED.,.F.,.F.,(2,2),(0.00000000000000000E0,1.00000000000000000E0),.UNSPECIFIED.);
#980=DEFINITIONAL_REPRESENTATION('',(#979),#901);
#981=PCURVE('',#124,#980);
#982=CARTESIAN_POINT('',(0.00000000000000000E0,0.00000000000000000E0));
#983=CARTESIAN_POINT('',(1.00000000000000000E0,0.00000000000000000E0));
#984=B_SPLINE_CURVE_WITH_KNOTS('',1,(#982,#983),.UNSPECIFIED.,.F.,.F.,(2,2),(0.00000000000000000E0,1.00000000000000000E0),.UNSPECIFIED.);
#985=DEFINITIONAL_REPRESENTATION('',(#984),#901);
#986=PCURVE('',#137,#985);
#987=CARTESIAN_POINT('',(1.00000000000000000E0,0.00000000000000000E0));
#988=CARTESIAN_POINT('',(1.00000000000000000E0,1.00000000000000000E0));
#989=B_SPLINE_CURVE_WITH_KNOTS('',1,(#987,#988),.UNSPECIFIED.,.F.,.F.,(2,2),(0.00000000000000000E0,1.00000000000000000E0),.UNSPECIFIED.);
#990=DEFINITIONAL_REPRESENTATION('',(#989),#901);
#991=PCURVE('',#137,#990);
#992=CARTESIAN_POINT('',(1.00000000000000000E0,1.00000000000000000E0));
#993=CARTESIAN_POINT('',(0.00000000000000000E0,1.00000000000000000E0));
#994=B_SPLINE_CURVE_WITH_KNOTS('',1,(#992,#993),.UNSPECIFIED.,.F.,.F.,(2,2),(0.00000000000000000E0,1.00000000000000000E0),.UNSPECIFIED.);
#995=DEFINITIONAL_REPRESENTATION('',(#994),#901);
#996=PCURVE('',#137,#995);
#997=CARTESIAN_POINT('',(0.00000000000000000E0,1.00000000000000000E0));
#998=CARTESIAN_POINT('',(0.00000000000000000E0,0.00000000000000000E0));
#999=B_SPLINE_CURVE_WITH_KNOTS('',1,(#997,#998),.UNSPECIFIED.,.F.,.F.,(2,2),(0.00000000000000000E0,1.00000000000000000E0),.UNSPECIFIED.);
#1000=DEFINITIONAL_REPRESENTATION('',(#999),#901);
#1001=PCURVE('',#137,#1000);
#1002=CARTESIAN_POINT('',(0.00000000000000000E0,0.00000000000000000E0));
#1003=CARTESIAN_POINT('',(1.00000000000000000E0,0.00000000000000000E0));
#1004=B_SPLINE_CURVE_WITH_KNOTS('',1,(#1002,#1003),.UNSPECIFIED.,.F.,.F.,(2,2),(0.00000000000000000E0,1.00000000000000000E0),.UNSPECIFIED.);
#1005=DEFINITIONAL_REPRESENTATION('',(#1004),#901);
#1006=PCURVE('',#150,#1005);
#1007=CARTESIAN_POINT('',(1.00000000000000000E0,0.00000000000000000E0));
#1008=CARTESIAN_POINT('',(1.00000000000000000E0,1.00000000000000000E0));
#1009=B_SPLINE_CURVE_WITH_KNOTS('',1,(#1007,#1008),.UNSPECIFIED.,.F.,.F.,(2,2),(0.00000000000000000E0,1.00000000000000000E0),.UNSPECIFIED.);
#1010=DEFINITIONAL_REPRESENTATION('',(#1009),#901);
#1011=PCURVE('',#150,#1010);
#1012=CARTESIAN_POINT('',(1.00000000000000000E0,1.00000000000000000E0));
#1013=CARTESIAN_POINT('',(0.00000000000000000E0,1.00000000000000000E0));
#1014=B_SPLINE_CURVE_WITH_KNOTS('',1,(#1012,#1013),.UNSPECIFIED.,.F.,.F.,(2,2),(0.00000000000000000E0,1.00000000000000000E0),.UNSPECIFIED.);
#1015=DEFINITIONAL_REPRESENTATION('',(#1014),#901);
#1016=PCURVE('',#150,#1015);
#1017=CARTESIAN_POINT('',(0.00000000000000000E0,1.00000000000000000E0));
#1018=CARTESIAN_POINT('',(0.00000000000000000E0,0.00000000000000000E0));
#1019=B_SPLINE_CURVE_WITH_KNOTS('',1,(#1017,#1018),.UNSPECIFIED.,.F.,.F.,(2,2),(0.00000000000000000E0,1.00000000000000000E0),.UNSPECIFIED.);
#1020=DEFINITIONAL_REPRESENTATION('',(#1019),#901);
#1021=PCURVE('',#150,#1020);
#1022=CARTESIAN_POINT('',(0.00000000000000000E0,0.00000000000000000E0));
#1023=CARTESIAN_POINT('',(1.00000000000000000E0,0.00000000000000000E0));
#1024=B_SPLINE_CURVE_WITH_KNOTS('',1,(#1022,#1023),.UNSPECIFIED.,.F.,.F.,(2,2),(0.00000000000000000E0,1.00000000000000000E0),.UNSPECIFIED.);
#1025=DEFINITIONAL_REPRESENTATION('',(#1024),#901);
#1026=PCURVE('',#163,#1025);
#1027=CARTESIAN_POINT('',(1.00000000000000000E0,0.00000000000000000E0));
#1028=CARTESIAN_POINT('',(1.00000000000000000E0,1.00000000000000000E0));
#1029=B_SPLINE_CURVE_WITH_KNOTS('',1,(#1027,#1028),.UNSPECIFIED.,.F.,.F.,(2,2),(0.00000000000000000E0,1.00000000000000000E0),.UNSPECIFIED.);
#1030=DEFINITIONAL_REPRESENTATION('',(#1029),#901);
#1031=PCURVE('',#163,#1030);
#1032=CARTESIAN_POINT('',(1.00000000000000000E0,1.00000000000000000E0));
#1033=CARTESIAN_POINT('',(0.00000000000000000E0,1.00000000000000000E0));
#1034=B_SPLINE_CURVE_WITH_KNOTS('',1,(#1032,#1033),.UNSPECIFIED.,.F.,.F.,(2,2),(0.00000000000000000E0,1.00000000000000000E0),.UNSPECIFIED.);
#1035=DEFINITIONAL_REPRESENTATION('',(#1034),#901);
#1036=PCURVE('',#163,#1035);
#1037=CARTESIAN_POINT('',(0.00000000000000000E0,1.00000000000000000E0));
#1038=CARTESIAN_POINT('',(0.00000000000000000E0,0.00000000000000000E0));
#1039=B_SPLINE_CURVE_WITH_KNOTS('',1,(#1037,#1038),.UNSPECIFIED.,.F.,.F.,(2,2),(0.00000000000000000E0,1.00000000000000000E0),.UNSPECIFIED.);
#1040=DEFINITIONAL_REPRESENTATION('',(#1039),#901);
#1041=PCURVE('',#163,#1040);
#1042=CARTESIAN_POINT('',(0.00000000000000000E0,0.00000000000000000E0));
#1043=CARTESIAN_POINT('',(1.00000000000000000E0,0.00000000000000000E0));
#1044=B_SPLINE_CURVE_WITH_KNOTS('',1,(#1042,#1043),.UNSPECIFIED.,.F.,.F.,(2,2),(0.00000000000000000E0,1.00000000000000000E0),.UNSPECIFIED.);
#1045=DEFINITIONAL_REPRESENTATION('',(#1044),#901);
#1046=PCURVE('',#176,#1045);
#1047=CARTESIAN_POINT('',(1.00000000000000000E0,0.00000000000000000E0));
#1048=CARTESIAN_POINT('',(1.00000000000000000E0,1.00000000000000000E0));
#1049=B_SPLINE_CURVE_WITH_KNOTS('',1,(#1047,#1048),.UNSPECIFIED.,.F.,.F.,(2,2),(0.00000000000000000E0,1.00000000000000000E0),.UNSPECIFIED.);
#1050=DEFINITIONAL_REPRESENTATION('',(#1049),#901);
#1051=PCURVE('',#176,#1050);
#1052=CARTESIAN_POINT('',(1.00000000000000000E0,1.00000000000000000E0));
#1053=CARTESIAN_POINT('',(0.00000000000000000E0,1.00000000000000000E0));
#1054=B_SPLINE_CURVE_WITH_KNOTS('',1,(#1052,#1053),.UNSPECIFIED.,.F.,.F.,(2,2),(0.00000000000000000E0,1.00000000000000000E0),.UNSPECIFIED.);
#1055=DEFINITIONAL_REPRESENTATION('',(#1054),#901);
#1056=PCURVE('',#176,#1055);
#1057=CARTESIAN_POINT('',(0.00000000000000000E0,1.00000000000000000E0));
#1058=CARTESIAN_POINT('',(0.00000000000000000E0,0.00000000000000000E0));
#1059=B_SPLINE_CURVE_WITH_KNOTS('',1,(#1057,#1058),.UNSPECIFIED.,.F.,.F.,(2,2),(0.00000000000000000E0,1.00000000000000000E0),.UNSPECIFIED.);
#1060=DEFINITIONAL_REPRESENTATION('',(#1059),#901);
#1061=PCURVE('',#176,#1060);
#1062=CARTESIAN_POINT('',(0.00000000000000000E0,0.00000000000000000E0));
#1063=CARTESIAN_POINT('',(1.00000000000000000E0,0.00000000000000000E0));
#1064=B_SPLINE_CURVE_WITH_KNOTS('',1,(#1062,#1063),.UNSPECIFIED.,.F.,.F.,(2,2),(0.00000000000000000E0,1.00000000000000000E0),.UNSPECIFIED.);
#1065=DEFINITIONAL_REPRESENTATION('',(#1064),#901);
#1066=PCURVE('',#189,#1065);
#1067=CARTESIAN_POINT('',(1.00000000000000000E0,0.00000000000000000E0));
#1068=CARTESIAN_POINT('',(1.00000000000000000E0,1.00000000000000000E0));
#1069=B_SPLINE_CURVE_WITH_KNOTS('',1,(#1067,#1068),.UNSPECIFIED.,.F.,.F.,(2,2),(0.00000000000000000E0,1.00000000000000000E0),.UNSPECIFIED.);
#1070=DEFINITIONAL_REPRESENTATION('',(#1069),#901);
#1071=PCURVE('',#189,#1070);
#1072=CARTESIAN_POINT('',(1.00000000000000000E0,1.00000000000000000E0));
#1073=CARTESIAN_POINT('',(0.00000000000000000E0,1.00000000000000000E0));
#1074=B_SPLINE_CURVE_WITH_KNOTS('',1,(#1072,#1073),.UNSPECIFIED.,.F.,.F.,(2,2),(0.00000000000000000E0,1.00000000000000000E0),.UNSPECIFIED.);
#1075=DEFINITIONAL_REPRESENTATION('',(#1074),#901);
#1076=PCURVE('',#189,#1075);
#1077=CARTESIAN_POINT('',(0.00000000000000000E0,1.00000000000000000E0));
#1078=CARTESIAN_POINT('',(0.00000000000000000E0,0.00000000000000000E0));
#1079=B_SPLINE_CURVE_WITH_KNOTS('',1,(#1077,#1078),.UNSPECIFIED.,.F.,.F.,(2,2),(0.00000000000000000E0,1.00000000000000000E0),.UNSPECIFIED.);
#1080=DEFINITIONAL_REPRESENTATION('',(#1079),#901);
#1081=PCURVE('',#189,#1080);
#1082=CARTESIAN_POINT('',(0.00000000000000000E0,0.00000000000000000E0));
#1083=CARTESIAN_POINT('',(1.00000000000000000E0,0.00000000000000000E0));
#1084=B_SPLINE_CURVE_WITH_KNOTS('',1,(#1082,#1083),.UNSPECIFIED.,.F.,.F.,(2,2),(0.00000000000000000E0,1.00000000000000000E0),.UNSPECIFIED.);
#1085=DEFINITIONAL_REPRESENTATION('',(#1084),#901);
#1086=PCURVE('',#202,#1085);
#1087=CARTESIAN_POINT('',(1.00000000000000000E0,0.00000000000000000E0));
#1088=CARTESIAN_POINT('',(1.00000000000000000E0,1.00000000000000000E0));
#1089=B_SPLINE_CURVE_WITH_KNOTS('',1,(#1087,#1088),.UNSPECIFIED.,.F.,.F.,(2,2),(0.00000000000000000E0,1.00000000000000000E0),.UNSPECIFIED.);
#1090=DEFINITIONAL_REPRESENTATION('',(#1089),#901);
#1091=PCURVE('',#202,#1090);
#1092=CARTESIAN_POINT('',(1.00000000000000000E0,1.00000000000000000E0));
#1093=CARTESIAN_POINT('',(0.00000000000000000E0,1.00000000000000000E0));
#1094=B_SPLINE_CURVE_WITH_KNOTS('',1,(#1092,#1093),.UNSPECIFIED.,.F.,.F.,(2,2),(0.00000000000000000E0,1.00000000000000000E0),.UNSPECIFIED.);
#1095=DEFINITIONAL_REPRESENTATION('',(#1094),#901);
#1096=PCURVE('',#202,#1095);
#1097=CARTESIAN_POINT('',(0.00000000000000000E0,1.00000000000000000E0));
#1098=CARTESIAN_POINT('',(0.00000000000000000E0,0.00000000000000000E0));
#1099=B_SPLINE_CURVE_WITH_KNOTS('',1,(#1097,#1098),.UNSPECIFIED.,.F.,.F.,(2,2),(0.00000000000000000E0,1.00000000000000000E0),.UNSPECIFIED.);
#1100=DEFINITIONAL_REPRESENTATION('',(#1099),#901);
#1101=PCURVE('',#202,#1100);
#1102=CARTESIAN_POINT('',(0.00000000000000000E0,0.00000000000000000E0));
#1103=CARTESIAN_POINT('',(1.00000000000000000E0,0.00000000000000000E0));
#1104=B_SPLINE_CURVE_WITH_KNOTS('',1,(#1102,#1103),.UNSPECIFIED.,.F.,.F.,(2,2),(0.00000000000000000E0,1.00000000000000000E0),.UNSPECIFIED.);
#1105=DEFINITIONAL_REPRESENTATION('',(#1104),#901);
#1106=PCURVE('',#215,#1105);
#1107=CARTESIAN_POINT('',(1.00000000000000000E0,0.00000000000000000E0));
#1108=CARTESIAN_POINT('',(1.00000000000000000E0,1.00000000000000000E0));
#1109=B_SPLINE_CURVE_WITH_KNOTS('',1,(#1107,#1108),.UNSPECIFIED.,.F.,.F.,(2,2),(0.00000000000000000E0,1.00000000000000000E0),.UNSPECIFIED.);
#1110=DEFINITIONAL_REPRESENTATION('',(#1109),#901);
#1111=PCURVE('',#215,#1110);
#1112=CARTESIAN_POINT('',(1.00000000000000000E0,1.00000000000000000E0));
#1113=CARTESIAN_POINT('',(0.00000000000000000E0,1.00000000000000000E0));
#1114=B_SPLINE_CURVE_WITH_KNOTS('',1,(#1112,#1113),.UNSPECIFIED.,.F.,.F.,(2,2),(0.00000000000000000E0,1.00000000000000000E0),.UNSPECIFIED.);
#1115=DEFINITIONAL_REPRESENTATION('',(#1114),#901);
#1116=PCURVE('',#215,#1115);
#1117=CARTESIAN_POINT('',(0.00000000000000000E0,1.00000000000000000E0));
#1118=CARTESIAN_POINT('',(0.00000000000000000E0,0.00000000000000000E0));
#1119=B_SPLINE_CURVE_WITH_KNOTS('',1,(#1117,#1118),.UNSPECIFIED.,.F.,.F.,(2,2),(0.00000000000000000E0,1.00000000000000000E0),.UNSPECIFIED.);
#1120=DEFINITIONAL_REPRESENTATION('',(#1119),#901);
#1121=PCURVE('',#215,#1120);
#1122=CARTESIAN_POINT('',(0.00000000000000000E0,0.00000000000000000E0));
#1123=CARTESIAN_POINT('',(1.00000000000000000E0,0.00000000000000000E0));
#1124=B_SPLINE_CURVE_WITH_KNOTS('',1,(#1122,#1123),.UNSPECIFIED.,.F.,.F.,(2,2),(0.00000000000000000E0,1.00000000000000000E0),.UNSPECIFIED.);
#1125=DEFINITIONAL_REPRESENTATION('',(#1124),#901);
#1126=PCURVE('',#228,#1125);
#1127=CARTESIAN_POINT('',(1.00000000000000000E0,0.00000000000000000E0));
#1128=CARTESIAN_POINT('',(1.00000000000000000E0,1.00000000000000000E0));
#1129=B_SPLINE_CURVE_WITH_KNOTS('',1,(#1127,#1128),.UNSPECIFIED.,.F.,.F.,(2,2),(0.00000000000000000E0,1.00000000000000000E0),.UNSPECIFIED.);
#1130=DEFINITIONAL_REPRESENTATION('',(#1129),#901);
#1131=PCURVE('',#228,#1130);
#1132=CARTESIAN_POINT('',(1.00000000000000000E0,1.00000000000000000E0));
#1133=CARTESIAN_POINT('',(0.00000000000000000E0,1.00000000000000000E0));
#1134=B_SPLINE_CURVE_WITH_KNOTS('',1,(#1132,#1133),.UNSPECIFIED.,.F.,.F.,(2,2),(0.00000000000000000E0,1.00000000000000000E0),.UNSPECIFIED.);
#1135=DEFINITIONAL_REPRESENTATION('',(#1134),#901);
#1136=PCURVE('',#228,#1135);
#1137=CARTESIAN_POINT('',(0.00000000000000000E0,1.00000000000000000E0));
#1138=CARTESIAN_POINT('',(0.00000000000000000E0,0.00000000000000000E0));
#1139=B_SPLINE_CURVE_WITH_KNOTS('',1,(#1137,#1138),.UNSPECIFIED.,.F.,.F.,(2,2),(0.00000000000000000E0,1.00000000000000000E0),.UNSPECIFIED.);
#1140=DEFINITIONAL_REPRESENTATION('',(#1139),#901);
#1141=PCURVE('',#228,#1140);
#1142=CARTESIAN_POINT('',(0.00000000000000000E0,0.00000000000000000E0));
#1143=CARTESIAN_POINT('',(1.00000000000000000E0,0.00000000000000000E0));
#1144=B_SPLINE_CURVE_WITH_KNOTS('',1,(#1142,#1143),.UNSPECIFIED.,.F.,.F.,(2,2),(0.00000000000000000E0,1.00000000000000000E0),.UNSPECIFIED.);
#1145=DEFINITIONAL_REPRESENTATION('',(#1144),#901);
#1146=PCURVE('',#241,#1145);
#1147=CARTESIAN_POINT('',(1.00000000000000000E0,0.00000000000000000E0));
#1148=CARTESIAN_POINT('',(1.00000000000000000E0,1.00000000000000000E0));
#1149=B_SPLINE_CURVE_WITH_KNOTS('',1,(#1147,#1148),.UNSPECIFIED.,.F.,.F.,(2,2),(0.00000000000000000E0,1.00000000000000000E0),.UNSPECIFIED.);
#1150=DEFINITIONAL_REPRESENTATION('',(#1149),#901);
#1151=PCURVE('',#241,#1150);
#1152=CARTESIAN_POINT('',(1.00000000000000000E0,1.00000000000000000E0));
#1153=CARTESIAN_POINT('',(0.00000000000000000E0,1.00000000000000000E0));
#1154=B_SPLINE_CURVE_WITH_KNOTS('',1,(#1152,#1153),.UNSPECIFIED.,.F.,.F.,(2,2),(0.00000000000000000E0,1.00000000000000000E0),.UNSPECIFIED.);
#1155=DEFINITIONAL_REPRESENTATION('',(#1154),#901);
#1156=PCURVE('',#241,#1155);
#1157=CARTESIAN_POINT('',(0.00000000000000000E0,1.00000000000000000E0));
#1158=CARTESIAN_POINT('',(0.00000000000000000E0,0.00000000000000000E0));
#1159=B_SPLINE_CURVE_WITH_KNOTS('',1,(#1157,#1158),.UNSPECIFIED.,.F.,.F.,(2,2),(0.00000000000000000E0,1.00000000000000000E0),.UNSPECIFIED.);
#1160=DEFINITIONAL_REPRESENTATION('',(#1159),#901);
#1161=PCURVE('',#241,#1160);
#1162=CARTESIAN_POINT('',(0.00000000000000000E0,0.00000000000000000E0));
#1163=CARTESIAN_POINT('',(1.00000000000000000E0,0.00000000000000000E0));
#1164=B_SPLINE_CURVE_WITH_KNOTS('',1,(#1162,#1163),.UNSPECIFIED.,.F.,.F.,(2,2),(0.00000000000000000E0,1.00000000000000000E0),.UNSPECIFIED.);
#1165=DEFINITIONAL_REPRESENTATION('',(#1164),#901);
#1166=PCURVE('',#254,#1165);
#1167=CARTESIAN_POINT('',(1.00000000000000000E0,0.00000000000000000E0));
#1168=CARTESIAN_POINT('',(1.00000000000000000E0,1.00000000000000000E0));
#1169=B_SPLINE_CURVE_WITH_KNOTS('',1,(#1167,#1168),.UNSPECIFIED.,.F.,.F.,(2,2),(0.00000000000000000E0,1.00000000000000000E0),.UNSPECIFIED.);
#1170=DEFINITIONAL_REPRESENTATION('',(#1169),#901);
#1171=PCURVE('',#254,#1170);
#1172=CARTESIAN_POINT('',(1.00000000000000000E0,1.00000000000000000E0));
#1173=CARTESIAN_POINT('',(0.00000000000000000E0,1.00000000000000000E0));
#1174=B_SPLINE_CURVE_WITH_KNOTS('',1,(#1172,#1173),.UNSPECIFIED.,.F.,.F.,(2,2),(0.00000000000000000E0,1.00000000000000000E0),.UNSPECIFIED.);
#1175=DEFINITIONAL_REPRESENTATION('',(#1174),#901);
#1176=PCURVE('',#254,#1175);
#1177=CARTESIAN_POINT('',(0.00000000000000000E0,1.00000000000000000E0));
#1178=CARTESIAN_POINT('',(0.00000000000000000E0,0.00000000000000000E0));
#1179=B_SPLINE_CURVE_WITH_KNOTS('',1,(#1177,#1178),.UNSPECIFIED.,.F.,.F.,(2,2),(0.00000000000000000E0,1.00000000000000000E0),.UNSPECIFIED.);
#1180=DEFINITIONAL_REPRESENTATION('',(#1179),#901);
#1181=PCURVE('',#254,#1180);
#1182=CARTESIAN_POINT('',(0.00000000000000000E0,0.00000000000000000E0));
#1183=CARTESIAN_POINT('',(1.00000000000000000E0,0.00000000000000000E0));
#1184=B_SPLINE_CURVE_WITH_KNOTS('',1,(#1182,#1183),.UNSPECIFIED.,.F.,.F.,(2,2),(0.00000000000000000E0,1.00000000000000000E0),.UNSPECIFIED.);
#1185=DEFINITIONAL_REPRESENTATION('',(#1184),#901);
#1186=PCURVE('',#267,#1185);
#1187=CARTESIAN_POINT('',(1.00000000000000000E0,0.00000000000000000E0));
#1188=CARTESIAN_POINT('',(1.00000000000000000E0,1.00000000000000000E0));
#1189=B_SPLINE_CURVE_WITH_KNOTS('',1,(#1187,#1188),.UNSPECIFIED.,.F.,.F.,(2,2),(0.00000000000000000E0,1.00000000000000000E0),.UNSPECIFIED.);
#1190=DEFINITIONAL_REPRESENTATION('',(#1189),#901);
#1191=PCURVE('',#267,#1190);
#1192=CARTESIAN_POINT('',(1.00000000000000000E0,1.00000000000000000E0));
#1193=CARTESIAN_POINT('',(0.00000000000000000E0,1.00000000000000000E0));
#1194=B_SPLINE_CURVE_WITH_KNOTS('',1,(#1192,#1193),.UNSPECIFIED.,.F.,.F.,(2,2),(0.00000000000000000E0,1.00000000000000000E0),.UNSPECIFIED.);
#1195=DEFINITIONAL_REPRESENTATION('',(#1194),#901);
#1196=PCURVE('',#267,#1195);
#1197=CARTESIAN_POINT('',(0.00000000000000000E0,1.00000000000000000E0));
#1198=CARTESIAN_POINT('',(0.00000000000000000E0,0.00000000000000000E0));
#1199=B_SPLINE_CURVE_WITH_KNOTS('',1,(#1197,#1198),.UNSPECIFIED.,.F.,.F.,(2,2),(0.00000000000000000E0,1.00000000000000000E0),.UNSPECIFIED.);
#1200=DEFINITIONAL_REPRESENTATION('',(#1199),#901);
#1201=PCURVE('',#267,#1200);
#1202=CARTESIAN_POINT('',(0.00000000000000000E0,0.00000000000000000E0));
#1203=CARTESIAN_POINT('',(1.00000000000000000E0,0.00000000000000000E0));
#1204=B_SPLINE_CURVE_WITH_KNOTS('',1,(#1202,#1203),.UNSPECIFIED.,.F.,.F.,(2,2),(0.00000000000000000E0,1.00000000000000000E0),.UNSPECIFIED.);
#1205=DEFINITIONAL_REPRESENTATION('',(#1204),#901);
#1206=PCURVE('',#280,#1205);
#1207=CARTESIAN_POINT('',(1.00000000000000000E0,0.00000000000000000E0));
#1208=CARTESIAN_POINT('',(1.00000000000000000E0,1.00000000000000000E0));
#1209=B_SPLINE_CURVE_WITH_KNOTS('',1,(#1207,#1208),.UNSPECIFIED.,.F.,.F.,(2,2),(0.00000000000000000E0,1.00000000000000000E0),.UNSPECIFIED.);
#1210=DEFINITIONAL_REPRESENTATION('',(#1209),#901);
#1211=PCURVE('',#280,#1210);
#1212=CARTESIAN_POINT('',(1.00000000000000000E0,1.00000000000000000E0));
#1213=CARTESIAN_POINT('',(0.00000000000000000E0,1.00000000000000000E0));
#1214=B_SPLINE_CURVE_WITH_KNOTS('',1,(#1212,#1213),.UNSPECIFIED.,.F.,.F.,(2,2),(0.00000000000000000E0,1.00000000000000000E0),.UNSPECIFIED.);
#1215=DEFINITIONAL_REPRESENTATION('',(#1214),#901);
#1216=PCURVE('',#280,#1215);
#1217=CARTESIAN_POINT('',(0.00000000000000000E0,1.00000000000000000E0));
#1218=CARTESIAN_POINT('',(0.00000000000000000E0,0.00000000000000000E0));
#1219=B_SPLINE_CURVE_WITH_KNOTS('',1,(#1217,#1218),.UNSPECIFIED.,.F.,.F.,(2,2),(0.00000000000000000E0,1.00000000000000000E0),.UNSPECIFIED.);
#1220=DEFINITIONAL_REPRESENTATION('',(#1219),#901);
#1221=PCURVE('',#280,#1220);
#1222=CARTESIAN_POINT('',(0.00000000000000000E0,0.00000000000000000E0));
#1223=CARTESIAN_POINT('',(1.00000000000000000E0,0.00000000000000000E0));
#1224=B_SPLINE_CURVE_WITH_KNOTS('',1,(#1222,#1223),.UNSPECIFIED.,.F.,.F.,(2,2),(0.00000000000000000E0,1.00000000000000000E0),.UNSPECIFIED.);
#1225=DEFINITIONAL_REPRESENTATION('',(#1224),#901);
#1226=PCURVE('',#293,#1225);
#1227=CARTESIAN_POINT('',(1.00000000000000000E0,0.00000000000000000E0));
#1228=CARTESIAN_POINT('',(1.00000000000000000E0,1.00000000000000000E0));
#1229=B_SPLINE_CURVE_WITH_KNOTS('',1,(#1227,#1228),.UNSPECIFIED.,.F.,.F.,(2,2),(0.00000000000000000E0,1.00000000000000000E0),.UNSPECIFIED.);
#1230=DEFINITIONAL_REPRESENTATION('',(#1229),#901);
#1231=PCURVE('',#293,#1230);
#1232=CARTESIAN_POINT('',(1.00000000000000000E0,1.00000000000000000E0));
#1233=CARTESIAN_POINT('',(0.00000000000000000E0,1.00000000000000000E0));
#1234=B_SPLINE_CURVE_WITH_KNOTS('',1,(#1232,#1233),.UNSPECIFIED.,.F.,.F.,(2,2),(0.00000000000000000E0,1.00000000000000000E0),.UNSPECIFIED.);
#1235=DEFINITIONAL_REPRESENTATION('',(#1234),#901);
#1236=PCURVE('',#293,#1235);
#1237=CARTESIAN_POINT('',(0.00000000000000000E0,1.00000000000000000E0));
#1238=CARTESIAN_POINT('',(0.00000000000000000E0,0.00000000000000000E0));
#1239=B_SPLINE_CURVE_WITH_KNOTS('',1,(#1237,#1238),.UNSPECIFIED.,.F.,.F.,(2,2),(0.00000000000000000E0,1.00000000000000000E0),.UNSPECIFIED.);
#1240=DEFINITIONAL_REPRESENTATION('',(#1239),#901);
#1241=PCURVE('',#293,#1240);
#1242=CARTESIAN_POINT('',(0.00000000000000000E0,0.00000000000000000E0));
#1243=CARTESIAN_POINT('',(1.00000000000000000E0,0.00000000000000000E0));
#1244=B_SPLINE_CURVE_WITH_KNOTS('',1,(#1242,#1243),.UNSPECIFIED.,.F.,.F.,(2,2),(0.00000000000000000E0,1.00000000000000000E0),.UNSPECIFIED.);
#1245=DEFINITIONAL_REPRESENTATION('',(#1244),#901);
#1246=PCURVE('',#306,#1245);
#1247=CARTESIAN_POINT('',(1.00000000000000000E0,0.00000000000000000E0));
#1248=CARTESIAN_POINT('',(1.00000000000000000E0,1.00000000000000000E0));
#1249=B_SPLINE_CURVE_WITH_KNOTS('',1,(#1247,#1248),.UNSPECIFIED.,.F.,.F.,(2,2),(0.00000000000000000E0,1.00000000000000000E0),.UNSPECIFIED.);
#1250=DEFINITIONAL_REPRESENTATION('',(#1249),#901);
#1251=PCURVE('',#306,#1250);
#1252=CARTESIAN_POINT('',(1.00000000000000000E0,1.00000000000000000E0));
#1253=CARTESIAN_POINT('',(0.00000000000000000E0,1.00000000000000000E0));
#1254=B_SPLINE_CURVE_WITH_KNOTS('',1,(#1252,#1253),.UNSPECIFIED.,.F.,.F.,(2,2),(0.00000000000000000E0,1.00000000000000000E0),.UNSPECIFIED.);
#1255=DEFINITIONAL_REPRESENTATION('',(#1254),#901);
#1256=PCURVE('',#306,#1255);
#1257=CARTESIAN_POINT('',(0.00000000000000000E0,1.00000000000000000E0));
#1258=CARTESIAN_POINT('',(0.00000000000000000E0,0.00000000000000000E0));
#1259=B_SPLINE_CURVE_WITH_KNOTS('',1,(#1257,#1258),.UNSPECIFIED.,.F.,.F.,(2,2),(0.00000000000000000E0,1.00000000000000000E0),.UNSPECIFIED.);
#1260=DEFINITIONAL_REPRESENTATION('',(#1259),#901);
#1261=PCURVE('',#306,#1260);
#1262=CARTESIAN_POINT('',(0.00000000000000000E0,0.00000000000000000E0));
#1263=CARTESIAN_POINT('',(1.00000000000000000E0,0.00000000000000000E0));
#1264=B_SPLINE_CURVE_WITH_KNOTS('',1,(#1262,#1263),.UNSPECIFIED.,.F.,.F.,(2,2),(0.00000000000000000E0,1.00000000000000000E0),.UNSPECIFIED.);
#1265=DEFINITIONAL_REPRESENTATION('',(#1264),#901);
#1266=PCURVE('',#319,#1265);
#1267=CARTESIAN_POINT('',(1.00000000000000000E0,0.00000000000000000E0));
#1268=CARTESIAN_POINT('',(1.00000000000000000E0,1.00000000000000000E0));
#1269=B_SPLINE_CURVE_WITH_KNOTS('',1,(#1267,#1268),.UNSPECIFIED.,.F.,.F.,(2,2),(0.00000000000000000E0,1.00000000000000000E0),.UNSPECIFIED.);
#1270=DEFINITIONAL_REPRESENTATION('',(#1269),#901);
#1271=PCURVE('',#319,#1270);
#1272=CARTESIAN_POINT('',(1.00000000000000000E0,1.00000000000000000E0));
#1273=CARTESIAN_POINT('',(0.00000000000000000E0,1.00000000000000000E0));
#1274=B_SPLINE_CURVE_WITH_KNOTS('',1,(#1272,#1273),.UNSPECIFIED.,.F.,.F.,(2,2),(0.00000000000000000E0,1.00000000000000000E0),.UNSPECIFIED.);
#1275=DEFINITIONAL_REPRESENTATION('',(#1274),#901);
#1276=PCURVE('',#319,#1275);
#1277=CARTESIAN_POINT('',(0.00000000000000000E0,1.00000000000000000E0));
#1278=CARTESIAN_POINT('',(0.00000000000000000E0,0.00000000000000000E0));
#1279=B_SPLINE_CURVE_WITH_KNOTS('',1,(#1277,#1278),.UNSPECIFIED.,.F.,.F.,(2,2),(0.00000000000000000E0,1.00000000000000000E0),.UNSPECIFIED.);
#1280=DEFINITIONAL_REPRESENTATION('',(#1279),#901);
#1281=PCURVE('',#319,#1280);
#1282=CARTESIAN_POINT('',(0.00000000000000000E0,0.00000000000000000E0));
#1283=CARTESIAN_POINT('',(1.00000000000000000E0,0.00000000000000000E0));
#1284=B_SPLINE_CURVE_WITH_KNOTS('',1,(#1282,#1283),.UNSPECIFIED.,.F.,.F.,(2,2),(0.00000000000000000E0,1.00000000000000000E0),.UNSPECIFIED.);
#1285=DEFINITIONAL_REPRESENTATION('',(#1284),#901);
#1286=PCURVE('',#332,#1285);
#1287=CARTESIAN_POINT('',(1.00000000000000000E0,0.00000000000000000E0));
#1288=CARTESIAN_POINT('',(1.00000000000000000E0,1.00000000000000000E0));
#1289=B_SPLINE_CURVE_WITH_KNOTS('',1,(#1287,#1288),.UNSPECIFIED.,.F.,.F.,(2,2),(0.00000000000000000E0,1.00000000000000000E0),.UNSPECIFIED.);
#1290=DEFINITIONAL_REPRESENTATION('',(#1289),#901);
#1291=PCURVE('',#332,#1290);
#1292=CARTESIAN_POINT('',(1.00000000000000000E0,1.00000000000000000E0));
#1293=CARTESIAN_POINT('',(0.00000000000000000E0,1.00000000000000000E0));
#1294=B_SPLINE_CURVE_WITH_KNOTS('',1,(#1292,#1293),.UNSPECIFIED.,.F.,.F.,(2,2),(0.00000000000000000E0,1.00000000000000000E0),.UNSPECIFIED.);
#1295=DEFINITIONAL_REPRESENTATION('',(#1294),#901);
#1296=PCURVE('',#332,#1295);
#1297=CARTESIAN_POINT('',(0.00000000000000000E0,1.00000000000000000E0));
#1298=CARTESIAN_POINT('',(0.00000000000000000E0,0.00000000000000000E0));
#1299=B_SPLINE_CURVE_WITH_KNOTS('',1,(#1297,#1298),.UNSPECIFIED.,.F.,.F.,(2,2),(0.00000000000000000E0,1.00000000000000000E0),.UNSPECIFIED.);
#1300=DEFINITIONAL_REPRESENTATION('',(#1299),#901);
#1301=PCURVE('',#332,#1300);
#1302=CARTESIAN_POINT('',(0.00000000000000000E0,0.00000000000000000E0));
#1303=CARTESIAN_POINT('',(1.00000000000000000E0,0.00000000000000000E0));
#1304=B_SPLINE_CURVE_WITH_KNOTS('',1,(#1302,#1303),.UNSPECIFIED.,.F.,.F.,(2,2),(0.00000000000000000E0,1.00000000000000000E0),.UNSPECIFIED.);
#1305=DEFINITIONAL_REPRESENTATION('',(#1304),#901);
#1306=PCURVE('',#345,#1305);
#1307=CARTESIAN_POINT('',(1.00000000000000000E0,0.00000000000000000E0));
#1308=CARTESIAN_POINT('',(1.00000000000000000E0,1.00000000000000000E0));
#1309=B_SPLINE_CURVE_WITH_KNOTS('',1,(#1307,#1308),.UNSPECIFIED.,.F.,.F.,(2,2),(0.00000000000000000E0,1.00000000000000000E0),.UNSPECIFIED.);
#1310=DEFINITIONAL_REPRESENTATION('',(#1309),#901);
#1311=PCURVE('',#345,#1310);
#1312=CARTESIAN_POINT('',(1.00000000000000000E0,1.00000000000000000E0));
#1313=CARTESIAN_POINT('',(0.00000000000000000E0,1.00000000000000000E0));
#1314=B_SPLINE_CURVE_WITH_KNOTS('',1,(#1312,#1313),.UNSPECIFIED.,.F.,.F.,(2,2),(0.00000000000000000E0,1.00000000000000000E0),.UNSPECIFIED.);
#1315=DEFINITIONAL_REPRESENTATION('',(#1314),#901);
#1316=PCURVE('',#345,#1315);
#1317=CARTESIAN_POINT('',(0.00000000000000000E0,1.00000000000000000E0));
#1318=CARTESIAN_POINT('',(0.00000000000000000E0,0.00000000000000000E0));
#1319=B_SPLINE_CURVE_WITH_KNOTS('',1,(#1317,#1318),.UNSPECIFIED.,.F.,.F.,(2,2),(0.00000000000000000E0,1.00000000000000000E0),.UNSPECIFIED.);
#1320=DEFINITIONAL_REPRESENTATION('',(#1319),#901);
#1321=PCURVE('',#345,#1320);
#1322=CARTESIAN_POINT('',(0.00000000000000000E0,0.00000000000000000E0));
#1323=CARTESIAN_POINT('',(1.00000000000000000E0,0.00000000000000000E0));
#1324=B_SPLINE_CURVE_WITH_KNOTS('',1,(#1322,#1323),.UNSPECIFIED.,.F.,.F.,(2,2),(0.00000000000000000E0,1.00000000000000000E0),.UNSPECIFIED.);
#1325=DEFINITIONAL_REPRESENTATION('',(#1324),#901);
#1326=PCURVE('',#358,#1325);
#1327=CARTESIAN_POINT('',(1.00000000000000000E0,0.00000000000000000E0));
#1328=CARTESIAN_POINT('',(1.00000000000000000E0,1.00000000000000000E0));
#1329=B_SPLINE_CURVE_WITH_KNOTS('',1,(#1327,#1328),.UNSPECIFIED.,.F.,.F.,(2,2),(0.00000000000000000E0,1.00000000000000000E0),.UNSPECIFIED.);
#1330=DEFINITIONAL_REPRESENTATION('',(#1329),#901);
#1331=PCURVE('',#358,#1330);
#1332=CARTESIAN_POINT('',(1.00000000000000000E0,1.00000000000000000E0));
#1333=CARTESIAN_POINT('',(0.00000000000000000E0,1.00000000000000000E0));
#1334=B_SPLINE_CURVE_WITH_KNOTS('',1,(#1332,#1333),.UNSPECIFIED.,.F.,.F.,(2,2),(0.00000000000000000E0,1.00000000000000000E0),.UNSPECIFIED.);
#1335=DEFINITIONAL_REPRESENTATION('',(#1334),#901);
#1336=PCURVE('',#358,#1335);
#1337=CARTESIAN_POINT('',(0.00000000000000000E0,1.00000000000000000E0));
#1338=CARTESIAN_POINT('',(0.00000000000000000E0,0.00000000000000000E0));
#1339=B_SPLINE_CURVE_WITH_KNOTS('',1,(#1337,#1338),.UNSPECIFIED.,.F.,.F.,(2,2),(0.00000000000000000E0,1.00000000000000000E0),.UNSPECIFIED.);
#1340=DEFINITIONAL_REPRESENTATION('',(#1339),#901);
#1341=PCURVE('',#358,#1340);
#1342=CARTESIAN_POINT('',(0.00000000000000000E0,0.00000000000000000E0));
#1343=CARTESIAN_POINT('',(1.00000000000000000E0,0.00000000000000000E0));
#1344=B_SPLINE_CURVE_WITH_KNOTS('',1,(#1342,#1343),.UNSPECIFIED.,.F.,.F.,(2,2),(0.00000000000000000E0,1.00000000000000000E0),.UNSPECIFIED.);
#1345=DEFINITIONAL_REPRESENTATION('',(#1344),#901);
#1346=PCURVE('',#371,#1345);
#1347=CARTESIAN_POINT('',(1.00000000000000000E0,0.00000000000000000E0));
#1348=CARTESIAN_POINT('',(1.00000000000000000E0,1.00000000000000000E0));
#1349=B_SPLINE_CURVE_WITH_KNOTS('',1,(#1347,#1348),.UNSPECIFIED.,.F.,.F.,(2,2),(0.00000000000000000E0,1.00000000000000000E0),.UNSPECIFIED.);
#1350=DEFINITIONAL_REPRESENTATION('',(#1349),#901);
#1351=PCURVE('',#371,#1350);
#1352=CARTESIAN_POINT('',(1.00000000000000000E0,1.00000000000000000E0));
#1353=CARTESIAN_POINT('',(0.00000000000000000E0,1.00000000000000000E0));
#1354=B_SPLINE_CURVE_WITH_KNOTS('',1,(#1352,#1353),.UNSPECIFIED.,.F.,.F.,(2,2),(0.00000000000000000E0,1.00000000000000000E0),.UNSPECIFIED.);
#1355=DEFINITIONAL_REPRESENTATION('',(#1354),#901);
#1356=PCURVE('',#371,#1355);
#1357=CARTESIAN_POINT('',(0.00000000000000000E0,1.00000000000000000E0));
#1358=CARTESIAN_POINT('',(0.00000000000000000E0,0.00000000000000000E0));
#1359=B_SPLINE_CURVE_WITH_KNOTS('',1,(#1357,#1358),.UNSPECIFIED.,.F.,.F.,(2,2),(0.00000000000000000E0,1.00000000000000000E0),.UNSPECIFIED.);
#1360=DEFINITIONAL_REPRESENTATION('',(#1359),#901);
#1361=PCURVE('',#371,#1360);
#1362=CARTESIAN_POINT('',(0.00000000000000000E0,0.00000000000000000E0));
#1363=CARTESIAN_POINT('',(1.00000000000000000E0,0.00000000000000000E0));
#1364=B_SPLINE_CURVE_WITH_KNOTS('',1,(#1362,#1363),.UNSPECIFIED.,.F.,.F.,(2,2),(0.00000000000000000E0,1.00000000000000000E0),.UNSPECIFIED.);
#1365=DEFINITIONAL_REPRESENTATION('',(#1364),#901);
#1366=PCURVE('',#384,#1365);
#1367=CARTESIAN_POINT('',(1.00000000000000000E0,0.00000000000000000E0));
#1368=CARTESIAN_POINT('',(1.00000000000000000E0,1.00000000000000000E0));
#1369=B_SPLINE_CURVE_WITH_KNOTS('',1,(#1367,#1368),.UNSPECIFIED.,.F.,.F.,(2,2),(0.00000000000000000E0,1.00000000000000000E0),.UNSPECIFIED.);
#1370=DEFINITIONAL_REPRESENTATION('',(#1369),#901);
#1371=PCURVE('',#384,#1370);
#1372=CARTESIAN_POINT('',(1.00000000000000000E0,1.00000000000000000E0));
#1373=CARTESIAN_POINT('',(0.00000000000000000E0,1.00000000000000000E0));
#1374=B_SPLINE_CURVE_WITH_KNOTS('',1,(#1372,#1373),.UNSPECIFIED.,.F.,.F.,(2,2),(0.00000000000000000E0,1.00000000000000000E0),.UNSPECIFIED.);
#1375=DEFINITIONAL_REPRESENTATION('',(#1374),#901);
#1376=PCURVE('',#384,#1375);
#1377=CARTESIAN_POINT('',(0.00000000000000000E0,1.00000000000000000E0));
#1378=CARTESIAN_POINT('',(0.00000000000000000E0,0.00000000000000000E0));
#1379=B_SPLINE_CURVE_WITH_KNOTS('',1,(#1377,#1378),.UNSPECIFIED.,.F.,.F.,(2,2),(0.00000000000000000E0,1.00000000000000000E0),.UNSPECIFIED.);
#1380=DEFINITIONAL_REPRESENTATION('',(#1379),#901);
#1381=PCURVE('',#384,#1380);
#1382=CARTESIAN_POINT('',(0.00000000000000000E0,0.00000000000000000E0));
#1383=CARTESIAN_POINT('',(1.00000000000000000E0,0.00000000000000000E0));
#1384=B_SPLINE_CURVE_WITH_KNOTS('',1,(#1382,#1383),.UNSPECIFIED.,.F.,.F.,(2,2),(0.00000000000000000E0,1.00000000000000000E0),.UNSPECIFIED.);
#1385=DEFINITIONAL_REPRESENTATION('',(#1384),#901);
#1386=PCURVE('',#397,#1385);
#1387=CARTESIAN_POINT('',(1.00000000000000000E0,0.00000000000000000E0));
#1388=CARTESIAN_POINT('',(1.00000000000000000E0,1.00000000000000000E0));
#1389=B_SPLINE_CURVE_WITH_KNOTS('',1,(#1387,#1388),.UNSPECIFIED.,.F.,.F.,(2,2),(0.00000000000000000E0,1.00000000000000000E0),.UNSPECIFIED.);
#1390=DEFINITIONAL_REPRESENTATION('',(#1389),#901);
#1391=PCURVE('',#397,#1390);
#1392=CARTESIAN_POINT('',(1.00000000000000000E0,1.00000000000000000E0));
#1393=CARTESIAN_POINT('',(0.00000000000000000E0,1.00000000000000000E0));
#1394=B_SPLINE_CURVE_WITH_KNOTS('',1,(#1392,#1393),.UNSPECIFIED.,.F.,.F.,(2,2),(0.00000000000000000E0,1.00000000000000000E0),.UNSPECIFIED.);
#1395=DEFINITIONAL_REPRESENTATION('',(#1394),#901);
#1396=PCURVE('',#397,#1395);
#1397=CARTESIAN_POINT('',(0.00000000000000000E0,1.00000000000000000E0));
#1398=CARTESIAN_POINT('',(0.00000000000000000E0,0.00000000000000000E0));
#1399=B_SPLINE_CURVE_WITH_KNOTS('',1,(#1397,#1398),.UNSPECIFIED.,.F.,.F.,(2,2),(0.00000000000000000E0,1.00000000000000000E0),.UNSPECIFIED.);
#1400=DEFINITIONAL_REPRESENTATION('',(#1399),#901);
#1401=PCURVE('',#397,#1400);
#1402=CARTESIAN_POINT('',(0.00000000000000000E0,0.00000000000000000E0));
#1403=CARTESIAN_POINT('',(1.00000000000000000E0,0.00000000000000000E0));
#1404=B_SPLINE_CURVE_WITH_KNOTS('',1,(#1402,#1403),.UNSPECIFIED.,.F.,.F.,(2,2),(0.00000000000000000E0,1.00000000000000000E0),.UNSPECIFIED.);
#1405=DEFINITIONAL_REPRESENTATION('',(#1404),#901);
#1406=PCURVE('',#410,#1405);
#1407=CARTESIAN_POINT('',(1.00000000000000000E0,0.00000000000000000E0));
#1408=CARTESIAN_POINT('',(1.00000000000000000E0,1.00000000000000000E0));
#1409=B_SPLINE_CURVE_WITH_KNOTS('',1,(#1407,#1408),.UNSPECIFIED.,.F.,.F.,(2,2),(0.00000000000000000E0,1.00000000000000000E0),.UNSPECIFIED.);
#1410=DEFINITIONAL_REPRESENTATION('',(#1409),#901);
#1411=PCURVE('',#410,#1410);
#1412=CARTESIAN_POINT('',(1.00000000000000000E0,1.00000000000000000E0));
#1413=CARTESIAN_POINT('',(0.00000000000000000E0,1.00000000000000000E0));
#1414=B_SPLINE_CURVE_WITH_KNOTS('',1,(#1412,#1413),.UNSPECIFIED.,.F.,.F.,(2,2),(0.00000000000000000E0,1.00000000000000000E0),.UNSPECIFIED.);
#1415=DEFINITIONAL_REPRESENTATION('',(#1414),#901);
#1416=PCURVE('',#410,#1415);
#1417=CARTESIAN_POINT('',(0.00000000000000000E0,1.00000000000000000E0));
#1418=CARTESIAN_POINT('',(0.00000000000000000E0,0.00000000000000000E0));
#1419=B_SPLINE_CURVE_WITH_KNOTS('',1,(#1417,#1418),.UNSPECIFIED.,.F.,.F.,(2,2),(0.00000000000000000E0,1.00000000000000000E0),.UNSPECIFIED.);
#1420=DEFINITIONAL_REPRESENTATION('',(#1419),#901);
#1421=PCURVE('',#410,#1420);
#1422=CARTESIAN_POINT('',(0.00000000000000000E0,0.00000000000000000E0));
#1423=CARTESIAN_POINT('',(1.00000000000000000E0,0.00000000000000000E0));
#1424=B_SPLINE_CURVE_WITH_KNOTS('',1,(#1422,#1423),.UNSPECIFIED.,.F.,.F.,(2,2),(0.00000000000000000E0,1.00000000000000000E0),.UNSPECIFIED.);
#1425=DEFINITIONAL_REPRESENTATION('',(#1424),#901);
#1426=PCURVE('',#423,#1425);
#1427=CARTESIAN_POINT('',(1.00000000000000000E0,0.00000000000000000E0));
#1428=CARTESIAN_POINT('',(1.00000000000000000E0,1.00000000000000000E0));
#1429=B_SPLINE_CURVE_WITH_KNOTS('',1,(#1427,#1428),.UNSPECIFIED.,.F.,.F.,(2,2),(0.00000000000000000E0,1.00000000000000000E0),.UNSPECIFIED.);
#1430=DEFINITIONAL_REPRESENTATION('',(#1429),#901);
#1431=PCURVE('',#423,#1430);
#1432=CARTESIAN_POINT('',(1.00000000000000000E0,1.00000000000000000E0));
#1433=CARTESIAN_POINT('',(0.00000000000000000E0,1.00000000000000000E0));
#1434=B_SPLINE_CURVE_WITH_KNOTS('',1,(#1432,#1433),.UNSPECIFIED.,.F.,.F.,(2,2),(0.00000000000000000E0,1.00000000000000000E0),.UNSPECIFIED.);
#1435=DEFINITIONAL_REPRESENTATION('',(#1434),#901);
#1436=PCURVE('',#423,#1435);
#1437=CARTESIAN_POINT('',(0.00000000000000000E0,1.00000000000000000E0));
#1438=CARTESIAN_POINT('',(0.00000000000000000E0,0.00000000000000000E0));
#1439=B_SPLINE_CURVE_WITH_KNOTS('',1,(#1437,#1438),.UNSPECIFIED.,.F.,.F.,(2,2),(0.00000000000000000E0,1.00000000000000000E0),.UNSPECIFIED.);
#1440=DEFINITIONAL_REPRESENTATION('',(#1439),#901);
#1441=PCURVE('',#423,#1440);
#1442=CARTESIAN_POINT('',(0.00000000000000000E0,0.00000000000000000E0));
#1443=CARTESIAN_POINT('',(1.00000000000000000E0,0.00000000000000000E0));
#1444=B_SPLINE_CURVE_WITH_KNOTS('',1,(#1442,#1443),.UNSPECIFIED.,.F.,.F.,(2,2),(0.00000000000000000E0,1.00000000000000000E0),.UNSPECIFIED.);
#1445=DEFINITIONAL_REPRESENTATION('',(#1444),#901);
#1446=PCURVE('',#436,#1445);
#1447=CARTESIAN_POINT('',(1.00000000000000000E0,0.00000000000000000E0));
#1448=CARTESIAN_POINT('',(1.00000000000000000E0,1.00000000000000000E0));
#1449=B_SPLINE_CURVE_WITH_KNOTS('',1,(#1447,#1448),.UNSPECIFIED.,.F.,.F.,(2,2),(0.00000000000000000E0,1.00000000000000000E0),.UNSPECIFIED.);
#1450=DEFINITIONAL_REPRESENTATION('',(#1449),#901);
#1451=PCURVE('',#436,#1450);
#1452=CARTESIAN_POINT('',(1.00000000000000000E0,1.00000000000000000E0));
#1453=CARTESIAN_POINT('',(0.00000000000000000E0,1.00000000000000000E0));
#1454=B_SPLINE_CURVE_WITH_KNOTS('',1,(#1452,#1453),.UNSPECIFIED.,.F.,.F.,(2,2),(0.00000000000000000E0,1.00000000000000000E0),.UNSPECIFIED.);
#1455=DEFINITIONAL_REPRESENTATION('',(#1454),#901);
#1456=PCURVE('',#436,#1455);
#1457=CARTESIAN_POINT('',(0.00000000000000000E0,1.00000000000000000E0));
#1458=CARTESIAN_POINT('',(0.00000000000000000E0,0.00000000000000000E0));
#1459=B_SPLINE_CURVE_WITH_KNOTS('',1,(#1457,#1458),.UNSPECIFIED.,.F.,.F.,(2,2),(0.00000000000000000E0,1.00000000000000000E0),.UNSPECIFIED.);
#1460=DEFINITIONAL_REPRESENTATION('',(#1459),#901);
#1461=PCURVE('',#436,#1460);
#1462=CARTESIAN_POINT('',(0.00000000000000000E0,0.00000000000000000E0));
#1463=CARTESIAN_POINT('',(1.00000000000000000E0,0.00000000000000000E0));
#1464=B_SPLINE_CURVE_WITH_KNOTS('',1,(#1462,#1463),.UNSPECIFIED.,.F.,.F.,(2,2),(0.00000000000000000E0,1.00000000000000000E0),.UNSPECIFIED.);
#1465=DEFINITIONAL_REPRESENTATION('',(#1464),#901);
#1466=PCURVE('',#449,#1465);
#1467=CARTESIAN_POINT('',(1.00000000000000000E0,0.00000000000000000E0));
#1468=CARTESIAN_POINT('',(1.00000000000000000E0,1.00000000000000000E0));
#1469=B_SPLINE_CURVE_WITH_KNOTS('',1,(#1467,#1468),.UNSPECIFIED.,.F.,.F.,(2,2),(0.00000000000000000E0,1.00000000000000000E0),.UNSPECIFIED.);
#1470=DEFINITIONAL_REPRESENTATION('',(#1469),#901);
#1471=PCURVE('',#449,#1470);
#1472=CARTESIAN_POINT('',(1.00000000000000000E0,1.00000000000000000E0));
#1473=CARTESIAN_POINT('',(0.00000000000000000E0,1.00000000000000000E0));
#1474=B_SPLINE_CURVE_WITH_KNOTS('',1,(#1472,#1473),.UNSPECIFIED.,.F.,.F.,(2,2),(0.00000000000000000E0,1.00000000000000000E0),.UNSPECIFIED.);
#1475=DEFINITIONAL_REPRESENTATION('',(#1474),#901);
#1476=PCURVE('',#449,#1475);
#1477=CARTESIAN_POINT('',(0.00000000000000000E0,1.00000000000000000E0));
#1478=CARTESIAN_POINT('',(0.00000000000000000E0,0.00000000000000000E0));
#1479=B_SPLINE_CURVE_WITH_KNOTS('',1,(#1477,#1478),.UNSPECIFIED.,.F.,.F.,(2,2),(0.00000000000000000E0,1.00000000000000000E0),.UNSPECIFIED.);
#1480=DEFINITIONAL_REPRESENTATION('',(#1479),#901);
#1481=PCURVE('',#449,#1480);
#1482=CARTESIAN_POINT('',(0.00000000000000000E0,0.00000000000000000E0));
#1483=CARTESIAN_POINT('',(1.00000000000000000E0,0.00000000000000000E0));
#1484=B_SPLINE_CURVE_WITH_KNOTS('',1,(#1482,#1483),.UNSPECIFIED.,.F.,.F.,(2,2),(0.00000000000000000E0,1.00000000000000000E0),.UNSPECIFIED.);
#1485=DEFINITIONAL_REPRESENTATION('',(#1484),#901);
#1486=PCURVE('',#462,#1485);
#1487=CARTESIAN_POINT('',(1.00000000000000000E0,0.00000000000000000E0));
#1488=CARTESIAN_POINT('',(1.00000000000000000E0,1.00000000000000000E0));
#1489=B_SPLINE_CURVE_WITH_KNOTS('',1,(#1487,#1488),.UNSPECIFIED.,.F.,.F.,(2,2),(0.00000000000000000E0,1.00000000000000000E0),.UNSPECIFIED.);
#1490=DEFINITIONAL_REPRESENTATION('',(#1489),#901);
#1491=PCURVE('',#462,#1490);
#1492=CARTESIAN_POINT('',(1.00000000000000000E0,1.00000000000000000E0));
#1493=CARTESIAN_POINT('',(0.00000000000000000E0,1.00000000000000000E0));
#1494=B_SPLINE_CURVE_WITH_KNOTS('',1,(#1492,#1493),.UNSPECIFIED.,.F.,.F.,(2,2),(0.00000000000000000E0,1.00000000000000000E0),.UNSPECIFIED.);
#1495=DEFINITIONAL_REPRESENTATION('',(#1494),#901);
#1496=PCURVE('',#462,#1495);
#1497=CARTESIAN_POINT('',(0.00000000000000000E0,1.00000000000000000E0));
#1498=CARTESIAN_POINT('',(0.00000000000000000E0,0.00000000000000000E0));
#1499=B_SPLINE_CURVE_WITH_KNOTS('',1,(#1497,#1498),.UNSPECIFIED.,.F.,.F.,(2,2),(0.00000000000000000E0,1.00000000000000000E0),.UNSPECIFIED.);
#1500=DEFINITIONAL_REPRESENTATION('',(#1499),#901);
#1501=PCURVE('',#462,#1500);
#1502=CARTESIAN_POINT('',(0.00000000000000000E0,0.00000000000000000E0));
#1503=CARTESIAN_POINT('',(1.00000000000000000E0,0.00000000000000000E0));
#1504=B_SPLINE_CURVE_WITH_KNOTS('',1,(#1502,#1503),.UNSPECIFIED.,.F.,.F.,(2,2),(0.00000000000000000E0,1.00000000000000000E0),.UNSPECIFIED.);
#1505=DEFINITIONAL_REPRESENTATION('',(#1504),#901);
#1506=PCURVE('',#475,#1505);
#1507=CARTESIAN_POINT('',(1.00000000000000000E0,0.00000000000000000E0));
#1508=CARTESIAN_POINT('',(1.00000000000000000E0,1.00000000000000000E0));
#1509=B_SPLINE_CURVE_WITH_KNOTS('',1,(#1507,#1508),.UNSPECIFIED.,.F.,.F.,(2,2),(0.00000000000000000E0,1.00000000000000000E0),.UNSPECIFIED.);
#1510=DEFINITIONAL_REPRESENTATION('',(#1509),#901);
#1511=PCURVE('',#475,#1510);
#1512=CARTESIAN_POINT('',(1.00000000000000000E0,1.00000000000000000E0));
#1513=CARTESIAN_POINT('',(0.00000000000000000E0,1.00000000000000000E0));
#1514=B_SPLINE_CURVE_WITH_KNOTS('',1,(#1512,#1513),.UNSPECIFIED.,.F.,.F.,(2,2),(0.00000000000000000E0,1.00000000000000000E0),.UNSPECIFIED.);
#1515=DEFINITIONAL_REPRESENTATION('',(#1514),#901);
#1516=PCURVE('',#475,#1515);
#1517=CARTESIAN_POINT('',(0.00000000000000000E0,1.00000000000000000E0));
#1518=CARTESIAN_POINT('',(0.00000000000000000E0,0.00000000000000000E0));
#1519=B_SPLINE_CURVE_WITH_KNOTS('',1,(#1517,#1518),.UNSPECIFIED.,.F.,.F.,(2,2),(0.00000000000000000E0,1.00000000000000000E0),.UNSPECIFIED.);
#1520=DEFINITIONAL_REPRESENTATION('',(#1519),#901);
#1521=PCURVE('',#475,#1520);
#1522=CARTESIAN_POINT('',(0.00000000000000000E0,0.00000000000000000E0));
#1523=CARTESIAN_POINT('',(1.00000000000000000E0,0.00000000000000000E0));
#1524=B_SPLINE_CURVE_WITH_KNOTS('',1,(#1522,#1523),.UNSPECIFIED.,.F.,.F.,(2,2),(0.00000000000000000E0,1.00000000000000000E0),.UNSPECIFIED.);
#1525=DEFINITIONAL_REPRESENTATION('',(#1524),#901);
#1526=PCURVE('',#488,#1525);
#1527=CARTESIAN_POINT('',(1.00000000000000000E0,0.00000000000000000E0));
#1528=CARTESIAN_POINT('',(1.00000000000000000E0,1.00000000000000000E0));
#1529=B_SPLINE_CURVE_WITH_KNOTS('',1,(#1527,#1528),.UNSPECIFIED.,.F.,.F.,(2,2),(0.00000000000000000E0,1.00000000000000000E0),.UNSPECIFIED.);
#1530=DEFINITIONAL_REPRESENTATION('',(#1529),#901);
#1531=PCURVE('',#488,#1530);
#1532=CARTESIAN_POINT('',(1.00000000000000000E0,1.00000000000000000E0));
#1533=CARTESIAN_POINT('',(0.00000000000000000E0,1.00000000000000000E0));
#1534=B_SPLINE_CURVE_WITH_KNOTS('',1,(#1532,#1533),.UNSPECIFIED.,.F.,.F.,(2,2),(0.00000000000000000E0,1.00000000000000000E0),.UNSPECIFIED.);
#1535=DEFINITIONAL_REPRESENTATION('',(#1534),#901);
#1536=PCURVE('',#488,#1535);
#1537=CARTESIAN_POINT('',(0.00000000000000000E0,1.00000000000000000E0));
#1538=CARTESIAN_POINT('',(0.00000000000000000E0,0.00000000000000000E0));
#1539=B_SPLINE_CURVE_WITH_KNOTS('',1,(#1537,#1538),.UNSPECIFIED.,.F.,.F.,(2,2),(0.00000000000000000E0,1.00000000000000000E0),.UNSPECIFIED.);
#1540=DEFINITIONAL_REPRESENTATION('',(#1539),#901);
#1541=PCURVE('',#488,#1540);
#1542=CARTESIAN_POINT('',(0.00000000000000000E0,0.00000000000000000E0));
#1543=CARTESIAN_POINT('',(1.00000000000000000E0,0.00000000000000000E0));
#1544=B_SPLINE_CURVE_WITH_KNOTS('',1,(#1542,#1543),.UNSPECIFIED.,.F.,.F.,(2,2),(0.00000000000000000E0,1.00000000000000000E0),.UNSPECIFIED.);
#1545=DEFINITIONAL_REPRESENTATION('',(#1544),#901);
#1546=PCURVE('',#501,#1545);
#1547=CARTESIAN_POINT('',(1.00000000000000000E0,0.00000000000000000E0));
#1548=CARTESIAN_POINT('',(1.00000000000000000E0,1.00000000000000000E0));
#1549=B_SPLINE_CURVE_WITH_KNOTS('',1,(#1547,#1548),.UNSPECIFIED.,.F.,.F.,(2,2),(0.00000000000000000E0,1.00000000000000000E0),.UNSPECIFIED.);
#1550=DEFINITIONAL_REPRESENTATION('',(#1549),#901);
#1551=PCURVE('',#501,#1550);
#1552=CARTESIAN_POINT('',(1.00000000000000000E0,1.00000000000000000E0));
#1553=CARTESIAN_POINT('',(0.00000000000000000E0,1.00000000000000000E0));
#1554=B_SPLINE_CURVE_WITH_KNOTS('',1,(#1552,#1553),.UNSPECIFIED.,.F.,.F.,(2,2),(0.00000000000000000E0,1.00000000000000000E0),.UNSPECIFIED.);
#1555=DEFINITIONAL_REPRESENTATION('',(#1554),#901);
#1556=PCURVE('',#501,#1555);
#1557=CARTESIAN_POINT('',(0.00000000000000000E0,1.00000000000000000E0));
#1558=CARTESIAN_POINT('',(0.00000000000000000E0,0.00000000000000000E0));
#1559=B_SPLINE_CURVE_WITH_KNOTS('',1,(#1557,#1558),.UNSPECIFIED.,.F.,.F.,(2,2),(0.00000000000000000E0,1.00000000000000000E0),.UNSPECIFIED.);
#1560=DEFINITIONAL_REPRESENTATION('',(#1559),#901);
#1561=PCURVE('',#501,#1560);
#1562=CARTESIAN_POINT('',(0.00000000000000000E0,0.00000000000000000E0));
#1563=CARTESIAN_POINT('',(1.00000000000000000E0,0.00000000000000000E0));
#1564=B_SPLINE_CURVE_WITH_KNOTS('',1,(#1562,#1563),.UNSPECIFIED.,.F.,.F.,(2,2),(0.00000000000000000E0,1.00000000000000000E0),.UNSPECIFIED.);
#1565=DEFINITIONAL_REPRESENTATION('',(#1564),#901);
#1566=PCURVE('',#514,#1565);
#1567=CARTESIAN_POINT('',(1.00000000000000000E0,0.00000000000000000E0));
#1568=CARTESIAN_POINT('',(1.00000000000000000E0,1.00000000000000000E0));
#1569=B_SPLINE_CURVE_WITH_KNOTS('',1,(#1567,#1568),.UNSPECIFIED.,.F.,.F.,(2,2),(0.00000000000000000E0,1.00000000000000000E0),.UNSPECIFIED.);
#1570=DEFINITIONAL_REPRESENTATION('',(#1569),#901);
#1571=PCURVE('',#514,#1570);
#1572=CARTESIAN_POINT('',(1.00000000000000000E0,1.00000000000000000E0));
#1573=CARTESIAN_POINT('',(0.00000000000000000E0,1.00000000000000000E0));
#1574=B_SPLINE_CURVE_WITH_KNOTS('',1,(#1572,#1573),.UNSPECIFIED.,.F.,.F.,(2,2),(0.00000000000000000E0,1.00000000000000000E0),.UNSPECIFIED.);
#1575=DEFINITIONAL_REPRESENTATION('',(#1574),#901);
#1576=PCURVE('',#514,#1575);
#1577=CARTESIAN_POINT('',(0.00000000000000000E0,1.00000000000000000E0));
#1578=CARTESIAN_POINT('',(0.00000000000000000E0,0.00000000000000000E0));
#1579=B_SPLINE_CURVE_WITH_KNOTS('',1,(#1577,#1578),.UNSPECIFIED.,.F.,.F.,(2,2),(0.00000000000000000E0,1.00000000000000000E0),.UNSPECIFIED.);
#1580=DEFINITIONAL_REPRESENTATION('',(#1579),#901);
#1581=PCURVE('',#514,#1580);
#1582=CARTESIAN_POINT('',(0.00000000000000000E0,0.00000000000000000E0));
#1583=CARTESIAN_POINT('',(1.00000000000000000E0,0.00000000000000000E0));
#1584=B_SPLINE_CURVE_WITH_KNOTS('',1,(#1582,#1583),.UNSPECIFIED.,.F.,.F.,(2,2),(0.00000000000000000E0,1.00000000000000000E0),.UNSPECIFIED.);
#1585=DEFINITIONAL_REPRESENTATION('',(#1584),#901);
#1586=PCURVE('',#527,#1585);
#1587=CARTESIAN_POINT('',(1.00000000000000000E0,0.00000000000000000E0));
#1588=CARTESIAN_POINT('',(1.00000000000000000E0,1.00000000000000000E0));
#1589=B_SPLINE_CURVE_WITH_KNOTS('',1,(#1587,#1588),.UNSPECIFIED.,.F.,.F.,(2,2),(0.00000000000000000E0,1.00000000000000000E0),.UNSPECIFIED.);
#1590=DEFINITIONAL_REPRESENTATION('',(#1589),#901);
#1591=PCURVE('',#527,#1590);
#1592=CARTESIAN_POINT('',(1.00000000000000000E0,1.00000000000000000E0));
#1593=CARTESIAN_POINT('',(0.00000000000000000E0,1.00000000000000000E0));
#1594=B_SPLINE_CURVE_WITH_KNOTS('',1,(#1592,#1593),.UNSPECIFIED.,.F.,.F.,(2,2),(0.00000000000000000E0,1.00000000000000000E0),.UNSPECIFIED.);
#1595=DEFINITIONAL_REPRESENTATION('',(#1594),#901);
#1596=PCURVE('',#527,#1595);
#1597=CARTESIAN_POINT('',(0.00000000000000000E0,1.00000000000000000E0));
#1598=CARTESIAN_POINT('',(0.00000000000000000E0,0.00000000000000000E0));
#1599=B_SPLINE_CURVE_WITH_KNOTS('',1,(#1597,#1598),.UNSPECIFIED.,.F.,.F.,(2,2),(0.00000000000000000E0,1.00000000000000000E0),.UNSPECIFIED.);
#1600=DEFINITIONAL_REPRESENTATION('',(#1599),#901);
#1601=PCURVE('',#527,#1600);
#1602=CARTESIAN_POINT('',(0.00000000000000000E0,0.00000000000000000E0));
#1603=CARTESIAN_POINT('',(1.00000000000000000E0,0.00000000000000000E0));
#1604=B_SPLINE_CURVE_WITH_KNOTS('',1,(#1602,#1603),.UNSPECIFIED.,.F.,.F.,(2,2),(0.00000000000000000E0,1.00000000000000000E0),.UNSPECIFIED.);
#1605=DEFINITIONAL_REPRESENTATION('',(#1604),#901);
#1606=PCURVE('',#540,#1605);
#1607=CARTESIAN_POINT('',(1.00000000000000000E0,0.00000000000000000E0));
#1608=CARTESIAN_POINT('',(1.00000000000000000E0,1.00000000000000000E0));
#1609=B_SPLINE_CURVE_WITH_KNOTS('',1,(#1607,#1608),.UNSPECIFIED.,.F.,.F.,(2,2),(0.00000000000000000E0,1.00000000000000000E0),.UNSPECIFIED.);
#1610=DEFINITIONAL_REPRESENTATION('',(#1609),#901);
#1611=PCURVE('',#540,#1610);
#1612=CARTESIAN_POINT('',(1.00000000000000000E0,1.00000000000000000E0));
#1613=CARTESIAN_POINT('',(0.00000000000000000E0,1.00000000000000000E0));
#1614=B_SPLINE_CURVE_WITH_KNOTS('',1,(#1612,#1613),.UNSPECIFIED.,.F.,.F.,(2,2),(0.00000000000000000E0,1.00000000000000000E0),.UNSPECIFIED.);
#1615=DEFINITIONAL_REPRESENTATION('',(#1614),#901);
#1616=PCURVE('',#540,#1615);
#1617=CARTESIAN_POINT('',(0.00000000000000000E0,1.00000000000000000E0));
#1618=CARTESIAN_POINT('',(0.00000000000000000E0,0.00000000000000000E0));
#1619=B_SPLINE_CURVE_WITH_KNOTS('',1,(#1617,#1618),.UNSPECIFIED.,.F.,.F.,(2,2),(0.00000000000000000E0,1.00000000000000000E0),.UNSPECIFIED.);
#1620=DEFINITIONAL_REPRESENTATION('',(#1619),#901);
#1621=PCURVE('',#540,#1620);
#1622=SURFACE_CURVE('',#543,(#906,#1556),.PCURVE_S1.);
#1623=EDGE_CURVE('OSCAD_TOPO/3|edge|e:f7356d09229440bf4adafcacb4ac80a9|9d624150200d25b42bd91d548de00825fb0dc742903108439d0debae6d589f63',#2,#4,#1622,.T.);
#1624=SURFACE_CURVE('',#550,(#911,#941),.PCURVE_S1.);
#1625=EDGE_CURVE('OSCAD_TOPO/3|edge|e:9db4f009b318ff5f094ee9e536f0be1b|3ac5e2daeac5a2401c540df12f5c9578f10ce5ae7f1a38dc313b01807990eedf',#4,#12,#1624,.T.);
#1626=SURFACE_CURVE('',#553,(#916,#986),.PCURVE_S1.);
#1627=EDGE_CURVE('OSCAD_TOPO/3|edge|e:53b4961cf3af868133410ece51760996|2fc584a161ad39367037e1f2cd7d73582dd057d86d3b1747d4b6297e857144d9',#10,#12,#1626,.T.);
#1628=SURFACE_CURVE('',#560,(#921,#971),.PCURVE_S1.);
#1629=EDGE_CURVE('OSCAD_TOPO/3|edge|e:5f3af3b416b67a5b402f4657a524fb28|c2b9bf56c01a6c3bde3e8729f854ce8a19fdea01d458f482bfff4f69b58b42ef',#2,#10,#1628,.T.);
#1630=SURFACE_CURVE('',#563,(#926,#1576),.PCURVE_S1.);
#1631=EDGE_CURVE('OSCAD_TOPO/3|edge|e:71dcad85fc4b9a175632dc8e2c82cb5d|6ddf2e6e65a96ea4485b83cd2ef925af4c7b04eb48998129752e4bd859b6c0cb',#4,#6,#1630,.T.);
#1632=SURFACE_CURVE('',#570,(#931,#961),.PCURVE_S1.);
#1633=EDGE_CURVE('OSCAD_TOPO/3|edge|e:596583e5e89fdb7082b2401310fcaf1e|eebb64dd5456ceff555721269d2d5c0204656b66cd9a9c672894e22f89b08dda',#6,#14,#1632,.T.);
#1634=SURFACE_CURVE('',#573,(#936,#1006),.PCURVE_S1.);
#1635=EDGE_CURVE('OSCAD_TOPO/3|edge|e:b2229067f797bfc9545d2f3ec91fbf0d|5512a66695cd2278b98028bcd3aa03e4c100f83c0d01a5ed363fb78466bb7404',#12,#14,#1634,.T.);
#1636=SURFACE_CURVE('',#576,(#946,#1596),.PCURVE_S1.);
#1637=EDGE_CURVE('OSCAD_TOPO/3|edge|e:0932190420c490b7625a5567d856041a|49c13214e610f964cb4cd3f431d55fdac0daca3fc21814caa1187d1cae66c3ab',#6,#8,#1636,.T.);
#1638=SURFACE_CURVE('',#583,(#951,#981),.PCURVE_S1.);
#1639=EDGE_CURVE('OSCAD_TOPO/3|edge|e:8e1d11883094e5285f29eff9df356320|9d5140f6232033162cb0f58a6b6340b961871b2eb512fcfce9b25f696b8349f3',#8,#16,#1638,.T.);
#1640=SURFACE_CURVE('',#586,(#956,#1026),.PCURVE_S1.);
#1641=EDGE_CURVE('OSCAD_TOPO/3|edge|e:398e7e8740d368e322e7ba527d52b56d|9ad11e5ca2162820c9acad848c83cb17fed58e585635193ceab04a22604874c0',#14,#16,#1640,.T.);
#1642=SURFACE_CURVE('',#589,(#966,#1616),.PCURVE_S1.);
#1643=EDGE_CURVE('OSCAD_TOPO/3|edge|e:80bb11254df74f1c94652b7250b47ec6|797816a451ae05823b93083313fbf8bc2bbd594933c5115f0d1d6c7bdbee42ed',#2,#8,#1642,.T.);
#1644=SURFACE_CURVE('',#592,(#976,#1046),.PCURVE_S1.);
#1645=EDGE_CURVE('OSCAD_TOPO/3|edge|e:f523ddcb5f898bdb6d4c671a9aa42f5e|93c30970f44277ec0454aa569a6cf185951caa0737fdff48f2444aacca57ddee',#10,#16,#1644,.T.);
#1646=SURFACE_CURVE('',#599,(#991,#1021),.PCURVE_S1.);
#1647=EDGE_CURVE('OSCAD_TOPO/3|edge|e:b671a1f55223241213ef911a91c318a0|33c43253fa1152c9546847754012e734d033f4b5d126038ba0610c949a3526b4',#12,#20,#1646,.T.);
#1648=SURFACE_CURVE('',#602,(#996,#1066),.PCURVE_S1.);
#1649=EDGE_CURVE('OSCAD_TOPO/3|edge|e:5cbddc2abf96fbb52b8e3fb6a8c1a4c1|4d34c2f3198ee010eb9d77444209b4dc68b2a1579857940719c2a8a4100aa99a',#18,#20,#1648,.T.);
#1650=SURFACE_CURVE('',#609,(#1001,#1051),.PCURVE_S1.);
#1651=EDGE_CURVE('OSCAD_TOPO/3|edge|e:9f414e4f080d210bc9e9009e862f65e4|2ce0b6ad833716e6500f825cad733a2e262c298dfd789c1c71550e8451328c37',#10,#18,#1650,.T.);
#1652=SURFACE_CURVE('',#616,(#1011,#1041),.PCURVE_S1.);
#1653=EDGE_CURVE('OSCAD_TOPO/3|edge|e:98dac465cb491c445e7edf5d78a13b17|55976e753bfb93db6997e24e996051b539406d8d0dcbc3e4a100e64625b030eb',#14,#22,#1652,.T.);
#1654=SURFACE_CURVE('',#619,(#1016,#1086),.PCURVE_S1.);
#1655=EDGE_CURVE('OSCAD_TOPO/3|edge|e:009044c17def429b115ad9a1d8b3cc4a|a783c264c6f501eddd83eaedee8245ee7a64d99ad35971f827faa34ce15255df',#20,#22,#1654,.T.);
#1656=SURFACE_CURVE('',#626,(#1031,#1061),.PCURVE_S1.);
#1657=EDGE_CURVE('OSCAD_TOPO/3|edge|e:213717f5a39e6522c1009eb34fa3dd5f|254ada30606f86cd2a071a6b8a8d6d7a5fbc85eef6f8efe40e6c3deb0754ed1a',#16,#24,#1656,.T.);
#1658=SURFACE_CURVE('',#629,(#1036,#1106),.PCURVE_S1.);
#1659=EDGE_CURVE('OSCAD_TOPO/3|edge|e:bd4e9628a71f46701d71efb79d8a84da|4a59e7514bf40917054f1da68195d2f64eeaf3575e31b434b55dead0fdccbb61',#22,#24,#1658,.T.);
#1660=SURFACE_CURVE('',#632,(#1056,#1126),.PCURVE_S1.);
#1661=EDGE_CURVE('OSCAD_TOPO/3|edge|e:e6bb02d91826c10462f6393d6571bf5d|0061ed957044275cb46216467ebc119eb7e1b993e147eb96344fc42c3112fb42',#18,#24,#1660,.T.);
#1662=SURFACE_CURVE('',#639,(#1071,#1101),.PCURVE_S1.);
#1663=EDGE_CURVE('OSCAD_TOPO/3|edge|e:27ea9d24bc265c8b2bc4a5b63db78b96|a67f2fcd391240f6e652fc37be494bca677a3bb8ffefa9e2b792c02546ff704d',#20,#28,#1662,.T.);
#1664=SURFACE_CURVE('',#642,(#1076,#1146),.PCURVE_S1.);
#1665=EDGE_CURVE('OSCAD_TOPO/3|edge|e:19d0cf78c7ba5979ef9883dc99e8351a|5ed73919af5b6d83bbb5fce78990f5cba568d1ea9a1a49168b8e474420289e8a',#26,#28,#1664,.T.);
#1666=SURFACE_CURVE('',#649,(#1081,#1131),.PCURVE_S1.);
#1667=EDGE_CURVE('OSCAD_TOPO/3|edge|e:8729efc3428279a4998e0c57d6792bcb|6bcf6268ac524a89da4efa22a31df9a362ba3007a7fd854992b217b5baa4399e',#18,#26,#1666,.T.);
#1668=SURFACE_CURVE('',#656,(#1091,#1121),.PCURVE_S1.);
#1669=EDGE_CURVE('OSCAD_TOPO/3|edge|e:8086af155b2598d919c3922bb16f9bc8|6ff351d39ee0911e5c4cabbbc4926c0ef6d9a2c685c9d64270fd91ccc6f54b77',#22,#30,#1668,.T.);
#1670=SURFACE_CURVE('',#659,(#1096,#1166),.PCURVE_S1.);
#1671=EDGE_CURVE('OSCAD_TOPO/3|edge|e:44d3d87c27a7b56d79665ab4948f1404|0d4b2c8821aafd61f640bcb1c19c2b6402efd98d5a1a1608960edbcbcd358ff3',#28,#30,#1670,.T.);
#1672=SURFACE_CURVE('',#666,(#1111,#1141),.PCURVE_S1.);
#1673=EDGE_CURVE('OSCAD_TOPO/3|edge|e:81f632486a93737b6640e23c305d7f60|062c1505cd317a20cba4a97b54c9db23d61406642de22b5bb73bdf45e4e8846e',#24,#32,#1672,.T.);
#1674=SURFACE_CURVE('',#669,(#1116,#1186),.PCURVE_S1.);
#1675=EDGE_CURVE('OSCAD_TOPO/3|edge|e:901985dddcd1c12eb14e1f086887611b|a9e6f58f89c467a09bfff2f21f77d2ef04d7abc09faeecd62c8752df6f444def',#30,#32,#1674,.T.);
#1676=SURFACE_CURVE('',#672,(#1136,#1206),.PCURVE_S1.);
#1677=EDGE_CURVE('OSCAD_TOPO/3|edge|e:2a9d8ef1d59bded597e22214993c0ba2|69ef6f6936c58f7b55a8df601ee497088edcbbcdca446738786391c4fe61727c',#26,#32,#1676,.T.);
#1678=SURFACE_CURVE('',#679,(#1151,#1181),.PCURVE_S1.);
#1679=EDGE_CURVE('OSCAD_TOPO/3|edge|e:55599d4b192443afe6f3ede79e6bce1a|75a926d0202df2bf955cb74c9d79d2c3a4972fbe3265230990fc208231f92092',#28,#36,#1678,.T.);
#1680=SURFACE_CURVE('',#682,(#1156,#1226),.PCURVE_S1.);
#1681=EDGE_CURVE('OSCAD_TOPO/3|edge|e:f1756cb923daed59f7dcf0eb80acfa40|d7d86e83bb0e2e66f4c082509a31c9213fb5d1546f094e2a5c4889935e89c6d0',#34,#36,#1680,.T.);
#1682=SURFACE_CURVE('',#689,(#1161,#1211),.PCURVE_S1.);
#1683=EDGE_CURVE('OSCAD_TOPO/3|edge|e:a0ef8d74de57e19b52b5d12a99fb729b|8b92b81b973b7fdff89edacff47404a7d27f4b179169419bf2940538f7db4268',#26,#34,#1682,.T.);
#1684=SURFACE_CURVE('',#696,(#1171,#1201),.PCURVE_S1.);
#1685=EDGE_CURVE('OSCAD_TOPO/3|edge|e:e1782462536a5a39582e5b02716fee48|dbdf66edb5db3d05361504b7d632107df46e34b3d6e2e6b95e210ffd3bff6704',#30,#38,#1684,.T.);
#1686=SURFACE_CURVE('',#699,(#1176,#1246),.PCURVE_S1.);
#1687=EDGE_CURVE('OSCAD_TOPO/3|edge|e:42f3b2abc9e7e103d96926c53be9854b|a19edcf18a85306c1b1e7c07fee264f775841aef554bf2c779c854af69648394',#36,#38,#1686,.T.);
#1688=SURFACE_CURVE('',#706,(#1191,#1221),.PCURVE_S1.);
#1689=EDGE_CURVE('OSCAD_TOPO/3|edge|e:371f705ff48a7bce2362317276063ab3|0e13dc54e5031cd761bfda784a0dfdb5bff001021ee4f11421ddf78054fe5783',#32,#40,#1688,.T.);
#1690=SURFACE_CURVE('',#709,(#1196,#1266),.PCURVE_S1.);
#1691=EDGE_CURVE('OSCAD_TOPO/3|edge|e:3f4bd237ac136a29702d5e7cdd29ba43|4481fcf5731e7c3970dbcfb7531fd149801ec10faa769b4a5ed99f69621b7cb9',#38,#40,#1690,.T.);
#1692=SURFACE_CURVE('',#712,(#1216,#1286),.PCURVE_S1.);
#1693=EDGE_CURVE('OSCAD_TOPO/3|edge|e:5e4cefd2f59bb9298b6e0fc15c4e53f2|04a99e75a90a2ec0e20f0895c096a121124338aef69c8982826ae82420d850a9',#34,#40,#1692,.T.);
#1694=SURFACE_CURVE('',#719,(#1231,#1261),.PCURVE_S1.);
#1695=EDGE_CURVE('OSCAD_TOPO/3|edge|e:6ce6584ed705ce79c665182e6a2f8712|6521a757d9a0c44191b1e70a169b3d336657119e1952600b247c150453df6157',#36,#44,#1694,.T.);
#1696=SURFACE_CURVE('',#722,(#1236,#1306),.PCURVE_S1.);
#1697=EDGE_CURVE('OSCAD_TOPO/3|edge|e:9c14ce9e33666c8fdb1186d57b7ea73e|2bac0e1dce81e01cc956f6e93fac489453da05bcf0519600294c5c6b8bf106ad',#42,#44,#1696,.T.);
#1698=SURFACE_CURVE('',#729,(#1241,#1291),.PCURVE_S1.);
#1699=EDGE_CURVE('OSCAD_TOPO/3|edge|e:2ed368d914da1c7adec5e1047d952021|864b94e1721fa2d79f033bc077534af2ae5a96c7a21096cc44cc41954b7a84cc',#34,#42,#1698,.T.);
#1700=SURFACE_CURVE('',#736,(#1251,#1281),.PCURVE_S1.);
#1701=EDGE_CURVE('OSCAD_TOPO/3|edge|e:41aa4d7b5305e846a0f2e7f2cb98f68f|b70f505f336bf96d97596f135fb762b8005f99c9bf14168e1d2e4d8a835849b9',#38,#46,#1700,.T.);
#1702=SURFACE_CURVE('',#739,(#1256,#1326),.PCURVE_S1.);
#1703=EDGE_CURVE('OSCAD_TOPO/3|edge|e:c0ce124effc154506d7eed0141b630a6|35a1a30d11c1129a7ae195058324561feaa04ab43838d3567f644b378ee0f8f2',#44,#46,#1702,.T.);
#1704=SURFACE_CURVE('',#746,(#1271,#1301),.PCURVE_S1.);
#1705=EDGE_CURVE('OSCAD_TOPO/3|edge|e:79f72601474d5b8084f7e6160f460de7|7e2b57515465b5089884b75f0d7b68cd461df39fd703b1006af07ba0da8ee4f3',#40,#48,#1704,.T.);
#1706=SURFACE_CURVE('',#749,(#1276,#1346),.PCURVE_S1.);
#1707=EDGE_CURVE('OSCAD_TOPO/3|edge|e:a67c1a605b4d69418d2ae964a1483fe1|121b69a545473276a99d053257f6e4bdc1f900d5b1e6058eb944e5d6258474b7',#46,#48,#1706,.T.);
#1708=SURFACE_CURVE('',#752,(#1296,#1366),.PCURVE_S1.);
#1709=EDGE_CURVE('OSCAD_TOPO/3|edge|e:bd6fa70cf81d013dd19db76007bca482|be1d9e03675542674c14c35b61d31636eb43e4e6e935cc6b8b5e5c800ad34f01',#42,#48,#1708,.T.);
#1710=SURFACE_CURVE('',#759,(#1311,#1341),.PCURVE_S1.);
#1711=EDGE_CURVE('OSCAD_TOPO/3|edge|e:24645e8a11af444f5fd94c7b930b029b|94243e89e7c8d40ab0b392068c13075015d897c0723056fce2ab1909aa9d715b',#44,#52,#1710,.T.);
#1712=SURFACE_CURVE('',#762,(#1316,#1386),.PCURVE_S1.);
#1713=EDGE_CURVE('OSCAD_TOPO/3|edge|e:92f471bef531b3f382afcdcd6fd27a42|13e0322a66d0f936ce55f0aaaeaa00d2a031d11449632198c643900d4ff29de7',#50,#52,#1712,.T.);
#1714=SURFACE_CURVE('',#769,(#1321,#1371),.PCURVE_S1.);
#1715=EDGE_CURVE('OSCAD_TOPO/3|edge|e:825af18840f64db25188b3af9c638e80|f69a8eb180b14eda59ac49fb4295426b47f3988e20af675aba91ec529267de9b',#42,#50,#1714,.T.);
#1716=SURFACE_CURVE('',#776,(#1331,#1361),.PCURVE_S1.);
#1717=EDGE_CURVE('OSCAD_TOPO/3|edge|e:0c0cd092339dd64200b940d8c97c9c5b|3c8dee1d6f971682c01e4e98c3d27faa43d12a10dd33d1b01bb56d2986495cb4',#46,#54,#1716,.T.);
#1718=SURFACE_CURVE('',#779,(#1336,#1406),.PCURVE_S1.);
#1719=EDGE_CURVE('OSCAD_TOPO/3|edge|e:2bff185797391951aaf818daa0343e43|c455e34aa6b339fa54fb5f484ac8995d5a93b20797b4e1ff64c76632ea2fe39d',#52,#54,#1718,.T.);
#1720=SURFACE_CURVE('',#786,(#1351,#1381),.PCURVE_S1.);
#1721=EDGE_CURVE('OSCAD_TOPO/3|edge|e:9e3a2c8269761746ce2c0734ed788691|c6f1e7f266e8dc0f455bf6defd528fcd476ff60597678135c0807d8e4a211fe5',#48,#56,#1720,.T.);
#1722=SURFACE_CURVE('',#789,(#1356,#1426),.PCURVE_S1.);
#1723=EDGE_CURVE('OSCAD_TOPO/3|edge|e:4b4662558af4ad712405117e83705f1a|871fd39713d50966770a0a7f2cfece2e89a517195ebcd5db5f92ac4b25636608',#54,#56,#1722,.T.);
#1724=SURFACE_CURVE('',#792,(#1376,#1446),.PCURVE_S1.);
#1725=EDGE_CURVE('OSCAD_TOPO/3|edge|e:d165b49685b34bae5486907cb07e3113|bf5e4087c6a41aa87828c9b457cefec553659d49954b0dadb731597f5fcc8c0a',#50,#56,#1724,.T.);
#1726=SURFACE_CURVE('',#799,(#1391,#1421),.PCURVE_S1.);
#1727=EDGE_CURVE('OSCAD_TOPO/3|edge|e:e3e56628aff5fe603295c571638b9ed9|7bfb6ebd6a221bda7e73dd4c85b94190889637a9d4baf9cca4c6694e614ac380',#52,#60,#1726,.T.);
#1728=SURFACE_CURVE('',#802,(#1396,#1466),.PCURVE_S1.);
#1729=EDGE_CURVE('OSCAD_TOPO/3|edge|e:603a5ab4820f44908c8eab399795ba4a|9005b7e5db8b56cdfe761994bf67e396c3e7dcfd9d726199c5fc7e54eedea897',#58,#60,#1728,.T.);
#1730=SURFACE_CURVE('',#809,(#1401,#1451),.PCURVE_S1.);
#1731=EDGE_CURVE('OSCAD_TOPO/3|edge|e:2275fe812376b4467af360d729dc7d9d|92f835e18ed762d0b1687bb95e098752fb1b8de2fe458139245080e689777906',#50,#58,#1730,.T.);
#1732=SURFACE_CURVE('',#816,(#1411,#1441),.PCURVE_S1.);
#1733=EDGE_CURVE('OSCAD_TOPO/3|edge|e:6421348777e60b8ea85e4ea4a4149bdf|001188a9c313361bd619396e6dd0dba7eb35d2f284f980a4d73f9e2cb0f1ee97',#54,#62,#1732,.T.);
#1734=SURFACE_CURVE('',#819,(#1416,#1486),.PCURVE_S1.);
#1735=EDGE_CURVE('OSCAD_TOPO/3|edge|e:4b7b860a680d475890d216e5875d5196|35e83640cbb602e14b7f2a09389083af8bfee9d678873bcfa487c3245442ad20',#60,#62,#1734,.T.);
#1736=SURFACE_CURVE('',#826,(#1431,#1461),.PCURVE_S1.);
#1737=EDGE_CURVE('OSCAD_TOPO/3|edge|e:2d796061633a6c1481f3752d636286a1|cacf5020fea7d80905fc062ccd327c9d3d87f6f494d6cb0dd6dae42006e58ad6',#56,#64,#1736,.T.);
#1738=SURFACE_CURVE('',#829,(#1436,#1506),.PCURVE_S1.);
#1739=EDGE_CURVE('OSCAD_TOPO/3|edge|e:85ff78b1dd5c5fa674afdcb4e937c15d|3f21f6c69007583772e5ce8a6e1c9e6562ab1a51777bdc36c5a19277eff0126f',#62,#64,#1738,.T.);
#1740=SURFACE_CURVE('',#832,(#1456,#1526),.PCURVE_S1.);
#1741=EDGE_CURVE('OSCAD_TOPO/3|edge|e:bcfebc7cb070833284aec66a2f58ac59|fe749d8f6f0381103974a52b3a061e90bafbe20c4a7a3721e13da3c3760ae7ba',#58,#64,#1740,.T.);
#1742=SURFACE_CURVE('',#839,(#1471,#1501),.PCURVE_S1.);
#1743=EDGE_CURVE('OSCAD_TOPO/3|edge|e:7cd399a7d93ea220193cc15f570ac7ae|a4f4f0c85c408e7d4bc402ceed975148e444ce5a5a032819be891834e14f7f75',#60,#68,#1742,.T.);
#1744=SURFACE_CURVE('',#842,(#1476,#1546),.PCURVE_S1.);
#1745=EDGE_CURVE('OSCAD_TOPO/3|edge|e:b05e226ab7d1ccd12292649ed7a5562d|9ca00632d5a2c31a617b8785f601e95e88dc4900bd3077134af455c8279e9322',#66,#68,#1744,.T.);
#1746=SURFACE_CURVE('',#849,(#1481,#1531),.PCURVE_S1.);
#1747=EDGE_CURVE('OSCAD_TOPO/3|edge|e:a2cce90b522e48239e7facb37ce6b3a3|aa20bd83cf5f6bcf76ade27aeac80bb21d7d000da09f8bf5ca1e1f6f1c6a9358',#58,#66,#1746,.T.);
#1748=SURFACE_CURVE('',#856,(#1491,#1521),.PCURVE_S1.);
#1749=EDGE_CURVE('OSCAD_TOPO/3|edge|e:4fe7af039e97f2e5efabf0b2a5c5860c|574059c32b165101d26453b7f082c0a5ff0d39ebc5b0fb9288ed1f56f42e4571',#62,#70,#1748,.T.);
#1750=SURFACE_CURVE('',#859,(#1496,#1566),.PCURVE_S1.);
#1751=EDGE_CURVE('OSCAD_TOPO/3|edge|e:be3197ef89b38b94764cb68e0e0d0622|fbfe15403de0b9474229cb2da0c197f32af3ca77d57e54602c5297a489a5130d',#68,#70,#1750,.T.);
#1752=SURFACE_CURVE('',#866,(#1511,#1541),.PCURVE_S1.);
#1753=EDGE_CURVE('OSCAD_TOPO/3|edge|e:c64b0e8c88161525f9611af57bc93972|52fe85629d4267ff8b9fc9ffb1a6d56ea564474a4fbffd5318f23347873c731c',#64,#72,#1752,.T.);
#1754=SURFACE_CURVE('',#869,(#1516,#1586),.PCURVE_S1.);
#1755=EDGE_CURVE('OSCAD_TOPO/3|edge|e:a42a4c882d72f54e39578635d36e2397|5c43c40d0ac650af4aa841adb2a1970ca3d71b19ad5be8cc453b4f7e19804fa3',#70,#72,#1754,.T.);
#1756=SURFACE_CURVE('',#872,(#1536,#1606),.PCURVE_S1.);
#1757=EDGE_CURVE('OSCAD_TOPO/3|edge|e:1fea9196440fa8560eb6a2a1005f51e2|5d01b89ad1a7aeb40c6622a7d6cd744b742573e9f7827f914e24ef3c95847ddd',#66,#72,#1756,.T.);
#1758=SURFACE_CURVE('',#879,(#1551,#1581),.PCURVE_S1.);
#1759=EDGE_CURVE('OSCAD_TOPO/3|edge|e:e1e5623bd87264edc2ab7033f3f5e685|b37ab1c5436f8e40c191dfa828fcba20ba4481337d3957728839307621a5492e',#4,#68,#1758,.T.);
#1760=SURFACE_CURVE('',#886,(#1561,#1611),.PCURVE_S1.);
#1761=EDGE_CURVE('OSCAD_TOPO/3|edge|e:355498b44c5e25774e712d6b08538c70|7c867124192e437486766549a1214508ccc93fe090c13dd01e6cc1c1b2bd9a91',#2,#66,#1760,.T.);
#1762=SURFACE_CURVE('',#893,(#1571,#1601),.PCURVE_S1.);
#1763=EDGE_CURVE('OSCAD_TOPO/3|edge|e:2bed764ce65c1e937cc3d9e41423a46d|87aa1fb6d7d439d2f51277ea3b858a2f59f2618cc58a23c159e5514ef855d2a0',#6,#70,#1762,.T.);
#1764=SURFACE_CURVE('',#900,(#1591,#1621),.PCURVE_S1.);
#1765=EDGE_CURVE('OSCAD_TOPO/3|edge|e:6f33912486d6ec888db11e15f8cb4f6d|7e1921d36bc4e62f42adad7160a22a8c6dedd164bb8706e8a28ac2f60f503299',#8,#72,#1764,.T.);
#1766=ORIENTED_EDGE('',*,*,#1623,.T.);
#1767=ORIENTED_EDGE('',*,*,#1625,.T.);
#1768=ORIENTED_EDGE('',*,*,#1627,.F.);
#1769=ORIENTED_EDGE('',*,*,#1629,.F.);
#1770=EDGE_LOOP('OSCAD_TOPO/3|loop|l:1e73775f54c747f4a3c13dc23d5d715a|7398c856390f67eede01c149c4e74b9403ee7088899c2fe3487bb470eaf0f48d',(#1766,#1767,#1768,#1769));
#1771=ORIENTED_EDGE('',*,*,#1631,.T.);
#1772=ORIENTED_EDGE('',*,*,#1633,.T.);
#1773=ORIENTED_EDGE('',*,*,#1635,.F.);
#1774=ORIENTED_EDGE('',*,*,#1625,.F.);
#1775=EDGE_LOOP('OSCAD_TOPO/3|loop|l:5322a77fbed00217c1de77e838fee7d6|ec3656cf3c3e9e381729a7a4628915c102a4da9a369442b4da8c6d5b0f845c77',(#1771,#1772,#1773,#1774));
#1776=ORIENTED_EDGE('',*,*,#1637,.T.);
#1777=ORIENTED_EDGE('',*,*,#1639,.T.);
#1778=ORIENTED_EDGE('',*,*,#1641,.F.);
#1779=ORIENTED_EDGE('',*,*,#1633,.F.);
#1780=EDGE_LOOP('OSCAD_TOPO/3|loop|l:552409f9754c1175d7b5dc1dae15a5cb|cd5ad979e812149a04e97628818a68da04ebb71fabb55caa2270cc4e8f7d806d',(#1776,#1777,#1778,#1779));
#1781=ORIENTED_EDGE('',*,*,#1643,.F.);
#1782=ORIENTED_EDGE('',*,*,#1629,.T.);
#1783=ORIENTED_EDGE('',*,*,#1645,.T.);
#1784=ORIENTED_EDGE('',*,*,#1639,.F.);
#1785=EDGE_LOOP('OSCAD_TOPO/3|loop|l:5ecadda79a451bd4337db6bfd001513d|8234edaf6f0017d24ad2297ba76fd74293411fc621d47d7a3ac6ca276d6bdebc',(#1781,#1782,#1783,#1784));
#1786=ORIENTED_EDGE('',*,*,#1627,.T.);
#1787=ORIENTED_EDGE('',*,*,#1647,.T.);
#1788=ORIENTED_EDGE('',*,*,#1649,.F.);
#1789=ORIENTED_EDGE('',*,*,#1651,.F.);
#1790=EDGE_LOOP('OSCAD_TOPO/3|loop|l:1bd6b59e18595fb99e73d8a37688df95|602e5f81d36535e1219299c05a2a092c74ad817ab56538b4f8b24721df02acdd',(#1786,#1787,#1788,#1789));
#1791=ORIENTED_EDGE('',*,*,#1635,.T.);
#1792=ORIENTED_EDGE('',*,*,#1653,.T.);
#1793=ORIENTED_EDGE('',*,*,#1655,.F.);
#1794=ORIENTED_EDGE('',*,*,#1647,.F.);
#1795=EDGE_LOOP('OSCAD_TOPO/3|loop|l:24c72805c8da2f447fb210720c445fee|75dd1cf3b97697fa907f9c759851150a866130855e237d31992015f35ab7652f',(#1791,#1792,#1793,#1794));
#1796=ORIENTED_EDGE('',*,*,#1641,.T.);
#1797=ORIENTED_EDGE('',*,*,#1657,.T.);
#1798=ORIENTED_EDGE('',*,*,#1659,.F.);
#1799=ORIENTED_EDGE('',*,*,#1653,.F.);
#1800=EDGE_LOOP('OSCAD_TOPO/3|loop|l:20aff747bc55ce2d0962f3abc893e074|926f727abcf6bc36746214a17c1276f001f85310fee524b77a35a35811362f26',(#1796,#1797,#1798,#1799));
#1801=ORIENTED_EDGE('',*,*,#1645,.F.);
#1802=ORIENTED_EDGE('',*,*,#1651,.T.);
#1803=ORIENTED_EDGE('',*,*,#1661,.T.);
#1804=ORIENTED_EDGE('',*,*,#1657,.F.);
#1805=EDGE_LOOP('OSCAD_TOPO/3|loop|l:51fa86c478872bd902ee59ccdb10c3d3|39a73445cc91cbac3c52ba925d89527d9ed4b048488b36c85df8eac0758f5718',(#1801,#1802,#1803,#1804));
#1806=ORIENTED_EDGE('',*,*,#1649,.T.);
#1807=ORIENTED_EDGE('',*,*,#1663,.T.);
#1808=ORIENTED_EDGE('',*,*,#1665,.F.);
#1809=ORIENTED_EDGE('',*,*,#1667,.F.);
#1810=EDGE_LOOP('OSCAD_TOPO/3|loop|l:b267a0f0efe2600053d7dc37110de090|989a8eae2028bc8bcecbdd97e38617719d1429fbd9cddf58f642aec33743321b',(#1806,#1807,#1808,#1809));
#1811=ORIENTED_EDGE('',*,*,#1655,.T.);
#1812=ORIENTED_EDGE('',*,*,#1669,.T.);
#1813=ORIENTED_EDGE('',*,*,#1671,.F.);
#1814=ORIENTED_EDGE('',*,*,#1663,.F.);
#1815=EDGE_LOOP('OSCAD_TOPO/3|loop|l:80b081abe361005ee731e5cfdaba9dc8|8d0ee2cf78a6ee9aaa53c51f1d5e22b94e89a0a81b861c5ff0d8fbc433e9b4a6',(#1811,#1812,#1813,#1814));
#1816=ORIENTED_EDGE('',*,*,#1659,.T.);
#1817=ORIENTED_EDGE('',*,*,#1673,.T.);
#1818=ORIENTED_EDGE('',*,*,#1675,.F.);
#1819=ORIENTED_EDGE('',*,*,#1669,.F.);
#1820=EDGE_LOOP('OSCAD_TOPO/3|loop|l:e8a41cd5da7ce31de3eecbbe73cbaab3|3ed90e9906bc544a4d11c8e7ffcd85bc133737da525aaa79e3eeca613d39cd5d',(#1816,#1817,#1818,#1819));
#1821=ORIENTED_EDGE('',*,*,#1661,.F.);
#1822=ORIENTED_EDGE('',*,*,#1667,.T.);
#1823=ORIENTED_EDGE('',*,*,#1677,.T.);
#1824=ORIENTED_EDGE('',*,*,#1673,.F.);
#1825=EDGE_LOOP('OSCAD_TOPO/3|loop|l:8b8d1ee6e375e8c0c69592fb87c50eb6|ec8643172c933ff758b64d0c1f5c7ee5c1eda23487e7408584eb9e7a5a27646b',(#1821,#1822,#1823,#1824));
#1826=ORIENTED_EDGE('',*,*,#1665,.T.);
#1827=ORIENTED_EDGE('',*,*,#1679,.T.);
#1828=ORIENTED_EDGE('',*,*,#1681,.F.);
#1829=ORIENTED_EDGE('',*,*,#1683,.F.);
#1830=EDGE_LOOP('OSCAD_TOPO/3|loop|l:2fa42dbfdec2073351acb3d5f70e0390|dabe12c69bd7a24606bc369a03f58d2884ff45fcd46a91a305f73cd0d4d23a48',(#1826,#1827,#1828,#1829));
#1831=ORIENTED_EDGE('',*,*,#1671,.T.);
#1832=ORIENTED_EDGE('',*,*,#1685,.T.);
#1833=ORIENTED_EDGE('',*,*,#1687,.F.);
#1834=ORIENTED_EDGE('',*,*,#1679,.F.);
#1835=EDGE_LOOP('OSCAD_TOPO/3|loop|l:78c8bd339d5130fc62022f30b6452303|c13370875dbeb5d351733c8f9f37d0760d1112098575f7bba76bd3482ba86381',(#1831,#1832,#1833,#1834));
#1836=ORIENTED_EDGE('',*,*,#1675,.T.);
#1837=ORIENTED_EDGE('',*,*,#1689,.T.);
#1838=ORIENTED_EDGE('',*,*,#1691,.F.);
#1839=ORIENTED_EDGE('',*,*,#1685,.F.);
#1840=EDGE_LOOP('OSCAD_TOPO/3|loop|l:f84a680829182cc188736008c72a0d7d|a7e354079cc68782e390c7c0447acf748c565cbed719d5f68fced73087f4bfa1',(#1836,#1837,#1838,#1839));
#1841=ORIENTED_EDGE('',*,*,#1677,.F.);
#1842=ORIENTED_EDGE('',*,*,#1683,.T.);
#1843=ORIENTED_EDGE('',*,*,#1693,.T.);
#1844=ORIENTED_EDGE('',*,*,#1689,.F.);
#1845=EDGE_LOOP('OSCAD_TOPO/3|loop|l:1a3567729cf92cdf97756aec77e2cd5e|cc559c571991bde3900b6fe2630c5dc0d4348d930b52f42382ba1e02069ad0f0',(#1841,#1842,#1843,#1844));
#1846=ORIENTED_EDGE('',*,*,#1681,.T.);
#1847=ORIENTED_EDGE('',*,*,#1695,.T.);
#1848=ORIENTED_EDGE('',*,*,#1697,.F.);
#1849=ORIENTED_EDGE('',*,*,#1699,.F.);
#1850=EDGE_LOOP('OSCAD_TOPO/3|loop|l:fb9040e7e9e60c530e0577377b1ffd34|e053d740777261637697cac531a37a9b06962038227a7268e8948f0442d0d7fb',(#1846,#1847,#1848,#1849));
#1851=ORIENTED_EDGE('',*,*,#1687,.T.);
#1852=ORIENTED_EDGE('',*,*,#1701,.T.);
#1853=ORIENTED_EDGE('',*,*,#1703,.F.);
#1854=ORIENTED_EDGE('',*,*,#1695,.F.);
#1855=EDGE_LOOP('OSCAD_TOPO/3|loop|l:d3b6b528669e522bc963a95fb6d8f1cf|139f2189c43ab2b4d1762d8330b54659ecccd2799a54e7001b5d8e08ee64ea4b',(#1851,#1852,#1853,#1854));
#1856=ORIENTED_EDGE('',*,*,#1691,.T.);
#1857=ORIENTED_EDGE('',*,*,#1705,.T.);
#1858=ORIENTED_EDGE('',*,*,#1707,.F.);
#1859=ORIENTED_EDGE('',*,*,#1701,.F.);
#1860=EDGE_LOOP('OSCAD_TOPO/3|loop|l:646c06fa3cb4a06bf819ecfc708fe930|5e64315df8ff6962892958e902e3d53975f1d26164a6a16e848b15f7c5508e9a',(#1856,#1857,#1858,#1859));
#1861=ORIENTED_EDGE('',*,*,#1693,.F.);
#1862=ORIENTED_EDGE('',*,*,#1699,.T.);
#1863=ORIENTED_EDGE('',*,*,#1709,.T.);
#1864=ORIENTED_EDGE('',*,*,#1705,.F.);
#1865=EDGE_LOOP('OSCAD_TOPO/3|loop|l:3435a6b8ff5fd20f589dd43fb2fa439d|59015dde34385ea21210a5e9c404f96535c167aa9ddbf921192e4df40c436755',(#1861,#1862,#1863,#1864));
#1866=ORIENTED_EDGE('',*,*,#1697,.T.);
#1867=ORIENTED_EDGE('',*,*,#1711,.T.);
#1868=ORIENTED_EDGE('',*,*,#1713,.F.);
#1869=ORIENTED_EDGE('',*,*,#1715,.F.);
#1870=EDGE_LOOP('OSCAD_TOPO/3|loop|l:7f52c7be1144f21941f0a671bc5b5421|7d2c1574638ad0b758ee860586879bc20f32c86e289b3b928ff907964a658cb9',(#1866,#1867,#1868,#1869));
#1871=ORIENTED_EDGE('',*,*,#1703,.T.);
#1872=ORIENTED_EDGE('',*,*,#1717,.T.);
#1873=ORIENTED_EDGE('',*,*,#1719,.F.);
#1874=ORIENTED_EDGE('',*,*,#1711,.F.);
#1875=EDGE_LOOP('OSCAD_TOPO/3|loop|l:93f6285e484fad2529f6915bfa406800|7562f05d093c25e5a8cdb8d51f05e8bcabfd2e6030e55112ef830ce6204129f5',(#1871,#1872,#1873,#1874));
#1876=ORIENTED_EDGE('',*,*,#1707,.T.);
#1877=ORIENTED_EDGE('',*,*,#1721,.T.);
#1878=ORIENTED_EDGE('',*,*,#1723,.F.);
#1879=ORIENTED_EDGE('',*,*,#1717,.F.);
#1880=EDGE_LOOP('OSCAD_TOPO/3|loop|l:b264feccb95ec0d0bcd320da523278f7|6c061e90e263a6401f2d4046b6e42451a7c90c5873fee165779cb4987624d41b',(#1876,#1877,#1878,#1879));
#1881=ORIENTED_EDGE('',*,*,#1709,.F.);
#1882=ORIENTED_EDGE('',*,*,#1715,.T.);
#1883=ORIENTED_EDGE('',*,*,#1725,.T.);
#1884=ORIENTED_EDGE('',*,*,#1721,.F.);
#1885=EDGE_LOOP('OSCAD_TOPO/3|loop|l:d723fdd3128f78b9998ae26f8e7800b4|96e9618668b4741469da7cba067a523b6c55ef8d3a1e67e76af64df0200e0269',(#1881,#1882,#1883,#1884));
#1886=ORIENTED_EDGE('',*,*,#1713,.T.);
#1887=ORIENTED_EDGE('',*,*,#1727,.T.);
#1888=ORIENTED_EDGE('',*,*,#1729,.F.);
#1889=ORIENTED_EDGE('',*,*,#1731,.F.);
#1890=EDGE_LOOP('OSCAD_TOPO/3|loop|l:0965373fd6e26475e714176cae6ece8a|f4bce959bfe2f312b31bd61fb264a5e7605d5dee9a79668514dd29ed5de42a71',(#1886,#1887,#1888,#1889));
#1891=ORIENTED_EDGE('',*,*,#1719,.T.);
#1892=ORIENTED_EDGE('',*,*,#1733,.T.);
#1893=ORIENTED_EDGE('',*,*,#1735,.F.);
#1894=ORIENTED_EDGE('',*,*,#1727,.F.);
#1895=EDGE_LOOP('OSCAD_TOPO/3|loop|l:a25a718ebb604752eb2dd633ad148d77|d1176cafa0306a50961aef0f2111c298922d41088cd97dcf5669e6fe86b7e26b',(#1891,#1892,#1893,#1894));
#1896=ORIENTED_EDGE('',*,*,#1723,.T.);
#1897=ORIENTED_EDGE('',*,*,#1737,.T.);
#1898=ORIENTED_EDGE('',*,*,#1739,.F.);
#1899=ORIENTED_EDGE('',*,*,#1733,.F.);
#1900=EDGE_LOOP('OSCAD_TOPO/3|loop|l:8834722a966f437cbd875e8d8623708d|240906052eeb010304349d8f22196c42c95e23ae9740b6fd875f67429d3a973a',(#1896,#1897,#1898,#1899));
#1901=ORIENTED_EDGE('',*,*,#1725,.F.);
#1902=ORIENTED_EDGE('',*,*,#1731,.T.);
#1903=ORIENTED_EDGE('',*,*,#1741,.T.);
#1904=ORIENTED_EDGE('',*,*,#1737,.F.);
#1905=EDGE_LOOP('OSCAD_TOPO/3|loop|l:7d6d0fb3726d45e1fe04141ac1a729ab|8e2524855e363919f6d6b60033703af657372a40c4f8728e2e17dfb509ebabfe',(#1901,#1902,#1903,#1904));
#1906=ORIENTED_EDGE('',*,*,#1729,.T.);
#1907=ORIENTED_EDGE('',*,*,#1743,.T.);
#1908=ORIENTED_EDGE('',*,*,#1745,.F.);
#1909=ORIENTED_EDGE('',*,*,#1747,.F.);
#1910=EDGE_LOOP('OSCAD_TOPO/3|loop|l:497cf53511b0a9641c862bc085418541|95c7b2bada8a058ae644bd1e9e6df98cf4e592b04630eb07969d35983e6f0b33',(#1906,#1907,#1908,#1909));
#1911=ORIENTED_EDGE('',*,*,#1735,.T.);
#1912=ORIENTED_EDGE('',*,*,#1749,.T.);
#1913=ORIENTED_EDGE('',*,*,#1751,.F.);
#1914=ORIENTED_EDGE('',*,*,#1743,.F.);
#1915=EDGE_LOOP('OSCAD_TOPO/3|loop|l:94767ed988a1ef8a4b833d2584c0ab2b|93abfc0c17901debc8c1b677427e53fdb1765dcb7f54dbb4d97900498469553c',(#1911,#1912,#1913,#1914));
#1916=ORIENTED_EDGE('',*,*,#1739,.T.);
#1917=ORIENTED_EDGE('',*,*,#1753,.T.);
#1918=ORIENTED_EDGE('',*,*,#1755,.F.);
#1919=ORIENTED_EDGE('',*,*,#1749,.F.);
#1920=EDGE_LOOP('OSCAD_TOPO/3|loop|l:d7053fc0ddb974eb710f7a4b86bf0ad2|d20f77e389e1fc568298376cbe41797f5ca59fb842d69289a3df869e72f5079f',(#1916,#1917,#1918,#1919));
#1921=ORIENTED_EDGE('',*,*,#1741,.F.);
#1922=ORIENTED_EDGE('',*,*,#1747,.T.);
#1923=ORIENTED_EDGE('',*,*,#1757,.T.);
#1924=ORIENTED_EDGE('',*,*,#1753,.F.);
#1925=EDGE_LOOP('OSCAD_TOPO/3|loop|l:1d20b948ffe3c2355ca6750094fa7683|d13e0f041c80613de47a7e93e703e3bab14b2c4001e3c4da4dbaaecbc736169e',(#1921,#1922,#1923,#1924));
#1926=ORIENTED_EDGE('',*,*,#1745,.T.);
#1927=ORIENTED_EDGE('',*,*,#1759,.F.);
#1928=ORIENTED_EDGE('',*,*,#1623,.F.);
#1929=ORIENTED_EDGE('',*,*,#1761,.T.);
#1930=EDGE_LOOP('OSCAD_TOPO/3|loop|l:1ef452f2d461a83f96a7bb8bdbaede46|6adc26c1bb44f26c36c0db8bfe4252fce7d17371542bbc91d3e3c8de4a230dcb',(#1926,#1927,#1928,#1929));
#1931=ORIENTED_EDGE('',*,*,#1751,.T.);
#1932=ORIENTED_EDGE('',*,*,#1763,.F.);
#1933=ORIENTED_EDGE('',*,*,#1631,.F.);
#1934=ORIENTED_EDGE('',*,*,#1759,.T.);
#1935=EDGE_LOOP('OSCAD_TOPO/3|loop|l:54e11fbe04c2cb3649d3f8dc671a9bee|5e2a5d1ca6800eaf4993494434704d3b55fe60e848ec11793b3f1a09c6e9cc9e',(#1931,#1932,#1933,#1934));
#1936=ORIENTED_EDGE('',*,*,#1755,.T.);
#1937=ORIENTED_EDGE('',*,*,#1765,.F.);
#1938=ORIENTED_EDGE('',*,*,#1637,.F.);
#1939=ORIENTED_EDGE('',*,*,#1763,.T.);
#1940=EDGE_LOOP('OSCAD_TOPO/3|loop|l:6db362a979748fc0d5a19a25abc5dbf0|f67cf07948e8d185bf6ca7136c2503136caf39bd20f6a0e06f70974db53331ec',(#1936,#1937,#1938,#1939));
#1941=ORIENTED_EDGE('',*,*,#1757,.F.);
#1942=ORIENTED_EDGE('',*,*,#1761,.F.);
#1943=ORIENTED_EDGE('',*,*,#1643,.T.);
#1944=ORIENTED_EDGE('',*,*,#1765,.T.);
#1945=EDGE_LOOP('OSCAD_TOPO/3|loop|l:2678bd997417367c8109c7883900e2ba|2af24b943308bbe55d73cb0e555f48ab75377c77ef862f951f5278e2c07c7ce7',(#1941,#1942,#1943,#1944));
#1946=FACE_OUTER_BOUND('',#1770,.T.);
#1947=ADVANCED_FACE('OSCAD_TOPO/3|face|f:89ce9d1f582be9a0bb5b5590dc80f2de|7004f49acd9b7341a8a46659ce4b9809a52b8a567f86dccd8172d855fd2a20f0',(#1946),#85,.T.);
#1948=FACE_OUTER_BOUND('',#1775,.T.);
#1949=ADVANCED_FACE('OSCAD_TOPO/3|face|f:6b963c74fbfdf382fa4f601fdc3ed476|9722ecf9d05337d3eaf597cf8b7f72f4a83f6b16ec22d68747cf2c0af5e6338f',(#1948),#98,.T.);
#1950=FACE_OUTER_BOUND('',#1780,.T.);
#1951=ADVANCED_FACE('OSCAD_TOPO/3|face|f:1ffbfa6a029e9a555d55ab1d8ac45ba3|c78069b558bc0be14964a536f1dd0a9b57c4a3015ddca0f319d3c9e289402e52',(#1950),#111,.T.);
#1952=FACE_OUTER_BOUND('',#1785,.T.);
#1953=ADVANCED_FACE('OSCAD_TOPO/3|face|f:3861660a9fa80d7e7b2a21e0efae6f3d|24521f48abdb21c4af561e9e0696767fa38e41a060818c7a8d861f483932fb1b',(#1952),#124,.T.);
#1954=FACE_OUTER_BOUND('',#1790,.T.);
#1955=ADVANCED_FACE('OSCAD_TOPO/3|face|f:6f49474d745828d177956f8a1a69f51a|fe5053d8a102965b9d7c8b7efeee805f45d468f3ddb17f395adf6a1a2c8c3350',(#1954),#137,.T.);
#1956=FACE_OUTER_BOUND('',#1795,.T.);
#1957=ADVANCED_FACE('OSCAD_TOPO/3|face|f:be9a7901152ca621b3a9e5e540c5ef6e|285be8e8c5d431baedff506e719018773712cfb8e635806d9465fadfa9fb4027',(#1956),#150,.T.);
#1958=FACE_OUTER_BOUND('',#1800,.T.);
#1959=ADVANCED_FACE('OSCAD_TOPO/3|face|f:9a6b90b9d774a1b9cc5f688383738f46|395f55b8296146529873c9207cd8ec015c6b1c2c8439533c896b31bd147de451',(#1958),#163,.T.);
#1960=FACE_OUTER_BOUND('',#1805,.T.);
#1961=ADVANCED_FACE('OSCAD_TOPO/3|face|f:20c8004e4e268f8e88220bf660b819ef|32480a8af505fafaec949c92ab633fc37e61d4a8779d16a483bc0f65f7f2beef',(#1960),#176,.T.);
#1962=FACE_OUTER_BOUND('',#1810,.T.);
#1963=ADVANCED_FACE('OSCAD_TOPO/3|face|f:6399620c01dc1d25cf2f9ed9a0cc2d8d|a63bbe139dcc5c5dca1e091de0ea7ade04f865836ebeaa880359de0505380c5b',(#1962),#189,.T.);
#1964=FACE_OUTER_BOUND('',#1815,.T.);
#1965=ADVANCED_FACE('OSCAD_TOPO/3|face|f:dc52b405055b89edca944fc165d17c36|8a102422d0d5b81f0aa76318ae5c4289f68b4fd93389f4f91147054c0cebc210',(#1964),#202,.T.);
#1966=FACE_OUTER_BOUND('',#1820,.T.);
#1967=ADVANCED_FACE('OSCAD_TOPO/3|face|f:197858b14a39cfc9f8197c3cf126fc8b|481df48ec48546ad8f0d0fb1bcf7542cea807ba1aa837289f2d26d5fe25535fa',(#1966),#215,.T.);
#1968=FACE_OUTER_BOUND('',#1825,.T.);
#1969=ADVANCED_FACE('OSCAD_TOPO/3|face|f:95f72eb582ccd89321187e6ee7c306f3|bbf67b0db220c826d93e1b858fc40148fcd1d6bbe4ac533d6f15a11e0c281f1f',(#1968),#228,.T.);
#1970=FACE_OUTER_BOUND('',#1830,.T.);
#1971=ADVANCED_FACE('OSCAD_TOPO/3|face|f:c7d6d6c40dac2778c13fddebb97996af|2a93bf237eeafeda2f45eb86bf07314f00696787985a06d9081300a37ae34330',(#1970),#241,.T.);
#1972=FACE_OUTER_BOUND('',#1835,.T.);
#1973=ADVANCED_FACE('OSCAD_TOPO/3|face|f:8737310bd500a15eb56767d9e705fa73|a6b7edbf6d51f91b25a923d95f3c6b84ca44d571814e158897ac3ce09bb68084',(#1972),#254,.T.);
#1974=FACE_OUTER_BOUND('',#1840,.T.);
#1975=ADVANCED_FACE('OSCAD_TOPO/3|face|f:b5ed56e700303b37a123b87102b97076|862efa786fd709a3449373e385cee90155907f1c79a2e0365bce21c1dd5ca4cb',(#1974),#267,.T.);
#1976=FACE_OUTER_BOUND('',#1845,.T.);
#1977=ADVANCED_FACE('OSCAD_TOPO/3|face|f:aa94a181850cba8ea5c405138bd80856|7a719c4277b25f0aaf269812a6bb78c9b389a92827b05da7d5af46fd3ece86e3',(#1976),#280,.T.);
#1978=FACE_OUTER_BOUND('',#1850,.T.);
#1979=ADVANCED_FACE('OSCAD_TOPO/3|face|f:3428599daf1c4456d4e3196681d3c766|22486b179fabda27f833ddb223a804b0304ca580502bfe5752242ef87a1fa8a4',(#1978),#293,.T.);
#1980=FACE_OUTER_BOUND('',#1855,.T.);
#1981=ADVANCED_FACE('OSCAD_TOPO/3|face|f:d35c205061ad04ba566d22d614e980ad|b43b18a431b961adc4037f44912525448b6ea134320cea96c82312f5beac286b',(#1980),#306,.T.);
#1982=FACE_OUTER_BOUND('',#1860,.T.);
#1983=ADVANCED_FACE('OSCAD_TOPO/3|face|f:9683a83984ee1fee3882230f3ab427c3|4a794f59016a3e329a62e15867efa74674ca3902219b7b00c0ec4b2c9dd7ea01',(#1982),#319,.T.);
#1984=FACE_OUTER_BOUND('',#1865,.T.);
#1985=ADVANCED_FACE('OSCAD_TOPO/3|face|f:e7976c71cac6021ea20431544b20934f|f3a7a3d3adce052e45607e6bf4f7322dd2c7c06608379ff2686e23bcf2982506',(#1984),#332,.T.);
#1986=FACE_OUTER_BOUND('',#1870,.T.);
#1987=ADVANCED_FACE('OSCAD_TOPO/3|face|f:0df15ac04d42d05da6915047c8c7148c|308e5955aff517cc83d9ce9163e3b6bf764e78c26691082f7287245d5a54761b',(#1986),#345,.T.);
#1988=FACE_OUTER_BOUND('',#1875,.T.);
#1989=ADVANCED_FACE('OSCAD_TOPO/3|face|f:120f58c0d84dcb58b07f48692a26f8ce|0090161d4272d12b8826ec7fd47258f93563f2c49d251542b59ed9eb3df99fbb',(#1988),#358,.T.);
#1990=FACE_OUTER_BOUND('',#1880,.T.);
#1991=ADVANCED_FACE('OSCAD_TOPO/3|face|f:3e9ab2568f4bc385e50d2670478bd616|2f496b18355b02c6f20932104d13a5f52e095f6118efa581284e7aa853a1dae1',(#1990),#371,.T.);
#1992=FACE_OUTER_BOUND('',#1885,.T.);
#1993=ADVANCED_FACE('OSCAD_TOPO/3|face|f:0b1f1ce09473354fb7c4f5c2e2a6b848|25b7f4c651f67f7959ad3b068c6e96da4ab24dcd1ccfce8d4cf579b49fd81ea1',(#1992),#384,.T.);
#1994=FACE_OUTER_BOUND('',#1890,.T.);
#1995=ADVANCED_FACE('OSCAD_TOPO/3|face|f:39ee6bab52ff831fd28af4db937c8aac|d6ea81778416b69ccc6998ea1db90737f96afeb4dcf72f0a04c5cf79432d5a53',(#1994),#397,.T.);
#1996=FACE_OUTER_BOUND('',#1895,.T.);
#1997=ADVANCED_FACE('OSCAD_TOPO/3|face|f:1d65bbd3c5018f40e8c499025a77293e|91d4570ad8a564ebd27eb636da30110165a818658a8ff26db1b53f0a714ae963',(#1996),#410,.T.);
#1998=FACE_OUTER_BOUND('',#1900,.T.);
#1999=ADVANCED_FACE('OSCAD_TOPO/3|face|f:eef74f099ae249b73cc6872fcf1b6a12|ee42ab1e47246dea30ddcc485d86d90cb81c5a02edfe63dd6e5ca2a63e89f812',(#1998),#423,.T.);
#2000=FACE_OUTER_BOUND('',#1905,.T.);
#2001=ADVANCED_FACE('OSCAD_TOPO/3|face|f:db486bf9501c5bd51b92e2a332d358d7|50e07f9bbf7af767bc252e1592f131cd9c3a238bcc3ba32d325d1c32b7412584',(#2000),#436,.T.);
#2002=FACE_OUTER_BOUND('',#1910,.T.);
#2003=ADVANCED_FACE('OSCAD_TOPO/3|face|f:042ba76ea947079a15cdd745d3ad1e51|6a5adb9546e26731b7c563f8ea15dd625239adf797c1952b2d628481defe6afd',(#2002),#449,.T.);
#2004=FACE_OUTER_BOUND('',#1915,.T.);
#2005=ADVANCED_FACE('OSCAD_TOPO/3|face|f:b156462bc05b00815e1e1679a23cfafb|eeedc51601cb0f9e083052541d8d76a8d5f2cfbef52c42defddd547562c88aa1',(#2004),#462,.T.);
#2006=FACE_OUTER_BOUND('',#1920,.T.);
#2007=ADVANCED_FACE('OSCAD_TOPO/3|face|f:d53791d7fe0878ea2f889730ac7ea522|90a1949c57823a778e6e3e50463d73dbaf9488553ffce2bc2ba5440e876d3013',(#2006),#475,.T.);
#2008=FACE_OUTER_BOUND('',#1925,.T.);
#2009=ADVANCED_FACE('OSCAD_TOPO/3|face|f:381aec09fa797e92cde804f785ec591c|5a6c1c2792d5f059856da9b02705d01b1289631c753a3542a137fdfbac93ccb6',(#2008),#488,.T.);
#2010=FACE_OUTER_BOUND('',#1930,.T.);
#2011=ADVANCED_FACE('OSCAD_TOPO/3|face|f:8944b53e8f2a6d67b2c093d5dc733481|4fc7d3f895fe7c56f70744bac6fb4270551f6f945168f16fd57d3fc371d21cbd',(#2010),#501,.T.);
#2012=FACE_OUTER_BOUND('',#1935,.T.);
#2013=ADVANCED_FACE('OSCAD_TOPO/3|face|f:e12b07a47d8e9ab5eb25abaf32fe30ca|22cb49942e3deaf090e88e41f49e3f36fd74c5d99fbdf66dd34e5beb933f1ccd',(#2012),#514,.T.);
#2014=FACE_OUTER_BOUND('',#1940,.T.);
#2015=ADVANCED_FACE('OSCAD_TOPO/3|face|f:4e9d4be787c732424d9f58da0f7bd3cf|1786907e7ef95f4bdc7c239c23609a5470a593c66a2b5116a7bdf5a56c18e614',(#2014),#527,.T.);
#2016=FACE_OUTER_BOUND('',#1945,.T.);
#2017=ADVANCED_FACE('OSCAD_TOPO/3|face|f:b29433b645a1426dd3cf3ce5c82ad62c|9d63ed4467a9f8fff49538213b1243f2051b08cccd826eedc5bcc18475925d61',(#2016),#540,.T.);
#2018=CLOSED_SHELL('OSCAD_TOPO/3|shell|s:27e59ad79790d962c2d58fee9e6e1ea7|aead50279c2c5328602a79c71d5cbb7e55c4fdde61e889b40e34ea8cc86bccf4',(#1947,#1949,#1951,#1953,#1955,#1957,#1959,#1961,#1963,#1965,#1967,#1969,#1971,#1973,#1975,#1977,#1979,#1981,#1983,#1985,#1987,#1989,#1991,#1993,#1995,#1997,#1999,#2001,#2003,#2005,#2007,#2009,#2011,#2013,#2015,#2017));
#2019=MANIFOLD_SOLID_BREP('OSCAD_TOPO/3|body|b:1d6e35be903badc2ddc3c0128effceb9|280d042085dbf301086a93920642415a5df59c0ff6f9d812ef40dffc2456d8a5',#2018);
#2020=(LENGTH_UNIT()NAMED_UNIT(*)SI_UNIT(.MILLI.,.METRE.));
#2021=UNCERTAINTY_MEASURE_WITH_UNIT(LENGTH_MEASURE(9.99999999999999955E-8),#2020,'distance_accuracy_value','');
#2022=(GEOMETRIC_REPRESENTATION_CONTEXT(3)GLOBAL_UNCERTAINTY_ASSIGNED_CONTEXT((#2021))GLOBAL_UNIT_ASSIGNED_CONTEXT((#2020))REPRESENTATION_CONTEXT('','3D'));
#2023=ADVANCED_BREP_SHAPE_REPRESENTATION('',(#2019),#2022);
#2024=APPLICATION_CONTEXT('managed model based 3d engineering');
#2025=PRODUCT_CONTEXT('',#2024,'mechanical');
#2026=PRODUCT('model','model','',(#2025));
#2027=PRODUCT_DEFINITION_FORMATION('1','',#2026);
#2028=PRODUCT_DEFINITION_CONTEXT('part definition',#2024,'design');
#2029=PRODUCT_DEFINITION('design','',#2027,#2028);
#2030=PRODUCT_DEFINITION_SHAPE('','',#2029);
#2031=SHAPE_DEFINITION_REPRESENTATION(#2030,#2023);
ENDSEC;
END-ISO-10303-21;
