ISO-10303-21;
HEADER;
FILE_DESCRIPTION(('OpenSCAD Viewer retained AP242 B-rep'),'2;1');
FILE_NAME('model.step','',(''),(''),'OpenSCAD Viewer','OpenSCAD Viewer','');
FILE_SCHEMA(('AP242_MANAGED_MODEL_BASED_3D_ENGINEERING_MIM_LF'));
ENDSEC;
DATA;
#1=CARTESIAN_POINT('',(2.87500000000000000E0,0.00000000000000000E0,1.25000000000000000E-1));
#2=VERTEX_POINT('OSCAD_TOPO/3|vertex|v:5ec2a4474954e4a3da5b238782f2a0e8|3e21114dfdfa152ad9ef99e5e6abbc72c49441238934503b05bb2cc4e7651696',#1);
#3=CARTESIAN_POINT('',(3.12500000000000000E0,0.00000000000000000E0,1.25000000000000000E-1));
#4=VERTEX_POINT('OSCAD_TOPO/3|vertex|v:0cc9646bcd74d14bd8494a5132cc99a1|bc5422dcd6fa67a4f5d5b59f8c8040a2cb21d4e0228d45e7de3a8d275011733d',#3);
#5=CARTESIAN_POINT('',(3.12500000000000000E0,0.00000000000000000E0,-1.25000000000000000E-1));
#6=VERTEX_POINT('OSCAD_TOPO/3|vertex|v:a8f0f042f61702dda313969a148b440f|213d146fe6a30f3b8057274d02c65bc31a9beed215a0ca8dd67240d4ea530969',#5);
#7=CARTESIAN_POINT('',(2.87500000000000000E0,0.00000000000000000E0,-1.25000000000000000E-1));
#8=VERTEX_POINT('OSCAD_TOPO/3|vertex|v:40ea43307020dcfdd63c6dd8ac9dd2b7|4d07cb7a6444d96137e6505646902bfbcbf36c4a2b4a1df629f75b14467be60d',#7);
#9=CARTESIAN_POINT('',(2.20214843750000000E0,1.84863281250000000E0,1.25000000000000000E-1));
#10=VERTEX_POINT('OSCAD_TOPO/3|vertex|v:82ec5ce9e328eaebba0a792f12f9ac78|2dd469b077f872c34a2df8019db88f34bd47fcdba85069674ae1543347a753e6',#9);
#11=CARTESIAN_POINT('',(2.39355468750000000E0,2.00878906250000000E0,1.25000000000000000E-1));
#12=VERTEX_POINT('OSCAD_TOPO/3|vertex|v:a5e856b26926011aa01fc44ecfa4ffea|c10f3072df78b4f0172867962bc42dc5c7b76e5d8af1181112f4d8c036f00de9',#11);
#13=CARTESIAN_POINT('',(2.39355468750000000E0,2.00878906250000000E0,-1.25000000000000000E-1));
#14=VERTEX_POINT('OSCAD_TOPO/3|vertex|v:b7486add9c38617425a343d6f929c2b0|db3621256ce4e38ca2bba0a05ccea31b50893c6c862547de66b59e294852235b',#13);
#15=CARTESIAN_POINT('',(2.20214843750000000E0,1.84863281250000000E0,-1.25000000000000000E-1));
#16=VERTEX_POINT('OSCAD_TOPO/3|vertex|v:3634cdfde30194e7ed26e4d1cf37a35f|9de8aa3dffb9ce31c051f068403d58a1576b585ac5d997e1e845a0846d71c6f7',#15);
#17=CARTESIAN_POINT('',(4.99023437500000000E-1,2.83105468750000000E0,1.25000000000000000E-1));
#18=VERTEX_POINT('OSCAD_TOPO/3|vertex|v:6281aa1ae717d15b23414911086e54ab|fda288a295caf429b16be3df466d042290ab818f30b92c7b7dcc31fc5cfb1005',#17);
#19=CARTESIAN_POINT('',(5.41992187500000000E-1,3.07714843750000000E0,1.25000000000000000E-1));
#20=VERTEX_POINT('OSCAD_TOPO/3|vertex|v:1db5bf822caf1befad157b5ad4574f50|3d2d38074d0b847f440d00dfb49fabaccdbef91e57caa3f4caa5bbd264fdabd5',#19);
#21=CARTESIAN_POINT('',(5.41992187500000000E-1,3.07714843750000000E0,-1.25000000000000000E-1));
#22=VERTEX_POINT('OSCAD_TOPO/3|vertex|v:c5220f090561c2363143dc276764faf2|eb1191c89cc2f21401c09a7fb042c23bc5a1c26bec1ed8693d9077ae96a17849',#21);
#23=CARTESIAN_POINT('',(4.99023437500000000E-1,2.83105468750000000E0,-1.25000000000000000E-1));
#24=VERTEX_POINT('OSCAD_TOPO/3|vertex|v:2bb70cbcd34546f5cb31b965d113cec0|87680ec7d189c799016edb69961d6ea1a1d52b96606b565e3a73f0e7c381237e',#23);
#25=CARTESIAN_POINT('',(-1.43750000000000000E0,2.48925781250000000E0,1.25000000000000000E-1));
#26=VERTEX_POINT('OSCAD_TOPO/3|vertex|v:6fb8e289e9e268d913c7bf67d7ce9331|8fecfaf0ec0a2ae51d7aab524762aa6c0b557ead4bc7510998e8e118ee5c969a',#25);
#27=CARTESIAN_POINT('',(-1.56250000000000000E0,2.70605468750000000E0,1.25000000000000000E-1));
#28=VERTEX_POINT('OSCAD_TOPO/3|vertex|v:f69e854190f7ff658ff82897ebb01414|844ae2d1e175f9c60a1c5142855812ec422bfda3c7d9afd6062cee01a9bee7df',#27);
#29=CARTESIAN_POINT('',(-1.56250000000000000E0,2.70605468750000000E0,-1.25000000000000000E-1));
#30=VERTEX_POINT('OSCAD_TOPO/3|vertex|v:592861d832b3b4317fb329bde685b1a4|14390ee737bf685f81d74dc409d4b0c656e4cfbdb34cab114443a519b1df1bb1',#29);
#31=CARTESIAN_POINT('',(-1.43750000000000000E0,2.48925781250000000E0,-1.25000000000000000E-1));
#32=VERTEX_POINT('OSCAD_TOPO/3|vertex|v:a53a763d8e6e4fad6c904450cead6c75|12d3f0512e2c48b21030af2f7e3e022de0af290de25a087a484729b9f4fb6225',#31);
#33=CARTESIAN_POINT('',(-2.70214843750000000E0,9.83398437500000000E-1,1.25000000000000000E-1));
#34=VERTEX_POINT('OSCAD_TOPO/3|vertex|v:b240714ef28e806218cb5c4382c456bf|dc39b25feeb36a3ae3cb9924e836adf1b3f8e84d2bc024cf47c37209fd7257a8',#33);
#35=CARTESIAN_POINT('',(-2.93652343750000000E0,1.06933593750000000E0,1.25000000000000000E-1));
#36=VERTEX_POINT('OSCAD_TOPO/3|vertex|v:cc5eb11e5e3deb2659f38e42ed4bd1ad|3235560b67d3bb8c4610cb1bd6154f09ccec65a7acb8ccccce5b0fd9d02cfab4',#35);
#37=CARTESIAN_POINT('',(-2.93652343750000000E0,1.06933593750000000E0,-1.25000000000000000E-1));
#38=VERTEX_POINT('OSCAD_TOPO/3|vertex|v:c61c07b41bc70bb8e0c22db5861cdac3|c94833cb418070e4b4eda417ed25a5cfe2023fc1579ee45261aecbd5568bfa52',#37);
#39=CARTESIAN_POINT('',(-2.70214843750000000E0,9.83398437500000000E-1,-1.25000000000000000E-1));
#40=VERTEX_POINT('OSCAD_TOPO/3|vertex|v:54c407cd4696b6da1191533dee290b12|b920334d943a341faa1adc4af1ec46c3ff6f5c47f8f51a66e182e609387f86fa',#39);
#41=CARTESIAN_POINT('',(-2.70214843750000000E0,-9.83398437500000000E-1,1.25000000000000000E-1));
#42=VERTEX_POINT('OSCAD_TOPO/3|vertex|v:57a6c2598cd271e2f90772e14158faa7|42ef560717c0ef3f99e8c40f197741f2d44828e0b1d3d3cfe44a3d0d65b38589',#41);
#43=CARTESIAN_POINT('',(-2.93652343750000000E0,-1.06933593750000000E0,1.25000000000000000E-1));
#44=VERTEX_POINT('OSCAD_TOPO/3|vertex|v:b9eb3e4bfa54695fe35ea448c93aa285|c5e338e43da072019b5e9f0468748a0edd8eedf2b810f8c1cd88eab38afc6541',#43);
#45=CARTESIAN_POINT('',(-2.93652343750000000E0,-1.06933593750000000E0,-1.25000000000000000E-1));
#46=VERTEX_POINT('OSCAD_TOPO/3|vertex|v:4a9ea69ce8e5bc7099a59acab984c6b1|33da61f94a84f99eca62716b5abba109b84bd6f06d70bb17490425453396649e',#45);
#47=CARTESIAN_POINT('',(-2.70214843750000000E0,-9.83398437500000000E-1,-1.25000000000000000E-1));
#48=VERTEX_POINT('OSCAD_TOPO/3|vertex|v:5b1824df665c2c284f4cd5a799c2691c|4c8f98ee72617b89ba5637492e5fabce7092d2ec1546aa618f758b167b93161a',#47);
#49=CARTESIAN_POINT('',(-1.43750000000000000E0,-2.48925781250000000E0,1.25000000000000000E-1));
#50=VERTEX_POINT('OSCAD_TOPO/3|vertex|v:fb2bbbb2e4428ce905d93d1f3c9caf17|46288f395841834aed04dc2b0b35b8199b45549d564ebe151b56c291fbfcc88c',#49);
#51=CARTESIAN_POINT('',(-1.56250000000000000E0,-2.70605468750000000E0,1.25000000000000000E-1));
#52=VERTEX_POINT('OSCAD_TOPO/3|vertex|v:b9be5e9739d205bebef222c0406b7f97|e43ae6092f45df482e2d25bfc7b48a4a6ead4c4c89137c069c020f1143963859',#51);
#53=CARTESIAN_POINT('',(-1.56250000000000000E0,-2.70605468750000000E0,-1.25000000000000000E-1));
#54=VERTEX_POINT('OSCAD_TOPO/3|vertex|v:990de17053de71f0f7f5c0bede27d734|3c3c129861d2095b41e2994a8a22dcf2c00421f9584f6e571f1e49f2e950588d',#53);
#55=CARTESIAN_POINT('',(-1.43750000000000000E0,-2.48925781250000000E0,-1.25000000000000000E-1));
#56=VERTEX_POINT('OSCAD_TOPO/3|vertex|v:079f544f57e31fb9b574eacfe35a4713|25758a4ede411c1f51e67a7406959d172fbbfb8399b9502ab6074daa45ce5505',#55);
#57=CARTESIAN_POINT('',(4.99023437500000000E-1,-2.83105468750000000E0,1.25000000000000000E-1));
#58=VERTEX_POINT('OSCAD_TOPO/3|vertex|v:683d670f37a96351c1ac17edfa4d66bb|8db21f17bf63f7b6dfa5791c1f0c4dfc3716615311b23356fadbcd4c044d109d',#57);
#59=CARTESIAN_POINT('',(5.41992187500000000E-1,-3.07714843750000000E0,1.25000000000000000E-1));
#60=VERTEX_POINT('OSCAD_TOPO/3|vertex|v:3cf6f7563eaebdaa4840e07024527760|187224f5377a6ec4bd7ac8961b67da0ff98cfa3874e5dbb8456df35046ab2b68',#59);
#61=CARTESIAN_POINT('',(5.41992187500000000E-1,-3.07714843750000000E0,-1.25000000000000000E-1));
#62=VERTEX_POINT('OSCAD_TOPO/3|vertex|v:169a1670c715e360c3c3ac0332c6c26b|ef061c2ce918ff68d2a481363a0a5db9d4759da059cfdcc888e00a99f8aa8219',#61);
#63=CARTESIAN_POINT('',(4.99023437500000000E-1,-2.83105468750000000E0,-1.25000000000000000E-1));
#64=VERTEX_POINT('OSCAD_TOPO/3|vertex|v:795f30be6a74ab0de024afc9aa034563|13b9ca1a2c021a98616618c1626d7001f49b39157eb78e517bb450c71e5acece',#63);
#65=CARTESIAN_POINT('',(2.20214843750000000E0,-1.84863281250000000E0,1.25000000000000000E-1));
#66=VERTEX_POINT('OSCAD_TOPO/3|vertex|v:91544a022ff21b507a4f0e8f0ff13688|2a2693fb170e1206972428984cdba30a58d090103bd26187e876ae43957242bb',#65);
#67=CARTESIAN_POINT('',(2.39355468750000000E0,-2.00878906250000000E0,1.25000000000000000E-1));
#68=VERTEX_POINT('OSCAD_TOPO/3|vertex|v:8869e0ec9c30e70889f2cd4138f7ac6d|206faeb6702c6b3b18c5ac920438614f0ee1811206ef836e226c04c76af00edf',#67);
#69=CARTESIAN_POINT('',(2.39355468750000000E0,-2.00878906250000000E0,-1.25000000000000000E-1));
#70=VERTEX_POINT('OSCAD_TOPO/3|vertex|v:c8554aa4e436589aa3d36bd4691eafd8|3bca35a66e4da07ff91772ddc0a2163e1ad696dbf1dbd645aa00036b834d36b7',#69);
#71=CARTESIAN_POINT('',(2.20214843750000000E0,-1.84863281250000000E0,-1.25000000000000000E-1));
#72=VERTEX_POINT('OSCAD_TOPO/3|vertex|v:6f67df8f333bac8a1d4945c60d67a5b9|7d6efd8a2fccc0f92eee75b6bed5e118742a03facbe525b7612eab2d6509008f',#71);
#73=CARTESIAN_POINT('',(2.87500000000000000E0,0.00000000000000000E0,1.25000000000000000E-1));
#74=CARTESIAN_POINT('',(2.87500000000000000E0,3.70117187500000000E-1,1.25000000000000000E-1));
#75=CARTESIAN_POINT('',(2.87500000000000000E0,7.40234375000000000E-1,1.25000000000000000E-1));
#76=CARTESIAN_POINT('',(2.67675781250000000E0,1.28222656250000000E0,1.25000000000000000E-1));
#77=CARTESIAN_POINT('',(2.43945312500000000E0,1.56542968750000000E0,1.25000000000000000E-1));
#78=CARTESIAN_POINT('',(2.20214843750000000E0,1.84863281250000000E0,1.25000000000000000E-1));
#79=CARTESIAN_POINT('',(3.12500000000000000E0,0.00000000000000000E0,1.25000000000000000E-1));
#80=CARTESIAN_POINT('',(3.12500000000000000E0,4.01367187500000000E-1,1.25000000000000000E-1));
#81=CARTESIAN_POINT('',(3.12500000000000000E0,8.02734375000000000E-1,1.25000000000000000E-1));
#82=CARTESIAN_POINT('',(2.91113281250000000E0,1.39355468750000000E0,1.25000000000000000E-1));
#83=CARTESIAN_POINT('',(2.65234375000000000E0,1.70117187500000000E0,1.25000000000000000E-1));
#84=CARTESIAN_POINT('',(2.39355468750000000E0,2.00878906250000000E0,1.25000000000000000E-1));
#85=B_SPLINE_SURFACE_WITH_KNOTS('',1,5,((#73,#74,#75,#76,#77,#78),(#79,#80,#81,#82,#83,#84)),.UNSPECIFIED.,.F.,.F.,.F.,(2,2),(6,6),(0.00000000000000000E0,1.00000000000000000E0),(0.00000000000000000E0,1.00000000000000000E0),.UNSPECIFIED.);
#86=CARTESIAN_POINT('',(3.12500000000000000E0,0.00000000000000000E0,1.25000000000000000E-1));
#87=CARTESIAN_POINT('',(3.12500000000000000E0,4.01367187500000000E-1,1.25000000000000000E-1));
#88=CARTESIAN_POINT('',(3.12500000000000000E0,8.02734375000000000E-1,1.25000000000000000E-1));
#89=CARTESIAN_POINT('',(2.91113281250000000E0,1.39355468750000000E0,1.25000000000000000E-1));
#90=CARTESIAN_POINT('',(2.65234375000000000E0,1.70117187500000000E0,1.25000000000000000E-1));
#91=CARTESIAN_POINT('',(2.39355468750000000E0,2.00878906250000000E0,1.25000000000000000E-1));
#92=CARTESIAN_POINT('',(3.12500000000000000E0,0.00000000000000000E0,-1.25000000000000000E-1));
#93=CARTESIAN_POINT('',(3.12500000000000000E0,4.01367187500000000E-1,-1.25000000000000000E-1));
#94=CARTESIAN_POINT('',(3.12500000000000000E0,8.02734375000000000E-1,-1.25000000000000000E-1));
#95=CARTESIAN_POINT('',(2.91113281250000000E0,1.39355468750000000E0,-1.25000000000000000E-1));
#96=CARTESIAN_POINT('',(2.65234375000000000E0,1.70117187500000000E0,-1.25000000000000000E-1));
#97=CARTESIAN_POINT('',(2.39355468750000000E0,2.00878906250000000E0,-1.25000000000000000E-1));
#98=B_SPLINE_SURFACE_WITH_KNOTS('',1,5,((#86,#87,#88,#89,#90,#91),(#92,#93,#94,#95,#96,#97)),.UNSPECIFIED.,.F.,.F.,.F.,(2,2),(6,6),(0.00000000000000000E0,1.00000000000000000E0),(0.00000000000000000E0,1.00000000000000000E0),.UNSPECIFIED.);
#99=CARTESIAN_POINT('',(3.12500000000000000E0,0.00000000000000000E0,-1.25000000000000000E-1));
#100=CARTESIAN_POINT('',(3.12500000000000000E0,4.01367187500000000E-1,-1.25000000000000000E-1));
#101=CARTESIAN_POINT('',(3.12500000000000000E0,8.02734375000000000E-1,-1.25000000000000000E-1));
#102=CARTESIAN_POINT('',(2.91113281250000000E0,1.39355468750000000E0,-1.25000000000000000E-1));
#103=CARTESIAN_POINT('',(2.65234375000000000E0,1.70117187500000000E0,-1.25000000000000000E-1));
#104=CARTESIAN_POINT('',(2.39355468750000000E0,2.00878906250000000E0,-1.25000000000000000E-1));
#105=CARTESIAN_POINT('',(2.87500000000000000E0,0.00000000000000000E0,-1.25000000000000000E-1));
#106=CARTESIAN_POINT('',(2.87500000000000000E0,3.70117187500000000E-1,-1.25000000000000000E-1));
#107=CARTESIAN_POINT('',(2.87500000000000000E0,7.40234375000000000E-1,-1.25000000000000000E-1));
#108=CARTESIAN_POINT('',(2.67675781250000000E0,1.28222656250000000E0,-1.25000000000000000E-1));
#109=CARTESIAN_POINT('',(2.43945312500000000E0,1.56542968750000000E0,-1.25000000000000000E-1));
#110=CARTESIAN_POINT('',(2.20214843750000000E0,1.84863281250000000E0,-1.25000000000000000E-1));
#111=B_SPLINE_SURFACE_WITH_KNOTS('',1,5,((#99,#100,#101,#102,#103,#104),(#105,#106,#107,#108,#109,#110)),.UNSPECIFIED.,.F.,.F.,.F.,(2,2),(6,6),(0.00000000000000000E0,1.00000000000000000E0),(0.00000000000000000E0,1.00000000000000000E0),.UNSPECIFIED.);
#112=CARTESIAN_POINT('',(2.87500000000000000E0,0.00000000000000000E0,-1.25000000000000000E-1));
#113=CARTESIAN_POINT('',(2.87500000000000000E0,3.70117187500000000E-1,-1.25000000000000000E-1));
#114=CARTESIAN_POINT('',(2.87500000000000000E0,7.40234375000000000E-1,-1.25000000000000000E-1));
#115=CARTESIAN_POINT('',(2.67675781250000000E0,1.28222656250000000E0,-1.25000000000000000E-1));
#116=CARTESIAN_POINT('',(2.43945312500000000E0,1.56542968750000000E0,-1.25000000000000000E-1));
#117=CARTESIAN_POINT('',(2.20214843750000000E0,1.84863281250000000E0,-1.25000000000000000E-1));
#118=CARTESIAN_POINT('',(2.87500000000000000E0,0.00000000000000000E0,1.25000000000000000E-1));
#119=CARTESIAN_POINT('',(2.87500000000000000E0,3.70117187500000000E-1,1.25000000000000000E-1));
#120=CARTESIAN_POINT('',(2.87500000000000000E0,7.40234375000000000E-1,1.25000000000000000E-1));
#121=CARTESIAN_POINT('',(2.67675781250000000E0,1.28222656250000000E0,1.25000000000000000E-1));
#122=CARTESIAN_POINT('',(2.43945312500000000E0,1.56542968750000000E0,1.25000000000000000E-1));
#123=CARTESIAN_POINT('',(2.20214843750000000E0,1.84863281250000000E0,1.25000000000000000E-1));
#124=B_SPLINE_SURFACE_WITH_KNOTS('',1,5,((#112,#113,#114,#115,#116,#117),(#118,#119,#120,#121,#122,#123)),.UNSPECIFIED.,.F.,.F.,.F.,(2,2),(6,6),(0.00000000000000000E0,1.00000000000000000E0),(0.00000000000000000E0,1.00000000000000000E0),.UNSPECIFIED.);
#125=CARTESIAN_POINT('',(2.20214843750000000E0,1.84863281250000000E0,1.25000000000000000E-1));
#126=CARTESIAN_POINT('',(1.96484375000000000E0,2.13183593750000000E0,1.25000000000000000E-1));
#127=CARTESIAN_POINT('',(1.72753906250000000E0,2.41503906250000000E0,1.25000000000000000E-1));
#128=CARTESIAN_POINT('',(1.22753906250000000E0,2.70214843750000000E0,1.25000000000000000E-1));
#129=CARTESIAN_POINT('',(8.63281250000000000E-1,2.76660156250000000E0,1.25000000000000000E-1));
#130=CARTESIAN_POINT('',(4.99023437500000000E-1,2.83105468750000000E0,1.25000000000000000E-1));
#131=CARTESIAN_POINT('',(2.39355468750000000E0,2.00878906250000000E0,1.25000000000000000E-1));
#132=CARTESIAN_POINT('',(2.13476562500000000E0,2.31640625000000000E0,1.25000000000000000E-1));
#133=CARTESIAN_POINT('',(1.87597656250000000E0,2.62402343750000000E0,1.25000000000000000E-1));
#134=CARTESIAN_POINT('',(1.33300781250000000E0,2.93847656250000000E0,1.25000000000000000E-1));
#135=CARTESIAN_POINT('',(9.37500000000000000E-1,3.00781250000000000E0,1.25000000000000000E-1));
#136=CARTESIAN_POINT('',(5.41992187500000000E-1,3.07714843750000000E0,1.25000000000000000E-1));
#137=B_SPLINE_SURFACE_WITH_KNOTS('',1,5,((#125,#126,#127,#128,#129,#130),(#131,#132,#133,#134,#135,#136)),.UNSPECIFIED.,.F.,.F.,.F.,(2,2),(6,6),(0.00000000000000000E0,1.00000000000000000E0),(0.00000000000000000E0,1.00000000000000000E0),.UNSPECIFIED.);
#138=CARTESIAN_POINT('',(2.39355468750000000E0,2.00878906250000000E0,1.25000000000000000E-1));
#139=CARTESIAN_POINT('',(2.13476562500000000E0,2.31640625000000000E0,1.25000000000000000E-1));
#140=CARTESIAN_POINT('',(1.87597656250000000E0,2.62402343750000000E0,1.25000000000000000E-1));
#141=CARTESIAN_POINT('',(1.33300781250000000E0,2.93847656250000000E0,1.25000000000000000E-1));
#142=CARTESIAN_POINT('',(9.37500000000000000E-1,3.00781250000000000E0,1.25000000000000000E-1));
#143=CARTESIAN_POINT('',(5.41992187500000000E-1,3.07714843750000000E0,1.25000000000000000E-1));
#144=CARTESIAN_POINT('',(2.39355468750000000E0,2.00878906250000000E0,-1.25000000000000000E-1));
#145=CARTESIAN_POINT('',(2.13476562500000000E0,2.31640625000000000E0,-1.25000000000000000E-1));
#146=CARTESIAN_POINT('',(1.87597656250000000E0,2.62402343750000000E0,-1.25000000000000000E-1));
#147=CARTESIAN_POINT('',(1.33300781250000000E0,2.93847656250000000E0,-1.25000000000000000E-1));
#148=CARTESIAN_POINT('',(9.37500000000000000E-1,3.00781250000000000E0,-1.25000000000000000E-1));
#149=CARTESIAN_POINT('',(5.41992187500000000E-1,3.07714843750000000E0,-1.25000000000000000E-1));
#150=B_SPLINE_SURFACE_WITH_KNOTS('',1,5,((#138,#139,#140,#141,#142,#143),(#144,#145,#146,#147,#148,#149)),.UNSPECIFIED.,.F.,.F.,.F.,(2,2),(6,6),(0.00000000000000000E0,1.00000000000000000E0),(0.00000000000000000E0,1.00000000000000000E0),.UNSPECIFIED.);
#151=CARTESIAN_POINT('',(2.39355468750000000E0,2.00878906250000000E0,-1.25000000000000000E-1));
#152=CARTESIAN_POINT('',(2.13476562500000000E0,2.31640625000000000E0,-1.25000000000000000E-1));
#153=CARTESIAN_POINT('',(1.87597656250000000E0,2.62402343750000000E0,-1.25000000000000000E-1));
#154=CARTESIAN_POINT('',(1.33300781250000000E0,2.93847656250000000E0,-1.25000000000000000E-1));
#155=CARTESIAN_POINT('',(9.37500000000000000E-1,3.00781250000000000E0,-1.25000000000000000E-1));
#156=CARTESIAN_POINT('',(5.41992187500000000E-1,3.07714843750000000E0,-1.25000000000000000E-1));
#157=CARTESIAN_POINT('',(2.20214843750000000E0,1.84863281250000000E0,-1.25000000000000000E-1));
#158=CARTESIAN_POINT('',(1.96484375000000000E0,2.13183593750000000E0,-1.25000000000000000E-1));
#159=CARTESIAN_POINT('',(1.72753906250000000E0,2.41503906250000000E0,-1.25000000000000000E-1));
#160=CARTESIAN_POINT('',(1.22753906250000000E0,2.70214843750000000E0,-1.25000000000000000E-1));
#161=CARTESIAN_POINT('',(8.63281250000000000E-1,2.76660156250000000E0,-1.25000000000000000E-1));
#162=CARTESIAN_POINT('',(4.99023437500000000E-1,2.83105468750000000E0,-1.25000000000000000E-1));
#163=B_SPLINE_SURFACE_WITH_KNOTS('',1,5,((#151,#152,#153,#154,#155,#156),(#157,#158,#159,#160,#161,#162)),.UNSPECIFIED.,.F.,.F.,.F.,(2,2),(6,6),(0.00000000000000000E0,1.00000000000000000E0),(0.00000000000000000E0,1.00000000000000000E0),.UNSPECIFIED.);
#164=CARTESIAN_POINT('',(2.20214843750000000E0,1.84863281250000000E0,-1.25000000000000000E-1));
#165=CARTESIAN_POINT('',(1.96484375000000000E0,2.13183593750000000E0,-1.25000000000000000E-1));
#166=CARTESIAN_POINT('',(1.72753906250000000E0,2.41503906250000000E0,-1.25000000000000000E-1));
#167=CARTESIAN_POINT('',(1.22753906250000000E0,2.70214843750000000E0,-1.25000000000000000E-1));
#168=CARTESIAN_POINT('',(8.63281250000000000E-1,2.76660156250000000E0,-1.25000000000000000E-1));
#169=CARTESIAN_POINT('',(4.99023437500000000E-1,2.83105468750000000E0,-1.25000000000000000E-1));
#170=CARTESIAN_POINT('',(2.20214843750000000E0,1.84863281250000000E0,1.25000000000000000E-1));
#171=CARTESIAN_POINT('',(1.96484375000000000E0,2.13183593750000000E0,1.25000000000000000E-1));
#172=CARTESIAN_POINT('',(1.72753906250000000E0,2.41503906250000000E0,1.25000000000000000E-1));
#173=CARTESIAN_POINT('',(1.22753906250000000E0,2.70214843750000000E0,1.25000000000000000E-1));
#174=CARTESIAN_POINT('',(8.63281250000000000E-1,2.76660156250000000E0,1.25000000000000000E-1));
#175=CARTESIAN_POINT('',(4.99023437500000000E-1,2.83105468750000000E0,1.25000000000000000E-1));
#176=B_SPLINE_SURFACE_WITH_KNOTS('',1,5,((#164,#165,#166,#167,#168,#169),(#170,#171,#172,#173,#174,#175)),.UNSPECIFIED.,.F.,.F.,.F.,(2,2),(6,6),(0.00000000000000000E0,1.00000000000000000E0),(0.00000000000000000E0,1.00000000000000000E0),.UNSPECIFIED.);
#177=CARTESIAN_POINT('',(4.99023437500000000E-1,2.83105468750000000E0,1.25000000000000000E-1));
#178=CARTESIAN_POINT('',(1.34765625000000000E-1,2.89550781250000000E0,1.25000000000000000E-1));
#179=CARTESIAN_POINT('',(-2.29492187500000000E-1,2.95996093750000000E0,1.25000000000000000E-1));
#180=CARTESIAN_POINT('',(-7.96875000000000000E-1,2.85839843750000000E0,1.25000000000000000E-1));
#181=CARTESIAN_POINT('',(-1.11718750000000000E0,2.67382812500000000E0,1.25000000000000000E-1));
#182=CARTESIAN_POINT('',(-1.43750000000000000E0,2.48925781250000000E0,1.25000000000000000E-1));
#183=CARTESIAN_POINT('',(5.41992187500000000E-1,3.07714843750000000E0,1.25000000000000000E-1));
#184=CARTESIAN_POINT('',(1.46484375000000000E-1,3.14648437500000000E0,1.25000000000000000E-1));
#185=CARTESIAN_POINT('',(-2.49023437500000000E-1,3.21582031250000000E0,1.25000000000000000E-1));
#186=CARTESIAN_POINT('',(-8.67187500000000000E-1,3.10839843750000000E0,1.25000000000000000E-1));
#187=CARTESIAN_POINT('',(-1.21484375000000000E0,2.90722656250000000E0,1.25000000000000000E-1));
#188=CARTESIAN_POINT('',(-1.56250000000000000E0,2.70605468750000000E0,1.25000000000000000E-1));
#189=B_SPLINE_SURFACE_WITH_KNOTS('',1,5,((#177,#178,#179,#180,#181,#182),(#183,#184,#185,#186,#187,#188)),.UNSPECIFIED.,.F.,.F.,.F.,(2,2),(6,6),(0.00000000000000000E0,1.00000000000000000E0),(0.00000000000000000E0,1.00000000000000000E0),.UNSPECIFIED.);
#190=CARTESIAN_POINT('',(5.41992187500000000E-1,3.07714843750000000E0,1.25000000000000000E-1));
#191=CARTESIAN_POINT('',(1.46484375000000000E-1,3.14648437500000000E0,1.25000000000000000E-1));
#192=CARTESIAN_POINT('',(-2.49023437500000000E-1,3.21582031250000000E0,1.25000000000000000E-1));
#193=CARTESIAN_POINT('',(-8.67187500000000000E-1,3.10839843750000000E0,1.25000000000000000E-1));
#194=CARTESIAN_POINT('',(-1.21484375000000000E0,2.90722656250000000E0,1.25000000000000000E-1));
#195=CARTESIAN_POINT('',(-1.56250000000000000E0,2.70605468750000000E0,1.25000000000000000E-1));
#196=CARTESIAN_POINT('',(5.41992187500000000E-1,3.07714843750000000E0,-1.25000000000000000E-1));
#197=CARTESIAN_POINT('',(1.46484375000000000E-1,3.14648437500000000E0,-1.25000000000000000E-1));
#198=CARTESIAN_POINT('',(-2.49023437500000000E-1,3.21582031250000000E0,-1.25000000000000000E-1));
#199=CARTESIAN_POINT('',(-8.67187500000000000E-1,3.10839843750000000E0,-1.25000000000000000E-1));
#200=CARTESIAN_POINT('',(-1.21484375000000000E0,2.90722656250000000E0,-1.25000000000000000E-1));
#201=CARTESIAN_POINT('',(-1.56250000000000000E0,2.70605468750000000E0,-1.25000000000000000E-1));
#202=B_SPLINE_SURFACE_WITH_KNOTS('',1,5,((#190,#191,#192,#193,#194,#195),(#196,#197,#198,#199,#200,#201)),.UNSPECIFIED.,.F.,.F.,.F.,(2,2),(6,6),(0.00000000000000000E0,1.00000000000000000E0),(0.00000000000000000E0,1.00000000000000000E0),.UNSPECIFIED.);
#203=CARTESIAN_POINT('',(5.41992187500000000E-1,3.07714843750000000E0,-1.25000000000000000E-1));
#204=CARTESIAN_POINT('',(1.46484375000000000E-1,3.14648437500000000E0,-1.25000000000000000E-1));
#205=CARTESIAN_POINT('',(-2.49023437500000000E-1,3.21582031250000000E0,-1.25000000000000000E-1));
#206=CARTESIAN_POINT('',(-8.67187500000000000E-1,3.10839843750000000E0,-1.25000000000000000E-1));
#207=CARTESIAN_POINT('',(-1.21484375000000000E0,2.90722656250000000E0,-1.25000000000000000E-1));
#208=CARTESIAN_POINT('',(-1.56250000000000000E0,2.70605468750000000E0,-1.25000000000000000E-1));
#209=CARTESIAN_POINT('',(4.99023437500000000E-1,2.83105468750000000E0,-1.25000000000000000E-1));
#210=CARTESIAN_POINT('',(1.34765625000000000E-1,2.89550781250000000E0,-1.25000000000000000E-1));
#211=CARTESIAN_POINT('',(-2.29492187500000000E-1,2.95996093750000000E0,-1.25000000000000000E-1));
#212=CARTESIAN_POINT('',(-7.96875000000000000E-1,2.85839843750000000E0,-1.25000000000000000E-1));
#213=CARTESIAN_POINT('',(-1.11718750000000000E0,2.67382812500000000E0,-1.25000000000000000E-1));
#214=CARTESIAN_POINT('',(-1.43750000000000000E0,2.48925781250000000E0,-1.25000000000000000E-1));
#215=B_SPLINE_SURFACE_WITH_KNOTS('',1,5,((#203,#204,#205,#206,#207,#208),(#209,#210,#211,#212,#213,#214)),.UNSPECIFIED.,.F.,.F.,.F.,(2,2),(6,6),(0.00000000000000000E0,1.00000000000000000E0),(0.00000000000000000E0,1.00000000000000000E0),.UNSPECIFIED.);
#216=CARTESIAN_POINT('',(4.99023437500000000E-1,2.83105468750000000E0,-1.25000000000000000E-1));
#217=CARTESIAN_POINT('',(1.34765625000000000E-1,2.89550781250000000E0,-1.25000000000000000E-1));
#218=CARTESIAN_POINT('',(-2.29492187500000000E-1,2.95996093750000000E0,-1.25000000000000000E-1));
#219=CARTESIAN_POINT('',(-7.96875000000000000E-1,2.85839843750000000E0,-1.25000000000000000E-1));
#220=CARTESIAN_POINT('',(-1.11718750000000000E0,2.67382812500000000E0,-1.25000000000000000E-1));
#221=CARTESIAN_POINT('',(-1.43750000000000000E0,2.48925781250000000E0,-1.25000000000000000E-1));
#222=CARTESIAN_POINT('',(4.99023437500000000E-1,2.83105468750000000E0,1.25000000000000000E-1));
#223=CARTESIAN_POINT('',(1.34765625000000000E-1,2.89550781250000000E0,1.25000000000000000E-1));
#224=CARTESIAN_POINT('',(-2.29492187500000000E-1,2.95996093750000000E0,1.25000000000000000E-1));
#225=CARTESIAN_POINT('',(-7.96875000000000000E-1,2.85839843750000000E0,1.25000000000000000E-1));
#226=CARTESIAN_POINT('',(-1.11718750000000000E0,2.67382812500000000E0,1.25000000000000000E-1));
#227=CARTESIAN_POINT('',(-1.43750000000000000E0,2.48925781250000000E0,1.25000000000000000E-1));
#228=B_SPLINE_SURFACE_WITH_KNOTS('',1,5,((#216,#217,#218,#219,#220,#221),(#222,#223,#224,#225,#226,#227)),.UNSPECIFIED.,.F.,.F.,.F.,(2,2),(6,6),(0.00000000000000000E0,1.00000000000000000E0),(0.00000000000000000E0,1.00000000000000000E0),.UNSPECIFIED.);
#229=CARTESIAN_POINT('',(-1.43750000000000000E0,2.48925781250000000E0,1.25000000000000000E-1));
#230=CARTESIAN_POINT('',(-1.75781250000000000E0,2.30468750000000000E0,1.25000000000000000E-1));
#231=CARTESIAN_POINT('',(-2.07812500000000000E0,2.12011718750000000E0,1.25000000000000000E-1));
#232=CARTESIAN_POINT('',(-2.44824218750000000E0,1.67871093750000000E0,1.25000000000000000E-1));
#233=CARTESIAN_POINT('',(-2.57519531250000000E0,1.33105468750000000E0,1.25000000000000000E-1));
#234=CARTESIAN_POINT('',(-2.70214843750000000E0,9.83398437500000000E-1,1.25000000000000000E-1));
#235=CARTESIAN_POINT('',(-1.56250000000000000E0,2.70605468750000000E0,1.25000000000000000E-1));
#236=CARTESIAN_POINT('',(-1.91015625000000000E0,2.50488281250000000E0,1.25000000000000000E-1));
#237=CARTESIAN_POINT('',(-2.25781250000000000E0,2.30371093750000000E0,1.25000000000000000E-1));
#238=CARTESIAN_POINT('',(-2.66113281250000000E0,1.82519531250000000E0,1.25000000000000000E-1));
#239=CARTESIAN_POINT('',(-2.79882812500000000E0,1.44726562500000000E0,1.25000000000000000E-1));
#240=CARTESIAN_POINT('',(-2.93652343750000000E0,1.06933593750000000E0,1.25000000000000000E-1));
#241=B_SPLINE_SURFACE_WITH_KNOTS('',1,5,((#229,#230,#231,#232,#233,#234),(#235,#236,#237,#238,#239,#240)),.UNSPECIFIED.,.F.,.F.,.F.,(2,2),(6,6),(0.00000000000000000E0,1.00000000000000000E0),(0.00000000000000000E0,1.00000000000000000E0),.UNSPECIFIED.);
#242=CARTESIAN_POINT('',(-1.56250000000000000E0,2.70605468750000000E0,1.25000000000000000E-1));
#243=CARTESIAN_POINT('',(-1.91015625000000000E0,2.50488281250000000E0,1.25000000000000000E-1));
#244=CARTESIAN_POINT('',(-2.25781250000000000E0,2.30371093750000000E0,1.25000000000000000E-1));
#245=CARTESIAN_POINT('',(-2.66113281250000000E0,1.82519531250000000E0,1.25000000000000000E-1));
#246=CARTESIAN_POINT('',(-2.79882812500000000E0,1.44726562500000000E0,1.25000000000000000E-1));
#247=CARTESIAN_POINT('',(-2.93652343750000000E0,1.06933593750000000E0,1.25000000000000000E-1));
#248=CARTESIAN_POINT('',(-1.56250000000000000E0,2.70605468750000000E0,-1.25000000000000000E-1));
#249=CARTESIAN_POINT('',(-1.91015625000000000E0,2.50488281250000000E0,-1.25000000000000000E-1));
#250=CARTESIAN_POINT('',(-2.25781250000000000E0,2.30371093750000000E0,-1.25000000000000000E-1));
#251=CARTESIAN_POINT('',(-2.66113281250000000E0,1.82519531250000000E0,-1.25000000000000000E-1));
#252=CARTESIAN_POINT('',(-2.79882812500000000E0,1.44726562500000000E0,-1.25000000000000000E-1));
#253=CARTESIAN_POINT('',(-2.93652343750000000E0,1.06933593750000000E0,-1.25000000000000000E-1));
#254=B_SPLINE_SURFACE_WITH_KNOTS('',1,5,((#242,#243,#244,#245,#246,#247),(#248,#249,#250,#251,#252,#253)),.UNSPECIFIED.,.F.,.F.,.F.,(2,2),(6,6),(0.00000000000000000E0,1.00000000000000000E0),(0.00000000000000000E0,1.00000000000000000E0),.UNSPECIFIED.);
#255=CARTESIAN_POINT('',(-1.56250000000000000E0,2.70605468750000000E0,-1.25000000000000000E-1));
#256=CARTESIAN_POINT('',(-1.91015625000000000E0,2.50488281250000000E0,-1.25000000000000000E-1));
#257=CARTESIAN_POINT('',(-2.25781250000000000E0,2.30371093750000000E0,-1.25000000000000000E-1));
#258=CARTESIAN_POINT('',(-2.66113281250000000E0,1.82519531250000000E0,-1.25000000000000000E-1));
#259=CARTESIAN_POINT('',(-2.79882812500000000E0,1.44726562500000000E0,-1.25000000000000000E-1));
#260=CARTESIAN_POINT('',(-2.93652343750000000E0,1.06933593750000000E0,-1.25000000000000000E-1));
#261=CARTESIAN_POINT('',(-1.43750000000000000E0,2.48925781250000000E0,-1.25000000000000000E-1));
#262=CARTESIAN_POINT('',(-1.75781250000000000E0,2.30468750000000000E0,-1.25000000000000000E-1));
#263=CARTESIAN_POINT('',(-2.07812500000000000E0,2.12011718750000000E0,-1.25000000000000000E-1));
#264=CARTESIAN_POINT('',(-2.44824218750000000E0,1.67871093750000000E0,-1.25000000000000000E-1));
#265=CARTESIAN_POINT('',(-2.57519531250000000E0,1.33105468750000000E0,-1.25000000000000000E-1));
#266=CARTESIAN_POINT('',(-2.70214843750000000E0,9.83398437500000000E-1,-1.25000000000000000E-1));
#267=B_SPLINE_SURFACE_WITH_KNOTS('',1,5,((#255,#256,#257,#258,#259,#260),(#261,#262,#263,#264,#265,#266)),.UNSPECIFIED.,.F.,.F.,.F.,(2,2),(6,6),(0.00000000000000000E0,1.00000000000000000E0),(0.00000000000000000E0,1.00000000000000000E0),.UNSPECIFIED.);
#268=CARTESIAN_POINT('',(-1.43750000000000000E0,2.48925781250000000E0,-1.25000000000000000E-1));
#269=CARTESIAN_POINT('',(-1.75781250000000000E0,2.30468750000000000E0,-1.25000000000000000E-1));
#270=CARTESIAN_POINT('',(-2.07812500000000000E0,2.12011718750000000E0,-1.25000000000000000E-1));
#271=CARTESIAN_POINT('',(-2.44824218750000000E0,1.67871093750000000E0,-1.25000000000000000E-1));
#272=CARTESIAN_POINT('',(-2.57519531250000000E0,1.33105468750000000E0,-1.25000000000000000E-1));
#273=CARTESIAN_POINT('',(-2.70214843750000000E0,9.83398437500000000E-1,-1.25000000000000000E-1));
#274=CARTESIAN_POINT('',(-1.43750000000000000E0,2.48925781250000000E0,1.25000000000000000E-1));
#275=CARTESIAN_POINT('',(-1.75781250000000000E0,2.30468750000000000E0,1.25000000000000000E-1));
#276=CARTESIAN_POINT('',(-2.07812500000000000E0,2.12011718750000000E0,1.25000000000000000E-1));
#277=CARTESIAN_POINT('',(-2.44824218750000000E0,1.67871093750000000E0,1.25000000000000000E-1));
#278=CARTESIAN_POINT('',(-2.57519531250000000E0,1.33105468750000000E0,1.25000000000000000E-1));
#279=CARTESIAN_POINT('',(-2.70214843750000000E0,9.83398437500000000E-1,1.25000000000000000E-1));
#280=B_SPLINE_SURFACE_WITH_KNOTS('',1,5,((#268,#269,#270,#271,#272,#273),(#274,#275,#276,#277,#278,#279)),.UNSPECIFIED.,.F.,.F.,.F.,(2,2),(6,6),(0.00000000000000000E0,1.00000000000000000E0),(0.00000000000000000E0,1.00000000000000000E0),.UNSPECIFIED.);
#281=CARTESIAN_POINT('',(-2.70214843750000000E0,9.83398437500000000E-1,1.25000000000000000E-1));
#282=CARTESIAN_POINT('',(-2.82910156250000000E0,6.35742187500000000E-1,1.25000000000000000E-1));
#283=CARTESIAN_POINT('',(-2.95605468750000000E0,2.88085937500000000E-1,1.25000000000000000E-1));
#284=CARTESIAN_POINT('',(-2.95605468750000000E0,-2.88085937500000000E-1,1.25000000000000000E-1));
#285=CARTESIAN_POINT('',(-2.82910156250000000E0,-6.35742187500000000E-1,1.25000000000000000E-1));
#286=CARTESIAN_POINT('',(-2.70214843750000000E0,-9.83398437500000000E-1,1.25000000000000000E-1));
#287=CARTESIAN_POINT('',(-2.93652343750000000E0,1.06933593750000000E0,1.25000000000000000E-1));
#288=CARTESIAN_POINT('',(-3.07421875000000000E0,6.91406250000000000E-1,1.25000000000000000E-1));
#289=CARTESIAN_POINT('',(-3.21191406250000000E0,3.13476562500000000E-1,1.25000000000000000E-1));
#290=CARTESIAN_POINT('',(-3.21191406250000000E0,-3.13476562500000000E-1,1.25000000000000000E-1));
#291=CARTESIAN_POINT('',(-3.07421875000000000E0,-6.91406250000000000E-1,1.25000000000000000E-1));
#292=CARTESIAN_POINT('',(-2.93652343750000000E0,-1.06933593750000000E0,1.25000000000000000E-1));
#293=B_SPLINE_SURFACE_WITH_KNOTS('',1,5,((#281,#282,#283,#284,#285,#286),(#287,#288,#289,#290,#291,#292)),.UNSPECIFIED.,.F.,.F.,.F.,(2,2),(6,6),(0.00000000000000000E0,1.00000000000000000E0),(0.00000000000000000E0,1.00000000000000000E0),.UNSPECIFIED.);
#294=CARTESIAN_POINT('',(-2.93652343750000000E0,1.06933593750000000E0,1.25000000000000000E-1));
#295=CARTESIAN_POINT('',(-3.07421875000000000E0,6.91406250000000000E-1,1.25000000000000000E-1));
#296=CARTESIAN_POINT('',(-3.21191406250000000E0,3.13476562500000000E-1,1.25000000000000000E-1));
#297=CARTESIAN_POINT('',(-3.21191406250000000E0,-3.13476562500000000E-1,1.25000000000000000E-1));
#298=CARTESIAN_POINT('',(-3.07421875000000000E0,-6.91406250000000000E-1,1.25000000000000000E-1));
#299=CARTESIAN_POINT('',(-2.93652343750000000E0,-1.06933593750000000E0,1.25000000000000000E-1));
#300=CARTESIAN_POINT('',(-2.93652343750000000E0,1.06933593750000000E0,-1.25000000000000000E-1));
#301=CARTESIAN_POINT('',(-3.07421875000000000E0,6.91406250000000000E-1,-1.25000000000000000E-1));
#302=CARTESIAN_POINT('',(-3.21191406250000000E0,3.13476562500000000E-1,-1.25000000000000000E-1));
#303=CARTESIAN_POINT('',(-3.21191406250000000E0,-3.13476562500000000E-1,-1.25000000000000000E-1));
#304=CARTESIAN_POINT('',(-3.07421875000000000E0,-6.91406250000000000E-1,-1.25000000000000000E-1));
#305=CARTESIAN_POINT('',(-2.93652343750000000E0,-1.06933593750000000E0,-1.25000000000000000E-1));
#306=B_SPLINE_SURFACE_WITH_KNOTS('',1,5,((#294,#295,#296,#297,#298,#299),(#300,#301,#302,#303,#304,#305)),.UNSPECIFIED.,.F.,.F.,.F.,(2,2),(6,6),(0.00000000000000000E0,1.00000000000000000E0),(0.00000000000000000E0,1.00000000000000000E0),.UNSPECIFIED.);
#307=CARTESIAN_POINT('',(-2.93652343750000000E0,1.06933593750000000E0,-1.25000000000000000E-1));
#308=CARTESIAN_POINT('',(-3.07421875000000000E0,6.91406250000000000E-1,-1.25000000000000000E-1));
#309=CARTESIAN_POINT('',(-3.21191406250000000E0,3.13476562500000000E-1,-1.25000000000000000E-1));
#310=CARTESIAN_POINT('',(-3.21191406250000000E0,-3.13476562500000000E-1,-1.25000000000000000E-1));
#311=CARTESIAN_POINT('',(-3.07421875000000000E0,-6.91406250000000000E-1,-1.25000000000000000E-1));
#312=CARTESIAN_POINT('',(-2.93652343750000000E0,-1.06933593750000000E0,-1.25000000000000000E-1));
#313=CARTESIAN_POINT('',(-2.70214843750000000E0,9.83398437500000000E-1,-1.25000000000000000E-1));
#314=CARTESIAN_POINT('',(-2.82910156250000000E0,6.35742187500000000E-1,-1.25000000000000000E-1));
#315=CARTESIAN_POINT('',(-2.95605468750000000E0,2.88085937500000000E-1,-1.25000000000000000E-1));
#316=CARTESIAN_POINT('',(-2.95605468750000000E0,-2.88085937500000000E-1,-1.25000000000000000E-1));
#317=CARTESIAN_POINT('',(-2.82910156250000000E0,-6.35742187500000000E-1,-1.25000000000000000E-1));
#318=CARTESIAN_POINT('',(-2.70214843750000000E0,-9.83398437500000000E-1,-1.25000000000000000E-1));
#319=B_SPLINE_SURFACE_WITH_KNOTS('',1,5,((#307,#308,#309,#310,#311,#312),(#313,#314,#315,#316,#317,#318)),.UNSPECIFIED.,.F.,.F.,.F.,(2,2),(6,6),(0.00000000000000000E0,1.00000000000000000E0),(0.00000000000000000E0,1.00000000000000000E0),.UNSPECIFIED.);
#320=CARTESIAN_POINT('',(-2.70214843750000000E0,9.83398437500000000E-1,-1.25000000000000000E-1));
#321=CARTESIAN_POINT('',(-2.82910156250000000E0,6.35742187500000000E-1,-1.25000000000000000E-1));
#322=CARTESIAN_POINT('',(-2.95605468750000000E0,2.88085937500000000E-1,-1.25000000000000000E-1));
#323=CARTESIAN_POINT('',(-2.95605468750000000E0,-2.88085937500000000E-1,-1.25000000000000000E-1));
#324=CARTESIAN_POINT('',(-2.82910156250000000E0,-6.35742187500000000E-1,-1.25000000000000000E-1));
#325=CARTESIAN_POINT('',(-2.70214843750000000E0,-9.83398437500000000E-1,-1.25000000000000000E-1));
#326=CARTESIAN_POINT('',(-2.70214843750000000E0,9.83398437500000000E-1,1.25000000000000000E-1));
#327=CARTESIAN_POINT('',(-2.82910156250000000E0,6.35742187500000000E-1,1.25000000000000000E-1));
#328=CARTESIAN_POINT('',(-2.95605468750000000E0,2.88085937500000000E-1,1.25000000000000000E-1));
#329=CARTESIAN_POINT('',(-2.95605468750000000E0,-2.88085937500000000E-1,1.25000000000000000E-1));
#330=CARTESIAN_POINT('',(-2.82910156250000000E0,-6.35742187500000000E-1,1.25000000000000000E-1));
#331=CARTESIAN_POINT('',(-2.70214843750000000E0,-9.83398437500000000E-1,1.25000000000000000E-1));
#332=B_SPLINE_SURFACE_WITH_KNOTS('',1,5,((#320,#321,#322,#323,#324,#325),(#326,#327,#328,#329,#330,#331)),.UNSPECIFIED.,.F.,.F.,.F.,(2,2),(6,6),(0.00000000000000000E0,1.00000000000000000E0),(0.00000000000000000E0,1.00000000000000000E0),.UNSPECIFIED.);
#333=CARTESIAN_POINT('',(-2.70214843750000000E0,-9.83398437500000000E-1,1.25000000000000000E-1));
#334=CARTESIAN_POINT('',(-2.57519531250000000E0,-1.33105468750000000E0,1.25000000000000000E-1));
#335=CARTESIAN_POINT('',(-2.44824218750000000E0,-1.67871093750000000E0,1.25000000000000000E-1));
#336=CARTESIAN_POINT('',(-2.07812500000000000E0,-2.12011718750000000E0,1.25000000000000000E-1));
#337=CARTESIAN_POINT('',(-1.75781250000000000E0,-2.30468750000000000E0,1.25000000000000000E-1));
#338=CARTESIAN_POINT('',(-1.43750000000000000E0,-2.48925781250000000E0,1.25000000000000000E-1));
#339=CARTESIAN_POINT('',(-2.93652343750000000E0,-1.06933593750000000E0,1.25000000000000000E-1));
#340=CARTESIAN_POINT('',(-2.79882812500000000E0,-1.44726562500000000E0,1.25000000000000000E-1));
#341=CARTESIAN_POINT('',(-2.66113281250000000E0,-1.82519531250000000E0,1.25000000000000000E-1));
#342=CARTESIAN_POINT('',(-2.25781250000000000E0,-2.30371093750000000E0,1.25000000000000000E-1));
#343=CARTESIAN_POINT('',(-1.91015625000000000E0,-2.50488281250000000E0,1.25000000000000000E-1));
#344=CARTESIAN_POINT('',(-1.56250000000000000E0,-2.70605468750000000E0,1.25000000000000000E-1));
#345=B_SPLINE_SURFACE_WITH_KNOTS('',1,5,((#333,#334,#335,#336,#337,#338),(#339,#340,#341,#342,#343,#344)),.UNSPECIFIED.,.F.,.F.,.F.,(2,2),(6,6),(0.00000000000000000E0,1.00000000000000000E0),(0.00000000000000000E0,1.00000000000000000E0),.UNSPECIFIED.);
#346=CARTESIAN_POINT('',(-2.93652343750000000E0,-1.06933593750000000E0,1.25000000000000000E-1));
#347=CARTESIAN_POINT('',(-2.79882812500000000E0,-1.44726562500000000E0,1.25000000000000000E-1));
#348=CARTESIAN_POINT('',(-2.66113281250000000E0,-1.82519531250000000E0,1.25000000000000000E-1));
#349=CARTESIAN_POINT('',(-2.25781250000000000E0,-2.30371093750000000E0,1.25000000000000000E-1));
#350=CARTESIAN_POINT('',(-1.91015625000000000E0,-2.50488281250000000E0,1.25000000000000000E-1));
#351=CARTESIAN_POINT('',(-1.56250000000000000E0,-2.70605468750000000E0,1.25000000000000000E-1));
#352=CARTESIAN_POINT('',(-2.93652343750000000E0,-1.06933593750000000E0,-1.25000000000000000E-1));
#353=CARTESIAN_POINT('',(-2.79882812500000000E0,-1.44726562500000000E0,-1.25000000000000000E-1));
#354=CARTESIAN_POINT('',(-2.66113281250000000E0,-1.82519531250000000E0,-1.25000000000000000E-1));
#355=CARTESIAN_POINT('',(-2.25781250000000000E0,-2.30371093750000000E0,-1.25000000000000000E-1));
#356=CARTESIAN_POINT('',(-1.91015625000000000E0,-2.50488281250000000E0,-1.25000000000000000E-1));
#357=CARTESIAN_POINT('',(-1.56250000000000000E0,-2.70605468750000000E0,-1.25000000000000000E-1));
#358=B_SPLINE_SURFACE_WITH_KNOTS('',1,5,((#346,#347,#348,#349,#350,#351),(#352,#353,#354,#355,#356,#357)),.UNSPECIFIED.,.F.,.F.,.F.,(2,2),(6,6),(0.00000000000000000E0,1.00000000000000000E0),(0.00000000000000000E0,1.00000000000000000E0),.UNSPECIFIED.);
#359=CARTESIAN_POINT('',(-2.93652343750000000E0,-1.06933593750000000E0,-1.25000000000000000E-1));
#360=CARTESIAN_POINT('',(-2.79882812500000000E0,-1.44726562500000000E0,-1.25000000000000000E-1));
#361=CARTESIAN_POINT('',(-2.66113281250000000E0,-1.82519531250000000E0,-1.25000000000000000E-1));
#362=CARTESIAN_POINT('',(-2.25781250000000000E0,-2.30371093750000000E0,-1.25000000000000000E-1));
#363=CARTESIAN_POINT('',(-1.91015625000000000E0,-2.50488281250000000E0,-1.25000000000000000E-1));
#364=CARTESIAN_POINT('',(-1.56250000000000000E0,-2.70605468750000000E0,-1.25000000000000000E-1));
#365=CARTESIAN_POINT('',(-2.70214843750000000E0,-9.83398437500000000E-1,-1.25000000000000000E-1));
#366=CARTESIAN_POINT('',(-2.57519531250000000E0,-1.33105468750000000E0,-1.25000000000000000E-1));
#367=CARTESIAN_POINT('',(-2.44824218750000000E0,-1.67871093750000000E0,-1.25000000000000000E-1));
#368=CARTESIAN_POINT('',(-2.07812500000000000E0,-2.12011718750000000E0,-1.25000000000000000E-1));
#369=CARTESIAN_POINT('',(-1.75781250000000000E0,-2.30468750000000000E0,-1.25000000000000000E-1));
#370=CARTESIAN_POINT('',(-1.43750000000000000E0,-2.48925781250000000E0,-1.25000000000000000E-1));
#371=B_SPLINE_SURFACE_WITH_KNOTS('',1,5,((#359,#360,#361,#362,#363,#364),(#365,#366,#367,#368,#369,#370)),.UNSPECIFIED.,.F.,.F.,.F.,(2,2),(6,6),(0.00000000000000000E0,1.00000000000000000E0),(0.00000000000000000E0,1.00000000000000000E0),.UNSPECIFIED.);
#372=CARTESIAN_POINT('',(-2.70214843750000000E0,-9.83398437500000000E-1,-1.25000000000000000E-1));
#373=CARTESIAN_POINT('',(-2.57519531250000000E0,-1.33105468750000000E0,-1.25000000000000000E-1));
#374=CARTESIAN_POINT('',(-2.44824218750000000E0,-1.67871093750000000E0,-1.25000000000000000E-1));
#375=CARTESIAN_POINT('',(-2.07812500000000000E0,-2.12011718750000000E0,-1.25000000000000000E-1));
#376=CARTESIAN_POINT('',(-1.75781250000000000E0,-2.30468750000000000E0,-1.25000000000000000E-1));
#377=CARTESIAN_POINT('',(-1.43750000000000000E0,-2.48925781250000000E0,-1.25000000000000000E-1));
#378=CARTESIAN_POINT('',(-2.70214843750000000E0,-9.83398437500000000E-1,1.25000000000000000E-1));
#379=CARTESIAN_POINT('',(-2.57519531250000000E0,-1.33105468750000000E0,1.25000000000000000E-1));
#380=CARTESIAN_POINT('',(-2.44824218750000000E0,-1.67871093750000000E0,1.25000000000000000E-1));
#381=CARTESIAN_POINT('',(-2.07812500000000000E0,-2.12011718750000000E0,1.25000000000000000E-1));
#382=CARTESIAN_POINT('',(-1.75781250000000000E0,-2.30468750000000000E0,1.25000000000000000E-1));
#383=CARTESIAN_POINT('',(-1.43750000000000000E0,-2.48925781250000000E0,1.25000000000000000E-1));
#384=B_SPLINE_SURFACE_WITH_KNOTS('',1,5,((#372,#373,#374,#375,#376,#377),(#378,#379,#380,#381,#382,#383)),.UNSPECIFIED.,.F.,.F.,.F.,(2,2),(6,6),(0.00000000000000000E0,1.00000000000000000E0),(0.00000000000000000E0,1.00000000000000000E0),.UNSPECIFIED.);
#385=CARTESIAN_POINT('',(-1.43750000000000000E0,-2.48925781250000000E0,1.25000000000000000E-1));
#386=CARTESIAN_POINT('',(-1.11718750000000000E0,-2.67382812500000000E0,1.25000000000000000E-1));
#387=CARTESIAN_POINT('',(-7.96875000000000000E-1,-2.85839843750000000E0,1.25000000000000000E-1));
#388=CARTESIAN_POINT('',(-2.29492187500000000E-1,-2.95996093750000000E0,1.25000000000000000E-1));
#389=CARTESIAN_POINT('',(1.34765625000000000E-1,-2.89550781250000000E0,1.25000000000000000E-1));
#390=CARTESIAN_POINT('',(4.99023437500000000E-1,-2.83105468750000000E0,1.25000000000000000E-1));
#391=CARTESIAN_POINT('',(-1.56250000000000000E0,-2.70605468750000000E0,1.25000000000000000E-1));
#392=CARTESIAN_POINT('',(-1.21484375000000000E0,-2.90722656250000000E0,1.25000000000000000E-1));
#393=CARTESIAN_POINT('',(-8.67187500000000000E-1,-3.10839843750000000E0,1.25000000000000000E-1));
#394=CARTESIAN_POINT('',(-2.49023437500000000E-1,-3.21582031250000000E0,1.25000000000000000E-1));
#395=CARTESIAN_POINT('',(1.46484375000000000E-1,-3.14648437500000000E0,1.25000000000000000E-1));
#396=CARTESIAN_POINT('',(5.41992187500000000E-1,-3.07714843750000000E0,1.25000000000000000E-1));
#397=B_SPLINE_SURFACE_WITH_KNOTS('',1,5,((#385,#386,#387,#388,#389,#390),(#391,#392,#393,#394,#395,#396)),.UNSPECIFIED.,.F.,.F.,.F.,(2,2),(6,6),(0.00000000000000000E0,1.00000000000000000E0),(0.00000000000000000E0,1.00000000000000000E0),.UNSPECIFIED.);
#398=CARTESIAN_POINT('',(-1.56250000000000000E0,-2.70605468750000000E0,1.25000000000000000E-1));
#399=CARTESIAN_POINT('',(-1.21484375000000000E0,-2.90722656250000000E0,1.25000000000000000E-1));
#400=CARTESIAN_POINT('',(-8.67187500000000000E-1,-3.10839843750000000E0,1.25000000000000000E-1));
#401=CARTESIAN_POINT('',(-2.49023437500000000E-1,-3.21582031250000000E0,1.25000000000000000E-1));
#402=CARTESIAN_POINT('',(1.46484375000000000E-1,-3.14648437500000000E0,1.25000000000000000E-1));
#403=CARTESIAN_POINT('',(5.41992187500000000E-1,-3.07714843750000000E0,1.25000000000000000E-1));
#404=CARTESIAN_POINT('',(-1.56250000000000000E0,-2.70605468750000000E0,-1.25000000000000000E-1));
#405=CARTESIAN_POINT('',(-1.21484375000000000E0,-2.90722656250000000E0,-1.25000000000000000E-1));
#406=CARTESIAN_POINT('',(-8.67187500000000000E-1,-3.10839843750000000E0,-1.25000000000000000E-1));
#407=CARTESIAN_POINT('',(-2.49023437500000000E-1,-3.21582031250000000E0,-1.25000000000000000E-1));
#408=CARTESIAN_POINT('',(1.46484375000000000E-1,-3.14648437500000000E0,-1.25000000000000000E-1));
#409=CARTESIAN_POINT('',(5.41992187500000000E-1,-3.07714843750000000E0,-1.25000000000000000E-1));
#410=B_SPLINE_SURFACE_WITH_KNOTS('',1,5,((#398,#399,#400,#401,#402,#403),(#404,#405,#406,#407,#408,#409)),.UNSPECIFIED.,.F.,.F.,.F.,(2,2),(6,6),(0.00000000000000000E0,1.00000000000000000E0),(0.00000000000000000E0,1.00000000000000000E0),.UNSPECIFIED.);
#411=CARTESIAN_POINT('',(-1.56250000000000000E0,-2.70605468750000000E0,-1.25000000000000000E-1));
#412=CARTESIAN_POINT('',(-1.21484375000000000E0,-2.90722656250000000E0,-1.25000000000000000E-1));
#413=CARTESIAN_POINT('',(-8.67187500000000000E-1,-3.10839843750000000E0,-1.25000000000000000E-1));
#414=CARTESIAN_POINT('',(-2.49023437500000000E-1,-3.21582031250000000E0,-1.25000000000000000E-1));
#415=CARTESIAN_POINT('',(1.46484375000000000E-1,-3.14648437500000000E0,-1.25000000000000000E-1));
#416=CARTESIAN_POINT('',(5.41992187500000000E-1,-3.07714843750000000E0,-1.25000000000000000E-1));
#417=CARTESIAN_POINT('',(-1.43750000000000000E0,-2.48925781250000000E0,-1.25000000000000000E-1));
#418=CARTESIAN_POINT('',(-1.11718750000000000E0,-2.67382812500000000E0,-1.25000000000000000E-1));
#419=CARTESIAN_POINT('',(-7.96875000000000000E-1,-2.85839843750000000E0,-1.25000000000000000E-1));
#420=CARTESIAN_POINT('',(-2.29492187500000000E-1,-2.95996093750000000E0,-1.25000000000000000E-1));
#421=CARTESIAN_POINT('',(1.34765625000000000E-1,-2.89550781250000000E0,-1.25000000000000000E-1));
#422=CARTESIAN_POINT('',(4.99023437500000000E-1,-2.83105468750000000E0,-1.25000000000000000E-1));
#423=B_SPLINE_SURFACE_WITH_KNOTS('',1,5,((#411,#412,#413,#414,#415,#416),(#417,#418,#419,#420,#421,#422)),.UNSPECIFIED.,.F.,.F.,.F.,(2,2),(6,6),(0.00000000000000000E0,1.00000000000000000E0),(0.00000000000000000E0,1.00000000000000000E0),.UNSPECIFIED.);
#424=CARTESIAN_POINT('',(-1.43750000000000000E0,-2.48925781250000000E0,-1.25000000000000000E-1));
#425=CARTESIAN_POINT('',(-1.11718750000000000E0,-2.67382812500000000E0,-1.25000000000000000E-1));
#426=CARTESIAN_POINT('',(-7.96875000000000000E-1,-2.85839843750000000E0,-1.25000000000000000E-1));
#427=CARTESIAN_POINT('',(-2.29492187500000000E-1,-2.95996093750000000E0,-1.25000000000000000E-1));
#428=CARTESIAN_POINT('',(1.34765625000000000E-1,-2.89550781250000000E0,-1.25000000000000000E-1));
#429=CARTESIAN_POINT('',(4.99023437500000000E-1,-2.83105468750000000E0,-1.25000000000000000E-1));
#430=CARTESIAN_POINT('',(-1.43750000000000000E0,-2.48925781250000000E0,1.25000000000000000E-1));
#431=CARTESIAN_POINT('',(-1.11718750000000000E0,-2.67382812500000000E0,1.25000000000000000E-1));
#432=CARTESIAN_POINT('',(-7.96875000000000000E-1,-2.85839843750000000E0,1.25000000000000000E-1));
#433=CARTESIAN_POINT('',(-2.29492187500000000E-1,-2.95996093750000000E0,1.25000000000000000E-1));
#434=CARTESIAN_POINT('',(1.34765625000000000E-1,-2.89550781250000000E0,1.25000000000000000E-1));
#435=CARTESIAN_POINT('',(4.99023437500000000E-1,-2.83105468750000000E0,1.25000000000000000E-1));
#436=B_SPLINE_SURFACE_WITH_KNOTS('',1,5,((#424,#425,#426,#427,#428,#429),(#430,#431,#432,#433,#434,#435)),.UNSPECIFIED.,.F.,.F.,.F.,(2,2),(6,6),(0.00000000000000000E0,1.00000000000000000E0),(0.00000000000000000E0,1.00000000000000000E0),.UNSPECIFIED.);
#437=CARTESIAN_POINT('',(4.99023437500000000E-1,-2.83105468750000000E0,1.25000000000000000E-1));
#438=CARTESIAN_POINT('',(8.63281250000000000E-1,-2.76660156250000000E0,1.25000000000000000E-1));
#439=CARTESIAN_POINT('',(1.22753906250000000E0,-2.70214843750000000E0,1.25000000000000000E-1));
#440=CARTESIAN_POINT('',(1.72753906250000000E0,-2.41503906250000000E0,1.25000000000000000E-1));
#441=CARTESIAN_POINT('',(1.96484375000000000E0,-2.13183593750000000E0,1.25000000000000000E-1));
#442=CARTESIAN_POINT('',(2.20214843750000000E0,-1.84863281250000000E0,1.25000000000000000E-1));
#443=CARTESIAN_POINT('',(5.41992187500000000E-1,-3.07714843750000000E0,1.25000000000000000E-1));
#444=CARTESIAN_POINT('',(9.37500000000000000E-1,-3.00781250000000000E0,1.25000000000000000E-1));
#445=CARTESIAN_POINT('',(1.33300781250000000E0,-2.93847656250000000E0,1.25000000000000000E-1));
#446=CARTESIAN_POINT('',(1.87597656250000000E0,-2.62402343750000000E0,1.25000000000000000E-1));
#447=CARTESIAN_POINT('',(2.13476562500000000E0,-2.31640625000000000E0,1.25000000000000000E-1));
#448=CARTESIAN_POINT('',(2.39355468750000000E0,-2.00878906250000000E0,1.25000000000000000E-1));
#449=B_SPLINE_SURFACE_WITH_KNOTS('',1,5,((#437,#438,#439,#440,#441,#442),(#443,#444,#445,#446,#447,#448)),.UNSPECIFIED.,.F.,.F.,.F.,(2,2),(6,6),(0.00000000000000000E0,1.00000000000000000E0),(0.00000000000000000E0,1.00000000000000000E0),.UNSPECIFIED.);
#450=CARTESIAN_POINT('',(5.41992187500000000E-1,-3.07714843750000000E0,1.25000000000000000E-1));
#451=CARTESIAN_POINT('',(9.37500000000000000E-1,-3.00781250000000000E0,1.25000000000000000E-1));
#452=CARTESIAN_POINT('',(1.33300781250000000E0,-2.93847656250000000E0,1.25000000000000000E-1));
#453=CARTESIAN_POINT('',(1.87597656250000000E0,-2.62402343750000000E0,1.25000000000000000E-1));
#454=CARTESIAN_POINT('',(2.13476562500000000E0,-2.31640625000000000E0,1.25000000000000000E-1));
#455=CARTESIAN_POINT('',(2.39355468750000000E0,-2.00878906250000000E0,1.25000000000000000E-1));
#456=CARTESIAN_POINT('',(5.41992187500000000E-1,-3.07714843750000000E0,-1.25000000000000000E-1));
#457=CARTESIAN_POINT('',(9.37500000000000000E-1,-3.00781250000000000E0,-1.25000000000000000E-1));
#458=CARTESIAN_POINT('',(1.33300781250000000E0,-2.93847656250000000E0,-1.25000000000000000E-1));
#459=CARTESIAN_POINT('',(1.87597656250000000E0,-2.62402343750000000E0,-1.25000000000000000E-1));
#460=CARTESIAN_POINT('',(2.13476562500000000E0,-2.31640625000000000E0,-1.25000000000000000E-1));
#461=CARTESIAN_POINT('',(2.39355468750000000E0,-2.00878906250000000E0,-1.25000000000000000E-1));
#462=B_SPLINE_SURFACE_WITH_KNOTS('',1,5,((#450,#451,#452,#453,#454,#455),(#456,#457,#458,#459,#460,#461)),.UNSPECIFIED.,.F.,.F.,.F.,(2,2),(6,6),(0.00000000000000000E0,1.00000000000000000E0),(0.00000000000000000E0,1.00000000000000000E0),.UNSPECIFIED.);
#463=CARTESIAN_POINT('',(5.41992187500000000E-1,-3.07714843750000000E0,-1.25000000000000000E-1));
#464=CARTESIAN_POINT('',(9.37500000000000000E-1,-3.00781250000000000E0,-1.25000000000000000E-1));
#465=CARTESIAN_POINT('',(1.33300781250000000E0,-2.93847656250000000E0,-1.25000000000000000E-1));
#466=CARTESIAN_POINT('',(1.87597656250000000E0,-2.62402343750000000E0,-1.25000000000000000E-1));
#467=CARTESIAN_POINT('',(2.13476562500000000E0,-2.31640625000000000E0,-1.25000000000000000E-1));
#468=CARTESIAN_POINT('',(2.39355468750000000E0,-2.00878906250000000E0,-1.25000000000000000E-1));
#469=CARTESIAN_POINT('',(4.99023437500000000E-1,-2.83105468750000000E0,-1.25000000000000000E-1));
#470=CARTESIAN_POINT('',(8.63281250000000000E-1,-2.76660156250000000E0,-1.25000000000000000E-1));
#471=CARTESIAN_POINT('',(1.22753906250000000E0,-2.70214843750000000E0,-1.25000000000000000E-1));
#472=CARTESIAN_POINT('',(1.72753906250000000E0,-2.41503906250000000E0,-1.25000000000000000E-1));
#473=CARTESIAN_POINT('',(1.96484375000000000E0,-2.13183593750000000E0,-1.25000000000000000E-1));
#474=CARTESIAN_POINT('',(2.20214843750000000E0,-1.84863281250000000E0,-1.25000000000000000E-1));
#475=B_SPLINE_SURFACE_WITH_KNOTS('',1,5,((#463,#464,#465,#466,#467,#468),(#469,#470,#471,#472,#473,#474)),.UNSPECIFIED.,.F.,.F.,.F.,(2,2),(6,6),(0.00000000000000000E0,1.00000000000000000E0),(0.00000000000000000E0,1.00000000000000000E0),.UNSPECIFIED.);
#476=CARTESIAN_POINT('',(4.99023437500000000E-1,-2.83105468750000000E0,-1.25000000000000000E-1));
#477=CARTESIAN_POINT('',(8.63281250000000000E-1,-2.76660156250000000E0,-1.25000000000000000E-1));
#478=CARTESIAN_POINT('',(1.22753906250000000E0,-2.70214843750000000E0,-1.25000000000000000E-1));
#479=CARTESIAN_POINT('',(1.72753906250000000E0,-2.41503906250000000E0,-1.25000000000000000E-1));
#480=CARTESIAN_POINT('',(1.96484375000000000E0,-2.13183593750000000E0,-1.25000000000000000E-1));
#481=CARTESIAN_POINT('',(2.20214843750000000E0,-1.84863281250000000E0,-1.25000000000000000E-1));
#482=CARTESIAN_POINT('',(4.99023437500000000E-1,-2.83105468750000000E0,1.25000000000000000E-1));
#483=CARTESIAN_POINT('',(8.63281250000000000E-1,-2.76660156250000000E0,1.25000000000000000E-1));
#484=CARTESIAN_POINT('',(1.22753906250000000E0,-2.70214843750000000E0,1.25000000000000000E-1));
#485=CARTESIAN_POINT('',(1.72753906250000000E0,-2.41503906250000000E0,1.25000000000000000E-1));
#486=CARTESIAN_POINT('',(1.96484375000000000E0,-2.13183593750000000E0,1.25000000000000000E-1));
#487=CARTESIAN_POINT('',(2.20214843750000000E0,-1.84863281250000000E0,1.25000000000000000E-1));
#488=B_SPLINE_SURFACE_WITH_KNOTS('',1,5,((#476,#477,#478,#479,#480,#481),(#482,#483,#484,#485,#486,#487)),.UNSPECIFIED.,.F.,.F.,.F.,(2,2),(6,6),(0.00000000000000000E0,1.00000000000000000E0),(0.00000000000000000E0,1.00000000000000000E0),.UNSPECIFIED.);
#489=CARTESIAN_POINT('',(2.20214843750000000E0,-1.84863281250000000E0,1.25000000000000000E-1));
#490=CARTESIAN_POINT('',(2.43945312500000000E0,-1.56542968750000000E0,1.25000000000000000E-1));
#491=CARTESIAN_POINT('',(2.67675781250000000E0,-1.28222656250000000E0,1.25000000000000000E-1));
#492=CARTESIAN_POINT('',(2.87500000000000000E0,-7.40234375000000000E-1,1.25000000000000000E-1));
#493=CARTESIAN_POINT('',(2.87500000000000000E0,-3.70117187500000000E-1,1.25000000000000000E-1));
#494=CARTESIAN_POINT('',(2.87500000000000000E0,0.00000000000000000E0,1.25000000000000000E-1));
#495=CARTESIAN_POINT('',(2.39355468750000000E0,-2.00878906250000000E0,1.25000000000000000E-1));
#496=CARTESIAN_POINT('',(2.65234375000000000E0,-1.70117187500000000E0,1.25000000000000000E-1));
#497=CARTESIAN_POINT('',(2.91113281250000000E0,-1.39355468750000000E0,1.25000000000000000E-1));
#498=CARTESIAN_POINT('',(3.12500000000000000E0,-8.02734375000000000E-1,1.25000000000000000E-1));
#499=CARTESIAN_POINT('',(3.12500000000000000E0,-4.01367187500000000E-1,1.25000000000000000E-1));
#500=CARTESIAN_POINT('',(3.12500000000000000E0,0.00000000000000000E0,1.25000000000000000E-1));
#501=B_SPLINE_SURFACE_WITH_KNOTS('',1,5,((#489,#490,#491,#492,#493,#494),(#495,#496,#497,#498,#499,#500)),.UNSPECIFIED.,.F.,.F.,.F.,(2,2),(6,6),(0.00000000000000000E0,1.00000000000000000E0),(0.00000000000000000E0,1.00000000000000000E0),.UNSPECIFIED.);
#502=CARTESIAN_POINT('',(2.39355468750000000E0,-2.00878906250000000E0,1.25000000000000000E-1));
#503=CARTESIAN_POINT('',(2.65234375000000000E0,-1.70117187500000000E0,1.25000000000000000E-1));
#504=CARTESIAN_POINT('',(2.91113281250000000E0,-1.39355468750000000E0,1.25000000000000000E-1));
#505=CARTESIAN_POINT('',(3.12500000000000000E0,-8.02734375000000000E-1,1.25000000000000000E-1));
#506=CARTESIAN_POINT('',(3.12500000000000000E0,-4.01367187500000000E-1,1.25000000000000000E-1));
#507=CARTESIAN_POINT('',(3.12500000000000000E0,0.00000000000000000E0,1.25000000000000000E-1));
#508=CARTESIAN_POINT('',(2.39355468750000000E0,-2.00878906250000000E0,-1.25000000000000000E-1));
#509=CARTESIAN_POINT('',(2.65234375000000000E0,-1.70117187500000000E0,-1.25000000000000000E-1));
#510=CARTESIAN_POINT('',(2.91113281250000000E0,-1.39355468750000000E0,-1.25000000000000000E-1));
#511=CARTESIAN_POINT('',(3.12500000000000000E0,-8.02734375000000000E-1,-1.25000000000000000E-1));
#512=CARTESIAN_POINT('',(3.12500000000000000E0,-4.01367187500000000E-1,-1.25000000000000000E-1));
#513=CARTESIAN_POINT('',(3.12500000000000000E0,0.00000000000000000E0,-1.25000000000000000E-1));
#514=B_SPLINE_SURFACE_WITH_KNOTS('',1,5,((#502,#503,#504,#505,#506,#507),(#508,#509,#510,#511,#512,#513)),.UNSPECIFIED.,.F.,.F.,.F.,(2,2),(6,6),(0.00000000000000000E0,1.00000000000000000E0),(0.00000000000000000E0,1.00000000000000000E0),.UNSPECIFIED.);
#515=CARTESIAN_POINT('',(2.39355468750000000E0,-2.00878906250000000E0,-1.25000000000000000E-1));
#516=CARTESIAN_POINT('',(2.65234375000000000E0,-1.70117187500000000E0,-1.25000000000000000E-1));
#517=CARTESIAN_POINT('',(2.91113281250000000E0,-1.39355468750000000E0,-1.25000000000000000E-1));
#518=CARTESIAN_POINT('',(3.12500000000000000E0,-8.02734375000000000E-1,-1.25000000000000000E-1));
#519=CARTESIAN_POINT('',(3.12500000000000000E0,-4.01367187500000000E-1,-1.25000000000000000E-1));
#520=CARTESIAN_POINT('',(3.12500000000000000E0,0.00000000000000000E0,-1.25000000000000000E-1));
#521=CARTESIAN_POINT('',(2.20214843750000000E0,-1.84863281250000000E0,-1.25000000000000000E-1));
#522=CARTESIAN_POINT('',(2.43945312500000000E0,-1.56542968750000000E0,-1.25000000000000000E-1));
#523=CARTESIAN_POINT('',(2.67675781250000000E0,-1.28222656250000000E0,-1.25000000000000000E-1));
#524=CARTESIAN_POINT('',(2.87500000000000000E0,-7.40234375000000000E-1,-1.25000000000000000E-1));
#525=CARTESIAN_POINT('',(2.87500000000000000E0,-3.70117187500000000E-1,-1.25000000000000000E-1));
#526=CARTESIAN_POINT('',(2.87500000000000000E0,0.00000000000000000E0,-1.25000000000000000E-1));
#527=B_SPLINE_SURFACE_WITH_KNOTS('',1,5,((#515,#516,#517,#518,#519,#520),(#521,#522,#523,#524,#525,#526)),.UNSPECIFIED.,.F.,.F.,.F.,(2,2),(6,6),(0.00000000000000000E0,1.00000000000000000E0),(0.00000000000000000E0,1.00000000000000000E0),.UNSPECIFIED.);
#528=CARTESIAN_POINT('',(2.20214843750000000E0,-1.84863281250000000E0,-1.25000000000000000E-1));
#529=CARTESIAN_POINT('',(2.43945312500000000E0,-1.56542968750000000E0,-1.25000000000000000E-1));
#530=CARTESIAN_POINT('',(2.67675781250000000E0,-1.28222656250000000E0,-1.25000000000000000E-1));
#531=CARTESIAN_POINT('',(2.87500000000000000E0,-7.40234375000000000E-1,-1.25000000000000000E-1));
#532=CARTESIAN_POINT('',(2.87500000000000000E0,-3.70117187500000000E-1,-1.25000000000000000E-1));
#533=CARTESIAN_POINT('',(2.87500000000000000E0,0.00000000000000000E0,-1.25000000000000000E-1));
#534=CARTESIAN_POINT('',(2.20214843750000000E0,-1.84863281250000000E0,1.25000000000000000E-1));
#535=CARTESIAN_POINT('',(2.43945312500000000E0,-1.56542968750000000E0,1.25000000000000000E-1));
#536=CARTESIAN_POINT('',(2.67675781250000000E0,-1.28222656250000000E0,1.25000000000000000E-1));
#537=CARTESIAN_POINT('',(2.87500000000000000E0,-7.40234375000000000E-1,1.25000000000000000E-1));
#538=CARTESIAN_POINT('',(2.87500000000000000E0,-3.70117187500000000E-1,1.25000000000000000E-1));
#539=CARTESIAN_POINT('',(2.87500000000000000E0,0.00000000000000000E0,1.25000000000000000E-1));
#540=B_SPLINE_SURFACE_WITH_KNOTS('',1,5,((#528,#529,#530,#531,#532,#533),(#534,#535,#536,#537,#538,#539)),.UNSPECIFIED.,.F.,.F.,.F.,(2,2),(6,6),(0.00000000000000000E0,1.00000000000000000E0),(0.00000000000000000E0,1.00000000000000000E0),.UNSPECIFIED.);
#541=CARTESIAN_POINT('',(2.87500000000000000E0,0.00000000000000000E0,1.25000000000000000E-1));
#542=CARTESIAN_POINT('',(3.12500000000000000E0,0.00000000000000000E0,1.25000000000000000E-1));
#543=B_SPLINE_CURVE_WITH_KNOTS('',1,(#541,#542),.UNSPECIFIED.,.F.,.F.,(2,2),(0.00000000000000000E0,1.00000000000000000E0),.UNSPECIFIED.);
#544=CARTESIAN_POINT('',(3.12500000000000000E0,0.00000000000000000E0,1.25000000000000000E-1));
#545=CARTESIAN_POINT('',(3.12500000000000000E0,4.01367187500000000E-1,1.25000000000000000E-1));
#546=CARTESIAN_POINT('',(3.12500000000000000E0,8.02734375000000000E-1,1.25000000000000000E-1));
#547=CARTESIAN_POINT('',(2.91113281250000000E0,1.39355468750000000E0,1.25000000000000000E-1));
#548=CARTESIAN_POINT('',(2.65234375000000000E0,1.70117187500000000E0,1.25000000000000000E-1));
#549=CARTESIAN_POINT('',(2.39355468750000000E0,2.00878906250000000E0,1.25000000000000000E-1));
#550=B_SPLINE_CURVE_WITH_KNOTS('',5,(#544,#545,#546,#547,#548,#549),.UNSPECIFIED.,.F.,.F.,(6,6),(0.00000000000000000E0,1.00000000000000000E0),.UNSPECIFIED.);
#551=CARTESIAN_POINT('',(2.20214843750000000E0,1.84863281250000000E0,1.25000000000000000E-1));
#552=CARTESIAN_POINT('',(2.39355468750000000E0,2.00878906250000000E0,1.25000000000000000E-1));
#553=B_SPLINE_CURVE_WITH_KNOTS('',1,(#551,#552),.UNSPECIFIED.,.F.,.F.,(2,2),(0.00000000000000000E0,1.00000000000000000E0),.UNSPECIFIED.);
#554=CARTESIAN_POINT('',(2.87500000000000000E0,0.00000000000000000E0,1.25000000000000000E-1));
#555=CARTESIAN_POINT('',(2.87500000000000000E0,3.70117187500000000E-1,1.25000000000000000E-1));
#556=CARTESIAN_POINT('',(2.87500000000000000E0,7.40234375000000000E-1,1.25000000000000000E-1));
#557=CARTESIAN_POINT('',(2.67675781250000000E0,1.28222656250000000E0,1.25000000000000000E-1));
#558=CARTESIAN_POINT('',(2.43945312500000000E0,1.56542968750000000E0,1.25000000000000000E-1));
#559=CARTESIAN_POINT('',(2.20214843750000000E0,1.84863281250000000E0,1.25000000000000000E-1));
#560=B_SPLINE_CURVE_WITH_KNOTS('',5,(#554,#555,#556,#557,#558,#559),.UNSPECIFIED.,.F.,.F.,(6,6),(0.00000000000000000E0,1.00000000000000000E0),.UNSPECIFIED.);
#561=CARTESIAN_POINT('',(3.12500000000000000E0,0.00000000000000000E0,1.25000000000000000E-1));
#562=CARTESIAN_POINT('',(3.12500000000000000E0,0.00000000000000000E0,-1.25000000000000000E-1));
#563=B_SPLINE_CURVE_WITH_KNOTS('',1,(#561,#562),.UNSPECIFIED.,.F.,.F.,(2,2),(0.00000000000000000E0,1.00000000000000000E0),.UNSPECIFIED.);
#564=CARTESIAN_POINT('',(3.12500000000000000E0,0.00000000000000000E0,-1.25000000000000000E-1));
#565=CARTESIAN_POINT('',(3.12500000000000000E0,4.01367187500000000E-1,-1.25000000000000000E-1));
#566=CARTESIAN_POINT('',(3.12500000000000000E0,8.02734375000000000E-1,-1.25000000000000000E-1));
#567=CARTESIAN_POINT('',(2.91113281250000000E0,1.39355468750000000E0,-1.25000000000000000E-1));
#568=CARTESIAN_POINT('',(2.65234375000000000E0,1.70117187500000000E0,-1.25000000000000000E-1));
#569=CARTESIAN_POINT('',(2.39355468750000000E0,2.00878906250000000E0,-1.25000000000000000E-1));
#570=B_SPLINE_CURVE_WITH_KNOTS('',5,(#564,#565,#566,#567,#568,#569),.UNSPECIFIED.,.F.,.F.,(6,6),(0.00000000000000000E0,1.00000000000000000E0),.UNSPECIFIED.);
#571=CARTESIAN_POINT('',(2.39355468750000000E0,2.00878906250000000E0,1.25000000000000000E-1));
#572=CARTESIAN_POINT('',(2.39355468750000000E0,2.00878906250000000E0,-1.25000000000000000E-1));
#573=B_SPLINE_CURVE_WITH_KNOTS('',1,(#571,#572),.UNSPECIFIED.,.F.,.F.,(2,2),(0.00000000000000000E0,1.00000000000000000E0),.UNSPECIFIED.);
#574=CARTESIAN_POINT('',(3.12500000000000000E0,0.00000000000000000E0,-1.25000000000000000E-1));
#575=CARTESIAN_POINT('',(2.87500000000000000E0,0.00000000000000000E0,-1.25000000000000000E-1));
#576=B_SPLINE_CURVE_WITH_KNOTS('',1,(#574,#575),.UNSPECIFIED.,.F.,.F.,(2,2),(0.00000000000000000E0,1.00000000000000000E0),.UNSPECIFIED.);
#577=CARTESIAN_POINT('',(2.87500000000000000E0,0.00000000000000000E0,-1.25000000000000000E-1));
#578=CARTESIAN_POINT('',(2.87500000000000000E0,3.70117187500000000E-1,-1.25000000000000000E-1));
#579=CARTESIAN_POINT('',(2.87500000000000000E0,7.40234375000000000E-1,-1.25000000000000000E-1));
#580=CARTESIAN_POINT('',(2.67675781250000000E0,1.28222656250000000E0,-1.25000000000000000E-1));
#581=CARTESIAN_POINT('',(2.43945312500000000E0,1.56542968750000000E0,-1.25000000000000000E-1));
#582=CARTESIAN_POINT('',(2.20214843750000000E0,1.84863281250000000E0,-1.25000000000000000E-1));
#583=B_SPLINE_CURVE_WITH_KNOTS('',5,(#577,#578,#579,#580,#581,#582),.UNSPECIFIED.,.F.,.F.,(6,6),(0.00000000000000000E0,1.00000000000000000E0),.UNSPECIFIED.);
#584=CARTESIAN_POINT('',(2.39355468750000000E0,2.00878906250000000E0,-1.25000000000000000E-1));
#585=CARTESIAN_POINT('',(2.20214843750000000E0,1.84863281250000000E0,-1.25000000000000000E-1));
#586=B_SPLINE_CURVE_WITH_KNOTS('',1,(#584,#585),.UNSPECIFIED.,.F.,.F.,(2,2),(0.00000000000000000E0,1.00000000000000000E0),.UNSPECIFIED.);
#587=CARTESIAN_POINT('',(2.87500000000000000E0,0.00000000000000000E0,1.25000000000000000E-1));
#588=CARTESIAN_POINT('',(2.87500000000000000E0,0.00000000000000000E0,-1.25000000000000000E-1));
#589=B_SPLINE_CURVE_WITH_KNOTS('',1,(#587,#588),.UNSPECIFIED.,.F.,.F.,(2,2),(0.00000000000000000E0,1.00000000000000000E0),.UNSPECIFIED.);
#590=CARTESIAN_POINT('',(2.20214843750000000E0,1.84863281250000000E0,1.25000000000000000E-1));
#591=CARTESIAN_POINT('',(2.20214843750000000E0,1.84863281250000000E0,-1.25000000000000000E-1));
#592=B_SPLINE_CURVE_WITH_KNOTS('',1,(#590,#591),.UNSPECIFIED.,.F.,.F.,(2,2),(0.00000000000000000E0,1.00000000000000000E0),.UNSPECIFIED.);
#593=CARTESIAN_POINT('',(2.39355468750000000E0,2.00878906250000000E0,1.25000000000000000E-1));
#594=CARTESIAN_POINT('',(2.13476562500000000E0,2.31640625000000000E0,1.25000000000000000E-1));
#595=CARTESIAN_POINT('',(1.87597656250000000E0,2.62402343750000000E0,1.25000000000000000E-1));
#596=CARTESIAN_POINT('',(1.33300781250000000E0,2.93847656250000000E0,1.25000000000000000E-1));
#597=CARTESIAN_POINT('',(9.37500000000000000E-1,3.00781250000000000E0,1.25000000000000000E-1));
#598=CARTESIAN_POINT('',(5.41992187500000000E-1,3.07714843750000000E0,1.25000000000000000E-1));
#599=B_SPLINE_CURVE_WITH_KNOTS('',5,(#593,#594,#595,#596,#597,#598),.UNSPECIFIED.,.F.,.F.,(6,6),(0.00000000000000000E0,1.00000000000000000E0),.UNSPECIFIED.);
#600=CARTESIAN_POINT('',(4.99023437500000000E-1,2.83105468750000000E0,1.25000000000000000E-1));
#601=CARTESIAN_POINT('',(5.41992187500000000E-1,3.07714843750000000E0,1.25000000000000000E-1));
#602=B_SPLINE_CURVE_WITH_KNOTS('',1,(#600,#601),.UNSPECIFIED.,.F.,.F.,(2,2),(0.00000000000000000E0,1.00000000000000000E0),.UNSPECIFIED.);
#603=CARTESIAN_POINT('',(2.20214843750000000E0,1.84863281250000000E0,1.25000000000000000E-1));
#604=CARTESIAN_POINT('',(1.96484375000000000E0,2.13183593750000000E0,1.25000000000000000E-1));
#605=CARTESIAN_POINT('',(1.72753906250000000E0,2.41503906250000000E0,1.25000000000000000E-1));
#606=CARTESIAN_POINT('',(1.22753906250000000E0,2.70214843750000000E0,1.25000000000000000E-1));
#607=CARTESIAN_POINT('',(8.63281250000000000E-1,2.76660156250000000E0,1.25000000000000000E-1));
#608=CARTESIAN_POINT('',(4.99023437500000000E-1,2.83105468750000000E0,1.25000000000000000E-1));
#609=B_SPLINE_CURVE_WITH_KNOTS('',5,(#603,#604,#605,#606,#607,#608),.UNSPECIFIED.,.F.,.F.,(6,6),(0.00000000000000000E0,1.00000000000000000E0),.UNSPECIFIED.);
#610=CARTESIAN_POINT('',(2.39355468750000000E0,2.00878906250000000E0,-1.25000000000000000E-1));
#611=CARTESIAN_POINT('',(2.13476562500000000E0,2.31640625000000000E0,-1.25000000000000000E-1));
#612=CARTESIAN_POINT('',(1.87597656250000000E0,2.62402343750000000E0,-1.25000000000000000E-1));
#613=CARTESIAN_POINT('',(1.33300781250000000E0,2.93847656250000000E0,-1.25000000000000000E-1));
#614=CARTESIAN_POINT('',(9.37500000000000000E-1,3.00781250000000000E0,-1.25000000000000000E-1));
#615=CARTESIAN_POINT('',(5.41992187500000000E-1,3.07714843750000000E0,-1.25000000000000000E-1));
#616=B_SPLINE_CURVE_WITH_KNOTS('',5,(#610,#611,#612,#613,#614,#615),.UNSPECIFIED.,.F.,.F.,(6,6),(0.00000000000000000E0,1.00000000000000000E0),.UNSPECIFIED.);
#617=CARTESIAN_POINT('',(5.41992187500000000E-1,3.07714843750000000E0,1.25000000000000000E-1));
#618=CARTESIAN_POINT('',(5.41992187500000000E-1,3.07714843750000000E0,-1.25000000000000000E-1));
#619=B_SPLINE_CURVE_WITH_KNOTS('',1,(#617,#618),.UNSPECIFIED.,.F.,.F.,(2,2),(0.00000000000000000E0,1.00000000000000000E0),.UNSPECIFIED.);
#620=CARTESIAN_POINT('',(2.20214843750000000E0,1.84863281250000000E0,-1.25000000000000000E-1));
#621=CARTESIAN_POINT('',(1.96484375000000000E0,2.13183593750000000E0,-1.25000000000000000E-1));
#622=CARTESIAN_POINT('',(1.72753906250000000E0,2.41503906250000000E0,-1.25000000000000000E-1));
#623=CARTESIAN_POINT('',(1.22753906250000000E0,2.70214843750000000E0,-1.25000000000000000E-1));
#624=CARTESIAN_POINT('',(8.63281250000000000E-1,2.76660156250000000E0,-1.25000000000000000E-1));
#625=CARTESIAN_POINT('',(4.99023437500000000E-1,2.83105468750000000E0,-1.25000000000000000E-1));
#626=B_SPLINE_CURVE_WITH_KNOTS('',5,(#620,#621,#622,#623,#624,#625),.UNSPECIFIED.,.F.,.F.,(6,6),(0.00000000000000000E0,1.00000000000000000E0),.UNSPECIFIED.);
#627=CARTESIAN_POINT('',(5.41992187500000000E-1,3.07714843750000000E0,-1.25000000000000000E-1));
#628=CARTESIAN_POINT('',(4.99023437500000000E-1,2.83105468750000000E0,-1.25000000000000000E-1));
#629=B_SPLINE_CURVE_WITH_KNOTS('',1,(#627,#628),.UNSPECIFIED.,.F.,.F.,(2,2),(0.00000000000000000E0,1.00000000000000000E0),.UNSPECIFIED.);
#630=CARTESIAN_POINT('',(4.99023437500000000E-1,2.83105468750000000E0,1.25000000000000000E-1));
#631=CARTESIAN_POINT('',(4.99023437500000000E-1,2.83105468750000000E0,-1.25000000000000000E-1));
#632=B_SPLINE_CURVE_WITH_KNOTS('',1,(#630,#631),.UNSPECIFIED.,.F.,.F.,(2,2),(0.00000000000000000E0,1.00000000000000000E0),.UNSPECIFIED.);
#633=CARTESIAN_POINT('',(5.41992187500000000E-1,3.07714843750000000E0,1.25000000000000000E-1));
#634=CARTESIAN_POINT('',(1.46484375000000000E-1,3.14648437500000000E0,1.25000000000000000E-1));
#635=CARTESIAN_POINT('',(-2.49023437500000000E-1,3.21582031250000000E0,1.25000000000000000E-1));
#636=CARTESIAN_POINT('',(-8.67187500000000000E-1,3.10839843750000000E0,1.25000000000000000E-1));
#637=CARTESIAN_POINT('',(-1.21484375000000000E0,2.90722656250000000E0,1.25000000000000000E-1));
#638=CARTESIAN_POINT('',(-1.56250000000000000E0,2.70605468750000000E0,1.25000000000000000E-1));
#639=B_SPLINE_CURVE_WITH_KNOTS('',5,(#633,#634,#635,#636,#637,#638),.UNSPECIFIED.,.F.,.F.,(6,6),(0.00000000000000000E0,1.00000000000000000E0),.UNSPECIFIED.);
#640=CARTESIAN_POINT('',(-1.43750000000000000E0,2.48925781250000000E0,1.25000000000000000E-1));
#641=CARTESIAN_POINT('',(-1.56250000000000000E0,2.70605468750000000E0,1.25000000000000000E-1));
#642=B_SPLINE_CURVE_WITH_KNOTS('',1,(#640,#641),.UNSPECIFIED.,.F.,.F.,(2,2),(0.00000000000000000E0,1.00000000000000000E0),.UNSPECIFIED.);
#643=CARTESIAN_POINT('',(4.99023437500000000E-1,2.83105468750000000E0,1.25000000000000000E-1));
#644=CARTESIAN_POINT('',(1.34765625000000000E-1,2.89550781250000000E0,1.25000000000000000E-1));
#645=CARTESIAN_POINT('',(-2.29492187500000000E-1,2.95996093750000000E0,1.25000000000000000E-1));
#646=CARTESIAN_POINT('',(-7.96875000000000000E-1,2.85839843750000000E0,1.25000000000000000E-1));
#647=CARTESIAN_POINT('',(-1.11718750000000000E0,2.67382812500000000E0,1.25000000000000000E-1));
#648=CARTESIAN_POINT('',(-1.43750000000000000E0,2.48925781250000000E0,1.25000000000000000E-1));
#649=B_SPLINE_CURVE_WITH_KNOTS('',5,(#643,#644,#645,#646,#647,#648),.UNSPECIFIED.,.F.,.F.,(6,6),(0.00000000000000000E0,1.00000000000000000E0),.UNSPECIFIED.);
#650=CARTESIAN_POINT('',(5.41992187500000000E-1,3.07714843750000000E0,-1.25000000000000000E-1));
#651=CARTESIAN_POINT('',(1.46484375000000000E-1,3.14648437500000000E0,-1.25000000000000000E-1));
#652=CARTESIAN_POINT('',(-2.49023437500000000E-1,3.21582031250000000E0,-1.25000000000000000E-1));
#653=CARTESIAN_POINT('',(-8.67187500000000000E-1,3.10839843750000000E0,-1.25000000000000000E-1));
#654=CARTESIAN_POINT('',(-1.21484375000000000E0,2.90722656250000000E0,-1.25000000000000000E-1));
#655=CARTESIAN_POINT('',(-1.56250000000000000E0,2.70605468750000000E0,-1.25000000000000000E-1));
#656=B_SPLINE_CURVE_WITH_KNOTS('',5,(#650,#651,#652,#653,#654,#655),.UNSPECIFIED.,.F.,.F.,(6,6),(0.00000000000000000E0,1.00000000000000000E0),.UNSPECIFIED.);
#657=CARTESIAN_POINT('',(-1.56250000000000000E0,2.70605468750000000E0,1.25000000000000000E-1));
#658=CARTESIAN_POINT('',(-1.56250000000000000E0,2.70605468750000000E0,-1.25000000000000000E-1));
#659=B_SPLINE_CURVE_WITH_KNOTS('',1,(#657,#658),.UNSPECIFIED.,.F.,.F.,(2,2),(0.00000000000000000E0,1.00000000000000000E0),.UNSPECIFIED.);
#660=CARTESIAN_POINT('',(4.99023437500000000E-1,2.83105468750000000E0,-1.25000000000000000E-1));
#661=CARTESIAN_POINT('',(1.34765625000000000E-1,2.89550781250000000E0,-1.25000000000000000E-1));
#662=CARTESIAN_POINT('',(-2.29492187500000000E-1,2.95996093750000000E0,-1.25000000000000000E-1));
#663=CARTESIAN_POINT('',(-7.96875000000000000E-1,2.85839843750000000E0,-1.25000000000000000E-1));
#664=CARTESIAN_POINT('',(-1.11718750000000000E0,2.67382812500000000E0,-1.25000000000000000E-1));
#665=CARTESIAN_POINT('',(-1.43750000000000000E0,2.48925781250000000E0,-1.25000000000000000E-1));
#666=B_SPLINE_CURVE_WITH_KNOTS('',5,(#660,#661,#662,#663,#664,#665),.UNSPECIFIED.,.F.,.F.,(6,6),(0.00000000000000000E0,1.00000000000000000E0),.UNSPECIFIED.);
#667=CARTESIAN_POINT('',(-1.56250000000000000E0,2.70605468750000000E0,-1.25000000000000000E-1));
#668=CARTESIAN_POINT('',(-1.43750000000000000E0,2.48925781250000000E0,-1.25000000000000000E-1));
#669=B_SPLINE_CURVE_WITH_KNOTS('',1,(#667,#668),.UNSPECIFIED.,.F.,.F.,(2,2),(0.00000000000000000E0,1.00000000000000000E0),.UNSPECIFIED.);
#670=CARTESIAN_POINT('',(-1.43750000000000000E0,2.48925781250000000E0,1.25000000000000000E-1));
#671=CARTESIAN_POINT('',(-1.43750000000000000E0,2.48925781250000000E0,-1.25000000000000000E-1));
#672=B_SPLINE_CURVE_WITH_KNOTS('',1,(#670,#671),.UNSPECIFIED.,.F.,.F.,(2,2),(0.00000000000000000E0,1.00000000000000000E0),.UNSPECIFIED.);
#673=CARTESIAN_POINT('',(-1.56250000000000000E0,2.70605468750000000E0,1.25000000000000000E-1));
#674=CARTESIAN_POINT('',(-1.91015625000000000E0,2.50488281250000000E0,1.25000000000000000E-1));
#675=CARTESIAN_POINT('',(-2.25781250000000000E0,2.30371093750000000E0,1.25000000000000000E-1));
#676=CARTESIAN_POINT('',(-2.66113281250000000E0,1.82519531250000000E0,1.25000000000000000E-1));
#677=CARTESIAN_POINT('',(-2.79882812500000000E0,1.44726562500000000E0,1.25000000000000000E-1));
#678=CARTESIAN_POINT('',(-2.93652343750000000E0,1.06933593750000000E0,1.25000000000000000E-1));
#679=B_SPLINE_CURVE_WITH_KNOTS('',5,(#673,#674,#675,#676,#677,#678),.UNSPECIFIED.,.F.,.F.,(6,6),(0.00000000000000000E0,1.00000000000000000E0),.UNSPECIFIED.);
#680=CARTESIAN_POINT('',(-2.70214843750000000E0,9.83398437500000000E-1,1.25000000000000000E-1));
#681=CARTESIAN_POINT('',(-2.93652343750000000E0,1.06933593750000000E0,1.25000000000000000E-1));
#682=B_SPLINE_CURVE_WITH_KNOTS('',1,(#680,#681),.UNSPECIFIED.,.F.,.F.,(2,2),(0.00000000000000000E0,1.00000000000000000E0),.UNSPECIFIED.);
#683=CARTESIAN_POINT('',(-1.43750000000000000E0,2.48925781250000000E0,1.25000000000000000E-1));
#684=CARTESIAN_POINT('',(-1.75781250000000000E0,2.30468750000000000E0,1.25000000000000000E-1));
#685=CARTESIAN_POINT('',(-2.07812500000000000E0,2.12011718750000000E0,1.25000000000000000E-1));
#686=CARTESIAN_POINT('',(-2.44824218750000000E0,1.67871093750000000E0,1.25000000000000000E-1));
#687=CARTESIAN_POINT('',(-2.57519531250000000E0,1.33105468750000000E0,1.25000000000000000E-1));
#688=CARTESIAN_POINT('',(-2.70214843750000000E0,9.83398437500000000E-1,1.25000000000000000E-1));
#689=B_SPLINE_CURVE_WITH_KNOTS('',5,(#683,#684,#685,#686,#687,#688),.UNSPECIFIED.,.F.,.F.,(6,6),(0.00000000000000000E0,1.00000000000000000E0),.UNSPECIFIED.);
#690=CARTESIAN_POINT('',(-1.56250000000000000E0,2.70605468750000000E0,-1.25000000000000000E-1));
#691=CARTESIAN_POINT('',(-1.91015625000000000E0,2.50488281250000000E0,-1.25000000000000000E-1));
#692=CARTESIAN_POINT('',(-2.25781250000000000E0,2.30371093750000000E0,-1.25000000000000000E-1));
#693=CARTESIAN_POINT('',(-2.66113281250000000E0,1.82519531250000000E0,-1.25000000000000000E-1));
#694=CARTESIAN_POINT('',(-2.79882812500000000E0,1.44726562500000000E0,-1.25000000000000000E-1));
#695=CARTESIAN_POINT('',(-2.93652343750000000E0,1.06933593750000000E0,-1.25000000000000000E-1));
#696=B_SPLINE_CURVE_WITH_KNOTS('',5,(#690,#691,#692,#693,#694,#695),.UNSPECIFIED.,.F.,.F.,(6,6),(0.00000000000000000E0,1.00000000000000000E0),.UNSPECIFIED.);
#697=CARTESIAN_POINT('',(-2.93652343750000000E0,1.06933593750000000E0,1.25000000000000000E-1));
#698=CARTESIAN_POINT('',(-2.93652343750000000E0,1.06933593750000000E0,-1.25000000000000000E-1));
#699=B_SPLINE_CURVE_WITH_KNOTS('',1,(#697,#698),.UNSPECIFIED.,.F.,.F.,(2,2),(0.00000000000000000E0,1.00000000000000000E0),.UNSPECIFIED.);
#700=CARTESIAN_POINT('',(-1.43750000000000000E0,2.48925781250000000E0,-1.25000000000000000E-1));
#701=CARTESIAN_POINT('',(-1.75781250000000000E0,2.30468750000000000E0,-1.25000000000000000E-1));
#702=CARTESIAN_POINT('',(-2.07812500000000000E0,2.12011718750000000E0,-1.25000000000000000E-1));
#703=CARTESIAN_POINT('',(-2.44824218750000000E0,1.67871093750000000E0,-1.25000000000000000E-1));
#704=CARTESIAN_POINT('',(-2.57519531250000000E0,1.33105468750000000E0,-1.25000000000000000E-1));
#705=CARTESIAN_POINT('',(-2.70214843750000000E0,9.83398437500000000E-1,-1.25000000000000000E-1));
#706=B_SPLINE_CURVE_WITH_KNOTS('',5,(#700,#701,#702,#703,#704,#705),.UNSPECIFIED.,.F.,.F.,(6,6),(0.00000000000000000E0,1.00000000000000000E0),.UNSPECIFIED.);
#707=CARTESIAN_POINT('',(-2.93652343750000000E0,1.06933593750000000E0,-1.25000000000000000E-1));
#708=CARTESIAN_POINT('',(-2.70214843750000000E0,9.83398437500000000E-1,-1.25000000000000000E-1));
#709=B_SPLINE_CURVE_WITH_KNOTS('',1,(#707,#708),.UNSPECIFIED.,.F.,.F.,(2,2),(0.00000000000000000E0,1.00000000000000000E0),.UNSPECIFIED.);
#710=CARTESIAN_POINT('',(-2.70214843750000000E0,9.83398437500000000E-1,1.25000000000000000E-1));
#711=CARTESIAN_POINT('',(-2.70214843750000000E0,9.83398437500000000E-1,-1.25000000000000000E-1));
#712=B_SPLINE_CURVE_WITH_KNOTS('',1,(#710,#711),.UNSPECIFIED.,.F.,.F.,(2,2),(0.00000000000000000E0,1.00000000000000000E0),.UNSPECIFIED.);
#713=CARTESIAN_POINT('',(-2.93652343750000000E0,1.06933593750000000E0,1.25000000000000000E-1));
#714=CARTESIAN_POINT('',(-3.07421875000000000E0,6.91406250000000000E-1,1.25000000000000000E-1));
#715=CARTESIAN_POINT('',(-3.21191406250000000E0,3.13476562500000000E-1,1.25000000000000000E-1));
#716=CARTESIAN_POINT('',(-3.21191406250000000E0,-3.13476562500000000E-1,1.25000000000000000E-1));
#717=CARTESIAN_POINT('',(-3.07421875000000000E0,-6.91406250000000000E-1,1.25000000000000000E-1));
#718=CARTESIAN_POINT('',(-2.93652343750000000E0,-1.06933593750000000E0,1.25000000000000000E-1));
#719=B_SPLINE_CURVE_WITH_KNOTS('',5,(#713,#714,#715,#716,#717,#718),.UNSPECIFIED.,.F.,.F.,(6,6),(0.00000000000000000E0,1.00000000000000000E0),.UNSPECIFIED.);
#720=CARTESIAN_POINT('',(-2.70214843750000000E0,-9.83398437500000000E-1,1.25000000000000000E-1));
#721=CARTESIAN_POINT('',(-2.93652343750000000E0,-1.06933593750000000E0,1.25000000000000000E-1));
#722=B_SPLINE_CURVE_WITH_KNOTS('',1,(#720,#721),.UNSPECIFIED.,.F.,.F.,(2,2),(0.00000000000000000E0,1.00000000000000000E0),.UNSPECIFIED.);
#723=CARTESIAN_POINT('',(-2.70214843750000000E0,9.83398437500000000E-1,1.25000000000000000E-1));
#724=CARTESIAN_POINT('',(-2.82910156250000000E0,6.35742187500000000E-1,1.25000000000000000E-1));
#725=CARTESIAN_POINT('',(-2.95605468750000000E0,2.88085937500000000E-1,1.25000000000000000E-1));
#726=CARTESIAN_POINT('',(-2.95605468750000000E0,-2.88085937500000000E-1,1.25000000000000000E-1));
#727=CARTESIAN_POINT('',(-2.82910156250000000E0,-6.35742187500000000E-1,1.25000000000000000E-1));
#728=CARTESIAN_POINT('',(-2.70214843750000000E0,-9.83398437500000000E-1,1.25000000000000000E-1));
#729=B_SPLINE_CURVE_WITH_KNOTS('',5,(#723,#724,#725,#726,#727,#728),.UNSPECIFIED.,.F.,.F.,(6,6),(0.00000000000000000E0,1.00000000000000000E0),.UNSPECIFIED.);
#730=CARTESIAN_POINT('',(-2.93652343750000000E0,1.06933593750000000E0,-1.25000000000000000E-1));
#731=CARTESIAN_POINT('',(-3.07421875000000000E0,6.91406250000000000E-1,-1.25000000000000000E-1));
#732=CARTESIAN_POINT('',(-3.21191406250000000E0,3.13476562500000000E-1,-1.25000000000000000E-1));
#733=CARTESIAN_POINT('',(-3.21191406250000000E0,-3.13476562500000000E-1,-1.25000000000000000E-1));
#734=CARTESIAN_POINT('',(-3.07421875000000000E0,-6.91406250000000000E-1,-1.25000000000000000E-1));
#735=CARTESIAN_POINT('',(-2.93652343750000000E0,-1.06933593750000000E0,-1.25000000000000000E-1));
#736=B_SPLINE_CURVE_WITH_KNOTS('',5,(#730,#731,#732,#733,#734,#735),.UNSPECIFIED.,.F.,.F.,(6,6),(0.00000000000000000E0,1.00000000000000000E0),.UNSPECIFIED.);
#737=CARTESIAN_POINT('',(-2.93652343750000000E0,-1.06933593750000000E0,1.25000000000000000E-1));
#738=CARTESIAN_POINT('',(-2.93652343750000000E0,-1.06933593750000000E0,-1.25000000000000000E-1));
#739=B_SPLINE_CURVE_WITH_KNOTS('',1,(#737,#738),.UNSPECIFIED.,.F.,.F.,(2,2),(0.00000000000000000E0,1.00000000000000000E0),.UNSPECIFIED.);
#740=CARTESIAN_POINT('',(-2.70214843750000000E0,9.83398437500000000E-1,-1.25000000000000000E-1));
#741=CARTESIAN_POINT('',(-2.82910156250000000E0,6.35742187500000000E-1,-1.25000000000000000E-1));
#742=CARTESIAN_POINT('',(-2.95605468750000000E0,2.88085937500000000E-1,-1.25000000000000000E-1));
#743=CARTESIAN_POINT('',(-2.95605468750000000E0,-2.88085937500000000E-1,-1.25000000000000000E-1));
#744=CARTESIAN_POINT('',(-2.82910156250000000E0,-6.35742187500000000E-1,-1.25000000000000000E-1));
#745=CARTESIAN_POINT('',(-2.70214843750000000E0,-9.83398437500000000E-1,-1.25000000000000000E-1));
#746=B_SPLINE_CURVE_WITH_KNOTS('',5,(#740,#741,#742,#743,#744,#745),.UNSPECIFIED.,.F.,.F.,(6,6),(0.00000000000000000E0,1.00000000000000000E0),.UNSPECIFIED.);
#747=CARTESIAN_POINT('',(-2.93652343750000000E0,-1.06933593750000000E0,-1.25000000000000000E-1));
#748=CARTESIAN_POINT('',(-2.70214843750000000E0,-9.83398437500000000E-1,-1.25000000000000000E-1));
#749=B_SPLINE_CURVE_WITH_KNOTS('',1,(#747,#748),.UNSPECIFIED.,.F.,.F.,(2,2),(0.00000000000000000E0,1.00000000000000000E0),.UNSPECIFIED.);
#750=CARTESIAN_POINT('',(-2.70214843750000000E0,-9.83398437500000000E-1,1.25000000000000000E-1));
#751=CARTESIAN_POINT('',(-2.70214843750000000E0,-9.83398437500000000E-1,-1.25000000000000000E-1));
#752=B_SPLINE_CURVE_WITH_KNOTS('',1,(#750,#751),.UNSPECIFIED.,.F.,.F.,(2,2),(0.00000000000000000E0,1.00000000000000000E0),.UNSPECIFIED.);
#753=CARTESIAN_POINT('',(-2.93652343750000000E0,-1.06933593750000000E0,1.25000000000000000E-1));
#754=CARTESIAN_POINT('',(-2.79882812500000000E0,-1.44726562500000000E0,1.25000000000000000E-1));
#755=CARTESIAN_POINT('',(-2.66113281250000000E0,-1.82519531250000000E0,1.25000000000000000E-1));
#756=CARTESIAN_POINT('',(-2.25781250000000000E0,-2.30371093750000000E0,1.25000000000000000E-1));
#757=CARTESIAN_POINT('',(-1.91015625000000000E0,-2.50488281250000000E0,1.25000000000000000E-1));
#758=CARTESIAN_POINT('',(-1.56250000000000000E0,-2.70605468750000000E0,1.25000000000000000E-1));
#759=B_SPLINE_CURVE_WITH_KNOTS('',5,(#753,#754,#755,#756,#757,#758),.UNSPECIFIED.,.F.,.F.,(6,6),(0.00000000000000000E0,1.00000000000000000E0),.UNSPECIFIED.);
#760=CARTESIAN_POINT('',(-1.43750000000000000E0,-2.48925781250000000E0,1.25000000000000000E-1));
#761=CARTESIAN_POINT('',(-1.56250000000000000E0,-2.70605468750000000E0,1.25000000000000000E-1));
#762=B_SPLINE_CURVE_WITH_KNOTS('',1,(#760,#761),.UNSPECIFIED.,.F.,.F.,(2,2),(0.00000000000000000E0,1.00000000000000000E0),.UNSPECIFIED.);
#763=CARTESIAN_POINT('',(-2.70214843750000000E0,-9.83398437500000000E-1,1.25000000000000000E-1));
#764=CARTESIAN_POINT('',(-2.57519531250000000E0,-1.33105468750000000E0,1.25000000000000000E-1));
#765=CARTESIAN_POINT('',(-2.44824218750000000E0,-1.67871093750000000E0,1.25000000000000000E-1));
#766=CARTESIAN_POINT('',(-2.07812500000000000E0,-2.12011718750000000E0,1.25000000000000000E-1));
#767=CARTESIAN_POINT('',(-1.75781250000000000E0,-2.30468750000000000E0,1.25000000000000000E-1));
#768=CARTESIAN_POINT('',(-1.43750000000000000E0,-2.48925781250000000E0,1.25000000000000000E-1));
#769=B_SPLINE_CURVE_WITH_KNOTS('',5,(#763,#764,#765,#766,#767,#768),.UNSPECIFIED.,.F.,.F.,(6,6),(0.00000000000000000E0,1.00000000000000000E0),.UNSPECIFIED.);
#770=CARTESIAN_POINT('',(-2.93652343750000000E0,-1.06933593750000000E0,-1.25000000000000000E-1));
#771=CARTESIAN_POINT('',(-2.79882812500000000E0,-1.44726562500000000E0,-1.25000000000000000E-1));
#772=CARTESIAN_POINT('',(-2.66113281250000000E0,-1.82519531250000000E0,-1.25000000000000000E-1));
#773=CARTESIAN_POINT('',(-2.25781250000000000E0,-2.30371093750000000E0,-1.25000000000000000E-1));
#774=CARTESIAN_POINT('',(-1.91015625000000000E0,-2.50488281250000000E0,-1.25000000000000000E-1));
#775=CARTESIAN_POINT('',(-1.56250000000000000E0,-2.70605468750000000E0,-1.25000000000000000E-1));
#776=B_SPLINE_CURVE_WITH_KNOTS('',5,(#770,#771,#772,#773,#774,#775),.UNSPECIFIED.,.F.,.F.,(6,6),(0.00000000000000000E0,1.00000000000000000E0),.UNSPECIFIED.);
#777=CARTESIAN_POINT('',(-1.56250000000000000E0,-2.70605468750000000E0,1.25000000000000000E-1));
#778=CARTESIAN_POINT('',(-1.56250000000000000E0,-2.70605468750000000E0,-1.25000000000000000E-1));
#779=B_SPLINE_CURVE_WITH_KNOTS('',1,(#777,#778),.UNSPECIFIED.,.F.,.F.,(2,2),(0.00000000000000000E0,1.00000000000000000E0),.UNSPECIFIED.);
#780=CARTESIAN_POINT('',(-2.70214843750000000E0,-9.83398437500000000E-1,-1.25000000000000000E-1));
#781=CARTESIAN_POINT('',(-2.57519531250000000E0,-1.33105468750000000E0,-1.25000000000000000E-1));
#782=CARTESIAN_POINT('',(-2.44824218750000000E0,-1.67871093750000000E0,-1.25000000000000000E-1));
#783=CARTESIAN_POINT('',(-2.07812500000000000E0,-2.12011718750000000E0,-1.25000000000000000E-1));
#784=CARTESIAN_POINT('',(-1.75781250000000000E0,-2.30468750000000000E0,-1.25000000000000000E-1));
#785=CARTESIAN_POINT('',(-1.43750000000000000E0,-2.48925781250000000E0,-1.25000000000000000E-1));
#786=B_SPLINE_CURVE_WITH_KNOTS('',5,(#780,#781,#782,#783,#784,#785),.UNSPECIFIED.,.F.,.F.,(6,6),(0.00000000000000000E0,1.00000000000000000E0),.UNSPECIFIED.);
#787=CARTESIAN_POINT('',(-1.56250000000000000E0,-2.70605468750000000E0,-1.25000000000000000E-1));
#788=CARTESIAN_POINT('',(-1.43750000000000000E0,-2.48925781250000000E0,-1.25000000000000000E-1));
#789=B_SPLINE_CURVE_WITH_KNOTS('',1,(#787,#788),.UNSPECIFIED.,.F.,.F.,(2,2),(0.00000000000000000E0,1.00000000000000000E0),.UNSPECIFIED.);
#790=CARTESIAN_POINT('',(-1.43750000000000000E0,-2.48925781250000000E0,1.25000000000000000E-1));
#791=CARTESIAN_POINT('',(-1.43750000000000000E0,-2.48925781250000000E0,-1.25000000000000000E-1));
#792=B_SPLINE_CURVE_WITH_KNOTS('',1,(#790,#791),.UNSPECIFIED.,.F.,.F.,(2,2),(0.00000000000000000E0,1.00000000000000000E0),.UNSPECIFIED.);
#793=CARTESIAN_POINT('',(-1.56250000000000000E0,-2.70605468750000000E0,1.25000000000000000E-1));
#794=CARTESIAN_POINT('',(-1.21484375000000000E0,-2.90722656250000000E0,1.25000000000000000E-1));
#795=CARTESIAN_POINT('',(-8.67187500000000000E-1,-3.10839843750000000E0,1.25000000000000000E-1));
#796=CARTESIAN_POINT('',(-2.49023437500000000E-1,-3.21582031250000000E0,1.25000000000000000E-1));
#797=CARTESIAN_POINT('',(1.46484375000000000E-1,-3.14648437500000000E0,1.25000000000000000E-1));
#798=CARTESIAN_POINT('',(5.41992187500000000E-1,-3.07714843750000000E0,1.25000000000000000E-1));
#799=B_SPLINE_CURVE_WITH_KNOTS('',5,(#793,#794,#795,#796,#797,#798),.UNSPECIFIED.,.F.,.F.,(6,6),(0.00000000000000000E0,1.00000000000000000E0),.UNSPECIFIED.);
#800=CARTESIAN_POINT('',(4.99023437500000000E-1,-2.83105468750000000E0,1.25000000000000000E-1));
#801=CARTESIAN_POINT('',(5.41992187500000000E-1,-3.07714843750000000E0,1.25000000000000000E-1));
#802=B_SPLINE_CURVE_WITH_KNOTS('',1,(#800,#801),.UNSPECIFIED.,.F.,.F.,(2,2),(0.00000000000000000E0,1.00000000000000000E0),.UNSPECIFIED.);
#803=CARTESIAN_POINT('',(-1.43750000000000000E0,-2.48925781250000000E0,1.25000000000000000E-1));
#804=CARTESIAN_POINT('',(-1.11718750000000000E0,-2.67382812500000000E0,1.25000000000000000E-1));
#805=CARTESIAN_POINT('',(-7.96875000000000000E-1,-2.85839843750000000E0,1.25000000000000000E-1));
#806=CARTESIAN_POINT('',(-2.29492187500000000E-1,-2.95996093750000000E0,1.25000000000000000E-1));
#807=CARTESIAN_POINT('',(1.34765625000000000E-1,-2.89550781250000000E0,1.25000000000000000E-1));
#808=CARTESIAN_POINT('',(4.99023437500000000E-1,-2.83105468750000000E0,1.25000000000000000E-1));
#809=B_SPLINE_CURVE_WITH_KNOTS('',5,(#803,#804,#805,#806,#807,#808),.UNSPECIFIED.,.F.,.F.,(6,6),(0.00000000000000000E0,1.00000000000000000E0),.UNSPECIFIED.);
#810=CARTESIAN_POINT('',(-1.56250000000000000E0,-2.70605468750000000E0,-1.25000000000000000E-1));
#811=CARTESIAN_POINT('',(-1.21484375000000000E0,-2.90722656250000000E0,-1.25000000000000000E-1));
#812=CARTESIAN_POINT('',(-8.67187500000000000E-1,-3.10839843750000000E0,-1.25000000000000000E-1));
#813=CARTESIAN_POINT('',(-2.49023437500000000E-1,-3.21582031250000000E0,-1.25000000000000000E-1));
#814=CARTESIAN_POINT('',(1.46484375000000000E-1,-3.14648437500000000E0,-1.25000000000000000E-1));
#815=CARTESIAN_POINT('',(5.41992187500000000E-1,-3.07714843750000000E0,-1.25000000000000000E-1));
#816=B_SPLINE_CURVE_WITH_KNOTS('',5,(#810,#811,#812,#813,#814,#815),.UNSPECIFIED.,.F.,.F.,(6,6),(0.00000000000000000E0,1.00000000000000000E0),.UNSPECIFIED.);
#817=CARTESIAN_POINT('',(5.41992187500000000E-1,-3.07714843750000000E0,1.25000000000000000E-1));
#818=CARTESIAN_POINT('',(5.41992187500000000E-1,-3.07714843750000000E0,-1.25000000000000000E-1));
#819=B_SPLINE_CURVE_WITH_KNOTS('',1,(#817,#818),.UNSPECIFIED.,.F.,.F.,(2,2),(0.00000000000000000E0,1.00000000000000000E0),.UNSPECIFIED.);
#820=CARTESIAN_POINT('',(-1.43750000000000000E0,-2.48925781250000000E0,-1.25000000000000000E-1));
#821=CARTESIAN_POINT('',(-1.11718750000000000E0,-2.67382812500000000E0,-1.25000000000000000E-1));
#822=CARTESIAN_POINT('',(-7.96875000000000000E-1,-2.85839843750000000E0,-1.25000000000000000E-1));
#823=CARTESIAN_POINT('',(-2.29492187500000000E-1,-2.95996093750000000E0,-1.25000000000000000E-1));
#824=CARTESIAN_POINT('',(1.34765625000000000E-1,-2.89550781250000000E0,-1.25000000000000000E-1));
#825=CARTESIAN_POINT('',(4.99023437500000000E-1,-2.83105468750000000E0,-1.25000000000000000E-1));
#826=B_SPLINE_CURVE_WITH_KNOTS('',5,(#820,#821,#822,#823,#824,#825),.UNSPECIFIED.,.F.,.F.,(6,6),(0.00000000000000000E0,1.00000000000000000E0),.UNSPECIFIED.);
#827=CARTESIAN_POINT('',(5.41992187500000000E-1,-3.07714843750000000E0,-1.25000000000000000E-1));
#828=CARTESIAN_POINT('',(4.99023437500000000E-1,-2.83105468750000000E0,-1.25000000000000000E-1));
#829=B_SPLINE_CURVE_WITH_KNOTS('',1,(#827,#828),.UNSPECIFIED.,.F.,.F.,(2,2),(0.00000000000000000E0,1.00000000000000000E0),.UNSPECIFIED.);
#830=CARTESIAN_POINT('',(4.99023437500000000E-1,-2.83105468750000000E0,1.25000000000000000E-1));
#831=CARTESIAN_POINT('',(4.99023437500000000E-1,-2.83105468750000000E0,-1.25000000000000000E-1));
#832=B_SPLINE_CURVE_WITH_KNOTS('',1,(#830,#831),.UNSPECIFIED.,.F.,.F.,(2,2),(0.00000000000000000E0,1.00000000000000000E0),.UNSPECIFIED.);
#833=CARTESIAN_POINT('',(5.41992187500000000E-1,-3.07714843750000000E0,1.25000000000000000E-1));
#834=CARTESIAN_POINT('',(9.37500000000000000E-1,-3.00781250000000000E0,1.25000000000000000E-1));
#835=CARTESIAN_POINT('',(1.33300781250000000E0,-2.93847656250000000E0,1.25000000000000000E-1));
#836=CARTESIAN_POINT('',(1.87597656250000000E0,-2.62402343750000000E0,1.25000000000000000E-1));
#837=CARTESIAN_POINT('',(2.13476562500000000E0,-2.31640625000000000E0,1.25000000000000000E-1));
#838=CARTESIAN_POINT('',(2.39355468750000000E0,-2.00878906250000000E0,1.25000000000000000E-1));
#839=B_SPLINE_CURVE_WITH_KNOTS('',5,(#833,#834,#835,#836,#837,#838),.UNSPECIFIED.,.F.,.F.,(6,6),(0.00000000000000000E0,1.00000000000000000E0),.UNSPECIFIED.);
#840=CARTESIAN_POINT('',(2.20214843750000000E0,-1.84863281250000000E0,1.25000000000000000E-1));
#841=CARTESIAN_POINT('',(2.39355468750000000E0,-2.00878906250000000E0,1.25000000000000000E-1));
#842=B_SPLINE_CURVE_WITH_KNOTS('',1,(#840,#841),.UNSPECIFIED.,.F.,.F.,(2,2),(0.00000000000000000E0,1.00000000000000000E0),.UNSPECIFIED.);
#843=CARTESIAN_POINT('',(4.99023437500000000E-1,-2.83105468750000000E0,1.25000000000000000E-1));
#844=CARTESIAN_POINT('',(8.63281250000000000E-1,-2.76660156250000000E0,1.25000000000000000E-1));
#845=CARTESIAN_POINT('',(1.22753906250000000E0,-2.70214843750000000E0,1.25000000000000000E-1));
#846=CARTESIAN_POINT('',(1.72753906250000000E0,-2.41503906250000000E0,1.25000000000000000E-1));
#847=CARTESIAN_POINT('',(1.96484375000000000E0,-2.13183593750000000E0,1.25000000000000000E-1));
#848=CARTESIAN_POINT('',(2.20214843750000000E0,-1.84863281250000000E0,1.25000000000000000E-1));
#849=B_SPLINE_CURVE_WITH_KNOTS('',5,(#843,#844,#845,#846,#847,#848),.UNSPECIFIED.,.F.,.F.,(6,6),(0.00000000000000000E0,1.00000000000000000E0),.UNSPECIFIED.);
#850=CARTESIAN_POINT('',(5.41992187500000000E-1,-3.07714843750000000E0,-1.25000000000000000E-1));
#851=CARTESIAN_POINT('',(9.37500000000000000E-1,-3.00781250000000000E0,-1.25000000000000000E-1));
#852=CARTESIAN_POINT('',(1.33300781250000000E0,-2.93847656250000000E0,-1.25000000000000000E-1));
#853=CARTESIAN_POINT('',(1.87597656250000000E0,-2.62402343750000000E0,-1.25000000000000000E-1));
#854=CARTESIAN_POINT('',(2.13476562500000000E0,-2.31640625000000000E0,-1.25000000000000000E-1));
#855=CARTESIAN_POINT('',(2.39355468750000000E0,-2.00878906250000000E0,-1.25000000000000000E-1));
#856=B_SPLINE_CURVE_WITH_KNOTS('',5,(#850,#851,#852,#853,#854,#855),.UNSPECIFIED.,.F.,.F.,(6,6),(0.00000000000000000E0,1.00000000000000000E0),.UNSPECIFIED.);
#857=CARTESIAN_POINT('',(2.39355468750000000E0,-2.00878906250000000E0,1.25000000000000000E-1));
#858=CARTESIAN_POINT('',(2.39355468750000000E0,-2.00878906250000000E0,-1.25000000000000000E-1));
#859=B_SPLINE_CURVE_WITH_KNOTS('',1,(#857,#858),.UNSPECIFIED.,.F.,.F.,(2,2),(0.00000000000000000E0,1.00000000000000000E0),.UNSPECIFIED.);
#860=CARTESIAN_POINT('',(4.99023437500000000E-1,-2.83105468750000000E0,-1.25000000000000000E-1));
#861=CARTESIAN_POINT('',(8.63281250000000000E-1,-2.76660156250000000E0,-1.25000000000000000E-1));
#862=CARTESIAN_POINT('',(1.22753906250000000E0,-2.70214843750000000E0,-1.25000000000000000E-1));
#863=CARTESIAN_POINT('',(1.72753906250000000E0,-2.41503906250000000E0,-1.25000000000000000E-1));
#864=CARTESIAN_POINT('',(1.96484375000000000E0,-2.13183593750000000E0,-1.25000000000000000E-1));
#865=CARTESIAN_POINT('',(2.20214843750000000E0,-1.84863281250000000E0,-1.25000000000000000E-1));
#866=B_SPLINE_CURVE_WITH_KNOTS('',5,(#860,#861,#862,#863,#864,#865),.UNSPECIFIED.,.F.,.F.,(6,6),(0.00000000000000000E0,1.00000000000000000E0),.UNSPECIFIED.);
#867=CARTESIAN_POINT('',(2.39355468750000000E0,-2.00878906250000000E0,-1.25000000000000000E-1));
#868=CARTESIAN_POINT('',(2.20214843750000000E0,-1.84863281250000000E0,-1.25000000000000000E-1));
#869=B_SPLINE_CURVE_WITH_KNOTS('',1,(#867,#868),.UNSPECIFIED.,.F.,.F.,(2,2),(0.00000000000000000E0,1.00000000000000000E0),.UNSPECIFIED.);
#870=CARTESIAN_POINT('',(2.20214843750000000E0,-1.84863281250000000E0,1.25000000000000000E-1));
#871=CARTESIAN_POINT('',(2.20214843750000000E0,-1.84863281250000000E0,-1.25000000000000000E-1));
#872=B_SPLINE_CURVE_WITH_KNOTS('',1,(#870,#871),.UNSPECIFIED.,.F.,.F.,(2,2),(0.00000000000000000E0,1.00000000000000000E0),.UNSPECIFIED.);
#873=CARTESIAN_POINT('',(3.12500000000000000E0,0.00000000000000000E0,1.25000000000000000E-1));
#874=CARTESIAN_POINT('',(3.12500000000000000E0,-4.01367187500000000E-1,1.25000000000000000E-1));
#875=CARTESIAN_POINT('',(3.12500000000000000E0,-8.02734375000000000E-1,1.25000000000000000E-1));
#876=CARTESIAN_POINT('',(2.91113281250000000E0,-1.39355468750000000E0,1.25000000000000000E-1));
#877=CARTESIAN_POINT('',(2.65234375000000000E0,-1.70117187500000000E0,1.25000000000000000E-1));
#878=CARTESIAN_POINT('',(2.39355468750000000E0,-2.00878906250000000E0,1.25000000000000000E-1));
#879=B_SPLINE_CURVE_WITH_KNOTS('',5,(#873,#874,#875,#876,#877,#878),.UNSPECIFIED.,.F.,.F.,(6,6),(0.00000000000000000E0,1.00000000000000000E0),.UNSPECIFIED.);
#880=CARTESIAN_POINT('',(2.87500000000000000E0,0.00000000000000000E0,1.25000000000000000E-1));
#881=CARTESIAN_POINT('',(2.87500000000000000E0,-3.70117187500000000E-1,1.25000000000000000E-1));
#882=CARTESIAN_POINT('',(2.87500000000000000E0,-7.40234375000000000E-1,1.25000000000000000E-1));
#883=CARTESIAN_POINT('',(2.67675781250000000E0,-1.28222656250000000E0,1.25000000000000000E-1));
#884=CARTESIAN_POINT('',(2.43945312500000000E0,-1.56542968750000000E0,1.25000000000000000E-1));
#885=CARTESIAN_POINT('',(2.20214843750000000E0,-1.84863281250000000E0,1.25000000000000000E-1));
#886=B_SPLINE_CURVE_WITH_KNOTS('',5,(#880,#881,#882,#883,#884,#885),.UNSPECIFIED.,.F.,.F.,(6,6),(0.00000000000000000E0,1.00000000000000000E0),.UNSPECIFIED.);
#887=CARTESIAN_POINT('',(3.12500000000000000E0,0.00000000000000000E0,-1.25000000000000000E-1));
#888=CARTESIAN_POINT('',(3.12500000000000000E0,-4.01367187500000000E-1,-1.25000000000000000E-1));
#889=CARTESIAN_POINT('',(3.12500000000000000E0,-8.02734375000000000E-1,-1.25000000000000000E-1));
#890=CARTESIAN_POINT('',(2.91113281250000000E0,-1.39355468750000000E0,-1.25000000000000000E-1));
#891=CARTESIAN_POINT('',(2.65234375000000000E0,-1.70117187500000000E0,-1.25000000000000000E-1));
#892=CARTESIAN_POINT('',(2.39355468750000000E0,-2.00878906250000000E0,-1.25000000000000000E-1));
#893=B_SPLINE_CURVE_WITH_KNOTS('',5,(#887,#888,#889,#890,#891,#892),.UNSPECIFIED.,.F.,.F.,(6,6),(0.00000000000000000E0,1.00000000000000000E0),.UNSPECIFIED.);
#894=CARTESIAN_POINT('',(2.87500000000000000E0,0.00000000000000000E0,-1.25000000000000000E-1));
#895=CARTESIAN_POINT('',(2.87500000000000000E0,-3.70117187500000000E-1,-1.25000000000000000E-1));
#896=CARTESIAN_POINT('',(2.87500000000000000E0,-7.40234375000000000E-1,-1.25000000000000000E-1));
#897=CARTESIAN_POINT('',(2.67675781250000000E0,-1.28222656250000000E0,-1.25000000000000000E-1));
#898=CARTESIAN_POINT('',(2.43945312500000000E0,-1.56542968750000000E0,-1.25000000000000000E-1));
#899=CARTESIAN_POINT('',(2.20214843750000000E0,-1.84863281250000000E0,-1.25000000000000000E-1));
#900=B_SPLINE_CURVE_WITH_KNOTS('',5,(#894,#895,#896,#897,#898,#899),.UNSPECIFIED.,.F.,.F.,(6,6),(0.00000000000000000E0,1.00000000000000000E0),.UNSPECIFIED.);
#901=(GEOMETRIC_REPRESENTATION_CONTEXT(2)REPRESENTATION_CONTEXT('','2D'));
#902=CARTESIAN_POINT('',(0.00000000000000000E0,0.00000000000000000E0));
#903=CARTESIAN_POINT('',(1.00000000000000000E0,0.00000000000000000E0));
#904=B_SPLINE_CURVE_WITH_KNOTS('',1,(#902,#903),.UNSPECIFIED.,.F.,.F.,(2,2),(0.00000000000000000E0,1.00000000000000000E0),.UNSPECIFIED.);
#905=DEFINITIONAL_REPRESENTATION('',(#904),#901);
#906=PCURVE('',#85,#905);
#907=CARTESIAN_POINT('',(1.00000000000000000E0,0.00000000000000000E0));
#908=CARTESIAN_POINT('',(1.00000000000000000E0,1.00000000000000000E0));
#909=B_SPLINE_CURVE_WITH_KNOTS('',1,(#907,#908),.UNSPECIFIED.,.F.,.F.,(2,2),(0.00000000000000000E0,1.00000000000000000E0),.UNSPECIFIED.);
#910=DEFINITIONAL_REPRESENTATION('',(#909),#901);
#911=PCURVE('',#85,#910);
#912=CARTESIAN_POINT('',(1.00000000000000000E0,1.00000000000000000E0));
#913=CARTESIAN_POINT('',(0.00000000000000000E0,1.00000000000000000E0));
#914=B_SPLINE_CURVE_WITH_KNOTS('',1,(#912,#913),.UNSPECIFIED.,.F.,.F.,(2,2),(0.00000000000000000E0,1.00000000000000000E0),.UNSPECIFIED.);
#915=DEFINITIONAL_REPRESENTATION('',(#914),#901);
#916=PCURVE('',#85,#915);
#917=CARTESIAN_POINT('',(0.00000000000000000E0,1.00000000000000000E0));
#918=CARTESIAN_POINT('',(0.00000000000000000E0,0.00000000000000000E0));
#919=B_SPLINE_CURVE_WITH_KNOTS('',1,(#917,#918),.UNSPECIFIED.,.F.,.F.,(2,2),(0.00000000000000000E0,1.00000000000000000E0),.UNSPECIFIED.);
#920=DEFINITIONAL_REPRESENTATION('',(#919),#901);
#921=PCURVE('',#85,#920);
#922=CARTESIAN_POINT('',(0.00000000000000000E0,0.00000000000000000E0));
#923=CARTESIAN_POINT('',(1.00000000000000000E0,0.00000000000000000E0));
#924=B_SPLINE_CURVE_WITH_KNOTS('',1,(#922,#923),.UNSPECIFIED.,.F.,.F.,(2,2),(0.00000000000000000E0,1.00000000000000000E0),.UNSPECIFIED.);
#925=DEFINITIONAL_REPRESENTATION('',(#924),#901);
#926=PCURVE('',#98,#925);
#927=CARTESIAN_POINT('',(1.00000000000000000E0,0.00000000000000000E0));
#928=CARTESIAN_POINT('',(1.00000000000000000E0,1.00000000000000000E0));
#929=B_SPLINE_CURVE_WITH_KNOTS('',1,(#927,#928),.UNSPECIFIED.,.F.,.F.,(2,2),(0.00000000000000000E0,1.00000000000000000E0),.UNSPECIFIED.);
#930=DEFINITIONAL_REPRESENTATION('',(#929),#901);
#931=PCURVE('',#98,#930);
#932=CARTESIAN_POINT('',(1.00000000000000000E0,1.00000000000000000E0));
#933=CARTESIAN_POINT('',(0.00000000000000000E0,1.00000000000000000E0));
#934=B_SPLINE_CURVE_WITH_KNOTS('',1,(#932,#933),.UNSPECIFIED.,.F.,.F.,(2,2),(0.00000000000000000E0,1.00000000000000000E0),.UNSPECIFIED.);
#935=DEFINITIONAL_REPRESENTATION('',(#934),#901);
#936=PCURVE('',#98,#935);
#937=CARTESIAN_POINT('',(0.00000000000000000E0,1.00000000000000000E0));
#938=CARTESIAN_POINT('',(0.00000000000000000E0,0.00000000000000000E0));
#939=B_SPLINE_CURVE_WITH_KNOTS('',1,(#937,#938),.UNSPECIFIED.,.F.,.F.,(2,2),(0.00000000000000000E0,1.00000000000000000E0),.UNSPECIFIED.);
#940=DEFINITIONAL_REPRESENTATION('',(#939),#901);
#941=PCURVE('',#98,#940);
#942=CARTESIAN_POINT('',(0.00000000000000000E0,0.00000000000000000E0));
#943=CARTESIAN_POINT('',(1.00000000000000000E0,0.00000000000000000E0));
#944=B_SPLINE_CURVE_WITH_KNOTS('',1,(#942,#943),.UNSPECIFIED.,.F.,.F.,(2,2),(0.00000000000000000E0,1.00000000000000000E0),.UNSPECIFIED.);
#945=DEFINITIONAL_REPRESENTATION('',(#944),#901);
#946=PCURVE('',#111,#945);
#947=CARTESIAN_POINT('',(1.00000000000000000E0,0.00000000000000000E0));
#948=CARTESIAN_POINT('',(1.00000000000000000E0,1.00000000000000000E0));
#949=B_SPLINE_CURVE_WITH_KNOTS('',1,(#947,#948),.UNSPECIFIED.,.F.,.F.,(2,2),(0.00000000000000000E0,1.00000000000000000E0),.UNSPECIFIED.);
#950=DEFINITIONAL_REPRESENTATION('',(#949),#901);
#951=PCURVE('',#111,#950);
#952=CARTESIAN_POINT('',(1.00000000000000000E0,1.00000000000000000E0));
#953=CARTESIAN_POINT('',(0.00000000000000000E0,1.00000000000000000E0));
#954=B_SPLINE_CURVE_WITH_KNOTS('',1,(#952,#953),.UNSPECIFIED.,.F.,.F.,(2,2),(0.00000000000000000E0,1.00000000000000000E0),.UNSPECIFIED.);
#955=DEFINITIONAL_REPRESENTATION('',(#954),#901);
#956=PCURVE('',#111,#955);
#957=CARTESIAN_POINT('',(0.00000000000000000E0,1.00000000000000000E0));
#958=CARTESIAN_POINT('',(0.00000000000000000E0,0.00000000000000000E0));
#959=B_SPLINE_CURVE_WITH_KNOTS('',1,(#957,#958),.UNSPECIFIED.,.F.,.F.,(2,2),(0.00000000000000000E0,1.00000000000000000E0),.UNSPECIFIED.);
#960=DEFINITIONAL_REPRESENTATION('',(#959),#901);
#961=PCURVE('',#111,#960);
#962=CARTESIAN_POINT('',(0.00000000000000000E0,0.00000000000000000E0));
#963=CARTESIAN_POINT('',(1.00000000000000000E0,0.00000000000000000E0));
#964=B_SPLINE_CURVE_WITH_KNOTS('',1,(#962,#963),.UNSPECIFIED.,.F.,.F.,(2,2),(0.00000000000000000E0,1.00000000000000000E0),.UNSPECIFIED.);
#965=DEFINITIONAL_REPRESENTATION('',(#964),#901);
#966=PCURVE('',#124,#965);
#967=CARTESIAN_POINT('',(1.00000000000000000E0,0.00000000000000000E0));
#968=CARTESIAN_POINT('',(1.00000000000000000E0,1.00000000000000000E0));
#969=B_SPLINE_CURVE_WITH_KNOTS('',1,(#967,#968),.UNSPECIFIED.,.F.,.F.,(2,2),(0.00000000000000000E0,1.00000000000000000E0),.UNSPECIFIED.);
#970=DEFINITIONAL_REPRESENTATION('',(#969),#901);
#971=PCURVE('',#124,#970);
#972=CARTESIAN_POINT('',(1.00000000000000000E0,1.00000000000000000E0));
#973=CARTESIAN_POINT('',(0.00000000000000000E0,1.00000000000000000E0));
#974=B_SPLINE_CURVE_WITH_KNOTS('',1,(#972,#973),.UNSPECIFIED.,.F.,.F.,(2,2),(0.00000000000000000E0,1.00000000000000000E0),.UNSPECIFIED.);
#975=DEFINITIONAL_REPRESENTATION('',(#974),#901);
#976=PCURVE('',#124,#975);
#977=CARTESIAN_POINT('',(0.00000000000000000E0,1.00000000000000000E0));
#978=CARTESIAN_POINT('',(0.00000000000000000E0,0.00000000000000000E0));
#979=B_SPLINE_CURVE_WITH_KNOTS('',1,(#977,#978),.UNSPECIFIED.,.F.,.F.,(2,2),(0.00000000000000000E0,1.00000000000000000E0),.UNSPECIFIED.);
#980=DEFINITIONAL_REPRESENTATION('',(#979),#901);
#981=PCURVE('',#124,#980);
#982=CARTESIAN_POINT('',(0.00000000000000000E0,0.00000000000000000E0));
#983=CARTESIAN_POINT('',(1.00000000000000000E0,0.00000000000000000E0));
#984=B_SPLINE_CURVE_WITH_KNOTS('',1,(#982,#983),.UNSPECIFIED.,.F.,.F.,(2,2),(0.00000000000000000E0,1.00000000000000000E0),.UNSPECIFIED.);
#985=DEFINITIONAL_REPRESENTATION('',(#984),#901);
#986=PCURVE('',#137,#985);
#987=CARTESIAN_POINT('',(1.00000000000000000E0,0.00000000000000000E0));
#988=CARTESIAN_POINT('',(1.00000000000000000E0,1.00000000000000000E0));
#989=B_SPLINE_CURVE_WITH_KNOTS('',1,(#987,#988),.UNSPECIFIED.,.F.,.F.,(2,2),(0.00000000000000000E0,1.00000000000000000E0),.UNSPECIFIED.);
#990=DEFINITIONAL_REPRESENTATION('',(#989),#901);
#991=PCURVE('',#137,#990);
#992=CARTESIAN_POINT('',(1.00000000000000000E0,1.00000000000000000E0));
#993=CARTESIAN_POINT('',(0.00000000000000000E0,1.00000000000000000E0));
#994=B_SPLINE_CURVE_WITH_KNOTS('',1,(#992,#993),.UNSPECIFIED.,.F.,.F.,(2,2),(0.00000000000000000E0,1.00000000000000000E0),.UNSPECIFIED.);
#995=DEFINITIONAL_REPRESENTATION('',(#994),#901);
#996=PCURVE('',#137,#995);
#997=CARTESIAN_POINT('',(0.00000000000000000E0,1.00000000000000000E0));
#998=CARTESIAN_POINT('',(0.00000000000000000E0,0.00000000000000000E0));
#999=B_SPLINE_CURVE_WITH_KNOTS('',1,(#997,#998),.UNSPECIFIED.,.F.,.F.,(2,2),(0.00000000000000000E0,1.00000000000000000E0),.UNSPECIFIED.);
#1000=DEFINITIONAL_REPRESENTATION('',(#999),#901);
#1001=PCURVE('',#137,#1000);
#1002=CARTESIAN_POINT('',(0.00000000000000000E0,0.00000000000000000E0));
#1003=CARTESIAN_POINT('',(1.00000000000000000E0,0.00000000000000000E0));
#1004=B_SPLINE_CURVE_WITH_KNOTS('',1,(#1002,#1003),.UNSPECIFIED.,.F.,.F.,(2,2),(0.00000000000000000E0,1.00000000000000000E0),.UNSPECIFIED.);
#1005=DEFINITIONAL_REPRESENTATION('',(#1004),#901);
#1006=PCURVE('',#150,#1005);
#1007=CARTESIAN_POINT('',(1.00000000000000000E0,0.00000000000000000E0));
#1008=CARTESIAN_POINT('',(1.00000000000000000E0,1.00000000000000000E0));
#1009=B_SPLINE_CURVE_WITH_KNOTS('',1,(#1007,#1008),.UNSPECIFIED.,.F.,.F.,(2,2),(0.00000000000000000E0,1.00000000000000000E0),.UNSPECIFIED.);
#1010=DEFINITIONAL_REPRESENTATION('',(#1009),#901);
#1011=PCURVE('',#150,#1010);
#1012=CARTESIAN_POINT('',(1.00000000000000000E0,1.00000000000000000E0));
#1013=CARTESIAN_POINT('',(0.00000000000000000E0,1.00000000000000000E0));
#1014=B_SPLINE_CURVE_WITH_KNOTS('',1,(#1012,#1013),.UNSPECIFIED.,.F.,.F.,(2,2),(0.00000000000000000E0,1.00000000000000000E0),.UNSPECIFIED.);
#1015=DEFINITIONAL_REPRESENTATION('',(#1014),#901);
#1016=PCURVE('',#150,#1015);
#1017=CARTESIAN_POINT('',(0.00000000000000000E0,1.00000000000000000E0));
#1018=CARTESIAN_POINT('',(0.00000000000000000E0,0.00000000000000000E0));
#1019=B_SPLINE_CURVE_WITH_KNOTS('',1,(#1017,#1018),.UNSPECIFIED.,.F.,.F.,(2,2),(0.00000000000000000E0,1.00000000000000000E0),.UNSPECIFIED.);
#1020=DEFINITIONAL_REPRESENTATION('',(#1019),#901);
#1021=PCURVE('',#150,#1020);
#1022=CARTESIAN_POINT('',(0.00000000000000000E0,0.00000000000000000E0));
#1023=CARTESIAN_POINT('',(1.00000000000000000E0,0.00000000000000000E0));
#1024=B_SPLINE_CURVE_WITH_KNOTS('',1,(#1022,#1023),.UNSPECIFIED.,.F.,.F.,(2,2),(0.00000000000000000E0,1.00000000000000000E0),.UNSPECIFIED.);
#1025=DEFINITIONAL_REPRESENTATION('',(#1024),#901);
#1026=PCURVE('',#163,#1025);
#1027=CARTESIAN_POINT('',(1.00000000000000000E0,0.00000000000000000E0));
#1028=CARTESIAN_POINT('',(1.00000000000000000E0,1.00000000000000000E0));
#1029=B_SPLINE_CURVE_WITH_KNOTS('',1,(#1027,#1028),.UNSPECIFIED.,.F.,.F.,(2,2),(0.00000000000000000E0,1.00000000000000000E0),.UNSPECIFIED.);
#1030=DEFINITIONAL_REPRESENTATION('',(#1029),#901);
#1031=PCURVE('',#163,#1030);
#1032=CARTESIAN_POINT('',(1.00000000000000000E0,1.00000000000000000E0));
#1033=CARTESIAN_POINT('',(0.00000000000000000E0,1.00000000000000000E0));
#1034=B_SPLINE_CURVE_WITH_KNOTS('',1,(#1032,#1033),.UNSPECIFIED.,.F.,.F.,(2,2),(0.00000000000000000E0,1.00000000000000000E0),.UNSPECIFIED.);
#1035=DEFINITIONAL_REPRESENTATION('',(#1034),#901);
#1036=PCURVE('',#163,#1035);
#1037=CARTESIAN_POINT('',(0.00000000000000000E0,1.00000000000000000E0));
#1038=CARTESIAN_POINT('',(0.00000000000000000E0,0.00000000000000000E0));
#1039=B_SPLINE_CURVE_WITH_KNOTS('',1,(#1037,#1038),.UNSPECIFIED.,.F.,.F.,(2,2),(0.00000000000000000E0,1.00000000000000000E0),.UNSPECIFIED.);
#1040=DEFINITIONAL_REPRESENTATION('',(#1039),#901);
#1041=PCURVE('',#163,#1040);
#1042=CARTESIAN_POINT('',(0.00000000000000000E0,0.00000000000000000E0));
#1043=CARTESIAN_POINT('',(1.00000000000000000E0,0.00000000000000000E0));
#1044=B_SPLINE_CURVE_WITH_KNOTS('',1,(#1042,#1043),.UNSPECIFIED.,.F.,.F.,(2,2),(0.00000000000000000E0,1.00000000000000000E0),.UNSPECIFIED.);
#1045=DEFINITIONAL_REPRESENTATION('',(#1044),#901);
#1046=PCURVE('',#176,#1045);
#1047=CARTESIAN_POINT('',(1.00000000000000000E0,0.00000000000000000E0));
#1048=CARTESIAN_POINT('',(1.00000000000000000E0,1.00000000000000000E0));
#1049=B_SPLINE_CURVE_WITH_KNOTS('',1,(#1047,#1048),.UNSPECIFIED.,.F.,.F.,(2,2),(0.00000000000000000E0,1.00000000000000000E0),.UNSPECIFIED.);
#1050=DEFINITIONAL_REPRESENTATION('',(#1049),#901);
#1051=PCURVE('',#176,#1050);
#1052=CARTESIAN_POINT('',(1.00000000000000000E0,1.00000000000000000E0));
#1053=CARTESIAN_POINT('',(0.00000000000000000E0,1.00000000000000000E0));
#1054=B_SPLINE_CURVE_WITH_KNOTS('',1,(#1052,#1053),.UNSPECIFIED.,.F.,.F.,(2,2),(0.00000000000000000E0,1.00000000000000000E0),.UNSPECIFIED.);
#1055=DEFINITIONAL_REPRESENTATION('',(#1054),#901);
#1056=PCURVE('',#176,#1055);
#1057=CARTESIAN_POINT('',(0.00000000000000000E0,1.00000000000000000E0));
#1058=CARTESIAN_POINT('',(0.00000000000000000E0,0.00000000000000000E0));
#1059=B_SPLINE_CURVE_WITH_KNOTS('',1,(#1057,#1058),.UNSPECIFIED.,.F.,.F.,(2,2),(0.00000000000000000E0,1.00000000000000000E0),.UNSPECIFIED.);
#1060=DEFINITIONAL_REPRESENTATION('',(#1059),#901);
#1061=PCURVE('',#176,#1060);
#1062=CARTESIAN_POINT('',(0.00000000000000000E0,0.00000000000000000E0));
#1063=CARTESIAN_POINT('',(1.00000000000000000E0,0.00000000000000000E0));
#1064=B_SPLINE_CURVE_WITH_KNOTS('',1,(#1062,#1063),.UNSPECIFIED.,.F.,.F.,(2,2),(0.00000000000000000E0,1.00000000000000000E0),.UNSPECIFIED.);
#1065=DEFINITIONAL_REPRESENTATION('',(#1064),#901);
#1066=PCURVE('',#189,#1065);
#1067=CARTESIAN_POINT('',(1.00000000000000000E0,0.00000000000000000E0));
#1068=CARTESIAN_POINT('',(1.00000000000000000E0,1.00000000000000000E0));
#1069=B_SPLINE_CURVE_WITH_KNOTS('',1,(#1067,#1068),.UNSPECIFIED.,.F.,.F.,(2,2),(0.00000000000000000E0,1.00000000000000000E0),.UNSPECIFIED.);
#1070=DEFINITIONAL_REPRESENTATION('',(#1069),#901);
#1071=PCURVE('',#189,#1070);
#1072=CARTESIAN_POINT('',(1.00000000000000000E0,1.00000000000000000E0));
#1073=CARTESIAN_POINT('',(0.00000000000000000E0,1.00000000000000000E0));
#1074=B_SPLINE_CURVE_WITH_KNOTS('',1,(#1072,#1073),.UNSPECIFIED.,.F.,.F.,(2,2),(0.00000000000000000E0,1.00000000000000000E0),.UNSPECIFIED.);
#1075=DEFINITIONAL_REPRESENTATION('',(#1074),#901);
#1076=PCURVE('',#189,#1075);
#1077=CARTESIAN_POINT('',(0.00000000000000000E0,1.00000000000000000E0));
#1078=CARTESIAN_POINT('',(0.00000000000000000E0,0.00000000000000000E0));
#1079=B_SPLINE_CURVE_WITH_KNOTS('',1,(#1077,#1078),.UNSPECIFIED.,.F.,.F.,(2,2),(0.00000000000000000E0,1.00000000000000000E0),.UNSPECIFIED.);
#1080=DEFINITIONAL_REPRESENTATION('',(#1079),#901);
#1081=PCURVE('',#189,#1080);
#1082=CARTESIAN_POINT('',(0.00000000000000000E0,0.00000000000000000E0));
#1083=CARTESIAN_POINT('',(1.00000000000000000E0,0.00000000000000000E0));
#1084=B_SPLINE_CURVE_WITH_KNOTS('',1,(#1082,#1083),.UNSPECIFIED.,.F.,.F.,(2,2),(0.00000000000000000E0,1.00000000000000000E0),.UNSPECIFIED.);
#1085=DEFINITIONAL_REPRESENTATION('',(#1084),#901);
#1086=PCURVE('',#202,#1085);
#1087=CARTESIAN_POINT('',(1.00000000000000000E0,0.00000000000000000E0));
#1088=CARTESIAN_POINT('',(1.00000000000000000E0,1.00000000000000000E0));
#1089=B_SPLINE_CURVE_WITH_KNOTS('',1,(#1087,#1088),.UNSPECIFIED.,.F.,.F.,(2,2),(0.00000000000000000E0,1.00000000000000000E0),.UNSPECIFIED.);
#1090=DEFINITIONAL_REPRESENTATION('',(#1089),#901);
#1091=PCURVE('',#202,#1090);
#1092=CARTESIAN_POINT('',(1.00000000000000000E0,1.00000000000000000E0));
#1093=CARTESIAN_POINT('',(0.00000000000000000E0,1.00000000000000000E0));
#1094=B_SPLINE_CURVE_WITH_KNOTS('',1,(#1092,#1093),.UNSPECIFIED.,.F.,.F.,(2,2),(0.00000000000000000E0,1.00000000000000000E0),.UNSPECIFIED.);
#1095=DEFINITIONAL_REPRESENTATION('',(#1094),#901);
#1096=PCURVE('',#202,#1095);
#1097=CARTESIAN_POINT('',(0.00000000000000000E0,1.00000000000000000E0));
#1098=CARTESIAN_POINT('',(0.00000000000000000E0,0.00000000000000000E0));
#1099=B_SPLINE_CURVE_WITH_KNOTS('',1,(#1097,#1098),.UNSPECIFIED.,.F.,.F.,(2,2),(0.00000000000000000E0,1.00000000000000000E0),.UNSPECIFIED.);
#1100=DEFINITIONAL_REPRESENTATION('',(#1099),#901);
#1101=PCURVE('',#202,#1100);
#1102=CARTESIAN_POINT('',(0.00000000000000000E0,0.00000000000000000E0));
#1103=CARTESIAN_POINT('',(1.00000000000000000E0,0.00000000000000000E0));
#1104=B_SPLINE_CURVE_WITH_KNOTS('',1,(#1102,#1103),.UNSPECIFIED.,.F.,.F.,(2,2),(0.00000000000000000E0,1.00000000000000000E0),.UNSPECIFIED.);
#1105=DEFINITIONAL_REPRESENTATION('',(#1104),#901);
#1106=PCURVE('',#215,#1105);
#1107=CARTESIAN_POINT('',(1.00000000000000000E0,0.00000000000000000E0));
#1108=CARTESIAN_POINT('',(1.00000000000000000E0,1.00000000000000000E0));
#1109=B_SPLINE_CURVE_WITH_KNOTS('',1,(#1107,#1108),.UNSPECIFIED.,.F.,.F.,(2,2),(0.00000000000000000E0,1.00000000000000000E0),.UNSPECIFIED.);
#1110=DEFINITIONAL_REPRESENTATION('',(#1109),#901);
#1111=PCURVE('',#215,#1110);
#1112=CARTESIAN_POINT('',(1.00000000000000000E0,1.00000000000000000E0));
#1113=CARTESIAN_POINT('',(0.00000000000000000E0,1.00000000000000000E0));
#1114=B_SPLINE_CURVE_WITH_KNOTS('',1,(#1112,#1113),.UNSPECIFIED.,.F.,.F.,(2,2),(0.00000000000000000E0,1.00000000000000000E0),.UNSPECIFIED.);
#1115=DEFINITIONAL_REPRESENTATION('',(#1114),#901);
#1116=PCURVE('',#215,#1115);
#1117=CARTESIAN_POINT('',(0.00000000000000000E0,1.00000000000000000E0));
#1118=CARTESIAN_POINT('',(0.00000000000000000E0,0.00000000000000000E0));
#1119=B_SPLINE_CURVE_WITH_KNOTS('',1,(#1117,#1118),.UNSPECIFIED.,.F.,.F.,(2,2),(0.00000000000000000E0,1.00000000000000000E0),.UNSPECIFIED.);
#1120=DEFINITIONAL_REPRESENTATION('',(#1119),#901);
#1121=PCURVE('',#215,#1120);
#1122=CARTESIAN_POINT('',(0.00000000000000000E0,0.00000000000000000E0));
#1123=CARTESIAN_POINT('',(1.00000000000000000E0,0.00000000000000000E0));
#1124=B_SPLINE_CURVE_WITH_KNOTS('',1,(#1122,#1123),.UNSPECIFIED.,.F.,.F.,(2,2),(0.00000000000000000E0,1.00000000000000000E0),.UNSPECIFIED.);
#1125=DEFINITIONAL_REPRESENTATION('',(#1124),#901);
#1126=PCURVE('',#228,#1125);
#1127=CARTESIAN_POINT('',(1.00000000000000000E0,0.00000000000000000E0));
#1128=CARTESIAN_POINT('',(1.00000000000000000E0,1.00000000000000000E0));
#1129=B_SPLINE_CURVE_WITH_KNOTS('',1,(#1127,#1128),.UNSPECIFIED.,.F.,.F.,(2,2),(0.00000000000000000E0,1.00000000000000000E0),.UNSPECIFIED.);
#1130=DEFINITIONAL_REPRESENTATION('',(#1129),#901);
#1131=PCURVE('',#228,#1130);
#1132=CARTESIAN_POINT('',(1.00000000000000000E0,1.00000000000000000E0));
#1133=CARTESIAN_POINT('',(0.00000000000000000E0,1.00000000000000000E0));
#1134=B_SPLINE_CURVE_WITH_KNOTS('',1,(#1132,#1133),.UNSPECIFIED.,.F.,.F.,(2,2),(0.00000000000000000E0,1.00000000000000000E0),.UNSPECIFIED.);
#1135=DEFINITIONAL_REPRESENTATION('',(#1134),#901);
#1136=PCURVE('',#228,#1135);
#1137=CARTESIAN_POINT('',(0.00000000000000000E0,1.00000000000000000E0));
#1138=CARTESIAN_POINT('',(0.00000000000000000E0,0.00000000000000000E0));
#1139=B_SPLINE_CURVE_WITH_KNOTS('',1,(#1137,#1138),.UNSPECIFIED.,.F.,.F.,(2,2),(0.00000000000000000E0,1.00000000000000000E0),.UNSPECIFIED.);
#1140=DEFINITIONAL_REPRESENTATION('',(#1139),#901);
#1141=PCURVE('',#228,#1140);
#1142=CARTESIAN_POINT('',(0.00000000000000000E0,0.00000000000000000E0));
#1143=CARTESIAN_POINT('',(1.00000000000000000E0,0.00000000000000000E0));
#1144=B_SPLINE_CURVE_WITH_KNOTS('',1,(#1142,#1143),.UNSPECIFIED.,.F.,.F.,(2,2),(0.00000000000000000E0,1.00000000000000000E0),.UNSPECIFIED.);
#1145=DEFINITIONAL_REPRESENTATION('',(#1144),#901);
#1146=PCURVE('',#241,#1145);
#1147=CARTESIAN_POINT('',(1.00000000000000000E0,0.00000000000000000E0));
#1148=CARTESIAN_POINT('',(1.00000000000000000E0,1.00000000000000000E0));
#1149=B_SPLINE_CURVE_WITH_KNOTS('',1,(#1147,#1148),.UNSPECIFIED.,.F.,.F.,(2,2),(0.00000000000000000E0,1.00000000000000000E0),.UNSPECIFIED.);
#1150=DEFINITIONAL_REPRESENTATION('',(#1149),#901);
#1151=PCURVE('',#241,#1150);
#1152=CARTESIAN_POINT('',(1.00000000000000000E0,1.00000000000000000E0));
#1153=CARTESIAN_POINT('',(0.00000000000000000E0,1.00000000000000000E0));
#1154=B_SPLINE_CURVE_WITH_KNOTS('',1,(#1152,#1153),.UNSPECIFIED.,.F.,.F.,(2,2),(0.00000000000000000E0,1.00000000000000000E0),.UNSPECIFIED.);
#1155=DEFINITIONAL_REPRESENTATION('',(#1154),#901);
#1156=PCURVE('',#241,#1155);
#1157=CARTESIAN_POINT('',(0.00000000000000000E0,1.00000000000000000E0));
#1158=CARTESIAN_POINT('',(0.00000000000000000E0,0.00000000000000000E0));
#1159=B_SPLINE_CURVE_WITH_KNOTS('',1,(#1157,#1158),.UNSPECIFIED.,.F.,.F.,(2,2),(0.00000000000000000E0,1.00000000000000000E0),.UNSPECIFIED.);
#1160=DEFINITIONAL_REPRESENTATION('',(#1159),#901);
#1161=PCURVE('',#241,#1160);
#1162=CARTESIAN_POINT('',(0.00000000000000000E0,0.00000000000000000E0));
#1163=CARTESIAN_POINT('',(1.00000000000000000E0,0.00000000000000000E0));
#1164=B_SPLINE_CURVE_WITH_KNOTS('',1,(#1162,#1163),.UNSPECIFIED.,.F.,.F.,(2,2),(0.00000000000000000E0,1.00000000000000000E0),.UNSPECIFIED.);
#1165=DEFINITIONAL_REPRESENTATION('',(#1164),#901);
#1166=PCURVE('',#254,#1165);
#1167=CARTESIAN_POINT('',(1.00000000000000000E0,0.00000000000000000E0));
#1168=CARTESIAN_POINT('',(1.00000000000000000E0,1.00000000000000000E0));
#1169=B_SPLINE_CURVE_WITH_KNOTS('',1,(#1167,#1168),.UNSPECIFIED.,.F.,.F.,(2,2),(0.00000000000000000E0,1.00000000000000000E0),.UNSPECIFIED.);
#1170=DEFINITIONAL_REPRESENTATION('',(#1169),#901);
#1171=PCURVE('',#254,#1170);
#1172=CARTESIAN_POINT('',(1.00000000000000000E0,1.00000000000000000E0));
#1173=CARTESIAN_POINT('',(0.00000000000000000E0,1.00000000000000000E0));
#1174=B_SPLINE_CURVE_WITH_KNOTS('',1,(#1172,#1173),.UNSPECIFIED.,.F.,.F.,(2,2),(0.00000000000000000E0,1.00000000000000000E0),.UNSPECIFIED.);
#1175=DEFINITIONAL_REPRESENTATION('',(#1174),#901);
#1176=PCURVE('',#254,#1175);
#1177=CARTESIAN_POINT('',(0.00000000000000000E0,1.00000000000000000E0));
#1178=CARTESIAN_POINT('',(0.00000000000000000E0,0.00000000000000000E0));
#1179=B_SPLINE_CURVE_WITH_KNOTS('',1,(#1177,#1178),.UNSPECIFIED.,.F.,.F.,(2,2),(0.00000000000000000E0,1.00000000000000000E0),.UNSPECIFIED.);
#1180=DEFINITIONAL_REPRESENTATION('',(#1179),#901);
#1181=PCURVE('',#254,#1180);
#1182=CARTESIAN_POINT('',(0.00000000000000000E0,0.00000000000000000E0));
#1183=CARTESIAN_POINT('',(1.00000000000000000E0,0.00000000000000000E0));
#1184=B_SPLINE_CURVE_WITH_KNOTS('',1,(#1182,#1183),.UNSPECIFIED.,.F.,.F.,(2,2),(0.00000000000000000E0,1.00000000000000000E0),.UNSPECIFIED.);
#1185=DEFINITIONAL_REPRESENTATION('',(#1184),#901);
#1186=PCURVE('',#267,#1185);
#1187=CARTESIAN_POINT('',(1.00000000000000000E0,0.00000000000000000E0));
#1188=CARTESIAN_POINT('',(1.00000000000000000E0,1.00000000000000000E0));
#1189=B_SPLINE_CURVE_WITH_KNOTS('',1,(#1187,#1188),.UNSPECIFIED.,.F.,.F.,(2,2),(0.00000000000000000E0,1.00000000000000000E0),.UNSPECIFIED.);
#1190=DEFINITIONAL_REPRESENTATION('',(#1189),#901);
#1191=PCURVE('',#267,#1190);
#1192=CARTESIAN_POINT('',(1.00000000000000000E0,1.00000000000000000E0));
#1193=CARTESIAN_POINT('',(0.00000000000000000E0,1.00000000000000000E0));
#1194=B_SPLINE_CURVE_WITH_KNOTS('',1,(#1192,#1193),.UNSPECIFIED.,.F.,.F.,(2,2),(0.00000000000000000E0,1.00000000000000000E0),.UNSPECIFIED.);
#1195=DEFINITIONAL_REPRESENTATION('',(#1194),#901);
#1196=PCURVE('',#267,#1195);
#1197=CARTESIAN_POINT('',(0.00000000000000000E0,1.00000000000000000E0));
#1198=CARTESIAN_POINT('',(0.00000000000000000E0,0.00000000000000000E0));
#1199=B_SPLINE_CURVE_WITH_KNOTS('',1,(#1197,#1198),.UNSPECIFIED.,.F.,.F.,(2,2),(0.00000000000000000E0,1.00000000000000000E0),.UNSPECIFIED.);
#1200=DEFINITIONAL_REPRESENTATION('',(#1199),#901);
#1201=PCURVE('',#267,#1200);
#1202=CARTESIAN_POINT('',(0.00000000000000000E0,0.00000000000000000E0));
#1203=CARTESIAN_POINT('',(1.00000000000000000E0,0.00000000000000000E0));
#1204=B_SPLINE_CURVE_WITH_KNOTS('',1,(#1202,#1203),.UNSPECIFIED.,.F.,.F.,(2,2),(0.00000000000000000E0,1.00000000000000000E0),.UNSPECIFIED.);
#1205=DEFINITIONAL_REPRESENTATION('',(#1204),#901);
#1206=PCURVE('',#280,#1205);
#1207=CARTESIAN_POINT('',(1.00000000000000000E0,0.00000000000000000E0));
#1208=CARTESIAN_POINT('',(1.00000000000000000E0,1.00000000000000000E0));
#1209=B_SPLINE_CURVE_WITH_KNOTS('',1,(#1207,#1208),.UNSPECIFIED.,.F.,.F.,(2,2),(0.00000000000000000E0,1.00000000000000000E0),.UNSPECIFIED.);
#1210=DEFINITIONAL_REPRESENTATION('',(#1209),#901);
#1211=PCURVE('',#280,#1210);
#1212=CARTESIAN_POINT('',(1.00000000000000000E0,1.00000000000000000E0));
#1213=CARTESIAN_POINT('',(0.00000000000000000E0,1.00000000000000000E0));
#1214=B_SPLINE_CURVE_WITH_KNOTS('',1,(#1212,#1213),.UNSPECIFIED.,.F.,.F.,(2,2),(0.00000000000000000E0,1.00000000000000000E0),.UNSPECIFIED.);
#1215=DEFINITIONAL_REPRESENTATION('',(#1214),#901);
#1216=PCURVE('',#280,#1215);
#1217=CARTESIAN_POINT('',(0.00000000000000000E0,1.00000000000000000E0));
#1218=CARTESIAN_POINT('',(0.00000000000000000E0,0.00000000000000000E0));
#1219=B_SPLINE_CURVE_WITH_KNOTS('',1,(#1217,#1218),.UNSPECIFIED.,.F.,.F.,(2,2),(0.00000000000000000E0,1.00000000000000000E0),.UNSPECIFIED.);
#1220=DEFINITIONAL_REPRESENTATION('',(#1219),#901);
#1221=PCURVE('',#280,#1220);
#1222=CARTESIAN_POINT('',(0.00000000000000000E0,0.00000000000000000E0));
#1223=CARTESIAN_POINT('',(1.00000000000000000E0,0.00000000000000000E0));
#1224=B_SPLINE_CURVE_WITH_KNOTS('',1,(#1222,#1223),.UNSPECIFIED.,.F.,.F.,(2,2),(0.00000000000000000E0,1.00000000000000000E0),.UNSPECIFIED.);
#1225=DEFINITIONAL_REPRESENTATION('',(#1224),#901);
#1226=PCURVE('',#293,#1225);
#1227=CARTESIAN_POINT('',(1.00000000000000000E0,0.00000000000000000E0));
#1228=CARTESIAN_POINT('',(1.00000000000000000E0,1.00000000000000000E0));
#1229=B_SPLINE_CURVE_WITH_KNOTS('',1,(#1227,#1228),.UNSPECIFIED.,.F.,.F.,(2,2),(0.00000000000000000E0,1.00000000000000000E0),.UNSPECIFIED.);
#1230=DEFINITIONAL_REPRESENTATION('',(#1229),#901);
#1231=PCURVE('',#293,#1230);
#1232=CARTESIAN_POINT('',(1.00000000000000000E0,1.00000000000000000E0));
#1233=CARTESIAN_POINT('',(0.00000000000000000E0,1.00000000000000000E0));
#1234=B_SPLINE_CURVE_WITH_KNOTS('',1,(#1232,#1233),.UNSPECIFIED.,.F.,.F.,(2,2),(0.00000000000000000E0,1.00000000000000000E0),.UNSPECIFIED.);
#1235=DEFINITIONAL_REPRESENTATION('',(#1234),#901);
#1236=PCURVE('',#293,#1235);
#1237=CARTESIAN_POINT('',(0.00000000000000000E0,1.00000000000000000E0));
#1238=CARTESIAN_POINT('',(0.00000000000000000E0,0.00000000000000000E0));
#1239=B_SPLINE_CURVE_WITH_KNOTS('',1,(#1237,#1238),.UNSPECIFIED.,.F.,.F.,(2,2),(0.00000000000000000E0,1.00000000000000000E0),.UNSPECIFIED.);
#1240=DEFINITIONAL_REPRESENTATION('',(#1239),#901);
#1241=PCURVE('',#293,#1240);
#1242=CARTESIAN_POINT('',(0.00000000000000000E0,0.00000000000000000E0));
#1243=CARTESIAN_POINT('',(1.00000000000000000E0,0.00000000000000000E0));
#1244=B_SPLINE_CURVE_WITH_KNOTS('',1,(#1242,#1243),.UNSPECIFIED.,.F.,.F.,(2,2),(0.00000000000000000E0,1.00000000000000000E0),.UNSPECIFIED.);
#1245=DEFINITIONAL_REPRESENTATION('',(#1244),#901);
#1246=PCURVE('',#306,#1245);
#1247=CARTESIAN_POINT('',(1.00000000000000000E0,0.00000000000000000E0));
#1248=CARTESIAN_POINT('',(1.00000000000000000E0,1.00000000000000000E0));
#1249=B_SPLINE_CURVE_WITH_KNOTS('',1,(#1247,#1248),.UNSPECIFIED.,.F.,.F.,(2,2),(0.00000000000000000E0,1.00000000000000000E0),.UNSPECIFIED.);
#1250=DEFINITIONAL_REPRESENTATION('',(#1249),#901);
#1251=PCURVE('',#306,#1250);
#1252=CARTESIAN_POINT('',(1.00000000000000000E0,1.00000000000000000E0));
#1253=CARTESIAN_POINT('',(0.00000000000000000E0,1.00000000000000000E0));
#1254=B_SPLINE_CURVE_WITH_KNOTS('',1,(#1252,#1253),.UNSPECIFIED.,.F.,.F.,(2,2),(0.00000000000000000E0,1.00000000000000000E0),.UNSPECIFIED.);
#1255=DEFINITIONAL_REPRESENTATION('',(#1254),#901);
#1256=PCURVE('',#306,#1255);
#1257=CARTESIAN_POINT('',(0.00000000000000000E0,1.00000000000000000E0));
#1258=CARTESIAN_POINT('',(0.00000000000000000E0,0.00000000000000000E0));
#1259=B_SPLINE_CURVE_WITH_KNOTS('',1,(#1257,#1258),.UNSPECIFIED.,.F.,.F.,(2,2),(0.00000000000000000E0,1.00000000000000000E0),.UNSPECIFIED.);
#1260=DEFINITIONAL_REPRESENTATION('',(#1259),#901);
#1261=PCURVE('',#306,#1260);
#1262=CARTESIAN_POINT('',(0.00000000000000000E0,0.00000000000000000E0));
#1263=CARTESIAN_POINT('',(1.00000000000000000E0,0.00000000000000000E0));
#1264=B_SPLINE_CURVE_WITH_KNOTS('',1,(#1262,#1263),.UNSPECIFIED.,.F.,.F.,(2,2),(0.00000000000000000E0,1.00000000000000000E0),.UNSPECIFIED.);
#1265=DEFINITIONAL_REPRESENTATION('',(#1264),#901);
#1266=PCURVE('',#319,#1265);
#1267=CARTESIAN_POINT('',(1.00000000000000000E0,0.00000000000000000E0));
#1268=CARTESIAN_POINT('',(1.00000000000000000E0,1.00000000000000000E0));
#1269=B_SPLINE_CURVE_WITH_KNOTS('',1,(#1267,#1268),.UNSPECIFIED.,.F.,.F.,(2,2),(0.00000000000000000E0,1.00000000000000000E0),.UNSPECIFIED.);
#1270=DEFINITIONAL_REPRESENTATION('',(#1269),#901);
#1271=PCURVE('',#319,#1270);
#1272=CARTESIAN_POINT('',(1.00000000000000000E0,1.00000000000000000E0));
#1273=CARTESIAN_POINT('',(0.00000000000000000E0,1.00000000000000000E0));
#1274=B_SPLINE_CURVE_WITH_KNOTS('',1,(#1272,#1273),.UNSPECIFIED.,.F.,.F.,(2,2),(0.00000000000000000E0,1.00000000000000000E0),.UNSPECIFIED.);
#1275=DEFINITIONAL_REPRESENTATION('',(#1274),#901);
#1276=PCURVE('',#319,#1275);
#1277=CARTESIAN_POINT('',(0.00000000000000000E0,1.00000000000000000E0));
#1278=CARTESIAN_POINT('',(0.00000000000000000E0,0.00000000000000000E0));
#1279=B_SPLINE_CURVE_WITH_KNOTS('',1,(#1277,#1278),.UNSPECIFIED.,.F.,.F.,(2,2),(0.00000000000000000E0,1.00000000000000000E0),.UNSPECIFIED.);
#1280=DEFINITIONAL_REPRESENTATION('',(#1279),#901);
#1281=PCURVE('',#319,#1280);
#1282=CARTESIAN_POINT('',(0.00000000000000000E0,0.00000000000000000E0));
#1283=CARTESIAN_POINT('',(1.00000000000000000E0,0.00000000000000000E0));
#1284=B_SPLINE_CURVE_WITH_KNOTS('',1,(#1282,#1283),.UNSPECIFIED.,.F.,.F.,(2,2),(0.00000000000000000E0,1.00000000000000000E0),.UNSPECIFIED.);
#1285=DEFINITIONAL_REPRESENTATION('',(#1284),#901);
#1286=PCURVE('',#332,#1285);
#1287=CARTESIAN_POINT('',(1.00000000000000000E0,0.00000000000000000E0));
#1288=CARTESIAN_POINT('',(1.00000000000000000E0,1.00000000000000000E0));
#1289=B_SPLINE_CURVE_WITH_KNOTS('',1,(#1287,#1288),.UNSPECIFIED.,.F.,.F.,(2,2),(0.00000000000000000E0,1.00000000000000000E0),.UNSPECIFIED.);
#1290=DEFINITIONAL_REPRESENTATION('',(#1289),#901);
#1291=PCURVE('',#332,#1290);
#1292=CARTESIAN_POINT('',(1.00000000000000000E0,1.00000000000000000E0));
#1293=CARTESIAN_POINT('',(0.00000000000000000E0,1.00000000000000000E0));
#1294=B_SPLINE_CURVE_WITH_KNOTS('',1,(#1292,#1293),.UNSPECIFIED.,.F.,.F.,(2,2),(0.00000000000000000E0,1.00000000000000000E0),.UNSPECIFIED.);
#1295=DEFINITIONAL_REPRESENTATION('',(#1294),#901);
#1296=PCURVE('',#332,#1295);
#1297=CARTESIAN_POINT('',(0.00000000000000000E0,1.00000000000000000E0));
#1298=CARTESIAN_POINT('',(0.00000000000000000E0,0.00000000000000000E0));
#1299=B_SPLINE_CURVE_WITH_KNOTS('',1,(#1297,#1298),.UNSPECIFIED.,.F.,.F.,(2,2),(0.00000000000000000E0,1.00000000000000000E0),.UNSPECIFIED.);
#1300=DEFINITIONAL_REPRESENTATION('',(#1299),#901);
#1301=PCURVE('',#332,#1300);
#1302=CARTESIAN_POINT('',(0.00000000000000000E0,0.00000000000000000E0));
#1303=CARTESIAN_POINT('',(1.00000000000000000E0,0.00000000000000000E0));
#1304=B_SPLINE_CURVE_WITH_KNOTS('',1,(#1302,#1303),.UNSPECIFIED.,.F.,.F.,(2,2),(0.00000000000000000E0,1.00000000000000000E0),.UNSPECIFIED.);
#1305=DEFINITIONAL_REPRESENTATION('',(#1304),#901);
#1306=PCURVE('',#345,#1305);
#1307=CARTESIAN_POINT('',(1.00000000000000000E0,0.00000000000000000E0));
#1308=CARTESIAN_POINT('',(1.00000000000000000E0,1.00000000000000000E0));
#1309=B_SPLINE_CURVE_WITH_KNOTS('',1,(#1307,#1308),.UNSPECIFIED.,.F.,.F.,(2,2),(0.00000000000000000E0,1.00000000000000000E0),.UNSPECIFIED.);
#1310=DEFINITIONAL_REPRESENTATION('',(#1309),#901);
#1311=PCURVE('',#345,#1310);
#1312=CARTESIAN_POINT('',(1.00000000000000000E0,1.00000000000000000E0));
#1313=CARTESIAN_POINT('',(0.00000000000000000E0,1.00000000000000000E0));
#1314=B_SPLINE_CURVE_WITH_KNOTS('',1,(#1312,#1313),.UNSPECIFIED.,.F.,.F.,(2,2),(0.00000000000000000E0,1.00000000000000000E0),.UNSPECIFIED.);
#1315=DEFINITIONAL_REPRESENTATION('',(#1314),#901);
#1316=PCURVE('',#345,#1315);
#1317=CARTESIAN_POINT('',(0.00000000000000000E0,1.00000000000000000E0));
#1318=CARTESIAN_POINT('',(0.00000000000000000E0,0.00000000000000000E0));
#1319=B_SPLINE_CURVE_WITH_KNOTS('',1,(#1317,#1318),.UNSPECIFIED.,.F.,.F.,(2,2),(0.00000000000000000E0,1.00000000000000000E0),.UNSPECIFIED.);
#1320=DEFINITIONAL_REPRESENTATION('',(#1319),#901);
#1321=PCURVE('',#345,#1320);
#1322=CARTESIAN_POINT('',(0.00000000000000000E0,0.00000000000000000E0));
#1323=CARTESIAN_POINT('',(1.00000000000000000E0,0.00000000000000000E0));
#1324=B_SPLINE_CURVE_WITH_KNOTS('',1,(#1322,#1323),.UNSPECIFIED.,.F.,.F.,(2,2),(0.00000000000000000E0,1.00000000000000000E0),.UNSPECIFIED.);
#1325=DEFINITIONAL_REPRESENTATION('',(#1324),#901);
#1326=PCURVE('',#358,#1325);
#1327=CARTESIAN_POINT('',(1.00000000000000000E0,0.00000000000000000E0));
#1328=CARTESIAN_POINT('',(1.00000000000000000E0,1.00000000000000000E0));
#1329=B_SPLINE_CURVE_WITH_KNOTS('',1,(#1327,#1328),.UNSPECIFIED.,.F.,.F.,(2,2),(0.00000000000000000E0,1.00000000000000000E0),.UNSPECIFIED.);
#1330=DEFINITIONAL_REPRESENTATION('',(#1329),#901);
#1331=PCURVE('',#358,#1330);
#1332=CARTESIAN_POINT('',(1.00000000000000000E0,1.00000000000000000E0));
#1333=CARTESIAN_POINT('',(0.00000000000000000E0,1.00000000000000000E0));
#1334=B_SPLINE_CURVE_WITH_KNOTS('',1,(#1332,#1333),.UNSPECIFIED.,.F.,.F.,(2,2),(0.00000000000000000E0,1.00000000000000000E0),.UNSPECIFIED.);
#1335=DEFINITIONAL_REPRESENTATION('',(#1334),#901);
#1336=PCURVE('',#358,#1335);
#1337=CARTESIAN_POINT('',(0.00000000000000000E0,1.00000000000000000E0));
#1338=CARTESIAN_POINT('',(0.00000000000000000E0,0.00000000000000000E0));
#1339=B_SPLINE_CURVE_WITH_KNOTS('',1,(#1337,#1338),.UNSPECIFIED.,.F.,.F.,(2,2),(0.00000000000000000E0,1.00000000000000000E0),.UNSPECIFIED.);
#1340=DEFINITIONAL_REPRESENTATION('',(#1339),#901);
#1341=PCURVE('',#358,#1340);
#1342=CARTESIAN_POINT('',(0.00000000000000000E0,0.00000000000000000E0));
#1343=CARTESIAN_POINT('',(1.00000000000000000E0,0.00000000000000000E0));
#1344=B_SPLINE_CURVE_WITH_KNOTS('',1,(#1342,#1343),.UNSPECIFIED.,.F.,.F.,(2,2),(0.00000000000000000E0,1.00000000000000000E0),.UNSPECIFIED.);
#1345=DEFINITIONAL_REPRESENTATION('',(#1344),#901);
#1346=PCURVE('',#371,#1345);
#1347=CARTESIAN_POINT('',(1.00000000000000000E0,0.00000000000000000E0));
#1348=CARTESIAN_POINT('',(1.00000000000000000E0,1.00000000000000000E0));
#1349=B_SPLINE_CURVE_WITH_KNOTS('',1,(#1347,#1348),.UNSPECIFIED.,.F.,.F.,(2,2),(0.00000000000000000E0,1.00000000000000000E0),.UNSPECIFIED.);
#1350=DEFINITIONAL_REPRESENTATION('',(#1349),#901);
#1351=PCURVE('',#371,#1350);
#1352=CARTESIAN_POINT('',(1.00000000000000000E0,1.00000000000000000E0));
#1353=CARTESIAN_POINT('',(0.00000000000000000E0,1.00000000000000000E0));
#1354=B_SPLINE_CURVE_WITH_KNOTS('',1,(#1352,#1353),.UNSPECIFIED.,.F.,.F.,(2,2),(0.00000000000000000E0,1.00000000000000000E0),.UNSPECIFIED.);
#1355=DEFINITIONAL_REPRESENTATION('',(#1354),#901);
#1356=PCURVE('',#371,#1355);
#1357=CARTESIAN_POINT('',(0.00000000000000000E0,1.00000000000000000E0));
#1358=CARTESIAN_POINT('',(0.00000000000000000E0,0.00000000000000000E0));
#1359=B_SPLINE_CURVE_WITH_KNOTS('',1,(#1357,#1358),.UNSPECIFIED.,.F.,.F.,(2,2),(0.00000000000000000E0,1.00000000000000000E0),.UNSPECIFIED.);
#1360=DEFINITIONAL_REPRESENTATION('',(#1359),#901);
#1361=PCURVE('',#371,#1360);
#1362=CARTESIAN_POINT('',(0.00000000000000000E0,0.00000000000000000E0));
#1363=CARTESIAN_POINT('',(1.00000000000000000E0,0.00000000000000000E0));
#1364=B_SPLINE_CURVE_WITH_KNOTS('',1,(#1362,#1363),.UNSPECIFIED.,.F.,.F.,(2,2),(0.00000000000000000E0,1.00000000000000000E0),.UNSPECIFIED.);
#1365=DEFINITIONAL_REPRESENTATION('',(#1364),#901);
#1366=PCURVE('',#384,#1365);
#1367=CARTESIAN_POINT('',(1.00000000000000000E0,0.00000000000000000E0));
#1368=CARTESIAN_POINT('',(1.00000000000000000E0,1.00000000000000000E0));
#1369=B_SPLINE_CURVE_WITH_KNOTS('',1,(#1367,#1368),.UNSPECIFIED.,.F.,.F.,(2,2),(0.00000000000000000E0,1.00000000000000000E0),.UNSPECIFIED.);
#1370=DEFINITIONAL_REPRESENTATION('',(#1369),#901);
#1371=PCURVE('',#384,#1370);
#1372=CARTESIAN_POINT('',(1.00000000000000000E0,1.00000000000000000E0));
#1373=CARTESIAN_POINT('',(0.00000000000000000E0,1.00000000000000000E0));
#1374=B_SPLINE_CURVE_WITH_KNOTS('',1,(#1372,#1373),.UNSPECIFIED.,.F.,.F.,(2,2),(0.00000000000000000E0,1.00000000000000000E0),.UNSPECIFIED.);
#1375=DEFINITIONAL_REPRESENTATION('',(#1374),#901);
#1376=PCURVE('',#384,#1375);
#1377=CARTESIAN_POINT('',(0.00000000000000000E0,1.00000000000000000E0));
#1378=CARTESIAN_POINT('',(0.00000000000000000E0,0.00000000000000000E0));
#1379=B_SPLINE_CURVE_WITH_KNOTS('',1,(#1377,#1378),.UNSPECIFIED.,.F.,.F.,(2,2),(0.00000000000000000E0,1.00000000000000000E0),.UNSPECIFIED.);
#1380=DEFINITIONAL_REPRESENTATION('',(#1379),#901);
#1381=PCURVE('',#384,#1380);
#1382=CARTESIAN_POINT('',(0.00000000000000000E0,0.00000000000000000E0));
#1383=CARTESIAN_POINT('',(1.00000000000000000E0,0.00000000000000000E0));
#1384=B_SPLINE_CURVE_WITH_KNOTS('',1,(#1382,#1383),.UNSPECIFIED.,.F.,.F.,(2,2),(0.00000000000000000E0,1.00000000000000000E0),.UNSPECIFIED.);
#1385=DEFINITIONAL_REPRESENTATION('',(#1384),#901);
#1386=PCURVE('',#397,#1385);
#1387=CARTESIAN_POINT('',(1.00000000000000000E0,0.00000000000000000E0));
#1388=CARTESIAN_POINT('',(1.00000000000000000E0,1.00000000000000000E0));
#1389=B_SPLINE_CURVE_WITH_KNOTS('',1,(#1387,#1388),.UNSPECIFIED.,.F.,.F.,(2,2),(0.00000000000000000E0,1.00000000000000000E0),.UNSPECIFIED.);
#1390=DEFINITIONAL_REPRESENTATION('',(#1389),#901);
#1391=PCURVE('',#397,#1390);
#1392=CARTESIAN_POINT('',(1.00000000000000000E0,1.00000000000000000E0));
#1393=CARTESIAN_POINT('',(0.00000000000000000E0,1.00000000000000000E0));
#1394=B_SPLINE_CURVE_WITH_KNOTS('',1,(#1392,#1393),.UNSPECIFIED.,.F.,.F.,(2,2),(0.00000000000000000E0,1.00000000000000000E0),.UNSPECIFIED.);
#1395=DEFINITIONAL_REPRESENTATION('',(#1394),#901);
#1396=PCURVE('',#397,#1395);
#1397=CARTESIAN_POINT('',(0.00000000000000000E0,1.00000000000000000E0));
#1398=CARTESIAN_POINT('',(0.00000000000000000E0,0.00000000000000000E0));
#1399=B_SPLINE_CURVE_WITH_KNOTS('',1,(#1397,#1398),.UNSPECIFIED.,.F.,.F.,(2,2),(0.00000000000000000E0,1.00000000000000000E0),.UNSPECIFIED.);
#1400=DEFINITIONAL_REPRESENTATION('',(#1399),#901);
#1401=PCURVE('',#397,#1400);
#1402=CARTESIAN_POINT('',(0.00000000000000000E0,0.00000000000000000E0));
#1403=CARTESIAN_POINT('',(1.00000000000000000E0,0.00000000000000000E0));
#1404=B_SPLINE_CURVE_WITH_KNOTS('',1,(#1402,#1403),.UNSPECIFIED.,.F.,.F.,(2,2),(0.00000000000000000E0,1.00000000000000000E0),.UNSPECIFIED.);
#1405=DEFINITIONAL_REPRESENTATION('',(#1404),#901);
#1406=PCURVE('',#410,#1405);
#1407=CARTESIAN_POINT('',(1.00000000000000000E0,0.00000000000000000E0));
#1408=CARTESIAN_POINT('',(1.00000000000000000E0,1.00000000000000000E0));
#1409=B_SPLINE_CURVE_WITH_KNOTS('',1,(#1407,#1408),.UNSPECIFIED.,.F.,.F.,(2,2),(0.00000000000000000E0,1.00000000000000000E0),.UNSPECIFIED.);
#1410=DEFINITIONAL_REPRESENTATION('',(#1409),#901);
#1411=PCURVE('',#410,#1410);
#1412=CARTESIAN_POINT('',(1.00000000000000000E0,1.00000000000000000E0));
#1413=CARTESIAN_POINT('',(0.00000000000000000E0,1.00000000000000000E0));
#1414=B_SPLINE_CURVE_WITH_KNOTS('',1,(#1412,#1413),.UNSPECIFIED.,.F.,.F.,(2,2),(0.00000000000000000E0,1.00000000000000000E0),.UNSPECIFIED.);
#1415=DEFINITIONAL_REPRESENTATION('',(#1414),#901);
#1416=PCURVE('',#410,#1415);
#1417=CARTESIAN_POINT('',(0.00000000000000000E0,1.00000000000000000E0));
#1418=CARTESIAN_POINT('',(0.00000000000000000E0,0.00000000000000000E0));
#1419=B_SPLINE_CURVE_WITH_KNOTS('',1,(#1417,#1418),.UNSPECIFIED.,.F.,.F.,(2,2),(0.00000000000000000E0,1.00000000000000000E0),.UNSPECIFIED.);
#1420=DEFINITIONAL_REPRESENTATION('',(#1419),#901);
#1421=PCURVE('',#410,#1420);
#1422=CARTESIAN_POINT('',(0.00000000000000000E0,0.00000000000000000E0));
#1423=CARTESIAN_POINT('',(1.00000000000000000E0,0.00000000000000000E0));
#1424=B_SPLINE_CURVE_WITH_KNOTS('',1,(#1422,#1423),.UNSPECIFIED.,.F.,.F.,(2,2),(0.00000000000000000E0,1.00000000000000000E0),.UNSPECIFIED.);
#1425=DEFINITIONAL_REPRESENTATION('',(#1424),#901);
#1426=PCURVE('',#423,#1425);
#1427=CARTESIAN_POINT('',(1.00000000000000000E0,0.00000000000000000E0));
#1428=CARTESIAN_POINT('',(1.00000000000000000E0,1.00000000000000000E0));
#1429=B_SPLINE_CURVE_WITH_KNOTS('',1,(#1427,#1428),.UNSPECIFIED.,.F.,.F.,(2,2),(0.00000000000000000E0,1.00000000000000000E0),.UNSPECIFIED.);
#1430=DEFINITIONAL_REPRESENTATION('',(#1429),#901);
#1431=PCURVE('',#423,#1430);
#1432=CARTESIAN_POINT('',(1.00000000000000000E0,1.00000000000000000E0));
#1433=CARTESIAN_POINT('',(0.00000000000000000E0,1.00000000000000000E0));
#1434=B_SPLINE_CURVE_WITH_KNOTS('',1,(#1432,#1433),.UNSPECIFIED.,.F.,.F.,(2,2),(0.00000000000000000E0,1.00000000000000000E0),.UNSPECIFIED.);
#1435=DEFINITIONAL_REPRESENTATION('',(#1434),#901);
#1436=PCURVE('',#423,#1435);
#1437=CARTESIAN_POINT('',(0.00000000000000000E0,1.00000000000000000E0));
#1438=CARTESIAN_POINT('',(0.00000000000000000E0,0.00000000000000000E0));
#1439=B_SPLINE_CURVE_WITH_KNOTS('',1,(#1437,#1438),.UNSPECIFIED.,.F.,.F.,(2,2),(0.00000000000000000E0,1.00000000000000000E0),.UNSPECIFIED.);
#1440=DEFINITIONAL_REPRESENTATION('',(#1439),#901);
#1441=PCURVE('',#423,#1440);
#1442=CARTESIAN_POINT('',(0.00000000000000000E0,0.00000000000000000E0));
#1443=CARTESIAN_POINT('',(1.00000000000000000E0,0.00000000000000000E0));
#1444=B_SPLINE_CURVE_WITH_KNOTS('',1,(#1442,#1443),.UNSPECIFIED.,.F.,.F.,(2,2),(0.00000000000000000E0,1.00000000000000000E0),.UNSPECIFIED.);
#1445=DEFINITIONAL_REPRESENTATION('',(#1444),#901);
#1446=PCURVE('',#436,#1445);
#1447=CARTESIAN_POINT('',(1.00000000000000000E0,0.00000000000000000E0));
#1448=CARTESIAN_POINT('',(1.00000000000000000E0,1.00000000000000000E0));
#1449=B_SPLINE_CURVE_WITH_KNOTS('',1,(#1447,#1448),.UNSPECIFIED.,.F.,.F.,(2,2),(0.00000000000000000E0,1.00000000000000000E0),.UNSPECIFIED.);
#1450=DEFINITIONAL_REPRESENTATION('',(#1449),#901);
#1451=PCURVE('',#436,#1450);
#1452=CARTESIAN_POINT('',(1.00000000000000000E0,1.00000000000000000E0));
#1453=CARTESIAN_POINT('',(0.00000000000000000E0,1.00000000000000000E0));
#1454=B_SPLINE_CURVE_WITH_KNOTS('',1,(#1452,#1453),.UNSPECIFIED.,.F.,.F.,(2,2),(0.00000000000000000E0,1.00000000000000000E0),.UNSPECIFIED.);
#1455=DEFINITIONAL_REPRESENTATION('',(#1454),#901);
#1456=PCURVE('',#436,#1455);
#1457=CARTESIAN_POINT('',(0.00000000000000000E0,1.00000000000000000E0));
#1458=CARTESIAN_POINT('',(0.00000000000000000E0,0.00000000000000000E0));
#1459=B_SPLINE_CURVE_WITH_KNOTS('',1,(#1457,#1458),.UNSPECIFIED.,.F.,.F.,(2,2),(0.00000000000000000E0,1.00000000000000000E0),.UNSPECIFIED.);
#1460=DEFINITIONAL_REPRESENTATION('',(#1459),#901);
#1461=PCURVE('',#436,#1460);
#1462=CARTESIAN_POINT('',(0.00000000000000000E0,0.00000000000000000E0));
#1463=CARTESIAN_POINT('',(1.00000000000000000E0,0.00000000000000000E0));
#1464=B_SPLINE_CURVE_WITH_KNOTS('',1,(#1462,#1463),.UNSPECIFIED.,.F.,.F.,(2,2),(0.00000000000000000E0,1.00000000000000000E0),.UNSPECIFIED.);
#1465=DEFINITIONAL_REPRESENTATION('',(#1464),#901);
#1466=PCURVE('',#449,#1465);
#1467=CARTESIAN_POINT('',(1.00000000000000000E0,0.00000000000000000E0));
#1468=CARTESIAN_POINT('',(1.00000000000000000E0,1.00000000000000000E0));
#1469=B_SPLINE_CURVE_WITH_KNOTS('',1,(#1467,#1468),.UNSPECIFIED.,.F.,.F.,(2,2),(0.00000000000000000E0,1.00000000000000000E0),.UNSPECIFIED.);
#1470=DEFINITIONAL_REPRESENTATION('',(#1469),#901);
#1471=PCURVE('',#449,#1470);
#1472=CARTESIAN_POINT('',(1.00000000000000000E0,1.00000000000000000E0));
#1473=CARTESIAN_POINT('',(0.00000000000000000E0,1.00000000000000000E0));
#1474=B_SPLINE_CURVE_WITH_KNOTS('',1,(#1472,#1473),.UNSPECIFIED.,.F.,.F.,(2,2),(0.00000000000000000E0,1.00000000000000000E0),.UNSPECIFIED.);
#1475=DEFINITIONAL_REPRESENTATION('',(#1474),#901);
#1476=PCURVE('',#449,#1475);
#1477=CARTESIAN_POINT('',(0.00000000000000000E0,1.00000000000000000E0));
#1478=CARTESIAN_POINT('',(0.00000000000000000E0,0.00000000000000000E0));
#1479=B_SPLINE_CURVE_WITH_KNOTS('',1,(#1477,#1478),.UNSPECIFIED.,.F.,.F.,(2,2),(0.00000000000000000E0,1.00000000000000000E0),.UNSPECIFIED.);
#1480=DEFINITIONAL_REPRESENTATION('',(#1479),#901);
#1481=PCURVE('',#449,#1480);
#1482=CARTESIAN_POINT('',(0.00000000000000000E0,0.00000000000000000E0));
#1483=CARTESIAN_POINT('',(1.00000000000000000E0,0.00000000000000000E0));
#1484=B_SPLINE_CURVE_WITH_KNOTS('',1,(#1482,#1483),.UNSPECIFIED.,.F.,.F.,(2,2),(0.00000000000000000E0,1.00000000000000000E0),.UNSPECIFIED.);
#1485=DEFINITIONAL_REPRESENTATION('',(#1484),#901);
#1486=PCURVE('',#462,#1485);
#1487=CARTESIAN_POINT('',(1.00000000000000000E0,0.00000000000000000E0));
#1488=CARTESIAN_POINT('',(1.00000000000000000E0,1.00000000000000000E0));
#1489=B_SPLINE_CURVE_WITH_KNOTS('',1,(#1487,#1488),.UNSPECIFIED.,.F.,.F.,(2,2),(0.00000000000000000E0,1.00000000000000000E0),.UNSPECIFIED.);
#1490=DEFINITIONAL_REPRESENTATION('',(#1489),#901);
#1491=PCURVE('',#462,#1490);
#1492=CARTESIAN_POINT('',(1.00000000000000000E0,1.00000000000000000E0));
#1493=CARTESIAN_POINT('',(0.00000000000000000E0,1.00000000000000000E0));
#1494=B_SPLINE_CURVE_WITH_KNOTS('',1,(#1492,#1493),.UNSPECIFIED.,.F.,.F.,(2,2),(0.00000000000000000E0,1.00000000000000000E0),.UNSPECIFIED.);
#1495=DEFINITIONAL_REPRESENTATION('',(#1494),#901);
#1496=PCURVE('',#462,#1495);
#1497=CARTESIAN_POINT('',(0.00000000000000000E0,1.00000000000000000E0));
#1498=CARTESIAN_POINT('',(0.00000000000000000E0,0.00000000000000000E0));
#1499=B_SPLINE_CURVE_WITH_KNOTS('',1,(#1497,#1498),.UNSPECIFIED.,.F.,.F.,(2,2),(0.00000000000000000E0,1.00000000000000000E0),.UNSPECIFIED.);
#1500=DEFINITIONAL_REPRESENTATION('',(#1499),#901);
#1501=PCURVE('',#462,#1500);
#1502=CARTESIAN_POINT('',(0.00000000000000000E0,0.00000000000000000E0));
#1503=CARTESIAN_POINT('',(1.00000000000000000E0,0.00000000000000000E0));
#1504=B_SPLINE_CURVE_WITH_KNOTS('',1,(#1502,#1503),.UNSPECIFIED.,.F.,.F.,(2,2),(0.00000000000000000E0,1.00000000000000000E0),.UNSPECIFIED.);
#1505=DEFINITIONAL_REPRESENTATION('',(#1504),#901);
#1506=PCURVE('',#475,#1505);
#1507=CARTESIAN_POINT('',(1.00000000000000000E0,0.00000000000000000E0));
#1508=CARTESIAN_POINT('',(1.00000000000000000E0,1.00000000000000000E0));
#1509=B_SPLINE_CURVE_WITH_KNOTS('',1,(#1507,#1508),.UNSPECIFIED.,.F.,.F.,(2,2),(0.00000000000000000E0,1.00000000000000000E0),.UNSPECIFIED.);
#1510=DEFINITIONAL_REPRESENTATION('',(#1509),#901);
#1511=PCURVE('',#475,#1510);
#1512=CARTESIAN_POINT('',(1.00000000000000000E0,1.00000000000000000E0));
#1513=CARTESIAN_POINT('',(0.00000000000000000E0,1.00000000000000000E0));
#1514=B_SPLINE_CURVE_WITH_KNOTS('',1,(#1512,#1513),.UNSPECIFIED.,.F.,.F.,(2,2),(0.00000000000000000E0,1.00000000000000000E0),.UNSPECIFIED.);
#1515=DEFINITIONAL_REPRESENTATION('',(#1514),#901);
#1516=PCURVE('',#475,#1515);
#1517=CARTESIAN_POINT('',(0.00000000000000000E0,1.00000000000000000E0));
#1518=CARTESIAN_POINT('',(0.00000000000000000E0,0.00000000000000000E0));
#1519=B_SPLINE_CURVE_WITH_KNOTS('',1,(#1517,#1518),.UNSPECIFIED.,.F.,.F.,(2,2),(0.00000000000000000E0,1.00000000000000000E0),.UNSPECIFIED.);
#1520=DEFINITIONAL_REPRESENTATION('',(#1519),#901);
#1521=PCURVE('',#475,#1520);
#1522=CARTESIAN_POINT('',(0.00000000000000000E0,0.00000000000000000E0));
#1523=CARTESIAN_POINT('',(1.00000000000000000E0,0.00000000000000000E0));
#1524=B_SPLINE_CURVE_WITH_KNOTS('',1,(#1522,#1523),.UNSPECIFIED.,.F.,.F.,(2,2),(0.00000000000000000E0,1.00000000000000000E0),.UNSPECIFIED.);
#1525=DEFINITIONAL_REPRESENTATION('',(#1524),#901);
#1526=PCURVE('',#488,#1525);
#1527=CARTESIAN_POINT('',(1.00000000000000000E0,0.00000000000000000E0));
#1528=CARTESIAN_POINT('',(1.00000000000000000E0,1.00000000000000000E0));
#1529=B_SPLINE_CURVE_WITH_KNOTS('',1,(#1527,#1528),.UNSPECIFIED.,.F.,.F.,(2,2),(0.00000000000000000E0,1.00000000000000000E0),.UNSPECIFIED.);
#1530=DEFINITIONAL_REPRESENTATION('',(#1529),#901);
#1531=PCURVE('',#488,#1530);
#1532=CARTESIAN_POINT('',(1.00000000000000000E0,1.00000000000000000E0));
#1533=CARTESIAN_POINT('',(0.00000000000000000E0,1.00000000000000000E0));
#1534=B_SPLINE_CURVE_WITH_KNOTS('',1,(#1532,#1533),.UNSPECIFIED.,.F.,.F.,(2,2),(0.00000000000000000E0,1.00000000000000000E0),.UNSPECIFIED.);
#1535=DEFINITIONAL_REPRESENTATION('',(#1534),#901);
#1536=PCURVE('',#488,#1535);
#1537=CARTESIAN_POINT('',(0.00000000000000000E0,1.00000000000000000E0));
#1538=CARTESIAN_POINT('',(0.00000000000000000E0,0.00000000000000000E0));
#1539=B_SPLINE_CURVE_WITH_KNOTS('',1,(#1537,#1538),.UNSPECIFIED.,.F.,.F.,(2,2),(0.00000000000000000E0,1.00000000000000000E0),.UNSPECIFIED.);
#1540=DEFINITIONAL_REPRESENTATION('',(#1539),#901);
#1541=PCURVE('',#488,#1540);
#1542=CARTESIAN_POINT('',(0.00000000000000000E0,0.00000000000000000E0));
#1543=CARTESIAN_POINT('',(1.00000000000000000E0,0.00000000000000000E0));
#1544=B_SPLINE_CURVE_WITH_KNOTS('',1,(#1542,#1543),.UNSPECIFIED.,.F.,.F.,(2,2),(0.00000000000000000E0,1.00000000000000000E0),.UNSPECIFIED.);
#1545=DEFINITIONAL_REPRESENTATION('',(#1544),#901);
#1546=PCURVE('',#501,#1545);
#1547=CARTESIAN_POINT('',(1.00000000000000000E0,0.00000000000000000E0));
#1548=CARTESIAN_POINT('',(1.00000000000000000E0,1.00000000000000000E0));
#1549=B_SPLINE_CURVE_WITH_KNOTS('',1,(#1547,#1548),.UNSPECIFIED.,.F.,.F.,(2,2),(0.00000000000000000E0,1.00000000000000000E0),.UNSPECIFIED.);
#1550=DEFINITIONAL_REPRESENTATION('',(#1549),#901);
#1551=PCURVE('',#501,#1550);
#1552=CARTESIAN_POINT('',(1.00000000000000000E0,1.00000000000000000E0));
#1553=CARTESIAN_POINT('',(0.00000000000000000E0,1.00000000000000000E0));
#1554=B_SPLINE_CURVE_WITH_KNOTS('',1,(#1552,#1553),.UNSPECIFIED.,.F.,.F.,(2,2),(0.00000000000000000E0,1.00000000000000000E0),.UNSPECIFIED.);
#1555=DEFINITIONAL_REPRESENTATION('',(#1554),#901);
#1556=PCURVE('',#501,#1555);
#1557=CARTESIAN_POINT('',(0.00000000000000000E0,1.00000000000000000E0));
#1558=CARTESIAN_POINT('',(0.00000000000000000E0,0.00000000000000000E0));
#1559=B_SPLINE_CURVE_WITH_KNOTS('',1,(#1557,#1558),.UNSPECIFIED.,.F.,.F.,(2,2),(0.00000000000000000E0,1.00000000000000000E0),.UNSPECIFIED.);
#1560=DEFINITIONAL_REPRESENTATION('',(#1559),#901);
#1561=PCURVE('',#501,#1560);
#1562=CARTESIAN_POINT('',(0.00000000000000000E0,0.00000000000000000E0));
#1563=CARTESIAN_POINT('',(1.00000000000000000E0,0.00000000000000000E0));
#1564=B_SPLINE_CURVE_WITH_KNOTS('',1,(#1562,#1563),.UNSPECIFIED.,.F.,.F.,(2,2),(0.00000000000000000E0,1.00000000000000000E0),.UNSPECIFIED.);
#1565=DEFINITIONAL_REPRESENTATION('',(#1564),#901);
#1566=PCURVE('',#514,#1565);
#1567=CARTESIAN_POINT('',(1.00000000000000000E0,0.00000000000000000E0));
#1568=CARTESIAN_POINT('',(1.00000000000000000E0,1.00000000000000000E0));
#1569=B_SPLINE_CURVE_WITH_KNOTS('',1,(#1567,#1568),.UNSPECIFIED.,.F.,.F.,(2,2),(0.00000000000000000E0,1.00000000000000000E0),.UNSPECIFIED.);
#1570=DEFINITIONAL_REPRESENTATION('',(#1569),#901);
#1571=PCURVE('',#514,#1570);
#1572=CARTESIAN_POINT('',(1.00000000000000000E0,1.00000000000000000E0));
#1573=CARTESIAN_POINT('',(0.00000000000000000E0,1.00000000000000000E0));
#1574=B_SPLINE_CURVE_WITH_KNOTS('',1,(#1572,#1573),.UNSPECIFIED.,.F.,.F.,(2,2),(0.00000000000000000E0,1.00000000000000000E0),.UNSPECIFIED.);
#1575=DEFINITIONAL_REPRESENTATION('',(#1574),#901);
#1576=PCURVE('',#514,#1575);
#1577=CARTESIAN_POINT('',(0.00000000000000000E0,1.00000000000000000E0));
#1578=CARTESIAN_POINT('',(0.00000000000000000E0,0.00000000000000000E0));
#1579=B_SPLINE_CURVE_WITH_KNOTS('',1,(#1577,#1578),.UNSPECIFIED.,.F.,.F.,(2,2),(0.00000000000000000E0,1.00000000000000000E0),.UNSPECIFIED.);
#1580=DEFINITIONAL_REPRESENTATION('',(#1579),#901);
#1581=PCURVE('',#514,#1580);
#1582=CARTESIAN_POINT('',(0.00000000000000000E0,0.00000000000000000E0));
#1583=CARTESIAN_POINT('',(1.00000000000000000E0,0.00000000000000000E0));
#1584=B_SPLINE_CURVE_WITH_KNOTS('',1,(#1582,#1583),.UNSPECIFIED.,.F.,.F.,(2,2),(0.00000000000000000E0,1.00000000000000000E0),.UNSPECIFIED.);
#1585=DEFINITIONAL_REPRESENTATION('',(#1584),#901);
#1586=PCURVE('',#527,#1585);
#1587=CARTESIAN_POINT('',(1.00000000000000000E0,0.00000000000000000E0));
#1588=CARTESIAN_POINT('',(1.00000000000000000E0,1.00000000000000000E0));
#1589=B_SPLINE_CURVE_WITH_KNOTS('',1,(#1587,#1588),.UNSPECIFIED.,.F.,.F.,(2,2),(0.00000000000000000E0,1.00000000000000000E0),.UNSPECIFIED.);
#1590=DEFINITIONAL_REPRESENTATION('',(#1589),#901);
#1591=PCURVE('',#527,#1590);
#1592=CARTESIAN_POINT('',(1.00000000000000000E0,1.00000000000000000E0));
#1593=CARTESIAN_POINT('',(0.00000000000000000E0,1.00000000000000000E0));
#1594=B_SPLINE_CURVE_WITH_KNOTS('',1,(#1592,#1593),.UNSPECIFIED.,.F.,.F.,(2,2),(0.00000000000000000E0,1.00000000000000000E0),.UNSPECIFIED.);
#1595=DEFINITIONAL_REPRESENTATION('',(#1594),#901);
#1596=PCURVE('',#527,#1595);
#1597=CARTESIAN_POINT('',(0.00000000000000000E0,1.00000000000000000E0));
#1598=CARTESIAN_POINT('',(0.00000000000000000E0,0.00000000000000000E0));
#1599=B_SPLINE_CURVE_WITH_KNOTS('',1,(#1597,#1598),.UNSPECIFIED.,.F.,.F.,(2,2),(0.00000000000000000E0,1.00000000000000000E0),.UNSPECIFIED.);
#1600=DEFINITIONAL_REPRESENTATION('',(#1599),#901);
#1601=PCURVE('',#527,#1600);
#1602=CARTESIAN_POINT('',(0.00000000000000000E0,0.00000000000000000E0));
#1603=CARTESIAN_POINT('',(1.00000000000000000E0,0.00000000000000000E0));
#1604=B_SPLINE_CURVE_WITH_KNOTS('',1,(#1602,#1603),.UNSPECIFIED.,.F.,.F.,(2,2),(0.00000000000000000E0,1.00000000000000000E0),.UNSPECIFIED.);
#1605=DEFINITIONAL_REPRESENTATION('',(#1604),#901);
#1606=PCURVE('',#540,#1605);
#1607=CARTESIAN_POINT('',(1.00000000000000000E0,0.00000000000000000E0));
#1608=CARTESIAN_POINT('',(1.00000000000000000E0,1.00000000000000000E0));
#1609=B_SPLINE_CURVE_WITH_KNOTS('',1,(#1607,#1608),.UNSPECIFIED.,.F.,.F.,(2,2),(0.00000000000000000E0,1.00000000000000000E0),.UNSPECIFIED.);
#1610=DEFINITIONAL_REPRESENTATION('',(#1609),#901);
#1611=PCURVE('',#540,#1610);
#1612=CARTESIAN_POINT('',(1.00000000000000000E0,1.00000000000000000E0));
#1613=CARTESIAN_POINT('',(0.00000000000000000E0,1.00000000000000000E0));
#1614=B_SPLINE_CURVE_WITH_KNOTS('',1,(#1612,#1613),.UNSPECIFIED.,.F.,.F.,(2,2),(0.00000000000000000E0,1.00000000000000000E0),.UNSPECIFIED.);
#1615=DEFINITIONAL_REPRESENTATION('',(#1614),#901);
#1616=PCURVE('',#540,#1615);
#1617=CARTESIAN_POINT('',(0.00000000000000000E0,1.00000000000000000E0));
#1618=CARTESIAN_POINT('',(0.00000000000000000E0,0.00000000000000000E0));
#1619=B_SPLINE_CURVE_WITH_KNOTS('',1,(#1617,#1618),.UNSPECIFIED.,.F.,.F.,(2,2),(0.00000000000000000E0,1.00000000000000000E0),.UNSPECIFIED.);
#1620=DEFINITIONAL_REPRESENTATION('',(#1619),#901);
#1621=PCURVE('',#540,#1620);
#1622=SURFACE_CURVE('',#543,(#906,#1556),.PCURVE_S1.);
#1623=EDGE_CURVE('OSCAD_TOPO/3|edge|e:1b3ff32f5698c278309e62508d1cfd5c|536ce406b15ff09bfaec2edbf789a6169b59b1bf1b6a0ba60e677c4f6b08b292',#2,#4,#1622,.T.);
#1624=SURFACE_CURVE('',#550,(#911,#941),.PCURVE_S1.);
#1625=EDGE_CURVE('OSCAD_TOPO/3|edge|e:ea661ecf43c743e2500bdb12500848d3|c6aad6ae23c0720392c8ab7615b4ac54068deb27ac65bcaf3ed43ea104b86c05',#4,#12,#1624,.T.);
#1626=SURFACE_CURVE('',#553,(#916,#986),.PCURVE_S1.);
#1627=EDGE_CURVE('OSCAD_TOPO/3|edge|e:d46c5b12600ac27153bfd67a7cb009e4|c786880e2061286ac96bf1c66b92b561c267bae1d40e892932719525bc04824d',#10,#12,#1626,.T.);
#1628=SURFACE_CURVE('',#560,(#921,#971),.PCURVE_S1.);
#1629=EDGE_CURVE('OSCAD_TOPO/3|edge|e:a7b2e01f310113b2edcfa28796c9b89f|a0a323f0a7de39fffb86e6b6fabc8099f25b22b122c2df1890afc2f42f03a473',#2,#10,#1628,.T.);
#1630=SURFACE_CURVE('',#563,(#926,#1576),.PCURVE_S1.);
#1631=EDGE_CURVE('OSCAD_TOPO/3|edge|e:eaa29122b1bb76eba5273109aa1c4901|0936c76d2acd576ee0bcc60d36d375103ed700a532dc8d930062d50320ce1649',#4,#6,#1630,.T.);
#1632=SURFACE_CURVE('',#570,(#931,#961),.PCURVE_S1.);
#1633=EDGE_CURVE('OSCAD_TOPO/3|edge|e:076412322728840f445b344294cf47d4|e99ca08c81bc1fd2e50728b466e2163e9f05c53727bb9eb94847560be6795dfc',#6,#14,#1632,.T.);
#1634=SURFACE_CURVE('',#573,(#936,#1006),.PCURVE_S1.);
#1635=EDGE_CURVE('OSCAD_TOPO/3|edge|e:7a5015f569fd1674839207dde34ff5ac|5303e40c49325b2809074afd3c25b61bba5fe44be8ec674ba9f3c08742759fdd',#12,#14,#1634,.T.);
#1636=SURFACE_CURVE('',#576,(#946,#1596),.PCURVE_S1.);
#1637=EDGE_CURVE('OSCAD_TOPO/3|edge|e:8ba257221d48e2453c10ba02058bc9fb|4b3f00dba8104ae4fbbc37c418c7a907b73729b41814bd5f0872bde53b7a9326',#6,#8,#1636,.T.);
#1638=SURFACE_CURVE('',#583,(#951,#981),.PCURVE_S1.);
#1639=EDGE_CURVE('OSCAD_TOPO/3|edge|e:b1633b83f5746856a551a8361ca01801|01f09e52db621f548e660ba465f7090ca64444c31866b255df89d27ce554361e',#8,#16,#1638,.T.);
#1640=SURFACE_CURVE('',#586,(#956,#1026),.PCURVE_S1.);
#1641=EDGE_CURVE('OSCAD_TOPO/3|edge|e:d2877cafbf4e3280151e72515472a9c0|a7f7d1dd855317fc3e86fa38fc27e4c52a68eda30c54c9280acdad6381fc2a52',#14,#16,#1640,.T.);
#1642=SURFACE_CURVE('',#589,(#966,#1616),.PCURVE_S1.);
#1643=EDGE_CURVE('OSCAD_TOPO/3|edge|e:b56dea13a88f73f44fccd47f2c5bbc9b|32677bfaca82539b7e3eca964e5752728770c0fb2e55115680b110f2ec7ab89c',#2,#8,#1642,.T.);
#1644=SURFACE_CURVE('',#592,(#976,#1046),.PCURVE_S1.);
#1645=EDGE_CURVE('OSCAD_TOPO/3|edge|e:0ee9dabd978a915cd69b03997953a946|db358fc439c3cfd31ceb8d503e5e40640271eeb21b4a37e349396c115d62e775',#10,#16,#1644,.T.);
#1646=SURFACE_CURVE('',#599,(#991,#1021),.PCURVE_S1.);
#1647=EDGE_CURVE('OSCAD_TOPO/3|edge|e:feed74e8fa08b76a1c6e71bf7a6c5af5|b4aecb25e28d6571f54790c399476522b1c5a9427799bc3fcfaac7bde077809d',#12,#20,#1646,.T.);
#1648=SURFACE_CURVE('',#602,(#996,#1066),.PCURVE_S1.);
#1649=EDGE_CURVE('OSCAD_TOPO/3|edge|e:5f562d0cee63be8d57854d2df783f551|194f8afa1acb24625123731a66a32425269a2ae71cf6b0a176b032be42ea1b10',#18,#20,#1648,.T.);
#1650=SURFACE_CURVE('',#609,(#1001,#1051),.PCURVE_S1.);
#1651=EDGE_CURVE('OSCAD_TOPO/3|edge|e:94a2e6212d51f4a7a3f87866a5cae39e|9be039e13a1066eff8b081b416dcccd3900aba2ebbd1fd9d2ae8414b3eea6845',#10,#18,#1650,.T.);
#1652=SURFACE_CURVE('',#616,(#1011,#1041),.PCURVE_S1.);
#1653=EDGE_CURVE('OSCAD_TOPO/3|edge|e:f732ec883b1dc7d84b18c0b969ad6626|44065a832468a6851df35bfa7204fbd27bfdca8eb0039b077c1d1a5a01a6b4e0',#14,#22,#1652,.T.);
#1654=SURFACE_CURVE('',#619,(#1016,#1086),.PCURVE_S1.);
#1655=EDGE_CURVE('OSCAD_TOPO/3|edge|e:c4c959022668b87e6d3211583eb17201|d689f259d81ddd16559cb4ef8fd7fb289e2152dc6ec3fcf85ce6250f7b07cca4',#20,#22,#1654,.T.);
#1656=SURFACE_CURVE('',#626,(#1031,#1061),.PCURVE_S1.);
#1657=EDGE_CURVE('OSCAD_TOPO/3|edge|e:f12ad9fa289f970661da89ad634bcd88|3fa51644588e7f6fc0d7d78afc95a679cd559e2b71f052a0e2b92f5fd13fb079',#16,#24,#1656,.T.);
#1658=SURFACE_CURVE('',#629,(#1036,#1106),.PCURVE_S1.);
#1659=EDGE_CURVE('OSCAD_TOPO/3|edge|e:ab444c21fde1755d4f2e8d2597ef1cdc|d9ad39ece383a1509dfef66140fa1e4d2cb765372144e2a5c0c2da31228c0509',#22,#24,#1658,.T.);
#1660=SURFACE_CURVE('',#632,(#1056,#1126),.PCURVE_S1.);
#1661=EDGE_CURVE('OSCAD_TOPO/3|edge|e:7b09de8c5a7e6179420cffdc7180e482|a35967c512e6c481732cb7f248d4a9637fc4aa264f0db85f731cead539089a81',#18,#24,#1660,.T.);
#1662=SURFACE_CURVE('',#639,(#1071,#1101),.PCURVE_S1.);
#1663=EDGE_CURVE('OSCAD_TOPO/3|edge|e:7198f2a78e92ff9debc94c49433090a5|50fb00725558fdc4eddd163097c805d70f70d40787dc06186bbe4a54982225b5',#20,#28,#1662,.T.);
#1664=SURFACE_CURVE('',#642,(#1076,#1146),.PCURVE_S1.);
#1665=EDGE_CURVE('OSCAD_TOPO/3|edge|e:57b24c67f5d1f77f62e00091ba08fef8|2ea594ca05d9df1a8e16c3744ab37a37443b597ffa992e790f2ba20cdad3d371',#26,#28,#1664,.T.);
#1666=SURFACE_CURVE('',#649,(#1081,#1131),.PCURVE_S1.);
#1667=EDGE_CURVE('OSCAD_TOPO/3|edge|e:623eba0f49e4b88af6522a2db755343e|a914e6e19ca480912bbc8ba5e9a9c7e38e849947ebaf3bd77d145aa1c959d7b8',#18,#26,#1666,.T.);
#1668=SURFACE_CURVE('',#656,(#1091,#1121),.PCURVE_S1.);
#1669=EDGE_CURVE('OSCAD_TOPO/3|edge|e:31f706d19f82f1a6c29e6dbc19b677aa|de8fb64f425061496648c691a0911aed432d979e9bbb5b1d886e2f22b1ad220a',#22,#30,#1668,.T.);
#1670=SURFACE_CURVE('',#659,(#1096,#1166),.PCURVE_S1.);
#1671=EDGE_CURVE('OSCAD_TOPO/3|edge|e:2d7cac015500d1d4731e5fd0dd0e151f|7e6c1b196490240a00c6a009e4c57ed150eca40f594554c87ace530df14f24c1',#28,#30,#1670,.T.);
#1672=SURFACE_CURVE('',#666,(#1111,#1141),.PCURVE_S1.);
#1673=EDGE_CURVE('OSCAD_TOPO/3|edge|e:c8f0c49f64d6234f8d555b20cf06f164|2ffe894af056db23f88ef176cc299bbec61272542255a2b98819618915cff6ed',#24,#32,#1672,.T.);
#1674=SURFACE_CURVE('',#669,(#1116,#1186),.PCURVE_S1.);
#1675=EDGE_CURVE('OSCAD_TOPO/3|edge|e:da60255296dde9878770c67cf34c81c3|fb18b9e371e2f5de3b6636b4b68e98718e9dd2e9349472172c5569e83f9f6d51',#30,#32,#1674,.T.);
#1676=SURFACE_CURVE('',#672,(#1136,#1206),.PCURVE_S1.);
#1677=EDGE_CURVE('OSCAD_TOPO/3|edge|e:0a5e3c59aa2b34fb88c2462b8eb1af06|6d5cfc36a4b2c7b117170c81116fe1caf6955873269506f9f09da1a962a77520',#26,#32,#1676,.T.);
#1678=SURFACE_CURVE('',#679,(#1151,#1181),.PCURVE_S1.);
#1679=EDGE_CURVE('OSCAD_TOPO/3|edge|e:9ed27eec22ee288145f92d355bb7d3a6|eac9e13c00851379e46437d6507b4f2fd76760172d9af0f6201e2386d348768f',#28,#36,#1678,.T.);
#1680=SURFACE_CURVE('',#682,(#1156,#1226),.PCURVE_S1.);
#1681=EDGE_CURVE('OSCAD_TOPO/3|edge|e:3102c3d64af12da5ddfb553f9077145d|33d7a63002b9f13fbf7eb7428a9077dba3ec246d049622a36717aa7687190eaa',#34,#36,#1680,.T.);
#1682=SURFACE_CURVE('',#689,(#1161,#1211),.PCURVE_S1.);
#1683=EDGE_CURVE('OSCAD_TOPO/3|edge|e:c25ed250f1f45845138c9f5ee1974563|40a596ffdd2119341ed821c88862c33e9bc311dbc2407caf281ff1d6487f813e',#26,#34,#1682,.T.);
#1684=SURFACE_CURVE('',#696,(#1171,#1201),.PCURVE_S1.);
#1685=EDGE_CURVE('OSCAD_TOPO/3|edge|e:8046fe004868fa06aa2feaab2461a18a|10fd862467fd758fdd5b7fc22c85969f913ab71946e1016b7c9c20b3bc4cb04c',#30,#38,#1684,.T.);
#1686=SURFACE_CURVE('',#699,(#1176,#1246),.PCURVE_S1.);
#1687=EDGE_CURVE('OSCAD_TOPO/3|edge|e:edc0ac7f1c50d52533dc99d0de70217a|6bc8fd75ceb724235fa43ad5e6d37ba520c0d247bd288c4aa09f2f12204621fe',#36,#38,#1686,.T.);
#1688=SURFACE_CURVE('',#706,(#1191,#1221),.PCURVE_S1.);
#1689=EDGE_CURVE('OSCAD_TOPO/3|edge|e:7ed01d0c9983a739888866c55ff3aa87|f61d7b1fa59fb6ffddf4bbbe05eac63e3ab780eff792f31a19c67e55ace0a49c',#32,#40,#1688,.T.);
#1690=SURFACE_CURVE('',#709,(#1196,#1266),.PCURVE_S1.);
#1691=EDGE_CURVE('OSCAD_TOPO/3|edge|e:86241d264f310b84b3937511b3ecee51|b11ec1741fce4fcea288240a5d9374e1f66d386e354ad6d8121809e0e4368d89',#38,#40,#1690,.T.);
#1692=SURFACE_CURVE('',#712,(#1216,#1286),.PCURVE_S1.);
#1693=EDGE_CURVE('OSCAD_TOPO/3|edge|e:372c18e845aafb749090684ed975720b|f017ba0bf115a472e6aef8f3fe6754f82a0ed3b4cf1a42077d2f2eb64bd2ebfe',#34,#40,#1692,.T.);
#1694=SURFACE_CURVE('',#719,(#1231,#1261),.PCURVE_S1.);
#1695=EDGE_CURVE('OSCAD_TOPO/3|edge|e:0316ef917ecfbf037fb36c4fb009e3d8|e2e7803ff3514b1c45e7c168bcfc5e617e2d90c1fc3eb0cb25670e7af7018be4',#36,#44,#1694,.T.);
#1696=SURFACE_CURVE('',#722,(#1236,#1306),.PCURVE_S1.);
#1697=EDGE_CURVE('OSCAD_TOPO/3|edge|e:10afbe54e46674e1b5392a467ca4cd15|6ad221e5a9ea9e7982f0ff35e65595a3402a5c74d2d3d50eb58308922d0062ab',#42,#44,#1696,.T.);
#1698=SURFACE_CURVE('',#729,(#1241,#1291),.PCURVE_S1.);
#1699=EDGE_CURVE('OSCAD_TOPO/3|edge|e:b2306c13a2c7e4b155978f50198dc534|c3757f226029cf76676d47d7abf72a4f18bcb29195e1e73394c631f5254ee058',#34,#42,#1698,.T.);
#1700=SURFACE_CURVE('',#736,(#1251,#1281),.PCURVE_S1.);
#1701=EDGE_CURVE('OSCAD_TOPO/3|edge|e:5851b4a502319e87c1b3eb6d30272ade|0498f47362e649ce59c2c95c9735a699a699470c9f8690763e2e425886a80cb1',#38,#46,#1700,.T.);
#1702=SURFACE_CURVE('',#739,(#1256,#1326),.PCURVE_S1.);
#1703=EDGE_CURVE('OSCAD_TOPO/3|edge|e:4c63aa6d1a128e697da3d72b791c01a1|5f3145c6f2969e0292d85fbba7541c1e25f086d528907b6ac0b54a04d05d528a',#44,#46,#1702,.T.);
#1704=SURFACE_CURVE('',#746,(#1271,#1301),.PCURVE_S1.);
#1705=EDGE_CURVE('OSCAD_TOPO/3|edge|e:6aecf9b584ae86a18029ce2560504257|1f9e557217674e8d24aaa2d89e36b147816be9dc052581d344d06c55979f869a',#40,#48,#1704,.T.);
#1706=SURFACE_CURVE('',#749,(#1276,#1346),.PCURVE_S1.);
#1707=EDGE_CURVE('OSCAD_TOPO/3|edge|e:80fda6f3071687cc812a96bfc0089430|65b7966d332fc2c34844823764bc9936bbf20d1d4f88a8fab5c1ae48bd8ce0a7',#46,#48,#1706,.T.);
#1708=SURFACE_CURVE('',#752,(#1296,#1366),.PCURVE_S1.);
#1709=EDGE_CURVE('OSCAD_TOPO/3|edge|e:564700e3c0f221eed98488b3eb6756d6|c1737851ea238d8304277997b2ae451679f41a742c4083333181f18c04500a4a',#42,#48,#1708,.T.);
#1710=SURFACE_CURVE('',#759,(#1311,#1341),.PCURVE_S1.);
#1711=EDGE_CURVE('OSCAD_TOPO/3|edge|e:cd6a61ad85e222d997630602bf358f2d|befafdfeebdb7160710ddfa6c1bc977d95cac856333e7beda2fd6da08b7f3f43',#44,#52,#1710,.T.);
#1712=SURFACE_CURVE('',#762,(#1316,#1386),.PCURVE_S1.);
#1713=EDGE_CURVE('OSCAD_TOPO/3|edge|e:d8b26e28243d22e9063b06a396cee19a|43d9a127f3798396ddd439ffc7ea318f58099f2c2bf032c313fba048598a7b37',#50,#52,#1712,.T.);
#1714=SURFACE_CURVE('',#769,(#1321,#1371),.PCURVE_S1.);
#1715=EDGE_CURVE('OSCAD_TOPO/3|edge|e:5eaf0ea7a141a7148f67efed5dd2fcf0|ea0bb160ca7e4ff2df25add327bc8df09d892753e83ed5af5ba65b3077a65920',#42,#50,#1714,.T.);
#1716=SURFACE_CURVE('',#776,(#1331,#1361),.PCURVE_S1.);
#1717=EDGE_CURVE('OSCAD_TOPO/3|edge|e:073434e8b52724a966a36a63a3f92b5e|25fc1e33a86f329e9bf64e76136aab6b1d8bb805968d0c736bf68759b100f696',#46,#54,#1716,.T.);
#1718=SURFACE_CURVE('',#779,(#1336,#1406),.PCURVE_S1.);
#1719=EDGE_CURVE('OSCAD_TOPO/3|edge|e:0f421b8d68d79a83899d0d10b324ace8|6fba93552c4bcb7e3faa8d85319e543bc273a2a80f50b1f04c7e76c113e66749',#52,#54,#1718,.T.);
#1720=SURFACE_CURVE('',#786,(#1351,#1381),.PCURVE_S1.);
#1721=EDGE_CURVE('OSCAD_TOPO/3|edge|e:fff1fd4f9b60493c092c2ace06fe92bf|55f7f6845a5ccf6bf59bfa43e412442c506b2d740fc294be1ed84207b0b5cb14',#48,#56,#1720,.T.);
#1722=SURFACE_CURVE('',#789,(#1356,#1426),.PCURVE_S1.);
#1723=EDGE_CURVE('OSCAD_TOPO/3|edge|e:c3943d6a36baec052dedf26fc1196fc8|a4d0432ecd5bb597a4d85ee1edb1d008ad69b1fd53d8315c7940a8bdca75b50c',#54,#56,#1722,.T.);
#1724=SURFACE_CURVE('',#792,(#1376,#1446),.PCURVE_S1.);
#1725=EDGE_CURVE('OSCAD_TOPO/3|edge|e:ddfd89d6f8c6f857c702efc300922a3a|6d62bdd21d43b6512915022b862a24f3c88336e30a8de672ae576fbc71695b6a',#50,#56,#1724,.T.);
#1726=SURFACE_CURVE('',#799,(#1391,#1421),.PCURVE_S1.);
#1727=EDGE_CURVE('OSCAD_TOPO/3|edge|e:ed580ffb56d65a105a15f7b1e055fbab|119df369b11c244abb854a23cef31899392c8f9a278accadb84e1d6f87a3f0c1',#52,#60,#1726,.T.);
#1728=SURFACE_CURVE('',#802,(#1396,#1466),.PCURVE_S1.);
#1729=EDGE_CURVE('OSCAD_TOPO/3|edge|e:45cdbf46224ee19fed2ed454bce65ad4|92bf8fb57b65c61806c3a37bd6c6de5fdbe8a0c52c2249502c760a5e9f02713d',#58,#60,#1728,.T.);
#1730=SURFACE_CURVE('',#809,(#1401,#1451),.PCURVE_S1.);
#1731=EDGE_CURVE('OSCAD_TOPO/3|edge|e:2434fa1bd7aeccbfea4bf380fb5a0712|630327981a8c87be0edada1796d176d998f6b5c57559e37d1700f1cf7d1c0560',#50,#58,#1730,.T.);
#1732=SURFACE_CURVE('',#816,(#1411,#1441),.PCURVE_S1.);
#1733=EDGE_CURVE('OSCAD_TOPO/3|edge|e:a7b76f8fa903d62103e9996bdccf6f41|445b64238bbf81b18fa3ad28ed7ce4c43e99d32396bb87deebaa869a54af6256',#54,#62,#1732,.T.);
#1734=SURFACE_CURVE('',#819,(#1416,#1486),.PCURVE_S1.);
#1735=EDGE_CURVE('OSCAD_TOPO/3|edge|e:a4dae105a8cc5fdad5bf4f3a4f8bd34e|39479f609a52bf47611a4379aa0ea61eef3fc5fbb2c86be1e544f0f33ca1ee8d',#60,#62,#1734,.T.);
#1736=SURFACE_CURVE('',#826,(#1431,#1461),.PCURVE_S1.);
#1737=EDGE_CURVE('OSCAD_TOPO/3|edge|e:deee089400d6e24baf1259bfb74184c1|de9cc06a77a2ab3c6dc2bb673ccac4f0e93e46b06a59f98959094b1e28a22f94',#56,#64,#1736,.T.);
#1738=SURFACE_CURVE('',#829,(#1436,#1506),.PCURVE_S1.);
#1739=EDGE_CURVE('OSCAD_TOPO/3|edge|e:1e16e75e66f6b69f9ab065ce58bbee3c|274b9f80f1be691d181e1974170f3d0601e7ee410cd516196c1549c0f138ebae',#62,#64,#1738,.T.);
#1740=SURFACE_CURVE('',#832,(#1456,#1526),.PCURVE_S1.);
#1741=EDGE_CURVE('OSCAD_TOPO/3|edge|e:fee5d826cf6373057d461c3440f577b7|52be97878757333226e43518d3b83d6d2549f72b75649de46e8e78d006e8e3e3',#58,#64,#1740,.T.);
#1742=SURFACE_CURVE('',#839,(#1471,#1501),.PCURVE_S1.);
#1743=EDGE_CURVE('OSCAD_TOPO/3|edge|e:da9b5f138b3cbd5db6ca38c0828757e3|ce0ef4b9d2595ae1439a4e216393461489fb2cb758e9ecb52e931afcb7bd6066',#60,#68,#1742,.T.);
#1744=SURFACE_CURVE('',#842,(#1476,#1546),.PCURVE_S1.);
#1745=EDGE_CURVE('OSCAD_TOPO/3|edge|e:c0e31ffa3dc85110f54e5408d6c6dd22|8badba0583d3e2423726c8dff16af322247ce303cbf02ea800317a8a5adb9a7b',#66,#68,#1744,.T.);
#1746=SURFACE_CURVE('',#849,(#1481,#1531),.PCURVE_S1.);
#1747=EDGE_CURVE('OSCAD_TOPO/3|edge|e:3daca24fb4c5fbfa0089715088dd13be|5f27dcddde440d082dd8764cfc551ead2ddff6b17d5b49b72aa8e4d670d6f483',#58,#66,#1746,.T.);
#1748=SURFACE_CURVE('',#856,(#1491,#1521),.PCURVE_S1.);
#1749=EDGE_CURVE('OSCAD_TOPO/3|edge|e:1148bb2bdba1c855e43fba08e12f27d9|19c7029e7c53adc340f0a6871293ace4046cd0fce22f2c903c78fb7cb01cc4b0',#62,#70,#1748,.T.);
#1750=SURFACE_CURVE('',#859,(#1496,#1566),.PCURVE_S1.);
#1751=EDGE_CURVE('OSCAD_TOPO/3|edge|e:63f0f1af24a00233a3e4e87b8ef3ad9b|d33ddfa557c0622c40b0f6b7f7b615723f0ffd8ecacf4e3791c8b5fa0e472445',#68,#70,#1750,.T.);
#1752=SURFACE_CURVE('',#866,(#1511,#1541),.PCURVE_S1.);
#1753=EDGE_CURVE('OSCAD_TOPO/3|edge|e:86990310c4119f2514cfee83f182388a|70f4cb7e3a48685815342d334edf9d3606b46726202be43fed40797e34e5dc1d',#64,#72,#1752,.T.);
#1754=SURFACE_CURVE('',#869,(#1516,#1586),.PCURVE_S1.);
#1755=EDGE_CURVE('OSCAD_TOPO/3|edge|e:0f49b56b67f92f3ff06ff8a1be891437|e6960d5b221c5e1bf4c3583d9c76c735a50a7806240794c0579d2a39b1690597',#70,#72,#1754,.T.);
#1756=SURFACE_CURVE('',#872,(#1536,#1606),.PCURVE_S1.);
#1757=EDGE_CURVE('OSCAD_TOPO/3|edge|e:5e69858331ddc4260932ac9b610805e9|82ee3f4f5c2dfdf993e05dd1ad09a1cc323531185e09a798c7f4d7775771011c',#66,#72,#1756,.T.);
#1758=SURFACE_CURVE('',#879,(#1551,#1581),.PCURVE_S1.);
#1759=EDGE_CURVE('OSCAD_TOPO/3|edge|e:962a6ce1b7440b105ed5e4a12db5c8ab|545875d997575e2ec1aa604d8fb45361f0a8eb4fe26c5d82ea9dfba75afea67a',#4,#68,#1758,.T.);
#1760=SURFACE_CURVE('',#886,(#1561,#1611),.PCURVE_S1.);
#1761=EDGE_CURVE('OSCAD_TOPO/3|edge|e:64605eb91d551c669b2159de830f09d9|af28778caf9a70b9ea837efb79ad311dc6cc8f900d4c359fb4c8d2d46aecf8bd',#2,#66,#1760,.T.);
#1762=SURFACE_CURVE('',#893,(#1571,#1601),.PCURVE_S1.);
#1763=EDGE_CURVE('OSCAD_TOPO/3|edge|e:01e83357cf937a652eb2c2df6665b6fe|d308f555b0341750c5c92c0395a51b0601ff75225432019d7444ea56e370d36b',#6,#70,#1762,.T.);
#1764=SURFACE_CURVE('',#900,(#1591,#1621),.PCURVE_S1.);
#1765=EDGE_CURVE('OSCAD_TOPO/3|edge|e:471b43548271646d1e543b24a5e9e61c|b3decd1f5472de553f59ce17f8176b6586c44fbf19c21ecb3ed579980a4eb625',#8,#72,#1764,.T.);
#1766=ORIENTED_EDGE('',*,*,#1623,.T.);
#1767=ORIENTED_EDGE('',*,*,#1625,.T.);
#1768=ORIENTED_EDGE('',*,*,#1627,.F.);
#1769=ORIENTED_EDGE('',*,*,#1629,.F.);
#1770=EDGE_LOOP('OSCAD_TOPO/3|loop|l:8e087094659b5fc9bf05d164dbf58f7a|3f88386782508e93ba87dc6e92397ca437b65081cf70fd6b3c3aee1f59b7fa33',(#1766,#1767,#1768,#1769));
#1771=ORIENTED_EDGE('',*,*,#1631,.T.);
#1772=ORIENTED_EDGE('',*,*,#1633,.T.);
#1773=ORIENTED_EDGE('',*,*,#1635,.F.);
#1774=ORIENTED_EDGE('',*,*,#1625,.F.);
#1775=EDGE_LOOP('OSCAD_TOPO/3|loop|l:b92040edef9a12cd8dd917e20d9df875|724b5234f9d96cffa7c3133b7b661914f912307d359850db9833d53f2d256258',(#1771,#1772,#1773,#1774));
#1776=ORIENTED_EDGE('',*,*,#1637,.T.);
#1777=ORIENTED_EDGE('',*,*,#1639,.T.);
#1778=ORIENTED_EDGE('',*,*,#1641,.F.);
#1779=ORIENTED_EDGE('',*,*,#1633,.F.);
#1780=EDGE_LOOP('OSCAD_TOPO/3|loop|l:05249647b5deb728966615026fabbe62|05efc101b9f41c510b9ea640b1f1d7055bd928c0e190f50c522d20369804dedb',(#1776,#1777,#1778,#1779));
#1781=ORIENTED_EDGE('',*,*,#1643,.F.);
#1782=ORIENTED_EDGE('',*,*,#1629,.T.);
#1783=ORIENTED_EDGE('',*,*,#1645,.T.);
#1784=ORIENTED_EDGE('',*,*,#1639,.F.);
#1785=EDGE_LOOP('OSCAD_TOPO/3|loop|l:0fd7e8d7e26e9802d19442787841ac97|b014934b06c77b33397e8b6989a315cbb46dfcb43e093b86f7c2f9981c286779',(#1781,#1782,#1783,#1784));
#1786=ORIENTED_EDGE('',*,*,#1627,.T.);
#1787=ORIENTED_EDGE('',*,*,#1647,.T.);
#1788=ORIENTED_EDGE('',*,*,#1649,.F.);
#1789=ORIENTED_EDGE('',*,*,#1651,.F.);
#1790=EDGE_LOOP('OSCAD_TOPO/3|loop|l:93d55655953fc3b3f405f49dff5f9c48|4cf5837cfdf64a103ef88a60fd56f8c9891cc71e0dbd08d34ef39c1a0281e130',(#1786,#1787,#1788,#1789));
#1791=ORIENTED_EDGE('',*,*,#1635,.T.);
#1792=ORIENTED_EDGE('',*,*,#1653,.T.);
#1793=ORIENTED_EDGE('',*,*,#1655,.F.);
#1794=ORIENTED_EDGE('',*,*,#1647,.F.);
#1795=EDGE_LOOP('OSCAD_TOPO/3|loop|l:b4ca7ddfe07802af93c419e436ede4de|76b9fc68cdad6c18a7e66bef73e4b3fbf1158776615014b21b15fdf5374d3632',(#1791,#1792,#1793,#1794));
#1796=ORIENTED_EDGE('',*,*,#1641,.T.);
#1797=ORIENTED_EDGE('',*,*,#1657,.T.);
#1798=ORIENTED_EDGE('',*,*,#1659,.F.);
#1799=ORIENTED_EDGE('',*,*,#1653,.F.);
#1800=EDGE_LOOP('OSCAD_TOPO/3|loop|l:25399916ab9798423c7e2bb67516d0d5|607db88261bcbed18001150b9b12186a220ff82c48f31d1ee925ac63dc169032',(#1796,#1797,#1798,#1799));
#1801=ORIENTED_EDGE('',*,*,#1645,.F.);
#1802=ORIENTED_EDGE('',*,*,#1651,.T.);
#1803=ORIENTED_EDGE('',*,*,#1661,.T.);
#1804=ORIENTED_EDGE('',*,*,#1657,.F.);
#1805=EDGE_LOOP('OSCAD_TOPO/3|loop|l:963aaee98a65c8c993377278cfaccad2|318a416b2d8dddcf7d1e4e366d8da6bf4d3acedd4c7ed64a27aa006656bebf00',(#1801,#1802,#1803,#1804));
#1806=ORIENTED_EDGE('',*,*,#1649,.T.);
#1807=ORIENTED_EDGE('',*,*,#1663,.T.);
#1808=ORIENTED_EDGE('',*,*,#1665,.F.);
#1809=ORIENTED_EDGE('',*,*,#1667,.F.);
#1810=EDGE_LOOP('OSCAD_TOPO/3|loop|l:d1db23c7bbf343ff9abfb84eac2ca17d|1204d1c73e31afbd6023cdb99aaa854889bb4e78a2c4542c311acae49aae894a',(#1806,#1807,#1808,#1809));
#1811=ORIENTED_EDGE('',*,*,#1655,.T.);
#1812=ORIENTED_EDGE('',*,*,#1669,.T.);
#1813=ORIENTED_EDGE('',*,*,#1671,.F.);
#1814=ORIENTED_EDGE('',*,*,#1663,.F.);
#1815=EDGE_LOOP('OSCAD_TOPO/3|loop|l:abda7bdc5a51c793913c7cd3ea223831|846e0c611c9d0372e963a509af989bd3375e98e7eabff13216e2368da860c7ec',(#1811,#1812,#1813,#1814));
#1816=ORIENTED_EDGE('',*,*,#1659,.T.);
#1817=ORIENTED_EDGE('',*,*,#1673,.T.);
#1818=ORIENTED_EDGE('',*,*,#1675,.F.);
#1819=ORIENTED_EDGE('',*,*,#1669,.F.);
#1820=EDGE_LOOP('OSCAD_TOPO/3|loop|l:c1cbd34092a2d7d18c8ab757c4b6abbc|3d6fd14aba0cb1f60d8287cea897c8697ccbea24bb17dfa8ba4ac2ee52b9d27f',(#1816,#1817,#1818,#1819));
#1821=ORIENTED_EDGE('',*,*,#1661,.F.);
#1822=ORIENTED_EDGE('',*,*,#1667,.T.);
#1823=ORIENTED_EDGE('',*,*,#1677,.T.);
#1824=ORIENTED_EDGE('',*,*,#1673,.F.);
#1825=EDGE_LOOP('OSCAD_TOPO/3|loop|l:0ed1309f7913e209a0999a2fe75a7391|525defa9db80415ae6067d6a9b7cc62d15d04d61c7cf132eec28975bcc54415a',(#1821,#1822,#1823,#1824));
#1826=ORIENTED_EDGE('',*,*,#1665,.T.);
#1827=ORIENTED_EDGE('',*,*,#1679,.T.);
#1828=ORIENTED_EDGE('',*,*,#1681,.F.);
#1829=ORIENTED_EDGE('',*,*,#1683,.F.);
#1830=EDGE_LOOP('OSCAD_TOPO/3|loop|l:cdea2dc34a9ee60026daeee8dcc970de|3019f24216ac40caa5e5d74af5a60d28095ee73c226ec1c79e4cd577c5ccd618',(#1826,#1827,#1828,#1829));
#1831=ORIENTED_EDGE('',*,*,#1671,.T.);
#1832=ORIENTED_EDGE('',*,*,#1685,.T.);
#1833=ORIENTED_EDGE('',*,*,#1687,.F.);
#1834=ORIENTED_EDGE('',*,*,#1679,.F.);
#1835=EDGE_LOOP('OSCAD_TOPO/3|loop|l:2d16e3cd8b8c2c5444d2b51a2380525d|f8c316100b4fc9697c12d0a8d5dea56814f5fe3af17c3c43eb8ae7e410f6d4ac',(#1831,#1832,#1833,#1834));
#1836=ORIENTED_EDGE('',*,*,#1675,.T.);
#1837=ORIENTED_EDGE('',*,*,#1689,.T.);
#1838=ORIENTED_EDGE('',*,*,#1691,.F.);
#1839=ORIENTED_EDGE('',*,*,#1685,.F.);
#1840=EDGE_LOOP('OSCAD_TOPO/3|loop|l:b35827eb2df903d1c0070dd77c64cf49|569df4fa356f416f90f0f65aae68983a580cff6078059d918e01e223ccc1c97a',(#1836,#1837,#1838,#1839));
#1841=ORIENTED_EDGE('',*,*,#1677,.F.);
#1842=ORIENTED_EDGE('',*,*,#1683,.T.);
#1843=ORIENTED_EDGE('',*,*,#1693,.T.);
#1844=ORIENTED_EDGE('',*,*,#1689,.F.);
#1845=EDGE_LOOP('OSCAD_TOPO/3|loop|l:839e19fd8317e4b27050fde04158e966|84c9f2c08f6a8883bf689a85df3f27ce63ae709c979895d0987ea81977e3202a',(#1841,#1842,#1843,#1844));
#1846=ORIENTED_EDGE('',*,*,#1681,.T.);
#1847=ORIENTED_EDGE('',*,*,#1695,.T.);
#1848=ORIENTED_EDGE('',*,*,#1697,.F.);
#1849=ORIENTED_EDGE('',*,*,#1699,.F.);
#1850=EDGE_LOOP('OSCAD_TOPO/3|loop|l:16a7f50581641cf7dbf2107e455df0ab|860bbbe02fc2bf9051d79c577788870c268d53ae6b86fbc162d7f444bfaf2a85',(#1846,#1847,#1848,#1849));
#1851=ORIENTED_EDGE('',*,*,#1687,.T.);
#1852=ORIENTED_EDGE('',*,*,#1701,.T.);
#1853=ORIENTED_EDGE('',*,*,#1703,.F.);
#1854=ORIENTED_EDGE('',*,*,#1695,.F.);
#1855=EDGE_LOOP('OSCAD_TOPO/3|loop|l:096a9939d43a3e2483ffd21619acc369|bdceab135831ed35779422b7dda4cafc1a133865f739f90951b6edcf45f78a0b',(#1851,#1852,#1853,#1854));
#1856=ORIENTED_EDGE('',*,*,#1691,.T.);
#1857=ORIENTED_EDGE('',*,*,#1705,.T.);
#1858=ORIENTED_EDGE('',*,*,#1707,.F.);
#1859=ORIENTED_EDGE('',*,*,#1701,.F.);
#1860=EDGE_LOOP('OSCAD_TOPO/3|loop|l:ba285e3e70d88bb4583ec03477a188af|3638f5c8d9e31ce002029f03106693b12b2063ce345d0d81780aa53313ebdf21',(#1856,#1857,#1858,#1859));
#1861=ORIENTED_EDGE('',*,*,#1693,.F.);
#1862=ORIENTED_EDGE('',*,*,#1699,.T.);
#1863=ORIENTED_EDGE('',*,*,#1709,.T.);
#1864=ORIENTED_EDGE('',*,*,#1705,.F.);
#1865=EDGE_LOOP('OSCAD_TOPO/3|loop|l:55bf46724c2ad2c62d136de710a47379|99b439724569721a864f919895e73b3beba65e2cf281dc9b8bec296aaf272aaf',(#1861,#1862,#1863,#1864));
#1866=ORIENTED_EDGE('',*,*,#1697,.T.);
#1867=ORIENTED_EDGE('',*,*,#1711,.T.);
#1868=ORIENTED_EDGE('',*,*,#1713,.F.);
#1869=ORIENTED_EDGE('',*,*,#1715,.F.);
#1870=EDGE_LOOP('OSCAD_TOPO/3|loop|l:d8e3526e85587e66bb01e01c01b9607c|996b1ab5fdc53c1733f21bf09a66c52573c607fb706d3c0afa02799953a505cf',(#1866,#1867,#1868,#1869));
#1871=ORIENTED_EDGE('',*,*,#1703,.T.);
#1872=ORIENTED_EDGE('',*,*,#1717,.T.);
#1873=ORIENTED_EDGE('',*,*,#1719,.F.);
#1874=ORIENTED_EDGE('',*,*,#1711,.F.);
#1875=EDGE_LOOP('OSCAD_TOPO/3|loop|l:a924d74ea2c17998c72976a2e06f94d4|070581928f44e71331f22eaae3ad2e9f87bbcfcfcf329e4095f7702ab8861668',(#1871,#1872,#1873,#1874));
#1876=ORIENTED_EDGE('',*,*,#1707,.T.);
#1877=ORIENTED_EDGE('',*,*,#1721,.T.);
#1878=ORIENTED_EDGE('',*,*,#1723,.F.);
#1879=ORIENTED_EDGE('',*,*,#1717,.F.);
#1880=EDGE_LOOP('OSCAD_TOPO/3|loop|l:245d7697b9c64bfd6653db29ed9701ae|628911985396e82a0ae7631134bc9249e992e6737db0c6f3ff2cdc5e8144b1ea',(#1876,#1877,#1878,#1879));
#1881=ORIENTED_EDGE('',*,*,#1709,.F.);
#1882=ORIENTED_EDGE('',*,*,#1715,.T.);
#1883=ORIENTED_EDGE('',*,*,#1725,.T.);
#1884=ORIENTED_EDGE('',*,*,#1721,.F.);
#1885=EDGE_LOOP('OSCAD_TOPO/3|loop|l:5eb4732e7deb811f9fe17c2856f62f3c|63404862830a22d987d753f2b6f242d6b8874b35e4038a5bbaa6c3d2940bf7e6',(#1881,#1882,#1883,#1884));
#1886=ORIENTED_EDGE('',*,*,#1713,.T.);
#1887=ORIENTED_EDGE('',*,*,#1727,.T.);
#1888=ORIENTED_EDGE('',*,*,#1729,.F.);
#1889=ORIENTED_EDGE('',*,*,#1731,.F.);
#1890=EDGE_LOOP('OSCAD_TOPO/3|loop|l:bd6c4d2fc429b806f19035ae7ebd9786|fb4f0867ef75a0f85137309a3ac6badce59476078dbc57114bb16906fa0e018b',(#1886,#1887,#1888,#1889));
#1891=ORIENTED_EDGE('',*,*,#1719,.T.);
#1892=ORIENTED_EDGE('',*,*,#1733,.T.);
#1893=ORIENTED_EDGE('',*,*,#1735,.F.);
#1894=ORIENTED_EDGE('',*,*,#1727,.F.);
#1895=EDGE_LOOP('OSCAD_TOPO/3|loop|l:8f0bdc56feee0bc15b8af2858a1fa316|0180cd6f054216ffdfb3c56f414e2b3773f9749db9d84494437f56c95244620a',(#1891,#1892,#1893,#1894));
#1896=ORIENTED_EDGE('',*,*,#1723,.T.);
#1897=ORIENTED_EDGE('',*,*,#1737,.T.);
#1898=ORIENTED_EDGE('',*,*,#1739,.F.);
#1899=ORIENTED_EDGE('',*,*,#1733,.F.);
#1900=EDGE_LOOP('OSCAD_TOPO/3|loop|l:e34376953b3f6153e72f1b432e3d6829|c25f87b72acb3579a51f041caa14ccefff510e0efcd0064406a91ba2780ade23',(#1896,#1897,#1898,#1899));
#1901=ORIENTED_EDGE('',*,*,#1725,.F.);
#1902=ORIENTED_EDGE('',*,*,#1731,.T.);
#1903=ORIENTED_EDGE('',*,*,#1741,.T.);
#1904=ORIENTED_EDGE('',*,*,#1737,.F.);
#1905=EDGE_LOOP('OSCAD_TOPO/3|loop|l:5219ea5f8dda124df4a6d565a534459c|500abf47e8b4a481cb29b7dd07049feee44884ac30f236dc8bfa65b50a8a5a5c',(#1901,#1902,#1903,#1904));
#1906=ORIENTED_EDGE('',*,*,#1729,.T.);
#1907=ORIENTED_EDGE('',*,*,#1743,.T.);
#1908=ORIENTED_EDGE('',*,*,#1745,.F.);
#1909=ORIENTED_EDGE('',*,*,#1747,.F.);
#1910=EDGE_LOOP('OSCAD_TOPO/3|loop|l:66fef11ba0cde4b4b4e79e496e940246|7646380106b646efbcc3f756fc618895a601c2b99e4a1aea80f79bb6a53de10f',(#1906,#1907,#1908,#1909));
#1911=ORIENTED_EDGE('',*,*,#1735,.T.);
#1912=ORIENTED_EDGE('',*,*,#1749,.T.);
#1913=ORIENTED_EDGE('',*,*,#1751,.F.);
#1914=ORIENTED_EDGE('',*,*,#1743,.F.);
#1915=EDGE_LOOP('OSCAD_TOPO/3|loop|l:e401f6c00292e7301db1e5d8d738388e|ee28c5bfd610ee3ab26748e269ff9ee0bce2d8d6013868a9d013226c73b2b3cb',(#1911,#1912,#1913,#1914));
#1916=ORIENTED_EDGE('',*,*,#1739,.T.);
#1917=ORIENTED_EDGE('',*,*,#1753,.T.);
#1918=ORIENTED_EDGE('',*,*,#1755,.F.);
#1919=ORIENTED_EDGE('',*,*,#1749,.F.);
#1920=EDGE_LOOP('OSCAD_TOPO/3|loop|l:0339d994afe674074ae54a1a2ce38388|e507ef349706dc9a4e45f252e44a6f4d7f468efd8ad930a485e78719870cd176',(#1916,#1917,#1918,#1919));
#1921=ORIENTED_EDGE('',*,*,#1741,.F.);
#1922=ORIENTED_EDGE('',*,*,#1747,.T.);
#1923=ORIENTED_EDGE('',*,*,#1757,.T.);
#1924=ORIENTED_EDGE('',*,*,#1753,.F.);
#1925=EDGE_LOOP('OSCAD_TOPO/3|loop|l:6f2c256dd129f69d63898e05356f92fc|75ec9abea030d6d15b149ab317c46c80e011d694cf88567455d0eee5d13c595f',(#1921,#1922,#1923,#1924));
#1926=ORIENTED_EDGE('',*,*,#1745,.T.);
#1927=ORIENTED_EDGE('',*,*,#1759,.F.);
#1928=ORIENTED_EDGE('',*,*,#1623,.F.);
#1929=ORIENTED_EDGE('',*,*,#1761,.T.);
#1930=EDGE_LOOP('OSCAD_TOPO/3|loop|l:31c6201048a649344791c1e0fb584bd4|ce88b5d1b34801c07b594a518de96ccf019e62e769e552589e1333472d21d57f',(#1926,#1927,#1928,#1929));
#1931=ORIENTED_EDGE('',*,*,#1751,.T.);
#1932=ORIENTED_EDGE('',*,*,#1763,.F.);
#1933=ORIENTED_EDGE('',*,*,#1631,.F.);
#1934=ORIENTED_EDGE('',*,*,#1759,.T.);
#1935=EDGE_LOOP('OSCAD_TOPO/3|loop|l:e60800e1031fd5e38c6904af78b75fb1|c89b44098ce94cbcd40fcb9c6c971e71b3be9f4fd22108fb8dbbf97d681e32b1',(#1931,#1932,#1933,#1934));
#1936=ORIENTED_EDGE('',*,*,#1755,.T.);
#1937=ORIENTED_EDGE('',*,*,#1765,.F.);
#1938=ORIENTED_EDGE('',*,*,#1637,.F.);
#1939=ORIENTED_EDGE('',*,*,#1763,.T.);
#1940=EDGE_LOOP('OSCAD_TOPO/3|loop|l:8ba7a087172a2c5c6fd4be6a2cc46943|46078f7e210dc9446a198df389e3d4f8903c56fbb2c825e168e69ac84cd3e2c5',(#1936,#1937,#1938,#1939));
#1941=ORIENTED_EDGE('',*,*,#1757,.F.);
#1942=ORIENTED_EDGE('',*,*,#1761,.F.);
#1943=ORIENTED_EDGE('',*,*,#1643,.T.);
#1944=ORIENTED_EDGE('',*,*,#1765,.T.);
#1945=EDGE_LOOP('OSCAD_TOPO/3|loop|l:d82829aa41d9f72d559ea9d09ec8ba1f|7467f761edabc765df5188cddd1c85541c7ea6b5b404c8d85d65755222512f11',(#1941,#1942,#1943,#1944));
#1946=FACE_OUTER_BOUND('',#1770,.T.);
#1947=ADVANCED_FACE('OSCAD_TOPO/3|face|f:c95c6ac8fdfa36b39a949eea4349c604|d20209f69c8b6adec262f02cbd383870d7824bfe75dd74f25096358903b62ce9',(#1946),#85,.T.);
#1948=FACE_OUTER_BOUND('',#1775,.T.);
#1949=ADVANCED_FACE('OSCAD_TOPO/3|face|f:ff2d2f29b42ef5cb39977ddcd73af5e3|a4b8764ae6e860332f59e167ed09452071b2a7dbee3259b138ffc035e371fd09',(#1948),#98,.T.);
#1950=FACE_OUTER_BOUND('',#1780,.T.);
#1951=ADVANCED_FACE('OSCAD_TOPO/3|face|f:5f28d14df065e19e39db647463625f09|2863abb179295c9967e8ea3301876970f7fc48418cac200645678e20cf234bb0',(#1950),#111,.T.);
#1952=FACE_OUTER_BOUND('',#1785,.T.);
#1953=ADVANCED_FACE('OSCAD_TOPO/3|face|f:c428f047bbcf904404a63dbe6b693314|e3f8f44f5410121454d22b8c998d7459889420f95540c1b6cd7da32d60cb74a2',(#1952),#124,.T.);
#1954=FACE_OUTER_BOUND('',#1790,.T.);
#1955=ADVANCED_FACE('OSCAD_TOPO/3|face|f:f20d461338d49e34c2a24619a5551330|d4c2cf067377252df711e4201229f9f0e73ff12bd96012d1ac025b46da68e939',(#1954),#137,.T.);
#1956=FACE_OUTER_BOUND('',#1795,.T.);
#1957=ADVANCED_FACE('OSCAD_TOPO/3|face|f:5aceec8a6442cde80bc1f9fd2d64baf3|e55bba4d7e502553f5eeac3f448ecae99a89436c78777e2aee8ea113c4f93b41',(#1956),#150,.T.);
#1958=FACE_OUTER_BOUND('',#1800,.T.);
#1959=ADVANCED_FACE('OSCAD_TOPO/3|face|f:dc2843245d3f9140269c8b8959f49f63|bd7a7e80b906109c546693e63a921d3ffb37027352f91ab040aa61908bcc2ef1',(#1958),#163,.T.);
#1960=FACE_OUTER_BOUND('',#1805,.T.);
#1961=ADVANCED_FACE('OSCAD_TOPO/3|face|f:15607e1b4bc39e77a223d7d053346e2d|2e1524fabf791d816b3e0290716a18a44c801b2627199fe4af4ae59f2d30494d',(#1960),#176,.T.);
#1962=FACE_OUTER_BOUND('',#1810,.T.);
#1963=ADVANCED_FACE('OSCAD_TOPO/3|face|f:16e71c4a9dd1d6d071b3f31e5cf354c7|00100cff97499c8cb9b5340cf508690a78cbeb8294e1e94c1c8322e0257cfc00',(#1962),#189,.T.);
#1964=FACE_OUTER_BOUND('',#1815,.T.);
#1965=ADVANCED_FACE('OSCAD_TOPO/3|face|f:d6ed7acc889597fc89f588507f958540|1a09f71cba448a68f1f0871df9d88220d673152fec7f653d7c6c796e2138b46a',(#1964),#202,.T.);
#1966=FACE_OUTER_BOUND('',#1820,.T.);
#1967=ADVANCED_FACE('OSCAD_TOPO/3|face|f:2deab5e2f4545c09a3541526694f32ad|d2bb8f096a1f35de8b440a45083c290daef612561590d5c3cc3745f8b5e5552c',(#1966),#215,.T.);
#1968=FACE_OUTER_BOUND('',#1825,.T.);
#1969=ADVANCED_FACE('OSCAD_TOPO/3|face|f:ce8d33bfe3879e7257b473e07cef028e|7ad7a00d46cd1a42fb873b784a797e7eb6b14ee5a17e4ea9a4719e9b70c6868c',(#1968),#228,.T.);
#1970=FACE_OUTER_BOUND('',#1830,.T.);
#1971=ADVANCED_FACE('OSCAD_TOPO/3|face|f:076c6aa193f3ec3b35560103bfa7608e|3bd2b4573266574fcd352fca6d7d2b0d4d50b264402f289584bd4c53a5161ff8',(#1970),#241,.T.);
#1972=FACE_OUTER_BOUND('',#1835,.T.);
#1973=ADVANCED_FACE('OSCAD_TOPO/3|face|f:a4fe8f2482037cddc7663eb1efcfff77|9696394e5489b61365faa466f08c7946337fecca3217e735b7b2f6fb8707957a',(#1972),#254,.T.);
#1974=FACE_OUTER_BOUND('',#1840,.T.);
#1975=ADVANCED_FACE('OSCAD_TOPO/3|face|f:d9633defd7265d99139b46efad44ea38|17769b164ea8db14f6294a4301905de97695232139d3c8e963de9bb31938864e',(#1974),#267,.T.);
#1976=FACE_OUTER_BOUND('',#1845,.T.);
#1977=ADVANCED_FACE('OSCAD_TOPO/3|face|f:b0d133ef2ad9547f0ff556a9a6d2c530|81e16692ce05eae065f2cb49e51fbd7d013698b23d58558ad7b72fb2dcc504e3',(#1976),#280,.T.);
#1978=FACE_OUTER_BOUND('',#1850,.T.);
#1979=ADVANCED_FACE('OSCAD_TOPO/3|face|f:f82098b63efdf7a6248efa4be7e3a452|fbdf0376fa24dda6d3b0bafe22c031cdace0b3864eb3c8badc609ffea2aa334c',(#1978),#293,.T.);
#1980=FACE_OUTER_BOUND('',#1855,.T.);
#1981=ADVANCED_FACE('OSCAD_TOPO/3|face|f:b5caaae14556864b5eb805307f4c712b|8ed2ade6cbb1acf4bb1e69206987fa70ae13d2a92b12cb933275d131a3546ee7',(#1980),#306,.T.);
#1982=FACE_OUTER_BOUND('',#1860,.T.);
#1983=ADVANCED_FACE('OSCAD_TOPO/3|face|f:b8d871c350ae1d0c5a1a881cfa2d35f5|00c8dd9f6aba7216a4217910758aa9b719d5b7616e756c8a7f8b9597c9b3eb87',(#1982),#319,.T.);
#1984=FACE_OUTER_BOUND('',#1865,.T.);
#1985=ADVANCED_FACE('OSCAD_TOPO/3|face|f:0376530e1033d806616c3b830cb1f359|1e110a8757c35aface2b2bccce62963eb16cb7aa1e1e7a71d05e9be5f3acd667',(#1984),#332,.T.);
#1986=FACE_OUTER_BOUND('',#1870,.T.);
#1987=ADVANCED_FACE('OSCAD_TOPO/3|face|f:8f8a0d741249aad38aef03ada8a80419|b76f930f3a744d9859a580b7801e0726e1111ec0a105cd74410783d627ec8a44',(#1986),#345,.T.);
#1988=FACE_OUTER_BOUND('',#1875,.T.);
#1989=ADVANCED_FACE('OSCAD_TOPO/3|face|f:0c4fb3bf40ca2aaca883ef78bc29a215|6c7c577b81b2b69d52e1ad374772e4e07811b1b17d38471e606f50761791f2fb',(#1988),#358,.T.);
#1990=FACE_OUTER_BOUND('',#1880,.T.);
#1991=ADVANCED_FACE('OSCAD_TOPO/3|face|f:3aed4c5f30bf895c02bb1018769fab78|ebdb4ddc9796869e273c3040a162b5840dbdd385bbc559306229250e0cc7adfd',(#1990),#371,.T.);
#1992=FACE_OUTER_BOUND('',#1885,.T.);
#1993=ADVANCED_FACE('OSCAD_TOPO/3|face|f:6e41bc5031205be095fffb998ad60bae|d3d5c87826e69c2093bf499ff0c479f0036b1e5f030c373018e6e5658777c78d',(#1992),#384,.T.);
#1994=FACE_OUTER_BOUND('',#1890,.T.);
#1995=ADVANCED_FACE('OSCAD_TOPO/3|face|f:344ebacd6449a7e2c69618e1a5aea882|b8470802d6cdd10f7570c12f2082b8f07fe5e1f27a28ea139fd8427a6ce58fd7',(#1994),#397,.T.);
#1996=FACE_OUTER_BOUND('',#1895,.T.);
#1997=ADVANCED_FACE('OSCAD_TOPO/3|face|f:17708c945b0cf76525433c9e407b40f3|de70d30b788ba1deb7329d6a4802f47d9705aed329ab3381aae1c17a1aee675f',(#1996),#410,.T.);
#1998=FACE_OUTER_BOUND('',#1900,.T.);
#1999=ADVANCED_FACE('OSCAD_TOPO/3|face|f:0f7058ba8b1086d13534d645036dcc80|75e83a44f789c53c34ed3f6e5583818ee12d99ae940a649df0f919769c7c1b47',(#1998),#423,.T.);
#2000=FACE_OUTER_BOUND('',#1905,.T.);
#2001=ADVANCED_FACE('OSCAD_TOPO/3|face|f:e408a71d95117e48a7d3a1cc9fbba563|1d6e274daa2076a31a86a5b1c232405e41a352bd61a8a1606fe03889f0e7055e',(#2000),#436,.T.);
#2002=FACE_OUTER_BOUND('',#1910,.T.);
#2003=ADVANCED_FACE('OSCAD_TOPO/3|face|f:104f18bcc82c5c3ad71634d900ec033a|ebea3bde50819aee6b545c5468830e86031105d054b2c4e700d9f2961c70e8a4',(#2002),#449,.T.);
#2004=FACE_OUTER_BOUND('',#1915,.T.);
#2005=ADVANCED_FACE('OSCAD_TOPO/3|face|f:0c90be89b86934371fc1108aaf16210c|4d34726f06733a77e4f217450026101fa57a86dac6297068e94d75d7033033f4',(#2004),#462,.T.);
#2006=FACE_OUTER_BOUND('',#1920,.T.);
#2007=ADVANCED_FACE('OSCAD_TOPO/3|face|f:4b7f59b901a7409f153b720ea7d1eee6|674f8b012b89c5954eec33a7b1c91cfa00dd9e5b5319b3a4002f05b43a5a3752',(#2006),#475,.T.);
#2008=FACE_OUTER_BOUND('',#1925,.T.);
#2009=ADVANCED_FACE('OSCAD_TOPO/3|face|f:e4e4d49717ff5ba88e787f88d6591de3|b1c6c44b8875899d820f051c0b756868fb289ec10cc35c9b5b17cb4cd2c4de00',(#2008),#488,.T.);
#2010=FACE_OUTER_BOUND('',#1930,.T.);
#2011=ADVANCED_FACE('OSCAD_TOPO/3|face|f:2ff2090d0a8e3d9162347770f427e226|809594c675c7413ac62fd8b2e7bff1af07d2ac04159d26ca0b79318a251b6663',(#2010),#501,.T.);
#2012=FACE_OUTER_BOUND('',#1935,.T.);
#2013=ADVANCED_FACE('OSCAD_TOPO/3|face|f:d59309a5a79651d0bb844350f1262a72|e4939edbbcf290b326c8447c90ccdc22418f7cf566689666cdbc097546073bb1',(#2012),#514,.T.);
#2014=FACE_OUTER_BOUND('',#1940,.T.);
#2015=ADVANCED_FACE('OSCAD_TOPO/3|face|f:eb7c7adc07f02370a230502ccac177ce|1cc29862419f898b489b67c0d6ff38046eff90200c17ec172577be8f48a333b0',(#2014),#527,.T.);
#2016=FACE_OUTER_BOUND('',#1945,.T.);
#2017=ADVANCED_FACE('OSCAD_TOPO/3|face|f:dcbcb2e194d8da4654659290baffc68e|75758f7d467d7b4d2fac196b85f2ee578251684937b4199bab531a2fd8875d9d',(#2016),#540,.T.);
#2018=CLOSED_SHELL('OSCAD_TOPO/3|shell|s:de7c66ea069b5c0d7079b9d16be192fb|1e455ac964e2833914ab76b9023f5b1fdf455e5a69b54c2d26d96732a86fa4d0',(#1947,#1949,#1951,#1953,#1955,#1957,#1959,#1961,#1963,#1965,#1967,#1969,#1971,#1973,#1975,#1977,#1979,#1981,#1983,#1985,#1987,#1989,#1991,#1993,#1995,#1997,#1999,#2001,#2003,#2005,#2007,#2009,#2011,#2013,#2015,#2017));
#2019=MANIFOLD_SOLID_BREP('OSCAD_TOPO/3|body|b:032f8533a99198540ca9b8f33c5686de|af2b474acfe5f33b0e189db00c679fc843dad01f70ebd7d60510e6d21f8522d0',#2018);
#2020=(LENGTH_UNIT()NAMED_UNIT(*)SI_UNIT(.MILLI.,.METRE.));
#2021=UNCERTAINTY_MEASURE_WITH_UNIT(LENGTH_MEASURE(9.99999999999999955E-8),#2020,'distance_accuracy_value','');
#2022=(GEOMETRIC_REPRESENTATION_CONTEXT(3)GLOBAL_UNCERTAINTY_ASSIGNED_CONTEXT((#2021))GLOBAL_UNIT_ASSIGNED_CONTEXT((#2020))REPRESENTATION_CONTEXT('','3D'));
#2023=ADVANCED_BREP_SHAPE_REPRESENTATION('',(#2019),#2022);
#2024=APPLICATION_CONTEXT('managed model based 3d engineering');
#2025=PRODUCT_CONTEXT('',#2024,'mechanical');
#2026=PRODUCT('model','model','',(#2025));
#2027=PRODUCT_DEFINITION_FORMATION('1','',#2026);
#2028=PRODUCT_DEFINITION_CONTEXT('part definition',#2024,'design');
#2029=PRODUCT_DEFINITION('design','',#2027,#2028);
#2030=PRODUCT_DEFINITION_SHAPE('','',#2029);
#2031=SHAPE_DEFINITION_REPRESENTATION(#2030,#2023);
ENDSEC;
END-ISO-10303-21;
