ISO-10303-21;
HEADER;
FILE_DESCRIPTION(('OpenSCAD Viewer retained AP242 B-rep'),'2;1');
FILE_NAME('model.step','',(''),(''),'OpenSCAD Viewer','OpenSCAD Viewer','');
FILE_SCHEMA(('AP242_MANAGED_MODEL_BASED_3D_ENGINEERING_MIM_LF'));
ENDSEC;
DATA;
#1=CARTESIAN_POINT('',(0.00000000000000000E0,1.12500000000000000E0,2.50000000000000000E-1));
#2=VERTEX_POINT('OSCAD_TOPO/3|vertex|v:d5eaff44a3f60570cd9983e2a910450c|36913e850cfa6f9de8981fee64eefbdea1ba357889454b001016a5bb61cad431',#1);
#3=CARTESIAN_POINT('',(-5.00000000000000000E-1,1.25000000000000000E-1,2.50000000000000000E-1));
#4=VERTEX_POINT('OSCAD_TOPO/3|vertex|v:57677d62170048e43321720c1ac6d3d3|1b136c3d5c1a1863716beaafb1659f5517084fff99c996343c2be8973737c01a',#3);
#5=CARTESIAN_POINT('',(0.00000000000000000E0,-8.75000000000000000E-1,2.50000000000000000E-1));
#6=VERTEX_POINT('OSCAD_TOPO/3|vertex|v:ad574429d422f7f239e2deaea7b07ac4|3f8b3f351566b41f4f8052d44fed90c4e8ddd21840dee7afdd43441090f1ede3',#5);
#7=CARTESIAN_POINT('',(5.00000000000000000E-1,1.25000000000000000E-1,2.50000000000000000E-1));
#8=VERTEX_POINT('OSCAD_TOPO/3|vertex|v:61ef2a457adce46b09b6b243b95753b7|972a56c4a64572c66ea169382f8094abf80064e70d2d4029d2db2308b31e0de5',#7);
#9=CARTESIAN_POINT('',(0.00000000000000000E0,5.24999999999636202E-1,2.50000000000000000E-1));
#10=VERTEX_POINT('OSCAD_TOPO/3|vertex|v:3ea20527fc412541edabb04711bbddf6|4a2e594101f1fcadbd0970b81e717611a5241edccbcaf71efc4000326c747f4e',#9);
#11=CARTESIAN_POINT('',(1.99999999999818101E-1,1.25000000000000000E-1,2.50000000000000000E-1));
#12=VERTEX_POINT('OSCAD_TOPO/3|vertex|v:5c5abea5eae2cdd8c1cde39804f028ea|45e442dfe26ffb401a03aa863fe5fd7e8ed9281074452e48a908a10887a24b9c',#11);
#13=CARTESIAN_POINT('',(0.00000000000000000E0,-2.74999999999636202E-1,2.50000000000000000E-1));
#14=VERTEX_POINT('OSCAD_TOPO/3|vertex|v:ee123bc5dd7018bb23f4ad6ea3a55981|c3af8e7d2cf8c5ac9145961051729c072edf292482e59cbc293f908561430e06',#13);
#15=CARTESIAN_POINT('',(-1.99999999999818101E-1,1.25000000000000000E-1,2.50000000000000000E-1));
#16=VERTEX_POINT('OSCAD_TOPO/3|vertex|v:bdaef854c7e44fd173a7d8fd73b3aebe|cd81503cac8e93a2691fb60975f178edf75fca4de472acde804fa6498360fc2f',#15);
#17=CARTESIAN_POINT('',(4.99506903233850608E-2,1.12389053227434488E0,5.25000000000000000E0));
#18=VERTEX_POINT('OSCAD_TOPO/3|vertex|v:15d1c0dc3aa9b4b445c004cb8234727c|e9833817af6b247f1856d4617265afbe580c9c299231dd0b8ef7d977d7b77697',#17);
#19=CARTESIAN_POINT('',(-4.93956826529938553E-1,1.47077032618653902E-1,5.25000000000000000E0));
#20=VERTEX_POINT('OSCAD_TOPO/3|vertex|v:b36551af84c08674fbbe0bb401eb859a|1ac40cc5d135c3e9d41a13e1e5e7eb2b99ba5a7b52a6469794647b68d624d454',#19);
#21=CARTESIAN_POINT('',(-3.88505369173799409E-2,-8.74137080657419574E-1,5.25000000000000000E0));
#22=VERTEX_POINT('OSCAD_TOPO/3|vertex|v:16eea5ff04448569bb1bb32154f6f03b|ba5f1ec506e2a1742137f012c3fbe5aa9d19011215a84459271f66f14efc9a1e',#21);
#23=CARTESIAN_POINT('',(5.05056979935943673E-1,1.02676418998271402E-1,5.25000000000000000E0));
#24=VERTEX_POINT('OSCAD_TOPO/3|vertex|v:2fbd738fba8746bf5bc2b89a2ea5f6fd|d88b9762e9e8b2f3811d3af1809e0df1862a6f54f96780fc87d35e6b879af08f',#23);
#25=CARTESIAN_POINT('',(2.33103221517012571E-2,5.24482248394633643E-1,5.25000000000000000E0));
#26=VERTEX_POINT('OSCAD_TOPO/3|vertex|v:39b2a249fcbec6441011ca1702e2d54e|ed9e727d18af3387c509bb1656d02f1cda3aee84aa18d06292bb31198db3cb88',#25);
#27=CARTESIAN_POINT('',(2.05352837996542803E-1,1.15996603084568051E-1,5.25000000000000000E0));
#28=VERTEX_POINT('OSCAD_TOPO/3|vertex|v:075d4c9e8f4570d70439db461e5024dc|a4d5c7798fd4ed368e61195204049787399f9ff0c6c89ba78575853961fffe94',#27);
#29=CARTESIAN_POINT('',(-1.22101687456961372E-2,-2.74728796777708340E-1,5.25000000000000000E0));
#30=VERTEX_POINT('OSCAD_TOPO/3|vertex|v:be431347763655f6bb98256cf122b58e|ef12a2fa50d7cad91e0d4ce3ab53fd50ef452d2771c693cc7e1cf2161aed8f9c',#29);
#31=CARTESIAN_POINT('',(-1.94252684590537683E-1,1.33756848532357253E-1,5.25000000000000000E0));
#32=VERTEX_POINT('OSCAD_TOPO/3|vertex|v:0942a929f5bfcebc058bd5455c5e3d7d|d4ebb18204fd62d5f3364379c4857f500d4394c233abe0e311bc32b76d0bfb27',#31);
#33=CARTESIAN_POINT('',(0.00000000000000000E0,1.12500000000000000E0,1.02500000000000000E1));
#34=VERTEX_POINT('OSCAD_TOPO/3|vertex|v:8265dd379ed731e1835d650f203e453d|d3b5cb9e40c656d51f6292904d8b2c8a4399f64a16b8e30686d91f1c4a3af0f4',#33);
#35=CARTESIAN_POINT('',(-5.00000000000000000E-1,1.25000000000000000E-1,1.02500000000000000E1));
#36=VERTEX_POINT('OSCAD_TOPO/3|vertex|v:7348ae2e0ef3cd4eea5cd7612b3f9811|9539eea5a9e35362a7735e328b813d3bc9fcf5194a994a7e29376825329dd753',#35);
#37=CARTESIAN_POINT('',(0.00000000000000000E0,-8.75000000000000000E-1,1.02500000000000000E1));
#38=VERTEX_POINT('OSCAD_TOPO/3|vertex|v:510321bce4a75eadab5ebd0652827513|542fce478b6ceb629aef2b15f36e0b30b148134319698b46abc5ca688cac8c0a',#37);
#39=CARTESIAN_POINT('',(5.00000000000000000E-1,1.25000000000000000E-1,1.02500000000000000E1));
#40=VERTEX_POINT('OSCAD_TOPO/3|vertex|v:0e30cb200b3750a346a07b1241e24f85|fec9e5c44d7e20db0bf2a8a1e1ef14449bb264d3bde7f08bc1021ceeb1b6a2b0',#39);
#41=CARTESIAN_POINT('',(0.00000000000000000E0,5.24999999999636202E-1,1.02500000000000000E1));
#42=VERTEX_POINT('OSCAD_TOPO/3|vertex|v:cb0370ca1b487a44a6d22fd6660daf27|7c9e9e642d0e1c5beb3863125859f25c54b4b189b72e9f0be6502e9614abb651',#41);
#43=CARTESIAN_POINT('',(1.99999999999818101E-1,1.25000000000000000E-1,1.02500000000000000E1));
#44=VERTEX_POINT('OSCAD_TOPO/3|vertex|v:d9e1cccaefc6b288c45858123cc67854|5cd96b436bea878bad84ef44d46362195e558e7c048a670aa0a007afa3429795',#43);
#45=CARTESIAN_POINT('',(0.00000000000000000E0,-2.74999999999636202E-1,1.02500000000000000E1));
#46=VERTEX_POINT('OSCAD_TOPO/3|vertex|v:18209fa80eacf8f75765b7ce142db80e|cb3cd1a0f9283190cf17dae107df90062db13e43bb7140d3df16cfe959ec86db',#45);
#47=CARTESIAN_POINT('',(-1.99999999999818101E-1,1.25000000000000000E-1,1.02500000000000000E1));
#48=VERTEX_POINT('OSCAD_TOPO/3|vertex|v:e54ca27fb41dcc784b76ca1051a7ecf6|fd2746a5c2481a9db929f8bb80a3b2c796d23fccf2cf290d3c75eaf1d8704907',#47);
#49=CARTESIAN_POINT('',(0.00000000000000000E0,1.12500000000000000E0,2.50000000000000000E-1));
#50=CARTESIAN_POINT('',(9.99013806449511321E-3,1.12477810645486898E0,1.25000000000000000E0));
#51=CARTESIAN_POINT('',(1.99802761289902264E-2,1.12455621290973795E0,2.25000000000000000E0));
#52=CARTESIAN_POINT('',(4.99506903233850608E-2,1.12389053227434488E0,3.25000000000000000E0));
#53=CARTESIAN_POINT('',(4.99506903233850608E-2,1.12389053227434488E0,4.25000000000000000E0));
#54=CARTESIAN_POINT('',(4.99506903233850608E-2,1.12389053227434488E0,5.25000000000000000E0));
#55=CARTESIAN_POINT('',(-5.00000000000000000E-1,1.12500000000000000E0,2.50000000000000000E-1));
#56=CARTESIAN_POINT('',(-4.89911242581911210E-1,1.12921816781681628E0,1.25000000000000000E0));
#57=CARTESIAN_POINT('',(-4.79822485163822421E-1,1.13343633563363255E0,2.25000000000000000E0));
#58=CARTESIAN_POINT('',(-4.49556212909556052E-1,1.14609083908453613E0,3.25000000000000000E0));
#59=CARTESIAN_POINT('',(-4.49556212909556052E-1,1.14609083908453613E0,4.25000000000000000E0));
#60=CARTESIAN_POINT('',(-4.49556212909556052E-1,1.14609083908453613E0,5.25000000000000000E0));
#61=CARTESIAN_POINT('',(-5.00000000000000000E-1,1.25000000000000000E-1,2.50000000000000000E-1));
#62=CARTESIAN_POINT('',(-4.98791365305805812E-1,1.29415406523548882E-1,1.25000000000000000E0));
#63=CARTESIAN_POINT('',(-4.97582730611611623E-1,1.33830813047097763E-1,2.25000000000000000E0));
#64=CARTESIAN_POINT('',(-4.93956826529938553E-1,1.47077032618653902E-1,3.25000000000000000E0));
#65=CARTESIAN_POINT('',(-4.93956826529938553E-1,1.47077032618653902E-1,4.25000000000000000E0));
#66=CARTESIAN_POINT('',(-4.93956826529938553E-1,1.47077032618653902E-1,5.25000000000000000E0));
#67=(BOUNDED_SURFACE()B_SPLINE_SURFACE(2,5,((#49,#50,#51,#52,#53,#54),(#55,#56,#57,#58,#59,#60),(#61,#62,#63,#64,#65,#66)),.UNSPECIFIED.,.F.,.F.,.F.)B_SPLINE_SURFACE_WITH_KNOTS((3,3),(6,6),(0.00000000000000000E0,1.00000000000000000E0),(0.00000000000000000E0,1.00000000000000000E0),.UNSPECIFIED.)GEOMETRIC_REPRESENTATION_ITEM()RATIONAL_B_SPLINE_SURFACE(((1.00000000000000000E0,1.00000000000000000E0,1.00000000000000000E0,1.00000000000000000E0,1.00000000000000000E0,1.00000000000000000E0),(7.07106781186547573E-1,7.07106781186547573E-1,7.07106781186547573E-1,7.07106781186547573E-1,7.07106781186547573E-1,7.07106781186547573E-1),(1.00000000000000000E0,1.00000000000000000E0,1.00000000000000000E0,1.00000000000000000E0,1.00000000000000000E0,1.00000000000000000E0)))REPRESENTATION_ITEM('')SURFACE());
#68=CARTESIAN_POINT('',(-5.00000000000000000E-1,1.25000000000000000E-1,2.50000000000000000E-1));
#69=CARTESIAN_POINT('',(-4.98791365305805812E-1,1.29415406523548882E-1,1.25000000000000000E0));
#70=CARTESIAN_POINT('',(-4.97582730611611623E-1,1.33830813047097763E-1,2.25000000000000000E0));
#71=CARTESIAN_POINT('',(-4.93956826529938553E-1,1.47077032618653902E-1,3.25000000000000000E0));
#72=CARTESIAN_POINT('',(-4.93956826529938553E-1,1.47077032618653902E-1,4.25000000000000000E0));
#73=CARTESIAN_POINT('',(-4.93956826529938553E-1,1.47077032618653902E-1,5.25000000000000000E0));
#74=CARTESIAN_POINT('',(-5.00000000000000000E-1,-8.75000000000000000E-1,2.50000000000000000E-1));
#75=CARTESIAN_POINT('',(-5.07671488029700413E-1,-8.70387354769718513E-1,1.25000000000000000E0));
#76=CARTESIAN_POINT('',(-5.15342976059400826E-1,-8.65774709539437026E-1,2.25000000000000000E0));
#77=CARTESIAN_POINT('',(-5.38357440150321054E-1,-8.51936773847228324E-1,3.25000000000000000E0));
#78=CARTESIAN_POINT('',(-5.38357440150321054E-1,-8.51936773847228324E-1,4.25000000000000000E0));
#79=CARTESIAN_POINT('',(-5.38357440150321054E-1,-8.51936773847228324E-1,5.25000000000000000E0));
#80=CARTESIAN_POINT('',(0.00000000000000000E0,-8.75000000000000000E-1,2.50000000000000000E-1));
#81=CARTESIAN_POINT('',(-7.77010738329408923E-3,-8.74827416131665814E-1,1.25000000000000000E0));
#82=CARTESIAN_POINT('',(-1.55402147665881785E-2,-8.74654832263331627E-1,2.25000000000000000E0));
#83=CARTESIAN_POINT('',(-3.88505369173799409E-2,-8.74137080657419574E-1,3.25000000000000000E0));
#84=CARTESIAN_POINT('',(-3.88505369173799409E-2,-8.74137080657419574E-1,4.25000000000000000E0));
#85=CARTESIAN_POINT('',(-3.88505369173799409E-2,-8.74137080657419574E-1,5.25000000000000000E0));
#86=(BOUNDED_SURFACE()B_SPLINE_SURFACE(2,5,((#68,#69,#70,#71,#72,#73),(#74,#75,#76,#77,#78,#79),(#80,#81,#82,#83,#84,#85)),.UNSPECIFIED.,.F.,.F.,.F.)B_SPLINE_SURFACE_WITH_KNOTS((3,3),(6,6),(0.00000000000000000E0,1.00000000000000000E0),(0.00000000000000000E0,1.00000000000000000E0),.UNSPECIFIED.)GEOMETRIC_REPRESENTATION_ITEM()RATIONAL_B_SPLINE_SURFACE(((1.00000000000000000E0,1.00000000000000000E0,1.00000000000000000E0,1.00000000000000000E0,1.00000000000000000E0,1.00000000000000000E0),(7.07106781186547573E-1,7.07106781186547573E-1,7.07106781186547573E-1,7.07106781186547573E-1,7.07106781186547573E-1,7.07106781186547573E-1),(1.00000000000000000E0,1.00000000000000000E0,1.00000000000000000E0,1.00000000000000000E0,1.00000000000000000E0,1.00000000000000000E0)))REPRESENTATION_ITEM('')SURFACE());
#87=CARTESIAN_POINT('',(0.00000000000000000E0,-8.75000000000000000E-1,2.50000000000000000E-1));
#88=CARTESIAN_POINT('',(-7.77010738329408923E-3,-8.74827416131665814E-1,1.25000000000000000E0));
#89=CARTESIAN_POINT('',(-1.55402147665881785E-2,-8.74654832263331627E-1,2.25000000000000000E0));
#90=CARTESIAN_POINT('',(-3.88505369173799409E-2,-8.74137080657419574E-1,3.25000000000000000E0));
#91=CARTESIAN_POINT('',(-3.88505369173799409E-2,-8.74137080657419574E-1,4.25000000000000000E0));
#92=CARTESIAN_POINT('',(-3.88505369173799409E-2,-8.74137080657419574E-1,5.25000000000000000E0));
#93=CARTESIAN_POINT('',(5.00000000000000000E-1,-8.75000000000000000E-1,2.50000000000000000E-1));
#94=CARTESIAN_POINT('',(4.92131273263112234E-1,-8.79267477493613114E-1,1.25000000000000000E0));
#95=CARTESIAN_POINT('',(4.84262546526224469E-1,-8.83534954987226229E-1,2.25000000000000000E0));
#96=CARTESIAN_POINT('',(4.60656366315561172E-1,-8.96337387467610824E-1,3.25000000000000000E0));
#97=CARTESIAN_POINT('',(4.60656366315561172E-1,-8.96337387467610824E-1,4.25000000000000000E0));
#98=CARTESIAN_POINT('',(4.60656366315561172E-1,-8.96337387467610824E-1,5.25000000000000000E0));
#99=CARTESIAN_POINT('',(5.00000000000000000E-1,1.25000000000000000E-1,2.50000000000000000E-1));
#100=CARTESIAN_POINT('',(5.01011395987006836E-1,1.20535283799654280E-1,1.25000000000000000E0));
#101=CARTESIAN_POINT('',(5.02022791974013671E-1,1.16070567599308561E-1,2.25000000000000000E0));
#102=CARTESIAN_POINT('',(5.05056979935943673E-1,1.02676418998271402E-1,3.25000000000000000E0));
#103=CARTESIAN_POINT('',(5.05056979935943673E-1,1.02676418998271402E-1,4.25000000000000000E0));
#104=CARTESIAN_POINT('',(5.05056979935943673E-1,1.02676418998271402E-1,5.25000000000000000E0));
#105=(BOUNDED_SURFACE()B_SPLINE_SURFACE(2,5,((#87,#88,#89,#90,#91,#92),(#93,#94,#95,#96,#97,#98),(#99,#100,#101,#102,#103,#104)),.UNSPECIFIED.,.F.,.F.,.F.)B_SPLINE_SURFACE_WITH_KNOTS((3,3),(6,6),(0.00000000000000000E0,1.00000000000000000E0),(0.00000000000000000E0,1.00000000000000000E0),.UNSPECIFIED.)GEOMETRIC_REPRESENTATION_ITEM()RATIONAL_B_SPLINE_SURFACE(((1.00000000000000000E0,1.00000000000000000E0,1.00000000000000000E0,1.00000000000000000E0,1.00000000000000000E0,1.00000000000000000E0),(7.07106781186547573E-1,7.07106781186547573E-1,7.07106781186547573E-1,7.07106781186547573E-1,7.07106781186547573E-1,7.07106781186547573E-1),(1.00000000000000000E0,1.00000000000000000E0,1.00000000000000000E0,1.00000000000000000E0,1.00000000000000000E0,1.00000000000000000E0)))REPRESENTATION_ITEM('')SURFACE());
#106=CARTESIAN_POINT('',(5.00000000000000000E-1,1.25000000000000000E-1,2.50000000000000000E-1));
#107=CARTESIAN_POINT('',(5.01011395987006836E-1,1.20535283799654280E-1,1.25000000000000000E0));
#108=CARTESIAN_POINT('',(5.02022791974013671E-1,1.16070567599308561E-1,2.25000000000000000E0));
#109=CARTESIAN_POINT('',(5.05056979935943673E-1,1.02676418998271402E-1,3.25000000000000000E0));
#110=CARTESIAN_POINT('',(5.05056979935943673E-1,1.02676418998271402E-1,4.25000000000000000E0));
#111=CARTESIAN_POINT('',(5.05056979935943673E-1,1.02676418998271402E-1,5.25000000000000000E0));
#112=CARTESIAN_POINT('',(5.00000000000000000E-1,1.12500000000000000E0,2.50000000000000000E-1));
#113=CARTESIAN_POINT('',(5.09891518710901437E-1,1.12033804509292167E0,1.25000000000000000E0));
#114=CARTESIAN_POINT('',(5.19783037421802874E-1,1.11567609018584335E0,2.25000000000000000E0));
#115=CARTESIAN_POINT('',(5.49457593556326174E-1,1.10169022546415363E0,3.25000000000000000E0));
#116=CARTESIAN_POINT('',(5.49457593556326174E-1,1.10169022546415363E0,4.25000000000000000E0));
#117=CARTESIAN_POINT('',(5.49457593556326174E-1,1.10169022546415363E0,5.25000000000000000E0));
#118=CARTESIAN_POINT('',(0.00000000000000000E0,1.12500000000000000E0,2.50000000000000000E-1));
#119=CARTESIAN_POINT('',(9.99013806449511321E-3,1.12477810645486898E0,1.25000000000000000E0));
#120=CARTESIAN_POINT('',(1.99802761289902264E-2,1.12455621290973795E0,2.25000000000000000E0));
#121=CARTESIAN_POINT('',(4.99506903233850608E-2,1.12389053227434488E0,3.25000000000000000E0));
#122=CARTESIAN_POINT('',(4.99506903233850608E-2,1.12389053227434488E0,4.25000000000000000E0));
#123=CARTESIAN_POINT('',(4.99506903233850608E-2,1.12389053227434488E0,5.25000000000000000E0));
#124=(BOUNDED_SURFACE()B_SPLINE_SURFACE(2,5,((#106,#107,#108,#109,#110,#111),(#112,#113,#114,#115,#116,#117),(#118,#119,#120,#121,#122,#123)),.UNSPECIFIED.,.F.,.F.,.F.)B_SPLINE_SURFACE_WITH_KNOTS((3,3),(6,6),(0.00000000000000000E0,1.00000000000000000E0),(0.00000000000000000E0,1.00000000000000000E0),.UNSPECIFIED.)GEOMETRIC_REPRESENTATION_ITEM()RATIONAL_B_SPLINE_SURFACE(((1.00000000000000000E0,1.00000000000000000E0,1.00000000000000000E0,1.00000000000000000E0,1.00000000000000000E0,1.00000000000000000E0),(7.07106781186547573E-1,7.07106781186547573E-1,7.07106781186547573E-1,7.07106781186547573E-1,7.07106781186547573E-1,7.07106781186547573E-1),(1.00000000000000000E0,1.00000000000000000E0,1.00000000000000000E0,1.00000000000000000E0,1.00000000000000000E0,1.00000000000000000E0)))REPRESENTATION_ITEM('')SURFACE());
#125=CARTESIAN_POINT('',(0.00000000000000000E0,5.24999999999636202E-1,2.50000000000000000E-1));
#126=CARTESIAN_POINT('',(4.66206443024930195E-3,5.24896449678635690E-1,1.25000000000000000E0));
#127=CARTESIAN_POINT('',(9.32412886049860390E-3,5.24792899357635179E-1,2.25000000000000000E0));
#128=CARTESIAN_POINT('',(2.33103221517012571E-2,5.24482248394633643E-1,3.25000000000000000E0));
#129=CARTESIAN_POINT('',(2.33103221517012571E-2,5.24482248394633643E-1,4.25000000000000000E0));
#130=CARTESIAN_POINT('',(2.33103221517012571E-2,5.24482248394633643E-1,5.25000000000000000E0));
#131=CARTESIAN_POINT('',(1.99999999999818101E-1,5.24999999999636202E-1,2.50000000000000000E-1));
#132=CARTESIAN_POINT('',(2.04622616688993730E-1,5.23120425134038669E-1,1.25000000000000000E0));
#133=CARTESIAN_POINT('',(2.09245233378169360E-1,5.21240850268441136E-1,2.25000000000000000E0));
#134=CARTESIAN_POINT('',(2.23113083445241500E-1,5.15602125670739042E-1,3.25000000000000000E0));
#135=CARTESIAN_POINT('',(2.23113083445241500E-1,5.15602125670739042E-1,4.25000000000000000E0));
#136=CARTESIAN_POINT('',(2.23113083445241500E-1,5.15602125670739042E-1,5.25000000000000000E0));
#137=CARTESIAN_POINT('',(1.99999999999818101E-1,1.25000000000000000E-1,2.50000000000000000E-1));
#138=CARTESIAN_POINT('',(2.01070567599344940E-1,1.23199320617004560E-1,1.25000000000000000E0));
#139=CARTESIAN_POINT('',(2.02141135198871780E-1,1.21398641234009119E-1,2.25000000000000000E0));
#140=CARTESIAN_POINT('',(2.05352837996542803E-1,1.15996603084568051E-1,3.25000000000000000E0));
#141=CARTESIAN_POINT('',(2.05352837996542803E-1,1.15996603084568051E-1,4.25000000000000000E0));
#142=CARTESIAN_POINT('',(2.05352837996542803E-1,1.15996603084568051E-1,5.25000000000000000E0));
#143=(BOUNDED_SURFACE()B_SPLINE_SURFACE(2,5,((#125,#126,#127,#128,#129,#130),(#131,#132,#133,#134,#135,#136),(#137,#138,#139,#140,#141,#142)),.UNSPECIFIED.,.F.,.F.,.F.)B_SPLINE_SURFACE_WITH_KNOTS((3,3),(6,6),(0.00000000000000000E0,1.00000000000000000E0),(0.00000000000000000E0,1.00000000000000000E0),.UNSPECIFIED.)GEOMETRIC_REPRESENTATION_ITEM()RATIONAL_B_SPLINE_SURFACE(((1.00000000000000000E0,1.00000000000000000E0,1.00000000000000000E0,1.00000000000000000E0,1.00000000000000000E0,1.00000000000000000E0),(7.07106781186547573E-1,7.07106781186547573E-1,7.07106781186547573E-1,7.07106781186547573E-1,7.07106781186547573E-1,7.07106781186547573E-1),(1.00000000000000000E0,1.00000000000000000E0,1.00000000000000000E0,1.00000000000000000E0,1.00000000000000000E0,1.00000000000000000E0)))REPRESENTATION_ITEM('')SURFACE());
#144=CARTESIAN_POINT('',(1.99999999999818101E-1,1.25000000000000000E-1,2.50000000000000000E-1));
#145=CARTESIAN_POINT('',(2.01070567599344940E-1,1.23199320617004560E-1,1.25000000000000000E0));
#146=CARTESIAN_POINT('',(2.02141135198871780E-1,1.21398641234009119E-1,2.25000000000000000E0));
#147=CARTESIAN_POINT('',(2.05352837996542803E-1,1.15996603084568051E-1,3.25000000000000000E0));
#148=CARTESIAN_POINT('',(2.05352837996542803E-1,1.15996603084568051E-1,4.25000000000000000E0));
#149=CARTESIAN_POINT('',(2.05352837996542803E-1,1.15996603084568051E-1,5.25000000000000000E0));
#150=CARTESIAN_POINT('',(1.99999999999818101E-1,-2.74999999999636202E-1,2.50000000000000000E-1));
#151=CARTESIAN_POINT('',(1.97518518509696150E-1,-2.76721783900029550E-1,1.25000000000000000E0));
#152=CARTESIAN_POINT('',(1.95037037019574200E-1,-2.78443567800422898E-1,2.25000000000000000E0));
#153=CARTESIAN_POINT('',(1.87592592547844106E-1,-2.83608919501602941E-1,3.25000000000000000E0));
#154=CARTESIAN_POINT('',(1.87592592547844106E-1,-2.83608919501602941E-1,4.25000000000000000E0));
#155=CARTESIAN_POINT('',(1.87592592547844106E-1,-2.83608919501602941E-1,5.25000000000000000E0));
#156=CARTESIAN_POINT('',(0.00000000000000000E0,-2.74999999999636202E-1,2.50000000000000000E-1));
#157=CARTESIAN_POINT('',(-2.44203374904827797E-3,-2.74945759355432529E-1,1.25000000000000000E0));
#158=CARTESIAN_POINT('',(-4.88406749809655594E-3,-2.74891518711228855E-1,2.25000000000000000E0));
#159=CARTESIAN_POINT('',(-1.22101687456961372E-2,-2.74728796777708340E-1,3.25000000000000000E0));
#160=CARTESIAN_POINT('',(-1.22101687456961372E-2,-2.74728796777708340E-1,4.25000000000000000E0));
#161=CARTESIAN_POINT('',(-1.22101687456961372E-2,-2.74728796777708340E-1,5.25000000000000000E0));
#162=(BOUNDED_SURFACE()B_SPLINE_SURFACE(2,5,((#144,#145,#146,#147,#148,#149),(#150,#151,#152,#153,#154,#155),(#156,#157,#158,#159,#160,#161)),.UNSPECIFIED.,.F.,.F.,.F.)B_SPLINE_SURFACE_WITH_KNOTS((3,3),(6,6),(0.00000000000000000E0,1.00000000000000000E0),(0.00000000000000000E0,1.00000000000000000E0),.UNSPECIFIED.)GEOMETRIC_REPRESENTATION_ITEM()RATIONAL_B_SPLINE_SURFACE(((1.00000000000000000E0,1.00000000000000000E0,1.00000000000000000E0,1.00000000000000000E0,1.00000000000000000E0,1.00000000000000000E0),(7.07106781186547573E-1,7.07106781186547573E-1,7.07106781186547573E-1,7.07106781186547573E-1,7.07106781186547573E-1,7.07106781186547573E-1),(1.00000000000000000E0,1.00000000000000000E0,1.00000000000000000E0,1.00000000000000000E0,1.00000000000000000E0,1.00000000000000000E0)))REPRESENTATION_ITEM('')SURFACE());
#163=CARTESIAN_POINT('',(0.00000000000000000E0,-2.74999999999636202E-1,2.50000000000000000E-1));
#164=CARTESIAN_POINT('',(-2.44203374904827797E-3,-2.74945759355432529E-1,1.25000000000000000E0));
#165=CARTESIAN_POINT('',(-4.88406749809655594E-3,-2.74891518711228855E-1,2.25000000000000000E0));
#166=CARTESIAN_POINT('',(-1.22101687456961372E-2,-2.74728796777708340E-1,3.25000000000000000E0));
#167=CARTESIAN_POINT('',(-1.22101687456961372E-2,-2.74728796777708340E-1,4.25000000000000000E0));
#168=CARTESIAN_POINT('',(-1.22101687456961372E-2,-2.74728796777708340E-1,5.25000000000000000E0));
#169=CARTESIAN_POINT('',(-1.99999999999818101E-1,-2.74999999999636202E-1,2.50000000000000000E-1));
#170=CARTESIAN_POINT('',(-2.02402586007792706E-1,-2.73169734810835507E-1,1.25000000000000000E0));
#171=CARTESIAN_POINT('',(-2.04805172015767312E-1,-2.71339469622034812E-1,2.25000000000000000E0));
#172=CARTESIAN_POINT('',(-2.12012930039236380E-1,-2.65848674053813738E-1,3.25000000000000000E0));
#173=CARTESIAN_POINT('',(-2.12012930039236380E-1,-2.65848674053813738E-1,4.25000000000000000E0));
#174=CARTESIAN_POINT('',(-2.12012930039236380E-1,-2.65848674053813738E-1,5.25000000000000000E0));
#175=CARTESIAN_POINT('',(-1.99999999999818101E-1,1.25000000000000000E-1,2.50000000000000000E-1));
#176=CARTESIAN_POINT('',(-1.98850536918143916E-1,1.26751369706198602E-1,1.25000000000000000E0));
#177=CARTESIAN_POINT('',(-1.97701073836469732E-1,1.28502739412397204E-1,2.25000000000000000E0));
#178=CARTESIAN_POINT('',(-1.94252684590537683E-1,1.33756848532357253E-1,3.25000000000000000E0));
#179=CARTESIAN_POINT('',(-1.94252684590537683E-1,1.33756848532357253E-1,4.25000000000000000E0));
#180=CARTESIAN_POINT('',(-1.94252684590537683E-1,1.33756848532357253E-1,5.25000000000000000E0));
#181=(BOUNDED_SURFACE()B_SPLINE_SURFACE(2,5,((#163,#164,#165,#166,#167,#168),(#169,#170,#171,#172,#173,#174),(#175,#176,#177,#178,#179,#180)),.UNSPECIFIED.,.F.,.F.,.F.)B_SPLINE_SURFACE_WITH_KNOTS((3,3),(6,6),(0.00000000000000000E0,1.00000000000000000E0),(0.00000000000000000E0,1.00000000000000000E0),.UNSPECIFIED.)GEOMETRIC_REPRESENTATION_ITEM()RATIONAL_B_SPLINE_SURFACE(((1.00000000000000000E0,1.00000000000000000E0,1.00000000000000000E0,1.00000000000000000E0,1.00000000000000000E0,1.00000000000000000E0),(7.07106781186547573E-1,7.07106781186547573E-1,7.07106781186547573E-1,7.07106781186547573E-1,7.07106781186547573E-1,7.07106781186547573E-1),(1.00000000000000000E0,1.00000000000000000E0,1.00000000000000000E0,1.00000000000000000E0,1.00000000000000000E0,1.00000000000000000E0)))REPRESENTATION_ITEM('')SURFACE());
#182=CARTESIAN_POINT('',(-1.99999999999818101E-1,1.25000000000000000E-1,2.50000000000000000E-1));
#183=CARTESIAN_POINT('',(-1.98850536918143916E-1,1.26751369706198602E-1,1.25000000000000000E0));
#184=CARTESIAN_POINT('',(-1.97701073836469732E-1,1.28502739412397204E-1,2.25000000000000000E0));
#185=CARTESIAN_POINT('',(-1.94252684590537683E-1,1.33756848532357253E-1,3.25000000000000000E0));
#186=CARTESIAN_POINT('',(-1.94252684590537683E-1,1.33756848532357253E-1,4.25000000000000000E0));
#187=CARTESIAN_POINT('',(-1.94252684590537683E-1,1.33756848532357253E-1,5.25000000000000000E0));
#188=CARTESIAN_POINT('',(-1.99999999999818101E-1,5.24999999999636202E-1,2.50000000000000000E-1));
#189=CARTESIAN_POINT('',(-1.95298487828495126E-1,5.26672474223232712E-1,1.25000000000000000E0));
#190=CARTESIAN_POINT('',(-1.90596975657172152E-1,5.28344948446829221E-1,2.25000000000000000E0));
#191=CARTESIAN_POINT('',(-1.76492439141838986E-1,5.33362371118528245E-1,3.25000000000000000E0));
#192=CARTESIAN_POINT('',(-1.76492439141838986E-1,5.33362371118528245E-1,4.25000000000000000E0));
#193=CARTESIAN_POINT('',(-1.76492439141838986E-1,5.33362371118528245E-1,5.25000000000000000E0));
#194=CARTESIAN_POINT('',(0.00000000000000000E0,5.24999999999636202E-1,2.50000000000000000E-1));
#195=CARTESIAN_POINT('',(4.66206443024930195E-3,5.24896449678635690E-1,1.25000000000000000E0));
#196=CARTESIAN_POINT('',(9.32412886049860390E-3,5.24792899357635179E-1,2.25000000000000000E0));
#197=CARTESIAN_POINT('',(2.33103221517012571E-2,5.24482248394633643E-1,3.25000000000000000E0));
#198=CARTESIAN_POINT('',(2.33103221517012571E-2,5.24482248394633643E-1,4.25000000000000000E0));
#199=CARTESIAN_POINT('',(2.33103221517012571E-2,5.24482248394633643E-1,5.25000000000000000E0));
#200=(BOUNDED_SURFACE()B_SPLINE_SURFACE(2,5,((#182,#183,#184,#185,#186,#187),(#188,#189,#190,#191,#192,#193),(#194,#195,#196,#197,#198,#199)),.UNSPECIFIED.,.F.,.F.,.F.)B_SPLINE_SURFACE_WITH_KNOTS((3,3),(6,6),(0.00000000000000000E0,1.00000000000000000E0),(0.00000000000000000E0,1.00000000000000000E0),.UNSPECIFIED.)GEOMETRIC_REPRESENTATION_ITEM()RATIONAL_B_SPLINE_SURFACE(((1.00000000000000000E0,1.00000000000000000E0,1.00000000000000000E0,1.00000000000000000E0,1.00000000000000000E0,1.00000000000000000E0),(7.07106781186547573E-1,7.07106781186547573E-1,7.07106781186547573E-1,7.07106781186547573E-1,7.07106781186547573E-1,7.07106781186547573E-1),(1.00000000000000000E0,1.00000000000000000E0,1.00000000000000000E0,1.00000000000000000E0,1.00000000000000000E0,1.00000000000000000E0)))REPRESENTATION_ITEM('')SURFACE());
#201=CARTESIAN_POINT('',(4.99506903233850608E-2,1.12389053227434488E0,5.25000000000000000E0));
#202=CARTESIAN_POINT('',(4.99506903233850608E-2,1.12389053227434488E0,6.25000000000000000E0));
#203=CARTESIAN_POINT('',(4.99506903233850608E-2,1.12389053227434488E0,7.25000000000000000E0));
#204=CARTESIAN_POINT('',(1.99802761289902264E-2,1.12455621290973795E0,8.25000000000000000E0));
#205=CARTESIAN_POINT('',(9.99013806449511321E-3,1.12477810645486898E0,9.25000000000000000E0));
#206=CARTESIAN_POINT('',(0.00000000000000000E0,1.12500000000000000E0,1.02500000000000000E1));
#207=CARTESIAN_POINT('',(-4.49556212909556052E-1,1.14609083908453613E0,5.25000000000000000E0));
#208=CARTESIAN_POINT('',(-4.49556212909556052E-1,1.14609083908453613E0,6.25000000000000000E0));
#209=CARTESIAN_POINT('',(-4.49556212909556052E-1,1.14609083908453613E0,7.25000000000000000E0));
#210=CARTESIAN_POINT('',(-4.79822485163822421E-1,1.13343633563363255E0,8.25000000000000000E0));
#211=CARTESIAN_POINT('',(-4.89911242581911210E-1,1.12921816781681628E0,9.25000000000000000E0));
#212=CARTESIAN_POINT('',(-5.00000000000000000E-1,1.12500000000000000E0,1.02500000000000000E1));
#213=CARTESIAN_POINT('',(-4.93956826529938553E-1,1.47077032618653902E-1,5.25000000000000000E0));
#214=CARTESIAN_POINT('',(-4.93956826529938553E-1,1.47077032618653902E-1,6.25000000000000000E0));
#215=CARTESIAN_POINT('',(-4.93956826529938553E-1,1.47077032618653902E-1,7.25000000000000000E0));
#216=CARTESIAN_POINT('',(-4.97582730611611623E-1,1.33830813047097763E-1,8.25000000000000000E0));
#217=CARTESIAN_POINT('',(-4.98791365305805812E-1,1.29415406523548882E-1,9.25000000000000000E0));
#218=CARTESIAN_POINT('',(-5.00000000000000000E-1,1.25000000000000000E-1,1.02500000000000000E1));
#219=(BOUNDED_SURFACE()B_SPLINE_SURFACE(2,5,((#201,#202,#203,#204,#205,#206),(#207,#208,#209,#210,#211,#212),(#213,#214,#215,#216,#217,#218)),.UNSPECIFIED.,.F.,.F.,.F.)B_SPLINE_SURFACE_WITH_KNOTS((3,3),(6,6),(0.00000000000000000E0,1.00000000000000000E0),(0.00000000000000000E0,1.00000000000000000E0),.UNSPECIFIED.)GEOMETRIC_REPRESENTATION_ITEM()RATIONAL_B_SPLINE_SURFACE(((1.00000000000000000E0,1.00000000000000000E0,1.00000000000000000E0,1.00000000000000000E0,1.00000000000000000E0,1.00000000000000000E0),(7.07106781186547573E-1,7.07106781186547573E-1,7.07106781186547573E-1,7.07106781186547573E-1,7.07106781186547573E-1,7.07106781186547573E-1),(1.00000000000000000E0,1.00000000000000000E0,1.00000000000000000E0,1.00000000000000000E0,1.00000000000000000E0,1.00000000000000000E0)))REPRESENTATION_ITEM('')SURFACE());
#220=CARTESIAN_POINT('',(-4.93956826529938553E-1,1.47077032618653902E-1,5.25000000000000000E0));
#221=CARTESIAN_POINT('',(-4.93956826529938553E-1,1.47077032618653902E-1,6.25000000000000000E0));
#222=CARTESIAN_POINT('',(-4.93956826529938553E-1,1.47077032618653902E-1,7.25000000000000000E0));
#223=CARTESIAN_POINT('',(-4.97582730611611623E-1,1.33830813047097763E-1,8.25000000000000000E0));
#224=CARTESIAN_POINT('',(-4.98791365305805812E-1,1.29415406523548882E-1,9.25000000000000000E0));
#225=CARTESIAN_POINT('',(-5.00000000000000000E-1,1.25000000000000000E-1,1.02500000000000000E1));
#226=CARTESIAN_POINT('',(-5.38357440150321054E-1,-8.51936773847228324E-1,5.25000000000000000E0));
#227=CARTESIAN_POINT('',(-5.38357440150321054E-1,-8.51936773847228324E-1,6.25000000000000000E0));
#228=CARTESIAN_POINT('',(-5.38357440150321054E-1,-8.51936773847228324E-1,7.25000000000000000E0));
#229=CARTESIAN_POINT('',(-5.15342976059400826E-1,-8.65774709539437026E-1,8.25000000000000000E0));
#230=CARTESIAN_POINT('',(-5.07671488029700413E-1,-8.70387354769718513E-1,9.25000000000000000E0));
#231=CARTESIAN_POINT('',(-5.00000000000000000E-1,-8.75000000000000000E-1,1.02500000000000000E1));
#232=CARTESIAN_POINT('',(-3.88505369173799409E-2,-8.74137080657419574E-1,5.25000000000000000E0));
#233=CARTESIAN_POINT('',(-3.88505369173799409E-2,-8.74137080657419574E-1,6.25000000000000000E0));
#234=CARTESIAN_POINT('',(-3.88505369173799409E-2,-8.74137080657419574E-1,7.25000000000000000E0));
#235=CARTESIAN_POINT('',(-1.55402147665881785E-2,-8.74654832263331627E-1,8.25000000000000000E0));
#236=CARTESIAN_POINT('',(-7.77010738329408923E-3,-8.74827416131665814E-1,9.25000000000000000E0));
#237=CARTESIAN_POINT('',(0.00000000000000000E0,-8.75000000000000000E-1,1.02500000000000000E1));
#238=(BOUNDED_SURFACE()B_SPLINE_SURFACE(2,5,((#220,#221,#222,#223,#224,#225),(#226,#227,#228,#229,#230,#231),(#232,#233,#234,#235,#236,#237)),.UNSPECIFIED.,.F.,.F.,.F.)B_SPLINE_SURFACE_WITH_KNOTS((3,3),(6,6),(0.00000000000000000E0,1.00000000000000000E0),(0.00000000000000000E0,1.00000000000000000E0),.UNSPECIFIED.)GEOMETRIC_REPRESENTATION_ITEM()RATIONAL_B_SPLINE_SURFACE(((1.00000000000000000E0,1.00000000000000000E0,1.00000000000000000E0,1.00000000000000000E0,1.00000000000000000E0,1.00000000000000000E0),(7.07106781186547573E-1,7.07106781186547573E-1,7.07106781186547573E-1,7.07106781186547573E-1,7.07106781186547573E-1,7.07106781186547573E-1),(1.00000000000000000E0,1.00000000000000000E0,1.00000000000000000E0,1.00000000000000000E0,1.00000000000000000E0,1.00000000000000000E0)))REPRESENTATION_ITEM('')SURFACE());
#239=CARTESIAN_POINT('',(-3.88505369173799409E-2,-8.74137080657419574E-1,5.25000000000000000E0));
#240=CARTESIAN_POINT('',(-3.88505369173799409E-2,-8.74137080657419574E-1,6.25000000000000000E0));
#241=CARTESIAN_POINT('',(-3.88505369173799409E-2,-8.74137080657419574E-1,7.25000000000000000E0));
#242=CARTESIAN_POINT('',(-1.55402147665881785E-2,-8.74654832263331627E-1,8.25000000000000000E0));
#243=CARTESIAN_POINT('',(-7.77010738329408923E-3,-8.74827416131665814E-1,9.25000000000000000E0));
#244=CARTESIAN_POINT('',(0.00000000000000000E0,-8.75000000000000000E-1,1.02500000000000000E1));
#245=CARTESIAN_POINT('',(4.60656366315561172E-1,-8.96337387467610824E-1,5.25000000000000000E0));
#246=CARTESIAN_POINT('',(4.60656366315561172E-1,-8.96337387467610824E-1,6.25000000000000000E0));
#247=CARTESIAN_POINT('',(4.60656366315561172E-1,-8.96337387467610824E-1,7.25000000000000000E0));
#248=CARTESIAN_POINT('',(4.84262546526224469E-1,-8.83534954987226229E-1,8.25000000000000000E0));
#249=CARTESIAN_POINT('',(4.92131273263112234E-1,-8.79267477493613114E-1,9.25000000000000000E0));
#250=CARTESIAN_POINT('',(5.00000000000000000E-1,-8.75000000000000000E-1,1.02500000000000000E1));
#251=CARTESIAN_POINT('',(5.05056979935943673E-1,1.02676418998271402E-1,5.25000000000000000E0));
#252=CARTESIAN_POINT('',(5.05056979935943673E-1,1.02676418998271402E-1,6.25000000000000000E0));
#253=CARTESIAN_POINT('',(5.05056979935943673E-1,1.02676418998271402E-1,7.25000000000000000E0));
#254=CARTESIAN_POINT('',(5.02022791974013671E-1,1.16070567599308561E-1,8.25000000000000000E0));
#255=CARTESIAN_POINT('',(5.01011395987006836E-1,1.20535283799654280E-1,9.25000000000000000E0));
#256=CARTESIAN_POINT('',(5.00000000000000000E-1,1.25000000000000000E-1,1.02500000000000000E1));
#257=(BOUNDED_SURFACE()B_SPLINE_SURFACE(2,5,((#239,#240,#241,#242,#243,#244),(#245,#246,#247,#248,#249,#250),(#251,#252,#253,#254,#255,#256)),.UNSPECIFIED.,.F.,.F.,.F.)B_SPLINE_SURFACE_WITH_KNOTS((3,3),(6,6),(0.00000000000000000E0,1.00000000000000000E0),(0.00000000000000000E0,1.00000000000000000E0),.UNSPECIFIED.)GEOMETRIC_REPRESENTATION_ITEM()RATIONAL_B_SPLINE_SURFACE(((1.00000000000000000E0,1.00000000000000000E0,1.00000000000000000E0,1.00000000000000000E0,1.00000000000000000E0,1.00000000000000000E0),(7.07106781186547573E-1,7.07106781186547573E-1,7.07106781186547573E-1,7.07106781186547573E-1,7.07106781186547573E-1,7.07106781186547573E-1),(1.00000000000000000E0,1.00000000000000000E0,1.00000000000000000E0,1.00000000000000000E0,1.00000000000000000E0,1.00000000000000000E0)))REPRESENTATION_ITEM('')SURFACE());
#258=CARTESIAN_POINT('',(5.05056979935943673E-1,1.02676418998271402E-1,5.25000000000000000E0));
#259=CARTESIAN_POINT('',(5.05056979935943673E-1,1.02676418998271402E-1,6.25000000000000000E0));
#260=CARTESIAN_POINT('',(5.05056979935943673E-1,1.02676418998271402E-1,7.25000000000000000E0));
#261=CARTESIAN_POINT('',(5.02022791974013671E-1,1.16070567599308561E-1,8.25000000000000000E0));
#262=CARTESIAN_POINT('',(5.01011395987006836E-1,1.20535283799654280E-1,9.25000000000000000E0));
#263=CARTESIAN_POINT('',(5.00000000000000000E-1,1.25000000000000000E-1,1.02500000000000000E1));
#264=CARTESIAN_POINT('',(5.49457593556326174E-1,1.10169022546415363E0,5.25000000000000000E0));
#265=CARTESIAN_POINT('',(5.49457593556326174E-1,1.10169022546415363E0,6.25000000000000000E0));
#266=CARTESIAN_POINT('',(5.49457593556326174E-1,1.10169022546415363E0,7.25000000000000000E0));
#267=CARTESIAN_POINT('',(5.19783037421802874E-1,1.11567609018584335E0,8.25000000000000000E0));
#268=CARTESIAN_POINT('',(5.09891518710901437E-1,1.12033804509292167E0,9.25000000000000000E0));
#269=CARTESIAN_POINT('',(5.00000000000000000E-1,1.12500000000000000E0,1.02500000000000000E1));
#270=CARTESIAN_POINT('',(4.99506903233850608E-2,1.12389053227434488E0,5.25000000000000000E0));
#271=CARTESIAN_POINT('',(4.99506903233850608E-2,1.12389053227434488E0,6.25000000000000000E0));
#272=CARTESIAN_POINT('',(4.99506903233850608E-2,1.12389053227434488E0,7.25000000000000000E0));
#273=CARTESIAN_POINT('',(1.99802761289902264E-2,1.12455621290973795E0,8.25000000000000000E0));
#274=CARTESIAN_POINT('',(9.99013806449511321E-3,1.12477810645486898E0,9.25000000000000000E0));
#275=CARTESIAN_POINT('',(0.00000000000000000E0,1.12500000000000000E0,1.02500000000000000E1));
#276=(BOUNDED_SURFACE()B_SPLINE_SURFACE(2,5,((#258,#259,#260,#261,#262,#263),(#264,#265,#266,#267,#268,#269),(#270,#271,#272,#273,#274,#275)),.UNSPECIFIED.,.F.,.F.,.F.)B_SPLINE_SURFACE_WITH_KNOTS((3,3),(6,6),(0.00000000000000000E0,1.00000000000000000E0),(0.00000000000000000E0,1.00000000000000000E0),.UNSPECIFIED.)GEOMETRIC_REPRESENTATION_ITEM()RATIONAL_B_SPLINE_SURFACE(((1.00000000000000000E0,1.00000000000000000E0,1.00000000000000000E0,1.00000000000000000E0,1.00000000000000000E0,1.00000000000000000E0),(7.07106781186547573E-1,7.07106781186547573E-1,7.07106781186547573E-1,7.07106781186547573E-1,7.07106781186547573E-1,7.07106781186547573E-1),(1.00000000000000000E0,1.00000000000000000E0,1.00000000000000000E0,1.00000000000000000E0,1.00000000000000000E0,1.00000000000000000E0)))REPRESENTATION_ITEM('')SURFACE());
#277=CARTESIAN_POINT('',(2.33103221517012571E-2,5.24482248394633643E-1,5.25000000000000000E0));
#278=CARTESIAN_POINT('',(2.33103221517012571E-2,5.24482248394633643E-1,6.25000000000000000E0));
#279=CARTESIAN_POINT('',(2.33103221517012571E-2,5.24482248394633643E-1,7.25000000000000000E0));
#280=CARTESIAN_POINT('',(9.32412886049860390E-3,5.24792899357635179E-1,8.25000000000000000E0));
#281=CARTESIAN_POINT('',(4.66206443024930195E-3,5.24896449678635690E-1,9.25000000000000000E0));
#282=CARTESIAN_POINT('',(0.00000000000000000E0,5.24999999999636202E-1,1.02500000000000000E1));
#283=CARTESIAN_POINT('',(2.23113083445241500E-1,5.15602125670739042E-1,5.25000000000000000E0));
#284=CARTESIAN_POINT('',(2.23113083445241500E-1,5.15602125670739042E-1,6.25000000000000000E0));
#285=CARTESIAN_POINT('',(2.23113083445241500E-1,5.15602125670739042E-1,7.25000000000000000E0));
#286=CARTESIAN_POINT('',(2.09245233378169360E-1,5.21240850268441136E-1,8.25000000000000000E0));
#287=CARTESIAN_POINT('',(2.04622616688993730E-1,5.23120425134038669E-1,9.25000000000000000E0));
#288=CARTESIAN_POINT('',(1.99999999999818101E-1,5.24999999999636202E-1,1.02500000000000000E1));
#289=CARTESIAN_POINT('',(2.05352837996542803E-1,1.15996603084568051E-1,5.25000000000000000E0));
#290=CARTESIAN_POINT('',(2.05352837996542803E-1,1.15996603084568051E-1,6.25000000000000000E0));
#291=CARTESIAN_POINT('',(2.05352837996542803E-1,1.15996603084568051E-1,7.25000000000000000E0));
#292=CARTESIAN_POINT('',(2.02141135198871780E-1,1.21398641234009119E-1,8.25000000000000000E0));
#293=CARTESIAN_POINT('',(2.01070567599344940E-1,1.23199320617004560E-1,9.25000000000000000E0));
#294=CARTESIAN_POINT('',(1.99999999999818101E-1,1.25000000000000000E-1,1.02500000000000000E1));
#295=(BOUNDED_SURFACE()B_SPLINE_SURFACE(2,5,((#277,#278,#279,#280,#281,#282),(#283,#284,#285,#286,#287,#288),(#289,#290,#291,#292,#293,#294)),.UNSPECIFIED.,.F.,.F.,.F.)B_SPLINE_SURFACE_WITH_KNOTS((3,3),(6,6),(0.00000000000000000E0,1.00000000000000000E0),(0.00000000000000000E0,1.00000000000000000E0),.UNSPECIFIED.)GEOMETRIC_REPRESENTATION_ITEM()RATIONAL_B_SPLINE_SURFACE(((1.00000000000000000E0,1.00000000000000000E0,1.00000000000000000E0,1.00000000000000000E0,1.00000000000000000E0,1.00000000000000000E0),(7.07106781186547573E-1,7.07106781186547573E-1,7.07106781186547573E-1,7.07106781186547573E-1,7.07106781186547573E-1,7.07106781186547573E-1),(1.00000000000000000E0,1.00000000000000000E0,1.00000000000000000E0,1.00000000000000000E0,1.00000000000000000E0,1.00000000000000000E0)))REPRESENTATION_ITEM('')SURFACE());
#296=CARTESIAN_POINT('',(2.05352837996542803E-1,1.15996603084568051E-1,5.25000000000000000E0));
#297=CARTESIAN_POINT('',(2.05352837996542803E-1,1.15996603084568051E-1,6.25000000000000000E0));
#298=CARTESIAN_POINT('',(2.05352837996542803E-1,1.15996603084568051E-1,7.25000000000000000E0));
#299=CARTESIAN_POINT('',(2.02141135198871780E-1,1.21398641234009119E-1,8.25000000000000000E0));
#300=CARTESIAN_POINT('',(2.01070567599344940E-1,1.23199320617004560E-1,9.25000000000000000E0));
#301=CARTESIAN_POINT('',(1.99999999999818101E-1,1.25000000000000000E-1,1.02500000000000000E1));
#302=CARTESIAN_POINT('',(1.87592592547844106E-1,-2.83608919501602941E-1,5.25000000000000000E0));
#303=CARTESIAN_POINT('',(1.87592592547844106E-1,-2.83608919501602941E-1,6.25000000000000000E0));
#304=CARTESIAN_POINT('',(1.87592592547844106E-1,-2.83608919501602941E-1,7.25000000000000000E0));
#305=CARTESIAN_POINT('',(1.95037037019574200E-1,-2.78443567800422898E-1,8.25000000000000000E0));
#306=CARTESIAN_POINT('',(1.97518518509696150E-1,-2.76721783900029550E-1,9.25000000000000000E0));
#307=CARTESIAN_POINT('',(1.99999999999818101E-1,-2.74999999999636202E-1,1.02500000000000000E1));
#308=CARTESIAN_POINT('',(-1.22101687456961372E-2,-2.74728796777708340E-1,5.25000000000000000E0));
#309=CARTESIAN_POINT('',(-1.22101687456961372E-2,-2.74728796777708340E-1,6.25000000000000000E0));
#310=CARTESIAN_POINT('',(-1.22101687456961372E-2,-2.74728796777708340E-1,7.25000000000000000E0));
#311=CARTESIAN_POINT('',(-4.88406749809655594E-3,-2.74891518711228855E-1,8.25000000000000000E0));
#312=CARTESIAN_POINT('',(-2.44203374904827797E-3,-2.74945759355432529E-1,9.25000000000000000E0));
#313=CARTESIAN_POINT('',(0.00000000000000000E0,-2.74999999999636202E-1,1.02500000000000000E1));
#314=(BOUNDED_SURFACE()B_SPLINE_SURFACE(2,5,((#296,#297,#298,#299,#300,#301),(#302,#303,#304,#305,#306,#307),(#308,#309,#310,#311,#312,#313)),.UNSPECIFIED.,.F.,.F.,.F.)B_SPLINE_SURFACE_WITH_KNOTS((3,3),(6,6),(0.00000000000000000E0,1.00000000000000000E0),(0.00000000000000000E0,1.00000000000000000E0),.UNSPECIFIED.)GEOMETRIC_REPRESENTATION_ITEM()RATIONAL_B_SPLINE_SURFACE(((1.00000000000000000E0,1.00000000000000000E0,1.00000000000000000E0,1.00000000000000000E0,1.00000000000000000E0,1.00000000000000000E0),(7.07106781186547573E-1,7.07106781186547573E-1,7.07106781186547573E-1,7.07106781186547573E-1,7.07106781186547573E-1,7.07106781186547573E-1),(1.00000000000000000E0,1.00000000000000000E0,1.00000000000000000E0,1.00000000000000000E0,1.00000000000000000E0,1.00000000000000000E0)))REPRESENTATION_ITEM('')SURFACE());
#315=CARTESIAN_POINT('',(-1.22101687456961372E-2,-2.74728796777708340E-1,5.25000000000000000E0));
#316=CARTESIAN_POINT('',(-1.22101687456961372E-2,-2.74728796777708340E-1,6.25000000000000000E0));
#317=CARTESIAN_POINT('',(-1.22101687456961372E-2,-2.74728796777708340E-1,7.25000000000000000E0));
#318=CARTESIAN_POINT('',(-4.88406749809655594E-3,-2.74891518711228855E-1,8.25000000000000000E0));
#319=CARTESIAN_POINT('',(-2.44203374904827797E-3,-2.74945759355432529E-1,9.25000000000000000E0));
#320=CARTESIAN_POINT('',(0.00000000000000000E0,-2.74999999999636202E-1,1.02500000000000000E1));
#321=CARTESIAN_POINT('',(-2.12012930039236380E-1,-2.65848674053813738E-1,5.25000000000000000E0));
#322=CARTESIAN_POINT('',(-2.12012930039236380E-1,-2.65848674053813738E-1,6.25000000000000000E0));
#323=CARTESIAN_POINT('',(-2.12012930039236380E-1,-2.65848674053813738E-1,7.25000000000000000E0));
#324=CARTESIAN_POINT('',(-2.04805172015767312E-1,-2.71339469622034812E-1,8.25000000000000000E0));
#325=CARTESIAN_POINT('',(-2.02402586007792706E-1,-2.73169734810835507E-1,9.25000000000000000E0));
#326=CARTESIAN_POINT('',(-1.99999999999818101E-1,-2.74999999999636202E-1,1.02500000000000000E1));
#327=CARTESIAN_POINT('',(-1.94252684590537683E-1,1.33756848532357253E-1,5.25000000000000000E0));
#328=CARTESIAN_POINT('',(-1.94252684590537683E-1,1.33756848532357253E-1,6.25000000000000000E0));
#329=CARTESIAN_POINT('',(-1.94252684590537683E-1,1.33756848532357253E-1,7.25000000000000000E0));
#330=CARTESIAN_POINT('',(-1.97701073836469732E-1,1.28502739412397204E-1,8.25000000000000000E0));
#331=CARTESIAN_POINT('',(-1.98850536918143916E-1,1.26751369706198602E-1,9.25000000000000000E0));
#332=CARTESIAN_POINT('',(-1.99999999999818101E-1,1.25000000000000000E-1,1.02500000000000000E1));
#333=(BOUNDED_SURFACE()B_SPLINE_SURFACE(2,5,((#315,#316,#317,#318,#319,#320),(#321,#322,#323,#324,#325,#326),(#327,#328,#329,#330,#331,#332)),.UNSPECIFIED.,.F.,.F.,.F.)B_SPLINE_SURFACE_WITH_KNOTS((3,3),(6,6),(0.00000000000000000E0,1.00000000000000000E0),(0.00000000000000000E0,1.00000000000000000E0),.UNSPECIFIED.)GEOMETRIC_REPRESENTATION_ITEM()RATIONAL_B_SPLINE_SURFACE(((1.00000000000000000E0,1.00000000000000000E0,1.00000000000000000E0,1.00000000000000000E0,1.00000000000000000E0,1.00000000000000000E0),(7.07106781186547573E-1,7.07106781186547573E-1,7.07106781186547573E-1,7.07106781186547573E-1,7.07106781186547573E-1,7.07106781186547573E-1),(1.00000000000000000E0,1.00000000000000000E0,1.00000000000000000E0,1.00000000000000000E0,1.00000000000000000E0,1.00000000000000000E0)))REPRESENTATION_ITEM('')SURFACE());
#334=CARTESIAN_POINT('',(-1.94252684590537683E-1,1.33756848532357253E-1,5.25000000000000000E0));
#335=CARTESIAN_POINT('',(-1.94252684590537683E-1,1.33756848532357253E-1,6.25000000000000000E0));
#336=CARTESIAN_POINT('',(-1.94252684590537683E-1,1.33756848532357253E-1,7.25000000000000000E0));
#337=CARTESIAN_POINT('',(-1.97701073836469732E-1,1.28502739412397204E-1,8.25000000000000000E0));
#338=CARTESIAN_POINT('',(-1.98850536918143916E-1,1.26751369706198602E-1,9.25000000000000000E0));
#339=CARTESIAN_POINT('',(-1.99999999999818101E-1,1.25000000000000000E-1,1.02500000000000000E1));
#340=CARTESIAN_POINT('',(-1.76492439141838986E-1,5.33362371118528245E-1,5.25000000000000000E0));
#341=CARTESIAN_POINT('',(-1.76492439141838986E-1,5.33362371118528245E-1,6.25000000000000000E0));
#342=CARTESIAN_POINT('',(-1.76492439141838986E-1,5.33362371118528245E-1,7.25000000000000000E0));
#343=CARTESIAN_POINT('',(-1.90596975657172152E-1,5.28344948446829221E-1,8.25000000000000000E0));
#344=CARTESIAN_POINT('',(-1.95298487828495126E-1,5.26672474223232712E-1,9.25000000000000000E0));
#345=CARTESIAN_POINT('',(-1.99999999999818101E-1,5.24999999999636202E-1,1.02500000000000000E1));
#346=CARTESIAN_POINT('',(2.33103221517012571E-2,5.24482248394633643E-1,5.25000000000000000E0));
#347=CARTESIAN_POINT('',(2.33103221517012571E-2,5.24482248394633643E-1,6.25000000000000000E0));
#348=CARTESIAN_POINT('',(2.33103221517012571E-2,5.24482248394633643E-1,7.25000000000000000E0));
#349=CARTESIAN_POINT('',(9.32412886049860390E-3,5.24792899357635179E-1,8.25000000000000000E0));
#350=CARTESIAN_POINT('',(4.66206443024930195E-3,5.24896449678635690E-1,9.25000000000000000E0));
#351=CARTESIAN_POINT('',(0.00000000000000000E0,5.24999999999636202E-1,1.02500000000000000E1));
#352=(BOUNDED_SURFACE()B_SPLINE_SURFACE(2,5,((#334,#335,#336,#337,#338,#339),(#340,#341,#342,#343,#344,#345),(#346,#347,#348,#349,#350,#351)),.UNSPECIFIED.,.F.,.F.,.F.)B_SPLINE_SURFACE_WITH_KNOTS((3,3),(6,6),(0.00000000000000000E0,1.00000000000000000E0),(0.00000000000000000E0,1.00000000000000000E0),.UNSPECIFIED.)GEOMETRIC_REPRESENTATION_ITEM()RATIONAL_B_SPLINE_SURFACE(((1.00000000000000000E0,1.00000000000000000E0,1.00000000000000000E0,1.00000000000000000E0,1.00000000000000000E0,1.00000000000000000E0),(7.07106781186547573E-1,7.07106781186547573E-1,7.07106781186547573E-1,7.07106781186547573E-1,7.07106781186547573E-1,7.07106781186547573E-1),(1.00000000000000000E0,1.00000000000000000E0,1.00000000000000000E0,1.00000000000000000E0,1.00000000000000000E0,1.00000000000000000E0)))REPRESENTATION_ITEM('')SURFACE());
#353=CARTESIAN_POINT('',(5.00000000000000000E-1,-8.75000000000000000E-1,2.50000000000000000E-1));
#354=CARTESIAN_POINT('',(5.00000000000000000E-1,1.12500000000000000E0,2.50000000000000000E-1));
#355=CARTESIAN_POINT('',(-5.00000000000000000E-1,-8.75000000000000000E-1,2.50000000000000000E-1));
#356=CARTESIAN_POINT('',(-5.00000000000000000E-1,1.12500000000000000E0,2.50000000000000000E-1));
#357=B_SPLINE_SURFACE_WITH_KNOTS('',1,1,((#353,#354),(#355,#356)),.UNSPECIFIED.,.F.,.F.,.F.,(2,2),(2,2),(-5.00000000000000000E-1,5.00000000000000000E-1),(-8.75000000000000000E-1,1.12500000000000000E0),.UNSPECIFIED.);
#358=CARTESIAN_POINT('',(-5.00000000000000000E-1,-8.75000000000000000E-1,1.02500000000000000E1));
#359=CARTESIAN_POINT('',(-5.00000000000000000E-1,1.12500000000000000E0,1.02500000000000000E1));
#360=CARTESIAN_POINT('',(5.00000000000000000E-1,-8.75000000000000000E-1,1.02500000000000000E1));
#361=CARTESIAN_POINT('',(5.00000000000000000E-1,1.12500000000000000E0,1.02500000000000000E1));
#362=B_SPLINE_SURFACE_WITH_KNOTS('',1,1,((#358,#359),(#360,#361)),.UNSPECIFIED.,.F.,.F.,.F.,(2,2),(2,2),(-5.00000000000000000E-1,5.00000000000000000E-1),(-8.75000000000000000E-1,1.12500000000000000E0),.UNSPECIFIED.);
#363=CARTESIAN_POINT('',(0.00000000000000000E0,1.12500000000000000E0,2.50000000000000000E-1));
#364=CARTESIAN_POINT('',(-5.00000000000000000E-1,1.12500000000000000E0,2.50000000000000000E-1));
#365=CARTESIAN_POINT('',(-5.00000000000000000E-1,1.25000000000000000E-1,2.50000000000000000E-1));
#366=(BOUNDED_CURVE()B_SPLINE_CURVE(2,(#363,#364,#365),.UNSPECIFIED.,.F.,.F.)B_SPLINE_CURVE_WITH_KNOTS((3,3),(0.00000000000000000E0,1.00000000000000000E0),.UNSPECIFIED.)CURVE()GEOMETRIC_REPRESENTATION_ITEM()RATIONAL_B_SPLINE_CURVE((1.00000000000000000E0,7.07106781186547573E-1,1.00000000000000000E0))REPRESENTATION_ITEM(''));
#367=CARTESIAN_POINT('',(-5.00000000000000000E-1,1.25000000000000000E-1,2.50000000000000000E-1));
#368=CARTESIAN_POINT('',(-4.98791365305805812E-1,1.29415406523548882E-1,1.25000000000000000E0));
#369=CARTESIAN_POINT('',(-4.97582730611611623E-1,1.33830813047097763E-1,2.25000000000000000E0));
#370=CARTESIAN_POINT('',(-4.93956826529938553E-1,1.47077032618653902E-1,3.25000000000000000E0));
#371=CARTESIAN_POINT('',(-4.93956826529938553E-1,1.47077032618653902E-1,4.25000000000000000E0));
#372=CARTESIAN_POINT('',(-4.93956826529938553E-1,1.47077032618653902E-1,5.25000000000000000E0));
#373=B_SPLINE_CURVE_WITH_KNOTS('',5,(#367,#368,#369,#370,#371,#372),.UNSPECIFIED.,.F.,.F.,(6,6),(0.00000000000000000E0,1.00000000000000000E0),.UNSPECIFIED.);
#374=CARTESIAN_POINT('',(4.99506903233850608E-2,1.12389053227434488E0,5.25000000000000000E0));
#375=CARTESIAN_POINT('',(-4.49556212909556052E-1,1.14609083908453613E0,5.25000000000000000E0));
#376=CARTESIAN_POINT('',(-4.93956826529938553E-1,1.47077032618653902E-1,5.25000000000000000E0));
#377=(BOUNDED_CURVE()B_SPLINE_CURVE(2,(#374,#375,#376),.UNSPECIFIED.,.F.,.F.)B_SPLINE_CURVE_WITH_KNOTS((3,3),(0.00000000000000000E0,1.00000000000000000E0),.UNSPECIFIED.)CURVE()GEOMETRIC_REPRESENTATION_ITEM()RATIONAL_B_SPLINE_CURVE((1.00000000000000000E0,7.07106781186547573E-1,1.00000000000000000E0))REPRESENTATION_ITEM(''));
#378=CARTESIAN_POINT('',(0.00000000000000000E0,1.12500000000000000E0,2.50000000000000000E-1));
#379=CARTESIAN_POINT('',(9.99013806449511321E-3,1.12477810645486898E0,1.25000000000000000E0));
#380=CARTESIAN_POINT('',(1.99802761289902264E-2,1.12455621290973795E0,2.25000000000000000E0));
#381=CARTESIAN_POINT('',(4.99506903233850608E-2,1.12389053227434488E0,3.25000000000000000E0));
#382=CARTESIAN_POINT('',(4.99506903233850608E-2,1.12389053227434488E0,4.25000000000000000E0));
#383=CARTESIAN_POINT('',(4.99506903233850608E-2,1.12389053227434488E0,5.25000000000000000E0));
#384=B_SPLINE_CURVE_WITH_KNOTS('',5,(#378,#379,#380,#381,#382,#383),.UNSPECIFIED.,.F.,.F.,(6,6),(0.00000000000000000E0,1.00000000000000000E0),.UNSPECIFIED.);
#385=CARTESIAN_POINT('',(-5.00000000000000000E-1,1.25000000000000000E-1,2.50000000000000000E-1));
#386=CARTESIAN_POINT('',(-5.00000000000000000E-1,-8.75000000000000000E-1,2.50000000000000000E-1));
#387=CARTESIAN_POINT('',(0.00000000000000000E0,-8.75000000000000000E-1,2.50000000000000000E-1));
#388=(BOUNDED_CURVE()B_SPLINE_CURVE(2,(#385,#386,#387),.UNSPECIFIED.,.F.,.F.)B_SPLINE_CURVE_WITH_KNOTS((3,3),(0.00000000000000000E0,1.00000000000000000E0),.UNSPECIFIED.)CURVE()GEOMETRIC_REPRESENTATION_ITEM()RATIONAL_B_SPLINE_CURVE((1.00000000000000000E0,7.07106781186547573E-1,1.00000000000000000E0))REPRESENTATION_ITEM(''));
#389=CARTESIAN_POINT('',(0.00000000000000000E0,-8.75000000000000000E-1,2.50000000000000000E-1));
#390=CARTESIAN_POINT('',(-7.77010738329408923E-3,-8.74827416131665814E-1,1.25000000000000000E0));
#391=CARTESIAN_POINT('',(-1.55402147665881785E-2,-8.74654832263331627E-1,2.25000000000000000E0));
#392=CARTESIAN_POINT('',(-3.88505369173799409E-2,-8.74137080657419574E-1,3.25000000000000000E0));
#393=CARTESIAN_POINT('',(-3.88505369173799409E-2,-8.74137080657419574E-1,4.25000000000000000E0));
#394=CARTESIAN_POINT('',(-3.88505369173799409E-2,-8.74137080657419574E-1,5.25000000000000000E0));
#395=B_SPLINE_CURVE_WITH_KNOTS('',5,(#389,#390,#391,#392,#393,#394),.UNSPECIFIED.,.F.,.F.,(6,6),(0.00000000000000000E0,1.00000000000000000E0),.UNSPECIFIED.);
#396=CARTESIAN_POINT('',(-4.93956826529938553E-1,1.47077032618653902E-1,5.25000000000000000E0));
#397=CARTESIAN_POINT('',(-5.38357440150321054E-1,-8.51936773847228324E-1,5.25000000000000000E0));
#398=CARTESIAN_POINT('',(-3.88505369173799409E-2,-8.74137080657419574E-1,5.25000000000000000E0));
#399=(BOUNDED_CURVE()B_SPLINE_CURVE(2,(#396,#397,#398),.UNSPECIFIED.,.F.,.F.)B_SPLINE_CURVE_WITH_KNOTS((3,3),(0.00000000000000000E0,1.00000000000000000E0),.UNSPECIFIED.)CURVE()GEOMETRIC_REPRESENTATION_ITEM()RATIONAL_B_SPLINE_CURVE((1.00000000000000000E0,7.07106781186547573E-1,1.00000000000000000E0))REPRESENTATION_ITEM(''));
#400=CARTESIAN_POINT('',(0.00000000000000000E0,-8.75000000000000000E-1,2.50000000000000000E-1));
#401=CARTESIAN_POINT('',(5.00000000000000000E-1,-8.75000000000000000E-1,2.50000000000000000E-1));
#402=CARTESIAN_POINT('',(5.00000000000000000E-1,1.25000000000000000E-1,2.50000000000000000E-1));
#403=(BOUNDED_CURVE()B_SPLINE_CURVE(2,(#400,#401,#402),.UNSPECIFIED.,.F.,.F.)B_SPLINE_CURVE_WITH_KNOTS((3,3),(0.00000000000000000E0,1.00000000000000000E0),.UNSPECIFIED.)CURVE()GEOMETRIC_REPRESENTATION_ITEM()RATIONAL_B_SPLINE_CURVE((1.00000000000000000E0,7.07106781186547573E-1,1.00000000000000000E0))REPRESENTATION_ITEM(''));
#404=CARTESIAN_POINT('',(5.00000000000000000E-1,1.25000000000000000E-1,2.50000000000000000E-1));
#405=CARTESIAN_POINT('',(5.01011395987006836E-1,1.20535283799654280E-1,1.25000000000000000E0));
#406=CARTESIAN_POINT('',(5.02022791974013671E-1,1.16070567599308561E-1,2.25000000000000000E0));
#407=CARTESIAN_POINT('',(5.05056979935943673E-1,1.02676418998271402E-1,3.25000000000000000E0));
#408=CARTESIAN_POINT('',(5.05056979935943673E-1,1.02676418998271402E-1,4.25000000000000000E0));
#409=CARTESIAN_POINT('',(5.05056979935943673E-1,1.02676418998271402E-1,5.25000000000000000E0));
#410=B_SPLINE_CURVE_WITH_KNOTS('',5,(#404,#405,#406,#407,#408,#409),.UNSPECIFIED.,.F.,.F.,(6,6),(0.00000000000000000E0,1.00000000000000000E0),.UNSPECIFIED.);
#411=CARTESIAN_POINT('',(-3.88505369173799409E-2,-8.74137080657419574E-1,5.25000000000000000E0));
#412=CARTESIAN_POINT('',(4.60656366315561172E-1,-8.96337387467610824E-1,5.25000000000000000E0));
#413=CARTESIAN_POINT('',(5.05056979935943673E-1,1.02676418998271402E-1,5.25000000000000000E0));
#414=(BOUNDED_CURVE()B_SPLINE_CURVE(2,(#411,#412,#413),.UNSPECIFIED.,.F.,.F.)B_SPLINE_CURVE_WITH_KNOTS((3,3),(0.00000000000000000E0,1.00000000000000000E0),.UNSPECIFIED.)CURVE()GEOMETRIC_REPRESENTATION_ITEM()RATIONAL_B_SPLINE_CURVE((1.00000000000000000E0,7.07106781186547573E-1,1.00000000000000000E0))REPRESENTATION_ITEM(''));
#415=CARTESIAN_POINT('',(0.00000000000000000E0,1.12500000000000000E0,2.50000000000000000E-1));
#416=CARTESIAN_POINT('',(5.00000000000000000E-1,1.12500000000000000E0,2.50000000000000000E-1));
#417=CARTESIAN_POINT('',(5.00000000000000000E-1,1.25000000000000000E-1,2.50000000000000000E-1));
#418=(BOUNDED_CURVE()B_SPLINE_CURVE(2,(#415,#416,#417),.UNSPECIFIED.,.F.,.F.)B_SPLINE_CURVE_WITH_KNOTS((3,3),(0.00000000000000000E0,1.00000000000000000E0),.UNSPECIFIED.)CURVE()GEOMETRIC_REPRESENTATION_ITEM()RATIONAL_B_SPLINE_CURVE((1.00000000000000000E0,7.07106781186547573E-1,1.00000000000000000E0))REPRESENTATION_ITEM(''));
#419=CARTESIAN_POINT('',(4.99506903233850608E-2,1.12389053227434488E0,5.25000000000000000E0));
#420=CARTESIAN_POINT('',(5.49457593556326174E-1,1.10169022546415363E0,5.25000000000000000E0));
#421=CARTESIAN_POINT('',(5.05056979935943673E-1,1.02676418998271402E-1,5.25000000000000000E0));
#422=(BOUNDED_CURVE()B_SPLINE_CURVE(2,(#419,#420,#421),.UNSPECIFIED.,.F.,.F.)B_SPLINE_CURVE_WITH_KNOTS((3,3),(0.00000000000000000E0,1.00000000000000000E0),.UNSPECIFIED.)CURVE()GEOMETRIC_REPRESENTATION_ITEM()RATIONAL_B_SPLINE_CURVE((1.00000000000000000E0,7.07106781186547573E-1,1.00000000000000000E0))REPRESENTATION_ITEM(''));
#423=CARTESIAN_POINT('',(0.00000000000000000E0,5.24999999999636202E-1,2.50000000000000000E-1));
#424=CARTESIAN_POINT('',(1.99999999999818101E-1,5.24999999999636202E-1,2.50000000000000000E-1));
#425=CARTESIAN_POINT('',(1.99999999999818101E-1,1.25000000000000000E-1,2.50000000000000000E-1));
#426=(BOUNDED_CURVE()B_SPLINE_CURVE(2,(#423,#424,#425),.UNSPECIFIED.,.F.,.F.)B_SPLINE_CURVE_WITH_KNOTS((3,3),(0.00000000000000000E0,1.00000000000000000E0),.UNSPECIFIED.)CURVE()GEOMETRIC_REPRESENTATION_ITEM()RATIONAL_B_SPLINE_CURVE((1.00000000000000000E0,7.07106781186547573E-1,1.00000000000000000E0))REPRESENTATION_ITEM(''));
#427=CARTESIAN_POINT('',(1.99999999999818101E-1,1.25000000000000000E-1,2.50000000000000000E-1));
#428=CARTESIAN_POINT('',(2.01070567599344940E-1,1.23199320617004560E-1,1.25000000000000000E0));
#429=CARTESIAN_POINT('',(2.02141135198871780E-1,1.21398641234009119E-1,2.25000000000000000E0));
#430=CARTESIAN_POINT('',(2.05352837996542803E-1,1.15996603084568051E-1,3.25000000000000000E0));
#431=CARTESIAN_POINT('',(2.05352837996542803E-1,1.15996603084568051E-1,4.25000000000000000E0));
#432=CARTESIAN_POINT('',(2.05352837996542803E-1,1.15996603084568051E-1,5.25000000000000000E0));
#433=B_SPLINE_CURVE_WITH_KNOTS('',5,(#427,#428,#429,#430,#431,#432),.UNSPECIFIED.,.F.,.F.,(6,6),(0.00000000000000000E0,1.00000000000000000E0),.UNSPECIFIED.);
#434=CARTESIAN_POINT('',(2.33103221517012571E-2,5.24482248394633643E-1,5.25000000000000000E0));
#435=CARTESIAN_POINT('',(2.23113083445241500E-1,5.15602125670739042E-1,5.25000000000000000E0));
#436=CARTESIAN_POINT('',(2.05352837996542803E-1,1.15996603084568051E-1,5.25000000000000000E0));
#437=(BOUNDED_CURVE()B_SPLINE_CURVE(2,(#434,#435,#436),.UNSPECIFIED.,.F.,.F.)B_SPLINE_CURVE_WITH_KNOTS((3,3),(0.00000000000000000E0,1.00000000000000000E0),.UNSPECIFIED.)CURVE()GEOMETRIC_REPRESENTATION_ITEM()RATIONAL_B_SPLINE_CURVE((1.00000000000000000E0,7.07106781186547573E-1,1.00000000000000000E0))REPRESENTATION_ITEM(''));
#438=CARTESIAN_POINT('',(0.00000000000000000E0,5.24999999999636202E-1,2.50000000000000000E-1));
#439=CARTESIAN_POINT('',(4.66206443024930195E-3,5.24896449678635690E-1,1.25000000000000000E0));
#440=CARTESIAN_POINT('',(9.32412886049860390E-3,5.24792899357635179E-1,2.25000000000000000E0));
#441=CARTESIAN_POINT('',(2.33103221517012571E-2,5.24482248394633643E-1,3.25000000000000000E0));
#442=CARTESIAN_POINT('',(2.33103221517012571E-2,5.24482248394633643E-1,4.25000000000000000E0));
#443=CARTESIAN_POINT('',(2.33103221517012571E-2,5.24482248394633643E-1,5.25000000000000000E0));
#444=B_SPLINE_CURVE_WITH_KNOTS('',5,(#438,#439,#440,#441,#442,#443),.UNSPECIFIED.,.F.,.F.,(6,6),(0.00000000000000000E0,1.00000000000000000E0),.UNSPECIFIED.);
#445=CARTESIAN_POINT('',(1.99999999999818101E-1,1.25000000000000000E-1,2.50000000000000000E-1));
#446=CARTESIAN_POINT('',(1.99999999999818101E-1,-2.74999999999636202E-1,2.50000000000000000E-1));
#447=CARTESIAN_POINT('',(0.00000000000000000E0,-2.74999999999636202E-1,2.50000000000000000E-1));
#448=(BOUNDED_CURVE()B_SPLINE_CURVE(2,(#445,#446,#447),.UNSPECIFIED.,.F.,.F.)B_SPLINE_CURVE_WITH_KNOTS((3,3),(0.00000000000000000E0,1.00000000000000000E0),.UNSPECIFIED.)CURVE()GEOMETRIC_REPRESENTATION_ITEM()RATIONAL_B_SPLINE_CURVE((1.00000000000000000E0,7.07106781186547573E-1,1.00000000000000000E0))REPRESENTATION_ITEM(''));
#449=CARTESIAN_POINT('',(0.00000000000000000E0,-2.74999999999636202E-1,2.50000000000000000E-1));
#450=CARTESIAN_POINT('',(-2.44203374904827797E-3,-2.74945759355432529E-1,1.25000000000000000E0));
#451=CARTESIAN_POINT('',(-4.88406749809655594E-3,-2.74891518711228855E-1,2.25000000000000000E0));
#452=CARTESIAN_POINT('',(-1.22101687456961372E-2,-2.74728796777708340E-1,3.25000000000000000E0));
#453=CARTESIAN_POINT('',(-1.22101687456961372E-2,-2.74728796777708340E-1,4.25000000000000000E0));
#454=CARTESIAN_POINT('',(-1.22101687456961372E-2,-2.74728796777708340E-1,5.25000000000000000E0));
#455=B_SPLINE_CURVE_WITH_KNOTS('',5,(#449,#450,#451,#452,#453,#454),.UNSPECIFIED.,.F.,.F.,(6,6),(0.00000000000000000E0,1.00000000000000000E0),.UNSPECIFIED.);
#456=CARTESIAN_POINT('',(2.05352837996542803E-1,1.15996603084568051E-1,5.25000000000000000E0));
#457=CARTESIAN_POINT('',(1.87592592547844106E-1,-2.83608919501602941E-1,5.25000000000000000E0));
#458=CARTESIAN_POINT('',(-1.22101687456961372E-2,-2.74728796777708340E-1,5.25000000000000000E0));
#459=(BOUNDED_CURVE()B_SPLINE_CURVE(2,(#456,#457,#458),.UNSPECIFIED.,.F.,.F.)B_SPLINE_CURVE_WITH_KNOTS((3,3),(0.00000000000000000E0,1.00000000000000000E0),.UNSPECIFIED.)CURVE()GEOMETRIC_REPRESENTATION_ITEM()RATIONAL_B_SPLINE_CURVE((1.00000000000000000E0,7.07106781186547573E-1,1.00000000000000000E0))REPRESENTATION_ITEM(''));
#460=CARTESIAN_POINT('',(0.00000000000000000E0,-2.74999999999636202E-1,2.50000000000000000E-1));
#461=CARTESIAN_POINT('',(-1.99999999999818101E-1,-2.74999999999636202E-1,2.50000000000000000E-1));
#462=CARTESIAN_POINT('',(-1.99999999999818101E-1,1.25000000000000000E-1,2.50000000000000000E-1));
#463=(BOUNDED_CURVE()B_SPLINE_CURVE(2,(#460,#461,#462),.UNSPECIFIED.,.F.,.F.)B_SPLINE_CURVE_WITH_KNOTS((3,3),(0.00000000000000000E0,1.00000000000000000E0),.UNSPECIFIED.)CURVE()GEOMETRIC_REPRESENTATION_ITEM()RATIONAL_B_SPLINE_CURVE((1.00000000000000000E0,7.07106781186547573E-1,1.00000000000000000E0))REPRESENTATION_ITEM(''));
#464=CARTESIAN_POINT('',(-1.99999999999818101E-1,1.25000000000000000E-1,2.50000000000000000E-1));
#465=CARTESIAN_POINT('',(-1.98850536918143916E-1,1.26751369706198602E-1,1.25000000000000000E0));
#466=CARTESIAN_POINT('',(-1.97701073836469732E-1,1.28502739412397204E-1,2.25000000000000000E0));
#467=CARTESIAN_POINT('',(-1.94252684590537683E-1,1.33756848532357253E-1,3.25000000000000000E0));
#468=CARTESIAN_POINT('',(-1.94252684590537683E-1,1.33756848532357253E-1,4.25000000000000000E0));
#469=CARTESIAN_POINT('',(-1.94252684590537683E-1,1.33756848532357253E-1,5.25000000000000000E0));
#470=B_SPLINE_CURVE_WITH_KNOTS('',5,(#464,#465,#466,#467,#468,#469),.UNSPECIFIED.,.F.,.F.,(6,6),(0.00000000000000000E0,1.00000000000000000E0),.UNSPECIFIED.);
#471=CARTESIAN_POINT('',(-1.22101687456961372E-2,-2.74728796777708340E-1,5.25000000000000000E0));
#472=CARTESIAN_POINT('',(-2.12012930039236380E-1,-2.65848674053813738E-1,5.25000000000000000E0));
#473=CARTESIAN_POINT('',(-1.94252684590537683E-1,1.33756848532357253E-1,5.25000000000000000E0));
#474=(BOUNDED_CURVE()B_SPLINE_CURVE(2,(#471,#472,#473),.UNSPECIFIED.,.F.,.F.)B_SPLINE_CURVE_WITH_KNOTS((3,3),(0.00000000000000000E0,1.00000000000000000E0),.UNSPECIFIED.)CURVE()GEOMETRIC_REPRESENTATION_ITEM()RATIONAL_B_SPLINE_CURVE((1.00000000000000000E0,7.07106781186547573E-1,1.00000000000000000E0))REPRESENTATION_ITEM(''));
#475=CARTESIAN_POINT('',(0.00000000000000000E0,5.24999999999636202E-1,2.50000000000000000E-1));
#476=CARTESIAN_POINT('',(-1.99999999999818101E-1,5.24999999999636202E-1,2.50000000000000000E-1));
#477=CARTESIAN_POINT('',(-1.99999999999818101E-1,1.25000000000000000E-1,2.50000000000000000E-1));
#478=(BOUNDED_CURVE()B_SPLINE_CURVE(2,(#475,#476,#477),.UNSPECIFIED.,.F.,.F.)B_SPLINE_CURVE_WITH_KNOTS((3,3),(0.00000000000000000E0,1.00000000000000000E0),.UNSPECIFIED.)CURVE()GEOMETRIC_REPRESENTATION_ITEM()RATIONAL_B_SPLINE_CURVE((1.00000000000000000E0,7.07106781186547573E-1,1.00000000000000000E0))REPRESENTATION_ITEM(''));
#479=CARTESIAN_POINT('',(2.33103221517012571E-2,5.24482248394633643E-1,5.25000000000000000E0));
#480=CARTESIAN_POINT('',(-1.76492439141838986E-1,5.33362371118528245E-1,5.25000000000000000E0));
#481=CARTESIAN_POINT('',(-1.94252684590537683E-1,1.33756848532357253E-1,5.25000000000000000E0));
#482=(BOUNDED_CURVE()B_SPLINE_CURVE(2,(#479,#480,#481),.UNSPECIFIED.,.F.,.F.)B_SPLINE_CURVE_WITH_KNOTS((3,3),(0.00000000000000000E0,1.00000000000000000E0),.UNSPECIFIED.)CURVE()GEOMETRIC_REPRESENTATION_ITEM()RATIONAL_B_SPLINE_CURVE((1.00000000000000000E0,7.07106781186547573E-1,1.00000000000000000E0))REPRESENTATION_ITEM(''));
#483=CARTESIAN_POINT('',(-4.93956826529938553E-1,1.47077032618653902E-1,5.25000000000000000E0));
#484=CARTESIAN_POINT('',(-4.93956826529938553E-1,1.47077032618653902E-1,6.25000000000000000E0));
#485=CARTESIAN_POINT('',(-4.93956826529938553E-1,1.47077032618653902E-1,7.25000000000000000E0));
#486=CARTESIAN_POINT('',(-4.97582730611611623E-1,1.33830813047097763E-1,8.25000000000000000E0));
#487=CARTESIAN_POINT('',(-4.98791365305805812E-1,1.29415406523548882E-1,9.25000000000000000E0));
#488=CARTESIAN_POINT('',(-5.00000000000000000E-1,1.25000000000000000E-1,1.02500000000000000E1));
#489=B_SPLINE_CURVE_WITH_KNOTS('',5,(#483,#484,#485,#486,#487,#488),.UNSPECIFIED.,.F.,.F.,(6,6),(0.00000000000000000E0,1.00000000000000000E0),.UNSPECIFIED.);
#490=CARTESIAN_POINT('',(0.00000000000000000E0,1.12500000000000000E0,1.02500000000000000E1));
#491=CARTESIAN_POINT('',(-5.00000000000000000E-1,1.12500000000000000E0,1.02500000000000000E1));
#492=CARTESIAN_POINT('',(-5.00000000000000000E-1,1.25000000000000000E-1,1.02500000000000000E1));
#493=(BOUNDED_CURVE()B_SPLINE_CURVE(2,(#490,#491,#492),.UNSPECIFIED.,.F.,.F.)B_SPLINE_CURVE_WITH_KNOTS((3,3),(0.00000000000000000E0,1.00000000000000000E0),.UNSPECIFIED.)CURVE()GEOMETRIC_REPRESENTATION_ITEM()RATIONAL_B_SPLINE_CURVE((1.00000000000000000E0,7.07106781186547573E-1,1.00000000000000000E0))REPRESENTATION_ITEM(''));
#494=CARTESIAN_POINT('',(4.99506903233850608E-2,1.12389053227434488E0,5.25000000000000000E0));
#495=CARTESIAN_POINT('',(4.99506903233850608E-2,1.12389053227434488E0,6.25000000000000000E0));
#496=CARTESIAN_POINT('',(4.99506903233850608E-2,1.12389053227434488E0,7.25000000000000000E0));
#497=CARTESIAN_POINT('',(1.99802761289902264E-2,1.12455621290973795E0,8.25000000000000000E0));
#498=CARTESIAN_POINT('',(9.99013806449511321E-3,1.12477810645486898E0,9.25000000000000000E0));
#499=CARTESIAN_POINT('',(0.00000000000000000E0,1.12500000000000000E0,1.02500000000000000E1));
#500=B_SPLINE_CURVE_WITH_KNOTS('',5,(#494,#495,#496,#497,#498,#499),.UNSPECIFIED.,.F.,.F.,(6,6),(0.00000000000000000E0,1.00000000000000000E0),.UNSPECIFIED.);
#501=CARTESIAN_POINT('',(-3.88505369173799409E-2,-8.74137080657419574E-1,5.25000000000000000E0));
#502=CARTESIAN_POINT('',(-3.88505369173799409E-2,-8.74137080657419574E-1,6.25000000000000000E0));
#503=CARTESIAN_POINT('',(-3.88505369173799409E-2,-8.74137080657419574E-1,7.25000000000000000E0));
#504=CARTESIAN_POINT('',(-1.55402147665881785E-2,-8.74654832263331627E-1,8.25000000000000000E0));
#505=CARTESIAN_POINT('',(-7.77010738329408923E-3,-8.74827416131665814E-1,9.25000000000000000E0));
#506=CARTESIAN_POINT('',(0.00000000000000000E0,-8.75000000000000000E-1,1.02500000000000000E1));
#507=B_SPLINE_CURVE_WITH_KNOTS('',5,(#501,#502,#503,#504,#505,#506),.UNSPECIFIED.,.F.,.F.,(6,6),(0.00000000000000000E0,1.00000000000000000E0),.UNSPECIFIED.);
#508=CARTESIAN_POINT('',(-5.00000000000000000E-1,1.25000000000000000E-1,1.02500000000000000E1));
#509=CARTESIAN_POINT('',(-5.00000000000000000E-1,-8.75000000000000000E-1,1.02500000000000000E1));
#510=CARTESIAN_POINT('',(0.00000000000000000E0,-8.75000000000000000E-1,1.02500000000000000E1));
#511=(BOUNDED_CURVE()B_SPLINE_CURVE(2,(#508,#509,#510),.UNSPECIFIED.,.F.,.F.)B_SPLINE_CURVE_WITH_KNOTS((3,3),(0.00000000000000000E0,1.00000000000000000E0),.UNSPECIFIED.)CURVE()GEOMETRIC_REPRESENTATION_ITEM()RATIONAL_B_SPLINE_CURVE((1.00000000000000000E0,7.07106781186547573E-1,1.00000000000000000E0))REPRESENTATION_ITEM(''));
#512=CARTESIAN_POINT('',(5.05056979935943673E-1,1.02676418998271402E-1,5.25000000000000000E0));
#513=CARTESIAN_POINT('',(5.05056979935943673E-1,1.02676418998271402E-1,6.25000000000000000E0));
#514=CARTESIAN_POINT('',(5.05056979935943673E-1,1.02676418998271402E-1,7.25000000000000000E0));
#515=CARTESIAN_POINT('',(5.02022791974013671E-1,1.16070567599308561E-1,8.25000000000000000E0));
#516=CARTESIAN_POINT('',(5.01011395987006836E-1,1.20535283799654280E-1,9.25000000000000000E0));
#517=CARTESIAN_POINT('',(5.00000000000000000E-1,1.25000000000000000E-1,1.02500000000000000E1));
#518=B_SPLINE_CURVE_WITH_KNOTS('',5,(#512,#513,#514,#515,#516,#517),.UNSPECIFIED.,.F.,.F.,(6,6),(0.00000000000000000E0,1.00000000000000000E0),.UNSPECIFIED.);
#519=CARTESIAN_POINT('',(0.00000000000000000E0,-8.75000000000000000E-1,1.02500000000000000E1));
#520=CARTESIAN_POINT('',(5.00000000000000000E-1,-8.75000000000000000E-1,1.02500000000000000E1));
#521=CARTESIAN_POINT('',(5.00000000000000000E-1,1.25000000000000000E-1,1.02500000000000000E1));
#522=(BOUNDED_CURVE()B_SPLINE_CURVE(2,(#519,#520,#521),.UNSPECIFIED.,.F.,.F.)B_SPLINE_CURVE_WITH_KNOTS((3,3),(0.00000000000000000E0,1.00000000000000000E0),.UNSPECIFIED.)CURVE()GEOMETRIC_REPRESENTATION_ITEM()RATIONAL_B_SPLINE_CURVE((1.00000000000000000E0,7.07106781186547573E-1,1.00000000000000000E0))REPRESENTATION_ITEM(''));
#523=CARTESIAN_POINT('',(0.00000000000000000E0,1.12500000000000000E0,1.02500000000000000E1));
#524=CARTESIAN_POINT('',(5.00000000000000000E-1,1.12500000000000000E0,1.02500000000000000E1));
#525=CARTESIAN_POINT('',(5.00000000000000000E-1,1.25000000000000000E-1,1.02500000000000000E1));
#526=(BOUNDED_CURVE()B_SPLINE_CURVE(2,(#523,#524,#525),.UNSPECIFIED.,.F.,.F.)B_SPLINE_CURVE_WITH_KNOTS((3,3),(0.00000000000000000E0,1.00000000000000000E0),.UNSPECIFIED.)CURVE()GEOMETRIC_REPRESENTATION_ITEM()RATIONAL_B_SPLINE_CURVE((1.00000000000000000E0,7.07106781186547573E-1,1.00000000000000000E0))REPRESENTATION_ITEM(''));
#527=CARTESIAN_POINT('',(2.05352837996542803E-1,1.15996603084568051E-1,5.25000000000000000E0));
#528=CARTESIAN_POINT('',(2.05352837996542803E-1,1.15996603084568051E-1,6.25000000000000000E0));
#529=CARTESIAN_POINT('',(2.05352837996542803E-1,1.15996603084568051E-1,7.25000000000000000E0));
#530=CARTESIAN_POINT('',(2.02141135198871780E-1,1.21398641234009119E-1,8.25000000000000000E0));
#531=CARTESIAN_POINT('',(2.01070567599344940E-1,1.23199320617004560E-1,9.25000000000000000E0));
#532=CARTESIAN_POINT('',(1.99999999999818101E-1,1.25000000000000000E-1,1.02500000000000000E1));
#533=B_SPLINE_CURVE_WITH_KNOTS('',5,(#527,#528,#529,#530,#531,#532),.UNSPECIFIED.,.F.,.F.,(6,6),(0.00000000000000000E0,1.00000000000000000E0),.UNSPECIFIED.);
#534=CARTESIAN_POINT('',(0.00000000000000000E0,5.24999999999636202E-1,1.02500000000000000E1));
#535=CARTESIAN_POINT('',(1.99999999999818101E-1,5.24999999999636202E-1,1.02500000000000000E1));
#536=CARTESIAN_POINT('',(1.99999999999818101E-1,1.25000000000000000E-1,1.02500000000000000E1));
#537=(BOUNDED_CURVE()B_SPLINE_CURVE(2,(#534,#535,#536),.UNSPECIFIED.,.F.,.F.)B_SPLINE_CURVE_WITH_KNOTS((3,3),(0.00000000000000000E0,1.00000000000000000E0),.UNSPECIFIED.)CURVE()GEOMETRIC_REPRESENTATION_ITEM()RATIONAL_B_SPLINE_CURVE((1.00000000000000000E0,7.07106781186547573E-1,1.00000000000000000E0))REPRESENTATION_ITEM(''));
#538=CARTESIAN_POINT('',(2.33103221517012571E-2,5.24482248394633643E-1,5.25000000000000000E0));
#539=CARTESIAN_POINT('',(2.33103221517012571E-2,5.24482248394633643E-1,6.25000000000000000E0));
#540=CARTESIAN_POINT('',(2.33103221517012571E-2,5.24482248394633643E-1,7.25000000000000000E0));
#541=CARTESIAN_POINT('',(9.32412886049860390E-3,5.24792899357635179E-1,8.25000000000000000E0));
#542=CARTESIAN_POINT('',(4.66206443024930195E-3,5.24896449678635690E-1,9.25000000000000000E0));
#543=CARTESIAN_POINT('',(0.00000000000000000E0,5.24999999999636202E-1,1.02500000000000000E1));
#544=B_SPLINE_CURVE_WITH_KNOTS('',5,(#538,#539,#540,#541,#542,#543),.UNSPECIFIED.,.F.,.F.,(6,6),(0.00000000000000000E0,1.00000000000000000E0),.UNSPECIFIED.);
#545=CARTESIAN_POINT('',(-1.22101687456961372E-2,-2.74728796777708340E-1,5.25000000000000000E0));
#546=CARTESIAN_POINT('',(-1.22101687456961372E-2,-2.74728796777708340E-1,6.25000000000000000E0));
#547=CARTESIAN_POINT('',(-1.22101687456961372E-2,-2.74728796777708340E-1,7.25000000000000000E0));
#548=CARTESIAN_POINT('',(-4.88406749809655594E-3,-2.74891518711228855E-1,8.25000000000000000E0));
#549=CARTESIAN_POINT('',(-2.44203374904827797E-3,-2.74945759355432529E-1,9.25000000000000000E0));
#550=CARTESIAN_POINT('',(0.00000000000000000E0,-2.74999999999636202E-1,1.02500000000000000E1));
#551=B_SPLINE_CURVE_WITH_KNOTS('',5,(#545,#546,#547,#548,#549,#550),.UNSPECIFIED.,.F.,.F.,(6,6),(0.00000000000000000E0,1.00000000000000000E0),.UNSPECIFIED.);
#552=CARTESIAN_POINT('',(1.99999999999818101E-1,1.25000000000000000E-1,1.02500000000000000E1));
#553=CARTESIAN_POINT('',(1.99999999999818101E-1,-2.74999999999636202E-1,1.02500000000000000E1));
#554=CARTESIAN_POINT('',(0.00000000000000000E0,-2.74999999999636202E-1,1.02500000000000000E1));
#555=(BOUNDED_CURVE()B_SPLINE_CURVE(2,(#552,#553,#554),.UNSPECIFIED.,.F.,.F.)B_SPLINE_CURVE_WITH_KNOTS((3,3),(0.00000000000000000E0,1.00000000000000000E0),.UNSPECIFIED.)CURVE()GEOMETRIC_REPRESENTATION_ITEM()RATIONAL_B_SPLINE_CURVE((1.00000000000000000E0,7.07106781186547573E-1,1.00000000000000000E0))REPRESENTATION_ITEM(''));
#556=CARTESIAN_POINT('',(-1.94252684590537683E-1,1.33756848532357253E-1,5.25000000000000000E0));
#557=CARTESIAN_POINT('',(-1.94252684590537683E-1,1.33756848532357253E-1,6.25000000000000000E0));
#558=CARTESIAN_POINT('',(-1.94252684590537683E-1,1.33756848532357253E-1,7.25000000000000000E0));
#559=CARTESIAN_POINT('',(-1.97701073836469732E-1,1.28502739412397204E-1,8.25000000000000000E0));
#560=CARTESIAN_POINT('',(-1.98850536918143916E-1,1.26751369706198602E-1,9.25000000000000000E0));
#561=CARTESIAN_POINT('',(-1.99999999999818101E-1,1.25000000000000000E-1,1.02500000000000000E1));
#562=B_SPLINE_CURVE_WITH_KNOTS('',5,(#556,#557,#558,#559,#560,#561),.UNSPECIFIED.,.F.,.F.,(6,6),(0.00000000000000000E0,1.00000000000000000E0),.UNSPECIFIED.);
#563=CARTESIAN_POINT('',(0.00000000000000000E0,-2.74999999999636202E-1,1.02500000000000000E1));
#564=CARTESIAN_POINT('',(-1.99999999999818101E-1,-2.74999999999636202E-1,1.02500000000000000E1));
#565=CARTESIAN_POINT('',(-1.99999999999818101E-1,1.25000000000000000E-1,1.02500000000000000E1));
#566=(BOUNDED_CURVE()B_SPLINE_CURVE(2,(#563,#564,#565),.UNSPECIFIED.,.F.,.F.)B_SPLINE_CURVE_WITH_KNOTS((3,3),(0.00000000000000000E0,1.00000000000000000E0),.UNSPECIFIED.)CURVE()GEOMETRIC_REPRESENTATION_ITEM()RATIONAL_B_SPLINE_CURVE((1.00000000000000000E0,7.07106781186547573E-1,1.00000000000000000E0))REPRESENTATION_ITEM(''));
#567=CARTESIAN_POINT('',(0.00000000000000000E0,5.24999999999636202E-1,1.02500000000000000E1));
#568=CARTESIAN_POINT('',(-1.99999999999818101E-1,5.24999999999636202E-1,1.02500000000000000E1));
#569=CARTESIAN_POINT('',(-1.99999999999818101E-1,1.25000000000000000E-1,1.02500000000000000E1));
#570=(BOUNDED_CURVE()B_SPLINE_CURVE(2,(#567,#568,#569),.UNSPECIFIED.,.F.,.F.)B_SPLINE_CURVE_WITH_KNOTS((3,3),(0.00000000000000000E0,1.00000000000000000E0),.UNSPECIFIED.)CURVE()GEOMETRIC_REPRESENTATION_ITEM()RATIONAL_B_SPLINE_CURVE((1.00000000000000000E0,7.07106781186547573E-1,1.00000000000000000E0))REPRESENTATION_ITEM(''));
#571=(GEOMETRIC_REPRESENTATION_CONTEXT(2)REPRESENTATION_CONTEXT('','2D'));
#572=CARTESIAN_POINT('',(0.00000000000000000E0,0.00000000000000000E0));
#573=CARTESIAN_POINT('',(1.00000000000000000E0,0.00000000000000000E0));
#574=B_SPLINE_CURVE_WITH_KNOTS('',1,(#572,#573),.UNSPECIFIED.,.F.,.F.,(2,2),(0.00000000000000000E0,1.00000000000000000E0),.UNSPECIFIED.);
#575=DEFINITIONAL_REPRESENTATION('',(#574),#571);
#576=PCURVE('',#67,#575);
#577=CARTESIAN_POINT('',(1.00000000000000000E0,0.00000000000000000E0));
#578=CARTESIAN_POINT('',(1.00000000000000000E0,1.00000000000000000E0));
#579=B_SPLINE_CURVE_WITH_KNOTS('',1,(#577,#578),.UNSPECIFIED.,.F.,.F.,(2,2),(0.00000000000000000E0,1.00000000000000000E0),.UNSPECIFIED.);
#580=DEFINITIONAL_REPRESENTATION('',(#579),#571);
#581=PCURVE('',#67,#580);
#582=CARTESIAN_POINT('',(1.00000000000000000E0,1.00000000000000000E0));
#583=CARTESIAN_POINT('',(0.00000000000000000E0,1.00000000000000000E0));
#584=B_SPLINE_CURVE_WITH_KNOTS('',1,(#582,#583),.UNSPECIFIED.,.F.,.F.,(2,2),(0.00000000000000000E0,1.00000000000000000E0),.UNSPECIFIED.);
#585=DEFINITIONAL_REPRESENTATION('',(#584),#571);
#586=PCURVE('',#67,#585);
#587=CARTESIAN_POINT('',(0.00000000000000000E0,1.00000000000000000E0));
#588=CARTESIAN_POINT('',(0.00000000000000000E0,0.00000000000000000E0));
#589=B_SPLINE_CURVE_WITH_KNOTS('',1,(#587,#588),.UNSPECIFIED.,.F.,.F.,(2,2),(0.00000000000000000E0,1.00000000000000000E0),.UNSPECIFIED.);
#590=DEFINITIONAL_REPRESENTATION('',(#589),#571);
#591=PCURVE('',#67,#590);
#592=CARTESIAN_POINT('',(0.00000000000000000E0,0.00000000000000000E0));
#593=CARTESIAN_POINT('',(1.00000000000000000E0,0.00000000000000000E0));
#594=B_SPLINE_CURVE_WITH_KNOTS('',1,(#592,#593),.UNSPECIFIED.,.F.,.F.,(2,2),(0.00000000000000000E0,1.00000000000000000E0),.UNSPECIFIED.);
#595=DEFINITIONAL_REPRESENTATION('',(#594),#571);
#596=PCURVE('',#86,#595);
#597=CARTESIAN_POINT('',(1.00000000000000000E0,0.00000000000000000E0));
#598=CARTESIAN_POINT('',(1.00000000000000000E0,1.00000000000000000E0));
#599=B_SPLINE_CURVE_WITH_KNOTS('',1,(#597,#598),.UNSPECIFIED.,.F.,.F.,(2,2),(0.00000000000000000E0,1.00000000000000000E0),.UNSPECIFIED.);
#600=DEFINITIONAL_REPRESENTATION('',(#599),#571);
#601=PCURVE('',#86,#600);
#602=CARTESIAN_POINT('',(1.00000000000000000E0,1.00000000000000000E0));
#603=CARTESIAN_POINT('',(0.00000000000000000E0,1.00000000000000000E0));
#604=B_SPLINE_CURVE_WITH_KNOTS('',1,(#602,#603),.UNSPECIFIED.,.F.,.F.,(2,2),(0.00000000000000000E0,1.00000000000000000E0),.UNSPECIFIED.);
#605=DEFINITIONAL_REPRESENTATION('',(#604),#571);
#606=PCURVE('',#86,#605);
#607=CARTESIAN_POINT('',(0.00000000000000000E0,1.00000000000000000E0));
#608=CARTESIAN_POINT('',(0.00000000000000000E0,0.00000000000000000E0));
#609=B_SPLINE_CURVE_WITH_KNOTS('',1,(#607,#608),.UNSPECIFIED.,.F.,.F.,(2,2),(0.00000000000000000E0,1.00000000000000000E0),.UNSPECIFIED.);
#610=DEFINITIONAL_REPRESENTATION('',(#609),#571);
#611=PCURVE('',#86,#610);
#612=CARTESIAN_POINT('',(0.00000000000000000E0,0.00000000000000000E0));
#613=CARTESIAN_POINT('',(1.00000000000000000E0,0.00000000000000000E0));
#614=B_SPLINE_CURVE_WITH_KNOTS('',1,(#612,#613),.UNSPECIFIED.,.F.,.F.,(2,2),(0.00000000000000000E0,1.00000000000000000E0),.UNSPECIFIED.);
#615=DEFINITIONAL_REPRESENTATION('',(#614),#571);
#616=PCURVE('',#105,#615);
#617=CARTESIAN_POINT('',(1.00000000000000000E0,0.00000000000000000E0));
#618=CARTESIAN_POINT('',(1.00000000000000000E0,1.00000000000000000E0));
#619=B_SPLINE_CURVE_WITH_KNOTS('',1,(#617,#618),.UNSPECIFIED.,.F.,.F.,(2,2),(0.00000000000000000E0,1.00000000000000000E0),.UNSPECIFIED.);
#620=DEFINITIONAL_REPRESENTATION('',(#619),#571);
#621=PCURVE('',#105,#620);
#622=CARTESIAN_POINT('',(1.00000000000000000E0,1.00000000000000000E0));
#623=CARTESIAN_POINT('',(0.00000000000000000E0,1.00000000000000000E0));
#624=B_SPLINE_CURVE_WITH_KNOTS('',1,(#622,#623),.UNSPECIFIED.,.F.,.F.,(2,2),(0.00000000000000000E0,1.00000000000000000E0),.UNSPECIFIED.);
#625=DEFINITIONAL_REPRESENTATION('',(#624),#571);
#626=PCURVE('',#105,#625);
#627=CARTESIAN_POINT('',(0.00000000000000000E0,1.00000000000000000E0));
#628=CARTESIAN_POINT('',(0.00000000000000000E0,0.00000000000000000E0));
#629=B_SPLINE_CURVE_WITH_KNOTS('',1,(#627,#628),.UNSPECIFIED.,.F.,.F.,(2,2),(0.00000000000000000E0,1.00000000000000000E0),.UNSPECIFIED.);
#630=DEFINITIONAL_REPRESENTATION('',(#629),#571);
#631=PCURVE('',#105,#630);
#632=CARTESIAN_POINT('',(0.00000000000000000E0,0.00000000000000000E0));
#633=CARTESIAN_POINT('',(1.00000000000000000E0,0.00000000000000000E0));
#634=B_SPLINE_CURVE_WITH_KNOTS('',1,(#632,#633),.UNSPECIFIED.,.F.,.F.,(2,2),(0.00000000000000000E0,1.00000000000000000E0),.UNSPECIFIED.);
#635=DEFINITIONAL_REPRESENTATION('',(#634),#571);
#636=PCURVE('',#124,#635);
#637=CARTESIAN_POINT('',(1.00000000000000000E0,0.00000000000000000E0));
#638=CARTESIAN_POINT('',(1.00000000000000000E0,1.00000000000000000E0));
#639=B_SPLINE_CURVE_WITH_KNOTS('',1,(#637,#638),.UNSPECIFIED.,.F.,.F.,(2,2),(0.00000000000000000E0,1.00000000000000000E0),.UNSPECIFIED.);
#640=DEFINITIONAL_REPRESENTATION('',(#639),#571);
#641=PCURVE('',#124,#640);
#642=CARTESIAN_POINT('',(1.00000000000000000E0,1.00000000000000000E0));
#643=CARTESIAN_POINT('',(0.00000000000000000E0,1.00000000000000000E0));
#644=B_SPLINE_CURVE_WITH_KNOTS('',1,(#642,#643),.UNSPECIFIED.,.F.,.F.,(2,2),(0.00000000000000000E0,1.00000000000000000E0),.UNSPECIFIED.);
#645=DEFINITIONAL_REPRESENTATION('',(#644),#571);
#646=PCURVE('',#124,#645);
#647=CARTESIAN_POINT('',(0.00000000000000000E0,1.00000000000000000E0));
#648=CARTESIAN_POINT('',(0.00000000000000000E0,0.00000000000000000E0));
#649=B_SPLINE_CURVE_WITH_KNOTS('',1,(#647,#648),.UNSPECIFIED.,.F.,.F.,(2,2),(0.00000000000000000E0,1.00000000000000000E0),.UNSPECIFIED.);
#650=DEFINITIONAL_REPRESENTATION('',(#649),#571);
#651=PCURVE('',#124,#650);
#652=CARTESIAN_POINT('',(0.00000000000000000E0,0.00000000000000000E0));
#653=CARTESIAN_POINT('',(1.00000000000000000E0,0.00000000000000000E0));
#654=B_SPLINE_CURVE_WITH_KNOTS('',1,(#652,#653),.UNSPECIFIED.,.F.,.F.,(2,2),(0.00000000000000000E0,1.00000000000000000E0),.UNSPECIFIED.);
#655=DEFINITIONAL_REPRESENTATION('',(#654),#571);
#656=PCURVE('',#143,#655);
#657=CARTESIAN_POINT('',(1.00000000000000000E0,0.00000000000000000E0));
#658=CARTESIAN_POINT('',(1.00000000000000000E0,1.00000000000000000E0));
#659=B_SPLINE_CURVE_WITH_KNOTS('',1,(#657,#658),.UNSPECIFIED.,.F.,.F.,(2,2),(0.00000000000000000E0,1.00000000000000000E0),.UNSPECIFIED.);
#660=DEFINITIONAL_REPRESENTATION('',(#659),#571);
#661=PCURVE('',#143,#660);
#662=CARTESIAN_POINT('',(1.00000000000000000E0,1.00000000000000000E0));
#663=CARTESIAN_POINT('',(0.00000000000000000E0,1.00000000000000000E0));
#664=B_SPLINE_CURVE_WITH_KNOTS('',1,(#662,#663),.UNSPECIFIED.,.F.,.F.,(2,2),(0.00000000000000000E0,1.00000000000000000E0),.UNSPECIFIED.);
#665=DEFINITIONAL_REPRESENTATION('',(#664),#571);
#666=PCURVE('',#143,#665);
#667=CARTESIAN_POINT('',(0.00000000000000000E0,1.00000000000000000E0));
#668=CARTESIAN_POINT('',(0.00000000000000000E0,0.00000000000000000E0));
#669=B_SPLINE_CURVE_WITH_KNOTS('',1,(#667,#668),.UNSPECIFIED.,.F.,.F.,(2,2),(0.00000000000000000E0,1.00000000000000000E0),.UNSPECIFIED.);
#670=DEFINITIONAL_REPRESENTATION('',(#669),#571);
#671=PCURVE('',#143,#670);
#672=CARTESIAN_POINT('',(0.00000000000000000E0,0.00000000000000000E0));
#673=CARTESIAN_POINT('',(1.00000000000000000E0,0.00000000000000000E0));
#674=B_SPLINE_CURVE_WITH_KNOTS('',1,(#672,#673),.UNSPECIFIED.,.F.,.F.,(2,2),(0.00000000000000000E0,1.00000000000000000E0),.UNSPECIFIED.);
#675=DEFINITIONAL_REPRESENTATION('',(#674),#571);
#676=PCURVE('',#162,#675);
#677=CARTESIAN_POINT('',(1.00000000000000000E0,0.00000000000000000E0));
#678=CARTESIAN_POINT('',(1.00000000000000000E0,1.00000000000000000E0));
#679=B_SPLINE_CURVE_WITH_KNOTS('',1,(#677,#678),.UNSPECIFIED.,.F.,.F.,(2,2),(0.00000000000000000E0,1.00000000000000000E0),.UNSPECIFIED.);
#680=DEFINITIONAL_REPRESENTATION('',(#679),#571);
#681=PCURVE('',#162,#680);
#682=CARTESIAN_POINT('',(1.00000000000000000E0,1.00000000000000000E0));
#683=CARTESIAN_POINT('',(0.00000000000000000E0,1.00000000000000000E0));
#684=B_SPLINE_CURVE_WITH_KNOTS('',1,(#682,#683),.UNSPECIFIED.,.F.,.F.,(2,2),(0.00000000000000000E0,1.00000000000000000E0),.UNSPECIFIED.);
#685=DEFINITIONAL_REPRESENTATION('',(#684),#571);
#686=PCURVE('',#162,#685);
#687=CARTESIAN_POINT('',(0.00000000000000000E0,1.00000000000000000E0));
#688=CARTESIAN_POINT('',(0.00000000000000000E0,0.00000000000000000E0));
#689=B_SPLINE_CURVE_WITH_KNOTS('',1,(#687,#688),.UNSPECIFIED.,.F.,.F.,(2,2),(0.00000000000000000E0,1.00000000000000000E0),.UNSPECIFIED.);
#690=DEFINITIONAL_REPRESENTATION('',(#689),#571);
#691=PCURVE('',#162,#690);
#692=CARTESIAN_POINT('',(0.00000000000000000E0,0.00000000000000000E0));
#693=CARTESIAN_POINT('',(1.00000000000000000E0,0.00000000000000000E0));
#694=B_SPLINE_CURVE_WITH_KNOTS('',1,(#692,#693),.UNSPECIFIED.,.F.,.F.,(2,2),(0.00000000000000000E0,1.00000000000000000E0),.UNSPECIFIED.);
#695=DEFINITIONAL_REPRESENTATION('',(#694),#571);
#696=PCURVE('',#181,#695);
#697=CARTESIAN_POINT('',(1.00000000000000000E0,0.00000000000000000E0));
#698=CARTESIAN_POINT('',(1.00000000000000000E0,1.00000000000000000E0));
#699=B_SPLINE_CURVE_WITH_KNOTS('',1,(#697,#698),.UNSPECIFIED.,.F.,.F.,(2,2),(0.00000000000000000E0,1.00000000000000000E0),.UNSPECIFIED.);
#700=DEFINITIONAL_REPRESENTATION('',(#699),#571);
#701=PCURVE('',#181,#700);
#702=CARTESIAN_POINT('',(1.00000000000000000E0,1.00000000000000000E0));
#703=CARTESIAN_POINT('',(0.00000000000000000E0,1.00000000000000000E0));
#704=B_SPLINE_CURVE_WITH_KNOTS('',1,(#702,#703),.UNSPECIFIED.,.F.,.F.,(2,2),(0.00000000000000000E0,1.00000000000000000E0),.UNSPECIFIED.);
#705=DEFINITIONAL_REPRESENTATION('',(#704),#571);
#706=PCURVE('',#181,#705);
#707=CARTESIAN_POINT('',(0.00000000000000000E0,1.00000000000000000E0));
#708=CARTESIAN_POINT('',(0.00000000000000000E0,0.00000000000000000E0));
#709=B_SPLINE_CURVE_WITH_KNOTS('',1,(#707,#708),.UNSPECIFIED.,.F.,.F.,(2,2),(0.00000000000000000E0,1.00000000000000000E0),.UNSPECIFIED.);
#710=DEFINITIONAL_REPRESENTATION('',(#709),#571);
#711=PCURVE('',#181,#710);
#712=CARTESIAN_POINT('',(0.00000000000000000E0,0.00000000000000000E0));
#713=CARTESIAN_POINT('',(1.00000000000000000E0,0.00000000000000000E0));
#714=B_SPLINE_CURVE_WITH_KNOTS('',1,(#712,#713),.UNSPECIFIED.,.F.,.F.,(2,2),(0.00000000000000000E0,1.00000000000000000E0),.UNSPECIFIED.);
#715=DEFINITIONAL_REPRESENTATION('',(#714),#571);
#716=PCURVE('',#200,#715);
#717=CARTESIAN_POINT('',(1.00000000000000000E0,0.00000000000000000E0));
#718=CARTESIAN_POINT('',(1.00000000000000000E0,1.00000000000000000E0));
#719=B_SPLINE_CURVE_WITH_KNOTS('',1,(#717,#718),.UNSPECIFIED.,.F.,.F.,(2,2),(0.00000000000000000E0,1.00000000000000000E0),.UNSPECIFIED.);
#720=DEFINITIONAL_REPRESENTATION('',(#719),#571);
#721=PCURVE('',#200,#720);
#722=CARTESIAN_POINT('',(1.00000000000000000E0,1.00000000000000000E0));
#723=CARTESIAN_POINT('',(0.00000000000000000E0,1.00000000000000000E0));
#724=B_SPLINE_CURVE_WITH_KNOTS('',1,(#722,#723),.UNSPECIFIED.,.F.,.F.,(2,2),(0.00000000000000000E0,1.00000000000000000E0),.UNSPECIFIED.);
#725=DEFINITIONAL_REPRESENTATION('',(#724),#571);
#726=PCURVE('',#200,#725);
#727=CARTESIAN_POINT('',(0.00000000000000000E0,1.00000000000000000E0));
#728=CARTESIAN_POINT('',(0.00000000000000000E0,0.00000000000000000E0));
#729=B_SPLINE_CURVE_WITH_KNOTS('',1,(#727,#728),.UNSPECIFIED.,.F.,.F.,(2,2),(0.00000000000000000E0,1.00000000000000000E0),.UNSPECIFIED.);
#730=DEFINITIONAL_REPRESENTATION('',(#729),#571);
#731=PCURVE('',#200,#730);
#732=CARTESIAN_POINT('',(0.00000000000000000E0,0.00000000000000000E0));
#733=CARTESIAN_POINT('',(1.00000000000000000E0,0.00000000000000000E0));
#734=B_SPLINE_CURVE_WITH_KNOTS('',1,(#732,#733),.UNSPECIFIED.,.F.,.F.,(2,2),(0.00000000000000000E0,1.00000000000000000E0),.UNSPECIFIED.);
#735=DEFINITIONAL_REPRESENTATION('',(#734),#571);
#736=PCURVE('',#219,#735);
#737=CARTESIAN_POINT('',(1.00000000000000000E0,0.00000000000000000E0));
#738=CARTESIAN_POINT('',(1.00000000000000000E0,1.00000000000000000E0));
#739=B_SPLINE_CURVE_WITH_KNOTS('',1,(#737,#738),.UNSPECIFIED.,.F.,.F.,(2,2),(0.00000000000000000E0,1.00000000000000000E0),.UNSPECIFIED.);
#740=DEFINITIONAL_REPRESENTATION('',(#739),#571);
#741=PCURVE('',#219,#740);
#742=CARTESIAN_POINT('',(1.00000000000000000E0,1.00000000000000000E0));
#743=CARTESIAN_POINT('',(0.00000000000000000E0,1.00000000000000000E0));
#744=B_SPLINE_CURVE_WITH_KNOTS('',1,(#742,#743),.UNSPECIFIED.,.F.,.F.,(2,2),(0.00000000000000000E0,1.00000000000000000E0),.UNSPECIFIED.);
#745=DEFINITIONAL_REPRESENTATION('',(#744),#571);
#746=PCURVE('',#219,#745);
#747=CARTESIAN_POINT('',(0.00000000000000000E0,1.00000000000000000E0));
#748=CARTESIAN_POINT('',(0.00000000000000000E0,0.00000000000000000E0));
#749=B_SPLINE_CURVE_WITH_KNOTS('',1,(#747,#748),.UNSPECIFIED.,.F.,.F.,(2,2),(0.00000000000000000E0,1.00000000000000000E0),.UNSPECIFIED.);
#750=DEFINITIONAL_REPRESENTATION('',(#749),#571);
#751=PCURVE('',#219,#750);
#752=CARTESIAN_POINT('',(0.00000000000000000E0,0.00000000000000000E0));
#753=CARTESIAN_POINT('',(1.00000000000000000E0,0.00000000000000000E0));
#754=B_SPLINE_CURVE_WITH_KNOTS('',1,(#752,#753),.UNSPECIFIED.,.F.,.F.,(2,2),(0.00000000000000000E0,1.00000000000000000E0),.UNSPECIFIED.);
#755=DEFINITIONAL_REPRESENTATION('',(#754),#571);
#756=PCURVE('',#238,#755);
#757=CARTESIAN_POINT('',(1.00000000000000000E0,0.00000000000000000E0));
#758=CARTESIAN_POINT('',(1.00000000000000000E0,1.00000000000000000E0));
#759=B_SPLINE_CURVE_WITH_KNOTS('',1,(#757,#758),.UNSPECIFIED.,.F.,.F.,(2,2),(0.00000000000000000E0,1.00000000000000000E0),.UNSPECIFIED.);
#760=DEFINITIONAL_REPRESENTATION('',(#759),#571);
#761=PCURVE('',#238,#760);
#762=CARTESIAN_POINT('',(1.00000000000000000E0,1.00000000000000000E0));
#763=CARTESIAN_POINT('',(0.00000000000000000E0,1.00000000000000000E0));
#764=B_SPLINE_CURVE_WITH_KNOTS('',1,(#762,#763),.UNSPECIFIED.,.F.,.F.,(2,2),(0.00000000000000000E0,1.00000000000000000E0),.UNSPECIFIED.);
#765=DEFINITIONAL_REPRESENTATION('',(#764),#571);
#766=PCURVE('',#238,#765);
#767=CARTESIAN_POINT('',(0.00000000000000000E0,1.00000000000000000E0));
#768=CARTESIAN_POINT('',(0.00000000000000000E0,0.00000000000000000E0));
#769=B_SPLINE_CURVE_WITH_KNOTS('',1,(#767,#768),.UNSPECIFIED.,.F.,.F.,(2,2),(0.00000000000000000E0,1.00000000000000000E0),.UNSPECIFIED.);
#770=DEFINITIONAL_REPRESENTATION('',(#769),#571);
#771=PCURVE('',#238,#770);
#772=CARTESIAN_POINT('',(0.00000000000000000E0,0.00000000000000000E0));
#773=CARTESIAN_POINT('',(1.00000000000000000E0,0.00000000000000000E0));
#774=B_SPLINE_CURVE_WITH_KNOTS('',1,(#772,#773),.UNSPECIFIED.,.F.,.F.,(2,2),(0.00000000000000000E0,1.00000000000000000E0),.UNSPECIFIED.);
#775=DEFINITIONAL_REPRESENTATION('',(#774),#571);
#776=PCURVE('',#257,#775);
#777=CARTESIAN_POINT('',(1.00000000000000000E0,0.00000000000000000E0));
#778=CARTESIAN_POINT('',(1.00000000000000000E0,1.00000000000000000E0));
#779=B_SPLINE_CURVE_WITH_KNOTS('',1,(#777,#778),.UNSPECIFIED.,.F.,.F.,(2,2),(0.00000000000000000E0,1.00000000000000000E0),.UNSPECIFIED.);
#780=DEFINITIONAL_REPRESENTATION('',(#779),#571);
#781=PCURVE('',#257,#780);
#782=CARTESIAN_POINT('',(1.00000000000000000E0,1.00000000000000000E0));
#783=CARTESIAN_POINT('',(0.00000000000000000E0,1.00000000000000000E0));
#784=B_SPLINE_CURVE_WITH_KNOTS('',1,(#782,#783),.UNSPECIFIED.,.F.,.F.,(2,2),(0.00000000000000000E0,1.00000000000000000E0),.UNSPECIFIED.);
#785=DEFINITIONAL_REPRESENTATION('',(#784),#571);
#786=PCURVE('',#257,#785);
#787=CARTESIAN_POINT('',(0.00000000000000000E0,1.00000000000000000E0));
#788=CARTESIAN_POINT('',(0.00000000000000000E0,0.00000000000000000E0));
#789=B_SPLINE_CURVE_WITH_KNOTS('',1,(#787,#788),.UNSPECIFIED.,.F.,.F.,(2,2),(0.00000000000000000E0,1.00000000000000000E0),.UNSPECIFIED.);
#790=DEFINITIONAL_REPRESENTATION('',(#789),#571);
#791=PCURVE('',#257,#790);
#792=CARTESIAN_POINT('',(0.00000000000000000E0,0.00000000000000000E0));
#793=CARTESIAN_POINT('',(1.00000000000000000E0,0.00000000000000000E0));
#794=B_SPLINE_CURVE_WITH_KNOTS('',1,(#792,#793),.UNSPECIFIED.,.F.,.F.,(2,2),(0.00000000000000000E0,1.00000000000000000E0),.UNSPECIFIED.);
#795=DEFINITIONAL_REPRESENTATION('',(#794),#571);
#796=PCURVE('',#276,#795);
#797=CARTESIAN_POINT('',(1.00000000000000000E0,0.00000000000000000E0));
#798=CARTESIAN_POINT('',(1.00000000000000000E0,1.00000000000000000E0));
#799=B_SPLINE_CURVE_WITH_KNOTS('',1,(#797,#798),.UNSPECIFIED.,.F.,.F.,(2,2),(0.00000000000000000E0,1.00000000000000000E0),.UNSPECIFIED.);
#800=DEFINITIONAL_REPRESENTATION('',(#799),#571);
#801=PCURVE('',#276,#800);
#802=CARTESIAN_POINT('',(1.00000000000000000E0,1.00000000000000000E0));
#803=CARTESIAN_POINT('',(0.00000000000000000E0,1.00000000000000000E0));
#804=B_SPLINE_CURVE_WITH_KNOTS('',1,(#802,#803),.UNSPECIFIED.,.F.,.F.,(2,2),(0.00000000000000000E0,1.00000000000000000E0),.UNSPECIFIED.);
#805=DEFINITIONAL_REPRESENTATION('',(#804),#571);
#806=PCURVE('',#276,#805);
#807=CARTESIAN_POINT('',(0.00000000000000000E0,1.00000000000000000E0));
#808=CARTESIAN_POINT('',(0.00000000000000000E0,0.00000000000000000E0));
#809=B_SPLINE_CURVE_WITH_KNOTS('',1,(#807,#808),.UNSPECIFIED.,.F.,.F.,(2,2),(0.00000000000000000E0,1.00000000000000000E0),.UNSPECIFIED.);
#810=DEFINITIONAL_REPRESENTATION('',(#809),#571);
#811=PCURVE('',#276,#810);
#812=CARTESIAN_POINT('',(0.00000000000000000E0,0.00000000000000000E0));
#813=CARTESIAN_POINT('',(1.00000000000000000E0,0.00000000000000000E0));
#814=B_SPLINE_CURVE_WITH_KNOTS('',1,(#812,#813),.UNSPECIFIED.,.F.,.F.,(2,2),(0.00000000000000000E0,1.00000000000000000E0),.UNSPECIFIED.);
#815=DEFINITIONAL_REPRESENTATION('',(#814),#571);
#816=PCURVE('',#295,#815);
#817=CARTESIAN_POINT('',(1.00000000000000000E0,0.00000000000000000E0));
#818=CARTESIAN_POINT('',(1.00000000000000000E0,1.00000000000000000E0));
#819=B_SPLINE_CURVE_WITH_KNOTS('',1,(#817,#818),.UNSPECIFIED.,.F.,.F.,(2,2),(0.00000000000000000E0,1.00000000000000000E0),.UNSPECIFIED.);
#820=DEFINITIONAL_REPRESENTATION('',(#819),#571);
#821=PCURVE('',#295,#820);
#822=CARTESIAN_POINT('',(1.00000000000000000E0,1.00000000000000000E0));
#823=CARTESIAN_POINT('',(0.00000000000000000E0,1.00000000000000000E0));
#824=B_SPLINE_CURVE_WITH_KNOTS('',1,(#822,#823),.UNSPECIFIED.,.F.,.F.,(2,2),(0.00000000000000000E0,1.00000000000000000E0),.UNSPECIFIED.);
#825=DEFINITIONAL_REPRESENTATION('',(#824),#571);
#826=PCURVE('',#295,#825);
#827=CARTESIAN_POINT('',(0.00000000000000000E0,1.00000000000000000E0));
#828=CARTESIAN_POINT('',(0.00000000000000000E0,0.00000000000000000E0));
#829=B_SPLINE_CURVE_WITH_KNOTS('',1,(#827,#828),.UNSPECIFIED.,.F.,.F.,(2,2),(0.00000000000000000E0,1.00000000000000000E0),.UNSPECIFIED.);
#830=DEFINITIONAL_REPRESENTATION('',(#829),#571);
#831=PCURVE('',#295,#830);
#832=CARTESIAN_POINT('',(0.00000000000000000E0,0.00000000000000000E0));
#833=CARTESIAN_POINT('',(1.00000000000000000E0,0.00000000000000000E0));
#834=B_SPLINE_CURVE_WITH_KNOTS('',1,(#832,#833),.UNSPECIFIED.,.F.,.F.,(2,2),(0.00000000000000000E0,1.00000000000000000E0),.UNSPECIFIED.);
#835=DEFINITIONAL_REPRESENTATION('',(#834),#571);
#836=PCURVE('',#314,#835);
#837=CARTESIAN_POINT('',(1.00000000000000000E0,0.00000000000000000E0));
#838=CARTESIAN_POINT('',(1.00000000000000000E0,1.00000000000000000E0));
#839=B_SPLINE_CURVE_WITH_KNOTS('',1,(#837,#838),.UNSPECIFIED.,.F.,.F.,(2,2),(0.00000000000000000E0,1.00000000000000000E0),.UNSPECIFIED.);
#840=DEFINITIONAL_REPRESENTATION('',(#839),#571);
#841=PCURVE('',#314,#840);
#842=CARTESIAN_POINT('',(1.00000000000000000E0,1.00000000000000000E0));
#843=CARTESIAN_POINT('',(0.00000000000000000E0,1.00000000000000000E0));
#844=B_SPLINE_CURVE_WITH_KNOTS('',1,(#842,#843),.UNSPECIFIED.,.F.,.F.,(2,2),(0.00000000000000000E0,1.00000000000000000E0),.UNSPECIFIED.);
#845=DEFINITIONAL_REPRESENTATION('',(#844),#571);
#846=PCURVE('',#314,#845);
#847=CARTESIAN_POINT('',(0.00000000000000000E0,1.00000000000000000E0));
#848=CARTESIAN_POINT('',(0.00000000000000000E0,0.00000000000000000E0));
#849=B_SPLINE_CURVE_WITH_KNOTS('',1,(#847,#848),.UNSPECIFIED.,.F.,.F.,(2,2),(0.00000000000000000E0,1.00000000000000000E0),.UNSPECIFIED.);
#850=DEFINITIONAL_REPRESENTATION('',(#849),#571);
#851=PCURVE('',#314,#850);
#852=CARTESIAN_POINT('',(0.00000000000000000E0,0.00000000000000000E0));
#853=CARTESIAN_POINT('',(1.00000000000000000E0,0.00000000000000000E0));
#854=B_SPLINE_CURVE_WITH_KNOTS('',1,(#852,#853),.UNSPECIFIED.,.F.,.F.,(2,2),(0.00000000000000000E0,1.00000000000000000E0),.UNSPECIFIED.);
#855=DEFINITIONAL_REPRESENTATION('',(#854),#571);
#856=PCURVE('',#333,#855);
#857=CARTESIAN_POINT('',(1.00000000000000000E0,0.00000000000000000E0));
#858=CARTESIAN_POINT('',(1.00000000000000000E0,1.00000000000000000E0));
#859=B_SPLINE_CURVE_WITH_KNOTS('',1,(#857,#858),.UNSPECIFIED.,.F.,.F.,(2,2),(0.00000000000000000E0,1.00000000000000000E0),.UNSPECIFIED.);
#860=DEFINITIONAL_REPRESENTATION('',(#859),#571);
#861=PCURVE('',#333,#860);
#862=CARTESIAN_POINT('',(1.00000000000000000E0,1.00000000000000000E0));
#863=CARTESIAN_POINT('',(0.00000000000000000E0,1.00000000000000000E0));
#864=B_SPLINE_CURVE_WITH_KNOTS('',1,(#862,#863),.UNSPECIFIED.,.F.,.F.,(2,2),(0.00000000000000000E0,1.00000000000000000E0),.UNSPECIFIED.);
#865=DEFINITIONAL_REPRESENTATION('',(#864),#571);
#866=PCURVE('',#333,#865);
#867=CARTESIAN_POINT('',(0.00000000000000000E0,1.00000000000000000E0));
#868=CARTESIAN_POINT('',(0.00000000000000000E0,0.00000000000000000E0));
#869=B_SPLINE_CURVE_WITH_KNOTS('',1,(#867,#868),.UNSPECIFIED.,.F.,.F.,(2,2),(0.00000000000000000E0,1.00000000000000000E0),.UNSPECIFIED.);
#870=DEFINITIONAL_REPRESENTATION('',(#869),#571);
#871=PCURVE('',#333,#870);
#872=CARTESIAN_POINT('',(0.00000000000000000E0,0.00000000000000000E0));
#873=CARTESIAN_POINT('',(1.00000000000000000E0,0.00000000000000000E0));
#874=B_SPLINE_CURVE_WITH_KNOTS('',1,(#872,#873),.UNSPECIFIED.,.F.,.F.,(2,2),(0.00000000000000000E0,1.00000000000000000E0),.UNSPECIFIED.);
#875=DEFINITIONAL_REPRESENTATION('',(#874),#571);
#876=PCURVE('',#352,#875);
#877=CARTESIAN_POINT('',(1.00000000000000000E0,0.00000000000000000E0));
#878=CARTESIAN_POINT('',(1.00000000000000000E0,1.00000000000000000E0));
#879=B_SPLINE_CURVE_WITH_KNOTS('',1,(#877,#878),.UNSPECIFIED.,.F.,.F.,(2,2),(0.00000000000000000E0,1.00000000000000000E0),.UNSPECIFIED.);
#880=DEFINITIONAL_REPRESENTATION('',(#879),#571);
#881=PCURVE('',#352,#880);
#882=CARTESIAN_POINT('',(1.00000000000000000E0,1.00000000000000000E0));
#883=CARTESIAN_POINT('',(0.00000000000000000E0,1.00000000000000000E0));
#884=B_SPLINE_CURVE_WITH_KNOTS('',1,(#882,#883),.UNSPECIFIED.,.F.,.F.,(2,2),(0.00000000000000000E0,1.00000000000000000E0),.UNSPECIFIED.);
#885=DEFINITIONAL_REPRESENTATION('',(#884),#571);
#886=PCURVE('',#352,#885);
#887=CARTESIAN_POINT('',(0.00000000000000000E0,1.00000000000000000E0));
#888=CARTESIAN_POINT('',(0.00000000000000000E0,0.00000000000000000E0));
#889=B_SPLINE_CURVE_WITH_KNOTS('',1,(#887,#888),.UNSPECIFIED.,.F.,.F.,(2,2),(0.00000000000000000E0,1.00000000000000000E0),.UNSPECIFIED.);
#890=DEFINITIONAL_REPRESENTATION('',(#889),#571);
#891=PCURVE('',#352,#890);
#892=CARTESIAN_POINT('',(0.00000000000000000E0,1.12500000000000000E0));
#893=CARTESIAN_POINT('',(-5.00000000000000000E-1,1.12500000000000000E0));
#894=CARTESIAN_POINT('',(-5.00000000000000000E-1,1.25000000000000000E-1));
#895=(BOUNDED_CURVE()B_SPLINE_CURVE(2,(#892,#893,#894),.UNSPECIFIED.,.F.,.F.)B_SPLINE_CURVE_WITH_KNOTS((3,3),(0.00000000000000000E0,1.00000000000000000E0),.UNSPECIFIED.)CURVE()GEOMETRIC_REPRESENTATION_ITEM()RATIONAL_B_SPLINE_CURVE((1.00000000000000000E0,7.07106781186547573E-1,1.00000000000000000E0))REPRESENTATION_ITEM(''));
#896=DEFINITIONAL_REPRESENTATION('',(#895),#571);
#897=PCURVE('',#357,#896);
#898=CARTESIAN_POINT('',(-5.00000000000000000E-1,1.25000000000000000E-1));
#899=CARTESIAN_POINT('',(-5.00000000000000000E-1,-8.75000000000000000E-1));
#900=CARTESIAN_POINT('',(0.00000000000000000E0,-8.75000000000000000E-1));
#901=(BOUNDED_CURVE()B_SPLINE_CURVE(2,(#898,#899,#900),.UNSPECIFIED.,.F.,.F.)B_SPLINE_CURVE_WITH_KNOTS((3,3),(0.00000000000000000E0,1.00000000000000000E0),.UNSPECIFIED.)CURVE()GEOMETRIC_REPRESENTATION_ITEM()RATIONAL_B_SPLINE_CURVE((1.00000000000000000E0,7.07106781186547573E-1,1.00000000000000000E0))REPRESENTATION_ITEM(''));
#902=DEFINITIONAL_REPRESENTATION('',(#901),#571);
#903=PCURVE('',#357,#902);
#904=CARTESIAN_POINT('',(0.00000000000000000E0,-8.75000000000000000E-1));
#905=CARTESIAN_POINT('',(5.00000000000000000E-1,-8.75000000000000000E-1));
#906=CARTESIAN_POINT('',(5.00000000000000000E-1,1.25000000000000000E-1));
#907=(BOUNDED_CURVE()B_SPLINE_CURVE(2,(#904,#905,#906),.UNSPECIFIED.,.F.,.F.)B_SPLINE_CURVE_WITH_KNOTS((3,3),(0.00000000000000000E0,1.00000000000000000E0),.UNSPECIFIED.)CURVE()GEOMETRIC_REPRESENTATION_ITEM()RATIONAL_B_SPLINE_CURVE((1.00000000000000000E0,7.07106781186547573E-1,1.00000000000000000E0))REPRESENTATION_ITEM(''));
#908=DEFINITIONAL_REPRESENTATION('',(#907),#571);
#909=PCURVE('',#357,#908);
#910=CARTESIAN_POINT('',(5.00000000000000000E-1,1.25000000000000000E-1));
#911=CARTESIAN_POINT('',(5.00000000000000000E-1,1.12500000000000000E0));
#912=CARTESIAN_POINT('',(0.00000000000000000E0,1.12500000000000000E0));
#913=(BOUNDED_CURVE()B_SPLINE_CURVE(2,(#910,#911,#912),.UNSPECIFIED.,.F.,.F.)B_SPLINE_CURVE_WITH_KNOTS((3,3),(0.00000000000000000E0,1.00000000000000000E0),.UNSPECIFIED.)CURVE()GEOMETRIC_REPRESENTATION_ITEM()RATIONAL_B_SPLINE_CURVE((1.00000000000000000E0,7.07106781186547573E-1,1.00000000000000000E0))REPRESENTATION_ITEM(''));
#914=DEFINITIONAL_REPRESENTATION('',(#913),#571);
#915=PCURVE('',#357,#914);
#916=CARTESIAN_POINT('',(0.00000000000000000E0,5.24999999999636202E-1));
#917=CARTESIAN_POINT('',(1.99999999999818101E-1,5.24999999999636202E-1));
#918=CARTESIAN_POINT('',(1.99999999999818101E-1,1.25000000000000000E-1));
#919=(BOUNDED_CURVE()B_SPLINE_CURVE(2,(#916,#917,#918),.UNSPECIFIED.,.F.,.F.)B_SPLINE_CURVE_WITH_KNOTS((3,3),(0.00000000000000000E0,1.00000000000000000E0),.UNSPECIFIED.)CURVE()GEOMETRIC_REPRESENTATION_ITEM()RATIONAL_B_SPLINE_CURVE((1.00000000000000000E0,7.07106781186547573E-1,1.00000000000000000E0))REPRESENTATION_ITEM(''));
#920=DEFINITIONAL_REPRESENTATION('',(#919),#571);
#921=PCURVE('',#357,#920);
#922=CARTESIAN_POINT('',(1.99999999999818101E-1,1.25000000000000000E-1));
#923=CARTESIAN_POINT('',(1.99999999999818101E-1,-2.74999999999636202E-1));
#924=CARTESIAN_POINT('',(0.00000000000000000E0,-2.74999999999636202E-1));
#925=(BOUNDED_CURVE()B_SPLINE_CURVE(2,(#922,#923,#924),.UNSPECIFIED.,.F.,.F.)B_SPLINE_CURVE_WITH_KNOTS((3,3),(0.00000000000000000E0,1.00000000000000000E0),.UNSPECIFIED.)CURVE()GEOMETRIC_REPRESENTATION_ITEM()RATIONAL_B_SPLINE_CURVE((1.00000000000000000E0,7.07106781186547573E-1,1.00000000000000000E0))REPRESENTATION_ITEM(''));
#926=DEFINITIONAL_REPRESENTATION('',(#925),#571);
#927=PCURVE('',#357,#926);
#928=CARTESIAN_POINT('',(0.00000000000000000E0,-2.74999999999636202E-1));
#929=CARTESIAN_POINT('',(-1.99999999999818101E-1,-2.74999999999636202E-1));
#930=CARTESIAN_POINT('',(-1.99999999999818101E-1,1.25000000000000000E-1));
#931=(BOUNDED_CURVE()B_SPLINE_CURVE(2,(#928,#929,#930),.UNSPECIFIED.,.F.,.F.)B_SPLINE_CURVE_WITH_KNOTS((3,3),(0.00000000000000000E0,1.00000000000000000E0),.UNSPECIFIED.)CURVE()GEOMETRIC_REPRESENTATION_ITEM()RATIONAL_B_SPLINE_CURVE((1.00000000000000000E0,7.07106781186547573E-1,1.00000000000000000E0))REPRESENTATION_ITEM(''));
#932=DEFINITIONAL_REPRESENTATION('',(#931),#571);
#933=PCURVE('',#357,#932);
#934=CARTESIAN_POINT('',(-1.99999999999818101E-1,1.25000000000000000E-1));
#935=CARTESIAN_POINT('',(-1.99999999999818101E-1,5.24999999999636202E-1));
#936=CARTESIAN_POINT('',(0.00000000000000000E0,5.24999999999636202E-1));
#937=(BOUNDED_CURVE()B_SPLINE_CURVE(2,(#934,#935,#936),.UNSPECIFIED.,.F.,.F.)B_SPLINE_CURVE_WITH_KNOTS((3,3),(0.00000000000000000E0,1.00000000000000000E0),.UNSPECIFIED.)CURVE()GEOMETRIC_REPRESENTATION_ITEM()RATIONAL_B_SPLINE_CURVE((1.00000000000000000E0,7.07106781186547573E-1,1.00000000000000000E0))REPRESENTATION_ITEM(''));
#938=DEFINITIONAL_REPRESENTATION('',(#937),#571);
#939=PCURVE('',#357,#938);
#940=CARTESIAN_POINT('',(0.00000000000000000E0,1.12500000000000000E0));
#941=CARTESIAN_POINT('',(-5.00000000000000000E-1,1.12500000000000000E0));
#942=CARTESIAN_POINT('',(-5.00000000000000000E-1,1.25000000000000000E-1));
#943=(BOUNDED_CURVE()B_SPLINE_CURVE(2,(#940,#941,#942),.UNSPECIFIED.,.F.,.F.)B_SPLINE_CURVE_WITH_KNOTS((3,3),(0.00000000000000000E0,1.00000000000000000E0),.UNSPECIFIED.)CURVE()GEOMETRIC_REPRESENTATION_ITEM()RATIONAL_B_SPLINE_CURVE((1.00000000000000000E0,7.07106781186547573E-1,1.00000000000000000E0))REPRESENTATION_ITEM(''));
#944=DEFINITIONAL_REPRESENTATION('',(#943),#571);
#945=PCURVE('',#362,#944);
#946=CARTESIAN_POINT('',(-5.00000000000000000E-1,1.25000000000000000E-1));
#947=CARTESIAN_POINT('',(-5.00000000000000000E-1,-8.75000000000000000E-1));
#948=CARTESIAN_POINT('',(0.00000000000000000E0,-8.75000000000000000E-1));
#949=(BOUNDED_CURVE()B_SPLINE_CURVE(2,(#946,#947,#948),.UNSPECIFIED.,.F.,.F.)B_SPLINE_CURVE_WITH_KNOTS((3,3),(0.00000000000000000E0,1.00000000000000000E0),.UNSPECIFIED.)CURVE()GEOMETRIC_REPRESENTATION_ITEM()RATIONAL_B_SPLINE_CURVE((1.00000000000000000E0,7.07106781186547573E-1,1.00000000000000000E0))REPRESENTATION_ITEM(''));
#950=DEFINITIONAL_REPRESENTATION('',(#949),#571);
#951=PCURVE('',#362,#950);
#952=CARTESIAN_POINT('',(0.00000000000000000E0,-8.75000000000000000E-1));
#953=CARTESIAN_POINT('',(5.00000000000000000E-1,-8.75000000000000000E-1));
#954=CARTESIAN_POINT('',(5.00000000000000000E-1,1.25000000000000000E-1));
#955=(BOUNDED_CURVE()B_SPLINE_CURVE(2,(#952,#953,#954),.UNSPECIFIED.,.F.,.F.)B_SPLINE_CURVE_WITH_KNOTS((3,3),(0.00000000000000000E0,1.00000000000000000E0),.UNSPECIFIED.)CURVE()GEOMETRIC_REPRESENTATION_ITEM()RATIONAL_B_SPLINE_CURVE((1.00000000000000000E0,7.07106781186547573E-1,1.00000000000000000E0))REPRESENTATION_ITEM(''));
#956=DEFINITIONAL_REPRESENTATION('',(#955),#571);
#957=PCURVE('',#362,#956);
#958=CARTESIAN_POINT('',(5.00000000000000000E-1,1.25000000000000000E-1));
#959=CARTESIAN_POINT('',(5.00000000000000000E-1,1.12500000000000000E0));
#960=CARTESIAN_POINT('',(0.00000000000000000E0,1.12500000000000000E0));
#961=(BOUNDED_CURVE()B_SPLINE_CURVE(2,(#958,#959,#960),.UNSPECIFIED.,.F.,.F.)B_SPLINE_CURVE_WITH_KNOTS((3,3),(0.00000000000000000E0,1.00000000000000000E0),.UNSPECIFIED.)CURVE()GEOMETRIC_REPRESENTATION_ITEM()RATIONAL_B_SPLINE_CURVE((1.00000000000000000E0,7.07106781186547573E-1,1.00000000000000000E0))REPRESENTATION_ITEM(''));
#962=DEFINITIONAL_REPRESENTATION('',(#961),#571);
#963=PCURVE('',#362,#962);
#964=CARTESIAN_POINT('',(0.00000000000000000E0,5.24999999999636202E-1));
#965=CARTESIAN_POINT('',(1.99999999999818101E-1,5.24999999999636202E-1));
#966=CARTESIAN_POINT('',(1.99999999999818101E-1,1.25000000000000000E-1));
#967=(BOUNDED_CURVE()B_SPLINE_CURVE(2,(#964,#965,#966),.UNSPECIFIED.,.F.,.F.)B_SPLINE_CURVE_WITH_KNOTS((3,3),(0.00000000000000000E0,1.00000000000000000E0),.UNSPECIFIED.)CURVE()GEOMETRIC_REPRESENTATION_ITEM()RATIONAL_B_SPLINE_CURVE((1.00000000000000000E0,7.07106781186547573E-1,1.00000000000000000E0))REPRESENTATION_ITEM(''));
#968=DEFINITIONAL_REPRESENTATION('',(#967),#571);
#969=PCURVE('',#362,#968);
#970=CARTESIAN_POINT('',(1.99999999999818101E-1,1.25000000000000000E-1));
#971=CARTESIAN_POINT('',(1.99999999999818101E-1,-2.74999999999636202E-1));
#972=CARTESIAN_POINT('',(0.00000000000000000E0,-2.74999999999636202E-1));
#973=(BOUNDED_CURVE()B_SPLINE_CURVE(2,(#970,#971,#972),.UNSPECIFIED.,.F.,.F.)B_SPLINE_CURVE_WITH_KNOTS((3,3),(0.00000000000000000E0,1.00000000000000000E0),.UNSPECIFIED.)CURVE()GEOMETRIC_REPRESENTATION_ITEM()RATIONAL_B_SPLINE_CURVE((1.00000000000000000E0,7.07106781186547573E-1,1.00000000000000000E0))REPRESENTATION_ITEM(''));
#974=DEFINITIONAL_REPRESENTATION('',(#973),#571);
#975=PCURVE('',#362,#974);
#976=CARTESIAN_POINT('',(0.00000000000000000E0,-2.74999999999636202E-1));
#977=CARTESIAN_POINT('',(-1.99999999999818101E-1,-2.74999999999636202E-1));
#978=CARTESIAN_POINT('',(-1.99999999999818101E-1,1.25000000000000000E-1));
#979=(BOUNDED_CURVE()B_SPLINE_CURVE(2,(#976,#977,#978),.UNSPECIFIED.,.F.,.F.)B_SPLINE_CURVE_WITH_KNOTS((3,3),(0.00000000000000000E0,1.00000000000000000E0),.UNSPECIFIED.)CURVE()GEOMETRIC_REPRESENTATION_ITEM()RATIONAL_B_SPLINE_CURVE((1.00000000000000000E0,7.07106781186547573E-1,1.00000000000000000E0))REPRESENTATION_ITEM(''));
#980=DEFINITIONAL_REPRESENTATION('',(#979),#571);
#981=PCURVE('',#362,#980);
#982=CARTESIAN_POINT('',(-1.99999999999818101E-1,1.25000000000000000E-1));
#983=CARTESIAN_POINT('',(-1.99999999999818101E-1,5.24999999999636202E-1));
#984=CARTESIAN_POINT('',(0.00000000000000000E0,5.24999999999636202E-1));
#985=(BOUNDED_CURVE()B_SPLINE_CURVE(2,(#982,#983,#984),.UNSPECIFIED.,.F.,.F.)B_SPLINE_CURVE_WITH_KNOTS((3,3),(0.00000000000000000E0,1.00000000000000000E0),.UNSPECIFIED.)CURVE()GEOMETRIC_REPRESENTATION_ITEM()RATIONAL_B_SPLINE_CURVE((1.00000000000000000E0,7.07106781186547573E-1,1.00000000000000000E0))REPRESENTATION_ITEM(''));
#986=DEFINITIONAL_REPRESENTATION('',(#985),#571);
#987=PCURVE('',#362,#986);
#988=SURFACE_CURVE('',#366,(#576,#915),.PCURVE_S1.);
#989=EDGE_CURVE('OSCAD_TOPO/3|edge|e:b1ac209c6669425b5e2ec60b02df6b49|e66355d40aae4307e3acff721f6e8aa03de544890cc04812598d08c3d2d5be4f',#2,#4,#988,.T.);
#990=SURFACE_CURVE('',#373,(#581,#611),.PCURVE_S1.);
#991=EDGE_CURVE('OSCAD_TOPO/3|edge|e:4dc851b44b509ef7bc8b7267123a2b8e|2d6642fee695f09d84659be8b1ce65413035b24b27832cec1223c01601b12627',#4,#20,#990,.T.);
#992=SURFACE_CURVE('',#377,(#586,#736),.PCURVE_S1.);
#993=EDGE_CURVE('OSCAD_TOPO/3|edge|e:5cd8f4a9ebeb689ffc8a9a34e40f346c|7eebe407f086e0a7fa68117831b0dda1384c24c4191063e797b81767631e8589',#18,#20,#992,.T.);
#994=SURFACE_CURVE('',#384,(#591,#641),.PCURVE_S1.);
#995=EDGE_CURVE('OSCAD_TOPO/3|edge|e:c66c7008e27216c5d1a0a8cd2931602b|57a70fa4d57419244074d967b5e1380298e39df2583894d7f701a74140a07bcb',#2,#18,#994,.T.);
#996=SURFACE_CURVE('',#388,(#596,#909),.PCURVE_S1.);
#997=EDGE_CURVE('OSCAD_TOPO/3|edge|e:4990199625d8cbdb5afbf838c6d74b6f|bca755ed9a1adba7eec93f26c2eb2669544871d1e8a5af5d9ebf3e06f8936541',#4,#6,#996,.T.);
#998=SURFACE_CURVE('',#395,(#601,#631),.PCURVE_S1.);
#999=EDGE_CURVE('OSCAD_TOPO/3|edge|e:46a0cd785ccc28086bbe280403172e7a|8c199e108413a5ab129c581538ecf078c081b3c41d87c58e75e78d5235175873',#6,#22,#998,.T.);
#1000=SURFACE_CURVE('',#399,(#606,#756),.PCURVE_S1.);
#1001=EDGE_CURVE('OSCAD_TOPO/3|edge|e:f2be235c019f5b518a78dddd991bae92|b8eed7367bfe1fc75c5737bebe86a90472ae784996970cb13267707e5d433c4e',#20,#22,#1000,.T.);
#1002=SURFACE_CURVE('',#403,(#616,#903),.PCURVE_S1.);
#1003=EDGE_CURVE('OSCAD_TOPO/3|edge|e:ed5cd4956990464c5814224bf1a3950c|42041f9b9c713827a6598e1ac87e736974b339334d2e886b0a63fb4e71301a10',#6,#8,#1002,.T.);
#1004=SURFACE_CURVE('',#410,(#621,#651),.PCURVE_S1.);
#1005=EDGE_CURVE('OSCAD_TOPO/3|edge|e:78452f3d211e7223f6e658a0eda646a0|43277fcddb48d28081b78bb707b42a55d469f7e1b6b22de1969deeb53c786418',#8,#24,#1004,.T.);
#1006=SURFACE_CURVE('',#414,(#626,#776),.PCURVE_S1.);
#1007=EDGE_CURVE('OSCAD_TOPO/3|edge|e:9fb799258a15ab001ede9c196c4a88f7|efd5a438ba03eeaab96ada134c30ab22e39a9e695dd1a623f902587489b74985',#22,#24,#1006,.T.);
#1008=SURFACE_CURVE('',#418,(#636,#897),.PCURVE_S1.);
#1009=EDGE_CURVE('OSCAD_TOPO/3|edge|e:bd8ece91dce2d12f7da82328d49c89d6|5366580ef2799c65d825a759b13288b8a1c295ea36889ab750ab8c293136576e',#2,#8,#1008,.T.);
#1010=SURFACE_CURVE('',#422,(#646,#796),.PCURVE_S1.);
#1011=EDGE_CURVE('OSCAD_TOPO/3|edge|e:072a047f464a948ced20dc1bd2b65727|811f1c5d67bff9818d8b4754fb92a736a8ab253adfede5c909a7bd5e94b6c8de',#18,#24,#1010,.T.);
#1012=SURFACE_CURVE('',#426,(#656,#939),.PCURVE_S1.);
#1013=EDGE_CURVE('OSCAD_TOPO/3|edge|e:b7230b0ed1f1863ab8a459f5f4f5c515|a8950f5217426eabfc001598e6b2ca5857f502dfa315014f55d8ad803964559d',#10,#12,#1012,.T.);
#1014=SURFACE_CURVE('',#433,(#661,#691),.PCURVE_S1.);
#1015=EDGE_CURVE('OSCAD_TOPO/3|edge|e:02c1540e1ff802cf9e3081640e181a38|b90bf05d97c63061e86fc2ae79af862cc7203faa2ab4d44452bc157caeb03a0d',#12,#28,#1014,.T.);
#1016=SURFACE_CURVE('',#437,(#666,#816),.PCURVE_S1.);
#1017=EDGE_CURVE('OSCAD_TOPO/3|edge|e:252326d03e99858c9da1c574e17ded01|8fb00fd601e3433fb7158e92b8d9568afb7cc7e10cb3822589638a3d686aac28',#26,#28,#1016,.T.);
#1018=SURFACE_CURVE('',#444,(#671,#721),.PCURVE_S1.);
#1019=EDGE_CURVE('OSCAD_TOPO/3|edge|e:f058a0cf48c0f20effb19cdca224f5b1|5804fb304477e4a469c71e03877ad8b3bfee65eb9e60d45c6c8fd0dfaef1e21d',#10,#26,#1018,.T.);
#1020=SURFACE_CURVE('',#448,(#676,#933),.PCURVE_S1.);
#1021=EDGE_CURVE('OSCAD_TOPO/3|edge|e:5afadc590fdc76406303d8cb30d0e273|411e1bf066de18fbc0eb0f9c25403660116a3ccdc44dd4cdc537914c4ec5e12b',#12,#14,#1020,.T.);
#1022=SURFACE_CURVE('',#455,(#681,#711),.PCURVE_S1.);
#1023=EDGE_CURVE('OSCAD_TOPO/3|edge|e:2e57614aa584ea337c681b01c7cba727|df274fa82862d5fdf2550c38314c25f88ea496c3c71c54cd6b699e1785af2e68',#14,#30,#1022,.T.);
#1024=SURFACE_CURVE('',#459,(#686,#836),.PCURVE_S1.);
#1025=EDGE_CURVE('OSCAD_TOPO/3|edge|e:4d99df7fa0b325ea55cc280ecfa573ea|28d8ea25a9cc66200da1e613d8fe98ad1fc06642b4a3e83fb655b6e8aabc5d7c',#28,#30,#1024,.T.);
#1026=SURFACE_CURVE('',#463,(#696,#927),.PCURVE_S1.);
#1027=EDGE_CURVE('OSCAD_TOPO/3|edge|e:08d7a0023f7cbbafb8b0f8128e9079b1|0f86000ca00f6c3868b3b20f81eef428ba5f061d2e0d7747f5285c6335331a48',#14,#16,#1026,.T.);
#1028=SURFACE_CURVE('',#470,(#701,#731),.PCURVE_S1.);
#1029=EDGE_CURVE('OSCAD_TOPO/3|edge|e:ab329bcff572e618f89e2f671c0e4412|11df4ac4fc83b7e4d07fa76fa1bc8bdbcd6c4a39d268eef2bcd92a71cd9b7d2d',#16,#32,#1028,.T.);
#1030=SURFACE_CURVE('',#474,(#706,#856),.PCURVE_S1.);
#1031=EDGE_CURVE('OSCAD_TOPO/3|edge|e:a488454e90dbbba6f12248054b230c8b|e832cea07a3fcefa9c512b99a67291eda8c565e79d22a574266959144f5a73c5',#30,#32,#1030,.T.);
#1032=SURFACE_CURVE('',#478,(#716,#921),.PCURVE_S1.);
#1033=EDGE_CURVE('OSCAD_TOPO/3|edge|e:f2dbe202920b1195087fa7298169c82e|346a885a17bf1e54e63cf4bc1e280065feb24ae907bcdf3f7e873fcb7fa32fa2',#10,#16,#1032,.T.);
#1034=SURFACE_CURVE('',#482,(#726,#876),.PCURVE_S1.);
#1035=EDGE_CURVE('OSCAD_TOPO/3|edge|e:a2e030f773fae5ed78ac7a91719a772d|a4592f26065721d23caa41e97dfb86bfc465c4c8acd7bf9c90f0873655348e53',#26,#32,#1034,.T.);
#1036=SURFACE_CURVE('',#489,(#741,#771),.PCURVE_S1.);
#1037=EDGE_CURVE('OSCAD_TOPO/3|edge|e:7cb61e6ae198d668aeaf6a5c2cbed56c|ba6295c30a8e4858858f1fe61849f8a66d71e9793742bd7bdd0c8708bf111fe9',#20,#36,#1036,.T.);
#1038=SURFACE_CURVE('',#493,(#746,#945),.PCURVE_S1.);
#1039=EDGE_CURVE('OSCAD_TOPO/3|edge|e:3c2794a086e6db1eb8365bc0c5faba05|d8284d1527efe1e9d31da295e5fdc4f5d039a33785890c408bc9d3e61c4a1ee7',#34,#36,#1038,.T.);
#1040=SURFACE_CURVE('',#500,(#751,#801),.PCURVE_S1.);
#1041=EDGE_CURVE('OSCAD_TOPO/3|edge|e:131438a361a77baf6b1008bd5fe9ecac|5b6405b3cb792863f63b0bb335d0ec56dd994bae5e71dd4c7b7ba516cf733370',#18,#34,#1040,.T.);
#1042=SURFACE_CURVE('',#507,(#761,#791),.PCURVE_S1.);
#1043=EDGE_CURVE('OSCAD_TOPO/3|edge|e:21c1166243a29239d89b50abc73329b5|ff578621ad73fc9cb4d0ded3fe24ea598dffbb52dd987c1f7ab6070c9d4695c3',#22,#38,#1042,.T.);
#1044=SURFACE_CURVE('',#511,(#766,#951),.PCURVE_S1.);
#1045=EDGE_CURVE('OSCAD_TOPO/3|edge|e:60e110c23de329e3dd9ad7db0a33076b|6cbae7bf5df71355af4c24df5cc134eee273d615e8c8f2e10cf86735fa06b62d',#36,#38,#1044,.T.);
#1046=SURFACE_CURVE('',#518,(#781,#811),.PCURVE_S1.);
#1047=EDGE_CURVE('OSCAD_TOPO/3|edge|e:022cae5ccf2ea74e8941e570de5dc517|eb537c77c668f4de0b68a5914312b7172a5cd948f139ee445f7776e8fc37951e',#24,#40,#1046,.T.);
#1048=SURFACE_CURVE('',#522,(#786,#957),.PCURVE_S1.);
#1049=EDGE_CURVE('OSCAD_TOPO/3|edge|e:bb609a1f8b20bdf0c1764afc7b7379ef|ae60082451bd147f73cac007f01282b4f00f7b30c9625f45943f395091ddb090',#38,#40,#1048,.T.);
#1050=SURFACE_CURVE('',#526,(#806,#963),.PCURVE_S1.);
#1051=EDGE_CURVE('OSCAD_TOPO/3|edge|e:86f4d8f6f5131e08d09687f07b165d3e|8d6c9140fe0a2b0621635aad279966c34e54716926da4e36a08978ac43d393a7',#34,#40,#1050,.T.);
#1052=SURFACE_CURVE('',#533,(#821,#851),.PCURVE_S1.);
#1053=EDGE_CURVE('OSCAD_TOPO/3|edge|e:7eafc42b292a32d130a77081ae0b7a2f|531b404eaca06f1f29e4524cb961f67690e182976fc8f9d2d36e3c89e8f8ff29',#28,#44,#1052,.T.);
#1054=SURFACE_CURVE('',#537,(#826,#969),.PCURVE_S1.);
#1055=EDGE_CURVE('OSCAD_TOPO/3|edge|e:4a24f73fbce703f7b53fcc95cb86e583|d2da47cc170e2cb680c6ee8e64397b175f5ffb56163c93bb89efb41c96962439',#42,#44,#1054,.T.);
#1056=SURFACE_CURVE('',#544,(#831,#881),.PCURVE_S1.);
#1057=EDGE_CURVE('OSCAD_TOPO/3|edge|e:62bef42f74c8b86827d2256191b0fa3f|acf3f9a7fc044347c2dc4bd7b43a6cb09bb210e6580aea416acbec0f23bfd205',#26,#42,#1056,.T.);
#1058=SURFACE_CURVE('',#551,(#841,#871),.PCURVE_S1.);
#1059=EDGE_CURVE('OSCAD_TOPO/3|edge|e:dbc8358650d24a22d887d167eb3d47a4|aa37e2c9267ab60a23940735f01b649c361592663217c4242f10420df4e0b6ff',#30,#46,#1058,.T.);
#1060=SURFACE_CURVE('',#555,(#846,#975),.PCURVE_S1.);
#1061=EDGE_CURVE('OSCAD_TOPO/3|edge|e:5ddbf54f30a1f3b10c42271edf740c82|633ee0a5298225f4e9e97757c6a379097c32c91e58a5df73c876bc0de94a7b77',#44,#46,#1060,.T.);
#1062=SURFACE_CURVE('',#562,(#861,#891),.PCURVE_S1.);
#1063=EDGE_CURVE('OSCAD_TOPO/3|edge|e:44edaa2a6555fa4fa286369cbd523452|137d9c78b536d22e066504e4821aa8880825157c5cee1bfe8e7a69575d09e2fc',#32,#48,#1062,.T.);
#1064=SURFACE_CURVE('',#566,(#866,#981),.PCURVE_S1.);
#1065=EDGE_CURVE('OSCAD_TOPO/3|edge|e:c89e9c2676e187d0c59be32018005d31|e3af8fa144f35d701aa9ccadd4d6f9bbf31b321ed4d1ab4cd2f15b99958b32c9',#46,#48,#1064,.T.);
#1066=SURFACE_CURVE('',#570,(#886,#987),.PCURVE_S1.);
#1067=EDGE_CURVE('OSCAD_TOPO/3|edge|e:2c6e58e42cd93f3672a6c5ee9fce1402|17ae4a9a5c85435aec702a409686c7f3cc0fddb58dba59e5db49942d550f415e',#42,#48,#1066,.T.);
#1068=ORIENTED_EDGE('',*,*,#989,.T.);
#1069=ORIENTED_EDGE('',*,*,#991,.T.);
#1070=ORIENTED_EDGE('',*,*,#993,.F.);
#1071=ORIENTED_EDGE('',*,*,#995,.F.);
#1072=EDGE_LOOP('OSCAD_TOPO/3|loop|l:379717ff6c1598314f0b24c0e5f8b627|39abe6dd69d672d6daf9384f092ae6791265ee6a2e5100488c22b86a641bed53',(#1068,#1069,#1070,#1071));
#1073=ORIENTED_EDGE('',*,*,#997,.T.);
#1074=ORIENTED_EDGE('',*,*,#999,.T.);
#1075=ORIENTED_EDGE('',*,*,#1001,.F.);
#1076=ORIENTED_EDGE('',*,*,#991,.F.);
#1077=EDGE_LOOP('OSCAD_TOPO/3|loop|l:4220685f7671eda1a663cf98f0d9f965|e838ff38f3190c580c9348cf429036ee80728a93d8b57e01496aaf424518a57d',(#1073,#1074,#1075,#1076));
#1078=ORIENTED_EDGE('',*,*,#1003,.T.);
#1079=ORIENTED_EDGE('',*,*,#1005,.T.);
#1080=ORIENTED_EDGE('',*,*,#1007,.F.);
#1081=ORIENTED_EDGE('',*,*,#999,.F.);
#1082=EDGE_LOOP('OSCAD_TOPO/3|loop|l:fe179992ae33ef72094abdbe3003ea13|65327c4ec73f0f7458aa58c89c882a3bee0d336adc4cb05d1730d28e5513b797',(#1078,#1079,#1080,#1081));
#1083=ORIENTED_EDGE('',*,*,#1009,.F.);
#1084=ORIENTED_EDGE('',*,*,#995,.T.);
#1085=ORIENTED_EDGE('',*,*,#1011,.T.);
#1086=ORIENTED_EDGE('',*,*,#1005,.F.);
#1087=EDGE_LOOP('OSCAD_TOPO/3|loop|l:b5950bf5b1c64ede1fde8e50d49fde2f|a7a1e580954721b7e0a9eb2a73bdc7d6575d34543cafe935e9d8a29ef4fe3ba0',(#1083,#1084,#1085,#1086));
#1088=ORIENTED_EDGE('',*,*,#1013,.T.);
#1089=ORIENTED_EDGE('',*,*,#1015,.T.);
#1090=ORIENTED_EDGE('',*,*,#1017,.F.);
#1091=ORIENTED_EDGE('',*,*,#1019,.F.);
#1092=EDGE_LOOP('OSCAD_TOPO/3|loop|l:46d4ddd9a906a7d58f188e60d29353e1|98dd3d2ba50e1c64639290e1c1053e4a71f5adbed49fd95ae3a893f9c2451ce9',(#1088,#1089,#1090,#1091));
#1093=ORIENTED_EDGE('',*,*,#1021,.T.);
#1094=ORIENTED_EDGE('',*,*,#1023,.T.);
#1095=ORIENTED_EDGE('',*,*,#1025,.F.);
#1096=ORIENTED_EDGE('',*,*,#1015,.F.);
#1097=EDGE_LOOP('OSCAD_TOPO/3|loop|l:aa045086949f6127255c700d53333430|1130fb6fe786d100c04e6d566a0df05ec9a50f9217e673d095120fc57eee90b1',(#1093,#1094,#1095,#1096));
#1098=ORIENTED_EDGE('',*,*,#1027,.T.);
#1099=ORIENTED_EDGE('',*,*,#1029,.T.);
#1100=ORIENTED_EDGE('',*,*,#1031,.F.);
#1101=ORIENTED_EDGE('',*,*,#1023,.F.);
#1102=EDGE_LOOP('OSCAD_TOPO/3|loop|l:6cc3b16b62ad24e52997b451b528adb0|ce4bf7ca917362072a55db46bf8db06e6ebe685043c6902b26414404b7bf9097',(#1098,#1099,#1100,#1101));
#1103=ORIENTED_EDGE('',*,*,#1033,.F.);
#1104=ORIENTED_EDGE('',*,*,#1019,.T.);
#1105=ORIENTED_EDGE('',*,*,#1035,.T.);
#1106=ORIENTED_EDGE('',*,*,#1029,.F.);
#1107=EDGE_LOOP('OSCAD_TOPO/3|loop|l:df837bf46c405b6c230f87a2e9d11201|7094c2aa0f807fcb7c17992c43c91b96c455151dba0d76fae9ea73ff5dff78be',(#1103,#1104,#1105,#1106));
#1108=ORIENTED_EDGE('',*,*,#993,.T.);
#1109=ORIENTED_EDGE('',*,*,#1037,.T.);
#1110=ORIENTED_EDGE('',*,*,#1039,.F.);
#1111=ORIENTED_EDGE('',*,*,#1041,.F.);
#1112=EDGE_LOOP('OSCAD_TOPO/3|loop|l:6b36b95286f10820b67fb3037c6a081f|1de74ea40a8a08e6cff3b136fc35305fdaf34c227eb14878e0b330ff90db303f',(#1108,#1109,#1110,#1111));
#1113=ORIENTED_EDGE('',*,*,#1001,.T.);
#1114=ORIENTED_EDGE('',*,*,#1043,.T.);
#1115=ORIENTED_EDGE('',*,*,#1045,.F.);
#1116=ORIENTED_EDGE('',*,*,#1037,.F.);
#1117=EDGE_LOOP('OSCAD_TOPO/3|loop|l:13d93c3320a9bc41b40f13cb842d5af2|236e7b351aa4bfaff3d33a298349cb593a44d04d3d0a2164b54a53d3e136ee17',(#1113,#1114,#1115,#1116));
#1118=ORIENTED_EDGE('',*,*,#1007,.T.);
#1119=ORIENTED_EDGE('',*,*,#1047,.T.);
#1120=ORIENTED_EDGE('',*,*,#1049,.F.);
#1121=ORIENTED_EDGE('',*,*,#1043,.F.);
#1122=EDGE_LOOP('OSCAD_TOPO/3|loop|l:df2b5582a8b85834a744ab0b6d880173|b60d69dc2399733402c696f9d6ddd313ff132684dc149821d2a3992b7e5b18d2',(#1118,#1119,#1120,#1121));
#1123=ORIENTED_EDGE('',*,*,#1011,.F.);
#1124=ORIENTED_EDGE('',*,*,#1041,.T.);
#1125=ORIENTED_EDGE('',*,*,#1051,.T.);
#1126=ORIENTED_EDGE('',*,*,#1047,.F.);
#1127=EDGE_LOOP('OSCAD_TOPO/3|loop|l:fdb39a3c5f4c166d758a09c1febb5934|aa59db17aeb7f26a942849111d49e1650f27da19f790099c0a46aa8e4899ea8b',(#1123,#1124,#1125,#1126));
#1128=ORIENTED_EDGE('',*,*,#1017,.T.);
#1129=ORIENTED_EDGE('',*,*,#1053,.T.);
#1130=ORIENTED_EDGE('',*,*,#1055,.F.);
#1131=ORIENTED_EDGE('',*,*,#1057,.F.);
#1132=EDGE_LOOP('OSCAD_TOPO/3|loop|l:20602b6e1f0690a1ce3e2d34ca9df1b2|49dac7d526cb7893608018428beaecae75fdfa406e7b2fe8b48dc9c92dd67fbe',(#1128,#1129,#1130,#1131));
#1133=ORIENTED_EDGE('',*,*,#1025,.T.);
#1134=ORIENTED_EDGE('',*,*,#1059,.T.);
#1135=ORIENTED_EDGE('',*,*,#1061,.F.);
#1136=ORIENTED_EDGE('',*,*,#1053,.F.);
#1137=EDGE_LOOP('OSCAD_TOPO/3|loop|l:019a301d38950afb9c0051486a11fb73|63a8c67888bc96ec16ab2ba796071e72bafdccbe53755c27ec46e436c7f7c867',(#1133,#1134,#1135,#1136));
#1138=ORIENTED_EDGE('',*,*,#1031,.T.);
#1139=ORIENTED_EDGE('',*,*,#1063,.T.);
#1140=ORIENTED_EDGE('',*,*,#1065,.F.);
#1141=ORIENTED_EDGE('',*,*,#1059,.F.);
#1142=EDGE_LOOP('OSCAD_TOPO/3|loop|l:641463a5e501312c494885307880c9c1|f6b3b845b30c90ea6b95a0f1255260b0f8e6cd8f4576162bc35bf4e98fcd98a5',(#1138,#1139,#1140,#1141));
#1143=ORIENTED_EDGE('',*,*,#1035,.F.);
#1144=ORIENTED_EDGE('',*,*,#1057,.T.);
#1145=ORIENTED_EDGE('',*,*,#1067,.T.);
#1146=ORIENTED_EDGE('',*,*,#1063,.F.);
#1147=EDGE_LOOP('OSCAD_TOPO/3|loop|l:3ef71f31588f6b358db2e9f61bcdaa6c|c78ac699b32551d9864159fa226119a5b13a234d331586c643a9624d42475e4f',(#1143,#1144,#1145,#1146));
#1148=ORIENTED_EDGE('',*,*,#1009,.T.);
#1149=ORIENTED_EDGE('',*,*,#1003,.F.);
#1150=ORIENTED_EDGE('',*,*,#997,.F.);
#1151=ORIENTED_EDGE('',*,*,#989,.F.);
#1152=EDGE_LOOP('OSCAD_TOPO/3|loop|l:c48251b1a07363bd3964b4786701a116|77450f7bf1a2e3787655d8a165b7342aa87a0d478b1dbbd9c0649db294fbed46',(#1148,#1149,#1150,#1151));
#1153=ORIENTED_EDGE('',*,*,#1033,.T.);
#1154=ORIENTED_EDGE('',*,*,#1027,.F.);
#1155=ORIENTED_EDGE('',*,*,#1021,.F.);
#1156=ORIENTED_EDGE('',*,*,#1013,.F.);
#1157=EDGE_LOOP('OSCAD_TOPO/3|loop|l:cc182ab0dccbefc529a570cd6d2e7770|edc79fc37535e6de4e74f2bd576efe134d325f695ff0cf1d86255686d9f2f42d',(#1153,#1154,#1155,#1156));
#1158=ORIENTED_EDGE('',*,*,#1039,.T.);
#1159=ORIENTED_EDGE('',*,*,#1045,.T.);
#1160=ORIENTED_EDGE('',*,*,#1049,.T.);
#1161=ORIENTED_EDGE('',*,*,#1051,.F.);
#1162=EDGE_LOOP('OSCAD_TOPO/3|loop|l:b6dbb2af56ff58c868ffdbd7e2422d6b|54dad538287964603fea1ae7b5e9dce4600ee310927ca9219d22936d08eb2164',(#1158,#1159,#1160,#1161));
#1163=ORIENTED_EDGE('',*,*,#1055,.T.);
#1164=ORIENTED_EDGE('',*,*,#1061,.T.);
#1165=ORIENTED_EDGE('',*,*,#1065,.T.);
#1166=ORIENTED_EDGE('',*,*,#1067,.F.);
#1167=EDGE_LOOP('OSCAD_TOPO/3|loop|l:7893bd735ed7ef90fd739020ad6a2503|095ce30ea92474ba063178fd8ea95b744d94d23ab5e020f46af9f2b97b8752c2',(#1163,#1164,#1165,#1166));
#1168=FACE_OUTER_BOUND('',#1072,.T.);
#1169=ADVANCED_FACE('OSCAD_TOPO/3|face|f:5297c5109e145bcde10b36c247451030|e339214f16204277b57dd9ca1b0546f085b44294ed948367a802df66de741589',(#1168),#67,.T.);
#1170=FACE_OUTER_BOUND('',#1077,.T.);
#1171=ADVANCED_FACE('OSCAD_TOPO/3|face|f:eca95c72f8236dc78694c25f775a5299|7fad2a4340df09e1abf8143c2cdaa8c1b09a7c69443eb017f0b74ec25cbfc2f1',(#1170),#86,.T.);
#1172=FACE_OUTER_BOUND('',#1082,.T.);
#1173=ADVANCED_FACE('OSCAD_TOPO/3|face|f:225c2df9a4fdf86810cab0d862240990|edb76328daefb4e84db11966c476041e2bbb5c76f3ee743058f447cf65a129f7',(#1172),#105,.T.);
#1174=FACE_OUTER_BOUND('',#1087,.T.);
#1175=ADVANCED_FACE('OSCAD_TOPO/3|face|f:5db818a9e0d5bd9de16aa959565b32ce|b9685f91a2ae378b94cbb56b79bd352eaf2ec2faeba6259a65fd52f98eff7ed5',(#1174),#124,.T.);
#1176=FACE_OUTER_BOUND('',#1092,.T.);
#1177=ADVANCED_FACE('OSCAD_TOPO/3|face|f:ea5ba6e2e6e210767a25067872e074ae|4c68fede3eb99cafc015975783db5e25d2cf66904d95305f8c3b393897a812d5',(#1176),#143,.T.);
#1178=FACE_OUTER_BOUND('',#1097,.T.);
#1179=ADVANCED_FACE('OSCAD_TOPO/3|face|f:63626167d12c58f1e8883962006bff3f|a58fe5fcd2ce449345e8ea6bbd3782ea38cd0d91068d76c7b904ecb85fc691e3',(#1178),#162,.T.);
#1180=FACE_OUTER_BOUND('',#1102,.T.);
#1181=ADVANCED_FACE('OSCAD_TOPO/3|face|f:5d5404f9154a9361bb60fc5b9ad62e0d|d1661796c788626f59b023b0a408983f01c66d739906f9f6336e91cefa202167',(#1180),#181,.T.);
#1182=FACE_OUTER_BOUND('',#1107,.T.);
#1183=ADVANCED_FACE('OSCAD_TOPO/3|face|f:dedf6be337224aee3383685fbce7f14b|610544ba3d7d55b8050af9529d54ba9ba9785430162faf0e931ff720c07a5d3f',(#1182),#200,.T.);
#1184=FACE_OUTER_BOUND('',#1112,.T.);
#1185=ADVANCED_FACE('OSCAD_TOPO/3|face|f:ce3c8c37b5624afc56fc538d74d59c86|a5aa17e4ba7398ef1a27af99419c263540c0f9ee7c0712527ce7208c35c0b98e',(#1184),#219,.T.);
#1186=FACE_OUTER_BOUND('',#1117,.T.);
#1187=ADVANCED_FACE('OSCAD_TOPO/3|face|f:19143da0be3c7fcf3f320c1da3c1d18b|ef7bb23dd50a599b96c1a244a2efb76c2a7fb73ecb2926394d4e236f0869ba66',(#1186),#238,.T.);
#1188=FACE_OUTER_BOUND('',#1122,.T.);
#1189=ADVANCED_FACE('OSCAD_TOPO/3|face|f:9d9890a92173decb188533cd513d6362|074bbd7273c30bce9c68d2e38ea61ba42d6998edec91b4cfd1baecbca41a8f71',(#1188),#257,.T.);
#1190=FACE_OUTER_BOUND('',#1127,.T.);
#1191=ADVANCED_FACE('OSCAD_TOPO/3|face|f:477ac932f5ddbd1703aa10159683b300|60ae251e8fa7611633ac82faa51fc129eded4385046a276770acb6178b75ff9a',(#1190),#276,.T.);
#1192=FACE_OUTER_BOUND('',#1132,.T.);
#1193=ADVANCED_FACE('OSCAD_TOPO/3|face|f:947323af824d8081a0ce1980fc50d93b|f86b8e904239269f7d202512eb4df7b85289ce67aad5d3a0bd6808a9bfe66607',(#1192),#295,.T.);
#1194=FACE_OUTER_BOUND('',#1137,.T.);
#1195=ADVANCED_FACE('OSCAD_TOPO/3|face|f:d82d8d76e1383f207525e8963a6fb91b|c5c5693624f463ffbb3b2efe571a4430c023a84d56bf787fad253deaa6f8ed3e',(#1194),#314,.T.);
#1196=FACE_OUTER_BOUND('',#1142,.T.);
#1197=ADVANCED_FACE('OSCAD_TOPO/3|face|f:ffddcbf38afceff41614b95d4bb9ab83|0e897b198cad0392271763e4603b5f0fea3abd8c734e91b2699d392d0147b407',(#1196),#333,.T.);
#1198=FACE_OUTER_BOUND('',#1147,.T.);
#1199=ADVANCED_FACE('OSCAD_TOPO/3|face|f:1e4fede489295ed9a09a9fc4c0706f6c|6aca89038b6f1099b8d74b1829821562a1dd0d5d55f00e15bbfca79dc66c225c',(#1198),#352,.T.);
#1200=FACE_OUTER_BOUND('',#1152,.T.);
#1201=FACE_BOUND('',#1157,.T.);
#1202=ADVANCED_FACE('OSCAD_TOPO/3|face|f:5137f50902d9d11d8416fb9b377532ec|6d192ae90fc8dcd1110182ed0fdcdb60a6f122aa4995ec2be515c4932e231773',(#1200,#1201),#357,.T.);
#1203=FACE_OUTER_BOUND('',#1162,.T.);
#1204=FACE_BOUND('',#1167,.T.);
#1205=ADVANCED_FACE('OSCAD_TOPO/3|face|f:1fb5e330bb3cf936a2b6a2ad01214a50|006c1a0734d1909c7509a62fc7bcbe215820c30c13ab4dd75e9008463cc28bf1',(#1203,#1204),#362,.T.);
#1206=CLOSED_SHELL('OSCAD_TOPO/3|shell|s:ce9f06930eb6feb722dd0109026b58c5|91554e1478081b3d32352a69f0f82a2c008a4fb51b58bd4bf79d259bb147a1cd',(#1169,#1171,#1173,#1175,#1177,#1179,#1181,#1183,#1185,#1187,#1189,#1191,#1193,#1195,#1197,#1199,#1202,#1205));
#1207=MANIFOLD_SOLID_BREP('OSCAD_TOPO/3|body|b:6fd7f2f224faad972ccfbe945d2cebf2|40dff85440a6c70e09a074804f35d5f114a5843f6a78b4b007ec788abe4f7a21',#1206);
#1208=(LENGTH_UNIT()NAMED_UNIT(*)SI_UNIT(.MILLI.,.METRE.));
#1209=UNCERTAINTY_MEASURE_WITH_UNIT(LENGTH_MEASURE(9.99999999999999955E-8),#1208,'distance_accuracy_value','');
#1210=(GEOMETRIC_REPRESENTATION_CONTEXT(3)GLOBAL_UNCERTAINTY_ASSIGNED_CONTEXT((#1209))GLOBAL_UNIT_ASSIGNED_CONTEXT((#1208))REPRESENTATION_CONTEXT('','3D'));
#1211=ADVANCED_BREP_SHAPE_REPRESENTATION('',(#1207),#1210);
#1212=APPLICATION_CONTEXT('managed model based 3d engineering');
#1213=PRODUCT_CONTEXT('',#1212,'mechanical');
#1214=PRODUCT('model','model','',(#1213));
#1215=PRODUCT_DEFINITION_FORMATION('1','',#1214);
#1216=PRODUCT_DEFINITION_CONTEXT('part definition',#1212,'design');
#1217=PRODUCT_DEFINITION('design','',#1215,#1216);
#1218=PRODUCT_DEFINITION_SHAPE('','',#1217);
#1219=SHAPE_DEFINITION_REPRESENTATION(#1218,#1211);
ENDSEC;
END-ISO-10303-21;
