kind,n,offset,path,mode,sample,gpu_ms,wall_ms,max_covariance_abs_error
sample,4097,0,legacy,gpu_profile,0,0.649917,1.194750,0.000000030
sample,4097,0,centered_aos256,gpu_profile,0,0.948834,1.408166,0.000000209
sample,4097,0,centered_vec128,gpu_profile,0,0.770542,1.241167,0.000000030
sample,4097,0,centered_aos256,gpu_profile,1,0.959625,1.397125,0.000000209
sample,4097,0,centered_vec128,gpu_profile,1,0.771875,1.233750,0.000000030
sample,4097,0,legacy,gpu_profile,1,0.389541,0.808625,0.000000030
sample,4097,0,centered_vec128,gpu_profile,2,0.764375,1.141916,0.000000030
sample,4097,0,legacy,gpu_profile,2,0.385708,0.733958,0.000000030
sample,4097,0,centered_aos256,gpu_profile,2,0.964708,1.341208,0.000000209
sample,4097,0,legacy,gpu_profile,3,0.388042,0.783500,0.000000030
sample,4097,0,centered_aos256,gpu_profile,3,0.957084,1.371833,0.000000209
sample,4097,0,centered_vec128,gpu_profile,3,0.685875,1.091709,0.000000030
sample,4097,0,centered_aos256,gpu_profile,4,0.851209,1.220416,0.000000209
sample,4097,0,centered_vec128,gpu_profile,4,0.684166,1.022125,0.000000030
sample,4097,0,legacy,gpu_profile,4,0.349166,0.691500,0.000000030
sample,4097,0,centered_vec128,gpu_profile,5,0.683959,1.068125,0.000000030
sample,4097,0,legacy,gpu_profile,5,0.347166,0.743416,0.000000030
sample,4097,0,centered_aos256,gpu_profile,5,1.191417,1.586959,0.000000209
sample,4097,0,legacy,gpu_profile,6,0.348209,0.699625,0.000000030
sample,4097,0,centered_aos256,gpu_profile,6,0.856417,1.253458,0.000000209
sample,4097,0,centered_vec128,gpu_profile,6,0.697584,1.121041,0.000000030
sample,4097,0,centered_aos256,gpu_profile,7,0.858125,1.317708,0.000000209
sample,4097,0,centered_vec128,gpu_profile,7,0.691916,1.122750,0.000000030
sample,4097,0,legacy,gpu_profile,7,0.347417,0.721125,0.000000030
sample,4097,0,centered_vec128,gpu_profile,8,0.685709,1.094833,0.000000030
sample,4097,0,legacy,gpu_profile,8,0.347625,0.751500,0.000000030
sample,4097,0,centered_aos256,gpu_profile,8,0.809833,1.222375,0.000000209
sample,4097,0,legacy,gpu_profile,9,0.327792,0.675292,0.000000030
sample,4097,0,centered_aos256,gpu_profile,9,0.797917,1.133959,0.000000209
sample,4097,0,centered_vec128,gpu_profile,9,0.644958,1.062792,0.000000030
sample,4097,0,centered_aos256,gpu_profile,10,0.799875,1.173625,0.000000209
sample,4097,0,centered_vec128,gpu_profile,10,0.640000,0.994459,0.000000030
sample,4097,0,legacy,gpu_profile,10,0.322875,0.682083,0.000000030
sample,4097,0,centered_vec128,gpu_profile,11,0.639750,1.000458,0.000000030
sample,4097,0,legacy,gpu_profile,11,0.328458,1.070625,0.000000030
sample,4097,0,centered_aos256,gpu_profile,11,0.794333,1.229583,0.000000209
sample,4097,0,legacy,gpu_profile,12,0.322292,0.688417,0.000000030
sample,4097,0,centered_aos256,gpu_profile,12,0.800416,1.183000,0.000000209
sample,4097,0,centered_vec128,gpu_profile,12,0.648791,1.019125,0.000000030
sample,4097,0,centered_aos256,gpu_profile,13,0.794625,1.235917,0.000000209
sample,4097,0,centered_vec128,gpu_profile,13,0.643833,1.039250,0.000000030
sample,4097,0,legacy,gpu_profile,13,0.322375,0.692292,0.000000030
sample,4097,0,centered_vec128,gpu_profile,14,0.650417,1.230792,0.000000030
sample,4097,0,legacy,gpu_profile,14,0.327000,0.675833,0.000000030
sample,4097,0,centered_aos256,gpu_profile,14,0.794292,1.160125,0.000000209
sample,4097,0,legacy,gpu_profile,15,0.321791,0.656750,0.000000030
sample,4097,0,centered_aos256,gpu_profile,15,0.793459,1.156584,0.000000209
sample,4097,0,centered_vec128,gpu_profile,15,0.638417,1.016416,0.000000030
sample,4097,0,centered_aos256,gpu_profile,16,0.792041,1.253000,0.000000209
sample,4097,0,centered_vec128,gpu_profile,16,0.874583,1.303792,0.000000030
sample,4097,0,legacy,gpu_profile,16,0.322959,0.742834,0.000000030
sample,4097,0,centered_vec128,gpu_profile,17,0.638125,1.043334,0.000000030
sample,4097,0,legacy,gpu_profile,17,0.323458,0.675292,0.000000030
sample,4097,0,centered_aos256,gpu_profile,17,0.802042,1.205750,0.000000209
sample,4097,0,legacy,gpu_profile,18,0.326833,0.715292,0.000000030
sample,4097,0,centered_aos256,gpu_profile,18,0.800125,1.223500,0.000000209
sample,4097,0,centered_vec128,gpu_profile,18,0.644792,1.010584,0.000000030
sample,4097,0,centered_aos256,gpu_profile,19,0.815666,1.366583,0.000000209
sample,4097,0,centered_vec128,gpu_profile,19,0.640709,1.052125,0.000000030
sample,4097,0,legacy,gpu_profile,19,0.326708,0.727375,0.000000030
sample,4097,0,centered_vec128,gpu_profile,20,0.638291,1.015875,0.000000030
sample,4097,0,legacy,gpu_profile,20,0.326416,0.670791,0.000000030
sample,4097,0,centered_aos256,gpu_profile,20,0.796417,1.171708,0.000000209
sample,4097,0,legacy,gpu_profile,21,0.322083,0.654875,0.000000030
sample,4097,0,centered_aos256,gpu_profile,21,0.790292,1.246375,0.000000209
sample,4097,0,centered_vec128,gpu_profile,21,1.057542,1.607750,0.000000030
sample,4097,0,centered_aos256,gpu_profile,22,0.794542,1.222459,0.000000209
sample,4097,0,centered_vec128,gpu_profile,22,0.640042,1.029959,0.000000030
sample,4097,0,legacy,gpu_profile,22,0.322375,0.734083,0.000000030
sample,4097,0,centered_vec128,gpu_profile,23,0.641875,1.065750,0.000000030
sample,4097,0,legacy,gpu_profile,23,0.322042,0.732541,0.000000030
sample,4097,0,centered_aos256,gpu_profile,23,0.798250,1.195792,0.000000209
sample,4097,0,legacy,gpu_profile,24,0.322167,0.762958,0.000000030
sample,4097,0,centered_aos256,gpu_profile,24,0.791583,1.237625,0.000000209
sample,4097,0,centered_vec128,gpu_profile,24,0.644042,1.097542,0.000000030
sample,4097,0,centered_aos256,gpu_profile,25,0.798417,1.229000,0.000000209
sample,4097,0,centered_vec128,gpu_profile,25,0.637916,1.009084,0.000000030
sample,4097,0,legacy,gpu_profile,25,0.326459,0.666125,0.000000030
sample,4097,0,centered_vec128,gpu_profile,26,0.639458,1.035666,0.000000030
sample,4097,0,legacy,gpu_profile,26,0.322041,0.665000,0.000000030
sample,4097,0,centered_aos256,gpu_profile,26,0.792541,1.235917,0.000000209
sample,4097,0,legacy,gpu_profile,27,0.462542,1.172291,0.000000030
sample,4097,0,centered_aos256,gpu_profile,27,0.798625,1.313833,0.000000209
sample,4097,0,centered_vec128,gpu_profile,27,0.642375,1.079000,0.000000030
sample,4097,0,centered_aos256,gpu_profile,28,0.801375,1.206166,0.000000209
sample,4097,0,centered_vec128,gpu_profile,28,0.645833,1.103708,0.000000030
sample,4097,0,legacy,gpu_profile,28,0.322042,0.721291,0.000000030
sample,4097,0,centered_vec128,gpu_profile,29,0.641292,1.053333,0.000000030
sample,4097,0,legacy,gpu_profile,29,0.323167,0.809542,0.000000030
sample,4097,0,centered_aos256,gpu_profile,29,0.791625,1.238917,0.000000209
sample,4097,0,legacy,gpu_profile,30,0.320958,0.747791,0.000000030
sample,4097,0,centered_aos256,gpu_profile,30,0.796792,1.220500,0.000000209
sample,4097,0,centered_vec128,gpu_profile,30,0.639583,1.051375,0.000000030
median,4097,0,legacy,gpu_profile,31,0.326459,0.721291,0.000000030
median,4097,0,centered_aos256,gpu_profile,31,0.798625,1.229583,0.000000209
median,4097,0,centered_vec128,gpu_profile,31,0.644792,1.062792,0.000000030
sample,4097,0,legacy,resident,0,NaN,0.506667,0.000000030
sample,4097,0,centered_aos256,resident,0,NaN,1.002792,0.000000209
sample,4097,0,centered_vec128,resident,0,NaN,1.007583,0.000000030
sample,4097,0,centered_aos256,resident,1,NaN,1.234416,0.000000209
sample,4097,0,centered_vec128,resident,1,NaN,0.831250,0.000000030
sample,4097,0,legacy,resident,1,NaN,0.513375,0.000000030
sample,4097,0,centered_vec128,resident,2,NaN,0.836209,0.000000030
sample,4097,0,legacy,resident,2,NaN,0.478750,0.000000030
sample,4097,0,centered_aos256,resident,2,NaN,0.971875,0.000000209
sample,4097,0,legacy,resident,3,NaN,0.501791,0.000000030
sample,4097,0,centered_aos256,resident,3,NaN,1.017208,0.000000209
sample,4097,0,centered_vec128,resident,3,NaN,0.822916,0.000000030
sample,4097,0,centered_aos256,resident,4,NaN,1.004958,0.000000209
sample,4097,0,centered_vec128,resident,4,NaN,0.817333,0.000000030
sample,4097,0,legacy,resident,4,NaN,0.525166,0.000000030
sample,4097,0,centered_vec128,resident,5,NaN,0.839958,0.000000030
sample,4097,0,legacy,resident,5,NaN,0.497250,0.000000030
sample,4097,0,centered_aos256,resident,5,NaN,1.000500,0.000000209
sample,4097,0,legacy,resident,6,NaN,0.559375,0.000000030
sample,4097,0,centered_aos256,resident,6,NaN,0.999500,0.000000209
sample,4097,0,centered_vec128,resident,6,NaN,0.852167,0.000000030
sample,4097,0,centered_aos256,resident,7,NaN,0.967625,0.000000209
sample,4097,0,centered_vec128,resident,7,NaN,0.838833,0.000000030
sample,4097,0,legacy,resident,7,NaN,0.486541,0.000000030
sample,4097,0,centered_vec128,resident,8,NaN,0.965417,0.000000030
sample,4097,0,legacy,resident,8,NaN,0.780041,0.000000030
sample,4097,0,centered_aos256,resident,8,NaN,0.979000,0.000000209
sample,4097,0,legacy,resident,9,NaN,0.480625,0.000000030
sample,4097,0,centered_aos256,resident,9,NaN,0.976500,0.000000209
sample,4097,0,centered_vec128,resident,9,NaN,0.881750,0.000000030
sample,4097,0,centered_aos256,resident,10,NaN,1.000917,0.000000209
sample,4097,0,centered_vec128,resident,10,NaN,0.817666,0.000000030
sample,4097,0,legacy,resident,10,NaN,0.508000,0.000000030
sample,4097,0,centered_vec128,resident,11,NaN,0.826458,0.000000030
sample,4097,0,legacy,resident,11,NaN,0.481208,0.000000030
sample,4097,0,centered_aos256,resident,11,NaN,0.967958,0.000000209
sample,4097,0,legacy,resident,12,NaN,0.527250,0.000000030
sample,4097,0,centered_aos256,resident,12,NaN,0.992791,0.000000209
sample,4097,0,centered_vec128,resident,12,NaN,0.836125,0.000000030
sample,4097,0,centered_aos256,resident,13,NaN,1.001500,0.000000209
sample,4097,0,centered_vec128,resident,13,NaN,0.852125,0.000000030
sample,4097,0,legacy,resident,13,NaN,0.476334,0.000000030
sample,4097,0,centered_vec128,resident,14,NaN,0.833375,0.000000030
sample,4097,0,legacy,resident,14,NaN,0.483417,0.000000030
sample,4097,0,centered_aos256,resident,14,NaN,0.983917,0.000000209
sample,4097,0,legacy,resident,15,NaN,0.490750,0.000000030
sample,4097,0,centered_aos256,resident,15,NaN,0.994042,0.000000209
sample,4097,0,centered_vec128,resident,15,NaN,0.847084,0.000000030
sample,4097,0,centered_aos256,resident,16,NaN,1.451917,0.000000209
sample,4097,0,centered_vec128,resident,16,NaN,0.853167,0.000000030
sample,4097,0,legacy,resident,16,NaN,0.499750,0.000000030
sample,4097,0,centered_vec128,resident,17,NaN,0.836292,0.000000030
sample,4097,0,legacy,resident,17,NaN,0.501666,0.000000030
sample,4097,0,centered_aos256,resident,17,NaN,1.003958,0.000000209
sample,4097,0,legacy,resident,18,NaN,0.500625,0.000000030
sample,4097,0,centered_aos256,resident,18,NaN,0.957583,0.000000209
sample,4097,0,centered_vec128,resident,18,NaN,0.865500,0.000000030
sample,4097,0,centered_aos256,resident,19,NaN,1.004375,0.000000209
sample,4097,0,centered_vec128,resident,19,NaN,0.883125,0.000000030
sample,4097,0,legacy,resident,19,NaN,0.532625,0.000000030
sample,4097,0,centered_vec128,resident,20,NaN,0.819667,0.000000030
sample,4097,0,legacy,resident,20,NaN,0.506916,0.000000030
sample,4097,0,centered_aos256,resident,20,NaN,0.994625,0.000000209
sample,4097,0,legacy,resident,21,NaN,0.499709,0.000000030
sample,4097,0,centered_aos256,resident,21,NaN,1.287333,0.000000209
sample,4097,0,centered_vec128,resident,21,NaN,0.818583,0.000000030
sample,4097,0,centered_aos256,resident,22,NaN,0.988083,0.000000209
sample,4097,0,centered_vec128,resident,22,NaN,0.860625,0.000000030
sample,4097,0,legacy,resident,22,NaN,0.513334,0.000000030
sample,4097,0,centered_vec128,resident,23,NaN,0.867333,0.000000030
sample,4097,0,legacy,resident,23,NaN,0.500542,0.000000030
sample,4097,0,centered_aos256,resident,23,NaN,1.041459,0.000000209
sample,4097,0,legacy,resident,24,NaN,0.520583,0.000000030
sample,4097,0,centered_aos256,resident,24,NaN,0.998375,0.000000209
sample,4097,0,centered_vec128,resident,24,NaN,0.857916,0.000000030
sample,4097,0,centered_aos256,resident,25,NaN,1.033583,0.000000209
sample,4097,0,centered_vec128,resident,25,NaN,0.837500,0.000000030
sample,4097,0,legacy,resident,25,NaN,0.487125,0.000000030
sample,4097,0,centered_vec128,resident,26,NaN,0.844333,0.000000030
sample,4097,0,legacy,resident,26,NaN,0.501916,0.000000030
sample,4097,0,centered_aos256,resident,26,NaN,1.007916,0.000000209
sample,4097,0,legacy,resident,27,NaN,0.487000,0.000000030
sample,4097,0,centered_aos256,resident,27,NaN,1.013167,0.000000209
sample,4097,0,centered_vec128,resident,27,NaN,0.845416,0.000000030
sample,4097,0,centered_aos256,resident,28,NaN,0.978375,0.000000209
sample,4097,0,centered_vec128,resident,28,NaN,0.880333,0.000000030
sample,4097,0,legacy,resident,28,NaN,0.482292,0.000000030
sample,4097,0,centered_vec128,resident,29,NaN,0.827875,0.000000030
sample,4097,0,legacy,resident,29,NaN,0.493583,0.000000030
sample,4097,0,centered_aos256,resident,29,NaN,1.552083,0.000000209
sample,4097,0,legacy,resident,30,NaN,0.503500,0.000000030
sample,4097,0,centered_aos256,resident,30,NaN,1.033458,0.000000209
sample,4097,0,centered_vec128,resident,30,NaN,0.863000,0.000000030
median,4097,0,legacy,resident,31,NaN,0.500625,0.000000030
median,4097,0,centered_aos256,resident,31,NaN,1.000917,0.000000209
median,4097,0,centered_vec128,resident,31,NaN,0.844333,0.000000030
sample,4097,0,legacy,upload,0,NaN,0.571000,0.000000030
sample,4097,0,centered_aos256,upload,0,NaN,1.046417,0.000000209
sample,4097,0,centered_vec128,upload,0,NaN,0.844708,0.000000030
sample,4097,0,centered_aos256,upload,1,NaN,1.011916,0.000000209
sample,4097,0,centered_vec128,upload,1,NaN,0.960500,0.000000030
sample,4097,0,legacy,upload,1,NaN,0.573583,0.000000030
sample,4097,0,centered_vec128,upload,2,NaN,0.922500,0.000000030
sample,4097,0,legacy,upload,2,NaN,0.633667,0.000000030
sample,4097,0,centered_aos256,upload,2,NaN,1.019917,0.000000209
sample,4097,0,legacy,upload,3,NaN,0.537292,0.000000030
sample,4097,0,centered_aos256,upload,3,NaN,0.994750,0.000000209
sample,4097,0,centered_vec128,upload,3,NaN,1.082917,0.000000030
sample,4097,0,centered_aos256,upload,4,NaN,0.996916,0.000000209
sample,4097,0,centered_vec128,upload,4,NaN,0.880292,0.000000030
sample,4097,0,legacy,upload,4,NaN,0.557250,0.000000030
sample,4097,0,centered_vec128,upload,5,NaN,0.896583,0.000000030
sample,4097,0,legacy,upload,5,NaN,0.599375,0.000000030
sample,4097,0,centered_aos256,upload,5,NaN,1.032000,0.000000209
sample,4097,0,legacy,upload,6,NaN,0.552625,0.000000030
sample,4097,0,centered_aos256,upload,6,NaN,1.030250,0.000000209
sample,4097,0,centered_vec128,upload,6,NaN,0.877792,0.000000030
sample,4097,0,centered_aos256,upload,7,NaN,1.016791,0.000000209
sample,4097,0,centered_vec128,upload,7,NaN,0.907583,0.000000030
sample,4097,0,legacy,upload,7,NaN,0.614583,0.000000030
sample,4097,0,centered_vec128,upload,8,NaN,0.914375,0.000000030
sample,4097,0,legacy,upload,8,NaN,0.562125,0.000000030
sample,4097,0,centered_aos256,upload,8,NaN,1.073334,0.000000209
sample,4097,0,legacy,upload,9,NaN,0.525042,0.000000030
sample,4097,0,centered_aos256,upload,9,NaN,0.997750,0.000000209
sample,4097,0,centered_vec128,upload,9,NaN,0.846291,0.000000030
sample,4097,0,centered_aos256,upload,10,NaN,0.995125,0.000000209
sample,4097,0,centered_vec128,upload,10,NaN,0.850500,0.000000030
sample,4097,0,legacy,upload,10,NaN,0.516167,0.000000030
sample,4097,0,centered_vec128,upload,11,NaN,0.881000,0.000000030
sample,4097,0,legacy,upload,11,NaN,0.587834,0.000000030
sample,4097,0,centered_aos256,upload,11,NaN,1.332958,0.000000209
sample,4097,0,legacy,upload,12,NaN,0.559417,0.000000030
sample,4097,0,centered_aos256,upload,12,NaN,1.011250,0.000000209
sample,4097,0,centered_vec128,upload,12,NaN,0.912500,0.000000030
sample,4097,0,centered_aos256,upload,13,NaN,1.070250,0.000000209
sample,4097,0,centered_vec128,upload,13,NaN,0.902750,0.000000030
sample,4097,0,legacy,upload,13,NaN,0.528250,0.000000030
sample,4097,0,centered_vec128,upload,14,NaN,0.878541,0.000000030
sample,4097,0,legacy,upload,14,NaN,0.658125,0.000000030
sample,4097,0,centered_aos256,upload,14,NaN,1.077000,0.000000209
sample,4097,0,legacy,upload,15,NaN,0.572834,0.000000030
sample,4097,0,centered_aos256,upload,15,NaN,1.028458,0.000000209
sample,4097,0,centered_vec128,upload,15,NaN,0.850084,0.000000030
sample,4097,0,centered_aos256,upload,16,NaN,0.994709,0.000000209
sample,4097,0,centered_vec128,upload,16,NaN,0.840166,0.000000030
sample,4097,0,legacy,upload,16,NaN,0.521208,0.000000030
sample,4097,0,centered_vec128,upload,17,NaN,0.856709,0.000000030
sample,4097,0,legacy,upload,17,NaN,0.642416,0.000000030
sample,4097,0,centered_aos256,upload,17,NaN,1.282584,0.000000209
sample,4097,0,legacy,upload,18,NaN,0.570917,0.000000030
sample,4097,0,centered_aos256,upload,18,NaN,1.037875,0.000000209
sample,4097,0,centered_vec128,upload,18,NaN,0.855084,0.000000030
sample,4097,0,centered_aos256,upload,19,NaN,1.036250,0.000000209
sample,4097,0,centered_vec128,upload,19,NaN,0.855875,0.000000030
sample,4097,0,legacy,upload,19,NaN,0.551375,0.000000030
sample,4097,0,centered_vec128,upload,20,NaN,0.867542,0.000000030
sample,4097,0,legacy,upload,20,NaN,0.534709,0.000000030
sample,4097,0,centered_aos256,upload,20,NaN,1.023167,0.000000209
sample,4097,0,legacy,upload,21,NaN,0.663416,0.000000030
sample,4097,0,centered_aos256,upload,21,NaN,1.100542,0.000000209
sample,4097,0,centered_vec128,upload,21,NaN,0.845750,0.000000030
sample,4097,0,centered_aos256,upload,22,NaN,1.045834,0.000000209
sample,4097,0,centered_vec128,upload,22,NaN,0.842291,0.000000030
sample,4097,0,legacy,upload,22,NaN,0.510834,0.000000030
sample,4097,0,centered_vec128,upload,23,NaN,0.821000,0.000000030
sample,4097,0,legacy,upload,23,NaN,0.502959,0.000000030
sample,4097,0,centered_aos256,upload,23,NaN,0.977958,0.000000209
sample,4097,0,legacy,upload,24,NaN,0.572167,0.000000030
sample,4097,0,centered_aos256,upload,24,NaN,1.088500,0.000000209
sample,4097,0,centered_vec128,upload,24,NaN,1.367375,0.000000030
sample,4097,0,centered_aos256,upload,25,NaN,1.077666,0.000000209
sample,4097,0,centered_vec128,upload,25,NaN,0.919458,0.000000030
sample,4097,0,legacy,upload,25,NaN,0.547917,0.000000030
sample,4097,0,centered_vec128,upload,26,NaN,0.860500,0.000000030
sample,4097,0,legacy,upload,26,NaN,0.542625,0.000000030
sample,4097,0,centered_aos256,upload,26,NaN,1.022583,0.000000209
sample,4097,0,legacy,upload,27,NaN,0.539333,0.000000030
sample,4097,0,centered_aos256,upload,27,NaN,1.036834,0.000000209
sample,4097,0,centered_vec128,upload,27,NaN,0.869833,0.000000030
sample,4097,0,centered_aos256,upload,28,NaN,1.030792,0.000000209
sample,4097,0,centered_vec128,upload,28,NaN,0.961625,0.000000030
sample,4097,0,legacy,upload,28,NaN,0.596000,0.000000030
sample,4097,0,centered_vec128,upload,29,NaN,0.878791,0.000000030
sample,4097,0,legacy,upload,29,NaN,0.560417,0.000000030
sample,4097,0,centered_aos256,upload,29,NaN,1.339875,0.000000209
sample,4097,0,legacy,upload,30,NaN,0.697959,0.000000030
sample,4097,0,centered_aos256,upload,30,NaN,1.159416,0.000000209
sample,4097,0,centered_vec128,upload,30,NaN,0.951542,0.000000030
median,4097,0,legacy,upload,31,NaN,0.560417,0.000000030
median,4097,0,centered_aos256,upload,31,NaN,1.032000,0.000000209
median,4097,0,centered_vec128,upload,31,NaN,0.878541,0.000000030
median,4097,0,cpu,centered_f64,5,NaN,0.125875,0
sample,4097,0,legacy,session,0,NaN,0.402125,0.000000000
sample,4097,0,centered,session,0,NaN,1.228333,0.000000030
sample,4097,0,centered,session,1,NaN,1.078542,0.000000030
sample,4097,0,legacy,session,1,NaN,0.440208,0.000000000
sample,4097,0,legacy,session,2,NaN,0.263542,0.000000000
sample,4097,0,centered,session,2,NaN,0.963667,0.000000030
sample,4097,0,centered,session,3,NaN,0.920083,0.000000030
sample,4097,0,legacy,session,3,NaN,0.228000,0.000000000
sample,4097,0,legacy,session,4,NaN,0.243333,0.000000000
sample,4097,0,centered,session,4,NaN,0.941208,0.000000030
sample,4097,0,centered,session,5,NaN,0.933542,0.000000030
sample,4097,0,legacy,session,5,NaN,0.287917,0.000000000
sample,4097,0,legacy,session,6,NaN,0.369833,0.000000000
sample,4097,0,centered,session,6,NaN,1.077333,0.000000030
sample,4097,0,centered,session,7,NaN,1.466333,0.000000030
sample,4097,0,legacy,session,7,NaN,0.288708,0.000000000
sample,4097,0,legacy,session,8,NaN,0.256542,0.000000000
sample,4097,0,centered,session,8,NaN,0.977083,0.000000030
sample,4097,0,centered,session,9,NaN,0.987167,0.000000030
sample,4097,0,legacy,session,9,NaN,0.264625,0.000000000
sample,4097,0,legacy,session,10,NaN,0.270375,0.000000000
sample,4097,0,centered,session,10,NaN,0.964958,0.000000030
sample,4097,0,centered,session,11,NaN,0.943083,0.000000030
sample,4097,0,legacy,session,11,NaN,0.257709,0.000000000
sample,4097,0,legacy,session,12,NaN,0.286625,0.000000000
sample,4097,0,centered,session,12,NaN,1.075958,0.000000030
sample,4097,0,centered,session,13,NaN,1.026584,0.000000030
sample,4097,0,legacy,session,13,NaN,0.232292,0.000000000
sample,4097,0,legacy,session,14,NaN,0.227375,0.000000000
sample,4097,0,centered,session,14,NaN,1.121500,0.000000030
median,4097,0,legacy,session,15,NaN,0.264625,NaN
median,4097,0,centered,session,15,NaN,0.987167,NaN
sample,4097,10000,legacy,gpu_profile,0,0.547542,1.139458,4.253380328
sample,4097,10000,centered_aos256,gpu_profile,0,1.345125,1.796500,0.000000030
sample,4097,10000,centered_vec128,gpu_profile,0,1.081875,1.476000,0.000000030
sample,4097,10000,centered_aos256,gpu_profile,1,1.343666,1.721667,0.000000030
sample,4097,10000,centered_vec128,gpu_profile,1,1.080833,1.456166,0.000000030
sample,4097,10000,legacy,gpu_profile,1,0.548333,0.994917,4.253380328
sample,4097,10000,centered_vec128,gpu_profile,2,1.085792,1.488250,0.000000030
sample,4097,10000,legacy,gpu_profile,2,0.545375,1.015958,4.253380328
sample,4097,10000,centered_aos256,gpu_profile,2,1.557417,1.933291,0.000000030
sample,4097,10000,legacy,gpu_profile,3,0.632625,1.022709,4.253380328
sample,4097,10000,centered_aos256,gpu_profile,3,2.349625,2.819750,0.000000030
sample,4097,10000,centered_vec128,gpu_profile,3,1.087583,1.531875,0.000000030
sample,4097,10000,centered_aos256,gpu_profile,4,1.352667,1.754542,0.000000030
sample,4097,10000,centered_vec128,gpu_profile,4,1.083042,1.489708,0.000000030
sample,4097,10000,legacy,gpu_profile,4,0.545709,0.914083,4.253380328
sample,4097,10000,centered_vec128,gpu_profile,5,1.081667,1.458541,0.000000030
sample,4097,10000,legacy,gpu_profile,5,0.562209,1.014250,4.253380328
sample,4097,10000,centered_aos256,gpu_profile,5,1.345917,1.767083,0.000000030
sample,4097,10000,legacy,gpu_profile,6,0.552084,0.952625,4.253380328
sample,4097,10000,centered_aos256,gpu_profile,6,1.557666,1.964750,0.000000030
sample,4097,10000,centered_vec128,gpu_profile,6,1.837000,2.339916,0.000000030
sample,4097,10000,centered_aos256,gpu_profile,7,1.598959,2.142334,0.000000030
sample,4097,10000,centered_vec128,gpu_profile,7,1.167875,1.591584,0.000000030
sample,4097,10000,legacy,gpu_profile,7,0.545750,0.939833,4.253380328
sample,4097,10000,centered_vec128,gpu_profile,8,1.081584,1.472000,0.000000030
sample,4097,10000,legacy,gpu_profile,8,0.545250,0.929000,4.253380328
sample,4097,10000,centered_aos256,gpu_profile,8,1.343875,1.790292,0.000000030
sample,4097,10000,legacy,gpu_profile,9,0.549917,1.084750,4.253380328
sample,4097,10000,centered_aos256,gpu_profile,9,1.345083,1.804750,0.000000030
sample,4097,10000,centered_vec128,gpu_profile,9,1.254542,1.703667,0.000000030
sample,4097,10000,centered_aos256,gpu_profile,10,1.559292,2.199042,0.000000030
sample,4097,10000,centered_vec128,gpu_profile,10,1.940750,2.371250,0.000000030
sample,4097,10000,legacy,gpu_profile,10,0.675958,1.118542,4.253380328
sample,4097,10000,centered_vec128,gpu_profile,11,1.257500,1.758667,0.000000030
sample,4097,10000,legacy,gpu_profile,11,0.545625,0.958459,4.253380328
sample,4097,10000,centered_aos256,gpu_profile,11,1.344000,1.844375,0.000000030
sample,4097,10000,legacy,gpu_profile,12,0.545458,0.968250,4.253380328
sample,4097,10000,centered_aos256,gpu_profile,12,1.401834,1.931625,0.000000030
sample,4097,10000,centered_vec128,gpu_profile,12,1.086542,1.587875,0.000000030
sample,4097,10000,centered_aos256,gpu_profile,13,1.558667,2.058875,0.000000030
sample,4097,10000,centered_vec128,gpu_profile,13,1.495292,2.650375,0.000000030
sample,4097,10000,legacy,gpu_profile,13,0.635875,1.135458,4.253380328
sample,4097,10000,centered_vec128,gpu_profile,14,1.312584,1.804500,0.000000030
sample,4097,10000,legacy,gpu_profile,14,0.635708,1.030083,4.253380328
sample,4097,10000,centered_aos256,gpu_profile,14,1.559542,1.978542,0.000000030
sample,4097,10000,legacy,gpu_profile,15,0.545416,0.921250,4.253380328
sample,4097,10000,centered_aos256,gpu_profile,15,1.343625,1.741500,0.000000030
sample,4097,10000,centered_vec128,gpu_profile,15,1.087583,1.613042,0.000000030
sample,4097,10000,centered_aos256,gpu_profile,16,1.348083,1.793500,0.000000030
sample,4097,10000,centered_vec128,gpu_profile,16,1.254417,1.707917,0.000000030
sample,4097,10000,legacy,gpu_profile,16,0.632875,1.008292,4.253380328
sample,4097,10000,centered_vec128,gpu_profile,17,1.799792,2.234417,0.000000030
sample,4097,10000,legacy,gpu_profile,17,0.637541,1.112542,4.253380328
sample,4097,10000,centered_aos256,gpu_profile,17,1.582375,2.055667,0.000000030
sample,4097,10000,legacy,gpu_profile,18,0.636666,1.059584,4.253380328
sample,4097,10000,centered_aos256,gpu_profile,18,1.569958,2.001959,0.000000030
sample,4097,10000,centered_vec128,gpu_profile,18,1.164834,1.578250,0.000000030
sample,4097,10000,centered_aos256,gpu_profile,19,1.348709,1.771916,0.000000030
sample,4097,10000,centered_vec128,gpu_profile,19,1.096667,1.489500,0.000000030
sample,4097,10000,legacy,gpu_profile,19,0.596458,0.996458,4.253380328
sample,4097,10000,centered_vec128,gpu_profile,20,1.252417,1.644584,0.000000030
sample,4097,10000,legacy,gpu_profile,20,0.632667,1.547666,4.253380328
sample,4097,10000,centered_aos256,gpu_profile,20,2.107375,2.604042,0.000000030
sample,4097,10000,legacy,gpu_profile,21,0.636125,1.094916,4.253380328
sample,4097,10000,centered_aos256,gpu_profile,21,1.559167,1.974417,0.000000030
sample,4097,10000,centered_vec128,gpu_profile,21,1.256666,1.625792,0.000000030
sample,4097,10000,centered_aos256,gpu_profile,22,1.558667,1.953958,0.000000030
sample,4097,10000,centered_vec128,gpu_profile,22,1.101500,1.617000,0.000000030
sample,4097,10000,legacy,gpu_profile,22,0.550958,0.956792,4.253380328
sample,4097,10000,centered_vec128,gpu_profile,23,1.137417,1.491542,0.000000030
sample,4097,10000,legacy,gpu_profile,23,0.631833,0.990791,4.253380328
sample,4097,10000,centered_aos256,gpu_profile,23,1.559542,2.423375,0.000000030
sample,4097,10000,legacy,gpu_profile,24,1.243250,1.676625,4.253380328
sample,4097,10000,centered_aos256,gpu_profile,24,1.565125,1.977333,0.000000030
sample,4097,10000,centered_vec128,gpu_profile,24,1.262667,1.689959,0.000000030
sample,4097,10000,centered_aos256,gpu_profile,25,1.567291,1.971000,0.000000030
sample,4097,10000,centered_vec128,gpu_profile,25,1.258458,1.636625,0.000000030
sample,4097,10000,legacy,gpu_profile,25,0.646291,1.031334,4.253380328
sample,4097,10000,centered_vec128,gpu_profile,26,1.192334,1.603834,0.000000030
sample,4097,10000,legacy,gpu_profile,26,0.548041,1.061417,4.253380328
sample,4097,10000,centered_aos256,gpu_profile,26,1.559542,1.936542,0.000000030
sample,4097,10000,legacy,gpu_profile,27,0.632709,0.995750,4.253380328
sample,4097,10000,centered_aos256,gpu_profile,27,2.217500,2.662000,0.000000030
sample,4097,10000,centered_vec128,gpu_profile,27,1.264167,1.717000,0.000000030
sample,4097,10000,centered_aos256,gpu_profile,28,1.562042,1.990583,0.000000030
sample,4097,10000,centered_vec128,gpu_profile,28,1.255916,1.637167,0.000000030
sample,4097,10000,legacy,gpu_profile,28,0.632917,1.020208,4.253380328
sample,4097,10000,centered_vec128,gpu_profile,29,1.255167,1.852500,0.000000030
sample,4097,10000,legacy,gpu_profile,29,0.634500,1.178083,4.253380328
sample,4097,10000,centered_aos256,gpu_profile,29,1.662666,2.103834,0.000000030
sample,4097,10000,legacy,gpu_profile,30,0.705750,1.123125,4.253380328
sample,4097,10000,centered_aos256,gpu_profile,30,1.857084,3.013750,0.000000030
sample,4097,10000,centered_vec128,gpu_profile,30,1.271750,1.823500,0.000000030
median,4097,10000,legacy,gpu_profile,31,0.631833,1.020208,4.253380328
median,4097,10000,centered_aos256,gpu_profile,31,1.559167,1.971000,0.000000030
median,4097,10000,centered_vec128,gpu_profile,31,1.252417,1.625792,0.000000030
sample,4097,10000,legacy,resident,0,NaN,0.840667,4.253380328
sample,4097,10000,centered_aos256,resident,0,NaN,1.772125,0.000000030
sample,4097,10000,centered_vec128,resident,0,NaN,1.443042,0.000000030
sample,4097,10000,centered_aos256,resident,1,NaN,1.744084,0.000000030
sample,4097,10000,centered_vec128,resident,1,NaN,1.475250,0.000000030
sample,4097,10000,legacy,resident,1,NaN,0.869000,4.253380328
sample,4097,10000,centered_vec128,resident,2,NaN,1.492334,0.000000030
sample,4097,10000,legacy,resident,2,NaN,1.080375,4.253380328
sample,4097,10000,centered_aos256,resident,2,NaN,2.731250,0.000000030
sample,4097,10000,legacy,resident,3,NaN,1.443625,4.253380328
sample,4097,10000,centered_aos256,resident,3,NaN,1.833000,0.000000030
sample,4097,10000,centered_vec128,resident,3,NaN,1.482333,0.000000030
sample,4097,10000,centered_aos256,resident,4,NaN,1.751416,0.000000030
sample,4097,10000,centered_vec128,resident,4,NaN,1.458125,0.000000030
sample,4097,10000,legacy,resident,4,NaN,0.824917,4.253380328
sample,4097,10000,centered_vec128,resident,5,NaN,1.481917,0.000000030
sample,4097,10000,legacy,resident,5,NaN,0.855959,4.253380328
sample,4097,10000,centered_aos256,resident,5,NaN,1.762000,0.000000030
sample,4097,10000,legacy,resident,6,NaN,1.013708,4.253380328
sample,4097,10000,centered_aos256,resident,6,NaN,2.739041,0.000000030
sample,4097,10000,centered_vec128,resident,6,NaN,2.279542,0.000000030
sample,4097,10000,centered_aos256,resident,7,NaN,1.803625,0.000000030
sample,4097,10000,centered_vec128,resident,7,NaN,1.480125,0.000000030
sample,4097,10000,legacy,resident,7,NaN,0.824541,4.253380328
sample,4097,10000,centered_vec128,resident,8,NaN,1.491542,0.000000030
sample,4097,10000,legacy,resident,8,NaN,0.835542,4.253380328
sample,4097,10000,centered_aos256,resident,8,NaN,1.818917,0.000000030
sample,4097,10000,legacy,resident,9,NaN,0.847583,4.253380328
sample,4097,10000,centered_aos256,resident,9,NaN,1.909667,0.000000030
sample,4097,10000,centered_vec128,resident,9,NaN,1.825959,0.000000030
sample,4097,10000,centered_aos256,resident,10,NaN,3.452250,0.000000030
sample,4097,10000,centered_vec128,resident,10,NaN,1.444084,0.000000030
sample,4097,10000,legacy,resident,10,NaN,0.802917,4.253380328
sample,4097,10000,centered_vec128,resident,11,NaN,1.426917,0.000000030
sample,4097,10000,legacy,resident,11,NaN,0.809875,4.253380328
sample,4097,10000,centered_aos256,resident,11,NaN,1.729250,0.000000030
sample,4097,10000,legacy,resident,12,NaN,0.808792,4.253380328
sample,4097,10000,centered_aos256,resident,12,NaN,1.776625,0.000000030
sample,4097,10000,centered_vec128,resident,12,NaN,1.496125,0.000000030
sample,4097,10000,centered_aos256,resident,13,NaN,2.173750,0.000000030
sample,4097,10000,centered_vec128,resident,13,NaN,1.819125,0.000000030
sample,4097,10000,legacy,resident,13,NaN,1.019000,4.253380328
sample,4097,10000,centered_vec128,resident,14,NaN,2.008125,0.000000030
sample,4097,10000,legacy,resident,14,NaN,0.880083,4.253380328
sample,4097,10000,centered_aos256,resident,14,NaN,1.772958,0.000000030
sample,4097,10000,legacy,resident,15,NaN,0.820167,4.253380328
sample,4097,10000,centered_aos256,resident,15,NaN,1.742625,0.000000030
sample,4097,10000,centered_vec128,resident,15,NaN,1.440625,0.000000030
sample,4097,10000,centered_aos256,resident,16,NaN,1.773292,0.000000030
sample,4097,10000,centered_vec128,resident,16,NaN,1.498000,0.000000030
sample,4097,10000,legacy,resident,16,NaN,1.002084,4.253380328
sample,4097,10000,centered_vec128,resident,17,NaN,1.808708,0.000000030
sample,4097,10000,legacy,resident,17,NaN,1.922292,4.253380328
sample,4097,10000,centered_aos256,resident,17,NaN,2.230958,0.000000030
sample,4097,10000,legacy,resident,18,NaN,1.050458,4.253380328
sample,4097,10000,centered_aos256,resident,18,NaN,1.787667,0.000000030
sample,4097,10000,centered_vec128,resident,18,NaN,1.465833,0.000000030
sample,4097,10000,centered_aos256,resident,19,NaN,1.739875,0.000000030
sample,4097,10000,centered_vec128,resident,19,NaN,1.464250,0.000000030
sample,4097,10000,legacy,resident,19,NaN,0.854458,4.253380328
sample,4097,10000,centered_vec128,resident,20,NaN,1.604208,0.000000030
sample,4097,10000,legacy,resident,20,NaN,1.042500,4.253380328
sample,4097,10000,centered_aos256,resident,20,NaN,2.398000,0.000000030
sample,4097,10000,legacy,resident,21,NaN,1.869542,4.253380328
sample,4097,10000,centered_aos256,resident,21,NaN,2.259458,0.000000030
sample,4097,10000,centered_vec128,resident,21,NaN,1.807208,0.000000030
sample,4097,10000,centered_aos256,resident,22,NaN,1.772792,0.000000030
sample,4097,10000,centered_vec128,resident,22,NaN,1.462292,0.000000030
sample,4097,10000,legacy,resident,22,NaN,0.850250,4.253380328
sample,4097,10000,centered_vec128,resident,23,NaN,1.449959,0.000000030
sample,4097,10000,legacy,resident,23,NaN,0.830584,4.253380328
sample,4097,10000,centered_aos256,resident,23,NaN,2.152291,0.000000030
sample,4097,10000,legacy,resident,24,NaN,0.993167,4.253380328
sample,4097,10000,centered_aos256,resident,24,NaN,2.923417,0.000000030
sample,4097,10000,centered_vec128,resident,24,NaN,1.817750,0.000000030
sample,4097,10000,centered_aos256,resident,25,NaN,2.198917,0.000000030
sample,4097,10000,centered_vec128,resident,25,NaN,1.605583,0.000000030
sample,4097,10000,legacy,resident,25,NaN,0.822333,4.253380328
sample,4097,10000,centered_vec128,resident,26,NaN,1.447708,0.000000030
sample,4097,10000,legacy,resident,26,NaN,0.819541,4.253380328
sample,4097,10000,centered_aos256,resident,26,NaN,1.809750,0.000000030
sample,4097,10000,legacy,resident,27,NaN,1.110500,4.253380328
sample,4097,10000,centered_aos256,resident,27,NaN,2.263583,0.000000030
sample,4097,10000,centered_vec128,resident,27,NaN,2.418416,0.000000030
sample,4097,10000,centered_aos256,resident,28,NaN,2.299500,0.000000030
sample,4097,10000,centered_vec128,resident,28,NaN,1.898583,0.000000030
sample,4097,10000,legacy,resident,28,NaN,1.012791,4.253380328
sample,4097,10000,centered_vec128,resident,29,NaN,1.667417,0.000000030
sample,4097,10000,legacy,resident,29,NaN,0.829625,4.253380328
sample,4097,10000,centered_aos256,resident,29,NaN,1.832083,0.000000030
sample,4097,10000,legacy,resident,30,NaN,0.857000,4.253380328
sample,4097,10000,centered_aos256,resident,30,NaN,2.066459,0.000000030
sample,4097,10000,centered_vec128,resident,30,NaN,2.111084,0.000000030
median,4097,10000,legacy,resident,31,NaN,0.855959,4.253380328
median,4097,10000,centered_aos256,resident,31,NaN,1.832083,0.000000030
median,4097,10000,centered_vec128,resident,31,NaN,1.492334,0.000000030
sample,4097,10000,legacy,upload,0,NaN,1.862250,4.253380328
sample,4097,10000,centered_aos256,upload,0,NaN,2.332875,0.000000030
sample,4097,10000,centered_vec128,upload,0,NaN,1.947000,0.000000030
sample,4097,10000,centered_aos256,upload,1,NaN,2.265833,0.000000030
sample,4097,10000,centered_vec128,upload,1,NaN,1.709916,0.000000030
sample,4097,10000,legacy,upload,1,NaN,0.947333,4.253380328
sample,4097,10000,centered_vec128,upload,2,NaN,1.585958,0.000000030
sample,4097,10000,legacy,upload,2,NaN,1.198875,4.253380328
sample,4097,10000,centered_aos256,upload,2,NaN,2.255167,0.000000030
sample,4097,10000,legacy,upload,3,NaN,1.033542,4.253380328
sample,4097,10000,centered_aos256,upload,3,NaN,2.702916,0.000000030
sample,4097,10000,centered_vec128,upload,3,NaN,2.647083,0.000000030
sample,4097,10000,centered_aos256,upload,4,NaN,2.249709,0.000000030
sample,4097,10000,centered_vec128,upload,4,NaN,1.907333,0.000000030
sample,4097,10000,legacy,upload,4,NaN,0.955875,4.253380328
sample,4097,10000,centered_vec128,upload,5,NaN,1.523791,0.000000030
sample,4097,10000,legacy,upload,5,NaN,1.230917,4.253380328
sample,4097,10000,centered_aos256,upload,5,NaN,2.246375,0.000000030
sample,4097,10000,legacy,upload,6,NaN,1.053250,4.253380328
sample,4097,10000,centered_aos256,upload,6,NaN,3.424875,0.000000030
sample,4097,10000,centered_vec128,upload,6,NaN,1.913667,0.000000030
sample,4097,10000,centered_aos256,upload,7,NaN,2.246500,0.000000030
sample,4097,10000,centered_vec128,upload,7,NaN,1.928166,0.000000030
sample,4097,10000,legacy,upload,7,NaN,1.110792,4.253380328
sample,4097,10000,centered_vec128,upload,8,NaN,1.718208,0.000000030
sample,4097,10000,legacy,upload,8,NaN,1.043667,4.253380328
sample,4097,10000,centered_aos256,upload,8,NaN,2.246458,0.000000030
sample,4097,10000,legacy,upload,9,NaN,1.047834,4.253380328
sample,4097,10000,centered_aos256,upload,9,NaN,2.538541,0.000000030
sample,4097,10000,centered_vec128,upload,9,NaN,2.351500,0.000000030
sample,4097,10000,centered_aos256,upload,10,NaN,2.247875,0.000000030
sample,4097,10000,centered_vec128,upload,10,NaN,1.861167,0.000000030
sample,4097,10000,legacy,upload,10,NaN,1.194125,4.253380328
sample,4097,10000,centered_vec128,upload,11,NaN,1.553750,0.000000030
sample,4097,10000,legacy,upload,11,NaN,1.024709,4.253380328
sample,4097,10000,centered_aos256,upload,11,NaN,2.226375,0.000000030
sample,4097,10000,legacy,upload,12,NaN,1.053458,4.253380328
sample,4097,10000,centered_aos256,upload,12,NaN,2.477208,0.000000030
sample,4097,10000,centered_vec128,upload,12,NaN,2.642500,0.000000030
sample,4097,10000,centered_aos256,upload,13,NaN,2.383791,0.000000030
sample,4097,10000,centered_vec128,upload,13,NaN,1.929250,0.000000030
sample,4097,10000,legacy,upload,13,NaN,1.069459,4.253380328
sample,4097,10000,centered_vec128,upload,14,NaN,1.605416,0.000000030
sample,4097,10000,legacy,upload,14,NaN,0.957125,4.253380328
sample,4097,10000,centered_aos256,upload,14,NaN,2.258750,0.000000030
sample,4097,10000,legacy,upload,15,NaN,1.076333,4.253380328
sample,4097,10000,centered_aos256,upload,15,NaN,3.430500,0.000000030
sample,4097,10000,centered_vec128,upload,15,NaN,2.035792,0.000000030
sample,4097,10000,centered_aos256,upload,16,NaN,2.295084,0.000000030
sample,4097,10000,centered_vec128,upload,16,NaN,1.787250,0.000000030
sample,4097,10000,legacy,upload,16,NaN,1.041708,4.253380328
sample,4097,10000,centered_vec128,upload,17,NaN,1.556250,0.000000030
sample,4097,10000,legacy,upload,17,NaN,1.128459,4.253380328
sample,4097,10000,centered_aos256,upload,17,NaN,2.479708,0.000000030
sample,4097,10000,legacy,upload,18,NaN,1.072792,4.253380328
sample,4097,10000,centered_aos256,upload,18,NaN,2.297125,0.000000030
sample,4097,10000,centered_vec128,upload,18,NaN,2.489375,0.000000030
sample,4097,10000,centered_aos256,upload,19,NaN,2.629375,0.000000030
sample,4097,10000,centered_vec128,upload,19,NaN,1.942334,0.000000030
sample,4097,10000,legacy,upload,19,NaN,1.107917,4.253380328
sample,4097,10000,centered_vec128,upload,20,NaN,1.602792,0.000000030
sample,4097,10000,legacy,upload,20,NaN,1.209792,4.253380328
sample,4097,10000,centered_aos256,upload,20,NaN,2.251000,0.000000030
sample,4097,10000,legacy,upload,21,NaN,1.089583,4.253380328
sample,4097,10000,centered_aos256,upload,21,NaN,2.287250,0.000000030
sample,4097,10000,centered_vec128,upload,21,NaN,2.168791,0.000000030
sample,4097,10000,centered_aos256,upload,22,NaN,3.055167,0.000000030
sample,4097,10000,centered_vec128,upload,22,NaN,1.936458,0.000000030
sample,4097,10000,legacy,upload,22,NaN,0.991833,4.253380328
sample,4097,10000,centered_vec128,upload,23,NaN,1.570542,0.000000030
sample,4097,10000,legacy,upload,23,NaN,1.169667,4.253380328
sample,4097,10000,centered_aos256,upload,23,NaN,2.261333,0.000000030
sample,4097,10000,legacy,upload,24,NaN,1.050792,4.253380328
sample,4097,10000,centered_aos256,upload,24,NaN,2.334917,0.000000030
sample,4097,10000,centered_vec128,upload,24,NaN,2.864667,0.000000030
sample,4097,10000,centered_aos256,upload,25,NaN,2.290292,0.000000030
sample,4097,10000,centered_vec128,upload,25,NaN,1.875000,0.000000030
sample,4097,10000,legacy,upload,25,NaN,1.067000,4.253380328
sample,4097,10000,centered_vec128,upload,26,NaN,1.518541,0.000000030
sample,4097,10000,legacy,upload,26,NaN,1.232375,4.253380328
sample,4097,10000,centered_aos256,upload,26,NaN,2.289542,0.000000030
sample,4097,10000,legacy,upload,27,NaN,1.090708,4.253380328
sample,4097,10000,centered_aos256,upload,27,NaN,2.920750,0.000000030
sample,4097,10000,centered_vec128,upload,27,NaN,2.716083,0.000000030
sample,4097,10000,centered_aos256,upload,28,NaN,2.249458,0.000000030
sample,4097,10000,centered_vec128,upload,28,NaN,1.582125,0.000000030
sample,4097,10000,legacy,upload,28,NaN,0.929291,4.253380328
sample,4097,10000,centered_vec128,upload,29,NaN,1.600791,0.000000030
sample,4097,10000,legacy,upload,29,NaN,1.198916,4.253380328
sample,4097,10000,centered_aos256,upload,29,NaN,2.290000,0.000000030
sample,4097,10000,legacy,upload,30,NaN,1.021750,4.253380328
sample,4097,10000,centered_aos256,upload,30,NaN,2.450292,0.000000030
sample,4097,10000,centered_vec128,upload,30,NaN,2.673500,0.000000030
median,4097,10000,legacy,upload,31,NaN,1.069459,4.253380328
median,4097,10000,centered_aos256,upload,31,NaN,2.290292,0.000000030
median,4097,10000,centered_vec128,upload,31,NaN,1.907333,0.000000030
median,4097,10000,cpu,centered_f64,5,NaN,0.120417,0
sample,4097,10000,legacy,session,0,NaN,0.297834,4.797107667
sample,4097,10000,centered,session,0,NaN,1.649875,0.000000030
sample,4097,10000,centered,session,1,NaN,1.791708,0.000000030
sample,4097,10000,legacy,session,1,NaN,0.337584,4.797107667
sample,4097,10000,legacy,session,2,NaN,0.371000,4.797107667
sample,4097,10000,centered,session,2,NaN,1.981459,0.000000030
sample,4097,10000,centered,session,3,NaN,1.962750,0.000000030
sample,4097,10000,legacy,session,3,NaN,0.321000,4.797107667
sample,4097,10000,legacy,session,4,NaN,0.291250,4.797107667
sample,4097,10000,centered,session,4,NaN,2.953334,0.000000030
sample,4097,10000,centered,session,5,NaN,2.122708,0.000000030
sample,4097,10000,legacy,session,5,NaN,0.317708,4.797107667
sample,4097,10000,legacy,session,6,NaN,0.280416,4.797107667
sample,4097,10000,centered,session,6,NaN,1.636000,0.000000030
sample,4097,10000,centered,session,7,NaN,1.635000,0.000000030
sample,4097,10000,legacy,session,7,NaN,0.473417,4.797107667
sample,4097,10000,legacy,session,8,NaN,0.325667,4.797107667
sample,4097,10000,centered,session,8,NaN,1.645375,0.000000030
sample,4097,10000,centered,session,9,NaN,1.893625,0.000000030
sample,4097,10000,legacy,session,9,NaN,0.293291,4.797107667
sample,4097,10000,legacy,session,10,NaN,0.268916,4.797107667
sample,4097,10000,centered,session,10,NaN,1.933917,0.000000030
sample,4097,10000,centered,session,11,NaN,2.072375,0.000000030
sample,4097,10000,legacy,session,11,NaN,1.098916,4.797107667
sample,4097,10000,legacy,session,12,NaN,0.367834,4.797107667
sample,4097,10000,centered,session,12,NaN,2.040458,0.000000030
sample,4097,10000,centered,session,13,NaN,1.863709,0.000000030
sample,4097,10000,legacy,session,13,NaN,0.298750,4.797107667
sample,4097,10000,legacy,session,14,NaN,0.283750,4.797107667
sample,4097,10000,centered,session,14,NaN,1.609542,0.000000030
median,4097,10000,legacy,session,15,NaN,0.317708,NaN
median,4097,10000,centered,session,15,NaN,1.893625,NaN
sample,4097,1000000,legacy,gpu_profile,0,0.322208,0.752083,186057.296326190
sample,4097,1000000,centered_aos256,gpu_profile,0,1.355792,1.776750,0.000000030
sample,4097,1000000,centered_vec128,gpu_profile,0,0.648916,1.075958,0.000000030
sample,4097,1000000,centered_aos256,gpu_profile,1,0.798875,1.228625,0.000000030
sample,4097,1000000,centered_vec128,gpu_profile,1,0.645083,1.140042,0.000000030
sample,4097,1000000,legacy,gpu_profile,1,0.322791,0.744584,186057.296326190
sample,4097,1000000,centered_vec128,gpu_profile,2,0.638334,1.091709,0.000000030
sample,4097,1000000,legacy,gpu_profile,2,0.322625,0.716542,186057.296326190
sample,4097,1000000,centered_aos256,gpu_profile,2,0.795084,1.345583,0.000000030
sample,4097,1000000,legacy,gpu_profile,3,0.338000,0.883417,186057.296326190
sample,4097,1000000,centered_aos256,gpu_profile,3,0.793541,1.225333,0.000000030
sample,4097,1000000,centered_vec128,gpu_profile,3,0.640417,1.070875,0.000000030
sample,4097,1000000,centered_aos256,gpu_profile,4,0.796625,1.215166,0.000000030
sample,4097,1000000,centered_vec128,gpu_profile,4,0.643375,1.036000,0.000000030
sample,4097,1000000,legacy,gpu_profile,4,0.327625,0.676042,186057.296326190
sample,4097,1000000,centered_vec128,gpu_profile,5,0.638250,0.994083,0.000000030
sample,4097,1000000,legacy,gpu_profile,5,0.321916,0.682542,186057.296326190
sample,4097,1000000,centered_aos256,gpu_profile,5,1.193875,1.701916,0.000000030
sample,4097,1000000,legacy,gpu_profile,6,0.324959,0.724500,186057.296326190
sample,4097,1000000,centered_aos256,gpu_profile,6,0.800542,1.270834,0.000000030
sample,4097,1000000,centered_vec128,gpu_profile,6,0.643875,1.046875,0.000000030
sample,4097,1000000,centered_aos256,gpu_profile,7,0.805625,1.249792,0.000000030
sample,4097,1000000,centered_vec128,gpu_profile,7,0.642875,1.008458,0.000000030
sample,4097,1000000,legacy,gpu_profile,7,0.326666,0.693417,186057.296326190
sample,4097,1000000,centered_vec128,gpu_profile,8,0.642458,1.294167,0.000000030
sample,4097,1000000,legacy,gpu_profile,8,0.323958,0.781959,186057.296326190
sample,4097,1000000,centered_aos256,gpu_profile,8,0.790834,1.213542,0.000000030
sample,4097,1000000,legacy,gpu_profile,9,0.327000,0.758375,186057.296326190
sample,4097,1000000,centered_aos256,gpu_profile,9,0.795750,1.179584,0.000000030
sample,4097,1000000,centered_vec128,gpu_profile,9,0.640042,1.009916,0.000000030
sample,4097,1000000,centered_aos256,gpu_profile,10,0.795000,1.157209,0.000000030
sample,4097,1000000,centered_vec128,gpu_profile,10,0.649750,1.035625,0.000000030
sample,4097,1000000,legacy,gpu_profile,10,0.326125,0.715875,186057.296326190
sample,4097,1000000,centered_vec128,gpu_profile,11,0.684875,1.403834,0.000000030
sample,4097,1000000,legacy,gpu_profile,11,0.324958,0.838334,186057.296326190
sample,4097,1000000,centered_aos256,gpu_profile,11,0.798000,1.248750,0.000000030
sample,4097,1000000,legacy,gpu_profile,12,0.322167,0.716875,186057.296326190
sample,4097,1000000,centered_aos256,gpu_profile,12,0.802375,1.254708,0.000000030
sample,4097,1000000,centered_vec128,gpu_profile,12,0.648791,1.056333,0.000000030
sample,4097,1000000,centered_aos256,gpu_profile,13,0.801375,1.202625,0.000000030
sample,4097,1000000,centered_vec128,gpu_profile,13,0.645750,1.081458,0.000000030
sample,4097,1000000,legacy,gpu_profile,13,0.324750,0.726459,186057.296326190
sample,4097,1000000,centered_vec128,gpu_profile,14,0.643583,1.086125,0.000000030
sample,4097,1000000,legacy,gpu_profile,14,0.321958,0.756750,186057.296326190
sample,4097,1000000,centered_aos256,gpu_profile,14,0.798708,1.198250,0.000000030
sample,4097,1000000,legacy,gpu_profile,15,0.322125,0.643834,186057.296326190
sample,4097,1000000,centered_aos256,gpu_profile,15,0.793667,1.126292,0.000000030
sample,4097,1000000,centered_vec128,gpu_profile,15,0.646334,0.990375,0.000000030
sample,4097,1000000,centered_aos256,gpu_profile,16,0.796500,1.135250,0.000000030
sample,4097,1000000,centered_vec128,gpu_profile,16,0.983250,1.415500,0.000000030
sample,4097,1000000,legacy,gpu_profile,16,0.336084,0.668834,186057.296326190
sample,4097,1000000,centered_vec128,gpu_profile,17,0.639667,0.997416,0.000000030
sample,4097,1000000,legacy,gpu_profile,17,0.321625,0.677750,186057.296326190
sample,4097,1000000,centered_aos256,gpu_profile,17,0.800958,1.197583,0.000000030
sample,4097,1000000,legacy,gpu_profile,18,0.321959,0.718000,186057.296326190
sample,4097,1000000,centered_aos256,gpu_profile,18,0.800791,1.217667,0.000000030
sample,4097,1000000,centered_vec128,gpu_profile,18,0.650709,1.139792,0.000000030
sample,4097,1000000,centered_aos256,gpu_profile,19,0.792334,1.323541,0.000000030
sample,4097,1000000,centered_vec128,gpu_profile,19,0.641292,1.085209,0.000000030
sample,4097,1000000,legacy,gpu_profile,19,0.322000,0.731500,186057.296326190
sample,4097,1000000,centered_vec128,gpu_profile,20,0.650250,1.075417,0.000000030
sample,4097,1000000,legacy,gpu_profile,20,0.321667,0.675708,186057.296326190
sample,4097,1000000,centered_aos256,gpu_profile,20,0.794917,1.198084,0.000000030
sample,4097,1000000,legacy,gpu_profile,21,0.326375,0.673834,186057.296326190
sample,4097,1000000,centered_aos256,gpu_profile,21,0.790417,1.170708,0.000000030
sample,4097,1000000,centered_vec128,gpu_profile,21,0.651000,1.009458,0.000000030
sample,4097,1000000,centered_aos256,gpu_profile,22,0.946667,1.403875,0.000000030
sample,4097,1000000,centered_vec128,gpu_profile,22,0.646375,1.072333,0.000000030
sample,4097,1000000,legacy,gpu_profile,22,0.322250,0.659542,186057.296326190
sample,4097,1000000,centered_vec128,gpu_profile,23,0.640875,1.060542,0.000000030
sample,4097,1000000,legacy,gpu_profile,23,0.326875,0.731250,186057.296326190
sample,4097,1000000,centered_aos256,gpu_profile,23,0.801459,1.256041,0.000000030
sample,4097,1000000,legacy,gpu_profile,24,0.326917,0.707542,186057.296326190
sample,4097,1000000,centered_aos256,gpu_profile,24,0.797792,1.315542,0.000000030
sample,4097,1000000,centered_vec128,gpu_profile,24,0.643542,1.097833,0.000000030
sample,4097,1000000,centered_aos256,gpu_profile,25,0.801125,1.287417,0.000000030
sample,4097,1000000,centered_vec128,gpu_profile,25,0.646250,1.179541,0.000000030
sample,4097,1000000,legacy,gpu_profile,25,0.322292,0.664042,186057.296326190
sample,4097,1000000,centered_vec128,gpu_profile,26,0.642958,1.018458,0.000000030
sample,4097,1000000,legacy,gpu_profile,26,0.322250,0.662917,186057.296326190
sample,4097,1000000,centered_aos256,gpu_profile,26,0.790792,1.145916,0.000000030
sample,4097,1000000,legacy,gpu_profile,27,0.322334,0.734875,186057.296326190
sample,4097,1000000,centered_aos256,gpu_profile,27,1.201917,1.697291,0.000000030
sample,4097,1000000,centered_vec128,gpu_profile,27,0.646958,1.089417,0.000000030
sample,4097,1000000,centered_aos256,gpu_profile,28,0.798542,1.286167,0.000000030
sample,4097,1000000,centered_vec128,gpu_profile,28,0.650083,1.076208,0.000000030
sample,4097,1000000,legacy,gpu_profile,28,0.326875,0.717125,186057.296326190
sample,4097,1000000,centered_vec128,gpu_profile,29,0.645250,1.033542,0.000000030
sample,4097,1000000,legacy,gpu_profile,29,0.322125,0.697083,186057.296326190
sample,4097,1000000,centered_aos256,gpu_profile,29,0.791250,1.371791,0.000000030
sample,4097,1000000,legacy,gpu_profile,30,0.323792,0.779250,186057.296326190
sample,4097,1000000,centered_aos256,gpu_profile,30,0.791125,1.223708,0.000000030
sample,4097,1000000,centered_vec128,gpu_profile,30,0.644084,1.031958,0.000000030
median,4097,1000000,legacy,gpu_profile,31,0.322791,0.716875,186057.296326190
median,4097,1000000,centered_aos256,gpu_profile,31,0.798000,1.228625,0.000000030
median,4097,1000000,centered_vec128,gpu_profile,31,0.645083,1.072333,0.000000030
sample,4097,1000000,legacy,resident,0,NaN,0.479125,186057.296326190
sample,4097,1000000,centered_aos256,resident,0,NaN,1.010542,0.000000030
sample,4097,1000000,centered_vec128,resident,0,NaN,0.802709,0.000000030
sample,4097,1000000,centered_aos256,resident,1,NaN,0.986084,0.000000030
sample,4097,1000000,centered_vec128,resident,1,NaN,0.840250,0.000000030
sample,4097,1000000,legacy,resident,1,NaN,0.520625,186057.296326190
sample,4097,1000000,centered_vec128,resident,2,NaN,1.535708,0.000000030
sample,4097,1000000,legacy,resident,2,NaN,0.526667,186057.296326190
sample,4097,1000000,centered_aos256,resident,2,NaN,1.005625,0.000000030
sample,4097,1000000,legacy,resident,3,NaN,0.530584,186057.296326190
sample,4097,1000000,centered_aos256,resident,3,NaN,1.018792,0.000000030
sample,4097,1000000,centered_vec128,resident,3,NaN,0.824833,0.000000030
sample,4097,1000000,centered_aos256,resident,4,NaN,1.019458,0.000000030
sample,4097,1000000,centered_vec128,resident,4,NaN,0.803083,0.000000030
sample,4097,1000000,legacy,resident,4,NaN,0.478209,186057.296326190
sample,4097,1000000,centered_vec128,resident,5,NaN,0.810042,0.000000030
sample,4097,1000000,legacy,resident,5,NaN,0.522958,186057.296326190
sample,4097,1000000,centered_aos256,resident,5,NaN,0.986916,0.000000030
sample,4097,1000000,legacy,resident,6,NaN,0.475083,186057.296326190
sample,4097,1000000,centered_aos256,resident,6,NaN,0.964292,0.000000030
sample,4097,1000000,centered_vec128,resident,6,NaN,0.822584,0.000000030
sample,4097,1000000,centered_aos256,resident,7,NaN,0.974292,0.000000030
sample,4097,1000000,centered_vec128,resident,7,NaN,0.809959,0.000000030
sample,4097,1000000,legacy,resident,7,NaN,0.482541,186057.296326190
sample,4097,1000000,centered_vec128,resident,8,NaN,0.800875,0.000000030
sample,4097,1000000,legacy,resident,8,NaN,0.472709,186057.296326190
sample,4097,1000000,centered_aos256,resident,8,NaN,1.295208,0.000000030
sample,4097,1000000,legacy,resident,9,NaN,0.533959,186057.296326190
sample,4097,1000000,centered_aos256,resident,9,NaN,1.017542,0.000000030
sample,4097,1000000,centered_vec128,resident,9,NaN,0.852458,0.000000030
sample,4097,1000000,centered_aos256,resident,10,NaN,1.017416,0.000000030
sample,4097,1000000,centered_vec128,resident,10,NaN,0.868708,0.000000030
sample,4097,1000000,legacy,resident,10,NaN,0.514625,186057.296326190
sample,4097,1000000,centered_vec128,resident,11,NaN,0.878041,0.000000030
sample,4097,1000000,legacy,resident,11,NaN,0.507250,186057.296326190
sample,4097,1000000,centered_aos256,resident,11,NaN,0.967375,0.000000030
sample,4097,1000000,legacy,resident,12,NaN,0.493459,186057.296326190
sample,4097,1000000,centered_aos256,resident,12,NaN,0.977708,0.000000030
sample,4097,1000000,centered_vec128,resident,12,NaN,0.862958,0.000000030
sample,4097,1000000,centered_aos256,resident,13,NaN,1.083667,0.000000030
sample,4097,1000000,centered_vec128,resident,13,NaN,0.878625,0.000000030
sample,4097,1000000,legacy,resident,13,NaN,0.510375,186057.296326190
sample,4097,1000000,centered_vec128,resident,14,NaN,0.838417,0.000000030
sample,4097,1000000,legacy,resident,14,NaN,0.498500,186057.296326190
sample,4097,1000000,centered_aos256,resident,14,NaN,1.009708,0.000000030
sample,4097,1000000,legacy,resident,15,NaN,0.475875,186057.296326190
sample,4097,1000000,centered_aos256,resident,15,NaN,0.976875,0.000000030
sample,4097,1000000,centered_vec128,resident,15,NaN,0.918375,0.000000030
sample,4097,1000000,centered_aos256,resident,16,NaN,1.025666,0.000000030
sample,4097,1000000,centered_vec128,resident,16,NaN,0.850083,0.000000030
sample,4097,1000000,legacy,resident,16,NaN,0.506167,186057.296326190
sample,4097,1000000,centered_vec128,resident,17,NaN,0.823125,0.000000030
sample,4097,1000000,legacy,resident,17,NaN,0.571000,186057.296326190
sample,4097,1000000,centered_aos256,resident,17,NaN,1.329334,0.000000030
sample,4097,1000000,legacy,resident,18,NaN,0.508167,186057.296326190
sample,4097,1000000,centered_aos256,resident,18,NaN,0.974708,0.000000030
sample,4097,1000000,centered_vec128,resident,18,NaN,0.839833,0.000000030
sample,4097,1000000,centered_aos256,resident,19,NaN,1.005791,0.000000030
sample,4097,1000000,centered_vec128,resident,19,NaN,0.838584,0.000000030
sample,4097,1000000,legacy,resident,19,NaN,0.510667,186057.296326190
sample,4097,1000000,centered_vec128,resident,20,NaN,0.849209,0.000000030
sample,4097,1000000,legacy,resident,20,NaN,0.517958,186057.296326190
sample,4097,1000000,centered_aos256,resident,20,NaN,1.014333,0.000000030
sample,4097,1000000,legacy,resident,21,NaN,0.494917,186057.296326190
sample,4097,1000000,centered_aos256,resident,21,NaN,1.244583,0.000000030
sample,4097,1000000,centered_vec128,resident,21,NaN,1.065708,0.000000030
sample,4097,1000000,centered_aos256,resident,22,NaN,0.983417,0.000000030
sample,4097,1000000,centered_vec128,resident,22,NaN,0.822125,0.000000030
sample,4097,1000000,legacy,resident,22,NaN,0.512375,186057.296326190
sample,4097,1000000,centered_vec128,resident,23,NaN,0.826917,0.000000030
sample,4097,1000000,legacy,resident,23,NaN,0.498459,186057.296326190
sample,4097,1000000,centered_aos256,resident,23,NaN,0.995375,0.000000030
sample,4097,1000000,legacy,resident,24,NaN,0.492667,186057.296326190
sample,4097,1000000,centered_aos256,resident,24,NaN,0.986500,0.000000030
sample,4097,1000000,centered_vec128,resident,24,NaN,0.836958,0.000000030
sample,4097,1000000,centered_aos256,resident,25,NaN,0.980500,0.000000030
sample,4097,1000000,centered_vec128,resident,25,NaN,0.795709,0.000000030
sample,4097,1000000,legacy,resident,25,NaN,0.483750,186057.296326190
sample,4097,1000000,centered_vec128,resident,26,NaN,0.832375,0.000000030
sample,4097,1000000,legacy,resident,26,NaN,0.494667,186057.296326190
sample,4097,1000000,centered_aos256,resident,26,NaN,0.971250,0.000000030
sample,4097,1000000,legacy,resident,27,NaN,0.482166,186057.296326190
sample,4097,1000000,centered_aos256,resident,27,NaN,0.986583,0.000000030
sample,4097,1000000,centered_vec128,resident,27,NaN,0.840125,0.000000030
sample,4097,1000000,centered_aos256,resident,28,NaN,0.991917,0.000000030
sample,4097,1000000,centered_vec128,resident,28,NaN,0.837417,0.000000030
sample,4097,1000000,legacy,resident,28,NaN,0.845250,186057.296326190
sample,4097,1000000,centered_vec128,resident,29,NaN,0.938458,0.000000030
sample,4097,1000000,legacy,resident,29,NaN,0.547917,186057.296326190
sample,4097,1000000,centered_aos256,resident,29,NaN,1.008542,0.000000030
sample,4097,1000000,legacy,resident,30,NaN,0.502125,186057.296326190
sample,4097,1000000,centered_aos256,resident,30,NaN,0.987750,0.000000030
sample,4097,1000000,centered_vec128,resident,30,NaN,0.843167,0.000000030
median,4097,1000000,legacy,resident,31,NaN,0.506167,186057.296326190
median,4097,1000000,centered_aos256,resident,31,NaN,0.995375,0.000000030
median,4097,1000000,centered_vec128,resident,31,NaN,0.838584,0.000000030
sample,4097,1000000,legacy,upload,0,NaN,0.555250,186057.296326190
sample,4097,1000000,centered_aos256,upload,0,NaN,1.090041,0.000000030
sample,4097,1000000,centered_vec128,upload,0,NaN,0.907583,0.000000030
sample,4097,1000000,centered_aos256,upload,1,NaN,1.062916,0.000000030
sample,4097,1000000,centered_vec128,upload,1,NaN,0.846458,0.000000030
sample,4097,1000000,legacy,upload,1,NaN,0.537584,186057.296326190
sample,4097,1000000,centered_vec128,upload,2,NaN,0.858209,0.000000030
sample,4097,1000000,legacy,upload,2,NaN,0.511875,186057.296326190
sample,4097,1000000,centered_aos256,upload,2,NaN,1.043541,0.000000030
sample,4097,1000000,legacy,upload,3,NaN,0.553292,186057.296326190
sample,4097,1000000,centered_aos256,upload,3,NaN,1.014458,0.000000030
sample,4097,1000000,centered_vec128,upload,3,NaN,0.848292,0.000000030
sample,4097,1000000,centered_aos256,upload,4,NaN,1.153750,0.000000030
sample,4097,1000000,centered_vec128,upload,4,NaN,0.964458,0.000000030
sample,4097,1000000,legacy,upload,4,NaN,0.572125,186057.296326190
sample,4097,1000000,centered_vec128,upload,5,NaN,0.905458,0.000000030
sample,4097,1000000,legacy,upload,5,NaN,0.535084,186057.296326190
sample,4097,1000000,centered_aos256,upload,5,NaN,1.019250,0.000000030
sample,4097,1000000,legacy,upload,6,NaN,0.563667,186057.296326190
sample,4097,1000000,centered_aos256,upload,6,NaN,1.088500,0.000000030
sample,4097,1000000,centered_vec128,upload,6,NaN,0.860542,0.000000030
sample,4097,1000000,centered_aos256,upload,7,NaN,1.086625,0.000000030
sample,4097,1000000,centered_vec128,upload,7,NaN,0.868334,0.000000030
sample,4097,1000000,legacy,upload,7,NaN,0.559833,186057.296326190
sample,4097,1000000,centered_vec128,upload,8,NaN,1.017292,0.000000030
sample,4097,1000000,legacy,upload,8,NaN,0.692708,186057.296326190
sample,4097,1000000,centered_aos256,upload,8,NaN,1.050875,0.000000030
sample,4097,1000000,legacy,upload,9,NaN,0.544333,186057.296326190
sample,4097,1000000,centered_aos256,upload,9,NaN,1.061125,0.000000030
sample,4097,1000000,centered_vec128,upload,9,NaN,0.876458,0.000000030
sample,4097,1000000,centered_aos256,upload,10,NaN,1.015084,0.000000030
sample,4097,1000000,centered_vec128,upload,10,NaN,0.849875,0.000000030
sample,4097,1000000,legacy,upload,10,NaN,0.695250,186057.296326190
sample,4097,1000000,centered_vec128,upload,11,NaN,1.140875,0.000000030
sample,4097,1000000,legacy,upload,11,NaN,0.508125,186057.296326190
sample,4097,1000000,centered_aos256,upload,11,NaN,1.034333,0.000000030
sample,4097,1000000,legacy,upload,12,NaN,0.516625,186057.296326190
sample,4097,1000000,centered_aos256,upload,12,NaN,1.037041,0.000000030
sample,4097,1000000,centered_vec128,upload,12,NaN,0.881709,0.000000030
sample,4097,1000000,centered_aos256,upload,13,NaN,1.078250,0.000000030
sample,4097,1000000,centered_vec128,upload,13,NaN,0.922292,0.000000030
sample,4097,1000000,legacy,upload,13,NaN,0.535334,186057.296326190
sample,4097,1000000,centered_vec128,upload,14,NaN,0.874500,0.000000030
sample,4097,1000000,legacy,upload,14,NaN,0.517250,186057.296326190
sample,4097,1000000,centered_aos256,upload,14,NaN,0.977917,0.000000030
sample,4097,1000000,legacy,upload,15,NaN,0.523083,186057.296326190
sample,4097,1000000,centered_aos256,upload,15,NaN,1.016291,0.000000030
sample,4097,1000000,centered_vec128,upload,15,NaN,0.856083,0.000000030
sample,4097,1000000,centered_aos256,upload,16,NaN,0.991125,0.000000030
sample,4097,1000000,centered_vec128,upload,16,NaN,0.986167,0.000000030
sample,4097,1000000,legacy,upload,16,NaN,0.533459,186057.296326190
sample,4097,1000000,centered_vec128,upload,17,NaN,0.887792,0.000000030
sample,4097,1000000,legacy,upload,17,NaN,0.512416,186057.296326190
sample,4097,1000000,centered_aos256,upload,17,NaN,1.004167,0.000000030
sample,4097,1000000,legacy,upload,18,NaN,0.526625,186057.296326190
sample,4097,1000000,centered_aos256,upload,18,NaN,1.397458,0.000000030
sample,4097,1000000,centered_vec128,upload,18,NaN,0.941875,0.000000030
sample,4097,1000000,centered_aos256,upload,19,NaN,1.064417,0.000000030
sample,4097,1000000,centered_vec128,upload,19,NaN,0.887250,0.000000030
sample,4097,1000000,legacy,upload,19,NaN,0.520000,186057.296326190
sample,4097,1000000,centered_vec128,upload,20,NaN,0.903667,0.000000030
sample,4097,1000000,legacy,upload,20,NaN,0.524292,186057.296326190
sample,4097,1000000,centered_aos256,upload,20,NaN,1.019625,0.000000030
sample,4097,1000000,legacy,upload,21,NaN,0.514834,186057.296326190
sample,4097,1000000,centered_aos256,upload,21,NaN,1.049333,0.000000030
sample,4097,1000000,centered_vec128,upload,21,NaN,0.889375,0.000000030
sample,4097,1000000,centered_aos256,upload,22,NaN,1.142750,0.000000030
sample,4097,1000000,centered_vec128,upload,22,NaN,0.881125,0.000000030
sample,4097,1000000,legacy,upload,22,NaN,0.531125,186057.296326190
sample,4097,1000000,centered_vec128,upload,23,NaN,0.864333,0.000000030
sample,4097,1000000,legacy,upload,23,NaN,0.518750,186057.296326190
sample,4097,1000000,centered_aos256,upload,23,NaN,1.011416,0.000000030
sample,4097,1000000,legacy,upload,24,NaN,0.512125,186057.296326190
sample,4097,1000000,centered_aos256,upload,24,NaN,0.968625,0.000000030
sample,4097,1000000,centered_vec128,upload,24,NaN,1.260291,0.000000030
sample,4097,1000000,centered_aos256,upload,25,NaN,1.042250,0.000000030
sample,4097,1000000,centered_vec128,upload,25,NaN,0.864667,0.000000030
sample,4097,1000000,legacy,upload,25,NaN,0.502042,186057.296326190
sample,4097,1000000,centered_vec128,upload,26,NaN,0.836375,0.000000030
sample,4097,1000000,legacy,upload,26,NaN,0.501125,186057.296326190
sample,4097,1000000,centered_aos256,upload,26,NaN,0.988084,0.000000030
sample,4097,1000000,legacy,upload,27,NaN,0.518625,186057.296326190
sample,4097,1000000,centered_aos256,upload,27,NaN,1.001125,0.000000030
sample,4097,1000000,centered_vec128,upload,27,NaN,0.941708,0.000000030
sample,4097,1000000,centered_aos256,upload,28,NaN,1.110167,0.000000030
sample,4097,1000000,centered_vec128,upload,28,NaN,0.868708,0.000000030
sample,4097,1000000,legacy,upload,28,NaN,0.512709,186057.296326190
sample,4097,1000000,centered_vec128,upload,29,NaN,0.938917,0.000000030
sample,4097,1000000,legacy,upload,29,NaN,0.512208,186057.296326190
sample,4097,1000000,centered_aos256,upload,29,NaN,1.002209,0.000000030
sample,4097,1000000,legacy,upload,30,NaN,0.513208,186057.296326190
sample,4097,1000000,centered_aos256,upload,30,NaN,1.002709,0.000000030
sample,4097,1000000,centered_vec128,upload,30,NaN,0.839959,0.000000030
median,4097,1000000,legacy,upload,31,NaN,0.523083,186057.296326190
median,4097,1000000,centered_aos256,upload,31,NaN,1.037041,0.000000030
median,4097,1000000,centered_vec128,upload,31,NaN,0.881709,0.000000030
median,4097,1000000,cpu,centered_f64,5,NaN,0.121208,0
sample,4097,1000000,legacy,session,0,NaN,0.433458,163768.797302753
sample,4097,1000000,centered,session,0,NaN,1.111708,0.000000030
sample,4097,1000000,centered,session,1,NaN,1.001500,0.000000030
sample,4097,1000000,legacy,session,1,NaN,0.282083,163768.797302753
sample,4097,1000000,legacy,session,2,NaN,0.259292,163768.797302753
sample,4097,1000000,centered,session,2,NaN,0.970125,0.000000030
sample,4097,1000000,centered,session,3,NaN,0.974667,0.000000030
sample,4097,1000000,legacy,session,3,NaN,0.267708,163768.797302753
sample,4097,1000000,legacy,session,4,NaN,0.295250,163768.797302753
sample,4097,1000000,centered,session,4,NaN,0.978000,0.000000030
sample,4097,1000000,centered,session,5,NaN,1.136625,0.000000030
sample,4097,1000000,legacy,session,5,NaN,0.279333,163768.797302753
sample,4097,1000000,legacy,session,6,NaN,0.248791,163768.797302753
sample,4097,1000000,centered,session,6,NaN,0.988041,0.000000030
sample,4097,1000000,centered,session,7,NaN,0.952750,0.000000030
sample,4097,1000000,legacy,session,7,NaN,0.277625,163768.797302753
sample,4097,1000000,legacy,session,8,NaN,0.272167,163768.797302753
sample,4097,1000000,centered,session,8,NaN,0.997667,0.000000030
sample,4097,1000000,centered,session,9,NaN,0.991250,0.000000030
sample,4097,1000000,legacy,session,9,NaN,0.255875,163768.797302753
sample,4097,1000000,legacy,session,10,NaN,0.259042,163768.797302753
sample,4097,1000000,centered,session,10,NaN,1.323334,0.000000030
sample,4097,1000000,centered,session,11,NaN,0.937166,0.000000030
sample,4097,1000000,legacy,session,11,NaN,0.221625,163768.797302753
sample,4097,1000000,legacy,session,12,NaN,0.247167,163768.797302753
sample,4097,1000000,centered,session,12,NaN,0.927375,0.000000030
sample,4097,1000000,centered,session,13,NaN,0.918833,0.000000030
sample,4097,1000000,legacy,session,13,NaN,0.231459,163768.797302753
sample,4097,1000000,legacy,session,14,NaN,0.250750,163768.797302753
sample,4097,1000000,centered,session,14,NaN,1.036542,0.000000030
median,4097,1000000,legacy,session,15,NaN,0.259292,NaN
median,4097,1000000,centered,session,15,NaN,0.988041,NaN
sample,1000003,0,legacy,gpu_profile,0,0.814917,1.290542,0.000000123
sample,1000003,0,centered_aos256,gpu_profile,0,3.543792,4.037833,0.000000123
sample,1000003,0,centered_vec128,gpu_profile,0,1.556792,2.005042,0.000000123
sample,1000003,0,centered_aos256,gpu_profile,1,4.072833,4.615334,0.000000123
sample,1000003,0,centered_vec128,gpu_profile,1,1.561833,2.019375,0.000000123
sample,1000003,0,legacy,gpu_profile,1,0.820791,1.234833,0.000000123
sample,1000003,0,centered_vec128,gpu_profile,2,1.552625,2.010667,0.000000123
sample,1000003,0,legacy,gpu_profile,2,0.814375,1.205333,0.000000123
sample,1000003,0,centered_aos256,gpu_profile,2,3.540500,4.171041,0.000000123
sample,1000003,0,legacy,gpu_profile,3,0.819541,1.248458,0.000000123
sample,1000003,0,centered_aos256,gpu_profile,3,3.522084,3.939083,0.000000123
sample,1000003,0,centered_vec128,gpu_profile,3,1.553041,1.999084,0.000000123
sample,1000003,0,centered_aos256,gpu_profile,4,4.240291,4.822875,0.000000123
sample,1000003,0,centered_vec128,gpu_profile,4,1.557459,2.184167,0.000000123
sample,1000003,0,legacy,gpu_profile,4,0.821792,1.346417,0.000000123
sample,1000003,0,centered_vec128,gpu_profile,5,1.550708,2.003792,0.000000123
sample,1000003,0,legacy,gpu_profile,5,0.814000,1.249250,0.000000123
sample,1000003,0,centered_aos256,gpu_profile,5,4.121584,4.630125,0.000000123
sample,1000003,0,legacy,gpu_profile,6,0.825333,1.270084,0.000000123
sample,1000003,0,centered_aos256,gpu_profile,6,3.525292,4.002250,0.000000123
sample,1000003,0,centered_vec128,gpu_profile,6,1.556959,2.031959,0.000000123
sample,1000003,0,centered_aos256,gpu_profile,7,3.527500,3.948041,0.000000123
sample,1000003,0,centered_vec128,gpu_profile,7,1.550291,1.935625,0.000000123
sample,1000003,0,legacy,gpu_profile,7,0.820875,1.217917,0.000000123
sample,1000003,0,centered_vec128,gpu_profile,8,2.000667,2.465834,0.000000123
sample,1000003,0,legacy,gpu_profile,8,0.823625,1.341375,0.000000123
sample,1000003,0,centered_aos256,gpu_profile,8,3.538084,4.048250,0.000000123
sample,1000003,0,legacy,gpu_profile,9,0.814625,1.287834,0.000000123
sample,1000003,0,centered_aos256,gpu_profile,9,3.538458,4.045375,0.000000123
sample,1000003,0,centered_vec128,gpu_profile,9,1.557333,2.011917,0.000000123
sample,1000003,0,centered_aos256,gpu_profile,10,3.899334,4.412958,0.000000123
sample,1000003,0,centered_vec128,gpu_profile,10,1.566625,2.075500,0.000000123
sample,1000003,0,legacy,gpu_profile,10,0.819041,1.258334,0.000000123
sample,1000003,0,centered_vec128,gpu_profile,11,1.554209,2.143750,0.000000123
sample,1000003,0,legacy,gpu_profile,11,0.819666,1.402958,0.000000123
sample,1000003,0,centered_aos256,gpu_profile,11,3.521959,4.024291,0.000000123
sample,1000003,0,legacy,gpu_profile,12,0.813791,1.222084,0.000000123
sample,1000003,0,centered_aos256,gpu_profile,12,4.083125,4.558834,0.000000123
sample,1000003,0,centered_vec128,gpu_profile,12,1.560875,2.059250,0.000000123
sample,1000003,0,centered_aos256,gpu_profile,13,3.517417,3.990458,0.000000123
sample,1000003,0,centered_vec128,gpu_profile,13,1.561667,2.018500,0.000000123
sample,1000003,0,legacy,gpu_profile,13,0.821333,1.241667,0.000000123
sample,1000003,0,centered_vec128,gpu_profile,14,1.547542,1.996792,0.000000123
sample,1000003,0,legacy,gpu_profile,14,0.813792,1.212708,0.000000123
sample,1000003,0,centered_aos256,gpu_profile,14,3.866542,4.344875,0.000000123
sample,1000003,0,legacy,gpu_profile,15,0.828292,1.339958,0.000000123
sample,1000003,0,centered_aos256,gpu_profile,15,3.532875,3.997584,0.000000123
sample,1000003,0,centered_vec128,gpu_profile,15,1.557958,2.065500,0.000000123
sample,1000003,0,centered_aos256,gpu_profile,16,3.520834,4.015250,0.000000123
sample,1000003,0,centered_vec128,gpu_profile,16,1.608750,2.379125,0.000000123
sample,1000003,0,legacy,gpu_profile,16,0.821500,1.294834,0.000000123
sample,1000003,0,centered_vec128,gpu_profile,17,1.554500,2.007000,0.000000123
sample,1000003,0,legacy,gpu_profile,17,0.822875,1.259334,0.000000123
sample,1000003,0,centered_aos256,gpu_profile,17,3.518916,4.158083,0.000000123
sample,1000003,0,legacy,gpu_profile,18,0.825750,1.373834,0.000000123
sample,1000003,0,centered_aos256,gpu_profile,18,3.517833,4.014375,0.000000123
sample,1000003,0,centered_vec128,gpu_profile,18,1.611833,2.378125,0.000000123
sample,1000003,0,centered_aos256,gpu_profile,19,3.532834,3.973250,0.000000123
sample,1000003,0,centered_vec128,gpu_profile,19,1.559166,1.949875,0.000000123
sample,1000003,0,legacy,gpu_profile,19,0.816334,1.236667,0.000000123
sample,1000003,0,centered_vec128,gpu_profile,20,1.552291,1.996209,0.000000123
sample,1000003,0,legacy,gpu_profile,20,0.824583,1.265125,0.000000123
sample,1000003,0,centered_aos256,gpu_profile,20,3.520250,3.957375,0.000000123
sample,1000003,0,legacy,gpu_profile,21,1.067458,1.499542,0.000000123
sample,1000003,0,centered_aos256,gpu_profile,21,3.526667,4.019000,0.000000123
sample,1000003,0,centered_vec128,gpu_profile,21,1.567500,2.037666,0.000000123
sample,1000003,0,centered_aos256,gpu_profile,22,3.598667,4.145417,0.000000123
sample,1000003,0,centered_vec128,gpu_profile,22,1.555958,2.061542,0.000000123
sample,1000003,0,legacy,gpu_profile,22,0.815375,1.279208,0.000000123
sample,1000003,0,centered_vec128,gpu_profile,23,1.546917,2.053250,0.000000123
sample,1000003,0,legacy,gpu_profile,23,1.307125,1.707292,0.000000123
sample,1000003,0,centered_aos256,gpu_profile,23,3.547333,4.101083,0.000000123
sample,1000003,0,legacy,gpu_profile,24,0.819625,1.272250,0.000000123
sample,1000003,0,centered_aos256,gpu_profile,24,3.530459,4.020416,0.000000123
sample,1000003,0,centered_vec128,gpu_profile,24,1.566583,2.076041,0.000000123
sample,1000003,0,centered_aos256,gpu_profile,25,3.525125,3.995000,0.000000123
sample,1000003,0,centered_vec128,gpu_profile,25,2.045708,2.521083,0.000000123
sample,1000003,0,legacy,gpu_profile,25,0.819166,1.242084,0.000000123
sample,1000003,0,centered_vec128,gpu_profile,26,1.570500,2.015583,0.000000123
sample,1000003,0,legacy,gpu_profile,26,0.818333,1.224750,0.000000123
sample,1000003,0,centered_aos256,gpu_profile,26,3.640375,4.129500,0.000000123
sample,1000003,0,legacy,gpu_profile,27,0.825542,1.300167,0.000000123
sample,1000003,0,centered_aos256,gpu_profile,27,3.515541,3.966500,0.000000123
sample,1000003,0,centered_vec128,gpu_profile,27,2.280083,2.731709,0.000000123
sample,1000003,0,centered_aos256,gpu_profile,28,3.571417,4.079916,0.000000123
sample,1000003,0,centered_vec128,gpu_profile,28,1.556417,1.966375,0.000000123
sample,1000003,0,legacy,gpu_profile,28,0.818542,1.293459,0.000000123
sample,1000003,0,centered_vec128,gpu_profile,29,1.561584,2.104459,0.000000123
sample,1000003,0,legacy,gpu_profile,29,0.814833,1.286334,0.000000123
sample,1000003,0,centered_aos256,gpu_profile,29,4.031709,4.552500,0.000000123
sample,1000003,0,legacy,gpu_profile,30,0.820834,1.237792,0.000000123
sample,1000003,0,centered_aos256,gpu_profile,30,3.561916,4.009125,0.000000123
sample,1000003,0,centered_vec128,gpu_profile,30,1.557000,1.961125,0.000000123
median,1000003,0,legacy,gpu_profile,31,0.819666,1.270084,0.000000123
median,1000003,0,centered_aos256,gpu_profile,31,3.538084,4.037833,0.000000123
median,1000003,0,centered_vec128,gpu_profile,31,1.557459,2.031959,0.000000123
sample,1000003,0,legacy,resident,0,NaN,1.042834,0.000000123
sample,1000003,0,centered_aos256,resident,0,NaN,3.748959,0.000000123
sample,1000003,0,centered_vec128,resident,0,NaN,1.767458,0.000000123
sample,1000003,0,centered_aos256,resident,1,NaN,4.377334,0.000000123
sample,1000003,0,centered_vec128,resident,1,NaN,1.836125,0.000000123
sample,1000003,0,legacy,resident,1,NaN,1.060125,0.000000123
sample,1000003,0,centered_vec128,resident,2,NaN,1.771750,0.000000123
sample,1000003,0,legacy,resident,2,NaN,1.030041,0.000000123
sample,1000003,0,centered_aos256,resident,2,NaN,3.752708,0.000000123
sample,1000003,0,legacy,resident,3,NaN,1.059375,0.000000123
sample,1000003,0,centered_aos256,resident,3,NaN,3.859209,0.000000123
sample,1000003,0,centered_vec128,resident,3,NaN,1.932625,0.000000123
sample,1000003,0,centered_aos256,resident,4,NaN,3.784834,0.000000123
sample,1000003,0,centered_vec128,resident,4,NaN,1.787791,0.000000123
sample,1000003,0,legacy,resident,4,NaN,0.980917,0.000000123
sample,1000003,0,centered_vec128,resident,5,NaN,1.831750,0.000000123
sample,1000003,0,legacy,resident,5,NaN,1.078375,0.000000123
sample,1000003,0,centered_aos256,resident,5,NaN,3.748334,0.000000123
sample,1000003,0,legacy,resident,6,NaN,1.252250,0.000000123
sample,1000003,0,centered_aos256,resident,6,NaN,4.060208,0.000000123
sample,1000003,0,centered_vec128,resident,6,NaN,1.843583,0.000000123
sample,1000003,0,centered_aos256,resident,7,NaN,3.744584,0.000000123
sample,1000003,0,centered_vec128,resident,7,NaN,1.853500,0.000000123
sample,1000003,0,legacy,resident,7,NaN,1.055000,0.000000123
sample,1000003,0,centered_vec128,resident,8,NaN,1.768750,0.000000123
sample,1000003,0,legacy,resident,8,NaN,1.051291,0.000000123
sample,1000003,0,centered_aos256,resident,8,NaN,4.476167,0.000000123
sample,1000003,0,legacy,resident,9,NaN,1.068667,0.000000123
sample,1000003,0,centered_aos256,resident,9,NaN,3.758542,0.000000123
sample,1000003,0,centered_vec128,resident,9,NaN,1.849709,0.000000123
sample,1000003,0,centered_aos256,resident,10,NaN,3.827333,0.000000123
sample,1000003,0,centered_vec128,resident,10,NaN,1.837750,0.000000123
sample,1000003,0,legacy,resident,10,NaN,1.435083,0.000000123
sample,1000003,0,centered_vec128,resident,11,NaN,1.932709,0.000000123
sample,1000003,0,legacy,resident,11,NaN,1.060459,0.000000123
sample,1000003,0,centered_aos256,resident,11,NaN,3.729750,0.000000123
sample,1000003,0,legacy,resident,12,NaN,1.023708,0.000000123
sample,1000003,0,centered_aos256,resident,12,NaN,3.760375,0.000000123
sample,1000003,0,centered_vec128,resident,12,NaN,1.806584,0.000000123
sample,1000003,0,centered_aos256,resident,13,NaN,4.475792,0.000000123
sample,1000003,0,centered_vec128,resident,13,NaN,1.816083,0.000000123
sample,1000003,0,legacy,resident,13,NaN,1.027708,0.000000123
sample,1000003,0,centered_vec128,resident,14,NaN,1.745042,0.000000123
sample,1000003,0,legacy,resident,14,NaN,1.012791,0.000000123
sample,1000003,0,centered_aos256,resident,14,NaN,4.018958,0.000000123
sample,1000003,0,legacy,resident,15,NaN,1.045833,0.000000123
sample,1000003,0,centered_aos256,resident,15,NaN,4.340333,0.000000123
sample,1000003,0,centered_vec128,resident,15,NaN,1.799959,0.000000123
sample,1000003,0,centered_aos256,resident,16,NaN,3.737875,0.000000123
sample,1000003,0,centered_vec128,resident,16,NaN,1.766625,0.000000123
sample,1000003,0,legacy,resident,16,NaN,1.071709,0.000000123
sample,1000003,0,centered_vec128,resident,17,NaN,1.882625,0.000000123
sample,1000003,0,legacy,resident,17,NaN,1.061250,0.000000123
sample,1000003,0,centered_aos256,resident,17,NaN,3.766083,0.000000123
sample,1000003,0,legacy,resident,18,NaN,1.158958,0.000000123
sample,1000003,0,centered_aos256,resident,18,NaN,4.464708,0.000000123
sample,1000003,0,centered_vec128,resident,18,NaN,1.843500,0.000000123
sample,1000003,0,centered_aos256,resident,19,NaN,3.928000,0.000000123
sample,1000003,0,centered_vec128,resident,19,NaN,1.859500,0.000000123
sample,1000003,0,legacy,resident,19,NaN,1.065708,0.000000123
sample,1000003,0,centered_vec128,resident,20,NaN,1.754834,0.000000123
sample,1000003,0,legacy,resident,20,NaN,1.373958,0.000000123
sample,1000003,0,centered_aos256,resident,20,NaN,3.902250,0.000000123
sample,1000003,0,legacy,resident,21,NaN,1.078500,0.000000123
sample,1000003,0,centered_aos256,resident,21,NaN,3.772333,0.000000123
sample,1000003,0,centered_vec128,resident,21,NaN,1.867083,0.000000123
sample,1000003,0,centered_aos256,resident,22,NaN,3.793458,0.000000123
sample,1000003,0,centered_vec128,resident,22,NaN,2.363333,0.000000123
sample,1000003,0,legacy,resident,22,NaN,1.102042,0.000000123
sample,1000003,0,centered_vec128,resident,23,NaN,1.872333,0.000000123
sample,1000003,0,legacy,resident,23,NaN,0.998583,0.000000123
sample,1000003,0,centered_aos256,resident,23,NaN,3.747166,0.000000123
sample,1000003,0,legacy,resident,24,NaN,1.168291,0.000000123
sample,1000003,0,centered_aos256,resident,24,NaN,3.974167,0.000000123
sample,1000003,0,centered_vec128,resident,24,NaN,1.826042,0.000000123
sample,1000003,0,centered_aos256,resident,25,NaN,4.511708,0.000000123
sample,1000003,0,centered_vec128,resident,25,NaN,1.797333,0.000000123
sample,1000003,0,legacy,resident,25,NaN,1.024000,0.000000123
sample,1000003,0,centered_vec128,resident,26,NaN,1.744125,0.000000123
sample,1000003,0,legacy,resident,26,NaN,1.033208,0.000000123
sample,1000003,0,centered_aos256,resident,26,NaN,3.746833,0.000000123
sample,1000003,0,legacy,resident,27,NaN,1.021750,0.000000123
sample,1000003,0,centered_aos256,resident,27,NaN,3.730292,0.000000123
sample,1000003,0,centered_vec128,resident,27,NaN,1.810625,0.000000123
sample,1000003,0,centered_aos256,resident,28,NaN,4.550875,0.000000123
sample,1000003,0,centered_vec128,resident,28,NaN,1.812208,0.000000123
sample,1000003,0,legacy,resident,28,NaN,1.133083,0.000000123
sample,1000003,0,centered_vec128,resident,29,NaN,1.855167,0.000000123
sample,1000003,0,legacy,resident,29,NaN,1.051916,0.000000123
sample,1000003,0,centered_aos256,resident,29,NaN,4.374542,0.000000123
sample,1000003,0,legacy,resident,30,NaN,1.151709,0.000000123
sample,1000003,0,centered_aos256,resident,30,NaN,3.782375,0.000000123
sample,1000003,0,centered_vec128,resident,30,NaN,1.800042,0.000000123
median,1000003,0,legacy,resident,31,NaN,1.060125,0.000000123
median,1000003,0,centered_aos256,resident,31,NaN,3.793458,0.000000123
median,1000003,0,centered_vec128,resident,31,NaN,1.826042,0.000000123
sample,1000003,0,legacy,upload,0,NaN,3.934542,0.000000123
sample,1000003,0,centered_aos256,upload,0,NaN,7.000584,0.000000123
sample,1000003,0,centered_vec128,upload,0,NaN,4.396750,0.000000123
sample,1000003,0,centered_aos256,upload,1,NaN,6.810208,0.000000123
sample,1000003,0,centered_vec128,upload,1,NaN,5.358500,0.000000123
sample,1000003,0,legacy,upload,1,NaN,3.832209,0.000000123
sample,1000003,0,centered_vec128,upload,2,NaN,4.649083,0.000000123
sample,1000003,0,legacy,upload,2,NaN,3.910709,0.000000123
sample,1000003,0,centered_aos256,upload,2,NaN,7.338625,0.000000123
sample,1000003,0,legacy,upload,3,NaN,3.925875,0.000000123
sample,1000003,0,centered_aos256,upload,3,NaN,6.585958,0.000000123
sample,1000003,0,centered_vec128,upload,3,NaN,4.765958,0.000000123
sample,1000003,0,centered_aos256,upload,4,NaN,6.644792,0.000000123
sample,1000003,0,centered_vec128,upload,4,NaN,4.579333,0.000000123
sample,1000003,0,legacy,upload,4,NaN,3.680084,0.000000123
sample,1000003,0,centered_vec128,upload,5,NaN,4.544958,0.000000123
sample,1000003,0,legacy,upload,5,NaN,4.077000,0.000000123
sample,1000003,0,centered_aos256,upload,5,NaN,7.061750,0.000000123
sample,1000003,0,legacy,upload,6,NaN,4.128958,0.000000123
sample,1000003,0,centered_aos256,upload,6,NaN,6.716958,0.000000123
sample,1000003,0,centered_vec128,upload,6,NaN,4.857500,0.000000123
sample,1000003,0,centered_aos256,upload,7,NaN,6.676125,0.000000123
sample,1000003,0,centered_vec128,upload,7,NaN,4.886459,0.000000123
sample,1000003,0,legacy,upload,7,NaN,3.827292,0.000000123
sample,1000003,0,centered_vec128,upload,8,NaN,4.781834,0.000000123
sample,1000003,0,legacy,upload,8,NaN,3.794958,0.000000123
sample,1000003,0,centered_aos256,upload,8,NaN,6.638291,0.000000123
sample,1000003,0,legacy,upload,9,NaN,4.194000,0.000000123
sample,1000003,0,centered_aos256,upload,9,NaN,6.273458,0.000000123
sample,1000003,0,centered_vec128,upload,9,NaN,4.740292,0.000000123
sample,1000003,0,centered_aos256,upload,10,NaN,6.645959,0.000000123
sample,1000003,0,centered_vec128,upload,10,NaN,4.650666,0.000000123
sample,1000003,0,legacy,upload,10,NaN,4.144542,0.000000123
sample,1000003,0,centered_vec128,upload,11,NaN,4.332417,0.000000123
sample,1000003,0,legacy,upload,11,NaN,3.931917,0.000000123
sample,1000003,0,centered_aos256,upload,11,NaN,6.566708,0.000000123
sample,1000003,0,legacy,upload,12,NaN,4.442458,0.000000123
sample,1000003,0,centered_aos256,upload,12,NaN,7.260084,0.000000123
sample,1000003,0,centered_vec128,upload,12,NaN,5.627125,0.000000123
sample,1000003,0,centered_aos256,upload,13,NaN,7.392750,0.000000123
sample,1000003,0,centered_vec128,upload,13,NaN,4.423417,0.000000123
sample,1000003,0,legacy,upload,13,NaN,3.946125,0.000000123
sample,1000003,0,centered_vec128,upload,14,NaN,4.612083,0.000000123
sample,1000003,0,legacy,upload,14,NaN,4.310125,0.000000123
sample,1000003,0,centered_aos256,upload,14,NaN,6.436750,0.000000123
sample,1000003,0,legacy,upload,15,NaN,3.958709,0.000000123
sample,1000003,0,centered_aos256,upload,15,NaN,7.509500,0.000000123
sample,1000003,0,centered_vec128,upload,15,NaN,4.516417,0.000000123
sample,1000003,0,centered_aos256,upload,16,NaN,6.596250,0.000000123
sample,1000003,0,centered_vec128,upload,16,NaN,4.672709,0.000000123
sample,1000003,0,legacy,upload,16,NaN,3.849458,0.000000123
sample,1000003,0,centered_vec128,upload,17,NaN,4.703625,0.000000123
sample,1000003,0,legacy,upload,17,NaN,3.798291,0.000000123
sample,1000003,0,centered_aos256,upload,17,NaN,6.807708,0.000000123
sample,1000003,0,legacy,upload,18,NaN,4.004667,0.000000123
sample,1000003,0,centered_aos256,upload,18,NaN,6.887292,0.000000123
sample,1000003,0,centered_vec128,upload,18,NaN,4.900500,0.000000123
sample,1000003,0,centered_aos256,upload,19,NaN,6.788416,0.000000123
sample,1000003,0,centered_vec128,upload,19,NaN,5.044500,0.000000123
sample,1000003,0,legacy,upload,19,NaN,3.816792,0.000000123
sample,1000003,0,centered_vec128,upload,20,NaN,4.336083,0.000000123
sample,1000003,0,legacy,upload,20,NaN,3.843416,0.000000123
sample,1000003,0,centered_aos256,upload,20,NaN,7.332417,0.000000123
sample,1000003,0,legacy,upload,21,NaN,3.944167,0.000000123
sample,1000003,0,centered_aos256,upload,21,NaN,6.836625,0.000000123
sample,1000003,0,centered_vec128,upload,21,NaN,4.788334,0.000000123
sample,1000003,0,centered_aos256,upload,22,NaN,6.486833,0.000000123
sample,1000003,0,centered_vec128,upload,22,NaN,4.720125,0.000000123
sample,1000003,0,legacy,upload,22,NaN,4.658084,0.000000123
sample,1000003,0,centered_vec128,upload,23,NaN,4.667875,0.000000123
sample,1000003,0,legacy,upload,23,NaN,4.010208,0.000000123
sample,1000003,0,centered_aos256,upload,23,NaN,6.866042,0.000000123
sample,1000003,0,legacy,upload,24,NaN,4.038500,0.000000123
sample,1000003,0,centered_aos256,upload,24,NaN,7.088291,0.000000123
sample,1000003,0,centered_vec128,upload,24,NaN,4.601250,0.000000123
sample,1000003,0,centered_aos256,upload,25,NaN,6.773000,0.000000123
sample,1000003,0,centered_vec128,upload,25,NaN,4.697250,0.000000123
sample,1000003,0,legacy,upload,25,NaN,3.904500,0.000000123
sample,1000003,0,centered_vec128,upload,26,NaN,4.982334,0.000000123
sample,1000003,0,legacy,upload,26,NaN,3.977292,0.000000123
sample,1000003,0,centered_aos256,upload,26,NaN,6.849125,0.000000123
sample,1000003,0,legacy,upload,27,NaN,3.856208,0.000000123
sample,1000003,0,centered_aos256,upload,27,NaN,6.359083,0.000000123
sample,1000003,0,centered_vec128,upload,27,NaN,4.656167,0.000000123
sample,1000003,0,centered_aos256,upload,28,NaN,6.956459,0.000000123
sample,1000003,0,centered_vec128,upload,28,NaN,4.481958,0.000000123
sample,1000003,0,legacy,upload,28,NaN,4.185375,0.000000123
sample,1000003,0,centered_vec128,upload,29,NaN,5.085875,0.000000123
sample,1000003,0,legacy,upload,29,NaN,4.068917,0.000000123
sample,1000003,0,centered_aos256,upload,29,NaN,6.645500,0.000000123
sample,1000003,0,legacy,upload,30,NaN,4.075709,0.000000123
sample,1000003,0,centered_aos256,upload,30,NaN,7.327625,0.000000123
sample,1000003,0,centered_vec128,upload,30,NaN,5.018916,0.000000123
median,1000003,0,legacy,upload,31,NaN,3.946125,0.000000123
median,1000003,0,centered_aos256,upload,31,NaN,6.807708,0.000000123
median,1000003,0,centered_vec128,upload,31,NaN,4.697250,0.000000123
median,1000003,0,cpu,centered_f64,5,NaN,63.004792,0
sample,1000003,0,legacy,session,0,NaN,17.951833,0.000000000
sample,1000003,0,centered,session,0,NaN,19.048625,0.000000123
sample,1000003,0,centered,session,1,NaN,19.563250,0.000000123
sample,1000003,0,legacy,session,1,NaN,14.503625,0.000000000
sample,1000003,0,legacy,session,2,NaN,14.745959,0.000000000
sample,1000003,0,centered,session,2,NaN,12.292958,0.000000123
sample,1000003,0,centered,session,3,NaN,9.727333,0.000000123
sample,1000003,0,legacy,session,3,NaN,12.709500,0.000000000
sample,1000003,0,legacy,session,4,NaN,12.990750,0.000000000
sample,1000003,0,centered,session,4,NaN,10.635750,0.000000123
sample,1000003,0,centered,session,5,NaN,10.449375,0.000000123
sample,1000003,0,legacy,session,5,NaN,12.554625,0.000000000
sample,1000003,0,legacy,session,6,NaN,13.723625,0.000000000
sample,1000003,0,centered,session,6,NaN,10.331209,0.000000123
sample,1000003,0,centered,session,7,NaN,10.801125,0.000000123
sample,1000003,0,legacy,session,7,NaN,13.302708,0.000000000
sample,1000003,0,legacy,session,8,NaN,13.027958,0.000000000
sample,1000003,0,centered,session,8,NaN,10.526792,0.000000123
sample,1000003,0,centered,session,9,NaN,12.700083,0.000000123
sample,1000003,0,legacy,session,9,NaN,13.244083,0.000000000
sample,1000003,0,legacy,session,10,NaN,12.981792,0.000000000
sample,1000003,0,centered,session,10,NaN,11.096792,0.000000123
sample,1000003,0,centered,session,11,NaN,13.179375,0.000000123
sample,1000003,0,legacy,session,11,NaN,13.458416,0.000000000
sample,1000003,0,legacy,session,12,NaN,13.833542,0.000000000
sample,1000003,0,centered,session,12,NaN,12.251125,0.000000123
sample,1000003,0,centered,session,13,NaN,12.109750,0.000000123
sample,1000003,0,legacy,session,13,NaN,13.701125,0.000000000
sample,1000003,0,legacy,session,14,NaN,15.541125,0.000000000
sample,1000003,0,centered,session,14,NaN,14.623125,0.000000123
median,1000003,0,legacy,session,15,NaN,13.458416,NaN
median,1000003,0,centered,session,15,NaN,12.109750,NaN
sample,1000003,10000,legacy,gpu_profile,0,1.168333,4.747375,22.610284213
sample,1000003,10000,centered_aos256,gpu_profile,0,5.812042,6.780584,0.000000123
sample,1000003,10000,centered_vec128,gpu_profile,0,1.871750,6.662708,0.000000123
sample,1000003,10000,centered_aos256,gpu_profile,1,5.463000,6.897666,0.000000123
sample,1000003,10000,centered_vec128,gpu_profile,1,2.077458,3.108584,0.000000123
sample,1000003,10000,legacy,gpu_profile,1,1.090875,1.900083,22.610284213
sample,1000003,10000,centered_vec128,gpu_profile,2,1.866709,2.690458,0.000000123
sample,1000003,10000,legacy,gpu_profile,2,1.024166,1.888375,22.610284213
sample,1000003,10000,centered_aos256,gpu_profile,2,5.124209,7.479375,0.000000123
sample,1000003,10000,legacy,gpu_profile,3,1.123334,3.080208,22.610284213
sample,1000003,10000,centered_aos256,gpu_profile,3,4.650209,6.481500,0.000000123
sample,1000003,10000,centered_vec128,gpu_profile,3,2.086459,4.909042,0.000000123
sample,1000003,10000,centered_aos256,gpu_profile,4,4.767625,9.041583,0.000000123
sample,1000003,10000,centered_vec128,gpu_profile,4,2.080792,3.479375,0.000000123
sample,1000003,10000,legacy,gpu_profile,4,1.092334,5.507667,22.610284213
sample,1000003,10000,centered_vec128,gpu_profile,5,2.076792,3.641666,0.000000123
sample,1000003,10000,legacy,gpu_profile,5,0.986833,2.339541,22.610284213
sample,1000003,10000,centered_aos256,gpu_profile,5,4.531000,5.416083,0.000000123
sample,1000003,10000,legacy,gpu_profile,6,1.089375,4.368542,22.610284213
sample,1000003,10000,centered_aos256,gpu_profile,6,4.711750,10.448208,0.000000123
sample,1000003,10000,centered_vec128,gpu_profile,6,2.149125,37.714541,0.000000123
sample,1000003,10000,centered_aos256,gpu_profile,7,5.819250,9.260875,0.000000123
sample,1000003,10000,centered_vec128,gpu_profile,7,2.145042,9.398041,0.000000123
sample,1000003,10000,legacy,gpu_profile,7,1.093583,4.338416,22.610284213
sample,1000003,10000,centered_vec128,gpu_profile,8,1.968292,29.010875,0.000000123
sample,1000003,10000,legacy,gpu_profile,8,1.051042,25.849541,22.610284213
sample,1000003,10000,centered_aos256,gpu_profile,8,5.350167,7.100375,0.000000123
sample,1000003,10000,legacy,gpu_profile,9,1.103500,2.454709,22.610284213
sample,1000003,10000,centered_aos256,gpu_profile,9,4.663459,5.497625,0.000000123
sample,1000003,10000,centered_vec128,gpu_profile,9,2.094833,4.183958,0.000000123
sample,1000003,10000,centered_aos256,gpu_profile,10,5.153708,6.205458,0.000000123
sample,1000003,10000,centered_vec128,gpu_profile,10,2.083541,4.959209,0.000000123
sample,1000003,10000,legacy,gpu_profile,10,1.117541,2.029875,22.610284213
sample,1000003,10000,centered_vec128,gpu_profile,11,2.124000,2.938708,0.000000123
sample,1000003,10000,legacy,gpu_profile,11,1.086709,3.423459,22.610284213
sample,1000003,10000,centered_aos256,gpu_profile,11,4.788167,12.808458,0.000000123
sample,1000003,10000,legacy,gpu_profile,12,1.426334,7.848167,22.610284213
sample,1000003,10000,centered_aos256,gpu_profile,12,4.840000,5.911667,0.000000123
sample,1000003,10000,centered_vec128,gpu_profile,12,2.310667,18.051333,0.000000123
sample,1000003,10000,centered_aos256,gpu_profile,13,5.606041,34.316417,0.000000123
sample,1000003,10000,centered_vec128,gpu_profile,13,2.243542,3.005375,0.000000123
sample,1000003,10000,legacy,gpu_profile,13,1.216917,2.633875,22.610284213
sample,1000003,10000,centered_vec128,gpu_profile,14,2.461000,4.053625,0.000000123
sample,1000003,10000,legacy,gpu_profile,14,1.217000,3.488208,22.610284213
sample,1000003,10000,centered_aos256,gpu_profile,14,5.541500,8.195709,0.000000123
sample,1000003,10000,legacy,gpu_profile,15,1.304000,3.495250,22.610284213
sample,1000003,10000,centered_aos256,gpu_profile,15,5.266708,7.003791,0.000000123
sample,1000003,10000,centered_vec128,gpu_profile,15,2.312291,3.309292,0.000000123
sample,1000003,10000,centered_aos256,gpu_profile,16,6.712375,9.686167,0.000000123
sample,1000003,10000,centered_vec128,gpu_profile,16,2.315667,14.665167,0.000000123
sample,1000003,10000,legacy,gpu_profile,16,1.393583,2.279708,22.610284213
sample,1000003,10000,centered_vec128,gpu_profile,17,2.656416,3.787458,0.000000123
sample,1000003,10000,legacy,gpu_profile,17,1.480500,2.290875,22.610284213
sample,1000003,10000,centered_aos256,gpu_profile,17,6.411709,7.635083,0.000000123
sample,1000003,10000,legacy,gpu_profile,18,1.389917,2.053333,22.610284213
sample,1000003,10000,centered_aos256,gpu_profile,18,6.900375,7.538250,0.000000123
sample,1000003,10000,centered_vec128,gpu_profile,18,3.315709,5.563416,0.000000123
sample,1000003,10000,centered_aos256,gpu_profile,19,6.139541,8.113833,0.000000123
sample,1000003,10000,centered_vec128,gpu_profile,19,2.989750,3.747250,0.000000123
sample,1000003,10000,legacy,gpu_profile,19,1.612208,4.281000,22.610284213
sample,1000003,10000,centered_vec128,gpu_profile,20,3.067750,3.882625,0.000000123
sample,1000003,10000,legacy,gpu_profile,20,1.610208,4.023500,22.610284213
sample,1000003,10000,centered_aos256,gpu_profile,20,8.499416,9.270917,0.000000123
sample,1000003,10000,legacy,gpu_profile,21,1.613625,2.510209,22.610284213
sample,1000003,10000,centered_aos256,gpu_profile,21,7.446417,8.211334,0.000000123
sample,1000003,10000,centered_vec128,gpu_profile,21,4.293292,5.124209,0.000000123
sample,1000003,10000,centered_aos256,gpu_profile,22,6.974750,8.564416,0.000000123
sample,1000003,10000,centered_vec128,gpu_profile,22,3.805917,4.648208,0.000000123
sample,1000003,10000,legacy,gpu_profile,22,3.492916,4.284500,22.610284213
sample,1000003,10000,centered_vec128,gpu_profile,23,3.063209,3.789333,0.000000123
sample,1000003,10000,legacy,gpu_profile,23,1.609708,2.661417,22.610284213
sample,1000003,10000,centered_aos256,gpu_profile,23,9.946875,10.799125,0.000000123
sample,1000003,10000,legacy,gpu_profile,24,1.955208,2.540500,22.610284213
sample,1000003,10000,centered_aos256,gpu_profile,24,7.760333,8.573792,0.000000123
sample,1000003,10000,centered_vec128,gpu_profile,24,4.085166,4.908208,0.000000123
sample,1000003,10000,centered_aos256,gpu_profile,25,6.994250,7.709292,0.000000123
sample,1000003,10000,centered_vec128,gpu_profile,25,3.887709,5.092333,0.000000123
sample,1000003,10000,legacy,gpu_profile,25,2.489041,3.587834,22.610284213
sample,1000003,10000,centered_vec128,gpu_profile,26,3.062334,3.959333,0.000000123
sample,1000003,10000,legacy,gpu_profile,26,1.618375,2.537583,22.610284213
sample,1000003,10000,centered_aos256,gpu_profile,26,9.647834,10.507083,0.000000123
sample,1000003,10000,legacy,gpu_profile,27,1.613375,2.357541,22.610284213
sample,1000003,10000,centered_aos256,gpu_profile,27,7.225083,7.935833,0.000000123
sample,1000003,10000,centered_vec128,gpu_profile,27,3.755625,4.679750,0.000000123
sample,1000003,10000,centered_aos256,gpu_profile,28,6.972125,7.891709,0.000000123
sample,1000003,10000,centered_vec128,gpu_profile,28,2.885208,3.615417,0.000000123
sample,1000003,10000,legacy,gpu_profile,28,1.611959,2.574042,22.610284213
sample,1000003,10000,centered_vec128,gpu_profile,29,3.130708,4.217542,0.000000123
sample,1000003,10000,legacy,gpu_profile,29,1.610334,2.396750,22.610284213
sample,1000003,10000,centered_aos256,gpu_profile,29,6.616375,7.354292,0.000000123
sample,1000003,10000,legacy,gpu_profile,30,1.388750,2.167625,22.610284213
sample,1000003,10000,centered_aos256,gpu_profile,30,6.195584,7.019458,0.000000123
sample,1000003,10000,centered_vec128,gpu_profile,30,2.321167,3.143375,0.000000123
median,1000003,10000,legacy,gpu_profile,31,1.388750,2.633875,22.610284213
median,1000003,10000,centered_aos256,gpu_profile,31,5.819250,7.891709,0.000000123
median,1000003,10000,centered_vec128,gpu_profile,31,2.315667,4.183958,0.000000123
sample,1000003,10000,legacy,resident,0,NaN,1.622875,22.610284213
sample,1000003,10000,centered_aos256,resident,0,NaN,6.478250,0.000000123
sample,1000003,10000,centered_vec128,resident,0,NaN,2.749084,0.000000123
sample,1000003,10000,centered_aos256,resident,1,NaN,5.844875,0.000000123
sample,1000003,10000,centered_vec128,resident,1,NaN,2.933708,0.000000123
sample,1000003,10000,legacy,resident,1,NaN,1.786792,22.610284213
sample,1000003,10000,centered_vec128,resident,2,NaN,3.497459,0.000000123
sample,1000003,10000,legacy,resident,2,NaN,1.664958,22.610284213
sample,1000003,10000,centered_aos256,resident,2,NaN,6.522541,0.000000123
sample,1000003,10000,legacy,resident,3,NaN,1.792875,22.610284213
sample,1000003,10000,centered_aos256,resident,3,NaN,6.774000,0.000000123
sample,1000003,10000,centered_vec128,resident,3,NaN,2.781917,0.000000123
sample,1000003,10000,centered_aos256,resident,4,NaN,6.365875,0.000000123
sample,1000003,10000,centered_vec128,resident,4,NaN,23.055292,0.000000123
sample,1000003,10000,legacy,resident,4,NaN,3.771875,22.610284213
sample,1000003,10000,centered_vec128,resident,5,NaN,4.934542,0.000000123
sample,1000003,10000,legacy,resident,5,NaN,3.311250,22.610284213
sample,1000003,10000,centered_aos256,resident,5,NaN,7.045167,0.000000123
sample,1000003,10000,legacy,resident,6,NaN,1.923125,22.610284213
sample,1000003,10000,centered_aos256,resident,6,NaN,5.686000,0.000000123
sample,1000003,10000,centered_vec128,resident,6,NaN,3.034000,0.000000123
sample,1000003,10000,centered_aos256,resident,7,NaN,7.185042,0.000000123
sample,1000003,10000,centered_vec128,resident,7,NaN,2.797917,0.000000123
sample,1000003,10000,legacy,resident,7,NaN,2.236541,22.610284213
sample,1000003,10000,centered_vec128,resident,8,NaN,3.030792,0.000000123
sample,1000003,10000,legacy,resident,8,NaN,1.825792,22.610284213
sample,1000003,10000,centered_aos256,resident,8,NaN,8.547709,0.000000123
sample,1000003,10000,legacy,resident,9,NaN,3.174333,22.610284213
sample,1000003,10000,centered_aos256,resident,9,NaN,7.434709,0.000000123
sample,1000003,10000,centered_vec128,resident,9,NaN,3.481542,0.000000123
sample,1000003,10000,centered_aos256,resident,10,NaN,6.111750,0.000000123
sample,1000003,10000,centered_vec128,resident,10,NaN,3.092875,0.000000123
sample,1000003,10000,legacy,resident,10,NaN,2.050750,22.610284213
sample,1000003,10000,centered_vec128,resident,11,NaN,5.215625,0.000000123
sample,1000003,10000,legacy,resident,11,NaN,1.697417,22.610284213
sample,1000003,10000,centered_aos256,resident,11,NaN,5.859208,0.000000123
sample,1000003,10000,legacy,resident,12,NaN,1.803042,22.610284213
sample,1000003,10000,centered_aos256,resident,12,NaN,7.445375,0.000000123
sample,1000003,10000,centered_vec128,resident,12,NaN,3.751666,0.000000123
sample,1000003,10000,centered_aos256,resident,13,NaN,6.479083,0.000000123
sample,1000003,10000,centered_vec128,resident,13,NaN,6.201834,0.000000123
sample,1000003,10000,legacy,resident,13,NaN,2.650709,22.610284213
sample,1000003,10000,centered_vec128,resident,14,NaN,5.418084,0.000000123
sample,1000003,10000,legacy,resident,14,NaN,1.833291,22.610284213
sample,1000003,10000,centered_aos256,resident,14,NaN,8.223583,0.000000123
sample,1000003,10000,legacy,resident,15,NaN,1.810292,22.610284213
sample,1000003,10000,centered_aos256,resident,15,NaN,6.197208,0.000000123
sample,1000003,10000,centered_vec128,resident,15,NaN,3.330209,0.000000123
sample,1000003,10000,centered_aos256,resident,16,NaN,9.210875,0.000000123
sample,1000003,10000,centered_vec128,resident,16,NaN,3.249958,0.000000123
sample,1000003,10000,legacy,resident,16,NaN,1.770167,22.610284213
sample,1000003,10000,centered_vec128,resident,17,NaN,30.405583,0.000000123
sample,1000003,10000,legacy,resident,17,NaN,2.528750,22.610284213
sample,1000003,10000,centered_aos256,resident,17,NaN,6.846458,0.000000123
sample,1000003,10000,legacy,resident,18,NaN,4.541583,22.610284213
sample,1000003,10000,centered_aos256,resident,18,NaN,8.977167,0.000000123
sample,1000003,10000,centered_vec128,resident,18,NaN,3.802541,0.000000123
sample,1000003,10000,centered_aos256,resident,19,NaN,8.788542,0.000000123
sample,1000003,10000,centered_vec128,resident,19,NaN,6.287666,0.000000123
sample,1000003,10000,legacy,resident,19,NaN,1.841834,22.610284213
sample,1000003,10000,centered_vec128,resident,20,NaN,4.017208,0.000000123
sample,1000003,10000,legacy,resident,20,NaN,2.267584,22.610284213
sample,1000003,10000,centered_aos256,resident,20,NaN,7.451291,0.000000123
sample,1000003,10000,legacy,resident,21,NaN,2.218833,22.610284213
sample,1000003,10000,centered_aos256,resident,21,NaN,7.990417,0.000000123
sample,1000003,10000,centered_vec128,resident,21,NaN,4.405750,0.000000123
sample,1000003,10000,centered_aos256,resident,22,NaN,6.672959,0.000000123
sample,1000003,10000,centered_vec128,resident,22,NaN,4.571542,0.000000123
sample,1000003,10000,legacy,resident,22,NaN,2.227542,22.610284213
sample,1000003,10000,centered_vec128,resident,23,NaN,3.227292,0.000000123
sample,1000003,10000,legacy,resident,23,NaN,2.121625,22.610284213
sample,1000003,10000,centered_aos256,resident,23,NaN,9.266166,0.000000123
sample,1000003,10000,legacy,resident,24,NaN,1.969125,22.610284213
sample,1000003,10000,centered_aos256,resident,24,NaN,6.472792,0.000000123
sample,1000003,10000,centered_vec128,resident,24,NaN,3.504041,0.000000123
sample,1000003,10000,centered_aos256,resident,25,NaN,8.192959,0.000000123
sample,1000003,10000,centered_vec128,resident,25,NaN,3.174958,0.000000123
sample,1000003,10000,legacy,resident,25,NaN,2.079667,22.610284213
sample,1000003,10000,centered_vec128,resident,26,NaN,2.993875,0.000000123
sample,1000003,10000,legacy,resident,26,NaN,3.060667,22.610284213
sample,1000003,10000,centered_aos256,resident,26,NaN,8.934875,0.000000123
sample,1000003,10000,legacy,resident,27,NaN,4.072334,22.610284213
sample,1000003,10000,centered_aos256,resident,27,NaN,12.063042,0.000000123
sample,1000003,10000,centered_vec128,resident,27,NaN,3.161875,0.000000123
sample,1000003,10000,centered_aos256,resident,28,NaN,7.771750,0.000000123
sample,1000003,10000,centered_vec128,resident,28,NaN,6.939000,0.000000123
sample,1000003,10000,legacy,resident,28,NaN,2.930375,22.610284213
sample,1000003,10000,centered_vec128,resident,29,NaN,3.967459,0.000000123
sample,1000003,10000,legacy,resident,29,NaN,1.932166,22.610284213
sample,1000003,10000,centered_aos256,resident,29,NaN,35.056500,0.000000123
sample,1000003,10000,legacy,resident,30,NaN,5.134792,22.610284213
sample,1000003,10000,centered_aos256,resident,30,NaN,7.899958,0.000000123
sample,1000003,10000,centered_vec128,resident,30,NaN,2.907583,0.000000123
median,1000003,10000,legacy,resident,31,NaN,2.079667,22.610284213
median,1000003,10000,centered_aos256,resident,31,NaN,7.434709,0.000000123
median,1000003,10000,centered_vec128,resident,31,NaN,3.497459,0.000000123
sample,1000003,10000,legacy,upload,0,NaN,14.204833,22.610284213
sample,1000003,10000,centered_aos256,upload,0,NaN,15.004917,0.000000123
sample,1000003,10000,centered_vec128,upload,0,NaN,9.165500,0.000000123
sample,1000003,10000,centered_aos256,upload,1,NaN,11.607958,0.000000123
sample,1000003,10000,centered_vec128,upload,1,NaN,12.288959,0.000000123
sample,1000003,10000,legacy,upload,1,NaN,11.099000,22.610284213
sample,1000003,10000,centered_vec128,upload,2,NaN,9.573125,0.000000123
sample,1000003,10000,legacy,upload,2,NaN,7.695333,22.610284213
sample,1000003,10000,centered_aos256,upload,2,NaN,12.261042,0.000000123
sample,1000003,10000,legacy,upload,3,NaN,6.447292,22.610284213
sample,1000003,10000,centered_aos256,upload,3,NaN,11.876042,0.000000123
sample,1000003,10000,centered_vec128,upload,3,NaN,7.564708,0.000000123
sample,1000003,10000,centered_aos256,upload,4,NaN,10.615292,0.000000123
sample,1000003,10000,centered_vec128,upload,4,NaN,8.318459,0.000000123
sample,1000003,10000,legacy,upload,4,NaN,7.675167,22.610284213
sample,1000003,10000,centered_vec128,upload,5,NaN,7.683958,0.000000123
sample,1000003,10000,legacy,upload,5,NaN,5.902250,22.610284213
sample,1000003,10000,centered_aos256,upload,5,NaN,10.641292,0.000000123
sample,1000003,10000,legacy,upload,6,NaN,5.593583,22.610284213
sample,1000003,10000,centered_aos256,upload,6,NaN,11.192500,0.000000123
sample,1000003,10000,centered_vec128,upload,6,NaN,10.230417,0.000000123
sample,1000003,10000,centered_aos256,upload,7,NaN,13.244833,0.000000123
sample,1000003,10000,centered_vec128,upload,7,NaN,7.664917,0.000000123
sample,1000003,10000,legacy,upload,7,NaN,16.078416,22.610284213
sample,1000003,10000,centered_vec128,upload,8,NaN,8.942292,0.000000123
sample,1000003,10000,legacy,upload,8,NaN,11.697500,22.610284213
sample,1000003,10000,centered_aos256,upload,8,NaN,15.962125,0.000000123
sample,1000003,10000,legacy,upload,9,NaN,7.790084,22.610284213
sample,1000003,10000,centered_aos256,upload,9,NaN,14.644291,0.000000123
sample,1000003,10000,centered_vec128,upload,9,NaN,8.846375,0.000000123
sample,1000003,10000,centered_aos256,upload,10,NaN,11.027458,0.000000123
sample,1000003,10000,centered_vec128,upload,10,NaN,11.912459,0.000000123
sample,1000003,10000,legacy,upload,10,NaN,6.459541,22.610284213
sample,1000003,10000,centered_vec128,upload,11,NaN,9.317416,0.000000123
sample,1000003,10000,legacy,upload,11,NaN,6.881833,22.610284213
sample,1000003,10000,centered_aos256,upload,11,NaN,11.149000,0.000000123
sample,1000003,10000,legacy,upload,12,NaN,5.900042,22.610284213
sample,1000003,10000,centered_aos256,upload,12,NaN,10.912750,0.000000123
sample,1000003,10000,centered_vec128,upload,12,NaN,8.679334,0.000000123
sample,1000003,10000,centered_aos256,upload,13,NaN,9.786208,0.000000123
sample,1000003,10000,centered_vec128,upload,13,NaN,7.541542,0.000000123
sample,1000003,10000,legacy,upload,13,NaN,8.832959,22.610284213
sample,1000003,10000,centered_vec128,upload,14,NaN,7.620084,0.000000123
sample,1000003,10000,legacy,upload,14,NaN,5.766375,22.610284213
sample,1000003,10000,centered_aos256,upload,14,NaN,10.883708,0.000000123
sample,1000003,10000,legacy,upload,15,NaN,6.770542,22.610284213
sample,1000003,10000,centered_aos256,upload,15,NaN,11.163833,0.000000123
sample,1000003,10000,centered_vec128,upload,15,NaN,7.218167,0.000000123
sample,1000003,10000,centered_aos256,upload,16,NaN,10.203666,0.000000123
sample,1000003,10000,centered_vec128,upload,16,NaN,8.449875,0.000000123
sample,1000003,10000,legacy,upload,16,NaN,7.808583,22.610284213
sample,1000003,10000,centered_vec128,upload,17,NaN,8.149584,0.000000123
sample,1000003,10000,legacy,upload,17,NaN,6.392042,22.610284213
sample,1000003,10000,centered_aos256,upload,17,NaN,9.817625,0.000000123
sample,1000003,10000,legacy,upload,18,NaN,6.354291,22.610284213
sample,1000003,10000,centered_aos256,upload,18,NaN,9.100083,0.000000123
sample,1000003,10000,centered_vec128,upload,18,NaN,7.480750,0.000000123
sample,1000003,10000,centered_aos256,upload,19,NaN,9.353792,0.000000123
sample,1000003,10000,centered_vec128,upload,19,NaN,6.911667,0.000000123
sample,1000003,10000,legacy,upload,19,NaN,5.545375,22.610284213
sample,1000003,10000,centered_vec128,upload,20,NaN,7.180834,0.000000123
sample,1000003,10000,legacy,upload,20,NaN,6.572250,22.610284213
sample,1000003,10000,centered_aos256,upload,20,NaN,10.684250,0.000000123
sample,1000003,10000,legacy,upload,21,NaN,7.044125,22.610284213
sample,1000003,10000,centered_aos256,upload,21,NaN,11.884833,0.000000123
sample,1000003,10000,centered_vec128,upload,21,NaN,6.924875,0.000000123
sample,1000003,10000,centered_aos256,upload,22,NaN,11.585959,0.000000123
sample,1000003,10000,centered_vec128,upload,22,NaN,7.134250,0.000000123
sample,1000003,10000,legacy,upload,22,NaN,8.665958,22.610284213
sample,1000003,10000,centered_vec128,upload,23,NaN,10.821666,0.000000123
sample,1000003,10000,legacy,upload,23,NaN,12.353542,22.610284213
sample,1000003,10000,centered_aos256,upload,23,NaN,12.186833,0.000000123
sample,1000003,10000,legacy,upload,24,NaN,8.328500,22.610284213
sample,1000003,10000,centered_aos256,upload,24,NaN,13.406334,0.000000123
sample,1000003,10000,centered_vec128,upload,24,NaN,8.274125,0.000000123
sample,1000003,10000,centered_aos256,upload,25,NaN,10.172375,0.000000123
sample,1000003,10000,centered_vec128,upload,25,NaN,32.922875,0.000000123
sample,1000003,10000,legacy,upload,25,NaN,12.131459,22.610284213
sample,1000003,10000,centered_vec128,upload,26,NaN,10.183500,0.000000123
sample,1000003,10000,legacy,upload,26,NaN,9.770250,22.610284213
sample,1000003,10000,centered_aos256,upload,26,NaN,11.104792,0.000000123
sample,1000003,10000,legacy,upload,27,NaN,7.613875,22.610284213
sample,1000003,10000,centered_aos256,upload,27,NaN,13.226792,0.000000123
sample,1000003,10000,centered_vec128,upload,27,NaN,7.068791,0.000000123
sample,1000003,10000,centered_aos256,upload,28,NaN,10.489833,0.000000123
sample,1000003,10000,centered_vec128,upload,28,NaN,9.357584,0.000000123
sample,1000003,10000,legacy,upload,28,NaN,6.754833,22.610284213
sample,1000003,10000,centered_vec128,upload,29,NaN,7.135875,0.000000123
sample,1000003,10000,legacy,upload,29,NaN,5.762000,22.610284213
sample,1000003,10000,centered_aos256,upload,29,NaN,11.287958,0.000000123
sample,1000003,10000,legacy,upload,30,NaN,5.700291,22.610284213
sample,1000003,10000,centered_aos256,upload,30,NaN,12.749334,0.000000123
sample,1000003,10000,centered_vec128,upload,30,NaN,6.475542,0.000000123
median,1000003,10000,legacy,upload,31,NaN,7.044125,22.610284213
median,1000003,10000,centered_aos256,upload,31,NaN,11.163833,0.000000123
median,1000003,10000,centered_vec128,upload,31,NaN,8.274125,0.000000123
median,1000003,10000,cpu,centered_f64,5,NaN,54.887625,0
sample,1000003,10000,legacy,session,0,NaN,17.218750,3.501282450
sample,1000003,10000,centered,session,0,NaN,17.288208,0.000000123
sample,1000003,10000,centered,session,1,NaN,11.306125,0.000000123
sample,1000003,10000,legacy,session,1,NaN,16.491583,3.501282450
sample,1000003,10000,legacy,session,2,NaN,16.531375,3.501282450
sample,1000003,10000,centered,session,2,NaN,18.667542,0.000000123
sample,1000003,10000,centered,session,3,NaN,49.920041,0.000000123
sample,1000003,10000,legacy,session,3,NaN,88.349042,3.501282450
sample,1000003,10000,legacy,session,4,NaN,24.546333,3.501282450
sample,1000003,10000,centered,session,4,NaN,13.877542,0.000000123
sample,1000003,10000,centered,session,5,NaN,14.844375,0.000000123
sample,1000003,10000,legacy,session,5,NaN,16.671792,3.501282450
sample,1000003,10000,legacy,session,6,NaN,18.568875,3.501282450
sample,1000003,10000,centered,session,6,NaN,15.163291,0.000000123
sample,1000003,10000,centered,session,7,NaN,17.990292,0.000000123
sample,1000003,10000,legacy,session,7,NaN,18.326834,3.501282450
sample,1000003,10000,legacy,session,8,NaN,16.719084,3.501282450
sample,1000003,10000,centered,session,8,NaN,16.326875,0.000000123
sample,1000003,10000,centered,session,9,NaN,16.394708,0.000000123
sample,1000003,10000,legacy,session,9,NaN,16.207583,3.501282450
sample,1000003,10000,legacy,session,10,NaN,15.729416,3.501282450
sample,1000003,10000,centered,session,10,NaN,17.175166,0.000000123
sample,1000003,10000,centered,session,11,NaN,11.911625,0.000000123
sample,1000003,10000,legacy,session,11,NaN,15.049958,3.501282450
sample,1000003,10000,legacy,session,12,NaN,15.226792,3.501282450
sample,1000003,10000,centered,session,12,NaN,11.198833,0.000000123
sample,1000003,10000,centered,session,13,NaN,11.043750,0.000000123
sample,1000003,10000,legacy,session,13,NaN,14.412208,3.501282450
sample,1000003,10000,legacy,session,14,NaN,15.049792,3.501282450
sample,1000003,10000,centered,session,14,NaN,13.277292,0.000000123
median,1000003,10000,legacy,session,15,NaN,16.531375,NaN
median,1000003,10000,centered,session,15,NaN,15.163291,NaN
sample,1000003,1000000,legacy,gpu_profile,0,2.138583,3.139708,146124.484370625
sample,1000003,1000000,centered_aos256,gpu_profile,0,6.064209,7.610458,0.000000123
sample,1000003,1000000,centered_vec128,gpu_profile,0,2.837458,4.023916,0.000000123
sample,1000003,1000000,centered_aos256,gpu_profile,1,8.256250,9.284750,0.000000123
sample,1000003,1000000,centered_vec128,gpu_profile,1,2.643375,3.771583,0.000000123
sample,1000003,1000000,legacy,gpu_profile,1,1.423458,2.254291,146124.484370625
sample,1000003,1000000,centered_vec128,gpu_profile,2,3.058709,3.799333,0.000000123
sample,1000003,1000000,legacy,gpu_profile,2,2.340833,3.078125,146124.484370625
sample,1000003,1000000,centered_aos256,gpu_profile,2,6.022792,7.661375,0.000000123
sample,1000003,1000000,legacy,gpu_profile,3,1.611250,3.045625,146124.484370625
sample,1000003,1000000,centered_aos256,gpu_profile,3,7.616792,8.769458,0.000000123
sample,1000003,1000000,centered_vec128,gpu_profile,3,2.746666,4.774875,0.000000123
sample,1000003,1000000,centered_aos256,gpu_profile,4,7.646333,29.212042,0.000000123
sample,1000003,1000000,centered_vec128,gpu_profile,4,2.652167,4.286833,0.000000123
sample,1000003,1000000,legacy,gpu_profile,4,1.613666,3.526459,146124.484370625
sample,1000003,1000000,centered_vec128,gpu_profile,5,3.249833,6.683333,0.000000123
sample,1000003,1000000,legacy,gpu_profile,5,1.585083,16.502167,146124.484370625
sample,1000003,1000000,centered_aos256,gpu_profile,5,6.603375,16.436792,0.000000123
sample,1000003,1000000,legacy,gpu_profile,6,1.393500,12.684458,146124.484370625
sample,1000003,1000000,centered_aos256,gpu_profile,6,8.550792,13.248000,0.000000123
sample,1000003,1000000,centered_vec128,gpu_profile,6,2.640459,4.357792,0.000000123
sample,1000003,1000000,centered_aos256,gpu_profile,7,8.464750,13.341834,0.000000123
sample,1000003,1000000,centered_vec128,gpu_profile,7,2.660625,3.620083,0.000000123
sample,1000003,1000000,legacy,gpu_profile,7,1.758833,3.349917,146124.484370625
sample,1000003,1000000,centered_vec128,gpu_profile,8,3.064041,3.835291,0.000000123
sample,1000003,1000000,legacy,gpu_profile,8,1.612458,3.143917,146124.484370625
sample,1000003,1000000,centered_aos256,gpu_profile,8,6.802083,9.373875,0.000000123
sample,1000003,1000000,legacy,gpu_profile,9,1.641542,2.413875,146124.484370625
sample,1000003,1000000,centered_aos256,gpu_profile,9,7.238916,7.964875,0.000000123
sample,1000003,1000000,centered_vec128,gpu_profile,9,3.149917,4.910084,0.000000123
sample,1000003,1000000,centered_aos256,gpu_profile,10,7.139708,9.189250,0.000000123
sample,1000003,1000000,centered_vec128,gpu_profile,10,3.063542,3.833125,0.000000123
sample,1000003,1000000,legacy,gpu_profile,10,1.682417,3.410833,146124.484370625
sample,1000003,1000000,centered_vec128,gpu_profile,11,3.123375,4.767750,0.000000123
sample,1000003,1000000,legacy,gpu_profile,11,1.638042,2.486833,146124.484370625
sample,1000003,1000000,centered_aos256,gpu_profile,11,7.069167,9.601125,0.000000123
sample,1000003,1000000,legacy,gpu_profile,12,2.081583,2.971084,146124.484370625
sample,1000003,1000000,centered_aos256,gpu_profile,12,7.197000,7.969167,0.000000123
sample,1000003,1000000,centered_vec128,gpu_profile,12,3.067750,3.964542,0.000000123
sample,1000003,1000000,centered_aos256,gpu_profile,13,7.940958,9.920000,0.000000123
sample,1000003,1000000,centered_vec128,gpu_profile,13,3.071000,3.845917,0.000000123
sample,1000003,1000000,legacy,gpu_profile,13,1.622042,4.482167,146124.484370625
sample,1000003,1000000,centered_vec128,gpu_profile,14,3.082917,4.115500,0.000000123
sample,1000003,1000000,legacy,gpu_profile,14,1.616000,2.442875,146124.484370625
sample,1000003,1000000,centered_aos256,gpu_profile,14,8.031166,8.948834,0.000000123
sample,1000003,1000000,legacy,gpu_profile,15,1.613875,2.316792,146124.484370625
sample,1000003,1000000,centered_aos256,gpu_profile,15,7.272417,7.960042,0.000000123
sample,1000003,1000000,centered_vec128,gpu_profile,15,3.042166,4.539167,0.000000123
sample,1000003,1000000,centered_aos256,gpu_profile,16,6.784583,7.942500,0.000000123
sample,1000003,1000000,centered_vec128,gpu_profile,16,2.642583,3.597000,0.000000123
sample,1000003,1000000,legacy,gpu_profile,16,1.387750,2.340333,146124.484370625
sample,1000003,1000000,centered_vec128,gpu_profile,17,3.937667,4.972625,0.000000123
sample,1000003,1000000,legacy,gpu_profile,17,1.609208,2.282459,146124.484370625
sample,1000003,1000000,centered_aos256,gpu_profile,17,6.127459,6.883834,0.000000123
sample,1000003,1000000,legacy,gpu_profile,18,1.391000,2.789792,146124.484370625
sample,1000003,1000000,centered_aos256,gpu_profile,18,7.468500,9.369250,0.000000123
sample,1000003,1000000,centered_vec128,gpu_profile,18,2.640167,3.371792,0.000000123
sample,1000003,1000000,centered_aos256,gpu_profile,19,7.842250,8.517416,0.000000123
sample,1000003,1000000,centered_vec128,gpu_profile,19,2.672542,3.419458,0.000000123
sample,1000003,1000000,legacy,gpu_profile,19,1.391208,2.057375,146124.484370625
sample,1000003,1000000,centered_vec128,gpu_profile,20,2.637292,3.376625,0.000000123
sample,1000003,1000000,legacy,gpu_profile,20,1.385291,2.205083,146124.484370625
sample,1000003,1000000,centered_aos256,gpu_profile,20,7.168542,8.176375,0.000000123
sample,1000003,1000000,legacy,gpu_profile,21,1.410375,2.372000,146124.484370625
sample,1000003,1000000,centered_aos256,gpu_profile,21,6.550166,9.054083,0.000000123
sample,1000003,1000000,centered_vec128,gpu_profile,21,2.649708,3.521750,0.000000123
sample,1000003,1000000,centered_aos256,gpu_profile,22,6.081708,6.758541,0.000000123
sample,1000003,1000000,centered_vec128,gpu_profile,22,2.640333,5.405375,0.000000123
sample,1000003,1000000,legacy,gpu_profile,22,1.337667,2.240083,146124.484370625
sample,1000003,1000000,centered_vec128,gpu_profile,23,2.314834,2.954417,0.000000123
sample,1000003,1000000,legacy,gpu_profile,23,1.215333,2.607625,146124.484370625
sample,1000003,1000000,centered_aos256,gpu_profile,23,5.257917,6.326000,0.000000123
sample,1000003,1000000,legacy,gpu_profile,24,2.524875,3.538875,146124.484370625
sample,1000003,1000000,centered_aos256,gpu_profile,24,5.337875,6.469333,0.000000123
sample,1000003,1000000,centered_vec128,gpu_profile,24,2.314958,3.485083,0.000000123
sample,1000003,1000000,centered_aos256,gpu_profile,25,6.223125,7.430334,0.000000123
sample,1000003,1000000,centered_vec128,gpu_profile,25,2.634750,3.413708,0.000000123
sample,1000003,1000000,legacy,gpu_profile,25,1.218959,3.455500,146124.484370625
sample,1000003,1000000,centered_vec128,gpu_profile,26,2.319000,3.265041,0.000000123
sample,1000003,1000000,legacy,gpu_profile,26,1.216833,2.522000,146124.484370625
sample,1000003,1000000,centered_aos256,gpu_profile,26,5.813334,10.047083,0.000000123
sample,1000003,1000000,legacy,gpu_profile,27,1.223875,2.519375,146124.484370625
sample,1000003,1000000,centered_aos256,gpu_profile,27,5.901917,27.508083,0.000000123
sample,1000003,1000000,centered_vec128,gpu_profile,27,2.327875,10.364166,0.000000123
sample,1000003,1000000,centered_aos256,gpu_profile,28,5.843500,8.106625,0.000000123
sample,1000003,1000000,centered_vec128,gpu_profile,28,2.317542,3.343791,0.000000123
sample,1000003,1000000,legacy,gpu_profile,28,1.229792,14.253959,146124.484370625
sample,1000003,1000000,centered_vec128,gpu_profile,29,2.663958,3.611959,0.000000123
sample,1000003,1000000,legacy,gpu_profile,29,1.399459,4.026084,146124.484370625
sample,1000003,1000000,centered_aos256,gpu_profile,29,6.058958,7.332250,0.000000123
sample,1000003,1000000,legacy,gpu_profile,30,1.403042,2.323708,146124.484370625
sample,1000003,1000000,centered_aos256,gpu_profile,30,7.349750,8.188000,0.000000123
sample,1000003,1000000,centered_vec128,gpu_profile,30,2.664000,3.744000,0.000000123
median,1000003,1000000,legacy,gpu_profile,31,1.585083,2.789792,146124.484370625
median,1000003,1000000,centered_aos256,gpu_profile,31,7.069167,8.517416,0.000000123
median,1000003,1000000,centered_vec128,gpu_profile,31,2.663958,3.833125,0.000000123
sample,1000003,1000000,legacy,resident,0,NaN,1.878166,146124.484370625
sample,1000003,1000000,centered_aos256,resident,0,NaN,6.556625,0.000000123
sample,1000003,1000000,centered_vec128,resident,0,NaN,4.420083,0.000000123
sample,1000003,1000000,centered_aos256,resident,1,NaN,6.549083,0.000000123
sample,1000003,1000000,centered_vec128,resident,1,NaN,3.181167,0.000000123
sample,1000003,1000000,legacy,resident,1,NaN,1.757959,146124.484370625
sample,1000003,1000000,centered_vec128,resident,2,NaN,4.293584,0.000000123
sample,1000003,1000000,legacy,resident,2,NaN,1.848083,146124.484370625
sample,1000003,1000000,centered_aos256,resident,2,NaN,6.051792,0.000000123
sample,1000003,1000000,legacy,resident,3,NaN,1.814167,146124.484370625
sample,1000003,1000000,centered_aos256,resident,3,NaN,7.557250,0.000000123
sample,1000003,1000000,centered_vec128,resident,3,NaN,3.817792,0.000000123
sample,1000003,1000000,centered_aos256,resident,4,NaN,6.225291,0.000000123
sample,1000003,1000000,centered_vec128,resident,4,NaN,4.772167,0.000000123
sample,1000003,1000000,legacy,resident,4,NaN,1.881916,146124.484370625
sample,1000003,1000000,centered_vec128,resident,5,NaN,3.607167,0.000000123
sample,1000003,1000000,legacy,resident,5,NaN,1.877791,146124.484370625
sample,1000003,1000000,centered_aos256,resident,5,NaN,6.427709,0.000000123
sample,1000003,1000000,legacy,resident,6,NaN,3.070459,146124.484370625
sample,1000003,1000000,centered_aos256,resident,6,NaN,6.315417,0.000000123
sample,1000003,1000000,centered_vec128,resident,6,NaN,2.950167,0.000000123
sample,1000003,1000000,centered_aos256,resident,7,NaN,7.808666,0.000000123
sample,1000003,1000000,centered_vec128,resident,7,NaN,3.288584,0.000000123
sample,1000003,1000000,legacy,resident,7,NaN,2.714459,146124.484370625
sample,1000003,1000000,centered_vec128,resident,8,NaN,3.063209,0.000000123
sample,1000003,1000000,legacy,resident,8,NaN,1.796875,146124.484370625
sample,1000003,1000000,centered_aos256,resident,8,NaN,8.125625,0.000000123
sample,1000003,1000000,legacy,resident,9,NaN,2.476625,146124.484370625
sample,1000003,1000000,centered_aos256,resident,9,NaN,8.469291,0.000000123
sample,1000003,1000000,centered_vec128,resident,9,NaN,3.224459,0.000000123
sample,1000003,1000000,centered_aos256,resident,10,NaN,7.043416,0.000000123
sample,1000003,1000000,centered_vec128,resident,10,NaN,3.717416,0.000000123
sample,1000003,1000000,legacy,resident,10,NaN,3.345458,146124.484370625
sample,1000003,1000000,centered_vec128,resident,11,NaN,3.327083,0.000000123
sample,1000003,1000000,legacy,resident,11,NaN,2.437375,146124.484370625
sample,1000003,1000000,centered_aos256,resident,11,NaN,9.759583,0.000000123
sample,1000003,1000000,legacy,resident,12,NaN,2.410208,146124.484370625
sample,1000003,1000000,centered_aos256,resident,12,NaN,7.059666,0.000000123
sample,1000003,1000000,centered_vec128,resident,12,NaN,3.422875,0.000000123
sample,1000003,1000000,centered_aos256,resident,13,NaN,7.409750,0.000000123
sample,1000003,1000000,centered_vec128,resident,13,NaN,3.543417,0.000000123
sample,1000003,1000000,legacy,resident,13,NaN,1.944042,146124.484370625
sample,1000003,1000000,centered_vec128,resident,14,NaN,3.237584,0.000000123
sample,1000003,1000000,legacy,resident,14,NaN,3.480375,146124.484370625
sample,1000003,1000000,centered_aos256,resident,14,NaN,6.670958,0.000000123
sample,1000003,1000000,legacy,resident,15,NaN,1.880750,146124.484370625
sample,1000003,1000000,centered_aos256,resident,15,NaN,8.026542,0.000000123
sample,1000003,1000000,centered_vec128,resident,15,NaN,3.139584,0.000000123
sample,1000003,1000000,centered_aos256,resident,16,NaN,6.679292,0.000000123
sample,1000003,1000000,centered_vec128,resident,16,NaN,7.168833,0.000000123
sample,1000003,1000000,legacy,resident,16,NaN,4.724000,146124.484370625
sample,1000003,1000000,centered_vec128,resident,17,NaN,3.309292,0.000000123
sample,1000003,1000000,legacy,resident,17,NaN,1.956583,146124.484370625
sample,1000003,1000000,centered_aos256,resident,17,NaN,8.302542,0.000000123
sample,1000003,1000000,legacy,resident,18,NaN,2.975375,146124.484370625
sample,1000003,1000000,centered_aos256,resident,18,NaN,7.231666,0.000000123
sample,1000003,1000000,centered_vec128,resident,18,NaN,4.794542,0.000000123
sample,1000003,1000000,centered_aos256,resident,19,NaN,6.981083,0.000000123
sample,1000003,1000000,centered_vec128,resident,19,NaN,4.003542,0.000000123
sample,1000003,1000000,legacy,resident,19,NaN,3.333833,146124.484370625
sample,1000003,1000000,centered_vec128,resident,20,NaN,3.312417,0.000000123
sample,1000003,1000000,legacy,resident,20,NaN,1.909542,146124.484370625
sample,1000003,1000000,centered_aos256,resident,20,NaN,7.620333,0.000000123
sample,1000003,1000000,legacy,resident,21,NaN,3.190708,146124.484370625
sample,1000003,1000000,centered_aos256,resident,21,NaN,6.533916,0.000000123
sample,1000003,1000000,centered_vec128,resident,21,NaN,3.264458,0.000000123
sample,1000003,1000000,centered_aos256,resident,22,NaN,8.405125,0.000000123
sample,1000003,1000000,centered_vec128,resident,22,NaN,5.380750,0.000000123
sample,1000003,1000000,legacy,resident,22,NaN,1.978167,146124.484370625
sample,1000003,1000000,centered_vec128,resident,23,NaN,3.502959,0.000000123
sample,1000003,1000000,legacy,resident,23,NaN,3.824708,146124.484370625
sample,1000003,1000000,centered_aos256,resident,23,NaN,6.703584,0.000000123
sample,1000003,1000000,legacy,resident,24,NaN,2.199959,146124.484370625
sample,1000003,1000000,centered_aos256,resident,24,NaN,7.971125,0.000000123
sample,1000003,1000000,centered_vec128,resident,24,NaN,3.141834,0.000000123
sample,1000003,1000000,centered_aos256,resident,25,NaN,6.955583,0.000000123
sample,1000003,1000000,centered_vec128,resident,25,NaN,4.748417,0.000000123
sample,1000003,1000000,legacy,resident,25,NaN,1.922583,146124.484370625
sample,1000003,1000000,centered_vec128,resident,26,NaN,3.773375,0.000000123
sample,1000003,1000000,legacy,resident,26,NaN,2.093167,146124.484370625
sample,1000003,1000000,centered_aos256,resident,26,NaN,6.630792,0.000000123
sample,1000003,1000000,legacy,resident,27,NaN,2.057333,146124.484370625
sample,1000003,1000000,centered_aos256,resident,27,NaN,6.856875,0.000000123
sample,1000003,1000000,centered_vec128,resident,27,NaN,3.273625,0.000000123
sample,1000003,1000000,centered_aos256,resident,28,NaN,6.837125,0.000000123
sample,1000003,1000000,centered_vec128,resident,28,NaN,3.712042,0.000000123
sample,1000003,1000000,legacy,resident,28,NaN,1.908166,146124.484370625
sample,1000003,1000000,centered_vec128,resident,29,NaN,4.521667,0.000000123
sample,1000003,1000000,legacy,resident,29,NaN,2.073125,146124.484370625
sample,1000003,1000000,centered_aos256,resident,29,NaN,9.131792,0.000000123
sample,1000003,1000000,legacy,resident,30,NaN,2.009917,146124.484370625
sample,1000003,1000000,centered_aos256,resident,30,NaN,7.548667,0.000000123
sample,1000003,1000000,centered_vec128,resident,30,NaN,3.154875,0.000000123
median,1000003,1000000,legacy,resident,31,NaN,2.057333,146124.484370625
median,1000003,1000000,centered_aos256,resident,31,NaN,7.043416,0.000000123
median,1000003,1000000,centered_vec128,resident,31,NaN,3.502959,0.000000123
sample,1000003,1000000,legacy,upload,0,NaN,6.947750,146124.484370625
sample,1000003,1000000,centered_aos256,upload,0,NaN,13.163958,0.000000123
sample,1000003,1000000,centered_vec128,upload,0,NaN,11.710875,0.000000123
sample,1000003,1000000,centered_aos256,upload,1,NaN,12.523750,0.000000123
sample,1000003,1000000,centered_vec128,upload,1,NaN,8.675875,0.000000123
sample,1000003,1000000,legacy,upload,1,NaN,7.865208,146124.484370625
sample,1000003,1000000,centered_vec128,upload,2,NaN,8.940250,0.000000123
sample,1000003,1000000,legacy,upload,2,NaN,11.674250,146124.484370625
sample,1000003,1000000,centered_aos256,upload,2,NaN,14.789167,0.000000123
sample,1000003,1000000,legacy,upload,3,NaN,10.501333,146124.484370625
sample,1000003,1000000,centered_aos256,upload,3,NaN,15.331625,0.000000123
sample,1000003,1000000,centered_vec128,upload,3,NaN,8.462584,0.000000123
sample,1000003,1000000,centered_aos256,upload,4,NaN,13.540333,0.000000123
sample,1000003,1000000,centered_vec128,upload,4,NaN,7.625917,0.000000123
sample,1000003,1000000,legacy,upload,4,NaN,8.518959,146124.484370625
sample,1000003,1000000,centered_vec128,upload,5,NaN,7.767625,0.000000123
sample,1000003,1000000,legacy,upload,5,NaN,7.022916,146124.484370625
sample,1000003,1000000,centered_aos256,upload,5,NaN,11.154750,0.000000123
sample,1000003,1000000,legacy,upload,6,NaN,9.000833,146124.484370625
sample,1000003,1000000,centered_aos256,upload,6,NaN,11.160250,0.000000123
sample,1000003,1000000,centered_vec128,upload,6,NaN,9.193292,0.000000123
sample,1000003,1000000,centered_aos256,upload,7,NaN,21.961625,0.000000123
sample,1000003,1000000,centered_vec128,upload,7,NaN,14.583708,0.000000123
sample,1000003,1000000,legacy,upload,7,NaN,11.804292,146124.484370625
sample,1000003,1000000,centered_vec128,upload,8,NaN,47.672708,0.000000123
sample,1000003,1000000,legacy,upload,8,NaN,43.728541,146124.484370625
sample,1000003,1000000,centered_aos256,upload,8,NaN,61.303042,0.000000123
sample,1000003,1000000,legacy,upload,9,NaN,6.165833,146124.484370625
sample,1000003,1000000,centered_aos256,upload,9,NaN,11.640375,0.000000123
sample,1000003,1000000,centered_vec128,upload,9,NaN,21.776958,0.000000123
sample,1000003,1000000,centered_aos256,upload,10,NaN,11.664417,0.000000123
sample,1000003,1000000,centered_vec128,upload,10,NaN,10.693959,0.000000123
sample,1000003,1000000,legacy,upload,10,NaN,7.796542,146124.484370625
sample,1000003,1000000,centered_vec128,upload,11,NaN,8.805125,0.000000123
sample,1000003,1000000,legacy,upload,11,NaN,6.678083,146124.484370625
sample,1000003,1000000,centered_aos256,upload,11,NaN,13.246583,0.000000123
sample,1000003,1000000,legacy,upload,12,NaN,8.103750,146124.484370625
sample,1000003,1000000,centered_aos256,upload,12,NaN,17.594916,0.000000123
sample,1000003,1000000,centered_vec128,upload,12,NaN,13.801000,0.000000123
sample,1000003,1000000,centered_aos256,upload,13,NaN,16.670542,0.000000123
sample,1000003,1000000,centered_vec128,upload,13,NaN,8.140542,0.000000123
sample,1000003,1000000,legacy,upload,13,NaN,9.059792,146124.484370625
sample,1000003,1000000,centered_vec128,upload,14,NaN,8.367500,0.000000123
sample,1000003,1000000,legacy,upload,14,NaN,9.383542,146124.484370625
sample,1000003,1000000,centered_aos256,upload,14,NaN,19.728542,0.000000123
sample,1000003,1000000,legacy,upload,15,NaN,8.853834,146124.484370625
sample,1000003,1000000,centered_aos256,upload,15,NaN,19.544875,0.000000123
sample,1000003,1000000,centered_vec128,upload,15,NaN,7.874209,0.000000123
sample,1000003,1000000,centered_aos256,upload,16,NaN,19.569500,0.000000123
sample,1000003,1000000,centered_vec128,upload,16,NaN,9.070459,0.000000123
sample,1000003,1000000,legacy,upload,16,NaN,5.480500,146124.484370625
sample,1000003,1000000,centered_vec128,upload,17,NaN,10.263959,0.000000123
sample,1000003,1000000,legacy,upload,17,NaN,5.162000,146124.484370625
sample,1000003,1000000,centered_aos256,upload,17,NaN,14.099958,0.000000123
sample,1000003,1000000,legacy,upload,18,NaN,5.134416,146124.484370625
sample,1000003,1000000,centered_aos256,upload,18,NaN,11.428792,0.000000123
sample,1000003,1000000,centered_vec128,upload,18,NaN,5.849125,0.000000123
sample,1000003,1000000,centered_aos256,upload,19,NaN,9.518500,0.000000123
sample,1000003,1000000,centered_vec128,upload,19,NaN,5.527542,0.000000123
sample,1000003,1000000,legacy,upload,19,NaN,5.065625,146124.484370625
sample,1000003,1000000,centered_vec128,upload,20,NaN,5.027458,0.000000123
sample,1000003,1000000,legacy,upload,20,NaN,4.415917,146124.484370625
sample,1000003,1000000,centered_aos256,upload,20,NaN,7.565292,0.000000123
sample,1000003,1000000,legacy,upload,21,NaN,4.283292,146124.484370625
sample,1000003,1000000,centered_aos256,upload,21,NaN,8.510500,0.000000123
sample,1000003,1000000,centered_vec128,upload,21,NaN,5.081250,0.000000123
sample,1000003,1000000,centered_aos256,upload,22,NaN,8.864083,0.000000123
sample,1000003,1000000,centered_vec128,upload,22,NaN,5.002541,0.000000123
sample,1000003,1000000,legacy,upload,22,NaN,4.144541,146124.484370625
sample,1000003,1000000,centered_vec128,upload,23,NaN,5.987375,0.000000123
sample,1000003,1000000,legacy,upload,23,NaN,4.469666,146124.484370625
sample,1000003,1000000,centered_aos256,upload,23,NaN,9.771666,0.000000123
sample,1000003,1000000,legacy,upload,24,NaN,4.642750,146124.484370625
sample,1000003,1000000,centered_aos256,upload,24,NaN,9.839875,0.000000123
sample,1000003,1000000,centered_vec128,upload,24,NaN,6.438583,0.000000123
sample,1000003,1000000,centered_aos256,upload,25,NaN,8.853583,0.000000123
sample,1000003,1000000,centered_vec128,upload,25,NaN,6.185792,0.000000123
sample,1000003,1000000,legacy,upload,25,NaN,4.625292,146124.484370625
sample,1000003,1000000,centered_vec128,upload,26,NaN,5.731583,0.000000123
sample,1000003,1000000,legacy,upload,26,NaN,4.457334,146124.484370625
sample,1000003,1000000,centered_aos256,upload,26,NaN,8.293791,0.000000123
sample,1000003,1000000,legacy,upload,27,NaN,4.613208,146124.484370625
sample,1000003,1000000,centered_aos256,upload,27,NaN,9.189708,0.000000123
sample,1000003,1000000,centered_vec128,upload,27,NaN,5.403125,0.000000123
sample,1000003,1000000,centered_aos256,upload,28,NaN,8.808666,0.000000123
sample,1000003,1000000,centered_vec128,upload,28,NaN,5.776958,0.000000123
sample,1000003,1000000,legacy,upload,28,NaN,4.834459,146124.484370625
sample,1000003,1000000,centered_vec128,upload,29,NaN,6.853416,0.000000123
sample,1000003,1000000,legacy,upload,29,NaN,5.246042,146124.484370625
sample,1000003,1000000,centered_aos256,upload,29,NaN,9.132459,0.000000123
sample,1000003,1000000,legacy,upload,30,NaN,5.452041,146124.484370625
sample,1000003,1000000,centered_aos256,upload,30,NaN,9.319833,0.000000123
sample,1000003,1000000,centered_vec128,upload,30,NaN,6.994167,0.000000123
median,1000003,1000000,legacy,upload,31,NaN,6.165833,146124.484370625
median,1000003,1000000,centered_aos256,upload,31,NaN,11.640375,0.000000123
median,1000003,1000000,centered_vec128,upload,31,NaN,7.874209,0.000000123
median,1000003,1000000,cpu,centered_f64,5,NaN,48.861625,0
sample,1000003,1000000,legacy,session,0,NaN,13.089333,165078.780270938
sample,1000003,1000000,centered,session,0,NaN,10.257958,0.000000123
sample,1000003,1000000,centered,session,1,NaN,18.409875,0.000000123
sample,1000003,1000000,legacy,session,1,NaN,13.935375,165078.780270938
sample,1000003,1000000,legacy,session,2,NaN,16.944583,165078.780270938
sample,1000003,1000000,centered,session,2,NaN,20.653583,0.000000123
sample,1000003,1000000,centered,session,3,NaN,17.605500,0.000000123
sample,1000003,1000000,legacy,session,3,NaN,18.369542,165078.780270938
sample,1000003,1000000,legacy,session,4,NaN,22.791542,165078.780270938
sample,1000003,1000000,centered,session,4,NaN,15.529375,0.000000123
sample,1000003,1000000,centered,session,5,NaN,13.976750,0.000000123
sample,1000003,1000000,legacy,session,5,NaN,22.641916,165078.780270938
sample,1000003,1000000,legacy,session,6,NaN,33.140583,165078.780270938
sample,1000003,1000000,centered,session,6,NaN,26.592334,0.000000123
sample,1000003,1000000,centered,session,7,NaN,17.054625,0.000000123
sample,1000003,1000000,legacy,session,7,NaN,20.159500,165078.780270938
sample,1000003,1000000,legacy,session,8,NaN,26.272958,165078.780270938
sample,1000003,1000000,centered,session,8,NaN,20.472750,0.000000123
sample,1000003,1000000,centered,session,9,NaN,20.582959,0.000000123
sample,1000003,1000000,legacy,session,9,NaN,24.938625,165078.780270938
sample,1000003,1000000,legacy,session,10,NaN,18.847291,165078.780270938
sample,1000003,1000000,centered,session,10,NaN,22.056000,0.000000123
sample,1000003,1000000,centered,session,11,NaN,21.864208,0.000000123
sample,1000003,1000000,legacy,session,11,NaN,19.939375,165078.780270938
sample,1000003,1000000,legacy,session,12,NaN,23.197958,165078.780270938
sample,1000003,1000000,centered,session,12,NaN,16.958958,0.000000123
sample,1000003,1000000,centered,session,13,NaN,17.398333,0.000000123
sample,1000003,1000000,legacy,session,13,NaN,26.794000,165078.780270938
sample,1000003,1000000,legacy,session,14,NaN,23.748792,165078.780270938
sample,1000003,1000000,centered,session,14,NaN,14.594875,0.000000123
median,1000003,1000000,legacy,session,15,NaN,22.641916,NaN
median,1000003,1000000,centered,session,15,NaN,17.605500,NaN
