ISO-10303-21;
HEADER;
FILE_DESCRIPTION(('OpenSCAD Viewer retained AP242 B-rep'),'2;1');
FILE_NAME('model.step','',(''),(''),'OpenSCAD Viewer','OpenSCAD Viewer','');
FILE_SCHEMA(('AP242_MANAGED_MODEL_BASED_3D_ENGINEERING_MIM_LF'));
ENDSEC;
DATA;
#1=CARTESIAN_POINT('',(1.00000000000000000E1,0.00000000000000000E0,3.00000000000000000E0));
#2=VERTEX_POINT('OSCAD_TOPO/3|vertex|v:15b6d2a830368a527a8175c95a60ee58|bee90ec59b0e84af41500affd4c3353f778495ef40110dd626bde9f249288805',#1);
#3=CARTESIAN_POINT('',(9.12331038354895618E0,-3.77899889460526150E0,3.00000000000000000E0));
#4=VERTEX_POINT('OSCAD_TOPO/3|vertex|v:b15a948256d18a327b69d54a581cbc41|9aaee9afcd4b2daa6fc621b3746a47038e222875222c92bb79994f81dc07d497',#3);
#5=CARTESIAN_POINT('',(9.23879532511286783E0,-3.82683432365089793E0,2.87500000000000000E0));
#6=VERTEX_POINT('OSCAD_TOPO/3|vertex|v:f9b953870b46f7db28f4e477da9ccf1a|927b7064f65d3fb04e51ba6b1e93cb4955abf56624e932b1748354222760bd53',#5);
#7=CARTESIAN_POINT('',(2.50000000000000000E0,0.00000000000000000E0,3.00000000000000000E0));
#8=VERTEX_POINT('OSCAD_TOPO/3|vertex|v:adfcd630935441846b8ea9e6a3351e9e|89a071c7927d6d3d574913487673218f2f4616dc6fd7f4e9f99add7f871a0287',#7);
#9=CARTESIAN_POINT('',(2.30969883127821696E0,-9.56708580912724593E-1,3.00000000000000000E0));
#10=VERTEX_POINT('OSCAD_TOPO/3|vertex|v:e767a7a09d07cace9ca8e12366557912|502c55cb5754000aa13c3f96bf22aea08f0d0d3505ce1b0fcbef81964f593db5',#9);
#11=CARTESIAN_POINT('',(1.00000000000000000E1,0.00000000000000000E0,0.00000000000000000E0));
#12=VERTEX_POINT('OSCAD_TOPO/3|vertex|v:de3e486565e3a7617eea6e36ede06c2b|3353643bad860c733430b2273204e26943203410030abd80943e3de65777f15e',#11);
#13=CARTESIAN_POINT('',(9.23879532511286783E0,-3.82683432365089793E0,0.00000000000000000E0));
#14=VERTEX_POINT('OSCAD_TOPO/3|vertex|v:4dcc8621f3e6faa3deba5952e10218d9|fb31a1b7551712d8cf721fcfc933a945db4d6b8990b18c95d9a6ae73fc4993bb',#13);
#15=CARTESIAN_POINT('',(2.50000000000000000E0,0.00000000000000000E0,0.00000000000000000E0));
#16=VERTEX_POINT('OSCAD_TOPO/3|vertex|v:5107a35b396cb78e6ffc77a055c996e2|fd1634c4e735c61cd7b0aa300d1118d20f6551ec26fb5c29ea2374dcd57cb3b2',#15);
#17=CARTESIAN_POINT('',(2.30969883127821696E0,-9.56708580912724593E-1,0.00000000000000000E0));
#18=VERTEX_POINT('OSCAD_TOPO/3|vertex|v:f6e45b78acfe736e8637026cb5f04bf7|20f5a983ac2752246d0e3b24e54beb62ceb80bf2cac641b229281944ecfae58c',#17);
#19=CARTESIAN_POINT('',(3.77899889460526195E0,-9.12331038354895618E0,3.00000000000000000E0));
#20=VERTEX_POINT('OSCAD_TOPO/3|vertex|v:cd60a45ec113c6a0579306b1dc3b0566|5221cf99ba1321d10af0cb4b8abd32ac804872296e64df600d0ed8f5c5de9afb',#19);
#21=CARTESIAN_POINT('',(3.82683432365089837E0,-9.23879532511286783E0,2.87500000000000000E0));
#22=VERTEX_POINT('OSCAD_TOPO/3|vertex|v:f8db6e4a85fcb805a0ca2231745e53c7|01e92ce111b15620331613f25b8533704871191b118121fa7f984b87359e2044',#21);
#23=CARTESIAN_POINT('',(9.56708580912724593E-1,-2.30969883127821696E0,3.00000000000000000E0));
#24=VERTEX_POINT('OSCAD_TOPO/3|vertex|v:2a273ece2122a79880c55f03bbbf6a55|d75bbd32785ceb79c48a5723831683fb41bad0ac61036e618c8182b5646f70b2',#23);
#25=CARTESIAN_POINT('',(3.82683432365089837E0,-9.23879532511286783E0,0.00000000000000000E0));
#26=VERTEX_POINT('OSCAD_TOPO/3|vertex|v:0b7308a1b2abe7da8894fc5b642d3e25|58702c2bf794be7f5cf9fa532c4a1ec799ade6137d1e68c169bf7d2254733daa',#25);
#27=CARTESIAN_POINT('',(9.56708580912724593E-1,-2.30969883127821696E0,0.00000000000000000E0));
#28=VERTEX_POINT('OSCAD_TOPO/3|vertex|v:9dbcf64dc7b5bf133e3976cfb8be0305|305e7be1e32eff5147d8b22cfab68b10b2318d6f32bac95956d9d0d329a5dccc',#27);
#29=CARTESIAN_POINT('',(0.00000000000000000E0,-1.00000000000000000E1,3.00000000000000000E0));
#30=VERTEX_POINT('OSCAD_TOPO/3|vertex|v:48b8d02275584e096818e4f90339c26b|0fbd755472677e1dc6271322b51bf6f29d5cbe1fdc06afb32b920efdca770128',#29);
#31=CARTESIAN_POINT('',(0.00000000000000000E0,-2.50000000000000000E0,3.00000000000000000E0));
#32=VERTEX_POINT('OSCAD_TOPO/3|vertex|v:6f10fa5777d471b8cc2a47d9af7c2a5e|70093022067badd7b47a43ac70a38864999571106edebcb1f8dd083012e23d29',#31);
#33=CARTESIAN_POINT('',(0.00000000000000000E0,-1.00000000000000000E1,0.00000000000000000E0));
#34=VERTEX_POINT('OSCAD_TOPO/3|vertex|v:5658a43174d96d79374a73200af5ef93|ea90c5efaccc18729a909cfd7b90e319a1032dc4a9050ece6c5187f101855d6a',#33);
#35=CARTESIAN_POINT('',(0.00000000000000000E0,-2.50000000000000000E0,0.00000000000000000E0));
#36=VERTEX_POINT('OSCAD_TOPO/3|vertex|v:b8909d5d084e289dfb863d57a97f12c0|e0fa0d94bb9979f53996069d9bdfcbf7d4e704b9878c31d04827c6c359b7117a',#35);
#37=CARTESIAN_POINT('',(-2.50000000000000000E0,0.00000000000000000E0,3.00000000000000000E0));
#38=VERTEX_POINT('OSCAD_TOPO/3|vertex|v:e5238d349e6a953b28728657945bc756|c939ebb105d5cc5df5395e04d0f5b0c71ac85601f2694c755f15255d8933aa30',#37);
#39=CARTESIAN_POINT('',(-1.00000000000000000E1,0.00000000000000000E0,3.00000000000000000E0));
#40=VERTEX_POINT('OSCAD_TOPO/3|vertex|v:f966eb26dc00169f40cb0e2218e9d0f3|65f9e134b54cb5b0fac9d8187519a2575369dcfbe21f823ae836568045ac8863',#39);
#41=CARTESIAN_POINT('',(-1.00000000000000000E1,0.00000000000000000E0,0.00000000000000000E0));
#42=VERTEX_POINT('OSCAD_TOPO/3|vertex|v:7616f68acae257169fc22b46681568d2|02f7380f18527975955058662daf044b41d418ecc2b2b58f19a5fd49e70c13cc',#41);
#43=CARTESIAN_POINT('',(-2.50000000000000000E0,0.00000000000000000E0,0.00000000000000000E0));
#44=VERTEX_POINT('OSCAD_TOPO/3|vertex|v:3237928e26bef7dc650e7905ec619ba4|a3903c5db5a5c9cd429d9e0e4a4e32ca9a9b0d53891cd286b09659f1e986cd94',#43);
#45=CARTESIAN_POINT('',(0.00000000000000000E0,2.50000000000000000E0,3.00000000000000000E0));
#46=VERTEX_POINT('OSCAD_TOPO/3|vertex|v:6886a9daea5e1d17c317cd53e8bdf1b5|cfabc43b07aeb1528326f1804ea9341ed628ac77ae41b22f4ff293a359e70348',#45);
#47=CARTESIAN_POINT('',(0.00000000000000000E0,1.00000000000000000E1,3.00000000000000000E0));
#48=VERTEX_POINT('OSCAD_TOPO/3|vertex|v:dc7541ef507e71be45d55b84528c781d|b9273e82b0fe5910737cce24174db1e8dcf96e748e1e128937808861363a8307',#47);
#49=CARTESIAN_POINT('',(0.00000000000000000E0,1.00000000000000000E1,0.00000000000000000E0));
#50=VERTEX_POINT('OSCAD_TOPO/3|vertex|v:20390dbab053390b17f1cd806dfaa2db|01ca02167a710a35a72e0cc32f356edccab0d226bfb29f014dd9ca88560e82d4',#49);
#51=CARTESIAN_POINT('',(0.00000000000000000E0,2.50000000000000000E0,0.00000000000000000E0));
#52=VERTEX_POINT('OSCAD_TOPO/3|vertex|v:30b33bee02e3c27fd5b30b5d5bda6459|f3aeeb7f2226111e36bdd94f5618c7de3bb3ee929c0b1b82d6d2c4efbc666a0d',#51);
#53=CARTESIAN_POINT('',(1.00000000000000000E1,0.00000000000000000E0,3.00000000000000000E0));
#54=CARTESIAN_POINT('',(1.00000000000000000E1,0.00000000000000000E0,3.00000000000000000E0));
#55=CARTESIAN_POINT('',(1.00000000000000000E1,0.00000000000000000E0,3.00000000000000000E0));
#56=CARTESIAN_POINT('',(1.00000000000000000E1,-7.86405512630331205E-1,3.00000000000000000E0));
#57=CARTESIAN_POINT('',(1.00000000000000000E1,-7.86405512630331205E-1,3.00000000000000000E0));
#58=CARTESIAN_POINT('',(1.00000000000000000E1,-7.86405512630331205E-1,3.00000000000000000E0));
#59=CARTESIAN_POINT('',(9.88505434337473510E0,-1.57134109154076196E0,3.00000000000000044E0));
#60=CARTESIAN_POINT('',(9.92299171697228566E0,-1.57134109154076196E0,3.00000000000000000E0));
#61=CARTESIAN_POINT('',(9.92299171697228388E0,-1.57134109154076196E0,2.96206262640245077E0));
#62=CARTESIAN_POINT('',(9.68191252451439865E0,-2.33083222764967024E0,2.99999999999999956E0));
#63=CARTESIAN_POINT('',(9.76897515091684987E0,-2.34563465651285430E0,2.99999999999999956E0));
#64=CARTESIAN_POINT('',(9.76897515091684809E0,-2.34563465651285430E0,2.91293737359754878E0));
#65=CARTESIAN_POINT('',(9.42049293984310765E0,-3.06153673669921700E0,3.00000000000000000E0));
#66=CARTESIAN_POINT('',(9.53973968591706978E0,-3.10029036627768795E0,2.99999999999999956E0));
#67=CARTESIAN_POINT('',(9.53973968591706978E0,-3.10029036627768795E0,2.87500000000000000E0));
#68=CARTESIAN_POINT('',(9.12331038354895618E0,-3.77899889460526150E0,3.00000000000000000E0));
#69=CARTESIAN_POINT('',(9.23879532511286783E0,-3.82683432365089793E0,3.00000000000000000E0));
#70=CARTESIAN_POINT('',(9.23879532511286783E0,-3.82683432365089793E0,2.87500000000000000E0));
#71=(BOUNDED_SURFACE()B_SPLINE_SURFACE(5,2,((#53,#54,#55),(#56,#57,#58),(#59,#60,#61),(#62,#63,#64),(#65,#66,#67),(#68,#69,#70)),.UNSPECIFIED.,.F.,.F.,.F.)B_SPLINE_SURFACE_WITH_KNOTS((6,6),(3,3),(0.00000000000000000E0,1.00000000000000000E0),(0.00000000000000000E0,1.00000000000000000E0),.UNSPECIFIED.)GEOMETRIC_REPRESENTATION_ITEM()RATIONAL_B_SPLINE_SURFACE(((1.00000000000000000E0,7.07106781186547573E-1,1.00000000000000000E0),(9.92314112161292172E-1,7.01672037776358115E-1,9.92314112161292172E-1),(9.88471168241938147E-1,6.98954666071263220E-1,9.88471168241938147E-1),(9.88471168241938258E-1,6.98954666071263331E-1,9.88471168241938258E-1),(9.92314112161292172E-1,7.01672037776358115E-1,9.92314112161292172E-1),(1.00000000000000000E0,7.07106781186547573E-1,1.00000000000000000E0)))REPRESENTATION_ITEM('')SURFACE());
#72=CARTESIAN_POINT('',(-1.00000000000000000E1,-1.00000000000000000E1,3.00000000000000000E0));
#73=CARTESIAN_POINT('',(-1.00000000000000000E1,1.00000000000000000E1,3.00000000000000000E0));
#74=CARTESIAN_POINT('',(1.00000000000000000E1,-1.00000000000000000E1,3.00000000000000000E0));
#75=CARTESIAN_POINT('',(1.00000000000000000E1,1.00000000000000000E1,3.00000000000000000E0));
#76=B_SPLINE_SURFACE_WITH_KNOTS('',1,1,((#72,#73),(#74,#75)),.UNSPECIFIED.,.F.,.F.,.F.,(2,2),(2,2),(0.00000000000000000E0,1.00000000000000000E0),(0.00000000000000000E0,1.00000000000000000E0),.UNSPECIFIED.);
#77=CARTESIAN_POINT('',(9.23879532511286783E0,-3.82683432365089793E0,0.00000000000000000E0));
#78=CARTESIAN_POINT('',(9.23879532511286783E0,-3.82683432365089793E0,3.00000000000000000E0));
#79=CARTESIAN_POINT('',(9.53973968591706978E0,-3.10029036627768795E0,0.00000000000000000E0));
#80=CARTESIAN_POINT('',(9.53973968591706978E0,-3.10029036627768795E0,3.00000000000000000E0));
#81=CARTESIAN_POINT('',(9.76897515091684809E0,-2.34563465651285430E0,0.00000000000000000E0));
#82=CARTESIAN_POINT('',(9.76897515091684809E0,-2.34563465651285430E0,3.00000000000000000E0));
#83=CARTESIAN_POINT('',(9.92299171697228388E0,-1.57134109154076196E0,0.00000000000000000E0));
#84=CARTESIAN_POINT('',(9.92299171697228388E0,-1.57134109154076196E0,3.00000000000000000E0));
#85=CARTESIAN_POINT('',(1.00000000000000000E1,-7.86405512630331205E-1,0.00000000000000000E0));
#86=CARTESIAN_POINT('',(1.00000000000000000E1,-7.86405512630331205E-1,3.00000000000000000E0));
#87=CARTESIAN_POINT('',(1.00000000000000000E1,0.00000000000000000E0,0.00000000000000000E0));
#88=CARTESIAN_POINT('',(1.00000000000000000E1,0.00000000000000000E0,3.00000000000000000E0));
#89=(BOUNDED_SURFACE()B_SPLINE_SURFACE(5,1,((#77,#78),(#79,#80),(#81,#82),(#83,#84),(#85,#86),(#87,#88)),.UNSPECIFIED.,.F.,.F.,.F.)B_SPLINE_SURFACE_WITH_KNOTS((6,6),(2,2),(0.00000000000000000E0,1.00000000000000000E0),(0.00000000000000000E0,1.00000000000000000E0),.UNSPECIFIED.)GEOMETRIC_REPRESENTATION_ITEM()RATIONAL_B_SPLINE_SURFACE(((1.00000000000000000E0,1.00000000000000000E0),(9.92314112161292172E-1,9.92314112161292172E-1),(9.88471168241938258E-1,9.88471168241938258E-1),(9.88471168241938147E-1,9.88471168241938147E-1),(9.92314112161292172E-1,9.92314112161292172E-1),(1.00000000000000000E0,1.00000000000000000E0)))REPRESENTATION_ITEM('')SURFACE());
#90=CARTESIAN_POINT('',(2.50000000000000000E0,0.00000000000000000E0,0.00000000000000000E0));
#91=CARTESIAN_POINT('',(2.50000000000000000E0,0.00000000000000000E0,3.00000000000000000E0));
#92=CARTESIAN_POINT('',(2.50000000000000000E0,-1.96601378157582801E-1,0.00000000000000000E0));
#93=CARTESIAN_POINT('',(2.50000000000000000E0,-1.96601378157582801E-1,3.00000000000000000E0));
#94=CARTESIAN_POINT('',(2.48074792924307097E0,-3.92835272885190490E-1,0.00000000000000000E0));
#95=CARTESIAN_POINT('',(2.48074792924307097E0,-3.92835272885190490E-1,3.00000000000000000E0));
#96=CARTESIAN_POINT('',(2.44224378772921202E0,-5.86408664128213575E-1,0.00000000000000000E0));
#97=CARTESIAN_POINT('',(2.44224378772921202E0,-5.86408664128213575E-1,3.00000000000000000E0));
#98=CARTESIAN_POINT('',(2.38493492147926744E0,-7.75072591569421987E-1,0.00000000000000000E0));
#99=CARTESIAN_POINT('',(2.38493492147926744E0,-7.75072591569421987E-1,3.00000000000000000E0));
#100=CARTESIAN_POINT('',(2.30969883127821696E0,-9.56708580912724593E-1,0.00000000000000000E0));
#101=CARTESIAN_POINT('',(2.30969883127821696E0,-9.56708580912724593E-1,3.00000000000000000E0));
#102=(BOUNDED_SURFACE()B_SPLINE_SURFACE(5,1,((#90,#91),(#92,#93),(#94,#95),(#96,#97),(#98,#99),(#100,#101)),.UNSPECIFIED.,.F.,.F.,.F.)B_SPLINE_SURFACE_WITH_KNOTS((6,6),(2,2),(0.00000000000000000E0,1.00000000000000000E0),(0.00000000000000000E0,1.00000000000000000E0),.UNSPECIFIED.)GEOMETRIC_REPRESENTATION_ITEM()RATIONAL_B_SPLINE_SURFACE(((1.00000000000000000E0,1.00000000000000000E0),(9.92314112161292172E-1,9.92314112161292172E-1),(9.88471168241938147E-1,9.88471168241938147E-1),(9.88471168241938258E-1,9.88471168241938258E-1),(9.92314112161292172E-1,9.92314112161292172E-1),(1.00000000000000000E0,1.00000000000000000E0)))REPRESENTATION_ITEM('')SURFACE());
#103=CARTESIAN_POINT('',(1.00000000000000000E1,-1.00000000000000000E1,0.00000000000000000E0));
#104=CARTESIAN_POINT('',(1.00000000000000000E1,1.00000000000000000E1,0.00000000000000000E0));
#105=CARTESIAN_POINT('',(-1.00000000000000000E1,-1.00000000000000000E1,0.00000000000000000E0));
#106=CARTESIAN_POINT('',(-1.00000000000000000E1,1.00000000000000000E1,0.00000000000000000E0));
#107=B_SPLINE_SURFACE_WITH_KNOTS('',1,1,((#103,#104),(#105,#106)),.UNSPECIFIED.,.F.,.F.,.F.,(2,2),(2,2),(0.00000000000000000E0,1.00000000000000000E0),(0.00000000000000000E0,1.00000000000000000E0),.UNSPECIFIED.);
#108=CARTESIAN_POINT('',(9.12331038354895618E0,-3.77899889460526150E0,3.00000000000000000E0));
#109=CARTESIAN_POINT('',(9.23879532511286783E0,-3.82683432365089793E0,3.00000000000000000E0));
#110=CARTESIAN_POINT('',(9.23879532511286783E0,-3.82683432365089793E0,2.87500000000000000E0));
#111=CARTESIAN_POINT('',(7.55799778921052301E0,-7.55799778921052212E0,3.00000000000000000E0));
#112=CARTESIAN_POINT('',(7.65366864730179586E0,-7.65366864730179408E0,3.00000000000000000E0));
#113=CARTESIAN_POINT('',(7.65366864730179586E0,-7.65366864730179408E0,2.87500000000000000E0));
#114=CARTESIAN_POINT('',(3.77899889460526195E0,-9.12331038354895618E0,3.00000000000000000E0));
#115=CARTESIAN_POINT('',(3.82683432365089837E0,-9.23879532511286783E0,3.00000000000000000E0));
#116=CARTESIAN_POINT('',(3.82683432365089837E0,-9.23879532511286783E0,2.87500000000000000E0));
#117=(BOUNDED_SURFACE()B_SPLINE_SURFACE(2,2,((#108,#109,#110),(#111,#112,#113),(#114,#115,#116)),.UNSPECIFIED.,.F.,.F.,.F.)B_SPLINE_SURFACE_WITH_KNOTS((3,3),(3,3),(0.00000000000000000E0,1.00000000000000000E0),(0.00000000000000000E0,1.00000000000000000E0),.UNSPECIFIED.)GEOMETRIC_REPRESENTATION_ITEM()RATIONAL_B_SPLINE_SURFACE(((1.00000000000000000E0,7.07106781186547573E-1,1.00000000000000000E0),(9.23879532511286738E-1,6.53281482438188288E-1,9.23879532511286738E-1),(1.00000000000000000E0,7.07106781186547573E-1,1.00000000000000000E0)))REPRESENTATION_ITEM('')SURFACE());
#118=CARTESIAN_POINT('',(3.82683432365089837E0,-9.23879532511286783E0,0.00000000000000000E0));
#119=CARTESIAN_POINT('',(3.82683432365089837E0,-9.23879532511286783E0,3.00000000000000000E0));
#120=CARTESIAN_POINT('',(7.65366864730179586E0,-7.65366864730179497E0,0.00000000000000000E0));
#121=CARTESIAN_POINT('',(7.65366864730179586E0,-7.65366864730179497E0,3.00000000000000000E0));
#122=CARTESIAN_POINT('',(9.23879532511286783E0,-3.82683432365089793E0,0.00000000000000000E0));
#123=CARTESIAN_POINT('',(9.23879532511286783E0,-3.82683432365089793E0,3.00000000000000000E0));
#124=(BOUNDED_SURFACE()B_SPLINE_SURFACE(2,1,((#118,#119),(#120,#121),(#122,#123)),.UNSPECIFIED.,.F.,.F.,.F.)B_SPLINE_SURFACE_WITH_KNOTS((3,3),(2,2),(0.00000000000000000E0,1.00000000000000000E0),(0.00000000000000000E0,1.00000000000000000E0),.UNSPECIFIED.)GEOMETRIC_REPRESENTATION_ITEM()RATIONAL_B_SPLINE_SURFACE(((1.00000000000000000E0,1.00000000000000000E0),(9.23879532511286738E-1,9.23879532511286738E-1),(1.00000000000000000E0,1.00000000000000000E0)))REPRESENTATION_ITEM('')SURFACE());
#125=CARTESIAN_POINT('',(2.30969883127821696E0,-9.56708580912724593E-1,0.00000000000000000E0));
#126=CARTESIAN_POINT('',(2.30969883127821696E0,-9.56708580912724593E-1,3.00000000000000000E0));
#127=CARTESIAN_POINT('',(1.91341716182544919E0,-1.91341716182544874E0,0.00000000000000000E0));
#128=CARTESIAN_POINT('',(1.91341716182544919E0,-1.91341716182544874E0,3.00000000000000000E0));
#129=CARTESIAN_POINT('',(9.56708580912724593E-1,-2.30969883127821696E0,0.00000000000000000E0));
#130=CARTESIAN_POINT('',(9.56708580912724593E-1,-2.30969883127821696E0,3.00000000000000000E0));
#131=(BOUNDED_SURFACE()B_SPLINE_SURFACE(2,1,((#125,#126),(#127,#128),(#129,#130)),.UNSPECIFIED.,.F.,.F.,.F.)B_SPLINE_SURFACE_WITH_KNOTS((3,3),(2,2),(0.00000000000000000E0,1.00000000000000000E0),(0.00000000000000000E0,1.00000000000000000E0),.UNSPECIFIED.)GEOMETRIC_REPRESENTATION_ITEM()RATIONAL_B_SPLINE_SURFACE(((1.00000000000000000E0,1.00000000000000000E0),(9.23879532511286738E-1,9.23879532511286738E-1),(1.00000000000000000E0,1.00000000000000000E0)))REPRESENTATION_ITEM('')SURFACE());
#132=CARTESIAN_POINT('',(3.77899889460526195E0,-9.12331038354895618E0,3.00000000000000000E0));
#133=CARTESIAN_POINT('',(3.82683432365089837E0,-9.23879532511286783E0,3.00000000000000000E0));
#134=CARTESIAN_POINT('',(3.82683432365089837E0,-9.23879532511286783E0,2.87500000000000000E0));
#135=CARTESIAN_POINT('',(3.06153673669921789E0,-9.42049293984310765E0,3.00000000000000000E0));
#136=CARTESIAN_POINT('',(3.10029036627768884E0,-9.53973968591706978E0,2.99999999999999956E0));
#137=CARTESIAN_POINT('',(3.10029036627768839E0,-9.53973968591706978E0,2.87500000000000000E0));
#138=CARTESIAN_POINT('',(2.33083222764967113E0,-9.68191252451439865E0,3.00000000000000044E0));
#139=CARTESIAN_POINT('',(2.34563465651285519E0,-9.76897515091685165E0,3.00000000000000000E0));
#140=CARTESIAN_POINT('',(2.34563465651285519E0,-9.76897515091684987E0,2.91293737359754923E0));
#141=CARTESIAN_POINT('',(1.57134109154076218E0,-9.88505434337473332E0,2.99999999999999956E0));
#142=CARTESIAN_POINT('',(1.57134109154076240E0,-9.92299171697228388E0,2.99999999999999956E0));
#143=CARTESIAN_POINT('',(1.57134109154076218E0,-9.92299171697228211E0,2.96206262640245077E0));
#144=CARTESIAN_POINT('',(7.86405512630331538E-1,-1.00000000000000000E1,3.00000000000000000E0));
#145=CARTESIAN_POINT('',(7.86405512630331538E-1,-1.00000000000000000E1,3.00000000000000000E0));
#146=CARTESIAN_POINT('',(7.86405512630331538E-1,-1.00000000000000000E1,3.00000000000000000E0));
#147=CARTESIAN_POINT('',(0.00000000000000000E0,-1.00000000000000000E1,3.00000000000000000E0));
#148=CARTESIAN_POINT('',(0.00000000000000000E0,-1.00000000000000000E1,3.00000000000000000E0));
#149=CARTESIAN_POINT('',(0.00000000000000000E0,-1.00000000000000000E1,3.00000000000000000E0));
#150=(BOUNDED_SURFACE()B_SPLINE_SURFACE(5,2,((#132,#133,#134),(#135,#136,#137),(#138,#139,#140),(#141,#142,#143),(#144,#145,#146),(#147,#148,#149)),.UNSPECIFIED.,.F.,.F.,.F.)B_SPLINE_SURFACE_WITH_KNOTS((6,6),(3,3),(0.00000000000000000E0,1.00000000000000000E0),(0.00000000000000000E0,1.00000000000000000E0),.UNSPECIFIED.)GEOMETRIC_REPRESENTATION_ITEM()RATIONAL_B_SPLINE_SURFACE(((1.00000000000000000E0,7.07106781186547573E-1,1.00000000000000000E0),(9.92314112161292172E-1,7.01672037776358115E-1,9.92314112161292172E-1),(9.88471168241938147E-1,6.98954666071263220E-1,9.88471168241938147E-1),(9.88471168241938258E-1,6.98954666071263331E-1,9.88471168241938258E-1),(9.92314112161292172E-1,7.01672037776358115E-1,9.92314112161292172E-1),(1.00000000000000000E0,7.07106781186547573E-1,1.00000000000000000E0)))REPRESENTATION_ITEM('')SURFACE());
#151=CARTESIAN_POINT('',(0.00000000000000000E0,-1.00000000000000000E1,0.00000000000000000E0));
#152=CARTESIAN_POINT('',(0.00000000000000000E0,-1.00000000000000000E1,3.00000000000000000E0));
#153=CARTESIAN_POINT('',(7.86405512630331538E-1,-1.00000000000000000E1,0.00000000000000000E0));
#154=CARTESIAN_POINT('',(7.86405512630331538E-1,-1.00000000000000000E1,3.00000000000000000E0));
#155=CARTESIAN_POINT('',(1.57134109154076218E0,-9.92299171697228211E0,0.00000000000000000E0));
#156=CARTESIAN_POINT('',(1.57134109154076218E0,-9.92299171697228211E0,3.00000000000000000E0));
#157=CARTESIAN_POINT('',(2.34563465651285519E0,-9.76897515091684987E0,0.00000000000000000E0));
#158=CARTESIAN_POINT('',(2.34563465651285519E0,-9.76897515091684987E0,3.00000000000000000E0));
#159=CARTESIAN_POINT('',(3.10029036627768839E0,-9.53973968591706978E0,0.00000000000000000E0));
#160=CARTESIAN_POINT('',(3.10029036627768839E0,-9.53973968591706978E0,3.00000000000000000E0));
#161=CARTESIAN_POINT('',(3.82683432365089837E0,-9.23879532511286783E0,0.00000000000000000E0));
#162=CARTESIAN_POINT('',(3.82683432365089837E0,-9.23879532511286783E0,3.00000000000000000E0));
#163=(BOUNDED_SURFACE()B_SPLINE_SURFACE(5,1,((#151,#152),(#153,#154),(#155,#156),(#157,#158),(#159,#160),(#161,#162)),.UNSPECIFIED.,.F.,.F.,.F.)B_SPLINE_SURFACE_WITH_KNOTS((6,6),(2,2),(0.00000000000000000E0,1.00000000000000000E0),(0.00000000000000000E0,1.00000000000000000E0),.UNSPECIFIED.)GEOMETRIC_REPRESENTATION_ITEM()RATIONAL_B_SPLINE_SURFACE(((1.00000000000000000E0,1.00000000000000000E0),(9.92314112161292172E-1,9.92314112161292172E-1),(9.88471168241938258E-1,9.88471168241938258E-1),(9.88471168241938147E-1,9.88471168241938147E-1),(9.92314112161292172E-1,9.92314112161292172E-1),(1.00000000000000000E0,1.00000000000000000E0)))REPRESENTATION_ITEM('')SURFACE());
#164=CARTESIAN_POINT('',(9.56708580912724593E-1,-2.30969883127821696E0,0.00000000000000000E0));
#165=CARTESIAN_POINT('',(9.56708580912724593E-1,-2.30969883127821696E0,3.00000000000000000E0));
#166=CARTESIAN_POINT('',(7.75072591569422098E-1,-2.38493492147926744E0,0.00000000000000000E0));
#167=CARTESIAN_POINT('',(7.75072591569422098E-1,-2.38493492147926744E0,3.00000000000000000E0));
#168=CARTESIAN_POINT('',(5.86408664128213797E-1,-2.44224378772921247E0,0.00000000000000000E0));
#169=CARTESIAN_POINT('',(5.86408664128213797E-1,-2.44224378772921247E0,3.00000000000000000E0));
#170=CARTESIAN_POINT('',(3.92835272885190545E-1,-2.48074792924307053E0,0.00000000000000000E0));
#171=CARTESIAN_POINT('',(3.92835272885190545E-1,-2.48074792924307053E0,3.00000000000000000E0));
#172=CARTESIAN_POINT('',(1.96601378157582884E-1,-2.50000000000000000E0,0.00000000000000000E0));
#173=CARTESIAN_POINT('',(1.96601378157582884E-1,-2.50000000000000000E0,3.00000000000000000E0));
#174=CARTESIAN_POINT('',(0.00000000000000000E0,-2.50000000000000000E0,0.00000000000000000E0));
#175=CARTESIAN_POINT('',(0.00000000000000000E0,-2.50000000000000000E0,3.00000000000000000E0));
#176=(BOUNDED_SURFACE()B_SPLINE_SURFACE(5,1,((#164,#165),(#166,#167),(#168,#169),(#170,#171),(#172,#173),(#174,#175)),.UNSPECIFIED.,.F.,.F.,.F.)B_SPLINE_SURFACE_WITH_KNOTS((6,6),(2,2),(0.00000000000000000E0,1.00000000000000000E0),(0.00000000000000000E0,1.00000000000000000E0),.UNSPECIFIED.)GEOMETRIC_REPRESENTATION_ITEM()RATIONAL_B_SPLINE_SURFACE(((1.00000000000000000E0,1.00000000000000000E0),(9.92314112161292172E-1,9.92314112161292172E-1),(9.88471168241938147E-1,9.88471168241938147E-1),(9.88471168241938258E-1,9.88471168241938258E-1),(9.92314112161292172E-1,9.92314112161292172E-1),(1.00000000000000000E0,1.00000000000000000E0)))REPRESENTATION_ITEM('')SURFACE());
#177=CARTESIAN_POINT('',(-1.00000000000000000E1,0.00000000000000000E0,0.00000000000000000E0));
#178=CARTESIAN_POINT('',(-1.00000000000000000E1,0.00000000000000000E0,3.00000000000000000E0));
#179=CARTESIAN_POINT('',(-9.99999999999999822E0,-1.00000000000000000E1,0.00000000000000000E0));
#180=CARTESIAN_POINT('',(-9.99999999999999822E0,-1.00000000000000000E1,3.00000000000000000E0));
#181=CARTESIAN_POINT('',(0.00000000000000000E0,-1.00000000000000000E1,0.00000000000000000E0));
#182=CARTESIAN_POINT('',(0.00000000000000000E0,-1.00000000000000000E1,3.00000000000000000E0));
#183=(BOUNDED_SURFACE()B_SPLINE_SURFACE(2,1,((#177,#178),(#179,#180),(#181,#182)),.UNSPECIFIED.,.F.,.F.,.F.)B_SPLINE_SURFACE_WITH_KNOTS((3,3),(2,2),(0.00000000000000000E0,1.00000000000000000E0),(0.00000000000000000E0,1.00000000000000000E0),.UNSPECIFIED.)GEOMETRIC_REPRESENTATION_ITEM()RATIONAL_B_SPLINE_SURFACE(((1.00000000000000000E0,1.00000000000000000E0),(7.07106781186547573E-1,7.07106781186547573E-1),(1.00000000000000000E0,1.00000000000000000E0)))REPRESENTATION_ITEM('')SURFACE());
#184=CARTESIAN_POINT('',(0.00000000000000000E0,-2.50000000000000000E0,0.00000000000000000E0));
#185=CARTESIAN_POINT('',(0.00000000000000000E0,-2.50000000000000000E0,3.00000000000000000E0));
#186=CARTESIAN_POINT('',(-2.49999999999999956E0,-2.50000000000000000E0,0.00000000000000000E0));
#187=CARTESIAN_POINT('',(-2.49999999999999956E0,-2.50000000000000000E0,3.00000000000000000E0));
#188=CARTESIAN_POINT('',(-2.50000000000000000E0,0.00000000000000000E0,0.00000000000000000E0));
#189=CARTESIAN_POINT('',(-2.50000000000000000E0,0.00000000000000000E0,3.00000000000000000E0));
#190=(BOUNDED_SURFACE()B_SPLINE_SURFACE(2,1,((#184,#185),(#186,#187),(#188,#189)),.UNSPECIFIED.,.F.,.F.,.F.)B_SPLINE_SURFACE_WITH_KNOTS((3,3),(2,2),(0.00000000000000000E0,1.00000000000000000E0),(0.00000000000000000E0,1.00000000000000000E0),.UNSPECIFIED.)GEOMETRIC_REPRESENTATION_ITEM()RATIONAL_B_SPLINE_SURFACE(((1.00000000000000000E0,1.00000000000000000E0),(7.07106781186547573E-1,7.07106781186547573E-1),(1.00000000000000000E0,1.00000000000000000E0)))REPRESENTATION_ITEM('')SURFACE());
#191=CARTESIAN_POINT('',(0.00000000000000000E0,1.00000000000000000E1,0.00000000000000000E0));
#192=CARTESIAN_POINT('',(0.00000000000000000E0,1.00000000000000000E1,3.00000000000000000E0));
#193=CARTESIAN_POINT('',(-1.00000000000000018E1,9.99999999999999822E0,0.00000000000000000E0));
#194=CARTESIAN_POINT('',(-1.00000000000000018E1,9.99999999999999822E0,3.00000000000000000E0));
#195=CARTESIAN_POINT('',(-1.00000000000000000E1,0.00000000000000000E0,0.00000000000000000E0));
#196=CARTESIAN_POINT('',(-1.00000000000000000E1,0.00000000000000000E0,3.00000000000000000E0));
#197=(BOUNDED_SURFACE()B_SPLINE_SURFACE(2,1,((#191,#192),(#193,#194),(#195,#196)),.UNSPECIFIED.,.F.,.F.,.F.)B_SPLINE_SURFACE_WITH_KNOTS((3,3),(2,2),(0.00000000000000000E0,1.00000000000000000E0),(0.00000000000000000E0,1.00000000000000000E0),.UNSPECIFIED.)GEOMETRIC_REPRESENTATION_ITEM()RATIONAL_B_SPLINE_SURFACE(((1.00000000000000000E0,1.00000000000000000E0),(7.07106781186547573E-1,7.07106781186547573E-1),(1.00000000000000000E0,1.00000000000000000E0)))REPRESENTATION_ITEM('')SURFACE());
#198=CARTESIAN_POINT('',(-2.50000000000000000E0,0.00000000000000000E0,0.00000000000000000E0));
#199=CARTESIAN_POINT('',(-2.50000000000000000E0,0.00000000000000000E0,3.00000000000000000E0));
#200=CARTESIAN_POINT('',(-2.50000000000000044E0,2.49999999999999956E0,0.00000000000000000E0));
#201=CARTESIAN_POINT('',(-2.50000000000000044E0,2.49999999999999956E0,3.00000000000000000E0));
#202=CARTESIAN_POINT('',(0.00000000000000000E0,2.50000000000000000E0,0.00000000000000000E0));
#203=CARTESIAN_POINT('',(0.00000000000000000E0,2.50000000000000000E0,3.00000000000000000E0));
#204=(BOUNDED_SURFACE()B_SPLINE_SURFACE(2,1,((#198,#199),(#200,#201),(#202,#203)),.UNSPECIFIED.,.F.,.F.,.F.)B_SPLINE_SURFACE_WITH_KNOTS((3,3),(2,2),(0.00000000000000000E0,1.00000000000000000E0),(0.00000000000000000E0,1.00000000000000000E0),.UNSPECIFIED.)GEOMETRIC_REPRESENTATION_ITEM()RATIONAL_B_SPLINE_SURFACE(((1.00000000000000000E0,1.00000000000000000E0),(7.07106781186547573E-1,7.07106781186547573E-1),(1.00000000000000000E0,1.00000000000000000E0)))REPRESENTATION_ITEM('')SURFACE());
#205=CARTESIAN_POINT('',(1.00000000000000000E1,0.00000000000000000E0,0.00000000000000000E0));
#206=CARTESIAN_POINT('',(1.00000000000000000E1,0.00000000000000000E0,3.00000000000000000E0));
#207=CARTESIAN_POINT('',(9.99999999999999645E0,1.00000000000000018E1,0.00000000000000000E0));
#208=CARTESIAN_POINT('',(9.99999999999999645E0,1.00000000000000018E1,3.00000000000000000E0));
#209=CARTESIAN_POINT('',(0.00000000000000000E0,1.00000000000000000E1,0.00000000000000000E0));
#210=CARTESIAN_POINT('',(0.00000000000000000E0,1.00000000000000000E1,3.00000000000000000E0));
#211=(BOUNDED_SURFACE()B_SPLINE_SURFACE(2,1,((#205,#206),(#207,#208),(#209,#210)),.UNSPECIFIED.,.F.,.F.,.F.)B_SPLINE_SURFACE_WITH_KNOTS((3,3),(2,2),(0.00000000000000000E0,1.00000000000000000E0),(0.00000000000000000E0,1.00000000000000000E0),.UNSPECIFIED.)GEOMETRIC_REPRESENTATION_ITEM()RATIONAL_B_SPLINE_SURFACE(((1.00000000000000000E0,1.00000000000000000E0),(7.07106781186547573E-1,7.07106781186547573E-1),(1.00000000000000000E0,1.00000000000000000E0)))REPRESENTATION_ITEM('')SURFACE());
#212=CARTESIAN_POINT('',(0.00000000000000000E0,2.50000000000000000E0,0.00000000000000000E0));
#213=CARTESIAN_POINT('',(0.00000000000000000E0,2.50000000000000000E0,3.00000000000000000E0));
#214=CARTESIAN_POINT('',(2.49999999999999911E0,2.50000000000000044E0,0.00000000000000000E0));
#215=CARTESIAN_POINT('',(2.49999999999999911E0,2.50000000000000044E0,3.00000000000000000E0));
#216=CARTESIAN_POINT('',(2.50000000000000000E0,0.00000000000000000E0,0.00000000000000000E0));
#217=CARTESIAN_POINT('',(2.50000000000000000E0,0.00000000000000000E0,3.00000000000000000E0));
#218=(BOUNDED_SURFACE()B_SPLINE_SURFACE(2,1,((#212,#213),(#214,#215),(#216,#217)),.UNSPECIFIED.,.F.,.F.,.F.)B_SPLINE_SURFACE_WITH_KNOTS((3,3),(2,2),(0.00000000000000000E0,1.00000000000000000E0),(0.00000000000000000E0,1.00000000000000000E0),.UNSPECIFIED.)GEOMETRIC_REPRESENTATION_ITEM()RATIONAL_B_SPLINE_SURFACE(((1.00000000000000000E0,1.00000000000000000E0),(7.07106781186547573E-1,7.07106781186547573E-1),(1.00000000000000000E0,1.00000000000000000E0)))REPRESENTATION_ITEM('')SURFACE());
#219=CARTESIAN_POINT('',(1.00000000000000000E1,0.00000000000000000E0,3.00000000000000000E0));
#220=CARTESIAN_POINT('',(1.00000000000000000E1,-7.86405512630331205E-1,3.00000000000000000E0));
#221=CARTESIAN_POINT('',(9.88505434337473510E0,-1.57134109154076196E0,3.00000000000000044E0));
#222=CARTESIAN_POINT('',(9.68191252451439865E0,-2.33083222764967024E0,2.99999999999999956E0));
#223=CARTESIAN_POINT('',(9.42049293984310765E0,-3.06153673669921700E0,3.00000000000000000E0));
#224=CARTESIAN_POINT('',(9.12331038354895618E0,-3.77899889460526150E0,3.00000000000000000E0));
#225=(BOUNDED_CURVE()B_SPLINE_CURVE(5,(#219,#220,#221,#222,#223,#224),.UNSPECIFIED.,.F.,.F.)B_SPLINE_CURVE_WITH_KNOTS((6,6),(0.00000000000000000E0,1.00000000000000000E0),.UNSPECIFIED.)CURVE()GEOMETRIC_REPRESENTATION_ITEM()RATIONAL_B_SPLINE_CURVE((1.00000000000000000E0,9.92314112161292172E-1,9.88471168241938147E-1,9.88471168241938258E-1,9.92314112161292172E-1,1.00000000000000000E0))REPRESENTATION_ITEM(''));
#226=CARTESIAN_POINT('',(9.12331038354895618E0,-3.77899889460526150E0,3.00000000000000000E0));
#227=CARTESIAN_POINT('',(9.23879532511286783E0,-3.82683432365089793E0,3.00000000000000000E0));
#228=CARTESIAN_POINT('',(9.23879532511286783E0,-3.82683432365089793E0,2.87500000000000000E0));
#229=(BOUNDED_CURVE()B_SPLINE_CURVE(2,(#226,#227,#228),.UNSPECIFIED.,.F.,.F.)B_SPLINE_CURVE_WITH_KNOTS((3,3),(0.00000000000000000E0,1.00000000000000000E0),.UNSPECIFIED.)CURVE()GEOMETRIC_REPRESENTATION_ITEM()RATIONAL_B_SPLINE_CURVE((1.00000000000000000E0,7.07106781186547573E-1,1.00000000000000000E0))REPRESENTATION_ITEM(''));
#230=CARTESIAN_POINT('',(9.23879532511286783E0,-3.82683432365089793E0,2.87500000000000000E0));
#231=CARTESIAN_POINT('',(9.53973968591706978E0,-3.10029036627768795E0,2.87500000000000000E0));
#232=CARTESIAN_POINT('',(9.76897515091684809E0,-2.34563465651285430E0,2.91293737359754878E0));
#233=CARTESIAN_POINT('',(9.92299171697228388E0,-1.57134109154076196E0,2.96206262640245077E0));
#234=CARTESIAN_POINT('',(1.00000000000000000E1,-7.86405512630331205E-1,3.00000000000000000E0));
#235=CARTESIAN_POINT('',(1.00000000000000000E1,0.00000000000000000E0,3.00000000000000000E0));
#236=(BOUNDED_CURVE()B_SPLINE_CURVE(5,(#230,#231,#232,#233,#234,#235),.UNSPECIFIED.,.F.,.F.)B_SPLINE_CURVE_WITH_KNOTS((6,6),(0.00000000000000000E0,1.00000000000000000E0),.UNSPECIFIED.)CURVE()GEOMETRIC_REPRESENTATION_ITEM()RATIONAL_B_SPLINE_CURVE((1.00000000000000000E0,9.92314112161292172E-1,9.88471168241938258E-1,9.88471168241938147E-1,9.92314112161292172E-1,1.00000000000000000E0))REPRESENTATION_ITEM(''));
#237=CARTESIAN_POINT('',(1.00000000000000000E1,0.00000000000000000E0,3.00000000000000000E0));
#238=CARTESIAN_POINT('',(1.00000000000000000E1,0.00000000000000000E0,3.00000000000000000E0));
#239=CARTESIAN_POINT('',(1.00000000000000000E1,0.00000000000000000E0,3.00000000000000000E0));
#240=(BOUNDED_CURVE()B_SPLINE_CURVE(2,(#237,#238,#239),.UNSPECIFIED.,.F.,.F.)B_SPLINE_CURVE_WITH_KNOTS((3,3),(0.00000000000000000E0,1.00000000000000000E0),.UNSPECIFIED.)CURVE()GEOMETRIC_REPRESENTATION_ITEM()RATIONAL_B_SPLINE_CURVE((1.00000000000000000E0,7.07106781186547573E-1,1.00000000000000000E0))REPRESENTATION_ITEM(''));
#241=CARTESIAN_POINT('',(1.00000000000000000E1,0.00000000000000000E0,3.00000000000000000E0));
#242=CARTESIAN_POINT('',(2.50000000000000000E0,0.00000000000000000E0,3.00000000000000000E0));
#243=B_SPLINE_CURVE_WITH_KNOTS('',1,(#241,#242),.UNSPECIFIED.,.F.,.F.,(2,2),(0.00000000000000000E0,1.00000000000000000E0),.UNSPECIFIED.);
#244=CARTESIAN_POINT('',(2.50000000000000000E0,0.00000000000000000E0,3.00000000000000000E0));
#245=CARTESIAN_POINT('',(2.50000000000000000E0,-1.96601378157582801E-1,3.00000000000000000E0));
#246=CARTESIAN_POINT('',(2.48074792924307097E0,-3.92835272885190490E-1,3.00000000000000000E0));
#247=CARTESIAN_POINT('',(2.44224378772921202E0,-5.86408664128213575E-1,3.00000000000000000E0));
#248=CARTESIAN_POINT('',(2.38493492147926744E0,-7.75072591569421987E-1,3.00000000000000000E0));
#249=CARTESIAN_POINT('',(2.30969883127821696E0,-9.56708580912724593E-1,3.00000000000000000E0));
#250=(BOUNDED_CURVE()B_SPLINE_CURVE(5,(#244,#245,#246,#247,#248,#249),.UNSPECIFIED.,.F.,.F.)B_SPLINE_CURVE_WITH_KNOTS((6,6),(0.00000000000000000E0,1.00000000000000000E0),.UNSPECIFIED.)CURVE()GEOMETRIC_REPRESENTATION_ITEM()RATIONAL_B_SPLINE_CURVE((1.00000000000000000E0,9.92314112161292172E-1,9.88471168241938147E-1,9.88471168241938258E-1,9.92314112161292172E-1,1.00000000000000000E0))REPRESENTATION_ITEM(''));
#251=CARTESIAN_POINT('',(2.30969883127821696E0,-9.56708580912724593E-1,3.00000000000000000E0));
#252=CARTESIAN_POINT('',(9.12331038354895618E0,-3.77899889460526150E0,3.00000000000000000E0));
#253=B_SPLINE_CURVE_WITH_KNOTS('',1,(#251,#252),.UNSPECIFIED.,.F.,.F.,(2,2),(0.00000000000000000E0,1.00000000000000000E0),.UNSPECIFIED.);
#254=CARTESIAN_POINT('',(1.00000000000000000E1,0.00000000000000000E0,0.00000000000000000E0));
#255=CARTESIAN_POINT('',(1.00000000000000000E1,-7.86405512630331205E-1,0.00000000000000000E0));
#256=CARTESIAN_POINT('',(9.92299171697228388E0,-1.57134109154076196E0,0.00000000000000000E0));
#257=CARTESIAN_POINT('',(9.76897515091684809E0,-2.34563465651285430E0,0.00000000000000000E0));
#258=CARTESIAN_POINT('',(9.53973968591706978E0,-3.10029036627768795E0,0.00000000000000000E0));
#259=CARTESIAN_POINT('',(9.23879532511286783E0,-3.82683432365089793E0,0.00000000000000000E0));
#260=(BOUNDED_CURVE()B_SPLINE_CURVE(5,(#254,#255,#256,#257,#258,#259),.UNSPECIFIED.,.F.,.F.)B_SPLINE_CURVE_WITH_KNOTS((6,6),(0.00000000000000000E0,1.00000000000000000E0),.UNSPECIFIED.)CURVE()GEOMETRIC_REPRESENTATION_ITEM()RATIONAL_B_SPLINE_CURVE((1.00000000000000000E0,9.92314112161292172E-1,9.88471168241938147E-1,9.88471168241938258E-1,9.92314112161292172E-1,1.00000000000000000E0))REPRESENTATION_ITEM(''));
#261=CARTESIAN_POINT('',(9.23879532511286783E0,-3.82683432365089793E0,0.00000000000000000E0));
#262=CARTESIAN_POINT('',(9.23879532511286783E0,-3.82683432365089793E0,2.87500000000000000E0));
#263=B_SPLINE_CURVE_WITH_KNOTS('',1,(#261,#262),.UNSPECIFIED.,.F.,.F.,(2,2),(0.00000000000000000E0,1.00000000000000000E0),.UNSPECIFIED.);
#264=CARTESIAN_POINT('',(1.00000000000000000E1,0.00000000000000000E0,3.00000000000000000E0));
#265=CARTESIAN_POINT('',(1.00000000000000000E1,0.00000000000000000E0,0.00000000000000000E0));
#266=B_SPLINE_CURVE_WITH_KNOTS('',1,(#264,#265),.UNSPECIFIED.,.F.,.F.,(2,2),(0.00000000000000000E0,1.00000000000000000E0),.UNSPECIFIED.);
#267=CARTESIAN_POINT('',(2.50000000000000000E0,0.00000000000000000E0,0.00000000000000000E0));
#268=CARTESIAN_POINT('',(2.50000000000000000E0,-1.96601378157582801E-1,0.00000000000000000E0));
#269=CARTESIAN_POINT('',(2.48074792924307097E0,-3.92835272885190490E-1,0.00000000000000000E0));
#270=CARTESIAN_POINT('',(2.44224378772921202E0,-5.86408664128213575E-1,0.00000000000000000E0));
#271=CARTESIAN_POINT('',(2.38493492147926744E0,-7.75072591569421987E-1,0.00000000000000000E0));
#272=CARTESIAN_POINT('',(2.30969883127821696E0,-9.56708580912724593E-1,0.00000000000000000E0));
#273=(BOUNDED_CURVE()B_SPLINE_CURVE(5,(#267,#268,#269,#270,#271,#272),.UNSPECIFIED.,.F.,.F.)B_SPLINE_CURVE_WITH_KNOTS((6,6),(0.00000000000000000E0,1.00000000000000000E0),.UNSPECIFIED.)CURVE()GEOMETRIC_REPRESENTATION_ITEM()RATIONAL_B_SPLINE_CURVE((1.00000000000000000E0,9.92314112161292172E-1,9.88471168241938147E-1,9.88471168241938258E-1,9.92314112161292172E-1,1.00000000000000000E0))REPRESENTATION_ITEM(''));
#274=CARTESIAN_POINT('',(2.30969883127821696E0,-9.56708580912724593E-1,0.00000000000000000E0));
#275=CARTESIAN_POINT('',(2.30969883127821696E0,-9.56708580912724593E-1,3.00000000000000000E0));
#276=B_SPLINE_CURVE_WITH_KNOTS('',1,(#274,#275),.UNSPECIFIED.,.F.,.F.,(2,2),(0.00000000000000000E0,1.00000000000000000E0),.UNSPECIFIED.);
#277=CARTESIAN_POINT('',(2.50000000000000000E0,0.00000000000000000E0,3.00000000000000000E0));
#278=CARTESIAN_POINT('',(2.50000000000000000E0,0.00000000000000000E0,0.00000000000000000E0));
#279=B_SPLINE_CURVE_WITH_KNOTS('',1,(#277,#278),.UNSPECIFIED.,.F.,.F.,(2,2),(0.00000000000000000E0,1.00000000000000000E0),.UNSPECIFIED.);
#280=CARTESIAN_POINT('',(1.00000000000000000E1,0.00000000000000000E0,0.00000000000000000E0));
#281=CARTESIAN_POINT('',(2.50000000000000000E0,0.00000000000000000E0,0.00000000000000000E0));
#282=B_SPLINE_CURVE_WITH_KNOTS('',1,(#280,#281),.UNSPECIFIED.,.F.,.F.,(2,2),(0.00000000000000000E0,1.00000000000000000E0),.UNSPECIFIED.);
#283=CARTESIAN_POINT('',(2.30969883127821696E0,-9.56708580912724593E-1,0.00000000000000000E0));
#284=CARTESIAN_POINT('',(9.23879532511286783E0,-3.82683432365089793E0,0.00000000000000000E0));
#285=B_SPLINE_CURVE_WITH_KNOTS('',1,(#283,#284),.UNSPECIFIED.,.F.,.F.,(2,2),(0.00000000000000000E0,1.00000000000000000E0),.UNSPECIFIED.);
#286=CARTESIAN_POINT('',(9.12331038354895618E0,-3.77899889460526150E0,3.00000000000000000E0));
#287=CARTESIAN_POINT('',(7.55799778921052390E0,-7.55799778921052301E0,3.00000000000000000E0));
#288=CARTESIAN_POINT('',(3.77899889460526195E0,-9.12331038354895618E0,3.00000000000000000E0));
#289=(BOUNDED_CURVE()B_SPLINE_CURVE(2,(#286,#287,#288),.UNSPECIFIED.,.F.,.F.)B_SPLINE_CURVE_WITH_KNOTS((3,3),(0.00000000000000000E0,1.00000000000000000E0),.UNSPECIFIED.)CURVE()GEOMETRIC_REPRESENTATION_ITEM()RATIONAL_B_SPLINE_CURVE((1.00000000000000000E0,9.23879532511286738E-1,1.00000000000000000E0))REPRESENTATION_ITEM(''));
#290=CARTESIAN_POINT('',(3.77899889460526195E0,-9.12331038354895618E0,3.00000000000000000E0));
#291=CARTESIAN_POINT('',(3.82683432365089837E0,-9.23879532511286783E0,3.00000000000000000E0));
#292=CARTESIAN_POINT('',(3.82683432365089837E0,-9.23879532511286783E0,2.87500000000000000E0));
#293=(BOUNDED_CURVE()B_SPLINE_CURVE(2,(#290,#291,#292),.UNSPECIFIED.,.F.,.F.)B_SPLINE_CURVE_WITH_KNOTS((3,3),(0.00000000000000000E0,1.00000000000000000E0),.UNSPECIFIED.)CURVE()GEOMETRIC_REPRESENTATION_ITEM()RATIONAL_B_SPLINE_CURVE((1.00000000000000000E0,7.07106781186547573E-1,1.00000000000000000E0))REPRESENTATION_ITEM(''));
#294=CARTESIAN_POINT('',(3.82683432365089837E0,-9.23879532511286783E0,2.87500000000000000E0));
#295=CARTESIAN_POINT('',(7.65366864730179586E0,-7.65366864730179497E0,2.87500000000000000E0));
#296=CARTESIAN_POINT('',(9.23879532511286783E0,-3.82683432365089793E0,2.87500000000000000E0));
#297=(BOUNDED_CURVE()B_SPLINE_CURVE(2,(#294,#295,#296),.UNSPECIFIED.,.F.,.F.)B_SPLINE_CURVE_WITH_KNOTS((3,3),(0.00000000000000000E0,1.00000000000000000E0),.UNSPECIFIED.)CURVE()GEOMETRIC_REPRESENTATION_ITEM()RATIONAL_B_SPLINE_CURVE((1.00000000000000000E0,9.23879532511286738E-1,1.00000000000000000E0))REPRESENTATION_ITEM(''));
#298=CARTESIAN_POINT('',(2.30969883127821696E0,-9.56708580912724593E-1,3.00000000000000000E0));
#299=CARTESIAN_POINT('',(1.91341716182544919E0,-1.91341716182544874E0,3.00000000000000000E0));
#300=CARTESIAN_POINT('',(9.56708580912724593E-1,-2.30969883127821696E0,3.00000000000000000E0));
#301=(BOUNDED_CURVE()B_SPLINE_CURVE(2,(#298,#299,#300),.UNSPECIFIED.,.F.,.F.)B_SPLINE_CURVE_WITH_KNOTS((3,3),(0.00000000000000000E0,1.00000000000000000E0),.UNSPECIFIED.)CURVE()GEOMETRIC_REPRESENTATION_ITEM()RATIONAL_B_SPLINE_CURVE((1.00000000000000000E0,9.23879532511286738E-1,1.00000000000000000E0))REPRESENTATION_ITEM(''));
#302=CARTESIAN_POINT('',(9.56708580912724593E-1,-2.30969883127821696E0,3.00000000000000000E0));
#303=CARTESIAN_POINT('',(3.77899889460526195E0,-9.12331038354895618E0,3.00000000000000000E0));
#304=B_SPLINE_CURVE_WITH_KNOTS('',1,(#302,#303),.UNSPECIFIED.,.F.,.F.,(2,2),(0.00000000000000000E0,1.00000000000000000E0),.UNSPECIFIED.);
#305=CARTESIAN_POINT('',(9.23879532511286783E0,-3.82683432365089793E0,0.00000000000000000E0));
#306=CARTESIAN_POINT('',(7.65366864730179586E0,-7.65366864730179497E0,0.00000000000000000E0));
#307=CARTESIAN_POINT('',(3.82683432365089837E0,-9.23879532511286783E0,0.00000000000000000E0));
#308=(BOUNDED_CURVE()B_SPLINE_CURVE(2,(#305,#306,#307),.UNSPECIFIED.,.F.,.F.)B_SPLINE_CURVE_WITH_KNOTS((3,3),(0.00000000000000000E0,1.00000000000000000E0),.UNSPECIFIED.)CURVE()GEOMETRIC_REPRESENTATION_ITEM()RATIONAL_B_SPLINE_CURVE((1.00000000000000000E0,9.23879532511286738E-1,1.00000000000000000E0))REPRESENTATION_ITEM(''));
#309=CARTESIAN_POINT('',(3.82683432365089837E0,-9.23879532511286783E0,0.00000000000000000E0));
#310=CARTESIAN_POINT('',(3.82683432365089837E0,-9.23879532511286783E0,2.87500000000000000E0));
#311=B_SPLINE_CURVE_WITH_KNOTS('',1,(#309,#310),.UNSPECIFIED.,.F.,.F.,(2,2),(0.00000000000000000E0,1.00000000000000000E0),.UNSPECIFIED.);
#312=CARTESIAN_POINT('',(2.30969883127821696E0,-9.56708580912724593E-1,0.00000000000000000E0));
#313=CARTESIAN_POINT('',(1.91341716182544919E0,-1.91341716182544874E0,0.00000000000000000E0));
#314=CARTESIAN_POINT('',(9.56708580912724593E-1,-2.30969883127821696E0,0.00000000000000000E0));
#315=(BOUNDED_CURVE()B_SPLINE_CURVE(2,(#312,#313,#314),.UNSPECIFIED.,.F.,.F.)B_SPLINE_CURVE_WITH_KNOTS((3,3),(0.00000000000000000E0,1.00000000000000000E0),.UNSPECIFIED.)CURVE()GEOMETRIC_REPRESENTATION_ITEM()RATIONAL_B_SPLINE_CURVE((1.00000000000000000E0,9.23879532511286738E-1,1.00000000000000000E0))REPRESENTATION_ITEM(''));
#316=CARTESIAN_POINT('',(9.56708580912724593E-1,-2.30969883127821696E0,0.00000000000000000E0));
#317=CARTESIAN_POINT('',(9.56708580912724593E-1,-2.30969883127821696E0,3.00000000000000000E0));
#318=B_SPLINE_CURVE_WITH_KNOTS('',1,(#316,#317),.UNSPECIFIED.,.F.,.F.,(2,2),(0.00000000000000000E0,1.00000000000000000E0),.UNSPECIFIED.);
#319=CARTESIAN_POINT('',(9.56708580912724593E-1,-2.30969883127821696E0,0.00000000000000000E0));
#320=CARTESIAN_POINT('',(3.82683432365089837E0,-9.23879532511286783E0,0.00000000000000000E0));
#321=B_SPLINE_CURVE_WITH_KNOTS('',1,(#319,#320),.UNSPECIFIED.,.F.,.F.,(2,2),(0.00000000000000000E0,1.00000000000000000E0),.UNSPECIFIED.);
#322=CARTESIAN_POINT('',(3.77899889460526195E0,-9.12331038354895618E0,3.00000000000000000E0));
#323=CARTESIAN_POINT('',(3.06153673669921789E0,-9.42049293984310765E0,3.00000000000000000E0));
#324=CARTESIAN_POINT('',(2.33083222764967113E0,-9.68191252451439865E0,3.00000000000000044E0));
#325=CARTESIAN_POINT('',(1.57134109154076218E0,-9.88505434337473332E0,2.99999999999999956E0));
#326=CARTESIAN_POINT('',(7.86405512630331538E-1,-1.00000000000000000E1,3.00000000000000000E0));
#327=CARTESIAN_POINT('',(0.00000000000000000E0,-1.00000000000000000E1,3.00000000000000000E0));
#328=(BOUNDED_CURVE()B_SPLINE_CURVE(5,(#322,#323,#324,#325,#326,#327),.UNSPECIFIED.,.F.,.F.)B_SPLINE_CURVE_WITH_KNOTS((6,6),(0.00000000000000000E0,1.00000000000000000E0),.UNSPECIFIED.)CURVE()GEOMETRIC_REPRESENTATION_ITEM()RATIONAL_B_SPLINE_CURVE((1.00000000000000000E0,9.92314112161292172E-1,9.88471168241938147E-1,9.88471168241938258E-1,9.92314112161292172E-1,1.00000000000000000E0))REPRESENTATION_ITEM(''));
#329=CARTESIAN_POINT('',(0.00000000000000000E0,-1.00000000000000000E1,3.00000000000000000E0));
#330=CARTESIAN_POINT('',(0.00000000000000000E0,-1.00000000000000000E1,3.00000000000000000E0));
#331=CARTESIAN_POINT('',(0.00000000000000000E0,-1.00000000000000000E1,3.00000000000000000E0));
#332=(BOUNDED_CURVE()B_SPLINE_CURVE(2,(#329,#330,#331),.UNSPECIFIED.,.F.,.F.)B_SPLINE_CURVE_WITH_KNOTS((3,3),(0.00000000000000000E0,1.00000000000000000E0),.UNSPECIFIED.)CURVE()GEOMETRIC_REPRESENTATION_ITEM()RATIONAL_B_SPLINE_CURVE((1.00000000000000000E0,7.07106781186547573E-1,1.00000000000000000E0))REPRESENTATION_ITEM(''));
#333=CARTESIAN_POINT('',(0.00000000000000000E0,-1.00000000000000000E1,3.00000000000000000E0));
#334=CARTESIAN_POINT('',(7.86405512630331538E-1,-1.00000000000000000E1,3.00000000000000000E0));
#335=CARTESIAN_POINT('',(1.57134109154076218E0,-9.92299171697228211E0,2.96206262640245077E0));
#336=CARTESIAN_POINT('',(2.34563465651285519E0,-9.76897515091684987E0,2.91293737359754923E0));
#337=CARTESIAN_POINT('',(3.10029036627768839E0,-9.53973968591706978E0,2.87500000000000000E0));
#338=CARTESIAN_POINT('',(3.82683432365089837E0,-9.23879532511286783E0,2.87500000000000000E0));
#339=(BOUNDED_CURVE()B_SPLINE_CURVE(5,(#333,#334,#335,#336,#337,#338),.UNSPECIFIED.,.F.,.F.)B_SPLINE_CURVE_WITH_KNOTS((6,6),(0.00000000000000000E0,1.00000000000000000E0),.UNSPECIFIED.)CURVE()GEOMETRIC_REPRESENTATION_ITEM()RATIONAL_B_SPLINE_CURVE((1.00000000000000000E0,9.92314112161292172E-1,9.88471168241938258E-1,9.88471168241938147E-1,9.92314112161292172E-1,1.00000000000000000E0))REPRESENTATION_ITEM(''));
#340=CARTESIAN_POINT('',(9.56708580912724593E-1,-2.30969883127821696E0,3.00000000000000000E0));
#341=CARTESIAN_POINT('',(7.75072591569422098E-1,-2.38493492147926744E0,3.00000000000000000E0));
#342=CARTESIAN_POINT('',(5.86408664128213797E-1,-2.44224378772921247E0,3.00000000000000000E0));
#343=CARTESIAN_POINT('',(3.92835272885190545E-1,-2.48074792924307053E0,3.00000000000000000E0));
#344=CARTESIAN_POINT('',(1.96601378157582884E-1,-2.50000000000000000E0,3.00000000000000000E0));
#345=CARTESIAN_POINT('',(0.00000000000000000E0,-2.50000000000000000E0,3.00000000000000000E0));
#346=(BOUNDED_CURVE()B_SPLINE_CURVE(5,(#340,#341,#342,#343,#344,#345),.UNSPECIFIED.,.F.,.F.)B_SPLINE_CURVE_WITH_KNOTS((6,6),(0.00000000000000000E0,1.00000000000000000E0),.UNSPECIFIED.)CURVE()GEOMETRIC_REPRESENTATION_ITEM()RATIONAL_B_SPLINE_CURVE((1.00000000000000000E0,9.92314112161292172E-1,9.88471168241938147E-1,9.88471168241938258E-1,9.92314112161292172E-1,1.00000000000000000E0))REPRESENTATION_ITEM(''));
#347=CARTESIAN_POINT('',(0.00000000000000000E0,-2.50000000000000000E0,3.00000000000000000E0));
#348=CARTESIAN_POINT('',(0.00000000000000000E0,-1.00000000000000000E1,3.00000000000000000E0));
#349=B_SPLINE_CURVE_WITH_KNOTS('',1,(#347,#348),.UNSPECIFIED.,.F.,.F.,(2,2),(0.00000000000000000E0,1.00000000000000000E0),.UNSPECIFIED.);
#350=CARTESIAN_POINT('',(3.82683432365089837E0,-9.23879532511286783E0,0.00000000000000000E0));
#351=CARTESIAN_POINT('',(3.10029036627768839E0,-9.53973968591706978E0,0.00000000000000000E0));
#352=CARTESIAN_POINT('',(2.34563465651285519E0,-9.76897515091684987E0,0.00000000000000000E0));
#353=CARTESIAN_POINT('',(1.57134109154076218E0,-9.92299171697228211E0,0.00000000000000000E0));
#354=CARTESIAN_POINT('',(7.86405512630331538E-1,-1.00000000000000000E1,0.00000000000000000E0));
#355=CARTESIAN_POINT('',(0.00000000000000000E0,-1.00000000000000000E1,0.00000000000000000E0));
#356=(BOUNDED_CURVE()B_SPLINE_CURVE(5,(#350,#351,#352,#353,#354,#355),.UNSPECIFIED.,.F.,.F.)B_SPLINE_CURVE_WITH_KNOTS((6,6),(0.00000000000000000E0,1.00000000000000000E0),.UNSPECIFIED.)CURVE()GEOMETRIC_REPRESENTATION_ITEM()RATIONAL_B_SPLINE_CURVE((1.00000000000000000E0,9.92314112161292172E-1,9.88471168241938147E-1,9.88471168241938258E-1,9.92314112161292172E-1,1.00000000000000000E0))REPRESENTATION_ITEM(''));
#357=CARTESIAN_POINT('',(0.00000000000000000E0,-1.00000000000000000E1,0.00000000000000000E0));
#358=CARTESIAN_POINT('',(0.00000000000000000E0,-1.00000000000000000E1,3.00000000000000000E0));
#359=B_SPLINE_CURVE_WITH_KNOTS('',1,(#357,#358),.UNSPECIFIED.,.F.,.F.,(2,2),(0.00000000000000000E0,1.00000000000000000E0),.UNSPECIFIED.);
#360=CARTESIAN_POINT('',(9.56708580912724593E-1,-2.30969883127821696E0,0.00000000000000000E0));
#361=CARTESIAN_POINT('',(7.75072591569422098E-1,-2.38493492147926744E0,0.00000000000000000E0));
#362=CARTESIAN_POINT('',(5.86408664128213797E-1,-2.44224378772921247E0,0.00000000000000000E0));
#363=CARTESIAN_POINT('',(3.92835272885190545E-1,-2.48074792924307053E0,0.00000000000000000E0));
#364=CARTESIAN_POINT('',(1.96601378157582884E-1,-2.50000000000000000E0,0.00000000000000000E0));
#365=CARTESIAN_POINT('',(0.00000000000000000E0,-2.50000000000000000E0,0.00000000000000000E0));
#366=(BOUNDED_CURVE()B_SPLINE_CURVE(5,(#360,#361,#362,#363,#364,#365),.UNSPECIFIED.,.F.,.F.)B_SPLINE_CURVE_WITH_KNOTS((6,6),(0.00000000000000000E0,1.00000000000000000E0),.UNSPECIFIED.)CURVE()GEOMETRIC_REPRESENTATION_ITEM()RATIONAL_B_SPLINE_CURVE((1.00000000000000000E0,9.92314112161292172E-1,9.88471168241938147E-1,9.88471168241938258E-1,9.92314112161292172E-1,1.00000000000000000E0))REPRESENTATION_ITEM(''));
#367=CARTESIAN_POINT('',(0.00000000000000000E0,-2.50000000000000000E0,0.00000000000000000E0));
#368=CARTESIAN_POINT('',(0.00000000000000000E0,-2.50000000000000000E0,3.00000000000000000E0));
#369=B_SPLINE_CURVE_WITH_KNOTS('',1,(#367,#368),.UNSPECIFIED.,.F.,.F.,(2,2),(0.00000000000000000E0,1.00000000000000000E0),.UNSPECIFIED.);
#370=CARTESIAN_POINT('',(0.00000000000000000E0,-2.50000000000000000E0,0.00000000000000000E0));
#371=CARTESIAN_POINT('',(0.00000000000000000E0,-1.00000000000000000E1,0.00000000000000000E0));
#372=B_SPLINE_CURVE_WITH_KNOTS('',1,(#370,#371),.UNSPECIFIED.,.F.,.F.,(2,2),(0.00000000000000000E0,1.00000000000000000E0),.UNSPECIFIED.);
#373=CARTESIAN_POINT('',(0.00000000000000000E0,-2.50000000000000000E0,3.00000000000000000E0));
#374=CARTESIAN_POINT('',(-2.49999999999999956E0,-2.50000000000000000E0,3.00000000000000000E0));
#375=CARTESIAN_POINT('',(-2.50000000000000000E0,0.00000000000000000E0,3.00000000000000000E0));
#376=(BOUNDED_CURVE()B_SPLINE_CURVE(2,(#373,#374,#375),.UNSPECIFIED.,.F.,.F.)B_SPLINE_CURVE_WITH_KNOTS((3,3),(0.00000000000000000E0,1.00000000000000000E0),.UNSPECIFIED.)CURVE()GEOMETRIC_REPRESENTATION_ITEM()RATIONAL_B_SPLINE_CURVE((1.00000000000000000E0,7.07106781186547573E-1,1.00000000000000000E0))REPRESENTATION_ITEM(''));
#377=CARTESIAN_POINT('',(-2.50000000000000000E0,0.00000000000000000E0,3.00000000000000000E0));
#378=CARTESIAN_POINT('',(-1.00000000000000000E1,0.00000000000000000E0,3.00000000000000000E0));
#379=B_SPLINE_CURVE_WITH_KNOTS('',1,(#377,#378),.UNSPECIFIED.,.F.,.F.,(2,2),(0.00000000000000000E0,1.00000000000000000E0),.UNSPECIFIED.);
#380=CARTESIAN_POINT('',(-1.00000000000000000E1,0.00000000000000000E0,3.00000000000000000E0));
#381=CARTESIAN_POINT('',(-9.99999999999999822E0,-1.00000000000000000E1,3.00000000000000000E0));
#382=CARTESIAN_POINT('',(0.00000000000000000E0,-1.00000000000000000E1,3.00000000000000000E0));
#383=(BOUNDED_CURVE()B_SPLINE_CURVE(2,(#380,#381,#382),.UNSPECIFIED.,.F.,.F.)B_SPLINE_CURVE_WITH_KNOTS((3,3),(0.00000000000000000E0,1.00000000000000000E0),.UNSPECIFIED.)CURVE()GEOMETRIC_REPRESENTATION_ITEM()RATIONAL_B_SPLINE_CURVE((1.00000000000000000E0,7.07106781186547573E-1,1.00000000000000000E0))REPRESENTATION_ITEM(''));
#384=CARTESIAN_POINT('',(0.00000000000000000E0,-1.00000000000000000E1,0.00000000000000000E0));
#385=CARTESIAN_POINT('',(-9.99999999999999822E0,-1.00000000000000000E1,0.00000000000000000E0));
#386=CARTESIAN_POINT('',(-1.00000000000000000E1,0.00000000000000000E0,0.00000000000000000E0));
#387=(BOUNDED_CURVE()B_SPLINE_CURVE(2,(#384,#385,#386),.UNSPECIFIED.,.F.,.F.)B_SPLINE_CURVE_WITH_KNOTS((3,3),(0.00000000000000000E0,1.00000000000000000E0),.UNSPECIFIED.)CURVE()GEOMETRIC_REPRESENTATION_ITEM()RATIONAL_B_SPLINE_CURVE((1.00000000000000000E0,7.07106781186547573E-1,1.00000000000000000E0))REPRESENTATION_ITEM(''));
#388=CARTESIAN_POINT('',(-1.00000000000000000E1,0.00000000000000000E0,0.00000000000000000E0));
#389=CARTESIAN_POINT('',(-1.00000000000000000E1,0.00000000000000000E0,3.00000000000000000E0));
#390=B_SPLINE_CURVE_WITH_KNOTS('',1,(#388,#389),.UNSPECIFIED.,.F.,.F.,(2,2),(0.00000000000000000E0,1.00000000000000000E0),.UNSPECIFIED.);
#391=CARTESIAN_POINT('',(0.00000000000000000E0,-2.50000000000000000E0,0.00000000000000000E0));
#392=CARTESIAN_POINT('',(-2.49999999999999956E0,-2.50000000000000000E0,0.00000000000000000E0));
#393=CARTESIAN_POINT('',(-2.50000000000000000E0,0.00000000000000000E0,0.00000000000000000E0));
#394=(BOUNDED_CURVE()B_SPLINE_CURVE(2,(#391,#392,#393),.UNSPECIFIED.,.F.,.F.)B_SPLINE_CURVE_WITH_KNOTS((3,3),(0.00000000000000000E0,1.00000000000000000E0),.UNSPECIFIED.)CURVE()GEOMETRIC_REPRESENTATION_ITEM()RATIONAL_B_SPLINE_CURVE((1.00000000000000000E0,7.07106781186547573E-1,1.00000000000000000E0))REPRESENTATION_ITEM(''));
#395=CARTESIAN_POINT('',(-2.50000000000000000E0,0.00000000000000000E0,0.00000000000000000E0));
#396=CARTESIAN_POINT('',(-2.50000000000000000E0,0.00000000000000000E0,3.00000000000000000E0));
#397=B_SPLINE_CURVE_WITH_KNOTS('',1,(#395,#396),.UNSPECIFIED.,.F.,.F.,(2,2),(0.00000000000000000E0,1.00000000000000000E0),.UNSPECIFIED.);
#398=CARTESIAN_POINT('',(-2.50000000000000000E0,0.00000000000000000E0,0.00000000000000000E0));
#399=CARTESIAN_POINT('',(-1.00000000000000000E1,0.00000000000000000E0,0.00000000000000000E0));
#400=B_SPLINE_CURVE_WITH_KNOTS('',1,(#398,#399),.UNSPECIFIED.,.F.,.F.,(2,2),(0.00000000000000000E0,1.00000000000000000E0),.UNSPECIFIED.);
#401=CARTESIAN_POINT('',(-2.50000000000000000E0,0.00000000000000000E0,3.00000000000000000E0));
#402=CARTESIAN_POINT('',(-2.50000000000000044E0,2.49999999999999956E0,3.00000000000000000E0));
#403=CARTESIAN_POINT('',(0.00000000000000000E0,2.50000000000000000E0,3.00000000000000000E0));
#404=(BOUNDED_CURVE()B_SPLINE_CURVE(2,(#401,#402,#403),.UNSPECIFIED.,.F.,.F.)B_SPLINE_CURVE_WITH_KNOTS((3,3),(0.00000000000000000E0,1.00000000000000000E0),.UNSPECIFIED.)CURVE()GEOMETRIC_REPRESENTATION_ITEM()RATIONAL_B_SPLINE_CURVE((1.00000000000000000E0,7.07106781186547573E-1,1.00000000000000000E0))REPRESENTATION_ITEM(''));
#405=CARTESIAN_POINT('',(0.00000000000000000E0,2.50000000000000000E0,3.00000000000000000E0));
#406=CARTESIAN_POINT('',(0.00000000000000000E0,1.00000000000000000E1,3.00000000000000000E0));
#407=B_SPLINE_CURVE_WITH_KNOTS('',1,(#405,#406),.UNSPECIFIED.,.F.,.F.,(2,2),(0.00000000000000000E0,1.00000000000000000E0),.UNSPECIFIED.);
#408=CARTESIAN_POINT('',(0.00000000000000000E0,1.00000000000000000E1,3.00000000000000000E0));
#409=CARTESIAN_POINT('',(-1.00000000000000018E1,9.99999999999999822E0,3.00000000000000000E0));
#410=CARTESIAN_POINT('',(-1.00000000000000000E1,0.00000000000000000E0,3.00000000000000000E0));
#411=(BOUNDED_CURVE()B_SPLINE_CURVE(2,(#408,#409,#410),.UNSPECIFIED.,.F.,.F.)B_SPLINE_CURVE_WITH_KNOTS((3,3),(0.00000000000000000E0,1.00000000000000000E0),.UNSPECIFIED.)CURVE()GEOMETRIC_REPRESENTATION_ITEM()RATIONAL_B_SPLINE_CURVE((1.00000000000000000E0,7.07106781186547573E-1,1.00000000000000000E0))REPRESENTATION_ITEM(''));
#412=CARTESIAN_POINT('',(-1.00000000000000000E1,0.00000000000000000E0,0.00000000000000000E0));
#413=CARTESIAN_POINT('',(-1.00000000000000018E1,9.99999999999999822E0,0.00000000000000000E0));
#414=CARTESIAN_POINT('',(0.00000000000000000E0,1.00000000000000000E1,0.00000000000000000E0));
#415=(BOUNDED_CURVE()B_SPLINE_CURVE(2,(#412,#413,#414),.UNSPECIFIED.,.F.,.F.)B_SPLINE_CURVE_WITH_KNOTS((3,3),(0.00000000000000000E0,1.00000000000000000E0),.UNSPECIFIED.)CURVE()GEOMETRIC_REPRESENTATION_ITEM()RATIONAL_B_SPLINE_CURVE((1.00000000000000000E0,7.07106781186547573E-1,1.00000000000000000E0))REPRESENTATION_ITEM(''));
#416=CARTESIAN_POINT('',(0.00000000000000000E0,1.00000000000000000E1,0.00000000000000000E0));
#417=CARTESIAN_POINT('',(0.00000000000000000E0,1.00000000000000000E1,3.00000000000000000E0));
#418=B_SPLINE_CURVE_WITH_KNOTS('',1,(#416,#417),.UNSPECIFIED.,.F.,.F.,(2,2),(0.00000000000000000E0,1.00000000000000000E0),.UNSPECIFIED.);
#419=CARTESIAN_POINT('',(-2.50000000000000000E0,0.00000000000000000E0,0.00000000000000000E0));
#420=CARTESIAN_POINT('',(-2.50000000000000044E0,2.49999999999999956E0,0.00000000000000000E0));
#421=CARTESIAN_POINT('',(0.00000000000000000E0,2.50000000000000000E0,0.00000000000000000E0));
#422=(BOUNDED_CURVE()B_SPLINE_CURVE(2,(#419,#420,#421),.UNSPECIFIED.,.F.,.F.)B_SPLINE_CURVE_WITH_KNOTS((3,3),(0.00000000000000000E0,1.00000000000000000E0),.UNSPECIFIED.)CURVE()GEOMETRIC_REPRESENTATION_ITEM()RATIONAL_B_SPLINE_CURVE((1.00000000000000000E0,7.07106781186547573E-1,1.00000000000000000E0))REPRESENTATION_ITEM(''));
#423=CARTESIAN_POINT('',(0.00000000000000000E0,2.50000000000000000E0,0.00000000000000000E0));
#424=CARTESIAN_POINT('',(0.00000000000000000E0,2.50000000000000000E0,3.00000000000000000E0));
#425=B_SPLINE_CURVE_WITH_KNOTS('',1,(#423,#424),.UNSPECIFIED.,.F.,.F.,(2,2),(0.00000000000000000E0,1.00000000000000000E0),.UNSPECIFIED.);
#426=CARTESIAN_POINT('',(0.00000000000000000E0,2.50000000000000000E0,0.00000000000000000E0));
#427=CARTESIAN_POINT('',(0.00000000000000000E0,1.00000000000000000E1,0.00000000000000000E0));
#428=B_SPLINE_CURVE_WITH_KNOTS('',1,(#426,#427),.UNSPECIFIED.,.F.,.F.,(2,2),(0.00000000000000000E0,1.00000000000000000E0),.UNSPECIFIED.);
#429=CARTESIAN_POINT('',(0.00000000000000000E0,2.50000000000000000E0,3.00000000000000000E0));
#430=CARTESIAN_POINT('',(2.49999999999999911E0,2.50000000000000044E0,3.00000000000000000E0));
#431=CARTESIAN_POINT('',(2.50000000000000000E0,0.00000000000000000E0,3.00000000000000000E0));
#432=(BOUNDED_CURVE()B_SPLINE_CURVE(2,(#429,#430,#431),.UNSPECIFIED.,.F.,.F.)B_SPLINE_CURVE_WITH_KNOTS((3,3),(0.00000000000000000E0,1.00000000000000000E0),.UNSPECIFIED.)CURVE()GEOMETRIC_REPRESENTATION_ITEM()RATIONAL_B_SPLINE_CURVE((1.00000000000000000E0,7.07106781186547573E-1,1.00000000000000000E0))REPRESENTATION_ITEM(''));
#433=CARTESIAN_POINT('',(1.00000000000000000E1,0.00000000000000000E0,3.00000000000000000E0));
#434=CARTESIAN_POINT('',(9.99999999999999645E0,1.00000000000000018E1,3.00000000000000000E0));
#435=CARTESIAN_POINT('',(0.00000000000000000E0,1.00000000000000000E1,3.00000000000000000E0));
#436=(BOUNDED_CURVE()B_SPLINE_CURVE(2,(#433,#434,#435),.UNSPECIFIED.,.F.,.F.)B_SPLINE_CURVE_WITH_KNOTS((3,3),(0.00000000000000000E0,1.00000000000000000E0),.UNSPECIFIED.)CURVE()GEOMETRIC_REPRESENTATION_ITEM()RATIONAL_B_SPLINE_CURVE((1.00000000000000000E0,7.07106781186547573E-1,1.00000000000000000E0))REPRESENTATION_ITEM(''));
#437=CARTESIAN_POINT('',(0.00000000000000000E0,1.00000000000000000E1,0.00000000000000000E0));
#438=CARTESIAN_POINT('',(9.99999999999999645E0,1.00000000000000018E1,0.00000000000000000E0));
#439=CARTESIAN_POINT('',(1.00000000000000000E1,0.00000000000000000E0,0.00000000000000000E0));
#440=(BOUNDED_CURVE()B_SPLINE_CURVE(2,(#437,#438,#439),.UNSPECIFIED.,.F.,.F.)B_SPLINE_CURVE_WITH_KNOTS((3,3),(0.00000000000000000E0,1.00000000000000000E0),.UNSPECIFIED.)CURVE()GEOMETRIC_REPRESENTATION_ITEM()RATIONAL_B_SPLINE_CURVE((1.00000000000000000E0,7.07106781186547573E-1,1.00000000000000000E0))REPRESENTATION_ITEM(''));
#441=CARTESIAN_POINT('',(0.00000000000000000E0,2.50000000000000000E0,0.00000000000000000E0));
#442=CARTESIAN_POINT('',(2.49999999999999911E0,2.50000000000000044E0,0.00000000000000000E0));
#443=CARTESIAN_POINT('',(2.50000000000000000E0,0.00000000000000000E0,0.00000000000000000E0));
#444=(BOUNDED_CURVE()B_SPLINE_CURVE(2,(#441,#442,#443),.UNSPECIFIED.,.F.,.F.)B_SPLINE_CURVE_WITH_KNOTS((3,3),(0.00000000000000000E0,1.00000000000000000E0),.UNSPECIFIED.)CURVE()GEOMETRIC_REPRESENTATION_ITEM()RATIONAL_B_SPLINE_CURVE((1.00000000000000000E0,7.07106781186547573E-1,1.00000000000000000E0))REPRESENTATION_ITEM(''));
#445=(GEOMETRIC_REPRESENTATION_CONTEXT(2)REPRESENTATION_CONTEXT('','2D'));
#446=CARTESIAN_POINT('',(0.00000000000000000E0,0.00000000000000000E0));
#447=CARTESIAN_POINT('',(1.00000000000000000E0,0.00000000000000000E0));
#448=B_SPLINE_CURVE_WITH_KNOTS('',1,(#446,#447),.UNSPECIFIED.,.F.,.F.,(2,2),(0.00000000000000000E0,1.00000000000000000E0),.UNSPECIFIED.);
#449=DEFINITIONAL_REPRESENTATION('',(#448),#445);
#450=PCURVE('',#71,#449);
#451=CARTESIAN_POINT('',(1.00000000000000000E0,0.00000000000000000E0));
#452=CARTESIAN_POINT('',(1.00000000000000000E0,1.00000000000000000E0));
#453=B_SPLINE_CURVE_WITH_KNOTS('',1,(#451,#452),.UNSPECIFIED.,.F.,.F.,(2,2),(0.00000000000000000E0,1.00000000000000000E0),.UNSPECIFIED.);
#454=DEFINITIONAL_REPRESENTATION('',(#453),#445);
#455=PCURVE('',#71,#454);
#456=CARTESIAN_POINT('',(1.00000000000000000E0,1.00000000000000000E0));
#457=CARTESIAN_POINT('',(0.00000000000000000E0,1.00000000000000000E0));
#458=B_SPLINE_CURVE_WITH_KNOTS('',1,(#456,#457),.UNSPECIFIED.,.F.,.F.,(2,2),(0.00000000000000000E0,1.00000000000000000E0),.UNSPECIFIED.);
#459=DEFINITIONAL_REPRESENTATION('',(#458),#445);
#460=PCURVE('',#71,#459);
#461=CARTESIAN_POINT('',(0.00000000000000000E0,1.00000000000000000E0));
#462=CARTESIAN_POINT('',(0.00000000000000000E0,0.00000000000000000E0));
#463=B_SPLINE_CURVE_WITH_KNOTS('',1,(#461,#462),.UNSPECIFIED.,.F.,.F.,(2,2),(0.00000000000000000E0,1.00000000000000000E0),.UNSPECIFIED.);
#464=DEFINITIONAL_REPRESENTATION('',(#463),#445);
#465=PCURVE('',#71,#464);
#466=CARTESIAN_POINT('',(1.00000000000000000E0,5.00000000000000000E-1));
#467=CARTESIAN_POINT('',(6.25000000000000000E-1,5.00000000000000000E-1));
#468=B_SPLINE_CURVE_WITH_KNOTS('',1,(#466,#467),.UNSPECIFIED.,.F.,.F.,(2,2),(0.00000000000000000E0,1.00000000000000000E0),.UNSPECIFIED.);
#469=DEFINITIONAL_REPRESENTATION('',(#468),#445);
#470=PCURVE('',#76,#469);
#471=CARTESIAN_POINT('',(6.25000000000000000E-1,5.00000000000000000E-1));
#472=CARTESIAN_POINT('',(6.25000000000000000E-1,4.90169931092120870E-1));
#473=CARTESIAN_POINT('',(6.24037396462153504E-1,4.80358236355740487E-1));
#474=CARTESIAN_POINT('',(6.22112189386460512E-1,4.70679566793589299E-1));
#475=CARTESIAN_POINT('',(6.19246746073963350E-1,4.61246370421528884E-1));
#476=CARTESIAN_POINT('',(6.15484941563910870E-1,4.52164570954363743E-1));
#477=(BOUNDED_CURVE()B_SPLINE_CURVE(5,(#471,#472,#473,#474,#475,#476),.UNSPECIFIED.,.F.,.F.)B_SPLINE_CURVE_WITH_KNOTS((6,6),(0.00000000000000000E0,1.00000000000000000E0),.UNSPECIFIED.)CURVE()GEOMETRIC_REPRESENTATION_ITEM()RATIONAL_B_SPLINE_CURVE((1.00000000000000000E0,9.92314112161292172E-1,9.88471168241938147E-1,9.88471168241938258E-1,9.92314112161292172E-1,1.00000000000000000E0))REPRESENTATION_ITEM(''));
#478=DEFINITIONAL_REPRESENTATION('',(#477),#445);
#479=PCURVE('',#76,#478);
#480=CARTESIAN_POINT('',(6.15484941563910870E-1,4.52164570954363743E-1));
#481=CARTESIAN_POINT('',(9.56165519177447742E-1,3.11050055269736947E-1));
#482=B_SPLINE_CURVE_WITH_KNOTS('',1,(#480,#481),.UNSPECIFIED.,.F.,.F.,(2,2),(0.00000000000000000E0,1.00000000000000000E0),.UNSPECIFIED.);
#483=DEFINITIONAL_REPRESENTATION('',(#482),#445);
#484=PCURVE('',#76,#483);
#485=CARTESIAN_POINT('',(9.56165519177447742E-1,3.11050055269736947E-1));
#486=CARTESIAN_POINT('',(9.71024646992155405E-1,3.46923163165039128E-1));
#487=CARTESIAN_POINT('',(9.84095626225719888E-1,3.83458388617516466E-1));
#488=CARTESIAN_POINT('',(9.94252717168736644E-1,4.21432945422961835E-1));
#489=CARTESIAN_POINT('',(1.00000000000000000E0,4.60679724368483423E-1));
#490=CARTESIAN_POINT('',(1.00000000000000000E0,5.00000000000000000E-1));
#491=(BOUNDED_CURVE()B_SPLINE_CURVE(5,(#485,#486,#487,#488,#489,#490),.UNSPECIFIED.,.F.,.F.)B_SPLINE_CURVE_WITH_KNOTS((6,6),(0.00000000000000000E0,1.00000000000000000E0),.UNSPECIFIED.)CURVE()GEOMETRIC_REPRESENTATION_ITEM()RATIONAL_B_SPLINE_CURVE((1.00000000000000000E0,9.92314112161292172E-1,9.88471168241938258E-1,9.88471168241938147E-1,9.92314112161292172E-1,1.00000000000000000E0))REPRESENTATION_ITEM(''));
#492=DEFINITIONAL_REPRESENTATION('',(#491),#445);
#493=PCURVE('',#76,#492);
#494=CARTESIAN_POINT('',(1.00000000000000000E0,0.00000000000000000E0));
#495=CARTESIAN_POINT('',(1.00000000000000000E0,1.00000000000000000E0));
#496=B_SPLINE_CURVE_WITH_KNOTS('',1,(#494,#495),.UNSPECIFIED.,.F.,.F.,(2,2),(0.00000000000000000E0,1.00000000000000000E0),.UNSPECIFIED.);
#497=DEFINITIONAL_REPRESENTATION('',(#496),#445);
#498=PCURVE('',#89,#497);
#499=CARTESIAN_POINT('',(1.00000000000000000E0,1.00000000000000000E0));
#500=CARTESIAN_POINT('',(6.66666666666666741E-1,1.00000000000000000E0));
#501=CARTESIAN_POINT('',(3.33333333333333370E-1,9.58333333333333370E-1));
#502=CARTESIAN_POINT('',(0.00000000000000000E0,9.58333333333333370E-1));
#503=B_SPLINE_CURVE_WITH_KNOTS('',3,(#499,#500,#501,#502),.UNSPECIFIED.,.F.,.F.,(4,4),(0.00000000000000000E0,1.00000000000000000E0),.UNSPECIFIED.);
#504=DEFINITIONAL_REPRESENTATION('',(#503),#445);
#505=PCURVE('',#89,#504);
#506=CARTESIAN_POINT('',(0.00000000000000000E0,9.58333333333333370E-1));
#507=CARTESIAN_POINT('',(0.00000000000000000E0,0.00000000000000000E0));
#508=B_SPLINE_CURVE_WITH_KNOTS('',1,(#506,#507),.UNSPECIFIED.,.F.,.F.,(2,2),(0.00000000000000000E0,1.00000000000000000E0),.UNSPECIFIED.);
#509=DEFINITIONAL_REPRESENTATION('',(#508),#445);
#510=PCURVE('',#89,#509);
#511=CARTESIAN_POINT('',(0.00000000000000000E0,0.00000000000000000E0));
#512=CARTESIAN_POINT('',(1.00000000000000000E0,0.00000000000000000E0));
#513=B_SPLINE_CURVE_WITH_KNOTS('',1,(#511,#512),.UNSPECIFIED.,.F.,.F.,(2,2),(0.00000000000000000E0,1.00000000000000000E0),.UNSPECIFIED.);
#514=DEFINITIONAL_REPRESENTATION('',(#513),#445);
#515=PCURVE('',#89,#514);
#516=CARTESIAN_POINT('',(0.00000000000000000E0,0.00000000000000000E0));
#517=CARTESIAN_POINT('',(1.00000000000000000E0,0.00000000000000000E0));
#518=B_SPLINE_CURVE_WITH_KNOTS('',1,(#516,#517),.UNSPECIFIED.,.F.,.F.,(2,2),(0.00000000000000000E0,1.00000000000000000E0),.UNSPECIFIED.);
#519=DEFINITIONAL_REPRESENTATION('',(#518),#445);
#520=PCURVE('',#102,#519);
#521=CARTESIAN_POINT('',(1.00000000000000000E0,0.00000000000000000E0));
#522=CARTESIAN_POINT('',(1.00000000000000000E0,1.00000000000000000E0));
#523=B_SPLINE_CURVE_WITH_KNOTS('',1,(#521,#522),.UNSPECIFIED.,.F.,.F.,(2,2),(0.00000000000000000E0,1.00000000000000000E0),.UNSPECIFIED.);
#524=DEFINITIONAL_REPRESENTATION('',(#523),#445);
#525=PCURVE('',#102,#524);
#526=CARTESIAN_POINT('',(1.00000000000000000E0,1.00000000000000000E0));
#527=CARTESIAN_POINT('',(0.00000000000000000E0,1.00000000000000000E0));
#528=B_SPLINE_CURVE_WITH_KNOTS('',1,(#526,#527),.UNSPECIFIED.,.F.,.F.,(2,2),(0.00000000000000000E0,1.00000000000000000E0),.UNSPECIFIED.);
#529=DEFINITIONAL_REPRESENTATION('',(#528),#445);
#530=PCURVE('',#102,#529);
#531=CARTESIAN_POINT('',(0.00000000000000000E0,1.00000000000000000E0));
#532=CARTESIAN_POINT('',(0.00000000000000000E0,0.00000000000000000E0));
#533=B_SPLINE_CURVE_WITH_KNOTS('',1,(#531,#532),.UNSPECIFIED.,.F.,.F.,(2,2),(0.00000000000000000E0,1.00000000000000000E0),.UNSPECIFIED.);
#534=DEFINITIONAL_REPRESENTATION('',(#533),#445);
#535=PCURVE('',#102,#534);
#536=CARTESIAN_POINT('',(0.00000000000000000E0,5.00000000000000000E-1));
#537=CARTESIAN_POINT('',(0.00000000000000000E0,4.60679724368483423E-1));
#538=CARTESIAN_POINT('',(3.85041415138576149E-3,4.21432945422961835E-1));
#539=CARTESIAN_POINT('',(1.15512424541576175E-2,3.82718267174357307E-1));
#540=CARTESIAN_POINT('',(2.30130157041464889E-2,3.44985481686115592E-1));
#541=CARTESIAN_POINT('',(3.80602337443566308E-2,3.08658283817455081E-1));
#542=(BOUNDED_CURVE()B_SPLINE_CURVE(5,(#536,#537,#538,#539,#540,#541),.UNSPECIFIED.,.F.,.F.)B_SPLINE_CURVE_WITH_KNOTS((6,6),(0.00000000000000000E0,1.00000000000000000E0),.UNSPECIFIED.)CURVE()GEOMETRIC_REPRESENTATION_ITEM()RATIONAL_B_SPLINE_CURVE((1.00000000000000000E0,9.92314112161292172E-1,9.88471168241938147E-1,9.88471168241938258E-1,9.92314112161292172E-1,1.00000000000000000E0))REPRESENTATION_ITEM(''));
#543=DEFINITIONAL_REPRESENTATION('',(#542),#445);
#544=PCURVE('',#107,#543);
#545=CARTESIAN_POINT('',(3.80602337443566308E-2,3.08658283817455081E-1));
#546=CARTESIAN_POINT('',(3.84515058436089130E-1,4.52164570954363743E-1));
#547=B_SPLINE_CURVE_WITH_KNOTS('',1,(#545,#546),.UNSPECIFIED.,.F.,.F.,(2,2),(0.00000000000000000E0,1.00000000000000000E0),.UNSPECIFIED.);
#548=DEFINITIONAL_REPRESENTATION('',(#547),#445);
#549=PCURVE('',#107,#548);
#550=CARTESIAN_POINT('',(3.84515058436089130E-1,4.52164570954363743E-1));
#551=CARTESIAN_POINT('',(3.80753253926036650E-1,4.61246370421528884E-1));
#552=CARTESIAN_POINT('',(3.77887810613539488E-1,4.70679566793589299E-1));
#553=CARTESIAN_POINT('',(3.75962603537846496E-1,4.80358236355740487E-1));
#554=CARTESIAN_POINT('',(3.75000000000000000E-1,4.90169931092120870E-1));
#555=CARTESIAN_POINT('',(3.75000000000000000E-1,5.00000000000000000E-1));
#556=(BOUNDED_CURVE()B_SPLINE_CURVE(5,(#550,#551,#552,#553,#554,#555),.UNSPECIFIED.,.F.,.F.)B_SPLINE_CURVE_WITH_KNOTS((6,6),(0.00000000000000000E0,1.00000000000000000E0),.UNSPECIFIED.)CURVE()GEOMETRIC_REPRESENTATION_ITEM()RATIONAL_B_SPLINE_CURVE((1.00000000000000000E0,9.92314112161292172E-1,9.88471168241938258E-1,9.88471168241938147E-1,9.92314112161292172E-1,1.00000000000000000E0))REPRESENTATION_ITEM(''));
#557=DEFINITIONAL_REPRESENTATION('',(#556),#445);
#558=PCURVE('',#107,#557);
#559=CARTESIAN_POINT('',(3.75000000000000000E-1,5.00000000000000000E-1));
#560=CARTESIAN_POINT('',(0.00000000000000000E0,5.00000000000000000E-1));
#561=B_SPLINE_CURVE_WITH_KNOTS('',1,(#559,#560),.UNSPECIFIED.,.F.,.F.,(2,2),(0.00000000000000000E0,1.00000000000000000E0),.UNSPECIFIED.);
#562=DEFINITIONAL_REPRESENTATION('',(#561),#445);
#563=PCURVE('',#107,#562);
#564=CARTESIAN_POINT('',(0.00000000000000000E0,0.00000000000000000E0));
#565=CARTESIAN_POINT('',(1.00000000000000000E0,0.00000000000000000E0));
#566=B_SPLINE_CURVE_WITH_KNOTS('',1,(#564,#565),.UNSPECIFIED.,.F.,.F.,(2,2),(0.00000000000000000E0,1.00000000000000000E0),.UNSPECIFIED.);
#567=DEFINITIONAL_REPRESENTATION('',(#566),#445);
#568=PCURVE('',#117,#567);
#569=CARTESIAN_POINT('',(1.00000000000000000E0,0.00000000000000000E0));
#570=CARTESIAN_POINT('',(1.00000000000000000E0,1.00000000000000000E0));
#571=B_SPLINE_CURVE_WITH_KNOTS('',1,(#569,#570),.UNSPECIFIED.,.F.,.F.,(2,2),(0.00000000000000000E0,1.00000000000000000E0),.UNSPECIFIED.);
#572=DEFINITIONAL_REPRESENTATION('',(#571),#445);
#573=PCURVE('',#117,#572);
#574=CARTESIAN_POINT('',(1.00000000000000000E0,1.00000000000000000E0));
#575=CARTESIAN_POINT('',(0.00000000000000000E0,1.00000000000000000E0));
#576=B_SPLINE_CURVE_WITH_KNOTS('',1,(#574,#575),.UNSPECIFIED.,.F.,.F.,(2,2),(0.00000000000000000E0,1.00000000000000000E0),.UNSPECIFIED.);
#577=DEFINITIONAL_REPRESENTATION('',(#576),#445);
#578=PCURVE('',#117,#577);
#579=CARTESIAN_POINT('',(0.00000000000000000E0,1.00000000000000000E0));
#580=CARTESIAN_POINT('',(0.00000000000000000E0,0.00000000000000000E0));
#581=B_SPLINE_CURVE_WITH_KNOTS('',1,(#579,#580),.UNSPECIFIED.,.F.,.F.,(2,2),(0.00000000000000000E0,1.00000000000000000E0),.UNSPECIFIED.);
#582=DEFINITIONAL_REPRESENTATION('',(#581),#445);
#583=PCURVE('',#117,#582);
#584=CARTESIAN_POINT('',(9.56165519177447742E-1,3.11050055269736947E-1));
#585=CARTESIAN_POINT('',(6.15484941563910870E-1,4.52164570954363743E-1));
#586=B_SPLINE_CURVE_WITH_KNOTS('',1,(#584,#585),.UNSPECIFIED.,.F.,.F.,(2,2),(0.00000000000000000E0,1.00000000000000000E0),.UNSPECIFIED.);
#587=DEFINITIONAL_REPRESENTATION('',(#586),#445);
#588=PCURVE('',#76,#587);
#589=CARTESIAN_POINT('',(6.15484941563910870E-1,4.52164570954363743E-1));
#590=CARTESIAN_POINT('',(5.95670858091272515E-1,4.04329141908727596E-1));
#591=CARTESIAN_POINT('',(5.47835429045636202E-1,3.84515058436089130E-1));
#592=(BOUNDED_CURVE()B_SPLINE_CURVE(2,(#589,#590,#591),.UNSPECIFIED.,.F.,.F.)B_SPLINE_CURVE_WITH_KNOTS((3,3),(0.00000000000000000E0,1.00000000000000000E0),.UNSPECIFIED.)CURVE()GEOMETRIC_REPRESENTATION_ITEM()RATIONAL_B_SPLINE_CURVE((1.00000000000000000E0,9.23879532511286738E-1,1.00000000000000000E0))REPRESENTATION_ITEM(''));
#593=DEFINITIONAL_REPRESENTATION('',(#592),#445);
#594=PCURVE('',#76,#593);
#595=CARTESIAN_POINT('',(5.47835429045636202E-1,3.84515058436089130E-1));
#596=CARTESIAN_POINT('',(6.88949944730263164E-1,4.38344808225521881E-2));
#597=B_SPLINE_CURVE_WITH_KNOTS('',1,(#595,#596),.UNSPECIFIED.,.F.,.F.,(2,2),(0.00000000000000000E0,1.00000000000000000E0),.UNSPECIFIED.);
#598=DEFINITIONAL_REPRESENTATION('',(#597),#445);
#599=PCURVE('',#76,#598);
#600=CARTESIAN_POINT('',(6.88949944730263164E-1,4.38344808225521881E-2));
#601=CARTESIAN_POINT('',(8.77899889460526217E-1,1.22100110539473852E-1));
#602=CARTESIAN_POINT('',(9.56165519177447742E-1,3.11050055269736947E-1));
#603=(BOUNDED_CURVE()B_SPLINE_CURVE(2,(#600,#601,#602),.UNSPECIFIED.,.F.,.F.)B_SPLINE_CURVE_WITH_KNOTS((3,3),(0.00000000000000000E0,1.00000000000000000E0),.UNSPECIFIED.)CURVE()GEOMETRIC_REPRESENTATION_ITEM()RATIONAL_B_SPLINE_CURVE((1.00000000000000000E0,9.23879532511286738E-1,1.00000000000000000E0))REPRESENTATION_ITEM(''));
#604=DEFINITIONAL_REPRESENTATION('',(#603),#445);
#605=PCURVE('',#76,#604);
#606=CARTESIAN_POINT('',(1.00000000000000000E0,0.00000000000000000E0));
#607=CARTESIAN_POINT('',(1.00000000000000000E0,9.58333333333333370E-1));
#608=B_SPLINE_CURVE_WITH_KNOTS('',1,(#606,#607),.UNSPECIFIED.,.F.,.F.,(2,2),(0.00000000000000000E0,1.00000000000000000E0),.UNSPECIFIED.);
#609=DEFINITIONAL_REPRESENTATION('',(#608),#445);
#610=PCURVE('',#124,#609);
#611=CARTESIAN_POINT('',(1.00000000000000000E0,9.58333333333333370E-1));
#612=CARTESIAN_POINT('',(0.00000000000000000E0,9.58333333333333370E-1));
#613=B_SPLINE_CURVE_WITH_KNOTS('',1,(#611,#612),.UNSPECIFIED.,.F.,.F.,(2,2),(0.00000000000000000E0,1.00000000000000000E0),.UNSPECIFIED.);
#614=DEFINITIONAL_REPRESENTATION('',(#613),#445);
#615=PCURVE('',#124,#614);
#616=CARTESIAN_POINT('',(0.00000000000000000E0,9.58333333333333370E-1));
#617=CARTESIAN_POINT('',(0.00000000000000000E0,0.00000000000000000E0));
#618=B_SPLINE_CURVE_WITH_KNOTS('',1,(#616,#617),.UNSPECIFIED.,.F.,.F.,(2,2),(0.00000000000000000E0,1.00000000000000000E0),.UNSPECIFIED.);
#619=DEFINITIONAL_REPRESENTATION('',(#618),#445);
#620=PCURVE('',#124,#619);
#621=CARTESIAN_POINT('',(0.00000000000000000E0,0.00000000000000000E0));
#622=CARTESIAN_POINT('',(1.00000000000000000E0,0.00000000000000000E0));
#623=B_SPLINE_CURVE_WITH_KNOTS('',1,(#621,#622),.UNSPECIFIED.,.F.,.F.,(2,2),(0.00000000000000000E0,1.00000000000000000E0),.UNSPECIFIED.);
#624=DEFINITIONAL_REPRESENTATION('',(#623),#445);
#625=PCURVE('',#124,#624);
#626=CARTESIAN_POINT('',(0.00000000000000000E0,0.00000000000000000E0));
#627=CARTESIAN_POINT('',(1.00000000000000000E0,0.00000000000000000E0));
#628=B_SPLINE_CURVE_WITH_KNOTS('',1,(#626,#627),.UNSPECIFIED.,.F.,.F.,(2,2),(0.00000000000000000E0,1.00000000000000000E0),.UNSPECIFIED.);
#629=DEFINITIONAL_REPRESENTATION('',(#628),#445);
#630=PCURVE('',#131,#629);
#631=CARTESIAN_POINT('',(1.00000000000000000E0,0.00000000000000000E0));
#632=CARTESIAN_POINT('',(1.00000000000000000E0,1.00000000000000000E0));
#633=B_SPLINE_CURVE_WITH_KNOTS('',1,(#631,#632),.UNSPECIFIED.,.F.,.F.,(2,2),(0.00000000000000000E0,1.00000000000000000E0),.UNSPECIFIED.);
#634=DEFINITIONAL_REPRESENTATION('',(#633),#445);
#635=PCURVE('',#131,#634);
#636=CARTESIAN_POINT('',(1.00000000000000000E0,1.00000000000000000E0));
#637=CARTESIAN_POINT('',(0.00000000000000000E0,1.00000000000000000E0));
#638=B_SPLINE_CURVE_WITH_KNOTS('',1,(#636,#637),.UNSPECIFIED.,.F.,.F.,(2,2),(0.00000000000000000E0,1.00000000000000000E0),.UNSPECIFIED.);
#639=DEFINITIONAL_REPRESENTATION('',(#638),#445);
#640=PCURVE('',#131,#639);
#641=CARTESIAN_POINT('',(0.00000000000000000E0,1.00000000000000000E0));
#642=CARTESIAN_POINT('',(0.00000000000000000E0,0.00000000000000000E0));
#643=B_SPLINE_CURVE_WITH_KNOTS('',1,(#641,#642),.UNSPECIFIED.,.F.,.F.,(2,2),(0.00000000000000000E0,1.00000000000000000E0),.UNSPECIFIED.);
#644=DEFINITIONAL_REPRESENTATION('',(#643),#445);
#645=PCURVE('',#131,#644);
#646=CARTESIAN_POINT('',(3.80602337443566308E-2,3.08658283817455081E-1));
#647=CARTESIAN_POINT('',(1.17316567634910163E-1,1.17316567634910246E-1));
#648=CARTESIAN_POINT('',(3.08658283817455081E-1,3.80602337443566099E-2));
#649=(BOUNDED_CURVE()B_SPLINE_CURVE(2,(#646,#647,#648),.UNSPECIFIED.,.F.,.F.)B_SPLINE_CURVE_WITH_KNOTS((3,3),(0.00000000000000000E0,1.00000000000000000E0),.UNSPECIFIED.)CURVE()GEOMETRIC_REPRESENTATION_ITEM()RATIONAL_B_SPLINE_CURVE((1.00000000000000000E0,9.23879532511286738E-1,1.00000000000000000E0))REPRESENTATION_ITEM(''));
#650=DEFINITIONAL_REPRESENTATION('',(#649),#445);
#651=PCURVE('',#107,#650);
#652=CARTESIAN_POINT('',(3.08658283817455081E-1,3.80602337443566099E-2));
#653=CARTESIAN_POINT('',(4.52164570954363798E-1,3.84515058436089130E-1));
#654=B_SPLINE_CURVE_WITH_KNOTS('',1,(#652,#653),.UNSPECIFIED.,.F.,.F.,(2,2),(0.00000000000000000E0,1.00000000000000000E0),.UNSPECIFIED.);
#655=DEFINITIONAL_REPRESENTATION('',(#654),#445);
#656=PCURVE('',#107,#655);
#657=CARTESIAN_POINT('',(4.52164570954363798E-1,3.84515058436089130E-1));
#658=CARTESIAN_POINT('',(4.04329141908727485E-1,4.04329141908727596E-1));
#659=CARTESIAN_POINT('',(3.84515058436089130E-1,4.52164570954363743E-1));
#660=(BOUNDED_CURVE()B_SPLINE_CURVE(2,(#657,#658,#659),.UNSPECIFIED.,.F.,.F.)B_SPLINE_CURVE_WITH_KNOTS((3,3),(0.00000000000000000E0,1.00000000000000000E0),.UNSPECIFIED.)CURVE()GEOMETRIC_REPRESENTATION_ITEM()RATIONAL_B_SPLINE_CURVE((1.00000000000000000E0,9.23879532511286738E-1,1.00000000000000000E0))REPRESENTATION_ITEM(''));
#661=DEFINITIONAL_REPRESENTATION('',(#660),#445);
#662=PCURVE('',#107,#661);
#663=CARTESIAN_POINT('',(3.84515058436089130E-1,4.52164570954363743E-1));
#664=CARTESIAN_POINT('',(3.80602337443566308E-2,3.08658283817455081E-1));
#665=B_SPLINE_CURVE_WITH_KNOTS('',1,(#663,#664),.UNSPECIFIED.,.F.,.F.,(2,2),(0.00000000000000000E0,1.00000000000000000E0),.UNSPECIFIED.);
#666=DEFINITIONAL_REPRESENTATION('',(#665),#445);
#667=PCURVE('',#107,#666);
#668=CARTESIAN_POINT('',(0.00000000000000000E0,0.00000000000000000E0));
#669=CARTESIAN_POINT('',(1.00000000000000000E0,0.00000000000000000E0));
#670=B_SPLINE_CURVE_WITH_KNOTS('',1,(#668,#669),.UNSPECIFIED.,.F.,.F.,(2,2),(0.00000000000000000E0,1.00000000000000000E0),.UNSPECIFIED.);
#671=DEFINITIONAL_REPRESENTATION('',(#670),#445);
#672=PCURVE('',#150,#671);
#673=CARTESIAN_POINT('',(1.00000000000000000E0,0.00000000000000000E0));
#674=CARTESIAN_POINT('',(1.00000000000000000E0,1.00000000000000000E0));
#675=B_SPLINE_CURVE_WITH_KNOTS('',1,(#673,#674),.UNSPECIFIED.,.F.,.F.,(2,2),(0.00000000000000000E0,1.00000000000000000E0),.UNSPECIFIED.);
#676=DEFINITIONAL_REPRESENTATION('',(#675),#445);
#677=PCURVE('',#150,#676);
#678=CARTESIAN_POINT('',(1.00000000000000000E0,1.00000000000000000E0));
#679=CARTESIAN_POINT('',(0.00000000000000000E0,1.00000000000000000E0));
#680=B_SPLINE_CURVE_WITH_KNOTS('',1,(#678,#679),.UNSPECIFIED.,.F.,.F.,(2,2),(0.00000000000000000E0,1.00000000000000000E0),.UNSPECIFIED.);
#681=DEFINITIONAL_REPRESENTATION('',(#680),#445);
#682=PCURVE('',#150,#681);
#683=CARTESIAN_POINT('',(0.00000000000000000E0,1.00000000000000000E0));
#684=CARTESIAN_POINT('',(0.00000000000000000E0,0.00000000000000000E0));
#685=B_SPLINE_CURVE_WITH_KNOTS('',1,(#683,#684),.UNSPECIFIED.,.F.,.F.,(2,2),(0.00000000000000000E0,1.00000000000000000E0),.UNSPECIFIED.);
#686=DEFINITIONAL_REPRESENTATION('',(#685),#445);
#687=PCURVE('',#150,#686);
#688=CARTESIAN_POINT('',(6.88949944730263164E-1,4.38344808225521881E-2));
#689=CARTESIAN_POINT('',(5.47835429045636202E-1,3.84515058436089130E-1));
#690=B_SPLINE_CURVE_WITH_KNOTS('',1,(#688,#689),.UNSPECIFIED.,.F.,.F.,(2,2),(0.00000000000000000E0,1.00000000000000000E0),.UNSPECIFIED.);
#691=DEFINITIONAL_REPRESENTATION('',(#690),#445);
#692=PCURVE('',#76,#691);
#693=CARTESIAN_POINT('',(5.47835429045636202E-1,3.84515058436089130E-1));
#694=CARTESIAN_POINT('',(5.38753629578471172E-1,3.80753253926036650E-1));
#695=CARTESIAN_POINT('',(5.29320433206410756E-1,3.77887810613539377E-1));
#696=CARTESIAN_POINT('',(5.19641763644259513E-1,3.75962603537846440E-1));
#697=CARTESIAN_POINT('',(5.09830068907879186E-1,3.75000000000000000E-1));
#698=CARTESIAN_POINT('',(5.00000000000000000E-1,3.75000000000000000E-1));
#699=(BOUNDED_CURVE()B_SPLINE_CURVE(5,(#693,#694,#695,#696,#697,#698),.UNSPECIFIED.,.F.,.F.)B_SPLINE_CURVE_WITH_KNOTS((6,6),(0.00000000000000000E0,1.00000000000000000E0),.UNSPECIFIED.)CURVE()GEOMETRIC_REPRESENTATION_ITEM()RATIONAL_B_SPLINE_CURVE((1.00000000000000000E0,9.92314112161292172E-1,9.88471168241938147E-1,9.88471168241938258E-1,9.92314112161292172E-1,1.00000000000000000E0))REPRESENTATION_ITEM(''));
#700=DEFINITIONAL_REPRESENTATION('',(#699),#445);
#701=PCURVE('',#76,#700);
#702=CARTESIAN_POINT('',(5.00000000000000000E-1,3.75000000000000000E-1));
#703=CARTESIAN_POINT('',(5.00000000000000000E-1,0.00000000000000000E0));
#704=B_SPLINE_CURVE_WITH_KNOTS('',1,(#702,#703),.UNSPECIFIED.,.F.,.F.,(2,2),(0.00000000000000000E0,1.00000000000000000E0),.UNSPECIFIED.);
#705=DEFINITIONAL_REPRESENTATION('',(#704),#445);
#706=PCURVE('',#76,#705);
#707=CARTESIAN_POINT('',(5.00000000000000000E-1,0.00000000000000000E0));
#708=CARTESIAN_POINT('',(5.39320275631516521E-1,0.00000000000000000E0));
#709=CARTESIAN_POINT('',(5.78567054577038165E-1,5.74728283126333360E-3));
#710=CARTESIAN_POINT('',(6.16541611382483534E-1,1.59043737742800666E-2));
#711=CARTESIAN_POINT('',(6.53076836834960872E-1,2.89753530078446161E-2));
#712=CARTESIAN_POINT('',(6.88949944730263164E-1,4.38344808225521881E-2));
#713=(BOUNDED_CURVE()B_SPLINE_CURVE(5,(#707,#708,#709,#710,#711,#712),.UNSPECIFIED.,.F.,.F.)B_SPLINE_CURVE_WITH_KNOTS((6,6),(0.00000000000000000E0,1.00000000000000000E0),.UNSPECIFIED.)CURVE()GEOMETRIC_REPRESENTATION_ITEM()RATIONAL_B_SPLINE_CURVE((1.00000000000000000E0,9.92314112161292172E-1,9.88471168241938258E-1,9.88471168241938147E-1,9.92314112161292172E-1,1.00000000000000000E0))REPRESENTATION_ITEM(''));
#714=DEFINITIONAL_REPRESENTATION('',(#713),#445);
#715=PCURVE('',#76,#714);
#716=CARTESIAN_POINT('',(1.00000000000000000E0,0.00000000000000000E0));
#717=CARTESIAN_POINT('',(1.00000000000000000E0,9.58333333333333370E-1));
#718=B_SPLINE_CURVE_WITH_KNOTS('',1,(#716,#717),.UNSPECIFIED.,.F.,.F.,(2,2),(0.00000000000000000E0,1.00000000000000000E0),.UNSPECIFIED.);
#719=DEFINITIONAL_REPRESENTATION('',(#718),#445);
#720=PCURVE('',#163,#719);
#721=CARTESIAN_POINT('',(1.00000000000000000E0,9.58333333333333370E-1));
#722=CARTESIAN_POINT('',(6.66666666666666741E-1,9.58333333333333370E-1));
#723=CARTESIAN_POINT('',(3.33333333333333370E-1,1.00000000000000000E0));
#724=CARTESIAN_POINT('',(0.00000000000000000E0,1.00000000000000000E0));
#725=B_SPLINE_CURVE_WITH_KNOTS('',3,(#721,#722,#723,#724),.UNSPECIFIED.,.F.,.F.,(4,4),(0.00000000000000000E0,1.00000000000000000E0),.UNSPECIFIED.);
#726=DEFINITIONAL_REPRESENTATION('',(#725),#445);
#727=PCURVE('',#163,#726);
#728=CARTESIAN_POINT('',(0.00000000000000000E0,1.00000000000000000E0));
#729=CARTESIAN_POINT('',(0.00000000000000000E0,0.00000000000000000E0));
#730=B_SPLINE_CURVE_WITH_KNOTS('',1,(#728,#729),.UNSPECIFIED.,.F.,.F.,(2,2),(0.00000000000000000E0,1.00000000000000000E0),.UNSPECIFIED.);
#731=DEFINITIONAL_REPRESENTATION('',(#730),#445);
#732=PCURVE('',#163,#731);
#733=CARTESIAN_POINT('',(0.00000000000000000E0,0.00000000000000000E0));
#734=CARTESIAN_POINT('',(1.00000000000000000E0,0.00000000000000000E0));
#735=B_SPLINE_CURVE_WITH_KNOTS('',1,(#733,#734),.UNSPECIFIED.,.F.,.F.,(2,2),(0.00000000000000000E0,1.00000000000000000E0),.UNSPECIFIED.);
#736=DEFINITIONAL_REPRESENTATION('',(#735),#445);
#737=PCURVE('',#163,#736);
#738=CARTESIAN_POINT('',(0.00000000000000000E0,0.00000000000000000E0));
#739=CARTESIAN_POINT('',(1.00000000000000000E0,0.00000000000000000E0));
#740=B_SPLINE_CURVE_WITH_KNOTS('',1,(#738,#739),.UNSPECIFIED.,.F.,.F.,(2,2),(0.00000000000000000E0,1.00000000000000000E0),.UNSPECIFIED.);
#741=DEFINITIONAL_REPRESENTATION('',(#740),#445);
#742=PCURVE('',#176,#741);
#743=CARTESIAN_POINT('',(1.00000000000000000E0,0.00000000000000000E0));
#744=CARTESIAN_POINT('',(1.00000000000000000E0,1.00000000000000000E0));
#745=B_SPLINE_CURVE_WITH_KNOTS('',1,(#743,#744),.UNSPECIFIED.,.F.,.F.,(2,2),(0.00000000000000000E0,1.00000000000000000E0),.UNSPECIFIED.);
#746=DEFINITIONAL_REPRESENTATION('',(#745),#445);
#747=PCURVE('',#176,#746);
#748=CARTESIAN_POINT('',(1.00000000000000000E0,1.00000000000000000E0));
#749=CARTESIAN_POINT('',(0.00000000000000000E0,1.00000000000000000E0));
#750=B_SPLINE_CURVE_WITH_KNOTS('',1,(#748,#749),.UNSPECIFIED.,.F.,.F.,(2,2),(0.00000000000000000E0,1.00000000000000000E0),.UNSPECIFIED.);
#751=DEFINITIONAL_REPRESENTATION('',(#750),#445);
#752=PCURVE('',#176,#751);
#753=CARTESIAN_POINT('',(0.00000000000000000E0,1.00000000000000000E0));
#754=CARTESIAN_POINT('',(0.00000000000000000E0,0.00000000000000000E0));
#755=B_SPLINE_CURVE_WITH_KNOTS('',1,(#753,#754),.UNSPECIFIED.,.F.,.F.,(2,2),(0.00000000000000000E0,1.00000000000000000E0),.UNSPECIFIED.);
#756=DEFINITIONAL_REPRESENTATION('',(#755),#445);
#757=PCURVE('',#176,#756);
#758=CARTESIAN_POINT('',(3.08658283817455081E-1,3.80602337443566099E-2));
#759=CARTESIAN_POINT('',(3.44985481686115536E-1,2.30130157041465097E-2));
#760=CARTESIAN_POINT('',(3.82718267174357196E-1,1.15512424541575065E-2));
#761=CARTESIAN_POINT('',(4.21432945422961835E-1,3.85041415138589463E-3));
#762=CARTESIAN_POINT('',(4.60679724368483479E-1,0.00000000000000000E0));
#763=CARTESIAN_POINT('',(5.00000000000000000E-1,0.00000000000000000E0));
#764=(BOUNDED_CURVE()B_SPLINE_CURVE(5,(#758,#759,#760,#761,#762,#763),.UNSPECIFIED.,.F.,.F.)B_SPLINE_CURVE_WITH_KNOTS((6,6),(0.00000000000000000E0,1.00000000000000000E0),.UNSPECIFIED.)CURVE()GEOMETRIC_REPRESENTATION_ITEM()RATIONAL_B_SPLINE_CURVE((1.00000000000000000E0,9.92314112161292172E-1,9.88471168241938147E-1,9.88471168241938258E-1,9.92314112161292172E-1,1.00000000000000000E0))REPRESENTATION_ITEM(''));
#765=DEFINITIONAL_REPRESENTATION('',(#764),#445);
#766=PCURVE('',#107,#765);
#767=CARTESIAN_POINT('',(5.00000000000000000E-1,0.00000000000000000E0));
#768=CARTESIAN_POINT('',(5.00000000000000000E-1,3.75000000000000000E-1));
#769=B_SPLINE_CURVE_WITH_KNOTS('',1,(#767,#768),.UNSPECIFIED.,.F.,.F.,(2,2),(0.00000000000000000E0,1.00000000000000000E0),.UNSPECIFIED.);
#770=DEFINITIONAL_REPRESENTATION('',(#769),#445);
#771=PCURVE('',#107,#770);
#772=CARTESIAN_POINT('',(5.00000000000000000E-1,3.75000000000000000E-1));
#773=CARTESIAN_POINT('',(4.90169931092120814E-1,3.75000000000000000E-1));
#774=CARTESIAN_POINT('',(4.80358236355740487E-1,3.75962603537846440E-1));
#775=CARTESIAN_POINT('',(4.70679566793589244E-1,3.77887810613539377E-1));
#776=CARTESIAN_POINT('',(4.61246370421528828E-1,3.80753253926036650E-1));
#777=CARTESIAN_POINT('',(4.52164570954363798E-1,3.84515058436089130E-1));
#778=(BOUNDED_CURVE()B_SPLINE_CURVE(5,(#772,#773,#774,#775,#776,#777),.UNSPECIFIED.,.F.,.F.)B_SPLINE_CURVE_WITH_KNOTS((6,6),(0.00000000000000000E0,1.00000000000000000E0),.UNSPECIFIED.)CURVE()GEOMETRIC_REPRESENTATION_ITEM()RATIONAL_B_SPLINE_CURVE((1.00000000000000000E0,9.92314112161292172E-1,9.88471168241938258E-1,9.88471168241938147E-1,9.92314112161292172E-1,1.00000000000000000E0))REPRESENTATION_ITEM(''));
#779=DEFINITIONAL_REPRESENTATION('',(#778),#445);
#780=PCURVE('',#107,#779);
#781=CARTESIAN_POINT('',(4.52164570954363798E-1,3.84515058436089130E-1));
#782=CARTESIAN_POINT('',(3.08658283817455081E-1,3.80602337443566099E-2));
#783=B_SPLINE_CURVE_WITH_KNOTS('',1,(#781,#782),.UNSPECIFIED.,.F.,.F.,(2,2),(0.00000000000000000E0,1.00000000000000000E0),.UNSPECIFIED.);
#784=DEFINITIONAL_REPRESENTATION('',(#783),#445);
#785=PCURVE('',#107,#784);
#786=CARTESIAN_POINT('',(5.00000000000000000E-1,0.00000000000000000E0));
#787=CARTESIAN_POINT('',(5.00000000000000000E-1,3.75000000000000000E-1));
#788=B_SPLINE_CURVE_WITH_KNOTS('',1,(#786,#787),.UNSPECIFIED.,.F.,.F.,(2,2),(0.00000000000000000E0,1.00000000000000000E0),.UNSPECIFIED.);
#789=DEFINITIONAL_REPRESENTATION('',(#788),#445);
#790=PCURVE('',#76,#789);
#791=CARTESIAN_POINT('',(5.00000000000000000E-1,3.75000000000000000E-1));
#792=CARTESIAN_POINT('',(3.75000000000000000E-1,3.75000000000000000E-1));
#793=CARTESIAN_POINT('',(3.75000000000000000E-1,5.00000000000000000E-1));
#794=(BOUNDED_CURVE()B_SPLINE_CURVE(2,(#791,#792,#793),.UNSPECIFIED.,.F.,.F.)B_SPLINE_CURVE_WITH_KNOTS((3,3),(0.00000000000000000E0,1.00000000000000000E0),.UNSPECIFIED.)CURVE()GEOMETRIC_REPRESENTATION_ITEM()RATIONAL_B_SPLINE_CURVE((1.00000000000000000E0,7.07106781186547573E-1,1.00000000000000000E0))REPRESENTATION_ITEM(''));
#795=DEFINITIONAL_REPRESENTATION('',(#794),#445);
#796=PCURVE('',#76,#795);
#797=CARTESIAN_POINT('',(3.75000000000000000E-1,5.00000000000000000E-1));
#798=CARTESIAN_POINT('',(0.00000000000000000E0,5.00000000000000000E-1));
#799=B_SPLINE_CURVE_WITH_KNOTS('',1,(#797,#798),.UNSPECIFIED.,.F.,.F.,(2,2),(0.00000000000000000E0,1.00000000000000000E0),.UNSPECIFIED.);
#800=DEFINITIONAL_REPRESENTATION('',(#799),#445);
#801=PCURVE('',#76,#800);
#802=CARTESIAN_POINT('',(0.00000000000000000E0,5.00000000000000000E-1));
#803=CARTESIAN_POINT('',(8.88178419700125282E-17,0.00000000000000000E0));
#804=CARTESIAN_POINT('',(5.00000000000000000E-1,0.00000000000000000E0));
#805=(BOUNDED_CURVE()B_SPLINE_CURVE(2,(#802,#803,#804),.UNSPECIFIED.,.F.,.F.)B_SPLINE_CURVE_WITH_KNOTS((3,3),(0.00000000000000000E0,1.00000000000000000E0),.UNSPECIFIED.)CURVE()GEOMETRIC_REPRESENTATION_ITEM()RATIONAL_B_SPLINE_CURVE((1.00000000000000000E0,7.07106781186547573E-1,1.00000000000000000E0))REPRESENTATION_ITEM(''));
#806=DEFINITIONAL_REPRESENTATION('',(#805),#445);
#807=PCURVE('',#76,#806);
#808=CARTESIAN_POINT('',(1.00000000000000000E0,0.00000000000000000E0));
#809=CARTESIAN_POINT('',(1.00000000000000000E0,1.00000000000000000E0));
#810=B_SPLINE_CURVE_WITH_KNOTS('',1,(#808,#809),.UNSPECIFIED.,.F.,.F.,(2,2),(0.00000000000000000E0,1.00000000000000000E0),.UNSPECIFIED.);
#811=DEFINITIONAL_REPRESENTATION('',(#810),#445);
#812=PCURVE('',#183,#811);
#813=CARTESIAN_POINT('',(1.00000000000000000E0,1.00000000000000000E0));
#814=CARTESIAN_POINT('',(0.00000000000000000E0,1.00000000000000000E0));
#815=B_SPLINE_CURVE_WITH_KNOTS('',1,(#813,#814),.UNSPECIFIED.,.F.,.F.,(2,2),(0.00000000000000000E0,1.00000000000000000E0),.UNSPECIFIED.);
#816=DEFINITIONAL_REPRESENTATION('',(#815),#445);
#817=PCURVE('',#183,#816);
#818=CARTESIAN_POINT('',(0.00000000000000000E0,1.00000000000000000E0));
#819=CARTESIAN_POINT('',(0.00000000000000000E0,0.00000000000000000E0));
#820=B_SPLINE_CURVE_WITH_KNOTS('',1,(#818,#819),.UNSPECIFIED.,.F.,.F.,(2,2),(0.00000000000000000E0,1.00000000000000000E0),.UNSPECIFIED.);
#821=DEFINITIONAL_REPRESENTATION('',(#820),#445);
#822=PCURVE('',#183,#821);
#823=CARTESIAN_POINT('',(0.00000000000000000E0,0.00000000000000000E0));
#824=CARTESIAN_POINT('',(1.00000000000000000E0,0.00000000000000000E0));
#825=B_SPLINE_CURVE_WITH_KNOTS('',1,(#823,#824),.UNSPECIFIED.,.F.,.F.,(2,2),(0.00000000000000000E0,1.00000000000000000E0),.UNSPECIFIED.);
#826=DEFINITIONAL_REPRESENTATION('',(#825),#445);
#827=PCURVE('',#183,#826);
#828=CARTESIAN_POINT('',(0.00000000000000000E0,0.00000000000000000E0));
#829=CARTESIAN_POINT('',(1.00000000000000000E0,0.00000000000000000E0));
#830=B_SPLINE_CURVE_WITH_KNOTS('',1,(#828,#829),.UNSPECIFIED.,.F.,.F.,(2,2),(0.00000000000000000E0,1.00000000000000000E0),.UNSPECIFIED.);
#831=DEFINITIONAL_REPRESENTATION('',(#830),#445);
#832=PCURVE('',#190,#831);
#833=CARTESIAN_POINT('',(1.00000000000000000E0,0.00000000000000000E0));
#834=CARTESIAN_POINT('',(1.00000000000000000E0,1.00000000000000000E0));
#835=B_SPLINE_CURVE_WITH_KNOTS('',1,(#833,#834),.UNSPECIFIED.,.F.,.F.,(2,2),(0.00000000000000000E0,1.00000000000000000E0),.UNSPECIFIED.);
#836=DEFINITIONAL_REPRESENTATION('',(#835),#445);
#837=PCURVE('',#190,#836);
#838=CARTESIAN_POINT('',(1.00000000000000000E0,1.00000000000000000E0));
#839=CARTESIAN_POINT('',(0.00000000000000000E0,1.00000000000000000E0));
#840=B_SPLINE_CURVE_WITH_KNOTS('',1,(#838,#839),.UNSPECIFIED.,.F.,.F.,(2,2),(0.00000000000000000E0,1.00000000000000000E0),.UNSPECIFIED.);
#841=DEFINITIONAL_REPRESENTATION('',(#840),#445);
#842=PCURVE('',#190,#841);
#843=CARTESIAN_POINT('',(0.00000000000000000E0,1.00000000000000000E0));
#844=CARTESIAN_POINT('',(0.00000000000000000E0,0.00000000000000000E0));
#845=B_SPLINE_CURVE_WITH_KNOTS('',1,(#843,#844),.UNSPECIFIED.,.F.,.F.,(2,2),(0.00000000000000000E0,1.00000000000000000E0),.UNSPECIFIED.);
#846=DEFINITIONAL_REPRESENTATION('',(#845),#445);
#847=PCURVE('',#190,#846);
#848=CARTESIAN_POINT('',(5.00000000000000000E-1,0.00000000000000000E0));
#849=CARTESIAN_POINT('',(9.99999999999999889E-1,0.00000000000000000E0));
#850=CARTESIAN_POINT('',(1.00000000000000000E0,5.00000000000000000E-1));
#851=(BOUNDED_CURVE()B_SPLINE_CURVE(2,(#848,#849,#850),.UNSPECIFIED.,.F.,.F.)B_SPLINE_CURVE_WITH_KNOTS((3,3),(0.00000000000000000E0,1.00000000000000000E0),.UNSPECIFIED.)CURVE()GEOMETRIC_REPRESENTATION_ITEM()RATIONAL_B_SPLINE_CURVE((1.00000000000000000E0,7.07106781186547573E-1,1.00000000000000000E0))REPRESENTATION_ITEM(''));
#852=DEFINITIONAL_REPRESENTATION('',(#851),#445);
#853=PCURVE('',#107,#852);
#854=CARTESIAN_POINT('',(1.00000000000000000E0,5.00000000000000000E-1));
#855=CARTESIAN_POINT('',(6.25000000000000000E-1,5.00000000000000000E-1));
#856=B_SPLINE_CURVE_WITH_KNOTS('',1,(#854,#855),.UNSPECIFIED.,.F.,.F.,(2,2),(0.00000000000000000E0,1.00000000000000000E0),.UNSPECIFIED.);
#857=DEFINITIONAL_REPRESENTATION('',(#856),#445);
#858=PCURVE('',#107,#857);
#859=CARTESIAN_POINT('',(6.25000000000000000E-1,5.00000000000000000E-1));
#860=CARTESIAN_POINT('',(6.25000000000000000E-1,3.75000000000000000E-1));
#861=CARTESIAN_POINT('',(5.00000000000000000E-1,3.75000000000000000E-1));
#862=(BOUNDED_CURVE()B_SPLINE_CURVE(2,(#859,#860,#861),.UNSPECIFIED.,.F.,.F.)B_SPLINE_CURVE_WITH_KNOTS((3,3),(0.00000000000000000E0,1.00000000000000000E0),.UNSPECIFIED.)CURVE()GEOMETRIC_REPRESENTATION_ITEM()RATIONAL_B_SPLINE_CURVE((1.00000000000000000E0,7.07106781186547573E-1,1.00000000000000000E0))REPRESENTATION_ITEM(''));
#863=DEFINITIONAL_REPRESENTATION('',(#862),#445);
#864=PCURVE('',#107,#863);
#865=CARTESIAN_POINT('',(5.00000000000000000E-1,3.75000000000000000E-1));
#866=CARTESIAN_POINT('',(5.00000000000000000E-1,0.00000000000000000E0));
#867=B_SPLINE_CURVE_WITH_KNOTS('',1,(#865,#866),.UNSPECIFIED.,.F.,.F.,(2,2),(0.00000000000000000E0,1.00000000000000000E0),.UNSPECIFIED.);
#868=DEFINITIONAL_REPRESENTATION('',(#867),#445);
#869=PCURVE('',#107,#868);
#870=CARTESIAN_POINT('',(0.00000000000000000E0,5.00000000000000000E-1));
#871=CARTESIAN_POINT('',(3.75000000000000000E-1,5.00000000000000000E-1));
#872=B_SPLINE_CURVE_WITH_KNOTS('',1,(#870,#871),.UNSPECIFIED.,.F.,.F.,(2,2),(0.00000000000000000E0,1.00000000000000000E0),.UNSPECIFIED.);
#873=DEFINITIONAL_REPRESENTATION('',(#872),#445);
#874=PCURVE('',#76,#873);
#875=CARTESIAN_POINT('',(3.75000000000000000E-1,5.00000000000000000E-1));
#876=CARTESIAN_POINT('',(3.75000000000000000E-1,6.25000000000000000E-1));
#877=CARTESIAN_POINT('',(5.00000000000000000E-1,6.25000000000000000E-1));
#878=(BOUNDED_CURVE()B_SPLINE_CURVE(2,(#875,#876,#877),.UNSPECIFIED.,.F.,.F.)B_SPLINE_CURVE_WITH_KNOTS((3,3),(0.00000000000000000E0,1.00000000000000000E0),.UNSPECIFIED.)CURVE()GEOMETRIC_REPRESENTATION_ITEM()RATIONAL_B_SPLINE_CURVE((1.00000000000000000E0,7.07106781186547573E-1,1.00000000000000000E0))REPRESENTATION_ITEM(''));
#879=DEFINITIONAL_REPRESENTATION('',(#878),#445);
#880=PCURVE('',#76,#879);
#881=CARTESIAN_POINT('',(5.00000000000000000E-1,6.25000000000000000E-1));
#882=CARTESIAN_POINT('',(5.00000000000000000E-1,1.00000000000000000E0));
#883=B_SPLINE_CURVE_WITH_KNOTS('',1,(#881,#882),.UNSPECIFIED.,.F.,.F.,(2,2),(0.00000000000000000E0,1.00000000000000000E0),.UNSPECIFIED.);
#884=DEFINITIONAL_REPRESENTATION('',(#883),#445);
#885=PCURVE('',#76,#884);
#886=CARTESIAN_POINT('',(5.00000000000000000E-1,1.00000000000000000E0));
#887=CARTESIAN_POINT('',(-8.88178419700125282E-17,1.00000000000000000E0));
#888=CARTESIAN_POINT('',(0.00000000000000000E0,5.00000000000000000E-1));
#889=(BOUNDED_CURVE()B_SPLINE_CURVE(2,(#886,#887,#888),.UNSPECIFIED.,.F.,.F.)B_SPLINE_CURVE_WITH_KNOTS((3,3),(0.00000000000000000E0,1.00000000000000000E0),.UNSPECIFIED.)CURVE()GEOMETRIC_REPRESENTATION_ITEM()RATIONAL_B_SPLINE_CURVE((1.00000000000000000E0,7.07106781186547573E-1,1.00000000000000000E0))REPRESENTATION_ITEM(''));
#890=DEFINITIONAL_REPRESENTATION('',(#889),#445);
#891=PCURVE('',#76,#890);
#892=CARTESIAN_POINT('',(1.00000000000000000E0,0.00000000000000000E0));
#893=CARTESIAN_POINT('',(1.00000000000000000E0,1.00000000000000000E0));
#894=B_SPLINE_CURVE_WITH_KNOTS('',1,(#892,#893),.UNSPECIFIED.,.F.,.F.,(2,2),(0.00000000000000000E0,1.00000000000000000E0),.UNSPECIFIED.);
#895=DEFINITIONAL_REPRESENTATION('',(#894),#445);
#896=PCURVE('',#197,#895);
#897=CARTESIAN_POINT('',(1.00000000000000000E0,1.00000000000000000E0));
#898=CARTESIAN_POINT('',(0.00000000000000000E0,1.00000000000000000E0));
#899=B_SPLINE_CURVE_WITH_KNOTS('',1,(#897,#898),.UNSPECIFIED.,.F.,.F.,(2,2),(0.00000000000000000E0,1.00000000000000000E0),.UNSPECIFIED.);
#900=DEFINITIONAL_REPRESENTATION('',(#899),#445);
#901=PCURVE('',#197,#900);
#902=CARTESIAN_POINT('',(0.00000000000000000E0,1.00000000000000000E0));
#903=CARTESIAN_POINT('',(0.00000000000000000E0,0.00000000000000000E0));
#904=B_SPLINE_CURVE_WITH_KNOTS('',1,(#902,#903),.UNSPECIFIED.,.F.,.F.,(2,2),(0.00000000000000000E0,1.00000000000000000E0),.UNSPECIFIED.);
#905=DEFINITIONAL_REPRESENTATION('',(#904),#445);
#906=PCURVE('',#197,#905);
#907=CARTESIAN_POINT('',(0.00000000000000000E0,0.00000000000000000E0));
#908=CARTESIAN_POINT('',(1.00000000000000000E0,0.00000000000000000E0));
#909=B_SPLINE_CURVE_WITH_KNOTS('',1,(#907,#908),.UNSPECIFIED.,.F.,.F.,(2,2),(0.00000000000000000E0,1.00000000000000000E0),.UNSPECIFIED.);
#910=DEFINITIONAL_REPRESENTATION('',(#909),#445);
#911=PCURVE('',#197,#910);
#912=CARTESIAN_POINT('',(0.00000000000000000E0,0.00000000000000000E0));
#913=CARTESIAN_POINT('',(1.00000000000000000E0,0.00000000000000000E0));
#914=B_SPLINE_CURVE_WITH_KNOTS('',1,(#912,#913),.UNSPECIFIED.,.F.,.F.,(2,2),(0.00000000000000000E0,1.00000000000000000E0),.UNSPECIFIED.);
#915=DEFINITIONAL_REPRESENTATION('',(#914),#445);
#916=PCURVE('',#204,#915);
#917=CARTESIAN_POINT('',(1.00000000000000000E0,0.00000000000000000E0));
#918=CARTESIAN_POINT('',(1.00000000000000000E0,1.00000000000000000E0));
#919=B_SPLINE_CURVE_WITH_KNOTS('',1,(#917,#918),.UNSPECIFIED.,.F.,.F.,(2,2),(0.00000000000000000E0,1.00000000000000000E0),.UNSPECIFIED.);
#920=DEFINITIONAL_REPRESENTATION('',(#919),#445);
#921=PCURVE('',#204,#920);
#922=CARTESIAN_POINT('',(1.00000000000000000E0,1.00000000000000000E0));
#923=CARTESIAN_POINT('',(0.00000000000000000E0,1.00000000000000000E0));
#924=B_SPLINE_CURVE_WITH_KNOTS('',1,(#922,#923),.UNSPECIFIED.,.F.,.F.,(2,2),(0.00000000000000000E0,1.00000000000000000E0),.UNSPECIFIED.);
#925=DEFINITIONAL_REPRESENTATION('',(#924),#445);
#926=PCURVE('',#204,#925);
#927=CARTESIAN_POINT('',(0.00000000000000000E0,1.00000000000000000E0));
#928=CARTESIAN_POINT('',(0.00000000000000000E0,0.00000000000000000E0));
#929=B_SPLINE_CURVE_WITH_KNOTS('',1,(#927,#928),.UNSPECIFIED.,.F.,.F.,(2,2),(0.00000000000000000E0,1.00000000000000000E0),.UNSPECIFIED.);
#930=DEFINITIONAL_REPRESENTATION('',(#929),#445);
#931=PCURVE('',#204,#930);
#932=CARTESIAN_POINT('',(1.00000000000000000E0,5.00000000000000000E-1));
#933=CARTESIAN_POINT('',(1.00000000000000000E0,1.00000000000000000E0));
#934=CARTESIAN_POINT('',(5.00000000000000000E-1,1.00000000000000000E0));
#935=(BOUNDED_CURVE()B_SPLINE_CURVE(2,(#932,#933,#934),.UNSPECIFIED.,.F.,.F.)B_SPLINE_CURVE_WITH_KNOTS((3,3),(0.00000000000000000E0,1.00000000000000000E0),.UNSPECIFIED.)CURVE()GEOMETRIC_REPRESENTATION_ITEM()RATIONAL_B_SPLINE_CURVE((1.00000000000000000E0,7.07106781186547573E-1,1.00000000000000000E0))REPRESENTATION_ITEM(''));
#936=DEFINITIONAL_REPRESENTATION('',(#935),#445);
#937=PCURVE('',#107,#936);
#938=CARTESIAN_POINT('',(5.00000000000000000E-1,1.00000000000000000E0));
#939=CARTESIAN_POINT('',(5.00000000000000000E-1,6.25000000000000000E-1));
#940=B_SPLINE_CURVE_WITH_KNOTS('',1,(#938,#939),.UNSPECIFIED.,.F.,.F.,(2,2),(0.00000000000000000E0,1.00000000000000000E0),.UNSPECIFIED.);
#941=DEFINITIONAL_REPRESENTATION('',(#940),#445);
#942=PCURVE('',#107,#941);
#943=CARTESIAN_POINT('',(5.00000000000000000E-1,6.25000000000000000E-1));
#944=CARTESIAN_POINT('',(6.25000000000000000E-1,6.25000000000000000E-1));
#945=CARTESIAN_POINT('',(6.25000000000000000E-1,5.00000000000000000E-1));
#946=(BOUNDED_CURVE()B_SPLINE_CURVE(2,(#943,#944,#945),.UNSPECIFIED.,.F.,.F.)B_SPLINE_CURVE_WITH_KNOTS((3,3),(0.00000000000000000E0,1.00000000000000000E0),.UNSPECIFIED.)CURVE()GEOMETRIC_REPRESENTATION_ITEM()RATIONAL_B_SPLINE_CURVE((1.00000000000000000E0,7.07106781186547573E-1,1.00000000000000000E0))REPRESENTATION_ITEM(''));
#947=DEFINITIONAL_REPRESENTATION('',(#946),#445);
#948=PCURVE('',#107,#947);
#949=CARTESIAN_POINT('',(6.25000000000000000E-1,5.00000000000000000E-1));
#950=CARTESIAN_POINT('',(1.00000000000000000E0,5.00000000000000000E-1));
#951=B_SPLINE_CURVE_WITH_KNOTS('',1,(#949,#950),.UNSPECIFIED.,.F.,.F.,(2,2),(0.00000000000000000E0,1.00000000000000000E0),.UNSPECIFIED.);
#952=DEFINITIONAL_REPRESENTATION('',(#951),#445);
#953=PCURVE('',#107,#952);
#954=CARTESIAN_POINT('',(5.00000000000000000E-1,1.00000000000000000E0));
#955=CARTESIAN_POINT('',(5.00000000000000000E-1,6.25000000000000000E-1));
#956=B_SPLINE_CURVE_WITH_KNOTS('',1,(#954,#955),.UNSPECIFIED.,.F.,.F.,(2,2),(0.00000000000000000E0,1.00000000000000000E0),.UNSPECIFIED.);
#957=DEFINITIONAL_REPRESENTATION('',(#956),#445);
#958=PCURVE('',#76,#957);
#959=CARTESIAN_POINT('',(5.00000000000000000E-1,6.25000000000000000E-1));
#960=CARTESIAN_POINT('',(6.25000000000000000E-1,6.25000000000000000E-1));
#961=CARTESIAN_POINT('',(6.25000000000000000E-1,5.00000000000000000E-1));
#962=(BOUNDED_CURVE()B_SPLINE_CURVE(2,(#959,#960,#961),.UNSPECIFIED.,.F.,.F.)B_SPLINE_CURVE_WITH_KNOTS((3,3),(0.00000000000000000E0,1.00000000000000000E0),.UNSPECIFIED.)CURVE()GEOMETRIC_REPRESENTATION_ITEM()RATIONAL_B_SPLINE_CURVE((1.00000000000000000E0,7.07106781186547573E-1,1.00000000000000000E0))REPRESENTATION_ITEM(''));
#963=DEFINITIONAL_REPRESENTATION('',(#962),#445);
#964=PCURVE('',#76,#963);
#965=CARTESIAN_POINT('',(6.25000000000000000E-1,5.00000000000000000E-1));
#966=CARTESIAN_POINT('',(1.00000000000000000E0,5.00000000000000000E-1));
#967=B_SPLINE_CURVE_WITH_KNOTS('',1,(#965,#966),.UNSPECIFIED.,.F.,.F.,(2,2),(0.00000000000000000E0,1.00000000000000000E0),.UNSPECIFIED.);
#968=DEFINITIONAL_REPRESENTATION('',(#967),#445);
#969=PCURVE('',#76,#968);
#970=CARTESIAN_POINT('',(1.00000000000000000E0,5.00000000000000000E-1));
#971=CARTESIAN_POINT('',(9.99999999999999778E-1,1.00000000000000000E0));
#972=CARTESIAN_POINT('',(5.00000000000000000E-1,1.00000000000000000E0));
#973=(BOUNDED_CURVE()B_SPLINE_CURVE(2,(#970,#971,#972),.UNSPECIFIED.,.F.,.F.)B_SPLINE_CURVE_WITH_KNOTS((3,3),(0.00000000000000000E0,1.00000000000000000E0),.UNSPECIFIED.)CURVE()GEOMETRIC_REPRESENTATION_ITEM()RATIONAL_B_SPLINE_CURVE((1.00000000000000000E0,7.07106781186547573E-1,1.00000000000000000E0))REPRESENTATION_ITEM(''));
#974=DEFINITIONAL_REPRESENTATION('',(#973),#445);
#975=PCURVE('',#76,#974);
#976=CARTESIAN_POINT('',(1.00000000000000000E0,0.00000000000000000E0));
#977=CARTESIAN_POINT('',(1.00000000000000000E0,1.00000000000000000E0));
#978=B_SPLINE_CURVE_WITH_KNOTS('',1,(#976,#977),.UNSPECIFIED.,.F.,.F.,(2,2),(0.00000000000000000E0,1.00000000000000000E0),.UNSPECIFIED.);
#979=DEFINITIONAL_REPRESENTATION('',(#978),#445);
#980=PCURVE('',#211,#979);
#981=CARTESIAN_POINT('',(1.00000000000000000E0,1.00000000000000000E0));
#982=CARTESIAN_POINT('',(0.00000000000000000E0,1.00000000000000000E0));
#983=B_SPLINE_CURVE_WITH_KNOTS('',1,(#981,#982),.UNSPECIFIED.,.F.,.F.,(2,2),(0.00000000000000000E0,1.00000000000000000E0),.UNSPECIFIED.);
#984=DEFINITIONAL_REPRESENTATION('',(#983),#445);
#985=PCURVE('',#211,#984);
#986=CARTESIAN_POINT('',(0.00000000000000000E0,1.00000000000000000E0));
#987=CARTESIAN_POINT('',(0.00000000000000000E0,0.00000000000000000E0));
#988=B_SPLINE_CURVE_WITH_KNOTS('',1,(#986,#987),.UNSPECIFIED.,.F.,.F.,(2,2),(0.00000000000000000E0,1.00000000000000000E0),.UNSPECIFIED.);
#989=DEFINITIONAL_REPRESENTATION('',(#988),#445);
#990=PCURVE('',#211,#989);
#991=CARTESIAN_POINT('',(0.00000000000000000E0,0.00000000000000000E0));
#992=CARTESIAN_POINT('',(1.00000000000000000E0,0.00000000000000000E0));
#993=B_SPLINE_CURVE_WITH_KNOTS('',1,(#991,#992),.UNSPECIFIED.,.F.,.F.,(2,2),(0.00000000000000000E0,1.00000000000000000E0),.UNSPECIFIED.);
#994=DEFINITIONAL_REPRESENTATION('',(#993),#445);
#995=PCURVE('',#211,#994);
#996=CARTESIAN_POINT('',(0.00000000000000000E0,0.00000000000000000E0));
#997=CARTESIAN_POINT('',(1.00000000000000000E0,0.00000000000000000E0));
#998=B_SPLINE_CURVE_WITH_KNOTS('',1,(#996,#997),.UNSPECIFIED.,.F.,.F.,(2,2),(0.00000000000000000E0,1.00000000000000000E0),.UNSPECIFIED.);
#999=DEFINITIONAL_REPRESENTATION('',(#998),#445);
#1000=PCURVE('',#218,#999);
#1001=CARTESIAN_POINT('',(1.00000000000000000E0,0.00000000000000000E0));
#1002=CARTESIAN_POINT('',(1.00000000000000000E0,1.00000000000000000E0));
#1003=B_SPLINE_CURVE_WITH_KNOTS('',1,(#1001,#1002),.UNSPECIFIED.,.F.,.F.,(2,2),(0.00000000000000000E0,1.00000000000000000E0),.UNSPECIFIED.);
#1004=DEFINITIONAL_REPRESENTATION('',(#1003),#445);
#1005=PCURVE('',#218,#1004);
#1006=CARTESIAN_POINT('',(1.00000000000000000E0,1.00000000000000000E0));
#1007=CARTESIAN_POINT('',(0.00000000000000000E0,1.00000000000000000E0));
#1008=B_SPLINE_CURVE_WITH_KNOTS('',1,(#1006,#1007),.UNSPECIFIED.,.F.,.F.,(2,2),(0.00000000000000000E0,1.00000000000000000E0),.UNSPECIFIED.);
#1009=DEFINITIONAL_REPRESENTATION('',(#1008),#445);
#1010=PCURVE('',#218,#1009);
#1011=CARTESIAN_POINT('',(0.00000000000000000E0,1.00000000000000000E0));
#1012=CARTESIAN_POINT('',(0.00000000000000000E0,0.00000000000000000E0));
#1013=B_SPLINE_CURVE_WITH_KNOTS('',1,(#1011,#1012),.UNSPECIFIED.,.F.,.F.,(2,2),(0.00000000000000000E0,1.00000000000000000E0),.UNSPECIFIED.);
#1014=DEFINITIONAL_REPRESENTATION('',(#1013),#445);
#1015=PCURVE('',#218,#1014);
#1016=CARTESIAN_POINT('',(5.00000000000000000E-1,1.00000000000000000E0));
#1017=CARTESIAN_POINT('',(2.22044604925031308E-16,1.00000000000000000E0));
#1018=CARTESIAN_POINT('',(0.00000000000000000E0,5.00000000000000000E-1));
#1019=(BOUNDED_CURVE()B_SPLINE_CURVE(2,(#1016,#1017,#1018),.UNSPECIFIED.,.F.,.F.)B_SPLINE_CURVE_WITH_KNOTS((3,3),(0.00000000000000000E0,1.00000000000000000E0),.UNSPECIFIED.)CURVE()GEOMETRIC_REPRESENTATION_ITEM()RATIONAL_B_SPLINE_CURVE((1.00000000000000000E0,7.07106781186547573E-1,1.00000000000000000E0))REPRESENTATION_ITEM(''));
#1020=DEFINITIONAL_REPRESENTATION('',(#1019),#445);
#1021=PCURVE('',#107,#1020);
#1022=CARTESIAN_POINT('',(0.00000000000000000E0,5.00000000000000000E-1));
#1023=CARTESIAN_POINT('',(3.75000000000000000E-1,5.00000000000000000E-1));
#1024=B_SPLINE_CURVE_WITH_KNOTS('',1,(#1022,#1023),.UNSPECIFIED.,.F.,.F.,(2,2),(0.00000000000000000E0,1.00000000000000000E0),.UNSPECIFIED.);
#1025=DEFINITIONAL_REPRESENTATION('',(#1024),#445);
#1026=PCURVE('',#107,#1025);
#1027=CARTESIAN_POINT('',(3.75000000000000000E-1,5.00000000000000000E-1));
#1028=CARTESIAN_POINT('',(3.75000000000000000E-1,6.25000000000000000E-1));
#1029=CARTESIAN_POINT('',(5.00000000000000000E-1,6.25000000000000000E-1));
#1030=(BOUNDED_CURVE()B_SPLINE_CURVE(2,(#1027,#1028,#1029),.UNSPECIFIED.,.F.,.F.)B_SPLINE_CURVE_WITH_KNOTS((3,3),(0.00000000000000000E0,1.00000000000000000E0),.UNSPECIFIED.)CURVE()GEOMETRIC_REPRESENTATION_ITEM()RATIONAL_B_SPLINE_CURVE((1.00000000000000000E0,7.07106781186547573E-1,1.00000000000000000E0))REPRESENTATION_ITEM(''));
#1031=DEFINITIONAL_REPRESENTATION('',(#1030),#445);
#1032=PCURVE('',#107,#1031);
#1033=CARTESIAN_POINT('',(5.00000000000000000E-1,6.25000000000000000E-1));
#1034=CARTESIAN_POINT('',(5.00000000000000000E-1,1.00000000000000000E0));
#1035=B_SPLINE_CURVE_WITH_KNOTS('',1,(#1033,#1034),.UNSPECIFIED.,.F.,.F.,(2,2),(0.00000000000000000E0,1.00000000000000000E0),.UNSPECIFIED.);
#1036=DEFINITIONAL_REPRESENTATION('',(#1035),#445);
#1037=PCURVE('',#107,#1036);
#1038=SURFACE_CURVE('',#225,(#450,#493),.PCURVE_S1.);
#1039=EDGE_CURVE('OSCAD_TOPO/3|edge|e:a96a300383dab9fcf0effc0727201a1a|9b568b0cd1666bd37b1e9747e3a6e241085cb68871482a16fd054ed097c719db',#2,#4,#1038,.T.);
#1040=SURFACE_CURVE('',#229,(#455,#583),.PCURVE_S1.);
#1041=EDGE_CURVE('OSCAD_TOPO/3|edge|e:b12c808a2d85508797ee8c8cf1f0acd0|c6264187fc66f250ec61a05f120f2eecf6ebaf2799891ce8f40dc43c7d879733',#4,#6,#1040,.T.);
#1042=SURFACE_CURVE('',#236,(#460,#505),.PCURVE_S1.);
#1043=EDGE_CURVE('OSCAD_TOPO/3|edge|e:8d96d78f3f79dccad3a9e4eb2e5e1848|fb031da3b2f9eff44de694bdcac5733da925c027bc703e0c402c0fbc2c378f01',#6,#2,#1042,.T.);
#1044=SURFACE_CURVE('',#240,(#465),.PCURVE_S1.);
#1045=EDGE_CURVE('OSCAD_TOPO/3|edge|e:bbe9a6aa60945f6331c0173ec36ee3b5|ea62cb449a762dcfeca1e9244074c3c1c606e0d35148fe767b07778c92c8edc6',#2,#2,#1044,.T.);
#1046=SURFACE_CURVE('',#243,(#470,#969),.PCURVE_S1.);
#1047=EDGE_CURVE('OSCAD_TOPO/3|edge|e:904817d7b1db9dac47f3b1adf855fce0|d99d8a162ddaf4adda132140ede65f29d66ea6e28d5e8c7f591a060f4f3d16ce',#2,#8,#1046,.T.);
#1048=SURFACE_CURVE('',#250,(#479,#530),.PCURVE_S1.);
#1049=EDGE_CURVE('OSCAD_TOPO/3|edge|e:1b47716b00cc863a6131ef7c55a1ca6a|618ba5eb194076e948e68e0b61e1a08c71448faac1465aad1b7abcbec941b38b',#8,#10,#1048,.T.);
#1050=SURFACE_CURVE('',#253,(#484,#588),.PCURVE_S1.);
#1051=EDGE_CURVE('OSCAD_TOPO/3|edge|e:e078a6e3f69b6b70e3eecad862c7ee1e|e6cffd910b92a7ed8c03087463cb788e6bacad421ed29668c165b6b23734a247',#10,#4,#1050,.T.);
#1052=SURFACE_CURVE('',#260,(#515,#544),.PCURVE_S1.);
#1053=EDGE_CURVE('OSCAD_TOPO/3|edge|e:180baecaaee0da22b9cba0565f4767bb|36dc901d037a5f3113927e19782fbdabfde0355d1a2a58f8705306c9ecd27937',#12,#14,#1052,.T.);
#1054=SURFACE_CURVE('',#263,(#510,#610),.PCURVE_S1.);
#1055=EDGE_CURVE('OSCAD_TOPO/3|edge|e:ed1c9a8d99dbbe00b0b2ac5bd5b2b1f5|12556cb038782a740a3643b38fb524bf3dd2418cdb6145c8a1ef4167d3dbea6d',#14,#6,#1054,.T.);
#1056=SURFACE_CURVE('',#266,(#498,#990),.PCURVE_S1.);
#1057=EDGE_CURVE('OSCAD_TOPO/3|edge|e:a32516168f204973c9a0eff95de93e96|dd67247f007f13b1db295fbb5c58250709cf82b9d3725054924713a06fd7b933',#2,#12,#1056,.T.);
#1058=SURFACE_CURVE('',#273,(#520,#558),.PCURVE_S1.);
#1059=EDGE_CURVE('OSCAD_TOPO/3|edge|e:48cce17e86dc01ae9759ae9d5a832146|43a3855d6572e157e05bd107ec82bcd11bdc6054b5608dcc67de75296d97076c',#16,#18,#1058,.T.);
#1060=SURFACE_CURVE('',#276,(#525,#645),.PCURVE_S1.);
#1061=EDGE_CURVE('OSCAD_TOPO/3|edge|e:59c6630ba52969aae009cec0b8b53987|7dd2bfd4d18d4498d03b1e31233faffd2c37d308b8de81d2ae1c06f8806252c4',#18,#10,#1060,.T.);
#1062=SURFACE_CURVE('',#279,(#535,#1005),.PCURVE_S1.);
#1063=EDGE_CURVE('OSCAD_TOPO/3|edge|e:566e21ab4b18dac32f7232f5dfc868c7|238b890830b28459b16740e0097a463f09282c8a048f51d901286145be9587b8',#8,#16,#1062,.T.);
#1064=SURFACE_CURVE('',#282,(#563,#1026),.PCURVE_S1.);
#1065=EDGE_CURVE('OSCAD_TOPO/3|edge|e:4e35a7f90736699eed7ce03b71e18fce|a59e7acf08674a63a5fd2a12b31ef929e37f556a5a70f89388c10b7961f1db96',#12,#16,#1064,.T.);
#1066=SURFACE_CURVE('',#285,(#549,#667),.PCURVE_S1.);
#1067=EDGE_CURVE('OSCAD_TOPO/3|edge|e:d135071371a3cee059677beaa37c2e7b|6d068372e2caa12884af516ba08a1e7bbe519e82e1c6692bb05440dff4a59c87',#18,#14,#1066,.T.);
#1068=SURFACE_CURVE('',#289,(#568,#605),.PCURVE_S1.);
#1069=EDGE_CURVE('OSCAD_TOPO/3|edge|e:768135590fd9028a25f558163ea67ce2|1b7a0d508b358c40917d4f8ba4b26fc5dd4558babf31595a085a04bf3866375c',#4,#20,#1068,.T.);
#1070=SURFACE_CURVE('',#293,(#573,#687),.PCURVE_S1.);
#1071=EDGE_CURVE('OSCAD_TOPO/3|edge|e:4b23b0fcef59a4e6386b5db42d6e3c52|b6699d807d9aee2013ffff7b020d827a33e90292aae3159e2d1dd3dd16dd6396',#20,#22,#1070,.T.);
#1072=SURFACE_CURVE('',#297,(#578,#615),.PCURVE_S1.);
#1073=EDGE_CURVE('OSCAD_TOPO/3|edge|e:7eec2dc3591c1ff13e33d0c3dac0d520|f119fe6ef737ece1804744dccb9d0f8e2b4f90706bea0bf8556becfea8295edb',#22,#6,#1072,.T.);
#1074=SURFACE_CURVE('',#301,(#594,#640),.PCURVE_S1.);
#1075=EDGE_CURVE('OSCAD_TOPO/3|edge|e:c7e7f5c3fb0eb457769cd47d3b6dc1a7|31c2c1b86aaf60aff96bc128abb78a36a4cadd7ba5a6c010bd45e43c4c91f548',#10,#24,#1074,.T.);
#1076=SURFACE_CURVE('',#304,(#599,#692),.PCURVE_S1.);
#1077=EDGE_CURVE('OSCAD_TOPO/3|edge|e:de4fe3326fabe82cc192e07740aca441|784823a996513b59d8b54676faf3df36b55b95f76129bb398769ff2969fe33fa',#24,#20,#1076,.T.);
#1078=SURFACE_CURVE('',#308,(#625,#651),.PCURVE_S1.);
#1079=EDGE_CURVE('OSCAD_TOPO/3|edge|e:5c70d8fcd34417307a0e8869b20cf2f5|73b9e2ca459bf50c485537f9b12271624e7165d15736a26b992a9f54efc78cf1',#14,#26,#1078,.T.);
#1080=SURFACE_CURVE('',#311,(#620,#720),.PCURVE_S1.);
#1081=EDGE_CURVE('OSCAD_TOPO/3|edge|e:7b82b5ac9b73df6c7937550ca6157a39|e0ece010cc0afdfef74e3a93835baf5e69908b8c8a63e8b7d9028cba0450f581',#26,#22,#1080,.T.);
#1082=SURFACE_CURVE('',#315,(#630,#662),.PCURVE_S1.);
#1083=EDGE_CURVE('OSCAD_TOPO/3|edge|e:3782cfc93014761c5897958cf2fc7e13|bcabc5ba54602a3eae25d815c2b3ea2dcf37b21a2c842994f3e796031956f7dc',#18,#28,#1082,.T.);
#1084=SURFACE_CURVE('',#318,(#635,#757),.PCURVE_S1.);
#1085=EDGE_CURVE('OSCAD_TOPO/3|edge|e:66dce085f8f05ea4f70f0dae97caa840|05a1c64b80447cc850ea50bad0e6733acddd14ab23cbef8c89f6279372f18678',#28,#24,#1084,.T.);
#1086=SURFACE_CURVE('',#321,(#656,#785),.PCURVE_S1.);
#1087=EDGE_CURVE('OSCAD_TOPO/3|edge|e:82205ad5a5951d3ba1ae1d3ad782d7e4|c5eb906760918bc6e9f456f3f3419165c0771341d510f2ed53c2253d91e261f4',#28,#26,#1086,.T.);
#1088=SURFACE_CURVE('',#328,(#672,#715),.PCURVE_S1.);
#1089=EDGE_CURVE('OSCAD_TOPO/3|edge|e:7305a200b86c1bf7d938811f84905ac3|7f1fb1b70174deda27d73527abaf67c231245bc671e63f01a55999a8ba08262d',#20,#30,#1088,.T.);
#1090=SURFACE_CURVE('',#332,(#677),.PCURVE_S1.);
#1091=EDGE_CURVE('OSCAD_TOPO/3|edge|e:4a00c3d88888133f82de173a8b867349|865585729d426209d287e086f24680cb202c6d52dc3e36bf3fab699b29265f8a',#30,#30,#1090,.T.);
#1092=SURFACE_CURVE('',#339,(#682,#727),.PCURVE_S1.);
#1093=EDGE_CURVE('OSCAD_TOPO/3|edge|e:00001336afbe7f760caaa9d364b1b361|98d2a012fca89eba92d8eb06e84cbf48181aa1d33b778e50b214576ae48e5517',#30,#22,#1092,.T.);
#1094=SURFACE_CURVE('',#346,(#701,#752),.PCURVE_S1.);
#1095=EDGE_CURVE('OSCAD_TOPO/3|edge|e:48a0e7f94685913aacf64f96a4f18548|f8fdd26d9afc65d5c64bd6078589f4d24c88d78aedba0251d813fcffe430899d',#24,#32,#1094,.T.);
#1096=SURFACE_CURVE('',#349,(#706,#790),.PCURVE_S1.);
#1097=EDGE_CURVE('OSCAD_TOPO/3|edge|e:b2a0916c2e6e4f945b021a8ba1ad3d61|8a2b0101cdccb3c87b6e61d89f0e652e8954bd39a15cebf08a9486f01d5f5f16',#32,#30,#1096,.T.);
#1098=SURFACE_CURVE('',#356,(#737,#766),.PCURVE_S1.);
#1099=EDGE_CURVE('OSCAD_TOPO/3|edge|e:a31f61bf2460100a14003d4b613779a1|2f25c8a552545b5abb59d8cbff7d2e10ae20f94197e9ecdccc59b8a09abfac1a',#26,#34,#1098,.T.);
#1100=SURFACE_CURVE('',#359,(#732,#812),.PCURVE_S1.);
#1101=EDGE_CURVE('OSCAD_TOPO/3|edge|e:ecc67583af76c108d07d5d759088ddba|3e039ec532cf38fdf09489e3cb27cc5f06a635ed212fb85cc1a8537e2420e9b2',#34,#30,#1100,.T.);
#1102=SURFACE_CURVE('',#366,(#742,#780),.PCURVE_S1.);
#1103=EDGE_CURVE('OSCAD_TOPO/3|edge|e:21c4ae7c7a76abee41fa62316621b76a|dc430a61ccb2a12963a25f0ddba0ca0fd113cf0a4b9f8723b52cae76a3867f83',#28,#36,#1102,.T.);
#1104=SURFACE_CURVE('',#369,(#747,#847),.PCURVE_S1.);
#1105=EDGE_CURVE('OSCAD_TOPO/3|edge|e:7817cf4c5be794e65304c7921b7b3a59|9b8c1fcba33ad43e17bfcdb75f06cd0481246b61e30ca25cd4081d98b734a5e6',#36,#32,#1104,.T.);
#1106=SURFACE_CURVE('',#372,(#771,#869),.PCURVE_S1.);
#1107=EDGE_CURVE('OSCAD_TOPO/3|edge|e:9d51c792a0cc76001207d2190b497f47|e082d4be32f27f4484dc4d1ac488ddb84624a91d11713eb61951d0f6c5c50957',#36,#34,#1106,.T.);
#1108=SURFACE_CURVE('',#376,(#796,#842),.PCURVE_S1.);
#1109=EDGE_CURVE('OSCAD_TOPO/3|edge|e:852bb977a0b8e835b2fc20fc5d6f8bde|a320b03d192d4c2b5dc0414d51597ab495f208905c601c3e6fea8c2eed75be31',#32,#38,#1108,.T.);
#1110=SURFACE_CURVE('',#379,(#801,#874),.PCURVE_S1.);
#1111=EDGE_CURVE('OSCAD_TOPO/3|edge|e:1a071d44722763cf38b782c09c86a77a|d7e86c5e608d7c84b17736a28fcf299c1788c84667fdd0c7dc074d036be4faed',#38,#40,#1110,.T.);
#1112=SURFACE_CURVE('',#383,(#807,#817),.PCURVE_S1.);
#1113=EDGE_CURVE('OSCAD_TOPO/3|edge|e:c561884b74496e6a1a7c24fc3b11ca29|c28ad3a0eb72c7fcac72847eadbd6dbd3fd65db4136bfa0e4b6088ac7022e9a1',#40,#30,#1112,.T.);
#1114=SURFACE_CURVE('',#387,(#827,#853),.PCURVE_S1.);
#1115=EDGE_CURVE('OSCAD_TOPO/3|edge|e:30a3bf3ca5f75b3c47fdd44b7857f966|1a9c07a8fccf1db6ebb63c58b0a4389a4937dc121828569de6193b993e1905bb',#34,#42,#1114,.T.);
#1116=SURFACE_CURVE('',#390,(#822,#896),.PCURVE_S1.);
#1117=EDGE_CURVE('OSCAD_TOPO/3|edge|e:297741c87e2375fee98d0c346ca7d6b4|c5ce1dd208e0a8adf373de7b79fc728a27c96a55199ff9a927983236f84b3fc8',#42,#40,#1116,.T.);
#1118=SURFACE_CURVE('',#394,(#832,#864),.PCURVE_S1.);
#1119=EDGE_CURVE('OSCAD_TOPO/3|edge|e:58c7e8367f6d8fe91b4747b9e6ff44f5|f2d3f4526d6bdf87c866f8c36df0655b56ba5a8e13f9d8bdd0e7496d3efb2ff1',#36,#44,#1118,.T.);
#1120=SURFACE_CURVE('',#397,(#837,#931),.PCURVE_S1.);
#1121=EDGE_CURVE('OSCAD_TOPO/3|edge|e:0ed52b92a363afdc56602551dafbeaa2|60c9fb516553b47da7e12302584c5e1a9cffcfeb31dfc6e2e445b8e291af5125',#44,#38,#1120,.T.);
#1122=SURFACE_CURVE('',#400,(#858,#953),.PCURVE_S1.);
#1123=EDGE_CURVE('OSCAD_TOPO/3|edge|e:4a6ec70e0b6c081229410fcd39b527a2|43353b4872707acda06033a95178c907dbeb0b0e45324078d5936934a9535be2',#44,#42,#1122,.T.);
#1124=SURFACE_CURVE('',#404,(#880,#926),.PCURVE_S1.);
#1125=EDGE_CURVE('OSCAD_TOPO/3|edge|e:0cedb6662f9433e5dcc3174527e7b5d6|8a3615e424cd16a693903bad642bbf56aa3c3b2b00d978ab1a8522de83d3cc5a',#38,#46,#1124,.T.);
#1126=SURFACE_CURVE('',#407,(#885,#958),.PCURVE_S1.);
#1127=EDGE_CURVE('OSCAD_TOPO/3|edge|e:679fb608cb2ebd91cbf530e02411fe88|6af0c35413953b65c4fe911a673734e7f609558c044079bb7643dfa6209f3c88',#46,#48,#1126,.T.);
#1128=SURFACE_CURVE('',#411,(#891,#901),.PCURVE_S1.);
#1129=EDGE_CURVE('OSCAD_TOPO/3|edge|e:ca80f4a643b08fb31279c8a92b7b45f2|2310797c319f783928b4b814709b586ebbed6aa6c5cf3a30b7b15eca9cd42801',#48,#40,#1128,.T.);
#1130=SURFACE_CURVE('',#415,(#911,#937),.PCURVE_S1.);
#1131=EDGE_CURVE('OSCAD_TOPO/3|edge|e:9857362ddddaad94ca772e24b74871b3|b74d0d6baee07a70e0bd108d1e1b30d651e8f168cd133ad164b1fa4a80e98699',#42,#50,#1130,.T.);
#1132=SURFACE_CURVE('',#418,(#906,#980),.PCURVE_S1.);
#1133=EDGE_CURVE('OSCAD_TOPO/3|edge|e:cb3cc7d6bd3fe7c2bddfd2066f3005d6|80da5bcc7f57d4aca15a07cf0fb7576f0ebdf17e7e24e6789478f9fcf9f5465f',#50,#48,#1132,.T.);
#1134=SURFACE_CURVE('',#422,(#916,#948),.PCURVE_S1.);
#1135=EDGE_CURVE('OSCAD_TOPO/3|edge|e:d4923da41cf551d6861c15cdf69e6baf|7ea0a8f06a300d9cb606425ce8f4d51d3ba5e35c52e323024942a4f977813d7f',#44,#52,#1134,.T.);
#1136=SURFACE_CURVE('',#425,(#921,#1015),.PCURVE_S1.);
#1137=EDGE_CURVE('OSCAD_TOPO/3|edge|e:6e65e2b3cb7b988c02dcc96ce78c41f5|95e4bae227b6ba1e3af35421bc7232ec4e11ca47e144a532d7b0899c24ae0028',#52,#46,#1136,.T.);
#1138=SURFACE_CURVE('',#428,(#942,#1037),.PCURVE_S1.);
#1139=EDGE_CURVE('OSCAD_TOPO/3|edge|e:0c2c3cd309273ca0ad585bd43531aea6|58210792564a78c8730d6a81ce28cb0808f4684e902a0f063deb9d889253e54f',#52,#50,#1138,.T.);
#1140=SURFACE_CURVE('',#432,(#964,#1010),.PCURVE_S1.);
#1141=EDGE_CURVE('OSCAD_TOPO/3|edge|e:54f7bead85c8799e707971a94e2e9e10|c2adcdaa34e9fabd40c703603e7a6710a1b4bf9e417813d6b744d34289bc186f',#46,#8,#1140,.T.);
#1142=SURFACE_CURVE('',#436,(#975,#985),.PCURVE_S1.);
#1143=EDGE_CURVE('OSCAD_TOPO/3|edge|e:ffeefa16f91bb6ae10de26a4705b5fb9|0200f9d36c42d542bb46e2276984349f87ed62027574f94211c82e0621782f8a',#2,#48,#1142,.T.);
#1144=SURFACE_CURVE('',#440,(#995,#1021),.PCURVE_S1.);
#1145=EDGE_CURVE('OSCAD_TOPO/3|edge|e:a95f87df35dd2abca24fdcebb758fdec|4536d8056214d1601dd07a603a80c585896b7b0f63062bb554fb738a2590e3ee',#50,#12,#1144,.T.);
#1146=SURFACE_CURVE('',#444,(#1000,#1032),.PCURVE_S1.);
#1147=EDGE_CURVE('OSCAD_TOPO/3|edge|e:f7a3641f15563362a7a5b2b6166a208a|25f6a5eec24f871ca93e0d17ab15c7ccdade9c7ce98ed554b89d5e7b47e5881d',#52,#16,#1146,.T.);
#1148=ORIENTED_EDGE('',*,*,#1039,.T.);
#1149=ORIENTED_EDGE('',*,*,#1041,.T.);
#1150=ORIENTED_EDGE('',*,*,#1043,.T.);
#1151=ORIENTED_EDGE('',*,*,#1045,.T.);
#1152=EDGE_LOOP('OSCAD_TOPO/3|loop|l:5ab17afaf1061c60d7c8a570cb9570e5|73ac5db0d272749523237311a732b66a56953f466be7f98dc80e90c18d5aa88e',(#1148,#1149,#1150,#1151));
#1153=ORIENTED_EDGE('',*,*,#1047,.T.);
#1154=ORIENTED_EDGE('',*,*,#1049,.T.);
#1155=ORIENTED_EDGE('',*,*,#1051,.T.);
#1156=ORIENTED_EDGE('',*,*,#1039,.F.);
#1157=EDGE_LOOP('OSCAD_TOPO/3|loop|l:f4c9d52495f386a3e71a7fa9e8e36bc7|6ef51cc77f576c8d3cbee67b2214f65685c8f44549b4c6b68cfcd8d14fd8216b',(#1153,#1154,#1155,#1156));
#1158=ORIENTED_EDGE('',*,*,#1057,.F.);
#1159=ORIENTED_EDGE('',*,*,#1043,.F.);
#1160=ORIENTED_EDGE('',*,*,#1055,.F.);
#1161=ORIENTED_EDGE('',*,*,#1053,.F.);
#1162=EDGE_LOOP('OSCAD_TOPO/3|loop|l:318677c5204c3ca5018721716d01a519|707ef3c409248beef361cb910442227f57119db71a53a2cc65e32818c694d9df',(#1158,#1159,#1160,#1161));
#1163=ORIENTED_EDGE('',*,*,#1059,.T.);
#1164=ORIENTED_EDGE('',*,*,#1061,.T.);
#1165=ORIENTED_EDGE('',*,*,#1049,.F.);
#1166=ORIENTED_EDGE('',*,*,#1063,.T.);
#1167=EDGE_LOOP('OSCAD_TOPO/3|loop|l:2ed1de46d97e297b9069f2e23e264394|0e003d6eb4f95d9de6dabcaaf01ec9a6439beaa5429c74a4650e33e9e41b0986',(#1163,#1164,#1165,#1166));
#1168=ORIENTED_EDGE('',*,*,#1053,.T.);
#1169=ORIENTED_EDGE('',*,*,#1067,.F.);
#1170=ORIENTED_EDGE('',*,*,#1059,.F.);
#1171=ORIENTED_EDGE('',*,*,#1065,.F.);
#1172=EDGE_LOOP('OSCAD_TOPO/3|loop|l:b0330c977158fef36c9ca5d9700d7194|267ef6c87ed917ef4c1bd086871ed99d0b7a2d4e6f65f67208b3488fed7eabe9',(#1168,#1169,#1170,#1171));
#1173=ORIENTED_EDGE('',*,*,#1069,.T.);
#1174=ORIENTED_EDGE('',*,*,#1071,.T.);
#1175=ORIENTED_EDGE('',*,*,#1073,.T.);
#1176=ORIENTED_EDGE('',*,*,#1041,.F.);
#1177=EDGE_LOOP('OSCAD_TOPO/3|loop|l:25cce3767c35d573c6fbbbce8d5e9ab9|2ac985052f87759d2d422008755c7fe227ff7f15ae3add216b9a6120d7c715d8',(#1173,#1174,#1175,#1176));
#1178=ORIENTED_EDGE('',*,*,#1051,.F.);
#1179=ORIENTED_EDGE('',*,*,#1075,.T.);
#1180=ORIENTED_EDGE('',*,*,#1077,.T.);
#1181=ORIENTED_EDGE('',*,*,#1069,.F.);
#1182=EDGE_LOOP('OSCAD_TOPO/3|loop|l:12c6b3473a69edddd0004dbaab753a6c|70d273814e41a0b41b3035b98ee0b759c0d69520027ee21854af6623c4938b2e',(#1178,#1179,#1180,#1181));
#1183=ORIENTED_EDGE('',*,*,#1055,.T.);
#1184=ORIENTED_EDGE('',*,*,#1073,.F.);
#1185=ORIENTED_EDGE('',*,*,#1081,.F.);
#1186=ORIENTED_EDGE('',*,*,#1079,.F.);
#1187=EDGE_LOOP('OSCAD_TOPO/3|loop|l:2a92693fdbbe03c3741544adc08077c8|fbc9ee2edb6cad5cbaee1cbceb193742c47ab8c8241b281aab3fec6c3d258274',(#1183,#1184,#1185,#1186));
#1188=ORIENTED_EDGE('',*,*,#1083,.T.);
#1189=ORIENTED_EDGE('',*,*,#1085,.T.);
#1190=ORIENTED_EDGE('',*,*,#1075,.F.);
#1191=ORIENTED_EDGE('',*,*,#1061,.F.);
#1192=EDGE_LOOP('OSCAD_TOPO/3|loop|l:32f698f7e9b3e7091266fde819dc461d|0d71751f151feac0ff73bb532c8691853c174ae856db926a9c97c9b178645455',(#1188,#1189,#1190,#1191));
#1193=ORIENTED_EDGE('',*,*,#1079,.T.);
#1194=ORIENTED_EDGE('',*,*,#1087,.F.);
#1195=ORIENTED_EDGE('',*,*,#1083,.F.);
#1196=ORIENTED_EDGE('',*,*,#1067,.T.);
#1197=EDGE_LOOP('OSCAD_TOPO/3|loop|l:da5d7f270f5bd4ed2ad72c2a3267b5b4|7c41c867ce12c5ab9ff7984e9c957d54c1a26fb01ca7dfbb8fec76a61968e878',(#1193,#1194,#1195,#1196));
#1198=ORIENTED_EDGE('',*,*,#1089,.T.);
#1199=ORIENTED_EDGE('',*,*,#1091,.T.);
#1200=ORIENTED_EDGE('',*,*,#1093,.T.);
#1201=ORIENTED_EDGE('',*,*,#1071,.F.);
#1202=EDGE_LOOP('OSCAD_TOPO/3|loop|l:e73348ad86a7fc56a5a3eae22949289b|95437266dcf64ce7d894e09f3da89300b7be28abf1bd5bc54d9d0854c3f1a635',(#1198,#1199,#1200,#1201));
#1203=ORIENTED_EDGE('',*,*,#1077,.F.);
#1204=ORIENTED_EDGE('',*,*,#1095,.T.);
#1205=ORIENTED_EDGE('',*,*,#1097,.T.);
#1206=ORIENTED_EDGE('',*,*,#1089,.F.);
#1207=EDGE_LOOP('OSCAD_TOPO/3|loop|l:6f260e6aeb1367be189581d5ef03d96e|d5e5351cb7581377739694315b56a12e02d7bef15c1140d5fe0dd9d2bdfec976',(#1203,#1204,#1205,#1206));
#1208=ORIENTED_EDGE('',*,*,#1081,.T.);
#1209=ORIENTED_EDGE('',*,*,#1093,.F.);
#1210=ORIENTED_EDGE('',*,*,#1101,.F.);
#1211=ORIENTED_EDGE('',*,*,#1099,.F.);
#1212=EDGE_LOOP('OSCAD_TOPO/3|loop|l:52d408fffd3869c9d66aace0f24d3c07|b98fa2cbbe00729e1977d78a6cbc5e76e3f7aef3c84f99dc5c4af65a0cf4a090',(#1208,#1209,#1210,#1211));
#1213=ORIENTED_EDGE('',*,*,#1103,.T.);
#1214=ORIENTED_EDGE('',*,*,#1105,.T.);
#1215=ORIENTED_EDGE('',*,*,#1095,.F.);
#1216=ORIENTED_EDGE('',*,*,#1085,.F.);
#1217=EDGE_LOOP('OSCAD_TOPO/3|loop|l:e2d4636ea7eec4c45be371bfc08e22fb|9a8eb15f2b6e1a4fcbab074ea543462076824d69cb6637049165239ea9b7e4b4',(#1213,#1214,#1215,#1216));
#1218=ORIENTED_EDGE('',*,*,#1099,.T.);
#1219=ORIENTED_EDGE('',*,*,#1107,.F.);
#1220=ORIENTED_EDGE('',*,*,#1103,.F.);
#1221=ORIENTED_EDGE('',*,*,#1087,.T.);
#1222=EDGE_LOOP('OSCAD_TOPO/3|loop|l:b84bdeabbe34953e89cc0787ae81ae92|5dbb833be5ac94b3fa8d9a0e89b11bdf1be2dc713a800b2c932e1ec08036c85e',(#1218,#1219,#1220,#1221));
#1223=ORIENTED_EDGE('',*,*,#1097,.F.);
#1224=ORIENTED_EDGE('',*,*,#1109,.T.);
#1225=ORIENTED_EDGE('',*,*,#1111,.T.);
#1226=ORIENTED_EDGE('',*,*,#1113,.T.);
#1227=EDGE_LOOP('OSCAD_TOPO/3|loop|l:ed1628f2c8b8092ff64509db93792ab0|399a4eac740ffbbc8d80bb983c3ae0ae4fbddb2119e8823dd1f4d02f32f86e94',(#1223,#1224,#1225,#1226));
#1228=ORIENTED_EDGE('',*,*,#1101,.T.);
#1229=ORIENTED_EDGE('',*,*,#1113,.F.);
#1230=ORIENTED_EDGE('',*,*,#1117,.F.);
#1231=ORIENTED_EDGE('',*,*,#1115,.F.);
#1232=EDGE_LOOP('OSCAD_TOPO/3|loop|l:c4fbfa9aa4e0b815764b438a76d03dbb|9559d8d6dff7a39522df5522857c3b12d7621e158715381d77d237325017a236',(#1228,#1229,#1230,#1231));
#1233=ORIENTED_EDGE('',*,*,#1119,.T.);
#1234=ORIENTED_EDGE('',*,*,#1121,.T.);
#1235=ORIENTED_EDGE('',*,*,#1109,.F.);
#1236=ORIENTED_EDGE('',*,*,#1105,.F.);
#1237=EDGE_LOOP('OSCAD_TOPO/3|loop|l:10634178b02ebd08e9e6d81dd377121d|f633ed1944f467490e79dea276371582be833215c1f7ae273ef332b9fc4f1c40',(#1233,#1234,#1235,#1236));
#1238=ORIENTED_EDGE('',*,*,#1115,.T.);
#1239=ORIENTED_EDGE('',*,*,#1123,.F.);
#1240=ORIENTED_EDGE('',*,*,#1119,.F.);
#1241=ORIENTED_EDGE('',*,*,#1107,.T.);
#1242=EDGE_LOOP('OSCAD_TOPO/3|loop|l:a077089fa2c56217e06f2aeebdd4e66f|52f7624f9f4521475bb8dfd3fd2346aecfab0a4ffc58a27be2f358351365b268',(#1238,#1239,#1240,#1241));
#1243=ORIENTED_EDGE('',*,*,#1111,.F.);
#1244=ORIENTED_EDGE('',*,*,#1125,.T.);
#1245=ORIENTED_EDGE('',*,*,#1127,.T.);
#1246=ORIENTED_EDGE('',*,*,#1129,.T.);
#1247=EDGE_LOOP('OSCAD_TOPO/3|loop|l:6281d4a63e9a534414dfe54479694433|aaea9c20f8c2fe67d7a08d6bd79710c5af3c5e258dac58e6044d026d93f1aa93',(#1243,#1244,#1245,#1246));
#1248=ORIENTED_EDGE('',*,*,#1117,.T.);
#1249=ORIENTED_EDGE('',*,*,#1129,.F.);
#1250=ORIENTED_EDGE('',*,*,#1133,.F.);
#1251=ORIENTED_EDGE('',*,*,#1131,.F.);
#1252=EDGE_LOOP('OSCAD_TOPO/3|loop|l:071f18f1e00ce50194a09cba8c5054f1|a56d2379386ebdfbb558725f5378bec2ca07c68f5515c8311f75dd8f393a92e6',(#1248,#1249,#1250,#1251));
#1253=ORIENTED_EDGE('',*,*,#1135,.T.);
#1254=ORIENTED_EDGE('',*,*,#1137,.T.);
#1255=ORIENTED_EDGE('',*,*,#1125,.F.);
#1256=ORIENTED_EDGE('',*,*,#1121,.F.);
#1257=EDGE_LOOP('OSCAD_TOPO/3|loop|l:25af052055a5a5811ad74ada0260addc|6c5c19c3d7d3ca08c7a652c879b8f68dbbe80afec08010dd0e5c6ef82dffef78',(#1253,#1254,#1255,#1256));
#1258=ORIENTED_EDGE('',*,*,#1131,.T.);
#1259=ORIENTED_EDGE('',*,*,#1139,.F.);
#1260=ORIENTED_EDGE('',*,*,#1135,.F.);
#1261=ORIENTED_EDGE('',*,*,#1123,.T.);
#1262=EDGE_LOOP('OSCAD_TOPO/3|loop|l:da2784858d09fa1db8160eac28318995|018c65a5bace5810fe364d51b370ddc408442c3f61166db3cf5291dd6bd89d7f',(#1258,#1259,#1260,#1261));
#1263=ORIENTED_EDGE('',*,*,#1127,.F.);
#1264=ORIENTED_EDGE('',*,*,#1141,.T.);
#1265=ORIENTED_EDGE('',*,*,#1047,.F.);
#1266=ORIENTED_EDGE('',*,*,#1143,.T.);
#1267=EDGE_LOOP('OSCAD_TOPO/3|loop|l:a3a6a189e2c53791d9402f81f21720ec|a28744946996c8e524d9a1e3bb31dec619da6f59be3c025a78f77d05e621c41f',(#1263,#1264,#1265,#1266));
#1268=ORIENTED_EDGE('',*,*,#1133,.T.);
#1269=ORIENTED_EDGE('',*,*,#1143,.F.);
#1270=ORIENTED_EDGE('',*,*,#1057,.T.);
#1271=ORIENTED_EDGE('',*,*,#1145,.F.);
#1272=EDGE_LOOP('OSCAD_TOPO/3|loop|l:6ce97c64c077c0d2d8af85633db950c2|b11bd94be86a05b7801f642dab4dcb5493534dd2b19b54a041a7ce3057dec918',(#1268,#1269,#1270,#1271));
#1273=ORIENTED_EDGE('',*,*,#1147,.T.);
#1274=ORIENTED_EDGE('',*,*,#1063,.F.);
#1275=ORIENTED_EDGE('',*,*,#1141,.F.);
#1276=ORIENTED_EDGE('',*,*,#1137,.F.);
#1277=EDGE_LOOP('OSCAD_TOPO/3|loop|l:bbb24ae06bd0f408101a0c9c95cbac26|c52598085d96d33ffff217818b1f0e0c705bd87007455b5c3c0d6d72869ece97',(#1273,#1274,#1275,#1276));
#1278=ORIENTED_EDGE('',*,*,#1145,.T.);
#1279=ORIENTED_EDGE('',*,*,#1065,.T.);
#1280=ORIENTED_EDGE('',*,*,#1147,.F.);
#1281=ORIENTED_EDGE('',*,*,#1139,.T.);
#1282=EDGE_LOOP('OSCAD_TOPO/3|loop|l:252133a79370fafb4c815100195fc256|69912ccd09344d854f251eda55c29c5c850c2e429cd8d91837e609b0fcaffee8',(#1278,#1279,#1280,#1281));
#1283=FACE_OUTER_BOUND('',#1152,.T.);
#1284=ADVANCED_FACE('OSCAD_TOPO/3|face|f:95f8f73abaf7c52e5f9b2cfaf3bbc761|092b5d6782c1aa484434464bd79a64ff27a47f455269241b4a8c3675ca86ff3d',(#1283),#71,.T.);
#1285=FACE_OUTER_BOUND('',#1157,.T.);
#1286=ADVANCED_FACE('OSCAD_TOPO/3|face|f:b39fde12336ab474cdbf8906cf7e5ec1|27c6b6ba0576868d6e4e488b49ad8b5c2f9b2d9c4de4d95f02b819b51deb61a7',(#1285),#76,.T.);
#1287=FACE_OUTER_BOUND('',#1162,.T.);
#1288=ADVANCED_FACE('OSCAD_TOPO/3|face|f:c60b277d6718c3e81862fb1182284c45|09674e707b8d3df1a8383997cd523a6ccaa04c6e13bcca419d610ebcdb8ee232',(#1287),#89,.T.);
#1289=FACE_OUTER_BOUND('',#1167,.T.);
#1290=ADVANCED_FACE('OSCAD_TOPO/3|face|f:0c7ea493868388ee0c95d05142f4f252|574581a9fd1cb4b1471d27114014c25b17321fad98ad905c4dc5d826bfc0274b',(#1289),#102,.T.);
#1291=FACE_OUTER_BOUND('',#1172,.T.);
#1292=ADVANCED_FACE('OSCAD_TOPO/3|face|f:0924953aa9245fb4fbf9c639f045e5b5|2185034b96aa289c2b75a1d114fb54d9221dfd5173d095543c1098c3e0839d89',(#1291),#107,.T.);
#1293=FACE_OUTER_BOUND('',#1177,.T.);
#1294=ADVANCED_FACE('OSCAD_TOPO/3|face|f:21abd0411ae1ea6a4e97ea94a637f446|5b80ba7e3d555410bce23e75800b6ef374be7614378288ed156e9ab6c295d352',(#1293),#117,.T.);
#1295=FACE_OUTER_BOUND('',#1182,.T.);
#1296=ADVANCED_FACE('OSCAD_TOPO/3|face|f:575e7ccbe7b04c5c74ea5d4a2d5fde0b|2b0d67878278bbcc0588538376a536ed6b72fbd8869a48ac21fd1ee4629dfc21',(#1295),#76,.T.);
#1297=FACE_OUTER_BOUND('',#1187,.T.);
#1298=ADVANCED_FACE('OSCAD_TOPO/3|face|f:6f64b92289b907f0f4b8f00867924343|953f3667ae082134454b445acc87a0db319a4a4391d305d8db708320b2a53788',(#1297),#124,.T.);
#1299=FACE_OUTER_BOUND('',#1192,.T.);
#1300=ADVANCED_FACE('OSCAD_TOPO/3|face|f:e7c11e556655b7555174de337325bab1|3003e07bd5538bfc49507f3f66b130061a55b630c5584958bd887b731cc080a7',(#1299),#131,.T.);
#1301=FACE_OUTER_BOUND('',#1197,.T.);
#1302=ADVANCED_FACE('OSCAD_TOPO/3|face|f:b8dd9df5e0e8a4c0616aa28a26cae93b|59aa8255277a5413e018552c37f7e5f9c3ba0de6c41d9f2be08f9fdb3fc8e2a1',(#1301),#107,.T.);
#1303=FACE_OUTER_BOUND('',#1202,.T.);
#1304=ADVANCED_FACE('OSCAD_TOPO/3|face|f:83f7798a9fc81cf18190832e810b1815|871d709f98283a189dd8ab3e002a0098d13978ffbdb09cec341afda328648900',(#1303),#150,.T.);
#1305=FACE_OUTER_BOUND('',#1207,.T.);
#1306=ADVANCED_FACE('OSCAD_TOPO/3|face|f:d9f4856b89002992eced16ba4938a4c4|b144ab4d0ddfb29696d962680641d3883e8a6e8b6ae165955193be452ed6a13f',(#1305),#76,.T.);
#1307=FACE_OUTER_BOUND('',#1212,.T.);
#1308=ADVANCED_FACE('OSCAD_TOPO/3|face|f:9849dc2b273f9dedcd0bb318e64be70e|5758345179a455a484f7efdcfd32f773947bd035f75a63a6e9e13887203ba295',(#1307),#163,.T.);
#1309=FACE_OUTER_BOUND('',#1217,.T.);
#1310=ADVANCED_FACE('OSCAD_TOPO/3|face|f:7b2b67f264f4f52d55235de01294e720|8386811e9a91f315eaa5d73f913b1da86b720c67f45b91af9dc0614a1d854467',(#1309),#176,.T.);
#1311=FACE_OUTER_BOUND('',#1222,.T.);
#1312=ADVANCED_FACE('OSCAD_TOPO/3|face|f:a3443bb74e463eebc0b25478e1105093|1674bc129adf85d80efbc24a6f68d6b937f9f10ca8993703dc2516fab33cc90e',(#1311),#107,.T.);
#1313=FACE_OUTER_BOUND('',#1227,.T.);
#1314=ADVANCED_FACE('OSCAD_TOPO/3|face|f:84d0077554bf7bc2e7b73a806e9fe034|5314fef638d729cf264dc3d1f24b46dc7fbddf337dcc28e9c2cb7fb8b24c14fc',(#1313),#76,.T.);
#1315=FACE_OUTER_BOUND('',#1232,.T.);
#1316=ADVANCED_FACE('OSCAD_TOPO/3|face|f:7117b437873e8ad373d014e35d730e02|603a2fd0ce5acc4d96688d24ae3516feb091671707f9e9111b992a9f7cd664aa',(#1315),#183,.T.);
#1317=FACE_OUTER_BOUND('',#1237,.T.);
#1318=ADVANCED_FACE('OSCAD_TOPO/3|face|f:8f3422e1365566d127d73c7dc20241b3|94174d3d0098eb93dbbb4fa77db256d20df115d8dd4e8f0e724b4f4d9b66a23c',(#1317),#190,.T.);
#1319=FACE_OUTER_BOUND('',#1242,.T.);
#1320=ADVANCED_FACE('OSCAD_TOPO/3|face|f:fc90c9e60788233fffb837617376fab0|47b4e6c6cf0642619bd21617af6a29d8270878946cc3f31a44b0aa888af96ffa',(#1319),#107,.T.);
#1321=FACE_OUTER_BOUND('',#1247,.T.);
#1322=ADVANCED_FACE('OSCAD_TOPO/3|face|f:7e2f07e68ebe7e785298b972238f9260|ca4723adac68cd8494a9bc2050c37bc545b2e3a4cf5b86845ed202be703559fc',(#1321),#76,.T.);
#1323=FACE_OUTER_BOUND('',#1252,.T.);
#1324=ADVANCED_FACE('OSCAD_TOPO/3|face|f:30d7d9306533b0a71d948c909786c572|8bae838f3f26a8e12bb12513dfdfc50808843075c599211fdd4b3cd60c6e7270',(#1323),#197,.T.);
#1325=FACE_OUTER_BOUND('',#1257,.T.);
#1326=ADVANCED_FACE('OSCAD_TOPO/3|face|f:09fc627ce537f099df648c349f0ff3dc|286478fe1a46226d8ac1134aeb360e6b867d0a9b604b371cc48b8345d31834f1',(#1325),#204,.T.);
#1327=FACE_OUTER_BOUND('',#1262,.T.);
#1328=ADVANCED_FACE('OSCAD_TOPO/3|face|f:fe60e386c57a0e38068b81afb319dfcf|575a8231ecba8df7e5186f9d0915dc9b0681eacaff701683882f22b59a309b34',(#1327),#107,.T.);
#1329=FACE_OUTER_BOUND('',#1267,.T.);
#1330=ADVANCED_FACE('OSCAD_TOPO/3|face|f:8e6592ed90784477da82396263d90b22|652428682ce087f2bd25cd87412e076a79fc9f159d7776c12fd3f4bcc97315e1',(#1329),#76,.T.);
#1331=FACE_OUTER_BOUND('',#1272,.T.);
#1332=ADVANCED_FACE('OSCAD_TOPO/3|face|f:02451163a71fdad501a45636cf0e0998|21460804afa58cce104680bf4633b5851ae5a4b02004b8318dfa06fcd3ad4f4b',(#1331),#211,.T.);
#1333=FACE_OUTER_BOUND('',#1277,.T.);
#1334=ADVANCED_FACE('OSCAD_TOPO/3|face|f:05ec5582ebe0fd4601a7242c437c269d|a305946ea718b1e8238fd5171b665093658bbd144a0753b5bae2c50f53b318ff',(#1333),#218,.T.);
#1335=FACE_OUTER_BOUND('',#1282,.T.);
#1336=ADVANCED_FACE('OSCAD_TOPO/3|face|f:73ec34ece1158edf6b4ca66fbca9d91d|9b3aa5a4965ab3a3b7341aba1e0a12ca7fa72c2de5cb28b27f8ebade7daee01a',(#1335),#107,.T.);
#1337=CLOSED_SHELL('OSCAD_TOPO/3|shell|s:cf0d9c3c271d38a30fc156d579faa775|25a150bb281f7f3b93dd280ab70df1e6c62782c038b7b08fad86ddf9c972cf59',(#1284,#1286,#1288,#1290,#1292,#1294,#1296,#1298,#1300,#1302,#1304,#1306,#1308,#1310,#1312,#1314,#1316,#1318,#1320,#1322,#1324,#1326,#1328,#1330,#1332,#1334,#1336));
#1338=MANIFOLD_SOLID_BREP('OSCAD_TOPO/3|body|b:0eab6d482e91793dbec29012d5c30e9c|6ad6f73545b5317764cd5ef94716ce56a5283c14a5f2d7b2475fdc49c86296e8',#1337);
#1339=(LENGTH_UNIT()NAMED_UNIT(*)SI_UNIT(.MILLI.,.METRE.));
#1340=UNCERTAINTY_MEASURE_WITH_UNIT(LENGTH_MEASURE(9.99999999999999955E-8),#1339,'distance_accuracy_value','');
#1341=(GEOMETRIC_REPRESENTATION_CONTEXT(3)GLOBAL_UNCERTAINTY_ASSIGNED_CONTEXT((#1340))GLOBAL_UNIT_ASSIGNED_CONTEXT((#1339))REPRESENTATION_CONTEXT('','3D'));
#1342=ADVANCED_BREP_SHAPE_REPRESENTATION('',(#1338),#1341);
#1343=APPLICATION_CONTEXT('managed model based 3d engineering');
#1344=PRODUCT_CONTEXT('',#1343,'mechanical');
#1345=PRODUCT('model','model','',(#1344));
#1346=PRODUCT_DEFINITION_FORMATION('1','',#1345);
#1347=PRODUCT_DEFINITION_CONTEXT('part definition',#1343,'design');
#1348=PRODUCT_DEFINITION('design','',#1346,#1347);
#1349=PRODUCT_DEFINITION_SHAPE('','',#1348);
#1350=SHAPE_DEFINITION_REPRESENTATION(#1349,#1342);
ENDSEC;
END-ISO-10303-21;
