ISO-10303-21;
HEADER;
FILE_DESCRIPTION(('OpenSCAD Viewer retained AP242 B-rep'),'2;1');
FILE_NAME('model.step','',(''),(''),'OpenSCAD Viewer','OpenSCAD Viewer','');
FILE_SCHEMA(('AP242_MANAGED_MODEL_BASED_3D_ENGINEERING_MIM_LF'));
ENDSEC;
DATA;
#1=CARTESIAN_POINT('',(1.00000000000000000E1,0.00000000000000000E0,3.00000000000000000E0));
#2=VERTEX_POINT('OSCAD_TOPO/3|vertex|v:15b6d2a830368a527a8175c95a60ee58|bee90ec59b0e84af41500affd4c3353f778495ef40110dd626bde9f249288805',#1);
#3=CARTESIAN_POINT('',(8.08394590947375846E0,3.34848003319453547E0,3.00000000000000000E0));
#4=VERTEX_POINT('OSCAD_TOPO/3|vertex|v:1a3f1dfde680d71b559e5c8f6b8ba367|2ee793dc8800a41c25a4841586775c0762ab1bebe82ed00f03692ebb644a6a98',#3);
#5=CARTESIAN_POINT('',(9.23879532511286783E0,3.82683432365089793E0,1.75000000000000000E0));
#6=VERTEX_POINT('OSCAD_TOPO/3|vertex|v:da3a03fd0990950dd280f0eae80298a3|547946c65c258bcd833bbff6c4f673f2e69247a67f621e840c84d9f5528a5c2f',#5);
#7=CARTESIAN_POINT('',(2.30969883127821696E0,9.56708580912724593E-1,3.00000000000000000E0));
#8=VERTEX_POINT('OSCAD_TOPO/3|vertex|v:317fa6ed3927baa8fe5a06347af58142|148ce046a514894ad7337d0d080c52886c2b494caf5c92953aabe59939b610fb',#7);
#9=CARTESIAN_POINT('',(2.50000000000000000E0,0.00000000000000000E0,3.00000000000000000E0));
#10=VERTEX_POINT('OSCAD_TOPO/3|vertex|v:adfcd630935441846b8ea9e6a3351e9e|89a071c7927d6d3d574913487673218f2f4616dc6fd7f4e9f99add7f871a0287',#9);
#11=CARTESIAN_POINT('',(1.00000000000000000E1,0.00000000000000000E0,0.00000000000000000E0));
#12=VERTEX_POINT('OSCAD_TOPO/3|vertex|v:de3e486565e3a7617eea6e36ede06c2b|3353643bad860c733430b2273204e26943203410030abd80943e3de65777f15e',#11);
#13=CARTESIAN_POINT('',(9.23879532511286783E0,3.82683432365089793E0,0.00000000000000000E0));
#14=VERTEX_POINT('OSCAD_TOPO/3|vertex|v:6d85084b23dc33803d5d99e424f9b72f|be7625116a0c0fe37a98f7f8ae96acfa8d9b2ad4a64fb6f206f40eab43f521c1',#13);
#15=CARTESIAN_POINT('',(2.50000000000000000E0,0.00000000000000000E0,0.00000000000000000E0));
#16=VERTEX_POINT('OSCAD_TOPO/3|vertex|v:5107a35b396cb78e6ffc77a055c996e2|fd1634c4e735c61cd7b0aa300d1118d20f6551ec26fb5c29ea2374dcd57cb3b2',#15);
#17=CARTESIAN_POINT('',(2.30969883127821696E0,9.56708580912724593E-1,0.00000000000000000E0));
#18=VERTEX_POINT('OSCAD_TOPO/3|vertex|v:5be4d7b895dc0ac9dd731db4a03f8e16|cfc54e010434c7ac9038276db238154e1593f6f41a536fbebea670af962b644a',#17);
#19=CARTESIAN_POINT('',(3.34848003319453591E0,8.08394590947375846E0,3.00000000000000000E0));
#20=VERTEX_POINT('OSCAD_TOPO/3|vertex|v:13a4cf65af40fac71387ca46901dbaa4|477f590dc475736fdcdef98ca5d2f9dc49b09fc750546142569f917853374a28',#19);
#21=CARTESIAN_POINT('',(3.82683432365089837E0,9.23879532511286783E0,1.75000000000000000E0));
#22=VERTEX_POINT('OSCAD_TOPO/3|vertex|v:8a9c8d8e9b52ee20b16bba9f69da7792|1b130585be1d552c62857f06e6e597b0f34a0d8c59cfa8771f4aa1692c097946',#21);
#23=CARTESIAN_POINT('',(9.56708580912724593E-1,2.30969883127821696E0,3.00000000000000000E0));
#24=VERTEX_POINT('OSCAD_TOPO/3|vertex|v:21eccb240bef8196e3ed0ec62493f43c|5912aa9d123bb5bfd8da9f01c01539f873738c464ce2e8410729d90bb6c9a842',#23);
#25=CARTESIAN_POINT('',(3.82683432365089837E0,9.23879532511286783E0,0.00000000000000000E0));
#26=VERTEX_POINT('OSCAD_TOPO/3|vertex|v:9940e936831657f7a3711cf4768f3112|f3f8b8e999684fd855ccd2ddc3cafedbce385eea9e192189f406cf23a74b5bf4',#25);
#27=CARTESIAN_POINT('',(9.56708580912724593E-1,2.30969883127821696E0,0.00000000000000000E0));
#28=VERTEX_POINT('OSCAD_TOPO/3|vertex|v:2bcbfaca3be8f362ecdd2decbcfd277f|f61aebc364c00a027bf8fd8ae40cd1bd17ea110ae8821b0494ef9e1377b46f28',#27);
#29=CARTESIAN_POINT('',(0.00000000000000000E0,1.00000000000000000E1,3.00000000000000000E0));
#30=VERTEX_POINT('OSCAD_TOPO/3|vertex|v:dc7541ef507e71be45d55b84528c781d|b9273e82b0fe5910737cce24174db1e8dcf96e748e1e128937808861363a8307',#29);
#31=CARTESIAN_POINT('',(0.00000000000000000E0,2.50000000000000000E0,3.00000000000000000E0));
#32=VERTEX_POINT('OSCAD_TOPO/3|vertex|v:6886a9daea5e1d17c317cd53e8bdf1b5|cfabc43b07aeb1528326f1804ea9341ed628ac77ae41b22f4ff293a359e70348',#31);
#33=CARTESIAN_POINT('',(0.00000000000000000E0,1.00000000000000000E1,0.00000000000000000E0));
#34=VERTEX_POINT('OSCAD_TOPO/3|vertex|v:20390dbab053390b17f1cd806dfaa2db|01ca02167a710a35a72e0cc32f356edccab0d226bfb29f014dd9ca88560e82d4',#33);
#35=CARTESIAN_POINT('',(0.00000000000000000E0,2.50000000000000000E0,0.00000000000000000E0));
#36=VERTEX_POINT('OSCAD_TOPO/3|vertex|v:30b33bee02e3c27fd5b30b5d5bda6459|f3aeeb7f2226111e36bdd94f5618c7de3bb3ee929c0b1b82d6d2c4efbc666a0d',#35);
#37=CARTESIAN_POINT('',(-1.00000000000000000E1,0.00000000000000000E0,3.00000000000000000E0));
#38=VERTEX_POINT('OSCAD_TOPO/3|vertex|v:f966eb26dc00169f40cb0e2218e9d0f3|65f9e134b54cb5b0fac9d8187519a2575369dcfbe21f823ae836568045ac8863',#37);
#39=CARTESIAN_POINT('',(-2.50000000000000000E0,0.00000000000000000E0,3.00000000000000000E0));
#40=VERTEX_POINT('OSCAD_TOPO/3|vertex|v:e5238d349e6a953b28728657945bc756|c939ebb105d5cc5df5395e04d0f5b0c71ac85601f2694c755f15255d8933aa30',#39);
#41=CARTESIAN_POINT('',(-1.00000000000000000E1,0.00000000000000000E0,0.00000000000000000E0));
#42=VERTEX_POINT('OSCAD_TOPO/3|vertex|v:7616f68acae257169fc22b46681568d2|02f7380f18527975955058662daf044b41d418ecc2b2b58f19a5fd49e70c13cc',#41);
#43=CARTESIAN_POINT('',(-2.50000000000000000E0,0.00000000000000000E0,0.00000000000000000E0));
#44=VERTEX_POINT('OSCAD_TOPO/3|vertex|v:3237928e26bef7dc650e7905ec619ba4|a3903c5db5a5c9cd429d9e0e4a4e32ca9a9b0d53891cd286b09659f1e986cd94',#43);
#45=CARTESIAN_POINT('',(0.00000000000000000E0,-1.00000000000000000E1,3.00000000000000000E0));
#46=VERTEX_POINT('OSCAD_TOPO/3|vertex|v:48b8d02275584e096818e4f90339c26b|0fbd755472677e1dc6271322b51bf6f29d5cbe1fdc06afb32b920efdca770128',#45);
#47=CARTESIAN_POINT('',(0.00000000000000000E0,-2.50000000000000000E0,3.00000000000000000E0));
#48=VERTEX_POINT('OSCAD_TOPO/3|vertex|v:6f10fa5777d471b8cc2a47d9af7c2a5e|70093022067badd7b47a43ac70a38864999571106edebcb1f8dd083012e23d29',#47);
#49=CARTESIAN_POINT('',(0.00000000000000000E0,-1.00000000000000000E1,0.00000000000000000E0));
#50=VERTEX_POINT('OSCAD_TOPO/3|vertex|v:5658a43174d96d79374a73200af5ef93|ea90c5efaccc18729a909cfd7b90e319a1032dc4a9050ece6c5187f101855d6a',#49);
#51=CARTESIAN_POINT('',(0.00000000000000000E0,-2.50000000000000000E0,0.00000000000000000E0));
#52=VERTEX_POINT('OSCAD_TOPO/3|vertex|v:b8909d5d084e289dfb863d57a97f12c0|e0fa0d94bb9979f53996069d9bdfcbf7d4e704b9878c31d04827c6c359b7117a',#51);
#53=CARTESIAN_POINT('',(8.08394590947375846E0,3.34848003319453547E0,3.00000000000000000E0));
#54=CARTESIAN_POINT('',(9.23879532511286783E0,3.82683432365089793E0,3.00000000000000000E0));
#55=CARTESIAN_POINT('',(9.23879532511286783E0,3.82683432365089793E0,1.75000000000000000E0));
#56=CARTESIAN_POINT('',(8.34727222517743783E0,2.71275407049297712E0,3.00000000000000000E0));
#57=CARTESIAN_POINT('',(9.53973968591706978E0,3.10029036627768795E0,2.99999999999999956E0));
#58=CARTESIAN_POINT('',(9.53973968591706978E0,3.10029036627768795E0,1.75000000000000000E0));
#59=CARTESIAN_POINT('',(8.89834888689233772E0,2.19761036788101505E0,2.99999999999999956E0));
#60=CARTESIAN_POINT('',(9.76897515091684987E0,2.34563465651285430E0,2.99999999999999956E0));
#61=CARTESIAN_POINT('',(9.76897515091684809E0,2.34563465651285430E0,2.12937373597548874E0));
#62=CARTESIAN_POINT('',(9.54361798099679426E0,1.57134109154076196E0,3.00000000000000044E0));
#63=CARTESIAN_POINT('',(9.92299171697228566E0,1.57134109154076196E0,3.00000000000000000E0));
#64=CARTESIAN_POINT('',(9.92299171697228388E0,1.57134109154076196E0,2.62062626402451171E0));
#65=CARTESIAN_POINT('',(1.00000000000000000E1,7.86405512630331205E-1,3.00000000000000000E0));
#66=CARTESIAN_POINT('',(9.99999999999999822E0,7.86405512630331316E-1,2.99999999999999956E0));
#67=CARTESIAN_POINT('',(1.00000000000000000E1,7.86405512630331205E-1,3.00000000000000000E0));
#68=CARTESIAN_POINT('',(1.00000000000000000E1,0.00000000000000000E0,3.00000000000000000E0));
#69=CARTESIAN_POINT('',(1.00000000000000000E1,0.00000000000000000E0,3.00000000000000000E0));
#70=CARTESIAN_POINT('',(1.00000000000000000E1,0.00000000000000000E0,3.00000000000000000E0));
#71=(BOUNDED_SURFACE()B_SPLINE_SURFACE(5,2,((#53,#54,#55),(#56,#57,#58),(#59,#60,#61),(#62,#63,#64),(#65,#66,#67),(#68,#69,#70)),.UNSPECIFIED.,.F.,.F.,.F.)B_SPLINE_SURFACE_WITH_KNOTS((6,6),(3,3),(0.00000000000000000E0,1.00000000000000000E0),(0.00000000000000000E0,1.00000000000000000E0),.UNSPECIFIED.)GEOMETRIC_REPRESENTATION_ITEM()RATIONAL_B_SPLINE_SURFACE(((1.00000000000000000E0,7.07106781186547573E-1,1.00000000000000000E0),(9.92314112161292172E-1,7.01672037776358115E-1,9.92314112161292172E-1),(9.88471168241938258E-1,6.98954666071263331E-1,9.88471168241938258E-1),(9.88471168241938147E-1,6.98954666071263220E-1,9.88471168241938147E-1),(9.92314112161292172E-1,7.01672037776358115E-1,9.92314112161292172E-1),(1.00000000000000000E0,7.07106781186547573E-1,1.00000000000000000E0)))REPRESENTATION_ITEM('')SURFACE());
#72=CARTESIAN_POINT('',(-1.00000000000000000E1,-1.00000000000000000E1,3.00000000000000000E0));
#73=CARTESIAN_POINT('',(-1.00000000000000000E1,1.00000000000000000E1,3.00000000000000000E0));
#74=CARTESIAN_POINT('',(1.00000000000000000E1,-1.00000000000000000E1,3.00000000000000000E0));
#75=CARTESIAN_POINT('',(1.00000000000000000E1,1.00000000000000000E1,3.00000000000000000E0));
#76=B_SPLINE_SURFACE_WITH_KNOTS('',1,1,((#72,#73),(#74,#75)),.UNSPECIFIED.,.F.,.F.,.F.,(2,2),(2,2),(0.00000000000000000E0,1.00000000000000000E0),(0.00000000000000000E0,1.00000000000000000E0),.UNSPECIFIED.);
#77=CARTESIAN_POINT('',(1.00000000000000000E1,0.00000000000000000E0,0.00000000000000000E0));
#78=CARTESIAN_POINT('',(1.00000000000000000E1,0.00000000000000000E0,3.00000000000000000E0));
#79=CARTESIAN_POINT('',(1.00000000000000000E1,7.86405512630331205E-1,0.00000000000000000E0));
#80=CARTESIAN_POINT('',(1.00000000000000000E1,7.86405512630331205E-1,3.00000000000000000E0));
#81=CARTESIAN_POINT('',(9.92299171697228388E0,1.57134109154076196E0,0.00000000000000000E0));
#82=CARTESIAN_POINT('',(9.92299171697228388E0,1.57134109154076196E0,3.00000000000000000E0));
#83=CARTESIAN_POINT('',(9.76897515091684809E0,2.34563465651285430E0,0.00000000000000000E0));
#84=CARTESIAN_POINT('',(9.76897515091684809E0,2.34563465651285430E0,3.00000000000000000E0));
#85=CARTESIAN_POINT('',(9.53973968591706978E0,3.10029036627768795E0,0.00000000000000000E0));
#86=CARTESIAN_POINT('',(9.53973968591706978E0,3.10029036627768795E0,3.00000000000000000E0));
#87=CARTESIAN_POINT('',(9.23879532511286783E0,3.82683432365089793E0,0.00000000000000000E0));
#88=CARTESIAN_POINT('',(9.23879532511286783E0,3.82683432365089793E0,3.00000000000000000E0));
#89=(BOUNDED_SURFACE()B_SPLINE_SURFACE(5,1,((#77,#78),(#79,#80),(#81,#82),(#83,#84),(#85,#86),(#87,#88)),.UNSPECIFIED.,.F.,.F.,.F.)B_SPLINE_SURFACE_WITH_KNOTS((6,6),(2,2),(0.00000000000000000E0,1.00000000000000000E0),(0.00000000000000000E0,1.00000000000000000E0),.UNSPECIFIED.)GEOMETRIC_REPRESENTATION_ITEM()RATIONAL_B_SPLINE_SURFACE(((1.00000000000000000E0,1.00000000000000000E0),(9.92314112161292172E-1,9.92314112161292172E-1),(9.88471168241938147E-1,9.88471168241938147E-1),(9.88471168241938258E-1,9.88471168241938258E-1),(9.92314112161292172E-1,9.92314112161292172E-1),(1.00000000000000000E0,1.00000000000000000E0)))REPRESENTATION_ITEM('')SURFACE());
#90=CARTESIAN_POINT('',(2.30969883127821696E0,9.56708580912724593E-1,0.00000000000000000E0));
#91=CARTESIAN_POINT('',(2.30969883127821696E0,9.56708580912724593E-1,3.00000000000000000E0));
#92=CARTESIAN_POINT('',(2.38493492147926744E0,7.75072591569421987E-1,0.00000000000000000E0));
#93=CARTESIAN_POINT('',(2.38493492147926744E0,7.75072591569421987E-1,3.00000000000000000E0));
#94=CARTESIAN_POINT('',(2.44224378772921202E0,5.86408664128213575E-1,0.00000000000000000E0));
#95=CARTESIAN_POINT('',(2.44224378772921202E0,5.86408664128213575E-1,3.00000000000000000E0));
#96=CARTESIAN_POINT('',(2.48074792924307097E0,3.92835272885190490E-1,0.00000000000000000E0));
#97=CARTESIAN_POINT('',(2.48074792924307097E0,3.92835272885190490E-1,3.00000000000000000E0));
#98=CARTESIAN_POINT('',(2.50000000000000000E0,1.96601378157582801E-1,0.00000000000000000E0));
#99=CARTESIAN_POINT('',(2.50000000000000000E0,1.96601378157582801E-1,3.00000000000000000E0));
#100=CARTESIAN_POINT('',(2.50000000000000000E0,0.00000000000000000E0,0.00000000000000000E0));
#101=CARTESIAN_POINT('',(2.50000000000000000E0,0.00000000000000000E0,3.00000000000000000E0));
#102=(BOUNDED_SURFACE()B_SPLINE_SURFACE(5,1,((#90,#91),(#92,#93),(#94,#95),(#96,#97),(#98,#99),(#100,#101)),.UNSPECIFIED.,.F.,.F.,.F.)B_SPLINE_SURFACE_WITH_KNOTS((6,6),(2,2),(0.00000000000000000E0,1.00000000000000000E0),(0.00000000000000000E0,1.00000000000000000E0),.UNSPECIFIED.)GEOMETRIC_REPRESENTATION_ITEM()RATIONAL_B_SPLINE_SURFACE(((1.00000000000000000E0,1.00000000000000000E0),(9.92314112161292172E-1,9.92314112161292172E-1),(9.88471168241938258E-1,9.88471168241938258E-1),(9.88471168241938147E-1,9.88471168241938147E-1),(9.92314112161292172E-1,9.92314112161292172E-1),(1.00000000000000000E0,1.00000000000000000E0)))REPRESENTATION_ITEM('')SURFACE());
#103=CARTESIAN_POINT('',(1.00000000000000000E1,-1.00000000000000000E1,0.00000000000000000E0));
#104=CARTESIAN_POINT('',(1.00000000000000000E1,1.00000000000000000E1,0.00000000000000000E0));
#105=CARTESIAN_POINT('',(-1.00000000000000000E1,-1.00000000000000000E1,0.00000000000000000E0));
#106=CARTESIAN_POINT('',(-1.00000000000000000E1,1.00000000000000000E1,0.00000000000000000E0));
#107=B_SPLINE_SURFACE_WITH_KNOTS('',1,1,((#103,#104),(#105,#106)),.UNSPECIFIED.,.F.,.F.,.F.,(2,2),(2,2),(0.00000000000000000E0,1.00000000000000000E0),(0.00000000000000000E0,1.00000000000000000E0),.UNSPECIFIED.);
#108=CARTESIAN_POINT('',(3.34848003319453591E0,8.08394590947375846E0,3.00000000000000000E0));
#109=CARTESIAN_POINT('',(3.82683432365089837E0,9.23879532511286783E0,3.00000000000000000E0));
#110=CARTESIAN_POINT('',(3.82683432365089837E0,9.23879532511286783E0,1.75000000000000000E0));
#111=CARTESIAN_POINT('',(6.69696006638907093E0,6.69696006638907004E0,3.00000000000000000E0));
#112=CARTESIAN_POINT('',(7.65366864730179586E0,7.65366864730179408E0,3.00000000000000000E0));
#113=CARTESIAN_POINT('',(7.65366864730179586E0,7.65366864730179408E0,1.75000000000000000E0));
#114=CARTESIAN_POINT('',(8.08394590947375846E0,3.34848003319453547E0,3.00000000000000000E0));
#115=CARTESIAN_POINT('',(9.23879532511286783E0,3.82683432365089793E0,3.00000000000000000E0));
#116=CARTESIAN_POINT('',(9.23879532511286783E0,3.82683432365089793E0,1.75000000000000000E0));
#117=(BOUNDED_SURFACE()B_SPLINE_SURFACE(2,2,((#108,#109,#110),(#111,#112,#113),(#114,#115,#116)),.UNSPECIFIED.,.F.,.F.,.F.)B_SPLINE_SURFACE_WITH_KNOTS((3,3),(3,3),(0.00000000000000000E0,1.00000000000000000E0),(0.00000000000000000E0,1.00000000000000000E0),.UNSPECIFIED.)GEOMETRIC_REPRESENTATION_ITEM()RATIONAL_B_SPLINE_SURFACE(((1.00000000000000000E0,7.07106781186547573E-1,1.00000000000000000E0),(9.23879532511286738E-1,6.53281482438188288E-1,9.23879532511286738E-1),(1.00000000000000000E0,7.07106781186547573E-1,1.00000000000000000E0)))REPRESENTATION_ITEM('')SURFACE());
#118=CARTESIAN_POINT('',(9.23879532511286783E0,3.82683432365089793E0,0.00000000000000000E0));
#119=CARTESIAN_POINT('',(9.23879532511286783E0,3.82683432365089793E0,3.00000000000000000E0));
#120=CARTESIAN_POINT('',(7.65366864730179586E0,7.65366864730179497E0,0.00000000000000000E0));
#121=CARTESIAN_POINT('',(7.65366864730179586E0,7.65366864730179497E0,3.00000000000000000E0));
#122=CARTESIAN_POINT('',(3.82683432365089837E0,9.23879532511286783E0,0.00000000000000000E0));
#123=CARTESIAN_POINT('',(3.82683432365089837E0,9.23879532511286783E0,3.00000000000000000E0));
#124=(BOUNDED_SURFACE()B_SPLINE_SURFACE(2,1,((#118,#119),(#120,#121),(#122,#123)),.UNSPECIFIED.,.F.,.F.,.F.)B_SPLINE_SURFACE_WITH_KNOTS((3,3),(2,2),(0.00000000000000000E0,1.00000000000000000E0),(0.00000000000000000E0,1.00000000000000000E0),.UNSPECIFIED.)GEOMETRIC_REPRESENTATION_ITEM()RATIONAL_B_SPLINE_SURFACE(((1.00000000000000000E0,1.00000000000000000E0),(9.23879532511286738E-1,9.23879532511286738E-1),(1.00000000000000000E0,1.00000000000000000E0)))REPRESENTATION_ITEM('')SURFACE());
#125=CARTESIAN_POINT('',(9.56708580912724593E-1,2.30969883127821696E0,0.00000000000000000E0));
#126=CARTESIAN_POINT('',(9.56708580912724593E-1,2.30969883127821696E0,3.00000000000000000E0));
#127=CARTESIAN_POINT('',(1.91341716182544919E0,1.91341716182544874E0,0.00000000000000000E0));
#128=CARTESIAN_POINT('',(1.91341716182544919E0,1.91341716182544874E0,3.00000000000000000E0));
#129=CARTESIAN_POINT('',(2.30969883127821696E0,9.56708580912724593E-1,0.00000000000000000E0));
#130=CARTESIAN_POINT('',(2.30969883127821696E0,9.56708580912724593E-1,3.00000000000000000E0));
#131=(BOUNDED_SURFACE()B_SPLINE_SURFACE(2,1,((#125,#126),(#127,#128),(#129,#130)),.UNSPECIFIED.,.F.,.F.,.F.)B_SPLINE_SURFACE_WITH_KNOTS((3,3),(2,2),(0.00000000000000000E0,1.00000000000000000E0),(0.00000000000000000E0,1.00000000000000000E0),.UNSPECIFIED.)GEOMETRIC_REPRESENTATION_ITEM()RATIONAL_B_SPLINE_SURFACE(((1.00000000000000000E0,1.00000000000000000E0),(9.23879532511286738E-1,9.23879532511286738E-1),(1.00000000000000000E0,1.00000000000000000E0)))REPRESENTATION_ITEM('')SURFACE());
#132=CARTESIAN_POINT('',(0.00000000000000000E0,1.00000000000000000E1,3.00000000000000000E0));
#133=CARTESIAN_POINT('',(0.00000000000000000E0,1.00000000000000000E1,3.00000000000000000E0));
#134=CARTESIAN_POINT('',(0.00000000000000000E0,1.00000000000000000E1,3.00000000000000000E0));
#135=CARTESIAN_POINT('',(7.86405512630331538E-1,1.00000000000000000E1,3.00000000000000000E0));
#136=CARTESIAN_POINT('',(7.86405512630331649E-1,9.99999999999999822E0,2.99999999999999956E0));
#137=CARTESIAN_POINT('',(7.86405512630331538E-1,1.00000000000000000E1,3.00000000000000000E0));
#138=CARTESIAN_POINT('',(1.57134109154076218E0,9.54361798099679426E0,2.99999999999999956E0));
#139=CARTESIAN_POINT('',(1.57134109154076240E0,9.92299171697228388E0,2.99999999999999956E0));
#140=CARTESIAN_POINT('',(1.57134109154076218E0,9.92299171697228211E0,2.62062626402451082E0));
#141=CARTESIAN_POINT('',(2.19761036788101549E0,8.89834888689233949E0,3.00000000000000044E0));
#142=CARTESIAN_POINT('',(2.34563465651285519E0,9.76897515091685165E0,3.00000000000000000E0));
#143=CARTESIAN_POINT('',(2.34563465651285519E0,9.76897515091684987E0,2.12937373597548918E0));
#144=CARTESIAN_POINT('',(2.71275407049297757E0,8.34727222517743783E0,3.00000000000000000E0));
#145=CARTESIAN_POINT('',(3.10029036627768884E0,9.53973968591706978E0,2.99999999999999956E0));
#146=CARTESIAN_POINT('',(3.10029036627768839E0,9.53973968591706978E0,1.75000000000000000E0));
#147=CARTESIAN_POINT('',(3.34848003319453591E0,8.08394590947375846E0,3.00000000000000000E0));
#148=CARTESIAN_POINT('',(3.82683432365089837E0,9.23879532511286783E0,3.00000000000000000E0));
#149=CARTESIAN_POINT('',(3.82683432365089837E0,9.23879532511286783E0,1.75000000000000000E0));
#150=(BOUNDED_SURFACE()B_SPLINE_SURFACE(5,2,((#132,#133,#134),(#135,#136,#137),(#138,#139,#140),(#141,#142,#143),(#144,#145,#146),(#147,#148,#149)),.UNSPECIFIED.,.F.,.F.,.F.)B_SPLINE_SURFACE_WITH_KNOTS((6,6),(3,3),(0.00000000000000000E0,1.00000000000000000E0),(0.00000000000000000E0,1.00000000000000000E0),.UNSPECIFIED.)GEOMETRIC_REPRESENTATION_ITEM()RATIONAL_B_SPLINE_SURFACE(((1.00000000000000000E0,7.07106781186547573E-1,1.00000000000000000E0),(9.92314112161292172E-1,7.01672037776358115E-1,9.92314112161292172E-1),(9.88471168241938258E-1,6.98954666071263331E-1,9.88471168241938258E-1),(9.88471168241938147E-1,6.98954666071263220E-1,9.88471168241938147E-1),(9.92314112161292172E-1,7.01672037776358115E-1,9.92314112161292172E-1),(1.00000000000000000E0,7.07106781186547573E-1,1.00000000000000000E0)))REPRESENTATION_ITEM('')SURFACE());
#151=CARTESIAN_POINT('',(3.82683432365089837E0,9.23879532511286783E0,0.00000000000000000E0));
#152=CARTESIAN_POINT('',(3.82683432365089837E0,9.23879532511286783E0,3.00000000000000000E0));
#153=CARTESIAN_POINT('',(3.10029036627768839E0,9.53973968591706978E0,0.00000000000000000E0));
#154=CARTESIAN_POINT('',(3.10029036627768839E0,9.53973968591706978E0,3.00000000000000000E0));
#155=CARTESIAN_POINT('',(2.34563465651285519E0,9.76897515091684987E0,0.00000000000000000E0));
#156=CARTESIAN_POINT('',(2.34563465651285519E0,9.76897515091684987E0,3.00000000000000000E0));
#157=CARTESIAN_POINT('',(1.57134109154076218E0,9.92299171697228211E0,0.00000000000000000E0));
#158=CARTESIAN_POINT('',(1.57134109154076218E0,9.92299171697228211E0,3.00000000000000000E0));
#159=CARTESIAN_POINT('',(7.86405512630331538E-1,1.00000000000000000E1,0.00000000000000000E0));
#160=CARTESIAN_POINT('',(7.86405512630331538E-1,1.00000000000000000E1,3.00000000000000000E0));
#161=CARTESIAN_POINT('',(0.00000000000000000E0,1.00000000000000000E1,0.00000000000000000E0));
#162=CARTESIAN_POINT('',(0.00000000000000000E0,1.00000000000000000E1,3.00000000000000000E0));
#163=(BOUNDED_SURFACE()B_SPLINE_SURFACE(5,1,((#151,#152),(#153,#154),(#155,#156),(#157,#158),(#159,#160),(#161,#162)),.UNSPECIFIED.,.F.,.F.,.F.)B_SPLINE_SURFACE_WITH_KNOTS((6,6),(2,2),(0.00000000000000000E0,1.00000000000000000E0),(0.00000000000000000E0,1.00000000000000000E0),.UNSPECIFIED.)GEOMETRIC_REPRESENTATION_ITEM()RATIONAL_B_SPLINE_SURFACE(((1.00000000000000000E0,1.00000000000000000E0),(9.92314112161292172E-1,9.92314112161292172E-1),(9.88471168241938147E-1,9.88471168241938147E-1),(9.88471168241938258E-1,9.88471168241938258E-1),(9.92314112161292172E-1,9.92314112161292172E-1),(1.00000000000000000E0,1.00000000000000000E0)))REPRESENTATION_ITEM('')SURFACE());
#164=CARTESIAN_POINT('',(0.00000000000000000E0,2.50000000000000000E0,0.00000000000000000E0));
#165=CARTESIAN_POINT('',(0.00000000000000000E0,2.50000000000000000E0,3.00000000000000000E0));
#166=CARTESIAN_POINT('',(1.96601378157582884E-1,2.50000000000000000E0,0.00000000000000000E0));
#167=CARTESIAN_POINT('',(1.96601378157582884E-1,2.50000000000000000E0,3.00000000000000000E0));
#168=CARTESIAN_POINT('',(3.92835272885190545E-1,2.48074792924307053E0,0.00000000000000000E0));
#169=CARTESIAN_POINT('',(3.92835272885190545E-1,2.48074792924307053E0,3.00000000000000000E0));
#170=CARTESIAN_POINT('',(5.86408664128213797E-1,2.44224378772921247E0,0.00000000000000000E0));
#171=CARTESIAN_POINT('',(5.86408664128213797E-1,2.44224378772921247E0,3.00000000000000000E0));
#172=CARTESIAN_POINT('',(7.75072591569422098E-1,2.38493492147926744E0,0.00000000000000000E0));
#173=CARTESIAN_POINT('',(7.75072591569422098E-1,2.38493492147926744E0,3.00000000000000000E0));
#174=CARTESIAN_POINT('',(9.56708580912724593E-1,2.30969883127821696E0,0.00000000000000000E0));
#175=CARTESIAN_POINT('',(9.56708580912724593E-1,2.30969883127821696E0,3.00000000000000000E0));
#176=(BOUNDED_SURFACE()B_SPLINE_SURFACE(5,1,((#164,#165),(#166,#167),(#168,#169),(#170,#171),(#172,#173),(#174,#175)),.UNSPECIFIED.,.F.,.F.,.F.)B_SPLINE_SURFACE_WITH_KNOTS((6,6),(2,2),(0.00000000000000000E0,1.00000000000000000E0),(0.00000000000000000E0,1.00000000000000000E0),.UNSPECIFIED.)GEOMETRIC_REPRESENTATION_ITEM()RATIONAL_B_SPLINE_SURFACE(((1.00000000000000000E0,1.00000000000000000E0),(9.92314112161292172E-1,9.92314112161292172E-1),(9.88471168241938258E-1,9.88471168241938258E-1),(9.88471168241938147E-1,9.88471168241938147E-1),(9.92314112161292172E-1,9.92314112161292172E-1),(1.00000000000000000E0,1.00000000000000000E0)))REPRESENTATION_ITEM('')SURFACE());
#177=CARTESIAN_POINT('',(0.00000000000000000E0,1.00000000000000000E1,0.00000000000000000E0));
#178=CARTESIAN_POINT('',(0.00000000000000000E0,1.00000000000000000E1,3.00000000000000000E0));
#179=CARTESIAN_POINT('',(-9.99999999999999822E0,1.00000000000000000E1,0.00000000000000000E0));
#180=CARTESIAN_POINT('',(-9.99999999999999822E0,1.00000000000000000E1,3.00000000000000000E0));
#181=CARTESIAN_POINT('',(-1.00000000000000000E1,0.00000000000000000E0,0.00000000000000000E0));
#182=CARTESIAN_POINT('',(-1.00000000000000000E1,0.00000000000000000E0,3.00000000000000000E0));
#183=(BOUNDED_SURFACE()B_SPLINE_SURFACE(2,1,((#177,#178),(#179,#180),(#181,#182)),.UNSPECIFIED.,.F.,.F.,.F.)B_SPLINE_SURFACE_WITH_KNOTS((3,3),(2,2),(0.00000000000000000E0,1.00000000000000000E0),(0.00000000000000000E0,1.00000000000000000E0),.UNSPECIFIED.)GEOMETRIC_REPRESENTATION_ITEM()RATIONAL_B_SPLINE_SURFACE(((1.00000000000000000E0,1.00000000000000000E0),(7.07106781186547573E-1,7.07106781186547573E-1),(1.00000000000000000E0,1.00000000000000000E0)))REPRESENTATION_ITEM('')SURFACE());
#184=CARTESIAN_POINT('',(-2.50000000000000000E0,0.00000000000000000E0,0.00000000000000000E0));
#185=CARTESIAN_POINT('',(-2.50000000000000000E0,0.00000000000000000E0,3.00000000000000000E0));
#186=CARTESIAN_POINT('',(-2.49999999999999956E0,2.50000000000000000E0,0.00000000000000000E0));
#187=CARTESIAN_POINT('',(-2.49999999999999956E0,2.50000000000000000E0,3.00000000000000000E0));
#188=CARTESIAN_POINT('',(0.00000000000000000E0,2.50000000000000000E0,0.00000000000000000E0));
#189=CARTESIAN_POINT('',(0.00000000000000000E0,2.50000000000000000E0,3.00000000000000000E0));
#190=(BOUNDED_SURFACE()B_SPLINE_SURFACE(2,1,((#184,#185),(#186,#187),(#188,#189)),.UNSPECIFIED.,.F.,.F.,.F.)B_SPLINE_SURFACE_WITH_KNOTS((3,3),(2,2),(0.00000000000000000E0,1.00000000000000000E0),(0.00000000000000000E0,1.00000000000000000E0),.UNSPECIFIED.)GEOMETRIC_REPRESENTATION_ITEM()RATIONAL_B_SPLINE_SURFACE(((1.00000000000000000E0,1.00000000000000000E0),(7.07106781186547573E-1,7.07106781186547573E-1),(1.00000000000000000E0,1.00000000000000000E0)))REPRESENTATION_ITEM('')SURFACE());
#191=CARTESIAN_POINT('',(-1.00000000000000000E1,0.00000000000000000E0,0.00000000000000000E0));
#192=CARTESIAN_POINT('',(-1.00000000000000000E1,0.00000000000000000E0,3.00000000000000000E0));
#193=CARTESIAN_POINT('',(-1.00000000000000018E1,-9.99999999999999822E0,0.00000000000000000E0));
#194=CARTESIAN_POINT('',(-1.00000000000000018E1,-9.99999999999999822E0,3.00000000000000000E0));
#195=CARTESIAN_POINT('',(0.00000000000000000E0,-1.00000000000000000E1,0.00000000000000000E0));
#196=CARTESIAN_POINT('',(0.00000000000000000E0,-1.00000000000000000E1,3.00000000000000000E0));
#197=(BOUNDED_SURFACE()B_SPLINE_SURFACE(2,1,((#191,#192),(#193,#194),(#195,#196)),.UNSPECIFIED.,.F.,.F.,.F.)B_SPLINE_SURFACE_WITH_KNOTS((3,3),(2,2),(0.00000000000000000E0,1.00000000000000000E0),(0.00000000000000000E0,1.00000000000000000E0),.UNSPECIFIED.)GEOMETRIC_REPRESENTATION_ITEM()RATIONAL_B_SPLINE_SURFACE(((1.00000000000000000E0,1.00000000000000000E0),(7.07106781186547573E-1,7.07106781186547573E-1),(1.00000000000000000E0,1.00000000000000000E0)))REPRESENTATION_ITEM('')SURFACE());
#198=CARTESIAN_POINT('',(0.00000000000000000E0,-2.50000000000000000E0,0.00000000000000000E0));
#199=CARTESIAN_POINT('',(0.00000000000000000E0,-2.50000000000000000E0,3.00000000000000000E0));
#200=CARTESIAN_POINT('',(-2.50000000000000044E0,-2.49999999999999956E0,0.00000000000000000E0));
#201=CARTESIAN_POINT('',(-2.50000000000000044E0,-2.49999999999999956E0,3.00000000000000000E0));
#202=CARTESIAN_POINT('',(-2.50000000000000000E0,0.00000000000000000E0,0.00000000000000000E0));
#203=CARTESIAN_POINT('',(-2.50000000000000000E0,0.00000000000000000E0,3.00000000000000000E0));
#204=(BOUNDED_SURFACE()B_SPLINE_SURFACE(2,1,((#198,#199),(#200,#201),(#202,#203)),.UNSPECIFIED.,.F.,.F.,.F.)B_SPLINE_SURFACE_WITH_KNOTS((3,3),(2,2),(0.00000000000000000E0,1.00000000000000000E0),(0.00000000000000000E0,1.00000000000000000E0),.UNSPECIFIED.)GEOMETRIC_REPRESENTATION_ITEM()RATIONAL_B_SPLINE_SURFACE(((1.00000000000000000E0,1.00000000000000000E0),(7.07106781186547573E-1,7.07106781186547573E-1),(1.00000000000000000E0,1.00000000000000000E0)))REPRESENTATION_ITEM('')SURFACE());
#205=CARTESIAN_POINT('',(0.00000000000000000E0,-1.00000000000000000E1,0.00000000000000000E0));
#206=CARTESIAN_POINT('',(0.00000000000000000E0,-1.00000000000000000E1,3.00000000000000000E0));
#207=CARTESIAN_POINT('',(9.99999999999999645E0,-1.00000000000000018E1,0.00000000000000000E0));
#208=CARTESIAN_POINT('',(9.99999999999999645E0,-1.00000000000000018E1,3.00000000000000000E0));
#209=CARTESIAN_POINT('',(1.00000000000000000E1,0.00000000000000000E0,0.00000000000000000E0));
#210=CARTESIAN_POINT('',(1.00000000000000000E1,0.00000000000000000E0,3.00000000000000000E0));
#211=(BOUNDED_SURFACE()B_SPLINE_SURFACE(2,1,((#205,#206),(#207,#208),(#209,#210)),.UNSPECIFIED.,.F.,.F.,.F.)B_SPLINE_SURFACE_WITH_KNOTS((3,3),(2,2),(0.00000000000000000E0,1.00000000000000000E0),(0.00000000000000000E0,1.00000000000000000E0),.UNSPECIFIED.)GEOMETRIC_REPRESENTATION_ITEM()RATIONAL_B_SPLINE_SURFACE(((1.00000000000000000E0,1.00000000000000000E0),(7.07106781186547573E-1,7.07106781186547573E-1),(1.00000000000000000E0,1.00000000000000000E0)))REPRESENTATION_ITEM('')SURFACE());
#212=CARTESIAN_POINT('',(2.50000000000000000E0,0.00000000000000000E0,0.00000000000000000E0));
#213=CARTESIAN_POINT('',(2.50000000000000000E0,0.00000000000000000E0,3.00000000000000000E0));
#214=CARTESIAN_POINT('',(2.49999999999999911E0,-2.50000000000000044E0,0.00000000000000000E0));
#215=CARTESIAN_POINT('',(2.49999999999999911E0,-2.50000000000000044E0,3.00000000000000000E0));
#216=CARTESIAN_POINT('',(0.00000000000000000E0,-2.50000000000000000E0,0.00000000000000000E0));
#217=CARTESIAN_POINT('',(0.00000000000000000E0,-2.50000000000000000E0,3.00000000000000000E0));
#218=(BOUNDED_SURFACE()B_SPLINE_SURFACE(2,1,((#212,#213),(#214,#215),(#216,#217)),.UNSPECIFIED.,.F.,.F.,.F.)B_SPLINE_SURFACE_WITH_KNOTS((3,3),(2,2),(0.00000000000000000E0,1.00000000000000000E0),(0.00000000000000000E0,1.00000000000000000E0),.UNSPECIFIED.)GEOMETRIC_REPRESENTATION_ITEM()RATIONAL_B_SPLINE_SURFACE(((1.00000000000000000E0,1.00000000000000000E0),(7.07106781186547573E-1,7.07106781186547573E-1),(1.00000000000000000E0,1.00000000000000000E0)))REPRESENTATION_ITEM('')SURFACE());
#219=CARTESIAN_POINT('',(1.00000000000000000E1,0.00000000000000000E0,3.00000000000000000E0));
#220=CARTESIAN_POINT('',(1.00000000000000000E1,7.86405512630331205E-1,3.00000000000000000E0));
#221=CARTESIAN_POINT('',(9.54361798099679426E0,1.57134109154076196E0,3.00000000000000044E0));
#222=CARTESIAN_POINT('',(8.89834888689233772E0,2.19761036788101505E0,2.99999999999999956E0));
#223=CARTESIAN_POINT('',(8.34727222517743783E0,2.71275407049297712E0,3.00000000000000000E0));
#224=CARTESIAN_POINT('',(8.08394590947375846E0,3.34848003319453547E0,3.00000000000000000E0));
#225=(BOUNDED_CURVE()B_SPLINE_CURVE(5,(#219,#220,#221,#222,#223,#224),.UNSPECIFIED.,.F.,.F.)B_SPLINE_CURVE_WITH_KNOTS((6,6),(0.00000000000000000E0,1.00000000000000000E0),.UNSPECIFIED.)CURVE()GEOMETRIC_REPRESENTATION_ITEM()RATIONAL_B_SPLINE_CURVE((1.00000000000000000E0,9.92314112161292172E-1,9.88471168241938147E-1,9.88471168241938258E-1,9.92314112161292172E-1,1.00000000000000000E0))REPRESENTATION_ITEM(''));
#226=CARTESIAN_POINT('',(8.08394590947375846E0,3.34848003319453547E0,3.00000000000000000E0));
#227=CARTESIAN_POINT('',(9.23879532511286783E0,3.82683432365089793E0,3.00000000000000000E0));
#228=CARTESIAN_POINT('',(9.23879532511286783E0,3.82683432365089793E0,1.75000000000000000E0));
#229=(BOUNDED_CURVE()B_SPLINE_CURVE(2,(#226,#227,#228),.UNSPECIFIED.,.F.,.F.)B_SPLINE_CURVE_WITH_KNOTS((3,3),(0.00000000000000000E0,1.00000000000000000E0),.UNSPECIFIED.)CURVE()GEOMETRIC_REPRESENTATION_ITEM()RATIONAL_B_SPLINE_CURVE((1.00000000000000000E0,7.07106781186547573E-1,1.00000000000000000E0))REPRESENTATION_ITEM(''));
#230=CARTESIAN_POINT('',(9.23879532511286783E0,3.82683432365089793E0,1.75000000000000000E0));
#231=CARTESIAN_POINT('',(9.53973968591706978E0,3.10029036627768795E0,1.75000000000000000E0));
#232=CARTESIAN_POINT('',(9.76897515091684809E0,2.34563465651285430E0,2.12937373597548874E0));
#233=CARTESIAN_POINT('',(9.92299171697228388E0,1.57134109154076196E0,2.62062626402451171E0));
#234=CARTESIAN_POINT('',(1.00000000000000000E1,7.86405512630331205E-1,3.00000000000000000E0));
#235=CARTESIAN_POINT('',(1.00000000000000000E1,0.00000000000000000E0,3.00000000000000000E0));
#236=(BOUNDED_CURVE()B_SPLINE_CURVE(5,(#230,#231,#232,#233,#234,#235),.UNSPECIFIED.,.F.,.F.)B_SPLINE_CURVE_WITH_KNOTS((6,6),(0.00000000000000000E0,1.00000000000000000E0),.UNSPECIFIED.)CURVE()GEOMETRIC_REPRESENTATION_ITEM()RATIONAL_B_SPLINE_CURVE((1.00000000000000000E0,9.92314112161292172E-1,9.88471168241938258E-1,9.88471168241938147E-1,9.92314112161292172E-1,1.00000000000000000E0))REPRESENTATION_ITEM(''));
#237=CARTESIAN_POINT('',(1.00000000000000000E1,0.00000000000000000E0,3.00000000000000000E0));
#238=CARTESIAN_POINT('',(1.00000000000000000E1,0.00000000000000000E0,3.00000000000000000E0));
#239=CARTESIAN_POINT('',(1.00000000000000000E1,0.00000000000000000E0,3.00000000000000000E0));
#240=(BOUNDED_CURVE()B_SPLINE_CURVE(2,(#237,#238,#239),.UNSPECIFIED.,.F.,.F.)B_SPLINE_CURVE_WITH_KNOTS((3,3),(0.00000000000000000E0,1.00000000000000000E0),.UNSPECIFIED.)CURVE()GEOMETRIC_REPRESENTATION_ITEM()RATIONAL_B_SPLINE_CURVE((1.00000000000000000E0,7.07106781186547573E-1,1.00000000000000000E0))REPRESENTATION_ITEM(''));
#241=CARTESIAN_POINT('',(8.08394590947375846E0,3.34848003319453547E0,3.00000000000000000E0));
#242=CARTESIAN_POINT('',(2.30969883127821696E0,9.56708580912724593E-1,3.00000000000000000E0));
#243=B_SPLINE_CURVE_WITH_KNOTS('',1,(#241,#242),.UNSPECIFIED.,.F.,.F.,(2,2),(0.00000000000000000E0,1.00000000000000000E0),.UNSPECIFIED.);
#244=CARTESIAN_POINT('',(2.30969883127821696E0,9.56708580912724593E-1,3.00000000000000000E0));
#245=CARTESIAN_POINT('',(2.38493492147926744E0,7.75072591569421987E-1,3.00000000000000000E0));
#246=CARTESIAN_POINT('',(2.44224378772921202E0,5.86408664128213575E-1,3.00000000000000000E0));
#247=CARTESIAN_POINT('',(2.48074792924307097E0,3.92835272885190490E-1,3.00000000000000000E0));
#248=CARTESIAN_POINT('',(2.50000000000000000E0,1.96601378157582801E-1,3.00000000000000000E0));
#249=CARTESIAN_POINT('',(2.50000000000000000E0,0.00000000000000000E0,3.00000000000000000E0));
#250=(BOUNDED_CURVE()B_SPLINE_CURVE(5,(#244,#245,#246,#247,#248,#249),.UNSPECIFIED.,.F.,.F.)B_SPLINE_CURVE_WITH_KNOTS((6,6),(0.00000000000000000E0,1.00000000000000000E0),.UNSPECIFIED.)CURVE()GEOMETRIC_REPRESENTATION_ITEM()RATIONAL_B_SPLINE_CURVE((1.00000000000000000E0,9.92314112161292172E-1,9.88471168241938258E-1,9.88471168241938147E-1,9.92314112161292172E-1,1.00000000000000000E0))REPRESENTATION_ITEM(''));
#251=CARTESIAN_POINT('',(2.50000000000000000E0,0.00000000000000000E0,3.00000000000000000E0));
#252=CARTESIAN_POINT('',(1.00000000000000000E1,0.00000000000000000E0,3.00000000000000000E0));
#253=B_SPLINE_CURVE_WITH_KNOTS('',1,(#251,#252),.UNSPECIFIED.,.F.,.F.,(2,2),(0.00000000000000000E0,1.00000000000000000E0),.UNSPECIFIED.);
#254=CARTESIAN_POINT('',(1.00000000000000000E1,0.00000000000000000E0,0.00000000000000000E0));
#255=CARTESIAN_POINT('',(1.00000000000000000E1,7.86405512630331205E-1,0.00000000000000000E0));
#256=CARTESIAN_POINT('',(9.92299171697228388E0,1.57134109154076196E0,0.00000000000000000E0));
#257=CARTESIAN_POINT('',(9.76897515091684809E0,2.34563465651285430E0,0.00000000000000000E0));
#258=CARTESIAN_POINT('',(9.53973968591706978E0,3.10029036627768795E0,0.00000000000000000E0));
#259=CARTESIAN_POINT('',(9.23879532511286783E0,3.82683432365089793E0,0.00000000000000000E0));
#260=(BOUNDED_CURVE()B_SPLINE_CURVE(5,(#254,#255,#256,#257,#258,#259),.UNSPECIFIED.,.F.,.F.)B_SPLINE_CURVE_WITH_KNOTS((6,6),(0.00000000000000000E0,1.00000000000000000E0),.UNSPECIFIED.)CURVE()GEOMETRIC_REPRESENTATION_ITEM()RATIONAL_B_SPLINE_CURVE((1.00000000000000000E0,9.92314112161292172E-1,9.88471168241938147E-1,9.88471168241938258E-1,9.92314112161292172E-1,1.00000000000000000E0))REPRESENTATION_ITEM(''));
#261=CARTESIAN_POINT('',(9.23879532511286783E0,3.82683432365089793E0,0.00000000000000000E0));
#262=CARTESIAN_POINT('',(9.23879532511286783E0,3.82683432365089793E0,1.75000000000000000E0));
#263=B_SPLINE_CURVE_WITH_KNOTS('',1,(#261,#262),.UNSPECIFIED.,.F.,.F.,(2,2),(0.00000000000000000E0,1.00000000000000000E0),.UNSPECIFIED.);
#264=CARTESIAN_POINT('',(1.00000000000000000E1,0.00000000000000000E0,3.00000000000000000E0));
#265=CARTESIAN_POINT('',(1.00000000000000000E1,0.00000000000000000E0,0.00000000000000000E0));
#266=B_SPLINE_CURVE_WITH_KNOTS('',1,(#264,#265),.UNSPECIFIED.,.F.,.F.,(2,2),(0.00000000000000000E0,1.00000000000000000E0),.UNSPECIFIED.);
#267=CARTESIAN_POINT('',(2.50000000000000000E0,0.00000000000000000E0,0.00000000000000000E0));
#268=CARTESIAN_POINT('',(2.50000000000000000E0,1.96601378157582801E-1,0.00000000000000000E0));
#269=CARTESIAN_POINT('',(2.48074792924307097E0,3.92835272885190490E-1,0.00000000000000000E0));
#270=CARTESIAN_POINT('',(2.44224378772921202E0,5.86408664128213575E-1,0.00000000000000000E0));
#271=CARTESIAN_POINT('',(2.38493492147926744E0,7.75072591569421987E-1,0.00000000000000000E0));
#272=CARTESIAN_POINT('',(2.30969883127821696E0,9.56708580912724593E-1,0.00000000000000000E0));
#273=(BOUNDED_CURVE()B_SPLINE_CURVE(5,(#267,#268,#269,#270,#271,#272),.UNSPECIFIED.,.F.,.F.)B_SPLINE_CURVE_WITH_KNOTS((6,6),(0.00000000000000000E0,1.00000000000000000E0),.UNSPECIFIED.)CURVE()GEOMETRIC_REPRESENTATION_ITEM()RATIONAL_B_SPLINE_CURVE((1.00000000000000000E0,9.92314112161292172E-1,9.88471168241938147E-1,9.88471168241938258E-1,9.92314112161292172E-1,1.00000000000000000E0))REPRESENTATION_ITEM(''));
#274=CARTESIAN_POINT('',(2.30969883127821696E0,9.56708580912724593E-1,0.00000000000000000E0));
#275=CARTESIAN_POINT('',(2.30969883127821696E0,9.56708580912724593E-1,3.00000000000000000E0));
#276=B_SPLINE_CURVE_WITH_KNOTS('',1,(#274,#275),.UNSPECIFIED.,.F.,.F.,(2,2),(0.00000000000000000E0,1.00000000000000000E0),.UNSPECIFIED.);
#277=CARTESIAN_POINT('',(2.50000000000000000E0,0.00000000000000000E0,3.00000000000000000E0));
#278=CARTESIAN_POINT('',(2.50000000000000000E0,0.00000000000000000E0,0.00000000000000000E0));
#279=B_SPLINE_CURVE_WITH_KNOTS('',1,(#277,#278),.UNSPECIFIED.,.F.,.F.,(2,2),(0.00000000000000000E0,1.00000000000000000E0),.UNSPECIFIED.);
#280=CARTESIAN_POINT('',(9.23879532511286783E0,3.82683432365089793E0,0.00000000000000000E0));
#281=CARTESIAN_POINT('',(2.30969883127821696E0,9.56708580912724593E-1,0.00000000000000000E0));
#282=B_SPLINE_CURVE_WITH_KNOTS('',1,(#280,#281),.UNSPECIFIED.,.F.,.F.,(2,2),(0.00000000000000000E0,1.00000000000000000E0),.UNSPECIFIED.);
#283=CARTESIAN_POINT('',(2.50000000000000000E0,0.00000000000000000E0,0.00000000000000000E0));
#284=CARTESIAN_POINT('',(1.00000000000000000E1,0.00000000000000000E0,0.00000000000000000E0));
#285=B_SPLINE_CURVE_WITH_KNOTS('',1,(#283,#284),.UNSPECIFIED.,.F.,.F.,(2,2),(0.00000000000000000E0,1.00000000000000000E0),.UNSPECIFIED.);
#286=CARTESIAN_POINT('',(8.08394590947375846E0,3.34848003319453547E0,3.00000000000000000E0));
#287=CARTESIAN_POINT('',(6.69696006638907182E0,6.69696006638907004E0,3.00000000000000000E0));
#288=CARTESIAN_POINT('',(3.34848003319453591E0,8.08394590947375846E0,3.00000000000000000E0));
#289=(BOUNDED_CURVE()B_SPLINE_CURVE(2,(#286,#287,#288),.UNSPECIFIED.,.F.,.F.)B_SPLINE_CURVE_WITH_KNOTS((3,3),(0.00000000000000000E0,1.00000000000000000E0),.UNSPECIFIED.)CURVE()GEOMETRIC_REPRESENTATION_ITEM()RATIONAL_B_SPLINE_CURVE((1.00000000000000000E0,9.23879532511286738E-1,1.00000000000000000E0))REPRESENTATION_ITEM(''));
#290=CARTESIAN_POINT('',(3.34848003319453591E0,8.08394590947375846E0,3.00000000000000000E0));
#291=CARTESIAN_POINT('',(3.82683432365089837E0,9.23879532511286783E0,3.00000000000000000E0));
#292=CARTESIAN_POINT('',(3.82683432365089837E0,9.23879532511286783E0,1.75000000000000000E0));
#293=(BOUNDED_CURVE()B_SPLINE_CURVE(2,(#290,#291,#292),.UNSPECIFIED.,.F.,.F.)B_SPLINE_CURVE_WITH_KNOTS((3,3),(0.00000000000000000E0,1.00000000000000000E0),.UNSPECIFIED.)CURVE()GEOMETRIC_REPRESENTATION_ITEM()RATIONAL_B_SPLINE_CURVE((1.00000000000000000E0,7.07106781186547573E-1,1.00000000000000000E0))REPRESENTATION_ITEM(''));
#294=CARTESIAN_POINT('',(3.82683432365089837E0,9.23879532511286783E0,1.75000000000000000E0));
#295=CARTESIAN_POINT('',(7.65366864730179586E0,7.65366864730179497E0,1.75000000000000000E0));
#296=CARTESIAN_POINT('',(9.23879532511286783E0,3.82683432365089793E0,1.75000000000000000E0));
#297=(BOUNDED_CURVE()B_SPLINE_CURVE(2,(#294,#295,#296),.UNSPECIFIED.,.F.,.F.)B_SPLINE_CURVE_WITH_KNOTS((3,3),(0.00000000000000000E0,1.00000000000000000E0),.UNSPECIFIED.)CURVE()GEOMETRIC_REPRESENTATION_ITEM()RATIONAL_B_SPLINE_CURVE((1.00000000000000000E0,9.23879532511286738E-1,1.00000000000000000E0))REPRESENTATION_ITEM(''));
#298=CARTESIAN_POINT('',(3.34848003319453591E0,8.08394590947375846E0,3.00000000000000000E0));
#299=CARTESIAN_POINT('',(9.56708580912724593E-1,2.30969883127821696E0,3.00000000000000000E0));
#300=B_SPLINE_CURVE_WITH_KNOTS('',1,(#298,#299),.UNSPECIFIED.,.F.,.F.,(2,2),(0.00000000000000000E0,1.00000000000000000E0),.UNSPECIFIED.);
#301=CARTESIAN_POINT('',(9.56708580912724593E-1,2.30969883127821696E0,3.00000000000000000E0));
#302=CARTESIAN_POINT('',(1.91341716182544919E0,1.91341716182544874E0,3.00000000000000000E0));
#303=CARTESIAN_POINT('',(2.30969883127821696E0,9.56708580912724593E-1,3.00000000000000000E0));
#304=(BOUNDED_CURVE()B_SPLINE_CURVE(2,(#301,#302,#303),.UNSPECIFIED.,.F.,.F.)B_SPLINE_CURVE_WITH_KNOTS((3,3),(0.00000000000000000E0,1.00000000000000000E0),.UNSPECIFIED.)CURVE()GEOMETRIC_REPRESENTATION_ITEM()RATIONAL_B_SPLINE_CURVE((1.00000000000000000E0,9.23879532511286738E-1,1.00000000000000000E0))REPRESENTATION_ITEM(''));
#305=CARTESIAN_POINT('',(9.23879532511286783E0,3.82683432365089793E0,0.00000000000000000E0));
#306=CARTESIAN_POINT('',(7.65366864730179586E0,7.65366864730179497E0,0.00000000000000000E0));
#307=CARTESIAN_POINT('',(3.82683432365089837E0,9.23879532511286783E0,0.00000000000000000E0));
#308=(BOUNDED_CURVE()B_SPLINE_CURVE(2,(#305,#306,#307),.UNSPECIFIED.,.F.,.F.)B_SPLINE_CURVE_WITH_KNOTS((3,3),(0.00000000000000000E0,1.00000000000000000E0),.UNSPECIFIED.)CURVE()GEOMETRIC_REPRESENTATION_ITEM()RATIONAL_B_SPLINE_CURVE((1.00000000000000000E0,9.23879532511286738E-1,1.00000000000000000E0))REPRESENTATION_ITEM(''));
#309=CARTESIAN_POINT('',(3.82683432365089837E0,9.23879532511286783E0,0.00000000000000000E0));
#310=CARTESIAN_POINT('',(3.82683432365089837E0,9.23879532511286783E0,1.75000000000000000E0));
#311=B_SPLINE_CURVE_WITH_KNOTS('',1,(#309,#310),.UNSPECIFIED.,.F.,.F.,(2,2),(0.00000000000000000E0,1.00000000000000000E0),.UNSPECIFIED.);
#312=CARTESIAN_POINT('',(2.30969883127821696E0,9.56708580912724593E-1,0.00000000000000000E0));
#313=CARTESIAN_POINT('',(1.91341716182544919E0,1.91341716182544874E0,0.00000000000000000E0));
#314=CARTESIAN_POINT('',(9.56708580912724593E-1,2.30969883127821696E0,0.00000000000000000E0));
#315=(BOUNDED_CURVE()B_SPLINE_CURVE(2,(#312,#313,#314),.UNSPECIFIED.,.F.,.F.)B_SPLINE_CURVE_WITH_KNOTS((3,3),(0.00000000000000000E0,1.00000000000000000E0),.UNSPECIFIED.)CURVE()GEOMETRIC_REPRESENTATION_ITEM()RATIONAL_B_SPLINE_CURVE((1.00000000000000000E0,9.23879532511286738E-1,1.00000000000000000E0))REPRESENTATION_ITEM(''));
#316=CARTESIAN_POINT('',(9.56708580912724593E-1,2.30969883127821696E0,0.00000000000000000E0));
#317=CARTESIAN_POINT('',(9.56708580912724593E-1,2.30969883127821696E0,3.00000000000000000E0));
#318=B_SPLINE_CURVE_WITH_KNOTS('',1,(#316,#317),.UNSPECIFIED.,.F.,.F.,(2,2),(0.00000000000000000E0,1.00000000000000000E0),.UNSPECIFIED.);
#319=CARTESIAN_POINT('',(3.82683432365089837E0,9.23879532511286783E0,0.00000000000000000E0));
#320=CARTESIAN_POINT('',(9.56708580912724593E-1,2.30969883127821696E0,0.00000000000000000E0));
#321=B_SPLINE_CURVE_WITH_KNOTS('',1,(#319,#320),.UNSPECIFIED.,.F.,.F.,(2,2),(0.00000000000000000E0,1.00000000000000000E0),.UNSPECIFIED.);
#322=CARTESIAN_POINT('',(3.34848003319453591E0,8.08394590947375846E0,3.00000000000000000E0));
#323=CARTESIAN_POINT('',(2.71275407049297757E0,8.34727222517743783E0,3.00000000000000000E0));
#324=CARTESIAN_POINT('',(2.19761036788101549E0,8.89834888689233949E0,3.00000000000000044E0));
#325=CARTESIAN_POINT('',(1.57134109154076218E0,9.54361798099679426E0,2.99999999999999956E0));
#326=CARTESIAN_POINT('',(7.86405512630331538E-1,1.00000000000000000E1,3.00000000000000000E0));
#327=CARTESIAN_POINT('',(0.00000000000000000E0,1.00000000000000000E1,3.00000000000000000E0));
#328=(BOUNDED_CURVE()B_SPLINE_CURVE(5,(#322,#323,#324,#325,#326,#327),.UNSPECIFIED.,.F.,.F.)B_SPLINE_CURVE_WITH_KNOTS((6,6),(0.00000000000000000E0,1.00000000000000000E0),.UNSPECIFIED.)CURVE()GEOMETRIC_REPRESENTATION_ITEM()RATIONAL_B_SPLINE_CURVE((1.00000000000000000E0,9.92314112161292172E-1,9.88471168241938147E-1,9.88471168241938258E-1,9.92314112161292172E-1,1.00000000000000000E0))REPRESENTATION_ITEM(''));
#329=CARTESIAN_POINT('',(0.00000000000000000E0,1.00000000000000000E1,3.00000000000000000E0));
#330=CARTESIAN_POINT('',(0.00000000000000000E0,1.00000000000000000E1,3.00000000000000000E0));
#331=CARTESIAN_POINT('',(0.00000000000000000E0,1.00000000000000000E1,3.00000000000000000E0));
#332=(BOUNDED_CURVE()B_SPLINE_CURVE(2,(#329,#330,#331),.UNSPECIFIED.,.F.,.F.)B_SPLINE_CURVE_WITH_KNOTS((3,3),(0.00000000000000000E0,1.00000000000000000E0),.UNSPECIFIED.)CURVE()GEOMETRIC_REPRESENTATION_ITEM()RATIONAL_B_SPLINE_CURVE((1.00000000000000000E0,7.07106781186547573E-1,1.00000000000000000E0))REPRESENTATION_ITEM(''));
#333=CARTESIAN_POINT('',(0.00000000000000000E0,1.00000000000000000E1,3.00000000000000000E0));
#334=CARTESIAN_POINT('',(7.86405512630331538E-1,1.00000000000000000E1,3.00000000000000000E0));
#335=CARTESIAN_POINT('',(1.57134109154076218E0,9.92299171697228211E0,2.62062626402451082E0));
#336=CARTESIAN_POINT('',(2.34563465651285519E0,9.76897515091684987E0,2.12937373597548918E0));
#337=CARTESIAN_POINT('',(3.10029036627768839E0,9.53973968591706978E0,1.75000000000000000E0));
#338=CARTESIAN_POINT('',(3.82683432365089837E0,9.23879532511286783E0,1.75000000000000000E0));
#339=(BOUNDED_CURVE()B_SPLINE_CURVE(5,(#333,#334,#335,#336,#337,#338),.UNSPECIFIED.,.F.,.F.)B_SPLINE_CURVE_WITH_KNOTS((6,6),(0.00000000000000000E0,1.00000000000000000E0),.UNSPECIFIED.)CURVE()GEOMETRIC_REPRESENTATION_ITEM()RATIONAL_B_SPLINE_CURVE((1.00000000000000000E0,9.92314112161292172E-1,9.88471168241938258E-1,9.88471168241938147E-1,9.92314112161292172E-1,1.00000000000000000E0))REPRESENTATION_ITEM(''));
#340=CARTESIAN_POINT('',(0.00000000000000000E0,1.00000000000000000E1,3.00000000000000000E0));
#341=CARTESIAN_POINT('',(0.00000000000000000E0,2.50000000000000000E0,3.00000000000000000E0));
#342=B_SPLINE_CURVE_WITH_KNOTS('',1,(#340,#341),.UNSPECIFIED.,.F.,.F.,(2,2),(0.00000000000000000E0,1.00000000000000000E0),.UNSPECIFIED.);
#343=CARTESIAN_POINT('',(0.00000000000000000E0,2.50000000000000000E0,3.00000000000000000E0));
#344=CARTESIAN_POINT('',(1.96601378157582884E-1,2.50000000000000000E0,3.00000000000000000E0));
#345=CARTESIAN_POINT('',(3.92835272885190545E-1,2.48074792924307053E0,3.00000000000000000E0));
#346=CARTESIAN_POINT('',(5.86408664128213797E-1,2.44224378772921247E0,3.00000000000000000E0));
#347=CARTESIAN_POINT('',(7.75072591569422098E-1,2.38493492147926744E0,3.00000000000000000E0));
#348=CARTESIAN_POINT('',(9.56708580912724593E-1,2.30969883127821696E0,3.00000000000000000E0));
#349=(BOUNDED_CURVE()B_SPLINE_CURVE(5,(#343,#344,#345,#346,#347,#348),.UNSPECIFIED.,.F.,.F.)B_SPLINE_CURVE_WITH_KNOTS((6,6),(0.00000000000000000E0,1.00000000000000000E0),.UNSPECIFIED.)CURVE()GEOMETRIC_REPRESENTATION_ITEM()RATIONAL_B_SPLINE_CURVE((1.00000000000000000E0,9.92314112161292172E-1,9.88471168241938258E-1,9.88471168241938147E-1,9.92314112161292172E-1,1.00000000000000000E0))REPRESENTATION_ITEM(''));
#350=CARTESIAN_POINT('',(3.82683432365089837E0,9.23879532511286783E0,0.00000000000000000E0));
#351=CARTESIAN_POINT('',(3.10029036627768839E0,9.53973968591706978E0,0.00000000000000000E0));
#352=CARTESIAN_POINT('',(2.34563465651285519E0,9.76897515091684987E0,0.00000000000000000E0));
#353=CARTESIAN_POINT('',(1.57134109154076218E0,9.92299171697228211E0,0.00000000000000000E0));
#354=CARTESIAN_POINT('',(7.86405512630331538E-1,1.00000000000000000E1,0.00000000000000000E0));
#355=CARTESIAN_POINT('',(0.00000000000000000E0,1.00000000000000000E1,0.00000000000000000E0));
#356=(BOUNDED_CURVE()B_SPLINE_CURVE(5,(#350,#351,#352,#353,#354,#355),.UNSPECIFIED.,.F.,.F.)B_SPLINE_CURVE_WITH_KNOTS((6,6),(0.00000000000000000E0,1.00000000000000000E0),.UNSPECIFIED.)CURVE()GEOMETRIC_REPRESENTATION_ITEM()RATIONAL_B_SPLINE_CURVE((1.00000000000000000E0,9.92314112161292172E-1,9.88471168241938147E-1,9.88471168241938258E-1,9.92314112161292172E-1,1.00000000000000000E0))REPRESENTATION_ITEM(''));
#357=CARTESIAN_POINT('',(0.00000000000000000E0,1.00000000000000000E1,0.00000000000000000E0));
#358=CARTESIAN_POINT('',(0.00000000000000000E0,1.00000000000000000E1,3.00000000000000000E0));
#359=B_SPLINE_CURVE_WITH_KNOTS('',1,(#357,#358),.UNSPECIFIED.,.F.,.F.,(2,2),(0.00000000000000000E0,1.00000000000000000E0),.UNSPECIFIED.);
#360=CARTESIAN_POINT('',(9.56708580912724593E-1,2.30969883127821696E0,0.00000000000000000E0));
#361=CARTESIAN_POINT('',(7.75072591569422098E-1,2.38493492147926744E0,0.00000000000000000E0));
#362=CARTESIAN_POINT('',(5.86408664128213797E-1,2.44224378772921247E0,0.00000000000000000E0));
#363=CARTESIAN_POINT('',(3.92835272885190545E-1,2.48074792924307053E0,0.00000000000000000E0));
#364=CARTESIAN_POINT('',(1.96601378157582884E-1,2.50000000000000000E0,0.00000000000000000E0));
#365=CARTESIAN_POINT('',(0.00000000000000000E0,2.50000000000000000E0,0.00000000000000000E0));
#366=(BOUNDED_CURVE()B_SPLINE_CURVE(5,(#360,#361,#362,#363,#364,#365),.UNSPECIFIED.,.F.,.F.)B_SPLINE_CURVE_WITH_KNOTS((6,6),(0.00000000000000000E0,1.00000000000000000E0),.UNSPECIFIED.)CURVE()GEOMETRIC_REPRESENTATION_ITEM()RATIONAL_B_SPLINE_CURVE((1.00000000000000000E0,9.92314112161292172E-1,9.88471168241938147E-1,9.88471168241938258E-1,9.92314112161292172E-1,1.00000000000000000E0))REPRESENTATION_ITEM(''));
#367=CARTESIAN_POINT('',(0.00000000000000000E0,2.50000000000000000E0,0.00000000000000000E0));
#368=CARTESIAN_POINT('',(0.00000000000000000E0,2.50000000000000000E0,3.00000000000000000E0));
#369=B_SPLINE_CURVE_WITH_KNOTS('',1,(#367,#368),.UNSPECIFIED.,.F.,.F.,(2,2),(0.00000000000000000E0,1.00000000000000000E0),.UNSPECIFIED.);
#370=CARTESIAN_POINT('',(0.00000000000000000E0,1.00000000000000000E1,0.00000000000000000E0));
#371=CARTESIAN_POINT('',(0.00000000000000000E0,2.50000000000000000E0,0.00000000000000000E0));
#372=B_SPLINE_CURVE_WITH_KNOTS('',1,(#370,#371),.UNSPECIFIED.,.F.,.F.,(2,2),(0.00000000000000000E0,1.00000000000000000E0),.UNSPECIFIED.);
#373=CARTESIAN_POINT('',(0.00000000000000000E0,1.00000000000000000E1,3.00000000000000000E0));
#374=CARTESIAN_POINT('',(-9.99999999999999822E0,1.00000000000000000E1,3.00000000000000000E0));
#375=CARTESIAN_POINT('',(-1.00000000000000000E1,0.00000000000000000E0,3.00000000000000000E0));
#376=(BOUNDED_CURVE()B_SPLINE_CURVE(2,(#373,#374,#375),.UNSPECIFIED.,.F.,.F.)B_SPLINE_CURVE_WITH_KNOTS((3,3),(0.00000000000000000E0,1.00000000000000000E0),.UNSPECIFIED.)CURVE()GEOMETRIC_REPRESENTATION_ITEM()RATIONAL_B_SPLINE_CURVE((1.00000000000000000E0,7.07106781186547573E-1,1.00000000000000000E0))REPRESENTATION_ITEM(''));
#377=CARTESIAN_POINT('',(-1.00000000000000000E1,0.00000000000000000E0,3.00000000000000000E0));
#378=CARTESIAN_POINT('',(-2.50000000000000000E0,0.00000000000000000E0,3.00000000000000000E0));
#379=B_SPLINE_CURVE_WITH_KNOTS('',1,(#377,#378),.UNSPECIFIED.,.F.,.F.,(2,2),(0.00000000000000000E0,1.00000000000000000E0),.UNSPECIFIED.);
#380=CARTESIAN_POINT('',(-2.50000000000000000E0,0.00000000000000000E0,3.00000000000000000E0));
#381=CARTESIAN_POINT('',(-2.49999999999999956E0,2.50000000000000000E0,3.00000000000000000E0));
#382=CARTESIAN_POINT('',(0.00000000000000000E0,2.50000000000000000E0,3.00000000000000000E0));
#383=(BOUNDED_CURVE()B_SPLINE_CURVE(2,(#380,#381,#382),.UNSPECIFIED.,.F.,.F.)B_SPLINE_CURVE_WITH_KNOTS((3,3),(0.00000000000000000E0,1.00000000000000000E0),.UNSPECIFIED.)CURVE()GEOMETRIC_REPRESENTATION_ITEM()RATIONAL_B_SPLINE_CURVE((1.00000000000000000E0,7.07106781186547573E-1,1.00000000000000000E0))REPRESENTATION_ITEM(''));
#384=CARTESIAN_POINT('',(0.00000000000000000E0,1.00000000000000000E1,0.00000000000000000E0));
#385=CARTESIAN_POINT('',(-9.99999999999999822E0,1.00000000000000000E1,0.00000000000000000E0));
#386=CARTESIAN_POINT('',(-1.00000000000000000E1,0.00000000000000000E0,0.00000000000000000E0));
#387=(BOUNDED_CURVE()B_SPLINE_CURVE(2,(#384,#385,#386),.UNSPECIFIED.,.F.,.F.)B_SPLINE_CURVE_WITH_KNOTS((3,3),(0.00000000000000000E0,1.00000000000000000E0),.UNSPECIFIED.)CURVE()GEOMETRIC_REPRESENTATION_ITEM()RATIONAL_B_SPLINE_CURVE((1.00000000000000000E0,7.07106781186547573E-1,1.00000000000000000E0))REPRESENTATION_ITEM(''));
#388=CARTESIAN_POINT('',(-1.00000000000000000E1,0.00000000000000000E0,0.00000000000000000E0));
#389=CARTESIAN_POINT('',(-1.00000000000000000E1,0.00000000000000000E0,3.00000000000000000E0));
#390=B_SPLINE_CURVE_WITH_KNOTS('',1,(#388,#389),.UNSPECIFIED.,.F.,.F.,(2,2),(0.00000000000000000E0,1.00000000000000000E0),.UNSPECIFIED.);
#391=CARTESIAN_POINT('',(0.00000000000000000E0,2.50000000000000000E0,0.00000000000000000E0));
#392=CARTESIAN_POINT('',(-2.49999999999999956E0,2.50000000000000000E0,0.00000000000000000E0));
#393=CARTESIAN_POINT('',(-2.50000000000000000E0,0.00000000000000000E0,0.00000000000000000E0));
#394=(BOUNDED_CURVE()B_SPLINE_CURVE(2,(#391,#392,#393),.UNSPECIFIED.,.F.,.F.)B_SPLINE_CURVE_WITH_KNOTS((3,3),(0.00000000000000000E0,1.00000000000000000E0),.UNSPECIFIED.)CURVE()GEOMETRIC_REPRESENTATION_ITEM()RATIONAL_B_SPLINE_CURVE((1.00000000000000000E0,7.07106781186547573E-1,1.00000000000000000E0))REPRESENTATION_ITEM(''));
#395=CARTESIAN_POINT('',(-2.50000000000000000E0,0.00000000000000000E0,0.00000000000000000E0));
#396=CARTESIAN_POINT('',(-2.50000000000000000E0,0.00000000000000000E0,3.00000000000000000E0));
#397=B_SPLINE_CURVE_WITH_KNOTS('',1,(#395,#396),.UNSPECIFIED.,.F.,.F.,(2,2),(0.00000000000000000E0,1.00000000000000000E0),.UNSPECIFIED.);
#398=CARTESIAN_POINT('',(-1.00000000000000000E1,0.00000000000000000E0,0.00000000000000000E0));
#399=CARTESIAN_POINT('',(-2.50000000000000000E0,0.00000000000000000E0,0.00000000000000000E0));
#400=B_SPLINE_CURVE_WITH_KNOTS('',1,(#398,#399),.UNSPECIFIED.,.F.,.F.,(2,2),(0.00000000000000000E0,1.00000000000000000E0),.UNSPECIFIED.);
#401=CARTESIAN_POINT('',(-1.00000000000000000E1,0.00000000000000000E0,3.00000000000000000E0));
#402=CARTESIAN_POINT('',(-1.00000000000000018E1,-9.99999999999999822E0,3.00000000000000000E0));
#403=CARTESIAN_POINT('',(0.00000000000000000E0,-1.00000000000000000E1,3.00000000000000000E0));
#404=(BOUNDED_CURVE()B_SPLINE_CURVE(2,(#401,#402,#403),.UNSPECIFIED.,.F.,.F.)B_SPLINE_CURVE_WITH_KNOTS((3,3),(0.00000000000000000E0,1.00000000000000000E0),.UNSPECIFIED.)CURVE()GEOMETRIC_REPRESENTATION_ITEM()RATIONAL_B_SPLINE_CURVE((1.00000000000000000E0,7.07106781186547573E-1,1.00000000000000000E0))REPRESENTATION_ITEM(''));
#405=CARTESIAN_POINT('',(0.00000000000000000E0,-1.00000000000000000E1,3.00000000000000000E0));
#406=CARTESIAN_POINT('',(0.00000000000000000E0,-2.50000000000000000E0,3.00000000000000000E0));
#407=B_SPLINE_CURVE_WITH_KNOTS('',1,(#405,#406),.UNSPECIFIED.,.F.,.F.,(2,2),(0.00000000000000000E0,1.00000000000000000E0),.UNSPECIFIED.);
#408=CARTESIAN_POINT('',(0.00000000000000000E0,-2.50000000000000000E0,3.00000000000000000E0));
#409=CARTESIAN_POINT('',(-2.50000000000000044E0,-2.49999999999999956E0,3.00000000000000000E0));
#410=CARTESIAN_POINT('',(-2.50000000000000000E0,0.00000000000000000E0,3.00000000000000000E0));
#411=(BOUNDED_CURVE()B_SPLINE_CURVE(2,(#408,#409,#410),.UNSPECIFIED.,.F.,.F.)B_SPLINE_CURVE_WITH_KNOTS((3,3),(0.00000000000000000E0,1.00000000000000000E0),.UNSPECIFIED.)CURVE()GEOMETRIC_REPRESENTATION_ITEM()RATIONAL_B_SPLINE_CURVE((1.00000000000000000E0,7.07106781186547573E-1,1.00000000000000000E0))REPRESENTATION_ITEM(''));
#412=CARTESIAN_POINT('',(-1.00000000000000000E1,0.00000000000000000E0,0.00000000000000000E0));
#413=CARTESIAN_POINT('',(-1.00000000000000018E1,-9.99999999999999822E0,0.00000000000000000E0));
#414=CARTESIAN_POINT('',(0.00000000000000000E0,-1.00000000000000000E1,0.00000000000000000E0));
#415=(BOUNDED_CURVE()B_SPLINE_CURVE(2,(#412,#413,#414),.UNSPECIFIED.,.F.,.F.)B_SPLINE_CURVE_WITH_KNOTS((3,3),(0.00000000000000000E0,1.00000000000000000E0),.UNSPECIFIED.)CURVE()GEOMETRIC_REPRESENTATION_ITEM()RATIONAL_B_SPLINE_CURVE((1.00000000000000000E0,7.07106781186547573E-1,1.00000000000000000E0))REPRESENTATION_ITEM(''));
#416=CARTESIAN_POINT('',(0.00000000000000000E0,-1.00000000000000000E1,0.00000000000000000E0));
#417=CARTESIAN_POINT('',(0.00000000000000000E0,-1.00000000000000000E1,3.00000000000000000E0));
#418=B_SPLINE_CURVE_WITH_KNOTS('',1,(#416,#417),.UNSPECIFIED.,.F.,.F.,(2,2),(0.00000000000000000E0,1.00000000000000000E0),.UNSPECIFIED.);
#419=CARTESIAN_POINT('',(-2.50000000000000000E0,0.00000000000000000E0,0.00000000000000000E0));
#420=CARTESIAN_POINT('',(-2.50000000000000044E0,-2.49999999999999956E0,0.00000000000000000E0));
#421=CARTESIAN_POINT('',(0.00000000000000000E0,-2.50000000000000000E0,0.00000000000000000E0));
#422=(BOUNDED_CURVE()B_SPLINE_CURVE(2,(#419,#420,#421),.UNSPECIFIED.,.F.,.F.)B_SPLINE_CURVE_WITH_KNOTS((3,3),(0.00000000000000000E0,1.00000000000000000E0),.UNSPECIFIED.)CURVE()GEOMETRIC_REPRESENTATION_ITEM()RATIONAL_B_SPLINE_CURVE((1.00000000000000000E0,7.07106781186547573E-1,1.00000000000000000E0))REPRESENTATION_ITEM(''));
#423=CARTESIAN_POINT('',(0.00000000000000000E0,-2.50000000000000000E0,0.00000000000000000E0));
#424=CARTESIAN_POINT('',(0.00000000000000000E0,-2.50000000000000000E0,3.00000000000000000E0));
#425=B_SPLINE_CURVE_WITH_KNOTS('',1,(#423,#424),.UNSPECIFIED.,.F.,.F.,(2,2),(0.00000000000000000E0,1.00000000000000000E0),.UNSPECIFIED.);
#426=CARTESIAN_POINT('',(0.00000000000000000E0,-1.00000000000000000E1,0.00000000000000000E0));
#427=CARTESIAN_POINT('',(0.00000000000000000E0,-2.50000000000000000E0,0.00000000000000000E0));
#428=B_SPLINE_CURVE_WITH_KNOTS('',1,(#426,#427),.UNSPECIFIED.,.F.,.F.,(2,2),(0.00000000000000000E0,1.00000000000000000E0),.UNSPECIFIED.);
#429=CARTESIAN_POINT('',(0.00000000000000000E0,-1.00000000000000000E1,3.00000000000000000E0));
#430=CARTESIAN_POINT('',(9.99999999999999645E0,-1.00000000000000018E1,3.00000000000000000E0));
#431=CARTESIAN_POINT('',(1.00000000000000000E1,0.00000000000000000E0,3.00000000000000000E0));
#432=(BOUNDED_CURVE()B_SPLINE_CURVE(2,(#429,#430,#431),.UNSPECIFIED.,.F.,.F.)B_SPLINE_CURVE_WITH_KNOTS((3,3),(0.00000000000000000E0,1.00000000000000000E0),.UNSPECIFIED.)CURVE()GEOMETRIC_REPRESENTATION_ITEM()RATIONAL_B_SPLINE_CURVE((1.00000000000000000E0,7.07106781186547573E-1,1.00000000000000000E0))REPRESENTATION_ITEM(''));
#433=CARTESIAN_POINT('',(2.50000000000000000E0,0.00000000000000000E0,3.00000000000000000E0));
#434=CARTESIAN_POINT('',(2.49999999999999911E0,-2.50000000000000044E0,3.00000000000000000E0));
#435=CARTESIAN_POINT('',(0.00000000000000000E0,-2.50000000000000000E0,3.00000000000000000E0));
#436=(BOUNDED_CURVE()B_SPLINE_CURVE(2,(#433,#434,#435),.UNSPECIFIED.,.F.,.F.)B_SPLINE_CURVE_WITH_KNOTS((3,3),(0.00000000000000000E0,1.00000000000000000E0),.UNSPECIFIED.)CURVE()GEOMETRIC_REPRESENTATION_ITEM()RATIONAL_B_SPLINE_CURVE((1.00000000000000000E0,7.07106781186547573E-1,1.00000000000000000E0))REPRESENTATION_ITEM(''));
#437=CARTESIAN_POINT('',(0.00000000000000000E0,-1.00000000000000000E1,0.00000000000000000E0));
#438=CARTESIAN_POINT('',(9.99999999999999645E0,-1.00000000000000018E1,0.00000000000000000E0));
#439=CARTESIAN_POINT('',(1.00000000000000000E1,0.00000000000000000E0,0.00000000000000000E0));
#440=(BOUNDED_CURVE()B_SPLINE_CURVE(2,(#437,#438,#439),.UNSPECIFIED.,.F.,.F.)B_SPLINE_CURVE_WITH_KNOTS((3,3),(0.00000000000000000E0,1.00000000000000000E0),.UNSPECIFIED.)CURVE()GEOMETRIC_REPRESENTATION_ITEM()RATIONAL_B_SPLINE_CURVE((1.00000000000000000E0,7.07106781186547573E-1,1.00000000000000000E0))REPRESENTATION_ITEM(''));
#441=CARTESIAN_POINT('',(0.00000000000000000E0,-2.50000000000000000E0,0.00000000000000000E0));
#442=CARTESIAN_POINT('',(2.49999999999999911E0,-2.50000000000000044E0,0.00000000000000000E0));
#443=CARTESIAN_POINT('',(2.50000000000000000E0,0.00000000000000000E0,0.00000000000000000E0));
#444=(BOUNDED_CURVE()B_SPLINE_CURVE(2,(#441,#442,#443),.UNSPECIFIED.,.F.,.F.)B_SPLINE_CURVE_WITH_KNOTS((3,3),(0.00000000000000000E0,1.00000000000000000E0),.UNSPECIFIED.)CURVE()GEOMETRIC_REPRESENTATION_ITEM()RATIONAL_B_SPLINE_CURVE((1.00000000000000000E0,7.07106781186547573E-1,1.00000000000000000E0))REPRESENTATION_ITEM(''));
#445=(GEOMETRIC_REPRESENTATION_CONTEXT(2)REPRESENTATION_CONTEXT('','2D'));
#446=CARTESIAN_POINT('',(1.00000000000000000E0,0.00000000000000000E0));
#447=CARTESIAN_POINT('',(1.00000000000000000E0,1.00000000000000000E0));
#448=B_SPLINE_CURVE_WITH_KNOTS('',1,(#446,#447),.UNSPECIFIED.,.F.,.F.,(2,2),(0.00000000000000000E0,1.00000000000000000E0),.UNSPECIFIED.);
#449=DEFINITIONAL_REPRESENTATION('',(#448),#445);
#450=PCURVE('',#71,#449);
#451=CARTESIAN_POINT('',(1.00000000000000000E0,1.00000000000000000E0));
#452=CARTESIAN_POINT('',(0.00000000000000000E0,1.00000000000000000E0));
#453=B_SPLINE_CURVE_WITH_KNOTS('',1,(#451,#452),.UNSPECIFIED.,.F.,.F.,(2,2),(0.00000000000000000E0,1.00000000000000000E0),.UNSPECIFIED.);
#454=DEFINITIONAL_REPRESENTATION('',(#453),#445);
#455=PCURVE('',#71,#454);
#456=CARTESIAN_POINT('',(0.00000000000000000E0,1.00000000000000000E0));
#457=CARTESIAN_POINT('',(0.00000000000000000E0,0.00000000000000000E0));
#458=B_SPLINE_CURVE_WITH_KNOTS('',1,(#456,#457),.UNSPECIFIED.,.F.,.F.,(2,2),(0.00000000000000000E0,1.00000000000000000E0),.UNSPECIFIED.);
#459=DEFINITIONAL_REPRESENTATION('',(#458),#445);
#460=PCURVE('',#71,#459);
#461=CARTESIAN_POINT('',(0.00000000000000000E0,0.00000000000000000E0));
#462=CARTESIAN_POINT('',(1.00000000000000000E0,0.00000000000000000E0));
#463=B_SPLINE_CURVE_WITH_KNOTS('',1,(#461,#462),.UNSPECIFIED.,.F.,.F.,(2,2),(0.00000000000000000E0,1.00000000000000000E0),.UNSPECIFIED.);
#464=DEFINITIONAL_REPRESENTATION('',(#463),#445);
#465=PCURVE('',#71,#464);
#466=CARTESIAN_POINT('',(1.00000000000000000E0,5.00000000000000000E-1));
#467=CARTESIAN_POINT('',(1.00000000000000000E0,5.39320275631516521E-1));
#468=CARTESIAN_POINT('',(9.77180899049839624E-1,5.78567054577038165E-1));
#469=CARTESIAN_POINT('',(9.44917444344616775E-1,6.09880518394050775E-1));
#470=CARTESIAN_POINT('',(9.17363611258871892E-1,6.35637703524648878E-1));
#471=CARTESIAN_POINT('',(9.04197295473687879E-1,6.67424001659726818E-1));
#472=(BOUNDED_CURVE()B_SPLINE_CURVE(5,(#466,#467,#468,#469,#470,#471),.UNSPECIFIED.,.F.,.F.)B_SPLINE_CURVE_WITH_KNOTS((6,6),(0.00000000000000000E0,1.00000000000000000E0),.UNSPECIFIED.)CURVE()GEOMETRIC_REPRESENTATION_ITEM()RATIONAL_B_SPLINE_CURVE((1.00000000000000000E0,9.92314112161292172E-1,9.88471168241938147E-1,9.88471168241938258E-1,9.92314112161292172E-1,1.00000000000000000E0))REPRESENTATION_ITEM(''));
#473=DEFINITIONAL_REPRESENTATION('',(#472),#445);
#474=PCURVE('',#76,#473);
#475=CARTESIAN_POINT('',(9.04197295473687879E-1,6.67424001659726818E-1));
#476=CARTESIAN_POINT('',(6.15484941563910870E-1,5.47835429045636202E-1));
#477=B_SPLINE_CURVE_WITH_KNOTS('',1,(#475,#476),.UNSPECIFIED.,.F.,.F.,(2,2),(0.00000000000000000E0,1.00000000000000000E0),.UNSPECIFIED.);
#478=DEFINITIONAL_REPRESENTATION('',(#477),#445);
#479=PCURVE('',#76,#478);
#480=CARTESIAN_POINT('',(6.15484941563910870E-1,5.47835429045636202E-1));
#481=CARTESIAN_POINT('',(6.19246746073963350E-1,5.38753629578471172E-1));
#482=CARTESIAN_POINT('',(6.22112189386460512E-1,5.29320433206410756E-1));
#483=CARTESIAN_POINT('',(6.24037396462153504E-1,5.19641763644259513E-1));
#484=CARTESIAN_POINT('',(6.25000000000000000E-1,5.09830068907879186E-1));
#485=CARTESIAN_POINT('',(6.25000000000000000E-1,5.00000000000000000E-1));
#486=(BOUNDED_CURVE()B_SPLINE_CURVE(5,(#480,#481,#482,#483,#484,#485),.UNSPECIFIED.,.F.,.F.)B_SPLINE_CURVE_WITH_KNOTS((6,6),(0.00000000000000000E0,1.00000000000000000E0),.UNSPECIFIED.)CURVE()GEOMETRIC_REPRESENTATION_ITEM()RATIONAL_B_SPLINE_CURVE((1.00000000000000000E0,9.92314112161292172E-1,9.88471168241938258E-1,9.88471168241938147E-1,9.92314112161292172E-1,1.00000000000000000E0))REPRESENTATION_ITEM(''));
#487=DEFINITIONAL_REPRESENTATION('',(#486),#445);
#488=PCURVE('',#76,#487);
#489=CARTESIAN_POINT('',(6.25000000000000000E-1,5.00000000000000000E-1));
#490=CARTESIAN_POINT('',(1.00000000000000000E0,5.00000000000000000E-1));
#491=B_SPLINE_CURVE_WITH_KNOTS('',1,(#489,#490),.UNSPECIFIED.,.F.,.F.,(2,2),(0.00000000000000000E0,1.00000000000000000E0),.UNSPECIFIED.);
#492=DEFINITIONAL_REPRESENTATION('',(#491),#445);
#493=PCURVE('',#76,#492);
#494=CARTESIAN_POINT('',(0.00000000000000000E0,0.00000000000000000E0));
#495=CARTESIAN_POINT('',(1.00000000000000000E0,0.00000000000000000E0));
#496=B_SPLINE_CURVE_WITH_KNOTS('',1,(#494,#495),.UNSPECIFIED.,.F.,.F.,(2,2),(0.00000000000000000E0,1.00000000000000000E0),.UNSPECIFIED.);
#497=DEFINITIONAL_REPRESENTATION('',(#496),#445);
#498=PCURVE('',#89,#497);
#499=CARTESIAN_POINT('',(1.00000000000000000E0,0.00000000000000000E0));
#500=CARTESIAN_POINT('',(1.00000000000000000E0,5.83333333333333370E-1));
#501=B_SPLINE_CURVE_WITH_KNOTS('',1,(#499,#500),.UNSPECIFIED.,.F.,.F.,(2,2),(0.00000000000000000E0,1.00000000000000000E0),.UNSPECIFIED.);
#502=DEFINITIONAL_REPRESENTATION('',(#501),#445);
#503=PCURVE('',#89,#502);
#504=CARTESIAN_POINT('',(1.00000000000000000E0,5.83333333333333370E-1));
#505=CARTESIAN_POINT('',(6.66666666666666630E-1,5.83333333333333370E-1));
#506=CARTESIAN_POINT('',(3.33333333333333315E-1,1.00000000000000000E0));
#507=CARTESIAN_POINT('',(0.00000000000000000E0,1.00000000000000000E0));
#508=B_SPLINE_CURVE_WITH_KNOTS('',3,(#504,#505,#506,#507),.UNSPECIFIED.,.F.,.F.,(4,4),(0.00000000000000000E0,1.00000000000000000E0),.UNSPECIFIED.);
#509=DEFINITIONAL_REPRESENTATION('',(#508),#445);
#510=PCURVE('',#89,#509);
#511=CARTESIAN_POINT('',(0.00000000000000000E0,1.00000000000000000E0));
#512=CARTESIAN_POINT('',(0.00000000000000000E0,0.00000000000000000E0));
#513=B_SPLINE_CURVE_WITH_KNOTS('',1,(#511,#512),.UNSPECIFIED.,.F.,.F.,(2,2),(0.00000000000000000E0,1.00000000000000000E0),.UNSPECIFIED.);
#514=DEFINITIONAL_REPRESENTATION('',(#513),#445);
#515=PCURVE('',#89,#514);
#516=CARTESIAN_POINT('',(1.00000000000000000E0,0.00000000000000000E0));
#517=CARTESIAN_POINT('',(1.00000000000000000E0,1.00000000000000000E0));
#518=B_SPLINE_CURVE_WITH_KNOTS('',1,(#516,#517),.UNSPECIFIED.,.F.,.F.,(2,2),(0.00000000000000000E0,1.00000000000000000E0),.UNSPECIFIED.);
#519=DEFINITIONAL_REPRESENTATION('',(#518),#445);
#520=PCURVE('',#102,#519);
#521=CARTESIAN_POINT('',(1.00000000000000000E0,1.00000000000000000E0));
#522=CARTESIAN_POINT('',(6.66666666666666741E-1,1.00000000000000000E0));
#523=CARTESIAN_POINT('',(3.33333333333333370E-1,1.00000000000000000E0));
#524=CARTESIAN_POINT('',(0.00000000000000000E0,1.00000000000000000E0));
#525=B_SPLINE_CURVE_WITH_KNOTS('',3,(#521,#522,#523,#524),.UNSPECIFIED.,.F.,.F.,(4,4),(0.00000000000000000E0,1.00000000000000000E0),.UNSPECIFIED.);
#526=DEFINITIONAL_REPRESENTATION('',(#525),#445);
#527=PCURVE('',#102,#526);
#528=CARTESIAN_POINT('',(0.00000000000000000E0,1.00000000000000000E0));
#529=CARTESIAN_POINT('',(0.00000000000000000E0,0.00000000000000000E0));
#530=B_SPLINE_CURVE_WITH_KNOTS('',1,(#528,#529),.UNSPECIFIED.,.F.,.F.,(2,2),(0.00000000000000000E0,1.00000000000000000E0),.UNSPECIFIED.);
#531=DEFINITIONAL_REPRESENTATION('',(#530),#445);
#532=PCURVE('',#102,#531);
#533=CARTESIAN_POINT('',(0.00000000000000000E0,0.00000000000000000E0));
#534=CARTESIAN_POINT('',(1.00000000000000000E0,0.00000000000000000E0));
#535=B_SPLINE_CURVE_WITH_KNOTS('',1,(#533,#534),.UNSPECIFIED.,.F.,.F.,(2,2),(0.00000000000000000E0,1.00000000000000000E0),.UNSPECIFIED.);
#536=DEFINITIONAL_REPRESENTATION('',(#535),#445);
#537=PCURVE('',#102,#536);
#538=CARTESIAN_POINT('',(0.00000000000000000E0,5.00000000000000000E-1));
#539=CARTESIAN_POINT('',(3.75000000000000000E-1,5.00000000000000000E-1));
#540=B_SPLINE_CURVE_WITH_KNOTS('',1,(#538,#539),.UNSPECIFIED.,.F.,.F.,(2,2),(0.00000000000000000E0,1.00000000000000000E0),.UNSPECIFIED.);
#541=DEFINITIONAL_REPRESENTATION('',(#540),#445);
#542=PCURVE('',#107,#541);
#543=CARTESIAN_POINT('',(3.75000000000000000E-1,5.00000000000000000E-1));
#544=CARTESIAN_POINT('',(3.75000000000000000E-1,5.09830068907879186E-1));
#545=CARTESIAN_POINT('',(3.75962603537846496E-1,5.19641763644259513E-1));
#546=CARTESIAN_POINT('',(3.77887810613539488E-1,5.29320433206410756E-1));
#547=CARTESIAN_POINT('',(3.80753253926036650E-1,5.38753629578471172E-1));
#548=CARTESIAN_POINT('',(3.84515058436089130E-1,5.47835429045636202E-1));
#549=(BOUNDED_CURVE()B_SPLINE_CURVE(5,(#543,#544,#545,#546,#547,#548),.UNSPECIFIED.,.F.,.F.)B_SPLINE_CURVE_WITH_KNOTS((6,6),(0.00000000000000000E0,1.00000000000000000E0),.UNSPECIFIED.)CURVE()GEOMETRIC_REPRESENTATION_ITEM()RATIONAL_B_SPLINE_CURVE((1.00000000000000000E0,9.92314112161292172E-1,9.88471168241938147E-1,9.88471168241938258E-1,9.92314112161292172E-1,1.00000000000000000E0))REPRESENTATION_ITEM(''));
#550=DEFINITIONAL_REPRESENTATION('',(#549),#445);
#551=PCURVE('',#107,#550);
#552=CARTESIAN_POINT('',(3.84515058436089130E-1,5.47835429045636202E-1));
#553=CARTESIAN_POINT('',(3.80602337443566308E-2,6.91341716182544919E-1));
#554=B_SPLINE_CURVE_WITH_KNOTS('',1,(#552,#553),.UNSPECIFIED.,.F.,.F.,(2,2),(0.00000000000000000E0,1.00000000000000000E0),.UNSPECIFIED.);
#555=DEFINITIONAL_REPRESENTATION('',(#554),#445);
#556=PCURVE('',#107,#555);
#557=CARTESIAN_POINT('',(3.80602337443566308E-2,6.91341716182544919E-1));
#558=CARTESIAN_POINT('',(2.30130157041464889E-2,6.55014518313884464E-1));
#559=CARTESIAN_POINT('',(1.15512424541576175E-2,6.17281732825642693E-1));
#560=CARTESIAN_POINT('',(3.85041415138576149E-3,5.78567054577038165E-1));
#561=CARTESIAN_POINT('',(0.00000000000000000E0,5.39320275631516521E-1));
#562=CARTESIAN_POINT('',(0.00000000000000000E0,5.00000000000000000E-1));
#563=(BOUNDED_CURVE()B_SPLINE_CURVE(5,(#557,#558,#559,#560,#561,#562),.UNSPECIFIED.,.F.,.F.)B_SPLINE_CURVE_WITH_KNOTS((6,6),(0.00000000000000000E0,1.00000000000000000E0),.UNSPECIFIED.)CURVE()GEOMETRIC_REPRESENTATION_ITEM()RATIONAL_B_SPLINE_CURVE((1.00000000000000000E0,9.92314112161292172E-1,9.88471168241938258E-1,9.88471168241938147E-1,9.92314112161292172E-1,1.00000000000000000E0))REPRESENTATION_ITEM(''));
#564=DEFINITIONAL_REPRESENTATION('',(#563),#445);
#565=PCURVE('',#107,#564);
#566=CARTESIAN_POINT('',(1.00000000000000000E0,0.00000000000000000E0));
#567=CARTESIAN_POINT('',(1.00000000000000000E0,1.00000000000000000E0));
#568=B_SPLINE_CURVE_WITH_KNOTS('',1,(#566,#567),.UNSPECIFIED.,.F.,.F.,(2,2),(0.00000000000000000E0,1.00000000000000000E0),.UNSPECIFIED.);
#569=DEFINITIONAL_REPRESENTATION('',(#568),#445);
#570=PCURVE('',#117,#569);
#571=CARTESIAN_POINT('',(1.00000000000000000E0,1.00000000000000000E0));
#572=CARTESIAN_POINT('',(0.00000000000000000E0,1.00000000000000000E0));
#573=B_SPLINE_CURVE_WITH_KNOTS('',1,(#571,#572),.UNSPECIFIED.,.F.,.F.,(2,2),(0.00000000000000000E0,1.00000000000000000E0),.UNSPECIFIED.);
#574=DEFINITIONAL_REPRESENTATION('',(#573),#445);
#575=PCURVE('',#117,#574);
#576=CARTESIAN_POINT('',(0.00000000000000000E0,1.00000000000000000E0));
#577=CARTESIAN_POINT('',(0.00000000000000000E0,0.00000000000000000E0));
#578=B_SPLINE_CURVE_WITH_KNOTS('',1,(#576,#577),.UNSPECIFIED.,.F.,.F.,(2,2),(0.00000000000000000E0,1.00000000000000000E0),.UNSPECIFIED.);
#579=DEFINITIONAL_REPRESENTATION('',(#578),#445);
#580=PCURVE('',#117,#579);
#581=CARTESIAN_POINT('',(0.00000000000000000E0,0.00000000000000000E0));
#582=CARTESIAN_POINT('',(1.00000000000000000E0,0.00000000000000000E0));
#583=B_SPLINE_CURVE_WITH_KNOTS('',1,(#581,#582),.UNSPECIFIED.,.F.,.F.,(2,2),(0.00000000000000000E0,1.00000000000000000E0),.UNSPECIFIED.);
#584=DEFINITIONAL_REPRESENTATION('',(#583),#445);
#585=PCURVE('',#117,#584);
#586=CARTESIAN_POINT('',(9.04197295473687879E-1,6.67424001659726818E-1));
#587=CARTESIAN_POINT('',(8.34848003319453524E-1,8.34848003319453524E-1));
#588=CARTESIAN_POINT('',(6.67424001659726818E-1,9.04197295473687879E-1));
#589=(BOUNDED_CURVE()B_SPLINE_CURVE(2,(#586,#587,#588),.UNSPECIFIED.,.F.,.F.)B_SPLINE_CURVE_WITH_KNOTS((3,3),(0.00000000000000000E0,1.00000000000000000E0),.UNSPECIFIED.)CURVE()GEOMETRIC_REPRESENTATION_ITEM()RATIONAL_B_SPLINE_CURVE((1.00000000000000000E0,9.23879532511286738E-1,1.00000000000000000E0))REPRESENTATION_ITEM(''));
#590=DEFINITIONAL_REPRESENTATION('',(#589),#445);
#591=PCURVE('',#76,#590);
#592=CARTESIAN_POINT('',(6.67424001659726818E-1,9.04197295473687879E-1));
#593=CARTESIAN_POINT('',(5.47835429045636202E-1,6.15484941563910870E-1));
#594=B_SPLINE_CURVE_WITH_KNOTS('',1,(#592,#593),.UNSPECIFIED.,.F.,.F.,(2,2),(0.00000000000000000E0,1.00000000000000000E0),.UNSPECIFIED.);
#595=DEFINITIONAL_REPRESENTATION('',(#594),#445);
#596=PCURVE('',#76,#595);
#597=CARTESIAN_POINT('',(5.47835429045636202E-1,6.15484941563910870E-1));
#598=CARTESIAN_POINT('',(5.95670858091272515E-1,5.95670858091272404E-1));
#599=CARTESIAN_POINT('',(6.15484941563910870E-1,5.47835429045636202E-1));
#600=(BOUNDED_CURVE()B_SPLINE_CURVE(2,(#597,#598,#599),.UNSPECIFIED.,.F.,.F.)B_SPLINE_CURVE_WITH_KNOTS((3,3),(0.00000000000000000E0,1.00000000000000000E0),.UNSPECIFIED.)CURVE()GEOMETRIC_REPRESENTATION_ITEM()RATIONAL_B_SPLINE_CURVE((1.00000000000000000E0,9.23879532511286738E-1,1.00000000000000000E0))REPRESENTATION_ITEM(''));
#601=DEFINITIONAL_REPRESENTATION('',(#600),#445);
#602=PCURVE('',#76,#601);
#603=CARTESIAN_POINT('',(6.15484941563910870E-1,5.47835429045636202E-1));
#604=CARTESIAN_POINT('',(9.04197295473687879E-1,6.67424001659726818E-1));
#605=B_SPLINE_CURVE_WITH_KNOTS('',1,(#603,#604),.UNSPECIFIED.,.F.,.F.,(2,2),(0.00000000000000000E0,1.00000000000000000E0),.UNSPECIFIED.);
#606=DEFINITIONAL_REPRESENTATION('',(#605),#445);
#607=PCURVE('',#76,#606);
#608=CARTESIAN_POINT('',(0.00000000000000000E0,0.00000000000000000E0));
#609=CARTESIAN_POINT('',(1.00000000000000000E0,0.00000000000000000E0));
#610=B_SPLINE_CURVE_WITH_KNOTS('',1,(#608,#609),.UNSPECIFIED.,.F.,.F.,(2,2),(0.00000000000000000E0,1.00000000000000000E0),.UNSPECIFIED.);
#611=DEFINITIONAL_REPRESENTATION('',(#610),#445);
#612=PCURVE('',#124,#611);
#613=CARTESIAN_POINT('',(1.00000000000000000E0,0.00000000000000000E0));
#614=CARTESIAN_POINT('',(1.00000000000000000E0,5.83333333333333370E-1));
#615=B_SPLINE_CURVE_WITH_KNOTS('',1,(#613,#614),.UNSPECIFIED.,.F.,.F.,(2,2),(0.00000000000000000E0,1.00000000000000000E0),.UNSPECIFIED.);
#616=DEFINITIONAL_REPRESENTATION('',(#615),#445);
#617=PCURVE('',#124,#616);
#618=CARTESIAN_POINT('',(1.00000000000000000E0,5.83333333333333370E-1));
#619=CARTESIAN_POINT('',(6.66666666666666630E-1,5.83333333333333370E-1));
#620=CARTESIAN_POINT('',(3.33333333333333315E-1,5.83333333333333370E-1));
#621=CARTESIAN_POINT('',(0.00000000000000000E0,5.83333333333333370E-1));
#622=B_SPLINE_CURVE_WITH_KNOTS('',3,(#618,#619,#620,#621),.UNSPECIFIED.,.F.,.F.,(4,4),(0.00000000000000000E0,1.00000000000000000E0),.UNSPECIFIED.);
#623=DEFINITIONAL_REPRESENTATION('',(#622),#445);
#624=PCURVE('',#124,#623);
#625=CARTESIAN_POINT('',(0.00000000000000000E0,5.83333333333333370E-1));
#626=CARTESIAN_POINT('',(0.00000000000000000E0,0.00000000000000000E0));
#627=B_SPLINE_CURVE_WITH_KNOTS('',1,(#625,#626),.UNSPECIFIED.,.F.,.F.,(2,2),(0.00000000000000000E0,1.00000000000000000E0),.UNSPECIFIED.);
#628=DEFINITIONAL_REPRESENTATION('',(#627),#445);
#629=PCURVE('',#124,#628);
#630=CARTESIAN_POINT('',(1.00000000000000000E0,0.00000000000000000E0));
#631=CARTESIAN_POINT('',(1.00000000000000000E0,1.00000000000000000E0));
#632=B_SPLINE_CURVE_WITH_KNOTS('',1,(#630,#631),.UNSPECIFIED.,.F.,.F.,(2,2),(0.00000000000000000E0,1.00000000000000000E0),.UNSPECIFIED.);
#633=DEFINITIONAL_REPRESENTATION('',(#632),#445);
#634=PCURVE('',#131,#633);
#635=CARTESIAN_POINT('',(1.00000000000000000E0,1.00000000000000000E0));
#636=CARTESIAN_POINT('',(6.66666666666666741E-1,1.00000000000000000E0));
#637=CARTESIAN_POINT('',(3.33333333333333370E-1,1.00000000000000000E0));
#638=CARTESIAN_POINT('',(0.00000000000000000E0,1.00000000000000000E0));
#639=B_SPLINE_CURVE_WITH_KNOTS('',3,(#635,#636,#637,#638),.UNSPECIFIED.,.F.,.F.,(4,4),(0.00000000000000000E0,1.00000000000000000E0),.UNSPECIFIED.);
#640=DEFINITIONAL_REPRESENTATION('',(#639),#445);
#641=PCURVE('',#131,#640);
#642=CARTESIAN_POINT('',(0.00000000000000000E0,1.00000000000000000E0));
#643=CARTESIAN_POINT('',(0.00000000000000000E0,0.00000000000000000E0));
#644=B_SPLINE_CURVE_WITH_KNOTS('',1,(#642,#643),.UNSPECIFIED.,.F.,.F.,(2,2),(0.00000000000000000E0,1.00000000000000000E0),.UNSPECIFIED.);
#645=DEFINITIONAL_REPRESENTATION('',(#644),#445);
#646=PCURVE('',#131,#645);
#647=CARTESIAN_POINT('',(0.00000000000000000E0,0.00000000000000000E0));
#648=CARTESIAN_POINT('',(1.00000000000000000E0,0.00000000000000000E0));
#649=B_SPLINE_CURVE_WITH_KNOTS('',1,(#647,#648),.UNSPECIFIED.,.F.,.F.,(2,2),(0.00000000000000000E0,1.00000000000000000E0),.UNSPECIFIED.);
#650=DEFINITIONAL_REPRESENTATION('',(#649),#445);
#651=PCURVE('',#131,#650);
#652=CARTESIAN_POINT('',(3.80602337443566308E-2,6.91341716182544919E-1));
#653=CARTESIAN_POINT('',(3.84515058436089130E-1,5.47835429045636202E-1));
#654=B_SPLINE_CURVE_WITH_KNOTS('',1,(#652,#653),.UNSPECIFIED.,.F.,.F.,(2,2),(0.00000000000000000E0,1.00000000000000000E0),.UNSPECIFIED.);
#655=DEFINITIONAL_REPRESENTATION('',(#654),#445);
#656=PCURVE('',#107,#655);
#657=CARTESIAN_POINT('',(3.84515058436089130E-1,5.47835429045636202E-1));
#658=CARTESIAN_POINT('',(4.04329141908727485E-1,5.95670858091272404E-1));
#659=CARTESIAN_POINT('',(4.52164570954363798E-1,6.15484941563910870E-1));
#660=(BOUNDED_CURVE()B_SPLINE_CURVE(2,(#657,#658,#659),.UNSPECIFIED.,.F.,.F.)B_SPLINE_CURVE_WITH_KNOTS((3,3),(0.00000000000000000E0,1.00000000000000000E0),.UNSPECIFIED.)CURVE()GEOMETRIC_REPRESENTATION_ITEM()RATIONAL_B_SPLINE_CURVE((1.00000000000000000E0,9.23879532511286738E-1,1.00000000000000000E0))REPRESENTATION_ITEM(''));
#661=DEFINITIONAL_REPRESENTATION('',(#660),#445);
#662=PCURVE('',#107,#661);
#663=CARTESIAN_POINT('',(4.52164570954363798E-1,6.15484941563910870E-1));
#664=CARTESIAN_POINT('',(3.08658283817455081E-1,9.61939766255643369E-1));
#665=B_SPLINE_CURVE_WITH_KNOTS('',1,(#663,#664),.UNSPECIFIED.,.F.,.F.,(2,2),(0.00000000000000000E0,1.00000000000000000E0),.UNSPECIFIED.);
#666=DEFINITIONAL_REPRESENTATION('',(#665),#445);
#667=PCURVE('',#107,#666);
#668=CARTESIAN_POINT('',(3.08658283817455081E-1,9.61939766255643369E-1));
#669=CARTESIAN_POINT('',(1.17316567634910163E-1,8.82683432365089837E-1));
#670=CARTESIAN_POINT('',(3.80602337443566308E-2,6.91341716182544919E-1));
#671=(BOUNDED_CURVE()B_SPLINE_CURVE(2,(#668,#669,#670),.UNSPECIFIED.,.F.,.F.)B_SPLINE_CURVE_WITH_KNOTS((3,3),(0.00000000000000000E0,1.00000000000000000E0),.UNSPECIFIED.)CURVE()GEOMETRIC_REPRESENTATION_ITEM()RATIONAL_B_SPLINE_CURVE((1.00000000000000000E0,9.23879532511286738E-1,1.00000000000000000E0))REPRESENTATION_ITEM(''));
#672=DEFINITIONAL_REPRESENTATION('',(#671),#445);
#673=PCURVE('',#107,#672);
#674=CARTESIAN_POINT('',(1.00000000000000000E0,0.00000000000000000E0));
#675=CARTESIAN_POINT('',(1.00000000000000000E0,1.00000000000000000E0));
#676=B_SPLINE_CURVE_WITH_KNOTS('',1,(#674,#675),.UNSPECIFIED.,.F.,.F.,(2,2),(0.00000000000000000E0,1.00000000000000000E0),.UNSPECIFIED.);
#677=DEFINITIONAL_REPRESENTATION('',(#676),#445);
#678=PCURVE('',#150,#677);
#679=CARTESIAN_POINT('',(1.00000000000000000E0,1.00000000000000000E0));
#680=CARTESIAN_POINT('',(0.00000000000000000E0,1.00000000000000000E0));
#681=B_SPLINE_CURVE_WITH_KNOTS('',1,(#679,#680),.UNSPECIFIED.,.F.,.F.,(2,2),(0.00000000000000000E0,1.00000000000000000E0),.UNSPECIFIED.);
#682=DEFINITIONAL_REPRESENTATION('',(#681),#445);
#683=PCURVE('',#150,#682);
#684=CARTESIAN_POINT('',(0.00000000000000000E0,1.00000000000000000E0));
#685=CARTESIAN_POINT('',(0.00000000000000000E0,0.00000000000000000E0));
#686=B_SPLINE_CURVE_WITH_KNOTS('',1,(#684,#685),.UNSPECIFIED.,.F.,.F.,(2,2),(0.00000000000000000E0,1.00000000000000000E0),.UNSPECIFIED.);
#687=DEFINITIONAL_REPRESENTATION('',(#686),#445);
#688=PCURVE('',#150,#687);
#689=CARTESIAN_POINT('',(0.00000000000000000E0,0.00000000000000000E0));
#690=CARTESIAN_POINT('',(1.00000000000000000E0,0.00000000000000000E0));
#691=B_SPLINE_CURVE_WITH_KNOTS('',1,(#689,#690),.UNSPECIFIED.,.F.,.F.,(2,2),(0.00000000000000000E0,1.00000000000000000E0),.UNSPECIFIED.);
#692=DEFINITIONAL_REPRESENTATION('',(#691),#445);
#693=PCURVE('',#150,#692);
#694=CARTESIAN_POINT('',(6.67424001659726818E-1,9.04197295473687879E-1));
#695=CARTESIAN_POINT('',(6.35637703524648878E-1,9.17363611258871892E-1));
#696=CARTESIAN_POINT('',(6.09880518394050775E-1,9.44917444344616997E-1));
#697=CARTESIAN_POINT('',(5.78567054577038165E-1,9.77180899049839624E-1));
#698=CARTESIAN_POINT('',(5.39320275631516521E-1,1.00000000000000000E0));
#699=CARTESIAN_POINT('',(5.00000000000000000E-1,1.00000000000000000E0));
#700=(BOUNDED_CURVE()B_SPLINE_CURVE(5,(#694,#695,#696,#697,#698,#699),.UNSPECIFIED.,.F.,.F.)B_SPLINE_CURVE_WITH_KNOTS((6,6),(0.00000000000000000E0,1.00000000000000000E0),.UNSPECIFIED.)CURVE()GEOMETRIC_REPRESENTATION_ITEM()RATIONAL_B_SPLINE_CURVE((1.00000000000000000E0,9.92314112161292172E-1,9.88471168241938147E-1,9.88471168241938258E-1,9.92314112161292172E-1,1.00000000000000000E0))REPRESENTATION_ITEM(''));
#701=DEFINITIONAL_REPRESENTATION('',(#700),#445);
#702=PCURVE('',#76,#701);
#703=CARTESIAN_POINT('',(5.00000000000000000E-1,1.00000000000000000E0));
#704=CARTESIAN_POINT('',(5.00000000000000000E-1,6.25000000000000000E-1));
#705=B_SPLINE_CURVE_WITH_KNOTS('',1,(#703,#704),.UNSPECIFIED.,.F.,.F.,(2,2),(0.00000000000000000E0,1.00000000000000000E0),.UNSPECIFIED.);
#706=DEFINITIONAL_REPRESENTATION('',(#705),#445);
#707=PCURVE('',#76,#706);
#708=CARTESIAN_POINT('',(5.00000000000000000E-1,6.25000000000000000E-1));
#709=CARTESIAN_POINT('',(5.09830068907879186E-1,6.25000000000000000E-1));
#710=CARTESIAN_POINT('',(5.19641763644259513E-1,6.24037396462153504E-1));
#711=CARTESIAN_POINT('',(5.29320433206410756E-1,6.22112189386460623E-1));
#712=CARTESIAN_POINT('',(5.38753629578471172E-1,6.19246746073963350E-1));
#713=CARTESIAN_POINT('',(5.47835429045636202E-1,6.15484941563910870E-1));
#714=(BOUNDED_CURVE()B_SPLINE_CURVE(5,(#708,#709,#710,#711,#712,#713),.UNSPECIFIED.,.F.,.F.)B_SPLINE_CURVE_WITH_KNOTS((6,6),(0.00000000000000000E0,1.00000000000000000E0),.UNSPECIFIED.)CURVE()GEOMETRIC_REPRESENTATION_ITEM()RATIONAL_B_SPLINE_CURVE((1.00000000000000000E0,9.92314112161292172E-1,9.88471168241938258E-1,9.88471168241938147E-1,9.92314112161292172E-1,1.00000000000000000E0))REPRESENTATION_ITEM(''));
#715=DEFINITIONAL_REPRESENTATION('',(#714),#445);
#716=PCURVE('',#76,#715);
#717=CARTESIAN_POINT('',(5.47835429045636202E-1,6.15484941563910870E-1));
#718=CARTESIAN_POINT('',(6.67424001659726818E-1,9.04197295473687879E-1));
#719=B_SPLINE_CURVE_WITH_KNOTS('',1,(#717,#718),.UNSPECIFIED.,.F.,.F.,(2,2),(0.00000000000000000E0,1.00000000000000000E0),.UNSPECIFIED.);
#720=DEFINITIONAL_REPRESENTATION('',(#719),#445);
#721=PCURVE('',#76,#720);
#722=CARTESIAN_POINT('',(0.00000000000000000E0,0.00000000000000000E0));
#723=CARTESIAN_POINT('',(1.00000000000000000E0,0.00000000000000000E0));
#724=B_SPLINE_CURVE_WITH_KNOTS('',1,(#722,#723),.UNSPECIFIED.,.F.,.F.,(2,2),(0.00000000000000000E0,1.00000000000000000E0),.UNSPECIFIED.);
#725=DEFINITIONAL_REPRESENTATION('',(#724),#445);
#726=PCURVE('',#163,#725);
#727=CARTESIAN_POINT('',(1.00000000000000000E0,0.00000000000000000E0));
#728=CARTESIAN_POINT('',(1.00000000000000000E0,1.00000000000000000E0));
#729=B_SPLINE_CURVE_WITH_KNOTS('',1,(#727,#728),.UNSPECIFIED.,.F.,.F.,(2,2),(0.00000000000000000E0,1.00000000000000000E0),.UNSPECIFIED.);
#730=DEFINITIONAL_REPRESENTATION('',(#729),#445);
#731=PCURVE('',#163,#730);
#732=CARTESIAN_POINT('',(1.00000000000000000E0,1.00000000000000000E0));
#733=CARTESIAN_POINT('',(6.66666666666666630E-1,1.00000000000000000E0));
#734=CARTESIAN_POINT('',(3.33333333333333315E-1,5.83333333333333370E-1));
#735=CARTESIAN_POINT('',(0.00000000000000000E0,5.83333333333333370E-1));
#736=B_SPLINE_CURVE_WITH_KNOTS('',3,(#732,#733,#734,#735),.UNSPECIFIED.,.F.,.F.,(4,4),(0.00000000000000000E0,1.00000000000000000E0),.UNSPECIFIED.);
#737=DEFINITIONAL_REPRESENTATION('',(#736),#445);
#738=PCURVE('',#163,#737);
#739=CARTESIAN_POINT('',(0.00000000000000000E0,5.83333333333333370E-1));
#740=CARTESIAN_POINT('',(0.00000000000000000E0,0.00000000000000000E0));
#741=B_SPLINE_CURVE_WITH_KNOTS('',1,(#739,#740),.UNSPECIFIED.,.F.,.F.,(2,2),(0.00000000000000000E0,1.00000000000000000E0),.UNSPECIFIED.);
#742=DEFINITIONAL_REPRESENTATION('',(#741),#445);
#743=PCURVE('',#163,#742);
#744=CARTESIAN_POINT('',(1.00000000000000000E0,0.00000000000000000E0));
#745=CARTESIAN_POINT('',(1.00000000000000000E0,1.00000000000000000E0));
#746=B_SPLINE_CURVE_WITH_KNOTS('',1,(#744,#745),.UNSPECIFIED.,.F.,.F.,(2,2),(0.00000000000000000E0,1.00000000000000000E0),.UNSPECIFIED.);
#747=DEFINITIONAL_REPRESENTATION('',(#746),#445);
#748=PCURVE('',#176,#747);
#749=CARTESIAN_POINT('',(1.00000000000000000E0,1.00000000000000000E0));
#750=CARTESIAN_POINT('',(6.66666666666666741E-1,1.00000000000000000E0));
#751=CARTESIAN_POINT('',(3.33333333333333370E-1,1.00000000000000000E0));
#752=CARTESIAN_POINT('',(0.00000000000000000E0,1.00000000000000000E0));
#753=B_SPLINE_CURVE_WITH_KNOTS('',3,(#749,#750,#751,#752),.UNSPECIFIED.,.F.,.F.,(4,4),(0.00000000000000000E0,1.00000000000000000E0),.UNSPECIFIED.);
#754=DEFINITIONAL_REPRESENTATION('',(#753),#445);
#755=PCURVE('',#176,#754);
#756=CARTESIAN_POINT('',(0.00000000000000000E0,1.00000000000000000E0));
#757=CARTESIAN_POINT('',(0.00000000000000000E0,0.00000000000000000E0));
#758=B_SPLINE_CURVE_WITH_KNOTS('',1,(#756,#757),.UNSPECIFIED.,.F.,.F.,(2,2),(0.00000000000000000E0,1.00000000000000000E0),.UNSPECIFIED.);
#759=DEFINITIONAL_REPRESENTATION('',(#758),#445);
#760=PCURVE('',#176,#759);
#761=CARTESIAN_POINT('',(0.00000000000000000E0,0.00000000000000000E0));
#762=CARTESIAN_POINT('',(1.00000000000000000E0,0.00000000000000000E0));
#763=B_SPLINE_CURVE_WITH_KNOTS('',1,(#761,#762),.UNSPECIFIED.,.F.,.F.,(2,2),(0.00000000000000000E0,1.00000000000000000E0),.UNSPECIFIED.);
#764=DEFINITIONAL_REPRESENTATION('',(#763),#445);
#765=PCURVE('',#176,#764);
#766=CARTESIAN_POINT('',(3.08658283817455081E-1,9.61939766255643369E-1));
#767=CARTESIAN_POINT('',(4.52164570954363798E-1,6.15484941563910870E-1));
#768=B_SPLINE_CURVE_WITH_KNOTS('',1,(#766,#767),.UNSPECIFIED.,.F.,.F.,(2,2),(0.00000000000000000E0,1.00000000000000000E0),.UNSPECIFIED.);
#769=DEFINITIONAL_REPRESENTATION('',(#768),#445);
#770=PCURVE('',#107,#769);
#771=CARTESIAN_POINT('',(4.52164570954363798E-1,6.15484941563910870E-1));
#772=CARTESIAN_POINT('',(4.61246370421528828E-1,6.19246746073963350E-1));
#773=CARTESIAN_POINT('',(4.70679566793589244E-1,6.22112189386460623E-1));
#774=CARTESIAN_POINT('',(4.80358236355740487E-1,6.24037396462153504E-1));
#775=CARTESIAN_POINT('',(4.90169931092120814E-1,6.25000000000000000E-1));
#776=CARTESIAN_POINT('',(5.00000000000000000E-1,6.25000000000000000E-1));
#777=(BOUNDED_CURVE()B_SPLINE_CURVE(5,(#771,#772,#773,#774,#775,#776),.UNSPECIFIED.,.F.,.F.)B_SPLINE_CURVE_WITH_KNOTS((6,6),(0.00000000000000000E0,1.00000000000000000E0),.UNSPECIFIED.)CURVE()GEOMETRIC_REPRESENTATION_ITEM()RATIONAL_B_SPLINE_CURVE((1.00000000000000000E0,9.92314112161292172E-1,9.88471168241938147E-1,9.88471168241938258E-1,9.92314112161292172E-1,1.00000000000000000E0))REPRESENTATION_ITEM(''));
#778=DEFINITIONAL_REPRESENTATION('',(#777),#445);
#779=PCURVE('',#107,#778);
#780=CARTESIAN_POINT('',(5.00000000000000000E-1,6.25000000000000000E-1));
#781=CARTESIAN_POINT('',(5.00000000000000000E-1,1.00000000000000000E0));
#782=B_SPLINE_CURVE_WITH_KNOTS('',1,(#780,#781),.UNSPECIFIED.,.F.,.F.,(2,2),(0.00000000000000000E0,1.00000000000000000E0),.UNSPECIFIED.);
#783=DEFINITIONAL_REPRESENTATION('',(#782),#445);
#784=PCURVE('',#107,#783);
#785=CARTESIAN_POINT('',(5.00000000000000000E-1,1.00000000000000000E0));
#786=CARTESIAN_POINT('',(4.60679724368483479E-1,1.00000000000000000E0));
#787=CARTESIAN_POINT('',(4.21432945422961835E-1,9.96149585848614239E-1));
#788=CARTESIAN_POINT('',(3.82718267174357196E-1,9.88448757545842605E-1));
#789=CARTESIAN_POINT('',(3.44985481686115536E-1,9.76986984295853511E-1));
#790=CARTESIAN_POINT('',(3.08658283817455081E-1,9.61939766255643369E-1));
#791=(BOUNDED_CURVE()B_SPLINE_CURVE(5,(#785,#786,#787,#788,#789,#790),.UNSPECIFIED.,.F.,.F.)B_SPLINE_CURVE_WITH_KNOTS((6,6),(0.00000000000000000E0,1.00000000000000000E0),.UNSPECIFIED.)CURVE()GEOMETRIC_REPRESENTATION_ITEM()RATIONAL_B_SPLINE_CURVE((1.00000000000000000E0,9.92314112161292172E-1,9.88471168241938258E-1,9.88471168241938147E-1,9.92314112161292172E-1,1.00000000000000000E0))REPRESENTATION_ITEM(''));
#792=DEFINITIONAL_REPRESENTATION('',(#791),#445);
#793=PCURVE('',#107,#792);
#794=CARTESIAN_POINT('',(5.00000000000000000E-1,1.00000000000000000E0));
#795=CARTESIAN_POINT('',(8.88178419700125282E-17,1.00000000000000000E0));
#796=CARTESIAN_POINT('',(0.00000000000000000E0,5.00000000000000000E-1));
#797=(BOUNDED_CURVE()B_SPLINE_CURVE(2,(#794,#795,#796),.UNSPECIFIED.,.F.,.F.)B_SPLINE_CURVE_WITH_KNOTS((3,3),(0.00000000000000000E0,1.00000000000000000E0),.UNSPECIFIED.)CURVE()GEOMETRIC_REPRESENTATION_ITEM()RATIONAL_B_SPLINE_CURVE((1.00000000000000000E0,7.07106781186547573E-1,1.00000000000000000E0))REPRESENTATION_ITEM(''));
#798=DEFINITIONAL_REPRESENTATION('',(#797),#445);
#799=PCURVE('',#76,#798);
#800=CARTESIAN_POINT('',(0.00000000000000000E0,5.00000000000000000E-1));
#801=CARTESIAN_POINT('',(3.75000000000000000E-1,5.00000000000000000E-1));
#802=B_SPLINE_CURVE_WITH_KNOTS('',1,(#800,#801),.UNSPECIFIED.,.F.,.F.,(2,2),(0.00000000000000000E0,1.00000000000000000E0),.UNSPECIFIED.);
#803=DEFINITIONAL_REPRESENTATION('',(#802),#445);
#804=PCURVE('',#76,#803);
#805=CARTESIAN_POINT('',(3.75000000000000000E-1,5.00000000000000000E-1));
#806=CARTESIAN_POINT('',(3.75000000000000000E-1,6.25000000000000000E-1));
#807=CARTESIAN_POINT('',(5.00000000000000000E-1,6.25000000000000000E-1));
#808=(BOUNDED_CURVE()B_SPLINE_CURVE(2,(#805,#806,#807),.UNSPECIFIED.,.F.,.F.)B_SPLINE_CURVE_WITH_KNOTS((3,3),(0.00000000000000000E0,1.00000000000000000E0),.UNSPECIFIED.)CURVE()GEOMETRIC_REPRESENTATION_ITEM()RATIONAL_B_SPLINE_CURVE((1.00000000000000000E0,7.07106781186547573E-1,1.00000000000000000E0))REPRESENTATION_ITEM(''));
#809=DEFINITIONAL_REPRESENTATION('',(#808),#445);
#810=PCURVE('',#76,#809);
#811=CARTESIAN_POINT('',(5.00000000000000000E-1,6.25000000000000000E-1));
#812=CARTESIAN_POINT('',(5.00000000000000000E-1,1.00000000000000000E0));
#813=B_SPLINE_CURVE_WITH_KNOTS('',1,(#811,#812),.UNSPECIFIED.,.F.,.F.,(2,2),(0.00000000000000000E0,1.00000000000000000E0),.UNSPECIFIED.);
#814=DEFINITIONAL_REPRESENTATION('',(#813),#445);
#815=PCURVE('',#76,#814);
#816=CARTESIAN_POINT('',(0.00000000000000000E0,0.00000000000000000E0));
#817=CARTESIAN_POINT('',(1.00000000000000000E0,0.00000000000000000E0));
#818=B_SPLINE_CURVE_WITH_KNOTS('',1,(#816,#817),.UNSPECIFIED.,.F.,.F.,(2,2),(0.00000000000000000E0,1.00000000000000000E0),.UNSPECIFIED.);
#819=DEFINITIONAL_REPRESENTATION('',(#818),#445);
#820=PCURVE('',#183,#819);
#821=CARTESIAN_POINT('',(1.00000000000000000E0,0.00000000000000000E0));
#822=CARTESIAN_POINT('',(1.00000000000000000E0,1.00000000000000000E0));
#823=B_SPLINE_CURVE_WITH_KNOTS('',1,(#821,#822),.UNSPECIFIED.,.F.,.F.,(2,2),(0.00000000000000000E0,1.00000000000000000E0),.UNSPECIFIED.);
#824=DEFINITIONAL_REPRESENTATION('',(#823),#445);
#825=PCURVE('',#183,#824);
#826=CARTESIAN_POINT('',(1.00000000000000000E0,1.00000000000000000E0));
#827=CARTESIAN_POINT('',(6.66666666666666630E-1,1.00000000000000000E0));
#828=CARTESIAN_POINT('',(3.33333333333333315E-1,1.00000000000000000E0));
#829=CARTESIAN_POINT('',(0.00000000000000000E0,1.00000000000000000E0));
#830=B_SPLINE_CURVE_WITH_KNOTS('',3,(#826,#827,#828,#829),.UNSPECIFIED.,.F.,.F.,(4,4),(0.00000000000000000E0,1.00000000000000000E0),.UNSPECIFIED.);
#831=DEFINITIONAL_REPRESENTATION('',(#830),#445);
#832=PCURVE('',#183,#831);
#833=CARTESIAN_POINT('',(0.00000000000000000E0,1.00000000000000000E0));
#834=CARTESIAN_POINT('',(0.00000000000000000E0,0.00000000000000000E0));
#835=B_SPLINE_CURVE_WITH_KNOTS('',1,(#833,#834),.UNSPECIFIED.,.F.,.F.,(2,2),(0.00000000000000000E0,1.00000000000000000E0),.UNSPECIFIED.);
#836=DEFINITIONAL_REPRESENTATION('',(#835),#445);
#837=PCURVE('',#183,#836);
#838=CARTESIAN_POINT('',(1.00000000000000000E0,0.00000000000000000E0));
#839=CARTESIAN_POINT('',(1.00000000000000000E0,1.00000000000000000E0));
#840=B_SPLINE_CURVE_WITH_KNOTS('',1,(#838,#839),.UNSPECIFIED.,.F.,.F.,(2,2),(0.00000000000000000E0,1.00000000000000000E0),.UNSPECIFIED.);
#841=DEFINITIONAL_REPRESENTATION('',(#840),#445);
#842=PCURVE('',#190,#841);
#843=CARTESIAN_POINT('',(1.00000000000000000E0,1.00000000000000000E0));
#844=CARTESIAN_POINT('',(6.66666666666666741E-1,1.00000000000000000E0));
#845=CARTESIAN_POINT('',(3.33333333333333370E-1,1.00000000000000000E0));
#846=CARTESIAN_POINT('',(0.00000000000000000E0,1.00000000000000000E0));
#847=B_SPLINE_CURVE_WITH_KNOTS('',3,(#843,#844,#845,#846),.UNSPECIFIED.,.F.,.F.,(4,4),(0.00000000000000000E0,1.00000000000000000E0),.UNSPECIFIED.);
#848=DEFINITIONAL_REPRESENTATION('',(#847),#445);
#849=PCURVE('',#190,#848);
#850=CARTESIAN_POINT('',(0.00000000000000000E0,1.00000000000000000E0));
#851=CARTESIAN_POINT('',(0.00000000000000000E0,0.00000000000000000E0));
#852=B_SPLINE_CURVE_WITH_KNOTS('',1,(#850,#851),.UNSPECIFIED.,.F.,.F.,(2,2),(0.00000000000000000E0,1.00000000000000000E0),.UNSPECIFIED.);
#853=DEFINITIONAL_REPRESENTATION('',(#852),#445);
#854=PCURVE('',#190,#853);
#855=CARTESIAN_POINT('',(0.00000000000000000E0,0.00000000000000000E0));
#856=CARTESIAN_POINT('',(1.00000000000000000E0,0.00000000000000000E0));
#857=B_SPLINE_CURVE_WITH_KNOTS('',1,(#855,#856),.UNSPECIFIED.,.F.,.F.,(2,2),(0.00000000000000000E0,1.00000000000000000E0),.UNSPECIFIED.);
#858=DEFINITIONAL_REPRESENTATION('',(#857),#445);
#859=PCURVE('',#190,#858);
#860=CARTESIAN_POINT('',(5.00000000000000000E-1,1.00000000000000000E0));
#861=CARTESIAN_POINT('',(5.00000000000000000E-1,6.25000000000000000E-1));
#862=B_SPLINE_CURVE_WITH_KNOTS('',1,(#860,#861),.UNSPECIFIED.,.F.,.F.,(2,2),(0.00000000000000000E0,1.00000000000000000E0),.UNSPECIFIED.);
#863=DEFINITIONAL_REPRESENTATION('',(#862),#445);
#864=PCURVE('',#107,#863);
#865=CARTESIAN_POINT('',(5.00000000000000000E-1,6.25000000000000000E-1));
#866=CARTESIAN_POINT('',(6.25000000000000000E-1,6.25000000000000000E-1));
#867=CARTESIAN_POINT('',(6.25000000000000000E-1,5.00000000000000000E-1));
#868=(BOUNDED_CURVE()B_SPLINE_CURVE(2,(#865,#866,#867),.UNSPECIFIED.,.F.,.F.)B_SPLINE_CURVE_WITH_KNOTS((3,3),(0.00000000000000000E0,1.00000000000000000E0),.UNSPECIFIED.)CURVE()GEOMETRIC_REPRESENTATION_ITEM()RATIONAL_B_SPLINE_CURVE((1.00000000000000000E0,7.07106781186547573E-1,1.00000000000000000E0))REPRESENTATION_ITEM(''));
#869=DEFINITIONAL_REPRESENTATION('',(#868),#445);
#870=PCURVE('',#107,#869);
#871=CARTESIAN_POINT('',(6.25000000000000000E-1,5.00000000000000000E-1));
#872=CARTESIAN_POINT('',(1.00000000000000000E0,5.00000000000000000E-1));
#873=B_SPLINE_CURVE_WITH_KNOTS('',1,(#871,#872),.UNSPECIFIED.,.F.,.F.,(2,2),(0.00000000000000000E0,1.00000000000000000E0),.UNSPECIFIED.);
#874=DEFINITIONAL_REPRESENTATION('',(#873),#445);
#875=PCURVE('',#107,#874);
#876=CARTESIAN_POINT('',(1.00000000000000000E0,5.00000000000000000E-1));
#877=CARTESIAN_POINT('',(9.99999999999999889E-1,1.00000000000000000E0));
#878=CARTESIAN_POINT('',(5.00000000000000000E-1,1.00000000000000000E0));
#879=(BOUNDED_CURVE()B_SPLINE_CURVE(2,(#876,#877,#878),.UNSPECIFIED.,.F.,.F.)B_SPLINE_CURVE_WITH_KNOTS((3,3),(0.00000000000000000E0,1.00000000000000000E0),.UNSPECIFIED.)CURVE()GEOMETRIC_REPRESENTATION_ITEM()RATIONAL_B_SPLINE_CURVE((1.00000000000000000E0,7.07106781186547573E-1,1.00000000000000000E0))REPRESENTATION_ITEM(''));
#880=DEFINITIONAL_REPRESENTATION('',(#879),#445);
#881=PCURVE('',#107,#880);
#882=CARTESIAN_POINT('',(0.00000000000000000E0,5.00000000000000000E-1));
#883=CARTESIAN_POINT('',(-8.88178419700125282E-17,8.88178419700125282E-17));
#884=CARTESIAN_POINT('',(5.00000000000000000E-1,0.00000000000000000E0));
#885=(BOUNDED_CURVE()B_SPLINE_CURVE(2,(#882,#883,#884),.UNSPECIFIED.,.F.,.F.)B_SPLINE_CURVE_WITH_KNOTS((3,3),(0.00000000000000000E0,1.00000000000000000E0),.UNSPECIFIED.)CURVE()GEOMETRIC_REPRESENTATION_ITEM()RATIONAL_B_SPLINE_CURVE((1.00000000000000000E0,7.07106781186547573E-1,1.00000000000000000E0))REPRESENTATION_ITEM(''));
#886=DEFINITIONAL_REPRESENTATION('',(#885),#445);
#887=PCURVE('',#76,#886);
#888=CARTESIAN_POINT('',(5.00000000000000000E-1,0.00000000000000000E0));
#889=CARTESIAN_POINT('',(5.00000000000000000E-1,3.75000000000000000E-1));
#890=B_SPLINE_CURVE_WITH_KNOTS('',1,(#888,#889),.UNSPECIFIED.,.F.,.F.,(2,2),(0.00000000000000000E0,1.00000000000000000E0),.UNSPECIFIED.);
#891=DEFINITIONAL_REPRESENTATION('',(#890),#445);
#892=PCURVE('',#76,#891);
#893=CARTESIAN_POINT('',(5.00000000000000000E-1,3.75000000000000000E-1));
#894=CARTESIAN_POINT('',(3.75000000000000000E-1,3.75000000000000000E-1));
#895=CARTESIAN_POINT('',(3.75000000000000000E-1,5.00000000000000000E-1));
#896=(BOUNDED_CURVE()B_SPLINE_CURVE(2,(#893,#894,#895),.UNSPECIFIED.,.F.,.F.)B_SPLINE_CURVE_WITH_KNOTS((3,3),(0.00000000000000000E0,1.00000000000000000E0),.UNSPECIFIED.)CURVE()GEOMETRIC_REPRESENTATION_ITEM()RATIONAL_B_SPLINE_CURVE((1.00000000000000000E0,7.07106781186547573E-1,1.00000000000000000E0))REPRESENTATION_ITEM(''));
#897=DEFINITIONAL_REPRESENTATION('',(#896),#445);
#898=PCURVE('',#76,#897);
#899=CARTESIAN_POINT('',(3.75000000000000000E-1,5.00000000000000000E-1));
#900=CARTESIAN_POINT('',(0.00000000000000000E0,5.00000000000000000E-1));
#901=B_SPLINE_CURVE_WITH_KNOTS('',1,(#899,#900),.UNSPECIFIED.,.F.,.F.,(2,2),(0.00000000000000000E0,1.00000000000000000E0),.UNSPECIFIED.);
#902=DEFINITIONAL_REPRESENTATION('',(#901),#445);
#903=PCURVE('',#76,#902);
#904=CARTESIAN_POINT('',(0.00000000000000000E0,0.00000000000000000E0));
#905=CARTESIAN_POINT('',(1.00000000000000000E0,0.00000000000000000E0));
#906=B_SPLINE_CURVE_WITH_KNOTS('',1,(#904,#905),.UNSPECIFIED.,.F.,.F.,(2,2),(0.00000000000000000E0,1.00000000000000000E0),.UNSPECIFIED.);
#907=DEFINITIONAL_REPRESENTATION('',(#906),#445);
#908=PCURVE('',#197,#907);
#909=CARTESIAN_POINT('',(1.00000000000000000E0,0.00000000000000000E0));
#910=CARTESIAN_POINT('',(1.00000000000000000E0,1.00000000000000000E0));
#911=B_SPLINE_CURVE_WITH_KNOTS('',1,(#909,#910),.UNSPECIFIED.,.F.,.F.,(2,2),(0.00000000000000000E0,1.00000000000000000E0),.UNSPECIFIED.);
#912=DEFINITIONAL_REPRESENTATION('',(#911),#445);
#913=PCURVE('',#197,#912);
#914=CARTESIAN_POINT('',(1.00000000000000000E0,1.00000000000000000E0));
#915=CARTESIAN_POINT('',(6.66666666666666630E-1,1.00000000000000000E0));
#916=CARTESIAN_POINT('',(3.33333333333333315E-1,1.00000000000000000E0));
#917=CARTESIAN_POINT('',(0.00000000000000000E0,1.00000000000000000E0));
#918=B_SPLINE_CURVE_WITH_KNOTS('',3,(#914,#915,#916,#917),.UNSPECIFIED.,.F.,.F.,(4,4),(0.00000000000000000E0,1.00000000000000000E0),.UNSPECIFIED.);
#919=DEFINITIONAL_REPRESENTATION('',(#918),#445);
#920=PCURVE('',#197,#919);
#921=CARTESIAN_POINT('',(0.00000000000000000E0,1.00000000000000000E0));
#922=CARTESIAN_POINT('',(0.00000000000000000E0,0.00000000000000000E0));
#923=B_SPLINE_CURVE_WITH_KNOTS('',1,(#921,#922),.UNSPECIFIED.,.F.,.F.,(2,2),(0.00000000000000000E0,1.00000000000000000E0),.UNSPECIFIED.);
#924=DEFINITIONAL_REPRESENTATION('',(#923),#445);
#925=PCURVE('',#197,#924);
#926=CARTESIAN_POINT('',(1.00000000000000000E0,0.00000000000000000E0));
#927=CARTESIAN_POINT('',(1.00000000000000000E0,1.00000000000000000E0));
#928=B_SPLINE_CURVE_WITH_KNOTS('',1,(#926,#927),.UNSPECIFIED.,.F.,.F.,(2,2),(0.00000000000000000E0,1.00000000000000000E0),.UNSPECIFIED.);
#929=DEFINITIONAL_REPRESENTATION('',(#928),#445);
#930=PCURVE('',#204,#929);
#931=CARTESIAN_POINT('',(1.00000000000000000E0,1.00000000000000000E0));
#932=CARTESIAN_POINT('',(6.66666666666666741E-1,1.00000000000000000E0));
#933=CARTESIAN_POINT('',(3.33333333333333370E-1,1.00000000000000000E0));
#934=CARTESIAN_POINT('',(0.00000000000000000E0,1.00000000000000000E0));
#935=B_SPLINE_CURVE_WITH_KNOTS('',3,(#931,#932,#933,#934),.UNSPECIFIED.,.F.,.F.,(4,4),(0.00000000000000000E0,1.00000000000000000E0),.UNSPECIFIED.);
#936=DEFINITIONAL_REPRESENTATION('',(#935),#445);
#937=PCURVE('',#204,#936);
#938=CARTESIAN_POINT('',(0.00000000000000000E0,1.00000000000000000E0));
#939=CARTESIAN_POINT('',(0.00000000000000000E0,0.00000000000000000E0));
#940=B_SPLINE_CURVE_WITH_KNOTS('',1,(#938,#939),.UNSPECIFIED.,.F.,.F.,(2,2),(0.00000000000000000E0,1.00000000000000000E0),.UNSPECIFIED.);
#941=DEFINITIONAL_REPRESENTATION('',(#940),#445);
#942=PCURVE('',#204,#941);
#943=CARTESIAN_POINT('',(0.00000000000000000E0,0.00000000000000000E0));
#944=CARTESIAN_POINT('',(1.00000000000000000E0,0.00000000000000000E0));
#945=B_SPLINE_CURVE_WITH_KNOTS('',1,(#943,#944),.UNSPECIFIED.,.F.,.F.,(2,2),(0.00000000000000000E0,1.00000000000000000E0),.UNSPECIFIED.);
#946=DEFINITIONAL_REPRESENTATION('',(#945),#445);
#947=PCURVE('',#204,#946);
#948=CARTESIAN_POINT('',(1.00000000000000000E0,5.00000000000000000E-1));
#949=CARTESIAN_POINT('',(6.25000000000000000E-1,5.00000000000000000E-1));
#950=B_SPLINE_CURVE_WITH_KNOTS('',1,(#948,#949),.UNSPECIFIED.,.F.,.F.,(2,2),(0.00000000000000000E0,1.00000000000000000E0),.UNSPECIFIED.);
#951=DEFINITIONAL_REPRESENTATION('',(#950),#445);
#952=PCURVE('',#107,#951);
#953=CARTESIAN_POINT('',(6.25000000000000000E-1,5.00000000000000000E-1));
#954=CARTESIAN_POINT('',(6.25000000000000000E-1,3.75000000000000000E-1));
#955=CARTESIAN_POINT('',(5.00000000000000000E-1,3.75000000000000000E-1));
#956=(BOUNDED_CURVE()B_SPLINE_CURVE(2,(#953,#954,#955),.UNSPECIFIED.,.F.,.F.)B_SPLINE_CURVE_WITH_KNOTS((3,3),(0.00000000000000000E0,1.00000000000000000E0),.UNSPECIFIED.)CURVE()GEOMETRIC_REPRESENTATION_ITEM()RATIONAL_B_SPLINE_CURVE((1.00000000000000000E0,7.07106781186547573E-1,1.00000000000000000E0))REPRESENTATION_ITEM(''));
#957=DEFINITIONAL_REPRESENTATION('',(#956),#445);
#958=PCURVE('',#107,#957);
#959=CARTESIAN_POINT('',(5.00000000000000000E-1,3.75000000000000000E-1));
#960=CARTESIAN_POINT('',(5.00000000000000000E-1,0.00000000000000000E0));
#961=B_SPLINE_CURVE_WITH_KNOTS('',1,(#959,#960),.UNSPECIFIED.,.F.,.F.,(2,2),(0.00000000000000000E0,1.00000000000000000E0),.UNSPECIFIED.);
#962=DEFINITIONAL_REPRESENTATION('',(#961),#445);
#963=PCURVE('',#107,#962);
#964=CARTESIAN_POINT('',(5.00000000000000000E-1,0.00000000000000000E0));
#965=CARTESIAN_POINT('',(1.00000000000000000E0,8.88178419700125282E-17));
#966=CARTESIAN_POINT('',(1.00000000000000000E0,5.00000000000000000E-1));
#967=(BOUNDED_CURVE()B_SPLINE_CURVE(2,(#964,#965,#966),.UNSPECIFIED.,.F.,.F.)B_SPLINE_CURVE_WITH_KNOTS((3,3),(0.00000000000000000E0,1.00000000000000000E0),.UNSPECIFIED.)CURVE()GEOMETRIC_REPRESENTATION_ITEM()RATIONAL_B_SPLINE_CURVE((1.00000000000000000E0,7.07106781186547573E-1,1.00000000000000000E0))REPRESENTATION_ITEM(''));
#968=DEFINITIONAL_REPRESENTATION('',(#967),#445);
#969=PCURVE('',#107,#968);
#970=CARTESIAN_POINT('',(5.00000000000000000E-1,0.00000000000000000E0));
#971=CARTESIAN_POINT('',(9.99999999999999778E-1,-8.88178419700125282E-17));
#972=CARTESIAN_POINT('',(1.00000000000000000E0,5.00000000000000000E-1));
#973=(BOUNDED_CURVE()B_SPLINE_CURVE(2,(#970,#971,#972),.UNSPECIFIED.,.F.,.F.)B_SPLINE_CURVE_WITH_KNOTS((3,3),(0.00000000000000000E0,1.00000000000000000E0),.UNSPECIFIED.)CURVE()GEOMETRIC_REPRESENTATION_ITEM()RATIONAL_B_SPLINE_CURVE((1.00000000000000000E0,7.07106781186547573E-1,1.00000000000000000E0))REPRESENTATION_ITEM(''));
#974=DEFINITIONAL_REPRESENTATION('',(#973),#445);
#975=PCURVE('',#76,#974);
#976=CARTESIAN_POINT('',(1.00000000000000000E0,5.00000000000000000E-1));
#977=CARTESIAN_POINT('',(6.25000000000000000E-1,5.00000000000000000E-1));
#978=B_SPLINE_CURVE_WITH_KNOTS('',1,(#976,#977),.UNSPECIFIED.,.F.,.F.,(2,2),(0.00000000000000000E0,1.00000000000000000E0),.UNSPECIFIED.);
#979=DEFINITIONAL_REPRESENTATION('',(#978),#445);
#980=PCURVE('',#76,#979);
#981=CARTESIAN_POINT('',(6.25000000000000000E-1,5.00000000000000000E-1));
#982=CARTESIAN_POINT('',(6.25000000000000000E-1,3.75000000000000000E-1));
#983=CARTESIAN_POINT('',(5.00000000000000000E-1,3.75000000000000000E-1));
#984=(BOUNDED_CURVE()B_SPLINE_CURVE(2,(#981,#982,#983),.UNSPECIFIED.,.F.,.F.)B_SPLINE_CURVE_WITH_KNOTS((3,3),(0.00000000000000000E0,1.00000000000000000E0),.UNSPECIFIED.)CURVE()GEOMETRIC_REPRESENTATION_ITEM()RATIONAL_B_SPLINE_CURVE((1.00000000000000000E0,7.07106781186547573E-1,1.00000000000000000E0))REPRESENTATION_ITEM(''));
#985=DEFINITIONAL_REPRESENTATION('',(#984),#445);
#986=PCURVE('',#76,#985);
#987=CARTESIAN_POINT('',(5.00000000000000000E-1,3.75000000000000000E-1));
#988=CARTESIAN_POINT('',(5.00000000000000000E-1,0.00000000000000000E0));
#989=B_SPLINE_CURVE_WITH_KNOTS('',1,(#987,#988),.UNSPECIFIED.,.F.,.F.,(2,2),(0.00000000000000000E0,1.00000000000000000E0),.UNSPECIFIED.);
#990=DEFINITIONAL_REPRESENTATION('',(#989),#445);
#991=PCURVE('',#76,#990);
#992=CARTESIAN_POINT('',(0.00000000000000000E0,0.00000000000000000E0));
#993=CARTESIAN_POINT('',(1.00000000000000000E0,0.00000000000000000E0));
#994=B_SPLINE_CURVE_WITH_KNOTS('',1,(#992,#993),.UNSPECIFIED.,.F.,.F.,(2,2),(0.00000000000000000E0,1.00000000000000000E0),.UNSPECIFIED.);
#995=DEFINITIONAL_REPRESENTATION('',(#994),#445);
#996=PCURVE('',#211,#995);
#997=CARTESIAN_POINT('',(1.00000000000000000E0,0.00000000000000000E0));
#998=CARTESIAN_POINT('',(1.00000000000000000E0,1.00000000000000000E0));
#999=B_SPLINE_CURVE_WITH_KNOTS('',1,(#997,#998),.UNSPECIFIED.,.F.,.F.,(2,2),(0.00000000000000000E0,1.00000000000000000E0),.UNSPECIFIED.);
#1000=DEFINITIONAL_REPRESENTATION('',(#999),#445);
#1001=PCURVE('',#211,#1000);
#1002=CARTESIAN_POINT('',(1.00000000000000000E0,1.00000000000000000E0));
#1003=CARTESIAN_POINT('',(6.66666666666666630E-1,1.00000000000000000E0));
#1004=CARTESIAN_POINT('',(3.33333333333333315E-1,1.00000000000000000E0));
#1005=CARTESIAN_POINT('',(0.00000000000000000E0,1.00000000000000000E0));
#1006=B_SPLINE_CURVE_WITH_KNOTS('',3,(#1002,#1003,#1004,#1005),.UNSPECIFIED.,.F.,.F.,(4,4),(0.00000000000000000E0,1.00000000000000000E0),.UNSPECIFIED.);
#1007=DEFINITIONAL_REPRESENTATION('',(#1006),#445);
#1008=PCURVE('',#211,#1007);
#1009=CARTESIAN_POINT('',(0.00000000000000000E0,1.00000000000000000E0));
#1010=CARTESIAN_POINT('',(0.00000000000000000E0,0.00000000000000000E0));
#1011=B_SPLINE_CURVE_WITH_KNOTS('',1,(#1009,#1010),.UNSPECIFIED.,.F.,.F.,(2,2),(0.00000000000000000E0,1.00000000000000000E0),.UNSPECIFIED.);
#1012=DEFINITIONAL_REPRESENTATION('',(#1011),#445);
#1013=PCURVE('',#211,#1012);
#1014=CARTESIAN_POINT('',(1.00000000000000000E0,0.00000000000000000E0));
#1015=CARTESIAN_POINT('',(1.00000000000000000E0,1.00000000000000000E0));
#1016=B_SPLINE_CURVE_WITH_KNOTS('',1,(#1014,#1015),.UNSPECIFIED.,.F.,.F.,(2,2),(0.00000000000000000E0,1.00000000000000000E0),.UNSPECIFIED.);
#1017=DEFINITIONAL_REPRESENTATION('',(#1016),#445);
#1018=PCURVE('',#218,#1017);
#1019=CARTESIAN_POINT('',(1.00000000000000000E0,1.00000000000000000E0));
#1020=CARTESIAN_POINT('',(6.66666666666666741E-1,1.00000000000000000E0));
#1021=CARTESIAN_POINT('',(3.33333333333333370E-1,1.00000000000000000E0));
#1022=CARTESIAN_POINT('',(0.00000000000000000E0,1.00000000000000000E0));
#1023=B_SPLINE_CURVE_WITH_KNOTS('',3,(#1019,#1020,#1021,#1022),.UNSPECIFIED.,.F.,.F.,(4,4),(0.00000000000000000E0,1.00000000000000000E0),.UNSPECIFIED.);
#1024=DEFINITIONAL_REPRESENTATION('',(#1023),#445);
#1025=PCURVE('',#218,#1024);
#1026=CARTESIAN_POINT('',(0.00000000000000000E0,1.00000000000000000E0));
#1027=CARTESIAN_POINT('',(0.00000000000000000E0,0.00000000000000000E0));
#1028=B_SPLINE_CURVE_WITH_KNOTS('',1,(#1026,#1027),.UNSPECIFIED.,.F.,.F.,(2,2),(0.00000000000000000E0,1.00000000000000000E0),.UNSPECIFIED.);
#1029=DEFINITIONAL_REPRESENTATION('',(#1028),#445);
#1030=PCURVE('',#218,#1029);
#1031=CARTESIAN_POINT('',(0.00000000000000000E0,0.00000000000000000E0));
#1032=CARTESIAN_POINT('',(1.00000000000000000E0,0.00000000000000000E0));
#1033=B_SPLINE_CURVE_WITH_KNOTS('',1,(#1031,#1032),.UNSPECIFIED.,.F.,.F.,(2,2),(0.00000000000000000E0,1.00000000000000000E0),.UNSPECIFIED.);
#1034=DEFINITIONAL_REPRESENTATION('',(#1033),#445);
#1035=PCURVE('',#218,#1034);
#1036=CARTESIAN_POINT('',(5.00000000000000000E-1,0.00000000000000000E0));
#1037=CARTESIAN_POINT('',(5.00000000000000000E-1,3.75000000000000000E-1));
#1038=B_SPLINE_CURVE_WITH_KNOTS('',1,(#1036,#1037),.UNSPECIFIED.,.F.,.F.,(2,2),(0.00000000000000000E0,1.00000000000000000E0),.UNSPECIFIED.);
#1039=DEFINITIONAL_REPRESENTATION('',(#1038),#445);
#1040=PCURVE('',#107,#1039);
#1041=CARTESIAN_POINT('',(5.00000000000000000E-1,3.75000000000000000E-1));
#1042=CARTESIAN_POINT('',(3.75000000000000000E-1,3.75000000000000000E-1));
#1043=CARTESIAN_POINT('',(3.75000000000000000E-1,5.00000000000000000E-1));
#1044=(BOUNDED_CURVE()B_SPLINE_CURVE(2,(#1041,#1042,#1043),.UNSPECIFIED.,.F.,.F.)B_SPLINE_CURVE_WITH_KNOTS((3,3),(0.00000000000000000E0,1.00000000000000000E0),.UNSPECIFIED.)CURVE()GEOMETRIC_REPRESENTATION_ITEM()RATIONAL_B_SPLINE_CURVE((1.00000000000000000E0,7.07106781186547573E-1,1.00000000000000000E0))REPRESENTATION_ITEM(''));
#1045=DEFINITIONAL_REPRESENTATION('',(#1044),#445);
#1046=PCURVE('',#107,#1045);
#1047=CARTESIAN_POINT('',(3.75000000000000000E-1,5.00000000000000000E-1));
#1048=CARTESIAN_POINT('',(0.00000000000000000E0,5.00000000000000000E-1));
#1049=B_SPLINE_CURVE_WITH_KNOTS('',1,(#1047,#1048),.UNSPECIFIED.,.F.,.F.,(2,2),(0.00000000000000000E0,1.00000000000000000E0),.UNSPECIFIED.);
#1050=DEFINITIONAL_REPRESENTATION('',(#1049),#445);
#1051=PCURVE('',#107,#1050);
#1052=CARTESIAN_POINT('',(0.00000000000000000E0,5.00000000000000000E-1));
#1053=CARTESIAN_POINT('',(2.22044604925031308E-16,-8.88178419700125282E-17));
#1054=CARTESIAN_POINT('',(5.00000000000000000E-1,0.00000000000000000E0));
#1055=(BOUNDED_CURVE()B_SPLINE_CURVE(2,(#1052,#1053,#1054),.UNSPECIFIED.,.F.,.F.)B_SPLINE_CURVE_WITH_KNOTS((3,3),(0.00000000000000000E0,1.00000000000000000E0),.UNSPECIFIED.)CURVE()GEOMETRIC_REPRESENTATION_ITEM()RATIONAL_B_SPLINE_CURVE((1.00000000000000000E0,7.07106781186547573E-1,1.00000000000000000E0))REPRESENTATION_ITEM(''));
#1056=DEFINITIONAL_REPRESENTATION('',(#1055),#445);
#1057=PCURVE('',#107,#1056);
#1058=SURFACE_CURVE('',#225,(#465,#474),.PCURVE_S1.);
#1059=EDGE_CURVE('OSCAD_TOPO/3|edge|e:a1b291322d80ec84f9b8c92bb77b7cbd|4feff67374b46d33b6cd6e755eda2890fdf6ae359a11a08694a7007a4ca358ea',#2,#4,#1058,.T.);
#1060=SURFACE_CURVE('',#229,(#460,#570),.PCURVE_S1.);
#1061=EDGE_CURVE('OSCAD_TOPO/3|edge|e:b49f223219fcf198f1a27f774ab2e616|429c059d5d30c978ce664e0c3bd267a6113bc73cf030cee2128a79f2be7f5729',#4,#6,#1060,.T.);
#1062=SURFACE_CURVE('',#236,(#455,#510),.PCURVE_S1.);
#1063=EDGE_CURVE('OSCAD_TOPO/3|edge|e:0248758ee914099e2498a67271cfcc27|3d9d648094a95b2ecfab21908448ac6b345a86d0b4610c769586368b412eef9f',#6,#2,#1062,.T.);
#1064=SURFACE_CURVE('',#240,(#450),.PCURVE_S1.);
#1065=EDGE_CURVE('OSCAD_TOPO/3|edge|e:bbe9a6aa60945f6331c0173ec36ee3b5|6959fcdf77f7367aba6e30aa5972557aa3594ae676930d433c20e03368a4e8cd',#2,#2,#1064,.T.);
#1066=SURFACE_CURVE('',#243,(#479,#607),.PCURVE_S1.);
#1067=EDGE_CURVE('OSCAD_TOPO/3|edge|e:725e577d9b1d8192f0f7482b7dc2fd9e|d456b74d34da48766e4ebf78eea57cb60ac8d622c5d9b63da938722f5b1a5397',#4,#8,#1066,.T.);
#1068=SURFACE_CURVE('',#250,(#488,#527),.PCURVE_S1.);
#1069=EDGE_CURVE('OSCAD_TOPO/3|edge|e:6c6b262f6c4025bda2e0a54f682ec6bd|5175227a09a63bed73a9346f01669960e6a6f6832ab51f8ec125ba775bd894a2',#8,#10,#1068,.T.);
#1070=SURFACE_CURVE('',#253,(#493,#980),.PCURVE_S1.);
#1071=EDGE_CURVE('OSCAD_TOPO/3|edge|e:904817d7b1db9dac47f3b1adf855fce0|15715a1a9eaf0da01bf3227128b50616f0fa4d213c23d77107f775208dd6732a',#10,#2,#1070,.T.);
#1072=SURFACE_CURVE('',#260,(#498,#565),.PCURVE_S1.);
#1073=EDGE_CURVE('OSCAD_TOPO/3|edge|e:04f867aabb72b665887103064e749170|313ab50fba5d595abc3f89b9ffa6b27048d8a34a9ffa4f2920c8eedcebd424b2',#12,#14,#1072,.T.);
#1074=SURFACE_CURVE('',#263,(#503,#629),.PCURVE_S1.);
#1075=EDGE_CURVE('OSCAD_TOPO/3|edge|e:68d00bf1577e72eb0ef75104d7d7fe09|aef64904b5bd2a2dd05ecfd502dc386e96870d118507243dac9cec977375c252',#14,#6,#1074,.T.);
#1076=SURFACE_CURVE('',#266,(#515,#1001),.PCURVE_S1.);
#1077=EDGE_CURVE('OSCAD_TOPO/3|edge|e:a32516168f204973c9a0eff95de93e96|bdb1d4786df345c0008d370b8ccf900c1781cc9175188c5e67ec0ebff1e33fee',#2,#12,#1076,.T.);
#1078=SURFACE_CURVE('',#273,(#537,#551),.PCURVE_S1.);
#1079=EDGE_CURVE('OSCAD_TOPO/3|edge|e:8f01643f91c9efcadfcdcd4fac406699|403ca9941e019d67f8113ccc182f8ac7e299b70d582ed51f7b7c6c8781ffd201',#16,#18,#1078,.T.);
#1080=SURFACE_CURVE('',#276,(#532,#634),.PCURVE_S1.);
#1081=EDGE_CURVE('OSCAD_TOPO/3|edge|e:a0d4af339c26fff04384aee6fc336c2e|3e3613e601c4e18ab13cd3ef58d04f0071158d3104ceb4b07d83cddafc2387c3',#18,#8,#1080,.T.);
#1082=SURFACE_CURVE('',#279,(#520,#1030),.PCURVE_S1.);
#1083=EDGE_CURVE('OSCAD_TOPO/3|edge|e:566e21ab4b18dac32f7232f5dfc868c7|6abb52a411afc70edcdb2ddafe27b59414b129c464e9f0dddadd889b6e790ef6',#10,#16,#1082,.T.);
#1084=SURFACE_CURVE('',#282,(#556,#656),.PCURVE_S1.);
#1085=EDGE_CURVE('OSCAD_TOPO/3|edge|e:c8daeca606c2f247b4b504107a19a794|107c6b39e0748304ae4e89c7a39827626f4c8fe431af0812929cdc0ee5590827',#14,#18,#1084,.T.);
#1086=SURFACE_CURVE('',#285,(#542,#1051),.PCURVE_S1.);
#1087=EDGE_CURVE('OSCAD_TOPO/3|edge|e:4e35a7f90736699eed7ce03b71e18fce|0c05039f89d8afbdb793aca2259b420b9d165cdd7547503be421654e9dcf4c17',#16,#12,#1086,.T.);
#1088=SURFACE_CURVE('',#289,(#585,#591),.PCURVE_S1.);
#1089=EDGE_CURVE('OSCAD_TOPO/3|edge|e:849a49165a432f5b448134ab5d80f692|4757e71afbd3f1fe0e6fe6e6afa9dca8c163aef434adaa624a4af8a66116fcb2',#4,#20,#1088,.T.);
#1090=SURFACE_CURVE('',#293,(#580,#678),.PCURVE_S1.);
#1091=EDGE_CURVE('OSCAD_TOPO/3|edge|e:98a2a3ec4422f60cda8d3eb271d00e81|7c7afd670d36f296a1f5478660e56bd4ded1b6b9ee76cead5a6ea6fa88a49d5b',#20,#22,#1090,.T.);
#1092=SURFACE_CURVE('',#297,(#575,#624),.PCURVE_S1.);
#1093=EDGE_CURVE('OSCAD_TOPO/3|edge|e:f4acae07cfcbfe1e08f0a611a7940e5e|03d4d51cdedff2fa3efc76dad39e4c3e52f25e2ef7472766dc627e45209e9561',#22,#6,#1092,.T.);
#1094=SURFACE_CURVE('',#300,(#596,#721),.PCURVE_S1.);
#1095=EDGE_CURVE('OSCAD_TOPO/3|edge|e:b74985f6a303f222a69917ab6b864dd6|53599fa684c2ab414657acca0b8a377ff1e1ea84c011e6b0a72212f34aa5f7b4',#20,#24,#1094,.T.);
#1096=SURFACE_CURVE('',#304,(#602,#641),.PCURVE_S1.);
#1097=EDGE_CURVE('OSCAD_TOPO/3|edge|e:8e259ed5c5a20af8be2fd3437a9d0597|95b2f0dc05af09a9b5f20c2df48011ba859567b61ea496c35c6f94b38dc3b4b9',#24,#8,#1096,.T.);
#1098=SURFACE_CURVE('',#308,(#612,#673),.PCURVE_S1.);
#1099=EDGE_CURVE('OSCAD_TOPO/3|edge|e:db5ada62ed0e5a1858fd862d55d46c27|86307347a9f8b38ab591a7010f60988a46dd51cd9dea4e7c68d0893007083074',#14,#26,#1098,.T.);
#1100=SURFACE_CURVE('',#311,(#617,#743),.PCURVE_S1.);
#1101=EDGE_CURVE('OSCAD_TOPO/3|edge|e:407be067c62d945658916a785721a624|40b566bba513e68530da7036f678c2ffbbf253ae180f53b60a28514043bd8e32',#26,#22,#1100,.T.);
#1102=SURFACE_CURVE('',#315,(#651,#662),.PCURVE_S1.);
#1103=EDGE_CURVE('OSCAD_TOPO/3|edge|e:8c25a11557727e173dada36273cb08a4|5e28808705e761aae50648d791f792995619019195e426903124ef927f5d60ed',#18,#28,#1102,.T.);
#1104=SURFACE_CURVE('',#318,(#646,#748),.PCURVE_S1.);
#1105=EDGE_CURVE('OSCAD_TOPO/3|edge|e:2e9bcac408d512d13d171a32a12ad8e5|97496c744001f48bcaccbaaac15d6c2a849b203227803a4c9e84ce8b0c3b3116',#28,#24,#1104,.T.);
#1106=SURFACE_CURVE('',#321,(#667,#770),.PCURVE_S1.);
#1107=EDGE_CURVE('OSCAD_TOPO/3|edge|e:729ce3a037ad8b79d41f2264d208d82f|abdfbdb0ec7b7ca624ef040060be725813bf0b7e31baff4f45e9c62bce5c3059',#26,#28,#1106,.T.);
#1108=SURFACE_CURVE('',#328,(#693,#702),.PCURVE_S1.);
#1109=EDGE_CURVE('OSCAD_TOPO/3|edge|e:b3c845de8fa971632c4b23aa22c4c6c5|ce8499a87f8f522bac83c75d9394fae28ce5abc7569971bd643e88f2cb96c167',#20,#30,#1108,.T.);
#1110=SURFACE_CURVE('',#332,(#688),.PCURVE_S1.);
#1111=EDGE_CURVE('OSCAD_TOPO/3|edge|e:bafa2333a178004f8fa03d04c4771635|d15349014d1b4ac9e01f9f122cf4362ec6f382c9db8ffc7c86d978dbbfd818b6',#30,#30,#1110,.T.);
#1112=SURFACE_CURVE('',#339,(#683,#738),.PCURVE_S1.);
#1113=EDGE_CURVE('OSCAD_TOPO/3|edge|e:3c199804eb6827c15d29824358a1bfca|6a6fd6d1e60ebd1ea9892f43521b4dfc889146a30af5bd4cd740d6cffc7e6b10',#30,#22,#1112,.T.);
#1114=SURFACE_CURVE('',#342,(#707,#815),.PCURVE_S1.);
#1115=EDGE_CURVE('OSCAD_TOPO/3|edge|e:679fb608cb2ebd91cbf530e02411fe88|307ee19e527b5593510772f7d7bf6295ed34210cb9cf0a5184420b07980e5a3d',#30,#32,#1114,.T.);
#1116=SURFACE_CURVE('',#349,(#716,#755),.PCURVE_S1.);
#1117=EDGE_CURVE('OSCAD_TOPO/3|edge|e:6675e9c57932dcac3a1f28c8297c68d2|d0076cccc51840842c587f31d72bca3b631d4b7652880f736097c6680a9f42a6',#32,#24,#1116,.T.);
#1118=SURFACE_CURVE('',#356,(#726,#793),.PCURVE_S1.);
#1119=EDGE_CURVE('OSCAD_TOPO/3|edge|e:aae69624c9bdc06a19b2ec116bae9ea7|7db02225d31312862ce600b8f8ec962b93e96a21607349957b5174d78b6253fb',#26,#34,#1118,.T.);
#1120=SURFACE_CURVE('',#359,(#731,#837),.PCURVE_S1.);
#1121=EDGE_CURVE('OSCAD_TOPO/3|edge|e:cb3cc7d6bd3fe7c2bddfd2066f3005d6|56749090ba337a1c9047047be7e0a557316d1ed1e3ccad1b2b0bb4c54e2a532e',#34,#30,#1120,.T.);
#1122=SURFACE_CURVE('',#366,(#765,#779),.PCURVE_S1.);
#1123=EDGE_CURVE('OSCAD_TOPO/3|edge|e:2ab43417d28b1c3afc91628f4509ed4a|f9edb4a1af4ab08ce393f09cf5d192ede1b5b1d68da2702eb1d72fe10ea14446',#28,#36,#1122,.T.);
#1124=SURFACE_CURVE('',#369,(#760,#842),.PCURVE_S1.);
#1125=EDGE_CURVE('OSCAD_TOPO/3|edge|e:6e65e2b3cb7b988c02dcc96ce78c41f5|312769874e05a5fe868bb02ba2e226241bee3cfe416620c23a9f26f6123147c5',#36,#32,#1124,.T.);
#1126=SURFACE_CURVE('',#372,(#784,#864),.PCURVE_S1.);
#1127=EDGE_CURVE('OSCAD_TOPO/3|edge|e:0c2c3cd309273ca0ad585bd43531aea6|13729e1589877c6871f0cb7b1938679e092065eebb427e41de10040b9523d744',#34,#36,#1126,.T.);
#1128=SURFACE_CURVE('',#376,(#799,#832),.PCURVE_S1.);
#1129=EDGE_CURVE('OSCAD_TOPO/3|edge|e:f866d4a12788d402b4331fe91be69ce1|f815b7b264196e3309bce8e5c243299cccd2415088046bfc243daef625412f0e',#30,#38,#1128,.T.);
#1130=SURFACE_CURVE('',#379,(#804,#903),.PCURVE_S1.);
#1131=EDGE_CURVE('OSCAD_TOPO/3|edge|e:1a071d44722763cf38b782c09c86a77a|a6ebd42fc2d4b42db237a9550481ab3c54ef0bf8a7c0d31539853ba7046a3a52',#38,#40,#1130,.T.);
#1132=SURFACE_CURVE('',#383,(#810,#849),.PCURVE_S1.);
#1133=EDGE_CURVE('OSCAD_TOPO/3|edge|e:a8ef693b814d1525001243e74ae5985a|eea427a550f67492cd83b5c3f026eae0ba04d33cd386808cc036531df7ceae20',#40,#32,#1132,.T.);
#1134=SURFACE_CURVE('',#387,(#820,#881),.PCURVE_S1.);
#1135=EDGE_CURVE('OSCAD_TOPO/3|edge|e:bebb89570c2174f53707718c7df78da5|b68072b570e4c25c817bc8e5535b7002eda81481e7b07f9e48d620fc83db01ab',#34,#42,#1134,.T.);
#1136=SURFACE_CURVE('',#390,(#825,#925),.PCURVE_S1.);
#1137=EDGE_CURVE('OSCAD_TOPO/3|edge|e:297741c87e2375fee98d0c346ca7d6b4|4f56620a9b6c8efe36fb53507de2ff96aa76e848823cf2df88121a52c9015b67',#42,#38,#1136,.T.);
#1138=SURFACE_CURVE('',#394,(#859,#870),.PCURVE_S1.);
#1139=EDGE_CURVE('OSCAD_TOPO/3|edge|e:9ed1cc027c33ff17e1c19f6b2a36ff0f|f31f7b8be510f88bd4f91292cbfbd98a40c736bd2b26332a1465de0ae3c04eb5',#36,#44,#1138,.T.);
#1140=SURFACE_CURVE('',#397,(#854,#930),.PCURVE_S1.);
#1141=EDGE_CURVE('OSCAD_TOPO/3|edge|e:0ed52b92a363afdc56602551dafbeaa2|3d0caf851e6e4300e286eac91a0ffd70919aec5a425d7f710692f31eea23c0ef',#44,#40,#1140,.T.);
#1142=SURFACE_CURVE('',#400,(#875,#952),.PCURVE_S1.);
#1143=EDGE_CURVE('OSCAD_TOPO/3|edge|e:4a6ec70e0b6c081229410fcd39b527a2|07dde5ab0ef7c540e87b705ae634e8e5335ab4ca97e1b45549654b4d377020c0',#42,#44,#1142,.T.);
#1144=SURFACE_CURVE('',#404,(#887,#920),.PCURVE_S1.);
#1145=EDGE_CURVE('OSCAD_TOPO/3|edge|e:22df02f1c1b79e8fcb335a000a77a2c8|a1a82668c93e8eec4f4df6f8e8e6cd8556ab2c969331a4d63422dbfe4eed4311',#38,#46,#1144,.T.);
#1146=SURFACE_CURVE('',#407,(#892,#991),.PCURVE_S1.);
#1147=EDGE_CURVE('OSCAD_TOPO/3|edge|e:b2a0916c2e6e4f945b021a8ba1ad3d61|ed020e9ff95994b236ac40cb3a5f70069796a60bde4b36b2335c66433faa458c',#46,#48,#1146,.T.);
#1148=SURFACE_CURVE('',#411,(#898,#937),.PCURVE_S1.);
#1149=EDGE_CURVE('OSCAD_TOPO/3|edge|e:ad388563c18081eea74afe1a079d5c72|08d41f5cf63464345f18649c5cd6c6ce66f3cded746dbcf4fc017b776cd377ec',#48,#40,#1148,.T.);
#1150=SURFACE_CURVE('',#415,(#908,#969),.PCURVE_S1.);
#1151=EDGE_CURVE('OSCAD_TOPO/3|edge|e:1a33f7a846faa461ce97c55947ce4d56|73c67491cee8098a4ed2df4b821688ea78db1c28f515e59f6f2ea23d87b8290c',#42,#50,#1150,.T.);
#1152=SURFACE_CURVE('',#418,(#913,#1013),.PCURVE_S1.);
#1153=EDGE_CURVE('OSCAD_TOPO/3|edge|e:ecc67583af76c108d07d5d759088ddba|f540ef622e51971c531c499d89ba01a3ca7cb5803e88e250e3f595fedd2afb7a',#50,#46,#1152,.T.);
#1154=SURFACE_CURVE('',#422,(#947,#958),.PCURVE_S1.);
#1155=EDGE_CURVE('OSCAD_TOPO/3|edge|e:5415c1e78a9a83354a239c6a1897884c|963b3bc09a7725c4148083bf5752eabcc9b4abb756ba9b5ccd0028c42af8171f',#44,#52,#1154,.T.);
#1156=SURFACE_CURVE('',#425,(#942,#1018),.PCURVE_S1.);
#1157=EDGE_CURVE('OSCAD_TOPO/3|edge|e:7817cf4c5be794e65304c7921b7b3a59|bc98ab069edbdc0ceb137e0b7489e6326bebad5a8fbf24faf6af2c62faaf9e47',#52,#48,#1156,.T.);
#1158=SURFACE_CURVE('',#428,(#963,#1040),.PCURVE_S1.);
#1159=EDGE_CURVE('OSCAD_TOPO/3|edge|e:9d51c792a0cc76001207d2190b497f47|eda012461df0675be29cfd78c72492b52cbcd8c6e630f5c7ad80e64b0bfd6ec8',#50,#52,#1158,.T.);
#1160=SURFACE_CURVE('',#432,(#975,#1008),.PCURVE_S1.);
#1161=EDGE_CURVE('OSCAD_TOPO/3|edge|e:033239eab699026b4f1d416951f4d5ad|4f4f2de62706225f0c060274ea68c4e2a39ca32f79cdbf0e49f13ab977eaa5c3',#46,#2,#1160,.T.);
#1162=SURFACE_CURVE('',#436,(#986,#1025),.PCURVE_S1.);
#1163=EDGE_CURVE('OSCAD_TOPO/3|edge|e:65d251b439b5ea95b152d3d32dd70129|cb37a29c52bc8164f9349d70c40966b5877f8bebeaff1fe51ca94a551171582c',#10,#48,#1162,.T.);
#1164=SURFACE_CURVE('',#440,(#996,#1057),.PCURVE_S1.);
#1165=EDGE_CURVE('OSCAD_TOPO/3|edge|e:851137c27a48c00cd89fb408c40abdaa|bf7fa3537ed698ed2f157718f13554537190f62186e7415844197b6a377cb1c5',#50,#12,#1164,.T.);
#1166=SURFACE_CURVE('',#444,(#1035,#1046),.PCURVE_S1.);
#1167=EDGE_CURVE('OSCAD_TOPO/3|edge|e:37161e3c3de500d243440bbebf4ad507|768258ad683c02fc2d4b21a099a04cb1cf8a14a14c6d343e7c84e81aea6ee043',#52,#16,#1166,.T.);
#1168=ORIENTED_EDGE('',*,*,#1065,.F.);
#1169=ORIENTED_EDGE('',*,*,#1063,.F.);
#1170=ORIENTED_EDGE('',*,*,#1061,.F.);
#1171=ORIENTED_EDGE('',*,*,#1059,.F.);
#1172=EDGE_LOOP('OSCAD_TOPO/3|loop|l:250103d89267a1980da67e77559f6c80|c591aa59444e74a16545a77846585c503a1e46996a3b0a171a1d4d881e61a271',(#1168,#1169,#1170,#1171));
#1173=ORIENTED_EDGE('',*,*,#1059,.T.);
#1174=ORIENTED_EDGE('',*,*,#1067,.T.);
#1175=ORIENTED_EDGE('',*,*,#1069,.T.);
#1176=ORIENTED_EDGE('',*,*,#1071,.T.);
#1177=EDGE_LOOP('OSCAD_TOPO/3|loop|l:7fbc2ae94517eb28d41bac3cc813d762|35041d00219f5de04f00cfb86e6f4b323e5e8b2a4c97d04d659ed479f9881934',(#1173,#1174,#1175,#1176));
#1178=ORIENTED_EDGE('',*,*,#1073,.T.);
#1179=ORIENTED_EDGE('',*,*,#1075,.T.);
#1180=ORIENTED_EDGE('',*,*,#1063,.T.);
#1181=ORIENTED_EDGE('',*,*,#1077,.T.);
#1182=EDGE_LOOP('OSCAD_TOPO/3|loop|l:382d0397e46c180e7c3721c0649e7efc|25912ce9a1ad640442182cac459a7c04adb6b3021900e7cd87745abc4643f3db',(#1178,#1179,#1180,#1181));
#1183=ORIENTED_EDGE('',*,*,#1083,.F.);
#1184=ORIENTED_EDGE('',*,*,#1069,.F.);
#1185=ORIENTED_EDGE('',*,*,#1081,.F.);
#1186=ORIENTED_EDGE('',*,*,#1079,.F.);
#1187=EDGE_LOOP('OSCAD_TOPO/3|loop|l:f2aa785d9ef43a0286f3b45096a6e853|3d6866201e71cd674d921f9ba06be8a73df46b576769a3e36cf43e98d726edc8',(#1183,#1184,#1185,#1186));
#1188=ORIENTED_EDGE('',*,*,#1087,.F.);
#1189=ORIENTED_EDGE('',*,*,#1079,.T.);
#1190=ORIENTED_EDGE('',*,*,#1085,.F.);
#1191=ORIENTED_EDGE('',*,*,#1073,.F.);
#1192=EDGE_LOOP('OSCAD_TOPO/3|loop|l:656a9ee35e317173970ba0f8ea2c0bdc|2d5e0ffce6dce942b36d3873fee79d41123bb20be466662f3a32e2b77c0c454b',(#1188,#1189,#1190,#1191));
#1193=ORIENTED_EDGE('',*,*,#1061,.T.);
#1194=ORIENTED_EDGE('',*,*,#1093,.F.);
#1195=ORIENTED_EDGE('',*,*,#1091,.F.);
#1196=ORIENTED_EDGE('',*,*,#1089,.F.);
#1197=EDGE_LOOP('OSCAD_TOPO/3|loop|l:cd309de43a3fd6493d1136daafbc78cc|cccdc397190f4f5597dca8f07382467c10c52fbb8b59cbf3adb025a0808c5a2f',(#1193,#1194,#1195,#1196));
#1198=ORIENTED_EDGE('',*,*,#1089,.T.);
#1199=ORIENTED_EDGE('',*,*,#1095,.T.);
#1200=ORIENTED_EDGE('',*,*,#1097,.T.);
#1201=ORIENTED_EDGE('',*,*,#1067,.F.);
#1202=EDGE_LOOP('OSCAD_TOPO/3|loop|l:826a5e7f3c7d936d120131d7c99c21df|b05391d8ba6949b09948bc37412b8bad7678a844aa66824f9e59d68b6f1cd436',(#1198,#1199,#1200,#1201));
#1203=ORIENTED_EDGE('',*,*,#1099,.T.);
#1204=ORIENTED_EDGE('',*,*,#1101,.T.);
#1205=ORIENTED_EDGE('',*,*,#1093,.T.);
#1206=ORIENTED_EDGE('',*,*,#1075,.F.);
#1207=EDGE_LOOP('OSCAD_TOPO/3|loop|l:4f26f844623e1b7c399280e6146132d0|fd05e6c576e6e6783f89ff37675c6edce86159ba646138e014b6fcc7684bc063',(#1203,#1204,#1205,#1206));
#1208=ORIENTED_EDGE('',*,*,#1081,.T.);
#1209=ORIENTED_EDGE('',*,*,#1097,.F.);
#1210=ORIENTED_EDGE('',*,*,#1105,.F.);
#1211=ORIENTED_EDGE('',*,*,#1103,.F.);
#1212=EDGE_LOOP('OSCAD_TOPO/3|loop|l:b473b564f81b77691fce4309aa73f961|51c5f89900a655f11bd0309470afd51c1548d70f85fb08af7bb4dbcde4ab1337',(#1208,#1209,#1210,#1211));
#1213=ORIENTED_EDGE('',*,*,#1085,.T.);
#1214=ORIENTED_EDGE('',*,*,#1103,.T.);
#1215=ORIENTED_EDGE('',*,*,#1107,.F.);
#1216=ORIENTED_EDGE('',*,*,#1099,.F.);
#1217=EDGE_LOOP('OSCAD_TOPO/3|loop|l:9e519cf4a26fd6a60705a34a2651bece|88129aeee74907dc6e983f34141a183f0599ab83faf91cda24087979f6099b8b',(#1213,#1214,#1215,#1216));
#1218=ORIENTED_EDGE('',*,*,#1091,.T.);
#1219=ORIENTED_EDGE('',*,*,#1113,.F.);
#1220=ORIENTED_EDGE('',*,*,#1111,.F.);
#1221=ORIENTED_EDGE('',*,*,#1109,.F.);
#1222=EDGE_LOOP('OSCAD_TOPO/3|loop|l:7a7c288038b00fc7c5dc4ca3fdfa0c27|fdf73c93c717205d585d781e7292c532042f20bfb43b9364f6a7adac5a05ac25',(#1218,#1219,#1220,#1221));
#1223=ORIENTED_EDGE('',*,*,#1109,.T.);
#1224=ORIENTED_EDGE('',*,*,#1115,.T.);
#1225=ORIENTED_EDGE('',*,*,#1117,.T.);
#1226=ORIENTED_EDGE('',*,*,#1095,.F.);
#1227=EDGE_LOOP('OSCAD_TOPO/3|loop|l:15710af17a98554f9c371bf97dfb7ff2|4e59059aee2cafa83f5223b176fce478e94d37300c6aff30b9f54a21d6be7229',(#1223,#1224,#1225,#1226));
#1228=ORIENTED_EDGE('',*,*,#1119,.T.);
#1229=ORIENTED_EDGE('',*,*,#1121,.T.);
#1230=ORIENTED_EDGE('',*,*,#1113,.T.);
#1231=ORIENTED_EDGE('',*,*,#1101,.F.);
#1232=EDGE_LOOP('OSCAD_TOPO/3|loop|l:fad6026641a44bbaede1d4d3642cdfc9|a4c7da122a93447193a53b109c14d8a067bcaad887e34725b62b975d6eb12572',(#1228,#1229,#1230,#1231));
#1233=ORIENTED_EDGE('',*,*,#1105,.T.);
#1234=ORIENTED_EDGE('',*,*,#1117,.F.);
#1235=ORIENTED_EDGE('',*,*,#1125,.F.);
#1236=ORIENTED_EDGE('',*,*,#1123,.F.);
#1237=EDGE_LOOP('OSCAD_TOPO/3|loop|l:182ce84a09eaa4e9e9a8d651c9381567|a54e87ffe2d3b965dc279935366f0d66cc81d464c4cc9a773248e34c381e2199',(#1233,#1234,#1235,#1236));
#1238=ORIENTED_EDGE('',*,*,#1107,.T.);
#1239=ORIENTED_EDGE('',*,*,#1123,.T.);
#1240=ORIENTED_EDGE('',*,*,#1127,.F.);
#1241=ORIENTED_EDGE('',*,*,#1119,.F.);
#1242=EDGE_LOOP('OSCAD_TOPO/3|loop|l:6c6ff512dcb2bf20fe381230561fa302|4d6bae0ff2cda1e43ec8064ee6da511032ee98fb9f7c4d455b41258b6ece08f5',(#1238,#1239,#1240,#1241));
#1243=ORIENTED_EDGE('',*,*,#1129,.T.);
#1244=ORIENTED_EDGE('',*,*,#1131,.T.);
#1245=ORIENTED_EDGE('',*,*,#1133,.T.);
#1246=ORIENTED_EDGE('',*,*,#1115,.F.);
#1247=EDGE_LOOP('OSCAD_TOPO/3|loop|l:649426d414ebbeaaea312a6f1dbf869a|4b60a6e78370d0028bbbb831105814579e1f6baf41fe3b28840a8675b659552b',(#1243,#1244,#1245,#1246));
#1248=ORIENTED_EDGE('',*,*,#1135,.T.);
#1249=ORIENTED_EDGE('',*,*,#1137,.T.);
#1250=ORIENTED_EDGE('',*,*,#1129,.F.);
#1251=ORIENTED_EDGE('',*,*,#1121,.F.);
#1252=EDGE_LOOP('OSCAD_TOPO/3|loop|l:c46d418392b064acebd87ef89690c2a7|cab0a4d3e67d8f0a5fbbc33ad10ebb65ba200a64fde464b26208ecd3afb476f4',(#1248,#1249,#1250,#1251));
#1253=ORIENTED_EDGE('',*,*,#1125,.T.);
#1254=ORIENTED_EDGE('',*,*,#1133,.F.);
#1255=ORIENTED_EDGE('',*,*,#1141,.F.);
#1256=ORIENTED_EDGE('',*,*,#1139,.F.);
#1257=EDGE_LOOP('OSCAD_TOPO/3|loop|l:7ff81c0e56b61d1bc1b3b5db3b95e7b8|85cb285903516cdc45a987f8f58f673effe7c503d97b4c7ce9c771765a5263e8',(#1253,#1254,#1255,#1256));
#1258=ORIENTED_EDGE('',*,*,#1127,.T.);
#1259=ORIENTED_EDGE('',*,*,#1139,.T.);
#1260=ORIENTED_EDGE('',*,*,#1143,.F.);
#1261=ORIENTED_EDGE('',*,*,#1135,.F.);
#1262=EDGE_LOOP('OSCAD_TOPO/3|loop|l:b887e989d6384aaed728d9e0067273c9|c875ec91f9d5aa882b7c4f9e99c01b716644a7ef2b4e9d18f1aeda8f232223d0',(#1258,#1259,#1260,#1261));
#1263=ORIENTED_EDGE('',*,*,#1145,.T.);
#1264=ORIENTED_EDGE('',*,*,#1147,.T.);
#1265=ORIENTED_EDGE('',*,*,#1149,.T.);
#1266=ORIENTED_EDGE('',*,*,#1131,.F.);
#1267=EDGE_LOOP('OSCAD_TOPO/3|loop|l:09d7785de9ad9b2788418ca16182221d|0d276fff2515cc98bdbe57aa45b7ab060d79d8b45e50c8ad84eb2904fadf3ff0',(#1263,#1264,#1265,#1266));
#1268=ORIENTED_EDGE('',*,*,#1151,.T.);
#1269=ORIENTED_EDGE('',*,*,#1153,.T.);
#1270=ORIENTED_EDGE('',*,*,#1145,.F.);
#1271=ORIENTED_EDGE('',*,*,#1137,.F.);
#1272=EDGE_LOOP('OSCAD_TOPO/3|loop|l:f36371c5cb97c14cb5ebd53155f71357|a962c50345421bf57fed68e2fd6d6f462c3f1bb565af80cf4d72da90e022b52d',(#1268,#1269,#1270,#1271));
#1273=ORIENTED_EDGE('',*,*,#1141,.T.);
#1274=ORIENTED_EDGE('',*,*,#1149,.F.);
#1275=ORIENTED_EDGE('',*,*,#1157,.F.);
#1276=ORIENTED_EDGE('',*,*,#1155,.F.);
#1277=EDGE_LOOP('OSCAD_TOPO/3|loop|l:afc4f987ff5be6e6b824cced84d4e45c|e71934b9712c8a2dac36e9e3973b1708c65dd42a64e7f0b324c28caca8b7ba9f',(#1273,#1274,#1275,#1276));
#1278=ORIENTED_EDGE('',*,*,#1143,.T.);
#1279=ORIENTED_EDGE('',*,*,#1155,.T.);
#1280=ORIENTED_EDGE('',*,*,#1159,.F.);
#1281=ORIENTED_EDGE('',*,*,#1151,.F.);
#1282=EDGE_LOOP('OSCAD_TOPO/3|loop|l:765a9be4ef722e9d672f21cc44acce4d|326f41e56e53824ccfeb26c88d51587302cd6391b028247aae2730537cfabc39',(#1278,#1279,#1280,#1281));
#1283=ORIENTED_EDGE('',*,*,#1161,.T.);
#1284=ORIENTED_EDGE('',*,*,#1071,.F.);
#1285=ORIENTED_EDGE('',*,*,#1163,.T.);
#1286=ORIENTED_EDGE('',*,*,#1147,.F.);
#1287=EDGE_LOOP('OSCAD_TOPO/3|loop|l:9623d4a65d935bb83c23fc771c1394f5|58ad5159ec50e93cffdf44d771591f199bfe4aafcfa3397460ec7ca7723e83db',(#1283,#1284,#1285,#1286));
#1288=ORIENTED_EDGE('',*,*,#1165,.T.);
#1289=ORIENTED_EDGE('',*,*,#1077,.F.);
#1290=ORIENTED_EDGE('',*,*,#1161,.F.);
#1291=ORIENTED_EDGE('',*,*,#1153,.F.);
#1292=EDGE_LOOP('OSCAD_TOPO/3|loop|l:be936e982af6419fd60ec8a843b6c58e|06877c5f3baada720ef11036eabbf650e104cb49229fe4508f473495ee6c7a32',(#1288,#1289,#1290,#1291));
#1293=ORIENTED_EDGE('',*,*,#1157,.T.);
#1294=ORIENTED_EDGE('',*,*,#1163,.F.);
#1295=ORIENTED_EDGE('',*,*,#1083,.T.);
#1296=ORIENTED_EDGE('',*,*,#1167,.F.);
#1297=EDGE_LOOP('OSCAD_TOPO/3|loop|l:6114a2ec63c815a1d519a6302efd880f|4cb186da908f45781f688adca4ae9bef8444e4b2ab0b99b07d11a1234462b9d0',(#1293,#1294,#1295,#1296));
#1298=ORIENTED_EDGE('',*,*,#1159,.T.);
#1299=ORIENTED_EDGE('',*,*,#1167,.T.);
#1300=ORIENTED_EDGE('',*,*,#1087,.T.);
#1301=ORIENTED_EDGE('',*,*,#1165,.F.);
#1302=EDGE_LOOP('OSCAD_TOPO/3|loop|l:bfefe9451f60de419f796f422ce651da|3790ea1d01aecc5a50bdf890ef1d1d5ab66701e75bc6fc81eeb8def3da4e7c19',(#1298,#1299,#1300,#1301));
#1303=FACE_OUTER_BOUND('',#1172,.T.);
#1304=ADVANCED_FACE('OSCAD_TOPO/3|face|f:8f4fde32c48f8d45bf73fe1ec6266293|cbdd5eb4d5e072021ef77df049acde7b207b9d50cd8666f4c8183d17ba67b1f7',(#1303),#71,.T.);
#1305=FACE_OUTER_BOUND('',#1177,.T.);
#1306=ADVANCED_FACE('OSCAD_TOPO/3|face|f:482e5be207c830e8fa0a77623c085f2a|44c267edcba34210cc1bbbd09766f40f5fa334711aa75f47728a6462b33568c8',(#1305),#76,.T.);
#1307=FACE_OUTER_BOUND('',#1182,.T.);
#1308=ADVANCED_FACE('OSCAD_TOPO/3|face|f:351db15582e3c2dad6a87f70d1eb94d5|b071cb721e49e9851bbc91d5c3fbad40da2704b534e67b08150417860f27dd17',(#1307),#89,.T.);
#1309=FACE_OUTER_BOUND('',#1187,.T.);
#1310=ADVANCED_FACE('OSCAD_TOPO/3|face|f:1b83a3a8898ef8dfbce4a4129e9aa723|61408eb91840d5a3aca15902ae48f9a736943932908e79ac826210ead73d3668',(#1309),#102,.T.);
#1311=FACE_OUTER_BOUND('',#1192,.T.);
#1312=ADVANCED_FACE('OSCAD_TOPO/3|face|f:38cc9826e741701a427789c625f7b706|6612fd90e379737b1d9a6490f04476bd97c7ee4c7aa1a4b4abfe242269536da5',(#1311),#107,.T.);
#1313=FACE_OUTER_BOUND('',#1197,.T.);
#1314=ADVANCED_FACE('OSCAD_TOPO/3|face|f:20f351b603642ceecdf466645f69dba3|76ff47f9221814c644c6d20ccfcb65cc43717ea4de7fe60678bb65d958588ead',(#1313),#117,.T.);
#1315=FACE_OUTER_BOUND('',#1202,.T.);
#1316=ADVANCED_FACE('OSCAD_TOPO/3|face|f:a131abba837dbb21dabf7fd3c0ad81e1|c97c684dc4c2b46ac475d41f86d3fd236b2172a1cbeb28fc7c9e6405b8fd975a',(#1315),#76,.T.);
#1317=FACE_OUTER_BOUND('',#1207,.T.);
#1318=ADVANCED_FACE('OSCAD_TOPO/3|face|f:bedd090ee2a73c925ad928ed2a026472|f9ec2efa958eacb145ab319063cd08e2bc5a14b91b58a2418e81447177542971',(#1317),#124,.T.);
#1319=FACE_OUTER_BOUND('',#1212,.T.);
#1320=ADVANCED_FACE('OSCAD_TOPO/3|face|f:2d878758d83d13358933c0fb94fca4d3|2c12de7a43353832d4b4117c8c47dd8b7096ca279d395c899112d7b1a0e93e78',(#1319),#131,.T.);
#1321=FACE_OUTER_BOUND('',#1217,.T.);
#1322=ADVANCED_FACE('OSCAD_TOPO/3|face|f:95761dc154cfa05d35dca8896c726ea9|7dd080723c7436c00f9cb9f5441fa4c520879c09ecea86621c5fc2ded9314ea9',(#1321),#107,.T.);
#1323=FACE_OUTER_BOUND('',#1222,.T.);
#1324=ADVANCED_FACE('OSCAD_TOPO/3|face|f:5ab87cbab5820a149abe5ac26375161e|493f77993c729cc6707f7662360b015782f91f63fba604c43e7af00f23dcdb1e',(#1323),#150,.T.);
#1325=FACE_OUTER_BOUND('',#1227,.T.);
#1326=ADVANCED_FACE('OSCAD_TOPO/3|face|f:81b3e6c86eac09efb6c922b160034813|66ff63053590f6ec59a9fed070590f1dfcece088c615513cfead3da005ebbfd6',(#1325),#76,.T.);
#1327=FACE_OUTER_BOUND('',#1232,.T.);
#1328=ADVANCED_FACE('OSCAD_TOPO/3|face|f:fdf87906c9f9e1b1adb7f77ba71ca1bc|c71d5e674237d83cec1d24fd8b5f344c071b102dfada241f699ecbb2f1d21e3d',(#1327),#163,.T.);
#1329=FACE_OUTER_BOUND('',#1237,.T.);
#1330=ADVANCED_FACE('OSCAD_TOPO/3|face|f:416aef5c86166fb57f655cf379b5ed5f|9a888602fc2341b28d6661b04891f241366d9ee18906d7242c833eb16947ef54',(#1329),#176,.T.);
#1331=FACE_OUTER_BOUND('',#1242,.T.);
#1332=ADVANCED_FACE('OSCAD_TOPO/3|face|f:8a3bcdc2727a934563303ff4da7371fb|fc45fed2c9ac5857f4cb8cefd1b86528c5a1450916e3ad2714f4f6cb4241cc67',(#1331),#107,.T.);
#1333=FACE_OUTER_BOUND('',#1247,.T.);
#1334=ADVANCED_FACE('OSCAD_TOPO/3|face|f:439b9dd3d6755aae70c24e0820123204|7bb7a0bb33717989aab3e3056e08e7cd8aa7f4a542ef0abde1938791cda96f47',(#1333),#76,.T.);
#1335=FACE_OUTER_BOUND('',#1252,.T.);
#1336=ADVANCED_FACE('OSCAD_TOPO/3|face|f:e328401bd43b1790f66f43b2d0a62be1|f22cca3c7da41b7803762d854c7acdf3322366728e887db02abd0eaab76b4741',(#1335),#183,.T.);
#1337=FACE_OUTER_BOUND('',#1257,.T.);
#1338=ADVANCED_FACE('OSCAD_TOPO/3|face|f:378aeef591a20bbe79ec669165bfbdef|7a00e288630a8545ca03d5ac059874683b7ed83dcb37745bf59db09bae36dc59',(#1337),#190,.T.);
#1339=FACE_OUTER_BOUND('',#1262,.T.);
#1340=ADVANCED_FACE('OSCAD_TOPO/3|face|f:a07b127919d90ef27fbe8140707d345f|b08b901b58b7425cdc775efd0ec10d55fecd47797059a41ce262db6f3addb47b',(#1339),#107,.T.);
#1341=FACE_OUTER_BOUND('',#1267,.T.);
#1342=ADVANCED_FACE('OSCAD_TOPO/3|face|f:46ee38ec57626c88ed3f42cffeb7d7ed|c2a025f9b1aefc6fd10466a61405eab744da140a721a861f603d30e487e69eb9',(#1341),#76,.T.);
#1343=FACE_OUTER_BOUND('',#1272,.T.);
#1344=ADVANCED_FACE('OSCAD_TOPO/3|face|f:838400d888c79b336a5f0e87db834bec|882833e1b772ce863e0f93dcd59ab454f71bb94e3c3f3ddfbd151d806bee29f7',(#1343),#197,.T.);
#1345=FACE_OUTER_BOUND('',#1277,.T.);
#1346=ADVANCED_FACE('OSCAD_TOPO/3|face|f:ead1ee9e2502e6e4969e248374041924|b78b10b72ae2144eca7e27a76f3f033a611b355e7fd0aaa09c7490373e154691',(#1345),#204,.T.);
#1347=FACE_OUTER_BOUND('',#1282,.T.);
#1348=ADVANCED_FACE('OSCAD_TOPO/3|face|f:b74f17d4f89e7fed891f38eb07e3ec24|f303002ab1b4b8340072679956bc4bb1d40ebf42e4aa42c09ef33260bffc1216',(#1347),#107,.T.);
#1349=FACE_OUTER_BOUND('',#1287,.T.);
#1350=ADVANCED_FACE('OSCAD_TOPO/3|face|f:091bbc44cdc59350efd7017ca7e751e8|243dff144b310412de48877e8a1d308e1493270ac97aede68bbe0e27abf28f03',(#1349),#76,.T.);
#1351=FACE_OUTER_BOUND('',#1292,.T.);
#1352=ADVANCED_FACE('OSCAD_TOPO/3|face|f:91a9084f9ee516e274617787fa6fbd65|a21870ae22f4f428ea82464806c03ccfb49cc5201c6a382366b50f819cfb8641',(#1351),#211,.T.);
#1353=FACE_OUTER_BOUND('',#1297,.T.);
#1354=ADVANCED_FACE('OSCAD_TOPO/3|face|f:ceb9a756732a60eb8b965a78052dbb7f|7efb7e37746b3969b8cd28d0d06d0eacbc6960f420c099aeba0400bb547c8799',(#1353),#218,.T.);
#1355=FACE_OUTER_BOUND('',#1302,.T.);
#1356=ADVANCED_FACE('OSCAD_TOPO/3|face|f:9e18c007986b9ac7fb653dc8b8f8cebf|c71f97880cbd526fffec573fde21cb73a4365d1ac35f13f8d095495c5cab852e',(#1355),#107,.T.);
#1357=CLOSED_SHELL('OSCAD_TOPO/3|shell|s:ddc6cdb64fc758c9c3087b5b246ec940|3a63c6f8f0aab2e4a85a0919e18e3ce32e70c741f3b8af1f63ddfa104c4bf76b',(#1304,#1306,#1308,#1310,#1312,#1314,#1316,#1318,#1320,#1322,#1324,#1326,#1328,#1330,#1332,#1334,#1336,#1338,#1340,#1342,#1344,#1346,#1348,#1350,#1352,#1354,#1356));
#1358=MANIFOLD_SOLID_BREP('OSCAD_TOPO/3|body|b:65443f84777e92e82278a863a9ae63d8|52a1458c9e576b07b47e40ad5fe5bdb4701cf2e4570494a53d1e93939513b985',#1357);
#1359=(LENGTH_UNIT()NAMED_UNIT(*)SI_UNIT(.MILLI.,.METRE.));
#1360=UNCERTAINTY_MEASURE_WITH_UNIT(LENGTH_MEASURE(9.99999999999999955E-8),#1359,'distance_accuracy_value','');
#1361=(GEOMETRIC_REPRESENTATION_CONTEXT(3)GLOBAL_UNCERTAINTY_ASSIGNED_CONTEXT((#1360))GLOBAL_UNIT_ASSIGNED_CONTEXT((#1359))REPRESENTATION_CONTEXT('','3D'));
#1362=ADVANCED_BREP_SHAPE_REPRESENTATION('',(#1358),#1361);
#1363=APPLICATION_CONTEXT('managed model based 3d engineering');
#1364=PRODUCT_CONTEXT('',#1363,'mechanical');
#1365=PRODUCT('model','model','',(#1364));
#1366=PRODUCT_DEFINITION_FORMATION('1','',#1365);
#1367=PRODUCT_DEFINITION_CONTEXT('part definition',#1363,'design');
#1368=PRODUCT_DEFINITION('design','',#1366,#1367);
#1369=PRODUCT_DEFINITION_SHAPE('','',#1368);
#1370=SHAPE_DEFINITION_REPRESENTATION(#1369,#1362);
ENDSEC;
END-ISO-10303-21;
