ISO-10303-21;
HEADER;
FILE_DESCRIPTION(('OpenSCAD Viewer retained AP242 B-rep'),'2;1');
FILE_NAME('model.step','',(''),(''),'OpenSCAD Viewer','OpenSCAD Viewer','');
FILE_SCHEMA(('AP242_MANAGED_MODEL_BASED_3D_ENGINEERING_MIM_LF'));
ENDSEC;
DATA;
#1=CARTESIAN_POINT('',(5.00000000000000000E-1,0.00000000000000000E0,0.00000000000000000E0));
#2=VERTEX_POINT('OSCAD_TOPO/3|vertex|v:0e6d4a07b0201a33d7c8c088b03fa571|a3b7baffbdd5199fda74c960bfda123f067f8a12a33d99075153c47618fb9e9e',#1);
#3=CARTESIAN_POINT('',(3.06161699786838302E-17,5.00000000000000000E-1,0.00000000000000000E0));
#4=VERTEX_POINT('OSCAD_TOPO/3|vertex|v:c2f1698c364546394346ab1a17884558|cf95b6aa253505a20a08377b0ee64c030ce7430b03e1a51ce942f1a3ba4a6a5b',#3);
#5=CARTESIAN_POINT('',(-5.00000000000000000E-1,6.12323399573676604E-17,0.00000000000000000E0));
#6=VERTEX_POINT('OSCAD_TOPO/3|vertex|v:4c795a0720b0c5cb19a14c9baf9b33c5|cebe06c27cb7468f87c490d8135fb006d0c9cb2bdf7ce1308d77b7ef1674a26a',#5);
#7=CARTESIAN_POINT('',(-9.18485099360514844E-17,-5.00000000000000000E-1,0.00000000000000000E0));
#8=VERTEX_POINT('OSCAD_TOPO/3|vertex|v:bb8f49e8978db54ea78739819540e938|a589a153264e19fd9243d4f24a64287390b686764bc5e9499fb5ee7b7f5fd7c0',#7);
#9=CARTESIAN_POINT('',(2.00000000000000011E-1,0.00000000000000000E0,0.00000000000000000E0));
#10=VERTEX_POINT('OSCAD_TOPO/3|vertex|v:e020534d0e147521dcdf277f4e2a129c|d5538a0e455040d081ba4d9b067fa74b782fb5a120615d0b02582c144f80e560',#9);
#11=CARTESIAN_POINT('',(-3.67394039744205950E-17,-2.00000000000000011E-1,0.00000000000000000E0));
#12=VERTEX_POINT('OSCAD_TOPO/3|vertex|v:4eee40db12beadf68380d4070fd5e81e|a0530fcfe6ed64826506d685eb13ad1659570812181091c154816942b6d3f5eb',#11);
#13=CARTESIAN_POINT('',(-2.00000000000000011E-1,2.44929359829470654E-17,0.00000000000000000E0));
#14=VERTEX_POINT('OSCAD_TOPO/3|vertex|v:fde0effdac5cf7bd41b56e7a909b0c34|44c64328cb026818a151148805c9b876681124cad4b78ec3d7b417e4699d2ef8',#13);
#15=CARTESIAN_POINT('',(1.22464679914735327E-17,2.00000000000000011E-1,0.00000000000000000E0));
#16=VERTEX_POINT('OSCAD_TOPO/3|vertex|v:47e3114d64384376183bece48bae9299|c9da5a8254437d1c96029ed27bb54254cecb3adb38d69495c2b8136b02839c42',#15);
#17=CARTESIAN_POINT('',(5.57687734522768319E-1,7.34209831237790100E-2,2.50000000000000000E0));
#18=VERTEX_POINT('OSCAD_TOPO/3|vertex|v:64f6274aa401215696761340992ade69|c9f284c05f4b123e53800357362cc297191ffc431d57d8fa9d113c61a485f395',#17);
#19=CARTESIAN_POINT('',(-7.34209831237789823E-2,5.57687734522768319E-1,2.50000000000000000E0));
#20=VERTEX_POINT('OSCAD_TOPO/3|vertex|v:787162e7f183ddf492f8563702ef465c|e9f674f8ad43e0e3ba5dfc3f710361248bda757057ecf16b7c96e4040cfdda22',#19);
#21=CARTESIAN_POINT('',(-5.57687734522768319E-1,-7.34209831237789545E-2,2.50000000000000000E0));
#22=VERTEX_POINT('OSCAD_TOPO/3|vertex|v:550393d88e1e1d364a37f41a12fdc0c7|d17496e9731768001db7f710d03cd3c9e9d3a6425125dc1a83564e2f0fd19d52',#21);
#23=CARTESIAN_POINT('',(7.34209831237788990E-2,-5.57687734522768319E-1,2.50000000000000000E0));
#24=VERTEX_POINT('OSCAD_TOPO/3|vertex|v:18b90cedc6249de59e7e1f6eb87a4c4e|088c3cd9e133355a982425b8ff10d54014061c57da85de9c2d289351560403c4',#23);
#25=CARTESIAN_POINT('',(2.23075093809107339E-1,2.93683932495116054E-2,2.50000000000000000E0));
#26=VERTEX_POINT('OSCAD_TOPO/3|vertex|v:c0ab3f92d335baa562e44e36d7c65ae3|e8b7c1c7d6354d873811606960e8e766083076008b97362c2af9e06bb0f84694',#25);
#27=CARTESIAN_POINT('',(2.93683932495115672E-2,-2.23075093809107339E-1,2.50000000000000000E0));
#28=VERTEX_POINT('OSCAD_TOPO/3|vertex|v:43d75a5110744f47ea0ac553ec246d56|fcf06a246b49371e65ac2188a188743d9ca01f0c644e999a4bc9cae126b0d088',#27);
#29=CARTESIAN_POINT('',(-2.23075093809107339E-1,-2.93683932495115811E-2,2.50000000000000000E0));
#30=VERTEX_POINT('OSCAD_TOPO/3|vertex|v:817ca5b8af4a10490dca29234d2cc324|6940d175aba26afb24f89955331e1b3e8b905b215199cc742a9e61c5b94a5080',#29);
#31=CARTESIAN_POINT('',(-2.93683932495115950E-2,2.23075093809107339E-1,2.50000000000000000E0));
#32=VERTEX_POINT('OSCAD_TOPO/3|vertex|v:8f122b377534a885aa3d42f679a585a5|11039056c40f67a7eaa8eea2aa529082fc6da8ec5558ad90f8f5458c5f7d539d',#31);
#33=CARTESIAN_POINT('',(6.03703641430667681E-1,1.61761903189075462E-1,5.00000000000000000E0));
#34=VERTEX_POINT('OSCAD_TOPO/3|vertex|v:1b75683b73aae8ec0e5bd3e79f62d44a|480df68d5513514bfc099438e2d553c05ffda5658ad8bc4347e1a44013e5ce42',#33);
#35=CARTESIAN_POINT('',(-1.61761903189075434E-1,6.03703641430667681E-1,5.00000000000000000E0));
#36=VERTEX_POINT('OSCAD_TOPO/3|vertex|v:01fa62d89ecf8cf3c6bfc2b093f86542|95fb28ea09d9a02dd7b167bc5c8b7d684a9741e62a65c5abe76f50028ad8f9a5',#35);
#37=CARTESIAN_POINT('',(-6.03703641430667681E-1,-1.61761903189075407E-1,5.00000000000000000E0));
#38=VERTEX_POINT('OSCAD_TOPO/3|vertex|v:44b260ca1554e26ef938dd0c19bc97c9|0cb12c8da666ffd96f07f98fc8cb11184dbc30cbba35baee418dfc14c990a6d9',#37);
#39=CARTESIAN_POINT('',(1.61761903189075351E-1,-6.03703641430667681E-1,5.00000000000000000E0));
#40=VERTEX_POINT('OSCAD_TOPO/3|vertex|v:4b2d98dbe761be84f6dacd8a10518d05|4f8be1c20a06821ed5a3ebf026e3f62e58ccb513843b63bbc1371142bc7c4e6b',#39);
#41=CARTESIAN_POINT('',(2.41481456572267106E-1,6.47047612756301849E-2,5.00000000000000000E0));
#42=VERTEX_POINT('OSCAD_TOPO/3|vertex|v:e4b8ba9e50a89d09c43a420f7c017c4c|4011d1840c5ecd1b3914ed9104f5a73c3f518c4a02b4b8b9aed3e3d6c5268c4c',#41);
#43=CARTESIAN_POINT('',(6.47047612756301432E-2,-2.41481456572267106E-1,5.00000000000000000E0));
#44=VERTEX_POINT('OSCAD_TOPO/3|vertex|v:0cc987c49e1623a21b5e7c9f0b5c44d6|8698aa591f2e09f5e62c295ed07e6cb609cfebbcdfb7457b27e1cc2a9e9e24b6',#43);
#45=CARTESIAN_POINT('',(-2.41481456572267106E-1,-6.47047612756301571E-2,5.00000000000000000E0));
#46=VERTEX_POINT('OSCAD_TOPO/3|vertex|v:bc5cac45c79f5d2963685659f45d0b7c|2facd8ab733dfcdb6be6f21fb490b5216a6f287584534492b3ae63e0ee0e1c75',#45);
#47=CARTESIAN_POINT('',(-6.47047612756301710E-2,2.41481456572267106E-1,5.00000000000000000E0));
#48=VERTEX_POINT('OSCAD_TOPO/3|vertex|v:26e3e2d90ee2c903e740ca5d70774282|c973c683b3e0ad1d8ba1d3f64add0605e479947014e6eecbedf6c77a7f7ba7f6',#47);
#49=CARTESIAN_POINT('',(6.35167178601509619E-1,2.63094859750999222E-1,7.50000000000000000E0));
#50=VERTEX_POINT('OSCAD_TOPO/3|vertex|v:447221ccb00ab94d9c96b4387ba00045|0bfab870d4bcfb6ca909345535fae8b41dbb0659d2eacf13338efa2a2ee44515',#49);
#51=CARTESIAN_POINT('',(-2.63094859750999166E-1,6.35167178601509619E-1,7.50000000000000000E0));
#52=VERTEX_POINT('OSCAD_TOPO/3|vertex|v:4f671ea9fff7ce954cd5f3b773faf2f1|38618068dda1326b54ce891f39ed8678c341bbfd93eb402281431c33ae975342',#51);
#53=CARTESIAN_POINT('',(-6.35167178601509619E-1,-2.63094859750999166E-1,7.50000000000000000E0));
#54=VERTEX_POINT('OSCAD_TOPO/3|vertex|v:0ecdbcb75024131b148cc28cf975f976|c82f9a5b1b6c97c0660042633d54c4d7da986413c1b9a95655101f2bc46b4001',#53);
#55=CARTESIAN_POINT('',(2.63094859750999110E-1,-6.35167178601509730E-1,7.50000000000000000E0));
#56=VERTEX_POINT('OSCAD_TOPO/3|vertex|v:3dd8261e90e822b9fa440785377c0ca1|818be851210e0555fe234f69eda77fddc4c4b622b28930fe266d7c4fe6d076ee',#55);
#57=CARTESIAN_POINT('',(2.54066871440603859E-1,1.05237943900399700E-1,7.50000000000000000E0));
#58=VERTEX_POINT('OSCAD_TOPO/3|vertex|v:459d2c9b0a8d2a2bb102fe2cd3f50646|c9ce138195e299b1a94dfe0e6438063eaee7eee743cc6e845a7d0b5a9cb334c2',#57);
#59=CARTESIAN_POINT('',(1.05237943900399658E-1,-2.54066871440603914E-1,7.50000000000000000E0));
#60=VERTEX_POINT('OSCAD_TOPO/3|vertex|v:82088556bd512c141e84bd43c10241a1|d471acf4127f74d166fdcdcbc60a7cca36482638146222017de6f4cde801c5c4',#59);
#61=CARTESIAN_POINT('',(-2.54066871440603859E-1,-1.05237943900399658E-1,7.50000000000000000E0));
#62=VERTEX_POINT('OSCAD_TOPO/3|vertex|v:1719250a6dae567b06747d18a37e46b0|61cf2052f0219b88a2321ac240aea51f08154496c173e614b73402c942ac7091',#61);
#63=CARTESIAN_POINT('',(-1.05237943900399686E-1,2.54066871440603859E-1,7.50000000000000000E0));
#64=VERTEX_POINT('OSCAD_TOPO/3|vertex|v:8538dd7ae0c514eb1a9475e43811c8c4|b023373cd39f18c4dde7a72f4a864eeb38f73f90828012d67001c32894487d79',#63);
#65=CARTESIAN_POINT('',(6.49519052838329003E-1,3.74999999999999944E-1,1.00000000000000000E1));
#66=VERTEX_POINT('OSCAD_TOPO/3|vertex|v:6b12e9475c6e411b807248f0e2f47d5c|8a7b63dec9480d398a1f7bbe0c7eb46700f24caef1138db1fbc6e99ce3583bb9',#65);
#67=CARTESIAN_POINT('',(-3.74999999999999889E-1,6.49519052838329003E-1,1.00000000000000000E1));
#68=VERTEX_POINT('OSCAD_TOPO/3|vertex|v:f5f97a8cc5c9666c3558dafbe604a5de|ad8aae88424c02c75f87ba5ab607c3c0991e35c42df88aa1090d2f66e116351e',#67);
#69=CARTESIAN_POINT('',(-6.49519052838329114E-1,-3.74999999999999889E-1,1.00000000000000000E1));
#70=VERTEX_POINT('OSCAD_TOPO/3|vertex|v:e1c4afbe87caf3b6a0c717be9acebac7|2b9ce7c7b6aef533ba1bc334475577950aa9a6033d41c105e8393c52d9879627',#69);
#71=CARTESIAN_POINT('',(3.74999999999999833E-1,-6.49519052838329114E-1,1.00000000000000000E1));
#72=VERTEX_POINT('OSCAD_TOPO/3|vertex|v:7f00de9edbdf6f89574c8b8559674880|a58c6ea9ad2c00821a26fe29ff3d9663316d52d93d81ce3a9c0b3cbd4dad1f08',#71);
#73=CARTESIAN_POINT('',(2.59807621135331623E-1,1.49999999999999994E-1,1.00000000000000000E1));
#74=VERTEX_POINT('OSCAD_TOPO/3|vertex|v:48bdd8bebda1918c29b89c96f8725ef5|7a409db046e45407febfbe05081ed9a98277bf7d64784142c42a413d6b1b6d84',#73);
#75=CARTESIAN_POINT('',(1.49999999999999939E-1,-2.59807621135331679E-1,1.00000000000000000E1));
#76=VERTEX_POINT('OSCAD_TOPO/3|vertex|v:3bb4e540355d1409b2a7d78c24dd2ce9|4796f10f42743516598ebbf0ea086d82cae560f43e5e869e4b7b11bbfbae1bf7',#75);
#77=CARTESIAN_POINT('',(-2.59807621135331623E-1,-1.49999999999999939E-1,1.00000000000000000E1));
#78=VERTEX_POINT('OSCAD_TOPO/3|vertex|v:749c0edeb523195965f261b16adb9775|fee6fc65ef05d0a590ee592e2bea6a1bab05996c5927f4057a185f915f0f0488',#77);
#79=CARTESIAN_POINT('',(-1.49999999999999967E-1,2.59807621135331623E-1,1.00000000000000000E1));
#80=VERTEX_POINT('OSCAD_TOPO/3|vertex|v:d868e8d585fad4c41c0c49e7eaa4e239|08d4584e992baffbab99003580ef687a2c36c1769b9f10024b460f88f5b07e4f',#79);
#81=CARTESIAN_POINT('',(5.00000000000000000E-1,0.00000000000000000E0,0.00000000000000000E0));
#82=CARTESIAN_POINT('',(5.57687734522768319E-1,7.34209831237790100E-2,2.50000000000000000E0));
#83=CARTESIAN_POINT('',(5.00000000000000000E-1,4.99999999999999944E-1,0.00000000000000000E0));
#84=CARTESIAN_POINT('',(4.84266751398989337E-1,6.31108717646547301E-1,2.50000000000000000E0));
#85=CARTESIAN_POINT('',(3.06161699786838302E-17,5.00000000000000000E-1,0.00000000000000000E0));
#86=CARTESIAN_POINT('',(-7.34209831237789823E-2,5.57687734522768319E-1,2.50000000000000000E0));
#87=(BOUNDED_SURFACE()B_SPLINE_SURFACE(2,1,((#81,#82),(#83,#84),(#85,#86)),.UNSPECIFIED.,.F.,.F.,.F.)B_SPLINE_SURFACE_WITH_KNOTS((3,3),(2,2),(0.00000000000000000E0,1.00000000000000000E0),(0.00000000000000000E0,1.00000000000000000E0),.UNSPECIFIED.)GEOMETRIC_REPRESENTATION_ITEM()RATIONAL_B_SPLINE_SURFACE(((1.00000000000000000E0,1.00000000000000000E0),(7.07106781186547573E-1,7.07106781186547573E-1),(1.00000000000000000E0,1.00000000000000000E0)))REPRESENTATION_ITEM('')SURFACE());
#88=CARTESIAN_POINT('',(3.06161699786838302E-17,5.00000000000000000E-1,0.00000000000000000E0));
#89=CARTESIAN_POINT('',(-7.34209831237789823E-2,5.57687734522768319E-1,2.50000000000000000E0));
#90=CARTESIAN_POINT('',(-4.99999999999999944E-1,5.00000000000000000E-1,0.00000000000000000E0));
#91=CARTESIAN_POINT('',(-6.31108717646547301E-1,4.84266751398989337E-1,2.50000000000000000E0));
#92=CARTESIAN_POINT('',(-5.00000000000000000E-1,6.12323399573676604E-17,0.00000000000000000E0));
#93=CARTESIAN_POINT('',(-5.57687734522768319E-1,-7.34209831237789545E-2,2.50000000000000000E0));
#94=(BOUNDED_SURFACE()B_SPLINE_SURFACE(2,1,((#88,#89),(#90,#91),(#92,#93)),.UNSPECIFIED.,.F.,.F.,.F.)B_SPLINE_SURFACE_WITH_KNOTS((3,3),(2,2),(0.00000000000000000E0,1.00000000000000000E0),(0.00000000000000000E0,1.00000000000000000E0),.UNSPECIFIED.)GEOMETRIC_REPRESENTATION_ITEM()RATIONAL_B_SPLINE_SURFACE(((1.00000000000000000E0,1.00000000000000000E0),(7.07106781186547573E-1,7.07106781186547573E-1),(1.00000000000000000E0,1.00000000000000000E0)))REPRESENTATION_ITEM('')SURFACE());
#95=CARTESIAN_POINT('',(-5.00000000000000000E-1,6.12323399573676604E-17,0.00000000000000000E0));
#96=CARTESIAN_POINT('',(-5.57687734522768319E-1,-7.34209831237789545E-2,2.50000000000000000E0));
#97=CARTESIAN_POINT('',(-5.00000000000000111E-1,-4.99999999999999944E-1,0.00000000000000000E0));
#98=CARTESIAN_POINT('',(-4.84266751398989448E-1,-6.31108717646547301E-1,2.50000000000000000E0));
#99=CARTESIAN_POINT('',(-9.18485099360514844E-17,-5.00000000000000000E-1,0.00000000000000000E0));
#100=CARTESIAN_POINT('',(7.34209831237788990E-2,-5.57687734522768319E-1,2.50000000000000000E0));
#101=(BOUNDED_SURFACE()B_SPLINE_SURFACE(2,1,((#95,#96),(#97,#98),(#99,#100)),.UNSPECIFIED.,.F.,.F.,.F.)B_SPLINE_SURFACE_WITH_KNOTS((3,3),(2,2),(0.00000000000000000E0,1.00000000000000000E0),(0.00000000000000000E0,1.00000000000000000E0),.UNSPECIFIED.)GEOMETRIC_REPRESENTATION_ITEM()RATIONAL_B_SPLINE_SURFACE(((1.00000000000000000E0,1.00000000000000000E0),(7.07106781186547573E-1,7.07106781186547573E-1),(1.00000000000000000E0,1.00000000000000000E0)))REPRESENTATION_ITEM('')SURFACE());
#102=CARTESIAN_POINT('',(-9.18485099360514844E-17,-5.00000000000000000E-1,0.00000000000000000E0));
#103=CARTESIAN_POINT('',(7.34209831237788990E-2,-5.57687734522768319E-1,2.50000000000000000E0));
#104=CARTESIAN_POINT('',(4.99999999999999833E-1,-5.00000000000000111E-1,0.00000000000000000E0));
#105=CARTESIAN_POINT('',(6.31108717646547190E-1,-4.84266751398989503E-1,2.50000000000000000E0));
#106=CARTESIAN_POINT('',(5.00000000000000000E-1,0.00000000000000000E0,0.00000000000000000E0));
#107=CARTESIAN_POINT('',(5.57687734522768319E-1,7.34209831237790100E-2,2.50000000000000000E0));
#108=(BOUNDED_SURFACE()B_SPLINE_SURFACE(2,1,((#102,#103),(#104,#105),(#106,#107)),.UNSPECIFIED.,.F.,.F.,.F.)B_SPLINE_SURFACE_WITH_KNOTS((3,3),(2,2),(0.00000000000000000E0,1.00000000000000000E0),(0.00000000000000000E0,1.00000000000000000E0),.UNSPECIFIED.)GEOMETRIC_REPRESENTATION_ITEM()RATIONAL_B_SPLINE_SURFACE(((1.00000000000000000E0,1.00000000000000000E0),(7.07106781186547573E-1,7.07106781186547573E-1),(1.00000000000000000E0,1.00000000000000000E0)))REPRESENTATION_ITEM('')SURFACE());
#109=CARTESIAN_POINT('',(2.00000000000000011E-1,0.00000000000000000E0,0.00000000000000000E0));
#110=CARTESIAN_POINT('',(2.23075093809107339E-1,2.93683932495116054E-2,2.50000000000000000E0));
#111=CARTESIAN_POINT('',(1.99999999999999956E-1,-2.00000000000000011E-1,0.00000000000000000E0));
#112=CARTESIAN_POINT('',(2.52443487058618909E-1,-1.93706700559595740E-1,2.50000000000000000E0));
#113=CARTESIAN_POINT('',(-3.67394039744205950E-17,-2.00000000000000011E-1,0.00000000000000000E0));
#114=CARTESIAN_POINT('',(2.93683932495115672E-2,-2.23075093809107339E-1,2.50000000000000000E0));
#115=(BOUNDED_SURFACE()B_SPLINE_SURFACE(2,1,((#109,#110),(#111,#112),(#113,#114)),.UNSPECIFIED.,.F.,.F.,.F.)B_SPLINE_SURFACE_WITH_KNOTS((3,3),(2,2),(0.00000000000000000E0,1.00000000000000000E0),(0.00000000000000000E0,1.00000000000000000E0),.UNSPECIFIED.)GEOMETRIC_REPRESENTATION_ITEM()RATIONAL_B_SPLINE_SURFACE(((1.00000000000000000E0,1.00000000000000000E0),(7.07106781186547573E-1,7.07106781186547573E-1),(1.00000000000000000E0,1.00000000000000000E0)))REPRESENTATION_ITEM('')SURFACE());
#116=CARTESIAN_POINT('',(-3.67394039744205950E-17,-2.00000000000000011E-1,0.00000000000000000E0));
#117=CARTESIAN_POINT('',(2.93683932495115672E-2,-2.23075093809107339E-1,2.50000000000000000E0));
#118=CARTESIAN_POINT('',(-2.00000000000000011E-1,-1.99999999999999983E-1,0.00000000000000000E0));
#119=CARTESIAN_POINT('',(-1.93706700559595740E-1,-2.52443487058618909E-1,2.50000000000000000E0));
#120=CARTESIAN_POINT('',(-2.00000000000000011E-1,2.44929359829470654E-17,0.00000000000000000E0));
#121=CARTESIAN_POINT('',(-2.23075093809107339E-1,-2.93683932495115811E-2,2.50000000000000000E0));
#122=(BOUNDED_SURFACE()B_SPLINE_SURFACE(2,1,((#116,#117),(#118,#119),(#120,#121)),.UNSPECIFIED.,.F.,.F.,.F.)B_SPLINE_SURFACE_WITH_KNOTS((3,3),(2,2),(0.00000000000000000E0,1.00000000000000000E0),(0.00000000000000000E0,1.00000000000000000E0),.UNSPECIFIED.)GEOMETRIC_REPRESENTATION_ITEM()RATIONAL_B_SPLINE_SURFACE(((1.00000000000000000E0,1.00000000000000000E0),(7.07106781186547573E-1,7.07106781186547573E-1),(1.00000000000000000E0,1.00000000000000000E0)))REPRESENTATION_ITEM('')SURFACE());
#123=CARTESIAN_POINT('',(-2.00000000000000011E-1,2.44929359829470654E-17,0.00000000000000000E0));
#124=CARTESIAN_POINT('',(-2.23075093809107339E-1,-2.93683932495115811E-2,2.50000000000000000E0));
#125=CARTESIAN_POINT('',(-1.99999999999999983E-1,2.00000000000000011E-1,0.00000000000000000E0));
#126=CARTESIAN_POINT('',(-2.52443487058618909E-1,1.93706700559595740E-1,2.50000000000000000E0));
#127=CARTESIAN_POINT('',(1.22464679914735327E-17,2.00000000000000011E-1,0.00000000000000000E0));
#128=CARTESIAN_POINT('',(-2.93683932495115950E-2,2.23075093809107339E-1,2.50000000000000000E0));
#129=(BOUNDED_SURFACE()B_SPLINE_SURFACE(2,1,((#123,#124),(#125,#126),(#127,#128)),.UNSPECIFIED.,.F.,.F.,.F.)B_SPLINE_SURFACE_WITH_KNOTS((3,3),(2,2),(0.00000000000000000E0,1.00000000000000000E0),(0.00000000000000000E0,1.00000000000000000E0),.UNSPECIFIED.)GEOMETRIC_REPRESENTATION_ITEM()RATIONAL_B_SPLINE_SURFACE(((1.00000000000000000E0,1.00000000000000000E0),(7.07106781186547573E-1,7.07106781186547573E-1),(1.00000000000000000E0,1.00000000000000000E0)))REPRESENTATION_ITEM('')SURFACE());
#130=CARTESIAN_POINT('',(1.22464679914735327E-17,2.00000000000000011E-1,0.00000000000000000E0));
#131=CARTESIAN_POINT('',(-2.93683932495115950E-2,2.23075093809107339E-1,2.50000000000000000E0));
#132=CARTESIAN_POINT('',(2.00000000000000011E-1,1.99999999999999983E-1,0.00000000000000000E0));
#133=CARTESIAN_POINT('',(1.93706700559595740E-1,2.52443487058618909E-1,2.50000000000000000E0));
#134=CARTESIAN_POINT('',(2.00000000000000011E-1,0.00000000000000000E0,0.00000000000000000E0));
#135=CARTESIAN_POINT('',(2.23075093809107339E-1,2.93683932495116054E-2,2.50000000000000000E0));
#136=(BOUNDED_SURFACE()B_SPLINE_SURFACE(2,1,((#130,#131),(#132,#133),(#134,#135)),.UNSPECIFIED.,.F.,.F.,.F.)B_SPLINE_SURFACE_WITH_KNOTS((3,3),(2,2),(0.00000000000000000E0,1.00000000000000000E0),(0.00000000000000000E0,1.00000000000000000E0),.UNSPECIFIED.)GEOMETRIC_REPRESENTATION_ITEM()RATIONAL_B_SPLINE_SURFACE(((1.00000000000000000E0,1.00000000000000000E0),(7.07106781186547573E-1,7.07106781186547573E-1),(1.00000000000000000E0,1.00000000000000000E0)))REPRESENTATION_ITEM('')SURFACE());
#137=CARTESIAN_POINT('',(5.57687734522768319E-1,7.34209831237790100E-2,2.50000000000000000E0));
#138=CARTESIAN_POINT('',(6.03703641430667681E-1,1.61761903189075462E-1,5.00000000000000000E0));
#139=CARTESIAN_POINT('',(4.84266751398989337E-1,6.31108717646547301E-1,2.50000000000000000E0));
#140=CARTESIAN_POINT('',(4.41941738241592330E-1,7.65465544619743143E-1,5.00000000000000000E0));
#141=CARTESIAN_POINT('',(-7.34209831237789823E-2,5.57687734522768319E-1,2.50000000000000000E0));
#142=CARTESIAN_POINT('',(-1.61761903189075434E-1,6.03703641430667681E-1,5.00000000000000000E0));
#143=(BOUNDED_SURFACE()B_SPLINE_SURFACE(2,1,((#137,#138),(#139,#140),(#141,#142)),.UNSPECIFIED.,.F.,.F.,.F.)B_SPLINE_SURFACE_WITH_KNOTS((3,3),(2,2),(0.00000000000000000E0,1.00000000000000000E0),(0.00000000000000000E0,1.00000000000000000E0),.UNSPECIFIED.)GEOMETRIC_REPRESENTATION_ITEM()RATIONAL_B_SPLINE_SURFACE(((1.00000000000000000E0,1.00000000000000000E0),(7.07106781186547573E-1,7.07106781186547573E-1),(1.00000000000000000E0,1.00000000000000000E0)))REPRESENTATION_ITEM('')SURFACE());
#144=CARTESIAN_POINT('',(-7.34209831237789823E-2,5.57687734522768319E-1,2.50000000000000000E0));
#145=CARTESIAN_POINT('',(-1.61761903189075434E-1,6.03703641430667681E-1,5.00000000000000000E0));
#146=CARTESIAN_POINT('',(-6.31108717646547301E-1,4.84266751398989337E-1,2.50000000000000000E0));
#147=CARTESIAN_POINT('',(-7.65465544619743143E-1,4.41941738241592330E-1,5.00000000000000000E0));
#148=CARTESIAN_POINT('',(-5.57687734522768319E-1,-7.34209831237789545E-2,2.50000000000000000E0));
#149=CARTESIAN_POINT('',(-6.03703641430667681E-1,-1.61761903189075407E-1,5.00000000000000000E0));
#150=(BOUNDED_SURFACE()B_SPLINE_SURFACE(2,1,((#144,#145),(#146,#147),(#148,#149)),.UNSPECIFIED.,.F.,.F.,.F.)B_SPLINE_SURFACE_WITH_KNOTS((3,3),(2,2),(0.00000000000000000E0,1.00000000000000000E0),(0.00000000000000000E0,1.00000000000000000E0),.UNSPECIFIED.)GEOMETRIC_REPRESENTATION_ITEM()RATIONAL_B_SPLINE_SURFACE(((1.00000000000000000E0,1.00000000000000000E0),(7.07106781186547573E-1,7.07106781186547573E-1),(1.00000000000000000E0,1.00000000000000000E0)))REPRESENTATION_ITEM('')SURFACE());
#151=CARTESIAN_POINT('',(-5.57687734522768319E-1,-7.34209831237789545E-2,2.50000000000000000E0));
#152=CARTESIAN_POINT('',(-6.03703641430667681E-1,-1.61761903189075407E-1,5.00000000000000000E0));
#153=CARTESIAN_POINT('',(-4.84266751398989448E-1,-6.31108717646547301E-1,2.50000000000000000E0));
#154=CARTESIAN_POINT('',(-4.41941738241592441E-1,-7.65465544619743143E-1,5.00000000000000000E0));
#155=CARTESIAN_POINT('',(7.34209831237788990E-2,-5.57687734522768319E-1,2.50000000000000000E0));
#156=CARTESIAN_POINT('',(1.61761903189075351E-1,-6.03703641430667681E-1,5.00000000000000000E0));
#157=(BOUNDED_SURFACE()B_SPLINE_SURFACE(2,1,((#151,#152),(#153,#154),(#155,#156)),.UNSPECIFIED.,.F.,.F.,.F.)B_SPLINE_SURFACE_WITH_KNOTS((3,3),(2,2),(0.00000000000000000E0,1.00000000000000000E0),(0.00000000000000000E0,1.00000000000000000E0),.UNSPECIFIED.)GEOMETRIC_REPRESENTATION_ITEM()RATIONAL_B_SPLINE_SURFACE(((1.00000000000000000E0,1.00000000000000000E0),(7.07106781186547573E-1,7.07106781186547573E-1),(1.00000000000000000E0,1.00000000000000000E0)))REPRESENTATION_ITEM('')SURFACE());
#158=CARTESIAN_POINT('',(7.34209831237788990E-2,-5.57687734522768319E-1,2.50000000000000000E0));
#159=CARTESIAN_POINT('',(1.61761903189075351E-1,-6.03703641430667681E-1,5.00000000000000000E0));
#160=CARTESIAN_POINT('',(6.31108717646547190E-1,-4.84266751398989503E-1,2.50000000000000000E0));
#161=CARTESIAN_POINT('',(7.65465544619742921E-1,-4.41941738241592441E-1,5.00000000000000000E0));
#162=CARTESIAN_POINT('',(5.57687734522768319E-1,7.34209831237790100E-2,2.50000000000000000E0));
#163=CARTESIAN_POINT('',(6.03703641430667681E-1,1.61761903189075462E-1,5.00000000000000000E0));
#164=(BOUNDED_SURFACE()B_SPLINE_SURFACE(2,1,((#158,#159),(#160,#161),(#162,#163)),.UNSPECIFIED.,.F.,.F.,.F.)B_SPLINE_SURFACE_WITH_KNOTS((3,3),(2,2),(0.00000000000000000E0,1.00000000000000000E0),(0.00000000000000000E0,1.00000000000000000E0),.UNSPECIFIED.)GEOMETRIC_REPRESENTATION_ITEM()RATIONAL_B_SPLINE_SURFACE(((1.00000000000000000E0,1.00000000000000000E0),(7.07106781186547573E-1,7.07106781186547573E-1),(1.00000000000000000E0,1.00000000000000000E0)))REPRESENTATION_ITEM('')SURFACE());
#165=CARTESIAN_POINT('',(2.23075093809107339E-1,2.93683932495116054E-2,2.50000000000000000E0));
#166=CARTESIAN_POINT('',(2.41481456572267106E-1,6.47047612756301849E-2,5.00000000000000000E0));
#167=CARTESIAN_POINT('',(2.52443487058618909E-1,-1.93706700559595740E-1,2.50000000000000000E0));
#168=CARTESIAN_POINT('',(3.06186217847897235E-1,-1.76776695296636949E-1,5.00000000000000000E0));
#169=CARTESIAN_POINT('',(2.93683932495115672E-2,-2.23075093809107339E-1,2.50000000000000000E0));
#170=CARTESIAN_POINT('',(6.47047612756301432E-2,-2.41481456572267106E-1,5.00000000000000000E0));
#171=(BOUNDED_SURFACE()B_SPLINE_SURFACE(2,1,((#165,#166),(#167,#168),(#169,#170)),.UNSPECIFIED.,.F.,.F.,.F.)B_SPLINE_SURFACE_WITH_KNOTS((3,3),(2,2),(0.00000000000000000E0,1.00000000000000000E0),(0.00000000000000000E0,1.00000000000000000E0),.UNSPECIFIED.)GEOMETRIC_REPRESENTATION_ITEM()RATIONAL_B_SPLINE_SURFACE(((1.00000000000000000E0,1.00000000000000000E0),(7.07106781186547573E-1,7.07106781186547573E-1),(1.00000000000000000E0,1.00000000000000000E0)))REPRESENTATION_ITEM('')SURFACE());
#172=CARTESIAN_POINT('',(2.93683932495115672E-2,-2.23075093809107339E-1,2.50000000000000000E0));
#173=CARTESIAN_POINT('',(6.47047612756301432E-2,-2.41481456572267106E-1,5.00000000000000000E0));
#174=CARTESIAN_POINT('',(-1.93706700559595740E-1,-2.52443487058618909E-1,2.50000000000000000E0));
#175=CARTESIAN_POINT('',(-1.76776695296636921E-1,-3.06186217847897235E-1,5.00000000000000000E0));
#176=CARTESIAN_POINT('',(-2.23075093809107339E-1,-2.93683932495115811E-2,2.50000000000000000E0));
#177=CARTESIAN_POINT('',(-2.41481456572267106E-1,-6.47047612756301571E-2,5.00000000000000000E0));
#178=(BOUNDED_SURFACE()B_SPLINE_SURFACE(2,1,((#172,#173),(#174,#175),(#176,#177)),.UNSPECIFIED.,.F.,.F.,.F.)B_SPLINE_SURFACE_WITH_KNOTS((3,3),(2,2),(0.00000000000000000E0,1.00000000000000000E0),(0.00000000000000000E0,1.00000000000000000E0),.UNSPECIFIED.)GEOMETRIC_REPRESENTATION_ITEM()RATIONAL_B_SPLINE_SURFACE(((1.00000000000000000E0,1.00000000000000000E0),(7.07106781186547573E-1,7.07106781186547573E-1),(1.00000000000000000E0,1.00000000000000000E0)))REPRESENTATION_ITEM('')SURFACE());
#179=CARTESIAN_POINT('',(-2.23075093809107339E-1,-2.93683932495115811E-2,2.50000000000000000E0));
#180=CARTESIAN_POINT('',(-2.41481456572267106E-1,-6.47047612756301571E-2,5.00000000000000000E0));
#181=CARTESIAN_POINT('',(-2.52443487058618909E-1,1.93706700559595740E-1,2.50000000000000000E0));
#182=CARTESIAN_POINT('',(-3.06186217847897235E-1,1.76776695296636921E-1,5.00000000000000000E0));
#183=CARTESIAN_POINT('',(-2.93683932495115950E-2,2.23075093809107339E-1,2.50000000000000000E0));
#184=CARTESIAN_POINT('',(-6.47047612756301710E-2,2.41481456572267106E-1,5.00000000000000000E0));
#185=(BOUNDED_SURFACE()B_SPLINE_SURFACE(2,1,((#179,#180),(#181,#182),(#183,#184)),.UNSPECIFIED.,.F.,.F.,.F.)B_SPLINE_SURFACE_WITH_KNOTS((3,3),(2,2),(0.00000000000000000E0,1.00000000000000000E0),(0.00000000000000000E0,1.00000000000000000E0),.UNSPECIFIED.)GEOMETRIC_REPRESENTATION_ITEM()RATIONAL_B_SPLINE_SURFACE(((1.00000000000000000E0,1.00000000000000000E0),(7.07106781186547573E-1,7.07106781186547573E-1),(1.00000000000000000E0,1.00000000000000000E0)))REPRESENTATION_ITEM('')SURFACE());
#186=CARTESIAN_POINT('',(-2.93683932495115950E-2,2.23075093809107339E-1,2.50000000000000000E0));
#187=CARTESIAN_POINT('',(-6.47047612756301710E-2,2.41481456572267106E-1,5.00000000000000000E0));
#188=CARTESIAN_POINT('',(1.93706700559595740E-1,2.52443487058618909E-1,2.50000000000000000E0));
#189=CARTESIAN_POINT('',(1.76776695296636921E-1,3.06186217847897235E-1,5.00000000000000000E0));
#190=CARTESIAN_POINT('',(2.23075093809107339E-1,2.93683932495116054E-2,2.50000000000000000E0));
#191=CARTESIAN_POINT('',(2.41481456572267106E-1,6.47047612756301849E-2,5.00000000000000000E0));
#192=(BOUNDED_SURFACE()B_SPLINE_SURFACE(2,1,((#186,#187),(#188,#189),(#190,#191)),.UNSPECIFIED.,.F.,.F.,.F.)B_SPLINE_SURFACE_WITH_KNOTS((3,3),(2,2),(0.00000000000000000E0,1.00000000000000000E0),(0.00000000000000000E0,1.00000000000000000E0),.UNSPECIFIED.)GEOMETRIC_REPRESENTATION_ITEM()RATIONAL_B_SPLINE_SURFACE(((1.00000000000000000E0,1.00000000000000000E0),(7.07106781186547573E-1,7.07106781186547573E-1),(1.00000000000000000E0,1.00000000000000000E0)))REPRESENTATION_ITEM('')SURFACE());
#193=CARTESIAN_POINT('',(6.03703641430667681E-1,1.61761903189075462E-1,5.00000000000000000E0));
#194=CARTESIAN_POINT('',(6.35167178601509619E-1,2.63094859750999222E-1,7.50000000000000000E0));
#195=CARTESIAN_POINT('',(4.41941738241592330E-1,7.65465544619743143E-1,5.00000000000000000E0));
#196=CARTESIAN_POINT('',(3.72072318850510453E-1,8.98262038352508729E-1,7.50000000000000000E0));
#197=CARTESIAN_POINT('',(-1.61761903189075434E-1,6.03703641430667681E-1,5.00000000000000000E0));
#198=CARTESIAN_POINT('',(-2.63094859750999166E-1,6.35167178601509619E-1,7.50000000000000000E0));
#199=(BOUNDED_SURFACE()B_SPLINE_SURFACE(2,1,((#193,#194),(#195,#196),(#197,#198)),.UNSPECIFIED.,.F.,.F.,.F.)B_SPLINE_SURFACE_WITH_KNOTS((3,3),(2,2),(0.00000000000000000E0,1.00000000000000000E0),(0.00000000000000000E0,1.00000000000000000E0),.UNSPECIFIED.)GEOMETRIC_REPRESENTATION_ITEM()RATIONAL_B_SPLINE_SURFACE(((1.00000000000000000E0,1.00000000000000000E0),(7.07106781186547573E-1,7.07106781186547573E-1),(1.00000000000000000E0,1.00000000000000000E0)))REPRESENTATION_ITEM('')SURFACE());
#200=CARTESIAN_POINT('',(-1.61761903189075434E-1,6.03703641430667681E-1,5.00000000000000000E0));
#201=CARTESIAN_POINT('',(-2.63094859750999166E-1,6.35167178601509619E-1,7.50000000000000000E0));
#202=CARTESIAN_POINT('',(-7.65465544619743143E-1,4.41941738241592330E-1,5.00000000000000000E0));
#203=CARTESIAN_POINT('',(-8.98262038352508729E-1,3.72072318850510453E-1,7.50000000000000000E0));
#204=CARTESIAN_POINT('',(-6.03703641430667681E-1,-1.61761903189075407E-1,5.00000000000000000E0));
#205=CARTESIAN_POINT('',(-6.35167178601509619E-1,-2.63094859750999166E-1,7.50000000000000000E0));
#206=(BOUNDED_SURFACE()B_SPLINE_SURFACE(2,1,((#200,#201),(#202,#203),(#204,#205)),.UNSPECIFIED.,.F.,.F.,.F.)B_SPLINE_SURFACE_WITH_KNOTS((3,3),(2,2),(0.00000000000000000E0,1.00000000000000000E0),(0.00000000000000000E0,1.00000000000000000E0),.UNSPECIFIED.)GEOMETRIC_REPRESENTATION_ITEM()RATIONAL_B_SPLINE_SURFACE(((1.00000000000000000E0,1.00000000000000000E0),(7.07106781186547573E-1,7.07106781186547573E-1),(1.00000000000000000E0,1.00000000000000000E0)))REPRESENTATION_ITEM('')SURFACE());
#207=CARTESIAN_POINT('',(-6.03703641430667681E-1,-1.61761903189075407E-1,5.00000000000000000E0));
#208=CARTESIAN_POINT('',(-6.35167178601509619E-1,-2.63094859750999166E-1,7.50000000000000000E0));
#209=CARTESIAN_POINT('',(-4.41941738241592441E-1,-7.65465544619743143E-1,5.00000000000000000E0));
#210=CARTESIAN_POINT('',(-3.72072318850510619E-1,-8.98262038352508840E-1,7.50000000000000000E0));
#211=CARTESIAN_POINT('',(1.61761903189075351E-1,-6.03703641430667681E-1,5.00000000000000000E0));
#212=CARTESIAN_POINT('',(2.63094859750999110E-1,-6.35167178601509730E-1,7.50000000000000000E0));
#213=(BOUNDED_SURFACE()B_SPLINE_SURFACE(2,1,((#207,#208),(#209,#210),(#211,#212)),.UNSPECIFIED.,.F.,.F.,.F.)B_SPLINE_SURFACE_WITH_KNOTS((3,3),(2,2),(0.00000000000000000E0,1.00000000000000000E0),(0.00000000000000000E0,1.00000000000000000E0),.UNSPECIFIED.)GEOMETRIC_REPRESENTATION_ITEM()RATIONAL_B_SPLINE_SURFACE(((1.00000000000000000E0,1.00000000000000000E0),(7.07106781186547573E-1,7.07106781186547573E-1),(1.00000000000000000E0,1.00000000000000000E0)))REPRESENTATION_ITEM('')SURFACE());
#214=CARTESIAN_POINT('',(1.61761903189075351E-1,-6.03703641430667681E-1,5.00000000000000000E0));
#215=CARTESIAN_POINT('',(2.63094859750999110E-1,-6.35167178601509730E-1,7.50000000000000000E0));
#216=CARTESIAN_POINT('',(7.65465544619742921E-1,-4.41941738241592441E-1,5.00000000000000000E0));
#217=CARTESIAN_POINT('',(8.98262038352508729E-1,-3.72072318850510675E-1,7.50000000000000000E0));
#218=CARTESIAN_POINT('',(6.03703641430667681E-1,1.61761903189075462E-1,5.00000000000000000E0));
#219=CARTESIAN_POINT('',(6.35167178601509619E-1,2.63094859750999222E-1,7.50000000000000000E0));
#220=(BOUNDED_SURFACE()B_SPLINE_SURFACE(2,1,((#214,#215),(#216,#217),(#218,#219)),.UNSPECIFIED.,.F.,.F.,.F.)B_SPLINE_SURFACE_WITH_KNOTS((3,3),(2,2),(0.00000000000000000E0,1.00000000000000000E0),(0.00000000000000000E0,1.00000000000000000E0),.UNSPECIFIED.)GEOMETRIC_REPRESENTATION_ITEM()RATIONAL_B_SPLINE_SURFACE(((1.00000000000000000E0,1.00000000000000000E0),(7.07106781186547573E-1,7.07106781186547573E-1),(1.00000000000000000E0,1.00000000000000000E0)))REPRESENTATION_ITEM('')SURFACE());
#221=CARTESIAN_POINT('',(2.41481456572267106E-1,6.47047612756301849E-2,5.00000000000000000E0));
#222=CARTESIAN_POINT('',(2.54066871440603859E-1,1.05237943900399700E-1,7.50000000000000000E0));
#223=CARTESIAN_POINT('',(3.06186217847897235E-1,-1.76776695296636949E-1,5.00000000000000000E0));
#224=CARTESIAN_POINT('',(3.59304815341003503E-1,-1.48828927540204214E-1,7.50000000000000000E0));
#225=CARTESIAN_POINT('',(6.47047612756301432E-2,-2.41481456572267106E-1,5.00000000000000000E0));
#226=CARTESIAN_POINT('',(1.05237943900399658E-1,-2.54066871440603914E-1,7.50000000000000000E0));
#227=(BOUNDED_SURFACE()B_SPLINE_SURFACE(2,1,((#221,#222),(#223,#224),(#225,#226)),.UNSPECIFIED.,.F.,.F.,.F.)B_SPLINE_SURFACE_WITH_KNOTS((3,3),(2,2),(0.00000000000000000E0,1.00000000000000000E0),(0.00000000000000000E0,1.00000000000000000E0),.UNSPECIFIED.)GEOMETRIC_REPRESENTATION_ITEM()RATIONAL_B_SPLINE_SURFACE(((1.00000000000000000E0,1.00000000000000000E0),(7.07106781186547573E-1,7.07106781186547573E-1),(1.00000000000000000E0,1.00000000000000000E0)))REPRESENTATION_ITEM('')SURFACE());
#228=CARTESIAN_POINT('',(6.47047612756301432E-2,-2.41481456572267106E-1,5.00000000000000000E0));
#229=CARTESIAN_POINT('',(1.05237943900399658E-1,-2.54066871440603914E-1,7.50000000000000000E0));
#230=CARTESIAN_POINT('',(-1.76776695296636921E-1,-3.06186217847897235E-1,5.00000000000000000E0));
#231=CARTESIAN_POINT('',(-1.48828927540204187E-1,-3.59304815341003558E-1,7.50000000000000000E0));
#232=CARTESIAN_POINT('',(-2.41481456572267106E-1,-6.47047612756301571E-2,5.00000000000000000E0));
#233=CARTESIAN_POINT('',(-2.54066871440603859E-1,-1.05237943900399658E-1,7.50000000000000000E0));
#234=(BOUNDED_SURFACE()B_SPLINE_SURFACE(2,1,((#228,#229),(#230,#231),(#232,#233)),.UNSPECIFIED.,.F.,.F.,.F.)B_SPLINE_SURFACE_WITH_KNOTS((3,3),(2,2),(0.00000000000000000E0,1.00000000000000000E0),(0.00000000000000000E0,1.00000000000000000E0),.UNSPECIFIED.)GEOMETRIC_REPRESENTATION_ITEM()RATIONAL_B_SPLINE_SURFACE(((1.00000000000000000E0,1.00000000000000000E0),(7.07106781186547573E-1,7.07106781186547573E-1),(1.00000000000000000E0,1.00000000000000000E0)))REPRESENTATION_ITEM('')SURFACE());
#235=CARTESIAN_POINT('',(-2.41481456572267106E-1,-6.47047612756301571E-2,5.00000000000000000E0));
#236=CARTESIAN_POINT('',(-2.54066871440603859E-1,-1.05237943900399658E-1,7.50000000000000000E0));
#237=CARTESIAN_POINT('',(-3.06186217847897235E-1,1.76776695296636921E-1,5.00000000000000000E0));
#238=CARTESIAN_POINT('',(-3.59304815341003558E-1,1.48828927540204187E-1,7.50000000000000000E0));
#239=CARTESIAN_POINT('',(-6.47047612756301710E-2,2.41481456572267106E-1,5.00000000000000000E0));
#240=CARTESIAN_POINT('',(-1.05237943900399686E-1,2.54066871440603859E-1,7.50000000000000000E0));
#241=(BOUNDED_SURFACE()B_SPLINE_SURFACE(2,1,((#235,#236),(#237,#238),(#239,#240)),.UNSPECIFIED.,.F.,.F.,.F.)B_SPLINE_SURFACE_WITH_KNOTS((3,3),(2,2),(0.00000000000000000E0,1.00000000000000000E0),(0.00000000000000000E0,1.00000000000000000E0),.UNSPECIFIED.)GEOMETRIC_REPRESENTATION_ITEM()RATIONAL_B_SPLINE_SURFACE(((1.00000000000000000E0,1.00000000000000000E0),(7.07106781186547573E-1,7.07106781186547573E-1),(1.00000000000000000E0,1.00000000000000000E0)))REPRESENTATION_ITEM('')SURFACE());
#242=CARTESIAN_POINT('',(-6.47047612756301710E-2,2.41481456572267106E-1,5.00000000000000000E0));
#243=CARTESIAN_POINT('',(-1.05237943900399686E-1,2.54066871440603859E-1,7.50000000000000000E0));
#244=CARTESIAN_POINT('',(1.76776695296636921E-1,3.06186217847897235E-1,5.00000000000000000E0));
#245=CARTESIAN_POINT('',(1.48828927540204187E-1,3.59304815341003558E-1,7.50000000000000000E0));
#246=CARTESIAN_POINT('',(2.41481456572267106E-1,6.47047612756301849E-2,5.00000000000000000E0));
#247=CARTESIAN_POINT('',(2.54066871440603859E-1,1.05237943900399700E-1,7.50000000000000000E0));
#248=(BOUNDED_SURFACE()B_SPLINE_SURFACE(2,1,((#242,#243),(#244,#245),(#246,#247)),.UNSPECIFIED.,.F.,.F.,.F.)B_SPLINE_SURFACE_WITH_KNOTS((3,3),(2,2),(0.00000000000000000E0,1.00000000000000000E0),(0.00000000000000000E0,1.00000000000000000E0),.UNSPECIFIED.)GEOMETRIC_REPRESENTATION_ITEM()RATIONAL_B_SPLINE_SURFACE(((1.00000000000000000E0,1.00000000000000000E0),(7.07106781186547573E-1,7.07106781186547573E-1),(1.00000000000000000E0,1.00000000000000000E0)))REPRESENTATION_ITEM('')SURFACE());
#249=CARTESIAN_POINT('',(6.35167178601509619E-1,2.63094859750999222E-1,7.50000000000000000E0));
#250=CARTESIAN_POINT('',(6.49519052838329003E-1,3.74999999999999944E-1,1.00000000000000000E1));
#251=CARTESIAN_POINT('',(3.72072318850510453E-1,8.98262038352508729E-1,7.50000000000000000E0));
#252=CARTESIAN_POINT('',(2.74519052838329114E-1,1.02451905283832900E0,1.00000000000000000E1));
#253=CARTESIAN_POINT('',(-2.63094859750999166E-1,6.35167178601509619E-1,7.50000000000000000E0));
#254=CARTESIAN_POINT('',(-3.74999999999999889E-1,6.49519052838329003E-1,1.00000000000000000E1));
#255=(BOUNDED_SURFACE()B_SPLINE_SURFACE(2,1,((#249,#250),(#251,#252),(#253,#254)),.UNSPECIFIED.,.F.,.F.,.F.)B_SPLINE_SURFACE_WITH_KNOTS((3,3),(2,2),(0.00000000000000000E0,1.00000000000000000E0),(0.00000000000000000E0,1.00000000000000000E0),.UNSPECIFIED.)GEOMETRIC_REPRESENTATION_ITEM()RATIONAL_B_SPLINE_SURFACE(((1.00000000000000000E0,1.00000000000000000E0),(7.07106781186547573E-1,7.07106781186547573E-1),(1.00000000000000000E0,1.00000000000000000E0)))REPRESENTATION_ITEM('')SURFACE());
#256=CARTESIAN_POINT('',(-2.63094859750999166E-1,6.35167178601509619E-1,7.50000000000000000E0));
#257=CARTESIAN_POINT('',(-3.74999999999999889E-1,6.49519052838329003E-1,1.00000000000000000E1));
#258=CARTESIAN_POINT('',(-8.98262038352508729E-1,3.72072318850510453E-1,7.50000000000000000E0));
#259=CARTESIAN_POINT('',(-1.02451905283832900E0,2.74519052838329114E-1,1.00000000000000000E1));
#260=CARTESIAN_POINT('',(-6.35167178601509619E-1,-2.63094859750999166E-1,7.50000000000000000E0));
#261=CARTESIAN_POINT('',(-6.49519052838329114E-1,-3.74999999999999889E-1,1.00000000000000000E1));
#262=(BOUNDED_SURFACE()B_SPLINE_SURFACE(2,1,((#256,#257),(#258,#259),(#260,#261)),.UNSPECIFIED.,.F.,.F.,.F.)B_SPLINE_SURFACE_WITH_KNOTS((3,3),(2,2),(0.00000000000000000E0,1.00000000000000000E0),(0.00000000000000000E0,1.00000000000000000E0),.UNSPECIFIED.)GEOMETRIC_REPRESENTATION_ITEM()RATIONAL_B_SPLINE_SURFACE(((1.00000000000000000E0,1.00000000000000000E0),(7.07106781186547573E-1,7.07106781186547573E-1),(1.00000000000000000E0,1.00000000000000000E0)))REPRESENTATION_ITEM('')SURFACE());
#263=CARTESIAN_POINT('',(-6.35167178601509619E-1,-2.63094859750999166E-1,7.50000000000000000E0));
#264=CARTESIAN_POINT('',(-6.49519052838329114E-1,-3.74999999999999889E-1,1.00000000000000000E1));
#265=CARTESIAN_POINT('',(-3.72072318850510619E-1,-8.98262038352508840E-1,7.50000000000000000E0));
#266=CARTESIAN_POINT('',(-2.74519052838329281E-1,-1.02451905283832900E0,1.00000000000000000E1));
#267=CARTESIAN_POINT('',(2.63094859750999110E-1,-6.35167178601509730E-1,7.50000000000000000E0));
#268=CARTESIAN_POINT('',(3.74999999999999833E-1,-6.49519052838329114E-1,1.00000000000000000E1));
#269=(BOUNDED_SURFACE()B_SPLINE_SURFACE(2,1,((#263,#264),(#265,#266),(#267,#268)),.UNSPECIFIED.,.F.,.F.,.F.)B_SPLINE_SURFACE_WITH_KNOTS((3,3),(2,2),(0.00000000000000000E0,1.00000000000000000E0),(0.00000000000000000E0,1.00000000000000000E0),.UNSPECIFIED.)GEOMETRIC_REPRESENTATION_ITEM()RATIONAL_B_SPLINE_SURFACE(((1.00000000000000000E0,1.00000000000000000E0),(7.07106781186547573E-1,7.07106781186547573E-1),(1.00000000000000000E0,1.00000000000000000E0)))REPRESENTATION_ITEM('')SURFACE());
#270=CARTESIAN_POINT('',(2.63094859750999110E-1,-6.35167178601509730E-1,7.50000000000000000E0));
#271=CARTESIAN_POINT('',(3.74999999999999833E-1,-6.49519052838329114E-1,1.00000000000000000E1));
#272=CARTESIAN_POINT('',(8.98262038352508729E-1,-3.72072318850510675E-1,7.50000000000000000E0));
#273=CARTESIAN_POINT('',(1.02451905283832878E0,-2.74519052838329336E-1,1.00000000000000000E1));
#274=CARTESIAN_POINT('',(6.35167178601509619E-1,2.63094859750999222E-1,7.50000000000000000E0));
#275=CARTESIAN_POINT('',(6.49519052838329003E-1,3.74999999999999944E-1,1.00000000000000000E1));
#276=(BOUNDED_SURFACE()B_SPLINE_SURFACE(2,1,((#270,#271),(#272,#273),(#274,#275)),.UNSPECIFIED.,.F.,.F.,.F.)B_SPLINE_SURFACE_WITH_KNOTS((3,3),(2,2),(0.00000000000000000E0,1.00000000000000000E0),(0.00000000000000000E0,1.00000000000000000E0),.UNSPECIFIED.)GEOMETRIC_REPRESENTATION_ITEM()RATIONAL_B_SPLINE_SURFACE(((1.00000000000000000E0,1.00000000000000000E0),(7.07106781186547573E-1,7.07106781186547573E-1),(1.00000000000000000E0,1.00000000000000000E0)))REPRESENTATION_ITEM('')SURFACE());
#277=CARTESIAN_POINT('',(2.54066871440603859E-1,1.05237943900399700E-1,7.50000000000000000E0));
#278=CARTESIAN_POINT('',(2.59807621135331623E-1,1.49999999999999994E-1,1.00000000000000000E1));
#279=CARTESIAN_POINT('',(3.59304815341003503E-1,-1.48828927540204214E-1,7.50000000000000000E0));
#280=CARTESIAN_POINT('',(4.09807621135331535E-1,-1.09807621135331684E-1,1.00000000000000000E1));
#281=CARTESIAN_POINT('',(1.05237943900399658E-1,-2.54066871440603914E-1,7.50000000000000000E0));
#282=CARTESIAN_POINT('',(1.49999999999999939E-1,-2.59807621135331679E-1,1.00000000000000000E1));
#283=(BOUNDED_SURFACE()B_SPLINE_SURFACE(2,1,((#277,#278),(#279,#280),(#281,#282)),.UNSPECIFIED.,.F.,.F.,.F.)B_SPLINE_SURFACE_WITH_KNOTS((3,3),(2,2),(0.00000000000000000E0,1.00000000000000000E0),(0.00000000000000000E0,1.00000000000000000E0),.UNSPECIFIED.)GEOMETRIC_REPRESENTATION_ITEM()RATIONAL_B_SPLINE_SURFACE(((1.00000000000000000E0,1.00000000000000000E0),(7.07106781186547573E-1,7.07106781186547573E-1),(1.00000000000000000E0,1.00000000000000000E0)))REPRESENTATION_ITEM('')SURFACE());
#284=CARTESIAN_POINT('',(1.05237943900399658E-1,-2.54066871440603914E-1,7.50000000000000000E0));
#285=CARTESIAN_POINT('',(1.49999999999999939E-1,-2.59807621135331679E-1,1.00000000000000000E1));
#286=CARTESIAN_POINT('',(-1.48828927540204187E-1,-3.59304815341003558E-1,7.50000000000000000E0));
#287=CARTESIAN_POINT('',(-1.09807621135331671E-1,-4.09807621135331535E-1,1.00000000000000000E1));
#288=CARTESIAN_POINT('',(-2.54066871440603859E-1,-1.05237943900399658E-1,7.50000000000000000E0));
#289=CARTESIAN_POINT('',(-2.59807621135331623E-1,-1.49999999999999939E-1,1.00000000000000000E1));
#290=(BOUNDED_SURFACE()B_SPLINE_SURFACE(2,1,((#284,#285),(#286,#287),(#288,#289)),.UNSPECIFIED.,.F.,.F.,.F.)B_SPLINE_SURFACE_WITH_KNOTS((3,3),(2,2),(0.00000000000000000E0,1.00000000000000000E0),(0.00000000000000000E0,1.00000000000000000E0),.UNSPECIFIED.)GEOMETRIC_REPRESENTATION_ITEM()RATIONAL_B_SPLINE_SURFACE(((1.00000000000000000E0,1.00000000000000000E0),(7.07106781186547573E-1,7.07106781186547573E-1),(1.00000000000000000E0,1.00000000000000000E0)))REPRESENTATION_ITEM('')SURFACE());
#291=CARTESIAN_POINT('',(-2.54066871440603859E-1,-1.05237943900399658E-1,7.50000000000000000E0));
#292=CARTESIAN_POINT('',(-2.59807621135331623E-1,-1.49999999999999939E-1,1.00000000000000000E1));
#293=CARTESIAN_POINT('',(-3.59304815341003558E-1,1.48828927540204187E-1,7.50000000000000000E0));
#294=CARTESIAN_POINT('',(-4.09807621135331535E-1,1.09807621135331671E-1,1.00000000000000000E1));
#295=CARTESIAN_POINT('',(-1.05237943900399686E-1,2.54066871440603859E-1,7.50000000000000000E0));
#296=CARTESIAN_POINT('',(-1.49999999999999967E-1,2.59807621135331623E-1,1.00000000000000000E1));
#297=(BOUNDED_SURFACE()B_SPLINE_SURFACE(2,1,((#291,#292),(#293,#294),(#295,#296)),.UNSPECIFIED.,.F.,.F.,.F.)B_SPLINE_SURFACE_WITH_KNOTS((3,3),(2,2),(0.00000000000000000E0,1.00000000000000000E0),(0.00000000000000000E0,1.00000000000000000E0),.UNSPECIFIED.)GEOMETRIC_REPRESENTATION_ITEM()RATIONAL_B_SPLINE_SURFACE(((1.00000000000000000E0,1.00000000000000000E0),(7.07106781186547573E-1,7.07106781186547573E-1),(1.00000000000000000E0,1.00000000000000000E0)))REPRESENTATION_ITEM('')SURFACE());
#298=CARTESIAN_POINT('',(-1.05237943900399686E-1,2.54066871440603859E-1,7.50000000000000000E0));
#299=CARTESIAN_POINT('',(-1.49999999999999967E-1,2.59807621135331623E-1,1.00000000000000000E1));
#300=CARTESIAN_POINT('',(1.48828927540204187E-1,3.59304815341003558E-1,7.50000000000000000E0));
#301=CARTESIAN_POINT('',(1.09807621135331671E-1,4.09807621135331535E-1,1.00000000000000000E1));
#302=CARTESIAN_POINT('',(2.54066871440603859E-1,1.05237943900399700E-1,7.50000000000000000E0));
#303=CARTESIAN_POINT('',(2.59807621135331623E-1,1.49999999999999994E-1,1.00000000000000000E1));
#304=(BOUNDED_SURFACE()B_SPLINE_SURFACE(2,1,((#298,#299),(#300,#301),(#302,#303)),.UNSPECIFIED.,.F.,.F.,.F.)B_SPLINE_SURFACE_WITH_KNOTS((3,3),(2,2),(0.00000000000000000E0,1.00000000000000000E0),(0.00000000000000000E0,1.00000000000000000E0),.UNSPECIFIED.)GEOMETRIC_REPRESENTATION_ITEM()RATIONAL_B_SPLINE_SURFACE(((1.00000000000000000E0,1.00000000000000000E0),(7.07106781186547573E-1,7.07106781186547573E-1),(1.00000000000000000E0,1.00000000000000000E0)))REPRESENTATION_ITEM('')SURFACE());
#305=CARTESIAN_POINT('',(5.00000000000000000E-1,-5.00000000000000111E-1,0.00000000000000000E0));
#306=CARTESIAN_POINT('',(5.00000000000000000E-1,5.00000000000000000E-1,0.00000000000000000E0));
#307=CARTESIAN_POINT('',(-5.00000000000000111E-1,-5.00000000000000111E-1,0.00000000000000000E0));
#308=CARTESIAN_POINT('',(-5.00000000000000111E-1,5.00000000000000000E-1,0.00000000000000000E0));
#309=B_SPLINE_SURFACE_WITH_KNOTS('',1,1,((#305,#306),(#307,#308)),.UNSPECIFIED.,.F.,.F.,.F.,(2,2),(2,2),(-5.00000000000000111E-1,5.00000000000000000E-1),(-5.00000000000000111E-1,5.00000000000000000E-1),.UNSPECIFIED.);
#310=CARTESIAN_POINT('',(-1.02451905283832900E0,-1.02451905283832900E0,1.00000000000000000E1));
#311=CARTESIAN_POINT('',(-1.02451905283832900E0,1.02451905283832900E0,1.00000000000000000E1));
#312=CARTESIAN_POINT('',(1.02451905283832878E0,-1.02451905283832900E0,1.00000000000000000E1));
#313=CARTESIAN_POINT('',(1.02451905283832878E0,1.02451905283832900E0,1.00000000000000000E1));
#314=B_SPLINE_SURFACE_WITH_KNOTS('',1,1,((#310,#311),(#312,#313)),.UNSPECIFIED.,.F.,.F.,.F.,(2,2),(2,2),(-1.02451905283832900E0,1.02451905283832878E0),(-1.02451905283832900E0,1.02451905283832900E0),.UNSPECIFIED.);
#315=CARTESIAN_POINT('',(5.00000000000000000E-1,0.00000000000000000E0,0.00000000000000000E0));
#316=CARTESIAN_POINT('',(5.00000000000000000E-1,4.99999999999999944E-1,0.00000000000000000E0));
#317=CARTESIAN_POINT('',(3.06161699786838302E-17,5.00000000000000000E-1,0.00000000000000000E0));
#318=(BOUNDED_CURVE()B_SPLINE_CURVE(2,(#315,#316,#317),.UNSPECIFIED.,.F.,.F.)B_SPLINE_CURVE_WITH_KNOTS((3,3),(0.00000000000000000E0,1.00000000000000000E0),.UNSPECIFIED.)CURVE()GEOMETRIC_REPRESENTATION_ITEM()RATIONAL_B_SPLINE_CURVE((1.00000000000000000E0,7.07106781186547573E-1,1.00000000000000000E0))REPRESENTATION_ITEM(''));
#319=CARTESIAN_POINT('',(5.55111512312578270E-17,5.00000000000000000E-1,0.00000000000000000E0));
#320=CARTESIAN_POINT('',(-7.34209831237789823E-2,5.57687734522768319E-1,2.50000000000000000E0));
#321=B_SPLINE_CURVE_WITH_KNOTS('',1,(#319,#320),.UNSPECIFIED.,.F.,.F.,(2,2),(0.00000000000000000E0,1.00000000000000000E0),.UNSPECIFIED.);
#322=CARTESIAN_POINT('',(5.57687734522768319E-1,7.34209831237790100E-2,2.50000000000000000E0));
#323=CARTESIAN_POINT('',(4.84266751398989337E-1,6.31108717646547301E-1,2.50000000000000000E0));
#324=CARTESIAN_POINT('',(-7.34209831237789823E-2,5.57687734522768319E-1,2.50000000000000000E0));
#325=(BOUNDED_CURVE()B_SPLINE_CURVE(2,(#322,#323,#324),.UNSPECIFIED.,.F.,.F.)B_SPLINE_CURVE_WITH_KNOTS((3,3),(0.00000000000000000E0,1.00000000000000000E0),.UNSPECIFIED.)CURVE()GEOMETRIC_REPRESENTATION_ITEM()RATIONAL_B_SPLINE_CURVE((1.00000000000000000E0,7.07106781186547573E-1,1.00000000000000000E0))REPRESENTATION_ITEM(''));
#326=CARTESIAN_POINT('',(5.00000000000000000E-1,0.00000000000000000E0,0.00000000000000000E0));
#327=CARTESIAN_POINT('',(5.57687734522768319E-1,7.34209831237790100E-2,2.50000000000000000E0));
#328=B_SPLINE_CURVE_WITH_KNOTS('',1,(#326,#327),.UNSPECIFIED.,.F.,.F.,(2,2),(0.00000000000000000E0,1.00000000000000000E0),.UNSPECIFIED.);
#329=CARTESIAN_POINT('',(3.06161699786838302E-17,5.00000000000000000E-1,0.00000000000000000E0));
#330=CARTESIAN_POINT('',(-4.99999999999999944E-1,5.00000000000000000E-1,0.00000000000000000E0));
#331=CARTESIAN_POINT('',(-5.00000000000000000E-1,6.12323399573676604E-17,0.00000000000000000E0));
#332=(BOUNDED_CURVE()B_SPLINE_CURVE(2,(#329,#330,#331),.UNSPECIFIED.,.F.,.F.)B_SPLINE_CURVE_WITH_KNOTS((3,3),(0.00000000000000000E0,1.00000000000000000E0),.UNSPECIFIED.)CURVE()GEOMETRIC_REPRESENTATION_ITEM()RATIONAL_B_SPLINE_CURVE((1.00000000000000000E0,7.07106781186547573E-1,1.00000000000000000E0))REPRESENTATION_ITEM(''));
#333=CARTESIAN_POINT('',(-4.99999999999999944E-1,5.55111512312578270E-17,0.00000000000000000E0));
#334=CARTESIAN_POINT('',(-5.57687734522768319E-1,-7.34209831237789823E-2,2.50000000000000000E0));
#335=B_SPLINE_CURVE_WITH_KNOTS('',1,(#333,#334),.UNSPECIFIED.,.F.,.F.,(2,2),(0.00000000000000000E0,1.00000000000000000E0),.UNSPECIFIED.);
#336=CARTESIAN_POINT('',(-7.34209831237789823E-2,5.57687734522768319E-1,2.50000000000000000E0));
#337=CARTESIAN_POINT('',(-6.31108717646547301E-1,4.84266751398989337E-1,2.50000000000000000E0));
#338=CARTESIAN_POINT('',(-5.57687734522768319E-1,-7.34209831237789545E-2,2.50000000000000000E0));
#339=(BOUNDED_CURVE()B_SPLINE_CURVE(2,(#336,#337,#338),.UNSPECIFIED.,.F.,.F.)B_SPLINE_CURVE_WITH_KNOTS((3,3),(0.00000000000000000E0,1.00000000000000000E0),.UNSPECIFIED.)CURVE()GEOMETRIC_REPRESENTATION_ITEM()RATIONAL_B_SPLINE_CURVE((1.00000000000000000E0,7.07106781186547573E-1,1.00000000000000000E0))REPRESENTATION_ITEM(''));
#340=CARTESIAN_POINT('',(-5.00000000000000000E-1,6.12323399573676604E-17,0.00000000000000000E0));
#341=CARTESIAN_POINT('',(-5.00000000000000111E-1,-4.99999999999999944E-1,0.00000000000000000E0));
#342=CARTESIAN_POINT('',(-9.18485099360514844E-17,-5.00000000000000000E-1,0.00000000000000000E0));
#343=(BOUNDED_CURVE()B_SPLINE_CURVE(2,(#340,#341,#342),.UNSPECIFIED.,.F.,.F.)B_SPLINE_CURVE_WITH_KNOTS((3,3),(0.00000000000000000E0,1.00000000000000000E0),.UNSPECIFIED.)CURVE()GEOMETRIC_REPRESENTATION_ITEM()RATIONAL_B_SPLINE_CURVE((1.00000000000000000E0,7.07106781186547573E-1,1.00000000000000000E0))REPRESENTATION_ITEM(''));
#344=CARTESIAN_POINT('',(-1.11022302462515654E-16,-5.00000000000000000E-1,0.00000000000000000E0));
#345=CARTESIAN_POINT('',(7.34209831237788713E-2,-5.57687734522768319E-1,2.50000000000000000E0));
#346=B_SPLINE_CURVE_WITH_KNOTS('',1,(#344,#345),.UNSPECIFIED.,.F.,.F.,(2,2),(0.00000000000000000E0,1.00000000000000000E0),.UNSPECIFIED.);
#347=CARTESIAN_POINT('',(-5.57687734522768319E-1,-7.34209831237789545E-2,2.50000000000000000E0));
#348=CARTESIAN_POINT('',(-4.84266751398989448E-1,-6.31108717646547301E-1,2.50000000000000000E0));
#349=CARTESIAN_POINT('',(7.34209831237788990E-2,-5.57687734522768319E-1,2.50000000000000000E0));
#350=(BOUNDED_CURVE()B_SPLINE_CURVE(2,(#347,#348,#349),.UNSPECIFIED.,.F.,.F.)B_SPLINE_CURVE_WITH_KNOTS((3,3),(0.00000000000000000E0,1.00000000000000000E0),.UNSPECIFIED.)CURVE()GEOMETRIC_REPRESENTATION_ITEM()RATIONAL_B_SPLINE_CURVE((1.00000000000000000E0,7.07106781186547573E-1,1.00000000000000000E0))REPRESENTATION_ITEM(''));
#351=CARTESIAN_POINT('',(5.00000000000000000E-1,0.00000000000000000E0,0.00000000000000000E0));
#352=CARTESIAN_POINT('',(4.99999999999999833E-1,-5.00000000000000111E-1,0.00000000000000000E0));
#353=CARTESIAN_POINT('',(-9.18485099360514844E-17,-5.00000000000000000E-1,0.00000000000000000E0));
#354=(BOUNDED_CURVE()B_SPLINE_CURVE(2,(#351,#352,#353),.UNSPECIFIED.,.F.,.F.)B_SPLINE_CURVE_WITH_KNOTS((3,3),(0.00000000000000000E0,1.00000000000000000E0),.UNSPECIFIED.)CURVE()GEOMETRIC_REPRESENTATION_ITEM()RATIONAL_B_SPLINE_CURVE((1.00000000000000000E0,7.07106781186547573E-1,1.00000000000000000E0))REPRESENTATION_ITEM(''));
#355=CARTESIAN_POINT('',(5.57687734522768319E-1,7.34209831237790100E-2,2.50000000000000000E0));
#356=CARTESIAN_POINT('',(6.31108717646547190E-1,-4.84266751398989503E-1,2.50000000000000000E0));
#357=CARTESIAN_POINT('',(7.34209831237788990E-2,-5.57687734522768319E-1,2.50000000000000000E0));
#358=(BOUNDED_CURVE()B_SPLINE_CURVE(2,(#355,#356,#357),.UNSPECIFIED.,.F.,.F.)B_SPLINE_CURVE_WITH_KNOTS((3,3),(0.00000000000000000E0,1.00000000000000000E0),.UNSPECIFIED.)CURVE()GEOMETRIC_REPRESENTATION_ITEM()RATIONAL_B_SPLINE_CURVE((1.00000000000000000E0,7.07106781186547573E-1,1.00000000000000000E0))REPRESENTATION_ITEM(''));
#359=CARTESIAN_POINT('',(2.00000000000000011E-1,0.00000000000000000E0,0.00000000000000000E0));
#360=CARTESIAN_POINT('',(1.99999999999999956E-1,-2.00000000000000011E-1,0.00000000000000000E0));
#361=CARTESIAN_POINT('',(-3.67394039744205950E-17,-2.00000000000000011E-1,0.00000000000000000E0));
#362=(BOUNDED_CURVE()B_SPLINE_CURVE(2,(#359,#360,#361),.UNSPECIFIED.,.F.,.F.)B_SPLINE_CURVE_WITH_KNOTS((3,3),(0.00000000000000000E0,1.00000000000000000E0),.UNSPECIFIED.)CURVE()GEOMETRIC_REPRESENTATION_ITEM()RATIONAL_B_SPLINE_CURVE((1.00000000000000000E0,7.07106781186547573E-1,1.00000000000000000E0))REPRESENTATION_ITEM(''));
#363=CARTESIAN_POINT('',(-2.77555756156289135E-17,-2.00000000000000011E-1,0.00000000000000000E0));
#364=CARTESIAN_POINT('',(2.93683932495115707E-2,-2.23075093809107367E-1,2.50000000000000000E0));
#365=B_SPLINE_CURVE_WITH_KNOTS('',1,(#363,#364),.UNSPECIFIED.,.F.,.F.,(2,2),(0.00000000000000000E0,1.00000000000000000E0),.UNSPECIFIED.);
#366=CARTESIAN_POINT('',(2.23075093809107339E-1,2.93683932495116054E-2,2.50000000000000000E0));
#367=CARTESIAN_POINT('',(2.52443487058618909E-1,-1.93706700559595740E-1,2.50000000000000000E0));
#368=CARTESIAN_POINT('',(2.93683932495115672E-2,-2.23075093809107339E-1,2.50000000000000000E0));
#369=(BOUNDED_CURVE()B_SPLINE_CURVE(2,(#366,#367,#368),.UNSPECIFIED.,.F.,.F.)B_SPLINE_CURVE_WITH_KNOTS((3,3),(0.00000000000000000E0,1.00000000000000000E0),.UNSPECIFIED.)CURVE()GEOMETRIC_REPRESENTATION_ITEM()RATIONAL_B_SPLINE_CURVE((1.00000000000000000E0,7.07106781186547573E-1,1.00000000000000000E0))REPRESENTATION_ITEM(''));
#370=CARTESIAN_POINT('',(2.00000000000000011E-1,0.00000000000000000E0,0.00000000000000000E0));
#371=CARTESIAN_POINT('',(2.23075093809107339E-1,2.93683932495116054E-2,2.50000000000000000E0));
#372=B_SPLINE_CURVE_WITH_KNOTS('',1,(#370,#371),.UNSPECIFIED.,.F.,.F.,(2,2),(0.00000000000000000E0,1.00000000000000000E0),.UNSPECIFIED.);
#373=CARTESIAN_POINT('',(-3.67394039744205950E-17,-2.00000000000000011E-1,0.00000000000000000E0));
#374=CARTESIAN_POINT('',(-2.00000000000000011E-1,-1.99999999999999983E-1,0.00000000000000000E0));
#375=CARTESIAN_POINT('',(-2.00000000000000011E-1,2.44929359829470654E-17,0.00000000000000000E0));
#376=(BOUNDED_CURVE()B_SPLINE_CURVE(2,(#373,#374,#375),.UNSPECIFIED.,.F.,.F.)B_SPLINE_CURVE_WITH_KNOTS((3,3),(0.00000000000000000E0,1.00000000000000000E0),.UNSPECIFIED.)CURVE()GEOMETRIC_REPRESENTATION_ITEM()RATIONAL_B_SPLINE_CURVE((1.00000000000000000E0,7.07106781186547573E-1,1.00000000000000000E0))REPRESENTATION_ITEM(''));
#377=CARTESIAN_POINT('',(-2.00000000000000011E-1,2.77555756156289135E-17,0.00000000000000000E0));
#378=CARTESIAN_POINT('',(-2.23075093809107339E-1,-2.93683932495115707E-2,2.50000000000000000E0));
#379=B_SPLINE_CURVE_WITH_KNOTS('',1,(#377,#378),.UNSPECIFIED.,.F.,.F.,(2,2),(0.00000000000000000E0,1.00000000000000000E0),.UNSPECIFIED.);
#380=CARTESIAN_POINT('',(2.93683932495115672E-2,-2.23075093809107339E-1,2.50000000000000000E0));
#381=CARTESIAN_POINT('',(-1.93706700559595740E-1,-2.52443487058618909E-1,2.50000000000000000E0));
#382=CARTESIAN_POINT('',(-2.23075093809107339E-1,-2.93683932495115811E-2,2.50000000000000000E0));
#383=(BOUNDED_CURVE()B_SPLINE_CURVE(2,(#380,#381,#382),.UNSPECIFIED.,.F.,.F.)B_SPLINE_CURVE_WITH_KNOTS((3,3),(0.00000000000000000E0,1.00000000000000000E0),.UNSPECIFIED.)CURVE()GEOMETRIC_REPRESENTATION_ITEM()RATIONAL_B_SPLINE_CURVE((1.00000000000000000E0,7.07106781186547573E-1,1.00000000000000000E0))REPRESENTATION_ITEM(''));
#384=CARTESIAN_POINT('',(-2.00000000000000011E-1,2.44929359829470654E-17,0.00000000000000000E0));
#385=CARTESIAN_POINT('',(-1.99999999999999983E-1,2.00000000000000011E-1,0.00000000000000000E0));
#386=CARTESIAN_POINT('',(1.22464679914735327E-17,2.00000000000000011E-1,0.00000000000000000E0));
#387=(BOUNDED_CURVE()B_SPLINE_CURVE(2,(#384,#385,#386),.UNSPECIFIED.,.F.,.F.)B_SPLINE_CURVE_WITH_KNOTS((3,3),(0.00000000000000000E0,1.00000000000000000E0),.UNSPECIFIED.)CURVE()GEOMETRIC_REPRESENTATION_ITEM()RATIONAL_B_SPLINE_CURVE((1.00000000000000000E0,7.07106781186547573E-1,1.00000000000000000E0))REPRESENTATION_ITEM(''));
#388=CARTESIAN_POINT('',(0.00000000000000000E0,2.00000000000000011E-1,0.00000000000000000E0));
#389=CARTESIAN_POINT('',(-2.93683932495115985E-2,2.23075093809107339E-1,2.50000000000000000E0));
#390=B_SPLINE_CURVE_WITH_KNOTS('',1,(#388,#389),.UNSPECIFIED.,.F.,.F.,(2,2),(0.00000000000000000E0,1.00000000000000000E0),.UNSPECIFIED.);
#391=CARTESIAN_POINT('',(-2.23075093809107339E-1,-2.93683932495115811E-2,2.50000000000000000E0));
#392=CARTESIAN_POINT('',(-2.52443487058618909E-1,1.93706700559595740E-1,2.50000000000000000E0));
#393=CARTESIAN_POINT('',(-2.93683932495115950E-2,2.23075093809107339E-1,2.50000000000000000E0));
#394=(BOUNDED_CURVE()B_SPLINE_CURVE(2,(#391,#392,#393),.UNSPECIFIED.,.F.,.F.)B_SPLINE_CURVE_WITH_KNOTS((3,3),(0.00000000000000000E0,1.00000000000000000E0),.UNSPECIFIED.)CURVE()GEOMETRIC_REPRESENTATION_ITEM()RATIONAL_B_SPLINE_CURVE((1.00000000000000000E0,7.07106781186547573E-1,1.00000000000000000E0))REPRESENTATION_ITEM(''));
#395=CARTESIAN_POINT('',(2.00000000000000011E-1,0.00000000000000000E0,0.00000000000000000E0));
#396=CARTESIAN_POINT('',(2.00000000000000011E-1,1.99999999999999983E-1,0.00000000000000000E0));
#397=CARTESIAN_POINT('',(1.22464679914735327E-17,2.00000000000000011E-1,0.00000000000000000E0));
#398=(BOUNDED_CURVE()B_SPLINE_CURVE(2,(#395,#396,#397),.UNSPECIFIED.,.F.,.F.)B_SPLINE_CURVE_WITH_KNOTS((3,3),(0.00000000000000000E0,1.00000000000000000E0),.UNSPECIFIED.)CURVE()GEOMETRIC_REPRESENTATION_ITEM()RATIONAL_B_SPLINE_CURVE((1.00000000000000000E0,7.07106781186547573E-1,1.00000000000000000E0))REPRESENTATION_ITEM(''));
#399=CARTESIAN_POINT('',(2.23075093809107339E-1,2.93683932495116054E-2,2.50000000000000000E0));
#400=CARTESIAN_POINT('',(1.93706700559595740E-1,2.52443487058618909E-1,2.50000000000000000E0));
#401=CARTESIAN_POINT('',(-2.93683932495115950E-2,2.23075093809107339E-1,2.50000000000000000E0));
#402=(BOUNDED_CURVE()B_SPLINE_CURVE(2,(#399,#400,#401),.UNSPECIFIED.,.F.,.F.)B_SPLINE_CURVE_WITH_KNOTS((3,3),(0.00000000000000000E0,1.00000000000000000E0),.UNSPECIFIED.)CURVE()GEOMETRIC_REPRESENTATION_ITEM()RATIONAL_B_SPLINE_CURVE((1.00000000000000000E0,7.07106781186547573E-1,1.00000000000000000E0))REPRESENTATION_ITEM(''));
#403=CARTESIAN_POINT('',(-7.34209831237789823E-2,5.57687734522768319E-1,2.50000000000000000E0));
#404=CARTESIAN_POINT('',(-1.61761903189075462E-1,6.03703641430667681E-1,5.00000000000000000E0));
#405=B_SPLINE_CURVE_WITH_KNOTS('',1,(#403,#404),.UNSPECIFIED.,.F.,.F.,(2,2),(0.00000000000000000E0,1.00000000000000000E0),.UNSPECIFIED.);
#406=CARTESIAN_POINT('',(6.03703641430667681E-1,1.61761903189075462E-1,5.00000000000000000E0));
#407=CARTESIAN_POINT('',(4.41941738241592330E-1,7.65465544619743143E-1,5.00000000000000000E0));
#408=CARTESIAN_POINT('',(-1.61761903189075434E-1,6.03703641430667681E-1,5.00000000000000000E0));
#409=(BOUNDED_CURVE()B_SPLINE_CURVE(2,(#406,#407,#408),.UNSPECIFIED.,.F.,.F.)B_SPLINE_CURVE_WITH_KNOTS((3,3),(0.00000000000000000E0,1.00000000000000000E0),.UNSPECIFIED.)CURVE()GEOMETRIC_REPRESENTATION_ITEM()RATIONAL_B_SPLINE_CURVE((1.00000000000000000E0,7.07106781186547573E-1,1.00000000000000000E0))REPRESENTATION_ITEM(''));
#410=CARTESIAN_POINT('',(5.57687734522768319E-1,7.34209831237790100E-2,2.50000000000000000E0));
#411=CARTESIAN_POINT('',(6.03703641430667681E-1,1.61761903189075462E-1,5.00000000000000000E0));
#412=B_SPLINE_CURVE_WITH_KNOTS('',1,(#410,#411),.UNSPECIFIED.,.F.,.F.,(2,2),(0.00000000000000000E0,1.00000000000000000E0),.UNSPECIFIED.);
#413=CARTESIAN_POINT('',(-5.57687734522768319E-1,-7.34209831237789823E-2,2.50000000000000000E0));
#414=CARTESIAN_POINT('',(-6.03703641430667681E-1,-1.61761903189075462E-1,5.00000000000000000E0));
#415=B_SPLINE_CURVE_WITH_KNOTS('',1,(#413,#414),.UNSPECIFIED.,.F.,.F.,(2,2),(0.00000000000000000E0,1.00000000000000000E0),.UNSPECIFIED.);
#416=CARTESIAN_POINT('',(-1.61761903189075434E-1,6.03703641430667681E-1,5.00000000000000000E0));
#417=CARTESIAN_POINT('',(-7.65465544619743143E-1,4.41941738241592330E-1,5.00000000000000000E0));
#418=CARTESIAN_POINT('',(-6.03703641430667681E-1,-1.61761903189075407E-1,5.00000000000000000E0));
#419=(BOUNDED_CURVE()B_SPLINE_CURVE(2,(#416,#417,#418),.UNSPECIFIED.,.F.,.F.)B_SPLINE_CURVE_WITH_KNOTS((3,3),(0.00000000000000000E0,1.00000000000000000E0),.UNSPECIFIED.)CURVE()GEOMETRIC_REPRESENTATION_ITEM()RATIONAL_B_SPLINE_CURVE((1.00000000000000000E0,7.07106781186547573E-1,1.00000000000000000E0))REPRESENTATION_ITEM(''));
#420=CARTESIAN_POINT('',(7.34209831237788713E-2,-5.57687734522768319E-1,2.50000000000000000E0));
#421=CARTESIAN_POINT('',(1.61761903189075351E-1,-6.03703641430667681E-1,5.00000000000000000E0));
#422=B_SPLINE_CURVE_WITH_KNOTS('',1,(#420,#421),.UNSPECIFIED.,.F.,.F.,(2,2),(0.00000000000000000E0,1.00000000000000000E0),.UNSPECIFIED.);
#423=CARTESIAN_POINT('',(-6.03703641430667681E-1,-1.61761903189075407E-1,5.00000000000000000E0));
#424=CARTESIAN_POINT('',(-4.41941738241592441E-1,-7.65465544619743143E-1,5.00000000000000000E0));
#425=CARTESIAN_POINT('',(1.61761903189075351E-1,-6.03703641430667681E-1,5.00000000000000000E0));
#426=(BOUNDED_CURVE()B_SPLINE_CURVE(2,(#423,#424,#425),.UNSPECIFIED.,.F.,.F.)B_SPLINE_CURVE_WITH_KNOTS((3,3),(0.00000000000000000E0,1.00000000000000000E0),.UNSPECIFIED.)CURVE()GEOMETRIC_REPRESENTATION_ITEM()RATIONAL_B_SPLINE_CURVE((1.00000000000000000E0,7.07106781186547573E-1,1.00000000000000000E0))REPRESENTATION_ITEM(''));
#427=CARTESIAN_POINT('',(6.03703641430667681E-1,1.61761903189075462E-1,5.00000000000000000E0));
#428=CARTESIAN_POINT('',(7.65465544619742921E-1,-4.41941738241592441E-1,5.00000000000000000E0));
#429=CARTESIAN_POINT('',(1.61761903189075351E-1,-6.03703641430667681E-1,5.00000000000000000E0));
#430=(BOUNDED_CURVE()B_SPLINE_CURVE(2,(#427,#428,#429),.UNSPECIFIED.,.F.,.F.)B_SPLINE_CURVE_WITH_KNOTS((3,3),(0.00000000000000000E0,1.00000000000000000E0),.UNSPECIFIED.)CURVE()GEOMETRIC_REPRESENTATION_ITEM()RATIONAL_B_SPLINE_CURVE((1.00000000000000000E0,7.07106781186547573E-1,1.00000000000000000E0))REPRESENTATION_ITEM(''));
#431=CARTESIAN_POINT('',(2.93683932495115707E-2,-2.23075093809107367E-1,2.50000000000000000E0));
#432=CARTESIAN_POINT('',(6.47047612756301294E-2,-2.41481456572267106E-1,5.00000000000000000E0));
#433=B_SPLINE_CURVE_WITH_KNOTS('',1,(#431,#432),.UNSPECIFIED.,.F.,.F.,(2,2),(0.00000000000000000E0,1.00000000000000000E0),.UNSPECIFIED.);
#434=CARTESIAN_POINT('',(2.41481456572267106E-1,6.47047612756301849E-2,5.00000000000000000E0));
#435=CARTESIAN_POINT('',(3.06186217847897235E-1,-1.76776695296636949E-1,5.00000000000000000E0));
#436=CARTESIAN_POINT('',(6.47047612756301432E-2,-2.41481456572267106E-1,5.00000000000000000E0));
#437=(BOUNDED_CURVE()B_SPLINE_CURVE(2,(#434,#435,#436),.UNSPECIFIED.,.F.,.F.)B_SPLINE_CURVE_WITH_KNOTS((3,3),(0.00000000000000000E0,1.00000000000000000E0),.UNSPECIFIED.)CURVE()GEOMETRIC_REPRESENTATION_ITEM()RATIONAL_B_SPLINE_CURVE((1.00000000000000000E0,7.07106781186547573E-1,1.00000000000000000E0))REPRESENTATION_ITEM(''));
#438=CARTESIAN_POINT('',(2.23075093809107339E-1,2.93683932495116054E-2,2.50000000000000000E0));
#439=CARTESIAN_POINT('',(2.41481456572267106E-1,6.47047612756301849E-2,5.00000000000000000E0));
#440=B_SPLINE_CURVE_WITH_KNOTS('',1,(#438,#439),.UNSPECIFIED.,.F.,.F.,(2,2),(0.00000000000000000E0,1.00000000000000000E0),.UNSPECIFIED.);
#441=CARTESIAN_POINT('',(-2.23075093809107339E-1,-2.93683932495115707E-2,2.50000000000000000E0));
#442=CARTESIAN_POINT('',(-2.41481456572267106E-1,-6.47047612756301571E-2,5.00000000000000000E0));
#443=B_SPLINE_CURVE_WITH_KNOTS('',1,(#441,#442),.UNSPECIFIED.,.F.,.F.,(2,2),(0.00000000000000000E0,1.00000000000000000E0),.UNSPECIFIED.);
#444=CARTESIAN_POINT('',(6.47047612756301432E-2,-2.41481456572267106E-1,5.00000000000000000E0));
#445=CARTESIAN_POINT('',(-1.76776695296636921E-1,-3.06186217847897235E-1,5.00000000000000000E0));
#446=CARTESIAN_POINT('',(-2.41481456572267106E-1,-6.47047612756301571E-2,5.00000000000000000E0));
#447=(BOUNDED_CURVE()B_SPLINE_CURVE(2,(#444,#445,#446),.UNSPECIFIED.,.F.,.F.)B_SPLINE_CURVE_WITH_KNOTS((3,3),(0.00000000000000000E0,1.00000000000000000E0),.UNSPECIFIED.)CURVE()GEOMETRIC_REPRESENTATION_ITEM()RATIONAL_B_SPLINE_CURVE((1.00000000000000000E0,7.07106781186547573E-1,1.00000000000000000E0))REPRESENTATION_ITEM(''));
#448=CARTESIAN_POINT('',(-2.93683932495115985E-2,2.23075093809107339E-1,2.50000000000000000E0));
#449=CARTESIAN_POINT('',(-6.47047612756301849E-2,2.41481456572267078E-1,5.00000000000000000E0));
#450=B_SPLINE_CURVE_WITH_KNOTS('',1,(#448,#449),.UNSPECIFIED.,.F.,.F.,(2,2),(0.00000000000000000E0,1.00000000000000000E0),.UNSPECIFIED.);
#451=CARTESIAN_POINT('',(-2.41481456572267106E-1,-6.47047612756301571E-2,5.00000000000000000E0));
#452=CARTESIAN_POINT('',(-3.06186217847897235E-1,1.76776695296636921E-1,5.00000000000000000E0));
#453=CARTESIAN_POINT('',(-6.47047612756301710E-2,2.41481456572267106E-1,5.00000000000000000E0));
#454=(BOUNDED_CURVE()B_SPLINE_CURVE(2,(#451,#452,#453),.UNSPECIFIED.,.F.,.F.)B_SPLINE_CURVE_WITH_KNOTS((3,3),(0.00000000000000000E0,1.00000000000000000E0),.UNSPECIFIED.)CURVE()GEOMETRIC_REPRESENTATION_ITEM()RATIONAL_B_SPLINE_CURVE((1.00000000000000000E0,7.07106781186547573E-1,1.00000000000000000E0))REPRESENTATION_ITEM(''));
#455=CARTESIAN_POINT('',(2.41481456572267106E-1,6.47047612756301849E-2,5.00000000000000000E0));
#456=CARTESIAN_POINT('',(1.76776695296636921E-1,3.06186217847897235E-1,5.00000000000000000E0));
#457=CARTESIAN_POINT('',(-6.47047612756301710E-2,2.41481456572267106E-1,5.00000000000000000E0));
#458=(BOUNDED_CURVE()B_SPLINE_CURVE(2,(#455,#456,#457),.UNSPECIFIED.,.F.,.F.)B_SPLINE_CURVE_WITH_KNOTS((3,3),(0.00000000000000000E0,1.00000000000000000E0),.UNSPECIFIED.)CURVE()GEOMETRIC_REPRESENTATION_ITEM()RATIONAL_B_SPLINE_CURVE((1.00000000000000000E0,7.07106781186547573E-1,1.00000000000000000E0))REPRESENTATION_ITEM(''));
#459=CARTESIAN_POINT('',(-1.61761903189075462E-1,6.03703641430667681E-1,5.00000000000000000E0));
#460=CARTESIAN_POINT('',(-2.63094859750999222E-1,6.35167178601509619E-1,7.50000000000000000E0));
#461=B_SPLINE_CURVE_WITH_KNOTS('',1,(#459,#460),.UNSPECIFIED.,.F.,.F.,(2,2),(0.00000000000000000E0,1.00000000000000000E0),.UNSPECIFIED.);
#462=CARTESIAN_POINT('',(6.35167178601509619E-1,2.63094859750999222E-1,7.50000000000000000E0));
#463=CARTESIAN_POINT('',(3.72072318850510453E-1,8.98262038352508729E-1,7.50000000000000000E0));
#464=CARTESIAN_POINT('',(-2.63094859750999166E-1,6.35167178601509619E-1,7.50000000000000000E0));
#465=(BOUNDED_CURVE()B_SPLINE_CURVE(2,(#462,#463,#464),.UNSPECIFIED.,.F.,.F.)B_SPLINE_CURVE_WITH_KNOTS((3,3),(0.00000000000000000E0,1.00000000000000000E0),.UNSPECIFIED.)CURVE()GEOMETRIC_REPRESENTATION_ITEM()RATIONAL_B_SPLINE_CURVE((1.00000000000000000E0,7.07106781186547573E-1,1.00000000000000000E0))REPRESENTATION_ITEM(''));
#466=CARTESIAN_POINT('',(6.03703641430667681E-1,1.61761903189075462E-1,5.00000000000000000E0));
#467=CARTESIAN_POINT('',(6.35167178601509619E-1,2.63094859750999222E-1,7.50000000000000000E0));
#468=B_SPLINE_CURVE_WITH_KNOTS('',1,(#466,#467),.UNSPECIFIED.,.F.,.F.,(2,2),(0.00000000000000000E0,1.00000000000000000E0),.UNSPECIFIED.);
#469=CARTESIAN_POINT('',(-6.03703641430667681E-1,-1.61761903189075462E-1,5.00000000000000000E0));
#470=CARTESIAN_POINT('',(-6.35167178601509619E-1,-2.63094859750999222E-1,7.50000000000000000E0));
#471=B_SPLINE_CURVE_WITH_KNOTS('',1,(#469,#470),.UNSPECIFIED.,.F.,.F.,(2,2),(0.00000000000000000E0,1.00000000000000000E0),.UNSPECIFIED.);
#472=CARTESIAN_POINT('',(-2.63094859750999166E-1,6.35167178601509619E-1,7.50000000000000000E0));
#473=CARTESIAN_POINT('',(-8.98262038352508729E-1,3.72072318850510453E-1,7.50000000000000000E0));
#474=CARTESIAN_POINT('',(-6.35167178601509619E-1,-2.63094859750999166E-1,7.50000000000000000E0));
#475=(BOUNDED_CURVE()B_SPLINE_CURVE(2,(#472,#473,#474),.UNSPECIFIED.,.F.,.F.)B_SPLINE_CURVE_WITH_KNOTS((3,3),(0.00000000000000000E0,1.00000000000000000E0),.UNSPECIFIED.)CURVE()GEOMETRIC_REPRESENTATION_ITEM()RATIONAL_B_SPLINE_CURVE((1.00000000000000000E0,7.07106781186547573E-1,1.00000000000000000E0))REPRESENTATION_ITEM(''));
#476=CARTESIAN_POINT('',(1.61761903189075351E-1,-6.03703641430667681E-1,5.00000000000000000E0));
#477=CARTESIAN_POINT('',(2.63094859750999110E-1,-6.35167178601509730E-1,7.50000000000000000E0));
#478=B_SPLINE_CURVE_WITH_KNOTS('',1,(#476,#477),.UNSPECIFIED.,.F.,.F.,(2,2),(0.00000000000000000E0,1.00000000000000000E0),.UNSPECIFIED.);
#479=CARTESIAN_POINT('',(-6.35167178601509619E-1,-2.63094859750999166E-1,7.50000000000000000E0));
#480=CARTESIAN_POINT('',(-3.72072318850510619E-1,-8.98262038352508840E-1,7.50000000000000000E0));
#481=CARTESIAN_POINT('',(2.63094859750999110E-1,-6.35167178601509730E-1,7.50000000000000000E0));
#482=(BOUNDED_CURVE()B_SPLINE_CURVE(2,(#479,#480,#481),.UNSPECIFIED.,.F.,.F.)B_SPLINE_CURVE_WITH_KNOTS((3,3),(0.00000000000000000E0,1.00000000000000000E0),.UNSPECIFIED.)CURVE()GEOMETRIC_REPRESENTATION_ITEM()RATIONAL_B_SPLINE_CURVE((1.00000000000000000E0,7.07106781186547573E-1,1.00000000000000000E0))REPRESENTATION_ITEM(''));
#483=CARTESIAN_POINT('',(6.35167178601509619E-1,2.63094859750999222E-1,7.50000000000000000E0));
#484=CARTESIAN_POINT('',(8.98262038352508729E-1,-3.72072318850510675E-1,7.50000000000000000E0));
#485=CARTESIAN_POINT('',(2.63094859750999110E-1,-6.35167178601509730E-1,7.50000000000000000E0));
#486=(BOUNDED_CURVE()B_SPLINE_CURVE(2,(#483,#484,#485),.UNSPECIFIED.,.F.,.F.)B_SPLINE_CURVE_WITH_KNOTS((3,3),(0.00000000000000000E0,1.00000000000000000E0),.UNSPECIFIED.)CURVE()GEOMETRIC_REPRESENTATION_ITEM()RATIONAL_B_SPLINE_CURVE((1.00000000000000000E0,7.07106781186547573E-1,1.00000000000000000E0))REPRESENTATION_ITEM(''));
#487=CARTESIAN_POINT('',(6.47047612756301294E-2,-2.41481456572267106E-1,5.00000000000000000E0));
#488=CARTESIAN_POINT('',(1.05237943900399644E-1,-2.54066871440603914E-1,7.50000000000000000E0));
#489=B_SPLINE_CURVE_WITH_KNOTS('',1,(#487,#488),.UNSPECIFIED.,.F.,.F.,(2,2),(0.00000000000000000E0,1.00000000000000000E0),.UNSPECIFIED.);
#490=CARTESIAN_POINT('',(2.54066871440603859E-1,1.05237943900399700E-1,7.50000000000000000E0));
#491=CARTESIAN_POINT('',(3.59304815341003503E-1,-1.48828927540204214E-1,7.50000000000000000E0));
#492=CARTESIAN_POINT('',(1.05237943900399658E-1,-2.54066871440603914E-1,7.50000000000000000E0));
#493=(BOUNDED_CURVE()B_SPLINE_CURVE(2,(#490,#491,#492),.UNSPECIFIED.,.F.,.F.)B_SPLINE_CURVE_WITH_KNOTS((3,3),(0.00000000000000000E0,1.00000000000000000E0),.UNSPECIFIED.)CURVE()GEOMETRIC_REPRESENTATION_ITEM()RATIONAL_B_SPLINE_CURVE((1.00000000000000000E0,7.07106781186547573E-1,1.00000000000000000E0))REPRESENTATION_ITEM(''));
#494=CARTESIAN_POINT('',(2.41481456572267106E-1,6.47047612756301849E-2,5.00000000000000000E0));
#495=CARTESIAN_POINT('',(2.54066871440603859E-1,1.05237943900399700E-1,7.50000000000000000E0));
#496=B_SPLINE_CURVE_WITH_KNOTS('',1,(#494,#495),.UNSPECIFIED.,.F.,.F.,(2,2),(0.00000000000000000E0,1.00000000000000000E0),.UNSPECIFIED.);
#497=CARTESIAN_POINT('',(-2.41481456572267106E-1,-6.47047612756301571E-2,5.00000000000000000E0));
#498=CARTESIAN_POINT('',(-2.54066871440603859E-1,-1.05237943900399644E-1,7.50000000000000000E0));
#499=B_SPLINE_CURVE_WITH_KNOTS('',1,(#497,#498),.UNSPECIFIED.,.F.,.F.,(2,2),(0.00000000000000000E0,1.00000000000000000E0),.UNSPECIFIED.);
#500=CARTESIAN_POINT('',(1.05237943900399658E-1,-2.54066871440603914E-1,7.50000000000000000E0));
#501=CARTESIAN_POINT('',(-1.48828927540204187E-1,-3.59304815341003558E-1,7.50000000000000000E0));
#502=CARTESIAN_POINT('',(-2.54066871440603859E-1,-1.05237943900399658E-1,7.50000000000000000E0));
#503=(BOUNDED_CURVE()B_SPLINE_CURVE(2,(#500,#501,#502),.UNSPECIFIED.,.F.,.F.)B_SPLINE_CURVE_WITH_KNOTS((3,3),(0.00000000000000000E0,1.00000000000000000E0),.UNSPECIFIED.)CURVE()GEOMETRIC_REPRESENTATION_ITEM()RATIONAL_B_SPLINE_CURVE((1.00000000000000000E0,7.07106781186547573E-1,1.00000000000000000E0))REPRESENTATION_ITEM(''));
#504=CARTESIAN_POINT('',(-6.47047612756301849E-2,2.41481456572267078E-1,5.00000000000000000E0));
#505=CARTESIAN_POINT('',(-1.05237943900399700E-1,2.54066871440603859E-1,7.50000000000000000E0));
#506=B_SPLINE_CURVE_WITH_KNOTS('',1,(#504,#505),.UNSPECIFIED.,.F.,.F.,(2,2),(0.00000000000000000E0,1.00000000000000000E0),.UNSPECIFIED.);
#507=CARTESIAN_POINT('',(-2.54066871440603859E-1,-1.05237943900399658E-1,7.50000000000000000E0));
#508=CARTESIAN_POINT('',(-3.59304815341003558E-1,1.48828927540204187E-1,7.50000000000000000E0));
#509=CARTESIAN_POINT('',(-1.05237943900399686E-1,2.54066871440603859E-1,7.50000000000000000E0));
#510=(BOUNDED_CURVE()B_SPLINE_CURVE(2,(#507,#508,#509),.UNSPECIFIED.,.F.,.F.)B_SPLINE_CURVE_WITH_KNOTS((3,3),(0.00000000000000000E0,1.00000000000000000E0),.UNSPECIFIED.)CURVE()GEOMETRIC_REPRESENTATION_ITEM()RATIONAL_B_SPLINE_CURVE((1.00000000000000000E0,7.07106781186547573E-1,1.00000000000000000E0))REPRESENTATION_ITEM(''));
#511=CARTESIAN_POINT('',(2.54066871440603859E-1,1.05237943900399700E-1,7.50000000000000000E0));
#512=CARTESIAN_POINT('',(1.48828927540204187E-1,3.59304815341003558E-1,7.50000000000000000E0));
#513=CARTESIAN_POINT('',(-1.05237943900399686E-1,2.54066871440603859E-1,7.50000000000000000E0));
#514=(BOUNDED_CURVE()B_SPLINE_CURVE(2,(#511,#512,#513),.UNSPECIFIED.,.F.,.F.)B_SPLINE_CURVE_WITH_KNOTS((3,3),(0.00000000000000000E0,1.00000000000000000E0),.UNSPECIFIED.)CURVE()GEOMETRIC_REPRESENTATION_ITEM()RATIONAL_B_SPLINE_CURVE((1.00000000000000000E0,7.07106781186547573E-1,1.00000000000000000E0))REPRESENTATION_ITEM(''));
#515=CARTESIAN_POINT('',(-2.63094859750999222E-1,6.35167178601509619E-1,7.50000000000000000E0));
#516=CARTESIAN_POINT('',(-3.75000000000000000E-1,6.49519052838329003E-1,1.00000000000000000E1));
#517=B_SPLINE_CURVE_WITH_KNOTS('',1,(#515,#516),.UNSPECIFIED.,.F.,.F.,(2,2),(0.00000000000000000E0,1.00000000000000000E0),.UNSPECIFIED.);
#518=CARTESIAN_POINT('',(6.49519052838329003E-1,3.74999999999999944E-1,1.00000000000000000E1));
#519=CARTESIAN_POINT('',(2.74519052838329114E-1,1.02451905283832900E0,1.00000000000000000E1));
#520=CARTESIAN_POINT('',(-3.74999999999999889E-1,6.49519052838329003E-1,1.00000000000000000E1));
#521=(BOUNDED_CURVE()B_SPLINE_CURVE(2,(#518,#519,#520),.UNSPECIFIED.,.F.,.F.)B_SPLINE_CURVE_WITH_KNOTS((3,3),(0.00000000000000000E0,1.00000000000000000E0),.UNSPECIFIED.)CURVE()GEOMETRIC_REPRESENTATION_ITEM()RATIONAL_B_SPLINE_CURVE((1.00000000000000000E0,7.07106781186547573E-1,1.00000000000000000E0))REPRESENTATION_ITEM(''));
#522=CARTESIAN_POINT('',(6.35167178601509619E-1,2.63094859750999222E-1,7.50000000000000000E0));
#523=CARTESIAN_POINT('',(6.49519052838329003E-1,3.74999999999999944E-1,1.00000000000000000E1));
#524=B_SPLINE_CURVE_WITH_KNOTS('',1,(#522,#523),.UNSPECIFIED.,.F.,.F.,(2,2),(0.00000000000000000E0,1.00000000000000000E0),.UNSPECIFIED.);
#525=CARTESIAN_POINT('',(-6.35167178601509619E-1,-2.63094859750999222E-1,7.50000000000000000E0));
#526=CARTESIAN_POINT('',(-6.49519052838329114E-1,-3.75000000000000000E-1,1.00000000000000000E1));
#527=B_SPLINE_CURVE_WITH_KNOTS('',1,(#525,#526),.UNSPECIFIED.,.F.,.F.,(2,2),(0.00000000000000000E0,1.00000000000000000E0),.UNSPECIFIED.);
#528=CARTESIAN_POINT('',(-3.74999999999999889E-1,6.49519052838329003E-1,1.00000000000000000E1));
#529=CARTESIAN_POINT('',(-1.02451905283832900E0,2.74519052838329114E-1,1.00000000000000000E1));
#530=CARTESIAN_POINT('',(-6.49519052838329114E-1,-3.74999999999999889E-1,1.00000000000000000E1));
#531=(BOUNDED_CURVE()B_SPLINE_CURVE(2,(#528,#529,#530),.UNSPECIFIED.,.F.,.F.)B_SPLINE_CURVE_WITH_KNOTS((3,3),(0.00000000000000000E0,1.00000000000000000E0),.UNSPECIFIED.)CURVE()GEOMETRIC_REPRESENTATION_ITEM()RATIONAL_B_SPLINE_CURVE((1.00000000000000000E0,7.07106781186547573E-1,1.00000000000000000E0))REPRESENTATION_ITEM(''));
#532=CARTESIAN_POINT('',(2.63094859750999110E-1,-6.35167178601509730E-1,7.50000000000000000E0));
#533=CARTESIAN_POINT('',(3.74999999999999889E-1,-6.49519052838329114E-1,1.00000000000000000E1));
#534=B_SPLINE_CURVE_WITH_KNOTS('',1,(#532,#533),.UNSPECIFIED.,.F.,.F.,(2,2),(0.00000000000000000E0,1.00000000000000000E0),.UNSPECIFIED.);
#535=CARTESIAN_POINT('',(-6.49519052838329114E-1,-3.74999999999999889E-1,1.00000000000000000E1));
#536=CARTESIAN_POINT('',(-2.74519052838329281E-1,-1.02451905283832900E0,1.00000000000000000E1));
#537=CARTESIAN_POINT('',(3.74999999999999833E-1,-6.49519052838329114E-1,1.00000000000000000E1));
#538=(BOUNDED_CURVE()B_SPLINE_CURVE(2,(#535,#536,#537),.UNSPECIFIED.,.F.,.F.)B_SPLINE_CURVE_WITH_KNOTS((3,3),(0.00000000000000000E0,1.00000000000000000E0),.UNSPECIFIED.)CURVE()GEOMETRIC_REPRESENTATION_ITEM()RATIONAL_B_SPLINE_CURVE((1.00000000000000000E0,7.07106781186547573E-1,1.00000000000000000E0))REPRESENTATION_ITEM(''));
#539=CARTESIAN_POINT('',(6.49519052838329003E-1,3.74999999999999944E-1,1.00000000000000000E1));
#540=CARTESIAN_POINT('',(1.02451905283832878E0,-2.74519052838329336E-1,1.00000000000000000E1));
#541=CARTESIAN_POINT('',(3.74999999999999833E-1,-6.49519052838329114E-1,1.00000000000000000E1));
#542=(BOUNDED_CURVE()B_SPLINE_CURVE(2,(#539,#540,#541),.UNSPECIFIED.,.F.,.F.)B_SPLINE_CURVE_WITH_KNOTS((3,3),(0.00000000000000000E0,1.00000000000000000E0),.UNSPECIFIED.)CURVE()GEOMETRIC_REPRESENTATION_ITEM()RATIONAL_B_SPLINE_CURVE((1.00000000000000000E0,7.07106781186547573E-1,1.00000000000000000E0))REPRESENTATION_ITEM(''));
#543=CARTESIAN_POINT('',(1.05237943900399644E-1,-2.54066871440603914E-1,7.50000000000000000E0));
#544=CARTESIAN_POINT('',(1.49999999999999939E-1,-2.59807621135331623E-1,1.00000000000000000E1));
#545=B_SPLINE_CURVE_WITH_KNOTS('',1,(#543,#544),.UNSPECIFIED.,.F.,.F.,(2,2),(0.00000000000000000E0,1.00000000000000000E0),.UNSPECIFIED.);
#546=CARTESIAN_POINT('',(2.59807621135331623E-1,1.49999999999999994E-1,1.00000000000000000E1));
#547=CARTESIAN_POINT('',(4.09807621135331535E-1,-1.09807621135331684E-1,1.00000000000000000E1));
#548=CARTESIAN_POINT('',(1.49999999999999939E-1,-2.59807621135331679E-1,1.00000000000000000E1));
#549=(BOUNDED_CURVE()B_SPLINE_CURVE(2,(#546,#547,#548),.UNSPECIFIED.,.F.,.F.)B_SPLINE_CURVE_WITH_KNOTS((3,3),(0.00000000000000000E0,1.00000000000000000E0),.UNSPECIFIED.)CURVE()GEOMETRIC_REPRESENTATION_ITEM()RATIONAL_B_SPLINE_CURVE((1.00000000000000000E0,7.07106781186547573E-1,1.00000000000000000E0))REPRESENTATION_ITEM(''));
#550=CARTESIAN_POINT('',(2.54066871440603859E-1,1.05237943900399700E-1,7.50000000000000000E0));
#551=CARTESIAN_POINT('',(2.59807621135331623E-1,1.49999999999999994E-1,1.00000000000000000E1));
#552=B_SPLINE_CURVE_WITH_KNOTS('',1,(#550,#551),.UNSPECIFIED.,.F.,.F.,(2,2),(0.00000000000000000E0,1.00000000000000000E0),.UNSPECIFIED.);
#553=CARTESIAN_POINT('',(-2.54066871440603859E-1,-1.05237943900399644E-1,7.50000000000000000E0));
#554=CARTESIAN_POINT('',(-2.59807621135331623E-1,-1.49999999999999939E-1,1.00000000000000000E1));
#555=B_SPLINE_CURVE_WITH_KNOTS('',1,(#553,#554),.UNSPECIFIED.,.F.,.F.,(2,2),(0.00000000000000000E0,1.00000000000000000E0),.UNSPECIFIED.);
#556=CARTESIAN_POINT('',(1.49999999999999939E-1,-2.59807621135331679E-1,1.00000000000000000E1));
#557=CARTESIAN_POINT('',(-1.09807621135331671E-1,-4.09807621135331535E-1,1.00000000000000000E1));
#558=CARTESIAN_POINT('',(-2.59807621135331623E-1,-1.49999999999999939E-1,1.00000000000000000E1));
#559=(BOUNDED_CURVE()B_SPLINE_CURVE(2,(#556,#557,#558),.UNSPECIFIED.,.F.,.F.)B_SPLINE_CURVE_WITH_KNOTS((3,3),(0.00000000000000000E0,1.00000000000000000E0),.UNSPECIFIED.)CURVE()GEOMETRIC_REPRESENTATION_ITEM()RATIONAL_B_SPLINE_CURVE((1.00000000000000000E0,7.07106781186547573E-1,1.00000000000000000E0))REPRESENTATION_ITEM(''));
#560=CARTESIAN_POINT('',(-1.05237943900399700E-1,2.54066871440603859E-1,7.50000000000000000E0));
#561=CARTESIAN_POINT('',(-1.49999999999999967E-1,2.59807621135331623E-1,1.00000000000000000E1));
#562=B_SPLINE_CURVE_WITH_KNOTS('',1,(#560,#561),.UNSPECIFIED.,.F.,.F.,(2,2),(0.00000000000000000E0,1.00000000000000000E0),.UNSPECIFIED.);
#563=CARTESIAN_POINT('',(-2.59807621135331623E-1,-1.49999999999999939E-1,1.00000000000000000E1));
#564=CARTESIAN_POINT('',(-4.09807621135331535E-1,1.09807621135331671E-1,1.00000000000000000E1));
#565=CARTESIAN_POINT('',(-1.49999999999999967E-1,2.59807621135331623E-1,1.00000000000000000E1));
#566=(BOUNDED_CURVE()B_SPLINE_CURVE(2,(#563,#564,#565),.UNSPECIFIED.,.F.,.F.)B_SPLINE_CURVE_WITH_KNOTS((3,3),(0.00000000000000000E0,1.00000000000000000E0),.UNSPECIFIED.)CURVE()GEOMETRIC_REPRESENTATION_ITEM()RATIONAL_B_SPLINE_CURVE((1.00000000000000000E0,7.07106781186547573E-1,1.00000000000000000E0))REPRESENTATION_ITEM(''));
#567=CARTESIAN_POINT('',(2.59807621135331623E-1,1.49999999999999994E-1,1.00000000000000000E1));
#568=CARTESIAN_POINT('',(1.09807621135331671E-1,4.09807621135331535E-1,1.00000000000000000E1));
#569=CARTESIAN_POINT('',(-1.49999999999999967E-1,2.59807621135331623E-1,1.00000000000000000E1));
#570=(BOUNDED_CURVE()B_SPLINE_CURVE(2,(#567,#568,#569),.UNSPECIFIED.,.F.,.F.)B_SPLINE_CURVE_WITH_KNOTS((3,3),(0.00000000000000000E0,1.00000000000000000E0),.UNSPECIFIED.)CURVE()GEOMETRIC_REPRESENTATION_ITEM()RATIONAL_B_SPLINE_CURVE((1.00000000000000000E0,7.07106781186547573E-1,1.00000000000000000E0))REPRESENTATION_ITEM(''));
#571=(GEOMETRIC_REPRESENTATION_CONTEXT(2)REPRESENTATION_CONTEXT('','2D'));
#572=CARTESIAN_POINT('',(0.00000000000000000E0,0.00000000000000000E0));
#573=CARTESIAN_POINT('',(1.00000000000000000E0,0.00000000000000000E0));
#574=B_SPLINE_CURVE_WITH_KNOTS('',1,(#572,#573),.UNSPECIFIED.,.F.,.F.,(2,2),(0.00000000000000000E0,1.00000000000000000E0),.UNSPECIFIED.);
#575=DEFINITIONAL_REPRESENTATION('',(#574),#571);
#576=PCURVE('',#87,#575);
#577=CARTESIAN_POINT('',(1.00000000000000000E0,0.00000000000000000E0));
#578=CARTESIAN_POINT('',(1.00000000000000000E0,1.00000000000000000E0));
#579=B_SPLINE_CURVE_WITH_KNOTS('',1,(#577,#578),.UNSPECIFIED.,.F.,.F.,(2,2),(0.00000000000000000E0,1.00000000000000000E0),.UNSPECIFIED.);
#580=DEFINITIONAL_REPRESENTATION('',(#579),#571);
#581=PCURVE('',#87,#580);
#582=CARTESIAN_POINT('',(1.00000000000000000E0,1.00000000000000000E0));
#583=CARTESIAN_POINT('',(0.00000000000000000E0,1.00000000000000000E0));
#584=B_SPLINE_CURVE_WITH_KNOTS('',1,(#582,#583),.UNSPECIFIED.,.F.,.F.,(2,2),(0.00000000000000000E0,1.00000000000000000E0),.UNSPECIFIED.);
#585=DEFINITIONAL_REPRESENTATION('',(#584),#571);
#586=PCURVE('',#87,#585);
#587=CARTESIAN_POINT('',(0.00000000000000000E0,1.00000000000000000E0));
#588=CARTESIAN_POINT('',(0.00000000000000000E0,0.00000000000000000E0));
#589=B_SPLINE_CURVE_WITH_KNOTS('',1,(#587,#588),.UNSPECIFIED.,.F.,.F.,(2,2),(0.00000000000000000E0,1.00000000000000000E0),.UNSPECIFIED.);
#590=DEFINITIONAL_REPRESENTATION('',(#589),#571);
#591=PCURVE('',#87,#590);
#592=CARTESIAN_POINT('',(0.00000000000000000E0,0.00000000000000000E0));
#593=CARTESIAN_POINT('',(1.00000000000000000E0,0.00000000000000000E0));
#594=B_SPLINE_CURVE_WITH_KNOTS('',1,(#592,#593),.UNSPECIFIED.,.F.,.F.,(2,2),(0.00000000000000000E0,1.00000000000000000E0),.UNSPECIFIED.);
#595=DEFINITIONAL_REPRESENTATION('',(#594),#571);
#596=PCURVE('',#94,#595);
#597=CARTESIAN_POINT('',(1.00000000000000000E0,0.00000000000000000E0));
#598=CARTESIAN_POINT('',(1.00000000000000000E0,1.00000000000000000E0));
#599=B_SPLINE_CURVE_WITH_KNOTS('',1,(#597,#598),.UNSPECIFIED.,.F.,.F.,(2,2),(0.00000000000000000E0,1.00000000000000000E0),.UNSPECIFIED.);
#600=DEFINITIONAL_REPRESENTATION('',(#599),#571);
#601=PCURVE('',#94,#600);
#602=CARTESIAN_POINT('',(1.00000000000000000E0,1.00000000000000000E0));
#603=CARTESIAN_POINT('',(0.00000000000000000E0,1.00000000000000000E0));
#604=B_SPLINE_CURVE_WITH_KNOTS('',1,(#602,#603),.UNSPECIFIED.,.F.,.F.,(2,2),(0.00000000000000000E0,1.00000000000000000E0),.UNSPECIFIED.);
#605=DEFINITIONAL_REPRESENTATION('',(#604),#571);
#606=PCURVE('',#94,#605);
#607=CARTESIAN_POINT('',(0.00000000000000000E0,1.00000000000000000E0));
#608=CARTESIAN_POINT('',(0.00000000000000000E0,0.00000000000000000E0));
#609=B_SPLINE_CURVE_WITH_KNOTS('',1,(#607,#608),.UNSPECIFIED.,.F.,.F.,(2,2),(0.00000000000000000E0,1.00000000000000000E0),.UNSPECIFIED.);
#610=DEFINITIONAL_REPRESENTATION('',(#609),#571);
#611=PCURVE('',#94,#610);
#612=CARTESIAN_POINT('',(0.00000000000000000E0,0.00000000000000000E0));
#613=CARTESIAN_POINT('',(1.00000000000000000E0,0.00000000000000000E0));
#614=B_SPLINE_CURVE_WITH_KNOTS('',1,(#612,#613),.UNSPECIFIED.,.F.,.F.,(2,2),(0.00000000000000000E0,1.00000000000000000E0),.UNSPECIFIED.);
#615=DEFINITIONAL_REPRESENTATION('',(#614),#571);
#616=PCURVE('',#101,#615);
#617=CARTESIAN_POINT('',(1.00000000000000000E0,0.00000000000000000E0));
#618=CARTESIAN_POINT('',(1.00000000000000000E0,1.00000000000000000E0));
#619=B_SPLINE_CURVE_WITH_KNOTS('',1,(#617,#618),.UNSPECIFIED.,.F.,.F.,(2,2),(0.00000000000000000E0,1.00000000000000000E0),.UNSPECIFIED.);
#620=DEFINITIONAL_REPRESENTATION('',(#619),#571);
#621=PCURVE('',#101,#620);
#622=CARTESIAN_POINT('',(1.00000000000000000E0,1.00000000000000000E0));
#623=CARTESIAN_POINT('',(0.00000000000000000E0,1.00000000000000000E0));
#624=B_SPLINE_CURVE_WITH_KNOTS('',1,(#622,#623),.UNSPECIFIED.,.F.,.F.,(2,2),(0.00000000000000000E0,1.00000000000000000E0),.UNSPECIFIED.);
#625=DEFINITIONAL_REPRESENTATION('',(#624),#571);
#626=PCURVE('',#101,#625);
#627=CARTESIAN_POINT('',(0.00000000000000000E0,1.00000000000000000E0));
#628=CARTESIAN_POINT('',(0.00000000000000000E0,0.00000000000000000E0));
#629=B_SPLINE_CURVE_WITH_KNOTS('',1,(#627,#628),.UNSPECIFIED.,.F.,.F.,(2,2),(0.00000000000000000E0,1.00000000000000000E0),.UNSPECIFIED.);
#630=DEFINITIONAL_REPRESENTATION('',(#629),#571);
#631=PCURVE('',#101,#630);
#632=CARTESIAN_POINT('',(0.00000000000000000E0,0.00000000000000000E0));
#633=CARTESIAN_POINT('',(1.00000000000000000E0,0.00000000000000000E0));
#634=B_SPLINE_CURVE_WITH_KNOTS('',1,(#632,#633),.UNSPECIFIED.,.F.,.F.,(2,2),(0.00000000000000000E0,1.00000000000000000E0),.UNSPECIFIED.);
#635=DEFINITIONAL_REPRESENTATION('',(#634),#571);
#636=PCURVE('',#108,#635);
#637=CARTESIAN_POINT('',(1.00000000000000000E0,0.00000000000000000E0));
#638=CARTESIAN_POINT('',(1.00000000000000000E0,1.00000000000000000E0));
#639=B_SPLINE_CURVE_WITH_KNOTS('',1,(#637,#638),.UNSPECIFIED.,.F.,.F.,(2,2),(0.00000000000000000E0,1.00000000000000000E0),.UNSPECIFIED.);
#640=DEFINITIONAL_REPRESENTATION('',(#639),#571);
#641=PCURVE('',#108,#640);
#642=CARTESIAN_POINT('',(1.00000000000000000E0,1.00000000000000000E0));
#643=CARTESIAN_POINT('',(0.00000000000000000E0,1.00000000000000000E0));
#644=B_SPLINE_CURVE_WITH_KNOTS('',1,(#642,#643),.UNSPECIFIED.,.F.,.F.,(2,2),(0.00000000000000000E0,1.00000000000000000E0),.UNSPECIFIED.);
#645=DEFINITIONAL_REPRESENTATION('',(#644),#571);
#646=PCURVE('',#108,#645);
#647=CARTESIAN_POINT('',(0.00000000000000000E0,1.00000000000000000E0));
#648=CARTESIAN_POINT('',(0.00000000000000000E0,0.00000000000000000E0));
#649=B_SPLINE_CURVE_WITH_KNOTS('',1,(#647,#648),.UNSPECIFIED.,.F.,.F.,(2,2),(0.00000000000000000E0,1.00000000000000000E0),.UNSPECIFIED.);
#650=DEFINITIONAL_REPRESENTATION('',(#649),#571);
#651=PCURVE('',#108,#650);
#652=CARTESIAN_POINT('',(0.00000000000000000E0,0.00000000000000000E0));
#653=CARTESIAN_POINT('',(1.00000000000000000E0,0.00000000000000000E0));
#654=B_SPLINE_CURVE_WITH_KNOTS('',1,(#652,#653),.UNSPECIFIED.,.F.,.F.,(2,2),(0.00000000000000000E0,1.00000000000000000E0),.UNSPECIFIED.);
#655=DEFINITIONAL_REPRESENTATION('',(#654),#571);
#656=PCURVE('',#115,#655);
#657=CARTESIAN_POINT('',(1.00000000000000000E0,0.00000000000000000E0));
#658=CARTESIAN_POINT('',(1.00000000000000000E0,1.00000000000000000E0));
#659=B_SPLINE_CURVE_WITH_KNOTS('',1,(#657,#658),.UNSPECIFIED.,.F.,.F.,(2,2),(0.00000000000000000E0,1.00000000000000000E0),.UNSPECIFIED.);
#660=DEFINITIONAL_REPRESENTATION('',(#659),#571);
#661=PCURVE('',#115,#660);
#662=CARTESIAN_POINT('',(1.00000000000000000E0,1.00000000000000000E0));
#663=CARTESIAN_POINT('',(0.00000000000000000E0,1.00000000000000000E0));
#664=B_SPLINE_CURVE_WITH_KNOTS('',1,(#662,#663),.UNSPECIFIED.,.F.,.F.,(2,2),(0.00000000000000000E0,1.00000000000000000E0),.UNSPECIFIED.);
#665=DEFINITIONAL_REPRESENTATION('',(#664),#571);
#666=PCURVE('',#115,#665);
#667=CARTESIAN_POINT('',(0.00000000000000000E0,1.00000000000000000E0));
#668=CARTESIAN_POINT('',(0.00000000000000000E0,0.00000000000000000E0));
#669=B_SPLINE_CURVE_WITH_KNOTS('',1,(#667,#668),.UNSPECIFIED.,.F.,.F.,(2,2),(0.00000000000000000E0,1.00000000000000000E0),.UNSPECIFIED.);
#670=DEFINITIONAL_REPRESENTATION('',(#669),#571);
#671=PCURVE('',#115,#670);
#672=CARTESIAN_POINT('',(0.00000000000000000E0,0.00000000000000000E0));
#673=CARTESIAN_POINT('',(1.00000000000000000E0,0.00000000000000000E0));
#674=B_SPLINE_CURVE_WITH_KNOTS('',1,(#672,#673),.UNSPECIFIED.,.F.,.F.,(2,2),(0.00000000000000000E0,1.00000000000000000E0),.UNSPECIFIED.);
#675=DEFINITIONAL_REPRESENTATION('',(#674),#571);
#676=PCURVE('',#122,#675);
#677=CARTESIAN_POINT('',(1.00000000000000000E0,0.00000000000000000E0));
#678=CARTESIAN_POINT('',(1.00000000000000000E0,1.00000000000000000E0));
#679=B_SPLINE_CURVE_WITH_KNOTS('',1,(#677,#678),.UNSPECIFIED.,.F.,.F.,(2,2),(0.00000000000000000E0,1.00000000000000000E0),.UNSPECIFIED.);
#680=DEFINITIONAL_REPRESENTATION('',(#679),#571);
#681=PCURVE('',#122,#680);
#682=CARTESIAN_POINT('',(1.00000000000000000E0,1.00000000000000000E0));
#683=CARTESIAN_POINT('',(0.00000000000000000E0,1.00000000000000000E0));
#684=B_SPLINE_CURVE_WITH_KNOTS('',1,(#682,#683),.UNSPECIFIED.,.F.,.F.,(2,2),(0.00000000000000000E0,1.00000000000000000E0),.UNSPECIFIED.);
#685=DEFINITIONAL_REPRESENTATION('',(#684),#571);
#686=PCURVE('',#122,#685);
#687=CARTESIAN_POINT('',(0.00000000000000000E0,1.00000000000000000E0));
#688=CARTESIAN_POINT('',(0.00000000000000000E0,0.00000000000000000E0));
#689=B_SPLINE_CURVE_WITH_KNOTS('',1,(#687,#688),.UNSPECIFIED.,.F.,.F.,(2,2),(0.00000000000000000E0,1.00000000000000000E0),.UNSPECIFIED.);
#690=DEFINITIONAL_REPRESENTATION('',(#689),#571);
#691=PCURVE('',#122,#690);
#692=CARTESIAN_POINT('',(0.00000000000000000E0,0.00000000000000000E0));
#693=CARTESIAN_POINT('',(1.00000000000000000E0,0.00000000000000000E0));
#694=B_SPLINE_CURVE_WITH_KNOTS('',1,(#692,#693),.UNSPECIFIED.,.F.,.F.,(2,2),(0.00000000000000000E0,1.00000000000000000E0),.UNSPECIFIED.);
#695=DEFINITIONAL_REPRESENTATION('',(#694),#571);
#696=PCURVE('',#129,#695);
#697=CARTESIAN_POINT('',(1.00000000000000000E0,0.00000000000000000E0));
#698=CARTESIAN_POINT('',(1.00000000000000000E0,1.00000000000000000E0));
#699=B_SPLINE_CURVE_WITH_KNOTS('',1,(#697,#698),.UNSPECIFIED.,.F.,.F.,(2,2),(0.00000000000000000E0,1.00000000000000000E0),.UNSPECIFIED.);
#700=DEFINITIONAL_REPRESENTATION('',(#699),#571);
#701=PCURVE('',#129,#700);
#702=CARTESIAN_POINT('',(1.00000000000000000E0,1.00000000000000000E0));
#703=CARTESIAN_POINT('',(0.00000000000000000E0,1.00000000000000000E0));
#704=B_SPLINE_CURVE_WITH_KNOTS('',1,(#702,#703),.UNSPECIFIED.,.F.,.F.,(2,2),(0.00000000000000000E0,1.00000000000000000E0),.UNSPECIFIED.);
#705=DEFINITIONAL_REPRESENTATION('',(#704),#571);
#706=PCURVE('',#129,#705);
#707=CARTESIAN_POINT('',(0.00000000000000000E0,1.00000000000000000E0));
#708=CARTESIAN_POINT('',(0.00000000000000000E0,0.00000000000000000E0));
#709=B_SPLINE_CURVE_WITH_KNOTS('',1,(#707,#708),.UNSPECIFIED.,.F.,.F.,(2,2),(0.00000000000000000E0,1.00000000000000000E0),.UNSPECIFIED.);
#710=DEFINITIONAL_REPRESENTATION('',(#709),#571);
#711=PCURVE('',#129,#710);
#712=CARTESIAN_POINT('',(0.00000000000000000E0,0.00000000000000000E0));
#713=CARTESIAN_POINT('',(1.00000000000000000E0,0.00000000000000000E0));
#714=B_SPLINE_CURVE_WITH_KNOTS('',1,(#712,#713),.UNSPECIFIED.,.F.,.F.,(2,2),(0.00000000000000000E0,1.00000000000000000E0),.UNSPECIFIED.);
#715=DEFINITIONAL_REPRESENTATION('',(#714),#571);
#716=PCURVE('',#136,#715);
#717=CARTESIAN_POINT('',(1.00000000000000000E0,0.00000000000000000E0));
#718=CARTESIAN_POINT('',(1.00000000000000000E0,1.00000000000000000E0));
#719=B_SPLINE_CURVE_WITH_KNOTS('',1,(#717,#718),.UNSPECIFIED.,.F.,.F.,(2,2),(0.00000000000000000E0,1.00000000000000000E0),.UNSPECIFIED.);
#720=DEFINITIONAL_REPRESENTATION('',(#719),#571);
#721=PCURVE('',#136,#720);
#722=CARTESIAN_POINT('',(1.00000000000000000E0,1.00000000000000000E0));
#723=CARTESIAN_POINT('',(0.00000000000000000E0,1.00000000000000000E0));
#724=B_SPLINE_CURVE_WITH_KNOTS('',1,(#722,#723),.UNSPECIFIED.,.F.,.F.,(2,2),(0.00000000000000000E0,1.00000000000000000E0),.UNSPECIFIED.);
#725=DEFINITIONAL_REPRESENTATION('',(#724),#571);
#726=PCURVE('',#136,#725);
#727=CARTESIAN_POINT('',(0.00000000000000000E0,1.00000000000000000E0));
#728=CARTESIAN_POINT('',(0.00000000000000000E0,0.00000000000000000E0));
#729=B_SPLINE_CURVE_WITH_KNOTS('',1,(#727,#728),.UNSPECIFIED.,.F.,.F.,(2,2),(0.00000000000000000E0,1.00000000000000000E0),.UNSPECIFIED.);
#730=DEFINITIONAL_REPRESENTATION('',(#729),#571);
#731=PCURVE('',#136,#730);
#732=CARTESIAN_POINT('',(0.00000000000000000E0,0.00000000000000000E0));
#733=CARTESIAN_POINT('',(1.00000000000000000E0,0.00000000000000000E0));
#734=B_SPLINE_CURVE_WITH_KNOTS('',1,(#732,#733),.UNSPECIFIED.,.F.,.F.,(2,2),(0.00000000000000000E0,1.00000000000000000E0),.UNSPECIFIED.);
#735=DEFINITIONAL_REPRESENTATION('',(#734),#571);
#736=PCURVE('',#143,#735);
#737=CARTESIAN_POINT('',(1.00000000000000000E0,0.00000000000000000E0));
#738=CARTESIAN_POINT('',(1.00000000000000000E0,1.00000000000000000E0));
#739=B_SPLINE_CURVE_WITH_KNOTS('',1,(#737,#738),.UNSPECIFIED.,.F.,.F.,(2,2),(0.00000000000000000E0,1.00000000000000000E0),.UNSPECIFIED.);
#740=DEFINITIONAL_REPRESENTATION('',(#739),#571);
#741=PCURVE('',#143,#740);
#742=CARTESIAN_POINT('',(1.00000000000000000E0,1.00000000000000000E0));
#743=CARTESIAN_POINT('',(0.00000000000000000E0,1.00000000000000000E0));
#744=B_SPLINE_CURVE_WITH_KNOTS('',1,(#742,#743),.UNSPECIFIED.,.F.,.F.,(2,2),(0.00000000000000000E0,1.00000000000000000E0),.UNSPECIFIED.);
#745=DEFINITIONAL_REPRESENTATION('',(#744),#571);
#746=PCURVE('',#143,#745);
#747=CARTESIAN_POINT('',(0.00000000000000000E0,1.00000000000000000E0));
#748=CARTESIAN_POINT('',(0.00000000000000000E0,0.00000000000000000E0));
#749=B_SPLINE_CURVE_WITH_KNOTS('',1,(#747,#748),.UNSPECIFIED.,.F.,.F.,(2,2),(0.00000000000000000E0,1.00000000000000000E0),.UNSPECIFIED.);
#750=DEFINITIONAL_REPRESENTATION('',(#749),#571);
#751=PCURVE('',#143,#750);
#752=CARTESIAN_POINT('',(0.00000000000000000E0,0.00000000000000000E0));
#753=CARTESIAN_POINT('',(1.00000000000000000E0,0.00000000000000000E0));
#754=B_SPLINE_CURVE_WITH_KNOTS('',1,(#752,#753),.UNSPECIFIED.,.F.,.F.,(2,2),(0.00000000000000000E0,1.00000000000000000E0),.UNSPECIFIED.);
#755=DEFINITIONAL_REPRESENTATION('',(#754),#571);
#756=PCURVE('',#150,#755);
#757=CARTESIAN_POINT('',(1.00000000000000000E0,0.00000000000000000E0));
#758=CARTESIAN_POINT('',(1.00000000000000000E0,1.00000000000000000E0));
#759=B_SPLINE_CURVE_WITH_KNOTS('',1,(#757,#758),.UNSPECIFIED.,.F.,.F.,(2,2),(0.00000000000000000E0,1.00000000000000000E0),.UNSPECIFIED.);
#760=DEFINITIONAL_REPRESENTATION('',(#759),#571);
#761=PCURVE('',#150,#760);
#762=CARTESIAN_POINT('',(1.00000000000000000E0,1.00000000000000000E0));
#763=CARTESIAN_POINT('',(0.00000000000000000E0,1.00000000000000000E0));
#764=B_SPLINE_CURVE_WITH_KNOTS('',1,(#762,#763),.UNSPECIFIED.,.F.,.F.,(2,2),(0.00000000000000000E0,1.00000000000000000E0),.UNSPECIFIED.);
#765=DEFINITIONAL_REPRESENTATION('',(#764),#571);
#766=PCURVE('',#150,#765);
#767=CARTESIAN_POINT('',(0.00000000000000000E0,1.00000000000000000E0));
#768=CARTESIAN_POINT('',(0.00000000000000000E0,0.00000000000000000E0));
#769=B_SPLINE_CURVE_WITH_KNOTS('',1,(#767,#768),.UNSPECIFIED.,.F.,.F.,(2,2),(0.00000000000000000E0,1.00000000000000000E0),.UNSPECIFIED.);
#770=DEFINITIONAL_REPRESENTATION('',(#769),#571);
#771=PCURVE('',#150,#770);
#772=CARTESIAN_POINT('',(0.00000000000000000E0,0.00000000000000000E0));
#773=CARTESIAN_POINT('',(1.00000000000000000E0,0.00000000000000000E0));
#774=B_SPLINE_CURVE_WITH_KNOTS('',1,(#772,#773),.UNSPECIFIED.,.F.,.F.,(2,2),(0.00000000000000000E0,1.00000000000000000E0),.UNSPECIFIED.);
#775=DEFINITIONAL_REPRESENTATION('',(#774),#571);
#776=PCURVE('',#157,#775);
#777=CARTESIAN_POINT('',(1.00000000000000000E0,0.00000000000000000E0));
#778=CARTESIAN_POINT('',(1.00000000000000000E0,1.00000000000000000E0));
#779=B_SPLINE_CURVE_WITH_KNOTS('',1,(#777,#778),.UNSPECIFIED.,.F.,.F.,(2,2),(0.00000000000000000E0,1.00000000000000000E0),.UNSPECIFIED.);
#780=DEFINITIONAL_REPRESENTATION('',(#779),#571);
#781=PCURVE('',#157,#780);
#782=CARTESIAN_POINT('',(1.00000000000000000E0,1.00000000000000000E0));
#783=CARTESIAN_POINT('',(0.00000000000000000E0,1.00000000000000000E0));
#784=B_SPLINE_CURVE_WITH_KNOTS('',1,(#782,#783),.UNSPECIFIED.,.F.,.F.,(2,2),(0.00000000000000000E0,1.00000000000000000E0),.UNSPECIFIED.);
#785=DEFINITIONAL_REPRESENTATION('',(#784),#571);
#786=PCURVE('',#157,#785);
#787=CARTESIAN_POINT('',(0.00000000000000000E0,1.00000000000000000E0));
#788=CARTESIAN_POINT('',(0.00000000000000000E0,0.00000000000000000E0));
#789=B_SPLINE_CURVE_WITH_KNOTS('',1,(#787,#788),.UNSPECIFIED.,.F.,.F.,(2,2),(0.00000000000000000E0,1.00000000000000000E0),.UNSPECIFIED.);
#790=DEFINITIONAL_REPRESENTATION('',(#789),#571);
#791=PCURVE('',#157,#790);
#792=CARTESIAN_POINT('',(0.00000000000000000E0,0.00000000000000000E0));
#793=CARTESIAN_POINT('',(1.00000000000000000E0,0.00000000000000000E0));
#794=B_SPLINE_CURVE_WITH_KNOTS('',1,(#792,#793),.UNSPECIFIED.,.F.,.F.,(2,2),(0.00000000000000000E0,1.00000000000000000E0),.UNSPECIFIED.);
#795=DEFINITIONAL_REPRESENTATION('',(#794),#571);
#796=PCURVE('',#164,#795);
#797=CARTESIAN_POINT('',(1.00000000000000000E0,0.00000000000000000E0));
#798=CARTESIAN_POINT('',(1.00000000000000000E0,1.00000000000000000E0));
#799=B_SPLINE_CURVE_WITH_KNOTS('',1,(#797,#798),.UNSPECIFIED.,.F.,.F.,(2,2),(0.00000000000000000E0,1.00000000000000000E0),.UNSPECIFIED.);
#800=DEFINITIONAL_REPRESENTATION('',(#799),#571);
#801=PCURVE('',#164,#800);
#802=CARTESIAN_POINT('',(1.00000000000000000E0,1.00000000000000000E0));
#803=CARTESIAN_POINT('',(0.00000000000000000E0,1.00000000000000000E0));
#804=B_SPLINE_CURVE_WITH_KNOTS('',1,(#802,#803),.UNSPECIFIED.,.F.,.F.,(2,2),(0.00000000000000000E0,1.00000000000000000E0),.UNSPECIFIED.);
#805=DEFINITIONAL_REPRESENTATION('',(#804),#571);
#806=PCURVE('',#164,#805);
#807=CARTESIAN_POINT('',(0.00000000000000000E0,1.00000000000000000E0));
#808=CARTESIAN_POINT('',(0.00000000000000000E0,0.00000000000000000E0));
#809=B_SPLINE_CURVE_WITH_KNOTS('',1,(#807,#808),.UNSPECIFIED.,.F.,.F.,(2,2),(0.00000000000000000E0,1.00000000000000000E0),.UNSPECIFIED.);
#810=DEFINITIONAL_REPRESENTATION('',(#809),#571);
#811=PCURVE('',#164,#810);
#812=CARTESIAN_POINT('',(0.00000000000000000E0,0.00000000000000000E0));
#813=CARTESIAN_POINT('',(1.00000000000000000E0,0.00000000000000000E0));
#814=B_SPLINE_CURVE_WITH_KNOTS('',1,(#812,#813),.UNSPECIFIED.,.F.,.F.,(2,2),(0.00000000000000000E0,1.00000000000000000E0),.UNSPECIFIED.);
#815=DEFINITIONAL_REPRESENTATION('',(#814),#571);
#816=PCURVE('',#171,#815);
#817=CARTESIAN_POINT('',(1.00000000000000000E0,0.00000000000000000E0));
#818=CARTESIAN_POINT('',(1.00000000000000000E0,1.00000000000000000E0));
#819=B_SPLINE_CURVE_WITH_KNOTS('',1,(#817,#818),.UNSPECIFIED.,.F.,.F.,(2,2),(0.00000000000000000E0,1.00000000000000000E0),.UNSPECIFIED.);
#820=DEFINITIONAL_REPRESENTATION('',(#819),#571);
#821=PCURVE('',#171,#820);
#822=CARTESIAN_POINT('',(1.00000000000000000E0,1.00000000000000000E0));
#823=CARTESIAN_POINT('',(0.00000000000000000E0,1.00000000000000000E0));
#824=B_SPLINE_CURVE_WITH_KNOTS('',1,(#822,#823),.UNSPECIFIED.,.F.,.F.,(2,2),(0.00000000000000000E0,1.00000000000000000E0),.UNSPECIFIED.);
#825=DEFINITIONAL_REPRESENTATION('',(#824),#571);
#826=PCURVE('',#171,#825);
#827=CARTESIAN_POINT('',(0.00000000000000000E0,1.00000000000000000E0));
#828=CARTESIAN_POINT('',(0.00000000000000000E0,0.00000000000000000E0));
#829=B_SPLINE_CURVE_WITH_KNOTS('',1,(#827,#828),.UNSPECIFIED.,.F.,.F.,(2,2),(0.00000000000000000E0,1.00000000000000000E0),.UNSPECIFIED.);
#830=DEFINITIONAL_REPRESENTATION('',(#829),#571);
#831=PCURVE('',#171,#830);
#832=CARTESIAN_POINT('',(0.00000000000000000E0,0.00000000000000000E0));
#833=CARTESIAN_POINT('',(1.00000000000000000E0,0.00000000000000000E0));
#834=B_SPLINE_CURVE_WITH_KNOTS('',1,(#832,#833),.UNSPECIFIED.,.F.,.F.,(2,2),(0.00000000000000000E0,1.00000000000000000E0),.UNSPECIFIED.);
#835=DEFINITIONAL_REPRESENTATION('',(#834),#571);
#836=PCURVE('',#178,#835);
#837=CARTESIAN_POINT('',(1.00000000000000000E0,0.00000000000000000E0));
#838=CARTESIAN_POINT('',(1.00000000000000000E0,1.00000000000000000E0));
#839=B_SPLINE_CURVE_WITH_KNOTS('',1,(#837,#838),.UNSPECIFIED.,.F.,.F.,(2,2),(0.00000000000000000E0,1.00000000000000000E0),.UNSPECIFIED.);
#840=DEFINITIONAL_REPRESENTATION('',(#839),#571);
#841=PCURVE('',#178,#840);
#842=CARTESIAN_POINT('',(1.00000000000000000E0,1.00000000000000000E0));
#843=CARTESIAN_POINT('',(0.00000000000000000E0,1.00000000000000000E0));
#844=B_SPLINE_CURVE_WITH_KNOTS('',1,(#842,#843),.UNSPECIFIED.,.F.,.F.,(2,2),(0.00000000000000000E0,1.00000000000000000E0),.UNSPECIFIED.);
#845=DEFINITIONAL_REPRESENTATION('',(#844),#571);
#846=PCURVE('',#178,#845);
#847=CARTESIAN_POINT('',(0.00000000000000000E0,1.00000000000000000E0));
#848=CARTESIAN_POINT('',(0.00000000000000000E0,0.00000000000000000E0));
#849=B_SPLINE_CURVE_WITH_KNOTS('',1,(#847,#848),.UNSPECIFIED.,.F.,.F.,(2,2),(0.00000000000000000E0,1.00000000000000000E0),.UNSPECIFIED.);
#850=DEFINITIONAL_REPRESENTATION('',(#849),#571);
#851=PCURVE('',#178,#850);
#852=CARTESIAN_POINT('',(0.00000000000000000E0,0.00000000000000000E0));
#853=CARTESIAN_POINT('',(1.00000000000000000E0,0.00000000000000000E0));
#854=B_SPLINE_CURVE_WITH_KNOTS('',1,(#852,#853),.UNSPECIFIED.,.F.,.F.,(2,2),(0.00000000000000000E0,1.00000000000000000E0),.UNSPECIFIED.);
#855=DEFINITIONAL_REPRESENTATION('',(#854),#571);
#856=PCURVE('',#185,#855);
#857=CARTESIAN_POINT('',(1.00000000000000000E0,0.00000000000000000E0));
#858=CARTESIAN_POINT('',(1.00000000000000000E0,1.00000000000000000E0));
#859=B_SPLINE_CURVE_WITH_KNOTS('',1,(#857,#858),.UNSPECIFIED.,.F.,.F.,(2,2),(0.00000000000000000E0,1.00000000000000000E0),.UNSPECIFIED.);
#860=DEFINITIONAL_REPRESENTATION('',(#859),#571);
#861=PCURVE('',#185,#860);
#862=CARTESIAN_POINT('',(1.00000000000000000E0,1.00000000000000000E0));
#863=CARTESIAN_POINT('',(0.00000000000000000E0,1.00000000000000000E0));
#864=B_SPLINE_CURVE_WITH_KNOTS('',1,(#862,#863),.UNSPECIFIED.,.F.,.F.,(2,2),(0.00000000000000000E0,1.00000000000000000E0),.UNSPECIFIED.);
#865=DEFINITIONAL_REPRESENTATION('',(#864),#571);
#866=PCURVE('',#185,#865);
#867=CARTESIAN_POINT('',(0.00000000000000000E0,1.00000000000000000E0));
#868=CARTESIAN_POINT('',(0.00000000000000000E0,0.00000000000000000E0));
#869=B_SPLINE_CURVE_WITH_KNOTS('',1,(#867,#868),.UNSPECIFIED.,.F.,.F.,(2,2),(0.00000000000000000E0,1.00000000000000000E0),.UNSPECIFIED.);
#870=DEFINITIONAL_REPRESENTATION('',(#869),#571);
#871=PCURVE('',#185,#870);
#872=CARTESIAN_POINT('',(0.00000000000000000E0,0.00000000000000000E0));
#873=CARTESIAN_POINT('',(1.00000000000000000E0,0.00000000000000000E0));
#874=B_SPLINE_CURVE_WITH_KNOTS('',1,(#872,#873),.UNSPECIFIED.,.F.,.F.,(2,2),(0.00000000000000000E0,1.00000000000000000E0),.UNSPECIFIED.);
#875=DEFINITIONAL_REPRESENTATION('',(#874),#571);
#876=PCURVE('',#192,#875);
#877=CARTESIAN_POINT('',(1.00000000000000000E0,0.00000000000000000E0));
#878=CARTESIAN_POINT('',(1.00000000000000000E0,1.00000000000000000E0));
#879=B_SPLINE_CURVE_WITH_KNOTS('',1,(#877,#878),.UNSPECIFIED.,.F.,.F.,(2,2),(0.00000000000000000E0,1.00000000000000000E0),.UNSPECIFIED.);
#880=DEFINITIONAL_REPRESENTATION('',(#879),#571);
#881=PCURVE('',#192,#880);
#882=CARTESIAN_POINT('',(1.00000000000000000E0,1.00000000000000000E0));
#883=CARTESIAN_POINT('',(0.00000000000000000E0,1.00000000000000000E0));
#884=B_SPLINE_CURVE_WITH_KNOTS('',1,(#882,#883),.UNSPECIFIED.,.F.,.F.,(2,2),(0.00000000000000000E0,1.00000000000000000E0),.UNSPECIFIED.);
#885=DEFINITIONAL_REPRESENTATION('',(#884),#571);
#886=PCURVE('',#192,#885);
#887=CARTESIAN_POINT('',(0.00000000000000000E0,1.00000000000000000E0));
#888=CARTESIAN_POINT('',(0.00000000000000000E0,0.00000000000000000E0));
#889=B_SPLINE_CURVE_WITH_KNOTS('',1,(#887,#888),.UNSPECIFIED.,.F.,.F.,(2,2),(0.00000000000000000E0,1.00000000000000000E0),.UNSPECIFIED.);
#890=DEFINITIONAL_REPRESENTATION('',(#889),#571);
#891=PCURVE('',#192,#890);
#892=CARTESIAN_POINT('',(0.00000000000000000E0,0.00000000000000000E0));
#893=CARTESIAN_POINT('',(1.00000000000000000E0,0.00000000000000000E0));
#894=B_SPLINE_CURVE_WITH_KNOTS('',1,(#892,#893),.UNSPECIFIED.,.F.,.F.,(2,2),(0.00000000000000000E0,1.00000000000000000E0),.UNSPECIFIED.);
#895=DEFINITIONAL_REPRESENTATION('',(#894),#571);
#896=PCURVE('',#199,#895);
#897=CARTESIAN_POINT('',(1.00000000000000000E0,0.00000000000000000E0));
#898=CARTESIAN_POINT('',(1.00000000000000000E0,1.00000000000000000E0));
#899=B_SPLINE_CURVE_WITH_KNOTS('',1,(#897,#898),.UNSPECIFIED.,.F.,.F.,(2,2),(0.00000000000000000E0,1.00000000000000000E0),.UNSPECIFIED.);
#900=DEFINITIONAL_REPRESENTATION('',(#899),#571);
#901=PCURVE('',#199,#900);
#902=CARTESIAN_POINT('',(1.00000000000000000E0,1.00000000000000000E0));
#903=CARTESIAN_POINT('',(0.00000000000000000E0,1.00000000000000000E0));
#904=B_SPLINE_CURVE_WITH_KNOTS('',1,(#902,#903),.UNSPECIFIED.,.F.,.F.,(2,2),(0.00000000000000000E0,1.00000000000000000E0),.UNSPECIFIED.);
#905=DEFINITIONAL_REPRESENTATION('',(#904),#571);
#906=PCURVE('',#199,#905);
#907=CARTESIAN_POINT('',(0.00000000000000000E0,1.00000000000000000E0));
#908=CARTESIAN_POINT('',(0.00000000000000000E0,0.00000000000000000E0));
#909=B_SPLINE_CURVE_WITH_KNOTS('',1,(#907,#908),.UNSPECIFIED.,.F.,.F.,(2,2),(0.00000000000000000E0,1.00000000000000000E0),.UNSPECIFIED.);
#910=DEFINITIONAL_REPRESENTATION('',(#909),#571);
#911=PCURVE('',#199,#910);
#912=CARTESIAN_POINT('',(0.00000000000000000E0,0.00000000000000000E0));
#913=CARTESIAN_POINT('',(1.00000000000000000E0,0.00000000000000000E0));
#914=B_SPLINE_CURVE_WITH_KNOTS('',1,(#912,#913),.UNSPECIFIED.,.F.,.F.,(2,2),(0.00000000000000000E0,1.00000000000000000E0),.UNSPECIFIED.);
#915=DEFINITIONAL_REPRESENTATION('',(#914),#571);
#916=PCURVE('',#206,#915);
#917=CARTESIAN_POINT('',(1.00000000000000000E0,0.00000000000000000E0));
#918=CARTESIAN_POINT('',(1.00000000000000000E0,1.00000000000000000E0));
#919=B_SPLINE_CURVE_WITH_KNOTS('',1,(#917,#918),.UNSPECIFIED.,.F.,.F.,(2,2),(0.00000000000000000E0,1.00000000000000000E0),.UNSPECIFIED.);
#920=DEFINITIONAL_REPRESENTATION('',(#919),#571);
#921=PCURVE('',#206,#920);
#922=CARTESIAN_POINT('',(1.00000000000000000E0,1.00000000000000000E0));
#923=CARTESIAN_POINT('',(0.00000000000000000E0,1.00000000000000000E0));
#924=B_SPLINE_CURVE_WITH_KNOTS('',1,(#922,#923),.UNSPECIFIED.,.F.,.F.,(2,2),(0.00000000000000000E0,1.00000000000000000E0),.UNSPECIFIED.);
#925=DEFINITIONAL_REPRESENTATION('',(#924),#571);
#926=PCURVE('',#206,#925);
#927=CARTESIAN_POINT('',(0.00000000000000000E0,1.00000000000000000E0));
#928=CARTESIAN_POINT('',(0.00000000000000000E0,0.00000000000000000E0));
#929=B_SPLINE_CURVE_WITH_KNOTS('',1,(#927,#928),.UNSPECIFIED.,.F.,.F.,(2,2),(0.00000000000000000E0,1.00000000000000000E0),.UNSPECIFIED.);
#930=DEFINITIONAL_REPRESENTATION('',(#929),#571);
#931=PCURVE('',#206,#930);
#932=CARTESIAN_POINT('',(0.00000000000000000E0,0.00000000000000000E0));
#933=CARTESIAN_POINT('',(1.00000000000000000E0,0.00000000000000000E0));
#934=B_SPLINE_CURVE_WITH_KNOTS('',1,(#932,#933),.UNSPECIFIED.,.F.,.F.,(2,2),(0.00000000000000000E0,1.00000000000000000E0),.UNSPECIFIED.);
#935=DEFINITIONAL_REPRESENTATION('',(#934),#571);
#936=PCURVE('',#213,#935);
#937=CARTESIAN_POINT('',(1.00000000000000000E0,0.00000000000000000E0));
#938=CARTESIAN_POINT('',(1.00000000000000000E0,1.00000000000000000E0));
#939=B_SPLINE_CURVE_WITH_KNOTS('',1,(#937,#938),.UNSPECIFIED.,.F.,.F.,(2,2),(0.00000000000000000E0,1.00000000000000000E0),.UNSPECIFIED.);
#940=DEFINITIONAL_REPRESENTATION('',(#939),#571);
#941=PCURVE('',#213,#940);
#942=CARTESIAN_POINT('',(1.00000000000000000E0,1.00000000000000000E0));
#943=CARTESIAN_POINT('',(0.00000000000000000E0,1.00000000000000000E0));
#944=B_SPLINE_CURVE_WITH_KNOTS('',1,(#942,#943),.UNSPECIFIED.,.F.,.F.,(2,2),(0.00000000000000000E0,1.00000000000000000E0),.UNSPECIFIED.);
#945=DEFINITIONAL_REPRESENTATION('',(#944),#571);
#946=PCURVE('',#213,#945);
#947=CARTESIAN_POINT('',(0.00000000000000000E0,1.00000000000000000E0));
#948=CARTESIAN_POINT('',(0.00000000000000000E0,0.00000000000000000E0));
#949=B_SPLINE_CURVE_WITH_KNOTS('',1,(#947,#948),.UNSPECIFIED.,.F.,.F.,(2,2),(0.00000000000000000E0,1.00000000000000000E0),.UNSPECIFIED.);
#950=DEFINITIONAL_REPRESENTATION('',(#949),#571);
#951=PCURVE('',#213,#950);
#952=CARTESIAN_POINT('',(0.00000000000000000E0,0.00000000000000000E0));
#953=CARTESIAN_POINT('',(1.00000000000000000E0,0.00000000000000000E0));
#954=B_SPLINE_CURVE_WITH_KNOTS('',1,(#952,#953),.UNSPECIFIED.,.F.,.F.,(2,2),(0.00000000000000000E0,1.00000000000000000E0),.UNSPECIFIED.);
#955=DEFINITIONAL_REPRESENTATION('',(#954),#571);
#956=PCURVE('',#220,#955);
#957=CARTESIAN_POINT('',(1.00000000000000000E0,0.00000000000000000E0));
#958=CARTESIAN_POINT('',(1.00000000000000000E0,1.00000000000000000E0));
#959=B_SPLINE_CURVE_WITH_KNOTS('',1,(#957,#958),.UNSPECIFIED.,.F.,.F.,(2,2),(0.00000000000000000E0,1.00000000000000000E0),.UNSPECIFIED.);
#960=DEFINITIONAL_REPRESENTATION('',(#959),#571);
#961=PCURVE('',#220,#960);
#962=CARTESIAN_POINT('',(1.00000000000000000E0,1.00000000000000000E0));
#963=CARTESIAN_POINT('',(0.00000000000000000E0,1.00000000000000000E0));
#964=B_SPLINE_CURVE_WITH_KNOTS('',1,(#962,#963),.UNSPECIFIED.,.F.,.F.,(2,2),(0.00000000000000000E0,1.00000000000000000E0),.UNSPECIFIED.);
#965=DEFINITIONAL_REPRESENTATION('',(#964),#571);
#966=PCURVE('',#220,#965);
#967=CARTESIAN_POINT('',(0.00000000000000000E0,1.00000000000000000E0));
#968=CARTESIAN_POINT('',(0.00000000000000000E0,0.00000000000000000E0));
#969=B_SPLINE_CURVE_WITH_KNOTS('',1,(#967,#968),.UNSPECIFIED.,.F.,.F.,(2,2),(0.00000000000000000E0,1.00000000000000000E0),.UNSPECIFIED.);
#970=DEFINITIONAL_REPRESENTATION('',(#969),#571);
#971=PCURVE('',#220,#970);
#972=CARTESIAN_POINT('',(0.00000000000000000E0,0.00000000000000000E0));
#973=CARTESIAN_POINT('',(1.00000000000000000E0,0.00000000000000000E0));
#974=B_SPLINE_CURVE_WITH_KNOTS('',1,(#972,#973),.UNSPECIFIED.,.F.,.F.,(2,2),(0.00000000000000000E0,1.00000000000000000E0),.UNSPECIFIED.);
#975=DEFINITIONAL_REPRESENTATION('',(#974),#571);
#976=PCURVE('',#227,#975);
#977=CARTESIAN_POINT('',(1.00000000000000000E0,0.00000000000000000E0));
#978=CARTESIAN_POINT('',(1.00000000000000000E0,1.00000000000000000E0));
#979=B_SPLINE_CURVE_WITH_KNOTS('',1,(#977,#978),.UNSPECIFIED.,.F.,.F.,(2,2),(0.00000000000000000E0,1.00000000000000000E0),.UNSPECIFIED.);
#980=DEFINITIONAL_REPRESENTATION('',(#979),#571);
#981=PCURVE('',#227,#980);
#982=CARTESIAN_POINT('',(1.00000000000000000E0,1.00000000000000000E0));
#983=CARTESIAN_POINT('',(0.00000000000000000E0,1.00000000000000000E0));
#984=B_SPLINE_CURVE_WITH_KNOTS('',1,(#982,#983),.UNSPECIFIED.,.F.,.F.,(2,2),(0.00000000000000000E0,1.00000000000000000E0),.UNSPECIFIED.);
#985=DEFINITIONAL_REPRESENTATION('',(#984),#571);
#986=PCURVE('',#227,#985);
#987=CARTESIAN_POINT('',(0.00000000000000000E0,1.00000000000000000E0));
#988=CARTESIAN_POINT('',(0.00000000000000000E0,0.00000000000000000E0));
#989=B_SPLINE_CURVE_WITH_KNOTS('',1,(#987,#988),.UNSPECIFIED.,.F.,.F.,(2,2),(0.00000000000000000E0,1.00000000000000000E0),.UNSPECIFIED.);
#990=DEFINITIONAL_REPRESENTATION('',(#989),#571);
#991=PCURVE('',#227,#990);
#992=CARTESIAN_POINT('',(0.00000000000000000E0,0.00000000000000000E0));
#993=CARTESIAN_POINT('',(1.00000000000000000E0,0.00000000000000000E0));
#994=B_SPLINE_CURVE_WITH_KNOTS('',1,(#992,#993),.UNSPECIFIED.,.F.,.F.,(2,2),(0.00000000000000000E0,1.00000000000000000E0),.UNSPECIFIED.);
#995=DEFINITIONAL_REPRESENTATION('',(#994),#571);
#996=PCURVE('',#234,#995);
#997=CARTESIAN_POINT('',(1.00000000000000000E0,0.00000000000000000E0));
#998=CARTESIAN_POINT('',(1.00000000000000000E0,1.00000000000000000E0));
#999=B_SPLINE_CURVE_WITH_KNOTS('',1,(#997,#998),.UNSPECIFIED.,.F.,.F.,(2,2),(0.00000000000000000E0,1.00000000000000000E0),.UNSPECIFIED.);
#1000=DEFINITIONAL_REPRESENTATION('',(#999),#571);
#1001=PCURVE('',#234,#1000);
#1002=CARTESIAN_POINT('',(1.00000000000000000E0,1.00000000000000000E0));
#1003=CARTESIAN_POINT('',(0.00000000000000000E0,1.00000000000000000E0));
#1004=B_SPLINE_CURVE_WITH_KNOTS('',1,(#1002,#1003),.UNSPECIFIED.,.F.,.F.,(2,2),(0.00000000000000000E0,1.00000000000000000E0),.UNSPECIFIED.);
#1005=DEFINITIONAL_REPRESENTATION('',(#1004),#571);
#1006=PCURVE('',#234,#1005);
#1007=CARTESIAN_POINT('',(0.00000000000000000E0,1.00000000000000000E0));
#1008=CARTESIAN_POINT('',(0.00000000000000000E0,0.00000000000000000E0));
#1009=B_SPLINE_CURVE_WITH_KNOTS('',1,(#1007,#1008),.UNSPECIFIED.,.F.,.F.,(2,2),(0.00000000000000000E0,1.00000000000000000E0),.UNSPECIFIED.);
#1010=DEFINITIONAL_REPRESENTATION('',(#1009),#571);
#1011=PCURVE('',#234,#1010);
#1012=CARTESIAN_POINT('',(0.00000000000000000E0,0.00000000000000000E0));
#1013=CARTESIAN_POINT('',(1.00000000000000000E0,0.00000000000000000E0));
#1014=B_SPLINE_CURVE_WITH_KNOTS('',1,(#1012,#1013),.UNSPECIFIED.,.F.,.F.,(2,2),(0.00000000000000000E0,1.00000000000000000E0),.UNSPECIFIED.);
#1015=DEFINITIONAL_REPRESENTATION('',(#1014),#571);
#1016=PCURVE('',#241,#1015);
#1017=CARTESIAN_POINT('',(1.00000000000000000E0,0.00000000000000000E0));
#1018=CARTESIAN_POINT('',(1.00000000000000000E0,1.00000000000000000E0));
#1019=B_SPLINE_CURVE_WITH_KNOTS('',1,(#1017,#1018),.UNSPECIFIED.,.F.,.F.,(2,2),(0.00000000000000000E0,1.00000000000000000E0),.UNSPECIFIED.);
#1020=DEFINITIONAL_REPRESENTATION('',(#1019),#571);
#1021=PCURVE('',#241,#1020);
#1022=CARTESIAN_POINT('',(1.00000000000000000E0,1.00000000000000000E0));
#1023=CARTESIAN_POINT('',(0.00000000000000000E0,1.00000000000000000E0));
#1024=B_SPLINE_CURVE_WITH_KNOTS('',1,(#1022,#1023),.UNSPECIFIED.,.F.,.F.,(2,2),(0.00000000000000000E0,1.00000000000000000E0),.UNSPECIFIED.);
#1025=DEFINITIONAL_REPRESENTATION('',(#1024),#571);
#1026=PCURVE('',#241,#1025);
#1027=CARTESIAN_POINT('',(0.00000000000000000E0,1.00000000000000000E0));
#1028=CARTESIAN_POINT('',(0.00000000000000000E0,0.00000000000000000E0));
#1029=B_SPLINE_CURVE_WITH_KNOTS('',1,(#1027,#1028),.UNSPECIFIED.,.F.,.F.,(2,2),(0.00000000000000000E0,1.00000000000000000E0),.UNSPECIFIED.);
#1030=DEFINITIONAL_REPRESENTATION('',(#1029),#571);
#1031=PCURVE('',#241,#1030);
#1032=CARTESIAN_POINT('',(0.00000000000000000E0,0.00000000000000000E0));
#1033=CARTESIAN_POINT('',(1.00000000000000000E0,0.00000000000000000E0));
#1034=B_SPLINE_CURVE_WITH_KNOTS('',1,(#1032,#1033),.UNSPECIFIED.,.F.,.F.,(2,2),(0.00000000000000000E0,1.00000000000000000E0),.UNSPECIFIED.);
#1035=DEFINITIONAL_REPRESENTATION('',(#1034),#571);
#1036=PCURVE('',#248,#1035);
#1037=CARTESIAN_POINT('',(1.00000000000000000E0,0.00000000000000000E0));
#1038=CARTESIAN_POINT('',(1.00000000000000000E0,1.00000000000000000E0));
#1039=B_SPLINE_CURVE_WITH_KNOTS('',1,(#1037,#1038),.UNSPECIFIED.,.F.,.F.,(2,2),(0.00000000000000000E0,1.00000000000000000E0),.UNSPECIFIED.);
#1040=DEFINITIONAL_REPRESENTATION('',(#1039),#571);
#1041=PCURVE('',#248,#1040);
#1042=CARTESIAN_POINT('',(1.00000000000000000E0,1.00000000000000000E0));
#1043=CARTESIAN_POINT('',(0.00000000000000000E0,1.00000000000000000E0));
#1044=B_SPLINE_CURVE_WITH_KNOTS('',1,(#1042,#1043),.UNSPECIFIED.,.F.,.F.,(2,2),(0.00000000000000000E0,1.00000000000000000E0),.UNSPECIFIED.);
#1045=DEFINITIONAL_REPRESENTATION('',(#1044),#571);
#1046=PCURVE('',#248,#1045);
#1047=CARTESIAN_POINT('',(0.00000000000000000E0,1.00000000000000000E0));
#1048=CARTESIAN_POINT('',(0.00000000000000000E0,0.00000000000000000E0));
#1049=B_SPLINE_CURVE_WITH_KNOTS('',1,(#1047,#1048),.UNSPECIFIED.,.F.,.F.,(2,2),(0.00000000000000000E0,1.00000000000000000E0),.UNSPECIFIED.);
#1050=DEFINITIONAL_REPRESENTATION('',(#1049),#571);
#1051=PCURVE('',#248,#1050);
#1052=CARTESIAN_POINT('',(0.00000000000000000E0,0.00000000000000000E0));
#1053=CARTESIAN_POINT('',(1.00000000000000000E0,0.00000000000000000E0));
#1054=B_SPLINE_CURVE_WITH_KNOTS('',1,(#1052,#1053),.UNSPECIFIED.,.F.,.F.,(2,2),(0.00000000000000000E0,1.00000000000000000E0),.UNSPECIFIED.);
#1055=DEFINITIONAL_REPRESENTATION('',(#1054),#571);
#1056=PCURVE('',#255,#1055);
#1057=CARTESIAN_POINT('',(1.00000000000000000E0,0.00000000000000000E0));
#1058=CARTESIAN_POINT('',(1.00000000000000000E0,1.00000000000000000E0));
#1059=B_SPLINE_CURVE_WITH_KNOTS('',1,(#1057,#1058),.UNSPECIFIED.,.F.,.F.,(2,2),(0.00000000000000000E0,1.00000000000000000E0),.UNSPECIFIED.);
#1060=DEFINITIONAL_REPRESENTATION('',(#1059),#571);
#1061=PCURVE('',#255,#1060);
#1062=CARTESIAN_POINT('',(1.00000000000000000E0,1.00000000000000000E0));
#1063=CARTESIAN_POINT('',(0.00000000000000000E0,1.00000000000000000E0));
#1064=B_SPLINE_CURVE_WITH_KNOTS('',1,(#1062,#1063),.UNSPECIFIED.,.F.,.F.,(2,2),(0.00000000000000000E0,1.00000000000000000E0),.UNSPECIFIED.);
#1065=DEFINITIONAL_REPRESENTATION('',(#1064),#571);
#1066=PCURVE('',#255,#1065);
#1067=CARTESIAN_POINT('',(0.00000000000000000E0,1.00000000000000000E0));
#1068=CARTESIAN_POINT('',(0.00000000000000000E0,0.00000000000000000E0));
#1069=B_SPLINE_CURVE_WITH_KNOTS('',1,(#1067,#1068),.UNSPECIFIED.,.F.,.F.,(2,2),(0.00000000000000000E0,1.00000000000000000E0),.UNSPECIFIED.);
#1070=DEFINITIONAL_REPRESENTATION('',(#1069),#571);
#1071=PCURVE('',#255,#1070);
#1072=CARTESIAN_POINT('',(0.00000000000000000E0,0.00000000000000000E0));
#1073=CARTESIAN_POINT('',(1.00000000000000000E0,0.00000000000000000E0));
#1074=B_SPLINE_CURVE_WITH_KNOTS('',1,(#1072,#1073),.UNSPECIFIED.,.F.,.F.,(2,2),(0.00000000000000000E0,1.00000000000000000E0),.UNSPECIFIED.);
#1075=DEFINITIONAL_REPRESENTATION('',(#1074),#571);
#1076=PCURVE('',#262,#1075);
#1077=CARTESIAN_POINT('',(1.00000000000000000E0,0.00000000000000000E0));
#1078=CARTESIAN_POINT('',(1.00000000000000000E0,1.00000000000000000E0));
#1079=B_SPLINE_CURVE_WITH_KNOTS('',1,(#1077,#1078),.UNSPECIFIED.,.F.,.F.,(2,2),(0.00000000000000000E0,1.00000000000000000E0),.UNSPECIFIED.);
#1080=DEFINITIONAL_REPRESENTATION('',(#1079),#571);
#1081=PCURVE('',#262,#1080);
#1082=CARTESIAN_POINT('',(1.00000000000000000E0,1.00000000000000000E0));
#1083=CARTESIAN_POINT('',(0.00000000000000000E0,1.00000000000000000E0));
#1084=B_SPLINE_CURVE_WITH_KNOTS('',1,(#1082,#1083),.UNSPECIFIED.,.F.,.F.,(2,2),(0.00000000000000000E0,1.00000000000000000E0),.UNSPECIFIED.);
#1085=DEFINITIONAL_REPRESENTATION('',(#1084),#571);
#1086=PCURVE('',#262,#1085);
#1087=CARTESIAN_POINT('',(0.00000000000000000E0,1.00000000000000000E0));
#1088=CARTESIAN_POINT('',(0.00000000000000000E0,0.00000000000000000E0));
#1089=B_SPLINE_CURVE_WITH_KNOTS('',1,(#1087,#1088),.UNSPECIFIED.,.F.,.F.,(2,2),(0.00000000000000000E0,1.00000000000000000E0),.UNSPECIFIED.);
#1090=DEFINITIONAL_REPRESENTATION('',(#1089),#571);
#1091=PCURVE('',#262,#1090);
#1092=CARTESIAN_POINT('',(0.00000000000000000E0,0.00000000000000000E0));
#1093=CARTESIAN_POINT('',(1.00000000000000000E0,0.00000000000000000E0));
#1094=B_SPLINE_CURVE_WITH_KNOTS('',1,(#1092,#1093),.UNSPECIFIED.,.F.,.F.,(2,2),(0.00000000000000000E0,1.00000000000000000E0),.UNSPECIFIED.);
#1095=DEFINITIONAL_REPRESENTATION('',(#1094),#571);
#1096=PCURVE('',#269,#1095);
#1097=CARTESIAN_POINT('',(1.00000000000000000E0,0.00000000000000000E0));
#1098=CARTESIAN_POINT('',(1.00000000000000000E0,1.00000000000000000E0));
#1099=B_SPLINE_CURVE_WITH_KNOTS('',1,(#1097,#1098),.UNSPECIFIED.,.F.,.F.,(2,2),(0.00000000000000000E0,1.00000000000000000E0),.UNSPECIFIED.);
#1100=DEFINITIONAL_REPRESENTATION('',(#1099),#571);
#1101=PCURVE('',#269,#1100);
#1102=CARTESIAN_POINT('',(1.00000000000000000E0,1.00000000000000000E0));
#1103=CARTESIAN_POINT('',(0.00000000000000000E0,1.00000000000000000E0));
#1104=B_SPLINE_CURVE_WITH_KNOTS('',1,(#1102,#1103),.UNSPECIFIED.,.F.,.F.,(2,2),(0.00000000000000000E0,1.00000000000000000E0),.UNSPECIFIED.);
#1105=DEFINITIONAL_REPRESENTATION('',(#1104),#571);
#1106=PCURVE('',#269,#1105);
#1107=CARTESIAN_POINT('',(0.00000000000000000E0,1.00000000000000000E0));
#1108=CARTESIAN_POINT('',(0.00000000000000000E0,0.00000000000000000E0));
#1109=B_SPLINE_CURVE_WITH_KNOTS('',1,(#1107,#1108),.UNSPECIFIED.,.F.,.F.,(2,2),(0.00000000000000000E0,1.00000000000000000E0),.UNSPECIFIED.);
#1110=DEFINITIONAL_REPRESENTATION('',(#1109),#571);
#1111=PCURVE('',#269,#1110);
#1112=CARTESIAN_POINT('',(0.00000000000000000E0,0.00000000000000000E0));
#1113=CARTESIAN_POINT('',(1.00000000000000000E0,0.00000000000000000E0));
#1114=B_SPLINE_CURVE_WITH_KNOTS('',1,(#1112,#1113),.UNSPECIFIED.,.F.,.F.,(2,2),(0.00000000000000000E0,1.00000000000000000E0),.UNSPECIFIED.);
#1115=DEFINITIONAL_REPRESENTATION('',(#1114),#571);
#1116=PCURVE('',#276,#1115);
#1117=CARTESIAN_POINT('',(1.00000000000000000E0,0.00000000000000000E0));
#1118=CARTESIAN_POINT('',(1.00000000000000000E0,1.00000000000000000E0));
#1119=B_SPLINE_CURVE_WITH_KNOTS('',1,(#1117,#1118),.UNSPECIFIED.,.F.,.F.,(2,2),(0.00000000000000000E0,1.00000000000000000E0),.UNSPECIFIED.);
#1120=DEFINITIONAL_REPRESENTATION('',(#1119),#571);
#1121=PCURVE('',#276,#1120);
#1122=CARTESIAN_POINT('',(1.00000000000000000E0,1.00000000000000000E0));
#1123=CARTESIAN_POINT('',(0.00000000000000000E0,1.00000000000000000E0));
#1124=B_SPLINE_CURVE_WITH_KNOTS('',1,(#1122,#1123),.UNSPECIFIED.,.F.,.F.,(2,2),(0.00000000000000000E0,1.00000000000000000E0),.UNSPECIFIED.);
#1125=DEFINITIONAL_REPRESENTATION('',(#1124),#571);
#1126=PCURVE('',#276,#1125);
#1127=CARTESIAN_POINT('',(0.00000000000000000E0,1.00000000000000000E0));
#1128=CARTESIAN_POINT('',(0.00000000000000000E0,0.00000000000000000E0));
#1129=B_SPLINE_CURVE_WITH_KNOTS('',1,(#1127,#1128),.UNSPECIFIED.,.F.,.F.,(2,2),(0.00000000000000000E0,1.00000000000000000E0),.UNSPECIFIED.);
#1130=DEFINITIONAL_REPRESENTATION('',(#1129),#571);
#1131=PCURVE('',#276,#1130);
#1132=CARTESIAN_POINT('',(0.00000000000000000E0,0.00000000000000000E0));
#1133=CARTESIAN_POINT('',(1.00000000000000000E0,0.00000000000000000E0));
#1134=B_SPLINE_CURVE_WITH_KNOTS('',1,(#1132,#1133),.UNSPECIFIED.,.F.,.F.,(2,2),(0.00000000000000000E0,1.00000000000000000E0),.UNSPECIFIED.);
#1135=DEFINITIONAL_REPRESENTATION('',(#1134),#571);
#1136=PCURVE('',#283,#1135);
#1137=CARTESIAN_POINT('',(1.00000000000000000E0,0.00000000000000000E0));
#1138=CARTESIAN_POINT('',(1.00000000000000000E0,1.00000000000000000E0));
#1139=B_SPLINE_CURVE_WITH_KNOTS('',1,(#1137,#1138),.UNSPECIFIED.,.F.,.F.,(2,2),(0.00000000000000000E0,1.00000000000000000E0),.UNSPECIFIED.);
#1140=DEFINITIONAL_REPRESENTATION('',(#1139),#571);
#1141=PCURVE('',#283,#1140);
#1142=CARTESIAN_POINT('',(1.00000000000000000E0,1.00000000000000000E0));
#1143=CARTESIAN_POINT('',(0.00000000000000000E0,1.00000000000000000E0));
#1144=B_SPLINE_CURVE_WITH_KNOTS('',1,(#1142,#1143),.UNSPECIFIED.,.F.,.F.,(2,2),(0.00000000000000000E0,1.00000000000000000E0),.UNSPECIFIED.);
#1145=DEFINITIONAL_REPRESENTATION('',(#1144),#571);
#1146=PCURVE('',#283,#1145);
#1147=CARTESIAN_POINT('',(0.00000000000000000E0,1.00000000000000000E0));
#1148=CARTESIAN_POINT('',(0.00000000000000000E0,0.00000000000000000E0));
#1149=B_SPLINE_CURVE_WITH_KNOTS('',1,(#1147,#1148),.UNSPECIFIED.,.F.,.F.,(2,2),(0.00000000000000000E0,1.00000000000000000E0),.UNSPECIFIED.);
#1150=DEFINITIONAL_REPRESENTATION('',(#1149),#571);
#1151=PCURVE('',#283,#1150);
#1152=CARTESIAN_POINT('',(0.00000000000000000E0,0.00000000000000000E0));
#1153=CARTESIAN_POINT('',(1.00000000000000000E0,0.00000000000000000E0));
#1154=B_SPLINE_CURVE_WITH_KNOTS('',1,(#1152,#1153),.UNSPECIFIED.,.F.,.F.,(2,2),(0.00000000000000000E0,1.00000000000000000E0),.UNSPECIFIED.);
#1155=DEFINITIONAL_REPRESENTATION('',(#1154),#571);
#1156=PCURVE('',#290,#1155);
#1157=CARTESIAN_POINT('',(1.00000000000000000E0,0.00000000000000000E0));
#1158=CARTESIAN_POINT('',(1.00000000000000000E0,1.00000000000000000E0));
#1159=B_SPLINE_CURVE_WITH_KNOTS('',1,(#1157,#1158),.UNSPECIFIED.,.F.,.F.,(2,2),(0.00000000000000000E0,1.00000000000000000E0),.UNSPECIFIED.);
#1160=DEFINITIONAL_REPRESENTATION('',(#1159),#571);
#1161=PCURVE('',#290,#1160);
#1162=CARTESIAN_POINT('',(1.00000000000000000E0,1.00000000000000000E0));
#1163=CARTESIAN_POINT('',(0.00000000000000000E0,1.00000000000000000E0));
#1164=B_SPLINE_CURVE_WITH_KNOTS('',1,(#1162,#1163),.UNSPECIFIED.,.F.,.F.,(2,2),(0.00000000000000000E0,1.00000000000000000E0),.UNSPECIFIED.);
#1165=DEFINITIONAL_REPRESENTATION('',(#1164),#571);
#1166=PCURVE('',#290,#1165);
#1167=CARTESIAN_POINT('',(0.00000000000000000E0,1.00000000000000000E0));
#1168=CARTESIAN_POINT('',(0.00000000000000000E0,0.00000000000000000E0));
#1169=B_SPLINE_CURVE_WITH_KNOTS('',1,(#1167,#1168),.UNSPECIFIED.,.F.,.F.,(2,2),(0.00000000000000000E0,1.00000000000000000E0),.UNSPECIFIED.);
#1170=DEFINITIONAL_REPRESENTATION('',(#1169),#571);
#1171=PCURVE('',#290,#1170);
#1172=CARTESIAN_POINT('',(0.00000000000000000E0,0.00000000000000000E0));
#1173=CARTESIAN_POINT('',(1.00000000000000000E0,0.00000000000000000E0));
#1174=B_SPLINE_CURVE_WITH_KNOTS('',1,(#1172,#1173),.UNSPECIFIED.,.F.,.F.,(2,2),(0.00000000000000000E0,1.00000000000000000E0),.UNSPECIFIED.);
#1175=DEFINITIONAL_REPRESENTATION('',(#1174),#571);
#1176=PCURVE('',#297,#1175);
#1177=CARTESIAN_POINT('',(1.00000000000000000E0,0.00000000000000000E0));
#1178=CARTESIAN_POINT('',(1.00000000000000000E0,1.00000000000000000E0));
#1179=B_SPLINE_CURVE_WITH_KNOTS('',1,(#1177,#1178),.UNSPECIFIED.,.F.,.F.,(2,2),(0.00000000000000000E0,1.00000000000000000E0),.UNSPECIFIED.);
#1180=DEFINITIONAL_REPRESENTATION('',(#1179),#571);
#1181=PCURVE('',#297,#1180);
#1182=CARTESIAN_POINT('',(1.00000000000000000E0,1.00000000000000000E0));
#1183=CARTESIAN_POINT('',(0.00000000000000000E0,1.00000000000000000E0));
#1184=B_SPLINE_CURVE_WITH_KNOTS('',1,(#1182,#1183),.UNSPECIFIED.,.F.,.F.,(2,2),(0.00000000000000000E0,1.00000000000000000E0),.UNSPECIFIED.);
#1185=DEFINITIONAL_REPRESENTATION('',(#1184),#571);
#1186=PCURVE('',#297,#1185);
#1187=CARTESIAN_POINT('',(0.00000000000000000E0,1.00000000000000000E0));
#1188=CARTESIAN_POINT('',(0.00000000000000000E0,0.00000000000000000E0));
#1189=B_SPLINE_CURVE_WITH_KNOTS('',1,(#1187,#1188),.UNSPECIFIED.,.F.,.F.,(2,2),(0.00000000000000000E0,1.00000000000000000E0),.UNSPECIFIED.);
#1190=DEFINITIONAL_REPRESENTATION('',(#1189),#571);
#1191=PCURVE('',#297,#1190);
#1192=CARTESIAN_POINT('',(0.00000000000000000E0,0.00000000000000000E0));
#1193=CARTESIAN_POINT('',(1.00000000000000000E0,0.00000000000000000E0));
#1194=B_SPLINE_CURVE_WITH_KNOTS('',1,(#1192,#1193),.UNSPECIFIED.,.F.,.F.,(2,2),(0.00000000000000000E0,1.00000000000000000E0),.UNSPECIFIED.);
#1195=DEFINITIONAL_REPRESENTATION('',(#1194),#571);
#1196=PCURVE('',#304,#1195);
#1197=CARTESIAN_POINT('',(1.00000000000000000E0,0.00000000000000000E0));
#1198=CARTESIAN_POINT('',(1.00000000000000000E0,1.00000000000000000E0));
#1199=B_SPLINE_CURVE_WITH_KNOTS('',1,(#1197,#1198),.UNSPECIFIED.,.F.,.F.,(2,2),(0.00000000000000000E0,1.00000000000000000E0),.UNSPECIFIED.);
#1200=DEFINITIONAL_REPRESENTATION('',(#1199),#571);
#1201=PCURVE('',#304,#1200);
#1202=CARTESIAN_POINT('',(1.00000000000000000E0,1.00000000000000000E0));
#1203=CARTESIAN_POINT('',(0.00000000000000000E0,1.00000000000000000E0));
#1204=B_SPLINE_CURVE_WITH_KNOTS('',1,(#1202,#1203),.UNSPECIFIED.,.F.,.F.,(2,2),(0.00000000000000000E0,1.00000000000000000E0),.UNSPECIFIED.);
#1205=DEFINITIONAL_REPRESENTATION('',(#1204),#571);
#1206=PCURVE('',#304,#1205);
#1207=CARTESIAN_POINT('',(0.00000000000000000E0,1.00000000000000000E0));
#1208=CARTESIAN_POINT('',(0.00000000000000000E0,0.00000000000000000E0));
#1209=B_SPLINE_CURVE_WITH_KNOTS('',1,(#1207,#1208),.UNSPECIFIED.,.F.,.F.,(2,2),(0.00000000000000000E0,1.00000000000000000E0),.UNSPECIFIED.);
#1210=DEFINITIONAL_REPRESENTATION('',(#1209),#571);
#1211=PCURVE('',#304,#1210);
#1212=CARTESIAN_POINT('',(-5.00000000000000111E-1,0.00000000000000000E0));
#1213=CARTESIAN_POINT('',(-4.99999999999999944E-1,-5.00000000000000111E-1));
#1214=CARTESIAN_POINT('',(-1.91737925264641697E-17,-5.00000000000000000E-1));
#1215=(BOUNDED_CURVE()B_SPLINE_CURVE(2,(#1212,#1213,#1214),.UNSPECIFIED.,.F.,.F.)B_SPLINE_CURVE_WITH_KNOTS((3,3),(0.00000000000000000E0,1.00000000000000000E0),.UNSPECIFIED.)CURVE()GEOMETRIC_REPRESENTATION_ITEM()RATIONAL_B_SPLINE_CURVE((1.00000000000000000E0,7.07106781186547573E-1,1.00000000000000000E0))REPRESENTATION_ITEM(''));
#1216=DEFINITIONAL_REPRESENTATION('',(#1215),#571);
#1217=PCURVE('',#309,#1216);
#1218=CARTESIAN_POINT('',(-1.91737925264641697E-17,-5.00000000000000000E-1));
#1219=CARTESIAN_POINT('',(5.00000000000000000E-1,-4.99999999999999944E-1));
#1220=CARTESIAN_POINT('',(4.99999999999999889E-1,6.12323399573676604E-17));
#1221=(BOUNDED_CURVE()B_SPLINE_CURVE(2,(#1218,#1219,#1220),.UNSPECIFIED.,.F.,.F.)B_SPLINE_CURVE_WITH_KNOTS((3,3),(0.00000000000000000E0,1.00000000000000000E0),.UNSPECIFIED.)CURVE()GEOMETRIC_REPRESENTATION_ITEM()RATIONAL_B_SPLINE_CURVE((1.00000000000000000E0,7.07106781186547573E-1,1.00000000000000000E0))REPRESENTATION_ITEM(''));
#1222=DEFINITIONAL_REPRESENTATION('',(#1221),#571);
#1223=PCURVE('',#309,#1222);
#1224=CARTESIAN_POINT('',(4.99999999999999889E-1,6.12323399573676604E-17));
#1225=CARTESIAN_POINT('',(4.99999999999999833E-1,5.00000000000000000E-1));
#1226=CARTESIAN_POINT('',(-1.41638472441199490E-16,5.00000000000000000E-1));
#1227=(BOUNDED_CURVE()B_SPLINE_CURVE(2,(#1224,#1225,#1226),.UNSPECIFIED.,.F.,.F.)B_SPLINE_CURVE_WITH_KNOTS((3,3),(0.00000000000000000E0,1.00000000000000000E0),.UNSPECIFIED.)CURVE()GEOMETRIC_REPRESENTATION_ITEM()RATIONAL_B_SPLINE_CURVE((1.00000000000000000E0,7.07106781186547573E-1,1.00000000000000000E0))REPRESENTATION_ITEM(''));
#1228=DEFINITIONAL_REPRESENTATION('',(#1227),#571);
#1229=PCURVE('',#309,#1228);
#1230=CARTESIAN_POINT('',(-1.41638472441199490E-16,5.00000000000000000E-1));
#1231=CARTESIAN_POINT('',(-5.00000000000000111E-1,4.99999999999999944E-1));
#1232=CARTESIAN_POINT('',(-5.00000000000000111E-1,0.00000000000000000E0));
#1233=(BOUNDED_CURVE()B_SPLINE_CURVE(2,(#1230,#1231,#1232),.UNSPECIFIED.,.F.,.F.)B_SPLINE_CURVE_WITH_KNOTS((3,3),(0.00000000000000000E0,1.00000000000000000E0),.UNSPECIFIED.)CURVE()GEOMETRIC_REPRESENTATION_ITEM()RATIONAL_B_SPLINE_CURVE((1.00000000000000000E0,7.07106781186547573E-1,1.00000000000000000E0))REPRESENTATION_ITEM(''));
#1234=DEFINITIONAL_REPRESENTATION('',(#1233),#571);
#1235=PCURVE('',#309,#1234);
#1236=CARTESIAN_POINT('',(-2.00000000000000122E-1,0.00000000000000000E0));
#1237=CARTESIAN_POINT('',(-2.00000000000000122E-1,1.99999999999999983E-1));
#1238=CARTESIAN_POINT('',(-1.23268770453989184E-16,2.00000000000000011E-1));
#1239=(BOUNDED_CURVE()B_SPLINE_CURVE(2,(#1236,#1237,#1238),.UNSPECIFIED.,.F.,.F.)B_SPLINE_CURVE_WITH_KNOTS((3,3),(0.00000000000000000E0,1.00000000000000000E0),.UNSPECIFIED.)CURVE()GEOMETRIC_REPRESENTATION_ITEM()RATIONAL_B_SPLINE_CURVE((1.00000000000000000E0,7.07106781186547573E-1,1.00000000000000000E0))REPRESENTATION_ITEM(''));
#1240=DEFINITIONAL_REPRESENTATION('',(#1239),#571);
#1241=PCURVE('',#309,#1240);
#1242=CARTESIAN_POINT('',(-1.23268770453989184E-16,2.00000000000000011E-1));
#1243=CARTESIAN_POINT('',(1.99999999999999872E-1,2.00000000000000011E-1));
#1244=CARTESIAN_POINT('',(1.99999999999999900E-1,2.44929359829470654E-17));
#1245=(BOUNDED_CURVE()B_SPLINE_CURVE(2,(#1242,#1243,#1244),.UNSPECIFIED.,.F.,.F.)B_SPLINE_CURVE_WITH_KNOTS((3,3),(0.00000000000000000E0,1.00000000000000000E0),.UNSPECIFIED.)CURVE()GEOMETRIC_REPRESENTATION_ITEM()RATIONAL_B_SPLINE_CURVE((1.00000000000000000E0,7.07106781186547573E-1,1.00000000000000000E0))REPRESENTATION_ITEM(''));
#1246=DEFINITIONAL_REPRESENTATION('',(#1245),#571);
#1247=PCURVE('',#309,#1246);
#1248=CARTESIAN_POINT('',(1.99999999999999900E-1,2.44929359829470654E-17));
#1249=CARTESIAN_POINT('',(1.99999999999999900E-1,-1.99999999999999983E-1));
#1250=CARTESIAN_POINT('',(-7.42828984880950652E-17,-2.00000000000000011E-1));
#1251=(BOUNDED_CURVE()B_SPLINE_CURVE(2,(#1248,#1249,#1250),.UNSPECIFIED.,.F.,.F.)B_SPLINE_CURVE_WITH_KNOTS((3,3),(0.00000000000000000E0,1.00000000000000000E0),.UNSPECIFIED.)CURVE()GEOMETRIC_REPRESENTATION_ITEM()RATIONAL_B_SPLINE_CURVE((1.00000000000000000E0,7.07106781186547573E-1,1.00000000000000000E0))REPRESENTATION_ITEM(''));
#1252=DEFINITIONAL_REPRESENTATION('',(#1251),#571);
#1253=PCURVE('',#309,#1252);
#1254=CARTESIAN_POINT('',(-7.42828984880950652E-17,-2.00000000000000011E-1));
#1255=CARTESIAN_POINT('',(-2.00000000000000067E-1,-2.00000000000000011E-1));
#1256=CARTESIAN_POINT('',(-2.00000000000000122E-1,0.00000000000000000E0));
#1257=(BOUNDED_CURVE()B_SPLINE_CURVE(2,(#1254,#1255,#1256),.UNSPECIFIED.,.F.,.F.)B_SPLINE_CURVE_WITH_KNOTS((3,3),(0.00000000000000000E0,1.00000000000000000E0),.UNSPECIFIED.)CURVE()GEOMETRIC_REPRESENTATION_ITEM()RATIONAL_B_SPLINE_CURVE((1.00000000000000000E0,7.07106781186547573E-1,1.00000000000000000E0))REPRESENTATION_ITEM(''));
#1258=DEFINITIONAL_REPRESENTATION('',(#1257),#571);
#1259=PCURVE('',#309,#1258);
#1260=CARTESIAN_POINT('',(6.49519052838329003E-1,3.74999999999999944E-1));
#1261=CARTESIAN_POINT('',(2.74519052838329114E-1,1.02451905283832900E0));
#1262=CARTESIAN_POINT('',(-3.74999999999999889E-1,6.49519052838329003E-1));
#1263=(BOUNDED_CURVE()B_SPLINE_CURVE(2,(#1260,#1261,#1262),.UNSPECIFIED.,.F.,.F.)B_SPLINE_CURVE_WITH_KNOTS((3,3),(0.00000000000000000E0,1.00000000000000000E0),.UNSPECIFIED.)CURVE()GEOMETRIC_REPRESENTATION_ITEM()RATIONAL_B_SPLINE_CURVE((1.00000000000000000E0,7.07106781186547573E-1,1.00000000000000000E0))REPRESENTATION_ITEM(''));
#1264=DEFINITIONAL_REPRESENTATION('',(#1263),#571);
#1265=PCURVE('',#314,#1264);
#1266=CARTESIAN_POINT('',(-3.74999999999999889E-1,6.49519052838329003E-1));
#1267=CARTESIAN_POINT('',(-1.02451905283832900E0,2.74519052838329114E-1));
#1268=CARTESIAN_POINT('',(-6.49519052838329114E-1,-3.74999999999999889E-1));
#1269=(BOUNDED_CURVE()B_SPLINE_CURVE(2,(#1266,#1267,#1268),.UNSPECIFIED.,.F.,.F.)B_SPLINE_CURVE_WITH_KNOTS((3,3),(0.00000000000000000E0,1.00000000000000000E0),.UNSPECIFIED.)CURVE()GEOMETRIC_REPRESENTATION_ITEM()RATIONAL_B_SPLINE_CURVE((1.00000000000000000E0,7.07106781186547573E-1,1.00000000000000000E0))REPRESENTATION_ITEM(''));
#1270=DEFINITIONAL_REPRESENTATION('',(#1269),#571);
#1271=PCURVE('',#314,#1270);
#1272=CARTESIAN_POINT('',(-6.49519052838329114E-1,-3.74999999999999889E-1));
#1273=CARTESIAN_POINT('',(-2.74519052838329281E-1,-1.02451905283832900E0));
#1274=CARTESIAN_POINT('',(3.74999999999999833E-1,-6.49519052838329114E-1));
#1275=(BOUNDED_CURVE()B_SPLINE_CURVE(2,(#1272,#1273,#1274),.UNSPECIFIED.,.F.,.F.)B_SPLINE_CURVE_WITH_KNOTS((3,3),(0.00000000000000000E0,1.00000000000000000E0),.UNSPECIFIED.)CURVE()GEOMETRIC_REPRESENTATION_ITEM()RATIONAL_B_SPLINE_CURVE((1.00000000000000000E0,7.07106781186547573E-1,1.00000000000000000E0))REPRESENTATION_ITEM(''));
#1276=DEFINITIONAL_REPRESENTATION('',(#1275),#571);
#1277=PCURVE('',#314,#1276);
#1278=CARTESIAN_POINT('',(3.74999999999999833E-1,-6.49519052838329114E-1));
#1279=CARTESIAN_POINT('',(1.02451905283832878E0,-2.74519052838329336E-1));
#1280=CARTESIAN_POINT('',(6.49519052838329003E-1,3.74999999999999944E-1));
#1281=(BOUNDED_CURVE()B_SPLINE_CURVE(2,(#1278,#1279,#1280),.UNSPECIFIED.,.F.,.F.)B_SPLINE_CURVE_WITH_KNOTS((3,3),(0.00000000000000000E0,1.00000000000000000E0),.UNSPECIFIED.)CURVE()GEOMETRIC_REPRESENTATION_ITEM()RATIONAL_B_SPLINE_CURVE((1.00000000000000000E0,7.07106781186547573E-1,1.00000000000000000E0))REPRESENTATION_ITEM(''));
#1282=DEFINITIONAL_REPRESENTATION('',(#1281),#571);
#1283=PCURVE('',#314,#1282);
#1284=CARTESIAN_POINT('',(2.59807621135331623E-1,1.49999999999999994E-1));
#1285=CARTESIAN_POINT('',(4.09807621135331535E-1,-1.09807621135331684E-1));
#1286=CARTESIAN_POINT('',(1.49999999999999939E-1,-2.59807621135331679E-1));
#1287=(BOUNDED_CURVE()B_SPLINE_CURVE(2,(#1284,#1285,#1286),.UNSPECIFIED.,.F.,.F.)B_SPLINE_CURVE_WITH_KNOTS((3,3),(0.00000000000000000E0,1.00000000000000000E0),.UNSPECIFIED.)CURVE()GEOMETRIC_REPRESENTATION_ITEM()RATIONAL_B_SPLINE_CURVE((1.00000000000000000E0,7.07106781186547573E-1,1.00000000000000000E0))REPRESENTATION_ITEM(''));
#1288=DEFINITIONAL_REPRESENTATION('',(#1287),#571);
#1289=PCURVE('',#314,#1288);
#1290=CARTESIAN_POINT('',(1.49999999999999939E-1,-2.59807621135331679E-1));
#1291=CARTESIAN_POINT('',(-1.09807621135331671E-1,-4.09807621135331535E-1));
#1292=CARTESIAN_POINT('',(-2.59807621135331623E-1,-1.49999999999999939E-1));
#1293=(BOUNDED_CURVE()B_SPLINE_CURVE(2,(#1290,#1291,#1292),.UNSPECIFIED.,.F.,.F.)B_SPLINE_CURVE_WITH_KNOTS((3,3),(0.00000000000000000E0,1.00000000000000000E0),.UNSPECIFIED.)CURVE()GEOMETRIC_REPRESENTATION_ITEM()RATIONAL_B_SPLINE_CURVE((1.00000000000000000E0,7.07106781186547573E-1,1.00000000000000000E0))REPRESENTATION_ITEM(''));
#1294=DEFINITIONAL_REPRESENTATION('',(#1293),#571);
#1295=PCURVE('',#314,#1294);
#1296=CARTESIAN_POINT('',(-2.59807621135331623E-1,-1.49999999999999939E-1));
#1297=CARTESIAN_POINT('',(-4.09807621135331535E-1,1.09807621135331671E-1));
#1298=CARTESIAN_POINT('',(-1.49999999999999967E-1,2.59807621135331623E-1));
#1299=(BOUNDED_CURVE()B_SPLINE_CURVE(2,(#1296,#1297,#1298),.UNSPECIFIED.,.F.,.F.)B_SPLINE_CURVE_WITH_KNOTS((3,3),(0.00000000000000000E0,1.00000000000000000E0),.UNSPECIFIED.)CURVE()GEOMETRIC_REPRESENTATION_ITEM()RATIONAL_B_SPLINE_CURVE((1.00000000000000000E0,7.07106781186547573E-1,1.00000000000000000E0))REPRESENTATION_ITEM(''));
#1300=DEFINITIONAL_REPRESENTATION('',(#1299),#571);
#1301=PCURVE('',#314,#1300);
#1302=CARTESIAN_POINT('',(-1.49999999999999967E-1,2.59807621135331623E-1));
#1303=CARTESIAN_POINT('',(1.09807621135331671E-1,4.09807621135331535E-1));
#1304=CARTESIAN_POINT('',(2.59807621135331623E-1,1.49999999999999994E-1));
#1305=(BOUNDED_CURVE()B_SPLINE_CURVE(2,(#1302,#1303,#1304),.UNSPECIFIED.,.F.,.F.)B_SPLINE_CURVE_WITH_KNOTS((3,3),(0.00000000000000000E0,1.00000000000000000E0),.UNSPECIFIED.)CURVE()GEOMETRIC_REPRESENTATION_ITEM()RATIONAL_B_SPLINE_CURVE((1.00000000000000000E0,7.07106781186547573E-1,1.00000000000000000E0))REPRESENTATION_ITEM(''));
#1306=DEFINITIONAL_REPRESENTATION('',(#1305),#571);
#1307=PCURVE('',#314,#1306);
#1308=SURFACE_CURVE('',#318,(#576,#1235),.PCURVE_S1.);
#1309=EDGE_CURVE('OSCAD_TOPO/3|edge|e:ecf1b12ed6ad74f6c77cb45c9dc6c4da|addeb84a6815d3ef31c1cd3341778a427c06af6cb6804c3db19231f65e6d4da5',#2,#4,#1308,.T.);
#1310=SURFACE_CURVE('',#321,(#581,#611),.PCURVE_S1.);
#1311=EDGE_CURVE('OSCAD_TOPO/3|edge|e:fcfcdb42980b0ddd14b3b3404d0b60e5|b755a885cee291b648ff1a21cb1341cdbff033c95345015f93b045d3b856137a',#4,#20,#1310,.T.);
#1312=SURFACE_CURVE('',#325,(#586,#736),.PCURVE_S1.);
#1313=EDGE_CURVE('OSCAD_TOPO/3|edge|e:ef1fe3b877b3ac56f8308658625fecec|61d741869470dc245bcc7425c813a851ca695a368d5c727f355144c4a1df3e5a',#18,#20,#1312,.T.);
#1314=SURFACE_CURVE('',#328,(#591,#641),.PCURVE_S1.);
#1315=EDGE_CURVE('OSCAD_TOPO/3|edge|e:69dc30ad6f9544ed1ce84201838ddb6c|d509dbd76a5f19ad551af423a0e3a6a53d6e799d9ec0734a70efb89b3924f5ca',#2,#18,#1314,.T.);
#1316=SURFACE_CURVE('',#332,(#596,#1229),.PCURVE_S1.);
#1317=EDGE_CURVE('OSCAD_TOPO/3|edge|e:b1eb984a899d917edd9ea5f8623bc165|d31bd76c443ca82fc4e1691e41897b33431ab29a52e7255da91ddea16fb085c1',#4,#6,#1316,.T.);
#1318=SURFACE_CURVE('',#335,(#601,#631),.PCURVE_S1.);
#1319=EDGE_CURVE('OSCAD_TOPO/3|edge|e:ce02b0101bed36237bed5037a698336e|5b8a635cc08a195c633b9e760bee5be3fc0246bb1703dddf3848472670a00d4c',#6,#22,#1318,.T.);
#1320=SURFACE_CURVE('',#339,(#606,#756),.PCURVE_S1.);
#1321=EDGE_CURVE('OSCAD_TOPO/3|edge|e:88f21c2cce2171162d578fc0b0e4ce24|efbcbe0e9468873c35c2f9fb1e27f210a02b01cf80293ab4b78258c9f81b3938',#20,#22,#1320,.T.);
#1322=SURFACE_CURVE('',#343,(#616,#1223),.PCURVE_S1.);
#1323=EDGE_CURVE('OSCAD_TOPO/3|edge|e:f573d60595d294e9716540ac62e3d347|163a50a62bf739ecfd035f70a18eafdcb6e077fccfa48c1fc3b521d80d7bbf8b',#6,#8,#1322,.T.);
#1324=SURFACE_CURVE('',#346,(#621,#651),.PCURVE_S1.);
#1325=EDGE_CURVE('OSCAD_TOPO/3|edge|e:0f6be452283f1bc8cebf5f07458d7eaa|73f766b1e8a8254345eef74117fa033afa0526eeece991230fb8d3ee92e081e8',#8,#24,#1324,.T.);
#1326=SURFACE_CURVE('',#350,(#626,#776),.PCURVE_S1.);
#1327=EDGE_CURVE('OSCAD_TOPO/3|edge|e:a195fbfcfd658b3911fa5a4d59b51c48|6367e16b4e3493d992282d792ee1bf740723b35e66f671a3fbefcb44ba58acd9',#22,#24,#1326,.T.);
#1328=SURFACE_CURVE('',#354,(#636,#1217),.PCURVE_S1.);
#1329=EDGE_CURVE('OSCAD_TOPO/3|edge|e:3077fa64708764bb7fbee01a97905007|e9fabe912720c01c1e91f5c37a9321939c11a92ca753d46053cc237e00d49125',#2,#8,#1328,.T.);
#1330=SURFACE_CURVE('',#358,(#646,#796),.PCURVE_S1.);
#1331=EDGE_CURVE('OSCAD_TOPO/3|edge|e:fe8af9194a6ddd09266917fe302949e1|d7bd128f04f69d146879db7ccc4c39149ad393fa908ab0fcea6071b76253c5d1',#18,#24,#1330,.T.);
#1332=SURFACE_CURVE('',#362,(#656,#1259),.PCURVE_S1.);
#1333=EDGE_CURVE('OSCAD_TOPO/3|edge|e:d562ddb03928ec888a8b6948693807ee|a7dde838376be0c080212d226188267f693c0f232616c292db83a2e39f930022',#10,#12,#1332,.T.);
#1334=SURFACE_CURVE('',#365,(#661,#691),.PCURVE_S1.);
#1335=EDGE_CURVE('OSCAD_TOPO/3|edge|e:455654317cdfdaa5ea329f463fab9244|82195cf6e567e257a9a92370f176f69ecffbc6d5615d5d4561ce7ff5fbbe81df',#12,#28,#1334,.T.);
#1336=SURFACE_CURVE('',#369,(#666,#816),.PCURVE_S1.);
#1337=EDGE_CURVE('OSCAD_TOPO/3|edge|e:1a4a7f5344fde7750413b0010cca2956|1da9ec1859406860582f6218e36bf30e6380a27d7dd19fa358b036c2c70d559b',#26,#28,#1336,.T.);
#1338=SURFACE_CURVE('',#372,(#671,#721),.PCURVE_S1.);
#1339=EDGE_CURVE('OSCAD_TOPO/3|edge|e:810855c4ae6cd003af5a64bd06d63847|18f48403237910d9d8ec8159fdc38fc7fe88f28df5825cd35c27ed5208378d41',#10,#26,#1338,.T.);
#1340=SURFACE_CURVE('',#376,(#676,#1253),.PCURVE_S1.);
#1341=EDGE_CURVE('OSCAD_TOPO/3|edge|e:490cc21e00865165cfc10b257c735ee7|8f4043a672be318d0b64cf4cd1d946ece0a9afcf6aa9a9512f3685a0b38ff6fa',#12,#14,#1340,.T.);
#1342=SURFACE_CURVE('',#379,(#681,#711),.PCURVE_S1.);
#1343=EDGE_CURVE('OSCAD_TOPO/3|edge|e:b781cab6d76c30c7cc34b89d052b3e52|c88119f6ba35fd27a10121b80c5583d0c205d50533216ca952ef7b9e6429872b',#14,#30,#1342,.T.);
#1344=SURFACE_CURVE('',#383,(#686,#836),.PCURVE_S1.);
#1345=EDGE_CURVE('OSCAD_TOPO/3|edge|e:b8420dc7362a5b739e8deeb0dc75b5a0|a4d6fb8ab22e4fce29553b8e711f71daf2ed3fa5230fe3c7dc1eb2bce927a48c',#28,#30,#1344,.T.);
#1346=SURFACE_CURVE('',#387,(#696,#1247),.PCURVE_S1.);
#1347=EDGE_CURVE('OSCAD_TOPO/3|edge|e:2ae2954a11d494fb59ccf89f9468b3c1|786657bd2613ceb0bf09ee4e645c1976f21209e8872bb8e6d42c8c5c9587129f',#14,#16,#1346,.T.);
#1348=SURFACE_CURVE('',#390,(#701,#731),.PCURVE_S1.);
#1349=EDGE_CURVE('OSCAD_TOPO/3|edge|e:98238568855ac24d699f2a5679e983b2|e04fe2c325e6bdd62713763859d4175f40f8bc155ea47b4e3fd801446c6253a0',#16,#32,#1348,.T.);
#1350=SURFACE_CURVE('',#394,(#706,#856),.PCURVE_S1.);
#1351=EDGE_CURVE('OSCAD_TOPO/3|edge|e:3503d1d134f20406fd5cbc1990d0c3ff|c3e5d1f3b8c743b2ecef57cbbd0ff0ad8aa92162d9c62840b67b23d41af9ff1e',#30,#32,#1350,.T.);
#1352=SURFACE_CURVE('',#398,(#716,#1241),.PCURVE_S1.);
#1353=EDGE_CURVE('OSCAD_TOPO/3|edge|e:89631ea4431ef2fc6642584298369811|b909836943b9d3e0af390896d7c8de1ac68d49b39e14c4bbe9b940803430252f',#10,#16,#1352,.T.);
#1354=SURFACE_CURVE('',#402,(#726,#876),.PCURVE_S1.);
#1355=EDGE_CURVE('OSCAD_TOPO/3|edge|e:1f826085f1a95ba61d0fe1b8b1bf85cd|84a49110a7493faea23253b8c62d0f57b420ea644d0377dc5b85d968d9214d6f',#26,#32,#1354,.T.);
#1356=SURFACE_CURVE('',#405,(#741,#771),.PCURVE_S1.);
#1357=EDGE_CURVE('OSCAD_TOPO/3|edge|e:9e88e4a209c0d3d6e1f482a5a825b83f|8ea8d86d42d3a5708f179ee0d01105096e423c07e68f7b957428a6a75cd4460f',#20,#36,#1356,.T.);
#1358=SURFACE_CURVE('',#409,(#746,#896),.PCURVE_S1.);
#1359=EDGE_CURVE('OSCAD_TOPO/3|edge|e:87f8f26d3f8e3b3888ea5d9460c32d68|e426d4d7f53d1634735bcf061c11394e92c14ed7e9da1dfb000a72ed87682685',#34,#36,#1358,.T.);
#1360=SURFACE_CURVE('',#412,(#751,#801),.PCURVE_S1.);
#1361=EDGE_CURVE('OSCAD_TOPO/3|edge|e:736888bc64c16e852e23040e578a59b6|3583dd1ad2cdd81b2c467c815d46a162f391ae642b2ea6e0b28b6f0e2e5cd31f',#18,#34,#1360,.T.);
#1362=SURFACE_CURVE('',#415,(#761,#791),.PCURVE_S1.);
#1363=EDGE_CURVE('OSCAD_TOPO/3|edge|e:e88f7f86ca698c9ebe192a5567e477a8|b5f29e68f8854104d6f1c2e67f900b4294cf7288b3f7dc6f38487a38dc6ce9a7',#22,#38,#1362,.T.);
#1364=SURFACE_CURVE('',#419,(#766,#916),.PCURVE_S1.);
#1365=EDGE_CURVE('OSCAD_TOPO/3|edge|e:239fef1576d50fac47c1b7d0c096f63e|3ddf4145e2894dbc54c81830e6a616dee53437af6cf1e452b77a69522ac25515',#36,#38,#1364,.T.);
#1366=SURFACE_CURVE('',#422,(#781,#811),.PCURVE_S1.);
#1367=EDGE_CURVE('OSCAD_TOPO/3|edge|e:bdc005b242315cef5663017dee88a9b5|a6cd6cb22e0a7e25013ba1cf345d4dfe38157edbb711efac5e33b3cb00903179',#24,#40,#1366,.T.);
#1368=SURFACE_CURVE('',#426,(#786,#936),.PCURVE_S1.);
#1369=EDGE_CURVE('OSCAD_TOPO/3|edge|e:e8825af8949d87e3c5a0fd37752c772a|c52001e3277acaf9c56d991858b85e6a85379be4fa160e24e17fad3f464a98c3',#38,#40,#1368,.T.);
#1370=SURFACE_CURVE('',#430,(#806,#956),.PCURVE_S1.);
#1371=EDGE_CURVE('OSCAD_TOPO/3|edge|e:5af67bad34f20183f73e846b8d4d6ddc|00a9c9ec892ddee79e3e3204778aa37a70b60ac26bad25e5660f74a7f5daa37f',#34,#40,#1370,.T.);
#1372=SURFACE_CURVE('',#433,(#821,#851),.PCURVE_S1.);
#1373=EDGE_CURVE('OSCAD_TOPO/3|edge|e:a6dada3d31130481e9dc47d78d1b648c|2c1c1b9bf28ee61f3e09cd3cdb756347e1dc7010419107751de5ee45721feae8',#28,#44,#1372,.T.);
#1374=SURFACE_CURVE('',#437,(#826,#976),.PCURVE_S1.);
#1375=EDGE_CURVE('OSCAD_TOPO/3|edge|e:b6a2b547d9572e29aa05b82bff4b1114|fe49b8d3c6af894b0583c87edab73f0acaf5311b5879f999356fe268c81c4812',#42,#44,#1374,.T.);
#1376=SURFACE_CURVE('',#440,(#831,#881),.PCURVE_S1.);
#1377=EDGE_CURVE('OSCAD_TOPO/3|edge|e:d2002b8f9b8c33da992f7a01b5aa4f4a|215f9b4bf3f98d7ef4cb8d3225053ef438f1752b3d37caa1cfc2bc9533579c76',#26,#42,#1376,.T.);
#1378=SURFACE_CURVE('',#443,(#841,#871),.PCURVE_S1.);
#1379=EDGE_CURVE('OSCAD_TOPO/3|edge|e:d107178aa723baed7bece113f0302521|e383cbb71c1f13cc6f507b365a5f8164f4cd6527bd240cc17cfb9e0b00292bc1',#30,#46,#1378,.T.);
#1380=SURFACE_CURVE('',#447,(#846,#996),.PCURVE_S1.);
#1381=EDGE_CURVE('OSCAD_TOPO/3|edge|e:4880ab8a688ae7b2caaa6257f3334525|a8cbb82f0dfb341c49078d2ae9a374dce5d9d7a66772094e5e8480820bd31a05',#44,#46,#1380,.T.);
#1382=SURFACE_CURVE('',#450,(#861,#891),.PCURVE_S1.);
#1383=EDGE_CURVE('OSCAD_TOPO/3|edge|e:b1d6209ee5fd755da55526f252809630|1989c9a044c4ae02e59a6cbbabeb032a502fc9b5c2cc76e27c964404791e1800',#32,#48,#1382,.T.);
#1384=SURFACE_CURVE('',#454,(#866,#1016),.PCURVE_S1.);
#1385=EDGE_CURVE('OSCAD_TOPO/3|edge|e:bd8b8efe4dfe3b2ab89e82d870bc5c71|89c4107fb60e3e97329ad7c903a78f655c0355a97e87e55948e42e1477f87c1e',#46,#48,#1384,.T.);
#1386=SURFACE_CURVE('',#458,(#886,#1036),.PCURVE_S1.);
#1387=EDGE_CURVE('OSCAD_TOPO/3|edge|e:d0bdb871a6020f5bbd9ba212822d0b59|a11a0c3dea68358b24502785164a3decc3cef242846a5fad0e29b32e15d1a765',#42,#48,#1386,.T.);
#1388=SURFACE_CURVE('',#461,(#901,#931),.PCURVE_S1.);
#1389=EDGE_CURVE('OSCAD_TOPO/3|edge|e:f87e64735f294afebb0def0f7c79af74|0a097535d528a3d15cf6e2b2ea479ab20b4a2e6eef7cb9728b45b4fea42778d3',#36,#52,#1388,.T.);
#1390=SURFACE_CURVE('',#465,(#906,#1056),.PCURVE_S1.);
#1391=EDGE_CURVE('OSCAD_TOPO/3|edge|e:a891696761e93f35eb95675a6f3a5fd5|162c66d0651e8d02aee2421b4040884722440943bfe4f08da47ed78fb8ff4779',#50,#52,#1390,.T.);
#1392=SURFACE_CURVE('',#468,(#911,#961),.PCURVE_S1.);
#1393=EDGE_CURVE('OSCAD_TOPO/3|edge|e:3bdc1840453152564b89fd75eee91fac|eaabf8f429634677d8d470be74aa96a3b11628533b29edcbb157ed0f6656404d',#34,#50,#1392,.T.);
#1394=SURFACE_CURVE('',#471,(#921,#951),.PCURVE_S1.);
#1395=EDGE_CURVE('OSCAD_TOPO/3|edge|e:d8b5e227d9564b45f8ca1fd6c53baae6|507d5876466c8d816537dcaa74df7a7f84c13bc4dc70392db97261ca39bf4e31',#38,#54,#1394,.T.);
#1396=SURFACE_CURVE('',#475,(#926,#1076),.PCURVE_S1.);
#1397=EDGE_CURVE('OSCAD_TOPO/3|edge|e:f9867a7d6c86758bce60b1623088e4e2|4ba953336f45de1a2b780aa007e5c3a23cfb36d84680a75fb07f6afc7822e5df',#52,#54,#1396,.T.);
#1398=SURFACE_CURVE('',#478,(#941,#971),.PCURVE_S1.);
#1399=EDGE_CURVE('OSCAD_TOPO/3|edge|e:c7ce9221bcf171619093cc2e068a9aa7|e9f355e0017d4d0462b5b73c29071252a63af25c090ce971c3df087fd13a5dd5',#40,#56,#1398,.T.);
#1400=SURFACE_CURVE('',#482,(#946,#1096),.PCURVE_S1.);
#1401=EDGE_CURVE('OSCAD_TOPO/3|edge|e:a20e1947dcdfac95f9b38053354691b3|10c805026d0104571c9980c63eb5fc88dfb447c3650582afc41835f14544590c',#54,#56,#1400,.T.);
#1402=SURFACE_CURVE('',#486,(#966,#1116),.PCURVE_S1.);
#1403=EDGE_CURVE('OSCAD_TOPO/3|edge|e:841c8bc5faa78c2099ce07689c829450|f02558e91446e779702084c154671184bb64298d5eae9528348bfcecfe567020',#50,#56,#1402,.T.);
#1404=SURFACE_CURVE('',#489,(#981,#1011),.PCURVE_S1.);
#1405=EDGE_CURVE('OSCAD_TOPO/3|edge|e:84570412a238a18ee663080ed2e00673|388f9c7e283b4269737712c1b802e0b24ce34d2998deeb4fca6a7aacc9836567',#44,#60,#1404,.T.);
#1406=SURFACE_CURVE('',#493,(#986,#1136),.PCURVE_S1.);
#1407=EDGE_CURVE('OSCAD_TOPO/3|edge|e:8547312f28554f82dfb525708d6f51e1|3d7373a33c8da4b4159b024e7919212cc11e25847c99ceb620a63de9012dea66',#58,#60,#1406,.T.);
#1408=SURFACE_CURVE('',#496,(#991,#1041),.PCURVE_S1.);
#1409=EDGE_CURVE('OSCAD_TOPO/3|edge|e:c2eea889854d40e704dd0725037f1325|1fd773fe392e4da11cb35f9cdf60e28ba069601984d012759525afc4afac8709',#42,#58,#1408,.T.);
#1410=SURFACE_CURVE('',#499,(#1001,#1031),.PCURVE_S1.);
#1411=EDGE_CURVE('OSCAD_TOPO/3|edge|e:f97c1798aeb5d522c88cd16196f978b9|453d4ffa3089ed3cddd54147a31067432d1b3608afc18a17bccd8e22bb298396',#46,#62,#1410,.T.);
#1412=SURFACE_CURVE('',#503,(#1006,#1156),.PCURVE_S1.);
#1413=EDGE_CURVE('OSCAD_TOPO/3|edge|e:f3cb6685f7f9ab63b1edb1b266efbe39|a33528643165928f20f0198047d31c4d14c5f18d5ab8c4034714fbbfb3b17bb5',#60,#62,#1412,.T.);
#1414=SURFACE_CURVE('',#506,(#1021,#1051),.PCURVE_S1.);
#1415=EDGE_CURVE('OSCAD_TOPO/3|edge|e:160925fe6b09a5cc386bb72b14881a1e|a0106693bfa0d358c1a4c9d5bd0e0bcd050e1d702f8bbca343cb139c65797d0e',#48,#64,#1414,.T.);
#1416=SURFACE_CURVE('',#510,(#1026,#1176),.PCURVE_S1.);
#1417=EDGE_CURVE('OSCAD_TOPO/3|edge|e:4fd4afb90b565f2d4707027503a7dab1|e03fcefbfd20f50e7458af066ebddc4b7285ca5df1c506a25dfa1eca2c5a4632',#62,#64,#1416,.T.);
#1418=SURFACE_CURVE('',#514,(#1046,#1196),.PCURVE_S1.);
#1419=EDGE_CURVE('OSCAD_TOPO/3|edge|e:7294f538a87847cb2805a621f3f5c8c1|f8b13157a0585d779075b0139fefb321095670153e0a63a0aeab8f4c88dc9be6',#58,#64,#1418,.T.);
#1420=SURFACE_CURVE('',#517,(#1061,#1091),.PCURVE_S1.);
#1421=EDGE_CURVE('OSCAD_TOPO/3|edge|e:f70388eb32dcca82a05df0cfe9fe6b8e|614155ddd4179efc47ed056ce735c55f3cb93ae1f6c1f691462f98c75d779275',#52,#68,#1420,.T.);
#1422=SURFACE_CURVE('',#521,(#1066,#1265),.PCURVE_S1.);
#1423=EDGE_CURVE('OSCAD_TOPO/3|edge|e:6a2dd4dae3f59e0338f9b34532ff0768|0bcfc1346a325e059e56337066c181bdae12427ca56513d1728727688b8c336e',#66,#68,#1422,.T.);
#1424=SURFACE_CURVE('',#524,(#1071,#1121),.PCURVE_S1.);
#1425=EDGE_CURVE('OSCAD_TOPO/3|edge|e:df1ce4b402dfae28893ae49adb4cb3bd|4746903025e80e222be798d53da1e698059b5f9883a79a028cf5724a2bcea13f',#50,#66,#1424,.T.);
#1426=SURFACE_CURVE('',#527,(#1081,#1111),.PCURVE_S1.);
#1427=EDGE_CURVE('OSCAD_TOPO/3|edge|e:49099db848de61c018f673740f232c3d|62279a37aee454bfdab6e5984f8d3978288ae32831a0cf2bbd40987d3e889473',#54,#70,#1426,.T.);
#1428=SURFACE_CURVE('',#531,(#1086,#1271),.PCURVE_S1.);
#1429=EDGE_CURVE('OSCAD_TOPO/3|edge|e:51f79314e4fa30ca17ead0085fbf04b9|6f189116fa08d3e4c9a35077056141af28e6888771cb3bb874b032bac320222f',#68,#70,#1428,.T.);
#1430=SURFACE_CURVE('',#534,(#1101,#1131),.PCURVE_S1.);
#1431=EDGE_CURVE('OSCAD_TOPO/3|edge|e:6e4b1a42395e9e83913004a17d98fdd0|27cf6bd6dbcfeff6dad677c45ed59ff16d8a5af0b3284f89d2581d0487b45047',#56,#72,#1430,.T.);
#1432=SURFACE_CURVE('',#538,(#1106,#1277),.PCURVE_S1.);
#1433=EDGE_CURVE('OSCAD_TOPO/3|edge|e:f1c48bc3f673007263e1a9095d675d14|2f66afabe844c4b2a89dcf4f36a0b2e122374da0c36e80cdf7852238715fd8ce',#70,#72,#1432,.T.);
#1434=SURFACE_CURVE('',#542,(#1126,#1283),.PCURVE_S1.);
#1435=EDGE_CURVE('OSCAD_TOPO/3|edge|e:0ec7b5537a3a95f72acc80797348ce80|404ea8bfad366dad2cbbe2a92c1ee0e20582c808cd0ab6d84e18a56cae3e7e3f',#66,#72,#1434,.T.);
#1436=SURFACE_CURVE('',#545,(#1141,#1171),.PCURVE_S1.);
#1437=EDGE_CURVE('OSCAD_TOPO/3|edge|e:456ea5e3369522147cf5b335a75fc2e9|d5501838de98ca19c62b8c8ef5b8118bf7075b947f2b8988ef5b793fe9c5bd99',#60,#76,#1436,.T.);
#1438=SURFACE_CURVE('',#549,(#1146,#1289),.PCURVE_S1.);
#1439=EDGE_CURVE('OSCAD_TOPO/3|edge|e:09f8739fa14863dd1f22fce94e7595fe|6d6f240796e3bf77e56c4f3c9dc618d8c1773553635524e0913a5b7dbd600f00',#74,#76,#1438,.T.);
#1440=SURFACE_CURVE('',#552,(#1151,#1201),.PCURVE_S1.);
#1441=EDGE_CURVE('OSCAD_TOPO/3|edge|e:aaa0c7777b0f75700293a2cf1b4e4c12|12b5daf074a19f70caf84076e04ae587569581e8739ac0cc9c25757365836e2f',#58,#74,#1440,.T.);
#1442=SURFACE_CURVE('',#555,(#1161,#1191),.PCURVE_S1.);
#1443=EDGE_CURVE('OSCAD_TOPO/3|edge|e:a4c2960bc4829495e923df2fa1b6ec54|0bd6366cceb6af364fa7b05eca75df3a42f258373629e93798dc5b0e943a1fdf',#62,#78,#1442,.T.);
#1444=SURFACE_CURVE('',#559,(#1166,#1295),.PCURVE_S1.);
#1445=EDGE_CURVE('OSCAD_TOPO/3|edge|e:fe941ab6a453b0c5b9c371c640cddbbf|313685fbfead260543fa491b788ce11856730f0a1c03e6002028518047b37ebe',#76,#78,#1444,.T.);
#1446=SURFACE_CURVE('',#562,(#1181,#1211),.PCURVE_S1.);
#1447=EDGE_CURVE('OSCAD_TOPO/3|edge|e:5e3a88851dcf6b2741a9a2fc3dbfa699|c376b12bba4b9112e26b25b5ea3fc66028601e2eef3da1456ccacbcf9df12d23',#64,#80,#1446,.T.);
#1448=SURFACE_CURVE('',#566,(#1186,#1301),.PCURVE_S1.);
#1449=EDGE_CURVE('OSCAD_TOPO/3|edge|e:8bdde43939a0d2211aa2d61f58a03784|cf5e6091d9a2f19c5029fe1a3d037aca4e03296536a5582975b02886a1d8b516',#78,#80,#1448,.T.);
#1450=SURFACE_CURVE('',#570,(#1206,#1307),.PCURVE_S1.);
#1451=EDGE_CURVE('OSCAD_TOPO/3|edge|e:ec38070e6cd1ef7b77ee31da4816e812|d83ba217c1f1a915ada8426265b65197925b2bdb68c61100044754f7b6a999ec',#74,#80,#1450,.T.);
#1452=ORIENTED_EDGE('',*,*,#1309,.T.);
#1453=ORIENTED_EDGE('',*,*,#1311,.T.);
#1454=ORIENTED_EDGE('',*,*,#1313,.F.);
#1455=ORIENTED_EDGE('',*,*,#1315,.F.);
#1456=EDGE_LOOP('OSCAD_TOPO/3|loop|l:eea2de24f258353c08efde85b5daab90|78d18350cc7e2896fea079387adee52443b7ff6a9f87734a41f7dd7335511656',(#1452,#1453,#1454,#1455));
#1457=ORIENTED_EDGE('',*,*,#1317,.T.);
#1458=ORIENTED_EDGE('',*,*,#1319,.T.);
#1459=ORIENTED_EDGE('',*,*,#1321,.F.);
#1460=ORIENTED_EDGE('',*,*,#1311,.F.);
#1461=EDGE_LOOP('OSCAD_TOPO/3|loop|l:cf3a02159f746930117a76b7c82a8e45|79688d3df389d84476ae9aa1be1ddd111723d84e5671d88258cf5671054b0b72',(#1457,#1458,#1459,#1460));
#1462=ORIENTED_EDGE('',*,*,#1323,.T.);
#1463=ORIENTED_EDGE('',*,*,#1325,.T.);
#1464=ORIENTED_EDGE('',*,*,#1327,.F.);
#1465=ORIENTED_EDGE('',*,*,#1319,.F.);
#1466=EDGE_LOOP('OSCAD_TOPO/3|loop|l:59a190006b38e88de23ef56c7a59cc9c|ead80a71f39dc40f0f6b2acf63791b9b43a844c50df159b860bd43e2ade1ddcb',(#1462,#1463,#1464,#1465));
#1467=ORIENTED_EDGE('',*,*,#1329,.F.);
#1468=ORIENTED_EDGE('',*,*,#1315,.T.);
#1469=ORIENTED_EDGE('',*,*,#1331,.T.);
#1470=ORIENTED_EDGE('',*,*,#1325,.F.);
#1471=EDGE_LOOP('OSCAD_TOPO/3|loop|l:959d26283a5ef8167163e4ac31272b13|ed124b898266a1905ab8bb6332880e2d5ffcd4549e6e5a62e369d9af95e2c60d',(#1467,#1468,#1469,#1470));
#1472=ORIENTED_EDGE('',*,*,#1333,.T.);
#1473=ORIENTED_EDGE('',*,*,#1335,.T.);
#1474=ORIENTED_EDGE('',*,*,#1337,.F.);
#1475=ORIENTED_EDGE('',*,*,#1339,.F.);
#1476=EDGE_LOOP('OSCAD_TOPO/3|loop|l:16785818b3cefb59c2d2eb3fd2f1505d|895914ac772cea6675bc0083b52137e19d018c93f069d8e9ae995ccc6ebbb70e',(#1472,#1473,#1474,#1475));
#1477=ORIENTED_EDGE('',*,*,#1341,.T.);
#1478=ORIENTED_EDGE('',*,*,#1343,.T.);
#1479=ORIENTED_EDGE('',*,*,#1345,.F.);
#1480=ORIENTED_EDGE('',*,*,#1335,.F.);
#1481=EDGE_LOOP('OSCAD_TOPO/3|loop|l:bed2b6d510ff18b6f8d513ef6183d3c7|1405015b0ebb1d27ad154b0117d1445d154215e0d5f5667b30a3255cc9af2555',(#1477,#1478,#1479,#1480));
#1482=ORIENTED_EDGE('',*,*,#1347,.T.);
#1483=ORIENTED_EDGE('',*,*,#1349,.T.);
#1484=ORIENTED_EDGE('',*,*,#1351,.F.);
#1485=ORIENTED_EDGE('',*,*,#1343,.F.);
#1486=EDGE_LOOP('OSCAD_TOPO/3|loop|l:0b643b499e92ec63b83cee802922be07|e137e5ba6a19ce4424130120741f4366226c4edc3a6aa6eb29ce5367f9a4e44d',(#1482,#1483,#1484,#1485));
#1487=ORIENTED_EDGE('',*,*,#1353,.F.);
#1488=ORIENTED_EDGE('',*,*,#1339,.T.);
#1489=ORIENTED_EDGE('',*,*,#1355,.T.);
#1490=ORIENTED_EDGE('',*,*,#1349,.F.);
#1491=EDGE_LOOP('OSCAD_TOPO/3|loop|l:5077b5b0d94ec78432b40957f87eef5b|1c714762abfd2adb82f9a30616e81fa49481f5069a6af7f780c66e4e2307d368',(#1487,#1488,#1489,#1490));
#1492=ORIENTED_EDGE('',*,*,#1313,.T.);
#1493=ORIENTED_EDGE('',*,*,#1357,.T.);
#1494=ORIENTED_EDGE('',*,*,#1359,.F.);
#1495=ORIENTED_EDGE('',*,*,#1361,.F.);
#1496=EDGE_LOOP('OSCAD_TOPO/3|loop|l:bebafd2e169849648980f52dc3dfebb7|6a18ecc31fb25e4ea89895808254562b1f5252d11c943d1f3dac3abbbad125f5',(#1492,#1493,#1494,#1495));
#1497=ORIENTED_EDGE('',*,*,#1321,.T.);
#1498=ORIENTED_EDGE('',*,*,#1363,.T.);
#1499=ORIENTED_EDGE('',*,*,#1365,.F.);
#1500=ORIENTED_EDGE('',*,*,#1357,.F.);
#1501=EDGE_LOOP('OSCAD_TOPO/3|loop|l:3809407fb50ab4a2cf20bbe049ea3fff|6bd60723d9bc3acb03e456a1c727d0834e32100a3f0272e477353ca2863cfdc0',(#1497,#1498,#1499,#1500));
#1502=ORIENTED_EDGE('',*,*,#1327,.T.);
#1503=ORIENTED_EDGE('',*,*,#1367,.T.);
#1504=ORIENTED_EDGE('',*,*,#1369,.F.);
#1505=ORIENTED_EDGE('',*,*,#1363,.F.);
#1506=EDGE_LOOP('OSCAD_TOPO/3|loop|l:7276937e05e3880c8381587ff3022fcc|7574ee3551c503b4cb52fa1950572ae58ac320fc39f580e6d0d22d8ac40c3c9f',(#1502,#1503,#1504,#1505));
#1507=ORIENTED_EDGE('',*,*,#1331,.F.);
#1508=ORIENTED_EDGE('',*,*,#1361,.T.);
#1509=ORIENTED_EDGE('',*,*,#1371,.T.);
#1510=ORIENTED_EDGE('',*,*,#1367,.F.);
#1511=EDGE_LOOP('OSCAD_TOPO/3|loop|l:cd3b577248f09d3c344a03281f1173dd|fca2b09941901833032933a05894b63766528f984935225bded697c029e372ec',(#1507,#1508,#1509,#1510));
#1512=ORIENTED_EDGE('',*,*,#1337,.T.);
#1513=ORIENTED_EDGE('',*,*,#1373,.T.);
#1514=ORIENTED_EDGE('',*,*,#1375,.F.);
#1515=ORIENTED_EDGE('',*,*,#1377,.F.);
#1516=EDGE_LOOP('OSCAD_TOPO/3|loop|l:989448abf30a83b900d2f3bd0d0f9b16|e8e05f2ae8cf3a9e1ef0136df6c65dd7f49e8f1cc3bc685b3bd0312dd291289e',(#1512,#1513,#1514,#1515));
#1517=ORIENTED_EDGE('',*,*,#1345,.T.);
#1518=ORIENTED_EDGE('',*,*,#1379,.T.);
#1519=ORIENTED_EDGE('',*,*,#1381,.F.);
#1520=ORIENTED_EDGE('',*,*,#1373,.F.);
#1521=EDGE_LOOP('OSCAD_TOPO/3|loop|l:3e58e418dc757e11645fbfff9fb9c590|905ea5c07232802da93b65925e324af51b4e1d7562325e0b56df15193cd61c60',(#1517,#1518,#1519,#1520));
#1522=ORIENTED_EDGE('',*,*,#1351,.T.);
#1523=ORIENTED_EDGE('',*,*,#1383,.T.);
#1524=ORIENTED_EDGE('',*,*,#1385,.F.);
#1525=ORIENTED_EDGE('',*,*,#1379,.F.);
#1526=EDGE_LOOP('OSCAD_TOPO/3|loop|l:669876d1f16c914400dbdbf07a941cca|e7c0f9e47f0f0131c4b7b3e8d919f813c909dc566db053a50fe990f0f68737ae',(#1522,#1523,#1524,#1525));
#1527=ORIENTED_EDGE('',*,*,#1355,.F.);
#1528=ORIENTED_EDGE('',*,*,#1377,.T.);
#1529=ORIENTED_EDGE('',*,*,#1387,.T.);
#1530=ORIENTED_EDGE('',*,*,#1383,.F.);
#1531=EDGE_LOOP('OSCAD_TOPO/3|loop|l:795a9fdf6990220500cb67b9d4386a69|c2c805a2825852a9efc78110290b2cffeda6e9888a37262faa9c8890837182b0',(#1527,#1528,#1529,#1530));
#1532=ORIENTED_EDGE('',*,*,#1359,.T.);
#1533=ORIENTED_EDGE('',*,*,#1389,.T.);
#1534=ORIENTED_EDGE('',*,*,#1391,.F.);
#1535=ORIENTED_EDGE('',*,*,#1393,.F.);
#1536=EDGE_LOOP('OSCAD_TOPO/3|loop|l:af9bc0f4ffacd49b0ca5c63f9c2a2908|cc9d9d69459b380c97ed627ed70f1c3143eafb563a2b14e235dd765e6969dfe5',(#1532,#1533,#1534,#1535));
#1537=ORIENTED_EDGE('',*,*,#1365,.T.);
#1538=ORIENTED_EDGE('',*,*,#1395,.T.);
#1539=ORIENTED_EDGE('',*,*,#1397,.F.);
#1540=ORIENTED_EDGE('',*,*,#1389,.F.);
#1541=EDGE_LOOP('OSCAD_TOPO/3|loop|l:fb28438683ca96091b348f79b4b071c1|544d4a972971a90ed84e80744ba8d78099bed5cec181bcc8c677870cec3e5d20',(#1537,#1538,#1539,#1540));
#1542=ORIENTED_EDGE('',*,*,#1369,.T.);
#1543=ORIENTED_EDGE('',*,*,#1399,.T.);
#1544=ORIENTED_EDGE('',*,*,#1401,.F.);
#1545=ORIENTED_EDGE('',*,*,#1395,.F.);
#1546=EDGE_LOOP('OSCAD_TOPO/3|loop|l:3b9d734501e3355159b8cc1cf165834a|2a386dd7712434ae26cb77d84da6bc9c2e8f8685127591b4da6dacce747fbe34',(#1542,#1543,#1544,#1545));
#1547=ORIENTED_EDGE('',*,*,#1371,.F.);
#1548=ORIENTED_EDGE('',*,*,#1393,.T.);
#1549=ORIENTED_EDGE('',*,*,#1403,.T.);
#1550=ORIENTED_EDGE('',*,*,#1399,.F.);
#1551=EDGE_LOOP('OSCAD_TOPO/3|loop|l:7cf339b07805d4fcfbc9815b39c737f2|cbe7bef2f027b06d3b9b7f08c8587dd5ce826252ddf293f1d2acd95728192109',(#1547,#1548,#1549,#1550));
#1552=ORIENTED_EDGE('',*,*,#1375,.T.);
#1553=ORIENTED_EDGE('',*,*,#1405,.T.);
#1554=ORIENTED_EDGE('',*,*,#1407,.F.);
#1555=ORIENTED_EDGE('',*,*,#1409,.F.);
#1556=EDGE_LOOP('OSCAD_TOPO/3|loop|l:6823409d3ba5eccda98730c13ef52143|9e8883a58f97d3790a9dde267fe593dce4e6387b524cf3412693a76c4a3b2d88',(#1552,#1553,#1554,#1555));
#1557=ORIENTED_EDGE('',*,*,#1381,.T.);
#1558=ORIENTED_EDGE('',*,*,#1411,.T.);
#1559=ORIENTED_EDGE('',*,*,#1413,.F.);
#1560=ORIENTED_EDGE('',*,*,#1405,.F.);
#1561=EDGE_LOOP('OSCAD_TOPO/3|loop|l:b05067fd10ce152ebd5747b8ecd4f9bc|aab7b301c9eaed8b4260e11393fcf784da6729f4a2d78482c0ee2f1a53f8d403',(#1557,#1558,#1559,#1560));
#1562=ORIENTED_EDGE('',*,*,#1385,.T.);
#1563=ORIENTED_EDGE('',*,*,#1415,.T.);
#1564=ORIENTED_EDGE('',*,*,#1417,.F.);
#1565=ORIENTED_EDGE('',*,*,#1411,.F.);
#1566=EDGE_LOOP('OSCAD_TOPO/3|loop|l:a576f4ff3b9964630fb10c53929d1887|f98740e4bf175ee6f1b0eb93a2b3a8469264268b3d86b681aa1da8a9adf98908',(#1562,#1563,#1564,#1565));
#1567=ORIENTED_EDGE('',*,*,#1387,.F.);
#1568=ORIENTED_EDGE('',*,*,#1409,.T.);
#1569=ORIENTED_EDGE('',*,*,#1419,.T.);
#1570=ORIENTED_EDGE('',*,*,#1415,.F.);
#1571=EDGE_LOOP('OSCAD_TOPO/3|loop|l:cb5756dc38edfe7ee665d11f554282da|16e39807557c88287a863f796e1e10eacbad93ac925504cfd2f3bd07bceb7aad',(#1567,#1568,#1569,#1570));
#1572=ORIENTED_EDGE('',*,*,#1391,.T.);
#1573=ORIENTED_EDGE('',*,*,#1421,.T.);
#1574=ORIENTED_EDGE('',*,*,#1423,.F.);
#1575=ORIENTED_EDGE('',*,*,#1425,.F.);
#1576=EDGE_LOOP('OSCAD_TOPO/3|loop|l:ddc0930699be4c4ad2030ba2259a8771|8b93c5ff3597e74214cbe8f13470f096b86b597baa542a06a15aa9b65832f68e',(#1572,#1573,#1574,#1575));
#1577=ORIENTED_EDGE('',*,*,#1397,.T.);
#1578=ORIENTED_EDGE('',*,*,#1427,.T.);
#1579=ORIENTED_EDGE('',*,*,#1429,.F.);
#1580=ORIENTED_EDGE('',*,*,#1421,.F.);
#1581=EDGE_LOOP('OSCAD_TOPO/3|loop|l:78fd314167d5327cfcb264e8b42c8b60|514dbcbea21fe802cd4e4f85acf750ca4f6dfe0581adefdce1043941d35ec52b',(#1577,#1578,#1579,#1580));
#1582=ORIENTED_EDGE('',*,*,#1401,.T.);
#1583=ORIENTED_EDGE('',*,*,#1431,.T.);
#1584=ORIENTED_EDGE('',*,*,#1433,.F.);
#1585=ORIENTED_EDGE('',*,*,#1427,.F.);
#1586=EDGE_LOOP('OSCAD_TOPO/3|loop|l:c8543078ddaaed9b6ebcf21269a51351|30220b5dee133843af560bc6345f39bf3a4d5da85605da35685f28a8ea4f7773',(#1582,#1583,#1584,#1585));
#1587=ORIENTED_EDGE('',*,*,#1403,.F.);
#1588=ORIENTED_EDGE('',*,*,#1425,.T.);
#1589=ORIENTED_EDGE('',*,*,#1435,.T.);
#1590=ORIENTED_EDGE('',*,*,#1431,.F.);
#1591=EDGE_LOOP('OSCAD_TOPO/3|loop|l:672759c64ce32b1f4b15a7b85166b0b4|68b1a73b970878108dc1351aab21b929f2f95a3b10d4245e70474f7bf5451780',(#1587,#1588,#1589,#1590));
#1592=ORIENTED_EDGE('',*,*,#1407,.T.);
#1593=ORIENTED_EDGE('',*,*,#1437,.T.);
#1594=ORIENTED_EDGE('',*,*,#1439,.F.);
#1595=ORIENTED_EDGE('',*,*,#1441,.F.);
#1596=EDGE_LOOP('OSCAD_TOPO/3|loop|l:5a79de54f1c313b26350395b8b0e99b0|32f4060566fb1d87ecd6a797df7efe2fcadc4909d8ffa69300bd14d1c362f9d4',(#1592,#1593,#1594,#1595));
#1597=ORIENTED_EDGE('',*,*,#1413,.T.);
#1598=ORIENTED_EDGE('',*,*,#1443,.T.);
#1599=ORIENTED_EDGE('',*,*,#1445,.F.);
#1600=ORIENTED_EDGE('',*,*,#1437,.F.);
#1601=EDGE_LOOP('OSCAD_TOPO/3|loop|l:42f086a59528e9835e73925641c77615|25d07ac4f5ad9ac30710f61c2b7601ed9ac051533677bc1ffcf99cfe497520ba',(#1597,#1598,#1599,#1600));
#1602=ORIENTED_EDGE('',*,*,#1417,.T.);
#1603=ORIENTED_EDGE('',*,*,#1447,.T.);
#1604=ORIENTED_EDGE('',*,*,#1449,.F.);
#1605=ORIENTED_EDGE('',*,*,#1443,.F.);
#1606=EDGE_LOOP('OSCAD_TOPO/3|loop|l:8eec0de18175a64d8720a928325c2415|2324b914603a97b6bb1462519ded899b4e33685f2fa5e553ddf0898d32a66af0',(#1602,#1603,#1604,#1605));
#1607=ORIENTED_EDGE('',*,*,#1419,.F.);
#1608=ORIENTED_EDGE('',*,*,#1441,.T.);
#1609=ORIENTED_EDGE('',*,*,#1451,.T.);
#1610=ORIENTED_EDGE('',*,*,#1447,.F.);
#1611=EDGE_LOOP('OSCAD_TOPO/3|loop|l:1d9c474a68411a36e9fd182af51fbf7a|23084908ae82f99a01239fae6b2f73c80a8b18ab2d7780d6b39522c1f8ee58af',(#1607,#1608,#1609,#1610));
#1612=ORIENTED_EDGE('',*,*,#1329,.T.);
#1613=ORIENTED_EDGE('',*,*,#1323,.F.);
#1614=ORIENTED_EDGE('',*,*,#1317,.F.);
#1615=ORIENTED_EDGE('',*,*,#1309,.F.);
#1616=EDGE_LOOP('OSCAD_TOPO/3|loop|l:1029766e0aaf9653127e35cebe88198c|846a948d1a6c23b6c07c1b728aeef8dfea19a536c5d4afb1ae1482617679c834',(#1612,#1613,#1614,#1615));
#1617=ORIENTED_EDGE('',*,*,#1353,.T.);
#1618=ORIENTED_EDGE('',*,*,#1347,.F.);
#1619=ORIENTED_EDGE('',*,*,#1341,.F.);
#1620=ORIENTED_EDGE('',*,*,#1333,.F.);
#1621=EDGE_LOOP('OSCAD_TOPO/3|loop|l:3652e8b5c30439567e3300fb44829145|04774fe3f422d69e7caa311065c76dd09b06d45615b87c170a9da852f1d05c9e',(#1617,#1618,#1619,#1620));
#1622=ORIENTED_EDGE('',*,*,#1423,.T.);
#1623=ORIENTED_EDGE('',*,*,#1429,.T.);
#1624=ORIENTED_EDGE('',*,*,#1433,.T.);
#1625=ORIENTED_EDGE('',*,*,#1435,.F.);
#1626=EDGE_LOOP('OSCAD_TOPO/3|loop|l:16292184c5c14c2d26f5511e5a71ef16|05278f9500597b097dad03a60c7a2972856bddf26c26069c3d75fe4ca35fd492',(#1622,#1623,#1624,#1625));
#1627=ORIENTED_EDGE('',*,*,#1439,.T.);
#1628=ORIENTED_EDGE('',*,*,#1445,.T.);
#1629=ORIENTED_EDGE('',*,*,#1449,.T.);
#1630=ORIENTED_EDGE('',*,*,#1451,.F.);
#1631=EDGE_LOOP('OSCAD_TOPO/3|loop|l:883f145a1587626676be8b4e7d8b3e64|5e55bd5675e36e829b858a21f26733766fcb5dab5d75fbd98bdd77f87f7edac1',(#1627,#1628,#1629,#1630));
#1632=FACE_OUTER_BOUND('',#1456,.T.);
#1633=ADVANCED_FACE('OSCAD_TOPO/3|face|f:fefc633e1a693760769ef264799b1fe2|914516ed85a84ba06a0edaec074620699dadefd17a76505334d8c1f7dd8264a8',(#1632),#87,.T.);
#1634=FACE_OUTER_BOUND('',#1461,.T.);
#1635=ADVANCED_FACE('OSCAD_TOPO/3|face|f:75b0a5ee957e6840829f49f02843eb78|6072e1d2eb48a76b6abb4c2739413ab0cc70f44c1db157ed217e15ab6aa23a37',(#1634),#94,.T.);
#1636=FACE_OUTER_BOUND('',#1466,.T.);
#1637=ADVANCED_FACE('OSCAD_TOPO/3|face|f:489be7d77c2b8c846abb39198f11842e|332f276b1341ed681d4e787b69804285a8b69713eeaac7f941433e636b6ef1dc',(#1636),#101,.T.);
#1638=FACE_OUTER_BOUND('',#1471,.T.);
#1639=ADVANCED_FACE('OSCAD_TOPO/3|face|f:b22ae915716b1dc7275f7bcb61c121e6|e69e85d68589e56135475e6eb0459befc67922b9db79d15ae06a42a4eed13dba',(#1638),#108,.T.);
#1640=FACE_OUTER_BOUND('',#1476,.T.);
#1641=ADVANCED_FACE('OSCAD_TOPO/3|face|f:6d5a5b4eab8f464b906221da20e23872|f34cbe6e83bfdec9e7895d68645eeaebbdacd851f8c782815d97008bf9b08dd2',(#1640),#115,.T.);
#1642=FACE_OUTER_BOUND('',#1481,.T.);
#1643=ADVANCED_FACE('OSCAD_TOPO/3|face|f:7e41401a5d4d26a11aeec25efbedb12b|58fd2539b5b5bfd0710c1603e22c17a96d4baa7fb4a6c7e9243e737014bccfd3',(#1642),#122,.T.);
#1644=FACE_OUTER_BOUND('',#1486,.T.);
#1645=ADVANCED_FACE('OSCAD_TOPO/3|face|f:c0b41e6ba699ff454f21e413640a823d|3f9d7f0ea3b332d4a6709d99bb39059d59a27319da3a9f634e741259c9a7dd9f',(#1644),#129,.T.);
#1646=FACE_OUTER_BOUND('',#1491,.T.);
#1647=ADVANCED_FACE('OSCAD_TOPO/3|face|f:f3367cf6cf74e3d4ee8af6911b38765d|c8ad506a4b379a010dd4304d0b09bf7d77fee9ae9963603f5fc17f3c72766f55',(#1646),#136,.T.);
#1648=FACE_OUTER_BOUND('',#1496,.T.);
#1649=ADVANCED_FACE('OSCAD_TOPO/3|face|f:814dbd5ffabe0cc5aa35c95991909006|ff8cd8905033da26fd7a248fc271dad9e95719660ede10442d8d779d78f53c12',(#1648),#143,.T.);
#1650=FACE_OUTER_BOUND('',#1501,.T.);
#1651=ADVANCED_FACE('OSCAD_TOPO/3|face|f:559aae8e24da3a3b1384f9055fe375fc|fe690ac85c29a28f13407114a4fc6e9edbfcf2acf5409d2b8f05eb6a2d52a158',(#1650),#150,.T.);
#1652=FACE_OUTER_BOUND('',#1506,.T.);
#1653=ADVANCED_FACE('OSCAD_TOPO/3|face|f:87862414dbca09be0cee789ec2013822|d174f548a15f6e225d42bbb66dce40f10bb947a8533988fe3c71bb9b437d1d86',(#1652),#157,.T.);
#1654=FACE_OUTER_BOUND('',#1511,.T.);
#1655=ADVANCED_FACE('OSCAD_TOPO/3|face|f:47648f6bf1a6dc2de302d2e3d3ec1ffc|1bb50eeeb434fae07ca60322f4a33238c2e1985c60d986aa4d50798b95ab1a7e',(#1654),#164,.T.);
#1656=FACE_OUTER_BOUND('',#1516,.T.);
#1657=ADVANCED_FACE('OSCAD_TOPO/3|face|f:b81d24ff995599e689b7896569ebdc66|ad8884908a90308e78e4c0a97660eb88232eaa9e32ab7d652feb88ee1a91896a',(#1656),#171,.T.);
#1658=FACE_OUTER_BOUND('',#1521,.T.);
#1659=ADVANCED_FACE('OSCAD_TOPO/3|face|f:dcd12abc33d2e6c0592fd41913e1469b|1025c08ac8e42984ad93f9d91c871cf60b09713d65f94049a5c11bb15e90188c',(#1658),#178,.T.);
#1660=FACE_OUTER_BOUND('',#1526,.T.);
#1661=ADVANCED_FACE('OSCAD_TOPO/3|face|f:3ac8d84bda3134ea83e479b7e80599dd|000888621cdc6672fb70107c7b94e2af12ef3bf973b6664f331f46283ff641be',(#1660),#185,.T.);
#1662=FACE_OUTER_BOUND('',#1531,.T.);
#1663=ADVANCED_FACE('OSCAD_TOPO/3|face|f:d2fcdd535436706450c65e920c196e83|cc59d9f226d2201828de40a4c9b3448a6084aeaf537e70ae8da8371bb1fa1140',(#1662),#192,.T.);
#1664=FACE_OUTER_BOUND('',#1536,.T.);
#1665=ADVANCED_FACE('OSCAD_TOPO/3|face|f:a9df8be97b8c2f6003bb3ce8cea1d1e3|06956a475673bb72967dbf26c17d79b38f0a740712baa85e197ea9c16cdb4b36',(#1664),#199,.T.);
#1666=FACE_OUTER_BOUND('',#1541,.T.);
#1667=ADVANCED_FACE('OSCAD_TOPO/3|face|f:e1d2683dd770969ba77d77e8fef98b40|d260c7c9da14aadea63371aa132b234efc16e368b8de62d0d99cbbf3b96bd68d',(#1666),#206,.T.);
#1668=FACE_OUTER_BOUND('',#1546,.T.);
#1669=ADVANCED_FACE('OSCAD_TOPO/3|face|f:5e4555bea29e83c33c3e36b893b839f8|27dccd4de617ebab4c1b09e5525a3cdcdae7e3ceba6673eb82f1b6818a6676ee',(#1668),#213,.T.);
#1670=FACE_OUTER_BOUND('',#1551,.T.);
#1671=ADVANCED_FACE('OSCAD_TOPO/3|face|f:963044a55027617b44708367be8d5b82|c28bafde3a801984ff46a5a08da55d050e2c9ac60dde9e03cef287fa49fa1e12',(#1670),#220,.T.);
#1672=FACE_OUTER_BOUND('',#1556,.T.);
#1673=ADVANCED_FACE('OSCAD_TOPO/3|face|f:f7347c65e628183ce8c0fb4e489fc29a|f3d0809c2963ab51324d9c043db0901ed4870feab4a8cdfc0f8bcfcf4dbbafaf',(#1672),#227,.T.);
#1674=FACE_OUTER_BOUND('',#1561,.T.);
#1675=ADVANCED_FACE('OSCAD_TOPO/3|face|f:7c9a6fa9721a92f656090707e28fdeaa|a8b1ca1de202e36cb032dd29c11b15f5707214664b0ecb36274dbbbbf6c2f63c',(#1674),#234,.T.);
#1676=FACE_OUTER_BOUND('',#1566,.T.);
#1677=ADVANCED_FACE('OSCAD_TOPO/3|face|f:7249d095fd6e6ffe9719ac1ab5d58e0a|3387b3458bb33cf21b99db664a2b5cd833b78043076234153ca3f78270cb73f5',(#1676),#241,.T.);
#1678=FACE_OUTER_BOUND('',#1571,.T.);
#1679=ADVANCED_FACE('OSCAD_TOPO/3|face|f:3a1f9cd25df3a49c423629f5503afaaa|2c11fbeb2392f5f8e1686d727156edf29c2021e16f70da600a5b4109a0d1b8ae',(#1678),#248,.T.);
#1680=FACE_OUTER_BOUND('',#1576,.T.);
#1681=ADVANCED_FACE('OSCAD_TOPO/3|face|f:e2011c6b099d9ea5f4bb4fbec7e92f11|69b03dbfa5f80fe908cb299b0b42147c07bd2f376cf1adf8f15c31e8d1e54f66',(#1680),#255,.T.);
#1682=FACE_OUTER_BOUND('',#1581,.T.);
#1683=ADVANCED_FACE('OSCAD_TOPO/3|face|f:a4161f9e20fcd419b62a80f250a18166|6d06f5da0747b7bb573167fcfe380e811e6638dff49793b87b873865837c1cd2',(#1682),#262,.T.);
#1684=FACE_OUTER_BOUND('',#1586,.T.);
#1685=ADVANCED_FACE('OSCAD_TOPO/3|face|f:298662e55e4a9203d0247a32ba65eddd|272d9ed6d39fa74bd3595efa5aa80820594c736ad8a00bfe6e38683650c7e963',(#1684),#269,.T.);
#1686=FACE_OUTER_BOUND('',#1591,.T.);
#1687=ADVANCED_FACE('OSCAD_TOPO/3|face|f:e8f94875beadc4a9f8ad39a205760ca2|4e09b8bb0fc8d55035dac992d03175ac3c9abb45666e9a0ee2cfe055ad30d5de',(#1686),#276,.T.);
#1688=FACE_OUTER_BOUND('',#1596,.T.);
#1689=ADVANCED_FACE('OSCAD_TOPO/3|face|f:f45381a9e8d48e2315274495bbd27c85|21844710fe94f8f01e4ba3bc5ac927e8afa3289ee829655616dfe309bce51731',(#1688),#283,.T.);
#1690=FACE_OUTER_BOUND('',#1601,.T.);
#1691=ADVANCED_FACE('OSCAD_TOPO/3|face|f:f944f78a044923e090039931767bbe11|b067e3b10ff41deecc2d17c0f085e1b4a16ba44ae78d46aebef3792f1a890f35',(#1690),#290,.T.);
#1692=FACE_OUTER_BOUND('',#1606,.T.);
#1693=ADVANCED_FACE('OSCAD_TOPO/3|face|f:d4204eaf6584f40c6370d668c33a5849|72db06b7a1b0fec6da51dc573df0b9bfbce60554db9198176200e05fd8aa04b6',(#1692),#297,.T.);
#1694=FACE_OUTER_BOUND('',#1611,.T.);
#1695=ADVANCED_FACE('OSCAD_TOPO/3|face|f:62aab6128ab6037ece73185f07dd94f7|ce5cbb87ae5760daaa7d1c00062aa28f18797dc1702d125ad031476529ab8df8',(#1694),#304,.T.);
#1696=FACE_OUTER_BOUND('',#1616,.T.);
#1697=FACE_BOUND('',#1621,.T.);
#1698=ADVANCED_FACE('OSCAD_TOPO/3|face|f:a700131c0018b47ed488203031b8f099|7976a973f0998d960f66eccbc67a87da0b02cef6411108101149ae7cbed0865e',(#1696,#1697),#309,.T.);
#1699=FACE_OUTER_BOUND('',#1626,.T.);
#1700=FACE_BOUND('',#1631,.T.);
#1701=ADVANCED_FACE('OSCAD_TOPO/3|face|f:9941922c86cea696d865dd4657095f77|cdd1c28a8ebcd642038610c0d762f320ace5e73f6999e4a14879e2785c91f9f3',(#1699,#1700),#314,.T.);
#1702=CLOSED_SHELL('OSCAD_TOPO/3|shell|s:d78ba2d50fa1f4ca4149874e5296ec2a|71876b05c7432a7643a283feaa84e1d7e74e759c49864f2d0b85278c2870e460',(#1633,#1635,#1637,#1639,#1641,#1643,#1645,#1647,#1649,#1651,#1653,#1655,#1657,#1659,#1661,#1663,#1665,#1667,#1669,#1671,#1673,#1675,#1677,#1679,#1681,#1683,#1685,#1687,#1689,#1691,#1693,#1695,#1698,#1701));
#1703=MANIFOLD_SOLID_BREP('OSCAD_TOPO/3|body|b:2c99387abb99eb49d60ee61da969eaa4|1410b57066842acdae78cb73716ed25ca35388fbc29428338d8020148122e2cc',#1702);
#1704=(LENGTH_UNIT()NAMED_UNIT(*)SI_UNIT(.MILLI.,.METRE.));
#1705=UNCERTAINTY_MEASURE_WITH_UNIT(LENGTH_MEASURE(9.99999999999999955E-8),#1704,'distance_accuracy_value','');
#1706=(GEOMETRIC_REPRESENTATION_CONTEXT(3)GLOBAL_UNCERTAINTY_ASSIGNED_CONTEXT((#1705))GLOBAL_UNIT_ASSIGNED_CONTEXT((#1704))REPRESENTATION_CONTEXT('','3D'));
#1707=ADVANCED_BREP_SHAPE_REPRESENTATION('',(#1703),#1706);
#1708=APPLICATION_CONTEXT('managed model based 3d engineering');
#1709=PRODUCT_CONTEXT('',#1708,'mechanical');
#1710=PRODUCT('model','model','',(#1709));
#1711=PRODUCT_DEFINITION_FORMATION('1','',#1710);
#1712=PRODUCT_DEFINITION_CONTEXT('part definition',#1708,'design');
#1713=PRODUCT_DEFINITION('design','',#1711,#1712);
#1714=PRODUCT_DEFINITION_SHAPE('','',#1713);
#1715=SHAPE_DEFINITION_REPRESENTATION(#1714,#1707);
ENDSEC;
END-ISO-10303-21;
