ISO-10303-21;
HEADER;
FILE_DESCRIPTION(('OpenSCAD Viewer retained AP242 B-rep'),'2;1');
FILE_NAME('model.step','',(''),(''),'OpenSCAD Viewer','OpenSCAD Viewer','');
FILE_SCHEMA(('AP242_MANAGED_MODEL_BASED_3D_ENGINEERING_MIM_LF'));
ENDSEC;
DATA;
#1=CARTESIAN_POINT('',(2.87500000000000000E0,-3.12500000000000000E-2,1.25000000000000000E-1));
#2=VERTEX_POINT('OSCAD_TOPO/3|vertex|v:17504a4b566885d6aec05fc9e660416d|9889a1672afbaa39f1fa2e90c3d6f87b868231bbe9a30c535e14e4b51c815b71',#1);
#3=CARTESIAN_POINT('',(3.12500000000000000E0,-3.12500000000000000E-2,1.25000000000000000E-1));
#4=VERTEX_POINT('OSCAD_TOPO/3|vertex|v:ba9ee31471573a405b0bd1c9aacbf2f2|503abd5408e77bded80349fe58c75f6be94b2ce602278716edbbda3eafb97e49',#3);
#5=CARTESIAN_POINT('',(3.12500000000000000E0,3.12500000000000000E-2,-1.25000000000000000E-1));
#6=VERTEX_POINT('OSCAD_TOPO/3|vertex|v:703fc9d7918640a0d07f2c71039c6728|dd04c334cb04e3dac1447718a0753d5e2db9cbd076ab21b4d31e9919c9b574c6',#5);
#7=CARTESIAN_POINT('',(2.87500000000000000E0,3.12500000000000000E-2,-1.25000000000000000E-1));
#8=VERTEX_POINT('OSCAD_TOPO/3|vertex|v:49802e39eff841100930e2f76edd496d|2b12e741a2d8f00360dd5f9dcb2919d9f1ee53f4a1601e6bcf050ac73b6cef84',#7);
#9=CARTESIAN_POINT('',(1.42382812500000000E0,2.49707031250000000E0,2.33398437500000000E-1));
#10=VERTEX_POINT('OSCAD_TOPO/3|vertex|v:44eae6c751a5491eba96439165dbb8c2|7ac6200749c1b4c2912fa0937fee73bcca58c2d00bb077c50c4c5f01b1d4a077',#9);
#11=CARTESIAN_POINT('',(1.54882812500000000E0,2.71386718750000000E0,2.33398437500000000E-1));
#12=VERTEX_POINT('OSCAD_TOPO/3|vertex|v:28df3e863636082c26977074014abf65|8a2448e7c0727b69b2d4e270fc264043597b75e65d371ba309abea8c0765ccc1',#11);
#13=CARTESIAN_POINT('',(1.57617187500000000E0,2.69824218750000000E0,-1.66015625000000000E-2));
#14=VERTEX_POINT('OSCAD_TOPO/3|vertex|v:50a9f129369497559bf27bf9c5c22636|453bc259f188493ecd54e96c24e4d897dc418e75d56067be1376f6a6e3ffd33f',#13);
#15=CARTESIAN_POINT('',(1.45117187500000000E0,2.48144531250000000E0,-1.66015625000000000E-2));
#16=VERTEX_POINT('OSCAD_TOPO/3|vertex|v:2c3d7ef604cc6e73306d412b24ff2bc2|2ebb45328956cdb242c73da6f6c0743b323c21b379691f15accd75e9778fe58a',#15);
#17=CARTESIAN_POINT('',(-1.45117187500000000E0,2.48144531250000000E0,1.66015625000000000E-2));
#18=VERTEX_POINT('OSCAD_TOPO/3|vertex|v:0813ecbc6eb8ca0b5eade22a969253b0|3988377d4ee47e045e5fc4f7760f38c697481c7fa5453fd463d6ef2dbf38926c',#17);
#19=CARTESIAN_POINT('',(-1.57617187500000000E0,2.69824218750000000E0,1.66015625000000000E-2));
#20=VERTEX_POINT('OSCAD_TOPO/3|vertex|v:e8c2a1fa6ac66ef31b3dceeabe5a908c|c096c78c84898fcdb4f9a01a3e34a54c349a7c9703066f90375ea3dcf9fd21f1',#19);
#21=CARTESIAN_POINT('',(-1.54882812500000000E0,2.71386718750000000E0,-2.33398437500000000E-1));
#22=VERTEX_POINT('OSCAD_TOPO/3|vertex|v:e2def64a3d2fd47f33a3e138d06c378e|893b5276dd71e6bbbe96f2cfb966ec5e3f9a29e1ac0a70c106d2e608507558bd',#21);
#23=CARTESIAN_POINT('',(-1.42382812500000000E0,2.49707031250000000E0,-2.33398437500000000E-1));
#24=VERTEX_POINT('OSCAD_TOPO/3|vertex|v:ed7c31c073ec6a91cfd0a0f6b953902a|00af1ed0160b29d498f792aa331a0afb6bd7ceb143f68248d9dc83d8e2f8557f',#23);
#25=CARTESIAN_POINT('',(-2.87500000000000000E0,3.12500000000000000E-2,1.25000000000000000E-1));
#26=VERTEX_POINT('OSCAD_TOPO/3|vertex|v:f89d27710a6b0411c2e8d876056daa7a|89825a5b2c00c85c274c3d08d1fb52bcbdd113168ed265903f64cd1ebaf96bf6',#25);
#27=CARTESIAN_POINT('',(-3.12500000000000000E0,3.12500000000000000E-2,1.25000000000000000E-1));
#28=VERTEX_POINT('OSCAD_TOPO/3|vertex|v:047e5a5b7aac2501e2488987fadfde86|b823f2ea49090c006911ef6e2f5d0b6e560af1f9ec32cdcf0a7882f6a5a89311',#27);
#29=CARTESIAN_POINT('',(-3.12500000000000000E0,-3.12500000000000000E-2,-1.25000000000000000E-1));
#30=VERTEX_POINT('OSCAD_TOPO/3|vertex|v:51fd20560df4a7114b0f4b34f71a8d45|9b5c384ccd57d7664445b889d85fe90eb1972b88509e0d1e09adfb138ee69aec',#29);
#31=CARTESIAN_POINT('',(-2.87500000000000000E0,-3.12500000000000000E-2,-1.25000000000000000E-1));
#32=VERTEX_POINT('OSCAD_TOPO/3|vertex|v:318c3041f8cd05239850937e1222a49b|f566a2d7d772972b2892a82832577c84cd4d6283856684bfab17b1c451e895b8',#31);
#33=CARTESIAN_POINT('',(-1.42382812500000000E0,-2.49707031250000000E0,2.33398437500000000E-1));
#34=VERTEX_POINT('OSCAD_TOPO/3|vertex|v:ab1526b3c20f599a73a3fcfe9347780d|0c447a2fa27063154d8552292215244e5d1f74a618418e0250fbced659e924b9',#33);
#35=CARTESIAN_POINT('',(-1.54882812500000000E0,-2.71386718750000000E0,2.33398437500000000E-1));
#36=VERTEX_POINT('OSCAD_TOPO/3|vertex|v:92bf5188c58bdf4a5e9c7b2e4def7905|7ab5c8ae617cb7ebf5ac08515c7e15cc9adb71b3843df9464ac69729fee076ae',#35);
#37=CARTESIAN_POINT('',(-1.57617187500000000E0,-2.69824218750000000E0,-1.66015625000000000E-2));
#38=VERTEX_POINT('OSCAD_TOPO/3|vertex|v:59945fa9f3d761d3f54066b572fa5a0a|149a3486c00caaa676079e8993fd6cfb4de3455becbcf1d0de6cc03a4227c5c9',#37);
#39=CARTESIAN_POINT('',(-1.45117187500000000E0,-2.48144531250000000E0,-1.66015625000000000E-2));
#40=VERTEX_POINT('OSCAD_TOPO/3|vertex|v:de501c9377dc87574bdaa074752c497a|40c70c60b4a95b64e92da99ce3cbda31982499b090e613b5b50a53761cd5cd70',#39);
#41=CARTESIAN_POINT('',(1.45117187500000000E0,-2.48144531250000000E0,1.66015625000000000E-2));
#42=VERTEX_POINT('OSCAD_TOPO/3|vertex|v:04d3779ddd5ea56493759496a8f577ed|f11dc5a45bfa4e460ac2d038a13ef58aa2cd76951efac31c1ecd1c4eaf4b2c50',#41);
#43=CARTESIAN_POINT('',(1.57617187500000000E0,-2.69824218750000000E0,1.66015625000000000E-2));
#44=VERTEX_POINT('OSCAD_TOPO/3|vertex|v:9efc48ed26afbbf6cdf349ab579f9e15|32d6a6d698ab299de0e2af9d6c36470590c68a801731add1ea053271cfc47ebb',#43);
#45=CARTESIAN_POINT('',(1.54882812500000000E0,-2.71386718750000000E0,-2.33398437500000000E-1));
#46=VERTEX_POINT('OSCAD_TOPO/3|vertex|v:d4181fd7db1c3fa589cd5a53f4a6345e|d6f93ee139678176ddd146ef78edba222ee0208e5f53be12672f06cd8c97996b',#45);
#47=CARTESIAN_POINT('',(1.42382812500000000E0,-2.49707031250000000E0,-2.33398437500000000E-1));
#48=VERTEX_POINT('OSCAD_TOPO/3|vertex|v:25d5ca6ad6b112725cbf79c46ec30e79|5a76f3930b03e09c386c6c84b770fbd882ea8a3b2162b83f533cf6c4c9e23c76',#47);
#49=CARTESIAN_POINT('',(2.87500000000000000E0,-3.12500000000000000E-2,1.25000000000000000E-1));
#50=CARTESIAN_POINT('',(2.87207031250000000E0,4.66796875000000000E-1,1.46484375000000000E-1));
#51=CARTESIAN_POINT('',(2.86914062500000000E0,9.64843750000000000E-1,1.67968750000000000E-1));
#52=CARTESIAN_POINT('',(2.28906250000000000E0,1.99511718750000000E0,2.54882812500000000E-1));
#53=CARTESIAN_POINT('',(1.85644531250000000E0,2.24609375000000000E0,2.44140625000000000E-1));
#54=CARTESIAN_POINT('',(1.42382812500000000E0,2.49707031250000000E0,2.33398437500000000E-1));
#55=CARTESIAN_POINT('',(3.12500000000000000E0,-3.12500000000000000E-2,1.25000000000000000E-1));
#56=CARTESIAN_POINT('',(3.12207031250000000E0,5.09765625000000000E-1,1.46484375000000000E-1));
#57=CARTESIAN_POINT('',(3.11914062500000000E0,1.05078125000000000E0,1.67968750000000000E-1));
#58=CARTESIAN_POINT('',(2.48828125000000000E0,2.16699218750000000E0,2.54882812500000000E-1));
#59=CARTESIAN_POINT('',(2.01855468750000000E0,2.44042968750000000E0,2.44140625000000000E-1));
#60=CARTESIAN_POINT('',(1.54882812500000000E0,2.71386718750000000E0,2.33398437500000000E-1));
#61=(BOUNDED_SURFACE()B_SPLINE_SURFACE(1,5,((#49,#50,#51,#52,#53,#54),(#55,#56,#57,#58,#59,#60)),.UNSPECIFIED.,.F.,.F.,.F.)B_SPLINE_SURFACE_WITH_KNOTS((2,2),(6,6),(0.00000000000000000E0,1.00000000000000000E0),(0.00000000000000000E0,1.00000000000000000E0),.UNSPECIFIED.)GEOMETRIC_REPRESENTATION_ITEM()RATIONAL_B_SPLINE_SURFACE(((1.00000000000000000E0,1.00000000000000000E0,1.00000000000000000E0,1.00000000000000000E0,1.00000000000000000E0,1.00000000000000000E0),(2.00000000000000000E0,2.00000000000000000E0,2.00000000000000000E0,2.00000000000000000E0,2.00000000000000000E0,2.00000000000000000E0)))REPRESENTATION_ITEM('')SURFACE());
#62=CARTESIAN_POINT('',(3.12500000000000000E0,-3.12500000000000000E-2,1.25000000000000000E-1));
#63=CARTESIAN_POINT('',(3.12207031250000000E0,5.09765625000000000E-1,1.46484375000000000E-1));
#64=CARTESIAN_POINT('',(3.11914062500000000E0,1.05078125000000000E0,1.67968750000000000E-1));
#65=CARTESIAN_POINT('',(2.48828125000000000E0,2.16699218750000000E0,2.54882812500000000E-1));
#66=CARTESIAN_POINT('',(2.01855468750000000E0,2.44042968750000000E0,2.44140625000000000E-1));
#67=CARTESIAN_POINT('',(1.54882812500000000E0,2.71386718750000000E0,2.33398437500000000E-1));
#68=CARTESIAN_POINT('',(3.12500000000000000E0,3.12500000000000000E-2,-1.25000000000000000E-1));
#69=CARTESIAN_POINT('',(3.12792968750000000E0,5.72265625000000000E-1,-1.03515625000000000E-1));
#70=CARTESIAN_POINT('',(3.13085937500000000E0,1.11328125000000000E0,-8.20312500000000000E-2));
#71=CARTESIAN_POINT('',(2.51171875000000000E0,2.16113281250000000E0,4.88281250000000000E-3));
#72=CARTESIAN_POINT('',(2.04394531250000000E0,2.42968750000000000E0,-5.85937500000000000E-3));
#73=CARTESIAN_POINT('',(1.57617187500000000E0,2.69824218750000000E0,-1.66015625000000000E-2));
#74=(BOUNDED_SURFACE()B_SPLINE_SURFACE(1,5,((#62,#63,#64,#65,#66,#67),(#68,#69,#70,#71,#72,#73)),.UNSPECIFIED.,.F.,.F.,.F.)B_SPLINE_SURFACE_WITH_KNOTS((2,2),(6,6),(0.00000000000000000E0,1.00000000000000000E0),(0.00000000000000000E0,1.00000000000000000E0),.UNSPECIFIED.)GEOMETRIC_REPRESENTATION_ITEM()RATIONAL_B_SPLINE_SURFACE(((1.00000000000000000E0,1.00000000000000000E0,1.00000000000000000E0,1.00000000000000000E0,1.00000000000000000E0,1.00000000000000000E0),(2.00000000000000000E0,2.00000000000000000E0,2.00000000000000000E0,2.00000000000000000E0,2.00000000000000000E0,2.00000000000000000E0)))REPRESENTATION_ITEM('')SURFACE());
#75=CARTESIAN_POINT('',(3.12500000000000000E0,3.12500000000000000E-2,-1.25000000000000000E-1));
#76=CARTESIAN_POINT('',(3.12792968750000000E0,5.72265625000000000E-1,-1.03515625000000000E-1));
#77=CARTESIAN_POINT('',(3.13085937500000000E0,1.11328125000000000E0,-8.20312500000000000E-2));
#78=CARTESIAN_POINT('',(2.51171875000000000E0,2.16113281250000000E0,4.88281250000000000E-3));
#79=CARTESIAN_POINT('',(2.04394531250000000E0,2.42968750000000000E0,-5.85937500000000000E-3));
#80=CARTESIAN_POINT('',(1.57617187500000000E0,2.69824218750000000E0,-1.66015625000000000E-2));
#81=CARTESIAN_POINT('',(2.87500000000000000E0,3.12500000000000000E-2,-1.25000000000000000E-1));
#82=CARTESIAN_POINT('',(2.87792968750000000E0,5.29296875000000000E-1,-1.03515625000000000E-1));
#83=CARTESIAN_POINT('',(2.88085937500000000E0,1.02734375000000000E0,-8.20312500000000000E-2));
#84=CARTESIAN_POINT('',(2.31054687500000000E0,1.98730468750000000E0,4.88281250000000000E-3));
#85=CARTESIAN_POINT('',(1.88085937500000000E0,2.23437500000000000E0,-5.85937500000000000E-3));
#86=CARTESIAN_POINT('',(1.45117187500000000E0,2.48144531250000000E0,-1.66015625000000000E-2));
#87=(BOUNDED_SURFACE()B_SPLINE_SURFACE(1,5,((#75,#76,#77,#78,#79,#80),(#81,#82,#83,#84,#85,#86)),.UNSPECIFIED.,.F.,.F.,.F.)B_SPLINE_SURFACE_WITH_KNOTS((2,2),(6,6),(0.00000000000000000E0,1.00000000000000000E0),(0.00000000000000000E0,1.00000000000000000E0),.UNSPECIFIED.)GEOMETRIC_REPRESENTATION_ITEM()RATIONAL_B_SPLINE_SURFACE(((1.00000000000000000E0,1.00000000000000000E0,1.00000000000000000E0,1.00000000000000000E0,1.00000000000000000E0,1.00000000000000000E0),(2.00000000000000000E0,2.00000000000000000E0,2.00000000000000000E0,2.00000000000000000E0,2.00000000000000000E0,2.00000000000000000E0)))REPRESENTATION_ITEM('')SURFACE());
#88=CARTESIAN_POINT('',(2.87500000000000000E0,3.12500000000000000E-2,-1.25000000000000000E-1));
#89=CARTESIAN_POINT('',(2.87792968750000000E0,5.29296875000000000E-1,-1.03515625000000000E-1));
#90=CARTESIAN_POINT('',(2.88085937500000000E0,1.02734375000000000E0,-8.20312500000000000E-2));
#91=CARTESIAN_POINT('',(2.31054687500000000E0,1.98730468750000000E0,4.88281250000000000E-3));
#92=CARTESIAN_POINT('',(1.88085937500000000E0,2.23437500000000000E0,-5.85937500000000000E-3));
#93=CARTESIAN_POINT('',(1.45117187500000000E0,2.48144531250000000E0,-1.66015625000000000E-2));
#94=CARTESIAN_POINT('',(2.87500000000000000E0,-3.12500000000000000E-2,1.25000000000000000E-1));
#95=CARTESIAN_POINT('',(2.87207031250000000E0,4.66796875000000000E-1,1.46484375000000000E-1));
#96=CARTESIAN_POINT('',(2.86914062500000000E0,9.64843750000000000E-1,1.67968750000000000E-1));
#97=CARTESIAN_POINT('',(2.28906250000000000E0,1.99511718750000000E0,2.54882812500000000E-1));
#98=CARTESIAN_POINT('',(1.85644531250000000E0,2.24609375000000000E0,2.44140625000000000E-1));
#99=CARTESIAN_POINT('',(1.42382812500000000E0,2.49707031250000000E0,2.33398437500000000E-1));
#100=(BOUNDED_SURFACE()B_SPLINE_SURFACE(1,5,((#88,#89,#90,#91,#92,#93),(#94,#95,#96,#97,#98,#99)),.UNSPECIFIED.,.F.,.F.,.F.)B_SPLINE_SURFACE_WITH_KNOTS((2,2),(6,6),(0.00000000000000000E0,1.00000000000000000E0),(0.00000000000000000E0,1.00000000000000000E0),.UNSPECIFIED.)GEOMETRIC_REPRESENTATION_ITEM()RATIONAL_B_SPLINE_SURFACE(((1.00000000000000000E0,1.00000000000000000E0,1.00000000000000000E0,1.00000000000000000E0,1.00000000000000000E0,1.00000000000000000E0),(2.00000000000000000E0,2.00000000000000000E0,2.00000000000000000E0,2.00000000000000000E0,2.00000000000000000E0,2.00000000000000000E0)))REPRESENTATION_ITEM('')SURFACE());
#101=CARTESIAN_POINT('',(1.42382812500000000E0,2.49707031250000000E0,2.33398437500000000E-1));
#102=CARTESIAN_POINT('',(9.91210937500000000E-1,2.74804687500000000E0,2.22656250000000000E-1));
#103=CARTESIAN_POINT('',(5.58593750000000000E-1,2.99902343750000000E0,2.11914062500000000E-1));
#104=CARTESIAN_POINT('',(-5.91796875000000000E-1,2.97558593750000000E0,3.80859375000000000E-2));
#105=CARTESIAN_POINT('',(-1.02148437500000000E0,2.72851562500000000E0,2.73437500000000000E-2));
#106=CARTESIAN_POINT('',(-1.45117187500000000E0,2.48144531250000000E0,1.66015625000000000E-2));
#107=CARTESIAN_POINT('',(1.54882812500000000E0,2.71386718750000000E0,2.33398437500000000E-1));
#108=CARTESIAN_POINT('',(1.07910156250000000E0,2.98730468750000000E0,2.22656250000000000E-1));
#109=CARTESIAN_POINT('',(6.09375000000000000E-1,3.26074218750000000E0,2.11914062500000000E-1));
#110=CARTESIAN_POINT('',(-6.40625000000000000E-1,3.23535156250000000E0,3.80859375000000000E-2));
#111=CARTESIAN_POINT('',(-1.10839843750000000E0,2.96679687500000000E0,2.73437500000000000E-2));
#112=CARTESIAN_POINT('',(-1.57617187500000000E0,2.69824218750000000E0,1.66015625000000000E-2));
#113=(BOUNDED_SURFACE()B_SPLINE_SURFACE(1,5,((#101,#102,#103,#104,#105,#106),(#107,#108,#109,#110,#111,#112)),.UNSPECIFIED.,.F.,.F.,.F.)B_SPLINE_SURFACE_WITH_KNOTS((2,2),(6,6),(0.00000000000000000E0,1.00000000000000000E0),(0.00000000000000000E0,1.00000000000000000E0),.UNSPECIFIED.)GEOMETRIC_REPRESENTATION_ITEM()RATIONAL_B_SPLINE_SURFACE(((1.00000000000000000E0,1.00000000000000000E0,1.00000000000000000E0,1.00000000000000000E0,1.00000000000000000E0,1.00000000000000000E0),(2.00000000000000000E0,2.00000000000000000E0,2.00000000000000000E0,2.00000000000000000E0,2.00000000000000000E0,2.00000000000000000E0)))REPRESENTATION_ITEM('')SURFACE());
#114=CARTESIAN_POINT('',(1.54882812500000000E0,2.71386718750000000E0,2.33398437500000000E-1));
#115=CARTESIAN_POINT('',(1.07910156250000000E0,2.98730468750000000E0,2.22656250000000000E-1));
#116=CARTESIAN_POINT('',(6.09375000000000000E-1,3.26074218750000000E0,2.11914062500000000E-1));
#117=CARTESIAN_POINT('',(-6.40625000000000000E-1,3.23535156250000000E0,3.80859375000000000E-2));
#118=CARTESIAN_POINT('',(-1.10839843750000000E0,2.96679687500000000E0,2.73437500000000000E-2));
#119=CARTESIAN_POINT('',(-1.57617187500000000E0,2.69824218750000000E0,1.66015625000000000E-2));
#120=CARTESIAN_POINT('',(1.57617187500000000E0,2.69824218750000000E0,-1.66015625000000000E-2));
#121=CARTESIAN_POINT('',(1.10839843750000000E0,2.96679687500000000E0,-2.73437500000000000E-2));
#122=CARTESIAN_POINT('',(6.40625000000000000E-1,3.23535156250000000E0,-3.80859375000000000E-2));
#123=CARTESIAN_POINT('',(-6.09375000000000000E-1,3.26074218750000000E0,-2.11914062500000000E-1));
#124=CARTESIAN_POINT('',(-1.07910156250000000E0,2.98730468750000000E0,-2.22656250000000000E-1));
#125=CARTESIAN_POINT('',(-1.54882812500000000E0,2.71386718750000000E0,-2.33398437500000000E-1));
#126=(BOUNDED_SURFACE()B_SPLINE_SURFACE(1,5,((#114,#115,#116,#117,#118,#119),(#120,#121,#122,#123,#124,#125)),.UNSPECIFIED.,.F.,.F.,.F.)B_SPLINE_SURFACE_WITH_KNOTS((2,2),(6,6),(0.00000000000000000E0,1.00000000000000000E0),(0.00000000000000000E0,1.00000000000000000E0),.UNSPECIFIED.)GEOMETRIC_REPRESENTATION_ITEM()RATIONAL_B_SPLINE_SURFACE(((1.00000000000000000E0,1.00000000000000000E0,1.00000000000000000E0,1.00000000000000000E0,1.00000000000000000E0,1.00000000000000000E0),(2.00000000000000000E0,2.00000000000000000E0,2.00000000000000000E0,2.00000000000000000E0,2.00000000000000000E0,2.00000000000000000E0)))REPRESENTATION_ITEM('')SURFACE());
#127=CARTESIAN_POINT('',(1.57617187500000000E0,2.69824218750000000E0,-1.66015625000000000E-2));
#128=CARTESIAN_POINT('',(1.10839843750000000E0,2.96679687500000000E0,-2.73437500000000000E-2));
#129=CARTESIAN_POINT('',(6.40625000000000000E-1,3.23535156250000000E0,-3.80859375000000000E-2));
#130=CARTESIAN_POINT('',(-6.09375000000000000E-1,3.26074218750000000E0,-2.11914062500000000E-1));
#131=CARTESIAN_POINT('',(-1.07910156250000000E0,2.98730468750000000E0,-2.22656250000000000E-1));
#132=CARTESIAN_POINT('',(-1.54882812500000000E0,2.71386718750000000E0,-2.33398437500000000E-1));
#133=CARTESIAN_POINT('',(1.45117187500000000E0,2.48144531250000000E0,-1.66015625000000000E-2));
#134=CARTESIAN_POINT('',(1.02148437500000000E0,2.72851562500000000E0,-2.73437500000000000E-2));
#135=CARTESIAN_POINT('',(5.91796875000000000E-1,2.97558593750000000E0,-3.80859375000000000E-2));
#136=CARTESIAN_POINT('',(-5.58593750000000000E-1,2.99902343750000000E0,-2.11914062500000000E-1));
#137=CARTESIAN_POINT('',(-9.91210937500000000E-1,2.74804687500000000E0,-2.22656250000000000E-1));
#138=CARTESIAN_POINT('',(-1.42382812500000000E0,2.49707031250000000E0,-2.33398437500000000E-1));
#139=(BOUNDED_SURFACE()B_SPLINE_SURFACE(1,5,((#127,#128,#129,#130,#131,#132),(#133,#134,#135,#136,#137,#138)),.UNSPECIFIED.,.F.,.F.,.F.)B_SPLINE_SURFACE_WITH_KNOTS((2,2),(6,6),(0.00000000000000000E0,1.00000000000000000E0),(0.00000000000000000E0,1.00000000000000000E0),.UNSPECIFIED.)GEOMETRIC_REPRESENTATION_ITEM()RATIONAL_B_SPLINE_SURFACE(((1.00000000000000000E0,1.00000000000000000E0,1.00000000000000000E0,1.00000000000000000E0,1.00000000000000000E0,1.00000000000000000E0),(2.00000000000000000E0,2.00000000000000000E0,2.00000000000000000E0,2.00000000000000000E0,2.00000000000000000E0,2.00000000000000000E0)))REPRESENTATION_ITEM('')SURFACE());
#140=CARTESIAN_POINT('',(1.45117187500000000E0,2.48144531250000000E0,-1.66015625000000000E-2));
#141=CARTESIAN_POINT('',(1.02148437500000000E0,2.72851562500000000E0,-2.73437500000000000E-2));
#142=CARTESIAN_POINT('',(5.91796875000000000E-1,2.97558593750000000E0,-3.80859375000000000E-2));
#143=CARTESIAN_POINT('',(-5.58593750000000000E-1,2.99902343750000000E0,-2.11914062500000000E-1));
#144=CARTESIAN_POINT('',(-9.91210937500000000E-1,2.74804687500000000E0,-2.22656250000000000E-1));
#145=CARTESIAN_POINT('',(-1.42382812500000000E0,2.49707031250000000E0,-2.33398437500000000E-1));
#146=CARTESIAN_POINT('',(1.42382812500000000E0,2.49707031250000000E0,2.33398437500000000E-1));
#147=CARTESIAN_POINT('',(9.91210937500000000E-1,2.74804687500000000E0,2.22656250000000000E-1));
#148=CARTESIAN_POINT('',(5.58593750000000000E-1,2.99902343750000000E0,2.11914062500000000E-1));
#149=CARTESIAN_POINT('',(-5.91796875000000000E-1,2.97558593750000000E0,3.80859375000000000E-2));
#150=CARTESIAN_POINT('',(-1.02148437500000000E0,2.72851562500000000E0,2.73437500000000000E-2));
#151=CARTESIAN_POINT('',(-1.45117187500000000E0,2.48144531250000000E0,1.66015625000000000E-2));
#152=(BOUNDED_SURFACE()B_SPLINE_SURFACE(1,5,((#140,#141,#142,#143,#144,#145),(#146,#147,#148,#149,#150,#151)),.UNSPECIFIED.,.F.,.F.,.F.)B_SPLINE_SURFACE_WITH_KNOTS((2,2),(6,6),(0.00000000000000000E0,1.00000000000000000E0),(0.00000000000000000E0,1.00000000000000000E0),.UNSPECIFIED.)GEOMETRIC_REPRESENTATION_ITEM()RATIONAL_B_SPLINE_SURFACE(((1.00000000000000000E0,1.00000000000000000E0,1.00000000000000000E0,1.00000000000000000E0,1.00000000000000000E0,1.00000000000000000E0),(2.00000000000000000E0,2.00000000000000000E0,2.00000000000000000E0,2.00000000000000000E0,2.00000000000000000E0,2.00000000000000000E0)))REPRESENTATION_ITEM('')SURFACE());
#153=CARTESIAN_POINT('',(-1.45117187500000000E0,2.48144531250000000E0,1.66015625000000000E-2));
#154=CARTESIAN_POINT('',(-1.88085937500000000E0,2.23437500000000000E0,5.85937500000000000E-3));
#155=CARTESIAN_POINT('',(-2.31054687500000000E0,1.98730468750000000E0,-4.88281250000000000E-3));
#156=CARTESIAN_POINT('',(-2.88085937500000000E0,1.02734375000000000E0,8.20312500000000000E-2));
#157=CARTESIAN_POINT('',(-2.87792968750000000E0,5.29296875000000000E-1,1.03515625000000000E-1));
#158=CARTESIAN_POINT('',(-2.87500000000000000E0,3.12500000000000000E-2,1.25000000000000000E-1));
#159=CARTESIAN_POINT('',(-1.57617187500000000E0,2.69824218750000000E0,1.66015625000000000E-2));
#160=CARTESIAN_POINT('',(-2.04394531250000000E0,2.42968750000000000E0,5.85937500000000000E-3));
#161=CARTESIAN_POINT('',(-2.51171875000000000E0,2.16113281250000000E0,-4.88281250000000000E-3));
#162=CARTESIAN_POINT('',(-3.13085937500000000E0,1.11328125000000000E0,8.20312500000000000E-2));
#163=CARTESIAN_POINT('',(-3.12792968750000000E0,5.72265625000000000E-1,1.03515625000000000E-1));
#164=CARTESIAN_POINT('',(-3.12500000000000000E0,3.12500000000000000E-2,1.25000000000000000E-1));
#165=(BOUNDED_SURFACE()B_SPLINE_SURFACE(1,5,((#153,#154,#155,#156,#157,#158),(#159,#160,#161,#162,#163,#164)),.UNSPECIFIED.,.F.,.F.,.F.)B_SPLINE_SURFACE_WITH_KNOTS((2,2),(6,6),(0.00000000000000000E0,1.00000000000000000E0),(0.00000000000000000E0,1.00000000000000000E0),.UNSPECIFIED.)GEOMETRIC_REPRESENTATION_ITEM()RATIONAL_B_SPLINE_SURFACE(((1.00000000000000000E0,1.00000000000000000E0,1.00000000000000000E0,1.00000000000000000E0,1.00000000000000000E0,1.00000000000000000E0),(2.00000000000000000E0,2.00000000000000000E0,2.00000000000000000E0,2.00000000000000000E0,2.00000000000000000E0,2.00000000000000000E0)))REPRESENTATION_ITEM('')SURFACE());
#166=CARTESIAN_POINT('',(-1.57617187500000000E0,2.69824218750000000E0,1.66015625000000000E-2));
#167=CARTESIAN_POINT('',(-2.04394531250000000E0,2.42968750000000000E0,5.85937500000000000E-3));
#168=CARTESIAN_POINT('',(-2.51171875000000000E0,2.16113281250000000E0,-4.88281250000000000E-3));
#169=CARTESIAN_POINT('',(-3.13085937500000000E0,1.11328125000000000E0,8.20312500000000000E-2));
#170=CARTESIAN_POINT('',(-3.12792968750000000E0,5.72265625000000000E-1,1.03515625000000000E-1));
#171=CARTESIAN_POINT('',(-3.12500000000000000E0,3.12500000000000000E-2,1.25000000000000000E-1));
#172=CARTESIAN_POINT('',(-1.54882812500000000E0,2.71386718750000000E0,-2.33398437500000000E-1));
#173=CARTESIAN_POINT('',(-2.01855468750000000E0,2.44042968750000000E0,-2.44140625000000000E-1));
#174=CARTESIAN_POINT('',(-2.48828125000000000E0,2.16699218750000000E0,-2.54882812500000000E-1));
#175=CARTESIAN_POINT('',(-3.11914062500000000E0,1.05078125000000000E0,-1.67968750000000000E-1));
#176=CARTESIAN_POINT('',(-3.12207031250000000E0,5.09765625000000000E-1,-1.46484375000000000E-1));
#177=CARTESIAN_POINT('',(-3.12500000000000000E0,-3.12500000000000000E-2,-1.25000000000000000E-1));
#178=(BOUNDED_SURFACE()B_SPLINE_SURFACE(1,5,((#166,#167,#168,#169,#170,#171),(#172,#173,#174,#175,#176,#177)),.UNSPECIFIED.,.F.,.F.,.F.)B_SPLINE_SURFACE_WITH_KNOTS((2,2),(6,6),(0.00000000000000000E0,1.00000000000000000E0),(0.00000000000000000E0,1.00000000000000000E0),.UNSPECIFIED.)GEOMETRIC_REPRESENTATION_ITEM()RATIONAL_B_SPLINE_SURFACE(((1.00000000000000000E0,1.00000000000000000E0,1.00000000000000000E0,1.00000000000000000E0,1.00000000000000000E0,1.00000000000000000E0),(2.00000000000000000E0,2.00000000000000000E0,2.00000000000000000E0,2.00000000000000000E0,2.00000000000000000E0,2.00000000000000000E0)))REPRESENTATION_ITEM('')SURFACE());
#179=CARTESIAN_POINT('',(-1.54882812500000000E0,2.71386718750000000E0,-2.33398437500000000E-1));
#180=CARTESIAN_POINT('',(-2.01855468750000000E0,2.44042968750000000E0,-2.44140625000000000E-1));
#181=CARTESIAN_POINT('',(-2.48828125000000000E0,2.16699218750000000E0,-2.54882812500000000E-1));
#182=CARTESIAN_POINT('',(-3.11914062500000000E0,1.05078125000000000E0,-1.67968750000000000E-1));
#183=CARTESIAN_POINT('',(-3.12207031250000000E0,5.09765625000000000E-1,-1.46484375000000000E-1));
#184=CARTESIAN_POINT('',(-3.12500000000000000E0,-3.12500000000000000E-2,-1.25000000000000000E-1));
#185=CARTESIAN_POINT('',(-1.42382812500000000E0,2.49707031250000000E0,-2.33398437500000000E-1));
#186=CARTESIAN_POINT('',(-1.85644531250000000E0,2.24609375000000000E0,-2.44140625000000000E-1));
#187=CARTESIAN_POINT('',(-2.28906250000000000E0,1.99511718750000000E0,-2.54882812500000000E-1));
#188=CARTESIAN_POINT('',(-2.86914062500000000E0,9.64843750000000000E-1,-1.67968750000000000E-1));
#189=CARTESIAN_POINT('',(-2.87207031250000000E0,4.66796875000000000E-1,-1.46484375000000000E-1));
#190=CARTESIAN_POINT('',(-2.87500000000000000E0,-3.12500000000000000E-2,-1.25000000000000000E-1));
#191=(BOUNDED_SURFACE()B_SPLINE_SURFACE(1,5,((#179,#180,#181,#182,#183,#184),(#185,#186,#187,#188,#189,#190)),.UNSPECIFIED.,.F.,.F.,.F.)B_SPLINE_SURFACE_WITH_KNOTS((2,2),(6,6),(0.00000000000000000E0,1.00000000000000000E0),(0.00000000000000000E0,1.00000000000000000E0),.UNSPECIFIED.)GEOMETRIC_REPRESENTATION_ITEM()RATIONAL_B_SPLINE_SURFACE(((1.00000000000000000E0,1.00000000000000000E0,1.00000000000000000E0,1.00000000000000000E0,1.00000000000000000E0,1.00000000000000000E0),(2.00000000000000000E0,2.00000000000000000E0,2.00000000000000000E0,2.00000000000000000E0,2.00000000000000000E0,2.00000000000000000E0)))REPRESENTATION_ITEM('')SURFACE());
#192=CARTESIAN_POINT('',(-1.42382812500000000E0,2.49707031250000000E0,-2.33398437500000000E-1));
#193=CARTESIAN_POINT('',(-1.85644531250000000E0,2.24609375000000000E0,-2.44140625000000000E-1));
#194=CARTESIAN_POINT('',(-2.28906250000000000E0,1.99511718750000000E0,-2.54882812500000000E-1));
#195=CARTESIAN_POINT('',(-2.86914062500000000E0,9.64843750000000000E-1,-1.67968750000000000E-1));
#196=CARTESIAN_POINT('',(-2.87207031250000000E0,4.66796875000000000E-1,-1.46484375000000000E-1));
#197=CARTESIAN_POINT('',(-2.87500000000000000E0,-3.12500000000000000E-2,-1.25000000000000000E-1));
#198=CARTESIAN_POINT('',(-1.45117187500000000E0,2.48144531250000000E0,1.66015625000000000E-2));
#199=CARTESIAN_POINT('',(-1.88085937500000000E0,2.23437500000000000E0,5.85937500000000000E-3));
#200=CARTESIAN_POINT('',(-2.31054687500000000E0,1.98730468750000000E0,-4.88281250000000000E-3));
#201=CARTESIAN_POINT('',(-2.88085937500000000E0,1.02734375000000000E0,8.20312500000000000E-2));
#202=CARTESIAN_POINT('',(-2.87792968750000000E0,5.29296875000000000E-1,1.03515625000000000E-1));
#203=CARTESIAN_POINT('',(-2.87500000000000000E0,3.12500000000000000E-2,1.25000000000000000E-1));
#204=(BOUNDED_SURFACE()B_SPLINE_SURFACE(1,5,((#192,#193,#194,#195,#196,#197),(#198,#199,#200,#201,#202,#203)),.UNSPECIFIED.,.F.,.F.,.F.)B_SPLINE_SURFACE_WITH_KNOTS((2,2),(6,6),(0.00000000000000000E0,1.00000000000000000E0),(0.00000000000000000E0,1.00000000000000000E0),.UNSPECIFIED.)GEOMETRIC_REPRESENTATION_ITEM()RATIONAL_B_SPLINE_SURFACE(((1.00000000000000000E0,1.00000000000000000E0,1.00000000000000000E0,1.00000000000000000E0,1.00000000000000000E0,1.00000000000000000E0),(2.00000000000000000E0,2.00000000000000000E0,2.00000000000000000E0,2.00000000000000000E0,2.00000000000000000E0,2.00000000000000000E0)))REPRESENTATION_ITEM('')SURFACE());
#205=CARTESIAN_POINT('',(-2.87500000000000000E0,3.12500000000000000E-2,1.25000000000000000E-1));
#206=CARTESIAN_POINT('',(-2.87207031250000000E0,-4.66796875000000000E-1,1.46484375000000000E-1));
#207=CARTESIAN_POINT('',(-2.86914062500000000E0,-9.64843750000000000E-1,1.67968750000000000E-1));
#208=CARTESIAN_POINT('',(-2.28906250000000000E0,-1.99511718750000000E0,2.54882812500000000E-1));
#209=CARTESIAN_POINT('',(-1.85644531250000000E0,-2.24609375000000000E0,2.44140625000000000E-1));
#210=CARTESIAN_POINT('',(-1.42382812500000000E0,-2.49707031250000000E0,2.33398437500000000E-1));
#211=CARTESIAN_POINT('',(-3.12500000000000000E0,3.12500000000000000E-2,1.25000000000000000E-1));
#212=CARTESIAN_POINT('',(-3.12207031250000000E0,-5.09765625000000000E-1,1.46484375000000000E-1));
#213=CARTESIAN_POINT('',(-3.11914062500000000E0,-1.05078125000000000E0,1.67968750000000000E-1));
#214=CARTESIAN_POINT('',(-2.48828125000000000E0,-2.16699218750000000E0,2.54882812500000000E-1));
#215=CARTESIAN_POINT('',(-2.01855468750000000E0,-2.44042968750000000E0,2.44140625000000000E-1));
#216=CARTESIAN_POINT('',(-1.54882812500000000E0,-2.71386718750000000E0,2.33398437500000000E-1));
#217=(BOUNDED_SURFACE()B_SPLINE_SURFACE(1,5,((#205,#206,#207,#208,#209,#210),(#211,#212,#213,#214,#215,#216)),.UNSPECIFIED.,.F.,.F.,.F.)B_SPLINE_SURFACE_WITH_KNOTS((2,2),(6,6),(0.00000000000000000E0,1.00000000000000000E0),(0.00000000000000000E0,1.00000000000000000E0),.UNSPECIFIED.)GEOMETRIC_REPRESENTATION_ITEM()RATIONAL_B_SPLINE_SURFACE(((1.00000000000000000E0,1.00000000000000000E0,1.00000000000000000E0,1.00000000000000000E0,1.00000000000000000E0,1.00000000000000000E0),(2.00000000000000000E0,2.00000000000000000E0,2.00000000000000000E0,2.00000000000000000E0,2.00000000000000000E0,2.00000000000000000E0)))REPRESENTATION_ITEM('')SURFACE());
#218=CARTESIAN_POINT('',(-3.12500000000000000E0,3.12500000000000000E-2,1.25000000000000000E-1));
#219=CARTESIAN_POINT('',(-3.12207031250000000E0,-5.09765625000000000E-1,1.46484375000000000E-1));
#220=CARTESIAN_POINT('',(-3.11914062500000000E0,-1.05078125000000000E0,1.67968750000000000E-1));
#221=CARTESIAN_POINT('',(-2.48828125000000000E0,-2.16699218750000000E0,2.54882812500000000E-1));
#222=CARTESIAN_POINT('',(-2.01855468750000000E0,-2.44042968750000000E0,2.44140625000000000E-1));
#223=CARTESIAN_POINT('',(-1.54882812500000000E0,-2.71386718750000000E0,2.33398437500000000E-1));
#224=CARTESIAN_POINT('',(-3.12500000000000000E0,-3.12500000000000000E-2,-1.25000000000000000E-1));
#225=CARTESIAN_POINT('',(-3.12792968750000000E0,-5.72265625000000000E-1,-1.03515625000000000E-1));
#226=CARTESIAN_POINT('',(-3.13085937500000000E0,-1.11328125000000000E0,-8.20312500000000000E-2));
#227=CARTESIAN_POINT('',(-2.51171875000000000E0,-2.16113281250000000E0,4.88281250000000000E-3));
#228=CARTESIAN_POINT('',(-2.04394531250000000E0,-2.42968750000000000E0,-5.85937500000000000E-3));
#229=CARTESIAN_POINT('',(-1.57617187500000000E0,-2.69824218750000000E0,-1.66015625000000000E-2));
#230=(BOUNDED_SURFACE()B_SPLINE_SURFACE(1,5,((#218,#219,#220,#221,#222,#223),(#224,#225,#226,#227,#228,#229)),.UNSPECIFIED.,.F.,.F.,.F.)B_SPLINE_SURFACE_WITH_KNOTS((2,2),(6,6),(0.00000000000000000E0,1.00000000000000000E0),(0.00000000000000000E0,1.00000000000000000E0),.UNSPECIFIED.)GEOMETRIC_REPRESENTATION_ITEM()RATIONAL_B_SPLINE_SURFACE(((1.00000000000000000E0,1.00000000000000000E0,1.00000000000000000E0,1.00000000000000000E0,1.00000000000000000E0,1.00000000000000000E0),(2.00000000000000000E0,2.00000000000000000E0,2.00000000000000000E0,2.00000000000000000E0,2.00000000000000000E0,2.00000000000000000E0)))REPRESENTATION_ITEM('')SURFACE());
#231=CARTESIAN_POINT('',(-3.12500000000000000E0,-3.12500000000000000E-2,-1.25000000000000000E-1));
#232=CARTESIAN_POINT('',(-3.12792968750000000E0,-5.72265625000000000E-1,-1.03515625000000000E-1));
#233=CARTESIAN_POINT('',(-3.13085937500000000E0,-1.11328125000000000E0,-8.20312500000000000E-2));
#234=CARTESIAN_POINT('',(-2.51171875000000000E0,-2.16113281250000000E0,4.88281250000000000E-3));
#235=CARTESIAN_POINT('',(-2.04394531250000000E0,-2.42968750000000000E0,-5.85937500000000000E-3));
#236=CARTESIAN_POINT('',(-1.57617187500000000E0,-2.69824218750000000E0,-1.66015625000000000E-2));
#237=CARTESIAN_POINT('',(-2.87500000000000000E0,-3.12500000000000000E-2,-1.25000000000000000E-1));
#238=CARTESIAN_POINT('',(-2.87792968750000000E0,-5.29296875000000000E-1,-1.03515625000000000E-1));
#239=CARTESIAN_POINT('',(-2.88085937500000000E0,-1.02734375000000000E0,-8.20312500000000000E-2));
#240=CARTESIAN_POINT('',(-2.31054687500000000E0,-1.98730468750000000E0,4.88281250000000000E-3));
#241=CARTESIAN_POINT('',(-1.88085937500000000E0,-2.23437500000000000E0,-5.85937500000000000E-3));
#242=CARTESIAN_POINT('',(-1.45117187500000000E0,-2.48144531250000000E0,-1.66015625000000000E-2));
#243=(BOUNDED_SURFACE()B_SPLINE_SURFACE(1,5,((#231,#232,#233,#234,#235,#236),(#237,#238,#239,#240,#241,#242)),.UNSPECIFIED.,.F.,.F.,.F.)B_SPLINE_SURFACE_WITH_KNOTS((2,2),(6,6),(0.00000000000000000E0,1.00000000000000000E0),(0.00000000000000000E0,1.00000000000000000E0),.UNSPECIFIED.)GEOMETRIC_REPRESENTATION_ITEM()RATIONAL_B_SPLINE_SURFACE(((1.00000000000000000E0,1.00000000000000000E0,1.00000000000000000E0,1.00000000000000000E0,1.00000000000000000E0,1.00000000000000000E0),(2.00000000000000000E0,2.00000000000000000E0,2.00000000000000000E0,2.00000000000000000E0,2.00000000000000000E0,2.00000000000000000E0)))REPRESENTATION_ITEM('')SURFACE());
#244=CARTESIAN_POINT('',(-2.87500000000000000E0,-3.12500000000000000E-2,-1.25000000000000000E-1));
#245=CARTESIAN_POINT('',(-2.87792968750000000E0,-5.29296875000000000E-1,-1.03515625000000000E-1));
#246=CARTESIAN_POINT('',(-2.88085937500000000E0,-1.02734375000000000E0,-8.20312500000000000E-2));
#247=CARTESIAN_POINT('',(-2.31054687500000000E0,-1.98730468750000000E0,4.88281250000000000E-3));
#248=CARTESIAN_POINT('',(-1.88085937500000000E0,-2.23437500000000000E0,-5.85937500000000000E-3));
#249=CARTESIAN_POINT('',(-1.45117187500000000E0,-2.48144531250000000E0,-1.66015625000000000E-2));
#250=CARTESIAN_POINT('',(-2.87500000000000000E0,3.12500000000000000E-2,1.25000000000000000E-1));
#251=CARTESIAN_POINT('',(-2.87207031250000000E0,-4.66796875000000000E-1,1.46484375000000000E-1));
#252=CARTESIAN_POINT('',(-2.86914062500000000E0,-9.64843750000000000E-1,1.67968750000000000E-1));
#253=CARTESIAN_POINT('',(-2.28906250000000000E0,-1.99511718750000000E0,2.54882812500000000E-1));
#254=CARTESIAN_POINT('',(-1.85644531250000000E0,-2.24609375000000000E0,2.44140625000000000E-1));
#255=CARTESIAN_POINT('',(-1.42382812500000000E0,-2.49707031250000000E0,2.33398437500000000E-1));
#256=(BOUNDED_SURFACE()B_SPLINE_SURFACE(1,5,((#244,#245,#246,#247,#248,#249),(#250,#251,#252,#253,#254,#255)),.UNSPECIFIED.,.F.,.F.,.F.)B_SPLINE_SURFACE_WITH_KNOTS((2,2),(6,6),(0.00000000000000000E0,1.00000000000000000E0),(0.00000000000000000E0,1.00000000000000000E0),.UNSPECIFIED.)GEOMETRIC_REPRESENTATION_ITEM()RATIONAL_B_SPLINE_SURFACE(((1.00000000000000000E0,1.00000000000000000E0,1.00000000000000000E0,1.00000000000000000E0,1.00000000000000000E0,1.00000000000000000E0),(2.00000000000000000E0,2.00000000000000000E0,2.00000000000000000E0,2.00000000000000000E0,2.00000000000000000E0,2.00000000000000000E0)))REPRESENTATION_ITEM('')SURFACE());
#257=CARTESIAN_POINT('',(-1.42382812500000000E0,-2.49707031250000000E0,2.33398437500000000E-1));
#258=CARTESIAN_POINT('',(-9.91210937500000000E-1,-2.74804687500000000E0,2.22656250000000000E-1));
#259=CARTESIAN_POINT('',(-5.58593750000000000E-1,-2.99902343750000000E0,2.11914062500000000E-1));
#260=CARTESIAN_POINT('',(5.91796875000000000E-1,-2.97558593750000000E0,3.80859375000000000E-2));
#261=CARTESIAN_POINT('',(1.02148437500000000E0,-2.72851562500000000E0,2.73437500000000000E-2));
#262=CARTESIAN_POINT('',(1.45117187500000000E0,-2.48144531250000000E0,1.66015625000000000E-2));
#263=CARTESIAN_POINT('',(-1.54882812500000000E0,-2.71386718750000000E0,2.33398437500000000E-1));
#264=CARTESIAN_POINT('',(-1.07910156250000000E0,-2.98730468750000000E0,2.22656250000000000E-1));
#265=CARTESIAN_POINT('',(-6.09375000000000000E-1,-3.26074218750000000E0,2.11914062500000000E-1));
#266=CARTESIAN_POINT('',(6.40625000000000000E-1,-3.23535156250000000E0,3.80859375000000000E-2));
#267=CARTESIAN_POINT('',(1.10839843750000000E0,-2.96679687500000000E0,2.73437500000000000E-2));
#268=CARTESIAN_POINT('',(1.57617187500000000E0,-2.69824218750000000E0,1.66015625000000000E-2));
#269=(BOUNDED_SURFACE()B_SPLINE_SURFACE(1,5,((#257,#258,#259,#260,#261,#262),(#263,#264,#265,#266,#267,#268)),.UNSPECIFIED.,.F.,.F.,.F.)B_SPLINE_SURFACE_WITH_KNOTS((2,2),(6,6),(0.00000000000000000E0,1.00000000000000000E0),(0.00000000000000000E0,1.00000000000000000E0),.UNSPECIFIED.)GEOMETRIC_REPRESENTATION_ITEM()RATIONAL_B_SPLINE_SURFACE(((1.00000000000000000E0,1.00000000000000000E0,1.00000000000000000E0,1.00000000000000000E0,1.00000000000000000E0,1.00000000000000000E0),(2.00000000000000000E0,2.00000000000000000E0,2.00000000000000000E0,2.00000000000000000E0,2.00000000000000000E0,2.00000000000000000E0)))REPRESENTATION_ITEM('')SURFACE());
#270=CARTESIAN_POINT('',(-1.54882812500000000E0,-2.71386718750000000E0,2.33398437500000000E-1));
#271=CARTESIAN_POINT('',(-1.07910156250000000E0,-2.98730468750000000E0,2.22656250000000000E-1));
#272=CARTESIAN_POINT('',(-6.09375000000000000E-1,-3.26074218750000000E0,2.11914062500000000E-1));
#273=CARTESIAN_POINT('',(6.40625000000000000E-1,-3.23535156250000000E0,3.80859375000000000E-2));
#274=CARTESIAN_POINT('',(1.10839843750000000E0,-2.96679687500000000E0,2.73437500000000000E-2));
#275=CARTESIAN_POINT('',(1.57617187500000000E0,-2.69824218750000000E0,1.66015625000000000E-2));
#276=CARTESIAN_POINT('',(-1.57617187500000000E0,-2.69824218750000000E0,-1.66015625000000000E-2));
#277=CARTESIAN_POINT('',(-1.10839843750000000E0,-2.96679687500000000E0,-2.73437500000000000E-2));
#278=CARTESIAN_POINT('',(-6.40625000000000000E-1,-3.23535156250000000E0,-3.80859375000000000E-2));
#279=CARTESIAN_POINT('',(6.09375000000000000E-1,-3.26074218750000000E0,-2.11914062500000000E-1));
#280=CARTESIAN_POINT('',(1.07910156250000000E0,-2.98730468750000000E0,-2.22656250000000000E-1));
#281=CARTESIAN_POINT('',(1.54882812500000000E0,-2.71386718750000000E0,-2.33398437500000000E-1));
#282=(BOUNDED_SURFACE()B_SPLINE_SURFACE(1,5,((#270,#271,#272,#273,#274,#275),(#276,#277,#278,#279,#280,#281)),.UNSPECIFIED.,.F.,.F.,.F.)B_SPLINE_SURFACE_WITH_KNOTS((2,2),(6,6),(0.00000000000000000E0,1.00000000000000000E0),(0.00000000000000000E0,1.00000000000000000E0),.UNSPECIFIED.)GEOMETRIC_REPRESENTATION_ITEM()RATIONAL_B_SPLINE_SURFACE(((1.00000000000000000E0,1.00000000000000000E0,1.00000000000000000E0,1.00000000000000000E0,1.00000000000000000E0,1.00000000000000000E0),(2.00000000000000000E0,2.00000000000000000E0,2.00000000000000000E0,2.00000000000000000E0,2.00000000000000000E0,2.00000000000000000E0)))REPRESENTATION_ITEM('')SURFACE());
#283=CARTESIAN_POINT('',(-1.57617187500000000E0,-2.69824218750000000E0,-1.66015625000000000E-2));
#284=CARTESIAN_POINT('',(-1.10839843750000000E0,-2.96679687500000000E0,-2.73437500000000000E-2));
#285=CARTESIAN_POINT('',(-6.40625000000000000E-1,-3.23535156250000000E0,-3.80859375000000000E-2));
#286=CARTESIAN_POINT('',(6.09375000000000000E-1,-3.26074218750000000E0,-2.11914062500000000E-1));
#287=CARTESIAN_POINT('',(1.07910156250000000E0,-2.98730468750000000E0,-2.22656250000000000E-1));
#288=CARTESIAN_POINT('',(1.54882812500000000E0,-2.71386718750000000E0,-2.33398437500000000E-1));
#289=CARTESIAN_POINT('',(-1.45117187500000000E0,-2.48144531250000000E0,-1.66015625000000000E-2));
#290=CARTESIAN_POINT('',(-1.02148437500000000E0,-2.72851562500000000E0,-2.73437500000000000E-2));
#291=CARTESIAN_POINT('',(-5.91796875000000000E-1,-2.97558593750000000E0,-3.80859375000000000E-2));
#292=CARTESIAN_POINT('',(5.58593750000000000E-1,-2.99902343750000000E0,-2.11914062500000000E-1));
#293=CARTESIAN_POINT('',(9.91210937500000000E-1,-2.74804687500000000E0,-2.22656250000000000E-1));
#294=CARTESIAN_POINT('',(1.42382812500000000E0,-2.49707031250000000E0,-2.33398437500000000E-1));
#295=(BOUNDED_SURFACE()B_SPLINE_SURFACE(1,5,((#283,#284,#285,#286,#287,#288),(#289,#290,#291,#292,#293,#294)),.UNSPECIFIED.,.F.,.F.,.F.)B_SPLINE_SURFACE_WITH_KNOTS((2,2),(6,6),(0.00000000000000000E0,1.00000000000000000E0),(0.00000000000000000E0,1.00000000000000000E0),.UNSPECIFIED.)GEOMETRIC_REPRESENTATION_ITEM()RATIONAL_B_SPLINE_SURFACE(((1.00000000000000000E0,1.00000000000000000E0,1.00000000000000000E0,1.00000000000000000E0,1.00000000000000000E0,1.00000000000000000E0),(2.00000000000000000E0,2.00000000000000000E0,2.00000000000000000E0,2.00000000000000000E0,2.00000000000000000E0,2.00000000000000000E0)))REPRESENTATION_ITEM('')SURFACE());
#296=CARTESIAN_POINT('',(-1.45117187500000000E0,-2.48144531250000000E0,-1.66015625000000000E-2));
#297=CARTESIAN_POINT('',(-1.02148437500000000E0,-2.72851562500000000E0,-2.73437500000000000E-2));
#298=CARTESIAN_POINT('',(-5.91796875000000000E-1,-2.97558593750000000E0,-3.80859375000000000E-2));
#299=CARTESIAN_POINT('',(5.58593750000000000E-1,-2.99902343750000000E0,-2.11914062500000000E-1));
#300=CARTESIAN_POINT('',(9.91210937500000000E-1,-2.74804687500000000E0,-2.22656250000000000E-1));
#301=CARTESIAN_POINT('',(1.42382812500000000E0,-2.49707031250000000E0,-2.33398437500000000E-1));
#302=CARTESIAN_POINT('',(-1.42382812500000000E0,-2.49707031250000000E0,2.33398437500000000E-1));
#303=CARTESIAN_POINT('',(-9.91210937500000000E-1,-2.74804687500000000E0,2.22656250000000000E-1));
#304=CARTESIAN_POINT('',(-5.58593750000000000E-1,-2.99902343750000000E0,2.11914062500000000E-1));
#305=CARTESIAN_POINT('',(5.91796875000000000E-1,-2.97558593750000000E0,3.80859375000000000E-2));
#306=CARTESIAN_POINT('',(1.02148437500000000E0,-2.72851562500000000E0,2.73437500000000000E-2));
#307=CARTESIAN_POINT('',(1.45117187500000000E0,-2.48144531250000000E0,1.66015625000000000E-2));
#308=(BOUNDED_SURFACE()B_SPLINE_SURFACE(1,5,((#296,#297,#298,#299,#300,#301),(#302,#303,#304,#305,#306,#307)),.UNSPECIFIED.,.F.,.F.,.F.)B_SPLINE_SURFACE_WITH_KNOTS((2,2),(6,6),(0.00000000000000000E0,1.00000000000000000E0),(0.00000000000000000E0,1.00000000000000000E0),.UNSPECIFIED.)GEOMETRIC_REPRESENTATION_ITEM()RATIONAL_B_SPLINE_SURFACE(((1.00000000000000000E0,1.00000000000000000E0,1.00000000000000000E0,1.00000000000000000E0,1.00000000000000000E0,1.00000000000000000E0),(2.00000000000000000E0,2.00000000000000000E0,2.00000000000000000E0,2.00000000000000000E0,2.00000000000000000E0,2.00000000000000000E0)))REPRESENTATION_ITEM('')SURFACE());
#309=CARTESIAN_POINT('',(1.45117187500000000E0,-2.48144531250000000E0,1.66015625000000000E-2));
#310=CARTESIAN_POINT('',(1.88085937500000000E0,-2.23437500000000000E0,5.85937500000000000E-3));
#311=CARTESIAN_POINT('',(2.31054687500000000E0,-1.98730468750000000E0,-4.88281250000000000E-3));
#312=CARTESIAN_POINT('',(2.88085937500000000E0,-1.02734375000000000E0,8.20312500000000000E-2));
#313=CARTESIAN_POINT('',(2.87792968750000000E0,-5.29296875000000000E-1,1.03515625000000000E-1));
#314=CARTESIAN_POINT('',(2.87500000000000000E0,-3.12500000000000000E-2,1.25000000000000000E-1));
#315=CARTESIAN_POINT('',(1.57617187500000000E0,-2.69824218750000000E0,1.66015625000000000E-2));
#316=CARTESIAN_POINT('',(2.04394531250000000E0,-2.42968750000000000E0,5.85937500000000000E-3));
#317=CARTESIAN_POINT('',(2.51171875000000000E0,-2.16113281250000000E0,-4.88281250000000000E-3));
#318=CARTESIAN_POINT('',(3.13085937500000000E0,-1.11328125000000000E0,8.20312500000000000E-2));
#319=CARTESIAN_POINT('',(3.12792968750000000E0,-5.72265625000000000E-1,1.03515625000000000E-1));
#320=CARTESIAN_POINT('',(3.12500000000000000E0,-3.12500000000000000E-2,1.25000000000000000E-1));
#321=(BOUNDED_SURFACE()B_SPLINE_SURFACE(1,5,((#309,#310,#311,#312,#313,#314),(#315,#316,#317,#318,#319,#320)),.UNSPECIFIED.,.F.,.F.,.F.)B_SPLINE_SURFACE_WITH_KNOTS((2,2),(6,6),(0.00000000000000000E0,1.00000000000000000E0),(0.00000000000000000E0,1.00000000000000000E0),.UNSPECIFIED.)GEOMETRIC_REPRESENTATION_ITEM()RATIONAL_B_SPLINE_SURFACE(((1.00000000000000000E0,1.00000000000000000E0,1.00000000000000000E0,1.00000000000000000E0,1.00000000000000000E0,1.00000000000000000E0),(2.00000000000000000E0,2.00000000000000000E0,2.00000000000000000E0,2.00000000000000000E0,2.00000000000000000E0,2.00000000000000000E0)))REPRESENTATION_ITEM('')SURFACE());
#322=CARTESIAN_POINT('',(1.57617187500000000E0,-2.69824218750000000E0,1.66015625000000000E-2));
#323=CARTESIAN_POINT('',(2.04394531250000000E0,-2.42968750000000000E0,5.85937500000000000E-3));
#324=CARTESIAN_POINT('',(2.51171875000000000E0,-2.16113281250000000E0,-4.88281250000000000E-3));
#325=CARTESIAN_POINT('',(3.13085937500000000E0,-1.11328125000000000E0,8.20312500000000000E-2));
#326=CARTESIAN_POINT('',(3.12792968750000000E0,-5.72265625000000000E-1,1.03515625000000000E-1));
#327=CARTESIAN_POINT('',(3.12500000000000000E0,-3.12500000000000000E-2,1.25000000000000000E-1));
#328=CARTESIAN_POINT('',(1.54882812500000000E0,-2.71386718750000000E0,-2.33398437500000000E-1));
#329=CARTESIAN_POINT('',(2.01855468750000000E0,-2.44042968750000000E0,-2.44140625000000000E-1));
#330=CARTESIAN_POINT('',(2.48828125000000000E0,-2.16699218750000000E0,-2.54882812500000000E-1));
#331=CARTESIAN_POINT('',(3.11914062500000000E0,-1.05078125000000000E0,-1.67968750000000000E-1));
#332=CARTESIAN_POINT('',(3.12207031250000000E0,-5.09765625000000000E-1,-1.46484375000000000E-1));
#333=CARTESIAN_POINT('',(3.12500000000000000E0,3.12500000000000000E-2,-1.25000000000000000E-1));
#334=(BOUNDED_SURFACE()B_SPLINE_SURFACE(1,5,((#322,#323,#324,#325,#326,#327),(#328,#329,#330,#331,#332,#333)),.UNSPECIFIED.,.F.,.F.,.F.)B_SPLINE_SURFACE_WITH_KNOTS((2,2),(6,6),(0.00000000000000000E0,1.00000000000000000E0),(0.00000000000000000E0,1.00000000000000000E0),.UNSPECIFIED.)GEOMETRIC_REPRESENTATION_ITEM()RATIONAL_B_SPLINE_SURFACE(((1.00000000000000000E0,1.00000000000000000E0,1.00000000000000000E0,1.00000000000000000E0,1.00000000000000000E0,1.00000000000000000E0),(2.00000000000000000E0,2.00000000000000000E0,2.00000000000000000E0,2.00000000000000000E0,2.00000000000000000E0,2.00000000000000000E0)))REPRESENTATION_ITEM('')SURFACE());
#335=CARTESIAN_POINT('',(1.54882812500000000E0,-2.71386718750000000E0,-2.33398437500000000E-1));
#336=CARTESIAN_POINT('',(2.01855468750000000E0,-2.44042968750000000E0,-2.44140625000000000E-1));
#337=CARTESIAN_POINT('',(2.48828125000000000E0,-2.16699218750000000E0,-2.54882812500000000E-1));
#338=CARTESIAN_POINT('',(3.11914062500000000E0,-1.05078125000000000E0,-1.67968750000000000E-1));
#339=CARTESIAN_POINT('',(3.12207031250000000E0,-5.09765625000000000E-1,-1.46484375000000000E-1));
#340=CARTESIAN_POINT('',(3.12500000000000000E0,3.12500000000000000E-2,-1.25000000000000000E-1));
#341=CARTESIAN_POINT('',(1.42382812500000000E0,-2.49707031250000000E0,-2.33398437500000000E-1));
#342=CARTESIAN_POINT('',(1.85644531250000000E0,-2.24609375000000000E0,-2.44140625000000000E-1));
#343=CARTESIAN_POINT('',(2.28906250000000000E0,-1.99511718750000000E0,-2.54882812500000000E-1));
#344=CARTESIAN_POINT('',(2.86914062500000000E0,-9.64843750000000000E-1,-1.67968750000000000E-1));
#345=CARTESIAN_POINT('',(2.87207031250000000E0,-4.66796875000000000E-1,-1.46484375000000000E-1));
#346=CARTESIAN_POINT('',(2.87500000000000000E0,3.12500000000000000E-2,-1.25000000000000000E-1));
#347=(BOUNDED_SURFACE()B_SPLINE_SURFACE(1,5,((#335,#336,#337,#338,#339,#340),(#341,#342,#343,#344,#345,#346)),.UNSPECIFIED.,.F.,.F.,.F.)B_SPLINE_SURFACE_WITH_KNOTS((2,2),(6,6),(0.00000000000000000E0,1.00000000000000000E0),(0.00000000000000000E0,1.00000000000000000E0),.UNSPECIFIED.)GEOMETRIC_REPRESENTATION_ITEM()RATIONAL_B_SPLINE_SURFACE(((1.00000000000000000E0,1.00000000000000000E0,1.00000000000000000E0,1.00000000000000000E0,1.00000000000000000E0,1.00000000000000000E0),(2.00000000000000000E0,2.00000000000000000E0,2.00000000000000000E0,2.00000000000000000E0,2.00000000000000000E0,2.00000000000000000E0)))REPRESENTATION_ITEM('')SURFACE());
#348=CARTESIAN_POINT('',(1.42382812500000000E0,-2.49707031250000000E0,-2.33398437500000000E-1));
#349=CARTESIAN_POINT('',(1.85644531250000000E0,-2.24609375000000000E0,-2.44140625000000000E-1));
#350=CARTESIAN_POINT('',(2.28906250000000000E0,-1.99511718750000000E0,-2.54882812500000000E-1));
#351=CARTESIAN_POINT('',(2.86914062500000000E0,-9.64843750000000000E-1,-1.67968750000000000E-1));
#352=CARTESIAN_POINT('',(2.87207031250000000E0,-4.66796875000000000E-1,-1.46484375000000000E-1));
#353=CARTESIAN_POINT('',(2.87500000000000000E0,3.12500000000000000E-2,-1.25000000000000000E-1));
#354=CARTESIAN_POINT('',(1.45117187500000000E0,-2.48144531250000000E0,1.66015625000000000E-2));
#355=CARTESIAN_POINT('',(1.88085937500000000E0,-2.23437500000000000E0,5.85937500000000000E-3));
#356=CARTESIAN_POINT('',(2.31054687500000000E0,-1.98730468750000000E0,-4.88281250000000000E-3));
#357=CARTESIAN_POINT('',(2.88085937500000000E0,-1.02734375000000000E0,8.20312500000000000E-2));
#358=CARTESIAN_POINT('',(2.87792968750000000E0,-5.29296875000000000E-1,1.03515625000000000E-1));
#359=CARTESIAN_POINT('',(2.87500000000000000E0,-3.12500000000000000E-2,1.25000000000000000E-1));
#360=(BOUNDED_SURFACE()B_SPLINE_SURFACE(1,5,((#348,#349,#350,#351,#352,#353),(#354,#355,#356,#357,#358,#359)),.UNSPECIFIED.,.F.,.F.,.F.)B_SPLINE_SURFACE_WITH_KNOTS((2,2),(6,6),(0.00000000000000000E0,1.00000000000000000E0),(0.00000000000000000E0,1.00000000000000000E0),.UNSPECIFIED.)GEOMETRIC_REPRESENTATION_ITEM()RATIONAL_B_SPLINE_SURFACE(((1.00000000000000000E0,1.00000000000000000E0,1.00000000000000000E0,1.00000000000000000E0,1.00000000000000000E0,1.00000000000000000E0),(2.00000000000000000E0,2.00000000000000000E0,2.00000000000000000E0,2.00000000000000000E0,2.00000000000000000E0,2.00000000000000000E0)))REPRESENTATION_ITEM('')SURFACE());
#361=CARTESIAN_POINT('',(2.87500000000000000E0,-3.12500000000000000E-2,1.25000000000000000E-1));
#362=CARTESIAN_POINT('',(3.12500000000000000E0,-3.12500000000000000E-2,1.25000000000000000E-1));
#363=(BOUNDED_CURVE()B_SPLINE_CURVE(1,(#361,#362),.UNSPECIFIED.,.F.,.F.)B_SPLINE_CURVE_WITH_KNOTS((2,2),(0.00000000000000000E0,1.00000000000000000E0),.UNSPECIFIED.)CURVE()GEOMETRIC_REPRESENTATION_ITEM()RATIONAL_B_SPLINE_CURVE((1.00000000000000000E0,2.00000000000000000E0))REPRESENTATION_ITEM(''));
#364=CARTESIAN_POINT('',(3.12500000000000000E0,-3.12500000000000000E-2,1.25000000000000000E-1));
#365=CARTESIAN_POINT('',(3.12207031250000000E0,5.09765625000000000E-1,1.46484375000000000E-1));
#366=CARTESIAN_POINT('',(3.11914062500000000E0,1.05078125000000000E0,1.67968750000000000E-1));
#367=CARTESIAN_POINT('',(2.48828125000000000E0,2.16699218750000000E0,2.54882812500000000E-1));
#368=CARTESIAN_POINT('',(2.01855468750000000E0,2.44042968750000000E0,2.44140625000000000E-1));
#369=CARTESIAN_POINT('',(1.54882812500000000E0,2.71386718750000000E0,2.33398437500000000E-1));
#370=(BOUNDED_CURVE()B_SPLINE_CURVE(5,(#364,#365,#366,#367,#368,#369),.UNSPECIFIED.,.F.,.F.)B_SPLINE_CURVE_WITH_KNOTS((6,6),(0.00000000000000000E0,1.00000000000000000E0),.UNSPECIFIED.)CURVE()GEOMETRIC_REPRESENTATION_ITEM()RATIONAL_B_SPLINE_CURVE((2.00000000000000000E0,2.00000000000000000E0,2.00000000000000000E0,2.00000000000000000E0,2.00000000000000000E0,2.00000000000000000E0))REPRESENTATION_ITEM(''));
#371=CARTESIAN_POINT('',(1.42382812500000000E0,2.49707031250000000E0,2.33398437500000000E-1));
#372=CARTESIAN_POINT('',(1.54882812500000000E0,2.71386718750000000E0,2.33398437500000000E-1));
#373=(BOUNDED_CURVE()B_SPLINE_CURVE(1,(#371,#372),.UNSPECIFIED.,.F.,.F.)B_SPLINE_CURVE_WITH_KNOTS((2,2),(0.00000000000000000E0,1.00000000000000000E0),.UNSPECIFIED.)CURVE()GEOMETRIC_REPRESENTATION_ITEM()RATIONAL_B_SPLINE_CURVE((1.00000000000000000E0,2.00000000000000000E0))REPRESENTATION_ITEM(''));
#374=CARTESIAN_POINT('',(2.87500000000000000E0,-3.12500000000000000E-2,1.25000000000000000E-1));
#375=CARTESIAN_POINT('',(2.87207031250000000E0,4.66796875000000000E-1,1.46484375000000000E-1));
#376=CARTESIAN_POINT('',(2.86914062500000000E0,9.64843750000000000E-1,1.67968750000000000E-1));
#377=CARTESIAN_POINT('',(2.28906250000000000E0,1.99511718750000000E0,2.54882812500000000E-1));
#378=CARTESIAN_POINT('',(1.85644531250000000E0,2.24609375000000000E0,2.44140625000000000E-1));
#379=CARTESIAN_POINT('',(1.42382812500000000E0,2.49707031250000000E0,2.33398437500000000E-1));
#380=B_SPLINE_CURVE_WITH_KNOTS('',5,(#374,#375,#376,#377,#378,#379),.UNSPECIFIED.,.F.,.F.,(6,6),(0.00000000000000000E0,1.00000000000000000E0),.UNSPECIFIED.);
#381=CARTESIAN_POINT('',(3.12500000000000000E0,-3.12500000000000000E-2,1.25000000000000000E-1));
#382=CARTESIAN_POINT('',(3.12500000000000000E0,3.12500000000000000E-2,-1.25000000000000000E-1));
#383=(BOUNDED_CURVE()B_SPLINE_CURVE(1,(#381,#382),.UNSPECIFIED.,.F.,.F.)B_SPLINE_CURVE_WITH_KNOTS((2,2),(0.00000000000000000E0,1.00000000000000000E0),.UNSPECIFIED.)CURVE()GEOMETRIC_REPRESENTATION_ITEM()RATIONAL_B_SPLINE_CURVE((1.00000000000000000E0,2.00000000000000000E0))REPRESENTATION_ITEM(''));
#384=CARTESIAN_POINT('',(3.12500000000000000E0,3.12500000000000000E-2,-1.25000000000000000E-1));
#385=CARTESIAN_POINT('',(3.12792968750000000E0,5.72265625000000000E-1,-1.03515625000000000E-1));
#386=CARTESIAN_POINT('',(3.13085937500000000E0,1.11328125000000000E0,-8.20312500000000000E-2));
#387=CARTESIAN_POINT('',(2.51171875000000000E0,2.16113281250000000E0,4.88281250000000000E-3));
#388=CARTESIAN_POINT('',(2.04394531250000000E0,2.42968750000000000E0,-5.85937500000000000E-3));
#389=CARTESIAN_POINT('',(1.57617187500000000E0,2.69824218750000000E0,-1.66015625000000000E-2));
#390=(BOUNDED_CURVE()B_SPLINE_CURVE(5,(#384,#385,#386,#387,#388,#389),.UNSPECIFIED.,.F.,.F.)B_SPLINE_CURVE_WITH_KNOTS((6,6),(0.00000000000000000E0,1.00000000000000000E0),.UNSPECIFIED.)CURVE()GEOMETRIC_REPRESENTATION_ITEM()RATIONAL_B_SPLINE_CURVE((2.00000000000000000E0,2.00000000000000000E0,2.00000000000000000E0,2.00000000000000000E0,2.00000000000000000E0,2.00000000000000000E0))REPRESENTATION_ITEM(''));
#391=CARTESIAN_POINT('',(1.54882812500000000E0,2.71386718750000000E0,2.33398437500000000E-1));
#392=CARTESIAN_POINT('',(1.57617187500000000E0,2.69824218750000000E0,-1.66015625000000000E-2));
#393=(BOUNDED_CURVE()B_SPLINE_CURVE(1,(#391,#392),.UNSPECIFIED.,.F.,.F.)B_SPLINE_CURVE_WITH_KNOTS((2,2),(0.00000000000000000E0,1.00000000000000000E0),.UNSPECIFIED.)CURVE()GEOMETRIC_REPRESENTATION_ITEM()RATIONAL_B_SPLINE_CURVE((1.00000000000000000E0,2.00000000000000000E0))REPRESENTATION_ITEM(''));
#394=CARTESIAN_POINT('',(3.12500000000000000E0,3.12500000000000000E-2,-1.25000000000000000E-1));
#395=CARTESIAN_POINT('',(2.87500000000000000E0,3.12500000000000000E-2,-1.25000000000000000E-1));
#396=(BOUNDED_CURVE()B_SPLINE_CURVE(1,(#394,#395),.UNSPECIFIED.,.F.,.F.)B_SPLINE_CURVE_WITH_KNOTS((2,2),(0.00000000000000000E0,1.00000000000000000E0),.UNSPECIFIED.)CURVE()GEOMETRIC_REPRESENTATION_ITEM()RATIONAL_B_SPLINE_CURVE((1.00000000000000000E0,2.00000000000000000E0))REPRESENTATION_ITEM(''));
#397=CARTESIAN_POINT('',(2.87500000000000000E0,3.12500000000000000E-2,-1.25000000000000000E-1));
#398=CARTESIAN_POINT('',(2.87792968750000000E0,5.29296875000000000E-1,-1.03515625000000000E-1));
#399=CARTESIAN_POINT('',(2.88085937500000000E0,1.02734375000000000E0,-8.20312500000000000E-2));
#400=CARTESIAN_POINT('',(2.31054687500000000E0,1.98730468750000000E0,4.88281250000000000E-3));
#401=CARTESIAN_POINT('',(1.88085937500000000E0,2.23437500000000000E0,-5.85937500000000000E-3));
#402=CARTESIAN_POINT('',(1.45117187500000000E0,2.48144531250000000E0,-1.66015625000000000E-2));
#403=(BOUNDED_CURVE()B_SPLINE_CURVE(5,(#397,#398,#399,#400,#401,#402),.UNSPECIFIED.,.F.,.F.)B_SPLINE_CURVE_WITH_KNOTS((6,6),(0.00000000000000000E0,1.00000000000000000E0),.UNSPECIFIED.)CURVE()GEOMETRIC_REPRESENTATION_ITEM()RATIONAL_B_SPLINE_CURVE((2.00000000000000000E0,2.00000000000000000E0,2.00000000000000000E0,2.00000000000000000E0,2.00000000000000000E0,2.00000000000000000E0))REPRESENTATION_ITEM(''));
#404=CARTESIAN_POINT('',(1.57617187500000000E0,2.69824218750000000E0,-1.66015625000000000E-2));
#405=CARTESIAN_POINT('',(1.45117187500000000E0,2.48144531250000000E0,-1.66015625000000000E-2));
#406=(BOUNDED_CURVE()B_SPLINE_CURVE(1,(#404,#405),.UNSPECIFIED.,.F.,.F.)B_SPLINE_CURVE_WITH_KNOTS((2,2),(0.00000000000000000E0,1.00000000000000000E0),.UNSPECIFIED.)CURVE()GEOMETRIC_REPRESENTATION_ITEM()RATIONAL_B_SPLINE_CURVE((1.00000000000000000E0,2.00000000000000000E0))REPRESENTATION_ITEM(''));
#407=CARTESIAN_POINT('',(2.87500000000000000E0,-3.12500000000000000E-2,1.25000000000000000E-1));
#408=CARTESIAN_POINT('',(2.87500000000000000E0,3.12500000000000000E-2,-1.25000000000000000E-1));
#409=(BOUNDED_CURVE()B_SPLINE_CURVE(1,(#407,#408),.UNSPECIFIED.,.F.,.F.)B_SPLINE_CURVE_WITH_KNOTS((2,2),(0.00000000000000000E0,1.00000000000000000E0),.UNSPECIFIED.)CURVE()GEOMETRIC_REPRESENTATION_ITEM()RATIONAL_B_SPLINE_CURVE((2.00000000000000000E0,1.00000000000000000E0))REPRESENTATION_ITEM(''));
#410=CARTESIAN_POINT('',(1.42382812500000000E0,2.49707031250000000E0,2.33398437500000000E-1));
#411=CARTESIAN_POINT('',(1.45117187500000000E0,2.48144531250000000E0,-1.66015625000000000E-2));
#412=(BOUNDED_CURVE()B_SPLINE_CURVE(1,(#410,#411),.UNSPECIFIED.,.F.,.F.)B_SPLINE_CURVE_WITH_KNOTS((2,2),(0.00000000000000000E0,1.00000000000000000E0),.UNSPECIFIED.)CURVE()GEOMETRIC_REPRESENTATION_ITEM()RATIONAL_B_SPLINE_CURVE((2.00000000000000000E0,1.00000000000000000E0))REPRESENTATION_ITEM(''));
#413=CARTESIAN_POINT('',(1.54882812500000000E0,2.71386718750000000E0,2.33398437500000000E-1));
#414=CARTESIAN_POINT('',(1.07910156250000000E0,2.98730468750000000E0,2.22656250000000000E-1));
#415=CARTESIAN_POINT('',(6.09375000000000000E-1,3.26074218750000000E0,2.11914062500000000E-1));
#416=CARTESIAN_POINT('',(-6.40625000000000000E-1,3.23535156250000000E0,3.80859375000000000E-2));
#417=CARTESIAN_POINT('',(-1.10839843750000000E0,2.96679687500000000E0,2.73437500000000000E-2));
#418=CARTESIAN_POINT('',(-1.57617187500000000E0,2.69824218750000000E0,1.66015625000000000E-2));
#419=(BOUNDED_CURVE()B_SPLINE_CURVE(5,(#413,#414,#415,#416,#417,#418),.UNSPECIFIED.,.F.,.F.)B_SPLINE_CURVE_WITH_KNOTS((6,6),(0.00000000000000000E0,1.00000000000000000E0),.UNSPECIFIED.)CURVE()GEOMETRIC_REPRESENTATION_ITEM()RATIONAL_B_SPLINE_CURVE((2.00000000000000000E0,2.00000000000000000E0,2.00000000000000000E0,2.00000000000000000E0,2.00000000000000000E0,2.00000000000000000E0))REPRESENTATION_ITEM(''));
#420=CARTESIAN_POINT('',(-1.45117187500000000E0,2.48144531250000000E0,1.66015625000000000E-2));
#421=CARTESIAN_POINT('',(-1.57617187500000000E0,2.69824218750000000E0,1.66015625000000000E-2));
#422=(BOUNDED_CURVE()B_SPLINE_CURVE(1,(#420,#421),.UNSPECIFIED.,.F.,.F.)B_SPLINE_CURVE_WITH_KNOTS((2,2),(0.00000000000000000E0,1.00000000000000000E0),.UNSPECIFIED.)CURVE()GEOMETRIC_REPRESENTATION_ITEM()RATIONAL_B_SPLINE_CURVE((1.00000000000000000E0,2.00000000000000000E0))REPRESENTATION_ITEM(''));
#423=CARTESIAN_POINT('',(1.42382812500000000E0,2.49707031250000000E0,2.33398437500000000E-1));
#424=CARTESIAN_POINT('',(9.91210937500000000E-1,2.74804687500000000E0,2.22656250000000000E-1));
#425=CARTESIAN_POINT('',(5.58593750000000000E-1,2.99902343750000000E0,2.11914062500000000E-1));
#426=CARTESIAN_POINT('',(-5.91796875000000000E-1,2.97558593750000000E0,3.80859375000000000E-2));
#427=CARTESIAN_POINT('',(-1.02148437500000000E0,2.72851562500000000E0,2.73437500000000000E-2));
#428=CARTESIAN_POINT('',(-1.45117187500000000E0,2.48144531250000000E0,1.66015625000000000E-2));
#429=B_SPLINE_CURVE_WITH_KNOTS('',5,(#423,#424,#425,#426,#427,#428),.UNSPECIFIED.,.F.,.F.,(6,6),(0.00000000000000000E0,1.00000000000000000E0),.UNSPECIFIED.);
#430=CARTESIAN_POINT('',(1.57617187500000000E0,2.69824218750000000E0,-1.66015625000000000E-2));
#431=CARTESIAN_POINT('',(1.10839843750000000E0,2.96679687500000000E0,-2.73437500000000000E-2));
#432=CARTESIAN_POINT('',(6.40625000000000000E-1,3.23535156250000000E0,-3.80859375000000000E-2));
#433=CARTESIAN_POINT('',(-6.09375000000000000E-1,3.26074218750000000E0,-2.11914062500000000E-1));
#434=CARTESIAN_POINT('',(-1.07910156250000000E0,2.98730468750000000E0,-2.22656250000000000E-1));
#435=CARTESIAN_POINT('',(-1.54882812500000000E0,2.71386718750000000E0,-2.33398437500000000E-1));
#436=(BOUNDED_CURVE()B_SPLINE_CURVE(5,(#430,#431,#432,#433,#434,#435),.UNSPECIFIED.,.F.,.F.)B_SPLINE_CURVE_WITH_KNOTS((6,6),(0.00000000000000000E0,1.00000000000000000E0),.UNSPECIFIED.)CURVE()GEOMETRIC_REPRESENTATION_ITEM()RATIONAL_B_SPLINE_CURVE((2.00000000000000000E0,2.00000000000000000E0,2.00000000000000000E0,2.00000000000000000E0,2.00000000000000000E0,2.00000000000000000E0))REPRESENTATION_ITEM(''));
#437=CARTESIAN_POINT('',(-1.57617187500000000E0,2.69824218750000000E0,1.66015625000000000E-2));
#438=CARTESIAN_POINT('',(-1.54882812500000000E0,2.71386718750000000E0,-2.33398437500000000E-1));
#439=(BOUNDED_CURVE()B_SPLINE_CURVE(1,(#437,#438),.UNSPECIFIED.,.F.,.F.)B_SPLINE_CURVE_WITH_KNOTS((2,2),(0.00000000000000000E0,1.00000000000000000E0),.UNSPECIFIED.)CURVE()GEOMETRIC_REPRESENTATION_ITEM()RATIONAL_B_SPLINE_CURVE((1.00000000000000000E0,2.00000000000000000E0))REPRESENTATION_ITEM(''));
#440=CARTESIAN_POINT('',(1.45117187500000000E0,2.48144531250000000E0,-1.66015625000000000E-2));
#441=CARTESIAN_POINT('',(1.02148437500000000E0,2.72851562500000000E0,-2.73437500000000000E-2));
#442=CARTESIAN_POINT('',(5.91796875000000000E-1,2.97558593750000000E0,-3.80859375000000000E-2));
#443=CARTESIAN_POINT('',(-5.58593750000000000E-1,2.99902343750000000E0,-2.11914062500000000E-1));
#444=CARTESIAN_POINT('',(-9.91210937500000000E-1,2.74804687500000000E0,-2.22656250000000000E-1));
#445=CARTESIAN_POINT('',(-1.42382812500000000E0,2.49707031250000000E0,-2.33398437500000000E-1));
#446=(BOUNDED_CURVE()B_SPLINE_CURVE(5,(#440,#441,#442,#443,#444,#445),.UNSPECIFIED.,.F.,.F.)B_SPLINE_CURVE_WITH_KNOTS((6,6),(0.00000000000000000E0,1.00000000000000000E0),.UNSPECIFIED.)CURVE()GEOMETRIC_REPRESENTATION_ITEM()RATIONAL_B_SPLINE_CURVE((2.00000000000000000E0,2.00000000000000000E0,2.00000000000000000E0,2.00000000000000000E0,2.00000000000000000E0,2.00000000000000000E0))REPRESENTATION_ITEM(''));
#447=CARTESIAN_POINT('',(-1.54882812500000000E0,2.71386718750000000E0,-2.33398437500000000E-1));
#448=CARTESIAN_POINT('',(-1.42382812500000000E0,2.49707031250000000E0,-2.33398437500000000E-1));
#449=(BOUNDED_CURVE()B_SPLINE_CURVE(1,(#447,#448),.UNSPECIFIED.,.F.,.F.)B_SPLINE_CURVE_WITH_KNOTS((2,2),(0.00000000000000000E0,1.00000000000000000E0),.UNSPECIFIED.)CURVE()GEOMETRIC_REPRESENTATION_ITEM()RATIONAL_B_SPLINE_CURVE((1.00000000000000000E0,2.00000000000000000E0))REPRESENTATION_ITEM(''));
#450=CARTESIAN_POINT('',(-1.45117187500000000E0,2.48144531250000000E0,1.66015625000000000E-2));
#451=CARTESIAN_POINT('',(-1.42382812500000000E0,2.49707031250000000E0,-2.33398437500000000E-1));
#452=(BOUNDED_CURVE()B_SPLINE_CURVE(1,(#450,#451),.UNSPECIFIED.,.F.,.F.)B_SPLINE_CURVE_WITH_KNOTS((2,2),(0.00000000000000000E0,1.00000000000000000E0),.UNSPECIFIED.)CURVE()GEOMETRIC_REPRESENTATION_ITEM()RATIONAL_B_SPLINE_CURVE((2.00000000000000000E0,1.00000000000000000E0))REPRESENTATION_ITEM(''));
#453=CARTESIAN_POINT('',(-1.57617187500000000E0,2.69824218750000000E0,1.66015625000000000E-2));
#454=CARTESIAN_POINT('',(-2.04394531250000000E0,2.42968750000000000E0,5.85937500000000000E-3));
#455=CARTESIAN_POINT('',(-2.51171875000000000E0,2.16113281250000000E0,-4.88281250000000000E-3));
#456=CARTESIAN_POINT('',(-3.13085937500000000E0,1.11328125000000000E0,8.20312500000000000E-2));
#457=CARTESIAN_POINT('',(-3.12792968750000000E0,5.72265625000000000E-1,1.03515625000000000E-1));
#458=CARTESIAN_POINT('',(-3.12500000000000000E0,3.12500000000000000E-2,1.25000000000000000E-1));
#459=(BOUNDED_CURVE()B_SPLINE_CURVE(5,(#453,#454,#455,#456,#457,#458),.UNSPECIFIED.,.F.,.F.)B_SPLINE_CURVE_WITH_KNOTS((6,6),(0.00000000000000000E0,1.00000000000000000E0),.UNSPECIFIED.)CURVE()GEOMETRIC_REPRESENTATION_ITEM()RATIONAL_B_SPLINE_CURVE((2.00000000000000000E0,2.00000000000000000E0,2.00000000000000000E0,2.00000000000000000E0,2.00000000000000000E0,2.00000000000000000E0))REPRESENTATION_ITEM(''));
#460=CARTESIAN_POINT('',(-2.87500000000000000E0,3.12500000000000000E-2,1.25000000000000000E-1));
#461=CARTESIAN_POINT('',(-3.12500000000000000E0,3.12500000000000000E-2,1.25000000000000000E-1));
#462=(BOUNDED_CURVE()B_SPLINE_CURVE(1,(#460,#461),.UNSPECIFIED.,.F.,.F.)B_SPLINE_CURVE_WITH_KNOTS((2,2),(0.00000000000000000E0,1.00000000000000000E0),.UNSPECIFIED.)CURVE()GEOMETRIC_REPRESENTATION_ITEM()RATIONAL_B_SPLINE_CURVE((1.00000000000000000E0,2.00000000000000000E0))REPRESENTATION_ITEM(''));
#463=CARTESIAN_POINT('',(-1.45117187500000000E0,2.48144531250000000E0,1.66015625000000000E-2));
#464=CARTESIAN_POINT('',(-1.88085937500000000E0,2.23437500000000000E0,5.85937500000000000E-3));
#465=CARTESIAN_POINT('',(-2.31054687500000000E0,1.98730468750000000E0,-4.88281250000000000E-3));
#466=CARTESIAN_POINT('',(-2.88085937500000000E0,1.02734375000000000E0,8.20312500000000000E-2));
#467=CARTESIAN_POINT('',(-2.87792968750000000E0,5.29296875000000000E-1,1.03515625000000000E-1));
#468=CARTESIAN_POINT('',(-2.87500000000000000E0,3.12500000000000000E-2,1.25000000000000000E-1));
#469=B_SPLINE_CURVE_WITH_KNOTS('',5,(#463,#464,#465,#466,#467,#468),.UNSPECIFIED.,.F.,.F.,(6,6),(0.00000000000000000E0,1.00000000000000000E0),.UNSPECIFIED.);
#470=CARTESIAN_POINT('',(-1.54882812500000000E0,2.71386718750000000E0,-2.33398437500000000E-1));
#471=CARTESIAN_POINT('',(-2.01855468750000000E0,2.44042968750000000E0,-2.44140625000000000E-1));
#472=CARTESIAN_POINT('',(-2.48828125000000000E0,2.16699218750000000E0,-2.54882812500000000E-1));
#473=CARTESIAN_POINT('',(-3.11914062500000000E0,1.05078125000000000E0,-1.67968750000000000E-1));
#474=CARTESIAN_POINT('',(-3.12207031250000000E0,5.09765625000000000E-1,-1.46484375000000000E-1));
#475=CARTESIAN_POINT('',(-3.12500000000000000E0,-3.12500000000000000E-2,-1.25000000000000000E-1));
#476=(BOUNDED_CURVE()B_SPLINE_CURVE(5,(#470,#471,#472,#473,#474,#475),.UNSPECIFIED.,.F.,.F.)B_SPLINE_CURVE_WITH_KNOTS((6,6),(0.00000000000000000E0,1.00000000000000000E0),.UNSPECIFIED.)CURVE()GEOMETRIC_REPRESENTATION_ITEM()RATIONAL_B_SPLINE_CURVE((2.00000000000000000E0,2.00000000000000000E0,2.00000000000000000E0,2.00000000000000000E0,2.00000000000000000E0,2.00000000000000000E0))REPRESENTATION_ITEM(''));
#477=CARTESIAN_POINT('',(-3.12500000000000000E0,3.12500000000000000E-2,1.25000000000000000E-1));
#478=CARTESIAN_POINT('',(-3.12500000000000000E0,-3.12500000000000000E-2,-1.25000000000000000E-1));
#479=(BOUNDED_CURVE()B_SPLINE_CURVE(1,(#477,#478),.UNSPECIFIED.,.F.,.F.)B_SPLINE_CURVE_WITH_KNOTS((2,2),(0.00000000000000000E0,1.00000000000000000E0),.UNSPECIFIED.)CURVE()GEOMETRIC_REPRESENTATION_ITEM()RATIONAL_B_SPLINE_CURVE((1.00000000000000000E0,2.00000000000000000E0))REPRESENTATION_ITEM(''));
#480=CARTESIAN_POINT('',(-1.42382812500000000E0,2.49707031250000000E0,-2.33398437500000000E-1));
#481=CARTESIAN_POINT('',(-1.85644531250000000E0,2.24609375000000000E0,-2.44140625000000000E-1));
#482=CARTESIAN_POINT('',(-2.28906250000000000E0,1.99511718750000000E0,-2.54882812500000000E-1));
#483=CARTESIAN_POINT('',(-2.86914062500000000E0,9.64843750000000000E-1,-1.67968750000000000E-1));
#484=CARTESIAN_POINT('',(-2.87207031250000000E0,4.66796875000000000E-1,-1.46484375000000000E-1));
#485=CARTESIAN_POINT('',(-2.87500000000000000E0,-3.12500000000000000E-2,-1.25000000000000000E-1));
#486=(BOUNDED_CURVE()B_SPLINE_CURVE(5,(#480,#481,#482,#483,#484,#485),.UNSPECIFIED.,.F.,.F.)B_SPLINE_CURVE_WITH_KNOTS((6,6),(0.00000000000000000E0,1.00000000000000000E0),.UNSPECIFIED.)CURVE()GEOMETRIC_REPRESENTATION_ITEM()RATIONAL_B_SPLINE_CURVE((2.00000000000000000E0,2.00000000000000000E0,2.00000000000000000E0,2.00000000000000000E0,2.00000000000000000E0,2.00000000000000000E0))REPRESENTATION_ITEM(''));
#487=CARTESIAN_POINT('',(-3.12500000000000000E0,-3.12500000000000000E-2,-1.25000000000000000E-1));
#488=CARTESIAN_POINT('',(-2.87500000000000000E0,-3.12500000000000000E-2,-1.25000000000000000E-1));
#489=(BOUNDED_CURVE()B_SPLINE_CURVE(1,(#487,#488),.UNSPECIFIED.,.F.,.F.)B_SPLINE_CURVE_WITH_KNOTS((2,2),(0.00000000000000000E0,1.00000000000000000E0),.UNSPECIFIED.)CURVE()GEOMETRIC_REPRESENTATION_ITEM()RATIONAL_B_SPLINE_CURVE((1.00000000000000000E0,2.00000000000000000E0))REPRESENTATION_ITEM(''));
#490=CARTESIAN_POINT('',(-2.87500000000000000E0,3.12500000000000000E-2,1.25000000000000000E-1));
#491=CARTESIAN_POINT('',(-2.87500000000000000E0,-3.12500000000000000E-2,-1.25000000000000000E-1));
#492=(BOUNDED_CURVE()B_SPLINE_CURVE(1,(#490,#491),.UNSPECIFIED.,.F.,.F.)B_SPLINE_CURVE_WITH_KNOTS((2,2),(0.00000000000000000E0,1.00000000000000000E0),.UNSPECIFIED.)CURVE()GEOMETRIC_REPRESENTATION_ITEM()RATIONAL_B_SPLINE_CURVE((2.00000000000000000E0,1.00000000000000000E0))REPRESENTATION_ITEM(''));
#493=CARTESIAN_POINT('',(-3.12500000000000000E0,3.12500000000000000E-2,1.25000000000000000E-1));
#494=CARTESIAN_POINT('',(-3.12207031250000000E0,-5.09765625000000000E-1,1.46484375000000000E-1));
#495=CARTESIAN_POINT('',(-3.11914062500000000E0,-1.05078125000000000E0,1.67968750000000000E-1));
#496=CARTESIAN_POINT('',(-2.48828125000000000E0,-2.16699218750000000E0,2.54882812500000000E-1));
#497=CARTESIAN_POINT('',(-2.01855468750000000E0,-2.44042968750000000E0,2.44140625000000000E-1));
#498=CARTESIAN_POINT('',(-1.54882812500000000E0,-2.71386718750000000E0,2.33398437500000000E-1));
#499=(BOUNDED_CURVE()B_SPLINE_CURVE(5,(#493,#494,#495,#496,#497,#498),.UNSPECIFIED.,.F.,.F.)B_SPLINE_CURVE_WITH_KNOTS((6,6),(0.00000000000000000E0,1.00000000000000000E0),.UNSPECIFIED.)CURVE()GEOMETRIC_REPRESENTATION_ITEM()RATIONAL_B_SPLINE_CURVE((2.00000000000000000E0,2.00000000000000000E0,2.00000000000000000E0,2.00000000000000000E0,2.00000000000000000E0,2.00000000000000000E0))REPRESENTATION_ITEM(''));
#500=CARTESIAN_POINT('',(-1.42382812500000000E0,-2.49707031250000000E0,2.33398437500000000E-1));
#501=CARTESIAN_POINT('',(-1.54882812500000000E0,-2.71386718750000000E0,2.33398437500000000E-1));
#502=(BOUNDED_CURVE()B_SPLINE_CURVE(1,(#500,#501),.UNSPECIFIED.,.F.,.F.)B_SPLINE_CURVE_WITH_KNOTS((2,2),(0.00000000000000000E0,1.00000000000000000E0),.UNSPECIFIED.)CURVE()GEOMETRIC_REPRESENTATION_ITEM()RATIONAL_B_SPLINE_CURVE((1.00000000000000000E0,2.00000000000000000E0))REPRESENTATION_ITEM(''));
#503=CARTESIAN_POINT('',(-2.87500000000000000E0,3.12500000000000000E-2,1.25000000000000000E-1));
#504=CARTESIAN_POINT('',(-2.87207031250000000E0,-4.66796875000000000E-1,1.46484375000000000E-1));
#505=CARTESIAN_POINT('',(-2.86914062500000000E0,-9.64843750000000000E-1,1.67968750000000000E-1));
#506=CARTESIAN_POINT('',(-2.28906250000000000E0,-1.99511718750000000E0,2.54882812500000000E-1));
#507=CARTESIAN_POINT('',(-1.85644531250000000E0,-2.24609375000000000E0,2.44140625000000000E-1));
#508=CARTESIAN_POINT('',(-1.42382812500000000E0,-2.49707031250000000E0,2.33398437500000000E-1));
#509=B_SPLINE_CURVE_WITH_KNOTS('',5,(#503,#504,#505,#506,#507,#508),.UNSPECIFIED.,.F.,.F.,(6,6),(0.00000000000000000E0,1.00000000000000000E0),.UNSPECIFIED.);
#510=CARTESIAN_POINT('',(-3.12500000000000000E0,-3.12500000000000000E-2,-1.25000000000000000E-1));
#511=CARTESIAN_POINT('',(-3.12792968750000000E0,-5.72265625000000000E-1,-1.03515625000000000E-1));
#512=CARTESIAN_POINT('',(-3.13085937500000000E0,-1.11328125000000000E0,-8.20312500000000000E-2));
#513=CARTESIAN_POINT('',(-2.51171875000000000E0,-2.16113281250000000E0,4.88281250000000000E-3));
#514=CARTESIAN_POINT('',(-2.04394531250000000E0,-2.42968750000000000E0,-5.85937500000000000E-3));
#515=CARTESIAN_POINT('',(-1.57617187500000000E0,-2.69824218750000000E0,-1.66015625000000000E-2));
#516=(BOUNDED_CURVE()B_SPLINE_CURVE(5,(#510,#511,#512,#513,#514,#515),.UNSPECIFIED.,.F.,.F.)B_SPLINE_CURVE_WITH_KNOTS((6,6),(0.00000000000000000E0,1.00000000000000000E0),.UNSPECIFIED.)CURVE()GEOMETRIC_REPRESENTATION_ITEM()RATIONAL_B_SPLINE_CURVE((2.00000000000000000E0,2.00000000000000000E0,2.00000000000000000E0,2.00000000000000000E0,2.00000000000000000E0,2.00000000000000000E0))REPRESENTATION_ITEM(''));
#517=CARTESIAN_POINT('',(-1.54882812500000000E0,-2.71386718750000000E0,2.33398437500000000E-1));
#518=CARTESIAN_POINT('',(-1.57617187500000000E0,-2.69824218750000000E0,-1.66015625000000000E-2));
#519=(BOUNDED_CURVE()B_SPLINE_CURVE(1,(#517,#518),.UNSPECIFIED.,.F.,.F.)B_SPLINE_CURVE_WITH_KNOTS((2,2),(0.00000000000000000E0,1.00000000000000000E0),.UNSPECIFIED.)CURVE()GEOMETRIC_REPRESENTATION_ITEM()RATIONAL_B_SPLINE_CURVE((1.00000000000000000E0,2.00000000000000000E0))REPRESENTATION_ITEM(''));
#520=CARTESIAN_POINT('',(-2.87500000000000000E0,-3.12500000000000000E-2,-1.25000000000000000E-1));
#521=CARTESIAN_POINT('',(-2.87792968750000000E0,-5.29296875000000000E-1,-1.03515625000000000E-1));
#522=CARTESIAN_POINT('',(-2.88085937500000000E0,-1.02734375000000000E0,-8.20312500000000000E-2));
#523=CARTESIAN_POINT('',(-2.31054687500000000E0,-1.98730468750000000E0,4.88281250000000000E-3));
#524=CARTESIAN_POINT('',(-1.88085937500000000E0,-2.23437500000000000E0,-5.85937500000000000E-3));
#525=CARTESIAN_POINT('',(-1.45117187500000000E0,-2.48144531250000000E0,-1.66015625000000000E-2));
#526=(BOUNDED_CURVE()B_SPLINE_CURVE(5,(#520,#521,#522,#523,#524,#525),.UNSPECIFIED.,.F.,.F.)B_SPLINE_CURVE_WITH_KNOTS((6,6),(0.00000000000000000E0,1.00000000000000000E0),.UNSPECIFIED.)CURVE()GEOMETRIC_REPRESENTATION_ITEM()RATIONAL_B_SPLINE_CURVE((2.00000000000000000E0,2.00000000000000000E0,2.00000000000000000E0,2.00000000000000000E0,2.00000000000000000E0,2.00000000000000000E0))REPRESENTATION_ITEM(''));
#527=CARTESIAN_POINT('',(-1.57617187500000000E0,-2.69824218750000000E0,-1.66015625000000000E-2));
#528=CARTESIAN_POINT('',(-1.45117187500000000E0,-2.48144531250000000E0,-1.66015625000000000E-2));
#529=(BOUNDED_CURVE()B_SPLINE_CURVE(1,(#527,#528),.UNSPECIFIED.,.F.,.F.)B_SPLINE_CURVE_WITH_KNOTS((2,2),(0.00000000000000000E0,1.00000000000000000E0),.UNSPECIFIED.)CURVE()GEOMETRIC_REPRESENTATION_ITEM()RATIONAL_B_SPLINE_CURVE((1.00000000000000000E0,2.00000000000000000E0))REPRESENTATION_ITEM(''));
#530=CARTESIAN_POINT('',(-1.42382812500000000E0,-2.49707031250000000E0,2.33398437500000000E-1));
#531=CARTESIAN_POINT('',(-1.45117187500000000E0,-2.48144531250000000E0,-1.66015625000000000E-2));
#532=(BOUNDED_CURVE()B_SPLINE_CURVE(1,(#530,#531),.UNSPECIFIED.,.F.,.F.)B_SPLINE_CURVE_WITH_KNOTS((2,2),(0.00000000000000000E0,1.00000000000000000E0),.UNSPECIFIED.)CURVE()GEOMETRIC_REPRESENTATION_ITEM()RATIONAL_B_SPLINE_CURVE((2.00000000000000000E0,1.00000000000000000E0))REPRESENTATION_ITEM(''));
#533=CARTESIAN_POINT('',(-1.54882812500000000E0,-2.71386718750000000E0,2.33398437500000000E-1));
#534=CARTESIAN_POINT('',(-1.07910156250000000E0,-2.98730468750000000E0,2.22656250000000000E-1));
#535=CARTESIAN_POINT('',(-6.09375000000000000E-1,-3.26074218750000000E0,2.11914062500000000E-1));
#536=CARTESIAN_POINT('',(6.40625000000000000E-1,-3.23535156250000000E0,3.80859375000000000E-2));
#537=CARTESIAN_POINT('',(1.10839843750000000E0,-2.96679687500000000E0,2.73437500000000000E-2));
#538=CARTESIAN_POINT('',(1.57617187500000000E0,-2.69824218750000000E0,1.66015625000000000E-2));
#539=(BOUNDED_CURVE()B_SPLINE_CURVE(5,(#533,#534,#535,#536,#537,#538),.UNSPECIFIED.,.F.,.F.)B_SPLINE_CURVE_WITH_KNOTS((6,6),(0.00000000000000000E0,1.00000000000000000E0),.UNSPECIFIED.)CURVE()GEOMETRIC_REPRESENTATION_ITEM()RATIONAL_B_SPLINE_CURVE((2.00000000000000000E0,2.00000000000000000E0,2.00000000000000000E0,2.00000000000000000E0,2.00000000000000000E0,2.00000000000000000E0))REPRESENTATION_ITEM(''));
#540=CARTESIAN_POINT('',(1.45117187500000000E0,-2.48144531250000000E0,1.66015625000000000E-2));
#541=CARTESIAN_POINT('',(1.57617187500000000E0,-2.69824218750000000E0,1.66015625000000000E-2));
#542=(BOUNDED_CURVE()B_SPLINE_CURVE(1,(#540,#541),.UNSPECIFIED.,.F.,.F.)B_SPLINE_CURVE_WITH_KNOTS((2,2),(0.00000000000000000E0,1.00000000000000000E0),.UNSPECIFIED.)CURVE()GEOMETRIC_REPRESENTATION_ITEM()RATIONAL_B_SPLINE_CURVE((1.00000000000000000E0,2.00000000000000000E0))REPRESENTATION_ITEM(''));
#543=CARTESIAN_POINT('',(-1.42382812500000000E0,-2.49707031250000000E0,2.33398437500000000E-1));
#544=CARTESIAN_POINT('',(-9.91210937500000000E-1,-2.74804687500000000E0,2.22656250000000000E-1));
#545=CARTESIAN_POINT('',(-5.58593750000000000E-1,-2.99902343750000000E0,2.11914062500000000E-1));
#546=CARTESIAN_POINT('',(5.91796875000000000E-1,-2.97558593750000000E0,3.80859375000000000E-2));
#547=CARTESIAN_POINT('',(1.02148437500000000E0,-2.72851562500000000E0,2.73437500000000000E-2));
#548=CARTESIAN_POINT('',(1.45117187500000000E0,-2.48144531250000000E0,1.66015625000000000E-2));
#549=B_SPLINE_CURVE_WITH_KNOTS('',5,(#543,#544,#545,#546,#547,#548),.UNSPECIFIED.,.F.,.F.,(6,6),(0.00000000000000000E0,1.00000000000000000E0),.UNSPECIFIED.);
#550=CARTESIAN_POINT('',(-1.57617187500000000E0,-2.69824218750000000E0,-1.66015625000000000E-2));
#551=CARTESIAN_POINT('',(-1.10839843750000000E0,-2.96679687500000000E0,-2.73437500000000000E-2));
#552=CARTESIAN_POINT('',(-6.40625000000000000E-1,-3.23535156250000000E0,-3.80859375000000000E-2));
#553=CARTESIAN_POINT('',(6.09375000000000000E-1,-3.26074218750000000E0,-2.11914062500000000E-1));
#554=CARTESIAN_POINT('',(1.07910156250000000E0,-2.98730468750000000E0,-2.22656250000000000E-1));
#555=CARTESIAN_POINT('',(1.54882812500000000E0,-2.71386718750000000E0,-2.33398437500000000E-1));
#556=(BOUNDED_CURVE()B_SPLINE_CURVE(5,(#550,#551,#552,#553,#554,#555),.UNSPECIFIED.,.F.,.F.)B_SPLINE_CURVE_WITH_KNOTS((6,6),(0.00000000000000000E0,1.00000000000000000E0),.UNSPECIFIED.)CURVE()GEOMETRIC_REPRESENTATION_ITEM()RATIONAL_B_SPLINE_CURVE((2.00000000000000000E0,2.00000000000000000E0,2.00000000000000000E0,2.00000000000000000E0,2.00000000000000000E0,2.00000000000000000E0))REPRESENTATION_ITEM(''));
#557=CARTESIAN_POINT('',(1.57617187500000000E0,-2.69824218750000000E0,1.66015625000000000E-2));
#558=CARTESIAN_POINT('',(1.54882812500000000E0,-2.71386718750000000E0,-2.33398437500000000E-1));
#559=(BOUNDED_CURVE()B_SPLINE_CURVE(1,(#557,#558),.UNSPECIFIED.,.F.,.F.)B_SPLINE_CURVE_WITH_KNOTS((2,2),(0.00000000000000000E0,1.00000000000000000E0),.UNSPECIFIED.)CURVE()GEOMETRIC_REPRESENTATION_ITEM()RATIONAL_B_SPLINE_CURVE((1.00000000000000000E0,2.00000000000000000E0))REPRESENTATION_ITEM(''));
#560=CARTESIAN_POINT('',(-1.45117187500000000E0,-2.48144531250000000E0,-1.66015625000000000E-2));
#561=CARTESIAN_POINT('',(-1.02148437500000000E0,-2.72851562500000000E0,-2.73437500000000000E-2));
#562=CARTESIAN_POINT('',(-5.91796875000000000E-1,-2.97558593750000000E0,-3.80859375000000000E-2));
#563=CARTESIAN_POINT('',(5.58593750000000000E-1,-2.99902343750000000E0,-2.11914062500000000E-1));
#564=CARTESIAN_POINT('',(9.91210937500000000E-1,-2.74804687500000000E0,-2.22656250000000000E-1));
#565=CARTESIAN_POINT('',(1.42382812500000000E0,-2.49707031250000000E0,-2.33398437500000000E-1));
#566=(BOUNDED_CURVE()B_SPLINE_CURVE(5,(#560,#561,#562,#563,#564,#565),.UNSPECIFIED.,.F.,.F.)B_SPLINE_CURVE_WITH_KNOTS((6,6),(0.00000000000000000E0,1.00000000000000000E0),.UNSPECIFIED.)CURVE()GEOMETRIC_REPRESENTATION_ITEM()RATIONAL_B_SPLINE_CURVE((2.00000000000000000E0,2.00000000000000000E0,2.00000000000000000E0,2.00000000000000000E0,2.00000000000000000E0,2.00000000000000000E0))REPRESENTATION_ITEM(''));
#567=CARTESIAN_POINT('',(1.54882812500000000E0,-2.71386718750000000E0,-2.33398437500000000E-1));
#568=CARTESIAN_POINT('',(1.42382812500000000E0,-2.49707031250000000E0,-2.33398437500000000E-1));
#569=(BOUNDED_CURVE()B_SPLINE_CURVE(1,(#567,#568),.UNSPECIFIED.,.F.,.F.)B_SPLINE_CURVE_WITH_KNOTS((2,2),(0.00000000000000000E0,1.00000000000000000E0),.UNSPECIFIED.)CURVE()GEOMETRIC_REPRESENTATION_ITEM()RATIONAL_B_SPLINE_CURVE((1.00000000000000000E0,2.00000000000000000E0))REPRESENTATION_ITEM(''));
#570=CARTESIAN_POINT('',(1.45117187500000000E0,-2.48144531250000000E0,1.66015625000000000E-2));
#571=CARTESIAN_POINT('',(1.42382812500000000E0,-2.49707031250000000E0,-2.33398437500000000E-1));
#572=(BOUNDED_CURVE()B_SPLINE_CURVE(1,(#570,#571),.UNSPECIFIED.,.F.,.F.)B_SPLINE_CURVE_WITH_KNOTS((2,2),(0.00000000000000000E0,1.00000000000000000E0),.UNSPECIFIED.)CURVE()GEOMETRIC_REPRESENTATION_ITEM()RATIONAL_B_SPLINE_CURVE((2.00000000000000000E0,1.00000000000000000E0))REPRESENTATION_ITEM(''));
#573=CARTESIAN_POINT('',(3.12500000000000000E0,-3.12500000000000000E-2,1.25000000000000000E-1));
#574=CARTESIAN_POINT('',(3.12792968750000000E0,-5.72265625000000000E-1,1.03515625000000000E-1));
#575=CARTESIAN_POINT('',(3.13085937500000000E0,-1.11328125000000000E0,8.20312500000000000E-2));
#576=CARTESIAN_POINT('',(2.51171875000000000E0,-2.16113281250000000E0,-4.88281250000000000E-3));
#577=CARTESIAN_POINT('',(2.04394531250000000E0,-2.42968750000000000E0,5.85937500000000000E-3));
#578=CARTESIAN_POINT('',(1.57617187500000000E0,-2.69824218750000000E0,1.66015625000000000E-2));
#579=(BOUNDED_CURVE()B_SPLINE_CURVE(5,(#573,#574,#575,#576,#577,#578),.UNSPECIFIED.,.F.,.F.)B_SPLINE_CURVE_WITH_KNOTS((6,6),(0.00000000000000000E0,1.00000000000000000E0),.UNSPECIFIED.)CURVE()GEOMETRIC_REPRESENTATION_ITEM()RATIONAL_B_SPLINE_CURVE((2.00000000000000000E0,2.00000000000000000E0,2.00000000000000000E0,2.00000000000000000E0,2.00000000000000000E0,2.00000000000000000E0))REPRESENTATION_ITEM(''));
#580=CARTESIAN_POINT('',(2.87500000000000000E0,-3.12500000000000000E-2,1.25000000000000000E-1));
#581=CARTESIAN_POINT('',(2.87792968750000000E0,-5.29296875000000000E-1,1.03515625000000000E-1));
#582=CARTESIAN_POINT('',(2.88085937500000000E0,-1.02734375000000000E0,8.20312500000000000E-2));
#583=CARTESIAN_POINT('',(2.31054687500000000E0,-1.98730468750000000E0,-4.88281250000000000E-3));
#584=CARTESIAN_POINT('',(1.88085937500000000E0,-2.23437500000000000E0,5.85937500000000000E-3));
#585=CARTESIAN_POINT('',(1.45117187500000000E0,-2.48144531250000000E0,1.66015625000000000E-2));
#586=B_SPLINE_CURVE_WITH_KNOTS('',5,(#580,#581,#582,#583,#584,#585),.UNSPECIFIED.,.F.,.F.,(6,6),(0.00000000000000000E0,1.00000000000000000E0),.UNSPECIFIED.);
#587=CARTESIAN_POINT('',(3.12500000000000000E0,3.12500000000000000E-2,-1.25000000000000000E-1));
#588=CARTESIAN_POINT('',(3.12207031250000000E0,-5.09765625000000000E-1,-1.46484375000000000E-1));
#589=CARTESIAN_POINT('',(3.11914062500000000E0,-1.05078125000000000E0,-1.67968750000000000E-1));
#590=CARTESIAN_POINT('',(2.48828125000000000E0,-2.16699218750000000E0,-2.54882812500000000E-1));
#591=CARTESIAN_POINT('',(2.01855468750000000E0,-2.44042968750000000E0,-2.44140625000000000E-1));
#592=CARTESIAN_POINT('',(1.54882812500000000E0,-2.71386718750000000E0,-2.33398437500000000E-1));
#593=(BOUNDED_CURVE()B_SPLINE_CURVE(5,(#587,#588,#589,#590,#591,#592),.UNSPECIFIED.,.F.,.F.)B_SPLINE_CURVE_WITH_KNOTS((6,6),(0.00000000000000000E0,1.00000000000000000E0),.UNSPECIFIED.)CURVE()GEOMETRIC_REPRESENTATION_ITEM()RATIONAL_B_SPLINE_CURVE((2.00000000000000000E0,2.00000000000000000E0,2.00000000000000000E0,2.00000000000000000E0,2.00000000000000000E0,2.00000000000000000E0))REPRESENTATION_ITEM(''));
#594=CARTESIAN_POINT('',(2.87500000000000000E0,3.12500000000000000E-2,-1.25000000000000000E-1));
#595=CARTESIAN_POINT('',(2.87207031250000000E0,-4.66796875000000000E-1,-1.46484375000000000E-1));
#596=CARTESIAN_POINT('',(2.86914062500000000E0,-9.64843750000000000E-1,-1.67968750000000000E-1));
#597=CARTESIAN_POINT('',(2.28906250000000000E0,-1.99511718750000000E0,-2.54882812500000000E-1));
#598=CARTESIAN_POINT('',(1.85644531250000000E0,-2.24609375000000000E0,-2.44140625000000000E-1));
#599=CARTESIAN_POINT('',(1.42382812500000000E0,-2.49707031250000000E0,-2.33398437500000000E-1));
#600=(BOUNDED_CURVE()B_SPLINE_CURVE(5,(#594,#595,#596,#597,#598,#599),.UNSPECIFIED.,.F.,.F.)B_SPLINE_CURVE_WITH_KNOTS((6,6),(0.00000000000000000E0,1.00000000000000000E0),.UNSPECIFIED.)CURVE()GEOMETRIC_REPRESENTATION_ITEM()RATIONAL_B_SPLINE_CURVE((2.00000000000000000E0,2.00000000000000000E0,2.00000000000000000E0,2.00000000000000000E0,2.00000000000000000E0,2.00000000000000000E0))REPRESENTATION_ITEM(''));
#601=(GEOMETRIC_REPRESENTATION_CONTEXT(2)REPRESENTATION_CONTEXT('','2D'));
#602=CARTESIAN_POINT('',(0.00000000000000000E0,0.00000000000000000E0));
#603=CARTESIAN_POINT('',(1.00000000000000000E0,0.00000000000000000E0));
#604=B_SPLINE_CURVE_WITH_KNOTS('',1,(#602,#603),.UNSPECIFIED.,.F.,.F.,(2,2),(0.00000000000000000E0,1.00000000000000000E0),.UNSPECIFIED.);
#605=DEFINITIONAL_REPRESENTATION('',(#604),#601);
#606=PCURVE('',#61,#605);
#607=CARTESIAN_POINT('',(1.00000000000000000E0,0.00000000000000000E0));
#608=CARTESIAN_POINT('',(1.00000000000000000E0,1.00000000000000000E0));
#609=B_SPLINE_CURVE_WITH_KNOTS('',1,(#607,#608),.UNSPECIFIED.,.F.,.F.,(2,2),(0.00000000000000000E0,1.00000000000000000E0),.UNSPECIFIED.);
#610=DEFINITIONAL_REPRESENTATION('',(#609),#601);
#611=PCURVE('',#61,#610);
#612=CARTESIAN_POINT('',(1.00000000000000000E0,1.00000000000000000E0));
#613=CARTESIAN_POINT('',(0.00000000000000000E0,1.00000000000000000E0));
#614=B_SPLINE_CURVE_WITH_KNOTS('',1,(#612,#613),.UNSPECIFIED.,.F.,.F.,(2,2),(0.00000000000000000E0,1.00000000000000000E0),.UNSPECIFIED.);
#615=DEFINITIONAL_REPRESENTATION('',(#614),#601);
#616=PCURVE('',#61,#615);
#617=CARTESIAN_POINT('',(0.00000000000000000E0,1.00000000000000000E0));
#618=CARTESIAN_POINT('',(0.00000000000000000E0,0.00000000000000000E0));
#619=B_SPLINE_CURVE_WITH_KNOTS('',1,(#617,#618),.UNSPECIFIED.,.F.,.F.,(2,2),(0.00000000000000000E0,1.00000000000000000E0),.UNSPECIFIED.);
#620=DEFINITIONAL_REPRESENTATION('',(#619),#601);
#621=PCURVE('',#61,#620);
#622=CARTESIAN_POINT('',(0.00000000000000000E0,0.00000000000000000E0));
#623=CARTESIAN_POINT('',(1.00000000000000000E0,0.00000000000000000E0));
#624=B_SPLINE_CURVE_WITH_KNOTS('',1,(#622,#623),.UNSPECIFIED.,.F.,.F.,(2,2),(0.00000000000000000E0,1.00000000000000000E0),.UNSPECIFIED.);
#625=DEFINITIONAL_REPRESENTATION('',(#624),#601);
#626=PCURVE('',#74,#625);
#627=CARTESIAN_POINT('',(1.00000000000000000E0,0.00000000000000000E0));
#628=CARTESIAN_POINT('',(1.00000000000000000E0,1.00000000000000000E0));
#629=B_SPLINE_CURVE_WITH_KNOTS('',1,(#627,#628),.UNSPECIFIED.,.F.,.F.,(2,2),(0.00000000000000000E0,1.00000000000000000E0),.UNSPECIFIED.);
#630=DEFINITIONAL_REPRESENTATION('',(#629),#601);
#631=PCURVE('',#74,#630);
#632=CARTESIAN_POINT('',(1.00000000000000000E0,1.00000000000000000E0));
#633=CARTESIAN_POINT('',(0.00000000000000000E0,1.00000000000000000E0));
#634=B_SPLINE_CURVE_WITH_KNOTS('',1,(#632,#633),.UNSPECIFIED.,.F.,.F.,(2,2),(0.00000000000000000E0,1.00000000000000000E0),.UNSPECIFIED.);
#635=DEFINITIONAL_REPRESENTATION('',(#634),#601);
#636=PCURVE('',#74,#635);
#637=CARTESIAN_POINT('',(0.00000000000000000E0,1.00000000000000000E0));
#638=CARTESIAN_POINT('',(0.00000000000000000E0,0.00000000000000000E0));
#639=B_SPLINE_CURVE_WITH_KNOTS('',1,(#637,#638),.UNSPECIFIED.,.F.,.F.,(2,2),(0.00000000000000000E0,1.00000000000000000E0),.UNSPECIFIED.);
#640=DEFINITIONAL_REPRESENTATION('',(#639),#601);
#641=PCURVE('',#74,#640);
#642=CARTESIAN_POINT('',(0.00000000000000000E0,0.00000000000000000E0));
#643=CARTESIAN_POINT('',(1.00000000000000000E0,0.00000000000000000E0));
#644=B_SPLINE_CURVE_WITH_KNOTS('',1,(#642,#643),.UNSPECIFIED.,.F.,.F.,(2,2),(0.00000000000000000E0,1.00000000000000000E0),.UNSPECIFIED.);
#645=DEFINITIONAL_REPRESENTATION('',(#644),#601);
#646=PCURVE('',#87,#645);
#647=CARTESIAN_POINT('',(1.00000000000000000E0,0.00000000000000000E0));
#648=CARTESIAN_POINT('',(1.00000000000000000E0,1.00000000000000000E0));
#649=B_SPLINE_CURVE_WITH_KNOTS('',1,(#647,#648),.UNSPECIFIED.,.F.,.F.,(2,2),(0.00000000000000000E0,1.00000000000000000E0),.UNSPECIFIED.);
#650=DEFINITIONAL_REPRESENTATION('',(#649),#601);
#651=PCURVE('',#87,#650);
#652=CARTESIAN_POINT('',(1.00000000000000000E0,1.00000000000000000E0));
#653=CARTESIAN_POINT('',(0.00000000000000000E0,1.00000000000000000E0));
#654=B_SPLINE_CURVE_WITH_KNOTS('',1,(#652,#653),.UNSPECIFIED.,.F.,.F.,(2,2),(0.00000000000000000E0,1.00000000000000000E0),.UNSPECIFIED.);
#655=DEFINITIONAL_REPRESENTATION('',(#654),#601);
#656=PCURVE('',#87,#655);
#657=CARTESIAN_POINT('',(0.00000000000000000E0,1.00000000000000000E0));
#658=CARTESIAN_POINT('',(0.00000000000000000E0,0.00000000000000000E0));
#659=B_SPLINE_CURVE_WITH_KNOTS('',1,(#657,#658),.UNSPECIFIED.,.F.,.F.,(2,2),(0.00000000000000000E0,1.00000000000000000E0),.UNSPECIFIED.);
#660=DEFINITIONAL_REPRESENTATION('',(#659),#601);
#661=PCURVE('',#87,#660);
#662=CARTESIAN_POINT('',(0.00000000000000000E0,0.00000000000000000E0));
#663=CARTESIAN_POINT('',(1.00000000000000000E0,0.00000000000000000E0));
#664=B_SPLINE_CURVE_WITH_KNOTS('',1,(#662,#663),.UNSPECIFIED.,.F.,.F.,(2,2),(0.00000000000000000E0,1.00000000000000000E0),.UNSPECIFIED.);
#665=DEFINITIONAL_REPRESENTATION('',(#664),#601);
#666=PCURVE('',#100,#665);
#667=CARTESIAN_POINT('',(1.00000000000000000E0,0.00000000000000000E0));
#668=CARTESIAN_POINT('',(1.00000000000000000E0,1.00000000000000000E0));
#669=B_SPLINE_CURVE_WITH_KNOTS('',1,(#667,#668),.UNSPECIFIED.,.F.,.F.,(2,2),(0.00000000000000000E0,1.00000000000000000E0),.UNSPECIFIED.);
#670=DEFINITIONAL_REPRESENTATION('',(#669),#601);
#671=PCURVE('',#100,#670);
#672=CARTESIAN_POINT('',(1.00000000000000000E0,1.00000000000000000E0));
#673=CARTESIAN_POINT('',(0.00000000000000000E0,1.00000000000000000E0));
#674=B_SPLINE_CURVE_WITH_KNOTS('',1,(#672,#673),.UNSPECIFIED.,.F.,.F.,(2,2),(0.00000000000000000E0,1.00000000000000000E0),.UNSPECIFIED.);
#675=DEFINITIONAL_REPRESENTATION('',(#674),#601);
#676=PCURVE('',#100,#675);
#677=CARTESIAN_POINT('',(0.00000000000000000E0,1.00000000000000000E0));
#678=CARTESIAN_POINT('',(0.00000000000000000E0,0.00000000000000000E0));
#679=B_SPLINE_CURVE_WITH_KNOTS('',1,(#677,#678),.UNSPECIFIED.,.F.,.F.,(2,2),(0.00000000000000000E0,1.00000000000000000E0),.UNSPECIFIED.);
#680=DEFINITIONAL_REPRESENTATION('',(#679),#601);
#681=PCURVE('',#100,#680);
#682=CARTESIAN_POINT('',(0.00000000000000000E0,0.00000000000000000E0));
#683=CARTESIAN_POINT('',(1.00000000000000000E0,0.00000000000000000E0));
#684=B_SPLINE_CURVE_WITH_KNOTS('',1,(#682,#683),.UNSPECIFIED.,.F.,.F.,(2,2),(0.00000000000000000E0,1.00000000000000000E0),.UNSPECIFIED.);
#685=DEFINITIONAL_REPRESENTATION('',(#684),#601);
#686=PCURVE('',#113,#685);
#687=CARTESIAN_POINT('',(1.00000000000000000E0,0.00000000000000000E0));
#688=CARTESIAN_POINT('',(1.00000000000000000E0,1.00000000000000000E0));
#689=B_SPLINE_CURVE_WITH_KNOTS('',1,(#687,#688),.UNSPECIFIED.,.F.,.F.,(2,2),(0.00000000000000000E0,1.00000000000000000E0),.UNSPECIFIED.);
#690=DEFINITIONAL_REPRESENTATION('',(#689),#601);
#691=PCURVE('',#113,#690);
#692=CARTESIAN_POINT('',(1.00000000000000000E0,1.00000000000000000E0));
#693=CARTESIAN_POINT('',(0.00000000000000000E0,1.00000000000000000E0));
#694=B_SPLINE_CURVE_WITH_KNOTS('',1,(#692,#693),.UNSPECIFIED.,.F.,.F.,(2,2),(0.00000000000000000E0,1.00000000000000000E0),.UNSPECIFIED.);
#695=DEFINITIONAL_REPRESENTATION('',(#694),#601);
#696=PCURVE('',#113,#695);
#697=CARTESIAN_POINT('',(0.00000000000000000E0,1.00000000000000000E0));
#698=CARTESIAN_POINT('',(0.00000000000000000E0,0.00000000000000000E0));
#699=B_SPLINE_CURVE_WITH_KNOTS('',1,(#697,#698),.UNSPECIFIED.,.F.,.F.,(2,2),(0.00000000000000000E0,1.00000000000000000E0),.UNSPECIFIED.);
#700=DEFINITIONAL_REPRESENTATION('',(#699),#601);
#701=PCURVE('',#113,#700);
#702=CARTESIAN_POINT('',(0.00000000000000000E0,0.00000000000000000E0));
#703=CARTESIAN_POINT('',(1.00000000000000000E0,0.00000000000000000E0));
#704=B_SPLINE_CURVE_WITH_KNOTS('',1,(#702,#703),.UNSPECIFIED.,.F.,.F.,(2,2),(0.00000000000000000E0,1.00000000000000000E0),.UNSPECIFIED.);
#705=DEFINITIONAL_REPRESENTATION('',(#704),#601);
#706=PCURVE('',#126,#705);
#707=CARTESIAN_POINT('',(1.00000000000000000E0,0.00000000000000000E0));
#708=CARTESIAN_POINT('',(1.00000000000000000E0,1.00000000000000000E0));
#709=B_SPLINE_CURVE_WITH_KNOTS('',1,(#707,#708),.UNSPECIFIED.,.F.,.F.,(2,2),(0.00000000000000000E0,1.00000000000000000E0),.UNSPECIFIED.);
#710=DEFINITIONAL_REPRESENTATION('',(#709),#601);
#711=PCURVE('',#126,#710);
#712=CARTESIAN_POINT('',(1.00000000000000000E0,1.00000000000000000E0));
#713=CARTESIAN_POINT('',(0.00000000000000000E0,1.00000000000000000E0));
#714=B_SPLINE_CURVE_WITH_KNOTS('',1,(#712,#713),.UNSPECIFIED.,.F.,.F.,(2,2),(0.00000000000000000E0,1.00000000000000000E0),.UNSPECIFIED.);
#715=DEFINITIONAL_REPRESENTATION('',(#714),#601);
#716=PCURVE('',#126,#715);
#717=CARTESIAN_POINT('',(0.00000000000000000E0,1.00000000000000000E0));
#718=CARTESIAN_POINT('',(0.00000000000000000E0,0.00000000000000000E0));
#719=B_SPLINE_CURVE_WITH_KNOTS('',1,(#717,#718),.UNSPECIFIED.,.F.,.F.,(2,2),(0.00000000000000000E0,1.00000000000000000E0),.UNSPECIFIED.);
#720=DEFINITIONAL_REPRESENTATION('',(#719),#601);
#721=PCURVE('',#126,#720);
#722=CARTESIAN_POINT('',(0.00000000000000000E0,0.00000000000000000E0));
#723=CARTESIAN_POINT('',(1.00000000000000000E0,0.00000000000000000E0));
#724=B_SPLINE_CURVE_WITH_KNOTS('',1,(#722,#723),.UNSPECIFIED.,.F.,.F.,(2,2),(0.00000000000000000E0,1.00000000000000000E0),.UNSPECIFIED.);
#725=DEFINITIONAL_REPRESENTATION('',(#724),#601);
#726=PCURVE('',#139,#725);
#727=CARTESIAN_POINT('',(1.00000000000000000E0,0.00000000000000000E0));
#728=CARTESIAN_POINT('',(1.00000000000000000E0,1.00000000000000000E0));
#729=B_SPLINE_CURVE_WITH_KNOTS('',1,(#727,#728),.UNSPECIFIED.,.F.,.F.,(2,2),(0.00000000000000000E0,1.00000000000000000E0),.UNSPECIFIED.);
#730=DEFINITIONAL_REPRESENTATION('',(#729),#601);
#731=PCURVE('',#139,#730);
#732=CARTESIAN_POINT('',(1.00000000000000000E0,1.00000000000000000E0));
#733=CARTESIAN_POINT('',(0.00000000000000000E0,1.00000000000000000E0));
#734=B_SPLINE_CURVE_WITH_KNOTS('',1,(#732,#733),.UNSPECIFIED.,.F.,.F.,(2,2),(0.00000000000000000E0,1.00000000000000000E0),.UNSPECIFIED.);
#735=DEFINITIONAL_REPRESENTATION('',(#734),#601);
#736=PCURVE('',#139,#735);
#737=CARTESIAN_POINT('',(0.00000000000000000E0,1.00000000000000000E0));
#738=CARTESIAN_POINT('',(0.00000000000000000E0,0.00000000000000000E0));
#739=B_SPLINE_CURVE_WITH_KNOTS('',1,(#737,#738),.UNSPECIFIED.,.F.,.F.,(2,2),(0.00000000000000000E0,1.00000000000000000E0),.UNSPECIFIED.);
#740=DEFINITIONAL_REPRESENTATION('',(#739),#601);
#741=PCURVE('',#139,#740);
#742=CARTESIAN_POINT('',(0.00000000000000000E0,0.00000000000000000E0));
#743=CARTESIAN_POINT('',(1.00000000000000000E0,0.00000000000000000E0));
#744=B_SPLINE_CURVE_WITH_KNOTS('',1,(#742,#743),.UNSPECIFIED.,.F.,.F.,(2,2),(0.00000000000000000E0,1.00000000000000000E0),.UNSPECIFIED.);
#745=DEFINITIONAL_REPRESENTATION('',(#744),#601);
#746=PCURVE('',#152,#745);
#747=CARTESIAN_POINT('',(1.00000000000000000E0,0.00000000000000000E0));
#748=CARTESIAN_POINT('',(1.00000000000000000E0,1.00000000000000000E0));
#749=B_SPLINE_CURVE_WITH_KNOTS('',1,(#747,#748),.UNSPECIFIED.,.F.,.F.,(2,2),(0.00000000000000000E0,1.00000000000000000E0),.UNSPECIFIED.);
#750=DEFINITIONAL_REPRESENTATION('',(#749),#601);
#751=PCURVE('',#152,#750);
#752=CARTESIAN_POINT('',(1.00000000000000000E0,1.00000000000000000E0));
#753=CARTESIAN_POINT('',(0.00000000000000000E0,1.00000000000000000E0));
#754=B_SPLINE_CURVE_WITH_KNOTS('',1,(#752,#753),.UNSPECIFIED.,.F.,.F.,(2,2),(0.00000000000000000E0,1.00000000000000000E0),.UNSPECIFIED.);
#755=DEFINITIONAL_REPRESENTATION('',(#754),#601);
#756=PCURVE('',#152,#755);
#757=CARTESIAN_POINT('',(0.00000000000000000E0,1.00000000000000000E0));
#758=CARTESIAN_POINT('',(0.00000000000000000E0,0.00000000000000000E0));
#759=B_SPLINE_CURVE_WITH_KNOTS('',1,(#757,#758),.UNSPECIFIED.,.F.,.F.,(2,2),(0.00000000000000000E0,1.00000000000000000E0),.UNSPECIFIED.);
#760=DEFINITIONAL_REPRESENTATION('',(#759),#601);
#761=PCURVE('',#152,#760);
#762=CARTESIAN_POINT('',(0.00000000000000000E0,0.00000000000000000E0));
#763=CARTESIAN_POINT('',(1.00000000000000000E0,0.00000000000000000E0));
#764=B_SPLINE_CURVE_WITH_KNOTS('',1,(#762,#763),.UNSPECIFIED.,.F.,.F.,(2,2),(0.00000000000000000E0,1.00000000000000000E0),.UNSPECIFIED.);
#765=DEFINITIONAL_REPRESENTATION('',(#764),#601);
#766=PCURVE('',#165,#765);
#767=CARTESIAN_POINT('',(1.00000000000000000E0,0.00000000000000000E0));
#768=CARTESIAN_POINT('',(1.00000000000000000E0,1.00000000000000000E0));
#769=B_SPLINE_CURVE_WITH_KNOTS('',1,(#767,#768),.UNSPECIFIED.,.F.,.F.,(2,2),(0.00000000000000000E0,1.00000000000000000E0),.UNSPECIFIED.);
#770=DEFINITIONAL_REPRESENTATION('',(#769),#601);
#771=PCURVE('',#165,#770);
#772=CARTESIAN_POINT('',(1.00000000000000000E0,1.00000000000000000E0));
#773=CARTESIAN_POINT('',(0.00000000000000000E0,1.00000000000000000E0));
#774=B_SPLINE_CURVE_WITH_KNOTS('',1,(#772,#773),.UNSPECIFIED.,.F.,.F.,(2,2),(0.00000000000000000E0,1.00000000000000000E0),.UNSPECIFIED.);
#775=DEFINITIONAL_REPRESENTATION('',(#774),#601);
#776=PCURVE('',#165,#775);
#777=CARTESIAN_POINT('',(0.00000000000000000E0,1.00000000000000000E0));
#778=CARTESIAN_POINT('',(0.00000000000000000E0,0.00000000000000000E0));
#779=B_SPLINE_CURVE_WITH_KNOTS('',1,(#777,#778),.UNSPECIFIED.,.F.,.F.,(2,2),(0.00000000000000000E0,1.00000000000000000E0),.UNSPECIFIED.);
#780=DEFINITIONAL_REPRESENTATION('',(#779),#601);
#781=PCURVE('',#165,#780);
#782=CARTESIAN_POINT('',(0.00000000000000000E0,0.00000000000000000E0));
#783=CARTESIAN_POINT('',(1.00000000000000000E0,0.00000000000000000E0));
#784=B_SPLINE_CURVE_WITH_KNOTS('',1,(#782,#783),.UNSPECIFIED.,.F.,.F.,(2,2),(0.00000000000000000E0,1.00000000000000000E0),.UNSPECIFIED.);
#785=DEFINITIONAL_REPRESENTATION('',(#784),#601);
#786=PCURVE('',#178,#785);
#787=CARTESIAN_POINT('',(1.00000000000000000E0,0.00000000000000000E0));
#788=CARTESIAN_POINT('',(1.00000000000000000E0,1.00000000000000000E0));
#789=B_SPLINE_CURVE_WITH_KNOTS('',1,(#787,#788),.UNSPECIFIED.,.F.,.F.,(2,2),(0.00000000000000000E0,1.00000000000000000E0),.UNSPECIFIED.);
#790=DEFINITIONAL_REPRESENTATION('',(#789),#601);
#791=PCURVE('',#178,#790);
#792=CARTESIAN_POINT('',(1.00000000000000000E0,1.00000000000000000E0));
#793=CARTESIAN_POINT('',(0.00000000000000000E0,1.00000000000000000E0));
#794=B_SPLINE_CURVE_WITH_KNOTS('',1,(#792,#793),.UNSPECIFIED.,.F.,.F.,(2,2),(0.00000000000000000E0,1.00000000000000000E0),.UNSPECIFIED.);
#795=DEFINITIONAL_REPRESENTATION('',(#794),#601);
#796=PCURVE('',#178,#795);
#797=CARTESIAN_POINT('',(0.00000000000000000E0,1.00000000000000000E0));
#798=CARTESIAN_POINT('',(0.00000000000000000E0,0.00000000000000000E0));
#799=B_SPLINE_CURVE_WITH_KNOTS('',1,(#797,#798),.UNSPECIFIED.,.F.,.F.,(2,2),(0.00000000000000000E0,1.00000000000000000E0),.UNSPECIFIED.);
#800=DEFINITIONAL_REPRESENTATION('',(#799),#601);
#801=PCURVE('',#178,#800);
#802=CARTESIAN_POINT('',(0.00000000000000000E0,0.00000000000000000E0));
#803=CARTESIAN_POINT('',(1.00000000000000000E0,0.00000000000000000E0));
#804=B_SPLINE_CURVE_WITH_KNOTS('',1,(#802,#803),.UNSPECIFIED.,.F.,.F.,(2,2),(0.00000000000000000E0,1.00000000000000000E0),.UNSPECIFIED.);
#805=DEFINITIONAL_REPRESENTATION('',(#804),#601);
#806=PCURVE('',#191,#805);
#807=CARTESIAN_POINT('',(1.00000000000000000E0,0.00000000000000000E0));
#808=CARTESIAN_POINT('',(1.00000000000000000E0,1.00000000000000000E0));
#809=B_SPLINE_CURVE_WITH_KNOTS('',1,(#807,#808),.UNSPECIFIED.,.F.,.F.,(2,2),(0.00000000000000000E0,1.00000000000000000E0),.UNSPECIFIED.);
#810=DEFINITIONAL_REPRESENTATION('',(#809),#601);
#811=PCURVE('',#191,#810);
#812=CARTESIAN_POINT('',(1.00000000000000000E0,1.00000000000000000E0));
#813=CARTESIAN_POINT('',(0.00000000000000000E0,1.00000000000000000E0));
#814=B_SPLINE_CURVE_WITH_KNOTS('',1,(#812,#813),.UNSPECIFIED.,.F.,.F.,(2,2),(0.00000000000000000E0,1.00000000000000000E0),.UNSPECIFIED.);
#815=DEFINITIONAL_REPRESENTATION('',(#814),#601);
#816=PCURVE('',#191,#815);
#817=CARTESIAN_POINT('',(0.00000000000000000E0,1.00000000000000000E0));
#818=CARTESIAN_POINT('',(0.00000000000000000E0,0.00000000000000000E0));
#819=B_SPLINE_CURVE_WITH_KNOTS('',1,(#817,#818),.UNSPECIFIED.,.F.,.F.,(2,2),(0.00000000000000000E0,1.00000000000000000E0),.UNSPECIFIED.);
#820=DEFINITIONAL_REPRESENTATION('',(#819),#601);
#821=PCURVE('',#191,#820);
#822=CARTESIAN_POINT('',(0.00000000000000000E0,0.00000000000000000E0));
#823=CARTESIAN_POINT('',(1.00000000000000000E0,0.00000000000000000E0));
#824=B_SPLINE_CURVE_WITH_KNOTS('',1,(#822,#823),.UNSPECIFIED.,.F.,.F.,(2,2),(0.00000000000000000E0,1.00000000000000000E0),.UNSPECIFIED.);
#825=DEFINITIONAL_REPRESENTATION('',(#824),#601);
#826=PCURVE('',#204,#825);
#827=CARTESIAN_POINT('',(1.00000000000000000E0,0.00000000000000000E0));
#828=CARTESIAN_POINT('',(1.00000000000000000E0,1.00000000000000000E0));
#829=B_SPLINE_CURVE_WITH_KNOTS('',1,(#827,#828),.UNSPECIFIED.,.F.,.F.,(2,2),(0.00000000000000000E0,1.00000000000000000E0),.UNSPECIFIED.);
#830=DEFINITIONAL_REPRESENTATION('',(#829),#601);
#831=PCURVE('',#204,#830);
#832=CARTESIAN_POINT('',(1.00000000000000000E0,1.00000000000000000E0));
#833=CARTESIAN_POINT('',(0.00000000000000000E0,1.00000000000000000E0));
#834=B_SPLINE_CURVE_WITH_KNOTS('',1,(#832,#833),.UNSPECIFIED.,.F.,.F.,(2,2),(0.00000000000000000E0,1.00000000000000000E0),.UNSPECIFIED.);
#835=DEFINITIONAL_REPRESENTATION('',(#834),#601);
#836=PCURVE('',#204,#835);
#837=CARTESIAN_POINT('',(0.00000000000000000E0,1.00000000000000000E0));
#838=CARTESIAN_POINT('',(0.00000000000000000E0,0.00000000000000000E0));
#839=B_SPLINE_CURVE_WITH_KNOTS('',1,(#837,#838),.UNSPECIFIED.,.F.,.F.,(2,2),(0.00000000000000000E0,1.00000000000000000E0),.UNSPECIFIED.);
#840=DEFINITIONAL_REPRESENTATION('',(#839),#601);
#841=PCURVE('',#204,#840);
#842=CARTESIAN_POINT('',(0.00000000000000000E0,0.00000000000000000E0));
#843=CARTESIAN_POINT('',(1.00000000000000000E0,0.00000000000000000E0));
#844=B_SPLINE_CURVE_WITH_KNOTS('',1,(#842,#843),.UNSPECIFIED.,.F.,.F.,(2,2),(0.00000000000000000E0,1.00000000000000000E0),.UNSPECIFIED.);
#845=DEFINITIONAL_REPRESENTATION('',(#844),#601);
#846=PCURVE('',#217,#845);
#847=CARTESIAN_POINT('',(1.00000000000000000E0,0.00000000000000000E0));
#848=CARTESIAN_POINT('',(1.00000000000000000E0,1.00000000000000000E0));
#849=B_SPLINE_CURVE_WITH_KNOTS('',1,(#847,#848),.UNSPECIFIED.,.F.,.F.,(2,2),(0.00000000000000000E0,1.00000000000000000E0),.UNSPECIFIED.);
#850=DEFINITIONAL_REPRESENTATION('',(#849),#601);
#851=PCURVE('',#217,#850);
#852=CARTESIAN_POINT('',(1.00000000000000000E0,1.00000000000000000E0));
#853=CARTESIAN_POINT('',(0.00000000000000000E0,1.00000000000000000E0));
#854=B_SPLINE_CURVE_WITH_KNOTS('',1,(#852,#853),.UNSPECIFIED.,.F.,.F.,(2,2),(0.00000000000000000E0,1.00000000000000000E0),.UNSPECIFIED.);
#855=DEFINITIONAL_REPRESENTATION('',(#854),#601);
#856=PCURVE('',#217,#855);
#857=CARTESIAN_POINT('',(0.00000000000000000E0,1.00000000000000000E0));
#858=CARTESIAN_POINT('',(0.00000000000000000E0,0.00000000000000000E0));
#859=B_SPLINE_CURVE_WITH_KNOTS('',1,(#857,#858),.UNSPECIFIED.,.F.,.F.,(2,2),(0.00000000000000000E0,1.00000000000000000E0),.UNSPECIFIED.);
#860=DEFINITIONAL_REPRESENTATION('',(#859),#601);
#861=PCURVE('',#217,#860);
#862=CARTESIAN_POINT('',(0.00000000000000000E0,0.00000000000000000E0));
#863=CARTESIAN_POINT('',(1.00000000000000000E0,0.00000000000000000E0));
#864=B_SPLINE_CURVE_WITH_KNOTS('',1,(#862,#863),.UNSPECIFIED.,.F.,.F.,(2,2),(0.00000000000000000E0,1.00000000000000000E0),.UNSPECIFIED.);
#865=DEFINITIONAL_REPRESENTATION('',(#864),#601);
#866=PCURVE('',#230,#865);
#867=CARTESIAN_POINT('',(1.00000000000000000E0,0.00000000000000000E0));
#868=CARTESIAN_POINT('',(1.00000000000000000E0,1.00000000000000000E0));
#869=B_SPLINE_CURVE_WITH_KNOTS('',1,(#867,#868),.UNSPECIFIED.,.F.,.F.,(2,2),(0.00000000000000000E0,1.00000000000000000E0),.UNSPECIFIED.);
#870=DEFINITIONAL_REPRESENTATION('',(#869),#601);
#871=PCURVE('',#230,#870);
#872=CARTESIAN_POINT('',(1.00000000000000000E0,1.00000000000000000E0));
#873=CARTESIAN_POINT('',(0.00000000000000000E0,1.00000000000000000E0));
#874=B_SPLINE_CURVE_WITH_KNOTS('',1,(#872,#873),.UNSPECIFIED.,.F.,.F.,(2,2),(0.00000000000000000E0,1.00000000000000000E0),.UNSPECIFIED.);
#875=DEFINITIONAL_REPRESENTATION('',(#874),#601);
#876=PCURVE('',#230,#875);
#877=CARTESIAN_POINT('',(0.00000000000000000E0,1.00000000000000000E0));
#878=CARTESIAN_POINT('',(0.00000000000000000E0,0.00000000000000000E0));
#879=B_SPLINE_CURVE_WITH_KNOTS('',1,(#877,#878),.UNSPECIFIED.,.F.,.F.,(2,2),(0.00000000000000000E0,1.00000000000000000E0),.UNSPECIFIED.);
#880=DEFINITIONAL_REPRESENTATION('',(#879),#601);
#881=PCURVE('',#230,#880);
#882=CARTESIAN_POINT('',(0.00000000000000000E0,0.00000000000000000E0));
#883=CARTESIAN_POINT('',(1.00000000000000000E0,0.00000000000000000E0));
#884=B_SPLINE_CURVE_WITH_KNOTS('',1,(#882,#883),.UNSPECIFIED.,.F.,.F.,(2,2),(0.00000000000000000E0,1.00000000000000000E0),.UNSPECIFIED.);
#885=DEFINITIONAL_REPRESENTATION('',(#884),#601);
#886=PCURVE('',#243,#885);
#887=CARTESIAN_POINT('',(1.00000000000000000E0,0.00000000000000000E0));
#888=CARTESIAN_POINT('',(1.00000000000000000E0,1.00000000000000000E0));
#889=B_SPLINE_CURVE_WITH_KNOTS('',1,(#887,#888),.UNSPECIFIED.,.F.,.F.,(2,2),(0.00000000000000000E0,1.00000000000000000E0),.UNSPECIFIED.);
#890=DEFINITIONAL_REPRESENTATION('',(#889),#601);
#891=PCURVE('',#243,#890);
#892=CARTESIAN_POINT('',(1.00000000000000000E0,1.00000000000000000E0));
#893=CARTESIAN_POINT('',(0.00000000000000000E0,1.00000000000000000E0));
#894=B_SPLINE_CURVE_WITH_KNOTS('',1,(#892,#893),.UNSPECIFIED.,.F.,.F.,(2,2),(0.00000000000000000E0,1.00000000000000000E0),.UNSPECIFIED.);
#895=DEFINITIONAL_REPRESENTATION('',(#894),#601);
#896=PCURVE('',#243,#895);
#897=CARTESIAN_POINT('',(0.00000000000000000E0,1.00000000000000000E0));
#898=CARTESIAN_POINT('',(0.00000000000000000E0,0.00000000000000000E0));
#899=B_SPLINE_CURVE_WITH_KNOTS('',1,(#897,#898),.UNSPECIFIED.,.F.,.F.,(2,2),(0.00000000000000000E0,1.00000000000000000E0),.UNSPECIFIED.);
#900=DEFINITIONAL_REPRESENTATION('',(#899),#601);
#901=PCURVE('',#243,#900);
#902=CARTESIAN_POINT('',(0.00000000000000000E0,0.00000000000000000E0));
#903=CARTESIAN_POINT('',(1.00000000000000000E0,0.00000000000000000E0));
#904=B_SPLINE_CURVE_WITH_KNOTS('',1,(#902,#903),.UNSPECIFIED.,.F.,.F.,(2,2),(0.00000000000000000E0,1.00000000000000000E0),.UNSPECIFIED.);
#905=DEFINITIONAL_REPRESENTATION('',(#904),#601);
#906=PCURVE('',#256,#905);
#907=CARTESIAN_POINT('',(1.00000000000000000E0,0.00000000000000000E0));
#908=CARTESIAN_POINT('',(1.00000000000000000E0,1.00000000000000000E0));
#909=B_SPLINE_CURVE_WITH_KNOTS('',1,(#907,#908),.UNSPECIFIED.,.F.,.F.,(2,2),(0.00000000000000000E0,1.00000000000000000E0),.UNSPECIFIED.);
#910=DEFINITIONAL_REPRESENTATION('',(#909),#601);
#911=PCURVE('',#256,#910);
#912=CARTESIAN_POINT('',(1.00000000000000000E0,1.00000000000000000E0));
#913=CARTESIAN_POINT('',(0.00000000000000000E0,1.00000000000000000E0));
#914=B_SPLINE_CURVE_WITH_KNOTS('',1,(#912,#913),.UNSPECIFIED.,.F.,.F.,(2,2),(0.00000000000000000E0,1.00000000000000000E0),.UNSPECIFIED.);
#915=DEFINITIONAL_REPRESENTATION('',(#914),#601);
#916=PCURVE('',#256,#915);
#917=CARTESIAN_POINT('',(0.00000000000000000E0,1.00000000000000000E0));
#918=CARTESIAN_POINT('',(0.00000000000000000E0,0.00000000000000000E0));
#919=B_SPLINE_CURVE_WITH_KNOTS('',1,(#917,#918),.UNSPECIFIED.,.F.,.F.,(2,2),(0.00000000000000000E0,1.00000000000000000E0),.UNSPECIFIED.);
#920=DEFINITIONAL_REPRESENTATION('',(#919),#601);
#921=PCURVE('',#256,#920);
#922=CARTESIAN_POINT('',(0.00000000000000000E0,0.00000000000000000E0));
#923=CARTESIAN_POINT('',(1.00000000000000000E0,0.00000000000000000E0));
#924=B_SPLINE_CURVE_WITH_KNOTS('',1,(#922,#923),.UNSPECIFIED.,.F.,.F.,(2,2),(0.00000000000000000E0,1.00000000000000000E0),.UNSPECIFIED.);
#925=DEFINITIONAL_REPRESENTATION('',(#924),#601);
#926=PCURVE('',#269,#925);
#927=CARTESIAN_POINT('',(1.00000000000000000E0,0.00000000000000000E0));
#928=CARTESIAN_POINT('',(1.00000000000000000E0,1.00000000000000000E0));
#929=B_SPLINE_CURVE_WITH_KNOTS('',1,(#927,#928),.UNSPECIFIED.,.F.,.F.,(2,2),(0.00000000000000000E0,1.00000000000000000E0),.UNSPECIFIED.);
#930=DEFINITIONAL_REPRESENTATION('',(#929),#601);
#931=PCURVE('',#269,#930);
#932=CARTESIAN_POINT('',(1.00000000000000000E0,1.00000000000000000E0));
#933=CARTESIAN_POINT('',(0.00000000000000000E0,1.00000000000000000E0));
#934=B_SPLINE_CURVE_WITH_KNOTS('',1,(#932,#933),.UNSPECIFIED.,.F.,.F.,(2,2),(0.00000000000000000E0,1.00000000000000000E0),.UNSPECIFIED.);
#935=DEFINITIONAL_REPRESENTATION('',(#934),#601);
#936=PCURVE('',#269,#935);
#937=CARTESIAN_POINT('',(0.00000000000000000E0,1.00000000000000000E0));
#938=CARTESIAN_POINT('',(0.00000000000000000E0,0.00000000000000000E0));
#939=B_SPLINE_CURVE_WITH_KNOTS('',1,(#937,#938),.UNSPECIFIED.,.F.,.F.,(2,2),(0.00000000000000000E0,1.00000000000000000E0),.UNSPECIFIED.);
#940=DEFINITIONAL_REPRESENTATION('',(#939),#601);
#941=PCURVE('',#269,#940);
#942=CARTESIAN_POINT('',(0.00000000000000000E0,0.00000000000000000E0));
#943=CARTESIAN_POINT('',(1.00000000000000000E0,0.00000000000000000E0));
#944=B_SPLINE_CURVE_WITH_KNOTS('',1,(#942,#943),.UNSPECIFIED.,.F.,.F.,(2,2),(0.00000000000000000E0,1.00000000000000000E0),.UNSPECIFIED.);
#945=DEFINITIONAL_REPRESENTATION('',(#944),#601);
#946=PCURVE('',#282,#945);
#947=CARTESIAN_POINT('',(1.00000000000000000E0,0.00000000000000000E0));
#948=CARTESIAN_POINT('',(1.00000000000000000E0,1.00000000000000000E0));
#949=B_SPLINE_CURVE_WITH_KNOTS('',1,(#947,#948),.UNSPECIFIED.,.F.,.F.,(2,2),(0.00000000000000000E0,1.00000000000000000E0),.UNSPECIFIED.);
#950=DEFINITIONAL_REPRESENTATION('',(#949),#601);
#951=PCURVE('',#282,#950);
#952=CARTESIAN_POINT('',(1.00000000000000000E0,1.00000000000000000E0));
#953=CARTESIAN_POINT('',(0.00000000000000000E0,1.00000000000000000E0));
#954=B_SPLINE_CURVE_WITH_KNOTS('',1,(#952,#953),.UNSPECIFIED.,.F.,.F.,(2,2),(0.00000000000000000E0,1.00000000000000000E0),.UNSPECIFIED.);
#955=DEFINITIONAL_REPRESENTATION('',(#954),#601);
#956=PCURVE('',#282,#955);
#957=CARTESIAN_POINT('',(0.00000000000000000E0,1.00000000000000000E0));
#958=CARTESIAN_POINT('',(0.00000000000000000E0,0.00000000000000000E0));
#959=B_SPLINE_CURVE_WITH_KNOTS('',1,(#957,#958),.UNSPECIFIED.,.F.,.F.,(2,2),(0.00000000000000000E0,1.00000000000000000E0),.UNSPECIFIED.);
#960=DEFINITIONAL_REPRESENTATION('',(#959),#601);
#961=PCURVE('',#282,#960);
#962=CARTESIAN_POINT('',(0.00000000000000000E0,0.00000000000000000E0));
#963=CARTESIAN_POINT('',(1.00000000000000000E0,0.00000000000000000E0));
#964=B_SPLINE_CURVE_WITH_KNOTS('',1,(#962,#963),.UNSPECIFIED.,.F.,.F.,(2,2),(0.00000000000000000E0,1.00000000000000000E0),.UNSPECIFIED.);
#965=DEFINITIONAL_REPRESENTATION('',(#964),#601);
#966=PCURVE('',#295,#965);
#967=CARTESIAN_POINT('',(1.00000000000000000E0,0.00000000000000000E0));
#968=CARTESIAN_POINT('',(1.00000000000000000E0,1.00000000000000000E0));
#969=B_SPLINE_CURVE_WITH_KNOTS('',1,(#967,#968),.UNSPECIFIED.,.F.,.F.,(2,2),(0.00000000000000000E0,1.00000000000000000E0),.UNSPECIFIED.);
#970=DEFINITIONAL_REPRESENTATION('',(#969),#601);
#971=PCURVE('',#295,#970);
#972=CARTESIAN_POINT('',(1.00000000000000000E0,1.00000000000000000E0));
#973=CARTESIAN_POINT('',(0.00000000000000000E0,1.00000000000000000E0));
#974=B_SPLINE_CURVE_WITH_KNOTS('',1,(#972,#973),.UNSPECIFIED.,.F.,.F.,(2,2),(0.00000000000000000E0,1.00000000000000000E0),.UNSPECIFIED.);
#975=DEFINITIONAL_REPRESENTATION('',(#974),#601);
#976=PCURVE('',#295,#975);
#977=CARTESIAN_POINT('',(0.00000000000000000E0,1.00000000000000000E0));
#978=CARTESIAN_POINT('',(0.00000000000000000E0,0.00000000000000000E0));
#979=B_SPLINE_CURVE_WITH_KNOTS('',1,(#977,#978),.UNSPECIFIED.,.F.,.F.,(2,2),(0.00000000000000000E0,1.00000000000000000E0),.UNSPECIFIED.);
#980=DEFINITIONAL_REPRESENTATION('',(#979),#601);
#981=PCURVE('',#295,#980);
#982=CARTESIAN_POINT('',(0.00000000000000000E0,0.00000000000000000E0));
#983=CARTESIAN_POINT('',(1.00000000000000000E0,0.00000000000000000E0));
#984=B_SPLINE_CURVE_WITH_KNOTS('',1,(#982,#983),.UNSPECIFIED.,.F.,.F.,(2,2),(0.00000000000000000E0,1.00000000000000000E0),.UNSPECIFIED.);
#985=DEFINITIONAL_REPRESENTATION('',(#984),#601);
#986=PCURVE('',#308,#985);
#987=CARTESIAN_POINT('',(1.00000000000000000E0,0.00000000000000000E0));
#988=CARTESIAN_POINT('',(1.00000000000000000E0,1.00000000000000000E0));
#989=B_SPLINE_CURVE_WITH_KNOTS('',1,(#987,#988),.UNSPECIFIED.,.F.,.F.,(2,2),(0.00000000000000000E0,1.00000000000000000E0),.UNSPECIFIED.);
#990=DEFINITIONAL_REPRESENTATION('',(#989),#601);
#991=PCURVE('',#308,#990);
#992=CARTESIAN_POINT('',(1.00000000000000000E0,1.00000000000000000E0));
#993=CARTESIAN_POINT('',(0.00000000000000000E0,1.00000000000000000E0));
#994=B_SPLINE_CURVE_WITH_KNOTS('',1,(#992,#993),.UNSPECIFIED.,.F.,.F.,(2,2),(0.00000000000000000E0,1.00000000000000000E0),.UNSPECIFIED.);
#995=DEFINITIONAL_REPRESENTATION('',(#994),#601);
#996=PCURVE('',#308,#995);
#997=CARTESIAN_POINT('',(0.00000000000000000E0,1.00000000000000000E0));
#998=CARTESIAN_POINT('',(0.00000000000000000E0,0.00000000000000000E0));
#999=B_SPLINE_CURVE_WITH_KNOTS('',1,(#997,#998),.UNSPECIFIED.,.F.,.F.,(2,2),(0.00000000000000000E0,1.00000000000000000E0),.UNSPECIFIED.);
#1000=DEFINITIONAL_REPRESENTATION('',(#999),#601);
#1001=PCURVE('',#308,#1000);
#1002=CARTESIAN_POINT('',(0.00000000000000000E0,0.00000000000000000E0));
#1003=CARTESIAN_POINT('',(1.00000000000000000E0,0.00000000000000000E0));
#1004=B_SPLINE_CURVE_WITH_KNOTS('',1,(#1002,#1003),.UNSPECIFIED.,.F.,.F.,(2,2),(0.00000000000000000E0,1.00000000000000000E0),.UNSPECIFIED.);
#1005=DEFINITIONAL_REPRESENTATION('',(#1004),#601);
#1006=PCURVE('',#321,#1005);
#1007=CARTESIAN_POINT('',(1.00000000000000000E0,0.00000000000000000E0));
#1008=CARTESIAN_POINT('',(1.00000000000000000E0,1.00000000000000000E0));
#1009=B_SPLINE_CURVE_WITH_KNOTS('',1,(#1007,#1008),.UNSPECIFIED.,.F.,.F.,(2,2),(0.00000000000000000E0,1.00000000000000000E0),.UNSPECIFIED.);
#1010=DEFINITIONAL_REPRESENTATION('',(#1009),#601);
#1011=PCURVE('',#321,#1010);
#1012=CARTESIAN_POINT('',(1.00000000000000000E0,1.00000000000000000E0));
#1013=CARTESIAN_POINT('',(0.00000000000000000E0,1.00000000000000000E0));
#1014=B_SPLINE_CURVE_WITH_KNOTS('',1,(#1012,#1013),.UNSPECIFIED.,.F.,.F.,(2,2),(0.00000000000000000E0,1.00000000000000000E0),.UNSPECIFIED.);
#1015=DEFINITIONAL_REPRESENTATION('',(#1014),#601);
#1016=PCURVE('',#321,#1015);
#1017=CARTESIAN_POINT('',(0.00000000000000000E0,1.00000000000000000E0));
#1018=CARTESIAN_POINT('',(0.00000000000000000E0,0.00000000000000000E0));
#1019=B_SPLINE_CURVE_WITH_KNOTS('',1,(#1017,#1018),.UNSPECIFIED.,.F.,.F.,(2,2),(0.00000000000000000E0,1.00000000000000000E0),.UNSPECIFIED.);
#1020=DEFINITIONAL_REPRESENTATION('',(#1019),#601);
#1021=PCURVE('',#321,#1020);
#1022=CARTESIAN_POINT('',(0.00000000000000000E0,0.00000000000000000E0));
#1023=CARTESIAN_POINT('',(1.00000000000000000E0,0.00000000000000000E0));
#1024=B_SPLINE_CURVE_WITH_KNOTS('',1,(#1022,#1023),.UNSPECIFIED.,.F.,.F.,(2,2),(0.00000000000000000E0,1.00000000000000000E0),.UNSPECIFIED.);
#1025=DEFINITIONAL_REPRESENTATION('',(#1024),#601);
#1026=PCURVE('',#334,#1025);
#1027=CARTESIAN_POINT('',(1.00000000000000000E0,0.00000000000000000E0));
#1028=CARTESIAN_POINT('',(1.00000000000000000E0,1.00000000000000000E0));
#1029=B_SPLINE_CURVE_WITH_KNOTS('',1,(#1027,#1028),.UNSPECIFIED.,.F.,.F.,(2,2),(0.00000000000000000E0,1.00000000000000000E0),.UNSPECIFIED.);
#1030=DEFINITIONAL_REPRESENTATION('',(#1029),#601);
#1031=PCURVE('',#334,#1030);
#1032=CARTESIAN_POINT('',(1.00000000000000000E0,1.00000000000000000E0));
#1033=CARTESIAN_POINT('',(0.00000000000000000E0,1.00000000000000000E0));
#1034=B_SPLINE_CURVE_WITH_KNOTS('',1,(#1032,#1033),.UNSPECIFIED.,.F.,.F.,(2,2),(0.00000000000000000E0,1.00000000000000000E0),.UNSPECIFIED.);
#1035=DEFINITIONAL_REPRESENTATION('',(#1034),#601);
#1036=PCURVE('',#334,#1035);
#1037=CARTESIAN_POINT('',(0.00000000000000000E0,1.00000000000000000E0));
#1038=CARTESIAN_POINT('',(0.00000000000000000E0,0.00000000000000000E0));
#1039=B_SPLINE_CURVE_WITH_KNOTS('',1,(#1037,#1038),.UNSPECIFIED.,.F.,.F.,(2,2),(0.00000000000000000E0,1.00000000000000000E0),.UNSPECIFIED.);
#1040=DEFINITIONAL_REPRESENTATION('',(#1039),#601);
#1041=PCURVE('',#334,#1040);
#1042=CARTESIAN_POINT('',(0.00000000000000000E0,0.00000000000000000E0));
#1043=CARTESIAN_POINT('',(1.00000000000000000E0,0.00000000000000000E0));
#1044=B_SPLINE_CURVE_WITH_KNOTS('',1,(#1042,#1043),.UNSPECIFIED.,.F.,.F.,(2,2),(0.00000000000000000E0,1.00000000000000000E0),.UNSPECIFIED.);
#1045=DEFINITIONAL_REPRESENTATION('',(#1044),#601);
#1046=PCURVE('',#347,#1045);
#1047=CARTESIAN_POINT('',(1.00000000000000000E0,0.00000000000000000E0));
#1048=CARTESIAN_POINT('',(1.00000000000000000E0,1.00000000000000000E0));
#1049=B_SPLINE_CURVE_WITH_KNOTS('',1,(#1047,#1048),.UNSPECIFIED.,.F.,.F.,(2,2),(0.00000000000000000E0,1.00000000000000000E0),.UNSPECIFIED.);
#1050=DEFINITIONAL_REPRESENTATION('',(#1049),#601);
#1051=PCURVE('',#347,#1050);
#1052=CARTESIAN_POINT('',(1.00000000000000000E0,1.00000000000000000E0));
#1053=CARTESIAN_POINT('',(0.00000000000000000E0,1.00000000000000000E0));
#1054=B_SPLINE_CURVE_WITH_KNOTS('',1,(#1052,#1053),.UNSPECIFIED.,.F.,.F.,(2,2),(0.00000000000000000E0,1.00000000000000000E0),.UNSPECIFIED.);
#1055=DEFINITIONAL_REPRESENTATION('',(#1054),#601);
#1056=PCURVE('',#347,#1055);
#1057=CARTESIAN_POINT('',(0.00000000000000000E0,1.00000000000000000E0));
#1058=CARTESIAN_POINT('',(0.00000000000000000E0,0.00000000000000000E0));
#1059=B_SPLINE_CURVE_WITH_KNOTS('',1,(#1057,#1058),.UNSPECIFIED.,.F.,.F.,(2,2),(0.00000000000000000E0,1.00000000000000000E0),.UNSPECIFIED.);
#1060=DEFINITIONAL_REPRESENTATION('',(#1059),#601);
#1061=PCURVE('',#347,#1060);
#1062=CARTESIAN_POINT('',(0.00000000000000000E0,0.00000000000000000E0));
#1063=CARTESIAN_POINT('',(1.00000000000000000E0,0.00000000000000000E0));
#1064=B_SPLINE_CURVE_WITH_KNOTS('',1,(#1062,#1063),.UNSPECIFIED.,.F.,.F.,(2,2),(0.00000000000000000E0,1.00000000000000000E0),.UNSPECIFIED.);
#1065=DEFINITIONAL_REPRESENTATION('',(#1064),#601);
#1066=PCURVE('',#360,#1065);
#1067=CARTESIAN_POINT('',(1.00000000000000000E0,0.00000000000000000E0));
#1068=CARTESIAN_POINT('',(1.00000000000000000E0,1.00000000000000000E0));
#1069=B_SPLINE_CURVE_WITH_KNOTS('',1,(#1067,#1068),.UNSPECIFIED.,.F.,.F.,(2,2),(0.00000000000000000E0,1.00000000000000000E0),.UNSPECIFIED.);
#1070=DEFINITIONAL_REPRESENTATION('',(#1069),#601);
#1071=PCURVE('',#360,#1070);
#1072=CARTESIAN_POINT('',(1.00000000000000000E0,1.00000000000000000E0));
#1073=CARTESIAN_POINT('',(0.00000000000000000E0,1.00000000000000000E0));
#1074=B_SPLINE_CURVE_WITH_KNOTS('',1,(#1072,#1073),.UNSPECIFIED.,.F.,.F.,(2,2),(0.00000000000000000E0,1.00000000000000000E0),.UNSPECIFIED.);
#1075=DEFINITIONAL_REPRESENTATION('',(#1074),#601);
#1076=PCURVE('',#360,#1075);
#1077=CARTESIAN_POINT('',(0.00000000000000000E0,1.00000000000000000E0));
#1078=CARTESIAN_POINT('',(0.00000000000000000E0,0.00000000000000000E0));
#1079=B_SPLINE_CURVE_WITH_KNOTS('',1,(#1077,#1078),.UNSPECIFIED.,.F.,.F.,(2,2),(0.00000000000000000E0,1.00000000000000000E0),.UNSPECIFIED.);
#1080=DEFINITIONAL_REPRESENTATION('',(#1079),#601);
#1081=PCURVE('',#360,#1080);
#1082=SURFACE_CURVE('',#363,(#606,#1016),.PCURVE_S1.);
#1083=EDGE_CURVE('OSCAD_TOPO/3|edge|e:f7356d09229440bf4adafcacb4ac80a9|bbc492c33242ce568abb09270b3b56a57d01f4c2019e1d3dbbe0f95aaef1b499',#2,#4,#1082,.T.);
#1084=SURFACE_CURVE('',#370,(#611,#641),.PCURVE_S1.);
#1085=EDGE_CURVE('OSCAD_TOPO/3|edge|e:d592a9f31d0b81be58608ebd1b194991|7aad1b86bf8985646d8544d22294ab5a476233167edb5b53ac5559d79213c978',#4,#12,#1084,.T.);
#1086=SURFACE_CURVE('',#373,(#616,#686),.PCURVE_S1.);
#1087=EDGE_CURVE('OSCAD_TOPO/3|edge|e:948e8209077540e7241659ad09c06f57|57a20930625a06f446bd42d0570a8fe1e914a1845a7fca3f322ac5a07ede7c88',#10,#12,#1086,.T.);
#1088=SURFACE_CURVE('',#380,(#621,#671),.PCURVE_S1.);
#1089=EDGE_CURVE('OSCAD_TOPO/3|edge|e:8cae8b08dc1f12b72dbf27b7e714244f|c83f1583f9805394a349ed943f5959e10d434a7f9af70a465c0b6f5dad13ab43',#2,#10,#1088,.T.);
#1090=SURFACE_CURVE('',#383,(#626,#1036),.PCURVE_S1.);
#1091=EDGE_CURVE('OSCAD_TOPO/3|edge|e:71dcad85fc4b9a175632dc8e2c82cb5d|32b0f3490e8f4540c4986e925e9f50c080bcd44a90ac2c879695984758709ace',#4,#6,#1090,.T.);
#1092=SURFACE_CURVE('',#390,(#631,#661),.PCURVE_S1.);
#1093=EDGE_CURVE('OSCAD_TOPO/3|edge|e:baae5f535d178c2ed55860a76ba9368e|346140c43c529c8849835dd51b39f43753e1e3217b836f75a1a73cb541bbbf9c',#6,#14,#1092,.T.);
#1094=SURFACE_CURVE('',#393,(#636,#706),.PCURVE_S1.);
#1095=EDGE_CURVE('OSCAD_TOPO/3|edge|e:e5293948d72496acd01d1e6789a355f7|4fc9ef0beffea3080932d2b23d1649918c4f88f3d1081925035e1399db529b51',#12,#14,#1094,.T.);
#1096=SURFACE_CURVE('',#396,(#646,#1056),.PCURVE_S1.);
#1097=EDGE_CURVE('OSCAD_TOPO/3|edge|e:0932190420c490b7625a5567d856041a|2545bf4bbd4af0eb35dc4280fbe67b172d98c430b56d9cd9162d048fddab166e',#6,#8,#1096,.T.);
#1098=SURFACE_CURVE('',#403,(#651,#681),.PCURVE_S1.);
#1099=EDGE_CURVE('OSCAD_TOPO/3|edge|e:b456975f8ea6fab68c2db1c854e7e239|c0624cb894e39bd21841aca2321154482ffebd62cdc9099100b17d8142936ded',#8,#16,#1098,.T.);
#1100=SURFACE_CURVE('',#406,(#656,#726),.PCURVE_S1.);
#1101=EDGE_CURVE('OSCAD_TOPO/3|edge|e:f33d940b605381b89b0704277a60d195|8a0875f3503ac96e73725922884c3beeb96b95ad13eed5f219cceab675f2adc9',#14,#16,#1100,.T.);
#1102=SURFACE_CURVE('',#409,(#666,#1076),.PCURVE_S1.);
#1103=EDGE_CURVE('OSCAD_TOPO/3|edge|e:80bb11254df74f1c94652b7250b47ec6|8c322ca957b2d2b087a58fa6e342bdfdfc3a6c003d04639ece571261f1d8766e',#2,#8,#1102,.T.);
#1104=SURFACE_CURVE('',#412,(#676,#746),.PCURVE_S1.);
#1105=EDGE_CURVE('OSCAD_TOPO/3|edge|e:0d6707de27462b6eb0d5d333940d6565|07690b946e3c73023357c5f43666201ae4064525f1543531bca180d141524ed6',#10,#16,#1104,.T.);
#1106=SURFACE_CURVE('',#419,(#691,#721),.PCURVE_S1.);
#1107=EDGE_CURVE('OSCAD_TOPO/3|edge|e:34c0c73854e45ede373d448675a0f963|461cc07f39c977e2bf37d06bb17e4a0326e5dab82dfa5c4cb0a4036cd83823b7',#12,#20,#1106,.T.);
#1108=SURFACE_CURVE('',#422,(#696,#766),.PCURVE_S1.);
#1109=EDGE_CURVE('OSCAD_TOPO/3|edge|e:19d0cf78c7ba5979ef9883dc99e8351a|3ca200b4baea552fb45f963386174438cc3eca71297c79961bfe15167359a8c2',#18,#20,#1108,.T.);
#1110=SURFACE_CURVE('',#429,(#701,#751),.PCURVE_S1.);
#1111=EDGE_CURVE('OSCAD_TOPO/3|edge|e:ef95c8f5aa18f801114bc2017aea39a9|677715919a140087aecbf6d313cb7f6900c640ef56c24a98bd265d6b00fa8eef',#10,#18,#1110,.T.);
#1112=SURFACE_CURVE('',#436,(#711,#741),.PCURVE_S1.);
#1113=EDGE_CURVE('OSCAD_TOPO/3|edge|e:6012eb1b47c65c8e04adf33adc0abea7|0eab6b77d964dffeba3c9fd497685eee127e584cc3e4ac3a7c31251fb2e84834',#14,#22,#1112,.T.);
#1114=SURFACE_CURVE('',#439,(#716,#786),.PCURVE_S1.);
#1115=EDGE_CURVE('OSCAD_TOPO/3|edge|e:44d3d87c27a7b56d79665ab4948f1404|fe6e1508c0b451bb4cfc167d07602c3fdd09fea7a4d8063b150d3b5882e9ce97',#20,#22,#1114,.T.);
#1116=SURFACE_CURVE('',#446,(#731,#761),.PCURVE_S1.);
#1117=EDGE_CURVE('OSCAD_TOPO/3|edge|e:f31e34f7210cdef44e4465413ac11908|7d5792bc1e9c096a562a26eaed246f16c2594bd58ca5c464b12ea7eeecb9d18b',#16,#24,#1116,.T.);
#1118=SURFACE_CURVE('',#449,(#736,#806),.PCURVE_S1.);
#1119=EDGE_CURVE('OSCAD_TOPO/3|edge|e:901985dddcd1c12eb14e1f086887611b|17447bbd816e147b6ddc6ad1b1cd3ffe530a688d2b615a738b4bfdd897fb2c32',#22,#24,#1118,.T.);
#1120=SURFACE_CURVE('',#452,(#756,#826),.PCURVE_S1.);
#1121=EDGE_CURVE('OSCAD_TOPO/3|edge|e:2a9d8ef1d59bded597e22214993c0ba2|b1e525e49ae2535791e8b97bae5e918111c9052b607e4546f88a8465b2619bde',#18,#24,#1120,.T.);
#1122=SURFACE_CURVE('',#459,(#771,#801),.PCURVE_S1.);
#1123=EDGE_CURVE('OSCAD_TOPO/3|edge|e:394f012fc2c4eb42f44a586c50c91591|69b63a057b68115f8eae444b1a39515f9926fc67a20657e21a7e7e349d943c18',#20,#28,#1122,.T.);
#1124=SURFACE_CURVE('',#462,(#776,#846),.PCURVE_S1.);
#1125=EDGE_CURVE('OSCAD_TOPO/3|edge|e:81e5f20d6956414c54a062d0c9f0f03e|71e6a54cefb6d8851434e499863c1d26e4ff2bc508246926f2605f366d34eff5',#26,#28,#1124,.T.);
#1126=SURFACE_CURVE('',#469,(#781,#831),.PCURVE_S1.);
#1127=EDGE_CURVE('OSCAD_TOPO/3|edge|e:1dee14467b55d2cb3c6d03d4287445c9|5510505ac90420bacfd8d457941c459c6e06158d50dfaa5aaef7ffb9941cf45c',#18,#26,#1126,.T.);
#1128=SURFACE_CURVE('',#476,(#791,#821),.PCURVE_S1.);
#1129=EDGE_CURVE('OSCAD_TOPO/3|edge|e:e99cbc1d70412877a2ba846f0718d80f|5bf1a442f259e6b6267d9aab9cd4dce250c058f26ece613d09fc3804c776943b',#22,#30,#1128,.T.);
#1130=SURFACE_CURVE('',#479,(#796,#866),.PCURVE_S1.);
#1131=EDGE_CURVE('OSCAD_TOPO/3|edge|e:aeba99600d5d0339285464ddef1cba26|d269e2b62bcea8ddaa485f0788ca76cbbbd60f65db9445c822f1cc7258f3285a',#28,#30,#1130,.T.);
#1132=SURFACE_CURVE('',#486,(#811,#841),.PCURVE_S1.);
#1133=EDGE_CURVE('OSCAD_TOPO/3|edge|e:07c21d3a64dd117b8b203a67484a87d8|c9204f6fe787929887f51e6f93a842da7e8dd6707571b68c6d17c6f1568905be',#24,#32,#1132,.T.);
#1134=SURFACE_CURVE('',#489,(#816,#886),.PCURVE_S1.);
#1135=EDGE_CURVE('OSCAD_TOPO/3|edge|e:c242ae78f5b3ed68ab14f8aae629cdd2|1e0c3b6a85a1eca738fb96bf71fe4a0b69f04be74f12b8087a6ed107d8c3aac9',#30,#32,#1134,.T.);
#1136=SURFACE_CURVE('',#492,(#836,#906),.PCURVE_S1.);
#1137=EDGE_CURVE('OSCAD_TOPO/3|edge|e:28b55cfaf1b00985e02a72f056d298c2|a012769a256f67a4ba0e9686c413a68e7cec45cd741671dc2e851b757a631267',#26,#32,#1136,.T.);
#1138=SURFACE_CURVE('',#499,(#851,#881),.PCURVE_S1.);
#1139=EDGE_CURVE('OSCAD_TOPO/3|edge|e:6e95a4868743d81b508e7692ef6191e1|1d25fe13c40ebea659e00184109d0df83e30c6a528bd2dc61135c674004860fe',#28,#36,#1138,.T.);
#1140=SURFACE_CURVE('',#502,(#856,#926),.PCURVE_S1.);
#1141=EDGE_CURVE('OSCAD_TOPO/3|edge|e:92f471bef531b3f382afcdcd6fd27a42|205206f6b1b93932191bb231b05d5d0683e1c401adf4039f805d5c151362bc73',#34,#36,#1140,.T.);
#1142=SURFACE_CURVE('',#509,(#861,#911),.PCURVE_S1.);
#1143=EDGE_CURVE('OSCAD_TOPO/3|edge|e:d67f6e86fbc6c517c6878da981e195d2|7db013cf71bf12925c9a2afaff0255a1b3de126ce4c7ca8ee14fd5460a67a3c2',#26,#34,#1142,.T.);
#1144=SURFACE_CURVE('',#516,(#871,#901),.PCURVE_S1.);
#1145=EDGE_CURVE('OSCAD_TOPO/3|edge|e:eb6ae6d537091a2a068a9caa9d496b04|e873649bb9da26ec771f99f41e1117ab7102100b29624f2cda0674bafebe529f',#30,#38,#1144,.T.);
#1146=SURFACE_CURVE('',#519,(#876,#946),.PCURVE_S1.);
#1147=EDGE_CURVE('OSCAD_TOPO/3|edge|e:2bff185797391951aaf818daa0343e43|2f3bc40ae93543d1fdc510ce04df571cbec375a23f5d105fe029e1770fac8a76',#36,#38,#1146,.T.);
#1148=SURFACE_CURVE('',#526,(#891,#921),.PCURVE_S1.);
#1149=EDGE_CURVE('OSCAD_TOPO/3|edge|e:bf088ee542f85827caeb975356a3ce74|acc0429a46cf377cc7971f4ca35231b4f79e970463b2fa2ed587c5bac0837082',#32,#40,#1148,.T.);
#1150=SURFACE_CURVE('',#529,(#896,#966),.PCURVE_S1.);
#1151=EDGE_CURVE('OSCAD_TOPO/3|edge|e:4b4662558af4ad712405117e83705f1a|f1d41d17239354b8703f1839f4aa8e6cbfcfa3c0db94426b77ad7b6cf9e74c09',#38,#40,#1150,.T.);
#1152=SURFACE_CURVE('',#532,(#916,#986),.PCURVE_S1.);
#1153=EDGE_CURVE('OSCAD_TOPO/3|edge|e:d165b49685b34bae5486907cb07e3113|b33ee234193e86cb90db229093d1b87da1a8573cd1fc422596f35519229480b7',#34,#40,#1152,.T.);
#1154=SURFACE_CURVE('',#539,(#931,#961),.PCURVE_S1.);
#1155=EDGE_CURVE('OSCAD_TOPO/3|edge|e:05380b78239a3084031abd90b7c4d335|3d22eeda4250776ed537e521b0e9723e1dc2860971d16c1de68fb72c598e8d36',#36,#44,#1154,.T.);
#1156=SURFACE_CURVE('',#542,(#936,#1006),.PCURVE_S1.);
#1157=EDGE_CURVE('OSCAD_TOPO/3|edge|e:bc69a7a0ce1989acb52200f7332a6fe5|ed59a95aad68fb2f59e29df323abbf8efc8df93098844d9d63434186639f943c',#42,#44,#1156,.T.);
#1158=SURFACE_CURVE('',#549,(#941,#991),.PCURVE_S1.);
#1159=EDGE_CURVE('OSCAD_TOPO/3|edge|e:e197ff6dcc928ea1e4ac249a00a9521f|f4bc644c165697f9b64beaea647d94e23960be59940eb683b6351c28aad02a6e',#34,#42,#1158,.T.);
#1160=SURFACE_CURVE('',#556,(#951,#981),.PCURVE_S1.);
#1161=EDGE_CURVE('OSCAD_TOPO/3|edge|e:548066591e138c4e93cd15a25a6b6c10|276ac8811cb9e02b9d1739784bf810810841ff06bef78b0e1cdebea53d73a065',#38,#46,#1160,.T.);
#1162=SURFACE_CURVE('',#559,(#956,#1026),.PCURVE_S1.);
#1163=EDGE_CURVE('OSCAD_TOPO/3|edge|e:1bb63b8bdd5be3e7e1d13cd4f4a4270d|d12e51049208e0da614be6b8321b85801122d4c6da22196e884eb667607c3d53',#44,#46,#1162,.T.);
#1164=SURFACE_CURVE('',#566,(#971,#1001),.PCURVE_S1.);
#1165=EDGE_CURVE('OSCAD_TOPO/3|edge|e:6a3e19b5280e7d9c3a384cab45b3695b|d5ee9b8ef4b297d8f49af9c5a621099918dd53c76b08d6de3fe9e3c885639b71',#40,#48,#1164,.T.);
#1166=SURFACE_CURVE('',#569,(#976,#1046),.PCURVE_S1.);
#1167=EDGE_CURVE('OSCAD_TOPO/3|edge|e:2510b303fdaf48666b3d1d40eb3de1c7|587908490752cdc81dfa50e14afff929306b0c99f4db90d9b72bfa0d629299da',#46,#48,#1166,.T.);
#1168=SURFACE_CURVE('',#572,(#996,#1066),.PCURVE_S1.);
#1169=EDGE_CURVE('OSCAD_TOPO/3|edge|e:be38e7bfbd094026b4fda33db2eb9c90|33622f252e024fb759ff90c4147c93c90ca930085eef731a5fbdcebc95ed90ff',#42,#48,#1168,.T.);
#1170=SURFACE_CURVE('',#579,(#1011,#1041),.PCURVE_S1.);
#1171=EDGE_CURVE('OSCAD_TOPO/3|edge|e:3ce63ff8fedf8e8f278d092aca71b5f8|d676fb6d214e8fc1410d38c6ae4345ab7e242d0a9e69938b546e8dee6394d662',#4,#44,#1170,.T.);
#1172=SURFACE_CURVE('',#586,(#1021,#1071),.PCURVE_S1.);
#1173=EDGE_CURVE('OSCAD_TOPO/3|edge|e:dce035c650e5bad9b8427cac34deaa3f|a5354b46e3f3ceb8dfdf5ea13819556e6a9d74e68402c7e40ba6cdf7d7e48364',#2,#42,#1172,.T.);
#1174=SURFACE_CURVE('',#593,(#1031,#1061),.PCURVE_S1.);
#1175=EDGE_CURVE('OSCAD_TOPO/3|edge|e:bd0794bdac3d64a942fb84f9ce90b8fd|ad6e050e669bfd699f5cd1a010068c9b711ebd66e26deb29036d28eb21d8e1bd',#6,#46,#1174,.T.);
#1176=SURFACE_CURVE('',#600,(#1051,#1081),.PCURVE_S1.);
#1177=EDGE_CURVE('OSCAD_TOPO/3|edge|e:a34e8ab5eabb246451d1978e3cab531b|73d1e8576c4e1eb40a06e7f1b03f93096f8c46196b525e4662291d5887670283',#8,#48,#1176,.T.);
#1178=ORIENTED_EDGE('',*,*,#1083,.T.);
#1179=ORIENTED_EDGE('',*,*,#1085,.T.);
#1180=ORIENTED_EDGE('',*,*,#1087,.F.);
#1181=ORIENTED_EDGE('',*,*,#1089,.F.);
#1182=EDGE_LOOP('OSCAD_TOPO/3|loop|l:a7da503f335dd015b668d44d5f9a5024|8b56700f91ef3f29ac3ffd1a4e4dca3968783421dadf45797633b558bddac129',(#1178,#1179,#1180,#1181));
#1183=ORIENTED_EDGE('',*,*,#1091,.T.);
#1184=ORIENTED_EDGE('',*,*,#1093,.T.);
#1185=ORIENTED_EDGE('',*,*,#1095,.F.);
#1186=ORIENTED_EDGE('',*,*,#1085,.F.);
#1187=EDGE_LOOP('OSCAD_TOPO/3|loop|l:156bf9069dbf325b7edeba80dfc532a3|89a6d30997f2a400c89100d49bd61af716609e94a331c89fe2ff7be63bb99792',(#1183,#1184,#1185,#1186));
#1188=ORIENTED_EDGE('',*,*,#1097,.T.);
#1189=ORIENTED_EDGE('',*,*,#1099,.T.);
#1190=ORIENTED_EDGE('',*,*,#1101,.F.);
#1191=ORIENTED_EDGE('',*,*,#1093,.F.);
#1192=EDGE_LOOP('OSCAD_TOPO/3|loop|l:7cefa19c1c1bcb18ea782ceab6c5737a|b900e10f9aad735e47344274f14ddf2efb25ccbbee8233baa1392242bd263305',(#1188,#1189,#1190,#1191));
#1193=ORIENTED_EDGE('',*,*,#1103,.F.);
#1194=ORIENTED_EDGE('',*,*,#1089,.T.);
#1195=ORIENTED_EDGE('',*,*,#1105,.T.);
#1196=ORIENTED_EDGE('',*,*,#1099,.F.);
#1197=EDGE_LOOP('OSCAD_TOPO/3|loop|l:46f7e51776d7a7d9b913749c634dbcf3|fc200916fe83d60936a426ade0d73b066323feb0304368134b238b234b74e2a8',(#1193,#1194,#1195,#1196));
#1198=ORIENTED_EDGE('',*,*,#1087,.T.);
#1199=ORIENTED_EDGE('',*,*,#1107,.T.);
#1200=ORIENTED_EDGE('',*,*,#1109,.F.);
#1201=ORIENTED_EDGE('',*,*,#1111,.F.);
#1202=EDGE_LOOP('OSCAD_TOPO/3|loop|l:2a63b54119dcca471d2f4803cfe70cf0|6c5d62c9a1d0145527c863ab59103387c776aebf5199c29dc89fb76d74b1da70',(#1198,#1199,#1200,#1201));
#1203=ORIENTED_EDGE('',*,*,#1095,.T.);
#1204=ORIENTED_EDGE('',*,*,#1113,.T.);
#1205=ORIENTED_EDGE('',*,*,#1115,.F.);
#1206=ORIENTED_EDGE('',*,*,#1107,.F.);
#1207=EDGE_LOOP('OSCAD_TOPO/3|loop|l:1aa996980269bb62a2882616519ab0d3|88872d101a68f9a80aa46bffb26025fe23d53428b8f8a10e40d0d23e9c9f17d8',(#1203,#1204,#1205,#1206));
#1208=ORIENTED_EDGE('',*,*,#1101,.T.);
#1209=ORIENTED_EDGE('',*,*,#1117,.T.);
#1210=ORIENTED_EDGE('',*,*,#1119,.F.);
#1211=ORIENTED_EDGE('',*,*,#1113,.F.);
#1212=EDGE_LOOP('OSCAD_TOPO/3|loop|l:65e4e982f3fb4b7e6bd7af1aaf52981c|0689e8cfc353dc8a18698e80b961439aae64c7315fae1625a365b8af81ada030',(#1208,#1209,#1210,#1211));
#1213=ORIENTED_EDGE('',*,*,#1105,.F.);
#1214=ORIENTED_EDGE('',*,*,#1111,.T.);
#1215=ORIENTED_EDGE('',*,*,#1121,.T.);
#1216=ORIENTED_EDGE('',*,*,#1117,.F.);
#1217=EDGE_LOOP('OSCAD_TOPO/3|loop|l:cf456404041a8fab990daf0113fe84bc|138814559b91f9136488a2be93ba850046f2607d4fcd163bc979a5c77328dde7',(#1213,#1214,#1215,#1216));
#1218=ORIENTED_EDGE('',*,*,#1109,.T.);
#1219=ORIENTED_EDGE('',*,*,#1123,.T.);
#1220=ORIENTED_EDGE('',*,*,#1125,.F.);
#1221=ORIENTED_EDGE('',*,*,#1127,.F.);
#1222=EDGE_LOOP('OSCAD_TOPO/3|loop|l:a343401725fa630b45d4a235891710a1|fc003059ced8ba421edcef4cf41b434613bece4900d0f0c68092854c181ff256',(#1218,#1219,#1220,#1221));
#1223=ORIENTED_EDGE('',*,*,#1115,.T.);
#1224=ORIENTED_EDGE('',*,*,#1129,.T.);
#1225=ORIENTED_EDGE('',*,*,#1131,.F.);
#1226=ORIENTED_EDGE('',*,*,#1123,.F.);
#1227=EDGE_LOOP('OSCAD_TOPO/3|loop|l:1b2782a3d4ebaa33c60100de25569c54|980fb9e88bb1d2c424ef1761d332d28cfa4cde3d945b40a98a28256b374162d4',(#1223,#1224,#1225,#1226));
#1228=ORIENTED_EDGE('',*,*,#1119,.T.);
#1229=ORIENTED_EDGE('',*,*,#1133,.T.);
#1230=ORIENTED_EDGE('',*,*,#1135,.F.);
#1231=ORIENTED_EDGE('',*,*,#1129,.F.);
#1232=EDGE_LOOP('OSCAD_TOPO/3|loop|l:87d20f80a002b976698302347d362377|010704ecb861b1abe6fd1ce8122aa413b14e1128fd8d463da51802603acb4fb5',(#1228,#1229,#1230,#1231));
#1233=ORIENTED_EDGE('',*,*,#1121,.F.);
#1234=ORIENTED_EDGE('',*,*,#1127,.T.);
#1235=ORIENTED_EDGE('',*,*,#1137,.T.);
#1236=ORIENTED_EDGE('',*,*,#1133,.F.);
#1237=EDGE_LOOP('OSCAD_TOPO/3|loop|l:531551a9f7858b55e164b3c88440965d|fe26e5513dcd6645ea080def1a0b31ef3748d42d76240db1396d5d1b3350cb43',(#1233,#1234,#1235,#1236));
#1238=ORIENTED_EDGE('',*,*,#1125,.T.);
#1239=ORIENTED_EDGE('',*,*,#1139,.T.);
#1240=ORIENTED_EDGE('',*,*,#1141,.F.);
#1241=ORIENTED_EDGE('',*,*,#1143,.F.);
#1242=EDGE_LOOP('OSCAD_TOPO/3|loop|l:91353e5e46dcadfc1f206f5e47de209e|f8b024e32efa41f6e665be28c38e707566e33b9142a8c4a0b39816767c897aa4',(#1238,#1239,#1240,#1241));
#1243=ORIENTED_EDGE('',*,*,#1131,.T.);
#1244=ORIENTED_EDGE('',*,*,#1145,.T.);
#1245=ORIENTED_EDGE('',*,*,#1147,.F.);
#1246=ORIENTED_EDGE('',*,*,#1139,.F.);
#1247=EDGE_LOOP('OSCAD_TOPO/3|loop|l:92de85ac28dc59c71822c3d727a772eb|944624cb8e687b1a6b9989a5832f2e94ea3c6e0c6acee36d97e9670eb3475257',(#1243,#1244,#1245,#1246));
#1248=ORIENTED_EDGE('',*,*,#1135,.T.);
#1249=ORIENTED_EDGE('',*,*,#1149,.T.);
#1250=ORIENTED_EDGE('',*,*,#1151,.F.);
#1251=ORIENTED_EDGE('',*,*,#1145,.F.);
#1252=EDGE_LOOP('OSCAD_TOPO/3|loop|l:6a93d4ace35144e9cd4584b6334eddec|99c32c1644688f03e0deb1cd2b1d888b6129e19eb12f2b95ec501db6626b2c75',(#1248,#1249,#1250,#1251));
#1253=ORIENTED_EDGE('',*,*,#1137,.F.);
#1254=ORIENTED_EDGE('',*,*,#1143,.T.);
#1255=ORIENTED_EDGE('',*,*,#1153,.T.);
#1256=ORIENTED_EDGE('',*,*,#1149,.F.);
#1257=EDGE_LOOP('OSCAD_TOPO/3|loop|l:5c3028b3daf40b705f26e5916cac88cd|fe562eb0ebfed4cdaf97edab95bdae60c03e56694f462f8df567b0eb70bb4a87',(#1253,#1254,#1255,#1256));
#1258=ORIENTED_EDGE('',*,*,#1141,.T.);
#1259=ORIENTED_EDGE('',*,*,#1155,.T.);
#1260=ORIENTED_EDGE('',*,*,#1157,.F.);
#1261=ORIENTED_EDGE('',*,*,#1159,.F.);
#1262=EDGE_LOOP('OSCAD_TOPO/3|loop|l:68f6868c616393245752d123740766bd|59c6c4434f807a77690ac936980d3127f2c6add575e2a61af054a75c7a7f01b8',(#1258,#1259,#1260,#1261));
#1263=ORIENTED_EDGE('',*,*,#1147,.T.);
#1264=ORIENTED_EDGE('',*,*,#1161,.T.);
#1265=ORIENTED_EDGE('',*,*,#1163,.F.);
#1266=ORIENTED_EDGE('',*,*,#1155,.F.);
#1267=EDGE_LOOP('OSCAD_TOPO/3|loop|l:5b2111f7686bca5058bf8c2058292ec6|822e446e79025e89d579e4e3504143bc07c3675641aa585f61aec78220a4f730',(#1263,#1264,#1265,#1266));
#1268=ORIENTED_EDGE('',*,*,#1151,.T.);
#1269=ORIENTED_EDGE('',*,*,#1165,.T.);
#1270=ORIENTED_EDGE('',*,*,#1167,.F.);
#1271=ORIENTED_EDGE('',*,*,#1161,.F.);
#1272=EDGE_LOOP('OSCAD_TOPO/3|loop|l:1bd2cae5b24231c54db97e3ca09f9253|cbd7d53f958f76bc890d0bc2cb7d4f7130b1506c10ded0ae1ba8bf0bafaccf4b',(#1268,#1269,#1270,#1271));
#1273=ORIENTED_EDGE('',*,*,#1153,.F.);
#1274=ORIENTED_EDGE('',*,*,#1159,.T.);
#1275=ORIENTED_EDGE('',*,*,#1169,.T.);
#1276=ORIENTED_EDGE('',*,*,#1165,.F.);
#1277=EDGE_LOOP('OSCAD_TOPO/3|loop|l:c0bac63744d1656234ef84f62799fc81|77ec76a71cf9de008539ea07b4cf82c2f41d906edb1a5bb71632cce7cd367c35',(#1273,#1274,#1275,#1276));
#1278=ORIENTED_EDGE('',*,*,#1157,.T.);
#1279=ORIENTED_EDGE('',*,*,#1171,.F.);
#1280=ORIENTED_EDGE('',*,*,#1083,.F.);
#1281=ORIENTED_EDGE('',*,*,#1173,.T.);
#1282=EDGE_LOOP('OSCAD_TOPO/3|loop|l:b95408629d3edee788dd4c440e16f6b6|c3f48da3d78eea8ddb39f58a73f7e4c017df6521b802ab892da8d2a67e451050',(#1278,#1279,#1280,#1281));
#1283=ORIENTED_EDGE('',*,*,#1163,.T.);
#1284=ORIENTED_EDGE('',*,*,#1175,.F.);
#1285=ORIENTED_EDGE('',*,*,#1091,.F.);
#1286=ORIENTED_EDGE('',*,*,#1171,.T.);
#1287=EDGE_LOOP('OSCAD_TOPO/3|loop|l:74c84ce0cd1f98f9f8e11f2ad012ea6c|7fcdf42081e35e657e3e0537a4980b2605cd95ced819fc6cda63c3d81c9ed770',(#1283,#1284,#1285,#1286));
#1288=ORIENTED_EDGE('',*,*,#1167,.T.);
#1289=ORIENTED_EDGE('',*,*,#1177,.F.);
#1290=ORIENTED_EDGE('',*,*,#1097,.F.);
#1291=ORIENTED_EDGE('',*,*,#1175,.T.);
#1292=EDGE_LOOP('OSCAD_TOPO/3|loop|l:435a4499b45f78f8a9652bfefe544fd5|487b793490b4fd35a3845853881c1b52e41f1f8e3c844e58eff4b527f94276c9',(#1288,#1289,#1290,#1291));
#1293=ORIENTED_EDGE('',*,*,#1169,.F.);
#1294=ORIENTED_EDGE('',*,*,#1173,.F.);
#1295=ORIENTED_EDGE('',*,*,#1103,.T.);
#1296=ORIENTED_EDGE('',*,*,#1177,.T.);
#1297=EDGE_LOOP('OSCAD_TOPO/3|loop|l:d6aef660e3d3a9753d90b590e45378f5|811b3dec97fe804c0bade92888105e2267545463212a86ee49602cae4ce165de',(#1293,#1294,#1295,#1296));
#1298=FACE_OUTER_BOUND('',#1182,.T.);
#1299=ADVANCED_FACE('OSCAD_TOPO/3|face|f:220196f328121586e940a281093aefb0|48b1d98b31417a3032d3f644e8d4dd354b5cf41f529cec570dbd39049d3baaaa',(#1298),#61,.T.);
#1300=FACE_OUTER_BOUND('',#1187,.T.);
#1301=ADVANCED_FACE('OSCAD_TOPO/3|face|f:7611ccf5acf8802cd776d381625ac1d5|ee8e79598f4b2ce041402b6d27206a4da71374149490bf216eb05a823df13ae2',(#1300),#74,.T.);
#1302=FACE_OUTER_BOUND('',#1192,.T.);
#1303=ADVANCED_FACE('OSCAD_TOPO/3|face|f:54d08b8d78ae0887d9337d0aa9ff5eb0|1622076e02d31d7f04d8385ba1dd2649f4ed46a9ceb68bbe26244830f59f2485',(#1302),#87,.T.);
#1304=FACE_OUTER_BOUND('',#1197,.T.);
#1305=ADVANCED_FACE('OSCAD_TOPO/3|face|f:78cf9266ab16ecfe64ef1d0c2bf5f1bb|51ebf1ecba37999e8e6dfeb871a5ee5898bd8ecfb09e5213fa1eea9fb3a68d77',(#1304),#100,.T.);
#1306=FACE_OUTER_BOUND('',#1202,.T.);
#1307=ADVANCED_FACE('OSCAD_TOPO/3|face|f:10c89c8217c46de17e787ab81e79052b|e8ebdb904a1254f745a468084a7e4dcf5a237bed730e6a4154d2b3aeb65bdf46',(#1306),#113,.T.);
#1308=FACE_OUTER_BOUND('',#1207,.T.);
#1309=ADVANCED_FACE('OSCAD_TOPO/3|face|f:65d349d528a7b033b263dd1043660607|a175e15f80c206f8a509acbb31aee14d84b54ebeb061e0a048a31bd37fb44738',(#1308),#126,.T.);
#1310=FACE_OUTER_BOUND('',#1212,.T.);
#1311=ADVANCED_FACE('OSCAD_TOPO/3|face|f:4ffdfb5b4a1caba3cbd64b00513fa7a0|836ed5de99bf4cb90657320c4f2d8a0bfb27ad769dda9e6663a107386f945c26',(#1310),#139,.T.);
#1312=FACE_OUTER_BOUND('',#1217,.T.);
#1313=ADVANCED_FACE('OSCAD_TOPO/3|face|f:c85b28a9c2051db8185335fbaee9bdd4|b058681fe7444e3c3baad4b0010c1d6ca8ad7d006b3fdb55c83bc8fac9a24836',(#1312),#152,.T.);
#1314=FACE_OUTER_BOUND('',#1222,.T.);
#1315=ADVANCED_FACE('OSCAD_TOPO/3|face|f:809f0b4d4fb7393f1655936619f980a3|b1ff4428b160173ef20a0ed41c1310a1cd835abd013289e64f4fbf88dc90f2c5',(#1314),#165,.T.);
#1316=FACE_OUTER_BOUND('',#1227,.T.);
#1317=ADVANCED_FACE('OSCAD_TOPO/3|face|f:74607d16b417a623e71ac2d668b5a038|670b2883e0dcef536d58e5e6390fc7f87bca14154381e6443959c9e3427951da',(#1316),#178,.T.);
#1318=FACE_OUTER_BOUND('',#1232,.T.);
#1319=ADVANCED_FACE('OSCAD_TOPO/3|face|f:b36e61ea4fdf899d3efbb8966c9f327a|0670674480e7a3f6439d552d0851b7c6175d2e11785db8d42fa95a46a4e9ccad',(#1318),#191,.T.);
#1320=FACE_OUTER_BOUND('',#1237,.T.);
#1321=ADVANCED_FACE('OSCAD_TOPO/3|face|f:80d14f02a8fe79bec5ce94a98c5d1b5f|b6d7932bce6d2d3bb129ea574fdeacc4b7d0b90502ff2ddd5709af05fb5d3b94',(#1320),#204,.T.);
#1322=FACE_OUTER_BOUND('',#1242,.T.);
#1323=ADVANCED_FACE('OSCAD_TOPO/3|face|f:01ab31a968298986e9bef141d2c1c27d|51de33b2656abd152522d42a93042a40716473aacc13da69d38366f9afff8490',(#1322),#217,.T.);
#1324=FACE_OUTER_BOUND('',#1247,.T.);
#1325=ADVANCED_FACE('OSCAD_TOPO/3|face|f:2bd2cedd6b8e0763dcbdf1ae3a3c3e81|be8679f8d5d013b82622c6dfe400074545e7560d583bacff5897c82c29f652f3',(#1324),#230,.T.);
#1326=FACE_OUTER_BOUND('',#1252,.T.);
#1327=ADVANCED_FACE('OSCAD_TOPO/3|face|f:3a8cc3da2c7c4ece59cfa00c52226ae9|85eba7f588fa917f283ff9e0786bb3f98828748d95a64b44a3c339f3c02f61b9',(#1326),#243,.T.);
#1328=FACE_OUTER_BOUND('',#1257,.T.);
#1329=ADVANCED_FACE('OSCAD_TOPO/3|face|f:17deda6c4362e0dbe346974a4a295880|484c20e4ed1f07dbf68287d35c7c543a0e0a3a6baf72c68cbac4d8e2464b2409',(#1328),#256,.T.);
#1330=FACE_OUTER_BOUND('',#1262,.T.);
#1331=ADVANCED_FACE('OSCAD_TOPO/3|face|f:887dc9effe5238a6f7fac2e380245621|91428c1058c7ce262c68268292672cba5ab2cb29833065399dd6380226be7843',(#1330),#269,.T.);
#1332=FACE_OUTER_BOUND('',#1267,.T.);
#1333=ADVANCED_FACE('OSCAD_TOPO/3|face|f:f447a4e9f22f03ec37cc91a5d439efc8|ffac9bf285a2583aa76212783dc2e72807f8d10c736c2a7b98996037d5d3fb22',(#1332),#282,.T.);
#1334=FACE_OUTER_BOUND('',#1272,.T.);
#1335=ADVANCED_FACE('OSCAD_TOPO/3|face|f:ec97db450b1edb1ca9e1efb714049fb3|a88490c7b0871cbaf4b18cb2a9365e18ea9c1036e07429a406519f4290f59a9b',(#1334),#295,.T.);
#1336=FACE_OUTER_BOUND('',#1277,.T.);
#1337=ADVANCED_FACE('OSCAD_TOPO/3|face|f:ebecb657fe9e12b30021a8a3443f715f|9feca0db9f62e7a5fc03e77b4710d0f8d196077d6cdb321b88254d6ff3c2dccf',(#1336),#308,.T.);
#1338=FACE_OUTER_BOUND('',#1282,.T.);
#1339=ADVANCED_FACE('OSCAD_TOPO/3|face|f:6b8b8ae7a08a09b979d73cc48c817df7|590628ff49bd4c96cb90213bd637e8615bc597f62d9d1331f01ba64ae22cd921',(#1338),#321,.T.);
#1340=FACE_OUTER_BOUND('',#1287,.T.);
#1341=ADVANCED_FACE('OSCAD_TOPO/3|face|f:9335d5595bf4e2568a400d7629cd10fe|7744230221a371dcb4bc3e4cdf3841f39c4ddfa4098968c15a0f08777150bac2',(#1340),#334,.T.);
#1342=FACE_OUTER_BOUND('',#1292,.T.);
#1343=ADVANCED_FACE('OSCAD_TOPO/3|face|f:04f292d3f80810be4d6090e16e74637d|9cc274d2f1370556bd8e93930bff1159ddf22c5f4834d31f5631b32bc6db02f4',(#1342),#347,.T.);
#1344=FACE_OUTER_BOUND('',#1297,.T.);
#1345=ADVANCED_FACE('OSCAD_TOPO/3|face|f:9a84dc9569885de10578b82d8d897d2a|1f5d6b7472f7b6b1554560bd436469a8539046bcb23fda9b6806130c78435afa',(#1344),#360,.T.);
#1346=CLOSED_SHELL('OSCAD_TOPO/3|shell|s:c71970ab449ba8f8febca13029d406dd|22d96722f79990aed80f5878af389b5bfbe5cbd2b132eaaf295ad9efab7dbb61',(#1299,#1301,#1303,#1305,#1307,#1309,#1311,#1313,#1315,#1317,#1319,#1321,#1323,#1325,#1327,#1329,#1331,#1333,#1335,#1337,#1339,#1341,#1343,#1345));
#1347=MANIFOLD_SOLID_BREP('OSCAD_TOPO/3|body|b:530ee23aa671e67f341a5fe1840ccacb|b3671817e7367a3d656ba545908941fa58899e6177f47040793d68b20b6e1f76',#1346);
#1348=(LENGTH_UNIT()NAMED_UNIT(*)SI_UNIT(.MILLI.,.METRE.));
#1349=UNCERTAINTY_MEASURE_WITH_UNIT(LENGTH_MEASURE(9.99999999999999955E-8),#1348,'distance_accuracy_value','');
#1350=(GEOMETRIC_REPRESENTATION_CONTEXT(3)GLOBAL_UNCERTAINTY_ASSIGNED_CONTEXT((#1349))GLOBAL_UNIT_ASSIGNED_CONTEXT((#1348))REPRESENTATION_CONTEXT('','3D'));
#1351=ADVANCED_BREP_SHAPE_REPRESENTATION('',(#1347),#1350);
#1352=APPLICATION_CONTEXT('managed model based 3d engineering');
#1353=PRODUCT_CONTEXT('',#1352,'mechanical');
#1354=PRODUCT('model','model','',(#1353));
#1355=PRODUCT_DEFINITION_FORMATION('1','',#1354);
#1356=PRODUCT_DEFINITION_CONTEXT('part definition',#1352,'design');
#1357=PRODUCT_DEFINITION('design','',#1355,#1356);
#1358=PRODUCT_DEFINITION_SHAPE('','',#1357);
#1359=SHAPE_DEFINITION_REPRESENTATION(#1358,#1351);
ENDSEC;
END-ISO-10303-21;
