ISO-10303-21;
HEADER;
FILE_DESCRIPTION(('OpenSCAD Viewer retained AP242 B-rep'),'2;1');
FILE_NAME('model.step','',(''),(''),'OpenSCAD Viewer','OpenSCAD Viewer','');
FILE_SCHEMA(('AP242_MANAGED_MODEL_BASED_3D_ENGINEERING_MIM_LF'));
ENDSEC;
DATA;
#1=CARTESIAN_POINT('',(1.00000000000000000E1,0.00000000000000000E0,3.00000000000000000E0));
#2=VERTEX_POINT('OSCAD_TOPO/3|vertex|v:15b6d2a830368a527a8175c95a60ee58|bee90ec59b0e84af41500affd4c3353f778495ef40110dd626bde9f249288805',#1);
#3=CARTESIAN_POINT('',(8.66137061729331315E0,3.58765717842271670E0,3.00000000000000000E0));
#4=VERTEX_POINT('OSCAD_TOPO/3|vertex|v:7efe65779de1f119fb7771b7eb370bde|448d076ea32f2734d54063eed30731ae3919f6e13f96d805608ba7dfd7b8596c',#3);
#5=CARTESIAN_POINT('',(9.23879532511286783E0,3.82683432365089793E0,2.37500000000000000E0));
#6=VERTEX_POINT('OSCAD_TOPO/3|vertex|v:06ad4fa2a3b4d3c04c118ff348168571|fe15534cc760792e585f6a6b3429c6e43047580454894f2e4ea49c97b9c55300',#5);
#7=CARTESIAN_POINT('',(2.30969883127821696E0,9.56708580912724593E-1,3.00000000000000000E0));
#8=VERTEX_POINT('OSCAD_TOPO/3|vertex|v:317fa6ed3927baa8fe5a06347af58142|148ce046a514894ad7337d0d080c52886c2b494caf5c92953aabe59939b610fb',#7);
#9=CARTESIAN_POINT('',(2.50000000000000000E0,0.00000000000000000E0,3.00000000000000000E0));
#10=VERTEX_POINT('OSCAD_TOPO/3|vertex|v:adfcd630935441846b8ea9e6a3351e9e|89a071c7927d6d3d574913487673218f2f4616dc6fd7f4e9f99add7f871a0287',#9);
#11=CARTESIAN_POINT('',(1.00000000000000000E1,0.00000000000000000E0,0.00000000000000000E0));
#12=VERTEX_POINT('OSCAD_TOPO/3|vertex|v:de3e486565e3a7617eea6e36ede06c2b|3353643bad860c733430b2273204e26943203410030abd80943e3de65777f15e',#11);
#13=CARTESIAN_POINT('',(9.23879532511286783E0,3.82683432365089793E0,0.00000000000000000E0));
#14=VERTEX_POINT('OSCAD_TOPO/3|vertex|v:6d85084b23dc33803d5d99e424f9b72f|be7625116a0c0fe37a98f7f8ae96acfa8d9b2ad4a64fb6f206f40eab43f521c1',#13);
#15=CARTESIAN_POINT('',(2.50000000000000000E0,0.00000000000000000E0,0.00000000000000000E0));
#16=VERTEX_POINT('OSCAD_TOPO/3|vertex|v:5107a35b396cb78e6ffc77a055c996e2|fd1634c4e735c61cd7b0aa300d1118d20f6551ec26fb5c29ea2374dcd57cb3b2',#15);
#17=CARTESIAN_POINT('',(2.30969883127821696E0,9.56708580912724593E-1,0.00000000000000000E0));
#18=VERTEX_POINT('OSCAD_TOPO/3|vertex|v:5be4d7b895dc0ac9dd731db4a03f8e16|cfc54e010434c7ac9038276db238154e1593f6f41a536fbebea670af962b644a',#17);
#19=CARTESIAN_POINT('',(3.58765717842271714E0,8.66137061729331315E0,3.00000000000000000E0));
#20=VERTEX_POINT('OSCAD_TOPO/3|vertex|v:fad9845c1f39045c514413bfa2fd9479|8ef798e88812b59fcc2450601a0e6197cdff4b4150aeb905fff7d410d5cf7ffb',#19);
#21=CARTESIAN_POINT('',(3.82683432365089837E0,9.23879532511286783E0,2.37500000000000000E0));
#22=VERTEX_POINT('OSCAD_TOPO/3|vertex|v:32f4118e033b19e8edfbbb7fe3d965b6|f2efe9eb7f5c318220994ba7449c3fde7d1a04a8d3f0a54cbbd835030b54c326',#21);
#23=CARTESIAN_POINT('',(9.56708580912724593E-1,2.30969883127821696E0,3.00000000000000000E0));
#24=VERTEX_POINT('OSCAD_TOPO/3|vertex|v:21eccb240bef8196e3ed0ec62493f43c|5912aa9d123bb5bfd8da9f01c01539f873738c464ce2e8410729d90bb6c9a842',#23);
#25=CARTESIAN_POINT('',(3.82683432365089837E0,9.23879532511286783E0,0.00000000000000000E0));
#26=VERTEX_POINT('OSCAD_TOPO/3|vertex|v:9940e936831657f7a3711cf4768f3112|f3f8b8e999684fd855ccd2ddc3cafedbce385eea9e192189f406cf23a74b5bf4',#25);
#27=CARTESIAN_POINT('',(9.56708580912724593E-1,2.30969883127821696E0,0.00000000000000000E0));
#28=VERTEX_POINT('OSCAD_TOPO/3|vertex|v:2bcbfaca3be8f362ecdd2decbcfd277f|f61aebc364c00a027bf8fd8ae40cd1bd17ea110ae8821b0494ef9e1377b46f28',#27);
#29=CARTESIAN_POINT('',(0.00000000000000000E0,1.00000000000000000E1,3.00000000000000000E0));
#30=VERTEX_POINT('OSCAD_TOPO/3|vertex|v:dc7541ef507e71be45d55b84528c781d|b9273e82b0fe5910737cce24174db1e8dcf96e748e1e128937808861363a8307',#29);
#31=CARTESIAN_POINT('',(0.00000000000000000E0,2.50000000000000000E0,3.00000000000000000E0));
#32=VERTEX_POINT('OSCAD_TOPO/3|vertex|v:6886a9daea5e1d17c317cd53e8bdf1b5|cfabc43b07aeb1528326f1804ea9341ed628ac77ae41b22f4ff293a359e70348',#31);
#33=CARTESIAN_POINT('',(0.00000000000000000E0,1.00000000000000000E1,0.00000000000000000E0));
#34=VERTEX_POINT('OSCAD_TOPO/3|vertex|v:20390dbab053390b17f1cd806dfaa2db|01ca02167a710a35a72e0cc32f356edccab0d226bfb29f014dd9ca88560e82d4',#33);
#35=CARTESIAN_POINT('',(0.00000000000000000E0,2.50000000000000000E0,0.00000000000000000E0));
#36=VERTEX_POINT('OSCAD_TOPO/3|vertex|v:30b33bee02e3c27fd5b30b5d5bda6459|f3aeeb7f2226111e36bdd94f5618c7de3bb3ee929c0b1b82d6d2c4efbc666a0d',#35);
#37=CARTESIAN_POINT('',(-1.00000000000000000E1,0.00000000000000000E0,3.00000000000000000E0));
#38=VERTEX_POINT('OSCAD_TOPO/3|vertex|v:f966eb26dc00169f40cb0e2218e9d0f3|65f9e134b54cb5b0fac9d8187519a2575369dcfbe21f823ae836568045ac8863',#37);
#39=CARTESIAN_POINT('',(-2.50000000000000000E0,0.00000000000000000E0,3.00000000000000000E0));
#40=VERTEX_POINT('OSCAD_TOPO/3|vertex|v:e5238d349e6a953b28728657945bc756|c939ebb105d5cc5df5395e04d0f5b0c71ac85601f2694c755f15255d8933aa30',#39);
#41=CARTESIAN_POINT('',(-1.00000000000000000E1,0.00000000000000000E0,0.00000000000000000E0));
#42=VERTEX_POINT('OSCAD_TOPO/3|vertex|v:7616f68acae257169fc22b46681568d2|02f7380f18527975955058662daf044b41d418ecc2b2b58f19a5fd49e70c13cc',#41);
#43=CARTESIAN_POINT('',(-2.50000000000000000E0,0.00000000000000000E0,0.00000000000000000E0));
#44=VERTEX_POINT('OSCAD_TOPO/3|vertex|v:3237928e26bef7dc650e7905ec619ba4|a3903c5db5a5c9cd429d9e0e4a4e32ca9a9b0d53891cd286b09659f1e986cd94',#43);
#45=CARTESIAN_POINT('',(0.00000000000000000E0,-1.00000000000000000E1,3.00000000000000000E0));
#46=VERTEX_POINT('OSCAD_TOPO/3|vertex|v:48b8d02275584e096818e4f90339c26b|0fbd755472677e1dc6271322b51bf6f29d5cbe1fdc06afb32b920efdca770128',#45);
#47=CARTESIAN_POINT('',(0.00000000000000000E0,-2.50000000000000000E0,3.00000000000000000E0));
#48=VERTEX_POINT('OSCAD_TOPO/3|vertex|v:6f10fa5777d471b8cc2a47d9af7c2a5e|70093022067badd7b47a43ac70a38864999571106edebcb1f8dd083012e23d29',#47);
#49=CARTESIAN_POINT('',(0.00000000000000000E0,-1.00000000000000000E1,0.00000000000000000E0));
#50=VERTEX_POINT('OSCAD_TOPO/3|vertex|v:5658a43174d96d79374a73200af5ef93|ea90c5efaccc18729a909cfd7b90e319a1032dc4a9050ece6c5187f101855d6a',#49);
#51=CARTESIAN_POINT('',(0.00000000000000000E0,-2.50000000000000000E0,0.00000000000000000E0));
#52=VERTEX_POINT('OSCAD_TOPO/3|vertex|v:b8909d5d084e289dfb863d57a97f12c0|e0fa0d94bb9979f53996069d9bdfcbf7d4e704b9878c31d04827c6c359b7117a',#51);
#53=CARTESIAN_POINT('',(8.66137061729331315E0,3.58765717842271670E0,3.00000000000000000E0));
#54=CARTESIAN_POINT('',(9.23879532511286783E0,3.82683432365089793E0,3.00000000000000000E0));
#55=CARTESIAN_POINT('',(9.23879532511286783E0,3.82683432365089793E0,2.37500000000000000E0));
#56=CARTESIAN_POINT('',(8.94350595554725381E0,2.90652221838533276E0,3.00000000000000000E0));
#57=CARTESIAN_POINT('',(9.53973968591706978E0,3.10029036627768795E0,3.00000000000000000E0));
#58=CARTESIAN_POINT('',(9.53973968591706978E0,3.10029036627768795E0,2.37500000000000000E0));
#59=CARTESIAN_POINT('',(9.33366201890459379E0,2.27162251219693445E0,3.00000000000000000E0));
#60=CARTESIAN_POINT('',(9.76897515091684987E0,2.34563465651285430E0,3.00000000000000000E0));
#61=CARTESIAN_POINT('',(9.76897515091684809E0,2.34563465651285430E0,2.56468686798774481E0));
#62=CARTESIAN_POINT('',(9.73330484898453818E0,1.57134109154076196E0,3.00000000000000000E0));
#63=CARTESIAN_POINT('',(9.92299171697228566E0,1.57134109154076196E0,3.00000000000000000E0));
#64=CARTESIAN_POINT('',(9.92299171697228388E0,1.57134109154076196E0,2.81031313201225608E0));
#65=CARTESIAN_POINT('',(1.00000000000000000E1,7.86405512630331205E-1,3.00000000000000000E0));
#66=CARTESIAN_POINT('',(1.00000000000000000E1,7.86405512630331205E-1,3.00000000000000000E0));
#67=CARTESIAN_POINT('',(1.00000000000000000E1,7.86405512630331205E-1,3.00000000000000000E0));
#68=CARTESIAN_POINT('',(1.00000000000000000E1,0.00000000000000000E0,3.00000000000000000E0));
#69=CARTESIAN_POINT('',(1.00000000000000000E1,0.00000000000000000E0,3.00000000000000000E0));
#70=CARTESIAN_POINT('',(1.00000000000000000E1,0.00000000000000000E0,3.00000000000000000E0));
#71=(BOUNDED_SURFACE()B_SPLINE_SURFACE(5,2,((#53,#54,#55),(#56,#57,#58),(#59,#60,#61),(#62,#63,#64),(#65,#66,#67),(#68,#69,#70)),.UNSPECIFIED.,.F.,.F.,.F.)B_SPLINE_SURFACE_WITH_KNOTS((6,6),(3,3),(0.00000000000000000E0,1.00000000000000000E0),(0.00000000000000000E0,1.00000000000000000E0),.UNSPECIFIED.)GEOMETRIC_REPRESENTATION_ITEM()RATIONAL_B_SPLINE_SURFACE(((1.00000000000000000E0,7.07106781186547573E-1,1.00000000000000000E0),(9.92314112161292172E-1,7.01672037776358115E-1,9.92314112161292172E-1),(9.88471168241938258E-1,6.98954666071263331E-1,9.88471168241938258E-1),(9.88471168241938147E-1,6.98954666071263220E-1,9.88471168241938147E-1),(9.92314112161292172E-1,7.01672037776358115E-1,9.92314112161292172E-1),(1.00000000000000000E0,7.07106781186547573E-1,1.00000000000000000E0)))REPRESENTATION_ITEM('')SURFACE());
#72=CARTESIAN_POINT('',(-1.00000000000000000E1,-1.00000000000000000E1,3.00000000000000000E0));
#73=CARTESIAN_POINT('',(-1.00000000000000000E1,1.00000000000000000E1,3.00000000000000000E0));
#74=CARTESIAN_POINT('',(1.00000000000000000E1,-1.00000000000000000E1,3.00000000000000000E0));
#75=CARTESIAN_POINT('',(1.00000000000000000E1,1.00000000000000000E1,3.00000000000000000E0));
#76=B_SPLINE_SURFACE_WITH_KNOTS('',1,1,((#72,#73),(#74,#75)),.UNSPECIFIED.,.F.,.F.,.F.,(2,2),(2,2),(-1.00000000000000000E1,1.00000000000000000E1),(-1.00000000000000000E1,1.00000000000000000E1),.UNSPECIFIED.);
#77=CARTESIAN_POINT('',(1.00000000000000000E1,0.00000000000000000E0,0.00000000000000000E0));
#78=CARTESIAN_POINT('',(1.00000000000000000E1,0.00000000000000000E0,3.00000000000000000E0));
#79=CARTESIAN_POINT('',(1.00000000000000000E1,7.86405512630331205E-1,0.00000000000000000E0));
#80=CARTESIAN_POINT('',(1.00000000000000000E1,7.86405512630331205E-1,3.00000000000000000E0));
#81=CARTESIAN_POINT('',(9.92299171697228388E0,1.57134109154076196E0,0.00000000000000000E0));
#82=CARTESIAN_POINT('',(9.92299171697228388E0,1.57134109154076196E0,2.81031313201225608E0));
#83=CARTESIAN_POINT('',(9.76897515091684809E0,2.34563465651285430E0,0.00000000000000000E0));
#84=CARTESIAN_POINT('',(9.76897515091684809E0,2.34563465651285430E0,2.56468686798774481E0));
#85=CARTESIAN_POINT('',(9.53973968591706978E0,3.10029036627768795E0,0.00000000000000000E0));
#86=CARTESIAN_POINT('',(9.53973968591706978E0,3.10029036627768795E0,2.37500000000000000E0));
#87=CARTESIAN_POINT('',(9.23879532511286783E0,3.82683432365089793E0,0.00000000000000000E0));
#88=CARTESIAN_POINT('',(9.23879532511286783E0,3.82683432365089793E0,2.37500000000000000E0));
#89=(BOUNDED_SURFACE()B_SPLINE_SURFACE(5,1,((#77,#78),(#79,#80),(#81,#82),(#83,#84),(#85,#86),(#87,#88)),.UNSPECIFIED.,.F.,.F.,.F.)B_SPLINE_SURFACE_WITH_KNOTS((6,6),(2,2),(0.00000000000000000E0,3.00000000000000000E0),(0.00000000000000000E0,1.00000000000000000E0),.UNSPECIFIED.)GEOMETRIC_REPRESENTATION_ITEM()RATIONAL_B_SPLINE_SURFACE(((1.00000000000000000E0,1.00000000000000000E0),(9.92314112161292172E-1,9.92314112161292172E-1),(9.88471168241938147E-1,9.88471168241938147E-1),(9.88471168241938258E-1,9.88471168241938258E-1),(9.92314112161292172E-1,9.92314112161292172E-1),(1.00000000000000000E0,1.00000000000000000E0)))REPRESENTATION_ITEM('')SURFACE());
#90=CARTESIAN_POINT('',(2.30969883127821696E0,9.56708580912724593E-1,0.00000000000000000E0));
#91=CARTESIAN_POINT('',(2.30969883127821696E0,9.56708580912724593E-1,3.00000000000000000E0));
#92=CARTESIAN_POINT('',(2.38493492147926744E0,7.75072591569421987E-1,0.00000000000000000E0));
#93=CARTESIAN_POINT('',(2.38493492147926744E0,7.75072591569421987E-1,3.00000000000000000E0));
#94=CARTESIAN_POINT('',(2.44224378772921202E0,5.86408664128213575E-1,0.00000000000000000E0));
#95=CARTESIAN_POINT('',(2.44224378772921202E0,5.86408664128213575E-1,3.00000000000000000E0));
#96=CARTESIAN_POINT('',(2.48074792924307097E0,3.92835272885190490E-1,0.00000000000000000E0));
#97=CARTESIAN_POINT('',(2.48074792924307097E0,3.92835272885190490E-1,3.00000000000000000E0));
#98=CARTESIAN_POINT('',(2.50000000000000000E0,1.96601378157582801E-1,0.00000000000000000E0));
#99=CARTESIAN_POINT('',(2.50000000000000000E0,1.96601378157582801E-1,3.00000000000000000E0));
#100=CARTESIAN_POINT('',(2.50000000000000000E0,0.00000000000000000E0,0.00000000000000000E0));
#101=CARTESIAN_POINT('',(2.50000000000000000E0,0.00000000000000000E0,3.00000000000000000E0));
#102=(BOUNDED_SURFACE()B_SPLINE_SURFACE(5,1,((#90,#91),(#92,#93),(#94,#95),(#96,#97),(#98,#99),(#100,#101)),.UNSPECIFIED.,.F.,.F.,.F.)B_SPLINE_SURFACE_WITH_KNOTS((6,6),(2,2),(0.00000000000000000E0,3.00000000000000000E0),(0.00000000000000000E0,1.00000000000000000E0),.UNSPECIFIED.)GEOMETRIC_REPRESENTATION_ITEM()RATIONAL_B_SPLINE_SURFACE(((1.00000000000000000E0,1.00000000000000000E0),(9.92314112161292172E-1,9.92314112161292172E-1),(9.88471168241938258E-1,9.88471168241938258E-1),(9.88471168241938147E-1,9.88471168241938147E-1),(9.92314112161292172E-1,9.92314112161292172E-1),(1.00000000000000000E0,1.00000000000000000E0)))REPRESENTATION_ITEM('')SURFACE());
#103=CARTESIAN_POINT('',(1.00000000000000000E1,-1.00000000000000000E1,0.00000000000000000E0));
#104=CARTESIAN_POINT('',(1.00000000000000000E1,1.00000000000000000E1,0.00000000000000000E0));
#105=CARTESIAN_POINT('',(-1.00000000000000000E1,-1.00000000000000000E1,0.00000000000000000E0));
#106=CARTESIAN_POINT('',(-1.00000000000000000E1,1.00000000000000000E1,0.00000000000000000E0));
#107=B_SPLINE_SURFACE_WITH_KNOTS('',1,1,((#103,#104),(#105,#106)),.UNSPECIFIED.,.F.,.F.,.F.,(2,2),(2,2),(-1.00000000000000000E1,1.00000000000000000E1),(-1.00000000000000000E1,1.00000000000000000E1),.UNSPECIFIED.);
#108=CARTESIAN_POINT('',(3.58765717842271714E0,8.66137061729331315E0,3.00000000000000000E0));
#109=CARTESIAN_POINT('',(3.82683432365089837E0,9.23879532511286783E0,3.00000000000000000E0));
#110=CARTESIAN_POINT('',(3.82683432365089837E0,9.23879532511286783E0,2.37500000000000000E0));
#111=CARTESIAN_POINT('',(7.17531435684543339E0,7.17531435684543251E0,3.00000000000000000E0));
#112=CARTESIAN_POINT('',(7.65366864730179586E0,7.65366864730179408E0,3.00000000000000000E0));
#113=CARTESIAN_POINT('',(7.65366864730179586E0,7.65366864730179408E0,2.37500000000000000E0));
#114=CARTESIAN_POINT('',(8.66137061729331315E0,3.58765717842271670E0,3.00000000000000000E0));
#115=CARTESIAN_POINT('',(9.23879532511286783E0,3.82683432365089793E0,3.00000000000000000E0));
#116=CARTESIAN_POINT('',(9.23879532511286783E0,3.82683432365089793E0,2.37500000000000000E0));
#117=(BOUNDED_SURFACE()B_SPLINE_SURFACE(2,2,((#108,#109,#110),(#111,#112,#113),(#114,#115,#116)),.UNSPECIFIED.,.F.,.F.,.F.)B_SPLINE_SURFACE_WITH_KNOTS((3,3),(3,3),(0.00000000000000000E0,1.00000000000000000E0),(0.00000000000000000E0,1.00000000000000000E0),.UNSPECIFIED.)GEOMETRIC_REPRESENTATION_ITEM()RATIONAL_B_SPLINE_SURFACE(((1.00000000000000000E0,7.07106781186547573E-1,1.00000000000000000E0),(9.23879532511286738E-1,6.53281482438188288E-1,9.23879532511286738E-1),(1.00000000000000000E0,7.07106781186547573E-1,1.00000000000000000E0)))REPRESENTATION_ITEM('')SURFACE());
#118=CARTESIAN_POINT('',(9.23879532511286783E0,3.82683432365089793E0,0.00000000000000000E0));
#119=CARTESIAN_POINT('',(9.23879532511286783E0,3.82683432365089793E0,2.37500000000000000E0));
#120=CARTESIAN_POINT('',(7.65366864730179586E0,7.65366864730179408E0,0.00000000000000000E0));
#121=CARTESIAN_POINT('',(7.65366864730179586E0,7.65366864730179408E0,2.37500000000000000E0));
#122=CARTESIAN_POINT('',(3.82683432365089837E0,9.23879532511286783E0,0.00000000000000000E0));
#123=CARTESIAN_POINT('',(3.82683432365089837E0,9.23879532511286783E0,2.37500000000000000E0));
#124=(BOUNDED_SURFACE()B_SPLINE_SURFACE(2,1,((#118,#119),(#120,#121),(#122,#123)),.UNSPECIFIED.,.F.,.F.,.F.)B_SPLINE_SURFACE_WITH_KNOTS((3,3),(2,2),(0.00000000000000000E0,3.00000000000000000E0),(0.00000000000000000E0,1.00000000000000000E0),.UNSPECIFIED.)GEOMETRIC_REPRESENTATION_ITEM()RATIONAL_B_SPLINE_SURFACE(((1.00000000000000000E0,1.00000000000000000E0),(9.23879532511286738E-1,9.23879532511286738E-1),(1.00000000000000000E0,1.00000000000000000E0)))REPRESENTATION_ITEM('')SURFACE());
#125=CARTESIAN_POINT('',(9.56708580912724593E-1,2.30969883127821696E0,0.00000000000000000E0));
#126=CARTESIAN_POINT('',(9.56708580912724593E-1,2.30969883127821696E0,3.00000000000000000E0));
#127=CARTESIAN_POINT('',(1.91341716182544919E0,1.91341716182544852E0,0.00000000000000000E0));
#128=CARTESIAN_POINT('',(1.91341716182544919E0,1.91341716182544852E0,3.00000000000000000E0));
#129=CARTESIAN_POINT('',(2.30969883127821696E0,9.56708580912724593E-1,0.00000000000000000E0));
#130=CARTESIAN_POINT('',(2.30969883127821696E0,9.56708580912724593E-1,3.00000000000000000E0));
#131=(BOUNDED_SURFACE()B_SPLINE_SURFACE(2,1,((#125,#126),(#127,#128),(#129,#130)),.UNSPECIFIED.,.F.,.F.,.F.)B_SPLINE_SURFACE_WITH_KNOTS((3,3),(2,2),(0.00000000000000000E0,3.00000000000000000E0),(0.00000000000000000E0,1.00000000000000000E0),.UNSPECIFIED.)GEOMETRIC_REPRESENTATION_ITEM()RATIONAL_B_SPLINE_SURFACE(((1.00000000000000000E0,1.00000000000000000E0),(9.23879532511286738E-1,9.23879532511286738E-1),(1.00000000000000000E0,1.00000000000000000E0)))REPRESENTATION_ITEM('')SURFACE());
#132=CARTESIAN_POINT('',(0.00000000000000000E0,1.00000000000000000E1,3.00000000000000000E0));
#133=CARTESIAN_POINT('',(0.00000000000000000E0,1.00000000000000000E1,3.00000000000000000E0));
#134=CARTESIAN_POINT('',(0.00000000000000000E0,1.00000000000000000E1,3.00000000000000000E0));
#135=CARTESIAN_POINT('',(7.86405512630331538E-1,1.00000000000000000E1,3.00000000000000000E0));
#136=CARTESIAN_POINT('',(7.86405512630331538E-1,1.00000000000000000E1,3.00000000000000000E0));
#137=CARTESIAN_POINT('',(7.86405512630331538E-1,1.00000000000000000E1,3.00000000000000000E0));
#138=CARTESIAN_POINT('',(1.57134109154076218E0,9.73330484898453818E0,3.00000000000000000E0));
#139=CARTESIAN_POINT('',(1.57134109154076240E0,9.92299171697228388E0,3.00000000000000000E0));
#140=CARTESIAN_POINT('',(1.57134109154076218E0,9.92299171697228211E0,2.81031313201225519E0));
#141=CARTESIAN_POINT('',(2.27162251219693578E0,9.33366201890459379E0,3.00000000000000000E0));
#142=CARTESIAN_POINT('',(2.34563465651285519E0,9.76897515091685165E0,3.00000000000000000E0));
#143=CARTESIAN_POINT('',(2.34563465651285519E0,9.76897515091684987E0,2.56468686798774437E0));
#144=CARTESIAN_POINT('',(2.90652221838533320E0,8.94350595554725381E0,3.00000000000000000E0));
#145=CARTESIAN_POINT('',(3.10029036627768884E0,9.53973968591706978E0,3.00000000000000000E0));
#146=CARTESIAN_POINT('',(3.10029036627768839E0,9.53973968591706978E0,2.37500000000000000E0));
#147=CARTESIAN_POINT('',(3.58765717842271714E0,8.66137061729331315E0,3.00000000000000000E0));
#148=CARTESIAN_POINT('',(3.82683432365089837E0,9.23879532511286783E0,3.00000000000000000E0));
#149=CARTESIAN_POINT('',(3.82683432365089837E0,9.23879532511286783E0,2.37500000000000000E0));
#150=(BOUNDED_SURFACE()B_SPLINE_SURFACE(5,2,((#132,#133,#134),(#135,#136,#137),(#138,#139,#140),(#141,#142,#143),(#144,#145,#146),(#147,#148,#149)),.UNSPECIFIED.,.F.,.F.,.F.)B_SPLINE_SURFACE_WITH_KNOTS((6,6),(3,3),(0.00000000000000000E0,1.00000000000000000E0),(0.00000000000000000E0,1.00000000000000000E0),.UNSPECIFIED.)GEOMETRIC_REPRESENTATION_ITEM()RATIONAL_B_SPLINE_SURFACE(((1.00000000000000000E0,7.07106781186547573E-1,1.00000000000000000E0),(9.92314112161292172E-1,7.01672037776358115E-1,9.92314112161292172E-1),(9.88471168241938258E-1,6.98954666071263331E-1,9.88471168241938258E-1),(9.88471168241938147E-1,6.98954666071263220E-1,9.88471168241938147E-1),(9.92314112161292172E-1,7.01672037776358115E-1,9.92314112161292172E-1),(1.00000000000000000E0,7.07106781186547573E-1,1.00000000000000000E0)))REPRESENTATION_ITEM('')SURFACE());
#151=CARTESIAN_POINT('',(3.82683432365089837E0,9.23879532511286783E0,0.00000000000000000E0));
#152=CARTESIAN_POINT('',(3.82683432365089837E0,9.23879532511286783E0,2.37500000000000000E0));
#153=CARTESIAN_POINT('',(3.10029036627768839E0,9.53973968591706978E0,0.00000000000000000E0));
#154=CARTESIAN_POINT('',(3.10029036627768839E0,9.53973968591706978E0,2.37500000000000000E0));
#155=CARTESIAN_POINT('',(2.34563465651285519E0,9.76897515091684987E0,0.00000000000000000E0));
#156=CARTESIAN_POINT('',(2.34563465651285519E0,9.76897515091684987E0,2.56468686798774437E0));
#157=CARTESIAN_POINT('',(1.57134109154076218E0,9.92299171697228211E0,0.00000000000000000E0));
#158=CARTESIAN_POINT('',(1.57134109154076218E0,9.92299171697228211E0,2.81031313201225519E0));
#159=CARTESIAN_POINT('',(7.86405512630331538E-1,1.00000000000000000E1,0.00000000000000000E0));
#160=CARTESIAN_POINT('',(7.86405512630331538E-1,1.00000000000000000E1,3.00000000000000000E0));
#161=CARTESIAN_POINT('',(0.00000000000000000E0,1.00000000000000000E1,0.00000000000000000E0));
#162=CARTESIAN_POINT('',(0.00000000000000000E0,1.00000000000000000E1,3.00000000000000000E0));
#163=(BOUNDED_SURFACE()B_SPLINE_SURFACE(5,1,((#151,#152),(#153,#154),(#155,#156),(#157,#158),(#159,#160),(#161,#162)),.UNSPECIFIED.,.F.,.F.,.F.)B_SPLINE_SURFACE_WITH_KNOTS((6,6),(2,2),(0.00000000000000000E0,3.00000000000000000E0),(0.00000000000000000E0,1.00000000000000000E0),.UNSPECIFIED.)GEOMETRIC_REPRESENTATION_ITEM()RATIONAL_B_SPLINE_SURFACE(((1.00000000000000000E0,1.00000000000000000E0),(9.92314112161292172E-1,9.92314112161292172E-1),(9.88471168241938147E-1,9.88471168241938147E-1),(9.88471168241938258E-1,9.88471168241938258E-1),(9.92314112161292172E-1,9.92314112161292172E-1),(1.00000000000000000E0,1.00000000000000000E0)))REPRESENTATION_ITEM('')SURFACE());
#164=CARTESIAN_POINT('',(0.00000000000000000E0,2.50000000000000000E0,0.00000000000000000E0));
#165=CARTESIAN_POINT('',(0.00000000000000000E0,2.50000000000000000E0,3.00000000000000000E0));
#166=CARTESIAN_POINT('',(1.96601378157582884E-1,2.50000000000000000E0,0.00000000000000000E0));
#167=CARTESIAN_POINT('',(1.96601378157582884E-1,2.50000000000000000E0,3.00000000000000000E0));
#168=CARTESIAN_POINT('',(3.92835272885190545E-1,2.48074792924307053E0,0.00000000000000000E0));
#169=CARTESIAN_POINT('',(3.92835272885190545E-1,2.48074792924307053E0,3.00000000000000000E0));
#170=CARTESIAN_POINT('',(5.86408664128213797E-1,2.44224378772921247E0,0.00000000000000000E0));
#171=CARTESIAN_POINT('',(5.86408664128213797E-1,2.44224378772921247E0,3.00000000000000000E0));
#172=CARTESIAN_POINT('',(7.75072591569422098E-1,2.38493492147926744E0,0.00000000000000000E0));
#173=CARTESIAN_POINT('',(7.75072591569422098E-1,2.38493492147926744E0,3.00000000000000000E0));
#174=CARTESIAN_POINT('',(9.56708580912724593E-1,2.30969883127821696E0,0.00000000000000000E0));
#175=CARTESIAN_POINT('',(9.56708580912724593E-1,2.30969883127821696E0,3.00000000000000000E0));
#176=(BOUNDED_SURFACE()B_SPLINE_SURFACE(5,1,((#164,#165),(#166,#167),(#168,#169),(#170,#171),(#172,#173),(#174,#175)),.UNSPECIFIED.,.F.,.F.,.F.)B_SPLINE_SURFACE_WITH_KNOTS((6,6),(2,2),(0.00000000000000000E0,3.00000000000000000E0),(0.00000000000000000E0,1.00000000000000000E0),.UNSPECIFIED.)GEOMETRIC_REPRESENTATION_ITEM()RATIONAL_B_SPLINE_SURFACE(((1.00000000000000000E0,1.00000000000000000E0),(9.92314112161292172E-1,9.92314112161292172E-1),(9.88471168241938258E-1,9.88471168241938258E-1),(9.88471168241938147E-1,9.88471168241938147E-1),(9.92314112161292172E-1,9.92314112161292172E-1),(1.00000000000000000E0,1.00000000000000000E0)))REPRESENTATION_ITEM('')SURFACE());
#177=CARTESIAN_POINT('',(0.00000000000000000E0,1.00000000000000000E1,0.00000000000000000E0));
#178=CARTESIAN_POINT('',(0.00000000000000000E0,1.00000000000000000E1,3.00000000000000000E0));
#179=CARTESIAN_POINT('',(-9.99999999999999822E0,1.00000000000000000E1,0.00000000000000000E0));
#180=CARTESIAN_POINT('',(-9.99999999999999822E0,1.00000000000000000E1,3.00000000000000000E0));
#181=CARTESIAN_POINT('',(-1.00000000000000000E1,0.00000000000000000E0,0.00000000000000000E0));
#182=CARTESIAN_POINT('',(-1.00000000000000000E1,0.00000000000000000E0,3.00000000000000000E0));
#183=(BOUNDED_SURFACE()B_SPLINE_SURFACE(2,1,((#177,#178),(#179,#180),(#181,#182)),.UNSPECIFIED.,.F.,.F.,.F.)B_SPLINE_SURFACE_WITH_KNOTS((3,3),(2,2),(0.00000000000000000E0,3.00000000000000000E0),(0.00000000000000000E0,1.00000000000000000E0),.UNSPECIFIED.)GEOMETRIC_REPRESENTATION_ITEM()RATIONAL_B_SPLINE_SURFACE(((1.00000000000000000E0,1.00000000000000000E0),(7.07106781186547573E-1,7.07106781186547573E-1),(1.00000000000000000E0,1.00000000000000000E0)))REPRESENTATION_ITEM('')SURFACE());
#184=CARTESIAN_POINT('',(-2.50000000000000000E0,0.00000000000000000E0,0.00000000000000000E0));
#185=CARTESIAN_POINT('',(-2.50000000000000000E0,0.00000000000000000E0,3.00000000000000000E0));
#186=CARTESIAN_POINT('',(-2.49999999999999956E0,2.50000000000000000E0,0.00000000000000000E0));
#187=CARTESIAN_POINT('',(-2.49999999999999956E0,2.50000000000000000E0,3.00000000000000000E0));
#188=CARTESIAN_POINT('',(0.00000000000000000E0,2.50000000000000000E0,0.00000000000000000E0));
#189=CARTESIAN_POINT('',(0.00000000000000000E0,2.50000000000000000E0,3.00000000000000000E0));
#190=(BOUNDED_SURFACE()B_SPLINE_SURFACE(2,1,((#184,#185),(#186,#187),(#188,#189)),.UNSPECIFIED.,.F.,.F.,.F.)B_SPLINE_SURFACE_WITH_KNOTS((3,3),(2,2),(0.00000000000000000E0,3.00000000000000000E0),(0.00000000000000000E0,1.00000000000000000E0),.UNSPECIFIED.)GEOMETRIC_REPRESENTATION_ITEM()RATIONAL_B_SPLINE_SURFACE(((1.00000000000000000E0,1.00000000000000000E0),(7.07106781186547573E-1,7.07106781186547573E-1),(1.00000000000000000E0,1.00000000000000000E0)))REPRESENTATION_ITEM('')SURFACE());
#191=CARTESIAN_POINT('',(-1.00000000000000018E1,-1.00000000000000000E1,3.00000000000000000E0));
#192=CARTESIAN_POINT('',(-1.00000000000000018E1,1.00000000000000000E1,3.00000000000000000E0));
#193=CARTESIAN_POINT('',(1.00000000000000000E1,-1.00000000000000000E1,3.00000000000000000E0));
#194=CARTESIAN_POINT('',(1.00000000000000000E1,1.00000000000000000E1,3.00000000000000000E0));
#195=B_SPLINE_SURFACE_WITH_KNOTS('',1,1,((#191,#192),(#193,#194)),.UNSPECIFIED.,.F.,.F.,.F.,(2,2),(2,2),(-1.00000000000000018E1,1.00000000000000000E1),(-1.00000000000000000E1,1.00000000000000000E1),.UNSPECIFIED.);
#196=CARTESIAN_POINT('',(-1.00000000000000000E1,0.00000000000000000E0,0.00000000000000000E0));
#197=CARTESIAN_POINT('',(-1.00000000000000000E1,0.00000000000000000E0,3.00000000000000000E0));
#198=CARTESIAN_POINT('',(-1.00000000000000018E1,-9.99999999999999822E0,0.00000000000000000E0));
#199=CARTESIAN_POINT('',(-1.00000000000000018E1,-9.99999999999999822E0,3.00000000000000000E0));
#200=CARTESIAN_POINT('',(0.00000000000000000E0,-1.00000000000000000E1,0.00000000000000000E0));
#201=CARTESIAN_POINT('',(0.00000000000000000E0,-1.00000000000000000E1,3.00000000000000000E0));
#202=(BOUNDED_SURFACE()B_SPLINE_SURFACE(2,1,((#196,#197),(#198,#199),(#200,#201)),.UNSPECIFIED.,.F.,.F.,.F.)B_SPLINE_SURFACE_WITH_KNOTS((3,3),(2,2),(0.00000000000000000E0,3.00000000000000000E0),(0.00000000000000000E0,1.00000000000000000E0),.UNSPECIFIED.)GEOMETRIC_REPRESENTATION_ITEM()RATIONAL_B_SPLINE_SURFACE(((1.00000000000000000E0,1.00000000000000000E0),(7.07106781186547573E-1,7.07106781186547573E-1),(1.00000000000000000E0,1.00000000000000000E0)))REPRESENTATION_ITEM('')SURFACE());
#203=CARTESIAN_POINT('',(0.00000000000000000E0,-2.50000000000000000E0,0.00000000000000000E0));
#204=CARTESIAN_POINT('',(0.00000000000000000E0,-2.50000000000000000E0,3.00000000000000000E0));
#205=CARTESIAN_POINT('',(-2.50000000000000044E0,-2.49999999999999956E0,0.00000000000000000E0));
#206=CARTESIAN_POINT('',(-2.50000000000000044E0,-2.49999999999999956E0,3.00000000000000000E0));
#207=CARTESIAN_POINT('',(-2.50000000000000000E0,0.00000000000000000E0,0.00000000000000000E0));
#208=CARTESIAN_POINT('',(-2.50000000000000000E0,0.00000000000000000E0,3.00000000000000000E0));
#209=(BOUNDED_SURFACE()B_SPLINE_SURFACE(2,1,((#203,#204),(#205,#206),(#207,#208)),.UNSPECIFIED.,.F.,.F.,.F.)B_SPLINE_SURFACE_WITH_KNOTS((3,3),(2,2),(0.00000000000000000E0,3.00000000000000000E0),(0.00000000000000000E0,1.00000000000000000E0),.UNSPECIFIED.)GEOMETRIC_REPRESENTATION_ITEM()RATIONAL_B_SPLINE_SURFACE(((1.00000000000000000E0,1.00000000000000000E0),(7.07106781186547573E-1,7.07106781186547573E-1),(1.00000000000000000E0,1.00000000000000000E0)))REPRESENTATION_ITEM('')SURFACE());
#210=CARTESIAN_POINT('',(1.00000000000000000E1,-1.00000000000000000E1,0.00000000000000000E0));
#211=CARTESIAN_POINT('',(1.00000000000000000E1,1.00000000000000000E1,0.00000000000000000E0));
#212=CARTESIAN_POINT('',(-1.00000000000000018E1,-1.00000000000000000E1,0.00000000000000000E0));
#213=CARTESIAN_POINT('',(-1.00000000000000018E1,1.00000000000000000E1,0.00000000000000000E0));
#214=B_SPLINE_SURFACE_WITH_KNOTS('',1,1,((#210,#211),(#212,#213)),.UNSPECIFIED.,.F.,.F.,.F.,(2,2),(2,2),(-1.00000000000000018E1,1.00000000000000000E1),(-1.00000000000000000E1,1.00000000000000000E1),.UNSPECIFIED.);
#215=CARTESIAN_POINT('',(-1.00000000000000000E1,-1.00000000000000018E1,3.00000000000000000E0));
#216=CARTESIAN_POINT('',(-1.00000000000000000E1,1.00000000000000000E1,3.00000000000000000E0));
#217=CARTESIAN_POINT('',(1.00000000000000000E1,-1.00000000000000018E1,3.00000000000000000E0));
#218=CARTESIAN_POINT('',(1.00000000000000000E1,1.00000000000000000E1,3.00000000000000000E0));
#219=B_SPLINE_SURFACE_WITH_KNOTS('',1,1,((#215,#216),(#217,#218)),.UNSPECIFIED.,.F.,.F.,.F.,(2,2),(2,2),(-1.00000000000000000E1,1.00000000000000000E1),(-1.00000000000000018E1,1.00000000000000000E1),.UNSPECIFIED.);
#220=CARTESIAN_POINT('',(0.00000000000000000E0,-1.00000000000000000E1,0.00000000000000000E0));
#221=CARTESIAN_POINT('',(0.00000000000000000E0,-1.00000000000000000E1,3.00000000000000000E0));
#222=CARTESIAN_POINT('',(9.99999999999999645E0,-1.00000000000000018E1,0.00000000000000000E0));
#223=CARTESIAN_POINT('',(9.99999999999999645E0,-1.00000000000000018E1,3.00000000000000000E0));
#224=CARTESIAN_POINT('',(1.00000000000000000E1,0.00000000000000000E0,0.00000000000000000E0));
#225=CARTESIAN_POINT('',(1.00000000000000000E1,0.00000000000000000E0,3.00000000000000000E0));
#226=(BOUNDED_SURFACE()B_SPLINE_SURFACE(2,1,((#220,#221),(#222,#223),(#224,#225)),.UNSPECIFIED.,.F.,.F.,.F.)B_SPLINE_SURFACE_WITH_KNOTS((3,3),(2,2),(0.00000000000000000E0,3.00000000000000000E0),(0.00000000000000000E0,1.00000000000000000E0),.UNSPECIFIED.)GEOMETRIC_REPRESENTATION_ITEM()RATIONAL_B_SPLINE_SURFACE(((1.00000000000000000E0,1.00000000000000000E0),(7.07106781186547573E-1,7.07106781186547573E-1),(1.00000000000000000E0,1.00000000000000000E0)))REPRESENTATION_ITEM('')SURFACE());
#227=CARTESIAN_POINT('',(2.50000000000000000E0,0.00000000000000000E0,0.00000000000000000E0));
#228=CARTESIAN_POINT('',(2.50000000000000000E0,0.00000000000000000E0,3.00000000000000000E0));
#229=CARTESIAN_POINT('',(2.49999999999999911E0,-2.50000000000000044E0,0.00000000000000000E0));
#230=CARTESIAN_POINT('',(2.49999999999999911E0,-2.50000000000000044E0,3.00000000000000000E0));
#231=CARTESIAN_POINT('',(0.00000000000000000E0,-2.50000000000000000E0,0.00000000000000000E0));
#232=CARTESIAN_POINT('',(0.00000000000000000E0,-2.50000000000000000E0,3.00000000000000000E0));
#233=(BOUNDED_SURFACE()B_SPLINE_SURFACE(2,1,((#227,#228),(#229,#230),(#231,#232)),.UNSPECIFIED.,.F.,.F.,.F.)B_SPLINE_SURFACE_WITH_KNOTS((3,3),(2,2),(0.00000000000000000E0,3.00000000000000000E0),(0.00000000000000000E0,1.00000000000000000E0),.UNSPECIFIED.)GEOMETRIC_REPRESENTATION_ITEM()RATIONAL_B_SPLINE_SURFACE(((1.00000000000000000E0,1.00000000000000000E0),(7.07106781186547573E-1,7.07106781186547573E-1),(1.00000000000000000E0,1.00000000000000000E0)))REPRESENTATION_ITEM('')SURFACE());
#234=CARTESIAN_POINT('',(1.00000000000000000E1,-1.00000000000000018E1,0.00000000000000000E0));
#235=CARTESIAN_POINT('',(1.00000000000000000E1,1.00000000000000000E1,0.00000000000000000E0));
#236=CARTESIAN_POINT('',(-1.00000000000000000E1,-1.00000000000000018E1,0.00000000000000000E0));
#237=CARTESIAN_POINT('',(-1.00000000000000000E1,1.00000000000000000E1,0.00000000000000000E0));
#238=B_SPLINE_SURFACE_WITH_KNOTS('',1,1,((#234,#235),(#236,#237)),.UNSPECIFIED.,.F.,.F.,.F.,(2,2),(2,2),(-1.00000000000000000E1,1.00000000000000000E1),(-1.00000000000000018E1,1.00000000000000000E1),.UNSPECIFIED.);
#239=CARTESIAN_POINT('',(1.00000000000000000E1,0.00000000000000000E0,3.00000000000000000E0));
#240=CARTESIAN_POINT('',(1.00000000000000000E1,7.86405512630331205E-1,3.00000000000000000E0));
#241=CARTESIAN_POINT('',(9.73330484898453818E0,1.57134109154076196E0,3.00000000000000000E0));
#242=CARTESIAN_POINT('',(9.33366201890459379E0,2.27162251219693445E0,3.00000000000000000E0));
#243=CARTESIAN_POINT('',(8.94350595554725381E0,2.90652221838533276E0,3.00000000000000000E0));
#244=CARTESIAN_POINT('',(8.66137061729331315E0,3.58765717842271670E0,3.00000000000000000E0));
#245=(BOUNDED_CURVE()B_SPLINE_CURVE(5,(#239,#240,#241,#242,#243,#244),.UNSPECIFIED.,.F.,.F.)B_SPLINE_CURVE_WITH_KNOTS((6,6),(0.00000000000000000E0,1.00000000000000000E0),.UNSPECIFIED.)CURVE()GEOMETRIC_REPRESENTATION_ITEM()RATIONAL_B_SPLINE_CURVE((1.00000000000000000E0,9.92314112161292172E-1,9.88471168241938147E-1,9.88471168241938258E-1,9.92314112161292172E-1,1.00000000000000000E0))REPRESENTATION_ITEM(''));
#246=CARTESIAN_POINT('',(8.66137061729331315E0,3.58765717842271670E0,3.00000000000000000E0));
#247=CARTESIAN_POINT('',(9.23879532511286783E0,3.82683432365089793E0,3.00000000000000000E0));
#248=CARTESIAN_POINT('',(9.23879532511286783E0,3.82683432365089793E0,2.37500000000000000E0));
#249=(BOUNDED_CURVE()B_SPLINE_CURVE(2,(#246,#247,#248),.UNSPECIFIED.,.F.,.F.)B_SPLINE_CURVE_WITH_KNOTS((3,3),(0.00000000000000000E0,1.00000000000000000E0),.UNSPECIFIED.)CURVE()GEOMETRIC_REPRESENTATION_ITEM()RATIONAL_B_SPLINE_CURVE((1.00000000000000000E0,7.07106781186547573E-1,1.00000000000000000E0))REPRESENTATION_ITEM(''));
#250=CARTESIAN_POINT('',(9.23879532511286783E0,3.82683432365089793E0,2.37500000000000000E0));
#251=CARTESIAN_POINT('',(9.53973968591706978E0,3.10029036627768795E0,2.37500000000000000E0));
#252=CARTESIAN_POINT('',(9.76897515091684809E0,2.34563465651285430E0,2.56468686798774481E0));
#253=CARTESIAN_POINT('',(9.92299171697228388E0,1.57134109154076196E0,2.81031313201225608E0));
#254=CARTESIAN_POINT('',(1.00000000000000000E1,7.86405512630331205E-1,3.00000000000000000E0));
#255=CARTESIAN_POINT('',(1.00000000000000000E1,0.00000000000000000E0,3.00000000000000000E0));
#256=(BOUNDED_CURVE()B_SPLINE_CURVE(5,(#250,#251,#252,#253,#254,#255),.UNSPECIFIED.,.F.,.F.)B_SPLINE_CURVE_WITH_KNOTS((6,6),(0.00000000000000000E0,1.00000000000000000E0),.UNSPECIFIED.)CURVE()GEOMETRIC_REPRESENTATION_ITEM()RATIONAL_B_SPLINE_CURVE((1.00000000000000000E0,9.92314112161292172E-1,9.88471168241938258E-1,9.88471168241938147E-1,9.92314112161292172E-1,1.00000000000000000E0))REPRESENTATION_ITEM(''));
#257=CARTESIAN_POINT('',(1.00000000000000000E1,0.00000000000000000E0,3.00000000000000000E0));
#258=CARTESIAN_POINT('',(1.00000000000000000E1,0.00000000000000000E0,3.00000000000000000E0));
#259=CARTESIAN_POINT('',(1.00000000000000000E1,0.00000000000000000E0,3.00000000000000000E0));
#260=(BOUNDED_CURVE()B_SPLINE_CURVE(2,(#257,#258,#259),.UNSPECIFIED.,.F.,.F.)B_SPLINE_CURVE_WITH_KNOTS((3,3),(0.00000000000000000E0,1.00000000000000000E0),.UNSPECIFIED.)CURVE()GEOMETRIC_REPRESENTATION_ITEM()RATIONAL_B_SPLINE_CURVE((1.00000000000000000E0,7.07106781186547573E-1,1.00000000000000000E0))REPRESENTATION_ITEM(''));
#261=CARTESIAN_POINT('',(8.66137061729331315E0,3.58765717842271670E0,3.00000000000000000E0));
#262=CARTESIAN_POINT('',(2.30969883127821696E0,9.56708580912724593E-1,3.00000000000000000E0));
#263=B_SPLINE_CURVE_WITH_KNOTS('',1,(#261,#262),.UNSPECIFIED.,.F.,.F.,(2,2),(0.00000000000000000E0,1.00000000000000000E0),.UNSPECIFIED.);
#264=CARTESIAN_POINT('',(2.30969883127821696E0,9.56708580912724593E-1,3.00000000000000000E0));
#265=CARTESIAN_POINT('',(2.38493492147926744E0,7.75072591569421987E-1,3.00000000000000000E0));
#266=CARTESIAN_POINT('',(2.44224378772921202E0,5.86408664128213575E-1,3.00000000000000000E0));
#267=CARTESIAN_POINT('',(2.48074792924307097E0,3.92835272885190490E-1,3.00000000000000000E0));
#268=CARTESIAN_POINT('',(2.50000000000000000E0,1.96601378157582801E-1,3.00000000000000000E0));
#269=CARTESIAN_POINT('',(2.50000000000000000E0,0.00000000000000000E0,3.00000000000000000E0));
#270=(BOUNDED_CURVE()B_SPLINE_CURVE(5,(#264,#265,#266,#267,#268,#269),.UNSPECIFIED.,.F.,.F.)B_SPLINE_CURVE_WITH_KNOTS((6,6),(0.00000000000000000E0,1.00000000000000000E0),.UNSPECIFIED.)CURVE()GEOMETRIC_REPRESENTATION_ITEM()RATIONAL_B_SPLINE_CURVE((1.00000000000000000E0,9.92314112161292172E-1,9.88471168241938258E-1,9.88471168241938147E-1,9.92314112161292172E-1,1.00000000000000000E0))REPRESENTATION_ITEM(''));
#271=CARTESIAN_POINT('',(2.50000000000000000E0,0.00000000000000000E0,3.00000000000000000E0));
#272=CARTESIAN_POINT('',(1.00000000000000000E1,0.00000000000000000E0,3.00000000000000000E0));
#273=B_SPLINE_CURVE_WITH_KNOTS('',1,(#271,#272),.UNSPECIFIED.,.F.,.F.,(2,2),(0.00000000000000000E0,1.00000000000000000E0),.UNSPECIFIED.);
#274=CARTESIAN_POINT('',(1.00000000000000000E1,0.00000000000000000E0,0.00000000000000000E0));
#275=CARTESIAN_POINT('',(1.00000000000000000E1,7.86405512630331205E-1,0.00000000000000000E0));
#276=CARTESIAN_POINT('',(9.92299171697228388E0,1.57134109154076196E0,0.00000000000000000E0));
#277=CARTESIAN_POINT('',(9.76897515091684809E0,2.34563465651285430E0,0.00000000000000000E0));
#278=CARTESIAN_POINT('',(9.53973968591706978E0,3.10029036627768795E0,0.00000000000000000E0));
#279=CARTESIAN_POINT('',(9.23879532511286783E0,3.82683432365089793E0,0.00000000000000000E0));
#280=(BOUNDED_CURVE()B_SPLINE_CURVE(5,(#274,#275,#276,#277,#278,#279),.UNSPECIFIED.,.F.,.F.)B_SPLINE_CURVE_WITH_KNOTS((6,6),(0.00000000000000000E0,1.00000000000000000E0),.UNSPECIFIED.)CURVE()GEOMETRIC_REPRESENTATION_ITEM()RATIONAL_B_SPLINE_CURVE((1.00000000000000000E0,9.92314112161292172E-1,9.88471168241938147E-1,9.88471168241938258E-1,9.92314112161292172E-1,1.00000000000000000E0))REPRESENTATION_ITEM(''));
#281=CARTESIAN_POINT('',(9.23879532511286783E0,3.82683432365089793E0,0.00000000000000000E0));
#282=CARTESIAN_POINT('',(9.23879532511286783E0,3.82683432365089793E0,2.37500000000000000E0));
#283=B_SPLINE_CURVE_WITH_KNOTS('',1,(#281,#282),.UNSPECIFIED.,.F.,.F.,(2,2),(0.00000000000000000E0,1.00000000000000000E0),.UNSPECIFIED.);
#284=CARTESIAN_POINT('',(1.00000000000000000E1,0.00000000000000000E0,3.00000000000000000E0));
#285=CARTESIAN_POINT('',(1.00000000000000000E1,0.00000000000000000E0,0.00000000000000000E0));
#286=B_SPLINE_CURVE_WITH_KNOTS('',1,(#284,#285),.UNSPECIFIED.,.F.,.F.,(2,2),(0.00000000000000000E0,1.00000000000000000E0),.UNSPECIFIED.);
#287=CARTESIAN_POINT('',(2.50000000000000000E0,0.00000000000000000E0,0.00000000000000000E0));
#288=CARTESIAN_POINT('',(2.50000000000000000E0,1.96601378157582801E-1,0.00000000000000000E0));
#289=CARTESIAN_POINT('',(2.48074792924307097E0,3.92835272885190490E-1,0.00000000000000000E0));
#290=CARTESIAN_POINT('',(2.44224378772921202E0,5.86408664128213575E-1,0.00000000000000000E0));
#291=CARTESIAN_POINT('',(2.38493492147926744E0,7.75072591569421987E-1,0.00000000000000000E0));
#292=CARTESIAN_POINT('',(2.30969883127821696E0,9.56708580912724593E-1,0.00000000000000000E0));
#293=(BOUNDED_CURVE()B_SPLINE_CURVE(5,(#287,#288,#289,#290,#291,#292),.UNSPECIFIED.,.F.,.F.)B_SPLINE_CURVE_WITH_KNOTS((6,6),(0.00000000000000000E0,1.00000000000000000E0),.UNSPECIFIED.)CURVE()GEOMETRIC_REPRESENTATION_ITEM()RATIONAL_B_SPLINE_CURVE((1.00000000000000000E0,9.92314112161292172E-1,9.88471168241938147E-1,9.88471168241938258E-1,9.92314112161292172E-1,1.00000000000000000E0))REPRESENTATION_ITEM(''));
#294=CARTESIAN_POINT('',(2.30969883127821696E0,9.56708580912724593E-1,0.00000000000000000E0));
#295=CARTESIAN_POINT('',(2.30969883127821696E0,9.56708580912724593E-1,3.00000000000000000E0));
#296=B_SPLINE_CURVE_WITH_KNOTS('',1,(#294,#295),.UNSPECIFIED.,.F.,.F.,(2,2),(0.00000000000000000E0,1.00000000000000000E0),.UNSPECIFIED.);
#297=CARTESIAN_POINT('',(2.50000000000000000E0,0.00000000000000000E0,3.00000000000000000E0));
#298=CARTESIAN_POINT('',(2.50000000000000000E0,0.00000000000000000E0,0.00000000000000000E0));
#299=B_SPLINE_CURVE_WITH_KNOTS('',1,(#297,#298),.UNSPECIFIED.,.F.,.F.,(2,2),(0.00000000000000000E0,1.00000000000000000E0),.UNSPECIFIED.);
#300=CARTESIAN_POINT('',(9.23879532511286783E0,3.82683432365089793E0,0.00000000000000000E0));
#301=CARTESIAN_POINT('',(2.30969883127821696E0,9.56708580912724593E-1,0.00000000000000000E0));
#302=B_SPLINE_CURVE_WITH_KNOTS('',1,(#300,#301),.UNSPECIFIED.,.F.,.F.,(2,2),(0.00000000000000000E0,1.00000000000000000E0),.UNSPECIFIED.);
#303=CARTESIAN_POINT('',(2.50000000000000000E0,0.00000000000000000E0,0.00000000000000000E0));
#304=CARTESIAN_POINT('',(1.00000000000000000E1,0.00000000000000000E0,0.00000000000000000E0));
#305=B_SPLINE_CURVE_WITH_KNOTS('',1,(#303,#304),.UNSPECIFIED.,.F.,.F.,(2,2),(0.00000000000000000E0,1.00000000000000000E0),.UNSPECIFIED.);
#306=CARTESIAN_POINT('',(8.66137061729331315E0,3.58765717842271670E0,3.00000000000000000E0));
#307=CARTESIAN_POINT('',(7.17531435684543339E0,7.17531435684543251E0,3.00000000000000000E0));
#308=CARTESIAN_POINT('',(3.58765717842271714E0,8.66137061729331315E0,3.00000000000000000E0));
#309=(BOUNDED_CURVE()B_SPLINE_CURVE(2,(#306,#307,#308),.UNSPECIFIED.,.F.,.F.)B_SPLINE_CURVE_WITH_KNOTS((3,3),(0.00000000000000000E0,1.00000000000000000E0),.UNSPECIFIED.)CURVE()GEOMETRIC_REPRESENTATION_ITEM()RATIONAL_B_SPLINE_CURVE((1.00000000000000000E0,9.23879532511286738E-1,1.00000000000000000E0))REPRESENTATION_ITEM(''));
#310=CARTESIAN_POINT('',(3.58765717842271714E0,8.66137061729331315E0,3.00000000000000000E0));
#311=CARTESIAN_POINT('',(3.82683432365089837E0,9.23879532511286783E0,3.00000000000000000E0));
#312=CARTESIAN_POINT('',(3.82683432365089837E0,9.23879532511286783E0,2.37500000000000000E0));
#313=(BOUNDED_CURVE()B_SPLINE_CURVE(2,(#310,#311,#312),.UNSPECIFIED.,.F.,.F.)B_SPLINE_CURVE_WITH_KNOTS((3,3),(0.00000000000000000E0,1.00000000000000000E0),.UNSPECIFIED.)CURVE()GEOMETRIC_REPRESENTATION_ITEM()RATIONAL_B_SPLINE_CURVE((1.00000000000000000E0,7.07106781186547573E-1,1.00000000000000000E0))REPRESENTATION_ITEM(''));
#314=CARTESIAN_POINT('',(3.82683432365089837E0,9.23879532511286783E0,2.37500000000000000E0));
#315=CARTESIAN_POINT('',(7.65366864730179586E0,7.65366864730179408E0,2.37500000000000000E0));
#316=CARTESIAN_POINT('',(9.23879532511286783E0,3.82683432365089793E0,2.37500000000000000E0));
#317=(BOUNDED_CURVE()B_SPLINE_CURVE(2,(#314,#315,#316),.UNSPECIFIED.,.F.,.F.)B_SPLINE_CURVE_WITH_KNOTS((3,3),(0.00000000000000000E0,1.00000000000000000E0),.UNSPECIFIED.)CURVE()GEOMETRIC_REPRESENTATION_ITEM()RATIONAL_B_SPLINE_CURVE((1.00000000000000000E0,9.23879532511286738E-1,1.00000000000000000E0))REPRESENTATION_ITEM(''));
#318=CARTESIAN_POINT('',(3.58765717842271714E0,8.66137061729331315E0,3.00000000000000000E0));
#319=CARTESIAN_POINT('',(9.56708580912724593E-1,2.30969883127821696E0,3.00000000000000000E0));
#320=B_SPLINE_CURVE_WITH_KNOTS('',1,(#318,#319),.UNSPECIFIED.,.F.,.F.,(2,2),(0.00000000000000000E0,1.00000000000000000E0),.UNSPECIFIED.);
#321=CARTESIAN_POINT('',(9.56708580912724593E-1,2.30969883127821696E0,3.00000000000000000E0));
#322=CARTESIAN_POINT('',(1.91341716182544919E0,1.91341716182544852E0,3.00000000000000000E0));
#323=CARTESIAN_POINT('',(2.30969883127821696E0,9.56708580912724593E-1,3.00000000000000000E0));
#324=(BOUNDED_CURVE()B_SPLINE_CURVE(2,(#321,#322,#323),.UNSPECIFIED.,.F.,.F.)B_SPLINE_CURVE_WITH_KNOTS((3,3),(0.00000000000000000E0,1.00000000000000000E0),.UNSPECIFIED.)CURVE()GEOMETRIC_REPRESENTATION_ITEM()RATIONAL_B_SPLINE_CURVE((1.00000000000000000E0,9.23879532511286738E-1,1.00000000000000000E0))REPRESENTATION_ITEM(''));
#325=CARTESIAN_POINT('',(9.23879532511286783E0,3.82683432365089793E0,0.00000000000000000E0));
#326=CARTESIAN_POINT('',(7.65366864730179586E0,7.65366864730179408E0,0.00000000000000000E0));
#327=CARTESIAN_POINT('',(3.82683432365089837E0,9.23879532511286783E0,0.00000000000000000E0));
#328=(BOUNDED_CURVE()B_SPLINE_CURVE(2,(#325,#326,#327),.UNSPECIFIED.,.F.,.F.)B_SPLINE_CURVE_WITH_KNOTS((3,3),(0.00000000000000000E0,1.00000000000000000E0),.UNSPECIFIED.)CURVE()GEOMETRIC_REPRESENTATION_ITEM()RATIONAL_B_SPLINE_CURVE((1.00000000000000000E0,9.23879532511286738E-1,1.00000000000000000E0))REPRESENTATION_ITEM(''));
#329=CARTESIAN_POINT('',(3.82683432365089837E0,9.23879532511286783E0,0.00000000000000000E0));
#330=CARTESIAN_POINT('',(3.82683432365089837E0,9.23879532511286783E0,2.37500000000000000E0));
#331=B_SPLINE_CURVE_WITH_KNOTS('',1,(#329,#330),.UNSPECIFIED.,.F.,.F.,(2,2),(0.00000000000000000E0,1.00000000000000000E0),.UNSPECIFIED.);
#332=CARTESIAN_POINT('',(2.30969883127821696E0,9.56708580912724593E-1,0.00000000000000000E0));
#333=CARTESIAN_POINT('',(1.91341716182544919E0,1.91341716182544852E0,0.00000000000000000E0));
#334=CARTESIAN_POINT('',(9.56708580912724593E-1,2.30969883127821696E0,0.00000000000000000E0));
#335=(BOUNDED_CURVE()B_SPLINE_CURVE(2,(#332,#333,#334),.UNSPECIFIED.,.F.,.F.)B_SPLINE_CURVE_WITH_KNOTS((3,3),(0.00000000000000000E0,1.00000000000000000E0),.UNSPECIFIED.)CURVE()GEOMETRIC_REPRESENTATION_ITEM()RATIONAL_B_SPLINE_CURVE((1.00000000000000000E0,9.23879532511286738E-1,1.00000000000000000E0))REPRESENTATION_ITEM(''));
#336=CARTESIAN_POINT('',(9.56708580912724593E-1,2.30969883127821696E0,0.00000000000000000E0));
#337=CARTESIAN_POINT('',(9.56708580912724593E-1,2.30969883127821696E0,3.00000000000000000E0));
#338=B_SPLINE_CURVE_WITH_KNOTS('',1,(#336,#337),.UNSPECIFIED.,.F.,.F.,(2,2),(0.00000000000000000E0,1.00000000000000000E0),.UNSPECIFIED.);
#339=CARTESIAN_POINT('',(3.82683432365089837E0,9.23879532511286783E0,0.00000000000000000E0));
#340=CARTESIAN_POINT('',(9.56708580912724593E-1,2.30969883127821696E0,0.00000000000000000E0));
#341=B_SPLINE_CURVE_WITH_KNOTS('',1,(#339,#340),.UNSPECIFIED.,.F.,.F.,(2,2),(0.00000000000000000E0,1.00000000000000000E0),.UNSPECIFIED.);
#342=CARTESIAN_POINT('',(3.58765717842271714E0,8.66137061729331315E0,3.00000000000000000E0));
#343=CARTESIAN_POINT('',(2.90652221838533320E0,8.94350595554725381E0,3.00000000000000000E0));
#344=CARTESIAN_POINT('',(2.27162251219693578E0,9.33366201890459379E0,3.00000000000000000E0));
#345=CARTESIAN_POINT('',(1.57134109154076218E0,9.73330484898453818E0,3.00000000000000000E0));
#346=CARTESIAN_POINT('',(7.86405512630331538E-1,1.00000000000000000E1,3.00000000000000000E0));
#347=CARTESIAN_POINT('',(0.00000000000000000E0,1.00000000000000000E1,3.00000000000000000E0));
#348=(BOUNDED_CURVE()B_SPLINE_CURVE(5,(#342,#343,#344,#345,#346,#347),.UNSPECIFIED.,.F.,.F.)B_SPLINE_CURVE_WITH_KNOTS((6,6),(0.00000000000000000E0,1.00000000000000000E0),.UNSPECIFIED.)CURVE()GEOMETRIC_REPRESENTATION_ITEM()RATIONAL_B_SPLINE_CURVE((1.00000000000000000E0,9.92314112161292172E-1,9.88471168241938147E-1,9.88471168241938258E-1,9.92314112161292172E-1,1.00000000000000000E0))REPRESENTATION_ITEM(''));
#349=CARTESIAN_POINT('',(0.00000000000000000E0,1.00000000000000000E1,3.00000000000000000E0));
#350=CARTESIAN_POINT('',(0.00000000000000000E0,1.00000000000000000E1,3.00000000000000000E0));
#351=CARTESIAN_POINT('',(0.00000000000000000E0,1.00000000000000000E1,3.00000000000000000E0));
#352=(BOUNDED_CURVE()B_SPLINE_CURVE(2,(#349,#350,#351),.UNSPECIFIED.,.F.,.F.)B_SPLINE_CURVE_WITH_KNOTS((3,3),(0.00000000000000000E0,1.00000000000000000E0),.UNSPECIFIED.)CURVE()GEOMETRIC_REPRESENTATION_ITEM()RATIONAL_B_SPLINE_CURVE((1.00000000000000000E0,7.07106781186547573E-1,1.00000000000000000E0))REPRESENTATION_ITEM(''));
#353=CARTESIAN_POINT('',(0.00000000000000000E0,1.00000000000000000E1,3.00000000000000000E0));
#354=CARTESIAN_POINT('',(7.86405512630331538E-1,1.00000000000000000E1,3.00000000000000000E0));
#355=CARTESIAN_POINT('',(1.57134109154076218E0,9.92299171697228211E0,2.81031313201225519E0));
#356=CARTESIAN_POINT('',(2.34563465651285519E0,9.76897515091684987E0,2.56468686798774437E0));
#357=CARTESIAN_POINT('',(3.10029036627768839E0,9.53973968591706978E0,2.37500000000000000E0));
#358=CARTESIAN_POINT('',(3.82683432365089837E0,9.23879532511286783E0,2.37500000000000000E0));
#359=(BOUNDED_CURVE()B_SPLINE_CURVE(5,(#353,#354,#355,#356,#357,#358),.UNSPECIFIED.,.F.,.F.)B_SPLINE_CURVE_WITH_KNOTS((6,6),(0.00000000000000000E0,1.00000000000000000E0),.UNSPECIFIED.)CURVE()GEOMETRIC_REPRESENTATION_ITEM()RATIONAL_B_SPLINE_CURVE((1.00000000000000000E0,9.92314112161292172E-1,9.88471168241938258E-1,9.88471168241938147E-1,9.92314112161292172E-1,1.00000000000000000E0))REPRESENTATION_ITEM(''));
#360=CARTESIAN_POINT('',(0.00000000000000000E0,1.00000000000000000E1,3.00000000000000000E0));
#361=CARTESIAN_POINT('',(0.00000000000000000E0,2.50000000000000000E0,3.00000000000000000E0));
#362=B_SPLINE_CURVE_WITH_KNOTS('',1,(#360,#361),.UNSPECIFIED.,.F.,.F.,(2,2),(0.00000000000000000E0,1.00000000000000000E0),.UNSPECIFIED.);
#363=CARTESIAN_POINT('',(0.00000000000000000E0,2.50000000000000000E0,3.00000000000000000E0));
#364=CARTESIAN_POINT('',(1.96601378157582884E-1,2.50000000000000000E0,3.00000000000000000E0));
#365=CARTESIAN_POINT('',(3.92835272885190545E-1,2.48074792924307053E0,3.00000000000000000E0));
#366=CARTESIAN_POINT('',(5.86408664128213797E-1,2.44224378772921247E0,3.00000000000000000E0));
#367=CARTESIAN_POINT('',(7.75072591569422098E-1,2.38493492147926744E0,3.00000000000000000E0));
#368=CARTESIAN_POINT('',(9.56708580912724593E-1,2.30969883127821696E0,3.00000000000000000E0));
#369=(BOUNDED_CURVE()B_SPLINE_CURVE(5,(#363,#364,#365,#366,#367,#368),.UNSPECIFIED.,.F.,.F.)B_SPLINE_CURVE_WITH_KNOTS((6,6),(0.00000000000000000E0,1.00000000000000000E0),.UNSPECIFIED.)CURVE()GEOMETRIC_REPRESENTATION_ITEM()RATIONAL_B_SPLINE_CURVE((1.00000000000000000E0,9.92314112161292172E-1,9.88471168241938258E-1,9.88471168241938147E-1,9.92314112161292172E-1,1.00000000000000000E0))REPRESENTATION_ITEM(''));
#370=CARTESIAN_POINT('',(3.82683432365089837E0,9.23879532511286783E0,0.00000000000000000E0));
#371=CARTESIAN_POINT('',(3.10029036627768839E0,9.53973968591706978E0,0.00000000000000000E0));
#372=CARTESIAN_POINT('',(2.34563465651285519E0,9.76897515091684987E0,0.00000000000000000E0));
#373=CARTESIAN_POINT('',(1.57134109154076218E0,9.92299171697228211E0,0.00000000000000000E0));
#374=CARTESIAN_POINT('',(7.86405512630331538E-1,1.00000000000000000E1,0.00000000000000000E0));
#375=CARTESIAN_POINT('',(0.00000000000000000E0,1.00000000000000000E1,0.00000000000000000E0));
#376=(BOUNDED_CURVE()B_SPLINE_CURVE(5,(#370,#371,#372,#373,#374,#375),.UNSPECIFIED.,.F.,.F.)B_SPLINE_CURVE_WITH_KNOTS((6,6),(0.00000000000000000E0,1.00000000000000000E0),.UNSPECIFIED.)CURVE()GEOMETRIC_REPRESENTATION_ITEM()RATIONAL_B_SPLINE_CURVE((1.00000000000000000E0,9.92314112161292172E-1,9.88471168241938147E-1,9.88471168241938258E-1,9.92314112161292172E-1,1.00000000000000000E0))REPRESENTATION_ITEM(''));
#377=CARTESIAN_POINT('',(0.00000000000000000E0,1.00000000000000000E1,0.00000000000000000E0));
#378=CARTESIAN_POINT('',(0.00000000000000000E0,1.00000000000000000E1,3.00000000000000000E0));
#379=B_SPLINE_CURVE_WITH_KNOTS('',1,(#377,#378),.UNSPECIFIED.,.F.,.F.,(2,2),(0.00000000000000000E0,1.00000000000000000E0),.UNSPECIFIED.);
#380=CARTESIAN_POINT('',(9.56708580912724593E-1,2.30969883127821696E0,0.00000000000000000E0));
#381=CARTESIAN_POINT('',(7.75072591569422098E-1,2.38493492147926744E0,0.00000000000000000E0));
#382=CARTESIAN_POINT('',(5.86408664128213797E-1,2.44224378772921247E0,0.00000000000000000E0));
#383=CARTESIAN_POINT('',(3.92835272885190545E-1,2.48074792924307053E0,0.00000000000000000E0));
#384=CARTESIAN_POINT('',(1.96601378157582884E-1,2.50000000000000000E0,0.00000000000000000E0));
#385=CARTESIAN_POINT('',(0.00000000000000000E0,2.50000000000000000E0,0.00000000000000000E0));
#386=(BOUNDED_CURVE()B_SPLINE_CURVE(5,(#380,#381,#382,#383,#384,#385),.UNSPECIFIED.,.F.,.F.)B_SPLINE_CURVE_WITH_KNOTS((6,6),(0.00000000000000000E0,1.00000000000000000E0),.UNSPECIFIED.)CURVE()GEOMETRIC_REPRESENTATION_ITEM()RATIONAL_B_SPLINE_CURVE((1.00000000000000000E0,9.92314112161292172E-1,9.88471168241938147E-1,9.88471168241938258E-1,9.92314112161292172E-1,1.00000000000000000E0))REPRESENTATION_ITEM(''));
#387=CARTESIAN_POINT('',(0.00000000000000000E0,2.50000000000000000E0,0.00000000000000000E0));
#388=CARTESIAN_POINT('',(0.00000000000000000E0,2.50000000000000000E0,3.00000000000000000E0));
#389=B_SPLINE_CURVE_WITH_KNOTS('',1,(#387,#388),.UNSPECIFIED.,.F.,.F.,(2,2),(0.00000000000000000E0,1.00000000000000000E0),.UNSPECIFIED.);
#390=CARTESIAN_POINT('',(0.00000000000000000E0,1.00000000000000000E1,0.00000000000000000E0));
#391=CARTESIAN_POINT('',(0.00000000000000000E0,2.50000000000000000E0,0.00000000000000000E0));
#392=B_SPLINE_CURVE_WITH_KNOTS('',1,(#390,#391),.UNSPECIFIED.,.F.,.F.,(2,2),(0.00000000000000000E0,1.00000000000000000E0),.UNSPECIFIED.);
#393=CARTESIAN_POINT('',(0.00000000000000000E0,1.00000000000000000E1,3.00000000000000000E0));
#394=CARTESIAN_POINT('',(-9.99999999999999822E0,1.00000000000000000E1,3.00000000000000000E0));
#395=CARTESIAN_POINT('',(-1.00000000000000000E1,0.00000000000000000E0,3.00000000000000000E0));
#396=(BOUNDED_CURVE()B_SPLINE_CURVE(2,(#393,#394,#395),.UNSPECIFIED.,.F.,.F.)B_SPLINE_CURVE_WITH_KNOTS((3,3),(0.00000000000000000E0,1.00000000000000000E0),.UNSPECIFIED.)CURVE()GEOMETRIC_REPRESENTATION_ITEM()RATIONAL_B_SPLINE_CURVE((1.00000000000000000E0,7.07106781186547573E-1,1.00000000000000000E0))REPRESENTATION_ITEM(''));
#397=CARTESIAN_POINT('',(-1.00000000000000000E1,0.00000000000000000E0,3.00000000000000000E0));
#398=CARTESIAN_POINT('',(-2.50000000000000000E0,0.00000000000000000E0,3.00000000000000000E0));
#399=B_SPLINE_CURVE_WITH_KNOTS('',1,(#397,#398),.UNSPECIFIED.,.F.,.F.,(2,2),(0.00000000000000000E0,1.00000000000000000E0),.UNSPECIFIED.);
#400=CARTESIAN_POINT('',(-2.50000000000000000E0,0.00000000000000000E0,3.00000000000000000E0));
#401=CARTESIAN_POINT('',(-2.49999999999999956E0,2.50000000000000000E0,3.00000000000000000E0));
#402=CARTESIAN_POINT('',(0.00000000000000000E0,2.50000000000000000E0,3.00000000000000000E0));
#403=(BOUNDED_CURVE()B_SPLINE_CURVE(2,(#400,#401,#402),.UNSPECIFIED.,.F.,.F.)B_SPLINE_CURVE_WITH_KNOTS((3,3),(0.00000000000000000E0,1.00000000000000000E0),.UNSPECIFIED.)CURVE()GEOMETRIC_REPRESENTATION_ITEM()RATIONAL_B_SPLINE_CURVE((1.00000000000000000E0,7.07106781186547573E-1,1.00000000000000000E0))REPRESENTATION_ITEM(''));
#404=CARTESIAN_POINT('',(0.00000000000000000E0,1.00000000000000000E1,0.00000000000000000E0));
#405=CARTESIAN_POINT('',(-9.99999999999999822E0,1.00000000000000000E1,0.00000000000000000E0));
#406=CARTESIAN_POINT('',(-1.00000000000000000E1,0.00000000000000000E0,0.00000000000000000E0));
#407=(BOUNDED_CURVE()B_SPLINE_CURVE(2,(#404,#405,#406),.UNSPECIFIED.,.F.,.F.)B_SPLINE_CURVE_WITH_KNOTS((3,3),(0.00000000000000000E0,1.00000000000000000E0),.UNSPECIFIED.)CURVE()GEOMETRIC_REPRESENTATION_ITEM()RATIONAL_B_SPLINE_CURVE((1.00000000000000000E0,7.07106781186547573E-1,1.00000000000000000E0))REPRESENTATION_ITEM(''));
#408=CARTESIAN_POINT('',(-1.00000000000000000E1,0.00000000000000000E0,0.00000000000000000E0));
#409=CARTESIAN_POINT('',(-1.00000000000000000E1,0.00000000000000000E0,3.00000000000000000E0));
#410=B_SPLINE_CURVE_WITH_KNOTS('',1,(#408,#409),.UNSPECIFIED.,.F.,.F.,(2,2),(0.00000000000000000E0,1.00000000000000000E0),.UNSPECIFIED.);
#411=CARTESIAN_POINT('',(0.00000000000000000E0,2.50000000000000000E0,0.00000000000000000E0));
#412=CARTESIAN_POINT('',(-2.49999999999999956E0,2.50000000000000000E0,0.00000000000000000E0));
#413=CARTESIAN_POINT('',(-2.50000000000000000E0,0.00000000000000000E0,0.00000000000000000E0));
#414=(BOUNDED_CURVE()B_SPLINE_CURVE(2,(#411,#412,#413),.UNSPECIFIED.,.F.,.F.)B_SPLINE_CURVE_WITH_KNOTS((3,3),(0.00000000000000000E0,1.00000000000000000E0),.UNSPECIFIED.)CURVE()GEOMETRIC_REPRESENTATION_ITEM()RATIONAL_B_SPLINE_CURVE((1.00000000000000000E0,7.07106781186547573E-1,1.00000000000000000E0))REPRESENTATION_ITEM(''));
#415=CARTESIAN_POINT('',(-2.50000000000000000E0,0.00000000000000000E0,0.00000000000000000E0));
#416=CARTESIAN_POINT('',(-2.50000000000000000E0,0.00000000000000000E0,3.00000000000000000E0));
#417=B_SPLINE_CURVE_WITH_KNOTS('',1,(#415,#416),.UNSPECIFIED.,.F.,.F.,(2,2),(0.00000000000000000E0,1.00000000000000000E0),.UNSPECIFIED.);
#418=CARTESIAN_POINT('',(-1.00000000000000000E1,0.00000000000000000E0,0.00000000000000000E0));
#419=CARTESIAN_POINT('',(-2.50000000000000000E0,0.00000000000000000E0,0.00000000000000000E0));
#420=B_SPLINE_CURVE_WITH_KNOTS('',1,(#418,#419),.UNSPECIFIED.,.F.,.F.,(2,2),(0.00000000000000000E0,1.00000000000000000E0),.UNSPECIFIED.);
#421=CARTESIAN_POINT('',(-1.00000000000000000E1,0.00000000000000000E0,3.00000000000000000E0));
#422=CARTESIAN_POINT('',(-1.00000000000000018E1,-9.99999999999999822E0,3.00000000000000000E0));
#423=CARTESIAN_POINT('',(0.00000000000000000E0,-1.00000000000000000E1,3.00000000000000000E0));
#424=(BOUNDED_CURVE()B_SPLINE_CURVE(2,(#421,#422,#423),.UNSPECIFIED.,.F.,.F.)B_SPLINE_CURVE_WITH_KNOTS((3,3),(0.00000000000000000E0,1.00000000000000000E0),.UNSPECIFIED.)CURVE()GEOMETRIC_REPRESENTATION_ITEM()RATIONAL_B_SPLINE_CURVE((1.00000000000000000E0,7.07106781186547573E-1,1.00000000000000000E0))REPRESENTATION_ITEM(''));
#425=CARTESIAN_POINT('',(0.00000000000000000E0,-1.00000000000000000E1,3.00000000000000000E0));
#426=CARTESIAN_POINT('',(0.00000000000000000E0,-2.50000000000000000E0,3.00000000000000000E0));
#427=B_SPLINE_CURVE_WITH_KNOTS('',1,(#425,#426),.UNSPECIFIED.,.F.,.F.,(2,2),(0.00000000000000000E0,1.00000000000000000E0),.UNSPECIFIED.);
#428=CARTESIAN_POINT('',(0.00000000000000000E0,-2.50000000000000000E0,3.00000000000000000E0));
#429=CARTESIAN_POINT('',(-2.50000000000000044E0,-2.49999999999999956E0,3.00000000000000000E0));
#430=CARTESIAN_POINT('',(-2.50000000000000000E0,0.00000000000000000E0,3.00000000000000000E0));
#431=(BOUNDED_CURVE()B_SPLINE_CURVE(2,(#428,#429,#430),.UNSPECIFIED.,.F.,.F.)B_SPLINE_CURVE_WITH_KNOTS((3,3),(0.00000000000000000E0,1.00000000000000000E0),.UNSPECIFIED.)CURVE()GEOMETRIC_REPRESENTATION_ITEM()RATIONAL_B_SPLINE_CURVE((1.00000000000000000E0,7.07106781186547573E-1,1.00000000000000000E0))REPRESENTATION_ITEM(''));
#432=CARTESIAN_POINT('',(-1.00000000000000000E1,0.00000000000000000E0,0.00000000000000000E0));
#433=CARTESIAN_POINT('',(-1.00000000000000018E1,-9.99999999999999822E0,0.00000000000000000E0));
#434=CARTESIAN_POINT('',(0.00000000000000000E0,-1.00000000000000000E1,0.00000000000000000E0));
#435=(BOUNDED_CURVE()B_SPLINE_CURVE(2,(#432,#433,#434),.UNSPECIFIED.,.F.,.F.)B_SPLINE_CURVE_WITH_KNOTS((3,3),(0.00000000000000000E0,1.00000000000000000E0),.UNSPECIFIED.)CURVE()GEOMETRIC_REPRESENTATION_ITEM()RATIONAL_B_SPLINE_CURVE((1.00000000000000000E0,7.07106781186547573E-1,1.00000000000000000E0))REPRESENTATION_ITEM(''));
#436=CARTESIAN_POINT('',(0.00000000000000000E0,-1.00000000000000000E1,0.00000000000000000E0));
#437=CARTESIAN_POINT('',(0.00000000000000000E0,-1.00000000000000000E1,3.00000000000000000E0));
#438=B_SPLINE_CURVE_WITH_KNOTS('',1,(#436,#437),.UNSPECIFIED.,.F.,.F.,(2,2),(0.00000000000000000E0,1.00000000000000000E0),.UNSPECIFIED.);
#439=CARTESIAN_POINT('',(-2.50000000000000000E0,0.00000000000000000E0,0.00000000000000000E0));
#440=CARTESIAN_POINT('',(-2.50000000000000044E0,-2.49999999999999956E0,0.00000000000000000E0));
#441=CARTESIAN_POINT('',(0.00000000000000000E0,-2.50000000000000000E0,0.00000000000000000E0));
#442=(BOUNDED_CURVE()B_SPLINE_CURVE(2,(#439,#440,#441),.UNSPECIFIED.,.F.,.F.)B_SPLINE_CURVE_WITH_KNOTS((3,3),(0.00000000000000000E0,1.00000000000000000E0),.UNSPECIFIED.)CURVE()GEOMETRIC_REPRESENTATION_ITEM()RATIONAL_B_SPLINE_CURVE((1.00000000000000000E0,7.07106781186547573E-1,1.00000000000000000E0))REPRESENTATION_ITEM(''));
#443=CARTESIAN_POINT('',(0.00000000000000000E0,-2.50000000000000000E0,0.00000000000000000E0));
#444=CARTESIAN_POINT('',(0.00000000000000000E0,-2.50000000000000000E0,3.00000000000000000E0));
#445=B_SPLINE_CURVE_WITH_KNOTS('',1,(#443,#444),.UNSPECIFIED.,.F.,.F.,(2,2),(0.00000000000000000E0,1.00000000000000000E0),.UNSPECIFIED.);
#446=CARTESIAN_POINT('',(0.00000000000000000E0,-1.00000000000000000E1,0.00000000000000000E0));
#447=CARTESIAN_POINT('',(0.00000000000000000E0,-2.50000000000000000E0,0.00000000000000000E0));
#448=B_SPLINE_CURVE_WITH_KNOTS('',1,(#446,#447),.UNSPECIFIED.,.F.,.F.,(2,2),(0.00000000000000000E0,1.00000000000000000E0),.UNSPECIFIED.);
#449=CARTESIAN_POINT('',(0.00000000000000000E0,-1.00000000000000000E1,3.00000000000000000E0));
#450=CARTESIAN_POINT('',(9.99999999999999645E0,-1.00000000000000018E1,3.00000000000000000E0));
#451=CARTESIAN_POINT('',(1.00000000000000000E1,0.00000000000000000E0,3.00000000000000000E0));
#452=(BOUNDED_CURVE()B_SPLINE_CURVE(2,(#449,#450,#451),.UNSPECIFIED.,.F.,.F.)B_SPLINE_CURVE_WITH_KNOTS((3,3),(0.00000000000000000E0,1.00000000000000000E0),.UNSPECIFIED.)CURVE()GEOMETRIC_REPRESENTATION_ITEM()RATIONAL_B_SPLINE_CURVE((1.00000000000000000E0,7.07106781186547573E-1,1.00000000000000000E0))REPRESENTATION_ITEM(''));
#453=CARTESIAN_POINT('',(2.50000000000000000E0,0.00000000000000000E0,3.00000000000000000E0));
#454=CARTESIAN_POINT('',(2.49999999999999911E0,-2.50000000000000044E0,3.00000000000000000E0));
#455=CARTESIAN_POINT('',(0.00000000000000000E0,-2.50000000000000000E0,3.00000000000000000E0));
#456=(BOUNDED_CURVE()B_SPLINE_CURVE(2,(#453,#454,#455),.UNSPECIFIED.,.F.,.F.)B_SPLINE_CURVE_WITH_KNOTS((3,3),(0.00000000000000000E0,1.00000000000000000E0),.UNSPECIFIED.)CURVE()GEOMETRIC_REPRESENTATION_ITEM()RATIONAL_B_SPLINE_CURVE((1.00000000000000000E0,7.07106781186547573E-1,1.00000000000000000E0))REPRESENTATION_ITEM(''));
#457=CARTESIAN_POINT('',(0.00000000000000000E0,-1.00000000000000000E1,0.00000000000000000E0));
#458=CARTESIAN_POINT('',(9.99999999999999645E0,-1.00000000000000018E1,0.00000000000000000E0));
#459=CARTESIAN_POINT('',(1.00000000000000000E1,0.00000000000000000E0,0.00000000000000000E0));
#460=(BOUNDED_CURVE()B_SPLINE_CURVE(2,(#457,#458,#459),.UNSPECIFIED.,.F.,.F.)B_SPLINE_CURVE_WITH_KNOTS((3,3),(0.00000000000000000E0,1.00000000000000000E0),.UNSPECIFIED.)CURVE()GEOMETRIC_REPRESENTATION_ITEM()RATIONAL_B_SPLINE_CURVE((1.00000000000000000E0,7.07106781186547573E-1,1.00000000000000000E0))REPRESENTATION_ITEM(''));
#461=CARTESIAN_POINT('',(0.00000000000000000E0,-2.50000000000000000E0,0.00000000000000000E0));
#462=CARTESIAN_POINT('',(2.49999999999999911E0,-2.50000000000000044E0,0.00000000000000000E0));
#463=CARTESIAN_POINT('',(2.50000000000000000E0,0.00000000000000000E0,0.00000000000000000E0));
#464=(BOUNDED_CURVE()B_SPLINE_CURVE(2,(#461,#462,#463),.UNSPECIFIED.,.F.,.F.)B_SPLINE_CURVE_WITH_KNOTS((3,3),(0.00000000000000000E0,1.00000000000000000E0),.UNSPECIFIED.)CURVE()GEOMETRIC_REPRESENTATION_ITEM()RATIONAL_B_SPLINE_CURVE((1.00000000000000000E0,7.07106781186547573E-1,1.00000000000000000E0))REPRESENTATION_ITEM(''));
#465=(GEOMETRIC_REPRESENTATION_CONTEXT(2)REPRESENTATION_CONTEXT('','2D'));
#466=CARTESIAN_POINT('',(1.00000000000000000E0,0.00000000000000000E0));
#467=CARTESIAN_POINT('',(1.00000000000000000E0,1.00000000000000000E0));
#468=B_SPLINE_CURVE_WITH_KNOTS('',1,(#466,#467),.UNSPECIFIED.,.F.,.F.,(2,2),(0.00000000000000000E0,1.00000000000000000E0),.UNSPECIFIED.);
#469=DEFINITIONAL_REPRESENTATION('',(#468),#465);
#470=PCURVE('',#71,#469);
#471=CARTESIAN_POINT('',(1.00000000000000000E0,1.00000000000000000E0));
#472=CARTESIAN_POINT('',(0.00000000000000000E0,1.00000000000000000E0));
#473=B_SPLINE_CURVE_WITH_KNOTS('',1,(#471,#472),.UNSPECIFIED.,.F.,.F.,(2,2),(0.00000000000000000E0,1.00000000000000000E0),.UNSPECIFIED.);
#474=DEFINITIONAL_REPRESENTATION('',(#473),#465);
#475=PCURVE('',#71,#474);
#476=CARTESIAN_POINT('',(0.00000000000000000E0,1.00000000000000000E0));
#477=CARTESIAN_POINT('',(0.00000000000000000E0,0.00000000000000000E0));
#478=B_SPLINE_CURVE_WITH_KNOTS('',1,(#476,#477),.UNSPECIFIED.,.F.,.F.,(2,2),(0.00000000000000000E0,1.00000000000000000E0),.UNSPECIFIED.);
#479=DEFINITIONAL_REPRESENTATION('',(#478),#465);
#480=PCURVE('',#71,#479);
#481=CARTESIAN_POINT('',(0.00000000000000000E0,0.00000000000000000E0));
#482=CARTESIAN_POINT('',(1.00000000000000000E0,0.00000000000000000E0));
#483=B_SPLINE_CURVE_WITH_KNOTS('',1,(#481,#482),.UNSPECIFIED.,.F.,.F.,(2,2),(0.00000000000000000E0,1.00000000000000000E0),.UNSPECIFIED.);
#484=DEFINITIONAL_REPRESENTATION('',(#483),#465);
#485=PCURVE('',#71,#484);
#486=CARTESIAN_POINT('',(1.00000000000000000E1,0.00000000000000000E0));
#487=CARTESIAN_POINT('',(1.00000000000000000E1,7.86405512630331205E-1));
#488=CARTESIAN_POINT('',(9.73330484898453818E0,1.57134109154076196E0));
#489=CARTESIAN_POINT('',(9.33366201890459379E0,2.27162251219693445E0));
#490=CARTESIAN_POINT('',(8.94350595554725381E0,2.90652221838533276E0));
#491=CARTESIAN_POINT('',(8.66137061729331315E0,3.58765717842271670E0));
#492=(BOUNDED_CURVE()B_SPLINE_CURVE(5,(#486,#487,#488,#489,#490,#491),.UNSPECIFIED.,.F.,.F.)B_SPLINE_CURVE_WITH_KNOTS((6,6),(0.00000000000000000E0,1.00000000000000000E0),.UNSPECIFIED.)CURVE()GEOMETRIC_REPRESENTATION_ITEM()RATIONAL_B_SPLINE_CURVE((1.00000000000000000E0,9.92314112161292172E-1,9.88471168241938147E-1,9.88471168241938258E-1,9.92314112161292172E-1,1.00000000000000000E0))REPRESENTATION_ITEM(''));
#493=DEFINITIONAL_REPRESENTATION('',(#492),#465);
#494=PCURVE('',#76,#493);
#495=CARTESIAN_POINT('',(8.66137061729331315E0,3.58765717842271670E0));
#496=CARTESIAN_POINT('',(2.30969883127821696E0,9.56708580912724593E-1));
#497=B_SPLINE_CURVE_WITH_KNOTS('',1,(#495,#496),.UNSPECIFIED.,.F.,.F.,(2,2),(0.00000000000000000E0,1.00000000000000000E0),.UNSPECIFIED.);
#498=DEFINITIONAL_REPRESENTATION('',(#497),#465);
#499=PCURVE('',#76,#498);
#500=CARTESIAN_POINT('',(2.30969883127821696E0,9.56708580912724593E-1));
#501=CARTESIAN_POINT('',(2.38493492147926744E0,7.75072591569421987E-1));
#502=CARTESIAN_POINT('',(2.44224378772921202E0,5.86408664128213575E-1));
#503=CARTESIAN_POINT('',(2.48074792924307097E0,3.92835272885190490E-1));
#504=CARTESIAN_POINT('',(2.50000000000000000E0,1.96601378157582801E-1));
#505=CARTESIAN_POINT('',(2.50000000000000000E0,0.00000000000000000E0));
#506=(BOUNDED_CURVE()B_SPLINE_CURVE(5,(#500,#501,#502,#503,#504,#505),.UNSPECIFIED.,.F.,.F.)B_SPLINE_CURVE_WITH_KNOTS((6,6),(0.00000000000000000E0,1.00000000000000000E0),.UNSPECIFIED.)CURVE()GEOMETRIC_REPRESENTATION_ITEM()RATIONAL_B_SPLINE_CURVE((1.00000000000000000E0,9.92314112161292172E-1,9.88471168241938258E-1,9.88471168241938147E-1,9.92314112161292172E-1,1.00000000000000000E0))REPRESENTATION_ITEM(''));
#507=DEFINITIONAL_REPRESENTATION('',(#506),#465);
#508=PCURVE('',#76,#507);
#509=CARTESIAN_POINT('',(2.50000000000000000E0,0.00000000000000000E0));
#510=CARTESIAN_POINT('',(1.00000000000000000E1,0.00000000000000000E0));
#511=B_SPLINE_CURVE_WITH_KNOTS('',1,(#509,#510),.UNSPECIFIED.,.F.,.F.,(2,2),(0.00000000000000000E0,1.00000000000000000E0),.UNSPECIFIED.);
#512=DEFINITIONAL_REPRESENTATION('',(#511),#465);
#513=PCURVE('',#76,#512);
#514=CARTESIAN_POINT('',(0.00000000000000000E0,0.00000000000000000E0));
#515=CARTESIAN_POINT('',(3.00000000000000000E0,0.00000000000000000E0));
#516=B_SPLINE_CURVE_WITH_KNOTS('',1,(#514,#515),.UNSPECIFIED.,.F.,.F.,(2,2),(0.00000000000000000E0,1.00000000000000000E0),.UNSPECIFIED.);
#517=DEFINITIONAL_REPRESENTATION('',(#516),#465);
#518=PCURVE('',#89,#517);
#519=CARTESIAN_POINT('',(3.00000000000000000E0,0.00000000000000000E0));
#520=CARTESIAN_POINT('',(3.00000000000000000E0,1.00000000000000000E0));
#521=B_SPLINE_CURVE_WITH_KNOTS('',1,(#519,#520),.UNSPECIFIED.,.F.,.F.,(2,2),(0.00000000000000000E0,1.00000000000000000E0),.UNSPECIFIED.);
#522=DEFINITIONAL_REPRESENTATION('',(#521),#465);
#523=PCURVE('',#89,#522);
#524=CARTESIAN_POINT('',(3.00000000000000000E0,1.00000000000000000E0));
#525=CARTESIAN_POINT('',(0.00000000000000000E0,1.00000000000000000E0));
#526=B_SPLINE_CURVE_WITH_KNOTS('',1,(#524,#525),.UNSPECIFIED.,.F.,.F.,(2,2),(0.00000000000000000E0,1.00000000000000000E0),.UNSPECIFIED.);
#527=DEFINITIONAL_REPRESENTATION('',(#526),#465);
#528=PCURVE('',#89,#527);
#529=CARTESIAN_POINT('',(0.00000000000000000E0,1.00000000000000000E0));
#530=CARTESIAN_POINT('',(0.00000000000000000E0,0.00000000000000000E0));
#531=B_SPLINE_CURVE_WITH_KNOTS('',1,(#529,#530),.UNSPECIFIED.,.F.,.F.,(2,2),(0.00000000000000000E0,1.00000000000000000E0),.UNSPECIFIED.);
#532=DEFINITIONAL_REPRESENTATION('',(#531),#465);
#533=PCURVE('',#89,#532);
#534=CARTESIAN_POINT('',(3.00000000000000000E0,0.00000000000000000E0));
#535=CARTESIAN_POINT('',(3.00000000000000000E0,1.00000000000000000E0));
#536=B_SPLINE_CURVE_WITH_KNOTS('',1,(#534,#535),.UNSPECIFIED.,.F.,.F.,(2,2),(0.00000000000000000E0,1.00000000000000000E0),.UNSPECIFIED.);
#537=DEFINITIONAL_REPRESENTATION('',(#536),#465);
#538=PCURVE('',#102,#537);
#539=CARTESIAN_POINT('',(3.00000000000000000E0,1.00000000000000000E0));
#540=CARTESIAN_POINT('',(0.00000000000000000E0,1.00000000000000000E0));
#541=B_SPLINE_CURVE_WITH_KNOTS('',1,(#539,#540),.UNSPECIFIED.,.F.,.F.,(2,2),(0.00000000000000000E0,1.00000000000000000E0),.UNSPECIFIED.);
#542=DEFINITIONAL_REPRESENTATION('',(#541),#465);
#543=PCURVE('',#102,#542);
#544=CARTESIAN_POINT('',(0.00000000000000000E0,1.00000000000000000E0));
#545=CARTESIAN_POINT('',(0.00000000000000000E0,0.00000000000000000E0));
#546=B_SPLINE_CURVE_WITH_KNOTS('',1,(#544,#545),.UNSPECIFIED.,.F.,.F.,(2,2),(0.00000000000000000E0,1.00000000000000000E0),.UNSPECIFIED.);
#547=DEFINITIONAL_REPRESENTATION('',(#546),#465);
#548=PCURVE('',#102,#547);
#549=CARTESIAN_POINT('',(0.00000000000000000E0,0.00000000000000000E0));
#550=CARTESIAN_POINT('',(3.00000000000000000E0,0.00000000000000000E0));
#551=B_SPLINE_CURVE_WITH_KNOTS('',1,(#549,#550),.UNSPECIFIED.,.F.,.F.,(2,2),(0.00000000000000000E0,1.00000000000000000E0),.UNSPECIFIED.);
#552=DEFINITIONAL_REPRESENTATION('',(#551),#465);
#553=PCURVE('',#102,#552);
#554=CARTESIAN_POINT('',(-1.00000000000000000E1,0.00000000000000000E0));
#555=CARTESIAN_POINT('',(-2.50000000000000000E0,0.00000000000000000E0));
#556=B_SPLINE_CURVE_WITH_KNOTS('',1,(#554,#555),.UNSPECIFIED.,.F.,.F.,(2,2),(0.00000000000000000E0,1.00000000000000000E0),.UNSPECIFIED.);
#557=DEFINITIONAL_REPRESENTATION('',(#556),#465);
#558=PCURVE('',#107,#557);
#559=CARTESIAN_POINT('',(-2.50000000000000000E0,0.00000000000000000E0));
#560=CARTESIAN_POINT('',(-2.50000000000000000E0,1.96601378157582801E-1));
#561=CARTESIAN_POINT('',(-2.48074792924307097E0,3.92835272885190490E-1));
#562=CARTESIAN_POINT('',(-2.44224378772921202E0,5.86408664128213575E-1));
#563=CARTESIAN_POINT('',(-2.38493492147926744E0,7.75072591569421987E-1));
#564=CARTESIAN_POINT('',(-2.30969883127821696E0,9.56708580912724593E-1));
#565=(BOUNDED_CURVE()B_SPLINE_CURVE(5,(#559,#560,#561,#562,#563,#564),.UNSPECIFIED.,.F.,.F.)B_SPLINE_CURVE_WITH_KNOTS((6,6),(0.00000000000000000E0,1.00000000000000000E0),.UNSPECIFIED.)CURVE()GEOMETRIC_REPRESENTATION_ITEM()RATIONAL_B_SPLINE_CURVE((1.00000000000000000E0,9.92314112161292172E-1,9.88471168241938147E-1,9.88471168241938258E-1,9.92314112161292172E-1,1.00000000000000000E0))REPRESENTATION_ITEM(''));
#566=DEFINITIONAL_REPRESENTATION('',(#565),#465);
#567=PCURVE('',#107,#566);
#568=CARTESIAN_POINT('',(-2.30969883127821696E0,9.56708580912724593E-1));
#569=CARTESIAN_POINT('',(-9.23879532511286783E0,3.82683432365089793E0));
#570=B_SPLINE_CURVE_WITH_KNOTS('',1,(#568,#569),.UNSPECIFIED.,.F.,.F.,(2,2),(0.00000000000000000E0,1.00000000000000000E0),.UNSPECIFIED.);
#571=DEFINITIONAL_REPRESENTATION('',(#570),#465);
#572=PCURVE('',#107,#571);
#573=CARTESIAN_POINT('',(-9.23879532511286783E0,3.82683432365089793E0));
#574=CARTESIAN_POINT('',(-9.53973968591706978E0,3.10029036627768795E0));
#575=CARTESIAN_POINT('',(-9.76897515091684809E0,2.34563465651285430E0));
#576=CARTESIAN_POINT('',(-9.92299171697228388E0,1.57134109154076196E0));
#577=CARTESIAN_POINT('',(-1.00000000000000000E1,7.86405512630331205E-1));
#578=CARTESIAN_POINT('',(-1.00000000000000000E1,0.00000000000000000E0));
#579=(BOUNDED_CURVE()B_SPLINE_CURVE(5,(#573,#574,#575,#576,#577,#578),.UNSPECIFIED.,.F.,.F.)B_SPLINE_CURVE_WITH_KNOTS((6,6),(0.00000000000000000E0,1.00000000000000000E0),.UNSPECIFIED.)CURVE()GEOMETRIC_REPRESENTATION_ITEM()RATIONAL_B_SPLINE_CURVE((1.00000000000000000E0,9.92314112161292172E-1,9.88471168241938258E-1,9.88471168241938147E-1,9.92314112161292172E-1,1.00000000000000000E0))REPRESENTATION_ITEM(''));
#580=DEFINITIONAL_REPRESENTATION('',(#579),#465);
#581=PCURVE('',#107,#580);
#582=CARTESIAN_POINT('',(1.00000000000000000E0,0.00000000000000000E0));
#583=CARTESIAN_POINT('',(1.00000000000000000E0,1.00000000000000000E0));
#584=B_SPLINE_CURVE_WITH_KNOTS('',1,(#582,#583),.UNSPECIFIED.,.F.,.F.,(2,2),(0.00000000000000000E0,1.00000000000000000E0),.UNSPECIFIED.);
#585=DEFINITIONAL_REPRESENTATION('',(#584),#465);
#586=PCURVE('',#117,#585);
#587=CARTESIAN_POINT('',(1.00000000000000000E0,1.00000000000000000E0));
#588=CARTESIAN_POINT('',(0.00000000000000000E0,1.00000000000000000E0));
#589=B_SPLINE_CURVE_WITH_KNOTS('',1,(#587,#588),.UNSPECIFIED.,.F.,.F.,(2,2),(0.00000000000000000E0,1.00000000000000000E0),.UNSPECIFIED.);
#590=DEFINITIONAL_REPRESENTATION('',(#589),#465);
#591=PCURVE('',#117,#590);
#592=CARTESIAN_POINT('',(0.00000000000000000E0,1.00000000000000000E0));
#593=CARTESIAN_POINT('',(0.00000000000000000E0,0.00000000000000000E0));
#594=B_SPLINE_CURVE_WITH_KNOTS('',1,(#592,#593),.UNSPECIFIED.,.F.,.F.,(2,2),(0.00000000000000000E0,1.00000000000000000E0),.UNSPECIFIED.);
#595=DEFINITIONAL_REPRESENTATION('',(#594),#465);
#596=PCURVE('',#117,#595);
#597=CARTESIAN_POINT('',(0.00000000000000000E0,0.00000000000000000E0));
#598=CARTESIAN_POINT('',(1.00000000000000000E0,0.00000000000000000E0));
#599=B_SPLINE_CURVE_WITH_KNOTS('',1,(#597,#598),.UNSPECIFIED.,.F.,.F.,(2,2),(0.00000000000000000E0,1.00000000000000000E0),.UNSPECIFIED.);
#600=DEFINITIONAL_REPRESENTATION('',(#599),#465);
#601=PCURVE('',#117,#600);
#602=CARTESIAN_POINT('',(8.66137061729331315E0,3.58765717842271670E0));
#603=CARTESIAN_POINT('',(7.17531435684543339E0,7.17531435684543251E0));
#604=CARTESIAN_POINT('',(3.58765717842271714E0,8.66137061729331315E0));
#605=(BOUNDED_CURVE()B_SPLINE_CURVE(2,(#602,#603,#604),.UNSPECIFIED.,.F.,.F.)B_SPLINE_CURVE_WITH_KNOTS((3,3),(0.00000000000000000E0,1.00000000000000000E0),.UNSPECIFIED.)CURVE()GEOMETRIC_REPRESENTATION_ITEM()RATIONAL_B_SPLINE_CURVE((1.00000000000000000E0,9.23879532511286738E-1,1.00000000000000000E0))REPRESENTATION_ITEM(''));
#606=DEFINITIONAL_REPRESENTATION('',(#605),#465);
#607=PCURVE('',#76,#606);
#608=CARTESIAN_POINT('',(3.58765717842271714E0,8.66137061729331315E0));
#609=CARTESIAN_POINT('',(9.56708580912724593E-1,2.30969883127821696E0));
#610=B_SPLINE_CURVE_WITH_KNOTS('',1,(#608,#609),.UNSPECIFIED.,.F.,.F.,(2,2),(0.00000000000000000E0,1.00000000000000000E0),.UNSPECIFIED.);
#611=DEFINITIONAL_REPRESENTATION('',(#610),#465);
#612=PCURVE('',#76,#611);
#613=CARTESIAN_POINT('',(9.56708580912724593E-1,2.30969883127821696E0));
#614=CARTESIAN_POINT('',(1.91341716182544919E0,1.91341716182544852E0));
#615=CARTESIAN_POINT('',(2.30969883127821696E0,9.56708580912724593E-1));
#616=(BOUNDED_CURVE()B_SPLINE_CURVE(2,(#613,#614,#615),.UNSPECIFIED.,.F.,.F.)B_SPLINE_CURVE_WITH_KNOTS((3,3),(0.00000000000000000E0,1.00000000000000000E0),.UNSPECIFIED.)CURVE()GEOMETRIC_REPRESENTATION_ITEM()RATIONAL_B_SPLINE_CURVE((1.00000000000000000E0,9.23879532511286738E-1,1.00000000000000000E0))REPRESENTATION_ITEM(''));
#617=DEFINITIONAL_REPRESENTATION('',(#616),#465);
#618=PCURVE('',#76,#617);
#619=CARTESIAN_POINT('',(2.30969883127821696E0,9.56708580912724593E-1));
#620=CARTESIAN_POINT('',(8.66137061729331315E0,3.58765717842271670E0));
#621=B_SPLINE_CURVE_WITH_KNOTS('',1,(#619,#620),.UNSPECIFIED.,.F.,.F.,(2,2),(0.00000000000000000E0,1.00000000000000000E0),.UNSPECIFIED.);
#622=DEFINITIONAL_REPRESENTATION('',(#621),#465);
#623=PCURVE('',#76,#622);
#624=CARTESIAN_POINT('',(0.00000000000000000E0,0.00000000000000000E0));
#625=CARTESIAN_POINT('',(3.00000000000000000E0,0.00000000000000000E0));
#626=B_SPLINE_CURVE_WITH_KNOTS('',1,(#624,#625),.UNSPECIFIED.,.F.,.F.,(2,2),(0.00000000000000000E0,1.00000000000000000E0),.UNSPECIFIED.);
#627=DEFINITIONAL_REPRESENTATION('',(#626),#465);
#628=PCURVE('',#124,#627);
#629=CARTESIAN_POINT('',(3.00000000000000000E0,0.00000000000000000E0));
#630=CARTESIAN_POINT('',(3.00000000000000000E0,1.00000000000000000E0));
#631=B_SPLINE_CURVE_WITH_KNOTS('',1,(#629,#630),.UNSPECIFIED.,.F.,.F.,(2,2),(0.00000000000000000E0,1.00000000000000000E0),.UNSPECIFIED.);
#632=DEFINITIONAL_REPRESENTATION('',(#631),#465);
#633=PCURVE('',#124,#632);
#634=CARTESIAN_POINT('',(3.00000000000000000E0,1.00000000000000000E0));
#635=CARTESIAN_POINT('',(0.00000000000000000E0,1.00000000000000000E0));
#636=B_SPLINE_CURVE_WITH_KNOTS('',1,(#634,#635),.UNSPECIFIED.,.F.,.F.,(2,2),(0.00000000000000000E0,1.00000000000000000E0),.UNSPECIFIED.);
#637=DEFINITIONAL_REPRESENTATION('',(#636),#465);
#638=PCURVE('',#124,#637);
#639=CARTESIAN_POINT('',(0.00000000000000000E0,1.00000000000000000E0));
#640=CARTESIAN_POINT('',(0.00000000000000000E0,0.00000000000000000E0));
#641=B_SPLINE_CURVE_WITH_KNOTS('',1,(#639,#640),.UNSPECIFIED.,.F.,.F.,(2,2),(0.00000000000000000E0,1.00000000000000000E0),.UNSPECIFIED.);
#642=DEFINITIONAL_REPRESENTATION('',(#641),#465);
#643=PCURVE('',#124,#642);
#644=CARTESIAN_POINT('',(3.00000000000000000E0,0.00000000000000000E0));
#645=CARTESIAN_POINT('',(3.00000000000000000E0,1.00000000000000000E0));
#646=B_SPLINE_CURVE_WITH_KNOTS('',1,(#644,#645),.UNSPECIFIED.,.F.,.F.,(2,2),(0.00000000000000000E0,1.00000000000000000E0),.UNSPECIFIED.);
#647=DEFINITIONAL_REPRESENTATION('',(#646),#465);
#648=PCURVE('',#131,#647);
#649=CARTESIAN_POINT('',(3.00000000000000000E0,1.00000000000000000E0));
#650=CARTESIAN_POINT('',(0.00000000000000000E0,1.00000000000000000E0));
#651=B_SPLINE_CURVE_WITH_KNOTS('',1,(#649,#650),.UNSPECIFIED.,.F.,.F.,(2,2),(0.00000000000000000E0,1.00000000000000000E0),.UNSPECIFIED.);
#652=DEFINITIONAL_REPRESENTATION('',(#651),#465);
#653=PCURVE('',#131,#652);
#654=CARTESIAN_POINT('',(0.00000000000000000E0,1.00000000000000000E0));
#655=CARTESIAN_POINT('',(0.00000000000000000E0,0.00000000000000000E0));
#656=B_SPLINE_CURVE_WITH_KNOTS('',1,(#654,#655),.UNSPECIFIED.,.F.,.F.,(2,2),(0.00000000000000000E0,1.00000000000000000E0),.UNSPECIFIED.);
#657=DEFINITIONAL_REPRESENTATION('',(#656),#465);
#658=PCURVE('',#131,#657);
#659=CARTESIAN_POINT('',(0.00000000000000000E0,0.00000000000000000E0));
#660=CARTESIAN_POINT('',(3.00000000000000000E0,0.00000000000000000E0));
#661=B_SPLINE_CURVE_WITH_KNOTS('',1,(#659,#660),.UNSPECIFIED.,.F.,.F.,(2,2),(0.00000000000000000E0,1.00000000000000000E0),.UNSPECIFIED.);
#662=DEFINITIONAL_REPRESENTATION('',(#661),#465);
#663=PCURVE('',#131,#662);
#664=CARTESIAN_POINT('',(-9.23879532511286783E0,3.82683432365089793E0));
#665=CARTESIAN_POINT('',(-2.30969883127821696E0,9.56708580912724593E-1));
#666=B_SPLINE_CURVE_WITH_KNOTS('',1,(#664,#665),.UNSPECIFIED.,.F.,.F.,(2,2),(0.00000000000000000E0,1.00000000000000000E0),.UNSPECIFIED.);
#667=DEFINITIONAL_REPRESENTATION('',(#666),#465);
#668=PCURVE('',#107,#667);
#669=CARTESIAN_POINT('',(-2.30969883127821696E0,9.56708580912724593E-1));
#670=CARTESIAN_POINT('',(-1.91341716182544919E0,1.91341716182544852E0));
#671=CARTESIAN_POINT('',(-9.56708580912724593E-1,2.30969883127821696E0));
#672=(BOUNDED_CURVE()B_SPLINE_CURVE(2,(#669,#670,#671),.UNSPECIFIED.,.F.,.F.)B_SPLINE_CURVE_WITH_KNOTS((3,3),(0.00000000000000000E0,1.00000000000000000E0),.UNSPECIFIED.)CURVE()GEOMETRIC_REPRESENTATION_ITEM()RATIONAL_B_SPLINE_CURVE((1.00000000000000000E0,9.23879532511286738E-1,1.00000000000000000E0))REPRESENTATION_ITEM(''));
#673=DEFINITIONAL_REPRESENTATION('',(#672),#465);
#674=PCURVE('',#107,#673);
#675=CARTESIAN_POINT('',(-9.56708580912724593E-1,2.30969883127821696E0));
#676=CARTESIAN_POINT('',(-3.82683432365089837E0,9.23879532511286783E0));
#677=B_SPLINE_CURVE_WITH_KNOTS('',1,(#675,#676),.UNSPECIFIED.,.F.,.F.,(2,2),(0.00000000000000000E0,1.00000000000000000E0),.UNSPECIFIED.);
#678=DEFINITIONAL_REPRESENTATION('',(#677),#465);
#679=PCURVE('',#107,#678);
#680=CARTESIAN_POINT('',(-3.82683432365089837E0,9.23879532511286783E0));
#681=CARTESIAN_POINT('',(-7.65366864730179586E0,7.65366864730179408E0));
#682=CARTESIAN_POINT('',(-9.23879532511286783E0,3.82683432365089793E0));
#683=(BOUNDED_CURVE()B_SPLINE_CURVE(2,(#680,#681,#682),.UNSPECIFIED.,.F.,.F.)B_SPLINE_CURVE_WITH_KNOTS((3,3),(0.00000000000000000E0,1.00000000000000000E0),.UNSPECIFIED.)CURVE()GEOMETRIC_REPRESENTATION_ITEM()RATIONAL_B_SPLINE_CURVE((1.00000000000000000E0,9.23879532511286738E-1,1.00000000000000000E0))REPRESENTATION_ITEM(''));
#684=DEFINITIONAL_REPRESENTATION('',(#683),#465);
#685=PCURVE('',#107,#684);
#686=CARTESIAN_POINT('',(1.00000000000000000E0,0.00000000000000000E0));
#687=CARTESIAN_POINT('',(1.00000000000000000E0,1.00000000000000000E0));
#688=B_SPLINE_CURVE_WITH_KNOTS('',1,(#686,#687),.UNSPECIFIED.,.F.,.F.,(2,2),(0.00000000000000000E0,1.00000000000000000E0),.UNSPECIFIED.);
#689=DEFINITIONAL_REPRESENTATION('',(#688),#465);
#690=PCURVE('',#150,#689);
#691=CARTESIAN_POINT('',(1.00000000000000000E0,1.00000000000000000E0));
#692=CARTESIAN_POINT('',(0.00000000000000000E0,1.00000000000000000E0));
#693=B_SPLINE_CURVE_WITH_KNOTS('',1,(#691,#692),.UNSPECIFIED.,.F.,.F.,(2,2),(0.00000000000000000E0,1.00000000000000000E0),.UNSPECIFIED.);
#694=DEFINITIONAL_REPRESENTATION('',(#693),#465);
#695=PCURVE('',#150,#694);
#696=CARTESIAN_POINT('',(0.00000000000000000E0,1.00000000000000000E0));
#697=CARTESIAN_POINT('',(0.00000000000000000E0,0.00000000000000000E0));
#698=B_SPLINE_CURVE_WITH_KNOTS('',1,(#696,#697),.UNSPECIFIED.,.F.,.F.,(2,2),(0.00000000000000000E0,1.00000000000000000E0),.UNSPECIFIED.);
#699=DEFINITIONAL_REPRESENTATION('',(#698),#465);
#700=PCURVE('',#150,#699);
#701=CARTESIAN_POINT('',(0.00000000000000000E0,0.00000000000000000E0));
#702=CARTESIAN_POINT('',(1.00000000000000000E0,0.00000000000000000E0));
#703=B_SPLINE_CURVE_WITH_KNOTS('',1,(#701,#702),.UNSPECIFIED.,.F.,.F.,(2,2),(0.00000000000000000E0,1.00000000000000000E0),.UNSPECIFIED.);
#704=DEFINITIONAL_REPRESENTATION('',(#703),#465);
#705=PCURVE('',#150,#704);
#706=CARTESIAN_POINT('',(3.58765717842271714E0,8.66137061729331315E0));
#707=CARTESIAN_POINT('',(2.90652221838533320E0,8.94350595554725381E0));
#708=CARTESIAN_POINT('',(2.27162251219693578E0,9.33366201890459379E0));
#709=CARTESIAN_POINT('',(1.57134109154076218E0,9.73330484898453818E0));
#710=CARTESIAN_POINT('',(7.86405512630331538E-1,1.00000000000000000E1));
#711=CARTESIAN_POINT('',(0.00000000000000000E0,1.00000000000000000E1));
#712=(BOUNDED_CURVE()B_SPLINE_CURVE(5,(#706,#707,#708,#709,#710,#711),.UNSPECIFIED.,.F.,.F.)B_SPLINE_CURVE_WITH_KNOTS((6,6),(0.00000000000000000E0,1.00000000000000000E0),.UNSPECIFIED.)CURVE()GEOMETRIC_REPRESENTATION_ITEM()RATIONAL_B_SPLINE_CURVE((1.00000000000000000E0,9.92314112161292172E-1,9.88471168241938147E-1,9.88471168241938258E-1,9.92314112161292172E-1,1.00000000000000000E0))REPRESENTATION_ITEM(''));
#713=DEFINITIONAL_REPRESENTATION('',(#712),#465);
#714=PCURVE('',#76,#713);
#715=CARTESIAN_POINT('',(0.00000000000000000E0,1.00000000000000000E1));
#716=CARTESIAN_POINT('',(0.00000000000000000E0,2.50000000000000000E0));
#717=B_SPLINE_CURVE_WITH_KNOTS('',1,(#715,#716),.UNSPECIFIED.,.F.,.F.,(2,2),(0.00000000000000000E0,1.00000000000000000E0),.UNSPECIFIED.);
#718=DEFINITIONAL_REPRESENTATION('',(#717),#465);
#719=PCURVE('',#76,#718);
#720=CARTESIAN_POINT('',(0.00000000000000000E0,2.50000000000000000E0));
#721=CARTESIAN_POINT('',(1.96601378157582884E-1,2.50000000000000000E0));
#722=CARTESIAN_POINT('',(3.92835272885190545E-1,2.48074792924307053E0));
#723=CARTESIAN_POINT('',(5.86408664128213797E-1,2.44224378772921247E0));
#724=CARTESIAN_POINT('',(7.75072591569422098E-1,2.38493492147926744E0));
#725=CARTESIAN_POINT('',(9.56708580912724593E-1,2.30969883127821696E0));
#726=(BOUNDED_CURVE()B_SPLINE_CURVE(5,(#720,#721,#722,#723,#724,#725),.UNSPECIFIED.,.F.,.F.)B_SPLINE_CURVE_WITH_KNOTS((6,6),(0.00000000000000000E0,1.00000000000000000E0),.UNSPECIFIED.)CURVE()GEOMETRIC_REPRESENTATION_ITEM()RATIONAL_B_SPLINE_CURVE((1.00000000000000000E0,9.92314112161292172E-1,9.88471168241938258E-1,9.88471168241938147E-1,9.92314112161292172E-1,1.00000000000000000E0))REPRESENTATION_ITEM(''));
#727=DEFINITIONAL_REPRESENTATION('',(#726),#465);
#728=PCURVE('',#76,#727);
#729=CARTESIAN_POINT('',(9.56708580912724593E-1,2.30969883127821696E0));
#730=CARTESIAN_POINT('',(3.58765717842271714E0,8.66137061729331315E0));
#731=B_SPLINE_CURVE_WITH_KNOTS('',1,(#729,#730),.UNSPECIFIED.,.F.,.F.,(2,2),(0.00000000000000000E0,1.00000000000000000E0),.UNSPECIFIED.);
#732=DEFINITIONAL_REPRESENTATION('',(#731),#465);
#733=PCURVE('',#76,#732);
#734=CARTESIAN_POINT('',(0.00000000000000000E0,0.00000000000000000E0));
#735=CARTESIAN_POINT('',(3.00000000000000000E0,0.00000000000000000E0));
#736=B_SPLINE_CURVE_WITH_KNOTS('',1,(#734,#735),.UNSPECIFIED.,.F.,.F.,(2,2),(0.00000000000000000E0,1.00000000000000000E0),.UNSPECIFIED.);
#737=DEFINITIONAL_REPRESENTATION('',(#736),#465);
#738=PCURVE('',#163,#737);
#739=CARTESIAN_POINT('',(3.00000000000000000E0,0.00000000000000000E0));
#740=CARTESIAN_POINT('',(3.00000000000000000E0,1.00000000000000000E0));
#741=B_SPLINE_CURVE_WITH_KNOTS('',1,(#739,#740),.UNSPECIFIED.,.F.,.F.,(2,2),(0.00000000000000000E0,1.00000000000000000E0),.UNSPECIFIED.);
#742=DEFINITIONAL_REPRESENTATION('',(#741),#465);
#743=PCURVE('',#163,#742);
#744=CARTESIAN_POINT('',(3.00000000000000000E0,1.00000000000000000E0));
#745=CARTESIAN_POINT('',(0.00000000000000000E0,1.00000000000000000E0));
#746=B_SPLINE_CURVE_WITH_KNOTS('',1,(#744,#745),.UNSPECIFIED.,.F.,.F.,(2,2),(0.00000000000000000E0,1.00000000000000000E0),.UNSPECIFIED.);
#747=DEFINITIONAL_REPRESENTATION('',(#746),#465);
#748=PCURVE('',#163,#747);
#749=CARTESIAN_POINT('',(0.00000000000000000E0,1.00000000000000000E0));
#750=CARTESIAN_POINT('',(0.00000000000000000E0,0.00000000000000000E0));
#751=B_SPLINE_CURVE_WITH_KNOTS('',1,(#749,#750),.UNSPECIFIED.,.F.,.F.,(2,2),(0.00000000000000000E0,1.00000000000000000E0),.UNSPECIFIED.);
#752=DEFINITIONAL_REPRESENTATION('',(#751),#465);
#753=PCURVE('',#163,#752);
#754=CARTESIAN_POINT('',(3.00000000000000000E0,0.00000000000000000E0));
#755=CARTESIAN_POINT('',(3.00000000000000000E0,1.00000000000000000E0));
#756=B_SPLINE_CURVE_WITH_KNOTS('',1,(#754,#755),.UNSPECIFIED.,.F.,.F.,(2,2),(0.00000000000000000E0,1.00000000000000000E0),.UNSPECIFIED.);
#757=DEFINITIONAL_REPRESENTATION('',(#756),#465);
#758=PCURVE('',#176,#757);
#759=CARTESIAN_POINT('',(3.00000000000000000E0,1.00000000000000000E0));
#760=CARTESIAN_POINT('',(0.00000000000000000E0,1.00000000000000000E0));
#761=B_SPLINE_CURVE_WITH_KNOTS('',1,(#759,#760),.UNSPECIFIED.,.F.,.F.,(2,2),(0.00000000000000000E0,1.00000000000000000E0),.UNSPECIFIED.);
#762=DEFINITIONAL_REPRESENTATION('',(#761),#465);
#763=PCURVE('',#176,#762);
#764=CARTESIAN_POINT('',(0.00000000000000000E0,1.00000000000000000E0));
#765=CARTESIAN_POINT('',(0.00000000000000000E0,0.00000000000000000E0));
#766=B_SPLINE_CURVE_WITH_KNOTS('',1,(#764,#765),.UNSPECIFIED.,.F.,.F.,(2,2),(0.00000000000000000E0,1.00000000000000000E0),.UNSPECIFIED.);
#767=DEFINITIONAL_REPRESENTATION('',(#766),#465);
#768=PCURVE('',#176,#767);
#769=CARTESIAN_POINT('',(0.00000000000000000E0,0.00000000000000000E0));
#770=CARTESIAN_POINT('',(3.00000000000000000E0,0.00000000000000000E0));
#771=B_SPLINE_CURVE_WITH_KNOTS('',1,(#769,#770),.UNSPECIFIED.,.F.,.F.,(2,2),(0.00000000000000000E0,1.00000000000000000E0),.UNSPECIFIED.);
#772=DEFINITIONAL_REPRESENTATION('',(#771),#465);
#773=PCURVE('',#176,#772);
#774=CARTESIAN_POINT('',(-3.82683432365089837E0,9.23879532511286783E0));
#775=CARTESIAN_POINT('',(-9.56708580912724593E-1,2.30969883127821696E0));
#776=B_SPLINE_CURVE_WITH_KNOTS('',1,(#774,#775),.UNSPECIFIED.,.F.,.F.,(2,2),(0.00000000000000000E0,1.00000000000000000E0),.UNSPECIFIED.);
#777=DEFINITIONAL_REPRESENTATION('',(#776),#465);
#778=PCURVE('',#107,#777);
#779=CARTESIAN_POINT('',(-9.56708580912724593E-1,2.30969883127821696E0));
#780=CARTESIAN_POINT('',(-7.75072591569422098E-1,2.38493492147926744E0));
#781=CARTESIAN_POINT('',(-5.86408664128213797E-1,2.44224378772921247E0));
#782=CARTESIAN_POINT('',(-3.92835272885190545E-1,2.48074792924307053E0));
#783=CARTESIAN_POINT('',(-1.96601378157582884E-1,2.50000000000000000E0));
#784=CARTESIAN_POINT('',(0.00000000000000000E0,2.50000000000000000E0));
#785=(BOUNDED_CURVE()B_SPLINE_CURVE(5,(#779,#780,#781,#782,#783,#784),.UNSPECIFIED.,.F.,.F.)B_SPLINE_CURVE_WITH_KNOTS((6,6),(0.00000000000000000E0,1.00000000000000000E0),.UNSPECIFIED.)CURVE()GEOMETRIC_REPRESENTATION_ITEM()RATIONAL_B_SPLINE_CURVE((1.00000000000000000E0,9.92314112161292172E-1,9.88471168241938147E-1,9.88471168241938258E-1,9.92314112161292172E-1,1.00000000000000000E0))REPRESENTATION_ITEM(''));
#786=DEFINITIONAL_REPRESENTATION('',(#785),#465);
#787=PCURVE('',#107,#786);
#788=CARTESIAN_POINT('',(0.00000000000000000E0,2.50000000000000000E0));
#789=CARTESIAN_POINT('',(0.00000000000000000E0,1.00000000000000000E1));
#790=B_SPLINE_CURVE_WITH_KNOTS('',1,(#788,#789),.UNSPECIFIED.,.F.,.F.,(2,2),(0.00000000000000000E0,1.00000000000000000E0),.UNSPECIFIED.);
#791=DEFINITIONAL_REPRESENTATION('',(#790),#465);
#792=PCURVE('',#107,#791);
#793=CARTESIAN_POINT('',(0.00000000000000000E0,1.00000000000000000E1));
#794=CARTESIAN_POINT('',(-7.86405512630331538E-1,1.00000000000000000E1));
#795=CARTESIAN_POINT('',(-1.57134109154076218E0,9.92299171697228211E0));
#796=CARTESIAN_POINT('',(-2.34563465651285519E0,9.76897515091684987E0));
#797=CARTESIAN_POINT('',(-3.10029036627768839E0,9.53973968591706978E0));
#798=CARTESIAN_POINT('',(-3.82683432365089837E0,9.23879532511286783E0));
#799=(BOUNDED_CURVE()B_SPLINE_CURVE(5,(#793,#794,#795,#796,#797,#798),.UNSPECIFIED.,.F.,.F.)B_SPLINE_CURVE_WITH_KNOTS((6,6),(0.00000000000000000E0,1.00000000000000000E0),.UNSPECIFIED.)CURVE()GEOMETRIC_REPRESENTATION_ITEM()RATIONAL_B_SPLINE_CURVE((1.00000000000000000E0,9.92314112161292172E-1,9.88471168241938258E-1,9.88471168241938147E-1,9.92314112161292172E-1,1.00000000000000000E0))REPRESENTATION_ITEM(''));
#800=DEFINITIONAL_REPRESENTATION('',(#799),#465);
#801=PCURVE('',#107,#800);
#802=CARTESIAN_POINT('',(0.00000000000000000E0,1.00000000000000000E1));
#803=CARTESIAN_POINT('',(-9.99999999999999822E0,1.00000000000000000E1));
#804=CARTESIAN_POINT('',(-1.00000000000000000E1,0.00000000000000000E0));
#805=(BOUNDED_CURVE()B_SPLINE_CURVE(2,(#802,#803,#804),.UNSPECIFIED.,.F.,.F.)B_SPLINE_CURVE_WITH_KNOTS((3,3),(0.00000000000000000E0,1.00000000000000000E0),.UNSPECIFIED.)CURVE()GEOMETRIC_REPRESENTATION_ITEM()RATIONAL_B_SPLINE_CURVE((1.00000000000000000E0,7.07106781186547573E-1,1.00000000000000000E0))REPRESENTATION_ITEM(''));
#806=DEFINITIONAL_REPRESENTATION('',(#805),#465);
#807=PCURVE('',#76,#806);
#808=CARTESIAN_POINT('',(-1.00000000000000000E1,0.00000000000000000E0));
#809=CARTESIAN_POINT('',(-2.50000000000000000E0,0.00000000000000000E0));
#810=B_SPLINE_CURVE_WITH_KNOTS('',1,(#808,#809),.UNSPECIFIED.,.F.,.F.,(2,2),(0.00000000000000000E0,1.00000000000000000E0),.UNSPECIFIED.);
#811=DEFINITIONAL_REPRESENTATION('',(#810),#465);
#812=PCURVE('',#76,#811);
#813=CARTESIAN_POINT('',(-2.50000000000000000E0,0.00000000000000000E0));
#814=CARTESIAN_POINT('',(-2.49999999999999956E0,2.50000000000000000E0));
#815=CARTESIAN_POINT('',(0.00000000000000000E0,2.50000000000000000E0));
#816=(BOUNDED_CURVE()B_SPLINE_CURVE(2,(#813,#814,#815),.UNSPECIFIED.,.F.,.F.)B_SPLINE_CURVE_WITH_KNOTS((3,3),(0.00000000000000000E0,1.00000000000000000E0),.UNSPECIFIED.)CURVE()GEOMETRIC_REPRESENTATION_ITEM()RATIONAL_B_SPLINE_CURVE((1.00000000000000000E0,7.07106781186547573E-1,1.00000000000000000E0))REPRESENTATION_ITEM(''));
#817=DEFINITIONAL_REPRESENTATION('',(#816),#465);
#818=PCURVE('',#76,#817);
#819=CARTESIAN_POINT('',(0.00000000000000000E0,2.50000000000000000E0));
#820=CARTESIAN_POINT('',(0.00000000000000000E0,1.00000000000000000E1));
#821=B_SPLINE_CURVE_WITH_KNOTS('',1,(#819,#820),.UNSPECIFIED.,.F.,.F.,(2,2),(0.00000000000000000E0,1.00000000000000000E0),.UNSPECIFIED.);
#822=DEFINITIONAL_REPRESENTATION('',(#821),#465);
#823=PCURVE('',#76,#822);
#824=CARTESIAN_POINT('',(0.00000000000000000E0,0.00000000000000000E0));
#825=CARTESIAN_POINT('',(3.00000000000000000E0,0.00000000000000000E0));
#826=B_SPLINE_CURVE_WITH_KNOTS('',1,(#824,#825),.UNSPECIFIED.,.F.,.F.,(2,2),(0.00000000000000000E0,1.00000000000000000E0),.UNSPECIFIED.);
#827=DEFINITIONAL_REPRESENTATION('',(#826),#465);
#828=PCURVE('',#183,#827);
#829=CARTESIAN_POINT('',(3.00000000000000000E0,0.00000000000000000E0));
#830=CARTESIAN_POINT('',(3.00000000000000000E0,1.00000000000000000E0));
#831=B_SPLINE_CURVE_WITH_KNOTS('',1,(#829,#830),.UNSPECIFIED.,.F.,.F.,(2,2),(0.00000000000000000E0,1.00000000000000000E0),.UNSPECIFIED.);
#832=DEFINITIONAL_REPRESENTATION('',(#831),#465);
#833=PCURVE('',#183,#832);
#834=CARTESIAN_POINT('',(3.00000000000000000E0,1.00000000000000000E0));
#835=CARTESIAN_POINT('',(0.00000000000000000E0,1.00000000000000000E0));
#836=B_SPLINE_CURVE_WITH_KNOTS('',1,(#834,#835),.UNSPECIFIED.,.F.,.F.,(2,2),(0.00000000000000000E0,1.00000000000000000E0),.UNSPECIFIED.);
#837=DEFINITIONAL_REPRESENTATION('',(#836),#465);
#838=PCURVE('',#183,#837);
#839=CARTESIAN_POINT('',(0.00000000000000000E0,1.00000000000000000E0));
#840=CARTESIAN_POINT('',(0.00000000000000000E0,0.00000000000000000E0));
#841=B_SPLINE_CURVE_WITH_KNOTS('',1,(#839,#840),.UNSPECIFIED.,.F.,.F.,(2,2),(0.00000000000000000E0,1.00000000000000000E0),.UNSPECIFIED.);
#842=DEFINITIONAL_REPRESENTATION('',(#841),#465);
#843=PCURVE('',#183,#842);
#844=CARTESIAN_POINT('',(3.00000000000000000E0,0.00000000000000000E0));
#845=CARTESIAN_POINT('',(3.00000000000000000E0,1.00000000000000000E0));
#846=B_SPLINE_CURVE_WITH_KNOTS('',1,(#844,#845),.UNSPECIFIED.,.F.,.F.,(2,2),(0.00000000000000000E0,1.00000000000000000E0),.UNSPECIFIED.);
#847=DEFINITIONAL_REPRESENTATION('',(#846),#465);
#848=PCURVE('',#190,#847);
#849=CARTESIAN_POINT('',(3.00000000000000000E0,1.00000000000000000E0));
#850=CARTESIAN_POINT('',(0.00000000000000000E0,1.00000000000000000E0));
#851=B_SPLINE_CURVE_WITH_KNOTS('',1,(#849,#850),.UNSPECIFIED.,.F.,.F.,(2,2),(0.00000000000000000E0,1.00000000000000000E0),.UNSPECIFIED.);
#852=DEFINITIONAL_REPRESENTATION('',(#851),#465);
#853=PCURVE('',#190,#852);
#854=CARTESIAN_POINT('',(0.00000000000000000E0,1.00000000000000000E0));
#855=CARTESIAN_POINT('',(0.00000000000000000E0,0.00000000000000000E0));
#856=B_SPLINE_CURVE_WITH_KNOTS('',1,(#854,#855),.UNSPECIFIED.,.F.,.F.,(2,2),(0.00000000000000000E0,1.00000000000000000E0),.UNSPECIFIED.);
#857=DEFINITIONAL_REPRESENTATION('',(#856),#465);
#858=PCURVE('',#190,#857);
#859=CARTESIAN_POINT('',(0.00000000000000000E0,0.00000000000000000E0));
#860=CARTESIAN_POINT('',(3.00000000000000000E0,0.00000000000000000E0));
#861=B_SPLINE_CURVE_WITH_KNOTS('',1,(#859,#860),.UNSPECIFIED.,.F.,.F.,(2,2),(0.00000000000000000E0,1.00000000000000000E0),.UNSPECIFIED.);
#862=DEFINITIONAL_REPRESENTATION('',(#861),#465);
#863=PCURVE('',#190,#862);
#864=CARTESIAN_POINT('',(0.00000000000000000E0,1.00000000000000000E1));
#865=CARTESIAN_POINT('',(0.00000000000000000E0,2.50000000000000000E0));
#866=B_SPLINE_CURVE_WITH_KNOTS('',1,(#864,#865),.UNSPECIFIED.,.F.,.F.,(2,2),(0.00000000000000000E0,1.00000000000000000E0),.UNSPECIFIED.);
#867=DEFINITIONAL_REPRESENTATION('',(#866),#465);
#868=PCURVE('',#107,#867);
#869=CARTESIAN_POINT('',(0.00000000000000000E0,2.50000000000000000E0));
#870=CARTESIAN_POINT('',(2.49999999999999956E0,2.50000000000000000E0));
#871=CARTESIAN_POINT('',(2.50000000000000000E0,0.00000000000000000E0));
#872=(BOUNDED_CURVE()B_SPLINE_CURVE(2,(#869,#870,#871),.UNSPECIFIED.,.F.,.F.)B_SPLINE_CURVE_WITH_KNOTS((3,3),(0.00000000000000000E0,1.00000000000000000E0),.UNSPECIFIED.)CURVE()GEOMETRIC_REPRESENTATION_ITEM()RATIONAL_B_SPLINE_CURVE((1.00000000000000000E0,7.07106781186547573E-1,1.00000000000000000E0))REPRESENTATION_ITEM(''));
#873=DEFINITIONAL_REPRESENTATION('',(#872),#465);
#874=PCURVE('',#107,#873);
#875=CARTESIAN_POINT('',(2.50000000000000000E0,0.00000000000000000E0));
#876=CARTESIAN_POINT('',(1.00000000000000000E1,0.00000000000000000E0));
#877=B_SPLINE_CURVE_WITH_KNOTS('',1,(#875,#876),.UNSPECIFIED.,.F.,.F.,(2,2),(0.00000000000000000E0,1.00000000000000000E0),.UNSPECIFIED.);
#878=DEFINITIONAL_REPRESENTATION('',(#877),#465);
#879=PCURVE('',#107,#878);
#880=CARTESIAN_POINT('',(1.00000000000000000E1,0.00000000000000000E0));
#881=CARTESIAN_POINT('',(9.99999999999999822E0,1.00000000000000000E1));
#882=CARTESIAN_POINT('',(0.00000000000000000E0,1.00000000000000000E1));
#883=(BOUNDED_CURVE()B_SPLINE_CURVE(2,(#880,#881,#882),.UNSPECIFIED.,.F.,.F.)B_SPLINE_CURVE_WITH_KNOTS((3,3),(0.00000000000000000E0,1.00000000000000000E0),.UNSPECIFIED.)CURVE()GEOMETRIC_REPRESENTATION_ITEM()RATIONAL_B_SPLINE_CURVE((1.00000000000000000E0,7.07106781186547573E-1,1.00000000000000000E0))REPRESENTATION_ITEM(''));
#884=DEFINITIONAL_REPRESENTATION('',(#883),#465);
#885=PCURVE('',#107,#884);
#886=CARTESIAN_POINT('',(-1.00000000000000000E1,0.00000000000000000E0));
#887=CARTESIAN_POINT('',(-1.00000000000000018E1,-9.99999999999999822E0));
#888=CARTESIAN_POINT('',(0.00000000000000000E0,-1.00000000000000000E1));
#889=(BOUNDED_CURVE()B_SPLINE_CURVE(2,(#886,#887,#888),.UNSPECIFIED.,.F.,.F.)B_SPLINE_CURVE_WITH_KNOTS((3,3),(0.00000000000000000E0,1.00000000000000000E0),.UNSPECIFIED.)CURVE()GEOMETRIC_REPRESENTATION_ITEM()RATIONAL_B_SPLINE_CURVE((1.00000000000000000E0,7.07106781186547573E-1,1.00000000000000000E0))REPRESENTATION_ITEM(''));
#890=DEFINITIONAL_REPRESENTATION('',(#889),#465);
#891=PCURVE('',#195,#890);
#892=CARTESIAN_POINT('',(0.00000000000000000E0,-1.00000000000000000E1));
#893=CARTESIAN_POINT('',(0.00000000000000000E0,-2.50000000000000000E0));
#894=B_SPLINE_CURVE_WITH_KNOTS('',1,(#892,#893),.UNSPECIFIED.,.F.,.F.,(2,2),(0.00000000000000000E0,1.00000000000000000E0),.UNSPECIFIED.);
#895=DEFINITIONAL_REPRESENTATION('',(#894),#465);
#896=PCURVE('',#195,#895);
#897=CARTESIAN_POINT('',(0.00000000000000000E0,-2.50000000000000000E0));
#898=CARTESIAN_POINT('',(-2.50000000000000044E0,-2.49999999999999956E0));
#899=CARTESIAN_POINT('',(-2.50000000000000000E0,0.00000000000000000E0));
#900=(BOUNDED_CURVE()B_SPLINE_CURVE(2,(#897,#898,#899),.UNSPECIFIED.,.F.,.F.)B_SPLINE_CURVE_WITH_KNOTS((3,3),(0.00000000000000000E0,1.00000000000000000E0),.UNSPECIFIED.)CURVE()GEOMETRIC_REPRESENTATION_ITEM()RATIONAL_B_SPLINE_CURVE((1.00000000000000000E0,7.07106781186547573E-1,1.00000000000000000E0))REPRESENTATION_ITEM(''));
#901=DEFINITIONAL_REPRESENTATION('',(#900),#465);
#902=PCURVE('',#195,#901);
#903=CARTESIAN_POINT('',(-2.50000000000000000E0,0.00000000000000000E0));
#904=CARTESIAN_POINT('',(-1.00000000000000000E1,0.00000000000000000E0));
#905=B_SPLINE_CURVE_WITH_KNOTS('',1,(#903,#904),.UNSPECIFIED.,.F.,.F.,(2,2),(0.00000000000000000E0,1.00000000000000000E0),.UNSPECIFIED.);
#906=DEFINITIONAL_REPRESENTATION('',(#905),#465);
#907=PCURVE('',#195,#906);
#908=CARTESIAN_POINT('',(0.00000000000000000E0,0.00000000000000000E0));
#909=CARTESIAN_POINT('',(3.00000000000000000E0,0.00000000000000000E0));
#910=B_SPLINE_CURVE_WITH_KNOTS('',1,(#908,#909),.UNSPECIFIED.,.F.,.F.,(2,2),(0.00000000000000000E0,1.00000000000000000E0),.UNSPECIFIED.);
#911=DEFINITIONAL_REPRESENTATION('',(#910),#465);
#912=PCURVE('',#202,#911);
#913=CARTESIAN_POINT('',(3.00000000000000000E0,0.00000000000000000E0));
#914=CARTESIAN_POINT('',(3.00000000000000000E0,1.00000000000000000E0));
#915=B_SPLINE_CURVE_WITH_KNOTS('',1,(#913,#914),.UNSPECIFIED.,.F.,.F.,(2,2),(0.00000000000000000E0,1.00000000000000000E0),.UNSPECIFIED.);
#916=DEFINITIONAL_REPRESENTATION('',(#915),#465);
#917=PCURVE('',#202,#916);
#918=CARTESIAN_POINT('',(3.00000000000000000E0,1.00000000000000000E0));
#919=CARTESIAN_POINT('',(0.00000000000000000E0,1.00000000000000000E0));
#920=B_SPLINE_CURVE_WITH_KNOTS('',1,(#918,#919),.UNSPECIFIED.,.F.,.F.,(2,2),(0.00000000000000000E0,1.00000000000000000E0),.UNSPECIFIED.);
#921=DEFINITIONAL_REPRESENTATION('',(#920),#465);
#922=PCURVE('',#202,#921);
#923=CARTESIAN_POINT('',(0.00000000000000000E0,1.00000000000000000E0));
#924=CARTESIAN_POINT('',(0.00000000000000000E0,0.00000000000000000E0));
#925=B_SPLINE_CURVE_WITH_KNOTS('',1,(#923,#924),.UNSPECIFIED.,.F.,.F.,(2,2),(0.00000000000000000E0,1.00000000000000000E0),.UNSPECIFIED.);
#926=DEFINITIONAL_REPRESENTATION('',(#925),#465);
#927=PCURVE('',#202,#926);
#928=CARTESIAN_POINT('',(3.00000000000000000E0,0.00000000000000000E0));
#929=CARTESIAN_POINT('',(3.00000000000000000E0,1.00000000000000000E0));
#930=B_SPLINE_CURVE_WITH_KNOTS('',1,(#928,#929),.UNSPECIFIED.,.F.,.F.,(2,2),(0.00000000000000000E0,1.00000000000000000E0),.UNSPECIFIED.);
#931=DEFINITIONAL_REPRESENTATION('',(#930),#465);
#932=PCURVE('',#209,#931);
#933=CARTESIAN_POINT('',(3.00000000000000000E0,1.00000000000000000E0));
#934=CARTESIAN_POINT('',(0.00000000000000000E0,1.00000000000000000E0));
#935=B_SPLINE_CURVE_WITH_KNOTS('',1,(#933,#934),.UNSPECIFIED.,.F.,.F.,(2,2),(0.00000000000000000E0,1.00000000000000000E0),.UNSPECIFIED.);
#936=DEFINITIONAL_REPRESENTATION('',(#935),#465);
#937=PCURVE('',#209,#936);
#938=CARTESIAN_POINT('',(0.00000000000000000E0,1.00000000000000000E0));
#939=CARTESIAN_POINT('',(0.00000000000000000E0,0.00000000000000000E0));
#940=B_SPLINE_CURVE_WITH_KNOTS('',1,(#938,#939),.UNSPECIFIED.,.F.,.F.,(2,2),(0.00000000000000000E0,1.00000000000000000E0),.UNSPECIFIED.);
#941=DEFINITIONAL_REPRESENTATION('',(#940),#465);
#942=PCURVE('',#209,#941);
#943=CARTESIAN_POINT('',(0.00000000000000000E0,0.00000000000000000E0));
#944=CARTESIAN_POINT('',(3.00000000000000000E0,0.00000000000000000E0));
#945=B_SPLINE_CURVE_WITH_KNOTS('',1,(#943,#944),.UNSPECIFIED.,.F.,.F.,(2,2),(0.00000000000000000E0,1.00000000000000000E0),.UNSPECIFIED.);
#946=DEFINITIONAL_REPRESENTATION('',(#945),#465);
#947=PCURVE('',#209,#946);
#948=CARTESIAN_POINT('',(9.99999999999999822E0,0.00000000000000000E0));
#949=CARTESIAN_POINT('',(2.49999999999999822E0,0.00000000000000000E0));
#950=B_SPLINE_CURVE_WITH_KNOTS('',1,(#948,#949),.UNSPECIFIED.,.F.,.F.,(2,2),(0.00000000000000000E0,1.00000000000000000E0),.UNSPECIFIED.);
#951=DEFINITIONAL_REPRESENTATION('',(#950),#465);
#952=PCURVE('',#214,#951);
#953=CARTESIAN_POINT('',(2.49999999999999822E0,0.00000000000000000E0));
#954=CARTESIAN_POINT('',(2.49999999999999867E0,-2.49999999999999956E0));
#955=CARTESIAN_POINT('',(-1.77635683940025046E-15,-2.50000000000000000E0));
#956=(BOUNDED_CURVE()B_SPLINE_CURVE(2,(#953,#954,#955),.UNSPECIFIED.,.F.,.F.)B_SPLINE_CURVE_WITH_KNOTS((3,3),(0.00000000000000000E0,1.00000000000000000E0),.UNSPECIFIED.)CURVE()GEOMETRIC_REPRESENTATION_ITEM()RATIONAL_B_SPLINE_CURVE((1.00000000000000000E0,7.07106781186547573E-1,1.00000000000000000E0))REPRESENTATION_ITEM(''));
#957=DEFINITIONAL_REPRESENTATION('',(#956),#465);
#958=PCURVE('',#214,#957);
#959=CARTESIAN_POINT('',(-1.77635683940025046E-15,-2.50000000000000000E0));
#960=CARTESIAN_POINT('',(-1.77635683940025046E-15,-1.00000000000000000E1));
#961=B_SPLINE_CURVE_WITH_KNOTS('',1,(#959,#960),.UNSPECIFIED.,.F.,.F.,(2,2),(0.00000000000000000E0,1.00000000000000000E0),.UNSPECIFIED.);
#962=DEFINITIONAL_REPRESENTATION('',(#961),#465);
#963=PCURVE('',#214,#962);
#964=CARTESIAN_POINT('',(-1.77635683940025046E-15,-1.00000000000000000E1));
#965=CARTESIAN_POINT('',(1.00000000000000000E1,-9.99999999999999822E0));
#966=CARTESIAN_POINT('',(9.99999999999999822E0,0.00000000000000000E0));
#967=(BOUNDED_CURVE()B_SPLINE_CURVE(2,(#964,#965,#966),.UNSPECIFIED.,.F.,.F.)B_SPLINE_CURVE_WITH_KNOTS((3,3),(0.00000000000000000E0,1.00000000000000000E0),.UNSPECIFIED.)CURVE()GEOMETRIC_REPRESENTATION_ITEM()RATIONAL_B_SPLINE_CURVE((1.00000000000000000E0,7.07106781186547573E-1,1.00000000000000000E0))REPRESENTATION_ITEM(''));
#968=DEFINITIONAL_REPRESENTATION('',(#967),#465);
#969=PCURVE('',#214,#968);
#970=CARTESIAN_POINT('',(0.00000000000000000E0,-1.00000000000000000E1));
#971=CARTESIAN_POINT('',(9.99999999999999645E0,-1.00000000000000018E1));
#972=CARTESIAN_POINT('',(1.00000000000000000E1,0.00000000000000000E0));
#973=(BOUNDED_CURVE()B_SPLINE_CURVE(2,(#970,#971,#972),.UNSPECIFIED.,.F.,.F.)B_SPLINE_CURVE_WITH_KNOTS((3,3),(0.00000000000000000E0,1.00000000000000000E0),.UNSPECIFIED.)CURVE()GEOMETRIC_REPRESENTATION_ITEM()RATIONAL_B_SPLINE_CURVE((1.00000000000000000E0,7.07106781186547573E-1,1.00000000000000000E0))REPRESENTATION_ITEM(''));
#974=DEFINITIONAL_REPRESENTATION('',(#973),#465);
#975=PCURVE('',#219,#974);
#976=CARTESIAN_POINT('',(1.00000000000000000E1,0.00000000000000000E0));
#977=CARTESIAN_POINT('',(2.50000000000000000E0,0.00000000000000000E0));
#978=B_SPLINE_CURVE_WITH_KNOTS('',1,(#976,#977),.UNSPECIFIED.,.F.,.F.,(2,2),(0.00000000000000000E0,1.00000000000000000E0),.UNSPECIFIED.);
#979=DEFINITIONAL_REPRESENTATION('',(#978),#465);
#980=PCURVE('',#219,#979);
#981=CARTESIAN_POINT('',(2.50000000000000000E0,0.00000000000000000E0));
#982=CARTESIAN_POINT('',(2.49999999999999911E0,-2.50000000000000044E0));
#983=CARTESIAN_POINT('',(0.00000000000000000E0,-2.50000000000000000E0));
#984=(BOUNDED_CURVE()B_SPLINE_CURVE(2,(#981,#982,#983),.UNSPECIFIED.,.F.,.F.)B_SPLINE_CURVE_WITH_KNOTS((3,3),(0.00000000000000000E0,1.00000000000000000E0),.UNSPECIFIED.)CURVE()GEOMETRIC_REPRESENTATION_ITEM()RATIONAL_B_SPLINE_CURVE((1.00000000000000000E0,7.07106781186547573E-1,1.00000000000000000E0))REPRESENTATION_ITEM(''));
#985=DEFINITIONAL_REPRESENTATION('',(#984),#465);
#986=PCURVE('',#219,#985);
#987=CARTESIAN_POINT('',(0.00000000000000000E0,-2.50000000000000000E0));
#988=CARTESIAN_POINT('',(0.00000000000000000E0,-1.00000000000000000E1));
#989=B_SPLINE_CURVE_WITH_KNOTS('',1,(#987,#988),.UNSPECIFIED.,.F.,.F.,(2,2),(0.00000000000000000E0,1.00000000000000000E0),.UNSPECIFIED.);
#990=DEFINITIONAL_REPRESENTATION('',(#989),#465);
#991=PCURVE('',#219,#990);
#992=CARTESIAN_POINT('',(0.00000000000000000E0,0.00000000000000000E0));
#993=CARTESIAN_POINT('',(3.00000000000000000E0,0.00000000000000000E0));
#994=B_SPLINE_CURVE_WITH_KNOTS('',1,(#992,#993),.UNSPECIFIED.,.F.,.F.,(2,2),(0.00000000000000000E0,1.00000000000000000E0),.UNSPECIFIED.);
#995=DEFINITIONAL_REPRESENTATION('',(#994),#465);
#996=PCURVE('',#226,#995);
#997=CARTESIAN_POINT('',(3.00000000000000000E0,0.00000000000000000E0));
#998=CARTESIAN_POINT('',(3.00000000000000000E0,1.00000000000000000E0));
#999=B_SPLINE_CURVE_WITH_KNOTS('',1,(#997,#998),.UNSPECIFIED.,.F.,.F.,(2,2),(0.00000000000000000E0,1.00000000000000000E0),.UNSPECIFIED.);
#1000=DEFINITIONAL_REPRESENTATION('',(#999),#465);
#1001=PCURVE('',#226,#1000);
#1002=CARTESIAN_POINT('',(3.00000000000000000E0,1.00000000000000000E0));
#1003=CARTESIAN_POINT('',(0.00000000000000000E0,1.00000000000000000E0));
#1004=B_SPLINE_CURVE_WITH_KNOTS('',1,(#1002,#1003),.UNSPECIFIED.,.F.,.F.,(2,2),(0.00000000000000000E0,1.00000000000000000E0),.UNSPECIFIED.);
#1005=DEFINITIONAL_REPRESENTATION('',(#1004),#465);
#1006=PCURVE('',#226,#1005);
#1007=CARTESIAN_POINT('',(0.00000000000000000E0,1.00000000000000000E0));
#1008=CARTESIAN_POINT('',(0.00000000000000000E0,0.00000000000000000E0));
#1009=B_SPLINE_CURVE_WITH_KNOTS('',1,(#1007,#1008),.UNSPECIFIED.,.F.,.F.,(2,2),(0.00000000000000000E0,1.00000000000000000E0),.UNSPECIFIED.);
#1010=DEFINITIONAL_REPRESENTATION('',(#1009),#465);
#1011=PCURVE('',#226,#1010);
#1012=CARTESIAN_POINT('',(3.00000000000000000E0,0.00000000000000000E0));
#1013=CARTESIAN_POINT('',(3.00000000000000000E0,1.00000000000000000E0));
#1014=B_SPLINE_CURVE_WITH_KNOTS('',1,(#1012,#1013),.UNSPECIFIED.,.F.,.F.,(2,2),(0.00000000000000000E0,1.00000000000000000E0),.UNSPECIFIED.);
#1015=DEFINITIONAL_REPRESENTATION('',(#1014),#465);
#1016=PCURVE('',#233,#1015);
#1017=CARTESIAN_POINT('',(3.00000000000000000E0,1.00000000000000000E0));
#1018=CARTESIAN_POINT('',(0.00000000000000000E0,1.00000000000000000E0));
#1019=B_SPLINE_CURVE_WITH_KNOTS('',1,(#1017,#1018),.UNSPECIFIED.,.F.,.F.,(2,2),(0.00000000000000000E0,1.00000000000000000E0),.UNSPECIFIED.);
#1020=DEFINITIONAL_REPRESENTATION('',(#1019),#465);
#1021=PCURVE('',#233,#1020);
#1022=CARTESIAN_POINT('',(0.00000000000000000E0,1.00000000000000000E0));
#1023=CARTESIAN_POINT('',(0.00000000000000000E0,0.00000000000000000E0));
#1024=B_SPLINE_CURVE_WITH_KNOTS('',1,(#1022,#1023),.UNSPECIFIED.,.F.,.F.,(2,2),(0.00000000000000000E0,1.00000000000000000E0),.UNSPECIFIED.);
#1025=DEFINITIONAL_REPRESENTATION('',(#1024),#465);
#1026=PCURVE('',#233,#1025);
#1027=CARTESIAN_POINT('',(0.00000000000000000E0,0.00000000000000000E0));
#1028=CARTESIAN_POINT('',(3.00000000000000000E0,0.00000000000000000E0));
#1029=B_SPLINE_CURVE_WITH_KNOTS('',1,(#1027,#1028),.UNSPECIFIED.,.F.,.F.,(2,2),(0.00000000000000000E0,1.00000000000000000E0),.UNSPECIFIED.);
#1030=DEFINITIONAL_REPRESENTATION('',(#1029),#465);
#1031=PCURVE('',#233,#1030);
#1032=CARTESIAN_POINT('',(0.00000000000000000E0,-1.00000000000000000E1));
#1033=CARTESIAN_POINT('',(0.00000000000000000E0,-2.50000000000000000E0));
#1034=B_SPLINE_CURVE_WITH_KNOTS('',1,(#1032,#1033),.UNSPECIFIED.,.F.,.F.,(2,2),(0.00000000000000000E0,1.00000000000000000E0),.UNSPECIFIED.);
#1035=DEFINITIONAL_REPRESENTATION('',(#1034),#465);
#1036=PCURVE('',#238,#1035);
#1037=CARTESIAN_POINT('',(0.00000000000000000E0,-2.50000000000000000E0));
#1038=CARTESIAN_POINT('',(-2.49999999999999911E0,-2.50000000000000044E0));
#1039=CARTESIAN_POINT('',(-2.50000000000000000E0,0.00000000000000000E0));
#1040=(BOUNDED_CURVE()B_SPLINE_CURVE(2,(#1037,#1038,#1039),.UNSPECIFIED.,.F.,.F.)B_SPLINE_CURVE_WITH_KNOTS((3,3),(0.00000000000000000E0,1.00000000000000000E0),.UNSPECIFIED.)CURVE()GEOMETRIC_REPRESENTATION_ITEM()RATIONAL_B_SPLINE_CURVE((1.00000000000000000E0,7.07106781186547573E-1,1.00000000000000000E0))REPRESENTATION_ITEM(''));
#1041=DEFINITIONAL_REPRESENTATION('',(#1040),#465);
#1042=PCURVE('',#238,#1041);
#1043=CARTESIAN_POINT('',(-2.50000000000000000E0,0.00000000000000000E0));
#1044=CARTESIAN_POINT('',(-1.00000000000000000E1,0.00000000000000000E0));
#1045=B_SPLINE_CURVE_WITH_KNOTS('',1,(#1043,#1044),.UNSPECIFIED.,.F.,.F.,(2,2),(0.00000000000000000E0,1.00000000000000000E0),.UNSPECIFIED.);
#1046=DEFINITIONAL_REPRESENTATION('',(#1045),#465);
#1047=PCURVE('',#238,#1046);
#1048=CARTESIAN_POINT('',(-1.00000000000000000E1,0.00000000000000000E0));
#1049=CARTESIAN_POINT('',(-9.99999999999999645E0,-1.00000000000000018E1));
#1050=CARTESIAN_POINT('',(0.00000000000000000E0,-1.00000000000000000E1));
#1051=(BOUNDED_CURVE()B_SPLINE_CURVE(2,(#1048,#1049,#1050),.UNSPECIFIED.,.F.,.F.)B_SPLINE_CURVE_WITH_KNOTS((3,3),(0.00000000000000000E0,1.00000000000000000E0),.UNSPECIFIED.)CURVE()GEOMETRIC_REPRESENTATION_ITEM()RATIONAL_B_SPLINE_CURVE((1.00000000000000000E0,7.07106781186547573E-1,1.00000000000000000E0))REPRESENTATION_ITEM(''));
#1052=DEFINITIONAL_REPRESENTATION('',(#1051),#465);
#1053=PCURVE('',#238,#1052);
#1054=SURFACE_CURVE('',#245,(#485,#494),.PCURVE_S1.);
#1055=EDGE_CURVE('OSCAD_TOPO/3|edge|e:7976d16e52027106fdedd1e0ede79f7f|a27e1edf889d567daf15830bb54587490c54833ca22f6f59f7fed1856acdec70',#2,#4,#1054,.T.);
#1056=SURFACE_CURVE('',#249,(#480,#586),.PCURVE_S1.);
#1057=EDGE_CURVE('OSCAD_TOPO/3|edge|e:390b45e6172f43b4ee84a63ea13e6f2a|45c90963f30e5133275200d0bacbe68f41ced2c41624a1761df1a1cde39eb6fc',#4,#6,#1056,.T.);
#1058=SURFACE_CURVE('',#256,(#475,#528),.PCURVE_S1.);
#1059=EDGE_CURVE('OSCAD_TOPO/3|edge|e:5f449b705e662d9728de57d068b19616|10d86012c336e48c2177f2e7e1c6b82ca086fa98baea14c8d9b7ace3654e48f8',#6,#2,#1058,.T.);
#1060=SURFACE_CURVE('',#260,(#470),.PCURVE_S1.);
#1061=EDGE_CURVE('OSCAD_TOPO/3|edge|e:bbe9a6aa60945f6331c0173ec36ee3b5|be8d37f0851bc2ed3dc5d91c66efebdba5e272f913e0e929a2f0dda0372bc8ad',#2,#2,#1060,.T.);
#1062=SURFACE_CURVE('',#263,(#499,#623),.PCURVE_S1.);
#1063=EDGE_CURVE('OSCAD_TOPO/3|edge|e:536576a0bbf718af0832009b3bf14fb3|0392b18f41fa217c9a186119282a23c1726294c788633ec1a84ee5c9cffcd8ea',#4,#8,#1062,.T.);
#1064=SURFACE_CURVE('',#270,(#508,#543),.PCURVE_S1.);
#1065=EDGE_CURVE('OSCAD_TOPO/3|edge|e:6c6b262f6c4025bda2e0a54f682ec6bd|961cb5a806956f4f099b4e0fb646ae74813591d094a2d432b10d2fa8e79054fc',#8,#10,#1064,.T.);
#1066=SURFACE_CURVE('',#273,(#513,#980),.PCURVE_S1.);
#1067=EDGE_CURVE('OSCAD_TOPO/3|edge|e:904817d7b1db9dac47f3b1adf855fce0|f00c7020e3e0ba068cf28801b77668b0d262713e61216513eace650cdcb1be03',#10,#2,#1066,.T.);
#1068=SURFACE_CURVE('',#280,(#518,#581),.PCURVE_S1.);
#1069=EDGE_CURVE('OSCAD_TOPO/3|edge|e:04f867aabb72b665887103064e749170|5b3248efce783427e70f8250155d785376ce3f229e9d00a23da82210f2bb8050',#12,#14,#1068,.T.);
#1070=SURFACE_CURVE('',#283,(#523,#643),.PCURVE_S1.);
#1071=EDGE_CURVE('OSCAD_TOPO/3|edge|e:8771f2186b2270116feac417c50970cf|ecc2a7846d40b5ba3e1f46a09d253112fefe418368c73aff2a4d62c7c2b1cf49',#14,#6,#1070,.T.);
#1072=SURFACE_CURVE('',#286,(#533,#1001),.PCURVE_S1.);
#1073=EDGE_CURVE('OSCAD_TOPO/3|edge|e:a32516168f204973c9a0eff95de93e96|2749f79a1b7f2c83e17111bc5d9f619a71ba4cac58f1eff79127b1fd1fc32397',#2,#12,#1072,.T.);
#1074=SURFACE_CURVE('',#293,(#553,#567),.PCURVE_S1.);
#1075=EDGE_CURVE('OSCAD_TOPO/3|edge|e:8f01643f91c9efcadfcdcd4fac406699|f4755d2389df6178f314117daa36b0f670280d2a60f331cb518bb9c7d5aa1f35',#16,#18,#1074,.T.);
#1076=SURFACE_CURVE('',#296,(#548,#648),.PCURVE_S1.);
#1077=EDGE_CURVE('OSCAD_TOPO/3|edge|e:a0d4af339c26fff04384aee6fc336c2e|f889933af816afbbdf6d0265fb492159eb263285b97b834cdf0462d683d1d4c2',#18,#8,#1076,.T.);
#1078=SURFACE_CURVE('',#299,(#538,#1026),.PCURVE_S1.);
#1079=EDGE_CURVE('OSCAD_TOPO/3|edge|e:566e21ab4b18dac32f7232f5dfc868c7|829677086989e07625fa830f59e9fd8b015a99e8d8173c0e5e11c446208f7f22',#10,#16,#1078,.T.);
#1080=SURFACE_CURVE('',#302,(#572,#668),.PCURVE_S1.);
#1081=EDGE_CURVE('OSCAD_TOPO/3|edge|e:c8daeca606c2f247b4b504107a19a794|fef19542cf381d60fd337b804a23b8de5cae3635a4d744ae9f275e72d1c47e19',#14,#18,#1080,.T.);
#1082=SURFACE_CURVE('',#305,(#558,#1047),.PCURVE_S1.);
#1083=EDGE_CURVE('OSCAD_TOPO/3|edge|e:4e35a7f90736699eed7ce03b71e18fce|12885f19b13313225040a6c6e13af6f461c2a7a53045cc9dee9fce074b50a85d',#16,#12,#1082,.T.);
#1084=SURFACE_CURVE('',#309,(#601,#607),.PCURVE_S1.);
#1085=EDGE_CURVE('OSCAD_TOPO/3|edge|e:8fe837709db29ee8461b6f1027a84b6f|19b874f10675432c048315ba05ea4ba4188e83b7753a519de01e79f9d0f7f7dc',#4,#20,#1084,.T.);
#1086=SURFACE_CURVE('',#313,(#596,#690),.PCURVE_S1.);
#1087=EDGE_CURVE('OSCAD_TOPO/3|edge|e:e18222ffe1401e22db920e43483a02ce|952ba5156c6f5af4ed0e1894bd203b194f570d0f1ca6c2c881554c85de135071',#20,#22,#1086,.T.);
#1088=SURFACE_CURVE('',#317,(#591,#638),.PCURVE_S1.);
#1089=EDGE_CURVE('OSCAD_TOPO/3|edge|e:26598aefc36a52f6535c4449eab2df19|24ab47b590238922b28ba06dd3d94842f0e3e1a31e9ad1da6fb6a835c410acfe',#22,#6,#1088,.T.);
#1090=SURFACE_CURVE('',#320,(#612,#733),.PCURVE_S1.);
#1091=EDGE_CURVE('OSCAD_TOPO/3|edge|e:792efd0eb5985357966a236bb59caa4f|17840c62e9b845420a437de5a54f2042217e1ba7dc9dc44a63f38dd696e23732',#20,#24,#1090,.T.);
#1092=SURFACE_CURVE('',#324,(#618,#653),.PCURVE_S1.);
#1093=EDGE_CURVE('OSCAD_TOPO/3|edge|e:9c68aa3c7c2a11ec385c8dc429ea01de|503d9baaa9657987038ab8407221dc449555bed2fe39b6648493f98d75775b54',#24,#8,#1092,.T.);
#1094=SURFACE_CURVE('',#328,(#628,#685),.PCURVE_S1.);
#1095=EDGE_CURVE('OSCAD_TOPO/3|edge|e:27dd741e03d5be09e05d5e91583e90bf|951eab2ad7ccdd2c9f054347f1d2415ae9bb685b70c895fb7b90d8e30077cfbc',#14,#26,#1094,.T.);
#1096=SURFACE_CURVE('',#331,(#633,#753),.PCURVE_S1.);
#1097=EDGE_CURVE('OSCAD_TOPO/3|edge|e:161254db5264664cd312d3f36dff3520|3ba12983a6bbc59a6a31850e7be363cfd0710a085aeef687f47d58ddd0ab5097',#26,#22,#1096,.T.);
#1098=SURFACE_CURVE('',#335,(#663,#674),.PCURVE_S1.);
#1099=EDGE_CURVE('OSCAD_TOPO/3|edge|e:47286ab2793b8e05e34b86613a6eab5b|8e60ff40c1e2bc3a7c4b9b9412d003eff6da431d727689ca9bbe6826c69a9460',#18,#28,#1098,.T.);
#1100=SURFACE_CURVE('',#338,(#658,#758),.PCURVE_S1.);
#1101=EDGE_CURVE('OSCAD_TOPO/3|edge|e:2e9bcac408d512d13d171a32a12ad8e5|2e0c798b3d79c7b6b622512831a978cda87797db9b22142f9c35134d46ed69e1',#28,#24,#1100,.T.);
#1102=SURFACE_CURVE('',#341,(#679,#778),.PCURVE_S1.);
#1103=EDGE_CURVE('OSCAD_TOPO/3|edge|e:729ce3a037ad8b79d41f2264d208d82f|55423d4530f274fc23cb3b5bf3a8e497a249d1e634a8aa2be282c809ca570b57',#26,#28,#1102,.T.);
#1104=SURFACE_CURVE('',#348,(#705,#714),.PCURVE_S1.);
#1105=EDGE_CURVE('OSCAD_TOPO/3|edge|e:a9cda76570ff9d82b65de82804325f71|9a76b95a5a32a2ac5fcb38a080de9ac6657c7750ed4927a8ba9aff0ed9dc28d8',#20,#30,#1104,.T.);
#1106=SURFACE_CURVE('',#352,(#700),.PCURVE_S1.);
#1107=EDGE_CURVE('OSCAD_TOPO/3|edge|e:bafa2333a178004f8fa03d04c4771635|8bf08ba365a1f817450f57f9c5b19925acaa80f9138cd7fe7a70082fcba3d874',#30,#30,#1106,.T.);
#1108=SURFACE_CURVE('',#359,(#695,#748),.PCURVE_S1.);
#1109=EDGE_CURVE('OSCAD_TOPO/3|edge|e:ae734192aea60b169ce457bc3f482f73|ad3927b9f0ac979828b8747dcdaa3ac0fda88e2aa6b4a5a2e90f98e184bf2eb3',#30,#22,#1108,.T.);
#1110=SURFACE_CURVE('',#362,(#719,#823),.PCURVE_S1.);
#1111=EDGE_CURVE('OSCAD_TOPO/3|edge|e:679fb608cb2ebd91cbf530e02411fe88|204b0c65e316aa2fe0e0e051e3a8ec9eb6f75b53ac27a25a323b470ba066ca58',#30,#32,#1110,.T.);
#1112=SURFACE_CURVE('',#369,(#728,#763),.PCURVE_S1.);
#1113=EDGE_CURVE('OSCAD_TOPO/3|edge|e:6675e9c57932dcac3a1f28c8297c68d2|1c93623eba8f83891b5adedfb777181aaff63ade030a70fd671e966328af7d3b',#32,#24,#1112,.T.);
#1114=SURFACE_CURVE('',#376,(#738,#801),.PCURVE_S1.);
#1115=EDGE_CURVE('OSCAD_TOPO/3|edge|e:aae69624c9bdc06a19b2ec116bae9ea7|ae5e0c53043126924b740b3155830e6592dac2e9c59aa24caa43dddd52951f07',#26,#34,#1114,.T.);
#1116=SURFACE_CURVE('',#379,(#743,#843),.PCURVE_S1.);
#1117=EDGE_CURVE('OSCAD_TOPO/3|edge|e:cb3cc7d6bd3fe7c2bddfd2066f3005d6|22c82fabb6ad52fcadc53cc83d9d1e455c215979570da718a63d07fcc41f2e4a',#34,#30,#1116,.T.);
#1118=SURFACE_CURVE('',#386,(#773,#787),.PCURVE_S1.);
#1119=EDGE_CURVE('OSCAD_TOPO/3|edge|e:2ab43417d28b1c3afc91628f4509ed4a|1c48037dae049948f04b19d08dcfd397557bc56f89da61a808c44ea816b3702a',#28,#36,#1118,.T.);
#1120=SURFACE_CURVE('',#389,(#768,#848),.PCURVE_S1.);
#1121=EDGE_CURVE('OSCAD_TOPO/3|edge|e:6e65e2b3cb7b988c02dcc96ce78c41f5|0e1474c5bf463c5c696e538524ea6c50b8582f94546d394369bdecae70f806d6',#36,#32,#1120,.T.);
#1122=SURFACE_CURVE('',#392,(#792,#868),.PCURVE_S1.);
#1123=EDGE_CURVE('OSCAD_TOPO/3|edge|e:0c2c3cd309273ca0ad585bd43531aea6|c8e837db65f97ccaf05c0aa660f668b497851db350ca1f59c6521cb09e8a06d2',#34,#36,#1122,.T.);
#1124=SURFACE_CURVE('',#396,(#807,#838),.PCURVE_S1.);
#1125=EDGE_CURVE('OSCAD_TOPO/3|edge|e:f866d4a12788d402b4331fe91be69ce1|09fc275f76409a5f676764591f9fc95721253a2b577bba5918c7c230096e9f8f',#30,#38,#1124,.T.);
#1126=SURFACE_CURVE('',#399,(#812,#907),.PCURVE_S1.);
#1127=EDGE_CURVE('OSCAD_TOPO/3|edge|e:1a071d44722763cf38b782c09c86a77a|a77f59781d7896874e531019de2370663612a9c4a4951e307fa73e74dc9fa539',#38,#40,#1126,.T.);
#1128=SURFACE_CURVE('',#403,(#818,#853),.PCURVE_S1.);
#1129=EDGE_CURVE('OSCAD_TOPO/3|edge|e:a8ef693b814d1525001243e74ae5985a|5804a7bbd7eaaa816d849fb57a1cd0632026e225a8d9baf875bfe9e07eac7715',#40,#32,#1128,.T.);
#1130=SURFACE_CURVE('',#407,(#828,#885),.PCURVE_S1.);
#1131=EDGE_CURVE('OSCAD_TOPO/3|edge|e:bebb89570c2174f53707718c7df78da5|e61f075a263ec03afc6e36a5658bcf13a9e2c8ad4a27d12afa24231f8a94f1bc',#34,#42,#1130,.T.);
#1132=SURFACE_CURVE('',#410,(#833,#927),.PCURVE_S1.);
#1133=EDGE_CURVE('OSCAD_TOPO/3|edge|e:297741c87e2375fee98d0c346ca7d6b4|1787143241405da853c45ba9619bd4c6cb96675eb990748b50778f9047b1aa9e',#42,#38,#1132,.T.);
#1134=SURFACE_CURVE('',#414,(#863,#874),.PCURVE_S1.);
#1135=EDGE_CURVE('OSCAD_TOPO/3|edge|e:9ed1cc027c33ff17e1c19f6b2a36ff0f|4ac1e9eb197c70854f785a96dd58347abbe5c1f4da18d0cfa29af14f933228e5',#36,#44,#1134,.T.);
#1136=SURFACE_CURVE('',#417,(#858,#932),.PCURVE_S1.);
#1137=EDGE_CURVE('OSCAD_TOPO/3|edge|e:0ed52b92a363afdc56602551dafbeaa2|a3c7e86788726c72ff1694f00c4ae0c5080b8146e7575cfe6f819ad1f24ae12f',#44,#40,#1136,.T.);
#1138=SURFACE_CURVE('',#420,(#879,#952),.PCURVE_S1.);
#1139=EDGE_CURVE('OSCAD_TOPO/3|edge|e:4a6ec70e0b6c081229410fcd39b527a2|20481efc2135ab94a07d3cd26b0f1265ea5dd328f3535499050aa00b4fcfb66d',#42,#44,#1138,.T.);
#1140=SURFACE_CURVE('',#424,(#891,#922),.PCURVE_S1.);
#1141=EDGE_CURVE('OSCAD_TOPO/3|edge|e:22df02f1c1b79e8fcb335a000a77a2c8|4361e984547bbb00bf0487da34db9e4ab46c70fe0ba7491523e6bb84e5ede575',#38,#46,#1140,.T.);
#1142=SURFACE_CURVE('',#427,(#896,#991),.PCURVE_S1.);
#1143=EDGE_CURVE('OSCAD_TOPO/3|edge|e:b2a0916c2e6e4f945b021a8ba1ad3d61|a5d2b2ab8f7cd489e8d0cfa9bc0d1802e801cfe3350c4065585f232a0b998d9b',#46,#48,#1142,.T.);
#1144=SURFACE_CURVE('',#431,(#902,#937),.PCURVE_S1.);
#1145=EDGE_CURVE('OSCAD_TOPO/3|edge|e:ad388563c18081eea74afe1a079d5c72|d897a726be5fba653d9a44db674cdb84afe90058d73b6ef395f857a09541a36f',#48,#40,#1144,.T.);
#1146=SURFACE_CURVE('',#435,(#912,#969),.PCURVE_S1.);
#1147=EDGE_CURVE('OSCAD_TOPO/3|edge|e:1a33f7a846faa461ce97c55947ce4d56|f11b6fa955d1016e0116cf00bdce08df0d1d0eb13758163d3e648f2e942b9bac',#42,#50,#1146,.T.);
#1148=SURFACE_CURVE('',#438,(#917,#1011),.PCURVE_S1.);
#1149=EDGE_CURVE('OSCAD_TOPO/3|edge|e:ecc67583af76c108d07d5d759088ddba|639bcdc530a2df9d5e857f0b7af7115920d05d519e8e52afcc7e63293354450e',#50,#46,#1148,.T.);
#1150=SURFACE_CURVE('',#442,(#947,#958),.PCURVE_S1.);
#1151=EDGE_CURVE('OSCAD_TOPO/3|edge|e:5415c1e78a9a83354a239c6a1897884c|e99cafeb521c1b3aad7ac02da2f11bd691db8ec70e468935d2a1326f923c05a1',#44,#52,#1150,.T.);
#1152=SURFACE_CURVE('',#445,(#942,#1016),.PCURVE_S1.);
#1153=EDGE_CURVE('OSCAD_TOPO/3|edge|e:7817cf4c5be794e65304c7921b7b3a59|4e02ae272ff034b3c1adf3dfe6a7f194e1beefba0ece5e8a16dc794499ffadec',#52,#48,#1152,.T.);
#1154=SURFACE_CURVE('',#448,(#963,#1036),.PCURVE_S1.);
#1155=EDGE_CURVE('OSCAD_TOPO/3|edge|e:9d51c792a0cc76001207d2190b497f47|0315d9870e824e7f02927a264b7587c79f53b5fef4a36be283d1946a19adc4e7',#50,#52,#1154,.T.);
#1156=SURFACE_CURVE('',#452,(#975,#1006),.PCURVE_S1.);
#1157=EDGE_CURVE('OSCAD_TOPO/3|edge|e:033239eab699026b4f1d416951f4d5ad|06e63ee41bb40bf16b8ef5e340c6e7679e7d63703e5e1a0b2a6c770a1ee38656',#46,#2,#1156,.T.);
#1158=SURFACE_CURVE('',#456,(#986,#1021),.PCURVE_S1.);
#1159=EDGE_CURVE('OSCAD_TOPO/3|edge|e:65d251b439b5ea95b152d3d32dd70129|d9c1e731a768b4f581239d38636c8efeaf3c2ac063dd3c0b38cb9bdfc7e4b1bf',#10,#48,#1158,.T.);
#1160=SURFACE_CURVE('',#460,(#996,#1053),.PCURVE_S1.);
#1161=EDGE_CURVE('OSCAD_TOPO/3|edge|e:851137c27a48c00cd89fb408c40abdaa|853a29c052b15dbe8f593b40e1ddc51211f703a34186e9800b8dcfdd49170999',#50,#12,#1160,.T.);
#1162=SURFACE_CURVE('',#464,(#1031,#1042),.PCURVE_S1.);
#1163=EDGE_CURVE('OSCAD_TOPO/3|edge|e:37161e3c3de500d243440bbebf4ad507|dbd9bac30b7c1b9eeee1af6f859c1999627e6d98b1f4bee40e809ce71413b0a4',#52,#16,#1162,.T.);
#1164=ORIENTED_EDGE('',*,*,#1061,.F.);
#1165=ORIENTED_EDGE('',*,*,#1059,.F.);
#1166=ORIENTED_EDGE('',*,*,#1057,.F.);
#1167=ORIENTED_EDGE('',*,*,#1055,.F.);
#1168=EDGE_LOOP('OSCAD_TOPO/3|loop|l:68dc881b0dabaf6e196cafbf6855cf10|7de11b5ba5e2e38a68039c623eb090df87d1d6bc824282a9d67875a7acff36b7',(#1164,#1165,#1166,#1167));
#1169=ORIENTED_EDGE('',*,*,#1055,.T.);
#1170=ORIENTED_EDGE('',*,*,#1063,.T.);
#1171=ORIENTED_EDGE('',*,*,#1065,.T.);
#1172=ORIENTED_EDGE('',*,*,#1067,.T.);
#1173=EDGE_LOOP('OSCAD_TOPO/3|loop|l:3464a8400746ea7cf3d681a725cb9e53|1ac27a6954a7691c23d45f5decbd27b6a4161cb22adf9cbca7f52f26d8c6783c',(#1169,#1170,#1171,#1172));
#1174=ORIENTED_EDGE('',*,*,#1069,.T.);
#1175=ORIENTED_EDGE('',*,*,#1071,.T.);
#1176=ORIENTED_EDGE('',*,*,#1059,.T.);
#1177=ORIENTED_EDGE('',*,*,#1073,.T.);
#1178=EDGE_LOOP('OSCAD_TOPO/3|loop|l:7aedb2f43e0ebe80c10520e83e9b4525|0deb5f2a6f3a19e7bde766401a66bb3bc44d1ffc60b9648b4a1f0e46ee9d063c',(#1174,#1175,#1176,#1177));
#1179=ORIENTED_EDGE('',*,*,#1079,.F.);
#1180=ORIENTED_EDGE('',*,*,#1065,.F.);
#1181=ORIENTED_EDGE('',*,*,#1077,.F.);
#1182=ORIENTED_EDGE('',*,*,#1075,.F.);
#1183=EDGE_LOOP('OSCAD_TOPO/3|loop|l:f2aa785d9ef43a0286f3b45096a6e853|17e4036deead43e00820fb9c3c9693922db63c2117a3597500050b2b6a214223',(#1179,#1180,#1181,#1182));
#1184=ORIENTED_EDGE('',*,*,#1083,.F.);
#1185=ORIENTED_EDGE('',*,*,#1075,.T.);
#1186=ORIENTED_EDGE('',*,*,#1081,.F.);
#1187=ORIENTED_EDGE('',*,*,#1069,.F.);
#1188=EDGE_LOOP('OSCAD_TOPO/3|loop|l:656a9ee35e317173970ba0f8ea2c0bdc|ffd94c7e926d9f5bad9ad55f6e0ac8733037a6a6249bfbb1b2722fa2f1fab0d7',(#1184,#1185,#1186,#1187));
#1189=ORIENTED_EDGE('',*,*,#1057,.T.);
#1190=ORIENTED_EDGE('',*,*,#1089,.F.);
#1191=ORIENTED_EDGE('',*,*,#1087,.F.);
#1192=ORIENTED_EDGE('',*,*,#1085,.F.);
#1193=EDGE_LOOP('OSCAD_TOPO/3|loop|l:a4a0ef4fc2d9c4ec62537997d3ba33fc|5cdcf9df9875372bdc5cac337e6e05464413d0020d53af149de6bc1062c8d9b8',(#1189,#1190,#1191,#1192));
#1194=ORIENTED_EDGE('',*,*,#1085,.T.);
#1195=ORIENTED_EDGE('',*,*,#1091,.T.);
#1196=ORIENTED_EDGE('',*,*,#1093,.T.);
#1197=ORIENTED_EDGE('',*,*,#1063,.F.);
#1198=EDGE_LOOP('OSCAD_TOPO/3|loop|l:254ba0f8898a5f4e71ad55a66ab1e30d|9472e2c3b063ab6ff32a3aff5235b10c5eed7f95185b039d5f2c2f7c840efbf8',(#1194,#1195,#1196,#1197));
#1199=ORIENTED_EDGE('',*,*,#1095,.T.);
#1200=ORIENTED_EDGE('',*,*,#1097,.T.);
#1201=ORIENTED_EDGE('',*,*,#1089,.T.);
#1202=ORIENTED_EDGE('',*,*,#1071,.F.);
#1203=EDGE_LOOP('OSCAD_TOPO/3|loop|l:3211844fb3e3d182d973706522a2f19a|df34920bd78c32eb615de67d1ed95688de11dc1a55be0dda271b4771caa3ce94',(#1199,#1200,#1201,#1202));
#1204=ORIENTED_EDGE('',*,*,#1077,.T.);
#1205=ORIENTED_EDGE('',*,*,#1093,.F.);
#1206=ORIENTED_EDGE('',*,*,#1101,.F.);
#1207=ORIENTED_EDGE('',*,*,#1099,.F.);
#1208=EDGE_LOOP('OSCAD_TOPO/3|loop|l:d4249a8490875fd412f1d7110ca7116e|931abc2a6790db97189c72202ad7623e32c840f206eccf5036929290f5877875',(#1204,#1205,#1206,#1207));
#1209=ORIENTED_EDGE('',*,*,#1081,.T.);
#1210=ORIENTED_EDGE('',*,*,#1099,.T.);
#1211=ORIENTED_EDGE('',*,*,#1103,.F.);
#1212=ORIENTED_EDGE('',*,*,#1095,.F.);
#1213=EDGE_LOOP('OSCAD_TOPO/3|loop|l:f381ec76e847270c486cedb15cfe8afe|98323e6cc6060f825c2749017d7fa81c6fdfd118745450648cba22c5b5d1c96d',(#1209,#1210,#1211,#1212));
#1214=ORIENTED_EDGE('',*,*,#1087,.T.);
#1215=ORIENTED_EDGE('',*,*,#1109,.F.);
#1216=ORIENTED_EDGE('',*,*,#1107,.F.);
#1217=ORIENTED_EDGE('',*,*,#1105,.F.);
#1218=EDGE_LOOP('OSCAD_TOPO/3|loop|l:de2c6ceb4c67adf7004ec4fffe3d083e|89e7ae243642d5cb2886133bd5612bbf2da28e60ee4481ed2d44db64ec15edb4',(#1214,#1215,#1216,#1217));
#1219=ORIENTED_EDGE('',*,*,#1105,.T.);
#1220=ORIENTED_EDGE('',*,*,#1111,.T.);
#1221=ORIENTED_EDGE('',*,*,#1113,.T.);
#1222=ORIENTED_EDGE('',*,*,#1091,.F.);
#1223=EDGE_LOOP('OSCAD_TOPO/3|loop|l:951b9128274878ad391e16a11e67b0e0|3b917f8b60650c541bd497e4659d1bfe6a5c74d4f4726768c1566a0f318a9761',(#1219,#1220,#1221,#1222));
#1224=ORIENTED_EDGE('',*,*,#1115,.T.);
#1225=ORIENTED_EDGE('',*,*,#1117,.T.);
#1226=ORIENTED_EDGE('',*,*,#1109,.T.);
#1227=ORIENTED_EDGE('',*,*,#1097,.F.);
#1228=EDGE_LOOP('OSCAD_TOPO/3|loop|l:82e7b68b33017898fb940c382a9a0817|dc78f02a7b61ff31e3eb584546cc0c763a84774d9067c5a7ae372f8c8df0186f',(#1224,#1225,#1226,#1227));
#1229=ORIENTED_EDGE('',*,*,#1101,.T.);
#1230=ORIENTED_EDGE('',*,*,#1113,.F.);
#1231=ORIENTED_EDGE('',*,*,#1121,.F.);
#1232=ORIENTED_EDGE('',*,*,#1119,.F.);
#1233=EDGE_LOOP('OSCAD_TOPO/3|loop|l:182ce84a09eaa4e9e9a8d651c9381567|f42fd0e846656f160949df859f233e590fc3ec281536031d18a5b1d5f4c51f76',(#1229,#1230,#1231,#1232));
#1234=ORIENTED_EDGE('',*,*,#1103,.T.);
#1235=ORIENTED_EDGE('',*,*,#1119,.T.);
#1236=ORIENTED_EDGE('',*,*,#1123,.F.);
#1237=ORIENTED_EDGE('',*,*,#1115,.F.);
#1238=EDGE_LOOP('OSCAD_TOPO/3|loop|l:6c6ff512dcb2bf20fe381230561fa302|6b6f08576bd832385264630e4a5f835ea74c1b850b6a4e7d94ddc3eb5d35ca70',(#1234,#1235,#1236,#1237));
#1239=ORIENTED_EDGE('',*,*,#1125,.T.);
#1240=ORIENTED_EDGE('',*,*,#1127,.T.);
#1241=ORIENTED_EDGE('',*,*,#1129,.T.);
#1242=ORIENTED_EDGE('',*,*,#1111,.F.);
#1243=EDGE_LOOP('OSCAD_TOPO/3|loop|l:649426d414ebbeaaea312a6f1dbf869a|1886f3b83a763e2daa4ec2a7cbd5172738fddd8ffb2c777dc4d714dfbaa27f0e',(#1239,#1240,#1241,#1242));
#1244=ORIENTED_EDGE('',*,*,#1131,.T.);
#1245=ORIENTED_EDGE('',*,*,#1133,.T.);
#1246=ORIENTED_EDGE('',*,*,#1125,.F.);
#1247=ORIENTED_EDGE('',*,*,#1117,.F.);
#1248=EDGE_LOOP('OSCAD_TOPO/3|loop|l:c46d418392b064acebd87ef89690c2a7|df48a974146c22e5fb47ca45d7234ce1d3bbace42375c8b41202ca4f5b1fd2f5',(#1244,#1245,#1246,#1247));
#1249=ORIENTED_EDGE('',*,*,#1121,.T.);
#1250=ORIENTED_EDGE('',*,*,#1129,.F.);
#1251=ORIENTED_EDGE('',*,*,#1137,.F.);
#1252=ORIENTED_EDGE('',*,*,#1135,.F.);
#1253=EDGE_LOOP('OSCAD_TOPO/3|loop|l:7ff81c0e56b61d1bc1b3b5db3b95e7b8|5c8d303e769f732956487b6222a7f6d81ae776a40832cfe2930b553b503b7140',(#1249,#1250,#1251,#1252));
#1254=ORIENTED_EDGE('',*,*,#1123,.T.);
#1255=ORIENTED_EDGE('',*,*,#1135,.T.);
#1256=ORIENTED_EDGE('',*,*,#1139,.F.);
#1257=ORIENTED_EDGE('',*,*,#1131,.F.);
#1258=EDGE_LOOP('OSCAD_TOPO/3|loop|l:b887e989d6384aaed728d9e0067273c9|3643a69a856369d407592e413fb4e66b64a2329327bb23867e32518170b0ec8e',(#1254,#1255,#1256,#1257));
#1259=ORIENTED_EDGE('',*,*,#1141,.T.);
#1260=ORIENTED_EDGE('',*,*,#1143,.T.);
#1261=ORIENTED_EDGE('',*,*,#1145,.T.);
#1262=ORIENTED_EDGE('',*,*,#1127,.F.);
#1263=EDGE_LOOP('OSCAD_TOPO/3|loop|l:09d7785de9ad9b2788418ca16182221d|481f79c226215c1d14f3b3d3006454bf5e708ba9db51fae2060c46fb32215625',(#1259,#1260,#1261,#1262));
#1264=ORIENTED_EDGE('',*,*,#1147,.T.);
#1265=ORIENTED_EDGE('',*,*,#1149,.T.);
#1266=ORIENTED_EDGE('',*,*,#1141,.F.);
#1267=ORIENTED_EDGE('',*,*,#1133,.F.);
#1268=EDGE_LOOP('OSCAD_TOPO/3|loop|l:f36371c5cb97c14cb5ebd53155f71357|bae0eb44d50fff23c95f00118e62ff4dada32620287395e1e368b9f5513e8b26',(#1264,#1265,#1266,#1267));
#1269=ORIENTED_EDGE('',*,*,#1137,.T.);
#1270=ORIENTED_EDGE('',*,*,#1145,.F.);
#1271=ORIENTED_EDGE('',*,*,#1153,.F.);
#1272=ORIENTED_EDGE('',*,*,#1151,.F.);
#1273=EDGE_LOOP('OSCAD_TOPO/3|loop|l:afc4f987ff5be6e6b824cced84d4e45c|e8dc057bfddb579a5f73eb00020b67d5f52aceb5d9360fdf87d81d0004362575',(#1269,#1270,#1271,#1272));
#1274=ORIENTED_EDGE('',*,*,#1139,.T.);
#1275=ORIENTED_EDGE('',*,*,#1151,.T.);
#1276=ORIENTED_EDGE('',*,*,#1155,.F.);
#1277=ORIENTED_EDGE('',*,*,#1147,.F.);
#1278=EDGE_LOOP('OSCAD_TOPO/3|loop|l:765a9be4ef722e9d672f21cc44acce4d|d6a613c7a93bba5c7ff223f31f56525ac4f4ca662cbab47fcd852680383d5310',(#1274,#1275,#1276,#1277));
#1279=ORIENTED_EDGE('',*,*,#1157,.T.);
#1280=ORIENTED_EDGE('',*,*,#1067,.F.);
#1281=ORIENTED_EDGE('',*,*,#1159,.T.);
#1282=ORIENTED_EDGE('',*,*,#1143,.F.);
#1283=EDGE_LOOP('OSCAD_TOPO/3|loop|l:9623d4a65d935bb83c23fc771c1394f5|c30adeab5309eb32217fc9ec4fe28f1e3e10be77acf35ad91e6a356316a3431d',(#1279,#1280,#1281,#1282));
#1284=ORIENTED_EDGE('',*,*,#1161,.T.);
#1285=ORIENTED_EDGE('',*,*,#1073,.F.);
#1286=ORIENTED_EDGE('',*,*,#1157,.F.);
#1287=ORIENTED_EDGE('',*,*,#1149,.F.);
#1288=EDGE_LOOP('OSCAD_TOPO/3|loop|l:be936e982af6419fd60ec8a843b6c58e|763cd1a203f480dbe1dffd79b032016c766e74feb6e6437664e90e1925cbc113',(#1284,#1285,#1286,#1287));
#1289=ORIENTED_EDGE('',*,*,#1153,.T.);
#1290=ORIENTED_EDGE('',*,*,#1159,.F.);
#1291=ORIENTED_EDGE('',*,*,#1079,.T.);
#1292=ORIENTED_EDGE('',*,*,#1163,.F.);
#1293=EDGE_LOOP('OSCAD_TOPO/3|loop|l:6114a2ec63c815a1d519a6302efd880f|fe5a0ed4585bb3017b8061f5ad1fcb44a66f61a0e7d5b7ae5c807a4fb3d3dfd6',(#1289,#1290,#1291,#1292));
#1294=ORIENTED_EDGE('',*,*,#1155,.T.);
#1295=ORIENTED_EDGE('',*,*,#1163,.T.);
#1296=ORIENTED_EDGE('',*,*,#1083,.T.);
#1297=ORIENTED_EDGE('',*,*,#1161,.F.);
#1298=EDGE_LOOP('OSCAD_TOPO/3|loop|l:bfefe9451f60de419f796f422ce651da|e72e9b1e42de0b8d50b72809524670d2bbacb08ef5ddf45d62feddffaee72106',(#1294,#1295,#1296,#1297));
#1299=FACE_OUTER_BOUND('',#1168,.T.);
#1300=ADVANCED_FACE('OSCAD_TOPO/3|face|f:91097f5face2c36539e7a285835bc817|dfad582d38d2ef3abf9f465354c79736201834c52ecce6a1e126e3c5ed8293b7',(#1299),#71,.T.);
#1301=FACE_OUTER_BOUND('',#1173,.T.);
#1302=ADVANCED_FACE('OSCAD_TOPO/3|face|f:f8f1606fdc29113a76def055787f38ea|fc8632ecbe61f8befce594dae56c01dd947deee7236cfae495771b230a9966d3',(#1301),#76,.T.);
#1303=FACE_OUTER_BOUND('',#1178,.T.);
#1304=ADVANCED_FACE('OSCAD_TOPO/3|face|f:3e7364a5bcf17fe4c3b51cd38969b307|9e5fa59dbb12e228a8de10f886f9b23756f3a4f0772baabf82bf349662ff6737',(#1303),#89,.T.);
#1305=FACE_OUTER_BOUND('',#1183,.T.);
#1306=ADVANCED_FACE('OSCAD_TOPO/3|face|f:ce3ec6c5e46fe7038d7ab8651666aa3f|2c45b0b0a1635bee92b1323fd6e46751ee22fc02a6e51033a7241488fd0cc9c5',(#1305),#102,.T.);
#1307=FACE_OUTER_BOUND('',#1188,.T.);
#1308=ADVANCED_FACE('OSCAD_TOPO/3|face|f:38cc9826e741701a427789c625f7b706|241a83b25533cb13e95a44abcfafbd83bed26933f580c3001a6a7c24e14f2c11',(#1307),#107,.T.);
#1309=FACE_OUTER_BOUND('',#1193,.T.);
#1310=ADVANCED_FACE('OSCAD_TOPO/3|face|f:73e19bc0536baace7f49884d683a6dd3|d37f75adecc9ad87dcf2c4bae0ac55d9d43029e54aee6da0143035ae6a7b3707',(#1309),#117,.T.);
#1311=FACE_OUTER_BOUND('',#1198,.T.);
#1312=ADVANCED_FACE('OSCAD_TOPO/3|face|f:c229953c85b4bf99cca5ffa22b6e2283|797c8ba763b9636cd7cb9e4ce6c6b64f409c0c6dab864235d8c8d6da3ed3dd63',(#1311),#76,.T.);
#1313=FACE_OUTER_BOUND('',#1203,.T.);
#1314=ADVANCED_FACE('OSCAD_TOPO/3|face|f:4217850c1dbb9afbba85caa6e599a60d|9db6950bc55f26a78f000f31f5b4ab45157170145598c3fb296dd704f1aa3f9e',(#1313),#124,.T.);
#1315=FACE_OUTER_BOUND('',#1208,.T.);
#1316=ADVANCED_FACE('OSCAD_TOPO/3|face|f:6767555eabc7c978d4fc9844ef4bd229|333c51afb9452d46d046f7c63eb8ea410e2991ac07e4452d39423ef6dd9b0355',(#1315),#131,.T.);
#1317=FACE_OUTER_BOUND('',#1213,.T.);
#1318=ADVANCED_FACE('OSCAD_TOPO/3|face|f:0dac1642b91107562e8f1c111064563d|8318c8d0aaae10e70a951d6cd9edd0f056716871c10829fe22f7f497617b803b',(#1317),#107,.T.);
#1319=FACE_OUTER_BOUND('',#1218,.T.);
#1320=ADVANCED_FACE('OSCAD_TOPO/3|face|f:31597f2eeb1adeb711c7e860506a7519|b8bcc3c45a8f383ce434ef63ce169c0780f902b026b8afbe5341ba30b8b549df',(#1319),#150,.T.);
#1321=FACE_OUTER_BOUND('',#1223,.T.);
#1322=ADVANCED_FACE('OSCAD_TOPO/3|face|f:346ab7be98ca6e30a54eaf3e072b9306|9f3e882a59522dbf5885fc07b72d74c8c566327fa0ca5f42f74e01bd436fd21a',(#1321),#76,.T.);
#1323=FACE_OUTER_BOUND('',#1228,.T.);
#1324=ADVANCED_FACE('OSCAD_TOPO/3|face|f:4ca493f1530266b12ccd0f7537e0f781|5df2715ee4ec6932d41cb99c9845c0c5fb0e06ed7bb5da80d653a446273cc083',(#1323),#163,.T.);
#1325=FACE_OUTER_BOUND('',#1233,.T.);
#1326=ADVANCED_FACE('OSCAD_TOPO/3|face|f:8b9ce7be5b710f0206f3b2125d5d0407|b93c58a13e8f8d3fb08220dc6e3d1a7a6d45fd0a12291b5dddc6d27f769844ef',(#1325),#176,.T.);
#1327=FACE_OUTER_BOUND('',#1238,.T.);
#1328=ADVANCED_FACE('OSCAD_TOPO/3|face|f:8a3bcdc2727a934563303ff4da7371fb|f5e66d7bf1211e74659619c1fb1cb54e7866be89e0ecc522d618e29720d1784c',(#1327),#107,.T.);
#1329=FACE_OUTER_BOUND('',#1243,.T.);
#1330=ADVANCED_FACE('OSCAD_TOPO/3|face|f:439b9dd3d6755aae70c24e0820123204|bacd668c403f24092a5be24a548a205e658581b5129dfe634ba0771e6e10f45e',(#1329),#76,.T.);
#1331=FACE_OUTER_BOUND('',#1248,.T.);
#1332=ADVANCED_FACE('OSCAD_TOPO/3|face|f:96ac7d73a49ba9ab217d465347b5b0d1|bffd0bc05503ea1faa9cd8b93a09fbbe006b915defc7a5534f698cb25ea4694e',(#1331),#183,.T.);
#1333=FACE_OUTER_BOUND('',#1253,.T.);
#1334=ADVANCED_FACE('OSCAD_TOPO/3|face|f:11e320c6c380f64677b75eb9f31b86e7|8b3a420c9c6b512d5a2b35c3874a08a21f3670fde3c666dd467e3d7bfb77aebb',(#1333),#190,.T.);
#1335=FACE_OUTER_BOUND('',#1258,.T.);
#1336=ADVANCED_FACE('OSCAD_TOPO/3|face|f:a07b127919d90ef27fbe8140707d345f|68f2b4f6cded416eb06f68b78b9aa496bf964284b11ed3eb08a225e5fc473f9f',(#1335),#107,.T.);
#1337=FACE_OUTER_BOUND('',#1263,.T.);
#1338=ADVANCED_FACE('OSCAD_TOPO/3|face|f:46ee38ec57626c88ed3f42cffeb7d7ed|8b187aa9a9fff55df082f25cab95ccee9ccf8a5fe3ff6cf3e3a2cca6f6ae4133',(#1337),#195,.T.);
#1339=FACE_OUTER_BOUND('',#1268,.T.);
#1340=ADVANCED_FACE('OSCAD_TOPO/3|face|f:fbba83f2762924d18a5830849523a07f|8043e2992ce256477cf74e26d0e3cd1e91f8db229d563be6ba4f2f4ee341b8a1',(#1339),#202,.T.);
#1341=FACE_OUTER_BOUND('',#1273,.T.);
#1342=ADVANCED_FACE('OSCAD_TOPO/3|face|f:7ffcf7369629def80fc64386c170be7e|169436cadb8cdf17e57cc7dc9c5907853177e7838dac9654c296b53987dc53f0',(#1341),#209,.T.);
#1343=FACE_OUTER_BOUND('',#1278,.T.);
#1344=ADVANCED_FACE('OSCAD_TOPO/3|face|f:b74f17d4f89e7fed891f38eb07e3ec24|c4c56b88cf1e547e589e475ee2cf9efc3481956a348ecb99552007e033fd65c3',(#1343),#214,.T.);
#1345=FACE_OUTER_BOUND('',#1283,.T.);
#1346=ADVANCED_FACE('OSCAD_TOPO/3|face|f:091bbc44cdc59350efd7017ca7e751e8|8cc0b3a78b9b7202d144a9eeb0da9d69b384822ffb237e1f8669fee5560ae9fb',(#1345),#219,.T.);
#1347=FACE_OUTER_BOUND('',#1288,.T.);
#1348=ADVANCED_FACE('OSCAD_TOPO/3|face|f:01c2b31f28924933d899afb774806bff|3fb83d5fd93385a6e3313ed81a538c9ddd166c940d79222c0c38c89c3a212116',(#1347),#226,.T.);
#1349=FACE_OUTER_BOUND('',#1293,.T.);
#1350=ADVANCED_FACE('OSCAD_TOPO/3|face|f:e991a3afebfb18b1680c158f775061f3|f82db782a5817bf5ba84941a3e7a19e9765acf2a46cf1933f358ce9b4766edef',(#1349),#233,.T.);
#1351=FACE_OUTER_BOUND('',#1298,.T.);
#1352=ADVANCED_FACE('OSCAD_TOPO/3|face|f:9e18c007986b9ac7fb653dc8b8f8cebf|83fac85643a87dc83a9f7db923694a4f4c1f15313194c43cdbd92511e1bcb9fe',(#1351),#238,.T.);
#1353=CLOSED_SHELL('OSCAD_TOPO/3|shell|s:13c61d5ac329866ae743108ba1dd7989|ae10aaf32cddd43e62fa6c6d7dad6311616e705d5ba91067f27cf2afd8c19c24',(#1300,#1302,#1304,#1306,#1308,#1310,#1312,#1314,#1316,#1318,#1320,#1322,#1324,#1326,#1328,#1330,#1332,#1334,#1336,#1338,#1340,#1342,#1344,#1346,#1348,#1350,#1352));
#1354=MANIFOLD_SOLID_BREP('OSCAD_TOPO/3|body|b:75cab27fb98d18ec2f248f2d521d86ab|448a4101fa8fee81a173c785f7a83f489b9c653314e41af812baca89e4305a2b',#1353);
#1355=(LENGTH_UNIT()NAMED_UNIT(*)SI_UNIT(.MILLI.,.METRE.));
#1356=UNCERTAINTY_MEASURE_WITH_UNIT(LENGTH_MEASURE(9.99999999999999955E-8),#1355,'distance_accuracy_value','');
#1357=(GEOMETRIC_REPRESENTATION_CONTEXT(3)GLOBAL_UNCERTAINTY_ASSIGNED_CONTEXT((#1356))GLOBAL_UNIT_ASSIGNED_CONTEXT((#1355))REPRESENTATION_CONTEXT('','3D'));
#1358=ADVANCED_BREP_SHAPE_REPRESENTATION('',(#1354),#1357);
#1359=APPLICATION_CONTEXT('managed model based 3d engineering');
#1360=PRODUCT_CONTEXT('',#1359,'mechanical');
#1361=PRODUCT('model','model','',(#1360));
#1362=PRODUCT_DEFINITION_FORMATION('1','',#1361);
#1363=PRODUCT_DEFINITION_CONTEXT('part definition',#1359,'design');
#1364=PRODUCT_DEFINITION('design','',#1362,#1363);
#1365=PRODUCT_DEFINITION_SHAPE('','',#1364);
#1366=SHAPE_DEFINITION_REPRESENTATION(#1365,#1358);
ENDSEC;
END-ISO-10303-21;
