ISO-10303-21;
HEADER;
FILE_DESCRIPTION(('OpenSCAD Viewer retained AP242 B-rep'),'2;1');
FILE_NAME('model.step','',(''),(''),'OpenSCAD Viewer','OpenSCAD Viewer','');
FILE_SCHEMA(('AP242_MANAGED_MODEL_BASED_3D_ENGINEERING_MIM_LF'));
ENDSEC;
DATA;
#1=CARTESIAN_POINT('',(2.00000000000000000E1,0.00000000000000000E0,6.00000000000000000E0));
#2=VERTEX_POINT('OSCAD_TOPO/3|vertex|v:d3067954d870549101dae47bb73f791e|9584fa4324d34572467aafa8468b6a764f8775866bdfc447617c8e17e3b1c982',#1);
#3=CARTESIAN_POINT('',(1.73227412345866263E1,-7.17531435684543339E0,6.00000000000000000E0));
#4=VERTEX_POINT('OSCAD_TOPO/3|vertex|v:8a9f1163641da449d3191c0f800151ea|105d6c86d798abbb648dcfbb83b09c152a01a0ad1b02d0dfd0d986218a00cb31',#3);
#5=CARTESIAN_POINT('',(1.84775906502257357E1,-7.65366864730179586E0,4.75000000000000000E0));
#6=VERTEX_POINT('OSCAD_TOPO/3|vertex|v:9d5482b609e20bee0b37141feb2f119d|849df2047155228ddf24f75933c09dcd485a6aead238a60a68d05a5a0c0c56e2',#5);
#7=CARTESIAN_POINT('',(5.00000000000000000E0,0.00000000000000000E0,6.00000000000000000E0));
#8=VERTEX_POINT('OSCAD_TOPO/3|vertex|v:09b078da8d7b0f4865e5f28ec4a88023|c6d8f4335f6b625be585444ea5463ec83d64cd6aec0d58ee3ea72c944e928404',#7);
#9=CARTESIAN_POINT('',(4.61939766255643391E0,-1.91341716182544919E0,6.00000000000000000E0));
#10=VERTEX_POINT('OSCAD_TOPO/3|vertex|v:7b04594333cd5de68d4179ee953697e0|213eefaa52cbe9034b9805c4e8417a6111a7ff8c1e4839179c3fe87211a3ed73',#9);
#11=CARTESIAN_POINT('',(2.00000000000000000E1,0.00000000000000000E0,0.00000000000000000E0));
#12=VERTEX_POINT('OSCAD_TOPO/3|vertex|v:eeafa1f193a00e53c2ad070631add22a|2f57866bfcf1365e4ee0c0c7b006e7d171e9cf8ecb8e6dcbbbe94f72a62d4823',#11);
#13=CARTESIAN_POINT('',(1.84775906502257357E1,-7.65366864730179586E0,0.00000000000000000E0));
#14=VERTEX_POINT('OSCAD_TOPO/3|vertex|v:9bd2efd05aa50c410f4452d76851cdf4|6f4da03bb75db19412290ab61b0308c6e7c21a95527ebf1fd8ee810120a430ce',#13);
#15=CARTESIAN_POINT('',(5.00000000000000000E0,0.00000000000000000E0,0.00000000000000000E0));
#16=VERTEX_POINT('OSCAD_TOPO/3|vertex|v:ca0e371c0e65f05b5b78b9b603713aeb|4172a2f068046afc72ac3e751c4450c5c4a1bdf6a599d0c8bf438537a483418a',#15);
#17=CARTESIAN_POINT('',(4.61939766255643391E0,-1.91341716182544919E0,0.00000000000000000E0));
#18=VERTEX_POINT('OSCAD_TOPO/3|vertex|v:612b43df75763a15f4408311139e6aa4|a020e7c52e88d549127c91cc49c4964cbd6b47d02c8785da2f6cb8769425d035',#17);
#19=CARTESIAN_POINT('',(7.17531435684543428E0,-1.73227412345866263E1,6.00000000000000000E0));
#20=VERTEX_POINT('OSCAD_TOPO/3|vertex|v:ae994476c991e3697640c12525864e55|042f23f6c566928a5021c67118eb956a5b744299d687c1d83b29ec62e90263c7',#19);
#21=CARTESIAN_POINT('',(7.65366864730179675E0,-1.84775906502257357E1,4.75000000000000000E0));
#22=VERTEX_POINT('OSCAD_TOPO/3|vertex|v:34403a3b1bc781a469ec73774c7af5ba|75137ffe7cb02e295d7d978f8778822cef96279ba62c00469524af4127436ea0',#21);
#23=CARTESIAN_POINT('',(1.91341716182544919E0,-4.61939766255643391E0,6.00000000000000000E0));
#24=VERTEX_POINT('OSCAD_TOPO/3|vertex|v:51d2426ca74dc8959527a6452fcaf542|e5906f702a584ea401e895672542e9ae9ea2bbc52094491b9cf81bc8cc40322d',#23);
#25=CARTESIAN_POINT('',(7.65366864730179675E0,-1.84775906502257357E1,0.00000000000000000E0));
#26=VERTEX_POINT('OSCAD_TOPO/3|vertex|v:09821fd8e40e3648518e4770c1c6cc37|92e74e4a96573441033faadbe9691f2013f4046e7ce56b9875b7cd9c91b5faf1',#25);
#27=CARTESIAN_POINT('',(1.91341716182544919E0,-4.61939766255643391E0,0.00000000000000000E0));
#28=VERTEX_POINT('OSCAD_TOPO/3|vertex|v:9de9d0e25823a10f9ca60c3687a4b6d0|795b65bf78fae72db21d052b88761045a41b28b10a41b4d7960d1c26e5968ab4',#27);
#29=CARTESIAN_POINT('',(0.00000000000000000E0,-2.00000000000000000E1,6.00000000000000000E0));
#30=VERTEX_POINT('OSCAD_TOPO/3|vertex|v:84b3caecd36f28456fa30784e9ee28ff|ed1dddfef36c4d08b45a60dc55ab834a06ddbf7c0ab18352a8369c11b27fe329',#29);
#31=CARTESIAN_POINT('',(0.00000000000000000E0,-5.00000000000000000E0,6.00000000000000000E0));
#32=VERTEX_POINT('OSCAD_TOPO/3|vertex|v:eeeeacfb5e7c735b5b1a49455232d113|ea9f79519d3d8ede233a6428cf8d888c3671becb0cf6ff87dc93fae5474b22ff',#31);
#33=CARTESIAN_POINT('',(0.00000000000000000E0,-2.00000000000000000E1,0.00000000000000000E0));
#34=VERTEX_POINT('OSCAD_TOPO/3|vertex|v:2e93c68df56bb8872ea1c7f49a6295d0|137be0bdca1201c4865f995fa30858398cd44d03ef9d3c7ea89c2889a619c120',#33);
#35=CARTESIAN_POINT('',(0.00000000000000000E0,-5.00000000000000000E0,0.00000000000000000E0));
#36=VERTEX_POINT('OSCAD_TOPO/3|vertex|v:66354ba7ccd501c81a60daf738ea5514|e647d3a2117c85a5d9755975f2710bca43a3786e142f05e7b1540bbf5f781de4',#35);
#37=CARTESIAN_POINT('',(-5.00000000000000000E0,0.00000000000000000E0,6.00000000000000000E0));
#38=VERTEX_POINT('OSCAD_TOPO/3|vertex|v:50fb88e6afc1b68e641cd895da922074|9bb30a1b1c3f30c5c16efe2a2406d64ec0af07de0db048106084ca12e943fb39',#37);
#39=CARTESIAN_POINT('',(-2.00000000000000000E1,0.00000000000000000E0,6.00000000000000000E0));
#40=VERTEX_POINT('OSCAD_TOPO/3|vertex|v:9a110acbdcd910a1b51d07a3d13c4eee|694d5a5575facfbeefd3598d7765b47af408581d9ba0ed941fbef74dcdd3306d',#39);
#41=CARTESIAN_POINT('',(-2.00000000000000000E1,0.00000000000000000E0,0.00000000000000000E0));
#42=VERTEX_POINT('OSCAD_TOPO/3|vertex|v:8a63d87e0063351fc3a877852e3c4190|efe4d388619020bc70316871f1ccf610b0eec5383cc7ea53bcb3087502999d03',#41);
#43=CARTESIAN_POINT('',(-5.00000000000000000E0,0.00000000000000000E0,0.00000000000000000E0));
#44=VERTEX_POINT('OSCAD_TOPO/3|vertex|v:1fc9e0968879ec46488bdee4304e51d6|fd3c8f3c1420774493df7905c05a787915c3bf03cdd9490ed021f657d79576d3',#43);
#45=CARTESIAN_POINT('',(0.00000000000000000E0,5.00000000000000000E0,6.00000000000000000E0));
#46=VERTEX_POINT('OSCAD_TOPO/3|vertex|v:20d12629482d8ebda5e6ac95715b32a2|b198cb21a740f68fa7ff52f151a8619159de83be9e2cce9400122dd1732da42f',#45);
#47=CARTESIAN_POINT('',(0.00000000000000000E0,2.00000000000000000E1,6.00000000000000000E0));
#48=VERTEX_POINT('OSCAD_TOPO/3|vertex|v:3bc1fc3243b4aac31d133d98b0b4fbae|f659be6e93cabe6b6525e44ff3b444f62c2e3c499f4b4e8db027a2218f187124',#47);
#49=CARTESIAN_POINT('',(0.00000000000000000E0,2.00000000000000000E1,0.00000000000000000E0));
#50=VERTEX_POINT('OSCAD_TOPO/3|vertex|v:3d9774850fd962e522513344b828956e|d555225819ec426e319e1bbea33fca8648c37dadb3f764733e3f7e4db4e4465e',#49);
#51=CARTESIAN_POINT('',(0.00000000000000000E0,5.00000000000000000E0,0.00000000000000000E0));
#52=VERTEX_POINT('OSCAD_TOPO/3|vertex|v:52a7adc63afa2c0e5f005639cb9e2d10|51281efd40942a5e074bebb1dda24105797e2c87a468cfdbc9892c14012dce42',#51);
#53=CARTESIAN_POINT('',(2.00000000000000000E1,0.00000000000000000E0,6.00000000000000000E0));
#54=CARTESIAN_POINT('',(2.00000000000000000E1,0.00000000000000000E0,6.00000000000000000E0));
#55=CARTESIAN_POINT('',(2.00000000000000000E1,0.00000000000000000E0,6.00000000000000000E0));
#56=CARTESIAN_POINT('',(2.00000000000000000E1,-1.57281102526066241E0,6.00000000000000000E0));
#57=CARTESIAN_POINT('',(2.00000000000000000E1,-1.57281102526066241E0,6.00000000000000000E0));
#58=CARTESIAN_POINT('',(2.00000000000000000E1,-1.57281102526066241E0,6.00000000000000000E0));
#59=CARTESIAN_POINT('',(1.94666096979690764E1,-3.14268218308152392E0,6.00000000000000000E0));
#60=CARTESIAN_POINT('',(1.98459834339445713E1,-3.14268218308152392E0,6.00000000000000000E0));
#61=CARTESIAN_POINT('',(1.98459834339445678E1,-3.14268218308152392E0,5.62062626402451215E0));
#62=CARTESIAN_POINT('',(1.86673240378091876E1,-4.54324502439386890E0,6.00000000000000000E0));
#63=CARTESIAN_POINT('',(1.95379503018336997E1,-4.69126931302570860E0,6.00000000000000000E0));
#64=CARTESIAN_POINT('',(1.95379503018336962E1,-4.69126931302570860E0,5.12937373597548962E0));
#65=CARTESIAN_POINT('',(1.78870119110945076E1,-5.81304443677066551E0,6.00000000000000000E0));
#66=CARTESIAN_POINT('',(1.90794793718341396E1,-6.20058073255537590E0,6.00000000000000000E0));
#67=CARTESIAN_POINT('',(1.90794793718341396E1,-6.20058073255537590E0,4.75000000000000000E0));
#68=CARTESIAN_POINT('',(1.73227412345866263E1,-7.17531435684543339E0,6.00000000000000000E0));
#69=CARTESIAN_POINT('',(1.84775906502257357E1,-7.65366864730179586E0,6.00000000000000000E0));
#70=CARTESIAN_POINT('',(1.84775906502257357E1,-7.65366864730179586E0,4.75000000000000000E0));
#71=(BOUNDED_SURFACE()B_SPLINE_SURFACE(5,2,((#53,#54,#55),(#56,#57,#58),(#59,#60,#61),(#62,#63,#64),(#65,#66,#67),(#68,#69,#70)),.UNSPECIFIED.,.F.,.F.,.F.)B_SPLINE_SURFACE_WITH_KNOTS((6,6),(3,3),(0.00000000000000000E0,1.00000000000000000E0),(0.00000000000000000E0,1.00000000000000000E0),.UNSPECIFIED.)GEOMETRIC_REPRESENTATION_ITEM()RATIONAL_B_SPLINE_SURFACE(((1.00000000000000000E0,7.07106781186547573E-1,1.00000000000000000E0),(9.92314112161292172E-1,7.01672037776358115E-1,9.92314112161292172E-1),(9.88471168241938147E-1,6.98954666071263220E-1,9.88471168241938147E-1),(9.88471168241938258E-1,6.98954666071263331E-1,9.88471168241938258E-1),(9.92314112161292172E-1,7.01672037776358115E-1,9.92314112161292172E-1),(1.00000000000000000E0,7.07106781186547573E-1,1.00000000000000000E0)))REPRESENTATION_ITEM('')SURFACE());
#72=CARTESIAN_POINT('',(-2.00000000000000000E1,-2.00000000000000000E1,6.00000000000000000E0));
#73=CARTESIAN_POINT('',(-2.00000000000000000E1,2.00000000000000000E1,6.00000000000000000E0));
#74=CARTESIAN_POINT('',(2.00000000000000000E1,-2.00000000000000000E1,6.00000000000000000E0));
#75=CARTESIAN_POINT('',(2.00000000000000000E1,2.00000000000000000E1,6.00000000000000000E0));
#76=B_SPLINE_SURFACE_WITH_KNOTS('',1,1,((#72,#73),(#74,#75)),.UNSPECIFIED.,.F.,.F.,.F.,(2,2),(2,2),(-2.00000000000000000E1,2.00000000000000000E1),(-2.00000000000000000E1,2.00000000000000000E1),.UNSPECIFIED.);
#77=CARTESIAN_POINT('',(1.84775906502257357E1,-7.65366864730179586E0,0.00000000000000000E0));
#78=CARTESIAN_POINT('',(1.84775906502257357E1,-7.65366864730179586E0,4.75000000000000000E0));
#79=CARTESIAN_POINT('',(1.90794793718341396E1,-6.20058073255537590E0,0.00000000000000000E0));
#80=CARTESIAN_POINT('',(1.90794793718341396E1,-6.20058073255537590E0,4.75000000000000000E0));
#81=CARTESIAN_POINT('',(1.95379503018336962E1,-4.69126931302570860E0,0.00000000000000000E0));
#82=CARTESIAN_POINT('',(1.95379503018336962E1,-4.69126931302570860E0,5.12937373597548962E0));
#83=CARTESIAN_POINT('',(1.98459834339445678E1,-3.14268218308152392E0,0.00000000000000000E0));
#84=CARTESIAN_POINT('',(1.98459834339445678E1,-3.14268218308152392E0,5.62062626402451215E0));
#85=CARTESIAN_POINT('',(2.00000000000000000E1,-1.57281102526066241E0,0.00000000000000000E0));
#86=CARTESIAN_POINT('',(2.00000000000000000E1,-1.57281102526066241E0,6.00000000000000000E0));
#87=CARTESIAN_POINT('',(2.00000000000000000E1,0.00000000000000000E0,0.00000000000000000E0));
#88=CARTESIAN_POINT('',(2.00000000000000000E1,0.00000000000000000E0,6.00000000000000000E0));
#89=(BOUNDED_SURFACE()B_SPLINE_SURFACE(5,1,((#77,#78),(#79,#80),(#81,#82),(#83,#84),(#85,#86),(#87,#88)),.UNSPECIFIED.,.F.,.F.,.F.)B_SPLINE_SURFACE_WITH_KNOTS((6,6),(2,2),(0.00000000000000000E0,3.00000000000000000E0),(0.00000000000000000E0,1.00000000000000000E0),.UNSPECIFIED.)GEOMETRIC_REPRESENTATION_ITEM()RATIONAL_B_SPLINE_SURFACE(((1.00000000000000000E0,1.00000000000000000E0),(9.92314112161292172E-1,9.92314112161292172E-1),(9.88471168241938258E-1,9.88471168241938258E-1),(9.88471168241938147E-1,9.88471168241938147E-1),(9.92314112161292172E-1,9.92314112161292172E-1),(1.00000000000000000E0,1.00000000000000000E0)))REPRESENTATION_ITEM('')SURFACE());
#90=CARTESIAN_POINT('',(5.00000000000000000E0,0.00000000000000000E0,0.00000000000000000E0));
#91=CARTESIAN_POINT('',(5.00000000000000000E0,0.00000000000000000E0,6.00000000000000000E0));
#92=CARTESIAN_POINT('',(5.00000000000000000E0,-3.93202756315165602E-1,0.00000000000000000E0));
#93=CARTESIAN_POINT('',(5.00000000000000000E0,-3.93202756315165602E-1,6.00000000000000000E0));
#94=CARTESIAN_POINT('',(4.96149585848614194E0,-7.85670545770380979E-1,0.00000000000000000E0));
#95=CARTESIAN_POINT('',(4.96149585848614194E0,-7.85670545770380979E-1,6.00000000000000000E0));
#96=CARTESIAN_POINT('',(4.88448757545842405E0,-1.17281732825642715E0,0.00000000000000000E0));
#97=CARTESIAN_POINT('',(4.88448757545842405E0,-1.17281732825642715E0,6.00000000000000000E0));
#98=CARTESIAN_POINT('',(4.76986984295853489E0,-1.55014518313884397E0,0.00000000000000000E0));
#99=CARTESIAN_POINT('',(4.76986984295853489E0,-1.55014518313884397E0,6.00000000000000000E0));
#100=CARTESIAN_POINT('',(4.61939766255643391E0,-1.91341716182544919E0,0.00000000000000000E0));
#101=CARTESIAN_POINT('',(4.61939766255643391E0,-1.91341716182544919E0,6.00000000000000000E0));
#102=(BOUNDED_SURFACE()B_SPLINE_SURFACE(5,1,((#90,#91),(#92,#93),(#94,#95),(#96,#97),(#98,#99),(#100,#101)),.UNSPECIFIED.,.F.,.F.,.F.)B_SPLINE_SURFACE_WITH_KNOTS((6,6),(2,2),(0.00000000000000000E0,3.00000000000000000E0),(0.00000000000000000E0,1.00000000000000000E0),.UNSPECIFIED.)GEOMETRIC_REPRESENTATION_ITEM()RATIONAL_B_SPLINE_SURFACE(((1.00000000000000000E0,1.00000000000000000E0),(9.92314112161292172E-1,9.92314112161292172E-1),(9.88471168241938147E-1,9.88471168241938147E-1),(9.88471168241938258E-1,9.88471168241938258E-1),(9.92314112161292172E-1,9.92314112161292172E-1),(1.00000000000000000E0,1.00000000000000000E0)))REPRESENTATION_ITEM('')SURFACE());
#103=CARTESIAN_POINT('',(2.00000000000000000E1,-2.00000000000000000E1,0.00000000000000000E0));
#104=CARTESIAN_POINT('',(2.00000000000000000E1,2.00000000000000000E1,0.00000000000000000E0));
#105=CARTESIAN_POINT('',(-2.00000000000000000E1,-2.00000000000000000E1,0.00000000000000000E0));
#106=CARTESIAN_POINT('',(-2.00000000000000000E1,2.00000000000000000E1,0.00000000000000000E0));
#107=B_SPLINE_SURFACE_WITH_KNOTS('',1,1,((#103,#104),(#105,#106)),.UNSPECIFIED.,.F.,.F.,.F.,(2,2),(2,2),(-2.00000000000000000E1,2.00000000000000000E1),(-2.00000000000000000E1,2.00000000000000000E1),.UNSPECIFIED.);
#108=CARTESIAN_POINT('',(1.73227412345866263E1,-7.17531435684543339E0,6.00000000000000000E0));
#109=CARTESIAN_POINT('',(1.84775906502257357E1,-7.65366864730179586E0,6.00000000000000000E0));
#110=CARTESIAN_POINT('',(1.84775906502257357E1,-7.65366864730179586E0,4.75000000000000000E0));
#111=CARTESIAN_POINT('',(1.43506287136908668E1,-1.43506287136908650E1,6.00000000000000000E0));
#112=CARTESIAN_POINT('',(1.53073372946035917E1,-1.53073372946035882E1,6.00000000000000000E0));
#113=CARTESIAN_POINT('',(1.53073372946035917E1,-1.53073372946035882E1,4.75000000000000000E0));
#114=CARTESIAN_POINT('',(7.17531435684543428E0,-1.73227412345866263E1,6.00000000000000000E0));
#115=CARTESIAN_POINT('',(7.65366864730179675E0,-1.84775906502257357E1,6.00000000000000000E0));
#116=CARTESIAN_POINT('',(7.65366864730179675E0,-1.84775906502257357E1,4.75000000000000000E0));
#117=(BOUNDED_SURFACE()B_SPLINE_SURFACE(2,2,((#108,#109,#110),(#111,#112,#113),(#114,#115,#116)),.UNSPECIFIED.,.F.,.F.,.F.)B_SPLINE_SURFACE_WITH_KNOTS((3,3),(3,3),(0.00000000000000000E0,1.00000000000000000E0),(0.00000000000000000E0,1.00000000000000000E0),.UNSPECIFIED.)GEOMETRIC_REPRESENTATION_ITEM()RATIONAL_B_SPLINE_SURFACE(((1.00000000000000000E0,7.07106781186547573E-1,1.00000000000000000E0),(9.23879532511286738E-1,6.53281482438188288E-1,9.23879532511286738E-1),(1.00000000000000000E0,7.07106781186547573E-1,1.00000000000000000E0)))REPRESENTATION_ITEM('')SURFACE());
#118=CARTESIAN_POINT('',(7.65366864730179675E0,-1.84775906502257357E1,0.00000000000000000E0));
#119=CARTESIAN_POINT('',(7.65366864730179675E0,-1.84775906502257357E1,4.75000000000000000E0));
#120=CARTESIAN_POINT('',(1.53073372946035917E1,-1.53073372946035882E1,0.00000000000000000E0));
#121=CARTESIAN_POINT('',(1.53073372946035917E1,-1.53073372946035882E1,4.75000000000000000E0));
#122=CARTESIAN_POINT('',(1.84775906502257357E1,-7.65366864730179586E0,0.00000000000000000E0));
#123=CARTESIAN_POINT('',(1.84775906502257357E1,-7.65366864730179586E0,4.75000000000000000E0));
#124=(BOUNDED_SURFACE()B_SPLINE_SURFACE(2,1,((#118,#119),(#120,#121),(#122,#123)),.UNSPECIFIED.,.F.,.F.,.F.)B_SPLINE_SURFACE_WITH_KNOTS((3,3),(2,2),(0.00000000000000000E0,3.00000000000000000E0),(0.00000000000000000E0,1.00000000000000000E0),.UNSPECIFIED.)GEOMETRIC_REPRESENTATION_ITEM()RATIONAL_B_SPLINE_SURFACE(((1.00000000000000000E0,1.00000000000000000E0),(9.23879532511286738E-1,9.23879532511286738E-1),(1.00000000000000000E0,1.00000000000000000E0)))REPRESENTATION_ITEM('')SURFACE());
#125=CARTESIAN_POINT('',(4.61939766255643391E0,-1.91341716182544919E0,0.00000000000000000E0));
#126=CARTESIAN_POINT('',(4.61939766255643391E0,-1.91341716182544919E0,6.00000000000000000E0));
#127=CARTESIAN_POINT('',(3.82683432365089837E0,-3.82683432365089704E0,0.00000000000000000E0));
#128=CARTESIAN_POINT('',(3.82683432365089837E0,-3.82683432365089704E0,6.00000000000000000E0));
#129=CARTESIAN_POINT('',(1.91341716182544919E0,-4.61939766255643391E0,0.00000000000000000E0));
#130=CARTESIAN_POINT('',(1.91341716182544919E0,-4.61939766255643391E0,6.00000000000000000E0));
#131=(BOUNDED_SURFACE()B_SPLINE_SURFACE(2,1,((#125,#126),(#127,#128),(#129,#130)),.UNSPECIFIED.,.F.,.F.,.F.)B_SPLINE_SURFACE_WITH_KNOTS((3,3),(2,2),(0.00000000000000000E0,3.00000000000000000E0),(0.00000000000000000E0,1.00000000000000000E0),.UNSPECIFIED.)GEOMETRIC_REPRESENTATION_ITEM()RATIONAL_B_SPLINE_SURFACE(((1.00000000000000000E0,1.00000000000000000E0),(9.23879532511286738E-1,9.23879532511286738E-1),(1.00000000000000000E0,1.00000000000000000E0)))REPRESENTATION_ITEM('')SURFACE());
#132=CARTESIAN_POINT('',(7.17531435684543428E0,-1.73227412345866263E1,6.00000000000000000E0));
#133=CARTESIAN_POINT('',(7.65366864730179675E0,-1.84775906502257357E1,6.00000000000000000E0));
#134=CARTESIAN_POINT('',(7.65366864730179675E0,-1.84775906502257357E1,4.75000000000000000E0));
#135=CARTESIAN_POINT('',(5.81304443677066640E0,-1.78870119110945076E1,6.00000000000000000E0));
#136=CARTESIAN_POINT('',(6.20058073255537767E0,-1.90794793718341396E1,6.00000000000000000E0));
#137=CARTESIAN_POINT('',(6.20058073255537678E0,-1.90794793718341396E1,4.75000000000000000E0));
#138=CARTESIAN_POINT('',(4.54324502439387157E0,-1.86673240378091876E1,6.00000000000000000E0));
#139=CARTESIAN_POINT('',(4.69126931302571037E0,-1.95379503018337033E1,6.00000000000000000E0));
#140=CARTESIAN_POINT('',(4.69126931302571037E0,-1.95379503018336997E1,5.12937373597548874E0));
#141=CARTESIAN_POINT('',(3.14268218308152436E0,-1.94666096979690764E1,6.00000000000000000E0));
#142=CARTESIAN_POINT('',(3.14268218308152480E0,-1.98459834339445678E1,6.00000000000000000E0));
#143=CARTESIAN_POINT('',(3.14268218308152436E0,-1.98459834339445642E1,5.62062626402451038E0));
#144=CARTESIAN_POINT('',(1.57281102526066308E0,-2.00000000000000000E1,6.00000000000000000E0));
#145=CARTESIAN_POINT('',(1.57281102526066308E0,-2.00000000000000000E1,6.00000000000000000E0));
#146=CARTESIAN_POINT('',(1.57281102526066308E0,-2.00000000000000000E1,6.00000000000000000E0));
#147=CARTESIAN_POINT('',(0.00000000000000000E0,-2.00000000000000000E1,6.00000000000000000E0));
#148=CARTESIAN_POINT('',(0.00000000000000000E0,-2.00000000000000000E1,6.00000000000000000E0));
#149=CARTESIAN_POINT('',(0.00000000000000000E0,-2.00000000000000000E1,6.00000000000000000E0));
#150=(BOUNDED_SURFACE()B_SPLINE_SURFACE(5,2,((#132,#133,#134),(#135,#136,#137),(#138,#139,#140),(#141,#142,#143),(#144,#145,#146),(#147,#148,#149)),.UNSPECIFIED.,.F.,.F.,.F.)B_SPLINE_SURFACE_WITH_KNOTS((6,6),(3,3),(0.00000000000000000E0,1.00000000000000000E0),(0.00000000000000000E0,1.00000000000000000E0),.UNSPECIFIED.)GEOMETRIC_REPRESENTATION_ITEM()RATIONAL_B_SPLINE_SURFACE(((1.00000000000000000E0,7.07106781186547573E-1,1.00000000000000000E0),(9.92314112161292172E-1,7.01672037776358115E-1,9.92314112161292172E-1),(9.88471168241938147E-1,6.98954666071263220E-1,9.88471168241938147E-1),(9.88471168241938258E-1,6.98954666071263331E-1,9.88471168241938258E-1),(9.92314112161292172E-1,7.01672037776358115E-1,9.92314112161292172E-1),(1.00000000000000000E0,7.07106781186547573E-1,1.00000000000000000E0)))REPRESENTATION_ITEM('')SURFACE());
#151=CARTESIAN_POINT('',(0.00000000000000000E0,-2.00000000000000000E1,0.00000000000000000E0));
#152=CARTESIAN_POINT('',(0.00000000000000000E0,-2.00000000000000000E1,6.00000000000000000E0));
#153=CARTESIAN_POINT('',(1.57281102526066308E0,-2.00000000000000000E1,0.00000000000000000E0));
#154=CARTESIAN_POINT('',(1.57281102526066308E0,-2.00000000000000000E1,6.00000000000000000E0));
#155=CARTESIAN_POINT('',(3.14268218308152436E0,-1.98459834339445642E1,0.00000000000000000E0));
#156=CARTESIAN_POINT('',(3.14268218308152436E0,-1.98459834339445642E1,5.62062626402451038E0));
#157=CARTESIAN_POINT('',(4.69126931302571037E0,-1.95379503018336997E1,0.00000000000000000E0));
#158=CARTESIAN_POINT('',(4.69126931302571037E0,-1.95379503018336997E1,5.12937373597548874E0));
#159=CARTESIAN_POINT('',(6.20058073255537678E0,-1.90794793718341396E1,0.00000000000000000E0));
#160=CARTESIAN_POINT('',(6.20058073255537678E0,-1.90794793718341396E1,4.75000000000000000E0));
#161=CARTESIAN_POINT('',(7.65366864730179675E0,-1.84775906502257357E1,0.00000000000000000E0));
#162=CARTESIAN_POINT('',(7.65366864730179675E0,-1.84775906502257357E1,4.75000000000000000E0));
#163=(BOUNDED_SURFACE()B_SPLINE_SURFACE(5,1,((#151,#152),(#153,#154),(#155,#156),(#157,#158),(#159,#160),(#161,#162)),.UNSPECIFIED.,.F.,.F.,.F.)B_SPLINE_SURFACE_WITH_KNOTS((6,6),(2,2),(0.00000000000000000E0,3.00000000000000000E0),(0.00000000000000000E0,1.00000000000000000E0),.UNSPECIFIED.)GEOMETRIC_REPRESENTATION_ITEM()RATIONAL_B_SPLINE_SURFACE(((1.00000000000000000E0,1.00000000000000000E0),(9.92314112161292172E-1,9.92314112161292172E-1),(9.88471168241938258E-1,9.88471168241938258E-1),(9.88471168241938147E-1,9.88471168241938147E-1),(9.92314112161292172E-1,9.92314112161292172E-1),(1.00000000000000000E0,1.00000000000000000E0)))REPRESENTATION_ITEM('')SURFACE());
#164=CARTESIAN_POINT('',(1.91341716182544919E0,-4.61939766255643391E0,0.00000000000000000E0));
#165=CARTESIAN_POINT('',(1.91341716182544919E0,-4.61939766255643391E0,6.00000000000000000E0));
#166=CARTESIAN_POINT('',(1.55014518313884420E0,-4.76986984295853489E0,0.00000000000000000E0));
#167=CARTESIAN_POINT('',(1.55014518313884420E0,-4.76986984295853489E0,6.00000000000000000E0));
#168=CARTESIAN_POINT('',(1.17281732825642759E0,-4.88448757545842493E0,0.00000000000000000E0));
#169=CARTESIAN_POINT('',(1.17281732825642759E0,-4.88448757545842493E0,6.00000000000000000E0));
#170=CARTESIAN_POINT('',(7.85670545770381090E-1,-4.96149585848614105E0,0.00000000000000000E0));
#171=CARTESIAN_POINT('',(7.85670545770381090E-1,-4.96149585848614105E0,6.00000000000000000E0));
#172=CARTESIAN_POINT('',(3.93202756315165769E-1,-5.00000000000000000E0,0.00000000000000000E0));
#173=CARTESIAN_POINT('',(3.93202756315165769E-1,-5.00000000000000000E0,6.00000000000000000E0));
#174=CARTESIAN_POINT('',(0.00000000000000000E0,-5.00000000000000000E0,0.00000000000000000E0));
#175=CARTESIAN_POINT('',(0.00000000000000000E0,-5.00000000000000000E0,6.00000000000000000E0));
#176=(BOUNDED_SURFACE()B_SPLINE_SURFACE(5,1,((#164,#165),(#166,#167),(#168,#169),(#170,#171),(#172,#173),(#174,#175)),.UNSPECIFIED.,.F.,.F.,.F.)B_SPLINE_SURFACE_WITH_KNOTS((6,6),(2,2),(0.00000000000000000E0,3.00000000000000000E0),(0.00000000000000000E0,1.00000000000000000E0),.UNSPECIFIED.)GEOMETRIC_REPRESENTATION_ITEM()RATIONAL_B_SPLINE_SURFACE(((1.00000000000000000E0,1.00000000000000000E0),(9.92314112161292172E-1,9.92314112161292172E-1),(9.88471168241938147E-1,9.88471168241938147E-1),(9.88471168241938258E-1,9.88471168241938258E-1),(9.92314112161292172E-1,9.92314112161292172E-1),(1.00000000000000000E0,1.00000000000000000E0)))REPRESENTATION_ITEM('')SURFACE());
#177=CARTESIAN_POINT('',(-2.00000000000000000E1,0.00000000000000000E0,0.00000000000000000E0));
#178=CARTESIAN_POINT('',(-2.00000000000000000E1,0.00000000000000000E0,6.00000000000000000E0));
#179=CARTESIAN_POINT('',(-1.99999999999999964E1,-2.00000000000000000E1,0.00000000000000000E0));
#180=CARTESIAN_POINT('',(-1.99999999999999964E1,-2.00000000000000000E1,6.00000000000000000E0));
#181=CARTESIAN_POINT('',(0.00000000000000000E0,-2.00000000000000000E1,0.00000000000000000E0));
#182=CARTESIAN_POINT('',(0.00000000000000000E0,-2.00000000000000000E1,6.00000000000000000E0));
#183=(BOUNDED_SURFACE()B_SPLINE_SURFACE(2,1,((#177,#178),(#179,#180),(#181,#182)),.UNSPECIFIED.,.F.,.F.,.F.)B_SPLINE_SURFACE_WITH_KNOTS((3,3),(2,2),(0.00000000000000000E0,3.00000000000000000E0),(0.00000000000000000E0,1.00000000000000000E0),.UNSPECIFIED.)GEOMETRIC_REPRESENTATION_ITEM()RATIONAL_B_SPLINE_SURFACE(((1.00000000000000000E0,1.00000000000000000E0),(7.07106781186547573E-1,7.07106781186547573E-1),(1.00000000000000000E0,1.00000000000000000E0)))REPRESENTATION_ITEM('')SURFACE());
#184=CARTESIAN_POINT('',(0.00000000000000000E0,-5.00000000000000000E0,0.00000000000000000E0));
#185=CARTESIAN_POINT('',(0.00000000000000000E0,-5.00000000000000000E0,6.00000000000000000E0));
#186=CARTESIAN_POINT('',(-4.99999999999999911E0,-5.00000000000000000E0,0.00000000000000000E0));
#187=CARTESIAN_POINT('',(-4.99999999999999911E0,-5.00000000000000000E0,6.00000000000000000E0));
#188=CARTESIAN_POINT('',(-5.00000000000000000E0,0.00000000000000000E0,0.00000000000000000E0));
#189=CARTESIAN_POINT('',(-5.00000000000000000E0,0.00000000000000000E0,6.00000000000000000E0));
#190=(BOUNDED_SURFACE()B_SPLINE_SURFACE(2,1,((#184,#185),(#186,#187),(#188,#189)),.UNSPECIFIED.,.F.,.F.,.F.)B_SPLINE_SURFACE_WITH_KNOTS((3,3),(2,2),(0.00000000000000000E0,3.00000000000000000E0),(0.00000000000000000E0,1.00000000000000000E0),.UNSPECIFIED.)GEOMETRIC_REPRESENTATION_ITEM()RATIONAL_B_SPLINE_SURFACE(((1.00000000000000000E0,1.00000000000000000E0),(7.07106781186547573E-1,7.07106781186547573E-1),(1.00000000000000000E0,1.00000000000000000E0)))REPRESENTATION_ITEM('')SURFACE());
#191=CARTESIAN_POINT('',(-2.00000000000000036E1,-2.00000000000000000E1,6.00000000000000000E0));
#192=CARTESIAN_POINT('',(-2.00000000000000036E1,2.00000000000000000E1,6.00000000000000000E0));
#193=CARTESIAN_POINT('',(2.00000000000000000E1,-2.00000000000000000E1,6.00000000000000000E0));
#194=CARTESIAN_POINT('',(2.00000000000000000E1,2.00000000000000000E1,6.00000000000000000E0));
#195=B_SPLINE_SURFACE_WITH_KNOTS('',1,1,((#191,#192),(#193,#194)),.UNSPECIFIED.,.F.,.F.,.F.,(2,2),(2,2),(-2.00000000000000036E1,2.00000000000000000E1),(-2.00000000000000000E1,2.00000000000000000E1),.UNSPECIFIED.);
#196=CARTESIAN_POINT('',(0.00000000000000000E0,2.00000000000000000E1,0.00000000000000000E0));
#197=CARTESIAN_POINT('',(0.00000000000000000E0,2.00000000000000000E1,6.00000000000000000E0));
#198=CARTESIAN_POINT('',(-2.00000000000000036E1,1.99999999999999964E1,0.00000000000000000E0));
#199=CARTESIAN_POINT('',(-2.00000000000000036E1,1.99999999999999964E1,6.00000000000000000E0));
#200=CARTESIAN_POINT('',(-2.00000000000000000E1,0.00000000000000000E0,0.00000000000000000E0));
#201=CARTESIAN_POINT('',(-2.00000000000000000E1,0.00000000000000000E0,6.00000000000000000E0));
#202=(BOUNDED_SURFACE()B_SPLINE_SURFACE(2,1,((#196,#197),(#198,#199),(#200,#201)),.UNSPECIFIED.,.F.,.F.,.F.)B_SPLINE_SURFACE_WITH_KNOTS((3,3),(2,2),(0.00000000000000000E0,3.00000000000000000E0),(0.00000000000000000E0,1.00000000000000000E0),.UNSPECIFIED.)GEOMETRIC_REPRESENTATION_ITEM()RATIONAL_B_SPLINE_SURFACE(((1.00000000000000000E0,1.00000000000000000E0),(7.07106781186547573E-1,7.07106781186547573E-1),(1.00000000000000000E0,1.00000000000000000E0)))REPRESENTATION_ITEM('')SURFACE());
#203=CARTESIAN_POINT('',(-5.00000000000000000E0,0.00000000000000000E0,0.00000000000000000E0));
#204=CARTESIAN_POINT('',(-5.00000000000000000E0,0.00000000000000000E0,6.00000000000000000E0));
#205=CARTESIAN_POINT('',(-5.00000000000000089E0,4.99999999999999911E0,0.00000000000000000E0));
#206=CARTESIAN_POINT('',(-5.00000000000000089E0,4.99999999999999911E0,6.00000000000000000E0));
#207=CARTESIAN_POINT('',(0.00000000000000000E0,5.00000000000000000E0,0.00000000000000000E0));
#208=CARTESIAN_POINT('',(0.00000000000000000E0,5.00000000000000000E0,6.00000000000000000E0));
#209=(BOUNDED_SURFACE()B_SPLINE_SURFACE(2,1,((#203,#204),(#205,#206),(#207,#208)),.UNSPECIFIED.,.F.,.F.,.F.)B_SPLINE_SURFACE_WITH_KNOTS((3,3),(2,2),(0.00000000000000000E0,3.00000000000000000E0),(0.00000000000000000E0,1.00000000000000000E0),.UNSPECIFIED.)GEOMETRIC_REPRESENTATION_ITEM()RATIONAL_B_SPLINE_SURFACE(((1.00000000000000000E0,1.00000000000000000E0),(7.07106781186547573E-1,7.07106781186547573E-1),(1.00000000000000000E0,1.00000000000000000E0)))REPRESENTATION_ITEM('')SURFACE());
#210=CARTESIAN_POINT('',(2.00000000000000000E1,-2.00000000000000000E1,0.00000000000000000E0));
#211=CARTESIAN_POINT('',(2.00000000000000000E1,2.00000000000000000E1,0.00000000000000000E0));
#212=CARTESIAN_POINT('',(-2.00000000000000036E1,-2.00000000000000000E1,0.00000000000000000E0));
#213=CARTESIAN_POINT('',(-2.00000000000000036E1,2.00000000000000000E1,0.00000000000000000E0));
#214=B_SPLINE_SURFACE_WITH_KNOTS('',1,1,((#210,#211),(#212,#213)),.UNSPECIFIED.,.F.,.F.,.F.,(2,2),(2,2),(-2.00000000000000036E1,2.00000000000000000E1),(-2.00000000000000000E1,2.00000000000000000E1),.UNSPECIFIED.);
#215=CARTESIAN_POINT('',(-2.00000000000000000E1,-2.00000000000000000E1,6.00000000000000000E0));
#216=CARTESIAN_POINT('',(-2.00000000000000000E1,2.00000000000000036E1,6.00000000000000000E0));
#217=CARTESIAN_POINT('',(2.00000000000000000E1,-2.00000000000000000E1,6.00000000000000000E0));
#218=CARTESIAN_POINT('',(2.00000000000000000E1,2.00000000000000036E1,6.00000000000000000E0));
#219=B_SPLINE_SURFACE_WITH_KNOTS('',1,1,((#215,#216),(#217,#218)),.UNSPECIFIED.,.F.,.F.,.F.,(2,2),(2,2),(-2.00000000000000000E1,2.00000000000000000E1),(-2.00000000000000000E1,2.00000000000000036E1),.UNSPECIFIED.);
#220=CARTESIAN_POINT('',(2.00000000000000000E1,0.00000000000000000E0,0.00000000000000000E0));
#221=CARTESIAN_POINT('',(2.00000000000000000E1,0.00000000000000000E0,6.00000000000000000E0));
#222=CARTESIAN_POINT('',(1.99999999999999929E1,2.00000000000000036E1,0.00000000000000000E0));
#223=CARTESIAN_POINT('',(1.99999999999999929E1,2.00000000000000036E1,6.00000000000000000E0));
#224=CARTESIAN_POINT('',(0.00000000000000000E0,2.00000000000000000E1,0.00000000000000000E0));
#225=CARTESIAN_POINT('',(0.00000000000000000E0,2.00000000000000000E1,6.00000000000000000E0));
#226=(BOUNDED_SURFACE()B_SPLINE_SURFACE(2,1,((#220,#221),(#222,#223),(#224,#225)),.UNSPECIFIED.,.F.,.F.,.F.)B_SPLINE_SURFACE_WITH_KNOTS((3,3),(2,2),(0.00000000000000000E0,3.00000000000000000E0),(0.00000000000000000E0,1.00000000000000000E0),.UNSPECIFIED.)GEOMETRIC_REPRESENTATION_ITEM()RATIONAL_B_SPLINE_SURFACE(((1.00000000000000000E0,1.00000000000000000E0),(7.07106781186547573E-1,7.07106781186547573E-1),(1.00000000000000000E0,1.00000000000000000E0)))REPRESENTATION_ITEM('')SURFACE());
#227=CARTESIAN_POINT('',(0.00000000000000000E0,5.00000000000000000E0,0.00000000000000000E0));
#228=CARTESIAN_POINT('',(0.00000000000000000E0,5.00000000000000000E0,6.00000000000000000E0));
#229=CARTESIAN_POINT('',(4.99999999999999822E0,5.00000000000000089E0,0.00000000000000000E0));
#230=CARTESIAN_POINT('',(4.99999999999999822E0,5.00000000000000089E0,6.00000000000000000E0));
#231=CARTESIAN_POINT('',(5.00000000000000000E0,0.00000000000000000E0,0.00000000000000000E0));
#232=CARTESIAN_POINT('',(5.00000000000000000E0,0.00000000000000000E0,6.00000000000000000E0));
#233=(BOUNDED_SURFACE()B_SPLINE_SURFACE(2,1,((#227,#228),(#229,#230),(#231,#232)),.UNSPECIFIED.,.F.,.F.,.F.)B_SPLINE_SURFACE_WITH_KNOTS((3,3),(2,2),(0.00000000000000000E0,3.00000000000000000E0),(0.00000000000000000E0,1.00000000000000000E0),.UNSPECIFIED.)GEOMETRIC_REPRESENTATION_ITEM()RATIONAL_B_SPLINE_SURFACE(((1.00000000000000000E0,1.00000000000000000E0),(7.07106781186547573E-1,7.07106781186547573E-1),(1.00000000000000000E0,1.00000000000000000E0)))REPRESENTATION_ITEM('')SURFACE());
#234=CARTESIAN_POINT('',(2.00000000000000000E1,-2.00000000000000000E1,0.00000000000000000E0));
#235=CARTESIAN_POINT('',(2.00000000000000000E1,2.00000000000000036E1,0.00000000000000000E0));
#236=CARTESIAN_POINT('',(-2.00000000000000000E1,-2.00000000000000000E1,0.00000000000000000E0));
#237=CARTESIAN_POINT('',(-2.00000000000000000E1,2.00000000000000036E1,0.00000000000000000E0));
#238=B_SPLINE_SURFACE_WITH_KNOTS('',1,1,((#234,#235),(#236,#237)),.UNSPECIFIED.,.F.,.F.,.F.,(2,2),(2,2),(-2.00000000000000000E1,2.00000000000000000E1),(-2.00000000000000000E1,2.00000000000000036E1),.UNSPECIFIED.);
#239=CARTESIAN_POINT('',(2.00000000000000000E1,0.00000000000000000E0,6.00000000000000000E0));
#240=CARTESIAN_POINT('',(2.00000000000000000E1,-1.57281102526066241E0,6.00000000000000000E0));
#241=CARTESIAN_POINT('',(1.94666096979690764E1,-3.14268218308152392E0,6.00000000000000000E0));
#242=CARTESIAN_POINT('',(1.86673240378091876E1,-4.54324502439386890E0,6.00000000000000000E0));
#243=CARTESIAN_POINT('',(1.78870119110945076E1,-5.81304443677066551E0,6.00000000000000000E0));
#244=CARTESIAN_POINT('',(1.73227412345866263E1,-7.17531435684543339E0,6.00000000000000000E0));
#245=(BOUNDED_CURVE()B_SPLINE_CURVE(5,(#239,#240,#241,#242,#243,#244),.UNSPECIFIED.,.F.,.F.)B_SPLINE_CURVE_WITH_KNOTS((6,6),(0.00000000000000000E0,1.00000000000000000E0),.UNSPECIFIED.)CURVE()GEOMETRIC_REPRESENTATION_ITEM()RATIONAL_B_SPLINE_CURVE((1.00000000000000000E0,9.92314112161292172E-1,9.88471168241938147E-1,9.88471168241938258E-1,9.92314112161292172E-1,1.00000000000000000E0))REPRESENTATION_ITEM(''));
#246=CARTESIAN_POINT('',(1.73227412345866263E1,-7.17531435684543339E0,6.00000000000000000E0));
#247=CARTESIAN_POINT('',(1.84775906502257357E1,-7.65366864730179586E0,6.00000000000000000E0));
#248=CARTESIAN_POINT('',(1.84775906502257357E1,-7.65366864730179586E0,4.75000000000000000E0));
#249=(BOUNDED_CURVE()B_SPLINE_CURVE(2,(#246,#247,#248),.UNSPECIFIED.,.F.,.F.)B_SPLINE_CURVE_WITH_KNOTS((3,3),(0.00000000000000000E0,1.00000000000000000E0),.UNSPECIFIED.)CURVE()GEOMETRIC_REPRESENTATION_ITEM()RATIONAL_B_SPLINE_CURVE((1.00000000000000000E0,7.07106781186547573E-1,1.00000000000000000E0))REPRESENTATION_ITEM(''));
#250=CARTESIAN_POINT('',(1.84775906502257357E1,-7.65366864730179586E0,4.75000000000000000E0));
#251=CARTESIAN_POINT('',(1.90794793718341396E1,-6.20058073255537590E0,4.75000000000000000E0));
#252=CARTESIAN_POINT('',(1.95379503018336962E1,-4.69126931302570860E0,5.12937373597548962E0));
#253=CARTESIAN_POINT('',(1.98459834339445678E1,-3.14268218308152392E0,5.62062626402451215E0));
#254=CARTESIAN_POINT('',(2.00000000000000000E1,-1.57281102526066241E0,6.00000000000000000E0));
#255=CARTESIAN_POINT('',(2.00000000000000000E1,0.00000000000000000E0,6.00000000000000000E0));
#256=(BOUNDED_CURVE()B_SPLINE_CURVE(5,(#250,#251,#252,#253,#254,#255),.UNSPECIFIED.,.F.,.F.)B_SPLINE_CURVE_WITH_KNOTS((6,6),(0.00000000000000000E0,1.00000000000000000E0),.UNSPECIFIED.)CURVE()GEOMETRIC_REPRESENTATION_ITEM()RATIONAL_B_SPLINE_CURVE((1.00000000000000000E0,9.92314112161292172E-1,9.88471168241938258E-1,9.88471168241938147E-1,9.92314112161292172E-1,1.00000000000000000E0))REPRESENTATION_ITEM(''));
#257=CARTESIAN_POINT('',(2.00000000000000000E1,0.00000000000000000E0,6.00000000000000000E0));
#258=CARTESIAN_POINT('',(2.00000000000000000E1,0.00000000000000000E0,6.00000000000000000E0));
#259=CARTESIAN_POINT('',(2.00000000000000000E1,0.00000000000000000E0,6.00000000000000000E0));
#260=(BOUNDED_CURVE()B_SPLINE_CURVE(2,(#257,#258,#259),.UNSPECIFIED.,.F.,.F.)B_SPLINE_CURVE_WITH_KNOTS((3,3),(0.00000000000000000E0,1.00000000000000000E0),.UNSPECIFIED.)CURVE()GEOMETRIC_REPRESENTATION_ITEM()RATIONAL_B_SPLINE_CURVE((1.00000000000000000E0,7.07106781186547573E-1,1.00000000000000000E0))REPRESENTATION_ITEM(''));
#261=CARTESIAN_POINT('',(2.00000000000000000E1,0.00000000000000000E0,6.00000000000000000E0));
#262=CARTESIAN_POINT('',(5.00000000000000000E0,0.00000000000000000E0,6.00000000000000000E0));
#263=B_SPLINE_CURVE_WITH_KNOTS('',1,(#261,#262),.UNSPECIFIED.,.F.,.F.,(2,2),(0.00000000000000000E0,1.00000000000000000E0),.UNSPECIFIED.);
#264=CARTESIAN_POINT('',(5.00000000000000000E0,0.00000000000000000E0,6.00000000000000000E0));
#265=CARTESIAN_POINT('',(5.00000000000000000E0,-3.93202756315165602E-1,6.00000000000000000E0));
#266=CARTESIAN_POINT('',(4.96149585848614194E0,-7.85670545770380979E-1,6.00000000000000000E0));
#267=CARTESIAN_POINT('',(4.88448757545842405E0,-1.17281732825642715E0,6.00000000000000000E0));
#268=CARTESIAN_POINT('',(4.76986984295853489E0,-1.55014518313884397E0,6.00000000000000000E0));
#269=CARTESIAN_POINT('',(4.61939766255643391E0,-1.91341716182544919E0,6.00000000000000000E0));
#270=(BOUNDED_CURVE()B_SPLINE_CURVE(5,(#264,#265,#266,#267,#268,#269),.UNSPECIFIED.,.F.,.F.)B_SPLINE_CURVE_WITH_KNOTS((6,6),(0.00000000000000000E0,1.00000000000000000E0),.UNSPECIFIED.)CURVE()GEOMETRIC_REPRESENTATION_ITEM()RATIONAL_B_SPLINE_CURVE((1.00000000000000000E0,9.92314112161292172E-1,9.88471168241938147E-1,9.88471168241938258E-1,9.92314112161292172E-1,1.00000000000000000E0))REPRESENTATION_ITEM(''));
#271=CARTESIAN_POINT('',(4.61939766255643391E0,-1.91341716182544919E0,6.00000000000000000E0));
#272=CARTESIAN_POINT('',(1.73227412345866263E1,-7.17531435684543339E0,6.00000000000000000E0));
#273=B_SPLINE_CURVE_WITH_KNOTS('',1,(#271,#272),.UNSPECIFIED.,.F.,.F.,(2,2),(0.00000000000000000E0,1.00000000000000000E0),.UNSPECIFIED.);
#274=CARTESIAN_POINT('',(2.00000000000000000E1,0.00000000000000000E0,0.00000000000000000E0));
#275=CARTESIAN_POINT('',(2.00000000000000000E1,-1.57281102526066241E0,0.00000000000000000E0));
#276=CARTESIAN_POINT('',(1.98459834339445678E1,-3.14268218308152392E0,0.00000000000000000E0));
#277=CARTESIAN_POINT('',(1.95379503018336962E1,-4.69126931302570860E0,0.00000000000000000E0));
#278=CARTESIAN_POINT('',(1.90794793718341396E1,-6.20058073255537590E0,0.00000000000000000E0));
#279=CARTESIAN_POINT('',(1.84775906502257357E1,-7.65366864730179586E0,0.00000000000000000E0));
#280=(BOUNDED_CURVE()B_SPLINE_CURVE(5,(#274,#275,#276,#277,#278,#279),.UNSPECIFIED.,.F.,.F.)B_SPLINE_CURVE_WITH_KNOTS((6,6),(0.00000000000000000E0,1.00000000000000000E0),.UNSPECIFIED.)CURVE()GEOMETRIC_REPRESENTATION_ITEM()RATIONAL_B_SPLINE_CURVE((1.00000000000000000E0,9.92314112161292172E-1,9.88471168241938147E-1,9.88471168241938258E-1,9.92314112161292172E-1,1.00000000000000000E0))REPRESENTATION_ITEM(''));
#281=CARTESIAN_POINT('',(1.84775906502257357E1,-7.65366864730179586E0,0.00000000000000000E0));
#282=CARTESIAN_POINT('',(1.84775906502257357E1,-7.65366864730179586E0,4.75000000000000000E0));
#283=B_SPLINE_CURVE_WITH_KNOTS('',1,(#281,#282),.UNSPECIFIED.,.F.,.F.,(2,2),(0.00000000000000000E0,1.00000000000000000E0),.UNSPECIFIED.);
#284=CARTESIAN_POINT('',(2.00000000000000000E1,0.00000000000000000E0,6.00000000000000000E0));
#285=CARTESIAN_POINT('',(2.00000000000000000E1,0.00000000000000000E0,0.00000000000000000E0));
#286=B_SPLINE_CURVE_WITH_KNOTS('',1,(#284,#285),.UNSPECIFIED.,.F.,.F.,(2,2),(0.00000000000000000E0,1.00000000000000000E0),.UNSPECIFIED.);
#287=CARTESIAN_POINT('',(5.00000000000000000E0,0.00000000000000000E0,0.00000000000000000E0));
#288=CARTESIAN_POINT('',(5.00000000000000000E0,-3.93202756315165602E-1,0.00000000000000000E0));
#289=CARTESIAN_POINT('',(4.96149585848614194E0,-7.85670545770380979E-1,0.00000000000000000E0));
#290=CARTESIAN_POINT('',(4.88448757545842405E0,-1.17281732825642715E0,0.00000000000000000E0));
#291=CARTESIAN_POINT('',(4.76986984295853489E0,-1.55014518313884397E0,0.00000000000000000E0));
#292=CARTESIAN_POINT('',(4.61939766255643391E0,-1.91341716182544919E0,0.00000000000000000E0));
#293=(BOUNDED_CURVE()B_SPLINE_CURVE(5,(#287,#288,#289,#290,#291,#292),.UNSPECIFIED.,.F.,.F.)B_SPLINE_CURVE_WITH_KNOTS((6,6),(0.00000000000000000E0,1.00000000000000000E0),.UNSPECIFIED.)CURVE()GEOMETRIC_REPRESENTATION_ITEM()RATIONAL_B_SPLINE_CURVE((1.00000000000000000E0,9.92314112161292172E-1,9.88471168241938147E-1,9.88471168241938258E-1,9.92314112161292172E-1,1.00000000000000000E0))REPRESENTATION_ITEM(''));
#294=CARTESIAN_POINT('',(4.61939766255643391E0,-1.91341716182544919E0,0.00000000000000000E0));
#295=CARTESIAN_POINT('',(4.61939766255643391E0,-1.91341716182544919E0,6.00000000000000000E0));
#296=B_SPLINE_CURVE_WITH_KNOTS('',1,(#294,#295),.UNSPECIFIED.,.F.,.F.,(2,2),(0.00000000000000000E0,1.00000000000000000E0),.UNSPECIFIED.);
#297=CARTESIAN_POINT('',(5.00000000000000000E0,0.00000000000000000E0,6.00000000000000000E0));
#298=CARTESIAN_POINT('',(5.00000000000000000E0,0.00000000000000000E0,0.00000000000000000E0));
#299=B_SPLINE_CURVE_WITH_KNOTS('',1,(#297,#298),.UNSPECIFIED.,.F.,.F.,(2,2),(0.00000000000000000E0,1.00000000000000000E0),.UNSPECIFIED.);
#300=CARTESIAN_POINT('',(2.00000000000000000E1,0.00000000000000000E0,0.00000000000000000E0));
#301=CARTESIAN_POINT('',(5.00000000000000000E0,0.00000000000000000E0,0.00000000000000000E0));
#302=B_SPLINE_CURVE_WITH_KNOTS('',1,(#300,#301),.UNSPECIFIED.,.F.,.F.,(2,2),(0.00000000000000000E0,1.00000000000000000E0),.UNSPECIFIED.);
#303=CARTESIAN_POINT('',(4.61939766255643391E0,-1.91341716182544919E0,0.00000000000000000E0));
#304=CARTESIAN_POINT('',(1.84775906502257357E1,-7.65366864730179586E0,0.00000000000000000E0));
#305=B_SPLINE_CURVE_WITH_KNOTS('',1,(#303,#304),.UNSPECIFIED.,.F.,.F.,(2,2),(0.00000000000000000E0,1.00000000000000000E0),.UNSPECIFIED.);
#306=CARTESIAN_POINT('',(1.73227412345866263E1,-7.17531435684543339E0,6.00000000000000000E0));
#307=CARTESIAN_POINT('',(1.43506287136908668E1,-1.43506287136908650E1,6.00000000000000000E0));
#308=CARTESIAN_POINT('',(7.17531435684543428E0,-1.73227412345866263E1,6.00000000000000000E0));
#309=(BOUNDED_CURVE()B_SPLINE_CURVE(2,(#306,#307,#308),.UNSPECIFIED.,.F.,.F.)B_SPLINE_CURVE_WITH_KNOTS((3,3),(0.00000000000000000E0,1.00000000000000000E0),.UNSPECIFIED.)CURVE()GEOMETRIC_REPRESENTATION_ITEM()RATIONAL_B_SPLINE_CURVE((1.00000000000000000E0,9.23879532511286738E-1,1.00000000000000000E0))REPRESENTATION_ITEM(''));
#310=CARTESIAN_POINT('',(7.17531435684543428E0,-1.73227412345866263E1,6.00000000000000000E0));
#311=CARTESIAN_POINT('',(7.65366864730179675E0,-1.84775906502257357E1,6.00000000000000000E0));
#312=CARTESIAN_POINT('',(7.65366864730179675E0,-1.84775906502257357E1,4.75000000000000000E0));
#313=(BOUNDED_CURVE()B_SPLINE_CURVE(2,(#310,#311,#312),.UNSPECIFIED.,.F.,.F.)B_SPLINE_CURVE_WITH_KNOTS((3,3),(0.00000000000000000E0,1.00000000000000000E0),.UNSPECIFIED.)CURVE()GEOMETRIC_REPRESENTATION_ITEM()RATIONAL_B_SPLINE_CURVE((1.00000000000000000E0,7.07106781186547573E-1,1.00000000000000000E0))REPRESENTATION_ITEM(''));
#314=CARTESIAN_POINT('',(7.65366864730179675E0,-1.84775906502257357E1,4.75000000000000000E0));
#315=CARTESIAN_POINT('',(1.53073372946035917E1,-1.53073372946035882E1,4.75000000000000000E0));
#316=CARTESIAN_POINT('',(1.84775906502257357E1,-7.65366864730179586E0,4.75000000000000000E0));
#317=(BOUNDED_CURVE()B_SPLINE_CURVE(2,(#314,#315,#316),.UNSPECIFIED.,.F.,.F.)B_SPLINE_CURVE_WITH_KNOTS((3,3),(0.00000000000000000E0,1.00000000000000000E0),.UNSPECIFIED.)CURVE()GEOMETRIC_REPRESENTATION_ITEM()RATIONAL_B_SPLINE_CURVE((1.00000000000000000E0,9.23879532511286738E-1,1.00000000000000000E0))REPRESENTATION_ITEM(''));
#318=CARTESIAN_POINT('',(4.61939766255643391E0,-1.91341716182544919E0,6.00000000000000000E0));
#319=CARTESIAN_POINT('',(3.82683432365089837E0,-3.82683432365089704E0,6.00000000000000000E0));
#320=CARTESIAN_POINT('',(1.91341716182544919E0,-4.61939766255643391E0,6.00000000000000000E0));
#321=(BOUNDED_CURVE()B_SPLINE_CURVE(2,(#318,#319,#320),.UNSPECIFIED.,.F.,.F.)B_SPLINE_CURVE_WITH_KNOTS((3,3),(0.00000000000000000E0,1.00000000000000000E0),.UNSPECIFIED.)CURVE()GEOMETRIC_REPRESENTATION_ITEM()RATIONAL_B_SPLINE_CURVE((1.00000000000000000E0,9.23879532511286738E-1,1.00000000000000000E0))REPRESENTATION_ITEM(''));
#322=CARTESIAN_POINT('',(1.91341716182544919E0,-4.61939766255643391E0,6.00000000000000000E0));
#323=CARTESIAN_POINT('',(7.17531435684543428E0,-1.73227412345866263E1,6.00000000000000000E0));
#324=B_SPLINE_CURVE_WITH_KNOTS('',1,(#322,#323),.UNSPECIFIED.,.F.,.F.,(2,2),(0.00000000000000000E0,1.00000000000000000E0),.UNSPECIFIED.);
#325=CARTESIAN_POINT('',(1.84775906502257357E1,-7.65366864730179586E0,0.00000000000000000E0));
#326=CARTESIAN_POINT('',(1.53073372946035917E1,-1.53073372946035882E1,0.00000000000000000E0));
#327=CARTESIAN_POINT('',(7.65366864730179675E0,-1.84775906502257357E1,0.00000000000000000E0));
#328=(BOUNDED_CURVE()B_SPLINE_CURVE(2,(#325,#326,#327),.UNSPECIFIED.,.F.,.F.)B_SPLINE_CURVE_WITH_KNOTS((3,3),(0.00000000000000000E0,1.00000000000000000E0),.UNSPECIFIED.)CURVE()GEOMETRIC_REPRESENTATION_ITEM()RATIONAL_B_SPLINE_CURVE((1.00000000000000000E0,9.23879532511286738E-1,1.00000000000000000E0))REPRESENTATION_ITEM(''));
#329=CARTESIAN_POINT('',(7.65366864730179675E0,-1.84775906502257357E1,0.00000000000000000E0));
#330=CARTESIAN_POINT('',(7.65366864730179675E0,-1.84775906502257357E1,4.75000000000000000E0));
#331=B_SPLINE_CURVE_WITH_KNOTS('',1,(#329,#330),.UNSPECIFIED.,.F.,.F.,(2,2),(0.00000000000000000E0,1.00000000000000000E0),.UNSPECIFIED.);
#332=CARTESIAN_POINT('',(4.61939766255643391E0,-1.91341716182544919E0,0.00000000000000000E0));
#333=CARTESIAN_POINT('',(3.82683432365089837E0,-3.82683432365089704E0,0.00000000000000000E0));
#334=CARTESIAN_POINT('',(1.91341716182544919E0,-4.61939766255643391E0,0.00000000000000000E0));
#335=(BOUNDED_CURVE()B_SPLINE_CURVE(2,(#332,#333,#334),.UNSPECIFIED.,.F.,.F.)B_SPLINE_CURVE_WITH_KNOTS((3,3),(0.00000000000000000E0,1.00000000000000000E0),.UNSPECIFIED.)CURVE()GEOMETRIC_REPRESENTATION_ITEM()RATIONAL_B_SPLINE_CURVE((1.00000000000000000E0,9.23879532511286738E-1,1.00000000000000000E0))REPRESENTATION_ITEM(''));
#336=CARTESIAN_POINT('',(1.91341716182544919E0,-4.61939766255643391E0,0.00000000000000000E0));
#337=CARTESIAN_POINT('',(1.91341716182544919E0,-4.61939766255643391E0,6.00000000000000000E0));
#338=B_SPLINE_CURVE_WITH_KNOTS('',1,(#336,#337),.UNSPECIFIED.,.F.,.F.,(2,2),(0.00000000000000000E0,1.00000000000000000E0),.UNSPECIFIED.);
#339=CARTESIAN_POINT('',(1.91341716182544919E0,-4.61939766255643391E0,0.00000000000000000E0));
#340=CARTESIAN_POINT('',(7.65366864730179675E0,-1.84775906502257357E1,0.00000000000000000E0));
#341=B_SPLINE_CURVE_WITH_KNOTS('',1,(#339,#340),.UNSPECIFIED.,.F.,.F.,(2,2),(0.00000000000000000E0,1.00000000000000000E0),.UNSPECIFIED.);
#342=CARTESIAN_POINT('',(7.17531435684543428E0,-1.73227412345866263E1,6.00000000000000000E0));
#343=CARTESIAN_POINT('',(5.81304443677066640E0,-1.78870119110945076E1,6.00000000000000000E0));
#344=CARTESIAN_POINT('',(4.54324502439387157E0,-1.86673240378091876E1,6.00000000000000000E0));
#345=CARTESIAN_POINT('',(3.14268218308152436E0,-1.94666096979690764E1,6.00000000000000000E0));
#346=CARTESIAN_POINT('',(1.57281102526066308E0,-2.00000000000000000E1,6.00000000000000000E0));
#347=CARTESIAN_POINT('',(0.00000000000000000E0,-2.00000000000000000E1,6.00000000000000000E0));
#348=(BOUNDED_CURVE()B_SPLINE_CURVE(5,(#342,#343,#344,#345,#346,#347),.UNSPECIFIED.,.F.,.F.)B_SPLINE_CURVE_WITH_KNOTS((6,6),(0.00000000000000000E0,1.00000000000000000E0),.UNSPECIFIED.)CURVE()GEOMETRIC_REPRESENTATION_ITEM()RATIONAL_B_SPLINE_CURVE((1.00000000000000000E0,9.92314112161292172E-1,9.88471168241938147E-1,9.88471168241938258E-1,9.92314112161292172E-1,1.00000000000000000E0))REPRESENTATION_ITEM(''));
#349=CARTESIAN_POINT('',(0.00000000000000000E0,-2.00000000000000000E1,6.00000000000000000E0));
#350=CARTESIAN_POINT('',(0.00000000000000000E0,-2.00000000000000000E1,6.00000000000000000E0));
#351=CARTESIAN_POINT('',(0.00000000000000000E0,-2.00000000000000000E1,6.00000000000000000E0));
#352=(BOUNDED_CURVE()B_SPLINE_CURVE(2,(#349,#350,#351),.UNSPECIFIED.,.F.,.F.)B_SPLINE_CURVE_WITH_KNOTS((3,3),(0.00000000000000000E0,1.00000000000000000E0),.UNSPECIFIED.)CURVE()GEOMETRIC_REPRESENTATION_ITEM()RATIONAL_B_SPLINE_CURVE((1.00000000000000000E0,7.07106781186547573E-1,1.00000000000000000E0))REPRESENTATION_ITEM(''));
#353=CARTESIAN_POINT('',(0.00000000000000000E0,-2.00000000000000000E1,6.00000000000000000E0));
#354=CARTESIAN_POINT('',(1.57281102526066308E0,-2.00000000000000000E1,6.00000000000000000E0));
#355=CARTESIAN_POINT('',(3.14268218308152436E0,-1.98459834339445642E1,5.62062626402451038E0));
#356=CARTESIAN_POINT('',(4.69126931302571037E0,-1.95379503018336997E1,5.12937373597548874E0));
#357=CARTESIAN_POINT('',(6.20058073255537678E0,-1.90794793718341396E1,4.75000000000000000E0));
#358=CARTESIAN_POINT('',(7.65366864730179675E0,-1.84775906502257357E1,4.75000000000000000E0));
#359=(BOUNDED_CURVE()B_SPLINE_CURVE(5,(#353,#354,#355,#356,#357,#358),.UNSPECIFIED.,.F.,.F.)B_SPLINE_CURVE_WITH_KNOTS((6,6),(0.00000000000000000E0,1.00000000000000000E0),.UNSPECIFIED.)CURVE()GEOMETRIC_REPRESENTATION_ITEM()RATIONAL_B_SPLINE_CURVE((1.00000000000000000E0,9.92314112161292172E-1,9.88471168241938258E-1,9.88471168241938147E-1,9.92314112161292172E-1,1.00000000000000000E0))REPRESENTATION_ITEM(''));
#360=CARTESIAN_POINT('',(1.91341716182544919E0,-4.61939766255643391E0,6.00000000000000000E0));
#361=CARTESIAN_POINT('',(1.55014518313884420E0,-4.76986984295853489E0,6.00000000000000000E0));
#362=CARTESIAN_POINT('',(1.17281732825642759E0,-4.88448757545842493E0,6.00000000000000000E0));
#363=CARTESIAN_POINT('',(7.85670545770381090E-1,-4.96149585848614105E0,6.00000000000000000E0));
#364=CARTESIAN_POINT('',(3.93202756315165769E-1,-5.00000000000000000E0,6.00000000000000000E0));
#365=CARTESIAN_POINT('',(0.00000000000000000E0,-5.00000000000000000E0,6.00000000000000000E0));
#366=(BOUNDED_CURVE()B_SPLINE_CURVE(5,(#360,#361,#362,#363,#364,#365),.UNSPECIFIED.,.F.,.F.)B_SPLINE_CURVE_WITH_KNOTS((6,6),(0.00000000000000000E0,1.00000000000000000E0),.UNSPECIFIED.)CURVE()GEOMETRIC_REPRESENTATION_ITEM()RATIONAL_B_SPLINE_CURVE((1.00000000000000000E0,9.92314112161292172E-1,9.88471168241938147E-1,9.88471168241938258E-1,9.92314112161292172E-1,1.00000000000000000E0))REPRESENTATION_ITEM(''));
#367=CARTESIAN_POINT('',(0.00000000000000000E0,-5.00000000000000000E0,6.00000000000000000E0));
#368=CARTESIAN_POINT('',(0.00000000000000000E0,-2.00000000000000000E1,6.00000000000000000E0));
#369=B_SPLINE_CURVE_WITH_KNOTS('',1,(#367,#368),.UNSPECIFIED.,.F.,.F.,(2,2),(0.00000000000000000E0,1.00000000000000000E0),.UNSPECIFIED.);
#370=CARTESIAN_POINT('',(7.65366864730179675E0,-1.84775906502257357E1,0.00000000000000000E0));
#371=CARTESIAN_POINT('',(6.20058073255537678E0,-1.90794793718341396E1,0.00000000000000000E0));
#372=CARTESIAN_POINT('',(4.69126931302571037E0,-1.95379503018336997E1,0.00000000000000000E0));
#373=CARTESIAN_POINT('',(3.14268218308152436E0,-1.98459834339445642E1,0.00000000000000000E0));
#374=CARTESIAN_POINT('',(1.57281102526066308E0,-2.00000000000000000E1,0.00000000000000000E0));
#375=CARTESIAN_POINT('',(0.00000000000000000E0,-2.00000000000000000E1,0.00000000000000000E0));
#376=(BOUNDED_CURVE()B_SPLINE_CURVE(5,(#370,#371,#372,#373,#374,#375),.UNSPECIFIED.,.F.,.F.)B_SPLINE_CURVE_WITH_KNOTS((6,6),(0.00000000000000000E0,1.00000000000000000E0),.UNSPECIFIED.)CURVE()GEOMETRIC_REPRESENTATION_ITEM()RATIONAL_B_SPLINE_CURVE((1.00000000000000000E0,9.92314112161292172E-1,9.88471168241938147E-1,9.88471168241938258E-1,9.92314112161292172E-1,1.00000000000000000E0))REPRESENTATION_ITEM(''));
#377=CARTESIAN_POINT('',(0.00000000000000000E0,-2.00000000000000000E1,0.00000000000000000E0));
#378=CARTESIAN_POINT('',(0.00000000000000000E0,-2.00000000000000000E1,6.00000000000000000E0));
#379=B_SPLINE_CURVE_WITH_KNOTS('',1,(#377,#378),.UNSPECIFIED.,.F.,.F.,(2,2),(0.00000000000000000E0,1.00000000000000000E0),.UNSPECIFIED.);
#380=CARTESIAN_POINT('',(1.91341716182544919E0,-4.61939766255643391E0,0.00000000000000000E0));
#381=CARTESIAN_POINT('',(1.55014518313884420E0,-4.76986984295853489E0,0.00000000000000000E0));
#382=CARTESIAN_POINT('',(1.17281732825642759E0,-4.88448757545842493E0,0.00000000000000000E0));
#383=CARTESIAN_POINT('',(7.85670545770381090E-1,-4.96149585848614105E0,0.00000000000000000E0));
#384=CARTESIAN_POINT('',(3.93202756315165769E-1,-5.00000000000000000E0,0.00000000000000000E0));
#385=CARTESIAN_POINT('',(0.00000000000000000E0,-5.00000000000000000E0,0.00000000000000000E0));
#386=(BOUNDED_CURVE()B_SPLINE_CURVE(5,(#380,#381,#382,#383,#384,#385),.UNSPECIFIED.,.F.,.F.)B_SPLINE_CURVE_WITH_KNOTS((6,6),(0.00000000000000000E0,1.00000000000000000E0),.UNSPECIFIED.)CURVE()GEOMETRIC_REPRESENTATION_ITEM()RATIONAL_B_SPLINE_CURVE((1.00000000000000000E0,9.92314112161292172E-1,9.88471168241938147E-1,9.88471168241938258E-1,9.92314112161292172E-1,1.00000000000000000E0))REPRESENTATION_ITEM(''));
#387=CARTESIAN_POINT('',(0.00000000000000000E0,-5.00000000000000000E0,0.00000000000000000E0));
#388=CARTESIAN_POINT('',(0.00000000000000000E0,-5.00000000000000000E0,6.00000000000000000E0));
#389=B_SPLINE_CURVE_WITH_KNOTS('',1,(#387,#388),.UNSPECIFIED.,.F.,.F.,(2,2),(0.00000000000000000E0,1.00000000000000000E0),.UNSPECIFIED.);
#390=CARTESIAN_POINT('',(0.00000000000000000E0,-5.00000000000000000E0,0.00000000000000000E0));
#391=CARTESIAN_POINT('',(0.00000000000000000E0,-2.00000000000000000E1,0.00000000000000000E0));
#392=B_SPLINE_CURVE_WITH_KNOTS('',1,(#390,#391),.UNSPECIFIED.,.F.,.F.,(2,2),(0.00000000000000000E0,1.00000000000000000E0),.UNSPECIFIED.);
#393=CARTESIAN_POINT('',(0.00000000000000000E0,-5.00000000000000000E0,6.00000000000000000E0));
#394=CARTESIAN_POINT('',(-4.99999999999999911E0,-5.00000000000000000E0,6.00000000000000000E0));
#395=CARTESIAN_POINT('',(-5.00000000000000000E0,0.00000000000000000E0,6.00000000000000000E0));
#396=(BOUNDED_CURVE()B_SPLINE_CURVE(2,(#393,#394,#395),.UNSPECIFIED.,.F.,.F.)B_SPLINE_CURVE_WITH_KNOTS((3,3),(0.00000000000000000E0,1.00000000000000000E0),.UNSPECIFIED.)CURVE()GEOMETRIC_REPRESENTATION_ITEM()RATIONAL_B_SPLINE_CURVE((1.00000000000000000E0,7.07106781186547573E-1,1.00000000000000000E0))REPRESENTATION_ITEM(''));
#397=CARTESIAN_POINT('',(-5.00000000000000000E0,0.00000000000000000E0,6.00000000000000000E0));
#398=CARTESIAN_POINT('',(-2.00000000000000000E1,0.00000000000000000E0,6.00000000000000000E0));
#399=B_SPLINE_CURVE_WITH_KNOTS('',1,(#397,#398),.UNSPECIFIED.,.F.,.F.,(2,2),(0.00000000000000000E0,1.00000000000000000E0),.UNSPECIFIED.);
#400=CARTESIAN_POINT('',(-2.00000000000000000E1,0.00000000000000000E0,6.00000000000000000E0));
#401=CARTESIAN_POINT('',(-1.99999999999999964E1,-2.00000000000000000E1,6.00000000000000000E0));
#402=CARTESIAN_POINT('',(0.00000000000000000E0,-2.00000000000000000E1,6.00000000000000000E0));
#403=(BOUNDED_CURVE()B_SPLINE_CURVE(2,(#400,#401,#402),.UNSPECIFIED.,.F.,.F.)B_SPLINE_CURVE_WITH_KNOTS((3,3),(0.00000000000000000E0,1.00000000000000000E0),.UNSPECIFIED.)CURVE()GEOMETRIC_REPRESENTATION_ITEM()RATIONAL_B_SPLINE_CURVE((1.00000000000000000E0,7.07106781186547573E-1,1.00000000000000000E0))REPRESENTATION_ITEM(''));
#404=CARTESIAN_POINT('',(0.00000000000000000E0,-2.00000000000000000E1,0.00000000000000000E0));
#405=CARTESIAN_POINT('',(-1.99999999999999964E1,-2.00000000000000000E1,0.00000000000000000E0));
#406=CARTESIAN_POINT('',(-2.00000000000000000E1,0.00000000000000000E0,0.00000000000000000E0));
#407=(BOUNDED_CURVE()B_SPLINE_CURVE(2,(#404,#405,#406),.UNSPECIFIED.,.F.,.F.)B_SPLINE_CURVE_WITH_KNOTS((3,3),(0.00000000000000000E0,1.00000000000000000E0),.UNSPECIFIED.)CURVE()GEOMETRIC_REPRESENTATION_ITEM()RATIONAL_B_SPLINE_CURVE((1.00000000000000000E0,7.07106781186547573E-1,1.00000000000000000E0))REPRESENTATION_ITEM(''));
#408=CARTESIAN_POINT('',(-2.00000000000000000E1,0.00000000000000000E0,0.00000000000000000E0));
#409=CARTESIAN_POINT('',(-2.00000000000000000E1,0.00000000000000000E0,6.00000000000000000E0));
#410=B_SPLINE_CURVE_WITH_KNOTS('',1,(#408,#409),.UNSPECIFIED.,.F.,.F.,(2,2),(0.00000000000000000E0,1.00000000000000000E0),.UNSPECIFIED.);
#411=CARTESIAN_POINT('',(0.00000000000000000E0,-5.00000000000000000E0,0.00000000000000000E0));
#412=CARTESIAN_POINT('',(-4.99999999999999911E0,-5.00000000000000000E0,0.00000000000000000E0));
#413=CARTESIAN_POINT('',(-5.00000000000000000E0,0.00000000000000000E0,0.00000000000000000E0));
#414=(BOUNDED_CURVE()B_SPLINE_CURVE(2,(#411,#412,#413),.UNSPECIFIED.,.F.,.F.)B_SPLINE_CURVE_WITH_KNOTS((3,3),(0.00000000000000000E0,1.00000000000000000E0),.UNSPECIFIED.)CURVE()GEOMETRIC_REPRESENTATION_ITEM()RATIONAL_B_SPLINE_CURVE((1.00000000000000000E0,7.07106781186547573E-1,1.00000000000000000E0))REPRESENTATION_ITEM(''));
#415=CARTESIAN_POINT('',(-5.00000000000000000E0,0.00000000000000000E0,0.00000000000000000E0));
#416=CARTESIAN_POINT('',(-5.00000000000000000E0,0.00000000000000000E0,6.00000000000000000E0));
#417=B_SPLINE_CURVE_WITH_KNOTS('',1,(#415,#416),.UNSPECIFIED.,.F.,.F.,(2,2),(0.00000000000000000E0,1.00000000000000000E0),.UNSPECIFIED.);
#418=CARTESIAN_POINT('',(-5.00000000000000000E0,0.00000000000000000E0,0.00000000000000000E0));
#419=CARTESIAN_POINT('',(-2.00000000000000000E1,0.00000000000000000E0,0.00000000000000000E0));
#420=B_SPLINE_CURVE_WITH_KNOTS('',1,(#418,#419),.UNSPECIFIED.,.F.,.F.,(2,2),(0.00000000000000000E0,1.00000000000000000E0),.UNSPECIFIED.);
#421=CARTESIAN_POINT('',(-5.00000000000000000E0,0.00000000000000000E0,6.00000000000000000E0));
#422=CARTESIAN_POINT('',(-5.00000000000000089E0,4.99999999999999911E0,6.00000000000000000E0));
#423=CARTESIAN_POINT('',(0.00000000000000000E0,5.00000000000000000E0,6.00000000000000000E0));
#424=(BOUNDED_CURVE()B_SPLINE_CURVE(2,(#421,#422,#423),.UNSPECIFIED.,.F.,.F.)B_SPLINE_CURVE_WITH_KNOTS((3,3),(0.00000000000000000E0,1.00000000000000000E0),.UNSPECIFIED.)CURVE()GEOMETRIC_REPRESENTATION_ITEM()RATIONAL_B_SPLINE_CURVE((1.00000000000000000E0,7.07106781186547573E-1,1.00000000000000000E0))REPRESENTATION_ITEM(''));
#425=CARTESIAN_POINT('',(0.00000000000000000E0,5.00000000000000000E0,6.00000000000000000E0));
#426=CARTESIAN_POINT('',(0.00000000000000000E0,2.00000000000000000E1,6.00000000000000000E0));
#427=B_SPLINE_CURVE_WITH_KNOTS('',1,(#425,#426),.UNSPECIFIED.,.F.,.F.,(2,2),(0.00000000000000000E0,1.00000000000000000E0),.UNSPECIFIED.);
#428=CARTESIAN_POINT('',(0.00000000000000000E0,2.00000000000000000E1,6.00000000000000000E0));
#429=CARTESIAN_POINT('',(-2.00000000000000036E1,1.99999999999999964E1,6.00000000000000000E0));
#430=CARTESIAN_POINT('',(-2.00000000000000000E1,0.00000000000000000E0,6.00000000000000000E0));
#431=(BOUNDED_CURVE()B_SPLINE_CURVE(2,(#428,#429,#430),.UNSPECIFIED.,.F.,.F.)B_SPLINE_CURVE_WITH_KNOTS((3,3),(0.00000000000000000E0,1.00000000000000000E0),.UNSPECIFIED.)CURVE()GEOMETRIC_REPRESENTATION_ITEM()RATIONAL_B_SPLINE_CURVE((1.00000000000000000E0,7.07106781186547573E-1,1.00000000000000000E0))REPRESENTATION_ITEM(''));
#432=CARTESIAN_POINT('',(-2.00000000000000000E1,0.00000000000000000E0,0.00000000000000000E0));
#433=CARTESIAN_POINT('',(-2.00000000000000036E1,1.99999999999999964E1,0.00000000000000000E0));
#434=CARTESIAN_POINT('',(0.00000000000000000E0,2.00000000000000000E1,0.00000000000000000E0));
#435=(BOUNDED_CURVE()B_SPLINE_CURVE(2,(#432,#433,#434),.UNSPECIFIED.,.F.,.F.)B_SPLINE_CURVE_WITH_KNOTS((3,3),(0.00000000000000000E0,1.00000000000000000E0),.UNSPECIFIED.)CURVE()GEOMETRIC_REPRESENTATION_ITEM()RATIONAL_B_SPLINE_CURVE((1.00000000000000000E0,7.07106781186547573E-1,1.00000000000000000E0))REPRESENTATION_ITEM(''));
#436=CARTESIAN_POINT('',(0.00000000000000000E0,2.00000000000000000E1,0.00000000000000000E0));
#437=CARTESIAN_POINT('',(0.00000000000000000E0,2.00000000000000000E1,6.00000000000000000E0));
#438=B_SPLINE_CURVE_WITH_KNOTS('',1,(#436,#437),.UNSPECIFIED.,.F.,.F.,(2,2),(0.00000000000000000E0,1.00000000000000000E0),.UNSPECIFIED.);
#439=CARTESIAN_POINT('',(-5.00000000000000000E0,0.00000000000000000E0,0.00000000000000000E0));
#440=CARTESIAN_POINT('',(-5.00000000000000089E0,4.99999999999999911E0,0.00000000000000000E0));
#441=CARTESIAN_POINT('',(0.00000000000000000E0,5.00000000000000000E0,0.00000000000000000E0));
#442=(BOUNDED_CURVE()B_SPLINE_CURVE(2,(#439,#440,#441),.UNSPECIFIED.,.F.,.F.)B_SPLINE_CURVE_WITH_KNOTS((3,3),(0.00000000000000000E0,1.00000000000000000E0),.UNSPECIFIED.)CURVE()GEOMETRIC_REPRESENTATION_ITEM()RATIONAL_B_SPLINE_CURVE((1.00000000000000000E0,7.07106781186547573E-1,1.00000000000000000E0))REPRESENTATION_ITEM(''));
#443=CARTESIAN_POINT('',(0.00000000000000000E0,5.00000000000000000E0,0.00000000000000000E0));
#444=CARTESIAN_POINT('',(0.00000000000000000E0,5.00000000000000000E0,6.00000000000000000E0));
#445=B_SPLINE_CURVE_WITH_KNOTS('',1,(#443,#444),.UNSPECIFIED.,.F.,.F.,(2,2),(0.00000000000000000E0,1.00000000000000000E0),.UNSPECIFIED.);
#446=CARTESIAN_POINT('',(0.00000000000000000E0,5.00000000000000000E0,0.00000000000000000E0));
#447=CARTESIAN_POINT('',(0.00000000000000000E0,2.00000000000000000E1,0.00000000000000000E0));
#448=B_SPLINE_CURVE_WITH_KNOTS('',1,(#446,#447),.UNSPECIFIED.,.F.,.F.,(2,2),(0.00000000000000000E0,1.00000000000000000E0),.UNSPECIFIED.);
#449=CARTESIAN_POINT('',(0.00000000000000000E0,5.00000000000000000E0,6.00000000000000000E0));
#450=CARTESIAN_POINT('',(4.99999999999999822E0,5.00000000000000089E0,6.00000000000000000E0));
#451=CARTESIAN_POINT('',(5.00000000000000000E0,0.00000000000000000E0,6.00000000000000000E0));
#452=(BOUNDED_CURVE()B_SPLINE_CURVE(2,(#449,#450,#451),.UNSPECIFIED.,.F.,.F.)B_SPLINE_CURVE_WITH_KNOTS((3,3),(0.00000000000000000E0,1.00000000000000000E0),.UNSPECIFIED.)CURVE()GEOMETRIC_REPRESENTATION_ITEM()RATIONAL_B_SPLINE_CURVE((1.00000000000000000E0,7.07106781186547573E-1,1.00000000000000000E0))REPRESENTATION_ITEM(''));
#453=CARTESIAN_POINT('',(2.00000000000000000E1,0.00000000000000000E0,6.00000000000000000E0));
#454=CARTESIAN_POINT('',(1.99999999999999929E1,2.00000000000000036E1,6.00000000000000000E0));
#455=CARTESIAN_POINT('',(0.00000000000000000E0,2.00000000000000000E1,6.00000000000000000E0));
#456=(BOUNDED_CURVE()B_SPLINE_CURVE(2,(#453,#454,#455),.UNSPECIFIED.,.F.,.F.)B_SPLINE_CURVE_WITH_KNOTS((3,3),(0.00000000000000000E0,1.00000000000000000E0),.UNSPECIFIED.)CURVE()GEOMETRIC_REPRESENTATION_ITEM()RATIONAL_B_SPLINE_CURVE((1.00000000000000000E0,7.07106781186547573E-1,1.00000000000000000E0))REPRESENTATION_ITEM(''));
#457=CARTESIAN_POINT('',(0.00000000000000000E0,2.00000000000000000E1,0.00000000000000000E0));
#458=CARTESIAN_POINT('',(1.99999999999999929E1,2.00000000000000036E1,0.00000000000000000E0));
#459=CARTESIAN_POINT('',(2.00000000000000000E1,0.00000000000000000E0,0.00000000000000000E0));
#460=(BOUNDED_CURVE()B_SPLINE_CURVE(2,(#457,#458,#459),.UNSPECIFIED.,.F.,.F.)B_SPLINE_CURVE_WITH_KNOTS((3,3),(0.00000000000000000E0,1.00000000000000000E0),.UNSPECIFIED.)CURVE()GEOMETRIC_REPRESENTATION_ITEM()RATIONAL_B_SPLINE_CURVE((1.00000000000000000E0,7.07106781186547573E-1,1.00000000000000000E0))REPRESENTATION_ITEM(''));
#461=CARTESIAN_POINT('',(0.00000000000000000E0,5.00000000000000000E0,0.00000000000000000E0));
#462=CARTESIAN_POINT('',(4.99999999999999822E0,5.00000000000000089E0,0.00000000000000000E0));
#463=CARTESIAN_POINT('',(5.00000000000000000E0,0.00000000000000000E0,0.00000000000000000E0));
#464=(BOUNDED_CURVE()B_SPLINE_CURVE(2,(#461,#462,#463),.UNSPECIFIED.,.F.,.F.)B_SPLINE_CURVE_WITH_KNOTS((3,3),(0.00000000000000000E0,1.00000000000000000E0),.UNSPECIFIED.)CURVE()GEOMETRIC_REPRESENTATION_ITEM()RATIONAL_B_SPLINE_CURVE((1.00000000000000000E0,7.07106781186547573E-1,1.00000000000000000E0))REPRESENTATION_ITEM(''));
#465=(GEOMETRIC_REPRESENTATION_CONTEXT(2)REPRESENTATION_CONTEXT('','2D'));
#466=CARTESIAN_POINT('',(0.00000000000000000E0,0.00000000000000000E0));
#467=CARTESIAN_POINT('',(1.00000000000000000E0,0.00000000000000000E0));
#468=B_SPLINE_CURVE_WITH_KNOTS('',1,(#466,#467),.UNSPECIFIED.,.F.,.F.,(2,2),(0.00000000000000000E0,1.00000000000000000E0),.UNSPECIFIED.);
#469=DEFINITIONAL_REPRESENTATION('',(#468),#465);
#470=PCURVE('',#71,#469);
#471=CARTESIAN_POINT('',(1.00000000000000000E0,0.00000000000000000E0));
#472=CARTESIAN_POINT('',(1.00000000000000000E0,1.00000000000000000E0));
#473=B_SPLINE_CURVE_WITH_KNOTS('',1,(#471,#472),.UNSPECIFIED.,.F.,.F.,(2,2),(0.00000000000000000E0,1.00000000000000000E0),.UNSPECIFIED.);
#474=DEFINITIONAL_REPRESENTATION('',(#473),#465);
#475=PCURVE('',#71,#474);
#476=CARTESIAN_POINT('',(1.00000000000000000E0,1.00000000000000000E0));
#477=CARTESIAN_POINT('',(0.00000000000000000E0,1.00000000000000000E0));
#478=B_SPLINE_CURVE_WITH_KNOTS('',1,(#476,#477),.UNSPECIFIED.,.F.,.F.,(2,2),(0.00000000000000000E0,1.00000000000000000E0),.UNSPECIFIED.);
#479=DEFINITIONAL_REPRESENTATION('',(#478),#465);
#480=PCURVE('',#71,#479);
#481=CARTESIAN_POINT('',(0.00000000000000000E0,1.00000000000000000E0));
#482=CARTESIAN_POINT('',(0.00000000000000000E0,0.00000000000000000E0));
#483=B_SPLINE_CURVE_WITH_KNOTS('',1,(#481,#482),.UNSPECIFIED.,.F.,.F.,(2,2),(0.00000000000000000E0,1.00000000000000000E0),.UNSPECIFIED.);
#484=DEFINITIONAL_REPRESENTATION('',(#483),#465);
#485=PCURVE('',#71,#484);
#486=CARTESIAN_POINT('',(2.00000000000000000E1,0.00000000000000000E0));
#487=CARTESIAN_POINT('',(5.00000000000000000E0,0.00000000000000000E0));
#488=B_SPLINE_CURVE_WITH_KNOTS('',1,(#486,#487),.UNSPECIFIED.,.F.,.F.,(2,2),(0.00000000000000000E0,1.00000000000000000E0),.UNSPECIFIED.);
#489=DEFINITIONAL_REPRESENTATION('',(#488),#465);
#490=PCURVE('',#76,#489);
#491=CARTESIAN_POINT('',(5.00000000000000000E0,0.00000000000000000E0));
#492=CARTESIAN_POINT('',(5.00000000000000000E0,-3.93202756315165602E-1));
#493=CARTESIAN_POINT('',(4.96149585848614194E0,-7.85670545770380979E-1));
#494=CARTESIAN_POINT('',(4.88448757545842405E0,-1.17281732825642715E0));
#495=CARTESIAN_POINT('',(4.76986984295853489E0,-1.55014518313884397E0));
#496=CARTESIAN_POINT('',(4.61939766255643391E0,-1.91341716182544919E0));
#497=(BOUNDED_CURVE()B_SPLINE_CURVE(5,(#491,#492,#493,#494,#495,#496),.UNSPECIFIED.,.F.,.F.)B_SPLINE_CURVE_WITH_KNOTS((6,6),(0.00000000000000000E0,1.00000000000000000E0),.UNSPECIFIED.)CURVE()GEOMETRIC_REPRESENTATION_ITEM()RATIONAL_B_SPLINE_CURVE((1.00000000000000000E0,9.92314112161292172E-1,9.88471168241938147E-1,9.88471168241938258E-1,9.92314112161292172E-1,1.00000000000000000E0))REPRESENTATION_ITEM(''));
#498=DEFINITIONAL_REPRESENTATION('',(#497),#465);
#499=PCURVE('',#76,#498);
#500=CARTESIAN_POINT('',(4.61939766255643391E0,-1.91341716182544919E0));
#501=CARTESIAN_POINT('',(1.73227412345866263E1,-7.17531435684543339E0));
#502=B_SPLINE_CURVE_WITH_KNOTS('',1,(#500,#501),.UNSPECIFIED.,.F.,.F.,(2,2),(0.00000000000000000E0,1.00000000000000000E0),.UNSPECIFIED.);
#503=DEFINITIONAL_REPRESENTATION('',(#502),#465);
#504=PCURVE('',#76,#503);
#505=CARTESIAN_POINT('',(1.73227412345866263E1,-7.17531435684543339E0));
#506=CARTESIAN_POINT('',(1.78870119110945076E1,-5.81304443677066551E0));
#507=CARTESIAN_POINT('',(1.86673240378091876E1,-4.54324502439386890E0));
#508=CARTESIAN_POINT('',(1.94666096979690764E1,-3.14268218308152392E0));
#509=CARTESIAN_POINT('',(2.00000000000000000E1,-1.57281102526066241E0));
#510=CARTESIAN_POINT('',(2.00000000000000000E1,0.00000000000000000E0));
#511=(BOUNDED_CURVE()B_SPLINE_CURVE(5,(#505,#506,#507,#508,#509,#510),.UNSPECIFIED.,.F.,.F.)B_SPLINE_CURVE_WITH_KNOTS((6,6),(0.00000000000000000E0,1.00000000000000000E0),.UNSPECIFIED.)CURVE()GEOMETRIC_REPRESENTATION_ITEM()RATIONAL_B_SPLINE_CURVE((1.00000000000000000E0,9.92314112161292172E-1,9.88471168241938258E-1,9.88471168241938147E-1,9.92314112161292172E-1,1.00000000000000000E0))REPRESENTATION_ITEM(''));
#512=DEFINITIONAL_REPRESENTATION('',(#511),#465);
#513=PCURVE('',#76,#512);
#514=CARTESIAN_POINT('',(3.00000000000000000E0,0.00000000000000000E0));
#515=CARTESIAN_POINT('',(3.00000000000000000E0,1.00000000000000000E0));
#516=B_SPLINE_CURVE_WITH_KNOTS('',1,(#514,#515),.UNSPECIFIED.,.F.,.F.,(2,2),(0.00000000000000000E0,1.00000000000000000E0),.UNSPECIFIED.);
#517=DEFINITIONAL_REPRESENTATION('',(#516),#465);
#518=PCURVE('',#89,#517);
#519=CARTESIAN_POINT('',(3.00000000000000000E0,1.00000000000000000E0));
#520=CARTESIAN_POINT('',(0.00000000000000000E0,1.00000000000000000E0));
#521=B_SPLINE_CURVE_WITH_KNOTS('',1,(#519,#520),.UNSPECIFIED.,.F.,.F.,(2,2),(0.00000000000000000E0,1.00000000000000000E0),.UNSPECIFIED.);
#522=DEFINITIONAL_REPRESENTATION('',(#521),#465);
#523=PCURVE('',#89,#522);
#524=CARTESIAN_POINT('',(0.00000000000000000E0,1.00000000000000000E0));
#525=CARTESIAN_POINT('',(0.00000000000000000E0,0.00000000000000000E0));
#526=B_SPLINE_CURVE_WITH_KNOTS('',1,(#524,#525),.UNSPECIFIED.,.F.,.F.,(2,2),(0.00000000000000000E0,1.00000000000000000E0),.UNSPECIFIED.);
#527=DEFINITIONAL_REPRESENTATION('',(#526),#465);
#528=PCURVE('',#89,#527);
#529=CARTESIAN_POINT('',(0.00000000000000000E0,0.00000000000000000E0));
#530=CARTESIAN_POINT('',(3.00000000000000000E0,0.00000000000000000E0));
#531=B_SPLINE_CURVE_WITH_KNOTS('',1,(#529,#530),.UNSPECIFIED.,.F.,.F.,(2,2),(0.00000000000000000E0,1.00000000000000000E0),.UNSPECIFIED.);
#532=DEFINITIONAL_REPRESENTATION('',(#531),#465);
#533=PCURVE('',#89,#532);
#534=CARTESIAN_POINT('',(0.00000000000000000E0,0.00000000000000000E0));
#535=CARTESIAN_POINT('',(3.00000000000000000E0,0.00000000000000000E0));
#536=B_SPLINE_CURVE_WITH_KNOTS('',1,(#534,#535),.UNSPECIFIED.,.F.,.F.,(2,2),(0.00000000000000000E0,1.00000000000000000E0),.UNSPECIFIED.);
#537=DEFINITIONAL_REPRESENTATION('',(#536),#465);
#538=PCURVE('',#102,#537);
#539=CARTESIAN_POINT('',(3.00000000000000000E0,0.00000000000000000E0));
#540=CARTESIAN_POINT('',(3.00000000000000000E0,1.00000000000000000E0));
#541=B_SPLINE_CURVE_WITH_KNOTS('',1,(#539,#540),.UNSPECIFIED.,.F.,.F.,(2,2),(0.00000000000000000E0,1.00000000000000000E0),.UNSPECIFIED.);
#542=DEFINITIONAL_REPRESENTATION('',(#541),#465);
#543=PCURVE('',#102,#542);
#544=CARTESIAN_POINT('',(3.00000000000000000E0,1.00000000000000000E0));
#545=CARTESIAN_POINT('',(0.00000000000000000E0,1.00000000000000000E0));
#546=B_SPLINE_CURVE_WITH_KNOTS('',1,(#544,#545),.UNSPECIFIED.,.F.,.F.,(2,2),(0.00000000000000000E0,1.00000000000000000E0),.UNSPECIFIED.);
#547=DEFINITIONAL_REPRESENTATION('',(#546),#465);
#548=PCURVE('',#102,#547);
#549=CARTESIAN_POINT('',(0.00000000000000000E0,1.00000000000000000E0));
#550=CARTESIAN_POINT('',(0.00000000000000000E0,0.00000000000000000E0));
#551=B_SPLINE_CURVE_WITH_KNOTS('',1,(#549,#550),.UNSPECIFIED.,.F.,.F.,(2,2),(0.00000000000000000E0,1.00000000000000000E0),.UNSPECIFIED.);
#552=DEFINITIONAL_REPRESENTATION('',(#551),#465);
#553=PCURVE('',#102,#552);
#554=CARTESIAN_POINT('',(-2.00000000000000000E1,0.00000000000000000E0));
#555=CARTESIAN_POINT('',(-2.00000000000000000E1,-1.57281102526066241E0));
#556=CARTESIAN_POINT('',(-1.98459834339445678E1,-3.14268218308152392E0));
#557=CARTESIAN_POINT('',(-1.95379503018336962E1,-4.69126931302570860E0));
#558=CARTESIAN_POINT('',(-1.90794793718341396E1,-6.20058073255537590E0));
#559=CARTESIAN_POINT('',(-1.84775906502257357E1,-7.65366864730179586E0));
#560=(BOUNDED_CURVE()B_SPLINE_CURVE(5,(#554,#555,#556,#557,#558,#559),.UNSPECIFIED.,.F.,.F.)B_SPLINE_CURVE_WITH_KNOTS((6,6),(0.00000000000000000E0,1.00000000000000000E0),.UNSPECIFIED.)CURVE()GEOMETRIC_REPRESENTATION_ITEM()RATIONAL_B_SPLINE_CURVE((1.00000000000000000E0,9.92314112161292172E-1,9.88471168241938147E-1,9.88471168241938258E-1,9.92314112161292172E-1,1.00000000000000000E0))REPRESENTATION_ITEM(''));
#561=DEFINITIONAL_REPRESENTATION('',(#560),#465);
#562=PCURVE('',#107,#561);
#563=CARTESIAN_POINT('',(-1.84775906502257357E1,-7.65366864730179586E0));
#564=CARTESIAN_POINT('',(-4.61939766255643391E0,-1.91341716182544919E0));
#565=B_SPLINE_CURVE_WITH_KNOTS('',1,(#563,#564),.UNSPECIFIED.,.F.,.F.,(2,2),(0.00000000000000000E0,1.00000000000000000E0),.UNSPECIFIED.);
#566=DEFINITIONAL_REPRESENTATION('',(#565),#465);
#567=PCURVE('',#107,#566);
#568=CARTESIAN_POINT('',(-4.61939766255643391E0,-1.91341716182544919E0));
#569=CARTESIAN_POINT('',(-4.76986984295853489E0,-1.55014518313884397E0));
#570=CARTESIAN_POINT('',(-4.88448757545842405E0,-1.17281732825642715E0));
#571=CARTESIAN_POINT('',(-4.96149585848614194E0,-7.85670545770380979E-1));
#572=CARTESIAN_POINT('',(-5.00000000000000000E0,-3.93202756315165602E-1));
#573=CARTESIAN_POINT('',(-5.00000000000000000E0,0.00000000000000000E0));
#574=(BOUNDED_CURVE()B_SPLINE_CURVE(5,(#568,#569,#570,#571,#572,#573),.UNSPECIFIED.,.F.,.F.)B_SPLINE_CURVE_WITH_KNOTS((6,6),(0.00000000000000000E0,1.00000000000000000E0),.UNSPECIFIED.)CURVE()GEOMETRIC_REPRESENTATION_ITEM()RATIONAL_B_SPLINE_CURVE((1.00000000000000000E0,9.92314112161292172E-1,9.88471168241938258E-1,9.88471168241938147E-1,9.92314112161292172E-1,1.00000000000000000E0))REPRESENTATION_ITEM(''));
#575=DEFINITIONAL_REPRESENTATION('',(#574),#465);
#576=PCURVE('',#107,#575);
#577=CARTESIAN_POINT('',(-5.00000000000000000E0,0.00000000000000000E0));
#578=CARTESIAN_POINT('',(-2.00000000000000000E1,0.00000000000000000E0));
#579=B_SPLINE_CURVE_WITH_KNOTS('',1,(#577,#578),.UNSPECIFIED.,.F.,.F.,(2,2),(0.00000000000000000E0,1.00000000000000000E0),.UNSPECIFIED.);
#580=DEFINITIONAL_REPRESENTATION('',(#579),#465);
#581=PCURVE('',#107,#580);
#582=CARTESIAN_POINT('',(0.00000000000000000E0,0.00000000000000000E0));
#583=CARTESIAN_POINT('',(1.00000000000000000E0,0.00000000000000000E0));
#584=B_SPLINE_CURVE_WITH_KNOTS('',1,(#582,#583),.UNSPECIFIED.,.F.,.F.,(2,2),(0.00000000000000000E0,1.00000000000000000E0),.UNSPECIFIED.);
#585=DEFINITIONAL_REPRESENTATION('',(#584),#465);
#586=PCURVE('',#117,#585);
#587=CARTESIAN_POINT('',(1.00000000000000000E0,0.00000000000000000E0));
#588=CARTESIAN_POINT('',(1.00000000000000000E0,1.00000000000000000E0));
#589=B_SPLINE_CURVE_WITH_KNOTS('',1,(#587,#588),.UNSPECIFIED.,.F.,.F.,(2,2),(0.00000000000000000E0,1.00000000000000000E0),.UNSPECIFIED.);
#590=DEFINITIONAL_REPRESENTATION('',(#589),#465);
#591=PCURVE('',#117,#590);
#592=CARTESIAN_POINT('',(1.00000000000000000E0,1.00000000000000000E0));
#593=CARTESIAN_POINT('',(0.00000000000000000E0,1.00000000000000000E0));
#594=B_SPLINE_CURVE_WITH_KNOTS('',1,(#592,#593),.UNSPECIFIED.,.F.,.F.,(2,2),(0.00000000000000000E0,1.00000000000000000E0),.UNSPECIFIED.);
#595=DEFINITIONAL_REPRESENTATION('',(#594),#465);
#596=PCURVE('',#117,#595);
#597=CARTESIAN_POINT('',(0.00000000000000000E0,1.00000000000000000E0));
#598=CARTESIAN_POINT('',(0.00000000000000000E0,0.00000000000000000E0));
#599=B_SPLINE_CURVE_WITH_KNOTS('',1,(#597,#598),.UNSPECIFIED.,.F.,.F.,(2,2),(0.00000000000000000E0,1.00000000000000000E0),.UNSPECIFIED.);
#600=DEFINITIONAL_REPRESENTATION('',(#599),#465);
#601=PCURVE('',#117,#600);
#602=CARTESIAN_POINT('',(1.73227412345866263E1,-7.17531435684543339E0));
#603=CARTESIAN_POINT('',(4.61939766255643391E0,-1.91341716182544919E0));
#604=B_SPLINE_CURVE_WITH_KNOTS('',1,(#602,#603),.UNSPECIFIED.,.F.,.F.,(2,2),(0.00000000000000000E0,1.00000000000000000E0),.UNSPECIFIED.);
#605=DEFINITIONAL_REPRESENTATION('',(#604),#465);
#606=PCURVE('',#76,#605);
#607=CARTESIAN_POINT('',(4.61939766255643391E0,-1.91341716182544919E0));
#608=CARTESIAN_POINT('',(3.82683432365089837E0,-3.82683432365089704E0));
#609=CARTESIAN_POINT('',(1.91341716182544919E0,-4.61939766255643391E0));
#610=(BOUNDED_CURVE()B_SPLINE_CURVE(2,(#607,#608,#609),.UNSPECIFIED.,.F.,.F.)B_SPLINE_CURVE_WITH_KNOTS((3,3),(0.00000000000000000E0,1.00000000000000000E0),.UNSPECIFIED.)CURVE()GEOMETRIC_REPRESENTATION_ITEM()RATIONAL_B_SPLINE_CURVE((1.00000000000000000E0,9.23879532511286738E-1,1.00000000000000000E0))REPRESENTATION_ITEM(''));
#611=DEFINITIONAL_REPRESENTATION('',(#610),#465);
#612=PCURVE('',#76,#611);
#613=CARTESIAN_POINT('',(1.91341716182544919E0,-4.61939766255643391E0));
#614=CARTESIAN_POINT('',(7.17531435684543428E0,-1.73227412345866263E1));
#615=B_SPLINE_CURVE_WITH_KNOTS('',1,(#613,#614),.UNSPECIFIED.,.F.,.F.,(2,2),(0.00000000000000000E0,1.00000000000000000E0),.UNSPECIFIED.);
#616=DEFINITIONAL_REPRESENTATION('',(#615),#465);
#617=PCURVE('',#76,#616);
#618=CARTESIAN_POINT('',(7.17531435684543428E0,-1.73227412345866263E1));
#619=CARTESIAN_POINT('',(1.43506287136908668E1,-1.43506287136908650E1));
#620=CARTESIAN_POINT('',(1.73227412345866263E1,-7.17531435684543339E0));
#621=(BOUNDED_CURVE()B_SPLINE_CURVE(2,(#618,#619,#620),.UNSPECIFIED.,.F.,.F.)B_SPLINE_CURVE_WITH_KNOTS((3,3),(0.00000000000000000E0,1.00000000000000000E0),.UNSPECIFIED.)CURVE()GEOMETRIC_REPRESENTATION_ITEM()RATIONAL_B_SPLINE_CURVE((1.00000000000000000E0,9.23879532511286738E-1,1.00000000000000000E0))REPRESENTATION_ITEM(''));
#622=DEFINITIONAL_REPRESENTATION('',(#621),#465);
#623=PCURVE('',#76,#622);
#624=CARTESIAN_POINT('',(3.00000000000000000E0,0.00000000000000000E0));
#625=CARTESIAN_POINT('',(3.00000000000000000E0,1.00000000000000000E0));
#626=B_SPLINE_CURVE_WITH_KNOTS('',1,(#624,#625),.UNSPECIFIED.,.F.,.F.,(2,2),(0.00000000000000000E0,1.00000000000000000E0),.UNSPECIFIED.);
#627=DEFINITIONAL_REPRESENTATION('',(#626),#465);
#628=PCURVE('',#124,#627);
#629=CARTESIAN_POINT('',(3.00000000000000000E0,1.00000000000000000E0));
#630=CARTESIAN_POINT('',(0.00000000000000000E0,1.00000000000000000E0));
#631=B_SPLINE_CURVE_WITH_KNOTS('',1,(#629,#630),.UNSPECIFIED.,.F.,.F.,(2,2),(0.00000000000000000E0,1.00000000000000000E0),.UNSPECIFIED.);
#632=DEFINITIONAL_REPRESENTATION('',(#631),#465);
#633=PCURVE('',#124,#632);
#634=CARTESIAN_POINT('',(0.00000000000000000E0,1.00000000000000000E0));
#635=CARTESIAN_POINT('',(0.00000000000000000E0,0.00000000000000000E0));
#636=B_SPLINE_CURVE_WITH_KNOTS('',1,(#634,#635),.UNSPECIFIED.,.F.,.F.,(2,2),(0.00000000000000000E0,1.00000000000000000E0),.UNSPECIFIED.);
#637=DEFINITIONAL_REPRESENTATION('',(#636),#465);
#638=PCURVE('',#124,#637);
#639=CARTESIAN_POINT('',(0.00000000000000000E0,0.00000000000000000E0));
#640=CARTESIAN_POINT('',(3.00000000000000000E0,0.00000000000000000E0));
#641=B_SPLINE_CURVE_WITH_KNOTS('',1,(#639,#640),.UNSPECIFIED.,.F.,.F.,(2,2),(0.00000000000000000E0,1.00000000000000000E0),.UNSPECIFIED.);
#642=DEFINITIONAL_REPRESENTATION('',(#641),#465);
#643=PCURVE('',#124,#642);
#644=CARTESIAN_POINT('',(0.00000000000000000E0,0.00000000000000000E0));
#645=CARTESIAN_POINT('',(3.00000000000000000E0,0.00000000000000000E0));
#646=B_SPLINE_CURVE_WITH_KNOTS('',1,(#644,#645),.UNSPECIFIED.,.F.,.F.,(2,2),(0.00000000000000000E0,1.00000000000000000E0),.UNSPECIFIED.);
#647=DEFINITIONAL_REPRESENTATION('',(#646),#465);
#648=PCURVE('',#131,#647);
#649=CARTESIAN_POINT('',(3.00000000000000000E0,0.00000000000000000E0));
#650=CARTESIAN_POINT('',(3.00000000000000000E0,1.00000000000000000E0));
#651=B_SPLINE_CURVE_WITH_KNOTS('',1,(#649,#650),.UNSPECIFIED.,.F.,.F.,(2,2),(0.00000000000000000E0,1.00000000000000000E0),.UNSPECIFIED.);
#652=DEFINITIONAL_REPRESENTATION('',(#651),#465);
#653=PCURVE('',#131,#652);
#654=CARTESIAN_POINT('',(3.00000000000000000E0,1.00000000000000000E0));
#655=CARTESIAN_POINT('',(0.00000000000000000E0,1.00000000000000000E0));
#656=B_SPLINE_CURVE_WITH_KNOTS('',1,(#654,#655),.UNSPECIFIED.,.F.,.F.,(2,2),(0.00000000000000000E0,1.00000000000000000E0),.UNSPECIFIED.);
#657=DEFINITIONAL_REPRESENTATION('',(#656),#465);
#658=PCURVE('',#131,#657);
#659=CARTESIAN_POINT('',(0.00000000000000000E0,1.00000000000000000E0));
#660=CARTESIAN_POINT('',(0.00000000000000000E0,0.00000000000000000E0));
#661=B_SPLINE_CURVE_WITH_KNOTS('',1,(#659,#660),.UNSPECIFIED.,.F.,.F.,(2,2),(0.00000000000000000E0,1.00000000000000000E0),.UNSPECIFIED.);
#662=DEFINITIONAL_REPRESENTATION('',(#661),#465);
#663=PCURVE('',#131,#662);
#664=CARTESIAN_POINT('',(-1.84775906502257357E1,-7.65366864730179586E0));
#665=CARTESIAN_POINT('',(-1.53073372946035917E1,-1.53073372946035882E1));
#666=CARTESIAN_POINT('',(-7.65366864730179675E0,-1.84775906502257357E1));
#667=(BOUNDED_CURVE()B_SPLINE_CURVE(2,(#664,#665,#666),.UNSPECIFIED.,.F.,.F.)B_SPLINE_CURVE_WITH_KNOTS((3,3),(0.00000000000000000E0,1.00000000000000000E0),.UNSPECIFIED.)CURVE()GEOMETRIC_REPRESENTATION_ITEM()RATIONAL_B_SPLINE_CURVE((1.00000000000000000E0,9.23879532511286738E-1,1.00000000000000000E0))REPRESENTATION_ITEM(''));
#668=DEFINITIONAL_REPRESENTATION('',(#667),#465);
#669=PCURVE('',#107,#668);
#670=CARTESIAN_POINT('',(-7.65366864730179675E0,-1.84775906502257357E1));
#671=CARTESIAN_POINT('',(-1.91341716182544919E0,-4.61939766255643391E0));
#672=B_SPLINE_CURVE_WITH_KNOTS('',1,(#670,#671),.UNSPECIFIED.,.F.,.F.,(2,2),(0.00000000000000000E0,1.00000000000000000E0),.UNSPECIFIED.);
#673=DEFINITIONAL_REPRESENTATION('',(#672),#465);
#674=PCURVE('',#107,#673);
#675=CARTESIAN_POINT('',(-1.91341716182544919E0,-4.61939766255643391E0));
#676=CARTESIAN_POINT('',(-3.82683432365089837E0,-3.82683432365089704E0));
#677=CARTESIAN_POINT('',(-4.61939766255643391E0,-1.91341716182544919E0));
#678=(BOUNDED_CURVE()B_SPLINE_CURVE(2,(#675,#676,#677),.UNSPECIFIED.,.F.,.F.)B_SPLINE_CURVE_WITH_KNOTS((3,3),(0.00000000000000000E0,1.00000000000000000E0),.UNSPECIFIED.)CURVE()GEOMETRIC_REPRESENTATION_ITEM()RATIONAL_B_SPLINE_CURVE((1.00000000000000000E0,9.23879532511286738E-1,1.00000000000000000E0))REPRESENTATION_ITEM(''));
#679=DEFINITIONAL_REPRESENTATION('',(#678),#465);
#680=PCURVE('',#107,#679);
#681=CARTESIAN_POINT('',(-4.61939766255643391E0,-1.91341716182544919E0));
#682=CARTESIAN_POINT('',(-1.84775906502257357E1,-7.65366864730179586E0));
#683=B_SPLINE_CURVE_WITH_KNOTS('',1,(#681,#682),.UNSPECIFIED.,.F.,.F.,(2,2),(0.00000000000000000E0,1.00000000000000000E0),.UNSPECIFIED.);
#684=DEFINITIONAL_REPRESENTATION('',(#683),#465);
#685=PCURVE('',#107,#684);
#686=CARTESIAN_POINT('',(0.00000000000000000E0,0.00000000000000000E0));
#687=CARTESIAN_POINT('',(1.00000000000000000E0,0.00000000000000000E0));
#688=B_SPLINE_CURVE_WITH_KNOTS('',1,(#686,#687),.UNSPECIFIED.,.F.,.F.,(2,2),(0.00000000000000000E0,1.00000000000000000E0),.UNSPECIFIED.);
#689=DEFINITIONAL_REPRESENTATION('',(#688),#465);
#690=PCURVE('',#150,#689);
#691=CARTESIAN_POINT('',(1.00000000000000000E0,0.00000000000000000E0));
#692=CARTESIAN_POINT('',(1.00000000000000000E0,1.00000000000000000E0));
#693=B_SPLINE_CURVE_WITH_KNOTS('',1,(#691,#692),.UNSPECIFIED.,.F.,.F.,(2,2),(0.00000000000000000E0,1.00000000000000000E0),.UNSPECIFIED.);
#694=DEFINITIONAL_REPRESENTATION('',(#693),#465);
#695=PCURVE('',#150,#694);
#696=CARTESIAN_POINT('',(1.00000000000000000E0,1.00000000000000000E0));
#697=CARTESIAN_POINT('',(0.00000000000000000E0,1.00000000000000000E0));
#698=B_SPLINE_CURVE_WITH_KNOTS('',1,(#696,#697),.UNSPECIFIED.,.F.,.F.,(2,2),(0.00000000000000000E0,1.00000000000000000E0),.UNSPECIFIED.);
#699=DEFINITIONAL_REPRESENTATION('',(#698),#465);
#700=PCURVE('',#150,#699);
#701=CARTESIAN_POINT('',(0.00000000000000000E0,1.00000000000000000E0));
#702=CARTESIAN_POINT('',(0.00000000000000000E0,0.00000000000000000E0));
#703=B_SPLINE_CURVE_WITH_KNOTS('',1,(#701,#702),.UNSPECIFIED.,.F.,.F.,(2,2),(0.00000000000000000E0,1.00000000000000000E0),.UNSPECIFIED.);
#704=DEFINITIONAL_REPRESENTATION('',(#703),#465);
#705=PCURVE('',#150,#704);
#706=CARTESIAN_POINT('',(7.17531435684543428E0,-1.73227412345866263E1));
#707=CARTESIAN_POINT('',(1.91341716182544919E0,-4.61939766255643391E0));
#708=B_SPLINE_CURVE_WITH_KNOTS('',1,(#706,#707),.UNSPECIFIED.,.F.,.F.,(2,2),(0.00000000000000000E0,1.00000000000000000E0),.UNSPECIFIED.);
#709=DEFINITIONAL_REPRESENTATION('',(#708),#465);
#710=PCURVE('',#76,#709);
#711=CARTESIAN_POINT('',(1.91341716182544919E0,-4.61939766255643391E0));
#712=CARTESIAN_POINT('',(1.55014518313884420E0,-4.76986984295853489E0));
#713=CARTESIAN_POINT('',(1.17281732825642759E0,-4.88448757545842493E0));
#714=CARTESIAN_POINT('',(7.85670545770381090E-1,-4.96149585848614105E0));
#715=CARTESIAN_POINT('',(3.93202756315165769E-1,-5.00000000000000000E0));
#716=CARTESIAN_POINT('',(0.00000000000000000E0,-5.00000000000000000E0));
#717=(BOUNDED_CURVE()B_SPLINE_CURVE(5,(#711,#712,#713,#714,#715,#716),.UNSPECIFIED.,.F.,.F.)B_SPLINE_CURVE_WITH_KNOTS((6,6),(0.00000000000000000E0,1.00000000000000000E0),.UNSPECIFIED.)CURVE()GEOMETRIC_REPRESENTATION_ITEM()RATIONAL_B_SPLINE_CURVE((1.00000000000000000E0,9.92314112161292172E-1,9.88471168241938147E-1,9.88471168241938258E-1,9.92314112161292172E-1,1.00000000000000000E0))REPRESENTATION_ITEM(''));
#718=DEFINITIONAL_REPRESENTATION('',(#717),#465);
#719=PCURVE('',#76,#718);
#720=CARTESIAN_POINT('',(0.00000000000000000E0,-5.00000000000000000E0));
#721=CARTESIAN_POINT('',(0.00000000000000000E0,-2.00000000000000000E1));
#722=B_SPLINE_CURVE_WITH_KNOTS('',1,(#720,#721),.UNSPECIFIED.,.F.,.F.,(2,2),(0.00000000000000000E0,1.00000000000000000E0),.UNSPECIFIED.);
#723=DEFINITIONAL_REPRESENTATION('',(#722),#465);
#724=PCURVE('',#76,#723);
#725=CARTESIAN_POINT('',(0.00000000000000000E0,-2.00000000000000000E1));
#726=CARTESIAN_POINT('',(1.57281102526066308E0,-2.00000000000000000E1));
#727=CARTESIAN_POINT('',(3.14268218308152436E0,-1.94666096979690764E1));
#728=CARTESIAN_POINT('',(4.54324502439387157E0,-1.86673240378091876E1));
#729=CARTESIAN_POINT('',(5.81304443677066640E0,-1.78870119110945076E1));
#730=CARTESIAN_POINT('',(7.17531435684543428E0,-1.73227412345866263E1));
#731=(BOUNDED_CURVE()B_SPLINE_CURVE(5,(#725,#726,#727,#728,#729,#730),.UNSPECIFIED.,.F.,.F.)B_SPLINE_CURVE_WITH_KNOTS((6,6),(0.00000000000000000E0,1.00000000000000000E0),.UNSPECIFIED.)CURVE()GEOMETRIC_REPRESENTATION_ITEM()RATIONAL_B_SPLINE_CURVE((1.00000000000000000E0,9.92314112161292172E-1,9.88471168241938258E-1,9.88471168241938147E-1,9.92314112161292172E-1,1.00000000000000000E0))REPRESENTATION_ITEM(''));
#732=DEFINITIONAL_REPRESENTATION('',(#731),#465);
#733=PCURVE('',#76,#732);
#734=CARTESIAN_POINT('',(3.00000000000000000E0,0.00000000000000000E0));
#735=CARTESIAN_POINT('',(3.00000000000000000E0,1.00000000000000000E0));
#736=B_SPLINE_CURVE_WITH_KNOTS('',1,(#734,#735),.UNSPECIFIED.,.F.,.F.,(2,2),(0.00000000000000000E0,1.00000000000000000E0),.UNSPECIFIED.);
#737=DEFINITIONAL_REPRESENTATION('',(#736),#465);
#738=PCURVE('',#163,#737);
#739=CARTESIAN_POINT('',(3.00000000000000000E0,1.00000000000000000E0));
#740=CARTESIAN_POINT('',(0.00000000000000000E0,1.00000000000000000E0));
#741=B_SPLINE_CURVE_WITH_KNOTS('',1,(#739,#740),.UNSPECIFIED.,.F.,.F.,(2,2),(0.00000000000000000E0,1.00000000000000000E0),.UNSPECIFIED.);
#742=DEFINITIONAL_REPRESENTATION('',(#741),#465);
#743=PCURVE('',#163,#742);
#744=CARTESIAN_POINT('',(0.00000000000000000E0,1.00000000000000000E0));
#745=CARTESIAN_POINT('',(0.00000000000000000E0,0.00000000000000000E0));
#746=B_SPLINE_CURVE_WITH_KNOTS('',1,(#744,#745),.UNSPECIFIED.,.F.,.F.,(2,2),(0.00000000000000000E0,1.00000000000000000E0),.UNSPECIFIED.);
#747=DEFINITIONAL_REPRESENTATION('',(#746),#465);
#748=PCURVE('',#163,#747);
#749=CARTESIAN_POINT('',(0.00000000000000000E0,0.00000000000000000E0));
#750=CARTESIAN_POINT('',(3.00000000000000000E0,0.00000000000000000E0));
#751=B_SPLINE_CURVE_WITH_KNOTS('',1,(#749,#750),.UNSPECIFIED.,.F.,.F.,(2,2),(0.00000000000000000E0,1.00000000000000000E0),.UNSPECIFIED.);
#752=DEFINITIONAL_REPRESENTATION('',(#751),#465);
#753=PCURVE('',#163,#752);
#754=CARTESIAN_POINT('',(0.00000000000000000E0,0.00000000000000000E0));
#755=CARTESIAN_POINT('',(3.00000000000000000E0,0.00000000000000000E0));
#756=B_SPLINE_CURVE_WITH_KNOTS('',1,(#754,#755),.UNSPECIFIED.,.F.,.F.,(2,2),(0.00000000000000000E0,1.00000000000000000E0),.UNSPECIFIED.);
#757=DEFINITIONAL_REPRESENTATION('',(#756),#465);
#758=PCURVE('',#176,#757);
#759=CARTESIAN_POINT('',(3.00000000000000000E0,0.00000000000000000E0));
#760=CARTESIAN_POINT('',(3.00000000000000000E0,1.00000000000000000E0));
#761=B_SPLINE_CURVE_WITH_KNOTS('',1,(#759,#760),.UNSPECIFIED.,.F.,.F.,(2,2),(0.00000000000000000E0,1.00000000000000000E0),.UNSPECIFIED.);
#762=DEFINITIONAL_REPRESENTATION('',(#761),#465);
#763=PCURVE('',#176,#762);
#764=CARTESIAN_POINT('',(3.00000000000000000E0,1.00000000000000000E0));
#765=CARTESIAN_POINT('',(0.00000000000000000E0,1.00000000000000000E0));
#766=B_SPLINE_CURVE_WITH_KNOTS('',1,(#764,#765),.UNSPECIFIED.,.F.,.F.,(2,2),(0.00000000000000000E0,1.00000000000000000E0),.UNSPECIFIED.);
#767=DEFINITIONAL_REPRESENTATION('',(#766),#465);
#768=PCURVE('',#176,#767);
#769=CARTESIAN_POINT('',(0.00000000000000000E0,1.00000000000000000E0));
#770=CARTESIAN_POINT('',(0.00000000000000000E0,0.00000000000000000E0));
#771=B_SPLINE_CURVE_WITH_KNOTS('',1,(#769,#770),.UNSPECIFIED.,.F.,.F.,(2,2),(0.00000000000000000E0,1.00000000000000000E0),.UNSPECIFIED.);
#772=DEFINITIONAL_REPRESENTATION('',(#771),#465);
#773=PCURVE('',#176,#772);
#774=CARTESIAN_POINT('',(-7.65366864730179675E0,-1.84775906502257357E1));
#775=CARTESIAN_POINT('',(-6.20058073255537678E0,-1.90794793718341396E1));
#776=CARTESIAN_POINT('',(-4.69126931302571037E0,-1.95379503018336997E1));
#777=CARTESIAN_POINT('',(-3.14268218308152436E0,-1.98459834339445642E1));
#778=CARTESIAN_POINT('',(-1.57281102526066308E0,-2.00000000000000000E1));
#779=CARTESIAN_POINT('',(0.00000000000000000E0,-2.00000000000000000E1));
#780=(BOUNDED_CURVE()B_SPLINE_CURVE(5,(#774,#775,#776,#777,#778,#779),.UNSPECIFIED.,.F.,.F.)B_SPLINE_CURVE_WITH_KNOTS((6,6),(0.00000000000000000E0,1.00000000000000000E0),.UNSPECIFIED.)CURVE()GEOMETRIC_REPRESENTATION_ITEM()RATIONAL_B_SPLINE_CURVE((1.00000000000000000E0,9.92314112161292172E-1,9.88471168241938147E-1,9.88471168241938258E-1,9.92314112161292172E-1,1.00000000000000000E0))REPRESENTATION_ITEM(''));
#781=DEFINITIONAL_REPRESENTATION('',(#780),#465);
#782=PCURVE('',#107,#781);
#783=CARTESIAN_POINT('',(0.00000000000000000E0,-2.00000000000000000E1));
#784=CARTESIAN_POINT('',(0.00000000000000000E0,-5.00000000000000000E0));
#785=B_SPLINE_CURVE_WITH_KNOTS('',1,(#783,#784),.UNSPECIFIED.,.F.,.F.,(2,2),(0.00000000000000000E0,1.00000000000000000E0),.UNSPECIFIED.);
#786=DEFINITIONAL_REPRESENTATION('',(#785),#465);
#787=PCURVE('',#107,#786);
#788=CARTESIAN_POINT('',(0.00000000000000000E0,-5.00000000000000000E0));
#789=CARTESIAN_POINT('',(-3.93202756315165769E-1,-5.00000000000000000E0));
#790=CARTESIAN_POINT('',(-7.85670545770381090E-1,-4.96149585848614105E0));
#791=CARTESIAN_POINT('',(-1.17281732825642759E0,-4.88448757545842493E0));
#792=CARTESIAN_POINT('',(-1.55014518313884420E0,-4.76986984295853489E0));
#793=CARTESIAN_POINT('',(-1.91341716182544919E0,-4.61939766255643391E0));
#794=(BOUNDED_CURVE()B_SPLINE_CURVE(5,(#788,#789,#790,#791,#792,#793),.UNSPECIFIED.,.F.,.F.)B_SPLINE_CURVE_WITH_KNOTS((6,6),(0.00000000000000000E0,1.00000000000000000E0),.UNSPECIFIED.)CURVE()GEOMETRIC_REPRESENTATION_ITEM()RATIONAL_B_SPLINE_CURVE((1.00000000000000000E0,9.92314112161292172E-1,9.88471168241938258E-1,9.88471168241938147E-1,9.92314112161292172E-1,1.00000000000000000E0))REPRESENTATION_ITEM(''));
#795=DEFINITIONAL_REPRESENTATION('',(#794),#465);
#796=PCURVE('',#107,#795);
#797=CARTESIAN_POINT('',(-1.91341716182544919E0,-4.61939766255643391E0));
#798=CARTESIAN_POINT('',(-7.65366864730179675E0,-1.84775906502257357E1));
#799=B_SPLINE_CURVE_WITH_KNOTS('',1,(#797,#798),.UNSPECIFIED.,.F.,.F.,(2,2),(0.00000000000000000E0,1.00000000000000000E0),.UNSPECIFIED.);
#800=DEFINITIONAL_REPRESENTATION('',(#799),#465);
#801=PCURVE('',#107,#800);
#802=CARTESIAN_POINT('',(0.00000000000000000E0,-2.00000000000000000E1));
#803=CARTESIAN_POINT('',(0.00000000000000000E0,-5.00000000000000000E0));
#804=B_SPLINE_CURVE_WITH_KNOTS('',1,(#802,#803),.UNSPECIFIED.,.F.,.F.,(2,2),(0.00000000000000000E0,1.00000000000000000E0),.UNSPECIFIED.);
#805=DEFINITIONAL_REPRESENTATION('',(#804),#465);
#806=PCURVE('',#76,#805);
#807=CARTESIAN_POINT('',(0.00000000000000000E0,-5.00000000000000000E0));
#808=CARTESIAN_POINT('',(-4.99999999999999911E0,-5.00000000000000000E0));
#809=CARTESIAN_POINT('',(-5.00000000000000000E0,0.00000000000000000E0));
#810=(BOUNDED_CURVE()B_SPLINE_CURVE(2,(#807,#808,#809),.UNSPECIFIED.,.F.,.F.)B_SPLINE_CURVE_WITH_KNOTS((3,3),(0.00000000000000000E0,1.00000000000000000E0),.UNSPECIFIED.)CURVE()GEOMETRIC_REPRESENTATION_ITEM()RATIONAL_B_SPLINE_CURVE((1.00000000000000000E0,7.07106781186547573E-1,1.00000000000000000E0))REPRESENTATION_ITEM(''));
#811=DEFINITIONAL_REPRESENTATION('',(#810),#465);
#812=PCURVE('',#76,#811);
#813=CARTESIAN_POINT('',(-5.00000000000000000E0,0.00000000000000000E0));
#814=CARTESIAN_POINT('',(-2.00000000000000000E1,0.00000000000000000E0));
#815=B_SPLINE_CURVE_WITH_KNOTS('',1,(#813,#814),.UNSPECIFIED.,.F.,.F.,(2,2),(0.00000000000000000E0,1.00000000000000000E0),.UNSPECIFIED.);
#816=DEFINITIONAL_REPRESENTATION('',(#815),#465);
#817=PCURVE('',#76,#816);
#818=CARTESIAN_POINT('',(-2.00000000000000000E1,0.00000000000000000E0));
#819=CARTESIAN_POINT('',(-1.99999999999999964E1,-2.00000000000000000E1));
#820=CARTESIAN_POINT('',(0.00000000000000000E0,-2.00000000000000000E1));
#821=(BOUNDED_CURVE()B_SPLINE_CURVE(2,(#818,#819,#820),.UNSPECIFIED.,.F.,.F.)B_SPLINE_CURVE_WITH_KNOTS((3,3),(0.00000000000000000E0,1.00000000000000000E0),.UNSPECIFIED.)CURVE()GEOMETRIC_REPRESENTATION_ITEM()RATIONAL_B_SPLINE_CURVE((1.00000000000000000E0,7.07106781186547573E-1,1.00000000000000000E0))REPRESENTATION_ITEM(''));
#822=DEFINITIONAL_REPRESENTATION('',(#821),#465);
#823=PCURVE('',#76,#822);
#824=CARTESIAN_POINT('',(3.00000000000000000E0,0.00000000000000000E0));
#825=CARTESIAN_POINT('',(3.00000000000000000E0,1.00000000000000000E0));
#826=B_SPLINE_CURVE_WITH_KNOTS('',1,(#824,#825),.UNSPECIFIED.,.F.,.F.,(2,2),(0.00000000000000000E0,1.00000000000000000E0),.UNSPECIFIED.);
#827=DEFINITIONAL_REPRESENTATION('',(#826),#465);
#828=PCURVE('',#183,#827);
#829=CARTESIAN_POINT('',(3.00000000000000000E0,1.00000000000000000E0));
#830=CARTESIAN_POINT('',(0.00000000000000000E0,1.00000000000000000E0));
#831=B_SPLINE_CURVE_WITH_KNOTS('',1,(#829,#830),.UNSPECIFIED.,.F.,.F.,(2,2),(0.00000000000000000E0,1.00000000000000000E0),.UNSPECIFIED.);
#832=DEFINITIONAL_REPRESENTATION('',(#831),#465);
#833=PCURVE('',#183,#832);
#834=CARTESIAN_POINT('',(0.00000000000000000E0,1.00000000000000000E0));
#835=CARTESIAN_POINT('',(0.00000000000000000E0,0.00000000000000000E0));
#836=B_SPLINE_CURVE_WITH_KNOTS('',1,(#834,#835),.UNSPECIFIED.,.F.,.F.,(2,2),(0.00000000000000000E0,1.00000000000000000E0),.UNSPECIFIED.);
#837=DEFINITIONAL_REPRESENTATION('',(#836),#465);
#838=PCURVE('',#183,#837);
#839=CARTESIAN_POINT('',(0.00000000000000000E0,0.00000000000000000E0));
#840=CARTESIAN_POINT('',(3.00000000000000000E0,0.00000000000000000E0));
#841=B_SPLINE_CURVE_WITH_KNOTS('',1,(#839,#840),.UNSPECIFIED.,.F.,.F.,(2,2),(0.00000000000000000E0,1.00000000000000000E0),.UNSPECIFIED.);
#842=DEFINITIONAL_REPRESENTATION('',(#841),#465);
#843=PCURVE('',#183,#842);
#844=CARTESIAN_POINT('',(0.00000000000000000E0,0.00000000000000000E0));
#845=CARTESIAN_POINT('',(3.00000000000000000E0,0.00000000000000000E0));
#846=B_SPLINE_CURVE_WITH_KNOTS('',1,(#844,#845),.UNSPECIFIED.,.F.,.F.,(2,2),(0.00000000000000000E0,1.00000000000000000E0),.UNSPECIFIED.);
#847=DEFINITIONAL_REPRESENTATION('',(#846),#465);
#848=PCURVE('',#190,#847);
#849=CARTESIAN_POINT('',(3.00000000000000000E0,0.00000000000000000E0));
#850=CARTESIAN_POINT('',(3.00000000000000000E0,1.00000000000000000E0));
#851=B_SPLINE_CURVE_WITH_KNOTS('',1,(#849,#850),.UNSPECIFIED.,.F.,.F.,(2,2),(0.00000000000000000E0,1.00000000000000000E0),.UNSPECIFIED.);
#852=DEFINITIONAL_REPRESENTATION('',(#851),#465);
#853=PCURVE('',#190,#852);
#854=CARTESIAN_POINT('',(3.00000000000000000E0,1.00000000000000000E0));
#855=CARTESIAN_POINT('',(0.00000000000000000E0,1.00000000000000000E0));
#856=B_SPLINE_CURVE_WITH_KNOTS('',1,(#854,#855),.UNSPECIFIED.,.F.,.F.,(2,2),(0.00000000000000000E0,1.00000000000000000E0),.UNSPECIFIED.);
#857=DEFINITIONAL_REPRESENTATION('',(#856),#465);
#858=PCURVE('',#190,#857);
#859=CARTESIAN_POINT('',(0.00000000000000000E0,1.00000000000000000E0));
#860=CARTESIAN_POINT('',(0.00000000000000000E0,0.00000000000000000E0));
#861=B_SPLINE_CURVE_WITH_KNOTS('',1,(#859,#860),.UNSPECIFIED.,.F.,.F.,(2,2),(0.00000000000000000E0,1.00000000000000000E0),.UNSPECIFIED.);
#862=DEFINITIONAL_REPRESENTATION('',(#861),#465);
#863=PCURVE('',#190,#862);
#864=CARTESIAN_POINT('',(0.00000000000000000E0,-2.00000000000000000E1));
#865=CARTESIAN_POINT('',(1.99999999999999964E1,-2.00000000000000000E1));
#866=CARTESIAN_POINT('',(2.00000000000000000E1,0.00000000000000000E0));
#867=(BOUNDED_CURVE()B_SPLINE_CURVE(2,(#864,#865,#866),.UNSPECIFIED.,.F.,.F.)B_SPLINE_CURVE_WITH_KNOTS((3,3),(0.00000000000000000E0,1.00000000000000000E0),.UNSPECIFIED.)CURVE()GEOMETRIC_REPRESENTATION_ITEM()RATIONAL_B_SPLINE_CURVE((1.00000000000000000E0,7.07106781186547573E-1,1.00000000000000000E0))REPRESENTATION_ITEM(''));
#868=DEFINITIONAL_REPRESENTATION('',(#867),#465);
#869=PCURVE('',#107,#868);
#870=CARTESIAN_POINT('',(2.00000000000000000E1,0.00000000000000000E0));
#871=CARTESIAN_POINT('',(5.00000000000000000E0,0.00000000000000000E0));
#872=B_SPLINE_CURVE_WITH_KNOTS('',1,(#870,#871),.UNSPECIFIED.,.F.,.F.,(2,2),(0.00000000000000000E0,1.00000000000000000E0),.UNSPECIFIED.);
#873=DEFINITIONAL_REPRESENTATION('',(#872),#465);
#874=PCURVE('',#107,#873);
#875=CARTESIAN_POINT('',(5.00000000000000000E0,0.00000000000000000E0));
#876=CARTESIAN_POINT('',(4.99999999999999911E0,-5.00000000000000000E0));
#877=CARTESIAN_POINT('',(0.00000000000000000E0,-5.00000000000000000E0));
#878=(BOUNDED_CURVE()B_SPLINE_CURVE(2,(#875,#876,#877),.UNSPECIFIED.,.F.,.F.)B_SPLINE_CURVE_WITH_KNOTS((3,3),(0.00000000000000000E0,1.00000000000000000E0),.UNSPECIFIED.)CURVE()GEOMETRIC_REPRESENTATION_ITEM()RATIONAL_B_SPLINE_CURVE((1.00000000000000000E0,7.07106781186547573E-1,1.00000000000000000E0))REPRESENTATION_ITEM(''));
#879=DEFINITIONAL_REPRESENTATION('',(#878),#465);
#880=PCURVE('',#107,#879);
#881=CARTESIAN_POINT('',(0.00000000000000000E0,-5.00000000000000000E0));
#882=CARTESIAN_POINT('',(0.00000000000000000E0,-2.00000000000000000E1));
#883=B_SPLINE_CURVE_WITH_KNOTS('',1,(#881,#882),.UNSPECIFIED.,.F.,.F.,(2,2),(0.00000000000000000E0,1.00000000000000000E0),.UNSPECIFIED.);
#884=DEFINITIONAL_REPRESENTATION('',(#883),#465);
#885=PCURVE('',#107,#884);
#886=CARTESIAN_POINT('',(-2.00000000000000000E1,0.00000000000000000E0));
#887=CARTESIAN_POINT('',(-5.00000000000000000E0,0.00000000000000000E0));
#888=B_SPLINE_CURVE_WITH_KNOTS('',1,(#886,#887),.UNSPECIFIED.,.F.,.F.,(2,2),(0.00000000000000000E0,1.00000000000000000E0),.UNSPECIFIED.);
#889=DEFINITIONAL_REPRESENTATION('',(#888),#465);
#890=PCURVE('',#195,#889);
#891=CARTESIAN_POINT('',(-5.00000000000000000E0,0.00000000000000000E0));
#892=CARTESIAN_POINT('',(-5.00000000000000089E0,4.99999999999999911E0));
#893=CARTESIAN_POINT('',(0.00000000000000000E0,5.00000000000000000E0));
#894=(BOUNDED_CURVE()B_SPLINE_CURVE(2,(#891,#892,#893),.UNSPECIFIED.,.F.,.F.)B_SPLINE_CURVE_WITH_KNOTS((3,3),(0.00000000000000000E0,1.00000000000000000E0),.UNSPECIFIED.)CURVE()GEOMETRIC_REPRESENTATION_ITEM()RATIONAL_B_SPLINE_CURVE((1.00000000000000000E0,7.07106781186547573E-1,1.00000000000000000E0))REPRESENTATION_ITEM(''));
#895=DEFINITIONAL_REPRESENTATION('',(#894),#465);
#896=PCURVE('',#195,#895);
#897=CARTESIAN_POINT('',(0.00000000000000000E0,5.00000000000000000E0));
#898=CARTESIAN_POINT('',(0.00000000000000000E0,2.00000000000000000E1));
#899=B_SPLINE_CURVE_WITH_KNOTS('',1,(#897,#898),.UNSPECIFIED.,.F.,.F.,(2,2),(0.00000000000000000E0,1.00000000000000000E0),.UNSPECIFIED.);
#900=DEFINITIONAL_REPRESENTATION('',(#899),#465);
#901=PCURVE('',#195,#900);
#902=CARTESIAN_POINT('',(0.00000000000000000E0,2.00000000000000000E1));
#903=CARTESIAN_POINT('',(-2.00000000000000036E1,1.99999999999999964E1));
#904=CARTESIAN_POINT('',(-2.00000000000000000E1,0.00000000000000000E0));
#905=(BOUNDED_CURVE()B_SPLINE_CURVE(2,(#902,#903,#904),.UNSPECIFIED.,.F.,.F.)B_SPLINE_CURVE_WITH_KNOTS((3,3),(0.00000000000000000E0,1.00000000000000000E0),.UNSPECIFIED.)CURVE()GEOMETRIC_REPRESENTATION_ITEM()RATIONAL_B_SPLINE_CURVE((1.00000000000000000E0,7.07106781186547573E-1,1.00000000000000000E0))REPRESENTATION_ITEM(''));
#906=DEFINITIONAL_REPRESENTATION('',(#905),#465);
#907=PCURVE('',#195,#906);
#908=CARTESIAN_POINT('',(3.00000000000000000E0,0.00000000000000000E0));
#909=CARTESIAN_POINT('',(3.00000000000000000E0,1.00000000000000000E0));
#910=B_SPLINE_CURVE_WITH_KNOTS('',1,(#908,#909),.UNSPECIFIED.,.F.,.F.,(2,2),(0.00000000000000000E0,1.00000000000000000E0),.UNSPECIFIED.);
#911=DEFINITIONAL_REPRESENTATION('',(#910),#465);
#912=PCURVE('',#202,#911);
#913=CARTESIAN_POINT('',(3.00000000000000000E0,1.00000000000000000E0));
#914=CARTESIAN_POINT('',(0.00000000000000000E0,1.00000000000000000E0));
#915=B_SPLINE_CURVE_WITH_KNOTS('',1,(#913,#914),.UNSPECIFIED.,.F.,.F.,(2,2),(0.00000000000000000E0,1.00000000000000000E0),.UNSPECIFIED.);
#916=DEFINITIONAL_REPRESENTATION('',(#915),#465);
#917=PCURVE('',#202,#916);
#918=CARTESIAN_POINT('',(0.00000000000000000E0,1.00000000000000000E0));
#919=CARTESIAN_POINT('',(0.00000000000000000E0,0.00000000000000000E0));
#920=B_SPLINE_CURVE_WITH_KNOTS('',1,(#918,#919),.UNSPECIFIED.,.F.,.F.,(2,2),(0.00000000000000000E0,1.00000000000000000E0),.UNSPECIFIED.);
#921=DEFINITIONAL_REPRESENTATION('',(#920),#465);
#922=PCURVE('',#202,#921);
#923=CARTESIAN_POINT('',(0.00000000000000000E0,0.00000000000000000E0));
#924=CARTESIAN_POINT('',(3.00000000000000000E0,0.00000000000000000E0));
#925=B_SPLINE_CURVE_WITH_KNOTS('',1,(#923,#924),.UNSPECIFIED.,.F.,.F.,(2,2),(0.00000000000000000E0,1.00000000000000000E0),.UNSPECIFIED.);
#926=DEFINITIONAL_REPRESENTATION('',(#925),#465);
#927=PCURVE('',#202,#926);
#928=CARTESIAN_POINT('',(0.00000000000000000E0,0.00000000000000000E0));
#929=CARTESIAN_POINT('',(3.00000000000000000E0,0.00000000000000000E0));
#930=B_SPLINE_CURVE_WITH_KNOTS('',1,(#928,#929),.UNSPECIFIED.,.F.,.F.,(2,2),(0.00000000000000000E0,1.00000000000000000E0),.UNSPECIFIED.);
#931=DEFINITIONAL_REPRESENTATION('',(#930),#465);
#932=PCURVE('',#209,#931);
#933=CARTESIAN_POINT('',(3.00000000000000000E0,0.00000000000000000E0));
#934=CARTESIAN_POINT('',(3.00000000000000000E0,1.00000000000000000E0));
#935=B_SPLINE_CURVE_WITH_KNOTS('',1,(#933,#934),.UNSPECIFIED.,.F.,.F.,(2,2),(0.00000000000000000E0,1.00000000000000000E0),.UNSPECIFIED.);
#936=DEFINITIONAL_REPRESENTATION('',(#935),#465);
#937=PCURVE('',#209,#936);
#938=CARTESIAN_POINT('',(3.00000000000000000E0,1.00000000000000000E0));
#939=CARTESIAN_POINT('',(0.00000000000000000E0,1.00000000000000000E0));
#940=B_SPLINE_CURVE_WITH_KNOTS('',1,(#938,#939),.UNSPECIFIED.,.F.,.F.,(2,2),(0.00000000000000000E0,1.00000000000000000E0),.UNSPECIFIED.);
#941=DEFINITIONAL_REPRESENTATION('',(#940),#465);
#942=PCURVE('',#209,#941);
#943=CARTESIAN_POINT('',(0.00000000000000000E0,1.00000000000000000E0));
#944=CARTESIAN_POINT('',(0.00000000000000000E0,0.00000000000000000E0));
#945=B_SPLINE_CURVE_WITH_KNOTS('',1,(#943,#944),.UNSPECIFIED.,.F.,.F.,(2,2),(0.00000000000000000E0,1.00000000000000000E0),.UNSPECIFIED.);
#946=DEFINITIONAL_REPRESENTATION('',(#945),#465);
#947=PCURVE('',#209,#946);
#948=CARTESIAN_POINT('',(1.99999999999999964E1,0.00000000000000000E0));
#949=CARTESIAN_POINT('',(2.00000000000000000E1,1.99999999999999964E1));
#950=CARTESIAN_POINT('',(-3.55271367880050093E-15,2.00000000000000000E1));
#951=(BOUNDED_CURVE()B_SPLINE_CURVE(2,(#948,#949,#950),.UNSPECIFIED.,.F.,.F.)B_SPLINE_CURVE_WITH_KNOTS((3,3),(0.00000000000000000E0,1.00000000000000000E0),.UNSPECIFIED.)CURVE()GEOMETRIC_REPRESENTATION_ITEM()RATIONAL_B_SPLINE_CURVE((1.00000000000000000E0,7.07106781186547573E-1,1.00000000000000000E0))REPRESENTATION_ITEM(''));
#952=DEFINITIONAL_REPRESENTATION('',(#951),#465);
#953=PCURVE('',#214,#952);
#954=CARTESIAN_POINT('',(-3.55271367880050093E-15,2.00000000000000000E1));
#955=CARTESIAN_POINT('',(-3.55271367880050093E-15,5.00000000000000000E0));
#956=B_SPLINE_CURVE_WITH_KNOTS('',1,(#954,#955),.UNSPECIFIED.,.F.,.F.,(2,2),(0.00000000000000000E0,1.00000000000000000E0),.UNSPECIFIED.);
#957=DEFINITIONAL_REPRESENTATION('',(#956),#465);
#958=PCURVE('',#214,#957);
#959=CARTESIAN_POINT('',(-3.55271367880050093E-15,5.00000000000000000E0));
#960=CARTESIAN_POINT('',(4.99999999999999734E0,4.99999999999999911E0));
#961=CARTESIAN_POINT('',(4.99999999999999645E0,0.00000000000000000E0));
#962=(BOUNDED_CURVE()B_SPLINE_CURVE(2,(#959,#960,#961),.UNSPECIFIED.,.F.,.F.)B_SPLINE_CURVE_WITH_KNOTS((3,3),(0.00000000000000000E0,1.00000000000000000E0),.UNSPECIFIED.)CURVE()GEOMETRIC_REPRESENTATION_ITEM()RATIONAL_B_SPLINE_CURVE((1.00000000000000000E0,7.07106781186547573E-1,1.00000000000000000E0))REPRESENTATION_ITEM(''));
#963=DEFINITIONAL_REPRESENTATION('',(#962),#465);
#964=PCURVE('',#214,#963);
#965=CARTESIAN_POINT('',(4.99999999999999645E0,0.00000000000000000E0));
#966=CARTESIAN_POINT('',(1.99999999999999964E1,0.00000000000000000E0));
#967=B_SPLINE_CURVE_WITH_KNOTS('',1,(#965,#966),.UNSPECIFIED.,.F.,.F.,(2,2),(0.00000000000000000E0,1.00000000000000000E0),.UNSPECIFIED.);
#968=DEFINITIONAL_REPRESENTATION('',(#967),#465);
#969=PCURVE('',#214,#968);
#970=CARTESIAN_POINT('',(0.00000000000000000E0,2.00000000000000000E1));
#971=CARTESIAN_POINT('',(0.00000000000000000E0,5.00000000000000000E0));
#972=B_SPLINE_CURVE_WITH_KNOTS('',1,(#970,#971),.UNSPECIFIED.,.F.,.F.,(2,2),(0.00000000000000000E0,1.00000000000000000E0),.UNSPECIFIED.);
#973=DEFINITIONAL_REPRESENTATION('',(#972),#465);
#974=PCURVE('',#219,#973);
#975=CARTESIAN_POINT('',(0.00000000000000000E0,5.00000000000000000E0));
#976=CARTESIAN_POINT('',(4.99999999999999822E0,5.00000000000000089E0));
#977=CARTESIAN_POINT('',(5.00000000000000000E0,0.00000000000000000E0));
#978=(BOUNDED_CURVE()B_SPLINE_CURVE(2,(#975,#976,#977),.UNSPECIFIED.,.F.,.F.)B_SPLINE_CURVE_WITH_KNOTS((3,3),(0.00000000000000000E0,1.00000000000000000E0),.UNSPECIFIED.)CURVE()GEOMETRIC_REPRESENTATION_ITEM()RATIONAL_B_SPLINE_CURVE((1.00000000000000000E0,7.07106781186547573E-1,1.00000000000000000E0))REPRESENTATION_ITEM(''));
#979=DEFINITIONAL_REPRESENTATION('',(#978),#465);
#980=PCURVE('',#219,#979);
#981=CARTESIAN_POINT('',(5.00000000000000000E0,0.00000000000000000E0));
#982=CARTESIAN_POINT('',(2.00000000000000000E1,0.00000000000000000E0));
#983=B_SPLINE_CURVE_WITH_KNOTS('',1,(#981,#982),.UNSPECIFIED.,.F.,.F.,(2,2),(0.00000000000000000E0,1.00000000000000000E0),.UNSPECIFIED.);
#984=DEFINITIONAL_REPRESENTATION('',(#983),#465);
#985=PCURVE('',#219,#984);
#986=CARTESIAN_POINT('',(2.00000000000000000E1,0.00000000000000000E0));
#987=CARTESIAN_POINT('',(1.99999999999999929E1,2.00000000000000036E1));
#988=CARTESIAN_POINT('',(0.00000000000000000E0,2.00000000000000000E1));
#989=(BOUNDED_CURVE()B_SPLINE_CURVE(2,(#986,#987,#988),.UNSPECIFIED.,.F.,.F.)B_SPLINE_CURVE_WITH_KNOTS((3,3),(0.00000000000000000E0,1.00000000000000000E0),.UNSPECIFIED.)CURVE()GEOMETRIC_REPRESENTATION_ITEM()RATIONAL_B_SPLINE_CURVE((1.00000000000000000E0,7.07106781186547573E-1,1.00000000000000000E0))REPRESENTATION_ITEM(''));
#990=DEFINITIONAL_REPRESENTATION('',(#989),#465);
#991=PCURVE('',#219,#990);
#992=CARTESIAN_POINT('',(3.00000000000000000E0,0.00000000000000000E0));
#993=CARTESIAN_POINT('',(3.00000000000000000E0,1.00000000000000000E0));
#994=B_SPLINE_CURVE_WITH_KNOTS('',1,(#992,#993),.UNSPECIFIED.,.F.,.F.,(2,2),(0.00000000000000000E0,1.00000000000000000E0),.UNSPECIFIED.);
#995=DEFINITIONAL_REPRESENTATION('',(#994),#465);
#996=PCURVE('',#226,#995);
#997=CARTESIAN_POINT('',(3.00000000000000000E0,1.00000000000000000E0));
#998=CARTESIAN_POINT('',(0.00000000000000000E0,1.00000000000000000E0));
#999=B_SPLINE_CURVE_WITH_KNOTS('',1,(#997,#998),.UNSPECIFIED.,.F.,.F.,(2,2),(0.00000000000000000E0,1.00000000000000000E0),.UNSPECIFIED.);
#1000=DEFINITIONAL_REPRESENTATION('',(#999),#465);
#1001=PCURVE('',#226,#1000);
#1002=CARTESIAN_POINT('',(0.00000000000000000E0,1.00000000000000000E0));
#1003=CARTESIAN_POINT('',(0.00000000000000000E0,0.00000000000000000E0));
#1004=B_SPLINE_CURVE_WITH_KNOTS('',1,(#1002,#1003),.UNSPECIFIED.,.F.,.F.,(2,2),(0.00000000000000000E0,1.00000000000000000E0),.UNSPECIFIED.);
#1005=DEFINITIONAL_REPRESENTATION('',(#1004),#465);
#1006=PCURVE('',#226,#1005);
#1007=CARTESIAN_POINT('',(0.00000000000000000E0,0.00000000000000000E0));
#1008=CARTESIAN_POINT('',(3.00000000000000000E0,0.00000000000000000E0));
#1009=B_SPLINE_CURVE_WITH_KNOTS('',1,(#1007,#1008),.UNSPECIFIED.,.F.,.F.,(2,2),(0.00000000000000000E0,1.00000000000000000E0),.UNSPECIFIED.);
#1010=DEFINITIONAL_REPRESENTATION('',(#1009),#465);
#1011=PCURVE('',#226,#1010);
#1012=CARTESIAN_POINT('',(0.00000000000000000E0,0.00000000000000000E0));
#1013=CARTESIAN_POINT('',(3.00000000000000000E0,0.00000000000000000E0));
#1014=B_SPLINE_CURVE_WITH_KNOTS('',1,(#1012,#1013),.UNSPECIFIED.,.F.,.F.,(2,2),(0.00000000000000000E0,1.00000000000000000E0),.UNSPECIFIED.);
#1015=DEFINITIONAL_REPRESENTATION('',(#1014),#465);
#1016=PCURVE('',#233,#1015);
#1017=CARTESIAN_POINT('',(3.00000000000000000E0,0.00000000000000000E0));
#1018=CARTESIAN_POINT('',(3.00000000000000000E0,1.00000000000000000E0));
#1019=B_SPLINE_CURVE_WITH_KNOTS('',1,(#1017,#1018),.UNSPECIFIED.,.F.,.F.,(2,2),(0.00000000000000000E0,1.00000000000000000E0),.UNSPECIFIED.);
#1020=DEFINITIONAL_REPRESENTATION('',(#1019),#465);
#1021=PCURVE('',#233,#1020);
#1022=CARTESIAN_POINT('',(3.00000000000000000E0,1.00000000000000000E0));
#1023=CARTESIAN_POINT('',(0.00000000000000000E0,1.00000000000000000E0));
#1024=B_SPLINE_CURVE_WITH_KNOTS('',1,(#1022,#1023),.UNSPECIFIED.,.F.,.F.,(2,2),(0.00000000000000000E0,1.00000000000000000E0),.UNSPECIFIED.);
#1025=DEFINITIONAL_REPRESENTATION('',(#1024),#465);
#1026=PCURVE('',#233,#1025);
#1027=CARTESIAN_POINT('',(0.00000000000000000E0,1.00000000000000000E0));
#1028=CARTESIAN_POINT('',(0.00000000000000000E0,0.00000000000000000E0));
#1029=B_SPLINE_CURVE_WITH_KNOTS('',1,(#1027,#1028),.UNSPECIFIED.,.F.,.F.,(2,2),(0.00000000000000000E0,1.00000000000000000E0),.UNSPECIFIED.);
#1030=DEFINITIONAL_REPRESENTATION('',(#1029),#465);
#1031=PCURVE('',#233,#1030);
#1032=CARTESIAN_POINT('',(0.00000000000000000E0,2.00000000000000000E1));
#1033=CARTESIAN_POINT('',(-1.99999999999999929E1,2.00000000000000036E1));
#1034=CARTESIAN_POINT('',(-2.00000000000000000E1,0.00000000000000000E0));
#1035=(BOUNDED_CURVE()B_SPLINE_CURVE(2,(#1032,#1033,#1034),.UNSPECIFIED.,.F.,.F.)B_SPLINE_CURVE_WITH_KNOTS((3,3),(0.00000000000000000E0,1.00000000000000000E0),.UNSPECIFIED.)CURVE()GEOMETRIC_REPRESENTATION_ITEM()RATIONAL_B_SPLINE_CURVE((1.00000000000000000E0,7.07106781186547573E-1,1.00000000000000000E0))REPRESENTATION_ITEM(''));
#1036=DEFINITIONAL_REPRESENTATION('',(#1035),#465);
#1037=PCURVE('',#238,#1036);
#1038=CARTESIAN_POINT('',(-2.00000000000000000E1,0.00000000000000000E0));
#1039=CARTESIAN_POINT('',(-5.00000000000000000E0,0.00000000000000000E0));
#1040=B_SPLINE_CURVE_WITH_KNOTS('',1,(#1038,#1039),.UNSPECIFIED.,.F.,.F.,(2,2),(0.00000000000000000E0,1.00000000000000000E0),.UNSPECIFIED.);
#1041=DEFINITIONAL_REPRESENTATION('',(#1040),#465);
#1042=PCURVE('',#238,#1041);
#1043=CARTESIAN_POINT('',(-5.00000000000000000E0,0.00000000000000000E0));
#1044=CARTESIAN_POINT('',(-4.99999999999999822E0,5.00000000000000089E0));
#1045=CARTESIAN_POINT('',(0.00000000000000000E0,5.00000000000000000E0));
#1046=(BOUNDED_CURVE()B_SPLINE_CURVE(2,(#1043,#1044,#1045),.UNSPECIFIED.,.F.,.F.)B_SPLINE_CURVE_WITH_KNOTS((3,3),(0.00000000000000000E0,1.00000000000000000E0),.UNSPECIFIED.)CURVE()GEOMETRIC_REPRESENTATION_ITEM()RATIONAL_B_SPLINE_CURVE((1.00000000000000000E0,7.07106781186547573E-1,1.00000000000000000E0))REPRESENTATION_ITEM(''));
#1047=DEFINITIONAL_REPRESENTATION('',(#1046),#465);
#1048=PCURVE('',#238,#1047);
#1049=CARTESIAN_POINT('',(0.00000000000000000E0,5.00000000000000000E0));
#1050=CARTESIAN_POINT('',(0.00000000000000000E0,2.00000000000000000E1));
#1051=B_SPLINE_CURVE_WITH_KNOTS('',1,(#1049,#1050),.UNSPECIFIED.,.F.,.F.,(2,2),(0.00000000000000000E0,1.00000000000000000E0),.UNSPECIFIED.);
#1052=DEFINITIONAL_REPRESENTATION('',(#1051),#465);
#1053=PCURVE('',#238,#1052);
#1054=SURFACE_CURVE('',#245,(#470,#513),.PCURVE_S1.);
#1055=EDGE_CURVE('OSCAD_TOPO/3|edge|e:6a88cdae429c8066f44fa31c3d2320dc|e2bbbeaeb70f7f2179384ced1c5b9a2864084fc30c196c518b4ae7dd1183d153',#2,#4,#1054,.T.);
#1056=SURFACE_CURVE('',#249,(#475,#601),.PCURVE_S1.);
#1057=EDGE_CURVE('OSCAD_TOPO/3|edge|e:a7bc6cfccd4308dc455b4ad59ed21f6d|5d5eada2ae969f4b39948b3a2436abb65e7befea60762a09f348b04ee17afb2e',#4,#6,#1056,.T.);
#1058=SURFACE_CURVE('',#256,(#480,#523),.PCURVE_S1.);
#1059=EDGE_CURVE('OSCAD_TOPO/3|edge|e:d81b3e131cc968b5f615b5cd25512979|c3ada8644aadf2326dba49141606cf18c4c108326e6e65dc378d051aa18de677',#6,#2,#1058,.T.);
#1060=SURFACE_CURVE('',#260,(#485),.PCURVE_S1.);
#1061=EDGE_CURVE('OSCAD_TOPO/3|edge|e:570e3a16634165eee5e4636547a44e95|d4b19b0f7911619b7b26d13a3421573564302c8186424f3ad019a9bb4143fea1',#2,#2,#1060,.T.);
#1062=SURFACE_CURVE('',#263,(#490,#985),.PCURVE_S1.);
#1063=EDGE_CURVE('OSCAD_TOPO/3|edge|e:aa9fb1921fb3678f5a8e0e72104d81de|81868306fe122ef1fa66ef42516f3b13a09a7181a818a4db0ac7a6a8aa9f6cb8',#2,#8,#1062,.T.);
#1064=SURFACE_CURVE('',#270,(#499,#548),.PCURVE_S1.);
#1065=EDGE_CURVE('OSCAD_TOPO/3|edge|e:1b341b0306acd513baae5c4e9744d047|7f3cc3fad9a08dd19f0317fdbfee2cde2bbdf50929f6856fa1906b7a9e3126d7',#8,#10,#1064,.T.);
#1066=SURFACE_CURVE('',#273,(#504,#606),.PCURVE_S1.);
#1067=EDGE_CURVE('OSCAD_TOPO/3|edge|e:2ee918fff189986a825a5d0bd51ae913|cf3e71b8b7e76301cbddab6e2ab2e2a51aa1a9cba5e5dff4ee12e9bcd7ba07fb',#10,#4,#1066,.T.);
#1068=SURFACE_CURVE('',#280,(#533,#562),.PCURVE_S1.);
#1069=EDGE_CURVE('OSCAD_TOPO/3|edge|e:3b038d2534838b2fc691151efeab008f|c5f2d7eef13ce283bc42130cc6b7f7eab3d4715f89ae9a34e12bdd14508d68b8',#12,#14,#1068,.T.);
#1070=SURFACE_CURVE('',#283,(#528,#628),.PCURVE_S1.);
#1071=EDGE_CURVE('OSCAD_TOPO/3|edge|e:c259d643e5afdbef458ce213603f50db|9b762777fdf62a08d09cbd6920282857b68a62e2e40e1c7319e27fa02aee9b78',#14,#6,#1070,.T.);
#1072=SURFACE_CURVE('',#286,(#518,#1006),.PCURVE_S1.);
#1073=EDGE_CURVE('OSCAD_TOPO/3|edge|e:089f3fabb852fce729739fbca181edf9|3611fbe91aeb88873664544b088353d94d65ebb3b807b534b2df4d600ce13350',#2,#12,#1072,.T.);
#1074=SURFACE_CURVE('',#293,(#538,#576),.PCURVE_S1.);
#1075=EDGE_CURVE('OSCAD_TOPO/3|edge|e:1a9f79d82d977d5bc8d85729bceec518|3822b712cdab35bf47d132e0c6ecc89bb57c53ebb4e124a6a0690cda27a2583f',#16,#18,#1074,.T.);
#1076=SURFACE_CURVE('',#296,(#543,#663),.PCURVE_S1.);
#1077=EDGE_CURVE('OSCAD_TOPO/3|edge|e:157132eb15c0b92656a7f4c8471014c0|7366e0a0c0f41a43632b20c55b69a07b8fe20420e332a4568b1b7cb4cae29400',#18,#10,#1076,.T.);
#1078=SURFACE_CURVE('',#299,(#553,#1021),.PCURVE_S1.);
#1079=EDGE_CURVE('OSCAD_TOPO/3|edge|e:cec0d997197acdc44dc28263321b5b6d|cc89ec4eaca2aa0a6da9d423c51f2db0e41c64ed3eb46f4f6080cc5ffd5ff439',#8,#16,#1078,.T.);
#1080=SURFACE_CURVE('',#302,(#581,#1042),.PCURVE_S1.);
#1081=EDGE_CURVE('OSCAD_TOPO/3|edge|e:69082b4570f8289ad6bb7f6057a578e0|56cc4facd58919ce297bba95e45bcb1646aecf9a53efcfef16613015cc5fed3b',#12,#16,#1080,.T.);
#1082=SURFACE_CURVE('',#305,(#567,#685),.PCURVE_S1.);
#1083=EDGE_CURVE('OSCAD_TOPO/3|edge|e:7571a124d7781cb4a5f53885573aaf74|00f469012ebf4d97b52d00e5859832b85c6c39a94c7ecc2ae584a905bf2a8ad5',#18,#14,#1082,.T.);
#1084=SURFACE_CURVE('',#309,(#586,#623),.PCURVE_S1.);
#1085=EDGE_CURVE('OSCAD_TOPO/3|edge|e:5763d36cf925cf260e6bd6e94766298d|63e8bc07c81a8c63b9c5828be65ced9685209b61a08defd4337322a562e0c13d',#4,#20,#1084,.T.);
#1086=SURFACE_CURVE('',#313,(#591,#705),.PCURVE_S1.);
#1087=EDGE_CURVE('OSCAD_TOPO/3|edge|e:f960248d62afbbd9777956ea0778214e|5830d5f4634b00fb806bbbcb02ff4471ae5758452f717292f539e490d628149c',#20,#22,#1086,.T.);
#1088=SURFACE_CURVE('',#317,(#596,#633),.PCURVE_S1.);
#1089=EDGE_CURVE('OSCAD_TOPO/3|edge|e:576f55c58bba11ad2014568ba75c66de|2d79cc39240accaf96b3929add3ed3241d47136821cbc0aac175fb2518a67808',#22,#6,#1088,.T.);
#1090=SURFACE_CURVE('',#321,(#612,#658),.PCURVE_S1.);
#1091=EDGE_CURVE('OSCAD_TOPO/3|edge|e:8c2070337686b53284f5cb5928378d20|3c154c138758873bf91b2e2c7934e11c9db7aaca4b796ab4584bfc87054633e4',#10,#24,#1090,.T.);
#1092=SURFACE_CURVE('',#324,(#617,#710),.PCURVE_S1.);
#1093=EDGE_CURVE('OSCAD_TOPO/3|edge|e:5e7dc2d287394c33049f82002c42934e|377480d6fa911cab031ac98b31f5c4b29ce055f57b1838184b72304897e7cbf4',#24,#20,#1092,.T.);
#1094=SURFACE_CURVE('',#328,(#643,#669),.PCURVE_S1.);
#1095=EDGE_CURVE('OSCAD_TOPO/3|edge|e:534a35e72be6bfd95aab8f51c9cd9cb4|37faa424132e7a12da6fadb62ff6013e11ae0c28aa55c1d393fe75a75ffcfb93',#14,#26,#1094,.T.);
#1096=SURFACE_CURVE('',#331,(#638,#738),.PCURVE_S1.);
#1097=EDGE_CURVE('OSCAD_TOPO/3|edge|e:696830b2f879c0885a253e5cc833ce95|c7990c9364c6195e28257ccbce2dc4aa4576c9be1a0e06b2dca7558793fa569b',#26,#22,#1096,.T.);
#1098=SURFACE_CURVE('',#335,(#648,#680),.PCURVE_S1.);
#1099=EDGE_CURVE('OSCAD_TOPO/3|edge|e:7fc9b5ec04b3e36b38850a325906a582|e93023304d9b59c37953f79a15cb7d3e115c053b07d0af5e0cd57c30fc844444',#18,#28,#1098,.T.);
#1100=SURFACE_CURVE('',#338,(#653,#773),.PCURVE_S1.);
#1101=EDGE_CURVE('OSCAD_TOPO/3|edge|e:0a1876f1ed07bfd98428b228aff3d773|6902c9a3fdf137ed54c461d9290dad435443a560980930d1c67b0f23fceb2788',#28,#24,#1100,.T.);
#1102=SURFACE_CURVE('',#341,(#674,#801),.PCURVE_S1.);
#1103=EDGE_CURVE('OSCAD_TOPO/3|edge|e:a5861fca0e597ad38ca561e8134c9efe|300ea4f2b7d7f7a03b94094fd140d94ae2c02f075d21def0b4e9a8083daf49cd',#28,#26,#1102,.T.);
#1104=SURFACE_CURVE('',#348,(#690,#733),.PCURVE_S1.);
#1105=EDGE_CURVE('OSCAD_TOPO/3|edge|e:59c56d8b500859c43e3058f48cf2f405|397bf8361d133582911d80ac803a699293390bff6c3077254eae5171ff7c8809',#20,#30,#1104,.T.);
#1106=SURFACE_CURVE('',#352,(#695),.PCURVE_S1.);
#1107=EDGE_CURVE('OSCAD_TOPO/3|edge|e:209d48c4637d9e104e8cfbfc0a2e9e54|de8d93efeb22b3c58d0dcb2a08bc77e4d1310afa3739066810e7843608bff373',#30,#30,#1106,.T.);
#1108=SURFACE_CURVE('',#359,(#700,#743),.PCURVE_S1.);
#1109=EDGE_CURVE('OSCAD_TOPO/3|edge|e:fc28d25ec382958386b6028f8c1791bd|4899284f3038f56d155cc4e726f2ce83f7ec974eed1d82888bfc0d7dd4277431',#30,#22,#1108,.T.);
#1110=SURFACE_CURVE('',#366,(#719,#768),.PCURVE_S1.);
#1111=EDGE_CURVE('OSCAD_TOPO/3|edge|e:b6faba30aacfbb1cbe9ec1a40ccea324|a1113848968fddd71edaeed5c2bd95b337f9565020f88a8cc8996feb9058c156',#24,#32,#1110,.T.);
#1112=SURFACE_CURVE('',#369,(#724,#806),.PCURVE_S1.);
#1113=EDGE_CURVE('OSCAD_TOPO/3|edge|e:3f61b834de3755d767a1629a7629b89b|6a64e692e7a7822f65b8b75df90e0fe2143f17c8c643b798d3f256673212a550',#32,#30,#1112,.T.);
#1114=SURFACE_CURVE('',#376,(#753,#782),.PCURVE_S1.);
#1115=EDGE_CURVE('OSCAD_TOPO/3|edge|e:176e7225297cd5ea80886dc1a305c1c9|067666872908d384469b2fef8d0d5389c2ec454d35eb84b973e1d97007635cd3',#26,#34,#1114,.T.);
#1116=SURFACE_CURVE('',#379,(#748,#828),.PCURVE_S1.);
#1117=EDGE_CURVE('OSCAD_TOPO/3|edge|e:950a3e93bd0261e1f96f11043b5cb930|a4097dbeec1d41b69d4938ca2b3132568d2ffa7e63ec193974ae34078b0a525f',#34,#30,#1116,.T.);
#1118=SURFACE_CURVE('',#386,(#758,#796),.PCURVE_S1.);
#1119=EDGE_CURVE('OSCAD_TOPO/3|edge|e:30d19237d38716d691f076f2a7927209|b9532f9483be7cb7f783d3844156aa38a6d6d91e2e3110875426346d59350bb4',#28,#36,#1118,.T.);
#1120=SURFACE_CURVE('',#389,(#763,#863),.PCURVE_S1.);
#1121=EDGE_CURVE('OSCAD_TOPO/3|edge|e:7518569ee619f092937e0f3e71b168f8|ae1dc06cfdb74d3b8f9d7936947fd78a135fc1d02d6b200350eac70aefe3611c',#36,#32,#1120,.T.);
#1122=SURFACE_CURVE('',#392,(#787,#885),.PCURVE_S1.);
#1123=EDGE_CURVE('OSCAD_TOPO/3|edge|e:7ed91d8d97b558e2dde644fe032fb2cc|f5b2c734f4dbe19c75ca5ada71e3c80cb4abb1a9a46a9f7debf44efdf7fa95d8',#36,#34,#1122,.T.);
#1124=SURFACE_CURVE('',#396,(#812,#858),.PCURVE_S1.);
#1125=EDGE_CURVE('OSCAD_TOPO/3|edge|e:efc0b2884420bc181e998cd1d9cf92b0|11266a8f1c020042c6e843104daa58f1b6841fca13909011e89006aa9fd64c76',#32,#38,#1124,.T.);
#1126=SURFACE_CURVE('',#399,(#817,#890),.PCURVE_S1.);
#1127=EDGE_CURVE('OSCAD_TOPO/3|edge|e:cf9f5bddcf3461fff51604e2ad46b9ed|ea57c97822c3ac3ebbd56cdc61a9dadc6366c9a500c615e9b16a26b861a2e0a5',#38,#40,#1126,.T.);
#1128=SURFACE_CURVE('',#403,(#823,#833),.PCURVE_S1.);
#1129=EDGE_CURVE('OSCAD_TOPO/3|edge|e:2928ef6d3a03d16df94edcc387614d3b|52b897219752bc4ce4ecdf7108fa8adeeec62ef985e5a7ce195b57f3c7ced177',#40,#30,#1128,.T.);
#1130=SURFACE_CURVE('',#407,(#843,#869),.PCURVE_S1.);
#1131=EDGE_CURVE('OSCAD_TOPO/3|edge|e:cd2407103d0f6b08b83f46a35c948fa6|c3f968728f2641d47c7a96ce5eb5fc0998aebcedcf78d9dc7e0ed1d695553a53',#34,#42,#1130,.T.);
#1132=SURFACE_CURVE('',#410,(#838,#912),.PCURVE_S1.);
#1133=EDGE_CURVE('OSCAD_TOPO/3|edge|e:7c0bdd6b5f46ee0fde28061fd290ef74|72ca8b80e5b2f9be1c94645275890c91687323a8dd0be2977998f145bab9cca8',#42,#40,#1132,.T.);
#1134=SURFACE_CURVE('',#414,(#848,#880),.PCURVE_S1.);
#1135=EDGE_CURVE('OSCAD_TOPO/3|edge|e:a07490f882ae5dbfc132b1d66a6afcd0|edc710848286a3a00721a3a3011a480512c0b2518b7789aa52ee67b2c24a5a17',#36,#44,#1134,.T.);
#1136=SURFACE_CURVE('',#417,(#853,#947),.PCURVE_S1.);
#1137=EDGE_CURVE('OSCAD_TOPO/3|edge|e:053537c552ad7e1c1df56126168a38e7|29448b3dfc9a961fba1488790753f2cb0d5d40c95284d2d847ce8776b912f404',#44,#38,#1136,.T.);
#1138=SURFACE_CURVE('',#420,(#874,#969),.PCURVE_S1.);
#1139=EDGE_CURVE('OSCAD_TOPO/3|edge|e:958dd6059d9756b48ff46d8f7b6e0caa|3935970feacf8c713a1f72160d90aade119fc34adbf0a3e60fb10e83e80039e0',#44,#42,#1138,.T.);
#1140=SURFACE_CURVE('',#424,(#896,#942),.PCURVE_S1.);
#1141=EDGE_CURVE('OSCAD_TOPO/3|edge|e:952c45b3581d2ac2cdbfe75112a6d16d|3ebb01197e2176dafe7c18f4945ce2545ab674a5eaf38d15871322912d30cb8d',#38,#46,#1140,.T.);
#1142=SURFACE_CURVE('',#427,(#901,#974),.PCURVE_S1.);
#1143=EDGE_CURVE('OSCAD_TOPO/3|edge|e:a1d74ebd8906ea90f69bbdfba6fe11a6|ef13b0fd49981f83ccaf10ac4d10f6dd97c4ae5f768a7d166429415b57892ddb',#46,#48,#1142,.T.);
#1144=SURFACE_CURVE('',#431,(#907,#917),.PCURVE_S1.);
#1145=EDGE_CURVE('OSCAD_TOPO/3|edge|e:3965802af203f29beefad9092d25c09f|46ff6cdfeb93ee49f61e48ef4f196a27c84c3168ec63913e9fc9b0e2e7215af3',#48,#40,#1144,.T.);
#1146=SURFACE_CURVE('',#435,(#927,#953),.PCURVE_S1.);
#1147=EDGE_CURVE('OSCAD_TOPO/3|edge|e:7873934c70e4b5b1e6c5c78b8ada72f9|47755247157ebee631cbf8975d4fdc54d22351e8a8cddee088aef901ab4b0d26',#42,#50,#1146,.T.);
#1148=SURFACE_CURVE('',#438,(#922,#996),.PCURVE_S1.);
#1149=EDGE_CURVE('OSCAD_TOPO/3|edge|e:db49c6f41851f0ac80bda0a75e10c558|58d2a4c8dafb49e42663d4d626afc388388bc713dc3a0f70c4cf578816af3a4a',#50,#48,#1148,.T.);
#1150=SURFACE_CURVE('',#442,(#932,#964),.PCURVE_S1.);
#1151=EDGE_CURVE('OSCAD_TOPO/3|edge|e:f3074fd1ab2993448322d9d82ff8bb9a|dadc1f776f5d94c758b2af4ffe868ac095966dd3956177b21647960928b2ae11',#44,#52,#1150,.T.);
#1152=SURFACE_CURVE('',#445,(#937,#1031),.PCURVE_S1.);
#1153=EDGE_CURVE('OSCAD_TOPO/3|edge|e:6088b1dc4007af98ac8d4642e57ecc6d|dd60832342c187e0edae07e7e3df6eb26b53d6a8612e3c18421b4106d59570ed',#52,#46,#1152,.T.);
#1154=SURFACE_CURVE('',#448,(#958,#1053),.PCURVE_S1.);
#1155=EDGE_CURVE('OSCAD_TOPO/3|edge|e:95c293cd4f1e2bfc90fb052d231ef4e7|c7354124c878dea0a32424812a2f729d095497f3e506ead2455afb995b8f5c4a',#52,#50,#1154,.T.);
#1156=SURFACE_CURVE('',#452,(#980,#1026),.PCURVE_S1.);
#1157=EDGE_CURVE('OSCAD_TOPO/3|edge|e:7645207c96fe42eddd83e15e2c6bd8e3|81d42097154dafea53039850557f4425e4ea8dd9a6ada738aaf2dacfbca6156b',#46,#8,#1156,.T.);
#1158=SURFACE_CURVE('',#456,(#991,#1001),.PCURVE_S1.);
#1159=EDGE_CURVE('OSCAD_TOPO/3|edge|e:6f69d7272082658b9dfe53b5c1d32e9c|603048cf825507bf1334bc5a30bfb886a7c775a991843272a3314e03f4448724',#2,#48,#1158,.T.);
#1160=SURFACE_CURVE('',#460,(#1011,#1037),.PCURVE_S1.);
#1161=EDGE_CURVE('OSCAD_TOPO/3|edge|e:ecfd33f34687790bbfec090fcd5f93e0|7db3620f719931908dbfab8bff57a506f7496ba3c1eb9c7bba46843c123dac04',#50,#12,#1160,.T.);
#1162=SURFACE_CURVE('',#464,(#1016,#1048),.PCURVE_S1.);
#1163=EDGE_CURVE('OSCAD_TOPO/3|edge|e:362b702b665c896031f9cfd00b7a621b|f5c5b009cfb008e69f9cbb24deeec6b50895b2a7c4e666d186dae692ec314a97',#52,#16,#1162,.T.);
#1164=ORIENTED_EDGE('',*,*,#1055,.T.);
#1165=ORIENTED_EDGE('',*,*,#1057,.T.);
#1166=ORIENTED_EDGE('',*,*,#1059,.T.);
#1167=ORIENTED_EDGE('',*,*,#1061,.T.);
#1168=EDGE_LOOP('OSCAD_TOPO/3|loop|l:6af444210ebc3dd891f26a025b4b8eec|8f344caa71c135fb621891f7cd51e59cfb136a487e4f6d0993aeb3f8247bb3dc',(#1164,#1165,#1166,#1167));
#1169=ORIENTED_EDGE('',*,*,#1063,.T.);
#1170=ORIENTED_EDGE('',*,*,#1065,.T.);
#1171=ORIENTED_EDGE('',*,*,#1067,.T.);
#1172=ORIENTED_EDGE('',*,*,#1055,.F.);
#1173=EDGE_LOOP('OSCAD_TOPO/3|loop|l:409bec25f88e9c6bd46bbb685c7e1d76|af52caee276b43985985ed71b422c103e98e800c38e27263ce7c2ba1ea4732ea',(#1169,#1170,#1171,#1172));
#1174=ORIENTED_EDGE('',*,*,#1073,.F.);
#1175=ORIENTED_EDGE('',*,*,#1059,.F.);
#1176=ORIENTED_EDGE('',*,*,#1071,.F.);
#1177=ORIENTED_EDGE('',*,*,#1069,.F.);
#1178=EDGE_LOOP('OSCAD_TOPO/3|loop|l:58a97dbf5b9f1415c5142ada64e8ac68|da1184eab2db1d766c358b929098674c16ae0c07de097df87539227881effd80',(#1174,#1175,#1176,#1177));
#1179=ORIENTED_EDGE('',*,*,#1075,.T.);
#1180=ORIENTED_EDGE('',*,*,#1077,.T.);
#1181=ORIENTED_EDGE('',*,*,#1065,.F.);
#1182=ORIENTED_EDGE('',*,*,#1079,.T.);
#1183=EDGE_LOOP('OSCAD_TOPO/3|loop|l:46c1822b60b212613dffe9438bbb7c60|503bb2fc0be6d6dc3dbe7106539e7cb6184bb995ab7c0ebf2d7b87f0237e78ec',(#1179,#1180,#1181,#1182));
#1184=ORIENTED_EDGE('',*,*,#1069,.T.);
#1185=ORIENTED_EDGE('',*,*,#1083,.F.);
#1186=ORIENTED_EDGE('',*,*,#1075,.F.);
#1187=ORIENTED_EDGE('',*,*,#1081,.F.);
#1188=EDGE_LOOP('OSCAD_TOPO/3|loop|l:1839d506636458369c388e520987b59c|0f01a4d7954c296c12fe82040f3839dadd39faf64e55fb0cc20b14afa69fee89',(#1184,#1185,#1186,#1187));
#1189=ORIENTED_EDGE('',*,*,#1085,.T.);
#1190=ORIENTED_EDGE('',*,*,#1087,.T.);
#1191=ORIENTED_EDGE('',*,*,#1089,.T.);
#1192=ORIENTED_EDGE('',*,*,#1057,.F.);
#1193=EDGE_LOOP('OSCAD_TOPO/3|loop|l:c3e55e3b51d179212dda2511282ce9af|0bc40112804c5f1a9ca705e6bd04a7f9e8e1ae077c79521f42386bed2c771c76',(#1189,#1190,#1191,#1192));
#1194=ORIENTED_EDGE('',*,*,#1067,.F.);
#1195=ORIENTED_EDGE('',*,*,#1091,.T.);
#1196=ORIENTED_EDGE('',*,*,#1093,.T.);
#1197=ORIENTED_EDGE('',*,*,#1085,.F.);
#1198=EDGE_LOOP('OSCAD_TOPO/3|loop|l:974f6f3b2cb2ee8114e86e7fdd66d072|4b51ff2119a4f5b95f036b52a52c6ae364aeaea4d53c08375679a28a10644f83',(#1194,#1195,#1196,#1197));
#1199=ORIENTED_EDGE('',*,*,#1071,.T.);
#1200=ORIENTED_EDGE('',*,*,#1089,.F.);
#1201=ORIENTED_EDGE('',*,*,#1097,.F.);
#1202=ORIENTED_EDGE('',*,*,#1095,.F.);
#1203=EDGE_LOOP('OSCAD_TOPO/3|loop|l:467154f0f833c9fc409e2975b24232cb|200081150d16d7c7b9f025cca9ceff6a11203a5ca0fd1a50988ee6345d558afb',(#1199,#1200,#1201,#1202));
#1204=ORIENTED_EDGE('',*,*,#1099,.T.);
#1205=ORIENTED_EDGE('',*,*,#1101,.T.);
#1206=ORIENTED_EDGE('',*,*,#1091,.F.);
#1207=ORIENTED_EDGE('',*,*,#1077,.F.);
#1208=EDGE_LOOP('OSCAD_TOPO/3|loop|l:81a290f444d306466657cf90f90e2f1c|c9a1fdf4d37d61d079f8ecf4b6e7f3c0a80c4d30e840f3357a1d0cd6aa8e592a',(#1204,#1205,#1206,#1207));
#1209=ORIENTED_EDGE('',*,*,#1095,.T.);
#1210=ORIENTED_EDGE('',*,*,#1103,.F.);
#1211=ORIENTED_EDGE('',*,*,#1099,.F.);
#1212=ORIENTED_EDGE('',*,*,#1083,.T.);
#1213=EDGE_LOOP('OSCAD_TOPO/3|loop|l:edad473a419d7851b52433c2dd084af3|415788ca42e36be0cbea9d830cc8741247143c6d87cd40d077604d40f0f9878d',(#1209,#1210,#1211,#1212));
#1214=ORIENTED_EDGE('',*,*,#1105,.T.);
#1215=ORIENTED_EDGE('',*,*,#1107,.T.);
#1216=ORIENTED_EDGE('',*,*,#1109,.T.);
#1217=ORIENTED_EDGE('',*,*,#1087,.F.);
#1218=EDGE_LOOP('OSCAD_TOPO/3|loop|l:97ae7155778876c035c0d6e32f11a502|9c4feb2fa3f62fa149547ba802add1b423ba470b431174dec5394788f7f4f9c0',(#1214,#1215,#1216,#1217));
#1219=ORIENTED_EDGE('',*,*,#1093,.F.);
#1220=ORIENTED_EDGE('',*,*,#1111,.T.);
#1221=ORIENTED_EDGE('',*,*,#1113,.T.);
#1222=ORIENTED_EDGE('',*,*,#1105,.F.);
#1223=EDGE_LOOP('OSCAD_TOPO/3|loop|l:34c705635a2240452f410d86344fe982|18a08efd19e6feca2bb15612610d8202ff6617ede8e045bfba16a54c42939cc7',(#1219,#1220,#1221,#1222));
#1224=ORIENTED_EDGE('',*,*,#1097,.T.);
#1225=ORIENTED_EDGE('',*,*,#1109,.F.);
#1226=ORIENTED_EDGE('',*,*,#1117,.F.);
#1227=ORIENTED_EDGE('',*,*,#1115,.F.);
#1228=EDGE_LOOP('OSCAD_TOPO/3|loop|l:278338f1ad5f4936bd94b73463bbae46|1c151ec6be6cfa5dfb560dfd4a6afce30437a575961efced47e4fbc956196271',(#1224,#1225,#1226,#1227));
#1229=ORIENTED_EDGE('',*,*,#1119,.T.);
#1230=ORIENTED_EDGE('',*,*,#1121,.T.);
#1231=ORIENTED_EDGE('',*,*,#1111,.F.);
#1232=ORIENTED_EDGE('',*,*,#1101,.F.);
#1233=EDGE_LOOP('OSCAD_TOPO/3|loop|l:4c1cc062ab3bcd30ebd7967cd799407c|f01921c0303ad692a3f6342002346d747a99121863bd2aaedf0b8fba0686c877',(#1229,#1230,#1231,#1232));
#1234=ORIENTED_EDGE('',*,*,#1115,.T.);
#1235=ORIENTED_EDGE('',*,*,#1123,.F.);
#1236=ORIENTED_EDGE('',*,*,#1119,.F.);
#1237=ORIENTED_EDGE('',*,*,#1103,.T.);
#1238=EDGE_LOOP('OSCAD_TOPO/3|loop|l:5e678fa8adf3253676e651943c4c8b85|b309e20f1c14c91e29ce974ea96cd953926b1a6951f6fd7ebe5ac4175b11886c',(#1234,#1235,#1236,#1237));
#1239=ORIENTED_EDGE('',*,*,#1113,.F.);
#1240=ORIENTED_EDGE('',*,*,#1125,.T.);
#1241=ORIENTED_EDGE('',*,*,#1127,.T.);
#1242=ORIENTED_EDGE('',*,*,#1129,.T.);
#1243=EDGE_LOOP('OSCAD_TOPO/3|loop|l:4ef85ca8cccbee4e9cfa1c8b00b985eb|617ce0b35aa752c29e478075e94799ed6270190efe16e3adad4ea97678c584ce',(#1239,#1240,#1241,#1242));
#1244=ORIENTED_EDGE('',*,*,#1117,.T.);
#1245=ORIENTED_EDGE('',*,*,#1129,.F.);
#1246=ORIENTED_EDGE('',*,*,#1133,.F.);
#1247=ORIENTED_EDGE('',*,*,#1131,.F.);
#1248=EDGE_LOOP('OSCAD_TOPO/3|loop|l:637eefa9d2e47e39993f8581188280ef|6d707962aa8d245adb62c52590116bd46510d5ab95a79c9f8beb4bb245fdbdde',(#1244,#1245,#1246,#1247));
#1249=ORIENTED_EDGE('',*,*,#1135,.T.);
#1250=ORIENTED_EDGE('',*,*,#1137,.T.);
#1251=ORIENTED_EDGE('',*,*,#1125,.F.);
#1252=ORIENTED_EDGE('',*,*,#1121,.F.);
#1253=EDGE_LOOP('OSCAD_TOPO/3|loop|l:71d33ce82d9198be72e7074cc6f7f8f2|ab719410aa98a5f14ac4b1145966721c69e7ccb6e568dd67f7ec2d83398dfb25',(#1249,#1250,#1251,#1252));
#1254=ORIENTED_EDGE('',*,*,#1131,.T.);
#1255=ORIENTED_EDGE('',*,*,#1139,.F.);
#1256=ORIENTED_EDGE('',*,*,#1135,.F.);
#1257=ORIENTED_EDGE('',*,*,#1123,.T.);
#1258=EDGE_LOOP('OSCAD_TOPO/3|loop|l:ef6e155850b2617e3d2ec9e8dec309e2|2c65ecb77099638f3c9ca2f84c22bdc854ad01d5d067a3434e9367bbc7413e83',(#1254,#1255,#1256,#1257));
#1259=ORIENTED_EDGE('',*,*,#1127,.F.);
#1260=ORIENTED_EDGE('',*,*,#1141,.T.);
#1261=ORIENTED_EDGE('',*,*,#1143,.T.);
#1262=ORIENTED_EDGE('',*,*,#1145,.T.);
#1263=EDGE_LOOP('OSCAD_TOPO/3|loop|l:d288815629f36481ef8fd38676f3cf86|248fb173c8c6e46a04432388d72240b7314f1bb0dc461615e5c774d8e318be02',(#1259,#1260,#1261,#1262));
#1264=ORIENTED_EDGE('',*,*,#1133,.T.);
#1265=ORIENTED_EDGE('',*,*,#1145,.F.);
#1266=ORIENTED_EDGE('',*,*,#1149,.F.);
#1267=ORIENTED_EDGE('',*,*,#1147,.F.);
#1268=EDGE_LOOP('OSCAD_TOPO/3|loop|l:40d9aa6022cfc3730bc20ceaa1c91a14|3416a2958252a8a49dd3d556e555633df42842a32af09729d93c9aa3f4cecdda',(#1264,#1265,#1266,#1267));
#1269=ORIENTED_EDGE('',*,*,#1151,.T.);
#1270=ORIENTED_EDGE('',*,*,#1153,.T.);
#1271=ORIENTED_EDGE('',*,*,#1141,.F.);
#1272=ORIENTED_EDGE('',*,*,#1137,.F.);
#1273=EDGE_LOOP('OSCAD_TOPO/3|loop|l:1ec5e1cefdd0fc88baf1f11244b81edb|1af32530641daab787b8bd2e8c612da6949a15a1e30912bf45355749f197de4e',(#1269,#1270,#1271,#1272));
#1274=ORIENTED_EDGE('',*,*,#1147,.T.);
#1275=ORIENTED_EDGE('',*,*,#1155,.F.);
#1276=ORIENTED_EDGE('',*,*,#1151,.F.);
#1277=ORIENTED_EDGE('',*,*,#1139,.T.);
#1278=EDGE_LOOP('OSCAD_TOPO/3|loop|l:36554055efdd976e74057e2e48c9b522|9d72982c2131b0cc56d73b825066384a76fa7348c6efa961e8a59e57f81fb65a',(#1274,#1275,#1276,#1277));
#1279=ORIENTED_EDGE('',*,*,#1143,.F.);
#1280=ORIENTED_EDGE('',*,*,#1157,.T.);
#1281=ORIENTED_EDGE('',*,*,#1063,.F.);
#1282=ORIENTED_EDGE('',*,*,#1159,.T.);
#1283=EDGE_LOOP('OSCAD_TOPO/3|loop|l:ee83fcedbef50941c4db3114ea8124b5|405d5b773c3dc30982c9ec86a6f5ff8ecbc10dce32e11d032e03cc37e22aca4d',(#1279,#1280,#1281,#1282));
#1284=ORIENTED_EDGE('',*,*,#1149,.T.);
#1285=ORIENTED_EDGE('',*,*,#1159,.F.);
#1286=ORIENTED_EDGE('',*,*,#1073,.T.);
#1287=ORIENTED_EDGE('',*,*,#1161,.F.);
#1288=EDGE_LOOP('OSCAD_TOPO/3|loop|l:30e9922ace04f50b422e34f8c60679b7|c9799f3038838d37d9bccc1815e7da4af6eb496a336db86fd539cd6865830243',(#1284,#1285,#1286,#1287));
#1289=ORIENTED_EDGE('',*,*,#1163,.T.);
#1290=ORIENTED_EDGE('',*,*,#1079,.F.);
#1291=ORIENTED_EDGE('',*,*,#1157,.F.);
#1292=ORIENTED_EDGE('',*,*,#1153,.F.);
#1293=EDGE_LOOP('OSCAD_TOPO/3|loop|l:4e71346040946cdd31ca77b6ff18a446|c6a5cf495222d8784330ec85ee9c4dcfa82cfebdc3bf60450b6d801683ef1d91',(#1289,#1290,#1291,#1292));
#1294=ORIENTED_EDGE('',*,*,#1161,.T.);
#1295=ORIENTED_EDGE('',*,*,#1081,.T.);
#1296=ORIENTED_EDGE('',*,*,#1163,.F.);
#1297=ORIENTED_EDGE('',*,*,#1155,.T.);
#1298=EDGE_LOOP('OSCAD_TOPO/3|loop|l:6b25182c423db3cde673ab58898c3f1e|21bf064b99402b28bcbf37805c6e45a6e94b2208df618a851694099c0cf8d517',(#1294,#1295,#1296,#1297));
#1299=FACE_OUTER_BOUND('',#1168,.T.);
#1300=ADVANCED_FACE('OSCAD_TOPO/3|face|f:16bc8eabb4d134d0fdbeac854abe462c|18382a3103ddcaf2f3ece07b0e57f6c2c0ea10f950ae4c9f6278591e5ea4a284',(#1299),#71,.T.);
#1301=FACE_OUTER_BOUND('',#1173,.T.);
#1302=ADVANCED_FACE('OSCAD_TOPO/3|face|f:4777e23958b7efb66b22ea3aca8763e4|1f261cb810d1e92172c3a058fccf68ffe5b3d40df209754b0008d01ed237aa35',(#1301),#76,.T.);
#1303=FACE_OUTER_BOUND('',#1178,.T.);
#1304=ADVANCED_FACE('OSCAD_TOPO/3|face|f:f224ce31e4a42ebbe9c1f1c938edef29|47b0bbe7d0af2c294b5bcfc8c3dbb2cf84e2e7664540dce529ca08c887fc15bd',(#1303),#89,.T.);
#1305=FACE_OUTER_BOUND('',#1183,.T.);
#1306=ADVANCED_FACE('OSCAD_TOPO/3|face|f:1895d5d7100b1cdf46f1e766fdfd928b|a3b12b29a02c82c06a9ac86de0597fcf8195a3b109d0d51fe1de50f04838fabb',(#1305),#102,.T.);
#1307=FACE_OUTER_BOUND('',#1188,.T.);
#1308=ADVANCED_FACE('OSCAD_TOPO/3|face|f:c6e33bbb89715b7700438c74c8feb53a|ba541e56861b056c87c0069c726513fa4f8d0d1c2c42ca7a5b5d747a7dfca054',(#1307),#107,.T.);
#1309=FACE_OUTER_BOUND('',#1193,.T.);
#1310=ADVANCED_FACE('OSCAD_TOPO/3|face|f:b82dc0c1d5af53dba7339bb0bbc529d2|636c846d728f248f7d07189dfedfe9f6930f146d5199f8b04ee5e4c5044f008d',(#1309),#117,.T.);
#1311=FACE_OUTER_BOUND('',#1198,.T.);
#1312=ADVANCED_FACE('OSCAD_TOPO/3|face|f:ddcbe571d68c8e3bdbbc24714c79c097|db54bff8599d535115c346648a5c2eb696b5731089dbffeeafb44f6fb374373c',(#1311),#76,.T.);
#1313=FACE_OUTER_BOUND('',#1203,.T.);
#1314=ADVANCED_FACE('OSCAD_TOPO/3|face|f:8728e79782412a0ffd60593e834b6e14|7892ece4484773e39943f6c02cdc49b9a6105a985d69a92193f9665ecb6ca582',(#1313),#124,.T.);
#1315=FACE_OUTER_BOUND('',#1208,.T.);
#1316=ADVANCED_FACE('OSCAD_TOPO/3|face|f:b3cd345cf12dd13fed202ea46a7f771d|f4c91f89f96ef6dcd4936c08c63ce901e41e1b51dfcb054fc83e30bda4769f4c',(#1315),#131,.T.);
#1317=FACE_OUTER_BOUND('',#1213,.T.);
#1318=ADVANCED_FACE('OSCAD_TOPO/3|face|f:d93b13850d64b466e1e21ea238a1bc37|472345322f0a2c5172c63de2d24ba74aedfd7626a8d598c646da1e49eee70210',(#1317),#107,.T.);
#1319=FACE_OUTER_BOUND('',#1218,.T.);
#1320=ADVANCED_FACE('OSCAD_TOPO/3|face|f:6c892d82f9831edbe90e4615ee178b05|a7e3a50632de247b62a91494be7542f9b865f702ecc669252fe1bb413fa9a4fc',(#1319),#150,.T.);
#1321=FACE_OUTER_BOUND('',#1223,.T.);
#1322=ADVANCED_FACE('OSCAD_TOPO/3|face|f:ab9cffd752143cb5b05b092232dacd13|e6d833617756f57638176a98eb32cfa784563c6f7f4f105506bf2b4157103326',(#1321),#76,.T.);
#1323=FACE_OUTER_BOUND('',#1228,.T.);
#1324=ADVANCED_FACE('OSCAD_TOPO/3|face|f:8c0900666c7d1ae7662cba4eb525df2d|33669e21c7e3c6d46e214ac92a74c852bfece21b9cf83518ffe6c69e3a70ca39',(#1323),#163,.T.);
#1325=FACE_OUTER_BOUND('',#1233,.T.);
#1326=ADVANCED_FACE('OSCAD_TOPO/3|face|f:33c186d677a9b600f7765fb65f0e5963|738807d0b8d56f9cff07bdfd8b76475376eadc07123645d03a00d1c74bec2619',(#1325),#176,.T.);
#1327=FACE_OUTER_BOUND('',#1238,.T.);
#1328=ADVANCED_FACE('OSCAD_TOPO/3|face|f:8d69a33c97b27f74ee70afd4cb1fbc4a|e15e910d1ce9fd62d0fa44bbf8d0c600e9271d8b3b8daa9867287c24829d9c31',(#1327),#107,.T.);
#1329=FACE_OUTER_BOUND('',#1243,.T.);
#1330=ADVANCED_FACE('OSCAD_TOPO/3|face|f:79ac61f229aa072915be102e2ccdf356|4b5b3071c432149e0fc35154827b130c0987844f2307af0816082464167e8615',(#1329),#76,.T.);
#1331=FACE_OUTER_BOUND('',#1248,.T.);
#1332=ADVANCED_FACE('OSCAD_TOPO/3|face|f:f7bfe97e462b92948acdf0edfeaeee2a|019ec51b7aabbfd5e772f28362c88cba6ef8dafeeabd11cd13b6d99be63adedd',(#1331),#183,.T.);
#1333=FACE_OUTER_BOUND('',#1253,.T.);
#1334=ADVANCED_FACE('OSCAD_TOPO/3|face|f:4f81eb8c4b4472abba37fff519cb91d5|b2524e9a7b53b04bfc829f7d59d0f9aa08a7f7b6869c66a38b23154045e2bfce',(#1333),#190,.T.);
#1335=FACE_OUTER_BOUND('',#1258,.T.);
#1336=ADVANCED_FACE('OSCAD_TOPO/3|face|f:a96f859b82cdb8bd83e01f5ce607b58b|81821931b269838897a09b74eb2b7fb72e94a25ef0903968b1ad7357ae909e55',(#1335),#107,.T.);
#1337=FACE_OUTER_BOUND('',#1263,.T.);
#1338=ADVANCED_FACE('OSCAD_TOPO/3|face|f:a28d4683dfb00120d91353b662eaf13f|2b67b9080eccd05c96b8da15d3da4a6ae3c7def3dc170bd3bb076d345f26232e',(#1337),#195,.T.);
#1339=FACE_OUTER_BOUND('',#1268,.T.);
#1340=ADVANCED_FACE('OSCAD_TOPO/3|face|f:0ac21e50fef1a1c65a9429f5b4816d69|e281cf4a9252d2f121f8e2742f890cc3fe6dad91d4a572efe050c5026425927a',(#1339),#202,.T.);
#1341=FACE_OUTER_BOUND('',#1273,.T.);
#1342=ADVANCED_FACE('OSCAD_TOPO/3|face|f:9f445c46211fb5bae4beaef258681411|9c731668ac5b1def9ec453b4eaf1081d91647db6c8d03aceeb819ee0119c73bd',(#1341),#209,.T.);
#1343=FACE_OUTER_BOUND('',#1278,.T.);
#1344=ADVANCED_FACE('OSCAD_TOPO/3|face|f:e651fa7dd9ee4d7802b044375a6575b3|9c985c0384a0a955419232db619d2fa46fbe6159a8f47c91859676df22b43f7c',(#1343),#214,.T.);
#1345=FACE_OUTER_BOUND('',#1283,.T.);
#1346=ADVANCED_FACE('OSCAD_TOPO/3|face|f:71ed9aaa7b14d22baf3867f778681ace|5097db8a7c1a6de70e5b31da8b72795cc3f7b950ec1f24e967fd3ee1f88ddbdd',(#1345),#219,.T.);
#1347=FACE_OUTER_BOUND('',#1288,.T.);
#1348=ADVANCED_FACE('OSCAD_TOPO/3|face|f:faf95d9ec025e252172d98c62784ecb4|f688651a5d8210fcca6f4995116aa62c0488cc7952341f5bf5120da6a71f4591',(#1347),#226,.T.);
#1349=FACE_OUTER_BOUND('',#1293,.T.);
#1350=ADVANCED_FACE('OSCAD_TOPO/3|face|f:568e4c06585dd15b976992bcf654720b|601ba39ee4e57a08fed72d44f44835c103e688d861fdc7fbab947a53544ad5fc',(#1349),#233,.T.);
#1351=FACE_OUTER_BOUND('',#1298,.T.);
#1352=ADVANCED_FACE('OSCAD_TOPO/3|face|f:5dfcb4b244904cf71f967ff3830d6038|48376809ca052b3477e10c6febf9d449ffa0c59500831d4d620c2c1a5b795196',(#1351),#238,.T.);
#1353=CLOSED_SHELL('OSCAD_TOPO/3|shell|s:eb90a7e0c6e3b725f04732bc5a0238ae|8505cbb7665480464849f50b7b67c7968345b036bea6639e4ff88a68bba0df79',(#1300,#1302,#1304,#1306,#1308,#1310,#1312,#1314,#1316,#1318,#1320,#1322,#1324,#1326,#1328,#1330,#1332,#1334,#1336,#1338,#1340,#1342,#1344,#1346,#1348,#1350,#1352));
#1354=MANIFOLD_SOLID_BREP('OSCAD_TOPO/3|body|b:8c55a448e44df25bad1f481a67010088|da3e03b5e2078b6e34648fd6927ac222006b08b0d239d7f091269ac7cb7a4fd6',#1353);
#1355=(LENGTH_UNIT()NAMED_UNIT(*)SI_UNIT(.MILLI.,.METRE.));
#1356=UNCERTAINTY_MEASURE_WITH_UNIT(LENGTH_MEASURE(9.99999999999999955E-8),#1355,'distance_accuracy_value','');
#1357=(GEOMETRIC_REPRESENTATION_CONTEXT(3)GLOBAL_UNCERTAINTY_ASSIGNED_CONTEXT((#1356))GLOBAL_UNIT_ASSIGNED_CONTEXT((#1355))REPRESENTATION_CONTEXT('','3D'));
#1358=ADVANCED_BREP_SHAPE_REPRESENTATION('',(#1354),#1357);
#1359=APPLICATION_CONTEXT('managed model based 3d engineering');
#1360=PRODUCT_CONTEXT('',#1359,'mechanical');
#1361=PRODUCT('model','model','',(#1360));
#1362=PRODUCT_DEFINITION_FORMATION('1','',#1361);
#1363=PRODUCT_DEFINITION_CONTEXT('part definition',#1359,'design');
#1364=PRODUCT_DEFINITION('design','',#1362,#1363);
#1365=PRODUCT_DEFINITION_SHAPE('','',#1364);
#1366=SHAPE_DEFINITION_REPRESENTATION(#1365,#1358);
ENDSEC;
END-ISO-10303-21;
