backend=metal period_ns=1 candidates=28; 200ms held warmup,21 rotated samples; host mode has no query writes/resolution and reads4bytes; GPU mode measures all stages in one compute pass; both use timestamp-capable device; vec4 candidates require padded input/intermediates
n=0 expected_f64=-0.000000000
baseline_wg256 stage_groups=[1]
baseline_wg256 host median_ms=0.142875 p90_ms=0.155208 samples_ms=[0.119083, 0.15520799999999998, 0.146833, 0.13883299999999998, 0.137709, 0.152083, 0.149041, 0.144333, 0.13541599999999998, 0.1665, 0.142834, 0.130916, 0.134125, 0.137584, 0.148042, 0.142875, 0.139416, 0.191083, 0.134417, 0.149708, 0.14737499999999998]
baseline_wg256 gpu median_ms=0.014875 p90_ms=0.015083 samples_ms=[0.003875, 0.015083, 0.015083, 0.015083, 0.014667, 0.015083, 0.014834, 0.014875, 0.014625, 0.014875, 0.014792, 0.014875, 0.015, 0.015, 0.014833, 0.014792, 0.014833, 0.014917, 0.014875, 0.01475, 0.015208]
scalar_wg64_i1 stage_groups=[1]
scalar_wg64_i1 host median_ms=0.141625 p90_ms=0.156834 samples_ms=[0.12408300000000001, 0.126625, 0.14162499999999997, 0.14183300000000001, 0.133583, 0.140834, 0.146875, 0.131834, 0.156834, 0.16104100000000002, 0.141375, 0.134125, 0.137042, 0.14979199999999998, 0.137709, 0.14625, 0.149875, 0.258917, 0.136667, 0.1435, 0.142416]
scalar_wg64_i1 gpu median_ms=0.012583 p90_ms=0.012917 samples_ms=[0.003375, 0.003375, 0.012875, 0.012542, 0.012333, 0.012584, 0.012292, 0.012708, 0.0125, 0.016917, 0.012708, 0.012583, 0.012333, 0.012708, 0.012167, 0.012625, 0.012708, 0.012292, 0.013, 0.012416, 0.012917]
scalar_wg64_i4 stage_groups=[1]
scalar_wg64_i4 host median_ms=0.140625 p90_ms=0.150583 samples_ms=[0.12029200000000001, 0.11412499999999999, 0.1405, 0.137375, 0.140625, 0.144917, 0.14529199999999998, 0.140375, 0.181542, 0.150583, 0.147458, 0.13574999999999998, 0.136417, 0.146208, 0.13683299999999998, 0.140875, 0.141541, 0.150583, 0.13708399999999998, 0.142125, 0.139166]
scalar_wg64_i4 gpu median_ms=0.013250 p90_ms=0.013375 samples_ms=[0.003667, 0.003542, 0.013125, 0.013166, 0.013333, 0.013125, 0.013334, 0.013208, 0.013291, 0.01325, 0.013291, 0.013125, 0.013375, 0.013208, 0.013208, 0.013292, 0.01325, 0.050792, 0.013375, 0.013083, 0.0135]
scalar_wg64_i8 stage_groups=[1]
scalar_wg64_i8 host median_ms=0.141209 p90_ms=0.150584 samples_ms=[0.12770800000000002, 0.12016700000000001, 0.143792, 0.147666, 0.132, 0.150584, 0.145875, 0.137959, 0.138583, 0.14529199999999998, 0.15975, 0.134916, 0.136, 0.142375, 0.14725, 0.132208, 0.13933399999999999, 0.15287499999999998, 0.141209, 0.13791699999999998, 0.14175000000000001]
scalar_wg64_i8 gpu median_ms=0.013917 p90_ms=0.014083 samples_ms=[0.003584, 0.00375, 0.013916, 0.014083, 0.013959, 0.013958, 0.013917, 0.014042, 0.014084, 0.013917, 0.014, 0.01375, 0.013833, 0.013875, 0.013542, 0.014, 0.013833, 0.013792, 0.013917, 0.013958, 0.014334]
scalar_wg64_i16 stage_groups=[1]
scalar_wg64_i16 host median_ms=0.144167 p90_ms=0.156125 samples_ms=[0.1215, 0.13549999999999998, 0.144583, 0.15612499999999999, 0.140875, 0.155791, 0.145291, 0.13416599999999998, 0.156292, 0.149375, 0.15025, 0.1385, 0.13549999999999998, 0.157916, 0.148292, 0.136, 0.142125, 0.154041, 0.139625, 0.14416700000000002, 0.142208]
scalar_wg64_i16 gpu median_ms=0.016500 p90_ms=0.016709 samples_ms=[0.004292, 0.004458, 0.016708, 0.016709, 0.016583, 0.016375, 0.01675, 0.016458, 0.016375, 0.016541, 0.016417, 0.016291, 0.016583, 0.0165, 0.0165, 0.016333, 0.0165, 0.016916, 0.016292, 0.016541, 0.016292]
vector_wg64_i4 stage_groups=[1]
vector_wg64_i4 host median_ms=0.135000 p90_ms=0.143709 samples_ms=[0.12791699999999998, 0.13487500000000002, 0.140584, 0.14308300000000002, 0.13020800000000002, 0.134917, 0.14925, 0.13154200000000002, 0.145209, 0.129959, 0.131667, 0.13695800000000002, 0.135, 0.142125, 0.134792, 0.12812500000000002, 0.14024999999999999, 0.1415, 0.13608399999999998, 0.13329100000000002, 0.143709]
vector_wg64_i4 gpu median_ms=0.012333 p90_ms=0.012500 samples_ms=[0.003167, 0.003292, 0.012542, 0.012417, 0.01225, 0.0125, 0.012541, 0.01225, 0.012334, 0.012458, 0.01225, 0.012416, 0.012333, 0.012333, 0.011958, 0.012209, 0.01225, 0.012333, 0.012417, 0.012333, 0.012458]
vector_wg64_i8 stage_groups=[1]
vector_wg64_i8 host median_ms=0.136625 p90_ms=0.140833 samples_ms=[0.13137500000000002, 0.12191700000000001, 0.135584, 0.137541, 0.12575, 0.1365, 0.149208, 0.12791699999999998, 0.140375, 0.13525, 0.140833, 0.133042, 0.138791, 0.138958, 0.14516600000000002, 0.136625, 0.136709, 0.13825, 0.129208, 0.13699999999999998, 0.134625]
vector_wg64_i8 gpu median_ms=0.013542 p90_ms=0.013792 samples_ms=[0.003833, 0.003667, 0.013542, 0.013792, 0.013708, 0.013458, 0.013292, 0.013583, 0.013542, 0.013625, 0.013459, 0.0135, 0.013709, 0.013833, 0.013417, 0.013417, 0.013542, 0.01425, 0.013458, 0.013458, 0.013625]
vector_wg64_i16 stage_groups=[1]
vector_wg64_i16 host median_ms=0.139542 p90_ms=0.147334 samples_ms=[0.14491600000000002, 0.12995800000000002, 0.13899999999999998, 0.135458, 0.134083, 0.130667, 0.141125, 0.146833, 0.134416, 0.132208, 0.13954200000000003, 0.137333, 0.130083, 0.14100000000000001, 0.157375, 0.13425, 0.15512499999999999, 0.14516600000000002, 0.140583, 0.147334, 0.14558400000000002]
vector_wg64_i16 gpu median_ms=0.013542 p90_ms=0.013709 samples_ms=[0.003625, 0.00375, 0.013791, 0.01375, 0.013666, 0.013542, 0.013333, 0.013375, 0.013542, 0.0135, 0.013625, 0.013708, 0.013709, 0.013625, 0.013375, 0.013583, 0.013666, 0.013584, 0.013375, 0.013291, 0.013333]
scalar_wg128_i1 stage_groups=[1]
scalar_wg128_i1 host median_ms=0.136583 p90_ms=0.144958 samples_ms=[0.130833, 0.123125, 0.135375, 0.138083, 0.140958, 0.13525, 0.14491600000000002, 0.13658299999999998, 0.135458, 0.140417, 0.140959, 0.218208, 0.12975, 0.140125, 0.144958, 0.132958, 0.147958, 0.140833, 0.131, 0.13224999999999998, 0.13379200000000002]
scalar_wg128_i1 gpu median_ms=0.013292 p90_ms=0.013500 samples_ms=[0.003625, 0.003709, 0.013292, 0.013542, 0.0135, 0.013042, 0.013458, 0.01325, 0.01325, 0.013334, 0.013334, 0.013208, 0.013417, 0.01325, 0.013125, 0.013292, 0.013334, 0.06525, 0.01325, 0.012958, 0.013375]
scalar_wg128_i4 stage_groups=[1]
scalar_wg128_i4 host median_ms=0.141333 p90_ms=0.153291 samples_ms=[0.13316599999999998, 0.117834, 0.144875, 0.146708, 0.13558299999999998, 0.136, 0.153291, 0.14225, 0.180583, 0.157208, 0.128583, 0.137458, 0.133917, 0.14162499999999997, 0.14529199999999998, 0.130083, 0.14200000000000002, 0.141333, 0.13954200000000003, 0.13825, 0.143041]
scalar_wg128_i4 gpu median_ms=0.014125 p90_ms=0.014334 samples_ms=[0.003625, 0.003958, 0.013916, 0.014125, 0.014333, 0.014125, 0.013958, 0.014125, 0.014, 0.014125, 0.014208, 0.014125, 0.014334, 0.014042, 0.014167, 0.01425, 0.013875, 0.014375, 0.014083, 0.02375, 0.01425]
scalar_wg128_i8 stage_groups=[1]
scalar_wg128_i8 host median_ms=0.137833 p90_ms=0.153000 samples_ms=[0.153, 0.123375, 0.13454100000000002, 0.135125, 0.133459, 0.139084, 0.164125, 0.149125, 0.145917, 0.136792, 0.137916, 0.13541599999999998, 0.13783299999999998, 0.143042, 0.151125, 0.13566699999999998, 0.135875, 0.15429199999999998, 0.13170900000000002, 0.140875, 0.130541]
scalar_wg128_i8 gpu median_ms=0.014917 p90_ms=0.015250 samples_ms=[0.004, 0.004042, 0.015, 0.015375, 0.014958, 0.015084, 0.014667, 0.015, 0.014917, 0.014917, 0.014791, 0.01525, 0.014709, 0.014875, 0.014708, 0.01475, 0.014792, 0.0155, 0.014917, 0.014917, 0.014583]
scalar_wg128_i16 stage_groups=[1]
scalar_wg128_i16 host median_ms=0.141042 p90_ms=0.151083 samples_ms=[0.121, 0.27087500000000003, 0.148167, 0.142166, 0.13766599999999998, 0.14008299999999999, 0.15075, 0.151083, 0.147459, 0.138208, 0.14908400000000002, 0.136, 0.131958, 0.141042, 0.155458, 0.136667, 0.13883299999999998, 0.142875, 0.13916699999999999, 0.13574999999999998, 0.15075]
scalar_wg128_i16 gpu median_ms=0.017375 p90_ms=0.017542 samples_ms=[0.0045, 0.015167, 0.017292, 0.017125, 0.017542, 0.017417, 0.017542, 0.017333, 0.02425, 0.017459, 0.017334, 0.017458, 0.016959, 0.017458, 0.017417, 0.017291, 0.01725, 0.017584, 0.017333, 0.017375, 0.0175]
vector_wg128_i4 stage_groups=[1]
vector_wg128_i4 host median_ms=0.140125 p90_ms=0.158667 samples_ms=[0.119291, 0.158667, 0.160083, 0.13549999999999998, 0.133875, 0.131125, 0.14275, 0.14383300000000002, 0.150375, 0.140042, 0.133125, 0.135125, 0.135208, 0.140125, 0.1395, 0.18645799999999998, 0.142375, 0.14391600000000002, 0.13075, 0.150292, 0.142542]
vector_wg128_i4 gpu median_ms=0.013500 p90_ms=0.013542 samples_ms=[0.003667, 0.011333, 0.013417, 0.013167, 0.013542, 0.013417, 0.013458, 0.013417, 0.013292, 0.013416, 0.013584, 0.013541, 0.013542, 0.0135, 0.0135, 0.013292, 0.013667, 0.0135, 0.0135, 0.0135, 0.0135]
vector_wg128_i8 stage_groups=[1]
vector_wg128_i8 host median_ms=0.136791 p90_ms=0.146417 samples_ms=[0.11787500000000001, 0.132084, 0.150958, 0.134958, 0.137542, 0.135542, 0.145125, 0.142958, 0.13641599999999998, 0.14158300000000001, 0.13054200000000002, 0.13774999999999998, 0.134709, 0.13679100000000002, 0.144875, 0.146417, 0.1365, 0.13325, 0.138875, 0.149833, 0.13379200000000002]
vector_wg128_i8 gpu median_ms=0.014250 p90_ms=0.014417 samples_ms=[0.003667, 0.012667, 0.014125, 0.014375, 0.014291, 0.014417, 0.014375, 0.014375, 0.014125, 0.01425, 0.014125, 0.014292, 0.014083, 0.014, 0.014542, 0.014417, 0.01425, 0.014209, 0.014459, 0.01425, 0.014416]
vector_wg128_i16 stage_groups=[1]
vector_wg128_i16 host median_ms=0.137042 p90_ms=0.145667 samples_ms=[0.134583, 0.13475, 0.14566700000000002, 0.135666, 0.1365, 0.135083, 0.14216700000000002, 0.140459, 0.1415, 0.264042, 0.13625, 0.13566699999999998, 0.136625, 0.132209, 0.138042, 0.147625, 0.13799999999999998, 0.142333, 0.137042, 0.14300000000000002, 0.12983299999999998]
vector_wg128_i16 gpu median_ms=0.014375 p90_ms=0.014542 samples_ms=[0.004, 0.013084, 0.014458, 0.014333, 0.0145, 0.014125, 0.014334, 0.014416, 0.014417, 0.014417, 0.014208, 0.014208, 0.014375, 0.014208, 0.014667, 0.014334, 0.01425, 0.014542, 0.014459, 0.015375, 0.0145]
scalar_wg256_i1 stage_groups=[1]
scalar_wg256_i1 host median_ms=0.140541 p90_ms=0.148291 samples_ms=[0.127459, 0.15075, 0.148291, 0.13574999999999998, 0.140541, 0.13999999999999999, 0.142333, 0.13504200000000002, 0.194041, 0.145709, 0.13883299999999998, 0.13691699999999998, 0.135625, 0.131167, 0.140375, 0.143792, 0.142958, 0.14116700000000001, 0.13574999999999998, 0.145959, 0.142958]
scalar_wg256_i1 gpu median_ms=0.014750 p90_ms=0.015000 samples_ms=[0.003917, 0.014834, 0.014583, 0.01475, 0.014708, 0.014833, 0.014709, 0.01475, 0.014583, 0.014792, 0.014708, 0.015, 0.014625, 0.014709, 0.014625, 0.014792, 0.015416, 0.014583, 0.01525, 0.014834, 0.01475]
scalar_wg256_i4 stage_groups=[1]
scalar_wg256_i4 host median_ms=0.140375 p90_ms=0.151750 samples_ms=[0.11900000000000001, 0.15095899999999998, 0.15175, 0.139625, 0.135292, 0.195417, 0.145541, 0.148334, 0.15345899999999998, 0.140125, 0.13591699999999998, 0.1405, 0.136959, 0.131, 0.140417, 0.135916, 0.133583, 0.149667, 0.140375, 0.142917, 0.138584]
scalar_wg256_i4 gpu median_ms=0.015708 p90_ms=0.015875 samples_ms=[0.004208, 0.015584, 0.015833, 0.015542, 0.015542, 0.015875, 0.01575, 0.015541, 0.015708, 0.015459, 0.0155, 0.015708, 0.015834, 0.015541, 0.01575, 0.015709, 0.015625, 0.015875, 0.01575, 0.016209, 0.015458]
scalar_wg256_i8 stage_groups=[1]
scalar_wg256_i8 host median_ms=0.143417 p90_ms=0.164542 samples_ms=[0.127625, 0.146458, 0.151459, 0.145375, 0.19841699999999998, 0.164542, 0.14737499999999998, 0.143125, 0.14225, 0.147833, 0.141209, 0.164542, 0.14341700000000002, 0.134417, 0.145042, 0.142875, 0.136417, 0.140375, 0.13674999999999998, 0.14195899999999997, 0.14975]
scalar_wg256_i8 gpu median_ms=0.016625 p90_ms=0.016791 samples_ms=[0.004791, 0.016459, 0.016417, 0.016833, 0.0165, 0.016625, 0.016584, 0.016541, 0.016625, 0.016667, 0.016625, 0.016625, 0.016458, 0.016833, 0.016791, 0.016583, 0.016709, 0.016791, 0.016791, 0.016584, 0.016666]
scalar_wg256_i16 stage_groups=[1]
scalar_wg256_i16 host median_ms=0.144875 p90_ms=0.152625 samples_ms=[0.119458, 0.145875, 0.143583, 0.156167, 0.1865, 0.149167, 0.147833, 0.15070799999999998, 0.14370799999999997, 0.143958, 0.14125, 0.146542, 0.140833, 0.136542, 0.144625, 0.149917, 0.14116700000000001, 0.144333, 0.14725, 0.144875, 0.152625]
scalar_wg256_i16 gpu median_ms=0.019666 p90_ms=0.019834 samples_ms=[0.005042, 0.019625, 0.019666, 0.019625, 0.019834, 0.019625, 0.019667, 0.019584, 0.019542, 0.01975, 0.019458, 0.019875, 0.019667, 0.019708, 0.019708, 0.0195, 0.019583, 0.01975, 0.019833, 0.020125, 0.0195]
vector_wg256_i4 stage_groups=[1]
vector_wg256_i4 host median_ms=0.139042 p90_ms=0.151000 samples_ms=[0.123125, 0.13891599999999998, 0.144541, 0.149042, 0.141291, 0.144625, 0.158375, 0.134209, 0.13766599999999998, 0.139042, 0.137709, 0.141459, 0.138083, 0.13487500000000002, 0.15100000000000002, 0.139875, 0.300375, 0.138083, 0.145375, 0.129209, 0.13137500000000002]
vector_wg256_i4 gpu median_ms=0.015000 p90_ms=0.015167 samples_ms=[0.004, 0.015125, 0.014875, 0.015542, 0.014833, 0.015125, 0.015, 0.014833, 0.015042, 0.014916, 0.014875, 0.015, 0.014917, 0.014791, 0.015125, 0.015166, 0.015083, 0.014833, 0.015167, 0.015167, 0.015083]
vector_wg256_i8 stage_groups=[1]
vector_wg256_i8 host median_ms=0.140958 p90_ms=0.154167 samples_ms=[0.12445800000000001, 0.13875, 0.295875, 0.153416, 0.151333, 0.131792, 0.141291, 0.145458, 0.144625, 0.136, 0.13712500000000002, 0.133541, 0.140958, 0.138625, 0.140542, 0.154167, 0.16841699999999998, 0.13725, 0.142292, 0.137709, 0.148708]
vector_wg256_i8 gpu median_ms=0.015750 p90_ms=0.016000 samples_ms=[0.004292, 0.015667, 0.016, 0.015875, 0.01575, 0.031542, 0.015792, 0.015667, 0.01575, 0.015792, 0.015875, 0.015958, 0.01575, 0.015667, 0.015708, 0.015875, 0.016, 0.015708, 0.015833, 0.015625, 0.015709]
vector_wg256_i16 stage_groups=[1]
vector_wg256_i16 host median_ms=0.145750 p90_ms=0.159583 samples_ms=[0.12025, 0.14766700000000002, 0.1525, 0.14575, 0.152792, 0.159583, 0.16137500000000002, 0.139458, 0.134375, 0.1385, 0.141083, 0.13908299999999998, 0.138375, 0.283959, 0.149209, 0.153792, 0.14370799999999997, 0.13875, 0.149083, 0.143667, 0.147708]
vector_wg256_i16 gpu median_ms=0.016208 p90_ms=0.016500 samples_ms=[0.004417, 0.016333, 0.016125, 0.01675, 0.016, 0.016333, 0.016083, 0.01625, 0.016333, 0.016125, 0.015917, 0.016125, 0.016125, 0.016167, 0.016208, 0.016208, 0.016208, 0.016375, 0.0165, 0.01625, 0.016833]
scalar_wg128_i8_cap256 stage_groups=[1]
scalar_wg128_i8_cap256 host median_ms=0.141875 p90_ms=0.151083 samples_ms=[0.121459, 0.135916, 0.141875, 0.137417, 0.148291, 0.145542, 0.14733300000000002, 0.146958, 0.15720900000000002, 0.138125, 0.139667, 0.13504200000000002, 0.1375, 0.173125, 0.140042, 0.145167, 0.14116599999999999, 0.151083, 0.140417, 0.14579099999999998, 0.14383300000000002]
scalar_wg128_i8_cap256 gpu median_ms=0.014875 p90_ms=0.015166 samples_ms=[0.003959, 0.015042, 0.014917, 0.014792, 0.014833, 0.015166, 0.014833, 0.015167, 0.014917, 0.01475, 0.014917, 0.014958, 0.014875, 0.014875, 0.014792, 0.015167, 0.014916, 0.014666, 0.014875, 0.014958, 0.014708]
vector_wg256_i16_cap256 stage_groups=[1]
vector_wg256_i16_cap256 host median_ms=0.143083 p90_ms=0.152792 samples_ms=[0.11729200000000001, 0.14300000000000002, 0.140334, 0.134459, 0.14308300000000002, 0.152792, 0.155875, 0.14441700000000002, 0.140375, 0.156667, 0.140834, 0.13549999999999998, 0.13566699999999998, 0.1505, 0.14475, 0.140875, 0.150292, 0.14595799999999998, 0.145041, 0.147417, 0.13899999999999998]
vector_wg256_i16_cap256 gpu median_ms=0.016208 p90_ms=0.016375 samples_ms=[0.004333, 0.016167, 0.016375, 0.0165, 0.015917, 0.01625, 0.016125, 0.016208, 0.016292, 0.016208, 0.016208, 0.016125, 0.016292, 0.016167, 0.01625, 0.016375, 0.016041, 0.016208, 0.015791, 0.016375, 0.016416]
scalar_wg128_i8_cap1024 stage_groups=[1]
scalar_wg128_i8_cap1024 host median_ms=0.140542 p90_ms=0.154500 samples_ms=[0.115958, 0.18025, 0.133, 0.134167, 0.134042, 0.146, 0.148, 0.137083, 0.1445, 0.139917, 0.138292, 0.137708, 0.141458, 0.190667, 0.140041, 0.142292, 0.152, 0.1545, 0.14370799999999997, 0.135584, 0.140542]
scalar_wg128_i8_cap1024 gpu median_ms=0.014875 p90_ms=0.015041 samples_ms=[0.003917, 0.015042, 0.014875, 0.01475, 0.014917, 0.015041, 0.014917, 0.014833, 0.014875, 0.01475, 0.014791, 0.014875, 0.014917, 0.015125, 0.014834, 0.014958, 0.015, 0.014792, 0.014958, 0.014875, 0.014959]
vector_wg256_i16_cap1024 stage_groups=[1]
vector_wg256_i16_cap1024 host median_ms=0.142333 p90_ms=0.151333 samples_ms=[0.11375, 0.15104199999999998, 0.135083, 0.137959, 0.139834, 0.16825, 0.14962499999999998, 0.142708, 0.142333, 0.145875, 0.13899999999999998, 0.137209, 0.137333, 0.165333, 0.144375, 0.13999999999999999, 0.150125, 0.151333, 0.139209, 0.138667, 0.150084]
vector_wg256_i16_cap1024 gpu median_ms=0.016167 p90_ms=0.016333 samples_ms=[0.004167, 0.01625, 0.016041, 0.01625, 0.016042, 0.016333, 0.016083, 0.016375, 0.016167, 0.01625, 0.016167, 0.016333, 0.016, 0.016125, 0.016167, 0.016375, 0.016208, 0.016209, 0.016084, 0.016333, 0.016166]
scalar_wg128_i8_cap4096 stage_groups=[1]
scalar_wg128_i8_cap4096 host median_ms=0.140916 p90_ms=0.158042 samples_ms=[0.114333, 0.13799999999999998, 0.17550000000000002, 0.136209, 0.13425, 0.15804200000000002, 0.140583, 0.138042, 0.14075000000000001, 0.137958, 0.13533299999999998, 0.14566700000000002, 0.171708, 0.150709, 0.1415, 0.14091599999999999, 0.14375, 0.14545899999999998, 0.143667, 0.14541700000000002, 0.14008299999999999]
scalar_wg128_i8_cap4096 gpu median_ms=0.014916 p90_ms=0.015125 samples_ms=[0.003959, 0.015083, 0.116125, 0.015083, 0.014875, 0.015042, 0.014958, 0.01525, 0.014875, 0.014875, 0.014791, 0.015125, 0.014916, 0.014709, 0.014958, 0.014875, 0.014875, 0.015083, 0.014833, 0.014875, 0.014916]
vector_wg256_i16_cap4096 stage_groups=[1]
vector_wg256_i16_cap4096 host median_ms=0.144750 p90_ms=0.158250 samples_ms=[0.11975, 0.1535, 0.153708, 0.139458, 0.13904100000000003, 0.15825, 0.149875, 0.144917, 0.142583, 0.139667, 0.136334, 0.14475, 0.146583, 0.319083, 0.14566700000000002, 0.13991599999999998, 0.138292, 0.141458, 0.147042, 0.143125, 0.18970900000000002]
vector_wg256_i16_cap4096 gpu median_ms=0.016166 p90_ms=0.016458 samples_ms=[0.004084, 0.01625, 0.0165, 0.0165, 0.016041, 0.016334, 0.016291, 0.016042, 0.016083, 0.016209, 0.015834, 0.016083, 0.016208, 0.016458, 0.016083, 0.016166, 0.016083, 0.016375, 0.016, 0.016208, 0.016083]
n=1 expected_f64=0.000000000
baseline_wg256 stage_groups=[1]
baseline_wg256 host median_ms=0.123417 p90_ms=0.131958 samples_ms=[0.124833, 0.12341699999999999, 0.11779099999999999, 0.11804100000000001, 0.12125000000000001, 0.126333, 0.12379200000000001, 0.12370799999999998, 0.12295900000000001, 0.115666, 0.11299999999999999, 0.125292, 0.123166, 0.125834, 0.131958, 0.143125, 0.12062500000000001, 0.14666700000000002, 0.120917, 0.12237500000000001, 0.12425000000000001]
baseline_wg256 gpu median_ms=0.004000 p90_ms=0.004167 samples_ms=[0.004167, 0.004167, 0.004209, 0.003834, 0.004, 0.003833, 0.004, 0.003792, 0.004083, 0.003959, 0.004, 0.004084, 0.004166, 0.003917, 0.004042, 0.003875, 0.003916, 0.004, 0.004, 0.004083, 0.004209]
scalar_wg64_i1 stage_groups=[1]
scalar_wg64_i1 host median_ms=0.121250 p90_ms=0.131291 samples_ms=[0.11875, 0.11725000000000001, 0.11791700000000001, 0.124416, 0.11770800000000001, 0.12125000000000001, 0.145375, 0.116583, 0.12420899999999999, 0.118667, 0.113583, 0.12108300000000001, 0.126041, 0.122834, 0.131291, 0.13591699999999998, 0.116958, 0.127125, 0.1255, 0.12125000000000001, 0.123375]
scalar_wg64_i1 gpu median_ms=0.003708 p90_ms=0.003792 samples_ms=[0.003458, 0.003584, 0.00375, 0.003666, 0.0035, 0.003583, 0.00375, 0.003708, 0.003708, 0.003708, 0.003791, 0.003792, 0.003708, 0.0035, 0.003541, 0.003834, 0.003666, 0.003584, 0.004166, 0.003708, 0.003625]
scalar_wg64_i4 stage_groups=[1]
scalar_wg64_i4 host median_ms=0.120166 p90_ms=0.125292 samples_ms=[0.11725000000000001, 0.12229100000000001, 0.12224999999999998, 0.123084, 0.116584, 0.12375, 0.11883300000000001, 0.116625, 0.1205, 0.11333299999999999, 0.110333, 0.13120800000000002, 0.11995800000000001, 0.120166, 0.124542, 0.13475, 0.11825000000000001, 0.113417, 0.12470800000000001, 0.125292, 0.118959]
scalar_wg64_i4 gpu median_ms=0.003750 p90_ms=0.003959 samples_ms=[0.003791, 0.003666, 0.003625, 0.003875, 0.003667, 0.003666, 0.003709, 0.003625, 0.004, 0.003708, 0.003917, 0.00375, 0.00375, 0.003625, 0.003792, 0.004042, 0.003667, 0.003875, 0.003959, 0.003792, 0.003958]
scalar_wg64_i8 stage_groups=[1]
scalar_wg64_i8 host median_ms=0.120584 p90_ms=0.136000 samples_ms=[0.137792, 0.117958, 0.136, 0.119584, 0.12575, 0.119583, 0.12362500000000001, 0.11479199999999999, 0.121792, 0.11687499999999999, 0.121458, 0.121916, 0.120584, 0.121833, 0.119125, 0.136042, 0.11474999999999999, 0.115959, 0.120333, 0.119625, 0.12687500000000002]
scalar_wg64_i8 gpu median_ms=0.004084 p90_ms=0.004250 samples_ms=[0.004, 0.004125, 0.004041, 0.004084, 0.008416, 0.004084, 0.004166, 0.004, 0.004125, 0.004125, 0.004042, 0.004167, 0.003958, 0.004041, 0.004, 0.004042, 0.003958, 0.00425, 0.00425, 0.004209, 0.004209]
scalar_wg64_i16 stage_groups=[1]
scalar_wg64_i16 host median_ms=0.121958 p90_ms=0.128708 samples_ms=[0.128708, 0.12479200000000001, 0.134292, 0.119875, 0.12454100000000001, 0.119458, 0.119875, 0.1125, 0.125166, 0.125125, 0.126333, 0.126333, 0.11787500000000001, 0.126625, 0.117209, 0.162125, 0.111416, 0.11375, 0.120333, 0.121958, 0.118791]
scalar_wg64_i16 gpu median_ms=0.005041 p90_ms=0.005292 samples_ms=[0.005208, 0.005, 0.005042, 0.004917, 0.005292, 0.004917, 0.005, 0.004958, 0.005042, 0.005041, 0.005, 0.005041, 0.005334, 0.004958, 0.005375, 0.004833, 0.005083, 0.005083, 0.004958, 0.005125, 0.00525]
vector_wg64_i4 stage_groups=[1]
vector_wg64_i4 host median_ms=0.123500 p90_ms=0.127917 samples_ms=[0.12408300000000001, 0.119584, 0.12791699999999998, 0.127167, 0.12354099999999998, 0.115792, 0.12308299999999998, 0.114958, 0.12220800000000001, 0.124416, 0.114083, 0.123833, 0.128708, 0.120917, 0.1235, 0.147458, 0.11375, 0.115833, 0.12441700000000001, 0.112916, 0.12495799999999999]
vector_wg64_i4 gpu median_ms=0.003959 p90_ms=0.004125 samples_ms=[0.00375, 0.003917, 0.004084, 0.003791, 0.003875, 0.003917, 0.004084, 0.003834, 0.003958, 0.003875, 0.003708, 0.003916, 0.004, 0.004084, 0.004166, 0.00425, 0.004, 0.004125, 0.003959, 0.004, 0.004125]
vector_wg64_i8 stage_groups=[1]
vector_wg64_i8 host median_ms=0.123625 p90_ms=0.134791 samples_ms=[0.121333, 0.119708, 0.12466699999999999, 0.12362500000000001, 0.12125000000000001, 0.119625, 0.142875, 0.125417, 0.128083, 0.11983300000000001, 0.134791, 0.13012500000000002, 0.129584, 0.134417, 0.120208, 0.127208, 0.25462500000000005, 0.11683299999999999, 0.11933400000000001, 0.123375, 0.121667]
vector_wg64_i8 gpu median_ms=0.004209 p90_ms=0.004416 samples_ms=[0.004083, 0.004209, 0.00425, 0.004167, 0.004417, 0.004083, 0.004208, 0.004166, 0.00425, 0.004375, 0.004167, 0.004208, 0.004167, 0.004125, 0.00425, 0.004416, 0.004333, 0.00425, 0.004167, 0.004541, 0.004333]
vector_wg64_i16 stage_groups=[1]
vector_wg64_i16 host median_ms=0.121834 p90_ms=0.127583 samples_ms=[0.12095900000000001, 0.123791, 0.1185, 0.11637499999999999, 0.125833, 0.119208, 0.12504200000000001, 0.120083, 0.12370799999999998, 0.125958, 0.12445800000000001, 0.11474999999999999, 0.16899999999999998, 0.11887500000000001, 0.12758299999999997, 0.12779100000000002, 0.11524999999999999, 0.11558399999999999, 0.121834, 0.121292, 0.123125]
vector_wg64_i16 gpu median_ms=0.004458 p90_ms=0.004750 samples_ms=[0.004458, 0.004375, 0.004334, 0.00425, 0.004333, 0.004875, 0.004416, 0.004458, 0.004459, 0.004667, 0.004333, 0.004584, 0.00425, 0.004291, 0.004542, 0.0045, 0.004417, 0.00475, 0.004458, 0.00475, 0.004583]
scalar_wg128_i1 stage_groups=[1]
scalar_wg128_i1 host median_ms=0.123167 p90_ms=0.132541 samples_ms=[0.12216700000000001, 0.123833, 0.11733299999999999, 0.11316599999999999, 0.12458400000000001, 0.129584, 0.118292, 0.12316700000000001, 0.12770800000000002, 0.11837500000000001, 0.150334, 0.125916, 0.137791, 0.11675, 0.124167, 0.132541, 0.11620899999999999, 0.11474999999999999, 0.11983400000000001, 0.123375, 0.120584]
scalar_wg128_i1 gpu median_ms=0.003750 p90_ms=0.003834 samples_ms=[0.003708, 0.003625, 0.003625, 0.003541, 0.003666, 0.003625, 0.00375, 0.003834, 0.003833, 0.003916, 0.003708, 0.003792, 0.003833, 0.003541, 0.00375, 0.003792, 0.003666, 0.003917, 0.003667, 0.003833, 0.003834]
scalar_wg128_i4 stage_groups=[1]
scalar_wg128_i4 host median_ms=0.124000 p90_ms=0.136875 samples_ms=[0.122708, 0.121875, 0.116583, 0.114, 0.124, 0.128167, 0.125333, 0.12079200000000001, 0.124292, 0.125375, 0.12545800000000001, 0.11875, 0.127709, 0.114833, 0.136875, 0.13937500000000003, 0.116292, 0.11687499999999999, 0.123583, 0.21195799999999998, 0.126125]
scalar_wg128_i4 gpu median_ms=0.003959 p90_ms=0.004125 samples_ms=[0.00375, 0.004042, 0.003791, 0.004, 0.004125, 0.004, 0.003916, 0.004, 0.003833, 0.003959, 0.004, 0.00425, 0.003916, 0.003917, 0.004, 0.004125, 0.003833, 0.00425, 0.00375, 0.003833, 0.003875]
scalar_wg128_i8 stage_groups=[1]
scalar_wg128_i8 host median_ms=0.122041 p90_ms=0.128958 samples_ms=[0.126583, 0.12520799999999999, 0.114875, 0.12204100000000001, 0.12545800000000001, 0.12216700000000001, 0.120417, 0.126333, 0.120041, 0.12525, 0.11904200000000001, 0.11950000000000001, 0.12895800000000002, 0.11462499999999999, 0.13716699999999998, 0.139792, 0.11366699999999999, 0.11508299999999999, 0.120834, 0.112583, 0.123375]
scalar_wg128_i8 gpu median_ms=0.004167 p90_ms=0.004333 samples_ms=[0.004333, 0.004125, 0.004292, 0.004167, 0.00425, 0.004083, 0.004167, 0.004167, 0.004166, 0.004125, 0.00425, 0.004292, 0.004208, 0.004333, 0.004333, 0.004166, 0.004209, 0.004125, 0.004209, 0.004167, 0.004125]
scalar_wg128_i16 stage_groups=[1]
scalar_wg128_i16 host median_ms=0.122250 p90_ms=0.133833 samples_ms=[0.123834, 0.120833, 0.11775000000000001, 0.242458, 0.127208, 0.117833, 0.12362500000000001, 0.12562500000000001, 0.120833, 0.1235, 0.119375, 0.12062500000000001, 0.127625, 0.11758300000000001, 0.13679100000000002, 0.133833, 0.11412499999999999, 0.12224999999999998, 0.119959, 0.11770800000000001, 0.12354099999999998]
scalar_wg128_i16 gpu median_ms=0.005250 p90_ms=0.005750 samples_ms=[0.0055, 0.00525, 0.005208, 0.00525, 0.00525, 0.00525, 0.005208, 0.00525, 0.005209, 0.005416, 0.0055, 0.00525, 0.005209, 0.01975, 0.005666, 0.00575, 0.017708, 0.005291, 0.005333, 0.005334, 0.00525]
vector_wg128_i4 stage_groups=[1]
vector_wg128_i4 host median_ms=0.120917 p90_ms=0.129250 samples_ms=[0.125459, 0.12925, 0.115791, 0.111833, 0.120917, 0.1205, 0.11529199999999999, 0.12141600000000001, 0.118834, 0.12791699999999998, 0.1215, 0.121875, 0.11529199999999999, 0.126, 0.131458, 0.133875, 0.11445799999999999, 0.12029200000000001, 0.117042, 0.115666, 0.121333]
vector_wg128_i4 gpu median_ms=0.004041 p90_ms=0.004125 samples_ms=[0.004041, 0.003875, 0.003959, 0.003875, 0.003959, 0.003958, 0.003958, 0.003958, 0.004125, 0.004125, 0.003958, 0.004083, 0.004167, 0.004125, 0.004084, 0.003958, 0.004375, 0.003917, 0.004041, 0.004041, 0.004042]
vector_wg128_i8 stage_groups=[1]
vector_wg128_i8 host median_ms=0.125250 p90_ms=0.135375 samples_ms=[0.131292, 0.128375, 0.119208, 0.11412499999999999, 0.12525, 0.11741700000000001, 0.172458, 0.12029200000000001, 0.137625, 0.126542, 0.119625, 0.127709, 0.121208, 0.121, 0.135375, 0.134583, 0.129625, 0.12375, 0.11620799999999999, 0.116583, 0.130708]
vector_wg128_i8 gpu median_ms=0.004375 p90_ms=0.004708 samples_ms=[0.004333, 0.004375, 0.004458, 0.004166, 0.004375, 0.004375, 0.004375, 0.004375, 0.004708, 0.0045, 0.00425, 0.004417, 0.004583, 0.004291, 0.004834, 0.004791, 0.004625, 0.004291, 0.004375, 0.004292, 0.004333]
vector_wg128_i16 stage_groups=[1]
vector_wg128_i16 host median_ms=0.122458 p90_ms=0.132458 samples_ms=[0.119916, 0.12279200000000001, 0.117958, 0.1175, 0.12095900000000001, 0.12787500000000002, 0.12245800000000001, 0.117834, 0.135375, 0.12079200000000001, 0.120375, 0.12262500000000001, 0.115542, 0.123709, 0.119458, 0.13245800000000002, 0.12454100000000001, 0.12375, 0.125958, 0.203, 0.118959]
vector_wg128_i16 gpu median_ms=0.004417 p90_ms=0.004541 samples_ms=[0.004541, 0.004375, 0.004208, 0.004333, 0.004459, 0.0045, 0.004417, 0.004375, 0.004458, 0.004333, 0.004458, 0.004417, 0.0045, 0.004375, 0.004458, 0.004958, 0.004417, 0.004334, 0.004375, 0.004458, 0.004584]
scalar_wg256_i1 stage_groups=[1]
scalar_wg256_i1 host median_ms=0.121125 p90_ms=0.125708 samples_ms=[0.12391600000000001, 0.117667, 0.11854100000000001, 0.115333, 0.12570800000000001, 0.119291, 0.12241699999999998, 0.11966700000000001, 0.121333, 0.120208, 0.122917, 0.121125, 0.11916700000000001, 0.12125000000000001, 0.133167, 0.123041, 0.115625, 0.121542, 0.120583, 0.146208, 0.120708]
scalar_wg256_i1 gpu median_ms=0.004083 p90_ms=0.004333 samples_ms=[0.004334, 0.004042, 0.004083, 0.004, 0.003875, 0.003917, 0.00425, 0.004125, 0.00425, 0.004, 0.004, 0.004084, 0.004167, 0.003917, 0.004041, 0.004459, 0.004125, 0.004042, 0.004042, 0.004084, 0.004333]
scalar_wg256_i4 stage_groups=[1]
scalar_wg256_i4 host median_ms=0.123542 p90_ms=0.133875 samples_ms=[0.123542, 0.1185, 0.115958, 0.11950000000000001, 0.121458, 0.133583, 0.12425000000000001, 0.11745799999999999, 0.127125, 0.121625, 0.13175, 0.129083, 0.11916700000000001, 0.127709, 0.12045900000000001, 0.133875, 0.13625, 0.12258399999999998, 0.125791, 0.137333, 0.119625]
scalar_wg256_i4 gpu median_ms=0.004292 p90_ms=0.004583 samples_ms=[0.004583, 0.004083, 0.004208, 0.004292, 0.0045, 0.004333, 0.00425, 0.004375, 0.004291, 0.00425, 0.00425, 0.004583, 0.004417, 0.00425, 0.004208, 0.004583, 0.004708, 0.004125, 0.004167, 0.004417, 0.004458]
scalar_wg256_i8 stage_groups=[1]
scalar_wg256_i8 host median_ms=0.121625 p90_ms=0.129375 samples_ms=[0.1275, 0.129167, 0.116583, 0.121625, 0.12062500000000001, 0.121166, 0.12545800000000001, 0.121041, 0.12375, 0.123208, 0.120208, 0.128333, 0.119708, 0.120208, 0.123375, 0.133708, 0.16612500000000002, 0.116, 0.11491699999999999, 0.129375, 0.1215]
scalar_wg256_i8 gpu median_ms=0.004667 p90_ms=0.004875 samples_ms=[0.004417, 0.004625, 0.004708, 0.004625, 0.0045, 0.004625, 0.004667, 0.004709, 0.004666, 0.004792, 0.004583, 0.004667, 0.004833, 0.004667, 0.004917, 0.004708, 0.004584, 0.004792, 0.004875, 0.0045, 0.004917]
scalar_wg256_i16 stage_groups=[1]
scalar_wg256_i16 host median_ms=0.120208 p90_ms=0.125041 samples_ms=[0.119708, 0.121792, 0.119542, 0.119458, 0.121, 0.121125, 0.117083, 0.118167, 0.121792, 0.121875, 0.118583, 0.118916, 0.113583, 0.12475, 0.119291, 0.12433299999999999, 0.12695800000000002, 0.125917, 0.11741700000000001, 0.12504099999999999, 0.120208]
scalar_wg256_i16 gpu median_ms=0.005791 p90_ms=0.006000 samples_ms=[0.005875, 0.005625, 0.005583, 0.005583, 0.00575, 0.006208, 0.00575, 0.00575, 0.005792, 0.005792, 0.005625, 0.00575, 0.005708, 0.005792, 0.005917, 0.005792, 0.005791, 0.006, 0.005708, 0.006083, 0.005833]
vector_wg256_i4 stage_groups=[1]
vector_wg256_i4 host median_ms=0.121083 p90_ms=0.128583 samples_ms=[0.123333, 0.11854200000000001, 0.1155, 0.11825000000000001, 0.119084, 0.120417, 0.11950000000000001, 0.13716699999999998, 0.126542, 0.12379200000000001, 0.11995800000000001, 0.128583, 0.120042, 0.119917, 0.12604200000000002, 0.12429100000000001, 0.12108300000000001, 0.12062500000000001, 0.126167, 0.129375, 0.124]
vector_wg256_i4 gpu median_ms=0.004333 p90_ms=0.004500 samples_ms=[0.004583, 0.004167, 0.004333, 0.00425, 0.004209, 0.004167, 0.004208, 0.004375, 0.004416, 0.004292, 0.004208, 0.0045, 0.004334, 0.004333, 0.004333, 0.004459, 0.004417, 0.004375, 0.004125, 0.004167, 0.004667]
vector_wg256_i8 stage_groups=[1]
vector_wg256_i8 host median_ms=0.120458 p90_ms=0.124541 samples_ms=[0.118958, 0.12329100000000001, 0.118625, 0.116333, 0.12316700000000001, 0.12945900000000002, 0.120416, 0.119584, 0.123084, 0.12245800000000001, 0.11637499999999999, 0.12045800000000001, 0.118, 0.119709, 0.12079200000000001, 0.12454100000000001, 0.120375, 0.117542, 0.121625, 0.131084, 0.12108300000000001]
vector_wg256_i8 gpu median_ms=0.004917 p90_ms=0.005125 samples_ms=[0.004791, 0.004708, 0.004875, 0.004834, 0.004875, 0.004834, 0.004958, 0.004666, 0.005083, 0.00475, 0.004833, 0.005042, 0.005083, 0.004917, 0.005166, 0.004709, 0.004959, 0.004917, 0.005125, 0.005417, 0.005]
vector_wg256_i16 stage_groups=[1]
vector_wg256_i16 host median_ms=0.120625 p90_ms=0.127542 samples_ms=[0.1145, 0.12470800000000001, 0.117167, 0.117208, 0.123166, 0.119917, 0.124125, 0.11725000000000001, 0.119875, 0.12079200000000001, 0.111042, 0.115667, 0.12224999999999998, 0.12062500000000001, 0.127542, 0.280791, 0.122958, 0.111959, 0.118583, 0.13020800000000002, 0.12220800000000001]
vector_wg256_i16 gpu median_ms=0.005041 p90_ms=0.005166 samples_ms=[0.005083, 0.005083, 0.005166, 0.004833, 0.004958, 0.004917, 0.004959, 0.004958, 0.004875, 0.004791, 0.005, 0.005041, 0.005083, 0.005083, 0.005042, 0.004917, 0.005166, 0.005084, 0.005042, 0.005, 0.005167]
scalar_wg128_i8_cap256 stage_groups=[1]
scalar_wg128_i8_cap256 host median_ms=0.123000 p90_ms=0.131500 samples_ms=[0.12945900000000002, 0.124833, 0.11808300000000001, 0.115125, 0.120542, 0.12016700000000001, 0.124583, 0.121875, 0.123958, 0.163167, 0.11870900000000001, 0.126041, 0.118167, 0.11837500000000001, 0.13045900000000002, 0.1315, 0.119208, 0.13241699999999998, 0.12300000000000001, 0.12266600000000001, 0.1235]
scalar_wg128_i8_cap256 gpu median_ms=0.004209 p90_ms=0.004458 samples_ms=[0.004209, 0.004083, 0.004208, 0.004, 0.004292, 0.004167, 0.004083, 0.00425, 0.004292, 0.003958, 0.004167, 0.004209, 0.004375, 0.004209, 0.004333, 0.004625, 0.004458, 0.004083, 0.004416, 0.004334, 0.004542]
vector_wg256_i16_cap256 stage_groups=[1]
vector_wg256_i16_cap256 host median_ms=0.121292 p90_ms=0.130333 samples_ms=[0.130333, 0.11900000000000001, 0.11787500000000001, 0.11654199999999999, 0.12208400000000001, 0.119709, 0.118958, 0.118625, 0.1235, 0.13154200000000002, 0.11175, 0.119875, 0.12258399999999998, 0.12095900000000001, 0.121292, 0.122333, 0.1265, 0.166584, 0.112958, 0.12216700000000001, 0.12220800000000001]
vector_wg256_i16_cap256 gpu median_ms=0.005000 p90_ms=0.005167 samples_ms=[0.005, 0.004917, 0.005084, 0.005, 0.005, 0.005042, 0.005, 0.005042, 0.005, 0.004708, 0.00475, 0.004917, 0.005167, 0.005041, 0.005166, 0.005209, 0.005167, 0.004959, 0.004875, 0.005167, 0.005083]
scalar_wg128_i8_cap1024 stage_groups=[1]
scalar_wg128_i8_cap1024 host median_ms=0.122042 p90_ms=0.126959 samples_ms=[0.122042, 0.114958, 0.11820800000000001, 0.11604199999999999, 0.119708, 0.12283300000000001, 0.11916600000000001, 0.119875, 0.130084, 0.119916, 0.11558299999999999, 0.126959, 0.108, 0.12224999999999998, 0.11950000000000001, 0.133875, 0.122042, 0.122042, 0.12495900000000001, 0.12216700000000001, 0.126416]
scalar_wg128_i8_cap1024 gpu median_ms=0.004250 p90_ms=0.004417 samples_ms=[0.004167, 0.004125, 0.00425, 0.004042, 0.004375, 0.003958, 0.004167, 0.004292, 0.00425, 0.004208, 0.004125, 0.004042, 0.004375, 0.004208, 0.004125, 0.004709, 0.004291, 0.004375, 0.004291, 0.004417, 0.0045]
vector_wg256_i16_cap1024 stage_groups=[1]
vector_wg256_i16_cap1024 host median_ms=0.120917 p90_ms=0.128833 samples_ms=[0.13054200000000002, 0.117625, 0.112792, 0.113875, 0.12375, 0.120375, 0.124, 0.120708, 0.124666, 0.119417, 0.11108299999999999, 0.12191700000000001, 0.120917, 0.1155, 0.125834, 0.13591699999999998, 0.121708, 0.11545899999999999, 0.11775000000000001, 0.126542, 0.128833]
vector_wg256_i16_cap1024 gpu median_ms=0.004958 p90_ms=0.005125 samples_ms=[0.004875, 0.005, 0.004875, 0.004917, 0.005041, 0.004792, 0.005125, 0.004958, 0.004875, 0.004833, 0.004791, 0.004959, 0.005, 0.005083, 0.00475, 0.00525, 0.005208, 0.004916, 0.005083, 0.005041, 0.004791]
scalar_wg128_i8_cap4096 stage_groups=[1]
scalar_wg128_i8_cap4096 host median_ms=0.120916 p90_ms=0.135500 samples_ms=[0.116958, 0.113375, 0.117167, 0.141042, 0.22737500000000002, 0.121833, 0.124, 0.12091600000000001, 0.1255, 0.125292, 0.110958, 0.11979100000000001, 0.11683299999999999, 0.127667, 0.11916700000000001, 0.13549999999999998, 0.119041, 0.118667, 0.114041, 0.128583, 0.122125]
scalar_wg128_i8_cap4096 gpu median_ms=0.004291 p90_ms=0.004500 samples_ms=[0.004125, 0.004167, 0.004334, 0.004334, 0.004292, 0.004333, 0.004458, 0.004125, 0.004209, 0.004291, 0.00425, 0.004125, 0.004167, 0.004, 0.00425, 0.004708, 0.0045, 0.004375, 0.004291, 0.004208, 0.0045]
vector_wg256_i16_cap4096 stage_groups=[1]
vector_wg256_i16_cap4096 host median_ms=0.122250 p90_ms=0.133417 samples_ms=[0.128375, 0.114375, 0.115958, 0.16541599999999998, 0.114542, 0.120209, 0.121042, 0.12224999999999998, 0.12912500000000002, 0.12141700000000001, 0.111792, 0.11995800000000001, 0.127083, 0.119458, 0.130833, 0.13341699999999998, 0.122958, 0.116625, 0.13558299999999998, 0.12324999999999998, 0.12241699999999998]
vector_wg256_i16_cap4096 gpu median_ms=0.004959 p90_ms=0.005250 samples_ms=[0.00525, 0.005041, 0.004917, 0.005167, 0.004875, 0.004917, 0.00525, 0.004792, 0.004834, 0.004875, 0.004792, 0.004958, 0.00525, 0.005041, 0.004959, 0.005291, 0.005083, 0.00525, 0.005084, 0.004917, 0.004791]
n=3 expected_f64=0.023437500
baseline_wg256 stage_groups=[1]
baseline_wg256 host median_ms=0.122333 p90_ms=0.131334 samples_ms=[0.12229100000000001, 0.123667, 0.11587499999999999, 0.119625, 0.12300000000000001, 0.12108300000000001, 0.158875, 0.1265, 0.130416, 0.118333, 0.11825000000000001, 0.12208400000000001, 0.12029100000000001, 0.119792, 0.122333, 0.130416, 0.142917, 0.131334, 0.12333400000000001, 0.120333, 0.129291]
baseline_wg256 gpu median_ms=0.004209 p90_ms=0.004542 samples_ms=[0.004083, 0.004208, 0.003917, 0.003959, 0.004, 0.004125, 0.004083, 0.004666, 0.003875, 0.00425, 0.004333, 0.004209, 0.004084, 0.004292, 0.004333, 0.004459, 0.004666, 0.004542, 0.00425, 0.004333, 0.004]
scalar_wg64_i1 stage_groups=[1]
scalar_wg64_i1 host median_ms=0.121708 p90_ms=0.128583 samples_ms=[0.129209, 0.123208, 0.118334, 0.11429199999999999, 0.128583, 0.1155, 0.122292, 0.12191700000000001, 0.1205, 0.118333, 0.1235, 0.117375, 0.121459, 0.116, 0.121708, 0.122791, 0.124084, 0.136, 0.121333, 0.115125, 0.126167]
scalar_wg64_i1 gpu median_ms=0.003750 p90_ms=0.004041 samples_ms=[0.004083, 0.003792, 0.003541, 0.003541, 0.003709, 0.003542, 0.004041, 0.003708, 0.003458, 0.003833, 0.003791, 0.003709, 0.003834, 0.003709, 0.003834, 0.003917, 0.00375, 0.004083, 0.003834, 0.00375, 0.003708]
scalar_wg64_i4 stage_groups=[1]
scalar_wg64_i4 host median_ms=0.122625 p90_ms=0.130500 samples_ms=[0.123791, 0.1285, 0.11887500000000001, 0.112917, 0.1305, 0.11904200000000001, 0.120041, 0.12520799999999999, 0.117125, 0.121667, 0.121167, 0.1265, 0.127584, 0.12079100000000001, 0.12262500000000001, 0.12345800000000001, 0.11775000000000001, 0.13395900000000002, 0.123958, 0.131583, 0.121792]
scalar_wg64_i4 gpu median_ms=0.003917 p90_ms=0.004083 samples_ms=[0.003709, 0.003833, 0.003917, 0.003791, 0.003708, 0.00375, 0.004083, 0.00375, 0.003834, 0.004083, 0.003958, 0.003709, 0.003959, 0.004, 0.003917, 0.003958, 0.003959, 0.004125, 0.003958, 0.003709, 0.003833]
scalar_wg64_i8 stage_groups=[1]
scalar_wg64_i8 host median_ms=0.121208 p90_ms=0.130291 samples_ms=[0.121208, 0.120416, 0.125209, 0.118417, 0.12233400000000001, 0.11604099999999999, 0.113208, 0.116792, 0.130291, 0.11920900000000001, 0.121042, 0.119083, 0.11741700000000001, 0.122125, 0.13583399999999998, 0.12999999999999998, 0.127166, 0.130417, 0.12224999999999998, 0.11733299999999999, 0.12462500000000001]
scalar_wg64_i8 gpu median_ms=0.004208 p90_ms=0.004417 samples_ms=[0.004125, 0.004208, 0.004166, 0.003875, 0.004125, 0.004208, 0.004417, 0.004208, 0.004292, 0.00425, 0.00425, 0.003958, 0.004084, 0.004208, 0.004209, 0.004583, 0.004333, 0.004417, 0.004209, 0.004208, 0.00425]
scalar_wg64_i16 stage_groups=[1]
scalar_wg64_i16 host median_ms=0.122709 p90_ms=0.127500 samples_ms=[0.124, 0.127916, 0.119083, 0.120875, 0.112334, 0.11950000000000001, 0.125125, 0.12275, 0.124125, 0.127166, 0.11729099999999999, 0.12270900000000001, 0.12441700000000001, 0.12095900000000001, 0.1275, 0.123583, 0.115959, 0.130084, 0.11983400000000001, 0.11729099999999999, 0.121208]
scalar_wg64_i16 gpu median_ms=0.005125 p90_ms=0.005292 samples_ms=[0.005167, 0.005417, 0.005167, 0.004959, 0.005125, 0.004875, 0.005167, 0.00525, 0.004916, 0.005417, 0.005041, 0.005292, 0.004833, 0.005083, 0.004834, 0.005292, 0.005042, 0.005041, 0.005208, 0.005209, 0.004916]
vector_wg64_i4 stage_groups=[1]
vector_wg64_i4 host median_ms=0.123916 p90_ms=0.134417 samples_ms=[0.130583, 0.11875, 0.126166, 0.12416599999999998, 0.111125, 0.11825000000000001, 0.172792, 0.11775000000000001, 0.126833, 0.121709, 0.124041, 0.11825000000000001, 0.12341699999999999, 0.24558300000000002, 0.127584, 0.122917, 0.12391600000000001, 0.12725, 0.134417, 0.11804100000000001, 0.121708]
vector_wg64_i4 gpu median_ms=0.004042 p90_ms=0.004208 samples_ms=[0.004083, 0.003959, 0.004166, 0.003917, 0.004041, 0.004083, 0.004, 0.004209, 0.003916, 0.004125, 0.004292, 0.004042, 0.003917, 0.003708, 0.003917, 0.004208, 0.004084, 0.004, 0.004125, 0.004125, 0.004]
vector_wg64_i8 stage_groups=[1]
vector_wg64_i8 host median_ms=0.121500 p90_ms=0.123875 samples_ms=[0.130959, 0.12875, 0.120583, 0.11950000000000001, 0.11716599999999999, 0.123791, 0.120209, 0.123791, 0.1215, 0.12125000000000001, 0.12387499999999999, 0.12345800000000001, 0.123041, 0.120583, 0.11950000000000001, 0.12324999999999998, 0.12000000000000001, 0.12283300000000001, 0.117208, 0.11770800000000001, 0.12237500000000001]
vector_wg64_i8 gpu median_ms=0.004250 p90_ms=0.004458 samples_ms=[0.004542, 0.004333, 0.00425, 0.004125, 0.00425, 0.004375, 0.004541, 0.004125, 0.004042, 0.004167, 0.004375, 0.00425, 0.004125, 0.004333, 0.00425, 0.004209, 0.004458, 0.004166, 0.00425, 0.004292, 0.004167]
vector_wg64_i16 stage_groups=[1]
vector_wg64_i16 host median_ms=0.121333 p90_ms=0.127958 samples_ms=[0.252375, 0.117083, 0.119583, 0.112667, 0.121333, 0.120041, 0.11904200000000001, 0.13566699999999998, 0.12795800000000002, 0.125541, 0.123292, 0.119959, 0.127208, 0.11625, 0.124917, 0.121333, 0.124208, 0.12395900000000001, 0.125333, 0.115333, 0.11966700000000001]
vector_wg64_i16 gpu median_ms=0.004500 p90_ms=0.004666 samples_ms=[0.004834, 0.004625, 0.004666, 0.004333, 0.004458, 0.004292, 0.004583, 0.004375, 0.004209, 0.004584, 0.004583, 0.004459, 0.0045, 0.004417, 0.004292, 0.004333, 0.00475, 0.004625, 0.0045, 0.004542, 0.004459]
scalar_wg128_i1 stage_groups=[1]
scalar_wg128_i1 host median_ms=0.121334 p90_ms=0.127375 samples_ms=[0.13070900000000002, 0.120917, 0.121875, 0.11270899999999999, 0.11775000000000001, 0.119125, 0.121334, 0.12000000000000001, 0.125417, 0.121959, 0.11787500000000001, 0.11837500000000001, 0.12320899999999999, 0.127375, 0.11950000000000001, 0.125416, 0.12095900000000001, 0.134584, 0.125958, 0.126167, 0.120208]
scalar_wg128_i1 gpu median_ms=0.003791 p90_ms=0.003958 samples_ms=[0.003875, 0.003833, 0.00375, 0.00375, 0.003708, 0.003958, 0.003625, 0.003791, 0.003833, 0.003791, 0.003792, 0.00375, 0.003709, 0.003958, 0.003709, 0.004, 0.003791, 0.003959, 0.003625, 0.003917, 0.003875]
scalar_wg128_i4 stage_groups=[1]
scalar_wg128_i4 host median_ms=0.122250 p90_ms=0.128916 samples_ms=[0.121208, 0.121709, 0.126666, 0.114333, 0.111459, 0.116709, 0.12425000000000001, 0.113916, 0.128916, 0.12291599999999998, 0.112416, 0.12029100000000001, 0.12245800000000001, 0.120333, 0.12233400000000001, 0.12308299999999998, 0.126041, 0.134375, 0.114083, 0.261, 0.12224999999999998]
scalar_wg128_i4 gpu median_ms=0.004000 p90_ms=0.004250 samples_ms=[0.003958, 0.004167, 0.003916, 0.003834, 0.003958, 0.004, 0.004041, 0.004125, 0.004333, 0.003875, 0.004291, 0.003916, 0.004042, 0.004, 0.004125, 0.004, 0.004167, 0.003875, 0.003875, 0.003875, 0.00425]
scalar_wg128_i8 stage_groups=[1]
scalar_wg128_i8 host median_ms=0.120834 p90_ms=0.128209 samples_ms=[0.12820900000000002, 0.121, 0.143667, 0.121875, 0.11804100000000001, 0.121708, 0.120083, 0.118291, 0.11854200000000001, 0.126, 0.117125, 0.117125, 0.120834, 0.12795800000000002, 0.11804200000000001, 0.125375, 0.12091600000000001, 0.13745900000000003, 0.115125, 0.118667, 0.11887500000000001]
scalar_wg128_i8 gpu median_ms=0.004292 p90_ms=0.004459 samples_ms=[0.004167, 0.004333, 0.004333, 0.004292, 0.004083, 0.004459, 0.004167, 0.004416, 0.004541, 0.004292, 0.004458, 0.004125, 0.004375, 0.0045, 0.004125, 0.004209, 0.004209, 0.004209, 0.004417, 0.004208, 0.004417]
scalar_wg128_i16 stage_groups=[1]
scalar_wg128_i16 host median_ms=0.121125 p90_ms=0.126917 samples_ms=[0.12404199999999999, 0.126917, 0.126917, 0.1185, 0.11075, 0.11625, 0.125542, 0.120083, 0.121125, 0.11933300000000001, 0.119458, 0.11349999999999999, 0.121375, 0.119292, 0.126083, 0.13020800000000002, 0.12345800000000001, 0.13029200000000002, 0.116834, 0.11654199999999999, 0.125]
scalar_wg128_i16 gpu median_ms=0.005416 p90_ms=0.005541 samples_ms=[0.005208, 0.00525, 0.005208, 0.005208, 0.005416, 0.005417, 0.005625, 0.005458, 0.005416, 0.005167, 0.005541, 0.005167, 0.005375, 0.0055, 0.005167, 0.00525, 0.0055, 0.005708, 0.005417, 0.005458, 0.005458]
vector_wg128_i4 stage_groups=[1]
vector_wg128_i4 host median_ms=0.120083 p90_ms=0.128875 samples_ms=[0.120083, 0.126083, 0.122292, 0.109292, 0.10775, 0.12216700000000001, 0.11637499999999999, 0.124375, 0.11837500000000001, 0.12241699999999998, 0.125541, 0.115792, 0.11425, 0.129542, 0.121541, 0.128875, 0.11979100000000001, 0.13208299999999998, 0.113584, 0.114083, 0.119792]
vector_wg128_i4 gpu median_ms=0.004125 p90_ms=0.004250 samples_ms=[0.004042, 0.004208, 0.004, 0.003959, 0.004167, 0.004084, 0.004416, 0.004167, 0.004125, 0.003917, 0.004125, 0.004084, 0.003917, 0.003959, 0.004292, 0.003958, 0.00425, 0.004167, 0.00425, 0.004208, 0.004]
vector_wg128_i8 stage_groups=[1]
vector_wg128_i8 host median_ms=0.122250 p90_ms=0.135000 samples_ms=[0.12262500000000001, 0.127584, 0.144208, 0.111792, 0.112625, 0.117958, 0.249459, 0.117416, 0.111416, 0.135, 0.12804200000000002, 0.11816600000000001, 0.11645900000000001, 0.12208299999999998, 0.127542, 0.126416, 0.12224999999999998, 0.131291, 0.126125, 0.112583, 0.118959]
vector_wg128_i8 gpu median_ms=0.004334 p90_ms=0.004667 samples_ms=[0.004875, 0.004334, 0.004292, 0.00425, 0.0045, 0.004334, 0.004333, 0.004291, 0.004208, 0.004334, 0.004333, 0.004416, 0.004292, 0.004459, 0.004542, 0.004667, 0.004334, 0.004334, 0.004375, 0.004667, 0.004208]
vector_wg128_i16 stage_groups=[1]
vector_wg128_i16 host median_ms=0.120584 p90_ms=0.131667 samples_ms=[0.138333, 0.123084, 0.133125, 0.11825000000000001, 0.101875, 0.117083, 0.130958, 0.131667, 0.11733299999999999, 0.12929200000000002, 0.12220800000000001, 0.11524999999999999, 0.114667, 0.130625, 0.120584, 0.11716599999999999, 0.126333, 0.12995800000000002, 0.120542, 0.11558399999999999, 0.12045800000000001]
vector_wg128_i16 gpu median_ms=0.004500 p90_ms=0.004667 samples_ms=[0.004625, 0.004917, 0.004458, 0.004292, 0.004291, 0.004541, 0.004458, 0.004792, 0.004333, 0.004417, 0.004458, 0.004667, 0.004625, 0.0045, 0.004666, 0.004375, 0.004625, 0.0045, 0.004542, 0.004583, 0.004209]
scalar_wg256_i1 stage_groups=[1]
scalar_wg256_i1 host median_ms=0.122625 p90_ms=0.138375 samples_ms=[0.138375, 0.1185, 0.106667, 0.11620899999999999, 0.135291, 0.1775, 0.11725000000000001, 0.125292, 0.122125, 0.217375, 0.127375, 0.113833, 0.122583, 0.122209, 0.134209, 0.128542, 0.121542, 0.12262500000000001, 0.118125, 0.123042, 0.125584]
scalar_wg256_i1 gpu median_ms=0.004083 p90_ms=0.004250 samples_ms=[0.004417, 0.004, 0.003958, 0.004042, 0.003959, 0.004041, 0.004084, 0.004166, 0.00425, 0.004, 0.004042, 0.004083, 0.004291, 0.003959, 0.004084, 0.004166, 0.004208, 0.004041, 0.004125, 0.004125, 0.004042]
scalar_wg256_i4 stage_groups=[1]
scalar_wg256_i4 host median_ms=0.123750 p90_ms=0.131167 samples_ms=[0.139708, 0.12220800000000001, 0.10433300000000001, 0.131167, 0.126959, 0.12725, 0.1205, 0.127291, 0.121959, 0.129417, 0.12495900000000001, 0.117542, 0.122125, 0.12375, 0.12320899999999999, 0.12545800000000001, 0.10866600000000001, 0.134083, 0.11237499999999999, 0.11745900000000001, 0.125417]
scalar_wg256_i4 gpu median_ms=0.004334 p90_ms=0.004542 samples_ms=[0.00475, 0.0045, 0.004542, 0.004292, 0.004542, 0.004333, 0.004209, 0.004542, 0.004583, 0.004416, 0.004292, 0.004334, 0.004083, 0.00425, 0.004291, 0.004417, 0.00425, 0.004375, 0.004208, 0.004542, 0.004292]
scalar_wg256_i8 stage_groups=[1]
scalar_wg256_i8 host median_ms=0.122709 p90_ms=0.135292 samples_ms=[0.133583, 0.11770800000000001, 0.10450000000000001, 0.131417, 0.125375, 0.125375, 0.11979100000000001, 0.121125, 0.12216700000000001, 0.135292, 0.12458400000000001, 0.154084, 0.238208, 0.12270900000000001, 0.12016700000000001, 0.12158300000000001, 0.12595900000000002, 0.121042, 0.114042, 0.11854200000000001, 0.126]
scalar_wg256_i8 gpu median_ms=0.004792 p90_ms=0.005000 samples_ms=[0.005208, 0.004875, 0.004917, 0.004541, 0.004792, 0.004666, 0.00475, 0.004791, 0.004875, 0.004666, 0.004625, 0.004791, 0.004958, 0.004583, 0.004625, 0.004875, 0.00475, 0.005042, 0.005, 0.005, 0.004792]
scalar_wg256_i16 stage_groups=[1]
scalar_wg256_i16 host median_ms=0.121958 p90_ms=0.132000 samples_ms=[0.134459, 0.120708, 0.10337500000000001, 0.117167, 0.115792, 0.121958, 0.12308299999999998, 0.119041, 0.123333, 0.131292, 0.11524999999999999, 0.168042, 0.119041, 0.123125, 0.117834, 0.12237500000000001, 0.120709, 0.132, 0.131541, 0.115042, 0.123542]
scalar_wg256_i16 gpu median_ms=0.005916 p90_ms=0.006083 samples_ms=[0.006208, 0.005917, 0.006, 0.005792, 0.00575, 0.005875, 0.005833, 0.005792, 0.006083, 0.005958, 0.005916, 0.005834, 0.005875, 0.005666, 0.006083, 0.006083, 0.005917, 0.005916, 0.005958, 0.006, 0.005834]
vector_wg256_i4 stage_groups=[1]
vector_wg256_i4 host median_ms=0.123625 p90_ms=0.133291 samples_ms=[0.134083, 0.11645900000000001, 0.10629200000000001, 0.11574999999999999, 0.12812500000000002, 0.125, 0.12945900000000002, 0.11995800000000001, 0.128333, 0.12904100000000002, 0.116834, 0.12362500000000001, 0.110417, 0.121125, 0.12275, 0.125417, 0.13674999999999998, 0.121667, 0.13329100000000002, 0.119459, 0.12504200000000001]
vector_wg256_i4 gpu median_ms=0.004333 p90_ms=0.004583 samples_ms=[0.004708, 0.004375, 0.004583, 0.004292, 0.004333, 0.004167, 0.004583, 0.004292, 0.0045, 0.00425, 0.004542, 0.004, 0.004208, 0.004292, 0.004458, 0.004208, 0.00425, 0.004583, 0.0045, 0.004333, 0.004417]
vector_wg256_i8 stage_groups=[1]
vector_wg256_i8 host median_ms=0.123125 p90_ms=0.130709 samples_ms=[0.13262500000000002, 0.122125, 0.108542, 0.122708, 0.126917, 0.123125, 0.126334, 0.117958, 0.11966600000000001, 0.127584, 0.11699999999999999, 0.124583, 0.11458299999999999, 0.124583, 0.123125, 0.26379199999999997, 0.122125, 0.13070900000000002, 0.129541, 0.121667, 0.113875]
vector_wg256_i8 gpu median_ms=0.005000 p90_ms=0.005084 samples_ms=[0.004833, 0.004791, 0.005083, 0.005084, 0.004792, 0.00475, 0.004791, 0.005083, 0.005, 0.027459, 0.005, 0.004792, 0.00475, 0.00525, 0.005042, 0.005041, 0.00475, 0.005, 0.005042, 0.004958, 0.004875]
vector_wg256_i16 stage_groups=[1]
vector_wg256_i16 host median_ms=0.120125 p90_ms=0.130375 samples_ms=[0.13037500000000002, 0.119541, 0.10204099999999999, 0.116083, 0.120042, 0.11699999999999999, 0.12504200000000001, 0.121916, 0.133958, 0.127, 0.118, 0.12012500000000001, 0.12787500000000002, 0.12029100000000001, 0.115375, 0.11904200000000001, 0.11654199999999999, 0.124208, 0.12675, 0.119417, 0.155792]
vector_wg256_i16 gpu median_ms=0.005042 p90_ms=0.005125 samples_ms=[0.005084, 0.005084, 0.005125, 0.004917, 0.004917, 0.004833, 0.004833, 0.005084, 0.005042, 0.005125, 0.005125, 0.004958, 0.005042, 0.005042, 0.004834, 0.005208, 0.004959, 0.005084, 0.005084, 0.004958, 0.005209]
scalar_wg128_i8_cap256 stage_groups=[1]
scalar_wg128_i8_cap256 host median_ms=0.118917 p90_ms=0.125208 samples_ms=[0.117042, 0.122042, 0.103792, 0.11591699999999999, 0.11666599999999999, 0.121708, 0.121875, 0.12204100000000001, 0.129708, 0.11966600000000001, 0.115125, 0.12520799999999999, 0.118917, 0.12520799999999999, 0.11591699999999999, 0.113833, 0.117042, 0.121958, 0.11412499999999999, 0.115042, 0.168333]
scalar_wg128_i8_cap256 gpu median_ms=0.004333 p90_ms=0.004500 samples_ms=[0.004416, 0.004417, 0.0045, 0.004208, 0.004333, 0.004333, 0.004208, 0.0045, 0.0045, 0.004542, 0.0045, 0.004167, 0.00425, 0.004417, 0.004292, 0.004375, 0.004333, 0.00425, 0.004208, 0.004333, 0.004583]
vector_wg256_i16_cap256 stage_groups=[1]
vector_wg256_i16_cap256 host median_ms=0.122333 p90_ms=0.129542 samples_ms=[0.12266600000000001, 0.121792, 0.105125, 0.11433399999999999, 0.122333, 0.123666, 0.121625, 0.118417, 0.126083, 0.127041, 0.13037500000000002, 0.120209, 0.130875, 0.12445800000000001, 0.118, 0.112083, 0.1145, 0.11775000000000001, 0.12316700000000001, 0.12604200000000002, 0.129542]
vector_wg256_i16_cap256 gpu median_ms=0.005083 p90_ms=0.005208 samples_ms=[0.005, 0.005125, 0.005083, 0.004875, 0.005208, 0.005041, 0.005084, 0.005167, 0.005167, 0.00525, 0.004833, 0.004791, 0.005125, 0.00525, 0.005084, 0.004833, 0.00475, 0.004958, 0.004791, 0.005125, 0.004917]
scalar_wg128_i8_cap1024 stage_groups=[1]
scalar_wg128_i8_cap1024 host median_ms=0.121750 p90_ms=0.130916 samples_ms=[0.11887500000000001, 0.12441700000000001, 0.103791, 0.127041, 0.12075, 0.12175000000000001, 0.1185, 0.129541, 0.128375, 0.12316700000000001, 0.130916, 0.124583, 0.115042, 0.123833, 0.133292, 0.110417, 0.11787500000000001, 0.135959, 0.113625, 0.115042, 0.119375]
scalar_wg128_i8_cap1024 gpu median_ms=0.004416 p90_ms=0.004542 samples_ms=[0.004417, 0.004542, 0.0045, 0.004333, 0.004458, 0.004459, 0.004292, 0.004416, 0.004416, 0.004416, 0.004083, 0.004583, 0.004208, 0.004459, 0.004458, 0.00425, 0.004292, 0.00425, 0.004167, 0.004666, 0.004208]
vector_wg256_i16_cap1024 stage_groups=[1]
vector_wg256_i16_cap1024 host median_ms=0.123209 p90_ms=0.136375 samples_ms=[0.126583, 0.11925, 0.10325000000000001, 0.117125, 0.24875, 0.11541699999999999, 0.111458, 0.12379200000000001, 0.129917, 0.12725, 0.136916, 0.12283300000000001, 0.136375, 0.122708, 0.132292, 0.11729200000000001, 0.12320899999999999, 0.124709, 0.11699999999999999, 0.114417, 0.12587500000000001]
vector_wg256_i16_cap1024 gpu median_ms=0.005083 p90_ms=0.005250 samples_ms=[0.00525, 0.00525, 0.005125, 0.004917, 0.005167, 0.005166, 0.004917, 0.00525, 0.004875, 0.004833, 0.004958, 0.005083, 0.004833, 0.004958, 0.005125, 0.005084, 0.004958, 0.005083, 0.004959, 0.005125, 0.004917]
scalar_wg128_i8_cap4096 stage_groups=[1]
scalar_wg128_i8_cap4096 host median_ms=0.123625 p90_ms=0.130208 samples_ms=[0.12362500000000001, 0.12191700000000001, 0.10308300000000001, 0.119875, 0.13020800000000002, 0.118292, 0.12404199999999999, 0.125167, 0.126208, 0.136, 0.12433299999999999, 0.124, 0.11741700000000001, 0.113541, 0.126, 0.128, 0.11691700000000001, 0.12208400000000001, 0.14100000000000001, 0.1235, 0.120416]
scalar_wg128_i8_cap4096 gpu median_ms=0.004333 p90_ms=0.004542 samples_ms=[0.004167, 0.004292, 0.004333, 0.004208, 0.004542, 0.004208, 0.004084, 0.004208, 0.004291, 0.004458, 0.004583, 0.004208, 0.004458, 0.0045, 0.004417, 0.004542, 0.00425, 0.004291, 0.004458, 0.0045, 0.004416]
vector_wg256_i16_cap4096 stage_groups=[1]
vector_wg256_i16_cap4096 host median_ms=0.121416 p90_ms=0.136625 samples_ms=[0.12275, 0.113125, 0.118292, 0.11375, 0.130083, 0.11587499999999999, 0.139458, 0.150292, 0.136625, 0.132917, 0.125542, 0.11729099999999999, 0.119208, 0.11787500000000001, 0.12095800000000001, 0.12141600000000001, 0.119917, 0.121542, 0.124375, 0.11837500000000001, 0.123041]
vector_wg256_i16_cap4096 gpu median_ms=0.005041 p90_ms=0.005167 samples_ms=[0.005, 0.005084, 0.004958, 0.004792, 0.005125, 0.005083, 0.005041, 0.005125, 0.004917, 0.004958, 0.00525, 0.005125, 0.004833, 0.005042, 0.005167, 0.004959, 0.005041, 0.004916, 0.004875, 0.005167, 0.005042]
n=4097 expected_f64=2004.375000000
baseline_wg256 stage_groups=[17, 1]
baseline_wg256 host median_ms=0.121792 p90_ms=0.128041 samples_ms=[0.11950000000000001, 0.121792, 0.11920900000000001, 0.124583, 0.132167, 0.121542, 0.12629100000000001, 0.126833, 0.121541, 0.12604200000000002, 0.123041, 0.12362500000000001, 0.12175000000000001, 0.128041, 0.12125000000000001, 0.119084, 0.1185, 0.130917, 0.121167, 0.12754100000000002, 0.120333]
baseline_wg256 gpu median_ms=0.006959 p90_ms=0.007125 samples_ms=[0.006792, 0.007, 0.007125, 0.007041, 0.006875, 0.007166, 0.006875, 0.006958, 0.00725, 0.006917, 0.006916, 0.007, 0.007083, 0.007083, 0.006833, 0.006916, 0.006875, 0.007084, 0.007041, 0.006959, 0.006834]
scalar_wg64_i1 stage_groups=[65, 2, 1]
scalar_wg64_i1 host median_ms=0.128917 p90_ms=0.135166 samples_ms=[0.12062500000000001, 0.127375, 0.129, 0.135166, 0.14525000000000002, 0.118458, 0.129042, 0.131708, 0.125667, 0.128917, 0.131708, 0.12912500000000002, 0.126375, 0.127333, 0.123833, 0.1295, 0.126833, 0.14091700000000001, 0.126334, 0.130084, 0.128416]
scalar_wg64_i1 gpu median_ms=0.008750 p90_ms=0.009292 samples_ms=[0.00875, 0.010083, 0.009083, 0.008917, 0.008667, 0.0085, 0.008667, 0.009083, 0.009334, 0.00875, 0.00875, 0.008458, 0.00875, 0.00875, 0.00875, 0.008584, 0.009292, 0.009, 0.008709, 0.008792, 0.008625]
scalar_wg64_i4 stage_groups=[17, 1]
scalar_wg64_i4 host median_ms=0.123375 p90_ms=0.133416 samples_ms=[0.12079200000000001, 0.13666599999999998, 0.12595900000000002, 0.13137500000000002, 0.141875, 0.125583, 0.118625, 0.130083, 0.121833, 0.126375, 0.122917, 0.122209, 0.12045800000000001, 0.121666, 0.123375, 0.127459, 0.125292, 0.12279200000000001, 0.11950000000000001, 0.133416, 0.12025]
scalar_wg64_i4 gpu median_ms=0.007167 p90_ms=0.007542 samples_ms=[0.007167, 0.007875, 0.007, 0.007333, 0.008, 0.007125, 0.007542, 0.007416, 0.007542, 0.007042, 0.007084, 0.007166, 0.007041, 0.006916, 0.007167, 0.007417, 0.007459, 0.007542, 0.007, 0.007334, 0.006917]
scalar_wg64_i8 stage_groups=[9, 1]
scalar_wg64_i8 host median_ms=0.127041 p90_ms=0.147875 samples_ms=[0.121458, 0.147875, 0.12462500000000001, 0.11950000000000001, 0.13683299999999998, 0.117083, 0.121167, 0.138042, 0.138375, 0.134625, 0.127041, 0.124, 0.15154099999999998, 0.12966599999999998, 0.116834, 0.12458400000000001, 0.125667, 0.256583, 0.1185, 0.13224999999999998, 0.130791]
scalar_wg64_i8 gpu median_ms=0.008833 p90_ms=0.009375 samples_ms=[0.008667, 0.009542, 0.0085, 0.009125, 0.00975, 0.008666, 0.008708, 0.008917, 0.009375, 0.008834, 0.008917, 0.00875, 0.00875, 0.008667, 0.009042, 0.008833, 0.009125, 0.009, 0.008667, 0.00875, 0.00875]
scalar_wg64_i16 stage_groups=[5, 1]
scalar_wg64_i16 host median_ms=0.132209 p90_ms=0.144459 samples_ms=[0.125834, 0.144459, 0.132334, 0.258083, 0.138542, 0.132209, 0.127959, 0.136, 0.12720900000000002, 0.126916, 0.134458, 0.137458, 0.17241700000000001, 0.122708, 0.129834, 0.134542, 0.12804200000000002, 0.129917, 0.128667, 0.13566699999999998, 0.1305]
scalar_wg64_i16 gpu median_ms=0.012791 p90_ms=0.012958 samples_ms=[0.012541, 0.013542, 0.012583, 0.012791, 0.012875, 0.012917, 0.012834, 0.012875, 0.012917, 0.012667, 0.012666, 0.01275, 0.012625, 0.012958, 0.012875, 0.012667, 0.012458, 0.013083, 0.012625, 0.012833, 0.01275]
vector_wg64_i4 stage_groups=[17, 1]
vector_wg64_i4 host median_ms=0.125333 p90_ms=0.131250 samples_ms=[0.118292, 0.137209, 0.1285, 0.12741599999999997, 0.120417, 0.12720900000000002, 0.112459, 0.1185, 0.127, 0.132541, 0.11641699999999999, 0.127166, 0.125209, 0.113375, 0.125375, 0.119375, 0.122166, 0.125333, 0.13125, 0.127833, 0.117916]
vector_wg64_i4 gpu median_ms=0.006833 p90_ms=0.007083 samples_ms=[0.006666, 0.007167, 0.006833, 0.006917, 0.006916, 0.006667, 0.007083, 0.006709, 0.007, 0.006833, 0.006666, 0.0065, 0.007125, 0.00675, 0.00675, 0.006875, 0.006917, 0.006916, 0.006791, 0.006667, 0.00675]
vector_wg64_i8 stage_groups=[9, 1]
vector_wg64_i8 host median_ms=0.124333 p90_ms=0.132958 samples_ms=[0.116584, 0.132958, 0.125125, 0.12433299999999999, 0.130667, 0.139458, 0.121625, 0.126041, 0.11670799999999999, 0.129375, 0.12245800000000001, 0.12470800000000001, 0.132166, 0.11479199999999999, 0.13566699999999998, 0.127375, 0.122125, 0.119125, 0.12175000000000001, 0.122459, 0.11870800000000001]
vector_wg64_i8 gpu median_ms=0.007208 p90_ms=0.007417 samples_ms=[0.00725, 0.007125, 0.007083, 0.007417, 0.007083, 0.008125, 0.00725, 0.007041, 0.007208, 0.007125, 0.007167, 0.007125, 0.007208, 0.007333, 0.007125, 0.007375, 0.007417, 0.007375, 0.007417, 0.007125, 0.007083]
vector_wg64_i16 stage_groups=[5, 1]
vector_wg64_i16 host median_ms=0.124625 p90_ms=0.129041 samples_ms=[0.118584, 0.12904100000000002, 0.125958, 0.11779099999999999, 0.128417, 0.15075, 0.12445800000000001, 0.116625, 0.125834, 0.127, 0.12462500000000001, 0.12445800000000001, 0.129291, 0.11220799999999999, 0.127041, 0.11975, 0.125583, 0.11854100000000001, 0.121292, 0.128875, 0.119417]
vector_wg64_i16 gpu median_ms=0.008125 p90_ms=0.008291 samples_ms=[0.007959, 0.008167, 0.007917, 0.00825, 0.008, 0.008125, 0.008292, 0.008292, 0.008208, 0.008208, 0.007958, 0.007959, 0.007875, 0.007875, 0.00825, 0.007791, 0.008208, 0.007833, 0.008291, 0.007917, 0.00825]
scalar_wg128_i1 stage_groups=[33, 1]
scalar_wg128_i1 host median_ms=0.123583 p90_ms=0.126375 samples_ms=[0.12345800000000001, 0.126208, 0.125375, 0.12125000000000001, 0.12391600000000001, 0.143917, 0.116458, 0.116333, 0.12425000000000001, 0.123583, 0.120709, 0.126917, 0.125417, 0.113125, 0.12016700000000001, 0.126375, 0.122292, 0.124583, 0.11966700000000001, 0.12495799999999999, 0.11745900000000001]
scalar_wg128_i1 gpu median_ms=0.006625 p90_ms=0.006750 samples_ms=[0.006375, 0.006625, 0.006584, 0.006625, 0.006625, 0.006542, 0.00675, 0.00675, 0.006834, 0.006625, 0.00675, 0.006584, 0.006417, 0.006417, 0.006584, 0.006708, 0.006625, 0.006708, 0.006625, 0.006583, 0.006417]
scalar_wg128_i4 stage_groups=[9, 1]
scalar_wg128_i4 host median_ms=0.123750 p90_ms=0.127125 samples_ms=[0.120417, 0.1265, 0.12316700000000001, 0.11654199999999999, 0.12375, 0.13999999999999999, 0.124167, 0.112, 0.12491600000000001, 0.11950000000000001, 0.12433299999999999, 0.121042, 0.1265, 0.1125, 0.122667, 0.12449999999999999, 0.126917, 0.127125, 0.121458, 0.13275, 0.120042]
scalar_wg128_i4 gpu median_ms=0.007458 p90_ms=0.007708 samples_ms=[0.007375, 0.0075, 0.007708, 0.007834, 0.007375, 0.008125, 0.007584, 0.007666, 0.007417, 0.007458, 0.007708, 0.007541, 0.007333, 0.007417, 0.007416, 0.007416, 0.007584, 0.007417, 0.007625, 0.007417, 0.007417]
scalar_wg128_i8 stage_groups=[5, 1]
scalar_wg128_i8 host median_ms=0.125291 p90_ms=0.140125 samples_ms=[0.118834, 0.13674999999999998, 0.11887500000000001, 0.12670800000000002, 0.12033400000000001, 0.143125, 0.12587500000000001, 0.12204100000000001, 0.140125, 0.130458, 0.1325, 0.125291, 0.128334, 0.11804200000000001, 0.123333, 0.148833, 0.122, 0.130583, 0.115, 0.119584, 0.1215]
scalar_wg128_i8 gpu median_ms=0.008958 p90_ms=0.009125 samples_ms=[0.008834, 0.008958, 0.009125, 0.009, 0.009, 0.008917, 0.009375, 0.008916, 0.009125, 0.008833, 0.008917, 0.009084, 0.008875, 0.008875, 0.008958, 0.008833, 0.009, 0.008958, 0.009083, 0.009, 0.008959]
scalar_wg128_i16 stage_groups=[3, 1]
scalar_wg128_i16 host median_ms=0.132750 p90_ms=0.150083 samples_ms=[0.12975, 0.138667, 0.136333, 0.12520799999999999, 0.150083, 0.147417, 0.13395900000000002, 0.158417, 0.137792, 0.130916, 0.137375, 0.127417, 0.13208299999999998, 0.12575, 0.13275, 0.129042, 0.136209, 0.12829200000000002, 0.182416, 0.13125, 0.127417]
scalar_wg128_i16 gpu median_ms=0.013375 p90_ms=0.013833 samples_ms=[0.013584, 0.013541, 0.012833, 0.013166, 0.013208, 0.013833, 0.013625, 0.013333, 0.013333, 0.013917, 0.01275, 0.013959, 0.013584, 0.012709, 0.013667, 0.0135, 0.013375, 0.012625, 0.013166, 0.013375, 0.013625]
vector_wg128_i4 stage_groups=[9, 1]
vector_wg128_i4 host median_ms=0.122625 p90_ms=0.134209 samples_ms=[0.116167, 0.131917, 0.118625, 0.120042, 0.179083, 0.13362500000000002, 0.134209, 0.11916700000000001, 0.123041, 0.12262500000000001, 0.128667, 0.125834, 0.12275, 0.112834, 0.119041, 0.122958, 0.12095800000000001, 0.12095800000000001, 0.135833, 0.121125, 0.114333]
vector_wg128_i4 gpu median_ms=0.006958 p90_ms=0.007125 samples_ms=[0.006917, 0.007, 0.007083, 0.007125, 0.006875, 0.006834, 0.006958, 0.006792, 0.006875, 0.007208, 0.006917, 0.00675, 0.006958, 0.007125, 0.007, 0.007083, 0.007208, 0.006792, 0.006875, 0.006958, 0.006833]
vector_wg128_i8 stage_groups=[5, 1]
vector_wg128_i8 host median_ms=0.125291 p90_ms=0.129833 samples_ms=[0.123125, 0.127625, 0.12275, 0.11545899999999999, 0.13883299999999998, 0.140375, 0.12720900000000002, 0.116292, 0.127458, 0.125167, 0.12812500000000002, 0.12208299999999998, 0.126167, 0.12316700000000001, 0.125291, 0.119375, 0.12983299999999998, 0.115125, 0.125791, 0.124167, 0.127833]
vector_wg128_i8 gpu median_ms=0.007500 p90_ms=0.007708 samples_ms=[0.0075, 0.0075, 0.0075, 0.007583, 0.008208, 0.007417, 0.007375, 0.007708, 0.007333, 0.007458, 0.007333, 0.007667, 0.007333, 0.007458, 0.007917, 0.007416, 0.007625, 0.007208, 0.007625, 0.007333, 0.007625]
vector_wg128_i16 stage_groups=[3, 1]
vector_wg128_i16 host median_ms=0.124166 p90_ms=0.130000 samples_ms=[0.11933300000000001, 0.125667, 0.12829200000000002, 0.124167, 0.13525, 0.12720900000000002, 0.12479200000000001, 0.11687499999999999, 0.123292, 0.12416599999999998, 0.121084, 0.12441700000000001, 0.12224999999999998, 0.12999999999999998, 0.139625, 0.11625, 0.11875, 0.12395900000000001, 0.126292, 0.118333, 0.11729200000000001]
vector_wg128_i16 gpu median_ms=0.008208 p90_ms=0.008375 samples_ms=[0.008292, 0.008333, 0.008416, 0.008375, 0.0085, 0.008208, 0.00825, 0.00825, 0.007833, 0.008292, 0.008, 0.008375, 0.008083, 0.008, 0.008167, 0.008333, 0.008083, 0.007958, 0.008, 0.008125, 0.008167]
scalar_wg256_i1 stage_groups=[17, 1]
scalar_wg256_i1 host median_ms=0.125125 p90_ms=0.128875 samples_ms=[0.11474999999999999, 0.138292, 0.12045800000000001, 0.123583, 0.128208, 0.125125, 0.129583, 0.1185, 0.126417, 0.121333, 0.12570800000000001, 0.121292, 0.125541, 0.124709, 0.128875, 0.12725, 0.12787500000000002, 0.117667, 0.126292, 0.117667, 0.117834]
scalar_wg256_i1 gpu median_ms=0.007083 p90_ms=0.007666 samples_ms=[0.007375, 0.007708, 0.007375, 0.00725, 0.007834, 0.006958, 0.007, 0.007, 0.006917, 0.007666, 0.007083, 0.007, 0.006833, 0.006958, 0.007042, 0.006958, 0.007167, 0.007166, 0.007208, 0.007166, 0.006833]
scalar_wg256_i4 stage_groups=[5, 1]
scalar_wg256_i4 host median_ms=0.123709 p90_ms=0.143416 samples_ms=[0.121541, 0.143416, 0.119291, 0.12191700000000001, 0.131959, 0.126917, 0.121375, 0.22962500000000002, 0.12262500000000001, 0.130083, 0.12675, 0.127125, 0.122958, 0.249167, 0.12029200000000001, 0.12000000000000001, 0.12466699999999999, 0.123709, 0.1295, 0.11925, 0.118917]
scalar_wg256_i4 gpu median_ms=0.008000 p90_ms=0.008167 samples_ms=[0.007875, 0.008083, 0.008167, 0.008292, 0.008834, 0.008042, 0.008166, 0.008167, 0.007916, 0.008125, 0.008166, 0.008, 0.008, 0.007875, 0.007916, 0.007875, 0.007875, 0.007667, 0.008, 0.008, 0.007958]
scalar_wg256_i8 stage_groups=[3, 1]
scalar_wg256_i8 host median_ms=0.130000 p90_ms=0.142250 samples_ms=[0.135875, 0.14225, 0.121625, 0.126, 0.144875, 0.133125, 0.11925, 0.12825, 0.12462500000000001, 0.13774999999999998, 0.13137500000000002, 0.130083, 0.127625, 0.12829200000000002, 0.132958, 0.12458400000000001, 0.227541, 0.127959, 0.13262500000000002, 0.12999999999999998, 0.128417]
scalar_wg256_i8 gpu median_ms=0.009708 p90_ms=0.009959 samples_ms=[0.0095, 0.010292, 0.009709, 0.00975, 0.010417, 0.00975, 0.009416, 0.009959, 0.009666, 0.009583, 0.009458, 0.00975, 0.0095, 0.009708, 0.009667, 0.009709, 0.009458, 0.009708, 0.009709, 0.0095, 0.009541]
scalar_wg256_i16 stage_groups=[2, 1]
scalar_wg256_i16 host median_ms=0.130125 p90_ms=0.145959 samples_ms=[0.134917, 0.128584, 0.128375, 0.15, 0.274708, 0.145792, 0.129416, 0.126625, 0.126667, 0.145959, 0.122875, 0.133125, 0.126166, 0.127375, 0.13175, 0.14191700000000002, 0.13012500000000002, 0.133167, 0.1285, 0.13208299999999998, 0.126167]
scalar_wg256_i16 gpu median_ms=0.014208 p90_ms=0.014417 samples_ms=[0.014291, 0.014417, 0.013958, 0.014292, 0.014333, 0.014292, 0.013625, 0.014166, 0.013958, 0.01425, 0.013667, 0.01425, 0.014042, 0.014208, 0.013708, 0.0145, 0.013833, 0.014625, 0.014083, 0.014292, 0.014]
vector_wg256_i4 stage_groups=[5, 1]
vector_wg256_i4 host median_ms=0.125083 p90_ms=0.129500 samples_ms=[0.12725, 0.119292, 0.125, 0.119583, 0.127125, 0.132917, 0.12675, 0.115291, 0.127, 0.16674999999999998, 0.125417, 0.11820800000000001, 0.1295, 0.126625, 0.125083, 0.126166, 0.11637499999999999, 0.12029100000000001, 0.12220800000000001, 0.118916, 0.11950000000000001]
vector_wg256_i4 gpu median_ms=0.007292 p90_ms=0.007584 samples_ms=[0.007709, 0.007292, 0.007584, 0.00725, 0.007292, 0.007334, 0.007334, 0.00725, 0.007583, 0.007083, 0.007417, 0.007292, 0.007292, 0.007208, 0.007333, 0.007167, 0.007333, 0.007541, 0.007208, 0.00725, 0.00775]
vector_wg256_i8 stage_groups=[3, 1]
vector_wg256_i8 host median_ms=0.120375 p90_ms=0.129500 samples_ms=[0.120833, 0.119708, 0.11979100000000001, 0.12687500000000002, 0.11804200000000001, 0.148666, 0.1285, 0.11766599999999999, 0.114834, 0.127458, 0.120375, 0.1295, 0.125833, 0.117709, 0.122875, 0.12341699999999999, 0.114417, 0.11887500000000001, 0.170542, 0.117042, 0.11808300000000001]
vector_wg256_i8 gpu median_ms=0.007875 p90_ms=0.008084 samples_ms=[0.007875, 0.007834, 0.007958, 0.007917, 0.00775, 0.007833, 0.008083, 0.007834, 0.008084, 0.007959, 0.00775, 0.007875, 0.007792, 0.007875, 0.007917, 0.008291, 0.007834, 0.008167, 0.007792, 0.007792, 0.007792]
vector_wg256_i16 stage_groups=[2, 1]
vector_wg256_i16 host median_ms=0.126000 p90_ms=0.134625 samples_ms=[0.138917, 0.119458, 0.133041, 0.131042, 0.134625, 0.140375, 0.12645800000000001, 0.11641699999999999, 0.131333, 0.12575, 0.126, 0.125958, 0.1325, 0.124084, 0.131833, 0.129709, 0.116791, 0.11683299999999999, 0.125791, 0.118791, 0.120584]
vector_wg256_i16 gpu median_ms=0.009042 p90_ms=0.009292 samples_ms=[0.00925, 0.008917, 0.009208, 0.00925, 0.008833, 0.009292, 0.009292, 0.009042, 0.009083, 0.009084, 0.008916, 0.00925, 0.008875, 0.009, 0.008875, 0.009042, 0.008917, 0.009375, 0.008709, 0.008958, 0.00875]
scalar_wg128_i8_cap256 stage_groups=[5, 1]
scalar_wg128_i8_cap256 host median_ms=0.128500 p90_ms=0.136583 samples_ms=[0.13658299999999998, 0.130875, 0.125083, 0.129042, 0.119417, 0.14516600000000002, 0.13012500000000002, 0.123583, 0.13037500000000002, 0.1285, 0.166375, 0.126166, 0.1315, 0.124125, 0.119375, 0.133916, 0.125209, 0.13295900000000002, 0.121625, 0.11925, 0.12000000000000001]
scalar_wg128_i8_cap256 gpu median_ms=0.008875 p90_ms=0.009167 samples_ms=[0.009, 0.008917, 0.008792, 0.008834, 0.008833, 0.009667, 0.009125, 0.008709, 0.00925, 0.008791, 0.008958, 0.008875, 0.008791, 0.008792, 0.008834, 0.009167, 0.008875, 0.008959, 0.008875, 0.008833, 0.008875]
vector_wg256_i16_cap256 stage_groups=[2, 1]
vector_wg256_i16_cap256 host median_ms=0.125958 p90_ms=0.135208 samples_ms=[0.12595900000000002, 0.116916, 0.124666, 0.128, 0.125, 0.135208, 0.12687500000000002, 0.183625, 0.12300000000000001, 0.132958, 0.13466699999999998, 0.12449999999999999, 0.120166, 0.152291, 0.125958, 0.11979100000000001, 0.121167, 0.129625, 0.132875, 0.120042, 0.120708]
vector_wg256_i16_cap256 gpu median_ms=0.009083 p90_ms=0.009250 samples_ms=[0.009, 0.009125, 0.008959, 0.009167, 0.008875, 0.009125, 0.008833, 0.009, 0.00875, 0.009167, 0.009084, 0.00925, 0.00875, 0.00925, 0.008833, 0.009417, 0.008875, 0.009292, 0.008833, 0.009083, 0.009083]
scalar_wg128_i8_cap1024 stage_groups=[5, 1]
scalar_wg128_i8_cap1024 host median_ms=0.130500 p90_ms=0.141959 samples_ms=[0.129667, 0.19625, 0.129, 0.13045900000000002, 0.136792, 0.136667, 0.122875, 0.126417, 0.1305, 0.121833, 0.121042, 0.133875, 0.131166, 0.131166, 0.12675, 0.13695800000000002, 0.14195899999999997, 0.13416599999999998, 0.123125, 0.142958, 0.12495799999999999]
scalar_wg128_i8_cap1024 gpu median_ms=0.009000 p90_ms=0.009334 samples_ms=[0.009167, 0.008833, 0.008917, 0.009334, 0.0085, 0.009917, 0.00925, 0.008958, 0.008875, 0.008917, 0.008834, 0.009041, 0.008791, 0.009083, 0.008917, 0.009042, 0.009, 0.009125, 0.009, 0.012458, 0.008875]
vector_wg256_i16_cap1024 stage_groups=[2, 1]
vector_wg256_i16_cap1024 host median_ms=0.127666 p90_ms=0.142917 samples_ms=[0.127291, 0.1275, 0.1205, 0.132167, 0.146625, 0.119875, 0.124041, 0.134542, 0.12479200000000001, 0.135208, 0.12575, 0.11916600000000001, 0.135708, 0.127666, 0.12795800000000002, 0.1275, 0.134334, 0.145, 0.142917, 0.12300000000000001, 0.136125]
vector_wg256_i16_cap1024 gpu median_ms=0.008958 p90_ms=0.009083 samples_ms=[0.008958, 0.009041, 0.008958, 0.009333, 0.008833, 0.008917, 0.008875, 0.009041, 0.008667, 0.009083, 0.008833, 0.008958, 0.008709, 0.009083, 0.008666, 0.008875, 0.008958, 0.009, 0.008833, 0.009084, 0.008708]
scalar_wg128_i8_cap4096 stage_groups=[5, 1]
scalar_wg128_i8_cap4096 host median_ms=0.128291 p90_ms=0.136792 samples_ms=[0.128583, 0.134, 0.11787500000000001, 0.13029200000000002, 0.159333, 0.12587500000000001, 0.12758299999999997, 0.130417, 0.13037500000000002, 0.126833, 0.12000000000000001, 0.125333, 0.121875, 0.12995800000000002, 0.119542, 0.125584, 0.142792, 0.124917, 0.128291, 0.136792, 0.128458]
scalar_wg128_i8_cap4096 gpu median_ms=0.009000 p90_ms=0.009250 samples_ms=[0.008958, 0.009, 0.008958, 0.00925, 0.009, 0.009, 0.009, 0.008917, 0.009334, 0.009042, 0.008958, 0.009, 0.008958, 0.009, 0.009166, 0.009375, 0.008958, 0.009083, 0.009042, 0.009, 0.008833]
vector_wg256_i16_cap4096 stage_groups=[2, 1]
vector_wg256_i16_cap4096 host median_ms=0.126625 p90_ms=0.134625 samples_ms=[0.129084, 0.12241699999999998, 0.123834, 0.128041, 0.147459, 0.127916, 0.126625, 0.125167, 0.133167, 0.126083, 0.125583, 0.121541, 0.126, 0.119959, 0.13037500000000002, 0.122042, 0.14416700000000002, 0.123125, 0.134625, 0.12675, 0.1295]
vector_wg256_i16_cap4096 gpu median_ms=0.009042 p90_ms=0.009292 samples_ms=[0.009042, 0.009208, 0.008916, 0.009333, 0.00975, 0.009292, 0.009042, 0.00925, 0.009208, 0.008959, 0.008917, 0.009084, 0.008833, 0.008916, 0.008833, 0.009084, 0.00925, 0.008958, 0.008833, 0.009041, 0.009]
n=1000003 expected_f64=492186.593750000
baseline_wg256 stage_groups=[3907, 16, 1]
baseline_wg256 host median_ms=0.191417 p90_ms=0.209167 samples_ms=[0.18554199999999998, 0.184959, 0.199375, 0.20625, 0.189167, 0.179958, 0.192084, 0.214916, 0.190667, 0.19366699999999998, 0.185959, 0.186791, 0.1885, 0.20916700000000002, 0.19612500000000002, 0.202458, 0.21204199999999998, 0.19141699999999998, 0.190791, 0.193292, 0.186875]
baseline_wg256 gpu median_ms=0.063000 p90_ms=0.067459 samples_ms=[0.062792, 0.062333, 0.067375, 0.068042, 0.066334, 0.063875, 0.06625, 0.06925, 0.062708, 0.062583, 0.0625, 0.063, 0.062625, 0.067459, 0.0665, 0.062541, 0.062667, 0.062875, 0.062833, 0.063083, 0.066334]
scalar_wg64_i1 stage_groups=[15626, 245, 4, 1]
scalar_wg64_i1 host median_ms=0.189125 p90_ms=0.204208 samples_ms=[0.18537499999999998, 0.204208, 0.198708, 0.200125, 0.187166, 0.182416, 0.186334, 0.207333, 0.187792, 0.189042, 0.188084, 0.180625, 0.18912500000000002, 0.206625, 0.188417, 0.20174999999999998, 0.18070799999999998, 0.190708, 0.189583, 0.19425, 0.19095900000000002]
scalar_wg64_i1 gpu median_ms=0.060833 p90_ms=0.065333 samples_ms=[0.06025, 0.060375, 0.065333, 0.065292, 0.064, 0.060958, 0.064667, 0.0675, 0.060209, 0.060125, 0.060083, 0.060125, 0.059875, 0.065667, 0.063834, 0.060667, 0.060833, 0.060541, 0.060334, 0.063792, 0.064]
scalar_wg64_i4 stage_groups=[3907, 16, 1]
scalar_wg64_i4 host median_ms=0.150167 p90_ms=0.164791 samples_ms=[0.142458, 0.14383300000000002, 0.142875, 0.164791, 0.15029099999999998, 0.140208, 0.151583, 0.158, 0.143292, 0.154417, 0.14775000000000002, 0.14750000000000002, 0.150167, 0.165792, 0.258958, 0.155917, 0.154042, 0.154625, 0.14645899999999998, 0.149708, 0.1495]
scalar_wg64_i4 gpu median_ms=0.023500 p90_ms=0.027333 samples_ms=[0.023375, 0.02325, 0.023125, 0.028708, 0.027333, 0.023709, 0.027208, 0.02875, 0.023625, 0.023334, 0.02325, 0.023208, 0.023208, 0.024875, 0.023625, 0.023125, 0.023209, 0.023875, 0.0235, 0.026792, 0.023166]
scalar_wg64_i8 stage_groups=[1954, 4, 1]
scalar_wg64_i8 host median_ms=0.151584 p90_ms=0.166292 samples_ms=[0.1415, 0.14216700000000002, 0.142541, 0.16137500000000002, 0.151584, 0.138375, 0.30354200000000003, 0.17375, 0.146417, 0.149542, 0.15187499999999998, 0.14583400000000002, 0.14441700000000002, 0.163083, 0.133084, 0.15470899999999999, 0.15225, 0.16629200000000002, 0.164291, 0.144542, 0.153833]
scalar_wg64_i8 gpu median_ms=0.023583 p90_ms=0.027875 samples_ms=[0.023209, 0.023375, 0.023583, 0.024417, 0.028584, 0.023125, 0.026834, 0.0295, 0.02375, 0.023667, 0.023458, 0.023084, 0.023375, 0.027875, 0.02325, 0.023167, 0.023792, 0.023458, 0.0235, 0.026625, 0.023667]
scalar_wg64_i16 stage_groups=[977, 1]
scalar_wg64_i16 host median_ms=0.151875 p90_ms=0.163166 samples_ms=[0.148292, 0.150292, 0.14925, 0.153333, 0.15645799999999999, 0.141541, 0.158291, 0.170125, 0.14825, 0.154666, 0.15204199999999998, 0.15187499999999998, 0.1515, 0.1545, 0.134625, 0.16837500000000002, 0.14425000000000002, 0.15620900000000001, 0.16316599999999998, 0.150709, 0.149459]
scalar_wg64_i16 gpu median_ms=0.026666 p90_ms=0.029583 samples_ms=[0.026125, 0.026792, 0.026041, 0.030292, 0.026125, 0.029167, 0.027791, 0.028417, 0.026666, 0.026, 0.028834, 0.026083, 0.025583, 0.031542, 0.025666, 0.028792, 0.025708, 0.026209, 0.029583, 0.029416, 0.025792]
vector_wg64_i4 stage_groups=[3907, 16, 1]
vector_wg64_i4 host median_ms=0.147917 p90_ms=0.163250 samples_ms=[0.149917, 0.143667, 0.14433400000000002, 0.15275, 0.152291, 0.147917, 0.146167, 0.168583, 0.14925, 0.146833, 0.15525, 0.141083, 0.14275, 0.152083, 0.13104100000000002, 0.165166, 0.13741599999999998, 0.141333, 0.16325, 0.15100000000000002, 0.14508300000000002]
vector_wg64_i4 gpu median_ms=0.021542 p90_ms=0.025709 samples_ms=[0.021542, 0.021542, 0.021542, 0.02525, 0.0255, 0.025125, 0.02125, 0.021584, 0.021083, 0.021375, 0.025709, 0.021542, 0.021542, 0.021792, 0.021458, 0.026709, 0.021208, 0.021958, 0.026083, 0.021875, 0.021542]
vector_wg64_i8 stage_groups=[1954, 4, 1]
vector_wg64_i8 host median_ms=0.133333 p90_ms=0.148584 samples_ms=[0.128833, 0.130875, 0.127375, 0.15395799999999998, 0.144875, 0.13333299999999998, 0.137791, 0.148584, 0.140834, 0.13679100000000002, 0.133208, 0.13020800000000002, 0.129625, 0.14266600000000002, 0.127083, 0.141375, 0.131833, 0.139458, 0.15312499999999998, 0.128541, 0.128666]
vector_wg64_i8 gpu median_ms=0.016625 p90_ms=0.017125 samples_ms=[0.016709, 0.016167, 0.016292, 0.017125, 0.016125, 0.016875, 0.016667, 0.018208, 0.016125, 0.016458, 0.016292, 0.016917, 0.016292, 0.016625, 0.016333, 0.016958, 0.01625, 0.016625, 0.017292, 0.016625, 0.016416]
vector_wg64_i16 stage_groups=[977, 1]
vector_wg64_i16 host median_ms=0.132583 p90_ms=0.142625 samples_ms=[0.126125, 0.12687500000000002, 0.131667, 0.13075, 0.130042, 0.135208, 0.13558299999999998, 0.12791699999999998, 0.140416, 0.1315, 0.133709, 0.137291, 0.177708, 0.132583, 0.114375, 0.137333, 0.11820800000000001, 0.141458, 0.142625, 0.14400000000000002, 0.131917]
vector_wg64_i16 gpu median_ms=0.013750 p90_ms=0.014459 samples_ms=[0.013625, 0.014, 0.014167, 0.014541, 0.013541, 0.0145, 0.013583, 0.013542, 0.013792, 0.013583, 0.013417, 0.013875, 0.013958, 0.01375, 0.01375, 0.013834, 0.013834, 0.0135, 0.013708, 0.013542, 0.014459]
scalar_wg128_i1 stage_groups=[7813, 62, 1]
scalar_wg128_i1 host median_ms=0.185250 p90_ms=0.196917 samples_ms=[0.174625, 0.17149999999999999, 0.17737499999999998, 0.196917, 0.18525, 0.189917, 0.181792, 0.18575, 0.19487500000000002, 0.188583, 0.180625, 0.18000000000000002, 0.20116599999999998, 0.195833, 0.16449999999999998, 0.185958, 0.17979199999999998, 0.186583, 0.197917, 0.184791, 0.17675]
scalar_wg128_i1 gpu median_ms=0.058000 p90_ms=0.062250 samples_ms=[0.058, 0.057834, 0.057833, 0.06225, 0.061208, 0.057667, 0.058, 0.057916, 0.063666, 0.05825, 0.057875, 0.057833, 0.058458, 0.057708, 0.057625, 0.058209, 0.057958, 0.058, 0.062667, 0.058083, 0.05775]
scalar_wg128_i4 stage_groups=[1954, 4, 1]
scalar_wg128_i4 host median_ms=0.149041 p90_ms=0.165792 samples_ms=[0.140583, 0.14116700000000001, 0.149041, 0.15429199999999998, 0.165792, 0.149167, 0.231042, 0.14441700000000002, 0.17, 0.143125, 0.149334, 0.153917, 0.146875, 0.155875, 0.128625, 0.149, 0.154083, 0.145167, 0.150333, 0.144875, 0.146917]
scalar_wg128_i4 gpu median_ms=0.024417 p90_ms=0.028792 samples_ms=[0.024083, 0.024542, 0.023958, 0.028875, 0.028792, 0.028166, 0.023791, 0.023834, 0.029167, 0.024708, 0.024125, 0.02525, 0.024417, 0.028625, 0.024083, 0.028, 0.025292, 0.024125, 0.023958, 0.024083, 0.024208]
scalar_wg128_i8 stage_groups=[977, 1]
scalar_wg128_i8 host median_ms=0.144500 p90_ms=0.156250 samples_ms=[0.134417, 0.14091700000000001, 0.14375, 0.149417, 0.16625, 0.1445, 0.154584, 0.15025, 0.164083, 0.143667, 0.142458, 0.13558299999999998, 0.147083, 0.15104199999999998, 0.129625, 0.15625, 0.139708, 0.144125, 0.15291600000000002, 0.14529199999999998, 0.137209]
scalar_wg128_i8 gpu median_ms=0.021084 p90_ms=0.024834 samples_ms=[0.020917, 0.021041, 0.020917, 0.020833, 0.025584, 0.025166, 0.024292, 0.024667, 0.022208, 0.021583, 0.020958, 0.021, 0.020916, 0.021125, 0.020792, 0.024833, 0.020833, 0.021125, 0.024834, 0.021, 0.021084]
scalar_wg128_i16 stage_groups=[489, 1]
scalar_wg128_i16 host median_ms=0.152625 p90_ms=0.162083 samples_ms=[0.137667, 0.14275, 0.162083, 0.15345899999999998, 0.16699999999999998, 0.15225, 0.15954200000000002, 0.15829200000000002, 0.322333, 0.15295799999999998, 0.151083, 0.144583, 0.152625, 0.149333, 0.128917, 0.161, 0.156417, 0.145208, 0.15325000000000003, 0.146, 0.14825]
scalar_wg128_i16 gpu median_ms=0.023583 p90_ms=0.027042 samples_ms=[0.02325, 0.02325, 0.023667, 0.023792, 0.027958, 0.023583, 0.028917, 0.0235, 0.024083, 0.024041, 0.023875, 0.023083, 0.023875, 0.023416, 0.023083, 0.024084, 0.023292, 0.023083, 0.027042, 0.023291, 0.023459]
vector_wg128_i4 stage_groups=[1954, 4, 1]
vector_wg128_i4 host median_ms=0.151042 p90_ms=0.164209 samples_ms=[0.13470800000000002, 0.147791, 0.164208, 0.16420900000000002, 0.16674999999999998, 0.14458400000000002, 0.154167, 0.150167, 0.169833, 0.15104199999999998, 0.145291, 0.149542, 0.139708, 0.16137500000000002, 0.131792, 0.139084, 0.150583, 0.151333, 0.152208, 0.15116700000000002, 0.15545899999999999]
vector_wg128_i4 gpu median_ms=0.022291 p90_ms=0.026708 samples_ms=[0.022125, 0.022125, 0.026708, 0.022042, 0.027, 0.022583, 0.022375, 0.022, 0.03, 0.0225, 0.021958, 0.022166, 0.022375, 0.02275, 0.022333, 0.026417, 0.022041, 0.022125, 0.022291, 0.021875, 0.022209]
vector_wg128_i8 stage_groups=[977, 1]
vector_wg128_i8 host median_ms=0.131667 p90_ms=0.145625 samples_ms=[0.128334, 0.124292, 0.131667, 0.145, 0.128584, 0.127084, 0.142083, 0.132875, 0.151667, 0.127667, 0.130917, 0.13349999999999998, 0.129208, 0.126917, 0.134625, 0.145625, 0.138042, 0.128375, 0.135709, 0.1265, 0.155917]
vector_wg128_i8 gpu median_ms=0.014125 p90_ms=0.015167 samples_ms=[0.014292, 0.01375, 0.015167, 0.014583, 0.015959, 0.013833, 0.01425, 0.014334, 0.016208, 0.014125, 0.014292, 0.014084, 0.014125, 0.014125, 0.0145, 0.014459, 0.013875, 0.013875, 0.013792, 0.01375, 0.013917]
vector_wg128_i16 stage_groups=[489, 1]
vector_wg128_i16 host median_ms=0.135375 p90_ms=0.145417 samples_ms=[0.12370799999999998, 0.13487500000000002, 0.132667, 0.14275, 0.12758299999999997, 0.15100000000000002, 0.136459, 0.146208, 0.14541700000000002, 0.129542, 0.13012500000000002, 0.13729200000000003, 0.129, 0.133875, 0.142209, 0.14391600000000002, 0.135375, 0.137209, 0.134208, 0.1285, 0.144542]
vector_wg128_i16 gpu median_ms=0.013459 p90_ms=0.013792 samples_ms=[0.013083, 0.013417, 0.013375, 0.013459, 0.013792, 0.013834, 0.013208, 0.013542, 0.013375, 0.01375, 0.013459, 0.013416, 0.01325, 0.013584, 0.014208, 0.013584, 0.013291, 0.013583, 0.01325, 0.01325, 0.013542]
scalar_wg256_i1 stage_groups=[3907, 16, 1]
scalar_wg256_i1 host median_ms=0.191750 p90_ms=0.205542 samples_ms=[0.182458, 0.185833, 0.201, 0.17770899999999998, 0.18675, 0.194834, 0.19175, 0.20249999999999999, 0.21312499999999998, 0.185458, 0.194084, 0.193458, 0.180625, 0.187792, 0.205542, 0.213708, 0.19279200000000002, 0.187042, 0.194834, 0.181375, 0.191125]
scalar_wg256_i1 gpu median_ms=0.064542 p90_ms=0.068667 samples_ms=[0.064042, 0.0635, 0.063833, 0.065166, 0.064, 0.065458, 0.064209, 0.068917, 0.06425, 0.064125, 0.064, 0.065042, 0.064542, 0.064375, 0.068667, 0.11475, 0.064542, 0.064083, 0.064917, 0.064709, 0.068459]
scalar_wg256_i4 stage_groups=[977, 1]
scalar_wg256_i4 host median_ms=0.149875 p90_ms=0.166125 samples_ms=[0.149708, 0.145792, 0.16612500000000002, 0.160291, 0.15329199999999998, 0.18679199999999999, 0.14629199999999998, 0.152083, 0.16674999999999998, 0.152792, 0.147958, 0.14191700000000002, 0.13958399999999999, 0.145833, 0.15329199999999998, 0.149875, 0.159833, 0.147792, 0.15025, 0.142667, 0.143667]
scalar_wg256_i4 gpu median_ms=0.022417 p90_ms=0.026167 samples_ms=[0.022458, 0.022417, 0.026375, 0.022958, 0.022333, 0.022375, 0.022875, 0.022209, 0.022708, 0.02225, 0.022375, 0.022333, 0.022458, 0.022167, 0.026666, 0.022583, 0.026167, 0.022458, 0.022375, 0.022334, 0.022375]
scalar_wg256_i8 stage_groups=[489, 1]
scalar_wg256_i8 host median_ms=0.145416 p90_ms=0.162791 samples_ms=[0.140625, 0.140458, 0.15725, 0.166916, 0.14125, 0.162791, 0.14366600000000002, 0.151834, 0.14737499999999998, 0.1415, 0.145416, 0.138917, 0.135458, 0.147875, 0.165208, 0.147875, 0.151958, 0.140542, 0.15116700000000002, 0.14200000000000002, 0.145]
scalar_wg256_i8 gpu median_ms=0.020333 p90_ms=0.023583 samples_ms=[0.020167, 0.020208, 0.024333, 0.020542, 0.020375, 0.020542, 0.020375, 0.020292, 0.021, 0.020333, 0.020208, 0.019916, 0.020167, 0.023583, 0.024084, 0.020333, 0.02025, 0.019917, 0.0205, 0.019875, 0.02025]
scalar_wg256_i16 stage_groups=[245, 1]
scalar_wg256_i16 host median_ms=0.154166 p90_ms=0.168708 samples_ms=[0.143458, 0.14733300000000002, 0.15925, 0.170167, 0.14925, 0.154166, 0.14375, 0.168708, 0.155167, 0.15275, 0.14533300000000002, 0.155167, 0.145875, 0.164791, 0.177084, 0.160541, 0.163917, 0.15204199999999998, 0.145084, 0.157375, 0.153709]
scalar_wg256_i16 gpu median_ms=0.024333 p90_ms=0.028000 samples_ms=[0.023708, 0.023791, 0.028208, 0.02425, 0.023583, 0.02525, 0.024667, 0.028, 0.028708, 0.024334, 0.024125, 0.024, 0.023917, 0.027667, 0.027459, 0.024333, 0.027708, 0.023875, 0.023625, 0.027458, 0.023708]
vector_wg256_i4 stage_groups=[977, 1]
vector_wg256_i4 host median_ms=0.145500 p90_ms=0.165917 samples_ms=[0.14316700000000002, 0.145125, 0.155458, 0.194291, 0.14550000000000002, 0.150208, 0.13525, 0.16591699999999998, 0.15895800000000002, 0.14400000000000002, 0.144875, 0.140375, 0.17475, 0.15170799999999998, 0.140667, 0.15175, 0.160167, 0.140791, 0.14341700000000002, 0.143208, 0.159458]
vector_wg256_i4 gpu median_ms=0.020083 p90_ms=0.024625 samples_ms=[0.019791, 0.0195, 0.023667, 0.024625, 0.019708, 0.020208, 0.020041, 0.024666, 0.019792, 0.02025, 0.020167, 0.019542, 0.066583, 0.02, 0.019916, 0.020083, 0.023375, 0.019917, 0.020083, 0.020208, 0.023375]
vector_wg256_i8 stage_groups=[489, 1]
vector_wg256_i8 host median_ms=0.138166 p90_ms=0.146959 samples_ms=[0.127125, 0.13549999999999998, 0.141125, 0.14341700000000002, 0.146583, 0.133208, 0.127625, 0.143792, 0.148916, 0.14116700000000001, 0.128, 0.13275, 0.146959, 0.148584, 0.13070900000000002, 0.138166, 0.14175000000000001, 0.131875, 0.129709, 0.138875, 0.132375]
vector_wg256_i8 gpu median_ms=0.014625 p90_ms=0.015292 samples_ms=[0.014333, 0.014125, 0.015, 0.01525, 0.014792, 0.014708, 0.014417, 0.015333, 0.015875, 0.014166, 0.014291, 0.014208, 0.014167, 0.015292, 0.014209, 0.014292, 0.014792, 0.014667, 0.014625, 0.014667, 0.014042]
vector_wg256_i16 stage_groups=[245, 1]
vector_wg256_i16 host median_ms=0.137083 p90_ms=0.148083 samples_ms=[0.123375, 0.13137500000000002, 0.145833, 0.141333, 0.1375, 0.12879100000000002, 0.13916699999999999, 0.16175, 0.148083, 0.13158399999999998, 0.135083, 0.130083, 0.137083, 0.147708, 0.148791, 0.12545800000000001, 0.142875, 0.126667, 0.1405, 0.133125, 0.1325]
vector_wg256_i16 gpu median_ms=0.015208 p90_ms=0.015708 samples_ms=[0.014917, 0.015208, 0.015917, 0.014875, 0.015417, 0.015292, 0.014667, 0.015917, 0.015333, 0.014917, 0.015208, 0.01475, 0.014834, 0.0155, 0.014959, 0.015333, 0.015166, 0.015166, 0.015334, 0.015292, 0.015708]
scalar_wg128_i8_cap256 stage_groups=[256, 1]
scalar_wg128_i8_cap256 host median_ms=0.134917 p90_ms=0.156750 samples_ms=[0.132041, 0.13741599999999998, 0.15525, 0.144875, 0.139583, 0.137042, 0.125416, 0.158917, 0.135708, 0.129167, 0.131084, 0.134917, 0.13325, 0.166417, 0.134833, 0.130958, 0.15675, 0.13075, 0.134375, 0.145167, 0.133292]
scalar_wg128_i8_cap256 gpu median_ms=0.016833 p90_ms=0.018208 samples_ms=[0.016833, 0.016916, 0.017584, 0.016667, 0.016833, 0.018208, 0.016667, 0.017042, 0.016667, 0.016792, 0.016958, 0.016792, 0.016667, 0.017583, 0.016708, 0.017125, 0.022, 0.016708, 0.016792, 0.021833, 0.016708]
vector_wg256_i16_cap256 stage_groups=[245, 1]
vector_wg256_i16_cap256 host median_ms=0.132791 p90_ms=0.142958 samples_ms=[0.122875, 0.12425000000000001, 0.13566699999999998, 0.13275, 0.13137500000000002, 0.145, 0.13362500000000002, 0.1445, 0.128167, 0.132416, 0.134083, 0.132791, 0.142958, 0.13025, 0.138083, 0.13075, 0.140458, 0.133125, 0.13224999999999998, 0.13466699999999998, 0.13125]
vector_wg256_i16_cap256 gpu median_ms=0.015208 p90_ms=0.015542 samples_ms=[0.015125, 0.015417, 0.015584, 0.015, 0.015334, 0.0155, 0.015208, 0.016334, 0.015167, 0.015042, 0.01525, 0.015167, 0.015208, 0.015084, 0.015333, 0.015417, 0.015542, 0.015084, 0.015458, 0.015, 0.015042]
scalar_wg128_i8_cap1024 stage_groups=[977, 1]
scalar_wg128_i8_cap1024 host median_ms=0.147708 p90_ms=0.162041 samples_ms=[0.147083, 0.145917, 0.14908400000000002, 0.16420900000000002, 0.148625, 0.136541, 0.14750000000000002, 0.16404200000000002, 0.145375, 0.13908299999999998, 0.14108400000000001, 0.148, 0.147708, 0.148292, 0.150375, 0.134625, 0.162041, 0.139292, 0.141375, 0.148042, 0.149333]
scalar_wg128_i8_cap1024 gpu median_ms=0.020834 p90_ms=0.024209 samples_ms=[0.020875, 0.022625, 0.020667, 0.024959, 0.024083, 0.020834, 0.025375, 0.022292, 0.020459, 0.020709, 0.02075, 0.021042, 0.020375, 0.020458, 0.020458, 0.021917, 0.024209, 0.020416, 0.020625, 0.02075, 0.023208]
vector_wg256_i16_cap1024 stage_groups=[245, 1]
vector_wg256_i16_cap1024 host median_ms=0.133250 p90_ms=0.148167 samples_ms=[0.128875, 0.127792, 0.128666, 0.149542, 0.148167, 0.127417, 0.13224999999999998, 0.148459, 0.134458, 0.127125, 0.132666, 0.127792, 0.14225, 0.1395, 0.134209, 0.14650000000000002, 0.140417, 0.130917, 0.130917, 0.13325, 0.134791]
vector_wg256_i16_cap1024 gpu median_ms=0.015250 p90_ms=0.015834 samples_ms=[0.015333, 0.01625, 0.015708, 0.015792, 0.01575, 0.015041, 0.015834, 0.01625, 0.015167, 0.015, 0.014916, 0.015209, 0.015292, 0.015208, 0.01525, 0.015167, 0.01525, 0.014708, 0.0155, 0.015084, 0.015708]
scalar_wg128_i8_cap4096 stage_groups=[977, 1]
scalar_wg128_i8_cap4096 host median_ms=0.145375 p90_ms=0.150500 samples_ms=[0.13137500000000002, 0.14375, 0.144792, 0.160166, 0.148875, 0.13349999999999998, 0.140625, 0.1505, 0.14612499999999998, 0.146584, 0.139333, 0.145375, 0.146083, 0.147334, 0.142333, 0.15475, 0.144166, 0.13725, 0.14704099999999998, 0.14529199999999998, 0.14858300000000002]
scalar_wg128_i8_cap4096 gpu median_ms=0.021083 p90_ms=0.024625 samples_ms=[0.02075, 0.021083, 0.021167, 0.025208, 0.024291, 0.02075, 0.020708, 0.024625, 0.021167, 0.030291, 0.02075, 0.020917, 0.021084, 0.021041, 0.021209, 0.021041, 0.020959, 0.020709, 0.021084, 0.021208, 0.02075]
vector_wg256_i16_cap4096 stage_groups=[245, 1]
vector_wg256_i16_cap4096 host median_ms=0.137500 p90_ms=0.149209 samples_ms=[0.12687500000000002, 0.126833, 0.149209, 0.153917, 0.14533300000000002, 0.122042, 0.13175, 0.14775000000000002, 0.138625, 0.130458, 0.13758299999999998, 0.134459, 0.142792, 0.137417, 0.136541, 0.14550000000000002, 0.15125, 0.133541, 0.1375, 0.1405, 0.128959]
vector_wg256_i16_cap4096 gpu median_ms=0.015375 p90_ms=0.016084 samples_ms=[0.015208, 0.015041, 0.015542, 0.016166, 0.015375, 0.015542, 0.015625, 0.016625, 0.014875, 0.01525, 0.015042, 0.01525, 0.015333, 0.015375, 0.015167, 0.016084, 0.015209, 0.01525, 0.015625, 0.015458, 0.015583]
n=4000003 expected_f64=1968746.492187500
baseline_wg256 stage_groups=[15626, 62, 1]
baseline_wg256 host median_ms=0.395916 p90_ms=0.438750 samples_ms=[0.366417, 0.376125, 0.383583, 0.378125, 0.43875000000000003, 0.38545799999999997, 0.389459, 0.412292, 0.440125, 0.436834, 0.40175, 0.44558400000000004, 0.3905, 0.39879200000000004, 0.392792, 0.395916, 0.420916, 0.38837499999999997, 0.377417, 0.40737500000000004, 0.4095]
baseline_wg256 gpu median_ms=0.235459 p90_ms=0.243458 samples_ms=[0.234125, 0.234458, 0.232583, 0.224958, 0.234334, 0.235, 0.23425, 0.234875, 0.23425, 0.235459, 0.243458, 0.243208, 0.628916, 0.238459, 0.234875, 0.241917, 0.24225, 0.2435, 0.242041, 0.243291, 0.242709]
scalar_wg64_i1 stage_groups=[62501, 977, 16, 1]
scalar_wg64_i1 host median_ms=0.386042 p90_ms=0.490875 samples_ms=[0.34237500000000004, 0.34670799999999996, 0.37, 0.5026660000000001, 0.390541, 0.365417, 0.357375, 0.395833, 0.490875, 0.40375, 0.380167, 0.430125, 1.2127080000000001, 0.41812499999999997, 0.37666700000000003, 0.386042, 0.42725, 0.370042, 0.365875, 0.393667, 0.380583]
scalar_wg64_i1 gpu median_ms=0.215833 p90_ms=0.220209 samples_ms=[0.2105, 0.213792, 0.210959, 0.213667, 0.213625, 0.213583, 0.213792, 0.216416, 0.217084, 0.214, 0.221375, 0.213667, 0.670625, 0.213208, 0.220209, 0.2175, 0.217375, 0.217209, 0.218084, 0.216959, 0.215833]
scalar_wg64_i4 stage_groups=[15626, 62, 1]
scalar_wg64_i4 host median_ms=0.231250 p90_ms=0.295250 samples_ms=[0.199792, 0.202875, 0.212, 0.230708, 0.28891700000000003, 0.220917, 0.22145800000000002, 0.23125, 0.29525, 0.29266699999999995, 0.28049999999999997, 0.31058399999999997, 0.50275, 0.244375, 0.23049999999999998, 0.255709, 0.25549999999999995, 0.225167, 0.213917, 0.221917, 0.278459]
scalar_wg64_i4 gpu median_ms=0.067292 p90_ms=0.068417 samples_ms=[0.062084, 0.0655, 0.062083, 0.064958, 0.064209, 0.064541, 0.063958, 0.067792, 0.067125, 0.068209, 0.067833, 0.064958, 0.270291, 0.068167, 0.067292, 0.068375, 0.067583, 0.068417, 0.067916, 0.068417, 0.06525]
scalar_wg64_i8 stage_groups=[7813, 16, 1]
scalar_wg64_i8 host median_ms=0.233667 p90_ms=0.281709 samples_ms=[0.180792, 0.19075, 0.24375, 0.19975, 0.225792, 0.210542, 0.223333, 0.22062500000000002, 0.281709, 0.253709, 0.38587499999999997, 0.279333, 0.458334, 0.237, 0.22037500000000002, 0.268208, 0.24175, 0.24250000000000002, 0.22725, 0.21420799999999998, 0.233667]
scalar_wg64_i8 gpu median_ms=0.060417 p90_ms=0.065583 samples_ms=[0.05575, 0.055459, 0.056417, 0.055791, 0.060375, 0.059834, 0.060417, 0.0595, 0.060208, 0.067958, 0.063417, 0.059583, 0.25475, 0.059458, 0.065583, 0.062917, 0.063542, 0.062959, 0.063916, 0.063, 0.065334]
scalar_wg64_i16 stage_groups=[3907, 4, 1]
scalar_wg64_i16 host median_ms=0.243750 p90_ms=0.301666 samples_ms=[0.19495800000000002, 0.19799999999999998, 0.254958, 0.228, 0.24375, 0.231167, 0.23525, 0.236875, 0.30166600000000005, 0.256083, 0.415333, 0.270167, 0.527334, 0.25125000000000003, 0.236208, 0.270292, 0.2585, 0.2215, 0.23833400000000002, 0.227584, 0.246333]
scalar_wg64_i16 gpu median_ms=0.077000 p90_ms=0.078917 samples_ms=[0.068375, 0.069084, 0.068292, 0.069458, 0.074416, 0.074666, 0.074541, 0.077, 0.07325, 0.078375, 0.077208, 0.074, 0.522167, 0.074375, 0.077959, 0.078917, 0.077375, 0.07875, 0.079042, 0.078708, 0.078167]
vector_wg64_i4 stage_groups=[15626, 62, 1]
vector_wg64_i4 host median_ms=0.224333 p90_ms=0.257292 samples_ms=[0.193375, 0.197416, 0.203458, 0.212708, 0.217459, 0.224625, 0.22725, 0.22062500000000002, 0.256333, 0.248416, 0.27962499999999996, 0.247208, 0.379125, 0.257292, 0.210709, 0.237333, 0.232625, 0.20133299999999998, 0.22387500000000002, 0.2145, 0.224333]
vector_wg64_i4 gpu median_ms=0.060750 p90_ms=0.064542 samples_ms=[0.058417, 0.058667, 0.058708, 0.060083, 0.06, 0.062875, 0.060333, 0.063292, 0.060292, 0.143291, 0.061083, 0.059583, 0.205625, 0.05975, 0.061042, 0.060833, 0.061, 0.060541, 0.061083, 0.06075, 0.064542]
vector_wg64_i8 stage_groups=[7813, 16, 1]
vector_wg64_i8 host median_ms=0.208584 p90_ms=0.340541 samples_ms=[0.156959, 0.21141700000000002, 0.370917, 0.182625, 0.1955, 0.204791, 0.208584, 0.20900000000000002, 0.204958, 0.264417, 0.21625, 0.25475, 0.340541, 0.18820800000000001, 0.189042, 0.17962499999999998, 0.18208300000000002, 0.21225000000000002, 0.210667, 0.373583, 0.205042]
vector_wg64_i8 gpu median_ms=0.037708 p90_ms=0.040458 samples_ms=[0.036375, 0.036583, 0.036833, 0.037041, 0.036667, 0.041, 0.037208, 0.037708, 0.040458, 0.038959, 0.037083, 0.037375, 0.151375, 0.037, 0.037916, 0.039041, 0.038417, 0.038542, 0.037959, 0.038, 0.037625]
vector_wg64_i16 stage_groups=[3907, 4, 1]
vector_wg64_i16 host median_ms=0.202334 p90_ms=0.300000 samples_ms=[0.165833, 0.318791, 0.17675, 0.18433300000000002, 0.187333, 0.22325, 0.19129100000000002, 0.19666599999999998, 0.24579199999999998, 0.255042, 0.198833, 0.237958, 0.32733300000000004, 0.19025, 0.248292, 0.202334, 0.185333, 0.219417, 0.261042, 0.3, 0.199917]
vector_wg64_i16 gpu median_ms=0.035000 p90_ms=0.035834 samples_ms=[0.033959, 0.032833, 0.034292, 0.033375, 0.03375, 0.032917, 0.035583, 0.035292, 0.037875, 0.035, 0.0335, 0.033125, 0.134875, 0.034584, 0.035834, 0.035, 0.035375, 0.035333, 0.035625, 0.033083, 0.035833]
scalar_wg128_i1 stage_groups=[31251, 245, 2, 1]
scalar_wg128_i1 host median_ms=0.390000 p90_ms=0.459208 samples_ms=[0.349875, 0.38137499999999996, 0.37125, 0.36675, 0.374, 0.37024999999999997, 0.382375, 0.39, 0.40275, 0.5105, 0.391333, 0.459208, 0.930875, 0.37445799999999996, 0.4375, 0.39225000000000004, 0.368417, 0.393416, 0.414542, 0.416917, 0.385125]
scalar_wg128_i1 gpu median_ms=0.219875 p90_ms=0.226750 samples_ms=[0.217417, 0.218958, 0.217167, 0.21725, 0.216125, 0.221291, 0.219875, 0.217416, 0.220542, 0.229375, 0.217208, 0.217375, 0.745875, 0.223083, 0.2235, 0.22325, 0.222709, 0.223708, 0.217958, 0.21775, 0.22675]
scalar_wg128_i4 stage_groups=[7813, 16, 1]
scalar_wg128_i4 host median_ms=0.233041 p90_ms=0.275542 samples_ms=[0.188875, 0.227584, 0.211208, 0.223542, 0.21875, 0.232958, 0.23866600000000002, 0.252459, 0.228542, 0.248, 0.241542, 0.348375, 0.465458, 0.219209, 0.232542, 0.233041, 0.20575, 0.275542, 0.235167, 0.27425000000000005, 0.234042]
scalar_wg128_i4 gpu median_ms=0.069208 p90_ms=0.074083 samples_ms=[0.067291, 0.066083, 0.067083, 0.06625, 0.066708, 0.066708, 0.066583, 0.066458, 0.070625, 0.075042, 0.066834, 0.074083, 0.287875, 0.069208, 0.070292, 0.06975, 0.0695, 0.069333, 0.067541, 0.069208, 0.069917]
scalar_wg128_i8 stage_groups=[3907, 4, 1]
scalar_wg128_i8 host median_ms=0.221041 p90_ms=0.288042 samples_ms=[0.178333, 0.216125, 0.21729099999999998, 0.21350000000000002, 0.24658299999999997, 0.221041, 0.225792, 0.211458, 0.214875, 0.228375, 0.288042, 0.329042, 0.46299999999999997, 0.211917, 0.230541, 0.202083, 0.231458, 0.20125, 0.216958, 0.257542, 0.26845800000000003]
scalar_wg128_i8 gpu median_ms=0.063792 p90_ms=0.065125 samples_ms=[0.060834, 0.060833, 0.06025, 0.061125, 0.060417, 0.061333, 0.064625, 0.061125, 0.062208, 0.065125, 0.064541, 0.063916, 0.25075, 0.064333, 0.063792, 0.064416, 0.06375, 0.064792, 0.060208, 0.064666, 0.121875]
scalar_wg128_i16 stage_groups=[1954, 1]
scalar_wg128_i16 host median_ms=0.233542 p90_ms=0.353584 samples_ms=[0.25004200000000004, 0.233542, 0.2115, 0.222208, 0.231833, 0.23550000000000001, 0.217041, 0.226792, 0.24212499999999998, 0.233208, 0.2515, 0.23187500000000003, 0.5477080000000001, 0.22395800000000002, 0.5212910000000001, 0.23783300000000002, 0.330125, 0.213542, 0.353584, 0.2545, 0.232708]
scalar_wg128_i16 gpu median_ms=0.070209 p90_ms=0.075583 samples_ms=[0.06975, 0.069958, 0.070042, 0.06875, 0.070209, 0.069208, 0.069792, 0.068959, 0.069791, 0.074583, 0.076083, 0.06925, 0.289709, 0.073, 0.075583, 0.072709, 0.073834, 0.06875, 0.070416, 0.073083, 0.074542]
vector_wg128_i4 stage_groups=[7813, 16, 1]
vector_wg128_i4 host median_ms=0.225334 p90_ms=0.276334 samples_ms=[0.20675000000000002, 0.20533300000000002, 0.210417, 0.24445800000000004, 0.218792, 0.22458299999999998, 0.23875, 0.212625, 0.21995900000000002, 0.231292, 0.242875, 0.25, 0.266125, 0.22458299999999998, 0.27633399999999997, 0.20049999999999998, 0.391833, 0.210792, 0.29224999999999995, 0.247834, 0.225334]
vector_wg128_i4 gpu median_ms=0.062542 p90_ms=0.064791 samples_ms=[0.061292, 0.062542, 0.061625, 0.062209, 0.061667, 0.064791, 0.061375, 0.061958, 0.0615, 0.067583, 0.062042, 0.061833, 0.063167, 0.063584, 0.064041, 0.06325, 0.064916, 0.061625, 0.063583, 0.064, 0.0645]
vector_wg128_i8 stage_groups=[3907, 4, 1]
vector_wg128_i8 host median_ms=0.212958 p90_ms=0.228833 samples_ms=[0.17024999999999998, 0.18187499999999998, 0.188083, 0.21825, 0.203208, 0.19820800000000002, 0.22675, 0.189833, 0.283, 0.21295799999999998, 0.218875, 0.204541, 0.228833, 0.45475000000000004, 0.21575000000000003, 0.188875, 0.219459, 0.191, 0.192334, 0.22599999999999998, 0.223125]
vector_wg128_i8 gpu median_ms=0.038250 p90_ms=0.039708 samples_ms=[0.038, 0.038125, 0.037959, 0.03775, 0.03825, 0.041708, 0.038, 0.038, 0.038042, 0.039375, 0.038083, 0.03775, 0.038834, 0.039292, 0.039583, 0.039334, 0.039708, 0.037625, 0.03925, 0.039, 0.041333]
vector_wg128_i16 stage_groups=[1954, 1]
vector_wg128_i16 host median_ms=0.197416 p90_ms=0.259166 samples_ms=[0.166167, 0.172834, 0.171667, 0.197416, 0.18745799999999999, 0.179667, 0.223291, 0.191875, 0.188667, 0.259166, 0.20845799999999998, 0.20891700000000002, 0.251208, 0.273875, 0.283542, 0.180459, 0.240542, 0.171667, 0.183583, 0.243875, 0.209542]
vector_wg128_i16 gpu median_ms=0.032041 p90_ms=0.034875 samples_ms=[0.031166, 0.0315, 0.030417, 0.03125, 0.030875, 0.033875, 0.030542, 0.03125, 0.032083, 0.035208, 0.033542, 0.031417, 0.031958, 0.033584, 0.032208, 0.033292, 0.0305, 0.040333, 0.032041, 0.033375, 0.034875]
scalar_wg256_i1 stage_groups=[15626, 62, 1]
scalar_wg256_i1 host median_ms=0.411000 p90_ms=0.473292 samples_ms=[0.377458, 0.375167, 0.395916, 0.413333, 0.394625, 0.396625, 0.41100000000000003, 0.39841699999999997, 0.473292, 0.446417, 0.405291, 0.408916, 0.65325, 0.46, 0.421625, 0.40487500000000004, 0.442292, 0.530333, 0.394917, 0.438041, 0.41979099999999997]
scalar_wg256_i1 gpu median_ms=0.244875 p90_ms=0.250125 samples_ms=[0.242542, 0.240875, 0.240958, 0.242166, 0.242042, 0.242125, 0.244708, 0.2425, 0.249833, 0.247708, 0.246208, 0.24125, 0.250125, 0.266333, 0.248125, 0.244875, 0.241583, 0.246542, 0.246042, 0.248917, 0.250458]
scalar_wg256_i4 stage_groups=[3907, 4, 1]
scalar_wg256_i4 host median_ms=0.241167 p90_ms=0.300625 samples_ms=[0.245833, 0.210833, 0.234334, 0.25583300000000003, 0.22187500000000002, 0.230542, 0.23550000000000001, 0.27795800000000004, 0.300625, 0.34420799999999996, 0.233417, 0.239625, 0.323417, 0.294875, 0.283709, 0.223916, 0.241167, 0.26287499999999997, 0.224666, 0.299625, 0.241125]
scalar_wg256_i4 gpu median_ms=0.073209 p90_ms=0.075625 samples_ms=[0.072083, 0.071708, 0.070459, 0.070834, 0.070292, 0.070875, 0.070625, 0.069791, 0.076708, 0.073833, 0.073209, 0.07125, 0.075625, 0.074167, 0.073792, 0.076875, 0.074208, 0.073917, 0.072958, 0.07475, 0.073959]
scalar_wg256_i8 stage_groups=[1954, 1]
scalar_wg256_i8 host median_ms=0.232333 p90_ms=0.296834 samples_ms=[0.205084, 0.19924999999999998, 0.210959, 0.263583, 0.205875, 0.214834, 0.222917, 0.359208, 0.236458, 0.296834, 0.263917, 0.36424999999999996, 0.24525000000000002, 0.264458, 0.224458, 0.215459, 0.21375, 0.239542, 0.223417, 0.232333, 0.232792]
scalar_wg256_i8 gpu median_ms=0.061167 p90_ms=0.063334 samples_ms=[0.059333, 0.058542, 0.05925, 0.058334, 0.059542, 0.058541, 0.060833, 0.062459, 0.062917, 0.058708, 0.061167, 0.062125, 0.065083, 0.062709, 0.065042, 0.062166, 0.059375, 0.058458, 0.063334, 0.0625, 0.063]
scalar_wg256_i16 stage_groups=[977, 1]
scalar_wg256_i16 host median_ms=0.231542 p90_ms=0.273208 samples_ms=[0.208709, 0.20933400000000002, 0.213542, 0.26458299999999996, 0.21625, 0.221208, 0.230167, 0.226917, 0.241166, 0.30120800000000003, 0.25549999999999995, 0.285291, 0.237875, 0.273208, 0.228125, 0.217375, 0.26545799999999997, 0.204833, 0.241, 0.231542, 0.24629099999999998]
scalar_wg256_i16 gpu median_ms=0.068959 p90_ms=0.072542 samples_ms=[0.068417, 0.068791, 0.068834, 0.068709, 0.067875, 0.068959, 0.06825, 0.072542, 0.071917, 0.068791, 0.067833, 0.072583, 0.072292, 0.0725, 0.071917, 0.073084, 0.067959, 0.068583, 0.072334, 0.072542, 0.071834]
vector_wg256_i4 stage_groups=[3907, 4, 1]
vector_wg256_i4 host median_ms=0.232209 p90_ms=0.279875 samples_ms=[0.20883300000000002, 0.222208, 0.228958, 0.268125, 0.214167, 0.23075, 0.233291, 0.22054200000000002, 0.232209, 0.262625, 0.27587500000000004, 0.335916, 0.247, 0.258708, 0.22, 0.21395799999999998, 0.27987500000000004, 0.230666, 0.334042, 0.226333, 0.233125]
vector_wg256_i4 gpu median_ms=0.068083 p90_ms=0.070125 samples_ms=[0.067667, 0.066834, 0.067583, 0.066667, 0.068334, 0.067375, 0.071375, 0.068833, 0.071125, 0.067458, 0.067417, 0.068083, 0.0695, 0.068125, 0.068917, 0.066958, 0.067958, 0.066417, 0.069042, 0.069084, 0.070125]
vector_wg256_i8 stage_groups=[1954, 1]
vector_wg256_i8 host median_ms=0.206584 p90_ms=0.248250 samples_ms=[0.18075, 0.193417, 0.19458299999999998, 0.207916, 0.194125, 0.195417, 0.28695800000000005, 0.187917, 0.206584, 0.220667, 0.240834, 0.280542, 0.197292, 0.242041, 0.18675, 0.190666, 0.24825, 0.235083, 0.209958, 0.24787499999999998, 0.19287500000000002]
vector_wg256_i8 gpu median_ms=0.038000 p90_ms=0.040250 samples_ms=[0.03675, 0.0375, 0.036667, 0.037333, 0.036792, 0.037208, 0.037834, 0.03875, 0.038334, 0.04025, 0.03825, 0.037791, 0.040542, 0.040333, 0.037917, 0.038, 0.036625, 0.038125, 0.03825, 0.038375, 0.038542]
vector_wg256_i16 stage_groups=[977, 1]
vector_wg256_i16 host median_ms=0.190208 p90_ms=0.245292 samples_ms=[0.16366699999999998, 0.175541, 0.17425000000000002, 0.224708, 0.18895800000000001, 0.182917, 0.171708, 0.187417, 0.197875, 0.217667, 0.20125, 0.33849999999999997, 0.199209, 0.281458, 0.19020800000000002, 0.173459, 0.189166, 0.205125, 0.181583, 0.209708, 0.24529199999999998]
vector_wg256_i16 gpu median_ms=0.033875 p90_ms=0.035375 samples_ms=[0.03275, 0.032375, 0.032917, 0.0325, 0.032959, 0.03225, 0.034583, 0.034667, 0.035375, 0.0345, 0.034833, 0.033791, 0.035167, 0.032625, 0.034709, 0.032458, 0.032666, 0.033875, 0.034958, 0.036375, 0.037084]
scalar_wg128_i8_cap256 stage_groups=[256, 1]
scalar_wg128_i8_cap256 host median_ms=0.198709 p90_ms=0.246875 samples_ms=[0.177625, 0.187084, 0.189042, 0.243792, 0.19141699999999998, 0.192125, 0.19375, 0.194792, 0.206875, 0.210208, 0.20575, 0.254417, 0.251625, 0.203166, 0.19870900000000002, 0.182375, 0.18087499999999998, 0.246875, 0.18420799999999998, 0.20583400000000002, 0.206292]
scalar_wg128_i8_cap256 gpu median_ms=0.044583 p90_ms=0.046333 samples_ms=[0.043208, 0.043208, 0.042834, 0.042917, 0.043208, 0.043083, 0.044583, 0.0445, 0.046167, 0.046208, 0.046375, 0.044583, 0.046333, 0.044208, 0.044792, 0.043292, 0.043291, 0.044916, 0.044709, 0.046583, 0.04475]
vector_wg256_i16_cap256 stage_groups=[256, 1]
vector_wg256_i16_cap256 host median_ms=0.180667 p90_ms=0.218875 samples_ms=[0.153917, 0.160875, 0.174542, 0.20575, 0.19175, 0.177292, 0.16329100000000002, 0.176625, 0.218875, 0.195834, 0.240458, 0.219958, 0.190083, 0.1965, 0.179416, 0.17491600000000002, 0.173459, 0.180125, 0.180667, 0.188291, 0.19349999999999998]
vector_wg256_i16_cap256 gpu median_ms=0.027958 p90_ms=0.028667 samples_ms=[0.027958, 0.027542, 0.027584, 0.027208, 0.027541, 0.027792, 0.028542, 0.028625, 0.027917, 0.027916, 0.027958, 0.028459, 0.027917, 0.029458, 0.028667, 0.027583, 0.027375, 0.028417, 0.028583, 0.03, 0.028584]
scalar_wg128_i8_cap1024 stage_groups=[1024, 1]
scalar_wg128_i8_cap1024 host median_ms=0.202083 p90_ms=0.237750 samples_ms=[0.176458, 0.211917, 0.192542, 0.18812500000000001, 0.198166, 0.191541, 0.18241700000000002, 0.19249999999999998, 0.20049999999999998, 0.23775000000000002, 0.275083, 0.272166, 0.202083, 0.20550000000000002, 0.193375, 0.233875, 0.18795800000000001, 0.23533300000000001, 0.20708400000000002, 0.203125, 0.204791]
scalar_wg128_i8_cap1024 gpu median_ms=0.041791 p90_ms=0.043334 samples_ms=[0.040708, 0.041416, 0.04125, 0.040834, 0.041209, 0.043334, 0.043, 0.043167, 0.041042, 0.041584, 0.043042, 0.043, 0.040834, 0.041791, 0.043, 0.041667, 0.041083, 0.043541, 0.042667, 0.04425, 0.043292]
vector_wg256_i16_cap1024 stage_groups=[977, 1]
vector_wg256_i16_cap1024 host median_ms=0.193792 p90_ms=0.234083 samples_ms=[0.15787500000000002, 0.17862499999999998, 0.182916, 0.18075, 0.1915, 0.185, 0.18454199999999998, 0.228458, 0.196208, 0.19675, 0.205792, 0.243083, 0.234083, 0.189916, 0.185083, 0.24725000000000003, 0.22024999999999997, 0.18016700000000002, 0.197708, 0.19579100000000002, 0.193792]
vector_wg256_i16_cap1024 gpu median_ms=0.034375 p90_ms=0.036667 samples_ms=[0.032375, 0.032583, 0.03225, 0.032625, 0.035, 0.034625, 0.034375, 0.032292, 0.034916, 0.034792, 0.035584, 0.034333, 0.032334, 0.035, 0.032375, 0.038958, 0.034333, 0.034083, 0.041292, 0.036667, 0.036666]
scalar_wg128_i8_cap4096 stage_groups=[3907, 4, 1]
scalar_wg128_i8_cap4096 host median_ms=0.224084 p90_ms=0.283083 samples_ms=[0.189584, 0.212875, 0.207541, 0.200291, 0.220209, 0.21104199999999998, 0.208, 0.22408399999999998, 0.221375, 0.262042, 0.24320799999999998, 0.284209, 0.283083, 0.223667, 0.23762499999999998, 0.245542, 0.224708, 0.30812500000000004, 0.207375, 0.228375, 0.237875]
scalar_wg128_i8_cap4096 gpu median_ms=0.062042 p90_ms=0.064416 samples_ms=[0.060375, 0.060667, 0.06025, 0.061, 0.059167, 0.063875, 0.060291, 0.060125, 0.062541, 0.063083, 0.064083, 0.064083, 0.060416, 0.060792, 0.060208, 0.062042, 0.063667, 0.064416, 0.063916, 0.065834, 0.065916]
vector_wg256_i16_cap4096 stage_groups=[977, 1]
vector_wg256_i16_cap4096 host median_ms=0.195875 p90_ms=0.231250 samples_ms=[0.169709, 0.19625, 0.1815, 0.17775000000000002, 0.21091600000000002, 0.191125, 0.23125, 0.206625, 0.24375, 0.240125, 0.194208, 0.21970900000000002, 0.209375, 0.194167, 0.181833, 0.18412499999999998, 0.199209, 0.229375, 0.17241599999999999, 0.195875, 0.190833]
vector_wg256_i16_cap4096 gpu median_ms=0.032750 p90_ms=0.035084 samples_ms=[0.03275, 0.032584, 0.032916, 0.031, 0.032459, 0.032417, 0.032708, 0.032542, 0.03225, 0.032458, 0.034667, 0.034417, 0.032541, 0.035084, 0.032708, 0.034166, 0.034084, 0.0345, 0.034333, 0.036166, 0.036458]
n=16000003 expected_f64=7874988.898437500
baseline_wg256 stage_groups=[62501, 245, 1]
baseline_wg256 host median_ms=1.786167 p90_ms=2.165125 samples_ms=[1.345542, 3.5521659999999997, 1.443375, 1.522542, 1.4949169999999998, 1.455334, 1.461333, 1.6663750000000002, 1.6785420000000002, 1.963083, 2.068625, 2.118708, 2.2828340000000003, 2.1651249999999997, 2.039209, 2.055416, 1.692292, 1.786167, 1.6857090000000001, 2.1365, 2.0032919999999996]
baseline_wg256 gpu median_ms=1.534959 p90_ms=1.833625 samples_ms=[1.16725, 1.137375, 1.274292, 1.266291, 1.280208, 1.271792, 1.332625, 1.478167, 1.483666, 1.538208, 1.534959, 1.848125, 1.836083, 1.833625, 1.820042, 1.73575, 1.539958, 1.709208, 1.473292, 1.816, 1.762542]
scalar_wg64_i1 stage_groups=[65535, 1024, 16, 1]
scalar_wg64_i1 host median_ms=0.702333 p90_ms=0.867708 samples_ms=[0.602792, 0.702875, 0.7308749999999999, 0.5982080000000001, 0.606917, 0.5796659999999999, 0.638458, 0.744375, 0.651667, 0.792917, 0.66975, 0.904042, 1.443708, 0.867708, 0.674, 0.785125, 0.771375, 0.6985, 0.702333, 0.751625, 0.623666]
scalar_wg64_i1 gpu median_ms=0.453417 p90_ms=0.582250 samples_ms=[0.390292, 0.341708, 0.395792, 0.390833, 0.391917, 0.418417, 0.452958, 0.45275, 0.453417, 0.58225, 0.452834, 0.581792, 0.637417, 0.584167, 0.453292, 0.476208, 0.581709, 0.471708, 0.468416, 0.582083, 0.453584]
scalar_wg64_i4 stage_groups=[62501, 245, 1]
scalar_wg64_i4 host median_ms=0.611083 p90_ms=0.763417 samples_ms=[0.572375, 0.614166, 8.365667, 0.5583330000000001, 0.566917, 0.580917, 0.590583, 0.611083, 0.605125, 0.610334, 0.64025, 0.753208, 1.599334, 0.763417, 0.647875, 0.666833, 0.716584, 0.604541, 0.69975, 0.585, 0.581833]
scalar_wg64_i4 gpu median_ms=0.424750 p90_ms=0.532542 samples_ms=[0.356417, 0.312667, 0.979292, 0.35675, 0.363541, 0.411583, 0.4125, 0.413, 0.412541, 0.530458, 0.412375, 0.531167, 0.532542, 0.534042, 0.528625, 0.424792, 0.530375, 0.42475, 0.529459, 0.530334, 0.412209]
scalar_wg64_i8 stage_groups=[31251, 62, 1]
scalar_wg64_i8 host median_ms=0.603292 p90_ms=0.804458 samples_ms=[0.53525, 0.804458, 1.452292, 0.6081669999999999, 0.515375, 0.5299579999999999, 0.530417, 0.560334, 0.585917, 0.564917, 0.746375, 0.717042, 0.823417, 0.678084, 0.676916, 0.6032919999999999, 0.6717920000000001, 0.5493330000000001, 0.655542, 0.5435420000000001, 0.5500839999999999]
scalar_wg64_i8 gpu median_ms=0.366541 p90_ms=0.467084 samples_ms=[0.391458, 0.274209, 0.891208, 0.312709, 0.31425, 0.350417, 0.361917, 0.361208, 0.361708, 0.362291, 0.362208, 0.467084, 0.467041, 0.465667, 0.462459, 0.366541, 0.465083, 0.372958, 0.615583, 0.361083, 0.371833]
scalar_wg64_i16 stage_groups=[15626, 16, 1]
scalar_wg64_i16 host median_ms=0.640333 p90_ms=0.925292 samples_ms=[0.5966250000000001, 0.711875, 1.576125, 0.582542, 0.568708, 0.5462079999999999, 0.597375, 0.581333, 0.6403329999999999, 0.6230829999999999, 0.754084, 0.925292, 0.873792, 0.865792, 0.753167, 0.960541, 0.741958, 0.62775, 0.7603329999999999, 0.59875, 0.62175]
scalar_wg64_i16 gpu median_ms=0.448125 p90_ms=0.685375 samples_ms=[0.323833, 0.325083, 1.015541, 0.426375, 0.367083, 0.367833, 0.43425, 0.425834, 0.542291, 0.425666, 0.545084, 0.997916, 0.546875, 0.548875, 0.685375, 0.448125, 0.54475, 0.439542, 0.562084, 0.425875, 0.507417]
vector_wg64_i4 stage_groups=[62501, 245, 1]
vector_wg64_i4 host median_ms=0.556542 p90_ms=0.783250 samples_ms=[0.493375, 0.7481249999999999, 1.430458, 0.49695900000000004, 0.46537500000000004, 0.488167, 0.45475000000000004, 0.479125, 0.619416, 0.531709, 0.78325, 0.7304590000000001, 0.910458, 0.705958, 0.635417, 0.5565420000000001, 0.516167, 0.515583, 0.584542, 0.5026660000000001, 0.560667]
vector_wg64_i4 gpu median_ms=0.369917 p90_ms=0.414000 samples_ms=[0.258875, 0.2685, 0.755084, 0.288, 0.289583, 0.291208, 0.285417, 0.284667, 0.369917, 0.349458, 0.409375, 0.411625, 0.568542, 0.414, 0.41125, 0.4075, 0.40725, 0.342041, 0.41, 0.331791, 0.370208]
vector_wg64_i8 stage_groups=[31251, 62, 1]
vector_wg64_i8 host median_ms=0.448334 p90_ms=0.647042 samples_ms=[0.4195, 0.487584, 5.028875, 0.382375, 0.381625, 0.395416, 0.346458, 0.364083, 0.46925, 0.40087500000000004, 0.48008300000000004, 0.783042, 0.647042, 0.5255839999999999, 0.520333, 0.474, 0.37775, 0.417709, 0.484208, 0.37033299999999997, 0.448334]
vector_wg64_i8 gpu median_ms=0.204583 p90_ms=0.280542 samples_ms=[0.159459, 0.188083, 0.646625, 0.189458, 0.187041, 0.188042, 0.173625, 0.17425, 0.20375, 0.343334, 0.256875, 0.278375, 0.280542, 0.277916, 0.26725, 0.275125, 0.200583, 0.204583, 0.275334, 0.201291, 0.265583]
vector_wg64_i16 stage_groups=[15626, 16, 1]
vector_wg64_i16 host median_ms=0.402750 p90_ms=0.549167 samples_ms=[0.399834, 0.494375, 0.942833, 0.4195, 0.387708, 0.42362500000000003, 0.365167, 0.33975, 0.387209, 0.376958, 0.42354200000000003, 0.717334, 0.5491670000000001, 0.439, 0.42374999999999996, 0.449083, 0.34420799999999996, 0.39845800000000003, 0.344625, 0.348458, 0.40275]
vector_wg64_i16 gpu median_ms=0.190541 p90_ms=0.243209 samples_ms=[0.163958, 0.190541, 0.636166, 0.189, 0.187375, 0.18875, 0.163125, 0.159834, 0.180667, 0.179875, 0.224667, 0.243209, 0.282, 0.228125, 0.225708, 0.224833, 0.176792, 0.222666, 0.201083, 0.178667, 0.228459]
scalar_wg128_i1 stage_groups=[65535, 512, 4, 1]
scalar_wg128_i1 host median_ms=0.994542 p90_ms=1.172209 samples_ms=[0.788209, 1.091875, 2.575833, 0.815125, 0.757583, 0.837209, 0.870667, 0.816708, 0.8308340000000001, 0.9945419999999999, 1.121708, 1.214208, 1.154542, 1.10125, 1.1319590000000002, 1.120417, 0.921417, 1.172209, 0.921667, 0.933458, 1.090166]
scalar_wg128_i1 gpu median_ms=0.739792 p90_ms=0.925500 samples_ms=[0.56525, 0.702916, 1.614, 0.635042, 0.579209, 0.725, 0.635083, 0.635125, 0.63475, 0.736, 0.923334, 0.914916, 0.9255, 0.887208, 0.91625, 0.919417, 0.739792, 1.059167, 0.739917, 0.737791, 0.909458]
scalar_wg128_i4 stage_groups=[31251, 62, 1]
scalar_wg128_i4 host median_ms=0.725708 p90_ms=0.862875 samples_ms=[0.553542, 0.9952089999999999, 1.53225, 0.549875, 0.5682499999999999, 0.5541670000000001, 0.547792, 0.544709, 0.5802090000000001, 0.626084, 0.774875, 0.8628750000000001, 0.812291, 0.806625, 0.779209, 0.760416, 0.605208, 0.748459, 0.582542, 0.725708, 0.732834]
scalar_wg128_i4 gpu median_ms=0.420042 p90_ms=0.555625 samples_ms=[0.320833, 0.361667, 0.9965, 0.317166, 0.361917, 0.362291, 0.362167, 0.361208, 0.36175, 0.418875, 0.558292, 0.540625, 0.542333, 0.420042, 0.55425, 0.538666, 0.419792, 0.538584, 0.439042, 0.536708, 0.555625]
scalar_wg128_i8 stage_groups=[15626, 16, 1]
scalar_wg128_i8 host median_ms=0.582125 p90_ms=0.716791 samples_ms=[0.532167, 0.6128750000000001, 1.539917, 0.463584, 0.5077499999999999, 0.520875, 0.49299999999999994, 0.523, 0.567584, 0.581708, 0.582125, 2.162042, 0.666667, 0.6627080000000001, 0.7167910000000001, 0.6777909999999999, 0.5587920000000001, 0.6639579999999999, 0.526125, 0.6390840000000001, 0.714958]
scalar_wg128_i8 gpu median_ms=0.367458 p90_ms=0.477667 samples_ms=[0.27875, 0.317875, 0.9, 0.29525, 0.317125, 0.319167, 0.316625, 0.317292, 0.365083, 0.367458, 0.366583, 0.585708, 0.373792, 0.379417, 0.419292, 0.472084, 0.385375, 0.472083, 0.366875, 0.4725, 0.477667]
scalar_wg128_i16 stage_groups=[7813, 4, 1]
scalar_wg128_i16 host median_ms=0.678125 p90_ms=0.811708 samples_ms=[0.647167, 0.647875, 1.725834, 0.520791, 0.5756249999999999, 0.570875, 0.556959, 0.572417, 0.6321249999999999, 0.65925, 0.729583, 0.799208, 0.811708, 0.748792, 0.678125, 0.743042, 0.915, 0.7318749999999999, 0.602917, 0.716375, 0.684583]
scalar_wg128_i16 gpu median_ms=0.429167 p90_ms=0.556333 samples_ms=[0.32875, 0.325208, 1.029709, 0.368917, 0.371833, 0.370083, 0.370875, 0.369625, 0.429167, 0.427625, 0.548417, 0.567083, 0.441917, 0.556333, 0.452583, 0.42875, 0.440917, 0.428917, 0.4305, 0.548834, 0.551042]
vector_wg128_i4 stage_groups=[31251, 62, 1]
vector_wg128_i4 host median_ms=0.548625 p90_ms=0.657917 samples_ms=[0.46516599999999997, 0.6139169999999999, 1.155667, 0.482459, 0.495041, 0.505667, 0.48833299999999996, 0.49799999999999994, 0.546542, 0.5507920000000001, 0.609417, 0.646667, 0.854375, 0.6579170000000001, 0.598584, 0.5486249999999999, 0.5761660000000001, 0.526125, 0.501625, 0.5952919999999999, 0.526333]
vector_wg128_i4 gpu median_ms=0.347792 p90_ms=0.437041 samples_ms=[0.283083, 0.269375, 0.743625, 0.282125, 0.304208, 0.303667, 0.299709, 0.300083, 0.347417, 0.351, 0.42925, 0.437041, 0.432583, 0.441333, 0.389084, 0.349709, 0.404667, 0.347417, 0.34625, 0.428208, 0.347792]
vector_wg128_i8 stage_groups=[15626, 16, 1]
vector_wg128_i8 host median_ms=0.429875 p90_ms=0.696666 samples_ms=[0.38041699999999995, 0.512042, 0.7135419999999999, 0.379333, 0.639417, 0.364667, 0.362917, 0.368917, 0.40125, 0.406542, 0.44958299999999995, 0.438583, 0.696666, 0.8784590000000001, 0.476333, 0.401458, 0.575292, 0.384958, 0.429875, 0.445917, 0.370666]
vector_wg128_i8 gpu median_ms=0.204833 p90_ms=0.286041 samples_ms=[0.191084, 0.163084, 0.576958, 0.188666, 0.190625, 0.176125, 0.177167, 0.178583, 0.204416, 0.204208, 0.263, 0.229666, 0.286041, 0.3925, 0.269333, 0.206625, 0.262417, 0.204542, 0.206125, 0.260458, 0.204833]
vector_wg128_i16 stage_groups=[7813, 4, 1]
vector_wg128_i16 host median_ms=0.400750 p90_ms=0.597375 samples_ms=[0.46058299999999996, 0.49791699999999994, 0.9025409999999999, 0.40075, 0.410208, 0.32483300000000004, 0.365166, 0.36475, 0.368375, 0.382084, 0.417125, 0.368791, 0.680583, 0.597375, 0.490875, 0.416166, 0.425583, 0.35, 0.395292, 0.39554199999999995, 0.34454100000000004]
vector_wg128_i16 gpu median_ms=0.192208 p90_ms=0.280083 samples_ms=[0.269084, 0.192208, 0.608583, 0.187083, 0.191583, 0.161583, 0.1605, 0.179, 0.179542, 0.180416, 0.228209, 0.18075, 0.280083, 0.284667, 0.272625, 0.206125, 0.227709, 0.180417, 0.226292, 0.226458, 0.179625]
scalar_wg256_i1 stage_groups=[62501, 245, 1]
scalar_wg256_i1 host median_ms=1.691917 p90_ms=2.107500 samples_ms=[1.540083, 1.629416, 1.589292, 1.570208, 1.553333, 1.4575, 1.522959, 1.664209, 1.6919170000000001, 1.728917, 2.069292, 1.828833, 2.920209, 2.124584, 2.102917, 2.1047919999999998, 2.1075, 1.6704160000000001, 2.036666, 1.6706670000000001, 1.789833]
scalar_wg256_i1 gpu median_ms=1.503333 p90_ms=1.873167 samples_ms=[1.292084, 1.304958, 2.639416, 1.295875, 1.295166, 1.307167, 1.290083, 1.503333, 1.589125, 1.500208, 1.873167, 1.866458, 1.855209, 1.872, 1.988958, 1.855083, 1.86425, 1.498917, 1.694458, 1.501375, 1.498209]
scalar_wg256_i4 stage_groups=[15626, 16, 1]
scalar_wg256_i4 host median_ms=0.739042 p90_ms=0.909708 samples_ms=[0.544416, 1.882958, 0.677041, 0.590625, 0.6448750000000001, 0.754583, 0.60275, 0.632958, 0.646208, 0.7775409999999999, 0.829125, 0.823709, 0.9915410000000001, 0.909708, 0.7903749999999999, 0.795584, 0.683375, 0.739042, 0.7194579999999999, 0.608875, 0.742541]
scalar_wg256_i4 gpu median_ms=0.442917 p90_ms=0.572708 samples_ms=[0.334333, 0.426166, 0.382208, 0.390375, 0.382916, 0.381792, 0.442292, 0.442541, 0.442292, 0.529791, 0.534, 0.568666, 0.572708, 0.574875, 0.571208, 0.568916, 0.447875, 0.442333, 0.568375, 0.442917, 0.690708]
scalar_wg256_i8 stage_groups=[7813, 4, 1]
scalar_wg256_i8 host median_ms=0.648583 p90_ms=0.821167 samples_ms=[0.451833, 1.297875, 0.551875, 0.5262910000000001, 0.5415840000000001, 0.5501250000000001, 0.542291, 0.648583, 0.5698329999999999, 0.685417, 0.578458, 0.821167, 0.888167, 0.740916, 0.760542, 0.7011670000000001, 0.670292, 0.749583, 0.533083, 0.534416, 0.6651250000000001]
scalar_wg256_i8 gpu median_ms=0.381459 p90_ms=0.493917 samples_ms=[0.289, 0.334542, 0.32725, 0.327667, 0.332542, 0.377209, 0.378334, 0.378167, 0.378459, 0.485458, 0.381459, 0.485584, 0.493917, 0.496958, 0.493333, 0.485834, 0.484708, 0.499417, 0.489458, 0.379208, 0.486084]
scalar_wg256_i16 stage_groups=[3907, 1]
scalar_wg256_i16 host median_ms=0.656125 p90_ms=0.811542 samples_ms=[0.510958, 0.816709, 0.617708, 0.6008749999999999, 0.5861660000000001, 0.562791, 0.7011670000000001, 0.603875, 0.620417, 0.811542, 0.6561250000000001, 0.7799579999999999, 1.126625, 0.789292, 0.6496660000000001, 0.747583, 0.7416659999999999, 0.613167, 0.717166, 0.591458, 0.729708]
scalar_wg256_i16 gpu median_ms=0.438541 p90_ms=0.560167 samples_ms=[0.326833, 0.372875, 0.370709, 0.373, 0.329125, 0.429709, 0.494792, 0.429959, 0.384334, 0.554458, 0.428209, 0.550666, 0.560333, 0.560167, 0.438541, 0.55075, 0.656459, 0.523083, 0.548792, 0.429792, 0.549292]
vector_wg256_i4 stage_groups=[15626, 16, 1]
vector_wg256_i4 host median_ms=0.595750 p90_ms=0.772208 samples_ms=[0.471709, 0.8997919999999999, 0.5378750000000001, 0.555541, 0.506542, 0.508959, 0.49512500000000004, 0.569667, 0.525041, 0.721667, 0.59575, 0.772208, 1.023291, 0.72825, 0.618375, 0.6928340000000001, 0.6679999999999999, 0.5812080000000001, 0.6334160000000001, 0.55525, 0.636875]
vector_wg256_i4 gpu median_ms=0.388417 p90_ms=0.481375 samples_ms=[0.296125, 0.298541, 0.33675, 0.336375, 0.298375, 0.330375, 0.336, 0.387959, 0.3345, 0.389583, 0.39125, 0.473125, 0.483458, 0.481375, 0.390917, 0.47875, 0.481292, 0.388417, 0.479958, 0.387833, 0.4855]
vector_wg256_i8 stage_groups=[7813, 4, 1]
vector_wg256_i8 host median_ms=0.426792 p90_ms=0.587458 samples_ms=[1.050958, 0.5820000000000001, 0.413125, 0.400833, 0.395292, 0.481958, 0.358583, 0.398042, 0.375625, 0.426792, 0.4015, 0.587042, 0.6982499999999999, 0.587458, 0.477417, 0.415667, 0.467416, 0.431458, 0.440666, 0.382708, 0.380291]
vector_wg256_i8 gpu median_ms=0.215292 p90_ms=0.275416 samples_ms=[0.188584, 0.192875, 0.192375, 0.191083, 0.192583, 0.186125, 0.186292, 0.215292, 0.186333, 0.218917, 0.226292, 0.275416, 0.290083, 0.392875, 0.275167, 0.245458, 0.275333, 0.219583, 0.275167, 0.215083, 0.214875]
vector_wg256_i16 stage_groups=[3907, 1]
vector_wg256_i16 host median_ms=0.415333 p90_ms=0.553375 samples_ms=[0.5190410000000001, 0.642459, 0.422917, 0.374542, 0.395917, 0.338459, 0.333667, 0.36104200000000003, 0.425042, 0.415333, 0.411667, 0.5533750000000001, 0.714083, 0.502833, 0.448417, 0.381208, 0.425125, 0.41966600000000004, 0.388334, 0.364209, 0.38783300000000004]
vector_wg256_i16 gpu median_ms=0.188125 p90_ms=0.237666 samples_ms=[0.180292, 0.181792, 0.188125, 0.180375, 0.183375, 0.161375, 0.161625, 0.161166, 0.230084, 0.198375, 0.231125, 0.2335, 0.23825, 0.237666, 0.238584, 0.1865, 0.233875, 0.187791, 0.233458, 0.184708, 0.231041]
scalar_wg128_i8_cap256 stage_groups=[256, 1]
scalar_wg128_i8_cap256 host median_ms=0.514958 p90_ms=0.682417 samples_ms=[0.587333, 1.052, 0.44837499999999997, 0.44875, 0.455083, 0.46133300000000005, 0.43312500000000004, 0.443417, 0.508667, 0.517083, 0.54375, 0.572875, 0.9300419999999999, 0.578791, 0.558125, 0.682417, 0.542417, 0.463792, 0.514958, 0.44625, 0.491625]
scalar_wg128_i8_cap256 gpu median_ms=0.297917 p90_ms=0.357500 samples_ms=[0.274708, 0.389875, 0.261125, 0.256667, 0.26075, 0.25175, 0.2505, 0.251834, 0.346292, 0.297917, 0.328875, 0.347541, 0.59025, 0.356584, 0.3575, 0.286958, 0.345708, 0.293166, 0.34625, 0.282959, 0.3295]
vector_wg256_i16_cap256 stage_groups=[256, 1]
vector_wg256_i16_cap256 host median_ms=0.369875 p90_ms=0.654875 samples_ms=[0.486833, 1.0807499999999999, 0.372875, 0.37195799999999996, 0.36987499999999995, 0.351333, 0.316542, 0.336542, 0.356, 0.38291699999999995, 0.353709, 0.4025, 1.53125, 0.654875, 0.430458, 0.37266699999999997, 0.336583, 0.34216599999999997, 0.323291, 0.318042, 0.317084]
vector_wg256_i16_cap256 gpu median_ms=0.175500 p90_ms=0.245708 samples_ms=[0.181625, 0.187084, 0.179375, 0.180125, 0.180792, 0.147333, 0.141, 0.145834, 0.151625, 0.167541, 0.161333, 0.245708, 0.391083, 0.377792, 0.193958, 0.1755, 0.159959, 0.180917, 0.160833, 0.148917, 0.163625]
scalar_wg128_i8_cap1024 stage_groups=[1024, 1]
scalar_wg128_i8_cap1024 host median_ms=0.462583 p90_ms=0.639125 samples_ms=[0.592542, 0.6858339999999999, 0.45191600000000004, 0.462583, 0.460667, 0.427083, 0.39433399999999996, 0.39441699999999996, 0.437875, 0.440041, 0.482833, 0.5282079999999999, 0.872625, 0.639125, 0.49874999999999997, 0.483417, 0.468084, 0.4705, 0.427541, 0.388833, 0.4545]
scalar_wg128_i8_cap1024 gpu median_ms=0.259000 p90_ms=0.332959 samples_ms=[0.2565, 0.304041, 0.252, 0.25775, 0.254958, 0.250125, 0.2195, 0.218625, 0.251875, 0.259, 0.279666, 0.499333, 0.332959, 0.379416, 0.29725, 0.280875, 0.278667, 0.287209, 0.235958, 0.232708, 0.29225]
vector_wg256_i16_cap1024 stage_groups=[1024, 1]
vector_wg256_i16_cap1024 host median_ms=0.373291 p90_ms=0.486916 samples_ms=[0.486916, 2.780083, 0.416833, 0.363667, 0.402167, 0.331875, 0.31066699999999997, 0.335333, 0.37625000000000003, 0.373291, 0.383209, 0.40516599999999997, 0.499166, 0.463958, 0.383459, 0.370708, 0.326083, 0.343666, 0.315541, 0.312417, 0.33766599999999997]
vector_wg256_i16_cap1024 gpu median_ms=0.171291 p90_ms=0.254167 samples_ms=[0.172, 0.483083, 0.171667, 0.181166, 0.173875, 0.144667, 0.133833, 0.142666, 0.140666, 0.165375, 0.15425, 0.171291, 0.187708, 0.278625, 0.194167, 0.254167, 0.140667, 0.185792, 0.141292, 0.147083, 0.159042]
scalar_wg128_i8_cap4096 stage_groups=[4096, 4, 1]
scalar_wg128_i8_cap4096 host median_ms=0.482166 p90_ms=0.666708 samples_ms=[0.7837500000000001, 2.355292, 0.40333399999999997, 0.44412500000000005, 0.467333, 0.40933400000000003, 0.37962500000000005, 0.419125, 0.453584, 0.452625, 0.585709, 0.565, 0.666708, 0.5315, 0.52275, 0.534083, 0.42062499999999997, 0.49054100000000006, 0.423041, 0.5980840000000001, 0.48216600000000004]
scalar_wg128_i8_cap4096 gpu median_ms=0.244542 p90_ms=0.407083 samples_ms=[0.216625, 0.407083, 0.201458, 0.217875, 0.219292, 0.211, 0.213459, 0.244542, 0.242709, 0.249, 0.423875, 0.436417, 0.326667, 0.31575, 0.30625, 0.321375, 0.241791, 0.321417, 0.243875, 0.244333, 0.308667]
vector_wg256_i16_cap4096 stage_groups=[3907, 1]
vector_wg256_i16_cap4096 host median_ms=0.407625 p90_ms=0.511500 samples_ms=[0.424208, 0.9782919999999999, 0.5115000000000001, 0.3725, 0.414166, 0.37358399999999997, 0.38620800000000005, 0.36174999999999996, 0.372875, 0.388875, 0.432334, 0.464, 1.332583, 0.45037499999999997, 0.43358399999999997, 0.44875, 0.36987499999999995, 0.407625, 0.367, 0.392083, 0.401709]
vector_wg256_i16_cap4096 gpu median_ms=0.188375 p90_ms=0.240125 samples_ms=[0.181417, 0.26125, 0.16, 0.178875, 0.179292, 0.176958, 0.161083, 0.183583, 0.184458, 0.186625, 0.233541, 0.234667, 0.240125, 0.240416, 0.233542, 0.234666, 0.18425, 0.235834, 0.188375, 0.231167, 0.23325]
