backend=metal enabled=Features { features_wgpu: FeaturesWGPU(SUBGROUP), features_webgpu: FeaturesWebGPU(TIMESTAMP_QUERY) } subgroup_range=4..64 timestamp_period_ns=1
correctness=passed odd/empty/balanced-cancellation/tail cases across 36 kernels
correctness=passed odd/empty/balanced-cancellation/tail cases across 2 kernels
timing: prepared full reductions; 200ms warmup; 17 rotated samples; GPU queries and unprofiled host measured in separate runs; host includes encoding/submission/4-byte readback; input upload, pipeline compile, uniforms and partial allocation excluded; timestamp resolve occurs after completion
n=4097 kind=tree wg=64 items=1 cap=256 passes=3 gpu_median_us=31.834 gpu_p90_us=33.834 host_median_us=161.417 host_p90_us=174.042 max_abs_error=0.00000000
gpu_samples_us=[32.0, 32.208, 33.834, 13.0, 14.583, 18.667, 31.75, 32.0, 8.708, 33.417, 31.792, 31.583, 31.917, 31.75, 31.875, 33.917, 31.834]
host_samples_us=[176.0, 161.417, 166.292, 128.08399999999997, 133.917, 134.916, 145.0, 171.667, 171.791, 159.084, 127.91699999999999, 161.709, 167.125, 160.25, 174.042, 168.958, 129.875]
n=4097 kind=tree wg=64 items=1 cap=1024 passes=3 gpu_median_us=31.625 gpu_p90_us=33.375 host_median_us=157.542 host_p90_us=166.917 max_abs_error=0.00000000
gpu_samples_us=[31.792, 32.25, 219.083, 12.666, 17.5, 18.292, 31.292, 31.708, 8.667, 33.292, 31.25, 31.917, 31.542, 31.625, 31.792, 33.375, 31.417]
host_samples_us=[155.292, 165.125, 154.542, 121.917, 132.666, 142.25, 142.417, 166.917, 165.375, 162.666, 126.792, 164.708, 279.5, 157.542, 164.75, 158.916, 119.583]
n=4097 kind=tree wg=64 items=1 cap=4096 passes=3 gpu_median_us=31.583 gpu_p90_us=32.583 host_median_us=159.416 host_p90_us=166.459 max_abs_error=0.00000000
gpu_samples_us=[32.042, 31.708, 32.583, 12.834, 17.541, 18.167, 32.042, 31.375, 8.834, 31.625, 31.375, 31.667, 31.166, 31.5, 31.583, 33.708, 31.583]
host_samples_us=[340.916, 163.375, 165.5, 127.25, 132.416, 127.959, 141.875, 159.542, 159.416, 158.875, 128.833, 160.417, 166.459, 156.625, 163.875, 161.75, 118.708]
n=4097 kind=tree wg=64 items=1 cap=65535 passes=3 gpu_median_us=31.583 gpu_p90_us=32.167 host_median_us=160.458 host_p90_us=193.167 max_abs_error=0.00000000
gpu_samples_us=[31.917, 31.792, 32.167, 12.708, 17.542, 18.125, 31.958, 31.542, 9.084, 31.083, 32.166, 31.458, 31.583, 31.417, 31.875, 33.0, 31.708]
host_samples_us=[193.167, 158.25, 164.084, 124.375, 134.25, 307.666, 144.583, 160.875, 164.541, 160.458, 128.0, 162.667, 158.25, 158.125, 164.709, 174.834, 121.292]
n=4097 kind=add wg=64 items=1 cap=256 passes=3 gpu_median_us=24.917 gpu_p90_us=25.083 host_median_us=155.625 host_p90_us=220.250 max_abs_error=0.00000000
gpu_samples_us=[24.959, 25.0, 24.958, 10.375, 11.708, 14.542, 24.666, 25.042, 7.166, 24.958, 24.958, 24.708, 25.083, 24.792, 24.917, 25.458, 24.917]
host_samples_us=[220.25, 154.5, 161.667, 127.542, 140.708, 135.042, 133.625, 154.834, 161.25, 147.875, 121.375, 156.375, 155.625, 221.875, 160.084, 157.709, 176.709]
n=4097 kind=add wg=64 items=1 cap=1024 passes=3 gpu_median_us=24.958 gpu_p90_us=25.292 host_median_us=152.459 host_p90_us=162.666 max_abs_error=0.00000000
gpu_samples_us=[24.917, 25.125, 25.042, 10.583, 11.541, 14.75, 24.75, 24.958, 7.125, 25.292, 24.916, 25.083, 24.833, 25.041, 25.166, 27.333, 25.167]
host_samples_us=[162.666, 151.875, 157.791, 129.12500000000003, 132.959, 133.042, 130.459, 155.833, 155.083, 148.375, 122.333, 152.5, 152.459, 429.708, 161.75, 159.5, 146.916]
n=4097 kind=add wg=64 items=1 cap=4096 passes=3 gpu_median_us=24.958 gpu_p90_us=25.084 host_median_us=152.459 host_p90_us=167.208 max_abs_error=0.00000000
gpu_samples_us=[25.125, 24.791, 10.291, 10.5, 12.291, 14.5, 24.958, 25.042, 7.333, 25.042, 25.0, 25.084, 24.667, 25.0, 25.041, 25.083, 24.708]
host_samples_us=[167.208, 151.583, 159.625, 126.33300000000001, 135.459, 136.25, 140.0, 152.459, 163.209, 154.792, 117.792, 153.583, 152.291, 618.958, 157.584, 155.084, 123.91600000000001]
n=4097 kind=add wg=64 items=1 cap=65535 passes=3 gpu_median_us=24.708 gpu_p90_us=25.042 host_median_us=152.000 host_p90_us=162.417 max_abs_error=0.00000000
gpu_samples_us=[24.458, 24.791, 10.125, 10.167, 11.709, 14.25, 24.708, 24.5, 7.084, 26.5, 24.792, 24.791, 24.667, 24.708, 25.042, 25.041, 24.75]
host_samples_us=[156.375, 154.209, 149.875, 123.08299999999998, 138.417, 138.917, 133.458, 152.0, 162.417, 152.584, 122.292, 154.209, 150.417, 146.75, 159.084, 159.708, 195.75]
n=4097 kind=shuffle wg=64 items=1 cap=256 passes=3 gpu_median_us=27.541 gpu_p90_us=28.000 host_median_us=155.500 host_p90_us=173.625 max_abs_error=0.00000000
gpu_samples_us=[27.75, 27.541, 11.125, 17.084, 13.083, 16.083, 27.291, 27.375, 28.0, 27.666, 27.5, 27.458, 27.958, 27.75, 27.75, 256.833, 27.75]
host_samples_us=[173.625, 154.125, 159.167, 130.83300000000003, 132.791, 133.416, 133.666, 155.5, 169.333, 152.792, 125.87500000000001, 167.25, 158.125, 171.375, 444.209, 156.167, 150.333]
n=4097 kind=shuffle wg=64 items=1 cap=1024 passes=3 gpu_median_us=27.459 gpu_p90_us=28.459 host_median_us=154.292 host_p90_us=168.125 max_abs_error=0.00000000
gpu_samples_us=[27.708, 27.75, 11.209, 11.791, 12.625, 16.25, 27.584, 27.459, 27.375, 28.459, 27.416, 27.416, 27.792, 27.292, 27.459, 30.208, 27.542]
host_samples_us=[155.917, 153.667, 157.958, 131.792, 134.166, 141.333, 143.334, 168.125, 162.875, 149.583, 120.875, 162.791, 154.375, 161.292, 216.833, 154.292, 123.08299999999998]
n=4097 kind=shuffle wg=64 items=1 cap=4096 passes=3 gpu_median_us=27.375 gpu_p90_us=27.917 host_median_us=156.375 host_p90_us=167.875 max_abs_error=0.00000000
gpu_samples_us=[27.833, 27.417, 11.542, 11.583, 12.667, 15.875, 27.916, 27.375, 27.666, 27.917, 358.917, 27.375, 27.458, 27.208, 27.292, 27.75, 27.333]
host_samples_us=[164.084, 156.125, 156.375, 127.709, 131.417, 132.459, 132.292, 167.875, 159.208, 149.375, 125.542, 156.708, 157.167, 156.625, 176.833, 159.5, 120.042]
n=4097 kind=shuffle wg=64 items=1 cap=65535 passes=3 gpu_median_us=27.625 gpu_p90_us=55.416 host_median_us=158.041 host_p90_us=216.166 max_abs_error=0.00000000
gpu_samples_us=[27.625, 27.458, 11.375, 55.416, 13.083, 16.125, 157.625, 27.667, 28.333, 27.417, 28.417, 27.417, 27.459, 27.875, 27.458, 29.5, 27.916]
host_samples_us=[154.791, 216.166, 157.333, 126.542, 132.834, 139.333, 137.416, 158.041, 160.667, 275.042, 119.917, 158.917, 159.334, 158.917, 160.958, 159.834, 123.542]
n=4097 kind=tree wg=64 items=4 cap=256 passes=2 gpu_median_us=28.708 gpu_p90_us=32.250 host_median_us=151.750 host_p90_us=161.958 max_abs_error=0.00000000
gpu_samples_us=[28.958, 28.833, 11.708, 12.417, 13.042, 16.333, 29.834, 28.375, 28.708, 280.875, 29.25, 28.5, 29.125, 28.5, 28.416, 29.916, 32.25]
host_samples_us=[151.75, 222.75, 161.958, 122.87499999999999, 134.709, 133.0, 141.708, 159.625, 159.667, 151.125, 119.5, 149.375, 160.542, 152.625, 157.25, 155.833, 119.916]
n=4097 kind=tree wg=64 items=4 cap=1024 passes=2 gpu_median_us=28.666 gpu_p90_us=410.792 host_median_us=156.209 host_p90_us=166.375 max_abs_error=0.00000000
gpu_samples_us=[28.5, 29.083, 11.417, 11.542, 11.334, 16.375, 28.792, 423.708, 410.792, 33.958, 28.666, 28.375, 28.417, 29.083, 28.334, 33.083, 32.0]
host_samples_us=[157.875, 159.125, 156.209, 125.87500000000001, 131.00000000000003, 132.042, 139.541, 159.708, 158.667, 158.625, 172.958, 166.375, 155.875, 155.458, 157.625, 152.084, 120.083]
n=4097 kind=tree wg=64 items=4 cap=4096 passes=2 gpu_median_us=28.458 gpu_p90_us=32.750 host_median_us=156.208 host_p90_us=175.167 max_abs_error=0.00000000
gpu_samples_us=[28.292, 28.708, 11.375, 11.333, 11.334, 16.333, 28.5, 330.834, 29.583, 32.75, 28.875, 28.541, 28.208, 28.375, 28.375, 29.917, 28.458]
host_samples_us=[160.25, 164.625, 175.167, 123.667, 128.333, 143.083, 305.834, 156.125, 169.375, 157.959, 144.167, 154.875, 147.542, 161.625, 156.833, 156.208, 121.917]
n=4097 kind=tree wg=64 items=4 cap=65535 passes=2 gpu_median_us=28.375 gpu_p90_us=210.292 host_median_us=155.667 host_p90_us=169.750 max_abs_error=0.00000000
gpu_samples_us=[28.625, 28.375, 11.375, 11.25, 11.375, 16.292, 28.625, 30.083, 28.916, 32.459, 28.333, 28.292, 28.125, 210.292, 28.166, 32.666, 217.417]
host_samples_us=[169.708, 157.208, 155.416, 123.91600000000001, 129.12500000000003, 131.75, 169.75, 157.542, 155.667, 159.834, 286.417, 166.875, 164.792, 154.625, 153.0, 151.083, 117.583]
n=4097 kind=add wg=64 items=4 cap=256 passes=2 gpu_median_us=23.833 gpu_p90_us=60.208 host_median_us=150.125 host_p90_us=265.083 max_abs_error=0.00000000
gpu_samples_us=[23.959, 60.208, 9.792, 9.834, 9.709, 13.75, 24.125, 24.417, 31.041, 30.833, 23.709, 23.833, 23.25, 158.208, 24.25, 23.792, 6.958]
host_samples_us=[146.292, 153.0, 146.042, 117.792, 127.708, 132.833, 150.125, 174.25, 149.375, 152.042, 153.875, 541.375, 160.291, 148.666, 151.959, 265.083, 128.792]
n=4097 kind=add wg=64 items=4 cap=1024 passes=2 gpu_median_us=23.917 gpu_p90_us=209.084 host_median_us=151.708 host_p90_us=157.334 max_abs_error=0.00000000
gpu_samples_us=[209.084, 24.541, 9.875, 9.833, 9.625, 13.75, 24.667, 23.833, 30.583, 24.75, 24.292, 301.917, 23.667, 24.833, 23.542, 23.917, 6.75]
host_samples_us=[145.125, 156.917, 155.958, 129.12500000000003, 128.208, 136.833, 156.833, 156.0, 149.625, 150.541, 131.459, 156.542, 157.334, 153.5, 166.083, 151.708, 121.375]
n=4097 kind=add wg=64 items=4 cap=4096 passes=2 gpu_median_us=23.917 gpu_p90_us=29.875 host_median_us=150.750 host_p90_us=163.000 max_abs_error=0.00000000
gpu_samples_us=[38.25, 24.0, 9.458, 9.75, 9.667, 13.792, 23.667, 25.5, 24.167, 24.083, 23.791, 24.625, 29.875, 24.292, 23.75, 23.917, 6.875]
host_samples_us=[152.666, 171.0, 150.75, 121.0, 128.083, 131.959, 150.417, 155.0, 151.708, 149.958, 126.79100000000001, 156.208, 154.959, 145.917, 153.916, 163.0, 119.125]
n=4097 kind=add wg=64 items=4 cap=65535 passes=2 gpu_median_us=23.791 gpu_p90_us=24.458 host_median_us=149.666 host_p90_us=160.792 max_abs_error=0.00000000
gpu_samples_us=[162.875, 23.875, 9.584, 9.833, 9.625, 13.875, 23.667, 24.375, 24.458, 24.167, 23.791, 24.084, 23.708, 24.083, 23.75, 24.084, 6.625]
host_samples_us=[150.625, 303.666, 160.792, 133.459, 128.792, 131.167, 149.666, 151.416, 155.5, 149.292, 121.667, 152.125, 151.958, 144.584, 152.209, 148.625, 121.916]
n=4097 kind=shuffle wg=64 items=4 cap=256 passes=2 gpu_median_us=26.084 gpu_p90_us=30.750 host_median_us=153.792 host_p90_us=161.916 max_abs_error=0.00000000
gpu_samples_us=[26.875, 27.208, 18.25, 10.208, 10.541, 14.75, 26.25, 30.75, 31.208, 25.917, 25.875, 26.292, 26.084, 26.416, 26.167, 25.833, 7.25]
host_samples_us=[154.917, 240.625, 153.792, 134.25, 130.458, 133.709, 157.917, 154.583, 159.875, 148.875, 126.0, 157.125, 150.625, 154.125, 150.0, 161.916, 120.125]
n=4097 kind=shuffle wg=64 items=4 cap=1024 passes=2 gpu_median_us=25.791 gpu_p90_us=30.542 host_median_us=152.333 host_p90_us=180.708 max_abs_error=0.00000000
gpu_samples_us=[25.791, 26.875, 10.584, 10.167, 10.5, 14.834, 25.666, 25.959, 30.375, 25.959, 25.75, 25.958, 37.334, 26.041, 25.75, 30.542, 7.25]
host_samples_us=[143.125, 182.708, 152.709, 133.5, 180.708, 130.125, 150.334, 155.084, 154.375, 152.166, 125.75, 156.291, 147.792, 152.333, 154.542, 153.167, 128.99999999999997]
n=4097 kind=shuffle wg=64 items=4 cap=4096 passes=2 gpu_median_us=26.167 gpu_p90_us=27.459 host_median_us=154.166 host_p90_us=170.291 max_abs_error=0.00000000
gpu_samples_us=[26.417, 26.208, 11.083, 10.542, 10.333, 15.292, 26.75, 31.458, 25.875, 26.417, 26.084, 26.167, 27.459, 26.208, 26.167, 26.542, 6.958]
host_samples_us=[159.667, 170.291, 154.375, 134.709, 199.084, 131.625, 152.75, 154.166, 155.167, 153.25, 125.583, 153.542, 162.166, 164.166, 154.583, 152.541, 125.208]
n=4097 kind=shuffle wg=64 items=4 cap=65535 passes=2 gpu_median_us=26.375 gpu_p90_us=39.417 host_median_us=158.000 host_p90_us=222.000 max_abs_error=0.00000000
gpu_samples_us=[26.458, 26.334, 10.292, 10.333, 10.75, 80.709, 26.375, 26.625, 30.833, 26.542, 26.333, 26.167, 26.834, 26.125, 39.417, 30.875, 7.167]
host_samples_us=[159.417, 168.375, 162.416, 128.95800000000003, 176.166, 132.417, 149.625, 222.0, 154.75, 155.125, 124.041, 151.958, 164.792, 158.0, 298.0, 154.166, 166.083]
n=4097 kind=tree wg=64 items=8 cap=256 passes=2 gpu_median_us=35.458 gpu_p90_us=38.500 host_median_us=165.542 host_p90_us=199.334 max_abs_error=0.00000000
gpu_samples_us=[35.458, 35.125, 21.375, 14.042, 14.041, 20.792, 35.458, 38.5, 38.375, 35.166, 35.625, 35.25, 35.625, 35.5, 219.917, 35.458, 9.833]
host_samples_us=[165.542, 177.208, 168.167, 125.70800000000001, 173.625, 143.291, 160.0, 199.334, 159.417, 163.625, 126.208, 173.5, 164.459, 220.209, 167.167, 163.042, 169.667]
n=4097 kind=tree wg=64 items=8 cap=1024 passes=2 gpu_median_us=35.541 gpu_p90_us=38.458 host_median_us=163.292 host_p90_us=180.791 max_abs_error=0.00000000
gpu_samples_us=[35.541, 35.375, 14.958, 14.167, 14.333, 20.458, 35.167, 35.458, 39.167, 38.458, 35.584, 35.667, 35.583, 35.917, 36.208, 38.333, 9.417]
host_samples_us=[164.708, 163.292, 166.208, 131.666, 139.125, 148.708, 163.0, 200.875, 164.125, 161.459, 130.958, 168.417, 162.792, 180.791, 170.625, 164.958, 135.0]
n=4097 kind=tree wg=64 items=8 cap=4096 passes=2 gpu_median_us=35.208 gpu_p90_us=38.708 host_median_us=160.625 host_p90_us=182.250 max_abs_error=0.00000000
gpu_samples_us=[35.125, 34.917, 14.209, 13.792, 13.75, 20.125, 35.0, 35.208, 38.708, 35.375, 35.541, 35.584, 35.291, 35.334, 35.375, 39.375, 9.166]
host_samples_us=[160.333, 166.041, 163.125, 129.16699999999997, 137.417, 142.291, 160.958, 209.167, 182.25, 160.625, 134.708, 158.583, 163.666, 162.417, 164.458, 159.666, 160.541]
n=4097 kind=tree wg=64 items=8 cap=65535 passes=2 gpu_median_us=35.375 gpu_p90_us=36.166 host_median_us=161.416 host_p90_us=176.916 max_abs_error=0.00000000
gpu_samples_us=[36.166, 35.083, 14.208, 14.291, 14.292, 20.125, 35.5, 35.584, 35.625, 35.209, 35.375, 35.458, 35.542, 35.334, 35.75, 38.5, 9.708]
host_samples_us=[161.416, 170.875, 159.042, 134.25, 169.625, 144.166, 161.0, 219.708, 176.916, 163.333, 122.709, 158.584, 163.042, 168.041, 159.0, 160.583, 170.542]
n=4097 kind=add wg=64 items=8 cap=256 passes=2 gpu_median_us=32.000 gpu_p90_us=36.542 host_median_us=157.708 host_p90_us=181.000 max_abs_error=0.00000000
gpu_samples_us=[32.5, 32.083, 12.833, 12.666, 13.458, 17.958, 32.0, 31.834, 36.542, 37.459, 32.041, 31.875, 32.666, 33.708, 32.292, 31.542, 8.834]
host_samples_us=[157.459, 160.625, 153.167, 127.875, 169.792, 143.0, 154.959, 181.0, 164.708, 159.833, 133.291, 163.875, 157.708, 184.875, 165.5, 157.458, 128.083]
n=4097 kind=add wg=64 items=8 cap=1024 passes=2 gpu_median_us=31.875 gpu_p90_us=36.458 host_median_us=158.708 host_p90_us=177.667 max_abs_error=0.00000000
gpu_samples_us=[32.292, 31.834, 12.791, 12.541, 12.875, 18.042, 31.875, 31.667, 36.458, 34.625, 31.959, 31.417, 32.541, 32.666, 32.417, 257.875, 8.792]
host_samples_us=[157.5, 162.708, 163.583, 122.75, 196.667, 140.583, 150.0, 160.459, 158.708, 161.958, 126.16600000000001, 150.584, 165.083, 177.667, 160.0, 157.292, 131.375]
n=4097 kind=add wg=64 items=8 cap=4096 passes=2 gpu_median_us=31.708 gpu_p90_us=35.000 host_median_us=158.875 host_p90_us=176.750 max_abs_error=0.00000000
gpu_samples_us=[31.959, 31.166, 12.875, 12.125, 12.542, 17.666, 31.833, 31.5, 35.0, 31.542, 31.708, 31.916, 31.875, 32.334, 32.292, 41.291, 8.5]
host_samples_us=[157.083, 164.542, 158.875, 126.29199999999999, 175.083, 140.917, 175.125, 160.416, 156.542, 158.416, 119.25, 181.875, 176.75, 170.458, 161.25, 155.125, 131.667]
n=4097 kind=add wg=64 items=8 cap=65535 passes=2 gpu_median_us=31.917 gpu_p90_us=35.959 host_median_us=158.958 host_p90_us=169.542 max_abs_error=0.00000000
gpu_samples_us=[32.333, 31.917, 12.708, 12.583, 12.917, 18.083, 31.75, 32.042, 35.5, 35.959, 32.041, 34.875, 32.0, 31.875, 31.916, 44.125, 8.834]
host_samples_us=[158.792, 160.458, 164.333, 122.333, 142.875, 142.0, 223.666, 159.208, 168.25, 165.0, 121.5, 158.417, 166.833, 169.542, 158.958, 157.375, 139.458]
n=4097 kind=shuffle wg=64 items=8 cap=256 passes=2 gpu_median_us=33.291 gpu_p90_us=36.916 host_median_us=160.041 host_p90_us=193.291 max_abs_error=0.00000000
gpu_samples_us=[33.167, 33.125, 11.667, 13.041, 13.083, 30.0, 33.291, 34.209, 33.208, 36.25, 33.375, 37.958, 33.375, 33.917, 33.334, 36.916, 9.0]
host_samples_us=[168.042, 160.709, 160.041, 151.25, 140.708, 143.083, 193.291, 162.416, 158.75, 167.375, 127.04200000000002, 155.292, 170.459, 210.042, 164.333, 159.917, 136.542]
n=4097 kind=shuffle wg=64 items=8 cap=1024 passes=2 gpu_median_us=33.208 gpu_p90_us=36.250 host_median_us=160.083 host_p90_us=175.500 max_abs_error=0.00000000
gpu_samples_us=[33.208, 33.208, 11.541, 13.0, 13.416, 32.584, 32.459, 33.666, 36.708, 36.25, 32.625, 33.167, 33.416, 33.375, 33.25, 34.75, 8.75]
host_samples_us=[159.0, 166.667, 167.333, 149.75, 134.875, 144.75, 175.5, 169.792, 159.917, 165.167, 128.25, 158.208, 168.667, 237.667, 163.292, 160.083, 126.083]
n=4097 kind=shuffle wg=64 items=8 cap=4096 passes=2 gpu_median_us=33.042 gpu_p90_us=35.041 host_median_us=159.500 host_p90_us=199.291 max_abs_error=0.00000000
gpu_samples_us=[33.125, 32.875, 11.5, 13.041, 13.167, 32.5, 33.0, 33.25, 36.625, 32.708, 33.083, 33.208, 33.042, 33.458, 33.209, 35.041, 8.667]
host_samples_us=[161.25, 159.5, 163.125, 136.791, 132.958, 145.541, 165.791, 158.5, 158.875, 157.084, 128.0, 164.291, 199.291, 282.292, 169.292, 160.125, 124.833]
n=4097 kind=shuffle wg=64 items=8 cap=65535 passes=2 gpu_median_us=32.833 gpu_p90_us=54.833 host_median_us=159.791 host_p90_us=169.917 max_abs_error=0.00000000
gpu_samples_us=[33.5, 32.75, 11.417, 13.125, 13.042, 32.625, 54.833, 33.584, 32.792, 238.125, 32.75, 32.833, 33.625, 32.833, 32.959, 33.292, 8.584]
host_samples_us=[163.375, 157.833, 163.625, 136.5, 130.62499999999997, 143.541, 158.875, 162.583, 158.125, 160.042, 121.542, 159.791, 169.917, 317.958, 161.375, 159.833, 130.83300000000003]
n=4097 kind=tree wg=64 items=16 cap=256 passes=2 gpu_median_us=51.542 gpu_p90_us=55.458 host_median_us=177.875 host_p90_us=196.209 max_abs_error=0.00000000
gpu_samples_us=[51.625, 51.625, 17.958, 20.084, 20.416, 51.417, 52.583, 51.875, 51.417, 56.417, 51.5, 55.458, 51.791, 51.375, 51.709, 51.542, 13.584]
host_samples_us=[177.875, 187.5, 178.625, 144.167, 149.667, 153.25, 175.375, 196.209, 182.916, 177.417, 129.667, 177.667, 191.208, 316.417, 180.208, 179.959, 132.0]
n=4097 kind=tree wg=64 items=16 cap=1024 passes=2 gpu_median_us=51.500 gpu_p90_us=55.375 host_median_us=178.542 host_p90_us=223.208 max_abs_error=0.00000000
gpu_samples_us=[52.084, 51.084, 17.917, 20.167, 20.459, 51.0, 51.958, 55.959, 51.208, 55.375, 51.25, 51.5, 51.709, 51.584, 51.709, 51.917, 13.416]
host_samples_us=[176.542, 188.959, 386.291, 139.375, 144.041, 223.208, 178.958, 175.5, 180.916, 177.291, 126.04200000000002, 178.291, 186.875, 194.417, 183.167, 178.542, 126.87500000000001]
n=4097 kind=tree wg=64 items=16 cap=4096 passes=2 gpu_median_us=51.500 gpu_p90_us=55.583 host_median_us=178.334 host_p90_us=224.125 max_abs_error=0.00000000
gpu_samples_us=[51.833, 51.333, 17.833, 17.792, 22.584, 51.042, 51.541, 51.542, 55.583, 52.0, 51.333, 51.583, 51.5, 51.667, 51.333, 56.375, 12.958]
host_samples_us=[177.375, 181.25, 224.125, 136.125, 142.042, 290.083, 170.666, 188.208, 183.167, 175.208, 129.833, 180.75, 178.334, 191.041, 176.625, 181.25, 130.791]
n=4097 kind=tree wg=64 items=16 cap=65535 passes=2 gpu_median_us=51.500 gpu_p90_us=271.000 host_median_us=179.958 host_p90_us=198.875 max_abs_error=0.00000000
gpu_samples_us=[51.875, 51.333, 18.0, 23.167, 22.459, 50.875, 51.417, 56.625, 55.458, 51.791, 51.042, 271.0, 51.709, 334.791, 51.5, 55.584, 13.416]
host_samples_us=[179.209, 182.25, 183.583, 139.25, 139.75, 166.542, 188.875, 179.958, 252.833, 188.25, 131.542, 175.375, 182.25, 198.875, 181.625, 177.084, 130.333]
n=4097 kind=add wg=64 items=16 cap=256 passes=2 gpu_median_us=48.000 gpu_p90_us=49.375 host_median_us=175.875 host_p90_us=183.792 max_abs_error=0.00000000
gpu_samples_us=[48.083, 48.0, 17.291, 17.292, 21.042, 47.584, 48.083, 47.792, 47.625, 48.625, 47.458, 49.375, 48.041, 49.042, 48.167, 52.792, 12.625]
host_samples_us=[174.667, 175.875, 172.334, 135.458, 272.917, 165.333, 176.083, 175.917, 183.792, 170.5, 132.584, 171.708, 177.583, 182.084, 182.0, 178.125, 135.666]
n=4097 kind=add wg=64 items=16 cap=1024 passes=2 gpu_median_us=47.875 gpu_p90_us=51.041 host_median_us=174.292 host_p90_us=191.042 max_abs_error=0.00000000
gpu_samples_us=[47.959, 48.0, 16.959, 17.333, 21.167, 27.208, 48.167, 51.041, 47.875, 51.916, 47.708, 47.625, 47.208, 48.125, 48.166, 48.042, 12.583]
host_samples_us=[174.292, 171.417, 173.0, 138.334, 405.25, 155.833, 174.166, 175.167, 191.042, 181.625, 145.125, 170.334, 178.125, 176.0, 181.875, 178.5, 128.083]
n=4097 kind=add wg=64 items=16 cap=4096 passes=2 gpu_median_us=47.709 gpu_p90_us=54.208 host_median_us=174.625 host_p90_us=226.208 max_abs_error=0.00000000
gpu_samples_us=[47.709, 47.542, 16.625, 17.334, 21.125, 27.083, 48.041, 47.667, 54.208, 48.0, 47.708, 48.917, 287.167, 48.208, 48.041, 51.167, 12.5]
host_samples_us=[173.708, 172.708, 173.334, 144.458, 278.667, 157.042, 181.083, 178.625, 174.667, 226.208, 140.667, 170.0, 174.625, 187.459, 177.334, 178.375, 131.459]
n=4097 kind=add wg=64 items=16 cap=65535 passes=2 gpu_median_us=47.833 gpu_p90_us=49.084 host_median_us=176.000 host_p90_us=317.000 max_abs_error=0.00000000
gpu_samples_us=[48.084, 47.833, 16.834, 17.125, 21.791, 27.083, 47.583, 47.667, 52.292, 47.958, 47.708, 48.583, 49.084, 47.916, 48.291, 47.958, 12.583]
host_samples_us=[176.0, 169.833, 186.333, 132.0, 242.084, 155.042, 182.791, 180.0, 317.0, 634.209, 133.875, 176.375, 172.791, 179.292, 173.834, 170.709, 127.41599999999998]
n=4097 kind=shuffle wg=64 items=16 cap=256 passes=2 gpu_median_us=49.833 gpu_p90_us=54.292 host_median_us=175.375 host_p90_us=184.375 max_abs_error=0.00000000
gpu_samples_us=[298.917, 49.584, 17.709, 17.75, 22.875, 28.5, 49.625, 49.875, 13.292, 54.292, 49.833, 50.542, 50.292, 50.375, 49.875, 50.042, 13.334]
host_samples_us=[170.333, 179.625, 179.125, 140.0, 154.5, 168.792, 223.375, 184.375, 173.542, 183.792, 131.959, 179.75, 175.25, 181.166, 179.792, 175.375, 130.042]
n=4097 kind=shuffle wg=64 items=16 cap=1024 passes=2 gpu_median_us=49.583 gpu_p90_us=50.375 host_median_us=174.125 host_p90_us=189.625 max_abs_error=0.00000000
gpu_samples_us=[50.083, 49.542, 17.542, 17.584, 22.292, 28.75, 49.583, 49.708, 13.125, 49.875, 49.292, 50.375, 49.709, 50.0, 50.583, 50.041, 13.125]
host_samples_us=[171.75, 188.166, 177.459, 137.917, 145.666, 153.625, 297.334, 175.083, 173.334, 134.833, 128.99999999999997, 176.666, 174.125, 189.625, 183.0, 174.916, 119.792]
n=4097 kind=shuffle wg=64 items=16 cap=4096 passes=2 gpu_median_us=49.666 gpu_p90_us=52.792 host_median_us=175.458 host_p90_us=212.083 max_abs_error=0.00000000
gpu_samples_us=[49.875, 49.833, 17.625, 17.875, 22.625, 28.709, 49.5, 49.25, 13.041, 50.458, 49.666, 50.0, 50.125, 50.167, 69.834, 52.792, 13.417]
host_samples_us=[175.458, 178.875, 171.792, 136.75, 147.417, 154.417, 326.792, 193.417, 212.083, 142.333, 127.708, 173.708, 182.292, 189.583, 179.209, 184.584, 132.292]
n=4097 kind=shuffle wg=64 items=16 cap=65535 passes=2 gpu_median_us=49.542 gpu_p90_us=51.041 host_median_us=174.833 host_p90_us=251.375 max_abs_error=0.00000000
gpu_samples_us=[50.042, 49.958, 17.458, 17.75, 22.417, 27.958, 49.542, 49.791, 13.334, 49.875, 48.917, 50.583, 50.583, 48.458, 51.041, 53.667, 13.125]
host_samples_us=[175.75, 174.833, 171.541, 136.292, 142.416, 155.083, 202.708, 175.25, 251.37500000000003, 140.708, 129.958, 172.417, 175.542, 388.209, 176.125, 203.25, 133.5]
n=4097 kind=tree wg=128 items=1 cap=256 passes=2 gpu_median_us=23.625 gpu_p90_us=24.333 host_median_us=153.417 host_p90_us=399.250 max_abs_error=0.00000000
gpu_samples_us=[23.625, 23.958, 8.458, 8.542, 10.667, 13.916, 23.5, 23.708, 6.542, 24.041, 23.625, 23.958, 24.459, 23.791, 24.333, 23.792, 6.667]
host_samples_us=[150.917, 162.417, 156.5, 134.209, 139.458, 134.375, 161.0, 154.5, 256.458, 121.083, 136.709, 153.417, 156.0, 399.25, 151.958, 443.542, 119.041]
n=4097 kind=tree wg=128 items=1 cap=1024 passes=2 gpu_median_us=23.708 gpu_p90_us=24.583 host_median_us=151.334 host_p90_us=286.167 max_abs_error=0.00000000
gpu_samples_us=[23.709, 23.708, 8.292, 8.291, 10.625, 13.291, 23.333, 23.375, 6.5, 23.792, 34.833, 23.708, 23.75, 24.25, 23.958, 24.583, 6.583]
host_samples_us=[155.584, 155.458, 154.5, 125.49999999999999, 145.834, 133.25, 163.958, 151.334, 335.75, 124.458, 120.167, 145.625, 152.166, 160.292, 150.75, 286.167, 119.083]
n=4097 kind=tree wg=128 items=1 cap=4096 passes=2 gpu_median_us=23.625 gpu_p90_us=24.250 host_median_us=152.125 host_p90_us=162.000 max_abs_error=0.00000000
gpu_samples_us=[24.083, 23.708, 8.292, 10.25, 10.833, 13.375, 23.708, 23.667, 6.458, 23.916, 23.5, 23.625, 23.625, 23.875, 24.25, 24.292, 6.459]
host_samples_us=[160.084, 162.0, 159.125, 140.542, 141.875, 132.834, 158.459, 152.125, 220.875, 123.375, 121.75, 146.75, 161.625, 160.542, 148.292, 154.417, 121.792]
n=4097 kind=tree wg=128 items=1 cap=65535 passes=2 gpu_median_us=23.375 gpu_p90_us=24.250 host_median_us=151.209 host_p90_us=179.875 max_abs_error=0.00000000
gpu_samples_us=[24.25, 49.917, 8.166, 10.041, 10.583, 13.5, 23.375, 23.459, 6.333, 23.875, 23.167, 24.208, 23.167, 23.792, 23.75, 23.375, 20.167]
host_samples_us=[153.333, 152.667, 156.292, 137.583, 135.208, 133.666, 159.0, 155.667, 179.875, 123.33400000000002, 127.95800000000001, 145.75, 312.0, 155.5, 149.542, 151.209, 126.542]
n=4097 kind=add wg=128 items=1 cap=256 passes=2 gpu_median_us=19.916 gpu_p90_us=20.958 host_median_us=145.125 host_p90_us=162.875 max_abs_error=0.00000000
gpu_samples_us=[19.916, 20.958, 7.209, 8.709, 9.417, 11.708, 19.959, 19.875, 6.0, 20.416, 20.25, 20.0, 19.875, 20.292, 20.209, 26.0, 16.833]
host_samples_us=[162.875, 148.542, 283.083, 138.25, 141.291, 133.417, 150.25, 147.916, 156.667, 123.04199999999999, 121.042, 143.625, 152.583, 145.125, 149.333, 143.875, 125.583]
n=4097 kind=add wg=128 items=1 cap=1024 passes=2 gpu_median_us=19.875 gpu_p90_us=69.000 host_median_us=146.666 host_p90_us=161.000 max_abs_error=0.00000000
gpu_samples_us=[19.959, 20.958, 7.209, 8.625, 9.583, 11.625, 19.709, 69.0, 5.833, 20.375, 20.375, 19.875, 19.875, 20.416, 20.084, 90.334, 16.458]
host_samples_us=[297.0, 146.666, 153.5, 127.625, 144.458, 132.75, 148.958, 146.416, 161.0, 129.04100000000003, 122.333, 142.959, 149.875, 151.708, 157.583, 146.875, 117.542]
n=4097 kind=add wg=128 items=1 cap=4096 passes=2 gpu_median_us=19.708 gpu_p90_us=20.709 host_median_us=147.417 host_p90_us=164.334 max_abs_error=0.00000000
gpu_samples_us=[19.5, 20.542, 7.333, 8.583, 9.333, 11.25, 19.709, 20.792, 5.375, 19.834, 19.708, 19.875, 19.708, 19.625, 19.708, 20.709, 16.666]
host_samples_us=[151.541, 148.583, 153.125, 116.375, 132.958, 134.417, 164.334, 147.417, 158.958, 130.458, 118.708, 142.833, 149.916, 150.458, 193.333, 146.5, 121.167]
n=4097 kind=add wg=128 items=1 cap=65535 passes=2 gpu_median_us=19.666 gpu_p90_us=20.375 host_median_us=142.292 host_p90_us=154.916 max_abs_error=0.00000000
gpu_samples_us=[20.167, 19.708, 7.291, 8.166, 11.0, 11.708, 19.875, 20.667, 5.667, 19.666, 19.625, 19.791, 20.375, 19.625, 19.666, 20.208, 17.208]
host_samples_us=[154.916, 145.875, 144.417, 115.583, 124.79099999999998, 140.542, 152.75, 152.875, 153.333, 126.41599999999998, 118.875, 142.292, 145.333, 142.25, 270.667, 141.875, 134.042]
n=4097 kind=shuffle wg=128 items=1 cap=256 passes=2 gpu_median_us=21.917 gpu_p90_us=32.250 host_median_us=147.958 host_p90_us=163.208 max_abs_error=0.00000000
gpu_samples_us=[21.917, 22.25, 7.959, 8.834, 10.708, 12.875, 32.25, 22.083, 6.625, 22.5, 42.542, 21.833, 21.75, 22.084, 22.083, 22.166, 21.916]
host_samples_us=[155.416, 147.375, 152.166, 116.375, 134.084, 137.75, 145.166, 149.584, 156.875, 123.04199999999999, 120.958, 147.958, 149.334, 150.042, 298.958, 163.208, 125.959]
n=4097 kind=shuffle wg=128 items=1 cap=1024 passes=2 gpu_median_us=21.875 gpu_p90_us=22.916 host_median_us=147.333 host_p90_us=156.292 max_abs_error=0.00000000
gpu_samples_us=[21.916, 22.292, 7.875, 8.791, 10.167, 12.542, 22.5, 21.792, 6.375, 22.916, 23.541, 21.625, 21.625, 22.125, 22.041, 22.208, 21.875]
host_samples_us=[150.833, 150.042, 148.042, 119.416, 133.5, 133.75, 144.791, 147.25, 156.292, 130.5, 116.875, 147.333, 148.708, 150.666, 151.042, 216.958, 119.959]
n=4097 kind=shuffle wg=128 items=1 cap=4096 passes=2 gpu_median_us=21.833 gpu_p90_us=22.333 host_median_us=147.875 host_p90_us=158.500 max_abs_error=0.00000000
gpu_samples_us=[21.791, 21.875, 7.958, 8.708, 10.083, 12.667, 126.916, 22.292, 6.042, 22.042, 22.333, 21.833, 21.875, 21.75, 21.792, 22.083, 21.833]
host_samples_us=[151.208, 149.833, 153.541, 134.917, 129.958, 133.167, 144.375, 152.958, 154.416, 126.58299999999998, 117.416, 143.791, 147.875, 148.708, 158.5, 170.75, 121.583]
n=4097 kind=shuffle wg=128 items=1 cap=65535 passes=2 gpu_median_us=21.833 gpu_p90_us=22.125 host_median_us=150.042 host_p90_us=274.666 max_abs_error=0.00000000
gpu_samples_us=[21.875, 21.833, 7.791, 8.833, 10.292, 12.708, 60.208, 21.917, 6.083, 21.834, 21.917, 21.833, 21.75, 21.833, 21.875, 22.125, 22.041]
host_samples_us=[151.959, 232.25, 155.125, 274.666, 137.458, 129.33399999999997, 152.875, 146.625, 150.042, 359.708, 122.41699999999999, 140.791, 147.334, 149.959, 154.084, 158.791, 121.041]
n=4097 kind=tree wg=128 items=4 cap=256 passes=2 gpu_median_us=29.667 gpu_p90_us=32.583 host_median_us=156.917 host_p90_us=172.334 max_abs_error=0.00000000
gpu_samples_us=[29.834, 29.5, 11.375, 11.542, 13.75, 13.625, 30.292, 32.583, 7.917, 29.417, 30.042, 29.167, 29.791, 29.667, 29.917, 32.625, 29.75]
host_samples_us=[161.416, 198.375, 155.417, 133.25, 133.208, 143.292, 159.75, 158.791, 162.959, 154.417, 132.583, 172.334, 156.917, 154.459, 162.833, 159.459, 121.792]
n=4097 kind=tree wg=128 items=4 cap=1024 passes=2 gpu_median_us=29.708 gpu_p90_us=33.291 host_median_us=156.125 host_p90_us=172.833 max_abs_error=0.00000000
gpu_samples_us=[29.709, 29.709, 11.25, 11.625, 13.875, 13.416, 29.417, 29.708, 12.083, 29.75, 30.042, 149.5, 29.833, 29.542, 29.916, 33.291, 29.667]
host_samples_us=[156.125, 160.875, 155.959, 135.5, 129.208, 146.625, 153.667, 163.0, 163.5, 172.833, 127.833, 181.625, 155.667, 160.541, 160.5, 159.5, 117.417]
n=4097 kind=tree wg=128 items=4 cap=4096 passes=2 gpu_median_us=29.708 gpu_p90_us=32.708 host_median_us=156.500 host_p90_us=190.208 max_abs_error=0.00000000
gpu_samples_us=[29.417, 29.792, 11.625, 11.875, 13.792, 13.5, 30.208, 33.084, 8.541, 29.75, 29.75, 30.958, 29.708, 29.709, 29.583, 32.708, 29.666]
host_samples_us=[156.791, 156.625, 156.333, 133.0, 130.458, 144.291, 156.5, 154.0, 164.75, 157.0, 123.125, 207.208, 154.584, 167.0, 167.375, 190.208, 118.292]
n=4097 kind=tree wg=128 items=4 cap=65535 passes=2 gpu_median_us=29.583 gpu_p90_us=33.167 host_median_us=155.500 host_p90_us=241.667 max_abs_error=0.00000000
gpu_samples_us=[29.875, 29.458, 11.333, 11.75, 13.792, 13.542, 29.542, 33.0, 8.125, 29.542, 29.667, 33.167, 29.583, 29.583, 29.75, 33.416, 29.708]
host_samples_us=[154.25, 155.541, 157.917, 132.5, 131.042, 150.0, 162.75, 156.75, 168.125, 150.791, 137.375, 241.667, 155.5, 384.792, 167.958, 154.833, 123.75]
n=4097 kind=add wg=128 items=4 cap=256 passes=2 gpu_median_us=25.458 gpu_p90_us=30.459 host_median_us=153.583 host_p90_us=224.042 max_abs_error=0.00000000
gpu_samples_us=[36.208, 25.292, 9.833, 10.25, 11.791, 11.959, 25.542, 30.459, 6.958, 25.75, 25.625, 25.834, 25.458, 25.75, 25.291, 25.667, 25.375]
host_samples_us=[155.25, 165.375, 153.583, 126.458, 132.083, 137.041, 161.375, 156.667, 161.083, 147.042, 128.083, 224.042, 153.084, 328.792, 160.5, 153.125, 122.208]
n=4097 kind=add wg=128 items=4 cap=1024 passes=2 gpu_median_us=25.750 gpu_p90_us=30.542 host_median_us=153.958 host_p90_us=164.916 max_abs_error=0.00000000
gpu_samples_us=[26.166, 25.583, 9.959, 10.208, 11.958, 11.75, 25.833, 30.542, 7.0, 25.5, 25.791, 25.75, 25.792, 25.5, 25.75, 30.584, 25.792]
host_samples_us=[156.083, 150.0, 153.958, 184.0, 136.333, 154.458, 146.75, 147.625, 164.916, 140.708, 131.458, 155.833, 151.584, 156.083, 155.708, 158.916, 125.0]
n=4097 kind=add wg=128 items=4 cap=4096 passes=2 gpu_median_us=25.542 gpu_p90_us=30.667 host_median_us=154.041 host_p90_us=205.833 max_abs_error=0.00000000
gpu_samples_us=[25.959, 24.917, 10.208, 10.25, 11.75, 11.417, 25.542, 25.541, 7.041, 158.791, 25.542, 25.875, 25.708, 25.542, 25.792, 30.667, 25.875]
host_samples_us=[155.25, 169.583, 149.958, 201.542, 131.209, 243.25, 145.541, 154.041, 165.291, 146.292, 120.875, 149.792, 151.583, 156.125, 164.792, 205.833, 125.084]
n=4097 kind=add wg=128 items=4 cap=65535 passes=2 gpu_median_us=25.875 gpu_p90_us=189.334 host_median_us=154.167 host_p90_us=218.542 max_abs_error=0.00000000
gpu_samples_us=[189.334, 25.375, 10.083, 10.791, 11.833, 11.708, 25.542, 31.041, 6.958, 26.625, 25.875, 68.333, 25.958, 25.666, 25.917, 31.041, 196.375]
host_samples_us=[157.916, 294.5, 152.291, 146.833, 133.5, 158.917, 148.792, 155.375, 159.667, 151.042, 119.208, 156.791, 151.791, 154.167, 173.542, 218.542, 124.542]
n=4097 kind=shuffle wg=128 items=4 cap=256 passes=2 gpu_median_us=28.334 gpu_p90_us=31.792 host_median_us=156.125 host_p90_us=283.584 max_abs_error=0.00000000
gpu_samples_us=[29.125, 28.333, 11.291, 11.375, 13.167, 12.791, 28.125, 31.792, 7.667, 29.167, 28.584, 28.917, 30.708, 28.375, 28.25, 28.334, 198.5]
host_samples_us=[300.083, 187.333, 158.208, 151.625, 131.959, 171.875, 151.375, 151.167, 165.042, 158.333, 119.25, 153.417, 154.458, 156.125, 161.666, 283.584, 122.292]
n=4097 kind=shuffle wg=128 items=4 cap=1024 passes=2 gpu_median_us=28.125 gpu_p90_us=31.834 host_median_us=155.292 host_p90_us=164.833 max_abs_error=0.00000000
gpu_samples_us=[28.875, 27.875, 11.0, 11.459, 12.875, 13.083, 28.0, 31.834, 7.458, 28.916, 28.583, 28.458, 191.459, 28.375, 28.0, 28.125, 29.541]
host_samples_us=[160.667, 164.833, 159.0, 139.0, 128.5, 161.667, 150.708, 150.5, 159.083, 154.542, 124.208, 157.125, 155.292, 153.583, 158.542, 306.042, 125.833]
n=4097 kind=shuffle wg=128 items=4 cap=4096 passes=2 gpu_median_us=28.334 gpu_p90_us=31.583 host_median_us=153.375 host_p90_us=168.333 max_abs_error=0.00000000
gpu_samples_us=[28.708, 27.959, 11.167, 11.291, 13.167, 13.0, 28.042, 31.583, 7.458, 28.375, 28.916, 28.667, 29.583, 331.5, 28.292, 28.334, 29.083]
host_samples_us=[151.208, 166.083, 155.5, 139.083, 128.58300000000003, 138.167, 153.084, 151.458, 158.417, 153.375, 121.667, 155.458, 154.042, 154.292, 168.333, 271.0, 133.25]
n=4097 kind=shuffle wg=128 items=4 cap=65535 passes=2 gpu_median_us=28.416 gpu_p90_us=29.083 host_median_us=153.792 host_p90_us=186.292 max_abs_error=0.00000000
gpu_samples_us=[28.584, 27.917, 11.25, 11.333, 13.209, 12.584, 28.041, 31.75, 7.542, 28.583, 28.792, 29.083, 29.041, 28.917, 28.416, 28.334, 28.792]
host_samples_us=[155.708, 160.916, 161.583, 136.459, 128.042, 140.834, 146.5, 152.791, 210.042, 153.792, 119.416, 186.292, 156.0, 151.542, 163.083, 175.125, 119.708]
n=4097 kind=tree wg=128 items=8 cap=256 passes=2 gpu_median_us=36.583 gpu_p90_us=37.375 host_median_us=162.708 host_p90_us=171.584 max_abs_error=0.00000000
gpu_samples_us=[37.084, 37.125, 14.208, 14.5, 16.875, 16.584, 36.042, 39.417, 9.5, 36.583, 36.375, 37.375, 37.292, 36.834, 36.583, 36.791, 36.75]
host_samples_us=[166.083, 165.625, 162.708, 141.125, 128.833, 146.208, 161.041, 159.083, 241.375, 163.917, 127.458, 171.584, 166.125, 161.417, 163.708, 170.791, 127.625]
n=4097 kind=tree wg=128 items=8 cap=1024 passes=2 gpu_median_us=36.541 gpu_p90_us=39.291 host_median_us=161.167 host_p90_us=185.666 max_abs_error=0.00000000
gpu_samples_us=[36.541, 36.709, 14.125, 14.5, 16.792, 16.292, 35.583, 39.291, 9.125, 36.709, 36.459, 37.0, 36.875, 37.125, 152.292, 36.834, 36.5]
host_samples_us=[161.042, 158.625, 167.125, 131.375, 138.666, 151.916, 161.333, 166.292, 268.375, 164.167, 134.75, 174.625, 161.167, 158.542, 173.542, 185.666, 129.99999999999997]
n=4097 kind=tree wg=128 items=8 cap=4096 passes=2 gpu_median_us=36.292 gpu_p90_us=37.792 host_median_us=162.583 host_p90_us=182.000 max_abs_error=0.00000000
gpu_samples_us=[36.833, 36.292, 35.958, 14.542, 16.542, 16.625, 36.25, 36.375, 9.334, 36.25, 36.041, 36.834, 36.541, 37.166, 37.792, 39.458, 36.583]
host_samples_us=[162.583, 158.834, 176.25, 137.375, 131.458, 148.708, 165.959, 181.417, 185.792, 163.291, 130.333, 171.667, 161.083, 161.875, 174.292, 182.0, 127.50000000000001]
n=4097 kind=tree wg=128 items=8 cap=65535 passes=2 gpu_median_us=36.333 gpu_p90_us=37.500 host_median_us=164.916 host_p90_us=225.917 max_abs_error=0.00000000
gpu_samples_us=[36.542, 58.5, 35.917, 14.083, 16.334, 32.542, 36.333, 36.291, 9.375, 35.708, 36.5, 36.292, 37.0, 36.5, 37.5, 36.459, 36.583]
host_samples_us=[163.167, 159.292, 164.041, 225.917, 134.125, 146.084, 165.125, 170.5, 233.541, 162.25, 123.333, 173.917, 164.916, 179.167, 178.792, 185.166, 130.875]
n=4097 kind=add wg=128 items=8 cap=256 passes=2 gpu_median_us=33.458 gpu_p90_us=34.250 host_median_us=160.625 host_p90_us=188.042 max_abs_error=0.00000000
gpu_samples_us=[33.833, 34.333, 33.167, 13.084, 15.333, 29.292, 33.25, 34.25, 8.958, 33.25, 33.667, 33.5, 33.458, 33.75, 33.666, 33.083, 33.75]
host_samples_us=[165.417, 158.916, 158.459, 286.333, 137.084, 143.875, 158.292, 163.75, 188.042, 158.708, 130.04100000000003, 165.542, 160.625, 161.25, 170.417, 173.0, 125.208]
n=4097 kind=add wg=128 items=8 cap=1024 passes=2 gpu_median_us=33.416 gpu_p90_us=164.667 host_median_us=164.417 host_p90_us=294.791 max_abs_error=0.00000000
gpu_samples_us=[33.709, 33.5, 164.667, 13.0, 15.375, 33.084, 33.292, 53.584, 8.75, 33.291, 33.583, 33.333, 33.416, 33.5, 34.166, 189.042, 33.416]
host_samples_us=[294.791, 167.292, 164.416, 392.416, 127.33300000000001, 158.958, 159.625, 162.958, 179.5, 164.0, 124.583, 170.625, 165.334, 177.416, 164.417, 181.917, 120.375]
n=4097 kind=add wg=128 items=8 cap=4096 passes=2 gpu_median_us=33.250 gpu_p90_us=37.000 host_median_us=170.792 host_p90_us=216.458 max_abs_error=0.00000000
gpu_samples_us=[33.5, 33.458, 33.667, 13.084, 15.375, 18.791, 33.25, 37.0, 8.875, 32.958, 33.417, 33.458, 33.166, 33.166, 33.791, 37.833, 33.167]
host_samples_us=[216.458, 168.542, 160.458, 296.583, 131.166, 141.916, 170.792, 161.375, 176.208, 177.917, 172.5, 162.666, 158.708, 194.0, 171.916, 171.166, 117.167]
n=4097 kind=add wg=128 items=8 cap=65535 passes=2 gpu_median_us=33.167 gpu_p90_us=36.916 host_median_us=163.625 host_p90_us=190.208 max_abs_error=0.00000000
gpu_samples_us=[33.125, 33.458, 69.0, 13.125, 14.792, 18.75, 32.709, 33.583, 8.792, 33.334, 32.583, 33.75, 33.167, 33.166, 33.25, 36.916, 33.417]
host_samples_us=[190.208, 166.333, 157.333, 155.834, 130.66600000000003, 141.709, 173.916, 163.625, 178.5, 160.25, 128.12500000000003, 156.916, 170.042, 251.33399999999997, 168.125, 184.375, 119.041]
n=4097 kind=shuffle wg=128 items=8 cap=256 passes=2 gpu_median_us=34.750 gpu_p90_us=38.375 host_median_us=164.458 host_p90_us=188.375 max_abs_error=0.00000000
gpu_samples_us=[34.833, 34.75, 35.042, 13.666, 15.666, 19.5, 34.458, 38.042, 9.0, 34.5, 291.875, 35.042, 34.75, 35.333, 34.75, 38.375, 34.666]
host_samples_us=[166.25, 168.959, 163.291, 152.208, 130.042, 143.208, 164.458, 188.375, 181.625, 166.459, 122.16700000000002, 159.125, 162.541, 196.791, 166.792, 177.959, 130.083]
n=4097 kind=shuffle wg=128 items=8 cap=1024 passes=2 gpu_median_us=34.708 gpu_p90_us=35.500 host_median_us=164.542 host_p90_us=280.791 max_abs_error=0.00000000
gpu_samples_us=[35.042, 34.958, 34.958, 13.583, 15.917, 19.458, 19.417, 34.5, 8.834, 34.542, 35.709, 34.541, 34.875, 34.708, 35.25, 35.5, 34.75]
host_samples_us=[162.75, 161.917, 161.667, 135.542, 141.791, 144.958, 165.959, 280.791, 180.708, 164.875, 128.167, 294.458, 164.542, 177.417, 168.417, 179.708, 130.37500000000003]
n=4097 kind=shuffle wg=128 items=8 cap=4096 passes=2 gpu_median_us=34.625 gpu_p90_us=35.000 host_median_us=170.666 host_p90_us=223.666 max_abs_error=0.00000000
gpu_samples_us=[34.667, 34.542, 34.833, 13.667, 15.458, 19.458, 19.333, 34.709, 8.833, 34.416, 8.875, 34.958, 34.625, 34.667, 34.666, 38.375, 35.0]
host_samples_us=[181.334, 176.041, 160.167, 208.375, 223.666, 155.75, 158.25, 233.083, 180.875, 160.375, 182.583, 162.25, 164.334, 170.666, 166.833, 177.958, 124.167]
n=4097 kind=shuffle wg=128 items=8 cap=65535 passes=2 gpu_median_us=34.584 gpu_p90_us=35.125 host_median_us=164.375 host_p90_us=181.667 max_abs_error=0.00000000
gpu_samples_us=[34.584, 34.667, 34.541, 13.625, 15.375, 19.458, 19.5, 37.791, 8.958, 34.584, 9.125, 34.875, 35.042, 35.125, 35.125, 35.0, 34.875]
host_samples_us=[209.375, 161.417, 161.625, 149.0, 142.459, 134.125, 158.375, 174.25, 176.458, 160.208, 181.667, 170.834, 165.708, 164.375, 170.042, 178.917, 129.12500000000003]
n=4097 kind=tree wg=128 items=16 cap=256 passes=2 gpu_median_us=52.375 gpu_p90_us=54.666 host_median_us=186.375 host_p90_us=240.666 max_abs_error=0.00000000
gpu_samples_us=[52.25, 54.666, 52.917, 21.625, 21.333, 30.5, 29.542, 52.667, 14.375, 52.5, 14.125, 52.959, 52.25, 52.458, 52.375, 58.041, 52.5]
host_samples_us=[240.666, 179.083, 194.167, 150.834, 145.0, 147.208, 174.166, 186.375, 200.25, 180.083, 203.583, 180.208, 259.167, 186.417, 187.667, 186.709, 129.37499999999997]
n=4097 kind=tree wg=128 items=16 cap=1024 passes=2 gpu_median_us=51.959 gpu_p90_us=54.250 host_median_us=185.333 host_p90_us=268.375 max_abs_error=0.00000000
gpu_samples_us=[52.167, 51.959, 52.291, 20.792, 20.667, 29.125, 29.375, 51.875, 14.375, 51.833, 14.625, 54.25, 52.292, 52.25, 52.625, 55.292, 52.542]
host_samples_us=[268.375, 183.875, 183.25, 150.167, 151.208, 147.375, 185.333, 182.333, 197.958, 176.958, 195.333, 185.917, 670.875, 201.875, 187.959, 194.375, 140.833]
n=4097 kind=tree wg=128 items=16 cap=4096 passes=2 gpu_median_us=51.959 gpu_p90_us=55.167 host_median_us=188.000 host_p90_us=278.542 max_abs_error=0.00000000
gpu_samples_us=[51.667, 52.125, 52.417, 20.834, 21.208, 29.333, 29.166, 55.041, 14.0, 51.959, 14.291, 52.833, 51.792, 52.291, 55.167, 57.708, 52.333]
host_samples_us=[278.542, 188.0, 373.292, 148.042, 141.208, 145.708, 179.166, 177.584, 197.75, 181.375, 201.333, 182.417, 194.209, 250.209, 199.625, 194.833, 163.125]
n=4097 kind=tree wg=128 items=16 cap=65535 passes=2 gpu_median_us=52.000 gpu_p90_us=52.584 host_median_us=181.167 host_p90_us=246.791 max_abs_error=0.00000000
gpu_samples_us=[52.25, 51.792, 52.375, 20.75, 20.083, 29.375, 29.334, 52.083, 14.584, 52.0, 14.667, 52.75, 52.542, 51.958, 52.583, 52.542, 52.584]
host_samples_us=[334.25, 179.5, 246.791, 141.5, 140.959, 144.75, 181.833, 175.916, 174.5, 180.083, 195.875, 181.167, 185.708, 241.625, 193.375, 191.75, 155.792]
n=4097 kind=add wg=128 items=16 cap=256 passes=2 gpu_median_us=49.500 gpu_p90_us=52.958 host_median_us=179.084 host_p90_us=260.125 max_abs_error=0.00000000
gpu_samples_us=[48.875, 50.667, 49.5, 19.792, 20.25, 28.042, 28.083, 54.583, 13.5, 49.417, 13.542, 50.25, 49.791, 49.833, 49.583, 52.958, 49.833]
host_samples_us=[425.458, 179.084, 178.75, 145.041, 143.25, 144.875, 260.125, 169.5, 190.916, 174.958, 199.709, 179.166, 179.083, 234.958, 184.583, 193.75, 129.333]
n=4097 kind=add wg=128 items=16 cap=1024 passes=2 gpu_median_us=49.292 gpu_p90_us=52.542 host_median_us=183.000 host_p90_us=253.834 max_abs_error=0.00000000
gpu_samples_us=[48.875, 51.041, 49.083, 19.792, 19.833, 27.833, 27.792, 52.291, 13.084, 178.083, 13.417, 49.417, 49.625, 49.292, 52.25, 52.542, 49.292]
host_samples_us=[218.708, 172.25, 181.25, 148.125, 139.958, 148.708, 680.291, 201.458, 193.333, 183.167, 192.792, 184.459, 176.209, 253.83399999999997, 182.375, 183.0, 127.334]
n=4097 kind=add wg=128 items=16 cap=4096 passes=2 gpu_median_us=49.000 gpu_p90_us=49.792 host_median_us=182.875 host_p90_us=328.834 max_abs_error=0.00000000
gpu_samples_us=[48.833, 49.667, 49.291, 19.667, 19.375, 27.791, 27.791, 49.375, 17.542, 51.416, 13.416, 49.375, 48.958, 49.5, 49.125, 49.792, 49.0]
host_samples_us=[182.875, 171.875, 188.083, 179.75, 142.375, 160.958, 191.0, 507.25, 196.208, 189.042, 196.583, 178.083, 178.625, 328.834, 178.833, 210.625, 133.333]
n=4097 kind=add wg=128 items=16 cap=65535 passes=2 gpu_median_us=49.208 gpu_p90_us=75.792 host_median_us=182.916 host_p90_us=295.667 max_abs_error=0.00000000
gpu_samples_us=[49.208, 52.458, 49.042, 19.75, 20.209, 27.625, 27.833, 49.25, 14.291, 50.125, 43.583, 49.208, 75.792, 196.792, 52.5, 49.167, 49.583]
host_samples_us=[179.333, 181.417, 178.042, 275.208, 141.0, 145.958, 189.542, 360.625, 179.625, 243.333, 187.0, 195.292, 182.916, 295.667, 178.917, 234.333, 134.375]
n=4097 kind=shuffle wg=128 items=16 cap=256 passes=2 gpu_median_us=50.625 gpu_p90_us=79.708 host_median_us=184.500 host_p90_us=342.750 max_abs_error=0.00000000
gpu_samples_us=[51.0, 53.292, 50.792, 20.167, 20.625, 45.458, 28.583, 50.208, 13.75, 50.625, 46.5, 50.791, 52.333, 79.708, 50.541, 53.292, 87.958]
host_samples_us=[193.458, 182.834, 180.208, 157.416, 143.375, 144.0, 178.166, 255.584, 186.291, 342.75, 187.583, 184.5, 182.166, 235.791, 185.917, 362.041, 146.625]
n=4097 kind=shuffle wg=128 items=16 cap=1024 passes=2 gpu_median_us=50.584 gpu_p90_us=53.792 host_median_us=180.459 host_p90_us=217.292 max_abs_error=0.00000000
gpu_samples_us=[50.625, 53.709, 50.542, 20.291, 27.458, 29.375, 28.542, 55.167, 13.667, 50.583, 47.167, 50.584, 51.167, 51.209, 50.584, 53.792, 51.459]
host_samples_us=[175.958, 179.541, 179.334, 143.666, 142.917, 142.208, 180.625, 232.709, 184.584, 193.125, 197.459, 182.625, 179.292, 217.292, 184.375, 180.459, 129.5]
n=4097 kind=shuffle wg=128 items=16 cap=4096 passes=2 gpu_median_us=50.458 gpu_p90_us=53.500 host_median_us=182.042 host_p90_us=205.916 max_abs_error=0.00000000
gpu_samples_us=[50.75, 50.458, 50.334, 20.25, 27.792, 28.667, 28.208, 53.416, 13.083, 50.416, 50.292, 50.708, 51.0, 50.792, 83.0, 53.5, 51.041]
host_samples_us=[357.292, 178.792, 185.416, 138.709, 147.125, 142.333, 186.458, 188.625, 182.042, 186.042, 190.083, 181.459, 180.25, 205.916, 184.708, 180.292, 131.583]
n=4097 kind=shuffle wg=128 items=16 cap=65535 passes=2 gpu_median_us=50.333 gpu_p90_us=53.625 host_median_us=179.083 host_p90_us=188.209 max_abs_error=0.00000000
gpu_samples_us=[50.792, 49.5, 50.292, 20.375, 27.417, 28.666, 47.875, 53.416, 13.375, 50.333, 50.292, 50.625, 50.791, 50.625, 54.291, 53.625, 50.708]
host_samples_us=[430.125, 172.0, 180.792, 146.667, 139.291, 150.75, 177.292, 179.166, 186.292, 179.083, 188.125, 180.958, 176.25, 188.209, 183.542, 175.042, 135.333]
n=4097 kind=tree wg=256 items=1 cap=256 passes=2 gpu_median_us=25.792 gpu_p90_us=31.875 host_median_us=155.000 host_p90_us=176.916 max_abs_error=0.00000000
gpu_samples_us=[25.75, 48.167, 25.625, 10.417, 13.875, 15.042, 25.791, 26.0, 7.167, 26.25, 25.458, 25.792, 26.542, 26.333, 31.875, 31.417, 26.25]
host_samples_us=[179.666, 159.167, 156.334, 130.416, 127.875, 128.916, 147.583, 155.0, 176.916, 154.667, 166.541, 157.291, 152.042, 161.042, 167.25, 149.958, 129.958]
n=4097 kind=tree wg=256 items=1 cap=1024 passes=2 gpu_median_us=25.958 gpu_p90_us=31.583 host_median_us=156.500 host_p90_us=182.541 max_abs_error=0.00000000
gpu_samples_us=[26.0, 53.291, 25.958, 10.125, 13.792, 15.042, 25.792, 25.959, 7.209, 25.875, 25.875, 25.875, 26.25, 26.125, 26.333, 31.583, 26.084]
host_samples_us=[182.541, 150.084, 168.458, 135.0, 126.12499999999999, 129.16699999999997, 158.792, 154.708, 168.333, 154.708, 166.833, 156.5, 150.042, 191.708, 158.25, 163.166, 128.41600000000003]
n=4097 kind=tree wg=256 items=1 cap=4096 passes=2 gpu_median_us=25.875 gpu_p90_us=26.250 host_median_us=154.042 host_p90_us=199.750 max_abs_error=0.00000000
gpu_samples_us=[26.292, 26.125, 25.917, 10.125, 14.125, 14.583, 25.875, 25.709, 6.959, 25.875, 25.792, 25.708, 26.167, 25.875, 26.25, 25.667, 26.083]
host_samples_us=[168.708, 151.416, 213.833, 130.25, 125.45899999999999, 130.83300000000003, 154.042, 152.291, 178.833, 153.375, 176.333, 155.333, 152.833, 199.75, 162.667, 158.333, 122.83300000000001]
n=4097 kind=tree wg=256 items=1 cap=65535 passes=2 gpu_median_us=25.875 gpu_p90_us=26.500 host_median_us=155.584 host_p90_us=173.042 max_abs_error=0.00000000
gpu_samples_us=[26.5, 25.875, 25.708, 10.25, 14.917, 15.042, 25.792, 25.667, 6.958, 25.958, 25.708, 26.0, 26.292, 26.0, 26.5, 36.041, 25.916]
host_samples_us=[158.458, 149.917, 170.167, 127.20799999999998, 129.5, 133.833, 155.5, 162.709, 165.5, 151.708, 173.042, 155.584, 156.583, 200.708, 156.917, 154.0, 119.25]
n=4097 kind=add wg=256 items=1 cap=256 passes=2 gpu_median_us=23.958 gpu_p90_us=24.708 host_median_us=156.250 host_p90_us=163.375 max_abs_error=0.00000000
gpu_samples_us=[23.875, 24.25, 23.875, 9.75, 13.583, 14.083, 23.667, 142.041, 6.834, 24.125, 23.958, 23.792, 24.042, 24.125, 24.042, 24.708, 24.041]
host_samples_us=[158.916, 144.166, 160.334, 127.334, 139.791, 132.083, 147.708, 158.75, 157.584, 153.333, 163.375, 159.459, 156.25, 254.375, 155.625, 159.584, 118.917]
n=4097 kind=add wg=256 items=1 cap=1024 passes=2 gpu_median_us=23.625 gpu_p90_us=24.584 host_median_us=151.833 host_p90_us=251.000 max_abs_error=0.00000000
gpu_samples_us=[23.625, 23.834, 25.792, 9.792, 10.75, 13.5, 23.583, 24.333, 7.0, 24.083, 23.625, 23.458, 23.792, 23.541, 24.042, 24.584, 23.541]
host_samples_us=[150.833, 151.833, 250.99999999999997, 141.208, 128.209, 137.209, 161.834, 179.125, 161.667, 151.667, 162.584, 157.208, 151.667, 414.709, 157.375, 146.666, 121.917]
n=4097 kind=add wg=256 items=1 cap=4096 passes=2 gpu_median_us=23.458 gpu_p90_us=24.292 host_median_us=154.583 host_p90_us=166.583 max_abs_error=0.00000000
gpu_samples_us=[23.625, 23.917, 23.416, 9.625, 10.708, 13.75, 23.458, 24.292, 6.583, 24.292, 23.458, 23.834, 23.334, 24.0, 23.625, 24.083, 23.417]
host_samples_us=[155.416, 154.583, 165.208, 138.166, 126.74999999999999, 133.25, 151.0, 164.042, 161.292, 151.375, 166.583, 158.75, 156.125, 170.583, 152.166, 147.292, 118.25]
n=4097 kind=add wg=256 items=1 cap=65535 passes=2 gpu_median_us=23.459 gpu_p90_us=23.750 host_median_us=155.875 host_p90_us=193.750 max_abs_error=0.00000000
gpu_samples_us=[23.5, 23.459, 23.584, 9.5, 10.792, 13.25, 23.375, 23.667, 6.5, 23.458, 23.75, 23.416, 23.541, 23.208, 23.667, 24.041, 23.625]
host_samples_us=[158.291, 154.583, 149.541, 134.5, 292.583, 127.625, 193.75, 172.042, 168.125, 148.125, 167.25, 157.0, 155.75, 162.792, 155.875, 155.875, 123.208]
n=4097 kind=shuffle wg=256 items=1 cap=256 passes=2 gpu_median_us=26.042 gpu_p90_us=26.292 host_median_us=154.542 host_p90_us=172.958 max_abs_error=0.00000000
gpu_samples_us=[26.083, 26.375, 25.958, 10.542, 12.125, 15.084, 26.042, 26.208, 7.292, 26.125, 26.084, 25.959, 26.125, 25.833, 25.958, 26.292, 26.083]
host_samples_us=[150.209, 154.542, 147.542, 130.33399999999997, 130.209, 134.5, 130.62499999999997, 156.75, 172.958, 147.833, 179.75, 162.125, 157.334, 164.375, 167.125, 158.791, 124.625]
n=4097 kind=shuffle wg=256 items=1 cap=1024 passes=2 gpu_median_us=25.709 gpu_p90_us=26.084 host_median_us=154.667 host_p90_us=173.125 max_abs_error=0.00000000
gpu_samples_us=[25.583, 25.667, 25.667, 11.458, 11.917, 14.916, 25.666, 26.042, 7.042, 31.5, 25.709, 25.791, 25.792, 25.75, 25.959, 26.084, 25.792]
host_samples_us=[149.209, 154.667, 142.125, 128.0, 138.792, 132.417, 136.25, 157.833, 168.833, 173.125, 471.333, 158.375, 163.0, 169.417, 161.25, 144.333, 115.917]
n=4097 kind=shuffle wg=256 items=1 cap=4096 passes=2 gpu_median_us=25.708 gpu_p90_us=26.041 host_median_us=154.333 host_p90_us=175.416 max_abs_error=0.00000000
gpu_samples_us=[25.667, 25.708, 25.584, 11.208, 11.916, 14.666, 25.917, 25.958, 7.166, 26.0, 130.791, 25.709, 25.459, 25.708, 25.833, 26.041, 25.667]
host_samples_us=[149.75, 162.958, 149.75, 128.667, 131.917, 133.375, 137.875, 165.042, 175.416, 157.791, 154.333, 157.458, 163.167, 149.875, 240.583, 159.292, 117.042]
n=4097 kind=shuffle wg=256 items=1 cap=65535 passes=2 gpu_median_us=25.833 gpu_p90_us=191.959 host_median_us=153.750 host_p90_us=210.333 max_abs_error=0.00000000
gpu_samples_us=[25.833, 25.583, 25.708, 11.292, 55.375, 14.834, 25.625, 26.125, 6.917, 211.542, 37.209, 191.959, 25.834, 25.667, 25.583, 25.917, 26.042]
host_samples_us=[161.041, 153.75, 152.709, 124.292, 132.708, 131.542, 134.0, 158.583, 163.542, 145.833, 154.292, 154.583, 153.5, 159.292, 334.5, 210.333, 117.583]
n=4097 kind=tree wg=256 items=4 cap=256 passes=2 gpu_median_us=32.000 gpu_p90_us=56.500 host_median_us=160.250 host_p90_us=181.875 max_abs_error=0.00000000
gpu_samples_us=[32.084, 32.208, 31.875, 14.083, 15.084, 18.125, 32.084, 32.0, 8.458, 56.5, 32.583, 183.833, 32.0, 32.417, 31.833, 8.542, 31.375]
host_samples_us=[165.708, 161.125, 151.875, 126.541, 135.708, 133.958, 142.709, 162.834, 181.875, 162.542, 163.291, 160.25, 163.25, 156.792, 475.709, 158.334, 119.625]
n=4097 kind=tree wg=256 items=4 cap=1024 passes=2 gpu_median_us=31.667 gpu_p90_us=32.375 host_median_us=159.458 host_p90_us=177.041 max_abs_error=0.00000000
gpu_samples_us=[31.625, 31.958, 31.584, 13.834, 14.459, 18.042, 31.667, 31.791, 8.084, 32.625, 31.875, 32.375, 31.625, 31.875, 31.75, 8.375, 31.75]
host_samples_us=[159.292, 161.833, 147.834, 128.54199999999997, 130.16699999999997, 128.25, 139.417, 165.125, 177.041, 165.917, 162.917, 158.667, 171.583, 157.417, 169.75, 159.458, 250.417]
n=4097 kind=tree wg=256 items=4 cap=4096 passes=2 gpu_median_us=31.916 gpu_p90_us=32.667 host_median_us=159.042 host_p90_us=169.417 max_abs_error=0.00000000
gpu_samples_us=[31.916, 31.833, 31.917, 13.875, 15.792, 18.0, 171.208, 31.834, 8.167, 32.208, 32.5, 32.667, 32.166, 32.166, 31.875, 8.375, 32.375]
host_samples_us=[162.375, 157.792, 150.5, 124.95799999999998, 129.417, 128.75000000000003, 138.791, 161.833, 177.5, 153.084, 159.042, 162.75, 163.708, 169.417, 166.416, 160.334, 126.708]
n=4097 kind=tree wg=256 items=4 cap=65535 passes=2 gpu_median_us=31.958 gpu_p90_us=164.625 host_median_us=159.834 host_p90_us=167.291 max_abs_error=0.00000000
gpu_samples_us=[164.625, 31.959, 31.709, 12.5, 14.875, 17.834, 267.167, 31.834, 8.25, 31.875, 32.083, 32.458, 32.0, 32.083, 31.958, 8.25, 34.625]
host_samples_us=[161.292, 155.333, 149.208, 169.125, 129.458, 142.667, 147.5, 159.834, 166.583, 163.25, 157.167, 160.959, 155.917, 167.291, 167.083, 160.792, 119.083]
n=4097 kind=add wg=256 items=4 cap=256 passes=2 gpu_median_us=30.750 gpu_p90_us=31.709 host_median_us=157.958 host_p90_us=169.042 max_abs_error=0.00000000
gpu_samples_us=[30.875, 30.75, 30.416, 12.333, 14.625, 17.75, 31.042, 30.75, 8.166, 31.333, 30.75, 31.709, 31.042, 31.458, 30.75, 8.458, 34.0]
host_samples_us=[165.334, 166.334, 149.291, 129.875, 127.58299999999998, 135.833, 145.833, 160.5, 165.833, 157.958, 166.875, 325.083, 154.333, 167.084, 169.042, 157.333, 124.95799999999998]
n=4097 kind=add wg=256 items=4 cap=1024 passes=2 gpu_median_us=30.375 gpu_p90_us=31.000 host_median_us=158.292 host_p90_us=176.416 max_abs_error=0.00000000
gpu_samples_us=[31.167, 30.125, 30.708, 11.875, 14.167, 17.0, 30.5, 29.958, 7.958, 30.375, 30.5, 31.0, 30.625, 30.084, 30.709, 7.791, 30.5]
host_samples_us=[154.625, 169.334, 157.25, 131.916, 129.584, 129.333, 149.166, 158.292, 176.416, 161.333, 160.209, 290.792, 154.208, 160.5, 168.042, 159.042, 124.458]
n=4097 kind=add wg=256 items=4 cap=4096 passes=2 gpu_median_us=30.584 gpu_p90_us=230.667 host_median_us=158.417 host_p90_us=175.625 max_abs_error=0.00000000
gpu_samples_us=[31.042, 30.458, 30.417, 12.208, 14.292, 17.208, 30.584, 30.25, 8.167, 31.041, 30.834, 31.458, 30.917, 263.208, 30.958, 8.167, 230.667]
host_samples_us=[158.791, 164.916, 146.417, 133.916, 129.834, 132.917, 145.875, 158.125, 175.625, 162.542, 157.542, 287.542, 161.084, 158.417, 173.209, 159.417, 119.333]
n=4097 kind=add wg=256 items=4 cap=65535 passes=2 gpu_median_us=30.459 gpu_p90_us=42.917 host_median_us=155.959 host_p90_us=173.084 max_abs_error=0.00000000
gpu_samples_us=[233.458, 30.542, 29.834, 12.167, 14.083, 17.25, 30.042, 42.917, 7.875, 34.917, 30.375, 31.0, 30.459, 32.125, 30.583, 8.125, 32.542]
host_samples_us=[164.792, 179.75, 149.791, 128.99999999999997, 128.584, 131.583, 136.875, 169.75, 160.625, 160.625, 154.125, 151.584, 155.959, 164.5, 173.084, 160.708, 120.167]
n=4097 kind=shuffle wg=256 items=4 cap=256 passes=2 gpu_median_us=32.291 gpu_p90_us=35.625 host_median_us=159.542 host_p90_us=171.000 max_abs_error=0.00000000
gpu_samples_us=[32.667, 34.916, 32.209, 11.208, 14.875, 17.958, 32.042, 32.291, 8.5, 35.625, 32.417, 32.5, 61.0, 32.708, 32.167, 8.584, 32.75]
host_samples_us=[158.666, 183.542, 148.042, 130.917, 135.25, 129.99999999999997, 148.0, 171.0, 164.25, 158.167, 159.542, 164.625, 167.0, 167.375, 168.75, 160.333, 121.958]
n=4097 kind=shuffle wg=256 items=4 cap=1024 passes=2 gpu_median_us=32.250 gpu_p90_us=35.917 host_median_us=157.250 host_p90_us=174.917 max_abs_error=0.00000000
gpu_samples_us=[32.416, 32.458, 31.708, 11.042, 14.417, 30.167, 32.125, 58.917, 8.208, 35.917, 31.709, 32.583, 32.875, 32.791, 32.25, 8.334, 32.458]
host_samples_us=[157.959, 174.917, 148.042, 135.125, 128.70899999999997, 127.33300000000001, 140.083, 160.875, 167.125, 155.375, 157.25, 160.75, 159.334, 161.75, 178.5, 156.75, 121.041]
n=4097 kind=shuffle wg=256 items=4 cap=4096 passes=2 gpu_median_us=31.958 gpu_p90_us=32.750 host_median_us=159.167 host_p90_us=176.166 max_abs_error=0.00000000
gpu_samples_us=[31.958, 32.208, 32.042, 10.916, 14.542, 18.792, 31.917, 239.584, 8.208, 31.958, 32.375, 32.75, 32.583, 32.541, 31.75, 8.25, 32.292]
host_samples_us=[162.75, 173.875, 148.125, 161.208, 131.042, 133.666, 142.458, 160.125, 198.0, 156.5, 159.167, 160.625, 158.208, 155.792, 176.166, 161.083, 119.125]
n=4097 kind=shuffle wg=256 items=4 cap=65535 passes=2 gpu_median_us=32.041 gpu_p90_us=55.875 host_median_us=156.167 host_p90_us=223.500 max_abs_error=0.00000000
gpu_samples_us=[32.167, 31.792, 32.041, 11.125, 14.375, 18.25, 31.834, 112.167, 13.333, 35.167, 31.834, 32.583, 32.5, 32.167, 55.875, 8.333, 32.333]
host_samples_us=[162.375, 165.709, 155.041, 147.292, 134.208, 132.125, 136.042, 162.833, 223.5, 153.25, 155.0, 159.625, 164.083, 299.958, 168.584, 156.167, 119.958]
n=4097 kind=tree wg=256 items=8 cap=256 passes=2 gpu_median_us=39.792 gpu_p90_us=94.625 host_median_us=166.375 host_p90_us=187.584 max_abs_error=0.00000000
gpu_samples_us=[39.125, 59.708, 100.542, 13.875, 18.042, 22.792, 39.792, 94.625, 13.167, 42.25, 39.5, 39.958, 40.083, 40.583, 40.458, 10.375, 39.583]
host_samples_us=[171.625, 182.292, 166.375, 149.375, 142.459, 132.5, 146.75, 176.042, 187.584, 189.584, 167.083, 165.125, 164.875, 165.167, 167.625, 168.667, 127.37499999999999]
n=4097 kind=tree wg=256 items=8 cap=1024 passes=2 gpu_median_us=39.250 gpu_p90_us=40.125 host_median_us=166.417 host_p90_us=186.666 max_abs_error=0.00000000
gpu_samples_us=[39.833, 40.125, 39.75, 13.333, 17.916, 22.167, 38.917, 37.292, 9.958, 39.167, 39.375, 39.333, 39.25, 39.5, 40.208, 9.917, 39.791]
host_samples_us=[164.541, 174.458, 155.291, 133.708, 145.333, 147.916, 145.666, 170.0, 186.666, 167.917, 404.625, 166.542, 166.417, 160.917, 174.375, 169.667, 127.33300000000001]
n=4097 kind=tree wg=256 items=8 cap=4096 passes=2 gpu_median_us=39.625 gpu_p90_us=40.000 host_median_us=165.250 host_p90_us=176.417 max_abs_error=0.00000000
gpu_samples_us=[39.708, 39.709, 39.375, 13.458, 17.833, 22.209, 39.625, 39.625, 10.208, 42.75, 39.541, 40.0, 39.833, 39.75, 39.834, 10.208, 39.666]
host_samples_us=[173.25, 175.375, 158.209, 139.25, 139.875, 138.5, 145.791, 174.541, 209.041, 163.708, 146.541, 168.625, 173.542, 166.042, 176.417, 165.25, 126.74999999999999]
n=4097 kind=tree wg=256 items=8 cap=65535 passes=2 gpu_median_us=39.417 gpu_p90_us=39.834 host_median_us=165.167 host_p90_us=178.541 max_abs_error=0.00000000
gpu_samples_us=[39.167, 39.417, 38.541, 13.584, 17.75, 22.5, 39.209, 39.458, 9.959, 39.708, 39.208, 39.541, 39.458, 40.083, 39.792, 39.458, 39.834]
host_samples_us=[168.666, 168.292, 158.791, 131.791, 144.667, 139.875, 150.334, 178.541, 189.875, 164.584, 145.125, 173.208, 167.458, 166.25, 165.167, 174.042, 127.37499999999999]
n=4097 kind=add wg=256 items=8 cap=256 passes=2 gpu_median_us=38.584 gpu_p90_us=39.167 host_median_us=164.333 host_p90_us=184.625 max_abs_error=0.00000000
gpu_samples_us=[38.875, 38.5, 92.167, 13.416, 17.375, 21.917, 38.125, 38.083, 10.333, 38.792, 39.042, 38.916, 38.958, 39.167, 38.584, 38.375, 38.875]
host_samples_us=[163.917, 168.25, 164.834, 128.58300000000003, 141.583, 145.917, 144.708, 181.125, 190.042, 184.625, 139.958, 167.917, 166.375, 163.625, 172.709, 164.333, 131.167]
n=4097 kind=add wg=256 items=8 cap=1024 passes=2 gpu_median_us=38.459 gpu_p90_us=38.834 host_median_us=159.959 host_p90_us=174.916 max_abs_error=0.00000000
gpu_samples_us=[38.292, 38.625, 58.792, 13.125, 17.125, 21.75, 37.459, 38.458, 10.208, 38.459, 38.458, 38.834, 38.709, 38.708, 38.75, 38.709, 38.667]
host_samples_us=[159.333, 159.959, 168.25, 127.66700000000002, 137.959, 145.25, 145.375, 157.375, 184.75, 167.125, 134.875, 163.292, 174.916, 162.25, 163.583, 165.708, 127.875]
n=4097 kind=add wg=256 items=8 cap=4096 passes=2 gpu_median_us=38.083 gpu_p90_us=38.667 host_median_us=165.959 host_p90_us=188.292 max_abs_error=0.00000000
gpu_samples_us=[37.75, 38.209, 65.583, 13.125, 16.959, 21.458, 37.709, 38.5, 9.917, 38.0, 38.375, 38.125, 38.125, 38.375, 38.667, 38.083, 38.083]
host_samples_us=[162.208, 160.5, 165.959, 134.125, 138.167, 171.25, 142.875, 206.667, 184.042, 161.083, 132.167, 170.042, 188.292, 183.792, 168.708, 172.666, 127.167]
n=4097 kind=add wg=256 items=8 cap=65535 passes=2 gpu_median_us=37.792 gpu_p90_us=38.375 host_median_us=163.750 host_p90_us=186.625 max_abs_error=0.00000000
gpu_samples_us=[38.291, 37.75, 36.042, 13.625, 16.875, 21.167, 37.208, 37.875, 10.041, 40.833, 37.792, 38.375, 37.875, 37.959, 37.833, 37.417, 38.083]
host_samples_us=[172.292, 159.916, 177.958, 128.12500000000003, 130.958, 149.959, 141.959, 278.209, 186.625, 167.125, 132.791, 179.25, 173.667, 178.334, 161.917, 163.75, 128.54199999999997]
n=4097 kind=shuffle wg=256 items=8 cap=256 passes=2 gpu_median_us=39.750 gpu_p90_us=40.167 host_median_us=167.625 host_p90_us=186.083 max_abs_error=0.00000000
gpu_samples_us=[39.416, 39.833, 40.25, 13.958, 17.917, 22.334, 39.75, 39.709, 10.292, 39.75, 39.875, 39.958, 40.167, 40.125, 39.75, 39.917, 39.791]
host_samples_us=[169.667, 167.625, 381.375, 130.66600000000003, 140.375, 143.625, 144.167, 186.083, 178.833, 162.75, 133.125, 167.084, 174.583, 173.666, 172.167, 180.375, 128.833]
n=4097 kind=shuffle wg=256 items=8 cap=1024 passes=2 gpu_median_us=39.666 gpu_p90_us=39.958 host_median_us=164.708 host_p90_us=184.834 max_abs_error=0.00000000
gpu_samples_us=[39.667, 39.709, 39.792, 13.917, 17.625, 39.5, 39.584, 39.5, 10.083, 39.666, 39.5, 39.584, 39.875, 39.833, 40.125, 39.958, 39.708]
host_samples_us=[164.708, 164.167, 178.5, 127.625, 139.917, 146.959, 146.041, 180.625, 184.834, 167.958, 136.333, 263.458, 169.666, 166.791, 164.708, 166.583, 134.25]
n=4097 kind=shuffle wg=256 items=8 cap=4096 passes=2 gpu_median_us=39.500 gpu_p90_us=39.875 host_median_us=163.667 host_p90_us=175.625 max_abs_error=0.00000000
gpu_samples_us=[39.875, 39.5, 39.709, 13.833, 17.625, 38.916, 39.708, 39.167, 10.375, 39.417, 39.5, 39.708, 39.542, 39.958, 39.5, 39.708, 39.583]
host_samples_us=[172.0, 169.125, 175.625, 136.792, 139.208, 143.958, 147.375, 169.75, 184.791, 163.667, 129.04100000000003, 164.542, 155.584, 170.375, 159.333, 165.125, 127.37499999999999]
n=4097 kind=shuffle wg=256 items=8 cap=65535 passes=2 gpu_median_us=39.541 gpu_p90_us=61.417 host_median_us=166.667 host_p90_us=181.875 max_abs_error=0.00000000
gpu_samples_us=[39.625, 42.625, 39.792, 13.75, 17.208, 39.041, 39.583, 38.834, 10.417, 39.875, 61.417, 39.25, 39.458, 39.541, 39.583, 223.375, 39.458]
host_samples_us=[166.667, 166.958, 168.75, 128.5, 138.959, 137.375, 149.583, 181.875, 180.167, 167.375, 130.875, 169.584, 193.25, 170.625, 163.875, 161.167, 128.41600000000003]
n=4097 kind=tree wg=256 items=16 cap=256 passes=2 gpu_median_us=57.833 gpu_p90_us=59.625 host_median_us=185.750 host_p90_us=303.208 max_abs_error=0.00000000
gpu_samples_us=[57.792, 57.791, 57.875, 20.25, 25.834, 57.459, 57.333, 75.584, 15.0, 57.833, 59.208, 57.916, 57.875, 58.25, 57.792, 59.625, 58.083]
host_samples_us=[185.791, 312.0, 198.375, 142.333, 143.708, 153.875, 156.459, 204.166, 303.208, 183.333, 128.666, 188.208, 282.125, 182.75, 187.625, 185.75, 138.959]
n=4097 kind=tree wg=256 items=16 cap=1024 passes=2 gpu_median_us=57.500 gpu_p90_us=119.416 host_median_us=182.458 host_p90_us=209.125 max_abs_error=0.00000000
gpu_samples_us=[56.75, 58.167, 57.292, 20.291, 25.542, 57.458, 213.0, 62.166, 14.417, 119.416, 57.875, 57.709, 57.417, 57.667, 57.375, 58.375, 57.5]
host_samples_us=[200.75, 185.834, 210.958, 138.208, 143.416, 155.042, 167.834, 192.541, 209.125, 178.333, 131.583, 183.5, 186.708, 182.166, 182.458, 187.042, 130.583]
n=4097 kind=tree wg=256 items=16 cap=4096 passes=2 gpu_median_us=57.667 gpu_p90_us=58.083 host_median_us=182.125 host_p90_us=191.625 max_abs_error=0.00000000
gpu_samples_us=[57.334, 57.083, 57.667, 20.417, 28.959, 57.125, 57.958, 57.625, 14.333, 84.25, 57.792, 57.833, 57.709, 57.959, 57.791, 58.083, 57.333]
host_samples_us=[178.542, 185.792, 380.834, 139.5, 145.333, 143.792, 158.75, 188.375, 191.625, 182.416, 128.99999999999997, 183.833, 189.542, 181.542, 182.125, 183.25, 122.58399999999999]
n=4097 kind=tree wg=256 items=16 cap=65535 passes=2 gpu_median_us=57.417 gpu_p90_us=57.959 host_median_us=183.833 host_p90_us=203.667 max_abs_error=0.00000000
gpu_samples_us=[56.958, 57.416, 57.417, 20.042, 26.0, 56.792, 57.709, 75.083, 14.417, 57.792, 57.375, 57.458, 57.583, 57.333, 57.583, 57.917, 57.959]
host_samples_us=[179.292, 185.375, 203.667, 137.541, 223.25, 145.209, 165.25, 191.333, 195.583, 178.417, 130.791, 183.833, 191.709, 181.125, 184.167, 186.542, 132.375]
n=4097 kind=add wg=256 items=16 cap=256 passes=2 gpu_median_us=57.000 gpu_p90_us=74.291 host_median_us=183.041 host_p90_us=189.541 max_abs_error=0.00000000
gpu_samples_us=[74.291, 56.5, 56.958, 20.25, 28.208, 56.583, 57.042, 156.458, 15.208, 56.666, 57.208, 56.75, 60.375, 57.0, 57.25, 57.5, 57.292]
host_samples_us=[186.5, 183.041, 192.125, 144.458, 143.166, 141.75, 161.5, 185.083, 188.875, 188.625, 138.542, 183.0, 183.458, 183.0, 189.541, 183.375, 128.042]
n=4097 kind=add wg=256 items=16 cap=1024 passes=2 gpu_median_us=56.500 gpu_p90_us=94.250 host_median_us=182.708 host_p90_us=195.000 max_abs_error=0.00000000
gpu_samples_us=[81.0, 56.25, 56.417, 19.708, 25.625, 56.125, 56.25, 75.458, 14.458, 59.042, 56.084, 59.125, 56.5, 94.25, 57.167, 57.0, 205.25]
host_samples_us=[192.75, 182.208, 191.666, 134.666, 166.292, 147.291, 157.584, 185.041, 194.083, 187.5, 128.95800000000003, 182.708, 195.0, 183.583, 198.875, 180.25, 131.625]
n=4097 kind=add wg=256 items=16 cap=4096 passes=2 gpu_median_us=56.375 gpu_p90_us=59.209 host_median_us=182.083 host_p90_us=198.500 max_abs_error=0.00000000
gpu_samples_us=[56.75, 56.125, 56.292, 21.75, 28.583, 55.541, 56.375, 56.958, 14.375, 59.209, 56.291, 57.25, 56.042, 57.334, 56.625, 56.917, 144.75]
host_samples_us=[182.959, 181.417, 183.417, 137.916, 154.333, 150.916, 159.833, 308.75, 189.958, 198.5, 128.5, 180.75, 187.208, 187.084, 190.583, 182.083, 127.25]
n=4097 kind=add wg=256 items=16 cap=65535 passes=2 gpu_median_us=56.541 gpu_p90_us=58.208 host_median_us=183.958 host_p90_us=298.750 max_abs_error=0.00000000
gpu_samples_us=[56.5, 56.375, 55.833, 21.625, 25.333, 58.208, 55.959, 56.625, 14.375, 59.417, 55.875, 57.584, 56.541, 57.125, 56.75, 56.667, 57.292]
host_samples_us=[213.541, 182.5, 183.958, 150.708, 192.083, 146.291, 298.75, 201.542, 186.666, 349.834, 128.667, 183.375, 182.042, 186.417, 205.25, 179.583, 129.875]
n=4097 kind=shuffle wg=256 items=16 cap=256 passes=2 gpu_median_us=59.875 gpu_p90_us=60.625 host_median_us=186.291 host_p90_us=197.958 max_abs_error=0.00000000
gpu_samples_us=[60.125, 59.5, 60.0, 22.958, 26.917, 33.417, 59.791, 59.75, 15.292, 63.291, 59.875, 60.042, 59.875, 60.167, 59.917, 58.208, 60.625]
host_samples_us=[203.333, 187.833, 185.084, 150.916, 165.417, 148.209, 167.25, 194.042, 194.625, 197.125, 130.458, 186.167, 191.625, 186.291, 197.958, 186.5, 138.958]
n=4097 kind=shuffle wg=256 items=16 cap=1024 passes=2 gpu_median_us=59.542 gpu_p90_us=60.334 host_median_us=187.250 host_p90_us=199.333 max_abs_error=0.00000000
gpu_samples_us=[59.875, 284.166, 59.417, 22.666, 26.833, 33.333, 59.583, 59.75, 15.166, 59.916, 59.5, 59.542, 59.542, 60.334, 60.208, 58.167, 60.208]
host_samples_us=[211.333, 187.25, 188.958, 146.959, 160.375, 147.333, 159.083, 192.458, 189.875, 199.333, 132.417, 185.083, 191.25, 183.834, 190.334, 189.542, 128.959]
n=4097 kind=shuffle wg=256 items=16 cap=4096 passes=2 gpu_median_us=59.542 gpu_p90_us=62.666 host_median_us=185.791 host_p90_us=196.916 max_abs_error=0.00000000
gpu_samples_us=[59.833, 59.542, 59.0, 22.625, 26.625, 63.417, 59.625, 59.5, 15.25, 62.666, 59.542, 60.0, 59.917, 59.709, 59.625, 57.958, 59.333]
host_samples_us=[232.458, 184.375, 192.708, 139.0, 150.125, 143.5, 158.417, 194.625, 192.5, 196.292, 128.70899999999997, 186.291, 185.791, 181.75, 187.084, 196.916, 126.625]
n=4097 kind=shuffle wg=256 items=16 cap=65535 passes=2 gpu_median_us=59.667 gpu_p90_us=63.750 host_median_us=188.166 host_p90_us=198.875 max_abs_error=0.00000000
gpu_samples_us=[59.291, 59.75, 153.375, 23.208, 26.625, 33.875, 59.666, 59.666, 15.334, 63.75, 59.042, 59.875, 60.041, 59.708, 59.75, 59.667, 60.458]
host_samples_us=[198.875, 188.166, 189.5, 139.459, 149.5, 155.125, 159.792, 188.875, 199.542, 188.541, 128.667, 183.959, 188.458, 185.084, 188.708, 198.417, 126.04200000000002]
n=1000003 kind=tree wg=64 items=1 cap=256 passes=3 gpu_median_us=23.208 gpu_p90_us=41.500 host_median_us=156.625 host_p90_us=206.167 max_abs_error=0.00781250
gpu_samples_us=[85.833, 23.208, 27.125, 23.0, 23.083, 41.5, 23.125, 22.875, 22.917, 27.916, 27.541, 23.125, 27.417, 22.875, 26.25, 22.959, 27.333]
host_samples_us=[146.083, 230.5, 168.667, 152.333, 148.709, 206.167, 152.292, 190.625, 145.958, 157.917, 156.625, 140.459, 131.25, 165.0, 154.25, 159.75, 164.917]
n=1000003 kind=tree wg=64 items=1 cap=1024 passes=3 gpu_median_us=15.500 gpu_p90_us=16.666 host_median_us=139.167 host_p90_us=189.541 max_abs_error=0.00781250
gpu_samples_us=[58.291, 15.208, 15.791, 15.5, 15.25, 15.417, 15.333, 15.333, 15.709, 15.5, 16.666, 15.542, 15.5, 15.375, 15.375, 15.417, 15.792]
host_samples_us=[132.291, 189.541, 155.125, 136.708, 134.333, 194.583, 137.208, 141.709, 157.917, 135.417, 132.541, 139.167, 120.708, 152.75, 138.042, 154.125, 151.417]
n=1000003 kind=tree wg=64 items=1 cap=4096 passes=3 gpu_median_us=22.083 gpu_p90_us=77.125 host_median_us=150.000 host_p90_us=211.167 max_abs_error=0.00781250
gpu_samples_us=[77.125, 78.583, 22.083, 22.042, 21.959, 21.958, 26.583, 25.125, 22.083, 26.75, 26.334, 22.166, 26.709, 21.625, 21.792, 21.625, 21.875]
host_samples_us=[145.0, 212.792, 160.875, 149.125, 149.0, 211.167, 146.625, 145.5, 162.5, 162.583, 150.0, 147.458, 131.00000000000003, 157.791, 147.542, 167.584, 180.0]
n=1000003 kind=tree wg=64 items=1 cap=65535 passes=4 gpu_median_us=63.584 gpu_p90_us=119.417 host_median_us=193.125 host_p90_us=357.209 max_abs_error=0.00781250
gpu_samples_us=[203.458, 63.375, 65.667, 79.875, 60.083, 59.708, 64.041, 60.292, 60.292, 65.125, 60.334, 63.584, 64.542, 119.417, 59.791, 59.75, 65.084]
host_samples_us=[184.042, 357.209, 198.125, 254.5, 193.125, 599.5, 189.0, 183.0, 208.083, 194.916, 189.375, 182.75, 169.166, 190.041, 190.833, 207.125, 223.959]
n=1000003 kind=add wg=64 items=1 cap=256 passes=3 gpu_median_us=23.541 gpu_p90_us=27.208 host_median_us=158.041 host_p90_us=238.000 max_abs_error=0.00781250
gpu_samples_us=[79.375, 21.708, 27.208, 23.541, 21.958, 21.042, 25.459, 21.625, 21.666, 26.25, 26.0, 25.292, 26.25, 21.917, 21.917, 26.334, 21.541]
host_samples_us=[140.417, 215.709, 164.875, 323.958, 238.0, 233.208, 156.125, 144.458, 158.041, 147.917, 144.167, 144.292, 137.666, 164.917, 149.541, 161.542, 177.125]
n=1000003 kind=add wg=64 items=1 cap=1024 passes=3 gpu_median_us=13.625 gpu_p90_us=15.125 host_median_us=141.042 host_p90_us=196.292 max_abs_error=0.00781250
gpu_samples_us=[48.209, 13.417, 15.125, 13.291, 13.375, 13.041, 13.708, 13.5, 13.625, 13.542, 14.875, 13.292, 14.084, 13.375, 13.834, 14.791, 13.792]
host_samples_us=[135.167, 190.208, 147.084, 311.833, 196.292, 182.125, 131.167, 141.042, 134.791, 137.167, 136.5, 132.25, 130.542, 144.875, 131.584, 144.291, 153.584]
n=1000003 kind=add wg=64 items=1 cap=4096 passes=3 gpu_median_us=22.500 gpu_p90_us=25.375 host_median_us=146.625 host_p90_us=243.333 max_abs_error=0.00781250
gpu_samples_us=[68.375, 20.584, 25.375, 20.583, 20.625, 20.458, 24.333, 23.583, 20.25, 25.083, 24.833, 22.5, 20.834, 20.584, 23.833, 24.917, 20.542]
host_samples_us=[143.416, 201.208, 160.084, 244.708, 208.834, 243.333, 146.583, 141.458, 181.584, 141.458, 146.625, 144.25, 142.833, 145.542, 145.667, 151.0, 168.5]
n=1000003 kind=add wg=64 items=1 cap=65535 passes=4 gpu_median_us=60.750 gpu_p90_us=63.042 host_median_us=199.625 host_p90_us=346.875 max_abs_error=0.00781250
gpu_samples_us=[195.292, 61.166, 56.959, 57.0, 57.041, 56.916, 61.0, 58.0, 57.708, 62.334, 56.917, 63.0, 63.042, 61.916, 60.875, 60.75, 57.459]
host_samples_us=[179.292, 326.208, 201.25, 213.542, 346.875, 374.625, 280.292, 177.791, 203.792, 221.708, 182.167, 187.0, 180.75, 196.833, 171.375, 190.792, 199.625]
n=1000003 kind=shuffle wg=64 items=1 cap=256 passes=3 gpu_median_us=22.666 gpu_p90_us=26.792 host_median_us=158.459 host_p90_us=234.625 max_abs_error=0.00781250
gpu_samples_us=[84.292, 22.125, 21.708, 21.792, 21.917, 21.291, 25.208, 21.917, 26.375, 26.792, 22.666, 24.542, 21.959, 26.708, 25.5, 22.125, 25.166]
host_samples_us=[149.75, 217.75, 158.459, 168.375, 234.625, 248.792, 172.25, 142.042, 136.791, 189.125, 149.5, 141.417, 143.333, 163.458, 151.75, 152.291, 177.792]
n=1000003 kind=shuffle wg=64 items=1 cap=1024 passes=3 gpu_median_us=14.875 gpu_p90_us=16.292 host_median_us=137.083 host_p90_us=196.625 max_abs_error=0.00781250
gpu_samples_us=[53.583, 14.959, 14.625, 14.583, 14.875, 14.334, 15.042, 14.625, 14.458, 14.459, 14.75, 16.292, 15.542, 15.917, 15.958, 15.916, 14.625]
host_samples_us=[138.667, 196.625, 136.792, 148.375, 193.0, 212.958, 145.208, 137.041, 119.083, 137.083, 131.75, 123.87499999999999, 131.833, 139.25, 134.0, 135.125, 148.875]
n=1000003 kind=shuffle wg=64 items=1 cap=4096 passes=3 gpu_median_us=22.958 gpu_p90_us=25.917 host_median_us=151.750 host_p90_us=213.333 max_abs_error=0.00781250
gpu_samples_us=[72.291, 25.541, 21.084, 21.208, 20.958, 20.917, 24.708, 22.958, 25.709, 21.375, 20.667, 25.875, 25.5, 21.792, 25.584, 25.917, 20.833]
host_samples_us=[136.291, 207.667, 157.291, 155.709, 222.584, 213.333, 147.0, 151.75, 131.00000000000003, 145.208, 146.708, 140.25, 143.583, 157.334, 151.334, 164.75, 164.25]
n=1000003 kind=shuffle wg=64 items=1 cap=65535 passes=4 gpu_median_us=61.958 gpu_p90_us=64.416 host_median_us=190.166 host_p90_us=372.708 max_abs_error=0.00781250
gpu_samples_us=[197.167, 63.792, 59.042, 59.333, 58.625, 58.875, 59.167, 59.166, 64.416, 59.167, 61.958, 63.625, 63.917, 63.584, 63.875, 64.333, 58.833]
host_samples_us=[186.5, 379.458, 190.166, 207.25, 359.209, 372.708, 187.625, 187.125, 175.458, 196.084, 191.125, 181.375, 183.375, 199.292, 188.333, 188.625, 206.042]
n=1000003 kind=tree wg=64 items=4 cap=256 passes=2 gpu_median_us=24.458 gpu_p90_us=28.541 host_median_us=155.500 host_p90_us=240.792 max_abs_error=0.00781250
gpu_samples_us=[91.584, 24.667, 24.125, 24.292, 24.458, 23.959, 27.291, 24.75, 23.959, 27.583, 24.209, 28.541, 24.084, 24.333, 27.791, 28.083, 24.25]
host_samples_us=[157.333, 501.9580000000001, 146.584, 167.917, 239.75, 240.792, 149.375, 170.291, 134.542, 155.5, 147.417, 143.25, 150.292, 156.791, 152.083, 153.5, 171.0]
n=1000003 kind=tree wg=64 items=4 cap=1024 passes=3 gpu_median_us=19.541 gpu_p90_us=26.375 host_median_us=150.416 host_p90_us=212.333 max_abs_error=0.00781250
gpu_samples_us=[158.833, 20.25, 22.291, 19.417, 19.167, 19.0, 25.417, 19.541, 19.416, 25.208, 19.584, 19.083, 19.25, 19.5, 19.292, 26.375, 26.25]
host_samples_us=[150.625, 243.833, 153.791, 162.417, 212.333, 211.792, 147.917, 176.5, 129.16699999999997, 150.0, 146.458, 146.25, 150.416, 150.333, 144.416, 151.75, 146.917]
n=1000003 kind=tree wg=64 items=4 cap=4096 passes=3 gpu_median_us=29.042 gpu_p90_us=39.917 host_median_us=154.791 host_p90_us=260.875 max_abs_error=0.00781250
gpu_samples_us=[108.875, 29.958, 28.917, 25.458, 39.917, 25.333, 25.583, 25.209, 29.042, 25.5, 30.458, 29.792, 25.334, 30.0, 25.333, 29.959, 30.125]
host_samples_us=[148.125, 260.87499999999994, 234.75, 172.917, 235.708, 427.083, 150.583, 171.75, 140.292, 147.0, 152.834, 147.625, 152.5, 157.667, 153.792, 154.791, 163.958]
n=1000003 kind=tree wg=64 items=4 cap=65535 passes=3 gpu_median_us=29.209 gpu_p90_us=34.125 host_median_us=159.541 host_p90_us=279.791 max_abs_error=0.00781250
gpu_samples_us=[105.708, 29.458, 25.584, 25.375, 25.833, 25.0, 29.209, 34.125, 30.041, 26.125, 25.042, 25.125, 25.042, 29.75, 30.458, 29.667, 30.166]
host_samples_us=[274.25, 258.33399999999995, 155.708, 165.792, 238.959, 482.292, 147.375, 171.791, 136.042, 152.792, 159.541, 154.25, 153.375, 279.791, 166.042, 159.125, 155.125]
n=1000003 kind=add wg=64 items=4 cap=256 passes=2 gpu_median_us=25.208 gpu_p90_us=30.625 host_median_us=160.417 host_p90_us=254.333 max_abs_error=0.00781250
gpu_samples_us=[85.0, 26.625, 25.916, 22.958, 22.958, 22.875, 26.042, 30.625, 26.833, 23.25, 22.709, 26.541, 22.084, 26.458, 25.208, 22.833, 22.583]
host_samples_us=[205.042, 234.667, 148.833, 164.667, 489.87499999999994, 254.33299999999997, 146.875, 165.875, 131.208, 169.083, 147.208, 138.458, 157.625, 164.125, 149.25, 160.417, 155.25]
n=1000003 kind=add wg=64 items=4 cap=1024 passes=3 gpu_median_us=18.125 gpu_p90_us=19.458 host_median_us=149.750 host_p90_us=216.459 max_abs_error=0.00781250
gpu_samples_us=[67.5, 18.625, 17.708, 18.042, 17.708, 19.458, 18.125, 17.292, 18.25, 18.5, 17.875, 17.917, 17.0, 18.541, 17.791, 18.833, 19.0]
host_samples_us=[199.833, 222.625, 139.75, 157.083, 205.5, 216.459, 138.584, 161.667, 119.125, 159.083, 142.584, 128.042, 149.75, 140.541, 144.5, 153.625, 145.5]
n=1000003 kind=add wg=64 items=4 cap=4096 passes=3 gpu_median_us=25.916 gpu_p90_us=27.041 host_median_us=151.209 host_p90_us=231.167 max_abs_error=0.00781250
gpu_samples_us=[90.167, 26.791, 22.292, 22.584, 22.083, 22.584, 25.916, 24.583, 22.666, 22.459, 26.708, 26.833, 22.041, 26.792, 26.75, 27.041, 26.792]
host_samples_us=[203.0, 240.375, 142.042, 159.708, 226.084, 231.167, 142.875, 148.75, 130.958, 169.041, 147.208, 140.917, 148.5, 167.958, 151.209, 151.458, 148.75]
n=1000003 kind=add wg=64 items=4 cap=65535 passes=3 gpu_median_us=22.791 gpu_p90_us=27.041 host_median_us=150.666 host_p90_us=228.375 max_abs_error=0.00781250
gpu_samples_us=[606.584, 22.458, 22.125, 22.458, 22.625, 22.083, 26.0, 22.25, 22.209, 26.875, 26.75, 22.791, 21.792, 27.041, 23.541, 26.792, 26.792]
host_samples_us=[208.583, 248.75, 143.75, 150.666, 220.541, 228.375, 142.083, 144.125, 135.125, 155.792, 147.5, 145.375, 150.917, 162.25, 150.333, 154.209, 144.959]
n=1000003 kind=shuffle wg=64 items=4 cap=256 passes=2 gpu_median_us=24.334 gpu_p90_us=27.375 host_median_us=157.458 host_p90_us=219.459 max_abs_error=0.00781250
gpu_samples_us=[91.291, 27.125, 23.5, 23.459, 26.583, 23.417, 26.625, 23.416, 23.417, 26.625, 24.584, 27.083, 23.042, 27.375, 23.375, 24.334, 23.209]
host_samples_us=[192.083, 219.25, 170.5, 145.209, 219.459, 230.75, 144.583, 168.167, 133.375, 153.375, 151.417, 146.875, 152.75, 165.792, 150.709, 159.084, 157.458]
n=1000003 kind=shuffle wg=64 items=4 cap=1024 passes=3 gpu_median_us=18.708 gpu_p90_us=25.708 host_median_us=162.500 host_p90_us=212.208 max_abs_error=0.00781250
gpu_samples_us=[75.208, 18.5, 18.833, 18.375, 18.791, 18.542, 18.75, 18.792, 18.708, 18.416, 25.708, 18.583, 18.208, 18.5, 19.666, 25.666, 18.375]
host_samples_us=[208.708, 219.208, 162.958, 200.459, 210.333, 212.208, 149.292, 148.75, 126.375, 168.583, 140.333, 133.084, 145.875, 162.5, 142.042, 155.667, 165.5]
n=1000003 kind=shuffle wg=64 items=4 cap=4096 passes=3 gpu_median_us=28.208 gpu_p90_us=29.250 host_median_us=162.166 host_p90_us=248.708 max_abs_error=0.00781250
gpu_samples_us=[105.625, 29.166, 26.959, 24.958, 24.666, 24.666, 28.25, 28.625, 24.583, 26.125, 28.208, 29.208, 24.334, 24.708, 28.875, 29.25, 28.875]
host_samples_us=[241.625, 251.87499999999997, 152.75, 157.708, 245.25000000000003, 241.958, 148.833, 159.417, 131.709, 172.208, 179.708, 248.708, 149.0, 175.375, 150.25, 162.166, 161.0]
n=1000003 kind=shuffle wg=64 items=4 cap=65535 passes=3 gpu_median_us=24.708 gpu_p90_us=29.083 host_median_us=163.750 host_p90_us=243.708 max_abs_error=0.00781250
gpu_samples_us=[110.042, 24.292, 24.542, 24.708, 24.5, 24.375, 28.25, 27.875, 24.375, 28.834, 28.959, 28.959, 24.708, 29.083, 24.291, 24.708, 28.417]
host_samples_us=[229.083, 278.75, 147.875, 176.042, 236.791, 243.708, 147.541, 147.334, 135.541, 168.208, 168.459, 143.125, 151.5, 174.416, 153.041, 163.75, 159.166]
n=1000003 kind=tree wg=64 items=8 cap=256 passes=2 gpu_median_us=24.958 gpu_p90_us=28.291 host_median_us=156.083 host_p90_us=232.042 max_abs_error=0.00781250
gpu_samples_us=[94.125, 25.166, 27.791, 24.916, 24.875, 24.708, 24.958, 24.542, 24.666, 25.083, 24.875, 26.75, 24.916, 28.209, 28.291, 24.458, 28.041]
host_samples_us=[236.834, 164.583, 151.25, 166.334, 232.042, 231.833, 147.75, 169.167, 134.125, 161.458, 156.083, 136.583, 152.125, 151.5, 147.666, 142.791, 157.166]
n=1000003 kind=tree wg=64 items=8 cap=1024 passes=3 gpu_median_us=24.542 gpu_p90_us=29.292 host_median_us=160.541 host_p90_us=229.458 max_abs_error=0.00781250
gpu_samples_us=[95.209, 27.791, 24.541, 24.666, 24.417, 24.291, 25.75, 24.541, 24.333, 24.542, 28.0, 29.292, 24.333, 28.5, 23.833, 24.834, 24.5]
host_samples_us=[223.333, 162.5, 152.459, 159.5, 232.208, 229.458, 160.541, 154.0, 132.708, 162.5, 163.5, 143.834, 145.917, 155.209, 152.0, 166.208, 162.166]
n=1000003 kind=tree wg=64 items=8 cap=4096 passes=3 gpu_median_us=27.709 gpu_p90_us=32.042 host_median_us=158.458 host_p90_us=246.250 max_abs_error=0.00781250
gpu_samples_us=[119.209, 27.166, 32.042, 27.25, 27.833, 27.041, 27.709, 30.625, 30.417, 27.125, 27.75, 31.834, 27.5, 27.917, 27.0, 27.167, 26.916]
host_samples_us=[238.584, 157.459, 156.584, 185.666, 250.12500000000003, 246.25, 145.042, 162.0, 134.417, 167.333, 156.625, 148.292, 151.0, 158.458, 155.0, 166.625, 173.25]
n=1000003 kind=tree wg=64 items=8 cap=65535 passes=3 gpu_median_us=27.667 gpu_p90_us=40.958 host_median_us=157.208 host_p90_us=247.750 max_abs_error=0.00781250
gpu_samples_us=[112.125, 27.208, 27.0, 27.625, 27.667, 40.958, 27.292, 27.125, 30.25, 30.166, 31.916, 31.375, 27.583, 31.208, 27.292, 31.542, 27.209]
host_samples_us=[243.792, 153.125, 152.625, 169.708, 247.74999999999997, 252.66699999999997, 150.875, 160.875, 135.583, 169.334, 152.709, 149.792, 151.5, 156.042, 157.208, 172.167, 170.667]
n=1000003 kind=add wg=64 items=8 cap=256 passes=2 gpu_median_us=24.250 gpu_p90_us=30.292 host_median_us=157.458 host_p90_us=226.667 max_abs_error=0.00781250
gpu_samples_us=[94.333, 30.292, 30.125, 24.25, 24.083, 25.584, 24.083, 24.166, 24.0, 24.0, 24.792, 27.792, 24.042, 27.875, 23.917, 24.042, 27.917]
host_samples_us=[221.083, 161.792, 147.542, 157.458, 226.667, 236.708, 151.167, 170.083, 130.292, 162.125, 146.875, 144.792, 156.667, 155.75, 153.541, 167.083, 173.375]
n=1000003 kind=add wg=64 items=8 cap=1024 passes=3 gpu_median_us=23.000 gpu_p90_us=27.791 host_median_us=156.750 host_p90_us=228.417 max_abs_error=0.00781250
gpu_samples_us=[86.791, 22.708, 22.916, 23.0, 23.208, 22.75, 22.75, 22.667, 27.541, 23.0, 27.791, 27.083, 22.625, 23.167, 22.875, 26.709, 23.208]
host_samples_us=[219.25, 159.209, 155.0, 156.75, 230.416, 228.417, 143.209, 164.375, 132.167, 165.959, 147.75, 146.666, 148.583, 170.959, 149.166, 163.875, 150.25]
n=1000003 kind=add wg=64 items=8 cap=4096 passes=3 gpu_median_us=25.000 gpu_p90_us=29.125 host_median_us=158.208 host_p90_us=233.916 max_abs_error=0.00781250
gpu_samples_us=[148.5, 25.291, 24.541, 24.917, 25.167, 24.75, 24.5, 24.583, 28.0, 24.334, 28.916, 25.0, 24.75, 26.375, 25.208, 24.875, 29.125]
host_samples_us=[233.459, 150.291, 150.125, 150.167, 233.916, 239.417, 143.375, 171.542, 213.416, 168.291, 151.834, 156.667, 150.584, 163.5, 191.167, 147.291, 158.208]
n=1000003 kind=add wg=64 items=8 cap=65535 passes=3 gpu_median_us=26.750 gpu_p90_us=31.083 host_median_us=154.333 host_p90_us=278.708 max_abs_error=0.00781250
gpu_samples_us=[102.125, 25.041, 29.5, 26.084, 25.083, 25.333, 24.792, 31.083, 24.791, 26.75, 29.417, 29.334, 25.0, 29.292, 24.917, 28.084, 29.416]
host_samples_us=[230.25, 154.333, 151.292, 152.625, 278.708, 247.167, 149.0, 171.125, 133.667, 157.375, 154.042, 147.834, 151.75, 291.75, 165.625, 150.583, 159.5]
n=1000003 kind=shuffle wg=64 items=8 cap=256 passes=2 gpu_median_us=24.833 gpu_p90_us=28.375 host_median_us=159.917 host_p90_us=235.334 max_abs_error=0.00781250
gpu_samples_us=[95.083, 27.583, 28.167, 24.542, 24.083, 24.708, 24.375, 27.708, 28.334, 24.833, 25.375, 24.375, 24.167, 28.375, 24.625, 24.208, 27.625]
host_samples_us=[220.666, 151.833, 145.417, 154.208, 250.24999999999997, 235.334, 157.958, 166.917, 170.083, 163.5, 148.958, 141.25, 153.541, 164.791, 154.25, 159.917, 173.833]
n=1000003 kind=shuffle wg=64 items=8 cap=1024 passes=3 gpu_median_us=23.625 gpu_p90_us=28.166 host_median_us=153.334 host_p90_us=234.125 max_abs_error=0.00781250
gpu_samples_us=[99.666, 27.167, 24.917, 23.959, 23.541, 23.541, 23.625, 23.541, 23.375, 23.5, 28.166, 23.417, 22.875, 27.333, 23.75, 23.541, 27.708]
host_samples_us=[220.125, 148.917, 254.833, 152.208, 155.458, 234.125, 149.709, 159.584, 140.917, 166.916, 153.334, 143.833, 152.209, 150.25, 152.875, 158.875, 163.75]
n=1000003 kind=shuffle wg=64 items=8 cap=4096 passes=3 gpu_median_us=27.125 gpu_p90_us=31.417 host_median_us=157.916 host_p90_us=235.916 max_abs_error=0.00781250
gpu_samples_us=[110.833, 30.292, 31.417, 26.916, 27.125, 26.958, 26.708, 26.834, 29.958, 26.834, 27.166, 26.667, 26.584, 27.041, 29.75, 31.416, 30.833]
host_samples_us=[235.916, 156.709, 172.958, 156.417, 160.708, 246.708, 151.709, 169.375, 141.375, 156.625, 157.916, 140.792, 153.333, 161.5, 154.958, 171.5, 160.542]
n=1000003 kind=shuffle wg=64 items=8 cap=65535 passes=3 gpu_median_us=27.334 gpu_p90_us=32.083 host_median_us=157.375 host_p90_us=237.125 max_abs_error=0.00781250
gpu_samples_us=[118.084, 30.542, 31.458, 27.334, 26.833, 27.208, 27.042, 27.834, 32.083, 30.417, 27.042, 27.125, 26.458, 27.292, 29.625, 31.25, 26.5]
host_samples_us=[237.125, 155.0, 153.334, 150.5, 153.708, 251.87499999999997, 160.875, 165.833, 138.875, 172.583, 158.167, 143.167, 157.25, 151.542, 160.25, 166.083, 157.375]
n=1000003 kind=tree wg=64 items=16 cap=256 passes=2 gpu_median_us=28.084 gpu_p90_us=31.792 host_median_us=155.292 host_p90_us=248.667 max_abs_error=0.00781250
gpu_samples_us=[108.708, 31.416, 31.708, 27.958, 27.875, 28.084, 27.834, 28.292, 31.792, 27.958, 31.083, 27.958, 27.792, 28.083, 30.584, 29.083, 27.5]
host_samples_us=[273.583, 150.708, 158.041, 147.584, 147.958, 248.667, 149.833, 168.792, 204.25, 171.375, 155.292, 142.584, 153.0, 151.917, 161.667, 154.583, 157.125]
n=1000003 kind=tree wg=64 items=16 cap=1024 passes=2 gpu_median_us=33.375 gpu_p90_us=128.875 host_median_us=162.083 host_p90_us=274.458 max_abs_error=0.00781250
gpu_samples_us=[142.75, 33.333, 37.041, 33.292, 33.209, 33.375, 128.875, 33.5, 36.916, 33.333, 35.959, 33.333, 32.042, 32.125, 35.625, 37.583, 32.292]
host_samples_us=[329.708, 165.583, 161.291, 153.709, 159.459, 274.458, 161.917, 174.791, 230.0, 178.667, 162.083, 156.292, 144.625, 156.958, 161.834, 164.125, 162.209]
n=1000003 kind=tree wg=64 items=16 cap=4096 passes=2 gpu_median_us=33.375 gpu_p90_us=129.250 host_median_us=160.666 host_p90_us=270.375 max_abs_error=0.00781250
gpu_samples_us=[136.041, 33.375, 37.0, 33.625, 32.792, 33.167, 129.25, 33.5, 36.5, 33.292, 33.084, 33.208, 31.958, 34.083, 33.125, 37.25, 32.667]
host_samples_us=[311.916, 163.625, 160.917, 158.833, 158.125, 270.375, 159.084, 174.958, 150.542, 178.208, 160.666, 149.25, 145.417, 158.542, 163.125, 176.209, 158.792]
n=1000003 kind=tree wg=64 items=16 cap=65535 passes=2 gpu_median_us=33.291 gpu_p90_us=130.833 host_median_us=161.708 host_p90_us=274.334 max_abs_error=0.00781250
gpu_samples_us=[137.291, 33.291, 33.042, 33.25, 39.625, 33.083, 130.833, 33.209, 33.291, 33.667, 32.75, 36.917, 33.0, 33.125, 36.125, 33.292, 33.0]
host_samples_us=[407.625, 162.834, 154.541, 157.5, 158.167, 274.334, 154.25, 170.208, 143.417, 170.0, 157.416, 147.5, 146.375, 162.083, 161.708, 165.791, 162.459]
n=1000003 kind=add wg=64 items=16 cap=256 passes=2 gpu_median_us=30.167 gpu_p90_us=104.333 host_median_us=154.250 host_p90_us=242.166 max_abs_error=0.00781250
gpu_samples_us=[107.709, 27.458, 30.709, 27.25, 27.0, 30.667, 104.333, 27.292, 30.292, 37.583, 26.958, 30.875, 26.833, 31.292, 30.125, 30.167, 27.292]
host_samples_us=[242.166, 154.625, 154.75, 148.042, 153.875, 242.458, 149.375, 169.958, 143.25, 159.083, 154.25, 144.791, 136.417, 152.417, 151.334, 161.417, 155.042]
n=1000003 kind=add wg=64 items=16 cap=1024 passes=2 gpu_median_us=31.917 gpu_p90_us=128.459 host_median_us=157.167 host_p90_us=172.959 max_abs_error=0.00781250
gpu_samples_us=[132.458, 31.667, 31.917, 31.292, 31.333, 127.833, 128.459, 31.75, 31.375, 35.625, 31.292, 35.959, 31.375, 31.625, 34.625, 34.917, 35.125]
host_samples_us=[260.5, 156.459, 161.041, 156.708, 153.25, 172.959, 155.958, 171.0, 144.125, 158.041, 157.167, 145.584, 141.75, 154.541, 164.917, 162.834, 158.333]
n=1000003 kind=add wg=64 items=16 cap=4096 passes=2 gpu_median_us=31.583 gpu_p90_us=128.625 host_median_us=155.167 host_p90_us=176.916 max_abs_error=0.00781250
gpu_samples_us=[128.625, 31.583, 33.875, 31.542, 31.209, 131.333, 128.333, 41.125, 31.5, 35.292, 34.542, 31.541, 30.666, 31.791, 30.833, 31.333, 30.958]
host_samples_us=[255.167, 152.292, 154.542, 151.833, 158.209, 176.916, 149.041, 159.166, 140.708, 156.417, 159.375, 143.459, 139.833, 155.125, 173.167, 155.167, 161.542]
n=1000003 kind=add wg=64 items=16 cap=65535 passes=2 gpu_median_us=34.375 gpu_p90_us=128.625 host_median_us=157.667 host_p90_us=242.042 max_abs_error=0.00781250
gpu_samples_us=[131.917, 31.5, 35.458, 31.584, 31.292, 127.916, 128.625, 33.0, 31.709, 35.459, 31.541, 35.292, 30.917, 34.583, 34.375, 31.291, 34.583]
host_samples_us=[253.416, 149.042, 150.875, 152.542, 161.167, 168.667, 157.667, 177.209, 140.541, 157.875, 157.958, 145.0, 140.083, 156.041, 242.042, 155.292, 158.458]
n=1000003 kind=shuffle wg=64 items=16 cap=256 passes=2 gpu_median_us=30.667 gpu_p90_us=110.041 host_median_us=153.167 host_p90_us=166.542 max_abs_error=0.00781250
gpu_samples_us=[110.041, 27.666, 31.25, 27.417, 27.584, 137.083, 107.084, 27.75, 30.667, 31.416, 31.5, 31.333, 27.125, 27.125, 27.542, 28.083, 31.125]
host_samples_us=[237.208, 147.791, 156.667, 146.792, 157.042, 162.875, 149.333, 166.542, 135.834, 154.875, 153.167, 138.708, 137.084, 149.542, 158.625, 145.083, 158.208]
n=1000003 kind=shuffle wg=64 items=16 cap=1024 passes=2 gpu_median_us=34.708 gpu_p90_us=137.708 host_median_us=160.916 host_p90_us=264.417 max_abs_error=0.00781250
gpu_samples_us=[137.708, 32.541, 33.125, 32.5, 32.5, 134.917, 165.125, 32.458, 35.5, 35.792, 36.834, 35.0, 31.541, 34.667, 34.708, 36.666, 31.5]
host_samples_us=[264.417, 153.958, 160.916, 294.959, 162.584, 167.958, 165.958, 162.375, 141.167, 177.334, 157.959, 159.208, 140.417, 162.75, 157.75, 156.584, 156.375]
n=1000003 kind=shuffle wg=64 items=16 cap=4096 passes=2 gpu_median_us=32.708 gpu_p90_us=134.125 host_median_us=157.584 host_p90_us=175.083 max_abs_error=0.00781250
gpu_samples_us=[134.75, 35.375, 35.959, 32.458, 32.208, 134.125, 132.584, 32.708, 32.334, 32.417, 35.875, 36.5, 31.959, 32.292, 31.833, 36.458, 31.5]
host_samples_us=[267.209, 161.375, 156.417, 156.0, 156.042, 175.083, 156.375, 157.667, 140.542, 164.25, 159.833, 151.5, 142.125, 158.167, 157.584, 162.959, 157.291]
n=1000003 kind=shuffle wg=64 items=16 cap=65535 passes=2 gpu_median_us=32.709 gpu_p90_us=136.542 host_median_us=159.959 host_p90_us=196.000 max_abs_error=0.00781250
gpu_samples_us=[189.334, 32.791, 36.334, 32.333, 32.709, 136.542, 133.292, 32.458, 32.625, 36.083, 32.792, 32.167, 32.333, 31.875, 32.416, 36.083, 32.333]
host_samples_us=[261.084, 196.0, 160.333, 157.292, 160.25, 168.291, 154.5, 159.541, 142.667, 159.959, 161.959, 147.5, 140.083, 157.5, 159.0, 160.083, 164.375]
n=1000003 kind=tree wg=128 items=1 cap=256 passes=3 gpu_median_us=17.083 gpu_p90_us=66.750 host_median_us=139.666 host_p90_us=186.625 max_abs_error=0.00781250
gpu_samples_us=[108.417, 17.083, 17.0, 16.875, 16.958, 64.084, 66.75, 16.917, 16.959, 17.292, 18.333, 17.125, 16.75, 16.916, 17.125, 18.208, 17.0]
host_samples_us=[198.708, 186.625, 142.042, 134.042, 144.584, 146.25, 144.166, 139.666, 128.166, 136.917, 136.167, 132.583, 126.58299999999998, 140.708, 144.0, 137.334, 132.5]
n=1000003 kind=tree wg=128 items=1 cap=1024 passes=3 gpu_median_us=17.250 gpu_p90_us=68.208 host_median_us=135.958 host_p90_us=158.000 max_abs_error=0.00781250
gpu_samples_us=[68.208, 17.291, 17.0, 16.709, 16.75, 67.0, 68.375, 17.167, 17.042, 18.334, 18.125, 17.25, 29.541, 16.917, 17.333, 17.0, 16.875]
host_samples_us=[195.834, 135.834, 133.375, 134.958, 137.625, 135.208, 133.292, 143.833, 124.95799999999998, 136.75, 135.958, 121.958, 131.958, 157.625, 140.5, 158.0, 145.417]
n=1000003 kind=tree wg=128 items=1 cap=4096 passes=3 gpu_median_us=37.958 gpu_p90_us=123.625 host_median_us=163.541 host_p90_us=229.583 max_abs_error=0.00781250
gpu_samples_us=[126.208, 38.167, 39.042, 34.292, 34.833, 38.834, 123.625, 34.75, 34.5, 34.458, 38.958, 37.958, 42.25, 34.583, 34.583, 39.125, 34.625]
host_samples_us=[255.00000000000003, 162.208, 158.916, 156.042, 165.791, 165.458, 159.792, 229.583, 150.75, 153.708, 170.541, 157.291, 148.084, 177.667, 163.541, 176.584, 163.583]
n=1000003 kind=tree wg=128 items=1 cap=65535 passes=3 gpu_median_us=60.291 gpu_p90_us=200.416 host_median_us=182.458 host_p90_us=208.583 max_abs_error=0.00781250
gpu_samples_us=[203.542, 57.625, 60.417, 57.417, 57.375, 56.917, 200.416, 57.75, 57.5, 61.458, 60.75, 57.083, 61.875, 57.459, 60.291, 61.459, 61.584]
host_samples_us=[333.542, 180.542, 181.917, 179.166, 194.5, 180.833, 180.875, 193.125, 168.375, 208.583, 187.625, 177.25, 174.209, 182.458, 186.417, 201.5, 186.708]
n=1000003 kind=add wg=128 items=1 cap=256 passes=3 gpu_median_us=15.792 gpu_p90_us=57.292 host_median_us=138.084 host_p90_us=192.667 max_abs_error=0.00781250
gpu_samples_us=[60.5, 16.084, 15.416, 15.5, 15.458, 15.708, 57.292, 15.792, 15.958, 17.0, 15.542, 15.792, 17.0, 49.417, 15.583, 15.583, 16.916]
host_samples_us=[192.667, 134.5, 133.25, 132.542, 138.084, 147.833, 130.16699999999997, 138.917, 122.084, 175.542, 140.833, 124.167, 194.041, 152.167, 134.667, 154.042, 135.917]
n=1000003 kind=add wg=128 items=1 cap=1024 passes=3 gpu_median_us=15.250 gpu_p90_us=53.792 host_median_us=137.167 host_p90_us=177.375 max_abs_error=0.00781250
gpu_samples_us=[56.75, 15.208, 15.25, 15.417, 15.0, 15.25, 53.792, 15.542, 15.209, 15.208, 15.167, 16.458, 16.208, 16.583, 14.875, 15.167, 15.166]
host_samples_us=[182.834, 141.208, 129.791, 137.167, 136.5, 140.583, 129.70899999999997, 140.667, 122.125, 177.375, 135.334, 126.25, 118.042, 151.5, 137.959, 147.625, 134.0]
n=1000003 kind=add wg=128 items=1 cap=4096 passes=3 gpu_median_us=33.083 gpu_p90_us=108.708 host_median_us=160.833 host_p90_us=173.250 max_abs_error=0.00781250
gpu_samples_us=[108.708, 36.208, 32.125, 32.458, 32.542, 32.25, 108.875, 32.708, 45.042, 33.083, 35.625, 37.5, 32.584, 32.667, 35.667, 32.416, 36.917]
host_samples_us=[237.625, 170.958, 164.167, 155.666, 161.166, 165.417, 155.583, 158.25, 143.75, 173.25, 157.416, 149.667, 143.708, 163.75, 152.875, 163.791, 160.833]
n=1000003 kind=add wg=128 items=1 cap=65535 passes=3 gpu_median_us=54.833 gpu_p90_us=183.333 host_median_us=188.041 host_p90_us=200.667 max_abs_error=0.00781250
gpu_samples_us=[183.333, 54.666, 54.541, 54.833, 54.417, 67.5, 183.458, 54.5, 59.542, 54.709, 57.833, 58.709, 59.25, 55.375, 54.792, 54.792, 54.583]
host_samples_us=[315.916, 176.708, 183.583, 178.209, 179.041, 190.791, 178.375, 188.041, 167.084, 199.667, 185.459, 200.083, 162.333, 200.667, 190.334, 188.584, 191.333]
n=1000003 kind=shuffle wg=128 items=1 cap=256 passes=3 gpu_median_us=16.625 gpu_p90_us=60.833 host_median_us=137.667 host_p90_us=188.333 max_abs_error=0.00781250
gpu_samples_us=[60.833, 16.459, 16.5, 16.25, 16.625, 17.125, 61.542, 16.25, 16.667, 16.625, 16.791, 16.625, 16.917, 16.292, 16.584, 16.375, 17.5]
host_samples_us=[191.417, 145.083, 135.208, 132.0, 137.667, 152.25, 137.584, 136.541, 125.12499999999999, 154.791, 140.375, 188.333, 122.834, 144.125, 135.125, 155.084, 134.916]
n=1000003 kind=shuffle wg=128 items=1 cap=1024 passes=3 gpu_median_us=16.042 gpu_p90_us=60.000 host_median_us=141.542 host_p90_us=190.125 max_abs_error=0.00781250
gpu_samples_us=[60.0, 16.083, 16.208, 16.125, 15.875, 15.917, 60.541, 15.833, 15.916, 16.042, 15.792, 16.0, 16.083, 16.833, 16.042, 15.791, 16.958]
host_samples_us=[190.125, 199.833, 132.084, 127.625, 137.833, 144.0, 129.5, 154.75, 124.416, 163.0, 134.666, 141.542, 119.083, 157.125, 161.291, 157.166, 133.292]
n=1000003 kind=shuffle wg=128 items=1 cap=4096 passes=3 gpu_median_us=35.292 gpu_p90_us=115.458 host_median_us=160.750 host_p90_us=249.000 max_abs_error=0.00781250
gpu_samples_us=[117.375, 37.5, 33.459, 46.459, 33.625, 33.875, 115.458, 33.542, 33.792, 38.5, 37.541, 33.916, 34.208, 33.208, 36.791, 35.292, 38.208]
host_samples_us=[248.99999999999997, 343.417, 158.125, 154.0, 160.75, 168.125, 157.042, 184.583, 141.791, 175.959, 163.292, 160.5, 142.375, 181.25, 171.5, 158.25, 159.0]
n=1000003 kind=shuffle wg=128 items=1 cap=65535 passes=3 gpu_median_us=56.792 gpu_p90_us=190.333 host_median_us=183.958 host_p90_us=326.958 max_abs_error=0.00781250
gpu_samples_us=[195.125, 59.917, 56.625, 60.458, 56.5, 56.666, 190.333, 56.542, 56.625, 60.916, 59.709, 56.792, 61.0, 59.667, 56.709, 56.708, 56.5]
host_samples_us=[326.958, 356.791, 183.625, 177.666, 172.75, 182.5, 176.042, 185.666, 171.417, 198.667, 185.75, 184.333, 168.333, 197.792, 186.625, 183.208, 183.958]
n=1000003 kind=tree wg=128 items=4 cap=256 passes=2 gpu_median_us=16.416 gpu_p90_us=62.750 host_median_us=145.167 host_p90_us=191.250 max_abs_error=0.00781250
gpu_samples_us=[63.0, 16.333, 16.333, 16.417, 16.334, 16.416, 62.75, 16.167, 16.208, 22.084, 16.167, 16.167, 16.416, 22.125, 16.416, 16.208, 22.041]
host_samples_us=[191.25, 206.708, 145.167, 133.959, 132.917, 138.208, 126.291, 161.666, 116.917, 161.333, 149.75, 127.083, 125.75, 159.459, 137.25, 152.291, 190.667]
n=1000003 kind=tree wg=128 items=4 cap=1024 passes=3 gpu_median_us=21.541 gpu_p90_us=86.333 host_median_us=153.500 host_p90_us=235.417 max_abs_error=0.00781250
gpu_samples_us=[86.333, 25.792, 21.25, 21.375, 21.292, 21.5, 87.292, 21.375, 21.417, 26.416, 21.541, 21.417, 22.458, 26.333, 26.458, 21.375, 26.291]
host_samples_us=[209.458, 161.875, 148.916, 146.667, 152.208, 149.5, 235.417, 165.083, 129.708, 164.041, 153.625, 143.958, 135.083, 163.167, 153.5, 296.166, 152.167]
n=1000003 kind=tree wg=128 items=4 cap=4096 passes=3 gpu_median_us=26.000 gpu_p90_us=108.667 host_median_us=157.250 host_p90_us=172.208 max_abs_error=0.00781250
gpu_samples_us=[115.583, 29.958, 25.959, 25.916, 25.584, 25.875, 108.667, 25.959, 26.042, 30.333, 29.208, 25.75, 25.75, 25.917, 26.0, 29.208, 30.292]
host_samples_us=[236.417, 172.208, 158.709, 157.25, 158.041, 151.667, 160.125, 167.875, 135.416, 153.125, 152.792, 148.542, 138.541, 158.667, 148.375, 157.125, 161.083]
n=1000003 kind=tree wg=128 items=4 cap=65535 passes=3 gpu_median_us=26.208 gpu_p90_us=108.542 host_median_us=154.459 host_p90_us=174.958 max_abs_error=0.00781250
gpu_samples_us=[111.666, 26.125, 25.792, 25.958, 25.875, 26.166, 108.542, 25.75, 25.875, 30.625, 29.375, 26.208, 30.458, 30.417, 25.875, 26.25, 30.291]
host_samples_us=[233.292, 174.958, 154.834, 151.334, 151.333, 152.291, 154.459, 165.0, 153.875, 160.208, 156.334, 152.542, 137.5, 154.375, 152.125, 169.042, 171.583]
n=1000003 kind=add wg=128 items=4 cap=256 passes=2 gpu_median_us=15.500 gpu_p90_us=57.709 host_median_us=138.833 host_p90_us=186.834 max_abs_error=0.00781250
gpu_samples_us=[57.709, 21.75, 15.208, 15.125, 23.583, 15.458, 57.875, 15.167, 15.125, 15.208, 15.209, 15.667, 21.667, 15.541, 15.167, 15.875, 15.5]
host_samples_us=[186.834, 163.709, 130.125, 129.37499999999997, 263.917, 138.042, 149.458, 155.458, 138.833, 135.375, 136.0, 138.333, 119.583, 164.75, 137.125, 143.375, 154.75]
n=1000003 kind=add wg=128 items=4 cap=1024 passes=3 gpu_median_us=18.916 gpu_p90_us=72.708 host_median_us=147.583 host_p90_us=186.458 max_abs_error=0.00781250
gpu_samples_us=[72.708, 25.25, 18.5, 18.792, 18.666, 18.916, 72.875, 18.791, 18.583, 18.833, 22.5, 19.083, 19.958, 25.667, 25.75, 18.875, 18.291]
host_samples_us=[196.875, 157.334, 145.083, 147.583, 186.458, 146.125, 145.875, 162.375, 145.083, 155.625, 146.25, 135.959, 132.875, 157.75, 149.417, 141.958, 163.542]
n=1000003 kind=add wg=128 items=4 cap=4096 passes=3 gpu_median_us=23.333 gpu_p90_us=86.583 host_median_us=155.000 host_p90_us=192.292 max_abs_error=0.00781250
gpu_samples_us=[86.583, 23.083, 23.334, 23.333, 22.875, 24.834, 87.167, 23.0, 23.25, 23.25, 23.625, 23.208, 27.583, 27.75, 23.708, 23.166, 23.208]
host_samples_us=[214.5, 153.041, 162.792, 155.0, 192.292, 147.625, 152.75, 164.25, 152.625, 155.083, 150.375, 135.917, 136.625, 168.667, 155.042, 148.958, 175.334]
n=1000003 kind=add wg=128 items=4 cap=65535 passes=3 gpu_median_us=23.250 gpu_p90_us=86.084 host_median_us=155.333 host_p90_us=223.625 max_abs_error=0.00781250
gpu_samples_us=[86.084, 23.042, 23.0, 23.208, 23.292, 23.25, 86.125, 23.083, 23.083, 26.542, 23.042, 27.625, 23.208, 27.542, 27.625, 26.333, 22.959]
host_samples_us=[223.625, 176.625, 160.542, 153.625, 150.459, 156.375, 153.834, 294.291, 156.416, 155.333, 154.416, 139.5, 136.333, 161.041, 156.0, 147.958, 153.583]
n=1000003 kind=shuffle wg=128 items=4 cap=256 passes=2 gpu_median_us=15.958 gpu_p90_us=61.000 host_median_us=144.042 host_p90_us=160.417 max_abs_error=0.00781250
gpu_samples_us=[61.0, 15.708, 15.75, 15.667, 16.083, 15.959, 61.709, 15.958, 15.917, 15.625, 15.75, 16.041, 21.834, 15.875, 21.833, 15.917, 21.625]
host_samples_us=[220.834, 160.417, 144.042, 135.417, 132.333, 132.5, 132.583, 148.666, 137.042, 148.833, 144.083, 121.958, 118.292, 155.584, 144.959, 131.959, 157.292]
n=1000003 kind=shuffle wg=128 items=4 cap=1024 passes=3 gpu_median_us=21.625 gpu_p90_us=82.291 host_median_us=150.917 host_p90_us=212.542 max_abs_error=0.00781250
gpu_samples_us=[83.083, 20.542, 20.417, 25.834, 20.542, 20.416, 82.291, 20.375, 20.5, 20.458, 25.25, 20.667, 21.625, 25.875, 25.917, 25.875, 25.666]
host_samples_us=[216.041, 145.375, 212.542, 144.5, 152.625, 148.709, 145.25, 144.625, 165.083, 157.875, 150.917, 133.375, 129.209, 163.417, 154.0, 145.375, 164.458]
n=1000003 kind=shuffle wg=128 items=4 cap=4096 passes=3 gpu_median_us=25.208 gpu_p90_us=109.125 host_median_us=154.041 host_p90_us=200.417 max_abs_error=0.00781250
gpu_samples_us=[110.5, 25.125, 25.166, 29.541, 24.958, 24.917, 109.125, 25.042, 24.917, 25.0, 28.375, 25.208, 28.083, 24.667, 28.208, 31.5, 29.0]
host_samples_us=[239.625, 155.542, 200.417, 154.041, 152.25, 149.125, 151.25, 149.75, 162.333, 142.958, 154.625, 149.375, 135.0, 166.75, 158.958, 148.667, 167.75]
n=1000003 kind=shuffle wg=128 items=4 cap=65535 passes=3 gpu_median_us=28.625 gpu_p90_us=106.875 host_median_us=155.125 host_p90_us=167.708 max_abs_error=0.00781250
gpu_samples_us=[111.791, 33.125, 24.917, 29.833, 25.125, 24.958, 106.875, 24.458, 25.5, 24.917, 28.583, 25.291, 28.625, 29.5, 29.541, 29.333, 29.583]
host_samples_us=[233.208, 161.042, 163.292, 153.416, 156.459, 153.666, 153.959, 154.292, 166.583, 155.125, 155.875, 151.958, 135.75, 167.708, 153.375, 148.667, 165.125]
n=1000003 kind=tree wg=128 items=8 cap=256 passes=2 gpu_median_us=22.042 gpu_p90_us=71.084 host_median_us=147.917 host_p90_us=160.833 max_abs_error=0.00781250
gpu_samples_us=[71.084, 22.583, 17.875, 22.375, 17.916, 18.375, 71.833, 22.042, 18.0, 18.167, 18.25, 18.292, 18.208, 22.583, 22.583, 22.083, 22.458]
host_samples_us=[217.458, 150.292, 144.416, 146.75, 144.209, 160.833, 148.458, 140.833, 160.667, 146.958, 147.917, 147.209, 127.666, 158.417, 151.291, 145.0, 157.75]
n=1000003 kind=tree wg=128 items=8 cap=1024 passes=2 gpu_median_us=24.708 gpu_p90_us=100.250 host_median_us=153.584 host_p90_us=189.125 max_abs_error=0.00781250
gpu_samples_us=[105.292, 24.542, 24.334, 24.542, 24.291, 24.375, 100.25, 24.666, 24.708, 24.25, 27.5, 24.583, 29.75, 28.25, 28.292, 28.375, 27.958]
host_samples_us=[459.833, 150.5, 153.584, 147.5, 151.708, 171.083, 154.541, 148.959, 165.792, 152.708, 150.917, 139.25, 131.916, 164.458, 156.167, 189.125, 163.209]
n=1000003 kind=tree wg=128 items=8 cap=4096 passes=2 gpu_median_us=24.583 gpu_p90_us=100.625 host_median_us=153.375 host_p90_us=240.583 max_abs_error=0.00781250
gpu_samples_us=[105.041, 24.167, 24.25, 27.667, 25.0, 24.417, 100.625, 24.583, 24.291, 24.334, 24.291, 24.208, 25.042, 24.25, 28.25, 28.625, 28.625]
host_samples_us=[240.583, 166.792, 267.542, 147.542, 149.709, 158.959, 148.958, 142.709, 152.041, 149.5, 153.375, 146.041, 135.583, 163.791, 153.708, 154.792, 162.625]
n=1000003 kind=tree wg=128 items=8 cap=65535 passes=2 gpu_median_us=24.708 gpu_p90_us=28.875 host_median_us=153.083 host_p90_us=167.250 max_abs_error=0.00781250
gpu_samples_us=[28.625, 24.417, 27.5, 27.708, 24.708, 24.25, 24.417, 24.417, 24.583, 24.5, 24.792, 24.417, 27.791, 28.667, 28.875, 28.917, 24.333]
host_samples_us=[229.459, 167.25, 153.917, 147.958, 150.625, 152.292, 148.292, 141.584, 163.333, 151.375, 153.083, 142.041, 133.667, 159.792, 154.333, 153.5, 162.916]
n=1000003 kind=add wg=128 items=8 cap=256 passes=2 gpu_median_us=17.125 gpu_p90_us=22.083 host_median_us=143.334 host_p90_us=266.375 max_abs_error=0.00781250
gpu_samples_us=[17.125, 17.0, 22.209, 17.0, 17.125, 17.333, 17.125, 17.25, 17.417, 16.75, 17.208, 17.0, 17.125, 21.958, 17.083, 22.083, 17.0]
host_samples_us=[199.75, 155.0, 142.583, 146.042, 126.25, 143.334, 145.458, 140.5, 162.042, 146.584, 143.084, 129.12500000000003, 128.083, 300.125, 132.167, 140.5, 266.375]
n=1000003 kind=add wg=128 items=8 cap=1024 passes=2 gpu_median_us=22.583 gpu_p90_us=26.500 host_median_us=152.291 host_p90_us=165.542 max_abs_error=0.00781250
gpu_samples_us=[22.583, 22.5, 27.0, 22.333, 22.583, 22.417, 22.209, 22.625, 22.667, 22.833, 26.25, 22.541, 22.209, 26.5, 26.125, 26.042, 21.75]
host_samples_us=[215.042, 149.167, 160.875, 155.209, 146.333, 154.916, 146.791, 146.333, 165.542, 152.083, 152.208, 153.416, 132.375, 152.291, 155.916, 151.458, 165.375]
n=1000003 kind=add wg=128 items=8 cap=4096 passes=2 gpu_median_us=22.833 gpu_p90_us=26.792 host_median_us=151.583 host_p90_us=184.375 max_abs_error=0.00781250
gpu_samples_us=[22.5, 22.625, 26.792, 26.292, 22.833, 22.542, 22.959, 22.75, 22.625, 22.792, 22.75, 22.542, 25.75, 25.833, 26.792, 26.459, 23.042]
host_samples_us=[219.625, 162.458, 151.416, 184.375, 148.958, 150.834, 149.458, 140.583, 158.833, 151.583, 152.209, 138.625, 133.959, 164.959, 153.792, 163.25, 148.791]
n=1000003 kind=add wg=128 items=8 cap=65535 passes=2 gpu_median_us=23.125 gpu_p90_us=26.625 host_median_us=150.584 host_p90_us=169.125 max_abs_error=0.00781250
gpu_samples_us=[22.542, 22.583, 26.625, 25.708, 22.375, 25.75, 23.125, 22.375, 22.791, 29.208, 22.417, 22.708, 25.5, 25.833, 26.5, 26.416, 22.958]
host_samples_us=[226.875, 165.666, 145.666, 169.125, 149.917, 150.584, 152.292, 140.542, 163.084, 146.542, 149.583, 150.5, 132.25, 162.416, 153.792, 167.833, 139.917]
n=1000003 kind=shuffle wg=128 items=8 cap=256 passes=2 gpu_median_us=18.000 gpu_p90_us=22.417 host_median_us=148.209 host_p90_us=168.209 max_abs_error=0.00781250
gpu_samples_us=[21.958, 17.958, 22.416, 22.208, 18.042, 22.208, 17.958, 17.875, 17.833, 22.584, 17.833, 18.0, 17.625, 17.75, 22.25, 22.417, 17.5]
host_samples_us=[192.042, 159.0, 148.209, 157.417, 143.708, 153.667, 141.792, 144.166, 158.5, 139.291, 144.375, 144.834, 129.5, 168.209, 149.291, 151.0, 138.833]
n=1000003 kind=shuffle wg=128 items=8 cap=1024 passes=2 gpu_median_us=24.750 gpu_p90_us=28.625 host_median_us=153.500 host_p90_us=177.375 max_abs_error=0.00781250
gpu_samples_us=[24.625, 24.916, 25.042, 24.5, 24.5, 25.042, 24.625, 24.334, 32.584, 24.666, 27.667, 24.75, 28.625, 24.5, 24.75, 28.583, 24.542]
host_samples_us=[272.583, 165.583, 150.667, 177.375, 152.5, 156.708, 153.5, 141.625, 163.875, 150.209, 154.75, 145.125, 136.583, 166.25, 157.25, 151.125, 141.958]
n=1000003 kind=shuffle wg=128 items=8 cap=4096 passes=2 gpu_median_us=24.875 gpu_p90_us=28.417 host_median_us=152.125 host_p90_us=169.709 max_abs_error=0.00781250
gpu_samples_us=[24.625, 24.167, 28.417, 26.458, 24.875, 27.792, 24.625, 24.417, 25.166, 24.666, 23.834, 25.041, 28.0, 28.625, 24.75, 27.959, 24.541]
host_samples_us=[235.458, 152.334, 152.125, 152.833, 146.583, 152.125, 149.792, 142.208, 156.625, 148.959, 169.709, 145.917, 136.584, 167.833, 155.0, 154.25, 145.5]
n=1000003 kind=shuffle wg=128 items=8 cap=65535 passes=2 gpu_median_us=24.458 gpu_p90_us=28.000 host_median_us=149.875 host_p90_us=171.208 max_abs_error=0.00781250
gpu_samples_us=[27.625, 23.833, 28.0, 24.166, 23.833, 24.583, 24.166, 24.375, 24.042, 24.458, 23.625, 24.666, 27.375, 27.709, 24.458, 28.584, 24.417]
host_samples_us=[240.25, 146.167, 152.667, 151.542, 149.333, 148.792, 154.584, 147.042, 152.75, 149.875, 171.208, 142.583, 134.708, 162.125, 147.125, 150.625, 140.292]
n=1000003 kind=tree wg=128 items=16 cap=256 passes=2 gpu_median_us=23.958 gpu_p90_us=27.584 host_median_us=150.750 host_p90_us=169.042 max_abs_error=0.00781250
gpu_samples_us=[26.625, 23.833, 27.584, 26.834, 23.625, 26.959, 23.792, 23.958, 23.792, 24.042, 34.25, 23.792, 23.958, 27.583, 26.791, 23.833, 23.833]
host_samples_us=[307.917, 166.208, 150.292, 145.708, 147.75, 151.417, 151.041, 144.083, 149.042, 148.084, 161.5, 137.709, 134.791, 169.042, 153.833, 150.75, 151.459]
n=1000003 kind=tree wg=128 items=16 cap=1024 passes=2 gpu_median_us=29.792 gpu_p90_us=32.709 host_median_us=160.625 host_p90_us=206.334 max_abs_error=0.00781250
gpu_samples_us=[32.709, 29.584, 30.25, 33.583, 29.583, 29.834, 29.541, 29.75, 29.416, 29.833, 29.792, 29.666, 29.709, 32.583, 32.208, 29.917, 29.625]
host_samples_us=[263.584, 206.334, 157.75, 160.625, 163.625, 162.292, 158.667, 147.375, 166.375, 156.792, 170.541, 157.875, 139.792, 170.708, 161.917, 157.042, 149.166]
n=1000003 kind=tree wg=128 items=16 cap=4096 passes=2 gpu_median_us=31.209 gpu_p90_us=34.041 host_median_us=160.208 host_p90_us=187.500 max_abs_error=0.00781250
gpu_samples_us=[34.041, 29.458, 29.584, 34.333, 32.459, 29.583, 29.875, 29.708, 29.625, 29.834, 32.667, 29.417, 33.333, 32.25, 32.292, 33.0, 31.209]
host_samples_us=[259.91700000000003, 187.5, 156.416, 172.375, 155.583, 160.208, 151.625, 147.958, 168.458, 154.667, 167.833, 171.167, 139.667, 171.958, 161.084, 159.416, 154.0]
n=1000003 kind=tree wg=128 items=16 cap=65535 passes=2 gpu_median_us=29.750 gpu_p90_us=33.458 host_median_us=159.000 host_p90_us=176.416 max_abs_error=0.00781250
gpu_samples_us=[29.541, 29.375, 29.666, 32.583, 29.75, 29.917, 29.959, 30.0, 29.792, 29.667, 29.666, 29.625, 29.667, 33.458, 32.833, 33.458, 29.75]
host_samples_us=[275.083, 159.0, 156.583, 174.208, 148.084, 176.416, 164.791, 153.875, 166.667, 156.417, 167.625, 165.083, 138.208, 170.75, 158.458, 157.625, 153.875]
n=1000003 kind=add wg=128 items=16 cap=256 passes=2 gpu_median_us=22.875 gpu_p90_us=26.458 host_median_us=153.125 host_p90_us=208.959 max_abs_error=0.00781250
gpu_samples_us=[25.75, 22.625, 26.333, 22.875, 22.75, 22.75, 22.417, 22.334, 22.584, 22.75, 26.292, 22.5, 26.666, 25.708, 25.666, 26.458, 25.583]
host_samples_us=[268.25, 146.75, 148.583, 164.041, 153.125, 208.959, 196.333, 147.459, 159.083, 144.334, 160.542, 149.75, 132.291, 155.166, 152.75, 162.583, 144.209]
n=1000003 kind=add wg=128 items=16 cap=1024 passes=2 gpu_median_us=28.000 gpu_p90_us=31.625 host_median_us=158.333 host_p90_us=206.791 max_abs_error=0.00781250
gpu_samples_us=[28.0, 27.709, 31.708, 31.625, 27.667, 28.167, 27.375, 28.041, 27.959, 27.75, 30.791, 27.625, 30.75, 31.583, 30.458, 27.833, 27.667]
host_samples_us=[397.834, 159.791, 151.792, 152.375, 153.708, 170.5, 158.333, 150.5, 151.25, 157.833, 159.375, 164.417, 135.459, 163.917, 158.958, 151.208, 206.791]
n=1000003 kind=add wg=128 items=16 cap=4096 passes=2 gpu_median_us=28.791 gpu_p90_us=33.250 host_median_us=162.958 host_p90_us=175.041 max_abs_error=0.00781250
gpu_samples_us=[39.834, 27.917, 31.5, 31.583, 28.791, 30.542, 28.334, 27.667, 28.125, 27.667, 31.292, 27.709, 31.667, 33.25, 30.709, 27.875, 27.708]
host_samples_us=[384.625, 163.875, 151.375, 162.958, 160.833, 156.292, 171.667, 146.708, 171.625, 154.083, 169.0, 153.625, 137.167, 173.542, 155.375, 164.333, 175.041]
n=1000003 kind=add wg=128 items=16 cap=65535 passes=2 gpu_median_us=28.000 gpu_p90_us=32.375 host_median_us=159.000 host_p90_us=179.375 max_abs_error=0.00781250
gpu_samples_us=[28.75, 27.708, 31.666, 115.583, 27.75, 27.75, 28.041, 27.667, 27.625, 28.0, 31.25, 27.917, 31.792, 32.375, 27.833, 27.417, 31.667]
host_samples_us=[266.584, 179.375, 156.125, 154.334, 152.292, 159.5, 173.208, 147.0, 170.458, 152.125, 160.375, 159.0, 137.25, 166.167, 152.792, 150.167, 164.542]
n=1000003 kind=shuffle wg=128 items=16 cap=256 passes=2 gpu_median_us=23.708 gpu_p90_us=27.208 host_median_us=154.709 host_p90_us=167.042 max_abs_error=0.00781250
gpu_samples_us=[26.708, 23.333, 23.375, 101.25, 26.458, 23.375, 23.417, 23.625, 23.459, 23.958, 23.541, 23.25, 27.083, 26.291, 27.208, 23.708, 27.125]
host_samples_us=[244.0, 167.042, 150.208, 147.083, 162.875, 148.417, 157.75, 154.709, 152.041, 148.792, 162.125, 164.667, 131.334, 165.417, 148.75, 150.834, 162.041]
n=1000003 kind=shuffle wg=128 items=16 cap=1024 passes=2 gpu_median_us=31.584 gpu_p90_us=35.542 host_median_us=157.959 host_p90_us=175.250 max_abs_error=0.00781250
gpu_samples_us=[29.0, 28.791, 35.542, 125.917, 32.083, 28.917, 28.709, 29.0, 31.584, 29.041, 32.083, 29.125, 28.916, 32.667, 32.709, 32.584, 32.667]
host_samples_us=[269.041, 170.542, 156.792, 167.792, 153.083, 157.375, 175.25, 164.083, 163.416, 151.542, 166.791, 156.125, 137.5, 166.291, 157.459, 153.5, 157.959]
n=1000003 kind=shuffle wg=128 items=16 cap=4096 passes=2 gpu_median_us=29.208 gpu_p90_us=32.875 host_median_us=158.000 host_p90_us=177.625 max_abs_error=0.00781250
gpu_samples_us=[28.75, 28.667, 28.875, 126.833, 32.208, 29.0, 29.125, 29.125, 29.291, 29.084, 28.667, 29.208, 32.875, 32.792, 31.834, 32.25, 32.625]
host_samples_us=[258.33399999999995, 169.167, 157.542, 152.667, 161.125, 153.959, 165.542, 149.334, 149.25, 150.833, 142.041, 165.208, 137.125, 171.584, 158.0, 169.417, 177.625]
n=1000003 kind=shuffle wg=128 items=16 cap=65535 passes=2 gpu_median_us=29.000 gpu_p90_us=32.917 host_median_us=156.334 host_p90_us=168.292 max_abs_error=0.00781250
gpu_samples_us=[28.792, 28.584, 32.083, 127.083, 32.166, 28.958, 32.541, 28.542, 29.0, 28.583, 31.75, 28.75, 32.917, 32.5, 28.5, 28.75, 29.208]
host_samples_us=[255.291, 167.583, 159.625, 153.042, 155.25, 156.334, 160.042, 153.292, 154.166, 153.292, 151.0, 161.375, 136.75, 168.292, 155.0, 159.708, 168.208]
n=1000003 kind=tree wg=256 items=1 cap=256 passes=2 gpu_median_us=13.917 gpu_p90_us=14.750 host_median_us=139.666 host_p90_us=161.291 max_abs_error=0.00781250
gpu_samples_us=[13.75, 14.0, 13.875, 53.875, 13.917, 13.667, 13.917, 13.917, 13.75, 13.875, 13.917, 13.833, 14.625, 14.75, 14.584, 13.708, 13.875]
host_samples_us=[184.875, 149.666, 133.083, 136.834, 139.666, 161.291, 140.791, 129.417, 139.917, 128.25, 132.916, 144.208, 118.083, 146.416, 136.75, 137.25, 140.417]
n=1000003 kind=tree wg=256 items=1 cap=1024 passes=3 gpu_median_us=24.041 gpu_p90_us=28.417 host_median_us=156.125 host_p90_us=223.917 max_abs_error=0.00781250
gpu_samples_us=[23.5, 23.541, 27.584, 86.291, 26.708, 23.416, 23.416, 23.75, 23.75, 24.041, 27.417, 24.375, 28.25, 28.083, 28.417, 23.667, 23.334]
host_samples_us=[223.917, 162.416, 148.666, 158.0, 151.917, 232.959, 148.917, 147.667, 171.834, 150.125, 156.125, 157.167, 132.959, 164.25, 151.167, 151.875, 164.583]
n=1000003 kind=tree wg=256 items=1 cap=4096 passes=3 gpu_median_us=62.125 gpu_p90_us=66.250 host_median_us=194.250 host_p90_us=338.333 max_abs_error=0.00781250
gpu_samples_us=[61.458, 64.417, 65.083, 225.75, 63.292, 61.584, 61.459, 61.0, 64.708, 62.125, 61.166, 65.416, 66.083, 61.334, 66.25, 61.042, 61.583]
host_samples_us=[356.75, 205.708, 185.125, 194.25, 190.167, 338.333, 197.917, 194.334, 208.625, 192.333, 190.083, 199.666, 171.292, 204.875, 188.791, 184.791, 191.792]
n=1000003 kind=tree wg=256 items=1 cap=65535 passes=3 gpu_median_us=62.000 gpu_p90_us=66.000 host_median_us=193.333 host_p90_us=361.000 max_abs_error=0.00781250
gpu_samples_us=[62.292, 61.834, 65.292, 225.584, 65.584, 61.459, 61.625, 61.792, 62.5, 61.375, 62.0, 61.208, 61.25, 61.458, 66.0, 65.25, 64.583]
host_samples_us=[361.0, 205.625, 192.417, 188.584, 197.792, 370.167, 264.084, 200.625, 197.084, 190.458, 189.208, 193.333, 171.5, 197.875, 190.5, 189.958, 189.875]
n=1000003 kind=add wg=256 items=1 cap=256 passes=2 gpu_median_us=12.500 gpu_p90_us=13.333 host_median_us=137.167 host_p90_us=158.292 max_abs_error=0.00781250
gpu_samples_us=[12.292, 12.458, 13.333, 46.75, 12.625, 12.833, 12.5, 12.417, 12.542, 12.458, 12.25, 12.417, 12.459, 12.875, 13.25, 12.5, 12.5]
host_samples_us=[187.291, 148.167, 135.792, 136.292, 135.792, 142.375, 158.292, 125.75, 138.0, 133.125, 151.458, 142.375, 120.625, 146.542, 132.709, 133.375, 137.167]
n=1000003 kind=add wg=256 items=1 cap=1024 passes=3 gpu_median_us=21.958 gpu_p90_us=26.875 host_median_us=150.500 host_p90_us=219.708 max_abs_error=0.00781250
gpu_samples_us=[21.959, 21.459, 26.375, 79.125, 25.458, 21.667, 22.042, 21.5, 21.542, 21.958, 21.75, 21.542, 26.791, 25.917, 26.875, 21.625, 21.875]
host_samples_us=[219.708, 284.583, 149.625, 148.0, 149.75, 148.375, 142.959, 151.583, 163.916, 149.041, 153.208, 165.5, 135.166, 163.125, 149.083, 152.834, 150.5]
n=1000003 kind=add wg=256 items=1 cap=4096 passes=3 gpu_median_us=56.000 gpu_p90_us=60.209 host_median_us=187.916 host_p90_us=269.291 max_abs_error=0.00781250
gpu_samples_us=[55.709, 55.833, 60.209, 190.25, 56.0, 55.667, 55.875, 55.958, 59.917, 59.333, 55.416, 55.833, 60.125, 56.0, 60.208, 55.667, 59.25]
host_samples_us=[327.875, 252.709, 184.375, 183.25, 187.916, 182.25, 186.125, 269.291, 198.167, 174.916, 187.291, 197.334, 166.875, 195.042, 178.083, 188.375, 192.334]
n=1000003 kind=add wg=256 items=1 cap=65535 passes=3 gpu_median_us=55.916 gpu_p90_us=60.459 host_median_us=186.042 host_p90_us=245.125 max_abs_error=0.00781250
gpu_samples_us=[55.75, 55.75, 60.459, 192.25, 59.292, 55.75, 55.834, 55.583, 58.875, 59.333, 55.916, 55.708, 60.291, 59.291, 55.5, 60.208, 55.791]
host_samples_us=[319.209, 245.125, 179.0, 186.041, 193.334, 182.083, 188.208, 209.25, 196.5, 188.542, 178.916, 184.459, 173.375, 184.208, 184.667, 186.042, 189.334]
n=1000003 kind=shuffle wg=256 items=1 cap=256 passes=2 gpu_median_us=13.583 gpu_p90_us=14.583 host_median_us=140.416 host_p90_us=174.458 max_abs_error=0.00781250
gpu_samples_us=[13.5, 13.5, 14.167, 54.958, 13.542, 13.541, 13.5, 13.667, 13.292, 13.791, 13.458, 13.459, 14.208, 14.583, 14.291, 13.583, 14.125]
host_samples_us=[553.958, 174.458, 131.875, 131.292, 137.042, 136.166, 142.209, 145.708, 141.041, 159.917, 143.083, 150.917, 130.79199999999997, 133.917, 140.416, 133.833, 136.75]
n=1000003 kind=shuffle wg=256 items=1 cap=1024 passes=3 gpu_median_us=23.459 gpu_p90_us=30.041 host_median_us=152.583 host_p90_us=199.042 max_abs_error=0.00781250
gpu_samples_us=[23.125, 23.167, 23.042, 87.083, 26.667, 23.333, 23.208, 23.375, 30.041, 28.0, 23.417, 24.125, 23.459, 27.375, 27.75, 23.667, 23.375]
host_samples_us=[252.58300000000003, 199.042, 147.542, 152.417, 149.209, 152.583, 162.25, 159.667, 170.25, 150.958, 163.125, 164.375, 138.708, 143.458, 152.458, 150.541, 152.875]
n=1000003 kind=shuffle wg=256 items=1 cap=4096 passes=3 gpu_median_us=59.791 gpu_p90_us=65.583 host_median_us=192.541 host_p90_us=300.917 max_abs_error=0.00781250
gpu_samples_us=[59.291, 59.791, 60.125, 215.083, 59.5, 58.958, 59.625, 59.458, 65.583, 59.958, 59.5, 59.5, 63.25, 59.291, 63.041, 63.875, 60.0]
host_samples_us=[357.292, 300.917, 183.708, 193.5, 191.291, 184.084, 187.292, 207.917, 203.708, 181.584, 202.875, 192.541, 179.833, 201.208, 194.542, 188.5, 186.5]
n=1000003 kind=shuffle wg=256 items=1 cap=65535 passes=3 gpu_median_us=60.250 gpu_p90_us=71.625 host_median_us=193.458 host_p90_us=325.875 max_abs_error=0.00781250
gpu_samples_us=[59.25, 59.334, 63.125, 214.125, 63.417, 59.334, 59.25, 59.458, 63.375, 71.625, 63.833, 63.25, 60.25, 59.5, 59.083, 64.25, 59.291]
host_samples_us=[364.041, 314.125, 325.875, 193.083, 192.208, 192.334, 196.916, 202.75, 193.458, 196.208, 200.5, 180.0, 185.25, 191.875, 190.0, 190.25, 194.959]
n=1000003 kind=tree wg=256 items=4 cap=256 passes=2 gpu_median_us=21.500 gpu_p90_us=21.917 host_median_us=147.416 host_p90_us=214.709 max_abs_error=0.00781250
gpu_samples_us=[16.791, 16.5, 21.584, 71.666, 16.709, 16.875, 16.834, 16.625, 21.583, 17.959, 16.625, 21.666, 21.5, 21.917, 21.75, 21.833, 21.541]
host_samples_us=[214.709, 209.25, 139.25, 150.375, 131.791, 139.833, 139.625, 156.917, 260.25, 153.25, 155.625, 141.459, 120.042, 147.416, 146.75, 136.291, 149.583]
n=1000003 kind=tree wg=256 items=4 cap=1024 passes=2 gpu_median_us=24.375 gpu_p90_us=27.792 host_median_us=153.500 host_p90_us=242.583 max_abs_error=0.00781250
gpu_samples_us=[24.25, 23.916, 24.375, 107.209, 24.375, 24.0, 24.209, 24.542, 26.75, 27.417, 27.041, 27.333, 24.125, 27.792, 23.875, 23.75, 23.917]
host_samples_us=[247.95900000000003, 242.583, 149.875, 150.125, 145.5, 147.958, 155.5, 159.792, 157.542, 152.125, 163.167, 159.334, 131.125, 153.5, 152.791, 152.833, 155.791]
n=1000003 kind=tree wg=256 items=4 cap=4096 passes=2 gpu_median_us=24.375 gpu_p90_us=27.917 host_median_us=153.750 host_p90_us=234.375 max_abs_error=0.00781250
gpu_samples_us=[24.375, 23.917, 26.791, 106.792, 23.958, 24.042, 23.958, 24.167, 27.125, 27.458, 27.542, 24.25, 23.708, 27.791, 27.667, 27.917, 24.209]
host_samples_us=[234.375, 235.25, 162.25, 152.25, 155.166, 147.333, 158.833, 170.584, 145.666, 155.458, 162.125, 149.958, 131.792, 150.792, 150.166, 153.75, 147.459]
n=1000003 kind=tree wg=256 items=4 cap=65535 passes=2 gpu_median_us=26.958 gpu_p90_us=28.583 host_median_us=152.541 host_p90_us=230.125 max_abs_error=0.00781250
gpu_samples_us=[24.5, 27.541, 27.0, 26.958, 31.75, 23.958, 24.208, 24.417, 28.583, 27.167, 24.125, 27.041, 23.833, 23.917, 27.833, 27.625, 24.5]
host_samples_us=[256.334, 230.125, 148.333, 156.333, 154.167, 152.041, 149.542, 146.625, 150.542, 147.291, 163.042, 158.792, 129.667, 158.25, 153.167, 152.458, 152.541]
n=1000003 kind=add wg=256 items=4 cap=256 passes=2 gpu_median_us=15.459 gpu_p90_us=21.709 host_median_us=140.000 host_p90_us=193.000 max_abs_error=0.00781250
gpu_samples_us=[15.417, 21.75, 15.5, 15.375, 17.791, 15.375, 15.375, 15.334, 15.125, 21.541, 15.333, 15.459, 16.75, 21.708, 21.667, 15.458, 21.709]
host_samples_us=[197.583, 193.0, 135.75, 136.292, 136.458, 150.292, 133.167, 137.625, 140.041, 134.166, 157.75, 147.166, 113.375, 145.583, 143.417, 140.0, 133.292]
n=1000003 kind=add wg=256 items=4 cap=1024 passes=2 gpu_median_us=23.417 gpu_p90_us=25.959 host_median_us=149.416 host_p90_us=208.125 max_abs_error=0.00781250
gpu_samples_us=[22.625, 25.917, 25.75, 25.833, 21.709, 21.833, 22.083, 22.0, 25.792, 25.083, 21.958, 26.25, 25.125, 23.417, 25.959, 21.667, 21.625]
host_samples_us=[208.125, 217.375, 148.083, 146.417, 147.125, 146.5, 152.917, 152.209, 146.333, 149.5, 149.666, 148.583, 129.70899999999997, 162.709, 157.375, 147.417, 149.416]
n=1000003 kind=add wg=256 items=4 cap=4096 passes=2 gpu_median_us=22.166 gpu_p90_us=25.500 host_median_us=150.083 host_p90_us=217.875 max_abs_error=0.00781250
gpu_samples_us=[22.166, 25.291, 24.917, 22.375, 21.542, 21.541, 21.708, 21.75, 22.333, 24.917, 25.417, 21.833, 25.917, 22.0, 25.5, 21.959, 22.125]
host_samples_us=[217.875, 218.541, 170.416, 144.667, 150.083, 150.959, 144.958, 150.542, 151.166, 144.5, 166.25, 144.125, 133.083, 149.708, 156.208, 149.417, 147.5]
n=1000003 kind=add wg=256 items=4 cap=65535 passes=2 gpu_median_us=22.375 gpu_p90_us=26.208 host_median_us=152.792 host_p90_us=218.416 max_abs_error=0.00781250
gpu_samples_us=[22.333, 25.958, 21.667, 25.667, 22.125, 22.125, 22.125, 22.375, 21.875, 25.125, 25.0, 25.125, 21.833, 25.584, 21.709, 26.208, 27.5]
host_samples_us=[218.416, 225.083, 165.5, 142.0, 154.584, 164.333, 151.667, 152.792, 145.041, 147.875, 153.75, 147.875, 130.458, 166.75, 164.834, 151.125, 148.167]
n=1000003 kind=shuffle wg=256 items=4 cap=256 passes=2 gpu_median_us=16.542 gpu_p90_us=21.875 host_median_us=142.125 host_p90_us=204.667 max_abs_error=0.00781250
gpu_samples_us=[16.542, 16.583, 16.416, 21.916, 16.458, 16.667, 16.25, 16.375, 21.791, 16.542, 16.541, 16.166, 16.333, 21.833, 21.792, 21.875, 16.667]
host_samples_us=[206.417, 204.667, 154.583, 134.042, 145.084, 135.958, 135.833, 133.667, 146.625, 143.416, 158.792, 142.125, 122.83300000000001, 160.084, 137.125, 141.709, 139.0]
n=1000003 kind=shuffle wg=256 items=4 cap=1024 passes=2 gpu_median_us=23.083 gpu_p90_us=27.000 host_median_us=151.958 host_p90_us=231.209 max_abs_error=0.00781250
gpu_samples_us=[22.917, 23.375, 26.167, 22.959, 22.833, 22.958, 22.958, 23.959, 27.0, 27.667, 23.083, 23.083, 23.25, 26.75, 26.458, 22.875, 22.958]
host_samples_us=[231.209, 228.0, 164.875, 138.583, 151.834, 154.209, 293.833, 140.417, 151.875, 146.959, 162.042, 145.083, 129.917, 158.25, 151.958, 147.833, 157.417]
n=1000003 kind=shuffle wg=256 items=4 cap=4096 passes=2 gpu_median_us=25.958 gpu_p90_us=27.291 host_median_us=153.458 host_p90_us=228.625 max_abs_error=0.00781250
gpu_samples_us=[27.291, 26.959, 23.167, 28.958, 22.75, 24.375, 23.166, 27.0, 26.875, 23.458, 23.084, 25.958, 26.958, 26.792, 26.833, 23.875, 23.334]
host_samples_us=[228.875, 228.625, 166.167, 141.75, 150.375, 170.791, 160.5, 140.208, 150.875, 146.958, 162.042, 144.458, 136.667, 156.375, 153.458, 147.375, 164.125]
n=1000003 kind=shuffle wg=256 items=4 cap=65535 passes=2 gpu_median_us=23.375 gpu_p90_us=27.000 host_median_us=149.792 host_p90_us=223.625 max_abs_error=0.00781250
gpu_samples_us=[23.0, 23.25, 53.333, 23.375, 23.125, 23.125, 23.25, 26.208, 22.958, 22.917, 25.959, 22.625, 27.0, 26.75, 26.916, 26.709, 26.709]
host_samples_us=[223.625, 233.209, 166.792, 143.0, 149.792, 157.417, 151.583, 138.375, 147.875, 149.333, 161.417, 146.791, 138.833, 151.208, 149.708, 148.75, 160.458]
n=1000003 kind=tree wg=256 items=8 cap=256 passes=2 gpu_median_us=19.583 gpu_p90_us=23.166 host_median_us=149.625 host_p90_us=209.459 max_abs_error=0.00781250
gpu_samples_us=[19.625, 19.375, 20.917, 19.542, 19.5, 19.458, 19.542, 19.458, 19.583, 22.583, 19.417, 19.292, 23.209, 23.166, 23.166, 22.833, 22.834]
host_samples_us=[209.459, 214.083, 153.208, 149.375, 149.125, 157.417, 148.041, 142.291, 139.833, 147.083, 161.042, 147.291, 133.584, 168.083, 149.75, 149.625, 158.75]
n=1000003 kind=tree wg=256 items=8 cap=1024 passes=2 gpu_median_us=23.500 gpu_p90_us=27.375 host_median_us=151.875 host_p90_us=226.334 max_abs_error=0.00781250
gpu_samples_us=[23.459, 32.958, 23.542, 25.333, 23.209, 23.458, 23.5, 23.167, 27.25, 23.5, 23.667, 23.125, 23.375, 27.125, 23.416, 27.375, 23.5]
host_samples_us=[226.334, 236.125, 152.667, 147.75, 149.459, 204.625, 152.0, 139.958, 151.875, 148.792, 157.458, 148.958, 138.375, 167.708, 146.666, 150.875, 163.917]
n=1000003 kind=tree wg=256 items=8 cap=4096 passes=2 gpu_median_us=23.542 gpu_p90_us=27.042 host_median_us=149.584 host_p90_us=226.750 max_abs_error=0.00781250
gpu_samples_us=[23.334, 24.583, 26.25, 23.417, 38.042, 23.167, 23.334, 23.416, 23.458, 23.292, 27.042, 23.625, 23.041, 23.542, 26.292, 26.792, 26.5]
host_samples_us=[231.375, 226.75, 155.791, 144.834, 153.0, 215.334, 146.667, 139.667, 146.292, 141.875, 165.292, 149.542, 133.375, 164.459, 154.917, 148.583, 149.584]
n=1000003 kind=tree wg=256 items=8 cap=65535 passes=2 gpu_median_us=23.500 gpu_p90_us=26.667 host_median_us=159.125 host_p90_us=248.083 max_abs_error=0.00781250
gpu_samples_us=[23.458, 26.667, 26.5, 23.5, 23.334, 23.166, 23.209, 23.25, 24.208, 23.667, 27.208, 23.084, 23.125, 23.583, 23.375, 23.792, 26.458]
host_samples_us=[230.75, 248.08300000000003, 159.875, 217.916, 146.333, 165.625, 149.417, 142.083, 146.25, 278.833, 161.833, 148.25, 138.75, 165.084, 159.125, 152.5, 152.167]
n=1000003 kind=add wg=256 items=8 cap=256 passes=2 gpu_median_us=18.542 gpu_p90_us=22.334 host_median_us=150.208 host_p90_us=201.792 max_abs_error=0.00781250
gpu_samples_us=[18.292, 22.0, 18.25, 18.291, 18.459, 18.75, 18.333, 21.875, 22.334, 21.875, 18.709, 18.292, 18.25, 22.375, 18.542, 18.208, 22.125]
host_samples_us=[201.792, 339.958, 150.208, 166.25, 150.667, 155.25, 144.583, 146.542, 142.333, 143.833, 156.708, 144.5, 131.00000000000003, 165.333, 149.75, 147.417, 152.917]
n=1000003 kind=add wg=256 items=8 cap=1024 passes=2 gpu_median_us=22.000 gpu_p90_us=25.125 host_median_us=148.541 host_p90_us=216.167 max_abs_error=0.00781250
gpu_samples_us=[21.208, 21.917, 21.458, 24.5, 21.166, 22.0, 21.25, 21.292, 25.084, 25.125, 25.834, 22.041, 21.875, 24.958, 22.167, 21.292, 24.375]
host_samples_us=[216.167, 269.666, 148.5, 158.834, 148.541, 150.583, 145.625, 133.625, 147.542, 141.792, 153.5, 144.417, 131.417, 162.708, 152.292, 147.125, 164.209]
n=1000003 kind=add wg=256 items=8 cap=4096 passes=2 gpu_median_us=21.541 gpu_p90_us=25.292 host_median_us=148.500 host_p90_us=216.750 max_abs_error=0.00781250
gpu_samples_us=[21.167, 25.292, 21.291, 21.5, 21.209, 22.333, 21.125, 21.625, 21.208, 24.709, 21.5, 21.75, 59.833, 21.541, 21.791, 21.583, 21.042]
host_samples_us=[216.75, 279.416, 143.541, 149.333, 147.333, 153.792, 147.667, 142.208, 148.209, 148.792, 148.5, 146.0, 137.25, 145.625, 148.625, 149.709, 160.542]
n=1000003 kind=add wg=256 items=8 cap=65535 passes=2 gpu_median_us=21.833 gpu_p90_us=25.917 host_median_us=149.958 host_p90_us=215.916 max_abs_error=0.00781250
gpu_samples_us=[21.125, 25.917, 25.125, 21.542, 21.416, 21.833, 21.208, 24.208, 27.542, 24.333, 25.042, 21.417, 21.166, 21.292, 21.375, 24.708, 24.583]
host_samples_us=[215.916, 276.208, 149.958, 160.541, 147.583, 158.791, 149.625, 139.666, 150.083, 149.25, 143.375, 147.541, 137.25, 165.375, 153.125, 147.792, 162.125]
n=1000003 kind=shuffle wg=256 items=8 cap=256 passes=2 gpu_median_us=19.500 gpu_p90_us=23.208 host_median_us=145.333 host_p90_us=212.834 max_abs_error=0.00781250
gpu_samples_us=[19.875, 23.0, 23.125, 19.375, 19.292, 19.292, 19.125, 19.292, 19.5, 19.208, 19.875, 19.333, 23.292, 23.208, 22.375, 19.166, 22.5]
host_samples_us=[212.834, 219.458, 142.75, 145.333, 146.292, 151.0, 144.5, 135.125, 147.042, 145.458, 147.292, 140.292, 135.25, 145.25, 142.667, 141.625, 152.25]
n=1000003 kind=shuffle wg=256 items=8 cap=1024 passes=2 gpu_median_us=23.416 gpu_p90_us=26.834 host_median_us=148.583 host_p90_us=231.542 max_abs_error=0.00781250
gpu_samples_us=[23.25, 24.041, 26.583, 26.0, 22.834, 23.458, 23.25, 23.25, 23.209, 23.084, 26.834, 23.208, 23.416, 27.125, 26.375, 22.959, 26.583]
host_samples_us=[231.542, 253.83399999999997, 145.625, 143.542, 148.583, 149.417, 146.167, 140.083, 149.916, 146.375, 147.667, 146.0, 132.375, 162.584, 151.709, 151.083, 158.916]
n=1000003 kind=shuffle wg=256 items=8 cap=4096 passes=2 gpu_median_us=23.375 gpu_p90_us=27.083 host_median_us=148.375 host_p90_us=229.917 max_abs_error=0.00781250
gpu_samples_us=[23.0, 25.791, 23.042, 23.292, 34.542, 23.125, 23.083, 23.375, 26.25, 23.458, 23.208, 23.292, 27.083, 27.083, 26.125, 23.084, 26.583]
host_samples_us=[229.917, 249.834, 147.792, 145.083, 146.291, 151.75, 151.25, 145.5, 147.292, 145.25, 156.25, 147.416, 140.417, 161.625, 148.375, 163.459, 156.541]
n=1000003 kind=shuffle wg=256 items=8 cap=65535 passes=2 gpu_median_us=23.208 gpu_p90_us=26.875 host_median_us=149.416 host_p90_us=227.250 max_abs_error=0.00781250
gpu_samples_us=[23.083, 23.166, 25.917, 23.041, 23.208, 23.125, 22.5, 26.959, 26.208, 23.25, 23.0, 23.5, 26.875, 26.875, 26.542, 22.75, 23.125]
host_samples_us=[227.25, 250.833, 151.667, 144.083, 149.334, 150.542, 146.834, 146.334, 143.25, 143.5, 161.625, 149.25, 134.958, 153.0, 149.416, 164.167, 164.0]
n=1000003 kind=tree wg=256 items=16 cap=256 passes=2 gpu_median_us=31.667 gpu_p90_us=34.834 host_median_us=159.041 host_p90_us=267.709 max_abs_error=0.00781250
gpu_samples_us=[31.125, 34.25, 34.208, 35.917, 31.083, 31.584, 32.0, 31.667, 34.375, 34.666, 34.834, 30.875, 34.667, 31.083, 31.625, 31.333, 31.333]
host_samples_us=[267.709, 287.958, 159.292, 151.0, 155.042, 162.541, 156.625, 175.625, 156.834, 149.667, 159.041, 154.875, 139.708, 171.542, 157.625, 163.625, 162.416]
n=1000003 kind=tree wg=256 items=16 cap=1024 passes=2 gpu_median_us=31.208 gpu_p90_us=35.125 host_median_us=159.375 host_p90_us=269.625 max_abs_error=0.00781250
gpu_samples_us=[31.041, 33.959, 31.25, 31.25, 31.208, 31.167, 30.916, 31.042, 34.833, 30.958, 35.125, 31.208, 36.125, 30.75, 34.125, 31.25, 31.041]
host_samples_us=[269.625, 283.917, 156.792, 148.042, 163.417, 159.375, 162.042, 139.708, 154.0, 152.792, 168.958, 155.5, 140.792, 173.041, 156.625, 173.416, 162.958]
n=1000003 kind=tree wg=256 items=16 cap=4096 passes=2 gpu_median_us=31.208 gpu_p90_us=34.167 host_median_us=159.666 host_p90_us=275.375 max_abs_error=0.00781250
gpu_samples_us=[31.084, 30.958, 30.875, 34.167, 32.583, 31.083, 31.166, 30.875, 31.292, 33.5, 31.25, 31.25, 35.334, 31.208, 33.792, 31.084, 31.083]
host_samples_us=[275.375, 284.458, 157.042, 149.625, 159.666, 166.917, 160.5, 150.5, 156.542, 151.667, 171.917, 156.0, 138.958, 171.125, 154.917, 164.583, 176.917]
n=1000003 kind=tree wg=256 items=16 cap=65535 passes=2 gpu_median_us=31.209 gpu_p90_us=34.959 host_median_us=163.333 host_p90_us=268.916 max_abs_error=0.00781250
gpu_samples_us=[30.958, 34.208, 30.875, 31.209, 34.958, 31.083, 31.417, 31.209, 35.0, 31.125, 34.959, 34.458, 31.042, 31.084, 34.083, 30.667, 30.791]
host_samples_us=[268.916, 261.458, 163.333, 158.458, 304.875, 152.833, 159.125, 153.584, 158.667, 151.708, 170.667, 157.5, 149.166, 171.792, 164.125, 174.541, 177.0]
n=1000003 kind=add wg=256 items=16 cap=256 passes=2 gpu_median_us=32.708 gpu_p90_us=35.166 host_median_us=159.291 host_p90_us=265.583 max_abs_error=0.00781250
gpu_samples_us=[29.959, 33.25, 29.75, 29.875, 33.333, 29.667, 29.5, 32.916, 35.791, 35.166, 33.375, 32.708, 33.417, 33.75, 29.917, 29.25, 29.542]
host_samples_us=[265.583, 280.958, 152.292, 156.125, 164.084, 156.875, 159.291, 150.625, 206.25, 150.083, 168.583, 156.833, 142.417, 166.583, 156.334, 170.541, 166.584]
n=1000003 kind=add wg=256 items=16 cap=1024 passes=2 gpu_median_us=29.584 gpu_p90_us=36.000 host_median_us=164.583 host_p90_us=270.250 max_abs_error=0.00781250
gpu_samples_us=[29.584, 29.5, 29.375, 29.666, 29.5, 29.417, 29.625, 36.0, 33.292, 29.834, 29.375, 29.459, 36.0, 33.375, 32.667, 29.333, 29.333]
host_samples_us=[332.333, 270.25, 165.833, 164.583, 160.417, 178.0, 155.625, 144.917, 157.5, 154.459, 166.333, 155.75, 141.167, 172.5, 158.084, 165.375, 167.917]
n=1000003 kind=add wg=256 items=16 cap=4096 passes=2 gpu_median_us=29.541 gpu_p90_us=33.333 host_median_us=156.875 host_p90_us=274.334 max_abs_error=0.00781250
gpu_samples_us=[29.333, 29.5, 29.166, 32.208, 29.5, 29.417, 29.5, 32.833, 33.333, 33.5, 33.291, 30.0, 32.625, 29.541, 32.541, 29.333, 29.083]
host_samples_us=[474.041, 274.334, 165.208, 170.208, 153.75, 167.666, 151.083, 146.125, 157.209, 156.875, 151.0, 149.833, 137.042, 170.25, 156.25, 150.833, 169.666]
n=1000003 kind=add wg=256 items=16 cap=65535 passes=2 gpu_median_us=29.583 gpu_p90_us=33.333 host_median_us=153.750 host_p90_us=275.041 max_abs_error=0.00781250
gpu_samples_us=[29.458, 29.542, 29.333, 29.5, 32.542, 29.291, 29.375, 33.333, 33.333, 33.667, 29.5, 29.666, 33.083, 29.833, 32.791, 29.5, 29.583]
host_samples_us=[261.291, 275.041, 163.208, 153.666, 161.375, 464.0, 152.167, 142.292, 153.75, 153.125, 148.166, 152.541, 139.75, 170.209, 151.792, 170.167, 170.542]
n=1000003 kind=shuffle wg=256 items=16 cap=256 passes=2 gpu_median_us=31.084 gpu_p90_us=34.625 host_median_us=159.000 host_p90_us=269.334 max_abs_error=0.00781250
gpu_samples_us=[31.084, 34.0, 30.917, 30.917, 31.041, 30.583, 33.708, 34.625, 30.625, 31.166, 34.0, 30.791, 34.875, 31.333, 33.792, 30.75, 30.75]
host_samples_us=[269.334, 275.125, 170.042, 170.125, 156.166, 260.37500000000006, 162.209, 158.458, 152.791, 158.75, 148.208, 152.916, 137.209, 172.209, 151.917, 174.959, 159.0]
n=1000003 kind=shuffle wg=256 items=16 cap=1024 passes=2 gpu_median_us=30.875 gpu_p90_us=34.458 host_median_us=165.459 host_p90_us=300.875 max_abs_error=0.00781250
gpu_samples_us=[30.709, 30.792, 31.083, 31.0, 30.75, 30.625, 30.667, 33.916, 30.875, 34.458, 34.666, 30.75, 30.875, 33.792, 33.916, 30.625, 34.291]
host_samples_us=[263.167, 273.792, 177.708, 165.459, 156.833, 300.875, 180.542, 149.875, 153.458, 150.958, 303.0, 156.875, 138.291, 169.25, 156.875, 183.125, 150.708]
n=1000003 kind=shuffle wg=256 items=16 cap=4096 passes=2 gpu_median_us=31.042 gpu_p90_us=34.583 host_median_us=162.541 host_p90_us=263.250 max_abs_error=0.00781250
gpu_samples_us=[30.833, 32.208, 30.833, 30.875, 30.833, 31.208, 30.541, 34.583, 30.625, 34.583, 34.375, 31.042, 34.209, 31.167, 30.875, 30.75, 34.542]
host_samples_us=[263.25, 277.834, 170.417, 160.333, 159.875, 257.79200000000003, 141.041, 149.125, 185.291, 157.333, 173.375, 154.041, 144.542, 172.25, 158.25, 173.125, 162.541]
n=1000003 kind=shuffle wg=256 items=16 cap=65535 passes=2 gpu_median_us=31.417 gpu_p90_us=34.875 host_median_us=159.833 host_p90_us=262.541 max_abs_error=0.00781250
gpu_samples_us=[51.791, 31.208, 34.875, 34.084, 30.667, 30.917, 30.917, 34.416, 33.916, 31.042, 34.834, 30.792, 34.791, 31.417, 31.584, 31.167, 31.291]
host_samples_us=[259.375, 273.083, 158.292, 162.667, 159.0, 262.541, 158.375, 212.375, 159.833, 161.709, 158.625, 153.375, 137.125, 171.5, 160.333, 159.5, 159.583]
n=4000003 kind=tree wg=64 items=1 cap=256 passes=3 gpu_median_us=65.875 gpu_p90_us=70.375 host_median_us=204.125 host_p90_us=268.500 max_abs_error=0.04199219
gpu_samples_us=[70.375, 65.5, 70.375, 65.5, 66.25, 65.875, 70.292, 65.75, 65.416, 69.166, 65.583, 65.458, 69.291, 65.333, 65.916, 65.792, 70.583]
host_samples_us=[197.916, 209.75, 187.75, 199.417, 197.5, 212.875, 201.083, 197.167, 387.541, 204.125, 268.5, 216.292, 193.625, 198.583, 205.708, 213.583, 211.5]
n=4000003 kind=tree wg=64 items=1 cap=1024 passes=3 gpu_median_us=28.125 gpu_p90_us=32.875 host_median_us=162.250 host_p90_us=176.166 max_abs_error=0.04199219
gpu_samples_us=[31.209, 27.667, 31.666, 27.709, 27.833, 32.875, 28.542, 28.0, 27.667, 27.75, 28.125, 32.917, 31.791, 31.5, 27.75, 29.0, 27.542]
host_samples_us=[176.166, 160.042, 162.25, 157.792, 161.5, 170.167, 156.791, 161.25, 246.708, 152.5, 172.75, 170.291, 170.542, 155.959, 162.042, 174.292, 170.667]
n=4000003 kind=tree wg=64 items=1 cap=4096 passes=3 gpu_median_us=34.000 gpu_p90_us=34.625 host_median_us=168.500 host_p90_us=202.917 max_abs_error=0.04199219
gpu_samples_us=[29.583, 29.125, 34.458, 29.292, 33.5, 33.0, 34.583, 29.5, 34.792, 29.333, 30.083, 34.0, 34.583, 34.125, 34.375, 34.042, 34.625]
host_samples_us=[172.958, 179.667, 163.916, 159.666, 163.208, 174.875, 162.708, 163.834, 260.584, 172.583, 202.917, 171.167, 158.917, 156.417, 173.167, 158.417, 168.5]
n=4000003 kind=tree wg=64 items=1 cap=65535 passes=4 gpu_median_us=212.042 gpu_p90_us=212.916 host_median_us=348.417 host_p90_us=355.625 max_abs_error=0.02050781
gpu_samples_us=[212.25, 207.708, 212.291, 207.208, 212.042, 212.417, 212.25, 212.417, 208.625, 296.75, 210.583, 212.916, 207.75, 212.375, 212.0, 211.959, 208.25]
host_samples_us=[354.0, 350.917, 337.75, 336.75, 350.542, 346.084, 337.75, 337.125, 832.459, 352.042, 342.167, 355.625, 348.417, 332.166, 344.166, 352.416, 354.125]
n=4000003 kind=add wg=64 items=1 cap=256 passes=3 gpu_median_us=64.500 gpu_p90_us=68.417 host_median_us=205.250 host_p90_us=214.000 max_abs_error=0.02050781
gpu_samples_us=[67.625, 64.792, 68.208, 63.959, 64.541, 64.291, 68.125, 64.042, 64.5, 73.459, 64.208, 63.958, 64.167, 64.333, 68.417, 67.833, 64.0]
host_samples_us=[209.667, 205.334, 195.292, 191.5, 194.208, 211.792, 192.125, 193.958, 377.75, 205.25, 199.834, 214.0, 207.542, 187.875, 208.666, 210.833, 202.208]
n=4000003 kind=add wg=64 items=1 cap=1024 passes=3 gpu_median_us=27.292 gpu_p90_us=31.167 host_median_us=164.542 host_p90_us=227.041 max_abs_error=0.02050781
gpu_samples_us=[30.5, 25.75, 31.167, 26.083, 26.375, 25.625, 30.5, 25.75, 25.708, 26.708, 25.917, 30.25, 27.292, 30.875, 27.333, 31.792, 30.416]
host_samples_us=[158.916, 168.458, 161.25, 290.375, 148.0, 164.542, 153.5, 153.75, 227.041, 168.041, 155.375, 172.417, 156.125, 216.375, 152.667, 169.5, 168.042]
n=4000003 kind=add wg=64 items=1 cap=4096 passes=3 gpu_median_us=29.708 gpu_p90_us=30.792 host_median_us=157.167 host_p90_us=166.667 max_abs_error=0.02050781
gpu_samples_us=[29.459, 25.375, 30.292, 25.833, 30.792, 30.584, 29.708, 25.458, 38.625, 28.958, 30.75, 30.458, 25.833, 30.125, 25.666, 28.958, 30.5]
host_samples_us=[156.041, 157.292, 151.709, 156.375, 158.334, 166.667, 156.75, 153.708, 223.583, 162.417, 154.833, 164.834, 152.0, 150.0, 157.167, 166.583, 165.75]
n=4000003 kind=add wg=64 items=1 cap=65535 passes=4 gpu_median_us=205.292 gpu_p90_us=207.583 host_median_us=333.459 host_p90_us=348.084 max_abs_error=0.04199219
gpu_samples_us=[207.167, 202.584, 202.458, 204.584, 203.042, 206.083, 206.833, 202.125, 208.125, 205.292, 207.125, 207.0, 207.583, 202.833, 202.375, 202.834, 206.458]
host_samples_us=[334.916, 330.792, 333.459, 340.792, 331.917, 330.708, 329.917, 333.25, 954.25, 348.084, 341.25, 346.625, 336.25, 326.083, 332.125, 322.959, 336.625]
n=4000003 kind=shuffle wg=64 items=1 cap=256 passes=3 gpu_median_us=68.250 gpu_p90_us=69.541 host_median_us=194.125 host_p90_us=223.959 max_abs_error=0.04199219
gpu_samples_us=[69.292, 64.916, 69.375, 64.458, 68.25, 68.25, 69.0, 64.417, 249.666, 64.625, 67.917, 68.917, 68.125, 68.875, 64.75, 68.459, 69.541]
host_samples_us=[204.791, 194.125, 193.584, 192.417, 189.958, 190.792, 187.708, 187.083, 476.875, 205.417, 223.959, 203.541, 198.125, 186.959, 193.666, 214.084, 206.916]
n=4000003 kind=shuffle wg=64 items=1 cap=1024 passes=3 gpu_median_us=27.250 gpu_p90_us=33.375 host_median_us=161.542 host_p90_us=211.333 max_abs_error=0.04199219
gpu_samples_us=[31.208, 26.917, 26.75, 26.958, 26.542, 32.25, 31.458, 27.125, 101.041, 27.25, 27.083, 27.167, 33.375, 31.666, 27.167, 28.458, 30.125]
host_samples_us=[168.375, 154.541, 161.542, 155.958, 152.875, 154.208, 160.667, 151.75, 392.834, 162.417, 208.25, 169.709, 211.333, 150.458, 155.166, 171.25, 168.875]
n=4000003 kind=shuffle wg=64 items=1 cap=4096 passes=3 gpu_median_us=31.625 gpu_p90_us=32.916 host_median_us=169.250 host_p90_us=184.583 max_abs_error=0.04199219
gpu_samples_us=[32.709, 28.75, 32.25, 28.208, 31.625, 27.958, 32.75, 27.75, 112.459, 31.333, 31.416, 32.375, 32.667, 32.208, 27.959, 27.959, 32.916]
host_samples_us=[170.542, 156.833, 156.334, 157.167, 150.334, 155.625, 159.166, 152.583, 259.375, 174.208, 172.5, 169.5, 184.583, 169.375, 169.25, 176.166, 165.542]
n=4000003 kind=shuffle wg=64 items=1 cap=65535 passes=4 gpu_median_us=210.125 gpu_p90_us=265.333 host_median_us=349.541 host_p90_us=394.000 max_abs_error=0.02050781
gpu_samples_us=[211.375, 211.792, 210.125, 207.0, 265.333, 212.708, 210.375, 206.5, 688.208, 206.958, 206.875, 210.125, 206.875, 212.125, 206.666, 207.667, 210.541]
host_samples_us=[349.541, 394.0, 339.958, 337.375, 354.041, 360.084, 336.041, 328.5, 829.542, 351.5, 345.042, 339.292, 343.0, 342.208, 353.875, 353.708, 351.834]
n=4000003 kind=tree wg=64 items=4 cap=256 passes=2 gpu_median_us=71.667 gpu_p90_us=75.000 host_median_us=209.083 host_p90_us=247.333 max_abs_error=0.02050781
gpu_samples_us=[74.959, 70.625, 71.791, 70.917, 71.667, 75.0, 71.375, 70.666, 276.834, 70.833, 71.375, 71.25, 71.417, 74.459, 74.791, 74.0, 74.834]
host_samples_us=[216.75, 198.959, 214.125, 199.333, 220.375, 247.33300000000003, 197.334, 199.791, 418.958, 212.25, 201.166, 210.584, 196.0, 209.083, 202.375, 205.458, 216.625]
n=4000003 kind=tree wg=64 items=4 cap=1024 passes=3 gpu_median_us=43.875 gpu_p90_us=45.333 host_median_us=171.917 host_p90_us=193.125 max_abs_error=0.02050781
gpu_samples_us=[44.792, 41.209, 41.084, 40.458, 40.292, 45.333, 44.875, 40.25, 174.042, 40.791, 43.875, 40.042, 43.792, 45.125, 45.0, 45.125, 43.917]
host_samples_us=[183.917, 163.459, 181.25, 167.25, 184.5, 171.917, 169.042, 164.167, 305.042, 179.084, 169.375, 184.5, 170.125, 167.875, 170.708, 193.125, 177.333]
n=4000003 kind=tree wg=64 items=4 cap=4096 passes=3 gpu_median_us=41.584 gpu_p90_us=47.708 host_median_us=175.125 host_p90_us=234.000 max_abs_error=0.04199219
gpu_samples_us=[45.625, 41.417, 41.584, 41.292, 41.583, 45.375, 41.041, 41.167, 176.541, 41.042, 44.459, 47.708, 45.875, 41.125, 40.792, 45.334, 45.541]
host_samples_us=[170.708, 164.417, 184.625, 167.583, 187.209, 166.75, 164.0, 234.0, 309.625, 165.25, 171.583, 182.542, 168.0, 182.75, 175.125, 202.041, 186.875]
n=4000003 kind=tree wg=64 items=4 cap=65535 passes=3 gpu_median_us=67.959 gpu_p90_us=72.375 host_median_us=201.959 host_p90_us=227.792 max_abs_error=0.04199219
gpu_samples_us=[67.834, 67.959, 71.583, 67.667, 67.875, 67.541, 71.958, 67.5, 300.916, 67.084, 70.584, 72.375, 72.208, 72.0, 67.334, 72.042, 66.833]
host_samples_us=[206.167, 187.583, 201.959, 195.542, 198.958, 214.083, 227.792, 200.959, 443.083, 202.917, 192.875, 192.5, 196.208, 206.75, 197.083, 220.458, 208.375]
n=4000003 kind=add wg=64 items=4 cap=256 passes=2 gpu_median_us=70.042 gpu_p90_us=74.917 host_median_us=197.500 host_p90_us=218.708 max_abs_error=0.02050781
gpu_samples_us=[69.708, 68.667, 72.084, 69.417, 71.542, 68.917, 72.833, 68.833, 265.416, 68.958, 72.333, 70.042, 73.209, 70.875, 69.167, 68.875, 74.917]
host_samples_us=[197.0, 189.25, 205.666, 196.584, 209.208, 218.708, 198.041, 195.25, 409.375, 211.416, 197.5, 195.833, 192.958, 207.834, 195.583, 210.042, 195.916]
n=4000003 kind=add wg=64 items=4 cap=1024 passes=3 gpu_median_us=37.750 gpu_p90_us=41.791 host_median_us=173.292 host_p90_us=185.583 max_abs_error=0.04199219
gpu_samples_us=[36.708, 36.916, 41.542, 41.625, 37.042, 41.791, 36.5, 37.0, 164.0, 37.083, 40.542, 40.5, 41.25, 37.5, 37.75, 37.584, 41.542]
host_samples_us=[173.292, 159.542, 180.0, 161.0, 185.583, 185.083, 163.125, 168.584, 301.167, 179.458, 171.5, 173.708, 163.5, 173.375, 159.958, 184.583, 162.291]
n=4000003 kind=add wg=64 items=4 cap=4096 passes=3 gpu_median_us=40.333 gpu_p90_us=42.000 host_median_us=170.084 host_p90_us=186.709 max_abs_error=0.02050781
gpu_samples_us=[36.5, 40.958, 39.875, 37.625, 41.459, 40.709, 37.167, 36.0, 154.083, 42.0, 40.333, 36.958, 36.584, 40.5, 36.208, 40.917, 41.209]
host_samples_us=[186.709, 155.583, 181.916, 166.417, 164.0, 182.792, 164.125, 170.084, 301.875, 176.541, 176.416, 168.959, 157.917, 178.709, 163.833, 178.625, 157.75]
n=4000003 kind=add wg=64 items=4 cap=65535 passes=3 gpu_median_us=60.834 gpu_p90_us=65.167 host_median_us=193.667 host_p90_us=207.541 max_abs_error=0.04199219
gpu_samples_us=[63.709, 64.708, 64.75, 65.167, 60.792, 64.709, 59.792, 60.292, 265.75, 60.459, 60.0, 60.834, 60.083, 63.667, 60.459, 65.166, 59.875]
host_samples_us=[205.875, 186.125, 207.166, 187.292, 187.25, 207.541, 193.667, 199.5, 384.5, 185.167, 194.5, 190.458, 191.542, 201.333, 184.458, 203.667, 180.459]
n=4000003 kind=shuffle wg=64 items=4 cap=256 passes=2 gpu_median_us=70.000 gpu_p90_us=73.167 host_median_us=198.875 host_p90_us=211.500 max_abs_error=0.02050781
gpu_samples_us=[69.583, 72.75, 72.916, 69.875, 70.333, 73.083, 69.459, 69.333, 275.0, 72.541, 69.667, 69.791, 69.583, 70.0, 69.792, 72.958, 73.167]
host_samples_us=[207.375, 190.5, 211.5, 195.333, 202.625, 210.75, 196.708, 206.667, 415.083, 187.208, 198.75, 198.875, 194.208, 204.833, 194.667, 205.0, 188.042]
n=4000003 kind=shuffle wg=64 items=4 cap=1024 passes=3 gpu_median_us=38.792 gpu_p90_us=43.834 host_median_us=173.500 host_p90_us=198.292 max_abs_error=0.04199219
gpu_samples_us=[37.125, 38.417, 42.625, 38.25, 42.834, 42.041, 43.834, 38.0, 168.041, 39.75, 37.875, 39.042, 37.75, 38.5, 38.375, 42.833, 38.792]
host_samples_us=[173.5, 160.041, 181.791, 168.208, 186.625, 183.542, 165.166, 183.917, 308.75, 158.5, 160.333, 170.5, 198.292, 175.959, 164.917, 180.5, 166.792]
n=4000003 kind=shuffle wg=64 items=4 cap=4096 passes=3 gpu_median_us=40.166 gpu_p90_us=47.875 host_median_us=172.916 host_p90_us=201.125 max_abs_error=0.04199219
gpu_samples_us=[39.959, 39.625, 44.541, 40.083, 40.166, 44.417, 43.292, 40.0, 170.0, 43.541, 47.875, 39.833, 39.792, 39.459, 40.25, 44.083, 39.792]
host_samples_us=[172.084, 158.209, 180.625, 165.25, 170.083, 183.875, 166.084, 185.25, 303.042, 201.125, 163.083, 166.792, 186.25, 176.125, 172.916, 183.291, 166.416]
n=4000003 kind=shuffle wg=64 items=4 cap=65535 passes=3 gpu_median_us=69.167 gpu_p90_us=70.625 host_median_us=198.000 host_p90_us=213.875 max_abs_error=0.08300781
gpu_samples_us=[69.167, 69.959, 69.917, 70.375, 70.416, 70.25, 65.75, 66.084, 302.542, 66.0, 66.292, 66.208, 67.458, 70.625, 65.667, 69.75, 68.959]
host_samples_us=[191.458, 185.625, 197.166, 198.042, 198.0, 211.334, 193.75, 206.125, 430.75, 203.333, 179.542, 189.416, 194.5, 206.917, 199.208, 213.875, 188.5]
n=4000003 kind=tree wg=64 items=8 cap=256 passes=2 gpu_median_us=74.875 gpu_p90_us=75.833 host_median_us=206.750 host_p90_us=227.167 max_abs_error=0.04199219
gpu_samples_us=[72.125, 72.0, 74.875, 75.708, 75.167, 75.458, 71.875, 71.917, 273.875, 74.625, 74.875, 71.542, 75.833, 75.416, 71.875, 75.459, 71.833]
host_samples_us=[208.5, 227.167, 206.75, 199.125, 209.166, 210.0, 201.666, 212.375, 408.75, 218.375, 185.208, 194.75, 196.75, 194.792, 211.708, 205.666, 195.458]
n=4000003 kind=tree wg=64 items=8 cap=1024 passes=3 gpu_median_us=48.584 gpu_p90_us=52.834 host_median_us=187.708 host_p90_us=316.917 max_abs_error=0.02050781
gpu_samples_us=[51.959, 52.75, 51.208, 52.834, 52.125, 51.333, 48.208, 48.084, 196.75, 48.333, 51.125, 48.5, 48.333, 48.417, 48.584, 48.042, 47.875]
host_samples_us=[192.541, 208.375, 192.709, 175.125, 183.208, 334.667, 174.583, 188.083, 316.917, 191.458, 164.0, 168.209, 180.75, 190.125, 187.708, 187.375, 165.916]
n=4000003 kind=tree wg=64 items=8 cap=4096 passes=3 gpu_median_us=56.291 gpu_p90_us=97.583 host_median_us=191.708 host_p90_us=218.542 max_abs_error=0.02050781
gpu_samples_us=[56.208, 56.5, 56.583, 56.75, 56.917, 55.125, 52.834, 51.708, 229.416, 97.583, 56.292, 91.208, 55.958, 52.0, 52.459, 56.291, 52.917]
host_samples_us=[182.458, 198.667, 183.917, 178.458, 196.709, 196.625, 183.042, 191.708, 359.875, 185.375, 165.625, 218.542, 184.833, 196.417, 193.25, 193.625, 172.375]
n=4000003 kind=tree wg=64 items=8 cap=65535 passes=3 gpu_median_us=67.542 gpu_p90_us=70.959 host_median_us=199.417 host_p90_us=267.500 max_abs_error=0.02050781
gpu_samples_us=[70.709, 68.083, 70.834, 70.959, 70.75, 69.458, 66.083, 66.625, 302.333, 66.958, 66.667, 66.75, 66.458, 66.666, 66.166, 70.583, 67.542]
host_samples_us=[193.208, 210.75, 205.417, 196.5, 208.666, 197.458, 211.625, 197.209, 436.25, 205.541, 177.75, 267.5, 196.584, 199.417, 206.875, 196.417, 195.125]
n=4000003 kind=add wg=64 items=8 cap=256 passes=2 gpu_median_us=74.292 gpu_p90_us=75.833 host_median_us=206.792 host_p90_us=343.000 max_abs_error=0.04199219
gpu_samples_us=[71.542, 74.875, 72.0, 75.333, 75.833, 71.5, 74.625, 71.083, 275.458, 71.458, 70.916, 74.542, 71.459, 74.292, 71.333, 74.75, 75.542]
host_samples_us=[213.125, 204.875, 218.958, 199.792, 200.167, 201.625, 205.916, 337.583, 419.125, 212.75, 180.917, 220.917, 198.5, 197.542, 206.792, 207.084, 343.0]
n=4000003 kind=add wg=64 items=8 cap=1024 passes=3 gpu_median_us=47.625 gpu_p90_us=52.125 host_median_us=178.833 host_p90_us=200.541 max_abs_error=0.04199219
gpu_samples_us=[50.958, 52.125, 51.542, 51.625, 46.917, 47.375, 46.791, 47.791, 182.583, 47.625, 50.041, 46.917, 46.958, 47.125, 46.75, 47.084, 51.292]
host_samples_us=[191.708, 200.541, 181.083, 176.333, 190.25, 172.5, 200.125, 178.833, 351.958, 176.833, 156.958, 189.917, 167.291, 180.5, 177.334, 176.292, 175.042]
n=4000003 kind=add wg=64 items=8 cap=4096 passes=3 gpu_median_us=49.167 gpu_p90_us=79.000 host_median_us=177.875 host_p90_us=304.875 max_abs_error=0.02050781
gpu_samples_us=[48.959, 52.833, 49.25, 48.916, 48.917, 51.958, 79.0, 48.375, 211.458, 52.167, 48.916, 48.708, 49.167, 52.958, 48.584, 48.375, 49.416]
host_samples_us=[188.791, 191.416, 177.875, 168.333, 168.833, 175.625, 191.291, 173.167, 749.25, 171.417, 161.25, 188.208, 179.125, 177.25, 304.875, 186.875, 172.5]
n=4000003 kind=add wg=64 items=8 cap=65535 passes=3 gpu_median_us=60.709 gpu_p90_us=65.666 host_median_us=202.167 host_p90_us=208.208 max_abs_error=0.04199219
gpu_samples_us=[60.666, 65.666, 60.208, 65.584, 60.583, 60.584, 60.916, 60.709, 266.167, 64.708, 60.833, 60.542, 61.167, 60.625, 60.667, 60.208, 64.541]
host_samples_us=[204.542, 205.833, 203.416, 191.083, 183.958, 190.958, 203.375, 186.375, 422.458, 189.791, 174.875, 202.5, 202.167, 201.209, 208.208, 206.083, 198.5]
n=4000003 kind=shuffle wg=64 items=8 cap=256 passes=2 gpu_median_us=71.542 gpu_p90_us=75.583 host_median_us=208.625 host_p90_us=235.667 max_abs_error=0.04199219
gpu_samples_us=[71.584, 74.042, 75.583, 74.125, 71.166, 71.542, 71.542, 71.375, 272.584, 71.75, 71.25, 71.375, 74.625, 75.041, 71.416, 71.459, 71.292]
host_samples_us=[210.667, 203.167, 208.625, 193.75, 198.375, 198.75, 209.459, 197.291, 439.041, 210.292, 180.584, 213.125, 235.667, 210.625, 212.875, 204.084, 188.167]
n=4000003 kind=shuffle wg=64 items=8 cap=1024 passes=3 gpu_median_us=50.042 gpu_p90_us=52.584 host_median_us=183.791 host_p90_us=195.750 max_abs_error=0.04199219
gpu_samples_us=[47.333, 51.083, 52.166, 51.25, 47.666, 51.333, 50.042, 47.959, 464.167, 52.584, 47.542, 48.167, 51.292, 49.0, 47.791, 48.208, 52.125]
host_samples_us=[186.833, 195.75, 172.042, 171.0, 167.666, 177.292, 188.625, 176.084, 334.5, 188.792, 157.542, 191.125, 183.791, 184.583, 188.042, 179.75, 162.333]
n=4000003 kind=shuffle wg=64 items=8 cap=4096 passes=3 gpu_median_us=52.500 gpu_p90_us=56.875 host_median_us=191.458 host_p90_us=231.667 max_abs_error=0.02050781
gpu_samples_us=[52.083, 56.541, 56.292, 52.333, 51.917, 52.083, 56.834, 52.708, 233.667, 52.5, 52.167, 52.0, 55.333, 56.375, 52.25, 56.875, 51.916]
host_samples_us=[184.917, 193.833, 172.917, 175.292, 231.667, 175.625, 191.5, 178.083, 362.0, 184.625, 161.041, 191.458, 178.75, 192.958, 193.0, 194.75, 218.334]
n=4000003 kind=shuffle wg=64 items=8 cap=65535 passes=3 gpu_median_us=67.208 gpu_p90_us=115.875 host_median_us=201.291 host_p90_us=213.833 max_abs_error=0.02050781
gpu_samples_us=[115.875, 71.458, 66.625, 66.667, 66.584, 69.834, 66.792, 67.125, 296.083, 67.208, 66.459, 72.208, 70.333, 71.667, 66.5, 71.458, 66.708]
host_samples_us=[210.208, 213.833, 201.291, 191.417, 203.167, 201.042, 206.791, 193.584, 444.833, 208.167, 175.416, 198.833, 190.667, 195.208, 192.541, 209.875, 209.291]
n=4000003 kind=tree wg=64 items=16 cap=256 passes=2 gpu_median_us=76.958 gpu_p90_us=80.750 host_median_us=208.583 host_p90_us=253.000 max_abs_error=0.04199219
gpu_samples_us=[76.125, 79.75, 79.583, 76.209, 76.375, 75.875, 80.375, 76.042, 296.833, 76.375, 80.75, 79.333, 79.583, 76.292, 76.958, 79.5, 76.166]
host_samples_us=[204.542, 219.667, 207.917, 198.666, 202.542, 206.917, 217.125, 200.625, 616.042, 253.00000000000003, 184.792, 208.583, 198.042, 216.167, 219.0, 226.292, 226.375]
n=4000003 kind=tree wg=64 items=16 cap=1024 passes=2 gpu_median_us=59.000 gpu_p90_us=62.916 host_median_us=191.042 host_p90_us=205.958 max_abs_error=0.04199219
gpu_samples_us=[57.542, 57.667, 58.5, 62.916, 58.541, 62.042, 59.0, 59.0, 262.417, 59.25, 62.75, 62.208, 58.083, 62.875, 57.667, 62.792, 58.084]
host_samples_us=[193.958, 186.208, 187.292, 179.916, 205.958, 182.458, 191.042, 188.125, 426.042, 199.875, 167.042, 198.292, 180.25, 193.792, 201.959, 189.167, 205.25]
n=4000003 kind=tree wg=64 items=16 cap=4096 passes=3 gpu_median_us=95.083 gpu_p90_us=96.709 host_median_us=228.959 host_p90_us=353.208 max_abs_error=0.02050781
gpu_samples_us=[91.209, 95.75, 92.042, 95.834, 91.583, 94.958, 96.709, 91.917, 413.625, 95.083, 96.584, 94.75, 94.834, 96.458, 91.375, 96.125, 96.167]
host_samples_us=[353.208, 222.916, 221.125, 215.834, 228.959, 218.125, 237.583, 220.458, 549.334, 225.458, 200.75, 236.042, 214.833, 232.625, 233.833, 235.167, 246.584]
n=4000003 kind=tree wg=64 items=16 cap=65535 passes=3 gpu_median_us=93.042 gpu_p90_us=95.958 host_median_us=224.625 host_p90_us=368.167 max_abs_error=0.02050781
gpu_samples_us=[91.458, 95.583, 91.75, 93.042, 91.417, 91.417, 95.958, 91.667, 407.917, 94.708, 91.584, 92.167, 95.458, 95.875, 91.25, 95.875, 95.541]
host_samples_us=[224.625, 241.792, 214.541, 217.042, 235.166, 217.25, 234.166, 216.584, 554.417, 221.208, 199.291, 368.167, 210.417, 224.167, 238.625, 238.417, 239.292]
n=4000003 kind=add wg=64 items=16 cap=256 passes=2 gpu_median_us=78.500 gpu_p90_us=79.625 host_median_us=208.500 host_p90_us=220.708 max_abs_error=0.02050781
gpu_samples_us=[75.583, 79.292, 75.208, 78.917, 75.5, 75.0, 78.5, 74.958, 293.625, 79.625, 78.875, 78.042, 78.75, 78.708, 77.583, 75.167, 79.417]
host_samples_us=[202.542, 216.125, 201.208, 194.958, 217.25, 198.416, 214.834, 203.042, 427.166, 202.042, 186.5, 208.5, 198.459, 214.292, 218.333, 219.042, 220.708]
n=4000003 kind=add wg=64 items=16 cap=1024 passes=2 gpu_median_us=59.791 gpu_p90_us=61.500 host_median_us=192.917 host_p90_us=203.292 max_abs_error=0.02050781
gpu_samples_us=[56.709, 60.875, 56.5, 61.5, 57.042, 59.959, 60.208, 56.75, 257.958, 57.083, 59.791, 60.041, 60.042, 56.834, 58.042, 56.5, 60.417]
host_samples_us=[177.959, 201.625, 186.959, 179.625, 197.958, 203.292, 199.458, 180.416, 382.5, 180.125, 173.875, 192.583, 176.666, 196.291, 194.834, 199.292, 192.917]
n=4000003 kind=add wg=64 items=16 cap=4096 passes=3 gpu_median_us=87.334 gpu_p90_us=91.250 host_median_us=218.042 host_p90_us=228.375 max_abs_error=0.04199219
gpu_samples_us=[90.125, 91.042, 86.292, 91.25, 89.791, 86.667, 86.709, 86.208, 382.041, 86.875, 86.334, 90.125, 89.959, 88.542, 87.334, 86.458, 86.959]
host_samples_us=[208.375, 219.416, 216.833, 208.459, 214.708, 218.666, 228.375, 211.166, 511.66700000000003, 215.0, 218.042, 204.875, 213.791, 222.125, 224.167, 227.792, 223.666]
n=4000003 kind=add wg=64 items=16 cap=65535 passes=3 gpu_median_us=86.625 gpu_p90_us=92.334 host_median_us=224.208 host_p90_us=234.083 max_abs_error=0.04199219
gpu_samples_us=[89.333, 92.334, 85.583, 90.666, 90.25, 86.375, 89.333, 86.625, 382.792, 86.042, 86.25, 86.542, 89.416, 86.458, 86.584, 86.167, 89.958]
host_samples_us=[208.042, 234.083, 210.375, 207.875, 231.542, 232.5, 224.208, 211.375, 509.3330000000001, 212.417, 211.042, 204.958, 208.292, 224.708, 228.875, 231.042, 227.125]
n=4000003 kind=shuffle wg=64 items=16 cap=256 passes=2 gpu_median_us=79.083 gpu_p90_us=100.458 host_median_us=211.375 host_p90_us=229.958 max_abs_error=0.04199219
gpu_samples_us=[79.167, 78.917, 76.958, 76.042, 82.084, 79.083, 79.0, 76.125, 295.5, 79.417, 99.458, 76.083, 81.417, 75.791, 100.458, 83.25, 76.209]
host_samples_us=[204.292, 218.834, 198.458, 197.834, 215.333, 222.542, 216.042, 206.5, 424.333, 201.667, 211.375, 194.625, 194.083, 215.459, 215.792, 208.792, 229.958]
n=4000003 kind=shuffle wg=64 items=16 cap=1024 passes=2 gpu_median_us=58.750 gpu_p90_us=66.417 host_median_us=195.541 host_p90_us=201.667 max_abs_error=0.04199219
gpu_samples_us=[57.5, 62.333, 61.25, 58.167, 60.917, 61.291, 60.875, 58.75, 263.0, 58.25, 58.083, 58.0, 58.083, 58.0, 66.417, 58.041, 61.667]
host_samples_us=[179.125, 195.625, 198.959, 178.958, 197.958, 191.459, 184.042, 185.75, 382.166, 188.208, 196.333, 185.708, 184.833, 195.541, 198.208, 201.667, 199.292]
n=4000003 kind=shuffle wg=64 items=16 cap=4096 passes=3 gpu_median_us=90.708 gpu_p90_us=95.666 host_median_us=228.292 host_p90_us=371.916 max_abs_error=0.04199219
gpu_samples_us=[93.5, 90.042, 95.417, 89.708, 90.291, 89.959, 90.958, 90.042, 413.625, 90.166, 95.5, 90.708, 90.417, 95.666, 91.541, 90.125, 94.25]
host_samples_us=[216.584, 232.084, 266.875, 212.416, 371.916, 239.041, 233.0, 214.459, 528.584, 223.334, 271.458, 220.166, 228.292, 219.584, 221.792, 231.083, 226.375]
n=4000003 kind=shuffle wg=64 items=16 cap=65535 passes=3 gpu_median_us=93.500 gpu_p90_us=153.458 host_median_us=222.667 host_p90_us=238.000 max_abs_error=0.04199219
gpu_samples_us=[93.208, 94.0, 94.459, 93.583, 89.75, 153.458, 94.625, 90.458, 546.416, 90.958, 90.125, 93.375, 93.5, 95.416, 90.208, 93.833, 91.167]
host_samples_us=[206.0, 233.208, 230.125, 207.458, 218.583, 216.875, 234.917, 213.833, 1067.417, 221.083, 232.625, 216.791, 226.25, 222.667, 220.042, 232.167, 238.0]
n=4000003 kind=tree wg=128 items=1 cap=256 passes=3 gpu_median_us=42.083 gpu_p90_us=50.167 host_median_us=174.875 host_p90_us=234.917 max_abs_error=0.02050781
gpu_samples_us=[41.958, 38.667, 43.292, 43.333, 38.875, 50.167, 38.583, 38.541, 154.417, 42.0, 44.041, 38.792, 42.333, 43.75, 38.458, 42.083, 43.542]
host_samples_us=[159.709, 179.875, 174.875, 165.458, 169.167, 166.75, 177.625, 167.583, 325.5, 178.916, 163.459, 234.917, 167.625, 180.625, 179.875, 173.667, 182.583]
n=4000003 kind=tree wg=128 items=1 cap=1024 passes=3 gpu_median_us=31.750 gpu_p90_us=35.916 host_median_us=165.625 host_p90_us=239.167 max_abs_error=0.02050781
gpu_samples_us=[34.375, 34.5, 34.167, 31.541, 30.875, 31.583, 30.709, 31.791, 112.375, 31.208, 35.916, 31.75, 31.208, 35.75, 30.834, 31.5, 35.417]
host_samples_us=[239.167, 158.542, 161.833, 162.75, 158.083, 175.916, 165.917, 157.958, 246.45800000000003, 163.334, 156.333, 179.0, 165.625, 172.917, 173.333, 174.958, 156.292]
n=4000003 kind=tree wg=128 items=1 cap=4096 passes=3 gpu_median_us=41.291 gpu_p90_us=43.333 host_median_us=170.333 host_p90_us=310.250 max_abs_error=0.02050781
gpu_samples_us=[41.625, 42.459, 37.958, 37.958, 38.041, 41.541, 38.125, 41.291, 150.75, 37.791, 43.333, 37.75, 42.416, 42.25, 37.709, 41.291, 42.833]
host_samples_us=[181.583, 172.542, 312.667, 163.875, 167.125, 177.0, 166.625, 167.084, 310.25, 170.333, 162.0, 170.709, 183.334, 164.667, 168.125, 182.75, 165.917]
n=4000003 kind=tree wg=128 items=1 cap=65535 passes=4 gpu_median_us=209.208 gpu_p90_us=212.125 host_median_us=346.333 host_p90_us=374.084 max_abs_error=0.04199219
gpu_samples_us=[208.75, 210.375, 206.084, 209.208, 206.417, 212.125, 208.625, 207.708, 722.042, 206.375, 211.5, 209.791, 209.5, 205.708, 206.5, 209.75, 209.541]
host_samples_us=[352.75, 351.166, 374.084, 342.958, 339.542, 347.209, 339.916, 336.959, 860.625, 335.916, 334.5, 348.958, 354.334, 340.792, 339.375, 349.167, 346.333]
n=4000003 kind=add wg=128 items=1 cap=256 passes=3 gpu_median_us=37.625 gpu_p90_us=72.584 host_median_us=175.750 host_p90_us=190.750 max_abs_error=0.04199219
gpu_samples_us=[37.25, 37.25, 37.459, 37.292, 37.833, 37.709, 37.625, 37.334, 143.875, 37.375, 42.291, 37.375, 40.875, 62.375, 72.584, 37.25, 40.917]
host_samples_us=[188.75, 180.958, 190.75, 161.542, 173.209, 178.25, 175.084, 159.375, 274.583, 173.959, 158.75, 175.75, 178.208, 164.958, 182.583, 177.875, 169.75]
n=4000003 kind=add wg=128 items=1 cap=1024 passes=3 gpu_median_us=30.666 gpu_p90_us=34.541 host_median_us=159.708 host_p90_us=180.750 max_abs_error=0.04199219
gpu_samples_us=[30.666, 32.583, 27.541, 27.834, 27.292, 32.333, 31.375, 27.5, 103.25, 27.583, 34.541, 28.042, 30.75, 33.167, 28.0, 30.792, 27.709]
host_samples_us=[177.667, 165.208, 180.75, 158.208, 155.834, 162.959, 163.709, 152.416, 240.458, 145.292, 149.125, 158.625, 175.333, 153.125, 163.875, 154.667, 159.708]
n=4000003 kind=add wg=128 items=1 cap=4096 passes=3 gpu_median_us=36.875 gpu_p90_us=41.583 host_median_us=167.958 host_p90_us=184.375 max_abs_error=0.02050781
gpu_samples_us=[38.542, 39.417, 35.333, 38.917, 40.75, 35.375, 35.5, 35.625, 126.5, 36.875, 41.583, 35.25, 35.75, 40.667, 35.916, 37.792, 35.708]
host_samples_us=[184.375, 167.958, 170.833, 161.667, 163.333, 182.209, 179.084, 168.791, 322.0, 167.125, 155.25, 169.083, 171.625, 161.208, 157.584, 157.292, 165.541]
n=4000003 kind=add wg=128 items=1 cap=65535 passes=4 gpu_median_us=202.792 gpu_p90_us=255.292 host_median_us=331.792 host_p90_us=355.458 max_abs_error=0.04199219
gpu_samples_us=[202.792, 200.125, 255.292, 199.583, 201.75, 203.417, 247.5, 200.916, 680.958, 248.833, 204.666, 199.542, 199.75, 202.875, 200.375, 201.458, 203.458]
host_samples_us=[342.958, 334.667, 355.458, 325.292, 327.833, 332.417, 331.167, 332.041, 805.334, 331.792, 332.125, 328.625, 331.333, 326.542, 338.25, 331.625, 328.125]
n=4000003 kind=shuffle wg=128 items=1 cap=256 passes=3 gpu_median_us=40.375 gpu_p90_us=54.250 host_median_us=175.708 host_p90_us=215.584 max_abs_error=0.04199219
gpu_samples_us=[41.25, 37.834, 39.917, 40.375, 38.084, 41.417, 41.916, 37.875, 146.583, 38.5, 41.459, 37.833, 54.25, 42.792, 38.417, 37.792, 42.959]
host_samples_us=[184.25, 181.125, 182.208, 162.0, 161.208, 179.959, 181.542, 173.084, 271.791, 164.625, 166.666, 168.625, 184.959, 160.458, 168.75, 215.584, 175.708]
n=4000003 kind=shuffle wg=128 items=1 cap=1024 passes=3 gpu_median_us=32.500 gpu_p90_us=34.583 host_median_us=167.583 host_p90_us=180.208 max_abs_error=0.02050781
gpu_samples_us=[32.541, 34.083, 32.5, 29.125, 32.583, 34.583, 34.0, 29.667, 110.0, 29.667, 28.583, 29.5, 29.708, 29.584, 29.584, 33.333, 33.541]
host_samples_us=[168.208, 169.583, 174.958, 150.916, 154.875, 174.208, 173.541, 168.834, 230.416, 158.875, 148.917, 159.0, 165.875, 158.542, 161.958, 167.583, 180.208]
n=4000003 kind=shuffle wg=128 items=1 cap=4096 passes=3 gpu_median_us=37.917 gpu_p90_us=41.750 host_median_us=171.083 host_p90_us=187.292 max_abs_error=0.04199219
gpu_samples_us=[40.917, 41.75, 37.292, 39.625, 37.625, 37.917, 40.542, 37.0, 137.167, 41.709, 37.0, 37.0, 38.083, 41.75, 36.917, 37.167, 37.667]
host_samples_us=[187.292, 181.0, 184.417, 158.416, 165.833, 179.833, 179.291, 161.25, 262.375, 169.959, 155.458, 171.083, 167.834, 160.667, 182.917, 168.667, 178.292]
n=4000003 kind=shuffle wg=128 items=1 cap=65535 passes=4 gpu_median_us=209.292 gpu_p90_us=222.000 host_median_us=342.458 host_p90_us=355.500 max_abs_error=0.02050781
gpu_samples_us=[209.292, 206.083, 206.292, 222.0, 205.542, 210.708, 209.583, 205.75, 965.458, 210.75, 210.042, 206.417, 210.75, 210.667, 209.208, 206.125, 205.959]
host_samples_us=[338.541, 353.708, 343.917, 326.042, 335.875, 355.5, 348.917, 335.25, 829.083, 333.417, 326.583, 339.0, 353.041, 334.917, 352.416, 353.916, 342.458]
n=4000003 kind=tree wg=128 items=4 cap=256 passes=2 gpu_median_us=40.583 gpu_p90_us=43.917 host_median_us=171.417 host_p90_us=183.375 max_abs_error=0.04199219
gpu_samples_us=[43.292, 40.208, 40.541, 43.667, 40.458, 40.125, 40.167, 40.334, 165.959, 40.834, 42.833, 40.042, 40.833, 40.583, 40.5, 43.917, 40.792]
host_samples_us=[174.875, 180.291, 171.417, 161.75, 165.0, 181.958, 181.0, 166.625, 292.459, 170.625, 165.708, 170.375, 183.375, 163.667, 169.417, 183.167, 171.792]
n=4000003 kind=tree wg=128 items=4 cap=1024 passes=3 gpu_median_us=39.750 gpu_p90_us=43.792 host_median_us=170.125 host_p90_us=179.750 max_abs_error=0.02050781
gpu_samples_us=[38.875, 43.75, 38.875, 43.5, 38.958, 42.667, 39.417, 38.792, 169.25, 43.792, 38.458, 39.25, 42.375, 39.75, 38.833, 43.583, 43.208]
host_samples_us=[179.0, 179.375, 170.291, 160.083, 166.417, 179.542, 173.917, 165.917, 290.083, 168.0, 162.167, 170.125, 162.667, 162.542, 178.375, 179.75, 168.375]
n=4000003 kind=tree wg=128 items=4 cap=4096 passes=3 gpu_median_us=50.708 gpu_p90_us=55.000 host_median_us=183.042 host_p90_us=193.834 max_abs_error=0.02050781
gpu_samples_us=[50.25, 54.708, 50.375, 55.0, 50.625, 50.25, 50.708, 50.541, 223.166, 50.125, 54.75, 50.583, 53.833, 53.375, 50.5, 54.583, 55.0]
host_samples_us=[192.834, 189.834, 183.042, 170.333, 180.708, 193.625, 180.625, 191.25, 349.333, 176.959, 170.833, 175.542, 178.75, 174.375, 192.209, 193.834, 186.75]
n=4000003 kind=tree wg=128 items=4 cap=65535 passes=3 gpu_median_us=68.625 gpu_p90_us=73.250 host_median_us=206.709 host_p90_us=217.584 max_abs_error=0.02050781
gpu_samples_us=[69.0, 73.25, 68.375, 73.042, 68.667, 68.417, 68.125, 68.334, 317.666, 69.667, 68.584, 68.584, 68.459, 68.625, 68.292, 70.584, 73.041]
host_samples_us=[216.75, 207.417, 207.083, 189.25, 193.5, 211.667, 202.042, 206.709, 443.792, 194.041, 214.416, 204.875, 210.459, 196.417, 217.584, 187.792, 204.875]
n=4000003 kind=add wg=128 items=4 cap=256 passes=2 gpu_median_us=42.500 gpu_p90_us=43.042 host_median_us=175.459 host_p90_us=211.417 max_abs_error=0.02050781
gpu_samples_us=[42.958, 42.583, 42.792, 41.5, 42.5, 42.5, 39.708, 39.208, 156.958, 43.042, 42.542, 42.75, 39.583, 39.5, 39.292, 42.875, 40.0]
host_samples_us=[180.625, 181.041, 185.042, 156.75, 163.459, 172.833, 178.5, 175.459, 281.875, 154.083, 211.417, 171.625, 171.5, 164.0, 178.709, 185.75, 173.375]
n=4000003 kind=add wg=128 items=4 cap=1024 passes=3 gpu_median_us=39.125 gpu_p90_us=40.750 host_median_us=170.542 host_p90_us=279.625 max_abs_error=0.04199219
gpu_samples_us=[40.292, 39.375, 35.584, 40.583, 39.125, 40.75, 35.792, 36.042, 154.416, 36.125, 39.916, 40.417, 35.334, 36.041, 35.708, 40.333, 35.75]
host_samples_us=[183.959, 175.5, 180.167, 157.958, 161.5, 170.542, 328.042, 161.584, 279.625, 149.791, 172.5, 170.125, 167.667, 159.208, 177.542, 176.0, 165.875]
n=4000003 kind=add wg=128 items=4 cap=4096 passes=3 gpu_median_us=45.458 gpu_p90_us=46.917 host_median_us=180.292 host_p90_us=191.500 max_abs_error=0.04199219
gpu_samples_us=[41.958, 46.208, 42.0, 46.084, 45.75, 46.917, 45.458, 41.75, 184.75, 46.833, 43.166, 46.0, 41.958, 42.0, 42.167, 46.167, 43.292]
host_samples_us=[191.5, 182.917, 190.208, 165.959, 171.042, 170.417, 190.375, 179.625, 306.75, 156.75, 180.292, 176.291, 170.875, 191.5, 184.417, 184.667, 170.167]
n=4000003 kind=add wg=128 items=4 cap=65535 passes=3 gpu_median_us=66.666 gpu_p90_us=68.333 host_median_us=196.500 host_p90_us=206.500 max_abs_error=0.04199219
gpu_samples_us=[66.417, 67.917, 65.875, 63.708, 66.666, 67.5, 66.958, 62.917, 244.792, 68.333, 67.333, 63.25, 63.375, 66.666, 63.25, 68.166, 67.834]
host_samples_us=[199.292, 205.25, 206.5, 184.125, 196.5, 191.625, 203.125, 203.958, 356.792, 179.125, 191.042, 186.209, 192.125, 191.375, 205.042, 203.25, 194.459]
n=4000003 kind=shuffle wg=128 items=4 cap=256 passes=2 gpu_median_us=43.167 gpu_p90_us=73.166 host_median_us=171.375 host_p90_us=186.459 max_abs_error=0.02050781
gpu_samples_us=[43.417, 43.708, 43.416, 39.75, 40.166, 39.791, 43.167, 39.958, 156.959, 40.209, 43.209, 39.916, 73.166, 40.0, 43.833, 39.833, 43.75]
host_samples_us=[182.5, 171.375, 186.459, 161.375, 156.792, 162.042, 169.625, 178.584, 275.875, 151.625, 180.125, 171.584, 178.042, 168.208, 180.625, 166.375, 169.75]
n=4000003 kind=shuffle wg=128 items=4 cap=1024 passes=3 gpu_median_us=38.458 gpu_p90_us=42.958 host_median_us=174.208 host_p90_us=260.292 max_abs_error=0.02050781
gpu_samples_us=[38.083, 42.958, 41.833, 42.666, 38.208, 40.334, 38.167, 38.0, 156.666, 41.459, 38.417, 37.959, 38.458, 41.916, 37.958, 41.375, 38.125]
host_samples_us=[181.208, 166.958, 179.209, 159.625, 174.208, 161.167, 167.958, 178.542, 277.167, 150.375, 225.083, 170.792, 177.5, 164.791, 182.792, 260.29200000000003, 165.416]
n=4000003 kind=shuffle wg=128 items=4 cap=4096 passes=3 gpu_median_us=51.959 gpu_p90_us=52.917 host_median_us=183.167 host_p90_us=253.709 max_abs_error=0.04199219
gpu_samples_us=[48.667, 51.958, 52.125, 52.834, 48.5, 51.959, 52.333, 48.125, 212.833, 49.042, 52.917, 48.083, 52.375, 48.291, 50.291, 52.708, 52.792]
host_samples_us=[195.5, 187.458, 196.75, 168.667, 170.958, 253.70900000000003, 183.167, 180.5, 334.25, 162.416, 204.166, 179.833, 195.208, 176.292, 172.666, 195.333, 170.833]
n=4000003 kind=shuffle wg=128 items=4 cap=65535 passes=3 gpu_median_us=69.667 gpu_p90_us=71.416 host_median_us=199.041 host_p90_us=249.709 max_abs_error=0.02050781
gpu_samples_us=[70.583, 71.416, 69.584, 66.75, 66.25, 70.333, 67.042, 66.458, 291.333, 71.375, 70.416, 66.125, 69.667, 69.292, 70.959, 66.458, 70.0]
host_samples_us=[218.792, 199.041, 216.292, 181.375, 194.75, 216.709, 200.625, 215.083, 418.416, 186.708, 249.70899999999997, 198.625, 209.542, 189.625, 196.375, 192.958, 195.458]
n=4000003 kind=tree wg=128 items=8 cap=256 passes=2 gpu_median_us=42.333 gpu_p90_us=46.458 host_median_us=177.958 host_p90_us=293.291 max_abs_error=0.04199219
gpu_samples_us=[46.458, 45.792, 41.75, 42.125, 42.459, 42.0, 42.292, 42.0, 174.708, 42.25, 45.209, 42.041, 45.667, 42.292, 46.0, 42.333, 46.125]
host_samples_us=[177.958, 184.167, 183.333, 172.292, 169.375, 183.75, 172.458, 180.167, 293.291, 157.042, 295.917, 169.375, 188.125, 183.708, 172.917, 165.083, 167.041]
n=4000003 kind=tree wg=128 items=8 cap=1024 passes=2 gpu_median_us=46.000 gpu_p90_us=63.750 host_median_us=178.083 host_p90_us=198.458 max_abs_error=0.04199219
gpu_samples_us=[46.5, 46.667, 46.0, 46.542, 46.0, 46.917, 42.291, 63.75, 189.167, 46.709, 45.792, 43.209, 42.583, 43.459, 42.583, 42.541, 42.792]
host_samples_us=[188.417, 185.834, 185.709, 165.625, 171.041, 180.292, 173.708, 189.542, 320.75, 152.875, 198.458, 178.083, 182.833, 176.458, 170.041, 169.875, 173.958]
n=4000003 kind=tree wg=128 items=8 cap=4096 passes=3 gpu_median_us=71.083 gpu_p90_us=72.416 host_median_us=201.708 host_p90_us=212.542 max_abs_error=0.02050781
gpu_samples_us=[72.416, 71.083, 67.583, 71.292, 69.25, 71.333, 67.666, 67.875, 306.584, 67.833, 67.416, 67.792, 71.167, 71.625, 67.833, 71.208, 71.625]
host_samples_us=[212.542, 210.292, 202.625, 203.583, 189.334, 210.167, 200.959, 212.041, 443.125, 178.584, 199.5, 200.542, 209.416, 192.25, 192.167, 194.375, 201.708]
n=4000003 kind=tree wg=128 items=8 cap=65535 passes=3 gpu_median_us=67.916 gpu_p90_us=72.292 host_median_us=202.958 host_p90_us=346.084 max_abs_error=0.02050781
gpu_samples_us=[67.583, 67.25, 67.833, 72.292, 67.916, 68.333, 67.583, 67.416, 300.0, 71.0, 67.334, 67.792, 70.75, 71.625, 71.625, 67.916, 67.625]
host_samples_us=[210.791, 346.084, 219.167, 194.25, 200.25, 210.167, 197.417, 207.25, 484.5, 181.958, 192.583, 200.458, 205.833, 191.375, 209.041, 202.958, 197.417]
n=4000003 kind=add wg=128 items=8 cap=256 passes=2 gpu_median_us=44.667 gpu_p90_us=45.958 host_median_us=177.209 host_p90_us=213.541 max_abs_error=0.02050781
gpu_samples_us=[41.542, 45.459, 45.709, 45.125, 42.125, 44.833, 41.125, 41.25, 171.792, 44.5, 41.292, 41.667, 44.667, 45.25, 45.958, 41.583, 45.417]
host_samples_us=[176.791, 177.209, 186.166, 167.458, 213.541, 186.5, 165.875, 172.291, 296.917, 160.25, 177.5, 170.167, 183.459, 205.875, 177.625, 170.834, 173.667]
n=4000003 kind=add wg=128 items=8 cap=1024 passes=2 gpu_median_us=41.459 gpu_p90_us=44.875 host_median_us=177.625 host_p90_us=244.708 max_abs_error=0.02050781
gpu_samples_us=[44.25, 44.875, 44.833, 41.083, 44.0, 41.167, 40.834, 40.958, 180.834, 40.583, 40.5, 41.167, 40.625, 41.459, 44.458, 44.875, 44.416]
host_samples_us=[181.5, 164.833, 181.666, 244.708, 176.125, 182.0, 166.167, 179.334, 307.708, 149.334, 177.625, 169.708, 170.833, 201.417, 179.0, 162.459, 169.375]
n=4000003 kind=add wg=128 items=8 cap=4096 passes=3 gpu_median_us=64.000 gpu_p90_us=65.625 host_median_us=194.875 host_p90_us=216.750 max_abs_error=0.04199219
gpu_samples_us=[65.166, 60.709, 65.625, 65.0, 65.0, 64.916, 60.75, 61.208, 274.625, 61.042, 60.917, 60.792, 60.708, 64.0, 61.5, 65.083, 65.584]
host_samples_us=[204.25, 191.291, 204.875, 214.167, 194.416, 185.459, 195.792, 202.5, 390.25, 169.0, 190.75, 191.458, 194.875, 216.75, 202.375, 184.292, 187.458]
n=4000003 kind=add wg=128 items=8 cap=65535 passes=3 gpu_median_us=64.667 gpu_p90_us=125.209 host_median_us=200.458 host_p90_us=271.125 max_abs_error=0.04199219
gpu_samples_us=[65.25, 65.084, 67.0, 65.583, 61.708, 60.708, 66.292, 60.375, 273.792, 67.084, 125.209, 60.542, 64.042, 64.0, 60.5, 61.334, 64.667]
host_samples_us=[203.666, 188.75, 203.625, 271.125, 187.875, 186.125, 264.916, 198.084, 411.542, 168.542, 187.667, 188.709, 204.083, 202.291, 200.458, 210.5, 192.791]
n=4000003 kind=shuffle wg=128 items=8 cap=256 passes=2 gpu_median_us=45.542 gpu_p90_us=47.875 host_median_us=176.916 host_p90_us=200.542 max_abs_error=0.02050781
gpu_samples_us=[45.708, 47.875, 46.125, 42.166, 45.708, 41.666, 42.167, 41.833, 175.25, 46.458, 42.083, 41.584, 45.542, 45.708, 45.125, 41.875, 47.042]
host_samples_us=[180.875, 183.542, 180.792, 200.542, 176.291, 172.333, 176.916, 176.166, 301.875, 151.459, 164.459, 167.917, 181.167, 172.708, 182.208, 182.0, 169.75]
n=4000003 kind=shuffle wg=128 items=8 cap=1024 passes=2 gpu_median_us=45.333 gpu_p90_us=48.458 host_median_us=175.750 host_p90_us=186.875 max_abs_error=0.02050781
gpu_samples_us=[44.167, 48.458, 46.375, 42.292, 42.291, 42.833, 44.334, 42.5, 191.333, 46.458, 42.709, 46.208, 45.333, 46.292, 45.541, 42.459, 46.625]
host_samples_us=[186.875, 184.042, 184.292, 175.75, 169.833, 177.5, 172.166, 174.833, 459.042, 150.791, 175.0, 171.834, 180.667, 181.917, 176.792, 165.125, 164.583]
n=4000003 kind=shuffle wg=128 items=8 cap=4096 passes=3 gpu_median_us=70.708 gpu_p90_us=71.750 host_median_us=202.209 host_p90_us=218.333 max_abs_error=0.02050781
gpu_samples_us=[70.375, 66.5, 71.125, 70.875, 71.75, 71.25, 70.625, 67.291, 306.959, 68.375, 67.042, 71.333, 70.125, 70.708, 71.292, 69.958, 71.542]
host_samples_us=[206.25, 210.083, 212.75, 195.375, 201.25, 218.333, 201.083, 198.625, 474.542, 179.5, 201.5, 198.375, 207.292, 207.083, 211.708, 202.209, 190.292]
n=4000003 kind=shuffle wg=128 items=8 cap=65535 passes=3 gpu_median_us=70.208 gpu_p90_us=71.500 host_median_us=204.500 host_p90_us=212.666 max_abs_error=0.02050781
gpu_samples_us=[66.917, 71.5, 67.25, 71.083, 70.333, 70.208, 69.959, 66.833, 296.416, 71.208, 66.708, 66.875, 69.917, 66.625, 70.833, 70.375, 70.667]
host_samples_us=[210.416, 207.5, 204.5, 203.208, 208.917, 201.5, 197.584, 208.834, 435.541, 183.416, 193.5, 193.75, 206.375, 202.417, 207.083, 212.666, 190.333]
n=4000003 kind=tree wg=128 items=16 cap=256 passes=2 gpu_median_us=56.167 gpu_p90_us=57.666 host_median_us=191.417 host_p90_us=248.875 max_abs_error=0.02050781
gpu_samples_us=[56.0, 56.208, 54.041, 56.791, 53.583, 56.084, 56.458, 53.041, 270.125, 57.666, 53.583, 53.167, 53.458, 56.542, 57.625, 56.167, 56.916]
host_samples_us=[196.084, 193.917, 192.75, 186.959, 198.375, 197.542, 182.583, 187.208, 398.583, 248.87500000000003, 191.417, 183.375, 179.958, 179.792, 191.708, 191.208, 185.375]
n=4000003 kind=tree wg=128 items=16 cap=1024 passes=2 gpu_median_us=69.041 gpu_p90_us=72.500 host_median_us=198.041 host_p90_us=213.875 max_abs_error=0.02050781
gpu_samples_us=[69.083, 69.5, 70.0, 70.0, 66.041, 66.25, 66.166, 66.0, 299.958, 66.167, 66.167, 72.5, 69.041, 66.708, 69.791, 66.542, 69.625]
host_samples_us=[211.625, 204.542, 206.375, 195.167, 213.875, 205.375, 194.167, 195.208, 428.916, 183.542, 198.5, 198.041, 194.792, 195.417, 208.042, 196.708, 194.666]
n=4000003 kind=tree wg=128 items=16 cap=4096 passes=2 gpu_median_us=91.291 gpu_p90_us=92.541 host_median_us=227.916 host_p90_us=294.292 max_abs_error=0.02050781
gpu_samples_us=[91.375, 91.291, 91.5, 91.333, 91.125, 87.666, 87.333, 87.041, 390.583, 91.625, 87.792, 92.541, 88.708, 88.208, 91.583, 91.625, 88.042]
host_samples_us=[233.875, 226.917, 227.25, 230.083, 232.167, 227.916, 230.25, 217.625, 519.0000000000001, 210.208, 211.292, 219.75, 294.292, 209.917, 229.334, 231.917, 218.583]
n=4000003 kind=tree wg=128 items=16 cap=65535 passes=2 gpu_median_us=89.333 gpu_p90_us=93.875 host_median_us=226.792 host_p90_us=234.792 max_abs_error=0.02050781
gpu_samples_us=[89.916, 88.416, 88.666, 88.125, 91.0, 88.208, 93.875, 88.583, 662.333, 91.584, 88.625, 92.375, 88.083, 92.125, 91.791, 89.333, 87.542]
host_samples_us=[231.792, 228.042, 234.792, 231.666, 232.958, 228.208, 226.792, 221.625, 519.459, 216.125, 217.125, 220.375, 232.125, 219.083, 221.584, 224.292, 216.292]
n=4000003 kind=add wg=128 items=16 cap=256 passes=2 gpu_median_us=54.333 gpu_p90_us=55.417 host_median_us=183.833 host_p90_us=291.625 max_abs_error=0.02050781
gpu_samples_us=[51.5, 54.292, 55.375, 51.166, 54.167, 54.125, 55.25, 50.834, 263.917, 54.333, 51.291, 55.292, 54.667, 54.833, 55.417, 54.666, 51.75]
host_samples_us=[181.542, 177.875, 197.208, 193.417, 172.25, 291.625, 189.292, 178.542, 575.666, 183.833, 180.708, 182.75, 168.875, 190.625, 193.792, 190.25, 170.708]
n=4000003 kind=add wg=128 items=16 cap=1024 passes=2 gpu_median_us=66.000 gpu_p90_us=67.500 host_median_us=201.083 host_p90_us=287.375 max_abs_error=0.02050781
gpu_samples_us=[62.75, 66.959, 62.667, 67.5, 65.5, 67.375, 62.708, 62.834, 284.75, 66.084, 62.541, 66.834, 66.0, 63.583, 65.333, 66.25, 66.625]
host_samples_us=[193.583, 191.709, 203.416, 211.542, 205.25, 208.417, 204.625, 194.125, 434.25, 196.0, 287.375, 189.625, 182.542, 201.083, 200.042, 209.041, 189.708]
n=4000003 kind=add wg=128 items=16 cap=4096 passes=2 gpu_median_us=85.750 gpu_p90_us=86.917 host_median_us=214.875 host_p90_us=350.958 max_abs_error=0.02050781
gpu_samples_us=[83.875, 85.834, 86.917, 85.333, 86.041, 85.583, 86.708, 83.25, 379.542, 85.917, 83.042, 85.75, 83.208, 86.084, 86.0, 82.5, 82.666]
host_samples_us=[215.958, 226.542, 214.875, 350.958, 222.834, 205.375, 211.5, 210.958, 634.958, 213.292, 204.625, 210.375, 203.208, 220.75, 222.167, 224.417, 212.875]
n=4000003 kind=add wg=128 items=16 cap=65535 passes=2 gpu_median_us=86.125 gpu_p90_us=87.042 host_median_us=218.375 host_p90_us=235.916 max_abs_error=0.02050781
gpu_samples_us=[85.625, 82.792, 86.625, 85.875, 82.667, 86.375, 86.667, 82.917, 94.541, 86.125, 82.375, 87.042, 82.875, 86.875, 82.875, 86.584, 86.584]
host_samples_us=[219.625, 224.208, 235.916, 221.625, 218.375, 213.959, 215.834, 225.25, 508.667, 208.708, 213.5, 211.75, 199.167, 223.042, 216.625, 228.125, 208.042]
n=4000003 kind=shuffle wg=128 items=16 cap=256 passes=2 gpu_median_us=53.292 gpu_p90_us=56.041 host_median_us=182.750 host_p90_us=289.708 max_abs_error=0.02050781
gpu_samples_us=[52.334, 55.458, 52.084, 56.041, 53.292, 51.542, 55.25, 51.833, 63.583, 51.542, 52.208, 55.041, 55.291, 51.959, 51.875, 55.292, 55.958]
host_samples_us=[198.166, 185.708, 194.791, 182.041, 188.25, 180.0, 180.75, 180.792, 393.0, 174.292, 182.209, 182.75, 172.333, 187.667, 289.708, 194.5, 182.5]
n=4000003 kind=shuffle wg=128 items=16 cap=1024 passes=2 gpu_median_us=67.875 gpu_p90_us=76.125 host_median_us=195.584 host_p90_us=211.500 max_abs_error=0.02050781
gpu_samples_us=[64.875, 68.375, 68.375, 67.708, 64.5, 130.0, 68.709, 64.667, 76.125, 65.5, 64.25, 68.833, 67.583, 67.875, 64.209, 68.583, 68.041]
host_samples_us=[208.584, 204.792, 200.333, 186.583, 208.791, 187.458, 211.5, 188.292, 418.792, 191.667, 189.75, 191.292, 195.584, 191.958, 204.292, 190.833, 197.584]
n=4000003 kind=shuffle wg=128 items=16 cap=4096 passes=2 gpu_median_us=87.000 gpu_p90_us=90.666 host_median_us=215.292 host_p90_us=234.708 max_abs_error=0.02050781
gpu_samples_us=[87.125, 89.042, 90.666, 86.417, 86.333, 88.5, 86.917, 85.916, 100.75, 89.75, 85.792, 90.25, 87.0, 86.209, 85.416, 89.333, 86.125]
host_samples_us=[225.0, 215.958, 220.667, 211.291, 217.417, 217.041, 234.708, 213.417, 508.25, 215.292, 213.833, 208.875, 215.0, 224.459, 210.166, 211.25, 210.75]
n=4000003 kind=shuffle wg=128 items=16 cap=65535 passes=2 gpu_median_us=87.125 gpu_p90_us=91.041 host_median_us=215.250 host_p90_us=230.084 max_abs_error=0.02050781
gpu_samples_us=[86.958, 90.459, 86.334, 86.958, 86.542, 86.5, 87.375, 86.042, 100.583, 89.167, 85.959, 91.041, 86.459, 88.875, 87.125, 90.625, 88.125]
host_samples_us=[227.667, 230.084, 215.25, 206.333, 220.167, 212.375, 228.375, 211.917, 510.9169999999999, 213.709, 213.667, 206.958, 211.459, 226.959, 212.209, 222.334, 218.25]
n=4000003 kind=tree wg=256 items=1 cap=256 passes=2 gpu_median_us=26.125 gpu_p90_us=30.791 host_median_us=154.917 host_p90_us=172.625 max_abs_error=0.02050781
gpu_samples_us=[25.834, 29.667, 25.875, 25.916, 29.541, 31.625, 29.708, 25.834, 30.791, 25.75, 25.916, 26.125, 26.125, 26.125, 26.375, 29.75, 29.875]
host_samples_us=[167.5, 161.25, 164.75, 153.291, 150.0, 150.875, 172.625, 150.958, 228.666, 151.875, 150.958, 155.375, 150.792, 165.75, 154.917, 157.5, 152.291]
n=4000003 kind=tree wg=256 items=1 cap=1024 passes=3 gpu_median_us=30.875 gpu_p90_us=35.625 host_median_us=160.667 host_p90_us=180.458 max_abs_error=0.02050781
gpu_samples_us=[30.625, 35.625, 30.417, 31.209, 30.458, 30.875, 31.875, 30.25, 34.333, 34.625, 30.75, 35.875, 30.5, 30.333, 35.375, 35.375, 30.75]
host_samples_us=[173.75, 175.625, 159.292, 152.5, 171.042, 161.125, 159.541, 174.5, 256.334, 156.708, 157.083, 158.375, 180.458, 173.375, 160.417, 160.667, 159.375]
n=4000003 kind=tree wg=256 items=1 cap=4096 passes=3 gpu_median_us=68.625 gpu_p90_us=72.750 host_median_us=201.042 host_p90_us=293.875 max_abs_error=0.04199219
gpu_samples_us=[67.917, 71.458, 69.75, 67.458, 68.625, 68.084, 73.042, 67.625, 72.083, 71.541, 68.75, 72.75, 68.292, 68.333, 68.584, 71.25, 67.667]
host_samples_us=[208.292, 200.416, 190.291, 187.333, 207.5, 196.458, 196.291, 263.792, 362.625, 293.875, 205.0, 191.959, 225.917, 207.209, 194.208, 199.417, 201.042]
n=4000003 kind=tree wg=256 items=1 cap=65535 passes=3 gpu_median_us=224.042 gpu_p90_us=233.583 host_median_us=354.917 host_p90_us=371.375 max_abs_error=0.04199219
gpu_samples_us=[220.084, 226.125, 223.584, 224.583, 220.708, 221.375, 225.333, 222.375, 241.208, 220.792, 224.417, 224.917, 222.375, 233.583, 224.042, 224.041, 226.041]
host_samples_us=[367.25, 364.25, 352.709, 363.583, 363.584, 345.25, 365.417, 371.375, 932.834, 346.5, 351.417, 354.917, 365.292, 351.167, 346.666, 348.416, 350.208]
n=4000003 kind=add wg=256 items=1 cap=256 passes=2 gpu_median_us=27.917 gpu_p90_us=30.750 host_median_us=155.917 host_p90_us=174.375 max_abs_error=0.02050781
gpu_samples_us=[30.75, 24.875, 25.125, 24.75, 38.125, 28.625, 28.5, 24.667, 26.292, 27.917, 25.041, 25.834, 28.125, 28.0, 25.084, 28.541, 29.167]
host_samples_us=[156.375, 173.292, 159.25, 149.375, 174.375, 147.209, 168.791, 170.417, 222.084, 152.5, 150.125, 155.917, 167.708, 148.792, 147.334, 150.333, 151.667]
n=4000003 kind=add wg=256 items=1 cap=1024 passes=3 gpu_median_us=27.292 gpu_p90_us=32.042 host_median_us=162.958 host_p90_us=176.708 max_abs_error=0.02050781
gpu_samples_us=[31.583, 32.041, 26.459, 30.75, 27.042, 32.042, 31.666, 27.167, 27.292, 32.333, 27.083, 32.0, 26.542, 30.75, 27.0, 26.917, 26.875]
host_samples_us=[162.958, 173.875, 176.708, 161.833, 171.834, 152.667, 173.083, 171.834, 225.042, 155.791, 152.208, 156.958, 168.959, 155.25, 166.167, 157.083, 159.709]
n=4000003 kind=add wg=256 items=1 cap=4096 passes=3 gpu_median_us=62.209 gpu_p90_us=65.541 host_median_us=199.042 host_p90_us=210.292 max_abs_error=0.04199219
gpu_samples_us=[65.541, 64.375, 61.0, 64.25, 62.209, 65.0, 65.583, 60.667, 62.542, 62.083, 61.125, 64.0, 61.042, 60.958, 61.5, 60.625, 65.292]
host_samples_us=[210.292, 201.75, 202.791, 190.708, 204.625, 187.584, 203.75, 207.5, 333.292, 187.25, 183.209, 185.75, 200.5, 199.042, 190.959, 191.5, 194.459]
n=4000003 kind=add wg=256 items=1 cap=65535 passes=3 gpu_median_us=202.083 gpu_p90_us=212.583 host_median_us=337.000 host_p90_us=353.625 max_abs_error=0.04199219
gpu_samples_us=[202.208, 201.917, 203.333, 212.583, 198.375, 202.083, 202.25, 198.667, 202.0, 198.875, 197.792, 203.375, 214.5, 202.375, 198.75, 204.5, 201.209]
host_samples_us=[344.458, 340.333, 328.875, 353.625, 341.0, 325.667, 330.167, 352.584, 811.417, 329.166, 325.708, 332.792, 337.0, 337.292, 320.125, 331.125, 346.333]
n=4000003 kind=shuffle wg=256 items=1 cap=256 passes=2 gpu_median_us=26.750 gpu_p90_us=29.583 host_median_us=163.125 host_p90_us=177.250 max_abs_error=0.02050781
gpu_samples_us=[25.666, 25.375, 26.958, 26.209, 28.917, 25.791, 29.583, 25.625, 26.75, 29.459, 25.458, 29.292, 26.709, 29.333, 25.75, 29.459, 29.667]
host_samples_us=[167.75, 163.125, 154.584, 177.25, 164.833, 148.167, 173.167, 167.667, 234.666, 154.417, 154.417, 151.708, 158.125, 166.084, 155.542, 154.0, 172.459]
n=4000003 kind=shuffle wg=256 items=1 cap=1024 passes=3 gpu_median_us=29.583 gpu_p90_us=35.000 host_median_us=161.167 host_p90_us=190.000 max_abs_error=0.02050781
gpu_samples_us=[32.75, 28.917, 29.709, 29.583, 29.209, 34.209, 29.208, 29.042, 36.792, 29.042, 29.0, 29.25, 32.875, 35.0, 29.042, 29.583, 33.458]
host_samples_us=[172.042, 157.667, 154.417, 190.0, 171.666, 156.709, 165.625, 171.334, 255.667, 159.25, 161.167, 156.917, 166.125, 169.709, 153.459, 159.917, 151.834]
n=4000003 kind=shuffle wg=256 items=1 cap=4096 passes=3 gpu_median_us=70.417 gpu_p90_us=146.292 host_median_us=204.583 host_p90_us=214.625 max_abs_error=0.02050781
gpu_samples_us=[70.417, 67.0, 66.875, 66.209, 70.833, 67.917, 70.125, 182.083, 73.333, 66.75, 66.125, 146.292, 66.959, 70.625, 110.833, 70.667, 71.333]
host_samples_us=[204.583, 208.375, 211.0, 205.5, 197.25, 197.333, 207.916, 206.416, 393.208, 188.458, 195.209, 192.0, 192.459, 194.666, 195.834, 209.417, 214.625]
n=4000003 kind=shuffle wg=256 items=1 cap=65535 passes=3 gpu_median_us=216.250 gpu_p90_us=326.833 host_median_us=347.667 host_p90_us=361.250 max_abs_error=0.08300781
gpu_samples_us=[217.167, 217.708, 212.875, 216.5, 216.25, 214.0, 212.959, 491.292, 267.833, 218.042, 326.833, 218.291, 215.708, 212.5, 215.375, 215.958, 215.916]
host_samples_us=[354.834, 361.25, 359.5, 359.583, 342.583, 340.792, 340.458, 359.875, 953.5, 344.792, 340.75, 332.292, 347.667, 340.375, 340.125, 358.375, 357.208]
n=4000003 kind=tree wg=256 items=4 cap=256 passes=2 gpu_median_us=42.959 gpu_p90_us=95.750 host_median_us=175.209 host_p90_us=184.416 max_abs_error=0.04199219
gpu_samples_us=[43.292, 42.959, 39.708, 39.583, 43.542, 43.417, 95.75, 164.083, 45.917, 39.833, 39.666, 39.583, 39.625, 39.75, 40.416, 43.291, 43.334]
host_samples_us=[178.583, 179.5, 173.084, 174.042, 167.834, 166.875, 179.792, 179.5, 497.66700000000003, 170.0, 161.667, 175.209, 184.416, 166.875, 165.584, 182.125, 178.167]
n=4000003 kind=tree wg=256 items=4 cap=1024 passes=2 gpu_median_us=42.167 gpu_p90_us=44.958 host_median_us=178.625 host_p90_us=317.208 max_abs_error=0.04199219
gpu_samples_us=[42.709, 39.709, 39.125, 39.5, 42.916, 44.958, 42.167, 171.875, 41.666, 40.583, 43.333, 43.292, 39.333, 42.792, 42.834, 39.25, 41.958]
host_samples_us=[172.042, 179.959, 169.875, 170.833, 178.625, 164.792, 183.459, 292.75, 317.208, 173.0, 161.375, 185.5, 182.834, 168.167, 171.875, 182.167, 343.083]
n=4000003 kind=tree wg=256 items=4 cap=4096 passes=3 gpu_median_us=75.584 gpu_p90_us=80.750 host_median_us=206.750 host_p90_us=217.958 max_abs_error=0.02050781
gpu_samples_us=[75.167, 75.584, 71.292, 71.5, 75.375, 75.833, 71.875, 320.375, 80.75, 71.709, 76.334, 75.708, 76.042, 71.542, 76.042, 71.5, 76.166]
host_samples_us=[208.916, 212.167, 215.125, 200.917, 200.166, 200.5, 217.25, 197.083, 474.125, 196.042, 195.875, 206.75, 217.958, 211.542, 196.5, 201.542, 214.5]
n=4000003 kind=tree wg=256 items=4 cap=65535 passes=3 gpu_median_us=75.458 gpu_p90_us=80.292 host_median_us=207.291 host_p90_us=220.625 max_abs_error=0.02050781
gpu_samples_us=[71.667, 76.208, 71.0, 71.667, 75.583, 76.209, 74.25, 320.208, 80.292, 76.292, 71.583, 76.167, 71.542, 71.333, 75.458, 76.041, 75.084]
host_samples_us=[213.875, 213.042, 214.041, 200.5, 200.875, 195.083, 207.291, 203.0, 504.208, 195.042, 203.0, 207.334, 220.625, 209.292, 206.792, 213.917, 194.375]
n=4000003 kind=add wg=256 items=4 cap=256 passes=2 gpu_median_us=41.000 gpu_p90_us=42.167 host_median_us=174.084 host_p90_us=202.458 max_abs_error=0.04199219
gpu_samples_us=[38.041, 38.125, 38.916, 38.167, 41.292, 38.166, 38.417, 158.375, 41.542, 41.041, 41.625, 41.625, 37.875, 37.875, 42.167, 41.0, 41.917]
host_samples_us=[178.291, 176.583, 160.25, 170.583, 164.583, 174.084, 170.5, 171.917, 289.209, 163.542, 173.833, 183.625, 181.875, 174.583, 202.458, 179.75, 168.125]
n=4000003 kind=add wg=256 items=4 cap=1024 passes=2 gpu_median_us=38.250 gpu_p90_us=40.666 host_median_us=169.292 host_p90_us=301.709 max_abs_error=0.04199219
gpu_samples_us=[34.708, 38.959, 38.958, 35.666, 38.25, 38.583, 38.625, 150.708, 40.666, 39.0, 35.042, 35.625, 35.125, 38.417, 34.875, 37.042, 34.875]
host_samples_us=[177.0, 174.875, 301.709, 169.292, 155.625, 163.583, 166.583, 158.375, 338.959, 162.291, 161.583, 187.667, 176.167, 169.833, 168.791, 177.208, 156.916]
n=4000003 kind=add wg=256 items=4 cap=4096 passes=3 gpu_median_us=71.791 gpu_p90_us=74.542 host_median_us=202.458 host_p90_us=269.000 max_abs_error=0.04199219
gpu_samples_us=[73.083, 68.25, 73.125, 69.458, 73.458, 68.292, 73.958, 239.667, 74.542, 71.791, 73.125, 72.834, 68.917, 69.125, 68.75, 68.833, 68.791]
host_samples_us=[211.208, 210.666, 207.291, 202.458, 191.416, 198.125, 269.0, 199.792, 372.334, 199.666, 194.833, 211.833, 218.833, 198.125, 196.0, 212.042, 192.0]
n=4000003 kind=add wg=256 items=4 cap=65535 passes=3 gpu_median_us=72.334 gpu_p90_us=74.458 host_median_us=201.708 host_p90_us=259.667 max_abs_error=0.04199219
gpu_samples_us=[68.875, 68.958, 73.042, 73.208, 73.125, 121.333, 73.459, 72.458, 70.541, 74.458, 68.166, 68.833, 68.792, 72.334, 73.25, 69.417, 69.291]
host_samples_us=[212.166, 207.917, 199.084, 197.25, 259.667, 197.375, 210.5, 203.417, 373.875, 201.708, 199.125, 210.291, 213.292, 191.167, 195.292, 200.416, 196.125]
n=4000003 kind=shuffle wg=256 items=4 cap=256 passes=2 gpu_median_us=39.042 gpu_p90_us=42.958 host_median_us=169.292 host_p90_us=193.083 max_abs_error=0.04199219
gpu_samples_us=[42.958, 38.625, 38.458, 42.541, 38.666, 41.792, 42.417, 38.583, 42.042, 38.75, 39.042, 38.75, 38.834, 39.042, 42.958, 38.542, 42.625]
host_samples_us=[182.667, 193.083, 169.292, 165.625, 188.125, 165.625, 168.333, 171.417, 294.583, 167.333, 162.25, 178.167, 179.458, 168.375, 160.375, 177.917, 165.875]
n=4000003 kind=shuffle wg=256 items=4 cap=1024 passes=2 gpu_median_us=38.167 gpu_p90_us=42.000 host_median_us=170.917 host_p90_us=291.916 max_abs_error=0.04199219
gpu_samples_us=[38.083, 37.958, 38.75, 41.875, 38.083, 38.792, 38.125, 41.25, 44.208, 38.125, 38.167, 38.25, 38.0, 38.584, 38.125, 38.042, 42.0]
host_samples_us=[311.292, 176.875, 163.833, 169.834, 178.75, 166.542, 158.25, 163.125, 291.916, 163.125, 162.292, 173.125, 178.042, 232.291, 170.917, 179.167, 161.5]
n=4000003 kind=shuffle wg=256 items=4 cap=4096 passes=3 gpu_median_us=75.000 gpu_p90_us=76.375 host_median_us=208.250 host_p90_us=221.666 max_abs_error=0.02050781
gpu_samples_us=[75.625, 70.25, 76.375, 71.125, 74.208, 75.709, 70.541, 71.667, 77.208, 75.5, 72.041, 71.25, 71.209, 75.25, 75.0, 75.25, 76.167]
host_samples_us=[213.417, 212.666, 192.333, 201.125, 202.75, 197.959, 208.25, 194.167, 424.583, 196.25, 192.834, 214.209, 212.417, 205.792, 218.0, 214.291, 221.666]
n=4000003 kind=shuffle wg=256 items=4 cap=65535 passes=3 gpu_median_us=74.042 gpu_p90_us=75.917 host_median_us=201.000 host_p90_us=229.000 max_abs_error=0.02050781
gpu_samples_us=[70.708, 71.792, 75.458, 75.125, 73.667, 71.25, 74.042, 74.834, 76.75, 73.875, 71.083, 75.917, 71.042, 74.5, 71.333, 75.417, 75.833]
host_samples_us=[214.541, 201.0, 189.167, 201.0, 199.666, 208.667, 213.959, 199.333, 419.458, 195.625, 193.792, 229.0, 213.958, 196.458, 215.583, 214.625, 195.25]
n=4000003 kind=tree wg=256 items=8 cap=256 passes=2 gpu_median_us=46.750 gpu_p90_us=48.166 host_median_us=175.291 host_p90_us=208.042 max_abs_error=0.02050781
gpu_samples_us=[48.166, 43.75, 48.334, 47.583, 46.834, 43.917, 47.084, 44.083, 46.0, 46.75, 44.167, 47.417, 44.0, 43.916, 47.666, 43.666, 47.833]
host_samples_us=[182.0, 175.291, 168.042, 172.166, 170.791, 169.167, 184.708, 174.208, 304.167, 169.084, 164.958, 188.292, 178.958, 171.25, 200.833, 186.875, 208.042]
n=4000003 kind=tree wg=256 items=8 cap=1024 passes=2 gpu_median_us=53.875 gpu_p90_us=57.000 host_median_us=188.916 host_p90_us=195.750 max_abs_error=0.02050781
gpu_samples_us=[53.875, 50.125, 54.0, 54.459, 49.167, 50.708, 50.625, 50.334, 57.0, 50.334, 84.708, 50.125, 53.917, 55.208, 54.333, 51.375, 53.917]
host_samples_us=[195.75, 188.208, 170.208, 179.708, 174.042, 190.667, 190.083, 176.417, 342.666, 175.5, 171.792, 191.0, 194.792, 178.333, 188.916, 192.375, 190.958]
n=4000003 kind=tree wg=256 items=8 cap=4096 passes=2 gpu_median_us=66.584 gpu_p90_us=74.750 host_median_us=199.625 host_p90_us=213.792 max_abs_error=0.02050781
gpu_samples_us=[66.459, 69.916, 67.0, 69.5, 135.584, 69.75, 69.125, 66.292, 74.75, 65.875, 66.375, 65.625, 66.584, 70.125, 66.0, 66.125, 66.333]
host_samples_us=[199.542, 200.209, 196.5, 196.875, 199.625, 210.959, 198.333, 193.709, 416.25, 188.583, 185.875, 208.125, 213.792, 212.834, 208.875, 206.084, 197.583]
n=4000003 kind=tree wg=256 items=8 cap=65535 passes=2 gpu_median_us=69.125 gpu_p90_us=71.458 host_median_us=200.709 host_p90_us=211.250 max_abs_error=0.02050781
gpu_samples_us=[66.292, 66.958, 70.25, 70.0, 70.917, 69.75, 69.125, 65.875, 74.042, 71.417, 68.958, 66.167, 66.166, 66.709, 71.458, 69.959, 65.625]
host_samples_us=[200.333, 205.084, 185.833, 193.916, 191.0, 205.459, 207.0, 189.333, 427.416, 195.0, 187.084, 211.25, 200.709, 204.334, 193.166, 206.833, 205.75]
n=4000003 kind=add wg=256 items=8 cap=256 passes=2 gpu_median_us=45.875 gpu_p90_us=47.500 host_median_us=176.375 host_p90_us=192.667 max_abs_error=0.02050781
gpu_samples_us=[43.125, 46.0, 47.292, 46.542, 47.5, 45.625, 43.125, 43.041, 49.041, 43.25, 43.792, 42.75, 47.167, 46.708, 46.542, 45.875, 43.25]
host_samples_us=[174.583, 176.0, 163.167, 172.958, 183.625, 174.416, 173.791, 176.5, 316.625, 169.958, 162.0, 185.292, 176.375, 178.125, 182.166, 189.417, 192.667]
n=4000003 kind=add wg=256 items=8 cap=1024 passes=2 gpu_median_us=45.958 gpu_p90_us=50.250 host_median_us=187.375 host_p90_us=197.375 max_abs_error=0.02050781
gpu_samples_us=[45.417, 50.0, 45.75, 45.75, 49.375, 46.167, 45.791, 45.958, 52.542, 45.958, 49.375, 45.583, 45.5, 50.25, 48.917, 50.041, 45.542]
host_samples_us=[175.959, 183.209, 169.583, 172.083, 187.542, 188.417, 180.959, 173.458, 326.5, 172.042, 193.583, 197.375, 189.708, 187.709, 186.333, 187.375, 190.042]
n=4000003 kind=add wg=256 items=8 cap=4096 passes=2 gpu_median_us=59.417 gpu_p90_us=62.875 host_median_us=195.000 host_p90_us=245.000 max_abs_error=0.02050781
gpu_samples_us=[58.667, 62.375, 58.833, 58.416, 58.667, 61.958, 59.417, 58.334, 62.875, 61.541, 58.833, 58.625, 133.125, 62.5, 62.709, 61.917, 58.542]
host_samples_us=[182.75, 188.208, 179.625, 187.458, 200.167, 195.0, 198.625, 188.5, 391.291, 184.625, 245.0, 203.666, 197.875, 194.125, 198.708, 194.917, 200.75]
n=4000003 kind=add wg=256 items=8 cap=65535 passes=2 gpu_median_us=61.334 gpu_p90_us=62.625 host_median_us=194.917 host_p90_us=270.875 max_abs_error=0.02050781
gpu_samples_us=[58.375, 58.833, 62.208, 58.792, 62.208, 58.791, 61.583, 58.834, 62.334, 59.084, 58.541, 58.458, 63.083, 62.625, 61.334, 61.75, 61.792]
host_samples_us=[199.75, 197.75, 270.875, 183.5, 186.875, 185.541, 202.25, 192.167, 440.959, 184.833, 185.0, 194.917, 203.416, 195.0, 192.709, 189.375, 201.959]
n=4000003 kind=shuffle wg=256 items=8 cap=256 passes=2 gpu_median_us=47.125 gpu_p90_us=48.750 host_median_us=186.083 host_p90_us=313.333 max_abs_error=0.04199219
gpu_samples_us=[47.666, 47.417, 48.125, 43.958, 48.5, 44.25, 44.375, 45.5, 50.208, 43.833, 44.5, 47.583, 48.75, 47.125, 48.208, 44.041, 44.167]
host_samples_us=[187.75, 186.083, 203.583, 168.0, 327.25, 184.916, 287.625, 173.792, 313.333, 205.625, 182.125, 179.667, 180.125, 181.708, 188.75, 183.75, 187.667]
n=4000003 kind=shuffle wg=256 items=8 cap=1024 passes=2 gpu_median_us=50.083 gpu_p90_us=54.500 host_median_us=191.125 host_p90_us=217.167 max_abs_error=0.04199219
gpu_samples_us=[52.917, 52.542, 52.083, 49.875, 49.291, 53.084, 48.917, 50.083, 56.042, 49.167, 49.042, 53.625, 53.25, 49.5, 54.5, 49.292, 49.083]
host_samples_us=[194.708, 181.709, 182.792, 180.791, 192.375, 191.125, 193.208, 174.333, 369.834, 204.291, 217.167, 173.375, 188.0, 176.25, 189.917, 192.125, 192.375]
n=4000003 kind=shuffle wg=256 items=8 cap=4096 passes=2 gpu_median_us=68.084 gpu_p90_us=69.292 host_median_us=193.750 host_p90_us=212.834 max_abs_error=0.04199219
gpu_samples_us=[68.584, 65.291, 69.292, 68.875, 68.125, 68.084, 65.542, 64.916, 73.417, 66.208, 65.209, 67.875, 69.041, 68.708, 69.125, 65.5, 65.083]
host_samples_us=[209.333, 205.667, 212.834, 189.666, 191.417, 179.083, 190.708, 193.167, 727.333, 195.667, 191.541, 193.75, 209.791, 206.958, 191.208, 211.5, 193.584]
n=4000003 kind=shuffle wg=256 items=8 cap=65535 passes=2 gpu_median_us=67.916 gpu_p90_us=68.834 host_median_us=202.292 host_p90_us=316.417 max_abs_error=0.04199219
gpu_samples_us=[68.834, 68.584, 68.292, 67.959, 64.958, 68.416, 64.917, 65.333, 72.917, 67.541, 64.75, 65.0, 68.792, 65.292, 67.916, 68.625, 64.709]
host_samples_us=[207.5, 209.5, 214.792, 195.916, 199.709, 205.167, 196.042, 181.209, 506.70900000000006, 198.958, 186.834, 206.625, 205.375, 316.417, 187.625, 200.458, 202.292]
n=4000003 kind=tree wg=256 items=16 cap=256 passes=2 gpu_median_us=61.708 gpu_p90_us=87.500 host_median_us=196.459 host_p90_us=216.792 max_abs_error=0.04199219
gpu_samples_us=[58.541, 59.958, 61.916, 58.5, 61.625, 62.625, 129.208, 61.583, 66.791, 61.708, 58.834, 60.042, 63.292, 62.333, 62.667, 59.709, 87.5]
host_samples_us=[197.042, 199.292, 189.75, 187.625, 188.958, 203.625, 186.5, 185.291, 412.5, 185.084, 189.833, 216.792, 197.667, 196.459, 188.333, 206.375, 201.208]
n=4000003 kind=tree wg=256 items=16 cap=1024 passes=2 gpu_median_us=89.458 gpu_p90_us=90.667 host_median_us=223.167 host_p90_us=235.792 max_abs_error=0.04199219
gpu_samples_us=[86.417, 86.458, 86.416, 89.458, 89.0, 86.708, 86.625, 86.417, 92.375, 89.958, 90.625, 86.709, 89.625, 90.375, 89.709, 90.667, 90.166]
host_samples_us=[231.75, 229.5, 235.792, 210.959, 215.417, 209.333, 212.25, 212.875, 539.042, 216.875, 206.584, 228.083, 223.167, 209.125, 228.542, 234.167, 231.875]
n=4000003 kind=tree wg=256 items=16 cap=4096 passes=2 gpu_median_us=89.333 gpu_p90_us=90.209 host_median_us=215.666 host_p90_us=345.459 max_abs_error=0.04199219
gpu_samples_us=[87.0, 86.333, 90.209, 89.708, 86.084, 89.333, 88.333, 89.875, 96.25, 89.166, 86.542, 86.0, 90.084, 89.75, 89.834, 89.875, 86.667]
host_samples_us=[232.917, 223.917, 233.167, 217.166, 212.708, 209.792, 215.709, 212.209, 537.583, 215.666, 208.542, 211.042, 231.667, 212.959, 203.709, 345.459, 202.667]
n=4000003 kind=tree wg=256 items=16 cap=65535 passes=2 gpu_median_us=86.916 gpu_p90_us=90.667 host_median_us=214.000 host_p90_us=232.417 max_abs_error=0.04199219
gpu_samples_us=[89.166, 90.667, 86.25, 86.375, 86.084, 86.166, 86.959, 86.125, 86.792, 86.916, 86.333, 89.5, 86.708, 90.75, 90.167, 89.709, 89.875]
host_samples_us=[226.084, 213.459, 232.417, 209.542, 209.459, 220.208, 214.0, 212.542, 533.667, 224.208, 210.458, 221.833, 216.209, 209.834, 211.209, 230.709, 213.083]
n=4000003 kind=add wg=256 items=16 cap=256 passes=2 gpu_median_us=59.208 gpu_p90_us=61.416 host_median_us=190.959 host_p90_us=206.583 max_abs_error=0.04199219
gpu_samples_us=[60.375, 59.417, 59.625, 59.75, 56.875, 59.208, 56.25, 63.417, 56.5, 56.083, 59.375, 59.167, 59.5, 61.416, 56.333, 55.917, 56.208]
host_samples_us=[193.541, 182.0, 201.125, 179.583, 181.542, 190.25, 184.167, 185.459, 415.625, 200.125, 184.167, 206.583, 195.125, 179.875, 194.792, 190.959, 198.583]
n=4000003 kind=add wg=256 items=16 cap=1024 passes=2 gpu_median_us=84.208 gpu_p90_us=85.167 host_median_us=218.166 host_p90_us=228.333 max_abs_error=0.04199219
gpu_samples_us=[84.792, 85.042, 84.667, 84.875, 81.083, 80.834, 84.666, 85.167, 80.916, 86.208, 81.0, 81.083, 84.208, 84.542, 80.584, 80.792, 84.167]
host_samples_us=[221.958, 223.917, 226.209, 207.375, 208.917, 227.125, 206.917, 209.958, 522.834, 217.417, 207.083, 220.5, 220.625, 205.042, 218.166, 228.333, 208.708]
n=4000003 kind=add wg=256 items=16 cap=4096 passes=2 gpu_median_us=84.625 gpu_p90_us=85.208 host_median_us=220.041 host_p90_us=239.333 max_abs_error=0.04199219
gpu_samples_us=[85.083, 84.875, 81.125, 84.667, 83.959, 150.333, 85.167, 84.542, 84.375, 83.958, 84.625, 81.125, 84.916, 84.958, 85.208, 84.583, 81.208]
host_samples_us=[226.916, 221.25, 207.458, 212.167, 208.375, 239.333, 207.875, 206.875, 526.416, 219.417, 226.084, 223.875, 220.041, 205.709, 221.125, 222.417, 206.25]
n=4000003 kind=add wg=256 items=16 cap=65535 passes=2 gpu_median_us=83.875 gpu_p90_us=85.167 host_median_us=213.584 host_p90_us=232.417 max_abs_error=0.04199219
gpu_samples_us=[80.834, 81.042, 84.0, 85.083, 80.875, 82.75, 82.084, 84.334, 83.875, 81.292, 85.291, 85.041, 81.208, 85.167, 84.459, 83.916, 81.041]
host_samples_us=[220.5, 221.125, 207.583, 210.417, 217.75, 232.417, 208.292, 207.375, 509.75, 213.584, 209.917, 227.25, 220.584, 204.459, 208.917, 229.041, 212.167]
n=4000003 kind=shuffle wg=256 items=16 cap=256 passes=2 gpu_median_us=60.083 gpu_p90_us=61.459 host_median_us=191.375 host_p90_us=203.250 max_abs_error=0.04199219
gpu_samples_us=[57.5, 57.292, 57.209, 61.083, 57.542, 57.791, 57.708, 60.083, 60.584, 60.25, 58.0, 61.584, 61.333, 57.75, 61.459, 61.041, 61.333]
host_samples_us=[198.416, 180.667, 182.917, 185.792, 187.5, 201.334, 188.125, 183.75, 401.458, 193.375, 184.042, 191.375, 196.541, 179.709, 194.584, 199.875, 203.25]
n=4000003 kind=shuffle wg=256 items=16 cap=1024 passes=2 gpu_median_us=84.917 gpu_p90_us=88.875 host_median_us=221.666 host_p90_us=230.709 max_abs_error=0.04199219
gpu_samples_us=[84.458, 84.542, 84.459, 88.792, 84.708, 85.166, 88.5, 84.625, 84.292, 84.917, 84.417, 88.875, 84.75, 89.0, 87.583, 88.625, 88.167]
host_samples_us=[211.958, 204.334, 223.458, 211.208, 219.166, 221.666, 211.417, 210.167, 525.5, 221.875, 219.958, 230.709, 222.458, 208.625, 227.792, 227.417, 224.833]
n=4000003 kind=shuffle wg=256 items=16 cap=4096 passes=2 gpu_median_us=87.334 gpu_p90_us=88.417 host_median_us=215.334 host_p90_us=228.042 max_abs_error=0.04199219
gpu_samples_us=[87.959, 84.333, 84.875, 87.708, 84.75, 87.334, 85.125, 84.667, 87.709, 87.208, 85.0, 88.25, 88.583, 88.375, 83.917, 88.166, 88.417]
host_samples_us=[228.042, 208.375, 219.291, 215.416, 212.292, 208.542, 208.583, 215.334, 527.5, 212.625, 201.667, 226.0, 220.458, 207.083, 211.375, 218.958, 226.334]
n=4000003 kind=shuffle wg=256 items=16 cap=65535 passes=2 gpu_median_us=88.209 gpu_p90_us=88.959 host_median_us=219.500 host_p90_us=240.291 max_abs_error=0.04199219
gpu_samples_us=[88.5, 84.291, 88.209, 85.084, 88.25, 84.834, 89.0, 84.959, 85.083, 87.75, 84.584, 88.959, 88.834, 88.75, 84.459, 88.459, 88.542]
host_samples_us=[218.083, 236.459, 219.5, 209.5, 207.375, 221.459, 215.167, 211.917, 529.25, 224.625, 206.584, 210.583, 221.583, 209.833, 227.0, 240.291, 224.625]
n=16000003 kind=tree wg=64 items=1 cap=256 passes=3 gpu_median_us=411.042 gpu_p90_us=993.875 host_median_us=585.958 host_p90_us=915.083 max_abs_error=0.14550781
gpu_samples_us=[319.75, 319.25, 321.417, 321.291, 325.375, 336.334, 362.792, 406.166, 993.875, 431.792, 484.583, 1085.5, 576.625, 513.5, 434.333, 411.042, 412.875]
host_samples_us=[456.042, 461.708, 490.291, 510.0830000000001, 496.417, 497.12499999999994, 527.167, 588.459, 915.083, 559.459, 666.666, 848.458, 925.584, 794.875, 585.958, 690.208, 587.958]
n=16000003 kind=tree wg=64 items=1 cap=1024 passes=3 gpu_median_us=158.417 gpu_p90_us=378.959 host_median_us=339.166 host_p90_us=601.583 max_abs_error=0.14550781
gpu_samples_us=[127.833, 132.958, 135.792, 130.625, 133.833, 139.583, 134.084, 178.334, 315.917, 150.084, 160.042, 608.417, 378.959, 260.458, 158.417, 180.75, 177.666]
host_samples_us=[268.083, 268.041, 297.333, 310.709, 305.25, 291.042, 340.666, 355.0, 935.541, 313.333, 336.542, 386.042, 601.583, 573.375, 339.166, 423.875, 359.042]
n=16000003 kind=tree wg=64 items=1 cap=4096 passes=3 gpu_median_us=165.584 gpu_p90_us=304.792 host_median_us=329.000 host_p90_us=671.083 max_abs_error=0.14550781
gpu_samples_us=[132.083, 134.792, 134.5, 135.083, 136.625, 140.667, 135.708, 175.25, 304.792, 155.625, 171.833, 438.667, 264.916, 180.875, 165.584, 186.084, 185.083]
host_samples_us=[257.375, 273.083, 285.792, 308.416, 303.625, 297.708, 323.125, 364.583, 928.083, 318.875, 329.0, 417.083, 671.083, 466.708, 337.167, 361.208, 379.834]
n=16000003 kind=tree wg=64 items=1 cap=65535 passes=4 gpu_median_us=297.250 gpu_p90_us=764.792 host_median_us=472.750 host_p90_us=727.417 max_abs_error=0.10449219
gpu_samples_us=[243.208, 318.75, 238.416, 242.667, 242.75, 246.792, 250.667, 284.75, 764.792, 313.791, 365.916, 781.625, 374.709, 323.75, 297.25, 287.875, 297.667]
host_samples_us=[384.041, 386.958, 523.0830000000001, 419.541, 416.375, 394.625, 442.875, 472.75, 727.417, 463.75, 545.875, 584.25, 1014.125, 539.792, 472.167, 484.0, 479.75]
n=16000003 kind=add wg=64 items=1 cap=256 passes=3 gpu_median_us=395.750 gpu_p90_us=973.250 host_median_us=576.709 host_p90_us=762.584 max_abs_error=0.10449219
gpu_samples_us=[310.667, 315.083, 311.542, 311.791, 308.667, 320.666, 342.167, 390.792, 973.25, 420.708, 486.75, 990.833, 511.333, 436.25, 431.084, 395.75, 422.916]
host_samples_us=[440.792, 448.125, 461.083, 488.416, 463.959, 476.583, 520.125, 563.292, 708.708, 585.583, 658.25, 762.584, 1004.7910000000002, 708.709, 586.667, 600.375, 576.709]
n=16000003 kind=add wg=64 items=1 cap=1024 passes=3 gpu_median_us=158.042 gpu_p90_us=337.875 host_median_us=330.834 host_p90_us=565.167 max_abs_error=0.10449219
gpu_samples_us=[132.042, 133.0, 133.625, 134.083, 135.625, 132.833, 138.25, 176.084, 307.042, 143.833, 158.042, 545.875, 260.625, 337.875, 159.25, 180.667, 181.458]
host_samples_us=[265.875, 276.75, 299.125, 309.375, 277.084, 298.625, 330.834, 341.375, 622.5, 312.667, 322.333, 385.792, 565.167, 378.375, 332.875, 349.0, 486.917]
n=16000003 kind=add wg=64 items=1 cap=4096 passes=3 gpu_median_us=151.375 gpu_p90_us=289.334 host_median_us=324.166 host_p90_us=458.833 max_abs_error=0.10449219
gpu_samples_us=[133.583, 135.208, 127.875, 133.375, 147.417, 131.084, 134.209, 168.708, 289.334, 142.083, 151.375, 374.084, 182.959, 261.25, 159.666, 181.0, 179.084]
host_samples_us=[253.91600000000003, 267.042, 300.875, 308.334, 281.875, 309.5, 324.166, 355.25, 658.333, 313.583, 315.333, 416.417, 458.833, 374.209, 333.416, 350.834, 347.083]
n=16000003 kind=add wg=64 items=1 cap=65535 passes=4 gpu_median_us=289.917 gpu_p90_us=444.417 host_median_us=473.833 host_p90_us=637.416 max_abs_error=0.14550781
gpu_samples_us=[244.458, 237.417, 240.167, 236.542, 236.875, 240.041, 250.917, 284.375, 731.042, 310.042, 379.334, 444.417, 366.042, 322.875, 315.875, 289.917, 316.5]
host_samples_us=[370.875, 374.166, 417.042, 409.083, 389.125, 412.583, 443.833, 480.541, 565.708, 481.959, 532.042, 1085.584, 637.416, 545.25, 473.833, 484.75, 466.166]
n=16000003 kind=shuffle wg=64 items=1 cap=256 passes=3 gpu_median_us=420.708 gpu_p90_us=570.917 host_median_us=587.375 host_p90_us=771.250 max_abs_error=0.14550781
gpu_samples_us=[311.042, 312.042, 312.5, 307.041, 309.417, 318.333, 341.583, 399.583, 434.875, 422.75, 540.0, 639.0, 570.917, 426.292, 434.416, 420.708, 440.625]
host_samples_us=[449.5, 464.958, 479.375, 490.291, 457.167, 496.20899999999995, 505.625, 578.833, 665.167, 587.375, 655.417, 1213.667, 771.25, 666.708, 594.458, 604.5, 587.5]
n=16000003 kind=shuffle wg=64 items=1 cap=1024 passes=3 gpu_median_us=145.084 gpu_p90_us=384.583 host_median_us=324.375 host_p90_us=456.583 max_abs_error=0.14550781
gpu_samples_us=[132.833, 134.416, 132.709, 132.667, 132.583, 134.542, 141.875, 178.959, 384.583, 145.084, 186.459, 386.458, 375.625, 143.208, 161.708, 185.667, 178.625]
host_samples_us=[264.625, 301.5, 299.375, 302.333, 289.584, 313.333, 320.958, 371.709, 412.208, 310.208, 324.375, 528.375, 456.583, 371.5, 332.417, 361.25, 342.75]
n=16000003 kind=shuffle wg=64 items=1 cap=4096 passes=3 gpu_median_us=145.667 gpu_p90_us=276.875 host_median_us=328.042 host_p90_us=397.166 max_abs_error=0.14550781
gpu_samples_us=[128.834, 130.875, 128.542, 131.208, 133.0, 136.542, 132.75, 177.709, 377.0, 145.667, 159.459, 263.625, 276.875, 143.916, 171.875, 182.042, 185.125]
host_samples_us=[272.833, 268.542, 295.5, 307.375, 282.792, 301.833, 328.042, 363.5, 372.416, 310.958, 325.167, 505.12500000000006, 390.083, 397.166, 330.375, 388.25, 337.125]
n=16000003 kind=shuffle wg=64 items=1 cap=65535 passes=4 gpu_median_us=310.125 gpu_p90_us=396.958 host_median_us=476.417 host_p90_us=622.958 max_abs_error=0.14550781
gpu_samples_us=[237.333, 236.291, 240.916, 237.5, 240.417, 239.292, 248.583, 285.375, 376.709, 310.125, 396.958, 744.834, 363.791, 310.791, 316.625, 316.208, 319.834]
host_samples_us=[378.25, 383.375, 404.083, 420.125, 391.208, 413.208, 433.292, 475.75, 495.959, 481.75, 546.75, 908.166, 622.958, 547.458, 476.417, 598.917, 477.333]
n=16000003 kind=tree wg=64 items=4 cap=256 passes=2 gpu_median_us=458.875 gpu_p90_us=639.500 host_median_us=624.459 host_p90_us=1306.333 max_abs_error=0.35449219
gpu_samples_us=[331.0, 332.792, 329.375, 328.125, 340.042, 341.584, 366.416, 395.916, 549.792, 461.0, 639.5, 1148.708, 610.834, 458.875, 483.792, 472.833, 472.458]
host_samples_us=[472.334, 471.833, 486.416, 511.95799999999997, 476.5, 520.8749999999999, 538.667, 589.125, 634.0, 624.459, 691.75, 1313.958, 1306.333, 754.875, 631.041, 683.292, 664.042]
n=16000003 kind=tree wg=64 items=4 cap=1024 passes=3 gpu_median_us=180.542 gpu_p90_us=435.959 host_median_us=346.292 host_p90_us=556.875 max_abs_error=0.14550781
gpu_samples_us=[132.208, 135.541, 135.292, 134.375, 139.292, 136.541, 146.75, 161.75, 435.959, 180.542, 297.375, 598.292, 391.666, 180.75, 184.5, 194.083, 195.583]
host_samples_us=[257.917, 262.708, 302.167, 325.625, 283.291, 309.875, 315.709, 360.167, 432.958, 344.958, 389.792, 556.875, 785.791, 542.958, 346.292, 477.25, 357.416]
n=16000003 kind=tree wg=64 items=4 cap=4096 passes=3 gpu_median_us=172.583 gpu_p90_us=407.375 host_median_us=369.084 host_p90_us=476.000 max_abs_error=0.14550781
gpu_samples_us=[145.5, 146.958, 148.375, 144.125, 144.5, 148.042, 154.833, 165.709, 276.959, 181.417, 258.959, 622.166, 407.375, 172.583, 186.5, 205.5, 201.083]
host_samples_us=[398.208, 292.042, 317.25, 325.75, 296.292, 322.25, 327.083, 385.333, 410.5, 341.708, 370.958, 486.084, 451.833, 476.0, 363.125, 441.667, 369.084]
n=16000003 kind=tree wg=64 items=4 cap=65535 passes=3 gpu_median_us=400.375 gpu_p90_us=602.166 host_median_us=563.167 host_p90_us=800.583 max_abs_error=0.14550781
gpu_samples_us=[237.0, 237.208, 241.375, 241.417, 237.5, 254.167, 289.041, 317.083, 400.375, 400.458, 596.041, 1086.875, 602.166, 406.0, 410.25, 472.833, 401.083]
host_samples_us=[359.0, 383.667, 411.792, 416.25, 392.042, 421.333, 450.792, 509.125, 648.834, 563.167, 636.5, 800.583, 805.333, 695.792, 566.833, 600.416, 564.416]
n=16000003 kind=add wg=64 items=4 cap=256 passes=2 gpu_median_us=421.250 gpu_p90_us=688.250 host_median_us=604.959 host_p90_us=831.416 max_abs_error=0.10449219
gpu_samples_us=[334.458, 335.625, 333.458, 338.541, 335.125, 342.584, 385.083, 388.792, 475.167, 461.584, 637.458, 1153.375, 688.25, 421.25, 431.208, 479.417, 470.791]
host_samples_us=[457.917, 461.25, 498.54200000000003, 511.87499999999994, 495.20900000000006, 542.083, 539.458, 576.25, 753.541, 616.666, 699.542, 872.917, 831.416, 787.5, 666.208, 605.625, 604.959]
n=16000003 kind=add wg=64 items=4 cap=1024 passes=3 gpu_median_us=165.875 gpu_p90_us=386.083 host_median_us=365.291 host_p90_us=522.083 max_abs_error=0.14550781
gpu_samples_us=[130.834, 134.542, 132.042, 137.458, 132.917, 137.375, 146.209, 147.166, 386.083, 172.708, 277.292, 553.25, 386.041, 211.875, 165.875, 190.25, 192.125]
host_samples_us=[256.83299999999997, 263.375, 288.708, 312.209, 307.125, 325.792, 328.875, 365.291, 414.042, 334.708, 396.875, 462.291, 522.083, 567.916, 365.417, 373.333, 371.583]
n=16000003 kind=add wg=64 items=4 cap=4096 passes=3 gpu_median_us=166.958 gpu_p90_us=299.625 host_median_us=371.541 host_p90_us=434.875 max_abs_error=0.14550781
gpu_samples_us=[141.75, 143.459, 144.125, 140.25, 138.834, 147.416, 159.792, 149.042, 270.667, 173.375, 238.125, 565.708, 299.625, 166.958, 178.625, 198.75, 240.209]
host_samples_us=[257.041, 391.833, 299.458, 316.625, 316.375, 317.709, 331.958, 378.5, 400.917, 321.584, 340.208, 420.333, 497.1669999999999, 434.875, 417.0, 371.541, 372.167]
n=16000003 kind=add wg=64 items=4 cap=65535 passes=3 gpu_median_us=273.666 gpu_p90_us=468.916 host_median_us=459.375 host_p90_us=636.666 max_abs_error=0.10449219
gpu_samples_us=[232.125, 231.417, 232.416, 232.709, 228.625, 232.083, 250.667, 273.666, 329.0, 312.458, 462.5, 471.625, 468.916, 273.333, 287.667, 317.292, 313.042]
host_samples_us=[352.917, 376.459, 397.209, 404.0, 401.25, 398.958, 425.334, 459.375, 523.042, 476.792, 490.166, 689.708, 636.666, 496.583, 545.875, 456.458, 607.208]
n=16000003 kind=shuffle wg=64 items=4 cap=256 passes=2 gpu_median_us=416.417 gpu_p90_us=675.167 host_median_us=618.750 host_p90_us=897.584 max_abs_error=0.10449219
gpu_samples_us=[336.042, 336.75, 337.0, 336.375, 339.667, 343.542, 387.208, 411.417, 511.916, 469.291, 564.834, 688.792, 675.167, 416.417, 441.917, 478.459, 473.458]
host_samples_us=[489.834, 470.042, 493.7080000000001, 503.042, 506.708, 508.49999999999994, 549.917, 594.125, 661.917, 629.542, 639.041, 898.459, 897.584, 696.75, 651.375, 618.75, 620.709]
n=16000003 kind=shuffle wg=64 items=4 cap=1024 passes=3 gpu_median_us=175.000 gpu_p90_us=385.959 host_median_us=354.292 host_p90_us=478.125 max_abs_error=0.14550781
gpu_samples_us=[131.834, 136.125, 139.083, 132.667, 136.166, 141.584, 150.833, 235.417, 274.834, 175.0, 206.208, 393.042, 385.959, 174.708, 226.542, 187.792, 192.167]
host_samples_us=[263.042, 257.584, 298.208, 324.709, 314.167, 440.167, 442.417, 381.583, 389.208, 336.583, 352.208, 478.125, 571.083, 354.292, 351.75, 361.875, 357.917]
n=16000003 kind=shuffle wg=64 items=4 cap=4096 passes=3 gpu_median_us=176.041 gpu_p90_us=313.958 host_median_us=361.875 host_p90_us=519.167 max_abs_error=0.14550781
gpu_samples_us=[147.958, 147.917, 150.875, 144.792, 152.125, 153.542, 160.834, 245.333, 214.125, 175.916, 199.709, 331.5, 313.958, 176.041, 180.75, 206.75, 215.708]
host_samples_us=[264.625, 269.875, 308.834, 326.916, 323.375, 303.375, 339.917, 377.583, 582.125, 340.459, 363.75, 519.1669999999999, 490.917, 379.833, 408.666, 375.042, 361.875]
n=16000003 kind=shuffle wg=64 items=4 cap=65535 passes=3 gpu_median_us=346.125 gpu_p90_us=590.459 host_median_us=551.333 host_p90_us=800.500 max_abs_error=0.10449219
gpu_samples_us=[234.542, 234.666, 237.875, 234.417, 235.292, 270.292, 309.625, 348.583, 394.167, 393.834, 456.125, 590.459, 590.542, 393.375, 345.0, 346.125, 399.541]
host_samples_us=[363.167, 363.708, 398.583, 415.958, 412.833, 409.417, 470.709, 559.959, 684.833, 551.333, 574.208, 800.5, 809.083, 570.333, 577.125, 541.292, 559.0]
n=16000003 kind=tree wg=64 items=8 cap=256 passes=2 gpu_median_us=439.167 gpu_p90_us=728.791 host_median_us=622.583 host_p90_us=866.208 max_abs_error=0.14550781
gpu_samples_us=[337.667, 342.333, 339.208, 335.792, 335.833, 359.292, 398.208, 436.375, 485.125, 469.375, 522.959, 731.292, 728.791, 472.166, 440.875, 439.167, 491.125]
host_samples_us=[468.666, 464.834, 499.042, 506.12499999999994, 515.084, 494.959, 553.833, 648.125, 739.625, 622.583, 643.458, 866.208, 894.875, 707.666, 652.083, 602.75, 636.292]
n=16000003 kind=tree wg=64 items=8 cap=1024 passes=3 gpu_median_us=197.542 gpu_p90_us=401.959 host_median_us=375.292 host_p90_us=609.292 max_abs_error=0.14550781
gpu_samples_us=[141.833, 143.25, 142.958, 145.041, 140.375, 151.042, 161.917, 197.542, 394.166, 237.084, 285.167, 480.167, 401.959, 234.625, 181.542, 201.875, 385.875]
host_samples_us=[267.833, 265.416, 309.917, 328.417, 322.541, 296.459, 337.958, 375.292, 645.416, 411.833, 412.584, 577.583, 609.292, 413.625, 383.875, 468.833, 368.542]
n=16000003 kind=tree wg=64 items=8 cap=4096 passes=3 gpu_median_us=206.875 gpu_p90_us=345.375 host_median_us=386.042 host_p90_us=585.042 max_abs_error=0.14550781
gpu_samples_us=[155.75, 159.458, 155.792, 163.042, 159.708, 167.542, 174.542, 217.167, 288.458, 218.125, 246.625, 685.25, 345.375, 220.625, 206.875, 201.166, 306.042]
host_samples_us=[284.583, 284.833, 316.084, 336.875, 340.042, 311.166, 361.042, 377.667, 585.042, 392.834, 386.042, 496.083, 588.541, 454.5, 395.375, 393.75, 406.958]
n=16000003 kind=tree wg=64 items=8 cap=65535 passes=3 gpu_median_us=337.542 gpu_p90_us=567.375 host_median_us=532.084 host_p90_us=736.625 max_abs_error=0.14550781
gpu_samples_us=[231.0, 226.5, 226.5, 229.667, 227.25, 261.709, 275.541, 337.542, 551.208, 379.75, 439.667, 1310.25, 567.375, 388.791, 388.917, 333.542, 386.334]
host_samples_us=[361.25, 356.875, 394.75, 405.5, 410.292, 397.834, 532.084, 516.292, 705.875, 560.708, 562.334, 804.542, 736.625, 718.208, 558.625, 518.542, 558.875]
n=16000003 kind=add wg=64 items=8 cap=256 passes=2 gpu_median_us=462.625 gpu_p90_us=1161.917 host_median_us=590.917 host_p90_us=912.334 max_abs_error=0.10449219
gpu_samples_us=[335.292, 337.667, 337.917, 336.542, 336.209, 359.25, 367.917, 431.833, 1168.083, 467.5, 583.833, 1161.917, 731.125, 469.542, 462.625, 505.042, 488.333]
host_samples_us=[460.834, 465.333, 496.625, 516.6669999999999, 516.167, 516.208, 569.875, 590.917, 704.334, 643.416, 654.25, 912.334, 929.833, 707.0, 584.958, 612.792, 657.792]
n=16000003 kind=add wg=64 items=8 cap=1024 passes=3 gpu_median_us=193.125 gpu_p90_us=640.458 host_median_us=380.459 host_p90_us=681.875 max_abs_error=0.14550781
gpu_samples_us=[140.375, 144.75, 140.416, 142.75, 141.25, 149.458, 153.291, 193.125, 701.125, 236.083, 341.292, 640.458, 396.666, 258.792, 236.083, 192.125, 214.125]
host_samples_us=[265.875, 267.458, 307.583, 316.916, 317.834, 296.416, 358.833, 397.542, 467.541, 414.209, 455.958, 681.875, 759.209, 462.958, 454.667, 380.459, 379.75]
n=16000003 kind=add wg=64 items=8 cap=4096 passes=3 gpu_median_us=205.709 gpu_p90_us=642.625 host_median_us=379.041 host_p90_us=684.250 max_abs_error=0.14550781
gpu_samples_us=[154.875, 158.125, 184.833, 159.708, 156.292, 162.542, 163.125, 205.709, 692.083, 206.75, 300.125, 642.625, 321.75, 211.708, 210.792, 203.916, 219.083]
host_samples_us=[275.833, 281.375, 324.0, 334.042, 321.833, 322.542, 365.5, 403.167, 513.084, 380.125, 406.875, 739.75, 684.25, 431.833, 381.208, 379.041, 373.958]
n=16000003 kind=add wg=64 items=8 cap=65535 passes=3 gpu_median_us=307.708 gpu_p90_us=945.791 host_median_us=495.250 host_p90_us=900.833 max_abs_error=0.14550781
gpu_samples_us=[205.833, 209.75, 209.0, 209.792, 206.041, 233.5, 245.167, 306.041, 945.791, 344.75, 511.5, 946.125, 517.708, 351.459, 355.416, 307.708, 349.583]
host_samples_us=[335.375, 334.25, 373.417, 380.791, 378.25, 370.167, 439.083, 495.25000000000006, 618.958, 514.0830000000001, 572.875, 1131.5, 900.833, 670.542, 464.417, 687.0, 500.2919999999999]
n=16000003 kind=shuffle wg=64 items=8 cap=256 passes=2 gpu_median_us=464.041 gpu_p90_us=839.541 host_median_us=619.666 host_p90_us=1290.833 max_abs_error=0.35449219
gpu_samples_us=[335.083, 336.417, 339.708, 340.167, 335.458, 356.042, 367.5, 434.042, 1213.0, 466.083, 636.125, 839.541, 719.833, 484.292, 493.166, 464.041, 541.125]
host_samples_us=[462.25, 464.291, 503.04099999999994, 508.167, 514.2499999999999, 499.62499999999994, 566.416, 619.666, 788.792, 638.792, 736.792, 1290.833, 1327.5, 780.292, 583.25, 685.333, 634.5]
n=16000003 kind=shuffle wg=64 items=8 cap=1024 passes=3 gpu_median_us=209.459 gpu_p90_us=408.792 host_median_us=363.625 host_p90_us=888.417 max_abs_error=0.14550781
gpu_samples_us=[140.042, 144.25, 138.458, 139.417, 142.375, 152.208, 155.75, 196.084, 708.541, 240.083, 359.833, 405.833, 408.792, 251.541, 220.792, 209.459, 378.958]
host_samples_us=[274.791, 275.041, 305.959, 321.458, 416.75, 304.375, 357.709, 363.625, 489.292, 410.542, 458.292, 888.417, 952.0, 520.583, 351.209, 384.0, 362.875]
n=16000003 kind=shuffle wg=64 items=8 cap=4096 passes=3 gpu_median_us=215.625 gpu_p90_us=337.667 host_median_us=392.000 host_p90_us=786.125 max_abs_error=0.14550781
gpu_samples_us=[153.417, 155.166, 159.583, 155.791, 155.458, 155.792, 176.0, 197.208, 674.709, 215.625, 321.833, 327.958, 337.667, 221.75, 217.125, 221.042, 284.0]
host_samples_us=[281.292, 287.125, 318.708, 322.083, 335.958, 355.416, 365.417, 392.0, 429.083, 395.208, 423.375, 811.25, 786.125, 423.291, 488.417, 424.833, 382.292]
n=16000003 kind=shuffle wg=64 items=8 cap=65535 passes=3 gpu_median_us=344.125 gpu_p90_us=587.167 host_median_us=548.541 host_p90_us=891.708 max_abs_error=0.10449219
gpu_samples_us=[229.833, 233.75, 233.25, 233.958, 230.208, 249.042, 274.334, 303.166, 1057.375, 385.917, 587.167, 579.833, 573.958, 391.917, 344.125, 390.042, 386.667]
host_samples_us=[354.792, 361.542, 403.708, 398.375, 428.208, 392.625, 473.542, 501.708, 564.417, 558.417, 622.958, 1015.5419999999999, 891.708, 623.375, 551.583, 548.541, 555.792]
n=16000003 kind=tree wg=64 items=16 cap=256 passes=2 gpu_median_us=446.125 gpu_p90_us=746.916 host_median_us=633.666 host_p90_us=925.000 max_abs_error=0.14550781
gpu_samples_us=[346.375, 345.125, 345.875, 343.541, 343.5, 354.0, 377.75, 402.916, 1196.167, 479.959, 727.209, 746.916, 714.625, 493.75, 446.125, 500.875, 488.833]
host_samples_us=[472.042, 471.25, 505.33299999999997, 515.958, 520.666, 511.292, 578.875, 603.375, 680.875, 647.167, 716.75, 932.208, 925.0, 761.292, 633.666, 698.292, 667.125]
n=16000003 kind=tree wg=64 items=16 cap=1024 passes=2 gpu_median_us=270.083 gpu_p90_us=463.125 host_median_us=459.208 host_p90_us=689.875 max_abs_error=0.14550781
gpu_samples_us=[203.041, 204.375, 204.292, 203.625, 201.042, 213.208, 232.875, 247.833, 833.459, 295.0, 457.208, 463.125, 436.042, 271.292, 270.083, 365.75, 300.375]
host_samples_us=[334.292, 335.458, 364.5, 365.25, 381.541, 380.25, 430.083, 459.208, 497.04100000000005, 460.958, 508.37500000000006, 709.958, 689.875, 609.125, 453.042, 466.959, 512.4580000000001]
n=16000003 kind=tree wg=64 items=16 cap=4096 passes=3 gpu_median_us=290.459 gpu_p90_us=514.541 host_median_us=494.708 host_p90_us=684.000 max_abs_error=0.14550781
gpu_samples_us=[209.333, 212.667, 213.167, 213.167, 212.291, 219.167, 245.625, 267.417, 929.875, 337.666, 496.958, 514.541, 388.542, 295.25, 290.459, 349.25, 329.166]
host_samples_us=[337.333, 345.25, 367.333, 388.166, 393.75, 402.875, 423.417, 466.291, 533.0, 615.0, 547.0, 727.166, 684.0, 515.834, 494.70799999999997, 516.375, 515.5]
n=16000003 kind=tree wg=64 items=16 cap=65535 passes=3 gpu_median_us=457.334 gpu_p90_us=809.458 host_median_us=680.500 host_p90_us=995.834 max_abs_error=0.14550781
gpu_samples_us=[309.875, 310.458, 314.042, 310.042, 332.25, 335.75, 376.708, 412.167, 1423.292, 521.916, 787.417, 809.458, 616.917, 466.041, 457.334, 523.167, 574.541]
host_samples_us=[440.25, 441.125, 463.916, 478.333, 487.417, 516.083, 572.333, 612.25, 693.542, 703.292, 777.334, 1016.084, 995.8339999999998, 725.125, 714.417, 730.25, 680.5]
n=16000003 kind=add wg=64 items=16 cap=256 passes=2 gpu_median_us=440.833 gpu_p90_us=1156.209 host_median_us=629.875 host_p90_us=925.292 max_abs_error=0.10449219
gpu_samples_us=[343.167, 344.209, 343.0, 344.042, 344.708, 354.0, 392.167, 406.708, 1209.291, 478.167, 720.458, 1156.209, 693.792, 442.75, 440.833, 509.25, 511.375]
host_samples_us=[471.0, 471.0, 505.16700000000003, 499.50000000000006, 518.833, 527.0, 578.667, 620.833, 676.667, 651.417, 709.5, 925.292, 931.083, 678.041, 703.5, 720.834, 629.875]
n=16000003 kind=add wg=64 items=16 cap=1024 passes=2 gpu_median_us=264.666 gpu_p90_us=760.167 host_median_us=485.958 host_p90_us=655.416 max_abs_error=0.10449219
gpu_samples_us=[200.75, 199.834, 203.375, 202.375, 203.166, 210.0, 242.791, 262.583, 812.917, 292.417, 355.042, 760.167, 465.416, 264.792, 264.666, 400.0, 395.666]
host_samples_us=[328.958, 328.875, 357.833, 353.0, 372.291, 551.0, 414.708, 452.25, 512.291, 532.042, 515.0000000000001, 655.416, 670.375, 570.875, 485.958, 536.916, 432.958]
n=16000003 kind=add wg=64 items=16 cap=4096 passes=3 gpu_median_us=283.417 gpu_p90_us=899.334 host_median_us=477.500 host_p90_us=679.625 max_abs_error=0.10449219
gpu_samples_us=[207.125, 206.667, 213.209, 207.792, 205.0, 213.417, 252.333, 283.417, 908.5, 312.334, 387.75, 899.334, 589.334, 286.0, 278.625, 344.042, 352.083]
host_samples_us=[331.25, 345.375, 366.167, 350.25, 384.291, 396.208, 419.875, 477.5, 506.25, 488.99999999999994, 536.375, 715.042, 679.625, 532.833, 479.5, 487.333, 465.041]
n=16000003 kind=add wg=64 items=16 cap=65535 passes=3 gpu_median_us=439.709 gpu_p90_us=1343.542 host_median_us=601.875 host_p90_us=945.167 max_abs_error=0.14550781
gpu_samples_us=[293.167, 293.042, 292.583, 296.375, 292.959, 320.5, 441.375, 439.709, 1343.542, 490.792, 585.666, 1352.917, 741.292, 439.167, 435.208, 502.416, 513.75]
host_samples_us=[420.375, 426.042, 454.458, 447.791, 467.875, 491.584, 542.208, 601.875, 699.042, 657.667, 735.708, 968.917, 945.167, 680.709, 662.041, 754.042, 594.875]
n=16000003 kind=shuffle wg=64 items=16 cap=256 passes=2 gpu_median_us=449.875 gpu_p90_us=1166.709 host_median_us=621.542 host_p90_us=908.416 max_abs_error=0.10449219
gpu_samples_us=[347.416, 343.917, 346.084, 344.417, 343.791, 358.75, 404.667, 449.875, 1209.333, 482.792, 547.542, 1166.709, 740.0, 491.417, 447.833, 473.959, 539.041]
host_samples_us=[472.875, 476.75, 512.0, 501.5, 519.8330000000001, 515.8749999999999, 582.834, 621.542, 804.958, 640.667, 717.625, 918.583, 908.416, 721.791, 696.042, 660.125, 612.5]
n=16000003 kind=shuffle wg=64 items=16 cap=1024 passes=2 gpu_median_us=272.083 gpu_p90_us=756.000 host_median_us=444.167 host_p90_us=680.250 max_abs_error=0.10449219
gpu_samples_us=[203.0, 200.375, 205.292, 203.458, 201.25, 211.166, 243.25, 272.083, 852.791, 293.625, 335.958, 756.0, 458.916, 287.125, 269.292, 273.125, 406.417]
host_samples_us=[328.416, 337.792, 352.375, 353.167, 382.208, 379.833, 420.167, 452.5, 534.541, 937.709, 509.2919999999999, 673.5, 680.25, 602.541, 511.62500000000006, 444.167, 435.375]
n=16000003 kind=shuffle wg=64 items=16 cap=4096 passes=3 gpu_median_us=294.500 gpu_p90_us=635.834 host_median_us=477.750 host_p90_us=742.625 max_abs_error=0.14550781
gpu_samples_us=[208.125, 205.958, 209.75, 212.75, 207.25, 223.0, 258.584, 288.833, 910.166, 320.042, 393.667, 635.834, 482.208, 318.208, 377.083, 294.5, 356.292]
host_samples_us=[334.208, 327.875, 385.584, 358.25, 375.375, 397.5, 424.917, 477.75, 523.1250000000001, 1053.25, 535.875, 742.625, 706.667, 513.2500000000001, 543.417, 458.291, 563.708]
n=16000003 kind=shuffle wg=64 items=16 cap=65535 passes=3 gpu_median_us=455.250 gpu_p90_us=775.750 host_median_us=632.292 host_p90_us=986.709 max_abs_error=0.14550781
gpu_samples_us=[306.0, 307.917, 309.292, 306.25, 308.417, 305.917, 403.375, 451.042, 1408.458, 513.583, 636.625, 775.208, 775.75, 590.166, 455.5, 455.25, 524.334]
host_samples_us=[437.042, 441.125, 456.25, 456.333, 483.25, 514.3749999999999, 547.166, 603.75, 702.708, 1567.916, 722.083, 986.7089999999998, 924.625, 733.292, 732.375, 632.292, 637.958]
n=16000003 kind=tree wg=128 items=1 cap=256 passes=3 gpu_median_us=225.250 gpu_p90_us=411.167 host_median_us=413.042 host_p90_us=582.625 max_abs_error=0.14550781
gpu_samples_us=[175.417, 180.5, 178.792, 176.459, 175.958, 182.916, 204.291, 220.792, 643.667, 233.667, 299.708, 411.167, 408.625, 240.584, 225.25, 225.959, 231.333]
host_samples_us=[302.125, 307.041, 332.375, 331.167, 356.584, 362.541, 366.708, 392.5, 428.666, 737.417, 426.416, 561.416, 582.625, 462.375, 414.583, 413.042, 421.625]
n=16000003 kind=tree wg=128 items=1 cap=1024 passes=3 gpu_median_us=199.250 gpu_p90_us=320.958 host_median_us=369.917 host_p90_us=546.417 max_abs_error=0.10449219
gpu_samples_us=[154.333, 161.042, 156.542, 154.708, 156.709, 164.333, 165.583, 205.75, 661.417, 176.5, 199.25, 320.958, 319.209, 218.0, 215.5, 209.75, 237.916]
host_samples_us=[275.333, 297.417, 300.166, 307.792, 330.5, 339.333, 339.666, 369.917, 478.5, 546.417, 362.75, 744.209, 518.167, 379.5, 395.708, 402.959, 401.375]
n=16000003 kind=tree wg=128 items=1 cap=4096 passes=3 gpu_median_us=160.833 gpu_p90_us=264.625 host_median_us=346.333 host_p90_us=506.459 max_abs_error=0.10449219
gpu_samples_us=[124.958, 125.167, 126.5, 127.667, 124.042, 126.834, 135.166, 166.042, 525.666, 140.959, 172.958, 192.125, 201.584, 174.292, 177.542, 264.625, 160.833]
host_samples_us=[248.62499999999997, 264.833, 268.375, 275.917, 297.125, 305.5, 295.542, 357.75, 406.042, 506.459, 330.375, 534.667, 373.333, 358.5, 346.333, 352.917, 350.042]
n=16000003 kind=tree wg=128 items=1 cap=65535 passes=4 gpu_median_us=545.709 gpu_p90_us=918.500 host_median_us=743.250 host_p90_us=1684.500 max_abs_error=0.14550781
gpu_samples_us=[452.167, 449.708, 448.625, 451.208, 448.459, 447.375, 496.666, 546.792, 1518.625, 604.333, 918.5, 790.708, 772.417, 610.625, 572.875, 519.75, 545.709]
host_samples_us=[586.208, 579.5, 594.666, 602.333, 642.25, 662.5, 695.166, 723.75, 788.792, 1684.5, 820.25, 1736.75, 1070.666, 895.584, 789.916, 764.625, 743.25]
n=16000003 kind=add wg=128 items=1 cap=256 passes=3 gpu_median_us=213.833 gpu_p90_us=337.666 host_median_us=403.333 host_p90_us=722.292 max_abs_error=0.10449219
gpu_samples_us=[174.083, 175.416, 173.666, 175.167, 171.792, 177.0, 198.375, 213.833, 666.834, 228.125, 337.666, 323.25, 289.959, 239.875, 238.167, 208.916, 255.792]
host_samples_us=[305.625, 311.167, 320.833, 323.042, 347.084, 325.667, 383.833, 413.917, 445.458, 722.292, 413.167, 827.834, 584.458, 590.375, 403.333, 420.125, 397.708]
n=16000003 kind=add wg=128 items=1 cap=1024 passes=3 gpu_median_us=199.708 gpu_p90_us=322.792 host_median_us=376.958 host_p90_us=577.083 max_abs_error=0.10449219
gpu_samples_us=[152.291, 154.584, 156.125, 156.0, 155.625, 160.959, 160.625, 205.625, 594.0, 171.209, 199.708, 322.792, 222.708, 213.542, 219.0, 288.25, 205.459]
host_samples_us=[281.916, 296.0, 303.834, 299.5, 336.5, 319.375, 345.792, 390.625, 577.083, 521.333, 350.75, 577.584, 574.416, 515.1659999999999, 376.958, 382.041, 394.375]
n=16000003 kind=add wg=128 items=1 cap=4096 passes=3 gpu_median_us=152.208 gpu_p90_us=175.625 host_median_us=342.542 host_p90_us=498.959 max_abs_error=0.14550781
gpu_samples_us=[116.083, 124.5, 119.875, 125.042, 120.292, 120.75, 125.916, 160.584, 543.625, 128.834, 152.208, 175.625, 168.833, 169.542, 169.5, 172.084, 165.208]
host_samples_us=[244.33400000000003, 245.375, 276.916, 270.708, 294.75, 295.083, 309.375, 498.959, 383.334, 438.333, 316.833, 495.667, 535.5, 429.708, 350.291, 345.25, 342.542]
n=16000003 kind=add wg=128 items=1 cap=65535 passes=4 gpu_median_us=551.666 gpu_p90_us=1360.500 host_median_us=727.958 host_p90_us=1547.583 max_abs_error=0.14550781
gpu_samples_us=[447.916, 449.417, 445.833, 442.208, 443.375, 455.667, 463.625, 529.0, 1404.916, 590.084, 734.208, 1360.5, 680.0, 614.958, 598.542, 551.666, 554.75]
host_samples_us=[576.708, 587.084, 603.792, 598.292, 613.959, 669.75, 681.167, 727.958, 972.375, 1177.083, 779.041, 1547.583, 1566.625, 881.875, 746.25, 708.959, 769.875]
n=16000003 kind=shuffle wg=128 items=1 cap=256 passes=3 gpu_median_us=231.708 gpu_p90_us=668.583 host_median_us=406.375 host_p90_us=690.334 max_abs_error=0.14550781
gpu_samples_us=[175.042, 173.125, 174.333, 173.125, 172.875, 178.625, 192.25, 217.625, 668.792, 231.708, 308.792, 668.583, 288.667, 271.875, 239.0, 243.583, 244.375]
host_samples_us=[300.084, 307.875, 324.792, 353.583, 344.958, 365.417, 377.958, 413.917, 506.458, 503.917, 408.041, 825.208, 690.334, 468.208, 406.0, 439.333, 406.375]
n=16000003 kind=shuffle wg=128 items=1 cap=1024 passes=3 gpu_median_us=181.333 gpu_p90_us=550.584 host_median_us=377.834 host_p90_us=478.458 max_abs_error=0.14550781
gpu_samples_us=[156.541, 153.125, 157.292, 158.333, 158.917, 165.042, 163.208, 174.417, 616.792, 181.333, 205.75, 474.875, 220.333, 550.584, 216.792, 221.25, 218.042]
host_samples_us=[276.541, 286.25, 304.666, 311.875, 325.0, 328.666, 345.083, 408.458, 478.458, 384.958, 369.542, 538.292, 475.583, 377.834, 379.917, 395.042, 381.834]
n=16000003 kind=shuffle wg=128 items=1 cap=4096 passes=3 gpu_median_us=138.041 gpu_p90_us=399.584 host_median_us=328.125 host_p90_us=383.792 max_abs_error=0.10449219
gpu_samples_us=[125.167, 123.375, 124.917, 123.666, 119.25, 123.375, 125.458, 135.5, 566.25, 138.041, 173.417, 399.584, 177.625, 349.084, 263.292, 171.792, 170.459]
host_samples_us=[243.166, 254.0, 272.459, 302.375, 291.167, 309.333, 371.166, 378.625, 383.792, 351.166, 318.208, 488.9169999999999, 348.458, 355.875, 335.166, 316.208, 328.125]
n=16000003 kind=shuffle wg=128 items=1 cap=65535 passes=4 gpu_median_us=594.375 gpu_p90_us=1467.625 host_median_us=711.083 host_p90_us=1071.000 max_abs_error=0.14550781
gpu_samples_us=[445.458, 449.75, 447.959, 444.917, 448.0, 455.041, 463.458, 532.125, 1471.458, 594.375, 765.083, 1467.625, 755.375, 699.416, 711.542, 603.417, 601.5]
host_samples_us=[575.917, 576.958, 647.958, 626.417, 625.291, 615.417, 682.875, 763.833, 880.625, 1359.417, 808.916, 1071.0, 1043.6670000000001, 902.875, 698.292, 711.083, 758.833]
n=16000003 kind=tree wg=128 items=4 cap=256 passes=2 gpu_median_us=245.042 gpu_p90_us=570.167 host_median_us=416.833 host_p90_us=569.042 max_abs_error=0.14550781
gpu_samples_us=[176.958, 179.417, 181.708, 181.333, 183.084, 188.5, 202.958, 205.625, 658.959, 245.667, 354.042, 570.167, 403.792, 371.709, 245.042, 255.792, 258.667]
host_samples_us=[300.583, 310.5, 330.334, 360.666, 356.916, 351.167, 378.333, 440.75, 508.29200000000003, 689.541, 461.25, 569.042, 490.875, 452.5, 418.167, 405.542, 416.833]
n=16000003 kind=tree wg=128 items=4 cap=1024 passes=3 gpu_median_us=196.833 gpu_p90_us=377.708 host_median_us=404.833 host_p90_us=602.917 max_abs_error=0.14550781
gpu_samples_us=[165.583, 168.5, 162.459, 170.959, 169.292, 181.375, 185.583, 192.125, 487.667, 196.833, 274.0, 376.75, 377.708, 319.666, 235.291, 245.709, 244.459]
host_samples_us=[392.792, 300.0, 314.5, 335.458, 339.5, 320.375, 368.417, 452.5, 500.4169999999999, 697.0, 404.833, 602.917, 508.41600000000005, 428.0, 407.542, 390.542, 465.083]
n=16000003 kind=tree wg=128 items=4 cap=4096 passes=3 gpu_median_us=182.417 gpu_p90_us=300.041 host_median_us=354.125 host_p90_us=491.959 max_abs_error=0.14550781
gpu_samples_us=[136.042, 132.542, 139.0, 136.333, 137.167, 136.417, 147.25, 161.791, 491.5, 182.417, 279.334, 300.041, 293.75, 201.625, 185.291, 199.042, 201.209]
host_samples_us=[253.209, 267.834, 288.75, 314.208, 323.916, 297.333, 338.0, 408.209, 472.0, 616.583, 389.625, 491.95900000000006, 472.417, 380.542, 351.584, 354.125, 426.75]
n=16000003 kind=tree wg=128 items=4 cap=65535 passes=3 gpu_median_us=358.625 gpu_p90_us=615.167 host_median_us=593.208 host_p90_us=812.625 max_abs_error=0.14550781
gpu_samples_us=[244.375, 243.708, 244.208, 243.458, 240.125, 257.167, 317.917, 354.5, 1100.167, 404.625, 615.167, 605.208, 607.042, 410.125, 358.625, 475.958, 405.417]
host_samples_us=[369.917, 374.25, 404.209, 508.41700000000003, 412.916, 404.583, 486.084, 593.208, 650.041, 774.791, 707.542, 836.584, 812.625, 678.375, 529.417, 731.833, 610.542]
n=16000003 kind=add wg=128 items=4 cap=256 passes=2 gpu_median_us=238.750 gpu_p90_us=366.834 host_median_us=416.667 host_p90_us=551.417 max_abs_error=0.10449219
gpu_samples_us=[179.667, 183.125, 183.917, 181.458, 182.084, 190.25, 213.875, 222.167, 569.75, 246.75, 357.791, 360.333, 366.834, 258.583, 238.75, 260.625, 260.458]
host_samples_us=[300.25, 312.458, 349.5, 357.834, 358.375, 373.125, 383.541, 452.25, 513.4169999999999, 522.3750000000001, 457.917, 551.417, 565.875, 465.25, 416.667, 411.083, 469.541]
n=16000003 kind=add wg=128 items=4 cap=1024 passes=3 gpu_median_us=201.208 gpu_p90_us=363.167 host_median_us=402.667 host_p90_us=490.375 max_abs_error=0.14550781
gpu_samples_us=[165.917, 165.875, 166.584, 165.083, 163.666, 176.667, 188.083, 201.208, 459.541, 191.542, 255.667, 362.292, 363.167, 239.75, 225.791, 345.542, 240.125]
host_samples_us=[299.417, 303.709, 338.5, 337.708, 339.542, 351.959, 393.708, 434.833, 490.37500000000006, 446.083, 394.834, 452.334, 600.792, 447.167, 413.584, 414.542, 402.667]
n=16000003 kind=add wg=128 items=4 cap=4096 passes=3 gpu_median_us=167.000 gpu_p90_us=259.167 host_median_us=351.583 host_p90_us=446.708 max_abs_error=0.14550781
gpu_samples_us=[126.458, 132.125, 128.583, 126.541, 138.583, 134.584, 143.333, 151.917, 450.5, 167.0, 259.167, 251.666, 248.791, 188.583, 175.959, 254.458, 191.292]
host_samples_us=[253.70900000000003, 271.916, 286.125, 312.041, 314.208, 328.458, 343.833, 370.083, 446.708, 423.209, 374.875, 426.375, 430.25, 468.625, 351.583, 352.084, 348.0]
n=16000003 kind=add wg=128 items=4 cap=65535 passes=3 gpu_median_us=290.125 gpu_p90_us=466.083 host_median_us=480.875 host_p90_us=645.083 max_abs_error=0.14550781
gpu_samples_us=[239.166, 237.167, 241.0, 235.792, 242.0, 242.958, 264.709, 284.375, 822.5, 316.583, 466.083, 450.666, 450.875, 323.5, 290.125, 315.75, 324.917]
host_samples_us=[362.666, 379.333, 396.208, 411.375, 410.708, 423.375, 461.083, 466.833, 565.083, 639.375, 535.292, 645.083, 655.375, 578.791, 480.875, 483.333, 484.042]
n=16000003 kind=shuffle wg=128 items=4 cap=256 passes=2 gpu_median_us=241.917 gpu_p90_us=382.834 host_median_us=411.250 host_p90_us=531.000 max_abs_error=0.10449219
gpu_samples_us=[180.292, 183.583, 184.542, 184.334, 382.834, 190.5, 216.25, 223.75, 603.208, 246.042, 344.375, 336.5, 331.625, 253.209, 241.917, 238.833, 260.417]
host_samples_us=[303.542, 324.083, 338.709, 359.292, 357.875, 357.583, 388.083, 402.584, 491.2080000000001, 518.1250000000001, 454.417, 531.0, 540.125, 523.0840000000001, 436.042, 411.25, 419.083]
n=16000003 kind=shuffle wg=128 items=4 cap=1024 passes=3 gpu_median_us=204.375 gpu_p90_us=473.042 host_median_us=398.209 host_p90_us=506.292 max_abs_error=0.14550781
gpu_samples_us=[170.583, 170.209, 167.292, 172.75, 171.292, 171.625, 194.0, 204.375, 473.042, 195.417, 278.292, 483.375, 263.792, 250.333, 231.667, 231.875, 251.917]
host_samples_us=[296.292, 315.292, 326.542, 341.833, 347.125, 357.917, 381.0, 398.209, 498.959, 437.916, 377.625, 468.708, 677.167, 506.292, 409.958, 410.417, 410.583]
n=16000003 kind=shuffle wg=128 items=4 cap=4096 passes=3 gpu_median_us=180.291 gpu_p90_us=289.250 host_median_us=362.375 host_p90_us=462.541 max_abs_error=0.14550781
gpu_samples_us=[134.25, 130.166, 135.334, 130.958, 135.958, 135.583, 150.583, 160.75, 483.958, 180.291, 277.042, 289.25, 213.042, 195.584, 181.25, 181.75, 192.375]
host_samples_us=[257.0, 318.583, 294.75, 362.375, 311.167, 313.667, 346.833, 367.708, 425.917, 462.541, 397.791, 442.875, 464.917, 427.292, 361.166, 361.292, 371.542]
n=16000003 kind=shuffle wg=128 items=4 cap=65535 passes=3 gpu_median_us=338.583 gpu_p90_us=585.667 host_median_us=549.834 host_p90_us=769.875 max_abs_error=0.14550781
gpu_samples_us=[243.583, 242.917, 242.958, 240.084, 239.125, 250.75, 302.166, 337.916, 1046.0, 384.875, 585.667, 574.167, 450.667, 385.667, 341.917, 338.583, 387.459]
host_samples_us=[365.542, 388.625, 397.125, 425.666, 416.958, 438.708, 479.791, 509.0, 594.334, 745.208, 632.125, 787.542, 769.875, 672.541, 552.25, 549.834, 567.25]
n=16000003 kind=tree wg=128 items=8 cap=256 passes=2 gpu_median_us=246.000 gpu_p90_us=601.542 host_median_us=441.041 host_p90_us=571.583 max_abs_error=0.14550781
gpu_samples_us=[182.542, 187.208, 186.375, 183.959, 184.792, 192.958, 210.417, 228.25, 601.542, 256.334, 357.584, 636.166, 296.083, 268.75, 247.875, 246.0, 265.125]
host_samples_us=[310.708, 322.875, 343.959, 371.25, 357.166, 357.459, 395.75, 438.208, 475.333, 529.75, 464.0, 582.583, 571.583, 495.708, 441.041, 443.834, 460.333]
n=16000003 kind=tree wg=128 items=8 cap=1024 passes=2 gpu_median_us=238.167 gpu_p90_us=542.291 host_median_us=429.292 host_p90_us=576.833 max_abs_error=0.14550781
gpu_samples_us=[189.625, 189.542, 190.375, 181.833, 194.958, 196.083, 214.625, 222.834, 542.291, 238.167, 306.25, 548.375, 294.834, 266.709, 252.334, 248.625, 274.416]
host_samples_us=[311.417, 318.292, 346.542, 373.541, 358.583, 361.708, 408.792, 429.292, 543.25, 481.75, 445.334, 730.5, 576.833, 437.75, 435.625, 426.292, 446.083]
n=16000003 kind=tree wg=128 items=8 cap=4096 passes=3 gpu_median_us=216.584 gpu_p90_us=622.000 host_median_us=407.959 host_p90_us=542.417 max_abs_error=0.14550781
gpu_samples_us=[157.125, 158.208, 154.625, 153.042, 157.459, 165.125, 191.833, 207.042, 622.0, 232.209, 367.792, 713.291, 273.042, 243.042, 216.584, 220.334, 241.667]
host_samples_us=[279.458, 285.834, 303.792, 331.916, 336.458, 316.209, 385.167, 403.375, 445.75, 519.041, 461.166, 818.917, 542.417, 407.959, 421.417, 412.291, 427.583]
n=16000003 kind=tree wg=128 items=8 cap=65535 passes=3 gpu_median_us=343.583 gpu_p90_us=1043.208 host_median_us=542.667 host_p90_us=776.875 max_abs_error=0.14550781
gpu_samples_us=[233.0, 232.333, 229.209, 229.458, 230.125, 245.75, 303.375, 338.0, 1043.208, 385.625, 587.916, 1052.25, 447.708, 391.375, 387.125, 343.583, 388.584]
host_samples_us=[352.708, 351.292, 399.708, 414.084, 423.541, 395.333, 481.542, 521.7499999999999, 587.625, 747.917, 630.542, 1452.541, 776.875, 547.291, 564.5, 542.667, 566.875]
n=16000003 kind=add wg=128 items=8 cap=256 passes=2 gpu_median_us=242.459 gpu_p90_us=600.500 host_median_us=425.792 host_p90_us=562.166 max_abs_error=0.14550781
gpu_samples_us=[186.792, 186.833, 183.084, 184.041, 184.084, 189.958, 221.75, 231.917, 600.5, 253.459, 376.625, 688.291, 301.125, 266.791, 257.75, 246.208, 242.459]
host_samples_us=[306.084, 330.709, 352.0, 346.875, 370.833, 374.834, 403.458, 448.666, 516.959, 527.375, 468.292, 921.417, 562.166, 419.167, 454.667, 425.792, 436.75]
n=16000003 kind=add wg=128 items=8 cap=1024 passes=2 gpu_median_us=224.709 gpu_p90_us=520.375 host_median_us=421.208 host_p90_us=539.791 max_abs_error=0.14550781
gpu_samples_us=[158.375, 163.917, 181.959, 160.625, 186.875, 168.917, 202.667, 213.333, 520.375, 229.542, 311.542, 680.542, 284.292, 250.166, 251.708, 248.917, 224.709]
host_samples_us=[313.917, 284.916, 351.25, 322.291, 341.917, 364.083, 381.166, 421.208, 478.25, 470.875, 434.459, 874.542, 539.791, 455.834, 430.125, 418.292, 431.875]
n=16000003 kind=add wg=128 items=8 cap=4096 passes=3 gpu_median_us=202.250 gpu_p90_us=391.917 host_median_us=390.458 host_p90_us=853.333 max_abs_error=0.10449219
gpu_samples_us=[150.417, 150.083, 145.625, 144.875, 152.375, 153.375, 166.583, 194.209, 590.0, 221.334, 338.417, 391.917, 260.916, 226.0, 228.708, 202.25, 205.375]
host_samples_us=[270.0, 277.875, 311.625, 327.125, 323.625, 324.792, 335.792, 395.083, 446.375, 500.49999999999994, 439.334, 853.333, 920.584, 402.959, 390.458, 387.375, 404.167]
n=16000003 kind=add wg=128 items=8 cap=65535 passes=3 gpu_median_us=342.666 gpu_p90_us=520.000 host_median_us=486.250 host_p90_us=1144.625 max_abs_error=0.14550781
gpu_samples_us=[204.042, 208.917, 204.375, 204.333, 207.083, 204.959, 243.875, 304.0, 927.125, 342.666, 517.084, 520.0, 416.333, 343.875, 342.958, 343.375, 343.459]
host_samples_us=[332.5, 333.334, 370.375, 387.083, 389.583, 387.75, 381.166, 486.25, 546.959, 690.042, 575.417, 1169.917, 1144.625, 534.708, 552.834, 496.91700000000003, 480.75]
n=16000003 kind=shuffle wg=128 items=8 cap=256 passes=2 gpu_median_us=254.958 gpu_p90_us=429.917 host_median_us=427.709 host_p90_us=649.875 max_abs_error=0.14550781
gpu_samples_us=[186.375, 186.167, 184.834, 188.667, 186.084, 185.125, 206.75, 228.292, 600.25, 254.958, 376.625, 429.917, 342.292, 262.916, 266.834, 262.542, 260.875]
host_samples_us=[305.125, 313.416, 334.084, 376.5, 364.5, 373.958, 353.833, 451.625, 506.83399999999995, 534.416, 449.583, 848.459, 649.875, 436.334, 479.125, 427.709, 424.875]
n=16000003 kind=shuffle wg=128 items=8 cap=1024 passes=2 gpu_median_us=232.542 gpu_p90_us=395.209 host_median_us=417.250 host_p90_us=595.500 max_abs_error=0.14550781
gpu_samples_us=[188.292, 161.542, 187.458, 187.041, 189.959, 191.416, 182.958, 218.042, 529.625, 232.542, 338.584, 395.209, 313.375, 262.292, 260.583, 256.667, 270.792]
host_samples_us=[306.542, 317.0, 354.292, 369.917, 339.083, 394.042, 377.167, 417.25, 517.541, 499.0, 439.291, 595.5, 727.584, 453.334, 423.5, 397.833, 526.75]
n=16000003 kind=shuffle wg=128 items=8 cap=4096 passes=3 gpu_median_us=233.541 gpu_p90_us=360.334 host_median_us=394.250 host_p90_us=538.875 max_abs_error=0.10449219
gpu_samples_us=[155.417, 153.583, 155.583, 151.583, 158.375, 155.417, 172.875, 205.959, 624.959, 233.541, 269.417, 360.334, 341.333, 240.375, 239.375, 241.458, 240.0]
host_samples_us=[283.958, 295.667, 311.917, 321.583, 394.25, 333.416, 338.625, 398.458, 502.04100000000005, 519.1669999999999, 395.333, 568.916, 538.875, 419.042, 407.959, 393.084, 377.875]
n=16000003 kind=shuffle wg=128 items=8 cap=65535 passes=3 gpu_median_us=384.292 gpu_p90_us=679.417 host_median_us=516.083 host_p90_us=764.667 max_abs_error=0.10449219
gpu_samples_us=[228.708, 232.792, 232.667, 229.042, 228.791, 244.584, 273.917, 337.25, 1353.5, 384.292, 452.667, 583.917, 679.417, 390.0, 463.167, 385.541, 388.084]
host_samples_us=[365.875, 407.709, 401.292, 412.208, 420.917, 400.459, 431.875, 516.083, 633.833, 760.875, 544.041, 783.458, 764.667, 555.958, 548.75, 536.5, 504.25000000000006]
n=16000003 kind=tree wg=128 items=16 cap=256 passes=2 gpu_median_us=267.333 gpu_p90_us=470.084 host_median_us=442.084 host_p90_us=631.333 max_abs_error=0.14550781
gpu_samples_us=[199.25, 198.333, 198.417, 200.25, 201.458, 203.583, 224.5, 259.583, 961.0, 272.042, 337.75, 460.459, 470.084, 300.458, 267.333, 297.542, 301.458]
host_samples_us=[318.75, 328.792, 346.042, 367.458, 374.541, 356.709, 380.75, 467.75, 536.25, 606.042, 464.042, 643.208, 631.333, 485.125, 471.416, 442.084, 440.583]
n=16000003 kind=tree wg=128 items=16 cap=1024 passes=2 gpu_median_us=281.083 gpu_p90_us=477.041 host_median_us=446.208 host_p90_us=692.416 max_abs_error=0.14550781
gpu_samples_us=[206.708, 204.875, 205.25, 202.375, 206.792, 213.292, 233.792, 298.458, 783.75, 270.791, 343.125, 477.041, 447.5, 302.542, 281.083, 304.0, 305.625]
host_samples_us=[334.042, 329.375, 363.083, 369.666, 375.917, 367.625, 404.375, 475.125, 554.167, 602.75, 462.125, 692.416, 691.541, 696.292, 485.875, 446.208, 444.084]
n=16000003 kind=tree wg=128 items=16 cap=4096 passes=3 gpu_median_us=395.041 gpu_p90_us=599.042 host_median_us=535.500 host_p90_us=777.583 max_abs_error=0.10449219
gpu_samples_us=[243.5, 239.792, 244.334, 241.25, 242.0, 256.959, 286.125, 395.041, 1069.417, 346.791, 462.625, 599.0, 599.042, 396.291, 403.667, 396.833, 396.833]
host_samples_us=[365.625, 379.083, 407.209, 410.625, 419.542, 403.167, 430.291, 541.417, 648.667, 760.583, 562.208, 860.125, 777.583, 639.292, 593.875, 535.5, 525.583]
n=16000003 kind=tree wg=128 items=16 cap=65535 passes=3 gpu_median_us=464.292 gpu_p90_us=787.250 host_median_us=666.000 host_p90_us=997.334 max_abs_error=0.14550781
gpu_samples_us=[317.25, 314.875, 315.417, 311.584, 313.625, 337.709, 372.416, 464.292, 1422.916, 459.166, 617.708, 787.25, 624.666, 543.333, 529.375, 527.75, 533.167]
host_samples_us=[444.875, 440.958, 473.959, 495.625, 490.4580000000001, 488.125, 572.917, 643.667, 808.042, 955.042, 702.042, 1009.5410000000002, 997.3339999999998, 835.25, 697.958, 666.0, 722.625]
n=16000003 kind=add wg=128 items=16 cap=256 passes=2 gpu_median_us=256.625 gpu_p90_us=838.583 host_median_us=457.458 host_p90_us=625.791 max_abs_error=0.10449219
gpu_samples_us=[193.5, 196.125, 196.5, 199.0, 198.083, 203.5, 222.791, 254.5, 841.458, 256.625, 332.875, 838.583, 408.333, 392.292, 298.166, 296.125, 386.958]
host_samples_us=[318.709, 322.584, 353.167, 372.333, 373.625, 362.375, 378.083, 465.542, 521.375, 604.25, 461.666, 675.958, 625.791, 561.167, 470.541, 457.458, 451.167]
n=16000003 kind=add wg=128 items=16 cap=1024 passes=2 gpu_median_us=261.208 gpu_p90_us=759.708 host_median_us=451.709 host_p90_us=599.292 max_abs_error=0.10449219
gpu_samples_us=[200.25, 203.75, 203.917, 202.75, 204.0, 209.666, 232.625, 259.75, 759.708, 261.208, 415.834, 833.0, 383.125, 342.958, 332.375, 292.667, 328.75]
host_samples_us=[325.042, 332.375, 368.458, 379.916, 377.333, 362.083, 375.167, 471.625, 530.667, 598.416, 470.959, 612.167, 599.292, 544.333, 529.041, 448.542, 451.709]
n=16000003 kind=add wg=128 items=16 cap=4096 passes=3 gpu_median_us=330.042 gpu_p90_us=1012.459 host_median_us=533.458 host_p90_us=747.250 max_abs_error=0.35449219
gpu_samples_us=[230.167, 228.166, 232.791, 228.333, 228.292, 245.625, 276.666, 328.917, 1012.459, 374.917, 557.083, 1043.375, 441.083, 401.083, 334.959, 330.042, 376.792]
host_samples_us=[356.875, 352.917, 385.667, 395.5, 398.834, 395.125, 421.709, 533.458, 642.916, 743.291, 550.959, 812.167, 747.25, 671.459, 549.375, 512.7499999999999, 534.541]
n=16000003 kind=add wg=128 items=16 cap=65535 passes=3 gpu_median_us=434.917 gpu_p90_us=1332.709 host_median_us=661.541 host_p90_us=906.333 max_abs_error=0.14550781
gpu_samples_us=[296.416, 293.208, 296.25, 293.5, 296.416, 355.833, 385.791, 431.167, 1332.709, 490.25, 727.417, 1354.084, 580.791, 497.75, 441.375, 434.917, 499.333]
host_samples_us=[426.083, 423.417, 448.125, 462.125, 469.042, 469.666, 490.54100000000005, 661.541, 765.208, 743.334, 668.375, 973.5, 906.333, 790.208, 726.417, 590.792, 715.625]
n=16000003 kind=shuffle wg=128 items=16 cap=256 passes=2 gpu_median_us=268.083 gpu_p90_us=710.583 host_median_us=460.375 host_p90_us=668.958 max_abs_error=0.14550781
gpu_samples_us=[199.542, 194.084, 197.208, 194.209, 197.084, 203.334, 233.0, 259.125, 842.334, 303.542, 333.417, 710.583, 405.667, 310.125, 269.166, 268.083, 403.292]
host_samples_us=[320.083, 315.417, 358.625, 363.708, 369.667, 361.042, 386.375, 483.25, 548.75, 504.0, 465.083, 727.083, 668.958, 544.708, 492.1669999999999, 433.334, 460.375]
n=16000003 kind=shuffle wg=128 items=16 cap=1024 passes=2 gpu_median_us=277.083 gpu_p90_us=461.541 host_median_us=463.041 host_p90_us=605.833 max_abs_error=0.14550781
gpu_samples_us=[204.083, 206.209, 205.292, 202.292, 209.167, 217.209, 242.417, 258.625, 1020.583, 294.917, 336.334, 461.541, 377.125, 343.917, 281.541, 277.083, 331.25]
host_samples_us=[326.542, 355.583, 364.0, 380.958, 381.542, 366.708, 387.5, 484.708, 605.833, 507.958, 463.041, 987.5000000000001, 597.792, 566.542, 478.542, 438.792, 465.75]
n=16000003 kind=shuffle wg=128 items=16 cap=4096 passes=3 gpu_median_us=340.916 gpu_p90_us=584.708 host_median_us=553.875 host_p90_us=756.000 max_abs_error=0.35449219
gpu_samples_us=[239.708, 234.459, 234.625, 238.208, 236.416, 251.584, 306.083, 339.959, 1046.042, 386.458, 449.0, 584.708, 459.792, 397.916, 340.916, 347.875, 396.375]
host_samples_us=[362.042, 365.333, 400.042, 418.375, 418.917, 405.0, 530.708, 563.667, 626.166, 612.084, 557.5, 1287.625, 756.0, 681.625, 562.125, 516.5000000000001, 553.875]
n=16000003 kind=shuffle wg=128 items=16 cap=65535 passes=3 gpu_median_us=452.917 gpu_p90_us=780.250 host_median_us=681.209 host_p90_us=957.792 max_abs_error=0.14550781
gpu_samples_us=[310.5, 309.041, 310.834, 311.291, 328.583, 331.875, 365.166, 451.042, 1394.375, 514.167, 615.916, 780.25, 599.083, 522.041, 452.917, 461.542, 525.417]
host_samples_us=[432.75, 434.792, 453.584, 477.5, 482.875, 485.166, 516.084, 681.209, 771.792, 765.625, 686.833, 1622.625, 957.792, 802.25, 742.708, 632.084, 729.209]
n=16000003 kind=tree wg=256 items=1 cap=256 passes=2 gpu_median_us=148.333 gpu_p90_us=378.750 host_median_us=331.166 host_p90_us=579.875 max_abs_error=0.35449219
gpu_samples_us=[131.25, 130.709, 131.791, 132.042, 135.084, 137.375, 136.375, 136.042, 314.042, 148.333, 154.667, 378.75, 318.667, 179.0, 178.042, 175.917, 380.333]
host_samples_us=[253.87499999999997, 266.75, 291.083, 300.083, 299.458, 317.291, 295.583, 385.791, 430.5, 331.166, 325.042, 613.334, 576.291, 579.875, 349.5, 344.375, 362.958]
n=16000003 kind=tree wg=256 items=1 cap=1024 passes=3 gpu_median_us=151.000 gpu_p90_us=288.208 host_median_us=343.625 host_p90_us=476.583 max_abs_error=0.14550781
gpu_samples_us=[133.5, 136.417, 139.834, 133.25, 138.583, 141.875, 141.792, 143.25, 311.166, 151.0, 157.125, 288.208, 266.541, 191.042, 167.709, 185.083, 182.375]
host_samples_us=[268.792, 257.91600000000005, 284.166, 308.834, 309.625, 386.084, 322.708, 415.416, 438.583, 335.792, 326.792, 622.959, 456.416, 476.583, 358.291, 349.084, 343.625]
n=16000003 kind=tree wg=256 items=1 cap=4096 passes=3 gpu_median_us=158.875 gpu_p90_us=276.041 host_median_us=332.083 host_p90_us=447.458 max_abs_error=0.14550781
gpu_samples_us=[127.791, 128.709, 127.625, 131.667, 132.458, 127.917, 134.208, 142.875, 384.625, 158.875, 167.917, 276.041, 193.541, 181.416, 170.5, 180.917, 190.917]
host_samples_us=[247.083, 263.5, 285.25, 293.25, 302.542, 299.459, 298.792, 391.875, 440.875, 347.75, 332.083, 660.666, 388.875, 447.458, 374.0, 326.333, 349.292]
n=16000003 kind=tree wg=256 items=1 cap=65535 passes=3 gpu_median_us=1102.542 gpu_p90_us=1799.625 host_median_us=1315.458 host_p90_us=2069.834 max_abs_error=0.14550781
gpu_samples_us=[891.75, 879.834, 878.917, 886.791, 958.792, 907.458, 947.208, 1101.792, 3107.459, 1241.167, 1494.916, 1799.625, 1544.917, 1247.458, 1244.167, 1102.542, 1105.542]
host_samples_us=[1012.708, 1078.958, 1048.667, 1070.5, 1064.875, 1073.541, 1107.916, 1315.458, 1511.875, 1623.125, 1429.042, 3313.833, 2069.834, 1641.833, 1298.333, 1473.791, 1479.084]
n=16000003 kind=add wg=256 items=1 cap=256 passes=2 gpu_median_us=146.875 gpu_p90_us=529.959 host_median_us=326.875 host_p90_us=617.917 max_abs_error=0.10449219
gpu_samples_us=[130.334, 134.875, 133.041, 137.708, 133.25, 137.916, 174.792, 140.417, 311.541, 143.667, 153.75, 532.208, 529.959, 374.25, 146.875, 174.625, 176.083]
host_samples_us=[257.667, 265.083, 300.875, 311.333, 307.416, 298.541, 314.0, 403.167, 505.542, 325.209, 326.875, 617.917, 781.792, 551.208, 327.459, 573.0, 445.125]
n=16000003 kind=add wg=256 items=1 cap=1024 passes=3 gpu_median_us=146.875 gpu_p90_us=295.750 host_median_us=330.500 host_p90_us=572.709 max_abs_error=0.14550781
gpu_samples_us=[132.333, 132.875, 135.875, 130.125, 132.167, 132.417, 149.542, 146.708, 296.208, 146.875, 148.875, 295.75, 269.25, 258.875, 145.541, 180.416, 178.333]
host_samples_us=[257.12499999999994, 255.375, 299.042, 299.166, 306.417, 330.5, 325.167, 407.5, 442.875, 335.792, 317.25, 572.709, 576.375, 437.875, 313.583, 433.166, 457.417]
n=16000003 kind=add wg=256 items=1 cap=4096 passes=3 gpu_median_us=135.375 gpu_p90_us=292.667 host_median_us=313.125 host_p90_us=443.417 max_abs_error=0.14550781
gpu_samples_us=[120.666, 123.084, 122.292, 118.958, 121.708, 125.25, 123.292, 140.666, 292.667, 132.458, 139.166, 503.5, 177.083, 243.167, 135.375, 167.0, 167.25]
host_samples_us=[247.66700000000003, 249.83299999999997, 293.542, 279.625, 292.0, 309.25, 294.292, 382.209, 386.291, 312.25, 313.583, 443.417, 604.625, 350.584, 313.125, 379.625, 443.417]
n=16000003 kind=add wg=256 items=1 cap=65535 passes=3 gpu_median_us=1025.708 gpu_p90_us=2600.500 host_median_us=1227.667 host_p90_us=1735.000 max_abs_error=0.14550781
gpu_samples_us=[799.875, 802.417, 798.25, 813.458, 803.166, 812.666, 836.75, 977.833, 2600.5, 1099.167, 1294.584, 2601.958, 1451.458, 1126.458, 1217.625, 1025.708, 1071.208]
host_samples_us=[940.459, 1004.125, 968.667, 974.917, 990.459, 980.3749999999999, 1055.25, 1197.958, 1227.667, 1462.792, 1276.958, 1735.0, 1968.0000000000002, 1304.292, 1239.666, 1287.459, 1326.709]
n=16000003 kind=shuffle wg=256 items=1 cap=256 passes=2 gpu_median_us=147.500 gpu_p90_us=504.917 host_median_us=320.000 host_p90_us=574.708 max_abs_error=0.10449219
gpu_samples_us=[128.5, 132.417, 132.958, 133.042, 134.166, 131.0, 143.333, 156.584, 336.042, 142.541, 158.0, 604.333, 504.917, 385.042, 147.5, 287.459, 315.667]
host_samples_us=[249.917, 294.375, 285.542, 295.834, 313.917, 315.625, 320.0, 407.084, 446.958, 325.125, 317.292, 574.708, 577.792, 360.209, 309.834, 351.042, 466.25]
n=16000003 kind=shuffle wg=256 items=1 cap=1024 passes=3 gpu_median_us=152.042 gpu_p90_us=301.791 host_median_us=338.917 host_p90_us=466.625 max_abs_error=0.14550781
gpu_samples_us=[133.291, 136.875, 133.708, 133.459, 138.583, 137.75, 142.542, 163.5, 301.791, 151.042, 163.333, 372.375, 263.041, 263.792, 152.042, 262.375, 258.667]
host_samples_us=[255.95799999999997, 261.417, 287.291, 451.542, 304.958, 317.5, 310.458, 387.0, 426.292, 338.917, 323.583, 466.625, 476.208, 364.959, 337.333, 357.125, 373.667]
n=16000003 kind=shuffle wg=256 items=1 cap=4096 passes=3 gpu_median_us=158.917 gpu_p90_us=257.541 host_median_us=328.292 host_p90_us=399.875 max_abs_error=0.14550781
gpu_samples_us=[119.417, 123.125, 122.667, 166.917, 122.542, 126.25, 129.0, 158.917, 348.959, 149.625, 159.459, 257.541, 183.333, 172.208, 148.542, 246.125, 170.042]
host_samples_us=[244.917, 254.083, 283.084, 314.792, 296.708, 310.458, 299.834, 364.958, 399.875, 329.041, 322.542, 393.75, 448.042, 349.708, 328.292, 328.292, 343.583]
n=16000003 kind=shuffle wg=256 items=1 cap=65535 passes=3 gpu_median_us=1177.625 gpu_p90_us=1679.459 host_median_us=1255.000 host_p90_us=1769.375 max_abs_error=0.35449219
gpu_samples_us=[849.292, 849.625, 860.958, 863.75, 855.625, 853.042, 906.959, 1180.042, 1679.459, 1168.791, 1402.25, 1695.417, 1367.166, 1177.625, 1178.416, 1180.292, 1285.958]
host_samples_us=[1002.583, 1021.667, 1036.5420000000001, 1080.708, 1038.125, 1073.5, 1120.958, 1192.0, 1346.5, 1561.875, 1403.041, 1769.375, 1907.959, 1421.792, 1255.0, 1472.416, 1347.459]
n=16000003 kind=tree wg=256 items=4 cap=256 passes=2 gpu_median_us=190.000 gpu_p90_us=539.375 host_median_us=368.958 host_p90_us=571.584 max_abs_error=0.14550781
gpu_samples_us=[130.875, 134.542, 137.75, 132.375, 137.291, 132.542, 158.709, 186.708, 323.084, 190.0, 319.709, 539.375, 540.208, 381.375, 198.583, 534.333, 402.333]
host_samples_us=[268.792, 286.333, 314.291, 318.042, 314.833, 326.041, 331.25, 359.375, 547.541, 443.0, 424.583, 575.292, 571.584, 436.291, 433.292, 368.958, 375.292]
n=16000003 kind=tree wg=256 items=4 cap=1024 passes=2 gpu_median_us=180.209 gpu_p90_us=318.792 host_median_us=362.833 host_p90_us=558.500 max_abs_error=0.14550781
gpu_samples_us=[146.792, 153.916, 146.584, 151.959, 152.833, 155.875, 159.292, 184.458, 252.542, 166.5, 249.083, 318.792, 399.917, 285.958, 180.209, 215.959, 279.792]
host_samples_us=[283.792, 282.875, 351.75, 325.75, 325.709, 336.625, 334.125, 362.833, 517.667, 386.292, 378.209, 605.792, 558.5, 390.125, 331.042, 413.958, 373.875]
n=16000003 kind=tree wg=256 items=4 cap=4096 passes=3 gpu_median_us=205.750 gpu_p90_us=325.291 host_median_us=379.875 host_p90_us=493.542 max_abs_error=0.14550781
gpu_samples_us=[176.542, 147.334, 146.083, 145.875, 146.292, 156.917, 166.0, 205.75, 325.291, 193.292, 323.125, 325.542, 290.542, 268.75, 223.75, 225.416, 227.791]
host_samples_us=[267.0, 286.25, 294.333, 322.875, 321.0, 329.166, 326.041, 379.875, 492.5, 436.167, 431.541, 806.333, 493.542, 433.291, 368.792, 399.875, 388.625]
n=16000003 kind=tree wg=256 items=4 cap=65535 passes=3 gpu_median_us=370.750 gpu_p90_us=628.708 host_median_us=543.583 host_p90_us=839.458 max_abs_error=0.14550781
gpu_samples_us=[257.959, 257.792, 254.542, 262.0, 260.292, 288.375, 301.542, 370.75, 627.833, 370.042, 628.708, 633.375, 494.917, 423.917, 383.375, 422.167, 422.542]
host_samples_us=[385.0, 395.583, 422.125, 433.458, 429.75, 436.375, 462.292, 524.792, 643.5, 666.041, 661.709, 1349.125, 839.458, 668.417, 600.334, 597.333, 543.583]
n=16000003 kind=add wg=256 items=4 cap=256 passes=2 gpu_median_us=168.916 gpu_p90_us=376.667 host_median_us=341.542 host_p90_us=460.583 max_abs_error=0.10449219
gpu_samples_us=[137.0, 134.125, 134.083, 135.709, 136.75, 138.416, 141.125, 168.916, 316.125, 189.916, 319.208, 553.458, 376.667, 191.834, 161.375, 191.334, 190.958]
host_samples_us=[260.584, 260.37500000000006, 294.833, 296.666, 302.583, 305.625, 321.208, 341.542, 387.625, 409.75, 403.209, 782.5, 460.583, 393.084, 334.417, 353.458, 346.333]
n=16000003 kind=add wg=256 items=4 cap=1024 passes=2 gpu_median_us=162.125 gpu_p90_us=302.125 host_median_us=358.625 host_p90_us=553.792 max_abs_error=0.10449219
gpu_samples_us=[146.167, 149.833, 143.292, 146.125, 144.5, 150.833, 152.75, 176.5, 236.958, 161.375, 240.417, 315.25, 302.125, 203.25, 162.125, 201.084, 205.208]
host_samples_us=[266.208, 267.084, 303.708, 307.333, 316.042, 315.584, 332.125, 358.625, 553.792, 361.209, 365.292, 677.416, 429.5, 389.166, 345.542, 364.833, 381.916]
n=16000003 kind=add wg=256 items=4 cap=4096 passes=3 gpu_median_us=182.791 gpu_p90_us=279.375 host_median_us=346.541 host_p90_us=451.083 max_abs_error=0.10449219
gpu_samples_us=[134.667, 134.375, 132.625, 136.667, 140.333, 141.666, 155.875, 276.292, 277.458, 187.417, 279.666, 279.375, 263.542, 194.209, 169.125, 182.791, 196.625]
host_samples_us=[345.708, 277.583, 286.625, 290.709, 308.625, 303.375, 315.584, 342.0, 451.083, 360.417, 386.916, 772.542, 446.5, 394.75, 353.167, 354.916, 346.541]
n=16000003 kind=add wg=256 items=4 cap=65535 passes=3 gpu_median_us=307.709 gpu_p90_us=496.208 host_median_us=501.375 host_p90_us=703.084 max_abs_error=0.14550781
gpu_samples_us=[255.333, 254.833, 250.875, 259.0, 251.75, 259.708, 277.083, 285.875, 493.042, 342.25, 498.167, 496.208, 408.125, 350.709, 307.709, 312.208, 349.166]
host_samples_us=[405.708, 447.875, 406.083, 427.458, 501.375, 444.25, 428.917, 489.54200000000003, 682.834, 518.4169999999999, 573.291, 1091.084, 703.084, 656.709, 511.208, 542.667, 476.833]
n=16000003 kind=shuffle wg=256 items=4 cap=256 passes=2 gpu_median_us=164.709 gpu_p90_us=304.583 host_median_us=353.875 host_p90_us=490.625 max_abs_error=0.10449219
gpu_samples_us=[130.292, 134.167, 133.583, 132.083, 139.708, 136.541, 148.959, 151.208, 318.375, 189.625, 235.209, 304.583, 271.125, 195.958, 164.709, 185.541, 194.708]
host_samples_us=[267.291, 273.458, 283.917, 313.791, 314.291, 313.125, 305.333, 358.708, 405.375, 357.208, 401.0, 762.334, 490.62499999999994, 412.083, 375.292, 353.875, 349.584]
n=16000003 kind=shuffle wg=256 items=4 cap=1024 passes=2 gpu_median_us=181.417 gpu_p90_us=248.500 host_median_us=365.292 host_p90_us=441.709 max_abs_error=0.10449219
gpu_samples_us=[148.083, 149.458, 181.417, 156.125, 160.208, 146.666, 174.5, 169.792, 248.5, 181.417, 202.25, 589.25, 220.458, 215.792, 168.125, 221.125, 206.709]
host_samples_us=[293.125, 273.125, 309.959, 333.209, 324.208, 335.042, 313.916, 373.167, 408.292, 340.917, 375.416, 808.084, 441.709, 393.458, 365.292, 375.375, 383.917]
n=16000003 kind=shuffle wg=256 items=4 cap=4096 passes=3 gpu_median_us=185.375 gpu_p90_us=311.292 host_median_us=383.584 host_p90_us=524.708 max_abs_error=0.14550781
gpu_samples_us=[143.042, 142.292, 144.25, 141.167, 144.875, 147.458, 154.583, 168.375, 311.292, 210.0, 242.958, 655.792, 244.084, 219.334, 185.375, 194.25, 215.0]
host_samples_us=[280.791, 261.54200000000003, 290.666, 314.791, 321.0, 326.875, 331.083, 363.209, 447.041, 453.5, 391.083, 819.084, 487.084, 434.125, 383.584, 387.0, 524.708]
n=16000003 kind=shuffle wg=256 items=4 cap=65535 passes=3 gpu_median_us=341.208 gpu_p90_us=571.750 host_median_us=517.792 host_p90_us=775.625 max_abs_error=0.14550781
gpu_samples_us=[254.291, 254.458, 255.042, 254.708, 259.208, 263.125, 277.375, 309.667, 571.75, 384.667, 445.334, 938.0, 446.458, 390.833, 347.5, 341.208, 389.416]
host_samples_us=[387.417, 380.375, 412.5, 430.958, 436.25, 426.959, 456.084, 488.458, 583.208, 551.958, 561.584, 775.625, 793.041, 623.584, 550.042, 517.792, 595.208]
n=16000003 kind=tree wg=256 items=8 cap=256 passes=2 gpu_median_us=241.000 gpu_p90_us=566.084 host_median_us=430.375 host_p90_us=551.208 max_abs_error=0.14550781
gpu_samples_us=[203.916, 204.959, 200.209, 206.916, 210.292, 208.75, 218.25, 238.0, 587.0, 264.375, 291.375, 566.084, 379.792, 285.75, 241.0, 280.875, 379.916]
host_samples_us=[334.792, 333.0, 353.084, 372.375, 373.167, 389.459, 392.375, 439.625, 480.041, 432.75, 430.375, 605.083, 551.208, 537.542, 429.333, 455.25, 453.792]
n=16000003 kind=tree wg=256 items=8 cap=1024 passes=2 gpu_median_us=217.084 gpu_p90_us=392.209 host_median_us=394.750 host_p90_us=504.458 max_abs_error=0.14550781
gpu_samples_us=[158.166, 169.5, 168.958, 168.167, 175.792, 166.25, 182.25, 195.958, 562.417, 217.084, 248.083, 361.333, 392.209, 237.708, 218.5, 232.125, 279.042]
host_samples_us=[290.708, 293.5, 318.792, 342.542, 344.584, 343.333, 360.375, 409.375, 431.959, 395.875, 394.5, 504.45799999999997, 525.334, 432.459, 416.541, 394.917, 394.75]
n=16000003 kind=tree wg=256 items=8 cap=4096 passes=3 gpu_median_us=264.750 gpu_p90_us=454.541 host_median_us=439.542 host_p90_us=624.208 max_abs_error=0.10449219
gpu_samples_us=[180.75, 181.25, 181.708, 183.291, 189.125, 189.5, 213.25, 266.291, 785.459, 290.209, 337.292, 454.541, 344.792, 293.583, 296.916, 264.75, 261.958]
host_samples_us=[323.375, 305.0, 327.75, 356.083, 365.791, 363.208, 383.459, 422.667, 486.75, 472.709, 460.834, 633.5, 624.208, 521.792, 462.833, 439.542, 465.584]
n=16000003 kind=tree wg=256 items=8 cap=65535 passes=3 gpu_median_us=350.000 gpu_p90_us=593.750 host_median_us=547.042 host_p90_us=777.375 max_abs_error=0.14550781
gpu_samples_us=[238.542, 235.25, 239.167, 235.834, 251.666, 255.5, 286.334, 415.0, 1065.5, 394.25, 473.625, 593.75, 464.416, 458.375, 415.958, 346.875, 350.0]
host_samples_us=[359.25, 354.958, 394.5, 547.042, 430.333, 436.583, 444.916, 478.292, 598.917, 565.5, 561.459, 777.375, 791.292, 648.917, 562.834, 515.459, 581.458]
n=16000003 kind=add wg=256 items=8 cap=256 passes=2 gpu_median_us=217.125 gpu_p90_us=390.292 host_median_us=355.167 host_p90_us=548.250 max_abs_error=0.10449219
gpu_samples_us=[138.916, 135.042, 138.291, 137.916, 141.417, 143.042, 155.042, 191.917, 605.208, 251.833, 289.75, 390.292, 375.416, 269.666, 251.834, 269.917, 217.125]
host_samples_us=[278.708, 263.875, 291.584, 314.5, 319.417, 311.542, 323.459, 355.167, 474.042, 415.167, 424.583, 548.25, 521.25, 577.458, 414.292, 350.541, 408.916]
n=16000003 kind=add wg=256 items=8 cap=1024 passes=2 gpu_median_us=210.334 gpu_p90_us=344.084 host_median_us=379.750 host_p90_us=491.792 max_abs_error=0.10449219
gpu_samples_us=[152.75, 155.167, 162.375, 161.75, 200.5, 164.709, 166.583, 210.334, 532.5, 208.875, 243.667, 344.084, 289.083, 228.875, 215.417, 224.292, 221.959]
host_samples_us=[293.792, 286.416, 302.459, 325.583, 338.084, 331.583, 343.958, 378.167, 440.125, 384.834, 388.25, 515.1249999999999, 491.792, 470.167, 379.75, 398.167, 403.666]
n=16000003 kind=add wg=256 items=8 cap=4096 passes=3 gpu_median_us=240.208 gpu_p90_us=398.792 host_median_us=414.042 host_p90_us=581.583 max_abs_error=0.14550781
gpu_samples_us=[162.5, 165.792, 166.083, 161.875, 168.333, 175.584, 196.083, 240.208, 712.792, 263.917, 309.916, 398.792, 310.959, 266.375, 272.708, 234.75, 268.542]
host_samples_us=[304.542, 292.75, 322.042, 336.334, 340.459, 359.583, 348.625, 414.042, 461.167, 440.959, 441.167, 590.708, 581.583, 478.917, 436.958, 404.25, 446.625]
n=16000003 kind=add wg=256 items=8 cap=65535 passes=3 gpu_median_us=308.625 gpu_p90_us=681.917 host_median_us=512.667 host_p90_us=726.041 max_abs_error=0.14550781
gpu_samples_us=[206.25, 209.25, 210.125, 211.875, 211.792, 222.292, 250.334, 308.625, 932.334, 344.666, 419.666, 681.917, 400.917, 350.458, 351.334, 303.916, 345.667]
host_samples_us=[348.166, 328.166, 356.375, 378.875, 390.167, 387.875, 542.25, 479.625, 538.458, 514.0, 512.6669999999999, 773.667, 726.041, 580.667, 504.58299999999997, 531.625, 528.542]
n=16000003 kind=shuffle wg=256 items=8 cap=256 passes=2 gpu_median_us=264.000 gpu_p90_us=607.625 host_median_us=433.750 host_p90_us=575.917 max_abs_error=0.10449219
gpu_samples_us=[202.916, 198.458, 201.625, 202.958, 215.958, 206.792, 218.709, 270.709, 607.625, 258.0, 291.958, 649.458, 303.625, 282.583, 264.0, 279.083, 278.291]
host_samples_us=[335.125, 322.0, 353.917, 400.333, 374.042, 374.458, 396.291, 433.75, 475.792, 426.375, 441.625, 593.0, 575.917, 477.958, 446.166, 463.083, 445.958]
n=16000003 kind=shuffle wg=256 items=8 cap=1024 passes=2 gpu_median_us=213.791 gpu_p90_us=554.792 host_median_us=389.292 host_p90_us=526.792 max_abs_error=0.10449219
gpu_samples_us=[161.25, 162.0, 165.166, 161.375, 171.583, 171.542, 178.459, 214.542, 554.792, 212.708, 247.458, 564.458, 254.292, 226.291, 213.791, 224.834, 233.667]
host_samples_us=[289.917, 294.125, 309.042, 328.542, 338.583, 351.625, 357.417, 400.791, 431.792, 396.458, 389.292, 752.0, 526.792, 415.875, 387.416, 400.459, 491.16700000000003]
n=16000003 kind=shuffle wg=256 items=8 cap=4096 passes=3 gpu_median_us=287.000 gpu_p90_us=774.792 host_median_us=458.292 host_p90_us=626.834 max_abs_error=0.14550781
gpu_samples_us=[174.5, 177.959, 174.5, 175.834, 180.625, 189.292, 211.625, 259.875, 774.792, 287.0, 351.958, 815.708, 333.0, 294.25, 294.584, 287.375, 289.625]
host_samples_us=[314.375, 308.875, 326.666, 396.459, 346.625, 373.333, 389.209, 560.417, 496.2080000000001, 467.625, 462.583, 963.334, 626.834, 516.7499999999999, 458.292, 441.542, 467.459]
n=16000003 kind=shuffle wg=256 items=8 cap=65535 passes=3 gpu_median_us=387.291 gpu_p90_us=1052.208 host_median_us=516.666 host_p90_us=764.458 max_abs_error=0.10449219
gpu_samples_us=[230.334, 234.292, 234.042, 236.083, 230.75, 246.875, 278.417, 342.792, 1052.208, 387.291, 514.75, 1075.542, 462.292, 388.625, 389.709, 388.417, 387.875]
host_samples_us=[365.875, 373.792, 383.291, 404.875, 409.25, 427.0, 463.834, 516.666, 598.458, 563.333, 555.167, 841.459, 764.458, 663.541, 551.125, 511.5, 555.583]
n=16000003 kind=tree wg=256 items=16 cap=256 passes=2 gpu_median_us=297.333 gpu_p90_us=851.333 host_median_us=464.417 host_p90_us=679.708 max_abs_error=0.14550781
gpu_samples_us=[204.042, 205.0, 205.958, 206.208, 202.916, 211.333, 234.584, 280.125, 851.333, 305.792, 470.958, 912.917, 415.209, 309.042, 297.333, 309.25, 351.958]
host_samples_us=[342.209, 349.875, 348.417, 378.416, 376.292, 393.375, 407.708, 447.041, 553.167, 475.334, 476.375, 679.708, 689.25, 514.0830000000001, 467.209, 464.417, 484.292]
n=16000003 kind=tree wg=256 items=16 cap=1024 passes=2 gpu_median_us=285.375 gpu_p90_us=497.250 host_median_us=460.333 host_p90_us=688.667 max_abs_error=0.14550781
gpu_samples_us=[216.083, 216.292, 225.25, 216.417, 214.208, 223.25, 252.709, 269.625, 477.333, 324.208, 497.25, 874.917, 389.5, 329.417, 285.375, 338.208, 385.417]
host_samples_us=[341.0, 429.75, 364.709, 399.333, 387.625, 413.375, 426.125, 456.792, 594.042, 495.37500000000006, 504.4169999999999, 724.209, 688.667, 495.49999999999994, 460.333, 470.042, 494.958]
n=16000003 kind=tree wg=256 items=16 cap=4096 passes=2 gpu_median_us=467.750 gpu_p90_us=790.084 host_median_us=624.375 host_p90_us=986.875 max_abs_error=0.14550781
gpu_samples_us=[314.417, 315.75, 311.791, 315.333, 318.666, 337.333, 375.208, 417.375, 790.084, 506.625, 777.375, 951.625, 611.584, 527.417, 467.75, 526.125, 523.166]
host_samples_us=[452.542, 461.083, 461.791, 490.292, 485.833, 520.125, 553.375, 616.833, 730.875, 696.166, 696.417, 992.9590000000001, 986.8749999999999, 679.083, 624.375, 625.459, 727.583]
n=16000003 kind=tree wg=256 items=16 cap=65535 passes=2 gpu_median_us=458.166 gpu_p90_us=811.375 host_median_us=662.875 host_p90_us=968.958 max_abs_error=0.14550781
gpu_samples_us=[312.084, 312.458, 315.875, 316.833, 317.458, 334.458, 377.375, 411.375, 1418.458, 458.166, 811.375, 792.209, 623.542, 544.291, 464.334, 530.5, 532.75]
host_samples_us=[449.375, 455.292, 461.333, 480.958, 493.75000000000006, 516.417, 550.958, 693.167, 725.5, 688.541, 709.542, 1038.916, 968.958, 755.958, 662.875, 619.625, 762.833]
n=16000003 kind=add wg=256 items=16 cap=256 passes=2 gpu_median_us=265.375 gpu_p90_us=484.083 host_median_us=455.666 host_p90_us=694.500 max_abs_error=0.10449219
gpu_samples_us=[201.792, 203.042, 204.0, 202.834, 205.375, 213.958, 227.417, 244.834, 1082.375, 269.667, 440.875, 484.083, 415.459, 391.916, 265.375, 359.792, 419.583]
host_samples_us=[340.084, 352.5, 350.292, 364.708, 380.833, 374.667, 412.167, 455.666, 556.416, 478.833, 471.959, 694.5, 696.167, 629.834, 442.917, 475.75, 567.792]
n=16000003 kind=add wg=256 items=16 cap=1024 passes=2 gpu_median_us=279.958 gpu_p90_us=468.250 host_median_us=457.042 host_p90_us=699.167 max_abs_error=0.10449219
gpu_samples_us=[205.459, 205.125, 210.791, 205.959, 212.542, 218.167, 237.041, 253.583, 831.167, 307.042, 460.834, 468.25, 370.375, 334.125, 279.958, 334.583, 343.958]
host_samples_us=[347.458, 349.833, 358.625, 390.416, 392.667, 381.833, 424.75, 474.584, 742.209, 486.0, 494.62499999999994, 699.167, 687.5, 523.1250000000001, 424.708, 457.042, 510.5]
n=16000003 kind=add wg=256 items=16 cap=4096 passes=2 gpu_median_us=437.125 gpu_p90_us=749.542 host_median_us=611.542 host_p90_us=953.708 max_abs_error=0.10449219
gpu_samples_us=[293.583, 291.208, 294.791, 291.958, 297.083, 330.958, 383.542, 387.667, 1322.375, 513.625, 749.542, 733.875, 568.666, 489.167, 437.125, 493.041, 491.583]
host_samples_us=[421.292, 439.625, 458.25, 469.792, 462.375, 476.167, 521.958, 594.667, 1103.084, 662.166, 655.792, 922.625, 953.708, 716.0, 675.125, 611.542, 673.584]
n=16000003 kind=add wg=256 items=16 cap=65535 passes=2 gpu_median_us=435.000 gpu_p90_us=741.042 host_median_us=608.125 host_p90_us=947.375 max_abs_error=0.10449219
gpu_samples_us=[290.958, 291.0, 294.458, 295.417, 297.458, 331.667, 383.291, 389.083, 1321.958, 489.083, 714.792, 741.042, 578.834, 435.0, 436.792, 499.583, 495.417]
host_samples_us=[427.25, 440.167, 447.167, 470.666, 464.708, 484.208, 533.333, 588.792, 844.75, 662.0, 656.417, 981.0000000000001, 947.375, 703.792, 608.125, 623.542, 708.833]
n=16000003 kind=shuffle wg=256 items=16 cap=256 passes=2 gpu_median_us=270.459 gpu_p90_us=481.542 host_median_us=447.917 host_p90_us=726.541 max_abs_error=0.10449219
gpu_samples_us=[204.959, 206.125, 205.417, 205.542, 208.167, 219.5, 248.125, 247.208, 812.625, 302.833, 352.334, 481.542, 421.25, 281.375, 270.459, 318.0, 333.208]
host_samples_us=[330.459, 351.5, 366.5, 380.208, 379.958, 376.0, 414.708, 447.917, 824.75, 487.208, 619.875, 726.541, 658.0, 492.33299999999997, 439.541, 449.542, 571.042]
n=16000003 kind=shuffle wg=256 items=16 cap=1024 passes=2 gpu_median_us=284.208 gpu_p90_us=851.667 host_median_us=466.000 host_p90_us=715.917 max_abs_error=0.10449219
gpu_samples_us=[215.208, 213.375, 209.584, 215.708, 213.875, 229.458, 252.25, 281.583, 851.667, 313.541, 365.834, 857.834, 393.875, 289.291, 308.25, 284.208, 322.0]
host_samples_us=[342.333, 356.375, 375.042, 373.25, 381.208, 387.958, 430.375, 452.542, 715.917, 491.833, 527.5, 686.875, 718.666, 504.167, 466.0, 491.33399999999995, 524.083]
n=16000003 kind=shuffle wg=256 items=16 cap=4096 passes=2 gpu_median_us=452.833 gpu_p90_us=1385.292 host_median_us=624.250 host_p90_us=968.459 max_abs_error=0.10449219
gpu_samples_us=[307.0, 304.542, 306.875, 304.583, 310.0, 348.959, 401.5, 454.417, 1385.292, 510.5, 593.25, 1568.334, 600.375, 517.583, 450.0, 452.833, 631.417]
host_samples_us=[441.167, 462.709, 466.958, 484.666, 476.792, 496.9580000000001, 553.375, 600.0, 764.791, 624.25, 762.291, 977.25, 968.459, 811.208, 625.292, 714.417, 639.125]
n=16000003 kind=shuffle wg=256 items=16 cap=65535 passes=2 gpu_median_us=451.625 gpu_p90_us=1384.875 host_median_us=634.667 host_p90_us=980.917 max_abs_error=0.10449219
gpu_samples_us=[307.291, 307.083, 307.75, 308.458, 310.708, 348.667, 400.917, 496.875, 1384.875, 511.958, 605.792, 1388.333, 601.792, 524.0, 451.625, 449.333, 500.25]
host_samples_us=[440.541, 443.583, 481.625, 479.5, 477.708, 499.125, 542.75, 634.667, 860.834, 630.541, 831.292, 980.917, 1002.4579999999999, 793.333, 653.583, 686.292, 701.208]
