ISO-10303-21;
HEADER;
FILE_DESCRIPTION(('OpenSCAD Viewer retained AP242 B-rep'),'2;1');
FILE_NAME('model.step','',(''),(''),'OpenSCAD Viewer','OpenSCAD Viewer','');
FILE_SCHEMA(('AP242_MANAGED_MODEL_BASED_3D_ENGINEERING_MIM_LF'));
ENDSEC;
DATA;
#1=CARTESIAN_POINT('',(7.00000000000000000E0,-2.00000000000000000E0,1.10000000000000000E1));
#2=VERTEX_POINT('OSCAD_TOPO/3|vertex|v:6f62d1ea3a7c0b220ba4888724ac2ab0|4152cd0862e8bfce32c1d0c8548cfdcd14098c78b0b2193eff6bf56bdd6c0c40',#1);
#3=CARTESIAN_POINT('',(7.00000000000000000E0,-1.00000000000000000E0,1.10000000000000000E1));
#4=VERTEX_POINT('OSCAD_TOPO/3|vertex|v:8d58fb7531a8774bd026b2955b4011b9|854855eb4daa4403ae18922fa22a7a11961d3b59453c756193304062e7394c38',#3);
#5=CARTESIAN_POINT('',(9.00000000000000000E0,-1.00000000000000000E0,1.10000000000000000E1));
#6=VERTEX_POINT('OSCAD_TOPO/3|vertex|v:f15093bcae1497a1ccce062537a8af76|0257720293ebaa41c6d4c3d2fa68a4df85ed9266f1fa27cd22c0e3405fe5d7c1',#5);
#7=CARTESIAN_POINT('',(9.00000000000000000E0,-2.00000000000000000E0,1.10000000000000000E1));
#8=VERTEX_POINT('OSCAD_TOPO/3|vertex|v:082bfe9ce3495c75083e6424aff233d2|04d6c602fd6e0e9a4f88f72aaf5f9b8ab9bf763ab33216ece8e99012c63cd82e',#7);
#9=CARTESIAN_POINT('',(7.00000000000000000E0,3.50000000000000000E1,1.10000000000000000E1));
#10=VERTEX_POINT('OSCAD_TOPO/3|vertex|v:378cd6bf13d6389ac348c8930e5dbe81|8b2238f14a1296f7525d3b4421e480ee6751a2003729cf2d1d44fca92fa69428',#9);
#11=CARTESIAN_POINT('',(9.00000000000000000E0,3.50000000000000000E1,1.10000000000000000E1));
#12=VERTEX_POINT('OSCAD_TOPO/3|vertex|v:5856134f0f9169efa85b9b5f7a93fdc5|2ebf5ed099494c4c01a28d8a83a18f2bc2a92f928db4b661e4f4e73ce53b056b',#11);
#13=CARTESIAN_POINT('',(7.00000000000000000E0,3.70000000000000000E1,1.10000000000000000E1));
#14=VERTEX_POINT('OSCAD_TOPO/3|vertex|v:9745047f37ae5f00a6ae3aed53a84741|f491778a457ce231a32bca4c5c6c3377c4548c930681c922995a5e82c28d640f',#13);
#15=CARTESIAN_POINT('',(9.00000000000000000E0,3.70000000000000000E1,1.10000000000000000E1));
#16=VERTEX_POINT('OSCAD_TOPO/3|vertex|v:3a49977a3b47830ba94ce8f1b99ebb5e|2a73aa4f042fba151bb267c73cae62b60ef39d185e0e6bfbef9867e3504a839c',#15);
#17=CARTESIAN_POINT('',(7.00000000000000000E0,3.70000000000000000E1,1.30000000000000000E1));
#18=VERTEX_POINT('OSCAD_TOPO/3|vertex|v:68a254f4008f3b0bfe628ba2925be0da|bfd2ddec873bb20c3ccabcec5f7c25741d41f1069edbca957d00181ca156afa9',#17);
#19=CARTESIAN_POINT('',(9.00000000000000000E0,3.70000000000000000E1,1.30000000000000000E1));
#20=VERTEX_POINT('OSCAD_TOPO/3|vertex|v:6e3a6eab56464d4647e8140d83f2d70c|0cc0f941b286f11ed2448e06c52b998954334941fdd1b770d72922417b51934c',#19);
#21=CARTESIAN_POINT('',(7.00000000000000000E0,3.70000000000000000E1,3.90000000000000000E1));
#22=VERTEX_POINT('OSCAD_TOPO/3|vertex|v:149eb3eff19831bb93984f9b9518280f|bb3036ec39292a627a6a0aab7252de47e634bb43c27e0bf6319a4a69113e7e79',#21);
#23=CARTESIAN_POINT('',(9.00000000000000000E0,3.70000000000000000E1,3.90000000000000000E1));
#24=VERTEX_POINT('OSCAD_TOPO/3|vertex|v:0d096463e9f23fd22b257abef88d303f|cff4f042c0353bba95bfc71b201fa72383f3a5a12b5febf8d9d9ff9bd9f1fd69',#23);
#25=CARTESIAN_POINT('',(7.00000000000000000E0,3.70000000000000000E1,4.10000000000000000E1));
#26=VERTEX_POINT('OSCAD_TOPO/3|vertex|v:c20e605f14967743da2036ade3a50068|c8257d950fdc496ffc94e059ea22b75788f6b829964cfae48bd08e9d989de1d3',#25);
#27=CARTESIAN_POINT('',(9.00000000000000000E0,3.70000000000000000E1,4.10000000000000000E1));
#28=VERTEX_POINT('OSCAD_TOPO/3|vertex|v:d4ad954aa121be579cc18e8c52829dde|f3eeb2e8453ec8f9eb6f0eed3dd94b27deea3ac801157f91319a42890fe9ab42',#27);
#29=CARTESIAN_POINT('',(7.00000000000000000E0,3.50000000000000000E1,4.10000000000000000E1));
#30=VERTEX_POINT('OSCAD_TOPO/3|vertex|v:66441de824bcabd6d422d450cde3722f|5fdeb37a33e56f7cc10e580fee6e5b1421837472c1afd6add7e762a08791061f',#29);
#31=CARTESIAN_POINT('',(9.00000000000000000E0,3.50000000000000000E1,4.10000000000000000E1));
#32=VERTEX_POINT('OSCAD_TOPO/3|vertex|v:96b2061c4813766f5c9094888dc794cf|06f2fe3932e2b2e7e95e1e1bd27ec6653c8dc4c2d34ceaada600c6048903a248',#31);
#33=CARTESIAN_POINT('',(7.00000000000000000E0,-1.00000000000000000E0,4.10000000000000000E1));
#34=VERTEX_POINT('OSCAD_TOPO/3|vertex|v:e8de5c9f4f4b4fe72a0f9e48ad6a54ab|9248ad1ed5640bc1217fa455f8162a1ac9e4e9f92901b754255510cca5e7fece',#33);
#35=CARTESIAN_POINT('',(9.00000000000000000E0,-1.00000000000000000E0,4.10000000000000000E1));
#36=VERTEX_POINT('OSCAD_TOPO/3|vertex|v:6172b26f03711018e2317333fadc5d2c|351d5b359a7e3185d9a7b4c9a1a5e59b4d400919467167c3fa9a57d50252c244',#35);
#37=CARTESIAN_POINT('',(7.00000000000000000E0,-3.00000000000000000E0,4.10000000000000000E1));
#38=VERTEX_POINT('OSCAD_TOPO/3|vertex|v:be7c301fa070f25ca18881202ae82ff1|86deba78ab312a4728877af3227303cdbc149eb3fbf1099a310fb5cd294d7990',#37);
#39=CARTESIAN_POINT('',(9.00000000000000000E0,-3.00000000000000000E0,4.10000000000000000E1));
#40=VERTEX_POINT('OSCAD_TOPO/3|vertex|v:22f2a2d89dcd46e8abf50f1638e956f5|54dafca6708f6fb70fabbcebcd48c9a5bb0076afd96ee378213342720b4cdf27',#39);
#41=CARTESIAN_POINT('',(7.00000000000000000E0,-3.00000000000000000E0,3.90000000000000000E1));
#42=VERTEX_POINT('OSCAD_TOPO/3|vertex|v:a943bc66d915930b94e104a08fc3c745|cc614599341576a346479bb5016137a1b936d079d2111218e8fb8e67efbfbfed',#41);
#43=CARTESIAN_POINT('',(9.00000000000000000E0,-3.00000000000000000E0,3.90000000000000000E1));
#44=VERTEX_POINT('OSCAD_TOPO/3|vertex|v:a205d2503fd8ea0f93dfca5084dca999|4ddbe58ac2045b20bb3093949cbf8f23abe69add45cce00b86deffb570d5adf7',#43);
#45=CARTESIAN_POINT('',(7.00000000000000000E0,-3.00000000000000000E0,1.30000000000000000E1));
#46=VERTEX_POINT('OSCAD_TOPO/3|vertex|v:39e625b6c8f561c270091f5ccd020c9b|1f22302a51937e2b5504a27dfa39552f4f98b6d78d6724e42ccc031a4bae0660',#45);
#47=CARTESIAN_POINT('',(9.00000000000000000E0,-3.00000000000000000E0,1.30000000000000000E1));
#48=VERTEX_POINT('OSCAD_TOPO/3|vertex|v:4c991be621b640af8db7c5d0f33a9391|ac2095cf12d2f9954b9058f7ad5dcf5b9c1046aa596881a93006c6c8f7ed2eea',#47);
#49=CARTESIAN_POINT('',(7.00000000000000000E0,-3.00000000000000000E0,1.20000000000000000E1));
#50=VERTEX_POINT('OSCAD_TOPO/3|vertex|v:07c2651b770b5e546070e78eb7bc9be9|88705d660730b18f5f8316acfcfa0f52b7b2ce22ee2a95e0e47438d75e499074',#49);
#51=CARTESIAN_POINT('',(9.00000000000000000E0,-3.00000000000000000E0,1.20000000000000000E1));
#52=VERTEX_POINT('OSCAD_TOPO/3|vertex|v:093f3116a67bb573dcabc28ae307b03c|a33b5337d3133180f3662a8939ca9dc0c401eae66bfdcfa65681838c0044b57b',#51);
#53=CARTESIAN_POINT('',(7.00000000000000000E0,-1.00000000000000000E0,3.90000000000000000E1));
#54=VERTEX_POINT('OSCAD_TOPO/3|vertex|v:89e401dd9333621a67b8169e8cb54aae|4fbd839a9ef53419d9802cae6ec71076a3ef6433056ab87af9966da2eb1bf426',#53);
#55=CARTESIAN_POINT('',(7.00000000000000000E0,3.50000000000000000E1,3.90000000000000000E1));
#56=VERTEX_POINT('OSCAD_TOPO/3|vertex|v:e12732893ec24931a42019b3b9598e62|e880f02177d50cb0310f6a7eb4f27873732b737de684e810f6e534aa8cf98047',#55);
#57=CARTESIAN_POINT('',(7.00000000000000000E0,-1.00000000000000000E0,1.30000000000000000E1));
#58=VERTEX_POINT('OSCAD_TOPO/3|vertex|v:618e71ae8061203477c4d7dcb68a4e87|d9c2fa4b1be68c403ff640a7b79b32b4ac7e201d963322d7c22f84a30ae56f3c',#57);
#59=CARTESIAN_POINT('',(7.00000000000000000E0,3.50000000000000000E1,1.30000000000000000E1));
#60=VERTEX_POINT('OSCAD_TOPO/3|vertex|v:c9c35fbb00665fd5d4bd51dd89ef4ca2|1a6da700a5bd92235b6a49179bc7306b89126dc15478e4d5ca590fb45f2f2946',#59);
#61=CARTESIAN_POINT('',(9.00000000000000000E0,3.50000000000000000E1,3.90000000000000000E1));
#62=VERTEX_POINT('OSCAD_TOPO/3|vertex|v:f695eb50480c1db927824bca4e7d6abd|a3e1aedef4f561db3a7c39b8f4645a2642200d216628e86fe9472d19677f4d71',#61);
#63=CARTESIAN_POINT('',(9.00000000000000000E0,3.50000000000000000E1,1.30000000000000000E1));
#64=VERTEX_POINT('OSCAD_TOPO/3|vertex|v:ddbb979329892e60eaa7801b68de23ec|26e139a23b0788ef9dd14f4c7a1553f8e6b5adf428ededb2c81f09846b842304',#63);
#65=CARTESIAN_POINT('',(9.00000000000000000E0,-1.00000000000000000E0,3.90000000000000000E1));
#66=VERTEX_POINT('OSCAD_TOPO/3|vertex|v:4d4944590cae46db172be10897b7c537|e9ee2f4ba6aff852f4f69df1f1ad2a9383b7213a9129282e46b7d6757088c7a2',#65);
#67=CARTESIAN_POINT('',(9.00000000000000000E0,-1.00000000000000000E0,1.30000000000000000E1));
#68=VERTEX_POINT('OSCAD_TOPO/3|vertex|v:2830e1ebb88aacb507cb33d5f0acd2a2|83c7dc1ceaa89a2e7bd40f67cd6bef7b7095d934e493492b9f4180610ab0d7b9',#67);
#69=CARTESIAN_POINT('',(2.70000000000000000E1,-1.00000000000000000E0,1.10000000000000000E1));
#70=VERTEX_POINT('OSCAD_TOPO/3|vertex|v:d1e38cc85286cadee8633b3f7897d0f7|ccc335411c72a6b0d59d26b897ec6037d82f35c04e9704a8da66513ec6f10ebd',#69);
#71=CARTESIAN_POINT('',(2.70000000000000000E1,-2.00000000000000000E0,1.10000000000000000E1));
#72=VERTEX_POINT('OSCAD_TOPO/3|vertex|v:ba5021effc41d4e7c8db9949cca28d5f|0d10295f4aafe6baeda6b23befae2e3e40c4205200f5db615f945c533c3dd92e',#71);
#73=CARTESIAN_POINT('',(2.70000000000000000E1,3.50000000000000000E1,1.10000000000000000E1));
#74=VERTEX_POINT('OSCAD_TOPO/3|vertex|v:ad478bca29893853db50d1713e7815cf|2cf07b4b5a02411e9b2cddc43272ee183d05325bb15749e15f1c82b0d3ac2cb6',#73);
#75=CARTESIAN_POINT('',(2.70000000000000000E1,3.70000000000000000E1,1.10000000000000000E1));
#76=VERTEX_POINT('OSCAD_TOPO/3|vertex|v:db059417ab177c896198b49e59bbb88a|a312fceb10c165a3f443c82e745454bd18fb40f8bcb47a5d8ba1ae271fb3ce73',#75);
#77=CARTESIAN_POINT('',(2.70000000000000000E1,3.70000000000000000E1,1.30000000000000000E1));
#78=VERTEX_POINT('OSCAD_TOPO/3|vertex|v:e80e1fbed1c91cc063898d1c32b13b9e|27a9dc43b0e1c5e2dd2c749a096073f9a9efcd2859426f738c1c52f4da00fa4d',#77);
#79=CARTESIAN_POINT('',(2.70000000000000000E1,3.70000000000000000E1,3.90000000000000000E1));
#80=VERTEX_POINT('OSCAD_TOPO/3|vertex|v:5180c3f56ddb40a856675c1aeb5af880|6c8480d6dfb2ec3c3939d6dc3fc46e7ae649bf3597c617e6ed080fd920ff31c2',#79);
#81=CARTESIAN_POINT('',(2.70000000000000000E1,3.70000000000000000E1,4.10000000000000000E1));
#82=VERTEX_POINT('OSCAD_TOPO/3|vertex|v:03af7763e13952a764cc35ec6878de8d|d12be5142a251627fa56f152a140a45bfc71800b017909ced449f765954d1c09',#81);
#83=CARTESIAN_POINT('',(2.70000000000000000E1,3.50000000000000000E1,4.10000000000000000E1));
#84=VERTEX_POINT('OSCAD_TOPO/3|vertex|v:e4cfa4e2c5b668db1d5cbcf0fda124b9|879d5d67d171a7f5c0dfdbf65fb33579dcc90f16171a8be692f6ddfb0f21e4e1',#83);
#85=CARTESIAN_POINT('',(2.70000000000000000E1,-1.00000000000000000E0,4.10000000000000000E1));
#86=VERTEX_POINT('OSCAD_TOPO/3|vertex|v:9f0da28338aba2d97012e76f3d656625|f5694e76d80cae0fe84f9b66b804629e294dcff6a14dbad6ce626e2626722570',#85);
#87=CARTESIAN_POINT('',(2.70000000000000000E1,-3.00000000000000000E0,4.10000000000000000E1));
#88=VERTEX_POINT('OSCAD_TOPO/3|vertex|v:faee3c94e115b4370935785c470aeb77|2a7bb6a25adc0eda887ef3b8ee60882fa606e67268de952c1ac78e5f2af1e1bc',#87);
#89=CARTESIAN_POINT('',(2.70000000000000000E1,-3.00000000000000000E0,3.90000000000000000E1));
#90=VERTEX_POINT('OSCAD_TOPO/3|vertex|v:888b8230968c03d016534a4359cf9e5a|37a269e984d2fe43f2efad61abeee2ffefe2f344e3b1782cc16530fa03e65407',#89);
#91=CARTESIAN_POINT('',(2.70000000000000000E1,-3.00000000000000000E0,1.30000000000000000E1));
#92=VERTEX_POINT('OSCAD_TOPO/3|vertex|v:96d7e6efef1ecf02325a1e99a63fd662|e83bcde685854c6f7fe19710d1c4e162693bb9ddae5a728aeb6fae1d1da5850c',#91);
#93=CARTESIAN_POINT('',(2.70000000000000000E1,-3.00000000000000000E0,1.20000000000000000E1));
#94=VERTEX_POINT('OSCAD_TOPO/3|vertex|v:c2a72e5658db4aacbf16ff9a6e40384c|b3fff124304393282201e22f245cd2c380101f13ab4719ec91f725cfc9b3c5e5',#93);
#95=CARTESIAN_POINT('',(2.70000000000000000E1,3.50000000000000000E1,1.30000000000000000E1));
#96=VERTEX_POINT('OSCAD_TOPO/3|vertex|v:4086082e013eef57111c24cc8913cad6|b7445c1401d2e966bd5ddae587095cc519b37cfaf06778cffdac18dff3aedf5d',#95);
#97=CARTESIAN_POINT('',(2.70000000000000000E1,3.50000000000000000E1,3.90000000000000000E1));
#98=VERTEX_POINT('OSCAD_TOPO/3|vertex|v:314e4dba76ffd9da40fa934e1b81a0e1|84b9661fc38f05c1505055d44f10768db8ee887207d6e805933380e49aa5c473',#97);
#99=CARTESIAN_POINT('',(2.70000000000000000E1,-1.00000000000000000E0,1.30000000000000000E1));
#100=VERTEX_POINT('OSCAD_TOPO/3|vertex|v:43a108e6e478d6b4c7b1537f81d38252|6c6bf1826c0f0f25851a72fcc09f9efaaabeb99b32951eb4b185714d7f68e926',#99);
#101=CARTESIAN_POINT('',(2.70000000000000000E1,-1.00000000000000000E0,3.90000000000000000E1));
#102=VERTEX_POINT('OSCAD_TOPO/3|vertex|v:0b049e6c7a1cf0cce536aa16aaec7421|33069634dbb16d0eb7ab806cde7a6a06adb11f14e47c5718fd6bd8b456591e10',#101);
#103=CARTESIAN_POINT('',(7.00000000000000000E0,-2.00000000000000000E0,1.10000000000000000E1));
#104=CARTESIAN_POINT('',(9.00000000000000000E0,-2.00000000000000000E0,1.10000000000000000E1));
#105=CARTESIAN_POINT('',(7.00000000000000000E0,-1.00000000000000000E0,1.10000000000000000E1));
#106=CARTESIAN_POINT('',(9.00000000000000000E0,-1.00000000000000000E0,1.10000000000000000E1));
#107=B_SPLINE_SURFACE_WITH_KNOTS('',1,1,((#103,#104),(#105,#106)),.UNSPECIFIED.,.F.,.F.,.F.,(2,2),(2,2),(0.00000000000000000E0,1.00000000000000000E0),(0.00000000000000000E0,1.00000000000000000E0),.UNSPECIFIED.);
#108=CARTESIAN_POINT('',(7.00000000000000000E0,-1.00000000000000000E0,1.10000000000000000E1));
#109=CARTESIAN_POINT('',(9.00000000000000000E0,-1.00000000000000000E0,1.10000000000000000E1));
#110=CARTESIAN_POINT('',(7.00000000000000000E0,3.50000000000000000E1,1.10000000000000000E1));
#111=CARTESIAN_POINT('',(9.00000000000000000E0,3.50000000000000000E1,1.10000000000000000E1));
#112=B_SPLINE_SURFACE_WITH_KNOTS('',1,1,((#108,#109),(#110,#111)),.UNSPECIFIED.,.F.,.F.,.F.,(2,2),(2,2),(0.00000000000000000E0,1.00000000000000000E0),(0.00000000000000000E0,1.00000000000000000E0),.UNSPECIFIED.);
#113=CARTESIAN_POINT('',(7.00000000000000000E0,3.50000000000000000E1,1.10000000000000000E1));
#114=CARTESIAN_POINT('',(9.00000000000000000E0,3.50000000000000000E1,1.10000000000000000E1));
#115=CARTESIAN_POINT('',(7.00000000000000000E0,3.70000000000000000E1,1.10000000000000000E1));
#116=CARTESIAN_POINT('',(9.00000000000000000E0,3.70000000000000000E1,1.10000000000000000E1));
#117=B_SPLINE_SURFACE_WITH_KNOTS('',1,1,((#113,#114),(#115,#116)),.UNSPECIFIED.,.F.,.F.,.F.,(2,2),(2,2),(0.00000000000000000E0,1.00000000000000000E0),(0.00000000000000000E0,1.00000000000000000E0),.UNSPECIFIED.);
#118=CARTESIAN_POINT('',(7.00000000000000000E0,3.70000000000000000E1,1.10000000000000000E1));
#119=CARTESIAN_POINT('',(9.00000000000000000E0,3.70000000000000000E1,1.10000000000000000E1));
#120=CARTESIAN_POINT('',(7.00000000000000000E0,3.70000000000000000E1,1.30000000000000000E1));
#121=CARTESIAN_POINT('',(9.00000000000000000E0,3.70000000000000000E1,1.30000000000000000E1));
#122=B_SPLINE_SURFACE_WITH_KNOTS('',1,1,((#118,#119),(#120,#121)),.UNSPECIFIED.,.F.,.F.,.F.,(2,2),(2,2),(0.00000000000000000E0,1.00000000000000000E0),(0.00000000000000000E0,1.00000000000000000E0),.UNSPECIFIED.);
#123=CARTESIAN_POINT('',(7.00000000000000000E0,3.70000000000000000E1,1.30000000000000000E1));
#124=CARTESIAN_POINT('',(9.00000000000000000E0,3.70000000000000000E1,1.30000000000000000E1));
#125=CARTESIAN_POINT('',(7.00000000000000000E0,3.70000000000000000E1,3.90000000000000000E1));
#126=CARTESIAN_POINT('',(9.00000000000000000E0,3.70000000000000000E1,3.90000000000000000E1));
#127=B_SPLINE_SURFACE_WITH_KNOTS('',1,1,((#123,#124),(#125,#126)),.UNSPECIFIED.,.F.,.F.,.F.,(2,2),(2,2),(0.00000000000000000E0,1.00000000000000000E0),(0.00000000000000000E0,1.00000000000000000E0),.UNSPECIFIED.);
#128=CARTESIAN_POINT('',(7.00000000000000000E0,3.70000000000000000E1,3.90000000000000000E1));
#129=CARTESIAN_POINT('',(9.00000000000000000E0,3.70000000000000000E1,3.90000000000000000E1));
#130=CARTESIAN_POINT('',(7.00000000000000000E0,3.70000000000000000E1,4.10000000000000000E1));
#131=CARTESIAN_POINT('',(9.00000000000000000E0,3.70000000000000000E1,4.10000000000000000E1));
#132=B_SPLINE_SURFACE_WITH_KNOTS('',1,1,((#128,#129),(#130,#131)),.UNSPECIFIED.,.F.,.F.,.F.,(2,2),(2,2),(0.00000000000000000E0,1.00000000000000000E0),(0.00000000000000000E0,1.00000000000000000E0),.UNSPECIFIED.);
#133=CARTESIAN_POINT('',(7.00000000000000000E0,3.70000000000000000E1,4.10000000000000000E1));
#134=CARTESIAN_POINT('',(9.00000000000000000E0,3.70000000000000000E1,4.10000000000000000E1));
#135=CARTESIAN_POINT('',(7.00000000000000000E0,3.50000000000000000E1,4.10000000000000000E1));
#136=CARTESIAN_POINT('',(9.00000000000000000E0,3.50000000000000000E1,4.10000000000000000E1));
#137=B_SPLINE_SURFACE_WITH_KNOTS('',1,1,((#133,#134),(#135,#136)),.UNSPECIFIED.,.F.,.F.,.F.,(2,2),(2,2),(0.00000000000000000E0,1.00000000000000000E0),(0.00000000000000000E0,1.00000000000000000E0),.UNSPECIFIED.);
#138=CARTESIAN_POINT('',(7.00000000000000000E0,3.50000000000000000E1,4.10000000000000000E1));
#139=CARTESIAN_POINT('',(9.00000000000000000E0,3.50000000000000000E1,4.10000000000000000E1));
#140=CARTESIAN_POINT('',(7.00000000000000000E0,-1.00000000000000000E0,4.10000000000000000E1));
#141=CARTESIAN_POINT('',(9.00000000000000000E0,-1.00000000000000000E0,4.10000000000000000E1));
#142=B_SPLINE_SURFACE_WITH_KNOTS('',1,1,((#138,#139),(#140,#141)),.UNSPECIFIED.,.F.,.F.,.F.,(2,2),(2,2),(0.00000000000000000E0,1.00000000000000000E0),(0.00000000000000000E0,1.00000000000000000E0),.UNSPECIFIED.);
#143=CARTESIAN_POINT('',(7.00000000000000000E0,-1.00000000000000000E0,4.10000000000000000E1));
#144=CARTESIAN_POINT('',(9.00000000000000000E0,-1.00000000000000000E0,4.10000000000000000E1));
#145=CARTESIAN_POINT('',(7.00000000000000000E0,-3.00000000000000000E0,4.10000000000000000E1));
#146=CARTESIAN_POINT('',(9.00000000000000000E0,-3.00000000000000000E0,4.10000000000000000E1));
#147=B_SPLINE_SURFACE_WITH_KNOTS('',1,1,((#143,#144),(#145,#146)),.UNSPECIFIED.,.F.,.F.,.F.,(2,2),(2,2),(0.00000000000000000E0,1.00000000000000000E0),(0.00000000000000000E0,1.00000000000000000E0),.UNSPECIFIED.);
#148=CARTESIAN_POINT('',(7.00000000000000000E0,-3.00000000000000000E0,4.10000000000000000E1));
#149=CARTESIAN_POINT('',(9.00000000000000000E0,-3.00000000000000000E0,4.10000000000000000E1));
#150=CARTESIAN_POINT('',(7.00000000000000000E0,-3.00000000000000000E0,3.90000000000000000E1));
#151=CARTESIAN_POINT('',(9.00000000000000000E0,-3.00000000000000000E0,3.90000000000000000E1));
#152=B_SPLINE_SURFACE_WITH_KNOTS('',1,1,((#148,#149),(#150,#151)),.UNSPECIFIED.,.F.,.F.,.F.,(2,2),(2,2),(0.00000000000000000E0,1.00000000000000000E0),(0.00000000000000000E0,1.00000000000000000E0),.UNSPECIFIED.);
#153=CARTESIAN_POINT('',(7.00000000000000000E0,-3.00000000000000000E0,3.90000000000000000E1));
#154=CARTESIAN_POINT('',(9.00000000000000000E0,-3.00000000000000000E0,3.90000000000000000E1));
#155=CARTESIAN_POINT('',(7.00000000000000000E0,-3.00000000000000000E0,1.30000000000000000E1));
#156=CARTESIAN_POINT('',(9.00000000000000000E0,-3.00000000000000000E0,1.30000000000000000E1));
#157=B_SPLINE_SURFACE_WITH_KNOTS('',1,1,((#153,#154),(#155,#156)),.UNSPECIFIED.,.F.,.F.,.F.,(2,2),(2,2),(0.00000000000000000E0,1.00000000000000000E0),(0.00000000000000000E0,1.00000000000000000E0),.UNSPECIFIED.);
#158=CARTESIAN_POINT('',(7.00000000000000000E0,-3.00000000000000000E0,1.30000000000000000E1));
#159=CARTESIAN_POINT('',(9.00000000000000000E0,-3.00000000000000000E0,1.30000000000000000E1));
#160=CARTESIAN_POINT('',(7.00000000000000000E0,-3.00000000000000000E0,1.20000000000000000E1));
#161=CARTESIAN_POINT('',(9.00000000000000000E0,-3.00000000000000000E0,1.20000000000000000E1));
#162=B_SPLINE_SURFACE_WITH_KNOTS('',1,1,((#158,#159),(#160,#161)),.UNSPECIFIED.,.F.,.F.,.F.,(2,2),(2,2),(0.00000000000000000E0,1.00000000000000000E0),(0.00000000000000000E0,1.00000000000000000E0),.UNSPECIFIED.);
#163=CARTESIAN_POINT('',(7.00000000000000000E0,-3.00000000000000000E0,1.20000000000000000E1));
#164=CARTESIAN_POINT('',(9.00000000000000000E0,-3.00000000000000000E0,1.20000000000000000E1));
#165=CARTESIAN_POINT('',(7.00000000000000000E0,-3.00000000000000000E0,1.10000000000000000E1));
#166=CARTESIAN_POINT('',(9.00000000000000000E0,-3.00000000000000000E0,1.10000000000000000E1));
#167=CARTESIAN_POINT('',(7.00000000000000000E0,-2.00000000000000000E0,1.10000000000000000E1));
#168=CARTESIAN_POINT('',(9.00000000000000000E0,-2.00000000000000000E0,1.10000000000000000E1));
#169=(BOUNDED_SURFACE()B_SPLINE_SURFACE(2,1,((#163,#164),(#165,#166),(#167,#168)),.UNSPECIFIED.,.F.,.F.,.F.)B_SPLINE_SURFACE_WITH_KNOTS((3,3),(2,2),(0.00000000000000000E0,1.00000000000000000E0),(0.00000000000000000E0,1.00000000000000000E0),.UNSPECIFIED.)GEOMETRIC_REPRESENTATION_ITEM()RATIONAL_B_SPLINE_SURFACE(((1.00000000000000000E0,1.00000000000000000E0),(7.07106781186547573E-1,7.07106781186547573E-1),(1.00000000000000000E0,1.00000000000000000E0)))REPRESENTATION_ITEM('')SURFACE());
#170=CARTESIAN_POINT('',(7.00000000000000000E0,3.70000000000000000E1,1.10000000000000000E1));
#171=CARTESIAN_POINT('',(7.00000000000000000E0,3.70000000000000000E1,4.10000000000000000E1));
#172=CARTESIAN_POINT('',(7.00000000000000000E0,-3.00000000000000000E0,1.10000000000000000E1));
#173=CARTESIAN_POINT('',(7.00000000000000000E0,-3.00000000000000000E0,4.10000000000000000E1));
#174=B_SPLINE_SURFACE_WITH_KNOTS('',1,1,((#170,#171),(#172,#173)),.UNSPECIFIED.,.F.,.F.,.F.,(2,2),(2,2),(0.00000000000000000E0,1.00000000000000000E0),(0.00000000000000000E0,1.00000000000000000E0),.UNSPECIFIED.);
#175=CARTESIAN_POINT('',(7.00000000000000000E0,3.50000000000000000E1,1.30000000000000000E1));
#176=CARTESIAN_POINT('',(7.00000000000000000E0,3.50000000000000000E1,3.90000000000000000E1));
#177=CARTESIAN_POINT('',(7.00000000000000000E0,-1.00000000000000000E0,1.30000000000000000E1));
#178=CARTESIAN_POINT('',(7.00000000000000000E0,-1.00000000000000000E0,3.90000000000000000E1));
#179=B_SPLINE_SURFACE_WITH_KNOTS('',1,1,((#175,#176),(#177,#178)),.UNSPECIFIED.,.F.,.F.,.F.,(2,2),(2,2),(0.00000000000000000E0,1.00000000000000000E0),(0.00000000000000000E0,1.00000000000000000E0),.UNSPECIFIED.);
#180=CARTESIAN_POINT('',(9.00000000000000000E0,-1.00000000000000000E0,1.30000000000000000E1));
#181=CARTESIAN_POINT('',(9.00000000000000000E0,-1.00000000000000000E0,3.90000000000000000E1));
#182=CARTESIAN_POINT('',(9.00000000000000000E0,3.50000000000000000E1,1.30000000000000000E1));
#183=CARTESIAN_POINT('',(9.00000000000000000E0,3.50000000000000000E1,3.90000000000000000E1));
#184=B_SPLINE_SURFACE_WITH_KNOTS('',1,1,((#180,#181),(#182,#183)),.UNSPECIFIED.,.F.,.F.,.F.,(2,2),(2,2),(0.00000000000000000E0,1.00000000000000000E0),(0.00000000000000000E0,1.00000000000000000E0),.UNSPECIFIED.);
#185=CARTESIAN_POINT('',(9.00000000000000000E0,-2.00000000000000000E0,1.10000000000000000E1));
#186=CARTESIAN_POINT('',(2.70000000000000000E1,-2.00000000000000000E0,1.10000000000000000E1));
#187=CARTESIAN_POINT('',(9.00000000000000000E0,-1.00000000000000000E0,1.10000000000000000E1));
#188=CARTESIAN_POINT('',(2.70000000000000000E1,-1.00000000000000000E0,1.10000000000000000E1));
#189=B_SPLINE_SURFACE_WITH_KNOTS('',1,1,((#185,#186),(#187,#188)),.UNSPECIFIED.,.F.,.F.,.F.,(2,2),(2,2),(0.00000000000000000E0,1.00000000000000000E0),(0.00000000000000000E0,1.00000000000000000E0),.UNSPECIFIED.);
#190=CARTESIAN_POINT('',(9.00000000000000000E0,-1.00000000000000000E0,1.10000000000000000E1));
#191=CARTESIAN_POINT('',(2.70000000000000000E1,-1.00000000000000000E0,1.10000000000000000E1));
#192=CARTESIAN_POINT('',(9.00000000000000000E0,3.50000000000000000E1,1.10000000000000000E1));
#193=CARTESIAN_POINT('',(2.70000000000000000E1,3.50000000000000000E1,1.10000000000000000E1));
#194=B_SPLINE_SURFACE_WITH_KNOTS('',1,1,((#190,#191),(#192,#193)),.UNSPECIFIED.,.F.,.F.,.F.,(2,2),(2,2),(0.00000000000000000E0,1.00000000000000000E0),(0.00000000000000000E0,1.00000000000000000E0),.UNSPECIFIED.);
#195=CARTESIAN_POINT('',(9.00000000000000000E0,3.50000000000000000E1,1.10000000000000000E1));
#196=CARTESIAN_POINT('',(2.70000000000000000E1,3.50000000000000000E1,1.10000000000000000E1));
#197=CARTESIAN_POINT('',(9.00000000000000000E0,3.70000000000000000E1,1.10000000000000000E1));
#198=CARTESIAN_POINT('',(2.70000000000000000E1,3.70000000000000000E1,1.10000000000000000E1));
#199=B_SPLINE_SURFACE_WITH_KNOTS('',1,1,((#195,#196),(#197,#198)),.UNSPECIFIED.,.F.,.F.,.F.,(2,2),(2,2),(0.00000000000000000E0,1.00000000000000000E0),(0.00000000000000000E0,1.00000000000000000E0),.UNSPECIFIED.);
#200=CARTESIAN_POINT('',(9.00000000000000000E0,3.70000000000000000E1,1.10000000000000000E1));
#201=CARTESIAN_POINT('',(2.70000000000000000E1,3.70000000000000000E1,1.10000000000000000E1));
#202=CARTESIAN_POINT('',(9.00000000000000000E0,3.70000000000000000E1,1.30000000000000000E1));
#203=CARTESIAN_POINT('',(2.70000000000000000E1,3.70000000000000000E1,1.30000000000000000E1));
#204=B_SPLINE_SURFACE_WITH_KNOTS('',1,1,((#200,#201),(#202,#203)),.UNSPECIFIED.,.F.,.F.,.F.,(2,2),(2,2),(0.00000000000000000E0,1.00000000000000000E0),(0.00000000000000000E0,1.00000000000000000E0),.UNSPECIFIED.);
#205=CARTESIAN_POINT('',(9.00000000000000000E0,3.70000000000000000E1,1.30000000000000000E1));
#206=CARTESIAN_POINT('',(2.70000000000000000E1,3.70000000000000000E1,1.30000000000000000E1));
#207=CARTESIAN_POINT('',(9.00000000000000000E0,3.70000000000000000E1,3.90000000000000000E1));
#208=CARTESIAN_POINT('',(2.70000000000000000E1,3.70000000000000000E1,3.90000000000000000E1));
#209=B_SPLINE_SURFACE_WITH_KNOTS('',1,1,((#205,#206),(#207,#208)),.UNSPECIFIED.,.F.,.F.,.F.,(2,2),(2,2),(0.00000000000000000E0,1.00000000000000000E0),(0.00000000000000000E0,1.00000000000000000E0),.UNSPECIFIED.);
#210=CARTESIAN_POINT('',(9.00000000000000000E0,3.70000000000000000E1,3.90000000000000000E1));
#211=CARTESIAN_POINT('',(2.70000000000000000E1,3.70000000000000000E1,3.90000000000000000E1));
#212=CARTESIAN_POINT('',(9.00000000000000000E0,3.70000000000000000E1,4.10000000000000000E1));
#213=CARTESIAN_POINT('',(2.70000000000000000E1,3.70000000000000000E1,4.10000000000000000E1));
#214=B_SPLINE_SURFACE_WITH_KNOTS('',1,1,((#210,#211),(#212,#213)),.UNSPECIFIED.,.F.,.F.,.F.,(2,2),(2,2),(0.00000000000000000E0,1.00000000000000000E0),(0.00000000000000000E0,1.00000000000000000E0),.UNSPECIFIED.);
#215=CARTESIAN_POINT('',(9.00000000000000000E0,3.70000000000000000E1,4.10000000000000000E1));
#216=CARTESIAN_POINT('',(2.70000000000000000E1,3.70000000000000000E1,4.10000000000000000E1));
#217=CARTESIAN_POINT('',(9.00000000000000000E0,3.50000000000000000E1,4.10000000000000000E1));
#218=CARTESIAN_POINT('',(2.70000000000000000E1,3.50000000000000000E1,4.10000000000000000E1));
#219=B_SPLINE_SURFACE_WITH_KNOTS('',1,1,((#215,#216),(#217,#218)),.UNSPECIFIED.,.F.,.F.,.F.,(2,2),(2,2),(0.00000000000000000E0,1.00000000000000000E0),(0.00000000000000000E0,1.00000000000000000E0),.UNSPECIFIED.);
#220=CARTESIAN_POINT('',(9.00000000000000000E0,3.50000000000000000E1,4.10000000000000000E1));
#221=CARTESIAN_POINT('',(2.70000000000000000E1,3.50000000000000000E1,4.10000000000000000E1));
#222=CARTESIAN_POINT('',(9.00000000000000000E0,-1.00000000000000000E0,4.10000000000000000E1));
#223=CARTESIAN_POINT('',(2.70000000000000000E1,-1.00000000000000000E0,4.10000000000000000E1));
#224=B_SPLINE_SURFACE_WITH_KNOTS('',1,1,((#220,#221),(#222,#223)),.UNSPECIFIED.,.F.,.F.,.F.,(2,2),(2,2),(0.00000000000000000E0,1.00000000000000000E0),(0.00000000000000000E0,1.00000000000000000E0),.UNSPECIFIED.);
#225=CARTESIAN_POINT('',(9.00000000000000000E0,-1.00000000000000000E0,4.10000000000000000E1));
#226=CARTESIAN_POINT('',(2.70000000000000000E1,-1.00000000000000000E0,4.10000000000000000E1));
#227=CARTESIAN_POINT('',(9.00000000000000000E0,-3.00000000000000000E0,4.10000000000000000E1));
#228=CARTESIAN_POINT('',(2.70000000000000000E1,-3.00000000000000000E0,4.10000000000000000E1));
#229=B_SPLINE_SURFACE_WITH_KNOTS('',1,1,((#225,#226),(#227,#228)),.UNSPECIFIED.,.F.,.F.,.F.,(2,2),(2,2),(0.00000000000000000E0,1.00000000000000000E0),(0.00000000000000000E0,1.00000000000000000E0),.UNSPECIFIED.);
#230=CARTESIAN_POINT('',(9.00000000000000000E0,-3.00000000000000000E0,4.10000000000000000E1));
#231=CARTESIAN_POINT('',(2.70000000000000000E1,-3.00000000000000000E0,4.10000000000000000E1));
#232=CARTESIAN_POINT('',(9.00000000000000000E0,-3.00000000000000000E0,3.90000000000000000E1));
#233=CARTESIAN_POINT('',(2.70000000000000000E1,-3.00000000000000000E0,3.90000000000000000E1));
#234=B_SPLINE_SURFACE_WITH_KNOTS('',1,1,((#230,#231),(#232,#233)),.UNSPECIFIED.,.F.,.F.,.F.,(2,2),(2,2),(0.00000000000000000E0,1.00000000000000000E0),(0.00000000000000000E0,1.00000000000000000E0),.UNSPECIFIED.);
#235=CARTESIAN_POINT('',(9.00000000000000000E0,-3.00000000000000000E0,3.90000000000000000E1));
#236=CARTESIAN_POINT('',(2.70000000000000000E1,-3.00000000000000000E0,3.90000000000000000E1));
#237=CARTESIAN_POINT('',(9.00000000000000000E0,-3.00000000000000000E0,1.30000000000000000E1));
#238=CARTESIAN_POINT('',(2.70000000000000000E1,-3.00000000000000000E0,1.30000000000000000E1));
#239=B_SPLINE_SURFACE_WITH_KNOTS('',1,1,((#235,#236),(#237,#238)),.UNSPECIFIED.,.F.,.F.,.F.,(2,2),(2,2),(0.00000000000000000E0,1.00000000000000000E0),(0.00000000000000000E0,1.00000000000000000E0),.UNSPECIFIED.);
#240=CARTESIAN_POINT('',(9.00000000000000000E0,-3.00000000000000000E0,1.30000000000000000E1));
#241=CARTESIAN_POINT('',(2.70000000000000000E1,-3.00000000000000000E0,1.30000000000000000E1));
#242=CARTESIAN_POINT('',(9.00000000000000000E0,-3.00000000000000000E0,1.20000000000000000E1));
#243=CARTESIAN_POINT('',(2.70000000000000000E1,-3.00000000000000000E0,1.20000000000000000E1));
#244=B_SPLINE_SURFACE_WITH_KNOTS('',1,1,((#240,#241),(#242,#243)),.UNSPECIFIED.,.F.,.F.,.F.,(2,2),(2,2),(0.00000000000000000E0,1.00000000000000000E0),(0.00000000000000000E0,1.00000000000000000E0),.UNSPECIFIED.);
#245=CARTESIAN_POINT('',(9.00000000000000000E0,-3.00000000000000000E0,1.20000000000000000E1));
#246=CARTESIAN_POINT('',(2.70000000000000000E1,-3.00000000000000000E0,1.20000000000000000E1));
#247=CARTESIAN_POINT('',(9.00000000000000000E0,-3.00000000000000000E0,1.10000000000000000E1));
#248=CARTESIAN_POINT('',(2.70000000000000000E1,-3.00000000000000000E0,1.10000000000000000E1));
#249=CARTESIAN_POINT('',(9.00000000000000000E0,-2.00000000000000000E0,1.10000000000000000E1));
#250=CARTESIAN_POINT('',(2.70000000000000000E1,-2.00000000000000000E0,1.10000000000000000E1));
#251=(BOUNDED_SURFACE()B_SPLINE_SURFACE(2,1,((#245,#246),(#247,#248),(#249,#250)),.UNSPECIFIED.,.F.,.F.,.F.)B_SPLINE_SURFACE_WITH_KNOTS((3,3),(2,2),(0.00000000000000000E0,1.00000000000000000E0),(0.00000000000000000E0,1.00000000000000000E0),.UNSPECIFIED.)GEOMETRIC_REPRESENTATION_ITEM()RATIONAL_B_SPLINE_SURFACE(((1.00000000000000000E0,1.00000000000000000E0),(7.07106781186547573E-1,7.07106781186547573E-1),(1.00000000000000000E0,1.00000000000000000E0)))REPRESENTATION_ITEM('')SURFACE());
#252=CARTESIAN_POINT('',(9.00000000000000000E0,3.50000000000000000E1,3.90000000000000000E1));
#253=CARTESIAN_POINT('',(2.70000000000000000E1,3.50000000000000000E1,3.90000000000000000E1));
#254=CARTESIAN_POINT('',(9.00000000000000000E0,3.50000000000000000E1,1.30000000000000000E1));
#255=CARTESIAN_POINT('',(2.70000000000000000E1,3.50000000000000000E1,1.30000000000000000E1));
#256=B_SPLINE_SURFACE_WITH_KNOTS('',1,1,((#252,#253),(#254,#255)),.UNSPECIFIED.,.F.,.F.,.F.,(2,2),(2,2),(0.00000000000000000E0,1.00000000000000000E0),(0.00000000000000000E0,1.00000000000000000E0),.UNSPECIFIED.);
#257=CARTESIAN_POINT('',(9.00000000000000000E0,3.50000000000000000E1,1.30000000000000000E1));
#258=CARTESIAN_POINT('',(2.70000000000000000E1,3.50000000000000000E1,1.30000000000000000E1));
#259=CARTESIAN_POINT('',(9.00000000000000000E0,-1.00000000000000000E0,1.30000000000000000E1));
#260=CARTESIAN_POINT('',(2.70000000000000000E1,-1.00000000000000000E0,1.30000000000000000E1));
#261=B_SPLINE_SURFACE_WITH_KNOTS('',1,1,((#257,#258),(#259,#260)),.UNSPECIFIED.,.F.,.F.,.F.,(2,2),(2,2),(0.00000000000000000E0,1.00000000000000000E0),(0.00000000000000000E0,1.00000000000000000E0),.UNSPECIFIED.);
#262=CARTESIAN_POINT('',(9.00000000000000000E0,-1.00000000000000000E0,1.30000000000000000E1));
#263=CARTESIAN_POINT('',(2.70000000000000000E1,-1.00000000000000000E0,1.30000000000000000E1));
#264=CARTESIAN_POINT('',(9.00000000000000000E0,-1.00000000000000000E0,3.90000000000000000E1));
#265=CARTESIAN_POINT('',(2.70000000000000000E1,-1.00000000000000000E0,3.90000000000000000E1));
#266=B_SPLINE_SURFACE_WITH_KNOTS('',1,1,((#262,#263),(#264,#265)),.UNSPECIFIED.,.F.,.F.,.F.,(2,2),(2,2),(0.00000000000000000E0,1.00000000000000000E0),(0.00000000000000000E0,1.00000000000000000E0),.UNSPECIFIED.);
#267=CARTESIAN_POINT('',(9.00000000000000000E0,-1.00000000000000000E0,3.90000000000000000E1));
#268=CARTESIAN_POINT('',(2.70000000000000000E1,-1.00000000000000000E0,3.90000000000000000E1));
#269=CARTESIAN_POINT('',(9.00000000000000000E0,3.50000000000000000E1,3.90000000000000000E1));
#270=CARTESIAN_POINT('',(2.70000000000000000E1,3.50000000000000000E1,3.90000000000000000E1));
#271=B_SPLINE_SURFACE_WITH_KNOTS('',1,1,((#267,#268),(#269,#270)),.UNSPECIFIED.,.F.,.F.,.F.,(2,2),(2,2),(0.00000000000000000E0,1.00000000000000000E0),(0.00000000000000000E0,1.00000000000000000E0),.UNSPECIFIED.);
#272=CARTESIAN_POINT('',(2.70000000000000000E1,-3.00000000000000000E0,1.10000000000000000E1));
#273=CARTESIAN_POINT('',(2.70000000000000000E1,-3.00000000000000000E0,4.10000000000000000E1));
#274=CARTESIAN_POINT('',(2.70000000000000000E1,3.70000000000000000E1,1.10000000000000000E1));
#275=CARTESIAN_POINT('',(2.70000000000000000E1,3.70000000000000000E1,4.10000000000000000E1));
#276=B_SPLINE_SURFACE_WITH_KNOTS('',1,1,((#272,#273),(#274,#275)),.UNSPECIFIED.,.F.,.F.,.F.,(2,2),(2,2),(0.00000000000000000E0,1.00000000000000000E0),(0.00000000000000000E0,1.00000000000000000E0),.UNSPECIFIED.);
#277=CARTESIAN_POINT('',(7.00000000000000000E0,-2.00000000000000000E0,1.10000000000000000E1));
#278=CARTESIAN_POINT('',(7.00000000000000000E0,-1.00000000000000000E0,1.10000000000000000E1));
#279=B_SPLINE_CURVE_WITH_KNOTS('',1,(#277,#278),.UNSPECIFIED.,.F.,.F.,(2,2),(0.00000000000000000E0,1.00000000000000000E0),.UNSPECIFIED.);
#280=CARTESIAN_POINT('',(7.00000000000000000E0,-1.00000000000000000E0,1.10000000000000000E1));
#281=CARTESIAN_POINT('',(9.00000000000000000E0,-1.00000000000000000E0,1.10000000000000000E1));
#282=B_SPLINE_CURVE_WITH_KNOTS('',1,(#280,#281),.UNSPECIFIED.,.F.,.F.,(2,2),(0.00000000000000000E0,1.00000000000000000E0),.UNSPECIFIED.);
#283=CARTESIAN_POINT('',(9.00000000000000000E0,-2.00000000000000000E0,1.10000000000000000E1));
#284=CARTESIAN_POINT('',(9.00000000000000000E0,-1.00000000000000000E0,1.10000000000000000E1));
#285=B_SPLINE_CURVE_WITH_KNOTS('',1,(#283,#284),.UNSPECIFIED.,.F.,.F.,(2,2),(0.00000000000000000E0,1.00000000000000000E0),.UNSPECIFIED.);
#286=CARTESIAN_POINT('',(7.00000000000000000E0,-2.00000000000000000E0,1.10000000000000000E1));
#287=CARTESIAN_POINT('',(9.00000000000000000E0,-2.00000000000000000E0,1.10000000000000000E1));
#288=B_SPLINE_CURVE_WITH_KNOTS('',1,(#286,#287),.UNSPECIFIED.,.F.,.F.,(2,2),(0.00000000000000000E0,1.00000000000000000E0),.UNSPECIFIED.);
#289=CARTESIAN_POINT('',(7.00000000000000000E0,-1.00000000000000000E0,1.10000000000000000E1));
#290=CARTESIAN_POINT('',(7.00000000000000000E0,3.50000000000000000E1,1.10000000000000000E1));
#291=B_SPLINE_CURVE_WITH_KNOTS('',1,(#289,#290),.UNSPECIFIED.,.F.,.F.,(2,2),(0.00000000000000000E0,1.00000000000000000E0),.UNSPECIFIED.);
#292=CARTESIAN_POINT('',(7.00000000000000000E0,3.50000000000000000E1,1.10000000000000000E1));
#293=CARTESIAN_POINT('',(9.00000000000000000E0,3.50000000000000000E1,1.10000000000000000E1));
#294=B_SPLINE_CURVE_WITH_KNOTS('',1,(#292,#293),.UNSPECIFIED.,.F.,.F.,(2,2),(0.00000000000000000E0,1.00000000000000000E0),.UNSPECIFIED.);
#295=CARTESIAN_POINT('',(9.00000000000000000E0,-1.00000000000000000E0,1.10000000000000000E1));
#296=CARTESIAN_POINT('',(9.00000000000000000E0,3.50000000000000000E1,1.10000000000000000E1));
#297=B_SPLINE_CURVE_WITH_KNOTS('',1,(#295,#296),.UNSPECIFIED.,.F.,.F.,(2,2),(0.00000000000000000E0,1.00000000000000000E0),.UNSPECIFIED.);
#298=CARTESIAN_POINT('',(7.00000000000000000E0,3.50000000000000000E1,1.10000000000000000E1));
#299=CARTESIAN_POINT('',(7.00000000000000000E0,3.70000000000000000E1,1.10000000000000000E1));
#300=B_SPLINE_CURVE_WITH_KNOTS('',1,(#298,#299),.UNSPECIFIED.,.F.,.F.,(2,2),(0.00000000000000000E0,1.00000000000000000E0),.UNSPECIFIED.);
#301=CARTESIAN_POINT('',(7.00000000000000000E0,3.70000000000000000E1,1.10000000000000000E1));
#302=CARTESIAN_POINT('',(9.00000000000000000E0,3.70000000000000000E1,1.10000000000000000E1));
#303=B_SPLINE_CURVE_WITH_KNOTS('',1,(#301,#302),.UNSPECIFIED.,.F.,.F.,(2,2),(0.00000000000000000E0,1.00000000000000000E0),.UNSPECIFIED.);
#304=CARTESIAN_POINT('',(9.00000000000000000E0,3.50000000000000000E1,1.10000000000000000E1));
#305=CARTESIAN_POINT('',(9.00000000000000000E0,3.70000000000000000E1,1.10000000000000000E1));
#306=B_SPLINE_CURVE_WITH_KNOTS('',1,(#304,#305),.UNSPECIFIED.,.F.,.F.,(2,2),(0.00000000000000000E0,1.00000000000000000E0),.UNSPECIFIED.);
#307=CARTESIAN_POINT('',(7.00000000000000000E0,3.70000000000000000E1,1.10000000000000000E1));
#308=CARTESIAN_POINT('',(7.00000000000000000E0,3.70000000000000000E1,1.30000000000000000E1));
#309=B_SPLINE_CURVE_WITH_KNOTS('',1,(#307,#308),.UNSPECIFIED.,.F.,.F.,(2,2),(0.00000000000000000E0,1.00000000000000000E0),.UNSPECIFIED.);
#310=CARTESIAN_POINT('',(7.00000000000000000E0,3.70000000000000000E1,1.30000000000000000E1));
#311=CARTESIAN_POINT('',(9.00000000000000000E0,3.70000000000000000E1,1.30000000000000000E1));
#312=B_SPLINE_CURVE_WITH_KNOTS('',1,(#310,#311),.UNSPECIFIED.,.F.,.F.,(2,2),(0.00000000000000000E0,1.00000000000000000E0),.UNSPECIFIED.);
#313=CARTESIAN_POINT('',(9.00000000000000000E0,3.70000000000000000E1,1.10000000000000000E1));
#314=CARTESIAN_POINT('',(9.00000000000000000E0,3.70000000000000000E1,1.30000000000000000E1));
#315=B_SPLINE_CURVE_WITH_KNOTS('',1,(#313,#314),.UNSPECIFIED.,.F.,.F.,(2,2),(0.00000000000000000E0,1.00000000000000000E0),.UNSPECIFIED.);
#316=CARTESIAN_POINT('',(7.00000000000000000E0,3.70000000000000000E1,1.30000000000000000E1));
#317=CARTESIAN_POINT('',(7.00000000000000000E0,3.70000000000000000E1,3.90000000000000000E1));
#318=B_SPLINE_CURVE_WITH_KNOTS('',1,(#316,#317),.UNSPECIFIED.,.F.,.F.,(2,2),(0.00000000000000000E0,1.00000000000000000E0),.UNSPECIFIED.);
#319=CARTESIAN_POINT('',(7.00000000000000000E0,3.70000000000000000E1,3.90000000000000000E1));
#320=CARTESIAN_POINT('',(9.00000000000000000E0,3.70000000000000000E1,3.90000000000000000E1));
#321=B_SPLINE_CURVE_WITH_KNOTS('',1,(#319,#320),.UNSPECIFIED.,.F.,.F.,(2,2),(0.00000000000000000E0,1.00000000000000000E0),.UNSPECIFIED.);
#322=CARTESIAN_POINT('',(9.00000000000000000E0,3.70000000000000000E1,1.30000000000000000E1));
#323=CARTESIAN_POINT('',(9.00000000000000000E0,3.70000000000000000E1,3.90000000000000000E1));
#324=B_SPLINE_CURVE_WITH_KNOTS('',1,(#322,#323),.UNSPECIFIED.,.F.,.F.,(2,2),(0.00000000000000000E0,1.00000000000000000E0),.UNSPECIFIED.);
#325=CARTESIAN_POINT('',(7.00000000000000000E0,3.70000000000000000E1,3.90000000000000000E1));
#326=CARTESIAN_POINT('',(7.00000000000000000E0,3.70000000000000000E1,4.10000000000000000E1));
#327=B_SPLINE_CURVE_WITH_KNOTS('',1,(#325,#326),.UNSPECIFIED.,.F.,.F.,(2,2),(0.00000000000000000E0,1.00000000000000000E0),.UNSPECIFIED.);
#328=CARTESIAN_POINT('',(7.00000000000000000E0,3.70000000000000000E1,4.10000000000000000E1));
#329=CARTESIAN_POINT('',(9.00000000000000000E0,3.70000000000000000E1,4.10000000000000000E1));
#330=B_SPLINE_CURVE_WITH_KNOTS('',1,(#328,#329),.UNSPECIFIED.,.F.,.F.,(2,2),(0.00000000000000000E0,1.00000000000000000E0),.UNSPECIFIED.);
#331=CARTESIAN_POINT('',(9.00000000000000000E0,3.70000000000000000E1,3.90000000000000000E1));
#332=CARTESIAN_POINT('',(9.00000000000000000E0,3.70000000000000000E1,4.10000000000000000E1));
#333=B_SPLINE_CURVE_WITH_KNOTS('',1,(#331,#332),.UNSPECIFIED.,.F.,.F.,(2,2),(0.00000000000000000E0,1.00000000000000000E0),.UNSPECIFIED.);
#334=CARTESIAN_POINT('',(7.00000000000000000E0,3.70000000000000000E1,4.10000000000000000E1));
#335=CARTESIAN_POINT('',(7.00000000000000000E0,3.50000000000000000E1,4.10000000000000000E1));
#336=B_SPLINE_CURVE_WITH_KNOTS('',1,(#334,#335),.UNSPECIFIED.,.F.,.F.,(2,2),(0.00000000000000000E0,1.00000000000000000E0),.UNSPECIFIED.);
#337=CARTESIAN_POINT('',(7.00000000000000000E0,3.50000000000000000E1,4.10000000000000000E1));
#338=CARTESIAN_POINT('',(9.00000000000000000E0,3.50000000000000000E1,4.10000000000000000E1));
#339=B_SPLINE_CURVE_WITH_KNOTS('',1,(#337,#338),.UNSPECIFIED.,.F.,.F.,(2,2),(0.00000000000000000E0,1.00000000000000000E0),.UNSPECIFIED.);
#340=CARTESIAN_POINT('',(9.00000000000000000E0,3.70000000000000000E1,4.10000000000000000E1));
#341=CARTESIAN_POINT('',(9.00000000000000000E0,3.50000000000000000E1,4.10000000000000000E1));
#342=B_SPLINE_CURVE_WITH_KNOTS('',1,(#340,#341),.UNSPECIFIED.,.F.,.F.,(2,2),(0.00000000000000000E0,1.00000000000000000E0),.UNSPECIFIED.);
#343=CARTESIAN_POINT('',(7.00000000000000000E0,3.50000000000000000E1,4.10000000000000000E1));
#344=CARTESIAN_POINT('',(7.00000000000000000E0,-1.00000000000000000E0,4.10000000000000000E1));
#345=B_SPLINE_CURVE_WITH_KNOTS('',1,(#343,#344),.UNSPECIFIED.,.F.,.F.,(2,2),(0.00000000000000000E0,1.00000000000000000E0),.UNSPECIFIED.);
#346=CARTESIAN_POINT('',(7.00000000000000000E0,-1.00000000000000000E0,4.10000000000000000E1));
#347=CARTESIAN_POINT('',(9.00000000000000000E0,-1.00000000000000000E0,4.10000000000000000E1));
#348=B_SPLINE_CURVE_WITH_KNOTS('',1,(#346,#347),.UNSPECIFIED.,.F.,.F.,(2,2),(0.00000000000000000E0,1.00000000000000000E0),.UNSPECIFIED.);
#349=CARTESIAN_POINT('',(9.00000000000000000E0,3.50000000000000000E1,4.10000000000000000E1));
#350=CARTESIAN_POINT('',(9.00000000000000000E0,-1.00000000000000000E0,4.10000000000000000E1));
#351=B_SPLINE_CURVE_WITH_KNOTS('',1,(#349,#350),.UNSPECIFIED.,.F.,.F.,(2,2),(0.00000000000000000E0,1.00000000000000000E0),.UNSPECIFIED.);
#352=CARTESIAN_POINT('',(7.00000000000000000E0,-1.00000000000000000E0,4.10000000000000000E1));
#353=CARTESIAN_POINT('',(7.00000000000000000E0,-3.00000000000000000E0,4.10000000000000000E1));
#354=B_SPLINE_CURVE_WITH_KNOTS('',1,(#352,#353),.UNSPECIFIED.,.F.,.F.,(2,2),(0.00000000000000000E0,1.00000000000000000E0),.UNSPECIFIED.);
#355=CARTESIAN_POINT('',(7.00000000000000000E0,-3.00000000000000000E0,4.10000000000000000E1));
#356=CARTESIAN_POINT('',(9.00000000000000000E0,-3.00000000000000000E0,4.10000000000000000E1));
#357=B_SPLINE_CURVE_WITH_KNOTS('',1,(#355,#356),.UNSPECIFIED.,.F.,.F.,(2,2),(0.00000000000000000E0,1.00000000000000000E0),.UNSPECIFIED.);
#358=CARTESIAN_POINT('',(9.00000000000000000E0,-1.00000000000000000E0,4.10000000000000000E1));
#359=CARTESIAN_POINT('',(9.00000000000000000E0,-3.00000000000000000E0,4.10000000000000000E1));
#360=B_SPLINE_CURVE_WITH_KNOTS('',1,(#358,#359),.UNSPECIFIED.,.F.,.F.,(2,2),(0.00000000000000000E0,1.00000000000000000E0),.UNSPECIFIED.);
#361=CARTESIAN_POINT('',(7.00000000000000000E0,-3.00000000000000000E0,4.10000000000000000E1));
#362=CARTESIAN_POINT('',(7.00000000000000000E0,-3.00000000000000000E0,3.90000000000000000E1));
#363=B_SPLINE_CURVE_WITH_KNOTS('',1,(#361,#362),.UNSPECIFIED.,.F.,.F.,(2,2),(0.00000000000000000E0,1.00000000000000000E0),.UNSPECIFIED.);
#364=CARTESIAN_POINT('',(7.00000000000000000E0,-3.00000000000000000E0,3.90000000000000000E1));
#365=CARTESIAN_POINT('',(9.00000000000000000E0,-3.00000000000000000E0,3.90000000000000000E1));
#366=B_SPLINE_CURVE_WITH_KNOTS('',1,(#364,#365),.UNSPECIFIED.,.F.,.F.,(2,2),(0.00000000000000000E0,1.00000000000000000E0),.UNSPECIFIED.);
#367=CARTESIAN_POINT('',(9.00000000000000000E0,-3.00000000000000000E0,4.10000000000000000E1));
#368=CARTESIAN_POINT('',(9.00000000000000000E0,-3.00000000000000000E0,3.90000000000000000E1));
#369=B_SPLINE_CURVE_WITH_KNOTS('',1,(#367,#368),.UNSPECIFIED.,.F.,.F.,(2,2),(0.00000000000000000E0,1.00000000000000000E0),.UNSPECIFIED.);
#370=CARTESIAN_POINT('',(7.00000000000000000E0,-3.00000000000000000E0,3.90000000000000000E1));
#371=CARTESIAN_POINT('',(7.00000000000000000E0,-3.00000000000000000E0,1.30000000000000000E1));
#372=B_SPLINE_CURVE_WITH_KNOTS('',1,(#370,#371),.UNSPECIFIED.,.F.,.F.,(2,2),(0.00000000000000000E0,1.00000000000000000E0),.UNSPECIFIED.);
#373=CARTESIAN_POINT('',(7.00000000000000000E0,-3.00000000000000000E0,1.30000000000000000E1));
#374=CARTESIAN_POINT('',(9.00000000000000000E0,-3.00000000000000000E0,1.30000000000000000E1));
#375=B_SPLINE_CURVE_WITH_KNOTS('',1,(#373,#374),.UNSPECIFIED.,.F.,.F.,(2,2),(0.00000000000000000E0,1.00000000000000000E0),.UNSPECIFIED.);
#376=CARTESIAN_POINT('',(9.00000000000000000E0,-3.00000000000000000E0,3.90000000000000000E1));
#377=CARTESIAN_POINT('',(9.00000000000000000E0,-3.00000000000000000E0,1.30000000000000000E1));
#378=B_SPLINE_CURVE_WITH_KNOTS('',1,(#376,#377),.UNSPECIFIED.,.F.,.F.,(2,2),(0.00000000000000000E0,1.00000000000000000E0),.UNSPECIFIED.);
#379=CARTESIAN_POINT('',(7.00000000000000000E0,-3.00000000000000000E0,1.30000000000000000E1));
#380=CARTESIAN_POINT('',(7.00000000000000000E0,-3.00000000000000000E0,1.20000000000000000E1));
#381=B_SPLINE_CURVE_WITH_KNOTS('',1,(#379,#380),.UNSPECIFIED.,.F.,.F.,(2,2),(0.00000000000000000E0,1.00000000000000000E0),.UNSPECIFIED.);
#382=CARTESIAN_POINT('',(7.00000000000000000E0,-3.00000000000000000E0,1.20000000000000000E1));
#383=CARTESIAN_POINT('',(9.00000000000000000E0,-3.00000000000000000E0,1.20000000000000000E1));
#384=B_SPLINE_CURVE_WITH_KNOTS('',1,(#382,#383),.UNSPECIFIED.,.F.,.F.,(2,2),(0.00000000000000000E0,1.00000000000000000E0),.UNSPECIFIED.);
#385=CARTESIAN_POINT('',(9.00000000000000000E0,-3.00000000000000000E0,1.30000000000000000E1));
#386=CARTESIAN_POINT('',(9.00000000000000000E0,-3.00000000000000000E0,1.20000000000000000E1));
#387=B_SPLINE_CURVE_WITH_KNOTS('',1,(#385,#386),.UNSPECIFIED.,.F.,.F.,(2,2),(0.00000000000000000E0,1.00000000000000000E0),.UNSPECIFIED.);
#388=CARTESIAN_POINT('',(7.00000000000000000E0,-3.00000000000000000E0,1.20000000000000000E1));
#389=CARTESIAN_POINT('',(7.00000000000000000E0,-3.00000000000000000E0,1.10000000000000000E1));
#390=CARTESIAN_POINT('',(7.00000000000000000E0,-2.00000000000000000E0,1.10000000000000000E1));
#391=(BOUNDED_CURVE()B_SPLINE_CURVE(2,(#388,#389,#390),.UNSPECIFIED.,.F.,.F.)B_SPLINE_CURVE_WITH_KNOTS((3,3),(0.00000000000000000E0,1.00000000000000000E0),.UNSPECIFIED.)CURVE()GEOMETRIC_REPRESENTATION_ITEM()RATIONAL_B_SPLINE_CURVE((1.00000000000000000E0,7.07106781186547573E-1,1.00000000000000000E0))REPRESENTATION_ITEM(''));
#392=CARTESIAN_POINT('',(9.00000000000000000E0,-3.00000000000000000E0,1.20000000000000000E1));
#393=CARTESIAN_POINT('',(9.00000000000000000E0,-3.00000000000000000E0,1.10000000000000000E1));
#394=CARTESIAN_POINT('',(9.00000000000000000E0,-2.00000000000000000E0,1.10000000000000000E1));
#395=(BOUNDED_CURVE()B_SPLINE_CURVE(2,(#392,#393,#394),.UNSPECIFIED.,.F.,.F.)B_SPLINE_CURVE_WITH_KNOTS((3,3),(0.00000000000000000E0,1.00000000000000000E0),.UNSPECIFIED.)CURVE()GEOMETRIC_REPRESENTATION_ITEM()RATIONAL_B_SPLINE_CURVE((1.00000000000000000E0,7.07106781186547573E-1,1.00000000000000000E0))REPRESENTATION_ITEM(''));
#396=CARTESIAN_POINT('',(7.00000000000000000E0,-1.00000000000000000E0,3.90000000000000000E1));
#397=CARTESIAN_POINT('',(7.00000000000000000E0,3.50000000000000000E1,3.90000000000000000E1));
#398=B_SPLINE_CURVE_WITH_KNOTS('',1,(#396,#397),.UNSPECIFIED.,.F.,.F.,(2,2),(0.00000000000000000E0,1.00000000000000000E0),.UNSPECIFIED.);
#399=CARTESIAN_POINT('',(7.00000000000000000E0,-1.00000000000000000E0,1.30000000000000000E1));
#400=CARTESIAN_POINT('',(7.00000000000000000E0,-1.00000000000000000E0,3.90000000000000000E1));
#401=B_SPLINE_CURVE_WITH_KNOTS('',1,(#399,#400),.UNSPECIFIED.,.F.,.F.,(2,2),(0.00000000000000000E0,1.00000000000000000E0),.UNSPECIFIED.);
#402=CARTESIAN_POINT('',(7.00000000000000000E0,3.50000000000000000E1,1.30000000000000000E1));
#403=CARTESIAN_POINT('',(7.00000000000000000E0,-1.00000000000000000E0,1.30000000000000000E1));
#404=B_SPLINE_CURVE_WITH_KNOTS('',1,(#402,#403),.UNSPECIFIED.,.F.,.F.,(2,2),(0.00000000000000000E0,1.00000000000000000E0),.UNSPECIFIED.);
#405=CARTESIAN_POINT('',(7.00000000000000000E0,3.50000000000000000E1,3.90000000000000000E1));
#406=CARTESIAN_POINT('',(7.00000000000000000E0,3.50000000000000000E1,1.30000000000000000E1));
#407=B_SPLINE_CURVE_WITH_KNOTS('',1,(#405,#406),.UNSPECIFIED.,.F.,.F.,(2,2),(0.00000000000000000E0,1.00000000000000000E0),.UNSPECIFIED.);
#408=CARTESIAN_POINT('',(9.00000000000000000E0,3.50000000000000000E1,3.90000000000000000E1));
#409=CARTESIAN_POINT('',(9.00000000000000000E0,3.50000000000000000E1,1.30000000000000000E1));
#410=B_SPLINE_CURVE_WITH_KNOTS('',1,(#408,#409),.UNSPECIFIED.,.F.,.F.,(2,2),(0.00000000000000000E0,1.00000000000000000E0),.UNSPECIFIED.);
#411=CARTESIAN_POINT('',(9.00000000000000000E0,-1.00000000000000000E0,3.90000000000000000E1));
#412=CARTESIAN_POINT('',(9.00000000000000000E0,3.50000000000000000E1,3.90000000000000000E1));
#413=B_SPLINE_CURVE_WITH_KNOTS('',1,(#411,#412),.UNSPECIFIED.,.F.,.F.,(2,2),(0.00000000000000000E0,1.00000000000000000E0),.UNSPECIFIED.);
#414=CARTESIAN_POINT('',(9.00000000000000000E0,-1.00000000000000000E0,1.30000000000000000E1));
#415=CARTESIAN_POINT('',(9.00000000000000000E0,-1.00000000000000000E0,3.90000000000000000E1));
#416=B_SPLINE_CURVE_WITH_KNOTS('',1,(#414,#415),.UNSPECIFIED.,.F.,.F.,(2,2),(0.00000000000000000E0,1.00000000000000000E0),.UNSPECIFIED.);
#417=CARTESIAN_POINT('',(9.00000000000000000E0,3.50000000000000000E1,1.30000000000000000E1));
#418=CARTESIAN_POINT('',(9.00000000000000000E0,-1.00000000000000000E0,1.30000000000000000E1));
#419=B_SPLINE_CURVE_WITH_KNOTS('',1,(#417,#418),.UNSPECIFIED.,.F.,.F.,(2,2),(0.00000000000000000E0,1.00000000000000000E0),.UNSPECIFIED.);
#420=CARTESIAN_POINT('',(9.00000000000000000E0,-1.00000000000000000E0,1.10000000000000000E1));
#421=CARTESIAN_POINT('',(2.70000000000000000E1,-1.00000000000000000E0,1.10000000000000000E1));
#422=B_SPLINE_CURVE_WITH_KNOTS('',1,(#420,#421),.UNSPECIFIED.,.F.,.F.,(2,2),(0.00000000000000000E0,1.00000000000000000E0),.UNSPECIFIED.);
#423=CARTESIAN_POINT('',(2.70000000000000000E1,-2.00000000000000000E0,1.10000000000000000E1));
#424=CARTESIAN_POINT('',(2.70000000000000000E1,-1.00000000000000000E0,1.10000000000000000E1));
#425=B_SPLINE_CURVE_WITH_KNOTS('',1,(#423,#424),.UNSPECIFIED.,.F.,.F.,(2,2),(0.00000000000000000E0,1.00000000000000000E0),.UNSPECIFIED.);
#426=CARTESIAN_POINT('',(9.00000000000000000E0,-2.00000000000000000E0,1.10000000000000000E1));
#427=CARTESIAN_POINT('',(2.70000000000000000E1,-2.00000000000000000E0,1.10000000000000000E1));
#428=B_SPLINE_CURVE_WITH_KNOTS('',1,(#426,#427),.UNSPECIFIED.,.F.,.F.,(2,2),(0.00000000000000000E0,1.00000000000000000E0),.UNSPECIFIED.);
#429=CARTESIAN_POINT('',(9.00000000000000000E0,3.50000000000000000E1,1.10000000000000000E1));
#430=CARTESIAN_POINT('',(2.70000000000000000E1,3.50000000000000000E1,1.10000000000000000E1));
#431=B_SPLINE_CURVE_WITH_KNOTS('',1,(#429,#430),.UNSPECIFIED.,.F.,.F.,(2,2),(0.00000000000000000E0,1.00000000000000000E0),.UNSPECIFIED.);
#432=CARTESIAN_POINT('',(2.70000000000000000E1,-1.00000000000000000E0,1.10000000000000000E1));
#433=CARTESIAN_POINT('',(2.70000000000000000E1,3.50000000000000000E1,1.10000000000000000E1));
#434=B_SPLINE_CURVE_WITH_KNOTS('',1,(#432,#433),.UNSPECIFIED.,.F.,.F.,(2,2),(0.00000000000000000E0,1.00000000000000000E0),.UNSPECIFIED.);
#435=CARTESIAN_POINT('',(9.00000000000000000E0,3.70000000000000000E1,1.10000000000000000E1));
#436=CARTESIAN_POINT('',(2.70000000000000000E1,3.70000000000000000E1,1.10000000000000000E1));
#437=B_SPLINE_CURVE_WITH_KNOTS('',1,(#435,#436),.UNSPECIFIED.,.F.,.F.,(2,2),(0.00000000000000000E0,1.00000000000000000E0),.UNSPECIFIED.);
#438=CARTESIAN_POINT('',(2.70000000000000000E1,3.50000000000000000E1,1.10000000000000000E1));
#439=CARTESIAN_POINT('',(2.70000000000000000E1,3.70000000000000000E1,1.10000000000000000E1));
#440=B_SPLINE_CURVE_WITH_KNOTS('',1,(#438,#439),.UNSPECIFIED.,.F.,.F.,(2,2),(0.00000000000000000E0,1.00000000000000000E0),.UNSPECIFIED.);
#441=CARTESIAN_POINT('',(9.00000000000000000E0,3.70000000000000000E1,1.30000000000000000E1));
#442=CARTESIAN_POINT('',(2.70000000000000000E1,3.70000000000000000E1,1.30000000000000000E1));
#443=B_SPLINE_CURVE_WITH_KNOTS('',1,(#441,#442),.UNSPECIFIED.,.F.,.F.,(2,2),(0.00000000000000000E0,1.00000000000000000E0),.UNSPECIFIED.);
#444=CARTESIAN_POINT('',(2.70000000000000000E1,3.70000000000000000E1,1.10000000000000000E1));
#445=CARTESIAN_POINT('',(2.70000000000000000E1,3.70000000000000000E1,1.30000000000000000E1));
#446=B_SPLINE_CURVE_WITH_KNOTS('',1,(#444,#445),.UNSPECIFIED.,.F.,.F.,(2,2),(0.00000000000000000E0,1.00000000000000000E0),.UNSPECIFIED.);
#447=CARTESIAN_POINT('',(9.00000000000000000E0,3.70000000000000000E1,3.90000000000000000E1));
#448=CARTESIAN_POINT('',(2.70000000000000000E1,3.70000000000000000E1,3.90000000000000000E1));
#449=B_SPLINE_CURVE_WITH_KNOTS('',1,(#447,#448),.UNSPECIFIED.,.F.,.F.,(2,2),(0.00000000000000000E0,1.00000000000000000E0),.UNSPECIFIED.);
#450=CARTESIAN_POINT('',(2.70000000000000000E1,3.70000000000000000E1,1.30000000000000000E1));
#451=CARTESIAN_POINT('',(2.70000000000000000E1,3.70000000000000000E1,3.90000000000000000E1));
#452=B_SPLINE_CURVE_WITH_KNOTS('',1,(#450,#451),.UNSPECIFIED.,.F.,.F.,(2,2),(0.00000000000000000E0,1.00000000000000000E0),.UNSPECIFIED.);
#453=CARTESIAN_POINT('',(9.00000000000000000E0,3.70000000000000000E1,4.10000000000000000E1));
#454=CARTESIAN_POINT('',(2.70000000000000000E1,3.70000000000000000E1,4.10000000000000000E1));
#455=B_SPLINE_CURVE_WITH_KNOTS('',1,(#453,#454),.UNSPECIFIED.,.F.,.F.,(2,2),(0.00000000000000000E0,1.00000000000000000E0),.UNSPECIFIED.);
#456=CARTESIAN_POINT('',(2.70000000000000000E1,3.70000000000000000E1,3.90000000000000000E1));
#457=CARTESIAN_POINT('',(2.70000000000000000E1,3.70000000000000000E1,4.10000000000000000E1));
#458=B_SPLINE_CURVE_WITH_KNOTS('',1,(#456,#457),.UNSPECIFIED.,.F.,.F.,(2,2),(0.00000000000000000E0,1.00000000000000000E0),.UNSPECIFIED.);
#459=CARTESIAN_POINT('',(9.00000000000000000E0,3.50000000000000000E1,4.10000000000000000E1));
#460=CARTESIAN_POINT('',(2.70000000000000000E1,3.50000000000000000E1,4.10000000000000000E1));
#461=B_SPLINE_CURVE_WITH_KNOTS('',1,(#459,#460),.UNSPECIFIED.,.F.,.F.,(2,2),(0.00000000000000000E0,1.00000000000000000E0),.UNSPECIFIED.);
#462=CARTESIAN_POINT('',(2.70000000000000000E1,3.70000000000000000E1,4.10000000000000000E1));
#463=CARTESIAN_POINT('',(2.70000000000000000E1,3.50000000000000000E1,4.10000000000000000E1));
#464=B_SPLINE_CURVE_WITH_KNOTS('',1,(#462,#463),.UNSPECIFIED.,.F.,.F.,(2,2),(0.00000000000000000E0,1.00000000000000000E0),.UNSPECIFIED.);
#465=CARTESIAN_POINT('',(9.00000000000000000E0,-1.00000000000000000E0,4.10000000000000000E1));
#466=CARTESIAN_POINT('',(2.70000000000000000E1,-1.00000000000000000E0,4.10000000000000000E1));
#467=B_SPLINE_CURVE_WITH_KNOTS('',1,(#465,#466),.UNSPECIFIED.,.F.,.F.,(2,2),(0.00000000000000000E0,1.00000000000000000E0),.UNSPECIFIED.);
#468=CARTESIAN_POINT('',(2.70000000000000000E1,3.50000000000000000E1,4.10000000000000000E1));
#469=CARTESIAN_POINT('',(2.70000000000000000E1,-1.00000000000000000E0,4.10000000000000000E1));
#470=B_SPLINE_CURVE_WITH_KNOTS('',1,(#468,#469),.UNSPECIFIED.,.F.,.F.,(2,2),(0.00000000000000000E0,1.00000000000000000E0),.UNSPECIFIED.);
#471=CARTESIAN_POINT('',(9.00000000000000000E0,-3.00000000000000000E0,4.10000000000000000E1));
#472=CARTESIAN_POINT('',(2.70000000000000000E1,-3.00000000000000000E0,4.10000000000000000E1));
#473=B_SPLINE_CURVE_WITH_KNOTS('',1,(#471,#472),.UNSPECIFIED.,.F.,.F.,(2,2),(0.00000000000000000E0,1.00000000000000000E0),.UNSPECIFIED.);
#474=CARTESIAN_POINT('',(2.70000000000000000E1,-1.00000000000000000E0,4.10000000000000000E1));
#475=CARTESIAN_POINT('',(2.70000000000000000E1,-3.00000000000000000E0,4.10000000000000000E1));
#476=B_SPLINE_CURVE_WITH_KNOTS('',1,(#474,#475),.UNSPECIFIED.,.F.,.F.,(2,2),(0.00000000000000000E0,1.00000000000000000E0),.UNSPECIFIED.);
#477=CARTESIAN_POINT('',(9.00000000000000000E0,-3.00000000000000000E0,3.90000000000000000E1));
#478=CARTESIAN_POINT('',(2.70000000000000000E1,-3.00000000000000000E0,3.90000000000000000E1));
#479=B_SPLINE_CURVE_WITH_KNOTS('',1,(#477,#478),.UNSPECIFIED.,.F.,.F.,(2,2),(0.00000000000000000E0,1.00000000000000000E0),.UNSPECIFIED.);
#480=CARTESIAN_POINT('',(2.70000000000000000E1,-3.00000000000000000E0,4.10000000000000000E1));
#481=CARTESIAN_POINT('',(2.70000000000000000E1,-3.00000000000000000E0,3.90000000000000000E1));
#482=B_SPLINE_CURVE_WITH_KNOTS('',1,(#480,#481),.UNSPECIFIED.,.F.,.F.,(2,2),(0.00000000000000000E0,1.00000000000000000E0),.UNSPECIFIED.);
#483=CARTESIAN_POINT('',(9.00000000000000000E0,-3.00000000000000000E0,1.30000000000000000E1));
#484=CARTESIAN_POINT('',(2.70000000000000000E1,-3.00000000000000000E0,1.30000000000000000E1));
#485=B_SPLINE_CURVE_WITH_KNOTS('',1,(#483,#484),.UNSPECIFIED.,.F.,.F.,(2,2),(0.00000000000000000E0,1.00000000000000000E0),.UNSPECIFIED.);
#486=CARTESIAN_POINT('',(2.70000000000000000E1,-3.00000000000000000E0,3.90000000000000000E1));
#487=CARTESIAN_POINT('',(2.70000000000000000E1,-3.00000000000000000E0,1.30000000000000000E1));
#488=B_SPLINE_CURVE_WITH_KNOTS('',1,(#486,#487),.UNSPECIFIED.,.F.,.F.,(2,2),(0.00000000000000000E0,1.00000000000000000E0),.UNSPECIFIED.);
#489=CARTESIAN_POINT('',(9.00000000000000000E0,-3.00000000000000000E0,1.20000000000000000E1));
#490=CARTESIAN_POINT('',(2.70000000000000000E1,-3.00000000000000000E0,1.20000000000000000E1));
#491=B_SPLINE_CURVE_WITH_KNOTS('',1,(#489,#490),.UNSPECIFIED.,.F.,.F.,(2,2),(0.00000000000000000E0,1.00000000000000000E0),.UNSPECIFIED.);
#492=CARTESIAN_POINT('',(2.70000000000000000E1,-3.00000000000000000E0,1.30000000000000000E1));
#493=CARTESIAN_POINT('',(2.70000000000000000E1,-3.00000000000000000E0,1.20000000000000000E1));
#494=B_SPLINE_CURVE_WITH_KNOTS('',1,(#492,#493),.UNSPECIFIED.,.F.,.F.,(2,2),(0.00000000000000000E0,1.00000000000000000E0),.UNSPECIFIED.);
#495=CARTESIAN_POINT('',(2.70000000000000000E1,-3.00000000000000000E0,1.20000000000000000E1));
#496=CARTESIAN_POINT('',(2.70000000000000000E1,-3.00000000000000000E0,1.10000000000000000E1));
#497=CARTESIAN_POINT('',(2.70000000000000000E1,-2.00000000000000000E0,1.10000000000000000E1));
#498=(BOUNDED_CURVE()B_SPLINE_CURVE(2,(#495,#496,#497),.UNSPECIFIED.,.F.,.F.)B_SPLINE_CURVE_WITH_KNOTS((3,3),(0.00000000000000000E0,1.00000000000000000E0),.UNSPECIFIED.)CURVE()GEOMETRIC_REPRESENTATION_ITEM()RATIONAL_B_SPLINE_CURVE((1.00000000000000000E0,7.07106781186547573E-1,1.00000000000000000E0))REPRESENTATION_ITEM(''));
#499=CARTESIAN_POINT('',(9.00000000000000000E0,3.50000000000000000E1,1.30000000000000000E1));
#500=CARTESIAN_POINT('',(2.70000000000000000E1,3.50000000000000000E1,1.30000000000000000E1));
#501=B_SPLINE_CURVE_WITH_KNOTS('',1,(#499,#500),.UNSPECIFIED.,.F.,.F.,(2,2),(0.00000000000000000E0,1.00000000000000000E0),.UNSPECIFIED.);
#502=CARTESIAN_POINT('',(2.70000000000000000E1,3.50000000000000000E1,3.90000000000000000E1));
#503=CARTESIAN_POINT('',(2.70000000000000000E1,3.50000000000000000E1,1.30000000000000000E1));
#504=B_SPLINE_CURVE_WITH_KNOTS('',1,(#502,#503),.UNSPECIFIED.,.F.,.F.,(2,2),(0.00000000000000000E0,1.00000000000000000E0),.UNSPECIFIED.);
#505=CARTESIAN_POINT('',(9.00000000000000000E0,3.50000000000000000E1,3.90000000000000000E1));
#506=CARTESIAN_POINT('',(2.70000000000000000E1,3.50000000000000000E1,3.90000000000000000E1));
#507=B_SPLINE_CURVE_WITH_KNOTS('',1,(#505,#506),.UNSPECIFIED.,.F.,.F.,(2,2),(0.00000000000000000E0,1.00000000000000000E0),.UNSPECIFIED.);
#508=CARTESIAN_POINT('',(9.00000000000000000E0,-1.00000000000000000E0,1.30000000000000000E1));
#509=CARTESIAN_POINT('',(2.70000000000000000E1,-1.00000000000000000E0,1.30000000000000000E1));
#510=B_SPLINE_CURVE_WITH_KNOTS('',1,(#508,#509),.UNSPECIFIED.,.F.,.F.,(2,2),(0.00000000000000000E0,1.00000000000000000E0),.UNSPECIFIED.);
#511=CARTESIAN_POINT('',(2.70000000000000000E1,3.50000000000000000E1,1.30000000000000000E1));
#512=CARTESIAN_POINT('',(2.70000000000000000E1,-1.00000000000000000E0,1.30000000000000000E1));
#513=B_SPLINE_CURVE_WITH_KNOTS('',1,(#511,#512),.UNSPECIFIED.,.F.,.F.,(2,2),(0.00000000000000000E0,1.00000000000000000E0),.UNSPECIFIED.);
#514=CARTESIAN_POINT('',(9.00000000000000000E0,-1.00000000000000000E0,3.90000000000000000E1));
#515=CARTESIAN_POINT('',(2.70000000000000000E1,-1.00000000000000000E0,3.90000000000000000E1));
#516=B_SPLINE_CURVE_WITH_KNOTS('',1,(#514,#515),.UNSPECIFIED.,.F.,.F.,(2,2),(0.00000000000000000E0,1.00000000000000000E0),.UNSPECIFIED.);
#517=CARTESIAN_POINT('',(2.70000000000000000E1,-1.00000000000000000E0,1.30000000000000000E1));
#518=CARTESIAN_POINT('',(2.70000000000000000E1,-1.00000000000000000E0,3.90000000000000000E1));
#519=B_SPLINE_CURVE_WITH_KNOTS('',1,(#517,#518),.UNSPECIFIED.,.F.,.F.,(2,2),(0.00000000000000000E0,1.00000000000000000E0),.UNSPECIFIED.);
#520=CARTESIAN_POINT('',(2.70000000000000000E1,-1.00000000000000000E0,3.90000000000000000E1));
#521=CARTESIAN_POINT('',(2.70000000000000000E1,3.50000000000000000E1,3.90000000000000000E1));
#522=B_SPLINE_CURVE_WITH_KNOTS('',1,(#520,#521),.UNSPECIFIED.,.F.,.F.,(2,2),(0.00000000000000000E0,1.00000000000000000E0),.UNSPECIFIED.);
#523=(GEOMETRIC_REPRESENTATION_CONTEXT(2)REPRESENTATION_CONTEXT('','2D'));
#524=CARTESIAN_POINT('',(0.00000000000000000E0,0.00000000000000000E0));
#525=CARTESIAN_POINT('',(1.00000000000000000E0,0.00000000000000000E0));
#526=B_SPLINE_CURVE_WITH_KNOTS('',1,(#524,#525),.UNSPECIFIED.,.F.,.F.,(2,2),(0.00000000000000000E0,1.00000000000000000E0),.UNSPECIFIED.);
#527=DEFINITIONAL_REPRESENTATION('',(#526),#523);
#528=PCURVE('',#107,#527);
#529=CARTESIAN_POINT('',(1.00000000000000000E0,0.00000000000000000E0));
#530=CARTESIAN_POINT('',(1.00000000000000000E0,1.00000000000000000E0));
#531=B_SPLINE_CURVE_WITH_KNOTS('',1,(#529,#530),.UNSPECIFIED.,.F.,.F.,(2,2),(0.00000000000000000E0,1.00000000000000000E0),.UNSPECIFIED.);
#532=DEFINITIONAL_REPRESENTATION('',(#531),#523);
#533=PCURVE('',#107,#532);
#534=CARTESIAN_POINT('',(1.00000000000000000E0,1.00000000000000000E0));
#535=CARTESIAN_POINT('',(0.00000000000000000E0,1.00000000000000000E0));
#536=B_SPLINE_CURVE_WITH_KNOTS('',1,(#534,#535),.UNSPECIFIED.,.F.,.F.,(2,2),(0.00000000000000000E0,1.00000000000000000E0),.UNSPECIFIED.);
#537=DEFINITIONAL_REPRESENTATION('',(#536),#523);
#538=PCURVE('',#107,#537);
#539=CARTESIAN_POINT('',(0.00000000000000000E0,1.00000000000000000E0));
#540=CARTESIAN_POINT('',(0.00000000000000000E0,0.00000000000000000E0));
#541=B_SPLINE_CURVE_WITH_KNOTS('',1,(#539,#540),.UNSPECIFIED.,.F.,.F.,(2,2),(0.00000000000000000E0,1.00000000000000000E0),.UNSPECIFIED.);
#542=DEFINITIONAL_REPRESENTATION('',(#541),#523);
#543=PCURVE('',#107,#542);
#544=CARTESIAN_POINT('',(0.00000000000000000E0,0.00000000000000000E0));
#545=CARTESIAN_POINT('',(1.00000000000000000E0,0.00000000000000000E0));
#546=B_SPLINE_CURVE_WITH_KNOTS('',1,(#544,#545),.UNSPECIFIED.,.F.,.F.,(2,2),(0.00000000000000000E0,1.00000000000000000E0),.UNSPECIFIED.);
#547=DEFINITIONAL_REPRESENTATION('',(#546),#523);
#548=PCURVE('',#112,#547);
#549=CARTESIAN_POINT('',(1.00000000000000000E0,0.00000000000000000E0));
#550=CARTESIAN_POINT('',(1.00000000000000000E0,1.00000000000000000E0));
#551=B_SPLINE_CURVE_WITH_KNOTS('',1,(#549,#550),.UNSPECIFIED.,.F.,.F.,(2,2),(0.00000000000000000E0,1.00000000000000000E0),.UNSPECIFIED.);
#552=DEFINITIONAL_REPRESENTATION('',(#551),#523);
#553=PCURVE('',#112,#552);
#554=CARTESIAN_POINT('',(1.00000000000000000E0,1.00000000000000000E0));
#555=CARTESIAN_POINT('',(0.00000000000000000E0,1.00000000000000000E0));
#556=B_SPLINE_CURVE_WITH_KNOTS('',1,(#554,#555),.UNSPECIFIED.,.F.,.F.,(2,2),(0.00000000000000000E0,1.00000000000000000E0),.UNSPECIFIED.);
#557=DEFINITIONAL_REPRESENTATION('',(#556),#523);
#558=PCURVE('',#112,#557);
#559=CARTESIAN_POINT('',(0.00000000000000000E0,1.00000000000000000E0));
#560=CARTESIAN_POINT('',(0.00000000000000000E0,0.00000000000000000E0));
#561=B_SPLINE_CURVE_WITH_KNOTS('',1,(#559,#560),.UNSPECIFIED.,.F.,.F.,(2,2),(0.00000000000000000E0,1.00000000000000000E0),.UNSPECIFIED.);
#562=DEFINITIONAL_REPRESENTATION('',(#561),#523);
#563=PCURVE('',#112,#562);
#564=CARTESIAN_POINT('',(0.00000000000000000E0,0.00000000000000000E0));
#565=CARTESIAN_POINT('',(1.00000000000000000E0,0.00000000000000000E0));
#566=B_SPLINE_CURVE_WITH_KNOTS('',1,(#564,#565),.UNSPECIFIED.,.F.,.F.,(2,2),(0.00000000000000000E0,1.00000000000000000E0),.UNSPECIFIED.);
#567=DEFINITIONAL_REPRESENTATION('',(#566),#523);
#568=PCURVE('',#117,#567);
#569=CARTESIAN_POINT('',(1.00000000000000000E0,0.00000000000000000E0));
#570=CARTESIAN_POINT('',(1.00000000000000000E0,1.00000000000000000E0));
#571=B_SPLINE_CURVE_WITH_KNOTS('',1,(#569,#570),.UNSPECIFIED.,.F.,.F.,(2,2),(0.00000000000000000E0,1.00000000000000000E0),.UNSPECIFIED.);
#572=DEFINITIONAL_REPRESENTATION('',(#571),#523);
#573=PCURVE('',#117,#572);
#574=CARTESIAN_POINT('',(1.00000000000000000E0,1.00000000000000000E0));
#575=CARTESIAN_POINT('',(0.00000000000000000E0,1.00000000000000000E0));
#576=B_SPLINE_CURVE_WITH_KNOTS('',1,(#574,#575),.UNSPECIFIED.,.F.,.F.,(2,2),(0.00000000000000000E0,1.00000000000000000E0),.UNSPECIFIED.);
#577=DEFINITIONAL_REPRESENTATION('',(#576),#523);
#578=PCURVE('',#117,#577);
#579=CARTESIAN_POINT('',(0.00000000000000000E0,1.00000000000000000E0));
#580=CARTESIAN_POINT('',(0.00000000000000000E0,0.00000000000000000E0));
#581=B_SPLINE_CURVE_WITH_KNOTS('',1,(#579,#580),.UNSPECIFIED.,.F.,.F.,(2,2),(0.00000000000000000E0,1.00000000000000000E0),.UNSPECIFIED.);
#582=DEFINITIONAL_REPRESENTATION('',(#581),#523);
#583=PCURVE('',#117,#582);
#584=CARTESIAN_POINT('',(0.00000000000000000E0,0.00000000000000000E0));
#585=CARTESIAN_POINT('',(1.00000000000000000E0,0.00000000000000000E0));
#586=B_SPLINE_CURVE_WITH_KNOTS('',1,(#584,#585),.UNSPECIFIED.,.F.,.F.,(2,2),(0.00000000000000000E0,1.00000000000000000E0),.UNSPECIFIED.);
#587=DEFINITIONAL_REPRESENTATION('',(#586),#523);
#588=PCURVE('',#122,#587);
#589=CARTESIAN_POINT('',(1.00000000000000000E0,0.00000000000000000E0));
#590=CARTESIAN_POINT('',(1.00000000000000000E0,1.00000000000000000E0));
#591=B_SPLINE_CURVE_WITH_KNOTS('',1,(#589,#590),.UNSPECIFIED.,.F.,.F.,(2,2),(0.00000000000000000E0,1.00000000000000000E0),.UNSPECIFIED.);
#592=DEFINITIONAL_REPRESENTATION('',(#591),#523);
#593=PCURVE('',#122,#592);
#594=CARTESIAN_POINT('',(1.00000000000000000E0,1.00000000000000000E0));
#595=CARTESIAN_POINT('',(0.00000000000000000E0,1.00000000000000000E0));
#596=B_SPLINE_CURVE_WITH_KNOTS('',1,(#594,#595),.UNSPECIFIED.,.F.,.F.,(2,2),(0.00000000000000000E0,1.00000000000000000E0),.UNSPECIFIED.);
#597=DEFINITIONAL_REPRESENTATION('',(#596),#523);
#598=PCURVE('',#122,#597);
#599=CARTESIAN_POINT('',(0.00000000000000000E0,1.00000000000000000E0));
#600=CARTESIAN_POINT('',(0.00000000000000000E0,0.00000000000000000E0));
#601=B_SPLINE_CURVE_WITH_KNOTS('',1,(#599,#600),.UNSPECIFIED.,.F.,.F.,(2,2),(0.00000000000000000E0,1.00000000000000000E0),.UNSPECIFIED.);
#602=DEFINITIONAL_REPRESENTATION('',(#601),#523);
#603=PCURVE('',#122,#602);
#604=CARTESIAN_POINT('',(0.00000000000000000E0,0.00000000000000000E0));
#605=CARTESIAN_POINT('',(1.00000000000000000E0,0.00000000000000000E0));
#606=B_SPLINE_CURVE_WITH_KNOTS('',1,(#604,#605),.UNSPECIFIED.,.F.,.F.,(2,2),(0.00000000000000000E0,1.00000000000000000E0),.UNSPECIFIED.);
#607=DEFINITIONAL_REPRESENTATION('',(#606),#523);
#608=PCURVE('',#127,#607);
#609=CARTESIAN_POINT('',(1.00000000000000000E0,0.00000000000000000E0));
#610=CARTESIAN_POINT('',(1.00000000000000000E0,1.00000000000000000E0));
#611=B_SPLINE_CURVE_WITH_KNOTS('',1,(#609,#610),.UNSPECIFIED.,.F.,.F.,(2,2),(0.00000000000000000E0,1.00000000000000000E0),.UNSPECIFIED.);
#612=DEFINITIONAL_REPRESENTATION('',(#611),#523);
#613=PCURVE('',#127,#612);
#614=CARTESIAN_POINT('',(1.00000000000000000E0,1.00000000000000000E0));
#615=CARTESIAN_POINT('',(0.00000000000000000E0,1.00000000000000000E0));
#616=B_SPLINE_CURVE_WITH_KNOTS('',1,(#614,#615),.UNSPECIFIED.,.F.,.F.,(2,2),(0.00000000000000000E0,1.00000000000000000E0),.UNSPECIFIED.);
#617=DEFINITIONAL_REPRESENTATION('',(#616),#523);
#618=PCURVE('',#127,#617);
#619=CARTESIAN_POINT('',(0.00000000000000000E0,1.00000000000000000E0));
#620=CARTESIAN_POINT('',(0.00000000000000000E0,0.00000000000000000E0));
#621=B_SPLINE_CURVE_WITH_KNOTS('',1,(#619,#620),.UNSPECIFIED.,.F.,.F.,(2,2),(0.00000000000000000E0,1.00000000000000000E0),.UNSPECIFIED.);
#622=DEFINITIONAL_REPRESENTATION('',(#621),#523);
#623=PCURVE('',#127,#622);
#624=CARTESIAN_POINT('',(0.00000000000000000E0,0.00000000000000000E0));
#625=CARTESIAN_POINT('',(1.00000000000000000E0,0.00000000000000000E0));
#626=B_SPLINE_CURVE_WITH_KNOTS('',1,(#624,#625),.UNSPECIFIED.,.F.,.F.,(2,2),(0.00000000000000000E0,1.00000000000000000E0),.UNSPECIFIED.);
#627=DEFINITIONAL_REPRESENTATION('',(#626),#523);
#628=PCURVE('',#132,#627);
#629=CARTESIAN_POINT('',(1.00000000000000000E0,0.00000000000000000E0));
#630=CARTESIAN_POINT('',(1.00000000000000000E0,1.00000000000000000E0));
#631=B_SPLINE_CURVE_WITH_KNOTS('',1,(#629,#630),.UNSPECIFIED.,.F.,.F.,(2,2),(0.00000000000000000E0,1.00000000000000000E0),.UNSPECIFIED.);
#632=DEFINITIONAL_REPRESENTATION('',(#631),#523);
#633=PCURVE('',#132,#632);
#634=CARTESIAN_POINT('',(1.00000000000000000E0,1.00000000000000000E0));
#635=CARTESIAN_POINT('',(0.00000000000000000E0,1.00000000000000000E0));
#636=B_SPLINE_CURVE_WITH_KNOTS('',1,(#634,#635),.UNSPECIFIED.,.F.,.F.,(2,2),(0.00000000000000000E0,1.00000000000000000E0),.UNSPECIFIED.);
#637=DEFINITIONAL_REPRESENTATION('',(#636),#523);
#638=PCURVE('',#132,#637);
#639=CARTESIAN_POINT('',(0.00000000000000000E0,1.00000000000000000E0));
#640=CARTESIAN_POINT('',(0.00000000000000000E0,0.00000000000000000E0));
#641=B_SPLINE_CURVE_WITH_KNOTS('',1,(#639,#640),.UNSPECIFIED.,.F.,.F.,(2,2),(0.00000000000000000E0,1.00000000000000000E0),.UNSPECIFIED.);
#642=DEFINITIONAL_REPRESENTATION('',(#641),#523);
#643=PCURVE('',#132,#642);
#644=CARTESIAN_POINT('',(0.00000000000000000E0,0.00000000000000000E0));
#645=CARTESIAN_POINT('',(1.00000000000000000E0,0.00000000000000000E0));
#646=B_SPLINE_CURVE_WITH_KNOTS('',1,(#644,#645),.UNSPECIFIED.,.F.,.F.,(2,2),(0.00000000000000000E0,1.00000000000000000E0),.UNSPECIFIED.);
#647=DEFINITIONAL_REPRESENTATION('',(#646),#523);
#648=PCURVE('',#137,#647);
#649=CARTESIAN_POINT('',(1.00000000000000000E0,0.00000000000000000E0));
#650=CARTESIAN_POINT('',(1.00000000000000000E0,1.00000000000000000E0));
#651=B_SPLINE_CURVE_WITH_KNOTS('',1,(#649,#650),.UNSPECIFIED.,.F.,.F.,(2,2),(0.00000000000000000E0,1.00000000000000000E0),.UNSPECIFIED.);
#652=DEFINITIONAL_REPRESENTATION('',(#651),#523);
#653=PCURVE('',#137,#652);
#654=CARTESIAN_POINT('',(1.00000000000000000E0,1.00000000000000000E0));
#655=CARTESIAN_POINT('',(0.00000000000000000E0,1.00000000000000000E0));
#656=B_SPLINE_CURVE_WITH_KNOTS('',1,(#654,#655),.UNSPECIFIED.,.F.,.F.,(2,2),(0.00000000000000000E0,1.00000000000000000E0),.UNSPECIFIED.);
#657=DEFINITIONAL_REPRESENTATION('',(#656),#523);
#658=PCURVE('',#137,#657);
#659=CARTESIAN_POINT('',(0.00000000000000000E0,1.00000000000000000E0));
#660=CARTESIAN_POINT('',(0.00000000000000000E0,0.00000000000000000E0));
#661=B_SPLINE_CURVE_WITH_KNOTS('',1,(#659,#660),.UNSPECIFIED.,.F.,.F.,(2,2),(0.00000000000000000E0,1.00000000000000000E0),.UNSPECIFIED.);
#662=DEFINITIONAL_REPRESENTATION('',(#661),#523);
#663=PCURVE('',#137,#662);
#664=CARTESIAN_POINT('',(0.00000000000000000E0,0.00000000000000000E0));
#665=CARTESIAN_POINT('',(1.00000000000000000E0,0.00000000000000000E0));
#666=B_SPLINE_CURVE_WITH_KNOTS('',1,(#664,#665),.UNSPECIFIED.,.F.,.F.,(2,2),(0.00000000000000000E0,1.00000000000000000E0),.UNSPECIFIED.);
#667=DEFINITIONAL_REPRESENTATION('',(#666),#523);
#668=PCURVE('',#142,#667);
#669=CARTESIAN_POINT('',(1.00000000000000000E0,0.00000000000000000E0));
#670=CARTESIAN_POINT('',(1.00000000000000000E0,1.00000000000000000E0));
#671=B_SPLINE_CURVE_WITH_KNOTS('',1,(#669,#670),.UNSPECIFIED.,.F.,.F.,(2,2),(0.00000000000000000E0,1.00000000000000000E0),.UNSPECIFIED.);
#672=DEFINITIONAL_REPRESENTATION('',(#671),#523);
#673=PCURVE('',#142,#672);
#674=CARTESIAN_POINT('',(1.00000000000000000E0,1.00000000000000000E0));
#675=CARTESIAN_POINT('',(0.00000000000000000E0,1.00000000000000000E0));
#676=B_SPLINE_CURVE_WITH_KNOTS('',1,(#674,#675),.UNSPECIFIED.,.F.,.F.,(2,2),(0.00000000000000000E0,1.00000000000000000E0),.UNSPECIFIED.);
#677=DEFINITIONAL_REPRESENTATION('',(#676),#523);
#678=PCURVE('',#142,#677);
#679=CARTESIAN_POINT('',(0.00000000000000000E0,1.00000000000000000E0));
#680=CARTESIAN_POINT('',(0.00000000000000000E0,0.00000000000000000E0));
#681=B_SPLINE_CURVE_WITH_KNOTS('',1,(#679,#680),.UNSPECIFIED.,.F.,.F.,(2,2),(0.00000000000000000E0,1.00000000000000000E0),.UNSPECIFIED.);
#682=DEFINITIONAL_REPRESENTATION('',(#681),#523);
#683=PCURVE('',#142,#682);
#684=CARTESIAN_POINT('',(0.00000000000000000E0,0.00000000000000000E0));
#685=CARTESIAN_POINT('',(1.00000000000000000E0,0.00000000000000000E0));
#686=B_SPLINE_CURVE_WITH_KNOTS('',1,(#684,#685),.UNSPECIFIED.,.F.,.F.,(2,2),(0.00000000000000000E0,1.00000000000000000E0),.UNSPECIFIED.);
#687=DEFINITIONAL_REPRESENTATION('',(#686),#523);
#688=PCURVE('',#147,#687);
#689=CARTESIAN_POINT('',(1.00000000000000000E0,0.00000000000000000E0));
#690=CARTESIAN_POINT('',(1.00000000000000000E0,1.00000000000000000E0));
#691=B_SPLINE_CURVE_WITH_KNOTS('',1,(#689,#690),.UNSPECIFIED.,.F.,.F.,(2,2),(0.00000000000000000E0,1.00000000000000000E0),.UNSPECIFIED.);
#692=DEFINITIONAL_REPRESENTATION('',(#691),#523);
#693=PCURVE('',#147,#692);
#694=CARTESIAN_POINT('',(1.00000000000000000E0,1.00000000000000000E0));
#695=CARTESIAN_POINT('',(0.00000000000000000E0,1.00000000000000000E0));
#696=B_SPLINE_CURVE_WITH_KNOTS('',1,(#694,#695),.UNSPECIFIED.,.F.,.F.,(2,2),(0.00000000000000000E0,1.00000000000000000E0),.UNSPECIFIED.);
#697=DEFINITIONAL_REPRESENTATION('',(#696),#523);
#698=PCURVE('',#147,#697);
#699=CARTESIAN_POINT('',(0.00000000000000000E0,1.00000000000000000E0));
#700=CARTESIAN_POINT('',(0.00000000000000000E0,0.00000000000000000E0));
#701=B_SPLINE_CURVE_WITH_KNOTS('',1,(#699,#700),.UNSPECIFIED.,.F.,.F.,(2,2),(0.00000000000000000E0,1.00000000000000000E0),.UNSPECIFIED.);
#702=DEFINITIONAL_REPRESENTATION('',(#701),#523);
#703=PCURVE('',#147,#702);
#704=CARTESIAN_POINT('',(0.00000000000000000E0,0.00000000000000000E0));
#705=CARTESIAN_POINT('',(1.00000000000000000E0,0.00000000000000000E0));
#706=B_SPLINE_CURVE_WITH_KNOTS('',1,(#704,#705),.UNSPECIFIED.,.F.,.F.,(2,2),(0.00000000000000000E0,1.00000000000000000E0),.UNSPECIFIED.);
#707=DEFINITIONAL_REPRESENTATION('',(#706),#523);
#708=PCURVE('',#152,#707);
#709=CARTESIAN_POINT('',(1.00000000000000000E0,0.00000000000000000E0));
#710=CARTESIAN_POINT('',(1.00000000000000000E0,1.00000000000000000E0));
#711=B_SPLINE_CURVE_WITH_KNOTS('',1,(#709,#710),.UNSPECIFIED.,.F.,.F.,(2,2),(0.00000000000000000E0,1.00000000000000000E0),.UNSPECIFIED.);
#712=DEFINITIONAL_REPRESENTATION('',(#711),#523);
#713=PCURVE('',#152,#712);
#714=CARTESIAN_POINT('',(1.00000000000000000E0,1.00000000000000000E0));
#715=CARTESIAN_POINT('',(0.00000000000000000E0,1.00000000000000000E0));
#716=B_SPLINE_CURVE_WITH_KNOTS('',1,(#714,#715),.UNSPECIFIED.,.F.,.F.,(2,2),(0.00000000000000000E0,1.00000000000000000E0),.UNSPECIFIED.);
#717=DEFINITIONAL_REPRESENTATION('',(#716),#523);
#718=PCURVE('',#152,#717);
#719=CARTESIAN_POINT('',(0.00000000000000000E0,1.00000000000000000E0));
#720=CARTESIAN_POINT('',(0.00000000000000000E0,0.00000000000000000E0));
#721=B_SPLINE_CURVE_WITH_KNOTS('',1,(#719,#720),.UNSPECIFIED.,.F.,.F.,(2,2),(0.00000000000000000E0,1.00000000000000000E0),.UNSPECIFIED.);
#722=DEFINITIONAL_REPRESENTATION('',(#721),#523);
#723=PCURVE('',#152,#722);
#724=CARTESIAN_POINT('',(0.00000000000000000E0,0.00000000000000000E0));
#725=CARTESIAN_POINT('',(1.00000000000000000E0,0.00000000000000000E0));
#726=B_SPLINE_CURVE_WITH_KNOTS('',1,(#724,#725),.UNSPECIFIED.,.F.,.F.,(2,2),(0.00000000000000000E0,1.00000000000000000E0),.UNSPECIFIED.);
#727=DEFINITIONAL_REPRESENTATION('',(#726),#523);
#728=PCURVE('',#157,#727);
#729=CARTESIAN_POINT('',(1.00000000000000000E0,0.00000000000000000E0));
#730=CARTESIAN_POINT('',(1.00000000000000000E0,1.00000000000000000E0));
#731=B_SPLINE_CURVE_WITH_KNOTS('',1,(#729,#730),.UNSPECIFIED.,.F.,.F.,(2,2),(0.00000000000000000E0,1.00000000000000000E0),.UNSPECIFIED.);
#732=DEFINITIONAL_REPRESENTATION('',(#731),#523);
#733=PCURVE('',#157,#732);
#734=CARTESIAN_POINT('',(1.00000000000000000E0,1.00000000000000000E0));
#735=CARTESIAN_POINT('',(0.00000000000000000E0,1.00000000000000000E0));
#736=B_SPLINE_CURVE_WITH_KNOTS('',1,(#734,#735),.UNSPECIFIED.,.F.,.F.,(2,2),(0.00000000000000000E0,1.00000000000000000E0),.UNSPECIFIED.);
#737=DEFINITIONAL_REPRESENTATION('',(#736),#523);
#738=PCURVE('',#157,#737);
#739=CARTESIAN_POINT('',(0.00000000000000000E0,1.00000000000000000E0));
#740=CARTESIAN_POINT('',(0.00000000000000000E0,0.00000000000000000E0));
#741=B_SPLINE_CURVE_WITH_KNOTS('',1,(#739,#740),.UNSPECIFIED.,.F.,.F.,(2,2),(0.00000000000000000E0,1.00000000000000000E0),.UNSPECIFIED.);
#742=DEFINITIONAL_REPRESENTATION('',(#741),#523);
#743=PCURVE('',#157,#742);
#744=CARTESIAN_POINT('',(0.00000000000000000E0,0.00000000000000000E0));
#745=CARTESIAN_POINT('',(1.00000000000000000E0,0.00000000000000000E0));
#746=B_SPLINE_CURVE_WITH_KNOTS('',1,(#744,#745),.UNSPECIFIED.,.F.,.F.,(2,2),(0.00000000000000000E0,1.00000000000000000E0),.UNSPECIFIED.);
#747=DEFINITIONAL_REPRESENTATION('',(#746),#523);
#748=PCURVE('',#162,#747);
#749=CARTESIAN_POINT('',(1.00000000000000000E0,0.00000000000000000E0));
#750=CARTESIAN_POINT('',(1.00000000000000000E0,1.00000000000000000E0));
#751=B_SPLINE_CURVE_WITH_KNOTS('',1,(#749,#750),.UNSPECIFIED.,.F.,.F.,(2,2),(0.00000000000000000E0,1.00000000000000000E0),.UNSPECIFIED.);
#752=DEFINITIONAL_REPRESENTATION('',(#751),#523);
#753=PCURVE('',#162,#752);
#754=CARTESIAN_POINT('',(1.00000000000000000E0,1.00000000000000000E0));
#755=CARTESIAN_POINT('',(0.00000000000000000E0,1.00000000000000000E0));
#756=B_SPLINE_CURVE_WITH_KNOTS('',1,(#754,#755),.UNSPECIFIED.,.F.,.F.,(2,2),(0.00000000000000000E0,1.00000000000000000E0),.UNSPECIFIED.);
#757=DEFINITIONAL_REPRESENTATION('',(#756),#523);
#758=PCURVE('',#162,#757);
#759=CARTESIAN_POINT('',(0.00000000000000000E0,1.00000000000000000E0));
#760=CARTESIAN_POINT('',(0.00000000000000000E0,0.00000000000000000E0));
#761=B_SPLINE_CURVE_WITH_KNOTS('',1,(#759,#760),.UNSPECIFIED.,.F.,.F.,(2,2),(0.00000000000000000E0,1.00000000000000000E0),.UNSPECIFIED.);
#762=DEFINITIONAL_REPRESENTATION('',(#761),#523);
#763=PCURVE('',#162,#762);
#764=CARTESIAN_POINT('',(0.00000000000000000E0,0.00000000000000000E0));
#765=CARTESIAN_POINT('',(1.00000000000000000E0,0.00000000000000000E0));
#766=B_SPLINE_CURVE_WITH_KNOTS('',1,(#764,#765),.UNSPECIFIED.,.F.,.F.,(2,2),(0.00000000000000000E0,1.00000000000000000E0),.UNSPECIFIED.);
#767=DEFINITIONAL_REPRESENTATION('',(#766),#523);
#768=PCURVE('',#169,#767);
#769=CARTESIAN_POINT('',(1.00000000000000000E0,0.00000000000000000E0));
#770=CARTESIAN_POINT('',(1.00000000000000000E0,1.00000000000000000E0));
#771=B_SPLINE_CURVE_WITH_KNOTS('',1,(#769,#770),.UNSPECIFIED.,.F.,.F.,(2,2),(0.00000000000000000E0,1.00000000000000000E0),.UNSPECIFIED.);
#772=DEFINITIONAL_REPRESENTATION('',(#771),#523);
#773=PCURVE('',#169,#772);
#774=CARTESIAN_POINT('',(1.00000000000000000E0,1.00000000000000000E0));
#775=CARTESIAN_POINT('',(0.00000000000000000E0,1.00000000000000000E0));
#776=B_SPLINE_CURVE_WITH_KNOTS('',1,(#774,#775),.UNSPECIFIED.,.F.,.F.,(2,2),(0.00000000000000000E0,1.00000000000000000E0),.UNSPECIFIED.);
#777=DEFINITIONAL_REPRESENTATION('',(#776),#523);
#778=PCURVE('',#169,#777);
#779=CARTESIAN_POINT('',(0.00000000000000000E0,1.00000000000000000E0));
#780=CARTESIAN_POINT('',(0.00000000000000000E0,0.00000000000000000E0));
#781=B_SPLINE_CURVE_WITH_KNOTS('',1,(#779,#780),.UNSPECIFIED.,.F.,.F.,(2,2),(0.00000000000000000E0,1.00000000000000000E0),.UNSPECIFIED.);
#782=DEFINITIONAL_REPRESENTATION('',(#781),#523);
#783=PCURVE('',#169,#782);
#784=CARTESIAN_POINT('',(9.74999999999999978E-1,0.00000000000000000E0));
#785=CARTESIAN_POINT('',(1.00000000000000000E0,0.00000000000000000E0));
#786=CARTESIAN_POINT('',(1.00000000000000000E0,3.33333333333333329E-2));
#787=(BOUNDED_CURVE()B_SPLINE_CURVE(2,(#784,#785,#786),.UNSPECIFIED.,.F.,.F.)B_SPLINE_CURVE_WITH_KNOTS((3,3),(0.00000000000000000E0,1.00000000000000000E0),.UNSPECIFIED.)CURVE()GEOMETRIC_REPRESENTATION_ITEM()RATIONAL_B_SPLINE_CURVE((1.00000000000000000E0,7.07106781186547573E-1,1.00000000000000000E0))REPRESENTATION_ITEM(''));
#788=DEFINITIONAL_REPRESENTATION('',(#787),#523);
#789=PCURVE('',#174,#788);
#790=CARTESIAN_POINT('',(1.00000000000000000E0,3.33333333333333329E-2));
#791=CARTESIAN_POINT('',(1.00000000000000000E0,6.66666666666666657E-2));
#792=B_SPLINE_CURVE_WITH_KNOTS('',1,(#790,#791),.UNSPECIFIED.,.F.,.F.,(2,2),(0.00000000000000000E0,1.00000000000000000E0),.UNSPECIFIED.);
#793=DEFINITIONAL_REPRESENTATION('',(#792),#523);
#794=PCURVE('',#174,#793);
#795=CARTESIAN_POINT('',(1.00000000000000000E0,6.66666666666666657E-2));
#796=CARTESIAN_POINT('',(1.00000000000000000E0,9.33333333333333348E-1));
#797=B_SPLINE_CURVE_WITH_KNOTS('',1,(#795,#796),.UNSPECIFIED.,.F.,.F.,(2,2),(0.00000000000000000E0,1.00000000000000000E0),.UNSPECIFIED.);
#798=DEFINITIONAL_REPRESENTATION('',(#797),#523);
#799=PCURVE('',#174,#798);
#800=CARTESIAN_POINT('',(1.00000000000000000E0,9.33333333333333348E-1));
#801=CARTESIAN_POINT('',(1.00000000000000000E0,1.00000000000000000E0));
#802=B_SPLINE_CURVE_WITH_KNOTS('',1,(#800,#801),.UNSPECIFIED.,.F.,.F.,(2,2),(0.00000000000000000E0,1.00000000000000000E0),.UNSPECIFIED.);
#803=DEFINITIONAL_REPRESENTATION('',(#802),#523);
#804=PCURVE('',#174,#803);
#805=CARTESIAN_POINT('',(1.00000000000000000E0,1.00000000000000000E0));
#806=CARTESIAN_POINT('',(9.49999999999999956E-1,1.00000000000000000E0));
#807=B_SPLINE_CURVE_WITH_KNOTS('',1,(#805,#806),.UNSPECIFIED.,.F.,.F.,(2,2),(0.00000000000000000E0,1.00000000000000000E0),.UNSPECIFIED.);
#808=DEFINITIONAL_REPRESENTATION('',(#807),#523);
#809=PCURVE('',#174,#808);
#810=CARTESIAN_POINT('',(9.49999999999999956E-1,1.00000000000000000E0));
#811=CARTESIAN_POINT('',(5.00000000000000444E-2,1.00000000000000000E0));
#812=B_SPLINE_CURVE_WITH_KNOTS('',1,(#810,#811),.UNSPECIFIED.,.F.,.F.,(2,2),(0.00000000000000000E0,1.00000000000000000E0),.UNSPECIFIED.);
#813=DEFINITIONAL_REPRESENTATION('',(#812),#523);
#814=PCURVE('',#174,#813);
#815=CARTESIAN_POINT('',(5.00000000000000444E-2,1.00000000000000000E0));
#816=CARTESIAN_POINT('',(0.00000000000000000E0,1.00000000000000000E0));
#817=B_SPLINE_CURVE_WITH_KNOTS('',1,(#815,#816),.UNSPECIFIED.,.F.,.F.,(2,2),(0.00000000000000000E0,1.00000000000000000E0),.UNSPECIFIED.);
#818=DEFINITIONAL_REPRESENTATION('',(#817),#523);
#819=PCURVE('',#174,#818);
#820=CARTESIAN_POINT('',(0.00000000000000000E0,1.00000000000000000E0));
#821=CARTESIAN_POINT('',(0.00000000000000000E0,9.33333333333333348E-1));
#822=B_SPLINE_CURVE_WITH_KNOTS('',1,(#820,#821),.UNSPECIFIED.,.F.,.F.,(2,2),(0.00000000000000000E0,1.00000000000000000E0),.UNSPECIFIED.);
#823=DEFINITIONAL_REPRESENTATION('',(#822),#523);
#824=PCURVE('',#174,#823);
#825=CARTESIAN_POINT('',(0.00000000000000000E0,9.33333333333333348E-1));
#826=CARTESIAN_POINT('',(0.00000000000000000E0,6.66666666666666657E-2));
#827=B_SPLINE_CURVE_WITH_KNOTS('',1,(#825,#826),.UNSPECIFIED.,.F.,.F.,(2,2),(0.00000000000000000E0,1.00000000000000000E0),.UNSPECIFIED.);
#828=DEFINITIONAL_REPRESENTATION('',(#827),#523);
#829=PCURVE('',#174,#828);
#830=CARTESIAN_POINT('',(0.00000000000000000E0,6.66666666666666657E-2));
#831=CARTESIAN_POINT('',(0.00000000000000000E0,0.00000000000000000E0));
#832=B_SPLINE_CURVE_WITH_KNOTS('',1,(#830,#831),.UNSPECIFIED.,.F.,.F.,(2,2),(0.00000000000000000E0,1.00000000000000000E0),.UNSPECIFIED.);
#833=DEFINITIONAL_REPRESENTATION('',(#832),#523);
#834=PCURVE('',#174,#833);
#835=CARTESIAN_POINT('',(0.00000000000000000E0,0.00000000000000000E0));
#836=CARTESIAN_POINT('',(5.00000000000000444E-2,0.00000000000000000E0));
#837=B_SPLINE_CURVE_WITH_KNOTS('',1,(#835,#836),.UNSPECIFIED.,.F.,.F.,(2,2),(0.00000000000000000E0,1.00000000000000000E0),.UNSPECIFIED.);
#838=DEFINITIONAL_REPRESENTATION('',(#837),#523);
#839=PCURVE('',#174,#838);
#840=CARTESIAN_POINT('',(5.00000000000000444E-2,0.00000000000000000E0));
#841=CARTESIAN_POINT('',(9.49999999999999956E-1,0.00000000000000000E0));
#842=B_SPLINE_CURVE_WITH_KNOTS('',1,(#840,#841),.UNSPECIFIED.,.F.,.F.,(2,2),(0.00000000000000000E0,1.00000000000000000E0),.UNSPECIFIED.);
#843=DEFINITIONAL_REPRESENTATION('',(#842),#523);
#844=PCURVE('',#174,#843);
#845=CARTESIAN_POINT('',(9.49999999999999956E-1,0.00000000000000000E0));
#846=CARTESIAN_POINT('',(9.74999999999999978E-1,0.00000000000000000E0));
#847=B_SPLINE_CURVE_WITH_KNOTS('',1,(#845,#846),.UNSPECIFIED.,.F.,.F.,(2,2),(0.00000000000000000E0,1.00000000000000000E0),.UNSPECIFIED.);
#848=DEFINITIONAL_REPRESENTATION('',(#847),#523);
#849=PCURVE('',#174,#848);
#850=CARTESIAN_POINT('',(5.00000000000000444E-2,9.33333333333333348E-1));
#851=CARTESIAN_POINT('',(9.49999999999999956E-1,9.33333333333333348E-1));
#852=B_SPLINE_CURVE_WITH_KNOTS('',1,(#850,#851),.UNSPECIFIED.,.F.,.F.,(2,2),(0.00000000000000000E0,1.00000000000000000E0),.UNSPECIFIED.);
#853=DEFINITIONAL_REPRESENTATION('',(#852),#523);
#854=PCURVE('',#174,#853);
#855=CARTESIAN_POINT('',(9.49999999999999956E-1,9.33333333333333348E-1));
#856=CARTESIAN_POINT('',(9.49999999999999956E-1,6.66666666666666657E-2));
#857=B_SPLINE_CURVE_WITH_KNOTS('',1,(#855,#856),.UNSPECIFIED.,.F.,.F.,(2,2),(0.00000000000000000E0,1.00000000000000000E0),.UNSPECIFIED.);
#858=DEFINITIONAL_REPRESENTATION('',(#857),#523);
#859=PCURVE('',#174,#858);
#860=CARTESIAN_POINT('',(9.49999999999999956E-1,6.66666666666666657E-2));
#861=CARTESIAN_POINT('',(5.00000000000000444E-2,6.66666666666666657E-2));
#862=B_SPLINE_CURVE_WITH_KNOTS('',1,(#860,#861),.UNSPECIFIED.,.F.,.F.,(2,2),(0.00000000000000000E0,1.00000000000000000E0),.UNSPECIFIED.);
#863=DEFINITIONAL_REPRESENTATION('',(#862),#523);
#864=PCURVE('',#174,#863);
#865=CARTESIAN_POINT('',(5.00000000000000444E-2,6.66666666666666657E-2));
#866=CARTESIAN_POINT('',(5.00000000000000444E-2,9.33333333333333348E-1));
#867=B_SPLINE_CURVE_WITH_KNOTS('',1,(#865,#866),.UNSPECIFIED.,.F.,.F.,(2,2),(0.00000000000000000E0,1.00000000000000000E0),.UNSPECIFIED.);
#868=DEFINITIONAL_REPRESENTATION('',(#867),#523);
#869=PCURVE('',#174,#868);
#870=CARTESIAN_POINT('',(0.00000000000000000E0,0.00000000000000000E0));
#871=CARTESIAN_POINT('',(1.00000000000000000E0,0.00000000000000000E0));
#872=B_SPLINE_CURVE_WITH_KNOTS('',1,(#870,#871),.UNSPECIFIED.,.F.,.F.,(2,2),(0.00000000000000000E0,1.00000000000000000E0),.UNSPECIFIED.);
#873=DEFINITIONAL_REPRESENTATION('',(#872),#523);
#874=PCURVE('',#179,#873);
#875=CARTESIAN_POINT('',(1.00000000000000000E0,0.00000000000000000E0));
#876=CARTESIAN_POINT('',(1.00000000000000000E0,1.00000000000000000E0));
#877=B_SPLINE_CURVE_WITH_KNOTS('',1,(#875,#876),.UNSPECIFIED.,.F.,.F.,(2,2),(0.00000000000000000E0,1.00000000000000000E0),.UNSPECIFIED.);
#878=DEFINITIONAL_REPRESENTATION('',(#877),#523);
#879=PCURVE('',#179,#878);
#880=CARTESIAN_POINT('',(1.00000000000000000E0,1.00000000000000000E0));
#881=CARTESIAN_POINT('',(0.00000000000000000E0,1.00000000000000000E0));
#882=B_SPLINE_CURVE_WITH_KNOTS('',1,(#880,#881),.UNSPECIFIED.,.F.,.F.,(2,2),(0.00000000000000000E0,1.00000000000000000E0),.UNSPECIFIED.);
#883=DEFINITIONAL_REPRESENTATION('',(#882),#523);
#884=PCURVE('',#179,#883);
#885=CARTESIAN_POINT('',(0.00000000000000000E0,1.00000000000000000E0));
#886=CARTESIAN_POINT('',(0.00000000000000000E0,0.00000000000000000E0));
#887=B_SPLINE_CURVE_WITH_KNOTS('',1,(#885,#886),.UNSPECIFIED.,.F.,.F.,(2,2),(0.00000000000000000E0,1.00000000000000000E0),.UNSPECIFIED.);
#888=DEFINITIONAL_REPRESENTATION('',(#887),#523);
#889=PCURVE('',#179,#888);
#890=CARTESIAN_POINT('',(1.00000000000000000E0,0.00000000000000000E0));
#891=CARTESIAN_POINT('',(1.00000000000000000E0,1.00000000000000000E0));
#892=B_SPLINE_CURVE_WITH_KNOTS('',1,(#890,#891),.UNSPECIFIED.,.F.,.F.,(2,2),(0.00000000000000000E0,1.00000000000000000E0),.UNSPECIFIED.);
#893=DEFINITIONAL_REPRESENTATION('',(#892),#523);
#894=PCURVE('',#184,#893);
#895=CARTESIAN_POINT('',(1.00000000000000000E0,1.00000000000000000E0));
#896=CARTESIAN_POINT('',(0.00000000000000000E0,1.00000000000000000E0));
#897=B_SPLINE_CURVE_WITH_KNOTS('',1,(#895,#896),.UNSPECIFIED.,.F.,.F.,(2,2),(0.00000000000000000E0,1.00000000000000000E0),.UNSPECIFIED.);
#898=DEFINITIONAL_REPRESENTATION('',(#897),#523);
#899=PCURVE('',#184,#898);
#900=CARTESIAN_POINT('',(0.00000000000000000E0,1.00000000000000000E0));
#901=CARTESIAN_POINT('',(0.00000000000000000E0,0.00000000000000000E0));
#902=B_SPLINE_CURVE_WITH_KNOTS('',1,(#900,#901),.UNSPECIFIED.,.F.,.F.,(2,2),(0.00000000000000000E0,1.00000000000000000E0),.UNSPECIFIED.);
#903=DEFINITIONAL_REPRESENTATION('',(#902),#523);
#904=PCURVE('',#184,#903);
#905=CARTESIAN_POINT('',(0.00000000000000000E0,0.00000000000000000E0));
#906=CARTESIAN_POINT('',(1.00000000000000000E0,0.00000000000000000E0));
#907=B_SPLINE_CURVE_WITH_KNOTS('',1,(#905,#906),.UNSPECIFIED.,.F.,.F.,(2,2),(0.00000000000000000E0,1.00000000000000000E0),.UNSPECIFIED.);
#908=DEFINITIONAL_REPRESENTATION('',(#907),#523);
#909=PCURVE('',#184,#908);
#910=CARTESIAN_POINT('',(0.00000000000000000E0,0.00000000000000000E0));
#911=CARTESIAN_POINT('',(1.00000000000000000E0,0.00000000000000000E0));
#912=B_SPLINE_CURVE_WITH_KNOTS('',1,(#910,#911),.UNSPECIFIED.,.F.,.F.,(2,2),(0.00000000000000000E0,1.00000000000000000E0),.UNSPECIFIED.);
#913=DEFINITIONAL_REPRESENTATION('',(#912),#523);
#914=PCURVE('',#189,#913);
#915=CARTESIAN_POINT('',(1.00000000000000000E0,0.00000000000000000E0));
#916=CARTESIAN_POINT('',(1.00000000000000000E0,1.00000000000000000E0));
#917=B_SPLINE_CURVE_WITH_KNOTS('',1,(#915,#916),.UNSPECIFIED.,.F.,.F.,(2,2),(0.00000000000000000E0,1.00000000000000000E0),.UNSPECIFIED.);
#918=DEFINITIONAL_REPRESENTATION('',(#917),#523);
#919=PCURVE('',#189,#918);
#920=CARTESIAN_POINT('',(1.00000000000000000E0,1.00000000000000000E0));
#921=CARTESIAN_POINT('',(0.00000000000000000E0,1.00000000000000000E0));
#922=B_SPLINE_CURVE_WITH_KNOTS('',1,(#920,#921),.UNSPECIFIED.,.F.,.F.,(2,2),(0.00000000000000000E0,1.00000000000000000E0),.UNSPECIFIED.);
#923=DEFINITIONAL_REPRESENTATION('',(#922),#523);
#924=PCURVE('',#189,#923);
#925=CARTESIAN_POINT('',(0.00000000000000000E0,1.00000000000000000E0));
#926=CARTESIAN_POINT('',(0.00000000000000000E0,0.00000000000000000E0));
#927=B_SPLINE_CURVE_WITH_KNOTS('',1,(#925,#926),.UNSPECIFIED.,.F.,.F.,(2,2),(0.00000000000000000E0,1.00000000000000000E0),.UNSPECIFIED.);
#928=DEFINITIONAL_REPRESENTATION('',(#927),#523);
#929=PCURVE('',#189,#928);
#930=CARTESIAN_POINT('',(0.00000000000000000E0,0.00000000000000000E0));
#931=CARTESIAN_POINT('',(1.00000000000000000E0,0.00000000000000000E0));
#932=B_SPLINE_CURVE_WITH_KNOTS('',1,(#930,#931),.UNSPECIFIED.,.F.,.F.,(2,2),(0.00000000000000000E0,1.00000000000000000E0),.UNSPECIFIED.);
#933=DEFINITIONAL_REPRESENTATION('',(#932),#523);
#934=PCURVE('',#194,#933);
#935=CARTESIAN_POINT('',(1.00000000000000000E0,0.00000000000000000E0));
#936=CARTESIAN_POINT('',(1.00000000000000000E0,1.00000000000000000E0));
#937=B_SPLINE_CURVE_WITH_KNOTS('',1,(#935,#936),.UNSPECIFIED.,.F.,.F.,(2,2),(0.00000000000000000E0,1.00000000000000000E0),.UNSPECIFIED.);
#938=DEFINITIONAL_REPRESENTATION('',(#937),#523);
#939=PCURVE('',#194,#938);
#940=CARTESIAN_POINT('',(1.00000000000000000E0,1.00000000000000000E0));
#941=CARTESIAN_POINT('',(0.00000000000000000E0,1.00000000000000000E0));
#942=B_SPLINE_CURVE_WITH_KNOTS('',1,(#940,#941),.UNSPECIFIED.,.F.,.F.,(2,2),(0.00000000000000000E0,1.00000000000000000E0),.UNSPECIFIED.);
#943=DEFINITIONAL_REPRESENTATION('',(#942),#523);
#944=PCURVE('',#194,#943);
#945=CARTESIAN_POINT('',(0.00000000000000000E0,1.00000000000000000E0));
#946=CARTESIAN_POINT('',(0.00000000000000000E0,0.00000000000000000E0));
#947=B_SPLINE_CURVE_WITH_KNOTS('',1,(#945,#946),.UNSPECIFIED.,.F.,.F.,(2,2),(0.00000000000000000E0,1.00000000000000000E0),.UNSPECIFIED.);
#948=DEFINITIONAL_REPRESENTATION('',(#947),#523);
#949=PCURVE('',#194,#948);
#950=CARTESIAN_POINT('',(0.00000000000000000E0,0.00000000000000000E0));
#951=CARTESIAN_POINT('',(1.00000000000000000E0,0.00000000000000000E0));
#952=B_SPLINE_CURVE_WITH_KNOTS('',1,(#950,#951),.UNSPECIFIED.,.F.,.F.,(2,2),(0.00000000000000000E0,1.00000000000000000E0),.UNSPECIFIED.);
#953=DEFINITIONAL_REPRESENTATION('',(#952),#523);
#954=PCURVE('',#199,#953);
#955=CARTESIAN_POINT('',(1.00000000000000000E0,0.00000000000000000E0));
#956=CARTESIAN_POINT('',(1.00000000000000000E0,1.00000000000000000E0));
#957=B_SPLINE_CURVE_WITH_KNOTS('',1,(#955,#956),.UNSPECIFIED.,.F.,.F.,(2,2),(0.00000000000000000E0,1.00000000000000000E0),.UNSPECIFIED.);
#958=DEFINITIONAL_REPRESENTATION('',(#957),#523);
#959=PCURVE('',#199,#958);
#960=CARTESIAN_POINT('',(1.00000000000000000E0,1.00000000000000000E0));
#961=CARTESIAN_POINT('',(0.00000000000000000E0,1.00000000000000000E0));
#962=B_SPLINE_CURVE_WITH_KNOTS('',1,(#960,#961),.UNSPECIFIED.,.F.,.F.,(2,2),(0.00000000000000000E0,1.00000000000000000E0),.UNSPECIFIED.);
#963=DEFINITIONAL_REPRESENTATION('',(#962),#523);
#964=PCURVE('',#199,#963);
#965=CARTESIAN_POINT('',(0.00000000000000000E0,1.00000000000000000E0));
#966=CARTESIAN_POINT('',(0.00000000000000000E0,0.00000000000000000E0));
#967=B_SPLINE_CURVE_WITH_KNOTS('',1,(#965,#966),.UNSPECIFIED.,.F.,.F.,(2,2),(0.00000000000000000E0,1.00000000000000000E0),.UNSPECIFIED.);
#968=DEFINITIONAL_REPRESENTATION('',(#967),#523);
#969=PCURVE('',#199,#968);
#970=CARTESIAN_POINT('',(0.00000000000000000E0,0.00000000000000000E0));
#971=CARTESIAN_POINT('',(1.00000000000000000E0,0.00000000000000000E0));
#972=B_SPLINE_CURVE_WITH_KNOTS('',1,(#970,#971),.UNSPECIFIED.,.F.,.F.,(2,2),(0.00000000000000000E0,1.00000000000000000E0),.UNSPECIFIED.);
#973=DEFINITIONAL_REPRESENTATION('',(#972),#523);
#974=PCURVE('',#204,#973);
#975=CARTESIAN_POINT('',(1.00000000000000000E0,0.00000000000000000E0));
#976=CARTESIAN_POINT('',(1.00000000000000000E0,1.00000000000000000E0));
#977=B_SPLINE_CURVE_WITH_KNOTS('',1,(#975,#976),.UNSPECIFIED.,.F.,.F.,(2,2),(0.00000000000000000E0,1.00000000000000000E0),.UNSPECIFIED.);
#978=DEFINITIONAL_REPRESENTATION('',(#977),#523);
#979=PCURVE('',#204,#978);
#980=CARTESIAN_POINT('',(1.00000000000000000E0,1.00000000000000000E0));
#981=CARTESIAN_POINT('',(0.00000000000000000E0,1.00000000000000000E0));
#982=B_SPLINE_CURVE_WITH_KNOTS('',1,(#980,#981),.UNSPECIFIED.,.F.,.F.,(2,2),(0.00000000000000000E0,1.00000000000000000E0),.UNSPECIFIED.);
#983=DEFINITIONAL_REPRESENTATION('',(#982),#523);
#984=PCURVE('',#204,#983);
#985=CARTESIAN_POINT('',(0.00000000000000000E0,1.00000000000000000E0));
#986=CARTESIAN_POINT('',(0.00000000000000000E0,0.00000000000000000E0));
#987=B_SPLINE_CURVE_WITH_KNOTS('',1,(#985,#986),.UNSPECIFIED.,.F.,.F.,(2,2),(0.00000000000000000E0,1.00000000000000000E0),.UNSPECIFIED.);
#988=DEFINITIONAL_REPRESENTATION('',(#987),#523);
#989=PCURVE('',#204,#988);
#990=CARTESIAN_POINT('',(0.00000000000000000E0,0.00000000000000000E0));
#991=CARTESIAN_POINT('',(1.00000000000000000E0,0.00000000000000000E0));
#992=B_SPLINE_CURVE_WITH_KNOTS('',1,(#990,#991),.UNSPECIFIED.,.F.,.F.,(2,2),(0.00000000000000000E0,1.00000000000000000E0),.UNSPECIFIED.);
#993=DEFINITIONAL_REPRESENTATION('',(#992),#523);
#994=PCURVE('',#209,#993);
#995=CARTESIAN_POINT('',(1.00000000000000000E0,0.00000000000000000E0));
#996=CARTESIAN_POINT('',(1.00000000000000000E0,1.00000000000000000E0));
#997=B_SPLINE_CURVE_WITH_KNOTS('',1,(#995,#996),.UNSPECIFIED.,.F.,.F.,(2,2),(0.00000000000000000E0,1.00000000000000000E0),.UNSPECIFIED.);
#998=DEFINITIONAL_REPRESENTATION('',(#997),#523);
#999=PCURVE('',#209,#998);
#1000=CARTESIAN_POINT('',(1.00000000000000000E0,1.00000000000000000E0));
#1001=CARTESIAN_POINT('',(0.00000000000000000E0,1.00000000000000000E0));
#1002=B_SPLINE_CURVE_WITH_KNOTS('',1,(#1000,#1001),.UNSPECIFIED.,.F.,.F.,(2,2),(0.00000000000000000E0,1.00000000000000000E0),.UNSPECIFIED.);
#1003=DEFINITIONAL_REPRESENTATION('',(#1002),#523);
#1004=PCURVE('',#209,#1003);
#1005=CARTESIAN_POINT('',(0.00000000000000000E0,1.00000000000000000E0));
#1006=CARTESIAN_POINT('',(0.00000000000000000E0,0.00000000000000000E0));
#1007=B_SPLINE_CURVE_WITH_KNOTS('',1,(#1005,#1006),.UNSPECIFIED.,.F.,.F.,(2,2),(0.00000000000000000E0,1.00000000000000000E0),.UNSPECIFIED.);
#1008=DEFINITIONAL_REPRESENTATION('',(#1007),#523);
#1009=PCURVE('',#209,#1008);
#1010=CARTESIAN_POINT('',(0.00000000000000000E0,0.00000000000000000E0));
#1011=CARTESIAN_POINT('',(1.00000000000000000E0,0.00000000000000000E0));
#1012=B_SPLINE_CURVE_WITH_KNOTS('',1,(#1010,#1011),.UNSPECIFIED.,.F.,.F.,(2,2),(0.00000000000000000E0,1.00000000000000000E0),.UNSPECIFIED.);
#1013=DEFINITIONAL_REPRESENTATION('',(#1012),#523);
#1014=PCURVE('',#214,#1013);
#1015=CARTESIAN_POINT('',(1.00000000000000000E0,0.00000000000000000E0));
#1016=CARTESIAN_POINT('',(1.00000000000000000E0,1.00000000000000000E0));
#1017=B_SPLINE_CURVE_WITH_KNOTS('',1,(#1015,#1016),.UNSPECIFIED.,.F.,.F.,(2,2),(0.00000000000000000E0,1.00000000000000000E0),.UNSPECIFIED.);
#1018=DEFINITIONAL_REPRESENTATION('',(#1017),#523);
#1019=PCURVE('',#214,#1018);
#1020=CARTESIAN_POINT('',(1.00000000000000000E0,1.00000000000000000E0));
#1021=CARTESIAN_POINT('',(0.00000000000000000E0,1.00000000000000000E0));
#1022=B_SPLINE_CURVE_WITH_KNOTS('',1,(#1020,#1021),.UNSPECIFIED.,.F.,.F.,(2,2),(0.00000000000000000E0,1.00000000000000000E0),.UNSPECIFIED.);
#1023=DEFINITIONAL_REPRESENTATION('',(#1022),#523);
#1024=PCURVE('',#214,#1023);
#1025=CARTESIAN_POINT('',(0.00000000000000000E0,1.00000000000000000E0));
#1026=CARTESIAN_POINT('',(0.00000000000000000E0,0.00000000000000000E0));
#1027=B_SPLINE_CURVE_WITH_KNOTS('',1,(#1025,#1026),.UNSPECIFIED.,.F.,.F.,(2,2),(0.00000000000000000E0,1.00000000000000000E0),.UNSPECIFIED.);
#1028=DEFINITIONAL_REPRESENTATION('',(#1027),#523);
#1029=PCURVE('',#214,#1028);
#1030=CARTESIAN_POINT('',(0.00000000000000000E0,0.00000000000000000E0));
#1031=CARTESIAN_POINT('',(1.00000000000000000E0,0.00000000000000000E0));
#1032=B_SPLINE_CURVE_WITH_KNOTS('',1,(#1030,#1031),.UNSPECIFIED.,.F.,.F.,(2,2),(0.00000000000000000E0,1.00000000000000000E0),.UNSPECIFIED.);
#1033=DEFINITIONAL_REPRESENTATION('',(#1032),#523);
#1034=PCURVE('',#219,#1033);
#1035=CARTESIAN_POINT('',(1.00000000000000000E0,0.00000000000000000E0));
#1036=CARTESIAN_POINT('',(1.00000000000000000E0,1.00000000000000000E0));
#1037=B_SPLINE_CURVE_WITH_KNOTS('',1,(#1035,#1036),.UNSPECIFIED.,.F.,.F.,(2,2),(0.00000000000000000E0,1.00000000000000000E0),.UNSPECIFIED.);
#1038=DEFINITIONAL_REPRESENTATION('',(#1037),#523);
#1039=PCURVE('',#219,#1038);
#1040=CARTESIAN_POINT('',(1.00000000000000000E0,1.00000000000000000E0));
#1041=CARTESIAN_POINT('',(0.00000000000000000E0,1.00000000000000000E0));
#1042=B_SPLINE_CURVE_WITH_KNOTS('',1,(#1040,#1041),.UNSPECIFIED.,.F.,.F.,(2,2),(0.00000000000000000E0,1.00000000000000000E0),.UNSPECIFIED.);
#1043=DEFINITIONAL_REPRESENTATION('',(#1042),#523);
#1044=PCURVE('',#219,#1043);
#1045=CARTESIAN_POINT('',(0.00000000000000000E0,1.00000000000000000E0));
#1046=CARTESIAN_POINT('',(0.00000000000000000E0,0.00000000000000000E0));
#1047=B_SPLINE_CURVE_WITH_KNOTS('',1,(#1045,#1046),.UNSPECIFIED.,.F.,.F.,(2,2),(0.00000000000000000E0,1.00000000000000000E0),.UNSPECIFIED.);
#1048=DEFINITIONAL_REPRESENTATION('',(#1047),#523);
#1049=PCURVE('',#219,#1048);
#1050=CARTESIAN_POINT('',(0.00000000000000000E0,0.00000000000000000E0));
#1051=CARTESIAN_POINT('',(1.00000000000000000E0,0.00000000000000000E0));
#1052=B_SPLINE_CURVE_WITH_KNOTS('',1,(#1050,#1051),.UNSPECIFIED.,.F.,.F.,(2,2),(0.00000000000000000E0,1.00000000000000000E0),.UNSPECIFIED.);
#1053=DEFINITIONAL_REPRESENTATION('',(#1052),#523);
#1054=PCURVE('',#224,#1053);
#1055=CARTESIAN_POINT('',(1.00000000000000000E0,0.00000000000000000E0));
#1056=CARTESIAN_POINT('',(1.00000000000000000E0,1.00000000000000000E0));
#1057=B_SPLINE_CURVE_WITH_KNOTS('',1,(#1055,#1056),.UNSPECIFIED.,.F.,.F.,(2,2),(0.00000000000000000E0,1.00000000000000000E0),.UNSPECIFIED.);
#1058=DEFINITIONAL_REPRESENTATION('',(#1057),#523);
#1059=PCURVE('',#224,#1058);
#1060=CARTESIAN_POINT('',(1.00000000000000000E0,1.00000000000000000E0));
#1061=CARTESIAN_POINT('',(0.00000000000000000E0,1.00000000000000000E0));
#1062=B_SPLINE_CURVE_WITH_KNOTS('',1,(#1060,#1061),.UNSPECIFIED.,.F.,.F.,(2,2),(0.00000000000000000E0,1.00000000000000000E0),.UNSPECIFIED.);
#1063=DEFINITIONAL_REPRESENTATION('',(#1062),#523);
#1064=PCURVE('',#224,#1063);
#1065=CARTESIAN_POINT('',(0.00000000000000000E0,1.00000000000000000E0));
#1066=CARTESIAN_POINT('',(0.00000000000000000E0,0.00000000000000000E0));
#1067=B_SPLINE_CURVE_WITH_KNOTS('',1,(#1065,#1066),.UNSPECIFIED.,.F.,.F.,(2,2),(0.00000000000000000E0,1.00000000000000000E0),.UNSPECIFIED.);
#1068=DEFINITIONAL_REPRESENTATION('',(#1067),#523);
#1069=PCURVE('',#224,#1068);
#1070=CARTESIAN_POINT('',(0.00000000000000000E0,0.00000000000000000E0));
#1071=CARTESIAN_POINT('',(1.00000000000000000E0,0.00000000000000000E0));
#1072=B_SPLINE_CURVE_WITH_KNOTS('',1,(#1070,#1071),.UNSPECIFIED.,.F.,.F.,(2,2),(0.00000000000000000E0,1.00000000000000000E0),.UNSPECIFIED.);
#1073=DEFINITIONAL_REPRESENTATION('',(#1072),#523);
#1074=PCURVE('',#229,#1073);
#1075=CARTESIAN_POINT('',(1.00000000000000000E0,0.00000000000000000E0));
#1076=CARTESIAN_POINT('',(1.00000000000000000E0,1.00000000000000000E0));
#1077=B_SPLINE_CURVE_WITH_KNOTS('',1,(#1075,#1076),.UNSPECIFIED.,.F.,.F.,(2,2),(0.00000000000000000E0,1.00000000000000000E0),.UNSPECIFIED.);
#1078=DEFINITIONAL_REPRESENTATION('',(#1077),#523);
#1079=PCURVE('',#229,#1078);
#1080=CARTESIAN_POINT('',(1.00000000000000000E0,1.00000000000000000E0));
#1081=CARTESIAN_POINT('',(0.00000000000000000E0,1.00000000000000000E0));
#1082=B_SPLINE_CURVE_WITH_KNOTS('',1,(#1080,#1081),.UNSPECIFIED.,.F.,.F.,(2,2),(0.00000000000000000E0,1.00000000000000000E0),.UNSPECIFIED.);
#1083=DEFINITIONAL_REPRESENTATION('',(#1082),#523);
#1084=PCURVE('',#229,#1083);
#1085=CARTESIAN_POINT('',(0.00000000000000000E0,1.00000000000000000E0));
#1086=CARTESIAN_POINT('',(0.00000000000000000E0,0.00000000000000000E0));
#1087=B_SPLINE_CURVE_WITH_KNOTS('',1,(#1085,#1086),.UNSPECIFIED.,.F.,.F.,(2,2),(0.00000000000000000E0,1.00000000000000000E0),.UNSPECIFIED.);
#1088=DEFINITIONAL_REPRESENTATION('',(#1087),#523);
#1089=PCURVE('',#229,#1088);
#1090=CARTESIAN_POINT('',(0.00000000000000000E0,0.00000000000000000E0));
#1091=CARTESIAN_POINT('',(1.00000000000000000E0,0.00000000000000000E0));
#1092=B_SPLINE_CURVE_WITH_KNOTS('',1,(#1090,#1091),.UNSPECIFIED.,.F.,.F.,(2,2),(0.00000000000000000E0,1.00000000000000000E0),.UNSPECIFIED.);
#1093=DEFINITIONAL_REPRESENTATION('',(#1092),#523);
#1094=PCURVE('',#234,#1093);
#1095=CARTESIAN_POINT('',(1.00000000000000000E0,0.00000000000000000E0));
#1096=CARTESIAN_POINT('',(1.00000000000000000E0,1.00000000000000000E0));
#1097=B_SPLINE_CURVE_WITH_KNOTS('',1,(#1095,#1096),.UNSPECIFIED.,.F.,.F.,(2,2),(0.00000000000000000E0,1.00000000000000000E0),.UNSPECIFIED.);
#1098=DEFINITIONAL_REPRESENTATION('',(#1097),#523);
#1099=PCURVE('',#234,#1098);
#1100=CARTESIAN_POINT('',(1.00000000000000000E0,1.00000000000000000E0));
#1101=CARTESIAN_POINT('',(0.00000000000000000E0,1.00000000000000000E0));
#1102=B_SPLINE_CURVE_WITH_KNOTS('',1,(#1100,#1101),.UNSPECIFIED.,.F.,.F.,(2,2),(0.00000000000000000E0,1.00000000000000000E0),.UNSPECIFIED.);
#1103=DEFINITIONAL_REPRESENTATION('',(#1102),#523);
#1104=PCURVE('',#234,#1103);
#1105=CARTESIAN_POINT('',(0.00000000000000000E0,1.00000000000000000E0));
#1106=CARTESIAN_POINT('',(0.00000000000000000E0,0.00000000000000000E0));
#1107=B_SPLINE_CURVE_WITH_KNOTS('',1,(#1105,#1106),.UNSPECIFIED.,.F.,.F.,(2,2),(0.00000000000000000E0,1.00000000000000000E0),.UNSPECIFIED.);
#1108=DEFINITIONAL_REPRESENTATION('',(#1107),#523);
#1109=PCURVE('',#234,#1108);
#1110=CARTESIAN_POINT('',(0.00000000000000000E0,0.00000000000000000E0));
#1111=CARTESIAN_POINT('',(1.00000000000000000E0,0.00000000000000000E0));
#1112=B_SPLINE_CURVE_WITH_KNOTS('',1,(#1110,#1111),.UNSPECIFIED.,.F.,.F.,(2,2),(0.00000000000000000E0,1.00000000000000000E0),.UNSPECIFIED.);
#1113=DEFINITIONAL_REPRESENTATION('',(#1112),#523);
#1114=PCURVE('',#239,#1113);
#1115=CARTESIAN_POINT('',(1.00000000000000000E0,0.00000000000000000E0));
#1116=CARTESIAN_POINT('',(1.00000000000000000E0,1.00000000000000000E0));
#1117=B_SPLINE_CURVE_WITH_KNOTS('',1,(#1115,#1116),.UNSPECIFIED.,.F.,.F.,(2,2),(0.00000000000000000E0,1.00000000000000000E0),.UNSPECIFIED.);
#1118=DEFINITIONAL_REPRESENTATION('',(#1117),#523);
#1119=PCURVE('',#239,#1118);
#1120=CARTESIAN_POINT('',(1.00000000000000000E0,1.00000000000000000E0));
#1121=CARTESIAN_POINT('',(0.00000000000000000E0,1.00000000000000000E0));
#1122=B_SPLINE_CURVE_WITH_KNOTS('',1,(#1120,#1121),.UNSPECIFIED.,.F.,.F.,(2,2),(0.00000000000000000E0,1.00000000000000000E0),.UNSPECIFIED.);
#1123=DEFINITIONAL_REPRESENTATION('',(#1122),#523);
#1124=PCURVE('',#239,#1123);
#1125=CARTESIAN_POINT('',(0.00000000000000000E0,1.00000000000000000E0));
#1126=CARTESIAN_POINT('',(0.00000000000000000E0,0.00000000000000000E0));
#1127=B_SPLINE_CURVE_WITH_KNOTS('',1,(#1125,#1126),.UNSPECIFIED.,.F.,.F.,(2,2),(0.00000000000000000E0,1.00000000000000000E0),.UNSPECIFIED.);
#1128=DEFINITIONAL_REPRESENTATION('',(#1127),#523);
#1129=PCURVE('',#239,#1128);
#1130=CARTESIAN_POINT('',(0.00000000000000000E0,0.00000000000000000E0));
#1131=CARTESIAN_POINT('',(1.00000000000000000E0,0.00000000000000000E0));
#1132=B_SPLINE_CURVE_WITH_KNOTS('',1,(#1130,#1131),.UNSPECIFIED.,.F.,.F.,(2,2),(0.00000000000000000E0,1.00000000000000000E0),.UNSPECIFIED.);
#1133=DEFINITIONAL_REPRESENTATION('',(#1132),#523);
#1134=PCURVE('',#244,#1133);
#1135=CARTESIAN_POINT('',(1.00000000000000000E0,0.00000000000000000E0));
#1136=CARTESIAN_POINT('',(1.00000000000000000E0,1.00000000000000000E0));
#1137=B_SPLINE_CURVE_WITH_KNOTS('',1,(#1135,#1136),.UNSPECIFIED.,.F.,.F.,(2,2),(0.00000000000000000E0,1.00000000000000000E0),.UNSPECIFIED.);
#1138=DEFINITIONAL_REPRESENTATION('',(#1137),#523);
#1139=PCURVE('',#244,#1138);
#1140=CARTESIAN_POINT('',(1.00000000000000000E0,1.00000000000000000E0));
#1141=CARTESIAN_POINT('',(0.00000000000000000E0,1.00000000000000000E0));
#1142=B_SPLINE_CURVE_WITH_KNOTS('',1,(#1140,#1141),.UNSPECIFIED.,.F.,.F.,(2,2),(0.00000000000000000E0,1.00000000000000000E0),.UNSPECIFIED.);
#1143=DEFINITIONAL_REPRESENTATION('',(#1142),#523);
#1144=PCURVE('',#244,#1143);
#1145=CARTESIAN_POINT('',(0.00000000000000000E0,1.00000000000000000E0));
#1146=CARTESIAN_POINT('',(0.00000000000000000E0,0.00000000000000000E0));
#1147=B_SPLINE_CURVE_WITH_KNOTS('',1,(#1145,#1146),.UNSPECIFIED.,.F.,.F.,(2,2),(0.00000000000000000E0,1.00000000000000000E0),.UNSPECIFIED.);
#1148=DEFINITIONAL_REPRESENTATION('',(#1147),#523);
#1149=PCURVE('',#244,#1148);
#1150=CARTESIAN_POINT('',(0.00000000000000000E0,0.00000000000000000E0));
#1151=CARTESIAN_POINT('',(1.00000000000000000E0,0.00000000000000000E0));
#1152=B_SPLINE_CURVE_WITH_KNOTS('',1,(#1150,#1151),.UNSPECIFIED.,.F.,.F.,(2,2),(0.00000000000000000E0,1.00000000000000000E0),.UNSPECIFIED.);
#1153=DEFINITIONAL_REPRESENTATION('',(#1152),#523);
#1154=PCURVE('',#251,#1153);
#1155=CARTESIAN_POINT('',(1.00000000000000000E0,0.00000000000000000E0));
#1156=CARTESIAN_POINT('',(1.00000000000000000E0,1.00000000000000000E0));
#1157=B_SPLINE_CURVE_WITH_KNOTS('',1,(#1155,#1156),.UNSPECIFIED.,.F.,.F.,(2,2),(0.00000000000000000E0,1.00000000000000000E0),.UNSPECIFIED.);
#1158=DEFINITIONAL_REPRESENTATION('',(#1157),#523);
#1159=PCURVE('',#251,#1158);
#1160=CARTESIAN_POINT('',(1.00000000000000000E0,1.00000000000000000E0));
#1161=CARTESIAN_POINT('',(0.00000000000000000E0,1.00000000000000000E0));
#1162=B_SPLINE_CURVE_WITH_KNOTS('',1,(#1160,#1161),.UNSPECIFIED.,.F.,.F.,(2,2),(0.00000000000000000E0,1.00000000000000000E0),.UNSPECIFIED.);
#1163=DEFINITIONAL_REPRESENTATION('',(#1162),#523);
#1164=PCURVE('',#251,#1163);
#1165=CARTESIAN_POINT('',(0.00000000000000000E0,1.00000000000000000E0));
#1166=CARTESIAN_POINT('',(0.00000000000000000E0,0.00000000000000000E0));
#1167=B_SPLINE_CURVE_WITH_KNOTS('',1,(#1165,#1166),.UNSPECIFIED.,.F.,.F.,(2,2),(0.00000000000000000E0,1.00000000000000000E0),.UNSPECIFIED.);
#1168=DEFINITIONAL_REPRESENTATION('',(#1167),#523);
#1169=PCURVE('',#251,#1168);
#1170=CARTESIAN_POINT('',(0.00000000000000000E0,0.00000000000000000E0));
#1171=CARTESIAN_POINT('',(1.00000000000000000E0,0.00000000000000000E0));
#1172=B_SPLINE_CURVE_WITH_KNOTS('',1,(#1170,#1171),.UNSPECIFIED.,.F.,.F.,(2,2),(0.00000000000000000E0,1.00000000000000000E0),.UNSPECIFIED.);
#1173=DEFINITIONAL_REPRESENTATION('',(#1172),#523);
#1174=PCURVE('',#256,#1173);
#1175=CARTESIAN_POINT('',(1.00000000000000000E0,0.00000000000000000E0));
#1176=CARTESIAN_POINT('',(1.00000000000000000E0,1.00000000000000000E0));
#1177=B_SPLINE_CURVE_WITH_KNOTS('',1,(#1175,#1176),.UNSPECIFIED.,.F.,.F.,(2,2),(0.00000000000000000E0,1.00000000000000000E0),.UNSPECIFIED.);
#1178=DEFINITIONAL_REPRESENTATION('',(#1177),#523);
#1179=PCURVE('',#256,#1178);
#1180=CARTESIAN_POINT('',(1.00000000000000000E0,1.00000000000000000E0));
#1181=CARTESIAN_POINT('',(0.00000000000000000E0,1.00000000000000000E0));
#1182=B_SPLINE_CURVE_WITH_KNOTS('',1,(#1180,#1181),.UNSPECIFIED.,.F.,.F.,(2,2),(0.00000000000000000E0,1.00000000000000000E0),.UNSPECIFIED.);
#1183=DEFINITIONAL_REPRESENTATION('',(#1182),#523);
#1184=PCURVE('',#256,#1183);
#1185=CARTESIAN_POINT('',(0.00000000000000000E0,1.00000000000000000E0));
#1186=CARTESIAN_POINT('',(0.00000000000000000E0,0.00000000000000000E0));
#1187=B_SPLINE_CURVE_WITH_KNOTS('',1,(#1185,#1186),.UNSPECIFIED.,.F.,.F.,(2,2),(0.00000000000000000E0,1.00000000000000000E0),.UNSPECIFIED.);
#1188=DEFINITIONAL_REPRESENTATION('',(#1187),#523);
#1189=PCURVE('',#256,#1188);
#1190=CARTESIAN_POINT('',(0.00000000000000000E0,0.00000000000000000E0));
#1191=CARTESIAN_POINT('',(1.00000000000000000E0,0.00000000000000000E0));
#1192=B_SPLINE_CURVE_WITH_KNOTS('',1,(#1190,#1191),.UNSPECIFIED.,.F.,.F.,(2,2),(0.00000000000000000E0,1.00000000000000000E0),.UNSPECIFIED.);
#1193=DEFINITIONAL_REPRESENTATION('',(#1192),#523);
#1194=PCURVE('',#261,#1193);
#1195=CARTESIAN_POINT('',(1.00000000000000000E0,0.00000000000000000E0));
#1196=CARTESIAN_POINT('',(1.00000000000000000E0,1.00000000000000000E0));
#1197=B_SPLINE_CURVE_WITH_KNOTS('',1,(#1195,#1196),.UNSPECIFIED.,.F.,.F.,(2,2),(0.00000000000000000E0,1.00000000000000000E0),.UNSPECIFIED.);
#1198=DEFINITIONAL_REPRESENTATION('',(#1197),#523);
#1199=PCURVE('',#261,#1198);
#1200=CARTESIAN_POINT('',(1.00000000000000000E0,1.00000000000000000E0));
#1201=CARTESIAN_POINT('',(0.00000000000000000E0,1.00000000000000000E0));
#1202=B_SPLINE_CURVE_WITH_KNOTS('',1,(#1200,#1201),.UNSPECIFIED.,.F.,.F.,(2,2),(0.00000000000000000E0,1.00000000000000000E0),.UNSPECIFIED.);
#1203=DEFINITIONAL_REPRESENTATION('',(#1202),#523);
#1204=PCURVE('',#261,#1203);
#1205=CARTESIAN_POINT('',(0.00000000000000000E0,1.00000000000000000E0));
#1206=CARTESIAN_POINT('',(0.00000000000000000E0,0.00000000000000000E0));
#1207=B_SPLINE_CURVE_WITH_KNOTS('',1,(#1205,#1206),.UNSPECIFIED.,.F.,.F.,(2,2),(0.00000000000000000E0,1.00000000000000000E0),.UNSPECIFIED.);
#1208=DEFINITIONAL_REPRESENTATION('',(#1207),#523);
#1209=PCURVE('',#261,#1208);
#1210=CARTESIAN_POINT('',(0.00000000000000000E0,0.00000000000000000E0));
#1211=CARTESIAN_POINT('',(1.00000000000000000E0,0.00000000000000000E0));
#1212=B_SPLINE_CURVE_WITH_KNOTS('',1,(#1210,#1211),.UNSPECIFIED.,.F.,.F.,(2,2),(0.00000000000000000E0,1.00000000000000000E0),.UNSPECIFIED.);
#1213=DEFINITIONAL_REPRESENTATION('',(#1212),#523);
#1214=PCURVE('',#266,#1213);
#1215=CARTESIAN_POINT('',(1.00000000000000000E0,0.00000000000000000E0));
#1216=CARTESIAN_POINT('',(1.00000000000000000E0,1.00000000000000000E0));
#1217=B_SPLINE_CURVE_WITH_KNOTS('',1,(#1215,#1216),.UNSPECIFIED.,.F.,.F.,(2,2),(0.00000000000000000E0,1.00000000000000000E0),.UNSPECIFIED.);
#1218=DEFINITIONAL_REPRESENTATION('',(#1217),#523);
#1219=PCURVE('',#266,#1218);
#1220=CARTESIAN_POINT('',(1.00000000000000000E0,1.00000000000000000E0));
#1221=CARTESIAN_POINT('',(0.00000000000000000E0,1.00000000000000000E0));
#1222=B_SPLINE_CURVE_WITH_KNOTS('',1,(#1220,#1221),.UNSPECIFIED.,.F.,.F.,(2,2),(0.00000000000000000E0,1.00000000000000000E0),.UNSPECIFIED.);
#1223=DEFINITIONAL_REPRESENTATION('',(#1222),#523);
#1224=PCURVE('',#266,#1223);
#1225=CARTESIAN_POINT('',(0.00000000000000000E0,1.00000000000000000E0));
#1226=CARTESIAN_POINT('',(0.00000000000000000E0,0.00000000000000000E0));
#1227=B_SPLINE_CURVE_WITH_KNOTS('',1,(#1225,#1226),.UNSPECIFIED.,.F.,.F.,(2,2),(0.00000000000000000E0,1.00000000000000000E0),.UNSPECIFIED.);
#1228=DEFINITIONAL_REPRESENTATION('',(#1227),#523);
#1229=PCURVE('',#266,#1228);
#1230=CARTESIAN_POINT('',(0.00000000000000000E0,0.00000000000000000E0));
#1231=CARTESIAN_POINT('',(1.00000000000000000E0,0.00000000000000000E0));
#1232=B_SPLINE_CURVE_WITH_KNOTS('',1,(#1230,#1231),.UNSPECIFIED.,.F.,.F.,(2,2),(0.00000000000000000E0,1.00000000000000000E0),.UNSPECIFIED.);
#1233=DEFINITIONAL_REPRESENTATION('',(#1232),#523);
#1234=PCURVE('',#271,#1233);
#1235=CARTESIAN_POINT('',(1.00000000000000000E0,0.00000000000000000E0));
#1236=CARTESIAN_POINT('',(1.00000000000000000E0,1.00000000000000000E0));
#1237=B_SPLINE_CURVE_WITH_KNOTS('',1,(#1235,#1236),.UNSPECIFIED.,.F.,.F.,(2,2),(0.00000000000000000E0,1.00000000000000000E0),.UNSPECIFIED.);
#1238=DEFINITIONAL_REPRESENTATION('',(#1237),#523);
#1239=PCURVE('',#271,#1238);
#1240=CARTESIAN_POINT('',(1.00000000000000000E0,1.00000000000000000E0));
#1241=CARTESIAN_POINT('',(0.00000000000000000E0,1.00000000000000000E0));
#1242=B_SPLINE_CURVE_WITH_KNOTS('',1,(#1240,#1241),.UNSPECIFIED.,.F.,.F.,(2,2),(0.00000000000000000E0,1.00000000000000000E0),.UNSPECIFIED.);
#1243=DEFINITIONAL_REPRESENTATION('',(#1242),#523);
#1244=PCURVE('',#271,#1243);
#1245=CARTESIAN_POINT('',(0.00000000000000000E0,1.00000000000000000E0));
#1246=CARTESIAN_POINT('',(0.00000000000000000E0,0.00000000000000000E0));
#1247=B_SPLINE_CURVE_WITH_KNOTS('',1,(#1245,#1246),.UNSPECIFIED.,.F.,.F.,(2,2),(0.00000000000000000E0,1.00000000000000000E0),.UNSPECIFIED.);
#1248=DEFINITIONAL_REPRESENTATION('',(#1247),#523);
#1249=PCURVE('',#271,#1248);
#1250=CARTESIAN_POINT('',(2.50000000000000014E-2,0.00000000000000000E0));
#1251=CARTESIAN_POINT('',(5.00000000000000028E-2,0.00000000000000000E0));
#1252=B_SPLINE_CURVE_WITH_KNOTS('',1,(#1250,#1251),.UNSPECIFIED.,.F.,.F.,(2,2),(0.00000000000000000E0,1.00000000000000000E0),.UNSPECIFIED.);
#1253=DEFINITIONAL_REPRESENTATION('',(#1252),#523);
#1254=PCURVE('',#276,#1253);
#1255=CARTESIAN_POINT('',(5.00000000000000028E-2,0.00000000000000000E0));
#1256=CARTESIAN_POINT('',(9.49999999999999956E-1,0.00000000000000000E0));
#1257=B_SPLINE_CURVE_WITH_KNOTS('',1,(#1255,#1256),.UNSPECIFIED.,.F.,.F.,(2,2),(0.00000000000000000E0,1.00000000000000000E0),.UNSPECIFIED.);
#1258=DEFINITIONAL_REPRESENTATION('',(#1257),#523);
#1259=PCURVE('',#276,#1258);
#1260=CARTESIAN_POINT('',(9.49999999999999956E-1,0.00000000000000000E0));
#1261=CARTESIAN_POINT('',(1.00000000000000000E0,0.00000000000000000E0));
#1262=B_SPLINE_CURVE_WITH_KNOTS('',1,(#1260,#1261),.UNSPECIFIED.,.F.,.F.,(2,2),(0.00000000000000000E0,1.00000000000000000E0),.UNSPECIFIED.);
#1263=DEFINITIONAL_REPRESENTATION('',(#1262),#523);
#1264=PCURVE('',#276,#1263);
#1265=CARTESIAN_POINT('',(1.00000000000000000E0,0.00000000000000000E0));
#1266=CARTESIAN_POINT('',(1.00000000000000000E0,6.66666666666666657E-2));
#1267=B_SPLINE_CURVE_WITH_KNOTS('',1,(#1265,#1266),.UNSPECIFIED.,.F.,.F.,(2,2),(0.00000000000000000E0,1.00000000000000000E0),.UNSPECIFIED.);
#1268=DEFINITIONAL_REPRESENTATION('',(#1267),#523);
#1269=PCURVE('',#276,#1268);
#1270=CARTESIAN_POINT('',(1.00000000000000000E0,6.66666666666666657E-2));
#1271=CARTESIAN_POINT('',(1.00000000000000000E0,9.33333333333333348E-1));
#1272=B_SPLINE_CURVE_WITH_KNOTS('',1,(#1270,#1271),.UNSPECIFIED.,.F.,.F.,(2,2),(0.00000000000000000E0,1.00000000000000000E0),.UNSPECIFIED.);
#1273=DEFINITIONAL_REPRESENTATION('',(#1272),#523);
#1274=PCURVE('',#276,#1273);
#1275=CARTESIAN_POINT('',(1.00000000000000000E0,9.33333333333333348E-1));
#1276=CARTESIAN_POINT('',(1.00000000000000000E0,1.00000000000000000E0));
#1277=B_SPLINE_CURVE_WITH_KNOTS('',1,(#1275,#1276),.UNSPECIFIED.,.F.,.F.,(2,2),(0.00000000000000000E0,1.00000000000000000E0),.UNSPECIFIED.);
#1278=DEFINITIONAL_REPRESENTATION('',(#1277),#523);
#1279=PCURVE('',#276,#1278);
#1280=CARTESIAN_POINT('',(1.00000000000000000E0,1.00000000000000000E0));
#1281=CARTESIAN_POINT('',(9.49999999999999956E-1,1.00000000000000000E0));
#1282=B_SPLINE_CURVE_WITH_KNOTS('',1,(#1280,#1281),.UNSPECIFIED.,.F.,.F.,(2,2),(0.00000000000000000E0,1.00000000000000000E0),.UNSPECIFIED.);
#1283=DEFINITIONAL_REPRESENTATION('',(#1282),#523);
#1284=PCURVE('',#276,#1283);
#1285=CARTESIAN_POINT('',(9.49999999999999956E-1,1.00000000000000000E0));
#1286=CARTESIAN_POINT('',(5.00000000000000028E-2,1.00000000000000000E0));
#1287=B_SPLINE_CURVE_WITH_KNOTS('',1,(#1285,#1286),.UNSPECIFIED.,.F.,.F.,(2,2),(0.00000000000000000E0,1.00000000000000000E0),.UNSPECIFIED.);
#1288=DEFINITIONAL_REPRESENTATION('',(#1287),#523);
#1289=PCURVE('',#276,#1288);
#1290=CARTESIAN_POINT('',(5.00000000000000028E-2,1.00000000000000000E0));
#1291=CARTESIAN_POINT('',(0.00000000000000000E0,1.00000000000000000E0));
#1292=B_SPLINE_CURVE_WITH_KNOTS('',1,(#1290,#1291),.UNSPECIFIED.,.F.,.F.,(2,2),(0.00000000000000000E0,1.00000000000000000E0),.UNSPECIFIED.);
#1293=DEFINITIONAL_REPRESENTATION('',(#1292),#523);
#1294=PCURVE('',#276,#1293);
#1295=CARTESIAN_POINT('',(0.00000000000000000E0,1.00000000000000000E0));
#1296=CARTESIAN_POINT('',(0.00000000000000000E0,9.33333333333333348E-1));
#1297=B_SPLINE_CURVE_WITH_KNOTS('',1,(#1295,#1296),.UNSPECIFIED.,.F.,.F.,(2,2),(0.00000000000000000E0,1.00000000000000000E0),.UNSPECIFIED.);
#1298=DEFINITIONAL_REPRESENTATION('',(#1297),#523);
#1299=PCURVE('',#276,#1298);
#1300=CARTESIAN_POINT('',(0.00000000000000000E0,9.33333333333333348E-1));
#1301=CARTESIAN_POINT('',(0.00000000000000000E0,6.66666666666666657E-2));
#1302=B_SPLINE_CURVE_WITH_KNOTS('',1,(#1300,#1301),.UNSPECIFIED.,.F.,.F.,(2,2),(0.00000000000000000E0,1.00000000000000000E0),.UNSPECIFIED.);
#1303=DEFINITIONAL_REPRESENTATION('',(#1302),#523);
#1304=PCURVE('',#276,#1303);
#1305=CARTESIAN_POINT('',(0.00000000000000000E0,6.66666666666666657E-2));
#1306=CARTESIAN_POINT('',(0.00000000000000000E0,3.33333333333333329E-2));
#1307=B_SPLINE_CURVE_WITH_KNOTS('',1,(#1305,#1306),.UNSPECIFIED.,.F.,.F.,(2,2),(0.00000000000000000E0,1.00000000000000000E0),.UNSPECIFIED.);
#1308=DEFINITIONAL_REPRESENTATION('',(#1307),#523);
#1309=PCURVE('',#276,#1308);
#1310=CARTESIAN_POINT('',(0.00000000000000000E0,3.33333333333333329E-2));
#1311=CARTESIAN_POINT('',(0.00000000000000000E0,0.00000000000000000E0));
#1312=CARTESIAN_POINT('',(2.50000000000000014E-2,0.00000000000000000E0));
#1313=(BOUNDED_CURVE()B_SPLINE_CURVE(2,(#1310,#1311,#1312),.UNSPECIFIED.,.F.,.F.)B_SPLINE_CURVE_WITH_KNOTS((3,3),(0.00000000000000000E0,1.00000000000000000E0),.UNSPECIFIED.)CURVE()GEOMETRIC_REPRESENTATION_ITEM()RATIONAL_B_SPLINE_CURVE((1.00000000000000000E0,7.07106781186547573E-1,1.00000000000000000E0))REPRESENTATION_ITEM(''));
#1314=DEFINITIONAL_REPRESENTATION('',(#1313),#523);
#1315=PCURVE('',#276,#1314);
#1316=CARTESIAN_POINT('',(9.49999999999999956E-1,9.33333333333333348E-1));
#1317=CARTESIAN_POINT('',(9.49999999999999956E-1,6.66666666666666657E-2));
#1318=B_SPLINE_CURVE_WITH_KNOTS('',1,(#1316,#1317),.UNSPECIFIED.,.F.,.F.,(2,2),(0.00000000000000000E0,1.00000000000000000E0),.UNSPECIFIED.);
#1319=DEFINITIONAL_REPRESENTATION('',(#1318),#523);
#1320=PCURVE('',#276,#1319);
#1321=CARTESIAN_POINT('',(9.49999999999999956E-1,6.66666666666666657E-2));
#1322=CARTESIAN_POINT('',(5.00000000000000028E-2,6.66666666666666657E-2));
#1323=B_SPLINE_CURVE_WITH_KNOTS('',1,(#1321,#1322),.UNSPECIFIED.,.F.,.F.,(2,2),(0.00000000000000000E0,1.00000000000000000E0),.UNSPECIFIED.);
#1324=DEFINITIONAL_REPRESENTATION('',(#1323),#523);
#1325=PCURVE('',#276,#1324);
#1326=CARTESIAN_POINT('',(5.00000000000000028E-2,6.66666666666666657E-2));
#1327=CARTESIAN_POINT('',(5.00000000000000028E-2,9.33333333333333348E-1));
#1328=B_SPLINE_CURVE_WITH_KNOTS('',1,(#1326,#1327),.UNSPECIFIED.,.F.,.F.,(2,2),(0.00000000000000000E0,1.00000000000000000E0),.UNSPECIFIED.);
#1329=DEFINITIONAL_REPRESENTATION('',(#1328),#523);
#1330=PCURVE('',#276,#1329);
#1331=CARTESIAN_POINT('',(5.00000000000000028E-2,9.33333333333333348E-1));
#1332=CARTESIAN_POINT('',(9.49999999999999956E-1,9.33333333333333348E-1));
#1333=B_SPLINE_CURVE_WITH_KNOTS('',1,(#1331,#1332),.UNSPECIFIED.,.F.,.F.,(2,2),(0.00000000000000000E0,1.00000000000000000E0),.UNSPECIFIED.);
#1334=DEFINITIONAL_REPRESENTATION('',(#1333),#523);
#1335=PCURVE('',#276,#1334);
#1336=SURFACE_CURVE('',#279,(#528,#849),.PCURVE_S1.);
#1337=EDGE_CURVE('OSCAD_TOPO/3|edge|e:0f5f454ac03007b8d9d0bd286526a3fa|9ee23917bfb6fd7e86e869367e02d2b3e94015d451de638992742677ce867b57',#2,#4,#1336,.T.);
#1338=SURFACE_CURVE('',#282,(#533,#563),.PCURVE_S1.);
#1339=EDGE_CURVE('OSCAD_TOPO/3|edge|e:ee8a5ec7ff79a14b8fcbb719658ed3ae|ac57f4013203941c3faef65d10e37904b3209d3cc94c2fbc38ba20f5d99d2910',#4,#6,#1338,.T.);
#1340=SURFACE_CURVE('',#285,(#538,#914),.PCURVE_S1.);
#1341=EDGE_CURVE('OSCAD_TOPO/3|edge|e:a80047e346fd88d0af4f1ef14c0d5641|751c2848f2324575c346ed947dcb819fc48de09ffcdcd4e05567f29c44590bba',#8,#6,#1340,.T.);
#1342=SURFACE_CURVE('',#288,(#543,#773),.PCURVE_S1.);
#1343=EDGE_CURVE('OSCAD_TOPO/3|edge|e:009da17669dec35df1f05552a9a72646|43d35c14159979474a7fa60390f6818415077c27a65f629492ab385f06fd3cc3',#2,#8,#1342,.T.);
#1344=SURFACE_CURVE('',#291,(#548,#844),.PCURVE_S1.);
#1345=EDGE_CURVE('OSCAD_TOPO/3|edge|e:dba9ace31c71081cbf2dbba5645609a3|832af5826cfd04cf66082705461c540217a4aab3dbecc5d3d0509a729d589c2f',#4,#10,#1344,.T.);
#1346=SURFACE_CURVE('',#294,(#553,#583),.PCURVE_S1.);
#1347=EDGE_CURVE('OSCAD_TOPO/3|edge|e:5c12ea031f10bf60537d5b3822333c58|b5b3833eecc7d4f84b760d98c6dcda34dedd5bff33084fd36d6536f1d8c9e440',#10,#12,#1346,.T.);
#1348=SURFACE_CURVE('',#297,(#558,#934),.PCURVE_S1.);
#1349=EDGE_CURVE('OSCAD_TOPO/3|edge|e:518925a4348e271cde6cb8ecfeeca78b|6ff6d3a850d947e9c04a4dd727c64877a5402856b1df0b7da8b08673cc0b9c3a',#6,#12,#1348,.T.);
#1350=SURFACE_CURVE('',#300,(#568,#839),.PCURVE_S1.);
#1351=EDGE_CURVE('OSCAD_TOPO/3|edge|e:93fef4c72e9e20748c4bff63f91c6067|84f1478fde92d1141ab922375fd8336771a7972d0e2385a99f2aa04cebdbb1ed',#10,#14,#1350,.T.);
#1352=SURFACE_CURVE('',#303,(#573,#603),.PCURVE_S1.);
#1353=EDGE_CURVE('OSCAD_TOPO/3|edge|e:5a2f15c6a500d342245697bd63148a49|59b7efc63db8f092874c1a415d5d4a4419322c426cb13707369720a6b53e8acf',#14,#16,#1352,.T.);
#1354=SURFACE_CURVE('',#306,(#578,#954),.PCURVE_S1.);
#1355=EDGE_CURVE('OSCAD_TOPO/3|edge|e:83c2ebf460d58fb3754ef43350e84659|c0f054ebeea9496e981287239092b56412b9dbeb9c49aa0b7b15689a815f8838',#12,#16,#1354,.T.);
#1356=SURFACE_CURVE('',#309,(#588,#834),.PCURVE_S1.);
#1357=EDGE_CURVE('OSCAD_TOPO/3|edge|e:267b562da22fb59eecb7b65dbfa37816|aebbb65932ff6504cf06728425939bdf8dec8a614e3490598a5185cae800a077',#14,#18,#1356,.T.);
#1358=SURFACE_CURVE('',#312,(#593,#623),.PCURVE_S1.);
#1359=EDGE_CURVE('OSCAD_TOPO/3|edge|e:f63839e830c50c7ea92edd9333a35e73|33e64cde41fe17007186595a8b1e7d557285e78af7f3b7500676337cd0153dc9',#18,#20,#1358,.T.);
#1360=SURFACE_CURVE('',#315,(#598,#974),.PCURVE_S1.);
#1361=EDGE_CURVE('OSCAD_TOPO/3|edge|e:857dd8575d7ba075c4fd935610042ecf|780d2fc61331c32fd1e773db4cb8def1603157dd9188eae8da88dd1523717e8e',#16,#20,#1360,.T.);
#1362=SURFACE_CURVE('',#318,(#608,#829),.PCURVE_S1.);
#1363=EDGE_CURVE('OSCAD_TOPO/3|edge|e:ec8485f86597d6ae8069c1b773679084|43c61738a8eb12453e09fff8ef51ec2e64efae22ced75cea56ca505b9befbe63',#18,#22,#1362,.T.);
#1364=SURFACE_CURVE('',#321,(#613,#643),.PCURVE_S1.);
#1365=EDGE_CURVE('OSCAD_TOPO/3|edge|e:8c2865971e8e5b9b3326e9350a5f3963|20afd9fa95aeda400b67e11735323c6efe77c94dcddc28c0e7dcb8ba563dce26',#22,#24,#1364,.T.);
#1366=SURFACE_CURVE('',#324,(#618,#994),.PCURVE_S1.);
#1367=EDGE_CURVE('OSCAD_TOPO/3|edge|e:6aae5f23e946a126f3c90375e1822de6|b4ee9fc988d8b0615ec3487e44f57133719c0b4424cf5a9eefe8628042f248d3',#20,#24,#1366,.T.);
#1368=SURFACE_CURVE('',#327,(#628,#824),.PCURVE_S1.);
#1369=EDGE_CURVE('OSCAD_TOPO/3|edge|e:11eaf7b72480e74e169b11e1cc7ac7b4|a93f3d77868704d632a578bc8f664f8794e19c6c1110e1359fc325de82683918',#22,#26,#1368,.T.);
#1370=SURFACE_CURVE('',#330,(#633,#663),.PCURVE_S1.);
#1371=EDGE_CURVE('OSCAD_TOPO/3|edge|e:ade28b01322fb66fbfc909a0b0f719ac|3efb6c6bf257f1d9afb757645dbac9318bdbd4d0847cb0ffa751d6451f9f09b4',#26,#28,#1370,.T.);
#1372=SURFACE_CURVE('',#333,(#638,#1014),.PCURVE_S1.);
#1373=EDGE_CURVE('OSCAD_TOPO/3|edge|e:80241d0d9ffb02a65a7e47d64f4391c9|ce280031b7e0f26546381ccabd6ac8f8def9fb75847db8ca5a8bf0dde11a59f2',#24,#28,#1372,.T.);
#1374=SURFACE_CURVE('',#336,(#648,#819),.PCURVE_S1.);
#1375=EDGE_CURVE('OSCAD_TOPO/3|edge|e:4034c8755ac58fb11a7ededb5094c7b5|139050aca8665e625317852eac3aa0f72aa9eeda590af3772364c37450c71a2d',#26,#30,#1374,.T.);
#1376=SURFACE_CURVE('',#339,(#653,#683),.PCURVE_S1.);
#1377=EDGE_CURVE('OSCAD_TOPO/3|edge|e:ce303458f783e57410ece460ae94ee56|86003f2c80270c177c284ba9c13f109908e9902e8d7e2fb26f9565592b6ba8d9',#30,#32,#1376,.T.);
#1378=SURFACE_CURVE('',#342,(#658,#1034),.PCURVE_S1.);
#1379=EDGE_CURVE('OSCAD_TOPO/3|edge|e:34b7644d64d46841a1660ca788cbe7c3|dcde82d748bd5d1b98ab511058f14454ac75366e218226db3d9e4e37c676895a',#28,#32,#1378,.T.);
#1380=SURFACE_CURVE('',#345,(#668,#814),.PCURVE_S1.);
#1381=EDGE_CURVE('OSCAD_TOPO/3|edge|e:8a7fd1a943c4de2ee761f76c7d658f59|99c3ff48d37425ba0e112f93b5390bd3a6e64e6893da99a858dc1876b707153e',#30,#34,#1380,.T.);
#1382=SURFACE_CURVE('',#348,(#673,#703),.PCURVE_S1.);
#1383=EDGE_CURVE('OSCAD_TOPO/3|edge|e:515942137dd73f235d0cf0291a3fa482|a9da2d4776e4f3dabe01308f348b46959e505d4f676ad7ecb2a946417cba2857',#34,#36,#1382,.T.);
#1384=SURFACE_CURVE('',#351,(#678,#1054),.PCURVE_S1.);
#1385=EDGE_CURVE('OSCAD_TOPO/3|edge|e:d7d58ce5b89d0f07f4da6a172710c16b|6ee8eeddc89d3da1a639622e9600463e6d1a52ce92f21797f351823bf50f5206',#32,#36,#1384,.T.);
#1386=SURFACE_CURVE('',#354,(#688,#809),.PCURVE_S1.);
#1387=EDGE_CURVE('OSCAD_TOPO/3|edge|e:5415ab1902cdf8f5637a494bcd8cd697|39360cb867a0bb9ee68f53c6271d5adac15d978ea9a8ecb14624ea732f2c250f',#34,#38,#1386,.T.);
#1388=SURFACE_CURVE('',#357,(#693,#723),.PCURVE_S1.);
#1389=EDGE_CURVE('OSCAD_TOPO/3|edge|e:2b46e0f79197f1cd5485fb43ff178dd2|235156926443b94c521d23e344d106eab03c25aa7d4f94cbb4ac140afb4927f9',#38,#40,#1388,.T.);
#1390=SURFACE_CURVE('',#360,(#698,#1074),.PCURVE_S1.);
#1391=EDGE_CURVE('OSCAD_TOPO/3|edge|e:e9c0164d1508810bfcf584f23b63a5e0|69dcd9b0eb6cabed4db8e188c9006d54ecf91350c9913d9736a42dd4c3e2f753',#36,#40,#1390,.T.);
#1392=SURFACE_CURVE('',#363,(#708,#804),.PCURVE_S1.);
#1393=EDGE_CURVE('OSCAD_TOPO/3|edge|e:be13fdf953f32dc48325e84b662a9d46|3a35f71cd06b4d1d77de4039f29cc25b011de321c41929b2d92cee49d384ca0b',#38,#42,#1392,.T.);
#1394=SURFACE_CURVE('',#366,(#713,#743),.PCURVE_S1.);
#1395=EDGE_CURVE('OSCAD_TOPO/3|edge|e:0a2b6380a57ad5485ac28320c9640ecf|82124366c778d864e85d970c09420577f73ec617ef947843c3da22c9a9e8feda',#42,#44,#1394,.T.);
#1396=SURFACE_CURVE('',#369,(#718,#1094),.PCURVE_S1.);
#1397=EDGE_CURVE('OSCAD_TOPO/3|edge|e:59dd70b1e51df19b4fe952f4186830f0|d54fa3104316db72e3efb8f2e186c79de5e1bddba62c0e0a222d8c7dd6433947',#40,#44,#1396,.T.);
#1398=SURFACE_CURVE('',#372,(#728,#799),.PCURVE_S1.);
#1399=EDGE_CURVE('OSCAD_TOPO/3|edge|e:e4765a038511d877ff9cd569c8cdd261|b87043ae82e671132626a8a122c66f59ae0f7f303b0a232787919e8956f7e1e3',#42,#46,#1398,.T.);
#1400=SURFACE_CURVE('',#375,(#733,#763),.PCURVE_S1.);
#1401=EDGE_CURVE('OSCAD_TOPO/3|edge|e:949d12dee55ba311eb62a56dac2fea8e|2be2b9f26feed770c0c97500dab0ecf5e3e33fdc6aa15be745d6636ba34dab2a',#46,#48,#1400,.T.);
#1402=SURFACE_CURVE('',#378,(#738,#1114),.PCURVE_S1.);
#1403=EDGE_CURVE('OSCAD_TOPO/3|edge|e:d9af46350942a5544ac26eb702cc89fd|e7ecc30647da61a7370e02f2b216d1de5164d04dac0593c7ecabf3146ff17c0d',#44,#48,#1402,.T.);
#1404=SURFACE_CURVE('',#381,(#748,#794),.PCURVE_S1.);
#1405=EDGE_CURVE('OSCAD_TOPO/3|edge|e:04a37fab37414ebbc6390beac65a96e1|14d72a4131c3f6890eed520d6ceca6083a4e28cf8e91886c33fe93c2080b1b9f',#46,#50,#1404,.T.);
#1406=SURFACE_CURVE('',#384,(#753,#783),.PCURVE_S1.);
#1407=EDGE_CURVE('OSCAD_TOPO/3|edge|e:a1fef2ae85038d20c70eaf4ec1ecea38|30761cab4a7845b97a152776a7d7e0a88d8d60370bb88d69f3cdfbdaa408cf30',#50,#52,#1406,.T.);
#1408=SURFACE_CURVE('',#387,(#758,#1134),.PCURVE_S1.);
#1409=EDGE_CURVE('OSCAD_TOPO/3|edge|e:f8bee8b88da61ded49e382fd6d861c0a|934d6c65c46df8aaa612af7d366c9cb7d10702bfc19de9197882ac90f921fb44',#48,#52,#1408,.T.);
#1410=SURFACE_CURVE('',#391,(#768,#789),.PCURVE_S1.);
#1411=EDGE_CURVE('OSCAD_TOPO/3|edge|e:6a26e9195276d19f872d0ba300ac3249|89b2323e73932cb49b86f0ae4dd85d6b995b8f01e576c4b9c5cba19b7cb9df93',#50,#2,#1410,.T.);
#1412=SURFACE_CURVE('',#395,(#778,#1154),.PCURVE_S1.);
#1413=EDGE_CURVE('OSCAD_TOPO/3|edge|e:48b937e52e3af956caf8444a1db8fe0f|dc588d201417eb564bcdae3f1935cbc02c958ebcbdfd13001c8d6dfb08f9f652',#52,#8,#1412,.T.);
#1414=SURFACE_CURVE('',#398,(#854,#884),.PCURVE_S1.);
#1415=EDGE_CURVE('OSCAD_TOPO/3|edge|e:04a51acae7a97bbdbb52ca0ffd29eb5e|cf1c9411c2839da33457ae2c4b27e8b350e79e7893ce43c52f0ff5e8410082f2',#54,#56,#1414,.T.);
#1416=SURFACE_CURVE('',#401,(#859,#879),.PCURVE_S1.);
#1417=EDGE_CURVE('OSCAD_TOPO/3|edge|e:b11c264df25dc10f07bfc3e6e7c614ce|36c531548a1f5f55994d899001ed9990f03538ec90c81763c47868752bbb57cf',#58,#54,#1416,.T.);
#1418=SURFACE_CURVE('',#404,(#864,#874),.PCURVE_S1.);
#1419=EDGE_CURVE('OSCAD_TOPO/3|edge|e:b90a98f73b485fa45dad6d959010e35e|1a565dc5051d3ef1b31a6084697141aaa07c566c5b81d1075dc13c7f7133aa9a',#60,#58,#1418,.T.);
#1420=SURFACE_CURVE('',#407,(#869,#889),.PCURVE_S1.);
#1421=EDGE_CURVE('OSCAD_TOPO/3|edge|e:c5ed5b9ac168b8c30e8ef0af6ff3a70e|5ec8f785bdfaaf6a744f498b4f758e922e4ee4d5b2d0990e30c0968ba169c847',#56,#60,#1420,.T.);
#1422=SURFACE_CURVE('',#410,(#894,#1174),.PCURVE_S1.);
#1423=EDGE_CURVE('OSCAD_TOPO/3|edge|e:49f252a2628d621b2842215c5672cf98|391568be62b7b44924ccccc64cec4e7cc76cc10096c9cce57c429c38bd2a89f6',#62,#64,#1422,.T.);
#1424=SURFACE_CURVE('',#413,(#899,#1234),.PCURVE_S1.);
#1425=EDGE_CURVE('OSCAD_TOPO/3|edge|e:e5cdfbbaa598b1002074b8d7c5a76eb4|eaf77a51710095665cb2eab387b4b4a8870e690c7b07d80a8ef985158d087766',#66,#62,#1424,.T.);
#1426=SURFACE_CURVE('',#416,(#904,#1214),.PCURVE_S1.);
#1427=EDGE_CURVE('OSCAD_TOPO/3|edge|e:40963ff189c7aeb243c0c78b8d334429|dcba90cfdb4321502ebd0472aa7223036e4550c729964151447e69e5bb4667fe',#68,#66,#1426,.T.);
#1428=SURFACE_CURVE('',#419,(#909,#1194),.PCURVE_S1.);
#1429=EDGE_CURVE('OSCAD_TOPO/3|edge|e:5089bc1c8cc4d7ad6c451808217a7c23|7bfaac708e70107112bf335f0a7266b18808a4b6ab06988fe4728cdf69914be8',#64,#68,#1428,.T.);
#1430=SURFACE_CURVE('',#422,(#919,#949),.PCURVE_S1.);
#1431=EDGE_CURVE('OSCAD_TOPO/3|edge|e:ca7810928347bbbb388f16bf145a183a|11ab58cfdc4a40eb217c9f936f69f77f6dd8e9db353789eea13b9014168bb70d',#6,#70,#1430,.T.);
#1432=SURFACE_CURVE('',#425,(#924,#1254),.PCURVE_S1.);
#1433=EDGE_CURVE('OSCAD_TOPO/3|edge|e:e201265b397db6f7a2783d154d8c3164|a1fc3952b1fe9aa3130234b769465eee58dcb27e031ba8f1c579909acaf288fe',#72,#70,#1432,.T.);
#1434=SURFACE_CURVE('',#428,(#929,#1159),.PCURVE_S1.);
#1435=EDGE_CURVE('OSCAD_TOPO/3|edge|e:ea7c2381d529d3ca24704f524266cb6e|89ce1d6ef328c8d51f9e8b2204a5b8f82280b68324cf467cc37850b5547dcb9f',#8,#72,#1434,.T.);
#1436=SURFACE_CURVE('',#431,(#939,#969),.PCURVE_S1.);
#1437=EDGE_CURVE('OSCAD_TOPO/3|edge|e:14ef5bcfe41a66b529fb7d5e358ecc16|3cb9be5992bbf7abbdf417b31e2fbf8dc1acc9f35ad5309450b0aee248fff504',#12,#74,#1436,.T.);
#1438=SURFACE_CURVE('',#434,(#944,#1259),.PCURVE_S1.);
#1439=EDGE_CURVE('OSCAD_TOPO/3|edge|e:d6f0085fd3dfb1c4458d807fcb3addac|ff452ee33d0b830b0fd7ebc6bb2ae4c76e120be19e142ac69a8a1c7e732f57df',#70,#74,#1438,.T.);
#1440=SURFACE_CURVE('',#437,(#959,#989),.PCURVE_S1.);
#1441=EDGE_CURVE('OSCAD_TOPO/3|edge|e:bed1ef2d41bcfe188c864f9c4399eb52|9ee397cc32d84956ea97a5b95517116f1fa8bdd8e40181bbbffe2fc6174b08d3',#16,#76,#1440,.T.);
#1442=SURFACE_CURVE('',#440,(#964,#1264),.PCURVE_S1.);
#1443=EDGE_CURVE('OSCAD_TOPO/3|edge|e:b04cb0f76b9984630b29f41e6d6e6aed|0a7417d05e4d142e0af806be83e5cbd89109ef1f30ad89c8f832eb8c13284148',#74,#76,#1442,.T.);
#1444=SURFACE_CURVE('',#443,(#979,#1009),.PCURVE_S1.);
#1445=EDGE_CURVE('OSCAD_TOPO/3|edge|e:ffbde3e492398635b2cbb72ffd599be4|5a7fbaa50cd217abd5524c857e8e2a25b6b9d3598932b1cd40d166d3ec76dc11',#20,#78,#1444,.T.);
#1446=SURFACE_CURVE('',#446,(#984,#1269),.PCURVE_S1.);
#1447=EDGE_CURVE('OSCAD_TOPO/3|edge|e:fde273b06a96bf6f7df9d836860a2ddb|2fc0f8c0ea4eab9a153fabc64b106d661f67f89a9564259dc7067353b401b5fc',#76,#78,#1446,.T.);
#1448=SURFACE_CURVE('',#449,(#999,#1029),.PCURVE_S1.);
#1449=EDGE_CURVE('OSCAD_TOPO/3|edge|e:2ddb95f9a06a9d25f0e6fe55dc485c3e|b54087df27be74e5179eb09264b4c4c5056340961221d1d538c171e8214f5dfb',#24,#80,#1448,.T.);
#1450=SURFACE_CURVE('',#452,(#1004,#1274),.PCURVE_S1.);
#1451=EDGE_CURVE('OSCAD_TOPO/3|edge|e:05d38fa8c2a22f16bce3c70a15d31e01|18a0512bd81a13e58c2cd0a6ee64f32367003501032498ee4a9e641f21a8d4d8',#78,#80,#1450,.T.);
#1452=SURFACE_CURVE('',#455,(#1019,#1049),.PCURVE_S1.);
#1453=EDGE_CURVE('OSCAD_TOPO/3|edge|e:c58b7d9618fcf5eeab55cd12ad990e42|774acd2dc825d9f87cd358d49b9eb5a6822c59f25e18acf4187c9571d9017238',#28,#82,#1452,.T.);
#1454=SURFACE_CURVE('',#458,(#1024,#1279),.PCURVE_S1.);
#1455=EDGE_CURVE('OSCAD_TOPO/3|edge|e:ef25c6d554d0ecc9d570d8cbd391bbe7|00d03cae59f2850fcbabf911f9ddbf89b71a2f16ab406f8599b8d8cdcba75af6',#80,#82,#1454,.T.);
#1456=SURFACE_CURVE('',#461,(#1039,#1069),.PCURVE_S1.);
#1457=EDGE_CURVE('OSCAD_TOPO/3|edge|e:da709b4ff1ea14ba4d073ced6b86d434|f304ae6934ae22d5d073cc34ef342eef72f13e6c5421d2ed4e53713a162d9b17',#32,#84,#1456,.T.);
#1458=SURFACE_CURVE('',#464,(#1044,#1284),.PCURVE_S1.);
#1459=EDGE_CURVE('OSCAD_TOPO/3|edge|e:1f22dcb2395ef0aefc44f26044dd3fc5|01f0826f2f7f85ebadf624ba7e3192ec930e510227b39d337c80b57cde16ddf9',#82,#84,#1458,.T.);
#1460=SURFACE_CURVE('',#467,(#1059,#1089),.PCURVE_S1.);
#1461=EDGE_CURVE('OSCAD_TOPO/3|edge|e:274aa5ef08c009f6a194acb6a69cf63d|2ee5f158f4514763439edc4153596452968ec5cee2467058c767c680a3eddd6f',#36,#86,#1460,.T.);
#1462=SURFACE_CURVE('',#470,(#1064,#1289),.PCURVE_S1.);
#1463=EDGE_CURVE('OSCAD_TOPO/3|edge|e:8b842860fd1395c50006ea8ccad8cd78|76bccc5df281e7e89760c6b59e72233b85f5a177d4599a256672990349984ce4',#84,#86,#1462,.T.);
#1464=SURFACE_CURVE('',#473,(#1079,#1109),.PCURVE_S1.);
#1465=EDGE_CURVE('OSCAD_TOPO/3|edge|e:b9bfd722a8478354c45e811decae4ec8|26e5571432c2eb31dff0200f601767e1dbd68015f2a410798f965b2325cb9541',#40,#88,#1464,.T.);
#1466=SURFACE_CURVE('',#476,(#1084,#1294),.PCURVE_S1.);
#1467=EDGE_CURVE('OSCAD_TOPO/3|edge|e:c541e29ede714a738f3f1489e28d5c86|3818abac17ead0a5fefd361e598755365de7413e1129f0fc4d83fecc1fb8b339',#86,#88,#1466,.T.);
#1468=SURFACE_CURVE('',#479,(#1099,#1129),.PCURVE_S1.);
#1469=EDGE_CURVE('OSCAD_TOPO/3|edge|e:b289d9365e9b19603b0d2daf087f192d|d1958489ab1c0ddb7d60586b42bba85dcce1cce1787935e6fbb56db921493da9',#44,#90,#1468,.T.);
#1470=SURFACE_CURVE('',#482,(#1104,#1299),.PCURVE_S1.);
#1471=EDGE_CURVE('OSCAD_TOPO/3|edge|e:fbc4cad7a083fa91f37b8c87ba4b1100|6f2e7e222b141946f38d9ca10ba1f853eb41f8db25a439b72827cf4f2635ff4b',#88,#90,#1470,.T.);
#1472=SURFACE_CURVE('',#485,(#1119,#1149),.PCURVE_S1.);
#1473=EDGE_CURVE('OSCAD_TOPO/3|edge|e:07b410dd8531eefd952da9a791bbe768|e6628ff2b4de289d80451d1b48b9c1fcaddb7328b95d6cb25b42dd3fee29414d',#48,#92,#1472,.T.);
#1474=SURFACE_CURVE('',#488,(#1124,#1304),.PCURVE_S1.);
#1475=EDGE_CURVE('OSCAD_TOPO/3|edge|e:7410443d952f7f140024f49dc3bbb086|cb776d47b0a5f3299b70d802a4b02540c5f7e5f2b82fe0d50ade0ee31e74fcc7',#90,#92,#1474,.T.);
#1476=SURFACE_CURVE('',#491,(#1139,#1169),.PCURVE_S1.);
#1477=EDGE_CURVE('OSCAD_TOPO/3|edge|e:0c10c6dc11e5d473a1b5a38b3c0d04c1|285c5b90e1e3a5cc70dcb4fd113bb471300599293040255e36445ddc6fadac5c',#52,#94,#1476,.T.);
#1478=SURFACE_CURVE('',#494,(#1144,#1309),.PCURVE_S1.);
#1479=EDGE_CURVE('OSCAD_TOPO/3|edge|e:3ae40c8ca9c61acadf3be84a50aa606e|360b827d99de5ef5567804afb54d929aeeb84736b94e4cf0ad3d0b8e7048f558',#92,#94,#1478,.T.);
#1480=SURFACE_CURVE('',#498,(#1164,#1315),.PCURVE_S1.);
#1481=EDGE_CURVE('OSCAD_TOPO/3|edge|e:b1194280f845c7097450019840f005eb|acfd4d680afa7785d87aa19db1acec5c149a5edeb51f31bcfe0102184b30dc68',#94,#72,#1480,.T.);
#1482=SURFACE_CURVE('',#501,(#1179,#1209),.PCURVE_S1.);
#1483=EDGE_CURVE('OSCAD_TOPO/3|edge|e:6778ffd801666869567eb6e68bcb25da|4b24becc6924aa1e5ece8f8cb68485f19223c94227a68d28bc997c477f4053dc',#64,#96,#1482,.T.);
#1484=SURFACE_CURVE('',#504,(#1184,#1320),.PCURVE_S1.);
#1485=EDGE_CURVE('OSCAD_TOPO/3|edge|e:1cf031d50c3e01d419ff60fe5e20595c|bac94fee4c0385cd1ffa38869fdfbff4e8a9526dd52563467ca6044a73709b88',#98,#96,#1484,.T.);
#1486=SURFACE_CURVE('',#507,(#1189,#1239),.PCURVE_S1.);
#1487=EDGE_CURVE('OSCAD_TOPO/3|edge|e:ce7256c4648320beabf782b194fff696|463aa0d3717f938d9bf2b824f17d8ff7bd5d5c7992c735d811fbd476064f18d4',#62,#98,#1486,.T.);
#1488=SURFACE_CURVE('',#510,(#1199,#1229),.PCURVE_S1.);
#1489=EDGE_CURVE('OSCAD_TOPO/3|edge|e:0a32d0ee82673beca6f6e32190e71da4|d67cf97517ba6ab02234ac9bbb9c8ee52756ff85039de3371215377b6721bc9d',#68,#100,#1488,.T.);
#1490=SURFACE_CURVE('',#513,(#1204,#1325),.PCURVE_S1.);
#1491=EDGE_CURVE('OSCAD_TOPO/3|edge|e:f89cc777409b8f462b6ec49e701cb229|8d6730fcb52ac24199fe76dc57072192e32ab79fae621b53a05d1c6a362cfdcb',#96,#100,#1490,.T.);
#1492=SURFACE_CURVE('',#516,(#1219,#1249),.PCURVE_S1.);
#1493=EDGE_CURVE('OSCAD_TOPO/3|edge|e:3214c9b8135e851b8055ce2d443ab69c|3b919bd81998af6554701c4f26a2673b667c378efce3159bdaa38f5a0314ca0a',#66,#102,#1492,.T.);
#1494=SURFACE_CURVE('',#519,(#1224,#1330),.PCURVE_S1.);
#1495=EDGE_CURVE('OSCAD_TOPO/3|edge|e:68dd0bb3c401fe22ed7e77a8bedafe05|10acddaf1b19e27bd412672c540ad944188a701444873a0f4c9177b4ab4c2fb5',#100,#102,#1494,.T.);
#1496=SURFACE_CURVE('',#522,(#1244,#1335),.PCURVE_S1.);
#1497=EDGE_CURVE('OSCAD_TOPO/3|edge|e:491015625f77d5cf41acdb79a75a2527|bee129e4112d4dc4935779a09e0c080c6815853a559442f4d23e7fb8c868682f',#102,#98,#1496,.T.);
#1498=ORIENTED_EDGE('',*,*,#1337,.T.);
#1499=ORIENTED_EDGE('',*,*,#1339,.T.);
#1500=ORIENTED_EDGE('',*,*,#1341,.F.);
#1501=ORIENTED_EDGE('',*,*,#1343,.F.);
#1502=EDGE_LOOP('OSCAD_TOPO/3|loop|l:c5e7f332af52cd5a30b2735bdaa4be5d|6c3ef399dd57dccf907ced587c4c602d86a8f75d6f7cbd745a80dfa648cccddb',(#1498,#1499,#1500,#1501));
#1503=ORIENTED_EDGE('',*,*,#1345,.T.);
#1504=ORIENTED_EDGE('',*,*,#1347,.T.);
#1505=ORIENTED_EDGE('',*,*,#1349,.F.);
#1506=ORIENTED_EDGE('',*,*,#1339,.F.);
#1507=EDGE_LOOP('OSCAD_TOPO/3|loop|l:b37a9beb947760d2440922ffde0f5d21|e8f2bf15a9665117ccfe1e483e2d948e8defd50f40374aef13f6248f9f5e7f92',(#1503,#1504,#1505,#1506));
#1508=ORIENTED_EDGE('',*,*,#1351,.T.);
#1509=ORIENTED_EDGE('',*,*,#1353,.T.);
#1510=ORIENTED_EDGE('',*,*,#1355,.F.);
#1511=ORIENTED_EDGE('',*,*,#1347,.F.);
#1512=EDGE_LOOP('OSCAD_TOPO/3|loop|l:a19c5b02256f9bb3e553073a4cffee9d|6173f99f3d79ec8fd62e491c29540278fde732aceb6caf1e6869327a86628410',(#1508,#1509,#1510,#1511));
#1513=ORIENTED_EDGE('',*,*,#1357,.T.);
#1514=ORIENTED_EDGE('',*,*,#1359,.T.);
#1515=ORIENTED_EDGE('',*,*,#1361,.F.);
#1516=ORIENTED_EDGE('',*,*,#1353,.F.);
#1517=EDGE_LOOP('OSCAD_TOPO/3|loop|l:4471a2f769dbbeaed6000cefdee16cf4|c07b1f9c719934bafffb084ec2a321945b90fad557d97802b34f212b7dc5b81a',(#1513,#1514,#1515,#1516));
#1518=ORIENTED_EDGE('',*,*,#1363,.T.);
#1519=ORIENTED_EDGE('',*,*,#1365,.T.);
#1520=ORIENTED_EDGE('',*,*,#1367,.F.);
#1521=ORIENTED_EDGE('',*,*,#1359,.F.);
#1522=EDGE_LOOP('OSCAD_TOPO/3|loop|l:4d1c191c6567c4f86c742d6910d82ca5|f114366f23f8a12cb10a8592c6cb0c2140f218479b1fb5d00c403d59eba47a5b',(#1518,#1519,#1520,#1521));
#1523=ORIENTED_EDGE('',*,*,#1369,.T.);
#1524=ORIENTED_EDGE('',*,*,#1371,.T.);
#1525=ORIENTED_EDGE('',*,*,#1373,.F.);
#1526=ORIENTED_EDGE('',*,*,#1365,.F.);
#1527=EDGE_LOOP('OSCAD_TOPO/3|loop|l:5cfda2b8a36ed92655747bbcdf24be94|955896d6434069acb0acdb06889a61e46af0a88c6b9637ac96f336fdab2450b7',(#1523,#1524,#1525,#1526));
#1528=ORIENTED_EDGE('',*,*,#1375,.T.);
#1529=ORIENTED_EDGE('',*,*,#1377,.T.);
#1530=ORIENTED_EDGE('',*,*,#1379,.F.);
#1531=ORIENTED_EDGE('',*,*,#1371,.F.);
#1532=EDGE_LOOP('OSCAD_TOPO/3|loop|l:7fa53dbf9447988121e41ed7d75d894b|b33004e02dcf3d7e06b7f00855a37ee79225306da3150d7c798c20fcfac83059',(#1528,#1529,#1530,#1531));
#1533=ORIENTED_EDGE('',*,*,#1381,.T.);
#1534=ORIENTED_EDGE('',*,*,#1383,.T.);
#1535=ORIENTED_EDGE('',*,*,#1385,.F.);
#1536=ORIENTED_EDGE('',*,*,#1377,.F.);
#1537=EDGE_LOOP('OSCAD_TOPO/3|loop|l:2b4f6f8dd1e632f0f7ee3ba5088bdc84|6f4bcb2a4cec2cdbb4d13bbc16218e39c021335f9c794e40400ca19c14425e40',(#1533,#1534,#1535,#1536));
#1538=ORIENTED_EDGE('',*,*,#1387,.T.);
#1539=ORIENTED_EDGE('',*,*,#1389,.T.);
#1540=ORIENTED_EDGE('',*,*,#1391,.F.);
#1541=ORIENTED_EDGE('',*,*,#1383,.F.);
#1542=EDGE_LOOP('OSCAD_TOPO/3|loop|l:dfee6bcbe24b78825d7806d850c1e7e3|539233565eb3c3adcc181c1bfc72209bf525bcd1217b81227f9bdd29dbf09abf',(#1538,#1539,#1540,#1541));
#1543=ORIENTED_EDGE('',*,*,#1393,.T.);
#1544=ORIENTED_EDGE('',*,*,#1395,.T.);
#1545=ORIENTED_EDGE('',*,*,#1397,.F.);
#1546=ORIENTED_EDGE('',*,*,#1389,.F.);
#1547=EDGE_LOOP('OSCAD_TOPO/3|loop|l:be9063d3b681b6c739a9b1890bcca808|e5a1c9acb9c3b8350ebf08764c8fca2d4321a29e4960426bdae783b340e2019e',(#1543,#1544,#1545,#1546));
#1548=ORIENTED_EDGE('',*,*,#1399,.T.);
#1549=ORIENTED_EDGE('',*,*,#1401,.T.);
#1550=ORIENTED_EDGE('',*,*,#1403,.F.);
#1551=ORIENTED_EDGE('',*,*,#1395,.F.);
#1552=EDGE_LOOP('OSCAD_TOPO/3|loop|l:e3365e62d910386790b4802c8067dcd3|37e269209c88fa5b5125b7dd6be53e38c1792e6583cc8652af1d69aea300db6b',(#1548,#1549,#1550,#1551));
#1553=ORIENTED_EDGE('',*,*,#1405,.T.);
#1554=ORIENTED_EDGE('',*,*,#1407,.T.);
#1555=ORIENTED_EDGE('',*,*,#1409,.F.);
#1556=ORIENTED_EDGE('',*,*,#1401,.F.);
#1557=EDGE_LOOP('OSCAD_TOPO/3|loop|l:cf00567a41e31e6cb73e4d2f4a031bd0|8c84a8ce87e5225de47a854712531208c0978cd8ee2d779cf8d153a73fe2761f',(#1553,#1554,#1555,#1556));
#1558=ORIENTED_EDGE('',*,*,#1411,.T.);
#1559=ORIENTED_EDGE('',*,*,#1343,.T.);
#1560=ORIENTED_EDGE('',*,*,#1413,.F.);
#1561=ORIENTED_EDGE('',*,*,#1407,.F.);
#1562=EDGE_LOOP('OSCAD_TOPO/3|loop|l:674b6648b6160e0777549722bf0c7e48|f7cc7ed24d0af1ad89a33b4223576ccc6b4457dd3d4ebe733dfcef11aa74b85d',(#1558,#1559,#1560,#1561));
#1563=ORIENTED_EDGE('',*,*,#1411,.F.);
#1564=ORIENTED_EDGE('',*,*,#1405,.F.);
#1565=ORIENTED_EDGE('',*,*,#1399,.F.);
#1566=ORIENTED_EDGE('',*,*,#1393,.F.);
#1567=ORIENTED_EDGE('',*,*,#1387,.F.);
#1568=ORIENTED_EDGE('',*,*,#1381,.F.);
#1569=ORIENTED_EDGE('',*,*,#1375,.F.);
#1570=ORIENTED_EDGE('',*,*,#1369,.F.);
#1571=ORIENTED_EDGE('',*,*,#1363,.F.);
#1572=ORIENTED_EDGE('',*,*,#1357,.F.);
#1573=ORIENTED_EDGE('',*,*,#1351,.F.);
#1574=ORIENTED_EDGE('',*,*,#1345,.F.);
#1575=ORIENTED_EDGE('',*,*,#1337,.F.);
#1576=EDGE_LOOP('OSCAD_TOPO/3|loop|l:3eff70aa28c764d1a377e40c84dcacec|d47f8de083a7ca1d692bf1178b7b631c810fe19c4e7daed8ef8ee8ce61ec34aa',(#1563,#1564,#1565,#1566,#1567,#1568,#1569,#1570,#1571,#1572,#1573,#1574,#1575));
#1577=ORIENTED_EDGE('',*,*,#1415,.F.);
#1578=ORIENTED_EDGE('',*,*,#1417,.F.);
#1579=ORIENTED_EDGE('',*,*,#1419,.F.);
#1580=ORIENTED_EDGE('',*,*,#1421,.F.);
#1581=EDGE_LOOP('OSCAD_TOPO/3|loop|l:8470d07309571240872a91eee51d144e|523d4b438de360fb97bc108f33d6a6bc78204839e9859bd20d2aba975d41a305',(#1577,#1578,#1579,#1580));
#1582=ORIENTED_EDGE('',*,*,#1419,.T.);
#1583=ORIENTED_EDGE('',*,*,#1417,.T.);
#1584=ORIENTED_EDGE('',*,*,#1415,.T.);
#1585=ORIENTED_EDGE('',*,*,#1421,.T.);
#1586=EDGE_LOOP('OSCAD_TOPO/3|loop|l:81027a1d52cd7a38a602b8d6780dbdbd|70e7caae42385c713aee070334a81a7b1bbeff9e845dd6b438de3ada0045ab3c',(#1582,#1583,#1584,#1585));
#1587=ORIENTED_EDGE('',*,*,#1423,.F.);
#1588=ORIENTED_EDGE('',*,*,#1425,.F.);
#1589=ORIENTED_EDGE('',*,*,#1427,.F.);
#1590=ORIENTED_EDGE('',*,*,#1429,.F.);
#1591=EDGE_LOOP('OSCAD_TOPO/3|loop|l:7fc41f06a734517d6061cff6af00035f|6306ed0e3fc29db582358cfc274514dadcf551ab981dacc6ef1d21016d1fc20c',(#1587,#1588,#1589,#1590));
#1592=ORIENTED_EDGE('',*,*,#1341,.T.);
#1593=ORIENTED_EDGE('',*,*,#1431,.T.);
#1594=ORIENTED_EDGE('',*,*,#1433,.F.);
#1595=ORIENTED_EDGE('',*,*,#1435,.F.);
#1596=EDGE_LOOP('OSCAD_TOPO/3|loop|l:f128f9d09284e2896fe7f9f074087bd0|db9dca92e1d41b96e47c761f1934e8ebc4a6e460447f55a833bbe253dc8330b2',(#1592,#1593,#1594,#1595));
#1597=ORIENTED_EDGE('',*,*,#1349,.T.);
#1598=ORIENTED_EDGE('',*,*,#1437,.T.);
#1599=ORIENTED_EDGE('',*,*,#1439,.F.);
#1600=ORIENTED_EDGE('',*,*,#1431,.F.);
#1601=EDGE_LOOP('OSCAD_TOPO/3|loop|l:8698cff6b68468d4105e0022e8376411|78e80c4a4733535c69cbf8b7c45f24246307e93c8d59788743d759a6a5fe5ccf',(#1597,#1598,#1599,#1600));
#1602=ORIENTED_EDGE('',*,*,#1355,.T.);
#1603=ORIENTED_EDGE('',*,*,#1441,.T.);
#1604=ORIENTED_EDGE('',*,*,#1443,.F.);
#1605=ORIENTED_EDGE('',*,*,#1437,.F.);
#1606=EDGE_LOOP('OSCAD_TOPO/3|loop|l:ade6c9fa913a77e80003850465f681a9|e9441479fe7abec069a2d5c0ef17966f22da4f651b6bfb808479ac21cca3afd6',(#1602,#1603,#1604,#1605));
#1607=ORIENTED_EDGE('',*,*,#1361,.T.);
#1608=ORIENTED_EDGE('',*,*,#1445,.T.);
#1609=ORIENTED_EDGE('',*,*,#1447,.F.);
#1610=ORIENTED_EDGE('',*,*,#1441,.F.);
#1611=EDGE_LOOP('OSCAD_TOPO/3|loop|l:028e566705ffd9865be078dbf1e7047b|67ec21b0deff2855b395f8fa376591d4650b3e9027dab0223a1aae44e360154e',(#1607,#1608,#1609,#1610));
#1612=ORIENTED_EDGE('',*,*,#1367,.T.);
#1613=ORIENTED_EDGE('',*,*,#1449,.T.);
#1614=ORIENTED_EDGE('',*,*,#1451,.F.);
#1615=ORIENTED_EDGE('',*,*,#1445,.F.);
#1616=EDGE_LOOP('OSCAD_TOPO/3|loop|l:da72834964cbfcd34a2c8d6aa80e6f2a|e24f81f768e879a4655886b411e60c444e3fc20ce0eac329b78b65daca00d192',(#1612,#1613,#1614,#1615));
#1617=ORIENTED_EDGE('',*,*,#1373,.T.);
#1618=ORIENTED_EDGE('',*,*,#1453,.T.);
#1619=ORIENTED_EDGE('',*,*,#1455,.F.);
#1620=ORIENTED_EDGE('',*,*,#1449,.F.);
#1621=EDGE_LOOP('OSCAD_TOPO/3|loop|l:c7cf050cb1fd9b89cfc1a4b406c49c84|46b81ba58c61ab1a6cb2400ea861f03692d9aa359de6329936e0a2e8fb22e6d9',(#1617,#1618,#1619,#1620));
#1622=ORIENTED_EDGE('',*,*,#1379,.T.);
#1623=ORIENTED_EDGE('',*,*,#1457,.T.);
#1624=ORIENTED_EDGE('',*,*,#1459,.F.);
#1625=ORIENTED_EDGE('',*,*,#1453,.F.);
#1626=EDGE_LOOP('OSCAD_TOPO/3|loop|l:5bfc279affb57470e5193581cf95ad45|43cdbf4bb141d9970fc1a4cfec25d8b587efc9ac32256654d989cdfc5aa4834d',(#1622,#1623,#1624,#1625));
#1627=ORIENTED_EDGE('',*,*,#1385,.T.);
#1628=ORIENTED_EDGE('',*,*,#1461,.T.);
#1629=ORIENTED_EDGE('',*,*,#1463,.F.);
#1630=ORIENTED_EDGE('',*,*,#1457,.F.);
#1631=EDGE_LOOP('OSCAD_TOPO/3|loop|l:778f3a07344db878a2dfa079a9c18597|da304849f2b7db07477976e004db4ba2ce479c941cc99494b0f9fe1b0dc5f6f2',(#1627,#1628,#1629,#1630));
#1632=ORIENTED_EDGE('',*,*,#1391,.T.);
#1633=ORIENTED_EDGE('',*,*,#1465,.T.);
#1634=ORIENTED_EDGE('',*,*,#1467,.F.);
#1635=ORIENTED_EDGE('',*,*,#1461,.F.);
#1636=EDGE_LOOP('OSCAD_TOPO/3|loop|l:3bea47343a7426d6787c5baf6f347e66|19cefc57e2ff3340db10520f9c8e1835befa7abdcd1cb4fc23b03c2568e29c85',(#1632,#1633,#1634,#1635));
#1637=ORIENTED_EDGE('',*,*,#1397,.T.);
#1638=ORIENTED_EDGE('',*,*,#1469,.T.);
#1639=ORIENTED_EDGE('',*,*,#1471,.F.);
#1640=ORIENTED_EDGE('',*,*,#1465,.F.);
#1641=EDGE_LOOP('OSCAD_TOPO/3|loop|l:ea5e1bc614cf2d3a41ad50fa2aa7e1b1|de687006f34646d2389cac38eb86a754226a3f37187f323108158f171c8ea276',(#1637,#1638,#1639,#1640));
#1642=ORIENTED_EDGE('',*,*,#1403,.T.);
#1643=ORIENTED_EDGE('',*,*,#1473,.T.);
#1644=ORIENTED_EDGE('',*,*,#1475,.F.);
#1645=ORIENTED_EDGE('',*,*,#1469,.F.);
#1646=EDGE_LOOP('OSCAD_TOPO/3|loop|l:d9080f6c451af0186b8b168f30896a78|e5cfd416e1dd96029a2ab0384cef46bf5f853b547694db9c10bdafd2c456753f',(#1642,#1643,#1644,#1645));
#1647=ORIENTED_EDGE('',*,*,#1409,.T.);
#1648=ORIENTED_EDGE('',*,*,#1477,.T.);
#1649=ORIENTED_EDGE('',*,*,#1479,.F.);
#1650=ORIENTED_EDGE('',*,*,#1473,.F.);
#1651=EDGE_LOOP('OSCAD_TOPO/3|loop|l:4c186a46452d684d39224b311bed70dd|fdff074dc3480c1c52c0e2daaba848a027148c6b7f7876a3bd89733f1ce8ac93',(#1647,#1648,#1649,#1650));
#1652=ORIENTED_EDGE('',*,*,#1413,.T.);
#1653=ORIENTED_EDGE('',*,*,#1435,.T.);
#1654=ORIENTED_EDGE('',*,*,#1481,.F.);
#1655=ORIENTED_EDGE('',*,*,#1477,.F.);
#1656=EDGE_LOOP('OSCAD_TOPO/3|loop|l:0ec899bc96c8b2eea434bd0821a52791|90ea54ae5c2fbc582c8f96085a16e81d7ee3c046b9d3709df89d40d81e06395d',(#1652,#1653,#1654,#1655));
#1657=ORIENTED_EDGE('',*,*,#1423,.T.);
#1658=ORIENTED_EDGE('',*,*,#1483,.T.);
#1659=ORIENTED_EDGE('',*,*,#1485,.F.);
#1660=ORIENTED_EDGE('',*,*,#1487,.F.);
#1661=EDGE_LOOP('OSCAD_TOPO/3|loop|l:8753f5a767d156e62df58e4738c0f1d0|30d3af4467c2697c6089e4627df87f5a9c5de8110437792a3aa20ccdc51cb5cd',(#1657,#1658,#1659,#1660));
#1662=ORIENTED_EDGE('',*,*,#1429,.T.);
#1663=ORIENTED_EDGE('',*,*,#1489,.T.);
#1664=ORIENTED_EDGE('',*,*,#1491,.F.);
#1665=ORIENTED_EDGE('',*,*,#1483,.F.);
#1666=EDGE_LOOP('OSCAD_TOPO/3|loop|l:1b40820437dacee32d7c1cfe4d701114|c74ecbec593e8920885311b7ba32babb6a856c7c0e6c0ea6d712bf376b81f459',(#1662,#1663,#1664,#1665));
#1667=ORIENTED_EDGE('',*,*,#1427,.T.);
#1668=ORIENTED_EDGE('',*,*,#1493,.T.);
#1669=ORIENTED_EDGE('',*,*,#1495,.F.);
#1670=ORIENTED_EDGE('',*,*,#1489,.F.);
#1671=EDGE_LOOP('OSCAD_TOPO/3|loop|l:9b9f139879445aedf8a5d36bb7e2ec17|42801a6c3c100859852718a8f5f1e293b368fb645a8381b6dcde721ed1a918b7',(#1667,#1668,#1669,#1670));
#1672=ORIENTED_EDGE('',*,*,#1425,.T.);
#1673=ORIENTED_EDGE('',*,*,#1487,.T.);
#1674=ORIENTED_EDGE('',*,*,#1497,.F.);
#1675=ORIENTED_EDGE('',*,*,#1493,.F.);
#1676=EDGE_LOOP('OSCAD_TOPO/3|loop|l:d1a9540a6a25197378bf5891f095180d|40be6f39873bf3978365d8bbbc087552fc91ac93dc631080d939914bede541f3',(#1672,#1673,#1674,#1675));
#1677=ORIENTED_EDGE('',*,*,#1433,.T.);
#1678=ORIENTED_EDGE('',*,*,#1439,.T.);
#1679=ORIENTED_EDGE('',*,*,#1443,.T.);
#1680=ORIENTED_EDGE('',*,*,#1447,.T.);
#1681=ORIENTED_EDGE('',*,*,#1451,.T.);
#1682=ORIENTED_EDGE('',*,*,#1455,.T.);
#1683=ORIENTED_EDGE('',*,*,#1459,.T.);
#1684=ORIENTED_EDGE('',*,*,#1463,.T.);
#1685=ORIENTED_EDGE('',*,*,#1467,.T.);
#1686=ORIENTED_EDGE('',*,*,#1471,.T.);
#1687=ORIENTED_EDGE('',*,*,#1475,.T.);
#1688=ORIENTED_EDGE('',*,*,#1479,.T.);
#1689=ORIENTED_EDGE('',*,*,#1481,.T.);
#1690=EDGE_LOOP('OSCAD_TOPO/3|loop|l:39eca0948ba800e3670c3609660776b3|9e0fa731791e7b8780b55a3fd433293b2af3dfa7b24c915e85016cc51bc7f3c1',(#1677,#1678,#1679,#1680,#1681,#1682,#1683,#1684,#1685,#1686,#1687,#1688,#1689));
#1691=ORIENTED_EDGE('',*,*,#1485,.T.);
#1692=ORIENTED_EDGE('',*,*,#1491,.T.);
#1693=ORIENTED_EDGE('',*,*,#1495,.T.);
#1694=ORIENTED_EDGE('',*,*,#1497,.T.);
#1695=EDGE_LOOP('OSCAD_TOPO/3|loop|l:57d3854f2220a96892b9194054e338f0|6fae704d6485b1be6a7eb5619339255fa878a17a39171ed08ea0b205f7cf4c34',(#1691,#1692,#1693,#1694));
#1696=FACE_OUTER_BOUND('',#1502,.T.);
#1697=ADVANCED_FACE('OSCAD_TOPO/3|face|f:eaa38de867e635d0db37ae0570899454|8f60185918294bd746ef5e949858123c103d9e2613d8758a167d4f35f9c8ef13',(#1696),#107,.T.);
#1698=FACE_OUTER_BOUND('',#1507,.T.);
#1699=ADVANCED_FACE('OSCAD_TOPO/3|face|f:7fd8d0d860845d14083631cb3656652a|a81c8bd2b45b04d584a9b3e6d2a33f1601df78d3d4002bfed770ff29f5338710',(#1698),#112,.T.);
#1700=FACE_OUTER_BOUND('',#1512,.T.);
#1701=ADVANCED_FACE('OSCAD_TOPO/3|face|f:eecb8ae603ddb1fdfa14398f26a1e7ae|1fcde47e4aae26c1da8c58c4932fd9600f842829cf5aba8d249f5153d18d6c39',(#1700),#117,.T.);
#1702=FACE_OUTER_BOUND('',#1517,.T.);
#1703=ADVANCED_FACE('OSCAD_TOPO/3|face|f:1732594116746a0321a4484422d85b70|ad5c1d34b1103c674f5a68a2c3efb163a47b9a6d225b7c060aba095c24032ab1',(#1702),#122,.T.);
#1704=FACE_OUTER_BOUND('',#1522,.T.);
#1705=ADVANCED_FACE('OSCAD_TOPO/3|face|f:4a820317089f7b3cc34764514df3dfb9|39303741cdbdde75d3f899615c62bfb878f095357ecd04000f487b056683f38e',(#1704),#127,.T.);
#1706=FACE_OUTER_BOUND('',#1527,.T.);
#1707=ADVANCED_FACE('OSCAD_TOPO/3|face|f:17ba7e4dce178aaf8fa8f25615b9c7b9|3b21db35976dd664a0d0df03dd3b07530bfc5bcac51130e8025c04fac2368765',(#1706),#132,.T.);
#1708=FACE_OUTER_BOUND('',#1532,.T.);
#1709=ADVANCED_FACE('OSCAD_TOPO/3|face|f:6f884f2c747620233223ff726fb6a341|448b5b968cba35574694f8ca4be6cf2d46fe1ac349945cd76e3a67d197db0eb2',(#1708),#137,.T.);
#1710=FACE_OUTER_BOUND('',#1537,.T.);
#1711=ADVANCED_FACE('OSCAD_TOPO/3|face|f:8f5b6222d0890826934019db72ae4633|15424b851f987538ae6cba1fe8754503fe5d1a0f1992e9be2fac30370fe5b5bb',(#1710),#142,.T.);
#1712=FACE_OUTER_BOUND('',#1542,.T.);
#1713=ADVANCED_FACE('OSCAD_TOPO/3|face|f:aa0acd4581151e6aba89bae3c76676a1|be3147afb04dfa0cb4c67eac41f8c8eb06c69f77e9f3e3bb96e29cd143b649f5',(#1712),#147,.T.);
#1714=FACE_OUTER_BOUND('',#1547,.T.);
#1715=ADVANCED_FACE('OSCAD_TOPO/3|face|f:00f821f5be3be74038ef41faded4b291|43bfe900896e2c2e95099f7ba10c9d204766890a672cba21839d640666d6bd7f',(#1714),#152,.T.);
#1716=FACE_OUTER_BOUND('',#1552,.T.);
#1717=ADVANCED_FACE('OSCAD_TOPO/3|face|f:3753aa597e291f2a454804463d5e06c0|317ed573e3228ddc8d83656740651f071c08a8f7eba445c93e389e1939ea4179',(#1716),#157,.T.);
#1718=FACE_OUTER_BOUND('',#1557,.T.);
#1719=ADVANCED_FACE('OSCAD_TOPO/3|face|f:007298a72351491090fc5689035ced1c|f48580a57c0ea0db0048784b71706b4873df7562d9ad3f48a16f9d64226c95a6',(#1718),#162,.T.);
#1720=FACE_OUTER_BOUND('',#1562,.T.);
#1721=ADVANCED_FACE('OSCAD_TOPO/3|face|f:a8c24f5d4b09a72d290e4da252435788|162ed8f6f0d93b6560cc42d682e30d0f851678b7c494d652202d2d5fb8a273c1',(#1720),#169,.T.);
#1722=FACE_OUTER_BOUND('',#1576,.T.);
#1723=FACE_BOUND('',#1581,.T.);
#1724=ADVANCED_FACE('OSCAD_TOPO/3|face|f:3941bbecfc0267f1304f30450631dc10|cb8f44f52e112f664835feac261023d2957f10f6b99edb14e921af3a7a8e2a88',(#1722,#1723),#174,.T.);
#1725=FACE_OUTER_BOUND('',#1586,.T.);
#1726=ADVANCED_FACE('OSCAD_TOPO/3|face|f:822f7f00d029df884d2c62d917b89585|7af6cd8032b820e40b5d4991e82b85561759dfcfcb0db0d36540c931ba59767a',(#1725),#179,.T.);
#1727=FACE_OUTER_BOUND('',#1591,.T.);
#1728=ADVANCED_FACE('OSCAD_TOPO/3|face|f:e76a666f16d6d51b317571d9a040c35d|6e4d6b87628c118bd47945b9ae05519f289bb6f116eb577235e27ec2652baa92',(#1727),#184,.T.);
#1729=FACE_OUTER_BOUND('',#1596,.T.);
#1730=ADVANCED_FACE('OSCAD_TOPO/3|face|f:8078c5478c52233769aaf1e193ee7629|22a558a32b3884712ee6053da60a56f0aa2964960f62e22c9b138fb5eda8d8bb',(#1729),#189,.T.);
#1731=FACE_OUTER_BOUND('',#1601,.T.);
#1732=ADVANCED_FACE('OSCAD_TOPO/3|face|f:930a651b3039a3ec0d01e6496709f7d8|5cad3febf9cd4c8219dc029c063f99dee006af341daea5241e91e90499a17287',(#1731),#194,.T.);
#1733=FACE_OUTER_BOUND('',#1606,.T.);
#1734=ADVANCED_FACE('OSCAD_TOPO/3|face|f:9bb54c71fb537ef604dd16a822029c8b|4b3d194a075c56c1feac2e9ba109e312d8f4974b2305d5c69eb35cdb34270688',(#1733),#199,.T.);
#1735=FACE_OUTER_BOUND('',#1611,.T.);
#1736=ADVANCED_FACE('OSCAD_TOPO/3|face|f:7f68b34f612a42cf626bfe063689eec7|9183aca0b38a48c65b8e26120945f18bef3753c73584094501700af0b5722e2b',(#1735),#204,.T.);
#1737=FACE_OUTER_BOUND('',#1616,.T.);
#1738=ADVANCED_FACE('OSCAD_TOPO/3|face|f:4a6e587e89661211cf2a5487ef427cb1|94ca80dcc5229b1d769df47bea6c4fae03dade8c8d8b8cf32392662a363bb399',(#1737),#209,.T.);
#1739=FACE_OUTER_BOUND('',#1621,.T.);
#1740=ADVANCED_FACE('OSCAD_TOPO/3|face|f:a586760777f163321c48fc09e7c0b4fb|96cce6a159cd682ab3faf228755c61c8bd0a42fa7e2d07ef3ff3dd58e84eeb1d',(#1739),#214,.T.);
#1741=FACE_OUTER_BOUND('',#1626,.T.);
#1742=ADVANCED_FACE('OSCAD_TOPO/3|face|f:a0f6cc36aaf2d0ad0f6725ec2e35331f|b980916ffc92a96b944e9b7d20821d50f22e104caf663c2940e106d50898f762',(#1741),#219,.T.);
#1743=FACE_OUTER_BOUND('',#1631,.T.);
#1744=ADVANCED_FACE('OSCAD_TOPO/3|face|f:37ba04d15f82b674ca4cf710d6bc11df|fddc199f30352ec0a39d664d14b11696ba0c9ec108664a1e0e279a599fbf61d4',(#1743),#224,.T.);
#1745=FACE_OUTER_BOUND('',#1636,.T.);
#1746=ADVANCED_FACE('OSCAD_TOPO/3|face|f:e3f39057ea8ffc62bf56f56f312fc9e9|33a3b864f27493d589e263eaabe7d48e23dac7ffb7850c7ba98c6c04ae575c6d',(#1745),#229,.T.);
#1747=FACE_OUTER_BOUND('',#1641,.T.);
#1748=ADVANCED_FACE('OSCAD_TOPO/3|face|f:89815cc4dece62c3195637a254fc25de|716b01b274a776211a5043f8eb4ad61ce4cd4f159d4c7ad72dd62a85862d31be',(#1747),#234,.T.);
#1749=FACE_OUTER_BOUND('',#1646,.T.);
#1750=ADVANCED_FACE('OSCAD_TOPO/3|face|f:6ecb96ef2e4bb2affd3035fb56a1d05e|f4fe53c4f0a71fa21a6d0fe672c6a251cc39ca66699b4823902646ddb434517c',(#1749),#239,.T.);
#1751=FACE_OUTER_BOUND('',#1651,.T.);
#1752=ADVANCED_FACE('OSCAD_TOPO/3|face|f:56960da6391caeb19be66e86b27e7d04|8df2e39808a62cc58657962e2cabd47476760a59ac83c29d73c0787d8bb0d992',(#1751),#244,.T.);
#1753=FACE_OUTER_BOUND('',#1656,.T.);
#1754=ADVANCED_FACE('OSCAD_TOPO/3|face|f:d58d33272d601eaf2bd0a92d2a561441|a694de24d15704b96ce7dccfc8a0392b450ac98c70fd1da8bfb19968d03d6b56',(#1753),#251,.T.);
#1755=FACE_OUTER_BOUND('',#1661,.T.);
#1756=ADVANCED_FACE('OSCAD_TOPO/3|face|f:0ca70ab574a50cffcd7eadd2b1dba6f0|533c8f0a2f0d13ab11cbcb9e6e60735093165aa5a937a110e7ab044855ec3d83',(#1755),#256,.T.);
#1757=FACE_OUTER_BOUND('',#1666,.T.);
#1758=ADVANCED_FACE('OSCAD_TOPO/3|face|f:ba729f4bd14d28111d4405b354243e20|e93d17519b077374f71e4382d0d2c0725f3270f00ef5b4e18591b45077870216',(#1757),#261,.T.);
#1759=FACE_OUTER_BOUND('',#1671,.T.);
#1760=ADVANCED_FACE('OSCAD_TOPO/3|face|f:5b6610489ca33675dbad5f7c6cae5896|512a7bb95e2d1218b7fc3a0651e33f115c714703b9b18af502dfb80ab28ce2ae',(#1759),#266,.T.);
#1761=FACE_OUTER_BOUND('',#1676,.T.);
#1762=ADVANCED_FACE('OSCAD_TOPO/3|face|f:42f2f5b8c6e32fdd871faf41e343fa63|d95d878a5fd74239bbbc18e92837c6635e29aec9fb6b79371d57093c48cbfde8',(#1761),#271,.T.);
#1763=FACE_OUTER_BOUND('',#1690,.T.);
#1764=FACE_BOUND('',#1695,.T.);
#1765=ADVANCED_FACE('OSCAD_TOPO/3|face|f:0479cbc708b6f180ac6c6ea64abfb9d8|9984cde87efe2623331312e3eb8a7febc74f33a0fea02279cf1284a571c5ec4e',(#1763,#1764),#276,.T.);
#1766=CLOSED_SHELL('OSCAD_TOPO/3|shell|s:a2000ed6f34ce02520c1f44979374e63|27e93781d524fe408bdad40e9d381bca23d2a05818553357fed37f66b6c1ba80',(#1697,#1699,#1701,#1703,#1705,#1707,#1709,#1711,#1713,#1715,#1717,#1719,#1721,#1724,#1726,#1728,#1730,#1732,#1734,#1736,#1738,#1740,#1742,#1744,#1746,#1748,#1750,#1752,#1754,#1756,#1758,#1760,#1762,#1765));
#1767=MANIFOLD_SOLID_BREP('OSCAD_TOPO/3|body|b:f4092c3c4dd734ee91f9d9dc2b350108|03525a5b96b9c0e5312e165419ae8c06dffd50a840428f1ca1833c812dd649c1',#1766);
#1768=(LENGTH_UNIT()NAMED_UNIT(*)SI_UNIT(.MILLI.,.METRE.));
#1769=UNCERTAINTY_MEASURE_WITH_UNIT(LENGTH_MEASURE(9.99999999999999955E-8),#1768,'distance_accuracy_value','');
#1770=(GEOMETRIC_REPRESENTATION_CONTEXT(3)GLOBAL_UNCERTAINTY_ASSIGNED_CONTEXT((#1769))GLOBAL_UNIT_ASSIGNED_CONTEXT((#1768))REPRESENTATION_CONTEXT('','3D'));
#1771=ADVANCED_BREP_SHAPE_REPRESENTATION('',(#1767),#1770);
#1772=APPLICATION_CONTEXT('managed model based 3d engineering');
#1773=PRODUCT_CONTEXT('',#1772,'mechanical');
#1774=PRODUCT('model','model','',(#1773));
#1775=PRODUCT_DEFINITION_FORMATION('1','',#1774);
#1776=PRODUCT_DEFINITION_CONTEXT('part definition',#1772,'design');
#1777=PRODUCT_DEFINITION('design','',#1775,#1776);
#1778=PRODUCT_DEFINITION_SHAPE('','',#1777);
#1779=SHAPE_DEFINITION_REPRESENTATION(#1778,#1771);
ENDSEC;
END-ISO-10303-21;
