ISO-10303-21;
HEADER;
FILE_DESCRIPTION(('OpenSCAD Viewer retained AP242 B-rep'),'2;1');
FILE_NAME('model.step','',(''),(''),'OpenSCAD Viewer','OpenSCAD Viewer','');
FILE_SCHEMA(('AP242_MANAGED_MODEL_BASED_3D_ENGINEERING_MIM_LF'));
ENDSEC;
DATA;
#1=CARTESIAN_POINT('',(2.00000000000000000E1,0.00000000000000000E0,6.00000000000000000E0));
#2=VERTEX_POINT('OSCAD_TOPO/3|vertex|v:d3067954d870549101dae47bb73f791e|9584fa4324d34572467aafa8468b6a764f8775866bdfc447617c8e17e3b1c982',#1);
#3=CARTESIAN_POINT('',(1.61678918189475169E1,6.69696006638907093E0,6.00000000000000000E0));
#4=VERTEX_POINT('OSCAD_TOPO/3|vertex|v:5c2c46367bb99b8ce25e85065724b662|61a88c869fbf210c8904b17a89d1eee4e2e43b604ab01db098276033704d7e16',#3);
#5=CARTESIAN_POINT('',(1.84775906502257357E1,7.65366864730179586E0,3.50000000000000000E0));
#6=VERTEX_POINT('OSCAD_TOPO/3|vertex|v:5e0d0b416ac7c00c9f6f8f2181213186|23caf0d1f4ee9d518760b865497d8b50b22b053bc8d39e783246ffb708c4fbd4',#5);
#7=CARTESIAN_POINT('',(4.61939766255643391E0,1.91341716182544919E0,6.00000000000000000E0));
#8=VERTEX_POINT('OSCAD_TOPO/3|vertex|v:9841eaa3e574e607b66c8b85b34f4481|3f52aedb3a481fd1976d37e32379ad48aa322f872a63add4b2347d3e051b710a',#7);
#9=CARTESIAN_POINT('',(5.00000000000000000E0,0.00000000000000000E0,6.00000000000000000E0));
#10=VERTEX_POINT('OSCAD_TOPO/3|vertex|v:09b078da8d7b0f4865e5f28ec4a88023|c6d8f4335f6b625be585444ea5463ec83d64cd6aec0d58ee3ea72c944e928404',#9);
#11=CARTESIAN_POINT('',(2.00000000000000000E1,0.00000000000000000E0,0.00000000000000000E0));
#12=VERTEX_POINT('OSCAD_TOPO/3|vertex|v:eeafa1f193a00e53c2ad070631add22a|2f57866bfcf1365e4ee0c0c7b006e7d171e9cf8ecb8e6dcbbbe94f72a62d4823',#11);
#13=CARTESIAN_POINT('',(1.84775906502257357E1,7.65366864730179586E0,0.00000000000000000E0));
#14=VERTEX_POINT('OSCAD_TOPO/3|vertex|v:1a5355a04ace1af5eabf8489bb0daf17|a63f37d4bfb38e72fcf6cbd5ca03196e600bc563fb329b0b41b8b9fa17b4e2ec',#13);
#15=CARTESIAN_POINT('',(5.00000000000000000E0,0.00000000000000000E0,0.00000000000000000E0));
#16=VERTEX_POINT('OSCAD_TOPO/3|vertex|v:ca0e371c0e65f05b5b78b9b603713aeb|4172a2f068046afc72ac3e751c4450c5c4a1bdf6a599d0c8bf438537a483418a',#15);
#17=CARTESIAN_POINT('',(4.61939766255643391E0,1.91341716182544919E0,0.00000000000000000E0));
#18=VERTEX_POINT('OSCAD_TOPO/3|vertex|v:aa864930f5dfd34403b0e955b2558c13|9417834737b71c6130424c0bacb1ba595d294677b52d4fdcead96d1275d9aa1e',#17);
#19=CARTESIAN_POINT('',(6.69696006638907182E0,1.61678918189475169E1,6.00000000000000000E0));
#20=VERTEX_POINT('OSCAD_TOPO/3|vertex|v:05c6e46e3116c944252cd4a34cb78fcd|67c696b40cfd6fd7e3f5cce6a6bf83c123f555a14effccdae8f77149edafeb46',#19);
#21=CARTESIAN_POINT('',(7.65366864730179675E0,1.84775906502257357E1,3.50000000000000000E0));
#22=VERTEX_POINT('OSCAD_TOPO/3|vertex|v:e60daad0221ce36b1211e682bb0a85d9|0ddd8ef1d6f2d858fa890b30227510b4833d1bb0ddb69b604b4174c91c78f2f9',#21);
#23=CARTESIAN_POINT('',(1.91341716182544919E0,4.61939766255643391E0,6.00000000000000000E0));
#24=VERTEX_POINT('OSCAD_TOPO/3|vertex|v:c54742ab0ddee3074b1f3be942276b27|8368e7c460ab135b2fef0accfbd22a47fecc8399dbcc95a187912b31b5284261',#23);
#25=CARTESIAN_POINT('',(7.65366864730179675E0,1.84775906502257357E1,0.00000000000000000E0));
#26=VERTEX_POINT('OSCAD_TOPO/3|vertex|v:2c5b0a36f3225d0299814d82cd3f62ad|fc6830b207dec4d496a3e4e59241ccdf716179daf27f7094538e051d52374d00',#25);
#27=CARTESIAN_POINT('',(1.91341716182544919E0,4.61939766255643391E0,0.00000000000000000E0));
#28=VERTEX_POINT('OSCAD_TOPO/3|vertex|v:a7363f87ac57a3a72f1120749f25c044|27d8737f4c01276c3b632ef6b686e85ea15ff3c423c3e2d926a28f5fd979a8b2',#27);
#29=CARTESIAN_POINT('',(0.00000000000000000E0,2.00000000000000000E1,6.00000000000000000E0));
#30=VERTEX_POINT('OSCAD_TOPO/3|vertex|v:3bc1fc3243b4aac31d133d98b0b4fbae|f659be6e93cabe6b6525e44ff3b444f62c2e3c499f4b4e8db027a2218f187124',#29);
#31=CARTESIAN_POINT('',(0.00000000000000000E0,5.00000000000000000E0,6.00000000000000000E0));
#32=VERTEX_POINT('OSCAD_TOPO/3|vertex|v:20d12629482d8ebda5e6ac95715b32a2|b198cb21a740f68fa7ff52f151a8619159de83be9e2cce9400122dd1732da42f',#31);
#33=CARTESIAN_POINT('',(0.00000000000000000E0,2.00000000000000000E1,0.00000000000000000E0));
#34=VERTEX_POINT('OSCAD_TOPO/3|vertex|v:3d9774850fd962e522513344b828956e|d555225819ec426e319e1bbea33fca8648c37dadb3f764733e3f7e4db4e4465e',#33);
#35=CARTESIAN_POINT('',(0.00000000000000000E0,5.00000000000000000E0,0.00000000000000000E0));
#36=VERTEX_POINT('OSCAD_TOPO/3|vertex|v:52a7adc63afa2c0e5f005639cb9e2d10|51281efd40942a5e074bebb1dda24105797e2c87a468cfdbc9892c14012dce42',#35);
#37=CARTESIAN_POINT('',(-2.00000000000000000E1,0.00000000000000000E0,6.00000000000000000E0));
#38=VERTEX_POINT('OSCAD_TOPO/3|vertex|v:9a110acbdcd910a1b51d07a3d13c4eee|694d5a5575facfbeefd3598d7765b47af408581d9ba0ed941fbef74dcdd3306d',#37);
#39=CARTESIAN_POINT('',(-5.00000000000000000E0,0.00000000000000000E0,6.00000000000000000E0));
#40=VERTEX_POINT('OSCAD_TOPO/3|vertex|v:50fb88e6afc1b68e641cd895da922074|9bb30a1b1c3f30c5c16efe2a2406d64ec0af07de0db048106084ca12e943fb39',#39);
#41=CARTESIAN_POINT('',(-2.00000000000000000E1,0.00000000000000000E0,0.00000000000000000E0));
#42=VERTEX_POINT('OSCAD_TOPO/3|vertex|v:8a63d87e0063351fc3a877852e3c4190|efe4d388619020bc70316871f1ccf610b0eec5383cc7ea53bcb3087502999d03',#41);
#43=CARTESIAN_POINT('',(-5.00000000000000000E0,0.00000000000000000E0,0.00000000000000000E0));
#44=VERTEX_POINT('OSCAD_TOPO/3|vertex|v:1fc9e0968879ec46488bdee4304e51d6|fd3c8f3c1420774493df7905c05a787915c3bf03cdd9490ed021f657d79576d3',#43);
#45=CARTESIAN_POINT('',(0.00000000000000000E0,-2.00000000000000000E1,6.00000000000000000E0));
#46=VERTEX_POINT('OSCAD_TOPO/3|vertex|v:84b3caecd36f28456fa30784e9ee28ff|ed1dddfef36c4d08b45a60dc55ab834a06ddbf7c0ab18352a8369c11b27fe329',#45);
#47=CARTESIAN_POINT('',(0.00000000000000000E0,-5.00000000000000000E0,6.00000000000000000E0));
#48=VERTEX_POINT('OSCAD_TOPO/3|vertex|v:eeeeacfb5e7c735b5b1a49455232d113|ea9f79519d3d8ede233a6428cf8d888c3671becb0cf6ff87dc93fae5474b22ff',#47);
#49=CARTESIAN_POINT('',(0.00000000000000000E0,-2.00000000000000000E1,0.00000000000000000E0));
#50=VERTEX_POINT('OSCAD_TOPO/3|vertex|v:2e93c68df56bb8872ea1c7f49a6295d0|137be0bdca1201c4865f995fa30858398cd44d03ef9d3c7ea89c2889a619c120',#49);
#51=CARTESIAN_POINT('',(0.00000000000000000E0,-5.00000000000000000E0,0.00000000000000000E0));
#52=VERTEX_POINT('OSCAD_TOPO/3|vertex|v:66354ba7ccd501c81a60daf738ea5514|e647d3a2117c85a5d9755975f2710bca43a3786e142f05e7b1540bbf5f781de4',#51);
#53=CARTESIAN_POINT('',(1.61678918189475169E1,6.69696006638907093E0,6.00000000000000000E0));
#54=CARTESIAN_POINT('',(1.84775906502257357E1,7.65366864730179586E0,6.00000000000000000E0));
#55=CARTESIAN_POINT('',(1.84775906502257357E1,7.65366864730179586E0,3.50000000000000000E0));
#56=CARTESIAN_POINT('',(1.66945444503548757E1,5.42550814098595424E0,6.00000000000000000E0));
#57=CARTESIAN_POINT('',(1.90794793718341396E1,6.20058073255537590E0,6.00000000000000000E0));
#58=CARTESIAN_POINT('',(1.90794793718341396E1,6.20058073255537590E0,3.50000000000000000E0));
#59=CARTESIAN_POINT('',(1.77966977737846754E1,4.39522073576203010E0,6.00000000000000000E0));
#60=CARTESIAN_POINT('',(1.95379503018336997E1,4.69126931302570860E0,6.00000000000000000E0));
#61=CARTESIAN_POINT('',(1.95379503018336962E1,4.69126931302570860E0,4.25874747195097747E0));
#62=CARTESIAN_POINT('',(1.90872359619935885E1,3.14268218308152392E0,6.00000000000000000E0));
#63=CARTESIAN_POINT('',(1.98459834339445713E1,3.14268218308152392E0,6.00000000000000000E0));
#64=CARTESIAN_POINT('',(1.98459834339445678E1,3.14268218308152392E0,5.24125252804902342E0));
#65=CARTESIAN_POINT('',(2.00000000000000000E1,1.57281102526066241E0,6.00000000000000000E0));
#66=CARTESIAN_POINT('',(2.00000000000000000E1,1.57281102526066241E0,6.00000000000000000E0));
#67=CARTESIAN_POINT('',(2.00000000000000000E1,1.57281102526066241E0,6.00000000000000000E0));
#68=CARTESIAN_POINT('',(2.00000000000000000E1,0.00000000000000000E0,6.00000000000000000E0));
#69=CARTESIAN_POINT('',(2.00000000000000000E1,0.00000000000000000E0,6.00000000000000000E0));
#70=CARTESIAN_POINT('',(2.00000000000000000E1,0.00000000000000000E0,6.00000000000000000E0));
#71=(BOUNDED_SURFACE()B_SPLINE_SURFACE(5,2,((#53,#54,#55),(#56,#57,#58),(#59,#60,#61),(#62,#63,#64),(#65,#66,#67),(#68,#69,#70)),.UNSPECIFIED.,.F.,.F.,.F.)B_SPLINE_SURFACE_WITH_KNOTS((6,6),(3,3),(0.00000000000000000E0,1.00000000000000000E0),(0.00000000000000000E0,1.00000000000000000E0),.UNSPECIFIED.)GEOMETRIC_REPRESENTATION_ITEM()RATIONAL_B_SPLINE_SURFACE(((1.00000000000000000E0,7.07106781186547573E-1,1.00000000000000000E0),(9.92314112161292172E-1,7.01672037776358115E-1,9.92314112161292172E-1),(9.88471168241938258E-1,6.98954666071263331E-1,9.88471168241938258E-1),(9.88471168241938147E-1,6.98954666071263220E-1,9.88471168241938147E-1),(9.92314112161292172E-1,7.01672037776358115E-1,9.92314112161292172E-1),(1.00000000000000000E0,7.07106781186547573E-1,1.00000000000000000E0)))REPRESENTATION_ITEM('')SURFACE());
#72=CARTESIAN_POINT('',(-2.00000000000000000E1,-2.00000000000000000E1,6.00000000000000000E0));
#73=CARTESIAN_POINT('',(-2.00000000000000000E1,2.00000000000000000E1,6.00000000000000000E0));
#74=CARTESIAN_POINT('',(2.00000000000000000E1,-2.00000000000000000E1,6.00000000000000000E0));
#75=CARTESIAN_POINT('',(2.00000000000000000E1,2.00000000000000000E1,6.00000000000000000E0));
#76=B_SPLINE_SURFACE_WITH_KNOTS('',1,1,((#72,#73),(#74,#75)),.UNSPECIFIED.,.F.,.F.,.F.,(2,2),(2,2),(-2.00000000000000000E1,2.00000000000000000E1),(-2.00000000000000000E1,2.00000000000000000E1),.UNSPECIFIED.);
#77=CARTESIAN_POINT('',(2.00000000000000000E1,0.00000000000000000E0,0.00000000000000000E0));
#78=CARTESIAN_POINT('',(2.00000000000000000E1,0.00000000000000000E0,6.00000000000000000E0));
#79=CARTESIAN_POINT('',(2.00000000000000000E1,1.57281102526066241E0,0.00000000000000000E0));
#80=CARTESIAN_POINT('',(2.00000000000000000E1,1.57281102526066241E0,6.00000000000000000E0));
#81=CARTESIAN_POINT('',(1.98459834339445678E1,3.14268218308152392E0,0.00000000000000000E0));
#82=CARTESIAN_POINT('',(1.98459834339445678E1,3.14268218308152392E0,6.00000000000000000E0));
#83=CARTESIAN_POINT('',(1.95379503018336962E1,4.69126931302570860E0,0.00000000000000000E0));
#84=CARTESIAN_POINT('',(1.95379503018336962E1,4.69126931302570860E0,6.00000000000000000E0));
#85=CARTESIAN_POINT('',(1.90794793718341396E1,6.20058073255537590E0,0.00000000000000000E0));
#86=CARTESIAN_POINT('',(1.90794793718341396E1,6.20058073255537590E0,6.00000000000000000E0));
#87=CARTESIAN_POINT('',(1.84775906502257357E1,7.65366864730179586E0,0.00000000000000000E0));
#88=CARTESIAN_POINT('',(1.84775906502257357E1,7.65366864730179586E0,6.00000000000000000E0));
#89=(BOUNDED_SURFACE()B_SPLINE_SURFACE(5,1,((#77,#78),(#79,#80),(#81,#82),(#83,#84),(#85,#86),(#87,#88)),.UNSPECIFIED.,.F.,.F.,.F.)B_SPLINE_SURFACE_WITH_KNOTS((6,6),(2,2),(0.00000000000000000E0,1.00000000000000000E0),(0.00000000000000000E0,1.00000000000000000E0),.UNSPECIFIED.)GEOMETRIC_REPRESENTATION_ITEM()RATIONAL_B_SPLINE_SURFACE(((1.00000000000000000E0,1.00000000000000000E0),(9.92314112161292172E-1,9.92314112161292172E-1),(9.88471168241938147E-1,9.88471168241938147E-1),(9.88471168241938258E-1,9.88471168241938258E-1),(9.92314112161292172E-1,9.92314112161292172E-1),(1.00000000000000000E0,1.00000000000000000E0)))REPRESENTATION_ITEM('')SURFACE());
#90=CARTESIAN_POINT('',(4.61939766255643391E0,1.91341716182544919E0,0.00000000000000000E0));
#91=CARTESIAN_POINT('',(4.61939766255643391E0,1.91341716182544919E0,6.00000000000000000E0));
#92=CARTESIAN_POINT('',(4.76986984295853489E0,1.55014518313884397E0,0.00000000000000000E0));
#93=CARTESIAN_POINT('',(4.76986984295853489E0,1.55014518313884397E0,6.00000000000000000E0));
#94=CARTESIAN_POINT('',(4.88448757545842405E0,1.17281732825642715E0,0.00000000000000000E0));
#95=CARTESIAN_POINT('',(4.88448757545842405E0,1.17281732825642715E0,6.00000000000000000E0));
#96=CARTESIAN_POINT('',(4.96149585848614194E0,7.85670545770380979E-1,0.00000000000000000E0));
#97=CARTESIAN_POINT('',(4.96149585848614194E0,7.85670545770380979E-1,6.00000000000000000E0));
#98=CARTESIAN_POINT('',(5.00000000000000000E0,3.93202756315165602E-1,0.00000000000000000E0));
#99=CARTESIAN_POINT('',(5.00000000000000000E0,3.93202756315165602E-1,6.00000000000000000E0));
#100=CARTESIAN_POINT('',(5.00000000000000000E0,0.00000000000000000E0,0.00000000000000000E0));
#101=CARTESIAN_POINT('',(5.00000000000000000E0,0.00000000000000000E0,6.00000000000000000E0));
#102=(BOUNDED_SURFACE()B_SPLINE_SURFACE(5,1,((#90,#91),(#92,#93),(#94,#95),(#96,#97),(#98,#99),(#100,#101)),.UNSPECIFIED.,.F.,.F.,.F.)B_SPLINE_SURFACE_WITH_KNOTS((6,6),(2,2),(0.00000000000000000E0,1.00000000000000000E0),(0.00000000000000000E0,1.00000000000000000E0),.UNSPECIFIED.)GEOMETRIC_REPRESENTATION_ITEM()RATIONAL_B_SPLINE_SURFACE(((1.00000000000000000E0,1.00000000000000000E0),(9.92314112161292172E-1,9.92314112161292172E-1),(9.88471168241938258E-1,9.88471168241938258E-1),(9.88471168241938147E-1,9.88471168241938147E-1),(9.92314112161292172E-1,9.92314112161292172E-1),(1.00000000000000000E0,1.00000000000000000E0)))REPRESENTATION_ITEM('')SURFACE());
#103=CARTESIAN_POINT('',(2.00000000000000000E1,-2.00000000000000000E1,0.00000000000000000E0));
#104=CARTESIAN_POINT('',(2.00000000000000000E1,2.00000000000000000E1,0.00000000000000000E0));
#105=CARTESIAN_POINT('',(-2.00000000000000000E1,-2.00000000000000000E1,0.00000000000000000E0));
#106=CARTESIAN_POINT('',(-2.00000000000000000E1,2.00000000000000000E1,0.00000000000000000E0));
#107=B_SPLINE_SURFACE_WITH_KNOTS('',1,1,((#103,#104),(#105,#106)),.UNSPECIFIED.,.F.,.F.,.F.,(2,2),(2,2),(-2.00000000000000000E1,2.00000000000000000E1),(-2.00000000000000000E1,2.00000000000000000E1),.UNSPECIFIED.);
#108=CARTESIAN_POINT('',(6.69696006638907182E0,1.61678918189475169E1,6.00000000000000000E0));
#109=CARTESIAN_POINT('',(7.65366864730179675E0,1.84775906502257357E1,6.00000000000000000E0));
#110=CARTESIAN_POINT('',(7.65366864730179675E0,1.84775906502257357E1,3.50000000000000000E0));
#111=CARTESIAN_POINT('',(1.33939201327781419E1,1.33939201327781401E1,6.00000000000000000E0));
#112=CARTESIAN_POINT('',(1.53073372946035917E1,1.53073372946035882E1,6.00000000000000000E0));
#113=CARTESIAN_POINT('',(1.53073372946035917E1,1.53073372946035882E1,3.50000000000000000E0));
#114=CARTESIAN_POINT('',(1.61678918189475169E1,6.69696006638907093E0,6.00000000000000000E0));
#115=CARTESIAN_POINT('',(1.84775906502257357E1,7.65366864730179586E0,6.00000000000000000E0));
#116=CARTESIAN_POINT('',(1.84775906502257357E1,7.65366864730179586E0,3.50000000000000000E0));
#117=(BOUNDED_SURFACE()B_SPLINE_SURFACE(2,2,((#108,#109,#110),(#111,#112,#113),(#114,#115,#116)),.UNSPECIFIED.,.F.,.F.,.F.)B_SPLINE_SURFACE_WITH_KNOTS((3,3),(3,3),(0.00000000000000000E0,1.00000000000000000E0),(0.00000000000000000E0,1.00000000000000000E0),.UNSPECIFIED.)GEOMETRIC_REPRESENTATION_ITEM()RATIONAL_B_SPLINE_SURFACE(((1.00000000000000000E0,7.07106781186547573E-1,1.00000000000000000E0),(9.23879532511286738E-1,6.53281482438188288E-1,9.23879532511286738E-1),(1.00000000000000000E0,7.07106781186547573E-1,1.00000000000000000E0)))REPRESENTATION_ITEM('')SURFACE());
#118=CARTESIAN_POINT('',(1.84775906502257357E1,7.65366864730179586E0,0.00000000000000000E0));
#119=CARTESIAN_POINT('',(1.84775906502257357E1,7.65366864730179586E0,6.00000000000000000E0));
#120=CARTESIAN_POINT('',(1.53073372946035917E1,1.53073372946035899E1,0.00000000000000000E0));
#121=CARTESIAN_POINT('',(1.53073372946035917E1,1.53073372946035899E1,6.00000000000000000E0));
#122=CARTESIAN_POINT('',(7.65366864730179675E0,1.84775906502257357E1,0.00000000000000000E0));
#123=CARTESIAN_POINT('',(7.65366864730179675E0,1.84775906502257357E1,6.00000000000000000E0));
#124=(BOUNDED_SURFACE()B_SPLINE_SURFACE(2,1,((#118,#119),(#120,#121),(#122,#123)),.UNSPECIFIED.,.F.,.F.,.F.)B_SPLINE_SURFACE_WITH_KNOTS((3,3),(2,2),(0.00000000000000000E0,1.00000000000000000E0),(0.00000000000000000E0,1.00000000000000000E0),.UNSPECIFIED.)GEOMETRIC_REPRESENTATION_ITEM()RATIONAL_B_SPLINE_SURFACE(((1.00000000000000000E0,1.00000000000000000E0),(9.23879532511286738E-1,9.23879532511286738E-1),(1.00000000000000000E0,1.00000000000000000E0)))REPRESENTATION_ITEM('')SURFACE());
#125=CARTESIAN_POINT('',(1.91341716182544919E0,4.61939766255643391E0,0.00000000000000000E0));
#126=CARTESIAN_POINT('',(1.91341716182544919E0,4.61939766255643391E0,6.00000000000000000E0));
#127=CARTESIAN_POINT('',(3.82683432365089837E0,3.82683432365089748E0,0.00000000000000000E0));
#128=CARTESIAN_POINT('',(3.82683432365089837E0,3.82683432365089748E0,6.00000000000000000E0));
#129=CARTESIAN_POINT('',(4.61939766255643391E0,1.91341716182544919E0,0.00000000000000000E0));
#130=CARTESIAN_POINT('',(4.61939766255643391E0,1.91341716182544919E0,6.00000000000000000E0));
#131=(BOUNDED_SURFACE()B_SPLINE_SURFACE(2,1,((#125,#126),(#127,#128),(#129,#130)),.UNSPECIFIED.,.F.,.F.,.F.)B_SPLINE_SURFACE_WITH_KNOTS((3,3),(2,2),(0.00000000000000000E0,1.00000000000000000E0),(0.00000000000000000E0,1.00000000000000000E0),.UNSPECIFIED.)GEOMETRIC_REPRESENTATION_ITEM()RATIONAL_B_SPLINE_SURFACE(((1.00000000000000000E0,1.00000000000000000E0),(9.23879532511286738E-1,9.23879532511286738E-1),(1.00000000000000000E0,1.00000000000000000E0)))REPRESENTATION_ITEM('')SURFACE());
#132=CARTESIAN_POINT('',(0.00000000000000000E0,2.00000000000000000E1,6.00000000000000000E0));
#133=CARTESIAN_POINT('',(0.00000000000000000E0,2.00000000000000000E1,6.00000000000000000E0));
#134=CARTESIAN_POINT('',(0.00000000000000000E0,2.00000000000000000E1,6.00000000000000000E0));
#135=CARTESIAN_POINT('',(1.57281102526066308E0,2.00000000000000000E1,6.00000000000000000E0));
#136=CARTESIAN_POINT('',(1.57281102526066308E0,2.00000000000000000E1,6.00000000000000000E0));
#137=CARTESIAN_POINT('',(1.57281102526066308E0,2.00000000000000000E1,6.00000000000000000E0));
#138=CARTESIAN_POINT('',(3.14268218308152436E0,1.90872359619935885E1,6.00000000000000000E0));
#139=CARTESIAN_POINT('',(3.14268218308152480E0,1.98459834339445678E1,6.00000000000000000E0));
#140=CARTESIAN_POINT('',(3.14268218308152436E0,1.98459834339445642E1,5.24125252804902164E0));
#141=CARTESIAN_POINT('',(4.39522073576203098E0,1.77966977737846790E1,6.00000000000000000E0));
#142=CARTESIAN_POINT('',(4.69126931302571037E0,1.95379503018337033E1,6.00000000000000000E0));
#143=CARTESIAN_POINT('',(4.69126931302571037E0,1.95379503018336997E1,4.25874747195097836E0));
#144=CARTESIAN_POINT('',(5.42550814098595513E0,1.66945444503548757E1,6.00000000000000000E0));
#145=CARTESIAN_POINT('',(6.20058073255537767E0,1.90794793718341396E1,6.00000000000000000E0));
#146=CARTESIAN_POINT('',(6.20058073255537678E0,1.90794793718341396E1,3.50000000000000000E0));
#147=CARTESIAN_POINT('',(6.69696006638907182E0,1.61678918189475169E1,6.00000000000000000E0));
#148=CARTESIAN_POINT('',(7.65366864730179675E0,1.84775906502257357E1,6.00000000000000000E0));
#149=CARTESIAN_POINT('',(7.65366864730179675E0,1.84775906502257357E1,3.50000000000000000E0));
#150=(BOUNDED_SURFACE()B_SPLINE_SURFACE(5,2,((#132,#133,#134),(#135,#136,#137),(#138,#139,#140),(#141,#142,#143),(#144,#145,#146),(#147,#148,#149)),.UNSPECIFIED.,.F.,.F.,.F.)B_SPLINE_SURFACE_WITH_KNOTS((6,6),(3,3),(0.00000000000000000E0,1.00000000000000000E0),(0.00000000000000000E0,1.00000000000000000E0),.UNSPECIFIED.)GEOMETRIC_REPRESENTATION_ITEM()RATIONAL_B_SPLINE_SURFACE(((1.00000000000000000E0,7.07106781186547573E-1,1.00000000000000000E0),(9.92314112161292172E-1,7.01672037776358115E-1,9.92314112161292172E-1),(9.88471168241938258E-1,6.98954666071263331E-1,9.88471168241938258E-1),(9.88471168241938147E-1,6.98954666071263220E-1,9.88471168241938147E-1),(9.92314112161292172E-1,7.01672037776358115E-1,9.92314112161292172E-1),(1.00000000000000000E0,7.07106781186547573E-1,1.00000000000000000E0)))REPRESENTATION_ITEM('')SURFACE());
#151=CARTESIAN_POINT('',(7.65366864730179675E0,1.84775906502257357E1,0.00000000000000000E0));
#152=CARTESIAN_POINT('',(7.65366864730179675E0,1.84775906502257357E1,6.00000000000000000E0));
#153=CARTESIAN_POINT('',(6.20058073255537678E0,1.90794793718341396E1,0.00000000000000000E0));
#154=CARTESIAN_POINT('',(6.20058073255537678E0,1.90794793718341396E1,6.00000000000000000E0));
#155=CARTESIAN_POINT('',(4.69126931302571037E0,1.95379503018336997E1,0.00000000000000000E0));
#156=CARTESIAN_POINT('',(4.69126931302571037E0,1.95379503018336997E1,6.00000000000000000E0));
#157=CARTESIAN_POINT('',(3.14268218308152436E0,1.98459834339445642E1,0.00000000000000000E0));
#158=CARTESIAN_POINT('',(3.14268218308152436E0,1.98459834339445642E1,6.00000000000000000E0));
#159=CARTESIAN_POINT('',(1.57281102526066308E0,2.00000000000000000E1,0.00000000000000000E0));
#160=CARTESIAN_POINT('',(1.57281102526066308E0,2.00000000000000000E1,6.00000000000000000E0));
#161=CARTESIAN_POINT('',(0.00000000000000000E0,2.00000000000000000E1,0.00000000000000000E0));
#162=CARTESIAN_POINT('',(0.00000000000000000E0,2.00000000000000000E1,6.00000000000000000E0));
#163=(BOUNDED_SURFACE()B_SPLINE_SURFACE(5,1,((#151,#152),(#153,#154),(#155,#156),(#157,#158),(#159,#160),(#161,#162)),.UNSPECIFIED.,.F.,.F.,.F.)B_SPLINE_SURFACE_WITH_KNOTS((6,6),(2,2),(0.00000000000000000E0,1.00000000000000000E0),(0.00000000000000000E0,1.00000000000000000E0),.UNSPECIFIED.)GEOMETRIC_REPRESENTATION_ITEM()RATIONAL_B_SPLINE_SURFACE(((1.00000000000000000E0,1.00000000000000000E0),(9.92314112161292172E-1,9.92314112161292172E-1),(9.88471168241938147E-1,9.88471168241938147E-1),(9.88471168241938258E-1,9.88471168241938258E-1),(9.92314112161292172E-1,9.92314112161292172E-1),(1.00000000000000000E0,1.00000000000000000E0)))REPRESENTATION_ITEM('')SURFACE());
#164=CARTESIAN_POINT('',(0.00000000000000000E0,5.00000000000000000E0,0.00000000000000000E0));
#165=CARTESIAN_POINT('',(0.00000000000000000E0,5.00000000000000000E0,6.00000000000000000E0));
#166=CARTESIAN_POINT('',(3.93202756315165769E-1,5.00000000000000000E0,0.00000000000000000E0));
#167=CARTESIAN_POINT('',(3.93202756315165769E-1,5.00000000000000000E0,6.00000000000000000E0));
#168=CARTESIAN_POINT('',(7.85670545770381090E-1,4.96149585848614105E0,0.00000000000000000E0));
#169=CARTESIAN_POINT('',(7.85670545770381090E-1,4.96149585848614105E0,6.00000000000000000E0));
#170=CARTESIAN_POINT('',(1.17281732825642759E0,4.88448757545842493E0,0.00000000000000000E0));
#171=CARTESIAN_POINT('',(1.17281732825642759E0,4.88448757545842493E0,6.00000000000000000E0));
#172=CARTESIAN_POINT('',(1.55014518313884420E0,4.76986984295853489E0,0.00000000000000000E0));
#173=CARTESIAN_POINT('',(1.55014518313884420E0,4.76986984295853489E0,6.00000000000000000E0));
#174=CARTESIAN_POINT('',(1.91341716182544919E0,4.61939766255643391E0,0.00000000000000000E0));
#175=CARTESIAN_POINT('',(1.91341716182544919E0,4.61939766255643391E0,6.00000000000000000E0));
#176=(BOUNDED_SURFACE()B_SPLINE_SURFACE(5,1,((#164,#165),(#166,#167),(#168,#169),(#170,#171),(#172,#173),(#174,#175)),.UNSPECIFIED.,.F.,.F.,.F.)B_SPLINE_SURFACE_WITH_KNOTS((6,6),(2,2),(0.00000000000000000E0,1.00000000000000000E0),(0.00000000000000000E0,1.00000000000000000E0),.UNSPECIFIED.)GEOMETRIC_REPRESENTATION_ITEM()RATIONAL_B_SPLINE_SURFACE(((1.00000000000000000E0,1.00000000000000000E0),(9.92314112161292172E-1,9.92314112161292172E-1),(9.88471168241938258E-1,9.88471168241938258E-1),(9.88471168241938147E-1,9.88471168241938147E-1),(9.92314112161292172E-1,9.92314112161292172E-1),(1.00000000000000000E0,1.00000000000000000E0)))REPRESENTATION_ITEM('')SURFACE());
#177=CARTESIAN_POINT('',(0.00000000000000000E0,2.00000000000000000E1,0.00000000000000000E0));
#178=CARTESIAN_POINT('',(0.00000000000000000E0,2.00000000000000000E1,6.00000000000000000E0));
#179=CARTESIAN_POINT('',(-1.99999999999999964E1,2.00000000000000000E1,0.00000000000000000E0));
#180=CARTESIAN_POINT('',(-1.99999999999999964E1,2.00000000000000000E1,6.00000000000000000E0));
#181=CARTESIAN_POINT('',(-2.00000000000000000E1,0.00000000000000000E0,0.00000000000000000E0));
#182=CARTESIAN_POINT('',(-2.00000000000000000E1,0.00000000000000000E0,6.00000000000000000E0));
#183=(BOUNDED_SURFACE()B_SPLINE_SURFACE(2,1,((#177,#178),(#179,#180),(#181,#182)),.UNSPECIFIED.,.F.,.F.,.F.)B_SPLINE_SURFACE_WITH_KNOTS((3,3),(2,2),(0.00000000000000000E0,1.00000000000000000E0),(0.00000000000000000E0,1.00000000000000000E0),.UNSPECIFIED.)GEOMETRIC_REPRESENTATION_ITEM()RATIONAL_B_SPLINE_SURFACE(((1.00000000000000000E0,1.00000000000000000E0),(7.07106781186547573E-1,7.07106781186547573E-1),(1.00000000000000000E0,1.00000000000000000E0)))REPRESENTATION_ITEM('')SURFACE());
#184=CARTESIAN_POINT('',(-5.00000000000000000E0,0.00000000000000000E0,0.00000000000000000E0));
#185=CARTESIAN_POINT('',(-5.00000000000000000E0,0.00000000000000000E0,6.00000000000000000E0));
#186=CARTESIAN_POINT('',(-4.99999999999999911E0,5.00000000000000000E0,0.00000000000000000E0));
#187=CARTESIAN_POINT('',(-4.99999999999999911E0,5.00000000000000000E0,6.00000000000000000E0));
#188=CARTESIAN_POINT('',(0.00000000000000000E0,5.00000000000000000E0,0.00000000000000000E0));
#189=CARTESIAN_POINT('',(0.00000000000000000E0,5.00000000000000000E0,6.00000000000000000E0));
#190=(BOUNDED_SURFACE()B_SPLINE_SURFACE(2,1,((#184,#185),(#186,#187),(#188,#189)),.UNSPECIFIED.,.F.,.F.,.F.)B_SPLINE_SURFACE_WITH_KNOTS((3,3),(2,2),(0.00000000000000000E0,1.00000000000000000E0),(0.00000000000000000E0,1.00000000000000000E0),.UNSPECIFIED.)GEOMETRIC_REPRESENTATION_ITEM()RATIONAL_B_SPLINE_SURFACE(((1.00000000000000000E0,1.00000000000000000E0),(7.07106781186547573E-1,7.07106781186547573E-1),(1.00000000000000000E0,1.00000000000000000E0)))REPRESENTATION_ITEM('')SURFACE());
#191=CARTESIAN_POINT('',(-2.00000000000000000E1,0.00000000000000000E0,0.00000000000000000E0));
#192=CARTESIAN_POINT('',(-2.00000000000000000E1,0.00000000000000000E0,6.00000000000000000E0));
#193=CARTESIAN_POINT('',(-2.00000000000000036E1,-1.99999999999999964E1,0.00000000000000000E0));
#194=CARTESIAN_POINT('',(-2.00000000000000036E1,-1.99999999999999964E1,6.00000000000000000E0));
#195=CARTESIAN_POINT('',(0.00000000000000000E0,-2.00000000000000000E1,0.00000000000000000E0));
#196=CARTESIAN_POINT('',(0.00000000000000000E0,-2.00000000000000000E1,6.00000000000000000E0));
#197=(BOUNDED_SURFACE()B_SPLINE_SURFACE(2,1,((#191,#192),(#193,#194),(#195,#196)),.UNSPECIFIED.,.F.,.F.,.F.)B_SPLINE_SURFACE_WITH_KNOTS((3,3),(2,2),(0.00000000000000000E0,1.00000000000000000E0),(0.00000000000000000E0,1.00000000000000000E0),.UNSPECIFIED.)GEOMETRIC_REPRESENTATION_ITEM()RATIONAL_B_SPLINE_SURFACE(((1.00000000000000000E0,1.00000000000000000E0),(7.07106781186547573E-1,7.07106781186547573E-1),(1.00000000000000000E0,1.00000000000000000E0)))REPRESENTATION_ITEM('')SURFACE());
#198=CARTESIAN_POINT('',(0.00000000000000000E0,-5.00000000000000000E0,0.00000000000000000E0));
#199=CARTESIAN_POINT('',(0.00000000000000000E0,-5.00000000000000000E0,6.00000000000000000E0));
#200=CARTESIAN_POINT('',(-5.00000000000000089E0,-4.99999999999999911E0,0.00000000000000000E0));
#201=CARTESIAN_POINT('',(-5.00000000000000089E0,-4.99999999999999911E0,6.00000000000000000E0));
#202=CARTESIAN_POINT('',(-5.00000000000000000E0,0.00000000000000000E0,0.00000000000000000E0));
#203=CARTESIAN_POINT('',(-5.00000000000000000E0,0.00000000000000000E0,6.00000000000000000E0));
#204=(BOUNDED_SURFACE()B_SPLINE_SURFACE(2,1,((#198,#199),(#200,#201),(#202,#203)),.UNSPECIFIED.,.F.,.F.,.F.)B_SPLINE_SURFACE_WITH_KNOTS((3,3),(2,2),(0.00000000000000000E0,1.00000000000000000E0),(0.00000000000000000E0,1.00000000000000000E0),.UNSPECIFIED.)GEOMETRIC_REPRESENTATION_ITEM()RATIONAL_B_SPLINE_SURFACE(((1.00000000000000000E0,1.00000000000000000E0),(7.07106781186547573E-1,7.07106781186547573E-1),(1.00000000000000000E0,1.00000000000000000E0)))REPRESENTATION_ITEM('')SURFACE());
#205=CARTESIAN_POINT('',(0.00000000000000000E0,-2.00000000000000000E1,0.00000000000000000E0));
#206=CARTESIAN_POINT('',(0.00000000000000000E0,-2.00000000000000000E1,6.00000000000000000E0));
#207=CARTESIAN_POINT('',(1.99999999999999929E1,-2.00000000000000036E1,0.00000000000000000E0));
#208=CARTESIAN_POINT('',(1.99999999999999929E1,-2.00000000000000036E1,6.00000000000000000E0));
#209=CARTESIAN_POINT('',(2.00000000000000000E1,0.00000000000000000E0,0.00000000000000000E0));
#210=CARTESIAN_POINT('',(2.00000000000000000E1,0.00000000000000000E0,6.00000000000000000E0));
#211=(BOUNDED_SURFACE()B_SPLINE_SURFACE(2,1,((#205,#206),(#207,#208),(#209,#210)),.UNSPECIFIED.,.F.,.F.,.F.)B_SPLINE_SURFACE_WITH_KNOTS((3,3),(2,2),(0.00000000000000000E0,1.00000000000000000E0),(0.00000000000000000E0,1.00000000000000000E0),.UNSPECIFIED.)GEOMETRIC_REPRESENTATION_ITEM()RATIONAL_B_SPLINE_SURFACE(((1.00000000000000000E0,1.00000000000000000E0),(7.07106781186547573E-1,7.07106781186547573E-1),(1.00000000000000000E0,1.00000000000000000E0)))REPRESENTATION_ITEM('')SURFACE());
#212=CARTESIAN_POINT('',(5.00000000000000000E0,0.00000000000000000E0,0.00000000000000000E0));
#213=CARTESIAN_POINT('',(5.00000000000000000E0,0.00000000000000000E0,6.00000000000000000E0));
#214=CARTESIAN_POINT('',(4.99999999999999822E0,-5.00000000000000089E0,0.00000000000000000E0));
#215=CARTESIAN_POINT('',(4.99999999999999822E0,-5.00000000000000089E0,6.00000000000000000E0));
#216=CARTESIAN_POINT('',(0.00000000000000000E0,-5.00000000000000000E0,0.00000000000000000E0));
#217=CARTESIAN_POINT('',(0.00000000000000000E0,-5.00000000000000000E0,6.00000000000000000E0));
#218=(BOUNDED_SURFACE()B_SPLINE_SURFACE(2,1,((#212,#213),(#214,#215),(#216,#217)),.UNSPECIFIED.,.F.,.F.,.F.)B_SPLINE_SURFACE_WITH_KNOTS((3,3),(2,2),(0.00000000000000000E0,1.00000000000000000E0),(0.00000000000000000E0,1.00000000000000000E0),.UNSPECIFIED.)GEOMETRIC_REPRESENTATION_ITEM()RATIONAL_B_SPLINE_SURFACE(((1.00000000000000000E0,1.00000000000000000E0),(7.07106781186547573E-1,7.07106781186547573E-1),(1.00000000000000000E0,1.00000000000000000E0)))REPRESENTATION_ITEM('')SURFACE());
#219=CARTESIAN_POINT('',(2.00000000000000000E1,0.00000000000000000E0,6.00000000000000000E0));
#220=CARTESIAN_POINT('',(2.00000000000000000E1,1.57281102526066241E0,6.00000000000000000E0));
#221=CARTESIAN_POINT('',(1.90872359619935885E1,3.14268218308152392E0,6.00000000000000000E0));
#222=CARTESIAN_POINT('',(1.77966977737846754E1,4.39522073576203010E0,6.00000000000000000E0));
#223=CARTESIAN_POINT('',(1.66945444503548757E1,5.42550814098595424E0,6.00000000000000000E0));
#224=CARTESIAN_POINT('',(1.61678918189475169E1,6.69696006638907093E0,6.00000000000000000E0));
#225=(BOUNDED_CURVE()B_SPLINE_CURVE(5,(#219,#220,#221,#222,#223,#224),.UNSPECIFIED.,.F.,.F.)B_SPLINE_CURVE_WITH_KNOTS((6,6),(0.00000000000000000E0,1.00000000000000000E0),.UNSPECIFIED.)CURVE()GEOMETRIC_REPRESENTATION_ITEM()RATIONAL_B_SPLINE_CURVE((1.00000000000000000E0,9.92314112161292172E-1,9.88471168241938147E-1,9.88471168241938258E-1,9.92314112161292172E-1,1.00000000000000000E0))REPRESENTATION_ITEM(''));
#226=CARTESIAN_POINT('',(1.61678918189475169E1,6.69696006638907093E0,6.00000000000000000E0));
#227=CARTESIAN_POINT('',(1.84775906502257357E1,7.65366864730179586E0,6.00000000000000000E0));
#228=CARTESIAN_POINT('',(1.84775906502257357E1,7.65366864730179586E0,3.50000000000000000E0));
#229=(BOUNDED_CURVE()B_SPLINE_CURVE(2,(#226,#227,#228),.UNSPECIFIED.,.F.,.F.)B_SPLINE_CURVE_WITH_KNOTS((3,3),(0.00000000000000000E0,1.00000000000000000E0),.UNSPECIFIED.)CURVE()GEOMETRIC_REPRESENTATION_ITEM()RATIONAL_B_SPLINE_CURVE((1.00000000000000000E0,7.07106781186547573E-1,1.00000000000000000E0))REPRESENTATION_ITEM(''));
#230=CARTESIAN_POINT('',(1.84775906502257357E1,7.65366864730179586E0,3.50000000000000000E0));
#231=CARTESIAN_POINT('',(1.90794793718341396E1,6.20058073255537590E0,3.50000000000000000E0));
#232=CARTESIAN_POINT('',(1.95379503018336962E1,4.69126931302570860E0,4.25874747195097747E0));
#233=CARTESIAN_POINT('',(1.98459834339445678E1,3.14268218308152392E0,5.24125252804902342E0));
#234=CARTESIAN_POINT('',(2.00000000000000000E1,1.57281102526066241E0,6.00000000000000000E0));
#235=CARTESIAN_POINT('',(2.00000000000000000E1,0.00000000000000000E0,6.00000000000000000E0));
#236=(BOUNDED_CURVE()B_SPLINE_CURVE(5,(#230,#231,#232,#233,#234,#235),.UNSPECIFIED.,.F.,.F.)B_SPLINE_CURVE_WITH_KNOTS((6,6),(0.00000000000000000E0,1.00000000000000000E0),.UNSPECIFIED.)CURVE()GEOMETRIC_REPRESENTATION_ITEM()RATIONAL_B_SPLINE_CURVE((1.00000000000000000E0,9.92314112161292172E-1,9.88471168241938258E-1,9.88471168241938147E-1,9.92314112161292172E-1,1.00000000000000000E0))REPRESENTATION_ITEM(''));
#237=CARTESIAN_POINT('',(2.00000000000000000E1,0.00000000000000000E0,6.00000000000000000E0));
#238=CARTESIAN_POINT('',(2.00000000000000000E1,0.00000000000000000E0,6.00000000000000000E0));
#239=CARTESIAN_POINT('',(2.00000000000000000E1,0.00000000000000000E0,6.00000000000000000E0));
#240=(BOUNDED_CURVE()B_SPLINE_CURVE(2,(#237,#238,#239),.UNSPECIFIED.,.F.,.F.)B_SPLINE_CURVE_WITH_KNOTS((3,3),(0.00000000000000000E0,1.00000000000000000E0),.UNSPECIFIED.)CURVE()GEOMETRIC_REPRESENTATION_ITEM()RATIONAL_B_SPLINE_CURVE((1.00000000000000000E0,7.07106781186547573E-1,1.00000000000000000E0))REPRESENTATION_ITEM(''));
#241=CARTESIAN_POINT('',(1.61678918189475169E1,6.69696006638907093E0,6.00000000000000000E0));
#242=CARTESIAN_POINT('',(4.61939766255643391E0,1.91341716182544919E0,6.00000000000000000E0));
#243=B_SPLINE_CURVE_WITH_KNOTS('',1,(#241,#242),.UNSPECIFIED.,.F.,.F.,(2,2),(0.00000000000000000E0,1.00000000000000000E0),.UNSPECIFIED.);
#244=CARTESIAN_POINT('',(4.61939766255643391E0,1.91341716182544919E0,6.00000000000000000E0));
#245=CARTESIAN_POINT('',(4.76986984295853489E0,1.55014518313884397E0,6.00000000000000000E0));
#246=CARTESIAN_POINT('',(4.88448757545842405E0,1.17281732825642715E0,6.00000000000000000E0));
#247=CARTESIAN_POINT('',(4.96149585848614194E0,7.85670545770380979E-1,6.00000000000000000E0));
#248=CARTESIAN_POINT('',(5.00000000000000000E0,3.93202756315165602E-1,6.00000000000000000E0));
#249=CARTESIAN_POINT('',(5.00000000000000000E0,0.00000000000000000E0,6.00000000000000000E0));
#250=(BOUNDED_CURVE()B_SPLINE_CURVE(5,(#244,#245,#246,#247,#248,#249),.UNSPECIFIED.,.F.,.F.)B_SPLINE_CURVE_WITH_KNOTS((6,6),(0.00000000000000000E0,1.00000000000000000E0),.UNSPECIFIED.)CURVE()GEOMETRIC_REPRESENTATION_ITEM()RATIONAL_B_SPLINE_CURVE((1.00000000000000000E0,9.92314112161292172E-1,9.88471168241938258E-1,9.88471168241938147E-1,9.92314112161292172E-1,1.00000000000000000E0))REPRESENTATION_ITEM(''));
#251=CARTESIAN_POINT('',(5.00000000000000000E0,0.00000000000000000E0,6.00000000000000000E0));
#252=CARTESIAN_POINT('',(2.00000000000000000E1,0.00000000000000000E0,6.00000000000000000E0));
#253=B_SPLINE_CURVE_WITH_KNOTS('',1,(#251,#252),.UNSPECIFIED.,.F.,.F.,(2,2),(0.00000000000000000E0,1.00000000000000000E0),.UNSPECIFIED.);
#254=CARTESIAN_POINT('',(2.00000000000000000E1,0.00000000000000000E0,0.00000000000000000E0));
#255=CARTESIAN_POINT('',(2.00000000000000000E1,1.57281102526066241E0,0.00000000000000000E0));
#256=CARTESIAN_POINT('',(1.98459834339445678E1,3.14268218308152392E0,0.00000000000000000E0));
#257=CARTESIAN_POINT('',(1.95379503018336962E1,4.69126931302570860E0,0.00000000000000000E0));
#258=CARTESIAN_POINT('',(1.90794793718341396E1,6.20058073255537590E0,0.00000000000000000E0));
#259=CARTESIAN_POINT('',(1.84775906502257357E1,7.65366864730179586E0,0.00000000000000000E0));
#260=(BOUNDED_CURVE()B_SPLINE_CURVE(5,(#254,#255,#256,#257,#258,#259),.UNSPECIFIED.,.F.,.F.)B_SPLINE_CURVE_WITH_KNOTS((6,6),(0.00000000000000000E0,1.00000000000000000E0),.UNSPECIFIED.)CURVE()GEOMETRIC_REPRESENTATION_ITEM()RATIONAL_B_SPLINE_CURVE((1.00000000000000000E0,9.92314112161292172E-1,9.88471168241938147E-1,9.88471168241938258E-1,9.92314112161292172E-1,1.00000000000000000E0))REPRESENTATION_ITEM(''));
#261=CARTESIAN_POINT('',(1.84775906502257357E1,7.65366864730179586E0,0.00000000000000000E0));
#262=CARTESIAN_POINT('',(1.84775906502257357E1,7.65366864730179586E0,3.50000000000000000E0));
#263=B_SPLINE_CURVE_WITH_KNOTS('',1,(#261,#262),.UNSPECIFIED.,.F.,.F.,(2,2),(0.00000000000000000E0,1.00000000000000000E0),.UNSPECIFIED.);
#264=CARTESIAN_POINT('',(2.00000000000000000E1,0.00000000000000000E0,6.00000000000000000E0));
#265=CARTESIAN_POINT('',(2.00000000000000000E1,0.00000000000000000E0,0.00000000000000000E0));
#266=B_SPLINE_CURVE_WITH_KNOTS('',1,(#264,#265),.UNSPECIFIED.,.F.,.F.,(2,2),(0.00000000000000000E0,1.00000000000000000E0),.UNSPECIFIED.);
#267=CARTESIAN_POINT('',(5.00000000000000000E0,0.00000000000000000E0,0.00000000000000000E0));
#268=CARTESIAN_POINT('',(5.00000000000000000E0,3.93202756315165602E-1,0.00000000000000000E0));
#269=CARTESIAN_POINT('',(4.96149585848614194E0,7.85670545770380979E-1,0.00000000000000000E0));
#270=CARTESIAN_POINT('',(4.88448757545842405E0,1.17281732825642715E0,0.00000000000000000E0));
#271=CARTESIAN_POINT('',(4.76986984295853489E0,1.55014518313884397E0,0.00000000000000000E0));
#272=CARTESIAN_POINT('',(4.61939766255643391E0,1.91341716182544919E0,0.00000000000000000E0));
#273=(BOUNDED_CURVE()B_SPLINE_CURVE(5,(#267,#268,#269,#270,#271,#272),.UNSPECIFIED.,.F.,.F.)B_SPLINE_CURVE_WITH_KNOTS((6,6),(0.00000000000000000E0,1.00000000000000000E0),.UNSPECIFIED.)CURVE()GEOMETRIC_REPRESENTATION_ITEM()RATIONAL_B_SPLINE_CURVE((1.00000000000000000E0,9.92314112161292172E-1,9.88471168241938147E-1,9.88471168241938258E-1,9.92314112161292172E-1,1.00000000000000000E0))REPRESENTATION_ITEM(''));
#274=CARTESIAN_POINT('',(4.61939766255643391E0,1.91341716182544919E0,0.00000000000000000E0));
#275=CARTESIAN_POINT('',(4.61939766255643391E0,1.91341716182544919E0,6.00000000000000000E0));
#276=B_SPLINE_CURVE_WITH_KNOTS('',1,(#274,#275),.UNSPECIFIED.,.F.,.F.,(2,2),(0.00000000000000000E0,1.00000000000000000E0),.UNSPECIFIED.);
#277=CARTESIAN_POINT('',(5.00000000000000000E0,0.00000000000000000E0,6.00000000000000000E0));
#278=CARTESIAN_POINT('',(5.00000000000000000E0,0.00000000000000000E0,0.00000000000000000E0));
#279=B_SPLINE_CURVE_WITH_KNOTS('',1,(#277,#278),.UNSPECIFIED.,.F.,.F.,(2,2),(0.00000000000000000E0,1.00000000000000000E0),.UNSPECIFIED.);
#280=CARTESIAN_POINT('',(1.84775906502257357E1,7.65366864730179586E0,0.00000000000000000E0));
#281=CARTESIAN_POINT('',(4.61939766255643391E0,1.91341716182544919E0,0.00000000000000000E0));
#282=B_SPLINE_CURVE_WITH_KNOTS('',1,(#280,#281),.UNSPECIFIED.,.F.,.F.,(2,2),(0.00000000000000000E0,1.00000000000000000E0),.UNSPECIFIED.);
#283=CARTESIAN_POINT('',(5.00000000000000000E0,0.00000000000000000E0,0.00000000000000000E0));
#284=CARTESIAN_POINT('',(2.00000000000000000E1,0.00000000000000000E0,0.00000000000000000E0));
#285=B_SPLINE_CURVE_WITH_KNOTS('',1,(#283,#284),.UNSPECIFIED.,.F.,.F.,(2,2),(0.00000000000000000E0,1.00000000000000000E0),.UNSPECIFIED.);
#286=CARTESIAN_POINT('',(1.61678918189475169E1,6.69696006638907093E0,6.00000000000000000E0));
#287=CARTESIAN_POINT('',(1.33939201327781436E1,1.33939201327781401E1,6.00000000000000000E0));
#288=CARTESIAN_POINT('',(6.69696006638907182E0,1.61678918189475169E1,6.00000000000000000E0));
#289=(BOUNDED_CURVE()B_SPLINE_CURVE(2,(#286,#287,#288),.UNSPECIFIED.,.F.,.F.)B_SPLINE_CURVE_WITH_KNOTS((3,3),(0.00000000000000000E0,1.00000000000000000E0),.UNSPECIFIED.)CURVE()GEOMETRIC_REPRESENTATION_ITEM()RATIONAL_B_SPLINE_CURVE((1.00000000000000000E0,9.23879532511286738E-1,1.00000000000000000E0))REPRESENTATION_ITEM(''));
#290=CARTESIAN_POINT('',(6.69696006638907182E0,1.61678918189475169E1,6.00000000000000000E0));
#291=CARTESIAN_POINT('',(7.65366864730179675E0,1.84775906502257357E1,6.00000000000000000E0));
#292=CARTESIAN_POINT('',(7.65366864730179675E0,1.84775906502257357E1,3.50000000000000000E0));
#293=(BOUNDED_CURVE()B_SPLINE_CURVE(2,(#290,#291,#292),.UNSPECIFIED.,.F.,.F.)B_SPLINE_CURVE_WITH_KNOTS((3,3),(0.00000000000000000E0,1.00000000000000000E0),.UNSPECIFIED.)CURVE()GEOMETRIC_REPRESENTATION_ITEM()RATIONAL_B_SPLINE_CURVE((1.00000000000000000E0,7.07106781186547573E-1,1.00000000000000000E0))REPRESENTATION_ITEM(''));
#294=CARTESIAN_POINT('',(7.65366864730179675E0,1.84775906502257357E1,3.50000000000000000E0));
#295=CARTESIAN_POINT('',(1.53073372946035917E1,1.53073372946035899E1,3.50000000000000000E0));
#296=CARTESIAN_POINT('',(1.84775906502257357E1,7.65366864730179586E0,3.50000000000000000E0));
#297=(BOUNDED_CURVE()B_SPLINE_CURVE(2,(#294,#295,#296),.UNSPECIFIED.,.F.,.F.)B_SPLINE_CURVE_WITH_KNOTS((3,3),(0.00000000000000000E0,1.00000000000000000E0),.UNSPECIFIED.)CURVE()GEOMETRIC_REPRESENTATION_ITEM()RATIONAL_B_SPLINE_CURVE((1.00000000000000000E0,9.23879532511286738E-1,1.00000000000000000E0))REPRESENTATION_ITEM(''));
#298=CARTESIAN_POINT('',(6.69696006638907182E0,1.61678918189475169E1,6.00000000000000000E0));
#299=CARTESIAN_POINT('',(1.91341716182544919E0,4.61939766255643391E0,6.00000000000000000E0));
#300=B_SPLINE_CURVE_WITH_KNOTS('',1,(#298,#299),.UNSPECIFIED.,.F.,.F.,(2,2),(0.00000000000000000E0,1.00000000000000000E0),.UNSPECIFIED.);
#301=CARTESIAN_POINT('',(1.91341716182544919E0,4.61939766255643391E0,6.00000000000000000E0));
#302=CARTESIAN_POINT('',(3.82683432365089837E0,3.82683432365089748E0,6.00000000000000000E0));
#303=CARTESIAN_POINT('',(4.61939766255643391E0,1.91341716182544919E0,6.00000000000000000E0));
#304=(BOUNDED_CURVE()B_SPLINE_CURVE(2,(#301,#302,#303),.UNSPECIFIED.,.F.,.F.)B_SPLINE_CURVE_WITH_KNOTS((3,3),(0.00000000000000000E0,1.00000000000000000E0),.UNSPECIFIED.)CURVE()GEOMETRIC_REPRESENTATION_ITEM()RATIONAL_B_SPLINE_CURVE((1.00000000000000000E0,9.23879532511286738E-1,1.00000000000000000E0))REPRESENTATION_ITEM(''));
#305=CARTESIAN_POINT('',(1.84775906502257357E1,7.65366864730179586E0,0.00000000000000000E0));
#306=CARTESIAN_POINT('',(1.53073372946035917E1,1.53073372946035899E1,0.00000000000000000E0));
#307=CARTESIAN_POINT('',(7.65366864730179675E0,1.84775906502257357E1,0.00000000000000000E0));
#308=(BOUNDED_CURVE()B_SPLINE_CURVE(2,(#305,#306,#307),.UNSPECIFIED.,.F.,.F.)B_SPLINE_CURVE_WITH_KNOTS((3,3),(0.00000000000000000E0,1.00000000000000000E0),.UNSPECIFIED.)CURVE()GEOMETRIC_REPRESENTATION_ITEM()RATIONAL_B_SPLINE_CURVE((1.00000000000000000E0,9.23879532511286738E-1,1.00000000000000000E0))REPRESENTATION_ITEM(''));
#309=CARTESIAN_POINT('',(7.65366864730179675E0,1.84775906502257357E1,0.00000000000000000E0));
#310=CARTESIAN_POINT('',(7.65366864730179675E0,1.84775906502257357E1,3.50000000000000000E0));
#311=B_SPLINE_CURVE_WITH_KNOTS('',1,(#309,#310),.UNSPECIFIED.,.F.,.F.,(2,2),(0.00000000000000000E0,1.00000000000000000E0),.UNSPECIFIED.);
#312=CARTESIAN_POINT('',(4.61939766255643391E0,1.91341716182544919E0,0.00000000000000000E0));
#313=CARTESIAN_POINT('',(3.82683432365089837E0,3.82683432365089748E0,0.00000000000000000E0));
#314=CARTESIAN_POINT('',(1.91341716182544919E0,4.61939766255643391E0,0.00000000000000000E0));
#315=(BOUNDED_CURVE()B_SPLINE_CURVE(2,(#312,#313,#314),.UNSPECIFIED.,.F.,.F.)B_SPLINE_CURVE_WITH_KNOTS((3,3),(0.00000000000000000E0,1.00000000000000000E0),.UNSPECIFIED.)CURVE()GEOMETRIC_REPRESENTATION_ITEM()RATIONAL_B_SPLINE_CURVE((1.00000000000000000E0,9.23879532511286738E-1,1.00000000000000000E0))REPRESENTATION_ITEM(''));
#316=CARTESIAN_POINT('',(1.91341716182544919E0,4.61939766255643391E0,0.00000000000000000E0));
#317=CARTESIAN_POINT('',(1.91341716182544919E0,4.61939766255643391E0,6.00000000000000000E0));
#318=B_SPLINE_CURVE_WITH_KNOTS('',1,(#316,#317),.UNSPECIFIED.,.F.,.F.,(2,2),(0.00000000000000000E0,1.00000000000000000E0),.UNSPECIFIED.);
#319=CARTESIAN_POINT('',(7.65366864730179675E0,1.84775906502257357E1,0.00000000000000000E0));
#320=CARTESIAN_POINT('',(1.91341716182544919E0,4.61939766255643391E0,0.00000000000000000E0));
#321=B_SPLINE_CURVE_WITH_KNOTS('',1,(#319,#320),.UNSPECIFIED.,.F.,.F.,(2,2),(0.00000000000000000E0,1.00000000000000000E0),.UNSPECIFIED.);
#322=CARTESIAN_POINT('',(6.69696006638907182E0,1.61678918189475169E1,6.00000000000000000E0));
#323=CARTESIAN_POINT('',(5.42550814098595513E0,1.66945444503548757E1,6.00000000000000000E0));
#324=CARTESIAN_POINT('',(4.39522073576203098E0,1.77966977737846790E1,6.00000000000000000E0));
#325=CARTESIAN_POINT('',(3.14268218308152436E0,1.90872359619935885E1,6.00000000000000000E0));
#326=CARTESIAN_POINT('',(1.57281102526066308E0,2.00000000000000000E1,6.00000000000000000E0));
#327=CARTESIAN_POINT('',(0.00000000000000000E0,2.00000000000000000E1,6.00000000000000000E0));
#328=(BOUNDED_CURVE()B_SPLINE_CURVE(5,(#322,#323,#324,#325,#326,#327),.UNSPECIFIED.,.F.,.F.)B_SPLINE_CURVE_WITH_KNOTS((6,6),(0.00000000000000000E0,1.00000000000000000E0),.UNSPECIFIED.)CURVE()GEOMETRIC_REPRESENTATION_ITEM()RATIONAL_B_SPLINE_CURVE((1.00000000000000000E0,9.92314112161292172E-1,9.88471168241938147E-1,9.88471168241938258E-1,9.92314112161292172E-1,1.00000000000000000E0))REPRESENTATION_ITEM(''));
#329=CARTESIAN_POINT('',(0.00000000000000000E0,2.00000000000000000E1,6.00000000000000000E0));
#330=CARTESIAN_POINT('',(0.00000000000000000E0,2.00000000000000000E1,6.00000000000000000E0));
#331=CARTESIAN_POINT('',(0.00000000000000000E0,2.00000000000000000E1,6.00000000000000000E0));
#332=(BOUNDED_CURVE()B_SPLINE_CURVE(2,(#329,#330,#331),.UNSPECIFIED.,.F.,.F.)B_SPLINE_CURVE_WITH_KNOTS((3,3),(0.00000000000000000E0,1.00000000000000000E0),.UNSPECIFIED.)CURVE()GEOMETRIC_REPRESENTATION_ITEM()RATIONAL_B_SPLINE_CURVE((1.00000000000000000E0,7.07106781186547573E-1,1.00000000000000000E0))REPRESENTATION_ITEM(''));
#333=CARTESIAN_POINT('',(0.00000000000000000E0,2.00000000000000000E1,6.00000000000000000E0));
#334=CARTESIAN_POINT('',(1.57281102526066308E0,2.00000000000000000E1,6.00000000000000000E0));
#335=CARTESIAN_POINT('',(3.14268218308152436E0,1.98459834339445642E1,5.24125252804902164E0));
#336=CARTESIAN_POINT('',(4.69126931302571037E0,1.95379503018336997E1,4.25874747195097836E0));
#337=CARTESIAN_POINT('',(6.20058073255537678E0,1.90794793718341396E1,3.50000000000000000E0));
#338=CARTESIAN_POINT('',(7.65366864730179675E0,1.84775906502257357E1,3.50000000000000000E0));
#339=(BOUNDED_CURVE()B_SPLINE_CURVE(5,(#333,#334,#335,#336,#337,#338),.UNSPECIFIED.,.F.,.F.)B_SPLINE_CURVE_WITH_KNOTS((6,6),(0.00000000000000000E0,1.00000000000000000E0),.UNSPECIFIED.)CURVE()GEOMETRIC_REPRESENTATION_ITEM()RATIONAL_B_SPLINE_CURVE((1.00000000000000000E0,9.92314112161292172E-1,9.88471168241938258E-1,9.88471168241938147E-1,9.92314112161292172E-1,1.00000000000000000E0))REPRESENTATION_ITEM(''));
#340=CARTESIAN_POINT('',(0.00000000000000000E0,2.00000000000000000E1,6.00000000000000000E0));
#341=CARTESIAN_POINT('',(0.00000000000000000E0,5.00000000000000000E0,6.00000000000000000E0));
#342=B_SPLINE_CURVE_WITH_KNOTS('',1,(#340,#341),.UNSPECIFIED.,.F.,.F.,(2,2),(0.00000000000000000E0,1.00000000000000000E0),.UNSPECIFIED.);
#343=CARTESIAN_POINT('',(0.00000000000000000E0,5.00000000000000000E0,6.00000000000000000E0));
#344=CARTESIAN_POINT('',(3.93202756315165769E-1,5.00000000000000000E0,6.00000000000000000E0));
#345=CARTESIAN_POINT('',(7.85670545770381090E-1,4.96149585848614105E0,6.00000000000000000E0));
#346=CARTESIAN_POINT('',(1.17281732825642759E0,4.88448757545842493E0,6.00000000000000000E0));
#347=CARTESIAN_POINT('',(1.55014518313884420E0,4.76986984295853489E0,6.00000000000000000E0));
#348=CARTESIAN_POINT('',(1.91341716182544919E0,4.61939766255643391E0,6.00000000000000000E0));
#349=(BOUNDED_CURVE()B_SPLINE_CURVE(5,(#343,#344,#345,#346,#347,#348),.UNSPECIFIED.,.F.,.F.)B_SPLINE_CURVE_WITH_KNOTS((6,6),(0.00000000000000000E0,1.00000000000000000E0),.UNSPECIFIED.)CURVE()GEOMETRIC_REPRESENTATION_ITEM()RATIONAL_B_SPLINE_CURVE((1.00000000000000000E0,9.92314112161292172E-1,9.88471168241938258E-1,9.88471168241938147E-1,9.92314112161292172E-1,1.00000000000000000E0))REPRESENTATION_ITEM(''));
#350=CARTESIAN_POINT('',(7.65366864730179675E0,1.84775906502257357E1,0.00000000000000000E0));
#351=CARTESIAN_POINT('',(6.20058073255537678E0,1.90794793718341396E1,0.00000000000000000E0));
#352=CARTESIAN_POINT('',(4.69126931302571037E0,1.95379503018336997E1,0.00000000000000000E0));
#353=CARTESIAN_POINT('',(3.14268218308152436E0,1.98459834339445642E1,0.00000000000000000E0));
#354=CARTESIAN_POINT('',(1.57281102526066308E0,2.00000000000000000E1,0.00000000000000000E0));
#355=CARTESIAN_POINT('',(0.00000000000000000E0,2.00000000000000000E1,0.00000000000000000E0));
#356=(BOUNDED_CURVE()B_SPLINE_CURVE(5,(#350,#351,#352,#353,#354,#355),.UNSPECIFIED.,.F.,.F.)B_SPLINE_CURVE_WITH_KNOTS((6,6),(0.00000000000000000E0,1.00000000000000000E0),.UNSPECIFIED.)CURVE()GEOMETRIC_REPRESENTATION_ITEM()RATIONAL_B_SPLINE_CURVE((1.00000000000000000E0,9.92314112161292172E-1,9.88471168241938147E-1,9.88471168241938258E-1,9.92314112161292172E-1,1.00000000000000000E0))REPRESENTATION_ITEM(''));
#357=CARTESIAN_POINT('',(0.00000000000000000E0,2.00000000000000000E1,0.00000000000000000E0));
#358=CARTESIAN_POINT('',(0.00000000000000000E0,2.00000000000000000E1,6.00000000000000000E0));
#359=B_SPLINE_CURVE_WITH_KNOTS('',1,(#357,#358),.UNSPECIFIED.,.F.,.F.,(2,2),(0.00000000000000000E0,1.00000000000000000E0),.UNSPECIFIED.);
#360=CARTESIAN_POINT('',(1.91341716182544919E0,4.61939766255643391E0,0.00000000000000000E0));
#361=CARTESIAN_POINT('',(1.55014518313884420E0,4.76986984295853489E0,0.00000000000000000E0));
#362=CARTESIAN_POINT('',(1.17281732825642759E0,4.88448757545842493E0,0.00000000000000000E0));
#363=CARTESIAN_POINT('',(7.85670545770381090E-1,4.96149585848614105E0,0.00000000000000000E0));
#364=CARTESIAN_POINT('',(3.93202756315165769E-1,5.00000000000000000E0,0.00000000000000000E0));
#365=CARTESIAN_POINT('',(0.00000000000000000E0,5.00000000000000000E0,0.00000000000000000E0));
#366=(BOUNDED_CURVE()B_SPLINE_CURVE(5,(#360,#361,#362,#363,#364,#365),.UNSPECIFIED.,.F.,.F.)B_SPLINE_CURVE_WITH_KNOTS((6,6),(0.00000000000000000E0,1.00000000000000000E0),.UNSPECIFIED.)CURVE()GEOMETRIC_REPRESENTATION_ITEM()RATIONAL_B_SPLINE_CURVE((1.00000000000000000E0,9.92314112161292172E-1,9.88471168241938147E-1,9.88471168241938258E-1,9.92314112161292172E-1,1.00000000000000000E0))REPRESENTATION_ITEM(''));
#367=CARTESIAN_POINT('',(0.00000000000000000E0,5.00000000000000000E0,0.00000000000000000E0));
#368=CARTESIAN_POINT('',(0.00000000000000000E0,5.00000000000000000E0,6.00000000000000000E0));
#369=B_SPLINE_CURVE_WITH_KNOTS('',1,(#367,#368),.UNSPECIFIED.,.F.,.F.,(2,2),(0.00000000000000000E0,1.00000000000000000E0),.UNSPECIFIED.);
#370=CARTESIAN_POINT('',(0.00000000000000000E0,2.00000000000000000E1,0.00000000000000000E0));
#371=CARTESIAN_POINT('',(0.00000000000000000E0,5.00000000000000000E0,0.00000000000000000E0));
#372=B_SPLINE_CURVE_WITH_KNOTS('',1,(#370,#371),.UNSPECIFIED.,.F.,.F.,(2,2),(0.00000000000000000E0,1.00000000000000000E0),.UNSPECIFIED.);
#373=CARTESIAN_POINT('',(0.00000000000000000E0,2.00000000000000000E1,6.00000000000000000E0));
#374=CARTESIAN_POINT('',(-1.99999999999999964E1,2.00000000000000000E1,6.00000000000000000E0));
#375=CARTESIAN_POINT('',(-2.00000000000000000E1,0.00000000000000000E0,6.00000000000000000E0));
#376=(BOUNDED_CURVE()B_SPLINE_CURVE(2,(#373,#374,#375),.UNSPECIFIED.,.F.,.F.)B_SPLINE_CURVE_WITH_KNOTS((3,3),(0.00000000000000000E0,1.00000000000000000E0),.UNSPECIFIED.)CURVE()GEOMETRIC_REPRESENTATION_ITEM()RATIONAL_B_SPLINE_CURVE((1.00000000000000000E0,7.07106781186547573E-1,1.00000000000000000E0))REPRESENTATION_ITEM(''));
#377=CARTESIAN_POINT('',(-2.00000000000000000E1,0.00000000000000000E0,6.00000000000000000E0));
#378=CARTESIAN_POINT('',(-5.00000000000000000E0,0.00000000000000000E0,6.00000000000000000E0));
#379=B_SPLINE_CURVE_WITH_KNOTS('',1,(#377,#378),.UNSPECIFIED.,.F.,.F.,(2,2),(0.00000000000000000E0,1.00000000000000000E0),.UNSPECIFIED.);
#380=CARTESIAN_POINT('',(-5.00000000000000000E0,0.00000000000000000E0,6.00000000000000000E0));
#381=CARTESIAN_POINT('',(-4.99999999999999911E0,5.00000000000000000E0,6.00000000000000000E0));
#382=CARTESIAN_POINT('',(0.00000000000000000E0,5.00000000000000000E0,6.00000000000000000E0));
#383=(BOUNDED_CURVE()B_SPLINE_CURVE(2,(#380,#381,#382),.UNSPECIFIED.,.F.,.F.)B_SPLINE_CURVE_WITH_KNOTS((3,3),(0.00000000000000000E0,1.00000000000000000E0),.UNSPECIFIED.)CURVE()GEOMETRIC_REPRESENTATION_ITEM()RATIONAL_B_SPLINE_CURVE((1.00000000000000000E0,7.07106781186547573E-1,1.00000000000000000E0))REPRESENTATION_ITEM(''));
#384=CARTESIAN_POINT('',(0.00000000000000000E0,2.00000000000000000E1,0.00000000000000000E0));
#385=CARTESIAN_POINT('',(-1.99999999999999964E1,2.00000000000000000E1,0.00000000000000000E0));
#386=CARTESIAN_POINT('',(-2.00000000000000000E1,0.00000000000000000E0,0.00000000000000000E0));
#387=(BOUNDED_CURVE()B_SPLINE_CURVE(2,(#384,#385,#386),.UNSPECIFIED.,.F.,.F.)B_SPLINE_CURVE_WITH_KNOTS((3,3),(0.00000000000000000E0,1.00000000000000000E0),.UNSPECIFIED.)CURVE()GEOMETRIC_REPRESENTATION_ITEM()RATIONAL_B_SPLINE_CURVE((1.00000000000000000E0,7.07106781186547573E-1,1.00000000000000000E0))REPRESENTATION_ITEM(''));
#388=CARTESIAN_POINT('',(-2.00000000000000000E1,0.00000000000000000E0,0.00000000000000000E0));
#389=CARTESIAN_POINT('',(-2.00000000000000000E1,0.00000000000000000E0,6.00000000000000000E0));
#390=B_SPLINE_CURVE_WITH_KNOTS('',1,(#388,#389),.UNSPECIFIED.,.F.,.F.,(2,2),(0.00000000000000000E0,1.00000000000000000E0),.UNSPECIFIED.);
#391=CARTESIAN_POINT('',(0.00000000000000000E0,5.00000000000000000E0,0.00000000000000000E0));
#392=CARTESIAN_POINT('',(-4.99999999999999911E0,5.00000000000000000E0,0.00000000000000000E0));
#393=CARTESIAN_POINT('',(-5.00000000000000000E0,0.00000000000000000E0,0.00000000000000000E0));
#394=(BOUNDED_CURVE()B_SPLINE_CURVE(2,(#391,#392,#393),.UNSPECIFIED.,.F.,.F.)B_SPLINE_CURVE_WITH_KNOTS((3,3),(0.00000000000000000E0,1.00000000000000000E0),.UNSPECIFIED.)CURVE()GEOMETRIC_REPRESENTATION_ITEM()RATIONAL_B_SPLINE_CURVE((1.00000000000000000E0,7.07106781186547573E-1,1.00000000000000000E0))REPRESENTATION_ITEM(''));
#395=CARTESIAN_POINT('',(-5.00000000000000000E0,0.00000000000000000E0,0.00000000000000000E0));
#396=CARTESIAN_POINT('',(-5.00000000000000000E0,0.00000000000000000E0,6.00000000000000000E0));
#397=B_SPLINE_CURVE_WITH_KNOTS('',1,(#395,#396),.UNSPECIFIED.,.F.,.F.,(2,2),(0.00000000000000000E0,1.00000000000000000E0),.UNSPECIFIED.);
#398=CARTESIAN_POINT('',(-2.00000000000000000E1,0.00000000000000000E0,0.00000000000000000E0));
#399=CARTESIAN_POINT('',(-5.00000000000000000E0,0.00000000000000000E0,0.00000000000000000E0));
#400=B_SPLINE_CURVE_WITH_KNOTS('',1,(#398,#399),.UNSPECIFIED.,.F.,.F.,(2,2),(0.00000000000000000E0,1.00000000000000000E0),.UNSPECIFIED.);
#401=CARTESIAN_POINT('',(-2.00000000000000000E1,0.00000000000000000E0,6.00000000000000000E0));
#402=CARTESIAN_POINT('',(-2.00000000000000036E1,-1.99999999999999964E1,6.00000000000000000E0));
#403=CARTESIAN_POINT('',(0.00000000000000000E0,-2.00000000000000000E1,6.00000000000000000E0));
#404=(BOUNDED_CURVE()B_SPLINE_CURVE(2,(#401,#402,#403),.UNSPECIFIED.,.F.,.F.)B_SPLINE_CURVE_WITH_KNOTS((3,3),(0.00000000000000000E0,1.00000000000000000E0),.UNSPECIFIED.)CURVE()GEOMETRIC_REPRESENTATION_ITEM()RATIONAL_B_SPLINE_CURVE((1.00000000000000000E0,7.07106781186547573E-1,1.00000000000000000E0))REPRESENTATION_ITEM(''));
#405=CARTESIAN_POINT('',(0.00000000000000000E0,-2.00000000000000000E1,6.00000000000000000E0));
#406=CARTESIAN_POINT('',(0.00000000000000000E0,-5.00000000000000000E0,6.00000000000000000E0));
#407=B_SPLINE_CURVE_WITH_KNOTS('',1,(#405,#406),.UNSPECIFIED.,.F.,.F.,(2,2),(0.00000000000000000E0,1.00000000000000000E0),.UNSPECIFIED.);
#408=CARTESIAN_POINT('',(0.00000000000000000E0,-5.00000000000000000E0,6.00000000000000000E0));
#409=CARTESIAN_POINT('',(-5.00000000000000089E0,-4.99999999999999911E0,6.00000000000000000E0));
#410=CARTESIAN_POINT('',(-5.00000000000000000E0,0.00000000000000000E0,6.00000000000000000E0));
#411=(BOUNDED_CURVE()B_SPLINE_CURVE(2,(#408,#409,#410),.UNSPECIFIED.,.F.,.F.)B_SPLINE_CURVE_WITH_KNOTS((3,3),(0.00000000000000000E0,1.00000000000000000E0),.UNSPECIFIED.)CURVE()GEOMETRIC_REPRESENTATION_ITEM()RATIONAL_B_SPLINE_CURVE((1.00000000000000000E0,7.07106781186547573E-1,1.00000000000000000E0))REPRESENTATION_ITEM(''));
#412=CARTESIAN_POINT('',(-2.00000000000000000E1,0.00000000000000000E0,0.00000000000000000E0));
#413=CARTESIAN_POINT('',(-2.00000000000000036E1,-1.99999999999999964E1,0.00000000000000000E0));
#414=CARTESIAN_POINT('',(0.00000000000000000E0,-2.00000000000000000E1,0.00000000000000000E0));
#415=(BOUNDED_CURVE()B_SPLINE_CURVE(2,(#412,#413,#414),.UNSPECIFIED.,.F.,.F.)B_SPLINE_CURVE_WITH_KNOTS((3,3),(0.00000000000000000E0,1.00000000000000000E0),.UNSPECIFIED.)CURVE()GEOMETRIC_REPRESENTATION_ITEM()RATIONAL_B_SPLINE_CURVE((1.00000000000000000E0,7.07106781186547573E-1,1.00000000000000000E0))REPRESENTATION_ITEM(''));
#416=CARTESIAN_POINT('',(0.00000000000000000E0,-2.00000000000000000E1,0.00000000000000000E0));
#417=CARTESIAN_POINT('',(0.00000000000000000E0,-2.00000000000000000E1,6.00000000000000000E0));
#418=B_SPLINE_CURVE_WITH_KNOTS('',1,(#416,#417),.UNSPECIFIED.,.F.,.F.,(2,2),(0.00000000000000000E0,1.00000000000000000E0),.UNSPECIFIED.);
#419=CARTESIAN_POINT('',(-5.00000000000000000E0,0.00000000000000000E0,0.00000000000000000E0));
#420=CARTESIAN_POINT('',(-5.00000000000000089E0,-4.99999999999999911E0,0.00000000000000000E0));
#421=CARTESIAN_POINT('',(0.00000000000000000E0,-5.00000000000000000E0,0.00000000000000000E0));
#422=(BOUNDED_CURVE()B_SPLINE_CURVE(2,(#419,#420,#421),.UNSPECIFIED.,.F.,.F.)B_SPLINE_CURVE_WITH_KNOTS((3,3),(0.00000000000000000E0,1.00000000000000000E0),.UNSPECIFIED.)CURVE()GEOMETRIC_REPRESENTATION_ITEM()RATIONAL_B_SPLINE_CURVE((1.00000000000000000E0,7.07106781186547573E-1,1.00000000000000000E0))REPRESENTATION_ITEM(''));
#423=CARTESIAN_POINT('',(0.00000000000000000E0,-5.00000000000000000E0,0.00000000000000000E0));
#424=CARTESIAN_POINT('',(0.00000000000000000E0,-5.00000000000000000E0,6.00000000000000000E0));
#425=B_SPLINE_CURVE_WITH_KNOTS('',1,(#423,#424),.UNSPECIFIED.,.F.,.F.,(2,2),(0.00000000000000000E0,1.00000000000000000E0),.UNSPECIFIED.);
#426=CARTESIAN_POINT('',(0.00000000000000000E0,-2.00000000000000000E1,0.00000000000000000E0));
#427=CARTESIAN_POINT('',(0.00000000000000000E0,-5.00000000000000000E0,0.00000000000000000E0));
#428=B_SPLINE_CURVE_WITH_KNOTS('',1,(#426,#427),.UNSPECIFIED.,.F.,.F.,(2,2),(0.00000000000000000E0,1.00000000000000000E0),.UNSPECIFIED.);
#429=CARTESIAN_POINT('',(0.00000000000000000E0,-2.00000000000000000E1,6.00000000000000000E0));
#430=CARTESIAN_POINT('',(1.99999999999999929E1,-2.00000000000000036E1,6.00000000000000000E0));
#431=CARTESIAN_POINT('',(2.00000000000000000E1,0.00000000000000000E0,6.00000000000000000E0));
#432=(BOUNDED_CURVE()B_SPLINE_CURVE(2,(#429,#430,#431),.UNSPECIFIED.,.F.,.F.)B_SPLINE_CURVE_WITH_KNOTS((3,3),(0.00000000000000000E0,1.00000000000000000E0),.UNSPECIFIED.)CURVE()GEOMETRIC_REPRESENTATION_ITEM()RATIONAL_B_SPLINE_CURVE((1.00000000000000000E0,7.07106781186547573E-1,1.00000000000000000E0))REPRESENTATION_ITEM(''));
#433=CARTESIAN_POINT('',(5.00000000000000000E0,0.00000000000000000E0,6.00000000000000000E0));
#434=CARTESIAN_POINT('',(4.99999999999999822E0,-5.00000000000000089E0,6.00000000000000000E0));
#435=CARTESIAN_POINT('',(0.00000000000000000E0,-5.00000000000000000E0,6.00000000000000000E0));
#436=(BOUNDED_CURVE()B_SPLINE_CURVE(2,(#433,#434,#435),.UNSPECIFIED.,.F.,.F.)B_SPLINE_CURVE_WITH_KNOTS((3,3),(0.00000000000000000E0,1.00000000000000000E0),.UNSPECIFIED.)CURVE()GEOMETRIC_REPRESENTATION_ITEM()RATIONAL_B_SPLINE_CURVE((1.00000000000000000E0,7.07106781186547573E-1,1.00000000000000000E0))REPRESENTATION_ITEM(''));
#437=CARTESIAN_POINT('',(0.00000000000000000E0,-2.00000000000000000E1,0.00000000000000000E0));
#438=CARTESIAN_POINT('',(1.99999999999999929E1,-2.00000000000000036E1,0.00000000000000000E0));
#439=CARTESIAN_POINT('',(2.00000000000000000E1,0.00000000000000000E0,0.00000000000000000E0));
#440=(BOUNDED_CURVE()B_SPLINE_CURVE(2,(#437,#438,#439),.UNSPECIFIED.,.F.,.F.)B_SPLINE_CURVE_WITH_KNOTS((3,3),(0.00000000000000000E0,1.00000000000000000E0),.UNSPECIFIED.)CURVE()GEOMETRIC_REPRESENTATION_ITEM()RATIONAL_B_SPLINE_CURVE((1.00000000000000000E0,7.07106781186547573E-1,1.00000000000000000E0))REPRESENTATION_ITEM(''));
#441=CARTESIAN_POINT('',(0.00000000000000000E0,-5.00000000000000000E0,0.00000000000000000E0));
#442=CARTESIAN_POINT('',(4.99999999999999822E0,-5.00000000000000089E0,0.00000000000000000E0));
#443=CARTESIAN_POINT('',(5.00000000000000000E0,0.00000000000000000E0,0.00000000000000000E0));
#444=(BOUNDED_CURVE()B_SPLINE_CURVE(2,(#441,#442,#443),.UNSPECIFIED.,.F.,.F.)B_SPLINE_CURVE_WITH_KNOTS((3,3),(0.00000000000000000E0,1.00000000000000000E0),.UNSPECIFIED.)CURVE()GEOMETRIC_REPRESENTATION_ITEM()RATIONAL_B_SPLINE_CURVE((1.00000000000000000E0,7.07106781186547573E-1,1.00000000000000000E0))REPRESENTATION_ITEM(''));
#445=(GEOMETRIC_REPRESENTATION_CONTEXT(2)REPRESENTATION_CONTEXT('','2D'));
#446=CARTESIAN_POINT('',(1.00000000000000000E0,0.00000000000000000E0));
#447=CARTESIAN_POINT('',(1.00000000000000000E0,1.00000000000000000E0));
#448=B_SPLINE_CURVE_WITH_KNOTS('',1,(#446,#447),.UNSPECIFIED.,.F.,.F.,(2,2),(0.00000000000000000E0,1.00000000000000000E0),.UNSPECIFIED.);
#449=DEFINITIONAL_REPRESENTATION('',(#448),#445);
#450=PCURVE('',#71,#449);
#451=CARTESIAN_POINT('',(1.00000000000000000E0,1.00000000000000000E0));
#452=CARTESIAN_POINT('',(0.00000000000000000E0,1.00000000000000000E0));
#453=B_SPLINE_CURVE_WITH_KNOTS('',1,(#451,#452),.UNSPECIFIED.,.F.,.F.,(2,2),(0.00000000000000000E0,1.00000000000000000E0),.UNSPECIFIED.);
#454=DEFINITIONAL_REPRESENTATION('',(#453),#445);
#455=PCURVE('',#71,#454);
#456=CARTESIAN_POINT('',(0.00000000000000000E0,1.00000000000000000E0));
#457=CARTESIAN_POINT('',(0.00000000000000000E0,0.00000000000000000E0));
#458=B_SPLINE_CURVE_WITH_KNOTS('',1,(#456,#457),.UNSPECIFIED.,.F.,.F.,(2,2),(0.00000000000000000E0,1.00000000000000000E0),.UNSPECIFIED.);
#459=DEFINITIONAL_REPRESENTATION('',(#458),#445);
#460=PCURVE('',#71,#459);
#461=CARTESIAN_POINT('',(0.00000000000000000E0,0.00000000000000000E0));
#462=CARTESIAN_POINT('',(1.00000000000000000E0,0.00000000000000000E0));
#463=B_SPLINE_CURVE_WITH_KNOTS('',1,(#461,#462),.UNSPECIFIED.,.F.,.F.,(2,2),(0.00000000000000000E0,1.00000000000000000E0),.UNSPECIFIED.);
#464=DEFINITIONAL_REPRESENTATION('',(#463),#445);
#465=PCURVE('',#71,#464);
#466=CARTESIAN_POINT('',(2.00000000000000000E1,0.00000000000000000E0));
#467=CARTESIAN_POINT('',(2.00000000000000000E1,1.57281102526066241E0));
#468=CARTESIAN_POINT('',(1.90872359619935885E1,3.14268218308152392E0));
#469=CARTESIAN_POINT('',(1.77966977737846754E1,4.39522073576203010E0));
#470=CARTESIAN_POINT('',(1.66945444503548757E1,5.42550814098595424E0));
#471=CARTESIAN_POINT('',(1.61678918189475169E1,6.69696006638907093E0));
#472=(BOUNDED_CURVE()B_SPLINE_CURVE(5,(#466,#467,#468,#469,#470,#471),.UNSPECIFIED.,.F.,.F.)B_SPLINE_CURVE_WITH_KNOTS((6,6),(0.00000000000000000E0,1.00000000000000000E0),.UNSPECIFIED.)CURVE()GEOMETRIC_REPRESENTATION_ITEM()RATIONAL_B_SPLINE_CURVE((1.00000000000000000E0,9.92314112161292172E-1,9.88471168241938147E-1,9.88471168241938258E-1,9.92314112161292172E-1,1.00000000000000000E0))REPRESENTATION_ITEM(''));
#473=DEFINITIONAL_REPRESENTATION('',(#472),#445);
#474=PCURVE('',#76,#473);
#475=CARTESIAN_POINT('',(1.61678918189475169E1,6.69696006638907093E0));
#476=CARTESIAN_POINT('',(4.61939766255643391E0,1.91341716182544919E0));
#477=B_SPLINE_CURVE_WITH_KNOTS('',1,(#475,#476),.UNSPECIFIED.,.F.,.F.,(2,2),(0.00000000000000000E0,1.00000000000000000E0),.UNSPECIFIED.);
#478=DEFINITIONAL_REPRESENTATION('',(#477),#445);
#479=PCURVE('',#76,#478);
#480=CARTESIAN_POINT('',(4.61939766255643391E0,1.91341716182544919E0));
#481=CARTESIAN_POINT('',(4.76986984295853489E0,1.55014518313884397E0));
#482=CARTESIAN_POINT('',(4.88448757545842405E0,1.17281732825642715E0));
#483=CARTESIAN_POINT('',(4.96149585848614194E0,7.85670545770380979E-1));
#484=CARTESIAN_POINT('',(5.00000000000000000E0,3.93202756315165602E-1));
#485=CARTESIAN_POINT('',(5.00000000000000000E0,0.00000000000000000E0));
#486=(BOUNDED_CURVE()B_SPLINE_CURVE(5,(#480,#481,#482,#483,#484,#485),.UNSPECIFIED.,.F.,.F.)B_SPLINE_CURVE_WITH_KNOTS((6,6),(0.00000000000000000E0,1.00000000000000000E0),.UNSPECIFIED.)CURVE()GEOMETRIC_REPRESENTATION_ITEM()RATIONAL_B_SPLINE_CURVE((1.00000000000000000E0,9.92314112161292172E-1,9.88471168241938258E-1,9.88471168241938147E-1,9.92314112161292172E-1,1.00000000000000000E0))REPRESENTATION_ITEM(''));
#487=DEFINITIONAL_REPRESENTATION('',(#486),#445);
#488=PCURVE('',#76,#487);
#489=CARTESIAN_POINT('',(5.00000000000000000E0,0.00000000000000000E0));
#490=CARTESIAN_POINT('',(2.00000000000000000E1,0.00000000000000000E0));
#491=B_SPLINE_CURVE_WITH_KNOTS('',1,(#489,#490),.UNSPECIFIED.,.F.,.F.,(2,2),(0.00000000000000000E0,1.00000000000000000E0),.UNSPECIFIED.);
#492=DEFINITIONAL_REPRESENTATION('',(#491),#445);
#493=PCURVE('',#76,#492);
#494=CARTESIAN_POINT('',(0.00000000000000000E0,0.00000000000000000E0));
#495=CARTESIAN_POINT('',(1.00000000000000000E0,0.00000000000000000E0));
#496=B_SPLINE_CURVE_WITH_KNOTS('',1,(#494,#495),.UNSPECIFIED.,.F.,.F.,(2,2),(0.00000000000000000E0,1.00000000000000000E0),.UNSPECIFIED.);
#497=DEFINITIONAL_REPRESENTATION('',(#496),#445);
#498=PCURVE('',#89,#497);
#499=CARTESIAN_POINT('',(1.00000000000000000E0,0.00000000000000000E0));
#500=CARTESIAN_POINT('',(1.00000000000000000E0,5.83333333333333370E-1));
#501=B_SPLINE_CURVE_WITH_KNOTS('',1,(#499,#500),.UNSPECIFIED.,.F.,.F.,(2,2),(0.00000000000000000E0,1.00000000000000000E0),.UNSPECIFIED.);
#502=DEFINITIONAL_REPRESENTATION('',(#501),#445);
#503=PCURVE('',#89,#502);
#504=CARTESIAN_POINT('',(1.00000000000000000E0,5.83333333333333370E-1));
#505=CARTESIAN_POINT('',(6.66666666666666630E-1,5.83333333333333370E-1));
#506=CARTESIAN_POINT('',(3.33333333333333315E-1,1.00000000000000000E0));
#507=CARTESIAN_POINT('',(0.00000000000000000E0,1.00000000000000000E0));
#508=B_SPLINE_CURVE_WITH_KNOTS('',3,(#504,#505,#506,#507),.UNSPECIFIED.,.F.,.F.,(4,4),(0.00000000000000000E0,1.00000000000000000E0),.UNSPECIFIED.);
#509=DEFINITIONAL_REPRESENTATION('',(#508),#445);
#510=PCURVE('',#89,#509);
#511=CARTESIAN_POINT('',(0.00000000000000000E0,1.00000000000000000E0));
#512=CARTESIAN_POINT('',(0.00000000000000000E0,0.00000000000000000E0));
#513=B_SPLINE_CURVE_WITH_KNOTS('',1,(#511,#512),.UNSPECIFIED.,.F.,.F.,(2,2),(0.00000000000000000E0,1.00000000000000000E0),.UNSPECIFIED.);
#514=DEFINITIONAL_REPRESENTATION('',(#513),#445);
#515=PCURVE('',#89,#514);
#516=CARTESIAN_POINT('',(1.00000000000000000E0,0.00000000000000000E0));
#517=CARTESIAN_POINT('',(1.00000000000000000E0,1.00000000000000000E0));
#518=B_SPLINE_CURVE_WITH_KNOTS('',1,(#516,#517),.UNSPECIFIED.,.F.,.F.,(2,2),(0.00000000000000000E0,1.00000000000000000E0),.UNSPECIFIED.);
#519=DEFINITIONAL_REPRESENTATION('',(#518),#445);
#520=PCURVE('',#102,#519);
#521=CARTESIAN_POINT('',(1.00000000000000000E0,1.00000000000000000E0));
#522=CARTESIAN_POINT('',(0.00000000000000000E0,1.00000000000000000E0));
#523=B_SPLINE_CURVE_WITH_KNOTS('',1,(#521,#522),.UNSPECIFIED.,.F.,.F.,(2,2),(0.00000000000000000E0,1.00000000000000000E0),.UNSPECIFIED.);
#524=DEFINITIONAL_REPRESENTATION('',(#523),#445);
#525=PCURVE('',#102,#524);
#526=CARTESIAN_POINT('',(0.00000000000000000E0,1.00000000000000000E0));
#527=CARTESIAN_POINT('',(0.00000000000000000E0,0.00000000000000000E0));
#528=B_SPLINE_CURVE_WITH_KNOTS('',1,(#526,#527),.UNSPECIFIED.,.F.,.F.,(2,2),(0.00000000000000000E0,1.00000000000000000E0),.UNSPECIFIED.);
#529=DEFINITIONAL_REPRESENTATION('',(#528),#445);
#530=PCURVE('',#102,#529);
#531=CARTESIAN_POINT('',(0.00000000000000000E0,0.00000000000000000E0));
#532=CARTESIAN_POINT('',(1.00000000000000000E0,0.00000000000000000E0));
#533=B_SPLINE_CURVE_WITH_KNOTS('',1,(#531,#532),.UNSPECIFIED.,.F.,.F.,(2,2),(0.00000000000000000E0,1.00000000000000000E0),.UNSPECIFIED.);
#534=DEFINITIONAL_REPRESENTATION('',(#533),#445);
#535=PCURVE('',#102,#534);
#536=CARTESIAN_POINT('',(-2.00000000000000000E1,0.00000000000000000E0));
#537=CARTESIAN_POINT('',(-5.00000000000000000E0,0.00000000000000000E0));
#538=B_SPLINE_CURVE_WITH_KNOTS('',1,(#536,#537),.UNSPECIFIED.,.F.,.F.,(2,2),(0.00000000000000000E0,1.00000000000000000E0),.UNSPECIFIED.);
#539=DEFINITIONAL_REPRESENTATION('',(#538),#445);
#540=PCURVE('',#107,#539);
#541=CARTESIAN_POINT('',(-5.00000000000000000E0,0.00000000000000000E0));
#542=CARTESIAN_POINT('',(-5.00000000000000000E0,3.93202756315165602E-1));
#543=CARTESIAN_POINT('',(-4.96149585848614194E0,7.85670545770380979E-1));
#544=CARTESIAN_POINT('',(-4.88448757545842405E0,1.17281732825642715E0));
#545=CARTESIAN_POINT('',(-4.76986984295853489E0,1.55014518313884397E0));
#546=CARTESIAN_POINT('',(-4.61939766255643391E0,1.91341716182544919E0));
#547=(BOUNDED_CURVE()B_SPLINE_CURVE(5,(#541,#542,#543,#544,#545,#546),.UNSPECIFIED.,.F.,.F.)B_SPLINE_CURVE_WITH_KNOTS((6,6),(0.00000000000000000E0,1.00000000000000000E0),.UNSPECIFIED.)CURVE()GEOMETRIC_REPRESENTATION_ITEM()RATIONAL_B_SPLINE_CURVE((1.00000000000000000E0,9.92314112161292172E-1,9.88471168241938147E-1,9.88471168241938258E-1,9.92314112161292172E-1,1.00000000000000000E0))REPRESENTATION_ITEM(''));
#548=DEFINITIONAL_REPRESENTATION('',(#547),#445);
#549=PCURVE('',#107,#548);
#550=CARTESIAN_POINT('',(-4.61939766255643391E0,1.91341716182544919E0));
#551=CARTESIAN_POINT('',(-1.84775906502257357E1,7.65366864730179586E0));
#552=B_SPLINE_CURVE_WITH_KNOTS('',1,(#550,#551),.UNSPECIFIED.,.F.,.F.,(2,2),(0.00000000000000000E0,1.00000000000000000E0),.UNSPECIFIED.);
#553=DEFINITIONAL_REPRESENTATION('',(#552),#445);
#554=PCURVE('',#107,#553);
#555=CARTESIAN_POINT('',(-1.84775906502257357E1,7.65366864730179586E0));
#556=CARTESIAN_POINT('',(-1.90794793718341396E1,6.20058073255537590E0));
#557=CARTESIAN_POINT('',(-1.95379503018336962E1,4.69126931302570860E0));
#558=CARTESIAN_POINT('',(-1.98459834339445678E1,3.14268218308152392E0));
#559=CARTESIAN_POINT('',(-2.00000000000000000E1,1.57281102526066241E0));
#560=CARTESIAN_POINT('',(-2.00000000000000000E1,0.00000000000000000E0));
#561=(BOUNDED_CURVE()B_SPLINE_CURVE(5,(#555,#556,#557,#558,#559,#560),.UNSPECIFIED.,.F.,.F.)B_SPLINE_CURVE_WITH_KNOTS((6,6),(0.00000000000000000E0,1.00000000000000000E0),.UNSPECIFIED.)CURVE()GEOMETRIC_REPRESENTATION_ITEM()RATIONAL_B_SPLINE_CURVE((1.00000000000000000E0,9.92314112161292172E-1,9.88471168241938258E-1,9.88471168241938147E-1,9.92314112161292172E-1,1.00000000000000000E0))REPRESENTATION_ITEM(''));
#562=DEFINITIONAL_REPRESENTATION('',(#561),#445);
#563=PCURVE('',#107,#562);
#564=CARTESIAN_POINT('',(1.00000000000000000E0,0.00000000000000000E0));
#565=CARTESIAN_POINT('',(1.00000000000000000E0,1.00000000000000000E0));
#566=B_SPLINE_CURVE_WITH_KNOTS('',1,(#564,#565),.UNSPECIFIED.,.F.,.F.,(2,2),(0.00000000000000000E0,1.00000000000000000E0),.UNSPECIFIED.);
#567=DEFINITIONAL_REPRESENTATION('',(#566),#445);
#568=PCURVE('',#117,#567);
#569=CARTESIAN_POINT('',(1.00000000000000000E0,1.00000000000000000E0));
#570=CARTESIAN_POINT('',(0.00000000000000000E0,1.00000000000000000E0));
#571=B_SPLINE_CURVE_WITH_KNOTS('',1,(#569,#570),.UNSPECIFIED.,.F.,.F.,(2,2),(0.00000000000000000E0,1.00000000000000000E0),.UNSPECIFIED.);
#572=DEFINITIONAL_REPRESENTATION('',(#571),#445);
#573=PCURVE('',#117,#572);
#574=CARTESIAN_POINT('',(0.00000000000000000E0,1.00000000000000000E0));
#575=CARTESIAN_POINT('',(0.00000000000000000E0,0.00000000000000000E0));
#576=B_SPLINE_CURVE_WITH_KNOTS('',1,(#574,#575),.UNSPECIFIED.,.F.,.F.,(2,2),(0.00000000000000000E0,1.00000000000000000E0),.UNSPECIFIED.);
#577=DEFINITIONAL_REPRESENTATION('',(#576),#445);
#578=PCURVE('',#117,#577);
#579=CARTESIAN_POINT('',(0.00000000000000000E0,0.00000000000000000E0));
#580=CARTESIAN_POINT('',(1.00000000000000000E0,0.00000000000000000E0));
#581=B_SPLINE_CURVE_WITH_KNOTS('',1,(#579,#580),.UNSPECIFIED.,.F.,.F.,(2,2),(0.00000000000000000E0,1.00000000000000000E0),.UNSPECIFIED.);
#582=DEFINITIONAL_REPRESENTATION('',(#581),#445);
#583=PCURVE('',#117,#582);
#584=CARTESIAN_POINT('',(1.61678918189475169E1,6.69696006638907093E0));
#585=CARTESIAN_POINT('',(1.33939201327781436E1,1.33939201327781401E1));
#586=CARTESIAN_POINT('',(6.69696006638907182E0,1.61678918189475169E1));
#587=(BOUNDED_CURVE()B_SPLINE_CURVE(2,(#584,#585,#586),.UNSPECIFIED.,.F.,.F.)B_SPLINE_CURVE_WITH_KNOTS((3,3),(0.00000000000000000E0,1.00000000000000000E0),.UNSPECIFIED.)CURVE()GEOMETRIC_REPRESENTATION_ITEM()RATIONAL_B_SPLINE_CURVE((1.00000000000000000E0,9.23879532511286738E-1,1.00000000000000000E0))REPRESENTATION_ITEM(''));
#588=DEFINITIONAL_REPRESENTATION('',(#587),#445);
#589=PCURVE('',#76,#588);
#590=CARTESIAN_POINT('',(6.69696006638907182E0,1.61678918189475169E1));
#591=CARTESIAN_POINT('',(1.91341716182544919E0,4.61939766255643391E0));
#592=B_SPLINE_CURVE_WITH_KNOTS('',1,(#590,#591),.UNSPECIFIED.,.F.,.F.,(2,2),(0.00000000000000000E0,1.00000000000000000E0),.UNSPECIFIED.);
#593=DEFINITIONAL_REPRESENTATION('',(#592),#445);
#594=PCURVE('',#76,#593);
#595=CARTESIAN_POINT('',(1.91341716182544919E0,4.61939766255643391E0));
#596=CARTESIAN_POINT('',(3.82683432365089837E0,3.82683432365089748E0));
#597=CARTESIAN_POINT('',(4.61939766255643391E0,1.91341716182544919E0));
#598=(BOUNDED_CURVE()B_SPLINE_CURVE(2,(#595,#596,#597),.UNSPECIFIED.,.F.,.F.)B_SPLINE_CURVE_WITH_KNOTS((3,3),(0.00000000000000000E0,1.00000000000000000E0),.UNSPECIFIED.)CURVE()GEOMETRIC_REPRESENTATION_ITEM()RATIONAL_B_SPLINE_CURVE((1.00000000000000000E0,9.23879532511286738E-1,1.00000000000000000E0))REPRESENTATION_ITEM(''));
#599=DEFINITIONAL_REPRESENTATION('',(#598),#445);
#600=PCURVE('',#76,#599);
#601=CARTESIAN_POINT('',(4.61939766255643391E0,1.91341716182544919E0));
#602=CARTESIAN_POINT('',(1.61678918189475169E1,6.69696006638907093E0));
#603=B_SPLINE_CURVE_WITH_KNOTS('',1,(#601,#602),.UNSPECIFIED.,.F.,.F.,(2,2),(0.00000000000000000E0,1.00000000000000000E0),.UNSPECIFIED.);
#604=DEFINITIONAL_REPRESENTATION('',(#603),#445);
#605=PCURVE('',#76,#604);
#606=CARTESIAN_POINT('',(0.00000000000000000E0,0.00000000000000000E0));
#607=CARTESIAN_POINT('',(1.00000000000000000E0,0.00000000000000000E0));
#608=B_SPLINE_CURVE_WITH_KNOTS('',1,(#606,#607),.UNSPECIFIED.,.F.,.F.,(2,2),(0.00000000000000000E0,1.00000000000000000E0),.UNSPECIFIED.);
#609=DEFINITIONAL_REPRESENTATION('',(#608),#445);
#610=PCURVE('',#124,#609);
#611=CARTESIAN_POINT('',(1.00000000000000000E0,0.00000000000000000E0));
#612=CARTESIAN_POINT('',(1.00000000000000000E0,5.83333333333333370E-1));
#613=B_SPLINE_CURVE_WITH_KNOTS('',1,(#611,#612),.UNSPECIFIED.,.F.,.F.,(2,2),(0.00000000000000000E0,1.00000000000000000E0),.UNSPECIFIED.);
#614=DEFINITIONAL_REPRESENTATION('',(#613),#445);
#615=PCURVE('',#124,#614);
#616=CARTESIAN_POINT('',(1.00000000000000000E0,5.83333333333333370E-1));
#617=CARTESIAN_POINT('',(0.00000000000000000E0,5.83333333333333370E-1));
#618=B_SPLINE_CURVE_WITH_KNOTS('',1,(#616,#617),.UNSPECIFIED.,.F.,.F.,(2,2),(0.00000000000000000E0,1.00000000000000000E0),.UNSPECIFIED.);
#619=DEFINITIONAL_REPRESENTATION('',(#618),#445);
#620=PCURVE('',#124,#619);
#621=CARTESIAN_POINT('',(0.00000000000000000E0,5.83333333333333370E-1));
#622=CARTESIAN_POINT('',(0.00000000000000000E0,0.00000000000000000E0));
#623=B_SPLINE_CURVE_WITH_KNOTS('',1,(#621,#622),.UNSPECIFIED.,.F.,.F.,(2,2),(0.00000000000000000E0,1.00000000000000000E0),.UNSPECIFIED.);
#624=DEFINITIONAL_REPRESENTATION('',(#623),#445);
#625=PCURVE('',#124,#624);
#626=CARTESIAN_POINT('',(1.00000000000000000E0,0.00000000000000000E0));
#627=CARTESIAN_POINT('',(1.00000000000000000E0,1.00000000000000000E0));
#628=B_SPLINE_CURVE_WITH_KNOTS('',1,(#626,#627),.UNSPECIFIED.,.F.,.F.,(2,2),(0.00000000000000000E0,1.00000000000000000E0),.UNSPECIFIED.);
#629=DEFINITIONAL_REPRESENTATION('',(#628),#445);
#630=PCURVE('',#131,#629);
#631=CARTESIAN_POINT('',(1.00000000000000000E0,1.00000000000000000E0));
#632=CARTESIAN_POINT('',(0.00000000000000000E0,1.00000000000000000E0));
#633=B_SPLINE_CURVE_WITH_KNOTS('',1,(#631,#632),.UNSPECIFIED.,.F.,.F.,(2,2),(0.00000000000000000E0,1.00000000000000000E0),.UNSPECIFIED.);
#634=DEFINITIONAL_REPRESENTATION('',(#633),#445);
#635=PCURVE('',#131,#634);
#636=CARTESIAN_POINT('',(0.00000000000000000E0,1.00000000000000000E0));
#637=CARTESIAN_POINT('',(0.00000000000000000E0,0.00000000000000000E0));
#638=B_SPLINE_CURVE_WITH_KNOTS('',1,(#636,#637),.UNSPECIFIED.,.F.,.F.,(2,2),(0.00000000000000000E0,1.00000000000000000E0),.UNSPECIFIED.);
#639=DEFINITIONAL_REPRESENTATION('',(#638),#445);
#640=PCURVE('',#131,#639);
#641=CARTESIAN_POINT('',(0.00000000000000000E0,0.00000000000000000E0));
#642=CARTESIAN_POINT('',(1.00000000000000000E0,0.00000000000000000E0));
#643=B_SPLINE_CURVE_WITH_KNOTS('',1,(#641,#642),.UNSPECIFIED.,.F.,.F.,(2,2),(0.00000000000000000E0,1.00000000000000000E0),.UNSPECIFIED.);
#644=DEFINITIONAL_REPRESENTATION('',(#643),#445);
#645=PCURVE('',#131,#644);
#646=CARTESIAN_POINT('',(-1.84775906502257357E1,7.65366864730179586E0));
#647=CARTESIAN_POINT('',(-4.61939766255643391E0,1.91341716182544919E0));
#648=B_SPLINE_CURVE_WITH_KNOTS('',1,(#646,#647),.UNSPECIFIED.,.F.,.F.,(2,2),(0.00000000000000000E0,1.00000000000000000E0),.UNSPECIFIED.);
#649=DEFINITIONAL_REPRESENTATION('',(#648),#445);
#650=PCURVE('',#107,#649);
#651=CARTESIAN_POINT('',(-4.61939766255643391E0,1.91341716182544919E0));
#652=CARTESIAN_POINT('',(-3.82683432365089837E0,3.82683432365089748E0));
#653=CARTESIAN_POINT('',(-1.91341716182544919E0,4.61939766255643391E0));
#654=(BOUNDED_CURVE()B_SPLINE_CURVE(2,(#651,#652,#653),.UNSPECIFIED.,.F.,.F.)B_SPLINE_CURVE_WITH_KNOTS((3,3),(0.00000000000000000E0,1.00000000000000000E0),.UNSPECIFIED.)CURVE()GEOMETRIC_REPRESENTATION_ITEM()RATIONAL_B_SPLINE_CURVE((1.00000000000000000E0,9.23879532511286738E-1,1.00000000000000000E0))REPRESENTATION_ITEM(''));
#655=DEFINITIONAL_REPRESENTATION('',(#654),#445);
#656=PCURVE('',#107,#655);
#657=CARTESIAN_POINT('',(-1.91341716182544919E0,4.61939766255643391E0));
#658=CARTESIAN_POINT('',(-7.65366864730179675E0,1.84775906502257357E1));
#659=B_SPLINE_CURVE_WITH_KNOTS('',1,(#657,#658),.UNSPECIFIED.,.F.,.F.,(2,2),(0.00000000000000000E0,1.00000000000000000E0),.UNSPECIFIED.);
#660=DEFINITIONAL_REPRESENTATION('',(#659),#445);
#661=PCURVE('',#107,#660);
#662=CARTESIAN_POINT('',(-7.65366864730179675E0,1.84775906502257357E1));
#663=CARTESIAN_POINT('',(-1.53073372946035917E1,1.53073372946035899E1));
#664=CARTESIAN_POINT('',(-1.84775906502257357E1,7.65366864730179586E0));
#665=(BOUNDED_CURVE()B_SPLINE_CURVE(2,(#662,#663,#664),.UNSPECIFIED.,.F.,.F.)B_SPLINE_CURVE_WITH_KNOTS((3,3),(0.00000000000000000E0,1.00000000000000000E0),.UNSPECIFIED.)CURVE()GEOMETRIC_REPRESENTATION_ITEM()RATIONAL_B_SPLINE_CURVE((1.00000000000000000E0,9.23879532511286738E-1,1.00000000000000000E0))REPRESENTATION_ITEM(''));
#666=DEFINITIONAL_REPRESENTATION('',(#665),#445);
#667=PCURVE('',#107,#666);
#668=CARTESIAN_POINT('',(1.00000000000000000E0,0.00000000000000000E0));
#669=CARTESIAN_POINT('',(1.00000000000000000E0,1.00000000000000000E0));
#670=B_SPLINE_CURVE_WITH_KNOTS('',1,(#668,#669),.UNSPECIFIED.,.F.,.F.,(2,2),(0.00000000000000000E0,1.00000000000000000E0),.UNSPECIFIED.);
#671=DEFINITIONAL_REPRESENTATION('',(#670),#445);
#672=PCURVE('',#150,#671);
#673=CARTESIAN_POINT('',(1.00000000000000000E0,1.00000000000000000E0));
#674=CARTESIAN_POINT('',(0.00000000000000000E0,1.00000000000000000E0));
#675=B_SPLINE_CURVE_WITH_KNOTS('',1,(#673,#674),.UNSPECIFIED.,.F.,.F.,(2,2),(0.00000000000000000E0,1.00000000000000000E0),.UNSPECIFIED.);
#676=DEFINITIONAL_REPRESENTATION('',(#675),#445);
#677=PCURVE('',#150,#676);
#678=CARTESIAN_POINT('',(0.00000000000000000E0,1.00000000000000000E0));
#679=CARTESIAN_POINT('',(0.00000000000000000E0,0.00000000000000000E0));
#680=B_SPLINE_CURVE_WITH_KNOTS('',1,(#678,#679),.UNSPECIFIED.,.F.,.F.,(2,2),(0.00000000000000000E0,1.00000000000000000E0),.UNSPECIFIED.);
#681=DEFINITIONAL_REPRESENTATION('',(#680),#445);
#682=PCURVE('',#150,#681);
#683=CARTESIAN_POINT('',(0.00000000000000000E0,0.00000000000000000E0));
#684=CARTESIAN_POINT('',(1.00000000000000000E0,0.00000000000000000E0));
#685=B_SPLINE_CURVE_WITH_KNOTS('',1,(#683,#684),.UNSPECIFIED.,.F.,.F.,(2,2),(0.00000000000000000E0,1.00000000000000000E0),.UNSPECIFIED.);
#686=DEFINITIONAL_REPRESENTATION('',(#685),#445);
#687=PCURVE('',#150,#686);
#688=CARTESIAN_POINT('',(6.69696006638907182E0,1.61678918189475169E1));
#689=CARTESIAN_POINT('',(5.42550814098595513E0,1.66945444503548757E1));
#690=CARTESIAN_POINT('',(4.39522073576203098E0,1.77966977737846790E1));
#691=CARTESIAN_POINT('',(3.14268218308152436E0,1.90872359619935885E1));
#692=CARTESIAN_POINT('',(1.57281102526066308E0,2.00000000000000000E1));
#693=CARTESIAN_POINT('',(0.00000000000000000E0,2.00000000000000000E1));
#694=(BOUNDED_CURVE()B_SPLINE_CURVE(5,(#688,#689,#690,#691,#692,#693),.UNSPECIFIED.,.F.,.F.)B_SPLINE_CURVE_WITH_KNOTS((6,6),(0.00000000000000000E0,1.00000000000000000E0),.UNSPECIFIED.)CURVE()GEOMETRIC_REPRESENTATION_ITEM()RATIONAL_B_SPLINE_CURVE((1.00000000000000000E0,9.92314112161292172E-1,9.88471168241938147E-1,9.88471168241938258E-1,9.92314112161292172E-1,1.00000000000000000E0))REPRESENTATION_ITEM(''));
#695=DEFINITIONAL_REPRESENTATION('',(#694),#445);
#696=PCURVE('',#76,#695);
#697=CARTESIAN_POINT('',(0.00000000000000000E0,2.00000000000000000E1));
#698=CARTESIAN_POINT('',(0.00000000000000000E0,5.00000000000000000E0));
#699=B_SPLINE_CURVE_WITH_KNOTS('',1,(#697,#698),.UNSPECIFIED.,.F.,.F.,(2,2),(0.00000000000000000E0,1.00000000000000000E0),.UNSPECIFIED.);
#700=DEFINITIONAL_REPRESENTATION('',(#699),#445);
#701=PCURVE('',#76,#700);
#702=CARTESIAN_POINT('',(0.00000000000000000E0,5.00000000000000000E0));
#703=CARTESIAN_POINT('',(3.93202756315165769E-1,5.00000000000000000E0));
#704=CARTESIAN_POINT('',(7.85670545770381090E-1,4.96149585848614105E0));
#705=CARTESIAN_POINT('',(1.17281732825642759E0,4.88448757545842493E0));
#706=CARTESIAN_POINT('',(1.55014518313884420E0,4.76986984295853489E0));
#707=CARTESIAN_POINT('',(1.91341716182544919E0,4.61939766255643391E0));
#708=(BOUNDED_CURVE()B_SPLINE_CURVE(5,(#702,#703,#704,#705,#706,#707),.UNSPECIFIED.,.F.,.F.)B_SPLINE_CURVE_WITH_KNOTS((6,6),(0.00000000000000000E0,1.00000000000000000E0),.UNSPECIFIED.)CURVE()GEOMETRIC_REPRESENTATION_ITEM()RATIONAL_B_SPLINE_CURVE((1.00000000000000000E0,9.92314112161292172E-1,9.88471168241938258E-1,9.88471168241938147E-1,9.92314112161292172E-1,1.00000000000000000E0))REPRESENTATION_ITEM(''));
#709=DEFINITIONAL_REPRESENTATION('',(#708),#445);
#710=PCURVE('',#76,#709);
#711=CARTESIAN_POINT('',(1.91341716182544919E0,4.61939766255643391E0));
#712=CARTESIAN_POINT('',(6.69696006638907182E0,1.61678918189475169E1));
#713=B_SPLINE_CURVE_WITH_KNOTS('',1,(#711,#712),.UNSPECIFIED.,.F.,.F.,(2,2),(0.00000000000000000E0,1.00000000000000000E0),.UNSPECIFIED.);
#714=DEFINITIONAL_REPRESENTATION('',(#713),#445);
#715=PCURVE('',#76,#714);
#716=CARTESIAN_POINT('',(0.00000000000000000E0,0.00000000000000000E0));
#717=CARTESIAN_POINT('',(1.00000000000000000E0,0.00000000000000000E0));
#718=B_SPLINE_CURVE_WITH_KNOTS('',1,(#716,#717),.UNSPECIFIED.,.F.,.F.,(2,2),(0.00000000000000000E0,1.00000000000000000E0),.UNSPECIFIED.);
#719=DEFINITIONAL_REPRESENTATION('',(#718),#445);
#720=PCURVE('',#163,#719);
#721=CARTESIAN_POINT('',(1.00000000000000000E0,0.00000000000000000E0));
#722=CARTESIAN_POINT('',(1.00000000000000000E0,1.00000000000000000E0));
#723=B_SPLINE_CURVE_WITH_KNOTS('',1,(#721,#722),.UNSPECIFIED.,.F.,.F.,(2,2),(0.00000000000000000E0,1.00000000000000000E0),.UNSPECIFIED.);
#724=DEFINITIONAL_REPRESENTATION('',(#723),#445);
#725=PCURVE('',#163,#724);
#726=CARTESIAN_POINT('',(1.00000000000000000E0,1.00000000000000000E0));
#727=CARTESIAN_POINT('',(6.66666666666666630E-1,1.00000000000000000E0));
#728=CARTESIAN_POINT('',(3.33333333333333315E-1,5.83333333333333370E-1));
#729=CARTESIAN_POINT('',(0.00000000000000000E0,5.83333333333333370E-1));
#730=B_SPLINE_CURVE_WITH_KNOTS('',3,(#726,#727,#728,#729),.UNSPECIFIED.,.F.,.F.,(4,4),(0.00000000000000000E0,1.00000000000000000E0),.UNSPECIFIED.);
#731=DEFINITIONAL_REPRESENTATION('',(#730),#445);
#732=PCURVE('',#163,#731);
#733=CARTESIAN_POINT('',(0.00000000000000000E0,5.83333333333333370E-1));
#734=CARTESIAN_POINT('',(0.00000000000000000E0,0.00000000000000000E0));
#735=B_SPLINE_CURVE_WITH_KNOTS('',1,(#733,#734),.UNSPECIFIED.,.F.,.F.,(2,2),(0.00000000000000000E0,1.00000000000000000E0),.UNSPECIFIED.);
#736=DEFINITIONAL_REPRESENTATION('',(#735),#445);
#737=PCURVE('',#163,#736);
#738=CARTESIAN_POINT('',(1.00000000000000000E0,0.00000000000000000E0));
#739=CARTESIAN_POINT('',(1.00000000000000000E0,1.00000000000000000E0));
#740=B_SPLINE_CURVE_WITH_KNOTS('',1,(#738,#739),.UNSPECIFIED.,.F.,.F.,(2,2),(0.00000000000000000E0,1.00000000000000000E0),.UNSPECIFIED.);
#741=DEFINITIONAL_REPRESENTATION('',(#740),#445);
#742=PCURVE('',#176,#741);
#743=CARTESIAN_POINT('',(1.00000000000000000E0,1.00000000000000000E0));
#744=CARTESIAN_POINT('',(0.00000000000000000E0,1.00000000000000000E0));
#745=B_SPLINE_CURVE_WITH_KNOTS('',1,(#743,#744),.UNSPECIFIED.,.F.,.F.,(2,2),(0.00000000000000000E0,1.00000000000000000E0),.UNSPECIFIED.);
#746=DEFINITIONAL_REPRESENTATION('',(#745),#445);
#747=PCURVE('',#176,#746);
#748=CARTESIAN_POINT('',(0.00000000000000000E0,1.00000000000000000E0));
#749=CARTESIAN_POINT('',(0.00000000000000000E0,0.00000000000000000E0));
#750=B_SPLINE_CURVE_WITH_KNOTS('',1,(#748,#749),.UNSPECIFIED.,.F.,.F.,(2,2),(0.00000000000000000E0,1.00000000000000000E0),.UNSPECIFIED.);
#751=DEFINITIONAL_REPRESENTATION('',(#750),#445);
#752=PCURVE('',#176,#751);
#753=CARTESIAN_POINT('',(0.00000000000000000E0,0.00000000000000000E0));
#754=CARTESIAN_POINT('',(1.00000000000000000E0,0.00000000000000000E0));
#755=B_SPLINE_CURVE_WITH_KNOTS('',1,(#753,#754),.UNSPECIFIED.,.F.,.F.,(2,2),(0.00000000000000000E0,1.00000000000000000E0),.UNSPECIFIED.);
#756=DEFINITIONAL_REPRESENTATION('',(#755),#445);
#757=PCURVE('',#176,#756);
#758=CARTESIAN_POINT('',(-7.65366864730179675E0,1.84775906502257357E1));
#759=CARTESIAN_POINT('',(-1.91341716182544919E0,4.61939766255643391E0));
#760=B_SPLINE_CURVE_WITH_KNOTS('',1,(#758,#759),.UNSPECIFIED.,.F.,.F.,(2,2),(0.00000000000000000E0,1.00000000000000000E0),.UNSPECIFIED.);
#761=DEFINITIONAL_REPRESENTATION('',(#760),#445);
#762=PCURVE('',#107,#761);
#763=CARTESIAN_POINT('',(-1.91341716182544919E0,4.61939766255643391E0));
#764=CARTESIAN_POINT('',(-1.55014518313884420E0,4.76986984295853489E0));
#765=CARTESIAN_POINT('',(-1.17281732825642759E0,4.88448757545842493E0));
#766=CARTESIAN_POINT('',(-7.85670545770381090E-1,4.96149585848614105E0));
#767=CARTESIAN_POINT('',(-3.93202756315165769E-1,5.00000000000000000E0));
#768=CARTESIAN_POINT('',(0.00000000000000000E0,5.00000000000000000E0));
#769=(BOUNDED_CURVE()B_SPLINE_CURVE(5,(#763,#764,#765,#766,#767,#768),.UNSPECIFIED.,.F.,.F.)B_SPLINE_CURVE_WITH_KNOTS((6,6),(0.00000000000000000E0,1.00000000000000000E0),.UNSPECIFIED.)CURVE()GEOMETRIC_REPRESENTATION_ITEM()RATIONAL_B_SPLINE_CURVE((1.00000000000000000E0,9.92314112161292172E-1,9.88471168241938147E-1,9.88471168241938258E-1,9.92314112161292172E-1,1.00000000000000000E0))REPRESENTATION_ITEM(''));
#770=DEFINITIONAL_REPRESENTATION('',(#769),#445);
#771=PCURVE('',#107,#770);
#772=CARTESIAN_POINT('',(0.00000000000000000E0,5.00000000000000000E0));
#773=CARTESIAN_POINT('',(0.00000000000000000E0,2.00000000000000000E1));
#774=B_SPLINE_CURVE_WITH_KNOTS('',1,(#772,#773),.UNSPECIFIED.,.F.,.F.,(2,2),(0.00000000000000000E0,1.00000000000000000E0),.UNSPECIFIED.);
#775=DEFINITIONAL_REPRESENTATION('',(#774),#445);
#776=PCURVE('',#107,#775);
#777=CARTESIAN_POINT('',(0.00000000000000000E0,2.00000000000000000E1));
#778=CARTESIAN_POINT('',(-1.57281102526066308E0,2.00000000000000000E1));
#779=CARTESIAN_POINT('',(-3.14268218308152436E0,1.98459834339445642E1));
#780=CARTESIAN_POINT('',(-4.69126931302571037E0,1.95379503018336997E1));
#781=CARTESIAN_POINT('',(-6.20058073255537678E0,1.90794793718341396E1));
#782=CARTESIAN_POINT('',(-7.65366864730179675E0,1.84775906502257357E1));
#783=(BOUNDED_CURVE()B_SPLINE_CURVE(5,(#777,#778,#779,#780,#781,#782),.UNSPECIFIED.,.F.,.F.)B_SPLINE_CURVE_WITH_KNOTS((6,6),(0.00000000000000000E0,1.00000000000000000E0),.UNSPECIFIED.)CURVE()GEOMETRIC_REPRESENTATION_ITEM()RATIONAL_B_SPLINE_CURVE((1.00000000000000000E0,9.92314112161292172E-1,9.88471168241938258E-1,9.88471168241938147E-1,9.92314112161292172E-1,1.00000000000000000E0))REPRESENTATION_ITEM(''));
#784=DEFINITIONAL_REPRESENTATION('',(#783),#445);
#785=PCURVE('',#107,#784);
#786=CARTESIAN_POINT('',(0.00000000000000000E0,2.00000000000000000E1));
#787=CARTESIAN_POINT('',(-1.99999999999999964E1,2.00000000000000000E1));
#788=CARTESIAN_POINT('',(-2.00000000000000000E1,0.00000000000000000E0));
#789=(BOUNDED_CURVE()B_SPLINE_CURVE(2,(#786,#787,#788),.UNSPECIFIED.,.F.,.F.)B_SPLINE_CURVE_WITH_KNOTS((3,3),(0.00000000000000000E0,1.00000000000000000E0),.UNSPECIFIED.)CURVE()GEOMETRIC_REPRESENTATION_ITEM()RATIONAL_B_SPLINE_CURVE((1.00000000000000000E0,7.07106781186547573E-1,1.00000000000000000E0))REPRESENTATION_ITEM(''));
#790=DEFINITIONAL_REPRESENTATION('',(#789),#445);
#791=PCURVE('',#76,#790);
#792=CARTESIAN_POINT('',(-2.00000000000000000E1,0.00000000000000000E0));
#793=CARTESIAN_POINT('',(-5.00000000000000000E0,0.00000000000000000E0));
#794=B_SPLINE_CURVE_WITH_KNOTS('',1,(#792,#793),.UNSPECIFIED.,.F.,.F.,(2,2),(0.00000000000000000E0,1.00000000000000000E0),.UNSPECIFIED.);
#795=DEFINITIONAL_REPRESENTATION('',(#794),#445);
#796=PCURVE('',#76,#795);
#797=CARTESIAN_POINT('',(-5.00000000000000000E0,0.00000000000000000E0));
#798=CARTESIAN_POINT('',(-4.99999999999999911E0,5.00000000000000000E0));
#799=CARTESIAN_POINT('',(0.00000000000000000E0,5.00000000000000000E0));
#800=(BOUNDED_CURVE()B_SPLINE_CURVE(2,(#797,#798,#799),.UNSPECIFIED.,.F.,.F.)B_SPLINE_CURVE_WITH_KNOTS((3,3),(0.00000000000000000E0,1.00000000000000000E0),.UNSPECIFIED.)CURVE()GEOMETRIC_REPRESENTATION_ITEM()RATIONAL_B_SPLINE_CURVE((1.00000000000000000E0,7.07106781186547573E-1,1.00000000000000000E0))REPRESENTATION_ITEM(''));
#801=DEFINITIONAL_REPRESENTATION('',(#800),#445);
#802=PCURVE('',#76,#801);
#803=CARTESIAN_POINT('',(0.00000000000000000E0,5.00000000000000000E0));
#804=CARTESIAN_POINT('',(0.00000000000000000E0,2.00000000000000000E1));
#805=B_SPLINE_CURVE_WITH_KNOTS('',1,(#803,#804),.UNSPECIFIED.,.F.,.F.,(2,2),(0.00000000000000000E0,1.00000000000000000E0),.UNSPECIFIED.);
#806=DEFINITIONAL_REPRESENTATION('',(#805),#445);
#807=PCURVE('',#76,#806);
#808=CARTESIAN_POINT('',(0.00000000000000000E0,0.00000000000000000E0));
#809=CARTESIAN_POINT('',(1.00000000000000000E0,0.00000000000000000E0));
#810=B_SPLINE_CURVE_WITH_KNOTS('',1,(#808,#809),.UNSPECIFIED.,.F.,.F.,(2,2),(0.00000000000000000E0,1.00000000000000000E0),.UNSPECIFIED.);
#811=DEFINITIONAL_REPRESENTATION('',(#810),#445);
#812=PCURVE('',#183,#811);
#813=CARTESIAN_POINT('',(1.00000000000000000E0,0.00000000000000000E0));
#814=CARTESIAN_POINT('',(1.00000000000000000E0,1.00000000000000000E0));
#815=B_SPLINE_CURVE_WITH_KNOTS('',1,(#813,#814),.UNSPECIFIED.,.F.,.F.,(2,2),(0.00000000000000000E0,1.00000000000000000E0),.UNSPECIFIED.);
#816=DEFINITIONAL_REPRESENTATION('',(#815),#445);
#817=PCURVE('',#183,#816);
#818=CARTESIAN_POINT('',(1.00000000000000000E0,1.00000000000000000E0));
#819=CARTESIAN_POINT('',(0.00000000000000000E0,1.00000000000000000E0));
#820=B_SPLINE_CURVE_WITH_KNOTS('',1,(#818,#819),.UNSPECIFIED.,.F.,.F.,(2,2),(0.00000000000000000E0,1.00000000000000000E0),.UNSPECIFIED.);
#821=DEFINITIONAL_REPRESENTATION('',(#820),#445);
#822=PCURVE('',#183,#821);
#823=CARTESIAN_POINT('',(0.00000000000000000E0,1.00000000000000000E0));
#824=CARTESIAN_POINT('',(0.00000000000000000E0,0.00000000000000000E0));
#825=B_SPLINE_CURVE_WITH_KNOTS('',1,(#823,#824),.UNSPECIFIED.,.F.,.F.,(2,2),(0.00000000000000000E0,1.00000000000000000E0),.UNSPECIFIED.);
#826=DEFINITIONAL_REPRESENTATION('',(#825),#445);
#827=PCURVE('',#183,#826);
#828=CARTESIAN_POINT('',(1.00000000000000000E0,0.00000000000000000E0));
#829=CARTESIAN_POINT('',(1.00000000000000000E0,1.00000000000000000E0));
#830=B_SPLINE_CURVE_WITH_KNOTS('',1,(#828,#829),.UNSPECIFIED.,.F.,.F.,(2,2),(0.00000000000000000E0,1.00000000000000000E0),.UNSPECIFIED.);
#831=DEFINITIONAL_REPRESENTATION('',(#830),#445);
#832=PCURVE('',#190,#831);
#833=CARTESIAN_POINT('',(1.00000000000000000E0,1.00000000000000000E0));
#834=CARTESIAN_POINT('',(0.00000000000000000E0,1.00000000000000000E0));
#835=B_SPLINE_CURVE_WITH_KNOTS('',1,(#833,#834),.UNSPECIFIED.,.F.,.F.,(2,2),(0.00000000000000000E0,1.00000000000000000E0),.UNSPECIFIED.);
#836=DEFINITIONAL_REPRESENTATION('',(#835),#445);
#837=PCURVE('',#190,#836);
#838=CARTESIAN_POINT('',(0.00000000000000000E0,1.00000000000000000E0));
#839=CARTESIAN_POINT('',(0.00000000000000000E0,0.00000000000000000E0));
#840=B_SPLINE_CURVE_WITH_KNOTS('',1,(#838,#839),.UNSPECIFIED.,.F.,.F.,(2,2),(0.00000000000000000E0,1.00000000000000000E0),.UNSPECIFIED.);
#841=DEFINITIONAL_REPRESENTATION('',(#840),#445);
#842=PCURVE('',#190,#841);
#843=CARTESIAN_POINT('',(0.00000000000000000E0,0.00000000000000000E0));
#844=CARTESIAN_POINT('',(1.00000000000000000E0,0.00000000000000000E0));
#845=B_SPLINE_CURVE_WITH_KNOTS('',1,(#843,#844),.UNSPECIFIED.,.F.,.F.,(2,2),(0.00000000000000000E0,1.00000000000000000E0),.UNSPECIFIED.);
#846=DEFINITIONAL_REPRESENTATION('',(#845),#445);
#847=PCURVE('',#190,#846);
#848=CARTESIAN_POINT('',(0.00000000000000000E0,2.00000000000000000E1));
#849=CARTESIAN_POINT('',(0.00000000000000000E0,5.00000000000000000E0));
#850=B_SPLINE_CURVE_WITH_KNOTS('',1,(#848,#849),.UNSPECIFIED.,.F.,.F.,(2,2),(0.00000000000000000E0,1.00000000000000000E0),.UNSPECIFIED.);
#851=DEFINITIONAL_REPRESENTATION('',(#850),#445);
#852=PCURVE('',#107,#851);
#853=CARTESIAN_POINT('',(0.00000000000000000E0,5.00000000000000000E0));
#854=CARTESIAN_POINT('',(4.99999999999999911E0,5.00000000000000000E0));
#855=CARTESIAN_POINT('',(5.00000000000000000E0,0.00000000000000000E0));
#856=(BOUNDED_CURVE()B_SPLINE_CURVE(2,(#853,#854,#855),.UNSPECIFIED.,.F.,.F.)B_SPLINE_CURVE_WITH_KNOTS((3,3),(0.00000000000000000E0,1.00000000000000000E0),.UNSPECIFIED.)CURVE()GEOMETRIC_REPRESENTATION_ITEM()RATIONAL_B_SPLINE_CURVE((1.00000000000000000E0,7.07106781186547573E-1,1.00000000000000000E0))REPRESENTATION_ITEM(''));
#857=DEFINITIONAL_REPRESENTATION('',(#856),#445);
#858=PCURVE('',#107,#857);
#859=CARTESIAN_POINT('',(5.00000000000000000E0,0.00000000000000000E0));
#860=CARTESIAN_POINT('',(2.00000000000000000E1,0.00000000000000000E0));
#861=B_SPLINE_CURVE_WITH_KNOTS('',1,(#859,#860),.UNSPECIFIED.,.F.,.F.,(2,2),(0.00000000000000000E0,1.00000000000000000E0),.UNSPECIFIED.);
#862=DEFINITIONAL_REPRESENTATION('',(#861),#445);
#863=PCURVE('',#107,#862);
#864=CARTESIAN_POINT('',(2.00000000000000000E1,0.00000000000000000E0));
#865=CARTESIAN_POINT('',(1.99999999999999964E1,2.00000000000000000E1));
#866=CARTESIAN_POINT('',(0.00000000000000000E0,2.00000000000000000E1));
#867=(BOUNDED_CURVE()B_SPLINE_CURVE(2,(#864,#865,#866),.UNSPECIFIED.,.F.,.F.)B_SPLINE_CURVE_WITH_KNOTS((3,3),(0.00000000000000000E0,1.00000000000000000E0),.UNSPECIFIED.)CURVE()GEOMETRIC_REPRESENTATION_ITEM()RATIONAL_B_SPLINE_CURVE((1.00000000000000000E0,7.07106781186547573E-1,1.00000000000000000E0))REPRESENTATION_ITEM(''));
#868=DEFINITIONAL_REPRESENTATION('',(#867),#445);
#869=PCURVE('',#107,#868);
#870=CARTESIAN_POINT('',(-2.00000000000000000E1,0.00000000000000000E0));
#871=CARTESIAN_POINT('',(-2.00000000000000036E1,-1.99999999999999964E1));
#872=CARTESIAN_POINT('',(0.00000000000000000E0,-2.00000000000000000E1));
#873=(BOUNDED_CURVE()B_SPLINE_CURVE(2,(#870,#871,#872),.UNSPECIFIED.,.F.,.F.)B_SPLINE_CURVE_WITH_KNOTS((3,3),(0.00000000000000000E0,1.00000000000000000E0),.UNSPECIFIED.)CURVE()GEOMETRIC_REPRESENTATION_ITEM()RATIONAL_B_SPLINE_CURVE((1.00000000000000000E0,7.07106781186547573E-1,1.00000000000000000E0))REPRESENTATION_ITEM(''));
#874=DEFINITIONAL_REPRESENTATION('',(#873),#445);
#875=PCURVE('',#76,#874);
#876=CARTESIAN_POINT('',(0.00000000000000000E0,-2.00000000000000000E1));
#877=CARTESIAN_POINT('',(0.00000000000000000E0,-5.00000000000000000E0));
#878=B_SPLINE_CURVE_WITH_KNOTS('',1,(#876,#877),.UNSPECIFIED.,.F.,.F.,(2,2),(0.00000000000000000E0,1.00000000000000000E0),.UNSPECIFIED.);
#879=DEFINITIONAL_REPRESENTATION('',(#878),#445);
#880=PCURVE('',#76,#879);
#881=CARTESIAN_POINT('',(0.00000000000000000E0,-5.00000000000000000E0));
#882=CARTESIAN_POINT('',(-5.00000000000000089E0,-4.99999999999999911E0));
#883=CARTESIAN_POINT('',(-5.00000000000000000E0,0.00000000000000000E0));
#884=(BOUNDED_CURVE()B_SPLINE_CURVE(2,(#881,#882,#883),.UNSPECIFIED.,.F.,.F.)B_SPLINE_CURVE_WITH_KNOTS((3,3),(0.00000000000000000E0,1.00000000000000000E0),.UNSPECIFIED.)CURVE()GEOMETRIC_REPRESENTATION_ITEM()RATIONAL_B_SPLINE_CURVE((1.00000000000000000E0,7.07106781186547573E-1,1.00000000000000000E0))REPRESENTATION_ITEM(''));
#885=DEFINITIONAL_REPRESENTATION('',(#884),#445);
#886=PCURVE('',#76,#885);
#887=CARTESIAN_POINT('',(-5.00000000000000000E0,0.00000000000000000E0));
#888=CARTESIAN_POINT('',(-2.00000000000000000E1,0.00000000000000000E0));
#889=B_SPLINE_CURVE_WITH_KNOTS('',1,(#887,#888),.UNSPECIFIED.,.F.,.F.,(2,2),(0.00000000000000000E0,1.00000000000000000E0),.UNSPECIFIED.);
#890=DEFINITIONAL_REPRESENTATION('',(#889),#445);
#891=PCURVE('',#76,#890);
#892=CARTESIAN_POINT('',(0.00000000000000000E0,0.00000000000000000E0));
#893=CARTESIAN_POINT('',(1.00000000000000000E0,0.00000000000000000E0));
#894=B_SPLINE_CURVE_WITH_KNOTS('',1,(#892,#893),.UNSPECIFIED.,.F.,.F.,(2,2),(0.00000000000000000E0,1.00000000000000000E0),.UNSPECIFIED.);
#895=DEFINITIONAL_REPRESENTATION('',(#894),#445);
#896=PCURVE('',#197,#895);
#897=CARTESIAN_POINT('',(1.00000000000000000E0,0.00000000000000000E0));
#898=CARTESIAN_POINT('',(1.00000000000000000E0,1.00000000000000000E0));
#899=B_SPLINE_CURVE_WITH_KNOTS('',1,(#897,#898),.UNSPECIFIED.,.F.,.F.,(2,2),(0.00000000000000000E0,1.00000000000000000E0),.UNSPECIFIED.);
#900=DEFINITIONAL_REPRESENTATION('',(#899),#445);
#901=PCURVE('',#197,#900);
#902=CARTESIAN_POINT('',(1.00000000000000000E0,1.00000000000000000E0));
#903=CARTESIAN_POINT('',(0.00000000000000000E0,1.00000000000000000E0));
#904=B_SPLINE_CURVE_WITH_KNOTS('',1,(#902,#903),.UNSPECIFIED.,.F.,.F.,(2,2),(0.00000000000000000E0,1.00000000000000000E0),.UNSPECIFIED.);
#905=DEFINITIONAL_REPRESENTATION('',(#904),#445);
#906=PCURVE('',#197,#905);
#907=CARTESIAN_POINT('',(0.00000000000000000E0,1.00000000000000000E0));
#908=CARTESIAN_POINT('',(0.00000000000000000E0,0.00000000000000000E0));
#909=B_SPLINE_CURVE_WITH_KNOTS('',1,(#907,#908),.UNSPECIFIED.,.F.,.F.,(2,2),(0.00000000000000000E0,1.00000000000000000E0),.UNSPECIFIED.);
#910=DEFINITIONAL_REPRESENTATION('',(#909),#445);
#911=PCURVE('',#197,#910);
#912=CARTESIAN_POINT('',(1.00000000000000000E0,0.00000000000000000E0));
#913=CARTESIAN_POINT('',(1.00000000000000000E0,1.00000000000000000E0));
#914=B_SPLINE_CURVE_WITH_KNOTS('',1,(#912,#913),.UNSPECIFIED.,.F.,.F.,(2,2),(0.00000000000000000E0,1.00000000000000000E0),.UNSPECIFIED.);
#915=DEFINITIONAL_REPRESENTATION('',(#914),#445);
#916=PCURVE('',#204,#915);
#917=CARTESIAN_POINT('',(1.00000000000000000E0,1.00000000000000000E0));
#918=CARTESIAN_POINT('',(0.00000000000000000E0,1.00000000000000000E0));
#919=B_SPLINE_CURVE_WITH_KNOTS('',1,(#917,#918),.UNSPECIFIED.,.F.,.F.,(2,2),(0.00000000000000000E0,1.00000000000000000E0),.UNSPECIFIED.);
#920=DEFINITIONAL_REPRESENTATION('',(#919),#445);
#921=PCURVE('',#204,#920);
#922=CARTESIAN_POINT('',(0.00000000000000000E0,1.00000000000000000E0));
#923=CARTESIAN_POINT('',(0.00000000000000000E0,0.00000000000000000E0));
#924=B_SPLINE_CURVE_WITH_KNOTS('',1,(#922,#923),.UNSPECIFIED.,.F.,.F.,(2,2),(0.00000000000000000E0,1.00000000000000000E0),.UNSPECIFIED.);
#925=DEFINITIONAL_REPRESENTATION('',(#924),#445);
#926=PCURVE('',#204,#925);
#927=CARTESIAN_POINT('',(0.00000000000000000E0,0.00000000000000000E0));
#928=CARTESIAN_POINT('',(1.00000000000000000E0,0.00000000000000000E0));
#929=B_SPLINE_CURVE_WITH_KNOTS('',1,(#927,#928),.UNSPECIFIED.,.F.,.F.,(2,2),(0.00000000000000000E0,1.00000000000000000E0),.UNSPECIFIED.);
#930=DEFINITIONAL_REPRESENTATION('',(#929),#445);
#931=PCURVE('',#204,#930);
#932=CARTESIAN_POINT('',(2.00000000000000000E1,0.00000000000000000E0));
#933=CARTESIAN_POINT('',(5.00000000000000000E0,0.00000000000000000E0));
#934=B_SPLINE_CURVE_WITH_KNOTS('',1,(#932,#933),.UNSPECIFIED.,.F.,.F.,(2,2),(0.00000000000000000E0,1.00000000000000000E0),.UNSPECIFIED.);
#935=DEFINITIONAL_REPRESENTATION('',(#934),#445);
#936=PCURVE('',#107,#935);
#937=CARTESIAN_POINT('',(5.00000000000000000E0,0.00000000000000000E0));
#938=CARTESIAN_POINT('',(5.00000000000000089E0,-4.99999999999999911E0));
#939=CARTESIAN_POINT('',(0.00000000000000000E0,-5.00000000000000000E0));
#940=(BOUNDED_CURVE()B_SPLINE_CURVE(2,(#937,#938,#939),.UNSPECIFIED.,.F.,.F.)B_SPLINE_CURVE_WITH_KNOTS((3,3),(0.00000000000000000E0,1.00000000000000000E0),.UNSPECIFIED.)CURVE()GEOMETRIC_REPRESENTATION_ITEM()RATIONAL_B_SPLINE_CURVE((1.00000000000000000E0,7.07106781186547573E-1,1.00000000000000000E0))REPRESENTATION_ITEM(''));
#941=DEFINITIONAL_REPRESENTATION('',(#940),#445);
#942=PCURVE('',#107,#941);
#943=CARTESIAN_POINT('',(0.00000000000000000E0,-5.00000000000000000E0));
#944=CARTESIAN_POINT('',(0.00000000000000000E0,-2.00000000000000000E1));
#945=B_SPLINE_CURVE_WITH_KNOTS('',1,(#943,#944),.UNSPECIFIED.,.F.,.F.,(2,2),(0.00000000000000000E0,1.00000000000000000E0),.UNSPECIFIED.);
#946=DEFINITIONAL_REPRESENTATION('',(#945),#445);
#947=PCURVE('',#107,#946);
#948=CARTESIAN_POINT('',(0.00000000000000000E0,-2.00000000000000000E1));
#949=CARTESIAN_POINT('',(2.00000000000000036E1,-1.99999999999999964E1));
#950=CARTESIAN_POINT('',(2.00000000000000000E1,0.00000000000000000E0));
#951=(BOUNDED_CURVE()B_SPLINE_CURVE(2,(#948,#949,#950),.UNSPECIFIED.,.F.,.F.)B_SPLINE_CURVE_WITH_KNOTS((3,3),(0.00000000000000000E0,1.00000000000000000E0),.UNSPECIFIED.)CURVE()GEOMETRIC_REPRESENTATION_ITEM()RATIONAL_B_SPLINE_CURVE((1.00000000000000000E0,7.07106781186547573E-1,1.00000000000000000E0))REPRESENTATION_ITEM(''));
#952=DEFINITIONAL_REPRESENTATION('',(#951),#445);
#953=PCURVE('',#107,#952);
#954=CARTESIAN_POINT('',(0.00000000000000000E0,-2.00000000000000000E1));
#955=CARTESIAN_POINT('',(1.99999999999999929E1,-2.00000000000000036E1));
#956=CARTESIAN_POINT('',(2.00000000000000000E1,0.00000000000000000E0));
#957=(BOUNDED_CURVE()B_SPLINE_CURVE(2,(#954,#955,#956),.UNSPECIFIED.,.F.,.F.)B_SPLINE_CURVE_WITH_KNOTS((3,3),(0.00000000000000000E0,1.00000000000000000E0),.UNSPECIFIED.)CURVE()GEOMETRIC_REPRESENTATION_ITEM()RATIONAL_B_SPLINE_CURVE((1.00000000000000000E0,7.07106781186547573E-1,1.00000000000000000E0))REPRESENTATION_ITEM(''));
#958=DEFINITIONAL_REPRESENTATION('',(#957),#445);
#959=PCURVE('',#76,#958);
#960=CARTESIAN_POINT('',(2.00000000000000000E1,0.00000000000000000E0));
#961=CARTESIAN_POINT('',(5.00000000000000000E0,0.00000000000000000E0));
#962=B_SPLINE_CURVE_WITH_KNOTS('',1,(#960,#961),.UNSPECIFIED.,.F.,.F.,(2,2),(0.00000000000000000E0,1.00000000000000000E0),.UNSPECIFIED.);
#963=DEFINITIONAL_REPRESENTATION('',(#962),#445);
#964=PCURVE('',#76,#963);
#965=CARTESIAN_POINT('',(5.00000000000000000E0,0.00000000000000000E0));
#966=CARTESIAN_POINT('',(4.99999999999999822E0,-5.00000000000000089E0));
#967=CARTESIAN_POINT('',(0.00000000000000000E0,-5.00000000000000000E0));
#968=(BOUNDED_CURVE()B_SPLINE_CURVE(2,(#965,#966,#967),.UNSPECIFIED.,.F.,.F.)B_SPLINE_CURVE_WITH_KNOTS((3,3),(0.00000000000000000E0,1.00000000000000000E0),.UNSPECIFIED.)CURVE()GEOMETRIC_REPRESENTATION_ITEM()RATIONAL_B_SPLINE_CURVE((1.00000000000000000E0,7.07106781186547573E-1,1.00000000000000000E0))REPRESENTATION_ITEM(''));
#969=DEFINITIONAL_REPRESENTATION('',(#968),#445);
#970=PCURVE('',#76,#969);
#971=CARTESIAN_POINT('',(0.00000000000000000E0,-5.00000000000000000E0));
#972=CARTESIAN_POINT('',(0.00000000000000000E0,-2.00000000000000000E1));
#973=B_SPLINE_CURVE_WITH_KNOTS('',1,(#971,#972),.UNSPECIFIED.,.F.,.F.,(2,2),(0.00000000000000000E0,1.00000000000000000E0),.UNSPECIFIED.);
#974=DEFINITIONAL_REPRESENTATION('',(#973),#445);
#975=PCURVE('',#76,#974);
#976=CARTESIAN_POINT('',(0.00000000000000000E0,0.00000000000000000E0));
#977=CARTESIAN_POINT('',(1.00000000000000000E0,0.00000000000000000E0));
#978=B_SPLINE_CURVE_WITH_KNOTS('',1,(#976,#977),.UNSPECIFIED.,.F.,.F.,(2,2),(0.00000000000000000E0,1.00000000000000000E0),.UNSPECIFIED.);
#979=DEFINITIONAL_REPRESENTATION('',(#978),#445);
#980=PCURVE('',#211,#979);
#981=CARTESIAN_POINT('',(1.00000000000000000E0,0.00000000000000000E0));
#982=CARTESIAN_POINT('',(1.00000000000000000E0,1.00000000000000000E0));
#983=B_SPLINE_CURVE_WITH_KNOTS('',1,(#981,#982),.UNSPECIFIED.,.F.,.F.,(2,2),(0.00000000000000000E0,1.00000000000000000E0),.UNSPECIFIED.);
#984=DEFINITIONAL_REPRESENTATION('',(#983),#445);
#985=PCURVE('',#211,#984);
#986=CARTESIAN_POINT('',(1.00000000000000000E0,1.00000000000000000E0));
#987=CARTESIAN_POINT('',(0.00000000000000000E0,1.00000000000000000E0));
#988=B_SPLINE_CURVE_WITH_KNOTS('',1,(#986,#987),.UNSPECIFIED.,.F.,.F.,(2,2),(0.00000000000000000E0,1.00000000000000000E0),.UNSPECIFIED.);
#989=DEFINITIONAL_REPRESENTATION('',(#988),#445);
#990=PCURVE('',#211,#989);
#991=CARTESIAN_POINT('',(0.00000000000000000E0,1.00000000000000000E0));
#992=CARTESIAN_POINT('',(0.00000000000000000E0,0.00000000000000000E0));
#993=B_SPLINE_CURVE_WITH_KNOTS('',1,(#991,#992),.UNSPECIFIED.,.F.,.F.,(2,2),(0.00000000000000000E0,1.00000000000000000E0),.UNSPECIFIED.);
#994=DEFINITIONAL_REPRESENTATION('',(#993),#445);
#995=PCURVE('',#211,#994);
#996=CARTESIAN_POINT('',(1.00000000000000000E0,0.00000000000000000E0));
#997=CARTESIAN_POINT('',(1.00000000000000000E0,1.00000000000000000E0));
#998=B_SPLINE_CURVE_WITH_KNOTS('',1,(#996,#997),.UNSPECIFIED.,.F.,.F.,(2,2),(0.00000000000000000E0,1.00000000000000000E0),.UNSPECIFIED.);
#999=DEFINITIONAL_REPRESENTATION('',(#998),#445);
#1000=PCURVE('',#218,#999);
#1001=CARTESIAN_POINT('',(1.00000000000000000E0,1.00000000000000000E0));
#1002=CARTESIAN_POINT('',(0.00000000000000000E0,1.00000000000000000E0));
#1003=B_SPLINE_CURVE_WITH_KNOTS('',1,(#1001,#1002),.UNSPECIFIED.,.F.,.F.,(2,2),(0.00000000000000000E0,1.00000000000000000E0),.UNSPECIFIED.);
#1004=DEFINITIONAL_REPRESENTATION('',(#1003),#445);
#1005=PCURVE('',#218,#1004);
#1006=CARTESIAN_POINT('',(0.00000000000000000E0,1.00000000000000000E0));
#1007=CARTESIAN_POINT('',(0.00000000000000000E0,0.00000000000000000E0));
#1008=B_SPLINE_CURVE_WITH_KNOTS('',1,(#1006,#1007),.UNSPECIFIED.,.F.,.F.,(2,2),(0.00000000000000000E0,1.00000000000000000E0),.UNSPECIFIED.);
#1009=DEFINITIONAL_REPRESENTATION('',(#1008),#445);
#1010=PCURVE('',#218,#1009);
#1011=CARTESIAN_POINT('',(0.00000000000000000E0,0.00000000000000000E0));
#1012=CARTESIAN_POINT('',(1.00000000000000000E0,0.00000000000000000E0));
#1013=B_SPLINE_CURVE_WITH_KNOTS('',1,(#1011,#1012),.UNSPECIFIED.,.F.,.F.,(2,2),(0.00000000000000000E0,1.00000000000000000E0),.UNSPECIFIED.);
#1014=DEFINITIONAL_REPRESENTATION('',(#1013),#445);
#1015=PCURVE('',#218,#1014);
#1016=CARTESIAN_POINT('',(0.00000000000000000E0,-2.00000000000000000E1));
#1017=CARTESIAN_POINT('',(0.00000000000000000E0,-5.00000000000000000E0));
#1018=B_SPLINE_CURVE_WITH_KNOTS('',1,(#1016,#1017),.UNSPECIFIED.,.F.,.F.,(2,2),(0.00000000000000000E0,1.00000000000000000E0),.UNSPECIFIED.);
#1019=DEFINITIONAL_REPRESENTATION('',(#1018),#445);
#1020=PCURVE('',#107,#1019);
#1021=CARTESIAN_POINT('',(0.00000000000000000E0,-5.00000000000000000E0));
#1022=CARTESIAN_POINT('',(-4.99999999999999822E0,-5.00000000000000089E0));
#1023=CARTESIAN_POINT('',(-5.00000000000000000E0,0.00000000000000000E0));
#1024=(BOUNDED_CURVE()B_SPLINE_CURVE(2,(#1021,#1022,#1023),.UNSPECIFIED.,.F.,.F.)B_SPLINE_CURVE_WITH_KNOTS((3,3),(0.00000000000000000E0,1.00000000000000000E0),.UNSPECIFIED.)CURVE()GEOMETRIC_REPRESENTATION_ITEM()RATIONAL_B_SPLINE_CURVE((1.00000000000000000E0,7.07106781186547573E-1,1.00000000000000000E0))REPRESENTATION_ITEM(''));
#1025=DEFINITIONAL_REPRESENTATION('',(#1024),#445);
#1026=PCURVE('',#107,#1025);
#1027=CARTESIAN_POINT('',(-5.00000000000000000E0,0.00000000000000000E0));
#1028=CARTESIAN_POINT('',(-2.00000000000000000E1,0.00000000000000000E0));
#1029=B_SPLINE_CURVE_WITH_KNOTS('',1,(#1027,#1028),.UNSPECIFIED.,.F.,.F.,(2,2),(0.00000000000000000E0,1.00000000000000000E0),.UNSPECIFIED.);
#1030=DEFINITIONAL_REPRESENTATION('',(#1029),#445);
#1031=PCURVE('',#107,#1030);
#1032=CARTESIAN_POINT('',(-2.00000000000000000E1,0.00000000000000000E0));
#1033=CARTESIAN_POINT('',(-1.99999999999999929E1,-2.00000000000000036E1));
#1034=CARTESIAN_POINT('',(0.00000000000000000E0,-2.00000000000000000E1));
#1035=(BOUNDED_CURVE()B_SPLINE_CURVE(2,(#1032,#1033,#1034),.UNSPECIFIED.,.F.,.F.)B_SPLINE_CURVE_WITH_KNOTS((3,3),(0.00000000000000000E0,1.00000000000000000E0),.UNSPECIFIED.)CURVE()GEOMETRIC_REPRESENTATION_ITEM()RATIONAL_B_SPLINE_CURVE((1.00000000000000000E0,7.07106781186547573E-1,1.00000000000000000E0))REPRESENTATION_ITEM(''));
#1036=DEFINITIONAL_REPRESENTATION('',(#1035),#445);
#1037=PCURVE('',#107,#1036);
#1038=SURFACE_CURVE('',#225,(#465,#474),.PCURVE_S1.);
#1039=EDGE_CURVE('OSCAD_TOPO/3|edge|e:a812dbcde51d5fedf304e21c544e70c4|3e1958d94aa1b23b4864e9d1c342db563b61d0c12a5d8cb17d0e8a4fe6c7934c',#2,#4,#1038,.T.);
#1040=SURFACE_CURVE('',#229,(#460,#568),.PCURVE_S1.);
#1041=EDGE_CURVE('OSCAD_TOPO/3|edge|e:5363608bb8a6ced53191fad5e2ad09ed|35dcc951d928b57ef1c65e155a66cfa174ab486a9f25e9783eb09291f9077c16',#4,#6,#1040,.T.);
#1042=SURFACE_CURVE('',#236,(#455,#510),.PCURVE_S1.);
#1043=EDGE_CURVE('OSCAD_TOPO/3|edge|e:dd24891a3a94a275e52960cf0f355519|c23ef13f6b406ed8d01cfe0fc0b31f4a8ea7d04dbddf537515cec368de97029e',#6,#2,#1042,.T.);
#1044=SURFACE_CURVE('',#240,(#450),.PCURVE_S1.);
#1045=EDGE_CURVE('OSCAD_TOPO/3|edge|e:570e3a16634165eee5e4636547a44e95|7a1b3ecbc6af47311327dea6b5feedc45e7bcfada2c8182ef7760e6be277c45a',#2,#2,#1044,.T.);
#1046=SURFACE_CURVE('',#243,(#479,#605),.PCURVE_S1.);
#1047=EDGE_CURVE('OSCAD_TOPO/3|edge|e:e9b07c2d1f6bfceb7c89ea66b86c50c6|07924c2b3397b7f9e8d67a02141e7f8a7a1b85ac162110fabbc20b1b4c9cabfb',#4,#8,#1046,.T.);
#1048=SURFACE_CURVE('',#250,(#488,#525),.PCURVE_S1.);
#1049=EDGE_CURVE('OSCAD_TOPO/3|edge|e:623eff50b8c968f5887f90d7bceecf20|4786fd0f2a45f2247fb84521aad3040c9c8b33aba202854c2f3fdf6775085322',#8,#10,#1048,.T.);
#1050=SURFACE_CURVE('',#253,(#493,#964),.PCURVE_S1.);
#1051=EDGE_CURVE('OSCAD_TOPO/3|edge|e:aa9fb1921fb3678f5a8e0e72104d81de|df6b2cf45dc280d65949485b189580fb695436d50e929f66ab35922546153b0a',#10,#2,#1050,.T.);
#1052=SURFACE_CURVE('',#260,(#498,#563),.PCURVE_S1.);
#1053=EDGE_CURVE('OSCAD_TOPO/3|edge|e:957ee9e1b307148bb0801072e099719c|adb576d2b612ea7a795e5760534a31906199d7065f8773aac8e0881cd68b6d51',#12,#14,#1052,.T.);
#1054=SURFACE_CURVE('',#263,(#503,#625),.PCURVE_S1.);
#1055=EDGE_CURVE('OSCAD_TOPO/3|edge|e:677e346cd009b4164671519f5e6613be|37741dc3b9cf4a1bcc5a46f67e44f0cb57ed864376c64f20e86fb8cfdb50c19f',#14,#6,#1054,.T.);
#1056=SURFACE_CURVE('',#266,(#515,#985),.PCURVE_S1.);
#1057=EDGE_CURVE('OSCAD_TOPO/3|edge|e:089f3fabb852fce729739fbca181edf9|2ad6d4b555a172fdc697db7d347f1fccd60acf0d875ec71d2e189f7921ffbcb7',#2,#12,#1056,.T.);
#1058=SURFACE_CURVE('',#273,(#535,#549),.PCURVE_S1.);
#1059=EDGE_CURVE('OSCAD_TOPO/3|edge|e:5f6ae6db19525e92db957a3a6908cf73|d3698925b5e1a3186a7de0c11a2d7d15c35c39f3f1f364496f57cf3915883f75',#16,#18,#1058,.T.);
#1060=SURFACE_CURVE('',#276,(#530,#630),.PCURVE_S1.);
#1061=EDGE_CURVE('OSCAD_TOPO/3|edge|e:345bce91b3608f8917464b109ef2a62d|7211b0313072e2cebaeb66f698159339a23d2ecaa195fd5513c437e3cd6ce89b',#18,#8,#1060,.T.);
#1062=SURFACE_CURVE('',#279,(#520,#1010),.PCURVE_S1.);
#1063=EDGE_CURVE('OSCAD_TOPO/3|edge|e:cec0d997197acdc44dc28263321b5b6d|4b7e9e6008f1db18bfd8e2cd7ac3e91f2471dce5b97aa77b2f20964b1a0ff63f',#10,#16,#1062,.T.);
#1064=SURFACE_CURVE('',#282,(#554,#650),.PCURVE_S1.);
#1065=EDGE_CURVE('OSCAD_TOPO/3|edge|e:1dffdcdc36c46e684fa54117f65c64eb|0831976f70e112a37db66a30f908e9797be1a582a2dc71d6dac99e1a8c342034',#14,#18,#1064,.T.);
#1066=SURFACE_CURVE('',#285,(#540,#1031),.PCURVE_S1.);
#1067=EDGE_CURVE('OSCAD_TOPO/3|edge|e:69082b4570f8289ad6bb7f6057a578e0|0abc1e75991e1c095804cdeda91f799e34104f4ca4cc4bf358ea68e1aa3d0b61',#16,#12,#1066,.T.);
#1068=SURFACE_CURVE('',#289,(#583,#589),.PCURVE_S1.);
#1069=EDGE_CURVE('OSCAD_TOPO/3|edge|e:8d687d1d93905605f4ef1ab063f6ca80|6ee87a7bb73785a304087bd620c4f5b2f36180fec8d2f2c1f79fcf1c679f9158',#4,#20,#1068,.T.);
#1070=SURFACE_CURVE('',#293,(#578,#672),.PCURVE_S1.);
#1071=EDGE_CURVE('OSCAD_TOPO/3|edge|e:5030611c6e03c83ca0f7e7cbfcad219e|71f77abfa70592f3af2bdf0739b25c4c25262ed2f870cd6dc4049f969f204ceb',#20,#22,#1070,.T.);
#1072=SURFACE_CURVE('',#297,(#573,#620),.PCURVE_S1.);
#1073=EDGE_CURVE('OSCAD_TOPO/3|edge|e:d6c9a7dc82ba3b066f3bdf4bc6f410b3|0704cbb77f330210ece6f5b32a193eb4bcc387c9cdeacec102219a637a089cc4',#22,#6,#1072,.T.);
#1074=SURFACE_CURVE('',#300,(#594,#715),.PCURVE_S1.);
#1075=EDGE_CURVE('OSCAD_TOPO/3|edge|e:fe4efefd141031bb211cb5cbf8a0ef84|3ee7a9b3c408d48a7663fda22f54960f33e1ef3a570591baae615cbf632c84bb',#20,#24,#1074,.T.);
#1076=SURFACE_CURVE('',#304,(#600,#635),.PCURVE_S1.);
#1077=EDGE_CURVE('OSCAD_TOPO/3|edge|e:812dfe985e46ede08efb27e5aea0bcbf|36a8e1da1939274339b5679a161d0179d0176213a2f17b57fc5c93a9ee524ef4',#24,#8,#1076,.T.);
#1078=SURFACE_CURVE('',#308,(#610,#667),.PCURVE_S1.);
#1079=EDGE_CURVE('OSCAD_TOPO/3|edge|e:6d7db395b8a0bc127e545a092a1e4729|ed366999e75b3ff44286933b8d33e4572b00ffe74287d4386cdfa833c75a46b4',#14,#26,#1078,.T.);
#1080=SURFACE_CURVE('',#311,(#615,#737),.PCURVE_S1.);
#1081=EDGE_CURVE('OSCAD_TOPO/3|edge|e:68db01112e4856100a20c00571f40833|0da324221b46feed5a6207ddcea0ca6a7197cc21f4114a84b7338f352d33f7b1',#26,#22,#1080,.T.);
#1082=SURFACE_CURVE('',#315,(#645,#656),.PCURVE_S1.);
#1083=EDGE_CURVE('OSCAD_TOPO/3|edge|e:6519a595235a70da6d19fe8b71d037f7|5929f03df931f5cd5bc113b4f727710d2fcb7f3348bcc584886ce30104049d45',#18,#28,#1082,.T.);
#1084=SURFACE_CURVE('',#318,(#640,#742),.PCURVE_S1.);
#1085=EDGE_CURVE('OSCAD_TOPO/3|edge|e:2a22c5c6536223421f54e58c74224f8d|1cde62547341bf1c4aa7e04f65869af8427d3abb4d4ecd1d03c439ea141b962d',#28,#24,#1084,.T.);
#1086=SURFACE_CURVE('',#321,(#661,#762),.PCURVE_S1.);
#1087=EDGE_CURVE('OSCAD_TOPO/3|edge|e:776e4615694052f32725c0ff1e170dbe|965073afafc4b071ba0a9120440e67062c790694274f848fb42b06ccbda6124d',#26,#28,#1086,.T.);
#1088=SURFACE_CURVE('',#328,(#687,#696),.PCURVE_S1.);
#1089=EDGE_CURVE('OSCAD_TOPO/3|edge|e:4eb38d96f8aff07efefa21dade4baf5b|af78dd2743a5b2e8b6b0a7e6bcb8331c5b6f9d4ba2144997ecf2c8a329aa098b',#20,#30,#1088,.T.);
#1090=SURFACE_CURVE('',#332,(#682),.PCURVE_S1.);
#1091=EDGE_CURVE('OSCAD_TOPO/3|edge|e:d0d8924ea471b24f029d12524fcdf1ac|7d1480f61b6f100011f6d764418ce9e7be3965e05948ebcf48810d269780fe01',#30,#30,#1090,.T.);
#1092=SURFACE_CURVE('',#339,(#677,#732),.PCURVE_S1.);
#1093=EDGE_CURVE('OSCAD_TOPO/3|edge|e:e1a01de53bb42afd3dd4c1931ddacbc9|ff8c0c52f29c45089203b97ee6933b71931b2d54aeb1b17f28178648f0aaf179',#30,#22,#1092,.T.);
#1094=SURFACE_CURVE('',#342,(#701,#807),.PCURVE_S1.);
#1095=EDGE_CURVE('OSCAD_TOPO/3|edge|e:a1d74ebd8906ea90f69bbdfba6fe11a6|e989c84faf0fc2fdb1aeefd021e41eeace466bbf3ba3116c4d6e2c2a54870c5c',#30,#32,#1094,.T.);
#1096=SURFACE_CURVE('',#349,(#710,#747),.PCURVE_S1.);
#1097=EDGE_CURVE('OSCAD_TOPO/3|edge|e:552c6692dd4ecece019d3fe5641e35d9|a9ef1c86ecfdd09b33c2b9279fb632250a98aa59a4510cf59350510a792e10bc',#32,#24,#1096,.T.);
#1098=SURFACE_CURVE('',#356,(#720,#785),.PCURVE_S1.);
#1099=EDGE_CURVE('OSCAD_TOPO/3|edge|e:90f29ff183341923e656ead77089f103|13ce978cf55d72c96abbf383f8f7b5880f4827a023ebd67e29deb4608f576a93',#26,#34,#1098,.T.);
#1100=SURFACE_CURVE('',#359,(#725,#827),.PCURVE_S1.);
#1101=EDGE_CURVE('OSCAD_TOPO/3|edge|e:db49c6f41851f0ac80bda0a75e10c558|5e82e34404af12103bd99d8aa541d2e91b5bad4cc405b5dd94b7b5cc3a4f0687',#34,#30,#1100,.T.);
#1102=SURFACE_CURVE('',#366,(#757,#771),.PCURVE_S1.);
#1103=EDGE_CURVE('OSCAD_TOPO/3|edge|e:f051b748525a65292ed47133ab9bc596|9179417048b5b96e73ee437a8dd09533f9b5fca47b65489dc0e3d352608b8726',#28,#36,#1102,.T.);
#1104=SURFACE_CURVE('',#369,(#752,#832),.PCURVE_S1.);
#1105=EDGE_CURVE('OSCAD_TOPO/3|edge|e:6088b1dc4007af98ac8d4642e57ecc6d|9bea395750944c8e925c15fb4c2e589f605c7b9ac69e47c27652790986ea7d84',#36,#32,#1104,.T.);
#1106=SURFACE_CURVE('',#372,(#776,#852),.PCURVE_S1.);
#1107=EDGE_CURVE('OSCAD_TOPO/3|edge|e:95c293cd4f1e2bfc90fb052d231ef4e7|f9bec19b002de8b98845016293c9710f2494d700384125c909234ebcbc01df5d',#34,#36,#1106,.T.);
#1108=SURFACE_CURVE('',#376,(#791,#822),.PCURVE_S1.);
#1109=EDGE_CURVE('OSCAD_TOPO/3|edge|e:8a61326231aaacec9f12e7c077504f31|0a5d5ce6cd6460405b462678c44b556a04bccd7871e7d34b588abddbcd63a73b',#30,#38,#1108,.T.);
#1110=SURFACE_CURVE('',#379,(#796,#891),.PCURVE_S1.);
#1111=EDGE_CURVE('OSCAD_TOPO/3|edge|e:cf9f5bddcf3461fff51604e2ad46b9ed|f089bcbba6fdd1655b61f1c7a123e9a4feb13326aca7ede5178d1d9103e0b8e9',#38,#40,#1110,.T.);
#1112=SURFACE_CURVE('',#383,(#802,#837),.PCURVE_S1.);
#1113=EDGE_CURVE('OSCAD_TOPO/3|edge|e:90e4d58fd5241ac5afa59eccd4ebd3cf|2dac7e50be2d8f5311ca357692c5dc10002ac963ba5ecf567474a2ab40051672',#40,#32,#1112,.T.);
#1114=SURFACE_CURVE('',#387,(#812,#869),.PCURVE_S1.);
#1115=EDGE_CURVE('OSCAD_TOPO/3|edge|e:af9835b50990d1f87c5d8341077942ce|622fd4ded6d99cd75663c89b5fc4d0ffd5f2e6057aa8254644b305ac264db7b0',#34,#42,#1114,.T.);
#1116=SURFACE_CURVE('',#390,(#817,#911),.PCURVE_S1.);
#1117=EDGE_CURVE('OSCAD_TOPO/3|edge|e:7c0bdd6b5f46ee0fde28061fd290ef74|a3417e03d3092b46fc86d0906fec1e343e32d1dfa8577589b5a46caa4aa84225',#42,#38,#1116,.T.);
#1118=SURFACE_CURVE('',#394,(#847,#858),.PCURVE_S1.);
#1119=EDGE_CURVE('OSCAD_TOPO/3|edge|e:7dd8b2d331bbde8e12323a654543ff53|f832da5eec594169755a5b54dead605853f5e61af281aeb351b8d22a9d6cf2ec',#36,#44,#1118,.T.);
#1120=SURFACE_CURVE('',#397,(#842,#916),.PCURVE_S1.);
#1121=EDGE_CURVE('OSCAD_TOPO/3|edge|e:053537c552ad7e1c1df56126168a38e7|1a64270a5ca67f1873085a050e0762ea04ad10162cf64030bf9645f27164e72d',#44,#40,#1120,.T.);
#1122=SURFACE_CURVE('',#400,(#863,#936),.PCURVE_S1.);
#1123=EDGE_CURVE('OSCAD_TOPO/3|edge|e:958dd6059d9756b48ff46d8f7b6e0caa|57f954dbde4f7f1d0da68255fef41f5064e713d7a3ac44edd2549fb179f991be',#42,#44,#1122,.T.);
#1124=SURFACE_CURVE('',#404,(#875,#906),.PCURVE_S1.);
#1125=EDGE_CURVE('OSCAD_TOPO/3|edge|e:1ad1c082cf0ebbbb940fe96fc0d938d6|47fedeb4435b63df2c7fe3b87ac0fd7a3c8128f3ae7178c63998be74f395892d',#38,#46,#1124,.T.);
#1126=SURFACE_CURVE('',#407,(#880,#975),.PCURVE_S1.);
#1127=EDGE_CURVE('OSCAD_TOPO/3|edge|e:3f61b834de3755d767a1629a7629b89b|67e946a7969375136c945c12ac48632cc115349f1a1cebe45942964e1bbb4ef8',#46,#48,#1126,.T.);
#1128=SURFACE_CURVE('',#411,(#886,#921),.PCURVE_S1.);
#1129=EDGE_CURVE('OSCAD_TOPO/3|edge|e:1f7b3ad7ca100c9cfd68c76a26f34664|9069ea9bfd216cb086c4fbab53e4f632d8a355688fbc0f18ee3d75d47c5da90b',#48,#40,#1128,.T.);
#1130=SURFACE_CURVE('',#415,(#896,#953),.PCURVE_S1.);
#1131=EDGE_CURVE('OSCAD_TOPO/3|edge|e:f7b901845e80239498a9aecd421acc82|f95ee4ba32822b53d52d379abc31e8d518566acf2e4d1f9fa89f8541be5a3375',#42,#50,#1130,.T.);
#1132=SURFACE_CURVE('',#418,(#901,#995),.PCURVE_S1.);
#1133=EDGE_CURVE('OSCAD_TOPO/3|edge|e:950a3e93bd0261e1f96f11043b5cb930|8982fb1bcd8cca54033451f352e873c1039cb826dc576dce9eaa5cd011c25c5e',#50,#46,#1132,.T.);
#1134=SURFACE_CURVE('',#422,(#931,#942),.PCURVE_S1.);
#1135=EDGE_CURVE('OSCAD_TOPO/3|edge|e:f4df0b46a1787503a0e41b981fdef39f|db277f071ce50f038866bd28252adfce8f43defdeeba655866e3a5b5aea128c6',#44,#52,#1134,.T.);
#1136=SURFACE_CURVE('',#425,(#926,#1000),.PCURVE_S1.);
#1137=EDGE_CURVE('OSCAD_TOPO/3|edge|e:7518569ee619f092937e0f3e71b168f8|8aa8dbf0506870c0f26e1a9382ee32390b6bef85f0625c21720f9506c60986d9',#52,#48,#1136,.T.);
#1138=SURFACE_CURVE('',#428,(#947,#1020),.PCURVE_S1.);
#1139=EDGE_CURVE('OSCAD_TOPO/3|edge|e:7ed91d8d97b558e2dde644fe032fb2cc|4b2eb878fb2adff34fd4d90429088d6bbff55be2f3bf140008d293c2b1b26220',#50,#52,#1138,.T.);
#1140=SURFACE_CURVE('',#432,(#959,#990),.PCURVE_S1.);
#1141=EDGE_CURVE('OSCAD_TOPO/3|edge|e:337ae74b33add12484cf8e6b06fa1720|1ad304da1a252adf7bcb23f7123b1896eb875789d162e2ae26c97666b514072b',#46,#2,#1140,.T.);
#1142=SURFACE_CURVE('',#436,(#970,#1005),.PCURVE_S1.);
#1143=EDGE_CURVE('OSCAD_TOPO/3|edge|e:de2fbad6a600322f9b8388dc7ec41640|cf95b061e87a9f6f8f2b37e5b9d484a5c9448a0ffb26e21dd600731f71a8833a',#10,#48,#1142,.T.);
#1144=SURFACE_CURVE('',#440,(#980,#1037),.PCURVE_S1.);
#1145=EDGE_CURVE('OSCAD_TOPO/3|edge|e:3ec5361f1cf0f6e8a80d2393d9c576d0|1893c49f3c8a3f9e473c46bb1cb6f0336248565be8c0bede15a81cee20621396',#50,#12,#1144,.T.);
#1146=SURFACE_CURVE('',#444,(#1015,#1026),.PCURVE_S1.);
#1147=EDGE_CURVE('OSCAD_TOPO/3|edge|e:9244efd641503f9a50cf8dffa91f2d47|489de3d039dd365cc17bfa1b24d2ae1162462fb9340e1e268611e65f518689cc',#52,#16,#1146,.T.);
#1148=ORIENTED_EDGE('',*,*,#1045,.F.);
#1149=ORIENTED_EDGE('',*,*,#1043,.F.);
#1150=ORIENTED_EDGE('',*,*,#1041,.F.);
#1151=ORIENTED_EDGE('',*,*,#1039,.F.);
#1152=EDGE_LOOP('OSCAD_TOPO/3|loop|l:ba3f78551fc93e1da3dacc4534732605|fbb33aa6247ee0d5de6a81321e2fa33810345cac5c7c16c076907907128b6001',(#1148,#1149,#1150,#1151));
#1153=ORIENTED_EDGE('',*,*,#1039,.T.);
#1154=ORIENTED_EDGE('',*,*,#1047,.T.);
#1155=ORIENTED_EDGE('',*,*,#1049,.T.);
#1156=ORIENTED_EDGE('',*,*,#1051,.T.);
#1157=EDGE_LOOP('OSCAD_TOPO/3|loop|l:e97338ddab88d1acab829776ef21e3ea|5d44d247c0587b44edfacd96426f9f0e0fd009581ee2ce2c64353aee4acd3a6c',(#1153,#1154,#1155,#1156));
#1158=ORIENTED_EDGE('',*,*,#1053,.T.);
#1159=ORIENTED_EDGE('',*,*,#1055,.T.);
#1160=ORIENTED_EDGE('',*,*,#1043,.T.);
#1161=ORIENTED_EDGE('',*,*,#1057,.T.);
#1162=EDGE_LOOP('OSCAD_TOPO/3|loop|l:5703a5e8af0e86d4a8197be6a9f59a00|8ab01a0ac3c10ead6a9a0a7e92f608ec1cefe0f49b55b7156691faa6231a4d2b',(#1158,#1159,#1160,#1161));
#1163=ORIENTED_EDGE('',*,*,#1063,.F.);
#1164=ORIENTED_EDGE('',*,*,#1049,.F.);
#1165=ORIENTED_EDGE('',*,*,#1061,.F.);
#1166=ORIENTED_EDGE('',*,*,#1059,.F.);
#1167=EDGE_LOOP('OSCAD_TOPO/3|loop|l:b7e4e8d8c11adcc58992d2ceb6757b19|82d98f048549145b097bd11389240336f676f13bfd77c61e4b5c08a857580f79',(#1163,#1164,#1165,#1166));
#1168=ORIENTED_EDGE('',*,*,#1067,.F.);
#1169=ORIENTED_EDGE('',*,*,#1059,.T.);
#1170=ORIENTED_EDGE('',*,*,#1065,.F.);
#1171=ORIENTED_EDGE('',*,*,#1053,.F.);
#1172=EDGE_LOOP('OSCAD_TOPO/3|loop|l:28f59a867c5d958dc2416e0b7a731cbf|13efc90252ec233fba5e1533bc149cd01118c8d5af6c68f23857b723b3090973',(#1168,#1169,#1170,#1171));
#1173=ORIENTED_EDGE('',*,*,#1041,.T.);
#1174=ORIENTED_EDGE('',*,*,#1073,.F.);
#1175=ORIENTED_EDGE('',*,*,#1071,.F.);
#1176=ORIENTED_EDGE('',*,*,#1069,.F.);
#1177=EDGE_LOOP('OSCAD_TOPO/3|loop|l:d34dbfa81649109057415c308192346d|32cd5a066a5894f684f6777b1ff555f7abdc050d90f34bbe4aa745338f4bd612',(#1173,#1174,#1175,#1176));
#1178=ORIENTED_EDGE('',*,*,#1069,.T.);
#1179=ORIENTED_EDGE('',*,*,#1075,.T.);
#1180=ORIENTED_EDGE('',*,*,#1077,.T.);
#1181=ORIENTED_EDGE('',*,*,#1047,.F.);
#1182=EDGE_LOOP('OSCAD_TOPO/3|loop|l:0a9f73fe7240cdcf1574464989150881|bc0ddf6b9aaa29ff779cb7810130c7de23355c1f4bb09e6fdb8f90a756ac912e',(#1178,#1179,#1180,#1181));
#1183=ORIENTED_EDGE('',*,*,#1079,.T.);
#1184=ORIENTED_EDGE('',*,*,#1081,.T.);
#1185=ORIENTED_EDGE('',*,*,#1073,.T.);
#1186=ORIENTED_EDGE('',*,*,#1055,.F.);
#1187=EDGE_LOOP('OSCAD_TOPO/3|loop|l:aa4e66282239f2f7ba4906149912d7b4|4a4d204639d8751f20e2385bf7e2d86f41502913fa6381c0a33b65c43270d3cb',(#1183,#1184,#1185,#1186));
#1188=ORIENTED_EDGE('',*,*,#1061,.T.);
#1189=ORIENTED_EDGE('',*,*,#1077,.F.);
#1190=ORIENTED_EDGE('',*,*,#1085,.F.);
#1191=ORIENTED_EDGE('',*,*,#1083,.F.);
#1192=EDGE_LOOP('OSCAD_TOPO/3|loop|l:8e60b8d54811aab27ffd2b50821cf215|da49e52e63aeff37c7feba7bc3f6cf0657f772268ee89cf68dc4a383b283ca7a',(#1188,#1189,#1190,#1191));
#1193=ORIENTED_EDGE('',*,*,#1065,.T.);
#1194=ORIENTED_EDGE('',*,*,#1083,.T.);
#1195=ORIENTED_EDGE('',*,*,#1087,.F.);
#1196=ORIENTED_EDGE('',*,*,#1079,.F.);
#1197=EDGE_LOOP('OSCAD_TOPO/3|loop|l:250eb442fe4cf2f12287aeb126bc41a8|845d6b4d694d80c49fc9a2b22be30b7a9dfc3c13b9c91d57be2da62a31d846e9',(#1193,#1194,#1195,#1196));
#1198=ORIENTED_EDGE('',*,*,#1071,.T.);
#1199=ORIENTED_EDGE('',*,*,#1093,.F.);
#1200=ORIENTED_EDGE('',*,*,#1091,.F.);
#1201=ORIENTED_EDGE('',*,*,#1089,.F.);
#1202=EDGE_LOOP('OSCAD_TOPO/3|loop|l:896656edd4af5eeb2d2b67cb2a8ec508|f5a7a08f23e731585f9c5c41e3053008dda5ae6fecf4a4f3bc7f3bbfe98988d8',(#1198,#1199,#1200,#1201));
#1203=ORIENTED_EDGE('',*,*,#1089,.T.);
#1204=ORIENTED_EDGE('',*,*,#1095,.T.);
#1205=ORIENTED_EDGE('',*,*,#1097,.T.);
#1206=ORIENTED_EDGE('',*,*,#1075,.F.);
#1207=EDGE_LOOP('OSCAD_TOPO/3|loop|l:040735bc224d3b76c192144913cc72d9|4d66ea4a9419e5c267ffc4bc01dacb70932a2f5df8e956d3cf99ee389c492c6f',(#1203,#1204,#1205,#1206));
#1208=ORIENTED_EDGE('',*,*,#1099,.T.);
#1209=ORIENTED_EDGE('',*,*,#1101,.T.);
#1210=ORIENTED_EDGE('',*,*,#1093,.T.);
#1211=ORIENTED_EDGE('',*,*,#1081,.F.);
#1212=EDGE_LOOP('OSCAD_TOPO/3|loop|l:d82ab3ce4371b8ee13c234bea4f6df62|2aaae865ea87469010e9decb487b7fcdbca7152ac3b51a55e2b3fe518617fe65',(#1208,#1209,#1210,#1211));
#1213=ORIENTED_EDGE('',*,*,#1085,.T.);
#1214=ORIENTED_EDGE('',*,*,#1097,.F.);
#1215=ORIENTED_EDGE('',*,*,#1105,.F.);
#1216=ORIENTED_EDGE('',*,*,#1103,.F.);
#1217=EDGE_LOOP('OSCAD_TOPO/3|loop|l:5fe5230f477ef649b6cb379c915f483b|c9e619284854ecb0e68167813fa7617e768559020c6bedfc71de621d55abf039',(#1213,#1214,#1215,#1216));
#1218=ORIENTED_EDGE('',*,*,#1087,.T.);
#1219=ORIENTED_EDGE('',*,*,#1103,.T.);
#1220=ORIENTED_EDGE('',*,*,#1107,.F.);
#1221=ORIENTED_EDGE('',*,*,#1099,.F.);
#1222=EDGE_LOOP('OSCAD_TOPO/3|loop|l:e3a0d3e1fba0cbdcfaddcadf3ddd5545|b0bae1c02c0cf83a3df9d324cffede33e1a77ded7a5f977f42065f651eb87e7a',(#1218,#1219,#1220,#1221));
#1223=ORIENTED_EDGE('',*,*,#1109,.T.);
#1224=ORIENTED_EDGE('',*,*,#1111,.T.);
#1225=ORIENTED_EDGE('',*,*,#1113,.T.);
#1226=ORIENTED_EDGE('',*,*,#1095,.F.);
#1227=EDGE_LOOP('OSCAD_TOPO/3|loop|l:30f01eafa7d93f43dd0e24a30bed4607|98e8346ee7ebee9d761417c5883c99a6bf81953d940ed03f40aa4668152c1ce6',(#1223,#1224,#1225,#1226));
#1228=ORIENTED_EDGE('',*,*,#1115,.T.);
#1229=ORIENTED_EDGE('',*,*,#1117,.T.);
#1230=ORIENTED_EDGE('',*,*,#1109,.F.);
#1231=ORIENTED_EDGE('',*,*,#1101,.F.);
#1232=EDGE_LOOP('OSCAD_TOPO/3|loop|l:6c3d07e3545dc935e1b8bc4d472b962a|4040e083b6e7c3bc0ccd5f93d236d5e96159c1898a0bdd9c5502a00994684a83',(#1228,#1229,#1230,#1231));
#1233=ORIENTED_EDGE('',*,*,#1105,.T.);
#1234=ORIENTED_EDGE('',*,*,#1113,.F.);
#1235=ORIENTED_EDGE('',*,*,#1121,.F.);
#1236=ORIENTED_EDGE('',*,*,#1119,.F.);
#1237=EDGE_LOOP('OSCAD_TOPO/3|loop|l:fad731434f051f6871f23dfcb1512951|4e5932923fe8ea44960659f1990dcedc728dbdb8b721132aa1bb3476bfb59652',(#1233,#1234,#1235,#1236));
#1238=ORIENTED_EDGE('',*,*,#1107,.T.);
#1239=ORIENTED_EDGE('',*,*,#1119,.T.);
#1240=ORIENTED_EDGE('',*,*,#1123,.F.);
#1241=ORIENTED_EDGE('',*,*,#1115,.F.);
#1242=EDGE_LOOP('OSCAD_TOPO/3|loop|l:18a8095c724d8096fa0243c3812886a4|885e6b98e714bb19fc6b2a4030a8e0494a22a0748b10f1b8cf02e3fe07176bf8',(#1238,#1239,#1240,#1241));
#1243=ORIENTED_EDGE('',*,*,#1125,.T.);
#1244=ORIENTED_EDGE('',*,*,#1127,.T.);
#1245=ORIENTED_EDGE('',*,*,#1129,.T.);
#1246=ORIENTED_EDGE('',*,*,#1111,.F.);
#1247=EDGE_LOOP('OSCAD_TOPO/3|loop|l:51306fa97a3f0bc24505793e561844db|0b270ce143811a2cb6287d40f0fd8070d1636073eefbd499595a4f72e27bc7d7',(#1243,#1244,#1245,#1246));
#1248=ORIENTED_EDGE('',*,*,#1131,.T.);
#1249=ORIENTED_EDGE('',*,*,#1133,.T.);
#1250=ORIENTED_EDGE('',*,*,#1125,.F.);
#1251=ORIENTED_EDGE('',*,*,#1117,.F.);
#1252=EDGE_LOOP('OSCAD_TOPO/3|loop|l:2e930c4087af2b3ac95d180061e375cc|db5dbc100413e5e0198b207edc66e89f027944c9046c3c32dbb25c9373ae599f',(#1248,#1249,#1250,#1251));
#1253=ORIENTED_EDGE('',*,*,#1121,.T.);
#1254=ORIENTED_EDGE('',*,*,#1129,.F.);
#1255=ORIENTED_EDGE('',*,*,#1137,.F.);
#1256=ORIENTED_EDGE('',*,*,#1135,.F.);
#1257=EDGE_LOOP('OSCAD_TOPO/3|loop|l:b6c4a306686939fe7b5dd89e9811d73e|d2da7920a2c3f6dffe28a2e83f413d74da64c75be2769ccb7a098950d1637d75',(#1253,#1254,#1255,#1256));
#1258=ORIENTED_EDGE('',*,*,#1123,.T.);
#1259=ORIENTED_EDGE('',*,*,#1135,.T.);
#1260=ORIENTED_EDGE('',*,*,#1139,.F.);
#1261=ORIENTED_EDGE('',*,*,#1131,.F.);
#1262=EDGE_LOOP('OSCAD_TOPO/3|loop|l:047b36221139dccf3b48a5fc6441dd3d|834c80def3b4c1f66c06b6de83e0a53b64f128c85dfb93ab81e1201dac8c6d24',(#1258,#1259,#1260,#1261));
#1263=ORIENTED_EDGE('',*,*,#1141,.T.);
#1264=ORIENTED_EDGE('',*,*,#1051,.F.);
#1265=ORIENTED_EDGE('',*,*,#1143,.T.);
#1266=ORIENTED_EDGE('',*,*,#1127,.F.);
#1267=EDGE_LOOP('OSCAD_TOPO/3|loop|l:106865f12340b8b434f05cbfceef0cc1|cd1bac9016a64cf71c30795d077425e15953c41c9860a59ff07aee51235236de',(#1263,#1264,#1265,#1266));
#1268=ORIENTED_EDGE('',*,*,#1145,.T.);
#1269=ORIENTED_EDGE('',*,*,#1057,.F.);
#1270=ORIENTED_EDGE('',*,*,#1141,.F.);
#1271=ORIENTED_EDGE('',*,*,#1133,.F.);
#1272=EDGE_LOOP('OSCAD_TOPO/3|loop|l:36ac90d4bf62d667d879e6736a3b82b2|4827595e521e059d9a13b6ea671485df9a04e411d48f909fdd175bca19988d62',(#1268,#1269,#1270,#1271));
#1273=ORIENTED_EDGE('',*,*,#1137,.T.);
#1274=ORIENTED_EDGE('',*,*,#1143,.F.);
#1275=ORIENTED_EDGE('',*,*,#1063,.T.);
#1276=ORIENTED_EDGE('',*,*,#1147,.F.);
#1277=EDGE_LOOP('OSCAD_TOPO/3|loop|l:1315463b2e32159a4b0e5abb24a4263e|66abd18804412d3794ad3c4afbe1e53ae3c5dec1ea77d8b8164804c8f8938f69',(#1273,#1274,#1275,#1276));
#1278=ORIENTED_EDGE('',*,*,#1139,.T.);
#1279=ORIENTED_EDGE('',*,*,#1147,.T.);
#1280=ORIENTED_EDGE('',*,*,#1067,.T.);
#1281=ORIENTED_EDGE('',*,*,#1145,.F.);
#1282=EDGE_LOOP('OSCAD_TOPO/3|loop|l:270e898adaa6ed9400e82a5d7ad40c6c|49b3ef91349e312b242943644560891a77dc34e96f27cf9819ad3ed954f9189b',(#1278,#1279,#1280,#1281));
#1283=FACE_OUTER_BOUND('',#1152,.T.);
#1284=ADVANCED_FACE('OSCAD_TOPO/3|face|f:386769e50e8b4fa9fa8ee1a171485aad|5672d94cbe1b0d7f2880e0f5d0162c2facab0481c1fc036582cf6503f6e40303',(#1283),#71,.T.);
#1285=FACE_OUTER_BOUND('',#1157,.T.);
#1286=ADVANCED_FACE('OSCAD_TOPO/3|face|f:17e72a95e0bcd2921787b383d2a5ba44|a4d4155c592a6071539da92205e8b68cb61d033b3d18d4985fcb3017c05038c3',(#1285),#76,.T.);
#1287=FACE_OUTER_BOUND('',#1162,.T.);
#1288=ADVANCED_FACE('OSCAD_TOPO/3|face|f:858291aaebb46ca42ff04923e976647a|16daeb0428835d01444e9b272e0339f38d2dc26d380c9841812cedef588f2011',(#1287),#89,.T.);
#1289=FACE_OUTER_BOUND('',#1167,.T.);
#1290=ADVANCED_FACE('OSCAD_TOPO/3|face|f:dcafe6b33292a1aadd4bd437fb9c372b|f912a891982ce3a09ca95ece5d7a3dbf7c4a3c9436959dcb2f57a9edbacc1df3',(#1289),#102,.T.);
#1291=FACE_OUTER_BOUND('',#1172,.T.);
#1292=ADVANCED_FACE('OSCAD_TOPO/3|face|f:9460185e11f9df193e904e01c7b430b1|2ffc2163b3373ed8248162bf820482b567fcac3055e9ac15468ae170411336f2',(#1291),#107,.T.);
#1293=FACE_OUTER_BOUND('',#1177,.T.);
#1294=ADVANCED_FACE('OSCAD_TOPO/3|face|f:7a600e88664f65e80e6c58b83b5e68c2|a5e7f79aa1d3c97055869dac1a82d68bfeb6d594f1f6afd1791a7ce5d374dfbb',(#1293),#117,.T.);
#1295=FACE_OUTER_BOUND('',#1182,.T.);
#1296=ADVANCED_FACE('OSCAD_TOPO/3|face|f:1c3c1cf139b6b821a00ab31436a821cd|a23f2eaeb8ff2475003400ae8fcee5d91c5552e1e6b252de879c658c874d9e6a',(#1295),#76,.T.);
#1297=FACE_OUTER_BOUND('',#1187,.T.);
#1298=ADVANCED_FACE('OSCAD_TOPO/3|face|f:b4a4b40d1c2f22b91ca4866a4eb790d9|8afccb67e504012abdb2bd124b490a599d62d716a6b650361ea773804545e49b',(#1297),#124,.T.);
#1299=FACE_OUTER_BOUND('',#1192,.T.);
#1300=ADVANCED_FACE('OSCAD_TOPO/3|face|f:a65a713b8dca79bf0e4e9a23fb284030|36794d4ebfe84859521361952d586eefd964c2619dc42daa6cffba360b20b1be',(#1299),#131,.T.);
#1301=FACE_OUTER_BOUND('',#1197,.T.);
#1302=ADVANCED_FACE('OSCAD_TOPO/3|face|f:512d7a9e5221c616adfc642736371fb4|9a15e918d72ab577191462ea78b58caca01d18b46f4bc60b6833e7abcf0bbcc8',(#1301),#107,.T.);
#1303=FACE_OUTER_BOUND('',#1202,.T.);
#1304=ADVANCED_FACE('OSCAD_TOPO/3|face|f:fa490b404447207768780778b95bee62|4578dfee9867b9719f390c9db29d3f43cfc83a2581c63460962cb68141aea56f',(#1303),#150,.T.);
#1305=FACE_OUTER_BOUND('',#1207,.T.);
#1306=ADVANCED_FACE('OSCAD_TOPO/3|face|f:5bbf874406d7807127ce8e9bd85fb084|d62520cc24c6951ba46709f0e1e949d5f2c23faf86046d70227fc2cc739493d2',(#1305),#76,.T.);
#1307=FACE_OUTER_BOUND('',#1212,.T.);
#1308=ADVANCED_FACE('OSCAD_TOPO/3|face|f:00cfa0d2ddf3390794fe9602048d663b|182c5dbb0e2d5900379b77ebc1188034067b857abf43ddd72fc3566c1395099d',(#1307),#163,.T.);
#1309=FACE_OUTER_BOUND('',#1217,.T.);
#1310=ADVANCED_FACE('OSCAD_TOPO/3|face|f:26ca1fd7c6506937929743260605e10e|68e867d786f050b6b67ca530f5ac577baf8a44b6507aee5d617d55d1fa9f08a1',(#1309),#176,.T.);
#1311=FACE_OUTER_BOUND('',#1222,.T.);
#1312=ADVANCED_FACE('OSCAD_TOPO/3|face|f:6d83a60e3146d39e0165874af9afc80d|2bb7f453330a17211e930e48e94a7356e8b41fc612d4e2844c7b672c67d7fb5e',(#1311),#107,.T.);
#1313=FACE_OUTER_BOUND('',#1227,.T.);
#1314=ADVANCED_FACE('OSCAD_TOPO/3|face|f:1c3655bb40f5f4852805f645543d6e80|1151a772c2e4456daab64051c654d67205e59470937c9c97b737156197ea3edd',(#1313),#76,.T.);
#1315=FACE_OUTER_BOUND('',#1232,.T.);
#1316=ADVANCED_FACE('OSCAD_TOPO/3|face|f:2a45c27ddd53beb27be98fc90b13fed6|275172acefb2bf767f738dd187ed2331cdbe9c74596561092cdc93a962f9d9b2',(#1315),#183,.T.);
#1317=FACE_OUTER_BOUND('',#1237,.T.);
#1318=ADVANCED_FACE('OSCAD_TOPO/3|face|f:2139aed0b35189ba531758abe148865d|c4db3e4f9900caf2545d697a5d31bbaf9d37d4e32f35105259a97e3023050e6d',(#1317),#190,.T.);
#1319=FACE_OUTER_BOUND('',#1242,.T.);
#1320=ADVANCED_FACE('OSCAD_TOPO/3|face|f:83ba424b1aa9ab38453c32b576b160a9|3ef006669866ec5faea6818eebb0fd58c6bc47e84ece1bcf60d66d191f38f16d',(#1319),#107,.T.);
#1321=FACE_OUTER_BOUND('',#1247,.T.);
#1322=ADVANCED_FACE('OSCAD_TOPO/3|face|f:36377ecb9d26b4b346a808041c9f8637|675aa96e10c08654f56537353f387899265c8af94ff414789d495b85d095add4',(#1321),#76,.T.);
#1323=FACE_OUTER_BOUND('',#1252,.T.);
#1324=ADVANCED_FACE('OSCAD_TOPO/3|face|f:4730cc95e6572b05b734ec7299ec058c|e43cc4122ee292ce587f522e67187a339e1bc916921d2bd4c571c721318c2d34',(#1323),#197,.T.);
#1325=FACE_OUTER_BOUND('',#1257,.T.);
#1326=ADVANCED_FACE('OSCAD_TOPO/3|face|f:cbc3681f1066eddc1ed3e0854a68a3c0|7c9238eb4e571ef731f31bb34aec236246aa08ade56b1384a38b68addb45c829',(#1325),#204,.T.);
#1327=FACE_OUTER_BOUND('',#1262,.T.);
#1328=ADVANCED_FACE('OSCAD_TOPO/3|face|f:c3446c13adec8558071f489076c8c2b0|78fa5f767b62b484292504e6672e715f73c5622f1e604029acaa66b9c1b65ec5',(#1327),#107,.T.);
#1329=FACE_OUTER_BOUND('',#1267,.T.);
#1330=ADVANCED_FACE('OSCAD_TOPO/3|face|f:b2790ee938f653aae51d0a23aa94ae16|6f59bda07e698bfa31375cda431177a52dd572b1d99e3133afb2d41328d60864',(#1329),#76,.T.);
#1331=FACE_OUTER_BOUND('',#1272,.T.);
#1332=ADVANCED_FACE('OSCAD_TOPO/3|face|f:0fc673da7925003063e5527e2826deea|b402fe62a68bc0105a18245fd8240da2d3d64b6f220b458196937eb17f19f54c',(#1331),#211,.T.);
#1333=FACE_OUTER_BOUND('',#1277,.T.);
#1334=ADVANCED_FACE('OSCAD_TOPO/3|face|f:c2ce624e1ab250e424494bbec82714d4|4ade27bd191b61f3afdd0b9d56e7bfcd0de2d3e02af422343b801872193db101',(#1333),#218,.T.);
#1335=FACE_OUTER_BOUND('',#1282,.T.);
#1336=ADVANCED_FACE('OSCAD_TOPO/3|face|f:163b039d1595839bcf1a79107dff3521|3c9d8eb4a1bf81e0a810c12b97be48cae0ba544a1ee2300ce90df4e15d2bc53b',(#1335),#107,.T.);
#1337=CLOSED_SHELL('OSCAD_TOPO/3|shell|s:ac43cb912eaea8880bb08f1667d617ee|d607c08b7e3957fc282b7835c37075a052ae5eefef2156860c4e1ae3d6e8cb91',(#1284,#1286,#1288,#1290,#1292,#1294,#1296,#1298,#1300,#1302,#1304,#1306,#1308,#1310,#1312,#1314,#1316,#1318,#1320,#1322,#1324,#1326,#1328,#1330,#1332,#1334,#1336));
#1338=MANIFOLD_SOLID_BREP('OSCAD_TOPO/3|body|b:8f5ff2e92684381731c493e3feae3af7|6a337c92ffafb71f12e21f16ab1a7a97481dda3472130b26a46f0d7ee4b5f891',#1337);
#1339=(LENGTH_UNIT()NAMED_UNIT(*)SI_UNIT(.MILLI.,.METRE.));
#1340=UNCERTAINTY_MEASURE_WITH_UNIT(LENGTH_MEASURE(9.99999999999999955E-8),#1339,'distance_accuracy_value','');
#1341=(GEOMETRIC_REPRESENTATION_CONTEXT(3)GLOBAL_UNCERTAINTY_ASSIGNED_CONTEXT((#1340))GLOBAL_UNIT_ASSIGNED_CONTEXT((#1339))REPRESENTATION_CONTEXT('','3D'));
#1342=ADVANCED_BREP_SHAPE_REPRESENTATION('',(#1338),#1341);
#1343=APPLICATION_CONTEXT('managed model based 3d engineering');
#1344=PRODUCT_CONTEXT('',#1343,'mechanical');
#1345=PRODUCT('model','model','',(#1344));
#1346=PRODUCT_DEFINITION_FORMATION('1','',#1345);
#1347=PRODUCT_DEFINITION_CONTEXT('part definition',#1343,'design');
#1348=PRODUCT_DEFINITION('design','',#1346,#1347);
#1349=PRODUCT_DEFINITION_SHAPE('','',#1348);
#1350=SHAPE_DEFINITION_REPRESENTATION(#1349,#1342);
ENDSEC;
END-ISO-10303-21;
