ISO-10303-21;
HEADER;
FILE_DESCRIPTION(('OpenSCAD Viewer retained AP242 B-rep'),'2;1');
FILE_NAME('model.step','',(''),(''),'OpenSCAD Viewer','OpenSCAD Viewer','');
FILE_SCHEMA(('AP242_MANAGED_MODEL_BASED_3D_ENGINEERING_MIM_LF'));
ENDSEC;
DATA;
#1=CARTESIAN_POINT('',(2.00000000000000000E1,0.00000000000000000E0,6.00000000000000000E0));
#2=VERTEX_POINT('OSCAD_TOPO/3|vertex|v:d3067954d870549101dae47bb73f791e|9584fa4324d34572467aafa8468b6a764f8775866bdfc447617c8e17e3b1c982',#1);
#3=CARTESIAN_POINT('',(1.61678918189475169E1,6.69696006638907093E0,6.00000000000000000E0));
#4=VERTEX_POINT('OSCAD_TOPO/3|vertex|v:5c2c46367bb99b8ce25e85065724b662|61a88c869fbf210c8904b17a89d1eee4e2e43b604ab01db098276033704d7e16',#3);
#5=CARTESIAN_POINT('',(1.84775906502257357E1,7.65366864730179586E0,3.50000000000000000E0));
#6=VERTEX_POINT('OSCAD_TOPO/3|vertex|v:5e0d0b416ac7c00c9f6f8f2181213186|23caf0d1f4ee9d518760b865497d8b50b22b053bc8d39e783246ffb708c4fbd4',#5);
#7=CARTESIAN_POINT('',(4.61939766255643391E0,1.91341716182544919E0,6.00000000000000000E0));
#8=VERTEX_POINT('OSCAD_TOPO/3|vertex|v:9841eaa3e574e607b66c8b85b34f4481|3f52aedb3a481fd1976d37e32379ad48aa322f872a63add4b2347d3e051b710a',#7);
#9=CARTESIAN_POINT('',(5.00000000000000000E0,0.00000000000000000E0,6.00000000000000000E0));
#10=VERTEX_POINT('OSCAD_TOPO/3|vertex|v:09b078da8d7b0f4865e5f28ec4a88023|c6d8f4335f6b625be585444ea5463ec83d64cd6aec0d58ee3ea72c944e928404',#9);
#11=CARTESIAN_POINT('',(2.00000000000000000E1,0.00000000000000000E0,0.00000000000000000E0));
#12=VERTEX_POINT('OSCAD_TOPO/3|vertex|v:eeafa1f193a00e53c2ad070631add22a|2f57866bfcf1365e4ee0c0c7b006e7d171e9cf8ecb8e6dcbbbe94f72a62d4823',#11);
#13=CARTESIAN_POINT('',(1.84775906502257357E1,7.65366864730179586E0,0.00000000000000000E0));
#14=VERTEX_POINT('OSCAD_TOPO/3|vertex|v:1a5355a04ace1af5eabf8489bb0daf17|a63f37d4bfb38e72fcf6cbd5ca03196e600bc563fb329b0b41b8b9fa17b4e2ec',#13);
#15=CARTESIAN_POINT('',(5.00000000000000000E0,0.00000000000000000E0,0.00000000000000000E0));
#16=VERTEX_POINT('OSCAD_TOPO/3|vertex|v:ca0e371c0e65f05b5b78b9b603713aeb|4172a2f068046afc72ac3e751c4450c5c4a1bdf6a599d0c8bf438537a483418a',#15);
#17=CARTESIAN_POINT('',(4.61939766255643391E0,1.91341716182544919E0,0.00000000000000000E0));
#18=VERTEX_POINT('OSCAD_TOPO/3|vertex|v:aa864930f5dfd34403b0e955b2558c13|9417834737b71c6130424c0bacb1ba595d294677b52d4fdcead96d1275d9aa1e',#17);
#19=CARTESIAN_POINT('',(6.69696006638907182E0,1.61678918189475169E1,6.00000000000000000E0));
#20=VERTEX_POINT('OSCAD_TOPO/3|vertex|v:05c6e46e3116c944252cd4a34cb78fcd|67c696b40cfd6fd7e3f5cce6a6bf83c123f555a14effccdae8f77149edafeb46',#19);
#21=CARTESIAN_POINT('',(7.65366864730179675E0,1.84775906502257357E1,3.50000000000000000E0));
#22=VERTEX_POINT('OSCAD_TOPO/3|vertex|v:e60daad0221ce36b1211e682bb0a85d9|0ddd8ef1d6f2d858fa890b30227510b4833d1bb0ddb69b604b4174c91c78f2f9',#21);
#23=CARTESIAN_POINT('',(1.91341716182544919E0,4.61939766255643391E0,6.00000000000000000E0));
#24=VERTEX_POINT('OSCAD_TOPO/3|vertex|v:c54742ab0ddee3074b1f3be942276b27|8368e7c460ab135b2fef0accfbd22a47fecc8399dbcc95a187912b31b5284261',#23);
#25=CARTESIAN_POINT('',(7.65366864730179675E0,1.84775906502257357E1,0.00000000000000000E0));
#26=VERTEX_POINT('OSCAD_TOPO/3|vertex|v:2c5b0a36f3225d0299814d82cd3f62ad|fc6830b207dec4d496a3e4e59241ccdf716179daf27f7094538e051d52374d00',#25);
#27=CARTESIAN_POINT('',(1.91341716182544919E0,4.61939766255643391E0,0.00000000000000000E0));
#28=VERTEX_POINT('OSCAD_TOPO/3|vertex|v:a7363f87ac57a3a72f1120749f25c044|27d8737f4c01276c3b632ef6b686e85ea15ff3c423c3e2d926a28f5fd979a8b2',#27);
#29=CARTESIAN_POINT('',(0.00000000000000000E0,2.00000000000000000E1,6.00000000000000000E0));
#30=VERTEX_POINT('OSCAD_TOPO/3|vertex|v:3bc1fc3243b4aac31d133d98b0b4fbae|f659be6e93cabe6b6525e44ff3b444f62c2e3c499f4b4e8db027a2218f187124',#29);
#31=CARTESIAN_POINT('',(0.00000000000000000E0,5.00000000000000000E0,6.00000000000000000E0));
#32=VERTEX_POINT('OSCAD_TOPO/3|vertex|v:20d12629482d8ebda5e6ac95715b32a2|b198cb21a740f68fa7ff52f151a8619159de83be9e2cce9400122dd1732da42f',#31);
#33=CARTESIAN_POINT('',(0.00000000000000000E0,2.00000000000000000E1,0.00000000000000000E0));
#34=VERTEX_POINT('OSCAD_TOPO/3|vertex|v:3d9774850fd962e522513344b828956e|d555225819ec426e319e1bbea33fca8648c37dadb3f764733e3f7e4db4e4465e',#33);
#35=CARTESIAN_POINT('',(0.00000000000000000E0,5.00000000000000000E0,0.00000000000000000E0));
#36=VERTEX_POINT('OSCAD_TOPO/3|vertex|v:52a7adc63afa2c0e5f005639cb9e2d10|51281efd40942a5e074bebb1dda24105797e2c87a468cfdbc9892c14012dce42',#35);
#37=CARTESIAN_POINT('',(-2.00000000000000000E1,0.00000000000000000E0,6.00000000000000000E0));
#38=VERTEX_POINT('OSCAD_TOPO/3|vertex|v:9a110acbdcd910a1b51d07a3d13c4eee|694d5a5575facfbeefd3598d7765b47af408581d9ba0ed941fbef74dcdd3306d',#37);
#39=CARTESIAN_POINT('',(-5.00000000000000000E0,0.00000000000000000E0,6.00000000000000000E0));
#40=VERTEX_POINT('OSCAD_TOPO/3|vertex|v:50fb88e6afc1b68e641cd895da922074|9bb30a1b1c3f30c5c16efe2a2406d64ec0af07de0db048106084ca12e943fb39',#39);
#41=CARTESIAN_POINT('',(-2.00000000000000000E1,0.00000000000000000E0,0.00000000000000000E0));
#42=VERTEX_POINT('OSCAD_TOPO/3|vertex|v:8a63d87e0063351fc3a877852e3c4190|efe4d388619020bc70316871f1ccf610b0eec5383cc7ea53bcb3087502999d03',#41);
#43=CARTESIAN_POINT('',(-5.00000000000000000E0,0.00000000000000000E0,0.00000000000000000E0));
#44=VERTEX_POINT('OSCAD_TOPO/3|vertex|v:1fc9e0968879ec46488bdee4304e51d6|fd3c8f3c1420774493df7905c05a787915c3bf03cdd9490ed021f657d79576d3',#43);
#45=CARTESIAN_POINT('',(0.00000000000000000E0,-2.00000000000000000E1,6.00000000000000000E0));
#46=VERTEX_POINT('OSCAD_TOPO/3|vertex|v:84b3caecd36f28456fa30784e9ee28ff|ed1dddfef36c4d08b45a60dc55ab834a06ddbf7c0ab18352a8369c11b27fe329',#45);
#47=CARTESIAN_POINT('',(0.00000000000000000E0,-5.00000000000000000E0,6.00000000000000000E0));
#48=VERTEX_POINT('OSCAD_TOPO/3|vertex|v:eeeeacfb5e7c735b5b1a49455232d113|ea9f79519d3d8ede233a6428cf8d888c3671becb0cf6ff87dc93fae5474b22ff',#47);
#49=CARTESIAN_POINT('',(0.00000000000000000E0,-2.00000000000000000E1,0.00000000000000000E0));
#50=VERTEX_POINT('OSCAD_TOPO/3|vertex|v:2e93c68df56bb8872ea1c7f49a6295d0|137be0bdca1201c4865f995fa30858398cd44d03ef9d3c7ea89c2889a619c120',#49);
#51=CARTESIAN_POINT('',(0.00000000000000000E0,-5.00000000000000000E0,0.00000000000000000E0));
#52=VERTEX_POINT('OSCAD_TOPO/3|vertex|v:66354ba7ccd501c81a60daf738ea5514|e647d3a2117c85a5d9755975f2710bca43a3786e142f05e7b1540bbf5f781de4',#51);
#53=CARTESIAN_POINT('',(1.61678918189475169E1,6.69696006638907093E0,6.00000000000000000E0));
#54=CARTESIAN_POINT('',(1.84775906502257357E1,7.65366864730179586E0,6.00000000000000000E0));
#55=CARTESIAN_POINT('',(1.84775906502257357E1,7.65366864730179586E0,3.50000000000000000E0));
#56=CARTESIAN_POINT('',(1.66945444503548757E1,5.42550814098595424E0,6.00000000000000000E0));
#57=CARTESIAN_POINT('',(1.90794793718341396E1,6.20058073255537590E0,6.00000000000000000E0));
#58=CARTESIAN_POINT('',(1.90794793718341396E1,6.20058073255537590E0,3.50000000000000000E0));
#59=CARTESIAN_POINT('',(1.77966977737846754E1,4.39522073576203010E0,6.00000000000000000E0));
#60=CARTESIAN_POINT('',(1.95379503018336997E1,4.69126931302570860E0,6.00000000000000000E0));
#61=CARTESIAN_POINT('',(1.95379503018336962E1,4.69126931302570860E0,4.25874747195097747E0));
#62=CARTESIAN_POINT('',(1.90872359619935885E1,3.14268218308152392E0,6.00000000000000000E0));
#63=CARTESIAN_POINT('',(1.98459834339445713E1,3.14268218308152392E0,6.00000000000000000E0));
#64=CARTESIAN_POINT('',(1.98459834339445678E1,3.14268218308152392E0,5.24125252804902342E0));
#65=CARTESIAN_POINT('',(2.00000000000000000E1,1.57281102526066241E0,6.00000000000000000E0));
#66=CARTESIAN_POINT('',(2.00000000000000000E1,1.57281102526066241E0,6.00000000000000000E0));
#67=CARTESIAN_POINT('',(2.00000000000000000E1,1.57281102526066241E0,6.00000000000000000E0));
#68=CARTESIAN_POINT('',(2.00000000000000000E1,0.00000000000000000E0,6.00000000000000000E0));
#69=CARTESIAN_POINT('',(2.00000000000000000E1,0.00000000000000000E0,6.00000000000000000E0));
#70=CARTESIAN_POINT('',(2.00000000000000000E1,0.00000000000000000E0,6.00000000000000000E0));
#71=(BOUNDED_SURFACE()B_SPLINE_SURFACE(5,2,((#53,#54,#55),(#56,#57,#58),(#59,#60,#61),(#62,#63,#64),(#65,#66,#67),(#68,#69,#70)),.UNSPECIFIED.,.F.,.F.,.F.)B_SPLINE_SURFACE_WITH_KNOTS((6,6),(3,3),(0.00000000000000000E0,1.00000000000000000E0),(0.00000000000000000E0,1.00000000000000000E0),.UNSPECIFIED.)GEOMETRIC_REPRESENTATION_ITEM()RATIONAL_B_SPLINE_SURFACE(((1.00000000000000000E0,7.07106781186547573E-1,1.00000000000000000E0),(9.92314112161292172E-1,7.01672037776358115E-1,9.92314112161292172E-1),(9.88471168241938258E-1,6.98954666071263331E-1,9.88471168241938258E-1),(9.88471168241938147E-1,6.98954666071263220E-1,9.88471168241938147E-1),(9.92314112161292172E-1,7.01672037776358115E-1,9.92314112161292172E-1),(1.00000000000000000E0,7.07106781186547573E-1,1.00000000000000000E0)))REPRESENTATION_ITEM('')SURFACE());
#72=CARTESIAN_POINT('',(-2.00000000000000000E1,-2.00000000000000000E1,6.00000000000000000E0));
#73=CARTESIAN_POINT('',(-2.00000000000000000E1,2.00000000000000000E1,6.00000000000000000E0));
#74=CARTESIAN_POINT('',(2.00000000000000000E1,-2.00000000000000000E1,6.00000000000000000E0));
#75=CARTESIAN_POINT('',(2.00000000000000000E1,2.00000000000000000E1,6.00000000000000000E0));
#76=B_SPLINE_SURFACE_WITH_KNOTS('',1,1,((#72,#73),(#74,#75)),.UNSPECIFIED.,.F.,.F.,.F.,(2,2),(2,2),(-2.00000000000000000E1,2.00000000000000000E1),(-2.00000000000000000E1,2.00000000000000000E1),.UNSPECIFIED.);
#77=CARTESIAN_POINT('',(2.00000000000000000E1,0.00000000000000000E0,0.00000000000000000E0));
#78=CARTESIAN_POINT('',(2.00000000000000000E1,0.00000000000000000E0,6.00000000000000000E0));
#79=CARTESIAN_POINT('',(2.00000000000000000E1,1.57281102526066241E0,0.00000000000000000E0));
#80=CARTESIAN_POINT('',(2.00000000000000000E1,1.57281102526066241E0,6.00000000000000000E0));
#81=CARTESIAN_POINT('',(1.98459834339445678E1,3.14268218308152392E0,0.00000000000000000E0));
#82=CARTESIAN_POINT('',(1.98459834339445678E1,3.14268218308152392E0,5.24125252804902342E0));
#83=CARTESIAN_POINT('',(1.95379503018336962E1,4.69126931302570860E0,0.00000000000000000E0));
#84=CARTESIAN_POINT('',(1.95379503018336962E1,4.69126931302570860E0,4.25874747195097747E0));
#85=CARTESIAN_POINT('',(1.90794793718341396E1,6.20058073255537590E0,0.00000000000000000E0));
#86=CARTESIAN_POINT('',(1.90794793718341396E1,6.20058073255537590E0,3.50000000000000000E0));
#87=CARTESIAN_POINT('',(1.84775906502257357E1,7.65366864730179586E0,0.00000000000000000E0));
#88=CARTESIAN_POINT('',(1.84775906502257357E1,7.65366864730179586E0,3.50000000000000000E0));
#89=(BOUNDED_SURFACE()B_SPLINE_SURFACE(5,1,((#77,#78),(#79,#80),(#81,#82),(#83,#84),(#85,#86),(#87,#88)),.UNSPECIFIED.,.F.,.F.,.F.)B_SPLINE_SURFACE_WITH_KNOTS((6,6),(2,2),(0.00000000000000000E0,3.00000000000000000E0),(0.00000000000000000E0,1.00000000000000000E0),.UNSPECIFIED.)GEOMETRIC_REPRESENTATION_ITEM()RATIONAL_B_SPLINE_SURFACE(((1.00000000000000000E0,1.00000000000000000E0),(9.92314112161292172E-1,9.92314112161292172E-1),(9.88471168241938147E-1,9.88471168241938147E-1),(9.88471168241938258E-1,9.88471168241938258E-1),(9.92314112161292172E-1,9.92314112161292172E-1),(1.00000000000000000E0,1.00000000000000000E0)))REPRESENTATION_ITEM('')SURFACE());
#90=CARTESIAN_POINT('',(4.61939766255643391E0,1.91341716182544919E0,0.00000000000000000E0));
#91=CARTESIAN_POINT('',(4.61939766255643391E0,1.91341716182544919E0,6.00000000000000000E0));
#92=CARTESIAN_POINT('',(4.76986984295853489E0,1.55014518313884397E0,0.00000000000000000E0));
#93=CARTESIAN_POINT('',(4.76986984295853489E0,1.55014518313884397E0,6.00000000000000000E0));
#94=CARTESIAN_POINT('',(4.88448757545842405E0,1.17281732825642715E0,0.00000000000000000E0));
#95=CARTESIAN_POINT('',(4.88448757545842405E0,1.17281732825642715E0,6.00000000000000000E0));
#96=CARTESIAN_POINT('',(4.96149585848614194E0,7.85670545770380979E-1,0.00000000000000000E0));
#97=CARTESIAN_POINT('',(4.96149585848614194E0,7.85670545770380979E-1,6.00000000000000000E0));
#98=CARTESIAN_POINT('',(5.00000000000000000E0,3.93202756315165602E-1,0.00000000000000000E0));
#99=CARTESIAN_POINT('',(5.00000000000000000E0,3.93202756315165602E-1,6.00000000000000000E0));
#100=CARTESIAN_POINT('',(5.00000000000000000E0,0.00000000000000000E0,0.00000000000000000E0));
#101=CARTESIAN_POINT('',(5.00000000000000000E0,0.00000000000000000E0,6.00000000000000000E0));
#102=(BOUNDED_SURFACE()B_SPLINE_SURFACE(5,1,((#90,#91),(#92,#93),(#94,#95),(#96,#97),(#98,#99),(#100,#101)),.UNSPECIFIED.,.F.,.F.,.F.)B_SPLINE_SURFACE_WITH_KNOTS((6,6),(2,2),(0.00000000000000000E0,3.00000000000000000E0),(0.00000000000000000E0,1.00000000000000000E0),.UNSPECIFIED.)GEOMETRIC_REPRESENTATION_ITEM()RATIONAL_B_SPLINE_SURFACE(((1.00000000000000000E0,1.00000000000000000E0),(9.92314112161292172E-1,9.92314112161292172E-1),(9.88471168241938258E-1,9.88471168241938258E-1),(9.88471168241938147E-1,9.88471168241938147E-1),(9.92314112161292172E-1,9.92314112161292172E-1),(1.00000000000000000E0,1.00000000000000000E0)))REPRESENTATION_ITEM('')SURFACE());
#103=CARTESIAN_POINT('',(2.00000000000000000E1,-2.00000000000000000E1,0.00000000000000000E0));
#104=CARTESIAN_POINT('',(2.00000000000000000E1,2.00000000000000000E1,0.00000000000000000E0));
#105=CARTESIAN_POINT('',(-2.00000000000000000E1,-2.00000000000000000E1,0.00000000000000000E0));
#106=CARTESIAN_POINT('',(-2.00000000000000000E1,2.00000000000000000E1,0.00000000000000000E0));
#107=B_SPLINE_SURFACE_WITH_KNOTS('',1,1,((#103,#104),(#105,#106)),.UNSPECIFIED.,.F.,.F.,.F.,(2,2),(2,2),(-2.00000000000000000E1,2.00000000000000000E1),(-2.00000000000000000E1,2.00000000000000000E1),.UNSPECIFIED.);
#108=CARTESIAN_POINT('',(6.69696006638907182E0,1.61678918189475169E1,6.00000000000000000E0));
#109=CARTESIAN_POINT('',(7.65366864730179675E0,1.84775906502257357E1,6.00000000000000000E0));
#110=CARTESIAN_POINT('',(7.65366864730179675E0,1.84775906502257357E1,3.50000000000000000E0));
#111=CARTESIAN_POINT('',(1.33939201327781419E1,1.33939201327781401E1,6.00000000000000000E0));
#112=CARTESIAN_POINT('',(1.53073372946035917E1,1.53073372946035882E1,6.00000000000000000E0));
#113=CARTESIAN_POINT('',(1.53073372946035917E1,1.53073372946035882E1,3.50000000000000000E0));
#114=CARTESIAN_POINT('',(1.61678918189475169E1,6.69696006638907093E0,6.00000000000000000E0));
#115=CARTESIAN_POINT('',(1.84775906502257357E1,7.65366864730179586E0,6.00000000000000000E0));
#116=CARTESIAN_POINT('',(1.84775906502257357E1,7.65366864730179586E0,3.50000000000000000E0));
#117=(BOUNDED_SURFACE()B_SPLINE_SURFACE(2,2,((#108,#109,#110),(#111,#112,#113),(#114,#115,#116)),.UNSPECIFIED.,.F.,.F.,.F.)B_SPLINE_SURFACE_WITH_KNOTS((3,3),(3,3),(0.00000000000000000E0,1.00000000000000000E0),(0.00000000000000000E0,1.00000000000000000E0),.UNSPECIFIED.)GEOMETRIC_REPRESENTATION_ITEM()RATIONAL_B_SPLINE_SURFACE(((1.00000000000000000E0,7.07106781186547573E-1,1.00000000000000000E0),(9.23879532511286738E-1,6.53281482438188288E-1,9.23879532511286738E-1),(1.00000000000000000E0,7.07106781186547573E-1,1.00000000000000000E0)))REPRESENTATION_ITEM('')SURFACE());
#118=CARTESIAN_POINT('',(1.84775906502257357E1,7.65366864730179586E0,0.00000000000000000E0));
#119=CARTESIAN_POINT('',(1.84775906502257357E1,7.65366864730179586E0,3.50000000000000000E0));
#120=CARTESIAN_POINT('',(1.53073372946035917E1,1.53073372946035882E1,0.00000000000000000E0));
#121=CARTESIAN_POINT('',(1.53073372946035917E1,1.53073372946035882E1,3.50000000000000000E0));
#122=CARTESIAN_POINT('',(7.65366864730179675E0,1.84775906502257357E1,0.00000000000000000E0));
#123=CARTESIAN_POINT('',(7.65366864730179675E0,1.84775906502257357E1,3.50000000000000000E0));
#124=(BOUNDED_SURFACE()B_SPLINE_SURFACE(2,1,((#118,#119),(#120,#121),(#122,#123)),.UNSPECIFIED.,.F.,.F.,.F.)B_SPLINE_SURFACE_WITH_KNOTS((3,3),(2,2),(0.00000000000000000E0,3.00000000000000000E0),(0.00000000000000000E0,1.00000000000000000E0),.UNSPECIFIED.)GEOMETRIC_REPRESENTATION_ITEM()RATIONAL_B_SPLINE_SURFACE(((1.00000000000000000E0,1.00000000000000000E0),(9.23879532511286738E-1,9.23879532511286738E-1),(1.00000000000000000E0,1.00000000000000000E0)))REPRESENTATION_ITEM('')SURFACE());
#125=CARTESIAN_POINT('',(1.91341716182544919E0,4.61939766255643391E0,0.00000000000000000E0));
#126=CARTESIAN_POINT('',(1.91341716182544919E0,4.61939766255643391E0,6.00000000000000000E0));
#127=CARTESIAN_POINT('',(3.82683432365089837E0,3.82683432365089704E0,0.00000000000000000E0));
#128=CARTESIAN_POINT('',(3.82683432365089837E0,3.82683432365089704E0,6.00000000000000000E0));
#129=CARTESIAN_POINT('',(4.61939766255643391E0,1.91341716182544919E0,0.00000000000000000E0));
#130=CARTESIAN_POINT('',(4.61939766255643391E0,1.91341716182544919E0,6.00000000000000000E0));
#131=(BOUNDED_SURFACE()B_SPLINE_SURFACE(2,1,((#125,#126),(#127,#128),(#129,#130)),.UNSPECIFIED.,.F.,.F.,.F.)B_SPLINE_SURFACE_WITH_KNOTS((3,3),(2,2),(0.00000000000000000E0,3.00000000000000000E0),(0.00000000000000000E0,1.00000000000000000E0),.UNSPECIFIED.)GEOMETRIC_REPRESENTATION_ITEM()RATIONAL_B_SPLINE_SURFACE(((1.00000000000000000E0,1.00000000000000000E0),(9.23879532511286738E-1,9.23879532511286738E-1),(1.00000000000000000E0,1.00000000000000000E0)))REPRESENTATION_ITEM('')SURFACE());
#132=CARTESIAN_POINT('',(0.00000000000000000E0,2.00000000000000000E1,6.00000000000000000E0));
#133=CARTESIAN_POINT('',(0.00000000000000000E0,2.00000000000000000E1,6.00000000000000000E0));
#134=CARTESIAN_POINT('',(0.00000000000000000E0,2.00000000000000000E1,6.00000000000000000E0));
#135=CARTESIAN_POINT('',(1.57281102526066308E0,2.00000000000000000E1,6.00000000000000000E0));
#136=CARTESIAN_POINT('',(1.57281102526066308E0,2.00000000000000000E1,6.00000000000000000E0));
#137=CARTESIAN_POINT('',(1.57281102526066308E0,2.00000000000000000E1,6.00000000000000000E0));
#138=CARTESIAN_POINT('',(3.14268218308152436E0,1.90872359619935885E1,6.00000000000000000E0));
#139=CARTESIAN_POINT('',(3.14268218308152480E0,1.98459834339445678E1,6.00000000000000000E0));
#140=CARTESIAN_POINT('',(3.14268218308152436E0,1.98459834339445642E1,5.24125252804902164E0));
#141=CARTESIAN_POINT('',(4.39522073576203098E0,1.77966977737846790E1,6.00000000000000000E0));
#142=CARTESIAN_POINT('',(4.69126931302571037E0,1.95379503018337033E1,6.00000000000000000E0));
#143=CARTESIAN_POINT('',(4.69126931302571037E0,1.95379503018336997E1,4.25874747195097836E0));
#144=CARTESIAN_POINT('',(5.42550814098595513E0,1.66945444503548757E1,6.00000000000000000E0));
#145=CARTESIAN_POINT('',(6.20058073255537767E0,1.90794793718341396E1,6.00000000000000000E0));
#146=CARTESIAN_POINT('',(6.20058073255537678E0,1.90794793718341396E1,3.50000000000000000E0));
#147=CARTESIAN_POINT('',(6.69696006638907182E0,1.61678918189475169E1,6.00000000000000000E0));
#148=CARTESIAN_POINT('',(7.65366864730179675E0,1.84775906502257357E1,6.00000000000000000E0));
#149=CARTESIAN_POINT('',(7.65366864730179675E0,1.84775906502257357E1,3.50000000000000000E0));
#150=(BOUNDED_SURFACE()B_SPLINE_SURFACE(5,2,((#132,#133,#134),(#135,#136,#137),(#138,#139,#140),(#141,#142,#143),(#144,#145,#146),(#147,#148,#149)),.UNSPECIFIED.,.F.,.F.,.F.)B_SPLINE_SURFACE_WITH_KNOTS((6,6),(3,3),(0.00000000000000000E0,1.00000000000000000E0),(0.00000000000000000E0,1.00000000000000000E0),.UNSPECIFIED.)GEOMETRIC_REPRESENTATION_ITEM()RATIONAL_B_SPLINE_SURFACE(((1.00000000000000000E0,7.07106781186547573E-1,1.00000000000000000E0),(9.92314112161292172E-1,7.01672037776358115E-1,9.92314112161292172E-1),(9.88471168241938258E-1,6.98954666071263331E-1,9.88471168241938258E-1),(9.88471168241938147E-1,6.98954666071263220E-1,9.88471168241938147E-1),(9.92314112161292172E-1,7.01672037776358115E-1,9.92314112161292172E-1),(1.00000000000000000E0,7.07106781186547573E-1,1.00000000000000000E0)))REPRESENTATION_ITEM('')SURFACE());
#151=CARTESIAN_POINT('',(7.65366864730179675E0,1.84775906502257357E1,0.00000000000000000E0));
#152=CARTESIAN_POINT('',(7.65366864730179675E0,1.84775906502257357E1,3.50000000000000000E0));
#153=CARTESIAN_POINT('',(6.20058073255537678E0,1.90794793718341396E1,0.00000000000000000E0));
#154=CARTESIAN_POINT('',(6.20058073255537678E0,1.90794793718341396E1,3.50000000000000000E0));
#155=CARTESIAN_POINT('',(4.69126931302571037E0,1.95379503018336997E1,0.00000000000000000E0));
#156=CARTESIAN_POINT('',(4.69126931302571037E0,1.95379503018336997E1,4.25874747195097836E0));
#157=CARTESIAN_POINT('',(3.14268218308152436E0,1.98459834339445642E1,0.00000000000000000E0));
#158=CARTESIAN_POINT('',(3.14268218308152436E0,1.98459834339445642E1,5.24125252804902164E0));
#159=CARTESIAN_POINT('',(1.57281102526066308E0,2.00000000000000000E1,0.00000000000000000E0));
#160=CARTESIAN_POINT('',(1.57281102526066308E0,2.00000000000000000E1,6.00000000000000000E0));
#161=CARTESIAN_POINT('',(0.00000000000000000E0,2.00000000000000000E1,0.00000000000000000E0));
#162=CARTESIAN_POINT('',(0.00000000000000000E0,2.00000000000000000E1,6.00000000000000000E0));
#163=(BOUNDED_SURFACE()B_SPLINE_SURFACE(5,1,((#151,#152),(#153,#154),(#155,#156),(#157,#158),(#159,#160),(#161,#162)),.UNSPECIFIED.,.F.,.F.,.F.)B_SPLINE_SURFACE_WITH_KNOTS((6,6),(2,2),(0.00000000000000000E0,3.00000000000000000E0),(0.00000000000000000E0,1.00000000000000000E0),.UNSPECIFIED.)GEOMETRIC_REPRESENTATION_ITEM()RATIONAL_B_SPLINE_SURFACE(((1.00000000000000000E0,1.00000000000000000E0),(9.92314112161292172E-1,9.92314112161292172E-1),(9.88471168241938147E-1,9.88471168241938147E-1),(9.88471168241938258E-1,9.88471168241938258E-1),(9.92314112161292172E-1,9.92314112161292172E-1),(1.00000000000000000E0,1.00000000000000000E0)))REPRESENTATION_ITEM('')SURFACE());
#164=CARTESIAN_POINT('',(0.00000000000000000E0,5.00000000000000000E0,0.00000000000000000E0));
#165=CARTESIAN_POINT('',(0.00000000000000000E0,5.00000000000000000E0,6.00000000000000000E0));
#166=CARTESIAN_POINT('',(3.93202756315165769E-1,5.00000000000000000E0,0.00000000000000000E0));
#167=CARTESIAN_POINT('',(3.93202756315165769E-1,5.00000000000000000E0,6.00000000000000000E0));
#168=CARTESIAN_POINT('',(7.85670545770381090E-1,4.96149585848614105E0,0.00000000000000000E0));
#169=CARTESIAN_POINT('',(7.85670545770381090E-1,4.96149585848614105E0,6.00000000000000000E0));
#170=CARTESIAN_POINT('',(1.17281732825642759E0,4.88448757545842493E0,0.00000000000000000E0));
#171=CARTESIAN_POINT('',(1.17281732825642759E0,4.88448757545842493E0,6.00000000000000000E0));
#172=CARTESIAN_POINT('',(1.55014518313884420E0,4.76986984295853489E0,0.00000000000000000E0));
#173=CARTESIAN_POINT('',(1.55014518313884420E0,4.76986984295853489E0,6.00000000000000000E0));
#174=CARTESIAN_POINT('',(1.91341716182544919E0,4.61939766255643391E0,0.00000000000000000E0));
#175=CARTESIAN_POINT('',(1.91341716182544919E0,4.61939766255643391E0,6.00000000000000000E0));
#176=(BOUNDED_SURFACE()B_SPLINE_SURFACE(5,1,((#164,#165),(#166,#167),(#168,#169),(#170,#171),(#172,#173),(#174,#175)),.UNSPECIFIED.,.F.,.F.,.F.)B_SPLINE_SURFACE_WITH_KNOTS((6,6),(2,2),(0.00000000000000000E0,3.00000000000000000E0),(0.00000000000000000E0,1.00000000000000000E0),.UNSPECIFIED.)GEOMETRIC_REPRESENTATION_ITEM()RATIONAL_B_SPLINE_SURFACE(((1.00000000000000000E0,1.00000000000000000E0),(9.92314112161292172E-1,9.92314112161292172E-1),(9.88471168241938258E-1,9.88471168241938258E-1),(9.88471168241938147E-1,9.88471168241938147E-1),(9.92314112161292172E-1,9.92314112161292172E-1),(1.00000000000000000E0,1.00000000000000000E0)))REPRESENTATION_ITEM('')SURFACE());
#177=CARTESIAN_POINT('',(0.00000000000000000E0,2.00000000000000000E1,0.00000000000000000E0));
#178=CARTESIAN_POINT('',(0.00000000000000000E0,2.00000000000000000E1,6.00000000000000000E0));
#179=CARTESIAN_POINT('',(-1.99999999999999964E1,2.00000000000000000E1,0.00000000000000000E0));
#180=CARTESIAN_POINT('',(-1.99999999999999964E1,2.00000000000000000E1,6.00000000000000000E0));
#181=CARTESIAN_POINT('',(-2.00000000000000000E1,0.00000000000000000E0,0.00000000000000000E0));
#182=CARTESIAN_POINT('',(-2.00000000000000000E1,0.00000000000000000E0,6.00000000000000000E0));
#183=(BOUNDED_SURFACE()B_SPLINE_SURFACE(2,1,((#177,#178),(#179,#180),(#181,#182)),.UNSPECIFIED.,.F.,.F.,.F.)B_SPLINE_SURFACE_WITH_KNOTS((3,3),(2,2),(0.00000000000000000E0,3.00000000000000000E0),(0.00000000000000000E0,1.00000000000000000E0),.UNSPECIFIED.)GEOMETRIC_REPRESENTATION_ITEM()RATIONAL_B_SPLINE_SURFACE(((1.00000000000000000E0,1.00000000000000000E0),(7.07106781186547573E-1,7.07106781186547573E-1),(1.00000000000000000E0,1.00000000000000000E0)))REPRESENTATION_ITEM('')SURFACE());
#184=CARTESIAN_POINT('',(-5.00000000000000000E0,0.00000000000000000E0,0.00000000000000000E0));
#185=CARTESIAN_POINT('',(-5.00000000000000000E0,0.00000000000000000E0,6.00000000000000000E0));
#186=CARTESIAN_POINT('',(-4.99999999999999911E0,5.00000000000000000E0,0.00000000000000000E0));
#187=CARTESIAN_POINT('',(-4.99999999999999911E0,5.00000000000000000E0,6.00000000000000000E0));
#188=CARTESIAN_POINT('',(0.00000000000000000E0,5.00000000000000000E0,0.00000000000000000E0));
#189=CARTESIAN_POINT('',(0.00000000000000000E0,5.00000000000000000E0,6.00000000000000000E0));
#190=(BOUNDED_SURFACE()B_SPLINE_SURFACE(2,1,((#184,#185),(#186,#187),(#188,#189)),.UNSPECIFIED.,.F.,.F.,.F.)B_SPLINE_SURFACE_WITH_KNOTS((3,3),(2,2),(0.00000000000000000E0,3.00000000000000000E0),(0.00000000000000000E0,1.00000000000000000E0),.UNSPECIFIED.)GEOMETRIC_REPRESENTATION_ITEM()RATIONAL_B_SPLINE_SURFACE(((1.00000000000000000E0,1.00000000000000000E0),(7.07106781186547573E-1,7.07106781186547573E-1),(1.00000000000000000E0,1.00000000000000000E0)))REPRESENTATION_ITEM('')SURFACE());
#191=CARTESIAN_POINT('',(-2.00000000000000036E1,-2.00000000000000000E1,6.00000000000000000E0));
#192=CARTESIAN_POINT('',(-2.00000000000000036E1,2.00000000000000000E1,6.00000000000000000E0));
#193=CARTESIAN_POINT('',(2.00000000000000000E1,-2.00000000000000000E1,6.00000000000000000E0));
#194=CARTESIAN_POINT('',(2.00000000000000000E1,2.00000000000000000E1,6.00000000000000000E0));
#195=B_SPLINE_SURFACE_WITH_KNOTS('',1,1,((#191,#192),(#193,#194)),.UNSPECIFIED.,.F.,.F.,.F.,(2,2),(2,2),(-2.00000000000000036E1,2.00000000000000000E1),(-2.00000000000000000E1,2.00000000000000000E1),.UNSPECIFIED.);
#196=CARTESIAN_POINT('',(-2.00000000000000000E1,0.00000000000000000E0,0.00000000000000000E0));
#197=CARTESIAN_POINT('',(-2.00000000000000000E1,0.00000000000000000E0,6.00000000000000000E0));
#198=CARTESIAN_POINT('',(-2.00000000000000036E1,-1.99999999999999964E1,0.00000000000000000E0));
#199=CARTESIAN_POINT('',(-2.00000000000000036E1,-1.99999999999999964E1,6.00000000000000000E0));
#200=CARTESIAN_POINT('',(0.00000000000000000E0,-2.00000000000000000E1,0.00000000000000000E0));
#201=CARTESIAN_POINT('',(0.00000000000000000E0,-2.00000000000000000E1,6.00000000000000000E0));
#202=(BOUNDED_SURFACE()B_SPLINE_SURFACE(2,1,((#196,#197),(#198,#199),(#200,#201)),.UNSPECIFIED.,.F.,.F.,.F.)B_SPLINE_SURFACE_WITH_KNOTS((3,3),(2,2),(0.00000000000000000E0,3.00000000000000000E0),(0.00000000000000000E0,1.00000000000000000E0),.UNSPECIFIED.)GEOMETRIC_REPRESENTATION_ITEM()RATIONAL_B_SPLINE_SURFACE(((1.00000000000000000E0,1.00000000000000000E0),(7.07106781186547573E-1,7.07106781186547573E-1),(1.00000000000000000E0,1.00000000000000000E0)))REPRESENTATION_ITEM('')SURFACE());
#203=CARTESIAN_POINT('',(0.00000000000000000E0,-5.00000000000000000E0,0.00000000000000000E0));
#204=CARTESIAN_POINT('',(0.00000000000000000E0,-5.00000000000000000E0,6.00000000000000000E0));
#205=CARTESIAN_POINT('',(-5.00000000000000089E0,-4.99999999999999911E0,0.00000000000000000E0));
#206=CARTESIAN_POINT('',(-5.00000000000000089E0,-4.99999999999999911E0,6.00000000000000000E0));
#207=CARTESIAN_POINT('',(-5.00000000000000000E0,0.00000000000000000E0,0.00000000000000000E0));
#208=CARTESIAN_POINT('',(-5.00000000000000000E0,0.00000000000000000E0,6.00000000000000000E0));
#209=(BOUNDED_SURFACE()B_SPLINE_SURFACE(2,1,((#203,#204),(#205,#206),(#207,#208)),.UNSPECIFIED.,.F.,.F.,.F.)B_SPLINE_SURFACE_WITH_KNOTS((3,3),(2,2),(0.00000000000000000E0,3.00000000000000000E0),(0.00000000000000000E0,1.00000000000000000E0),.UNSPECIFIED.)GEOMETRIC_REPRESENTATION_ITEM()RATIONAL_B_SPLINE_SURFACE(((1.00000000000000000E0,1.00000000000000000E0),(7.07106781186547573E-1,7.07106781186547573E-1),(1.00000000000000000E0,1.00000000000000000E0)))REPRESENTATION_ITEM('')SURFACE());
#210=CARTESIAN_POINT('',(2.00000000000000000E1,-2.00000000000000000E1,0.00000000000000000E0));
#211=CARTESIAN_POINT('',(2.00000000000000000E1,2.00000000000000000E1,0.00000000000000000E0));
#212=CARTESIAN_POINT('',(-2.00000000000000036E1,-2.00000000000000000E1,0.00000000000000000E0));
#213=CARTESIAN_POINT('',(-2.00000000000000036E1,2.00000000000000000E1,0.00000000000000000E0));
#214=B_SPLINE_SURFACE_WITH_KNOTS('',1,1,((#210,#211),(#212,#213)),.UNSPECIFIED.,.F.,.F.,.F.,(2,2),(2,2),(-2.00000000000000036E1,2.00000000000000000E1),(-2.00000000000000000E1,2.00000000000000000E1),.UNSPECIFIED.);
#215=CARTESIAN_POINT('',(-2.00000000000000000E1,-2.00000000000000036E1,6.00000000000000000E0));
#216=CARTESIAN_POINT('',(-2.00000000000000000E1,2.00000000000000000E1,6.00000000000000000E0));
#217=CARTESIAN_POINT('',(2.00000000000000000E1,-2.00000000000000036E1,6.00000000000000000E0));
#218=CARTESIAN_POINT('',(2.00000000000000000E1,2.00000000000000000E1,6.00000000000000000E0));
#219=B_SPLINE_SURFACE_WITH_KNOTS('',1,1,((#215,#216),(#217,#218)),.UNSPECIFIED.,.F.,.F.,.F.,(2,2),(2,2),(-2.00000000000000000E1,2.00000000000000000E1),(-2.00000000000000036E1,2.00000000000000000E1),.UNSPECIFIED.);
#220=CARTESIAN_POINT('',(0.00000000000000000E0,-2.00000000000000000E1,0.00000000000000000E0));
#221=CARTESIAN_POINT('',(0.00000000000000000E0,-2.00000000000000000E1,6.00000000000000000E0));
#222=CARTESIAN_POINT('',(1.99999999999999929E1,-2.00000000000000036E1,0.00000000000000000E0));
#223=CARTESIAN_POINT('',(1.99999999999999929E1,-2.00000000000000036E1,6.00000000000000000E0));
#224=CARTESIAN_POINT('',(2.00000000000000000E1,0.00000000000000000E0,0.00000000000000000E0));
#225=CARTESIAN_POINT('',(2.00000000000000000E1,0.00000000000000000E0,6.00000000000000000E0));
#226=(BOUNDED_SURFACE()B_SPLINE_SURFACE(2,1,((#220,#221),(#222,#223),(#224,#225)),.UNSPECIFIED.,.F.,.F.,.F.)B_SPLINE_SURFACE_WITH_KNOTS((3,3),(2,2),(0.00000000000000000E0,3.00000000000000000E0),(0.00000000000000000E0,1.00000000000000000E0),.UNSPECIFIED.)GEOMETRIC_REPRESENTATION_ITEM()RATIONAL_B_SPLINE_SURFACE(((1.00000000000000000E0,1.00000000000000000E0),(7.07106781186547573E-1,7.07106781186547573E-1),(1.00000000000000000E0,1.00000000000000000E0)))REPRESENTATION_ITEM('')SURFACE());
#227=CARTESIAN_POINT('',(5.00000000000000000E0,0.00000000000000000E0,0.00000000000000000E0));
#228=CARTESIAN_POINT('',(5.00000000000000000E0,0.00000000000000000E0,6.00000000000000000E0));
#229=CARTESIAN_POINT('',(4.99999999999999822E0,-5.00000000000000089E0,0.00000000000000000E0));
#230=CARTESIAN_POINT('',(4.99999999999999822E0,-5.00000000000000089E0,6.00000000000000000E0));
#231=CARTESIAN_POINT('',(0.00000000000000000E0,-5.00000000000000000E0,0.00000000000000000E0));
#232=CARTESIAN_POINT('',(0.00000000000000000E0,-5.00000000000000000E0,6.00000000000000000E0));
#233=(BOUNDED_SURFACE()B_SPLINE_SURFACE(2,1,((#227,#228),(#229,#230),(#231,#232)),.UNSPECIFIED.,.F.,.F.,.F.)B_SPLINE_SURFACE_WITH_KNOTS((3,3),(2,2),(0.00000000000000000E0,3.00000000000000000E0),(0.00000000000000000E0,1.00000000000000000E0),.UNSPECIFIED.)GEOMETRIC_REPRESENTATION_ITEM()RATIONAL_B_SPLINE_SURFACE(((1.00000000000000000E0,1.00000000000000000E0),(7.07106781186547573E-1,7.07106781186547573E-1),(1.00000000000000000E0,1.00000000000000000E0)))REPRESENTATION_ITEM('')SURFACE());
#234=CARTESIAN_POINT('',(2.00000000000000000E1,-2.00000000000000036E1,0.00000000000000000E0));
#235=CARTESIAN_POINT('',(2.00000000000000000E1,2.00000000000000000E1,0.00000000000000000E0));
#236=CARTESIAN_POINT('',(-2.00000000000000000E1,-2.00000000000000036E1,0.00000000000000000E0));
#237=CARTESIAN_POINT('',(-2.00000000000000000E1,2.00000000000000000E1,0.00000000000000000E0));
#238=B_SPLINE_SURFACE_WITH_KNOTS('',1,1,((#234,#235),(#236,#237)),.UNSPECIFIED.,.F.,.F.,.F.,(2,2),(2,2),(-2.00000000000000000E1,2.00000000000000000E1),(-2.00000000000000036E1,2.00000000000000000E1),.UNSPECIFIED.);
#239=CARTESIAN_POINT('',(2.00000000000000000E1,0.00000000000000000E0,6.00000000000000000E0));
#240=CARTESIAN_POINT('',(2.00000000000000000E1,1.57281102526066241E0,6.00000000000000000E0));
#241=CARTESIAN_POINT('',(1.90872359619935885E1,3.14268218308152392E0,6.00000000000000000E0));
#242=CARTESIAN_POINT('',(1.77966977737846754E1,4.39522073576203010E0,6.00000000000000000E0));
#243=CARTESIAN_POINT('',(1.66945444503548757E1,5.42550814098595424E0,6.00000000000000000E0));
#244=CARTESIAN_POINT('',(1.61678918189475169E1,6.69696006638907093E0,6.00000000000000000E0));
#245=(BOUNDED_CURVE()B_SPLINE_CURVE(5,(#239,#240,#241,#242,#243,#244),.UNSPECIFIED.,.F.,.F.)B_SPLINE_CURVE_WITH_KNOTS((6,6),(0.00000000000000000E0,1.00000000000000000E0),.UNSPECIFIED.)CURVE()GEOMETRIC_REPRESENTATION_ITEM()RATIONAL_B_SPLINE_CURVE((1.00000000000000000E0,9.92314112161292172E-1,9.88471168241938147E-1,9.88471168241938258E-1,9.92314112161292172E-1,1.00000000000000000E0))REPRESENTATION_ITEM(''));
#246=CARTESIAN_POINT('',(1.61678918189475169E1,6.69696006638907093E0,6.00000000000000000E0));
#247=CARTESIAN_POINT('',(1.84775906502257357E1,7.65366864730179586E0,6.00000000000000000E0));
#248=CARTESIAN_POINT('',(1.84775906502257357E1,7.65366864730179586E0,3.50000000000000000E0));
#249=(BOUNDED_CURVE()B_SPLINE_CURVE(2,(#246,#247,#248),.UNSPECIFIED.,.F.,.F.)B_SPLINE_CURVE_WITH_KNOTS((3,3),(0.00000000000000000E0,1.00000000000000000E0),.UNSPECIFIED.)CURVE()GEOMETRIC_REPRESENTATION_ITEM()RATIONAL_B_SPLINE_CURVE((1.00000000000000000E0,7.07106781186547573E-1,1.00000000000000000E0))REPRESENTATION_ITEM(''));
#250=CARTESIAN_POINT('',(1.84775906502257357E1,7.65366864730179586E0,3.50000000000000000E0));
#251=CARTESIAN_POINT('',(1.90794793718341396E1,6.20058073255537590E0,3.50000000000000000E0));
#252=CARTESIAN_POINT('',(1.95379503018336962E1,4.69126931302570860E0,4.25874747195097747E0));
#253=CARTESIAN_POINT('',(1.98459834339445678E1,3.14268218308152392E0,5.24125252804902342E0));
#254=CARTESIAN_POINT('',(2.00000000000000000E1,1.57281102526066241E0,6.00000000000000000E0));
#255=CARTESIAN_POINT('',(2.00000000000000000E1,0.00000000000000000E0,6.00000000000000000E0));
#256=(BOUNDED_CURVE()B_SPLINE_CURVE(5,(#250,#251,#252,#253,#254,#255),.UNSPECIFIED.,.F.,.F.)B_SPLINE_CURVE_WITH_KNOTS((6,6),(0.00000000000000000E0,1.00000000000000000E0),.UNSPECIFIED.)CURVE()GEOMETRIC_REPRESENTATION_ITEM()RATIONAL_B_SPLINE_CURVE((1.00000000000000000E0,9.92314112161292172E-1,9.88471168241938258E-1,9.88471168241938147E-1,9.92314112161292172E-1,1.00000000000000000E0))REPRESENTATION_ITEM(''));
#257=CARTESIAN_POINT('',(2.00000000000000000E1,0.00000000000000000E0,6.00000000000000000E0));
#258=CARTESIAN_POINT('',(2.00000000000000000E1,0.00000000000000000E0,6.00000000000000000E0));
#259=CARTESIAN_POINT('',(2.00000000000000000E1,0.00000000000000000E0,6.00000000000000000E0));
#260=(BOUNDED_CURVE()B_SPLINE_CURVE(2,(#257,#258,#259),.UNSPECIFIED.,.F.,.F.)B_SPLINE_CURVE_WITH_KNOTS((3,3),(0.00000000000000000E0,1.00000000000000000E0),.UNSPECIFIED.)CURVE()GEOMETRIC_REPRESENTATION_ITEM()RATIONAL_B_SPLINE_CURVE((1.00000000000000000E0,7.07106781186547573E-1,1.00000000000000000E0))REPRESENTATION_ITEM(''));
#261=CARTESIAN_POINT('',(1.61678918189475169E1,6.69696006638907093E0,6.00000000000000000E0));
#262=CARTESIAN_POINT('',(4.61939766255643391E0,1.91341716182544919E0,6.00000000000000000E0));
#263=B_SPLINE_CURVE_WITH_KNOTS('',1,(#261,#262),.UNSPECIFIED.,.F.,.F.,(2,2),(0.00000000000000000E0,1.00000000000000000E0),.UNSPECIFIED.);
#264=CARTESIAN_POINT('',(4.61939766255643391E0,1.91341716182544919E0,6.00000000000000000E0));
#265=CARTESIAN_POINT('',(4.76986984295853489E0,1.55014518313884397E0,6.00000000000000000E0));
#266=CARTESIAN_POINT('',(4.88448757545842405E0,1.17281732825642715E0,6.00000000000000000E0));
#267=CARTESIAN_POINT('',(4.96149585848614194E0,7.85670545770380979E-1,6.00000000000000000E0));
#268=CARTESIAN_POINT('',(5.00000000000000000E0,3.93202756315165602E-1,6.00000000000000000E0));
#269=CARTESIAN_POINT('',(5.00000000000000000E0,0.00000000000000000E0,6.00000000000000000E0));
#270=(BOUNDED_CURVE()B_SPLINE_CURVE(5,(#264,#265,#266,#267,#268,#269),.UNSPECIFIED.,.F.,.F.)B_SPLINE_CURVE_WITH_KNOTS((6,6),(0.00000000000000000E0,1.00000000000000000E0),.UNSPECIFIED.)CURVE()GEOMETRIC_REPRESENTATION_ITEM()RATIONAL_B_SPLINE_CURVE((1.00000000000000000E0,9.92314112161292172E-1,9.88471168241938258E-1,9.88471168241938147E-1,9.92314112161292172E-1,1.00000000000000000E0))REPRESENTATION_ITEM(''));
#271=CARTESIAN_POINT('',(5.00000000000000000E0,0.00000000000000000E0,6.00000000000000000E0));
#272=CARTESIAN_POINT('',(2.00000000000000000E1,0.00000000000000000E0,6.00000000000000000E0));
#273=B_SPLINE_CURVE_WITH_KNOTS('',1,(#271,#272),.UNSPECIFIED.,.F.,.F.,(2,2),(0.00000000000000000E0,1.00000000000000000E0),.UNSPECIFIED.);
#274=CARTESIAN_POINT('',(2.00000000000000000E1,0.00000000000000000E0,0.00000000000000000E0));
#275=CARTESIAN_POINT('',(2.00000000000000000E1,1.57281102526066241E0,0.00000000000000000E0));
#276=CARTESIAN_POINT('',(1.98459834339445678E1,3.14268218308152392E0,0.00000000000000000E0));
#277=CARTESIAN_POINT('',(1.95379503018336962E1,4.69126931302570860E0,0.00000000000000000E0));
#278=CARTESIAN_POINT('',(1.90794793718341396E1,6.20058073255537590E0,0.00000000000000000E0));
#279=CARTESIAN_POINT('',(1.84775906502257357E1,7.65366864730179586E0,0.00000000000000000E0));
#280=(BOUNDED_CURVE()B_SPLINE_CURVE(5,(#274,#275,#276,#277,#278,#279),.UNSPECIFIED.,.F.,.F.)B_SPLINE_CURVE_WITH_KNOTS((6,6),(0.00000000000000000E0,1.00000000000000000E0),.UNSPECIFIED.)CURVE()GEOMETRIC_REPRESENTATION_ITEM()RATIONAL_B_SPLINE_CURVE((1.00000000000000000E0,9.92314112161292172E-1,9.88471168241938147E-1,9.88471168241938258E-1,9.92314112161292172E-1,1.00000000000000000E0))REPRESENTATION_ITEM(''));
#281=CARTESIAN_POINT('',(1.84775906502257357E1,7.65366864730179586E0,0.00000000000000000E0));
#282=CARTESIAN_POINT('',(1.84775906502257357E1,7.65366864730179586E0,3.50000000000000000E0));
#283=B_SPLINE_CURVE_WITH_KNOTS('',1,(#281,#282),.UNSPECIFIED.,.F.,.F.,(2,2),(0.00000000000000000E0,1.00000000000000000E0),.UNSPECIFIED.);
#284=CARTESIAN_POINT('',(2.00000000000000000E1,0.00000000000000000E0,6.00000000000000000E0));
#285=CARTESIAN_POINT('',(2.00000000000000000E1,0.00000000000000000E0,0.00000000000000000E0));
#286=B_SPLINE_CURVE_WITH_KNOTS('',1,(#284,#285),.UNSPECIFIED.,.F.,.F.,(2,2),(0.00000000000000000E0,1.00000000000000000E0),.UNSPECIFIED.);
#287=CARTESIAN_POINT('',(5.00000000000000000E0,0.00000000000000000E0,0.00000000000000000E0));
#288=CARTESIAN_POINT('',(5.00000000000000000E0,3.93202756315165602E-1,0.00000000000000000E0));
#289=CARTESIAN_POINT('',(4.96149585848614194E0,7.85670545770380979E-1,0.00000000000000000E0));
#290=CARTESIAN_POINT('',(4.88448757545842405E0,1.17281732825642715E0,0.00000000000000000E0));
#291=CARTESIAN_POINT('',(4.76986984295853489E0,1.55014518313884397E0,0.00000000000000000E0));
#292=CARTESIAN_POINT('',(4.61939766255643391E0,1.91341716182544919E0,0.00000000000000000E0));
#293=(BOUNDED_CURVE()B_SPLINE_CURVE(5,(#287,#288,#289,#290,#291,#292),.UNSPECIFIED.,.F.,.F.)B_SPLINE_CURVE_WITH_KNOTS((6,6),(0.00000000000000000E0,1.00000000000000000E0),.UNSPECIFIED.)CURVE()GEOMETRIC_REPRESENTATION_ITEM()RATIONAL_B_SPLINE_CURVE((1.00000000000000000E0,9.92314112161292172E-1,9.88471168241938147E-1,9.88471168241938258E-1,9.92314112161292172E-1,1.00000000000000000E0))REPRESENTATION_ITEM(''));
#294=CARTESIAN_POINT('',(4.61939766255643391E0,1.91341716182544919E0,0.00000000000000000E0));
#295=CARTESIAN_POINT('',(4.61939766255643391E0,1.91341716182544919E0,6.00000000000000000E0));
#296=B_SPLINE_CURVE_WITH_KNOTS('',1,(#294,#295),.UNSPECIFIED.,.F.,.F.,(2,2),(0.00000000000000000E0,1.00000000000000000E0),.UNSPECIFIED.);
#297=CARTESIAN_POINT('',(5.00000000000000000E0,0.00000000000000000E0,6.00000000000000000E0));
#298=CARTESIAN_POINT('',(5.00000000000000000E0,0.00000000000000000E0,0.00000000000000000E0));
#299=B_SPLINE_CURVE_WITH_KNOTS('',1,(#297,#298),.UNSPECIFIED.,.F.,.F.,(2,2),(0.00000000000000000E0,1.00000000000000000E0),.UNSPECIFIED.);
#300=CARTESIAN_POINT('',(1.84775906502257357E1,7.65366864730179586E0,0.00000000000000000E0));
#301=CARTESIAN_POINT('',(4.61939766255643391E0,1.91341716182544919E0,0.00000000000000000E0));
#302=B_SPLINE_CURVE_WITH_KNOTS('',1,(#300,#301),.UNSPECIFIED.,.F.,.F.,(2,2),(0.00000000000000000E0,1.00000000000000000E0),.UNSPECIFIED.);
#303=CARTESIAN_POINT('',(5.00000000000000000E0,0.00000000000000000E0,0.00000000000000000E0));
#304=CARTESIAN_POINT('',(2.00000000000000000E1,0.00000000000000000E0,0.00000000000000000E0));
#305=B_SPLINE_CURVE_WITH_KNOTS('',1,(#303,#304),.UNSPECIFIED.,.F.,.F.,(2,2),(0.00000000000000000E0,1.00000000000000000E0),.UNSPECIFIED.);
#306=CARTESIAN_POINT('',(1.61678918189475169E1,6.69696006638907093E0,6.00000000000000000E0));
#307=CARTESIAN_POINT('',(1.33939201327781419E1,1.33939201327781401E1,6.00000000000000000E0));
#308=CARTESIAN_POINT('',(6.69696006638907182E0,1.61678918189475169E1,6.00000000000000000E0));
#309=(BOUNDED_CURVE()B_SPLINE_CURVE(2,(#306,#307,#308),.UNSPECIFIED.,.F.,.F.)B_SPLINE_CURVE_WITH_KNOTS((3,3),(0.00000000000000000E0,1.00000000000000000E0),.UNSPECIFIED.)CURVE()GEOMETRIC_REPRESENTATION_ITEM()RATIONAL_B_SPLINE_CURVE((1.00000000000000000E0,9.23879532511286738E-1,1.00000000000000000E0))REPRESENTATION_ITEM(''));
#310=CARTESIAN_POINT('',(6.69696006638907182E0,1.61678918189475169E1,6.00000000000000000E0));
#311=CARTESIAN_POINT('',(7.65366864730179675E0,1.84775906502257357E1,6.00000000000000000E0));
#312=CARTESIAN_POINT('',(7.65366864730179675E0,1.84775906502257357E1,3.50000000000000000E0));
#313=(BOUNDED_CURVE()B_SPLINE_CURVE(2,(#310,#311,#312),.UNSPECIFIED.,.F.,.F.)B_SPLINE_CURVE_WITH_KNOTS((3,3),(0.00000000000000000E0,1.00000000000000000E0),.UNSPECIFIED.)CURVE()GEOMETRIC_REPRESENTATION_ITEM()RATIONAL_B_SPLINE_CURVE((1.00000000000000000E0,7.07106781186547573E-1,1.00000000000000000E0))REPRESENTATION_ITEM(''));
#314=CARTESIAN_POINT('',(7.65366864730179675E0,1.84775906502257357E1,3.50000000000000000E0));
#315=CARTESIAN_POINT('',(1.53073372946035917E1,1.53073372946035882E1,3.50000000000000000E0));
#316=CARTESIAN_POINT('',(1.84775906502257357E1,7.65366864730179586E0,3.50000000000000000E0));
#317=(BOUNDED_CURVE()B_SPLINE_CURVE(2,(#314,#315,#316),.UNSPECIFIED.,.F.,.F.)B_SPLINE_CURVE_WITH_KNOTS((3,3),(0.00000000000000000E0,1.00000000000000000E0),.UNSPECIFIED.)CURVE()GEOMETRIC_REPRESENTATION_ITEM()RATIONAL_B_SPLINE_CURVE((1.00000000000000000E0,9.23879532511286738E-1,1.00000000000000000E0))REPRESENTATION_ITEM(''));
#318=CARTESIAN_POINT('',(6.69696006638907182E0,1.61678918189475169E1,6.00000000000000000E0));
#319=CARTESIAN_POINT('',(1.91341716182544919E0,4.61939766255643391E0,6.00000000000000000E0));
#320=B_SPLINE_CURVE_WITH_KNOTS('',1,(#318,#319),.UNSPECIFIED.,.F.,.F.,(2,2),(0.00000000000000000E0,1.00000000000000000E0),.UNSPECIFIED.);
#321=CARTESIAN_POINT('',(1.91341716182544919E0,4.61939766255643391E0,6.00000000000000000E0));
#322=CARTESIAN_POINT('',(3.82683432365089837E0,3.82683432365089704E0,6.00000000000000000E0));
#323=CARTESIAN_POINT('',(4.61939766255643391E0,1.91341716182544919E0,6.00000000000000000E0));
#324=(BOUNDED_CURVE()B_SPLINE_CURVE(2,(#321,#322,#323),.UNSPECIFIED.,.F.,.F.)B_SPLINE_CURVE_WITH_KNOTS((3,3),(0.00000000000000000E0,1.00000000000000000E0),.UNSPECIFIED.)CURVE()GEOMETRIC_REPRESENTATION_ITEM()RATIONAL_B_SPLINE_CURVE((1.00000000000000000E0,9.23879532511286738E-1,1.00000000000000000E0))REPRESENTATION_ITEM(''));
#325=CARTESIAN_POINT('',(1.84775906502257357E1,7.65366864730179586E0,0.00000000000000000E0));
#326=CARTESIAN_POINT('',(1.53073372946035917E1,1.53073372946035882E1,0.00000000000000000E0));
#327=CARTESIAN_POINT('',(7.65366864730179675E0,1.84775906502257357E1,0.00000000000000000E0));
#328=(BOUNDED_CURVE()B_SPLINE_CURVE(2,(#325,#326,#327),.UNSPECIFIED.,.F.,.F.)B_SPLINE_CURVE_WITH_KNOTS((3,3),(0.00000000000000000E0,1.00000000000000000E0),.UNSPECIFIED.)CURVE()GEOMETRIC_REPRESENTATION_ITEM()RATIONAL_B_SPLINE_CURVE((1.00000000000000000E0,9.23879532511286738E-1,1.00000000000000000E0))REPRESENTATION_ITEM(''));
#329=CARTESIAN_POINT('',(7.65366864730179675E0,1.84775906502257357E1,0.00000000000000000E0));
#330=CARTESIAN_POINT('',(7.65366864730179675E0,1.84775906502257357E1,3.50000000000000000E0));
#331=B_SPLINE_CURVE_WITH_KNOTS('',1,(#329,#330),.UNSPECIFIED.,.F.,.F.,(2,2),(0.00000000000000000E0,1.00000000000000000E0),.UNSPECIFIED.);
#332=CARTESIAN_POINT('',(4.61939766255643391E0,1.91341716182544919E0,0.00000000000000000E0));
#333=CARTESIAN_POINT('',(3.82683432365089837E0,3.82683432365089704E0,0.00000000000000000E0));
#334=CARTESIAN_POINT('',(1.91341716182544919E0,4.61939766255643391E0,0.00000000000000000E0));
#335=(BOUNDED_CURVE()B_SPLINE_CURVE(2,(#332,#333,#334),.UNSPECIFIED.,.F.,.F.)B_SPLINE_CURVE_WITH_KNOTS((3,3),(0.00000000000000000E0,1.00000000000000000E0),.UNSPECIFIED.)CURVE()GEOMETRIC_REPRESENTATION_ITEM()RATIONAL_B_SPLINE_CURVE((1.00000000000000000E0,9.23879532511286738E-1,1.00000000000000000E0))REPRESENTATION_ITEM(''));
#336=CARTESIAN_POINT('',(1.91341716182544919E0,4.61939766255643391E0,0.00000000000000000E0));
#337=CARTESIAN_POINT('',(1.91341716182544919E0,4.61939766255643391E0,6.00000000000000000E0));
#338=B_SPLINE_CURVE_WITH_KNOTS('',1,(#336,#337),.UNSPECIFIED.,.F.,.F.,(2,2),(0.00000000000000000E0,1.00000000000000000E0),.UNSPECIFIED.);
#339=CARTESIAN_POINT('',(7.65366864730179675E0,1.84775906502257357E1,0.00000000000000000E0));
#340=CARTESIAN_POINT('',(1.91341716182544919E0,4.61939766255643391E0,0.00000000000000000E0));
#341=B_SPLINE_CURVE_WITH_KNOTS('',1,(#339,#340),.UNSPECIFIED.,.F.,.F.,(2,2),(0.00000000000000000E0,1.00000000000000000E0),.UNSPECIFIED.);
#342=CARTESIAN_POINT('',(6.69696006638907182E0,1.61678918189475169E1,6.00000000000000000E0));
#343=CARTESIAN_POINT('',(5.42550814098595513E0,1.66945444503548757E1,6.00000000000000000E0));
#344=CARTESIAN_POINT('',(4.39522073576203098E0,1.77966977737846790E1,6.00000000000000000E0));
#345=CARTESIAN_POINT('',(3.14268218308152436E0,1.90872359619935885E1,6.00000000000000000E0));
#346=CARTESIAN_POINT('',(1.57281102526066308E0,2.00000000000000000E1,6.00000000000000000E0));
#347=CARTESIAN_POINT('',(0.00000000000000000E0,2.00000000000000000E1,6.00000000000000000E0));
#348=(BOUNDED_CURVE()B_SPLINE_CURVE(5,(#342,#343,#344,#345,#346,#347),.UNSPECIFIED.,.F.,.F.)B_SPLINE_CURVE_WITH_KNOTS((6,6),(0.00000000000000000E0,1.00000000000000000E0),.UNSPECIFIED.)CURVE()GEOMETRIC_REPRESENTATION_ITEM()RATIONAL_B_SPLINE_CURVE((1.00000000000000000E0,9.92314112161292172E-1,9.88471168241938147E-1,9.88471168241938258E-1,9.92314112161292172E-1,1.00000000000000000E0))REPRESENTATION_ITEM(''));
#349=CARTESIAN_POINT('',(0.00000000000000000E0,2.00000000000000000E1,6.00000000000000000E0));
#350=CARTESIAN_POINT('',(0.00000000000000000E0,2.00000000000000000E1,6.00000000000000000E0));
#351=CARTESIAN_POINT('',(0.00000000000000000E0,2.00000000000000000E1,6.00000000000000000E0));
#352=(BOUNDED_CURVE()B_SPLINE_CURVE(2,(#349,#350,#351),.UNSPECIFIED.,.F.,.F.)B_SPLINE_CURVE_WITH_KNOTS((3,3),(0.00000000000000000E0,1.00000000000000000E0),.UNSPECIFIED.)CURVE()GEOMETRIC_REPRESENTATION_ITEM()RATIONAL_B_SPLINE_CURVE((1.00000000000000000E0,7.07106781186547573E-1,1.00000000000000000E0))REPRESENTATION_ITEM(''));
#353=CARTESIAN_POINT('',(0.00000000000000000E0,2.00000000000000000E1,6.00000000000000000E0));
#354=CARTESIAN_POINT('',(1.57281102526066308E0,2.00000000000000000E1,6.00000000000000000E0));
#355=CARTESIAN_POINT('',(3.14268218308152436E0,1.98459834339445642E1,5.24125252804902164E0));
#356=CARTESIAN_POINT('',(4.69126931302571037E0,1.95379503018336997E1,4.25874747195097836E0));
#357=CARTESIAN_POINT('',(6.20058073255537678E0,1.90794793718341396E1,3.50000000000000000E0));
#358=CARTESIAN_POINT('',(7.65366864730179675E0,1.84775906502257357E1,3.50000000000000000E0));
#359=(BOUNDED_CURVE()B_SPLINE_CURVE(5,(#353,#354,#355,#356,#357,#358),.UNSPECIFIED.,.F.,.F.)B_SPLINE_CURVE_WITH_KNOTS((6,6),(0.00000000000000000E0,1.00000000000000000E0),.UNSPECIFIED.)CURVE()GEOMETRIC_REPRESENTATION_ITEM()RATIONAL_B_SPLINE_CURVE((1.00000000000000000E0,9.92314112161292172E-1,9.88471168241938258E-1,9.88471168241938147E-1,9.92314112161292172E-1,1.00000000000000000E0))REPRESENTATION_ITEM(''));
#360=CARTESIAN_POINT('',(0.00000000000000000E0,2.00000000000000000E1,6.00000000000000000E0));
#361=CARTESIAN_POINT('',(0.00000000000000000E0,5.00000000000000000E0,6.00000000000000000E0));
#362=B_SPLINE_CURVE_WITH_KNOTS('',1,(#360,#361),.UNSPECIFIED.,.F.,.F.,(2,2),(0.00000000000000000E0,1.00000000000000000E0),.UNSPECIFIED.);
#363=CARTESIAN_POINT('',(0.00000000000000000E0,5.00000000000000000E0,6.00000000000000000E0));
#364=CARTESIAN_POINT('',(3.93202756315165769E-1,5.00000000000000000E0,6.00000000000000000E0));
#365=CARTESIAN_POINT('',(7.85670545770381090E-1,4.96149585848614105E0,6.00000000000000000E0));
#366=CARTESIAN_POINT('',(1.17281732825642759E0,4.88448757545842493E0,6.00000000000000000E0));
#367=CARTESIAN_POINT('',(1.55014518313884420E0,4.76986984295853489E0,6.00000000000000000E0));
#368=CARTESIAN_POINT('',(1.91341716182544919E0,4.61939766255643391E0,6.00000000000000000E0));
#369=(BOUNDED_CURVE()B_SPLINE_CURVE(5,(#363,#364,#365,#366,#367,#368),.UNSPECIFIED.,.F.,.F.)B_SPLINE_CURVE_WITH_KNOTS((6,6),(0.00000000000000000E0,1.00000000000000000E0),.UNSPECIFIED.)CURVE()GEOMETRIC_REPRESENTATION_ITEM()RATIONAL_B_SPLINE_CURVE((1.00000000000000000E0,9.92314112161292172E-1,9.88471168241938258E-1,9.88471168241938147E-1,9.92314112161292172E-1,1.00000000000000000E0))REPRESENTATION_ITEM(''));
#370=CARTESIAN_POINT('',(7.65366864730179675E0,1.84775906502257357E1,0.00000000000000000E0));
#371=CARTESIAN_POINT('',(6.20058073255537678E0,1.90794793718341396E1,0.00000000000000000E0));
#372=CARTESIAN_POINT('',(4.69126931302571037E0,1.95379503018336997E1,0.00000000000000000E0));
#373=CARTESIAN_POINT('',(3.14268218308152436E0,1.98459834339445642E1,0.00000000000000000E0));
#374=CARTESIAN_POINT('',(1.57281102526066308E0,2.00000000000000000E1,0.00000000000000000E0));
#375=CARTESIAN_POINT('',(0.00000000000000000E0,2.00000000000000000E1,0.00000000000000000E0));
#376=(BOUNDED_CURVE()B_SPLINE_CURVE(5,(#370,#371,#372,#373,#374,#375),.UNSPECIFIED.,.F.,.F.)B_SPLINE_CURVE_WITH_KNOTS((6,6),(0.00000000000000000E0,1.00000000000000000E0),.UNSPECIFIED.)CURVE()GEOMETRIC_REPRESENTATION_ITEM()RATIONAL_B_SPLINE_CURVE((1.00000000000000000E0,9.92314112161292172E-1,9.88471168241938147E-1,9.88471168241938258E-1,9.92314112161292172E-1,1.00000000000000000E0))REPRESENTATION_ITEM(''));
#377=CARTESIAN_POINT('',(0.00000000000000000E0,2.00000000000000000E1,0.00000000000000000E0));
#378=CARTESIAN_POINT('',(0.00000000000000000E0,2.00000000000000000E1,6.00000000000000000E0));
#379=B_SPLINE_CURVE_WITH_KNOTS('',1,(#377,#378),.UNSPECIFIED.,.F.,.F.,(2,2),(0.00000000000000000E0,1.00000000000000000E0),.UNSPECIFIED.);
#380=CARTESIAN_POINT('',(1.91341716182544919E0,4.61939766255643391E0,0.00000000000000000E0));
#381=CARTESIAN_POINT('',(1.55014518313884420E0,4.76986984295853489E0,0.00000000000000000E0));
#382=CARTESIAN_POINT('',(1.17281732825642759E0,4.88448757545842493E0,0.00000000000000000E0));
#383=CARTESIAN_POINT('',(7.85670545770381090E-1,4.96149585848614105E0,0.00000000000000000E0));
#384=CARTESIAN_POINT('',(3.93202756315165769E-1,5.00000000000000000E0,0.00000000000000000E0));
#385=CARTESIAN_POINT('',(0.00000000000000000E0,5.00000000000000000E0,0.00000000000000000E0));
#386=(BOUNDED_CURVE()B_SPLINE_CURVE(5,(#380,#381,#382,#383,#384,#385),.UNSPECIFIED.,.F.,.F.)B_SPLINE_CURVE_WITH_KNOTS((6,6),(0.00000000000000000E0,1.00000000000000000E0),.UNSPECIFIED.)CURVE()GEOMETRIC_REPRESENTATION_ITEM()RATIONAL_B_SPLINE_CURVE((1.00000000000000000E0,9.92314112161292172E-1,9.88471168241938147E-1,9.88471168241938258E-1,9.92314112161292172E-1,1.00000000000000000E0))REPRESENTATION_ITEM(''));
#387=CARTESIAN_POINT('',(0.00000000000000000E0,5.00000000000000000E0,0.00000000000000000E0));
#388=CARTESIAN_POINT('',(0.00000000000000000E0,5.00000000000000000E0,6.00000000000000000E0));
#389=B_SPLINE_CURVE_WITH_KNOTS('',1,(#387,#388),.UNSPECIFIED.,.F.,.F.,(2,2),(0.00000000000000000E0,1.00000000000000000E0),.UNSPECIFIED.);
#390=CARTESIAN_POINT('',(0.00000000000000000E0,2.00000000000000000E1,0.00000000000000000E0));
#391=CARTESIAN_POINT('',(0.00000000000000000E0,5.00000000000000000E0,0.00000000000000000E0));
#392=B_SPLINE_CURVE_WITH_KNOTS('',1,(#390,#391),.UNSPECIFIED.,.F.,.F.,(2,2),(0.00000000000000000E0,1.00000000000000000E0),.UNSPECIFIED.);
#393=CARTESIAN_POINT('',(0.00000000000000000E0,2.00000000000000000E1,6.00000000000000000E0));
#394=CARTESIAN_POINT('',(-1.99999999999999964E1,2.00000000000000000E1,6.00000000000000000E0));
#395=CARTESIAN_POINT('',(-2.00000000000000000E1,0.00000000000000000E0,6.00000000000000000E0));
#396=(BOUNDED_CURVE()B_SPLINE_CURVE(2,(#393,#394,#395),.UNSPECIFIED.,.F.,.F.)B_SPLINE_CURVE_WITH_KNOTS((3,3),(0.00000000000000000E0,1.00000000000000000E0),.UNSPECIFIED.)CURVE()GEOMETRIC_REPRESENTATION_ITEM()RATIONAL_B_SPLINE_CURVE((1.00000000000000000E0,7.07106781186547573E-1,1.00000000000000000E0))REPRESENTATION_ITEM(''));
#397=CARTESIAN_POINT('',(-2.00000000000000000E1,0.00000000000000000E0,6.00000000000000000E0));
#398=CARTESIAN_POINT('',(-5.00000000000000000E0,0.00000000000000000E0,6.00000000000000000E0));
#399=B_SPLINE_CURVE_WITH_KNOTS('',1,(#397,#398),.UNSPECIFIED.,.F.,.F.,(2,2),(0.00000000000000000E0,1.00000000000000000E0),.UNSPECIFIED.);
#400=CARTESIAN_POINT('',(-5.00000000000000000E0,0.00000000000000000E0,6.00000000000000000E0));
#401=CARTESIAN_POINT('',(-4.99999999999999911E0,5.00000000000000000E0,6.00000000000000000E0));
#402=CARTESIAN_POINT('',(0.00000000000000000E0,5.00000000000000000E0,6.00000000000000000E0));
#403=(BOUNDED_CURVE()B_SPLINE_CURVE(2,(#400,#401,#402),.UNSPECIFIED.,.F.,.F.)B_SPLINE_CURVE_WITH_KNOTS((3,3),(0.00000000000000000E0,1.00000000000000000E0),.UNSPECIFIED.)CURVE()GEOMETRIC_REPRESENTATION_ITEM()RATIONAL_B_SPLINE_CURVE((1.00000000000000000E0,7.07106781186547573E-1,1.00000000000000000E0))REPRESENTATION_ITEM(''));
#404=CARTESIAN_POINT('',(0.00000000000000000E0,2.00000000000000000E1,0.00000000000000000E0));
#405=CARTESIAN_POINT('',(-1.99999999999999964E1,2.00000000000000000E1,0.00000000000000000E0));
#406=CARTESIAN_POINT('',(-2.00000000000000000E1,0.00000000000000000E0,0.00000000000000000E0));
#407=(BOUNDED_CURVE()B_SPLINE_CURVE(2,(#404,#405,#406),.UNSPECIFIED.,.F.,.F.)B_SPLINE_CURVE_WITH_KNOTS((3,3),(0.00000000000000000E0,1.00000000000000000E0),.UNSPECIFIED.)CURVE()GEOMETRIC_REPRESENTATION_ITEM()RATIONAL_B_SPLINE_CURVE((1.00000000000000000E0,7.07106781186547573E-1,1.00000000000000000E0))REPRESENTATION_ITEM(''));
#408=CARTESIAN_POINT('',(-2.00000000000000000E1,0.00000000000000000E0,0.00000000000000000E0));
#409=CARTESIAN_POINT('',(-2.00000000000000000E1,0.00000000000000000E0,6.00000000000000000E0));
#410=B_SPLINE_CURVE_WITH_KNOTS('',1,(#408,#409),.UNSPECIFIED.,.F.,.F.,(2,2),(0.00000000000000000E0,1.00000000000000000E0),.UNSPECIFIED.);
#411=CARTESIAN_POINT('',(0.00000000000000000E0,5.00000000000000000E0,0.00000000000000000E0));
#412=CARTESIAN_POINT('',(-4.99999999999999911E0,5.00000000000000000E0,0.00000000000000000E0));
#413=CARTESIAN_POINT('',(-5.00000000000000000E0,0.00000000000000000E0,0.00000000000000000E0));
#414=(BOUNDED_CURVE()B_SPLINE_CURVE(2,(#411,#412,#413),.UNSPECIFIED.,.F.,.F.)B_SPLINE_CURVE_WITH_KNOTS((3,3),(0.00000000000000000E0,1.00000000000000000E0),.UNSPECIFIED.)CURVE()GEOMETRIC_REPRESENTATION_ITEM()RATIONAL_B_SPLINE_CURVE((1.00000000000000000E0,7.07106781186547573E-1,1.00000000000000000E0))REPRESENTATION_ITEM(''));
#415=CARTESIAN_POINT('',(-5.00000000000000000E0,0.00000000000000000E0,0.00000000000000000E0));
#416=CARTESIAN_POINT('',(-5.00000000000000000E0,0.00000000000000000E0,6.00000000000000000E0));
#417=B_SPLINE_CURVE_WITH_KNOTS('',1,(#415,#416),.UNSPECIFIED.,.F.,.F.,(2,2),(0.00000000000000000E0,1.00000000000000000E0),.UNSPECIFIED.);
#418=CARTESIAN_POINT('',(-2.00000000000000000E1,0.00000000000000000E0,0.00000000000000000E0));
#419=CARTESIAN_POINT('',(-5.00000000000000000E0,0.00000000000000000E0,0.00000000000000000E0));
#420=B_SPLINE_CURVE_WITH_KNOTS('',1,(#418,#419),.UNSPECIFIED.,.F.,.F.,(2,2),(0.00000000000000000E0,1.00000000000000000E0),.UNSPECIFIED.);
#421=CARTESIAN_POINT('',(-2.00000000000000000E1,0.00000000000000000E0,6.00000000000000000E0));
#422=CARTESIAN_POINT('',(-2.00000000000000036E1,-1.99999999999999964E1,6.00000000000000000E0));
#423=CARTESIAN_POINT('',(0.00000000000000000E0,-2.00000000000000000E1,6.00000000000000000E0));
#424=(BOUNDED_CURVE()B_SPLINE_CURVE(2,(#421,#422,#423),.UNSPECIFIED.,.F.,.F.)B_SPLINE_CURVE_WITH_KNOTS((3,3),(0.00000000000000000E0,1.00000000000000000E0),.UNSPECIFIED.)CURVE()GEOMETRIC_REPRESENTATION_ITEM()RATIONAL_B_SPLINE_CURVE((1.00000000000000000E0,7.07106781186547573E-1,1.00000000000000000E0))REPRESENTATION_ITEM(''));
#425=CARTESIAN_POINT('',(0.00000000000000000E0,-2.00000000000000000E1,6.00000000000000000E0));
#426=CARTESIAN_POINT('',(0.00000000000000000E0,-5.00000000000000000E0,6.00000000000000000E0));
#427=B_SPLINE_CURVE_WITH_KNOTS('',1,(#425,#426),.UNSPECIFIED.,.F.,.F.,(2,2),(0.00000000000000000E0,1.00000000000000000E0),.UNSPECIFIED.);
#428=CARTESIAN_POINT('',(0.00000000000000000E0,-5.00000000000000000E0,6.00000000000000000E0));
#429=CARTESIAN_POINT('',(-5.00000000000000089E0,-4.99999999999999911E0,6.00000000000000000E0));
#430=CARTESIAN_POINT('',(-5.00000000000000000E0,0.00000000000000000E0,6.00000000000000000E0));
#431=(BOUNDED_CURVE()B_SPLINE_CURVE(2,(#428,#429,#430),.UNSPECIFIED.,.F.,.F.)B_SPLINE_CURVE_WITH_KNOTS((3,3),(0.00000000000000000E0,1.00000000000000000E0),.UNSPECIFIED.)CURVE()GEOMETRIC_REPRESENTATION_ITEM()RATIONAL_B_SPLINE_CURVE((1.00000000000000000E0,7.07106781186547573E-1,1.00000000000000000E0))REPRESENTATION_ITEM(''));
#432=CARTESIAN_POINT('',(-2.00000000000000000E1,0.00000000000000000E0,0.00000000000000000E0));
#433=CARTESIAN_POINT('',(-2.00000000000000036E1,-1.99999999999999964E1,0.00000000000000000E0));
#434=CARTESIAN_POINT('',(0.00000000000000000E0,-2.00000000000000000E1,0.00000000000000000E0));
#435=(BOUNDED_CURVE()B_SPLINE_CURVE(2,(#432,#433,#434),.UNSPECIFIED.,.F.,.F.)B_SPLINE_CURVE_WITH_KNOTS((3,3),(0.00000000000000000E0,1.00000000000000000E0),.UNSPECIFIED.)CURVE()GEOMETRIC_REPRESENTATION_ITEM()RATIONAL_B_SPLINE_CURVE((1.00000000000000000E0,7.07106781186547573E-1,1.00000000000000000E0))REPRESENTATION_ITEM(''));
#436=CARTESIAN_POINT('',(0.00000000000000000E0,-2.00000000000000000E1,0.00000000000000000E0));
#437=CARTESIAN_POINT('',(0.00000000000000000E0,-2.00000000000000000E1,6.00000000000000000E0));
#438=B_SPLINE_CURVE_WITH_KNOTS('',1,(#436,#437),.UNSPECIFIED.,.F.,.F.,(2,2),(0.00000000000000000E0,1.00000000000000000E0),.UNSPECIFIED.);
#439=CARTESIAN_POINT('',(-5.00000000000000000E0,0.00000000000000000E0,0.00000000000000000E0));
#440=CARTESIAN_POINT('',(-5.00000000000000089E0,-4.99999999999999911E0,0.00000000000000000E0));
#441=CARTESIAN_POINT('',(0.00000000000000000E0,-5.00000000000000000E0,0.00000000000000000E0));
#442=(BOUNDED_CURVE()B_SPLINE_CURVE(2,(#439,#440,#441),.UNSPECIFIED.,.F.,.F.)B_SPLINE_CURVE_WITH_KNOTS((3,3),(0.00000000000000000E0,1.00000000000000000E0),.UNSPECIFIED.)CURVE()GEOMETRIC_REPRESENTATION_ITEM()RATIONAL_B_SPLINE_CURVE((1.00000000000000000E0,7.07106781186547573E-1,1.00000000000000000E0))REPRESENTATION_ITEM(''));
#443=CARTESIAN_POINT('',(0.00000000000000000E0,-5.00000000000000000E0,0.00000000000000000E0));
#444=CARTESIAN_POINT('',(0.00000000000000000E0,-5.00000000000000000E0,6.00000000000000000E0));
#445=B_SPLINE_CURVE_WITH_KNOTS('',1,(#443,#444),.UNSPECIFIED.,.F.,.F.,(2,2),(0.00000000000000000E0,1.00000000000000000E0),.UNSPECIFIED.);
#446=CARTESIAN_POINT('',(0.00000000000000000E0,-2.00000000000000000E1,0.00000000000000000E0));
#447=CARTESIAN_POINT('',(0.00000000000000000E0,-5.00000000000000000E0,0.00000000000000000E0));
#448=B_SPLINE_CURVE_WITH_KNOTS('',1,(#446,#447),.UNSPECIFIED.,.F.,.F.,(2,2),(0.00000000000000000E0,1.00000000000000000E0),.UNSPECIFIED.);
#449=CARTESIAN_POINT('',(0.00000000000000000E0,-2.00000000000000000E1,6.00000000000000000E0));
#450=CARTESIAN_POINT('',(1.99999999999999929E1,-2.00000000000000036E1,6.00000000000000000E0));
#451=CARTESIAN_POINT('',(2.00000000000000000E1,0.00000000000000000E0,6.00000000000000000E0));
#452=(BOUNDED_CURVE()B_SPLINE_CURVE(2,(#449,#450,#451),.UNSPECIFIED.,.F.,.F.)B_SPLINE_CURVE_WITH_KNOTS((3,3),(0.00000000000000000E0,1.00000000000000000E0),.UNSPECIFIED.)CURVE()GEOMETRIC_REPRESENTATION_ITEM()RATIONAL_B_SPLINE_CURVE((1.00000000000000000E0,7.07106781186547573E-1,1.00000000000000000E0))REPRESENTATION_ITEM(''));
#453=CARTESIAN_POINT('',(5.00000000000000000E0,0.00000000000000000E0,6.00000000000000000E0));
#454=CARTESIAN_POINT('',(4.99999999999999822E0,-5.00000000000000089E0,6.00000000000000000E0));
#455=CARTESIAN_POINT('',(0.00000000000000000E0,-5.00000000000000000E0,6.00000000000000000E0));
#456=(BOUNDED_CURVE()B_SPLINE_CURVE(2,(#453,#454,#455),.UNSPECIFIED.,.F.,.F.)B_SPLINE_CURVE_WITH_KNOTS((3,3),(0.00000000000000000E0,1.00000000000000000E0),.UNSPECIFIED.)CURVE()GEOMETRIC_REPRESENTATION_ITEM()RATIONAL_B_SPLINE_CURVE((1.00000000000000000E0,7.07106781186547573E-1,1.00000000000000000E0))REPRESENTATION_ITEM(''));
#457=CARTESIAN_POINT('',(0.00000000000000000E0,-2.00000000000000000E1,0.00000000000000000E0));
#458=CARTESIAN_POINT('',(1.99999999999999929E1,-2.00000000000000036E1,0.00000000000000000E0));
#459=CARTESIAN_POINT('',(2.00000000000000000E1,0.00000000000000000E0,0.00000000000000000E0));
#460=(BOUNDED_CURVE()B_SPLINE_CURVE(2,(#457,#458,#459),.UNSPECIFIED.,.F.,.F.)B_SPLINE_CURVE_WITH_KNOTS((3,3),(0.00000000000000000E0,1.00000000000000000E0),.UNSPECIFIED.)CURVE()GEOMETRIC_REPRESENTATION_ITEM()RATIONAL_B_SPLINE_CURVE((1.00000000000000000E0,7.07106781186547573E-1,1.00000000000000000E0))REPRESENTATION_ITEM(''));
#461=CARTESIAN_POINT('',(0.00000000000000000E0,-5.00000000000000000E0,0.00000000000000000E0));
#462=CARTESIAN_POINT('',(4.99999999999999822E0,-5.00000000000000089E0,0.00000000000000000E0));
#463=CARTESIAN_POINT('',(5.00000000000000000E0,0.00000000000000000E0,0.00000000000000000E0));
#464=(BOUNDED_CURVE()B_SPLINE_CURVE(2,(#461,#462,#463),.UNSPECIFIED.,.F.,.F.)B_SPLINE_CURVE_WITH_KNOTS((3,3),(0.00000000000000000E0,1.00000000000000000E0),.UNSPECIFIED.)CURVE()GEOMETRIC_REPRESENTATION_ITEM()RATIONAL_B_SPLINE_CURVE((1.00000000000000000E0,7.07106781186547573E-1,1.00000000000000000E0))REPRESENTATION_ITEM(''));
#465=(GEOMETRIC_REPRESENTATION_CONTEXT(2)REPRESENTATION_CONTEXT('','2D'));
#466=CARTESIAN_POINT('',(1.00000000000000000E0,0.00000000000000000E0));
#467=CARTESIAN_POINT('',(1.00000000000000000E0,1.00000000000000000E0));
#468=B_SPLINE_CURVE_WITH_KNOTS('',1,(#466,#467),.UNSPECIFIED.,.F.,.F.,(2,2),(0.00000000000000000E0,1.00000000000000000E0),.UNSPECIFIED.);
#469=DEFINITIONAL_REPRESENTATION('',(#468),#465);
#470=PCURVE('',#71,#469);
#471=CARTESIAN_POINT('',(1.00000000000000000E0,1.00000000000000000E0));
#472=CARTESIAN_POINT('',(0.00000000000000000E0,1.00000000000000000E0));
#473=B_SPLINE_CURVE_WITH_KNOTS('',1,(#471,#472),.UNSPECIFIED.,.F.,.F.,(2,2),(0.00000000000000000E0,1.00000000000000000E0),.UNSPECIFIED.);
#474=DEFINITIONAL_REPRESENTATION('',(#473),#465);
#475=PCURVE('',#71,#474);
#476=CARTESIAN_POINT('',(0.00000000000000000E0,1.00000000000000000E0));
#477=CARTESIAN_POINT('',(0.00000000000000000E0,0.00000000000000000E0));
#478=B_SPLINE_CURVE_WITH_KNOTS('',1,(#476,#477),.UNSPECIFIED.,.F.,.F.,(2,2),(0.00000000000000000E0,1.00000000000000000E0),.UNSPECIFIED.);
#479=DEFINITIONAL_REPRESENTATION('',(#478),#465);
#480=PCURVE('',#71,#479);
#481=CARTESIAN_POINT('',(0.00000000000000000E0,0.00000000000000000E0));
#482=CARTESIAN_POINT('',(1.00000000000000000E0,0.00000000000000000E0));
#483=B_SPLINE_CURVE_WITH_KNOTS('',1,(#481,#482),.UNSPECIFIED.,.F.,.F.,(2,2),(0.00000000000000000E0,1.00000000000000000E0),.UNSPECIFIED.);
#484=DEFINITIONAL_REPRESENTATION('',(#483),#465);
#485=PCURVE('',#71,#484);
#486=CARTESIAN_POINT('',(2.00000000000000000E1,0.00000000000000000E0));
#487=CARTESIAN_POINT('',(2.00000000000000000E1,1.57281102526066241E0));
#488=CARTESIAN_POINT('',(1.90872359619935885E1,3.14268218308152392E0));
#489=CARTESIAN_POINT('',(1.77966977737846754E1,4.39522073576203010E0));
#490=CARTESIAN_POINT('',(1.66945444503548757E1,5.42550814098595424E0));
#491=CARTESIAN_POINT('',(1.61678918189475169E1,6.69696006638907093E0));
#492=(BOUNDED_CURVE()B_SPLINE_CURVE(5,(#486,#487,#488,#489,#490,#491),.UNSPECIFIED.,.F.,.F.)B_SPLINE_CURVE_WITH_KNOTS((6,6),(0.00000000000000000E0,1.00000000000000000E0),.UNSPECIFIED.)CURVE()GEOMETRIC_REPRESENTATION_ITEM()RATIONAL_B_SPLINE_CURVE((1.00000000000000000E0,9.92314112161292172E-1,9.88471168241938147E-1,9.88471168241938258E-1,9.92314112161292172E-1,1.00000000000000000E0))REPRESENTATION_ITEM(''));
#493=DEFINITIONAL_REPRESENTATION('',(#492),#465);
#494=PCURVE('',#76,#493);
#495=CARTESIAN_POINT('',(1.61678918189475169E1,6.69696006638907093E0));
#496=CARTESIAN_POINT('',(4.61939766255643391E0,1.91341716182544919E0));
#497=B_SPLINE_CURVE_WITH_KNOTS('',1,(#495,#496),.UNSPECIFIED.,.F.,.F.,(2,2),(0.00000000000000000E0,1.00000000000000000E0),.UNSPECIFIED.);
#498=DEFINITIONAL_REPRESENTATION('',(#497),#465);
#499=PCURVE('',#76,#498);
#500=CARTESIAN_POINT('',(4.61939766255643391E0,1.91341716182544919E0));
#501=CARTESIAN_POINT('',(4.76986984295853489E0,1.55014518313884397E0));
#502=CARTESIAN_POINT('',(4.88448757545842405E0,1.17281732825642715E0));
#503=CARTESIAN_POINT('',(4.96149585848614194E0,7.85670545770380979E-1));
#504=CARTESIAN_POINT('',(5.00000000000000000E0,3.93202756315165602E-1));
#505=CARTESIAN_POINT('',(5.00000000000000000E0,0.00000000000000000E0));
#506=(BOUNDED_CURVE()B_SPLINE_CURVE(5,(#500,#501,#502,#503,#504,#505),.UNSPECIFIED.,.F.,.F.)B_SPLINE_CURVE_WITH_KNOTS((6,6),(0.00000000000000000E0,1.00000000000000000E0),.UNSPECIFIED.)CURVE()GEOMETRIC_REPRESENTATION_ITEM()RATIONAL_B_SPLINE_CURVE((1.00000000000000000E0,9.92314112161292172E-1,9.88471168241938258E-1,9.88471168241938147E-1,9.92314112161292172E-1,1.00000000000000000E0))REPRESENTATION_ITEM(''));
#507=DEFINITIONAL_REPRESENTATION('',(#506),#465);
#508=PCURVE('',#76,#507);
#509=CARTESIAN_POINT('',(5.00000000000000000E0,0.00000000000000000E0));
#510=CARTESIAN_POINT('',(2.00000000000000000E1,0.00000000000000000E0));
#511=B_SPLINE_CURVE_WITH_KNOTS('',1,(#509,#510),.UNSPECIFIED.,.F.,.F.,(2,2),(0.00000000000000000E0,1.00000000000000000E0),.UNSPECIFIED.);
#512=DEFINITIONAL_REPRESENTATION('',(#511),#465);
#513=PCURVE('',#76,#512);
#514=CARTESIAN_POINT('',(0.00000000000000000E0,0.00000000000000000E0));
#515=CARTESIAN_POINT('',(3.00000000000000000E0,0.00000000000000000E0));
#516=B_SPLINE_CURVE_WITH_KNOTS('',1,(#514,#515),.UNSPECIFIED.,.F.,.F.,(2,2),(0.00000000000000000E0,1.00000000000000000E0),.UNSPECIFIED.);
#517=DEFINITIONAL_REPRESENTATION('',(#516),#465);
#518=PCURVE('',#89,#517);
#519=CARTESIAN_POINT('',(3.00000000000000000E0,0.00000000000000000E0));
#520=CARTESIAN_POINT('',(3.00000000000000000E0,1.00000000000000000E0));
#521=B_SPLINE_CURVE_WITH_KNOTS('',1,(#519,#520),.UNSPECIFIED.,.F.,.F.,(2,2),(0.00000000000000000E0,1.00000000000000000E0),.UNSPECIFIED.);
#522=DEFINITIONAL_REPRESENTATION('',(#521),#465);
#523=PCURVE('',#89,#522);
#524=CARTESIAN_POINT('',(3.00000000000000000E0,1.00000000000000000E0));
#525=CARTESIAN_POINT('',(0.00000000000000000E0,1.00000000000000000E0));
#526=B_SPLINE_CURVE_WITH_KNOTS('',1,(#524,#525),.UNSPECIFIED.,.F.,.F.,(2,2),(0.00000000000000000E0,1.00000000000000000E0),.UNSPECIFIED.);
#527=DEFINITIONAL_REPRESENTATION('',(#526),#465);
#528=PCURVE('',#89,#527);
#529=CARTESIAN_POINT('',(0.00000000000000000E0,1.00000000000000000E0));
#530=CARTESIAN_POINT('',(0.00000000000000000E0,0.00000000000000000E0));
#531=B_SPLINE_CURVE_WITH_KNOTS('',1,(#529,#530),.UNSPECIFIED.,.F.,.F.,(2,2),(0.00000000000000000E0,1.00000000000000000E0),.UNSPECIFIED.);
#532=DEFINITIONAL_REPRESENTATION('',(#531),#465);
#533=PCURVE('',#89,#532);
#534=CARTESIAN_POINT('',(3.00000000000000000E0,0.00000000000000000E0));
#535=CARTESIAN_POINT('',(3.00000000000000000E0,1.00000000000000000E0));
#536=B_SPLINE_CURVE_WITH_KNOTS('',1,(#534,#535),.UNSPECIFIED.,.F.,.F.,(2,2),(0.00000000000000000E0,1.00000000000000000E0),.UNSPECIFIED.);
#537=DEFINITIONAL_REPRESENTATION('',(#536),#465);
#538=PCURVE('',#102,#537);
#539=CARTESIAN_POINT('',(3.00000000000000000E0,1.00000000000000000E0));
#540=CARTESIAN_POINT('',(0.00000000000000000E0,1.00000000000000000E0));
#541=B_SPLINE_CURVE_WITH_KNOTS('',1,(#539,#540),.UNSPECIFIED.,.F.,.F.,(2,2),(0.00000000000000000E0,1.00000000000000000E0),.UNSPECIFIED.);
#542=DEFINITIONAL_REPRESENTATION('',(#541),#465);
#543=PCURVE('',#102,#542);
#544=CARTESIAN_POINT('',(0.00000000000000000E0,1.00000000000000000E0));
#545=CARTESIAN_POINT('',(0.00000000000000000E0,0.00000000000000000E0));
#546=B_SPLINE_CURVE_WITH_KNOTS('',1,(#544,#545),.UNSPECIFIED.,.F.,.F.,(2,2),(0.00000000000000000E0,1.00000000000000000E0),.UNSPECIFIED.);
#547=DEFINITIONAL_REPRESENTATION('',(#546),#465);
#548=PCURVE('',#102,#547);
#549=CARTESIAN_POINT('',(0.00000000000000000E0,0.00000000000000000E0));
#550=CARTESIAN_POINT('',(3.00000000000000000E0,0.00000000000000000E0));
#551=B_SPLINE_CURVE_WITH_KNOTS('',1,(#549,#550),.UNSPECIFIED.,.F.,.F.,(2,2),(0.00000000000000000E0,1.00000000000000000E0),.UNSPECIFIED.);
#552=DEFINITIONAL_REPRESENTATION('',(#551),#465);
#553=PCURVE('',#102,#552);
#554=CARTESIAN_POINT('',(-2.00000000000000000E1,0.00000000000000000E0));
#555=CARTESIAN_POINT('',(-5.00000000000000000E0,0.00000000000000000E0));
#556=B_SPLINE_CURVE_WITH_KNOTS('',1,(#554,#555),.UNSPECIFIED.,.F.,.F.,(2,2),(0.00000000000000000E0,1.00000000000000000E0),.UNSPECIFIED.);
#557=DEFINITIONAL_REPRESENTATION('',(#556),#465);
#558=PCURVE('',#107,#557);
#559=CARTESIAN_POINT('',(-5.00000000000000000E0,0.00000000000000000E0));
#560=CARTESIAN_POINT('',(-5.00000000000000000E0,3.93202756315165602E-1));
#561=CARTESIAN_POINT('',(-4.96149585848614194E0,7.85670545770380979E-1));
#562=CARTESIAN_POINT('',(-4.88448757545842405E0,1.17281732825642715E0));
#563=CARTESIAN_POINT('',(-4.76986984295853489E0,1.55014518313884397E0));
#564=CARTESIAN_POINT('',(-4.61939766255643391E0,1.91341716182544919E0));
#565=(BOUNDED_CURVE()B_SPLINE_CURVE(5,(#559,#560,#561,#562,#563,#564),.UNSPECIFIED.,.F.,.F.)B_SPLINE_CURVE_WITH_KNOTS((6,6),(0.00000000000000000E0,1.00000000000000000E0),.UNSPECIFIED.)CURVE()GEOMETRIC_REPRESENTATION_ITEM()RATIONAL_B_SPLINE_CURVE((1.00000000000000000E0,9.92314112161292172E-1,9.88471168241938147E-1,9.88471168241938258E-1,9.92314112161292172E-1,1.00000000000000000E0))REPRESENTATION_ITEM(''));
#566=DEFINITIONAL_REPRESENTATION('',(#565),#465);
#567=PCURVE('',#107,#566);
#568=CARTESIAN_POINT('',(-4.61939766255643391E0,1.91341716182544919E0));
#569=CARTESIAN_POINT('',(-1.84775906502257357E1,7.65366864730179586E0));
#570=B_SPLINE_CURVE_WITH_KNOTS('',1,(#568,#569),.UNSPECIFIED.,.F.,.F.,(2,2),(0.00000000000000000E0,1.00000000000000000E0),.UNSPECIFIED.);
#571=DEFINITIONAL_REPRESENTATION('',(#570),#465);
#572=PCURVE('',#107,#571);
#573=CARTESIAN_POINT('',(-1.84775906502257357E1,7.65366864730179586E0));
#574=CARTESIAN_POINT('',(-1.90794793718341396E1,6.20058073255537590E0));
#575=CARTESIAN_POINT('',(-1.95379503018336962E1,4.69126931302570860E0));
#576=CARTESIAN_POINT('',(-1.98459834339445678E1,3.14268218308152392E0));
#577=CARTESIAN_POINT('',(-2.00000000000000000E1,1.57281102526066241E0));
#578=CARTESIAN_POINT('',(-2.00000000000000000E1,0.00000000000000000E0));
#579=(BOUNDED_CURVE()B_SPLINE_CURVE(5,(#573,#574,#575,#576,#577,#578),.UNSPECIFIED.,.F.,.F.)B_SPLINE_CURVE_WITH_KNOTS((6,6),(0.00000000000000000E0,1.00000000000000000E0),.UNSPECIFIED.)CURVE()GEOMETRIC_REPRESENTATION_ITEM()RATIONAL_B_SPLINE_CURVE((1.00000000000000000E0,9.92314112161292172E-1,9.88471168241938258E-1,9.88471168241938147E-1,9.92314112161292172E-1,1.00000000000000000E0))REPRESENTATION_ITEM(''));
#580=DEFINITIONAL_REPRESENTATION('',(#579),#465);
#581=PCURVE('',#107,#580);
#582=CARTESIAN_POINT('',(1.00000000000000000E0,0.00000000000000000E0));
#583=CARTESIAN_POINT('',(1.00000000000000000E0,1.00000000000000000E0));
#584=B_SPLINE_CURVE_WITH_KNOTS('',1,(#582,#583),.UNSPECIFIED.,.F.,.F.,(2,2),(0.00000000000000000E0,1.00000000000000000E0),.UNSPECIFIED.);
#585=DEFINITIONAL_REPRESENTATION('',(#584),#465);
#586=PCURVE('',#117,#585);
#587=CARTESIAN_POINT('',(1.00000000000000000E0,1.00000000000000000E0));
#588=CARTESIAN_POINT('',(0.00000000000000000E0,1.00000000000000000E0));
#589=B_SPLINE_CURVE_WITH_KNOTS('',1,(#587,#588),.UNSPECIFIED.,.F.,.F.,(2,2),(0.00000000000000000E0,1.00000000000000000E0),.UNSPECIFIED.);
#590=DEFINITIONAL_REPRESENTATION('',(#589),#465);
#591=PCURVE('',#117,#590);
#592=CARTESIAN_POINT('',(0.00000000000000000E0,1.00000000000000000E0));
#593=CARTESIAN_POINT('',(0.00000000000000000E0,0.00000000000000000E0));
#594=B_SPLINE_CURVE_WITH_KNOTS('',1,(#592,#593),.UNSPECIFIED.,.F.,.F.,(2,2),(0.00000000000000000E0,1.00000000000000000E0),.UNSPECIFIED.);
#595=DEFINITIONAL_REPRESENTATION('',(#594),#465);
#596=PCURVE('',#117,#595);
#597=CARTESIAN_POINT('',(0.00000000000000000E0,0.00000000000000000E0));
#598=CARTESIAN_POINT('',(1.00000000000000000E0,0.00000000000000000E0));
#599=B_SPLINE_CURVE_WITH_KNOTS('',1,(#597,#598),.UNSPECIFIED.,.F.,.F.,(2,2),(0.00000000000000000E0,1.00000000000000000E0),.UNSPECIFIED.);
#600=DEFINITIONAL_REPRESENTATION('',(#599),#465);
#601=PCURVE('',#117,#600);
#602=CARTESIAN_POINT('',(1.61678918189475169E1,6.69696006638907093E0));
#603=CARTESIAN_POINT('',(1.33939201327781419E1,1.33939201327781401E1));
#604=CARTESIAN_POINT('',(6.69696006638907182E0,1.61678918189475169E1));
#605=(BOUNDED_CURVE()B_SPLINE_CURVE(2,(#602,#603,#604),.UNSPECIFIED.,.F.,.F.)B_SPLINE_CURVE_WITH_KNOTS((3,3),(0.00000000000000000E0,1.00000000000000000E0),.UNSPECIFIED.)CURVE()GEOMETRIC_REPRESENTATION_ITEM()RATIONAL_B_SPLINE_CURVE((1.00000000000000000E0,9.23879532511286738E-1,1.00000000000000000E0))REPRESENTATION_ITEM(''));
#606=DEFINITIONAL_REPRESENTATION('',(#605),#465);
#607=PCURVE('',#76,#606);
#608=CARTESIAN_POINT('',(6.69696006638907182E0,1.61678918189475169E1));
#609=CARTESIAN_POINT('',(1.91341716182544919E0,4.61939766255643391E0));
#610=B_SPLINE_CURVE_WITH_KNOTS('',1,(#608,#609),.UNSPECIFIED.,.F.,.F.,(2,2),(0.00000000000000000E0,1.00000000000000000E0),.UNSPECIFIED.);
#611=DEFINITIONAL_REPRESENTATION('',(#610),#465);
#612=PCURVE('',#76,#611);
#613=CARTESIAN_POINT('',(1.91341716182544919E0,4.61939766255643391E0));
#614=CARTESIAN_POINT('',(3.82683432365089837E0,3.82683432365089704E0));
#615=CARTESIAN_POINT('',(4.61939766255643391E0,1.91341716182544919E0));
#616=(BOUNDED_CURVE()B_SPLINE_CURVE(2,(#613,#614,#615),.UNSPECIFIED.,.F.,.F.)B_SPLINE_CURVE_WITH_KNOTS((3,3),(0.00000000000000000E0,1.00000000000000000E0),.UNSPECIFIED.)CURVE()GEOMETRIC_REPRESENTATION_ITEM()RATIONAL_B_SPLINE_CURVE((1.00000000000000000E0,9.23879532511286738E-1,1.00000000000000000E0))REPRESENTATION_ITEM(''));
#617=DEFINITIONAL_REPRESENTATION('',(#616),#465);
#618=PCURVE('',#76,#617);
#619=CARTESIAN_POINT('',(4.61939766255643391E0,1.91341716182544919E0));
#620=CARTESIAN_POINT('',(1.61678918189475169E1,6.69696006638907093E0));
#621=B_SPLINE_CURVE_WITH_KNOTS('',1,(#619,#620),.UNSPECIFIED.,.F.,.F.,(2,2),(0.00000000000000000E0,1.00000000000000000E0),.UNSPECIFIED.);
#622=DEFINITIONAL_REPRESENTATION('',(#621),#465);
#623=PCURVE('',#76,#622);
#624=CARTESIAN_POINT('',(0.00000000000000000E0,0.00000000000000000E0));
#625=CARTESIAN_POINT('',(3.00000000000000000E0,0.00000000000000000E0));
#626=B_SPLINE_CURVE_WITH_KNOTS('',1,(#624,#625),.UNSPECIFIED.,.F.,.F.,(2,2),(0.00000000000000000E0,1.00000000000000000E0),.UNSPECIFIED.);
#627=DEFINITIONAL_REPRESENTATION('',(#626),#465);
#628=PCURVE('',#124,#627);
#629=CARTESIAN_POINT('',(3.00000000000000000E0,0.00000000000000000E0));
#630=CARTESIAN_POINT('',(3.00000000000000000E0,1.00000000000000000E0));
#631=B_SPLINE_CURVE_WITH_KNOTS('',1,(#629,#630),.UNSPECIFIED.,.F.,.F.,(2,2),(0.00000000000000000E0,1.00000000000000000E0),.UNSPECIFIED.);
#632=DEFINITIONAL_REPRESENTATION('',(#631),#465);
#633=PCURVE('',#124,#632);
#634=CARTESIAN_POINT('',(3.00000000000000000E0,1.00000000000000000E0));
#635=CARTESIAN_POINT('',(0.00000000000000000E0,1.00000000000000000E0));
#636=B_SPLINE_CURVE_WITH_KNOTS('',1,(#634,#635),.UNSPECIFIED.,.F.,.F.,(2,2),(0.00000000000000000E0,1.00000000000000000E0),.UNSPECIFIED.);
#637=DEFINITIONAL_REPRESENTATION('',(#636),#465);
#638=PCURVE('',#124,#637);
#639=CARTESIAN_POINT('',(0.00000000000000000E0,1.00000000000000000E0));
#640=CARTESIAN_POINT('',(0.00000000000000000E0,0.00000000000000000E0));
#641=B_SPLINE_CURVE_WITH_KNOTS('',1,(#639,#640),.UNSPECIFIED.,.F.,.F.,(2,2),(0.00000000000000000E0,1.00000000000000000E0),.UNSPECIFIED.);
#642=DEFINITIONAL_REPRESENTATION('',(#641),#465);
#643=PCURVE('',#124,#642);
#644=CARTESIAN_POINT('',(3.00000000000000000E0,0.00000000000000000E0));
#645=CARTESIAN_POINT('',(3.00000000000000000E0,1.00000000000000000E0));
#646=B_SPLINE_CURVE_WITH_KNOTS('',1,(#644,#645),.UNSPECIFIED.,.F.,.F.,(2,2),(0.00000000000000000E0,1.00000000000000000E0),.UNSPECIFIED.);
#647=DEFINITIONAL_REPRESENTATION('',(#646),#465);
#648=PCURVE('',#131,#647);
#649=CARTESIAN_POINT('',(3.00000000000000000E0,1.00000000000000000E0));
#650=CARTESIAN_POINT('',(0.00000000000000000E0,1.00000000000000000E0));
#651=B_SPLINE_CURVE_WITH_KNOTS('',1,(#649,#650),.UNSPECIFIED.,.F.,.F.,(2,2),(0.00000000000000000E0,1.00000000000000000E0),.UNSPECIFIED.);
#652=DEFINITIONAL_REPRESENTATION('',(#651),#465);
#653=PCURVE('',#131,#652);
#654=CARTESIAN_POINT('',(0.00000000000000000E0,1.00000000000000000E0));
#655=CARTESIAN_POINT('',(0.00000000000000000E0,0.00000000000000000E0));
#656=B_SPLINE_CURVE_WITH_KNOTS('',1,(#654,#655),.UNSPECIFIED.,.F.,.F.,(2,2),(0.00000000000000000E0,1.00000000000000000E0),.UNSPECIFIED.);
#657=DEFINITIONAL_REPRESENTATION('',(#656),#465);
#658=PCURVE('',#131,#657);
#659=CARTESIAN_POINT('',(0.00000000000000000E0,0.00000000000000000E0));
#660=CARTESIAN_POINT('',(3.00000000000000000E0,0.00000000000000000E0));
#661=B_SPLINE_CURVE_WITH_KNOTS('',1,(#659,#660),.UNSPECIFIED.,.F.,.F.,(2,2),(0.00000000000000000E0,1.00000000000000000E0),.UNSPECIFIED.);
#662=DEFINITIONAL_REPRESENTATION('',(#661),#465);
#663=PCURVE('',#131,#662);
#664=CARTESIAN_POINT('',(-1.84775906502257357E1,7.65366864730179586E0));
#665=CARTESIAN_POINT('',(-4.61939766255643391E0,1.91341716182544919E0));
#666=B_SPLINE_CURVE_WITH_KNOTS('',1,(#664,#665),.UNSPECIFIED.,.F.,.F.,(2,2),(0.00000000000000000E0,1.00000000000000000E0),.UNSPECIFIED.);
#667=DEFINITIONAL_REPRESENTATION('',(#666),#465);
#668=PCURVE('',#107,#667);
#669=CARTESIAN_POINT('',(-4.61939766255643391E0,1.91341716182544919E0));
#670=CARTESIAN_POINT('',(-3.82683432365089837E0,3.82683432365089704E0));
#671=CARTESIAN_POINT('',(-1.91341716182544919E0,4.61939766255643391E0));
#672=(BOUNDED_CURVE()B_SPLINE_CURVE(2,(#669,#670,#671),.UNSPECIFIED.,.F.,.F.)B_SPLINE_CURVE_WITH_KNOTS((3,3),(0.00000000000000000E0,1.00000000000000000E0),.UNSPECIFIED.)CURVE()GEOMETRIC_REPRESENTATION_ITEM()RATIONAL_B_SPLINE_CURVE((1.00000000000000000E0,9.23879532511286738E-1,1.00000000000000000E0))REPRESENTATION_ITEM(''));
#673=DEFINITIONAL_REPRESENTATION('',(#672),#465);
#674=PCURVE('',#107,#673);
#675=CARTESIAN_POINT('',(-1.91341716182544919E0,4.61939766255643391E0));
#676=CARTESIAN_POINT('',(-7.65366864730179675E0,1.84775906502257357E1));
#677=B_SPLINE_CURVE_WITH_KNOTS('',1,(#675,#676),.UNSPECIFIED.,.F.,.F.,(2,2),(0.00000000000000000E0,1.00000000000000000E0),.UNSPECIFIED.);
#678=DEFINITIONAL_REPRESENTATION('',(#677),#465);
#679=PCURVE('',#107,#678);
#680=CARTESIAN_POINT('',(-7.65366864730179675E0,1.84775906502257357E1));
#681=CARTESIAN_POINT('',(-1.53073372946035917E1,1.53073372946035882E1));
#682=CARTESIAN_POINT('',(-1.84775906502257357E1,7.65366864730179586E0));
#683=(BOUNDED_CURVE()B_SPLINE_CURVE(2,(#680,#681,#682),.UNSPECIFIED.,.F.,.F.)B_SPLINE_CURVE_WITH_KNOTS((3,3),(0.00000000000000000E0,1.00000000000000000E0),.UNSPECIFIED.)CURVE()GEOMETRIC_REPRESENTATION_ITEM()RATIONAL_B_SPLINE_CURVE((1.00000000000000000E0,9.23879532511286738E-1,1.00000000000000000E0))REPRESENTATION_ITEM(''));
#684=DEFINITIONAL_REPRESENTATION('',(#683),#465);
#685=PCURVE('',#107,#684);
#686=CARTESIAN_POINT('',(1.00000000000000000E0,0.00000000000000000E0));
#687=CARTESIAN_POINT('',(1.00000000000000000E0,1.00000000000000000E0));
#688=B_SPLINE_CURVE_WITH_KNOTS('',1,(#686,#687),.UNSPECIFIED.,.F.,.F.,(2,2),(0.00000000000000000E0,1.00000000000000000E0),.UNSPECIFIED.);
#689=DEFINITIONAL_REPRESENTATION('',(#688),#465);
#690=PCURVE('',#150,#689);
#691=CARTESIAN_POINT('',(1.00000000000000000E0,1.00000000000000000E0));
#692=CARTESIAN_POINT('',(0.00000000000000000E0,1.00000000000000000E0));
#693=B_SPLINE_CURVE_WITH_KNOTS('',1,(#691,#692),.UNSPECIFIED.,.F.,.F.,(2,2),(0.00000000000000000E0,1.00000000000000000E0),.UNSPECIFIED.);
#694=DEFINITIONAL_REPRESENTATION('',(#693),#465);
#695=PCURVE('',#150,#694);
#696=CARTESIAN_POINT('',(0.00000000000000000E0,1.00000000000000000E0));
#697=CARTESIAN_POINT('',(0.00000000000000000E0,0.00000000000000000E0));
#698=B_SPLINE_CURVE_WITH_KNOTS('',1,(#696,#697),.UNSPECIFIED.,.F.,.F.,(2,2),(0.00000000000000000E0,1.00000000000000000E0),.UNSPECIFIED.);
#699=DEFINITIONAL_REPRESENTATION('',(#698),#465);
#700=PCURVE('',#150,#699);
#701=CARTESIAN_POINT('',(0.00000000000000000E0,0.00000000000000000E0));
#702=CARTESIAN_POINT('',(1.00000000000000000E0,0.00000000000000000E0));
#703=B_SPLINE_CURVE_WITH_KNOTS('',1,(#701,#702),.UNSPECIFIED.,.F.,.F.,(2,2),(0.00000000000000000E0,1.00000000000000000E0),.UNSPECIFIED.);
#704=DEFINITIONAL_REPRESENTATION('',(#703),#465);
#705=PCURVE('',#150,#704);
#706=CARTESIAN_POINT('',(6.69696006638907182E0,1.61678918189475169E1));
#707=CARTESIAN_POINT('',(5.42550814098595513E0,1.66945444503548757E1));
#708=CARTESIAN_POINT('',(4.39522073576203098E0,1.77966977737846790E1));
#709=CARTESIAN_POINT('',(3.14268218308152436E0,1.90872359619935885E1));
#710=CARTESIAN_POINT('',(1.57281102526066308E0,2.00000000000000000E1));
#711=CARTESIAN_POINT('',(0.00000000000000000E0,2.00000000000000000E1));
#712=(BOUNDED_CURVE()B_SPLINE_CURVE(5,(#706,#707,#708,#709,#710,#711),.UNSPECIFIED.,.F.,.F.)B_SPLINE_CURVE_WITH_KNOTS((6,6),(0.00000000000000000E0,1.00000000000000000E0),.UNSPECIFIED.)CURVE()GEOMETRIC_REPRESENTATION_ITEM()RATIONAL_B_SPLINE_CURVE((1.00000000000000000E0,9.92314112161292172E-1,9.88471168241938147E-1,9.88471168241938258E-1,9.92314112161292172E-1,1.00000000000000000E0))REPRESENTATION_ITEM(''));
#713=DEFINITIONAL_REPRESENTATION('',(#712),#465);
#714=PCURVE('',#76,#713);
#715=CARTESIAN_POINT('',(0.00000000000000000E0,2.00000000000000000E1));
#716=CARTESIAN_POINT('',(0.00000000000000000E0,5.00000000000000000E0));
#717=B_SPLINE_CURVE_WITH_KNOTS('',1,(#715,#716),.UNSPECIFIED.,.F.,.F.,(2,2),(0.00000000000000000E0,1.00000000000000000E0),.UNSPECIFIED.);
#718=DEFINITIONAL_REPRESENTATION('',(#717),#465);
#719=PCURVE('',#76,#718);
#720=CARTESIAN_POINT('',(0.00000000000000000E0,5.00000000000000000E0));
#721=CARTESIAN_POINT('',(3.93202756315165769E-1,5.00000000000000000E0));
#722=CARTESIAN_POINT('',(7.85670545770381090E-1,4.96149585848614105E0));
#723=CARTESIAN_POINT('',(1.17281732825642759E0,4.88448757545842493E0));
#724=CARTESIAN_POINT('',(1.55014518313884420E0,4.76986984295853489E0));
#725=CARTESIAN_POINT('',(1.91341716182544919E0,4.61939766255643391E0));
#726=(BOUNDED_CURVE()B_SPLINE_CURVE(5,(#720,#721,#722,#723,#724,#725),.UNSPECIFIED.,.F.,.F.)B_SPLINE_CURVE_WITH_KNOTS((6,6),(0.00000000000000000E0,1.00000000000000000E0),.UNSPECIFIED.)CURVE()GEOMETRIC_REPRESENTATION_ITEM()RATIONAL_B_SPLINE_CURVE((1.00000000000000000E0,9.92314112161292172E-1,9.88471168241938258E-1,9.88471168241938147E-1,9.92314112161292172E-1,1.00000000000000000E0))REPRESENTATION_ITEM(''));
#727=DEFINITIONAL_REPRESENTATION('',(#726),#465);
#728=PCURVE('',#76,#727);
#729=CARTESIAN_POINT('',(1.91341716182544919E0,4.61939766255643391E0));
#730=CARTESIAN_POINT('',(6.69696006638907182E0,1.61678918189475169E1));
#731=B_SPLINE_CURVE_WITH_KNOTS('',1,(#729,#730),.UNSPECIFIED.,.F.,.F.,(2,2),(0.00000000000000000E0,1.00000000000000000E0),.UNSPECIFIED.);
#732=DEFINITIONAL_REPRESENTATION('',(#731),#465);
#733=PCURVE('',#76,#732);
#734=CARTESIAN_POINT('',(0.00000000000000000E0,0.00000000000000000E0));
#735=CARTESIAN_POINT('',(3.00000000000000000E0,0.00000000000000000E0));
#736=B_SPLINE_CURVE_WITH_KNOTS('',1,(#734,#735),.UNSPECIFIED.,.F.,.F.,(2,2),(0.00000000000000000E0,1.00000000000000000E0),.UNSPECIFIED.);
#737=DEFINITIONAL_REPRESENTATION('',(#736),#465);
#738=PCURVE('',#163,#737);
#739=CARTESIAN_POINT('',(3.00000000000000000E0,0.00000000000000000E0));
#740=CARTESIAN_POINT('',(3.00000000000000000E0,1.00000000000000000E0));
#741=B_SPLINE_CURVE_WITH_KNOTS('',1,(#739,#740),.UNSPECIFIED.,.F.,.F.,(2,2),(0.00000000000000000E0,1.00000000000000000E0),.UNSPECIFIED.);
#742=DEFINITIONAL_REPRESENTATION('',(#741),#465);
#743=PCURVE('',#163,#742);
#744=CARTESIAN_POINT('',(3.00000000000000000E0,1.00000000000000000E0));
#745=CARTESIAN_POINT('',(0.00000000000000000E0,1.00000000000000000E0));
#746=B_SPLINE_CURVE_WITH_KNOTS('',1,(#744,#745),.UNSPECIFIED.,.F.,.F.,(2,2),(0.00000000000000000E0,1.00000000000000000E0),.UNSPECIFIED.);
#747=DEFINITIONAL_REPRESENTATION('',(#746),#465);
#748=PCURVE('',#163,#747);
#749=CARTESIAN_POINT('',(0.00000000000000000E0,1.00000000000000000E0));
#750=CARTESIAN_POINT('',(0.00000000000000000E0,0.00000000000000000E0));
#751=B_SPLINE_CURVE_WITH_KNOTS('',1,(#749,#750),.UNSPECIFIED.,.F.,.F.,(2,2),(0.00000000000000000E0,1.00000000000000000E0),.UNSPECIFIED.);
#752=DEFINITIONAL_REPRESENTATION('',(#751),#465);
#753=PCURVE('',#163,#752);
#754=CARTESIAN_POINT('',(3.00000000000000000E0,0.00000000000000000E0));
#755=CARTESIAN_POINT('',(3.00000000000000000E0,1.00000000000000000E0));
#756=B_SPLINE_CURVE_WITH_KNOTS('',1,(#754,#755),.UNSPECIFIED.,.F.,.F.,(2,2),(0.00000000000000000E0,1.00000000000000000E0),.UNSPECIFIED.);
#757=DEFINITIONAL_REPRESENTATION('',(#756),#465);
#758=PCURVE('',#176,#757);
#759=CARTESIAN_POINT('',(3.00000000000000000E0,1.00000000000000000E0));
#760=CARTESIAN_POINT('',(0.00000000000000000E0,1.00000000000000000E0));
#761=B_SPLINE_CURVE_WITH_KNOTS('',1,(#759,#760),.UNSPECIFIED.,.F.,.F.,(2,2),(0.00000000000000000E0,1.00000000000000000E0),.UNSPECIFIED.);
#762=DEFINITIONAL_REPRESENTATION('',(#761),#465);
#763=PCURVE('',#176,#762);
#764=CARTESIAN_POINT('',(0.00000000000000000E0,1.00000000000000000E0));
#765=CARTESIAN_POINT('',(0.00000000000000000E0,0.00000000000000000E0));
#766=B_SPLINE_CURVE_WITH_KNOTS('',1,(#764,#765),.UNSPECIFIED.,.F.,.F.,(2,2),(0.00000000000000000E0,1.00000000000000000E0),.UNSPECIFIED.);
#767=DEFINITIONAL_REPRESENTATION('',(#766),#465);
#768=PCURVE('',#176,#767);
#769=CARTESIAN_POINT('',(0.00000000000000000E0,0.00000000000000000E0));
#770=CARTESIAN_POINT('',(3.00000000000000000E0,0.00000000000000000E0));
#771=B_SPLINE_CURVE_WITH_KNOTS('',1,(#769,#770),.UNSPECIFIED.,.F.,.F.,(2,2),(0.00000000000000000E0,1.00000000000000000E0),.UNSPECIFIED.);
#772=DEFINITIONAL_REPRESENTATION('',(#771),#465);
#773=PCURVE('',#176,#772);
#774=CARTESIAN_POINT('',(-7.65366864730179675E0,1.84775906502257357E1));
#775=CARTESIAN_POINT('',(-1.91341716182544919E0,4.61939766255643391E0));
#776=B_SPLINE_CURVE_WITH_KNOTS('',1,(#774,#775),.UNSPECIFIED.,.F.,.F.,(2,2),(0.00000000000000000E0,1.00000000000000000E0),.UNSPECIFIED.);
#777=DEFINITIONAL_REPRESENTATION('',(#776),#465);
#778=PCURVE('',#107,#777);
#779=CARTESIAN_POINT('',(-1.91341716182544919E0,4.61939766255643391E0));
#780=CARTESIAN_POINT('',(-1.55014518313884420E0,4.76986984295853489E0));
#781=CARTESIAN_POINT('',(-1.17281732825642759E0,4.88448757545842493E0));
#782=CARTESIAN_POINT('',(-7.85670545770381090E-1,4.96149585848614105E0));
#783=CARTESIAN_POINT('',(-3.93202756315165769E-1,5.00000000000000000E0));
#784=CARTESIAN_POINT('',(0.00000000000000000E0,5.00000000000000000E0));
#785=(BOUNDED_CURVE()B_SPLINE_CURVE(5,(#779,#780,#781,#782,#783,#784),.UNSPECIFIED.,.F.,.F.)B_SPLINE_CURVE_WITH_KNOTS((6,6),(0.00000000000000000E0,1.00000000000000000E0),.UNSPECIFIED.)CURVE()GEOMETRIC_REPRESENTATION_ITEM()RATIONAL_B_SPLINE_CURVE((1.00000000000000000E0,9.92314112161292172E-1,9.88471168241938147E-1,9.88471168241938258E-1,9.92314112161292172E-1,1.00000000000000000E0))REPRESENTATION_ITEM(''));
#786=DEFINITIONAL_REPRESENTATION('',(#785),#465);
#787=PCURVE('',#107,#786);
#788=CARTESIAN_POINT('',(0.00000000000000000E0,5.00000000000000000E0));
#789=CARTESIAN_POINT('',(0.00000000000000000E0,2.00000000000000000E1));
#790=B_SPLINE_CURVE_WITH_KNOTS('',1,(#788,#789),.UNSPECIFIED.,.F.,.F.,(2,2),(0.00000000000000000E0,1.00000000000000000E0),.UNSPECIFIED.);
#791=DEFINITIONAL_REPRESENTATION('',(#790),#465);
#792=PCURVE('',#107,#791);
#793=CARTESIAN_POINT('',(0.00000000000000000E0,2.00000000000000000E1));
#794=CARTESIAN_POINT('',(-1.57281102526066308E0,2.00000000000000000E1));
#795=CARTESIAN_POINT('',(-3.14268218308152436E0,1.98459834339445642E1));
#796=CARTESIAN_POINT('',(-4.69126931302571037E0,1.95379503018336997E1));
#797=CARTESIAN_POINT('',(-6.20058073255537678E0,1.90794793718341396E1));
#798=CARTESIAN_POINT('',(-7.65366864730179675E0,1.84775906502257357E1));
#799=(BOUNDED_CURVE()B_SPLINE_CURVE(5,(#793,#794,#795,#796,#797,#798),.UNSPECIFIED.,.F.,.F.)B_SPLINE_CURVE_WITH_KNOTS((6,6),(0.00000000000000000E0,1.00000000000000000E0),.UNSPECIFIED.)CURVE()GEOMETRIC_REPRESENTATION_ITEM()RATIONAL_B_SPLINE_CURVE((1.00000000000000000E0,9.92314112161292172E-1,9.88471168241938258E-1,9.88471168241938147E-1,9.92314112161292172E-1,1.00000000000000000E0))REPRESENTATION_ITEM(''));
#800=DEFINITIONAL_REPRESENTATION('',(#799),#465);
#801=PCURVE('',#107,#800);
#802=CARTESIAN_POINT('',(0.00000000000000000E0,2.00000000000000000E1));
#803=CARTESIAN_POINT('',(-1.99999999999999964E1,2.00000000000000000E1));
#804=CARTESIAN_POINT('',(-2.00000000000000000E1,0.00000000000000000E0));
#805=(BOUNDED_CURVE()B_SPLINE_CURVE(2,(#802,#803,#804),.UNSPECIFIED.,.F.,.F.)B_SPLINE_CURVE_WITH_KNOTS((3,3),(0.00000000000000000E0,1.00000000000000000E0),.UNSPECIFIED.)CURVE()GEOMETRIC_REPRESENTATION_ITEM()RATIONAL_B_SPLINE_CURVE((1.00000000000000000E0,7.07106781186547573E-1,1.00000000000000000E0))REPRESENTATION_ITEM(''));
#806=DEFINITIONAL_REPRESENTATION('',(#805),#465);
#807=PCURVE('',#76,#806);
#808=CARTESIAN_POINT('',(-2.00000000000000000E1,0.00000000000000000E0));
#809=CARTESIAN_POINT('',(-5.00000000000000000E0,0.00000000000000000E0));
#810=B_SPLINE_CURVE_WITH_KNOTS('',1,(#808,#809),.UNSPECIFIED.,.F.,.F.,(2,2),(0.00000000000000000E0,1.00000000000000000E0),.UNSPECIFIED.);
#811=DEFINITIONAL_REPRESENTATION('',(#810),#465);
#812=PCURVE('',#76,#811);
#813=CARTESIAN_POINT('',(-5.00000000000000000E0,0.00000000000000000E0));
#814=CARTESIAN_POINT('',(-4.99999999999999911E0,5.00000000000000000E0));
#815=CARTESIAN_POINT('',(0.00000000000000000E0,5.00000000000000000E0));
#816=(BOUNDED_CURVE()B_SPLINE_CURVE(2,(#813,#814,#815),.UNSPECIFIED.,.F.,.F.)B_SPLINE_CURVE_WITH_KNOTS((3,3),(0.00000000000000000E0,1.00000000000000000E0),.UNSPECIFIED.)CURVE()GEOMETRIC_REPRESENTATION_ITEM()RATIONAL_B_SPLINE_CURVE((1.00000000000000000E0,7.07106781186547573E-1,1.00000000000000000E0))REPRESENTATION_ITEM(''));
#817=DEFINITIONAL_REPRESENTATION('',(#816),#465);
#818=PCURVE('',#76,#817);
#819=CARTESIAN_POINT('',(0.00000000000000000E0,5.00000000000000000E0));
#820=CARTESIAN_POINT('',(0.00000000000000000E0,2.00000000000000000E1));
#821=B_SPLINE_CURVE_WITH_KNOTS('',1,(#819,#820),.UNSPECIFIED.,.F.,.F.,(2,2),(0.00000000000000000E0,1.00000000000000000E0),.UNSPECIFIED.);
#822=DEFINITIONAL_REPRESENTATION('',(#821),#465);
#823=PCURVE('',#76,#822);
#824=CARTESIAN_POINT('',(0.00000000000000000E0,0.00000000000000000E0));
#825=CARTESIAN_POINT('',(3.00000000000000000E0,0.00000000000000000E0));
#826=B_SPLINE_CURVE_WITH_KNOTS('',1,(#824,#825),.UNSPECIFIED.,.F.,.F.,(2,2),(0.00000000000000000E0,1.00000000000000000E0),.UNSPECIFIED.);
#827=DEFINITIONAL_REPRESENTATION('',(#826),#465);
#828=PCURVE('',#183,#827);
#829=CARTESIAN_POINT('',(3.00000000000000000E0,0.00000000000000000E0));
#830=CARTESIAN_POINT('',(3.00000000000000000E0,1.00000000000000000E0));
#831=B_SPLINE_CURVE_WITH_KNOTS('',1,(#829,#830),.UNSPECIFIED.,.F.,.F.,(2,2),(0.00000000000000000E0,1.00000000000000000E0),.UNSPECIFIED.);
#832=DEFINITIONAL_REPRESENTATION('',(#831),#465);
#833=PCURVE('',#183,#832);
#834=CARTESIAN_POINT('',(3.00000000000000000E0,1.00000000000000000E0));
#835=CARTESIAN_POINT('',(0.00000000000000000E0,1.00000000000000000E0));
#836=B_SPLINE_CURVE_WITH_KNOTS('',1,(#834,#835),.UNSPECIFIED.,.F.,.F.,(2,2),(0.00000000000000000E0,1.00000000000000000E0),.UNSPECIFIED.);
#837=DEFINITIONAL_REPRESENTATION('',(#836),#465);
#838=PCURVE('',#183,#837);
#839=CARTESIAN_POINT('',(0.00000000000000000E0,1.00000000000000000E0));
#840=CARTESIAN_POINT('',(0.00000000000000000E0,0.00000000000000000E0));
#841=B_SPLINE_CURVE_WITH_KNOTS('',1,(#839,#840),.UNSPECIFIED.,.F.,.F.,(2,2),(0.00000000000000000E0,1.00000000000000000E0),.UNSPECIFIED.);
#842=DEFINITIONAL_REPRESENTATION('',(#841),#465);
#843=PCURVE('',#183,#842);
#844=CARTESIAN_POINT('',(3.00000000000000000E0,0.00000000000000000E0));
#845=CARTESIAN_POINT('',(3.00000000000000000E0,1.00000000000000000E0));
#846=B_SPLINE_CURVE_WITH_KNOTS('',1,(#844,#845),.UNSPECIFIED.,.F.,.F.,(2,2),(0.00000000000000000E0,1.00000000000000000E0),.UNSPECIFIED.);
#847=DEFINITIONAL_REPRESENTATION('',(#846),#465);
#848=PCURVE('',#190,#847);
#849=CARTESIAN_POINT('',(3.00000000000000000E0,1.00000000000000000E0));
#850=CARTESIAN_POINT('',(0.00000000000000000E0,1.00000000000000000E0));
#851=B_SPLINE_CURVE_WITH_KNOTS('',1,(#849,#850),.UNSPECIFIED.,.F.,.F.,(2,2),(0.00000000000000000E0,1.00000000000000000E0),.UNSPECIFIED.);
#852=DEFINITIONAL_REPRESENTATION('',(#851),#465);
#853=PCURVE('',#190,#852);
#854=CARTESIAN_POINT('',(0.00000000000000000E0,1.00000000000000000E0));
#855=CARTESIAN_POINT('',(0.00000000000000000E0,0.00000000000000000E0));
#856=B_SPLINE_CURVE_WITH_KNOTS('',1,(#854,#855),.UNSPECIFIED.,.F.,.F.,(2,2),(0.00000000000000000E0,1.00000000000000000E0),.UNSPECIFIED.);
#857=DEFINITIONAL_REPRESENTATION('',(#856),#465);
#858=PCURVE('',#190,#857);
#859=CARTESIAN_POINT('',(0.00000000000000000E0,0.00000000000000000E0));
#860=CARTESIAN_POINT('',(3.00000000000000000E0,0.00000000000000000E0));
#861=B_SPLINE_CURVE_WITH_KNOTS('',1,(#859,#860),.UNSPECIFIED.,.F.,.F.,(2,2),(0.00000000000000000E0,1.00000000000000000E0),.UNSPECIFIED.);
#862=DEFINITIONAL_REPRESENTATION('',(#861),#465);
#863=PCURVE('',#190,#862);
#864=CARTESIAN_POINT('',(0.00000000000000000E0,2.00000000000000000E1));
#865=CARTESIAN_POINT('',(0.00000000000000000E0,5.00000000000000000E0));
#866=B_SPLINE_CURVE_WITH_KNOTS('',1,(#864,#865),.UNSPECIFIED.,.F.,.F.,(2,2),(0.00000000000000000E0,1.00000000000000000E0),.UNSPECIFIED.);
#867=DEFINITIONAL_REPRESENTATION('',(#866),#465);
#868=PCURVE('',#107,#867);
#869=CARTESIAN_POINT('',(0.00000000000000000E0,5.00000000000000000E0));
#870=CARTESIAN_POINT('',(4.99999999999999911E0,5.00000000000000000E0));
#871=CARTESIAN_POINT('',(5.00000000000000000E0,0.00000000000000000E0));
#872=(BOUNDED_CURVE()B_SPLINE_CURVE(2,(#869,#870,#871),.UNSPECIFIED.,.F.,.F.)B_SPLINE_CURVE_WITH_KNOTS((3,3),(0.00000000000000000E0,1.00000000000000000E0),.UNSPECIFIED.)CURVE()GEOMETRIC_REPRESENTATION_ITEM()RATIONAL_B_SPLINE_CURVE((1.00000000000000000E0,7.07106781186547573E-1,1.00000000000000000E0))REPRESENTATION_ITEM(''));
#873=DEFINITIONAL_REPRESENTATION('',(#872),#465);
#874=PCURVE('',#107,#873);
#875=CARTESIAN_POINT('',(5.00000000000000000E0,0.00000000000000000E0));
#876=CARTESIAN_POINT('',(2.00000000000000000E1,0.00000000000000000E0));
#877=B_SPLINE_CURVE_WITH_KNOTS('',1,(#875,#876),.UNSPECIFIED.,.F.,.F.,(2,2),(0.00000000000000000E0,1.00000000000000000E0),.UNSPECIFIED.);
#878=DEFINITIONAL_REPRESENTATION('',(#877),#465);
#879=PCURVE('',#107,#878);
#880=CARTESIAN_POINT('',(2.00000000000000000E1,0.00000000000000000E0));
#881=CARTESIAN_POINT('',(1.99999999999999964E1,2.00000000000000000E1));
#882=CARTESIAN_POINT('',(0.00000000000000000E0,2.00000000000000000E1));
#883=(BOUNDED_CURVE()B_SPLINE_CURVE(2,(#880,#881,#882),.UNSPECIFIED.,.F.,.F.)B_SPLINE_CURVE_WITH_KNOTS((3,3),(0.00000000000000000E0,1.00000000000000000E0),.UNSPECIFIED.)CURVE()GEOMETRIC_REPRESENTATION_ITEM()RATIONAL_B_SPLINE_CURVE((1.00000000000000000E0,7.07106781186547573E-1,1.00000000000000000E0))REPRESENTATION_ITEM(''));
#884=DEFINITIONAL_REPRESENTATION('',(#883),#465);
#885=PCURVE('',#107,#884);
#886=CARTESIAN_POINT('',(-2.00000000000000000E1,0.00000000000000000E0));
#887=CARTESIAN_POINT('',(-2.00000000000000036E1,-1.99999999999999964E1));
#888=CARTESIAN_POINT('',(0.00000000000000000E0,-2.00000000000000000E1));
#889=(BOUNDED_CURVE()B_SPLINE_CURVE(2,(#886,#887,#888),.UNSPECIFIED.,.F.,.F.)B_SPLINE_CURVE_WITH_KNOTS((3,3),(0.00000000000000000E0,1.00000000000000000E0),.UNSPECIFIED.)CURVE()GEOMETRIC_REPRESENTATION_ITEM()RATIONAL_B_SPLINE_CURVE((1.00000000000000000E0,7.07106781186547573E-1,1.00000000000000000E0))REPRESENTATION_ITEM(''));
#890=DEFINITIONAL_REPRESENTATION('',(#889),#465);
#891=PCURVE('',#195,#890);
#892=CARTESIAN_POINT('',(0.00000000000000000E0,-2.00000000000000000E1));
#893=CARTESIAN_POINT('',(0.00000000000000000E0,-5.00000000000000000E0));
#894=B_SPLINE_CURVE_WITH_KNOTS('',1,(#892,#893),.UNSPECIFIED.,.F.,.F.,(2,2),(0.00000000000000000E0,1.00000000000000000E0),.UNSPECIFIED.);
#895=DEFINITIONAL_REPRESENTATION('',(#894),#465);
#896=PCURVE('',#195,#895);
#897=CARTESIAN_POINT('',(0.00000000000000000E0,-5.00000000000000000E0));
#898=CARTESIAN_POINT('',(-5.00000000000000089E0,-4.99999999999999911E0));
#899=CARTESIAN_POINT('',(-5.00000000000000000E0,0.00000000000000000E0));
#900=(BOUNDED_CURVE()B_SPLINE_CURVE(2,(#897,#898,#899),.UNSPECIFIED.,.F.,.F.)B_SPLINE_CURVE_WITH_KNOTS((3,3),(0.00000000000000000E0,1.00000000000000000E0),.UNSPECIFIED.)CURVE()GEOMETRIC_REPRESENTATION_ITEM()RATIONAL_B_SPLINE_CURVE((1.00000000000000000E0,7.07106781186547573E-1,1.00000000000000000E0))REPRESENTATION_ITEM(''));
#901=DEFINITIONAL_REPRESENTATION('',(#900),#465);
#902=PCURVE('',#195,#901);
#903=CARTESIAN_POINT('',(-5.00000000000000000E0,0.00000000000000000E0));
#904=CARTESIAN_POINT('',(-2.00000000000000000E1,0.00000000000000000E0));
#905=B_SPLINE_CURVE_WITH_KNOTS('',1,(#903,#904),.UNSPECIFIED.,.F.,.F.,(2,2),(0.00000000000000000E0,1.00000000000000000E0),.UNSPECIFIED.);
#906=DEFINITIONAL_REPRESENTATION('',(#905),#465);
#907=PCURVE('',#195,#906);
#908=CARTESIAN_POINT('',(0.00000000000000000E0,0.00000000000000000E0));
#909=CARTESIAN_POINT('',(3.00000000000000000E0,0.00000000000000000E0));
#910=B_SPLINE_CURVE_WITH_KNOTS('',1,(#908,#909),.UNSPECIFIED.,.F.,.F.,(2,2),(0.00000000000000000E0,1.00000000000000000E0),.UNSPECIFIED.);
#911=DEFINITIONAL_REPRESENTATION('',(#910),#465);
#912=PCURVE('',#202,#911);
#913=CARTESIAN_POINT('',(3.00000000000000000E0,0.00000000000000000E0));
#914=CARTESIAN_POINT('',(3.00000000000000000E0,1.00000000000000000E0));
#915=B_SPLINE_CURVE_WITH_KNOTS('',1,(#913,#914),.UNSPECIFIED.,.F.,.F.,(2,2),(0.00000000000000000E0,1.00000000000000000E0),.UNSPECIFIED.);
#916=DEFINITIONAL_REPRESENTATION('',(#915),#465);
#917=PCURVE('',#202,#916);
#918=CARTESIAN_POINT('',(3.00000000000000000E0,1.00000000000000000E0));
#919=CARTESIAN_POINT('',(0.00000000000000000E0,1.00000000000000000E0));
#920=B_SPLINE_CURVE_WITH_KNOTS('',1,(#918,#919),.UNSPECIFIED.,.F.,.F.,(2,2),(0.00000000000000000E0,1.00000000000000000E0),.UNSPECIFIED.);
#921=DEFINITIONAL_REPRESENTATION('',(#920),#465);
#922=PCURVE('',#202,#921);
#923=CARTESIAN_POINT('',(0.00000000000000000E0,1.00000000000000000E0));
#924=CARTESIAN_POINT('',(0.00000000000000000E0,0.00000000000000000E0));
#925=B_SPLINE_CURVE_WITH_KNOTS('',1,(#923,#924),.UNSPECIFIED.,.F.,.F.,(2,2),(0.00000000000000000E0,1.00000000000000000E0),.UNSPECIFIED.);
#926=DEFINITIONAL_REPRESENTATION('',(#925),#465);
#927=PCURVE('',#202,#926);
#928=CARTESIAN_POINT('',(3.00000000000000000E0,0.00000000000000000E0));
#929=CARTESIAN_POINT('',(3.00000000000000000E0,1.00000000000000000E0));
#930=B_SPLINE_CURVE_WITH_KNOTS('',1,(#928,#929),.UNSPECIFIED.,.F.,.F.,(2,2),(0.00000000000000000E0,1.00000000000000000E0),.UNSPECIFIED.);
#931=DEFINITIONAL_REPRESENTATION('',(#930),#465);
#932=PCURVE('',#209,#931);
#933=CARTESIAN_POINT('',(3.00000000000000000E0,1.00000000000000000E0));
#934=CARTESIAN_POINT('',(0.00000000000000000E0,1.00000000000000000E0));
#935=B_SPLINE_CURVE_WITH_KNOTS('',1,(#933,#934),.UNSPECIFIED.,.F.,.F.,(2,2),(0.00000000000000000E0,1.00000000000000000E0),.UNSPECIFIED.);
#936=DEFINITIONAL_REPRESENTATION('',(#935),#465);
#937=PCURVE('',#209,#936);
#938=CARTESIAN_POINT('',(0.00000000000000000E0,1.00000000000000000E0));
#939=CARTESIAN_POINT('',(0.00000000000000000E0,0.00000000000000000E0));
#940=B_SPLINE_CURVE_WITH_KNOTS('',1,(#938,#939),.UNSPECIFIED.,.F.,.F.,(2,2),(0.00000000000000000E0,1.00000000000000000E0),.UNSPECIFIED.);
#941=DEFINITIONAL_REPRESENTATION('',(#940),#465);
#942=PCURVE('',#209,#941);
#943=CARTESIAN_POINT('',(0.00000000000000000E0,0.00000000000000000E0));
#944=CARTESIAN_POINT('',(3.00000000000000000E0,0.00000000000000000E0));
#945=B_SPLINE_CURVE_WITH_KNOTS('',1,(#943,#944),.UNSPECIFIED.,.F.,.F.,(2,2),(0.00000000000000000E0,1.00000000000000000E0),.UNSPECIFIED.);
#946=DEFINITIONAL_REPRESENTATION('',(#945),#465);
#947=PCURVE('',#209,#946);
#948=CARTESIAN_POINT('',(1.99999999999999964E1,0.00000000000000000E0));
#949=CARTESIAN_POINT('',(4.99999999999999645E0,0.00000000000000000E0));
#950=B_SPLINE_CURVE_WITH_KNOTS('',1,(#948,#949),.UNSPECIFIED.,.F.,.F.,(2,2),(0.00000000000000000E0,1.00000000000000000E0),.UNSPECIFIED.);
#951=DEFINITIONAL_REPRESENTATION('',(#950),#465);
#952=PCURVE('',#214,#951);
#953=CARTESIAN_POINT('',(4.99999999999999645E0,0.00000000000000000E0));
#954=CARTESIAN_POINT('',(4.99999999999999734E0,-4.99999999999999911E0));
#955=CARTESIAN_POINT('',(-3.55271367880050093E-15,-5.00000000000000000E0));
#956=(BOUNDED_CURVE()B_SPLINE_CURVE(2,(#953,#954,#955),.UNSPECIFIED.,.F.,.F.)B_SPLINE_CURVE_WITH_KNOTS((3,3),(0.00000000000000000E0,1.00000000000000000E0),.UNSPECIFIED.)CURVE()GEOMETRIC_REPRESENTATION_ITEM()RATIONAL_B_SPLINE_CURVE((1.00000000000000000E0,7.07106781186547573E-1,1.00000000000000000E0))REPRESENTATION_ITEM(''));
#957=DEFINITIONAL_REPRESENTATION('',(#956),#465);
#958=PCURVE('',#214,#957);
#959=CARTESIAN_POINT('',(-3.55271367880050093E-15,-5.00000000000000000E0));
#960=CARTESIAN_POINT('',(-3.55271367880050093E-15,-2.00000000000000000E1));
#961=B_SPLINE_CURVE_WITH_KNOTS('',1,(#959,#960),.UNSPECIFIED.,.F.,.F.,(2,2),(0.00000000000000000E0,1.00000000000000000E0),.UNSPECIFIED.);
#962=DEFINITIONAL_REPRESENTATION('',(#961),#465);
#963=PCURVE('',#214,#962);
#964=CARTESIAN_POINT('',(-3.55271367880050093E-15,-2.00000000000000000E1));
#965=CARTESIAN_POINT('',(2.00000000000000000E1,-1.99999999999999964E1));
#966=CARTESIAN_POINT('',(1.99999999999999964E1,0.00000000000000000E0));
#967=(BOUNDED_CURVE()B_SPLINE_CURVE(2,(#964,#965,#966),.UNSPECIFIED.,.F.,.F.)B_SPLINE_CURVE_WITH_KNOTS((3,3),(0.00000000000000000E0,1.00000000000000000E0),.UNSPECIFIED.)CURVE()GEOMETRIC_REPRESENTATION_ITEM()RATIONAL_B_SPLINE_CURVE((1.00000000000000000E0,7.07106781186547573E-1,1.00000000000000000E0))REPRESENTATION_ITEM(''));
#968=DEFINITIONAL_REPRESENTATION('',(#967),#465);
#969=PCURVE('',#214,#968);
#970=CARTESIAN_POINT('',(0.00000000000000000E0,-2.00000000000000000E1));
#971=CARTESIAN_POINT('',(1.99999999999999929E1,-2.00000000000000036E1));
#972=CARTESIAN_POINT('',(2.00000000000000000E1,0.00000000000000000E0));
#973=(BOUNDED_CURVE()B_SPLINE_CURVE(2,(#970,#971,#972),.UNSPECIFIED.,.F.,.F.)B_SPLINE_CURVE_WITH_KNOTS((3,3),(0.00000000000000000E0,1.00000000000000000E0),.UNSPECIFIED.)CURVE()GEOMETRIC_REPRESENTATION_ITEM()RATIONAL_B_SPLINE_CURVE((1.00000000000000000E0,7.07106781186547573E-1,1.00000000000000000E0))REPRESENTATION_ITEM(''));
#974=DEFINITIONAL_REPRESENTATION('',(#973),#465);
#975=PCURVE('',#219,#974);
#976=CARTESIAN_POINT('',(2.00000000000000000E1,0.00000000000000000E0));
#977=CARTESIAN_POINT('',(5.00000000000000000E0,0.00000000000000000E0));
#978=B_SPLINE_CURVE_WITH_KNOTS('',1,(#976,#977),.UNSPECIFIED.,.F.,.F.,(2,2),(0.00000000000000000E0,1.00000000000000000E0),.UNSPECIFIED.);
#979=DEFINITIONAL_REPRESENTATION('',(#978),#465);
#980=PCURVE('',#219,#979);
#981=CARTESIAN_POINT('',(5.00000000000000000E0,0.00000000000000000E0));
#982=CARTESIAN_POINT('',(4.99999999999999822E0,-5.00000000000000089E0));
#983=CARTESIAN_POINT('',(0.00000000000000000E0,-5.00000000000000000E0));
#984=(BOUNDED_CURVE()B_SPLINE_CURVE(2,(#981,#982,#983),.UNSPECIFIED.,.F.,.F.)B_SPLINE_CURVE_WITH_KNOTS((3,3),(0.00000000000000000E0,1.00000000000000000E0),.UNSPECIFIED.)CURVE()GEOMETRIC_REPRESENTATION_ITEM()RATIONAL_B_SPLINE_CURVE((1.00000000000000000E0,7.07106781186547573E-1,1.00000000000000000E0))REPRESENTATION_ITEM(''));
#985=DEFINITIONAL_REPRESENTATION('',(#984),#465);
#986=PCURVE('',#219,#985);
#987=CARTESIAN_POINT('',(0.00000000000000000E0,-5.00000000000000000E0));
#988=CARTESIAN_POINT('',(0.00000000000000000E0,-2.00000000000000000E1));
#989=B_SPLINE_CURVE_WITH_KNOTS('',1,(#987,#988),.UNSPECIFIED.,.F.,.F.,(2,2),(0.00000000000000000E0,1.00000000000000000E0),.UNSPECIFIED.);
#990=DEFINITIONAL_REPRESENTATION('',(#989),#465);
#991=PCURVE('',#219,#990);
#992=CARTESIAN_POINT('',(0.00000000000000000E0,0.00000000000000000E0));
#993=CARTESIAN_POINT('',(3.00000000000000000E0,0.00000000000000000E0));
#994=B_SPLINE_CURVE_WITH_KNOTS('',1,(#992,#993),.UNSPECIFIED.,.F.,.F.,(2,2),(0.00000000000000000E0,1.00000000000000000E0),.UNSPECIFIED.);
#995=DEFINITIONAL_REPRESENTATION('',(#994),#465);
#996=PCURVE('',#226,#995);
#997=CARTESIAN_POINT('',(3.00000000000000000E0,0.00000000000000000E0));
#998=CARTESIAN_POINT('',(3.00000000000000000E0,1.00000000000000000E0));
#999=B_SPLINE_CURVE_WITH_KNOTS('',1,(#997,#998),.UNSPECIFIED.,.F.,.F.,(2,2),(0.00000000000000000E0,1.00000000000000000E0),.UNSPECIFIED.);
#1000=DEFINITIONAL_REPRESENTATION('',(#999),#465);
#1001=PCURVE('',#226,#1000);
#1002=CARTESIAN_POINT('',(3.00000000000000000E0,1.00000000000000000E0));
#1003=CARTESIAN_POINT('',(0.00000000000000000E0,1.00000000000000000E0));
#1004=B_SPLINE_CURVE_WITH_KNOTS('',1,(#1002,#1003),.UNSPECIFIED.,.F.,.F.,(2,2),(0.00000000000000000E0,1.00000000000000000E0),.UNSPECIFIED.);
#1005=DEFINITIONAL_REPRESENTATION('',(#1004),#465);
#1006=PCURVE('',#226,#1005);
#1007=CARTESIAN_POINT('',(0.00000000000000000E0,1.00000000000000000E0));
#1008=CARTESIAN_POINT('',(0.00000000000000000E0,0.00000000000000000E0));
#1009=B_SPLINE_CURVE_WITH_KNOTS('',1,(#1007,#1008),.UNSPECIFIED.,.F.,.F.,(2,2),(0.00000000000000000E0,1.00000000000000000E0),.UNSPECIFIED.);
#1010=DEFINITIONAL_REPRESENTATION('',(#1009),#465);
#1011=PCURVE('',#226,#1010);
#1012=CARTESIAN_POINT('',(3.00000000000000000E0,0.00000000000000000E0));
#1013=CARTESIAN_POINT('',(3.00000000000000000E0,1.00000000000000000E0));
#1014=B_SPLINE_CURVE_WITH_KNOTS('',1,(#1012,#1013),.UNSPECIFIED.,.F.,.F.,(2,2),(0.00000000000000000E0,1.00000000000000000E0),.UNSPECIFIED.);
#1015=DEFINITIONAL_REPRESENTATION('',(#1014),#465);
#1016=PCURVE('',#233,#1015);
#1017=CARTESIAN_POINT('',(3.00000000000000000E0,1.00000000000000000E0));
#1018=CARTESIAN_POINT('',(0.00000000000000000E0,1.00000000000000000E0));
#1019=B_SPLINE_CURVE_WITH_KNOTS('',1,(#1017,#1018),.UNSPECIFIED.,.F.,.F.,(2,2),(0.00000000000000000E0,1.00000000000000000E0),.UNSPECIFIED.);
#1020=DEFINITIONAL_REPRESENTATION('',(#1019),#465);
#1021=PCURVE('',#233,#1020);
#1022=CARTESIAN_POINT('',(0.00000000000000000E0,1.00000000000000000E0));
#1023=CARTESIAN_POINT('',(0.00000000000000000E0,0.00000000000000000E0));
#1024=B_SPLINE_CURVE_WITH_KNOTS('',1,(#1022,#1023),.UNSPECIFIED.,.F.,.F.,(2,2),(0.00000000000000000E0,1.00000000000000000E0),.UNSPECIFIED.);
#1025=DEFINITIONAL_REPRESENTATION('',(#1024),#465);
#1026=PCURVE('',#233,#1025);
#1027=CARTESIAN_POINT('',(0.00000000000000000E0,0.00000000000000000E0));
#1028=CARTESIAN_POINT('',(3.00000000000000000E0,0.00000000000000000E0));
#1029=B_SPLINE_CURVE_WITH_KNOTS('',1,(#1027,#1028),.UNSPECIFIED.,.F.,.F.,(2,2),(0.00000000000000000E0,1.00000000000000000E0),.UNSPECIFIED.);
#1030=DEFINITIONAL_REPRESENTATION('',(#1029),#465);
#1031=PCURVE('',#233,#1030);
#1032=CARTESIAN_POINT('',(0.00000000000000000E0,-2.00000000000000000E1));
#1033=CARTESIAN_POINT('',(0.00000000000000000E0,-5.00000000000000000E0));
#1034=B_SPLINE_CURVE_WITH_KNOTS('',1,(#1032,#1033),.UNSPECIFIED.,.F.,.F.,(2,2),(0.00000000000000000E0,1.00000000000000000E0),.UNSPECIFIED.);
#1035=DEFINITIONAL_REPRESENTATION('',(#1034),#465);
#1036=PCURVE('',#238,#1035);
#1037=CARTESIAN_POINT('',(0.00000000000000000E0,-5.00000000000000000E0));
#1038=CARTESIAN_POINT('',(-4.99999999999999822E0,-5.00000000000000089E0));
#1039=CARTESIAN_POINT('',(-5.00000000000000000E0,0.00000000000000000E0));
#1040=(BOUNDED_CURVE()B_SPLINE_CURVE(2,(#1037,#1038,#1039),.UNSPECIFIED.,.F.,.F.)B_SPLINE_CURVE_WITH_KNOTS((3,3),(0.00000000000000000E0,1.00000000000000000E0),.UNSPECIFIED.)CURVE()GEOMETRIC_REPRESENTATION_ITEM()RATIONAL_B_SPLINE_CURVE((1.00000000000000000E0,7.07106781186547573E-1,1.00000000000000000E0))REPRESENTATION_ITEM(''));
#1041=DEFINITIONAL_REPRESENTATION('',(#1040),#465);
#1042=PCURVE('',#238,#1041);
#1043=CARTESIAN_POINT('',(-5.00000000000000000E0,0.00000000000000000E0));
#1044=CARTESIAN_POINT('',(-2.00000000000000000E1,0.00000000000000000E0));
#1045=B_SPLINE_CURVE_WITH_KNOTS('',1,(#1043,#1044),.UNSPECIFIED.,.F.,.F.,(2,2),(0.00000000000000000E0,1.00000000000000000E0),.UNSPECIFIED.);
#1046=DEFINITIONAL_REPRESENTATION('',(#1045),#465);
#1047=PCURVE('',#238,#1046);
#1048=CARTESIAN_POINT('',(-2.00000000000000000E1,0.00000000000000000E0));
#1049=CARTESIAN_POINT('',(-1.99999999999999929E1,-2.00000000000000036E1));
#1050=CARTESIAN_POINT('',(0.00000000000000000E0,-2.00000000000000000E1));
#1051=(BOUNDED_CURVE()B_SPLINE_CURVE(2,(#1048,#1049,#1050),.UNSPECIFIED.,.F.,.F.)B_SPLINE_CURVE_WITH_KNOTS((3,3),(0.00000000000000000E0,1.00000000000000000E0),.UNSPECIFIED.)CURVE()GEOMETRIC_REPRESENTATION_ITEM()RATIONAL_B_SPLINE_CURVE((1.00000000000000000E0,7.07106781186547573E-1,1.00000000000000000E0))REPRESENTATION_ITEM(''));
#1052=DEFINITIONAL_REPRESENTATION('',(#1051),#465);
#1053=PCURVE('',#238,#1052);
#1054=SURFACE_CURVE('',#245,(#485,#494),.PCURVE_S1.);
#1055=EDGE_CURVE('OSCAD_TOPO/3|edge|e:a812dbcde51d5fedf304e21c544e70c4|3e1958d94aa1b23b4864e9d1c342db563b61d0c12a5d8cb17d0e8a4fe6c7934c',#2,#4,#1054,.T.);
#1056=SURFACE_CURVE('',#249,(#480,#586),.PCURVE_S1.);
#1057=EDGE_CURVE('OSCAD_TOPO/3|edge|e:5363608bb8a6ced53191fad5e2ad09ed|35dcc951d928b57ef1c65e155a66cfa174ab486a9f25e9783eb09291f9077c16',#4,#6,#1056,.T.);
#1058=SURFACE_CURVE('',#256,(#475,#528),.PCURVE_S1.);
#1059=EDGE_CURVE('OSCAD_TOPO/3|edge|e:dd24891a3a94a275e52960cf0f355519|3e15a50804773702b57c79ffa5a01a8f12e8321c73dad546247821ec6c554489',#6,#2,#1058,.T.);
#1060=SURFACE_CURVE('',#260,(#470),.PCURVE_S1.);
#1061=EDGE_CURVE('OSCAD_TOPO/3|edge|e:570e3a16634165eee5e4636547a44e95|7a1b3ecbc6af47311327dea6b5feedc45e7bcfada2c8182ef7760e6be277c45a',#2,#2,#1060,.T.);
#1062=SURFACE_CURVE('',#263,(#499,#623),.PCURVE_S1.);
#1063=EDGE_CURVE('OSCAD_TOPO/3|edge|e:e9b07c2d1f6bfceb7c89ea66b86c50c6|07924c2b3397b7f9e8d67a02141e7f8a7a1b85ac162110fabbc20b1b4c9cabfb',#4,#8,#1062,.T.);
#1064=SURFACE_CURVE('',#270,(#508,#543),.PCURVE_S1.);
#1065=EDGE_CURVE('OSCAD_TOPO/3|edge|e:623eff50b8c968f5887f90d7bceecf20|893fccb52d099586786dfe35d47af3721c94eb0c211bf946beece9bdd51e72e1',#8,#10,#1064,.T.);
#1066=SURFACE_CURVE('',#273,(#513,#980),.PCURVE_S1.);
#1067=EDGE_CURVE('OSCAD_TOPO/3|edge|e:aa9fb1921fb3678f5a8e0e72104d81de|c3ea4c0d94a66ecd39542b31fec5c34ef41d55aeafb1eea13cfb5101778ebd50',#10,#2,#1066,.T.);
#1068=SURFACE_CURVE('',#280,(#518,#581),.PCURVE_S1.);
#1069=EDGE_CURVE('OSCAD_TOPO/3|edge|e:957ee9e1b307148bb0801072e099719c|c92e0608e2a9cb81660939e0d5bdafd0a970cf44bdc4465b4c10115b84e73e8f',#12,#14,#1068,.T.);
#1070=SURFACE_CURVE('',#283,(#523,#643),.PCURVE_S1.);
#1071=EDGE_CURVE('OSCAD_TOPO/3|edge|e:677e346cd009b4164671519f5e6613be|becefcdfb8453eaeec399d0e2dc17bafe93af3577b2c8b0d6e34f302b35892d1',#14,#6,#1070,.T.);
#1072=SURFACE_CURVE('',#286,(#533,#1001),.PCURVE_S1.);
#1073=EDGE_CURVE('OSCAD_TOPO/3|edge|e:089f3fabb852fce729739fbca181edf9|c51ea4e3daa9264c472ee8652f53dafb2aae1e8f2556c6f5cb4ee346dca98455',#2,#12,#1072,.T.);
#1074=SURFACE_CURVE('',#293,(#553,#567),.PCURVE_S1.);
#1075=EDGE_CURVE('OSCAD_TOPO/3|edge|e:5f6ae6db19525e92db957a3a6908cf73|81f09265b1c9e08d1d19d549194cc1e3ab32ca950d2554e7d75fe60ed8e3468b',#16,#18,#1074,.T.);
#1076=SURFACE_CURVE('',#296,(#548,#648),.PCURVE_S1.);
#1077=EDGE_CURVE('OSCAD_TOPO/3|edge|e:345bce91b3608f8917464b109ef2a62d|07f7af773e7c15dc70d9041974fe6df262c3688f8f77310e18c214bb605de49a',#18,#8,#1076,.T.);
#1078=SURFACE_CURVE('',#299,(#538,#1026),.PCURVE_S1.);
#1079=EDGE_CURVE('OSCAD_TOPO/3|edge|e:cec0d997197acdc44dc28263321b5b6d|e32a793b9a689ef293bd64069fa3a6315d2e99f1edf91e2143e84a8f5efd0861',#10,#16,#1078,.T.);
#1080=SURFACE_CURVE('',#302,(#572,#668),.PCURVE_S1.);
#1081=EDGE_CURVE('OSCAD_TOPO/3|edge|e:1dffdcdc36c46e684fa54117f65c64eb|0831976f70e112a37db66a30f908e9797be1a582a2dc71d6dac99e1a8c342034',#14,#18,#1080,.T.);
#1082=SURFACE_CURVE('',#305,(#558,#1047),.PCURVE_S1.);
#1083=EDGE_CURVE('OSCAD_TOPO/3|edge|e:69082b4570f8289ad6bb7f6057a578e0|43586667ca7683149833ed756aadbd94d64eaa3eb435e9c4f98ec18e5c1c5845',#16,#12,#1082,.T.);
#1084=SURFACE_CURVE('',#309,(#601,#607),.PCURVE_S1.);
#1085=EDGE_CURVE('OSCAD_TOPO/3|edge|e:55221e548ab4507b67fd25b2c5db8863|2da9b47ccbec5ef327520ebfcfbb185f5268c11c9d222f7025d223a98060f8ab',#4,#20,#1084,.T.);
#1086=SURFACE_CURVE('',#313,(#596,#690),.PCURVE_S1.);
#1087=EDGE_CURVE('OSCAD_TOPO/3|edge|e:5030611c6e03c83ca0f7e7cbfcad219e|71f77abfa70592f3af2bdf0739b25c4c25262ed2f870cd6dc4049f969f204ceb',#20,#22,#1086,.T.);
#1088=SURFACE_CURVE('',#317,(#591,#638),.PCURVE_S1.);
#1089=EDGE_CURVE('OSCAD_TOPO/3|edge|e:f5e8011e263148e01c0b6b8f0617bae9|ee4503b305c8670a11acedc52e82443e2201b64e834f590124a2284e226c8b9f',#22,#6,#1088,.T.);
#1090=SURFACE_CURVE('',#320,(#612,#733),.PCURVE_S1.);
#1091=EDGE_CURVE('OSCAD_TOPO/3|edge|e:fe4efefd141031bb211cb5cbf8a0ef84|3ee7a9b3c408d48a7663fda22f54960f33e1ef3a570591baae615cbf632c84bb',#20,#24,#1090,.T.);
#1092=SURFACE_CURVE('',#324,(#618,#653),.PCURVE_S1.);
#1093=EDGE_CURVE('OSCAD_TOPO/3|edge|e:ed89981071233e400fa8de9fd07df2d6|19b50f4ce6ac6ec7d412b926c4df4b9e0235ba40129cff6b8a949f1f1b8d34c1',#24,#8,#1092,.T.);
#1094=SURFACE_CURVE('',#328,(#628,#685),.PCURVE_S1.);
#1095=EDGE_CURVE('OSCAD_TOPO/3|edge|e:a6a97f566fd4c8644954f5c0bd0722fa|f194a1a2d332509a04d3a8617dd9189b93dadbd107a25418fdc06af547da41e1',#14,#26,#1094,.T.);
#1096=SURFACE_CURVE('',#331,(#633,#753),.PCURVE_S1.);
#1097=EDGE_CURVE('OSCAD_TOPO/3|edge|e:68db01112e4856100a20c00571f40833|b3303ad625ddb798ebf4b41d29adb87e77a7c852cc55d6e3071a4d0a8e581413',#26,#22,#1096,.T.);
#1098=SURFACE_CURVE('',#335,(#663,#674),.PCURVE_S1.);
#1099=EDGE_CURVE('OSCAD_TOPO/3|edge|e:9fe5118e281e33720287f0a1e0791e41|2e5820d7a0d51cb059b9b75f8513d739bd46b038a595ab59c38f3e601697003f',#18,#28,#1098,.T.);
#1100=SURFACE_CURVE('',#338,(#658,#758),.PCURVE_S1.);
#1101=EDGE_CURVE('OSCAD_TOPO/3|edge|e:2a22c5c6536223421f54e58c74224f8d|58e70921a1e9b6ca79fbb2236859084b175461857ee3620ba13f4dea08f7fe41',#28,#24,#1100,.T.);
#1102=SURFACE_CURVE('',#341,(#679,#778),.PCURVE_S1.);
#1103=EDGE_CURVE('OSCAD_TOPO/3|edge|e:776e4615694052f32725c0ff1e170dbe|965073afafc4b071ba0a9120440e67062c790694274f848fb42b06ccbda6124d',#26,#28,#1102,.T.);
#1104=SURFACE_CURVE('',#348,(#705,#714),.PCURVE_S1.);
#1105=EDGE_CURVE('OSCAD_TOPO/3|edge|e:4eb38d96f8aff07efefa21dade4baf5b|af78dd2743a5b2e8b6b0a7e6bcb8331c5b6f9d4ba2144997ecf2c8a329aa098b',#20,#30,#1104,.T.);
#1106=SURFACE_CURVE('',#352,(#700),.PCURVE_S1.);
#1107=EDGE_CURVE('OSCAD_TOPO/3|edge|e:d0d8924ea471b24f029d12524fcdf1ac|7d1480f61b6f100011f6d764418ce9e7be3965e05948ebcf48810d269780fe01',#30,#30,#1106,.T.);
#1108=SURFACE_CURVE('',#359,(#695,#748),.PCURVE_S1.);
#1109=EDGE_CURVE('OSCAD_TOPO/3|edge|e:e1a01de53bb42afd3dd4c1931ddacbc9|634b044a615dfcc621aaec4d53a02d9320f8909932203a67738808b6b3c70a05',#30,#22,#1108,.T.);
#1110=SURFACE_CURVE('',#362,(#719,#823),.PCURVE_S1.);
#1111=EDGE_CURVE('OSCAD_TOPO/3|edge|e:a1d74ebd8906ea90f69bbdfba6fe11a6|e989c84faf0fc2fdb1aeefd021e41eeace466bbf3ba3116c4d6e2c2a54870c5c',#30,#32,#1110,.T.);
#1112=SURFACE_CURVE('',#369,(#728,#763),.PCURVE_S1.);
#1113=EDGE_CURVE('OSCAD_TOPO/3|edge|e:552c6692dd4ecece019d3fe5641e35d9|25262d2ad6854813b371956b4b77cfb7e84de3906c43ab57ec0a674b045c5a99',#32,#24,#1112,.T.);
#1114=SURFACE_CURVE('',#376,(#738,#801),.PCURVE_S1.);
#1115=EDGE_CURVE('OSCAD_TOPO/3|edge|e:90f29ff183341923e656ead77089f103|971d1351018aac93bacae631ec8bd0ca2671bbc5fb44383abfdbf1b1755ef271',#26,#34,#1114,.T.);
#1116=SURFACE_CURVE('',#379,(#743,#843),.PCURVE_S1.);
#1117=EDGE_CURVE('OSCAD_TOPO/3|edge|e:db49c6f41851f0ac80bda0a75e10c558|76698cc70c9b7dd79b7490010f74221feb7e00add2676f0f3c16b756cc530392',#34,#30,#1116,.T.);
#1118=SURFACE_CURVE('',#386,(#773,#787),.PCURVE_S1.);
#1119=EDGE_CURVE('OSCAD_TOPO/3|edge|e:f051b748525a65292ed47133ab9bc596|48995996632b0257ac2aa682d1529b29ddca66d21903cc5379f426e57e87c27c',#28,#36,#1118,.T.);
#1120=SURFACE_CURVE('',#389,(#768,#848),.PCURVE_S1.);
#1121=EDGE_CURVE('OSCAD_TOPO/3|edge|e:6088b1dc4007af98ac8d4642e57ecc6d|2710fb8a7805fc18756deb19ba0dcbc983760d9d4c8f8379b96b18473edf9a3e',#36,#32,#1120,.T.);
#1122=SURFACE_CURVE('',#392,(#792,#868),.PCURVE_S1.);
#1123=EDGE_CURVE('OSCAD_TOPO/3|edge|e:95c293cd4f1e2bfc90fb052d231ef4e7|f9bec19b002de8b98845016293c9710f2494d700384125c909234ebcbc01df5d',#34,#36,#1122,.T.);
#1124=SURFACE_CURVE('',#396,(#807,#838),.PCURVE_S1.);
#1125=EDGE_CURVE('OSCAD_TOPO/3|edge|e:8a61326231aaacec9f12e7c077504f31|f175373dc65e932c92b605b2f25cd6c5b10d0a203bf1b9fa0679876f5ecf8921',#30,#38,#1124,.T.);
#1126=SURFACE_CURVE('',#399,(#812,#907),.PCURVE_S1.);
#1127=EDGE_CURVE('OSCAD_TOPO/3|edge|e:cf9f5bddcf3461fff51604e2ad46b9ed|5a41e6673c6869e655d7ad7aad963472d7e391ff65373356d1ba6abd1b82d961',#38,#40,#1126,.T.);
#1128=SURFACE_CURVE('',#403,(#818,#853),.PCURVE_S1.);
#1129=EDGE_CURVE('OSCAD_TOPO/3|edge|e:90e4d58fd5241ac5afa59eccd4ebd3cf|19ff22afc68c4851574e907e77da7634714e80d081d3c6341c4a94041d109a42',#40,#32,#1128,.T.);
#1130=SURFACE_CURVE('',#407,(#828,#885),.PCURVE_S1.);
#1131=EDGE_CURVE('OSCAD_TOPO/3|edge|e:af9835b50990d1f87c5d8341077942ce|a8e5b5c8c3f1b5000e1cbe26bdec3f0c24745134f453535a043f696bcaae40da',#34,#42,#1130,.T.);
#1132=SURFACE_CURVE('',#410,(#833,#927),.PCURVE_S1.);
#1133=EDGE_CURVE('OSCAD_TOPO/3|edge|e:7c0bdd6b5f46ee0fde28061fd290ef74|c71361456dbf64ebd80752f64ca731085ff788068ad2342e381ec92153064474',#42,#38,#1132,.T.);
#1134=SURFACE_CURVE('',#414,(#863,#874),.PCURVE_S1.);
#1135=EDGE_CURVE('OSCAD_TOPO/3|edge|e:7dd8b2d331bbde8e12323a654543ff53|2531045563db245af4d03e6325bee3d0d4d74ac3fdbe6e8126fd4e977c999ed4',#36,#44,#1134,.T.);
#1136=SURFACE_CURVE('',#417,(#858,#932),.PCURVE_S1.);
#1137=EDGE_CURVE('OSCAD_TOPO/3|edge|e:053537c552ad7e1c1df56126168a38e7|8d7213f9113993b0892e06792745ac019c780f997d0cefa651339076d1835fd0',#44,#40,#1136,.T.);
#1138=SURFACE_CURVE('',#420,(#879,#952),.PCURVE_S1.);
#1139=EDGE_CURVE('OSCAD_TOPO/3|edge|e:958dd6059d9756b48ff46d8f7b6e0caa|b8b1e3f4c9c63940dedf700648678a94d726d4ec8e0330bfaaebd3b606c04c71',#42,#44,#1138,.T.);
#1140=SURFACE_CURVE('',#424,(#891,#922),.PCURVE_S1.);
#1141=EDGE_CURVE('OSCAD_TOPO/3|edge|e:1ad1c082cf0ebbbb940fe96fc0d938d6|fc539205bb2a426bd8d7c55e2737aa13ec67e40b8016c730fba2cd312ae82c16',#38,#46,#1140,.T.);
#1142=SURFACE_CURVE('',#427,(#896,#991),.PCURVE_S1.);
#1143=EDGE_CURVE('OSCAD_TOPO/3|edge|e:3f61b834de3755d767a1629a7629b89b|9fe80992027b9517517c32ee261495ee24265e42b9b0f30f241707120a16b7d5',#46,#48,#1142,.T.);
#1144=SURFACE_CURVE('',#431,(#902,#937),.PCURVE_S1.);
#1145=EDGE_CURVE('OSCAD_TOPO/3|edge|e:1f7b3ad7ca100c9cfd68c76a26f34664|438c5963887dc77a56bd23596a2d7af9aec2b87d9c2bc6aa52461c37034319f4',#48,#40,#1144,.T.);
#1146=SURFACE_CURVE('',#435,(#912,#969),.PCURVE_S1.);
#1147=EDGE_CURVE('OSCAD_TOPO/3|edge|e:f7b901845e80239498a9aecd421acc82|9c63f1abf5d1e984e719cbcbd42e4e01385d1b9d672084ab256e303346db6bdd',#42,#50,#1146,.T.);
#1148=SURFACE_CURVE('',#438,(#917,#1011),.PCURVE_S1.);
#1149=EDGE_CURVE('OSCAD_TOPO/3|edge|e:950a3e93bd0261e1f96f11043b5cb930|6f52c6e1e8aa1df6c318e9a281ea70715a127404ab0cf5fceb43f00446399412',#50,#46,#1148,.T.);
#1150=SURFACE_CURVE('',#442,(#947,#958),.PCURVE_S1.);
#1151=EDGE_CURVE('OSCAD_TOPO/3|edge|e:f4df0b46a1787503a0e41b981fdef39f|057745093cd2fa91bb5fea8af42e72d0704242d37c849912beab78ab7d8e3ced',#44,#52,#1150,.T.);
#1152=SURFACE_CURVE('',#445,(#942,#1016),.PCURVE_S1.);
#1153=EDGE_CURVE('OSCAD_TOPO/3|edge|e:7518569ee619f092937e0f3e71b168f8|d0f182494a5b9aaffada35dc02dc5ba51054102548b284f7f2c317176d67255c',#52,#48,#1152,.T.);
#1154=SURFACE_CURVE('',#448,(#963,#1036),.PCURVE_S1.);
#1155=EDGE_CURVE('OSCAD_TOPO/3|edge|e:7ed91d8d97b558e2dde644fe032fb2cc|14fe6a70058e14441e4be912f5dd38e2c54bed0cfa6ac40758fb383642de5815',#50,#52,#1154,.T.);
#1156=SURFACE_CURVE('',#452,(#975,#1006),.PCURVE_S1.);
#1157=EDGE_CURVE('OSCAD_TOPO/3|edge|e:337ae74b33add12484cf8e6b06fa1720|fa453a26f644b94a738a2ea29e708f77be3fef1651d80325bb06bad8d7ae08f0',#46,#2,#1156,.T.);
#1158=SURFACE_CURVE('',#456,(#986,#1021),.PCURVE_S1.);
#1159=EDGE_CURVE('OSCAD_TOPO/3|edge|e:de2fbad6a600322f9b8388dc7ec41640|f50cffd4080274a15430bde9ab2cb5141b1f9d37ecbe90bbaf3d5fd4a5004ab4',#10,#48,#1158,.T.);
#1160=SURFACE_CURVE('',#460,(#996,#1053),.PCURVE_S1.);
#1161=EDGE_CURVE('OSCAD_TOPO/3|edge|e:3ec5361f1cf0f6e8a80d2393d9c576d0|c905526e9c3f24a304af76d13d29499c8ab259b75fa107ce1a19b538024cab4d',#50,#12,#1160,.T.);
#1162=SURFACE_CURVE('',#464,(#1031,#1042),.PCURVE_S1.);
#1163=EDGE_CURVE('OSCAD_TOPO/3|edge|e:9244efd641503f9a50cf8dffa91f2d47|a0e30b4b9ae248c3ce141cf0243b352b6dab327e6b0b3eb7338918c84e1b74da',#52,#16,#1162,.T.);
#1164=ORIENTED_EDGE('',*,*,#1061,.F.);
#1165=ORIENTED_EDGE('',*,*,#1059,.F.);
#1166=ORIENTED_EDGE('',*,*,#1057,.F.);
#1167=ORIENTED_EDGE('',*,*,#1055,.F.);
#1168=EDGE_LOOP('OSCAD_TOPO/3|loop|l:ba3f78551fc93e1da3dacc4534732605|80dc7904bc004b36a0e3f1a41473c1c7cd5fb14ef3f4613dc31f6caf5190edd6',(#1164,#1165,#1166,#1167));
#1169=ORIENTED_EDGE('',*,*,#1055,.T.);
#1170=ORIENTED_EDGE('',*,*,#1063,.T.);
#1171=ORIENTED_EDGE('',*,*,#1065,.T.);
#1172=ORIENTED_EDGE('',*,*,#1067,.T.);
#1173=EDGE_LOOP('OSCAD_TOPO/3|loop|l:e97338ddab88d1acab829776ef21e3ea|eb21e55b4155d02d499a0a87cfb927c068be1da082f61275ed891b2a44a9cbdc',(#1169,#1170,#1171,#1172));
#1174=ORIENTED_EDGE('',*,*,#1069,.T.);
#1175=ORIENTED_EDGE('',*,*,#1071,.T.);
#1176=ORIENTED_EDGE('',*,*,#1059,.T.);
#1177=ORIENTED_EDGE('',*,*,#1073,.T.);
#1178=EDGE_LOOP('OSCAD_TOPO/3|loop|l:5703a5e8af0e86d4a8197be6a9f59a00|865fb1c1ac41f281f194843639a6d045638ce5e0fcb06e707ce3d8f704398993',(#1174,#1175,#1176,#1177));
#1179=ORIENTED_EDGE('',*,*,#1079,.F.);
#1180=ORIENTED_EDGE('',*,*,#1065,.F.);
#1181=ORIENTED_EDGE('',*,*,#1077,.F.);
#1182=ORIENTED_EDGE('',*,*,#1075,.F.);
#1183=EDGE_LOOP('OSCAD_TOPO/3|loop|l:b7e4e8d8c11adcc58992d2ceb6757b19|7d0cabc8e5d0b2797de7561bf4be7e6878f627b5800b44fbd73746c2bf61e6ff',(#1179,#1180,#1181,#1182));
#1184=ORIENTED_EDGE('',*,*,#1083,.F.);
#1185=ORIENTED_EDGE('',*,*,#1075,.T.);
#1186=ORIENTED_EDGE('',*,*,#1081,.F.);
#1187=ORIENTED_EDGE('',*,*,#1069,.F.);
#1188=EDGE_LOOP('OSCAD_TOPO/3|loop|l:28f59a867c5d958dc2416e0b7a731cbf|c1fe5fe5804b61b32449257f6f6482a44c56543bfa6cb944b2fd03897ced334e',(#1184,#1185,#1186,#1187));
#1189=ORIENTED_EDGE('',*,*,#1057,.T.);
#1190=ORIENTED_EDGE('',*,*,#1089,.F.);
#1191=ORIENTED_EDGE('',*,*,#1087,.F.);
#1192=ORIENTED_EDGE('',*,*,#1085,.F.);
#1193=EDGE_LOOP('OSCAD_TOPO/3|loop|l:505cfb1c09ad8396f82cbc92ae90db57|0da71eba9e74bb264700c70f92949f9bb8d4d51030b44c87c8fce2a26ef33f18',(#1189,#1190,#1191,#1192));
#1194=ORIENTED_EDGE('',*,*,#1085,.T.);
#1195=ORIENTED_EDGE('',*,*,#1091,.T.);
#1196=ORIENTED_EDGE('',*,*,#1093,.T.);
#1197=ORIENTED_EDGE('',*,*,#1063,.F.);
#1198=EDGE_LOOP('OSCAD_TOPO/3|loop|l:efd58a3a64647e2b3138ffd7c487c575|2d0514f4d89629d44685f4c1e25f130449e6b19d1a4083e66ecb6c00fb79c51f',(#1194,#1195,#1196,#1197));
#1199=ORIENTED_EDGE('',*,*,#1095,.T.);
#1200=ORIENTED_EDGE('',*,*,#1097,.T.);
#1201=ORIENTED_EDGE('',*,*,#1089,.T.);
#1202=ORIENTED_EDGE('',*,*,#1071,.F.);
#1203=EDGE_LOOP('OSCAD_TOPO/3|loop|l:df6501c3365d46f95971cfbd29c3dd78|023c3fb87df630d704375cda36d8bf96002aeb77dd4407e58a939ad2721f904f',(#1199,#1200,#1201,#1202));
#1204=ORIENTED_EDGE('',*,*,#1077,.T.);
#1205=ORIENTED_EDGE('',*,*,#1093,.F.);
#1206=ORIENTED_EDGE('',*,*,#1101,.F.);
#1207=ORIENTED_EDGE('',*,*,#1099,.F.);
#1208=EDGE_LOOP('OSCAD_TOPO/3|loop|l:2fd872778974a9ca7219a2f13dcf0432|514f891a2deab5350056097a85cdf15e41a606496e0c44d19e309ff1dd8cbf71',(#1204,#1205,#1206,#1207));
#1209=ORIENTED_EDGE('',*,*,#1081,.T.);
#1210=ORIENTED_EDGE('',*,*,#1099,.T.);
#1211=ORIENTED_EDGE('',*,*,#1103,.F.);
#1212=ORIENTED_EDGE('',*,*,#1095,.F.);
#1213=EDGE_LOOP('OSCAD_TOPO/3|loop|l:423f60740ed65ec168bcaf1363186a44|d70686b93a3895036881ff420636361ce260000ef6e48c193932d8a09228468f',(#1209,#1210,#1211,#1212));
#1214=ORIENTED_EDGE('',*,*,#1087,.T.);
#1215=ORIENTED_EDGE('',*,*,#1109,.F.);
#1216=ORIENTED_EDGE('',*,*,#1107,.F.);
#1217=ORIENTED_EDGE('',*,*,#1105,.F.);
#1218=EDGE_LOOP('OSCAD_TOPO/3|loop|l:896656edd4af5eeb2d2b67cb2a8ec508|d7af180b59f6a8e84b5f480d93eea444478457498e24ad72c6e157a5dd5aa691',(#1214,#1215,#1216,#1217));
#1219=ORIENTED_EDGE('',*,*,#1105,.T.);
#1220=ORIENTED_EDGE('',*,*,#1111,.T.);
#1221=ORIENTED_EDGE('',*,*,#1113,.T.);
#1222=ORIENTED_EDGE('',*,*,#1091,.F.);
#1223=EDGE_LOOP('OSCAD_TOPO/3|loop|l:040735bc224d3b76c192144913cc72d9|0edad1b5e46a664b733a30637d1d4f3c5db9051dca20d72a6881754d27418c68',(#1219,#1220,#1221,#1222));
#1224=ORIENTED_EDGE('',*,*,#1115,.T.);
#1225=ORIENTED_EDGE('',*,*,#1117,.T.);
#1226=ORIENTED_EDGE('',*,*,#1109,.T.);
#1227=ORIENTED_EDGE('',*,*,#1097,.F.);
#1228=EDGE_LOOP('OSCAD_TOPO/3|loop|l:d82ab3ce4371b8ee13c234bea4f6df62|92139cb4dcd181c221db6ccf398bf576527b03abb302c4bf8b8c4bc89703b0b4',(#1224,#1225,#1226,#1227));
#1229=ORIENTED_EDGE('',*,*,#1101,.T.);
#1230=ORIENTED_EDGE('',*,*,#1113,.F.);
#1231=ORIENTED_EDGE('',*,*,#1121,.F.);
#1232=ORIENTED_EDGE('',*,*,#1119,.F.);
#1233=EDGE_LOOP('OSCAD_TOPO/3|loop|l:5fe5230f477ef649b6cb379c915f483b|f3b5a4fc3abeadb99870d195bb063a754ba884d23da2bac9a7901ca6c37bc002',(#1229,#1230,#1231,#1232));
#1234=ORIENTED_EDGE('',*,*,#1103,.T.);
#1235=ORIENTED_EDGE('',*,*,#1119,.T.);
#1236=ORIENTED_EDGE('',*,*,#1123,.F.);
#1237=ORIENTED_EDGE('',*,*,#1115,.F.);
#1238=EDGE_LOOP('OSCAD_TOPO/3|loop|l:e3a0d3e1fba0cbdcfaddcadf3ddd5545|00fdd63f31e8dea1859bb60e858ee1d8926ecf3f43a05fa0da1972c6c846f64e',(#1234,#1235,#1236,#1237));
#1239=ORIENTED_EDGE('',*,*,#1125,.T.);
#1240=ORIENTED_EDGE('',*,*,#1127,.T.);
#1241=ORIENTED_EDGE('',*,*,#1129,.T.);
#1242=ORIENTED_EDGE('',*,*,#1111,.F.);
#1243=EDGE_LOOP('OSCAD_TOPO/3|loop|l:30f01eafa7d93f43dd0e24a30bed4607|90446253df2a3531bebe742745759660a57ee7b0dc07a75c6e6f8e835ac4d5fc',(#1239,#1240,#1241,#1242));
#1244=ORIENTED_EDGE('',*,*,#1131,.T.);
#1245=ORIENTED_EDGE('',*,*,#1133,.T.);
#1246=ORIENTED_EDGE('',*,*,#1125,.F.);
#1247=ORIENTED_EDGE('',*,*,#1117,.F.);
#1248=EDGE_LOOP('OSCAD_TOPO/3|loop|l:6c3d07e3545dc935e1b8bc4d472b962a|1780d405fbe8a79b6ab8f7063eb50e4d2c3a05908cf47c0cccb1596cdc6998c6',(#1244,#1245,#1246,#1247));
#1249=ORIENTED_EDGE('',*,*,#1121,.T.);
#1250=ORIENTED_EDGE('',*,*,#1129,.F.);
#1251=ORIENTED_EDGE('',*,*,#1137,.F.);
#1252=ORIENTED_EDGE('',*,*,#1135,.F.);
#1253=EDGE_LOOP('OSCAD_TOPO/3|loop|l:fad731434f051f6871f23dfcb1512951|dd30f84df0bde0169dfe9a9ecdbe251b1eae77dbf296aa47c581d64a50e2ec90',(#1249,#1250,#1251,#1252));
#1254=ORIENTED_EDGE('',*,*,#1123,.T.);
#1255=ORIENTED_EDGE('',*,*,#1135,.T.);
#1256=ORIENTED_EDGE('',*,*,#1139,.F.);
#1257=ORIENTED_EDGE('',*,*,#1131,.F.);
#1258=EDGE_LOOP('OSCAD_TOPO/3|loop|l:18a8095c724d8096fa0243c3812886a4|08c8670903c3ae31de52185ad3c3da3473d61ecd951f2bac62151f2488bb7f0d',(#1254,#1255,#1256,#1257));
#1259=ORIENTED_EDGE('',*,*,#1141,.T.);
#1260=ORIENTED_EDGE('',*,*,#1143,.T.);
#1261=ORIENTED_EDGE('',*,*,#1145,.T.);
#1262=ORIENTED_EDGE('',*,*,#1127,.F.);
#1263=EDGE_LOOP('OSCAD_TOPO/3|loop|l:51306fa97a3f0bc24505793e561844db|b7aaa0eae680a0f6f6f87a80288f256272a08efe2304643b360a747fd0cbfc5b',(#1259,#1260,#1261,#1262));
#1264=ORIENTED_EDGE('',*,*,#1147,.T.);
#1265=ORIENTED_EDGE('',*,*,#1149,.T.);
#1266=ORIENTED_EDGE('',*,*,#1141,.F.);
#1267=ORIENTED_EDGE('',*,*,#1133,.F.);
#1268=EDGE_LOOP('OSCAD_TOPO/3|loop|l:2e930c4087af2b3ac95d180061e375cc|f5eab4d4a9f92ca4d504660039dd577a70ddf07fbb1ea36438114cd7e50d5b69',(#1264,#1265,#1266,#1267));
#1269=ORIENTED_EDGE('',*,*,#1137,.T.);
#1270=ORIENTED_EDGE('',*,*,#1145,.F.);
#1271=ORIENTED_EDGE('',*,*,#1153,.F.);
#1272=ORIENTED_EDGE('',*,*,#1151,.F.);
#1273=EDGE_LOOP('OSCAD_TOPO/3|loop|l:b6c4a306686939fe7b5dd89e9811d73e|d4b37f0f6ac0c07d432bcc1b1e486cc56289a08c9e3c073c16982b07a390e855',(#1269,#1270,#1271,#1272));
#1274=ORIENTED_EDGE('',*,*,#1139,.T.);
#1275=ORIENTED_EDGE('',*,*,#1151,.T.);
#1276=ORIENTED_EDGE('',*,*,#1155,.F.);
#1277=ORIENTED_EDGE('',*,*,#1147,.F.);
#1278=EDGE_LOOP('OSCAD_TOPO/3|loop|l:047b36221139dccf3b48a5fc6441dd3d|f3b470ded1d452cd33f42a573dfffbbc9f143ae5c0e4c98ff63280772372f681',(#1274,#1275,#1276,#1277));
#1279=ORIENTED_EDGE('',*,*,#1157,.T.);
#1280=ORIENTED_EDGE('',*,*,#1067,.F.);
#1281=ORIENTED_EDGE('',*,*,#1159,.T.);
#1282=ORIENTED_EDGE('',*,*,#1143,.F.);
#1283=EDGE_LOOP('OSCAD_TOPO/3|loop|l:106865f12340b8b434f05cbfceef0cc1|4f239b4202d770dd3aaaa37c1a747db0d5e7588aa263789137cf13dd420b3928',(#1279,#1280,#1281,#1282));
#1284=ORIENTED_EDGE('',*,*,#1161,.T.);
#1285=ORIENTED_EDGE('',*,*,#1073,.F.);
#1286=ORIENTED_EDGE('',*,*,#1157,.F.);
#1287=ORIENTED_EDGE('',*,*,#1149,.F.);
#1288=EDGE_LOOP('OSCAD_TOPO/3|loop|l:36ac90d4bf62d667d879e6736a3b82b2|ddce00600e252e6917d1325433b8b45b1b7421a3a4e703cc180f43ad0a80a59e',(#1284,#1285,#1286,#1287));
#1289=ORIENTED_EDGE('',*,*,#1153,.T.);
#1290=ORIENTED_EDGE('',*,*,#1159,.F.);
#1291=ORIENTED_EDGE('',*,*,#1079,.T.);
#1292=ORIENTED_EDGE('',*,*,#1163,.F.);
#1293=EDGE_LOOP('OSCAD_TOPO/3|loop|l:1315463b2e32159a4b0e5abb24a4263e|d16f6875c9a2baa0f8db5d168712f71af2206654fcf56260620802a305ae9927',(#1289,#1290,#1291,#1292));
#1294=ORIENTED_EDGE('',*,*,#1155,.T.);
#1295=ORIENTED_EDGE('',*,*,#1163,.T.);
#1296=ORIENTED_EDGE('',*,*,#1083,.T.);
#1297=ORIENTED_EDGE('',*,*,#1161,.F.);
#1298=EDGE_LOOP('OSCAD_TOPO/3|loop|l:270e898adaa6ed9400e82a5d7ad40c6c|e13806b93ca599cf9ce47919f220704c9b2be6beba271c438899e72b991ce2f5',(#1294,#1295,#1296,#1297));
#1299=FACE_OUTER_BOUND('',#1168,.T.);
#1300=ADVANCED_FACE('OSCAD_TOPO/3|face|f:386769e50e8b4fa9fa8ee1a171485aad|2cce30a2bcede5125b362c1984c04d8aaaa97525b3c3bfba65366a6fdbd430b6',(#1299),#71,.T.);
#1301=FACE_OUTER_BOUND('',#1173,.T.);
#1302=ADVANCED_FACE('OSCAD_TOPO/3|face|f:17e72a95e0bcd2921787b383d2a5ba44|1cf332f741b98fa77db12f994f3d223eb42b4bc193fae7b8a469ea246f5ef4a9',(#1301),#76,.T.);
#1303=FACE_OUTER_BOUND('',#1178,.T.);
#1304=ADVANCED_FACE('OSCAD_TOPO/3|face|f:3ccdf88285244beac830c32625e6b906|bb3840b033d43b1f146393928f1c86d10920b9de0becdf00d9f590a52c0995a6',(#1303),#89,.T.);
#1305=FACE_OUTER_BOUND('',#1183,.T.);
#1306=ADVANCED_FACE('OSCAD_TOPO/3|face|f:16f15dc656c0d5edbcb140c692fba377|98af828393ba13a310d9206a6966527c5989eeb33eabe8904d9a809e21e3f706',(#1305),#102,.T.);
#1307=FACE_OUTER_BOUND('',#1188,.T.);
#1308=ADVANCED_FACE('OSCAD_TOPO/3|face|f:9460185e11f9df193e904e01c7b430b1|1fa3203ba2171018b18522db81977d31a43bed15d66e8f205233ad19f07a5977',(#1307),#107,.T.);
#1309=FACE_OUTER_BOUND('',#1193,.T.);
#1310=ADVANCED_FACE('OSCAD_TOPO/3|face|f:1e5c9fcdb7122c8a4c8e584e39a4fea2|d36ba47395314f6969dfb27802e8cfd5364e206fc945c939327a4324f01f02d5',(#1309),#117,.T.);
#1311=FACE_OUTER_BOUND('',#1198,.T.);
#1312=ADVANCED_FACE('OSCAD_TOPO/3|face|f:6533b0e0ce16b941d542e6240055e477|0e1179430a278d782d3151777f8d25ae3f19bbfe45cc76816e4a7a5e9bd308e0',(#1311),#76,.T.);
#1313=FACE_OUTER_BOUND('',#1203,.T.);
#1314=ADVANCED_FACE('OSCAD_TOPO/3|face|f:49e179820a57f8f1c9a6a2fab040bd39|b6a87b108e2ad558c76d7fc60913ce6353f76ff1995dc198d3ac9aeb5be5097e',(#1313),#124,.T.);
#1315=FACE_OUTER_BOUND('',#1208,.T.);
#1316=ADVANCED_FACE('OSCAD_TOPO/3|face|f:71dbd69b64335766d10033b0cf802bc9|269e2ac98247f2b30b1ca2cc86ca60b455f1cb5686d611fcc20da78dc55fe0a9',(#1315),#131,.T.);
#1317=FACE_OUTER_BOUND('',#1213,.T.);
#1318=ADVANCED_FACE('OSCAD_TOPO/3|face|f:f57f9fb1a8002c0effa270c08bd14f50|9fea1ee0b401ee649740385de47b7fac68967e313717b2b3d440d6cf4922b658',(#1317),#107,.T.);
#1319=FACE_OUTER_BOUND('',#1218,.T.);
#1320=ADVANCED_FACE('OSCAD_TOPO/3|face|f:fa490b404447207768780778b95bee62|4eeeeae3b4910856a109fb4c975ee8e13f055c040bce75bbe920fbc8a1013d86',(#1319),#150,.T.);
#1321=FACE_OUTER_BOUND('',#1223,.T.);
#1322=ADVANCED_FACE('OSCAD_TOPO/3|face|f:5bbf874406d7807127ce8e9bd85fb084|1e6495167a1fb1920e5580da30ee0d3ab0922e99399c84bbb9edc6c8b9fbf65e',(#1321),#76,.T.);
#1323=FACE_OUTER_BOUND('',#1228,.T.);
#1324=ADVANCED_FACE('OSCAD_TOPO/3|face|f:652a29e6266ec4df080b70e5fadfe2d2|e6f79c59c89c558e99c6c0266d8c9987f5c918a99e7fc29017a675b33a5167d9',(#1323),#163,.T.);
#1325=FACE_OUTER_BOUND('',#1233,.T.);
#1326=ADVANCED_FACE('OSCAD_TOPO/3|face|f:a24f59134a80b01c00adce0fa2c07b86|a3b3cab72949b6f43442bb02863c0b1f2ba74b20098ff080dccee4bb52253672',(#1325),#176,.T.);
#1327=FACE_OUTER_BOUND('',#1238,.T.);
#1328=ADVANCED_FACE('OSCAD_TOPO/3|face|f:6d83a60e3146d39e0165874af9afc80d|efce8f68d687b2af422db613064acd8c21a8e386843951f9ca0d838e48af1282',(#1327),#107,.T.);
#1329=FACE_OUTER_BOUND('',#1243,.T.);
#1330=ADVANCED_FACE('OSCAD_TOPO/3|face|f:1c3655bb40f5f4852805f645543d6e80|d8ed899b1ed6b350884972ae24d4453e2455cc51f6535b68f9e48d6ed04ab1a4',(#1329),#76,.T.);
#1331=FACE_OUTER_BOUND('',#1248,.T.);
#1332=ADVANCED_FACE('OSCAD_TOPO/3|face|f:63534adf2b567ed66c3576b277a733d2|1db6666f802ff0c146afb689c8aeb790e1a2e0b34639515fcfe1744c59571022',(#1331),#183,.T.);
#1333=FACE_OUTER_BOUND('',#1253,.T.);
#1334=ADVANCED_FACE('OSCAD_TOPO/3|face|f:5520fc8ede8032ab81dc8635c64800af|80c4e6fe4720bee7f2922bd70e62164af63e084f38790b6e4842d0c3d640b957',(#1333),#190,.T.);
#1335=FACE_OUTER_BOUND('',#1258,.T.);
#1336=ADVANCED_FACE('OSCAD_TOPO/3|face|f:83ba424b1aa9ab38453c32b576b160a9|dc13c01dfc65c8e31cbd888d05c0ac793856cceb15f44ad10dd151c523b4b33c',(#1335),#107,.T.);
#1337=FACE_OUTER_BOUND('',#1263,.T.);
#1338=ADVANCED_FACE('OSCAD_TOPO/3|face|f:36377ecb9d26b4b346a808041c9f8637|95b5d01f42c0175d5c8ff829252641d53f4b99e40e8130502fde4202daf94fbd',(#1337),#195,.T.);
#1339=FACE_OUTER_BOUND('',#1268,.T.);
#1340=ADVANCED_FACE('OSCAD_TOPO/3|face|f:fadc16472afe7b497ca8d6741b599b2e|38c66b3e501891a75e6c360b634f0be371cd2d657dd1ea494d89dca45cd792bc',(#1339),#202,.T.);
#1341=FACE_OUTER_BOUND('',#1273,.T.);
#1342=ADVANCED_FACE('OSCAD_TOPO/3|face|f:891bc82ce312197980210b0b05651381|660ac31b57188af6ba46623a1ffe5efa2a6b4daec5205c97d7719131be6b16ca',(#1341),#209,.T.);
#1343=FACE_OUTER_BOUND('',#1278,.T.);
#1344=ADVANCED_FACE('OSCAD_TOPO/3|face|f:c3446c13adec8558071f489076c8c2b0|67d48f0b382dffb653c8a352c92df82595f05f40acde4eab9b07bdc8e89df997',(#1343),#214,.T.);
#1345=FACE_OUTER_BOUND('',#1283,.T.);
#1346=ADVANCED_FACE('OSCAD_TOPO/3|face|f:b2790ee938f653aae51d0a23aa94ae16|3ce935eb4a601a84f6db01a03c2e9e99e84ba5b07acf3b95a4fd1e796ad82878',(#1345),#219,.T.);
#1347=FACE_OUTER_BOUND('',#1288,.T.);
#1348=ADVANCED_FACE('OSCAD_TOPO/3|face|f:87ca253fdc8d1ac9ac04c5a2fe03495f|9649a543e8fdf584cf8990ab0614f36f23060acc623197e4fe937242e9354112',(#1347),#226,.T.);
#1349=FACE_OUTER_BOUND('',#1293,.T.);
#1350=ADVANCED_FACE('OSCAD_TOPO/3|face|f:d4619cab21c926232d18b6db4aac3710|9e88e00e5a628ec752c80ccd7f16e6072265eaca778651f1e72822f9b48d022e',(#1349),#233,.T.);
#1351=FACE_OUTER_BOUND('',#1298,.T.);
#1352=ADVANCED_FACE('OSCAD_TOPO/3|face|f:163b039d1595839bcf1a79107dff3521|d391f84d605ea6a6de8cb6037006c9aa9d46ceee90a06e60c91e3c62097b8774',(#1351),#238,.T.);
#1353=CLOSED_SHELL('OSCAD_TOPO/3|shell|s:14942bd2ac64ab71d78e54a4bd20fc4c|98e89ad3f8660804828ee0fc8ae0aab70e19fdd2c67a4b9fdd6edce67238d65d',(#1300,#1302,#1304,#1306,#1308,#1310,#1312,#1314,#1316,#1318,#1320,#1322,#1324,#1326,#1328,#1330,#1332,#1334,#1336,#1338,#1340,#1342,#1344,#1346,#1348,#1350,#1352));
#1354=MANIFOLD_SOLID_BREP('OSCAD_TOPO/3|body|b:87165f772049dbc508720605b49d9a45|e352e0fd36a987e1f19571acf720b6ecb671a1fa203fccafde1737add0837750',#1353);
#1355=(LENGTH_UNIT()NAMED_UNIT(*)SI_UNIT(.MILLI.,.METRE.));
#1356=UNCERTAINTY_MEASURE_WITH_UNIT(LENGTH_MEASURE(9.99999999999999955E-8),#1355,'distance_accuracy_value','');
#1357=(GEOMETRIC_REPRESENTATION_CONTEXT(3)GLOBAL_UNCERTAINTY_ASSIGNED_CONTEXT((#1356))GLOBAL_UNIT_ASSIGNED_CONTEXT((#1355))REPRESENTATION_CONTEXT('','3D'));
#1358=ADVANCED_BREP_SHAPE_REPRESENTATION('',(#1354),#1357);
#1359=APPLICATION_CONTEXT('managed model based 3d engineering');
#1360=PRODUCT_CONTEXT('',#1359,'mechanical');
#1361=PRODUCT('model','model','',(#1360));
#1362=PRODUCT_DEFINITION_FORMATION('1','',#1361);
#1363=PRODUCT_DEFINITION_CONTEXT('part definition',#1359,'design');
#1364=PRODUCT_DEFINITION('design','',#1362,#1363);
#1365=PRODUCT_DEFINITION_SHAPE('','',#1364);
#1366=SHAPE_DEFINITION_REPRESENTATION(#1365,#1358);
ENDSEC;
END-ISO-10303-21;
