ISO-10303-21;
HEADER;
FILE_DESCRIPTION(('OpenSCAD Viewer retained AP242 B-rep'),'2;1');
FILE_NAME('model.step','',(''),(''),'OpenSCAD Viewer','OpenSCAD Viewer','');
FILE_SCHEMA(('AP242_MANAGED_MODEL_BASED_3D_ENGINEERING_MIM_LF'));
ENDSEC;
DATA;
#1=CARTESIAN_POINT('',(1.00000000000000000E1,0.00000000000000000E0,3.00000000000000000E0));
#2=VERTEX_POINT('OSCAD_TOPO/3|vertex|v:15b6d2a830368a527a8175c95a60ee58|bee90ec59b0e84af41500affd4c3353f778495ef40110dd626bde9f249288805',#1);
#3=CARTESIAN_POINT('',(8.08394590947375846E0,-3.34848003319453547E0,3.00000000000000000E0));
#4=VERTEX_POINT('OSCAD_TOPO/3|vertex|v:e879668d854b57c2be162c5a27222900|48e65a2d6dc9043af8fecf502497a63fd5d6f6c7b59299329a61a559cf8f8587',#3);
#5=CARTESIAN_POINT('',(9.23879532511286783E0,-3.82683432365089793E0,1.75000000000000000E0));
#6=VERTEX_POINT('OSCAD_TOPO/3|vertex|v:8fb0cb599130633383b94e78f886191b|509fd7ef6877a855aed3b6bc0de38a1da2ebace9feb0f365d799af4bb678bb97',#5);
#7=CARTESIAN_POINT('',(2.50000000000000000E0,0.00000000000000000E0,3.00000000000000000E0));
#8=VERTEX_POINT('OSCAD_TOPO/3|vertex|v:adfcd630935441846b8ea9e6a3351e9e|89a071c7927d6d3d574913487673218f2f4616dc6fd7f4e9f99add7f871a0287',#7);
#9=CARTESIAN_POINT('',(2.30969883127821696E0,-9.56708580912724593E-1,3.00000000000000000E0));
#10=VERTEX_POINT('OSCAD_TOPO/3|vertex|v:e767a7a09d07cace9ca8e12366557912|502c55cb5754000aa13c3f96bf22aea08f0d0d3505ce1b0fcbef81964f593db5',#9);
#11=CARTESIAN_POINT('',(1.00000000000000000E1,0.00000000000000000E0,0.00000000000000000E0));
#12=VERTEX_POINT('OSCAD_TOPO/3|vertex|v:de3e486565e3a7617eea6e36ede06c2b|3353643bad860c733430b2273204e26943203410030abd80943e3de65777f15e',#11);
#13=CARTESIAN_POINT('',(9.23879532511286783E0,-3.82683432365089793E0,0.00000000000000000E0));
#14=VERTEX_POINT('OSCAD_TOPO/3|vertex|v:4dcc8621f3e6faa3deba5952e10218d9|fb31a1b7551712d8cf721fcfc933a945db4d6b8990b18c95d9a6ae73fc4993bb',#13);
#15=CARTESIAN_POINT('',(2.50000000000000000E0,0.00000000000000000E0,0.00000000000000000E0));
#16=VERTEX_POINT('OSCAD_TOPO/3|vertex|v:5107a35b396cb78e6ffc77a055c996e2|fd1634c4e735c61cd7b0aa300d1118d20f6551ec26fb5c29ea2374dcd57cb3b2',#15);
#17=CARTESIAN_POINT('',(2.30969883127821696E0,-9.56708580912724593E-1,0.00000000000000000E0));
#18=VERTEX_POINT('OSCAD_TOPO/3|vertex|v:f6e45b78acfe736e8637026cb5f04bf7|20f5a983ac2752246d0e3b24e54beb62ceb80bf2cac641b229281944ecfae58c',#17);
#19=CARTESIAN_POINT('',(3.34848003319453591E0,-8.08394590947375846E0,3.00000000000000000E0));
#20=VERTEX_POINT('OSCAD_TOPO/3|vertex|v:f482c4749af3ccf2121a924fa37f9567|a470fda5ac465a451225f0841e58a8f4c9dd632d8beb6d942f8b1ffebb6effb4',#19);
#21=CARTESIAN_POINT('',(3.82683432365089837E0,-9.23879532511286783E0,1.75000000000000000E0));
#22=VERTEX_POINT('OSCAD_TOPO/3|vertex|v:e786fa681f450b44dc25181f48a9c33d|ebba567f23d946dd6b031dbc9dd23d3c83df534b956c1253210aad71af6635ae',#21);
#23=CARTESIAN_POINT('',(9.56708580912724593E-1,-2.30969883127821696E0,3.00000000000000000E0));
#24=VERTEX_POINT('OSCAD_TOPO/3|vertex|v:2a273ece2122a79880c55f03bbbf6a55|d75bbd32785ceb79c48a5723831683fb41bad0ac61036e618c8182b5646f70b2',#23);
#25=CARTESIAN_POINT('',(3.82683432365089837E0,-9.23879532511286783E0,0.00000000000000000E0));
#26=VERTEX_POINT('OSCAD_TOPO/3|vertex|v:0b7308a1b2abe7da8894fc5b642d3e25|58702c2bf794be7f5cf9fa532c4a1ec799ade6137d1e68c169bf7d2254733daa',#25);
#27=CARTESIAN_POINT('',(9.56708580912724593E-1,-2.30969883127821696E0,0.00000000000000000E0));
#28=VERTEX_POINT('OSCAD_TOPO/3|vertex|v:9dbcf64dc7b5bf133e3976cfb8be0305|305e7be1e32eff5147d8b22cfab68b10b2318d6f32bac95956d9d0d329a5dccc',#27);
#29=CARTESIAN_POINT('',(0.00000000000000000E0,-1.00000000000000000E1,3.00000000000000000E0));
#30=VERTEX_POINT('OSCAD_TOPO/3|vertex|v:48b8d02275584e096818e4f90339c26b|0fbd755472677e1dc6271322b51bf6f29d5cbe1fdc06afb32b920efdca770128',#29);
#31=CARTESIAN_POINT('',(0.00000000000000000E0,-2.50000000000000000E0,3.00000000000000000E0));
#32=VERTEX_POINT('OSCAD_TOPO/3|vertex|v:6f10fa5777d471b8cc2a47d9af7c2a5e|70093022067badd7b47a43ac70a38864999571106edebcb1f8dd083012e23d29',#31);
#33=CARTESIAN_POINT('',(0.00000000000000000E0,-1.00000000000000000E1,0.00000000000000000E0));
#34=VERTEX_POINT('OSCAD_TOPO/3|vertex|v:5658a43174d96d79374a73200af5ef93|ea90c5efaccc18729a909cfd7b90e319a1032dc4a9050ece6c5187f101855d6a',#33);
#35=CARTESIAN_POINT('',(0.00000000000000000E0,-2.50000000000000000E0,0.00000000000000000E0));
#36=VERTEX_POINT('OSCAD_TOPO/3|vertex|v:b8909d5d084e289dfb863d57a97f12c0|e0fa0d94bb9979f53996069d9bdfcbf7d4e704b9878c31d04827c6c359b7117a',#35);
#37=CARTESIAN_POINT('',(-2.50000000000000000E0,0.00000000000000000E0,3.00000000000000000E0));
#38=VERTEX_POINT('OSCAD_TOPO/3|vertex|v:e5238d349e6a953b28728657945bc756|c939ebb105d5cc5df5395e04d0f5b0c71ac85601f2694c755f15255d8933aa30',#37);
#39=CARTESIAN_POINT('',(-1.00000000000000000E1,0.00000000000000000E0,3.00000000000000000E0));
#40=VERTEX_POINT('OSCAD_TOPO/3|vertex|v:f966eb26dc00169f40cb0e2218e9d0f3|65f9e134b54cb5b0fac9d8187519a2575369dcfbe21f823ae836568045ac8863',#39);
#41=CARTESIAN_POINT('',(-1.00000000000000000E1,0.00000000000000000E0,0.00000000000000000E0));
#42=VERTEX_POINT('OSCAD_TOPO/3|vertex|v:7616f68acae257169fc22b46681568d2|02f7380f18527975955058662daf044b41d418ecc2b2b58f19a5fd49e70c13cc',#41);
#43=CARTESIAN_POINT('',(-2.50000000000000000E0,0.00000000000000000E0,0.00000000000000000E0));
#44=VERTEX_POINT('OSCAD_TOPO/3|vertex|v:3237928e26bef7dc650e7905ec619ba4|a3903c5db5a5c9cd429d9e0e4a4e32ca9a9b0d53891cd286b09659f1e986cd94',#43);
#45=CARTESIAN_POINT('',(0.00000000000000000E0,2.50000000000000000E0,3.00000000000000000E0));
#46=VERTEX_POINT('OSCAD_TOPO/3|vertex|v:6886a9daea5e1d17c317cd53e8bdf1b5|cfabc43b07aeb1528326f1804ea9341ed628ac77ae41b22f4ff293a359e70348',#45);
#47=CARTESIAN_POINT('',(0.00000000000000000E0,1.00000000000000000E1,3.00000000000000000E0));
#48=VERTEX_POINT('OSCAD_TOPO/3|vertex|v:dc7541ef507e71be45d55b84528c781d|b9273e82b0fe5910737cce24174db1e8dcf96e748e1e128937808861363a8307',#47);
#49=CARTESIAN_POINT('',(0.00000000000000000E0,1.00000000000000000E1,0.00000000000000000E0));
#50=VERTEX_POINT('OSCAD_TOPO/3|vertex|v:20390dbab053390b17f1cd806dfaa2db|01ca02167a710a35a72e0cc32f356edccab0d226bfb29f014dd9ca88560e82d4',#49);
#51=CARTESIAN_POINT('',(0.00000000000000000E0,2.50000000000000000E0,0.00000000000000000E0));
#52=VERTEX_POINT('OSCAD_TOPO/3|vertex|v:30b33bee02e3c27fd5b30b5d5bda6459|f3aeeb7f2226111e36bdd94f5618c7de3bb3ee929c0b1b82d6d2c4efbc666a0d',#51);
#53=CARTESIAN_POINT('',(1.00000000000000000E1,0.00000000000000000E0,3.00000000000000000E0));
#54=CARTESIAN_POINT('',(1.00000000000000000E1,0.00000000000000000E0,3.00000000000000000E0));
#55=CARTESIAN_POINT('',(1.00000000000000000E1,0.00000000000000000E0,3.00000000000000000E0));
#56=CARTESIAN_POINT('',(1.00000000000000000E1,-7.86405512630331205E-1,3.00000000000000000E0));
#57=CARTESIAN_POINT('',(1.00000000000000000E1,-7.86405512630331205E-1,3.00000000000000000E0));
#58=CARTESIAN_POINT('',(1.00000000000000000E1,-7.86405512630331205E-1,3.00000000000000000E0));
#59=CARTESIAN_POINT('',(9.54361798099679426E0,-1.57134109154076196E0,3.00000000000000000E0));
#60=CARTESIAN_POINT('',(9.92299171697228566E0,-1.57134109154076196E0,3.00000000000000000E0));
#61=CARTESIAN_POINT('',(9.92299171697228388E0,-1.57134109154076196E0,2.62062626402451171E0));
#62=CARTESIAN_POINT('',(8.89834888689233772E0,-2.19761036788101505E0,3.00000000000000000E0));
#63=CARTESIAN_POINT('',(9.76897515091684987E0,-2.34563465651285430E0,3.00000000000000000E0));
#64=CARTESIAN_POINT('',(9.76897515091684809E0,-2.34563465651285430E0,2.12937373597548874E0));
#65=CARTESIAN_POINT('',(8.34727222517743783E0,-2.71275407049297712E0,3.00000000000000000E0));
#66=CARTESIAN_POINT('',(9.53973968591706978E0,-3.10029036627768795E0,3.00000000000000000E0));
#67=CARTESIAN_POINT('',(9.53973968591706978E0,-3.10029036627768795E0,1.75000000000000000E0));
#68=CARTESIAN_POINT('',(8.08394590947375846E0,-3.34848003319453547E0,3.00000000000000000E0));
#69=CARTESIAN_POINT('',(9.23879532511286783E0,-3.82683432365089793E0,3.00000000000000000E0));
#70=CARTESIAN_POINT('',(9.23879532511286783E0,-3.82683432365089793E0,1.75000000000000000E0));
#71=(BOUNDED_SURFACE()B_SPLINE_SURFACE(5,2,((#53,#54,#55),(#56,#57,#58),(#59,#60,#61),(#62,#63,#64),(#65,#66,#67),(#68,#69,#70)),.UNSPECIFIED.,.F.,.F.,.F.)B_SPLINE_SURFACE_WITH_KNOTS((6,6),(3,3),(0.00000000000000000E0,1.00000000000000000E0),(0.00000000000000000E0,1.00000000000000000E0),.UNSPECIFIED.)GEOMETRIC_REPRESENTATION_ITEM()RATIONAL_B_SPLINE_SURFACE(((1.00000000000000000E0,7.07106781186547573E-1,1.00000000000000000E0),(9.92314112161292172E-1,7.01672037776358115E-1,9.92314112161292172E-1),(9.88471168241938147E-1,6.98954666071263220E-1,9.88471168241938147E-1),(9.88471168241938258E-1,6.98954666071263331E-1,9.88471168241938258E-1),(9.92314112161292172E-1,7.01672037776358115E-1,9.92314112161292172E-1),(1.00000000000000000E0,7.07106781186547573E-1,1.00000000000000000E0)))REPRESENTATION_ITEM('')SURFACE());
#72=CARTESIAN_POINT('',(-1.00000000000000000E1,-1.00000000000000000E1,3.00000000000000000E0));
#73=CARTESIAN_POINT('',(-1.00000000000000000E1,1.00000000000000000E1,3.00000000000000000E0));
#74=CARTESIAN_POINT('',(1.00000000000000000E1,-1.00000000000000000E1,3.00000000000000000E0));
#75=CARTESIAN_POINT('',(1.00000000000000000E1,1.00000000000000000E1,3.00000000000000000E0));
#76=B_SPLINE_SURFACE_WITH_KNOTS('',1,1,((#72,#73),(#74,#75)),.UNSPECIFIED.,.F.,.F.,.F.,(2,2),(2,2),(-1.00000000000000000E1,1.00000000000000000E1),(-1.00000000000000000E1,1.00000000000000000E1),.UNSPECIFIED.);
#77=CARTESIAN_POINT('',(9.23879532511286783E0,-3.82683432365089793E0,0.00000000000000000E0));
#78=CARTESIAN_POINT('',(9.23879532511286783E0,-3.82683432365089793E0,1.75000000000000000E0));
#79=CARTESIAN_POINT('',(9.53973968591706978E0,-3.10029036627768795E0,0.00000000000000000E0));
#80=CARTESIAN_POINT('',(9.53973968591706978E0,-3.10029036627768795E0,1.75000000000000000E0));
#81=CARTESIAN_POINT('',(9.76897515091684809E0,-2.34563465651285430E0,0.00000000000000000E0));
#82=CARTESIAN_POINT('',(9.76897515091684809E0,-2.34563465651285430E0,2.12937373597548874E0));
#83=CARTESIAN_POINT('',(9.92299171697228388E0,-1.57134109154076196E0,0.00000000000000000E0));
#84=CARTESIAN_POINT('',(9.92299171697228388E0,-1.57134109154076196E0,2.62062626402451171E0));
#85=CARTESIAN_POINT('',(1.00000000000000000E1,-7.86405512630331205E-1,0.00000000000000000E0));
#86=CARTESIAN_POINT('',(1.00000000000000000E1,-7.86405512630331205E-1,3.00000000000000000E0));
#87=CARTESIAN_POINT('',(1.00000000000000000E1,0.00000000000000000E0,0.00000000000000000E0));
#88=CARTESIAN_POINT('',(1.00000000000000000E1,0.00000000000000000E0,3.00000000000000000E0));
#89=(BOUNDED_SURFACE()B_SPLINE_SURFACE(5,1,((#77,#78),(#79,#80),(#81,#82),(#83,#84),(#85,#86),(#87,#88)),.UNSPECIFIED.,.F.,.F.,.F.)B_SPLINE_SURFACE_WITH_KNOTS((6,6),(2,2),(0.00000000000000000E0,3.00000000000000000E0),(0.00000000000000000E0,1.00000000000000000E0),.UNSPECIFIED.)GEOMETRIC_REPRESENTATION_ITEM()RATIONAL_B_SPLINE_SURFACE(((1.00000000000000000E0,1.00000000000000000E0),(9.92314112161292172E-1,9.92314112161292172E-1),(9.88471168241938258E-1,9.88471168241938258E-1),(9.88471168241938147E-1,9.88471168241938147E-1),(9.92314112161292172E-1,9.92314112161292172E-1),(1.00000000000000000E0,1.00000000000000000E0)))REPRESENTATION_ITEM('')SURFACE());
#90=CARTESIAN_POINT('',(2.50000000000000000E0,0.00000000000000000E0,0.00000000000000000E0));
#91=CARTESIAN_POINT('',(2.50000000000000000E0,0.00000000000000000E0,3.00000000000000000E0));
#92=CARTESIAN_POINT('',(2.50000000000000000E0,-1.96601378157582801E-1,0.00000000000000000E0));
#93=CARTESIAN_POINT('',(2.50000000000000000E0,-1.96601378157582801E-1,3.00000000000000000E0));
#94=CARTESIAN_POINT('',(2.48074792924307097E0,-3.92835272885190490E-1,0.00000000000000000E0));
#95=CARTESIAN_POINT('',(2.48074792924307097E0,-3.92835272885190490E-1,3.00000000000000000E0));
#96=CARTESIAN_POINT('',(2.44224378772921202E0,-5.86408664128213575E-1,0.00000000000000000E0));
#97=CARTESIAN_POINT('',(2.44224378772921202E0,-5.86408664128213575E-1,3.00000000000000000E0));
#98=CARTESIAN_POINT('',(2.38493492147926744E0,-7.75072591569421987E-1,0.00000000000000000E0));
#99=CARTESIAN_POINT('',(2.38493492147926744E0,-7.75072591569421987E-1,3.00000000000000000E0));
#100=CARTESIAN_POINT('',(2.30969883127821696E0,-9.56708580912724593E-1,0.00000000000000000E0));
#101=CARTESIAN_POINT('',(2.30969883127821696E0,-9.56708580912724593E-1,3.00000000000000000E0));
#102=(BOUNDED_SURFACE()B_SPLINE_SURFACE(5,1,((#90,#91),(#92,#93),(#94,#95),(#96,#97),(#98,#99),(#100,#101)),.UNSPECIFIED.,.F.,.F.,.F.)B_SPLINE_SURFACE_WITH_KNOTS((6,6),(2,2),(0.00000000000000000E0,3.00000000000000000E0),(0.00000000000000000E0,1.00000000000000000E0),.UNSPECIFIED.)GEOMETRIC_REPRESENTATION_ITEM()RATIONAL_B_SPLINE_SURFACE(((1.00000000000000000E0,1.00000000000000000E0),(9.92314112161292172E-1,9.92314112161292172E-1),(9.88471168241938147E-1,9.88471168241938147E-1),(9.88471168241938258E-1,9.88471168241938258E-1),(9.92314112161292172E-1,9.92314112161292172E-1),(1.00000000000000000E0,1.00000000000000000E0)))REPRESENTATION_ITEM('')SURFACE());
#103=CARTESIAN_POINT('',(1.00000000000000000E1,-1.00000000000000000E1,0.00000000000000000E0));
#104=CARTESIAN_POINT('',(1.00000000000000000E1,1.00000000000000000E1,0.00000000000000000E0));
#105=CARTESIAN_POINT('',(-1.00000000000000000E1,-1.00000000000000000E1,0.00000000000000000E0));
#106=CARTESIAN_POINT('',(-1.00000000000000000E1,1.00000000000000000E1,0.00000000000000000E0));
#107=B_SPLINE_SURFACE_WITH_KNOTS('',1,1,((#103,#104),(#105,#106)),.UNSPECIFIED.,.F.,.F.,.F.,(2,2),(2,2),(-1.00000000000000000E1,1.00000000000000000E1),(-1.00000000000000000E1,1.00000000000000000E1),.UNSPECIFIED.);
#108=CARTESIAN_POINT('',(8.08394590947375846E0,-3.34848003319453547E0,3.00000000000000000E0));
#109=CARTESIAN_POINT('',(9.23879532511286783E0,-3.82683432365089793E0,3.00000000000000000E0));
#110=CARTESIAN_POINT('',(9.23879532511286783E0,-3.82683432365089793E0,1.75000000000000000E0));
#111=CARTESIAN_POINT('',(6.69696006638907093E0,-6.69696006638907004E0,3.00000000000000000E0));
#112=CARTESIAN_POINT('',(7.65366864730179586E0,-7.65366864730179408E0,3.00000000000000000E0));
#113=CARTESIAN_POINT('',(7.65366864730179586E0,-7.65366864730179408E0,1.75000000000000000E0));
#114=CARTESIAN_POINT('',(3.34848003319453591E0,-8.08394590947375846E0,3.00000000000000000E0));
#115=CARTESIAN_POINT('',(3.82683432365089837E0,-9.23879532511286783E0,3.00000000000000000E0));
#116=CARTESIAN_POINT('',(3.82683432365089837E0,-9.23879532511286783E0,1.75000000000000000E0));
#117=(BOUNDED_SURFACE()B_SPLINE_SURFACE(2,2,((#108,#109,#110),(#111,#112,#113),(#114,#115,#116)),.UNSPECIFIED.,.F.,.F.,.F.)B_SPLINE_SURFACE_WITH_KNOTS((3,3),(3,3),(0.00000000000000000E0,1.00000000000000000E0),(0.00000000000000000E0,1.00000000000000000E0),.UNSPECIFIED.)GEOMETRIC_REPRESENTATION_ITEM()RATIONAL_B_SPLINE_SURFACE(((1.00000000000000000E0,7.07106781186547573E-1,1.00000000000000000E0),(9.23879532511286738E-1,6.53281482438188288E-1,9.23879532511286738E-1),(1.00000000000000000E0,7.07106781186547573E-1,1.00000000000000000E0)))REPRESENTATION_ITEM('')SURFACE());
#118=CARTESIAN_POINT('',(3.82683432365089837E0,-9.23879532511286783E0,0.00000000000000000E0));
#119=CARTESIAN_POINT('',(3.82683432365089837E0,-9.23879532511286783E0,1.75000000000000000E0));
#120=CARTESIAN_POINT('',(7.65366864730179586E0,-7.65366864730179408E0,0.00000000000000000E0));
#121=CARTESIAN_POINT('',(7.65366864730179586E0,-7.65366864730179408E0,1.75000000000000000E0));
#122=CARTESIAN_POINT('',(9.23879532511286783E0,-3.82683432365089793E0,0.00000000000000000E0));
#123=CARTESIAN_POINT('',(9.23879532511286783E0,-3.82683432365089793E0,1.75000000000000000E0));
#124=(BOUNDED_SURFACE()B_SPLINE_SURFACE(2,1,((#118,#119),(#120,#121),(#122,#123)),.UNSPECIFIED.,.F.,.F.,.F.)B_SPLINE_SURFACE_WITH_KNOTS((3,3),(2,2),(0.00000000000000000E0,3.00000000000000000E0),(0.00000000000000000E0,1.00000000000000000E0),.UNSPECIFIED.)GEOMETRIC_REPRESENTATION_ITEM()RATIONAL_B_SPLINE_SURFACE(((1.00000000000000000E0,1.00000000000000000E0),(9.23879532511286738E-1,9.23879532511286738E-1),(1.00000000000000000E0,1.00000000000000000E0)))REPRESENTATION_ITEM('')SURFACE());
#125=CARTESIAN_POINT('',(2.30969883127821696E0,-9.56708580912724593E-1,0.00000000000000000E0));
#126=CARTESIAN_POINT('',(2.30969883127821696E0,-9.56708580912724593E-1,3.00000000000000000E0));
#127=CARTESIAN_POINT('',(1.91341716182544919E0,-1.91341716182544852E0,0.00000000000000000E0));
#128=CARTESIAN_POINT('',(1.91341716182544919E0,-1.91341716182544852E0,3.00000000000000000E0));
#129=CARTESIAN_POINT('',(9.56708580912724593E-1,-2.30969883127821696E0,0.00000000000000000E0));
#130=CARTESIAN_POINT('',(9.56708580912724593E-1,-2.30969883127821696E0,3.00000000000000000E0));
#131=(BOUNDED_SURFACE()B_SPLINE_SURFACE(2,1,((#125,#126),(#127,#128),(#129,#130)),.UNSPECIFIED.,.F.,.F.,.F.)B_SPLINE_SURFACE_WITH_KNOTS((3,3),(2,2),(0.00000000000000000E0,3.00000000000000000E0),(0.00000000000000000E0,1.00000000000000000E0),.UNSPECIFIED.)GEOMETRIC_REPRESENTATION_ITEM()RATIONAL_B_SPLINE_SURFACE(((1.00000000000000000E0,1.00000000000000000E0),(9.23879532511286738E-1,9.23879532511286738E-1),(1.00000000000000000E0,1.00000000000000000E0)))REPRESENTATION_ITEM('')SURFACE());
#132=CARTESIAN_POINT('',(3.34848003319453591E0,-8.08394590947375846E0,3.00000000000000000E0));
#133=CARTESIAN_POINT('',(3.82683432365089837E0,-9.23879532511286783E0,3.00000000000000000E0));
#134=CARTESIAN_POINT('',(3.82683432365089837E0,-9.23879532511286783E0,1.75000000000000000E0));
#135=CARTESIAN_POINT('',(2.71275407049297757E0,-8.34727222517743783E0,3.00000000000000000E0));
#136=CARTESIAN_POINT('',(3.10029036627768884E0,-9.53973968591706978E0,3.00000000000000000E0));
#137=CARTESIAN_POINT('',(3.10029036627768839E0,-9.53973968591706978E0,1.75000000000000000E0));
#138=CARTESIAN_POINT('',(2.19761036788101549E0,-8.89834888689233949E0,3.00000000000000000E0));
#139=CARTESIAN_POINT('',(2.34563465651285519E0,-9.76897515091685165E0,3.00000000000000000E0));
#140=CARTESIAN_POINT('',(2.34563465651285519E0,-9.76897515091684987E0,2.12937373597548918E0));
#141=CARTESIAN_POINT('',(1.57134109154076218E0,-9.54361798099679426E0,3.00000000000000000E0));
#142=CARTESIAN_POINT('',(1.57134109154076240E0,-9.92299171697228388E0,3.00000000000000000E0));
#143=CARTESIAN_POINT('',(1.57134109154076218E0,-9.92299171697228211E0,2.62062626402451082E0));
#144=CARTESIAN_POINT('',(7.86405512630331538E-1,-1.00000000000000000E1,3.00000000000000000E0));
#145=CARTESIAN_POINT('',(7.86405512630331538E-1,-1.00000000000000000E1,3.00000000000000000E0));
#146=CARTESIAN_POINT('',(7.86405512630331538E-1,-1.00000000000000000E1,3.00000000000000000E0));
#147=CARTESIAN_POINT('',(0.00000000000000000E0,-1.00000000000000000E1,3.00000000000000000E0));
#148=CARTESIAN_POINT('',(0.00000000000000000E0,-1.00000000000000000E1,3.00000000000000000E0));
#149=CARTESIAN_POINT('',(0.00000000000000000E0,-1.00000000000000000E1,3.00000000000000000E0));
#150=(BOUNDED_SURFACE()B_SPLINE_SURFACE(5,2,((#132,#133,#134),(#135,#136,#137),(#138,#139,#140),(#141,#142,#143),(#144,#145,#146),(#147,#148,#149)),.UNSPECIFIED.,.F.,.F.,.F.)B_SPLINE_SURFACE_WITH_KNOTS((6,6),(3,3),(0.00000000000000000E0,1.00000000000000000E0),(0.00000000000000000E0,1.00000000000000000E0),.UNSPECIFIED.)GEOMETRIC_REPRESENTATION_ITEM()RATIONAL_B_SPLINE_SURFACE(((1.00000000000000000E0,7.07106781186547573E-1,1.00000000000000000E0),(9.92314112161292172E-1,7.01672037776358115E-1,9.92314112161292172E-1),(9.88471168241938147E-1,6.98954666071263220E-1,9.88471168241938147E-1),(9.88471168241938258E-1,6.98954666071263331E-1,9.88471168241938258E-1),(9.92314112161292172E-1,7.01672037776358115E-1,9.92314112161292172E-1),(1.00000000000000000E0,7.07106781186547573E-1,1.00000000000000000E0)))REPRESENTATION_ITEM('')SURFACE());
#151=CARTESIAN_POINT('',(0.00000000000000000E0,-1.00000000000000000E1,0.00000000000000000E0));
#152=CARTESIAN_POINT('',(0.00000000000000000E0,-1.00000000000000000E1,3.00000000000000000E0));
#153=CARTESIAN_POINT('',(7.86405512630331538E-1,-1.00000000000000000E1,0.00000000000000000E0));
#154=CARTESIAN_POINT('',(7.86405512630331538E-1,-1.00000000000000000E1,3.00000000000000000E0));
#155=CARTESIAN_POINT('',(1.57134109154076218E0,-9.92299171697228211E0,0.00000000000000000E0));
#156=CARTESIAN_POINT('',(1.57134109154076218E0,-9.92299171697228211E0,2.62062626402451082E0));
#157=CARTESIAN_POINT('',(2.34563465651285519E0,-9.76897515091684987E0,0.00000000000000000E0));
#158=CARTESIAN_POINT('',(2.34563465651285519E0,-9.76897515091684987E0,2.12937373597548918E0));
#159=CARTESIAN_POINT('',(3.10029036627768839E0,-9.53973968591706978E0,0.00000000000000000E0));
#160=CARTESIAN_POINT('',(3.10029036627768839E0,-9.53973968591706978E0,1.75000000000000000E0));
#161=CARTESIAN_POINT('',(3.82683432365089837E0,-9.23879532511286783E0,0.00000000000000000E0));
#162=CARTESIAN_POINT('',(3.82683432365089837E0,-9.23879532511286783E0,1.75000000000000000E0));
#163=(BOUNDED_SURFACE()B_SPLINE_SURFACE(5,1,((#151,#152),(#153,#154),(#155,#156),(#157,#158),(#159,#160),(#161,#162)),.UNSPECIFIED.,.F.,.F.,.F.)B_SPLINE_SURFACE_WITH_KNOTS((6,6),(2,2),(0.00000000000000000E0,3.00000000000000000E0),(0.00000000000000000E0,1.00000000000000000E0),.UNSPECIFIED.)GEOMETRIC_REPRESENTATION_ITEM()RATIONAL_B_SPLINE_SURFACE(((1.00000000000000000E0,1.00000000000000000E0),(9.92314112161292172E-1,9.92314112161292172E-1),(9.88471168241938258E-1,9.88471168241938258E-1),(9.88471168241938147E-1,9.88471168241938147E-1),(9.92314112161292172E-1,9.92314112161292172E-1),(1.00000000000000000E0,1.00000000000000000E0)))REPRESENTATION_ITEM('')SURFACE());
#164=CARTESIAN_POINT('',(9.56708580912724593E-1,-2.30969883127821696E0,0.00000000000000000E0));
#165=CARTESIAN_POINT('',(9.56708580912724593E-1,-2.30969883127821696E0,3.00000000000000000E0));
#166=CARTESIAN_POINT('',(7.75072591569422098E-1,-2.38493492147926744E0,0.00000000000000000E0));
#167=CARTESIAN_POINT('',(7.75072591569422098E-1,-2.38493492147926744E0,3.00000000000000000E0));
#168=CARTESIAN_POINT('',(5.86408664128213797E-1,-2.44224378772921247E0,0.00000000000000000E0));
#169=CARTESIAN_POINT('',(5.86408664128213797E-1,-2.44224378772921247E0,3.00000000000000000E0));
#170=CARTESIAN_POINT('',(3.92835272885190545E-1,-2.48074792924307053E0,0.00000000000000000E0));
#171=CARTESIAN_POINT('',(3.92835272885190545E-1,-2.48074792924307053E0,3.00000000000000000E0));
#172=CARTESIAN_POINT('',(1.96601378157582884E-1,-2.50000000000000000E0,0.00000000000000000E0));
#173=CARTESIAN_POINT('',(1.96601378157582884E-1,-2.50000000000000000E0,3.00000000000000000E0));
#174=CARTESIAN_POINT('',(0.00000000000000000E0,-2.50000000000000000E0,0.00000000000000000E0));
#175=CARTESIAN_POINT('',(0.00000000000000000E0,-2.50000000000000000E0,3.00000000000000000E0));
#176=(BOUNDED_SURFACE()B_SPLINE_SURFACE(5,1,((#164,#165),(#166,#167),(#168,#169),(#170,#171),(#172,#173),(#174,#175)),.UNSPECIFIED.,.F.,.F.,.F.)B_SPLINE_SURFACE_WITH_KNOTS((6,6),(2,2),(0.00000000000000000E0,3.00000000000000000E0),(0.00000000000000000E0,1.00000000000000000E0),.UNSPECIFIED.)GEOMETRIC_REPRESENTATION_ITEM()RATIONAL_B_SPLINE_SURFACE(((1.00000000000000000E0,1.00000000000000000E0),(9.92314112161292172E-1,9.92314112161292172E-1),(9.88471168241938147E-1,9.88471168241938147E-1),(9.88471168241938258E-1,9.88471168241938258E-1),(9.92314112161292172E-1,9.92314112161292172E-1),(1.00000000000000000E0,1.00000000000000000E0)))REPRESENTATION_ITEM('')SURFACE());
#177=CARTESIAN_POINT('',(-1.00000000000000000E1,0.00000000000000000E0,0.00000000000000000E0));
#178=CARTESIAN_POINT('',(-1.00000000000000000E1,0.00000000000000000E0,3.00000000000000000E0));
#179=CARTESIAN_POINT('',(-9.99999999999999822E0,-1.00000000000000000E1,0.00000000000000000E0));
#180=CARTESIAN_POINT('',(-9.99999999999999822E0,-1.00000000000000000E1,3.00000000000000000E0));
#181=CARTESIAN_POINT('',(0.00000000000000000E0,-1.00000000000000000E1,0.00000000000000000E0));
#182=CARTESIAN_POINT('',(0.00000000000000000E0,-1.00000000000000000E1,3.00000000000000000E0));
#183=(BOUNDED_SURFACE()B_SPLINE_SURFACE(2,1,((#177,#178),(#179,#180),(#181,#182)),.UNSPECIFIED.,.F.,.F.,.F.)B_SPLINE_SURFACE_WITH_KNOTS((3,3),(2,2),(0.00000000000000000E0,3.00000000000000000E0),(0.00000000000000000E0,1.00000000000000000E0),.UNSPECIFIED.)GEOMETRIC_REPRESENTATION_ITEM()RATIONAL_B_SPLINE_SURFACE(((1.00000000000000000E0,1.00000000000000000E0),(7.07106781186547573E-1,7.07106781186547573E-1),(1.00000000000000000E0,1.00000000000000000E0)))REPRESENTATION_ITEM('')SURFACE());
#184=CARTESIAN_POINT('',(0.00000000000000000E0,-2.50000000000000000E0,0.00000000000000000E0));
#185=CARTESIAN_POINT('',(0.00000000000000000E0,-2.50000000000000000E0,3.00000000000000000E0));
#186=CARTESIAN_POINT('',(-2.49999999999999956E0,-2.50000000000000000E0,0.00000000000000000E0));
#187=CARTESIAN_POINT('',(-2.49999999999999956E0,-2.50000000000000000E0,3.00000000000000000E0));
#188=CARTESIAN_POINT('',(-2.50000000000000000E0,0.00000000000000000E0,0.00000000000000000E0));
#189=CARTESIAN_POINT('',(-2.50000000000000000E0,0.00000000000000000E0,3.00000000000000000E0));
#190=(BOUNDED_SURFACE()B_SPLINE_SURFACE(2,1,((#184,#185),(#186,#187),(#188,#189)),.UNSPECIFIED.,.F.,.F.,.F.)B_SPLINE_SURFACE_WITH_KNOTS((3,3),(2,2),(0.00000000000000000E0,3.00000000000000000E0),(0.00000000000000000E0,1.00000000000000000E0),.UNSPECIFIED.)GEOMETRIC_REPRESENTATION_ITEM()RATIONAL_B_SPLINE_SURFACE(((1.00000000000000000E0,1.00000000000000000E0),(7.07106781186547573E-1,7.07106781186547573E-1),(1.00000000000000000E0,1.00000000000000000E0)))REPRESENTATION_ITEM('')SURFACE());
#191=CARTESIAN_POINT('',(-1.00000000000000018E1,-1.00000000000000000E1,3.00000000000000000E0));
#192=CARTESIAN_POINT('',(-1.00000000000000018E1,1.00000000000000000E1,3.00000000000000000E0));
#193=CARTESIAN_POINT('',(1.00000000000000000E1,-1.00000000000000000E1,3.00000000000000000E0));
#194=CARTESIAN_POINT('',(1.00000000000000000E1,1.00000000000000000E1,3.00000000000000000E0));
#195=B_SPLINE_SURFACE_WITH_KNOTS('',1,1,((#191,#192),(#193,#194)),.UNSPECIFIED.,.F.,.F.,.F.,(2,2),(2,2),(-1.00000000000000018E1,1.00000000000000000E1),(-1.00000000000000000E1,1.00000000000000000E1),.UNSPECIFIED.);
#196=CARTESIAN_POINT('',(0.00000000000000000E0,1.00000000000000000E1,0.00000000000000000E0));
#197=CARTESIAN_POINT('',(0.00000000000000000E0,1.00000000000000000E1,3.00000000000000000E0));
#198=CARTESIAN_POINT('',(-1.00000000000000018E1,9.99999999999999822E0,0.00000000000000000E0));
#199=CARTESIAN_POINT('',(-1.00000000000000018E1,9.99999999999999822E0,3.00000000000000000E0));
#200=CARTESIAN_POINT('',(-1.00000000000000000E1,0.00000000000000000E0,0.00000000000000000E0));
#201=CARTESIAN_POINT('',(-1.00000000000000000E1,0.00000000000000000E0,3.00000000000000000E0));
#202=(BOUNDED_SURFACE()B_SPLINE_SURFACE(2,1,((#196,#197),(#198,#199),(#200,#201)),.UNSPECIFIED.,.F.,.F.,.F.)B_SPLINE_SURFACE_WITH_KNOTS((3,3),(2,2),(0.00000000000000000E0,3.00000000000000000E0),(0.00000000000000000E0,1.00000000000000000E0),.UNSPECIFIED.)GEOMETRIC_REPRESENTATION_ITEM()RATIONAL_B_SPLINE_SURFACE(((1.00000000000000000E0,1.00000000000000000E0),(7.07106781186547573E-1,7.07106781186547573E-1),(1.00000000000000000E0,1.00000000000000000E0)))REPRESENTATION_ITEM('')SURFACE());
#203=CARTESIAN_POINT('',(-2.50000000000000000E0,0.00000000000000000E0,0.00000000000000000E0));
#204=CARTESIAN_POINT('',(-2.50000000000000000E0,0.00000000000000000E0,3.00000000000000000E0));
#205=CARTESIAN_POINT('',(-2.50000000000000044E0,2.49999999999999956E0,0.00000000000000000E0));
#206=CARTESIAN_POINT('',(-2.50000000000000044E0,2.49999999999999956E0,3.00000000000000000E0));
#207=CARTESIAN_POINT('',(0.00000000000000000E0,2.50000000000000000E0,0.00000000000000000E0));
#208=CARTESIAN_POINT('',(0.00000000000000000E0,2.50000000000000000E0,3.00000000000000000E0));
#209=(BOUNDED_SURFACE()B_SPLINE_SURFACE(2,1,((#203,#204),(#205,#206),(#207,#208)),.UNSPECIFIED.,.F.,.F.,.F.)B_SPLINE_SURFACE_WITH_KNOTS((3,3),(2,2),(0.00000000000000000E0,3.00000000000000000E0),(0.00000000000000000E0,1.00000000000000000E0),.UNSPECIFIED.)GEOMETRIC_REPRESENTATION_ITEM()RATIONAL_B_SPLINE_SURFACE(((1.00000000000000000E0,1.00000000000000000E0),(7.07106781186547573E-1,7.07106781186547573E-1),(1.00000000000000000E0,1.00000000000000000E0)))REPRESENTATION_ITEM('')SURFACE());
#210=CARTESIAN_POINT('',(1.00000000000000000E1,-1.00000000000000000E1,0.00000000000000000E0));
#211=CARTESIAN_POINT('',(1.00000000000000000E1,1.00000000000000000E1,0.00000000000000000E0));
#212=CARTESIAN_POINT('',(-1.00000000000000018E1,-1.00000000000000000E1,0.00000000000000000E0));
#213=CARTESIAN_POINT('',(-1.00000000000000018E1,1.00000000000000000E1,0.00000000000000000E0));
#214=B_SPLINE_SURFACE_WITH_KNOTS('',1,1,((#210,#211),(#212,#213)),.UNSPECIFIED.,.F.,.F.,.F.,(2,2),(2,2),(-1.00000000000000018E1,1.00000000000000000E1),(-1.00000000000000000E1,1.00000000000000000E1),.UNSPECIFIED.);
#215=CARTESIAN_POINT('',(-1.00000000000000000E1,-1.00000000000000000E1,3.00000000000000000E0));
#216=CARTESIAN_POINT('',(-1.00000000000000000E1,1.00000000000000018E1,3.00000000000000000E0));
#217=CARTESIAN_POINT('',(1.00000000000000000E1,-1.00000000000000000E1,3.00000000000000000E0));
#218=CARTESIAN_POINT('',(1.00000000000000000E1,1.00000000000000018E1,3.00000000000000000E0));
#219=B_SPLINE_SURFACE_WITH_KNOTS('',1,1,((#215,#216),(#217,#218)),.UNSPECIFIED.,.F.,.F.,.F.,(2,2),(2,2),(-1.00000000000000000E1,1.00000000000000000E1),(-1.00000000000000000E1,1.00000000000000018E1),.UNSPECIFIED.);
#220=CARTESIAN_POINT('',(1.00000000000000000E1,0.00000000000000000E0,0.00000000000000000E0));
#221=CARTESIAN_POINT('',(1.00000000000000000E1,0.00000000000000000E0,3.00000000000000000E0));
#222=CARTESIAN_POINT('',(9.99999999999999645E0,1.00000000000000018E1,0.00000000000000000E0));
#223=CARTESIAN_POINT('',(9.99999999999999645E0,1.00000000000000018E1,3.00000000000000000E0));
#224=CARTESIAN_POINT('',(0.00000000000000000E0,1.00000000000000000E1,0.00000000000000000E0));
#225=CARTESIAN_POINT('',(0.00000000000000000E0,1.00000000000000000E1,3.00000000000000000E0));
#226=(BOUNDED_SURFACE()B_SPLINE_SURFACE(2,1,((#220,#221),(#222,#223),(#224,#225)),.UNSPECIFIED.,.F.,.F.,.F.)B_SPLINE_SURFACE_WITH_KNOTS((3,3),(2,2),(0.00000000000000000E0,3.00000000000000000E0),(0.00000000000000000E0,1.00000000000000000E0),.UNSPECIFIED.)GEOMETRIC_REPRESENTATION_ITEM()RATIONAL_B_SPLINE_SURFACE(((1.00000000000000000E0,1.00000000000000000E0),(7.07106781186547573E-1,7.07106781186547573E-1),(1.00000000000000000E0,1.00000000000000000E0)))REPRESENTATION_ITEM('')SURFACE());
#227=CARTESIAN_POINT('',(0.00000000000000000E0,2.50000000000000000E0,0.00000000000000000E0));
#228=CARTESIAN_POINT('',(0.00000000000000000E0,2.50000000000000000E0,3.00000000000000000E0));
#229=CARTESIAN_POINT('',(2.49999999999999911E0,2.50000000000000044E0,0.00000000000000000E0));
#230=CARTESIAN_POINT('',(2.49999999999999911E0,2.50000000000000044E0,3.00000000000000000E0));
#231=CARTESIAN_POINT('',(2.50000000000000000E0,0.00000000000000000E0,0.00000000000000000E0));
#232=CARTESIAN_POINT('',(2.50000000000000000E0,0.00000000000000000E0,3.00000000000000000E0));
#233=(BOUNDED_SURFACE()B_SPLINE_SURFACE(2,1,((#227,#228),(#229,#230),(#231,#232)),.UNSPECIFIED.,.F.,.F.,.F.)B_SPLINE_SURFACE_WITH_KNOTS((3,3),(2,2),(0.00000000000000000E0,3.00000000000000000E0),(0.00000000000000000E0,1.00000000000000000E0),.UNSPECIFIED.)GEOMETRIC_REPRESENTATION_ITEM()RATIONAL_B_SPLINE_SURFACE(((1.00000000000000000E0,1.00000000000000000E0),(7.07106781186547573E-1,7.07106781186547573E-1),(1.00000000000000000E0,1.00000000000000000E0)))REPRESENTATION_ITEM('')SURFACE());
#234=CARTESIAN_POINT('',(1.00000000000000000E1,-1.00000000000000000E1,0.00000000000000000E0));
#235=CARTESIAN_POINT('',(1.00000000000000000E1,1.00000000000000018E1,0.00000000000000000E0));
#236=CARTESIAN_POINT('',(-1.00000000000000000E1,-1.00000000000000000E1,0.00000000000000000E0));
#237=CARTESIAN_POINT('',(-1.00000000000000000E1,1.00000000000000018E1,0.00000000000000000E0));
#238=B_SPLINE_SURFACE_WITH_KNOTS('',1,1,((#234,#235),(#236,#237)),.UNSPECIFIED.,.F.,.F.,.F.,(2,2),(2,2),(-1.00000000000000000E1,1.00000000000000000E1),(-1.00000000000000000E1,1.00000000000000018E1),.UNSPECIFIED.);
#239=CARTESIAN_POINT('',(1.00000000000000000E1,0.00000000000000000E0,3.00000000000000000E0));
#240=CARTESIAN_POINT('',(1.00000000000000000E1,-7.86405512630331205E-1,3.00000000000000000E0));
#241=CARTESIAN_POINT('',(9.54361798099679426E0,-1.57134109154076196E0,3.00000000000000000E0));
#242=CARTESIAN_POINT('',(8.89834888689233772E0,-2.19761036788101505E0,3.00000000000000000E0));
#243=CARTESIAN_POINT('',(8.34727222517743783E0,-2.71275407049297712E0,3.00000000000000000E0));
#244=CARTESIAN_POINT('',(8.08394590947375846E0,-3.34848003319453547E0,3.00000000000000000E0));
#245=(BOUNDED_CURVE()B_SPLINE_CURVE(5,(#239,#240,#241,#242,#243,#244),.UNSPECIFIED.,.F.,.F.)B_SPLINE_CURVE_WITH_KNOTS((6,6),(0.00000000000000000E0,1.00000000000000000E0),.UNSPECIFIED.)CURVE()GEOMETRIC_REPRESENTATION_ITEM()RATIONAL_B_SPLINE_CURVE((1.00000000000000000E0,9.92314112161292172E-1,9.88471168241938147E-1,9.88471168241938258E-1,9.92314112161292172E-1,1.00000000000000000E0))REPRESENTATION_ITEM(''));
#246=CARTESIAN_POINT('',(8.08394590947375846E0,-3.34848003319453547E0,3.00000000000000000E0));
#247=CARTESIAN_POINT('',(9.23879532511286783E0,-3.82683432365089793E0,3.00000000000000000E0));
#248=CARTESIAN_POINT('',(9.23879532511286783E0,-3.82683432365089793E0,1.75000000000000000E0));
#249=(BOUNDED_CURVE()B_SPLINE_CURVE(2,(#246,#247,#248),.UNSPECIFIED.,.F.,.F.)B_SPLINE_CURVE_WITH_KNOTS((3,3),(0.00000000000000000E0,1.00000000000000000E0),.UNSPECIFIED.)CURVE()GEOMETRIC_REPRESENTATION_ITEM()RATIONAL_B_SPLINE_CURVE((1.00000000000000000E0,7.07106781186547573E-1,1.00000000000000000E0))REPRESENTATION_ITEM(''));
#250=CARTESIAN_POINT('',(9.23879532511286783E0,-3.82683432365089793E0,1.75000000000000000E0));
#251=CARTESIAN_POINT('',(9.53973968591706978E0,-3.10029036627768795E0,1.75000000000000000E0));
#252=CARTESIAN_POINT('',(9.76897515091684809E0,-2.34563465651285430E0,2.12937373597548874E0));
#253=CARTESIAN_POINT('',(9.92299171697228388E0,-1.57134109154076196E0,2.62062626402451171E0));
#254=CARTESIAN_POINT('',(1.00000000000000000E1,-7.86405512630331205E-1,3.00000000000000000E0));
#255=CARTESIAN_POINT('',(1.00000000000000000E1,0.00000000000000000E0,3.00000000000000000E0));
#256=(BOUNDED_CURVE()B_SPLINE_CURVE(5,(#250,#251,#252,#253,#254,#255),.UNSPECIFIED.,.F.,.F.)B_SPLINE_CURVE_WITH_KNOTS((6,6),(0.00000000000000000E0,1.00000000000000000E0),.UNSPECIFIED.)CURVE()GEOMETRIC_REPRESENTATION_ITEM()RATIONAL_B_SPLINE_CURVE((1.00000000000000000E0,9.92314112161292172E-1,9.88471168241938258E-1,9.88471168241938147E-1,9.92314112161292172E-1,1.00000000000000000E0))REPRESENTATION_ITEM(''));
#257=CARTESIAN_POINT('',(1.00000000000000000E1,0.00000000000000000E0,3.00000000000000000E0));
#258=CARTESIAN_POINT('',(1.00000000000000000E1,0.00000000000000000E0,3.00000000000000000E0));
#259=CARTESIAN_POINT('',(1.00000000000000000E1,0.00000000000000000E0,3.00000000000000000E0));
#260=(BOUNDED_CURVE()B_SPLINE_CURVE(2,(#257,#258,#259),.UNSPECIFIED.,.F.,.F.)B_SPLINE_CURVE_WITH_KNOTS((3,3),(0.00000000000000000E0,1.00000000000000000E0),.UNSPECIFIED.)CURVE()GEOMETRIC_REPRESENTATION_ITEM()RATIONAL_B_SPLINE_CURVE((1.00000000000000000E0,7.07106781186547573E-1,1.00000000000000000E0))REPRESENTATION_ITEM(''));
#261=CARTESIAN_POINT('',(1.00000000000000000E1,0.00000000000000000E0,3.00000000000000000E0));
#262=CARTESIAN_POINT('',(2.50000000000000000E0,0.00000000000000000E0,3.00000000000000000E0));
#263=B_SPLINE_CURVE_WITH_KNOTS('',1,(#261,#262),.UNSPECIFIED.,.F.,.F.,(2,2),(0.00000000000000000E0,1.00000000000000000E0),.UNSPECIFIED.);
#264=CARTESIAN_POINT('',(2.50000000000000000E0,0.00000000000000000E0,3.00000000000000000E0));
#265=CARTESIAN_POINT('',(2.50000000000000000E0,-1.96601378157582801E-1,3.00000000000000000E0));
#266=CARTESIAN_POINT('',(2.48074792924307097E0,-3.92835272885190490E-1,3.00000000000000000E0));
#267=CARTESIAN_POINT('',(2.44224378772921202E0,-5.86408664128213575E-1,3.00000000000000000E0));
#268=CARTESIAN_POINT('',(2.38493492147926744E0,-7.75072591569421987E-1,3.00000000000000000E0));
#269=CARTESIAN_POINT('',(2.30969883127821696E0,-9.56708580912724593E-1,3.00000000000000000E0));
#270=(BOUNDED_CURVE()B_SPLINE_CURVE(5,(#264,#265,#266,#267,#268,#269),.UNSPECIFIED.,.F.,.F.)B_SPLINE_CURVE_WITH_KNOTS((6,6),(0.00000000000000000E0,1.00000000000000000E0),.UNSPECIFIED.)CURVE()GEOMETRIC_REPRESENTATION_ITEM()RATIONAL_B_SPLINE_CURVE((1.00000000000000000E0,9.92314112161292172E-1,9.88471168241938147E-1,9.88471168241938258E-1,9.92314112161292172E-1,1.00000000000000000E0))REPRESENTATION_ITEM(''));
#271=CARTESIAN_POINT('',(2.30969883127821696E0,-9.56708580912724593E-1,3.00000000000000000E0));
#272=CARTESIAN_POINT('',(8.08394590947375846E0,-3.34848003319453547E0,3.00000000000000000E0));
#273=B_SPLINE_CURVE_WITH_KNOTS('',1,(#271,#272),.UNSPECIFIED.,.F.,.F.,(2,2),(0.00000000000000000E0,1.00000000000000000E0),.UNSPECIFIED.);
#274=CARTESIAN_POINT('',(1.00000000000000000E1,0.00000000000000000E0,0.00000000000000000E0));
#275=CARTESIAN_POINT('',(1.00000000000000000E1,-7.86405512630331205E-1,0.00000000000000000E0));
#276=CARTESIAN_POINT('',(9.92299171697228388E0,-1.57134109154076196E0,0.00000000000000000E0));
#277=CARTESIAN_POINT('',(9.76897515091684809E0,-2.34563465651285430E0,0.00000000000000000E0));
#278=CARTESIAN_POINT('',(9.53973968591706978E0,-3.10029036627768795E0,0.00000000000000000E0));
#279=CARTESIAN_POINT('',(9.23879532511286783E0,-3.82683432365089793E0,0.00000000000000000E0));
#280=(BOUNDED_CURVE()B_SPLINE_CURVE(5,(#274,#275,#276,#277,#278,#279),.UNSPECIFIED.,.F.,.F.)B_SPLINE_CURVE_WITH_KNOTS((6,6),(0.00000000000000000E0,1.00000000000000000E0),.UNSPECIFIED.)CURVE()GEOMETRIC_REPRESENTATION_ITEM()RATIONAL_B_SPLINE_CURVE((1.00000000000000000E0,9.92314112161292172E-1,9.88471168241938147E-1,9.88471168241938258E-1,9.92314112161292172E-1,1.00000000000000000E0))REPRESENTATION_ITEM(''));
#281=CARTESIAN_POINT('',(9.23879532511286783E0,-3.82683432365089793E0,0.00000000000000000E0));
#282=CARTESIAN_POINT('',(9.23879532511286783E0,-3.82683432365089793E0,1.75000000000000000E0));
#283=B_SPLINE_CURVE_WITH_KNOTS('',1,(#281,#282),.UNSPECIFIED.,.F.,.F.,(2,2),(0.00000000000000000E0,1.00000000000000000E0),.UNSPECIFIED.);
#284=CARTESIAN_POINT('',(1.00000000000000000E1,0.00000000000000000E0,3.00000000000000000E0));
#285=CARTESIAN_POINT('',(1.00000000000000000E1,0.00000000000000000E0,0.00000000000000000E0));
#286=B_SPLINE_CURVE_WITH_KNOTS('',1,(#284,#285),.UNSPECIFIED.,.F.,.F.,(2,2),(0.00000000000000000E0,1.00000000000000000E0),.UNSPECIFIED.);
#287=CARTESIAN_POINT('',(2.50000000000000000E0,0.00000000000000000E0,0.00000000000000000E0));
#288=CARTESIAN_POINT('',(2.50000000000000000E0,-1.96601378157582801E-1,0.00000000000000000E0));
#289=CARTESIAN_POINT('',(2.48074792924307097E0,-3.92835272885190490E-1,0.00000000000000000E0));
#290=CARTESIAN_POINT('',(2.44224378772921202E0,-5.86408664128213575E-1,0.00000000000000000E0));
#291=CARTESIAN_POINT('',(2.38493492147926744E0,-7.75072591569421987E-1,0.00000000000000000E0));
#292=CARTESIAN_POINT('',(2.30969883127821696E0,-9.56708580912724593E-1,0.00000000000000000E0));
#293=(BOUNDED_CURVE()B_SPLINE_CURVE(5,(#287,#288,#289,#290,#291,#292),.UNSPECIFIED.,.F.,.F.)B_SPLINE_CURVE_WITH_KNOTS((6,6),(0.00000000000000000E0,1.00000000000000000E0),.UNSPECIFIED.)CURVE()GEOMETRIC_REPRESENTATION_ITEM()RATIONAL_B_SPLINE_CURVE((1.00000000000000000E0,9.92314112161292172E-1,9.88471168241938147E-1,9.88471168241938258E-1,9.92314112161292172E-1,1.00000000000000000E0))REPRESENTATION_ITEM(''));
#294=CARTESIAN_POINT('',(2.30969883127821696E0,-9.56708580912724593E-1,0.00000000000000000E0));
#295=CARTESIAN_POINT('',(2.30969883127821696E0,-9.56708580912724593E-1,3.00000000000000000E0));
#296=B_SPLINE_CURVE_WITH_KNOTS('',1,(#294,#295),.UNSPECIFIED.,.F.,.F.,(2,2),(0.00000000000000000E0,1.00000000000000000E0),.UNSPECIFIED.);
#297=CARTESIAN_POINT('',(2.50000000000000000E0,0.00000000000000000E0,3.00000000000000000E0));
#298=CARTESIAN_POINT('',(2.50000000000000000E0,0.00000000000000000E0,0.00000000000000000E0));
#299=B_SPLINE_CURVE_WITH_KNOTS('',1,(#297,#298),.UNSPECIFIED.,.F.,.F.,(2,2),(0.00000000000000000E0,1.00000000000000000E0),.UNSPECIFIED.);
#300=CARTESIAN_POINT('',(1.00000000000000000E1,0.00000000000000000E0,0.00000000000000000E0));
#301=CARTESIAN_POINT('',(2.50000000000000000E0,0.00000000000000000E0,0.00000000000000000E0));
#302=B_SPLINE_CURVE_WITH_KNOTS('',1,(#300,#301),.UNSPECIFIED.,.F.,.F.,(2,2),(0.00000000000000000E0,1.00000000000000000E0),.UNSPECIFIED.);
#303=CARTESIAN_POINT('',(2.30969883127821696E0,-9.56708580912724593E-1,0.00000000000000000E0));
#304=CARTESIAN_POINT('',(9.23879532511286783E0,-3.82683432365089793E0,0.00000000000000000E0));
#305=B_SPLINE_CURVE_WITH_KNOTS('',1,(#303,#304),.UNSPECIFIED.,.F.,.F.,(2,2),(0.00000000000000000E0,1.00000000000000000E0),.UNSPECIFIED.);
#306=CARTESIAN_POINT('',(8.08394590947375846E0,-3.34848003319453547E0,3.00000000000000000E0));
#307=CARTESIAN_POINT('',(6.69696006638907093E0,-6.69696006638907004E0,3.00000000000000000E0));
#308=CARTESIAN_POINT('',(3.34848003319453591E0,-8.08394590947375846E0,3.00000000000000000E0));
#309=(BOUNDED_CURVE()B_SPLINE_CURVE(2,(#306,#307,#308),.UNSPECIFIED.,.F.,.F.)B_SPLINE_CURVE_WITH_KNOTS((3,3),(0.00000000000000000E0,1.00000000000000000E0),.UNSPECIFIED.)CURVE()GEOMETRIC_REPRESENTATION_ITEM()RATIONAL_B_SPLINE_CURVE((1.00000000000000000E0,9.23879532511286738E-1,1.00000000000000000E0))REPRESENTATION_ITEM(''));
#310=CARTESIAN_POINT('',(3.34848003319453591E0,-8.08394590947375846E0,3.00000000000000000E0));
#311=CARTESIAN_POINT('',(3.82683432365089837E0,-9.23879532511286783E0,3.00000000000000000E0));
#312=CARTESIAN_POINT('',(3.82683432365089837E0,-9.23879532511286783E0,1.75000000000000000E0));
#313=(BOUNDED_CURVE()B_SPLINE_CURVE(2,(#310,#311,#312),.UNSPECIFIED.,.F.,.F.)B_SPLINE_CURVE_WITH_KNOTS((3,3),(0.00000000000000000E0,1.00000000000000000E0),.UNSPECIFIED.)CURVE()GEOMETRIC_REPRESENTATION_ITEM()RATIONAL_B_SPLINE_CURVE((1.00000000000000000E0,7.07106781186547573E-1,1.00000000000000000E0))REPRESENTATION_ITEM(''));
#314=CARTESIAN_POINT('',(3.82683432365089837E0,-9.23879532511286783E0,1.75000000000000000E0));
#315=CARTESIAN_POINT('',(7.65366864730179586E0,-7.65366864730179408E0,1.75000000000000000E0));
#316=CARTESIAN_POINT('',(9.23879532511286783E0,-3.82683432365089793E0,1.75000000000000000E0));
#317=(BOUNDED_CURVE()B_SPLINE_CURVE(2,(#314,#315,#316),.UNSPECIFIED.,.F.,.F.)B_SPLINE_CURVE_WITH_KNOTS((3,3),(0.00000000000000000E0,1.00000000000000000E0),.UNSPECIFIED.)CURVE()GEOMETRIC_REPRESENTATION_ITEM()RATIONAL_B_SPLINE_CURVE((1.00000000000000000E0,9.23879532511286738E-1,1.00000000000000000E0))REPRESENTATION_ITEM(''));
#318=CARTESIAN_POINT('',(2.30969883127821696E0,-9.56708580912724593E-1,3.00000000000000000E0));
#319=CARTESIAN_POINT('',(1.91341716182544919E0,-1.91341716182544852E0,3.00000000000000000E0));
#320=CARTESIAN_POINT('',(9.56708580912724593E-1,-2.30969883127821696E0,3.00000000000000000E0));
#321=(BOUNDED_CURVE()B_SPLINE_CURVE(2,(#318,#319,#320),.UNSPECIFIED.,.F.,.F.)B_SPLINE_CURVE_WITH_KNOTS((3,3),(0.00000000000000000E0,1.00000000000000000E0),.UNSPECIFIED.)CURVE()GEOMETRIC_REPRESENTATION_ITEM()RATIONAL_B_SPLINE_CURVE((1.00000000000000000E0,9.23879532511286738E-1,1.00000000000000000E0))REPRESENTATION_ITEM(''));
#322=CARTESIAN_POINT('',(9.56708580912724593E-1,-2.30969883127821696E0,3.00000000000000000E0));
#323=CARTESIAN_POINT('',(3.34848003319453591E0,-8.08394590947375846E0,3.00000000000000000E0));
#324=B_SPLINE_CURVE_WITH_KNOTS('',1,(#322,#323),.UNSPECIFIED.,.F.,.F.,(2,2),(0.00000000000000000E0,1.00000000000000000E0),.UNSPECIFIED.);
#325=CARTESIAN_POINT('',(9.23879532511286783E0,-3.82683432365089793E0,0.00000000000000000E0));
#326=CARTESIAN_POINT('',(7.65366864730179586E0,-7.65366864730179408E0,0.00000000000000000E0));
#327=CARTESIAN_POINT('',(3.82683432365089837E0,-9.23879532511286783E0,0.00000000000000000E0));
#328=(BOUNDED_CURVE()B_SPLINE_CURVE(2,(#325,#326,#327),.UNSPECIFIED.,.F.,.F.)B_SPLINE_CURVE_WITH_KNOTS((3,3),(0.00000000000000000E0,1.00000000000000000E0),.UNSPECIFIED.)CURVE()GEOMETRIC_REPRESENTATION_ITEM()RATIONAL_B_SPLINE_CURVE((1.00000000000000000E0,9.23879532511286738E-1,1.00000000000000000E0))REPRESENTATION_ITEM(''));
#329=CARTESIAN_POINT('',(3.82683432365089837E0,-9.23879532511286783E0,0.00000000000000000E0));
#330=CARTESIAN_POINT('',(3.82683432365089837E0,-9.23879532511286783E0,1.75000000000000000E0));
#331=B_SPLINE_CURVE_WITH_KNOTS('',1,(#329,#330),.UNSPECIFIED.,.F.,.F.,(2,2),(0.00000000000000000E0,1.00000000000000000E0),.UNSPECIFIED.);
#332=CARTESIAN_POINT('',(2.30969883127821696E0,-9.56708580912724593E-1,0.00000000000000000E0));
#333=CARTESIAN_POINT('',(1.91341716182544919E0,-1.91341716182544852E0,0.00000000000000000E0));
#334=CARTESIAN_POINT('',(9.56708580912724593E-1,-2.30969883127821696E0,0.00000000000000000E0));
#335=(BOUNDED_CURVE()B_SPLINE_CURVE(2,(#332,#333,#334),.UNSPECIFIED.,.F.,.F.)B_SPLINE_CURVE_WITH_KNOTS((3,3),(0.00000000000000000E0,1.00000000000000000E0),.UNSPECIFIED.)CURVE()GEOMETRIC_REPRESENTATION_ITEM()RATIONAL_B_SPLINE_CURVE((1.00000000000000000E0,9.23879532511286738E-1,1.00000000000000000E0))REPRESENTATION_ITEM(''));
#336=CARTESIAN_POINT('',(9.56708580912724593E-1,-2.30969883127821696E0,0.00000000000000000E0));
#337=CARTESIAN_POINT('',(9.56708580912724593E-1,-2.30969883127821696E0,3.00000000000000000E0));
#338=B_SPLINE_CURVE_WITH_KNOTS('',1,(#336,#337),.UNSPECIFIED.,.F.,.F.,(2,2),(0.00000000000000000E0,1.00000000000000000E0),.UNSPECIFIED.);
#339=CARTESIAN_POINT('',(9.56708580912724593E-1,-2.30969883127821696E0,0.00000000000000000E0));
#340=CARTESIAN_POINT('',(3.82683432365089837E0,-9.23879532511286783E0,0.00000000000000000E0));
#341=B_SPLINE_CURVE_WITH_KNOTS('',1,(#339,#340),.UNSPECIFIED.,.F.,.F.,(2,2),(0.00000000000000000E0,1.00000000000000000E0),.UNSPECIFIED.);
#342=CARTESIAN_POINT('',(3.34848003319453591E0,-8.08394590947375846E0,3.00000000000000000E0));
#343=CARTESIAN_POINT('',(2.71275407049297757E0,-8.34727222517743783E0,3.00000000000000000E0));
#344=CARTESIAN_POINT('',(2.19761036788101549E0,-8.89834888689233949E0,3.00000000000000000E0));
#345=CARTESIAN_POINT('',(1.57134109154076218E0,-9.54361798099679426E0,3.00000000000000000E0));
#346=CARTESIAN_POINT('',(7.86405512630331538E-1,-1.00000000000000000E1,3.00000000000000000E0));
#347=CARTESIAN_POINT('',(0.00000000000000000E0,-1.00000000000000000E1,3.00000000000000000E0));
#348=(BOUNDED_CURVE()B_SPLINE_CURVE(5,(#342,#343,#344,#345,#346,#347),.UNSPECIFIED.,.F.,.F.)B_SPLINE_CURVE_WITH_KNOTS((6,6),(0.00000000000000000E0,1.00000000000000000E0),.UNSPECIFIED.)CURVE()GEOMETRIC_REPRESENTATION_ITEM()RATIONAL_B_SPLINE_CURVE((1.00000000000000000E0,9.92314112161292172E-1,9.88471168241938147E-1,9.88471168241938258E-1,9.92314112161292172E-1,1.00000000000000000E0))REPRESENTATION_ITEM(''));
#349=CARTESIAN_POINT('',(0.00000000000000000E0,-1.00000000000000000E1,3.00000000000000000E0));
#350=CARTESIAN_POINT('',(0.00000000000000000E0,-1.00000000000000000E1,3.00000000000000000E0));
#351=CARTESIAN_POINT('',(0.00000000000000000E0,-1.00000000000000000E1,3.00000000000000000E0));
#352=(BOUNDED_CURVE()B_SPLINE_CURVE(2,(#349,#350,#351),.UNSPECIFIED.,.F.,.F.)B_SPLINE_CURVE_WITH_KNOTS((3,3),(0.00000000000000000E0,1.00000000000000000E0),.UNSPECIFIED.)CURVE()GEOMETRIC_REPRESENTATION_ITEM()RATIONAL_B_SPLINE_CURVE((1.00000000000000000E0,7.07106781186547573E-1,1.00000000000000000E0))REPRESENTATION_ITEM(''));
#353=CARTESIAN_POINT('',(0.00000000000000000E0,-1.00000000000000000E1,3.00000000000000000E0));
#354=CARTESIAN_POINT('',(7.86405512630331538E-1,-1.00000000000000000E1,3.00000000000000000E0));
#355=CARTESIAN_POINT('',(1.57134109154076218E0,-9.92299171697228211E0,2.62062626402451082E0));
#356=CARTESIAN_POINT('',(2.34563465651285519E0,-9.76897515091684987E0,2.12937373597548918E0));
#357=CARTESIAN_POINT('',(3.10029036627768839E0,-9.53973968591706978E0,1.75000000000000000E0));
#358=CARTESIAN_POINT('',(3.82683432365089837E0,-9.23879532511286783E0,1.75000000000000000E0));
#359=(BOUNDED_CURVE()B_SPLINE_CURVE(5,(#353,#354,#355,#356,#357,#358),.UNSPECIFIED.,.F.,.F.)B_SPLINE_CURVE_WITH_KNOTS((6,6),(0.00000000000000000E0,1.00000000000000000E0),.UNSPECIFIED.)CURVE()GEOMETRIC_REPRESENTATION_ITEM()RATIONAL_B_SPLINE_CURVE((1.00000000000000000E0,9.92314112161292172E-1,9.88471168241938258E-1,9.88471168241938147E-1,9.92314112161292172E-1,1.00000000000000000E0))REPRESENTATION_ITEM(''));
#360=CARTESIAN_POINT('',(9.56708580912724593E-1,-2.30969883127821696E0,3.00000000000000000E0));
#361=CARTESIAN_POINT('',(7.75072591569422098E-1,-2.38493492147926744E0,3.00000000000000000E0));
#362=CARTESIAN_POINT('',(5.86408664128213797E-1,-2.44224378772921247E0,3.00000000000000000E0));
#363=CARTESIAN_POINT('',(3.92835272885190545E-1,-2.48074792924307053E0,3.00000000000000000E0));
#364=CARTESIAN_POINT('',(1.96601378157582884E-1,-2.50000000000000000E0,3.00000000000000000E0));
#365=CARTESIAN_POINT('',(0.00000000000000000E0,-2.50000000000000000E0,3.00000000000000000E0));
#366=(BOUNDED_CURVE()B_SPLINE_CURVE(5,(#360,#361,#362,#363,#364,#365),.UNSPECIFIED.,.F.,.F.)B_SPLINE_CURVE_WITH_KNOTS((6,6),(0.00000000000000000E0,1.00000000000000000E0),.UNSPECIFIED.)CURVE()GEOMETRIC_REPRESENTATION_ITEM()RATIONAL_B_SPLINE_CURVE((1.00000000000000000E0,9.92314112161292172E-1,9.88471168241938147E-1,9.88471168241938258E-1,9.92314112161292172E-1,1.00000000000000000E0))REPRESENTATION_ITEM(''));
#367=CARTESIAN_POINT('',(0.00000000000000000E0,-2.50000000000000000E0,3.00000000000000000E0));
#368=CARTESIAN_POINT('',(0.00000000000000000E0,-1.00000000000000000E1,3.00000000000000000E0));
#369=B_SPLINE_CURVE_WITH_KNOTS('',1,(#367,#368),.UNSPECIFIED.,.F.,.F.,(2,2),(0.00000000000000000E0,1.00000000000000000E0),.UNSPECIFIED.);
#370=CARTESIAN_POINT('',(3.82683432365089837E0,-9.23879532511286783E0,0.00000000000000000E0));
#371=CARTESIAN_POINT('',(3.10029036627768839E0,-9.53973968591706978E0,0.00000000000000000E0));
#372=CARTESIAN_POINT('',(2.34563465651285519E0,-9.76897515091684987E0,0.00000000000000000E0));
#373=CARTESIAN_POINT('',(1.57134109154076218E0,-9.92299171697228211E0,0.00000000000000000E0));
#374=CARTESIAN_POINT('',(7.86405512630331538E-1,-1.00000000000000000E1,0.00000000000000000E0));
#375=CARTESIAN_POINT('',(0.00000000000000000E0,-1.00000000000000000E1,0.00000000000000000E0));
#376=(BOUNDED_CURVE()B_SPLINE_CURVE(5,(#370,#371,#372,#373,#374,#375),.UNSPECIFIED.,.F.,.F.)B_SPLINE_CURVE_WITH_KNOTS((6,6),(0.00000000000000000E0,1.00000000000000000E0),.UNSPECIFIED.)CURVE()GEOMETRIC_REPRESENTATION_ITEM()RATIONAL_B_SPLINE_CURVE((1.00000000000000000E0,9.92314112161292172E-1,9.88471168241938147E-1,9.88471168241938258E-1,9.92314112161292172E-1,1.00000000000000000E0))REPRESENTATION_ITEM(''));
#377=CARTESIAN_POINT('',(0.00000000000000000E0,-1.00000000000000000E1,0.00000000000000000E0));
#378=CARTESIAN_POINT('',(0.00000000000000000E0,-1.00000000000000000E1,3.00000000000000000E0));
#379=B_SPLINE_CURVE_WITH_KNOTS('',1,(#377,#378),.UNSPECIFIED.,.F.,.F.,(2,2),(0.00000000000000000E0,1.00000000000000000E0),.UNSPECIFIED.);
#380=CARTESIAN_POINT('',(9.56708580912724593E-1,-2.30969883127821696E0,0.00000000000000000E0));
#381=CARTESIAN_POINT('',(7.75072591569422098E-1,-2.38493492147926744E0,0.00000000000000000E0));
#382=CARTESIAN_POINT('',(5.86408664128213797E-1,-2.44224378772921247E0,0.00000000000000000E0));
#383=CARTESIAN_POINT('',(3.92835272885190545E-1,-2.48074792924307053E0,0.00000000000000000E0));
#384=CARTESIAN_POINT('',(1.96601378157582884E-1,-2.50000000000000000E0,0.00000000000000000E0));
#385=CARTESIAN_POINT('',(0.00000000000000000E0,-2.50000000000000000E0,0.00000000000000000E0));
#386=(BOUNDED_CURVE()B_SPLINE_CURVE(5,(#380,#381,#382,#383,#384,#385),.UNSPECIFIED.,.F.,.F.)B_SPLINE_CURVE_WITH_KNOTS((6,6),(0.00000000000000000E0,1.00000000000000000E0),.UNSPECIFIED.)CURVE()GEOMETRIC_REPRESENTATION_ITEM()RATIONAL_B_SPLINE_CURVE((1.00000000000000000E0,9.92314112161292172E-1,9.88471168241938147E-1,9.88471168241938258E-1,9.92314112161292172E-1,1.00000000000000000E0))REPRESENTATION_ITEM(''));
#387=CARTESIAN_POINT('',(0.00000000000000000E0,-2.50000000000000000E0,0.00000000000000000E0));
#388=CARTESIAN_POINT('',(0.00000000000000000E0,-2.50000000000000000E0,3.00000000000000000E0));
#389=B_SPLINE_CURVE_WITH_KNOTS('',1,(#387,#388),.UNSPECIFIED.,.F.,.F.,(2,2),(0.00000000000000000E0,1.00000000000000000E0),.UNSPECIFIED.);
#390=CARTESIAN_POINT('',(0.00000000000000000E0,-2.50000000000000000E0,0.00000000000000000E0));
#391=CARTESIAN_POINT('',(0.00000000000000000E0,-1.00000000000000000E1,0.00000000000000000E0));
#392=B_SPLINE_CURVE_WITH_KNOTS('',1,(#390,#391),.UNSPECIFIED.,.F.,.F.,(2,2),(0.00000000000000000E0,1.00000000000000000E0),.UNSPECIFIED.);
#393=CARTESIAN_POINT('',(0.00000000000000000E0,-2.50000000000000000E0,3.00000000000000000E0));
#394=CARTESIAN_POINT('',(-2.49999999999999956E0,-2.50000000000000000E0,3.00000000000000000E0));
#395=CARTESIAN_POINT('',(-2.50000000000000000E0,0.00000000000000000E0,3.00000000000000000E0));
#396=(BOUNDED_CURVE()B_SPLINE_CURVE(2,(#393,#394,#395),.UNSPECIFIED.,.F.,.F.)B_SPLINE_CURVE_WITH_KNOTS((3,3),(0.00000000000000000E0,1.00000000000000000E0),.UNSPECIFIED.)CURVE()GEOMETRIC_REPRESENTATION_ITEM()RATIONAL_B_SPLINE_CURVE((1.00000000000000000E0,7.07106781186547573E-1,1.00000000000000000E0))REPRESENTATION_ITEM(''));
#397=CARTESIAN_POINT('',(-2.50000000000000000E0,0.00000000000000000E0,3.00000000000000000E0));
#398=CARTESIAN_POINT('',(-1.00000000000000000E1,0.00000000000000000E0,3.00000000000000000E0));
#399=B_SPLINE_CURVE_WITH_KNOTS('',1,(#397,#398),.UNSPECIFIED.,.F.,.F.,(2,2),(0.00000000000000000E0,1.00000000000000000E0),.UNSPECIFIED.);
#400=CARTESIAN_POINT('',(-1.00000000000000000E1,0.00000000000000000E0,3.00000000000000000E0));
#401=CARTESIAN_POINT('',(-9.99999999999999822E0,-1.00000000000000000E1,3.00000000000000000E0));
#402=CARTESIAN_POINT('',(0.00000000000000000E0,-1.00000000000000000E1,3.00000000000000000E0));
#403=(BOUNDED_CURVE()B_SPLINE_CURVE(2,(#400,#401,#402),.UNSPECIFIED.,.F.,.F.)B_SPLINE_CURVE_WITH_KNOTS((3,3),(0.00000000000000000E0,1.00000000000000000E0),.UNSPECIFIED.)CURVE()GEOMETRIC_REPRESENTATION_ITEM()RATIONAL_B_SPLINE_CURVE((1.00000000000000000E0,7.07106781186547573E-1,1.00000000000000000E0))REPRESENTATION_ITEM(''));
#404=CARTESIAN_POINT('',(0.00000000000000000E0,-1.00000000000000000E1,0.00000000000000000E0));
#405=CARTESIAN_POINT('',(-9.99999999999999822E0,-1.00000000000000000E1,0.00000000000000000E0));
#406=CARTESIAN_POINT('',(-1.00000000000000000E1,0.00000000000000000E0,0.00000000000000000E0));
#407=(BOUNDED_CURVE()B_SPLINE_CURVE(2,(#404,#405,#406),.UNSPECIFIED.,.F.,.F.)B_SPLINE_CURVE_WITH_KNOTS((3,3),(0.00000000000000000E0,1.00000000000000000E0),.UNSPECIFIED.)CURVE()GEOMETRIC_REPRESENTATION_ITEM()RATIONAL_B_SPLINE_CURVE((1.00000000000000000E0,7.07106781186547573E-1,1.00000000000000000E0))REPRESENTATION_ITEM(''));
#408=CARTESIAN_POINT('',(-1.00000000000000000E1,0.00000000000000000E0,0.00000000000000000E0));
#409=CARTESIAN_POINT('',(-1.00000000000000000E1,0.00000000000000000E0,3.00000000000000000E0));
#410=B_SPLINE_CURVE_WITH_KNOTS('',1,(#408,#409),.UNSPECIFIED.,.F.,.F.,(2,2),(0.00000000000000000E0,1.00000000000000000E0),.UNSPECIFIED.);
#411=CARTESIAN_POINT('',(0.00000000000000000E0,-2.50000000000000000E0,0.00000000000000000E0));
#412=CARTESIAN_POINT('',(-2.49999999999999956E0,-2.50000000000000000E0,0.00000000000000000E0));
#413=CARTESIAN_POINT('',(-2.50000000000000000E0,0.00000000000000000E0,0.00000000000000000E0));
#414=(BOUNDED_CURVE()B_SPLINE_CURVE(2,(#411,#412,#413),.UNSPECIFIED.,.F.,.F.)B_SPLINE_CURVE_WITH_KNOTS((3,3),(0.00000000000000000E0,1.00000000000000000E0),.UNSPECIFIED.)CURVE()GEOMETRIC_REPRESENTATION_ITEM()RATIONAL_B_SPLINE_CURVE((1.00000000000000000E0,7.07106781186547573E-1,1.00000000000000000E0))REPRESENTATION_ITEM(''));
#415=CARTESIAN_POINT('',(-2.50000000000000000E0,0.00000000000000000E0,0.00000000000000000E0));
#416=CARTESIAN_POINT('',(-2.50000000000000000E0,0.00000000000000000E0,3.00000000000000000E0));
#417=B_SPLINE_CURVE_WITH_KNOTS('',1,(#415,#416),.UNSPECIFIED.,.F.,.F.,(2,2),(0.00000000000000000E0,1.00000000000000000E0),.UNSPECIFIED.);
#418=CARTESIAN_POINT('',(-2.50000000000000000E0,0.00000000000000000E0,0.00000000000000000E0));
#419=CARTESIAN_POINT('',(-1.00000000000000000E1,0.00000000000000000E0,0.00000000000000000E0));
#420=B_SPLINE_CURVE_WITH_KNOTS('',1,(#418,#419),.UNSPECIFIED.,.F.,.F.,(2,2),(0.00000000000000000E0,1.00000000000000000E0),.UNSPECIFIED.);
#421=CARTESIAN_POINT('',(-2.50000000000000000E0,0.00000000000000000E0,3.00000000000000000E0));
#422=CARTESIAN_POINT('',(-2.50000000000000044E0,2.49999999999999956E0,3.00000000000000000E0));
#423=CARTESIAN_POINT('',(0.00000000000000000E0,2.50000000000000000E0,3.00000000000000000E0));
#424=(BOUNDED_CURVE()B_SPLINE_CURVE(2,(#421,#422,#423),.UNSPECIFIED.,.F.,.F.)B_SPLINE_CURVE_WITH_KNOTS((3,3),(0.00000000000000000E0,1.00000000000000000E0),.UNSPECIFIED.)CURVE()GEOMETRIC_REPRESENTATION_ITEM()RATIONAL_B_SPLINE_CURVE((1.00000000000000000E0,7.07106781186547573E-1,1.00000000000000000E0))REPRESENTATION_ITEM(''));
#425=CARTESIAN_POINT('',(0.00000000000000000E0,2.50000000000000000E0,3.00000000000000000E0));
#426=CARTESIAN_POINT('',(0.00000000000000000E0,1.00000000000000000E1,3.00000000000000000E0));
#427=B_SPLINE_CURVE_WITH_KNOTS('',1,(#425,#426),.UNSPECIFIED.,.F.,.F.,(2,2),(0.00000000000000000E0,1.00000000000000000E0),.UNSPECIFIED.);
#428=CARTESIAN_POINT('',(0.00000000000000000E0,1.00000000000000000E1,3.00000000000000000E0));
#429=CARTESIAN_POINT('',(-1.00000000000000018E1,9.99999999999999822E0,3.00000000000000000E0));
#430=CARTESIAN_POINT('',(-1.00000000000000000E1,0.00000000000000000E0,3.00000000000000000E0));
#431=(BOUNDED_CURVE()B_SPLINE_CURVE(2,(#428,#429,#430),.UNSPECIFIED.,.F.,.F.)B_SPLINE_CURVE_WITH_KNOTS((3,3),(0.00000000000000000E0,1.00000000000000000E0),.UNSPECIFIED.)CURVE()GEOMETRIC_REPRESENTATION_ITEM()RATIONAL_B_SPLINE_CURVE((1.00000000000000000E0,7.07106781186547573E-1,1.00000000000000000E0))REPRESENTATION_ITEM(''));
#432=CARTESIAN_POINT('',(-1.00000000000000000E1,0.00000000000000000E0,0.00000000000000000E0));
#433=CARTESIAN_POINT('',(-1.00000000000000018E1,9.99999999999999822E0,0.00000000000000000E0));
#434=CARTESIAN_POINT('',(0.00000000000000000E0,1.00000000000000000E1,0.00000000000000000E0));
#435=(BOUNDED_CURVE()B_SPLINE_CURVE(2,(#432,#433,#434),.UNSPECIFIED.,.F.,.F.)B_SPLINE_CURVE_WITH_KNOTS((3,3),(0.00000000000000000E0,1.00000000000000000E0),.UNSPECIFIED.)CURVE()GEOMETRIC_REPRESENTATION_ITEM()RATIONAL_B_SPLINE_CURVE((1.00000000000000000E0,7.07106781186547573E-1,1.00000000000000000E0))REPRESENTATION_ITEM(''));
#436=CARTESIAN_POINT('',(0.00000000000000000E0,1.00000000000000000E1,0.00000000000000000E0));
#437=CARTESIAN_POINT('',(0.00000000000000000E0,1.00000000000000000E1,3.00000000000000000E0));
#438=B_SPLINE_CURVE_WITH_KNOTS('',1,(#436,#437),.UNSPECIFIED.,.F.,.F.,(2,2),(0.00000000000000000E0,1.00000000000000000E0),.UNSPECIFIED.);
#439=CARTESIAN_POINT('',(-2.50000000000000000E0,0.00000000000000000E0,0.00000000000000000E0));
#440=CARTESIAN_POINT('',(-2.50000000000000044E0,2.49999999999999956E0,0.00000000000000000E0));
#441=CARTESIAN_POINT('',(0.00000000000000000E0,2.50000000000000000E0,0.00000000000000000E0));
#442=(BOUNDED_CURVE()B_SPLINE_CURVE(2,(#439,#440,#441),.UNSPECIFIED.,.F.,.F.)B_SPLINE_CURVE_WITH_KNOTS((3,3),(0.00000000000000000E0,1.00000000000000000E0),.UNSPECIFIED.)CURVE()GEOMETRIC_REPRESENTATION_ITEM()RATIONAL_B_SPLINE_CURVE((1.00000000000000000E0,7.07106781186547573E-1,1.00000000000000000E0))REPRESENTATION_ITEM(''));
#443=CARTESIAN_POINT('',(0.00000000000000000E0,2.50000000000000000E0,0.00000000000000000E0));
#444=CARTESIAN_POINT('',(0.00000000000000000E0,2.50000000000000000E0,3.00000000000000000E0));
#445=B_SPLINE_CURVE_WITH_KNOTS('',1,(#443,#444),.UNSPECIFIED.,.F.,.F.,(2,2),(0.00000000000000000E0,1.00000000000000000E0),.UNSPECIFIED.);
#446=CARTESIAN_POINT('',(0.00000000000000000E0,2.50000000000000000E0,0.00000000000000000E0));
#447=CARTESIAN_POINT('',(0.00000000000000000E0,1.00000000000000000E1,0.00000000000000000E0));
#448=B_SPLINE_CURVE_WITH_KNOTS('',1,(#446,#447),.UNSPECIFIED.,.F.,.F.,(2,2),(0.00000000000000000E0,1.00000000000000000E0),.UNSPECIFIED.);
#449=CARTESIAN_POINT('',(0.00000000000000000E0,2.50000000000000000E0,3.00000000000000000E0));
#450=CARTESIAN_POINT('',(2.49999999999999911E0,2.50000000000000044E0,3.00000000000000000E0));
#451=CARTESIAN_POINT('',(2.50000000000000000E0,0.00000000000000000E0,3.00000000000000000E0));
#452=(BOUNDED_CURVE()B_SPLINE_CURVE(2,(#449,#450,#451),.UNSPECIFIED.,.F.,.F.)B_SPLINE_CURVE_WITH_KNOTS((3,3),(0.00000000000000000E0,1.00000000000000000E0),.UNSPECIFIED.)CURVE()GEOMETRIC_REPRESENTATION_ITEM()RATIONAL_B_SPLINE_CURVE((1.00000000000000000E0,7.07106781186547573E-1,1.00000000000000000E0))REPRESENTATION_ITEM(''));
#453=CARTESIAN_POINT('',(1.00000000000000000E1,0.00000000000000000E0,3.00000000000000000E0));
#454=CARTESIAN_POINT('',(9.99999999999999645E0,1.00000000000000018E1,3.00000000000000000E0));
#455=CARTESIAN_POINT('',(0.00000000000000000E0,1.00000000000000000E1,3.00000000000000000E0));
#456=(BOUNDED_CURVE()B_SPLINE_CURVE(2,(#453,#454,#455),.UNSPECIFIED.,.F.,.F.)B_SPLINE_CURVE_WITH_KNOTS((3,3),(0.00000000000000000E0,1.00000000000000000E0),.UNSPECIFIED.)CURVE()GEOMETRIC_REPRESENTATION_ITEM()RATIONAL_B_SPLINE_CURVE((1.00000000000000000E0,7.07106781186547573E-1,1.00000000000000000E0))REPRESENTATION_ITEM(''));
#457=CARTESIAN_POINT('',(0.00000000000000000E0,1.00000000000000000E1,0.00000000000000000E0));
#458=CARTESIAN_POINT('',(9.99999999999999645E0,1.00000000000000018E1,0.00000000000000000E0));
#459=CARTESIAN_POINT('',(1.00000000000000000E1,0.00000000000000000E0,0.00000000000000000E0));
#460=(BOUNDED_CURVE()B_SPLINE_CURVE(2,(#457,#458,#459),.UNSPECIFIED.,.F.,.F.)B_SPLINE_CURVE_WITH_KNOTS((3,3),(0.00000000000000000E0,1.00000000000000000E0),.UNSPECIFIED.)CURVE()GEOMETRIC_REPRESENTATION_ITEM()RATIONAL_B_SPLINE_CURVE((1.00000000000000000E0,7.07106781186547573E-1,1.00000000000000000E0))REPRESENTATION_ITEM(''));
#461=CARTESIAN_POINT('',(0.00000000000000000E0,2.50000000000000000E0,0.00000000000000000E0));
#462=CARTESIAN_POINT('',(2.49999999999999911E0,2.50000000000000044E0,0.00000000000000000E0));
#463=CARTESIAN_POINT('',(2.50000000000000000E0,0.00000000000000000E0,0.00000000000000000E0));
#464=(BOUNDED_CURVE()B_SPLINE_CURVE(2,(#461,#462,#463),.UNSPECIFIED.,.F.,.F.)B_SPLINE_CURVE_WITH_KNOTS((3,3),(0.00000000000000000E0,1.00000000000000000E0),.UNSPECIFIED.)CURVE()GEOMETRIC_REPRESENTATION_ITEM()RATIONAL_B_SPLINE_CURVE((1.00000000000000000E0,7.07106781186547573E-1,1.00000000000000000E0))REPRESENTATION_ITEM(''));
#465=(GEOMETRIC_REPRESENTATION_CONTEXT(2)REPRESENTATION_CONTEXT('','2D'));
#466=CARTESIAN_POINT('',(0.00000000000000000E0,0.00000000000000000E0));
#467=CARTESIAN_POINT('',(1.00000000000000000E0,0.00000000000000000E0));
#468=B_SPLINE_CURVE_WITH_KNOTS('',1,(#466,#467),.UNSPECIFIED.,.F.,.F.,(2,2),(0.00000000000000000E0,1.00000000000000000E0),.UNSPECIFIED.);
#469=DEFINITIONAL_REPRESENTATION('',(#468),#465);
#470=PCURVE('',#71,#469);
#471=CARTESIAN_POINT('',(1.00000000000000000E0,0.00000000000000000E0));
#472=CARTESIAN_POINT('',(1.00000000000000000E0,1.00000000000000000E0));
#473=B_SPLINE_CURVE_WITH_KNOTS('',1,(#471,#472),.UNSPECIFIED.,.F.,.F.,(2,2),(0.00000000000000000E0,1.00000000000000000E0),.UNSPECIFIED.);
#474=DEFINITIONAL_REPRESENTATION('',(#473),#465);
#475=PCURVE('',#71,#474);
#476=CARTESIAN_POINT('',(1.00000000000000000E0,1.00000000000000000E0));
#477=CARTESIAN_POINT('',(0.00000000000000000E0,1.00000000000000000E0));
#478=B_SPLINE_CURVE_WITH_KNOTS('',1,(#476,#477),.UNSPECIFIED.,.F.,.F.,(2,2),(0.00000000000000000E0,1.00000000000000000E0),.UNSPECIFIED.);
#479=DEFINITIONAL_REPRESENTATION('',(#478),#465);
#480=PCURVE('',#71,#479);
#481=CARTESIAN_POINT('',(0.00000000000000000E0,1.00000000000000000E0));
#482=CARTESIAN_POINT('',(0.00000000000000000E0,0.00000000000000000E0));
#483=B_SPLINE_CURVE_WITH_KNOTS('',1,(#481,#482),.UNSPECIFIED.,.F.,.F.,(2,2),(0.00000000000000000E0,1.00000000000000000E0),.UNSPECIFIED.);
#484=DEFINITIONAL_REPRESENTATION('',(#483),#465);
#485=PCURVE('',#71,#484);
#486=CARTESIAN_POINT('',(1.00000000000000000E1,0.00000000000000000E0));
#487=CARTESIAN_POINT('',(2.50000000000000000E0,0.00000000000000000E0));
#488=B_SPLINE_CURVE_WITH_KNOTS('',1,(#486,#487),.UNSPECIFIED.,.F.,.F.,(2,2),(0.00000000000000000E0,1.00000000000000000E0),.UNSPECIFIED.);
#489=DEFINITIONAL_REPRESENTATION('',(#488),#465);
#490=PCURVE('',#76,#489);
#491=CARTESIAN_POINT('',(2.50000000000000000E0,0.00000000000000000E0));
#492=CARTESIAN_POINT('',(2.50000000000000000E0,-1.96601378157582801E-1));
#493=CARTESIAN_POINT('',(2.48074792924307097E0,-3.92835272885190490E-1));
#494=CARTESIAN_POINT('',(2.44224378772921202E0,-5.86408664128213575E-1));
#495=CARTESIAN_POINT('',(2.38493492147926744E0,-7.75072591569421987E-1));
#496=CARTESIAN_POINT('',(2.30969883127821696E0,-9.56708580912724593E-1));
#497=(BOUNDED_CURVE()B_SPLINE_CURVE(5,(#491,#492,#493,#494,#495,#496),.UNSPECIFIED.,.F.,.F.)B_SPLINE_CURVE_WITH_KNOTS((6,6),(0.00000000000000000E0,1.00000000000000000E0),.UNSPECIFIED.)CURVE()GEOMETRIC_REPRESENTATION_ITEM()RATIONAL_B_SPLINE_CURVE((1.00000000000000000E0,9.92314112161292172E-1,9.88471168241938147E-1,9.88471168241938258E-1,9.92314112161292172E-1,1.00000000000000000E0))REPRESENTATION_ITEM(''));
#498=DEFINITIONAL_REPRESENTATION('',(#497),#465);
#499=PCURVE('',#76,#498);
#500=CARTESIAN_POINT('',(2.30969883127821696E0,-9.56708580912724593E-1));
#501=CARTESIAN_POINT('',(8.08394590947375846E0,-3.34848003319453547E0));
#502=B_SPLINE_CURVE_WITH_KNOTS('',1,(#500,#501),.UNSPECIFIED.,.F.,.F.,(2,2),(0.00000000000000000E0,1.00000000000000000E0),.UNSPECIFIED.);
#503=DEFINITIONAL_REPRESENTATION('',(#502),#465);
#504=PCURVE('',#76,#503);
#505=CARTESIAN_POINT('',(8.08394590947375846E0,-3.34848003319453547E0));
#506=CARTESIAN_POINT('',(8.34727222517743783E0,-2.71275407049297712E0));
#507=CARTESIAN_POINT('',(8.89834888689233772E0,-2.19761036788101505E0));
#508=CARTESIAN_POINT('',(9.54361798099679426E0,-1.57134109154076196E0));
#509=CARTESIAN_POINT('',(1.00000000000000000E1,-7.86405512630331205E-1));
#510=CARTESIAN_POINT('',(1.00000000000000000E1,0.00000000000000000E0));
#511=(BOUNDED_CURVE()B_SPLINE_CURVE(5,(#505,#506,#507,#508,#509,#510),.UNSPECIFIED.,.F.,.F.)B_SPLINE_CURVE_WITH_KNOTS((6,6),(0.00000000000000000E0,1.00000000000000000E0),.UNSPECIFIED.)CURVE()GEOMETRIC_REPRESENTATION_ITEM()RATIONAL_B_SPLINE_CURVE((1.00000000000000000E0,9.92314112161292172E-1,9.88471168241938258E-1,9.88471168241938147E-1,9.92314112161292172E-1,1.00000000000000000E0))REPRESENTATION_ITEM(''));
#512=DEFINITIONAL_REPRESENTATION('',(#511),#465);
#513=PCURVE('',#76,#512);
#514=CARTESIAN_POINT('',(3.00000000000000000E0,0.00000000000000000E0));
#515=CARTESIAN_POINT('',(3.00000000000000000E0,1.00000000000000000E0));
#516=B_SPLINE_CURVE_WITH_KNOTS('',1,(#514,#515),.UNSPECIFIED.,.F.,.F.,(2,2),(0.00000000000000000E0,1.00000000000000000E0),.UNSPECIFIED.);
#517=DEFINITIONAL_REPRESENTATION('',(#516),#465);
#518=PCURVE('',#89,#517);
#519=CARTESIAN_POINT('',(3.00000000000000000E0,1.00000000000000000E0));
#520=CARTESIAN_POINT('',(0.00000000000000000E0,1.00000000000000000E0));
#521=B_SPLINE_CURVE_WITH_KNOTS('',1,(#519,#520),.UNSPECIFIED.,.F.,.F.,(2,2),(0.00000000000000000E0,1.00000000000000000E0),.UNSPECIFIED.);
#522=DEFINITIONAL_REPRESENTATION('',(#521),#465);
#523=PCURVE('',#89,#522);
#524=CARTESIAN_POINT('',(0.00000000000000000E0,1.00000000000000000E0));
#525=CARTESIAN_POINT('',(0.00000000000000000E0,0.00000000000000000E0));
#526=B_SPLINE_CURVE_WITH_KNOTS('',1,(#524,#525),.UNSPECIFIED.,.F.,.F.,(2,2),(0.00000000000000000E0,1.00000000000000000E0),.UNSPECIFIED.);
#527=DEFINITIONAL_REPRESENTATION('',(#526),#465);
#528=PCURVE('',#89,#527);
#529=CARTESIAN_POINT('',(0.00000000000000000E0,0.00000000000000000E0));
#530=CARTESIAN_POINT('',(3.00000000000000000E0,0.00000000000000000E0));
#531=B_SPLINE_CURVE_WITH_KNOTS('',1,(#529,#530),.UNSPECIFIED.,.F.,.F.,(2,2),(0.00000000000000000E0,1.00000000000000000E0),.UNSPECIFIED.);
#532=DEFINITIONAL_REPRESENTATION('',(#531),#465);
#533=PCURVE('',#89,#532);
#534=CARTESIAN_POINT('',(0.00000000000000000E0,0.00000000000000000E0));
#535=CARTESIAN_POINT('',(3.00000000000000000E0,0.00000000000000000E0));
#536=B_SPLINE_CURVE_WITH_KNOTS('',1,(#534,#535),.UNSPECIFIED.,.F.,.F.,(2,2),(0.00000000000000000E0,1.00000000000000000E0),.UNSPECIFIED.);
#537=DEFINITIONAL_REPRESENTATION('',(#536),#465);
#538=PCURVE('',#102,#537);
#539=CARTESIAN_POINT('',(3.00000000000000000E0,0.00000000000000000E0));
#540=CARTESIAN_POINT('',(3.00000000000000000E0,1.00000000000000000E0));
#541=B_SPLINE_CURVE_WITH_KNOTS('',1,(#539,#540),.UNSPECIFIED.,.F.,.F.,(2,2),(0.00000000000000000E0,1.00000000000000000E0),.UNSPECIFIED.);
#542=DEFINITIONAL_REPRESENTATION('',(#541),#465);
#543=PCURVE('',#102,#542);
#544=CARTESIAN_POINT('',(3.00000000000000000E0,1.00000000000000000E0));
#545=CARTESIAN_POINT('',(0.00000000000000000E0,1.00000000000000000E0));
#546=B_SPLINE_CURVE_WITH_KNOTS('',1,(#544,#545),.UNSPECIFIED.,.F.,.F.,(2,2),(0.00000000000000000E0,1.00000000000000000E0),.UNSPECIFIED.);
#547=DEFINITIONAL_REPRESENTATION('',(#546),#465);
#548=PCURVE('',#102,#547);
#549=CARTESIAN_POINT('',(0.00000000000000000E0,1.00000000000000000E0));
#550=CARTESIAN_POINT('',(0.00000000000000000E0,0.00000000000000000E0));
#551=B_SPLINE_CURVE_WITH_KNOTS('',1,(#549,#550),.UNSPECIFIED.,.F.,.F.,(2,2),(0.00000000000000000E0,1.00000000000000000E0),.UNSPECIFIED.);
#552=DEFINITIONAL_REPRESENTATION('',(#551),#465);
#553=PCURVE('',#102,#552);
#554=CARTESIAN_POINT('',(-1.00000000000000000E1,0.00000000000000000E0));
#555=CARTESIAN_POINT('',(-1.00000000000000000E1,-7.86405512630331205E-1));
#556=CARTESIAN_POINT('',(-9.92299171697228388E0,-1.57134109154076196E0));
#557=CARTESIAN_POINT('',(-9.76897515091684809E0,-2.34563465651285430E0));
#558=CARTESIAN_POINT('',(-9.53973968591706978E0,-3.10029036627768795E0));
#559=CARTESIAN_POINT('',(-9.23879532511286783E0,-3.82683432365089793E0));
#560=(BOUNDED_CURVE()B_SPLINE_CURVE(5,(#554,#555,#556,#557,#558,#559),.UNSPECIFIED.,.F.,.F.)B_SPLINE_CURVE_WITH_KNOTS((6,6),(0.00000000000000000E0,1.00000000000000000E0),.UNSPECIFIED.)CURVE()GEOMETRIC_REPRESENTATION_ITEM()RATIONAL_B_SPLINE_CURVE((1.00000000000000000E0,9.92314112161292172E-1,9.88471168241938147E-1,9.88471168241938258E-1,9.92314112161292172E-1,1.00000000000000000E0))REPRESENTATION_ITEM(''));
#561=DEFINITIONAL_REPRESENTATION('',(#560),#465);
#562=PCURVE('',#107,#561);
#563=CARTESIAN_POINT('',(-9.23879532511286783E0,-3.82683432365089793E0));
#564=CARTESIAN_POINT('',(-2.30969883127821696E0,-9.56708580912724593E-1));
#565=B_SPLINE_CURVE_WITH_KNOTS('',1,(#563,#564),.UNSPECIFIED.,.F.,.F.,(2,2),(0.00000000000000000E0,1.00000000000000000E0),.UNSPECIFIED.);
#566=DEFINITIONAL_REPRESENTATION('',(#565),#465);
#567=PCURVE('',#107,#566);
#568=CARTESIAN_POINT('',(-2.30969883127821696E0,-9.56708580912724593E-1));
#569=CARTESIAN_POINT('',(-2.38493492147926744E0,-7.75072591569421987E-1));
#570=CARTESIAN_POINT('',(-2.44224378772921202E0,-5.86408664128213575E-1));
#571=CARTESIAN_POINT('',(-2.48074792924307097E0,-3.92835272885190490E-1));
#572=CARTESIAN_POINT('',(-2.50000000000000000E0,-1.96601378157582801E-1));
#573=CARTESIAN_POINT('',(-2.50000000000000000E0,0.00000000000000000E0));
#574=(BOUNDED_CURVE()B_SPLINE_CURVE(5,(#568,#569,#570,#571,#572,#573),.UNSPECIFIED.,.F.,.F.)B_SPLINE_CURVE_WITH_KNOTS((6,6),(0.00000000000000000E0,1.00000000000000000E0),.UNSPECIFIED.)CURVE()GEOMETRIC_REPRESENTATION_ITEM()RATIONAL_B_SPLINE_CURVE((1.00000000000000000E0,9.92314112161292172E-1,9.88471168241938258E-1,9.88471168241938147E-1,9.92314112161292172E-1,1.00000000000000000E0))REPRESENTATION_ITEM(''));
#575=DEFINITIONAL_REPRESENTATION('',(#574),#465);
#576=PCURVE('',#107,#575);
#577=CARTESIAN_POINT('',(-2.50000000000000000E0,0.00000000000000000E0));
#578=CARTESIAN_POINT('',(-1.00000000000000000E1,0.00000000000000000E0));
#579=B_SPLINE_CURVE_WITH_KNOTS('',1,(#577,#578),.UNSPECIFIED.,.F.,.F.,(2,2),(0.00000000000000000E0,1.00000000000000000E0),.UNSPECIFIED.);
#580=DEFINITIONAL_REPRESENTATION('',(#579),#465);
#581=PCURVE('',#107,#580);
#582=CARTESIAN_POINT('',(0.00000000000000000E0,0.00000000000000000E0));
#583=CARTESIAN_POINT('',(1.00000000000000000E0,0.00000000000000000E0));
#584=B_SPLINE_CURVE_WITH_KNOTS('',1,(#582,#583),.UNSPECIFIED.,.F.,.F.,(2,2),(0.00000000000000000E0,1.00000000000000000E0),.UNSPECIFIED.);
#585=DEFINITIONAL_REPRESENTATION('',(#584),#465);
#586=PCURVE('',#117,#585);
#587=CARTESIAN_POINT('',(1.00000000000000000E0,0.00000000000000000E0));
#588=CARTESIAN_POINT('',(1.00000000000000000E0,1.00000000000000000E0));
#589=B_SPLINE_CURVE_WITH_KNOTS('',1,(#587,#588),.UNSPECIFIED.,.F.,.F.,(2,2),(0.00000000000000000E0,1.00000000000000000E0),.UNSPECIFIED.);
#590=DEFINITIONAL_REPRESENTATION('',(#589),#465);
#591=PCURVE('',#117,#590);
#592=CARTESIAN_POINT('',(1.00000000000000000E0,1.00000000000000000E0));
#593=CARTESIAN_POINT('',(0.00000000000000000E0,1.00000000000000000E0));
#594=B_SPLINE_CURVE_WITH_KNOTS('',1,(#592,#593),.UNSPECIFIED.,.F.,.F.,(2,2),(0.00000000000000000E0,1.00000000000000000E0),.UNSPECIFIED.);
#595=DEFINITIONAL_REPRESENTATION('',(#594),#465);
#596=PCURVE('',#117,#595);
#597=CARTESIAN_POINT('',(0.00000000000000000E0,1.00000000000000000E0));
#598=CARTESIAN_POINT('',(0.00000000000000000E0,0.00000000000000000E0));
#599=B_SPLINE_CURVE_WITH_KNOTS('',1,(#597,#598),.UNSPECIFIED.,.F.,.F.,(2,2),(0.00000000000000000E0,1.00000000000000000E0),.UNSPECIFIED.);
#600=DEFINITIONAL_REPRESENTATION('',(#599),#465);
#601=PCURVE('',#117,#600);
#602=CARTESIAN_POINT('',(8.08394590947375846E0,-3.34848003319453547E0));
#603=CARTESIAN_POINT('',(2.30969883127821696E0,-9.56708580912724593E-1));
#604=B_SPLINE_CURVE_WITH_KNOTS('',1,(#602,#603),.UNSPECIFIED.,.F.,.F.,(2,2),(0.00000000000000000E0,1.00000000000000000E0),.UNSPECIFIED.);
#605=DEFINITIONAL_REPRESENTATION('',(#604),#465);
#606=PCURVE('',#76,#605);
#607=CARTESIAN_POINT('',(2.30969883127821696E0,-9.56708580912724593E-1));
#608=CARTESIAN_POINT('',(1.91341716182544919E0,-1.91341716182544852E0));
#609=CARTESIAN_POINT('',(9.56708580912724593E-1,-2.30969883127821696E0));
#610=(BOUNDED_CURVE()B_SPLINE_CURVE(2,(#607,#608,#609),.UNSPECIFIED.,.F.,.F.)B_SPLINE_CURVE_WITH_KNOTS((3,3),(0.00000000000000000E0,1.00000000000000000E0),.UNSPECIFIED.)CURVE()GEOMETRIC_REPRESENTATION_ITEM()RATIONAL_B_SPLINE_CURVE((1.00000000000000000E0,9.23879532511286738E-1,1.00000000000000000E0))REPRESENTATION_ITEM(''));
#611=DEFINITIONAL_REPRESENTATION('',(#610),#465);
#612=PCURVE('',#76,#611);
#613=CARTESIAN_POINT('',(9.56708580912724593E-1,-2.30969883127821696E0));
#614=CARTESIAN_POINT('',(3.34848003319453591E0,-8.08394590947375846E0));
#615=B_SPLINE_CURVE_WITH_KNOTS('',1,(#613,#614),.UNSPECIFIED.,.F.,.F.,(2,2),(0.00000000000000000E0,1.00000000000000000E0),.UNSPECIFIED.);
#616=DEFINITIONAL_REPRESENTATION('',(#615),#465);
#617=PCURVE('',#76,#616);
#618=CARTESIAN_POINT('',(3.34848003319453591E0,-8.08394590947375846E0));
#619=CARTESIAN_POINT('',(6.69696006638907093E0,-6.69696006638907004E0));
#620=CARTESIAN_POINT('',(8.08394590947375846E0,-3.34848003319453547E0));
#621=(BOUNDED_CURVE()B_SPLINE_CURVE(2,(#618,#619,#620),.UNSPECIFIED.,.F.,.F.)B_SPLINE_CURVE_WITH_KNOTS((3,3),(0.00000000000000000E0,1.00000000000000000E0),.UNSPECIFIED.)CURVE()GEOMETRIC_REPRESENTATION_ITEM()RATIONAL_B_SPLINE_CURVE((1.00000000000000000E0,9.23879532511286738E-1,1.00000000000000000E0))REPRESENTATION_ITEM(''));
#622=DEFINITIONAL_REPRESENTATION('',(#621),#465);
#623=PCURVE('',#76,#622);
#624=CARTESIAN_POINT('',(3.00000000000000000E0,0.00000000000000000E0));
#625=CARTESIAN_POINT('',(3.00000000000000000E0,1.00000000000000000E0));
#626=B_SPLINE_CURVE_WITH_KNOTS('',1,(#624,#625),.UNSPECIFIED.,.F.,.F.,(2,2),(0.00000000000000000E0,1.00000000000000000E0),.UNSPECIFIED.);
#627=DEFINITIONAL_REPRESENTATION('',(#626),#465);
#628=PCURVE('',#124,#627);
#629=CARTESIAN_POINT('',(3.00000000000000000E0,1.00000000000000000E0));
#630=CARTESIAN_POINT('',(0.00000000000000000E0,1.00000000000000000E0));
#631=B_SPLINE_CURVE_WITH_KNOTS('',1,(#629,#630),.UNSPECIFIED.,.F.,.F.,(2,2),(0.00000000000000000E0,1.00000000000000000E0),.UNSPECIFIED.);
#632=DEFINITIONAL_REPRESENTATION('',(#631),#465);
#633=PCURVE('',#124,#632);
#634=CARTESIAN_POINT('',(0.00000000000000000E0,1.00000000000000000E0));
#635=CARTESIAN_POINT('',(0.00000000000000000E0,0.00000000000000000E0));
#636=B_SPLINE_CURVE_WITH_KNOTS('',1,(#634,#635),.UNSPECIFIED.,.F.,.F.,(2,2),(0.00000000000000000E0,1.00000000000000000E0),.UNSPECIFIED.);
#637=DEFINITIONAL_REPRESENTATION('',(#636),#465);
#638=PCURVE('',#124,#637);
#639=CARTESIAN_POINT('',(0.00000000000000000E0,0.00000000000000000E0));
#640=CARTESIAN_POINT('',(3.00000000000000000E0,0.00000000000000000E0));
#641=B_SPLINE_CURVE_WITH_KNOTS('',1,(#639,#640),.UNSPECIFIED.,.F.,.F.,(2,2),(0.00000000000000000E0,1.00000000000000000E0),.UNSPECIFIED.);
#642=DEFINITIONAL_REPRESENTATION('',(#641),#465);
#643=PCURVE('',#124,#642);
#644=CARTESIAN_POINT('',(0.00000000000000000E0,0.00000000000000000E0));
#645=CARTESIAN_POINT('',(3.00000000000000000E0,0.00000000000000000E0));
#646=B_SPLINE_CURVE_WITH_KNOTS('',1,(#644,#645),.UNSPECIFIED.,.F.,.F.,(2,2),(0.00000000000000000E0,1.00000000000000000E0),.UNSPECIFIED.);
#647=DEFINITIONAL_REPRESENTATION('',(#646),#465);
#648=PCURVE('',#131,#647);
#649=CARTESIAN_POINT('',(3.00000000000000000E0,0.00000000000000000E0));
#650=CARTESIAN_POINT('',(3.00000000000000000E0,1.00000000000000000E0));
#651=B_SPLINE_CURVE_WITH_KNOTS('',1,(#649,#650),.UNSPECIFIED.,.F.,.F.,(2,2),(0.00000000000000000E0,1.00000000000000000E0),.UNSPECIFIED.);
#652=DEFINITIONAL_REPRESENTATION('',(#651),#465);
#653=PCURVE('',#131,#652);
#654=CARTESIAN_POINT('',(3.00000000000000000E0,1.00000000000000000E0));
#655=CARTESIAN_POINT('',(0.00000000000000000E0,1.00000000000000000E0));
#656=B_SPLINE_CURVE_WITH_KNOTS('',1,(#654,#655),.UNSPECIFIED.,.F.,.F.,(2,2),(0.00000000000000000E0,1.00000000000000000E0),.UNSPECIFIED.);
#657=DEFINITIONAL_REPRESENTATION('',(#656),#465);
#658=PCURVE('',#131,#657);
#659=CARTESIAN_POINT('',(0.00000000000000000E0,1.00000000000000000E0));
#660=CARTESIAN_POINT('',(0.00000000000000000E0,0.00000000000000000E0));
#661=B_SPLINE_CURVE_WITH_KNOTS('',1,(#659,#660),.UNSPECIFIED.,.F.,.F.,(2,2),(0.00000000000000000E0,1.00000000000000000E0),.UNSPECIFIED.);
#662=DEFINITIONAL_REPRESENTATION('',(#661),#465);
#663=PCURVE('',#131,#662);
#664=CARTESIAN_POINT('',(-9.23879532511286783E0,-3.82683432365089793E0));
#665=CARTESIAN_POINT('',(-7.65366864730179586E0,-7.65366864730179408E0));
#666=CARTESIAN_POINT('',(-3.82683432365089837E0,-9.23879532511286783E0));
#667=(BOUNDED_CURVE()B_SPLINE_CURVE(2,(#664,#665,#666),.UNSPECIFIED.,.F.,.F.)B_SPLINE_CURVE_WITH_KNOTS((3,3),(0.00000000000000000E0,1.00000000000000000E0),.UNSPECIFIED.)CURVE()GEOMETRIC_REPRESENTATION_ITEM()RATIONAL_B_SPLINE_CURVE((1.00000000000000000E0,9.23879532511286738E-1,1.00000000000000000E0))REPRESENTATION_ITEM(''));
#668=DEFINITIONAL_REPRESENTATION('',(#667),#465);
#669=PCURVE('',#107,#668);
#670=CARTESIAN_POINT('',(-3.82683432365089837E0,-9.23879532511286783E0));
#671=CARTESIAN_POINT('',(-9.56708580912724593E-1,-2.30969883127821696E0));
#672=B_SPLINE_CURVE_WITH_KNOTS('',1,(#670,#671),.UNSPECIFIED.,.F.,.F.,(2,2),(0.00000000000000000E0,1.00000000000000000E0),.UNSPECIFIED.);
#673=DEFINITIONAL_REPRESENTATION('',(#672),#465);
#674=PCURVE('',#107,#673);
#675=CARTESIAN_POINT('',(-9.56708580912724593E-1,-2.30969883127821696E0));
#676=CARTESIAN_POINT('',(-1.91341716182544919E0,-1.91341716182544852E0));
#677=CARTESIAN_POINT('',(-2.30969883127821696E0,-9.56708580912724593E-1));
#678=(BOUNDED_CURVE()B_SPLINE_CURVE(2,(#675,#676,#677),.UNSPECIFIED.,.F.,.F.)B_SPLINE_CURVE_WITH_KNOTS((3,3),(0.00000000000000000E0,1.00000000000000000E0),.UNSPECIFIED.)CURVE()GEOMETRIC_REPRESENTATION_ITEM()RATIONAL_B_SPLINE_CURVE((1.00000000000000000E0,9.23879532511286738E-1,1.00000000000000000E0))REPRESENTATION_ITEM(''));
#679=DEFINITIONAL_REPRESENTATION('',(#678),#465);
#680=PCURVE('',#107,#679);
#681=CARTESIAN_POINT('',(-2.30969883127821696E0,-9.56708580912724593E-1));
#682=CARTESIAN_POINT('',(-9.23879532511286783E0,-3.82683432365089793E0));
#683=B_SPLINE_CURVE_WITH_KNOTS('',1,(#681,#682),.UNSPECIFIED.,.F.,.F.,(2,2),(0.00000000000000000E0,1.00000000000000000E0),.UNSPECIFIED.);
#684=DEFINITIONAL_REPRESENTATION('',(#683),#465);
#685=PCURVE('',#107,#684);
#686=CARTESIAN_POINT('',(0.00000000000000000E0,0.00000000000000000E0));
#687=CARTESIAN_POINT('',(1.00000000000000000E0,0.00000000000000000E0));
#688=B_SPLINE_CURVE_WITH_KNOTS('',1,(#686,#687),.UNSPECIFIED.,.F.,.F.,(2,2),(0.00000000000000000E0,1.00000000000000000E0),.UNSPECIFIED.);
#689=DEFINITIONAL_REPRESENTATION('',(#688),#465);
#690=PCURVE('',#150,#689);
#691=CARTESIAN_POINT('',(1.00000000000000000E0,0.00000000000000000E0));
#692=CARTESIAN_POINT('',(1.00000000000000000E0,1.00000000000000000E0));
#693=B_SPLINE_CURVE_WITH_KNOTS('',1,(#691,#692),.UNSPECIFIED.,.F.,.F.,(2,2),(0.00000000000000000E0,1.00000000000000000E0),.UNSPECIFIED.);
#694=DEFINITIONAL_REPRESENTATION('',(#693),#465);
#695=PCURVE('',#150,#694);
#696=CARTESIAN_POINT('',(1.00000000000000000E0,1.00000000000000000E0));
#697=CARTESIAN_POINT('',(0.00000000000000000E0,1.00000000000000000E0));
#698=B_SPLINE_CURVE_WITH_KNOTS('',1,(#696,#697),.UNSPECIFIED.,.F.,.F.,(2,2),(0.00000000000000000E0,1.00000000000000000E0),.UNSPECIFIED.);
#699=DEFINITIONAL_REPRESENTATION('',(#698),#465);
#700=PCURVE('',#150,#699);
#701=CARTESIAN_POINT('',(0.00000000000000000E0,1.00000000000000000E0));
#702=CARTESIAN_POINT('',(0.00000000000000000E0,0.00000000000000000E0));
#703=B_SPLINE_CURVE_WITH_KNOTS('',1,(#701,#702),.UNSPECIFIED.,.F.,.F.,(2,2),(0.00000000000000000E0,1.00000000000000000E0),.UNSPECIFIED.);
#704=DEFINITIONAL_REPRESENTATION('',(#703),#465);
#705=PCURVE('',#150,#704);
#706=CARTESIAN_POINT('',(3.34848003319453591E0,-8.08394590947375846E0));
#707=CARTESIAN_POINT('',(9.56708580912724593E-1,-2.30969883127821696E0));
#708=B_SPLINE_CURVE_WITH_KNOTS('',1,(#706,#707),.UNSPECIFIED.,.F.,.F.,(2,2),(0.00000000000000000E0,1.00000000000000000E0),.UNSPECIFIED.);
#709=DEFINITIONAL_REPRESENTATION('',(#708),#465);
#710=PCURVE('',#76,#709);
#711=CARTESIAN_POINT('',(9.56708580912724593E-1,-2.30969883127821696E0));
#712=CARTESIAN_POINT('',(7.75072591569422098E-1,-2.38493492147926744E0));
#713=CARTESIAN_POINT('',(5.86408664128213797E-1,-2.44224378772921247E0));
#714=CARTESIAN_POINT('',(3.92835272885190545E-1,-2.48074792924307053E0));
#715=CARTESIAN_POINT('',(1.96601378157582884E-1,-2.50000000000000000E0));
#716=CARTESIAN_POINT('',(0.00000000000000000E0,-2.50000000000000000E0));
#717=(BOUNDED_CURVE()B_SPLINE_CURVE(5,(#711,#712,#713,#714,#715,#716),.UNSPECIFIED.,.F.,.F.)B_SPLINE_CURVE_WITH_KNOTS((6,6),(0.00000000000000000E0,1.00000000000000000E0),.UNSPECIFIED.)CURVE()GEOMETRIC_REPRESENTATION_ITEM()RATIONAL_B_SPLINE_CURVE((1.00000000000000000E0,9.92314112161292172E-1,9.88471168241938147E-1,9.88471168241938258E-1,9.92314112161292172E-1,1.00000000000000000E0))REPRESENTATION_ITEM(''));
#718=DEFINITIONAL_REPRESENTATION('',(#717),#465);
#719=PCURVE('',#76,#718);
#720=CARTESIAN_POINT('',(0.00000000000000000E0,-2.50000000000000000E0));
#721=CARTESIAN_POINT('',(0.00000000000000000E0,-1.00000000000000000E1));
#722=B_SPLINE_CURVE_WITH_KNOTS('',1,(#720,#721),.UNSPECIFIED.,.F.,.F.,(2,2),(0.00000000000000000E0,1.00000000000000000E0),.UNSPECIFIED.);
#723=DEFINITIONAL_REPRESENTATION('',(#722),#465);
#724=PCURVE('',#76,#723);
#725=CARTESIAN_POINT('',(0.00000000000000000E0,-1.00000000000000000E1));
#726=CARTESIAN_POINT('',(7.86405512630331538E-1,-1.00000000000000000E1));
#727=CARTESIAN_POINT('',(1.57134109154076218E0,-9.54361798099679426E0));
#728=CARTESIAN_POINT('',(2.19761036788101549E0,-8.89834888689233949E0));
#729=CARTESIAN_POINT('',(2.71275407049297757E0,-8.34727222517743783E0));
#730=CARTESIAN_POINT('',(3.34848003319453591E0,-8.08394590947375846E0));
#731=(BOUNDED_CURVE()B_SPLINE_CURVE(5,(#725,#726,#727,#728,#729,#730),.UNSPECIFIED.,.F.,.F.)B_SPLINE_CURVE_WITH_KNOTS((6,6),(0.00000000000000000E0,1.00000000000000000E0),.UNSPECIFIED.)CURVE()GEOMETRIC_REPRESENTATION_ITEM()RATIONAL_B_SPLINE_CURVE((1.00000000000000000E0,9.92314112161292172E-1,9.88471168241938258E-1,9.88471168241938147E-1,9.92314112161292172E-1,1.00000000000000000E0))REPRESENTATION_ITEM(''));
#732=DEFINITIONAL_REPRESENTATION('',(#731),#465);
#733=PCURVE('',#76,#732);
#734=CARTESIAN_POINT('',(3.00000000000000000E0,0.00000000000000000E0));
#735=CARTESIAN_POINT('',(3.00000000000000000E0,1.00000000000000000E0));
#736=B_SPLINE_CURVE_WITH_KNOTS('',1,(#734,#735),.UNSPECIFIED.,.F.,.F.,(2,2),(0.00000000000000000E0,1.00000000000000000E0),.UNSPECIFIED.);
#737=DEFINITIONAL_REPRESENTATION('',(#736),#465);
#738=PCURVE('',#163,#737);
#739=CARTESIAN_POINT('',(3.00000000000000000E0,1.00000000000000000E0));
#740=CARTESIAN_POINT('',(0.00000000000000000E0,1.00000000000000000E0));
#741=B_SPLINE_CURVE_WITH_KNOTS('',1,(#739,#740),.UNSPECIFIED.,.F.,.F.,(2,2),(0.00000000000000000E0,1.00000000000000000E0),.UNSPECIFIED.);
#742=DEFINITIONAL_REPRESENTATION('',(#741),#465);
#743=PCURVE('',#163,#742);
#744=CARTESIAN_POINT('',(0.00000000000000000E0,1.00000000000000000E0));
#745=CARTESIAN_POINT('',(0.00000000000000000E0,0.00000000000000000E0));
#746=B_SPLINE_CURVE_WITH_KNOTS('',1,(#744,#745),.UNSPECIFIED.,.F.,.F.,(2,2),(0.00000000000000000E0,1.00000000000000000E0),.UNSPECIFIED.);
#747=DEFINITIONAL_REPRESENTATION('',(#746),#465);
#748=PCURVE('',#163,#747);
#749=CARTESIAN_POINT('',(0.00000000000000000E0,0.00000000000000000E0));
#750=CARTESIAN_POINT('',(3.00000000000000000E0,0.00000000000000000E0));
#751=B_SPLINE_CURVE_WITH_KNOTS('',1,(#749,#750),.UNSPECIFIED.,.F.,.F.,(2,2),(0.00000000000000000E0,1.00000000000000000E0),.UNSPECIFIED.);
#752=DEFINITIONAL_REPRESENTATION('',(#751),#465);
#753=PCURVE('',#163,#752);
#754=CARTESIAN_POINT('',(0.00000000000000000E0,0.00000000000000000E0));
#755=CARTESIAN_POINT('',(3.00000000000000000E0,0.00000000000000000E0));
#756=B_SPLINE_CURVE_WITH_KNOTS('',1,(#754,#755),.UNSPECIFIED.,.F.,.F.,(2,2),(0.00000000000000000E0,1.00000000000000000E0),.UNSPECIFIED.);
#757=DEFINITIONAL_REPRESENTATION('',(#756),#465);
#758=PCURVE('',#176,#757);
#759=CARTESIAN_POINT('',(3.00000000000000000E0,0.00000000000000000E0));
#760=CARTESIAN_POINT('',(3.00000000000000000E0,1.00000000000000000E0));
#761=B_SPLINE_CURVE_WITH_KNOTS('',1,(#759,#760),.UNSPECIFIED.,.F.,.F.,(2,2),(0.00000000000000000E0,1.00000000000000000E0),.UNSPECIFIED.);
#762=DEFINITIONAL_REPRESENTATION('',(#761),#465);
#763=PCURVE('',#176,#762);
#764=CARTESIAN_POINT('',(3.00000000000000000E0,1.00000000000000000E0));
#765=CARTESIAN_POINT('',(0.00000000000000000E0,1.00000000000000000E0));
#766=B_SPLINE_CURVE_WITH_KNOTS('',1,(#764,#765),.UNSPECIFIED.,.F.,.F.,(2,2),(0.00000000000000000E0,1.00000000000000000E0),.UNSPECIFIED.);
#767=DEFINITIONAL_REPRESENTATION('',(#766),#465);
#768=PCURVE('',#176,#767);
#769=CARTESIAN_POINT('',(0.00000000000000000E0,1.00000000000000000E0));
#770=CARTESIAN_POINT('',(0.00000000000000000E0,0.00000000000000000E0));
#771=B_SPLINE_CURVE_WITH_KNOTS('',1,(#769,#770),.UNSPECIFIED.,.F.,.F.,(2,2),(0.00000000000000000E0,1.00000000000000000E0),.UNSPECIFIED.);
#772=DEFINITIONAL_REPRESENTATION('',(#771),#465);
#773=PCURVE('',#176,#772);
#774=CARTESIAN_POINT('',(-3.82683432365089837E0,-9.23879532511286783E0));
#775=CARTESIAN_POINT('',(-3.10029036627768839E0,-9.53973968591706978E0));
#776=CARTESIAN_POINT('',(-2.34563465651285519E0,-9.76897515091684987E0));
#777=CARTESIAN_POINT('',(-1.57134109154076218E0,-9.92299171697228211E0));
#778=CARTESIAN_POINT('',(-7.86405512630331538E-1,-1.00000000000000000E1));
#779=CARTESIAN_POINT('',(0.00000000000000000E0,-1.00000000000000000E1));
#780=(BOUNDED_CURVE()B_SPLINE_CURVE(5,(#774,#775,#776,#777,#778,#779),.UNSPECIFIED.,.F.,.F.)B_SPLINE_CURVE_WITH_KNOTS((6,6),(0.00000000000000000E0,1.00000000000000000E0),.UNSPECIFIED.)CURVE()GEOMETRIC_REPRESENTATION_ITEM()RATIONAL_B_SPLINE_CURVE((1.00000000000000000E0,9.92314112161292172E-1,9.88471168241938147E-1,9.88471168241938258E-1,9.92314112161292172E-1,1.00000000000000000E0))REPRESENTATION_ITEM(''));
#781=DEFINITIONAL_REPRESENTATION('',(#780),#465);
#782=PCURVE('',#107,#781);
#783=CARTESIAN_POINT('',(0.00000000000000000E0,-1.00000000000000000E1));
#784=CARTESIAN_POINT('',(0.00000000000000000E0,-2.50000000000000000E0));
#785=B_SPLINE_CURVE_WITH_KNOTS('',1,(#783,#784),.UNSPECIFIED.,.F.,.F.,(2,2),(0.00000000000000000E0,1.00000000000000000E0),.UNSPECIFIED.);
#786=DEFINITIONAL_REPRESENTATION('',(#785),#465);
#787=PCURVE('',#107,#786);
#788=CARTESIAN_POINT('',(0.00000000000000000E0,-2.50000000000000000E0));
#789=CARTESIAN_POINT('',(-1.96601378157582884E-1,-2.50000000000000000E0));
#790=CARTESIAN_POINT('',(-3.92835272885190545E-1,-2.48074792924307053E0));
#791=CARTESIAN_POINT('',(-5.86408664128213797E-1,-2.44224378772921247E0));
#792=CARTESIAN_POINT('',(-7.75072591569422098E-1,-2.38493492147926744E0));
#793=CARTESIAN_POINT('',(-9.56708580912724593E-1,-2.30969883127821696E0));
#794=(BOUNDED_CURVE()B_SPLINE_CURVE(5,(#788,#789,#790,#791,#792,#793),.UNSPECIFIED.,.F.,.F.)B_SPLINE_CURVE_WITH_KNOTS((6,6),(0.00000000000000000E0,1.00000000000000000E0),.UNSPECIFIED.)CURVE()GEOMETRIC_REPRESENTATION_ITEM()RATIONAL_B_SPLINE_CURVE((1.00000000000000000E0,9.92314112161292172E-1,9.88471168241938258E-1,9.88471168241938147E-1,9.92314112161292172E-1,1.00000000000000000E0))REPRESENTATION_ITEM(''));
#795=DEFINITIONAL_REPRESENTATION('',(#794),#465);
#796=PCURVE('',#107,#795);
#797=CARTESIAN_POINT('',(-9.56708580912724593E-1,-2.30969883127821696E0));
#798=CARTESIAN_POINT('',(-3.82683432365089837E0,-9.23879532511286783E0));
#799=B_SPLINE_CURVE_WITH_KNOTS('',1,(#797,#798),.UNSPECIFIED.,.F.,.F.,(2,2),(0.00000000000000000E0,1.00000000000000000E0),.UNSPECIFIED.);
#800=DEFINITIONAL_REPRESENTATION('',(#799),#465);
#801=PCURVE('',#107,#800);
#802=CARTESIAN_POINT('',(0.00000000000000000E0,-1.00000000000000000E1));
#803=CARTESIAN_POINT('',(0.00000000000000000E0,-2.50000000000000000E0));
#804=B_SPLINE_CURVE_WITH_KNOTS('',1,(#802,#803),.UNSPECIFIED.,.F.,.F.,(2,2),(0.00000000000000000E0,1.00000000000000000E0),.UNSPECIFIED.);
#805=DEFINITIONAL_REPRESENTATION('',(#804),#465);
#806=PCURVE('',#76,#805);
#807=CARTESIAN_POINT('',(0.00000000000000000E0,-2.50000000000000000E0));
#808=CARTESIAN_POINT('',(-2.49999999999999956E0,-2.50000000000000000E0));
#809=CARTESIAN_POINT('',(-2.50000000000000000E0,0.00000000000000000E0));
#810=(BOUNDED_CURVE()B_SPLINE_CURVE(2,(#807,#808,#809),.UNSPECIFIED.,.F.,.F.)B_SPLINE_CURVE_WITH_KNOTS((3,3),(0.00000000000000000E0,1.00000000000000000E0),.UNSPECIFIED.)CURVE()GEOMETRIC_REPRESENTATION_ITEM()RATIONAL_B_SPLINE_CURVE((1.00000000000000000E0,7.07106781186547573E-1,1.00000000000000000E0))REPRESENTATION_ITEM(''));
#811=DEFINITIONAL_REPRESENTATION('',(#810),#465);
#812=PCURVE('',#76,#811);
#813=CARTESIAN_POINT('',(-2.50000000000000000E0,0.00000000000000000E0));
#814=CARTESIAN_POINT('',(-1.00000000000000000E1,0.00000000000000000E0));
#815=B_SPLINE_CURVE_WITH_KNOTS('',1,(#813,#814),.UNSPECIFIED.,.F.,.F.,(2,2),(0.00000000000000000E0,1.00000000000000000E0),.UNSPECIFIED.);
#816=DEFINITIONAL_REPRESENTATION('',(#815),#465);
#817=PCURVE('',#76,#816);
#818=CARTESIAN_POINT('',(-1.00000000000000000E1,0.00000000000000000E0));
#819=CARTESIAN_POINT('',(-9.99999999999999822E0,-1.00000000000000000E1));
#820=CARTESIAN_POINT('',(0.00000000000000000E0,-1.00000000000000000E1));
#821=(BOUNDED_CURVE()B_SPLINE_CURVE(2,(#818,#819,#820),.UNSPECIFIED.,.F.,.F.)B_SPLINE_CURVE_WITH_KNOTS((3,3),(0.00000000000000000E0,1.00000000000000000E0),.UNSPECIFIED.)CURVE()GEOMETRIC_REPRESENTATION_ITEM()RATIONAL_B_SPLINE_CURVE((1.00000000000000000E0,7.07106781186547573E-1,1.00000000000000000E0))REPRESENTATION_ITEM(''));
#822=DEFINITIONAL_REPRESENTATION('',(#821),#465);
#823=PCURVE('',#76,#822);
#824=CARTESIAN_POINT('',(3.00000000000000000E0,0.00000000000000000E0));
#825=CARTESIAN_POINT('',(3.00000000000000000E0,1.00000000000000000E0));
#826=B_SPLINE_CURVE_WITH_KNOTS('',1,(#824,#825),.UNSPECIFIED.,.F.,.F.,(2,2),(0.00000000000000000E0,1.00000000000000000E0),.UNSPECIFIED.);
#827=DEFINITIONAL_REPRESENTATION('',(#826),#465);
#828=PCURVE('',#183,#827);
#829=CARTESIAN_POINT('',(3.00000000000000000E0,1.00000000000000000E0));
#830=CARTESIAN_POINT('',(0.00000000000000000E0,1.00000000000000000E0));
#831=B_SPLINE_CURVE_WITH_KNOTS('',1,(#829,#830),.UNSPECIFIED.,.F.,.F.,(2,2),(0.00000000000000000E0,1.00000000000000000E0),.UNSPECIFIED.);
#832=DEFINITIONAL_REPRESENTATION('',(#831),#465);
#833=PCURVE('',#183,#832);
#834=CARTESIAN_POINT('',(0.00000000000000000E0,1.00000000000000000E0));
#835=CARTESIAN_POINT('',(0.00000000000000000E0,0.00000000000000000E0));
#836=B_SPLINE_CURVE_WITH_KNOTS('',1,(#834,#835),.UNSPECIFIED.,.F.,.F.,(2,2),(0.00000000000000000E0,1.00000000000000000E0),.UNSPECIFIED.);
#837=DEFINITIONAL_REPRESENTATION('',(#836),#465);
#838=PCURVE('',#183,#837);
#839=CARTESIAN_POINT('',(0.00000000000000000E0,0.00000000000000000E0));
#840=CARTESIAN_POINT('',(3.00000000000000000E0,0.00000000000000000E0));
#841=B_SPLINE_CURVE_WITH_KNOTS('',1,(#839,#840),.UNSPECIFIED.,.F.,.F.,(2,2),(0.00000000000000000E0,1.00000000000000000E0),.UNSPECIFIED.);
#842=DEFINITIONAL_REPRESENTATION('',(#841),#465);
#843=PCURVE('',#183,#842);
#844=CARTESIAN_POINT('',(0.00000000000000000E0,0.00000000000000000E0));
#845=CARTESIAN_POINT('',(3.00000000000000000E0,0.00000000000000000E0));
#846=B_SPLINE_CURVE_WITH_KNOTS('',1,(#844,#845),.UNSPECIFIED.,.F.,.F.,(2,2),(0.00000000000000000E0,1.00000000000000000E0),.UNSPECIFIED.);
#847=DEFINITIONAL_REPRESENTATION('',(#846),#465);
#848=PCURVE('',#190,#847);
#849=CARTESIAN_POINT('',(3.00000000000000000E0,0.00000000000000000E0));
#850=CARTESIAN_POINT('',(3.00000000000000000E0,1.00000000000000000E0));
#851=B_SPLINE_CURVE_WITH_KNOTS('',1,(#849,#850),.UNSPECIFIED.,.F.,.F.,(2,2),(0.00000000000000000E0,1.00000000000000000E0),.UNSPECIFIED.);
#852=DEFINITIONAL_REPRESENTATION('',(#851),#465);
#853=PCURVE('',#190,#852);
#854=CARTESIAN_POINT('',(3.00000000000000000E0,1.00000000000000000E0));
#855=CARTESIAN_POINT('',(0.00000000000000000E0,1.00000000000000000E0));
#856=B_SPLINE_CURVE_WITH_KNOTS('',1,(#854,#855),.UNSPECIFIED.,.F.,.F.,(2,2),(0.00000000000000000E0,1.00000000000000000E0),.UNSPECIFIED.);
#857=DEFINITIONAL_REPRESENTATION('',(#856),#465);
#858=PCURVE('',#190,#857);
#859=CARTESIAN_POINT('',(0.00000000000000000E0,1.00000000000000000E0));
#860=CARTESIAN_POINT('',(0.00000000000000000E0,0.00000000000000000E0));
#861=B_SPLINE_CURVE_WITH_KNOTS('',1,(#859,#860),.UNSPECIFIED.,.F.,.F.,(2,2),(0.00000000000000000E0,1.00000000000000000E0),.UNSPECIFIED.);
#862=DEFINITIONAL_REPRESENTATION('',(#861),#465);
#863=PCURVE('',#190,#862);
#864=CARTESIAN_POINT('',(0.00000000000000000E0,-1.00000000000000000E1));
#865=CARTESIAN_POINT('',(9.99999999999999822E0,-1.00000000000000000E1));
#866=CARTESIAN_POINT('',(1.00000000000000000E1,0.00000000000000000E0));
#867=(BOUNDED_CURVE()B_SPLINE_CURVE(2,(#864,#865,#866),.UNSPECIFIED.,.F.,.F.)B_SPLINE_CURVE_WITH_KNOTS((3,3),(0.00000000000000000E0,1.00000000000000000E0),.UNSPECIFIED.)CURVE()GEOMETRIC_REPRESENTATION_ITEM()RATIONAL_B_SPLINE_CURVE((1.00000000000000000E0,7.07106781186547573E-1,1.00000000000000000E0))REPRESENTATION_ITEM(''));
#868=DEFINITIONAL_REPRESENTATION('',(#867),#465);
#869=PCURVE('',#107,#868);
#870=CARTESIAN_POINT('',(1.00000000000000000E1,0.00000000000000000E0));
#871=CARTESIAN_POINT('',(2.50000000000000000E0,0.00000000000000000E0));
#872=B_SPLINE_CURVE_WITH_KNOTS('',1,(#870,#871),.UNSPECIFIED.,.F.,.F.,(2,2),(0.00000000000000000E0,1.00000000000000000E0),.UNSPECIFIED.);
#873=DEFINITIONAL_REPRESENTATION('',(#872),#465);
#874=PCURVE('',#107,#873);
#875=CARTESIAN_POINT('',(2.50000000000000000E0,0.00000000000000000E0));
#876=CARTESIAN_POINT('',(2.49999999999999956E0,-2.50000000000000000E0));
#877=CARTESIAN_POINT('',(0.00000000000000000E0,-2.50000000000000000E0));
#878=(BOUNDED_CURVE()B_SPLINE_CURVE(2,(#875,#876,#877),.UNSPECIFIED.,.F.,.F.)B_SPLINE_CURVE_WITH_KNOTS((3,3),(0.00000000000000000E0,1.00000000000000000E0),.UNSPECIFIED.)CURVE()GEOMETRIC_REPRESENTATION_ITEM()RATIONAL_B_SPLINE_CURVE((1.00000000000000000E0,7.07106781186547573E-1,1.00000000000000000E0))REPRESENTATION_ITEM(''));
#879=DEFINITIONAL_REPRESENTATION('',(#878),#465);
#880=PCURVE('',#107,#879);
#881=CARTESIAN_POINT('',(0.00000000000000000E0,-2.50000000000000000E0));
#882=CARTESIAN_POINT('',(0.00000000000000000E0,-1.00000000000000000E1));
#883=B_SPLINE_CURVE_WITH_KNOTS('',1,(#881,#882),.UNSPECIFIED.,.F.,.F.,(2,2),(0.00000000000000000E0,1.00000000000000000E0),.UNSPECIFIED.);
#884=DEFINITIONAL_REPRESENTATION('',(#883),#465);
#885=PCURVE('',#107,#884);
#886=CARTESIAN_POINT('',(-1.00000000000000000E1,0.00000000000000000E0));
#887=CARTESIAN_POINT('',(-2.50000000000000000E0,0.00000000000000000E0));
#888=B_SPLINE_CURVE_WITH_KNOTS('',1,(#886,#887),.UNSPECIFIED.,.F.,.F.,(2,2),(0.00000000000000000E0,1.00000000000000000E0),.UNSPECIFIED.);
#889=DEFINITIONAL_REPRESENTATION('',(#888),#465);
#890=PCURVE('',#195,#889);
#891=CARTESIAN_POINT('',(-2.50000000000000000E0,0.00000000000000000E0));
#892=CARTESIAN_POINT('',(-2.50000000000000044E0,2.49999999999999956E0));
#893=CARTESIAN_POINT('',(0.00000000000000000E0,2.50000000000000000E0));
#894=(BOUNDED_CURVE()B_SPLINE_CURVE(2,(#891,#892,#893),.UNSPECIFIED.,.F.,.F.)B_SPLINE_CURVE_WITH_KNOTS((3,3),(0.00000000000000000E0,1.00000000000000000E0),.UNSPECIFIED.)CURVE()GEOMETRIC_REPRESENTATION_ITEM()RATIONAL_B_SPLINE_CURVE((1.00000000000000000E0,7.07106781186547573E-1,1.00000000000000000E0))REPRESENTATION_ITEM(''));
#895=DEFINITIONAL_REPRESENTATION('',(#894),#465);
#896=PCURVE('',#195,#895);
#897=CARTESIAN_POINT('',(0.00000000000000000E0,2.50000000000000000E0));
#898=CARTESIAN_POINT('',(0.00000000000000000E0,1.00000000000000000E1));
#899=B_SPLINE_CURVE_WITH_KNOTS('',1,(#897,#898),.UNSPECIFIED.,.F.,.F.,(2,2),(0.00000000000000000E0,1.00000000000000000E0),.UNSPECIFIED.);
#900=DEFINITIONAL_REPRESENTATION('',(#899),#465);
#901=PCURVE('',#195,#900);
#902=CARTESIAN_POINT('',(0.00000000000000000E0,1.00000000000000000E1));
#903=CARTESIAN_POINT('',(-1.00000000000000018E1,9.99999999999999822E0));
#904=CARTESIAN_POINT('',(-1.00000000000000000E1,0.00000000000000000E0));
#905=(BOUNDED_CURVE()B_SPLINE_CURVE(2,(#902,#903,#904),.UNSPECIFIED.,.F.,.F.)B_SPLINE_CURVE_WITH_KNOTS((3,3),(0.00000000000000000E0,1.00000000000000000E0),.UNSPECIFIED.)CURVE()GEOMETRIC_REPRESENTATION_ITEM()RATIONAL_B_SPLINE_CURVE((1.00000000000000000E0,7.07106781186547573E-1,1.00000000000000000E0))REPRESENTATION_ITEM(''));
#906=DEFINITIONAL_REPRESENTATION('',(#905),#465);
#907=PCURVE('',#195,#906);
#908=CARTESIAN_POINT('',(3.00000000000000000E0,0.00000000000000000E0));
#909=CARTESIAN_POINT('',(3.00000000000000000E0,1.00000000000000000E0));
#910=B_SPLINE_CURVE_WITH_KNOTS('',1,(#908,#909),.UNSPECIFIED.,.F.,.F.,(2,2),(0.00000000000000000E0,1.00000000000000000E0),.UNSPECIFIED.);
#911=DEFINITIONAL_REPRESENTATION('',(#910),#465);
#912=PCURVE('',#202,#911);
#913=CARTESIAN_POINT('',(3.00000000000000000E0,1.00000000000000000E0));
#914=CARTESIAN_POINT('',(0.00000000000000000E0,1.00000000000000000E0));
#915=B_SPLINE_CURVE_WITH_KNOTS('',1,(#913,#914),.UNSPECIFIED.,.F.,.F.,(2,2),(0.00000000000000000E0,1.00000000000000000E0),.UNSPECIFIED.);
#916=DEFINITIONAL_REPRESENTATION('',(#915),#465);
#917=PCURVE('',#202,#916);
#918=CARTESIAN_POINT('',(0.00000000000000000E0,1.00000000000000000E0));
#919=CARTESIAN_POINT('',(0.00000000000000000E0,0.00000000000000000E0));
#920=B_SPLINE_CURVE_WITH_KNOTS('',1,(#918,#919),.UNSPECIFIED.,.F.,.F.,(2,2),(0.00000000000000000E0,1.00000000000000000E0),.UNSPECIFIED.);
#921=DEFINITIONAL_REPRESENTATION('',(#920),#465);
#922=PCURVE('',#202,#921);
#923=CARTESIAN_POINT('',(0.00000000000000000E0,0.00000000000000000E0));
#924=CARTESIAN_POINT('',(3.00000000000000000E0,0.00000000000000000E0));
#925=B_SPLINE_CURVE_WITH_KNOTS('',1,(#923,#924),.UNSPECIFIED.,.F.,.F.,(2,2),(0.00000000000000000E0,1.00000000000000000E0),.UNSPECIFIED.);
#926=DEFINITIONAL_REPRESENTATION('',(#925),#465);
#927=PCURVE('',#202,#926);
#928=CARTESIAN_POINT('',(0.00000000000000000E0,0.00000000000000000E0));
#929=CARTESIAN_POINT('',(3.00000000000000000E0,0.00000000000000000E0));
#930=B_SPLINE_CURVE_WITH_KNOTS('',1,(#928,#929),.UNSPECIFIED.,.F.,.F.,(2,2),(0.00000000000000000E0,1.00000000000000000E0),.UNSPECIFIED.);
#931=DEFINITIONAL_REPRESENTATION('',(#930),#465);
#932=PCURVE('',#209,#931);
#933=CARTESIAN_POINT('',(3.00000000000000000E0,0.00000000000000000E0));
#934=CARTESIAN_POINT('',(3.00000000000000000E0,1.00000000000000000E0));
#935=B_SPLINE_CURVE_WITH_KNOTS('',1,(#933,#934),.UNSPECIFIED.,.F.,.F.,(2,2),(0.00000000000000000E0,1.00000000000000000E0),.UNSPECIFIED.);
#936=DEFINITIONAL_REPRESENTATION('',(#935),#465);
#937=PCURVE('',#209,#936);
#938=CARTESIAN_POINT('',(3.00000000000000000E0,1.00000000000000000E0));
#939=CARTESIAN_POINT('',(0.00000000000000000E0,1.00000000000000000E0));
#940=B_SPLINE_CURVE_WITH_KNOTS('',1,(#938,#939),.UNSPECIFIED.,.F.,.F.,(2,2),(0.00000000000000000E0,1.00000000000000000E0),.UNSPECIFIED.);
#941=DEFINITIONAL_REPRESENTATION('',(#940),#465);
#942=PCURVE('',#209,#941);
#943=CARTESIAN_POINT('',(0.00000000000000000E0,1.00000000000000000E0));
#944=CARTESIAN_POINT('',(0.00000000000000000E0,0.00000000000000000E0));
#945=B_SPLINE_CURVE_WITH_KNOTS('',1,(#943,#944),.UNSPECIFIED.,.F.,.F.,(2,2),(0.00000000000000000E0,1.00000000000000000E0),.UNSPECIFIED.);
#946=DEFINITIONAL_REPRESENTATION('',(#945),#465);
#947=PCURVE('',#209,#946);
#948=CARTESIAN_POINT('',(9.99999999999999822E0,0.00000000000000000E0));
#949=CARTESIAN_POINT('',(1.00000000000000000E1,9.99999999999999822E0));
#950=CARTESIAN_POINT('',(-1.77635683940025046E-15,1.00000000000000000E1));
#951=(BOUNDED_CURVE()B_SPLINE_CURVE(2,(#948,#949,#950),.UNSPECIFIED.,.F.,.F.)B_SPLINE_CURVE_WITH_KNOTS((3,3),(0.00000000000000000E0,1.00000000000000000E0),.UNSPECIFIED.)CURVE()GEOMETRIC_REPRESENTATION_ITEM()RATIONAL_B_SPLINE_CURVE((1.00000000000000000E0,7.07106781186547573E-1,1.00000000000000000E0))REPRESENTATION_ITEM(''));
#952=DEFINITIONAL_REPRESENTATION('',(#951),#465);
#953=PCURVE('',#214,#952);
#954=CARTESIAN_POINT('',(-1.77635683940025046E-15,1.00000000000000000E1));
#955=CARTESIAN_POINT('',(-1.77635683940025046E-15,2.50000000000000000E0));
#956=B_SPLINE_CURVE_WITH_KNOTS('',1,(#954,#955),.UNSPECIFIED.,.F.,.F.,(2,2),(0.00000000000000000E0,1.00000000000000000E0),.UNSPECIFIED.);
#957=DEFINITIONAL_REPRESENTATION('',(#956),#465);
#958=PCURVE('',#214,#957);
#959=CARTESIAN_POINT('',(-1.77635683940025046E-15,2.50000000000000000E0));
#960=CARTESIAN_POINT('',(2.49999999999999867E0,2.49999999999999956E0));
#961=CARTESIAN_POINT('',(2.49999999999999822E0,0.00000000000000000E0));
#962=(BOUNDED_CURVE()B_SPLINE_CURVE(2,(#959,#960,#961),.UNSPECIFIED.,.F.,.F.)B_SPLINE_CURVE_WITH_KNOTS((3,3),(0.00000000000000000E0,1.00000000000000000E0),.UNSPECIFIED.)CURVE()GEOMETRIC_REPRESENTATION_ITEM()RATIONAL_B_SPLINE_CURVE((1.00000000000000000E0,7.07106781186547573E-1,1.00000000000000000E0))REPRESENTATION_ITEM(''));
#963=DEFINITIONAL_REPRESENTATION('',(#962),#465);
#964=PCURVE('',#214,#963);
#965=CARTESIAN_POINT('',(2.49999999999999822E0,0.00000000000000000E0));
#966=CARTESIAN_POINT('',(9.99999999999999822E0,0.00000000000000000E0));
#967=B_SPLINE_CURVE_WITH_KNOTS('',1,(#965,#966),.UNSPECIFIED.,.F.,.F.,(2,2),(0.00000000000000000E0,1.00000000000000000E0),.UNSPECIFIED.);
#968=DEFINITIONAL_REPRESENTATION('',(#967),#465);
#969=PCURVE('',#214,#968);
#970=CARTESIAN_POINT('',(0.00000000000000000E0,1.00000000000000000E1));
#971=CARTESIAN_POINT('',(0.00000000000000000E0,2.50000000000000000E0));
#972=B_SPLINE_CURVE_WITH_KNOTS('',1,(#970,#971),.UNSPECIFIED.,.F.,.F.,(2,2),(0.00000000000000000E0,1.00000000000000000E0),.UNSPECIFIED.);
#973=DEFINITIONAL_REPRESENTATION('',(#972),#465);
#974=PCURVE('',#219,#973);
#975=CARTESIAN_POINT('',(0.00000000000000000E0,2.50000000000000000E0));
#976=CARTESIAN_POINT('',(2.49999999999999911E0,2.50000000000000044E0));
#977=CARTESIAN_POINT('',(2.50000000000000000E0,0.00000000000000000E0));
#978=(BOUNDED_CURVE()B_SPLINE_CURVE(2,(#975,#976,#977),.UNSPECIFIED.,.F.,.F.)B_SPLINE_CURVE_WITH_KNOTS((3,3),(0.00000000000000000E0,1.00000000000000000E0),.UNSPECIFIED.)CURVE()GEOMETRIC_REPRESENTATION_ITEM()RATIONAL_B_SPLINE_CURVE((1.00000000000000000E0,7.07106781186547573E-1,1.00000000000000000E0))REPRESENTATION_ITEM(''));
#979=DEFINITIONAL_REPRESENTATION('',(#978),#465);
#980=PCURVE('',#219,#979);
#981=CARTESIAN_POINT('',(2.50000000000000000E0,0.00000000000000000E0));
#982=CARTESIAN_POINT('',(1.00000000000000000E1,0.00000000000000000E0));
#983=B_SPLINE_CURVE_WITH_KNOTS('',1,(#981,#982),.UNSPECIFIED.,.F.,.F.,(2,2),(0.00000000000000000E0,1.00000000000000000E0),.UNSPECIFIED.);
#984=DEFINITIONAL_REPRESENTATION('',(#983),#465);
#985=PCURVE('',#219,#984);
#986=CARTESIAN_POINT('',(1.00000000000000000E1,0.00000000000000000E0));
#987=CARTESIAN_POINT('',(9.99999999999999645E0,1.00000000000000018E1));
#988=CARTESIAN_POINT('',(0.00000000000000000E0,1.00000000000000000E1));
#989=(BOUNDED_CURVE()B_SPLINE_CURVE(2,(#986,#987,#988),.UNSPECIFIED.,.F.,.F.)B_SPLINE_CURVE_WITH_KNOTS((3,3),(0.00000000000000000E0,1.00000000000000000E0),.UNSPECIFIED.)CURVE()GEOMETRIC_REPRESENTATION_ITEM()RATIONAL_B_SPLINE_CURVE((1.00000000000000000E0,7.07106781186547573E-1,1.00000000000000000E0))REPRESENTATION_ITEM(''));
#990=DEFINITIONAL_REPRESENTATION('',(#989),#465);
#991=PCURVE('',#219,#990);
#992=CARTESIAN_POINT('',(3.00000000000000000E0,0.00000000000000000E0));
#993=CARTESIAN_POINT('',(3.00000000000000000E0,1.00000000000000000E0));
#994=B_SPLINE_CURVE_WITH_KNOTS('',1,(#992,#993),.UNSPECIFIED.,.F.,.F.,(2,2),(0.00000000000000000E0,1.00000000000000000E0),.UNSPECIFIED.);
#995=DEFINITIONAL_REPRESENTATION('',(#994),#465);
#996=PCURVE('',#226,#995);
#997=CARTESIAN_POINT('',(3.00000000000000000E0,1.00000000000000000E0));
#998=CARTESIAN_POINT('',(0.00000000000000000E0,1.00000000000000000E0));
#999=B_SPLINE_CURVE_WITH_KNOTS('',1,(#997,#998),.UNSPECIFIED.,.F.,.F.,(2,2),(0.00000000000000000E0,1.00000000000000000E0),.UNSPECIFIED.);
#1000=DEFINITIONAL_REPRESENTATION('',(#999),#465);
#1001=PCURVE('',#226,#1000);
#1002=CARTESIAN_POINT('',(0.00000000000000000E0,1.00000000000000000E0));
#1003=CARTESIAN_POINT('',(0.00000000000000000E0,0.00000000000000000E0));
#1004=B_SPLINE_CURVE_WITH_KNOTS('',1,(#1002,#1003),.UNSPECIFIED.,.F.,.F.,(2,2),(0.00000000000000000E0,1.00000000000000000E0),.UNSPECIFIED.);
#1005=DEFINITIONAL_REPRESENTATION('',(#1004),#465);
#1006=PCURVE('',#226,#1005);
#1007=CARTESIAN_POINT('',(0.00000000000000000E0,0.00000000000000000E0));
#1008=CARTESIAN_POINT('',(3.00000000000000000E0,0.00000000000000000E0));
#1009=B_SPLINE_CURVE_WITH_KNOTS('',1,(#1007,#1008),.UNSPECIFIED.,.F.,.F.,(2,2),(0.00000000000000000E0,1.00000000000000000E0),.UNSPECIFIED.);
#1010=DEFINITIONAL_REPRESENTATION('',(#1009),#465);
#1011=PCURVE('',#226,#1010);
#1012=CARTESIAN_POINT('',(0.00000000000000000E0,0.00000000000000000E0));
#1013=CARTESIAN_POINT('',(3.00000000000000000E0,0.00000000000000000E0));
#1014=B_SPLINE_CURVE_WITH_KNOTS('',1,(#1012,#1013),.UNSPECIFIED.,.F.,.F.,(2,2),(0.00000000000000000E0,1.00000000000000000E0),.UNSPECIFIED.);
#1015=DEFINITIONAL_REPRESENTATION('',(#1014),#465);
#1016=PCURVE('',#233,#1015);
#1017=CARTESIAN_POINT('',(3.00000000000000000E0,0.00000000000000000E0));
#1018=CARTESIAN_POINT('',(3.00000000000000000E0,1.00000000000000000E0));
#1019=B_SPLINE_CURVE_WITH_KNOTS('',1,(#1017,#1018),.UNSPECIFIED.,.F.,.F.,(2,2),(0.00000000000000000E0,1.00000000000000000E0),.UNSPECIFIED.);
#1020=DEFINITIONAL_REPRESENTATION('',(#1019),#465);
#1021=PCURVE('',#233,#1020);
#1022=CARTESIAN_POINT('',(3.00000000000000000E0,1.00000000000000000E0));
#1023=CARTESIAN_POINT('',(0.00000000000000000E0,1.00000000000000000E0));
#1024=B_SPLINE_CURVE_WITH_KNOTS('',1,(#1022,#1023),.UNSPECIFIED.,.F.,.F.,(2,2),(0.00000000000000000E0,1.00000000000000000E0),.UNSPECIFIED.);
#1025=DEFINITIONAL_REPRESENTATION('',(#1024),#465);
#1026=PCURVE('',#233,#1025);
#1027=CARTESIAN_POINT('',(0.00000000000000000E0,1.00000000000000000E0));
#1028=CARTESIAN_POINT('',(0.00000000000000000E0,0.00000000000000000E0));
#1029=B_SPLINE_CURVE_WITH_KNOTS('',1,(#1027,#1028),.UNSPECIFIED.,.F.,.F.,(2,2),(0.00000000000000000E0,1.00000000000000000E0),.UNSPECIFIED.);
#1030=DEFINITIONAL_REPRESENTATION('',(#1029),#465);
#1031=PCURVE('',#233,#1030);
#1032=CARTESIAN_POINT('',(0.00000000000000000E0,1.00000000000000000E1));
#1033=CARTESIAN_POINT('',(-9.99999999999999645E0,1.00000000000000018E1));
#1034=CARTESIAN_POINT('',(-1.00000000000000000E1,0.00000000000000000E0));
#1035=(BOUNDED_CURVE()B_SPLINE_CURVE(2,(#1032,#1033,#1034),.UNSPECIFIED.,.F.,.F.)B_SPLINE_CURVE_WITH_KNOTS((3,3),(0.00000000000000000E0,1.00000000000000000E0),.UNSPECIFIED.)CURVE()GEOMETRIC_REPRESENTATION_ITEM()RATIONAL_B_SPLINE_CURVE((1.00000000000000000E0,7.07106781186547573E-1,1.00000000000000000E0))REPRESENTATION_ITEM(''));
#1036=DEFINITIONAL_REPRESENTATION('',(#1035),#465);
#1037=PCURVE('',#238,#1036);
#1038=CARTESIAN_POINT('',(-1.00000000000000000E1,0.00000000000000000E0));
#1039=CARTESIAN_POINT('',(-2.50000000000000000E0,0.00000000000000000E0));
#1040=B_SPLINE_CURVE_WITH_KNOTS('',1,(#1038,#1039),.UNSPECIFIED.,.F.,.F.,(2,2),(0.00000000000000000E0,1.00000000000000000E0),.UNSPECIFIED.);
#1041=DEFINITIONAL_REPRESENTATION('',(#1040),#465);
#1042=PCURVE('',#238,#1041);
#1043=CARTESIAN_POINT('',(-2.50000000000000000E0,0.00000000000000000E0));
#1044=CARTESIAN_POINT('',(-2.49999999999999911E0,2.50000000000000044E0));
#1045=CARTESIAN_POINT('',(0.00000000000000000E0,2.50000000000000000E0));
#1046=(BOUNDED_CURVE()B_SPLINE_CURVE(2,(#1043,#1044,#1045),.UNSPECIFIED.,.F.,.F.)B_SPLINE_CURVE_WITH_KNOTS((3,3),(0.00000000000000000E0,1.00000000000000000E0),.UNSPECIFIED.)CURVE()GEOMETRIC_REPRESENTATION_ITEM()RATIONAL_B_SPLINE_CURVE((1.00000000000000000E0,7.07106781186547573E-1,1.00000000000000000E0))REPRESENTATION_ITEM(''));
#1047=DEFINITIONAL_REPRESENTATION('',(#1046),#465);
#1048=PCURVE('',#238,#1047);
#1049=CARTESIAN_POINT('',(0.00000000000000000E0,2.50000000000000000E0));
#1050=CARTESIAN_POINT('',(0.00000000000000000E0,1.00000000000000000E1));
#1051=B_SPLINE_CURVE_WITH_KNOTS('',1,(#1049,#1050),.UNSPECIFIED.,.F.,.F.,(2,2),(0.00000000000000000E0,1.00000000000000000E0),.UNSPECIFIED.);
#1052=DEFINITIONAL_REPRESENTATION('',(#1051),#465);
#1053=PCURVE('',#238,#1052);
#1054=SURFACE_CURVE('',#245,(#470,#513),.PCURVE_S1.);
#1055=EDGE_CURVE('OSCAD_TOPO/3|edge|e:30a46c168108e679c0cf1fc43a069ecf|81d74a157bcfedc2a960c05f60fadc3361d987cfd65ffaccd9278aa86f8a148c',#2,#4,#1054,.T.);
#1056=SURFACE_CURVE('',#249,(#475,#601),.PCURVE_S1.);
#1057=EDGE_CURVE('OSCAD_TOPO/3|edge|e:7d16977ecf9b11752a5bb58e13df783e|33883f3589db1963dfdeb387f71dc62314e7b2f630bcb7614c2fbe43034fface',#4,#6,#1056,.T.);
#1058=SURFACE_CURVE('',#256,(#480,#523),.PCURVE_S1.);
#1059=EDGE_CURVE('OSCAD_TOPO/3|edge|e:3966e149c1c6ee32cf7724801025b9e3|efebf67f746b538bf3bb9674761c4c082f541b2e5bde55efb42dfe60ab4e38f7',#6,#2,#1058,.T.);
#1060=SURFACE_CURVE('',#260,(#485),.PCURVE_S1.);
#1061=EDGE_CURVE('OSCAD_TOPO/3|edge|e:bbe9a6aa60945f6331c0173ec36ee3b5|280306812656739c3b9b4d9d818a0d99e6e4c53f6eeb2664ce73a28db2bd2fc1',#2,#2,#1060,.T.);
#1062=SURFACE_CURVE('',#263,(#490,#985),.PCURVE_S1.);
#1063=EDGE_CURVE('OSCAD_TOPO/3|edge|e:904817d7b1db9dac47f3b1adf855fce0|6dcbbcc5896b631648ade99adb52d4be03141af05318e32b61383152fd40479c',#2,#8,#1062,.T.);
#1064=SURFACE_CURVE('',#270,(#499,#548),.PCURVE_S1.);
#1065=EDGE_CURVE('OSCAD_TOPO/3|edge|e:1b47716b00cc863a6131ef7c55a1ca6a|f3ce7199d1950addf268ba7607bf356d5c6eada866fb40e2d81766f87358fdc1',#8,#10,#1064,.T.);
#1066=SURFACE_CURVE('',#273,(#504,#606),.PCURVE_S1.);
#1067=EDGE_CURVE('OSCAD_TOPO/3|edge|e:7ce0b8ae36144bb5dbef0824f98c0595|88a34af3456f27044d5d70acaef82c44dee5760fbaeb5941615bdcd7d31cc252',#10,#4,#1066,.T.);
#1068=SURFACE_CURVE('',#280,(#533,#562),.PCURVE_S1.);
#1069=EDGE_CURVE('OSCAD_TOPO/3|edge|e:180baecaaee0da22b9cba0565f4767bb|22b7e4c82940f79d5497109b33dc39ae55c8777494ee29f1324a88e2e2a4cca4',#12,#14,#1068,.T.);
#1070=SURFACE_CURVE('',#283,(#528,#628),.PCURVE_S1.);
#1071=EDGE_CURVE('OSCAD_TOPO/3|edge|e:849e023cebbbdd3ef3c847d147460c6c|3608648b2f3109498feffeb75f38fbcc8188e83a8d4196a75cedf85125fb469b',#14,#6,#1070,.T.);
#1072=SURFACE_CURVE('',#286,(#518,#1006),.PCURVE_S1.);
#1073=EDGE_CURVE('OSCAD_TOPO/3|edge|e:a32516168f204973c9a0eff95de93e96|22e4387406c2fc31145d9479771014b2810a89c8053fdd1595b7b771a2fe043f',#2,#12,#1072,.T.);
#1074=SURFACE_CURVE('',#293,(#538,#576),.PCURVE_S1.);
#1075=EDGE_CURVE('OSCAD_TOPO/3|edge|e:48cce17e86dc01ae9759ae9d5a832146|9044c5ccd016cae1fc35df2847738c3a09216e9d415226d5272d117bfbc4a987',#16,#18,#1074,.T.);
#1076=SURFACE_CURVE('',#296,(#543,#663),.PCURVE_S1.);
#1077=EDGE_CURVE('OSCAD_TOPO/3|edge|e:59c6630ba52969aae009cec0b8b53987|4662a6c35b2beca64985d206e88694cde9d7fcb7d5d1803204f05b1b608ed3f9',#18,#10,#1076,.T.);
#1078=SURFACE_CURVE('',#299,(#553,#1021),.PCURVE_S1.);
#1079=EDGE_CURVE('OSCAD_TOPO/3|edge|e:566e21ab4b18dac32f7232f5dfc868c7|4653d6ce69a1e5e4076bb8a357c04302f905984debea4d545ce812a3342a3536',#8,#16,#1078,.T.);
#1080=SURFACE_CURVE('',#302,(#581,#1042),.PCURVE_S1.);
#1081=EDGE_CURVE('OSCAD_TOPO/3|edge|e:4e35a7f90736699eed7ce03b71e18fce|1916311a98d39f7d50b10ac78be788c676d7fb903e4a15d3d34a95cc169f16c8',#12,#16,#1080,.T.);
#1082=SURFACE_CURVE('',#305,(#567,#685),.PCURVE_S1.);
#1083=EDGE_CURVE('OSCAD_TOPO/3|edge|e:d135071371a3cee059677beaa37c2e7b|90f6dc90c7d5aa7538c6d9663fa4a29e53cccad1f7869209c3f581f53538ef89',#18,#14,#1082,.T.);
#1084=SURFACE_CURVE('',#309,(#586,#623),.PCURVE_S1.);
#1085=EDGE_CURVE('OSCAD_TOPO/3|edge|e:5d13721b1b456f7e7a7aefb688072c04|acd6e78a215ffdd7f289cf735adf2ed8803b4fcc13fe7881dcd70d9ff6e0afe0',#4,#20,#1084,.T.);
#1086=SURFACE_CURVE('',#313,(#591,#705),.PCURVE_S1.);
#1087=EDGE_CURVE('OSCAD_TOPO/3|edge|e:a1c7168cf63df3b5141309fe987426d1|bf5bf847ba9f57c831b8466d648862bdfbc00d584a10f965b6327b5ae84ea10f',#20,#22,#1086,.T.);
#1088=SURFACE_CURVE('',#317,(#596,#633),.PCURVE_S1.);
#1089=EDGE_CURVE('OSCAD_TOPO/3|edge|e:c2bfbc3f0833b60f6232a118e8241dec|ef5ab5d35fd4883cfa93a2fcbf69f967befc2973d04d8b52ff099aeea8d1fdee',#22,#6,#1088,.T.);
#1090=SURFACE_CURVE('',#321,(#612,#658),.PCURVE_S1.);
#1091=EDGE_CURVE('OSCAD_TOPO/3|edge|e:776b228da56cc45939a639c04024e7fd|2ae5cd0f7e36551d17e6bf7cf874782c591f0db4dc19987dc8bcde6096cdfddb',#10,#24,#1090,.T.);
#1092=SURFACE_CURVE('',#324,(#617,#710),.PCURVE_S1.);
#1093=EDGE_CURVE('OSCAD_TOPO/3|edge|e:8593ee9ff40e9a0102c4a1ef830c9a72|2084026bfd7c974f86e1af7e3e85aa3198a9e26b343244378e3ed82f622d508c',#24,#20,#1092,.T.);
#1094=SURFACE_CURVE('',#328,(#643,#669),.PCURVE_S1.);
#1095=EDGE_CURVE('OSCAD_TOPO/3|edge|e:e17ee80efeaceff8ce22e0ff4b4adaf9|db57df7195e4b3b6da994cd8347fd267338622b6d63cb7c2488db708df11bedb',#14,#26,#1094,.T.);
#1096=SURFACE_CURVE('',#331,(#638,#738),.PCURVE_S1.);
#1097=EDGE_CURVE('OSCAD_TOPO/3|edge|e:ae6449b5ca27d9729ea739b863ff4fa5|52a36e3c70854fc6b0d0f05ea19c754b7c3cd49558804adde3e857fff42cdd0f',#26,#22,#1096,.T.);
#1098=SURFACE_CURVE('',#335,(#648,#680),.PCURVE_S1.);
#1099=EDGE_CURVE('OSCAD_TOPO/3|edge|e:e2be7554648097b3c1cab6c21cc25e42|14bc69ab674a93ca38a5b222d4064e0061a535c8c222bfeac4482d62c9cfcef6',#18,#28,#1098,.T.);
#1100=SURFACE_CURVE('',#338,(#653,#773),.PCURVE_S1.);
#1101=EDGE_CURVE('OSCAD_TOPO/3|edge|e:66dce085f8f05ea4f70f0dae97caa840|c1eb491f33157b038d59f410db60d0cdc5fc02dd8e2f57e017e0f2def22cabd1',#28,#24,#1100,.T.);
#1102=SURFACE_CURVE('',#341,(#674,#801),.PCURVE_S1.);
#1103=EDGE_CURVE('OSCAD_TOPO/3|edge|e:82205ad5a5951d3ba1ae1d3ad782d7e4|5e8c1ae3aa797f6cf53f347337d416dab51c7346786d279d5e492990c27bded0',#28,#26,#1102,.T.);
#1104=SURFACE_CURVE('',#348,(#690,#733),.PCURVE_S1.);
#1105=EDGE_CURVE('OSCAD_TOPO/3|edge|e:51146f2f2d2d21e215add28d68767057|02ca3dbd1d215583e3fd669aa8ba7175057e38e25297f09c0c56a5b267ebccca',#20,#30,#1104,.T.);
#1106=SURFACE_CURVE('',#352,(#695),.PCURVE_S1.);
#1107=EDGE_CURVE('OSCAD_TOPO/3|edge|e:4a00c3d88888133f82de173a8b867349|2f95d03744c78d2a694fbfb2e8d740b4c47da3a8efb705f92259b801bb63ad20',#30,#30,#1106,.T.);
#1108=SURFACE_CURVE('',#359,(#700,#743),.PCURVE_S1.);
#1109=EDGE_CURVE('OSCAD_TOPO/3|edge|e:4268cf4eab462203adcaa97956fde8cd|645e9855c64f77a02a8306d47a3b054aa2023c1455dcb96b5d96d9c53310a84a',#30,#22,#1108,.T.);
#1110=SURFACE_CURVE('',#366,(#719,#768),.PCURVE_S1.);
#1111=EDGE_CURVE('OSCAD_TOPO/3|edge|e:48a0e7f94685913aacf64f96a4f18548|ec4e0a156b20fec0bb1581fa96c587f1e5519ff9284be23903cec89395552059',#24,#32,#1110,.T.);
#1112=SURFACE_CURVE('',#369,(#724,#806),.PCURVE_S1.);
#1113=EDGE_CURVE('OSCAD_TOPO/3|edge|e:b2a0916c2e6e4f945b021a8ba1ad3d61|0db627b14b6667f7aba3ca4a4dc51b9670e0c8121984e9b3239193282c5fbe5b',#32,#30,#1112,.T.);
#1114=SURFACE_CURVE('',#376,(#753,#782),.PCURVE_S1.);
#1115=EDGE_CURVE('OSCAD_TOPO/3|edge|e:a31f61bf2460100a14003d4b613779a1|9b821d13bea85a3d78c3497dbb203eab5d2166baa8557b96580b31c0c8189db2',#26,#34,#1114,.T.);
#1116=SURFACE_CURVE('',#379,(#748,#828),.PCURVE_S1.);
#1117=EDGE_CURVE('OSCAD_TOPO/3|edge|e:ecc67583af76c108d07d5d759088ddba|f78c35bc2c1088f03f50af7899cd066a208134a6daafb711d38cdeac5fa74fa1',#34,#30,#1116,.T.);
#1118=SURFACE_CURVE('',#386,(#758,#796),.PCURVE_S1.);
#1119=EDGE_CURVE('OSCAD_TOPO/3|edge|e:21c4ae7c7a76abee41fa62316621b76a|f29490c80d4475060ee43982293c482aa68c2b5cf7197c8ffa945a6682c1082d',#28,#36,#1118,.T.);
#1120=SURFACE_CURVE('',#389,(#763,#863),.PCURVE_S1.);
#1121=EDGE_CURVE('OSCAD_TOPO/3|edge|e:7817cf4c5be794e65304c7921b7b3a59|d9566b26ccdf6b704c72c939bbbf86e97de2a9a1601d291721d975e6577143aa',#36,#32,#1120,.T.);
#1122=SURFACE_CURVE('',#392,(#787,#885),.PCURVE_S1.);
#1123=EDGE_CURVE('OSCAD_TOPO/3|edge|e:9d51c792a0cc76001207d2190b497f47|9d13d7409fccae40c03d8a92b0ff3acc53cd9b6dc17b7cfa3435b96dfe9e5fe6',#36,#34,#1122,.T.);
#1124=SURFACE_CURVE('',#396,(#812,#858),.PCURVE_S1.);
#1125=EDGE_CURVE('OSCAD_TOPO/3|edge|e:852bb977a0b8e835b2fc20fc5d6f8bde|b41c4b067513935db7a8bf792fb696be74605dbec9c46843e4d60de1d73c8b6f',#32,#38,#1124,.T.);
#1126=SURFACE_CURVE('',#399,(#817,#890),.PCURVE_S1.);
#1127=EDGE_CURVE('OSCAD_TOPO/3|edge|e:1a071d44722763cf38b782c09c86a77a|b51a784503d38ef72945453be33242f392f65a5f3f457d9566b8f834d7f975d1',#38,#40,#1126,.T.);
#1128=SURFACE_CURVE('',#403,(#823,#833),.PCURVE_S1.);
#1129=EDGE_CURVE('OSCAD_TOPO/3|edge|e:c561884b74496e6a1a7c24fc3b11ca29|7f2cfad97f1b735ac8cfd222b15f21447d9a8588a849ec833a06f598dac8b57b',#40,#30,#1128,.T.);
#1130=SURFACE_CURVE('',#407,(#843,#869),.PCURVE_S1.);
#1131=EDGE_CURVE('OSCAD_TOPO/3|edge|e:30a3bf3ca5f75b3c47fdd44b7857f966|f8667ca998c97b2f532de34efd240922ed72e6b5a9f1914865d348bb23f4bf6a',#34,#42,#1130,.T.);
#1132=SURFACE_CURVE('',#410,(#838,#912),.PCURVE_S1.);
#1133=EDGE_CURVE('OSCAD_TOPO/3|edge|e:297741c87e2375fee98d0c346ca7d6b4|b7839c105d859eeecd541759285455c539d19c5477ee3c50c19ced9cc4c0b28f',#42,#40,#1132,.T.);
#1134=SURFACE_CURVE('',#414,(#848,#880),.PCURVE_S1.);
#1135=EDGE_CURVE('OSCAD_TOPO/3|edge|e:58c7e8367f6d8fe91b4747b9e6ff44f5|d95317b670497be4548b5627ffb88eed4ba1f895fc121fdf48df706f2341a2fa',#36,#44,#1134,.T.);
#1136=SURFACE_CURVE('',#417,(#853,#947),.PCURVE_S1.);
#1137=EDGE_CURVE('OSCAD_TOPO/3|edge|e:0ed52b92a363afdc56602551dafbeaa2|289689e3e0891f7ae7b89b6753bddbb820b8073fded70c589e9c54533f9277a6',#44,#38,#1136,.T.);
#1138=SURFACE_CURVE('',#420,(#874,#969),.PCURVE_S1.);
#1139=EDGE_CURVE('OSCAD_TOPO/3|edge|e:4a6ec70e0b6c081229410fcd39b527a2|be1ea7f133c3d73d4a416fa217a35574d0afeacab49879138168b398883dc0dd',#44,#42,#1138,.T.);
#1140=SURFACE_CURVE('',#424,(#896,#942),.PCURVE_S1.);
#1141=EDGE_CURVE('OSCAD_TOPO/3|edge|e:0cedb6662f9433e5dcc3174527e7b5d6|eb60522dd1bb6147d0a45483ffe379956c3c681b28f08c7c011d7d0008481977',#38,#46,#1140,.T.);
#1142=SURFACE_CURVE('',#427,(#901,#974),.PCURVE_S1.);
#1143=EDGE_CURVE('OSCAD_TOPO/3|edge|e:679fb608cb2ebd91cbf530e02411fe88|b2f7a25cf44c732cec958d80e18bf16894d34352be69e04df382c2362407ef8e',#46,#48,#1142,.T.);
#1144=SURFACE_CURVE('',#431,(#907,#917),.PCURVE_S1.);
#1145=EDGE_CURVE('OSCAD_TOPO/3|edge|e:ca80f4a643b08fb31279c8a92b7b45f2|22cae94e5e2d56f59d4785ceb60437892e32f64578194eafbaa12f57fa205b66',#48,#40,#1144,.T.);
#1146=SURFACE_CURVE('',#435,(#927,#953),.PCURVE_S1.);
#1147=EDGE_CURVE('OSCAD_TOPO/3|edge|e:9857362ddddaad94ca772e24b74871b3|efc74589008d7983ff382d0b1246b106962b8704a01433824f431144a6be7409',#42,#50,#1146,.T.);
#1148=SURFACE_CURVE('',#438,(#922,#996),.PCURVE_S1.);
#1149=EDGE_CURVE('OSCAD_TOPO/3|edge|e:cb3cc7d6bd3fe7c2bddfd2066f3005d6|648278a08b7b43e907fd0d5f9242dcd90ccb49c1e7b6abe54bd5c958ee390896',#50,#48,#1148,.T.);
#1150=SURFACE_CURVE('',#442,(#932,#964),.PCURVE_S1.);
#1151=EDGE_CURVE('OSCAD_TOPO/3|edge|e:d4923da41cf551d6861c15cdf69e6baf|95922f8fea13114fa7d36487c9f02af60e8213c012a227935ce91bf6fa1aa389',#44,#52,#1150,.T.);
#1152=SURFACE_CURVE('',#445,(#937,#1031),.PCURVE_S1.);
#1153=EDGE_CURVE('OSCAD_TOPO/3|edge|e:6e65e2b3cb7b988c02dcc96ce78c41f5|6feaac7f35e52531258a7bd5d687a01117633dfd51fc02f8d61ccc6f334992fb',#52,#46,#1152,.T.);
#1154=SURFACE_CURVE('',#448,(#958,#1053),.PCURVE_S1.);
#1155=EDGE_CURVE('OSCAD_TOPO/3|edge|e:0c2c3cd309273ca0ad585bd43531aea6|e29428a77bb5d865ea99b788c53ca6c5993c7c0d8e4903363b969469a8705bc4',#52,#50,#1154,.T.);
#1156=SURFACE_CURVE('',#452,(#980,#1026),.PCURVE_S1.);
#1157=EDGE_CURVE('OSCAD_TOPO/3|edge|e:54f7bead85c8799e707971a94e2e9e10|10f3661b9d24f1bc07a611436bc40556a2e5d9903be1e295a0b2435f1ea68794',#46,#8,#1156,.T.);
#1158=SURFACE_CURVE('',#456,(#991,#1001),.PCURVE_S1.);
#1159=EDGE_CURVE('OSCAD_TOPO/3|edge|e:ffeefa16f91bb6ae10de26a4705b5fb9|db84aca5655b1dec43b2d018d0c3b88dd5867bd63a1faeadfd88dc8619581041',#2,#48,#1158,.T.);
#1160=SURFACE_CURVE('',#460,(#1011,#1037),.PCURVE_S1.);
#1161=EDGE_CURVE('OSCAD_TOPO/3|edge|e:a95f87df35dd2abca24fdcebb758fdec|afcab48591e5674e6fb84700855e03daea8b575ece376af86e5cbfd31277c1fd',#50,#12,#1160,.T.);
#1162=SURFACE_CURVE('',#464,(#1016,#1048),.PCURVE_S1.);
#1163=EDGE_CURVE('OSCAD_TOPO/3|edge|e:f7a3641f15563362a7a5b2b6166a208a|c61619fadd43812dc518ca6f5725fe08c29c4436e8df7fd5be1b786e48b85d7f',#52,#16,#1162,.T.);
#1164=ORIENTED_EDGE('',*,*,#1055,.T.);
#1165=ORIENTED_EDGE('',*,*,#1057,.T.);
#1166=ORIENTED_EDGE('',*,*,#1059,.T.);
#1167=ORIENTED_EDGE('',*,*,#1061,.T.);
#1168=EDGE_LOOP('OSCAD_TOPO/3|loop|l:91b39c960e66b63e6954875cd80b4062|cc1b51bc8432c3987e183c07e72f24711a9e6f5fd544a6d850e156a7e3ef9179',(#1164,#1165,#1166,#1167));
#1169=ORIENTED_EDGE('',*,*,#1063,.T.);
#1170=ORIENTED_EDGE('',*,*,#1065,.T.);
#1171=ORIENTED_EDGE('',*,*,#1067,.T.);
#1172=ORIENTED_EDGE('',*,*,#1055,.F.);
#1173=EDGE_LOOP('OSCAD_TOPO/3|loop|l:3399af6789397a0a934c56a34213f20e|26a06860ad90b2403fc05790456585b5d0b7b0a1c1ac9782d8f1b24de4a6b32f',(#1169,#1170,#1171,#1172));
#1174=ORIENTED_EDGE('',*,*,#1073,.F.);
#1175=ORIENTED_EDGE('',*,*,#1059,.F.);
#1176=ORIENTED_EDGE('',*,*,#1071,.F.);
#1177=ORIENTED_EDGE('',*,*,#1069,.F.);
#1178=EDGE_LOOP('OSCAD_TOPO/3|loop|l:5d78e3977949fb8ec38962e735713834|36ffedb41a1243b8d8a5c89695a2fa2086363fac5bd4ff56468105120bd8c25b',(#1174,#1175,#1176,#1177));
#1179=ORIENTED_EDGE('',*,*,#1075,.T.);
#1180=ORIENTED_EDGE('',*,*,#1077,.T.);
#1181=ORIENTED_EDGE('',*,*,#1065,.F.);
#1182=ORIENTED_EDGE('',*,*,#1079,.T.);
#1183=EDGE_LOOP('OSCAD_TOPO/3|loop|l:2ed1de46d97e297b9069f2e23e264394|eede711a44ddf52219e8505cab21ec207899971dc0ae2aad1f6b035411cc1eb1',(#1179,#1180,#1181,#1182));
#1184=ORIENTED_EDGE('',*,*,#1069,.T.);
#1185=ORIENTED_EDGE('',*,*,#1083,.F.);
#1186=ORIENTED_EDGE('',*,*,#1075,.F.);
#1187=ORIENTED_EDGE('',*,*,#1081,.F.);
#1188=EDGE_LOOP('OSCAD_TOPO/3|loop|l:b0330c977158fef36c9ca5d9700d7194|9e2c62cd3d7684e3d6ee804c259f53c580730da6dc61e848253ec1876b7195d1',(#1184,#1185,#1186,#1187));
#1189=ORIENTED_EDGE('',*,*,#1085,.T.);
#1190=ORIENTED_EDGE('',*,*,#1087,.T.);
#1191=ORIENTED_EDGE('',*,*,#1089,.T.);
#1192=ORIENTED_EDGE('',*,*,#1057,.F.);
#1193=EDGE_LOOP('OSCAD_TOPO/3|loop|l:5df27a1d516b2fc1a5dd1564efd421b3|c1bec5b1c05ec31849a743f8aec1295c12f005742dcb361a3e12e202b05a739f',(#1189,#1190,#1191,#1192));
#1194=ORIENTED_EDGE('',*,*,#1067,.F.);
#1195=ORIENTED_EDGE('',*,*,#1091,.T.);
#1196=ORIENTED_EDGE('',*,*,#1093,.T.);
#1197=ORIENTED_EDGE('',*,*,#1085,.F.);
#1198=EDGE_LOOP('OSCAD_TOPO/3|loop|l:3113e890e2d3eaf9a5631fd35cdfa788|d20aa627df6c453c380f652870a00d9489a411c176aa2188cd6759c3020d304d',(#1194,#1195,#1196,#1197));
#1199=ORIENTED_EDGE('',*,*,#1071,.T.);
#1200=ORIENTED_EDGE('',*,*,#1089,.F.);
#1201=ORIENTED_EDGE('',*,*,#1097,.F.);
#1202=ORIENTED_EDGE('',*,*,#1095,.F.);
#1203=EDGE_LOOP('OSCAD_TOPO/3|loop|l:f384cfed974335cddf3bb3c9224bcfd7|24793419fd5b36675c255cc3d75c90523bd3662598da91552ba0eb2eeceac83f',(#1199,#1200,#1201,#1202));
#1204=ORIENTED_EDGE('',*,*,#1099,.T.);
#1205=ORIENTED_EDGE('',*,*,#1101,.T.);
#1206=ORIENTED_EDGE('',*,*,#1091,.F.);
#1207=ORIENTED_EDGE('',*,*,#1077,.F.);
#1208=EDGE_LOOP('OSCAD_TOPO/3|loop|l:f78caa17b4f63aeb00fbd9ff90321e6a|fbef1ef418e7f7db9a44595fe7ac013959b70823f726ba7459f31629c06da2de',(#1204,#1205,#1206,#1207));
#1209=ORIENTED_EDGE('',*,*,#1095,.T.);
#1210=ORIENTED_EDGE('',*,*,#1103,.F.);
#1211=ORIENTED_EDGE('',*,*,#1099,.F.);
#1212=ORIENTED_EDGE('',*,*,#1083,.T.);
#1213=EDGE_LOOP('OSCAD_TOPO/3|loop|l:729b4fd7d7460c6ed7dedbfc57430c77|e8a2a224a89c9ecd0001caa8c34da046ab78637cca3c7396f9b605e75ab82eb1',(#1209,#1210,#1211,#1212));
#1214=ORIENTED_EDGE('',*,*,#1105,.T.);
#1215=ORIENTED_EDGE('',*,*,#1107,.T.);
#1216=ORIENTED_EDGE('',*,*,#1109,.T.);
#1217=ORIENTED_EDGE('',*,*,#1087,.F.);
#1218=EDGE_LOOP('OSCAD_TOPO/3|loop|l:34d2b47505f2f497e34bd39b7060515c|3665f22380915c5c981ef0df95ec4d63064294830fb7fcf275080b7332298a51',(#1214,#1215,#1216,#1217));
#1219=ORIENTED_EDGE('',*,*,#1093,.F.);
#1220=ORIENTED_EDGE('',*,*,#1111,.T.);
#1221=ORIENTED_EDGE('',*,*,#1113,.T.);
#1222=ORIENTED_EDGE('',*,*,#1105,.F.);
#1223=EDGE_LOOP('OSCAD_TOPO/3|loop|l:dad211baffea9e7453cf73b598b53b93|a755aebdee15508d6ecb2e818f1655643ac8acabaac91c876520ed4d2bc63c11',(#1219,#1220,#1221,#1222));
#1224=ORIENTED_EDGE('',*,*,#1097,.T.);
#1225=ORIENTED_EDGE('',*,*,#1109,.F.);
#1226=ORIENTED_EDGE('',*,*,#1117,.F.);
#1227=ORIENTED_EDGE('',*,*,#1115,.F.);
#1228=EDGE_LOOP('OSCAD_TOPO/3|loop|l:0d5fd02ded48cbf9d263f553a07a8d10|ccc3d28ed87a6e08926bf858b3c2d8ebd0da2e485b35d57aaf42b915049e2c31',(#1224,#1225,#1226,#1227));
#1229=ORIENTED_EDGE('',*,*,#1119,.T.);
#1230=ORIENTED_EDGE('',*,*,#1121,.T.);
#1231=ORIENTED_EDGE('',*,*,#1111,.F.);
#1232=ORIENTED_EDGE('',*,*,#1101,.F.);
#1233=EDGE_LOOP('OSCAD_TOPO/3|loop|l:e2d4636ea7eec4c45be371bfc08e22fb|700fe3d485cf741afc9062c9a6c7481df3d3d011be5fd6ce3d1a4e73fe5feeee',(#1229,#1230,#1231,#1232));
#1234=ORIENTED_EDGE('',*,*,#1115,.T.);
#1235=ORIENTED_EDGE('',*,*,#1123,.F.);
#1236=ORIENTED_EDGE('',*,*,#1119,.F.);
#1237=ORIENTED_EDGE('',*,*,#1103,.T.);
#1238=EDGE_LOOP('OSCAD_TOPO/3|loop|l:b84bdeabbe34953e89cc0787ae81ae92|7204eed07cf7f94ea44ec6453fbc9b7ed0cd4be44916f245e34fd5114ecc58aa',(#1234,#1235,#1236,#1237));
#1239=ORIENTED_EDGE('',*,*,#1113,.F.);
#1240=ORIENTED_EDGE('',*,*,#1125,.T.);
#1241=ORIENTED_EDGE('',*,*,#1127,.T.);
#1242=ORIENTED_EDGE('',*,*,#1129,.T.);
#1243=EDGE_LOOP('OSCAD_TOPO/3|loop|l:ed1628f2c8b8092ff64509db93792ab0|645cc252571273766bda3c656049d0ad56840ebd55247284a3d5d443705ddf11',(#1239,#1240,#1241,#1242));
#1244=ORIENTED_EDGE('',*,*,#1117,.T.);
#1245=ORIENTED_EDGE('',*,*,#1129,.F.);
#1246=ORIENTED_EDGE('',*,*,#1133,.F.);
#1247=ORIENTED_EDGE('',*,*,#1131,.F.);
#1248=EDGE_LOOP('OSCAD_TOPO/3|loop|l:c4fbfa9aa4e0b815764b438a76d03dbb|2951296202b75e7ee7461f80cbfbd1d6045776be53c82d667085712bfa01b085',(#1244,#1245,#1246,#1247));
#1249=ORIENTED_EDGE('',*,*,#1135,.T.);
#1250=ORIENTED_EDGE('',*,*,#1137,.T.);
#1251=ORIENTED_EDGE('',*,*,#1125,.F.);
#1252=ORIENTED_EDGE('',*,*,#1121,.F.);
#1253=EDGE_LOOP('OSCAD_TOPO/3|loop|l:10634178b02ebd08e9e6d81dd377121d|b4bc7a2fe46bf398fef1370ae169738131bab78e66183411a7781efa4d702f8f',(#1249,#1250,#1251,#1252));
#1254=ORIENTED_EDGE('',*,*,#1131,.T.);
#1255=ORIENTED_EDGE('',*,*,#1139,.F.);
#1256=ORIENTED_EDGE('',*,*,#1135,.F.);
#1257=ORIENTED_EDGE('',*,*,#1123,.T.);
#1258=EDGE_LOOP('OSCAD_TOPO/3|loop|l:a077089fa2c56217e06f2aeebdd4e66f|f9c8d706b3e49eb91b231efe75a953e8984cb8a82a5046490ad5a48268204b40',(#1254,#1255,#1256,#1257));
#1259=ORIENTED_EDGE('',*,*,#1127,.F.);
#1260=ORIENTED_EDGE('',*,*,#1141,.T.);
#1261=ORIENTED_EDGE('',*,*,#1143,.T.);
#1262=ORIENTED_EDGE('',*,*,#1145,.T.);
#1263=EDGE_LOOP('OSCAD_TOPO/3|loop|l:6281d4a63e9a534414dfe54479694433|843c1710e963d8a031a29192e99745ade0617ef7df8582b5896371dc58d41bc6',(#1259,#1260,#1261,#1262));
#1264=ORIENTED_EDGE('',*,*,#1133,.T.);
#1265=ORIENTED_EDGE('',*,*,#1145,.F.);
#1266=ORIENTED_EDGE('',*,*,#1149,.F.);
#1267=ORIENTED_EDGE('',*,*,#1147,.F.);
#1268=EDGE_LOOP('OSCAD_TOPO/3|loop|l:071f18f1e00ce50194a09cba8c5054f1|6b6559f0f4eb3a077e67e9acdeabed0dcd9600522d2621fea1cb6102abc59206',(#1264,#1265,#1266,#1267));
#1269=ORIENTED_EDGE('',*,*,#1151,.T.);
#1270=ORIENTED_EDGE('',*,*,#1153,.T.);
#1271=ORIENTED_EDGE('',*,*,#1141,.F.);
#1272=ORIENTED_EDGE('',*,*,#1137,.F.);
#1273=EDGE_LOOP('OSCAD_TOPO/3|loop|l:25af052055a5a5811ad74ada0260addc|24f469fe42d9f7a74d9b1b2922d5e248c11a585deddece5993d41cd408746c65',(#1269,#1270,#1271,#1272));
#1274=ORIENTED_EDGE('',*,*,#1147,.T.);
#1275=ORIENTED_EDGE('',*,*,#1155,.F.);
#1276=ORIENTED_EDGE('',*,*,#1151,.F.);
#1277=ORIENTED_EDGE('',*,*,#1139,.T.);
#1278=EDGE_LOOP('OSCAD_TOPO/3|loop|l:da2784858d09fa1db8160eac28318995|2cd308b180c7f2d4d166592eca73c26cf8a70e4972ab65781a7efa7791831b7b',(#1274,#1275,#1276,#1277));
#1279=ORIENTED_EDGE('',*,*,#1143,.F.);
#1280=ORIENTED_EDGE('',*,*,#1157,.T.);
#1281=ORIENTED_EDGE('',*,*,#1063,.F.);
#1282=ORIENTED_EDGE('',*,*,#1159,.T.);
#1283=EDGE_LOOP('OSCAD_TOPO/3|loop|l:a3a6a189e2c53791d9402f81f21720ec|30bd1c0e5275e2625f6de31e1480cae9bc80c391923526a6b1427c4d376f18cb',(#1279,#1280,#1281,#1282));
#1284=ORIENTED_EDGE('',*,*,#1149,.T.);
#1285=ORIENTED_EDGE('',*,*,#1159,.F.);
#1286=ORIENTED_EDGE('',*,*,#1073,.T.);
#1287=ORIENTED_EDGE('',*,*,#1161,.F.);
#1288=EDGE_LOOP('OSCAD_TOPO/3|loop|l:6ce97c64c077c0d2d8af85633db950c2|473de7ded409d4dc9859ec666a20fe4e8e02076717d961abc395afe9f9b524c2',(#1284,#1285,#1286,#1287));
#1289=ORIENTED_EDGE('',*,*,#1163,.T.);
#1290=ORIENTED_EDGE('',*,*,#1079,.F.);
#1291=ORIENTED_EDGE('',*,*,#1157,.F.);
#1292=ORIENTED_EDGE('',*,*,#1153,.F.);
#1293=EDGE_LOOP('OSCAD_TOPO/3|loop|l:bbb24ae06bd0f408101a0c9c95cbac26|0fd2097d7e1137a96d332dbe4a1603e63450885128dec1f89bbe01d42fbc2318',(#1289,#1290,#1291,#1292));
#1294=ORIENTED_EDGE('',*,*,#1161,.T.);
#1295=ORIENTED_EDGE('',*,*,#1081,.T.);
#1296=ORIENTED_EDGE('',*,*,#1163,.F.);
#1297=ORIENTED_EDGE('',*,*,#1155,.T.);
#1298=EDGE_LOOP('OSCAD_TOPO/3|loop|l:252133a79370fafb4c815100195fc256|d5dd4fc9e2b18f7fee7a0a541dd0b2f3309af76b6df87f6528a0b85cf147db2d',(#1294,#1295,#1296,#1297));
#1299=FACE_OUTER_BOUND('',#1168,.T.);
#1300=ADVANCED_FACE('OSCAD_TOPO/3|face|f:aa09e8eb4e7f51f5140ad34d388fbf12|386b2060ace679823b3abd7915d22ecf37f859049862a05ba76434551607b66d',(#1299),#71,.T.);
#1301=FACE_OUTER_BOUND('',#1173,.T.);
#1302=ADVANCED_FACE('OSCAD_TOPO/3|face|f:2bd3c4b2d9be6d6f2f965937a44e57ed|f9a357a8e92322d54104c5a0f51498dd915dcf71ffe7a3d2377aaafd74b8a581',(#1301),#76,.T.);
#1303=FACE_OUTER_BOUND('',#1178,.T.);
#1304=ADVANCED_FACE('OSCAD_TOPO/3|face|f:e4f60867910b22cae10c646a623f6393|cf675bc1971ea42ab7928d8afab94a7ee83ac4dd2c273772c0bb1a2cb47518aa',(#1303),#89,.T.);
#1305=FACE_OUTER_BOUND('',#1183,.T.);
#1306=ADVANCED_FACE('OSCAD_TOPO/3|face|f:4e22f4e06d03b3b7c3b495a77becf8ae|0fba9bced8964be309d72a2a6cca32e84c4a531f84acf37e5fc5ab60dabe866b',(#1305),#102,.T.);
#1307=FACE_OUTER_BOUND('',#1188,.T.);
#1308=ADVANCED_FACE('OSCAD_TOPO/3|face|f:0924953aa9245fb4fbf9c639f045e5b5|78a7e070f09b297bbe72ccce3600b85e097782726f2102fb595107674335f916',(#1307),#107,.T.);
#1309=FACE_OUTER_BOUND('',#1193,.T.);
#1310=ADVANCED_FACE('OSCAD_TOPO/3|face|f:f97ecc95a3a3d91d84e3244b2bca9b6e|094874d710a2d9081e5908a811a4cc15853bd88c71e099307ebd17d282624196',(#1309),#117,.T.);
#1311=FACE_OUTER_BOUND('',#1198,.T.);
#1312=ADVANCED_FACE('OSCAD_TOPO/3|face|f:892d866aaa2023fcf70fee1b5514d02a|d7239d236bdc9805e93fad1213bcd23a06d78d292f7a457eb0fe5002b783c07c',(#1311),#76,.T.);
#1313=FACE_OUTER_BOUND('',#1203,.T.);
#1314=ADVANCED_FACE('OSCAD_TOPO/3|face|f:821c5370546972f39d4e80a1dcd9acc6|ee57535670a81933b8d42e196250ece3e21f6031428a948f8ef185729602405e',(#1313),#124,.T.);
#1315=FACE_OUTER_BOUND('',#1208,.T.);
#1316=ADVANCED_FACE('OSCAD_TOPO/3|face|f:c85d42c98e69260eb423586d10cb3d7b|c540b046b9b276991e2ea86458d0bc828bb1934b2d9bfb503855eed052c0a1ca',(#1315),#131,.T.);
#1317=FACE_OUTER_BOUND('',#1213,.T.);
#1318=ADVANCED_FACE('OSCAD_TOPO/3|face|f:f9656a32742320f8d5dbe1588a9d43d5|074dd113e41caf47eba6057f3fa20f82ef872c5eb94b28b8bfe2538d8e555555',(#1317),#107,.T.);
#1319=FACE_OUTER_BOUND('',#1218,.T.);
#1320=ADVANCED_FACE('OSCAD_TOPO/3|face|f:58bfc94e15b95f221b366398d225c9f3|287a2b77b428d16cbc2d60cf4e323319f22fd8aeb0dd94653db454a290cb6ac0',(#1319),#150,.T.);
#1321=FACE_OUTER_BOUND('',#1223,.T.);
#1322=ADVANCED_FACE('OSCAD_TOPO/3|face|f:a14a3ce39d9c6eaed6f4f6f94cb83e7f|5ed186ba09bfba902208de905097e6d47ced3de74fa006c00f60ed6cb632d997',(#1321),#76,.T.);
#1323=FACE_OUTER_BOUND('',#1228,.T.);
#1324=ADVANCED_FACE('OSCAD_TOPO/3|face|f:509dd4d8ad9940b10778c543a17f8d9b|5660ef7bc6862d92ba939e3102f853bb082c5a1e59dca312c482f7f495d98f86',(#1323),#163,.T.);
#1325=FACE_OUTER_BOUND('',#1233,.T.);
#1326=ADVANCED_FACE('OSCAD_TOPO/3|face|f:c3fc7ba9b663c4d7765863edef403382|4517b01d09647fef11893fe0a8362ca58639d037ea5fa1e17fb27099f5115e3e',(#1325),#176,.T.);
#1327=FACE_OUTER_BOUND('',#1238,.T.);
#1328=ADVANCED_FACE('OSCAD_TOPO/3|face|f:a3443bb74e463eebc0b25478e1105093|405abd434c0157e710038af5072de680a1f6075af4b0b4d9df44a8c524dbb869',(#1327),#107,.T.);
#1329=FACE_OUTER_BOUND('',#1243,.T.);
#1330=ADVANCED_FACE('OSCAD_TOPO/3|face|f:84d0077554bf7bc2e7b73a806e9fe034|2f60b5f394bb925a5c5a3858e8d6ba5b281246801cb110766245b1c81d92a328',(#1329),#76,.T.);
#1331=FACE_OUTER_BOUND('',#1248,.T.);
#1332=ADVANCED_FACE('OSCAD_TOPO/3|face|f:e9832d73fa11fe36eeb0809e6c814150|8cf955b542764d294111f93416131bbb989341b16332762d5a9769bdd5224a17',(#1331),#183,.T.);
#1333=FACE_OUTER_BOUND('',#1253,.T.);
#1334=ADVANCED_FACE('OSCAD_TOPO/3|face|f:3afdb876ae61ac789320468653ec5005|4973dbbb0154a52bac1a0cf41f6d4793f90722b1a22237ced0ef84895e2fd565',(#1333),#190,.T.);
#1335=FACE_OUTER_BOUND('',#1258,.T.);
#1336=ADVANCED_FACE('OSCAD_TOPO/3|face|f:fc90c9e60788233fffb837617376fab0|4017ce83a24476aa0b68d090b623f4efbe65d445991e24d562187349c422ee02',(#1335),#107,.T.);
#1337=FACE_OUTER_BOUND('',#1263,.T.);
#1338=ADVANCED_FACE('OSCAD_TOPO/3|face|f:7e2f07e68ebe7e785298b972238f9260|08852ae0498c0cbf5a6cc5a20a8009efeb1cff1db65d22f1ff7809408437ef7f',(#1337),#195,.T.);
#1339=FACE_OUTER_BOUND('',#1268,.T.);
#1340=ADVANCED_FACE('OSCAD_TOPO/3|face|f:2ad3f61f6e7664bc7e735639fadf7513|4d9b46eaece486d25cd1587ef0a3519badae0c269c39201893d3f5e6526e1cb9',(#1339),#202,.T.);
#1341=FACE_OUTER_BOUND('',#1273,.T.);
#1342=ADVANCED_FACE('OSCAD_TOPO/3|face|f:cb6cea4ed72ce7bb02323e0f9aaa7591|c49162c1e3772d0c87d1fd197c3299e8a8f0633d6bf7e00b16d776a839138b6d',(#1341),#209,.T.);
#1343=FACE_OUTER_BOUND('',#1278,.T.);
#1344=ADVANCED_FACE('OSCAD_TOPO/3|face|f:fe60e386c57a0e38068b81afb319dfcf|4633d67aec35debd7024c749e33e3d8f13d94b0b364d35f49b59cdd04ef088fe',(#1343),#214,.T.);
#1345=FACE_OUTER_BOUND('',#1283,.T.);
#1346=ADVANCED_FACE('OSCAD_TOPO/3|face|f:8e6592ed90784477da82396263d90b22|109c6342bb4f384569187a123888d18214abde91bdc5e559bc48a69b877a015f',(#1345),#219,.T.);
#1347=FACE_OUTER_BOUND('',#1288,.T.);
#1348=ADVANCED_FACE('OSCAD_TOPO/3|face|f:0b935c73ba29f536ee07bf162ef23cff|d235e268a1f684a92434daaf1ac3942b4200385701bee55144ceb65ff6515723',(#1347),#226,.T.);
#1349=FACE_OUTER_BOUND('',#1293,.T.);
#1350=ADVANCED_FACE('OSCAD_TOPO/3|face|f:b5473bd01a4b9253561c26de257fe349|ff9da43213e115c068aebda6cd1f9c944842506f2882939c486808b1b80ddb59',(#1349),#233,.T.);
#1351=FACE_OUTER_BOUND('',#1298,.T.);
#1352=ADVANCED_FACE('OSCAD_TOPO/3|face|f:73ec34ece1158edf6b4ca66fbca9d91d|737c1dad232987dfa34fa7f2771a74bc86c454d26bb68d84f2df2fd64dc8e443',(#1351),#238,.T.);
#1353=CLOSED_SHELL('OSCAD_TOPO/3|shell|s:12098b74c748cc947cc05817c0ad03f8|00e31ec4cce4d6f9847c0bd6ab3215189a44d5b3604e263689028e30854374b5',(#1300,#1302,#1304,#1306,#1308,#1310,#1312,#1314,#1316,#1318,#1320,#1322,#1324,#1326,#1328,#1330,#1332,#1334,#1336,#1338,#1340,#1342,#1344,#1346,#1348,#1350,#1352));
#1354=MANIFOLD_SOLID_BREP('OSCAD_TOPO/3|body|b:a163d11ca6f3c1932f139d7745500986|4b1dcf1fca00a56bbcf256a473d964628f5b570f94ebd5b9b941188e2365d32c',#1353);
#1355=(LENGTH_UNIT()NAMED_UNIT(*)SI_UNIT(.MILLI.,.METRE.));
#1356=UNCERTAINTY_MEASURE_WITH_UNIT(LENGTH_MEASURE(9.99999999999999955E-8),#1355,'distance_accuracy_value','');
#1357=(GEOMETRIC_REPRESENTATION_CONTEXT(3)GLOBAL_UNCERTAINTY_ASSIGNED_CONTEXT((#1356))GLOBAL_UNIT_ASSIGNED_CONTEXT((#1355))REPRESENTATION_CONTEXT('','3D'));
#1358=ADVANCED_BREP_SHAPE_REPRESENTATION('',(#1354),#1357);
#1359=APPLICATION_CONTEXT('managed model based 3d engineering');
#1360=PRODUCT_CONTEXT('',#1359,'mechanical');
#1361=PRODUCT('model','model','',(#1360));
#1362=PRODUCT_DEFINITION_FORMATION('1','',#1361);
#1363=PRODUCT_DEFINITION_CONTEXT('part definition',#1359,'design');
#1364=PRODUCT_DEFINITION('design','',#1362,#1363);
#1365=PRODUCT_DEFINITION_SHAPE('','',#1364);
#1366=SHAPE_DEFINITION_REPRESENTATION(#1365,#1358);
ENDSEC;
END-ISO-10303-21;
