ISO-10303-21;
HEADER;
FILE_DESCRIPTION(('OpenSCAD Viewer retained AP242 B-rep'),'2;1');
FILE_NAME('model.step','',(''),(''),'OpenSCAD Viewer','OpenSCAD Viewer','');
FILE_SCHEMA(('AP242_MANAGED_MODEL_BASED_3D_ENGINEERING_MIM_LF'));
ENDSEC;
DATA;
#1=CARTESIAN_POINT('',(4.00000000000000000E1,0.00000000000000000E0,1.20000000000000000E1));
#2=VERTEX_POINT('OSCAD_TOPO/3|vertex|v:f299cc8dedcb52d43eff945f5b83760e|fa5adc5ea35990a95fb73ea71af1fc3dfc62eea658155e5a0b1d0d8c5f641175',#1);
#3=CARTESIAN_POINT('',(3.64932415341958247E1,-1.51159955784210460E1,1.20000000000000000E1));
#4=VERTEX_POINT('OSCAD_TOPO/3|vertex|v:229bf77dc094016d64ba98a62e4b0645|3af2506b4d33810bc5dadece96a7d90afe6e6fc9a5548a0f2c04d1081b853f49',#3);
#5=CARTESIAN_POINT('',(3.69551813004514713E1,-1.53073372946035917E1,1.15000000000000000E1));
#6=VERTEX_POINT('OSCAD_TOPO/3|vertex|v:41715637a4e5ee3348d423d2690458ff|bd2c71816ae6fd747d7337a5791b10bfd274f0ca6eed5f53b4a5e6d9649283e0',#5);
#7=CARTESIAN_POINT('',(1.00000000000000000E1,0.00000000000000000E0,1.20000000000000000E1));
#8=VERTEX_POINT('OSCAD_TOPO/3|vertex|v:237d61bf35ad7a562e12c12f09bdd3bc|e1f134a607be48d132b56e06127cb859fecb7e83f0bb220ec72fc60678506601',#7);
#9=CARTESIAN_POINT('',(9.23879532511286783E0,-3.82683432365089837E0,1.20000000000000000E1));
#10=VERTEX_POINT('OSCAD_TOPO/3|vertex|v:72d364ccacfc82effc3dcf8aae01d9db|8972d41be511b3d3e0902e20708e2635a8f4afdf8ff8987bc5c1686ecc7610b9',#9);
#11=CARTESIAN_POINT('',(4.00000000000000000E1,0.00000000000000000E0,0.00000000000000000E0));
#12=VERTEX_POINT('OSCAD_TOPO/3|vertex|v:00043a01e0f479e2548c3291a1b550b6|3f743843ec3bc841c4040bf6d9854da68b7a767cf4a838f8d1ead97d821e1c9a',#11);
#13=CARTESIAN_POINT('',(3.69551813004514713E1,-1.53073372946035917E1,0.00000000000000000E0));
#14=VERTEX_POINT('OSCAD_TOPO/3|vertex|v:f9261faf882cfdb35e735bbd990dd347|5a36441828bf80c3ab7070c7d8d758519cd02ae29308e472c012346510ef2368',#13);
#15=CARTESIAN_POINT('',(1.00000000000000000E1,0.00000000000000000E0,0.00000000000000000E0));
#16=VERTEX_POINT('OSCAD_TOPO/3|vertex|v:de3e486565e3a7617eea6e36ede06c2b|3353643bad860c733430b2273204e26943203410030abd80943e3de65777f15e',#15);
#17=CARTESIAN_POINT('',(9.23879532511286783E0,-3.82683432365089837E0,0.00000000000000000E0));
#18=VERTEX_POINT('OSCAD_TOPO/3|vertex|v:2ad037b7765b0dfe4b937283d2e474e5|b1fecbc292c66d8e18885bef5cff8d83687075ac7afae77ec1ebe1f43fab5e2b',#17);
#19=CARTESIAN_POINT('',(1.51159955784210478E1,-3.64932415341958247E1,1.20000000000000000E1));
#20=VERTEX_POINT('OSCAD_TOPO/3|vertex|v:3fffefdc4fd892328f90355ab3502543|cbb860c40853823a071c41d1759c51dedbdc9a18f13337f889d3eb32b5bac724',#19);
#21=CARTESIAN_POINT('',(1.53073372946035935E1,-3.69551813004514713E1,1.15000000000000000E1));
#22=VERTEX_POINT('OSCAD_TOPO/3|vertex|v:60231d962048c943351dfdbc77367e67|5a20006d78136cc8057dcc09adf29e998215b9ed89d71d7b4ff848d65d5e7e16',#21);
#23=CARTESIAN_POINT('',(3.82683432365089837E0,-9.23879532511286783E0,1.20000000000000000E1));
#24=VERTEX_POINT('OSCAD_TOPO/3|vertex|v:e42b808bc3602585dda09fdac92d9580|4aad55696d4dd0181299e781d188e7d558bcdb2729cc32f5373217e3a1faf544',#23);
#25=CARTESIAN_POINT('',(1.53073372946035935E1,-3.69551813004514713E1,0.00000000000000000E0));
#26=VERTEX_POINT('OSCAD_TOPO/3|vertex|v:69a4b4378539d12777015c82ebd3c83b|31c4908e314479a4769449ba9b96bffc678986fdd4c16acdb0cb245c0f527037',#25);
#27=CARTESIAN_POINT('',(3.82683432365089837E0,-9.23879532511286783E0,0.00000000000000000E0));
#28=VERTEX_POINT('OSCAD_TOPO/3|vertex|v:0b7308a1b2abe7da8894fc5b642d3e25|58702c2bf794be7f5cf9fa532c4a1ec799ade6137d1e68c169bf7d2254733daa',#27);
#29=CARTESIAN_POINT('',(0.00000000000000000E0,-4.00000000000000000E1,1.20000000000000000E1));
#30=VERTEX_POINT('OSCAD_TOPO/3|vertex|v:f933f91ff840fe638dfdb2aeca5b944f|eb8fb0cf7f6c2744aea6fd0bf9dbcbcbb7f33d71b023c93a0b369bd7c953fefd',#29);
#31=CARTESIAN_POINT('',(0.00000000000000000E0,-1.00000000000000000E1,1.20000000000000000E1));
#32=VERTEX_POINT('OSCAD_TOPO/3|vertex|v:8415092bae0070d7567c09c242191a27|0696d7771995b4c63266a1b6619108a04ace8428d245d0ad457b6c7d0417ff5c',#31);
#33=CARTESIAN_POINT('',(0.00000000000000000E0,-4.00000000000000000E1,0.00000000000000000E0));
#34=VERTEX_POINT('OSCAD_TOPO/3|vertex|v:452704ddb8441b1355f064495809aabd|affd2109d6999cfcf2037f5040dd22de42ad93c5d87e9a80bfe312ef05d952f6',#33);
#35=CARTESIAN_POINT('',(0.00000000000000000E0,-1.00000000000000000E1,0.00000000000000000E0));
#36=VERTEX_POINT('OSCAD_TOPO/3|vertex|v:5658a43174d96d79374a73200af5ef93|ea90c5efaccc18729a909cfd7b90e319a1032dc4a9050ece6c5187f101855d6a',#35);
#37=CARTESIAN_POINT('',(-1.00000000000000000E1,0.00000000000000000E0,1.20000000000000000E1));
#38=VERTEX_POINT('OSCAD_TOPO/3|vertex|v:60d8545e2f6055bc0c954b3a43633f3d|4345cbf374d0146b6799a609bc502f370e796861519c882c4ecf357b1f261695',#37);
#39=CARTESIAN_POINT('',(-4.00000000000000000E1,0.00000000000000000E0,1.20000000000000000E1));
#40=VERTEX_POINT('OSCAD_TOPO/3|vertex|v:18beaded5546db2d34c2ca15496e9216|4da539041f005a054c96ed66d96636a0069f69ec2ec60bd562c67e73c5236615',#39);
#41=CARTESIAN_POINT('',(-4.00000000000000000E1,0.00000000000000000E0,0.00000000000000000E0));
#42=VERTEX_POINT('OSCAD_TOPO/3|vertex|v:eb874130f4305e542a8fb7a3cd5b22bd|2489a83342ef917fa41fd65645e52442853dd3f2d4c6b13ec7089e4a0cd86256',#41);
#43=CARTESIAN_POINT('',(-1.00000000000000000E1,0.00000000000000000E0,0.00000000000000000E0));
#44=VERTEX_POINT('OSCAD_TOPO/3|vertex|v:7616f68acae257169fc22b46681568d2|02f7380f18527975955058662daf044b41d418ecc2b2b58f19a5fd49e70c13cc',#43);
#45=CARTESIAN_POINT('',(0.00000000000000000E0,1.00000000000000000E1,1.20000000000000000E1));
#46=VERTEX_POINT('OSCAD_TOPO/3|vertex|v:e8a6e6d1bbb23df953b7461bb3cda9ee|fe4290269b3715cf3792a9971e2646f7f40369b90bc2d96345fe0c69d3fc1927',#45);
#47=CARTESIAN_POINT('',(0.00000000000000000E0,4.00000000000000000E1,1.20000000000000000E1));
#48=VERTEX_POINT('OSCAD_TOPO/3|vertex|v:033504ed494513810991eb08a7f3f6e2|f07172f50f346d4337411dd395f468dd07b9f444d83e1393f9ef6a17f148acdb',#47);
#49=CARTESIAN_POINT('',(0.00000000000000000E0,4.00000000000000000E1,0.00000000000000000E0));
#50=VERTEX_POINT('OSCAD_TOPO/3|vertex|v:7bd5cc8ea55b3355a9f78ceb4d9a988e|4fda4195b17706d1b1f2067d57ae907c8dfc6cc76aeb8ee74c96ae62e2a03556',#49);
#51=CARTESIAN_POINT('',(0.00000000000000000E0,1.00000000000000000E1,0.00000000000000000E0));
#52=VERTEX_POINT('OSCAD_TOPO/3|vertex|v:20390dbab053390b17f1cd806dfaa2db|01ca02167a710a35a72e0cc32f356edccab0d226bfb29f014dd9ca88560e82d4',#51);
#53=CARTESIAN_POINT('',(4.00000000000000000E1,0.00000000000000000E0,1.20000000000000000E1));
#54=CARTESIAN_POINT('',(4.00000000000000000E1,0.00000000000000000E0,1.20000000000000000E1));
#55=CARTESIAN_POINT('',(4.00000000000000000E1,0.00000000000000000E0,1.20000000000000000E1));
#56=CARTESIAN_POINT('',(4.00000000000000000E1,-3.14562205052132482E0,1.20000000000000000E1));
#57=CARTESIAN_POINT('',(4.00000000000000000E1,-3.14562205052132482E0,1.20000000000000000E1));
#58=CARTESIAN_POINT('',(4.00000000000000000E1,-3.14562205052132482E0,1.20000000000000000E1));
#59=CARTESIAN_POINT('',(3.95402173734989404E1,-6.28536436616304783E0,1.20000000000000000E1));
#60=CARTESIAN_POINT('',(3.96919668678891426E1,-6.28536436616304783E0,1.20000000000000000E1));
#61=CARTESIAN_POINT('',(3.96919668678891355E1,-6.28536436616304783E0,1.18482505056098031E1));
#62=CARTESIAN_POINT('',(3.87276500980575946E1,-9.32332891059868096E0,1.20000000000000000E1));
#63=CARTESIAN_POINT('',(3.90759006036673995E1,-9.38253862605141720E0,1.20000000000000000E1));
#64=CARTESIAN_POINT('',(3.90759006036673924E1,-9.38253862605141720E0,1.16517494943901951E1));
#65=CARTESIAN_POINT('',(3.76819717593724306E1,-1.22461469467968680E1,1.20000000000000000E1));
#66=CARTESIAN_POINT('',(3.81589587436682791E1,-1.24011614651107518E1,1.20000000000000000E1));
#67=CARTESIAN_POINT('',(3.81589587436682791E1,-1.24011614651107518E1,1.15000000000000000E1));
#68=CARTESIAN_POINT('',(3.64932415341958247E1,-1.51159955784210460E1,1.20000000000000000E1));
#69=CARTESIAN_POINT('',(3.69551813004514713E1,-1.53073372946035917E1,1.20000000000000000E1));
#70=CARTESIAN_POINT('',(3.69551813004514713E1,-1.53073372946035917E1,1.15000000000000000E1));
#71=(BOUNDED_SURFACE()B_SPLINE_SURFACE(5,2,((#53,#54,#55),(#56,#57,#58),(#59,#60,#61),(#62,#63,#64),(#65,#66,#67),(#68,#69,#70)),.UNSPECIFIED.,.F.,.F.,.F.)B_SPLINE_SURFACE_WITH_KNOTS((6,6),(3,3),(0.00000000000000000E0,1.00000000000000000E0),(0.00000000000000000E0,1.00000000000000000E0),.UNSPECIFIED.)GEOMETRIC_REPRESENTATION_ITEM()RATIONAL_B_SPLINE_SURFACE(((1.00000000000000000E0,7.07106781186547573E-1,1.00000000000000000E0),(9.92314112161292172E-1,7.01672037776358115E-1,9.92314112161292172E-1),(9.88471168241938147E-1,6.98954666071263220E-1,9.88471168241938147E-1),(9.88471168241938258E-1,6.98954666071263331E-1,9.88471168241938258E-1),(9.92314112161292172E-1,7.01672037776358115E-1,9.92314112161292172E-1),(1.00000000000000000E0,7.07106781186547573E-1,1.00000000000000000E0)))REPRESENTATION_ITEM('')SURFACE());
#72=CARTESIAN_POINT('',(-4.00000000000000000E1,-4.00000000000000000E1,1.20000000000000000E1));
#73=CARTESIAN_POINT('',(-4.00000000000000000E1,4.00000000000000000E1,1.20000000000000000E1));
#74=CARTESIAN_POINT('',(4.00000000000000000E1,-4.00000000000000000E1,1.20000000000000000E1));
#75=CARTESIAN_POINT('',(4.00000000000000000E1,4.00000000000000000E1,1.20000000000000000E1));
#76=B_SPLINE_SURFACE_WITH_KNOTS('',1,1,((#72,#73),(#74,#75)),.UNSPECIFIED.,.F.,.F.,.F.,(2,2),(2,2),(-4.00000000000000000E1,4.00000000000000000E1),(-4.00000000000000000E1,4.00000000000000000E1),.UNSPECIFIED.);
#77=CARTESIAN_POINT('',(3.69551813004514713E1,-1.53073372946035917E1,0.00000000000000000E0));
#78=CARTESIAN_POINT('',(3.69551813004514713E1,-1.53073372946035917E1,1.15000000000000000E1));
#79=CARTESIAN_POINT('',(3.81589587436682791E1,-1.24011614651107518E1,0.00000000000000000E0));
#80=CARTESIAN_POINT('',(3.81589587436682791E1,-1.24011614651107518E1,1.15000000000000000E1));
#81=CARTESIAN_POINT('',(3.90759006036673924E1,-9.38253862605141720E0,0.00000000000000000E0));
#82=CARTESIAN_POINT('',(3.90759006036673924E1,-9.38253862605141720E0,1.16517494943901951E1));
#83=CARTESIAN_POINT('',(3.96919668678891355E1,-6.28536436616304783E0,0.00000000000000000E0));
#84=CARTESIAN_POINT('',(3.96919668678891355E1,-6.28536436616304783E0,1.18482505056098031E1));
#85=CARTESIAN_POINT('',(4.00000000000000000E1,-3.14562205052132482E0,0.00000000000000000E0));
#86=CARTESIAN_POINT('',(4.00000000000000000E1,-3.14562205052132482E0,1.20000000000000000E1));
#87=CARTESIAN_POINT('',(4.00000000000000000E1,0.00000000000000000E0,0.00000000000000000E0));
#88=CARTESIAN_POINT('',(4.00000000000000000E1,0.00000000000000000E0,1.20000000000000000E1));
#89=(BOUNDED_SURFACE()B_SPLINE_SURFACE(5,1,((#77,#78),(#79,#80),(#81,#82),(#83,#84),(#85,#86),(#87,#88)),.UNSPECIFIED.,.F.,.F.,.F.)B_SPLINE_SURFACE_WITH_KNOTS((6,6),(2,2),(0.00000000000000000E0,3.00000000000000000E0),(0.00000000000000000E0,1.00000000000000000E0),.UNSPECIFIED.)GEOMETRIC_REPRESENTATION_ITEM()RATIONAL_B_SPLINE_SURFACE(((1.00000000000000000E0,1.00000000000000000E0),(9.92314112161292172E-1,9.92314112161292172E-1),(9.88471168241938258E-1,9.88471168241938258E-1),(9.88471168241938147E-1,9.88471168241938147E-1),(9.92314112161292172E-1,9.92314112161292172E-1),(1.00000000000000000E0,1.00000000000000000E0)))REPRESENTATION_ITEM('')SURFACE());
#90=CARTESIAN_POINT('',(1.00000000000000000E1,0.00000000000000000E0,0.00000000000000000E0));
#91=CARTESIAN_POINT('',(1.00000000000000000E1,0.00000000000000000E0,1.20000000000000000E1));
#92=CARTESIAN_POINT('',(1.00000000000000000E1,-7.86405512630331205E-1,0.00000000000000000E0));
#93=CARTESIAN_POINT('',(1.00000000000000000E1,-7.86405512630331205E-1,1.20000000000000000E1));
#94=CARTESIAN_POINT('',(9.92299171697228388E0,-1.57134109154076196E0,0.00000000000000000E0));
#95=CARTESIAN_POINT('',(9.92299171697228388E0,-1.57134109154076196E0,1.20000000000000000E1));
#96=CARTESIAN_POINT('',(9.76897515091684809E0,-2.34563465651285430E0,0.00000000000000000E0));
#97=CARTESIAN_POINT('',(9.76897515091684809E0,-2.34563465651285430E0,1.20000000000000000E1));
#98=CARTESIAN_POINT('',(9.53973968591706978E0,-3.10029036627768795E0,0.00000000000000000E0));
#99=CARTESIAN_POINT('',(9.53973968591706978E0,-3.10029036627768795E0,1.20000000000000000E1));
#100=CARTESIAN_POINT('',(9.23879532511286783E0,-3.82683432365089837E0,0.00000000000000000E0));
#101=CARTESIAN_POINT('',(9.23879532511286783E0,-3.82683432365089837E0,1.20000000000000000E1));
#102=(BOUNDED_SURFACE()B_SPLINE_SURFACE(5,1,((#90,#91),(#92,#93),(#94,#95),(#96,#97),(#98,#99),(#100,#101)),.UNSPECIFIED.,.F.,.F.,.F.)B_SPLINE_SURFACE_WITH_KNOTS((6,6),(2,2),(0.00000000000000000E0,3.00000000000000000E0),(0.00000000000000000E0,1.00000000000000000E0),.UNSPECIFIED.)GEOMETRIC_REPRESENTATION_ITEM()RATIONAL_B_SPLINE_SURFACE(((1.00000000000000000E0,1.00000000000000000E0),(9.92314112161292172E-1,9.92314112161292172E-1),(9.88471168241938147E-1,9.88471168241938147E-1),(9.88471168241938258E-1,9.88471168241938258E-1),(9.92314112161292172E-1,9.92314112161292172E-1),(1.00000000000000000E0,1.00000000000000000E0)))REPRESENTATION_ITEM('')SURFACE());
#103=CARTESIAN_POINT('',(4.00000000000000000E1,-4.00000000000000000E1,0.00000000000000000E0));
#104=CARTESIAN_POINT('',(4.00000000000000000E1,4.00000000000000000E1,0.00000000000000000E0));
#105=CARTESIAN_POINT('',(-4.00000000000000000E1,-4.00000000000000000E1,0.00000000000000000E0));
#106=CARTESIAN_POINT('',(-4.00000000000000000E1,4.00000000000000000E1,0.00000000000000000E0));
#107=B_SPLINE_SURFACE_WITH_KNOTS('',1,1,((#103,#104),(#105,#106)),.UNSPECIFIED.,.F.,.F.,.F.,(2,2),(2,2),(-4.00000000000000000E1,4.00000000000000000E1),(-4.00000000000000000E1,4.00000000000000000E1),.UNSPECIFIED.);
#108=CARTESIAN_POINT('',(3.64932415341958247E1,-1.51159955784210460E1,1.20000000000000000E1));
#109=CARTESIAN_POINT('',(3.69551813004514713E1,-1.53073372946035917E1,1.20000000000000000E1));
#110=CARTESIAN_POINT('',(3.69551813004514713E1,-1.53073372946035917E1,1.15000000000000000E1));
#111=CARTESIAN_POINT('',(3.02319911568420920E1,-3.02319911568420885E1,1.20000000000000000E1));
#112=CARTESIAN_POINT('',(3.06146745892071834E1,-3.06146745892071763E1,1.20000000000000000E1));
#113=CARTESIAN_POINT('',(3.06146745892071834E1,-3.06146745892071763E1,1.15000000000000000E1));
#114=CARTESIAN_POINT('',(1.51159955784210478E1,-3.64932415341958247E1,1.20000000000000000E1));
#115=CARTESIAN_POINT('',(1.53073372946035935E1,-3.69551813004514713E1,1.20000000000000000E1));
#116=CARTESIAN_POINT('',(1.53073372946035935E1,-3.69551813004514713E1,1.15000000000000000E1));
#117=(BOUNDED_SURFACE()B_SPLINE_SURFACE(2,2,((#108,#109,#110),(#111,#112,#113),(#114,#115,#116)),.UNSPECIFIED.,.F.,.F.,.F.)B_SPLINE_SURFACE_WITH_KNOTS((3,3),(3,3),(0.00000000000000000E0,1.00000000000000000E0),(0.00000000000000000E0,1.00000000000000000E0),.UNSPECIFIED.)GEOMETRIC_REPRESENTATION_ITEM()RATIONAL_B_SPLINE_SURFACE(((1.00000000000000000E0,7.07106781186547573E-1,1.00000000000000000E0),(9.23879532511286738E-1,6.53281482438188288E-1,9.23879532511286738E-1),(1.00000000000000000E0,7.07106781186547573E-1,1.00000000000000000E0)))REPRESENTATION_ITEM('')SURFACE());
#118=CARTESIAN_POINT('',(1.53073372946035935E1,-3.69551813004514713E1,0.00000000000000000E0));
#119=CARTESIAN_POINT('',(1.53073372946035935E1,-3.69551813004514713E1,1.15000000000000000E1));
#120=CARTESIAN_POINT('',(3.06146745892071834E1,-3.06146745892071763E1,0.00000000000000000E0));
#121=CARTESIAN_POINT('',(3.06146745892071834E1,-3.06146745892071763E1,1.15000000000000000E1));
#122=CARTESIAN_POINT('',(3.69551813004514713E1,-1.53073372946035917E1,0.00000000000000000E0));
#123=CARTESIAN_POINT('',(3.69551813004514713E1,-1.53073372946035917E1,1.15000000000000000E1));
#124=(BOUNDED_SURFACE()B_SPLINE_SURFACE(2,1,((#118,#119),(#120,#121),(#122,#123)),.UNSPECIFIED.,.F.,.F.,.F.)B_SPLINE_SURFACE_WITH_KNOTS((3,3),(2,2),(0.00000000000000000E0,3.00000000000000000E0),(0.00000000000000000E0,1.00000000000000000E0),.UNSPECIFIED.)GEOMETRIC_REPRESENTATION_ITEM()RATIONAL_B_SPLINE_SURFACE(((1.00000000000000000E0,1.00000000000000000E0),(9.23879532511286738E-1,9.23879532511286738E-1),(1.00000000000000000E0,1.00000000000000000E0)))REPRESENTATION_ITEM('')SURFACE());
#125=CARTESIAN_POINT('',(9.23879532511286783E0,-3.82683432365089837E0,0.00000000000000000E0));
#126=CARTESIAN_POINT('',(9.23879532511286783E0,-3.82683432365089837E0,1.20000000000000000E1));
#127=CARTESIAN_POINT('',(7.65366864730179675E0,-7.65366864730179408E0,0.00000000000000000E0));
#128=CARTESIAN_POINT('',(7.65366864730179675E0,-7.65366864730179408E0,1.20000000000000000E1));
#129=CARTESIAN_POINT('',(3.82683432365089837E0,-9.23879532511286783E0,0.00000000000000000E0));
#130=CARTESIAN_POINT('',(3.82683432365089837E0,-9.23879532511286783E0,1.20000000000000000E1));
#131=(BOUNDED_SURFACE()B_SPLINE_SURFACE(2,1,((#125,#126),(#127,#128),(#129,#130)),.UNSPECIFIED.,.F.,.F.,.F.)B_SPLINE_SURFACE_WITH_KNOTS((3,3),(2,2),(0.00000000000000000E0,3.00000000000000000E0),(0.00000000000000000E0,1.00000000000000000E0),.UNSPECIFIED.)GEOMETRIC_REPRESENTATION_ITEM()RATIONAL_B_SPLINE_SURFACE(((1.00000000000000000E0,1.00000000000000000E0),(9.23879532511286738E-1,9.23879532511286738E-1),(1.00000000000000000E0,1.00000000000000000E0)))REPRESENTATION_ITEM('')SURFACE());
#132=CARTESIAN_POINT('',(1.51159955784210478E1,-3.64932415341958247E1,1.20000000000000000E1));
#133=CARTESIAN_POINT('',(1.53073372946035935E1,-3.69551813004514713E1,1.20000000000000000E1));
#134=CARTESIAN_POINT('',(1.53073372946035935E1,-3.69551813004514713E1,1.15000000000000000E1));
#135=CARTESIAN_POINT('',(1.22461469467968715E1,-3.76819717593724306E1,1.20000000000000000E1));
#136=CARTESIAN_POINT('',(1.24011614651107553E1,-3.81589587436682791E1,1.20000000000000000E1));
#137=CARTESIAN_POINT('',(1.24011614651107536E1,-3.81589587436682791E1,1.15000000000000000E1));
#138=CARTESIAN_POINT('',(9.32332891059868452E0,-3.87276500980575946E1,1.20000000000000000E1));
#139=CARTESIAN_POINT('',(9.38253862605142075E0,-3.90759006036674066E1,1.20000000000000000E1));
#140=CARTESIAN_POINT('',(9.38253862605142075E0,-3.90759006036673995E1,1.16517494943901969E1));
#141=CARTESIAN_POINT('',(6.28536436616304872E0,-3.95402173734989333E1,1.20000000000000000E1));
#142=CARTESIAN_POINT('',(6.28536436616304961E0,-3.96919668678891355E1,1.20000000000000000E1));
#143=CARTESIAN_POINT('',(6.28536436616304872E0,-3.96919668678891284E1,1.18482505056098031E1));
#144=CARTESIAN_POINT('',(3.14562205052132615E0,-4.00000000000000000E1,1.20000000000000000E1));
#145=CARTESIAN_POINT('',(3.14562205052132615E0,-4.00000000000000000E1,1.20000000000000000E1));
#146=CARTESIAN_POINT('',(3.14562205052132615E0,-4.00000000000000000E1,1.20000000000000000E1));
#147=CARTESIAN_POINT('',(0.00000000000000000E0,-4.00000000000000000E1,1.20000000000000000E1));
#148=CARTESIAN_POINT('',(0.00000000000000000E0,-4.00000000000000000E1,1.20000000000000000E1));
#149=CARTESIAN_POINT('',(0.00000000000000000E0,-4.00000000000000000E1,1.20000000000000000E1));
#150=(BOUNDED_SURFACE()B_SPLINE_SURFACE(5,2,((#132,#133,#134),(#135,#136,#137),(#138,#139,#140),(#141,#142,#143),(#144,#145,#146),(#147,#148,#149)),.UNSPECIFIED.,.F.,.F.,.F.)B_SPLINE_SURFACE_WITH_KNOTS((6,6),(3,3),(0.00000000000000000E0,1.00000000000000000E0),(0.00000000000000000E0,1.00000000000000000E0),.UNSPECIFIED.)GEOMETRIC_REPRESENTATION_ITEM()RATIONAL_B_SPLINE_SURFACE(((1.00000000000000000E0,7.07106781186547573E-1,1.00000000000000000E0),(9.92314112161292172E-1,7.01672037776358115E-1,9.92314112161292172E-1),(9.88471168241938147E-1,6.98954666071263220E-1,9.88471168241938147E-1),(9.88471168241938258E-1,6.98954666071263331E-1,9.88471168241938258E-1),(9.92314112161292172E-1,7.01672037776358115E-1,9.92314112161292172E-1),(1.00000000000000000E0,7.07106781186547573E-1,1.00000000000000000E0)))REPRESENTATION_ITEM('')SURFACE());
#151=CARTESIAN_POINT('',(0.00000000000000000E0,-4.00000000000000000E1,0.00000000000000000E0));
#152=CARTESIAN_POINT('',(0.00000000000000000E0,-4.00000000000000000E1,1.20000000000000000E1));
#153=CARTESIAN_POINT('',(3.14562205052132615E0,-4.00000000000000000E1,0.00000000000000000E0));
#154=CARTESIAN_POINT('',(3.14562205052132615E0,-4.00000000000000000E1,1.20000000000000000E1));
#155=CARTESIAN_POINT('',(6.28536436616304872E0,-3.96919668678891284E1,0.00000000000000000E0));
#156=CARTESIAN_POINT('',(6.28536436616304872E0,-3.96919668678891284E1,1.18482505056098031E1));
#157=CARTESIAN_POINT('',(9.38253862605142075E0,-3.90759006036673995E1,0.00000000000000000E0));
#158=CARTESIAN_POINT('',(9.38253862605142075E0,-3.90759006036673995E1,1.16517494943901969E1));
#159=CARTESIAN_POINT('',(1.24011614651107536E1,-3.81589587436682791E1,0.00000000000000000E0));
#160=CARTESIAN_POINT('',(1.24011614651107536E1,-3.81589587436682791E1,1.15000000000000000E1));
#161=CARTESIAN_POINT('',(1.53073372946035935E1,-3.69551813004514713E1,0.00000000000000000E0));
#162=CARTESIAN_POINT('',(1.53073372946035935E1,-3.69551813004514713E1,1.15000000000000000E1));
#163=(BOUNDED_SURFACE()B_SPLINE_SURFACE(5,1,((#151,#152),(#153,#154),(#155,#156),(#157,#158),(#159,#160),(#161,#162)),.UNSPECIFIED.,.F.,.F.,.F.)B_SPLINE_SURFACE_WITH_KNOTS((6,6),(2,2),(0.00000000000000000E0,3.00000000000000000E0),(0.00000000000000000E0,1.00000000000000000E0),.UNSPECIFIED.)GEOMETRIC_REPRESENTATION_ITEM()RATIONAL_B_SPLINE_SURFACE(((1.00000000000000000E0,1.00000000000000000E0),(9.92314112161292172E-1,9.92314112161292172E-1),(9.88471168241938258E-1,9.88471168241938258E-1),(9.88471168241938147E-1,9.88471168241938147E-1),(9.92314112161292172E-1,9.92314112161292172E-1),(1.00000000000000000E0,1.00000000000000000E0)))REPRESENTATION_ITEM('')SURFACE());
#164=CARTESIAN_POINT('',(3.82683432365089837E0,-9.23879532511286783E0,0.00000000000000000E0));
#165=CARTESIAN_POINT('',(3.82683432365089837E0,-9.23879532511286783E0,1.20000000000000000E1));
#166=CARTESIAN_POINT('',(3.10029036627768839E0,-9.53973968591706978E0,0.00000000000000000E0));
#167=CARTESIAN_POINT('',(3.10029036627768839E0,-9.53973968591706978E0,1.20000000000000000E1));
#168=CARTESIAN_POINT('',(2.34563465651285519E0,-9.76897515091684987E0,0.00000000000000000E0));
#169=CARTESIAN_POINT('',(2.34563465651285519E0,-9.76897515091684987E0,1.20000000000000000E1));
#170=CARTESIAN_POINT('',(1.57134109154076218E0,-9.92299171697228211E0,0.00000000000000000E0));
#171=CARTESIAN_POINT('',(1.57134109154076218E0,-9.92299171697228211E0,1.20000000000000000E1));
#172=CARTESIAN_POINT('',(7.86405512630331538E-1,-1.00000000000000000E1,0.00000000000000000E0));
#173=CARTESIAN_POINT('',(7.86405512630331538E-1,-1.00000000000000000E1,1.20000000000000000E1));
#174=CARTESIAN_POINT('',(0.00000000000000000E0,-1.00000000000000000E1,0.00000000000000000E0));
#175=CARTESIAN_POINT('',(0.00000000000000000E0,-1.00000000000000000E1,1.20000000000000000E1));
#176=(BOUNDED_SURFACE()B_SPLINE_SURFACE(5,1,((#164,#165),(#166,#167),(#168,#169),(#170,#171),(#172,#173),(#174,#175)),.UNSPECIFIED.,.F.,.F.,.F.)B_SPLINE_SURFACE_WITH_KNOTS((6,6),(2,2),(0.00000000000000000E0,3.00000000000000000E0),(0.00000000000000000E0,1.00000000000000000E0),.UNSPECIFIED.)GEOMETRIC_REPRESENTATION_ITEM()RATIONAL_B_SPLINE_SURFACE(((1.00000000000000000E0,1.00000000000000000E0),(9.92314112161292172E-1,9.92314112161292172E-1),(9.88471168241938147E-1,9.88471168241938147E-1),(9.88471168241938258E-1,9.88471168241938258E-1),(9.92314112161292172E-1,9.92314112161292172E-1),(1.00000000000000000E0,1.00000000000000000E0)))REPRESENTATION_ITEM('')SURFACE());
#177=CARTESIAN_POINT('',(-4.00000000000000000E1,0.00000000000000000E0,0.00000000000000000E0));
#178=CARTESIAN_POINT('',(-4.00000000000000000E1,0.00000000000000000E0,1.20000000000000000E1));
#179=CARTESIAN_POINT('',(-3.99999999999999929E1,-4.00000000000000000E1,0.00000000000000000E0));
#180=CARTESIAN_POINT('',(-3.99999999999999929E1,-4.00000000000000000E1,1.20000000000000000E1));
#181=CARTESIAN_POINT('',(0.00000000000000000E0,-4.00000000000000000E1,0.00000000000000000E0));
#182=CARTESIAN_POINT('',(0.00000000000000000E0,-4.00000000000000000E1,1.20000000000000000E1));
#183=(BOUNDED_SURFACE()B_SPLINE_SURFACE(2,1,((#177,#178),(#179,#180),(#181,#182)),.UNSPECIFIED.,.F.,.F.,.F.)B_SPLINE_SURFACE_WITH_KNOTS((3,3),(2,2),(0.00000000000000000E0,3.00000000000000000E0),(0.00000000000000000E0,1.00000000000000000E0),.UNSPECIFIED.)GEOMETRIC_REPRESENTATION_ITEM()RATIONAL_B_SPLINE_SURFACE(((1.00000000000000000E0,1.00000000000000000E0),(7.07106781186547573E-1,7.07106781186547573E-1),(1.00000000000000000E0,1.00000000000000000E0)))REPRESENTATION_ITEM('')SURFACE());
#184=CARTESIAN_POINT('',(0.00000000000000000E0,-1.00000000000000000E1,0.00000000000000000E0));
#185=CARTESIAN_POINT('',(0.00000000000000000E0,-1.00000000000000000E1,1.20000000000000000E1));
#186=CARTESIAN_POINT('',(-9.99999999999999822E0,-1.00000000000000000E1,0.00000000000000000E0));
#187=CARTESIAN_POINT('',(-9.99999999999999822E0,-1.00000000000000000E1,1.20000000000000000E1));
#188=CARTESIAN_POINT('',(-1.00000000000000000E1,0.00000000000000000E0,0.00000000000000000E0));
#189=CARTESIAN_POINT('',(-1.00000000000000000E1,0.00000000000000000E0,1.20000000000000000E1));
#190=(BOUNDED_SURFACE()B_SPLINE_SURFACE(2,1,((#184,#185),(#186,#187),(#188,#189)),.UNSPECIFIED.,.F.,.F.,.F.)B_SPLINE_SURFACE_WITH_KNOTS((3,3),(2,2),(0.00000000000000000E0,3.00000000000000000E0),(0.00000000000000000E0,1.00000000000000000E0),.UNSPECIFIED.)GEOMETRIC_REPRESENTATION_ITEM()RATIONAL_B_SPLINE_SURFACE(((1.00000000000000000E0,1.00000000000000000E0),(7.07106781186547573E-1,7.07106781186547573E-1),(1.00000000000000000E0,1.00000000000000000E0)))REPRESENTATION_ITEM('')SURFACE());
#191=CARTESIAN_POINT('',(-4.00000000000000071E1,-4.00000000000000000E1,1.20000000000000000E1));
#192=CARTESIAN_POINT('',(-4.00000000000000071E1,4.00000000000000000E1,1.20000000000000000E1));
#193=CARTESIAN_POINT('',(4.00000000000000000E1,-4.00000000000000000E1,1.20000000000000000E1));
#194=CARTESIAN_POINT('',(4.00000000000000000E1,4.00000000000000000E1,1.20000000000000000E1));
#195=B_SPLINE_SURFACE_WITH_KNOTS('',1,1,((#191,#192),(#193,#194)),.UNSPECIFIED.,.F.,.F.,.F.,(2,2),(2,2),(-4.00000000000000071E1,4.00000000000000000E1),(-4.00000000000000000E1,4.00000000000000000E1),.UNSPECIFIED.);
#196=CARTESIAN_POINT('',(0.00000000000000000E0,4.00000000000000000E1,0.00000000000000000E0));
#197=CARTESIAN_POINT('',(0.00000000000000000E0,4.00000000000000000E1,1.20000000000000000E1));
#198=CARTESIAN_POINT('',(-4.00000000000000071E1,3.99999999999999929E1,0.00000000000000000E0));
#199=CARTESIAN_POINT('',(-4.00000000000000071E1,3.99999999999999929E1,1.20000000000000000E1));
#200=CARTESIAN_POINT('',(-4.00000000000000000E1,0.00000000000000000E0,0.00000000000000000E0));
#201=CARTESIAN_POINT('',(-4.00000000000000000E1,0.00000000000000000E0,1.20000000000000000E1));
#202=(BOUNDED_SURFACE()B_SPLINE_SURFACE(2,1,((#196,#197),(#198,#199),(#200,#201)),.UNSPECIFIED.,.F.,.F.,.F.)B_SPLINE_SURFACE_WITH_KNOTS((3,3),(2,2),(0.00000000000000000E0,3.00000000000000000E0),(0.00000000000000000E0,1.00000000000000000E0),.UNSPECIFIED.)GEOMETRIC_REPRESENTATION_ITEM()RATIONAL_B_SPLINE_SURFACE(((1.00000000000000000E0,1.00000000000000000E0),(7.07106781186547573E-1,7.07106781186547573E-1),(1.00000000000000000E0,1.00000000000000000E0)))REPRESENTATION_ITEM('')SURFACE());
#203=CARTESIAN_POINT('',(-1.00000000000000000E1,0.00000000000000000E0,0.00000000000000000E0));
#204=CARTESIAN_POINT('',(-1.00000000000000000E1,0.00000000000000000E0,1.20000000000000000E1));
#205=CARTESIAN_POINT('',(-1.00000000000000018E1,9.99999999999999822E0,0.00000000000000000E0));
#206=CARTESIAN_POINT('',(-1.00000000000000018E1,9.99999999999999822E0,1.20000000000000000E1));
#207=CARTESIAN_POINT('',(0.00000000000000000E0,1.00000000000000000E1,0.00000000000000000E0));
#208=CARTESIAN_POINT('',(0.00000000000000000E0,1.00000000000000000E1,1.20000000000000000E1));
#209=(BOUNDED_SURFACE()B_SPLINE_SURFACE(2,1,((#203,#204),(#205,#206),(#207,#208)),.UNSPECIFIED.,.F.,.F.,.F.)B_SPLINE_SURFACE_WITH_KNOTS((3,3),(2,2),(0.00000000000000000E0,3.00000000000000000E0),(0.00000000000000000E0,1.00000000000000000E0),.UNSPECIFIED.)GEOMETRIC_REPRESENTATION_ITEM()RATIONAL_B_SPLINE_SURFACE(((1.00000000000000000E0,1.00000000000000000E0),(7.07106781186547573E-1,7.07106781186547573E-1),(1.00000000000000000E0,1.00000000000000000E0)))REPRESENTATION_ITEM('')SURFACE());
#210=CARTESIAN_POINT('',(4.00000000000000000E1,-4.00000000000000000E1,0.00000000000000000E0));
#211=CARTESIAN_POINT('',(4.00000000000000000E1,4.00000000000000000E1,0.00000000000000000E0));
#212=CARTESIAN_POINT('',(-4.00000000000000071E1,-4.00000000000000000E1,0.00000000000000000E0));
#213=CARTESIAN_POINT('',(-4.00000000000000071E1,4.00000000000000000E1,0.00000000000000000E0));
#214=B_SPLINE_SURFACE_WITH_KNOTS('',1,1,((#210,#211),(#212,#213)),.UNSPECIFIED.,.F.,.F.,.F.,(2,2),(2,2),(-4.00000000000000071E1,4.00000000000000000E1),(-4.00000000000000000E1,4.00000000000000000E1),.UNSPECIFIED.);
#215=CARTESIAN_POINT('',(-4.00000000000000000E1,-4.00000000000000000E1,1.20000000000000000E1));
#216=CARTESIAN_POINT('',(-4.00000000000000000E1,4.00000000000000071E1,1.20000000000000000E1));
#217=CARTESIAN_POINT('',(4.00000000000000000E1,-4.00000000000000000E1,1.20000000000000000E1));
#218=CARTESIAN_POINT('',(4.00000000000000000E1,4.00000000000000071E1,1.20000000000000000E1));
#219=B_SPLINE_SURFACE_WITH_KNOTS('',1,1,((#215,#216),(#217,#218)),.UNSPECIFIED.,.F.,.F.,.F.,(2,2),(2,2),(-4.00000000000000000E1,4.00000000000000000E1),(-4.00000000000000000E1,4.00000000000000071E1),.UNSPECIFIED.);
#220=CARTESIAN_POINT('',(4.00000000000000000E1,0.00000000000000000E0,0.00000000000000000E0));
#221=CARTESIAN_POINT('',(4.00000000000000000E1,0.00000000000000000E0,1.20000000000000000E1));
#222=CARTESIAN_POINT('',(3.99999999999999858E1,4.00000000000000071E1,0.00000000000000000E0));
#223=CARTESIAN_POINT('',(3.99999999999999858E1,4.00000000000000071E1,1.20000000000000000E1));
#224=CARTESIAN_POINT('',(0.00000000000000000E0,4.00000000000000000E1,0.00000000000000000E0));
#225=CARTESIAN_POINT('',(0.00000000000000000E0,4.00000000000000000E1,1.20000000000000000E1));
#226=(BOUNDED_SURFACE()B_SPLINE_SURFACE(2,1,((#220,#221),(#222,#223),(#224,#225)),.UNSPECIFIED.,.F.,.F.,.F.)B_SPLINE_SURFACE_WITH_KNOTS((3,3),(2,2),(0.00000000000000000E0,3.00000000000000000E0),(0.00000000000000000E0,1.00000000000000000E0),.UNSPECIFIED.)GEOMETRIC_REPRESENTATION_ITEM()RATIONAL_B_SPLINE_SURFACE(((1.00000000000000000E0,1.00000000000000000E0),(7.07106781186547573E-1,7.07106781186547573E-1),(1.00000000000000000E0,1.00000000000000000E0)))REPRESENTATION_ITEM('')SURFACE());
#227=CARTESIAN_POINT('',(0.00000000000000000E0,1.00000000000000000E1,0.00000000000000000E0));
#228=CARTESIAN_POINT('',(0.00000000000000000E0,1.00000000000000000E1,1.20000000000000000E1));
#229=CARTESIAN_POINT('',(9.99999999999999645E0,1.00000000000000018E1,0.00000000000000000E0));
#230=CARTESIAN_POINT('',(9.99999999999999645E0,1.00000000000000018E1,1.20000000000000000E1));
#231=CARTESIAN_POINT('',(1.00000000000000000E1,0.00000000000000000E0,0.00000000000000000E0));
#232=CARTESIAN_POINT('',(1.00000000000000000E1,0.00000000000000000E0,1.20000000000000000E1));
#233=(BOUNDED_SURFACE()B_SPLINE_SURFACE(2,1,((#227,#228),(#229,#230),(#231,#232)),.UNSPECIFIED.,.F.,.F.,.F.)B_SPLINE_SURFACE_WITH_KNOTS((3,3),(2,2),(0.00000000000000000E0,3.00000000000000000E0),(0.00000000000000000E0,1.00000000000000000E0),.UNSPECIFIED.)GEOMETRIC_REPRESENTATION_ITEM()RATIONAL_B_SPLINE_SURFACE(((1.00000000000000000E0,1.00000000000000000E0),(7.07106781186547573E-1,7.07106781186547573E-1),(1.00000000000000000E0,1.00000000000000000E0)))REPRESENTATION_ITEM('')SURFACE());
#234=CARTESIAN_POINT('',(4.00000000000000000E1,-4.00000000000000000E1,0.00000000000000000E0));
#235=CARTESIAN_POINT('',(4.00000000000000000E1,4.00000000000000071E1,0.00000000000000000E0));
#236=CARTESIAN_POINT('',(-4.00000000000000000E1,-4.00000000000000000E1,0.00000000000000000E0));
#237=CARTESIAN_POINT('',(-4.00000000000000000E1,4.00000000000000071E1,0.00000000000000000E0));
#238=B_SPLINE_SURFACE_WITH_KNOTS('',1,1,((#234,#235),(#236,#237)),.UNSPECIFIED.,.F.,.F.,.F.,(2,2),(2,2),(-4.00000000000000000E1,4.00000000000000000E1),(-4.00000000000000000E1,4.00000000000000071E1),.UNSPECIFIED.);
#239=CARTESIAN_POINT('',(4.00000000000000000E1,0.00000000000000000E0,1.20000000000000000E1));
#240=CARTESIAN_POINT('',(4.00000000000000000E1,-3.14562205052132482E0,1.20000000000000000E1));
#241=CARTESIAN_POINT('',(3.95402173734989404E1,-6.28536436616304783E0,1.20000000000000000E1));
#242=CARTESIAN_POINT('',(3.87276500980575946E1,-9.32332891059868096E0,1.20000000000000000E1));
#243=CARTESIAN_POINT('',(3.76819717593724306E1,-1.22461469467968680E1,1.20000000000000000E1));
#244=CARTESIAN_POINT('',(3.64932415341958247E1,-1.51159955784210460E1,1.20000000000000000E1));
#245=(BOUNDED_CURVE()B_SPLINE_CURVE(5,(#239,#240,#241,#242,#243,#244),.UNSPECIFIED.,.F.,.F.)B_SPLINE_CURVE_WITH_KNOTS((6,6),(0.00000000000000000E0,1.00000000000000000E0),.UNSPECIFIED.)CURVE()GEOMETRIC_REPRESENTATION_ITEM()RATIONAL_B_SPLINE_CURVE((1.00000000000000000E0,9.92314112161292172E-1,9.88471168241938147E-1,9.88471168241938258E-1,9.92314112161292172E-1,1.00000000000000000E0))REPRESENTATION_ITEM(''));
#246=CARTESIAN_POINT('',(3.64932415341958247E1,-1.51159955784210460E1,1.20000000000000000E1));
#247=CARTESIAN_POINT('',(3.69551813004514713E1,-1.53073372946035917E1,1.20000000000000000E1));
#248=CARTESIAN_POINT('',(3.69551813004514713E1,-1.53073372946035917E1,1.15000000000000000E1));
#249=(BOUNDED_CURVE()B_SPLINE_CURVE(2,(#246,#247,#248),.UNSPECIFIED.,.F.,.F.)B_SPLINE_CURVE_WITH_KNOTS((3,3),(0.00000000000000000E0,1.00000000000000000E0),.UNSPECIFIED.)CURVE()GEOMETRIC_REPRESENTATION_ITEM()RATIONAL_B_SPLINE_CURVE((1.00000000000000000E0,7.07106781186547573E-1,1.00000000000000000E0))REPRESENTATION_ITEM(''));
#250=CARTESIAN_POINT('',(3.69551813004514713E1,-1.53073372946035917E1,1.15000000000000000E1));
#251=CARTESIAN_POINT('',(3.81589587436682791E1,-1.24011614651107518E1,1.15000000000000000E1));
#252=CARTESIAN_POINT('',(3.90759006036673924E1,-9.38253862605141720E0,1.16517494943901951E1));
#253=CARTESIAN_POINT('',(3.96919668678891355E1,-6.28536436616304783E0,1.18482505056098031E1));
#254=CARTESIAN_POINT('',(4.00000000000000000E1,-3.14562205052132482E0,1.20000000000000000E1));
#255=CARTESIAN_POINT('',(4.00000000000000000E1,0.00000000000000000E0,1.20000000000000000E1));
#256=(BOUNDED_CURVE()B_SPLINE_CURVE(5,(#250,#251,#252,#253,#254,#255),.UNSPECIFIED.,.F.,.F.)B_SPLINE_CURVE_WITH_KNOTS((6,6),(0.00000000000000000E0,1.00000000000000000E0),.UNSPECIFIED.)CURVE()GEOMETRIC_REPRESENTATION_ITEM()RATIONAL_B_SPLINE_CURVE((1.00000000000000000E0,9.92314112161292172E-1,9.88471168241938258E-1,9.88471168241938147E-1,9.92314112161292172E-1,1.00000000000000000E0))REPRESENTATION_ITEM(''));
#257=CARTESIAN_POINT('',(4.00000000000000000E1,0.00000000000000000E0,1.20000000000000000E1));
#258=CARTESIAN_POINT('',(4.00000000000000000E1,0.00000000000000000E0,1.20000000000000000E1));
#259=CARTESIAN_POINT('',(4.00000000000000000E1,0.00000000000000000E0,1.20000000000000000E1));
#260=(BOUNDED_CURVE()B_SPLINE_CURVE(2,(#257,#258,#259),.UNSPECIFIED.,.F.,.F.)B_SPLINE_CURVE_WITH_KNOTS((3,3),(0.00000000000000000E0,1.00000000000000000E0),.UNSPECIFIED.)CURVE()GEOMETRIC_REPRESENTATION_ITEM()RATIONAL_B_SPLINE_CURVE((1.00000000000000000E0,7.07106781186547573E-1,1.00000000000000000E0))REPRESENTATION_ITEM(''));
#261=CARTESIAN_POINT('',(4.00000000000000000E1,0.00000000000000000E0,1.20000000000000000E1));
#262=CARTESIAN_POINT('',(1.00000000000000000E1,0.00000000000000000E0,1.20000000000000000E1));
#263=B_SPLINE_CURVE_WITH_KNOTS('',1,(#261,#262),.UNSPECIFIED.,.F.,.F.,(2,2),(0.00000000000000000E0,1.00000000000000000E0),.UNSPECIFIED.);
#264=CARTESIAN_POINT('',(1.00000000000000000E1,0.00000000000000000E0,1.20000000000000000E1));
#265=CARTESIAN_POINT('',(1.00000000000000000E1,-7.86405512630331205E-1,1.20000000000000000E1));
#266=CARTESIAN_POINT('',(9.92299171697228388E0,-1.57134109154076196E0,1.20000000000000000E1));
#267=CARTESIAN_POINT('',(9.76897515091684809E0,-2.34563465651285430E0,1.20000000000000000E1));
#268=CARTESIAN_POINT('',(9.53973968591706978E0,-3.10029036627768795E0,1.20000000000000000E1));
#269=CARTESIAN_POINT('',(9.23879532511286783E0,-3.82683432365089837E0,1.20000000000000000E1));
#270=(BOUNDED_CURVE()B_SPLINE_CURVE(5,(#264,#265,#266,#267,#268,#269),.UNSPECIFIED.,.F.,.F.)B_SPLINE_CURVE_WITH_KNOTS((6,6),(0.00000000000000000E0,1.00000000000000000E0),.UNSPECIFIED.)CURVE()GEOMETRIC_REPRESENTATION_ITEM()RATIONAL_B_SPLINE_CURVE((1.00000000000000000E0,9.92314112161292172E-1,9.88471168241938147E-1,9.88471168241938258E-1,9.92314112161292172E-1,1.00000000000000000E0))REPRESENTATION_ITEM(''));
#271=CARTESIAN_POINT('',(9.23879532511286783E0,-3.82683432365089837E0,1.20000000000000000E1));
#272=CARTESIAN_POINT('',(3.64932415341958247E1,-1.51159955784210460E1,1.20000000000000000E1));
#273=B_SPLINE_CURVE_WITH_KNOTS('',1,(#271,#272),.UNSPECIFIED.,.F.,.F.,(2,2),(0.00000000000000000E0,1.00000000000000000E0),.UNSPECIFIED.);
#274=CARTESIAN_POINT('',(4.00000000000000000E1,0.00000000000000000E0,0.00000000000000000E0));
#275=CARTESIAN_POINT('',(4.00000000000000000E1,-3.14562205052132482E0,0.00000000000000000E0));
#276=CARTESIAN_POINT('',(3.96919668678891355E1,-6.28536436616304783E0,0.00000000000000000E0));
#277=CARTESIAN_POINT('',(3.90759006036673924E1,-9.38253862605141720E0,0.00000000000000000E0));
#278=CARTESIAN_POINT('',(3.81589587436682791E1,-1.24011614651107518E1,0.00000000000000000E0));
#279=CARTESIAN_POINT('',(3.69551813004514713E1,-1.53073372946035917E1,0.00000000000000000E0));
#280=(BOUNDED_CURVE()B_SPLINE_CURVE(5,(#274,#275,#276,#277,#278,#279),.UNSPECIFIED.,.F.,.F.)B_SPLINE_CURVE_WITH_KNOTS((6,6),(0.00000000000000000E0,1.00000000000000000E0),.UNSPECIFIED.)CURVE()GEOMETRIC_REPRESENTATION_ITEM()RATIONAL_B_SPLINE_CURVE((1.00000000000000000E0,9.92314112161292172E-1,9.88471168241938147E-1,9.88471168241938258E-1,9.92314112161292172E-1,1.00000000000000000E0))REPRESENTATION_ITEM(''));
#281=CARTESIAN_POINT('',(3.69551813004514713E1,-1.53073372946035917E1,0.00000000000000000E0));
#282=CARTESIAN_POINT('',(3.69551813004514713E1,-1.53073372946035917E1,1.15000000000000000E1));
#283=B_SPLINE_CURVE_WITH_KNOTS('',1,(#281,#282),.UNSPECIFIED.,.F.,.F.,(2,2),(0.00000000000000000E0,1.00000000000000000E0),.UNSPECIFIED.);
#284=CARTESIAN_POINT('',(4.00000000000000000E1,0.00000000000000000E0,1.20000000000000000E1));
#285=CARTESIAN_POINT('',(4.00000000000000000E1,0.00000000000000000E0,0.00000000000000000E0));
#286=B_SPLINE_CURVE_WITH_KNOTS('',1,(#284,#285),.UNSPECIFIED.,.F.,.F.,(2,2),(0.00000000000000000E0,1.00000000000000000E0),.UNSPECIFIED.);
#287=CARTESIAN_POINT('',(1.00000000000000000E1,0.00000000000000000E0,0.00000000000000000E0));
#288=CARTESIAN_POINT('',(1.00000000000000000E1,-7.86405512630331205E-1,0.00000000000000000E0));
#289=CARTESIAN_POINT('',(9.92299171697228388E0,-1.57134109154076196E0,0.00000000000000000E0));
#290=CARTESIAN_POINT('',(9.76897515091684809E0,-2.34563465651285430E0,0.00000000000000000E0));
#291=CARTESIAN_POINT('',(9.53973968591706978E0,-3.10029036627768795E0,0.00000000000000000E0));
#292=CARTESIAN_POINT('',(9.23879532511286783E0,-3.82683432365089837E0,0.00000000000000000E0));
#293=(BOUNDED_CURVE()B_SPLINE_CURVE(5,(#287,#288,#289,#290,#291,#292),.UNSPECIFIED.,.F.,.F.)B_SPLINE_CURVE_WITH_KNOTS((6,6),(0.00000000000000000E0,1.00000000000000000E0),.UNSPECIFIED.)CURVE()GEOMETRIC_REPRESENTATION_ITEM()RATIONAL_B_SPLINE_CURVE((1.00000000000000000E0,9.92314112161292172E-1,9.88471168241938147E-1,9.88471168241938258E-1,9.92314112161292172E-1,1.00000000000000000E0))REPRESENTATION_ITEM(''));
#294=CARTESIAN_POINT('',(9.23879532511286783E0,-3.82683432365089837E0,0.00000000000000000E0));
#295=CARTESIAN_POINT('',(9.23879532511286783E0,-3.82683432365089837E0,1.20000000000000000E1));
#296=B_SPLINE_CURVE_WITH_KNOTS('',1,(#294,#295),.UNSPECIFIED.,.F.,.F.,(2,2),(0.00000000000000000E0,1.00000000000000000E0),.UNSPECIFIED.);
#297=CARTESIAN_POINT('',(1.00000000000000000E1,0.00000000000000000E0,1.20000000000000000E1));
#298=CARTESIAN_POINT('',(1.00000000000000000E1,0.00000000000000000E0,0.00000000000000000E0));
#299=B_SPLINE_CURVE_WITH_KNOTS('',1,(#297,#298),.UNSPECIFIED.,.F.,.F.,(2,2),(0.00000000000000000E0,1.00000000000000000E0),.UNSPECIFIED.);
#300=CARTESIAN_POINT('',(4.00000000000000000E1,0.00000000000000000E0,0.00000000000000000E0));
#301=CARTESIAN_POINT('',(1.00000000000000000E1,0.00000000000000000E0,0.00000000000000000E0));
#302=B_SPLINE_CURVE_WITH_KNOTS('',1,(#300,#301),.UNSPECIFIED.,.F.,.F.,(2,2),(0.00000000000000000E0,1.00000000000000000E0),.UNSPECIFIED.);
#303=CARTESIAN_POINT('',(9.23879532511286783E0,-3.82683432365089837E0,0.00000000000000000E0));
#304=CARTESIAN_POINT('',(3.69551813004514713E1,-1.53073372946035917E1,0.00000000000000000E0));
#305=B_SPLINE_CURVE_WITH_KNOTS('',1,(#303,#304),.UNSPECIFIED.,.F.,.F.,(2,2),(0.00000000000000000E0,1.00000000000000000E0),.UNSPECIFIED.);
#306=CARTESIAN_POINT('',(3.64932415341958247E1,-1.51159955784210460E1,1.20000000000000000E1));
#307=CARTESIAN_POINT('',(3.02319911568420920E1,-3.02319911568420885E1,1.20000000000000000E1));
#308=CARTESIAN_POINT('',(1.51159955784210478E1,-3.64932415341958247E1,1.20000000000000000E1));
#309=(BOUNDED_CURVE()B_SPLINE_CURVE(2,(#306,#307,#308),.UNSPECIFIED.,.F.,.F.)B_SPLINE_CURVE_WITH_KNOTS((3,3),(0.00000000000000000E0,1.00000000000000000E0),.UNSPECIFIED.)CURVE()GEOMETRIC_REPRESENTATION_ITEM()RATIONAL_B_SPLINE_CURVE((1.00000000000000000E0,9.23879532511286738E-1,1.00000000000000000E0))REPRESENTATION_ITEM(''));
#310=CARTESIAN_POINT('',(1.51159955784210478E1,-3.64932415341958247E1,1.20000000000000000E1));
#311=CARTESIAN_POINT('',(1.53073372946035935E1,-3.69551813004514713E1,1.20000000000000000E1));
#312=CARTESIAN_POINT('',(1.53073372946035935E1,-3.69551813004514713E1,1.15000000000000000E1));
#313=(BOUNDED_CURVE()B_SPLINE_CURVE(2,(#310,#311,#312),.UNSPECIFIED.,.F.,.F.)B_SPLINE_CURVE_WITH_KNOTS((3,3),(0.00000000000000000E0,1.00000000000000000E0),.UNSPECIFIED.)CURVE()GEOMETRIC_REPRESENTATION_ITEM()RATIONAL_B_SPLINE_CURVE((1.00000000000000000E0,7.07106781186547573E-1,1.00000000000000000E0))REPRESENTATION_ITEM(''));
#314=CARTESIAN_POINT('',(1.53073372946035935E1,-3.69551813004514713E1,1.15000000000000000E1));
#315=CARTESIAN_POINT('',(3.06146745892071834E1,-3.06146745892071763E1,1.15000000000000000E1));
#316=CARTESIAN_POINT('',(3.69551813004514713E1,-1.53073372946035917E1,1.15000000000000000E1));
#317=(BOUNDED_CURVE()B_SPLINE_CURVE(2,(#314,#315,#316),.UNSPECIFIED.,.F.,.F.)B_SPLINE_CURVE_WITH_KNOTS((3,3),(0.00000000000000000E0,1.00000000000000000E0),.UNSPECIFIED.)CURVE()GEOMETRIC_REPRESENTATION_ITEM()RATIONAL_B_SPLINE_CURVE((1.00000000000000000E0,9.23879532511286738E-1,1.00000000000000000E0))REPRESENTATION_ITEM(''));
#318=CARTESIAN_POINT('',(9.23879532511286783E0,-3.82683432365089837E0,1.20000000000000000E1));
#319=CARTESIAN_POINT('',(7.65366864730179675E0,-7.65366864730179408E0,1.20000000000000000E1));
#320=CARTESIAN_POINT('',(3.82683432365089837E0,-9.23879532511286783E0,1.20000000000000000E1));
#321=(BOUNDED_CURVE()B_SPLINE_CURVE(2,(#318,#319,#320),.UNSPECIFIED.,.F.,.F.)B_SPLINE_CURVE_WITH_KNOTS((3,3),(0.00000000000000000E0,1.00000000000000000E0),.UNSPECIFIED.)CURVE()GEOMETRIC_REPRESENTATION_ITEM()RATIONAL_B_SPLINE_CURVE((1.00000000000000000E0,9.23879532511286738E-1,1.00000000000000000E0))REPRESENTATION_ITEM(''));
#322=CARTESIAN_POINT('',(3.82683432365089837E0,-9.23879532511286783E0,1.20000000000000000E1));
#323=CARTESIAN_POINT('',(1.51159955784210478E1,-3.64932415341958247E1,1.20000000000000000E1));
#324=B_SPLINE_CURVE_WITH_KNOTS('',1,(#322,#323),.UNSPECIFIED.,.F.,.F.,(2,2),(0.00000000000000000E0,1.00000000000000000E0),.UNSPECIFIED.);
#325=CARTESIAN_POINT('',(3.69551813004514713E1,-1.53073372946035917E1,0.00000000000000000E0));
#326=CARTESIAN_POINT('',(3.06146745892071834E1,-3.06146745892071763E1,0.00000000000000000E0));
#327=CARTESIAN_POINT('',(1.53073372946035935E1,-3.69551813004514713E1,0.00000000000000000E0));
#328=(BOUNDED_CURVE()B_SPLINE_CURVE(2,(#325,#326,#327),.UNSPECIFIED.,.F.,.F.)B_SPLINE_CURVE_WITH_KNOTS((3,3),(0.00000000000000000E0,1.00000000000000000E0),.UNSPECIFIED.)CURVE()GEOMETRIC_REPRESENTATION_ITEM()RATIONAL_B_SPLINE_CURVE((1.00000000000000000E0,9.23879532511286738E-1,1.00000000000000000E0))REPRESENTATION_ITEM(''));
#329=CARTESIAN_POINT('',(1.53073372946035935E1,-3.69551813004514713E1,0.00000000000000000E0));
#330=CARTESIAN_POINT('',(1.53073372946035935E1,-3.69551813004514713E1,1.15000000000000000E1));
#331=B_SPLINE_CURVE_WITH_KNOTS('',1,(#329,#330),.UNSPECIFIED.,.F.,.F.,(2,2),(0.00000000000000000E0,1.00000000000000000E0),.UNSPECIFIED.);
#332=CARTESIAN_POINT('',(9.23879532511286783E0,-3.82683432365089837E0,0.00000000000000000E0));
#333=CARTESIAN_POINT('',(7.65366864730179675E0,-7.65366864730179408E0,0.00000000000000000E0));
#334=CARTESIAN_POINT('',(3.82683432365089837E0,-9.23879532511286783E0,0.00000000000000000E0));
#335=(BOUNDED_CURVE()B_SPLINE_CURVE(2,(#332,#333,#334),.UNSPECIFIED.,.F.,.F.)B_SPLINE_CURVE_WITH_KNOTS((3,3),(0.00000000000000000E0,1.00000000000000000E0),.UNSPECIFIED.)CURVE()GEOMETRIC_REPRESENTATION_ITEM()RATIONAL_B_SPLINE_CURVE((1.00000000000000000E0,9.23879532511286738E-1,1.00000000000000000E0))REPRESENTATION_ITEM(''));
#336=CARTESIAN_POINT('',(3.82683432365089837E0,-9.23879532511286783E0,0.00000000000000000E0));
#337=CARTESIAN_POINT('',(3.82683432365089837E0,-9.23879532511286783E0,1.20000000000000000E1));
#338=B_SPLINE_CURVE_WITH_KNOTS('',1,(#336,#337),.UNSPECIFIED.,.F.,.F.,(2,2),(0.00000000000000000E0,1.00000000000000000E0),.UNSPECIFIED.);
#339=CARTESIAN_POINT('',(3.82683432365089837E0,-9.23879532511286783E0,0.00000000000000000E0));
#340=CARTESIAN_POINT('',(1.53073372946035935E1,-3.69551813004514713E1,0.00000000000000000E0));
#341=B_SPLINE_CURVE_WITH_KNOTS('',1,(#339,#340),.UNSPECIFIED.,.F.,.F.,(2,2),(0.00000000000000000E0,1.00000000000000000E0),.UNSPECIFIED.);
#342=CARTESIAN_POINT('',(1.51159955784210478E1,-3.64932415341958247E1,1.20000000000000000E1));
#343=CARTESIAN_POINT('',(1.22461469467968715E1,-3.76819717593724306E1,1.20000000000000000E1));
#344=CARTESIAN_POINT('',(9.32332891059868452E0,-3.87276500980575946E1,1.20000000000000000E1));
#345=CARTESIAN_POINT('',(6.28536436616304872E0,-3.95402173734989333E1,1.20000000000000000E1));
#346=CARTESIAN_POINT('',(3.14562205052132615E0,-4.00000000000000000E1,1.20000000000000000E1));
#347=CARTESIAN_POINT('',(0.00000000000000000E0,-4.00000000000000000E1,1.20000000000000000E1));
#348=(BOUNDED_CURVE()B_SPLINE_CURVE(5,(#342,#343,#344,#345,#346,#347),.UNSPECIFIED.,.F.,.F.)B_SPLINE_CURVE_WITH_KNOTS((6,6),(0.00000000000000000E0,1.00000000000000000E0),.UNSPECIFIED.)CURVE()GEOMETRIC_REPRESENTATION_ITEM()RATIONAL_B_SPLINE_CURVE((1.00000000000000000E0,9.92314112161292172E-1,9.88471168241938147E-1,9.88471168241938258E-1,9.92314112161292172E-1,1.00000000000000000E0))REPRESENTATION_ITEM(''));
#349=CARTESIAN_POINT('',(0.00000000000000000E0,-4.00000000000000000E1,1.20000000000000000E1));
#350=CARTESIAN_POINT('',(0.00000000000000000E0,-4.00000000000000000E1,1.20000000000000000E1));
#351=CARTESIAN_POINT('',(0.00000000000000000E0,-4.00000000000000000E1,1.20000000000000000E1));
#352=(BOUNDED_CURVE()B_SPLINE_CURVE(2,(#349,#350,#351),.UNSPECIFIED.,.F.,.F.)B_SPLINE_CURVE_WITH_KNOTS((3,3),(0.00000000000000000E0,1.00000000000000000E0),.UNSPECIFIED.)CURVE()GEOMETRIC_REPRESENTATION_ITEM()RATIONAL_B_SPLINE_CURVE((1.00000000000000000E0,7.07106781186547573E-1,1.00000000000000000E0))REPRESENTATION_ITEM(''));
#353=CARTESIAN_POINT('',(0.00000000000000000E0,-4.00000000000000000E1,1.20000000000000000E1));
#354=CARTESIAN_POINT('',(3.14562205052132615E0,-4.00000000000000000E1,1.20000000000000000E1));
#355=CARTESIAN_POINT('',(6.28536436616304872E0,-3.96919668678891284E1,1.18482505056098031E1));
#356=CARTESIAN_POINT('',(9.38253862605142075E0,-3.90759006036673995E1,1.16517494943901969E1));
#357=CARTESIAN_POINT('',(1.24011614651107536E1,-3.81589587436682791E1,1.15000000000000000E1));
#358=CARTESIAN_POINT('',(1.53073372946035935E1,-3.69551813004514713E1,1.15000000000000000E1));
#359=(BOUNDED_CURVE()B_SPLINE_CURVE(5,(#353,#354,#355,#356,#357,#358),.UNSPECIFIED.,.F.,.F.)B_SPLINE_CURVE_WITH_KNOTS((6,6),(0.00000000000000000E0,1.00000000000000000E0),.UNSPECIFIED.)CURVE()GEOMETRIC_REPRESENTATION_ITEM()RATIONAL_B_SPLINE_CURVE((1.00000000000000000E0,9.92314112161292172E-1,9.88471168241938258E-1,9.88471168241938147E-1,9.92314112161292172E-1,1.00000000000000000E0))REPRESENTATION_ITEM(''));
#360=CARTESIAN_POINT('',(3.82683432365089837E0,-9.23879532511286783E0,1.20000000000000000E1));
#361=CARTESIAN_POINT('',(3.10029036627768839E0,-9.53973968591706978E0,1.20000000000000000E1));
#362=CARTESIAN_POINT('',(2.34563465651285519E0,-9.76897515091684987E0,1.20000000000000000E1));
#363=CARTESIAN_POINT('',(1.57134109154076218E0,-9.92299171697228211E0,1.20000000000000000E1));
#364=CARTESIAN_POINT('',(7.86405512630331538E-1,-1.00000000000000000E1,1.20000000000000000E1));
#365=CARTESIAN_POINT('',(0.00000000000000000E0,-1.00000000000000000E1,1.20000000000000000E1));
#366=(BOUNDED_CURVE()B_SPLINE_CURVE(5,(#360,#361,#362,#363,#364,#365),.UNSPECIFIED.,.F.,.F.)B_SPLINE_CURVE_WITH_KNOTS((6,6),(0.00000000000000000E0,1.00000000000000000E0),.UNSPECIFIED.)CURVE()GEOMETRIC_REPRESENTATION_ITEM()RATIONAL_B_SPLINE_CURVE((1.00000000000000000E0,9.92314112161292172E-1,9.88471168241938147E-1,9.88471168241938258E-1,9.92314112161292172E-1,1.00000000000000000E0))REPRESENTATION_ITEM(''));
#367=CARTESIAN_POINT('',(0.00000000000000000E0,-1.00000000000000000E1,1.20000000000000000E1));
#368=CARTESIAN_POINT('',(0.00000000000000000E0,-4.00000000000000000E1,1.20000000000000000E1));
#369=B_SPLINE_CURVE_WITH_KNOTS('',1,(#367,#368),.UNSPECIFIED.,.F.,.F.,(2,2),(0.00000000000000000E0,1.00000000000000000E0),.UNSPECIFIED.);
#370=CARTESIAN_POINT('',(1.53073372946035935E1,-3.69551813004514713E1,0.00000000000000000E0));
#371=CARTESIAN_POINT('',(1.24011614651107536E1,-3.81589587436682791E1,0.00000000000000000E0));
#372=CARTESIAN_POINT('',(9.38253862605142075E0,-3.90759006036673995E1,0.00000000000000000E0));
#373=CARTESIAN_POINT('',(6.28536436616304872E0,-3.96919668678891284E1,0.00000000000000000E0));
#374=CARTESIAN_POINT('',(3.14562205052132615E0,-4.00000000000000000E1,0.00000000000000000E0));
#375=CARTESIAN_POINT('',(0.00000000000000000E0,-4.00000000000000000E1,0.00000000000000000E0));
#376=(BOUNDED_CURVE()B_SPLINE_CURVE(5,(#370,#371,#372,#373,#374,#375),.UNSPECIFIED.,.F.,.F.)B_SPLINE_CURVE_WITH_KNOTS((6,6),(0.00000000000000000E0,1.00000000000000000E0),.UNSPECIFIED.)CURVE()GEOMETRIC_REPRESENTATION_ITEM()RATIONAL_B_SPLINE_CURVE((1.00000000000000000E0,9.92314112161292172E-1,9.88471168241938147E-1,9.88471168241938258E-1,9.92314112161292172E-1,1.00000000000000000E0))REPRESENTATION_ITEM(''));
#377=CARTESIAN_POINT('',(0.00000000000000000E0,-4.00000000000000000E1,0.00000000000000000E0));
#378=CARTESIAN_POINT('',(0.00000000000000000E0,-4.00000000000000000E1,1.20000000000000000E1));
#379=B_SPLINE_CURVE_WITH_KNOTS('',1,(#377,#378),.UNSPECIFIED.,.F.,.F.,(2,2),(0.00000000000000000E0,1.00000000000000000E0),.UNSPECIFIED.);
#380=CARTESIAN_POINT('',(3.82683432365089837E0,-9.23879532511286783E0,0.00000000000000000E0));
#381=CARTESIAN_POINT('',(3.10029036627768839E0,-9.53973968591706978E0,0.00000000000000000E0));
#382=CARTESIAN_POINT('',(2.34563465651285519E0,-9.76897515091684987E0,0.00000000000000000E0));
#383=CARTESIAN_POINT('',(1.57134109154076218E0,-9.92299171697228211E0,0.00000000000000000E0));
#384=CARTESIAN_POINT('',(7.86405512630331538E-1,-1.00000000000000000E1,0.00000000000000000E0));
#385=CARTESIAN_POINT('',(0.00000000000000000E0,-1.00000000000000000E1,0.00000000000000000E0));
#386=(BOUNDED_CURVE()B_SPLINE_CURVE(5,(#380,#381,#382,#383,#384,#385),.UNSPECIFIED.,.F.,.F.)B_SPLINE_CURVE_WITH_KNOTS((6,6),(0.00000000000000000E0,1.00000000000000000E0),.UNSPECIFIED.)CURVE()GEOMETRIC_REPRESENTATION_ITEM()RATIONAL_B_SPLINE_CURVE((1.00000000000000000E0,9.92314112161292172E-1,9.88471168241938147E-1,9.88471168241938258E-1,9.92314112161292172E-1,1.00000000000000000E0))REPRESENTATION_ITEM(''));
#387=CARTESIAN_POINT('',(0.00000000000000000E0,-1.00000000000000000E1,0.00000000000000000E0));
#388=CARTESIAN_POINT('',(0.00000000000000000E0,-1.00000000000000000E1,1.20000000000000000E1));
#389=B_SPLINE_CURVE_WITH_KNOTS('',1,(#387,#388),.UNSPECIFIED.,.F.,.F.,(2,2),(0.00000000000000000E0,1.00000000000000000E0),.UNSPECIFIED.);
#390=CARTESIAN_POINT('',(0.00000000000000000E0,-1.00000000000000000E1,0.00000000000000000E0));
#391=CARTESIAN_POINT('',(0.00000000000000000E0,-4.00000000000000000E1,0.00000000000000000E0));
#392=B_SPLINE_CURVE_WITH_KNOTS('',1,(#390,#391),.UNSPECIFIED.,.F.,.F.,(2,2),(0.00000000000000000E0,1.00000000000000000E0),.UNSPECIFIED.);
#393=CARTESIAN_POINT('',(0.00000000000000000E0,-1.00000000000000000E1,1.20000000000000000E1));
#394=CARTESIAN_POINT('',(-9.99999999999999822E0,-1.00000000000000000E1,1.20000000000000000E1));
#395=CARTESIAN_POINT('',(-1.00000000000000000E1,0.00000000000000000E0,1.20000000000000000E1));
#396=(BOUNDED_CURVE()B_SPLINE_CURVE(2,(#393,#394,#395),.UNSPECIFIED.,.F.,.F.)B_SPLINE_CURVE_WITH_KNOTS((3,3),(0.00000000000000000E0,1.00000000000000000E0),.UNSPECIFIED.)CURVE()GEOMETRIC_REPRESENTATION_ITEM()RATIONAL_B_SPLINE_CURVE((1.00000000000000000E0,7.07106781186547573E-1,1.00000000000000000E0))REPRESENTATION_ITEM(''));
#397=CARTESIAN_POINT('',(-1.00000000000000000E1,0.00000000000000000E0,1.20000000000000000E1));
#398=CARTESIAN_POINT('',(-4.00000000000000000E1,0.00000000000000000E0,1.20000000000000000E1));
#399=B_SPLINE_CURVE_WITH_KNOTS('',1,(#397,#398),.UNSPECIFIED.,.F.,.F.,(2,2),(0.00000000000000000E0,1.00000000000000000E0),.UNSPECIFIED.);
#400=CARTESIAN_POINT('',(-4.00000000000000000E1,0.00000000000000000E0,1.20000000000000000E1));
#401=CARTESIAN_POINT('',(-3.99999999999999929E1,-4.00000000000000000E1,1.20000000000000000E1));
#402=CARTESIAN_POINT('',(0.00000000000000000E0,-4.00000000000000000E1,1.20000000000000000E1));
#403=(BOUNDED_CURVE()B_SPLINE_CURVE(2,(#400,#401,#402),.UNSPECIFIED.,.F.,.F.)B_SPLINE_CURVE_WITH_KNOTS((3,3),(0.00000000000000000E0,1.00000000000000000E0),.UNSPECIFIED.)CURVE()GEOMETRIC_REPRESENTATION_ITEM()RATIONAL_B_SPLINE_CURVE((1.00000000000000000E0,7.07106781186547573E-1,1.00000000000000000E0))REPRESENTATION_ITEM(''));
#404=CARTESIAN_POINT('',(0.00000000000000000E0,-4.00000000000000000E1,0.00000000000000000E0));
#405=CARTESIAN_POINT('',(-3.99999999999999929E1,-4.00000000000000000E1,0.00000000000000000E0));
#406=CARTESIAN_POINT('',(-4.00000000000000000E1,0.00000000000000000E0,0.00000000000000000E0));
#407=(BOUNDED_CURVE()B_SPLINE_CURVE(2,(#404,#405,#406),.UNSPECIFIED.,.F.,.F.)B_SPLINE_CURVE_WITH_KNOTS((3,3),(0.00000000000000000E0,1.00000000000000000E0),.UNSPECIFIED.)CURVE()GEOMETRIC_REPRESENTATION_ITEM()RATIONAL_B_SPLINE_CURVE((1.00000000000000000E0,7.07106781186547573E-1,1.00000000000000000E0))REPRESENTATION_ITEM(''));
#408=CARTESIAN_POINT('',(-4.00000000000000000E1,0.00000000000000000E0,0.00000000000000000E0));
#409=CARTESIAN_POINT('',(-4.00000000000000000E1,0.00000000000000000E0,1.20000000000000000E1));
#410=B_SPLINE_CURVE_WITH_KNOTS('',1,(#408,#409),.UNSPECIFIED.,.F.,.F.,(2,2),(0.00000000000000000E0,1.00000000000000000E0),.UNSPECIFIED.);
#411=CARTESIAN_POINT('',(0.00000000000000000E0,-1.00000000000000000E1,0.00000000000000000E0));
#412=CARTESIAN_POINT('',(-9.99999999999999822E0,-1.00000000000000000E1,0.00000000000000000E0));
#413=CARTESIAN_POINT('',(-1.00000000000000000E1,0.00000000000000000E0,0.00000000000000000E0));
#414=(BOUNDED_CURVE()B_SPLINE_CURVE(2,(#411,#412,#413),.UNSPECIFIED.,.F.,.F.)B_SPLINE_CURVE_WITH_KNOTS((3,3),(0.00000000000000000E0,1.00000000000000000E0),.UNSPECIFIED.)CURVE()GEOMETRIC_REPRESENTATION_ITEM()RATIONAL_B_SPLINE_CURVE((1.00000000000000000E0,7.07106781186547573E-1,1.00000000000000000E0))REPRESENTATION_ITEM(''));
#415=CARTESIAN_POINT('',(-1.00000000000000000E1,0.00000000000000000E0,0.00000000000000000E0));
#416=CARTESIAN_POINT('',(-1.00000000000000000E1,0.00000000000000000E0,1.20000000000000000E1));
#417=B_SPLINE_CURVE_WITH_KNOTS('',1,(#415,#416),.UNSPECIFIED.,.F.,.F.,(2,2),(0.00000000000000000E0,1.00000000000000000E0),.UNSPECIFIED.);
#418=CARTESIAN_POINT('',(-1.00000000000000000E1,0.00000000000000000E0,0.00000000000000000E0));
#419=CARTESIAN_POINT('',(-4.00000000000000000E1,0.00000000000000000E0,0.00000000000000000E0));
#420=B_SPLINE_CURVE_WITH_KNOTS('',1,(#418,#419),.UNSPECIFIED.,.F.,.F.,(2,2),(0.00000000000000000E0,1.00000000000000000E0),.UNSPECIFIED.);
#421=CARTESIAN_POINT('',(-1.00000000000000000E1,0.00000000000000000E0,1.20000000000000000E1));
#422=CARTESIAN_POINT('',(-1.00000000000000018E1,9.99999999999999822E0,1.20000000000000000E1));
#423=CARTESIAN_POINT('',(0.00000000000000000E0,1.00000000000000000E1,1.20000000000000000E1));
#424=(BOUNDED_CURVE()B_SPLINE_CURVE(2,(#421,#422,#423),.UNSPECIFIED.,.F.,.F.)B_SPLINE_CURVE_WITH_KNOTS((3,3),(0.00000000000000000E0,1.00000000000000000E0),.UNSPECIFIED.)CURVE()GEOMETRIC_REPRESENTATION_ITEM()RATIONAL_B_SPLINE_CURVE((1.00000000000000000E0,7.07106781186547573E-1,1.00000000000000000E0))REPRESENTATION_ITEM(''));
#425=CARTESIAN_POINT('',(0.00000000000000000E0,1.00000000000000000E1,1.20000000000000000E1));
#426=CARTESIAN_POINT('',(0.00000000000000000E0,4.00000000000000000E1,1.20000000000000000E1));
#427=B_SPLINE_CURVE_WITH_KNOTS('',1,(#425,#426),.UNSPECIFIED.,.F.,.F.,(2,2),(0.00000000000000000E0,1.00000000000000000E0),.UNSPECIFIED.);
#428=CARTESIAN_POINT('',(0.00000000000000000E0,4.00000000000000000E1,1.20000000000000000E1));
#429=CARTESIAN_POINT('',(-4.00000000000000071E1,3.99999999999999929E1,1.20000000000000000E1));
#430=CARTESIAN_POINT('',(-4.00000000000000000E1,0.00000000000000000E0,1.20000000000000000E1));
#431=(BOUNDED_CURVE()B_SPLINE_CURVE(2,(#428,#429,#430),.UNSPECIFIED.,.F.,.F.)B_SPLINE_CURVE_WITH_KNOTS((3,3),(0.00000000000000000E0,1.00000000000000000E0),.UNSPECIFIED.)CURVE()GEOMETRIC_REPRESENTATION_ITEM()RATIONAL_B_SPLINE_CURVE((1.00000000000000000E0,7.07106781186547573E-1,1.00000000000000000E0))REPRESENTATION_ITEM(''));
#432=CARTESIAN_POINT('',(-4.00000000000000000E1,0.00000000000000000E0,0.00000000000000000E0));
#433=CARTESIAN_POINT('',(-4.00000000000000071E1,3.99999999999999929E1,0.00000000000000000E0));
#434=CARTESIAN_POINT('',(0.00000000000000000E0,4.00000000000000000E1,0.00000000000000000E0));
#435=(BOUNDED_CURVE()B_SPLINE_CURVE(2,(#432,#433,#434),.UNSPECIFIED.,.F.,.F.)B_SPLINE_CURVE_WITH_KNOTS((3,3),(0.00000000000000000E0,1.00000000000000000E0),.UNSPECIFIED.)CURVE()GEOMETRIC_REPRESENTATION_ITEM()RATIONAL_B_SPLINE_CURVE((1.00000000000000000E0,7.07106781186547573E-1,1.00000000000000000E0))REPRESENTATION_ITEM(''));
#436=CARTESIAN_POINT('',(0.00000000000000000E0,4.00000000000000000E1,0.00000000000000000E0));
#437=CARTESIAN_POINT('',(0.00000000000000000E0,4.00000000000000000E1,1.20000000000000000E1));
#438=B_SPLINE_CURVE_WITH_KNOTS('',1,(#436,#437),.UNSPECIFIED.,.F.,.F.,(2,2),(0.00000000000000000E0,1.00000000000000000E0),.UNSPECIFIED.);
#439=CARTESIAN_POINT('',(-1.00000000000000000E1,0.00000000000000000E0,0.00000000000000000E0));
#440=CARTESIAN_POINT('',(-1.00000000000000018E1,9.99999999999999822E0,0.00000000000000000E0));
#441=CARTESIAN_POINT('',(0.00000000000000000E0,1.00000000000000000E1,0.00000000000000000E0));
#442=(BOUNDED_CURVE()B_SPLINE_CURVE(2,(#439,#440,#441),.UNSPECIFIED.,.F.,.F.)B_SPLINE_CURVE_WITH_KNOTS((3,3),(0.00000000000000000E0,1.00000000000000000E0),.UNSPECIFIED.)CURVE()GEOMETRIC_REPRESENTATION_ITEM()RATIONAL_B_SPLINE_CURVE((1.00000000000000000E0,7.07106781186547573E-1,1.00000000000000000E0))REPRESENTATION_ITEM(''));
#443=CARTESIAN_POINT('',(0.00000000000000000E0,1.00000000000000000E1,0.00000000000000000E0));
#444=CARTESIAN_POINT('',(0.00000000000000000E0,1.00000000000000000E1,1.20000000000000000E1));
#445=B_SPLINE_CURVE_WITH_KNOTS('',1,(#443,#444),.UNSPECIFIED.,.F.,.F.,(2,2),(0.00000000000000000E0,1.00000000000000000E0),.UNSPECIFIED.);
#446=CARTESIAN_POINT('',(0.00000000000000000E0,1.00000000000000000E1,0.00000000000000000E0));
#447=CARTESIAN_POINT('',(0.00000000000000000E0,4.00000000000000000E1,0.00000000000000000E0));
#448=B_SPLINE_CURVE_WITH_KNOTS('',1,(#446,#447),.UNSPECIFIED.,.F.,.F.,(2,2),(0.00000000000000000E0,1.00000000000000000E0),.UNSPECIFIED.);
#449=CARTESIAN_POINT('',(0.00000000000000000E0,1.00000000000000000E1,1.20000000000000000E1));
#450=CARTESIAN_POINT('',(9.99999999999999645E0,1.00000000000000018E1,1.20000000000000000E1));
#451=CARTESIAN_POINT('',(1.00000000000000000E1,0.00000000000000000E0,1.20000000000000000E1));
#452=(BOUNDED_CURVE()B_SPLINE_CURVE(2,(#449,#450,#451),.UNSPECIFIED.,.F.,.F.)B_SPLINE_CURVE_WITH_KNOTS((3,3),(0.00000000000000000E0,1.00000000000000000E0),.UNSPECIFIED.)CURVE()GEOMETRIC_REPRESENTATION_ITEM()RATIONAL_B_SPLINE_CURVE((1.00000000000000000E0,7.07106781186547573E-1,1.00000000000000000E0))REPRESENTATION_ITEM(''));
#453=CARTESIAN_POINT('',(4.00000000000000000E1,0.00000000000000000E0,1.20000000000000000E1));
#454=CARTESIAN_POINT('',(3.99999999999999858E1,4.00000000000000071E1,1.20000000000000000E1));
#455=CARTESIAN_POINT('',(0.00000000000000000E0,4.00000000000000000E1,1.20000000000000000E1));
#456=(BOUNDED_CURVE()B_SPLINE_CURVE(2,(#453,#454,#455),.UNSPECIFIED.,.F.,.F.)B_SPLINE_CURVE_WITH_KNOTS((3,3),(0.00000000000000000E0,1.00000000000000000E0),.UNSPECIFIED.)CURVE()GEOMETRIC_REPRESENTATION_ITEM()RATIONAL_B_SPLINE_CURVE((1.00000000000000000E0,7.07106781186547573E-1,1.00000000000000000E0))REPRESENTATION_ITEM(''));
#457=CARTESIAN_POINT('',(0.00000000000000000E0,4.00000000000000000E1,0.00000000000000000E0));
#458=CARTESIAN_POINT('',(3.99999999999999858E1,4.00000000000000071E1,0.00000000000000000E0));
#459=CARTESIAN_POINT('',(4.00000000000000000E1,0.00000000000000000E0,0.00000000000000000E0));
#460=(BOUNDED_CURVE()B_SPLINE_CURVE(2,(#457,#458,#459),.UNSPECIFIED.,.F.,.F.)B_SPLINE_CURVE_WITH_KNOTS((3,3),(0.00000000000000000E0,1.00000000000000000E0),.UNSPECIFIED.)CURVE()GEOMETRIC_REPRESENTATION_ITEM()RATIONAL_B_SPLINE_CURVE((1.00000000000000000E0,7.07106781186547573E-1,1.00000000000000000E0))REPRESENTATION_ITEM(''));
#461=CARTESIAN_POINT('',(0.00000000000000000E0,1.00000000000000000E1,0.00000000000000000E0));
#462=CARTESIAN_POINT('',(9.99999999999999645E0,1.00000000000000018E1,0.00000000000000000E0));
#463=CARTESIAN_POINT('',(1.00000000000000000E1,0.00000000000000000E0,0.00000000000000000E0));
#464=(BOUNDED_CURVE()B_SPLINE_CURVE(2,(#461,#462,#463),.UNSPECIFIED.,.F.,.F.)B_SPLINE_CURVE_WITH_KNOTS((3,3),(0.00000000000000000E0,1.00000000000000000E0),.UNSPECIFIED.)CURVE()GEOMETRIC_REPRESENTATION_ITEM()RATIONAL_B_SPLINE_CURVE((1.00000000000000000E0,7.07106781186547573E-1,1.00000000000000000E0))REPRESENTATION_ITEM(''));
#465=(GEOMETRIC_REPRESENTATION_CONTEXT(2)REPRESENTATION_CONTEXT('','2D'));
#466=CARTESIAN_POINT('',(0.00000000000000000E0,0.00000000000000000E0));
#467=CARTESIAN_POINT('',(1.00000000000000000E0,0.00000000000000000E0));
#468=B_SPLINE_CURVE_WITH_KNOTS('',1,(#466,#467),.UNSPECIFIED.,.F.,.F.,(2,2),(0.00000000000000000E0,1.00000000000000000E0),.UNSPECIFIED.);
#469=DEFINITIONAL_REPRESENTATION('',(#468),#465);
#470=PCURVE('',#71,#469);
#471=CARTESIAN_POINT('',(1.00000000000000000E0,0.00000000000000000E0));
#472=CARTESIAN_POINT('',(1.00000000000000000E0,1.00000000000000000E0));
#473=B_SPLINE_CURVE_WITH_KNOTS('',1,(#471,#472),.UNSPECIFIED.,.F.,.F.,(2,2),(0.00000000000000000E0,1.00000000000000000E0),.UNSPECIFIED.);
#474=DEFINITIONAL_REPRESENTATION('',(#473),#465);
#475=PCURVE('',#71,#474);
#476=CARTESIAN_POINT('',(1.00000000000000000E0,1.00000000000000000E0));
#477=CARTESIAN_POINT('',(0.00000000000000000E0,1.00000000000000000E0));
#478=B_SPLINE_CURVE_WITH_KNOTS('',1,(#476,#477),.UNSPECIFIED.,.F.,.F.,(2,2),(0.00000000000000000E0,1.00000000000000000E0),.UNSPECIFIED.);
#479=DEFINITIONAL_REPRESENTATION('',(#478),#465);
#480=PCURVE('',#71,#479);
#481=CARTESIAN_POINT('',(0.00000000000000000E0,1.00000000000000000E0));
#482=CARTESIAN_POINT('',(0.00000000000000000E0,0.00000000000000000E0));
#483=B_SPLINE_CURVE_WITH_KNOTS('',1,(#481,#482),.UNSPECIFIED.,.F.,.F.,(2,2),(0.00000000000000000E0,1.00000000000000000E0),.UNSPECIFIED.);
#484=DEFINITIONAL_REPRESENTATION('',(#483),#465);
#485=PCURVE('',#71,#484);
#486=CARTESIAN_POINT('',(4.00000000000000000E1,0.00000000000000000E0));
#487=CARTESIAN_POINT('',(1.00000000000000000E1,0.00000000000000000E0));
#488=B_SPLINE_CURVE_WITH_KNOTS('',1,(#486,#487),.UNSPECIFIED.,.F.,.F.,(2,2),(0.00000000000000000E0,1.00000000000000000E0),.UNSPECIFIED.);
#489=DEFINITIONAL_REPRESENTATION('',(#488),#465);
#490=PCURVE('',#76,#489);
#491=CARTESIAN_POINT('',(1.00000000000000000E1,0.00000000000000000E0));
#492=CARTESIAN_POINT('',(1.00000000000000000E1,-7.86405512630331205E-1));
#493=CARTESIAN_POINT('',(9.92299171697228388E0,-1.57134109154076196E0));
#494=CARTESIAN_POINT('',(9.76897515091684809E0,-2.34563465651285430E0));
#495=CARTESIAN_POINT('',(9.53973968591706978E0,-3.10029036627768795E0));
#496=CARTESIAN_POINT('',(9.23879532511286783E0,-3.82683432365089837E0));
#497=(BOUNDED_CURVE()B_SPLINE_CURVE(5,(#491,#492,#493,#494,#495,#496),.UNSPECIFIED.,.F.,.F.)B_SPLINE_CURVE_WITH_KNOTS((6,6),(0.00000000000000000E0,1.00000000000000000E0),.UNSPECIFIED.)CURVE()GEOMETRIC_REPRESENTATION_ITEM()RATIONAL_B_SPLINE_CURVE((1.00000000000000000E0,9.92314112161292172E-1,9.88471168241938147E-1,9.88471168241938258E-1,9.92314112161292172E-1,1.00000000000000000E0))REPRESENTATION_ITEM(''));
#498=DEFINITIONAL_REPRESENTATION('',(#497),#465);
#499=PCURVE('',#76,#498);
#500=CARTESIAN_POINT('',(9.23879532511286783E0,-3.82683432365089837E0));
#501=CARTESIAN_POINT('',(3.64932415341958247E1,-1.51159955784210460E1));
#502=B_SPLINE_CURVE_WITH_KNOTS('',1,(#500,#501),.UNSPECIFIED.,.F.,.F.,(2,2),(0.00000000000000000E0,1.00000000000000000E0),.UNSPECIFIED.);
#503=DEFINITIONAL_REPRESENTATION('',(#502),#465);
#504=PCURVE('',#76,#503);
#505=CARTESIAN_POINT('',(3.64932415341958247E1,-1.51159955784210460E1));
#506=CARTESIAN_POINT('',(3.76819717593724306E1,-1.22461469467968680E1));
#507=CARTESIAN_POINT('',(3.87276500980575946E1,-9.32332891059868096E0));
#508=CARTESIAN_POINT('',(3.95402173734989404E1,-6.28536436616304783E0));
#509=CARTESIAN_POINT('',(4.00000000000000000E1,-3.14562205052132482E0));
#510=CARTESIAN_POINT('',(4.00000000000000000E1,0.00000000000000000E0));
#511=(BOUNDED_CURVE()B_SPLINE_CURVE(5,(#505,#506,#507,#508,#509,#510),.UNSPECIFIED.,.F.,.F.)B_SPLINE_CURVE_WITH_KNOTS((6,6),(0.00000000000000000E0,1.00000000000000000E0),.UNSPECIFIED.)CURVE()GEOMETRIC_REPRESENTATION_ITEM()RATIONAL_B_SPLINE_CURVE((1.00000000000000000E0,9.92314112161292172E-1,9.88471168241938258E-1,9.88471168241938147E-1,9.92314112161292172E-1,1.00000000000000000E0))REPRESENTATION_ITEM(''));
#512=DEFINITIONAL_REPRESENTATION('',(#511),#465);
#513=PCURVE('',#76,#512);
#514=CARTESIAN_POINT('',(3.00000000000000000E0,0.00000000000000000E0));
#515=CARTESIAN_POINT('',(3.00000000000000000E0,1.00000000000000000E0));
#516=B_SPLINE_CURVE_WITH_KNOTS('',1,(#514,#515),.UNSPECIFIED.,.F.,.F.,(2,2),(0.00000000000000000E0,1.00000000000000000E0),.UNSPECIFIED.);
#517=DEFINITIONAL_REPRESENTATION('',(#516),#465);
#518=PCURVE('',#89,#517);
#519=CARTESIAN_POINT('',(3.00000000000000000E0,1.00000000000000000E0));
#520=CARTESIAN_POINT('',(0.00000000000000000E0,1.00000000000000000E0));
#521=B_SPLINE_CURVE_WITH_KNOTS('',1,(#519,#520),.UNSPECIFIED.,.F.,.F.,(2,2),(0.00000000000000000E0,1.00000000000000000E0),.UNSPECIFIED.);
#522=DEFINITIONAL_REPRESENTATION('',(#521),#465);
#523=PCURVE('',#89,#522);
#524=CARTESIAN_POINT('',(0.00000000000000000E0,1.00000000000000000E0));
#525=CARTESIAN_POINT('',(0.00000000000000000E0,0.00000000000000000E0));
#526=B_SPLINE_CURVE_WITH_KNOTS('',1,(#524,#525),.UNSPECIFIED.,.F.,.F.,(2,2),(0.00000000000000000E0,1.00000000000000000E0),.UNSPECIFIED.);
#527=DEFINITIONAL_REPRESENTATION('',(#526),#465);
#528=PCURVE('',#89,#527);
#529=CARTESIAN_POINT('',(0.00000000000000000E0,0.00000000000000000E0));
#530=CARTESIAN_POINT('',(3.00000000000000000E0,0.00000000000000000E0));
#531=B_SPLINE_CURVE_WITH_KNOTS('',1,(#529,#530),.UNSPECIFIED.,.F.,.F.,(2,2),(0.00000000000000000E0,1.00000000000000000E0),.UNSPECIFIED.);
#532=DEFINITIONAL_REPRESENTATION('',(#531),#465);
#533=PCURVE('',#89,#532);
#534=CARTESIAN_POINT('',(0.00000000000000000E0,0.00000000000000000E0));
#535=CARTESIAN_POINT('',(3.00000000000000000E0,0.00000000000000000E0));
#536=B_SPLINE_CURVE_WITH_KNOTS('',1,(#534,#535),.UNSPECIFIED.,.F.,.F.,(2,2),(0.00000000000000000E0,1.00000000000000000E0),.UNSPECIFIED.);
#537=DEFINITIONAL_REPRESENTATION('',(#536),#465);
#538=PCURVE('',#102,#537);
#539=CARTESIAN_POINT('',(3.00000000000000000E0,0.00000000000000000E0));
#540=CARTESIAN_POINT('',(3.00000000000000000E0,1.00000000000000000E0));
#541=B_SPLINE_CURVE_WITH_KNOTS('',1,(#539,#540),.UNSPECIFIED.,.F.,.F.,(2,2),(0.00000000000000000E0,1.00000000000000000E0),.UNSPECIFIED.);
#542=DEFINITIONAL_REPRESENTATION('',(#541),#465);
#543=PCURVE('',#102,#542);
#544=CARTESIAN_POINT('',(3.00000000000000000E0,1.00000000000000000E0));
#545=CARTESIAN_POINT('',(0.00000000000000000E0,1.00000000000000000E0));
#546=B_SPLINE_CURVE_WITH_KNOTS('',1,(#544,#545),.UNSPECIFIED.,.F.,.F.,(2,2),(0.00000000000000000E0,1.00000000000000000E0),.UNSPECIFIED.);
#547=DEFINITIONAL_REPRESENTATION('',(#546),#465);
#548=PCURVE('',#102,#547);
#549=CARTESIAN_POINT('',(0.00000000000000000E0,1.00000000000000000E0));
#550=CARTESIAN_POINT('',(0.00000000000000000E0,0.00000000000000000E0));
#551=B_SPLINE_CURVE_WITH_KNOTS('',1,(#549,#550),.UNSPECIFIED.,.F.,.F.,(2,2),(0.00000000000000000E0,1.00000000000000000E0),.UNSPECIFIED.);
#552=DEFINITIONAL_REPRESENTATION('',(#551),#465);
#553=PCURVE('',#102,#552);
#554=CARTESIAN_POINT('',(-4.00000000000000000E1,0.00000000000000000E0));
#555=CARTESIAN_POINT('',(-4.00000000000000000E1,-3.14562205052132482E0));
#556=CARTESIAN_POINT('',(-3.96919668678891355E1,-6.28536436616304783E0));
#557=CARTESIAN_POINT('',(-3.90759006036673924E1,-9.38253862605141720E0));
#558=CARTESIAN_POINT('',(-3.81589587436682791E1,-1.24011614651107518E1));
#559=CARTESIAN_POINT('',(-3.69551813004514713E1,-1.53073372946035917E1));
#560=(BOUNDED_CURVE()B_SPLINE_CURVE(5,(#554,#555,#556,#557,#558,#559),.UNSPECIFIED.,.F.,.F.)B_SPLINE_CURVE_WITH_KNOTS((6,6),(0.00000000000000000E0,1.00000000000000000E0),.UNSPECIFIED.)CURVE()GEOMETRIC_REPRESENTATION_ITEM()RATIONAL_B_SPLINE_CURVE((1.00000000000000000E0,9.92314112161292172E-1,9.88471168241938147E-1,9.88471168241938258E-1,9.92314112161292172E-1,1.00000000000000000E0))REPRESENTATION_ITEM(''));
#561=DEFINITIONAL_REPRESENTATION('',(#560),#465);
#562=PCURVE('',#107,#561);
#563=CARTESIAN_POINT('',(-3.69551813004514713E1,-1.53073372946035917E1));
#564=CARTESIAN_POINT('',(-9.23879532511286783E0,-3.82683432365089837E0));
#565=B_SPLINE_CURVE_WITH_KNOTS('',1,(#563,#564),.UNSPECIFIED.,.F.,.F.,(2,2),(0.00000000000000000E0,1.00000000000000000E0),.UNSPECIFIED.);
#566=DEFINITIONAL_REPRESENTATION('',(#565),#465);
#567=PCURVE('',#107,#566);
#568=CARTESIAN_POINT('',(-9.23879532511286783E0,-3.82683432365089837E0));
#569=CARTESIAN_POINT('',(-9.53973968591706978E0,-3.10029036627768795E0));
#570=CARTESIAN_POINT('',(-9.76897515091684809E0,-2.34563465651285430E0));
#571=CARTESIAN_POINT('',(-9.92299171697228388E0,-1.57134109154076196E0));
#572=CARTESIAN_POINT('',(-1.00000000000000000E1,-7.86405512630331205E-1));
#573=CARTESIAN_POINT('',(-1.00000000000000000E1,0.00000000000000000E0));
#574=(BOUNDED_CURVE()B_SPLINE_CURVE(5,(#568,#569,#570,#571,#572,#573),.UNSPECIFIED.,.F.,.F.)B_SPLINE_CURVE_WITH_KNOTS((6,6),(0.00000000000000000E0,1.00000000000000000E0),.UNSPECIFIED.)CURVE()GEOMETRIC_REPRESENTATION_ITEM()RATIONAL_B_SPLINE_CURVE((1.00000000000000000E0,9.92314112161292172E-1,9.88471168241938258E-1,9.88471168241938147E-1,9.92314112161292172E-1,1.00000000000000000E0))REPRESENTATION_ITEM(''));
#575=DEFINITIONAL_REPRESENTATION('',(#574),#465);
#576=PCURVE('',#107,#575);
#577=CARTESIAN_POINT('',(-1.00000000000000000E1,0.00000000000000000E0));
#578=CARTESIAN_POINT('',(-4.00000000000000000E1,0.00000000000000000E0));
#579=B_SPLINE_CURVE_WITH_KNOTS('',1,(#577,#578),.UNSPECIFIED.,.F.,.F.,(2,2),(0.00000000000000000E0,1.00000000000000000E0),.UNSPECIFIED.);
#580=DEFINITIONAL_REPRESENTATION('',(#579),#465);
#581=PCURVE('',#107,#580);
#582=CARTESIAN_POINT('',(0.00000000000000000E0,0.00000000000000000E0));
#583=CARTESIAN_POINT('',(1.00000000000000000E0,0.00000000000000000E0));
#584=B_SPLINE_CURVE_WITH_KNOTS('',1,(#582,#583),.UNSPECIFIED.,.F.,.F.,(2,2),(0.00000000000000000E0,1.00000000000000000E0),.UNSPECIFIED.);
#585=DEFINITIONAL_REPRESENTATION('',(#584),#465);
#586=PCURVE('',#117,#585);
#587=CARTESIAN_POINT('',(1.00000000000000000E0,0.00000000000000000E0));
#588=CARTESIAN_POINT('',(1.00000000000000000E0,1.00000000000000000E0));
#589=B_SPLINE_CURVE_WITH_KNOTS('',1,(#587,#588),.UNSPECIFIED.,.F.,.F.,(2,2),(0.00000000000000000E0,1.00000000000000000E0),.UNSPECIFIED.);
#590=DEFINITIONAL_REPRESENTATION('',(#589),#465);
#591=PCURVE('',#117,#590);
#592=CARTESIAN_POINT('',(1.00000000000000000E0,1.00000000000000000E0));
#593=CARTESIAN_POINT('',(0.00000000000000000E0,1.00000000000000000E0));
#594=B_SPLINE_CURVE_WITH_KNOTS('',1,(#592,#593),.UNSPECIFIED.,.F.,.F.,(2,2),(0.00000000000000000E0,1.00000000000000000E0),.UNSPECIFIED.);
#595=DEFINITIONAL_REPRESENTATION('',(#594),#465);
#596=PCURVE('',#117,#595);
#597=CARTESIAN_POINT('',(0.00000000000000000E0,1.00000000000000000E0));
#598=CARTESIAN_POINT('',(0.00000000000000000E0,0.00000000000000000E0));
#599=B_SPLINE_CURVE_WITH_KNOTS('',1,(#597,#598),.UNSPECIFIED.,.F.,.F.,(2,2),(0.00000000000000000E0,1.00000000000000000E0),.UNSPECIFIED.);
#600=DEFINITIONAL_REPRESENTATION('',(#599),#465);
#601=PCURVE('',#117,#600);
#602=CARTESIAN_POINT('',(3.64932415341958247E1,-1.51159955784210460E1));
#603=CARTESIAN_POINT('',(9.23879532511286783E0,-3.82683432365089837E0));
#604=B_SPLINE_CURVE_WITH_KNOTS('',1,(#602,#603),.UNSPECIFIED.,.F.,.F.,(2,2),(0.00000000000000000E0,1.00000000000000000E0),.UNSPECIFIED.);
#605=DEFINITIONAL_REPRESENTATION('',(#604),#465);
#606=PCURVE('',#76,#605);
#607=CARTESIAN_POINT('',(9.23879532511286783E0,-3.82683432365089837E0));
#608=CARTESIAN_POINT('',(7.65366864730179675E0,-7.65366864730179408E0));
#609=CARTESIAN_POINT('',(3.82683432365089837E0,-9.23879532511286783E0));
#610=(BOUNDED_CURVE()B_SPLINE_CURVE(2,(#607,#608,#609),.UNSPECIFIED.,.F.,.F.)B_SPLINE_CURVE_WITH_KNOTS((3,3),(0.00000000000000000E0,1.00000000000000000E0),.UNSPECIFIED.)CURVE()GEOMETRIC_REPRESENTATION_ITEM()RATIONAL_B_SPLINE_CURVE((1.00000000000000000E0,9.23879532511286738E-1,1.00000000000000000E0))REPRESENTATION_ITEM(''));
#611=DEFINITIONAL_REPRESENTATION('',(#610),#465);
#612=PCURVE('',#76,#611);
#613=CARTESIAN_POINT('',(3.82683432365089837E0,-9.23879532511286783E0));
#614=CARTESIAN_POINT('',(1.51159955784210478E1,-3.64932415341958247E1));
#615=B_SPLINE_CURVE_WITH_KNOTS('',1,(#613,#614),.UNSPECIFIED.,.F.,.F.,(2,2),(0.00000000000000000E0,1.00000000000000000E0),.UNSPECIFIED.);
#616=DEFINITIONAL_REPRESENTATION('',(#615),#465);
#617=PCURVE('',#76,#616);
#618=CARTESIAN_POINT('',(1.51159955784210478E1,-3.64932415341958247E1));
#619=CARTESIAN_POINT('',(3.02319911568420920E1,-3.02319911568420885E1));
#620=CARTESIAN_POINT('',(3.64932415341958247E1,-1.51159955784210460E1));
#621=(BOUNDED_CURVE()B_SPLINE_CURVE(2,(#618,#619,#620),.UNSPECIFIED.,.F.,.F.)B_SPLINE_CURVE_WITH_KNOTS((3,3),(0.00000000000000000E0,1.00000000000000000E0),.UNSPECIFIED.)CURVE()GEOMETRIC_REPRESENTATION_ITEM()RATIONAL_B_SPLINE_CURVE((1.00000000000000000E0,9.23879532511286738E-1,1.00000000000000000E0))REPRESENTATION_ITEM(''));
#622=DEFINITIONAL_REPRESENTATION('',(#621),#465);
#623=PCURVE('',#76,#622);
#624=CARTESIAN_POINT('',(3.00000000000000000E0,0.00000000000000000E0));
#625=CARTESIAN_POINT('',(3.00000000000000000E0,1.00000000000000000E0));
#626=B_SPLINE_CURVE_WITH_KNOTS('',1,(#624,#625),.UNSPECIFIED.,.F.,.F.,(2,2),(0.00000000000000000E0,1.00000000000000000E0),.UNSPECIFIED.);
#627=DEFINITIONAL_REPRESENTATION('',(#626),#465);
#628=PCURVE('',#124,#627);
#629=CARTESIAN_POINT('',(3.00000000000000000E0,1.00000000000000000E0));
#630=CARTESIAN_POINT('',(0.00000000000000000E0,1.00000000000000000E0));
#631=B_SPLINE_CURVE_WITH_KNOTS('',1,(#629,#630),.UNSPECIFIED.,.F.,.F.,(2,2),(0.00000000000000000E0,1.00000000000000000E0),.UNSPECIFIED.);
#632=DEFINITIONAL_REPRESENTATION('',(#631),#465);
#633=PCURVE('',#124,#632);
#634=CARTESIAN_POINT('',(0.00000000000000000E0,1.00000000000000000E0));
#635=CARTESIAN_POINT('',(0.00000000000000000E0,0.00000000000000000E0));
#636=B_SPLINE_CURVE_WITH_KNOTS('',1,(#634,#635),.UNSPECIFIED.,.F.,.F.,(2,2),(0.00000000000000000E0,1.00000000000000000E0),.UNSPECIFIED.);
#637=DEFINITIONAL_REPRESENTATION('',(#636),#465);
#638=PCURVE('',#124,#637);
#639=CARTESIAN_POINT('',(0.00000000000000000E0,0.00000000000000000E0));
#640=CARTESIAN_POINT('',(3.00000000000000000E0,0.00000000000000000E0));
#641=B_SPLINE_CURVE_WITH_KNOTS('',1,(#639,#640),.UNSPECIFIED.,.F.,.F.,(2,2),(0.00000000000000000E0,1.00000000000000000E0),.UNSPECIFIED.);
#642=DEFINITIONAL_REPRESENTATION('',(#641),#465);
#643=PCURVE('',#124,#642);
#644=CARTESIAN_POINT('',(0.00000000000000000E0,0.00000000000000000E0));
#645=CARTESIAN_POINT('',(3.00000000000000000E0,0.00000000000000000E0));
#646=B_SPLINE_CURVE_WITH_KNOTS('',1,(#644,#645),.UNSPECIFIED.,.F.,.F.,(2,2),(0.00000000000000000E0,1.00000000000000000E0),.UNSPECIFIED.);
#647=DEFINITIONAL_REPRESENTATION('',(#646),#465);
#648=PCURVE('',#131,#647);
#649=CARTESIAN_POINT('',(3.00000000000000000E0,0.00000000000000000E0));
#650=CARTESIAN_POINT('',(3.00000000000000000E0,1.00000000000000000E0));
#651=B_SPLINE_CURVE_WITH_KNOTS('',1,(#649,#650),.UNSPECIFIED.,.F.,.F.,(2,2),(0.00000000000000000E0,1.00000000000000000E0),.UNSPECIFIED.);
#652=DEFINITIONAL_REPRESENTATION('',(#651),#465);
#653=PCURVE('',#131,#652);
#654=CARTESIAN_POINT('',(3.00000000000000000E0,1.00000000000000000E0));
#655=CARTESIAN_POINT('',(0.00000000000000000E0,1.00000000000000000E0));
#656=B_SPLINE_CURVE_WITH_KNOTS('',1,(#654,#655),.UNSPECIFIED.,.F.,.F.,(2,2),(0.00000000000000000E0,1.00000000000000000E0),.UNSPECIFIED.);
#657=DEFINITIONAL_REPRESENTATION('',(#656),#465);
#658=PCURVE('',#131,#657);
#659=CARTESIAN_POINT('',(0.00000000000000000E0,1.00000000000000000E0));
#660=CARTESIAN_POINT('',(0.00000000000000000E0,0.00000000000000000E0));
#661=B_SPLINE_CURVE_WITH_KNOTS('',1,(#659,#660),.UNSPECIFIED.,.F.,.F.,(2,2),(0.00000000000000000E0,1.00000000000000000E0),.UNSPECIFIED.);
#662=DEFINITIONAL_REPRESENTATION('',(#661),#465);
#663=PCURVE('',#131,#662);
#664=CARTESIAN_POINT('',(-3.69551813004514713E1,-1.53073372946035917E1));
#665=CARTESIAN_POINT('',(-3.06146745892071834E1,-3.06146745892071763E1));
#666=CARTESIAN_POINT('',(-1.53073372946035935E1,-3.69551813004514713E1));
#667=(BOUNDED_CURVE()B_SPLINE_CURVE(2,(#664,#665,#666),.UNSPECIFIED.,.F.,.F.)B_SPLINE_CURVE_WITH_KNOTS((3,3),(0.00000000000000000E0,1.00000000000000000E0),.UNSPECIFIED.)CURVE()GEOMETRIC_REPRESENTATION_ITEM()RATIONAL_B_SPLINE_CURVE((1.00000000000000000E0,9.23879532511286738E-1,1.00000000000000000E0))REPRESENTATION_ITEM(''));
#668=DEFINITIONAL_REPRESENTATION('',(#667),#465);
#669=PCURVE('',#107,#668);
#670=CARTESIAN_POINT('',(-1.53073372946035935E1,-3.69551813004514713E1));
#671=CARTESIAN_POINT('',(-3.82683432365089837E0,-9.23879532511286783E0));
#672=B_SPLINE_CURVE_WITH_KNOTS('',1,(#670,#671),.UNSPECIFIED.,.F.,.F.,(2,2),(0.00000000000000000E0,1.00000000000000000E0),.UNSPECIFIED.);
#673=DEFINITIONAL_REPRESENTATION('',(#672),#465);
#674=PCURVE('',#107,#673);
#675=CARTESIAN_POINT('',(-3.82683432365089837E0,-9.23879532511286783E0));
#676=CARTESIAN_POINT('',(-7.65366864730179675E0,-7.65366864730179408E0));
#677=CARTESIAN_POINT('',(-9.23879532511286783E0,-3.82683432365089837E0));
#678=(BOUNDED_CURVE()B_SPLINE_CURVE(2,(#675,#676,#677),.UNSPECIFIED.,.F.,.F.)B_SPLINE_CURVE_WITH_KNOTS((3,3),(0.00000000000000000E0,1.00000000000000000E0),.UNSPECIFIED.)CURVE()GEOMETRIC_REPRESENTATION_ITEM()RATIONAL_B_SPLINE_CURVE((1.00000000000000000E0,9.23879532511286738E-1,1.00000000000000000E0))REPRESENTATION_ITEM(''));
#679=DEFINITIONAL_REPRESENTATION('',(#678),#465);
#680=PCURVE('',#107,#679);
#681=CARTESIAN_POINT('',(-9.23879532511286783E0,-3.82683432365089837E0));
#682=CARTESIAN_POINT('',(-3.69551813004514713E1,-1.53073372946035917E1));
#683=B_SPLINE_CURVE_WITH_KNOTS('',1,(#681,#682),.UNSPECIFIED.,.F.,.F.,(2,2),(0.00000000000000000E0,1.00000000000000000E0),.UNSPECIFIED.);
#684=DEFINITIONAL_REPRESENTATION('',(#683),#465);
#685=PCURVE('',#107,#684);
#686=CARTESIAN_POINT('',(0.00000000000000000E0,0.00000000000000000E0));
#687=CARTESIAN_POINT('',(1.00000000000000000E0,0.00000000000000000E0));
#688=B_SPLINE_CURVE_WITH_KNOTS('',1,(#686,#687),.UNSPECIFIED.,.F.,.F.,(2,2),(0.00000000000000000E0,1.00000000000000000E0),.UNSPECIFIED.);
#689=DEFINITIONAL_REPRESENTATION('',(#688),#465);
#690=PCURVE('',#150,#689);
#691=CARTESIAN_POINT('',(1.00000000000000000E0,0.00000000000000000E0));
#692=CARTESIAN_POINT('',(1.00000000000000000E0,1.00000000000000000E0));
#693=B_SPLINE_CURVE_WITH_KNOTS('',1,(#691,#692),.UNSPECIFIED.,.F.,.F.,(2,2),(0.00000000000000000E0,1.00000000000000000E0),.UNSPECIFIED.);
#694=DEFINITIONAL_REPRESENTATION('',(#693),#465);
#695=PCURVE('',#150,#694);
#696=CARTESIAN_POINT('',(1.00000000000000000E0,1.00000000000000000E0));
#697=CARTESIAN_POINT('',(0.00000000000000000E0,1.00000000000000000E0));
#698=B_SPLINE_CURVE_WITH_KNOTS('',1,(#696,#697),.UNSPECIFIED.,.F.,.F.,(2,2),(0.00000000000000000E0,1.00000000000000000E0),.UNSPECIFIED.);
#699=DEFINITIONAL_REPRESENTATION('',(#698),#465);
#700=PCURVE('',#150,#699);
#701=CARTESIAN_POINT('',(0.00000000000000000E0,1.00000000000000000E0));
#702=CARTESIAN_POINT('',(0.00000000000000000E0,0.00000000000000000E0));
#703=B_SPLINE_CURVE_WITH_KNOTS('',1,(#701,#702),.UNSPECIFIED.,.F.,.F.,(2,2),(0.00000000000000000E0,1.00000000000000000E0),.UNSPECIFIED.);
#704=DEFINITIONAL_REPRESENTATION('',(#703),#465);
#705=PCURVE('',#150,#704);
#706=CARTESIAN_POINT('',(1.51159955784210478E1,-3.64932415341958247E1));
#707=CARTESIAN_POINT('',(3.82683432365089837E0,-9.23879532511286783E0));
#708=B_SPLINE_CURVE_WITH_KNOTS('',1,(#706,#707),.UNSPECIFIED.,.F.,.F.,(2,2),(0.00000000000000000E0,1.00000000000000000E0),.UNSPECIFIED.);
#709=DEFINITIONAL_REPRESENTATION('',(#708),#465);
#710=PCURVE('',#76,#709);
#711=CARTESIAN_POINT('',(3.82683432365089837E0,-9.23879532511286783E0));
#712=CARTESIAN_POINT('',(3.10029036627768839E0,-9.53973968591706978E0));
#713=CARTESIAN_POINT('',(2.34563465651285519E0,-9.76897515091684987E0));
#714=CARTESIAN_POINT('',(1.57134109154076218E0,-9.92299171697228211E0));
#715=CARTESIAN_POINT('',(7.86405512630331538E-1,-1.00000000000000000E1));
#716=CARTESIAN_POINT('',(0.00000000000000000E0,-1.00000000000000000E1));
#717=(BOUNDED_CURVE()B_SPLINE_CURVE(5,(#711,#712,#713,#714,#715,#716),.UNSPECIFIED.,.F.,.F.)B_SPLINE_CURVE_WITH_KNOTS((6,6),(0.00000000000000000E0,1.00000000000000000E0),.UNSPECIFIED.)CURVE()GEOMETRIC_REPRESENTATION_ITEM()RATIONAL_B_SPLINE_CURVE((1.00000000000000000E0,9.92314112161292172E-1,9.88471168241938147E-1,9.88471168241938258E-1,9.92314112161292172E-1,1.00000000000000000E0))REPRESENTATION_ITEM(''));
#718=DEFINITIONAL_REPRESENTATION('',(#717),#465);
#719=PCURVE('',#76,#718);
#720=CARTESIAN_POINT('',(0.00000000000000000E0,-1.00000000000000000E1));
#721=CARTESIAN_POINT('',(0.00000000000000000E0,-4.00000000000000000E1));
#722=B_SPLINE_CURVE_WITH_KNOTS('',1,(#720,#721),.UNSPECIFIED.,.F.,.F.,(2,2),(0.00000000000000000E0,1.00000000000000000E0),.UNSPECIFIED.);
#723=DEFINITIONAL_REPRESENTATION('',(#722),#465);
#724=PCURVE('',#76,#723);
#725=CARTESIAN_POINT('',(0.00000000000000000E0,-4.00000000000000000E1));
#726=CARTESIAN_POINT('',(3.14562205052132615E0,-4.00000000000000000E1));
#727=CARTESIAN_POINT('',(6.28536436616304872E0,-3.95402173734989333E1));
#728=CARTESIAN_POINT('',(9.32332891059868452E0,-3.87276500980575946E1));
#729=CARTESIAN_POINT('',(1.22461469467968715E1,-3.76819717593724306E1));
#730=CARTESIAN_POINT('',(1.51159955784210478E1,-3.64932415341958247E1));
#731=(BOUNDED_CURVE()B_SPLINE_CURVE(5,(#725,#726,#727,#728,#729,#730),.UNSPECIFIED.,.F.,.F.)B_SPLINE_CURVE_WITH_KNOTS((6,6),(0.00000000000000000E0,1.00000000000000000E0),.UNSPECIFIED.)CURVE()GEOMETRIC_REPRESENTATION_ITEM()RATIONAL_B_SPLINE_CURVE((1.00000000000000000E0,9.92314112161292172E-1,9.88471168241938258E-1,9.88471168241938147E-1,9.92314112161292172E-1,1.00000000000000000E0))REPRESENTATION_ITEM(''));
#732=DEFINITIONAL_REPRESENTATION('',(#731),#465);
#733=PCURVE('',#76,#732);
#734=CARTESIAN_POINT('',(3.00000000000000000E0,0.00000000000000000E0));
#735=CARTESIAN_POINT('',(3.00000000000000000E0,1.00000000000000000E0));
#736=B_SPLINE_CURVE_WITH_KNOTS('',1,(#734,#735),.UNSPECIFIED.,.F.,.F.,(2,2),(0.00000000000000000E0,1.00000000000000000E0),.UNSPECIFIED.);
#737=DEFINITIONAL_REPRESENTATION('',(#736),#465);
#738=PCURVE('',#163,#737);
#739=CARTESIAN_POINT('',(3.00000000000000000E0,1.00000000000000000E0));
#740=CARTESIAN_POINT('',(0.00000000000000000E0,1.00000000000000000E0));
#741=B_SPLINE_CURVE_WITH_KNOTS('',1,(#739,#740),.UNSPECIFIED.,.F.,.F.,(2,2),(0.00000000000000000E0,1.00000000000000000E0),.UNSPECIFIED.);
#742=DEFINITIONAL_REPRESENTATION('',(#741),#465);
#743=PCURVE('',#163,#742);
#744=CARTESIAN_POINT('',(0.00000000000000000E0,1.00000000000000000E0));
#745=CARTESIAN_POINT('',(0.00000000000000000E0,0.00000000000000000E0));
#746=B_SPLINE_CURVE_WITH_KNOTS('',1,(#744,#745),.UNSPECIFIED.,.F.,.F.,(2,2),(0.00000000000000000E0,1.00000000000000000E0),.UNSPECIFIED.);
#747=DEFINITIONAL_REPRESENTATION('',(#746),#465);
#748=PCURVE('',#163,#747);
#749=CARTESIAN_POINT('',(0.00000000000000000E0,0.00000000000000000E0));
#750=CARTESIAN_POINT('',(3.00000000000000000E0,0.00000000000000000E0));
#751=B_SPLINE_CURVE_WITH_KNOTS('',1,(#749,#750),.UNSPECIFIED.,.F.,.F.,(2,2),(0.00000000000000000E0,1.00000000000000000E0),.UNSPECIFIED.);
#752=DEFINITIONAL_REPRESENTATION('',(#751),#465);
#753=PCURVE('',#163,#752);
#754=CARTESIAN_POINT('',(0.00000000000000000E0,0.00000000000000000E0));
#755=CARTESIAN_POINT('',(3.00000000000000000E0,0.00000000000000000E0));
#756=B_SPLINE_CURVE_WITH_KNOTS('',1,(#754,#755),.UNSPECIFIED.,.F.,.F.,(2,2),(0.00000000000000000E0,1.00000000000000000E0),.UNSPECIFIED.);
#757=DEFINITIONAL_REPRESENTATION('',(#756),#465);
#758=PCURVE('',#176,#757);
#759=CARTESIAN_POINT('',(3.00000000000000000E0,0.00000000000000000E0));
#760=CARTESIAN_POINT('',(3.00000000000000000E0,1.00000000000000000E0));
#761=B_SPLINE_CURVE_WITH_KNOTS('',1,(#759,#760),.UNSPECIFIED.,.F.,.F.,(2,2),(0.00000000000000000E0,1.00000000000000000E0),.UNSPECIFIED.);
#762=DEFINITIONAL_REPRESENTATION('',(#761),#465);
#763=PCURVE('',#176,#762);
#764=CARTESIAN_POINT('',(3.00000000000000000E0,1.00000000000000000E0));
#765=CARTESIAN_POINT('',(0.00000000000000000E0,1.00000000000000000E0));
#766=B_SPLINE_CURVE_WITH_KNOTS('',1,(#764,#765),.UNSPECIFIED.,.F.,.F.,(2,2),(0.00000000000000000E0,1.00000000000000000E0),.UNSPECIFIED.);
#767=DEFINITIONAL_REPRESENTATION('',(#766),#465);
#768=PCURVE('',#176,#767);
#769=CARTESIAN_POINT('',(0.00000000000000000E0,1.00000000000000000E0));
#770=CARTESIAN_POINT('',(0.00000000000000000E0,0.00000000000000000E0));
#771=B_SPLINE_CURVE_WITH_KNOTS('',1,(#769,#770),.UNSPECIFIED.,.F.,.F.,(2,2),(0.00000000000000000E0,1.00000000000000000E0),.UNSPECIFIED.);
#772=DEFINITIONAL_REPRESENTATION('',(#771),#465);
#773=PCURVE('',#176,#772);
#774=CARTESIAN_POINT('',(-1.53073372946035935E1,-3.69551813004514713E1));
#775=CARTESIAN_POINT('',(-1.24011614651107536E1,-3.81589587436682791E1));
#776=CARTESIAN_POINT('',(-9.38253862605142075E0,-3.90759006036673995E1));
#777=CARTESIAN_POINT('',(-6.28536436616304872E0,-3.96919668678891284E1));
#778=CARTESIAN_POINT('',(-3.14562205052132615E0,-4.00000000000000000E1));
#779=CARTESIAN_POINT('',(0.00000000000000000E0,-4.00000000000000000E1));
#780=(BOUNDED_CURVE()B_SPLINE_CURVE(5,(#774,#775,#776,#777,#778,#779),.UNSPECIFIED.,.F.,.F.)B_SPLINE_CURVE_WITH_KNOTS((6,6),(0.00000000000000000E0,1.00000000000000000E0),.UNSPECIFIED.)CURVE()GEOMETRIC_REPRESENTATION_ITEM()RATIONAL_B_SPLINE_CURVE((1.00000000000000000E0,9.92314112161292172E-1,9.88471168241938147E-1,9.88471168241938258E-1,9.92314112161292172E-1,1.00000000000000000E0))REPRESENTATION_ITEM(''));
#781=DEFINITIONAL_REPRESENTATION('',(#780),#465);
#782=PCURVE('',#107,#781);
#783=CARTESIAN_POINT('',(0.00000000000000000E0,-4.00000000000000000E1));
#784=CARTESIAN_POINT('',(0.00000000000000000E0,-1.00000000000000000E1));
#785=B_SPLINE_CURVE_WITH_KNOTS('',1,(#783,#784),.UNSPECIFIED.,.F.,.F.,(2,2),(0.00000000000000000E0,1.00000000000000000E0),.UNSPECIFIED.);
#786=DEFINITIONAL_REPRESENTATION('',(#785),#465);
#787=PCURVE('',#107,#786);
#788=CARTESIAN_POINT('',(0.00000000000000000E0,-1.00000000000000000E1));
#789=CARTESIAN_POINT('',(-7.86405512630331538E-1,-1.00000000000000000E1));
#790=CARTESIAN_POINT('',(-1.57134109154076218E0,-9.92299171697228211E0));
#791=CARTESIAN_POINT('',(-2.34563465651285519E0,-9.76897515091684987E0));
#792=CARTESIAN_POINT('',(-3.10029036627768839E0,-9.53973968591706978E0));
#793=CARTESIAN_POINT('',(-3.82683432365089837E0,-9.23879532511286783E0));
#794=(BOUNDED_CURVE()B_SPLINE_CURVE(5,(#788,#789,#790,#791,#792,#793),.UNSPECIFIED.,.F.,.F.)B_SPLINE_CURVE_WITH_KNOTS((6,6),(0.00000000000000000E0,1.00000000000000000E0),.UNSPECIFIED.)CURVE()GEOMETRIC_REPRESENTATION_ITEM()RATIONAL_B_SPLINE_CURVE((1.00000000000000000E0,9.92314112161292172E-1,9.88471168241938258E-1,9.88471168241938147E-1,9.92314112161292172E-1,1.00000000000000000E0))REPRESENTATION_ITEM(''));
#795=DEFINITIONAL_REPRESENTATION('',(#794),#465);
#796=PCURVE('',#107,#795);
#797=CARTESIAN_POINT('',(-3.82683432365089837E0,-9.23879532511286783E0));
#798=CARTESIAN_POINT('',(-1.53073372946035935E1,-3.69551813004514713E1));
#799=B_SPLINE_CURVE_WITH_KNOTS('',1,(#797,#798),.UNSPECIFIED.,.F.,.F.,(2,2),(0.00000000000000000E0,1.00000000000000000E0),.UNSPECIFIED.);
#800=DEFINITIONAL_REPRESENTATION('',(#799),#465);
#801=PCURVE('',#107,#800);
#802=CARTESIAN_POINT('',(0.00000000000000000E0,-4.00000000000000000E1));
#803=CARTESIAN_POINT('',(0.00000000000000000E0,-1.00000000000000000E1));
#804=B_SPLINE_CURVE_WITH_KNOTS('',1,(#802,#803),.UNSPECIFIED.,.F.,.F.,(2,2),(0.00000000000000000E0,1.00000000000000000E0),.UNSPECIFIED.);
#805=DEFINITIONAL_REPRESENTATION('',(#804),#465);
#806=PCURVE('',#76,#805);
#807=CARTESIAN_POINT('',(0.00000000000000000E0,-1.00000000000000000E1));
#808=CARTESIAN_POINT('',(-9.99999999999999822E0,-1.00000000000000000E1));
#809=CARTESIAN_POINT('',(-1.00000000000000000E1,0.00000000000000000E0));
#810=(BOUNDED_CURVE()B_SPLINE_CURVE(2,(#807,#808,#809),.UNSPECIFIED.,.F.,.F.)B_SPLINE_CURVE_WITH_KNOTS((3,3),(0.00000000000000000E0,1.00000000000000000E0),.UNSPECIFIED.)CURVE()GEOMETRIC_REPRESENTATION_ITEM()RATIONAL_B_SPLINE_CURVE((1.00000000000000000E0,7.07106781186547573E-1,1.00000000000000000E0))REPRESENTATION_ITEM(''));
#811=DEFINITIONAL_REPRESENTATION('',(#810),#465);
#812=PCURVE('',#76,#811);
#813=CARTESIAN_POINT('',(-1.00000000000000000E1,0.00000000000000000E0));
#814=CARTESIAN_POINT('',(-4.00000000000000000E1,0.00000000000000000E0));
#815=B_SPLINE_CURVE_WITH_KNOTS('',1,(#813,#814),.UNSPECIFIED.,.F.,.F.,(2,2),(0.00000000000000000E0,1.00000000000000000E0),.UNSPECIFIED.);
#816=DEFINITIONAL_REPRESENTATION('',(#815),#465);
#817=PCURVE('',#76,#816);
#818=CARTESIAN_POINT('',(-4.00000000000000000E1,0.00000000000000000E0));
#819=CARTESIAN_POINT('',(-3.99999999999999929E1,-4.00000000000000000E1));
#820=CARTESIAN_POINT('',(0.00000000000000000E0,-4.00000000000000000E1));
#821=(BOUNDED_CURVE()B_SPLINE_CURVE(2,(#818,#819,#820),.UNSPECIFIED.,.F.,.F.)B_SPLINE_CURVE_WITH_KNOTS((3,3),(0.00000000000000000E0,1.00000000000000000E0),.UNSPECIFIED.)CURVE()GEOMETRIC_REPRESENTATION_ITEM()RATIONAL_B_SPLINE_CURVE((1.00000000000000000E0,7.07106781186547573E-1,1.00000000000000000E0))REPRESENTATION_ITEM(''));
#822=DEFINITIONAL_REPRESENTATION('',(#821),#465);
#823=PCURVE('',#76,#822);
#824=CARTESIAN_POINT('',(3.00000000000000000E0,0.00000000000000000E0));
#825=CARTESIAN_POINT('',(3.00000000000000000E0,1.00000000000000000E0));
#826=B_SPLINE_CURVE_WITH_KNOTS('',1,(#824,#825),.UNSPECIFIED.,.F.,.F.,(2,2),(0.00000000000000000E0,1.00000000000000000E0),.UNSPECIFIED.);
#827=DEFINITIONAL_REPRESENTATION('',(#826),#465);
#828=PCURVE('',#183,#827);
#829=CARTESIAN_POINT('',(3.00000000000000000E0,1.00000000000000000E0));
#830=CARTESIAN_POINT('',(0.00000000000000000E0,1.00000000000000000E0));
#831=B_SPLINE_CURVE_WITH_KNOTS('',1,(#829,#830),.UNSPECIFIED.,.F.,.F.,(2,2),(0.00000000000000000E0,1.00000000000000000E0),.UNSPECIFIED.);
#832=DEFINITIONAL_REPRESENTATION('',(#831),#465);
#833=PCURVE('',#183,#832);
#834=CARTESIAN_POINT('',(0.00000000000000000E0,1.00000000000000000E0));
#835=CARTESIAN_POINT('',(0.00000000000000000E0,0.00000000000000000E0));
#836=B_SPLINE_CURVE_WITH_KNOTS('',1,(#834,#835),.UNSPECIFIED.,.F.,.F.,(2,2),(0.00000000000000000E0,1.00000000000000000E0),.UNSPECIFIED.);
#837=DEFINITIONAL_REPRESENTATION('',(#836),#465);
#838=PCURVE('',#183,#837);
#839=CARTESIAN_POINT('',(0.00000000000000000E0,0.00000000000000000E0));
#840=CARTESIAN_POINT('',(3.00000000000000000E0,0.00000000000000000E0));
#841=B_SPLINE_CURVE_WITH_KNOTS('',1,(#839,#840),.UNSPECIFIED.,.F.,.F.,(2,2),(0.00000000000000000E0,1.00000000000000000E0),.UNSPECIFIED.);
#842=DEFINITIONAL_REPRESENTATION('',(#841),#465);
#843=PCURVE('',#183,#842);
#844=CARTESIAN_POINT('',(0.00000000000000000E0,0.00000000000000000E0));
#845=CARTESIAN_POINT('',(3.00000000000000000E0,0.00000000000000000E0));
#846=B_SPLINE_CURVE_WITH_KNOTS('',1,(#844,#845),.UNSPECIFIED.,.F.,.F.,(2,2),(0.00000000000000000E0,1.00000000000000000E0),.UNSPECIFIED.);
#847=DEFINITIONAL_REPRESENTATION('',(#846),#465);
#848=PCURVE('',#190,#847);
#849=CARTESIAN_POINT('',(3.00000000000000000E0,0.00000000000000000E0));
#850=CARTESIAN_POINT('',(3.00000000000000000E0,1.00000000000000000E0));
#851=B_SPLINE_CURVE_WITH_KNOTS('',1,(#849,#850),.UNSPECIFIED.,.F.,.F.,(2,2),(0.00000000000000000E0,1.00000000000000000E0),.UNSPECIFIED.);
#852=DEFINITIONAL_REPRESENTATION('',(#851),#465);
#853=PCURVE('',#190,#852);
#854=CARTESIAN_POINT('',(3.00000000000000000E0,1.00000000000000000E0));
#855=CARTESIAN_POINT('',(0.00000000000000000E0,1.00000000000000000E0));
#856=B_SPLINE_CURVE_WITH_KNOTS('',1,(#854,#855),.UNSPECIFIED.,.F.,.F.,(2,2),(0.00000000000000000E0,1.00000000000000000E0),.UNSPECIFIED.);
#857=DEFINITIONAL_REPRESENTATION('',(#856),#465);
#858=PCURVE('',#190,#857);
#859=CARTESIAN_POINT('',(0.00000000000000000E0,1.00000000000000000E0));
#860=CARTESIAN_POINT('',(0.00000000000000000E0,0.00000000000000000E0));
#861=B_SPLINE_CURVE_WITH_KNOTS('',1,(#859,#860),.UNSPECIFIED.,.F.,.F.,(2,2),(0.00000000000000000E0,1.00000000000000000E0),.UNSPECIFIED.);
#862=DEFINITIONAL_REPRESENTATION('',(#861),#465);
#863=PCURVE('',#190,#862);
#864=CARTESIAN_POINT('',(0.00000000000000000E0,-4.00000000000000000E1));
#865=CARTESIAN_POINT('',(3.99999999999999929E1,-4.00000000000000000E1));
#866=CARTESIAN_POINT('',(4.00000000000000000E1,0.00000000000000000E0));
#867=(BOUNDED_CURVE()B_SPLINE_CURVE(2,(#864,#865,#866),.UNSPECIFIED.,.F.,.F.)B_SPLINE_CURVE_WITH_KNOTS((3,3),(0.00000000000000000E0,1.00000000000000000E0),.UNSPECIFIED.)CURVE()GEOMETRIC_REPRESENTATION_ITEM()RATIONAL_B_SPLINE_CURVE((1.00000000000000000E0,7.07106781186547573E-1,1.00000000000000000E0))REPRESENTATION_ITEM(''));
#868=DEFINITIONAL_REPRESENTATION('',(#867),#465);
#869=PCURVE('',#107,#868);
#870=CARTESIAN_POINT('',(4.00000000000000000E1,0.00000000000000000E0));
#871=CARTESIAN_POINT('',(1.00000000000000000E1,0.00000000000000000E0));
#872=B_SPLINE_CURVE_WITH_KNOTS('',1,(#870,#871),.UNSPECIFIED.,.F.,.F.,(2,2),(0.00000000000000000E0,1.00000000000000000E0),.UNSPECIFIED.);
#873=DEFINITIONAL_REPRESENTATION('',(#872),#465);
#874=PCURVE('',#107,#873);
#875=CARTESIAN_POINT('',(1.00000000000000000E1,0.00000000000000000E0));
#876=CARTESIAN_POINT('',(9.99999999999999822E0,-1.00000000000000000E1));
#877=CARTESIAN_POINT('',(0.00000000000000000E0,-1.00000000000000000E1));
#878=(BOUNDED_CURVE()B_SPLINE_CURVE(2,(#875,#876,#877),.UNSPECIFIED.,.F.,.F.)B_SPLINE_CURVE_WITH_KNOTS((3,3),(0.00000000000000000E0,1.00000000000000000E0),.UNSPECIFIED.)CURVE()GEOMETRIC_REPRESENTATION_ITEM()RATIONAL_B_SPLINE_CURVE((1.00000000000000000E0,7.07106781186547573E-1,1.00000000000000000E0))REPRESENTATION_ITEM(''));
#879=DEFINITIONAL_REPRESENTATION('',(#878),#465);
#880=PCURVE('',#107,#879);
#881=CARTESIAN_POINT('',(0.00000000000000000E0,-1.00000000000000000E1));
#882=CARTESIAN_POINT('',(0.00000000000000000E0,-4.00000000000000000E1));
#883=B_SPLINE_CURVE_WITH_KNOTS('',1,(#881,#882),.UNSPECIFIED.,.F.,.F.,(2,2),(0.00000000000000000E0,1.00000000000000000E0),.UNSPECIFIED.);
#884=DEFINITIONAL_REPRESENTATION('',(#883),#465);
#885=PCURVE('',#107,#884);
#886=CARTESIAN_POINT('',(-4.00000000000000000E1,0.00000000000000000E0));
#887=CARTESIAN_POINT('',(-1.00000000000000000E1,0.00000000000000000E0));
#888=B_SPLINE_CURVE_WITH_KNOTS('',1,(#886,#887),.UNSPECIFIED.,.F.,.F.,(2,2),(0.00000000000000000E0,1.00000000000000000E0),.UNSPECIFIED.);
#889=DEFINITIONAL_REPRESENTATION('',(#888),#465);
#890=PCURVE('',#195,#889);
#891=CARTESIAN_POINT('',(-1.00000000000000000E1,0.00000000000000000E0));
#892=CARTESIAN_POINT('',(-1.00000000000000018E1,9.99999999999999822E0));
#893=CARTESIAN_POINT('',(0.00000000000000000E0,1.00000000000000000E1));
#894=(BOUNDED_CURVE()B_SPLINE_CURVE(2,(#891,#892,#893),.UNSPECIFIED.,.F.,.F.)B_SPLINE_CURVE_WITH_KNOTS((3,3),(0.00000000000000000E0,1.00000000000000000E0),.UNSPECIFIED.)CURVE()GEOMETRIC_REPRESENTATION_ITEM()RATIONAL_B_SPLINE_CURVE((1.00000000000000000E0,7.07106781186547573E-1,1.00000000000000000E0))REPRESENTATION_ITEM(''));
#895=DEFINITIONAL_REPRESENTATION('',(#894),#465);
#896=PCURVE('',#195,#895);
#897=CARTESIAN_POINT('',(0.00000000000000000E0,1.00000000000000000E1));
#898=CARTESIAN_POINT('',(0.00000000000000000E0,4.00000000000000000E1));
#899=B_SPLINE_CURVE_WITH_KNOTS('',1,(#897,#898),.UNSPECIFIED.,.F.,.F.,(2,2),(0.00000000000000000E0,1.00000000000000000E0),.UNSPECIFIED.);
#900=DEFINITIONAL_REPRESENTATION('',(#899),#465);
#901=PCURVE('',#195,#900);
#902=CARTESIAN_POINT('',(0.00000000000000000E0,4.00000000000000000E1));
#903=CARTESIAN_POINT('',(-4.00000000000000071E1,3.99999999999999929E1));
#904=CARTESIAN_POINT('',(-4.00000000000000000E1,0.00000000000000000E0));
#905=(BOUNDED_CURVE()B_SPLINE_CURVE(2,(#902,#903,#904),.UNSPECIFIED.,.F.,.F.)B_SPLINE_CURVE_WITH_KNOTS((3,3),(0.00000000000000000E0,1.00000000000000000E0),.UNSPECIFIED.)CURVE()GEOMETRIC_REPRESENTATION_ITEM()RATIONAL_B_SPLINE_CURVE((1.00000000000000000E0,7.07106781186547573E-1,1.00000000000000000E0))REPRESENTATION_ITEM(''));
#906=DEFINITIONAL_REPRESENTATION('',(#905),#465);
#907=PCURVE('',#195,#906);
#908=CARTESIAN_POINT('',(3.00000000000000000E0,0.00000000000000000E0));
#909=CARTESIAN_POINT('',(3.00000000000000000E0,1.00000000000000000E0));
#910=B_SPLINE_CURVE_WITH_KNOTS('',1,(#908,#909),.UNSPECIFIED.,.F.,.F.,(2,2),(0.00000000000000000E0,1.00000000000000000E0),.UNSPECIFIED.);
#911=DEFINITIONAL_REPRESENTATION('',(#910),#465);
#912=PCURVE('',#202,#911);
#913=CARTESIAN_POINT('',(3.00000000000000000E0,1.00000000000000000E0));
#914=CARTESIAN_POINT('',(0.00000000000000000E0,1.00000000000000000E0));
#915=B_SPLINE_CURVE_WITH_KNOTS('',1,(#913,#914),.UNSPECIFIED.,.F.,.F.,(2,2),(0.00000000000000000E0,1.00000000000000000E0),.UNSPECIFIED.);
#916=DEFINITIONAL_REPRESENTATION('',(#915),#465);
#917=PCURVE('',#202,#916);
#918=CARTESIAN_POINT('',(0.00000000000000000E0,1.00000000000000000E0));
#919=CARTESIAN_POINT('',(0.00000000000000000E0,0.00000000000000000E0));
#920=B_SPLINE_CURVE_WITH_KNOTS('',1,(#918,#919),.UNSPECIFIED.,.F.,.F.,(2,2),(0.00000000000000000E0,1.00000000000000000E0),.UNSPECIFIED.);
#921=DEFINITIONAL_REPRESENTATION('',(#920),#465);
#922=PCURVE('',#202,#921);
#923=CARTESIAN_POINT('',(0.00000000000000000E0,0.00000000000000000E0));
#924=CARTESIAN_POINT('',(3.00000000000000000E0,0.00000000000000000E0));
#925=B_SPLINE_CURVE_WITH_KNOTS('',1,(#923,#924),.UNSPECIFIED.,.F.,.F.,(2,2),(0.00000000000000000E0,1.00000000000000000E0),.UNSPECIFIED.);
#926=DEFINITIONAL_REPRESENTATION('',(#925),#465);
#927=PCURVE('',#202,#926);
#928=CARTESIAN_POINT('',(0.00000000000000000E0,0.00000000000000000E0));
#929=CARTESIAN_POINT('',(3.00000000000000000E0,0.00000000000000000E0));
#930=B_SPLINE_CURVE_WITH_KNOTS('',1,(#928,#929),.UNSPECIFIED.,.F.,.F.,(2,2),(0.00000000000000000E0,1.00000000000000000E0),.UNSPECIFIED.);
#931=DEFINITIONAL_REPRESENTATION('',(#930),#465);
#932=PCURVE('',#209,#931);
#933=CARTESIAN_POINT('',(3.00000000000000000E0,0.00000000000000000E0));
#934=CARTESIAN_POINT('',(3.00000000000000000E0,1.00000000000000000E0));
#935=B_SPLINE_CURVE_WITH_KNOTS('',1,(#933,#934),.UNSPECIFIED.,.F.,.F.,(2,2),(0.00000000000000000E0,1.00000000000000000E0),.UNSPECIFIED.);
#936=DEFINITIONAL_REPRESENTATION('',(#935),#465);
#937=PCURVE('',#209,#936);
#938=CARTESIAN_POINT('',(3.00000000000000000E0,1.00000000000000000E0));
#939=CARTESIAN_POINT('',(0.00000000000000000E0,1.00000000000000000E0));
#940=B_SPLINE_CURVE_WITH_KNOTS('',1,(#938,#939),.UNSPECIFIED.,.F.,.F.,(2,2),(0.00000000000000000E0,1.00000000000000000E0),.UNSPECIFIED.);
#941=DEFINITIONAL_REPRESENTATION('',(#940),#465);
#942=PCURVE('',#209,#941);
#943=CARTESIAN_POINT('',(0.00000000000000000E0,1.00000000000000000E0));
#944=CARTESIAN_POINT('',(0.00000000000000000E0,0.00000000000000000E0));
#945=B_SPLINE_CURVE_WITH_KNOTS('',1,(#943,#944),.UNSPECIFIED.,.F.,.F.,(2,2),(0.00000000000000000E0,1.00000000000000000E0),.UNSPECIFIED.);
#946=DEFINITIONAL_REPRESENTATION('',(#945),#465);
#947=PCURVE('',#209,#946);
#948=CARTESIAN_POINT('',(3.99999999999999929E1,0.00000000000000000E0));
#949=CARTESIAN_POINT('',(4.00000000000000000E1,3.99999999999999929E1));
#950=CARTESIAN_POINT('',(-7.10542735760100186E-15,4.00000000000000000E1));
#951=(BOUNDED_CURVE()B_SPLINE_CURVE(2,(#948,#949,#950),.UNSPECIFIED.,.F.,.F.)B_SPLINE_CURVE_WITH_KNOTS((3,3),(0.00000000000000000E0,1.00000000000000000E0),.UNSPECIFIED.)CURVE()GEOMETRIC_REPRESENTATION_ITEM()RATIONAL_B_SPLINE_CURVE((1.00000000000000000E0,7.07106781186547573E-1,1.00000000000000000E0))REPRESENTATION_ITEM(''));
#952=DEFINITIONAL_REPRESENTATION('',(#951),#465);
#953=PCURVE('',#214,#952);
#954=CARTESIAN_POINT('',(-7.10542735760100186E-15,4.00000000000000000E1));
#955=CARTESIAN_POINT('',(-7.10542735760100186E-15,1.00000000000000000E1));
#956=B_SPLINE_CURVE_WITH_KNOTS('',1,(#954,#955),.UNSPECIFIED.,.F.,.F.,(2,2),(0.00000000000000000E0,1.00000000000000000E0),.UNSPECIFIED.);
#957=DEFINITIONAL_REPRESENTATION('',(#956),#465);
#958=PCURVE('',#214,#957);
#959=CARTESIAN_POINT('',(-7.10542735760100186E-15,1.00000000000000000E1));
#960=CARTESIAN_POINT('',(9.99999999999999467E0,9.99999999999999822E0));
#961=CARTESIAN_POINT('',(9.99999999999999289E0,0.00000000000000000E0));
#962=(BOUNDED_CURVE()B_SPLINE_CURVE(2,(#959,#960,#961),.UNSPECIFIED.,.F.,.F.)B_SPLINE_CURVE_WITH_KNOTS((3,3),(0.00000000000000000E0,1.00000000000000000E0),.UNSPECIFIED.)CURVE()GEOMETRIC_REPRESENTATION_ITEM()RATIONAL_B_SPLINE_CURVE((1.00000000000000000E0,7.07106781186547573E-1,1.00000000000000000E0))REPRESENTATION_ITEM(''));
#963=DEFINITIONAL_REPRESENTATION('',(#962),#465);
#964=PCURVE('',#214,#963);
#965=CARTESIAN_POINT('',(9.99999999999999289E0,0.00000000000000000E0));
#966=CARTESIAN_POINT('',(3.99999999999999929E1,0.00000000000000000E0));
#967=B_SPLINE_CURVE_WITH_KNOTS('',1,(#965,#966),.UNSPECIFIED.,.F.,.F.,(2,2),(0.00000000000000000E0,1.00000000000000000E0),.UNSPECIFIED.);
#968=DEFINITIONAL_REPRESENTATION('',(#967),#465);
#969=PCURVE('',#214,#968);
#970=CARTESIAN_POINT('',(0.00000000000000000E0,4.00000000000000000E1));
#971=CARTESIAN_POINT('',(0.00000000000000000E0,1.00000000000000000E1));
#972=B_SPLINE_CURVE_WITH_KNOTS('',1,(#970,#971),.UNSPECIFIED.,.F.,.F.,(2,2),(0.00000000000000000E0,1.00000000000000000E0),.UNSPECIFIED.);
#973=DEFINITIONAL_REPRESENTATION('',(#972),#465);
#974=PCURVE('',#219,#973);
#975=CARTESIAN_POINT('',(0.00000000000000000E0,1.00000000000000000E1));
#976=CARTESIAN_POINT('',(9.99999999999999645E0,1.00000000000000018E1));
#977=CARTESIAN_POINT('',(1.00000000000000000E1,0.00000000000000000E0));
#978=(BOUNDED_CURVE()B_SPLINE_CURVE(2,(#975,#976,#977),.UNSPECIFIED.,.F.,.F.)B_SPLINE_CURVE_WITH_KNOTS((3,3),(0.00000000000000000E0,1.00000000000000000E0),.UNSPECIFIED.)CURVE()GEOMETRIC_REPRESENTATION_ITEM()RATIONAL_B_SPLINE_CURVE((1.00000000000000000E0,7.07106781186547573E-1,1.00000000000000000E0))REPRESENTATION_ITEM(''));
#979=DEFINITIONAL_REPRESENTATION('',(#978),#465);
#980=PCURVE('',#219,#979);
#981=CARTESIAN_POINT('',(1.00000000000000000E1,0.00000000000000000E0));
#982=CARTESIAN_POINT('',(4.00000000000000000E1,0.00000000000000000E0));
#983=B_SPLINE_CURVE_WITH_KNOTS('',1,(#981,#982),.UNSPECIFIED.,.F.,.F.,(2,2),(0.00000000000000000E0,1.00000000000000000E0),.UNSPECIFIED.);
#984=DEFINITIONAL_REPRESENTATION('',(#983),#465);
#985=PCURVE('',#219,#984);
#986=CARTESIAN_POINT('',(4.00000000000000000E1,0.00000000000000000E0));
#987=CARTESIAN_POINT('',(3.99999999999999858E1,4.00000000000000071E1));
#988=CARTESIAN_POINT('',(0.00000000000000000E0,4.00000000000000000E1));
#989=(BOUNDED_CURVE()B_SPLINE_CURVE(2,(#986,#987,#988),.UNSPECIFIED.,.F.,.F.)B_SPLINE_CURVE_WITH_KNOTS((3,3),(0.00000000000000000E0,1.00000000000000000E0),.UNSPECIFIED.)CURVE()GEOMETRIC_REPRESENTATION_ITEM()RATIONAL_B_SPLINE_CURVE((1.00000000000000000E0,7.07106781186547573E-1,1.00000000000000000E0))REPRESENTATION_ITEM(''));
#990=DEFINITIONAL_REPRESENTATION('',(#989),#465);
#991=PCURVE('',#219,#990);
#992=CARTESIAN_POINT('',(3.00000000000000000E0,0.00000000000000000E0));
#993=CARTESIAN_POINT('',(3.00000000000000000E0,1.00000000000000000E0));
#994=B_SPLINE_CURVE_WITH_KNOTS('',1,(#992,#993),.UNSPECIFIED.,.F.,.F.,(2,2),(0.00000000000000000E0,1.00000000000000000E0),.UNSPECIFIED.);
#995=DEFINITIONAL_REPRESENTATION('',(#994),#465);
#996=PCURVE('',#226,#995);
#997=CARTESIAN_POINT('',(3.00000000000000000E0,1.00000000000000000E0));
#998=CARTESIAN_POINT('',(0.00000000000000000E0,1.00000000000000000E0));
#999=B_SPLINE_CURVE_WITH_KNOTS('',1,(#997,#998),.UNSPECIFIED.,.F.,.F.,(2,2),(0.00000000000000000E0,1.00000000000000000E0),.UNSPECIFIED.);
#1000=DEFINITIONAL_REPRESENTATION('',(#999),#465);
#1001=PCURVE('',#226,#1000);
#1002=CARTESIAN_POINT('',(0.00000000000000000E0,1.00000000000000000E0));
#1003=CARTESIAN_POINT('',(0.00000000000000000E0,0.00000000000000000E0));
#1004=B_SPLINE_CURVE_WITH_KNOTS('',1,(#1002,#1003),.UNSPECIFIED.,.F.,.F.,(2,2),(0.00000000000000000E0,1.00000000000000000E0),.UNSPECIFIED.);
#1005=DEFINITIONAL_REPRESENTATION('',(#1004),#465);
#1006=PCURVE('',#226,#1005);
#1007=CARTESIAN_POINT('',(0.00000000000000000E0,0.00000000000000000E0));
#1008=CARTESIAN_POINT('',(3.00000000000000000E0,0.00000000000000000E0));
#1009=B_SPLINE_CURVE_WITH_KNOTS('',1,(#1007,#1008),.UNSPECIFIED.,.F.,.F.,(2,2),(0.00000000000000000E0,1.00000000000000000E0),.UNSPECIFIED.);
#1010=DEFINITIONAL_REPRESENTATION('',(#1009),#465);
#1011=PCURVE('',#226,#1010);
#1012=CARTESIAN_POINT('',(0.00000000000000000E0,0.00000000000000000E0));
#1013=CARTESIAN_POINT('',(3.00000000000000000E0,0.00000000000000000E0));
#1014=B_SPLINE_CURVE_WITH_KNOTS('',1,(#1012,#1013),.UNSPECIFIED.,.F.,.F.,(2,2),(0.00000000000000000E0,1.00000000000000000E0),.UNSPECIFIED.);
#1015=DEFINITIONAL_REPRESENTATION('',(#1014),#465);
#1016=PCURVE('',#233,#1015);
#1017=CARTESIAN_POINT('',(3.00000000000000000E0,0.00000000000000000E0));
#1018=CARTESIAN_POINT('',(3.00000000000000000E0,1.00000000000000000E0));
#1019=B_SPLINE_CURVE_WITH_KNOTS('',1,(#1017,#1018),.UNSPECIFIED.,.F.,.F.,(2,2),(0.00000000000000000E0,1.00000000000000000E0),.UNSPECIFIED.);
#1020=DEFINITIONAL_REPRESENTATION('',(#1019),#465);
#1021=PCURVE('',#233,#1020);
#1022=CARTESIAN_POINT('',(3.00000000000000000E0,1.00000000000000000E0));
#1023=CARTESIAN_POINT('',(0.00000000000000000E0,1.00000000000000000E0));
#1024=B_SPLINE_CURVE_WITH_KNOTS('',1,(#1022,#1023),.UNSPECIFIED.,.F.,.F.,(2,2),(0.00000000000000000E0,1.00000000000000000E0),.UNSPECIFIED.);
#1025=DEFINITIONAL_REPRESENTATION('',(#1024),#465);
#1026=PCURVE('',#233,#1025);
#1027=CARTESIAN_POINT('',(0.00000000000000000E0,1.00000000000000000E0));
#1028=CARTESIAN_POINT('',(0.00000000000000000E0,0.00000000000000000E0));
#1029=B_SPLINE_CURVE_WITH_KNOTS('',1,(#1027,#1028),.UNSPECIFIED.,.F.,.F.,(2,2),(0.00000000000000000E0,1.00000000000000000E0),.UNSPECIFIED.);
#1030=DEFINITIONAL_REPRESENTATION('',(#1029),#465);
#1031=PCURVE('',#233,#1030);
#1032=CARTESIAN_POINT('',(0.00000000000000000E0,4.00000000000000000E1));
#1033=CARTESIAN_POINT('',(-3.99999999999999858E1,4.00000000000000071E1));
#1034=CARTESIAN_POINT('',(-4.00000000000000000E1,0.00000000000000000E0));
#1035=(BOUNDED_CURVE()B_SPLINE_CURVE(2,(#1032,#1033,#1034),.UNSPECIFIED.,.F.,.F.)B_SPLINE_CURVE_WITH_KNOTS((3,3),(0.00000000000000000E0,1.00000000000000000E0),.UNSPECIFIED.)CURVE()GEOMETRIC_REPRESENTATION_ITEM()RATIONAL_B_SPLINE_CURVE((1.00000000000000000E0,7.07106781186547573E-1,1.00000000000000000E0))REPRESENTATION_ITEM(''));
#1036=DEFINITIONAL_REPRESENTATION('',(#1035),#465);
#1037=PCURVE('',#238,#1036);
#1038=CARTESIAN_POINT('',(-4.00000000000000000E1,0.00000000000000000E0));
#1039=CARTESIAN_POINT('',(-1.00000000000000000E1,0.00000000000000000E0));
#1040=B_SPLINE_CURVE_WITH_KNOTS('',1,(#1038,#1039),.UNSPECIFIED.,.F.,.F.,(2,2),(0.00000000000000000E0,1.00000000000000000E0),.UNSPECIFIED.);
#1041=DEFINITIONAL_REPRESENTATION('',(#1040),#465);
#1042=PCURVE('',#238,#1041);
#1043=CARTESIAN_POINT('',(-1.00000000000000000E1,0.00000000000000000E0));
#1044=CARTESIAN_POINT('',(-9.99999999999999645E0,1.00000000000000018E1));
#1045=CARTESIAN_POINT('',(0.00000000000000000E0,1.00000000000000000E1));
#1046=(BOUNDED_CURVE()B_SPLINE_CURVE(2,(#1043,#1044,#1045),.UNSPECIFIED.,.F.,.F.)B_SPLINE_CURVE_WITH_KNOTS((3,3),(0.00000000000000000E0,1.00000000000000000E0),.UNSPECIFIED.)CURVE()GEOMETRIC_REPRESENTATION_ITEM()RATIONAL_B_SPLINE_CURVE((1.00000000000000000E0,7.07106781186547573E-1,1.00000000000000000E0))REPRESENTATION_ITEM(''));
#1047=DEFINITIONAL_REPRESENTATION('',(#1046),#465);
#1048=PCURVE('',#238,#1047);
#1049=CARTESIAN_POINT('',(0.00000000000000000E0,1.00000000000000000E1));
#1050=CARTESIAN_POINT('',(0.00000000000000000E0,4.00000000000000000E1));
#1051=B_SPLINE_CURVE_WITH_KNOTS('',1,(#1049,#1050),.UNSPECIFIED.,.F.,.F.,(2,2),(0.00000000000000000E0,1.00000000000000000E0),.UNSPECIFIED.);
#1052=DEFINITIONAL_REPRESENTATION('',(#1051),#465);
#1053=PCURVE('',#238,#1052);
#1054=SURFACE_CURVE('',#245,(#470,#513),.PCURVE_S1.);
#1055=EDGE_CURVE('OSCAD_TOPO/3|edge|e:acc9ab2b6351ade5bf634728793c10fe|0734a54e404d0023874dc158dc88e66eebfbf3427661177cf80b039df5d8c6c1',#2,#4,#1054,.T.);
#1056=SURFACE_CURVE('',#249,(#475,#601),.PCURVE_S1.);
#1057=EDGE_CURVE('OSCAD_TOPO/3|edge|e:59c240e2320e6eee712bdf770df784a7|b39de218266bd64d515196c25d3c1c1163955dc0e4ed9745e7dcc4fb1a5c2506',#4,#6,#1056,.T.);
#1058=SURFACE_CURVE('',#256,(#480,#523),.PCURVE_S1.);
#1059=EDGE_CURVE('OSCAD_TOPO/3|edge|e:d9c45b98680301f705c8781d91919b13|d63f8c57f53be376bb23cc5837efce7b6116b3b5bd7c34f0097071345765e910',#6,#2,#1058,.T.);
#1060=SURFACE_CURVE('',#260,(#485),.PCURVE_S1.);
#1061=EDGE_CURVE('OSCAD_TOPO/3|edge|e:8f46ae5e42feb2af8e4d635951a73578|f082f6735c4219baca0816497a2f587f7cc2d487b970ffb7bc1aca0949d39b41',#2,#2,#1060,.T.);
#1062=SURFACE_CURVE('',#263,(#490,#985),.PCURVE_S1.);
#1063=EDGE_CURVE('OSCAD_TOPO/3|edge|e:ec8d0f1bdbc122c61c2e00f301f2cc93|159cf666ec7f3ece23266e36049f28c1db25a25bdef971a55637080ed12a834f',#2,#8,#1062,.T.);
#1064=SURFACE_CURVE('',#270,(#499,#548),.PCURVE_S1.);
#1065=EDGE_CURVE('OSCAD_TOPO/3|edge|e:fddc6ee97796259fda10375bb4ed6b3c|1e6f14fa98892c9534368e1a5a9f3976f2e70cb5f1f88eb5de97f005be24cbe1',#8,#10,#1064,.T.);
#1066=SURFACE_CURVE('',#273,(#504,#606),.PCURVE_S1.);
#1067=EDGE_CURVE('OSCAD_TOPO/3|edge|e:79f7ea461077fccc573a8eb0ab33ff6c|a0b038fa14d6decca50b1e4f35e758c9df95acc83e31e8287c432880389ec9ed',#10,#4,#1066,.T.);
#1068=SURFACE_CURVE('',#280,(#533,#562),.PCURVE_S1.);
#1069=EDGE_CURVE('OSCAD_TOPO/3|edge|e:9dc9965bca6c197e1d7c8cbca3199b1f|774f84f563d431b0ae3db4129c9cf86ccd9d910be949e6cc261d020e72dc7bbb',#12,#14,#1068,.T.);
#1070=SURFACE_CURVE('',#283,(#528,#628),.PCURVE_S1.);
#1071=EDGE_CURVE('OSCAD_TOPO/3|edge|e:7461075d55c3373d901d171d008b0826|e3e1144377f27d069cb8e0c17a2aff934ecb1b0b012dc13bb83ea89a59fd844c',#14,#6,#1070,.T.);
#1072=SURFACE_CURVE('',#286,(#518,#1006),.PCURVE_S1.);
#1073=EDGE_CURVE('OSCAD_TOPO/3|edge|e:d1c30535ea73f8f0972aec91061dfcb9|1329ddd8f4ea311ea190a83610fc8dff7e69bff6ca65207fb6ddb3b26c90d2be',#2,#12,#1072,.T.);
#1074=SURFACE_CURVE('',#293,(#538,#576),.PCURVE_S1.);
#1075=EDGE_CURVE('OSCAD_TOPO/3|edge|e:ccb436216d4b0bd7277897b47f33fc06|3e3c37c4390275dafd822cc4bf84bff46a3140679c84abf09cde51ea0422bf3e',#16,#18,#1074,.T.);
#1076=SURFACE_CURVE('',#296,(#543,#663),.PCURVE_S1.);
#1077=EDGE_CURVE('OSCAD_TOPO/3|edge|e:375e2f8a0e8018439b92f6f9b0511635|66b613e22dbce4dc97ddfab54a798e8d836e0385ad74f7949972380adaac6deb',#18,#10,#1076,.T.);
#1078=SURFACE_CURVE('',#299,(#553,#1021),.PCURVE_S1.);
#1079=EDGE_CURVE('OSCAD_TOPO/3|edge|e:6d90af3a924ab15b19c33cf81665e5c2|3e4aa53f17bb004d85e06068c81c0a670aa1e0890a2e89765a84011a5ce19ded',#8,#16,#1078,.T.);
#1080=SURFACE_CURVE('',#302,(#581,#1042),.PCURVE_S1.);
#1081=EDGE_CURVE('OSCAD_TOPO/3|edge|e:ad00b9d62d80e663d6c7307964f97c09|11766f92873847e03c8fb85bf2a55c7f68c828d0eab7aebdcb6ce602cb6677f1',#12,#16,#1080,.T.);
#1082=SURFACE_CURVE('',#305,(#567,#685),.PCURVE_S1.);
#1083=EDGE_CURVE('OSCAD_TOPO/3|edge|e:796025dbe18f079a3a0e87313635d72d|3d008fdd8b589fccfe9ad74e22e353ce5fce01b04dee463e03b6c3b98b3d4ec4',#18,#14,#1082,.T.);
#1084=SURFACE_CURVE('',#309,(#586,#623),.PCURVE_S1.);
#1085=EDGE_CURVE('OSCAD_TOPO/3|edge|e:2ab5f7dde6e7eaf7cc94bda4900066bc|a2f860dd2d7e4b86ca6e6b175a6c6bc9a52a6f63c4e7b0d42c7bf5f18654b23f',#4,#20,#1084,.T.);
#1086=SURFACE_CURVE('',#313,(#591,#705),.PCURVE_S1.);
#1087=EDGE_CURVE('OSCAD_TOPO/3|edge|e:6eb5f24a092bea676495df9dca5d9dca|4d159895b93e31e95ba8c37988cedfcf48bee4ef92b83da443092e0f8ef453d2',#20,#22,#1086,.T.);
#1088=SURFACE_CURVE('',#317,(#596,#633),.PCURVE_S1.);
#1089=EDGE_CURVE('OSCAD_TOPO/3|edge|e:edd05db5b94d631dbeaf68a2867af48e|6bdd4f63fc8e3d6b26a20e2944c7909a88855bbbcf2dd785b2a3989d6e404471',#22,#6,#1088,.T.);
#1090=SURFACE_CURVE('',#321,(#612,#658),.PCURVE_S1.);
#1091=EDGE_CURVE('OSCAD_TOPO/3|edge|e:2aaaeca39bc9fce4d19b6dd18434feb7|10f15d19e1cd2f90d5a9553a8b4e0c209bb3b0156f0546c47fa0602b95353265',#10,#24,#1090,.T.);
#1092=SURFACE_CURVE('',#324,(#617,#710),.PCURVE_S1.);
#1093=EDGE_CURVE('OSCAD_TOPO/3|edge|e:26d0f62fe1402ff9325beb2fb4307525|4e5bd15e23a43710c9d9725da1b7898239e05ead0e076a9f413ed43a9dce3b0a',#24,#20,#1092,.T.);
#1094=SURFACE_CURVE('',#328,(#643,#669),.PCURVE_S1.);
#1095=EDGE_CURVE('OSCAD_TOPO/3|edge|e:d8c0488df429488774f5118ecd41bcc8|3037889156dcb4534e5e43b2323720ae2372aaf34c6fca9528fd5e39a6980236',#14,#26,#1094,.T.);
#1096=SURFACE_CURVE('',#331,(#638,#738),.PCURVE_S1.);
#1097=EDGE_CURVE('OSCAD_TOPO/3|edge|e:9558126c4e1514816c85aa11d7829d76|060dddbe070a19e0d9502b48610ac98f15800bfe747d47268b89108244177478',#26,#22,#1096,.T.);
#1098=SURFACE_CURVE('',#335,(#648,#680),.PCURVE_S1.);
#1099=EDGE_CURVE('OSCAD_TOPO/3|edge|e:49c26d89ac17d89dd5b35a60fc67b34c|7642005e4574c4577aa65540beae0b580bd50bb696f6d1e05ba7ae80b3b47ce6',#18,#28,#1098,.T.);
#1100=SURFACE_CURVE('',#338,(#653,#773),.PCURVE_S1.);
#1101=EDGE_CURVE('OSCAD_TOPO/3|edge|e:d399e69c5b2d9aecbb98bff9506f9a11|db778448e764e8d18f626ff58785e841f9a4002664f0f05e7b9e986655326848',#28,#24,#1100,.T.);
#1102=SURFACE_CURVE('',#341,(#674,#801),.PCURVE_S1.);
#1103=EDGE_CURVE('OSCAD_TOPO/3|edge|e:f4e2e1b10db91d7a13e5d497b34897e5|3800383519b10906186dce9a97b17978c96f92817a3b4043aeea859571b74257',#28,#26,#1102,.T.);
#1104=SURFACE_CURVE('',#348,(#690,#733),.PCURVE_S1.);
#1105=EDGE_CURVE('OSCAD_TOPO/3|edge|e:71860a92524be08dd9fe09b26111b2d1|ce06257fdd4a4c099ce2cf8e3a5233310b94d7ab24afd1344e9cb71ebb3bd561',#20,#30,#1104,.T.);
#1106=SURFACE_CURVE('',#352,(#695),.PCURVE_S1.);
#1107=EDGE_CURVE('OSCAD_TOPO/3|edge|e:0ffee62775b0ea29c65c6876ff6820cc|6607c49dc9116e34c12b1401286b7f0d40a2fc0c9a644dde6634ad7f4575772f',#30,#30,#1106,.T.);
#1108=SURFACE_CURVE('',#359,(#700,#743),.PCURVE_S1.);
#1109=EDGE_CURVE('OSCAD_TOPO/3|edge|e:9df442006ec3a006e68a748693bf3295|1509b4db2f1b906effab4184457ed99c22a741e9709bef452e711c9c25faf13f',#30,#22,#1108,.T.);
#1110=SURFACE_CURVE('',#366,(#719,#768),.PCURVE_S1.);
#1111=EDGE_CURVE('OSCAD_TOPO/3|edge|e:da01dbdbfdeb4999af79d20927914198|ca044c51b93fbff55e706ab69e227798659887b2b05bf3792036ba674cffa387',#24,#32,#1110,.T.);
#1112=SURFACE_CURVE('',#369,(#724,#806),.PCURVE_S1.);
#1113=EDGE_CURVE('OSCAD_TOPO/3|edge|e:6e03ee1f53ac5e6466eb5e3fe9497571|954c3d46748e12b55fbe5438e0541fef91dc6a07ff2c3590561bef067e76f0d8',#32,#30,#1112,.T.);
#1114=SURFACE_CURVE('',#376,(#753,#782),.PCURVE_S1.);
#1115=EDGE_CURVE('OSCAD_TOPO/3|edge|e:34497c317e8b3952ca02304477bca5d7|ea64079f6a3b5a020143b785ffb6f3ffcfbc994e97b634c0dbf0e8dcb4880508',#26,#34,#1114,.T.);
#1116=SURFACE_CURVE('',#379,(#748,#828),.PCURVE_S1.);
#1117=EDGE_CURVE('OSCAD_TOPO/3|edge|e:b888bcb50c53a33a7cad8a769a286df2|677828521f0696688559dd960a2835f8ab3a5180f8c9595873fcd2d3089923be',#34,#30,#1116,.T.);
#1118=SURFACE_CURVE('',#386,(#758,#796),.PCURVE_S1.);
#1119=EDGE_CURVE('OSCAD_TOPO/3|edge|e:a31f61bf2460100a14003d4b613779a1|5e00bbeae25b01259481f78c837d96480b2ad3746d598284c491c70f9a8eab05',#28,#36,#1118,.T.);
#1120=SURFACE_CURVE('',#389,(#763,#863),.PCURVE_S1.);
#1121=EDGE_CURVE('OSCAD_TOPO/3|edge|e:0470a252cb2b847569825ca3cb9d1a91|357f76e1cf9fbef5c8280ff5ed3aa9700213e4985c35c32ed5d41cd1ba6d9865',#36,#32,#1120,.T.);
#1122=SURFACE_CURVE('',#392,(#787,#885),.PCURVE_S1.);
#1123=EDGE_CURVE('OSCAD_TOPO/3|edge|e:a0a35a0619027bc4ed2613ea19d769d3|a6fb4ae23cdad0ce335b62915cd23a963e5785ef004a3d0c99ed4f31bc213e24',#36,#34,#1122,.T.);
#1124=SURFACE_CURVE('',#396,(#812,#858),.PCURVE_S1.);
#1125=EDGE_CURVE('OSCAD_TOPO/3|edge|e:990ba8616b7d173cb9274c034b887d79|4c617519350a08753c0b086caec1502527c119f75e99daba8108cc2c1876440b',#32,#38,#1124,.T.);
#1126=SURFACE_CURVE('',#399,(#817,#890),.PCURVE_S1.);
#1127=EDGE_CURVE('OSCAD_TOPO/3|edge|e:976a5fe439f9d4f9bcf393390b023d24|04ab82746c516d4af30c96e2fcea144d819fd46b52cbcda283e5c705613c3813',#38,#40,#1126,.T.);
#1128=SURFACE_CURVE('',#403,(#823,#833),.PCURVE_S1.);
#1129=EDGE_CURVE('OSCAD_TOPO/3|edge|e:b76b2f28c30af068bbd21efe31dc4705|d74ee939ff969b52cb00b439fdc7963121298492088612298188fd6f9f202460',#40,#30,#1128,.T.);
#1130=SURFACE_CURVE('',#407,(#843,#869),.PCURVE_S1.);
#1131=EDGE_CURVE('OSCAD_TOPO/3|edge|e:34ea2d434af2db8fc6ecc0461ee1524f|5c891cca67d101b6b0cc68713898cfa72e59ea5fc4229151ed518790b959f9a7',#34,#42,#1130,.T.);
#1132=SURFACE_CURVE('',#410,(#838,#912),.PCURVE_S1.);
#1133=EDGE_CURVE('OSCAD_TOPO/3|edge|e:1db80ad7a8b8fec5c3abd1cd5057350f|07ced151fe300a61f28a61d41bcd96efd3fe5ce522b25d31ff8d1eeb4f8ac4cb',#42,#40,#1132,.T.);
#1134=SURFACE_CURVE('',#414,(#848,#880),.PCURVE_S1.);
#1135=EDGE_CURVE('OSCAD_TOPO/3|edge|e:30a3bf3ca5f75b3c47fdd44b7857f966|6b00ee8bc530deefa8b0798c5ac58aafd357c48097f4050883a5ba92ce4f30f0',#36,#44,#1134,.T.);
#1136=SURFACE_CURVE('',#417,(#853,#947),.PCURVE_S1.);
#1137=EDGE_CURVE('OSCAD_TOPO/3|edge|e:61debb80bd6a58c0513b34b6d0b4bb0e|3514e049a0d59a18dbaf23510a57c1facabd5564c964ccf5ad1dd25bd84d9d76',#44,#38,#1136,.T.);
#1138=SURFACE_CURVE('',#420,(#874,#969),.PCURVE_S1.);
#1139=EDGE_CURVE('OSCAD_TOPO/3|edge|e:89119ae53bc91ff9bafd86d368e5638f|0584e61efdcae6d6a0d16d9720b2f885b0b97ae73b4ef44f77464c17ffff08c9',#44,#42,#1138,.T.);
#1140=SURFACE_CURVE('',#424,(#896,#942),.PCURVE_S1.);
#1141=EDGE_CURVE('OSCAD_TOPO/3|edge|e:38c3b6852489fb68660341be75458534|26482633e6fa693130fdf6f5e26f3c7efbf549c87010a804c620ed23277d0ac7',#38,#46,#1140,.T.);
#1142=SURFACE_CURVE('',#427,(#901,#974),.PCURVE_S1.);
#1143=EDGE_CURVE('OSCAD_TOPO/3|edge|e:42b6b0df81faa3892f5e427ffded9222|4c7258e03b205c23a55f53d8ce8f3110ac2d7e729b3b16c53d4a6f63fbc3cf0c',#46,#48,#1142,.T.);
#1144=SURFACE_CURVE('',#431,(#907,#917),.PCURVE_S1.);
#1145=EDGE_CURVE('OSCAD_TOPO/3|edge|e:3922ff5f229d5248ec3f61b766c3437d|71ccd3fa5073ab3a4195a00606d8d5163d7ed34bf394036eb7585a4429e490d7',#48,#40,#1144,.T.);
#1146=SURFACE_CURVE('',#435,(#927,#953),.PCURVE_S1.);
#1147=EDGE_CURVE('OSCAD_TOPO/3|edge|e:734906dab24cd0d8d128ac4294354d53|104df3763e63ab129da0e88463c9aec59f505721628a219c91bfa9a0aa24373d',#42,#50,#1146,.T.);
#1148=SURFACE_CURVE('',#438,(#922,#996),.PCURVE_S1.);
#1149=EDGE_CURVE('OSCAD_TOPO/3|edge|e:ffda5cb778f096030c3490f5cf0775f8|3faa6b080cab876c7614da233d14c1b4dc6f24853886615c1a1b48e31e4651d1',#50,#48,#1148,.T.);
#1150=SURFACE_CURVE('',#442,(#932,#964),.PCURVE_S1.);
#1151=EDGE_CURVE('OSCAD_TOPO/3|edge|e:9857362ddddaad94ca772e24b74871b3|3a41ba34ae155ce7ae6ba30d1b136eab3f678baa893bd21e97f28aeddf2fe11d',#44,#52,#1150,.T.);
#1152=SURFACE_CURVE('',#445,(#937,#1031),.PCURVE_S1.);
#1153=EDGE_CURVE('OSCAD_TOPO/3|edge|e:047c45f95267233885b6c433e9b9b454|c7b26ce24057b9505d46fa2999c987583368a0f9d7373b0791e1cd78e25dbe74',#52,#46,#1152,.T.);
#1154=SURFACE_CURVE('',#448,(#958,#1053),.PCURVE_S1.);
#1155=EDGE_CURVE('OSCAD_TOPO/3|edge|e:a461e574217e6e3e29863ac682178c02|c8a29225bf5addc6d19d9be3bd519bb3f3869ee33a75a2ac6b59644d746cdffa',#52,#50,#1154,.T.);
#1156=SURFACE_CURVE('',#452,(#980,#1026),.PCURVE_S1.);
#1157=EDGE_CURVE('OSCAD_TOPO/3|edge|e:576b124e54a69a5177215331c0f3ddd7|2e323168c3b95b8521ab0d0fe62ff824e5798f254d66cbe52b9bff593a0e46ed',#46,#8,#1156,.T.);
#1158=SURFACE_CURVE('',#456,(#991,#1001),.PCURVE_S1.);
#1159=EDGE_CURVE('OSCAD_TOPO/3|edge|e:c3cb5e8c862fc8c88154051fa7e0c8db|ebe3b045db4a0fd48fbf370089a93a9c140884c64fa40c12c8c0107a3d434020',#2,#48,#1158,.T.);
#1160=SURFACE_CURVE('',#460,(#1011,#1037),.PCURVE_S1.);
#1161=EDGE_CURVE('OSCAD_TOPO/3|edge|e:47601d6972884b78b6e84657e63129e3|3175af1fde2db35222489b4fe55ea96fcaaad06be7d4c52a6ec3ac4fdc589777',#50,#12,#1160,.T.);
#1162=SURFACE_CURVE('',#464,(#1016,#1048),.PCURVE_S1.);
#1163=EDGE_CURVE('OSCAD_TOPO/3|edge|e:a95f87df35dd2abca24fdcebb758fdec|f31eb7ca3ff41f2f192014f34094c558245aacb67141f0f54de6b78a09cc7e4e',#52,#16,#1162,.T.);
#1164=ORIENTED_EDGE('',*,*,#1055,.T.);
#1165=ORIENTED_EDGE('',*,*,#1057,.T.);
#1166=ORIENTED_EDGE('',*,*,#1059,.T.);
#1167=ORIENTED_EDGE('',*,*,#1061,.T.);
#1168=EDGE_LOOP('OSCAD_TOPO/3|loop|l:8b071329f28565144d554164450d4b84|e5f156ef70a053f9e4355ea07e0eaf64eb1e744783df0985574eac675d9f56cc',(#1164,#1165,#1166,#1167));
#1169=ORIENTED_EDGE('',*,*,#1063,.T.);
#1170=ORIENTED_EDGE('',*,*,#1065,.T.);
#1171=ORIENTED_EDGE('',*,*,#1067,.T.);
#1172=ORIENTED_EDGE('',*,*,#1055,.F.);
#1173=EDGE_LOOP('OSCAD_TOPO/3|loop|l:54436f3bfbfc304878e51df79b327bab|4261cb9f9e56a9ef72ad55959e1215a5a0914e522183c322c89d284b85db1893',(#1169,#1170,#1171,#1172));
#1174=ORIENTED_EDGE('',*,*,#1073,.F.);
#1175=ORIENTED_EDGE('',*,*,#1059,.F.);
#1176=ORIENTED_EDGE('',*,*,#1071,.F.);
#1177=ORIENTED_EDGE('',*,*,#1069,.F.);
#1178=EDGE_LOOP('OSCAD_TOPO/3|loop|l:40bfe98c8c1f32de874ee0ee012a9b5c|21b45f7d1dc6e2a6b5bb1d020f0d2be6a1e87db90b60bdf95d780158343cc61f',(#1174,#1175,#1176,#1177));
#1179=ORIENTED_EDGE('',*,*,#1075,.T.);
#1180=ORIENTED_EDGE('',*,*,#1077,.T.);
#1181=ORIENTED_EDGE('',*,*,#1065,.F.);
#1182=ORIENTED_EDGE('',*,*,#1079,.T.);
#1183=EDGE_LOOP('OSCAD_TOPO/3|loop|l:027e7eda0f93f8ed8b0a385ba0d0bdde|8a1181231fd5869dfacb267aba9f6218dea0269a4a43927990ca159da87c4558',(#1179,#1180,#1181,#1182));
#1184=ORIENTED_EDGE('',*,*,#1069,.T.);
#1185=ORIENTED_EDGE('',*,*,#1083,.F.);
#1186=ORIENTED_EDGE('',*,*,#1075,.F.);
#1187=ORIENTED_EDGE('',*,*,#1081,.F.);
#1188=EDGE_LOOP('OSCAD_TOPO/3|loop|l:d09b9bd7ff64e6eb81aac0fcf2f4e4de|32c9d7f21ad05998b5ebe3775c3fa6abb12e0b464b250f3b7cc4a3a20f29b04f',(#1184,#1185,#1186,#1187));
#1189=ORIENTED_EDGE('',*,*,#1085,.T.);
#1190=ORIENTED_EDGE('',*,*,#1087,.T.);
#1191=ORIENTED_EDGE('',*,*,#1089,.T.);
#1192=ORIENTED_EDGE('',*,*,#1057,.F.);
#1193=EDGE_LOOP('OSCAD_TOPO/3|loop|l:6e822c2e6520e1312e3a372e4ada19a4|b3cd0bbe052c047a75c5555cbc971cd15b9e052dba508736f57018d512065247',(#1189,#1190,#1191,#1192));
#1194=ORIENTED_EDGE('',*,*,#1067,.F.);
#1195=ORIENTED_EDGE('',*,*,#1091,.T.);
#1196=ORIENTED_EDGE('',*,*,#1093,.T.);
#1197=ORIENTED_EDGE('',*,*,#1085,.F.);
#1198=EDGE_LOOP('OSCAD_TOPO/3|loop|l:b116d0234968d9bc180327ebc0afad10|e7103af951d5cd9878efa8ce3c780a5c211adb13e50ece2b23e8fcacb6e6be19',(#1194,#1195,#1196,#1197));
#1199=ORIENTED_EDGE('',*,*,#1071,.T.);
#1200=ORIENTED_EDGE('',*,*,#1089,.F.);
#1201=ORIENTED_EDGE('',*,*,#1097,.F.);
#1202=ORIENTED_EDGE('',*,*,#1095,.F.);
#1203=EDGE_LOOP('OSCAD_TOPO/3|loop|l:bc9c5de04c2d11f426555e357c389b7c|782abfad7becdc4287d91bab0ae9be182969f1b903398d8f88b5e899a08d723e',(#1199,#1200,#1201,#1202));
#1204=ORIENTED_EDGE('',*,*,#1099,.T.);
#1205=ORIENTED_EDGE('',*,*,#1101,.T.);
#1206=ORIENTED_EDGE('',*,*,#1091,.F.);
#1207=ORIENTED_EDGE('',*,*,#1077,.F.);
#1208=EDGE_LOOP('OSCAD_TOPO/3|loop|l:6b8a2227f28067c19af0a8faa5dda5ab|d0dc0efea9dd0c01b8851dc1cd870b1f8e019c0b9504ec276972a4bd6a901ed9',(#1204,#1205,#1206,#1207));
#1209=ORIENTED_EDGE('',*,*,#1095,.T.);
#1210=ORIENTED_EDGE('',*,*,#1103,.F.);
#1211=ORIENTED_EDGE('',*,*,#1099,.F.);
#1212=ORIENTED_EDGE('',*,*,#1083,.T.);
#1213=EDGE_LOOP('OSCAD_TOPO/3|loop|l:79cef7c3c79f787245d087dcb5327d71|f3e4cb0f171e32dc5722014d34ec612678cb73e4c500b308dac23bc0b3002339',(#1209,#1210,#1211,#1212));
#1214=ORIENTED_EDGE('',*,*,#1105,.T.);
#1215=ORIENTED_EDGE('',*,*,#1107,.T.);
#1216=ORIENTED_EDGE('',*,*,#1109,.T.);
#1217=ORIENTED_EDGE('',*,*,#1087,.F.);
#1218=EDGE_LOOP('OSCAD_TOPO/3|loop|l:9fa457f06e376f2a816c573ca9297bce|12b61bd81614f30f2d1f70b6b24ed91062d97f10a5c1d4e08d1bcd3ab7564fec',(#1214,#1215,#1216,#1217));
#1219=ORIENTED_EDGE('',*,*,#1093,.F.);
#1220=ORIENTED_EDGE('',*,*,#1111,.T.);
#1221=ORIENTED_EDGE('',*,*,#1113,.T.);
#1222=ORIENTED_EDGE('',*,*,#1105,.F.);
#1223=EDGE_LOOP('OSCAD_TOPO/3|loop|l:8529d8f60943fbaa65291ae23bdac90f|384a8e21f18388378ade3c4cd94b36cf6a1924f73f3aa15477e5112ac08792f4',(#1219,#1220,#1221,#1222));
#1224=ORIENTED_EDGE('',*,*,#1097,.T.);
#1225=ORIENTED_EDGE('',*,*,#1109,.F.);
#1226=ORIENTED_EDGE('',*,*,#1117,.F.);
#1227=ORIENTED_EDGE('',*,*,#1115,.F.);
#1228=EDGE_LOOP('OSCAD_TOPO/3|loop|l:c6351b8de8deaf748d9103aedc4d5c9d|114d1b23673e69df6077baa34f34fd51832106d6cb633eac6b587661df0203d6',(#1224,#1225,#1226,#1227));
#1229=ORIENTED_EDGE('',*,*,#1119,.T.);
#1230=ORIENTED_EDGE('',*,*,#1121,.T.);
#1231=ORIENTED_EDGE('',*,*,#1111,.F.);
#1232=ORIENTED_EDGE('',*,*,#1101,.F.);
#1233=EDGE_LOOP('OSCAD_TOPO/3|loop|l:b16396a51bdbee8206b2333a412ae4ba|199a22f32bb47d70001844f1cb99f4573856d40f4b8ae24f081647344e0ee060',(#1229,#1230,#1231,#1232));
#1234=ORIENTED_EDGE('',*,*,#1115,.T.);
#1235=ORIENTED_EDGE('',*,*,#1123,.F.);
#1236=ORIENTED_EDGE('',*,*,#1119,.F.);
#1237=ORIENTED_EDGE('',*,*,#1103,.T.);
#1238=EDGE_LOOP('OSCAD_TOPO/3|loop|l:b8e74f7a3e4b197b66da4af7a0883d1a|7bf5ebe08e6ba178c5a0d9b384d55b19cb4a06d6a1577b0d34e5d4ab60926e4d',(#1234,#1235,#1236,#1237));
#1239=ORIENTED_EDGE('',*,*,#1113,.F.);
#1240=ORIENTED_EDGE('',*,*,#1125,.T.);
#1241=ORIENTED_EDGE('',*,*,#1127,.T.);
#1242=ORIENTED_EDGE('',*,*,#1129,.T.);
#1243=EDGE_LOOP('OSCAD_TOPO/3|loop|l:a2aa8ed9b20e6e32d1c7718d1ff6bb8a|99f3c4818569435da6ea4ba9bd92553f6d119a7a6cd1e69a2fa8be2807c618a3',(#1239,#1240,#1241,#1242));
#1244=ORIENTED_EDGE('',*,*,#1117,.T.);
#1245=ORIENTED_EDGE('',*,*,#1129,.F.);
#1246=ORIENTED_EDGE('',*,*,#1133,.F.);
#1247=ORIENTED_EDGE('',*,*,#1131,.F.);
#1248=EDGE_LOOP('OSCAD_TOPO/3|loop|l:e85c9e6d7390a9514174bb5d1a4c1b9d|3c51c24b12ce24fb6490a3c4c36798c7db1ee689b697c2e4f0949595f62056e3',(#1244,#1245,#1246,#1247));
#1249=ORIENTED_EDGE('',*,*,#1135,.T.);
#1250=ORIENTED_EDGE('',*,*,#1137,.T.);
#1251=ORIENTED_EDGE('',*,*,#1125,.F.);
#1252=ORIENTED_EDGE('',*,*,#1121,.F.);
#1253=EDGE_LOOP('OSCAD_TOPO/3|loop|l:5581608fc052036be9340aac4a28d993|17cd5bab1db22b410c421fec39607e9b43df7fcef3befaef350cad6d6b0b44b6',(#1249,#1250,#1251,#1252));
#1254=ORIENTED_EDGE('',*,*,#1131,.T.);
#1255=ORIENTED_EDGE('',*,*,#1139,.F.);
#1256=ORIENTED_EDGE('',*,*,#1135,.F.);
#1257=ORIENTED_EDGE('',*,*,#1123,.T.);
#1258=EDGE_LOOP('OSCAD_TOPO/3|loop|l:d8ef161bd130a1a18be13bfb9e1582da|d9c080d5144afa8f24fa526305076f38d84cb89731966f206c602a52c184e743',(#1254,#1255,#1256,#1257));
#1259=ORIENTED_EDGE('',*,*,#1127,.F.);
#1260=ORIENTED_EDGE('',*,*,#1141,.T.);
#1261=ORIENTED_EDGE('',*,*,#1143,.T.);
#1262=ORIENTED_EDGE('',*,*,#1145,.T.);
#1263=EDGE_LOOP('OSCAD_TOPO/3|loop|l:8d0541f3998f24a32ff9600141e76078|d78ab5db4e64fa3206406ee36f514004984dc126f58a398ece9abc3bb75bac59',(#1259,#1260,#1261,#1262));
#1264=ORIENTED_EDGE('',*,*,#1133,.T.);
#1265=ORIENTED_EDGE('',*,*,#1145,.F.);
#1266=ORIENTED_EDGE('',*,*,#1149,.F.);
#1267=ORIENTED_EDGE('',*,*,#1147,.F.);
#1268=EDGE_LOOP('OSCAD_TOPO/3|loop|l:be4b5d9d14e9fd895411d25287f8ab47|947dfcc1e2bc326f5ac78f9d1088302deaadb95402a956b04bb11e5215e7ad3e',(#1264,#1265,#1266,#1267));
#1269=ORIENTED_EDGE('',*,*,#1151,.T.);
#1270=ORIENTED_EDGE('',*,*,#1153,.T.);
#1271=ORIENTED_EDGE('',*,*,#1141,.F.);
#1272=ORIENTED_EDGE('',*,*,#1137,.F.);
#1273=EDGE_LOOP('OSCAD_TOPO/3|loop|l:5b4fe48b3cdc567f796d77f340d434a6|3de3fc286e6fa691e4bdda71227ef76accb3da84ad9d3823921c4913471517e6',(#1269,#1270,#1271,#1272));
#1274=ORIENTED_EDGE('',*,*,#1147,.T.);
#1275=ORIENTED_EDGE('',*,*,#1155,.F.);
#1276=ORIENTED_EDGE('',*,*,#1151,.F.);
#1277=ORIENTED_EDGE('',*,*,#1139,.T.);
#1278=EDGE_LOOP('OSCAD_TOPO/3|loop|l:e8438f52ad8aee6d25ae0b593533a2e8|17532d7f8261aa200f51ce671d2deb8f6fbec91828ec260ccb21650b35ab3e38',(#1274,#1275,#1276,#1277));
#1279=ORIENTED_EDGE('',*,*,#1143,.F.);
#1280=ORIENTED_EDGE('',*,*,#1157,.T.);
#1281=ORIENTED_EDGE('',*,*,#1063,.F.);
#1282=ORIENTED_EDGE('',*,*,#1159,.T.);
#1283=EDGE_LOOP('OSCAD_TOPO/3|loop|l:f6ab13d5fe7d6dc8f11afae5e16cc4de|2eb8a786a6f0a448f99cd168cbc822f06e6f3feeea9c55f1f9b2943ef32bd379',(#1279,#1280,#1281,#1282));
#1284=ORIENTED_EDGE('',*,*,#1149,.T.);
#1285=ORIENTED_EDGE('',*,*,#1159,.F.);
#1286=ORIENTED_EDGE('',*,*,#1073,.T.);
#1287=ORIENTED_EDGE('',*,*,#1161,.F.);
#1288=EDGE_LOOP('OSCAD_TOPO/3|loop|l:8abae92f8c473c444f8f3bdec91f5d95|16297bd9f77b2cc42717003cb77585805fc31e9c0f26ff5413e77582c3fad3f5',(#1284,#1285,#1286,#1287));
#1289=ORIENTED_EDGE('',*,*,#1163,.T.);
#1290=ORIENTED_EDGE('',*,*,#1079,.F.);
#1291=ORIENTED_EDGE('',*,*,#1157,.F.);
#1292=ORIENTED_EDGE('',*,*,#1153,.F.);
#1293=EDGE_LOOP('OSCAD_TOPO/3|loop|l:6746d64befa495fcb51eb15087aa6ba8|faf574323c09d73362cdba3359a6599d0f7c667bfd8554f835c9ef4aedbaa0f7',(#1289,#1290,#1291,#1292));
#1294=ORIENTED_EDGE('',*,*,#1161,.T.);
#1295=ORIENTED_EDGE('',*,*,#1081,.T.);
#1296=ORIENTED_EDGE('',*,*,#1163,.F.);
#1297=ORIENTED_EDGE('',*,*,#1155,.T.);
#1298=EDGE_LOOP('OSCAD_TOPO/3|loop|l:d710799fc9f46a848d0f4248e64a1134|0513df946c20a11a1c5e5ba6be499e807ad5d1a33903d70f8c01bcdfd9d29334',(#1294,#1295,#1296,#1297));
#1299=FACE_OUTER_BOUND('',#1168,.T.);
#1300=ADVANCED_FACE('OSCAD_TOPO/3|face|f:5ec98c099654fd5b4a1b5776cda6431d|8aa63e5acccc9e272372a143c610923a4a009c21727c609a98760f77eb9fae87',(#1299),#71,.T.);
#1301=FACE_OUTER_BOUND('',#1173,.T.);
#1302=ADVANCED_FACE('OSCAD_TOPO/3|face|f:b9efba5a12e03a231b3231c63fd593d7|08f46c1ffc1af8dcb6f8673c67da6f88a7f30b4a4fb0471606bced99941d200d',(#1301),#76,.T.);
#1303=FACE_OUTER_BOUND('',#1178,.T.);
#1304=ADVANCED_FACE('OSCAD_TOPO/3|face|f:304f81101b9105b1719fc4b0c5feb820|35c8fd65a5c36a8cc789229d53c27cfe5d01b8893cb478b21fd36e10bbfcd17d',(#1303),#89,.T.);
#1305=FACE_OUTER_BOUND('',#1183,.T.);
#1306=ADVANCED_FACE('OSCAD_TOPO/3|face|f:b0329969f91434fd24de03955c9f8240|8730ffc44bbcfd0233218c1e8617552c7beef43418e9529723e6a3cc7f982f3a',(#1305),#102,.T.);
#1307=FACE_OUTER_BOUND('',#1188,.T.);
#1308=ADVANCED_FACE('OSCAD_TOPO/3|face|f:ce28ef9de752fbffcc513095a267c05e|7885d1d63bca4c1dc1730103f7c0c594e96a148ce219e0aaba385314cf96130a',(#1307),#107,.T.);
#1309=FACE_OUTER_BOUND('',#1193,.T.);
#1310=ADVANCED_FACE('OSCAD_TOPO/3|face|f:9a9cee15e50120938039a4e0284ec525|b0ec7185c469fe18233fad2aff961235a14308555ddda28a3b7b4745f58d8ed8',(#1309),#117,.T.);
#1311=FACE_OUTER_BOUND('',#1198,.T.);
#1312=ADVANCED_FACE('OSCAD_TOPO/3|face|f:ed40ba73e1c22b054ecd60308d1af3a8|a9ed738f64168cda3dd30b57ce1e6567918707c5c5abd63760a51c2bbb4357c4',(#1311),#76,.T.);
#1313=FACE_OUTER_BOUND('',#1203,.T.);
#1314=ADVANCED_FACE('OSCAD_TOPO/3|face|f:c3d6f8c71b09d09e76e159c7b84ad6c5|8f7f1765c22d02f33969befc19438be2f40e3990e13eb6b5c784b4600400b978',(#1313),#124,.T.);
#1315=FACE_OUTER_BOUND('',#1208,.T.);
#1316=ADVANCED_FACE('OSCAD_TOPO/3|face|f:b4f335ea2169ea672356da8994fe7137|85533d9dc99ba1778b073533d448127431f1c57ffd5db5cdacc0f33bbdd8f353',(#1315),#131,.T.);
#1317=FACE_OUTER_BOUND('',#1213,.T.);
#1318=ADVANCED_FACE('OSCAD_TOPO/3|face|f:b9ba4f97108a6657f401bc7a26d78577|8c9f6dd86082f438db95a9a1f58c696ca629da46c974b4bec63bb27bb77c0e8c',(#1317),#107,.T.);
#1319=FACE_OUTER_BOUND('',#1218,.T.);
#1320=ADVANCED_FACE('OSCAD_TOPO/3|face|f:5f27d9f73d886e12bbc9ad1a6b587647|bc8377033bc574fa559d2aeb7ba77a9c420c3fe54e19298b3077f07aa66b8cd8',(#1319),#150,.T.);
#1321=FACE_OUTER_BOUND('',#1223,.T.);
#1322=ADVANCED_FACE('OSCAD_TOPO/3|face|f:17481cf5ee1178d96b47c465dee6b1ac|c38be95d661b68cf851cb6e807b386cf55e1cca92ace6609ee391155522f953d',(#1321),#76,.T.);
#1323=FACE_OUTER_BOUND('',#1228,.T.);
#1324=ADVANCED_FACE('OSCAD_TOPO/3|face|f:cb0ccdeb6c2722274257c8e143e1b726|45bd38d54715256b71d37bf5db403c8a293c0002b22c2d24796d7ebcb03a3481',(#1323),#163,.T.);
#1325=FACE_OUTER_BOUND('',#1233,.T.);
#1326=ADVANCED_FACE('OSCAD_TOPO/3|face|f:9b5ae3037180cac4f9828719c85c4fd1|c36d1c9484fa9f385372266f8a13f4bed1e3b5485d62f8bbd8e02a82210c1c34',(#1325),#176,.T.);
#1327=FACE_OUTER_BOUND('',#1238,.T.);
#1328=ADVANCED_FACE('OSCAD_TOPO/3|face|f:bbc459fda8628a1b93d1f9d18afc05fb|7d9c2352884c560f480c449b7f4db1af8a22884fda6c9379e9b00a36209911ef',(#1327),#107,.T.);
#1329=FACE_OUTER_BOUND('',#1243,.T.);
#1330=ADVANCED_FACE('OSCAD_TOPO/3|face|f:19b54b97cd1b181d06262b771cfe7160|08cb33f273663331cb1813f627ceefc2caf76527cd66fe33850e1db9a484268f',(#1329),#76,.T.);
#1331=FACE_OUTER_BOUND('',#1248,.T.);
#1332=ADVANCED_FACE('OSCAD_TOPO/3|face|f:337172de7b629a40bb7d9e54c77cd662|42f3848b5a26a8a8b26abd41847305d11a95439f28767c74b77a1f6b353ae258',(#1331),#183,.T.);
#1333=FACE_OUTER_BOUND('',#1253,.T.);
#1334=ADVANCED_FACE('OSCAD_TOPO/3|face|f:45f8c27e8395bdb564c02eb87462ef27|26f1d4130702cbadc2d01d90299d8347856900da9e337316d060a699516cf97e',(#1333),#190,.T.);
#1335=FACE_OUTER_BOUND('',#1258,.T.);
#1336=ADVANCED_FACE('OSCAD_TOPO/3|face|f:f8550919110078430027e9b1c8e98ef1|f056ca9d529c8081ce455dfd1287468ba125349f29f948912f168a092272f716',(#1335),#107,.T.);
#1337=FACE_OUTER_BOUND('',#1263,.T.);
#1338=ADVANCED_FACE('OSCAD_TOPO/3|face|f:b56c1450e8640eeb3512f8f6f2672d96|0a4f853ddc6e62a55872db2ade4d0c9927e3374ed127e16b69b089b208798028',(#1337),#195,.T.);
#1339=FACE_OUTER_BOUND('',#1268,.T.);
#1340=ADVANCED_FACE('OSCAD_TOPO/3|face|f:a450871b584010d6a52f5afc03122e1b|4eb8e3b9dd488aafd9f4ee8be6fb8460ec886b356eef6bfb6b16d6ca6f5bd3fe',(#1339),#202,.T.);
#1341=FACE_OUTER_BOUND('',#1273,.T.);
#1342=ADVANCED_FACE('OSCAD_TOPO/3|face|f:c684f4d6b52638d6e39820ff80221127|3257755b5c3835211aac795ee03162582fb32b790a26386c9cd2a91e32ccacb2',(#1341),#209,.T.);
#1343=FACE_OUTER_BOUND('',#1278,.T.);
#1344=ADVANCED_FACE('OSCAD_TOPO/3|face|f:cb76c89383a29f56eb663f73037451d1|431e662c22a01102443062a0d3805f47cb14717707478a4d034a5c7eac3d29ad',(#1343),#214,.T.);
#1345=FACE_OUTER_BOUND('',#1283,.T.);
#1346=ADVANCED_FACE('OSCAD_TOPO/3|face|f:a3fd5dff1fe48b45018159f657e25ba4|6c066eb2587aac834c28f446ed3b75fddea428bfca7185e503b5ecb69c28e624',(#1345),#219,.T.);
#1347=FACE_OUTER_BOUND('',#1288,.T.);
#1348=ADVANCED_FACE('OSCAD_TOPO/3|face|f:4992f98543efad4d1de162fb93d9ca74|bd0dbe1193ebe0cfbd60ad2c448c06779a4c3523f75ade239e433b4f911cdcee',(#1347),#226,.T.);
#1349=FACE_OUTER_BOUND('',#1293,.T.);
#1350=ADVANCED_FACE('OSCAD_TOPO/3|face|f:e38edd8b21825a90273fbd0927cfbd6d|e983dee37d26d4c2d27f0e86df60f91f25e785d749e4909e7430dcea9019663e',(#1349),#233,.T.);
#1351=FACE_OUTER_BOUND('',#1298,.T.);
#1352=ADVANCED_FACE('OSCAD_TOPO/3|face|f:53a3c355129c2b84b080a921f0435b84|64c873064a96d3e3b80da4f7ac2f2c1a24a055e8c062289ed1db4b90055ed9ee',(#1351),#238,.T.);
#1353=CLOSED_SHELL('OSCAD_TOPO/3|shell|s:a65fc6cc178b09ac71342056f79be3c9|97e57a245ef98f1aa1b92f10e372d5bc5483c98201a967fd01a8af368da914a6',(#1300,#1302,#1304,#1306,#1308,#1310,#1312,#1314,#1316,#1318,#1320,#1322,#1324,#1326,#1328,#1330,#1332,#1334,#1336,#1338,#1340,#1342,#1344,#1346,#1348,#1350,#1352));
#1354=MANIFOLD_SOLID_BREP('OSCAD_TOPO/3|body|b:b55117d75f6229f4479ea41a85d7d68c|9e2fdf155fe6e855bef8ac1e4220dd8d556a02298b4eddc9e0d1d4c8f252e7a7',#1353);
#1355=(LENGTH_UNIT()NAMED_UNIT(*)SI_UNIT(.MILLI.,.METRE.));
#1356=UNCERTAINTY_MEASURE_WITH_UNIT(LENGTH_MEASURE(9.99999999999999955E-8),#1355,'distance_accuracy_value','');
#1357=(GEOMETRIC_REPRESENTATION_CONTEXT(3)GLOBAL_UNCERTAINTY_ASSIGNED_CONTEXT((#1356))GLOBAL_UNIT_ASSIGNED_CONTEXT((#1355))REPRESENTATION_CONTEXT('','3D'));
#1358=ADVANCED_BREP_SHAPE_REPRESENTATION('',(#1354),#1357);
#1359=APPLICATION_CONTEXT('managed model based 3d engineering');
#1360=PRODUCT_CONTEXT('',#1359,'mechanical');
#1361=PRODUCT('model','model','',(#1360));
#1362=PRODUCT_DEFINITION_FORMATION('1','',#1361);
#1363=PRODUCT_DEFINITION_CONTEXT('part definition',#1359,'design');
#1364=PRODUCT_DEFINITION('design','',#1362,#1363);
#1365=PRODUCT_DEFINITION_SHAPE('','',#1364);
#1366=SHAPE_DEFINITION_REPRESENTATION(#1365,#1358);
ENDSEC;
END-ISO-10303-21;
