warning: binary `wgsl_export` should have a kebab-case name
  |
1 | /Users/themoretheless/.codex/worktrees/loft-publication-2026-10-02/open-scad-viewer/crates/target/.../wgsl_export
  |                                                                                                       ^^^^^^^^^^^
  |
  = note: `cargo::non_kebab_case_bins` is set to `warn` by default
help: to change the binary name to `wgsl-export`, convert the file stem
  |
1 - src/bin/wgsl_export.rs
1 + src/bin/wgsl-export.rs
  |
warning: `raster-core` (manifest) generated 1 warning
warning: output filename collision at /Users/themoretheless/.codex/worktrees/loft-publication-2026-10-02/open-scad-viewer/crates/target/debug/examples/bench
  |
  = note: the example target `bench` in package `raster-core v0.1.0 (/Users/themoretheless/.codex/worktrees/loft-publication-2026-10-02/open-scad-viewer/crates/raster-core)` has the same output filename as the example target `bench` in package `compute-core v0.1.0 (/Users/themoretheless/.codex/worktrees/loft-publication-2026-10-02/open-scad-viewer/crates/compute-core)`
  = note: this may become a hard error in the future; see <https://github.com/rust-lang/cargo/issues/6313>
  = help: consider changing their names to be unique or compiling them separately
warning: output filename collision at /Users/themoretheless/.codex/worktrees/loft-publication-2026-10-02/open-scad-viewer/crates/target/debug/examples/bench.dSYM
  |
  = note: the example target `bench` in package `raster-core v0.1.0 (/Users/themoretheless/.codex/worktrees/loft-publication-2026-10-02/open-scad-viewer/crates/raster-core)` has the same output filename as the example target `bench` in package `compute-core v0.1.0 (/Users/themoretheless/.codex/worktrees/loft-publication-2026-10-02/open-scad-viewer/crates/compute-core)`
  = note: this may become a hard error in the future; see <https://github.com/rust-lang/cargo/issues/6313>
  = help: consider changing their names to be unique or compiling them separately
warning: function `rebuild_add` is never used
    --> nurbs-core/src/foundation.rs:3251:4
     |
3251 | fn rebuild_add(a:[f64;2],b:[f64;2])->[f64;2] { [next_down(a[0]+b[0]),next_up(a[1]+b[1])] }
     |    ^^^^^^^^^^^
     |
     = note: `#[warn(dead_code)]` (part of `#[warn(unused)]`) on by default

warning: function `rebuild_mul` is never used
    --> nurbs-core/src/foundation.rs:3252:4
     |
3252 | fn rebuild_mul(a:[f64;2],b:[f64;2])->[f64;2] {
     |    ^^^^^^^^^^^

warning: function `rebuild_binomial` is never used
    --> nurbs-core/src/foundation.rs:3256:4
     |
3256 | fn rebuild_binomial(n:usize,k:usize)->[f64;2] {
     |    ^^^^^^^^^^^^^^^^

warning: function `rebuild_product_factor` is never used
    --> nurbs-core/src/foundation.rs:3260:4
     |
3260 | fn rebuild_product_factor(p:usize,q:usize,i:usize,j:usize)->[f64;2] {
     |    ^^^^^^^^^^^^^^^^^^^^^^

warning: enum `DistanceStopReason` is never used
   --> nurbs-core/src/distance_bounds.rs:106:10
    |
106 | pub enum DistanceStopReason {
    |          ^^^^^^^^^^^^^^^^^^

warning: function `boundary_v_derivative` is never used
  --> nurbs-core/src/gordon_tangent_fields.rs:12:15
   |
12 | pub(super) fn boundary_v_derivative(surface: &Surface, end: bool) -> Result<Vec<Curve>> {
   |               ^^^^^^^^^^^^^^^^^^^^^

warning: function `dot` is never used
  --> nurbs-core/src/sweep_support/interval_vec3.rs:38:15
   |
38 | pub(crate) fn dot(a: Vec3, b: Vec3) -> Result<Interval> {
   |               ^^^

warning: function `evaluate_bernstein` is never used
   --> nurbs-core/src/surface_measure/jets.rs:123:4
    |
123 | fn evaluate_bernstein(mut points: Vec<[I; 4]>, t: I) -> Result<[I; 4]> {
    |    ^^^^^^^^^^^^^^^^^^

warning: function `calculate_partial_stable` is never used
   --> nurbs-core/src/surface_measure/jets.rs:137:15
    |
137 | pub(crate) fn calculate_partial_stable(
    |               ^^^^^^^^^^^^^^^^^^^^^^^^

   Compiling brep-topology v0.1.0 (/Users/themoretheless/.codex/worktrees/loft-publication-2026-10-02/open-scad-viewer/crates/brep-topology)
warning: `nurbs-core` (lib) generated 9 warnings
warning: variable does not need to be mutable
   --> modelgraph-text/src/value.rs:55:31
    |
 55 |  ({$($fields:tt)*}) => {{ let mut object=value_codec::Map::new();json!(@fields object; $($fields)*);value_codec::Value::Object(obje...
    |                               ----^^^^^^
    |                               |
    |                               help: remove this `mut`
    |
   ::: modelgraph-text/src/lower.rs:815:28
    |
815 |             let mut fields=json!({});
    |                            --------- in this macro invocation
    |
    = note: `#[warn(unused_mut)]` (part of `#[warn(unused)]`) on by default
    = note: this warning originates in the macro `json` (in Nightly builds, run with -Z macro-backtrace for more info)

   Compiling modelgraph-runtime v0.1.0 (/Users/themoretheless/.codex/worktrees/loft-publication-2026-10-02/open-scad-viewer/crates/modelgraph-runtime)
warning: `modelgraph-text` (lib) generated 1 warning (run `cargo fix --lib -p modelgraph-text` to apply 1 suggestion)
   Compiling modelgraph-text v0.1.0 (/Users/themoretheless/.codex/worktrees/loft-publication-2026-10-02/open-scad-viewer/crates/modelgraph-text)
warning: function `aligns_degrees_domains_and_knots_without_introducing_C0_seams` should have a snake case name
   --> nurbs-core/src/continuity/preparation.rs:115:12
    |
115 |  #[test]fn aligns_degrees_domains_and_knots_without_introducing_C0_seams(){
    |            ^^^^^^^^^^^^^^^^^^^^^^^^^^^^^^^^^^^^^^^^^^^^^^^^^^^^^^^^^^^^^ help: convert the identifier to snake case (notice the capitalization): `aligns_degrees_domains_and_knots_without_introducing_c0_seams`
    |
    = note: `#[warn(non_snake_case)]` (part of `#[warn(nonstandard_style)]`) on by default

warning: `nurbs-core` (lib test) generated 7 warnings (6 duplicates)
warning: `modelgraph-text` (lib test) generated 1 warning (1 duplicate)
   Compiling languages-bridge v0.1.0 (/Users/themoretheless/.codex/worktrees/loft-publication-2026-10-02/open-scad-viewer/crates/languages-bridge)
   Compiling brep-core v0.1.0 (/Users/themoretheless/.codex/worktrees/loft-publication-2026-10-02/open-scad-viewer/crates/brep-core)
   Compiling polygon-core v0.1.0 (/Users/themoretheless/.codex/worktrees/loft-publication-2026-10-02/open-scad-viewer/crates/polygon-core)
   Compiling languages-wasm v0.1.0 (/Users/themoretheless/.codex/worktrees/loft-publication-2026-10-02/open-scad-viewer/crates/languages-wasm)
   Compiling slicer-core v0.1.0 (/Users/themoretheless/.codex/worktrees/loft-publication-2026-10-02/open-scad-viewer/crates/slicer-core)
warning: function `progressive_profile_body` is never used
   --> brep-core/src/analytic/rational_loft.rs:562:8
    |
562 | pub fn progressive_profile_body(
    |        ^^^^^^^^^^^^^^^^^^^^^^^^
    |
    = note: `#[warn(dead_code)]` (part of `#[warn(unused)]`) on by default

warning: function `progressive_affine_profile_body` is never used
   --> brep-core/src/analytic/rational_loft.rs:572:8
    |
572 | pub fn progressive_affine_profile_body(
    |        ^^^^^^^^^^^^^^^^^^^^^^^^^^^^^^^

warning: function `progressive_authored_profile_body` is never used
   --> brep-core/src/analytic/rational_loft.rs:596:8
    |
596 | pub fn progressive_authored_profile_body(
    |        ^^^^^^^^^^^^^^^^^^^^^^^^^^^^^^^^^

warning: function `progressive_guided_profile_body` is never used
   --> brep-core/src/analytic/rational_loft.rs:622:8
    |
622 | pub fn progressive_guided_profile_body(
    |        ^^^^^^^^^^^^^^^^^^^^^^^^^^^^^^^

warning: function `progressive_body_laws` is never used
   --> brep-core/src/analytic/rational_loft.rs:645:4
    |
645 | fn progressive_body_laws(
    |    ^^^^^^^^^^^^^^^^^^^^^

warning: function `rational_section_loft` is never used
   --> brep-core/src/analytic/rational_loft_legacy.rs:176:8
    |
176 | pub fn rational_section_loft(sections: &[Vec<Vec<Curve>>]) -> Result<Model> {
    |        ^^^^^^^^^^^^^^^^^^^^^

warning: function `natural_section_loft` is never used
   --> brep-core/src/analytic/rational_loft_legacy.rs:182:8
    |
182 | pub fn natural_section_loft(sections: &[Vec<Vec<Curve>>], parameters: &[f64]) -> Result<Model> {
    |        ^^^^^^^^^^^^^^^^^^^^

warning: function `capped_loft_surfaces` is never used
   --> brep-core/src/analytic/rational_loft_legacy.rs:193:8
    |
193 | pub fn capped_loft_surfaces(
    |        ^^^^^^^^^^^^^^^^^^^^

warning: function `periodic_section_loft` is never used
   --> brep-core/src/analytic/rational_loft_legacy.rs:232:8
    |
232 | pub fn periodic_section_loft(sections: &[Vec<Vec<Curve>>]) -> Result<Model> {
    |        ^^^^^^^^^^^^^^^^^^^^^

   Compiling geometry-bridge v0.1.0 (/Users/themoretheless/.codex/worktrees/loft-publication-2026-10-02/open-scad-viewer/crates/geometry-bridge)
warning: unused doc comment
  --> geometry-bridge/src/abi.rs:56:1
   |
56 | / /// Capacity of the last packed response allocation. `encode_binary` grows its
57 | | /// Vec amortized, so capacity usually exceeds length; the response is freed
58 | | /// before the next request (see `decodePacked` on the host), so a single slot
59 | | /// suffices. Buffers not matching the slot (request/staging allocations from
60 | | /// `abi_alloc`, boxed slices) have capacity == length and take the fallback.
   | |_----------------------------------------------------------------------------^
   |   |
   |   rustdoc does not generate documentation for macro invocations
   |
   = help: to document an item produced by a macro, the macro must produce the documentation as part of its expansion
   = note: `#[warn(unused_doc_comments)]` (part of `#[warn(unused)]`) on by default

warning: `brep-core` (lib) generated 9 warnings
warning: function `law` is never used
  --> brep-core/tests/rational_section_loft.rs:87:4
   |
87 | fn law(a: f64, b: f64) -> Curve {
   |    ^^^
   |
   = note: `#[warn(dead_code)]` (part of `#[warn(unused)]`) on by default

warning: `brep-core` (test "rational_section_loft") generated 1 warning
warning: `geometry-bridge` (lib) generated 1 warning
   Compiling geometry-wasm v0.1.0 (/Users/themoretheless/.codex/worktrees/loft-publication-2026-10-02/open-scad-viewer/crates/geometry-wasm)
warning: `brep-core` (lib test) generated 9 warnings (9 duplicates)
warning: `geometry-bridge` (lib test) generated 1 warning (1 duplicate)
    Finished `test` profile [unoptimized + debuginfo] target(s) in 17.12s
     Running unittests src/lib.rs (crates/target/debug/build/brep-core/f90b345fcba9deb8/out/brep_core-f90b345fcba9deb8)

running 694 tests
test analytic::loft::tests::support_refinement_has_typed_budget_refusal ... ok
test analytic::rational_loft::cap_certificate_tests::oblique_graph_cap_preserves_exact_edges_in_both_senses ... ok
test analytic::rational_loft::cap_certificate_tests::coordinate_caps_retain_exact_natural_uv_in_all_axes_and_senses ... ok
test analysis::tests::unresolved_tangent_knot_crossing_cannot_report_convergence ... ok
test analytic::rational_loft::retained_tests::segmented_curve_retains_coefficients_without_homogeneous_rounding ... ok
test analytic::rational_loft::cap_certificate_tests::stored_cap_refuses_zero_product_budget_and_unproved_zero_tolerance ... ok
test analytic::rational_loft::smooth_stations::tests::closed_station_jets_include_the_wrap ... ok
test analytic::loft::tests::ruled_side_patches_keep_four_edges_and_reject_twisted_collapse ... ok
test analytic::loft::tests::valid_twisted_profiles_are_admitted_after_bound_refinement ... ok
test analytic::rational_loft::supplied_multispan_tests::retains_each_actual_cubic_wall_and_its_owned_edges ... ok
test analytic::rational_loft::retained_tests::source_identity_checks_geometry_and_topology_independently_of_naming_history ... ok
test affine_lattice::tests::exact_shear_reflection_and_atomic_refusal ... ok
test analytic::tests::collapsed_boundary_cannot_join_disconnected_face_fans ... ok
test analysis::tests::freeform_tessellation_bounds_planar_cuboid_and_bump ... ok
test analysis::tests::freeform_mass_encloses_planar_cuboid_and_refuses_bump ... ok
test analytic::tests::rejects_singular_and_invalid_round_solids ... ok
test analysis::tests::holes_translations_and_resource_refusals_are_explicit ... ok
test analytic::tests::retained_circle_revolution_is_a_closed_rational_torus ... ok
test analysis::tests::certified_mass_encloses_box_cylinder_tube_and_exact_profile ... ok
test analysis::tests::certified_mass_is_scale_and_rigid_transform_stable_and_refuses_mutation ... ok
test analytic::tests::axis_profiles_revolve_to_closed_solids_with_explicit_poles ... ok
test analytic::tests::cones_have_one_certified_pole_without_artificial_caps ... ok
test analysis::tests::certified_successor_encloses_cone_frustum_torus_and_spherical_cavity ... ok
test analytic::tests::torus_is_exact_regular_oriented_and_genus_one ... ok
test analytic::tests::sphere_is_exact_regular_oriented_and_has_ordinary_poles ... ok
test analytic_boolean::tests::disjoint_cones_union_is_certified ... ok
test analytic_boolean::tests::contained_cylinder_difference_is_certified ... ok
test analytic_boolean::tests::disjoint_cylinders_union_carries_complete_certificate ... ok
test analytic_boolean::tests::empty_intersection_of_disjoint_cylinders_is_certified ... ok
test analytic_boolean::tests::disjoint_tori_boolean_is_query_only_refuse ... ok
test analytic_boolean::tests::imprint_reports_use_cap_planes_not_only_midplane ... ok
test analytic::rational_loft::cap_certificate_tests::translated_hollow_coordinate_cap_fits_shared_exact_budget ... ok
test analytic_boolean::tests::identical_cylinders_intersection_is_certified ... ok
test analytic_boolean::tests::intersecting_cones_freeze_refuse ... ok
test analytic_boolean::tests::box_sphere_dome_is_certified_for_every_operation ... ok
test analytic::rational_loft::smooth_stations::tests::shared_quintic_jets_and_atomic_limits ... ok
test analytic_boolean::tests::intersecting_cylinders_intersection_exact_volume ... ok
test analytic_boolean::tests::intersecting_cylinders_union_without_prism ... ok
test analytic_boolean::tests::parallel_wall_ss_publishes_complete_generator_lines ... ok
test analytic_boolean::tests::mixed_sphere_cylinder_refuses ... ok
test analytic::tests::signed_partial_revolutions_have_exact_caps_and_correct_oriented_volume ... ok
test analytic_boolean::tests::planar_box_pair_refuses_analytic_path ... ok
test analytic_boolean::tests::tangent_cylinders_refuse ... ok
test analytic_features::tests::analytic_chamfer_af01_cuboid_edge ... ok
test analytic_boolean::tests::multi_body_union_preserves_solidset ... ok
test analytic_boolean::tests::mixed_sphere_cylinder_disjoint_is_certified ... ok
test analytic_features::tests::curved_fillet_refuses_af_n1 ... ok
test analytic_features::tests::analytic_fillet_af01_cuboid_edge ... ok
test analytic_features::tests::cylinder_shell_offset ... ok
test analytic_features::tests::cylinder_shell_preserves_rigid_placement ... ok
test analytic_boolean::tests::sphere_sphere_union_is_certified ... ok
test analytic_features::tests::exact_bent_rmf_sweep_certifies_path_frame_laws_and_reversal ... ok
test analytic_boolean::tests::intersecting_cylinders_difference_without_prism ... ok
test analytic_boolean::tests::axial_cylinder_sphere_is_certified ... ok
test analytic_features::tests::exact_convex_chamfer_handles_connected_chain_permutations_atomically ... ok
test analytic_features::tests::analytic_chamfer_honors_each_selected_vertical_corner ... ok
test analytic::tests::curved_axis_endpoints_form_shared_sphere_poles ... ok
test analytic_features::tests::exact_cylinder_shell_is_rigid_stable_and_refuses_unowned_rims ... ok
test analytic_features::tests::exact_multi_section_loft_has_correspondence_topology_and_audit_oracles ... ok
test analysis::tests::planar_and_round_solids_match_analytic_mass_properties ... ok
test analytic_features::tests::exact_shell_refusals_are_atomic_and_typed ... ok
test analytic_features::tests::exact_prism_fillet_supports_mixed_and_closed_profile_selections_under_rigid_placement ... ok
test analytic_features::tests::exact_variable_radius_fillet_authors_linear_law_on_vertical_cuboid_edge ... ok
test analytic_features::tests::exact_valence3_corner_blend_authors_sphere_and_three_cylinders ... ok
test analytic_features::tests::frame_law_refuses_bent_nonparallel_path ... ok
test analytic_features::tests::frame_law_refuses_unknown_law ... ok
test analytic_features::tests::iges_refuses_stl_payload ... ok
test analytic_features::tests::fillet_chain_remaps_two_vertical_corners ... ok
test analytic_features::tests::loft_sweep_mutations_refuse_atomically_with_exact_codes ... ok
test analytic_features::tests::frame_law_production_sweep ... ok
test analytic_features::tests::iges_roundtrip_entity_subset ... ok
test analytic_features::tests::mesh_bevel_cannot_be_claimed_via_curved_chamfer ... ok
test analytic_features::tests::prism_cap_profile_follows_topology_through_a_concave_notch ... ok
test analytic_features::tests::solid_loft_refuses_nonrectangular_section_carriers ... ok
test analytic_features::tests::planar_shell_as01 ... ok
test analytic_features::tests::solid_loft_section_match ... ok
test analytic_features::tests::step_roundtrip_not_faceted ... ok
test analytic_features::tests::successor_parallel_sweep_certifies_and_bent_rmf_refuses ... ok
test analytic_features::tests::exact_tube_offsets_preserve_topology_under_rigid_placement ... ok
test analytic_features::tests::successor_multi_edge_fillet_is_context_audit_and_naming_bound ... ok
test analytic_ss::tests::cylinder_sphere_far_is_complete_empty ... ok
test analytic_ss::tests::line_plane_miss_is_complete_empty ... ok
test analytic_ss::tests::parallel_miss_plane_cylinder_is_complete_empty ... ok
test analytic_ss::tests::perpendicular_plane_cylinder_is_complete_circle ... ok
test analytic_ss::tests::plane_sphere_equator_is_complete_circle ... ok
test analytic_ss::tests::plane_torus_equator_is_complete_circle ... ok
test analytic_ss::tests::skewed_cylinders_refuse_out_of_matrix ... ok
test analytic_ss::tests::sphere_sphere_transverse_circle_is_complete ... ok
test body_edit::tests::assembly_edit_timing ... ignored, explicit assembly edit timing
test analytic_features::tests::unsupported_transition_and_variable_radius_are_typed_refusals ... ok
test analytic_features::tests::tube_recognition_checks_rational_supports_not_only_vertices ... ok
test body_edit::tests::preserves_standalone_shells_beside_edited_components ... ok
test boundary_agreement::tests::cylinder_and_sphere_boundary_charts_at_model_tolerance ... ok
test boundary_agreement::tests::every_cube_boundary_use_can_be_proven ... ok
test analytic_features::tests::exact_prism_fillet_has_independent_square_volume_and_radius_oracles ... ok
test boundary_agreement::tests::exact_closure_distinguishes_a_subtolerance_gap_and_keeps_every_use ... ok
test boundary_agreement::tests::exhaustion_preserves_all_boundary_uses_without_mutation ... ok
test boundary_agreement::tests::exact_closure_survives_a_nonplanar_bilinear_warp_and_weight_scaling ... ok
test body_edit::tests::mixed_unit_component_push_preserves_other_body_and_identities ... ok
test boundary_agreement::tests::sampled_mismatch_gets_a_local_diagnostic_and_bad_indices_still_refuse ... ok
test body_edit::tests::cylinder_edit_preserves_separate_body_with_cavity ... ok
test boundary_agreement::tests::lifted_periodic_uv_is_diagnosable_without_admitting_regular_operations ... ok
test boundary_embedding::tests::cube_requires_every_stage_and_preserves_input ... ok
test boundary_embedding::tests::tolerance_accepted_gap_is_not_an_exact_embedded_boundary ... ok
test boundary_embedding::tests::oblique_chart_proof_does_not_bypass_exact_boundary_prerequisites ... ok
test boundary_hull_contact::tests::overlapping_face_interiors_and_microscopic_gaps_are_not_shared_boundaries ... ok
test analytic_boolean::tests::box_sphere_edge_corner_and_bar_are_certified ... ok
test analytic_features::tests::exact_shell_has_independent_box_volume_area_thickness_oracles ... ok
test boundary_hull_contact::tests::skewed_station_hulls_meet_only_at_owned_vertex ... ok
test boundary_hull_contact::tests::coincident_geometry_without_shared_topology_is_not_authorized ... ok
test box_sphere_boolean::tests::box_inside_sphere_resolves_by_containment ... ok
test boundary_embedding::tests::exact_quadrant_sweep_admits_contacts_only_after_joint_prerequisites ... ok
test box_sphere_boolean::tests::recognizes_the_cuboid ... ok
test box_sphere_boolean::tests::contained_sphere_difference_is_a_cavity ... ok
test box_sphere_boolean::tests::disjoint_pair_resolves_by_empty_algebra ... ok
test box_sphere_boolean::tests::ring_inside_one_sphere_patch_on_a_tilted_face ... ok
test box_sphere_boolean::tests::dome_over_one_face ... ok
test box_sphere_boolean::tests::seam_ring_split_by_a_box_edge_off_the_poles ... ok
test box_sphere_boolean::tests::small_sphere_on_a_big_face_is_a_ring_inside_one_patch ... ok
test box_sphere_boolean::tests::sphere_centred_on_a_box_corner ... ok
test box_sphere_boolean::tests::sphere_centred_on_a_box_edge_hits_the_sphere_poles ... ok
test box_sphere_boolean::tests::sphere_poking_past_a_corner_without_touching_a_face_is_disjoint ... ok
test box_sphere_boolean::tests::sphere_over_a_box_corner ... ok
test analytic::tests::partial_caps_reparameterize_multiple_offset_holes ... ok
test box_sphere_boolean::tests::sphere_over_a_box_edge ... ok
test box_sphere_boolean::tests::sphere_centred_on_a_face_plane_runs_along_sphere_seams ... ok
test close_topology::tests::multi_cell_heal_budgets_partitions_and_atomic_refusal ... ok
test box_sphere_boolean::tests::tangent_and_vertex_configurations_are_refused ... ok
test close_topology::tests::sheet_solid_compound_transform_permutation_and_resources ... ok
test control_hull_separation::tests::exact_oblique_gap_is_proved_but_touch_overlap_and_zero_budget_are_not ... ok
test coverage_verifier::tests::affine_surface_pair_promotes_to_complete_and_verifies ... ok
test coverage_verifier::tests::complete_claim_with_unresolved_is_rejected ... ok
test coverage_verifier::tests::line_plane_transverse_can_complete_via_analytic_helper ... ok
test coverage_verifier::tests::unsupported_curved_surface_is_typed_incomplete ... ok
test coverage_verifier::tests::uv_arrangement_coverage_admits_holes_and_refuses_empty_freeform ... ok
test close_topology::tests::radial_fans_and_orientation_are_checked ... ok
test box_sphere_boolean::tests::sphere_through_a_slab ... ok
test analytic_features::tests::simple_prism_fillet_certifies_concave_bracket_and_refuses_inner_corner ... ok
test box_sphere_boolean::tests::sphere_through_a_bar ... ok
test cylinder_sphere_boolean::tests::ball_centred_on_the_top_cap_plane ... ok
test analytic::tests::region_revolution_owns_cavity_shell_and_nested_island ... ok
test cylinder_sphere_boolean::tests::ball_on_the_axis_poking_through_the_top_cap ... ok
test face_contact::tests::both_interiors_and_budget_preserve_uncertainty ... ok
test face_contact::tests::either_trim_can_exclude_the_unique_surface_contact ... ok
test cylinder_sphere_boolean::tests::big_ball_through_wall_and_cap ... ok
test face_contact::tests::hole_excludes_a_contact_of_the_underlying_surfaces ... ok
test face_contact::tests::trim_boundary_never_becomes_an_interior_defect ... ok
test face_contacts::tests::a_defect_does_not_stop_later_pairs_from_being_reported ... ok
test face_contacts::tests::cube_visits_all_pairs_without_excusing_adjacent_contacts ... ok
test close_topology::tests::solid_typestate_is_not_weakened ... ok
test face_domain::tests::box_faces_use_pcurves_in_loop_order ... ok
test face_contacts::tests::limits_preserve_exact_unvisited_suffix ... ok
test face_contact::tests::pair_search_filters_surface_extensions_and_preserves_budget_limits ... ok
test face_domain::tests::cap_hole_is_excluded_and_boundary_cells_stay_unresolved ... ok
test face_domain::trim_audit_tests::cube_regions_and_global_exhaustion_preserve_face_indices ... ok
test face_injectivity::tests::cube_faces_pass_and_budget_keeps_unvisited_faces_explicit ... ok
test cylinder_sphere_boolean::tests::ball_on_the_axis_bulging_through_the_wall ... ok
test cylinder_sphere_boolean::tests::off_axis_and_tangent_configurations_are_refused ... ok
test face_injectivity::tests::collapsing_one_face_does_not_hide_behind_topological_validity ... ok
test cylinder_sphere_boolean::tests::containment_and_disjoint_pairs ... ok
test iges_interchange_v2::tests::direct_roundtrip_is_80_column_and_preserves_graph_identity ... ok
test gear::tests::few_teeth_planet_and_refusals ... ok
test iges_interchange_v2::tests::malformed_records_units_unknown_and_resources_refuse ... ok
test iges_interchange_v2::tests::metadata_free_reports_loss_and_mutation_refuses ... ok
test boundary_hull_contact::tests::retained_hollow_sweep_vertex_contacts_require_authored_vertex_ownership ... ok
test iges_interchange_v2::tests::multiple_bodies_and_cavities_roundtrip_without_topology_reconstruction ... ok
test imprint_pipeline::tests::contained_difference_builds_cavity ... ok
test analytic::tests::partial_curved_revolution_caps_and_signed_volume ... ok
test imprint_pipeline::tests::imprint_plan_refuses_duplicate_face_parameter ... ok
test intersections::cone_cone::tests::anti_axial_pair_yields_the_exact_circle ... ok
test imprint_pipeline::tests::disjoint_union_is_separated_without_prism ... ok
test intersections::cone_cone::tests::apex_meeting_stays_unresolved ... ok
test intersections::cone_cone::tests::clearly_separated_axially_resolves_empty ... ok
test analytic_features::tests::exact_shell_offsets_planar_inward_outward_and_nonadjacent_openings ... ok
test intersections::cone_cone::tests::equal_taper_coincident_profiles_report_coincident_trim ... ok
test intersections::cone_cone::tests::equal_taper_distinct_profiles_resolve_empty ... ok
test intersections::cone_cone::tests::different_tapers_cross_in_one_exact_circle ... ok
test boundary_agreement::tests::moving_hollow_tensor_sides_fit_shared_exact_work_budget ... ok
test intersections::cone_cone::tests::off_axis_and_non_parallel_pairs_are_unsupported_regions ... ok
test intersections::cone_cone::tests::near_coaxial_bands_stay_unresolved ... ok
test intersections::cone_cone::tests::rim_on_side_contact_stays_unresolved ... ok
test intersections::cone_cone::tests::root_clipped_by_a_finite_height_resolves_empty ... ok
test intersections::cone_cone::tests::rotated_translated_placement_keeps_the_exact_circle ... ok
test intersections::cone_cone::tests::stacked_rim_plane_contact_stays_unresolved ... ok
test intersections::cone_torus::tests::anti_axial_orientation_yields_the_exact_circles ... ok
test intersections::cone_cone::tests::noncanonical_operands_are_explicit_unsupported_regions ... ok
test intersections::cone_torus::tests::cap_planes_cut_the_tube_circle_pair ... ok
test intersections::cone_torus::tests::clearly_off_axis_or_tilted_pairs_are_unsupported_regions ... ok
test intersections::cone_torus::tests::height_clipping_drops_the_upper_side_circle ... ok
test intersections::cone_torus::tests::cap_plane_tube_tangency_stays_unresolved ... ok
test intersections::cone_torus::tests::rim_contact_stays_unresolved ... ok
test intersections::cone_torus::tests::near_coaxial_bands_stay_unresolved_not_forced ... ok
test intersections::cone_torus::tests::two_side_circles_match_the_quadratic_oracle ... ok
test intersections::cone_torus::tests::rotated_translated_placement_keeps_the_exact_circles ... ok
test intersections::cylinder_cylinder::tests::coaxial_equal_radii_report_the_coincident_band ... ok
test intersections::cone_torus::tests::zero_circle_configurations_resolve_empty ... ok
test intersections::cone_torus::tests::meridian_tangency_stays_a_tangency_region ... ok
test analytic::rational_loft::retained_tests::periodic_hollow_sections_decompose_without_bypassing_join_or_orientation_checks ... ok
test intersections::cylinder_cylinder::tests::coaxial_unequal_radii_resolve_empty_unless_cap_planes_coincide ... ok
test intersections::cylinder_cylinder::tests::finite_heights_clip_or_eliminate_the_lines ... ok
test intersections::cone_torus::tests::noncanonical_operands_are_explicit_unsupported_regions ... ok
test intersections::cylinder_cylinder::tests::near_parallel_within_the_band_stays_unresolved_not_forced ... ok
test intersections::cylinder_cylinder::tests::external_and_internal_tangencies_stay_unresolved ... ok
test intersections::cylinder_cylinder::tests::two_parallel_cylinders_yield_two_exact_lines ... ok
test intersections::cylinder_cylinder::tests::rotated_translated_placement_keeps_the_exact_lines ... ok
test intersections::cylinder_cylinder::tests::seam_ruling_lifts_both_adjacent_side_patches ... ok
test intersections::cylinder_torus::tests::height_clipping_drops_the_lower_side_circle ... ok
test intersections::cylinder_cylinder::tests::noncanonical_operands_are_explicit_unsupported_regions ... ok
test intersections::cylinder_torus::tests::clearly_off_axis_or_tilted_pairs_are_unsupported_regions ... ok
test intersections::cylinder_torus::tests::cap_plane_tube_tangency_stays_unresolved ... ok
test intersections::cylinder_torus::tests::rim_tangency_stays_unresolved ... ok
test face_injectivity::tests::retained_hollow_walls_use_shared_oblique_budget_without_overwriting_contraction ... ok
test intersections::cylinder_torus::tests::near_coaxial_bands_stay_unresolved_not_forced ... ok
test intersections::cylinder_torus::tests::torus_poking_through_both_caps_yields_cap_circle_pairs ... ok
test intersections::cylinder_torus::tests::two_side_circles_match_the_sqrt_oracle ... ok
test intersections::plane_cone::tests::misses_resolve_empty ... ok
test intersections::cylinder_torus::tests::rotated_translated_placement_keeps_the_exact_circles ... ok
test intersections::plane_cone::tests::oblique_ellipse_matches_the_independent_vertex_oracle ... ok
test intersections::plane_cone::tests::parabola_threshold_band_and_apex_contact_stay_unresolved ... ok
test intersections::plane_cone::tests::parallel_offset_plane_yields_exact_hyperbola ... ok
test intersections::plane_cone::tests::non_canonical_operands_are_explicit_refusals ... ok
test intersections::plane_cone::tests::perpendicular_circle_interpolates_radius_between_rings ... ok
test intersections::plane_cone::tests::perpendicular_clipped_circle_has_exact_trims ... ok
test intersections::cylinder_torus::tests::zero_circle_configurations_resolve_empty ... ok
test intersections::plane_cone::tests::rotated_translated_placement_keeps_the_exact_ellipse ... ok
test intersections::plane_cone::tests::ruling_parallel_plane_yields_exact_parabola ... ok
test intersections::plane_cone::tests::through_axis_plane_yields_two_exact_rulings ... ok
test intersections::plane_cylinder::tests::cap_plane_coincidence_and_beyond_classification ... ok
test intersections::plane_cylinder::tests::near_coincident_tilts_are_never_forced ... ok
test intersections::cylinder_torus::tests::meridian_tangency_stays_a_tangency_region ... ok
test intersections::plane_cone::tests::ring_planes_apex_level_and_beyond_classification ... ok
test intersections::plane_cylinder::tests::oblique_cap_tangency_stays_unresolved ... ok
test intersections::plane_cylinder::tests::oblique_clipped_ellipse_has_exact_cap_trims ... ok
test intersections::plane_cylinder::tests::oblique_full_ellipse_matches_the_exact_oracle ... ok
test intersections::plane_cylinder::tests::parallel_boundary_line_is_a_tangency_region ... ok
test intersections::cylinder_torus::tests::noncanonical_operands_are_explicit_unsupported_regions ... ok
test intersections::plane_cylinder::tests::parallel_plane_yields_two_exact_rulings ... ok
test intersections::plane_cylinder::tests::perpendicular_clipped_circle_has_exact_trims ... ok
test intersections::plane_cylinder::tests::noncanonical_operands_are_explicit_unsupported_regions ... ok
test intersections::plane_cylinder::tests::perpendicular_full_circle_has_exact_lifts ... ok
test intersections::plane_cylinder::tests::parallel_miss_tangency_and_band_classification ... ok
test intersections::plane_sphere::tests::boundary_clipping_has_exact_trims_and_clipped_lifts ... ok
test intersections::plane_cylinder::tests::rigid_placement_keeps_the_exact_ellipse ... ok
test intersections::plane_sphere::tests::full_section_matches_the_sqrt_oracle ... ok
test intersections::plane_sphere::tests::domain_edge_tangency_and_outside_cases ... ok
test intersections::plane_sphere::tests::rigid_placement_keeps_the_exact_circle ... ok
test intersections::plane_sphere::tests::miss_tangency_and_band_classification ... ok
test intersections::plane_sphere::tests::noncanonical_operands_are_explicit_unsupported_regions ... ok
test intersections::plane_torus::tests::domain_clipping_has_exact_trims_and_clipped_lifts ... ok
test intersections::plane_torus::tests::perpendicular_section_matches_the_two_circle_oracle ... ok
test intersections::plane_torus::tests::miss_tangency_and_band_classification ... ok
test intersections::plane_torus::tests::through_axis_section_matches_the_meridian_pair ... ok
test intersections::plane_torus::tests::offset_parallel_and_oblique_planes_are_honestly_refused ... ok
test intersections::plane_torus::tests::symmetry_plane_section_is_the_equator_pair ... ok
test intersections::plane_torus::tests::noncanonical_operands_are_explicit_unsupported_regions ... ok
test intersections::plane_torus::tests::rigid_placement_keeps_the_exact_circles ... ok
test intersections::sphere_cone::tests::apex_contact_stays_unresolved ... ok
test intersections::sphere_cone::tests::clearly_off_axis_pairs_are_unsupported_regions ... ok
test intersections::sphere_cone::tests::bottom_cap_circle_uses_the_bottom_cap_face ... ok
test intersections::sphere_cone::tests::near_axial_offset_within_the_band_stays_unresolved ... ok
test intersections::sphere_cone::tests::rim_contact_stays_unresolved ... ok
test intersections::sphere_cone::tests::one_circle_survives_clipping_by_the_finite_height ... ok
test intersections::sphere_cone::tests::cap_plane_touch_stays_a_tangency_region ... ok
test intersections::sphere_cone::tests::small_sphere_poking_through_a_cap_yields_a_cap_circle ... ok
test intersections::sphere_cone::tests::rotated_translated_placement_keeps_the_exact_circles ... ok
test intersections::sphere_cone::tests::two_side_circles_match_the_quadratic_oracle ... ok
test intersections::sphere_cylinder::tests::clearly_off_axis_pairs_are_unsupported_regions ... ok
test intersections::sphere_cone::tests::zero_circle_configurations_resolve_empty ... ok
test intersections::sphere_cylinder::tests::near_axial_offset_within_the_band_stays_unresolved ... ok
test intersections::sphere_cylinder::tests::cap_plane_touch_stays_a_tangency_region ... ok
test intersections::sphere_cone::tests::side_tangency_stays_a_tangency_region ... ok
test intersections::sphere_cylinder::tests::one_circle_survives_clipping_by_the_finite_height ... ok
test intersections::sphere_cylinder::tests::equal_radii_report_the_coincident_band ... ok
test intersections::sphere_cylinder::tests::rim_tangency_stays_unresolved ... ok
test intersections::sphere_cylinder::tests::small_sphere_poking_through_a_cap_yields_a_cap_circle ... ok
test intersections::sphere_cylinder::tests::swapped_cap_slots_and_bottom_cap_circle ... ok
test intersections::sphere_cylinder::tests::rotated_translated_placement_keeps_the_exact_circles ... ok
test intersections::sphere_cone::tests::noncanonical_operands_are_explicit_unsupported_regions ... ok
test intersections::sphere_cylinder::tests::two_side_circles_match_the_sqrt_oracle ... ok
test intersections::sphere_sphere::tests::axis_aligned_lifted_uv_radius_matches_polar_oracle ... ok
test intersections::sphere_sphere::tests::concentric_equal_spheres_report_coincident_unresolved ... ok
test intersections::sphere_sphere::tests::equal_spheres_intersect_in_exact_circle ... ok
test intersections::sphere_sphere::tests::concentric_unequal_and_contained_spheres_are_empty_resolved ... ok
test intersections::sphere_cylinder::tests::noncanonical_operands_are_explicit_unsupported_regions ... ok
test intersections::sphere_cylinder::tests::zero_circle_configurations_resolve_empty ... ok
test intersections::sphere_sphere::tests::rotated_translated_spheres_keep_exact_circle ... ok
test imprint_pipeline::tests::concave_prism_selected_outer_round_has_analytic_volume ... ok
test intersections::sphere_sphere::tests::separate_spheres_are_empty_resolved ... ok
test intersections::sphere_sphere::tests::external_tangency_band_stays_unresolved ... ok
test intersections::sphere_sphere::tests::internal_tangency_band_stays_unresolved ... ok
test intersections::sphere_sphere::tests::noncanonical_surfaces_are_explicit_unsupported_regions ... ok
test intersections::sphere_torus::tests::generic_height_pair_matches_the_meridian_oracle ... ok
test intersections::sphere_torus::tests::equator_symmetric_pair_matches_the_circle_circle_oracle ... ok
test intersections::sphere_torus::tests::clearly_off_axis_pairs_are_unsupported_regions ... ok
test intersections::sphere_torus::tests::near_axial_offset_within_the_band_stays_unresolved ... ok
test intersections::tests::affine_clipping_preserves_shear_and_single_corner_contacts ... ok
test intersections::sphere_torus::tests::off_center_sphere_yields_two_distinct_circles ... ok
test intersections::tests::affine_patch_sections_and_curve_surface_clipping ... ok
test intersections::tests::c0_knot_curve_curve_crossing_resolves_with_one_sided_jets ... ok
test intersections::tests::c0_knot_plane_crossing_resolves_with_one_sided_jets ... ok
test intersections::tests::coincident_backtracking_curve_keeps_disconnected_parameter_intervals ... ok
test intersections::tests::c0_knot_ruled_surface_crossing_resolves_with_one_sided_jets ... ok
test intersections::tests::coincident_collinear_segments_clip_both_trim_intervals ... ok
test intersections::tests::coplanar_curve_is_clipped_to_affine_surface_domain ... ok
test intersections::tests::coplanar_affine_pairs_keep_area_edge_and_point_dimensions ... ok
test intersections::tests::crossing_lines_resolve_one_transverse_point ... ok
test intersections::tests::curve_budget_admits_later_span_endpoint_before_deep_refinement ... ok
test intersections::tests::curve_curve_rejects_non_3d_and_invalid_options ... ok
test intersections::tests::coplanar_pair_correspondence_survives_swap_uv_reversal_and_knot_scaling ... ok
test intersections::tests::curve_plane_roots_are_invariant_under_extreme_equation_scaling ... ok
test intersections::tests::curve_endpoints_own_contacts_at_all_four_patch_corners ... ok
test intersections::tests::curved_full_coincidence_reports_both_domains_under_knot_shift ... ok
test intersections::tests::domain_end_root_is_owned_exactly_once_across_queries ... ok
test intersections::tests::disconnected_ruling_knot_is_rejected_before_sectioning ... ok
test intersections::tests::dyadic_boundary_root_is_reported_once_at_the_exact_parameter ... ok
test intersections::tests::dyadic_boundary_ruled_surface_root_is_reported_once ... ok
test intersections::tests::dyadic_boundary_curve_curve_root_is_reported_once ... ok
test intersections::tests::finite_curve_segment_queries_keep_parameters_and_refusals ... ok
test intersections::tests::finite_affine_surface_pair_retains_both_parameterizations ... ok
test intersections::tests::full_sweep_over_knot_dyadic_and_domain_end_roots_has_no_dupes_or_misses ... ok
test intersections::tests::indeterminate_interval_arithmetic_never_proves_a_sign ... ok
test intersections::tests::internal_knot_crossing_is_reported_once ... ok
test intersections::tests::invalid_inputs_and_unsupported_surfaces_remain_explicit ... ok
test intersections::tests::iso_v_coincidence_reports_overlap_in_both_orientations ... ok
test intersections::tests::iso_v_overlap_carries_affine_u_correspondence ... ok
test intersections::tests::frustum_sections_and_incomplete_boundary_bands_are_distinguished ... ok
test intersections::tests::knot_shift_scale_and_weight_scaling_leave_geometry_invariant ... ok
test intersections::tests::knot_refinement_preserves_linear_u_section_support ... ok
test intersections::tests::line_through_ruled_plane_resolves_exact_parameters ... ok
test intersections::tests::line_pierces_ruled_cylinder_twice_at_known_parameters ... ok
test intersections::sphere_torus::tests::rotated_translated_placement_keeps_the_exact_circles ... ok
test intersections::sphere_torus::tests::zero_circle_configurations_resolve_empty ... ok
test intersections::tests::multispan_uv_diagonal_joins_identical_polynomial_endpoints ... ok
test intersections::tests::multispan_ruled_conversion_preserves_seams_and_parameterization ... ok
test intersections::sphere_torus::tests::inner_equator_tangency_stays_a_tangency_region ... ok
test intersections::tests::nearby_roots_are_not_merged_and_curve_edits_preserve_intersections ... ok
test intersections::tests::near_closed_seam_keeps_duplicates_behind_unresolved_bands ... ok
test intersections::tests::operand_swap_maps_event_parameters ... ok
test intersections::tests::parallel_disjoint_and_skew_pairs_are_empty_and_resolved ... ok
test intersections::tests::plane_normalization_preserves_extreme_equivalent_equations ... ok
test intersections::tests::proportional_ruling_weights_retain_generator_sections ... ok
test intersections::tests::quadratic_coincident_clipping_uses_original_nonlinear_parameters ... ok
test intersections::tests::rational_arc_plane_query_retains_curve_parameters ... ok
test intersections::tests::rational_arc_segment_query_preserves_reversed_segment_correspondence ... ok
test intersections::sphere_torus::tests::outer_equator_internal_tangency_stays_a_tangency_region ... ok
test intersections::tests::rational_linear_overlap_clipping_inverts_weights_and_keeps_endpoint_contacts ... ok
test intersections::tests::rational_quarter_circle_crosses_diagonal_line ... ok
test intersections::tests::residual_construction_cancellation_cannot_authorize_a_ruled_trace ... ok
test intersections::tests::roots_are_isolated_without_seed_sampling_and_residuals_are_checked ... ok
test intersections::tests::nonproportional_boundary_weights_do_not_become_generator_lines ... ok
test intersections::tests::ruled_query_invariant_under_knot_shift_scale_and_weight_scaling ... ok
test intersections::tests::ruled_query_refuses_unsupported_surfaces_and_invalid_inputs ... ok
test intersections::tests::ruled_conversion_rejects_an_interior_excursion_from_the_source_domain ... ok
test intersections::tests::ruled_query_reversal_maps_curve_parameter_and_keeps_uv ... ok
test intersections::tests::ruled_range_subdivision_admits_interior_and_boundary_but_refuses_uncertainty ... ok
test intersections::tests::multispan_uv_diagonal_preserves_fraction_and_refined_surface ... ok
test intersections::tests::missing_and_grazing_lines_are_empty_or_unresolved_never_guessed ... ok
test intersections::tests::multispan_conversion_handles_varying_boundary_weights_and_oblique_cuts ... ok
test intersections::tests::ruled_surface_budget_exhaustion_preserves_pending_boxes ... ok
test intersections::tests::ruled_cylinder_sections_preserve_exact_procedural_traces ... ok
test intersections::tests::ruling_coincidence_reports_overlap_with_lifted_uv_path ... ok
test intersections::tests::shared_endpoint_is_one_boundary_event_with_exact_parameters ... ok
test intersections::tests::shared_knot_segment_contact_has_one_parameter_event ... ok
test intersections::tests::seam_endpoint_contact_merges_to_one_canonical_event ... ok
test intersections::tests::tangencies_and_work_exhaustion_are_not_reported_as_empty ... ok
test intersections::tests::surface_budget_visits_other_spans_before_refining_difficult_branches ... ok
test intersections::tests::seam_ruling_reports_single_wrapped_overlap_with_mobius_correspondence ... ok
test intersections::tests::tight_budget_preserves_pending_parameter_regions ... ok
test intersections::tests::seam_crossing_on_closed_cylinder_reports_one_event_at_canonical_u ... ok
test intersections::tests::ruled_u_sections_preserve_source_uv_and_serialized_traces ... ok
test intersections::tests::trace_conversion_refuses_an_ambiguous_ruling_family ... ok
test intersections::tests::trace_evaluation_admits_the_whole_parameter_definition ... ok
test intersections::tests::trace_curve_conversion_preserves_reversed_fraction_on_shifted_domains ... ok
test intersections::tests::two_beziers_resolve_two_crossings_in_parameter_order ... ok
test intersections::sphere_torus::tests::noncanonical_operands_are_explicit_unsupported_regions ... ok
test intersections::tests::tangent_curves_stay_unresolved_without_a_guessed_point ... ok
test intersections::tests::unequal_ruling_weights_preserve_rational_section_parameters ... ok
test intersections::tests::tensor_uv_diagonal_conversion_preserves_spherical_geometry ... ok
test intersections::tests::vertical_cylinder_cut_is_a_retained_generator_with_root_interval ... ok
test intersections::tests::ruled_sections_convert_algebraically_to_rational_curves ... ok
test intersections::torus_torus::tests::coincident_tori_report_coincident_trim ... ok
test intersections::torus_torus::tests::generic_configuration_matches_the_meridian_oracle ... ok
test intersections::torus_torus::tests::anti_axial_second_torus_keeps_the_exact_circles ... ok
test intersections::torus_torus::tests::equal_minor_radii_pair_matches_the_oracle ... ok
test intersections::torus_torus::tests::clearly_off_axis_or_tilted_pairs_are_unsupported_regions ... ok
test intersections::torus_torus::tests::near_coaxial_bands_stay_unresolved_not_forced ... ok
test intersections::torus_torus::tests::two_circle_pair_matches_the_circle_circle_oracle ... ok
test intersections::torus_torus::tests::rotated_translated_placement_keeps_the_exact_circles ... ok
test nurbs_ss_g6::tests::bc01_planar_45_orientation_complete_line ... ok
test nurbs_ss_g6::tests::bc02_nonplanar_bump_plane_publishes_certified_curve ... ok
test miter_seams::tests::retained_circle_profile_and_station_share_budget_without_mutation ... ok
test nurbs_ss_g6::tests::bezier_le3_matrix_planar_transverse_complete_line ... ok
test nurbs_ss_g6::tests::bezier_le3_nonplanar_certified_curve_matrix ... ok
test nurbs_ss_g6::tests::bezier_le3_matrix_separated_complete_empty ... ok
test intersections::torus_torus::tests::nested_and_separate_pairs_resolve_empty ... ok
test nurbs_ss_g6::tests::degree_gt3_is_unsupported ... ok
test intersections::torus_torus::tests::external_meridian_tangency_stays_a_tangency_region ... ok
test nurbs_ss_g6::tests::ep01_elevated_planar_times_bicubic_complete_line ... ok
test nurbs_ss_g6::tests::bezier_le3_solid_boolean_refuses_any_out_of_matrix_face ... ok
test nurbs_ss_g6::tests::ep02_two_elevated_planar_transverse ... ok
test intersections::torus_torus::tests::internal_meridian_tangency_stays_a_tangency_region ... ok
test nurbs_ss_g6::tests::aggregate_certificate_mutations_revoke_authority ... ok
test nurbs_ss_g6::tests::g6_never_permits_topology_change ... ok
test nurbs_ss_g6::tests::ep03_containment_remains_unavailable ... ok
test nurbs_ss_g6::tests::exact_iso_u_v_degree_2_3_survive_affine_transform ... ok
test nurbs_ss_g6::tests::is_bezier_le3_positive_accepts_mixed_degrees ... ok
test nurbs_ss_g6::tests::iso_certificate_mutations_revoke_authority ... ok
test intersections::torus_torus::tests::noncanonical_operands_are_explicit_unsupported_regions ... ok
test nurbs_ss_g6::tests::iso_certifier_refuses_rational_periodic_multispan_boundary_corner_and_nonunique ... ok
test nurbs_ss_g6::tests::multispan_decomposition_covers_2x1_1x2_and_2x2 ... ok
test nurbs_ss_g6::tests::multispan_ambiguity_coincidence_resource_and_certificate_mutations_refuse ... ok
test nurbs_ss_g6::tests::multispan_fragment_permutation_is_deterministic ... ok
test nurbs_ss_g6::tests::multispan_internal_knot_has_one_half_open_owner ... ok
test nurbs_ss_g6::tests::multispan_two_disjoint_branches_join_across_knot_boundaries ... ok
test nurbs_ss_g6::tests::nonplanar_bump_may_complete_or_typed_refuse ... ok
test nurbs_ss_g6::tests::multispan_v_reversal_rational_weights_and_rigid_transform ... ok
test nurbs_ss_g6::tests::nurbs_boolean_imprint_on_planar_transverse ... ok
test nurbs_ss_g6::tests::nurbs_boolean_refuses_out_of_matrix ... ok
test nurbs_ss_g6::tests::nonplanar_contact_typed_refuses_without_curved_prism_fallback ... ok
test nurbs_ss_g6::tests::nurbs_solid_boolean_disjoint_cuboids_refuse_v2 ... ok
test nurbs_ss_g6::tests::overlapping_bicubics_refuse_without_complete ... ok
test nurbs_ss_g6::tests::periodic_bezier_le3_refuses ... ok
test nurbs_ss_g6::tests::planar_transverse_bicubics_publish_complete_line ... ok
test nurbs_ss_g6::tests::rational_weights_and_high_degree_refuse ... ok
test nurbs_ss_g6::tests::separated_bicubics_are_complete_empty ... ok
test nurbs_ss_g6::tests::tangent_and_gray_band_contacts_refuse ... ok
test nurbs_ss_g6::tests::nurbs_solid_boolean_contact_authors_topology ... ok
test nurbs_ss_g6::tests::unequal_extrusion_spans_refuse_without_stepped_fallback ... ok
test nurbs_ss_g6::tests::general_multispan_boolean_naming_is_rigid_transform_stable ... ok
test nurbs_ss_g6::tests::elevated_planar_contact_survives_transform_and_scale ... ok
test nurbs_ss_g6::tests::bezier_le3_solid_boolean_all_operations_contact ... ok
test nurbs_ss_g6::tests::v4_containment_boundary_and_reversed_difference_refuse ... ok
test analytic::tests::partial_region_revolution_sews_holes_into_common_caps ... ok
test nurbs_ss_general::tests::general_ss_branch_graph_without_graph_patch ... ok
test nurbs_step_interchange::tests::refuses_constructor_solid_export ... ok
test nurbs_step_interchange::tests::refuses_faceted ... ok
test nurbs_step_interchange::tests::refuses_manifold_solid_import ... ok
test nurbs_step_interchange::tests::refuses_orphan_surface_and_wrong_type_edge_reference ... ok
test nurbs_step_interchange::tests::refuses_oversized_payload ... ok
test nurbs_step_interchange::tests::refuses_rational_surface ... ok
test nurbs_ss_g6::tests::v3_graph_patch_transform_reflection_swap_and_refusals ... ok
test nurbs_step_interchange::tests::roundtrip_bicubic_open_face ... ok
test nurbs_step_solid::tests::freeform_cuboid_bump_roundtrip ... ok
test nurbs_step_solid::tests::a4_contained_boolean_difference_refuses_v2 ... ok
test nurbs_step_solid::tests::refuses_missing_surface_and_out_of_matrix_face ... ok
test imprint_pipeline::tests::annular_outer_round_revolves_to_exact_toroidal_faces ... ok
test nurbs_step_solid::tests::freeform_cuboid_topology_roundtrip ... ok
test nurbs_step_trimmed::tests::refuses_broken_independent_pcurve_correspondence ... ok
test nurbs_step_solid::tests::refuses_unlinked_freeform_solid_graph ... ok
test nurbs_step_trimmed::tests::refuses_solid_export_and_import ... ok
test nurbs_step_trimmed::tests::refuses_orphan_vertex_and_broken_hole_loop_type ... ok
test nurbs_ss_g6::tests::v5_weight_root_resource_tangency_and_certificate_mutations_refuse ... ok
test operations::tests::blend_records_selected_edge_replacement_lineage ... ok
test nurbs_ss_g6::tests::v4_unequal_span_and_containment_operations_are_independently_certified ... ok
test operations::tests::concave_and_holed_extrusions_use_planar_face_loops ... ok
test operations::tests::convex_profile_admission_refuses_a_same_turn_pentagram ... ok
test nurbs_ss_g6::tests::v5_rational_graph_has_homogeneous_root_denominator_and_resource_proofs ... ok
test operations::tests::box_chamfer_and_faceted_fillet_are_manifold ... ok
test operations::tests::edge_operations_reject_invalid_size_and_selection ... ok
test analytic::tests::round_solids_have_exact_rational_boundaries_and_shared_topology ... ok
test operations::tests::faceted_loft_accepts_placed_parallel_sections_and_refuses_nonparallel_ones ... ok
test operations::tests::concave_orthogonal_difference_is_supported ... ok
test operations::tests::convex_profile_extrusion_and_connected_edge_chains_are_manifold ... ok
test operations::tests::loft_world_bounds_do_not_limit_translated_local_coordinates ... ok
test operations::tests::difference_can_split_a_body_and_chained_booleans_accept_it ... ok
test nurbs_step_solid::tests::successor_roundtrips_multi_body_and_one_cavity_rows ... ok
test operations::tests::prism_draft_caps_survive_and_collapse_refuses ... ok
test operations::tests::prism_draft_zero_preserves_authored_topology ... ok
test operations::tests::faceted_loft_sweep_and_revolve_are_closed_planar_breps ... ok
test nurbs_step_trimmed::tests::roundtrip_trimmed_hole_count ... ok
test operations::tests::overlapping_box_booleans_are_closed_breps ... ok
test operations::tests::rotated_nonconvex_cap_moves_along_normal_and_refuses_oblique_sides ... ok
test operations::tests::rotated_convex_planar_booleans_use_clipped_boundaries ... ok
test operations::tests::faceted_round_primitives_are_labeled_topological_solids ... ok
test nurbs_ss_g6::tests::general_multispan_boolean_has_independent_regularized_volume_oracle ... ok
test operations::tests::separated_boolean_preserves_components_and_regularized_empty ... ok
test planar_trim::offset_tests::circle_radius_changes_and_empty_erosion ... ok
test planar_trim::offset_tests::holes_shrink_or_grow_with_material ... ok
test planar_trim::offset_tests::mixed_semicircle_rounds_outer_corners_and_erodes_to_a_circular_segment ... ok
test planar_trim::offset_tests::rectangle_round_expansion_and_sharp_erosion ... ok
test planar_trim::offset_topology_tests::erosion_can_split_a_narrow_neck ... ok
test operations::tests::rotated_nonconvex_planar_boolean_uses_bounded_arrangement ... ok
test operations::tests::topology_ids_survive_preserved_boolean_entities_and_round_trip ... ok
test planar_trim::offset_topology_tests::refuses_unresolved_and_nonfinite_offsets ... ok
test planar_trim::offset_topology_tests::expansion_merges_separate_islands ... ok
test planar_trim::tests::analytic_area_winding_and_material_left_holes ... ok
test planar_trim::offset_topology_tests::expansion_removes_small_holes ... ok
test planar_trim::tests::bounded_refusal_preserves_sources_and_does_not_snap_near_coincidence ... ok
test planar_trim::tests::circle_line_cut_retains_rational_arcs_and_semicircle_area ... ok
test nurbs_ss_g6::tests::v3_graph_patch_u_v_degree_2_3_intersection_and_difference ... ok
test planar_trim::tests::component_grouping_retains_nested_islands_and_parameter_domains ... ok
test planar_trim::tests::local_queries_preserve_world_outputs_and_refuse_insufficient_parameter_precision ... ok
test planar_trim::tests::near_coincidence_refusal_is_independent_of_translation ... ok
test planar_trim::tests::rejects_noncircular_quadratics_and_wrong_hole_orientation ... ok
test planar_trim::tests::holes_multiple_outputs_and_shared_line_subsegments ... ok
test planar_trim::tests::coincidence_tangency_and_disjoint_components_are_regularized ... ok
test planar_trim::tests::validation_rejects_endpoint_encoded_crossings_and_hole_contacts ... ok
test planar_trim::tests::rotated_translated_and_reparameterized_arrangements_keep_area_and_carriers ... ok
test predicate_evidence::tests::evidence_matrix_composes_all_independent_claims ... ok
test predicate_evidence::tests::evidence_resource_limit_is_finite ... ok
test predicate_evidence::tests::gray_band_and_context_mismatch_refuse_aggregate ... ok
test predicate_evidence::tests::positional_bound_is_scale_aware_and_translation_independent ... ok
test predicate_evidence::tests::positive_orient2d_evidence ... ok
test predicate_evidence::tests::same_side_segment_refuses_evidence ... ok
test predicate_evidence::tests::transverse_segment_gets_opposite_halfspace_evidence ... ok
test planar_trim::tests::transverse_circle_boolean_matches_independent_lens_area ... ok
test ray_parity::tests::cube_inside_outside_and_boundary ... ok
test planar_trim::offset_topology_tests::twenty_successive_offsets_preserve_the_circle ... ok
test ray_parity::tests::exhausted_budget_and_edge_hits_do_not_return_a_parity ... ok
test ray_parity::tests::point_retry_budget_and_boundary_origins_remain_unresolved ... ok
test ray_parity::tests::profile_hole_changes_ray_parity ... ok
test ray_parity::tests::rational_sphere_uses_complete_trimmed_crossings ... ok
test self_intersection::tests::collapsed_chart_never_passes_combined_proof ... ok
test self_intersection::tests::cube_requires_both_face_and_pair_proofs ... ok
test self_intersection::tests::injective_faces_with_an_interior_contact_do_not_pass ... ok
test shared_boundary::monotone_coordinate::tests::curved_shared_edge_requires_sync_and_strict_opposite_controls ... ok
test shared_boundary::tests::adjacent_cylinder_sides_use_exact_authored_axis_planes ... ok
test shared_boundary::tests::brep_pair_identifies_curved_edge_without_claiming_face_validity ... ok
test ray_parity::tests::point_retries_a_boundary_hit_without_treating_it_as_outside ... ok
test operations::tests::planar_direct_edits_preserve_native_boundaries ... ok
test shared_boundary::tests::cube_only_certifies_adjacent_pairs ... ok
test shared_boundary::tests::curved_sided_patch_passes_but_fold_and_extra_plane_controls_do_not ... ok
test shared_boundary::tests::curved_faces_with_rational_curved_shared_edge_are_separated ... ok
test shared_boundary::tests::cylinder_caps_admit_curved_exact_trims_but_not_nearby_lifts ... ok
test shared_boundary::tests::straight_shared_edge_requires_exact_opposite_strict_sides ... ok
test shared_boundary::tests::sheared_translated_cube_retains_twelve_shared_boundaries ... ok
test shared_boundary::tests::topology_alone_cannot_hide_a_fold_or_shifted_boundary ... ok
test shell_distance::tests::concentric_rational_spheres_keep_a_positive_shell_gap ... ok
test shell_distance::tests::diagonal_and_touching_boxes_match_analytic_distance ... ok
test shell_distance::tests::exhausted_budget_keeps_unvisited_pairs_in_lower_bound ... ok
test operations::tests::push_nonconvex_cap_and_enclosure_preserves_floor ... ok
test shell_distance::tests::all_face_pairs_respect_a_hole_in_the_top_cap ... ok
test shell_distance::tests::separated_boxes_have_global_face_witnesses ... ok
test shell_distance::tests::nested_shells_do_not_claim_zero_volume_clearance ... ok
test nurbs_ss_g6::tests::general_multispan_boolean_authors_exact_region_operations ... ok
test shell_orientation::tests::missing_crossings_and_unresolved_rays_do_not_prove_orientation ... ok
test shell_orientation::tests::outward_and_inward_cube_and_rational_sphere ... ok
test shell_orientation::tests::trim_validity_and_face_use_are_required_for_orientation ... ok
test shell_nesting::tests::exhausted_work_does_not_assign_parents ... ok
test operations::tests::enclosed_difference_builds_an_inner_shell_and_remains_a_boolean_operand ... ok
test shell_distance::tests::deterministic_box_family_matches_independent_axis_gap_formula ... ok
test shell_relation::tests::touching_shells_cannot_be_classified_by_samples ... ok
test shell_nesting::tests::cavity_parent_matches_ownership_and_two_nested_material_bodies_do_not ... ok
test sketch::profile_tests::authored_wires_retain_analytic_geometry_and_closure ... ok
test sketch::tests::clockwise_polygon_and_negative_height_are_authored_in_rust ... ok
test sketch::tests::analytic_circle_keeps_curved_surfaces_in_workplane ... ok
test solid_audit::tests::cylinder_audits_ok ... ok
test solid_audit::tests::empty_model_audits_ok ... ok
test solid_audit::tests::missed_orientation_branch_cannot_hide_behind_closed_flag ... ok
test solid_audit::tests::cavity_orientation_mutation_refuses ... ok
test solid_audit::tests::orphan_shell_mutation_refuses_global_audit ... ok
test shell_relation::tests::nested_and_separate_shells_keep_both_parities_and_global_budget ... ok
test solid_audit::tests::sampled_edge_agreement_does_not_establish_geometric_closure ... ok
test solid_audit::tests::single_face_sphere_does_not_imply_self_intersection_proof ... ok
test operations::tests::push_boolean_partitioned_cap_moves_all_supports ... ok
test shell_relation::tests::rational_spheres_and_authored_cavity_shells_keep_nesting_evidence ... ok
test solid_audit::tests::overlapping_bodies_are_refused ... ok
test solid_audit::tests::strict_spherical_cavity_is_certified ... ok
test solid_distance::tests::separated_cylinders_keep_the_analytic_axial_gap_and_authored_witnesses ... ok
test ray_parity::tests::cavity_and_rigid_placement_preserve_material_parity ... ok
test analytic_features::tests::annular_fillet_owns_complete_rims_and_refuses_partial_arcs ... ok
test solid_distance::tests::separation_witness_evaluates_on_original_faces_and_matches_upper_bound ... ok
test sphere_boolean::tests::contained_and_disjoint_pairs_use_empty_algebra ... ok
test solid_distance::tests::unresolved_pairs_and_invalid_volume_never_publish_boundary_gap_as_solid_distance ... ok
test prism::imported_cap_tests::recognizes_trimmed_step_carriers_without_admitting_deformed_sides ... ok
test step_interchange::tests::refuse_broken_refs ... ok
test step_interchange::tests::refuse_cone_without_plane_span ... ok
test step_interchange::tests::refuse_curved_without_circle ... ok
test step_interchange::tests::refuse_cylinder_without_plane_span ... ok
test step_interchange::tests::refuse_faceted_stl_obj_missing_manifold ... ok
test step_interchange::tests::orphan_or_comment_circle_cannot_satisfy_curved_graph_gate ... ok
test step_interchange::tests::roundtrip_cuboid ... ok
test sphere_boolean::tests::tangent_and_seam_aligned_pairs_are_refused ... ok
test step_interchange::tests::roundtrip_apex_frustum ... ok
test step_interchange::tests::roundtrip_frustum ... ok
test step_interchange::tests::roundtrip_cylinder_not_aabb ... ok
test sphere_boolean::tests::small_sphere_bulging_out_of_a_big_one ... ok
test sphere_boolean::tests::overlapping_equal_spheres ... ok
test step_interchange::tests::roundtrip_sphere ... ok
test step_interchange::tests::successor_refuses_arbitrary_graph_entities ... ok
test step_interchange::tests::roundtrip_oriented_tube ... ok
test step_interchange::tests::successor_identity_units_and_metadata_loss ... ok
test step_interchange::tests::roundtrip_tube ... ok
test step_interchange::tests::successor_reordered_entities_duplicate_identity_and_nested_placement ... ok
test step_interchange::tests::roundtrip_torus ... ok
test step_interchange_v3::tests::direct_roundtrip_preserves_topology_and_identity ... ok
test step_interchange_v3::tests::imports_product_assembly_containers_with_mixed_leaf_units ... ok
test step_interchange_v3::tests::entity_reorder_preserves_digest_bound_identity ... ok
test step_interchange_v3::tests::lexer_accepts_comments_case_escapes_d_exponents_and_forward_refs ... ok
test step_interchange_v3::tests::only_representation_reachable_rigid_transform_moves_geometry ... ok
test step_interchange_v3::tests::aggregate_parser_and_graph_budgets_refuse ... ok
test step_interchange_v3::tests::periodic_analytic_surfaces_have_specific_typed_refusals ... ok
test step_interchange_v3::tests::parses_self_authored_analytic_and_conversion_fixtures ... ok
test step_interchange_v3::tests::orphan_transform_does_not_move_direct_geometry ... ok
test step_interchange_v3::tests::product_assembly_rejects_cycles_mismatched_products_and_geometry_containers ... ok
test step_interchange_v3::tests::product_assembly_frames_use_their_own_units ... ok
test step_interchange_v3::tests::v4_maps_finite_analytic_carriers_and_endpoint_point_selectors ... ok
test step_interchange_v3::tests::refuses_duplicate_missing_cycle_depth_and_unknown_reachable_geometry ... ok
test step_interchange_v3::tests::v5_orders_distinct_occurrence_transforms_and_refuses_cycle_or_ambiguity ... ok
test step_interchange_v3::tests::multiple_cavities_shared_edges_senses_and_metadata_mutation ... ok
test step_interchange_v3::tests::v5_emits_selected_ap242_context_and_roundtrips ... ok
test step_interchange_v3::tests::v5_uses_rational_complexes_and_oriented_void_shells ... ok
test step_interchange_v3::tests::v10_retains_affine_occurrence_graph_and_detects_mutation ... ok
test step_interchange_v3::tests::v5_roundtrips_rational_analytic_bodies_and_sense_combinations ... ok
test step_interchange_v3::tests::v6_applies_nonuniform_occurrence_affine_and_refuses_singular ... ok
test face_injectivity::tests::actual_spatial_miter_walls_have_bounded_injectivity_proofs ... ok
test step_interchange_v3::tests::v6_exact_and_plus_one_resource_boundaries ... ok
test operations::tests::trimmed_concave_boolean_classification_and_rotated_reuse ... ok
test step_interchange_v3::tests::v9_certifies_interior_point_inverse_and_ambiguity ... ok
test step_interchange_v3::tests::v9_roundtrips_retained_open_shell ... ok
test shell_relation::tests::rotation_swapping_and_exhaustion_preserve_the_contract ... ok
test sweep_cap_contacts::tests::retained_caps_share_budget_and_reject_changed_source_weights ... ok
test sweep_cap_contacts::tests::retained_oblique_plane_requires_exact_original_controls_and_shared_work ... ok
test solid_distance::tests::nested_material_has_zero_distance_but_cavity_keeps_its_gap ... ok
test tests::box_incidence_and_serialization ... ok
test tests::open_shell_is_not_a_body ... ok
test tests::rejects_broken_incidence_geometry_and_orientation ... ok
test shell_nesting::tests::material_island_inside_a_cavity_and_unvisited_pair_suffix ... ok
test tolerant_boolean::tests::chart_membership_on_a_box_face_and_a_sphere_patch ... ok
test tolerant_boolean::tests::chord_parameters_are_normalized_and_monotone ... ok
test sweep_retained::tests::decomposition_is_atomic_and_preserves_originals ... ok
test tolerant_boolean::tests::dense_solver_handles_pivoting_and_singularity ... ok
test tolerant_boolean::tests::disjoint_pairs_resolve_by_empty_algebra ... ok
test tolerant_boolean::tests::hull_overlap_prefilter ... ok
test tolerant_boolean::tests::interpolation_reproduces_samples_and_partitions_unity ... ok
test tolerant_boolean::tests::marching_closes_a_loop_that_stays_inside_both_faces ... ok
test solid_distance::tests::crossing_boundaries_prove_zero_without_complete_pair_enumeration ... ok
test tolerant_boolean::tests::marching_exits_through_trim_edges_with_shared_hits ... ok
test tolerant_boolean::tests::projection_and_direction_on_a_known_intersection ... ok
test step_interchange_v3::tests::v7_requires_whole_domain_boundary_identities_for_periodic_carriers ... ok
test tolerant_boolean::tests::segment_intersection_and_distance ... ok
test step_interchange_v3::tests::v8_carries_whole_domain_regularity_in_the_topology_certificate ... ok
test step_interchange_v3::tests::v6_roundtrips_certified_pole_boundaries ... ok
test transform::profile_tests::polygon_profile_admits_nonsingular_shear ... ok
test transform::profile_tests::reflected_circle_keeps_material_orientation_and_scaled_area ... ok
test transform::tests::affine_reflection_preserves_identity_and_reverses_shell_uses ... ok
test transform::tests::batch_affine_matches_individual_placements_and_refuses_invalid_inputs ... ok
test transform::tests::batch_affine_preserves_rational_cylinder_and_torus_results ... ok
test transform::tests::measure_affine_batch ... ignored, manual affine batching measurement
test transform::tests::workplane_placement_matches_authored_axes ... ok
test trim_sew::tests::certified_event_order_and_classification ... ok
test trim_sew::tests::correspondence_proof_sews_and_mutations_refuse ... ok
test trim_sew::tests::cuboid_face_outer_loop_classifies_complete ... ok
test trim_sew::tests::curve_pcurve_orientation_context_definition_and_mutations_refuse ... ok
test trim_sew::tests::cylinder_closed_edge_sew_or_typed_refuse ... ok
test trim_sew::tests::endpoint_only_exact_sew_wrapper_fails_closed ... ok
test trim_sew::tests::exact_curve_pcurve_correspondence_covers_curved_and_planar_supports ... ok
test trim_sew::tests::heal_budget_exact_boundary_accepts_and_boundary_ulp_refuses ... ok
test trim_sew::tests::heal_plan_refuses_budget_context_and_missing_lineage ... ok
test trim_sew::tests::heal_positive_endpoint_snap_returns_complete_native_certificate ... ok
test trim_sew::tests::heal_positive_one_to_one_rational_refit_is_complete ... ok
test trim_sew::tests::heal_refit_requires_exact_rational_cardinality_degree_knots_and_weights ... ok
test tolerant_boolean::tests::ray_parity_classifies_points_against_exact_solids ... ok
test trim_sew::tests::heal_refuses_unbound_stale_and_overlapping_recipes ... ok
test trim_sew::tests::sample_on_event_without_boundary_label_refuses ... ok
test trim_sew::tests::sew_duplicate_and_orientation_refuse ... ok
test trim_sew::tests::sew_gap_refuses_without_mutating_base ... ok
test trim_sew::tests::heal_transaction_cancel_rollback_and_idempotence ... ok
test uv_arrangement::tests::empty_arrangement_is_outside ... ok
test uv_arrangement::tests::freeform_empty_refuses ... ok
test uv_arrangement::tests::imprint_curves_classify_with_complete_certificate ... ok
test uv_arrangement::tests::interval_only_freeform_chart_touch_refuses_complete ... ok
test uv_arrangement::tests::lifted_uv_context_overlap_and_resource_mutations_refuse ... ok
test uv_arrangement::tests::monotone_nesting_and_multiple_holes ... ok
test uv_arrangement::tests::multispan_branch_graph_builds_global_tensor_cells ... ok
test uv_arrangement::tests::cuboid_sew_atomic_preserves_model_on_success_or_typed_refuse ... ok
test uv_arrangement::tests::non_monotone_overlap_refuses ... ok
test uv_arrangement::tests::multispan_uv_rejects_missed_crossing_resource_and_certificate_mutations ... ok
test uv_arrangement::tests::periodic_circle_arcs_close_across_lifted_seam ... ok
test uv_arrangement::tests::periodic_wrap_across_seam_expands ... ok
test uv_arrangement::tests::plane_segments_build_context_bound_dcel_and_detect_missed_branch ... ok
test uv_arrangement::tests::tensor_chart_refuses_diagonal_missed_branch_and_resource_mutations ... ok
test uv_arrangement::tests::tensor_rectangle_iso_chart_builds_bounded_dcel ... ok
test step_interchange_v3::tests::direct_more_than_32_bodies_and_metadata_free_identity ... ok
test volume_validity::tests::cube_orientation_and_exhaustion_are_independent_of_embedding ... ok
test volume_validity::tests::orientation_rejects_invalid_limits_before_admitting_geometry ... ok
test volume_validity::tests::partitioned_boolean_cavity_uses_exact_hull_boundary_contacts ... ok
test tolerant_boolean::tests::box_corner_into_a_sphere_off_axis_is_not_needed_but_works ... ok
test gear::tests::spur_gear_is_a_closed_exact_solid_with_the_expected_volume ... ok
test volume_validity::tests::sweep_boundary_proof_precedes_nesting_and_material_orientation ... ok
test volume_validity::tests::cavity_requires_inward_inner_shell_and_preserves_document ... ok
test tolerant_boolean::tests::the_public_boolean_falls_back_after_an_exact_refusal ... ok
test analytic_features::tests::enclosure_outer_round_preserves_the_open_cavity ... ok
test step_interchange_v3::tests::v6_exhausts_valid_edge_oriented_bound_face_and_void_senses ... ok
test tolerant_boolean::tests::crossing_cylinders ... ok
test solid_distance::tests::separate_touching_and_incomplete_shell_pairs_remain_distinct ... ok
test tolerant_boolean::tests::off_axis_sphere_through_a_cylinder_wall ... ok
test tolerant_boolean::tests::torus_through_a_box_corner_region ... ok
test sweep_cap_contacts::tests::corrected_spatial_cap_excludes_all_wall_interiors_with_shared_exact_work ... ok
test volume_validity::tests::periodic_hollow_miter_keeps_unproved_boundary_and_shell_roles_distinct ... ok
test step_interchange_v3::tests::v8_exhausts_all_coupled_sense_masks_with_equivalence_or_refusal ... ok
test gear::tests::internal_gear_has_a_rim_and_a_toothed_opening ... ok
test gear::tests::helical_and_herringbone_gears_match_the_sweep_within_tolerance has been running for over 60 seconds
test gear::tests::helical_and_herringbone_gears_match_the_sweep_within_tolerance ... ok
test volume_validity::tests::affine_closed_hollow_reuses_fresh_disjoint_face_proofs_for_exact_witnesses has been running for over 60 seconds
test volume_validity::tests::affine_closed_hollow_reuses_fresh_disjoint_face_proofs_for_exact_witnesses ... ok

test result: ok. 692 passed; 0 failed; 2 ignored; 0 measured; 0 filtered out; finished in 77.40s

     Running tests/arbitrary_axis_boolean.rs (crates/target/debug/build/brep-core/a03b32ff43017d5a/out/arbitrary_axis_boolean-a03b32ff43017d5a)

running 2 tests
test public_cylinder_box_through_cut_and_differing_height_intersection_work_in_arbitrary_axes ... ok
test public_cylinder_booleans_preserve_equal_heights_after_rigid_pose_and_reflection ... ok

test result: ok. 2 passed; 0 failed; 0 ignored; 0 measured; 0 filtered out; finished in 3.23s

     Running tests/curved_boolean_audit.rs (crates/target/debug/build/brep-core/8f9ca83282d85762/out/curved_boolean_audit-8f9ca83282d85762)

running 4 tests
test near_coincident_curved_boundaries_fail_explicitly_without_mutating_inputs ... ok
test decoded_curved_union_can_be_reused_as_a_boolean_operand ... ok
test contained_disk_and_tube_cuts_preserve_hole_topology ... ok
test unequal_radius_transverse_circle_booleans_match_analytic_lenses ... ok

test result: ok. 4 passed; 0 failed; 0 ignored; 0 measured; 0 filtered out; finished in 4.92s

     Running tests/guided_loft_step.rs (crates/target/debug/build/brep-core/93cdb43d6c113d0f/out/guided_loft_step-93cdb43d6c113d0f)

running 3 tests
test guided_loft_retains_curved_boundaries_and_jets_through_step_v9 ... ok
test closed_loft_step_retains_shared_seam_and_cyclic_jets ... ok
test rational_and_multiple_guide_step_matrix ... ok

test result: ok. 3 passed; 0 failed; 0 ignored; 0 measured; 0 filtered out; finished in 0.07s

     Running tests/identity_decode.rs (crates/target/debug/build/brep-core/674cd3e284dc7895/out/identity_decode-674cd3e284dc7895)

running 4 tests
test owned_decode_preserves_non_object_refusal ... ok
test partial_supplied_identity_tables_are_not_silently_replaced ... ok
test missing_identity_tables_are_generated_only_after_safe_validation ... ok
test canonical_ids_and_change_set_round_trip_while_legacy_ids_require_migration ... ok

test result: ok. 4 passed; 0 failed; 0 ignored; 0 measured; 0 filtered out; finished in 0.01s

     Running tests/mass_properties_audit.rs (crates/target/debug/build/brep-core/d06e1fb2a91e289b/out/mass_properties_audit-d06e1fb2a91e289b)

running 3 tests
test green_quadrature_does_not_skip_narrow_surface_v_knot_spans ... ok
test rational_trim_knot_crossings_preserve_sphere_mass ... ok
test rational_weight_concentration_cannot_falsely_report_converged_volume ... ok

test result: ok. 3 passed; 0 failed; 0 ignored; 0 measured; 0 filtered out; finished in 14.64s

     Running tests/nonplanar_loft_caps.rs (crates/target/debug/build/brep-core/803fdefda0869bb9/out/nonplanar_loft_caps-803fdefda0869bb9)

running 3 tests
test whole_loft_embedding_checks_faces_and_all_pairs_and_preserves_budget_refusal ... ok
test nonplanar_caps_retain_world_boundaries_and_step_carriers ... ok
test globally_crossing_side_with_retained_seams_cannot_pass_embedding ... ok

test result: ok. 3 passed; 0 failed; 0 ignored; 0 measured; 0 filtered out; finished in 0.65s

     Running tests/planar_edit_review.rs (crates/target/debug/build/brep-core/f5952d1c0d1c6477/out/planar_edit_review-f5952d1c0d1c6477)

running 3 tests
test shell_rejects_a_cavity_wholly_outside_the_original_body ... ok
test shell_accepts_a_thick_single_wall_with_positive_cavity ... ok
test cylinder_cap_push_preserves_circles_and_opposite_cap_under_placement ... ok

test result: ok. 3 passed; 0 failed; 0 ignored; 0 measured; 0 filtered out; finished in 0.18s

     Running tests/prism.rs (crates/target/debug/build/brep-core/318237acfb462942/out/prism-318237acfb462942)

running 6 tests
test input_resource_and_orientation_contracts_are_explicit ... ok
test recognizer_rejects_deformed_nets_and_trim_geometry_despite_loose_validation_tolerance ... ok
test recognizer_proves_existing_primitives_and_translations ... ok
test knot_domains_and_rational_line_parameterization_are_retained ... ok
test circular_holes_preserve_curves_and_exact_mass ... ok
test unordered_nested_islands_and_disconnected_outers_form_correct_bodies ... ok

test result: ok. 6 passed; 0 failed; 0 ignored; 0 measured; 0 filtered out; finished in 0.88s

     Running tests/prism_frame.rs (crates/target/debug/build/brep-core/ea88c513dc3339fc/out/prism_frame-ea88c513dc3339fc)

running 4 tests
test malformed_frames_and_empty_operands_are_explicit ... ok
test holes_and_disconnected_prismatic_operands_share_rigid_frame ... ok
test nonparallel_prisms_tapers_and_authored_distortions_above_bound_are_refused ... ok
test arbitrary_axis_prisms_localize_and_restore_with_inherited_ids ... ok

test result: ok. 4 passed; 0 failed; 0 ignored; 0 measured; 0 filtered out; finished in 0.25s

     Running tests/prism_intervals.rs (crates/target/debug/build/brep-core/7316f5047d4290c4/out/prism_intervals-7316f5047d4290c4)

running 5 tests
test annular_profiles_keep_holes_in_both_interval_components ... ok
test rotated_interval_components_preserve_volume_and_outward_orientation ... ok
test interval_subtraction_covers_empty_one_and_two_surviving_bodies ... ok
test disjoint_profile_difference_is_identity_and_genuine_steps_have_native_boundaries ... ok
test equal_profile_xor_and_union_regularize_touching_cap_intervals ... ok

test result: ok. 5 passed; 0 failed; 0 ignored; 0 measured; 0 filtered out; finished in 4.28s

     Running tests/rational_section_loft.rs (crates/target/debug/build/brep-core/5b98eace8dac63c3/out/rational_section_loft-5b98eace8dac63c3)

running 9 tests
test invalid_holes_joins_correspondence_and_nonplanar_caps_refuse ... ok
test rational_hollow_loft_keeps_curved_walls_caps_and_shared_edges ... ok
test retained_hollow_rational_loft_step_roundtrip_preserves_topology_and_surfaces ... ok
test natural_capped_loft_step_roundtrip_and_independent_fixture ... ok
test rational_topology_supports_more_than_sixteen_sections_without_refit ... ok
test capped_supplied_loft_patches_share_full_curved_seams ... ok
test reverse_travel_keeps_consistent_outward_shell_senses ... ok
test natural_capped_loft_interpolates_middle_section_and_curved_shared_seams ... ok
test differing_section_weights_retain_rational_sections_and_closed_topology ... ok

test result: ok. 9 passed; 0 failed; 0 ignored; 0 measured; 0 filtered out; finished in 1.78s

     Running tests/regularized_boolean.rs (crates/target/debug/build/brep-core/26ed7ca4ddfc0a72/out/regularized_boolean-26ed7ca4ddfc0a72)

running 5 tests
test fully_removed_and_contact_only_planar_regions_are_empty ... ok
test disjoint_curved_shells_keep_independent_topology_and_geometry ... ok
test prismatic_holes_and_z_overlap_keep_exact_round_sections ... ok
test empty_and_identical_operands_obey_regularized_set_identities ... ok
test circle_circle_and_circle_line_csg_retains_curved_carriers ... ok

test result: ok. 5 passed; 0 failed; 0 ignored; 0 measured; 0 filtered out; finished in 2.54s

     Running tests/stepped_prism.rs (crates/target/debug/build/brep-core/8cb0d1cc45793922/out/stepped_prism-8cb0d1cc45793922)

running 8 tests
test unresolved_slabs_and_nonprismatic_curves_refuse_without_changing_operands ... ok
test reversed_outer_inner_shell_roles_are_refused_on_reuse ... ok
test transverse_step_reuses_with_a_different_footprint_after_roundtrip ... ok
test unequal_footprints_meeting_on_a_cap_regularize_without_an_internal_face ... ok
test enclosed_cavity_and_annular_steps_keep_shell_and_hole_ownership ... ok
test circle_line_steps_preserve_analytic_carrier_and_regularized_empty ... ok
test blind_circular_pocket_has_real_step_caps_and_reuses_after_roundtrip ... ok
test unequal_height_transverse_circles_cover_all_four_operations ... ok

test result: ok. 8 passed; 0 failed; 0 ignored; 0 measured; 0 filtered out; finished in 7.17s

     Running tests/stepped_prism_frame.rs (crates/target/debug/build/brep-core/b76d31f242803289/out/stepped_prism_frame-b76d31f242803289)

running 2 tests
test layered_localization_refuses_authored_control_net_distortion_above_roundoff ... ok
test rotated_and_reflected_stepped_results_support_roundtrip_and_further_booleans ... ok

test result: ok. 2 passed; 0 failed; 0 ignored; 0 measured; 0 filtered out; finished in 7.96s

     Running tests/tolerant_ssi.rs (crates/target/debug/build/brep-core/14bd265913af76af/out/tolerant_ssi-14bd265913af76af)

running 14 tests
test an_operand_vertex_on_the_other_surface_is_refused_not_guessed ... ok
test degenerate_contacts_are_refused_explicitly ... ok
test tolerance_is_stated_bounded_and_honest ... ok
test short_cylinder_with_a_wall_sphere_as_in_the_solid_workspace ... ok
test containment_and_separation_through_the_tolerant_path ... ok
test crossing_cylinders_of_different_radii ... ok
test torus_through_a_box ... ok
test thin_cylinder_drilled_through_a_sphere_changes_genus ... ok
test off_axis_sphere_in_a_cylinder_wall ... ok
test a_wide_sphere_cuts_a_cylinder_into_two_stubs ... ok
test results_chain_into_further_booleans ... ok
test many_placements_never_panic_and_always_validate_or_refuse has been running for over 60 seconds
test operand_order_and_rigid_motion_do_not_change_volumes has been running for over 60 seconds
test tolerant_path_agrees_with_exact_families has been running for over 60 seconds
test tolerant_path_agrees_with_exact_families ... ok
test operand_order_and_rigid_motion_do_not_change_volumes ... ok
test many_placements_never_panic_and_always_validate_or_refuse ... ok

test result: ok. 14 passed; 0 failed; 0 ignored; 0 measured; 0 filtered out; finished in 154.06s

     Running tests/topology_identity.rs (crates/target/debug/build/brep-core/6f5987d5dde87b52/out/topology_identity-6f5987d5dde87b52)

running 15 tests
test degenerate_flag_participates_in_edge_identity ... ok
test matching_boundaries_do_not_make_distinct_support_surfaces_identical ... ok
test reindexing_and_cyclic_loop_rotation_preserve_geometry_identities ... ok
test every_rational_curve_definition_contributes_to_edge_identity ... ok
test material_inside_a_hole_has_no_face_lineage_from_the_surrounding_cap ... ok
test cone_apex_lineage_does_not_false_persist_across_height_change ... ok
test nearby_coordinates_are_not_rounded_into_the_same_authored_entity ... ok
test sphere_ordinary_poles_survive_reindex_without_degenerate_edges ... ok
test an_added_hole_changes_cap_identity_but_preserves_unchanged_walls ... ok
test concave_collinear_contours_use_material_overlap_instead_of_centroids ... ok
test cone_apex_edge_and_vertex_ids_survive_reindex ... ok
test torus_shared_seam_edge_ids_stable_under_cyclic_rotation ... ok
test revolve_axis_touching_profile_poles_survive_reindex ... ok
test tube_inner_and_outer_walls_keep_distinct_face_identities ... ok
test frozen_constructor_matrix_validates_and_has_stable_identity_cardinality ... ok

test result: ok. 15 passed; 0 failed; 0 ignored; 0 measured; 0 filtered out; finished in 0.12s

     Running tests/topology_transactions.rs (crates/target/debug/build/brep-core/0afdb801c96ad31e/out/topology_transactions-0afdb801c96ad31e)

running 7 tests
test retained_kernel_validation_rejects_bad_geometry_without_changing_store ... ok
test cancelled_publication_preserves_redo_and_skips_checks_for_stale_edits ... ok
test canonical_empty_survives_transaction_persistence_and_history_without_stale_ids ... ok
test analytic_history_preserves_rational_weights_poles_and_identity_bits ... ok
test full_model_boolean_transaction_preserves_geometry_and_identity_through_history ... ok
test model_history_roundtrip_restores_both_stacks_with_fresh_transaction_identity ... ok
test versioned_snapshot_roundtrip_preserves_identity_and_rejects_corruption ... ok

test result: ok. 7 passed; 0 failed; 0 ignored; 0 measured; 0 filtered out; finished in 0.20s

     Running tests/validation_sampler.rs (crates/target/debug/build/brep-core/cf9de0d72b53e04f/out/validation_sampler-cf9de0d72b53e04f)

running 3 tests
test validation_still_rejects_bad_surface_weights_and_changed_geometry ... ok
test pole_and_closed_analytic_faces_remain_valid ... ok
test validated_face_sampling_matches_checked_evaluation_at_every_coedge_sample ... ok

test result: ok. 3 passed; 0 failed; 0 ignored; 0 measured; 0 filtered out; finished in 1.30s

     Running unittests src/lib.rs (crates/target/debug/build/brep-topology/301751f665d2dac5/out/brep_topology-301751f665d2dac5)

running 12 tests
test tests::prepared_state_cannot_substitute_its_admission_policy ... ok
test tests::closed_shell_requires_two_opposite_uses ... ok
test tests::broken_reference_is_a_typed_error ... ok
test persistent_naming::tests::canonical_ids_are_strict_and_legacy_requires_migration ... ok
test tests::no_geometry_kernel_required ... ok
test persistent_naming::tests::change_sets_enforce_existence_cardinality_and_dag ... ok
test tests::bodies_cannot_reference_open_shells ... ok
test tests::revision_exhaustion_never_wraps_or_publishes_candidate ... ok
test tests::restored_history_cannot_change_owner_admission_policy ... ok
test tests::conflicting_legacy_and_context_tolerances_are_rejected ... ok
test tests::legacy_tolerance_migrates_to_versioned_context ... ok
test tests::history_is_bounded_and_branching_invalidates_redo ... ok

test result: ok. 12 passed; 0 failed; 0 ignored; 0 measured; 0 filtered out; finished in 0.00s

     Running tests/exact_vertices.rs (crates/target/debug/build/brep-topology/40eeaf43e71e8d09/out/exact_vertices-40eeaf43e71e8d09)

running 1 test
test intersection_contour_retains_exact_vertices_in_indexed_topology ... ok

test result: ok. 1 passed; 0 failed; 0 ignored; 0 measured; 0 filtered out; finished in 0.02s

     Running tests/incremental_revalidation.rs (crates/target/debug/build/brep-topology/649207fd328b4c45/out/incremental_revalidation-649207fd328b4c45)

running 1 test
test incremental_revalidation_matches_full_validation ... ok

test result: ok. 1 passed; 0 failed; 0 ignored; 0 measured; 0 filtered out; finished in 0.42s

     Running unittests src/lib.rs (crates/target/debug/build/cad-predicates/fe4c3e9c5bffce7c/out/cad_predicates-fe4c3e9c5bffce7c)

running 22 tests
test tests::admission_preserves_source_and_context_identity ... ok
test tests::identical_expansion_subtraction_is_exact_and_still_charged ... ok
test bezier_identity::tests::identical_authored_controls_keep_cancellation_deadline_and_positive_weight_obligations ... ok
test tests::ordinary_sign_zero_and_handedness_use_authored_bits ... ok
test tests::cancelling_products_keep_the_roundoff_component ... ok
test bezier_identity::tests::exhausted_budget_and_nonpositive_weights_never_certify ... ok
test bezier_identity::tests::degree_elevation_and_weight_scaling_are_exact ... ok
test bezier_composition_identity::tests::missing_weights_and_work_do_not_establish_identity ... ok
test tests::residual_classification_requires_matching_enclosure_and_respects_gray_band ... ok
test tests::rational_denominators_do_not_become_rounded_input_leaves ... ok
test bezier_identity::tests::rational_quadratic_and_cubic_identity_uses_all_coordinates ... ok
test bezier_strip_jets::tests::exact_linear_second_jets_and_one_ulp_difference ... ok
test tests::work_cancellation_deadline_and_expansion_capacity_fail_explicitly ... ok
test tests::uniform_extreme_exponents_can_normalize_but_unsafe_products_refuse ... ok
test tests::serialized_tolerance_identity_cannot_be_substituted ... ok
test bezier_composition_identity::tests::reduced_power_degrees_compare_missing_coefficients_as_zero ... ok
test tests::portable_tolerance_identity_round_trips_and_detects_policy_changes ... ok
test bezier_composition_identity::tests::rational_surface_weights_participate_in_the_exact_composition ... ok
test bezier_strip_jets::tests::rational_seam_weights_scale_and_second_order_mismatch ... ok
test projective_strip_jets::conic_tests::canonical_relation_agrees_with_the_general_projective_predicate ... ok
test projective_strip_jets::conic_tests::tiny_second_jet_damage_and_varying_weights_are_not_promoted ... ok
test bezier_composition_identity::tests::diagonal_graph_composition_is_exact_for_polynomial_and_rational_pcurves ... ok

test result: ok. 22 passed; 0 failed; 0 ignored; 0 measured; 0 filtered out; finished in 0.00s

     Running tests/construction3_recipes.rs (crates/target/debug/build/cad-predicates/e2a6983dc000a871/out/construction3_recipes-e2a6983dc000a871)

running 23 tests
test empty_batches_observe_cancellation_and_deadlines ... ok
test coplanar_query_distinguishes_off_plane_degeneracy_and_resource_failure ... ok
test exact_degenerate_parallel_and_contained_classification ... ok
test graph_replay_rebinds_verified_source_and_rejects_structural_or_value_tampering ... ok
test coplanar_endpoint_replay_retains_exact_coordinates ... ok
test point_triangle_reports_all_features_and_exact_off_plane_sign ... ok
test finite_domain_uses_exact_boundary_signs_not_enclosure_centers_or_tolerance ... ok
test exact_point_order_deduplicates_recipes_without_merging_rounded_neighbors ... ok
test batch_replay_is_atomic_and_uses_one_budget ... ok
test portable_graph_preserves_shared_dependencies_and_authored_rationals ... ok
test singleton_overlap_endpoints_are_exactly_equal_and_context_checked ... ok
test binary_recipe_roundtrip_replays_exactly_and_rejects_every_truncation ... ok
test unified_query_never_publishes_partial_geometry_when_work_expires ... ok
test unified_segment_triangle_covers_crossing_coplanar_empty_and_degenerate_cases ... ok
test coplanar_face_contacts_reduce_to_point_or_segment_without_duplicate_vertices ... ok
test triangle_pair_assembles_exact_shared_segments_contacts_and_explicit_coplanarity ... ok
test retained_third_and_nested_plane_inputs_preserve_exact_zero ... ok
test closed_domains_classify_every_triangle_feature_and_segment_boundary ... ok
test overlap_endpoint_recipes_survive_source_handle_drop_and_enforce_depth_limit ... ok
test coplanar_hexagon_is_canonical_convex_and_exact_in_every_projection ... ok
test affine_rational_oracle_checks_coordinates_parameters_and_incidence ... ok
test rational_polygon_matrix_matches_independent_sequential_clipping ... ok
test coplanar_clipping_matches_boundary_enumeration_under_affine_placements ... ok

test result: ok. 23 passed; 0 failed; 0 ignored; 0 measured; 0 filtered out; finished in 0.70s

     Running tests/construction_recipes.rs (crates/target/debug/build/cad-predicates/ca96a905c723a29c/out/construction_recipes-ca96a905c723a29c)

running 12 tests
test nearly_parallel_lines_are_not_coerced_to_parallel_or_coincident ... ok
test construction_and_followup_enforce_context_budget_cancellation_and_error_bounds ... ok
test constructed_one_third_is_not_its_rounded_center ... ok
test broad_binary_exponent_spans_preserve_the_unreduced_exact_path ... ok
test constructed_endpoints_detect_exact_degeneracy_and_validate_before_cancel ... ok
test all_constructed_orientation_permutations_preserve_exact_incidence ... ok
test endpoint_order_and_affine_placement_preserve_exact_intersection ... ok
test diamond_dag_shares_ancestors_without_exponential_evaluation_or_debug_output ... ok
test construction_chains_keep_exact_recipes_and_refuse_the_depth_boundary_atomically ... ok
test rational_line_matrix_matches_separate_affine_oracle_and_parameter_correspondence ... ok
test nested_general_intersections_match_the_separate_rational_oracle ... ok
test combined_graph_node_cap_counts_unique_dependencies_and_preserves_inputs ... ok

test result: ok. 12 passed; 0 failed; 0 ignored; 0 measured; 0 filtered out; finished in 0.06s

     Running tests/independent_oracle.rs (crates/target/debug/build/cad-predicates/02e9f826fe55271d/out/independent_oracle-02e9f826fe55271d)

running 10 tests
test foreign_arena_references_are_rejected_even_with_equal_source_labels ... ok
test missing_or_foreign_residual_evidence_never_becomes_a_model_decision ... ok
test invalid_tolerance_profiles_do_not_create_contexts ... ok
test distance_rejects_wrong_dimensions_and_negative_radius_without_coercion ... ok
test authentic_leaf_admission_rejects_nonfinite_noncanonical_and_out_of_range_inputs ... ok
test context_identity_tracks_source_revision_bits_and_tolerance_policy ... ok
test finite_work_precision_cancel_and_deadline_bounds_fail_explicitly ... ok
test residual_evidence_that_exceeds_the_entity_error_cap_is_refused ... ok
test model_classification_uses_proven_enclosures_and_keeps_thresholds_indeterminate ... ok
test native_signs_match_independent_rational_candidate_corpus ... ok

test result: ok. 10 passed; 0 failed; 0 ignored; 0 measured; 0 filtered out; finished in 0.00s

     Running unittests src/lib.rs (crates/target/debug/build/compute-core/d75940adf144f535/out/compute_core-d75940adf144f535)

running 14 tests
test tensor::attention::tests::split_key_schedule_bounds_workspace_and_respects_cutoffs ... ok
test matrix::kernels::tests::measured_policy_respects_alignment_bounds_and_regression_cases ... ok
test tensor::scatter_kernels::tests::uint_scatter_specialization_validates ... ok
test tensor::kernels::tests::uint_reduction_specialization_validates ... ok
test tensor::low::kernels::tests::packed_reduction_specialization_validates ... ok
test kernel::contract::tests::reflection_validates_entry_point_and_used_buffer_contract_without_gpu ... ok
test tensor::low::scatter_source::tests::packed_scatter_specializations_validate ... ok
test tensor::index_kernels::tests::integer_specializations_validate ... ok
test tensor::low::index_sources::tests::packed_index_specializations_validate ... ok
test tensor::convolution::tests::convolution_specializations_validate ... ok
test tensor::low::attention_source::tests::packed_attention_specialization_validates ... ok
test tensor::low::statistics_sources::tests::packed_statistics_specializations_validate ... ok
test readback::tests::typed_wait_preserves_pending_results_after_timeout ... ok
test tensor::low::attention_source::tests::guarded_f16_attention_loader_preserves_every_finite_pattern ... ok

test result: ok. 14 passed; 0 failed; 0 ignored; 0 measured; 0 filtered out; finished in 0.18s

     Running tests/batch.rs (crates/target/debug/build/compute-core/c6ba16e1cf539a51/out/batch-c6ba16e1cf539a51)

running 1 test
test shared_pass_orders_reused_outputs_scan_and_reduction ... ok

test result: ok. 1 passed; 0 failed; 0 ignored; 0 measured; 0 filtered out; finished in 0.07s

     Running tests/binary64.rs (crates/target/debug/build/compute-core/35ec8bdb422870da/out/binary64-35ec8bdb422870da)

running 3 tests
test binary64_wgsl_validates_without_float_arithmetic ... ok
test native_gpu_binary64_matches_cpu_bits_for_basic_arithmetic ... ok
test native_gpu_software_binary64_tensor_contract ... ok

test result: ok. 3 passed; 0 failed; 0 ignored; 0 measured; 0 filtered out; finished in 0.13s

     Running tests/contracts.rs (crates/target/debug/build/compute-core/2eb284bc1fbdc5c3/out/contracts-2eb284bc1fbdc5c3)

running 4 tests
test reflected_bindings_reject_errors_before_recording_and_remain_usable ... ok
test one_bind_group_remains_compatible_across_entry_points_using_different_slots ... ok
test actual_workgroup_size_covers_all_elements_without_a_tuning_anchor ... ok
test cache_keys_use_compiled_contract_and_eviction_preserves_live_kernels ... ok

test result: ok. 4 passed; 0 failed; 0 ignored; 0 measured; 0 filtered out; finished in 0.04s

     Running tests/dot.rs (crates/target/debug/build/compute-core/82cf47f4b22cc001/out/dot-82cf47f4b22cc001)

running 4 tests
test fused_dot_preserves_runtime_send_sync ... ok
test dot_into_reuses_scalar_prefix_and_preserves_queued_results ... ok
test dot_validation_is_atomic_and_scalar_broadcast_is_not_implicit ... ok
test dot_matches_f64_for_tails_large_inputs_signs_and_dynamic_range ... ok

test result: ok. 4 passed; 0 failed; 0 ignored; 0 measured; 0 filtered out; finished in 0.23s

     Running tests/evaluation.rs (crates/target/debug/build/compute-core/88e5a982a2e9528b/out/evaluation-88e5a982a2e9528b)

running 1 test
test evaluate_fences_producers_and_validates_every_owner ... ok

test result: ok. 1 passed; 0 failed; 0 ignored; 0 measured; 0 filtered out; finished in 0.14s

     Running tests/fused_sum.rs (crates/target/debug/build/compute-core/5116654d67209cd6/out/fused_sum-5116654d67209cd6)

running 4 tests
test constant_and_broadcast_sums_reuse_outputs_and_reset_empty_results ... ok
test invalid_sum_bindings_and_predicates_do_not_append_work ... ok
test predicates_select_values_and_fuse_conditional_sums_for_all_comparisons ... ok
test fused_map_sum_matches_f64_across_empty_partial_and_large_inputs ... ok

test result: ok. 4 passed; 0 failed; 0 ignored; 0 measured; 0 filtered out; finished in 0.15s

     Running tests/fusion.rs (crates/target/debug/build/compute-core/615699750714435d/out/fusion-615699750714435d)

running 6 tests
test compilation_and_execution_reject_wrong_graph_or_device_and_binding_overflow ... ok
test branches_share_expressions_and_prune_dead_nodes_before_caching ... ok
test constant_only_empty_and_scalar_expressions_have_defined_results ... ok
test invalid_binding_calls_leave_the_prepared_program_usable ... ok
test generated_operations_and_broadcast_order_match_cpu ... ok
test grid_stride_writes_tail_above_the_workgroup_dispatch_limit ... ok

test result: ok. 6 passed; 0 failed; 0 ignored; 0 measured; 0 filtered out; finished in 0.24s

     Running tests/fusion_contract.rs (crates/target/debug/build/compute-core/c94226a0a151bfcb/out/fusion_contract-c94226a0a151bfcb)

running 4 tests
test graph_rejects_foreign_handles_even_when_node_indices_match ... ok
test graph_validates_slots_and_all_host_supplied_floats_without_gpu ... ok
test repeated_readonly_input_allocations_are_accepted ... ok
test seven_live_inputs_use_all_uniform_step_fields_with_scalar_broadcast ... ok

test result: ok. 4 passed; 0 failed; 0 ignored; 0 measured; 0 filtered out; finished in 0.07s

     Running tests/kernels.rs (crates/target/debug/build/compute-core/a46b505a8e67075e/out/kernels-a46b505a8e67075e)

running 12 tests
test broken_wgsl_is_an_error_not_a_panic ... ok
test non_power_of_two_workgroup_is_rejected ... ok
test tuned_workgroup_substitution_stays_valid ... ok
test reduction_handles_non_multiple_lengths ... ok
test scale_add_matches_cpu_reference ... ok
test scale_add4_matches_cpu_reference ... ok
test zip_mul4_then_reduce_computes_dot_product ... ok
test zip_mul_then_block_sum_computes_the_dot_product ... ok
test recorded_chain_reuses_buffers_and_consumes_reduction_on_gpu ... ok
test reduction_handles_empty_singleton_and_workgroup_one ... ok
test shipped_kernels_validate_with_naga ... ok
test reduce_f32_handles_lengths_beyond_the_dispatch_limit ... ok

test result: ok. 12 passed; 0 failed; 0 ignored; 0 measured; 0 filtered out; finished in 0.72s

     Running tests/matrix.rs (crates/target/debug/build/compute-core/1925ef04d9bd8985/out/matrix-1925ef04d9bd8985)

running 6 tests
test matrix_chains_reuse_inputs_and_need_only_final_scalar_readback ... ok
test empty_dimensions_and_zero_inner_dimension_have_defined_reusable_results ... ok
test matrix_validation_rejects_shapes_overflow_foreign_arrays_and_aliases ... ok
test tiled_matrix_products_match_f64_reference_at_tile_boundaries ... ok
test selected_matrix_kernels_match_reference_and_restore_reused_outputs ... ok
test matrix_workloads_stride_beyond_one_dispatch_grid ... ok

test result: ok. 6 passed; 0 failed; 0 ignored; 0 measured; 0 filtered out; finished in 1.30s

     Running tests/reduction.rs (crates/target/debug/build/compute-core/20de8dc158fa2b60/out/reduction-20de8dc158fa2b60)

running 5 tests
test invalid_sum_outputs_leave_program_usable ... ok
test raw_reduction_retains_custom_workgroups_and_composes_in_one_pass ... ok
test reused_program_overwrites_output_and_respects_prefix_sentinels ... ok
test cancellation_and_dynamic_range_use_f64_reference ... ok
test arbitrary_lengths_and_unpadded_scalar_buffers_match_f64 ... ok

test result: ok. 5 passed; 0 failed; 0 ignored; 0 measured; 0 filtered out; finished in 1.43s

     Running tests/runtime.rs (crates/target/debug/build/compute-core/7a7aeb0f6e617853/out/runtime-7a7aeb0f6e617853)

running 9 tests
test nonblocking_read_and_abandoned_tickets ... ok
test typed_arrays_preserve_u32_bits_and_support_partial_updates ... ok
test normalization_and_broadcasting_stay_on_gpu ... ok
test empty_arrays_and_singletons_have_defined_results ... ok
test program_reuses_allocations_and_overlapping_readbacks_capture_each_submission ... ok
test binary_operations_match_cpu_for_odd_length_arrays ... ok
test unary_math_matches_cpu ... ok
test grid_strided_arrays_cover_more_than_one_dispatch_grid ... ok
test errors_do_not_poison_a_program ... ok

test result: ok. 9 passed; 0 failed; 0 ignored; 0 measured; 0 filtered out; finished in 0.10s

     Running tests/selection.rs (crates/target/debug/build/compute-core/ad2da17e6fc277a2/out/selection-ad2da17e6fc277a2)

running 8 tests
test four_item_scan_visits_multiple_blocks_per_workgroup_with_wrapping_and_normalization ... ok
test gpu_comparison_compaction_and_sum_reuse_a_changing_threshold_without_mask_readback ... ok
test comparison_masks_match_cpu_and_broadcast_on_either_side ... ok
test comparison_rejects_invalid_lengths_owners_and_cross_type_output_aliases ... ok
test scan_and_compaction_reject_foreign_lengths_and_all_output_aliases ... ok
test exclusive_scan_covers_more_blocks_than_dispatch_limit ... ok
test exclusive_scan_matches_wrapping_cpu_across_blocks_and_levels ... ok
test compact_is_stable_composable_and_clears_tail_on_every_run ... ok

test result: ok. 8 passed; 0 failed; 0 ignored; 0 measured; 0 filtered out; finished in 0.52s

     Running tests/tensor.rs (crates/target/debug/build/compute-core/fe0c4bf7bf56189c/out/tensor-fe0c4bf7bf56189c)

running 10 tests
test rank_twelve_views_materialize_without_fixed_rank_limit ... ok
test batched_matmul_broadcasts_and_handles_transposes_odd_tiles ... ok
test zero_contractions_overwrite_reused_outputs_and_zero_batch_is_empty ... ok
test view_chain_broadcast_reduce_and_repeated_execution_preserve_sentinels ... ok
test all_unary_and_binary_ops_accept_transposes_and_axis_broadcast ... ok
test axis_sum_and_batched_matmul_cross_workgroup_dispatch_limit ... ok
test invalid_metadata_ownership_shapes_and_aliases_leave_program_usable ... ok
test arbitrary_axis_sets_keepdims_scalar_and_empty_reductions ... ok
test complete_contiguous_tensor_sum_reuses_array_reduction_and_prefixes ... ok
test hierarchical_axis_reductions_reuse_strided_inputs_and_offset_outputs ... ok

test result: ok. 10 passed; 0 failed; 0 ignored; 0 measured; 0 filtered out; finished in 1.22s

     Running tests/tensor_attention.rs (crates/target/debug/build/compute-core/485c03c057d09a94/out/tensor_attention-485c03c057d09a94)

running 6 tests
test scaled_value_accumulator_handles_extreme_finite_values_without_raw_weighted_sums ... ok
test streaming_attention_handles_long_single_query_and_workgroup_grid_stride ... ok
test attention_checks_owners_masks_shapes_and_aliases_without_partial_recording ... ok
test strided_attention_reuses_masks_inputs_and_output_offsets_across_key_and_value_tiles ... ok
test split_keys_merge_masked_parts_with_offsets_and_changed_resident_inputs ... ok
test shader_attention_satisfies_shared_conformance ... ok

test result: ok. 6 passed; 0 failed; 0 ignored; 0 measured; 0 filtered out; finished in 0.26s

     Running tests/tensor_backend.rs (crates/target/debug/build/compute-core/50b335dc5146dbb0/out/tensor_backend-50b335dc5146dbb0)

running 2 tests
test shader_tensor_backend_rejects_foreign_views_and_reduced_precision ... ok
test shader_backend_satisfies_shared_tensor_conformance ... ok

test result: ok. 2 passed; 0 failed; 0 ignored; 0 measured; 0 filtered out; finished in 0.10s

     Running tests/tensor_convolution.rs (crates/target/debug/build/compute-core/d021e19a687ee402/out/tensor_convolution-d021e19a687ee402)

running 4 tests
test grid_stride_outputs_refresh_workgroup_partials ... ok
test recorded_convolution_replays_strided_inputs_and_preserves_offset_outputs ... ok
test validation_does_not_append_writes_and_zero_contractions_rewrite_outputs ... ok
test shared_convolution_contracts ... ok

test result: ok. 4 passed; 0 failed; 0 ignored; 0 measured; 0 filtered out; finished in 0.32s

     Running tests/tensor_index.rs (crates/target/debug/build/compute-core/1105c623df93ed2a/out/tensor_index-1105c623df93ed2a)

running 5 tests
test prepared_mask_scan_gather_compact_chain_reuses_all_gpu_state ... ok
test u32_compaction_and_gather_preserve_large_integer_bits_and_reset_counts ... ok
test indexing_errors_reject_cross_type_aliases_foreign_counts_and_invalid_axes ... ok
test shader_index_backend_satisfies_shared_conformance ... ok
test scans_cover_hierarchy_boundaries_reverse_wrapping_and_offset_outputs ... ok

test result: ok. 5 passed; 0 failed; 0 ignored; 0 measured; 0 filtered out; finished in 0.41s

     Running tests/tensor_low.rs (crates/target/debug/build/compute-core/e1f8cf8f01c1d1c8/out/tensor_low-e1f8cf8f01c1d1c8)

running 4 tests
test recorded_cast_strided_batched_matmul_and_low_output_reuse_without_expansion ... ok
test low_metadata_dtype_ownership_and_cross_type_aliases_are_rejected ... ok
test packed_views_preserve_all_neighboring_halves_with_odd_offsets_and_reuse ... ok
test shader_low_backend_satisfies_exhaustive_shared_conformance ... ok

test result: ok. 4 passed; 0 failed; 0 ignored; 0 measured; 0 filtered out; finished in 0.48s

     Running tests/tensor_low_attention.rs (crates/target/debug/build/compute-core/501d5cead9b19fbb/out/tensor_low_attention-501d5cead9b19fbb)

running 4 tests
test low_attention_validates_dtype_owner_alias_and_empty_masks_before_recording ... ok
test depth_boundaries_zero_strides_and_grid_stride_reuse_preserve_attention ... ok
test direct_low_attention_satisfies_shared_conformance ... ok
test strided_packed_tiles_split_keys_and_odd_outputs_replay_changing_inputs_and_masks ... ok

test result: ok. 4 passed; 0 failed; 0 ignored; 0 measured; 0 filtered out; finished in 0.51s

     Running tests/tensor_low_index.rs (crates/target/debug/build/compute-core/e387f1f96ccac8a0/out/tensor_low_index-e387f1f96ccac8a0)

running 5 tests
test packed_index_recording_rejects_alias_dtype_owner_layout_and_rolls_back ... ok
test prepared_low_compare_select_scan_gather_compact_chain_reuses_gpu_buffers ... ok
test raw_payload_moves_replay_into_odd_halfwords_and_reset_resident_counts ... ok
test direct_packed_scans_replay_strided_boundaries_and_preserve_output_neighbors ... ok
test packed_index_backend_satisfies_shared_conformance ... ok

test result: ok. 5 passed; 0 failed; 0 ignored; 0 measured; 0 filtered out; finished in 0.86s

     Running tests/tensor_low_normalization.rs (crates/target/debug/build/compute-core/32700ca73cbabdbd/out/tensor_low_normalization-32700ca73cbabdbd)

running 4 tests
test packed_stats_validation_is_transactional_across_types_and_moments_outputs ... ok
test tiny_bf16_rows_cross_workgroup_grid_limit_without_losing_normal_results ... ok
test all_recorded_outputs_replay_strided_inputs_and_preserve_odd_neighbor_words ... ok
test packed_statistics_satisfy_shared_conformance ... ok

test result: ok. 4 passed; 0 failed; 0 ignored; 0 measured; 0 filtered out; finished in 2.50s

     Running tests/tensor_low_ops.rs (crates/target/debug/build/compute-core/91cb52b93ff7d618/out/tensor_low_ops-91cb52b93ff7d618)

running 6 tests
test bf16_tiny_multiply_preserves_normal_products_in_strided_packed_replay ... ok
test resident_low_arithmetic_reduction_chain_updates_without_operand_expansion ... ok
test low_ops_validate_dtype_owner_layout_and_cross_interpretation_aliases ... ok
test packed_sign_and_extrema_preserve_every_finite_pattern_and_halfword_neighbors ... ok
test packed_low_operations_satisfy_shared_conformance ... ok
test packed_reduction_hierarchies_preserve_offsets_and_reuse_f32_and_low_outputs ... ok

test result: ok. 6 passed; 0 failed; 0 ignored; 0 measured; 0 filtered out; finished in 0.67s

     Running tests/tensor_low_scatter.rs (crates/target/debug/build/compute-core/cc4fe5197057887a/out/tensor_low_scatter-cc4fe5197057887a)

running 5 tests
test recorded_low_scatter_gather_scan_chain_reuses_all_intermediates ... ok
test packed_extrema_preserve_tiny_bits_and_arithmetic_rounds_completed_destination_once ... ok
test packed_scatter_rejects_aliases_and_invalid_recordings_without_resetting_outputs ... ok
test packed_replace_replays_strided_duplicate_updates_and_preserves_output_halfwords ... ok
test packed_low_scatter_satisfies_shared_conformance ... ok

test result: ok. 5 passed; 0 failed; 0 ignored; 0 measured; 0 filtered out; finished in 1.45s

     Running tests/tensor_normalization.rs (crates/target/debug/build/compute-core/e595dbbc34a9b65b/out/tensor_normalization-e595dbbc34a9b65b)

running 5 tests
test validation_rejects_aliases_foreign_views_and_invalid_metadata_before_recording ... ok
test overflow_classification_and_tiny_epsilon_do_not_corrupt_normalized_outputs ... ok
test short_single_groups_and_grid_stride_rows_cross_the_specialization_boundaries ... ok
test shader_statistics_satisfy_shared_conformance ... ok
test strided_hierarchies_preserve_sentinels_and_reuse_resident_normalization_chains ... ok

test result: ok. 5 passed; 0 failed; 0 ignored; 0 measured; 0 filtered out; finished in 0.34s

     Running tests/tensor_reduce.rs (crates/target/debug/build/compute-core/ac99c605f7750a86/out/tensor_reduce-ac99c605f7750a86)

running 6 tests
test vector_batched_matmul_reuses_strided_inputs_and_composes_with_reductions ... ok
test shader_vector_matmul_satisfies_shared_conformance ... ok
test reductions_reject_invalid_outputs_owners_axes_and_leave_program_usable ... ok
test u32_reductions_preserve_bits_wrapping_identities_and_hierarchy ... ok
test shader_reductions_satisfy_shared_conformance ... ok
test f32_reductions_cover_tails_hierarchies_offsets_and_repeated_updates ... ok

test result: ok. 6 passed; 0 failed; 0 ignored; 0 measured; 0 filtered out; finished in 0.35s

     Running tests/tensor_scatter.rs (crates/target/debug/build/compute-core/e4e85abb8610e694/out/tensor_scatter-e4e85abb8610e694)

running 4 tests
test replace_is_logically_last_and_repeated_plans_reset_owners_counts_and_base ... ok
test scatter_rejects_cross_type_aliases_foreign_buffers_and_transactional_overflow ... ok
test typed_atomic_folds_include_base_handle_contention_and_preserve_wrapping ... ok
test shader_scatter_satisfies_shared_conformance ... ok

test result: ok. 4 passed; 0 failed; 0 ignored; 0 measured; 0 filtered out; finished in 0.51s

     Running unittests src/lib.rs (crates/target/debug/build/compute-cuda/055f8c6336f8c47a/out/compute_cuda-055f8c6336f8c47a)

running 156 tests
test indexing::gather::tests::gather_flat_addressing_preserves_prefix_indices_and_suffix_axes ... ok
test indexing::dispatch::tests::dispatch_bounds_prevent_short_storage ... ok
test convolution::tests::active_coordinate_limits_are_checked_before_upload ... ok
test indexing::gather_dispatch::tests::every_buffer_extent_is_checked ... ok
test convolution::tests::metadata_keeps_grouped_strided_offsets_and_asymmetric_geometry ... ok
test dispatch::tests::binary64_descriptors_validate_eight_byte_storage ... ok
test indexing::compact_dispatch::tests::broadcast_masks_and_strided_values_preserve_logical_order ... ok
test indexing::dispatch::tests::copy_preserves_offset_and_raw_low_width ... ok
test convolution::tests::empty_and_zero_channel_plans_do_not_multiply_kernel_dimensions ... ok
test dispatch::tests::shared_metadata_preserves_offsets_and_broadcast_strides ... ok
test indexing::gather_dispatch::tests::empty_outputs_do_not_suppress_original_index_count ... ok
test indexing::compact_dispatch::tests::scalar_empty_and_u32_capacity_bound_have_checked_shapes ... ok
test indexing::gather_dispatch::tests::scalar_and_empty_indices_keep_distinct_counts ... ok
test indexing::dispatch::tests::select_broadcasts_three_distinct_offsets ... ok
test attention::tests::matrix_promotion_is_a_view_even_with_transposed_strides ... ok
test attention::tests::metadata_preserves_offsets_strides_broadcast_and_grouped_heads ... ok
test float64::indexing::tests::f64_indexing_descriptors_bound_actual_output_and_scan_widths ... ok
test attention_dispatch::tests::attention_reserves_real_f64_width_and_valid_launch_groups ... ok
test indexing::gather_dispatch::tests::strided_gather_preserves_offsets_and_index_traversal ... ok
test indexing::scan_dispatch::tests::chunks_and_accumulator_shapes_cover_boundary_and_multilevel_tails ... ok
test indexing::scan_dispatch::tests::empty_geometry_avoids_zero_division_and_unused_suffix_overflow ... ok
test indexing::scan_dispatch::tests::validation_rejects_invalid_axis_sizes_and_short_buffers_before_launch ... ok
test indexing::scatter_dispatch::tests::empty_base_and_empty_indices_still_have_independent_count_geometry ... ok
test indexing::scatter_dispatch::tests::invalid_axis_broadcast_and_position_token_overflow_are_rejected ... ok
test indexing::scatter_dispatch::tests::raw_low_outputs_require_complete_cas_words ... ok
test indexing::scatter_dispatch::tests::strided_broadcast_updates_and_indices_share_logical_addressing ... ok
test libraries::tests::an_old_library_returns_its_missing_symbol_before_any_call ... ok
test libraries::tests::capture_symbols_are_preflighted_without_expanding_the_eager_requirement ... ok
test libraries::tests::graph_runtime_missing_entries_fail_before_any_later_entry_is_used ... ok
test low_dispatch::tests::binary_broadcast_preserves_strides_offsets_and_unsigned_dtype_tag ... ok
test low_dispatch::tests::empty_shapes_skip_work_and_casts_check_both_storage_widths ... ok
test low_dispatch::tests::scalar_cast_and_strided_unary_keep_native_abi_metadata ... ok
test low_precision::tests::native_low_gemm_support_is_explicit_and_storage_is_two_bytes ... ok
test matmul::capture::tests::every_base_alignment_preserves_the_full_workspace_capacity ... ok
test low_scatter::tests::low_scatter_cas_words_fit_padded_allocations ... ok
test matmul::capture::tests::graph_workspace_budget_includes_padding_and_rejects_underflow_or_overflow ... ok
test matmul::capture::tests::recommended_workspace_defaults_follow_cuda_12_8_architecture_table ... ok
test matmul::plan::tests::broadcast_batches_and_offsets_match_explicit_nested_loops ... ok
test matmul::plan::tests::empty_and_zero_k_plans_skip_gemm_but_retain_output_requirements ... ok
test matmul::plan::tests::invalid_geometry_is_rejected_before_launch ... ok
test matmul::plan::tests::matrix_repeats_without_allocating_a_descriptor_per_batch ... ok
test matmul::tests::gemm_storage_types_match_the_cublas_abi ... ok
test matmul::plan::tests::promotion_preserves_vector_results_and_original_nonzero_offsets ... ok
test policy::tests::precision_is_explicit_and_unsupported_modes_do_not_fall_back ... ok
test policy::tests::rectangular_row_major_layout_and_integer_limits ... ok
test program::builder::attention_tests::attention_scores_do_not_require_dense_storage_but_output_bytes_are_checked ... ok
test program::builder::attention_tests::attention_keeps_original_views_and_canonical_broadcast_gqa_geometry ... ok
test program::builder::attention_tests::attention_low_final_cast_and_rank_two_output ... ok
test program::builder::attention_tests::attention_validates_types_masks_and_geometry_even_for_empty_results ... ok
test program::builder::indexing_tests::error_tests::expanded_updates_and_mask_must_fit_without_expanding_base_shape ... ok
test program::builder::indexing_tests::compact_broadcast_mask_retains_raw_values_full_capacity_and_scalar_count ... ok
test program::builder::indexing_tests::error_tests::foreign_values_and_late_compound_errors_restore_both_results ... ok
test program::builder::indexing_tests::empty_results_keep_index_count_steps_and_scan_validates_scalar_axis ... ok
test program::builder::indexing_tests::error_tests::gather_expansion_and_low_accumulator_byte_limits_fail_without_partial_counts ... ok
test program::builder::indexing_tests::error_tests::low_scatter_requires_matching_dtype_even_when_outputs_are_empty ... ok
test program::builder::indexing_tests::error_tests::oversized_index_counts_are_checked_even_for_empty_values_outputs ... ok
test program::builder::indexing_tests::error_tests::raw_low_scatter_rejects_word_padding_overflow_before_recording ... ok
test program::builder::indexing_tests::error_tests::wrong_dtypes_indices_masks_and_axes_leave_every_slot_unchanged ... ok
test program::builder::indexing_tests::scalar_compaction_preserves_source_offset_and_one_raw_slot ... ok
test program::builder::indexing_tests::gather_replaces_only_selected_axis_and_retains_once_per_index_count ... ok
test program::builder::indexing_tests::scatter_tests::count_outputs_compose_into_later_index_and_scan_nodes_with_aliasing_inputs ... ok
test program::builder::indexing_tests::scatter_tests::every_low_scatter_mode_can_keep_f32_accumulator_without_rounding_to_low ... ok
test program::builder::indexing_tests::zero_target_axis_keeps_nonempty_gather_and_empty_scatter_count_work ... ok
test program::builder::statistics_tests::empty_and_singleton_contracts_validate_before_recording ... ok
test program::builder::indexing_tests::scatter_tests::scalar_indices_and_empty_index_axes_use_shared_scatter_shape_rules ... ok
test program::builder::statistics_tests::statistics_record_all_kinds_axes_and_both_moments_results ... ok
test program::builder::statistics_tests::statistics_type_foreign_overflow_and_compound_rollback ... ok
test program::builder::tests::all_unary_operations_and_affine_keep_the_shared_kernel_abi ... ok
test program::builder::statistics_tests::low_statistics_load_directly_then_round_each_completed_result_once ... ok
test program::builder::tests::binary_broadcast_preserves_offsets_and_records_every_operation ... ok
test program::builder::tests::broadcast_matmul_output_overflow_rolls_back_materialization ... ok
test program::builder::tests::compound_failure_rolls_back_new_inputs_values_scratch_and_steps ... ok
test program::builder::indexing_tests::scans_preserve_axis_modes_and_strides_with_explicit_low_final_rounding ... ok
test program::builder::tests::empty_axes_alias_and_empty_contractions_remain_explicit_per_replay ... ok
test program::builder::indexing_tests::scatter_tests::scatter_modes_keep_base_shape_and_broadcast_updates_without_value_expansion ... ok
test program::builder::tests::empty_matmul_retains_precision_and_skips_unused_materialization ... ok
test program::builder::tests::invalid_records_and_foreign_values_preserve_all_slots ... ok
test program::builder::tests::matmul_materializes_strides_and_preserves_broadcast_vector_shape ... ok
test program::builder::tests::oversized_inputs_broadcasts_and_blas_dimensions_fail_before_recording ... ok
test program::builder::tests::reduction_keeps_axis_order_broadcast_count_and_mean_policy ... ok
test program::builder::tests::views_alias_and_strided_reshape_inserts_one_logical_copy ... ok
test program::builder::typed_tests::broadcast_mask_does_not_impose_a_full_size_u32_allocation_on_low_selection ... ok
test program::builder::typed_tests::casts_keep_each_explicit_rounding_boundary_and_dtype ... ok
test program::builder::typed_tests::empty_axis_low_reductions_decode_but_unsigned_keeps_raw_identity ... ok
test program::builder::typed_tests::empty_low_matmul_keeps_dtype_for_native_capability_preflight ... ok
test program::builder::typed_tests::low_arithmetic_comparison_and_selection_record_direct_low_values ... ok
test program::builder::typed_tests::mixed_low_types_are_rejected_even_for_empty_results ... ok
test program::builder::typed_tests::low_matmul_preserves_native_inputs_and_applies_only_final_cast ... ok
test program::builder::typed_tests::ordinary_f32_entry_points_reject_typed_inputs_before_recording ... ok
test program::builder::typed_tests::raw_typed_views_keep_dtype_offsets_and_materialize_only_when_needed ... ok
test program::builder::typed_tests::reductions_choose_accumulator_dtype_and_low_output_rounds_once ... ok
test program::builder::typed_tests::three_way_select_allows_empty_mask_to_bound_oversized_value_broadcast ... ok
test program::builder::typed_tests::typed_foreign_and_invalid_mask_values_leave_no_partial_graph ... ok
test program::builder::typed_tests::widening_and_compare_output_limits_fail_without_recording ... ok
test program::gate::tests::an_enqueue_error_permanently_blocks_future_validation_and_launches ... ok
test program::builder::typed_tests::unsigned_arithmetic_comparison_and_selection_never_record_float_storage ... ok
test program::gate::tests::late_dtype_failure_cannot_enqueue_or_poison_and_legacy_outputs_are_checked ... ok
test program::gate::tests::late_invalid_output_cannot_enqueue_and_validation_errors_are_reusable ... ok
test program::gate::tests::late_precision_failure_blocks_enqueue_without_poisoning ... ok
test program::graph::preparation::tests::dense_slots_are_budgeted_by_logical_size_and_every_copy_metadata_byte ... ok
test program::graph::preparation::tests::empty_sentinels_and_scalar_copy_metadata_are_counted_without_unused_launches ... ok
test program::graph_plan::tests::missing_provenance_is_rejected_instead_of_silently_rebasing_a_wrong_view ... ok
test program::graph_plan::tests::active_gemm_materializes_rebased_views_but_empty_and_k_zero_do_not ... ok
test program::graph_plan::tests::dense_slots_preserve_transpose_reshape_order_with_one_shared_copy ... ok
test program::graph_plan::tests::rebasing_does_not_allocate_a_broadcast_mask_at_result_width ... ok
test program::graph_plan::tests::vector_gemm_promotions_and_empty_huge_spans_keep_dense_slot_bounds ... ok
test program::graph_plan::tests::all_step_operand_families_are_rebased_and_scratch_views_stay_unchanged ... ok
test program::indexing_preparation_tests::empty_index_scatter_copies_base_without_allocating_owners_or_cas_padding ... ok
test program::indexing_preparation_tests::complete_indexing_budget_checks_cas_padding_before_device_work ... ok
test program::indexing_preparation_tests::compaction_resets_both_outputs_and_retains_u32_prefix_scratch ... ok
test program::indexing_preparation_tests::invalid_counts_survive_empty_values_and_zero_axis_lengths ... ok
test program::indexing_preparation_tests::low_scatter_add_widens_base_only_and_rounds_after_f32_accumulation ... ok
test program::indexing_preparation_tests::raw_low_scatter_pads_only_its_private_cas_output_and_resets_owners ... ok
test program::plan::tests::storage_byte_limits_apply_to_views_and_empty_sentinels ... ok
test program::plan::tests::two_byte_storage_limits_and_empty_sentinels_are_type_specific ... ok
test program::indexing_preparation_tests::scan_retains_full_hierarchy_and_uses_f32_after_native_low_first_pass ... ok
test program::graph_plan::tests::zero_strides_singleton_axes_and_broadcast_use_logical_provenance ... ok
test program::preparation_tests::empty_contractions_and_k_zero_have_explicit_repeatable_identity_writes ... ok
test program::preparation_tests::empty_scratch_counts_sentinel_but_issues_no_dispatch_or_metadata ... ok
test program::preparation_tests::budgets_include_expanded_scratch_and_scalar_metadata_before_resource_preparation ... ok
test program::preparation_tests::no_work_matmul_retains_precision_for_every_replay_validation ... ok
test program::preparation_tests::full_reduction_expansion_and_mean_include_every_partial_and_division ... ok
test program::preparation_tests::scalar_metadata_sentinel_and_duplicate_terminal_copies_are_counted ... ok
test program::preparation_tests::zero_work_matmul_still_validates_precision_before_preparing_resources ... ok
test program::scratch::tests::bad_slots_do_not_take_storage_or_call_launch ... ok
test program::scratch::tests::two_destinations_are_disjoint_and_restored_after_enqueue_failure ... ok
test program::statistics_preparation_tests::attention_retains_only_output_sized_f64_state ... ok
test program::statistics_preparation_tests::budgets_reject_wide_scratch_before_device_allocation ... ok
test program::statistics_preparation_tests::low_statistics_load_native_inputs_and_round_after_f32_results ... ok
test program::statistics_preparation_tests::moments_have_disjoint_outputs_and_centered_two_passes ... ok
test program::statistics_preparation_tests::no_key_attention_reinitializes_outputs_without_an_accumulator ... ok
test program::statistics_preparation_tests::singleton_statistics_write_identities_on_each_replay_without_wide_scratch ... ok
test program::statistics_preparation_tests::stable_rows_budget_real_f64_state_and_bound_partial_storage ... ok
test program::typed_preparation_tests::low_axes_identity_decodes_but_raw_view_outputs_only_copy ... ok
test program::typed_preparation_tests::low_partial_hierarchy_uses_f32_and_never_a_full_converted_input ... ok
test program::typed_preparation_tests::strided_low_gemm_materializes_only_native_storage_and_rounds_final_result ... ok
test program::typed_preparation_tests::typed_byte_budgets_reject_one_byte_short_without_resource_preparation ... ok
test program::typed_preparation_tests::scratch_byte_counts_follow_all_four_storage_widths_including_sentinels ... ok
test program::typed_preparation_tests::every_low_gemm_keeps_capability_checks_even_without_element_work ... ok
test program::typed_preparation_tests::unsigned_partial_hierarchy_stays_unsigned_and_empty_product_fills_one ... ok
test program::validation::tests::all_outputs_are_validated_before_late_alias_or_layout_failure ... ok
test program::validation::tests::every_dtype_mismatch_is_rejected_before_empty_layout_shortcuts ... ok
test program::gate::tests::validation_panic_does_not_poison_before_any_enqueue ... ok
test program::gate::tests::enqueue_panic_poison_survives_catch_and_blocks_validation_and_replay ... ok
test program::validation::tests::fixed_inputs_accept_new_storage_and_readonly_aliases_but_reject_changed_views ... ok
test program::scratch::tests::panic_restores_both_destinations_before_outer_capture_cleanup ... ok
test program::validation::tests::scalar_and_empty_dense_outputs_still_need_unique_storage_and_matching_shape ... ok
test reduction::dispatch::tests::axes_preserve_broadcast_order_offset_and_kept_shape ... ok
test reduction::dispatch::tests::descriptors_reject_invalid_axes_empty_contractions_and_device_limits ... ok
test reduction::dispatch::tests::full_pass_hierarchy_bounds_and_strided_first_load ... ok
test reduction::tests::reduction_metadata_keeps_axis_order_and_broadcast_strides ... ok
test runtime::tests::logical_broadcast_count_is_bounded_without_allocating ... ok
test statistics::tests::row_plan_preserves_strides_and_bounds_partial_storage ... ok
test statistics_dispatch::tests::row_and_chunk_products_stay_bounded_for_many_rows_and_long_axes ... ok
test statistics_dispatch::tests::row_geometry_rejects_empty_jobs_bad_groups_and_duplicate_axes ... ok
test indexing::scan_dispatch::tests::rows_and_carries_map_every_strided_axis_and_direction ... ok

test result: ok. 156 passed; 0 failed; 0 ignored; 0 measured; 0 filtered out; finished in 0.01s

     Running tests/convolution.rs (crates/target/debug/build/compute-cuda/24e6af71c5c90af4/out/convolution-24e6af71c5c90af4)

running 3 tests
test native_preflight_validates_owners_and_low_dtype_for_empty_results ... ok
test native_offsets_changed_inputs_and_single_final_low_rounding ... ok
test native_convolution_shared_contract ... ok

test result: ok. 3 passed; 0 failed; 0 ignored; 0 measured; 0 filtered out; finished in 0.01s

     Running tests/cuda_tensor.rs (crates/target/debug/build/compute-cuda/51fdc015c155fdbf/out/cuda_tensor-51fdc015c155fdbf)

running 1 test
test native_cuda_tensor_contract ... ok

test result: ok. 1 passed; 0 failed; 0 ignored; 0 measured; 0 filtered out; finished in 0.00s

     Running tests/evaluation.rs (crates/target/debug/build/compute-cuda/575d8cad9c4aa8c0/out/evaluation-575d8cad9c4aa8c0)

running 1 test
test native_evaluate_fences_producers_and_validates_every_owner ... ok

test result: ok. 1 passed; 0 failed; 0 ignored; 0 measured; 0 filtered out; finished in 0.00s

     Running tests/float64.rs (crates/target/debug/build/compute-cuda/59a6756723be4f3b/out/float64-59a6756723be4f3b)

running 2 tests
test native_binary64_shared_contract ... ok
test native_binary64_owners_writes_and_scalar_abi ... ok

test result: ok. 2 passed; 0 failed; 0 ignored; 0 measured; 0 filtered out; finished in 0.01s

     Running tests/float64_indexing.rs (crates/target/debug/build/compute-cuda/0153a2a932e48dab/out/float64_indexing-0153a2a932e48dab)

running 3 tests
test native_f64_indices_offsets_and_repeated_calls_keep_values_independent ... ok
test native_f64_indexing_and_scatter_contracts ... ok
test native_f64_indexing_rejects_foreign_inputs_even_for_empty_results ... ok

test result: ok. 3 passed; 0 failed; 0 ignored; 0 measured; 0 filtered out; finished in 0.01s

     Running tests/graph.rs (crates/target/debug/build/compute-cuda/512ee391d83d7bef/out/graph-512ee391d83d7bef)

running 2 tests
test reference::independent_low_codec_known_values_and_even_rounding ... ok
test native_cuda_owned_graph_contract ... ok

test result: ok. 2 passed; 0 failed; 0 ignored; 0 measured; 0 filtered out; finished in 0.00s

     Running tests/prepared.rs (crates/target/debug/build/compute-cuda/a9d9e72308506c01/out/prepared-a9d9e72308506c01)

running 1 test
test native_cuda_prepared_contract ... ok

test result: ok. 1 passed; 0 failed; 0 ignored; 0 measured; 0 filtered out; finished in 0.00s

     Running tests/prepared_indexing.rs (crates/target/debug/build/compute-cuda/ebce16fa19c72d1c/out/prepared_indexing-ebce16fa19c72d1c)

running 1 test
test native_cuda_prepared_indexing_contract ... ok

test result: ok. 1 passed; 0 failed; 0 ignored; 0 measured; 0 filtered out; finished in 0.00s

     Running tests/prepared_statistics.rs (crates/target/debug/build/compute-cuda/e47dabbffb226ef6/out/prepared_statistics-e47dabbffb226ef6)

running 2 tests
test support::independent_low_codec_known_values_and_even_rounding ... ok
test native_cuda_prepared_statistics_attention_contract ... ok

test result: ok. 2 passed; 0 failed; 0 ignored; 0 measured; 0 filtered out; finished in 0.00s

     Running tests/prepared_typed.rs (crates/target/debug/build/compute-cuda/c92dbecf679b7bde/out/prepared_typed-c92dbecf679b7bde)

running 1 test
test native_cuda_prepared_typed_contract ... ok

test result: ok. 1 passed; 0 failed; 0 ignored; 0 measured; 0 filtered out; finished in 0.00s

     Running unittests src/lib.rs (crates/target/debug/build/compute-mlx/dc232e2b7be18733/out/compute_mlx-dc232e2b7be18733)

running 10 tests
test native::lowering::scatter::low::tests::list_allocation_pads_safely_and_preserves_u32_token_capacity ... ok
test native::convolution::tests::metadata_preserves_large_unsigned_options_and_group_geometry ... ok
test ffi::tests::missing_library_is_an_error_without_native_initialization ... ok
test native::compiled::callback::tests::callback_contains_panics_releases_locals_and_recovers ... ok
test ffi::tests::native_shape_error_returns_message_and_keeps_c_api_usable ... ok
test native::compiled::callback::tests::native_callback_failure_releases_arrays_and_allows_next_trace ... ok
test native::compiled::compaction::tests::compact_values_and_count_roll_back_together_after_late_failure ... ok
test native::compiled::statistics::tests::statistics_pair_and_final_casts_roll_back_together_on_late_failure ... ok
test native::compiled::tests::compound_lowering_rolls_back_appended_nodes_after_late_failure ... ok
test native::compiled::indexing::tests::gather_values_and_count_roll_back_together_after_late_failure ... ok

test result: ok. 10 passed; 0 failed; 0 ignored; 0 measured; 0 filtered out; finished in 0.03s

     Running tests/attention.rs (crates/target/debug/build/compute-mlx/b95179921296c8fd/out/attention-b95179921296c8fd)

running 7 tests
test empty_shapes_dtype_and_owner_errors_are_checked_before_native_attention ... ok
test strided_batch_broadcast_and_grouped_heads_keep_lazy_graph_inputs_alive ... ok
test constant_extreme_values_keep_finite_convex_outputs ... ok
test large_scales_apply_after_dot_without_overflowing_finite_query_values ... ok
test causal_offsets_cover_native_alignment_explicit_masks_and_signed_extremes ... ok
test masked_rows_are_zero_across_native_fallback_vector_full_and_two_pass_shapes ... ok
test common_attention_backend_conformance ... ok

test result: ok. 7 passed; 0 failed; 0 ignored; 0 measured; 0 filtered out; finished in 0.16s

     Running tests/compiled.rs (crates/target/debug/build/compute-mlx/19107be387887664/out/compiled-19107be387887664)

running 10 tests
test disabled_native_compilation_still_replays_fresh_values_in_child ... ok
test invalid_builder_values_and_shapes_do_not_corrupt_valid_nodes ... ok
test unevaluated_outputs_keep_input_and_context_lifetimes_after_program_drop ... ok
test shape_nodes_and_batched_matmul_follow_independent_coordinates ... ok
test empty_output_list_replays_without_evaluated_result_handles ... ok
test runtime_input_rejection_happens_before_native_tracing ... ok
test same_shape_new_transpose_and_zero_strides_reuse_the_native_trace ... ok
test changed_resident_inputs_replay_map_and_reductions_with_duplicate_outputs ... ok
test vector_matmul_and_empty_contractions_keep_shared_shape_rules ... ok
test disabled_mode_is_qualified_without_mutating_parent_global_state ... ok

test result: ok. 10 passed; 0 failed; 0 ignored; 0 measured; 0 filtered out; finished in 0.07s

     Running tests/compiled_attention.rs (crates/target/debug/build/compute-mlx/af0e34d4b42eeba3/out/compiled_attention-af0e34d4b42eeba3)

running 6 tests
test boundaries::low_tiny_times_large_dot_is_normal_and_lazy_resources_survive ... ok
test boundaries::zero_keys_and_rejected_nodes_leave_graph_usable ... ok
test boundaries::direct_low_long_masked_values_and_maximum_remain_finite ... ok
test replay::direct_low_replay_retains_f32_result_and_one_final_rounding ... ok
test boundaries::native_causal_closed_rows_and_finite_maximum_values ... ok
test replay::replay_gqa_broadcast_masks_signed_causal_and_post_dot_scale ... ok

test result: ok. 6 passed; 0 failed; 0 ignored; 0 measured; 0 filtered out; finished in 0.96s

     Running tests/compiled_indexing.rs (crates/target/debug/build/compute-mlx/4e53d0a4a9454ab8/out/compiled_indexing-4e53d0a4a9454ab8)

running 6 tests
test validation::compiled_indexing_rejects_invalid_types_and_owners_before_trace ... ok
test low::compiled_scalar_low_comparison_and_selection_use_pointer_metadata ... ok
test validation::compiled_gather_empty_outputs_still_count_original_indices ... ok
test movement::compiled_f32_u32_branching_and_gather_use_changed_strided_resident_values ... ok
test low::compiled_low_select_gather_preserve_all_raw_bits_and_survive_program_drop ... ok
test low::compiled_low_compare_exhausts_payloads_with_changed_strided_inputs ... ok

test result: ok. 6 passed; 0 failed; 0 ignored; 0 measured; 0 filtered out; finished in 0.61s

     Running tests/compiled_scan_compaction.rs (crates/target/debug/build/compute-mlx/60f7d7ed40b218f6/out/compiled_scan_compaction-60f7d7ed40b218f6)

running 6 tests
test validation::compiled_scan_compaction_validate_owners_types_shapes_and_empty_outputs ... ok
test compaction::compiled_compaction_broadcast_masks_preserve_exact_low_payloads_and_scalar_shapes ... ok
test scans::compiled_low_scans_restore_arbitrary_axis_coordinates_and_broadcast_strides ... ok
test scans::compiled_native_scans_wrap_and_rebind_strided_inputs_in_every_mode ... ok
test scans::compiled_low_scans_keep_f32_prefixes_and_round_each_final_prefix_once ... ok
test compaction::compiled_compaction_replays_all_sparse_none_all_and_consumes_count_on_device ... ok

test result: ok. 6 passed; 0 failed; 0 ignored; 0 measured; 0 filtered out; finished in 1.58s

     Running tests/compiled_scatter.rs (crates/target/debug/build/compute-mlx/ae3e411deb242ace/out/compiled_scatter-ae3e411deb242ace)

running 6 tests
test boundaries::invalid_scatter_builds_roll_back_before_empty_and_empty_indices_preserve_base ... ok
test replay::low_fold_contention_rounds_only_after_f32_accumulation_and_retains_lazy_inputs ... ok
test boundaries::low_replace_preserves_every_payload_and_extrema_keep_tiny_signed_zero_bits ... ok
test replay::wide_scatter_replays_all_ops_with_changed_unsigned_indices_and_strides ... ok
test boundaries::empty_base_counts_compose_on_device_and_scalar_indices_work ... ok
test replay::low_atomic_lists_and_owners_reset_on_all_few_none_all_replay ... ok

test result: ok. 6 passed; 0 failed; 0 ignored; 0 measured; 0 filtered out; finished in 1.36s

     Running tests/compiled_statistics.rs (crates/target/debug/build/compute-mlx/b426a53f47f69d87/out/compiled_statistics-b426a53f47f69d87)

running 7 tests
test compiled_f32_statistics_near_maximum_are_stable ... ok
test compiled_statistics_outputs_compose_without_host_intermediates ... ok
test compiled_statistics_validate_before_appending_and_handle_empty_outputs ... ok
test compiled_singleton_low_means_and_logsumexp_preserve_every_finite_pattern ... ok
test compiled_statistics_multiple_unsorted_axes_keep_logical_output_order ... ok
test compiled_low_statistics_preserve_extremes_tiny_normalization_and_final_rounding ... ok
test compiled_statistics_replays_f32_and_low_strided_hierarchies ... ok

test result: ok. 7 passed; 0 failed; 0 ignored; 0 measured; 0 filtered out; finished in 3.02s

     Running tests/compiled_typed.rs (crates/target/debug/build/compute-mlx/90e59b9f2d0e0297/out/compiled_typed-90e59b9f2d0e0297)

running 19 tests
test unsigned::legacy_transport_rejects_low_and_unsigned_outputs_from_f32_inputs_before_trace ... ok
test unsigned::unsigned_compare_select_and_reduction_compose_without_signed_or_f32_promotion ... ok
test tiny::eager_and_compiled_bf16_multiply_preserve_normal_results_from_tiny_operands ... ok
test validation::typed_builder_rejections_preserve_valid_empty_nodes_and_input_slots ... ok
test casts::compiled_f32_low_f32_keeps_every_rounding_boundary_inside_the_graph ... ok
test casts::scalar_zero_stride_and_empty_low_views_keep_bits ... ok
test arithmetic::low_operations_round_each_node_before_the_next_operation ... ok
test reductions::low_extrema_hierarchy_preserves_subnormals_and_both_zero_signs ... ok
test matmul::compiled_bf16_tiny_products_survive_matrix_and_vector_paths ... ok
test reductions::unsigned_reductions_wrap_exactly_and_empty_contractions_use_typed_identities ... ok
test validation::typed_bindings_validate_owner_dtype_shape_before_trace_and_keep_output_types ... ok
test matmul::cancellation_accumulates_in_f32_before_low_rounding ... ok
test validation::lazy_custom_outputs_outlive_program_kernels_constants_and_original_inputs ... ok
test arithmetic::finite_low_sign_and_extrema_bits_are_exact_through_custom_nodes ... ok
test matmul::vector_promotion_batch_zero_strides_and_empty_products_remain_typed ... ok
test arithmetic::low_f32_evaluation_and_unsigned_wrapping_use_the_declared_dtype ... ok
test casts::all_raw_low_payloads_survive_views_and_changed_strides_without_retracing ... ok
test matmul::direct_low_matmul_has_unrounded_f32_outputs_with_strided_replay ... ok
test reductions::low_reductions_keep_f32_partials_and_round_the_completed_result_once ... ok

test result: ok. 19 passed; 0 failed; 0 ignored; 0 measured; 0 filtered out; finished in 2.99s

     Running tests/convolution.rs (crates/target/debug/build/compute-mlx/623d878d137edf82/out/convolution-623d878d137edf82)

running 5 tests
test foreign_and_mixed_dtype_inputs_fail_before_empty_shortcuts ... ok
test unsigned_geometry_and_empty_padding_windows_are_checked ... ok
test direct_low_contraction_keeps_f32_bits_and_tiny_products ... ok
test bounded_grid_reuses_shared_reduction_and_zero_stride_views ... ok
test common_convolution_conformance ... ok

test result: ok. 5 passed; 0 failed; 0 ignored; 0 measured; 0 filtered out; finished in 0.15s

     Running tests/evaluation.rs (crates/target/debug/build/compute-mlx/ddf0fc9fe7352492/out/evaluation-ddf0fc9fe7352492)

running 2 tests
test evaluate_rejects_late_foreign_or_wrong_dtype_even_when_empty ... ok
test evaluate_lazy_producers_keeps_resident_results_and_views ... ok

test result: ok. 2 passed; 0 failed; 0 ignored; 0 measured; 0 filtered out; finished in 0.04s

     Running tests/index.rs (crates/target/debug/build/compute-mlx/c357348df8369919/out/index-c357348df8369919)

running 5 tests
test index_methods_enforce_dtype_ownership_and_mask_shape ... ok
test device_gather_masks_invalid_indices_and_counts_each_index_once ... ok
test compaction_all_false_all_true_empty_scalar_and_resident_count ... ok
test compaction_is_stable_for_strides_broadcast_masks_and_large_odd_counts ... ok
test common_index_backend_conformance ... ok

test result: ok. 5 passed; 0 failed; 0 ignored; 0 measured; 0 filtered out; finished in 0.07s

     Running tests/low_attention.rs (crates/target/debug/build/compute-mlx/a22f7261a45e995d/out/low_attention-a22f7261a45e995d)

running 4 tests
test owner_and_mask_validation_precede_empty_shortcuts ... ok
test bounded_grid_reuses_groups_without_skipping_rows ... ok
test strided_wide_values_and_skipped_tiles_keep_lazy_inputs_alive ... ok
test common_low_attention_conformance ... ok

test result: ok. 4 passed; 0 failed; 0 ignored; 0 measured; 0 filtered out; finished in 0.33s

     Running tests/low_index.rs (crates/target/debug/build/compute-mlx/b5fb81e45342eee6/out/low_index-b5fb81e45342eee6)

running 4 tests
test low_index_ownership_dtype_scalar_and_empty_rules ... ok
test raw_native_gather_and_unique_compaction_keep_every_payload ... ok
test chunk_scan_boundaries_broadcast_grid_stride_and_lifetimes ... ok
test common_low_index_backend_conformance ... ok

test result: ok. 4 passed; 0 failed; 0 ignored; 0 measured; 0 filtered out; finished in 1.45s

     Running tests/low_matmul.rs (crates/target/debug/build/compute-mlx/2c34afe782b9f7cc/out/low_matmul-2c34afe782b9f7cc)

running 8 tests
test tiny_bf16_operands_form_normal_products_in_both_orders ... ok
test f32_output_retains_extra_bits_and_accumulation_cancellation ... ok
test empty_products_and_preallocation_validation_follow_common_contract ... ok
test broadcast_transposed_partial_tiles_preserve_values_and_lazy_lifetime ... ok
test mixed_bf16_tiles_preserve_accumulators_before_and_after_tiny_products ... ok
test bounded_tile_grid_reuses_groups_and_zero_strides ... ok
test gemv_tiny_bf16_middle_and_tail_products_survive_parallel_reduction ... ok
test gemv_dot_and_vector_matrix_cover_inexact_strided_k_tails ... ok

test result: ok. 8 passed; 0 failed; 0 ignored; 0 measured; 0 filtered out; finished in 0.40s

     Running tests/low_ops.rs (crates/target/debug/build/compute-mlx/fd98ffe8626c1398/out/low_ops-fd98ffe8626c1398)

running 6 tests
test custom_low_validation_empty_axes_and_empty_contractions ... ok
test custom_unary_preserves_every_finite_sign_bit_and_strided_storage ... ok
test custom_extrema_select_exact_subnormals_and_zero_signs ... ok
test custom_hierarchy_has_f32_partials_and_keeps_lazy_inputs_alive ... ok
test custom_arithmetic_evaluates_once_in_f32_with_broadcast_and_cache_reuse ... ok
test common_low_ops_backend_conformance ... ok

test result: ok. 6 passed; 0 failed; 0 ignored; 0 measured; 0 filtered out; finished in 2.05s

     Running tests/low_precision.rs (crates/target/debug/build/compute-mlx/d71399f2213da577/out/low_precision-d71399f2213da577)

running 5 tests
test low_empty_scalar_batch_and_validation_paths_are_explicit ... ok
test native_storage_and_strided_views_preserve_all_bit_patterns ... ok
test device_casts_match_rne_including_subnormals_and_special_values ... ok
test low_matmul_accumulates_before_rounding_and_retains_native_output ... ok
test common_low_backend_conformance ... ok

test result: ok. 5 passed; 0 failed; 0 ignored; 0 measured; 0 filtered out; finished in 0.27s

     Running tests/low_scatter.rs (crates/target/debug/build/compute-mlx/cbde958ff2ff0650/out/low_scatter-cbde958ff2ff0650)

running 3 tests
test low_scatter_validates_before_empty_execution_and_keeps_counts_resident ... ok
test lists_handle_contention_strides_broadcast_and_fresh_repeated_calls ... ok
test common_low_scatter_backend_conformance ... ok

test result: ok. 3 passed; 0 failed; 0 ignored; 0 measured; 0 filtered out; finished in 2.76s

     Running tests/low_statistics.rs (crates/target/debug/build/compute-mlx/145a495b19a503e4/out/low_statistics-145a495b19a503e4)

running 4 tests
test validation_precedes_empty_shortcuts_and_foreign_execution ... ok
test bounded_group_and_element_grids_visit_all_statistic_rows ... ok
test direct_long_strided_statistics_preserve_partial_rows_and_lazy_inputs ... ok
test common_low_statistics_conformance ... ok

test result: ok. 4 passed; 0 failed; 0 ignored; 0 measured; 0 filtered out; finished in 1.77s

     Running tests/native.rs (crates/target/debug/build/compute-mlx/a89e299f03dcd638/out/native-a89e299f03dcd638)

running 6 tests
test validation_failure_leaves_backend_usable_and_owner_checks_apply ... ok
test strided_views_broadcast_and_lazy_lifetime_follow_logical_values ... ok
test unsigned_scans_gather_and_dtype_boundaries ... ok
test batched_matmul_zero_inner_and_empty_reductions ... ok
test arithmetic_comparison_and_axis_reduction_match_references ... ok
test common_tensor_backend_conformance ... ok

test result: ok. 6 passed; 0 failed; 0 ignored; 0 measured; 0 filtered out; finished in 0.05s

     Running tests/reduction.rs (crates/target/debug/build/compute-mlx/95a9af871926cc78/out/reduction-95a9af871926cc78)

running 6 tests
test vector_matmul_empty_batches_preserve_empty_shape ... ok
test means_use_logical_broadcast_counts_and_remain_resident ... ok
test vector_matmul_uses_native_promotion_with_broadcast_and_empty_contraction ... ok
test unsigned_reductions_remain_exact_for_strided_inputs_and_wrap_products ... ok
test empty_reduction_contracts_are_checked_before_native_evaluation ... ok
test common_reduce_backend_conformance ... ok

test result: ok. 6 passed; 0 failed; 0 ignored; 0 measured; 0 filtered out; finished in 0.17s

     Running tests/scatter.rs (crates/target/debug/build/compute-mlx/0bbfac0cd0728f85/out/scatter-0bbfac0cd0728f85)

running 5 tests
test scatter_rejects_foreign_dtypes_and_incompatible_updates ... ok
test scatter_reductions_broadcast_updates_and_fold_exact_unsigned_values ... ok
test replace_duplicate_winners_follow_logical_index_order_repeatedly ... ok
test invalid_empty_and_scalar_scatter_inputs_preserve_contract ... ok
test common_scatter_backend_conformance ... ok

test result: ok. 5 passed; 0 failed; 0 ignored; 0 measured; 0 filtered out; finished in 0.11s

     Running tests/statistics.rs (crates/target/debug/build/compute-mlx/2b8d78050bf90db1/out/statistics-2b8d78050bf90db1)

running 6 tests
test softmax_preserves_log_normalizers_with_huge_offsets_and_extremes ... ok
test stats_empty_singleton_owner_dtype_and_epsilon_validation ... ok
test arbitrary_axis_statistics_match_cpu_groups_for_strided_inputs ... ok
test scaled_moments_and_layer_norm_handle_overflowing_raw_variance ... ok
test layer_norm_uses_both_safe_scaled_branches_with_subnormal_epsilon ... ok
test common_stats_backend_conformance ... ok

test result: ok. 6 passed; 0 failed; 0 ignored; 0 measured; 0 filtered out; finished in 0.11s

     Running unittests src/lib.rs (crates/target/debug/build/gcode-core/81e1ac598b7ea55a/out/gcode_core-81e1ac598b7ea55a)

running 29 tests
test foreign_words::tests::ordinary_lines_and_suffixes_borrow_the_input ... ok
test foreign_words::tests::compact_words_keep_extrusion_distinct_and_normalize_command_only ... ok
test foreign::tests::native_dialects_stay_strict_via_parse_any ... ok
test fixed7::tests::matches_std_format_edge_cases ... ok
test foreign::tests::empty_or_malformed_motion_fails ... ok
test foreign::tests::unknown_commands_checksums_and_parentheses_are_skipped ... ok
test foreign::tests::cura_style_absolute_extrusion_with_layer_colon ... ok
test foreign::tests::relative_moves_inches_and_compact_words ... ok
test foreign::tests::detects_prusaslicer_and_settings ... ok
test foreign::tests::prusa_relative_extrusion_and_layer_markers ... ok
test foreign::tests::explicit_diameter_overrides_header ... ok
test foreign::tests::arcs_are_chorded_in_xy ... ok
test foreign::tests::infers_layers_from_z_when_no_markers ... ok
test job::tests::flavor_header_is_optional_for_marlin_and_unknown_names_fail ... ok
test job::tests::every_flavor_round_trips_and_rejects_other_flavors_prologue ... ok
test job::tests::klipper_flavor_omits_m200_and_uses_native_heaters ... ok
test job::tests::preview_parser_rejects_job_dialect ... ok
test job::tests::job_round_trips_with_heat_and_retract ... ok
test job::tests::reprapfirmware_flavor_uses_g10_tool_temperatures ... ok
test package_3mf::tests::md5_matches_rfc_vector ... ok
test package_3mf::tests::rejects_missing_and_unsafe_members ... ok
test package_3mf::tests::packages_and_extracts_preview_gcode ... ok
test package_3mf::tests::job_package_embeds_mesh_and_plate_metadata ... ok
test writer::tests::job_propagates_writer_failure_after_partial_progress ... ok
test job::tests::writer_preserves_every_flavor_and_refuses_invalid_jobs_before_writing ... ok
test writer::tests::exact_budget_accepts_then_refuses_without_appending ... ok
test foreign::tests::fixed_motion_words_match_ordered_reference ... ok
test fixed7::tests::matches_std_format_random_bit_patterns ... ok
test fixed7::tests::matches_std_format_decimal_sweep ... ok

test result: ok. 29 passed; 0 failed; 0 ignored; 0 measured; 0 filtered out; finished in 0.25s

     Running tests/feedrate_override.rs (crates/target/debug/build/gcode-core/956da4370eb60daa/out/feedrate_override-956da4370eb60daa)

running 4 tests
test override_applies_to_new_feedrates_inches_and_arcs ... ok
test override_changes_time_not_geometry_or_extrusion ... ok
test override_is_not_compounded_and_backup_restore_order_is_explicit ... ok
test invalid_or_unrepresentable_override_refuses_and_unknown_feedrate_stays_unknown ... ok

test result: ok. 4 passed; 0 failed; 0 ignored; 0 measured; 0 filtered out; finished in 0.00s

     Running tests/foreign_extrusion.rs (crates/target/debug/build/gcode-core/ebe7e2bf67473e2e/out/foreign_extrusion-ebe7e2bf67473e2e)

running 11 tests
test explicit_diameter_overrides_header_but_later_m200_updates_its_tool ... ok
test mode_queries_and_toggles_preserve_diameter_and_prior_totals ... ok
test malformed_extrusion_settings_fail_with_their_line_number ... ok
test absolute_e_does_not_absorb_flow_or_g92_into_its_position ... ok
test zero_flow_retraction_and_stationary_prime_keep_positive_advance_contract ... ok
test cubic_inches_scale_e_and_g92_but_diameter_remains_linear ... ok
test volumetric_moves_and_flow_are_converted_to_filament_length ... ok
test numeric_extremes_are_rejected_instead_of_nonfinite_or_zero_material ... ok
test tool_targeting_preserves_global_e_and_uses_per_tool_diameter_and_flow ... ok
test sparse_tool_identifiers_are_bounded_and_foreign_selector_syntax_is_not_misapplied ... ok
test absolute_and_relative_programs_agree_across_units_diameters_and_flows ... ok

test result: ok. 11 passed; 0 failed; 0 ignored; 0 measured; 0 filtered out; finished in 0.01s

     Running tests/foreign_regressions.rs (crates/target/debug/build/gcode-core/acb9c623c78d26bb/out/foreign_regressions-acb9c623c78d26bb)

running 5 tests
test full_circle_without_endpoint_axes_is_not_dropped ... ok
test compact_extruder_words_are_not_scientific_notation ... ok
test tolerant_reader_keeps_numeric_and_input_limits ... ok
test word_layouts_preserve_modal_preview_and_layer_identity ... ok
test expanded_arc_points_share_the_output_move_budget ... ok

test result: ok. 5 passed; 0 failed; 0 ignored; 0 measured; 0 filtered out; finished in 0.05s

     Running tests/foreign_retraction_contract.rs (crates/target/debug/build/gcode-core/54695a6db8e7d396/out/foreign_retraction_contract-54695a6db8e7d396)

running 2 tests
test unmodeled_retraction_does_not_change_relative_or_volumetric_e_units ... ok
test unmodeled_firmware_commands_do_not_rebase_programmed_absolute_e ... ok

test result: ok. 2 passed; 0 failed; 0 ignored; 0 measured; 0 filtered out; finished in 0.00s

     Running tests/job.rs (crates/target/debug/build/gcode-core/df8af254ee93942b/out/job-df8af254ee93942b)

running 2 tests
test job_gcode_includes_heat_retract_and_round_trips ... ok
test thick_gcode_3mf_carries_job_mesh_and_plate_json ... ok

test result: ok. 2 passed; 0 failed; 0 ignored; 0 measured; 0 filtered out; finished in 0.00s

     Running tests/preview.rs (crates/target/debug/build/gcode-core/9a3f39e4adf3a425/out/preview-9a3f39e4adf3a425)

running 27 tests
test legacy_preview_requires_regeneration_instead_of_guessing_missing_metadata ... ok
test emitter_rejects_nonfinite_or_out_of_range_points_and_heights ... ok
test emitter_rejects_nonincreasing_or_indistinguishable_layers ... ok
test emitter_rejects_invalid_closed_path ... ok
test closed_paths_include_closing_segment_without_duplicating_input ... ok
test empty_plan_round_trips_without_invented_bounds ... ok
test emitter_rejects_extrusion_that_would_round_to_zero ... ok
test invalid_profiles_include_derived_overflow_underflow_and_rounding ... ok
test layers_support_model_space_coordinates_and_count_vertical_travel ... ok
test comments_blank_lines_and_crlf_are_supported ... ok
test initial_unknown_position_is_excluded_from_bounds_and_distance ... ok
test emit_uses_explicit_preview_dialect_and_no_printer_startup_or_shutdown ... ok
test coordinates_are_quantized_before_extrusion_is_calculated ... ok
test parse_requires_exact_dialect_marker ... ok
test parser_rejects_layer_inconsistencies ... ok
test parser_requires_complete_prologue_and_metadata ... ok
test preview_round_trips_filament_volume_and_nominal_time ... ok
test parser_tracks_modal_feedrate_e_deltas_and_real_travel ... ok
test parser_rejects_unsupported_modes_commands_and_extrusion ... ok
test writer_matches_preview_and_distinguishes_sink_failure ... ok
test parser_rejects_malformed_numbers_duplicate_words_and_unicode_without_panicking ... ok
test input_and_single_line_size_limits_are_enforced ... ok
test excessive_layer_counts_are_rejected_on_both_sides ... ok
test empty_layer_z_movement_counts_toward_the_emit_budget ... ok
test one_enormous_layer_is_bounded_before_generation ... ok
test output_is_bounded_within_a_single_layer ... ok
test move_limit_applies_to_parsed_moves_even_when_position_is_incomplete ... ok

test result: ok. 27 passed; 0 failed; 0 ignored; 0 measured; 0 filtered out; finished in 0.22s

     Running unittests src/lib.rs (crates/target/debug/build/gcode-optimize/cc336a643a08403c/out/gcode_optimize-cc336a643a08403c)

running 0 tests

test result: ok. 0 passed; 0 failed; 0 ignored; 0 measured; 0 filtered out; finished in 0.00s

     Running tests/optimize.rs (crates/target/debug/build/gcode-optimize/4166b4fc9819c278/out/optimize-4166b4fc9819c278)

running 10 tests
test long_gap_counts_as_virtual_retract ... ok
test seam_min_x_rotates_closed_loop ... ok
test simplify_keeps_endpoints_and_drops_colinear ... ok
test order_reduces_travel_on_scattered_segments ... ok
test combing_walks_around_a_hole ... ok
test from_toolpaths_drops_roles_and_emits ... ok
test simplify_volume_stays_within_tolerance_on_a_square ... ok
test islands_travel_does_not_increase ... ok
test emit_optimized_round_trips_volume_without_simplify ... ok
test emit_optimized_job_uses_print_job_dialect ... ok

test result: ok. 10 passed; 0 failed; 0 ignored; 0 measured; 0 filtered out; finished in 0.00s

     Running unittests src/lib.rs (crates/target/debug/build/geometry-bridge/0231065b2edeb3d5/out/geometry_bridge-0231065b2edeb3d5)

running 342 tests
test brep_attestation::tests::refuses_descriptor_mismatches_wrong_by_one ... ok
test brep_attestation::tests::refuses_envelope_key_and_literal_mutations ... ok
test brep_attestation::tests::admits_a_real_source_text_matching_its_descriptor ... ok
test brep_attestation::tests::refuses_malformed_routing_headers ... ok
test brep_attestation::tests::refuses_routing_header_inconsistencies ... ok
test brep_attestation::tests::refuses_span_endpoints_inside_a_surrogate_pair ... ok
test brep_attestation::tests::refuses_envelope_component_mismatches ... ok
test brep_attestation::tests::admits_a_valid_unified_envelope_object ... ok
test brep_envelope::tests::admits_a_complete_valid_brep1_envelope_component_set ... ok
test brep_envelope::tests::derives_the_multi_node_closure_string_for_string ... ok
test brep_attestation::tests::admits_source_text_through_full_envelope_validation ... ok
test brep_envelope::tests::refuses_units_outside_the_fixed_sextet ... ok
test brep_envelope::tests::refuses_every_wrong_by_one_closure_variant ... ok
test brep_envelope::tests::admits_envelope_provenance_components_through_validate ... ok
test brep::registry_tests::empty_brep_returns_an_empty_mesh_without_claiming_a_closed_shell ... ok
test brep_display::tests::prepares_flat_normals_and_area ... ok
test brep_display::tests::refuses_float32_merges_collapse_and_overflow ... ok
test brep_execution_plan::tests::admits_exact_authored_order_and_empty_program ... ok
test brep_execution_plan::tests::refuses_plan_changes_that_skip_duplicate_reorder_or_add_legacy_work ... ok
test brep_envelope::tests::refuses_unsorted_duplicate_oversized_and_malformed_capabilities ... ok
test brep_envelope::tests::refuses_wrong_core_literals_and_schema_versions ... ok
test brep_envelope::tests::refuses_source_descriptor_violations ... ok
test brep::registry_tests::coincident_uv_samples_from_different_topology_are_rejected ... ok
test brep_identity::tests::admits_a_valid_occurrence_identity_chain ... ok
test brep_identity::tests::admits_a_valid_operation_forest ... ok
test brep_identity::tests::js_number_formatting_matches_json_stringify ... ok
test brep_identity::tests::matches_host_digests_for_hand_built_paths_and_chains ... ok
test brep_identity::tests::refuses_duplicate_ordinal_disorder_across_rows ... ok
test brep_graph::tests::graph_refuses_invalid_references_outputs_and_partial_success ... ok
test brep_identity::tests::refuses_wrong_by_one_occurrence_mutations ... ok
test brep_json_size::tests::browser_json_conventions ... ok
test brep_identity::tests::refuses_wrong_by_one_operation_mutations ... ok
test brep_graph_runner::tests::abort_and_failed_steps_release_owned_geometry ... ok
test brep_graph::tests::reports_failure_node_and_completed_prefix_without_outputs ... ok
test brep_json_size::tests::independent_browser_number_length_oracle ... ok
test brep_production::tests::refuses_a_broken_result_frontier_match ... ok
test brep_production::tests::refuses_a_bad_boolean_operand_structure ... ok
test brep_production::tests::refuses_a_hull_reduction_mismatch ... ok
test brep_production::tests::refuses_a_node_claimed_by_two_materializer_groups ... ok
test brep_production::tests::refuses_a_node_with_zero_materializer_groups ... ok
test brep_production::tests::refuses_a_broken_transform_map_chain ... ok
test brep_production::tests::refuses_an_anchored_row_missing_its_continuation ... ok
test brep_production::tests::refuses_interrupted_legacy_evaluation_artifacts ... ok
test brep_production::tests::refuses_a_misplaced_output_ordinal ... ok
test brep_production::tests::refuses_an_expansion_row_without_an_anchor ... ok
test brep::registry_tests::nearby_disconnected_shells_keep_distinct_authored_vertices ... ok
test brep::registry_tests::shared_edge_registry_gives_identical_indices_to_adjacent_faces ... ok
test brep_profile::tests::empty_and_boolean_profiles_have_no_solid_or_mesh_placeholder ... ok
test brep_production::tests::replays_through_the_full_envelope_admission ... ok
test brep_profile::tests::even_odd_refuses_crossings_and_contacting_holes ... ok
test brep_provenance::tests::admits_a_complete_valid_component_set ... ok
test brep_production::tests::refuses_structural_expansion_mutations ... ok
test brep_profile::tests::even_odd_normalizes_unordered_original_rings_and_retains_holes ... ok
test brep_provenance::tests::refuses_provenance_violations ... ok
test brep_provenance::tests::refuses_tessellation_intent_violations ... ok
test brep_result::tests::output_slots_share_geometry_and_preserve_references ... ok
test brep_provenance::tests::refuses_diagnostic_template_violations ... ok
test brep_graph::tests::repeated_edges_at_arity_limit_preserve_liveness ... ok
test brep_result::tests::rejects_wrong_branch_lineage_order_and_color ... ok
test brep_scene_plan::tests::refuses_out_of_contract_display_policies ... ok
test brep_scene_plan::tests::derives_the_pinned_host_display_policy_hash ... ok
test brep_profile::tests::offsets_retained_regions_and_reports_empty_material ... ok
test brep_production::tests::replays_real_lowered_programs_successfully ... ok
test brep_provenance::tests::refuses_diagnostics_violations ... ok
test brep_semantic::tests::typed_empty_algebra_precedes_feature_limits ... ok
test brep_semantic::admission_tests::native_admission_refuses_ignored_inputs_and_space_mismatches ... ok
test brep_graph::tests::graph_owns_empty_reuse_and_requested_output_order ... ok
test brep_semantic::tests::native_geometry_nodes_compose_profile_transform_and_extrusion ... ok
test brep_session::tests::node_identity_admission_is_native_and_stable_after_release ... ok
test brep_semantic::boolean_admission_tests::singleton_boolean_cannot_bypass_operation_admission ... ok
test brep_session::tests::failed_evaluation_never_publishes_and_poisoned_session_cannot_commit ... ok
test brep_session::tests::ownership_release_and_commit_are_atomic ... ok
test brep_session::tests::aggregate_budget_failure_preserves_existing_entries_until_close ... ok
test brep_session::tests::unsupported_carriers_and_evidence_never_publish ... ok
test brep_session::tests::references_and_duplicate_commit_are_checked ... ok
test brep_semantic::tests::exact_polygon_revolution_uses_native_closed_topology ... ok
test brep_session::tests::result_admission_checks_dimension_closed_shells_and_topology ... ok
test brep_session_abi::tests::foreign_handles_fail_without_revoking_their_owner ... ok
test brep_session_abi::tests::incomplete_graph_commit_revokes_handle_and_dispose_cancels ... ok
test cad_body_affine::instance_tests::batch_placements_preserve_order_and_refuse_singular_matrix ... ok
test cad_body_affine::instance_tests::instance_edit_composes_about_current_bounds_center ... ok
test cad_body_affine::instance_tests::instance_edit_rejects_invalid_affine_and_zero_scale ... ok
test brep_session_abi::tests::wire_handles_survive_commit_and_are_revoked_on_dispose ... ok
test cad_bridge_curve::tests::rational_g2_endpoints ... ok
test brep_session::tests::evaluation_refuses_foreign_released_and_mismatched_references ... ok
test cad_clearance::tests::closest_segment_points_include_interior_and_endpoint_minima ... ok
test cad_clearance::tests::nearly_parallel_crossing_has_zero_distance ... ok
test cad_clearance::tests::segment_distance_covers_interior_parallel_and_collapsed_cases ... ok
test cad_clearance::tests::segment_distance_is_scale_covariant ... ok
test cad_diagnostics::all_intersection_tests::serializes_completion_and_output_limit_without_claiming_a_clean_mesh ... ok
test cad_centered_lattice::tests::bounded_centered_topologies ... ok
test cad_diagnostics::tests::measures_distance_and_circle_curvature ... ok
test cad_diagnostics::intersection_tests::serializes_first_contact_and_rejects_invalid_budget ... ok
test cad_diagnostics::tests::rejects_invalid_planes ... ok
test cad_dimensions::tests::horizontal_and_vertical_dimensions_edit_one_axis ... ok
test cad_dimensions::tests::length_and_signed_angle ... ok
test cad_display::tests::coarse_normals_preserve_degenerate_triangles_and_refuse_bad_indices ... ok
test cad_display::tests::fixed_keys_follow_binary_rational_decimal_rounding ... ok
test brep_session_abi::tests::graph_steps_commit_once_and_share_registry_budget ... ok
test brep_session::tests::typed_empty_survives_reuse_and_commit ... ok
test brep_graph::tests::liveness_releases_unretained_geometry_under_aggregate_budget ... ok
test cad_body_affine::instance_tests::batch_brep_matches_individual_geometry_and_preserves_input ... ok
test cad_boundary_agreement::tests::dispatch_distinguishes_complete_mismatch_and_budget_exhaustion ... ok
test cad_display::tests::planar_box_preserves_working_triangle_correspondence ... ok
test cad_face_contacts::tests::visited_is_not_complete_and_output_truncation_is_explicit ... ok
test cad_lattice::cell_tests::honeycomb_does_not_apply_web_jitter ... ok
test cad_lattice::cell_tests::oversized_inset_returns_empty_without_indexing_removed_vertices ... ok
test cad_lattice::cell_tests::triangle_inset_offsets_each_original_edge_once ... ok
test cad_lattice::print_tests::opening_fit_is_bounded_and_idempotent ... ok
test cad_lattice::print_tests::opening_fit_refuses_impossible_and_malformed_constraints ... ok
test cad_lattice::print_tests::opening_fit_respects_representable_bounds ... ok
test cad_mesh_topology::tests::decimal_seam_ties_follow_legacy_rounding ... ok
test cad_pattern::tests::footprint_matches_wire_and_counts_object_keys ... ok
test cad_face_contacts::tests::contact_witness_survives_without_exporting_unresolved_boxes ... ok
test cad_profile_prepare::retained_tests::gaps_branches_and_intersections_refuse ... ok
test cad_profile_prepare::retained_tests::noncardinal_ends_retain_shape ... ok
test cad_profile_prepare::retained_tests::semicircle_retains_quadratics_and_area ... ok
test brep_session::tests::reduced_operands_preserve_authored_order_and_multiplicity ... ok
test cad_profile_prepare::retained_tests::tolerance_adds_an_explicit_connector_without_moving_arc ... ok
test cad_profile_prepare::retained_tests::unordered_arcs_make_full_circle ... ok
test cad_profile_prepare::tests::connector_preserves_points ... ok
test cad_profile_prepare::tests::gap_and_branch_refuse ... ok
test cad_profile_prepare::tests::rejects_collinear_triangle ... ok
test cad_profile_prepare::tests::rejects_crossing_and_degenerate ... ok
test cad_face_contacts::tests::cylinder_face_proofs_include_linear_basis_and_complete_work_counts ... ok
test cad_profile_prepare::tests::rejects_disconnected_cycles ... ok
test cad_profile_prepare::tests::reports_exact_crossing_segments ... ok
test cad_profile_prepare::tests::reports_overlapping_adjacent_segments ... ok
test cad_profile_prepare::tests::unordered_reversed_cycle ... ok
test cad_quantity::tests::editor_quantities ... ok
test cad_selection::instance_tests::similarity_inverse_cancels_rotation_scale_and_translation ... ok
test cad_sketch::slot_tests::capsule_bounds_and_invalid_centers ... ok
test cad_profile_prepare::sample_tests::snapped_display_endpoints_join_without_connectors ... ok
test cad_solid_distance::tests::export_native_contract_fixtures_when_requested ... ok
test cad_face_contacts::tests::combined_diagnostics_keep_face_limits_and_volume_scope_explicit ... ok
test cad_surface_diagnostics::tests::rejects_invalid_sampling ... ok
test cad_surface_diagnostics::tests::distinguishes_gap_from_fold ... ok
test brep::registry_tests::curved_trim_holes_preserve_registry_ownership_through_bridge_refinement ... ok
test cad_display::tests::sphere_refinement_maps_to_working_triangles_and_honors_budget ... ok
test cad_display::tests::cylinder_caps_stay_flat_while_walls_smooth ... ok
test intersections::tests::serialized_curve_curve_report_keeps_paired_parameters_and_uncertified ... ok
test brep_graph_runner::tests::bounded_steps_match_one_shot_output_and_cannot_commit_prefix ... ok
test intersections::tests::serialized_cone_cone_report_carries_exact_circles_and_stays_uncertified ... ok
test intersections::tests::serialized_curve_ruled_surface_report_keeps_uv_and_stays_uncertified ... ok
test cad_shell_distance::tests::shell_distance_dispatch_keeps_scope_and_nullable_witnesses ... ok
test intersections::tests::serialized_cylinder_cylinder_report_carries_exact_lines_and_stays_uncertified ... ok
test intersections::tests::serialized_intersection_report_is_explicitly_uncertified ... ok
test intersections::tests::serialized_plane_cone_classification_regions_are_explicit ... ok
test brep_semantic::tests::native_semantic_boolean_keeps_authored_operand_order ... ok
test intersections::tests::serialized_plane_cone_report_carries_exact_conics_and_stays_uncertified ... ok
test intersections::tests::serialized_cylinder_torus_report_carries_exact_circles_and_stays_uncertified ... ok
test intersections::tests::serialized_cone_torus_report_carries_exact_circles_and_stays_uncertified ... ok
test intersections::tests::serialized_plane_cylinder_report_carries_exact_rulings_and_stays_uncertified ... ok
test intersections::tests::serialized_plane_cylinder_classification_regions_are_explicit ... ok
test brep_session::tests::native_empty_boolean_algebra_and_extrusion_need_no_host_reduction ... ok
test intersections::tests::serialized_plane_sphere_report_carries_exact_circle_and_stays_uncertified ... ok
test brep::registry_tests::periodic_step_sphere_tessellates_with_shared_seam_and_poles ... ok
test intersections::tests::serialized_cylinder_cylinder_classification_regions_are_explicit ... ok
test intersections::tests::serialized_plane_sphere_classification_regions_are_explicit ... ok
test intersections::tests::serialized_cone_cone_classification_regions_are_explicit ... ok
test intersections::tests::serialized_sphere_cone_report_carries_exact_circles_and_stays_uncertified ... ok
test intersections::tests::serialized_plane_torus_report_carries_exact_circles_and_stays_uncertified ... ok
test intersections::tests::serialized_cone_torus_classification_regions_are_explicit ... ok
test intersections::tests::serialized_sphere_sphere_report_carries_exact_circle_and_stays_uncertified ... ok
test intersections::tests::serialized_sphere_cylinder_report_carries_exact_circles_and_stays_uncertified ... ok
test intersections::tests::serialized_sphere_sphere_classification_regions_are_explicit ... ok
test intersections::tests::serialized_sphere_torus_report_carries_exact_circles_and_stays_uncertified ... ok
test intersections::tests::serialized_torus_torus_report_carries_exact_circles_and_stays_uncertified ... ok
test intersections::tests::serialized_plane_torus_classification_regions_are_explicit ... ok
test mesh_export_file::tests::failed_session_cannot_finish_and_handles_do_not_recur ... ok
test mesh_picking::tests::bounded_registry_and_failed_admission_do_not_publish ... ok
test mesh_picking::tests::protocol_validates_bounds_and_preserves_snapshot_after_refusal ... ok
test mesh_picking::tests::snapshot_queries_reuse_owned_buffers_and_reject_disposed_handles ... ok
test intersections::tests::serialized_sphere_cone_classification_regions_are_explicit ... ok
test mesh_render::tests::native_render_benchmark ... ignored, explicit native benchmark; run with --ignored --nocapture
test intersections::tests::serialized_cylinder_torus_classification_regions_are_explicit ... ok
test mesh_render::tests::preserves_repeated_incidence_degeneracy_and_unused_vertices ... ok
test intersections::tests::serialized_sphere_cylinder_classification_regions_are_explicit ... ok
test mesh_shell::tests::bvh_distance_and_sign_agree_with_reference ... ok
test mesh_shell::tests::lattice_auto_recommendation_tracks_work_size ... ok
test mesh_surface_groups::surface_group_tests::degenerate_triangles_are_barriers_and_empty_mesh_is_supported ... ok
test mesh_surface_groups::surface_group_tests::exact_welds_preserve_winding_and_signed_zero ... ok
test mesh_surface_groups::surface_group_tests::groups_connected_smooth_strip ... ok
test mesh_surface_groups::surface_group_tests::keeps_disconnected_and_non_manifold_triangles_separate ... ok
test mesh_surface_groups::surface_group_tests::refuses_invalid_layout_angles_and_triangle_budget ... ok
test mesh_surface_groups::surface_group_tests::stride_three_and_stride_six_have_identical_groups ... ok
test mesh_surface_groups::surface_group_tests::validates_unused_positions_and_sparse_indices ... ok
test path2d::tests::compound_knife_and_scissors_transport_preserves_ring_grouping ... ok
test path2d::tests::dispatches_fill_rule_and_holes_for_mesh_offset_and_gradient ... ok
test path2d::tests::dispatches_miter_limit_without_requiring_region_flag_and_preserves_concentric_nesting ... ok
test path2d::tests::dispatches_ridge_smoothing_and_keeps_legacy_repeat_defaults ... ok
test path2d::tests::dispatches_single_ring_stipple_jitter_and_seed_without_dropping_options ... ok
test path2d::tests::node_editing_and_missing_mesh_tools_are_reachable ... ok
test path2d::tests::rejects_invalid_holes_and_dash_values_instead_of_discarding_them ... ok
test path2d::tests::semantic_editor_options_survive_transport ... ok
test print_geometry::tests::cone_uses_actual_normals_and_plane_tolerance_is_explicit ... ok
test print_geometry::tests::direction_scale_and_plane_translation_are_explicit ... ok
test print_geometry::tests::distinguishes_contact_from_floating_downward_faces ... ok
test print_geometry::tests::refuses_invalid_settings_open_or_reversed_meshes ... ok
test print_strength::tests::screening_dispatch_is_strict_and_bounded ... ok
test print_strength::tests::thermal_dispatch_preserves_properties_and_refuses_schema_drift ... ok
test mesh_render::tests::preserves_high_valence_crease_groups_and_triangle_order ... ok
test reconstruction::tests::authored_surface_set_tessellates_without_reconstruction_metadata ... ok
test reconstruction::tests::mesh_sdf_sign_and_hollow_orientation ... ok
test reconstruction::tests::exact_nurbs_round_trip ... ok
test mesh_shell::tests::lattice_auto_matches_cpu_on_small_grid ... ok
test scene_picking::tests::lifecycle_and_failed_admission ... ok
test sdf_gpu::tests::batch_prepare_caps_job_count ... ok
test sdf_gpu::tests::batch_prepare_enforces_the_total_sample_ceiling ... ok
test reconstruction::tests::subdivision_fit_reduces_interpolation_residual ... ok
test sdf_gpu::tests::batch_prepare_rejects_malformed_slots ... ok
test sdf_gpu::tests::batch_prepare_registers_eligible_jobs_and_keeps_input_order ... ok
test structural_sections::tests::cavities_are_not_reported_as_disconnected_material ... ok
test structural_sections::tests::edge_components_do_not_merge_at_a_shared_point ... ok
test structural_sections::tests::refuses_open_mesh_and_invalid_station_requests ... ok
test intersections::tests::serialized_sphere_torus_classification_regions_are_explicit ... ok
test structural_sections::tests::through_hole_is_one_boundary_and_separate_blocks_are_two ... ok
test structural_sections::tests::same_bounds_do_not_hide_material_removed_by_a_hole ... ok
test structural_sections::tests::unresolved_contact_preserves_geometric_report_without_connectivity_claim ... ok
test structural_sections::tests::transverse_sections_preserve_disconnected_material_and_empty_stations ... ok
test svg::non_scaling_tests::non_scaling_affine_transform_preserves_physical_width ... ok
test reconstruction::tests::smooth_nurbs_is_bounded_and_continuous_at_seams ... ok
test svg::non_scaling_tests::non_scaling_closed_stroke_preserves_hole_and_join_geometry ... ok
test svg::non_scaling_tests::non_scaling_dash_lengths_and_offsets_are_measured_in_host_space ... ok
test svg::non_scaling_tests::non_scaling_css_cascade_and_explicit_inheritance_match_attributes ... ok
test svg::non_scaling_tests::non_scaling_gradient_stroke_retains_original_paint_coordinates ... ok
test svg::non_scaling_tests::non_scaling_host_is_outermost_viewport_even_with_nested_svg ... ok
test svg::non_scaling_tests::non_scaling_clips_use_the_declared_space_and_unstroked_object_bbox ... ok
test svg::non_scaling_tests::non_scaling_marker_units_distinguish_stroke_width_from_user_space ... ok
test mesh_analysis::cooperative_tests::admission_is_bounded_and_failure_does_not_poison_registry ... ok
test sdf_gpu::tests::prepare_finish_roundtrip_matches_reference_extraction ... ok
test svg::non_scaling_tests::non_scaling_resource_budget_is_checked_before_any_clone_or_mutation ... ok
test svg::non_scaling_tests::non_scaling_paint_order_and_element_opacity_survive_outline_rendering ... ok
test svg::non_scaling_tests::non_scaling_square_and_round_caps_are_built_after_transform ... ok
test svg::non_scaling_tests::non_scaling_text_matches_equivalent_glyphs_at_double_font_size ... ok
test svg::non_scaling_tests::non_scaling_use_resolves_inherit_per_instance_without_leaking_from_defs ... ok
test svg::non_scaling_tests::non_scaling_width_resolves_physical_pixel_and_percentage_units ... ok
test svg::tests::all_gap_dashes_are_valid_empty_geometry_and_preserve_other_paints ... ok
test svg::tests::animated_gif_first_frame_preserves_canvas_and_matches_static_preview ... ok
test svg::non_scaling_tests::non_scaling_normalized_svg_roundtrip_preserves_physical_geometry_and_paint ... ok
test svg::tests::audit_css_root_size_and_close_continuation ... ok
test svg::tests::clipping_unions_children_and_intersects_nested_clips ... ok
test svg::tests::compatibility_px_preserves_css_identifiers_strings_and_xml_quotes ... ok
test svg::tests::css_use_symbol_nested_viewports_and_transform ... ok
test svg::tests::css_geometry_properties_and_non_applicable_declarations_are_admitted ... ok
test svg::tests::dashed_strokes_have_caps_and_nonuniform_transforms ... ok
test svg::non_scaling_tests::non_scaling_silhouette_matches_vector_contours_and_preserves_hole ... ok
test svg::tests::effects_preserved_in_preview_require_explicit_silhouette ... ok
test svg::tests::embedded_images_and_partial_geometry_fail_before_any_silent_omission ... ok
test svg::tests::custom_fonts_admit_outlines_and_reject_nested_images_in_every_collection_face ... ok
test svg::tests::malformed_geometry_security_and_reference_budgets_fail_explicitly ... ok
test svg::tests::marker_admission_counts_tref_copies_links_and_primitive_arcs ... ok
test svg::tests::latin_cyrillic_text_outlines_preview_and_reimport ... ok
test svg::tests::markers_and_gradient_paints_are_real_geometry ... ok
test svg::tests::nested_markers_count_expansion_and_source_inheritance ... ok
test svg::tests::non_scaling_dash_budget_uses_host_space_before_preview_expansion ... ok
test svg::tests::object_bounding_box_clip_and_evenodd_hole ... ok
test svg::tests::opacity_and_visibility_remove_invisible_geometry ... ok
test svg::tests::open_scad_dimensions_and_viewbox_are_binary64 ... ok
test brep::registry_tests::curved_prism_xor_keeps_contacting_components_and_trim_samples_separate ... ok
test svg::tests::quadratic_cubic_smooth_and_arc_paths_preserve_endpoints ... ok
test svg::tests::raster_decode_errors_are_explicit_before_preview_or_silhouette ... ok
test svg::non_scaling_tests::non_scaling_pattern_content_uses_each_painted_instances_host_transform ... ok
test svg::tests::vector_effect_rejection_checks_every_css_declaration_and_rule ... ok
test svg::tests::webp_normalization_preserves_transparency_and_static_pixels ... ok
test svg_css::tests::admission_does_not_change_rendered_attribute_selectors ... ok
test svg_css::tests::admission_preserves_marker_and_font_dependencies_of_original_selectors ... ok
test svg_css::tests::case_insensitive_important_keeps_quoted_data_unchanged ... ok
test svg_css::tests::css_geometry_respects_symbol_viewport_percentages_and_units ... ok
test svg_css::tests::effective_root_size_and_admission_retain_cascade_and_path_cost ... ok
test svg::tests::duplicate_ids_and_dual_href_cannot_bypass_reference_admission ... ok
test svg_css::tests::geometry_cascade_applies_specificity_source_order_and_inline_important ... ok
test svg_css::tests::geometry_d_path_and_none_preserve_path_semantics ... ok
test svg_css::tests::geometry_defaults_are_not_implicitly_inherited ... ok
test svg_css::tests::geometry_inherit_is_resolved_for_each_use_instance ... ok
test svg_css::tests::inherit_uses_computed_parent_font_units ... ok
test svg::tests::ordinary_css_markers_and_recursive_marker_suppression_remain_valid ... ok
test svg_css::tests::supported_css_selector_combinators_preserve_geometry ... ok
test svg::tests::marker_replication_is_rejected_before_normalization ... ok
test svg_silhouette::tests::alpha_threshold_and_luminance_mask_change_the_silhouette ... ok
test svg_silhouette::tests::compound_fill_preserves_hole_and_island_winding ... ok
test svg_silhouette::tests::dense_dashes_and_accumulated_paint_work_fail_before_rendering ... ok
test svg_silhouette::tests::diagonal_pixels_remain_separate_closed_islands ... ok
test svg_silhouette::tests::embedded_png_alpha_controls_image_silhouette ... ok
test svg_silhouette::tests::enlarged_nested_svg_cannot_bypass_pattern_tile_budget ... ok
test cad_display::tests::mixed_shell_display_keeps_exact_triangle_ownership ... ok
test svg_silhouette::tests::filter_output_is_rendered_before_thresholding ... ok
test svg_silhouette::tests::invalid_options_and_excessive_effect_work_fail_closed ... ok
test svg_silhouette::tests::every_three_by_three_grid_preserves_area_and_pixel_membership ... ok
test svg_silhouette::tests::pattern_opacity_produces_disjoint_geometry ... ok
test svg_silhouette::tests::rectangle_has_exact_mm_bounds_and_only_four_corners ... ok
test mesh_analysis::cooperative_tests::completion_matches_sync_and_owns_snapshot_after_source_deletion ... ok
test svg::tests::reference_expansion_counts_path_weight_and_text_before_normalization ... ok
test cad_solid_distance::tests::dispatch_separates_material_containment_from_unproven_geometry ... ok
test tests::analytic_step_export_import_roundtrip ... ok
test tests::authorized_heal_v2_bridge_derives_evidence_and_preserves_source ... ok
test svg_silhouette::tests::svg_admission_review_regressions ... ok
test tests::brep_tessellation_preserves_faces_and_interchanges_both_kernels ... ok
test tests::brep_transport_carries_authoritative_canonical_change_set ... ok
test svg_css::tests::unsupported_valid_css_is_explicit_and_css_expansion_is_bounded ... ok
test sweep_cap_evidence::tests::retained_caps_share_budgets_and_preserve_model ... ok
test tests::annular_fillet_bridge_requires_complete_rim ... ok
test intersections::tests::serialized_torus_torus_classification_regions_are_explicit ... ok
test tests::curved_graph_boolean_v3_bridge_serializes_audited_authority ... ok
test tests::certified_freeform_mass_crosses_bridge ... ok
test tests::direct_iges_v2_bridge_preserves_exact_graph ... ok
test tests::audited_feature_successors_cross_the_bridge_with_certificates ... ok
test brep::registry_tests::torus_periodic_seams_preserve_genus_and_obey_triangle_budget ... ok
test tests::certified_freeform_tessellation_crosses_bridge ... ok
test svg::non_scaling_tests::non_scaling_mask_content_resolves_user_space_and_object_bbox_instances ... ok
test tests::direct_step_v9_bridge_retains_open_shell ... ok
test svg_css::tests::large_shared_css_path_is_limited_while_values_are_accumulated ... ok
test tests::freeform_nurbs_step_export_import_roundtrip ... ok
test tests::direct_step_v3_bridge_preserves_exact_graph ... ok
test tests::exact_loft_and_bent_rmf_successors_cross_bridge_atomically ... ok
test tests::invalid_surface_is_rejected_before_polygons_are_created ... ok
test tests::curved_graph_boolean_v4_v5_bridge_serializes_cell_specific_authority ... ok
test tests::mesh_boundary_can_construct_a_new_nurbs_surface ... ok
test tests::mesh_section_and_toolpath_ops_cut_a_box ... ok
test tests::nurbs_to_polygons_and_back_to_exact_boundary_curves ... ok
test tests::direct_step_v5_bridge_exposes_ap242_report ... ok
test tests::brep_operations_dispatch_to_closed_tessellated_solids ... ok
test truss::tests::bounds_load_count_and_requires_unique_explicit_selected_nodes ... ok
test truss::tests::dispatches_signed_response_and_rejects_unknown_fields ... ok
test truss::tests::explicit_wrench_matches_the_nodal_bar_and_superposes_signed_loads ... ok
test truss::tests::preserves_singular_error_and_rejects_transport_shape ... ok
test truss::tests::refuses_unrealizable_wrenches_and_ambiguous_load_schemas ... ok
test tests::direct_step_v6_bridge_roundtrips_poles_and_reports_identities ... ok
test tests::direct_step_v7_bridge_composes_occurrence_topology ... ok
test tests::simple_prism_fillet_bridge_reports_distinct_capability ... ok
test tests::direct_step_v8_bridge_exposes_whole_domain_certificate ... ok
test tests::step_successor_bridge_reports_identity_preservation_and_loss ... ok
test svg_css::tests::selector_list_cross_product_is_rejected_before_css_parser_allocation ... ok
test tests::exact_analytic_shell_crosses_bridge_with_audited_certificate ... ok
test mesh_analysis::cooperative_tests::cancellation_after_bvh_drops_edge_scratch_and_releases_admission ... ok
test mesh_render::tests::matches_reference_for_primitives_and_dense_smooth_meshes ... ok
test tests::freeform_nurbs_step_trimmed_and_solid_bridge ... ok
test mesh_analysis::cooperative_tests::cancelled_jobs_drop_scratch_and_never_alias_new_jobs ... ok
test cad_planar_edit::tests::cap_selection_is_scoped_and_preserves_input_on_success_and_failure ... ok
test brep::registry_tests::poles_round_holes_and_partial_turns_share_edge_indices_at_each_detail ... ok
test tests::general_multispan_boolean_bridge_is_strict_and_audited ... ok
test tests::layered_fillet_bridge_checks_chain_and_cavity ... ok

test result: ok. 341 passed; 0 failed; 1 ignored; 0 measured; 0 filtered out; finished in 2.76s

     Running tests/analytic_brep_tessellation.rs (crates/target/debug/build/geometry-bridge/9e556aa0e29da60d/out/analytic_brep_tessellation-9e556aa0e29da60d)

running 5 tests
test very_small_partial_revolve_fails_explicitly_when_display_tolerance_collapses_sector ... ok
test certified_planar_and_rational_cells_publish_two_sided_coverage ... ok
test sphere_and_both_cone_poles_tessellate_closed_at_each_lod ... ok
test certified_tessellation_has_typed_budget_mutation_and_sphere_successor ... ok
test partial_revolve_caps_share_side_tessellation_at_each_lod ... ok

test result: ok. 5 passed; 0 failed; 0 ignored; 0 measured; 0 filtered out; finished in 0.93s

     Running tests/box_sphere_tessellation.rs (crates/target/debug/build/geometry-bridge/a98a14f72a36e8a8/out/box_sphere_tessellation-a98a14f72a36e8a8)

running 1 test
test box_sphere_results_tessellate_within_their_vertex_bounds has been running for over 60 seconds
test box_sphere_results_tessellate_within_their_vertex_bounds ... ok

test result: ok. 1 passed; 0 failed; 0 ignored; 0 measured; 0 filtered out; finished in 60.87s

     Running tests/build_surfaces.rs (crates/target/debug/build/geometry-bridge/6372e0422e5ecd6d/out/build_surfaces-6372e0422e5ecd6d)

running 2 tests
test refuses_missing_unknown_and_malformed_fields ... ok
test transports_only_geometric_quantities_with_an_explicit_model_kind ... ok

test result: ok. 2 passed; 0 failed; 0 ignored; 0 measured; 0 filtered out; finished in 0.00s

     Running tests/gcode.rs (crates/target/debug/build/geometry-bridge/e20ffb3fb17e9bae/out/gcode-e20ffb3fb17e9bae)

running 7 tests
test invalid_explicit_options_never_fall_back_to_defaults ... ok
test foreign_slicer_files_are_previewed_tolerantly_with_detection ... ok
test no_downloadable_job_is_returned_for_an_empty_range ... ok
test export_is_verified_and_preview_is_independently_readable ... ok
test job_export_returns_print_job_and_gcode_3mf ... ok
test preview_rejects_unsupported_modes_and_bad_inputs ... ok
test job_export_honours_flavor_and_rejects_unknown_names ... ok

test result: ok. 7 passed; 0 failed; 0 ignored; 0 measured; 0 filtered out; finished in 0.01s

     Running tests/gear_tessellation.rs (crates/target/debug/build/geometry-bridge/dce5a933075f715b/out/gear_tessellation-dce5a933075f715b)

running 2 tests
test gear_bodies_tessellate_closed ... ok
test gears_take_part_in_booleans ... ok

test result: ok. 2 passed; 0 failed; 0 ignored; 0 measured; 0 filtered out; finished in 26.34s

     Running tests/loft_generalization.rs (crates/target/debug/build/geometry-bridge/3f5d3c796508a63a/out/loft_generalization-3f5d3c796508a63a)

running 6 tests
test json_cartesian_gordon_retains_incompatible_weights_and_refuses_incomplete_audit ... ok
test json_cartesian_guided_loft_retains_independent_guide_weights ... ok
test mapped_cartesian_loft_bounds_original_weighted_sections_and_curved_guide ... ok
test json_multispan_section_mapping_retains_the_original_section ... ok
test json_loft_accepts_subdivision_certified_monotonic_section_map ... ok
test json_nonplanar_loft_requires_global_embedding_and_two_caps ... ok

test result: ok. 6 passed; 0 failed; 0 ignored; 0 measured; 0 filtered out; finished in 0.38s

     Running tests/owned_brep_dispatch.rs (crates/target/debug/build/geometry-bridge/2cb2079df45c6f84/out/owned_brep_dispatch-2cb2079df45c6f84)

running 4 tests
test missing_and_malformed_models_retain_decode_errors_before_other_options ... ok
test display_still_checks_geometry_and_options ... ok
test owned_requests_match_typed_inspection_and_tessellation ... ok
test certified_options_survive_model_consumption ... ok

test result: ok. 4 passed; 0 failed; 0 ignored; 0 measured; 0 filtered out; finished in 0.14s

     Running tests/tolerant_sweep_tessellation.rs (crates/target/debug/build/geometry-bridge/775276d465975007/out/tolerant_sweep_tessellation-775276d465975007)

running 1 test
test tolerant_results_across_a_placement_sweep_tessellate_closed has been running for over 60 seconds
test tolerant_results_across_a_placement_sweep_tessellate_closed ... ok

test result: ok. 1 passed; 0 failed; 0 ignored; 0 measured; 0 filtered out; finished in 90.18s

     Running unittests src/lib.rs (crates/target/debug/build/geometry-ops/06a5685514fe9b69/out/geometry_ops-06a5685514fe9b69)

running 15 tests
test tests::brush_falloff_is_smoothstep_monotone_and_isotropic ... ok
test tests::twist_roundtrip ... ok
test sculpt::tests::falloff_profiles_are_bounded_monotone_and_named ... ok
test tests::brush_rejects_invalid_parameters_and_points ... ok
test sculpt::tests::flatten_projects_onto_area_plane ... ok
test sculpt::tests::grab_matches_legacy_brush_and_is_local ... ok
test sculpt::tests::smooth_relaxes_toward_ring_mean ... ok
test sculpt::tests::validation_rejects_bad_brushes_and_targets ... ok
test sculpt::tests::pinch_pulls_tangentially_toward_center ... ok
test tests::identity_lattice_and_brush_boundary ... ok
test sculpt::tests::symmetry_mirrors_center_and_displacement ... ok
test sculpt::tests::draw_and_inflate_follow_normals ... ok
test tests::brush_round_trips_through_value_codec ... ok
test sculpt::tests::from_faces_builds_outward_unit_normals_and_rings_for_any_arity ... ok
test sculpt::tests::brush_round_trips_through_codec_with_defaults ... ok

test result: ok. 15 passed; 0 failed; 0 ignored; 0 measured; 0 filtered out; finished in 0.00s

     Running unittests src/lib.rs (crates/target/debug/build/geometry-wasm/fb845a4f3930ca1e/out/geometry_wasm-fb845a4f3930ca1e)

running 0 tests

test result: ok. 0 passed; 0 failed; 0 ignored; 0 measured; 0 filtered out; finished in 0.00s

     Running unittests src/lib.rs (crates/target/debug/build/gpu-compute/ea71c90cab7aa39e/out/gpu_compute-ea71c90cab7aa39e)

running 24 tests
test context::tests::optional_features_require_explicit_adapter_support ... ok
test backend::tests::tuned_workgroup_size_falls_back_to_default_off_metal ... ok
test backend::tests::tuned_workgroup_size_selects_metal_variant ... ok
test cuda::tests::launch_1d_rounds_up ... ok
test cuda::tests::stream_selection_defaults_to_legacy_without_enabling_capture ... ok
test cuda::graph::tests::launch_upload_and_exec_destroy_errors_do_not_leak_graph ... ok
test cuda::graph::tests::abort_reports_end_error_and_cleanup_ignores_prior_bind_error ... ok
test cuda::graph::tests::preflight_and_failed_begin_never_end_someone_elses_capture ... ok
test cuda::graph::tests::failed_cleanup_bind_records_error_without_using_handles_in_wrong_context ... ok
test cuda::graph::tests::null_graph_or_exec_is_rejected_and_resources_cleaned ... ok
test cuda::graph::tests::invalidated_end_and_partial_graph_cleanup_are_not_skipped ... ok
test cuda::graph::tests::instantiate_failure_destroys_partial_exec_before_source_graph ... ok
test cuda::graph::tests::success_upload_launch_and_destruction_have_one_owner_and_order ... ok
test cuda::graph::tests::end_error_that_leaves_capture_active_is_retried_before_partial_graph_destroy ... ok
test cuda::graph::tests::explicit_abort_drains_remaining_capture_before_destroying_partial_graph ... ok
test profiling::tests::timestamp_conversion_preserves_short_deltas_and_rejects_unusable_samples ... ok
test cuda::graph::tests::abandoned_capture_and_rust_unwind_end_and_destroy_without_instantiation ... ok
test cuda::tests::device_probe_does_not_panic ... ok
test cuda::graph::tests::absent_driver_is_explicit_and_error_formatting_needs_no_driver ... ok
test backend::tests::available_subgroup_report_is_well_formed_when_present ... ok
test backend::tests::available_backend_report_is_well_formed_when_present ... ok
test memory::tests::backend_allocation_validation_is_recoverable_and_scopes_are_balanced ... ok
test readback::tests::stalled_callback_can_timeout_then_fail_without_an_empty_success ... ok
test profiling::tests::completion_and_mapping_timeouts_keep_pending_tickets ... ok

test result: ok. 24 passed; 0 failed; 0 ignored; 0 measured; 0 filtered out; finished in 0.04s

     Running tests/features.rs (crates/target/debug/build/gpu-compute/864e2ca76563c83a/out/features-864e2ca76563c83a)

running 1 test
test native_subgroups_and_timestamps_require_explicit_opt_in ... ok

test result: ok. 1 passed; 0 failed; 0 ignored; 0 measured; 0 filtered out; finished in 0.03s

     Running tests/memory.rs (crates/target/debug/build/gpu-compute/90745d76a0409d0c/out/memory-90745d76a0409d0c)

running 1 test
test unsupported_buffer_usages_return_errors_before_allocation ... ok

test result: ok. 1 passed; 0 failed; 0 ignored; 0 measured; 0 filtered out; finished in 0.03s

     Running tests/profiling.rs (crates/target/debug/build/gpu-compute/ad3049b6ba4e271e/out/profiling-ad3049b6ba4e271e)

running 4 tests
test timestamps_are_explicitly_enabled_and_context_identity_is_preserved ... ok
test cancelled_ticket_and_invalid_pass_do_not_poison_timer ... ok
test reused_timer_preserves_tickets_within_encoder_and_across_submissions ... ok
test alternating_workloads_measure_the_current_pass_instead_of_previous_samples ... ok

test result: ok. 4 passed; 0 failed; 0 ignored; 0 measured; 0 filtered out; finished in 0.12s

     Running tests/readback.rs (crates/target/debug/build/gpu-compute/eff990a2c6bed064/out/readback-eff990a2c6bed064)

running 2 tests
test ranges_empty_consumption_and_cancellation_are_distinct ... ok
test staging_is_unmapped_after_success_and_after_cancel ... ok

test result: ok. 2 passed; 0 failed; 0 ignored; 0 measured; 0 filtered out; finished in 0.04s

     Running unittests src/lib.rs (crates/target/debug/build/languages-bridge/a690bc723641f081/out/languages_bridge-a690bc723641f081)

running 0 tests

test result: ok. 0 passed; 0 failed; 0 ignored; 0 measured; 0 filtered out; finished in 0.00s

     Running unittests src/lib.rs (crates/target/debug/build/languages-wasm/5421bc0066aff568/out/languages_wasm-5421bc0066aff568)

running 0 tests

test result: ok. 0 passed; 0 failed; 0 ignored; 0 measured; 0 filtered out; finished in 0.00s

     Running unittests src/lib.rs (crates/target/debug/build/mechanical-core/0033f8a28d27d2c6/out/mechanical_core-0033f8a28d27d2c6)

running 2 tests
test tests::decimal_vertex_keys_round_exact_halfway_like_javascript ... ok
test tests::mechanical_generators_preserve_reference_reports_and_geometry ... ok

test result: ok. 2 passed; 0 failed; 0 ignored; 0 measured; 0 filtered out; finished in 0.07s

     Running unittests src/lib.rs (crates/target/debug/build/mechanics-core/36eaca0a17a46296/out/mechanics_core-36eaca0a17a46296)

running 30 tests
test print_strength::tests::print_profile_is_explicit_and_never_supplies_strength ... ok
test thermal_strength::tests::one_axis_requires_exact_fixed_temperature ... ok
test print_strength::tests::envelope_preserves_sign_and_ranks_demand ... ok
test truss::tests::rejects_invalid_input_before_matrix_allocation ... ok
test thermal_strength::tests::bilinear_and_exact_points_and_order ... ok
test thermal_strength::tests::refuses_missing_duplicate_invalid_and_extrapolated_data ... ok
test truss::tests::refuses_nearly_collinear_free_modes_and_numeric_overflow ... ok
test truss::tests::refuses_the_branch_two_node_lateral_load_regression ... ok
test truss::tests::axial_bar_has_analytical_deflection_stress_and_reaction ... ok
test truss::tests::restraint_loads_are_reactions_not_member_force_proxies ... ok
test bonded_solid::tests::strain_patch_and_rigid_rotation_are_reproduced ... ok
test truss::tests::series_members_share_force_and_preserve_equilibrium ... ok
test bonded_solid::tests::geometric_overlap_is_refused_even_with_distinct_node_ids ... ok
test truss::tests::uniform_modulus_and_load_scaling_preserves_displacements ... ok
test truss_loads::tests::cube_face_preserves_each_legacy_broken_moment_axis ... ok
test truss_loads::tests::rejects_invalid_budgets_and_numeric_ranges ... ok
test truss_loads::tests::input_order_does_not_change_the_resulting_forces ... ok
test truss_loads::tests::combined_force_and_moment_are_about_the_declared_origin ... ok
test truss::tests::rotated_translated_tripod_preserves_response_and_vector_reactions ... ok
test truss_loads::tests::single_node_cannot_turn_a_moment_into_a_force ... ok
test truss_loads::tests::two_node_couple_is_analytical_and_axial_torsion_is_refused ... ok
test bonded_solid::tests::uniform_opening_and_shear_transfer_equal_opposite_forces ... ok
test bonded_solid::tests::material_stiffness_controls_tip_deflection_and_bond_still_transfers_load ... ok
test bonded_solid::tests::bond_compression_is_separate_from_tensile_initiation ... ok
test bonded_solid::tests::rigid_frame_rotation_preserves_bond_utilization_and_forces ... ok
test truss_loads::tests::admits_coincident_force_shares_but_not_a_couple ... ok
test bonded_solid::tests::refuses_bypass_missing_bonds_mismatch_and_unrestrained_modes ... ok
test truss_loads::tests::rotations_and_uniform_length_scales_preserve_force_distribution ... ok
test truss::tests::admits_the_node_limit_with_independent_stable_tripods ... ok
test truss_loads::tests::assembled_loads_and_solver_reactions_balance_on_the_node_limit ... ok

test result: ok. 30 passed; 0 failed; 0 ignored; 0 measured; 0 filtered out; finished in 0.23s

     Running tests/section.rs (crates/target/debug/build/mechanics-core/6796a269e251979a/out/section-6796a269e251979a)

running 5 tests
test empty_and_bad_allowable_fail_closed ... ok
test rectangle_matches_beam_formulas ... ok
test bending_stress_is_mc_over_i ... ok
test weakest_layer_is_the_smaller_section ... ok
test hole_reduces_area_and_is_kept_out_of_wall_probe ... ok

test result: ok. 5 passed; 0 failed; 0 ignored; 0 measured; 0 filtered out; finished in 0.00s

     Running unittests src/lib.rs (crates/target/debug/build/modelgraph-runtime/669283dfd29e5162/out/modelgraph_runtime-669283dfd29e5162)

running 58 tests
test eval::guarded_tests::guard_steps_keep_statement_order_and_stop_before_later_items ... ok
test emit::assertion_tests::scalar_assertions_return_values_and_preserve_all_failures_in_a_chain ... ok
test emit::assertion_tests::geometry_checks_in_numeric_functions_keep_bound_arguments ... ok
test emit::assertion_tests::document_checks_and_geometry_share_the_global_memo_scope ... ok
test emit::dynamic_vector_tests::rejects_wrong_vector_lengths_scalar_results_and_dimensions ... ok
test emit::assertion_tests::sibling_local_scalar_assertions_are_aggregated_before_the_return_value ... ok
test emit::assertion_tests::unknown_and_ambiguous_pending_targets_fail_explicitly ... ok
test emit::match_tests::geometry_match_keeps_bindings_local_and_builds_only_selected_arm ... ok
test emit::assertion_tests::scalar_checks_capture_each_loop_scope_and_ignore_inactive_branches ... ok
test eval::guarded_tests::guarded_sequence_returns_original_values_with_lexical_binding ... ok
test emit::assertion_tests::hidden_and_transformed_targets_have_separate_sources ... ok
test emit::assertion_tests::geometry_effects_check_discarded_function_results_without_displaying_them ... ok
test eval::match_tests::evaluates_subject_once_and_reports_missing_case_with_path ... ok
test eval::match_tests::destructures_nested_tagged_records_and_list_rest ... ok
test eval::match_tests::guards_and_alternatives_isolate_partial_bindings ... ok
test emit::assertion_tests::hidden_target_executes_its_embedded_assertions_exactly_once ... ok
test eval::match_tests::matches_literals_without_cross_kind_or_unit_errors ... ok
test emit::dynamic_vector_tests::uses_dynamic_box_and_transform_vectors_with_correct_units ... ok
test eval::match_tests::list_shapes_and_missing_record_fields_are_plain_mismatches ... ok
test eval::match_tests::ranges_check_boundaries_and_units_without_coercion ... ok
test eval::memo_tests::memo_rejects_conflicting_bodies_and_caches_failures ... ok
test eval::memo_tests::memo_reuses_successful_checks_only_within_the_same_scope ... ok
test eval::tests::arithmetic_units_and_lazy_branches_match_contract ... ok
test eval::tests::closures_capture_lexical_scope_and_shadow_safely ... ok
test eval::tests::function_arguments_bind_without_caller_locals_and_geometry_is_deferred ... ok
test eval::tests::reports_retain_paths_dimensions_and_all_failed_constraints ... ok
test eval::tests::typed_values_and_strict_fields_are_not_coerced ... ok
test eval::typed_value_tests::recursively_coerces_f32_and_preserves_unit_checks ... ok
test eval::tests::sequences_support_flatten_filter_reduce_and_exact_endpoints ... ok
test eval::typed_value_tests::validates_dynamic_strings_vectors_and_exact_named_records ... ok
test eval::match_tests::type_patterns_only_accept_their_runtime_value_categories ... ok
test schema::tests::dynamic_vectors_do_not_relax_numeric_or_other_surface_shapes ... ok
test schema::tests::enforces_input_budgets_before_schema_errors ... ok
test schema::tests::inserts_defaults_without_changing_expressions ... ok
test emit::assertion_tests::expanded_geometry_assertions_are_bounded ... ok
test emit::assertion_tests::memoized_assertions_preserve_one_hundred_distinct_loop_iterations ... ok
test schema::tests::pattern_schema_rejects_ambiguous_bindings_and_unknown_keys ... ok
test schema::tests::rejects_null_optional_values_and_checks_message_code_point_length ... ok
test schema::tests::rejects_out_of_range_and_invalid_shapes ... ok
test schema::tests::pattern_schema_enforces_arms_nesting_and_total_size_limits ... ok
test schema::tests::rejects_unknown_keys_in_expressions_and_components ... ok
test schema::tests::reports_exact_nested_paths_and_budget_error_codes ... ok
test schema::tests::validates_nested_function_and_sequence_variants ... ok
test schema::tests::type_descriptors_are_strict_and_bounded ... ok
test eval::tests::budget_checks_count_logical_allocations_despite_shared_storage ... ok
test schema::tests::matches_original_zod_schema_corpus ... ok
test nurbs::tests::text_choices_are_lazy_and_unit_errors_preserve_text_diagnostics ... ok
test nurbs::tests::text_matrix_translation_uses_lengths_and_linear_part_uses_scalars ... ok
test nurbs::tests::scaled_sweep_scale_law_is_dimensionless_and_origin_is_length ... ok
test nurbs::tests::validates_defaults_and_resolves_parameters_without_changing_authoring_document ... ok
test nurbs::tests::text_curve_periodicity_survives_canonical_compilation ... ok
test nurbs::tests::rejects_bad_shapes_enums_and_scalar_records_without_union_backtracking ... ok
test nurbs::tests::rejects_duplicate_unknown_and_unreachable_references_with_original_paths ... ok
test nurbs::tests::curve_extrusion_references_participate_in_graph_and_conditional_traversal ... ok
test nurbs::cartesian_loft_tests::section_maps_resolve_dimensionless_values_and_validate_nullable_shapes ... ok
test nurbs::cartesian_loft_tests::cartesian_loft_graph_retains_audit_options_and_refuses_ignored_fields ... ok
test nurbs::tests::graph_depth_budget_counts_cached_shared_branches ... ok
test nurbs::tests::value_and_raw_document_budgets_still_apply ... ok

test result: ok. 58 passed; 0 failed; 0 ignored; 0 measured; 0 filtered out; finished in 0.06s

     Running tests/emitter_parity.rs (crates/target/debug/build/modelgraph-runtime/5ef1bb1fe44b8a46/out/emitter_parity-5ef1bb1fe44b8a46)

running 1 test
test geometry_and_diagnostics_match_original_compiler ... ok

test result: ok. 1 passed; 0 failed; 0 ignored; 0 measured; 0 filtered out; finished in 0.01s

     Running unittests src/lib.rs (crates/target/debug/build/modelgraph-text/1131885e008aae7a/out/modelgraph_text-1131885e008aae7a)

running 6 tests
test parser::statement_check_tests::top_level_check_ast_keeps_value_field ... ok
test parser::statement_check_tests::checks_preserve_order_and_expressions_in_brace_functions ... ok
test parser::statement_check_tests::checks_work_in_layout_and_void_functions ... ok
test parser::statement_check_tests::checks_preserve_foreach_clause_order ... ok
test parser::statement_check_tests::match_blocks_can_start_with_either_check_keyword ... ok
test parser::statement_check_tests::checks_follow_block_indentation_and_statement_limits ... ok

test result: ok. 6 passed; 0 failed; 0 ignored; 0 measured; 0 filtered out; finished in 0.00s

     Running tests/frontend.rs (crates/target/debug/build/modelgraph-text/66f63e2865084924/out/frontend-66f63e2865084924)

running 6 tests
test customizer_offsets_are_utf16_not_utf8 ... ok
test builds_graph_without_a_javascript_host ... ok
test geometry_collection_remains_a_parameterized_collect ... ok
test closure_capture_is_lexical_and_calls_preserve_parameter_checks ... ok
test curve_extrusion_keeps_nested_geometry_references_and_units ... ok
test rejects_invalid_layout_and_bounded_resource_abuse ... ok

test result: ok. 6 passed; 0 failed; 0 ignored; 0 measured; 0 filtered out; finished in 0.00s

     Running tests/loft.rs (crates/target/debug/build/modelgraph-text/ed9609ced86516a3/out/loft-ed9609ced86516a3)

running 5 tests
test automatic_parameter_tolerance_is_lowered_as_a_named_option ... ok
test cartesian_authored_tangent_examples_preserve_units_and_budgets ... ok
test mapped_loft_descriptors_lower_without_geometry_nodes_or_inline_records ... ok
test authored_loft_examples_lower_references_without_a_javascript_host ... ok
test authored_nonplanar_cap_example_lowers_carriers_and_uv_trim_references ... ok

test result: ok. 5 passed; 0 failed; 0 ignored; 0 measured; 0 filtered out; finished in 0.00s

     Running unittests src/lib.rs (crates/target/debug/build/nurbs-core/2fae3af6fa9d2ae6/out/nurbs_core-2fae3af6fa9d2ae6)

running 520 tests
test chord_arrangement::tests::exact_recipe_does_not_equate_nearby_intersections ... ok
test affine::tests::invalid_projective_nonfinite_dimension_and_output_range_are_refused ... ok
test chord_embedding::tests::shared_endpoints_and_separated_edges_are_admitted ... ok
test chord_embedding::tests::unjoined_crossings_contacts_and_duplicate_vertices_are_refused ... ok
test chord_faces::tests::adjacent_binary64_rays_have_exact_angular_order ... ok
test chord_arrangement::tests::simple_chains_preserve_exact_vertices_and_budget_refusal_is_atomic ... ok
test chord_arrangement::tests::overlapping_chords_retain_directed_source_occurrences ... ok
test chord_faces::tests::duplicated_rays_and_collapsed_edges_are_refused ... ok
test chord_arrangement::tests::multiple_crossings_are_ordered_by_proved_parameter_intervals ... ok
test chord_arrangement::tests::bowtie_splits_into_six_connected_edges_with_shared_crossing ... ok
test chord_faces::tests::bowtie_has_two_counterclockwise_triangle_walks ... ok
test chord_arrangement::tests::nearby_distinct_crossings_are_not_merged_by_tolerance ... ok
test chord_arrangement::tests::shared_endpoint_contacts_use_one_topological_vertex ... ok
test affine::tests::affine_weighted_curve_preserves_rational_data_and_commutes_with_evaluation ... ok
test chord_arrangement::tests::nonbinary_concurrent_intersections_share_an_exact_recipe ... ok
test chord_arrangement::tests::interior_contacts_split_axis_and_diagonal_chords ... ok
test chord_arrangement::tests::concurrent_closed_profile_materializes_connected_filled_loops ... ok
test chord_arrangement::tests::three_exact_crossings_share_one_vertex_without_collapsed_cuts ... ok
test affine::tests::surfaces_and_patch_sets_retain_basis_and_independent_plane_equation ... ok
test chord_fill_selection::tests::reversal_preserves_fill_and_exterior_is_empty ... ok
test chord_faces::tests::square_and_reversed_square_have_one_counterclockwise_walk ... ok
test chord_fill_selection::tests::coincident_traversals_preserve_winding_and_opposite_directions_cancel ... ok
test chord_fill_selection::tests::partial_shared_boundary_is_removed_between_filled_regions ... ok
test chord_fill_selection::tests::both_crossed_lobes_are_filled_and_budget_failure_is_explicit ... ok
test chord_fill_selection::tests::retraced_spikes_and_closed_bridges_do_not_change_filled_regions ... ok
test chord_winding::tests::double_wound_contour_distinguishes_fill_rules ... ok
test chord_winding::tests::oriented_hole_and_island_alternate_the_filled_region ... ok
test chord_winding::tests::bowtie_lobes_have_opposite_winding ... ok
test chord_winding::tests::square_reversal_outside_and_boundary_are_distinct ... ok
test chord_intersection::tests::refuses_contacts_parallel_outside_and_unmet_tolerance ... ok
test chord_intersection::tests::encloses_fractional_and_translated_intersections ... ok
test chord_intersection::tests::negative_miter_determinants_construct_the_same_join ... ok
test chord_witness::tests::witness_budget_never_returns_an_unchecked_point ... ok
test chord_fill_selection::tests::nested_boundaries_follow_orientation_and_fill_rule ... ok
test chord_fill_selection::tests::selected_boundary_curves_retain_exact_closure ... ok
test chord_fill_selection::tests::extracted_boundaries_close_and_keep_both_lobes ... ok
test chord_fill_selection::tests::star_merges_internal_edges_only_for_nonzero_fill ... ok
test chord_witness::tests::concave_and_crossed_contours_have_proved_interior_witnesses ... ok
test continuity::curve_match::tests::rejects_unclamped_knots_without_absolute_epsilon_and_degenerate_reference ... ok
test continuity::curve_match::tests::refuses_a_handle_lost_to_coordinate_rounding ... ok
test closed_spline::tests::symmetric_loop_matches_independent_segment_polynomials_and_seam_jets ... ok
test closed_spline::tests::nonuniform_spatial_loop_matches_all_authored_sites_and_join_jets ... ok
test continuity::curve_match::tests::matches_all_endpoint_pairs_and_preserves_weights_and_other_controls ... ok
test chord_fill_selection::tests::trimmed_offset_transport_preserves_loops_and_scope ... ok
test continuity::exact_strip::tests::projective_rational_quarters_certify_geometry_and_reject_curvature_change ... ok
test chord_fill_selection::tests::crossed_source_offset_produces_multiple_closed_regions ... ok
test continuity::exact_strip::tests::transport_preserves_exact_identity_and_regularity ... ok
test continuity::station_scale::tests::varying_weights_use_the_native_rational_derivative ... ok
test continuity::station_scale::tests::normalized_bezier_scale_uses_endpoint_poles_and_retains_source ... ok
test continuity::station_scale::tests::proposal_is_available_through_the_json_boundary ... ok
test continuity::preparation::tests::already_compatible_normalized_surfaces_keep_their_controls ... ok
test continuity::tests::periodic_and_multispan_seams_are_proved_without_sampling ... ok
test continuity::preparation::tests::certificate_detects_candidate_translation_and_refuses_rounded_knot_maps ... ok
test continuity::tests::refuses_incompatible_basis_and_nonpositive_result_weights ... ok
test continuity::preparation::tests::checked_preparation_returns_original_pair_on_failed_budget ... ok
test continuity::tests::rounded_normalized_knots_cannot_hide_an_incompatible_basis ... ok
test continuity::tests::rejects_rank_loss_between_sampling_sites ... ok
test closed_spline::tests::refuses_open_endpoints_bad_parameters_and_budgets_without_snapping ... ok
test continuity::tests::handles_different_cross_degrees_and_nonuniform_end_spans ... ok
test chord_fill_selection::tests::long_boundary_chunks_share_endpoints_and_close ... ok
test continuity::tests::application_gate_requires_a_finite_budget_and_second_order_seam_smoothness ... ok
test coons::tests::normalization_refuses_degree_limit_and_invalid_weights ... ok
test coons::tests::checked_weight_transport_preserves_report_and_rollback ... ok
test continuity::tests::reversed_matching_restores_parameter_direction ... ok
test continuity::exact_strip::tests::linear_multispan_requires_exact_internal_surface_jet_agreement ... ok
test continuity::exact_strip::tests::original_surface_jets_require_exact_basis_and_regularity ... ok
test coons::tests::refuses_gaps_incompatible_weights_and_wrong_roles ... ok
test continuity::preparation::tests::explicit_conversion_can_unlink_both_periodic_inputs ... ok
test coons::tests::refuses_nonpositive_interior_weights_even_with_positive_boundary_weights ... ok
test coons::tests::reports_reversed_rational_boundary_gap_before_weight_cycle ... ok
test coons::tests::affine_homogeneous_normalization_preserves_rational_curve_and_domain ... ok
test coons::tests::uniform_weight_rescaling_does_not_create_a_rounded_corner_gap ... ok
test coons::tests::reproduces_all_four_boundaries_and_analytic_interior ... ok
test curve_decomposition_certificate::batch_tests::last_span_exhaustion_discards_previous_bound_and_preserves_sources ... ok
test curve_decomposition_certificate::tests::nonuniform_rational_extraction_and_independent_translation ... ok
test curve_decomposition_certificate::tests::unclamped_endpoint_spans_keep_parameterwise_error_and_work_limits ... ok
test coons::tests::checked_preparation_bounds_whole_domain_and_rolls_back_below_budget ... ok
test coons::tests::rational_quarter_cylinder_preserves_boundaries_and_radius ... ok
test curve_distance::tests::covers_multiple_spans_weights_and_periodic_seam ... ok
test curve_distance::tests::rejects_invalid_contract_and_initial_budget ... ok
test curve_distance::tests::parallel_lines_and_skew_interior_minimum ... ok
test curve_distance::tests::work_limit_is_explicit_and_retains_global_bounds ... ok
test curve_jets::tests::cubic_third_jet_and_invalid_cells ... ok
test curve_jets::tests::rational_jets_enclose_original_curve_on_restricted_cells ... ok
test continuity::preparation::tests::explicit_conversion_prepares_mixed_seams_and_bounds_the_original_geometry ... ok
test coons::tests::prepared_incompatible_weight_cycle_builds_with_original_boundary_parameters ... ok
test curve_offset::tests::cusp_and_budget_refuse_without_mutating_source ... ok
test curve_distance::tests::rational_circle_distance_has_original_curve_witnesses ... ok
test coons::tests::mixed_rational_bases_domains_and_scales_preserve_boundary_parameters ... ok
test curve_offset::tests::periodic_corners_require_the_same_explicit_join_as_open_corners ... ok
test continuity::preparation::tests::prepares_periodic_seams_with_different_degrees_and_preserves_wrapping ... ok
test curve_offset::tests::zero_is_identity_and_corners_require_a_join_policy ... ok
test curve_offset_diagnostics::current_chain_tests::disconnected_nonplanar_and_discontinuous_inputs_are_refused ... ok
test curve_offset_diagnostics::current_chain_tests::edits_change_current_diagnostics_without_offset_metadata ... ok
test curve_decomposition_certificate::tests::degree_25_whole_domain_and_product_budget ... ok
test curve_offset_diagnostics::current_chain_tests::transport_dispatch_uses_current_curve_definitions ... ok
test curve_offset_diagnostics::exact_orientation_tests::diagonal_collinearity_and_nearby_sides_are_distinct ... ok
test curve_offset::tests::bounded_offset_transport_reports_curve_scope ... ok
test curve_offset_diagnostics::tests::crossing_and_adjacent_vertices_have_distinct_results ... ok
test curve_offset_diagnostics::tests::overlap_resource_and_degeneracy_do_not_prove_simple ... ok
test curve_offset_join::tests::finite_limits_parallel_and_long_extensions ... ok
test curve_offset_join::tests::perpendicular_lines_and_bevel ... ok
test curve_offset_join::tests::translated_fractional_intersection ... ok
test curve_offset_join::tests::source_knot_preserves_original_and_bounds_weighted_corner ... ok
test curve_offset_join::tests::rational_curved_sides_use_one_sided_source_jets ... ok
test curve_offset_wire::tests::clamped_closed_triangle_keeps_nonperiodic_source_and_closes_wire ... ok
test curve_offset_wire::tests::inner_bevel_intersection_is_visible_without_a_region_claim ... ok
test curve_offset_wire::tests::corner_bevel_keeps_roles_and_connected_station_parameters ... ok
test curve_regularity::tests::line_and_c0_corner_cover_both_one_sided_tangents ... ok
test curve_offset_wire::tests::periodic_square_has_exact_closure_and_explicit_seam_bevel ... ok
test curve_surface_agreement::tests::affine_chart_identity_uses_exact_poles_and_bounded_work ... ok
test curve_regularity::tests::stationary_interior_and_exhaustion_never_prove_regularity ... ok
test curve_surface_agreement::tests::constant_coordinates_are_exact_with_independent_positive_rational_weights ... ok
test continuity::exact_strip::tests::common_multispan_basis_preserves_exact_jets_and_checks_every_span ... ok
test curve_surface_agreement::tests::exact_identity_is_distinct_from_tolerance_and_preserves_reversal ... ok
test curve_surface_agreement::tests::exact_identity_leaves_multispan_definitions_unproven ... ok
test curve_surface_agreement::tests::matching_reversed_and_exhausted ... ok
test curve_surface_agreement::tests::departure_has_enclosed_witness_and_invalid_uv_is_unresolved ... ok
test coons::tests::normalization_preserves_points_and_jets_across_degrees_and_weight_scales ... ok
test curve_surface_agreement::tests::rational_curved_support_is_verified_without_planar_assumption ... ok
test curve_surface_agreement::tests::rational_pcurve_composition_preserves_the_shared_parameter ... ok
test curve_surface_agreement::tests::pcurve_crosses_surface_knots_at_strict_tolerance ... ok
test curve_distance::conditioning_tests::distance_survives_common_weight_scaling_and_translation ... ok
test curve_surface_agreement::tests::sweep_coedge_transport_retains_zero_budget_and_mismatch ... ok
test curve_surface_agreement::tests::rational_multispan_and_nonbinary_domains ... ok
test foundation::deviation_span_tests::discontinuity_cannot_receive_a_lipschitz_certificate ... ok
test curve_surface_agreement::tests::tensor_boundary_identity_preserves_domains_reversal_weights_and_limits ... ok
test foundation::normal_regularity_regressions::aligned_corners_do_not_certify_an_interior_rank_loss ... ok
test foundation::normal_regularity_regressions::flat_corner_normals_do_not_prove_a_patch_is_planar ... ok
test foundation::periodic_rebuild_tests::rollback_retains_periodic_source_and_invalid_counts_fail ... ok
test foundation::deviation_span_tests::narrow_peak_between_samples_is_bounded ... ok
test curve_distance::two_curve_tests::separates_two_rational_arcs_at_a_non_sampled_minimum ... ok
test foundation::preimages::monotonicity_tests::pairwise_derivative_avoids_large_weight_cancellation ... ok
test foundation::preimages::monotonicity_tests::subdivision_proves_positive_derivative_with_negative_control ... ok
test foundation::preimages::public_monotonicity_tests::public_certificate_accepts_subdivision_and_rejects_stationary_map ... ok
test foundation::preimages::tests::irrational_knot_inverse_is_enclosed_not_promoted ... ok
test foundation::preimages::tests::piece_boundaries_and_nonunit_domains_are_enclosed ... ok
test foundation::preimages::tests::rational_nested_factors_preserve_authored_order ... ok
test foundation::preimages::tests::work_exhaustion_and_invalid_requests_refuse ... ok
test curve_surface_agreement::tests::rational_quadratic_periodic_surface_seam ... ok
test curve_offset_wire::tests::smooth_periodic_seam_closes_with_bounded_perturbation ... ok
test foundation::rebuild_tests::rebuild_rejects_invalid_budgets_and_basis ... ok
test foundation::reparameterization_materialization::tests::affine_partial_range_near_an_endpoint_preserves_the_authored_domain ... ok
test foundation::rebuild_tests::rebuild_controls_and_degree_with_rollback ... ok
test foundation::reparameterization_materialization::tests::incomplete_whole_domain_verification_refuses_materialization ... ok
test curve_surface_agreement::tests::both_periodic_axes_cross_seams_together ... ok
test foundation::rebuild_tests::rebuild_preserves_rational_shape_within_reported_bound ... ok
test foundation::reparameterization_materialization::tests::json_materialization_reports_numerical_retention_and_refuses_depleted_work ... ok
test coons::tests::prepared_mixed_knots_and_conditioned_domains_keep_boundary_parameters ... ok
test foundation::reparameterization_retention::residual_tests::correlated_composition_is_proved_in_one_cell_with_original_weighted_data ... ok
test foundation::reparameterization_retention::residual_tests::partial_map_endpoint_is_checked_on_an_original_c0_source_knot ... ok
test foundation::reparameterization_materialization::tests::nonlinear_map_crosses_an_irrational_source_knot_preimage ... ok
test foundation::reparameterization_retention::tests::unchanged_endpoints_and_midpoint_do_not_hide_an_interior_distortion ... ok
test foundation::reparameterization_retention::tests::whole_composition_bound_accepts_the_materialized_polynomial ... ok
test foundation::reparameterization_retention::tests::all_c0_spans_are_covered_and_exhaustion_is_not_acceptance ... ok
test foundation::surface_rebuild_tests::refuses_a_removed_bump_and_preserves_the_original ... ok
test foundation::surface_rebuild_tests::surface_bound_detects_a_peak_between_uniform_samples ... ok
test foundation::surface_rebuild_tests::surface_rebuild_never_accepts_an_overflowed_bound ... ok
test foundation::surface_reduction_validation_tests::reduces_both_axes_with_zero_error ... ok
test foundation::surface_reduction_validation_tests::rejects_degrees_before_unsigned_subtraction ... ok
test framed_sweep::tests::circular_path_turns_profile_without_changing_section_length ... ok
test foundation::reparameterization_materialization::tests::common_map_weight_scale_does_not_exhaust_composed_weights ... ok
test framed_sweep::tests::coincident_sections_do_not_make_an_open_path_periodic ... ok
test framed_sweep::tests::closed_circle_has_periodic_storage_and_exact_position_seam ... ok
test framed_sweep::tests::refinement_detects_arc_error_and_improves_with_sections ... ok
test framed_sweep::tests::refuses_closed_cusps_and_internal_corners ... ok
test framed_sweep::tests::rejects_ambiguous_initial_frame_and_invalid_counts ... ok
test framed_sweep::tests::straight_path_preserves_profile_and_translates ... ok
test framed_sweep::tests::nonplanar_periodic_path_distributes_holonomy_and_closes ... ok
test foundation::reparameterization_materialization::tests::nested_rational_maps_cross_source_knots_and_retain_authored_order ... ok
test foundation::periodic_surface_rebuild_tests::mixed_periodic_and_open_axes_preserve_cylinder_seam ... ok
test foundation::reparameterization_materialization::tests::scalar_parameters_do_not_inherit_geometric_coordinate_limits ... ok
test gordon::denominators::tests::common_denominator_preserves_incompatible_weighted_multispan_curves ... ok
test continuity::tests::rational_jets_match_all_boundary_pairs_in_normalized_coordinates ... ok
test gordon::denominators::tests::polynomial_denominators_do_not_consume_rational_degree_budget ... ok
test gordon::tests::json_constructor_keeps_network_family_orientation ... ok
test curve_surface_agreement::tests::periodic_lift_crosses_seam_and_negative_periods ... ok
test gordon::tests::refuses_incompatible_crossings_and_station_arrays ... ok
test gordon::cartesian::tests::cartesian_cells_retain_boundaries_with_incompatible_weights ... ok
test gordon::tests::reproduces_independent_bilinear_network ... ok
test gordon::tests::retains_rational_arc_boundaries_between_crossings ... ok
test grid_spline::tests::matches_independent_product_of_natural_cubic_functions ... ok
test grid_spline::tests::preserves_sites_of_the_panel_with_inferred_stationary_tangents ... ok
test grid_spline::tests::validates_rectangle_parameters_and_budget_before_constructing ... ok
test gordon::tests::preserves_nonlinear_network_and_matches_independent_gordon_formula ... ok
test grid_spline::tests::reproduces_bilinear_geometry_and_nonuniform_authored_sites ... ok
test gordon::cartesian::tests::clamped_cartesian_network_retains_weights_curves_and_tangent_fields ... ok
test guided_loft::authored_cartesian_tests::automatic_authored_units_survive_reversed_guide ... ok
test guided_loft::cartesian_tests::independent_guide_weights_and_missing_boundaries_are_retained ... ok
test guided_loft::tests::json_preserves_guides_and_refuses_partial_tangent_fields ... ok
test guided_loft::tests::guides_and_tangent_controls_are_preserved_together ... ok
test continuity::preparation::tests::aligns_degrees_domains_and_knots_without_introducing_C0_seams ... ok
test guided_loft::tests::refuses_crossing_and_tangent_conflicts_and_invalid_guide_stations ... ok
test guided_loft::tests::rational_sections_and_full_guides_remain_on_independent_cylinder ... ok
test hermite::tests::interpolates_sites_tangents_and_independent_cubic_polynomials ... ok
test hermite::tests::json_dispatch_preserves_the_same_authored_constraints ... ok
test hermite::tests::preserves_compensating_parameter_and_tangent_scales_and_refuses_rounding_collapse ... ok
test hermite::tests::refuses_bad_parameters_counts_and_unrepresentable_controls ... ok
test guided_loft::tests::single_interior_guide_matches_independent_quadratic_everywhere ... ok
test interval_eval::tests::curve_enclosure_width_shrinks_with_interval ... ok
test interval_eval::tests::invalid_inputs_are_rejected ... ok
test guided_loft::tests::multiple_interior_guides_preserve_unconstrained_boundaries ... ok
test interval_eval::tests::surface_enclosure_contains_all_samples ... ok
test interval_eval::tests::curve_enclosure_contains_all_samples ... ok
test loft_alignment::cartesian_tests::automatic_orientation_retains_independent_rational_guide_weights ... ok
test loft_alignment::tests::overlap_and_inconsistent_stations_refuse ... ok
test loft_alignment::tests::spatial_budget_cannot_relax_parameter_correspondence ... ok
test guided_loft::authored_cartesian_tests::authored_units_retain_varying_rational_fields_and_refuse_exhaustion ... ok
test loft_alignment::clamped_cartesian_tests::automatic_clamped_loft_retains_reversed_rational_guide_and_tangents ... ok
test loft_continuity::tests::conflicting_guide_is_refused ... ok
test loft_continuity::curved_tests::nonzero_curvature_is_matched_without_artificial_internal_c0_knots ... ok
test loft_continuity::orientation_tests::reversed_reference_and_scaled_normal_keep_authored_u_orientation ... ok
test loft_alignment::tests::automatic_orientation_order_and_nonlinear_station_mapping ... ok
test guided_loft::clamped_cartesian_tests::clamped_guided_loft_retains_missing_boundaries_and_tangents ... ok
test loft_continuity::tests::two_end_g2_retains_complete_sections ... ok
test loft_reparameterization::tests::final_loft_audit_uses_original_tensor_not_a_rounded_isocurve ... ok
test loft_reparameterization::tests::mapped_sections_accept_a_guide_that_crossed_different_source_parameters ... ok
test loft_reparameterization::tests::json_loft_routes_section_maps_and_preserves_existing_unmapped_calls ... ok
test loft_reparameterization::tests::final_loft_audit_retains_original_nonunit_composition_and_refuses_damage ... ok
test foundation::surface_rebuild_tests::rational_and_polynomial_rebuilds_bound_the_whole_patch ... ok
test loft_reparameterization::tests::partial_nonmonotone_and_mismatched_maps_refuse ... ok
test loft_reparameterization::tests::piecewise_rational_maps_preserve_each_piece_with_different_endpoint_scales ... ok
test loft_reparameterization::tests::nonlinear_degree_nine_map_uses_the_actual_composed_degree_budget ... ok
test curve_offset::tests::rational_offset_error_bound_covers_dense_oracle ... ok
test loft_reparameterization::tests::nested_noncommuting_maps_match_authored_order_and_direct_evaluator ... ok
test natural_loft::tests::aligns_section_degree_knots_and_domain ... ok
test natural_loft::tests::clamped_loft_preserves_constant_cartesian_boundary_tangents ... ok
test natural_loft::tests::closed_loft_rational_seam_has_matching_second_jets ... ok
test natural_loft::tests::closed_loft_matches_independent_cyclic_cubic_and_section_sites ... ok
test natural_loft::tests::json_boundary_retains_the_constructor_contract ... ok
test loft_reparameterization::tests::rational_mapping_retains_the_complete_section_and_independent_parameter_formula ... ok
test natural_loft::tests::json_clamped_boundary_uses_authored_parameter_derivatives ... ok
test natural_loft::tests::json_closed_loft_preserves_the_cycle_without_periodic_encoding ... ok
test natural_loft::tests::json_control_tangent_loft_keeps_variable_boundary_derivative ... ok
test natural_loft::tests::interpolates_rational_sections_at_nonuniform_stations ... ok
test natural_loft::tests::matches_independent_cubic_between_sections ... ok
test natural_loft::tests::rejects_invalid_stations_and_weight_overshoot ... ok
test natural_loft::tests::natural_homogeneous_boundary_has_nonzero_cartesian_second_derivative ... ok
test natural_loft::tests::two_section_clamped_loft_matches_independent_hermite_basis ... ok
test natural_loft::tests::rational_second_jets_match_across_nonuniform_section_seam ... ok
test natural_spline::tests::clamped_reproduces_independent_cubic_and_authored_endpoint_derivatives ... ok
test natural_spline::tests::invalid_inputs_and_collapsed_intervals_are_refused ... ok
test natural_spline::tests::independent_three_site_natural_solution_and_one_sided_jets ... ok
test natural_spline::tests::json_dispatch_matches_native_interpolation ... ok
test natural_spline::tests::line_stationary_sites_and_parameter_affine_invariance ... ok
test natural_spline::tests::two_site_clamped_is_hermite_and_invalid_endpoint_conditions_are_refused ... ok
test paths::miter_sections::tests::cyclic_miter_preserves_seam_bisectors_and_segment_extrusion ... ok
test paths::miter_sections::tests::cyclic_miter_refuses_unmatched_frame_holonomy ... ok
test natural_spline::tests::many_nonuniform_sites_match_positions_and_both_join_derivatives ... ok
test natural_loft::tests::varying_tangent_field_matches_independent_rational_hermite ... ok
test paths::miter_sections::tests::rejects_unbounded_corners_nonplanar_profiles_and_consumed_segments ... ok
test paths::miter_sections::tests::right_angle_preserves_rational_profile_and_meets_bisector ... ok
test paths::miter_sections::tests::spatial_segments_keep_corresponding_transverse_locations ... ok
test paths::round_polyline::tests::refuses_overlapping_fillets_reversals_and_degenerate_segments ... ok
test paths::round_polyline::tests::right_angle_has_exact_circle_radius_and_tangent_line_joins ... ok
test paths::round_polyline::tests::closed_corners_match_seam_and_preserve_all_cyclic_fillets ... ok
test paths::round_polyline::tests::transition_matches_position_tangent_and_zero_curvature_at_spatial_joins ... ok
test paths::round_polyline::tests::transition_midpoint_and_derivative_follow_independent_quintic_formula ... ok
test paths::tests::composition_preserves_rational_pieces_with_different_weight_scales_and_domains ... ok
test paths::tests::json_paths_validate_weights_and_compose_references_as_curve_values ... ok
test paths::tests::rational_bezier_matches_independent_homogeneous_casteljau ... ok
test polynomial::tests::constant_graph_and_invalid_inputs ... ok
test loft_reparameterization::tests::composed_piecewise_maps_certify_full_extents_instead_of_individual_piece_ranges ... ok
test loft_reparameterization::tests::affine_maps_preserve_multispan_source_geometry ... ok
test loft_reparameterization::tests::nonlinear_maps_cross_interior_section_knots_with_whole_retention ... ok
test polynomial::tests::rational_circle_chart_and_sign_normalization ... ok
test polynomial::tests::nonseparable_rational_patch_and_json_dispatch ... ok
test primitives::canonical_quarter_tests::full_ellipse_and_signed_quadrants_share_authored_axis_coefficients ... ok
test radial_bounds::tests::constant_radius_is_certified_from_polynomial_coefficients ... ok
test polynomial::tests::matches_nonseparable_polynomial_and_derivatives ... ok
test ray_surface::tests::covers_two_separate_roots_without_seed_sampling ... ok
test ray_surface::tests::nonbinary_knots_and_negative_direction_keep_parameter_enclosures ... ok
test ray_surface::tests::outer_boundary_roots_cannot_be_counted_as_isolated_interior_crossings ... ok
test ray_surface::tests::rational_weights_and_multiple_spans_are_covered ... ok
test ray_surface::tests::transverse_plane_root_and_exclusion ... ok
test retained_wall_coefficients::tests::complete_family_checks_face_count_partition_and_source_damage ... ok
test retained_wall_coefficients::tests::contour_json_boundary_does_not_claim_a_filled_region ... ok
test retained_wall_coefficients::tests::cyclic_contours_preserve_weights_orientation_and_atomic_budget ... ok
test polynomial::tests::degree_twelve_and_json_boundary_are_supported ... ok
test retained_wall_coefficients::tests::json_boundary_reports_only_coefficient_identity ... ok
test retained_wall_coefficients::tests::family_and_segmentation_json_boundaries_preserve_proof_scope ... ok
test retained_wall_coefficients::tests::malformed_or_different_endpoint_weights_never_certify ... ok
test retained_wall_coefficients::tests::segmented_controls_preserve_authored_rows_and_refuse_partial_budget ... ok
test retained_wall_coefficients::tests::normalized_ruled_wall_keeps_authored_rational_controls ... ok
test retained_wall_coefficients::tests::three_edge_contour_rejects_permutation_and_accepts_opposite_traversal ... ok
test ray_surface::tests::tangency_coincidence_and_limits_never_claim_empty_coverage ... ok
test section_circle_repair::tests::preserves_shared_tangents_and_refuses_exhausted_budgets ... ok
test retained_wall_domain::tests::retained_wall_domain_requires_matching_rational_parameterization ... ok
test section_circle_repair::transport_tests::json_round_trip_preserves_bounded_candidate_and_atomic_refusal ... ok
test surface::construction_tests::clamped_iso_preserves_authored_coordinates_and_nonuniform_weights ... ok
test surface::construction_tests::loft_aligns_degrees_and_domains ... ok
test surface::construction_tests::rational_sweep_matches_sum_of_curves ... ok
test retained_wall_domain::tests::retained_wall_domain_requires_complete_trim_and_exact_world_identity ... ok
test surface_contact::tests::alternate_axis_rational_weights_and_nonunit_domains ... ok
test section_projection::tests::nonplanar_binary64_section_is_corrected_with_a_continuous_bound ... ok
test polynomial::tests::spatial_curve_and_overhanging_patch_follow_xyz_polynomials ... ok
test surface_contact::tests::boundary_contact_and_invalid_boxes_are_not_certificates ... ok
test surface_contact::tests::crossing_planes_have_a_certified_contact ... ok
test surface_contact::tests::curved_contact_and_singular_coincidence ... ok
test surface_contact_search::tests::separated_charts_are_proven_and_crossing_retains_unresolved_volume ... ok
test loft_reparameterization::tests::retention_includes_original_nonunit_section_normalization ... ok
test gordon::tangent_fields::tests::rational_boundary_derivative_includes_weight_derivative_and_authored_scale ... ok
test surface_contact_search::tests::coincident_charts_keep_full_parameter_coverage ... ok
test surface_distance::tests::planes_and_interior_point_projection ... ok
test surface_distance::tests::original_knots_multiple_spans_and_periodic_seam ... ok
test surface_distance::tests::work_limit_is_not_a_completed_minimum ... ok
test surface_injectivity::tests::all_spans_must_pass_the_same_global_test ... ok
test surface_distance::tests::translation_and_invalid_inputs ... ok
test surface_injectivity::tests::folded_and_collapsed_charts_never_claim_injectivity ... ok
test surface_injectivity::tests::nonlinear_graph_and_vertical_rotation_are_globally_injective ... ok
test surface_injectivity::tests::normal_bounds_keep_both_knot_sides_and_refuse_partial_coverage ... ok
test surface_injectivity::tests::normal_bounds_cover_graph_derivatives_and_do_not_collapse_at_points ... ok
test surface_linear_monotonicity::tests::folded_chart_cannot_change_projection_between_spans ... ok
test surface_injectivity::tests::rational_normal_bounds_contain_an_independent_separable_formula ... ok
test surface_linear_monotonicity::tests::rational_quarter_wall_has_one_global_oblique_projection ... ok
test surface_linear_monotonicity::tests::transverse_proposal_does_not_mix_long_station_motion_into_profile_row ... ok
test surface_measure::jets::tests::mixed_polynomial_jets_and_corners_match_independent_equations ... ok
test surface_measure::jets::tests::rational_third_jets_match_separable_weighted_chart ... ok
test surface_measure::jets::tests::stable_jets_on_ulp_wide_queries_match_original_rational_derivatives ... ok
test surface_monotonicity::tests::constant_coordinate_does_not_spend_budget_on_impossible_projections ... ok
test surface_contact_search::tests::tangent_root_is_never_lost_at_subdivision_boundaries ... ok
test surface_monotonicity::tests::oblique_patch_is_injective_and_exhaustion_is_unproved ... ok
test surface_monotonicity::tests::locally_regular_fold_cannot_use_different_projections_per_span ... ok
test surface_monotonicity::tests::rational_reversed_projection_is_certified ... ok
test sweep_cap_boundary::tests::rational_composition_and_refusals_cover_whole_boundary ... ok
test sweep_cap_wall::tests::whole_side_coverage_uses_continuity_and_exact_endpoints ... ok
test sweep_cap_wall::tests::whole_wall_exclusion_distinguishes_boundaries_and_unresolved_crossings ... ok
test surface_monotonicity::tests::positive_rational_reparameterization_needs_bounded_refinement ... ok
test sweep_contour_audit::tests::json_transport_retains_scope_and_budget_refusals ... ok
test sweep_contour_audit::tests::nonplanar_and_crossed_contours_never_promote_cap_domain ... ok
test sweep_contour_audit::tests::continuous_outer_hole_ownership_requires_simple_separated_contours ... ok
test sweep_pair_audit::tests::every_pair_remains_covered_and_shared_boundaries_are_not_skipped ... ok
test surface_linear_monotonicity::tests::spatial_station_uses_a_fixed_transverse_integer_projection ... ok
test surface_distance::tests::joint_minimum_inside_both_curved_surfaces ... ok
test sweep_pair_audit::tests::linear_oblique_boundary_requires_opposite_interiors ... ok
test sweep_pair_audit::tests::hierarchy_covers_each_leaf_pair_once_under_every_budget ... ok
test sweep_pair_audit::tests::oblique_shared_plane_uses_checked_exact_orientation ... ok
test sweep_pair_audit::tests::exact_shared_edge_is_allowed_only_with_proved_opposite_interiors ... ok
test sweep_pair_audit::tests::rational_tensor_profile_boundaries_require_opposite_interior_hulls ... ok
test sweep_seam_audit::tests::ruled_second_jets_keep_rational_weight_terms ... ok
test sweep_seam_audit::tests::separates_first_second_jets_and_exhausted_seams_without_editing ... ok
test sweep_seam_audit::tests::sharp_or_singular_seam_cannot_promote_to_smooth ... ok
test sweep_seam_audit::tests::transport_retains_unproved_budget_and_explicit_tolerance_contract ... ok
test sweep_seam_set::tests::empty_set_has_no_claim_and_limits_are_native ... ok
test sweep_seam_set::tests::missing_patch_is_rejected_before_predicate_execution ... ok
test surface_distance::tests::rational_cylinder_patch_and_weight_scaling ... ok
test sweep_section_correction::tests::correction_family_preserves_sources_and_refuses_incompatible_weights ... ok
test sweep_section_correction::tests::projection_family_shares_work_and_requires_unique_station_corrections ... ok
test sweep_support::error_upper::tests::error_upper_preserves_zero_and_refuses_invalid_or_overflow ... ok
test sweep_support::error_upper::tests::sqrt_two_upper_has_independent_exact_squared_oracle ... ok
test sweep_support::error_upper::tests::transport_owns_rounding_and_complete_boundary_admission ... ok
test sweep_seam_set::tests::repeated_seams_charge_one_shared_budget_and_refuse_exhaustion ... ok
test sweep_seam_audit::tests::actual_corner_translation_sweeps_qualify_declared_orders ... ok
test sweep_support::exact_curve_segments::tests::unclamped_exact_blossoms_certify_hollow_original_domains ... ok
test sweep_wall_audit::tests::declared_c0_boundary_is_independent_of_pair_separation ... ok
test sweep_wall_audit::tests::disconnected_parameter_chart_is_rejected_before_audit ... ok
test sweep_wall_audit::tests::json_boundary_preserves_evidence_and_independent_budget_refusals ... ok
test sweep_wall_audit::tests::constructor_transport_derives_path_neighbors_and_rejects_correspondence_changes ... ok
test sweeps::filled_cap_error::tests::boundary_union_refuses_missing_open_caps_and_invalid_bounds ... ok
test sweeps::filled_cap_error::tests::cap_composition_requires_all_premises_and_both_endpoints ... ok
test sweeps::filled_cap_error::tests::cap_error_transport_keeps_conditional_bounds_distinct_from_continuous_admission ... ok
test sweeps::progressive_miter::authored_frame_certificate::guided_axis::tests::authored_guide_points_share_budget_and_refuse_parallel_rails ... ok
test paths::round_polyline::tests::cyclic_corner_paths_refine_with_closed_rmf_sections ... ok
test sweeps::progressive_miter::authored_frame_certificate::tests::guide_projection_jets_follow_the_original_rail_and_shared_budget ... ok
test sweeps::progressive_miter::authored_frame_certificate::tests::rational_frame_encloses_all_axes_and_chain_rule_derivatives ... ok
test sweeps::progressive_miter::authored_frame_certificate::tests::rotating_frame_has_normalized_traversal_jets_and_shared_budget ... ok
test sweeps::progressive_miter::authored_frame_certificate::tests::singular_and_parallel_directions_refuse_without_partial_frame ... ok
test sweep_wall_audit::tests::separation_does_not_mask_folded_chart_or_shared_budget_exhaustion ... ok
test sweeps::progressive_miter::authored_frame_certificate::tests::twist_uses_independent_domain_and_shared_frame_budget ... ok
test sweeps::progressive_miter::cap_projection_certificate::tests::parallel_oblique_and_reflected_planes ... ok
test sweeps::progressive_miter::cap_projection_certificate::tests::perpendicular_uncertain_and_exhausted_refuse ... ok
test sweeps::progressive_miter::cap_projection_certificate::tests::scaled_near_perpendicular_certificates_enclose_analytic_dot ... ok
test sweeps::progressive_miter::cap_retained_plane_certificate::tests::exact_parallel_axis_and_one_ulp_tilt ... ok
test sweeps::progressive_miter::cap_retained_plane_certificate::tests::original_oblique_normal_and_projection ... ok
test sweeps::progressive_miter::cap_retained_plane_certificate::tests::warped_degenerate_and_exhausted_have_no_normal ... ok
test sweeps::progressive_miter::frame_certificate::tests::affine_remainder_covers_center_curvature_and_axial_projection_derivative ... ok
test sweeps::progressive_miter::authored_frame_certificate::guided_axis::tests::moving_authored_axis_guide_encloses_original_normalized_jets ... ok
test sweeps::progressive_miter::frame_certificate::tests::affine_station_projects_the_same_axis_scale_and_center_into_corner_plane ... ok
test sweeps::progressive_miter::frame_certificate::tests::authored_station_keeps_path_projection_and_one_law_budget ... ok
test sweeps::progressive_miter::frame_certificate::tests::degeneracy_limits_and_budget_discard_partial_frames ... ok
test sweeps::progressive_miter::frame_certificate::tests::independent_right_angle_minimum_rotation ... ok
test sweeps::progressive_miter::frame_certificate::tests::integrated_station_laws_preserve_budget_refusal ... ok
test sweeps::progressive_miter::frame_certificate::tests::interpolation_certificate_bounds_sinusoidal_midpoint_error ... ok
test sweeps::progressive_miter::frame_certificate::tests::miter_shear_encloses_exact_corner_plane_and_open_endpoint ... ok
test sweeps::progressive_miter::frame_certificate::tests::authored_remainder_covers_rotation_and_axial_miter_scale_product ... ok
test sweeps::progressive_miter::frame_certificate::tests::rotated_frame_encloses_exact_axes_and_continuous_twist_range ... ok
test sweeps::progressive_miter::frame_certificate::tests::ordinary_affine_endpoint_uses_values_without_zero_width_jets ... ok
test sweeps::progressive_miter::frame_certificate::tests::station_composition_preserves_translated_profile_and_corner ... ok
test sweeps::progressive_miter::frame_certificate::tests::skew_closed_transport_encloses_holonomy_angle ... ok
test sweeps::progressive_miter::frame_certificate::tests::stored_error_bound_covers_ideal_box_and_displaced_point ... ok
test sweeps::progressive_miter::frame_certificate::tests::traversal_encloses_exact_rational_chord_ratios ... ok
test paths::round_polyline::tests::spatial_round_path_is_accepted_by_progressive_rmf ... ok
test sweeps::progressive_miter::scalar_certificate::tests::exhaustion_discards_partial_bounds_and_knots_disable_second_order_remainder ... ok
test sweeps::progressive_miter::scalar_certificate::tests::huge_constant_origins_do_not_pollute_derivative_bounds ... ok
test sweeps::progressive_miter::scalar_certificate::tests::independent_linear_jet_on_a_nonunit_domain ... ok
test sweeps::progressive_miter::scalar_certificate::tests::normalized_mapping_covers_nonunit_endpoints_and_interior_points ... ok
test sweeps::progressive_miter::scalar_certificate::tests::rational_jets_cover_nondyadic_probes_without_trim ... ok
test sweeps::progressive_miter::scalar_certificate::tests::unrepresentable_jet_is_unresolved_instead_of_a_partial_certificate ... ok
test sweeps::progressive_miter::tests::admission_requires_certified_rounding_bound_even_when_samples_match ... ok
test sweeps::progressive_miter::cap_endpoint_certificate::tests::original_endpoint_normals_and_shared_budget ... ok
test sweeps::progressive_miter::profile_domain_certificate::tests::original_coordinate_and_oblique_hollow_domains ... ok
test sweeps::progressive_miter::profile_domain_certificate::tests::endpoint_domains_cover_affine_authored_and_guide_and_refuse_singular_frames ... ok
test coons::tests::preparation_handles_nonbinary_corner_weights ... ok
test sweeps::progressive_miter::tests::affine_generator_retains_laws_and_certifies_entire_interpolated_profile ... ok
test sweeps::progressive_miter::tests::constant_laws_match_existing_extrusion_miter_sections ... ok
test sweeps::progressive_miter::tests::discontinuous_laws_are_refused_and_internal_corners_use_lipschitz_bound ... ok
test sweeps::progressive_miter::tests::authored_frame_generation_refines_and_certifies_original_profile_interpolation ... ok
test surface_contact_search::tests::overlapping_initial_bounds_need_subdivision_to_prove_separation ... ok
test sweeps::progressive_miter::tests::distributed_twist_corrects_skew_loop_holonomy_and_shares_all_corners ... ok
test sweeps::progressive_miter::tests::combined_authored_frame_affine_laws_certify_actual_interpolation ... ok
test gordon::cartesian::tests::checked_curved_rational_network_retains_all_six_authored_curves ... ok
test sweep_support::exact_curve_segments::tests::refuses_rounded_arithmetic_and_certifies_exact_spans ... ok
test sweeps::progressive_miter::tests::affine_closed_miter_checks_law_closure_and_last_retained_interval ... ok
test sweeps::progressive_miter::tests::retained_level_certificate_counts_stored_error_and_discards_partial_budget ... ok
test sweeps::progressive_miter::tests::unresolved_transport_limit_cannot_promote_a_zero_error_level ... ok
test sweeps::progressive_miter::tests::wall_regularity_refuses_valid_sections_with_changed_periodicity ... ok
test sweeps::progressive_miter::trigonometric_certificate::tests::atan2_rectangles_cover_quadrants_axes_and_unresolved_branch ... ok
test sweeps::progressive_miter::trigonometric_certificate::tests::independently_encloses_pi_and_exact_zero ... ok
test sweeps::progressive_miter::trigonometric_certificate::tests::interval_covers_all_quadrants_and_interior_probes ... ok
test sweeps::progressive_miter::tests::progression_keeps_unaccepted_preview_and_can_resume_without_promoting_it ... ok
test sweeps::progressive_miter::trigonometric_certificate::tests::wide_and_huge_angles_keep_a_certified_global_range ... ok
test sweeps::progressive_miter::trigonometric_certificate::tests::narrow_many_turns_enclose_reference_without_assuming_libm_rounding ... ok
test sweeps::progressive_miter::vector_certificate::tests::center_offsets_can_be_negative_but_axis_scale_cannot ... ok
test sweeps::progressive_miter::vector_certificate::tests::shared_budget_discards_partial_axis_hulls ... ok
test sweeps::progressive_sweep::tests::anisotropic_scale_center_and_twist_match_independent_rational_equation ... ok
test sweeps::progressive_sweep::tests::authored_frame_transport_requires_both_laws_and_preserves_metadata ... ok
test sweeps::progressive_sweep::tests::authored_frames_refuse_sampled_zero_parallel_and_inconsistent_closed_seam ... ok
test sweeps::progressive_miter::tests::real_arithmetic_bound_covers_nondyadic_rational_law_interpolation ... ok
test sweeps::progressive_sweep::tests::authored_shared_grid_and_closed_frame_seam_preserve_retained_sections ... ok
test sweep_contour_audit::tests::segmented_circle_coefficients_transfer_exactly_into_domain_audit ... ok
test sweeps::progressive_sweep::tests::changing_affine_laws_restarts_an_already_accepted_preview ... ok
test sweeps::progressive_sweep::tests::closed_affine_laws_must_match_at_the_seam ... ok
test sweeps::progressive_sweep::tests::contact_closed_seam_refuses_matching_normals_with_mismatched_widths ... ok
test sweeps::progressive_sweep::tests::contact_guide_fits_rational_anchor_at_every_retained_station ... ok
test sweeps::progressive_sweep::tests::closed_rmf_with_full_turn_retains_scale_and_twist_seam ... ok
test sweeps::progressive_sweep::tests::corrected_frenet_continues_across_a_cubic_inflection_and_straight_path ... ok
test sweeps::progressive_sweep::tests::corrected_frenet_handles_a_c1_straight_to_curved_join_without_a_defined_second_derivative ... ok
test sweeps::progressive_sweep::tests::corrected_frenet_resolves_zero_initial_curvature_from_the_first_principal_normal ... ok
test sweeps::progressive_sweep::tests::dense_profiles_split_without_refitting_and_patch_domains_match ... ok
test sweeps::progressive_sweep::tests::corrected_frenet_closes_a_rational_circle_with_full_turn_twist ... ok
test sweeps::progressive_sweep::tests::fixed_orientation_accepts_a_piecewise_linear_path_with_corners ... ok
test sweeps::progressive_sweep::tests::fixed_frenet_and_normal_orientation_are_distinct_and_fail_singular_frames ... ok
test sweeps::progressive_sweep::tests::independent_preview_levels_preserve_iterator_state_and_admission ... ok
test sweeps::progressive_sweep::tests::iterator_previews_resume_without_promoting_failed_budget ... ok
test sweeps::progressive_miter::tests::guide_affine_generation_certifies_actual_rail_orientation ... ok
test sweeps::progressive_sweep::tests::orientation_guide_closed_seam_and_shared_contours ... ok
test sweeps::progressive_sweep::tests::orientation_guide_matches_projected_rational_correspondence_and_restarts ... ok
test sweeps::progressive_sweep::tests::orientation_guide_transport_refuses_conflicting_frames ... ok
test sweeps::progressive_sweep::tests::rational_outer_and_reversed_inner_contours_remain_separate_without_refit ... ok
test sweeps::progressive_sweep::tests::rejects_kinks_and_invalid_resource_budgets ... ok
test sweeps::progressive_miter::tests::local_phase_hulls_prevent_whole_turn_probe_aliasing ... ok
test sweeps::progressive_sweep::tests::shared_contact_anchor_preserves_hole_widths_and_restarts_aggregate_grid ... ok
test sweeps::progressive_sweep::tests::tiny_open_path_is_not_mistaken_for_a_closed_loop ... ok
test tests::brush_moves_controls_locally_and_preserves_rational_definition ... ok
test tests::brush_rejects_invalid_brushes_and_inputs ... ok
test sweeps::progressive_sweep::tests::multiple_profiles_refine_together_and_preserve_authored_boundary_joins ... ok
test tests::certified_projection_reports_uniqueness_and_ambiguity ... ok
test tests::edits_preserve_geometry_and_domain ... ok
test tests::foundation_boundary_and_mutation_limits_are_deterministic ... ok
test tests::foundation_curve_certificate_is_outward_and_positive ... ok
test tests::foundation_handles_adversarial_positive_weights_and_surface_cells ... ok
test foundation::periodic_surface_rebuild_tests::both_periodic_axes_keep_wrapping_and_certify_dense_error ... ok
test tests::foundation_v3_reparameterization_and_fitting_are_typed ... ok
test sweeps::progressive_sweep::tests::simultaneous_scale_twist_and_rational_profile_matches_independent_equation ... ok
test tests::foundation_v5_adversarial_scales_seams_and_weights ... ok
test tests::foundation_v5_certified_curve_curve_and_curve_surface ... ok
test tests::interpolation_approximation_and_exact_reparameterization_are_certified ... ok
test tests::malformed_boundary_input_returns_errors_without_poisoning_kernel ... ok
test tests::natural_endpoints_and_periodic_seams_are_supported ... ok
test tests::output_budget_is_checked_before_elevation ... ok
test tests::rational_circle_has_analytic_jets ... ok
test tests::sculpt_edits_preserve_rational_definition ... ok
test tests::sculpt_targets_expose_polygon_and_net_structure ... ok
test sweeps::progressive_sweep::tests::authored_full_frames_match_independent_equation_and_restart ... ok
test tests::successor_normal_cone_and_reduction_rollback_are_explicit ... ok
test tests::surface_construction_and_iso_are_consistent ... ok
test transport::retained_body_coverage::tests::retained_body_coverage_checks_inner_shell_ownership ... ok
test transport::retained_body_coverage::tests::retained_body_coverage_refuses_missing_duplicate_and_wrong_owners ... ok
test trim_domain::tests::bounded_joins_are_explicit_and_large_gaps_are_rejected ... ok
test trim_domain::tests::exact_joins_distinguish_tiny_gaps_and_unclamped_endpoints ... ok
test sweep_pair_audit::tests::overlapping_boxes_use_rational_pair_refinement ... ok
test trim_domain::tests::periodic_curve_and_crossing_path_keep_winding_semantics ... ok
test trim_domain::tests::rational_circle_hole_and_orientation ... ok
test trim_domain::tests::general_weighted_cubic_loops_and_non_knot_boundary_point ... ok
test trim_domain::tests::square_regions_vertices_and_full_rectangles ... ok
test trim_point::screen_tests::refuses_ambiguous_screen_depth_and_degenerate_projection ... ok
test trim_domain::tests::translation_scaling_and_resource_stops ... ok
test trim_point::screen_tests::screen_pick_trims_original_depth_and_uses_pixel_capture_distance ... ok
test trim_point::tests::dispatch_returns_a_trim_report_and_preserves_the_cut_interval ... ok
test trim_point::subdivision_regression::retains_stationary_root_on_subdivision_boundary_for_tilted_arc ... ok
test trim_point::tests::refuses_ambiguous_distant_endpoint_and_closed_inputs ... ok
test trim_point::tests::retains_the_exact_rational_arc ... ok
test trim_point::tests::trims_both_sides_of_a_rational_line_without_changing_the_source ... ok
test tests::certified_general_surface_surface_intersection ... ok
test trim_region_audit::tests::resource_limits_preserve_unknown_and_do_not_modify_inputs ... ok
test sweeps::progressive_miter::tests::scalar_laws_follow_independent_scaled_full_turn_and_fail_closed_mismatch ... ok
test trim_simplicity::tests::coincident_edges_and_small_work_never_bypass_pair_checks ... ok
test trim_simplicity::tests::rational_quarter_arcs_form_a_simple_loop ... ok
test trim_simplicity::tests::square_bowtie_and_incomplete_work_are_distinct ... ok
test trimmed_surface_distance::tests::budgets_keep_coverage_and_do_not_fabricate_a_witness ... ok
test trimmed_surface_distance::tests::empty_domain_is_distinct_from_contact ... ok
test trimmed_surface_distance::tests::excludes_hole_interior_from_upper_witnesses ... ok
test sweeps::progressive_miter::tests::unproved_profile_regularity_refuses_even_a_certified_zero_error_level ... ok
test trimmed_surface_distance::tests::periodic_witness_stays_in_the_admitted_uv_branch ... ok
test foundation::periodic_rebuild_tests::rebuilds_periodic_degrees_with_wrapped_controls_and_bounded_error ... ok
test trim_region_audit::tests::correct_hole_and_reversed_whole_region_are_admitted ... ok
test trimmed_surface_distance::tests::two_finite_trimmed_patches_approach_the_hole_boundary ... ok
test trim_region_audit::tests::wrong_orientation_outside_nested_and_touching_holes_are_not_admitted ... ok
test trim_simplicity::tests::rotated_rational_arcs_use_interval_separating_directions ... ok
test gordon::cartesian::tests::cartesian_cells_retain_three_by_three_rational_network ... ok
test tests::foundation_v3_periodic_edits_preserve_wrapping_and_seam_evidence ... ok
test curve_offset::tests::periodic_offset_closes_with_a_bounded_seam ... ok
test sweeps::progressive_miter::tests::certified_closed_rational_levels_cover_profile_interior_and_cyclic_ownership ... ok
test sweeps::progressive_sweep::tests::arc_length_stations_and_laws_ignore_nonlinear_rational_path_parameter ... ok
test curve_offset::tests::noncircular_multispan_offset_preserves_domain_and_bounds ... ok
test tests::successor_projection_covers_rational_stationary_and_surface_boundaries ... ok
test tests::foundation_v4_closes_pre_intersection_gaps ... ok
test sweeps::progressive_sweep::tests::orientation_guide_arc_length_correspondence_and_degeneracy_refusals ... ok
test curve_offset::tests::connected_result_keeps_source_parameterization_and_bound ... ok
test trimmed_surface_distance::tests::rational_circular_hole_excludes_the_surface_center ... ok

test result: ok. 520 passed; 0 failed; 0 ignored; 0 measured; 0 filtered out; finished in 32.30s

     Running tests/loft_capacity.rs (crates/target/debug/build/nurbs-core/8700684c6cf8298c/out/loft_capacity-8700684c6cf8298c)

running 2 tests
test natural_loft_retains_all_86_sections_at_256_control_boundary ... ok
test twelve_sections_and_ten_guides_cross_previous_limits_without_refitting ... ok

test result: ok. 2 passed; 0 failed; 0 ignored; 0 measured; 0 filtered out; finished in 0.08s

     Running unittests src/lib.rs (crates/target/debug/build/openscad-core/4707754adb14f4ac/out/openscad_core-4707754adb14f4ac)

running 44 tests
test eval_tests::comparison_orders_vectors_lexicographically ... ok
test eval_tests::js_number_formatting_matches_ecmascript ... ok
test eval_tests::deep_equal_covers_ranges_and_vectors ... ok
test eval_tests::openscad_value_formatting_uses_six_significant_digits ... ok
test eval_tests::stable_viewport_modifiers ... ok
test eval_tests::stable_lazy_scope_semantics ... ok
test eval_tests::str_formats_function_literals_like_source ... ok
test eval_tests::stable_dynamic_special_variables ... ok
test eval_tests::builtins_seeded_rands_are_repeatable ... ok
test eval_tests::stable_host_dependent_modules_fail_without_project ... ok
test eval_tests::stable_echo_and_assert ... ok
test eval_tests::builtins_lookup_and_search ... ok
test eval_tests::stable_ranges_and_undef_semantics ... ok
test eval_tests::subset_builtins_and_errors ... ok
test eval_tests::stable_shape_algebra_merges_like_the_ts_evaluator ... ok
test eval_tests::subset_assert_statement_semantics ... ok
test eval_tests::truthiness_follows_openscad ... ok
test eval_tests::builtins_predicates_and_is_undef_probe ... ok
test eval_tests::stable_list_comprehensions ... ok
test eval_tests::subset_variables_and_expressions ... ok
test tests::corpus_reject_positions ... ok
test tests::corpus_reject_codes ... ok
test eval_tests::builtins_numeric_functions ... ok
test eval_tests::builtins_string_and_vector_functions ... ok
test tests::full_profile_directives_require_project_compilation ... ok
test tests::corpus_compile_cases ... ok
test eval_tests::subset_control_flow_and_loops ... ok
test eval_tests::subset_geometry_argument_validation_is_kept ... ok
test tests::lexer_diagnostics ... ok
test tests::number_literals_follow_f64_semantics ... ok
test eval_tests::stable_modules_children_and_stack ... ok
test tests::operation_ids_are_stable ... ok
test tests::subset_power_binds_tighter_than_unary ... ok
test tests::utf16_positions_match_ts ... ok
test eval_tests::subset_statements_and_modules ... ok
test tests::viewport_modifier_on_assignment_is_rejected ... ok
test tests::parser_diagnostics_match_ts_wording ... ok
test eval_tests::subset_boolean_and_transform_shape_algebra ... ok
test tests::grammar_accepts_both_profiles ... ok
test tests::statement_depth_limit ... ok
test tests::expression_depth_limit ... ok
test eval_tests::stable_functions_and_recursion ... ok
test tests::ast_node_limit ... ok
test eval_tests::subset_budget_limits ... ok

test result: ok. 44 passed; 0 failed; 0 ignored; 0 measured; 0 filtered out; finished in 0.41s

     Running unittests src/lib.rs (crates/target/debug/build/osv-math/75f52321da53f478/out/math_core-75f52321da53f478)

running 68 tests
test acceleration::tests::recommended_for_distance_pairs_keeps_small_batches_on_cpu ... ok
test acceleration::tests::recommended_for_nearest_neighbor_scales_with_work ... ok
test bounds::tests::transformed_point_bounds_rejects_empty_and_nonfinite_points ... ok
test acceleration::tests::recommended_for_point_cloud_stats_uses_cuda_only_for_large_clouds ... ok
test bounds::tests::point_bounds_reports_min_max_center_and_extent ... ok
test bounds::tests::point_bounds_auto_matches_cpu_reference ... ok
test acceleration::tests::recommended_for_transformed_point_bounds_stays_on_cpu ... ok
test bounds::tests::transformed_point_bounds_auto_matches_cpu_reference ... ok
test camera_gestures::tests::orbit_wraps_and_pan_uses_camera_basis ... ok
test bounds::tests::point_bounds_rejects_empty_and_nonfinite_points ... ok
test camera_gestures::tests::collapsed_pinch_pans_without_spurious_zoom ... ok
test camera_gestures::tests::distance_limits_and_nonfinite_fallback ... ok
test bounds::tests::transformed_point_bounds_matches_materialized_reference ... ok
test acceleration::tests::acceleration_parse_and_placement ... ok
test chamfer::tests::chamfer_rejects_empty_clouds ... ok
test chamfer::tests::directed_chamfer_reports_mean_rms_and_max ... ok
test chamfer::tests::hausdorff_reports_worst_case_distance ... ok
test chamfer::tests::symmetric_chamfer_averages_both_directions ... ok
test distance_pairs::tests::squared_distance_pair_sum_matches_vector_sum ... ok
test distance_pairs::tests::squared_distance_pairs_accelerated_cpu_matches_reference ... ok
test distance_pairs::tests::squared_distance_pairs_matches_scalar_reference ... ok
test distance_pairs::tests::squared_distance_pairs_rejects_mismatched_lengths ... ok
test linalg::tests::eigen_reconstructs ... ok
test linalg::tests::svd_rank_two ... ok
test linalg::transform_tests::transform_points_matches_scalar_mv_add ... ok
test chamfer::tests::chamfer_auto_matches_cpu_reference ... ok
test local_plane::tests::local_point_planes_reject_invalid_inputs ... ok
test moments::tests::centers_handle_extreme_coordinates_and_weights ... ok
test local_plane::tests::local_point_planes_fit_query_neighborhoods ... ok
test moments::tests::covariance_preserves_small_spread_at_large_offset ... ok
test moments::tests::point_fit_plane_rejects_too_few_points ... ok
test moments::tests::point_moments_rejects_empty_and_nonfinite_points ... ok
test moments::tests::point_moments_reports_centroid_second_moment_and_covariance ... ok
test moments::tests::point_principal_axes_orders_variance_descending ... ok
test moments::tests::weighted_center_rejects_invalid_inputs ... ok
test nearest_four::tests::nearest_four_finds_sorted_neighbors ... ok
test nearest_four::tests::nearest_four_handles_short_targets ... ok
test moments::tests::point_fit_plane_recovers_known_plane ... ok
test nearest_neighbor::nearest_neighbor_tests::nearest_neighbor_accelerated_cpu_matches_reference ... ok
test nearest_neighbor::nearest_neighbor_tests::nearest_neighbor_accelerated_empty_input ... ok
test nearest_neighbor::nearest_neighbor_tests::nearest_neighbor_empty_queries_is_empty ... ok
test nearest_neighbor::nearest_neighbor_tests::nearest_neighbor_empty_targets_is_infinite ... ok
test nearest_neighbor::nearest_neighbor_tests::nearest_neighbor_finds_closest_by_brute_force ... ok
test moments::tests::point_moments_auto_matches_cpu_reference ... ok
test nearest_two::tests::nearest_two_finds_best_and_second_best ... ok
test nearest_two::tests::nearest_two_first_only_matches_nearest_neighbor ... ok
test nearest_two::tests::nearest_two_handles_empty_and_single_target ... ok
test orbit_camera::tests::keeps_eye_outside_bounds_and_extends_far_plane ... ok
test orbit_camera::tests::refuses_invalid_parameters ... ok
test registration::registration_tests::icp_rejects_invalid_inputs ... ok
test registration::registration_tests::icp_reports_post_fit_error_for_iteration ... ok
test registration::registration_tests::rigid_transform_recovers_known_correspondences ... ok
test stats::tests::point_cloud_stats_matches_separate_cpu_summaries ... ok
test stats::tests::point_cloud_stats_rejects_empty_and_nonfinite_points ... ok
test transform_error::tests::transformed_rmse_handles_empty_input ... ok
test transform_error::tests::transformed_sum_rejects_mismatched_lengths ... ok
test transform_error::tests::transformed_sum_auto_matches_cpu_reference ... ok
test transform_error::tests::transformed_sum_matches_materialized_reference ... ok
test viewport::tests::css_ray_and_projection_roundtrip ... ok
test viewport::tests::inverse_residual_and_small_invertible_scale ... ok
test viewport::tests::selected_corner_ties_and_transform ... ok
test viewport::tests::singular_and_invalid_viewports_refuse ... ok
test stats::tests::point_cloud_stats_auto_matches_cpu_reference ... ok
test stats::tests::transformed_point_cloud_stats_auto_matches_cpu_reference ... ok
test stats::tests::transformed_point_cloud_stats_matches_materialized_reference ... ok
test registration::registration_tests::icp_register_recovers_small_rigid_offset ... ok
test nearest_neighbor::nearest_neighbor_tests::nearest_neighbor_accelerated_auto_matches_reference ... ok
test linalg::hotpath_bench::leaf_math_throughput ... ok

test result: ok. 68 passed; 0 failed; 0 ignored; 0 measured; 0 filtered out; finished in 0.18s

     Running tests/gpu_nearest_cooperative.rs (crates/target/debug/build/osv-math/c3be6b15b018da0e/out/gpu_nearest_cooperative-c3be6b15b018da0e)

running 0 tests

test result: ok. 0 passed; 0 failed; 0 ignored; 0 measured; 0 filtered out; finished in 0.00s

     Running tests/gpu_plans.rs (crates/target/debug/build/osv-math/786503325dc2a712/out/gpu_plans-786503325dc2a712)

running 0 tests

test result: ok. 0 passed; 0 failed; 0 ignored; 0 measured; 0 filtered out; finished in 0.00s

     Running tests/gpu_recorded_domains.rs (crates/target/debug/build/osv-math/62e8998d1675825a/out/gpu_recorded_domains-62e8998d1675825a)

running 0 tests

test result: ok. 0 passed; 0 failed; 0 ignored; 0 measured; 0 filtered out; finished in 0.00s

     Running tests/gpu_stable_stats.rs (crates/target/debug/build/osv-math/a681dacb05726824/out/gpu_stable_stats-a681dacb05726824)

running 0 tests

test result: ok. 0 passed; 0 failed; 0 ignored; 0 measured; 0 filtered out; finished in 0.00s

     Running tests/tensor_f64.rs (crates/target/debug/build/osv-math/9dddad0ece975609/out/tensor_f64-9dddad0ece975609)

running 0 tests

test result: ok. 0 passed; 0 failed; 0 ignored; 0 measured; 0 filtered out; finished in 0.00s

     Running tests/tensor_math.rs (crates/target/debug/build/osv-math/86c1362ae2787c60/out/tensor_math-86c1362ae2787c60)

running 0 tests

test result: ok. 0 passed; 0 failed; 0 ignored; 0 measured; 0 filtered out; finished in 0.00s

     Running unittests src/lib.rs (crates/target/debug/build/photogrammetry-core/4ad4c091a2501189/out/photogrammetry_core-4ad4c091a2501189)

running 121 tests
test bundle::tests::filter_options_are_validated_only_when_enabled ... ok
test bundle::tests::analytic_jacobians_match_central_differences ... ok
test bundle::tests::cancellation_precedes_preparation_and_preserves_inputs ... ok
test bundle::tests::filter_drops_tracks_reduced_below_two_views_or_parallax ... ok
test bundle::tests::pure_rotation_tracks_are_rejected_even_with_distinct_camera_ids ... ok
test bundle::tests::invalid_and_degenerate_inputs_do_not_mutate ... ok
test bundle::tests::outlier_mask_drops_only_large_errors_deterministically ... ok
test bundle::tests::disconnected_and_single_view_tracks_are_rejected ... ok
test bundle::tests::cancellation_inside_the_first_linearization_is_transactional ... ok
test calibration::tests::resize_uses_pixel_centres_and_rejects_wrong_crop_or_orientation ... ok
test bundle::tests::schur_elimination_matches_full_normal_equations ... ok
test calibration::tests::cancellation_and_limits_never_change_the_input ... ok
test calibration::tests::identity_preserves_every_pixel_and_uses_the_measured_focal ... ok
test camera::tests::mixed_focal_sampson_has_pixel_units_and_is_symmetric ... ok
test bundle::tests::schur_elimination_checks_cancellation_between_point_blocks ... ok
test calibration::tests::invalid_calibration_and_no_valid_rectangle_are_rejected ... ok
test camera::tests::relative_pose_rejects_nonidentity_first_camera_before_sampling ... ok
test camera::tests::robust_estimators_reject_nonfinite_correspondences_without_panics ... ok
test bundle::tests::cancellation_is_transactional_after_an_accepted_step ... ok
test camera::tests::shared_projection_rejects_nonfinite_coordinates_and_intrinsics ... ok
test camera::tests::triangulation_recovers_depth ... ok
test dense::consistency::planar_edge_accepts_tilt_and_rejects_depth_step ... ok
test dense::consistency::tests::curved_boundary_requires_measured_support_without_contradiction ... ok
test dense::consistency::tests::normals_face_camera_and_do_not_bridge_depth_discontinuities ... ok
test dense::consistency::tests::observed_triangles_never_cross_depth_jump ... ok
test dense::consistency::tests::opposite_thin_sheet_sides_do_not_supply_false_depth_support ... ok
test dense::consistency::tests::overlapping_registered_depth_maps_become_one_observed_grid ... ok
test dense::consistency::tests::selected_sources_option_limits_support_to_chosen_views ... ok
test dense::estimation::tests::centered_correlation_rejects_blank_and_preserves_exposure ... ok
test calibration::tests::all_rectified_pixels_have_valid_unfolded_source_support ... ok
test dense::estimation::tests::coarse_intervals_bracket_lifted_depth ... ok
test dense::estimation::tests::host_sweep_linear_indexing_variant_rewrites_entry_dispatch_shape ... ok
test dense::estimation::tests::source_rejection_keeps_partial_sample_count_and_u64_range ... ok
test dense::estimation::tests::source_selection_rejects_pure_rotation_and_prefers_supported_baseline ... ok
test dense::estimation::tests::sampled_correlation_is_bitwise_equal_to_separate_reductions ... ok
test bundle::tests::unobserved_data_and_nonidentity_anchor_are_preserved ... ok
test dense::fusion::tests::fusion_cancellation_is_explicit ... ok
test bundle::tests::rejected_steps_leave_an_exact_reconstruction_unchanged ... ok
test dense::fusion::tests::fusion_does_not_merge_same_image_or_unknown_normals_and_can_be_disabled ... ok
test dense::fusion::tests::overlapping_planes_share_vertices_and_faces_without_changing_source ... ok
test dense::mesh::compact_tests::clusters_a_copy_and_removes_duplicate_faces ... ok
test dense::fusion::tests::merge_pass_merges_observations_rejected_by_a_fixed_anchor ... ok
test dense::mesh::compact_tests::small_components_are_removed_deterministically ... ok
test dense::plane::depth_range_accepts_roundoff_but_rejects_real_excursions ... ok
test dense::fusion::tests::fusion_keeps_opposite_sides_and_separated_parallel_layers ... ok
test dense::plane::tests::propagated_plane_changes_depth_but_preserves_surface ... ok
test dense::plane::tests::local_visibility_requires_consensus_not_one_favorable_source ... ok
test bundle::tests::joint_refinement_recovers_nonplanar_shape_and_holds_gauge ... ok
test camera::tests::relative_pose_identity_tolerance_is_finite_and_accepts_roundoff ... ok
test camera::tests::clean_mixed_focal_pose_predicts_unused_world_points ... ok
test dense::estimation::tests::sparse_intervals_cover_anchors_deterministically ... ok
test dense::quality_tests::planning_budget_accounts_for_temporary_plane_states ... ok
test dense::selection::estimator_work_merge_is_transactional_and_preserves_output_counts ... ok
test dense::selection::retained_capacity_and_secondary_budget_are_checked ... ok
test dense::selection::tests::cancellation_is_polled_during_large_selection ... ok
test dense::selection::tests::malformed_late_sample_fails_before_any_mutation ... ok
test dense::selection::tests::selection_preserves_agreement_holes_and_reference_metadata ... ok
test dense::simplify::cancellation_preserves_source_and_budget_precedes_work ... ok
test calibration::tests::measured_mixed_cameras_reduce_known_3d_error_in_rendered_images ... ok
test dense::quality_tests::invalid_patch_radius_is_rejected ... ok
test dense::simplify::tests::reduces_plane_without_moving_boundary ... ok
test dense::simplify::tests::rejects_invalid_limits_and_indices ... ok
test dense::simplify::tetrahedron_does_not_collapse_into_duplicate_faces ... ok
test dense::simplify::thin_closed_shell_retains_volume ... ok
test dense::tests::cancellation_and_invalid_options_are_explicit ... ok
test camera::tests::robust_pose_with_outliers ... ok
test dense::simplify::close_opposing_sheets_preserve_identity_orientation_and_area ... ok
test dense::tests::impossible_support_request_is_rejected_before_processing ... ok
test dense::tests::working_set_budget_is_checked_before_starting_depth_estimation ... ok
test dense::volume::retry_budget_and_cancellation_contract ... ok
test dense::tests::narrow_images_fail_without_unsigned_underflow ... ok
test dense::plane::tests::red_black_and_adaptive_refinement_are_deterministic ... ok
test dense::volume::tests::depth_only_interpolation_preserves_acceptance_and_exact_depth ... ok
test dense::volume::tests::inverse_depth_interpolation_respects_observed_triangle_domain ... ok
test dense::volume::tests::unknown_nodes_and_cancellation_produce_no_partial_mesh ... ok
test dense::volume::tests::volume_capacity_is_included_in_upfront_planning ... ok
test dense::volume::tests::plane_is_shared_oriented_and_open_at_unknown_boundary ... ok
test evaluation::tests::common_voxel_sampling_prevents_duplicate_density_from_changing_f1 ... ok
test evaluation::tests::auto_acceleration_matches_kdtree_metrics ... ok
test evaluation::tests::invalid_and_cancelled_evaluation_are_explicit ... ok
test evaluation::tests::exact_tree_matches_brute_force_on_nonuniform_cloud ... ok
test evaluation::tests::no_scale_fit_hides_wrong_size ... ok
test evaluation::tests::removing_difficult_surface_improves_one_direction_but_loses_recall ... ok
test evaluation::tests::requested_acceleration_matches_kdtree_metrics ... ok
test features::tests::descriptor_matching_auto_recommends_gpu_only_for_large_work ... ok
test features::tests::bounded_matching_agrees_bit_for_bit_with_exhaustive_distances ... ok
test evaluation::tests::cancellation_is_checked_inside_an_adversarial_nearest_query ... ok
test bundle::tests::robust_loss_reduces_outlier_damage ... ok
test dense::simplify::smooth_thin_torus_volume_diagnostic ... ok
test bundle::tests::filtering_between_runs_improves_outlier_recovery ... ok
test host_matching::tests::pair_grid_covers_every_pair_up_to_24_then_windows ... ok
test host_matching::tests::payload_roundtrips_through_the_response_parser ... ok
test host_matching::tests::prepare_declines_large_sets_and_second_chance ... ok
test host_matching::tests::response_parser_rejects_truncated_and_trailing_bytes ... ok
test camera::tests::epipolar_outlier_does_not_regress_against_frozen_estimator ... ok
test integration_tests::rejects_invalid_images_and_cancels_before_features ... ok
test features::tests::feature_pyramid_stops_at_supported_sizes_and_respects_zero_limit ... ok
test matching::tests::conflicting_tracks_and_duplicate_view_observations_are_excluded ... ok
test matching::tests::reverse_pair_uses_same_computation ... ok
test matching::tests::second_chance_relaxes_only_mutual_ratio_rejects ... ok
test features::tests::fractional_coordinates_descriptors_and_quality_are_deterministic ... ok
test pipeline::tests::disabled_filter_keeps_every_observation ... ok
test pipeline::tests::failed_diagnostics_distinguish_cancellation_input_and_texture ... ok
test pipeline::tests::final_camera_counts_require_retained_geometric_support ... ok
test integration_tests::translated_features_have_correct_correspondences ... ok
test camera::tests::resection_recovers_camera ... ok
test seeding::tests::runner_up_verification_finds_baseline_seed_behind_degenerate_top_pair ... ok
test seeding::tests::default_options_reproduce_original_propose_deterministically ... ok
test camera::tests::analytic_epipolar_jacobian_tracks_finite_differences ... ok
test camera::tests::joint_refinement_is_deterministic_and_improves_noisy_pose ... ok
test pipeline::tests::enabled_filter_removes_outliers_deterministically_and_improves_rmse ... ok
test integration_tests::dense_plane_recovers_known_depth ... ok
test camera::tests::low_support_does_not_become_a_successful_seed ... ok
test dense::quality_tests::refinement_can_be_cancelled_after_global_initialization ... ok
test dense::quality_tests::dual_scale_requires_large_patch_and_cancels_secondary_pass ... ok
test dense::quality_tests::all_valid_hypothesis_budgets_remain_bounded_and_deterministic ... ok
test features::tests::subpixel_reduces_fractional_translation_error_on_unfitted_texture ... ok
test features::tests::second_chance_appends_relaxed_mutual_matches_without_precision_regression ... ok
test features::tests::interpolated_and_root_histograms_preserve_precision_under_rotation ... ok
test dense::quality_tests::inclined_surface_improves_depth_at_identical_hypothesis_budget ... ok
test dense::tests::depth_priors_are_opt_in_and_deterministic ... ok

test result: ok. 121 passed; 0 failed; 0 ignored; 0 measured; 0 filtered out; finished in 9.97s

     Running tests/dense_accuracy.rs (crates/target/debug/build/photogrammetry-core/1abcbb0c08d3175a/out/dense_accuracy-1abcbb0c08d3175a)

running 1 test
test accurate_preset_beats_defaults_on_analytic_scenes ... ok

test result: ok. 1 passed; 0 failed; 0 ignored; 0 measured; 0 filtered out; finished in 38.64s

     Running unittests src/lib.rs (crates/target/debug/build/photogrammetry-ffi/7e532834870afdf1/out/photogrammetry_ffi-7e532834870afdf1)

running 17 tests
test response::tests::benchmark_surface_transport ... ignored, Comparative benchmark; run alone with PHOTO_TRANSPORT_MODE and --test-threads=1
test session::tests::browser_dense_presets_keep_the_default_and_bound_the_experiment ... ok
test session::tests::dense_work_counts_preserve_u64_and_reject_unsafe_javascript_integers ... ok
test tests::budget_counts_the_same_bytes_as_the_shared_encoder ... ok
test tests::envelope_and_keys_take_part_in_depth_and_item_limits ... ok
test session::tests::an_empty_session_reports_null ... ok
test session::tests::diagnostics_preserve_successful_and_failed_seed_trials ... ok
test response::tests::geometry_budget_counts_keys_arrays_numbers_and_diagnostics_exactly ... ok
test response::tests::borrowed_metadata_uses_the_same_complete_envelope_limits ... ok
test response::tests::borrowed_sparse_preserves_missing_cameras_point_order_and_metadata ... ok
test session::tests::dense_dispatch_rejects_invalid_presets_before_starting_reconstruction ... ok
test response::tests::borrowed_surface_preserves_every_wire_byte_and_decoded_value ... ok
test session::tests::failed_calibrated_add_does_not_mutate_an_existing_session ... ok
test session::tests::a_cached_group_focal_rectifies_the_same_pixels_as_the_kernel ... ok
test session::tests::mixed_groups_and_legacy_images_keep_pixel_and_provenance_alignment ... ok
test response::tests::oversized_geometry_is_rejected_before_allocating_an_intermediate_value_tree ... ok
test tests::a_byte_small_but_item_oversized_response_becomes_a_readable_error ... ok

test result: ok. 16 passed; 0 failed; 1 ignored; 0 measured; 0 filtered out; finished in 0.07s

     Running unittests src/lib.rs (crates/target/debug/build/photogrammetry-wasm/7357874852cee21d/out/photogrammetry_wasm-7357874852cee21d)

running 0 tests

test result: ok. 0 passed; 0 failed; 0 ignored; 0 measured; 0 filtered out; finished in 0.00s

     Running unittests src/lib.rs (crates/target/debug/build/planar-geometry/cd555ca466dc5e1c/out/planar_geometry-cd555ca466dc5e1c)

running 148 tests
test curve::tests::exact_subdivision_and_reversal ... ok
test corners::tests::rounded_rect_styles ... ok
test curve::tests::invalid_geometry_is_an_explicit_conversion_error ... ok
test curve::tests::cubic_with_two_y_extrema_uses_every_monotone_piece ... ok
test curve::tests::closed_area_remains_accurate_far_from_origin ... ok
test curve::tests::signed_winding_distinguishes_holes_and_double_winding ... ok
test curve::tests::polynomial_area_and_bounds_are_analytic ... ok
test corners::tests::round_corners_square ... ok
test curve::tests::quadratic_promotion_preserves_the_curve ... ok
test curve::tests::tangencies_and_shared_vertices_do_not_create_crossings ... ok
test curve::tests::compounds_convert_without_losing_closures_or_curves ... ok
test attribute_mesh::tests::invalid_samples_and_exhaustion_are_explicit ... ok
test attribute_mesh::tests::linear_values_need_no_refinement ... ok
test attribute_mesh::tests::repeated_linear_seams_are_sharp_without_excessive_triangles ... ok
test curve::tests::stroke_uses_native_width_caps_and_contour_holes ... ok
test curve_boolean::tests::stationary_cubic_midpoint_does_not_drop_a_valid_region ... ok
test attribute_mesh::tests::radial_center_is_represented_for_either_diagonal ... ok
test edit::tests::align_and_distribute ... ok
test edit::tests::angle_snap_and_guides ... ok
test edit::tests::measure_segment ... ok
test edit::tests::scissors_and_knife ... ok
test curve_boolean::tests::cubic_equivalent_of_a_line_can_share_polygon_edges ... ok
test edit::tests::snap_grid_and_intersection ... ok
test effects::tests::arc_and_star ... ok
test effects::tests::blend_aligns_both_seam_and_winding_before_interpolation ... ok
test effects::tests::arrays_and_hatch ... ok
test effects::tests::concentric_offset_rings ... ok
test effects::tests::distortions_and_blend ... ok
test curve_boolean::tests::almost_axis_aligned_edges_keep_crossings_on_both_axes ... ok
test effects::tests::effects_reject_unbounded_and_non_finite_inputs ... ok
test effects::tests::free_distort_uses_the_editable_control_bounds_and_handles_flat_axes ... ok
test effects::tests::grouped_repeats_omit_sources_and_support_upright_orbits ... ok
test effects::tests::concentric_offsets_preserve_evenodd_holes_and_reject_invalid_options ... ok
test effects::tests::hatch_path_and_cross ... ok
test effects::tests::partial_and_negative_arc_sweeps_follow_the_ellipse ... ok
test effects::tests::hatch_skips_donut_hole ... ok
test effects::tests::pucker_bloat_bows_rectangle_sides_and_uses_anchor_centroid ... ok
test effects::tests::roughen_closed_contour_has_one_consistent_seam ... ok
test effects::tests::roughen_densifies_pins_open_ends_and_can_smooth ... ok
test effects::tests::scatter_preserves_group_geometry_with_scale_rotation_and_seed ... ok
test effects::tests::spiral_and_polar_grid ... ok
test effects::tests::stipple_bounds_candidate_work_even_when_no_mark_would_survive ... ok
test effects::tests::zig_zag_closed_seam_has_the_same_treatment_as_other_corners ... ok
test effects::tests::stipple_jitter_is_deterministic ... ok
test effects::tests::twist_bends_straight_edges_and_rotates_the_outer_radius_by_full_angle ... ok
test effects::tests::zig_zag_creates_ridges_on_a_straight_line_and_pins_endpoints ... ok
test path::tests::average_and_handle_link ... ok
test path::tests::de_casteljau_insert_preserves_endpoints ... ok
test path::tests::delete_segment_splits_open ... ok
test path::tests::convert_shapes_to_path ... ok
test path::tests::ellipse_flattens_and_closes ... ok
test path::tests::flatten_preserves_collinear_overshoot_and_rejects_invalid_options ... ok
test path::tests::join_welds_coincident_ends ... ok
test path::tests::offset_closed_grows_area ... ok
test path::tests::open_path_drops_close ... ok
test path::tests::outline_stroke_closed_rect ... ok
test path::tests::reverse_roundtrip_endpoints ... ok
test path::tests::simplify_reduces_collinear ... ok
test path::tests::smooth_makes_cubics ... ok
test path::tests::split_closed_opens_at_node ... ok
test path_offset::tests::donut_outset_shrinks_hole ... ok
test path_offset::tests::inset_square_shrinks ... ok
test path_offset::tests::inset_too_far_collapses ... ok
test curve_boolean::tests::four_rectangle_arrangement_is_a_complete_disjoint_partition ... ok
test path_offset::tests::offset_honors_fill_rule_and_reversed_sources ... ok
test path_offset::tests::offset_miter_limit_changes_acute_corner ... ok
test path_offset::tests::offset_rejects_invalid_tolerance_and_arc_budget ... ok
test path_offset::tests::outset_square_grows ... ok
test path_offset::tests::round_join_outset_ok ... ok
test pathfinder::tests::compound_with_hole ... ok
test pathfinder::tests::crop_keeps_overlap_only ... ok
test pathfinder::tests::divide_two_squares_three_cells ... ok
test pathfinder::tests::merge_by_color_unions_same_fill ... ok
test pathfinder::tests::minus_back_keeps_front ... ok
test pathfinder::tests::minus_front_keeps_back ... ok
test pathfinder::tests::shape_builder_extract_and_delete ... ok
test pathfinder::tests::trim_cuts_back_by_front ... ok
test pathfinder::tests::xor_two_overlapping_squares ... ok
test render::tess::conversion_overflow_is_rejected_before_calling_vertex_constructor ... ok
test render::tests::closed_stroke_renders_ribbon_with_empty_center ... ok
test render::tests::compound_render_fill_preserves_holes_under_selected_rule ... ok
test render::tests::complex_closed_stroke_is_not_limited_by_temporary_join_polygons ... ok
test render::tests::custom_gradient_vertices_receive_document_positions_and_append_indices ... ok
test render::tests::failed_paths_and_options_leave_existing_buffers_untouched ... ok
test curve_boolean::tests::self_intersecting_cubic_normalizes_each_fill_rule ... ok
test measure::tests::indexed_projection_matches_exhaustive_search_and_retracing_ties ... ok
test render::tests::translated_and_extreme_finite_f32_compound_fills_preserve_holes ... ok
test rings::tests::clockwise_and_cancelled_inputs_are_valid_fills ... ok
test rings::tests::booleans_allow_a_different_fill_rule_for_each_operand ... ok
test rings::tests::compound_normalization_is_independent_of_document_units ... ok
test rings::tests::convex_fast_route_requires_hull_order_not_only_turn_signs ... ok
test rings::tests::fill_rules_combine_winding_across_nested_rings ... ok
test rings::tests::normalization_preserves_small_translated_regions_and_rejects_invalid_coordinates ... ok
test rings::tests::curvex_open_gradient_stroke_polyline_remains_closed_region ... ok
test rings::tests::normalization_resolves_overlap_and_zero_signed_area_crossing ... ok
test rings::tests::planar_overlap_and_hole ... ok
test render::tests::imported_five_thousand_point_contour_renders_completely ... ok
test rings::tests::planar_xor ... ok
test scissors::tests::knife_hits_cubic ... ok
test scissors::tests::knife_open_line ... ok
test scissors::tests::knife_split_rect ... ok
test scissors::tests::knife_split_rejects_open ... ok
test scissors::tests::scissors_open_polyline ... ok
test scissors::tests::scissors_opens_closed_loop ... ok
test scissors::tests::scissors_preserves_cubic ... ok
test stroke::simple::tests::convex_mesh_has_two_triangles_per_edge_and_preserves_translated_area ... ok
test stroke::simple::tests::crossing_touching_retraced_and_consumed_strokes_use_general_solver ... ok
test stroke::tests::acute_miter_is_clipped_to_bevel_at_limit ... ok
test stroke::tests::arrow_and_bar_are_closed ... ok
test curve_boolean::tests::rounded_protrusion_preserves_original_controls ... ok
test stroke::tests::chevron_marker_is_closed ... ok
test stroke::tests::closed_stroke_keeps_hole_and_has_no_seam_gap ... ok
test stroke::tests::caps_have_correct_area_and_round_chord_accuracy ... ok
test stroke::tests::dash_closed_seam_joins_without_extra_caps ... ok
test stroke::tests::dash_keeps_intermediate_corners_and_repeats_odd_pattern ... ok
test stroke::tests::dash_spans_alternate_on_line ... ok
test rings::winding::tests::contour_index_matches_signed_exhaustive_winding_for_both_operands ... ok
test stroke::tests::dashed_produces_multiple ... ok
test stroke::tests::invalid_dash_options_fail_before_sampling ... ok
test stroke::tests::joins_distinguish_bevel_round_and_miter ... ok
test stroke::tests::round_cap_closed_ok ... ok
test stroke::tests::solid_rect_stroke_area ... ok
test tessellation::tests::bowtie_keeps_both_lobes_despite_zero_signed_area ... ok
test curve_boolean::tests::shared_span_still_intersects_a_different_part_of_a_loop ... ok
test tessellation::tests::empty_and_degenerate_fills_are_empty_but_invalid_coordinates_fail ... ok
test tessellation::tests::open_path_rejected ... ok
test stroke::tests::convex_route_matches_general_union_for_all_join_styles ... ok
test tessellation::tests::overlapping_and_coincident_rings_apply_combined_winding ... ok
test tessellation::tests::tessellate_cubic_closed ... ok
test tessellation::tests::disjoint_and_point_touching_regions_do_not_overlap ... ok
test tessellation::tests::tessellate_unit_square ... ok
test tessellation::tests::tessellate_with_hole ... ok
test triangulation::tests::concave_caps_with_holes_preserve_area_in_all_orientations ... ok
test triangulation::tests::ear_clipping_stops_at_the_work_budget ... ok
test tessellation::tests::same_winding_inner_ring_is_only_a_hole_under_evenodd ... ok
test curve_boolean::tests::subdivided_coincident_cubic_spans_do_not_double_the_boundary ... ok
test curve_boolean::tests::translated_geometry_beyond_former_coordinate_limit_is_preserved ... ok
test curve_boolean::tests::overlapping_ellipses_preserve_cubic_boundaries_and_region ... ok
test tessellation::tests::holes_and_nested_islands_have_exactly_once_coverage ... ok
test curve_boolean::tests::partial_coincident_arc_preserves_the_remaining_regions ... ok
test curve_boolean::tests::evenodd_compound_keeps_holes_and_nested_islands ... ok
test render::tests::varied_curvex_f32_open_strokes_cover_their_centerlines ... ok
test path::tests::flatten_meets_small_tolerance_beyond_old_sample_cap ... ok
test curve_boolean::tests::contained_disjoint_equal_and_reversed_curves ... ok
test curve_boolean::tests::tangent_and_nearly_coincident_inputs_remain_closed ... ok
test curve_boolean::tests::five_thousand_simple_vertices_are_not_rejected_by_old_segment_cap ... ok
test stroke::simple::tests::certified_ribbons_match_strip_union_for_open_closed_and_reversed_paths ... ok
test curve_boolean::tests::varied_curved_arrangements_match_independent_input_winding ... ok

test result: ok. 148 passed; 0 failed; 0 ignored; 0 measured; 0 filtered out; finished in 1.17s

     Running tests/curvex_parity.rs (crates/target/debug/build/planar-geometry/d864818c4f9e6fd8/out/curvex_parity-d864818c4f9e6fd8)

running 18 tests
test angular_snap_projects_only_inside_tolerance ... ok
test alignment_guides_only_describe_the_returned_translation ... ok
test joins_preserve_custom_curves_and_ignore_connector_for_welded_endpoints ... ok
test crossing_directions_keep_crossing_points_but_merge_opposite_angles ... ok
test open_parallel_offset_preserves_translated_interior_coordinates ... ok
test semantic_drag_snap_ties_and_distance_marks_match_visible_neighbors ... ok
test handle_link_validates_index_and_keeps_single_endpoint_handle ... ok
test degenerate_ellipse_axis_still_builds_finite_polar_grid ... ok
test round_corners_uses_cubic_anchors_and_pins_open_endpoints ... ok
test closed_simplify_removes_collinear_seam_without_changing_square ... ok
test tangent_join_extends_forward_rays_and_rejects_backward_intersections ... ok
test semantic_snap_preserves_primitive_centers_and_closed_vertices ... ok
test open_corner_styles_match_signed_radii_and_pin_endpoints ... ok
test semantic_snap_has_real_anchors_perpendicular_feet_and_kind_priority ... ok
test compound_scissors_hits_holes_and_keeps_survivors_grouped ... ok
test compound_knife_assigns_untouched_holes_to_the_containing_side ... ok
test compound_knife_hole_only_cut_stays_one_compound_with_same_fill ... ok
test closed_simplify_matches_farthest_pair_reference_on_irregular_rings ... ok

test result: ok. 18 passed; 0 failed; 0 ignored; 0 measured; 0 filtered out; finished in 0.01s

     Running tests/profile_triangulation.rs (crates/target/debug/build/planar-geometry/2e118b7dfafcc554/out/profile_triangulation-2e118b7dfafcc554)

running 9 tests
test rejects_bow_tie_boundary ... ok
test rejects_self_intersection_with_nonzero_signed_area ... ok
test oversized_square_grid_refuses_at_profile_budget ... ok
test rejects_nonfinite_and_excessive_inputs ... ok
test preserves_collinear_boundary_segments_and_ring_orientations ... ok
test rejects_crossing_permutations_of_boundary_vertices ... ok
test axis_aligned_square_grids_preserve_boundaries ... ok
test holes_remain_conforming_after_reflection_scaling_and_reordering ... ok
test aligned_holes_have_conforming_boundaries ... ok

test result: ok. 9 passed; 0 failed; 0 ignored; 0 measured; 0 filtered out; finished in 0.32s

     Running tests/stroke_robustness.rs (crates/target/debug/build/planar-geometry/4950036728575d33/out/stroke_robustness-4950036728575d33)

running 4 tests
test invalid_and_over_budget_inputs_return_errors_without_panics ... ok
test dense_coincident_input_stops_before_quadratic_pair_processing ... ok
test tiny_translated_retraced_capsules_keep_closed_boundaries ... ok
test retraced_crossing_band_does_not_emit_negative_roundoff_triangle ... ok

test result: ok. 4 passed; 0 failed; 0 ignored; 0 measured; 0 filtered out; finished in 0.07s

     Running unittests src/lib.rs (crates/target/debug/build/polygon-core/31ca653c20ed209c/out/polygon_core-31ca653c20ed209c)

running 105 tests
test appearance::tests::spread_modes ... ok
test appearance::tests::recolor_preserves_alpha ... ok
test appearance::tests::linear_midpoint ... ok
test appearance::tests::copy_appearance_clones ... ok
test scene_flatten::tests::body_bounds_cover_all_groups_and_validate_coordinates ... ok
test mesh_export::tests::bounded_text_never_appends_past_limit ... ok
test mesh_topology::tests::packed_endpoints_cover_the_full_admitted_index_range ... ok
test mesh_export::tests::print_mesh_trio_covers_stl_obj_and_3mf ... ok
test model_3mf::tests::preserves_parts_and_rejects_invalid_part_without_partial_document ... ok
test mesh_export::tests::open_mesh_admission_and_index_conventions ... ok
test mesh_export::tests::binary_stl_records_and_float32_collapse ... ok
test mesh_topology::tests::matches_map_for_boundaries_orientation_degeneracy_and_nonmanifold_edges ... ok
test scene_flatten::tests::mirror_plane_is_scale_invariant_and_rejects_zero_axis ... ok
test gradient_mesh::tests::stroke_along_path_colors_endpoints ... ok
test scene_flatten::tests::resize_uses_one_selection_pivot_and_refuses_flat_axes ... ok
test scene_flatten::tests::exact_welding_and_reflected_winding ... ok
test scene_flatten::tests::malformed_inputs_refuse_without_partial_output ... ok
test gradient_mesh::tests::linear_fill_mesh_has_vertex_colors ... ok
test gradient_mesh::tests::direct_gradient_stroke_keeps_hole_and_spatial_colors ... ok
test solid::boolean::tests::diagnostic_intersection_distinguishes_shared_edge_from_coplanar_overlap ... ok
test solid::boolean::tests::diagnostic_intersection_returns_original_pair_and_world_point ... ok
test solid::boolean::material_audit::tests::parent_may_follow_child_in_source_order ... ok
test solid::boolean::tests::diagnostic_intersections_enumerates_separate_defects_and_preserves_partial_results ... ok
test solid::boolean::material_audit::tests::separated_solids_and_translated_cavity ... ok
test solid::boolean::material_audit::tests::nested_cavity_and_island_have_alternating_material_regions ... ok
test solid::boolean::material_audit::tests::refuses_overlap_contact_wrong_orientation_and_budget_exhaustion ... ok
test solid::boolean::tests::coordinate_normalization_preserves_scale_and_translation ... ok
test solid::boolean::tests::coincident_solids_with_different_triangulations ... ok
test solid::boolean::tests::rejects_invalid_solids_and_exhausted_budget ... ok
test solid::boolean::tests::coincident_coplanar_and_empty_cases ... ok
test gradient_mesh::tests::radial_fill_samples_interior_instead_of_only_saturated_corners ... ok
test solid::boolean::tests::rejects_crossing_shells_and_incorrect_component_orientation ... ok
test solid::brep::holes_test::annular_polygon_retains_inner_loop ... ok
test solid::brep::tests::corrupted_polygon_boundary_is_rejected ... ok
test solid::brep::tests::closed_mesh_forms_a_body ... ok
test solid::boolean::tests::diagnostic_intersections_matches_pairwise_checks_and_keeps_valid_adjacency ... ok
test solid::brep::tests::grouped_polygon_face_has_one_boundary ... ok
test solid::bvh::tests::builds_deterministic_balanced_hierarchy ... ok
test model_3mf::tests::exported_parts_cannot_bypass_the_aggregate_budget ... ok
test solid::bvh::tests::next_power_of_two_matches_log2_ceil ... ok
test solid::bvh::tests::omits_invalid_and_degenerate_triangles ... ok
test solid::bvh_query::tests::affine_ray_keeps_world_parameter_and_inverse_transpose_normal ... ok
test solid::bvh_query::tests::malformed_cycles_are_bounded_and_invalid_indices_do_not_panic ... ok
test solid::bvh_query::tests::nearest_layers_ties_exclusions_and_unnormalised_rays ... ok
test solid::boolean::tests::union_many_joins_separated_groups_and_folds_touching_ones ... ok
test solid::boolean::tests::face_contact_is_regularized_and_edge_contact_fails_closed ... ok
test solid::bvh::cooperative_tests::invalid_input_scanning_is_also_interruptible ... ok
test solid::boolean::tests::coplanar_partial_overlap_and_rotated_boxes ... ok
test solid::edges::tests::hypot3_matches_reference_values ... ok
test solid::boolean::tests::overlapping_boxes_all_operations ... ok
test solid::boolean::tests::disjoint_and_nested_solids_with_cavity ... ok
test solid::bvh_query::tests::agrees_with_frozen_host_queries ... ok
test solid::edges::tests::keeps_twelve_creases_of_a_cube ... ok
test solid::edit::tests::brush_moves_only_vertices_inside_radius_and_keeps_topology ... ok
test solid::edit::tests::brush_rejects_invalid_brush_and_degenerate_results ... ok
test solid::edit::tests::brush_with_negative_displacement_carves_and_wide_brush_translates ... ok
test solid::edit::tests::sculpt_kinds_change_the_solid_as_expected ... ok
test solid::edit::tests::sculpt_target_has_outward_unit_normals_and_full_rings ... ok
test solid::export_file::tests::binary_count_and_unicode_header ... ok
test solid::export_file::tests::obj_offsets_and_number_notation ... ok
test solid::export_file::tests::refusal_poison_prevents_partial_commit ... ok
test solid::export_prepare::tests::malformed_mesh_is_not_silently_filtered ... ok
test solid::export_prepare::tests::mirrored_winding_and_unused_vertices ... ok
test solid::export_prepare::tests::stl_rounding_precedes_degeneracy_and_normals ... ok
test solid::lineage::tests::split_is_ambiguous_and_merge_follows ... ok
test solid::modeling::tests::extrude_hole_and_oblique_vector ... ok
test solid::edges::tests::ignores_degenerate_triangles ... ok
test solid::modeling::tests::extrude_rings_difference_volume ... ok
test solid::modeling::tests::loft_concave_sections ... ok
test solid::modeling::tests::sweep_straight_and_curved ... ok
test solid::placement::tests::malformed_placement_refuses_and_empty_input_stays_empty ... ok
test solid::placement::tests::reflection_and_f64_coordinate_retention ... ok
test solid::edges::tests::removes_coplanar_diagonal_from_triangulated_quad ... ok
test solid::primitives::tests::hull_box ... ok
test solid::modeling::tests::revolve_full_and_partial ... ok
test solid::primitives::tests::primitives_closed ... ok
test solid::proximity::tests::nearest_regions ... ok
test solid::edges::tests::reconstructs_topology_from_duplicated_property_vertices ... ok
test solid::scene_bvh::tests::finite_parameter_survives_subtraction_overflow ... ok
test solid::proximity::tests::nearest_triangle_scale_covariance ... ok
test solid::scene_bvh::tests::ties_invalid_bounds_and_extreme_centers ... ok
test solid::scene_bvh::tests::tiny_directions_and_inclusive_bounds ... ok
test solid::section::display_precision_tests::display_preserves_topological_nodes_while_strict_section_refuses_collapse ... ok
test tests::affine_reflection_preserves_outward_orientation ... ok
test tests::diagnostic_locations_match_counts_and_keep_branched_boundaries ... ok
test tests::boundary_order_and_thickened_indices_are_unchanged ... ok
test tests::inspection_preserves_topology_diagnostics_without_coordinate_welding ... ok
test solid::edges::tests::welds_minus_zero_to_plus_zero ... ok
test solid::primitives::tests::prism_difference_accepts_a_cutter_that_spans_the_base ... ok
test tests::polygon_library_works_without_a_surface_definition ... ok
test tests::mesher_accepts_an_unrelated_analytic_surface ... ok
test tests::rejects_bad_indices_bad_uv_and_ambiguous_boundaries ... ok
test tests::imported_mesh_budget_is_separate_from_tessellation_budget ... ok
test solid::edges::tests::crease_threshold_is_strict_and_deterministic ... ok
test solid::edges::cooperative::tests::long_merge_chains_and_nonmanifold_groups_yield ... ok
test package_3mf::tests::crc_standard_check_and_exact_artifact_budget ... ok
test mesh_topology::tests::matches_map_for_deterministic_random_triangle_soups ... ok
test solid::edges::cooperative::tests::dropping_at_different_steps_preserves_inputs_and_later_results ... ok
test solid::boolean::tests::analytic_box_sweep_and_chained_nonconvex_result ... ok
test solid::boolean::tests::difference_many_subtracts_separated_cutters_in_batches ... ok
test solid::bvh::cooperative_tests::dropping_a_partial_build_leaves_inputs_reusable ... ok
test mesh_topology::tests::matches_map_for_dense_meshes_and_adversarial_orderings ... ok
test solid::boolean::tests::separated_operands_above_the_bsp_cap_take_the_exact_fast_path ... ok
test solid::edges::cooperative::tests::matches_sync_across_radix_thresholds_welding_and_degeneracy ... ok
test solid::primitives::tests::prism_difference_grid_of_holes_preserves_closed_volume ... ok

test result: ok. 105 passed; 0 failed; 0 ignored; 0 measured; 0 filtered out; finished in 0.65s

     Running tests/sections.rs (crates/target/debug/build/polygon-core/19372086e6a80de1/out/sections-19372086e6a80de1)

running 13 tests
test invalid_inputs_fail_before_slicing_and_empty_mesh_is_supported ... ok
test overflowing_interpolation_fails_with_a_numeric_diagnostic ... ok
test open_boundary_is_an_error_instead_of_a_repaired_ring ... ok
test exact_triangle_soup_seams_and_signed_zero_share_identity ... ok
test shared_plane_vertices_and_edges_do_not_create_double_segments ... ok
test large_translation_does_not_saturate_coordinate_quantization ... ok
test gap_smaller_than_old_welding_epsilon_is_preserved ... ok
test duplicate_and_touching_boundaries_are_explicitly_ambiguous ... ok
test box_uses_documented_half_open_rule_at_horizontal_faces ... ok
test island_inside_a_hole_remains_a_separate_oriented_contour ... ok
test hollow_extrusion_preserves_hole_winding ... ok
test cylinder_section_matches_its_polygon_not_the_analytic_circle ... ok
test reusable_index_restricts_candidates_to_the_current_height ... ok

test result: ok. 13 passed; 0 failed; 0 ignored; 0 measured; 0 filtered out; finished in 0.00s

     Running unittests src/lib.rs (crates/target/debug/build/printer-cli/59049eef45dc3607/out/printer_cli-59049eef45dc3607)

running 3 tests
test artifact::tests::infers_kinds_from_extension ... ok
test serve::tests::config_body_maps_defaults ... ok
test artifact::tests::loads_gcode_file ... ok

test result: ok. 3 passed; 0 failed; 0 ignored; 0 measured; 0 filtered out; finished in 0.00s

     Running unittests src/main.rs (crates/target/debug/build/printer-cli/0cd58d794d38e547/out/printer_cli-0cd58d794d38e547)

running 0 tests

test result: ok. 0 passed; 0 failed; 0 ignored; 0 measured; 0 filtered out; finished in 0.00s

     Running tests/cli.rs (crates/target/debug/build/printer-cli/6b1606458db39876/out/cli-6b1606458db39876)

running 1 test
test clap_help_mentions_serve ... ok

test result: ok. 1 passed; 0 failed; 0 ignored; 0 measured; 0 filtered out; finished in 0.00s

     Running unittests src/lib.rs (crates/target/debug/build/printer-core/e8ad357b857e2dc3/out/printer_core-e8ad357b857e2dc3)

running 13 tests
test scrub::tests::scrubs_access_code_and_api_key ... ok
test bambu::status::tests::full_idle_snapshot ... ok
test bambu::status::tests::printing_and_error ... ok
test bambu::status::tests::fixtures_parse ... ok
test bambu::network::tests::unique_client_ids_differ ... ok
test hash::tests::sha256_empty ... ok
test hash::tests::md5_rfc_vectors ... ok
test bambu::tls::tests::lan_client_config_builds ... ok
test discovery::live::tests::parses_bambu_ssdp_notify ... ok
test discovery::tests::mock_discovery_returns_queued ... ok
test bambu::network::tests::transport_validates_config ... ok
test bambu::messages::tests::project_file_includes_md5 ... ok
test discovery::live::tests::parses_snapmaker_json ... ok

test result: ok. 13 passed; 0 failed; 0 ignored; 0 measured; 0 filtered out; finished in 0.00s

     Running tests/bambu_lan.rs (crates/target/debug/build/printer-core/d27496b1438e5395/out/bambu_lan-d27496b1438e5395)

running 5 tests
test rejects_plain_gcode_and_path_traversal ... ok
test push_status_reads_mock_report ... ok
test bambu_submit_uploads_then_publishes_project_file ... ok
test verify_start_accepts_running ... ok
test verify_start_fails_on_print_error ... ok

test result: ok. 5 passed; 0 failed; 0 ignored; 0 measured; 0 filtered out; finished in 0.00s

     Running tests/http_hosts.rs (crates/target/debug/build/printer-core/3be62f120bb62bee/out/http_hosts-3be62f120bb62bee)

running 9 tests
test moonraker_rejects_3mf ... ok
test octoprint_upload_select_print ... ok
test octoprint_scrubs_api_key_from_http_errors ... ok
test snapmaker_scrubs_token ... ok
test octoprint_pause_resume_cancel_and_status ... ok
test creality_uses_moonraker_wire_with_creality_vendor ... ok
test moonraker_upload_then_start ... ok
test prusalink_put_upload_and_job_control ... ok
test snapmaker_connect_upload_start_and_control ... ok

test result: ok. 9 passed; 0 failed; 0 ignored; 0 measured; 0 filtered out; finished in 0.01s

     Running unittests src/lib.rs (crates/target/debug/build/raster-core/0d3470068cd298e0/out/raster_core-0d3470068cd298e0)

running 5 tests
test chunks::tests::sources_without_markers_are_borrowed ... ok
test chunks::tests::shadow_bindings_parameterize_group_and_slots ... ok
test chunks::tests::expansion_is_line_based_and_preserves_everything_else ... ok
test chunks::tests::unknown_markers_panic - should panic ... ok
test codegen::tests::generated_module_exports_every_source_as_template_literal ... ok

test result: ok. 5 passed; 0 failed; 0 ignored; 0 measured; 0 filtered out; finished in 0.00s

     Running unittests src/bin/wgsl_export.rs (crates/target/debug/build/raster-core/d6ffd79e4269fcf8/out/wgsl_export-d6ffd79e4269fcf8)

running 0 tests

test result: ok. 0 passed; 0 failed; 0 ignored; 0 measured; 0 filtered out; finished in 0.00s

     Running tests/frame.rs (crates/target/debug/build/raster-core/dff778896c42f257/out/frame-dff778896c42f257)

running 6 tests
test instanced_draws_place_each_record_its_own_transform ... ok
test deep_selection_underlay_draws_through_geometry ... ok
test edges_draw_on_top_of_the_mesh_with_depth_bias ... ok
test transparent_mesh_blends_over_opaque_and_skips_depth_write ... ok
test grid_lines_and_overlay_compose ... ok
test shadow_pass_darkens_occluded_floor_and_toggles_off_exactly ... ok

test result: ok. 6 passed; 0 failed; 0 ignored; 0 measured; 0 filtered out; finished in 0.09s

     Running tests/render.rs (crates/target/debug/build/raster-core/e2682e7092998279/out/render-e2682e7092998279)

running 4 tests
test caller_records_render_and_readback_in_one_submission ... ok
test rgba_readback_handles_padded_rows_and_rejects_invalid_sizes ... ok
test mesh_without_morph_source_draws_its_target_vertices ... ok
test morph_weight_moves_the_triangle_on_the_gpu ... ok

test result: ok. 4 passed; 0 failed; 0 ignored; 0 measured; 0 filtered out; finished in 0.08s

     Running tests/shaders.rs (crates/target/debug/build/raster-core/0ebead830a6ebfd4/out/shaders-0ebead830a6ebfd4)

running 10 tests
test uniform_layout_matches_the_wgsl_contract ... ok
test generated_layouts_match_the_layout_table ... ok
test immediate_variant_panics_without_object_uniform - should panic ... ok
test instanced_variant_panics_on_drifted_source - should panic ... ok
test instanced_variant_reads_per_instance_records ... ok
test immediate_variant_serves_style_from_immediate_address_space ... ok
test generated_ts_matches_the_wgsl_sources ... ok
test generated_variant_goldens_match_the_rust_variants ... ok
test instanced_variants_validate_with_naga ... ok
test shipped_shaders_validate_with_naga ... ok

test result: ok. 10 passed; 0 failed; 0 ignored; 0 measured; 0 filtered out; finished in 0.03s

     Running unittests src/lib.rs (crates/target/debug/build/sdf-core/9bb6324b86bea07a/out/sdf_core-9bb6324b86bea07a)

running 9 tests
test tests::primitives_and_csg ... ok
test tests::sculpt_sphere_rejects_invalid_strokes ... ok
test tests::polygonize_auto_recommendation_tracks_work_size ... ok
test tests::polygonize_auto_matches_cpu_on_small_grid ... ok
test tests::exact_grid_vertices_and_empty ... ok
test tests::capsule_and_smooth_difference_sample_correctly ... ok
test tests::sculpt_strokes_compose_tools_and_blend_modes ... ok
test tests::sculpt_sphere_adds_and_removes_material ... ok
test tests::closed_outward_sphere_and_convergence ... ok

test result: ok. 9 passed; 0 failed; 0 ignored; 0 measured; 0 filtered out; finished in 0.02s

     Running unittests src/lib.rs (crates/target/debug/build/sketch-core/cd016ef94667dd3d/out/sketch_core-cd016ef94667dd3d)

running 3 tests
test tests::reports_underconstraint ... ok
test tests::line_circle_tangency ... ok
test tests::circle_circle_tangency_and_conflicts ... ok

test result: ok. 3 passed; 0 failed; 0 ignored; 0 measured; 0 filtered out; finished in 0.00s

     Running unittests src/lib.rs (crates/target/debug/build/slicer-core/76f94cfe616fe32f/out/slicer_core-76f94cfe616fe32f)

running 2 tests
test tests::hatch_handles_hole_and_touching_rows ... ok
test tests::hatch_active_edge_table_matches_naive_oracle ... ok

test result: ok. 2 passed; 0 failed; 0 ignored; 0 measured; 0 filtered out; finished in 0.03s

     Running tests/toolpath.rs (crates/target/debug/build/slicer-core/a030183da60ca313/out/toolpath-a030183da60ca313)

running 15 tests
test schedule_rejects_invalid_range_and_mismatched_callback_height ... ok
test invalid_contours_are_rejected_before_offsetting ... ok
test settings_reject_underflow_overflow_and_unrepresentable_spacing ... ok
test schedule_samples_half_open_range_without_roundoff_extra_layer ... ok
test box_section_has_outline_and_hatch ... ok
test dense_hatch_is_rejected_with_a_bounded_error ... ok
test complete_hatch_segments_and_bead_radius_avoid_holes ... ok
test reversed_source_winding_preserves_material ... ok
test annulus_keeps_a_hole_out_of_hatch ... ok
test consumed_wall_offsets_do_not_reappear_as_phantom_islands ... ok
test schedule_counts_empty_samples_and_rejects_excess_before_calling_host ... ok
test thin_neck_splits_without_out_of_material_paths ... ok
test gcode_is_one_encoding_of_the_plan ... ok
test optimized_job_pipeline_emits_heat_and_package ... ok
test schedule_shares_one_geometry_work_budget_across_layers ... ok

test result: ok. 15 passed; 0 failed; 0 ignored; 0 measured; 0 filtered out; finished in 0.18s

     Running unittests src/lib.rs (crates/target/debug/build/subdivision-core/ecd9770c23198887/out/subdivision_core-ecd9770c23198887)

running 5 tests
test tests::invalid_inputs ... ok
test tests::brush_rejects_invalid_brush_and_invalid_cage ... ok
test tests::boundary_rule_and_identity ... ok
test tests::brush_edits_cage_vertices_locally_and_preserves_faces ... ok
test tests::sculpt_uses_cage_normals_and_keeps_faces ... ok

test result: ok. 5 passed; 0 failed; 0 ignored; 0 measured; 0 filtered out; finished in 0.00s

     Running unittests src/lib.rs (crates/target/debug/build/tensor-core/0cb4a2ecef31e15c/out/tensor_core-0cb4a2ecef31e15c)

running 19 tests
test conformance::low_index::tests::low_comparison_reference_distinguishes_ieee_and_total_order ... ok
test conformance::low_precision::tests::mathematical_low_reference_covers_format_boundaries ... ok
test conformance::low_scatter::tests::low_scatter_reference_keeps_payloads_and_zero_ties ... ok
test conformance::attention::tests::reference_respects_bias_exclusion_and_signed_causal_rows ... ok
test conformance::convolution::low::tests::witness_really_requires_f32_accumulation_and_final_rounding ... ok
test conformance::low_statistics::tests::tiny_low_norm_reference_requires_nonzero_normal_f32_outputs ... ok
test conformance::convolution::tests::reference_is_cross_correlation_with_signed_padding_and_groups ... ok
test convolution::tests::grouped_asymmetric_dilated_geometry ... ok
test conformance::low_attention::tests::subnormal_operand_reference_requires_a_normal_nonzero_attention_result ... ok
test convolution::tests::arithmetic_overflow_is_checked_including_empty_shapes ... ok
test conformance::low_ops::tests::tiny_bf16_multiplication_oracle_has_exact_normal_f32_products ... ok
test conformance::attention::tests::reference_matches_hand_computed_uniform_grouped_attention ... ok
test low_convolution::tests::dtype_mismatch_precedes_empty_and_invalid_geometry ... ok
test convolution::tests::zeros_have_geometry_even_without_a_contraction ... ok
test conformance::low_precision::matmul::tests::oracle_handles_vectors_broadcasts_and_permutations_without_planner ... ok
test convolution::tests::invalid_geometry_is_not_bypassed_by_empty_inputs ... ok
test conformance::low_precision::matmul::tests::tail_fixtures_distinguish_final_low_rounding_and_keep_f32_sums_exact ... ok
test conformance::low_ops::tests::mathematical_rounding_reference_handles_ties_and_overflow ... ok
test conformance::low_precision::matmul::accumulation::tests::bound_accepts_f32_orders_but_rejects_widened_low_results ... ok

test result: ok. 19 passed; 0 failed; 0 ignored; 0 measured; 0 filtered out; finished in 0.07s

     Running tests/attention.rs (crates/target/debug/build/tensor-core/54c4cf9ace9f1cc6/out/attention-54c4cf9ace9f1cc6)

running 3 tests
test matrix_attention_and_grouped_broadcast_geometry ... ok
test empty_sequence_value_depth_and_batch_keep_checked_shapes ... ok
test invalid_geometry_and_masks_fail_before_empty_execution ... ok

test result: ok. 3 passed; 0 failed; 0 ignored; 0 measured; 0 filtered out; finished in 0.00s

     Running tests/indexing.rs (crates/target/debug/build/tensor-core/53954974b3cc9c87/out/indexing-53954974b3cc9c87)

running 4 tests
test gather_inserts_index_axes_and_scalar_indices_remove_an_axis ... ok
test count_limits_are_checked_before_backend_allocation ... ok
test selection_checks_final_count_after_all_zero_axes_are_known ... ok
test selection_broadcasts_all_operands_but_compaction_preserves_input_capacity ... ok

test result: ok. 4 passed; 0 failed; 0 ignored; 0 measured; 0 filtered out; finished in 0.00s

     Running tests/layout.rs (crates/target/debug/build/tensor-core/09fa65d924979f93/out/layout-09fa65d924979f93)

running 7 tests
test scalars_empty_shapes_and_overflows_are_distinct ... ok
test empty_slices_of_strided_views_keep_valid_storage_bounds ... ok
test reduction_axes_are_unique_and_keep_dimensions_when_requested ... ok
test views_preserve_offsets_and_reject_out_of_bounds_storage ... ok
test broadcasting_handles_zero_axes_and_leading_rank_expansion ... ok
test batched_matrix_shapes_broadcast_without_broadcasting_contraction ... ok
test axis_permutations_and_broadcasts_match_coordinate_reference ... ok

test result: ok. 7 passed; 0 failed; 0 ignored; 0 measured; 0 filtered out; finished in 0.00s

     Running tests/low_attention.rs (crates/target/debug/build/tensor-core/14f3086de4cadd1e/out/low_attention-14f3086de4cadd1e)

running 2 tests
test low_attention_preserves_grouped_broadcast_geometry_and_mask_precision ... ok
test low_attention_checks_both_other_dtypes_before_empty_execution ... ok

test result: ok. 2 passed; 0 failed; 0 ignored; 0 measured; 0 filtered out; finished in 0.00s

     Running tests/low_ops.rs (crates/target/debug/build/tensor-core/3b2fd612271496c9/out/low_ops-3b2fd612271496c9)

running 2 tests
test low_binary_checks_dtype_and_broadcast_even_for_empty_outputs ... ok
test low_selection_checks_types_and_broadcasts_all_three_shapes_together ... ok

test result: ok. 2 passed; 0 failed; 0 ignored; 0 measured; 0 filtered out; finished in 0.00s

     Running tests/low_scatter.rs (crates/target/debug/build/tensor-core/6edcc81540834a55/out/low_scatter-6edcc81540834a55)

running 2 tests
test low_scatter_rejects_unrepresentable_index_counts_before_execution ... ok
test low_scatter_preserves_axis_expansion_and_checks_storage_even_when_empty ... ok

test result: ok. 2 passed; 0 failed; 0 ignored; 0 measured; 0 filtered out; finished in 0.00s

     Running tests/reduction.rs (crates/target/debug/build/tensor-core/dc514954b769a260/out/reduction-dc514954b769a260)

running 3 tests
test reduction_validation_rejects_axes_and_output_overflow ... ok
test reductions_validate_empty_contractions_without_inventing_values ... ok
test matmul_promotes_vectors_and_preserves_batch_axes ... ok

test result: ok. 3 passed; 0 failed; 0 ignored; 0 measured; 0 filtered out; finished in 0.00s

     Running tests/scatter.rs (crates/target/debug/build/tensor-core/76cbdd1dafdfa26f/out/scatter-76cbdd1dafdfa26f)

running 3 tests
test scatter_checks_count_and_expanded_update_overflow ... ok
test scatter_preserves_empty_shapes_and_rejects_expansion ... ok
test scatter_uses_gather_expansion_and_accepts_broadcast_updates ... ok

test result: ok. 3 passed; 0 failed; 0 ignored; 0 measured; 0 filtered out; finished in 0.00s

     Running tests/statistics.rs (crates/target/debug/build/tensor-core/2fe2c0cb690ff2fa/out/statistics-2fe2c0cb690ff2fa)

running 2 tests
test normalization_epsilon_accepts_every_finite_positive_scale ... ok
test distribution_and_statistics_shapes_distinguish_empty_groups ... ok

test result: ok. 2 passed; 0 failed; 0 ignored; 0 measured; 0 filtered out; finished in 0.00s

     Running unittests src/lib.rs (crates/target/debug/build/value-codec/34d15a03018d4a82/out/value_codec-34d15a03018d4a82)

running 3 tests
test tests::bounded_binary_reader ... ok
test tests::reject_invalid_documents ... ok
test tests::documents_and_binary_roundtrip ... ok

test result: ok. 3 passed; 0 failed; 0 ignored; 0 measured; 0 filtered out; finished in 0.00s

     Running tests/strict_json.rs (crates/target/debug/build/value-codec/4ec457901bad986c/out/strict_json-4ec457901bad986c)

running 1 test
test strict_json_rejects_nested_and_escaped_duplicate_keys_only_when_requested ... ok

test result: ok. 1 passed; 0 failed; 0 ignored; 0 measured; 0 filtered out; finished in 0.00s

     Running unittests src/lib.rs (crates/target/debug/build/vr-core/91496af5a034299b/out/vr_core-91496af5a034299b)

running 3 tests
test tests::rotated_anchor ... ok
test tests::scene_spacing_and_axis ... ok
test tests::rejects_invalid_inputs ... ok

test result: ok. 3 passed; 0 failed; 0 ignored; 0 measured; 0 filtered out; finished in 0.00s

     Running unittests src/lib.rs (crates/target/debug/build/wasm-brotli/8a04e5e81a1d2e95/out/wasm_brotli-8a04e5e81a1d2e95)

running 4 tests
test tests::refuses_lengths_before_allocating ... ok
test tests::base85_checks_words_lengths_and_padding ... ok
test tests::requires_complete_stream_and_exact_output ... ok
test tests::base85_full_words_and_every_tail_length_roundtrip ... ok

test result: ok. 4 passed; 0 failed; 0 ignored; 0 measured; 0 filtered out; finished in 0.01s

   Doc-tests brep_core

running 0 tests

test result: ok. 0 passed; 0 failed; 0 ignored; 0 measured; 0 filtered out; finished in 0.00s

   Doc-tests brep_topology

running 0 tests

test result: ok. 0 passed; 0 failed; 0 ignored; 0 measured; 0 filtered out; finished in 0.00s

   Doc-tests cad_predicates

running 0 tests

test result: ok. 0 passed; 0 failed; 0 ignored; 0 measured; 0 filtered out; finished in 0.00s

   Doc-tests compute_core

running 0 tests

test result: ok. 0 passed; 0 failed; 0 ignored; 0 measured; 0 filtered out; finished in 0.00s

   Doc-tests compute_cuda

running 7 tests
test compute-cuda/src/lib.rs - (line 118) - compile ... ok
test compute-cuda/src/lib.rs - (line 18) - compile ... ok
test compute-cuda/src/lib.rs - (line 148) - compile ... ok
test compute-cuda/src/lib.rs - (line 349) - compile ... ok
test compute-cuda/src/lib.rs - (line 451) - compile ... ok
test compute-cuda/src/lib.rs - (line 881) - compile ... ok
test compute-cuda/src/lib.rs - (line 235) - compile ... ok

test result: ok. 7 passed; 0 failed; 0 ignored; 0 measured; 0 filtered out; finished in 0.00s

all doctests ran in 0.75s; merged doctests compilation took 0.39s
   Doc-tests compute_mlx

running 0 tests

test result: ok. 0 passed; 0 failed; 0 ignored; 0 measured; 0 filtered out; finished in 0.00s

   Doc-tests gcode_core

running 0 tests

test result: ok. 0 passed; 0 failed; 0 ignored; 0 measured; 0 filtered out; finished in 0.00s

   Doc-tests gcode_optimize

running 0 tests

test result: ok. 0 passed; 0 failed; 0 ignored; 0 measured; 0 filtered out; finished in 0.00s

   Doc-tests geometry_bridge

running 0 tests

test result: ok. 0 passed; 0 failed; 0 ignored; 0 measured; 0 filtered out; finished in 0.00s

   Doc-tests geometry_ops

running 0 tests

test result: ok. 0 passed; 0 failed; 0 ignored; 0 measured; 0 filtered out; finished in 0.00s

   Doc-tests gpu_compute

running 0 tests

test result: ok. 0 passed; 0 failed; 0 ignored; 0 measured; 0 filtered out; finished in 0.00s

   Doc-tests languages_bridge

running 0 tests

test result: ok. 0 passed; 0 failed; 0 ignored; 0 measured; 0 filtered out; finished in 0.00s

   Doc-tests mechanical_core

running 0 tests

test result: ok. 0 passed; 0 failed; 0 ignored; 0 measured; 0 filtered out; finished in 0.00s

   Doc-tests mechanics_core

running 0 tests

test result: ok. 0 passed; 0 failed; 0 ignored; 0 measured; 0 filtered out; finished in 0.00s

   Doc-tests modelgraph_runtime

running 0 tests

test result: ok. 0 passed; 0 failed; 0 ignored; 0 measured; 0 filtered out; finished in 0.00s

   Doc-tests modelgraph_text

running 0 tests

test result: ok. 0 passed; 0 failed; 0 ignored; 0 measured; 0 filtered out; finished in 0.00s

   Doc-tests nurbs_core

running 1 test
test nurbs-core/src/lib.rs - (line 10) ... ok

test result: ok. 1 passed; 0 failed; 0 ignored; 0 measured; 0 filtered out; finished in 0.00s

all doctests ran in 0.52s; merged doctests compilation took 0.21s
   Doc-tests openscad_core

running 0 tests

test result: ok. 0 passed; 0 failed; 0 ignored; 0 measured; 0 filtered out; finished in 0.00s

   Doc-tests math_core

running 0 tests

test result: ok. 0 passed; 0 failed; 0 ignored; 0 measured; 0 filtered out; finished in 0.00s

   Doc-tests photogrammetry_core

running 0 tests

test result: ok. 0 passed; 0 failed; 0 ignored; 0 measured; 0 filtered out; finished in 0.00s

   Doc-tests photogrammetry_ffi

running 0 tests

test result: ok. 0 passed; 0 failed; 0 ignored; 0 measured; 0 filtered out; finished in 0.00s

   Doc-tests planar_geometry

running 0 tests

test result: ok. 0 passed; 0 failed; 0 ignored; 0 measured; 0 filtered out; finished in 0.00s

   Doc-tests polygon_core

running 0 tests

test result: ok. 0 passed; 0 failed; 0 ignored; 0 measured; 0 filtered out; finished in 0.00s

   Doc-tests printer_cli

running 0 tests

test result: ok. 0 passed; 0 failed; 0 ignored; 0 measured; 0 filtered out; finished in 0.00s

   Doc-tests printer_core

running 0 tests

test result: ok. 0 passed; 0 failed; 0 ignored; 0 measured; 0 filtered out; finished in 0.00s

   Doc-tests raster_core

running 0 tests

test result: ok. 0 passed; 0 failed; 0 ignored; 0 measured; 0 filtered out; finished in 0.00s

   Doc-tests sdf_core

running 0 tests

test result: ok. 0 passed; 0 failed; 0 ignored; 0 measured; 0 filtered out; finished in 0.00s

   Doc-tests sketch_core

running 0 tests

test result: ok. 0 passed; 0 failed; 0 ignored; 0 measured; 0 filtered out; finished in 0.00s

   Doc-tests slicer_core

running 0 tests

test result: ok. 0 passed; 0 failed; 0 ignored; 0 measured; 0 filtered out; finished in 0.00s

   Doc-tests subdivision_core

running 0 tests

test result: ok. 0 passed; 0 failed; 0 ignored; 0 measured; 0 filtered out; finished in 0.00s

   Doc-tests tensor_core

running 0 tests

test result: ok. 0 passed; 0 failed; 0 ignored; 0 measured; 0 filtered out; finished in 0.00s

   Doc-tests value_codec

running 0 tests

test result: ok. 0 passed; 0 failed; 0 ignored; 0 measured; 0 filtered out; finished in 0.00s

   Doc-tests vr_core

running 0 tests

test result: ok. 0 passed; 0 failed; 0 ignored; 0 measured; 0 filtered out; finished in 0.00s

   Doc-tests wasm_brotli

running 0 tests

test result: ok. 0 passed; 0 failed; 0 ignored; 0 measured; 0 filtered out; finished in 0.00s

